<?xml version="1.0" encoding="UTF-8"?><InteractionHistory Id="local-154" Version="1"><InteractionEvent Delta="null" EndDate="2014-10-13 12:28:59.801 JST" Interest="1.0" Kind="propagation" Navigation="null" OriginId="org.eclipse.mylyn.resources.ui.interest.updater" StartDate="2014-10-13 12:28:59.801 JST" StructureHandle="/TA2/bin/dexedLibs/commons-lang-2.6-986548f769e99989e5ff8b3dec32ef6a.jar" StructureKind="resource"/><InteractionEvent Delta="null" EndDate="2014-10-13 11:45:31.220 JST" Interest="9.0" Kind="edit" Navigation="null" OriginId="org.eclipse.jdt.ui.CompilationUnitEditor" StartDate="2014-10-13 11:44:49.473 JST" StructureHandle="=TA2/src&amp;lt;ta2.listeners.dialog{DOI_CL.java[DOI_CL~case_ACTV_MAIN_ADMIN_LV_OPS~QListItem;" StructureKind="java" NumEvents="9" CreationCount="85"/><InteractionEvent Delta="null" EndDate="2014-10-13 11:50:27.791 JST" Interest="4.0" Kind="selection" Navigation="null" OriginId="org.eclipse.jdt.ui.CompilationUnitEditor" StartDate="2014-10-13 11:44:47.240 JST" StructureHandle="=TA2/src&amp;lt;ta2.listeners.dialog{DOI_CL.java[DOI_CL~case_ACTV_MAIN_ADMIN_LV_OPS~QListItem;" StructureKind="java" NumEvents="4" CreationCount="85"/><InteractionEvent Delta="null" EndDate="2014-10-13 11:59:32.258 JST" Interest="59.0" Kind="propagation" Navigation="null" OriginId="org.eclipse.jdt.ui.CompilationUnitEditor" StartDate="2014-10-13 11:46:39.410 JST" StructureHandle="/TA2/src/ta2/utils/CONS.java" StructureKind="resource" NumEvents="59" CreationCount="137"/><InteractionEvent Delta="null" EndDate="2014-10-13 12:16:19.245 JST" Interest="1.0" Kind="edit" Navigation="null" OriginId="org.eclipse.jdt.ui.CompilationUnitEditor" StartDate="2014-10-13 12:16:19.245 JST" StructureHandle="=TA2/src&amp;lt;ta2.listeners.dialog{DB_OCL.java" StructureKind="java"/><InteractionEvent Delta="null" EndDate="2014-10-13 12:26:55.91 JST" Interest="140.997" Kind="propagation" Navigation="org.eclipse.mylyn.core.model.edges.containment" OriginId="org.eclipse.mylyn.core.model.interest.propagation" StartDate="2014-10-13 11:50:41.983 JST" StructureHandle="=TA2/src&amp;lt;ta2.listeners.dialog{DB_OCL.java" StructureKind="java" NumEvents="209" CreationCount="196"/><InteractionEvent Delta="null" EndDate="2014-10-13 12:28:37.491 JST" Interest="8.0" Kind="selection" Navigation="null" OriginId="org.eclipse.jdt.ui.CompilationUnitEditor" StartDate="2014-10-13 11:50:40.363 JST" StructureHandle="=TA2/src&amp;lt;ta2.listeners.dialog{DB_OCL.java" StructureKind="java" NumEvents="8" CreationCount="196"/><InteractionEvent Delta="null" EndDate="2014-10-13 12:21:50.573 JST" Interest="1.7170001" Kind="propagation" Navigation="org.eclipse.mylyn.core.model.edges.containment" OriginId="org.eclipse.mylyn.core.model.interest.propagation" StartDate="2014-10-13 12:21:50.54 JST" StructureHandle="=TA2/gen&amp;lt;ta2.main" StructureKind="java" NumEvents="3" CreationCount="800"/><InteractionEvent Delta="null" EndDate="2014-10-13 12:21:48.726 JST" Interest="1.0" Kind="selection" Navigation="null" OriginId="org.eclipse.jdt.ui.PackageExplorer" StartDate="2014-10-13 12:21:48.726 JST" StructureHandle="=TA2/gen&amp;lt;ta2.main" StructureKind="java"/><InteractionEvent Delta="null" EndDate="2014-10-13 11:46:12.352 JST" Interest="37.217" Kind="propagation" Navigation="org.eclipse.mylyn.core.model.edges.containment" OriginId="org.eclipse.mylyn.core.model.interest.propagation" StartDate="2014-10-13 11:40:47.789 JST" StructureHandle="/TA2/res/values" StructureKind="resource" NumEvents="52" CreationCount="5"/><InteractionEvent Delta="null" EndDate="2014-10-13 11:40:46.489 JST" Interest="1.0" Kind="selection" Navigation="null" OriginId="org.eclipse.jdt.ui.PackageExplorer" StartDate="2014-10-13 11:40:46.489 JST" StructureHandle="/TA2/res/values" StructureKind="resource"/><InteractionEvent Delta="null" EndDate="2014-10-13 12:32:16.565 JST" Interest="14.0" Kind="propagation" Navigation="null" OriginId="org.eclipse.ui.views.ContentOutline" StartDate="2014-10-13 12:30:48.768 JST" StructureHandle="/TA2/src/ta2/utils/DBUtils.java" StructureKind="resource" NumEvents="14" CreationCount="832"/><InteractionEvent Delta="null" EndDate="2014-10-13 12:34:53.150 JST" Interest="167.017" Kind="propagation" Navigation="null" OriginId="org.eclipse.jdt.ui.CompilationUnitEditor" StartDate="2014-10-13 11:42:19.472 JST" StructureHandle="/TA2/src/ta2/utils" StructureKind="resource" NumEvents="168" CreationCount="41"/><InteractionEvent Delta="null" EndDate="2014-10-13 12:21:28.346 JST" Interest="10.3220005" Kind="manipulation" Navigation="null" OriginId="org.eclipse.mylyn.core.model.interest.decay.correction" StartDate="2014-10-13 12:21:28.346 JST" StructureHandle="=TA2/src&amp;lt;ta2.utils{Tags.java[Tags[DialogTags^DLG_CONF_DROP_CREATE_TABLE_FILTER_HISTORY_OK" StructureKind="java"/><InteractionEvent Delta="null" EndDate="2014-10-13 12:21:40.382 JST" Interest="4.0" Kind="selection" Navigation="null" OriginId="org.eclipse.jdt.ui.CompilationUnitEditor" StartDate="2014-10-13 11:46:04.753 JST" StructureHandle="=TA2/src&amp;lt;ta2.utils{Tags.java[Tags[DialogTags^DLG_CONF_DROP_CREATE_TABLE_FILTER_HISTORY_OK" StructureKind="java" NumEvents="4" CreationCount="121"/><InteractionEvent Delta="null" EndDate="2014-10-13 12:32:21.536 JST" Interest="3.0" Kind="selection" Navigation="null" OriginId="org.eclipse.jdt.ui.CompilationUnitEditor" StartDate="2014-10-13 12:32:17.466 JST" StructureHandle="=TA2/src&amp;lt;ta2.utils{Methods_dlg.java[Methods_dlg~dlg_ACTV_MAIN_Admin~QActivity;" StructureKind="java" NumEvents="3" CreationCount="850"/><InteractionEvent Delta="null" EndDate="2014-10-13 12:30:48.378 JST" Interest="610.394" Kind="propagation" Navigation="org.eclipse.mylyn.core.model.edges.containment" OriginId="org.eclipse.mylyn.core.model.interest.propagation" StartDate="2014-10-13 11:40:16.914 JST" StructureHandle="/TA2/src/ta2" StructureKind="resource" NumEvents="615" CreationCount="2"/><InteractionEvent Delta="null" EndDate="2014-10-13 12:20:40.64 JST" Interest="169.0" Kind="edit" Navigation="null" OriginId="org.eclipse.jdt.ui.CompilationUnitEditor" StartDate="2014-10-13 11:51:50.413 JST" StructureHandle="=TA2/src&amp;lt;ta2.listeners.dialog{DB_OCL.java[DB_OCL~case_DLG_CONF_DROP_CREATE_TABLE_FILTER_HISTORY_OK" StructureKind="java" NumEvents="169" CreationCount="237"/><InteractionEvent Delta="null" EndDate="2014-10-13 12:26:52.316 JST" Interest="28.0" Kind="selection" Navigation="null" OriginId="org.eclipse.jdt.ui.CompilationUnitEditor" StartDate="2014-10-13 11:51:49.430 JST" StructureHandle="=TA2/src&amp;lt;ta2.listeners.dialog{DB_OCL.java[DB_OCL~case_DLG_CONF_DROP_CREATE_TABLE_FILTER_HISTORY_OK" StructureKind="java" NumEvents="28" CreationCount="237"/><InteractionEvent Delta="null" EndDate="2014-10-13 11:50:41.981 JST" Interest="1.0" Kind="selection" Navigation="null" OriginId="org.eclipse.jdt.ui.CompilationUnitEditor" StartDate="2014-10-13 11:50:41.981 JST" StructureHandle="=TA2/src&amp;lt;ta2.listeners.dialog{DB_OCL.java[DB_OCL^d3" StructureKind="java"/><InteractionEvent Delta="null" EndDate="2014-10-13 12:28:36.965 JST" Interest="10.0" Kind="edit" Navigation="null" OriginId="com.android.ide.eclipse.editors.manifest.ManifestEditor" StartDate="2014-10-13 12:28:00.859 JST" StructureHandle="/TA2/AndroidManifest.xml" StructureKind="resource" NumEvents="10" CreationCount="815"/><InteractionEvent Delta="null" EndDate="2014-10-13 12:28:07.261 JST" Interest="3.0" Kind="selection" Navigation="null" OriginId="org.eclipse.jdt.ui.PackageExplorer" StartDate="2014-10-13 12:28:00.282 JST" StructureHandle="/TA2/AndroidManifest.xml" StructureKind="resource" NumEvents="3" CreationCount="815"/><InteractionEvent Delta="null" EndDate="2014-10-13 12:28:59.801 JST" Interest="1.0" Kind="propagation" Navigation="null" OriginId="org.eclipse.mylyn.resources.ui.interest.updater" StartDate="2014-10-13 12:28:59.801 JST" StructureHandle="/TA2/bin/dexedLibs/annotations-d288b20aa2286e3172641d3161bdbc70.jar" StructureKind="resource"/><InteractionEvent Delta="null" EndDate="2014-10-13 12:21:36.936 JST" Interest="1.0" Kind="edit" Navigation="null" OriginId="org.eclipse.jdt.ui.CompilationUnitEditor" StartDate="2014-10-13 12:21:36.936 JST" StructureHandle="=TA2/src&amp;lt;ta2.utils{Tags.java[Tags[DialogTags^DLG_EDIT_MEMOS_BT_OK" StructureKind="java"/><InteractionEvent Delta="null" EndDate="2014-10-13 12:21:34.643 JST" Interest="3.0" Kind="selection" Navigation="null" OriginId="org.eclipse.jdt.ui.CompilationUnitEditor" StartDate="2014-10-13 12:21:10.677 JST" StructureHandle="=TA2/src&amp;lt;ta2.utils{Tags.java[Tags[DialogTags^DLG_EDIT_MEMOS_BT_OK" StructureKind="java" NumEvents="3" CreationCount="784"/><InteractionEvent Delta="null" EndDate="2014-10-13 11:47:53.188 JST" Interest="1.0" Kind="selection" Navigation="null" OriginId="org.eclipse.jdt.ui.CompilationUnitEditor" StartDate="2014-10-13 11:47:53.188 JST" StructureHandle="=TA2/src&amp;lt;ta2.utils{CONS.java[CONS[DB^col_types_Admin!2" StructureKind="java"/><InteractionEvent Delta="null" EndDate="2014-10-13 11:50:39.890 JST" Interest="18.0" Kind="propagation" Navigation="null" OriginId="org.eclipse.jdt.ui.PackageExplorer" StartDate="2014-10-13 11:44:44.651 JST" StructureHandle="/TA2/src/ta2/listeners/dialog/DOI_CL.java" StructureKind="resource" NumEvents="18" CreationCount="84"/><InteractionEvent Delta="null" EndDate="2014-10-13 12:21:40.384 JST" Interest="2.7680006" Kind="propagation" Navigation="org.eclipse.mylyn.core.model.edges.containment" OriginId="org.eclipse.mylyn.core.model.interest.propagation" StartDate="2014-10-13 11:46:04.755 JST" StructureHandle="=TA2/src&amp;lt;ta2.utils{Tags.java" StructureKind="java" NumEvents="8" CreationCount="120"/><InteractionEvent Delta="null" EndDate="2014-10-13 12:21:05.895 JST" Interest="10.22" Kind="manipulation" Navigation="null" OriginId="org.eclipse.mylyn.core.model.interest.decay.correction" StartDate="2014-10-13 12:21:05.895 JST" StructureHandle="=TA2/src&amp;lt;ta2.utils{Tags.java" StructureKind="java"/><InteractionEvent Delta="null" EndDate="2014-10-13 12:21:06.334 JST" Interest="3.0" Kind="selection" Navigation="null" OriginId="org.eclipse.jdt.ui.CompilationUnitEditor" StartDate="2014-10-13 11:46:03.556 JST" StructureHandle="=TA2/src&amp;lt;ta2.utils{Tags.java" StructureKind="java" NumEvents="3" CreationCount="120"/><InteractionEvent Delta="null" EndDate="2014-10-13 12:28:37.593 JST" Interest="139.0" Kind="edit" Navigation="null" OriginId="org.eclipse.jdt.ui.CompilationUnitEditor" StartDate="2014-10-13 12:12:28.208 JST" StructureHandle="=TA2/src&amp;lt;ta2.listeners.dialog{DB_OCL.java[DB_OCL~case_DLG_EDIT_MEMOS_ACTV_IMAGE_FROM_SHOWLIST_BT_OK" StructureKind="java" NumEvents="139" CreationCount="502"/><InteractionEvent Delta="null" EndDate="2014-10-13 12:26:57.630 JST" Interest="11.0" Kind="selection" Navigation="null" OriginId="org.eclipse.jdt.ui.CompilationUnitEditor" StartDate="2014-10-13 12:12:28.204 JST" StructureHandle="=TA2/src&amp;lt;ta2.listeners.dialog{DB_OCL.java[DB_OCL~case_DLG_EDIT_MEMOS_ACTV_IMAGE_FROM_SHOWLIST_BT_OK" StructureKind="java" NumEvents="11" CreationCount="502"/><InteractionEvent Delta="null" EndDate="2014-10-13 12:28:33.448 JST" Interest="1.0" Kind="propagation" Navigation="null" OriginId="org.eclipse.mylyn.resources.ui.interest.updater" StartDate="2014-10-13 12:28:33.448 JST" StructureHandle="/TA2/gen/ta2/main/BuildConfig.java" StructureKind="resource"/><InteractionEvent Delta="null" EndDate="2014-10-13 11:40:16.914 JST" Interest="1.0" Kind="selection" Navigation="null" OriginId="org.eclipse.jdt.ui.PackageExplorer" StartDate="2014-10-13 11:40:16.914 JST" StructureHandle="=TA2/src&amp;lt;ta2.main" StructureKind="java"/><InteractionEvent Delta="null" EndDate="2014-10-13 11:47:50.896 JST" Interest="4.0" Kind="edit" Navigation="null" OriginId="org.eclipse.jdt.ui.CompilationUnitEditor" StartDate="2014-10-13 11:47:33.871 JST" StructureHandle="=TA2/src&amp;lt;ta2.utils{CONS.java[CONS[DB^tname_Admin!2" StructureKind="java" NumEvents="4" CreationCount="154"/><InteractionEvent Delta="null" EndDate="2014-10-13 11:47:45.181 JST" Interest="2.0" Kind="selection" Navigation="null" OriginId="org.eclipse.jdt.ui.CompilationUnitEditor" StartDate="2014-10-13 11:47:29.714 JST" StructureHandle="=TA2/src&amp;lt;ta2.utils{CONS.java[CONS[DB^tname_Admin!2" StructureKind="java" NumEvents="2" CreationCount="154"/><InteractionEvent Delta="null" EndDate="2014-10-13 12:30:48.379 JST" Interest="610.748" Kind="propagation" Navigation="org.eclipse.mylyn.core.model.edges.containment" OriginId="org.eclipse.mylyn.core.model.interest.propagation" StartDate="2014-10-13 11:42:15.907 JST" StructureHandle="/TA2/src/ta2/listeners" StructureKind="resource" NumEvents="611" CreationCount="40"/><InteractionEvent Delta="null" EndDate="2014-10-13 12:28:31.63 JST" Interest="1.0" Kind="propagation" Navigation="null" OriginId="org.eclipse.mylyn.resources.ui.interest.updater" StartDate="2014-10-13 12:28:31.63 JST" StructureHandle="/TA2/bin/res" StructureKind="resource"/><InteractionEvent Delta="null" EndDate="2014-10-13 12:21:26.954 JST" Interest="1.0" Kind="selection" Navigation="null" OriginId="org.eclipse.jdt.ui.CompilationUnitEditor" StartDate="2014-10-13 12:21:26.954 JST" StructureHandle="=TA2/src&amp;lt;ta2.utils{Tags.java[Tags[DialogTags^DLG_EDIT_MEMOS_ACTV_IMAGE_FROM_SHOWLIST_BT_OK" StructureKind="java"/><InteractionEvent Delta="null" EndDate="2014-10-13 12:28:31.64 JST" Interest="1.0" Kind="propagation" Navigation="null" OriginId="org.eclipse.mylyn.resources.ui.interest.updater" StartDate="2014-10-13 12:28:31.64 JST" StructureHandle="/TA2/bin/AndroidManifest.xml" StructureKind="resource"/><InteractionEvent Delta="null" EndDate="2014-10-13 11:41:02.809 JST" Interest="1.0" Kind="prediction" Navigation="null" OriginId="org.eclipse.mylyn.resources.ui.interest.updater" StartDate="2014-10-13 11:41:02.809 JST" StructureHandle="/TA2/bin/AndroidManifest.xml" StructureKind="resource"/><InteractionEvent Delta="null" EndDate="2014-10-13 11:47:56.456 JST" Interest="1.0" Kind="selection" Navigation="null" OriginId="org.eclipse.jdt.ui.CompilationUnitEditor" StartDate="2014-10-13 11:47:56.456 JST" StructureHandle="=TA2/src&amp;lt;ta2.utils{CONS.java[CONS[DB^col_types_FilterHistory" StructureKind="java"/><InteractionEvent Delta="null" EndDate="2014-10-13 12:21:40.383 JST" Interest="16.0" Kind="propagation" Navigation="null" OriginId="org.eclipse.jdt.ui.CompilationUnitEditor" StartDate="2014-10-13 11:46:03.557 JST" StructureHandle="/TA2/src/ta2/utils/Tags.java" StructureKind="resource" NumEvents="16" CreationCount="120"/><InteractionEvent Delta="null" EndDate="2014-10-13 12:21:05.895 JST" Interest="9.254001" Kind="manipulation" Navigation="null" OriginId="org.eclipse.mylyn.core.model.interest.decay.correction" StartDate="2014-10-13 12:21:05.895 JST" StructureHandle="/TA2/src/ta2/utils/Tags.java" StructureKind="resource"/><InteractionEvent Delta="null" EndDate="2014-10-13 12:21:39.59 JST" Interest="15.971001" Kind="propagation" Navigation="org.eclipse.mylyn.core.model.edges.containment" OriginId="org.eclipse.mylyn.core.model.interest.propagation" StartDate="2014-10-13 11:46:04.754 JST" StructureHandle="=TA2/src&amp;lt;ta2.utils{Tags.java[Tags" StructureKind="java" NumEvents="10" CreationCount="121"/><InteractionEvent Delta="null" EndDate="2014-10-13 12:32:34.892 JST" Interest="3.0" Kind="prediction" Navigation="null" OriginId="org.eclipse.mylyn.resources.ui.interest.updater" StartDate="2014-10-13 11:57:13.668 JST" StructureHandle="/TA2/bin/TA2.apk" StructureKind="resource" NumEvents="3" CreationCount="292"/><InteractionEvent Delta="null" EndDate="2014-10-13 12:30:48.379 JST" Interest="610.748" Kind="propagation" Navigation="null" OriginId="org.eclipse.jdt.ui.CompilationUnitEditor" StartDate="2014-10-13 11:42:15.907 JST" StructureHandle="/TA2/src/ta2/listeners/dialog" StructureKind="resource" NumEvents="611" CreationCount="40"/><InteractionEvent Delta="null" EndDate="2014-10-13 12:34:53.150 JST" Interest="30.388" Kind="propagation" Navigation="org.eclipse.mylyn.core.model.edges.containment" OriginId="org.eclipse.mylyn.core.model.interest.propagation" StartDate="2014-10-13 11:42:24.992 JST" StructureHandle="=TA2/src&amp;lt;ta2.utils" StructureKind="java" NumEvents="44" CreationCount="41"/><InteractionEvent Delta="null" EndDate="2014-10-13 11:42:19.472 JST" Interest="1.0" Kind="selection" Navigation="null" OriginId="org.eclipse.jdt.ui.PackageExplorer" StartDate="2014-10-13 11:42:19.472 JST" StructureHandle="=TA2/src&amp;lt;ta2.utils" StructureKind="java"/><InteractionEvent Delta="null" EndDate="2014-10-13 12:28:59.801 JST" Interest="1.0" Kind="propagation" Navigation="org.eclipse.mylyn.core.model.edges.containment" OriginId="org.eclipse.mylyn.core.model.interest.propagation" StartDate="2014-10-13 12:28:59.801 JST" StructureHandle="/TA2/bin/dexedLibs" StructureKind="resource"/><InteractionEvent Delta="null" EndDate="2014-10-13 12:32:16.565 JST" Interest="8.716999" Kind="propagation" Navigation="org.eclipse.mylyn.core.model.edges.containment" OriginId="org.eclipse.mylyn.core.model.interest.propagation" StartDate="2014-10-13 12:30:49.683 JST" StructureHandle="=TA2/src&amp;lt;ta2.utils{DBUtils.java" StructureKind="java" NumEvents="13" CreationCount="832"/><InteractionEvent Delta="null" EndDate="2014-10-13 12:30:48.767 JST" Interest="1.0" Kind="selection" Navigation="null" OriginId="org.eclipse.jdt.ui.CompilationUnitEditor" StartDate="2014-10-13 12:30:48.767 JST" StructureHandle="=TA2/src&amp;lt;ta2.utils{DBUtils.java" StructureKind="java"/><InteractionEvent Delta="null" EndDate="2014-10-13 12:21:36.937 JST" Interest="14.971001" Kind="propagation" Navigation="org.eclipse.mylyn.core.model.edges.containment" OriginId="org.eclipse.mylyn.core.model.interest.propagation" StartDate="2014-10-13 11:46:04.754 JST" StructureHandle="=TA2/src&amp;lt;ta2.utils{Tags.java[Tags[DialogTags" StructureKind="java" NumEvents="9" CreationCount="121"/><InteractionEvent Delta="null" EndDate="2014-10-13 12:21:39.59 JST" Interest="1.0" Kind="selection" Navigation="null" OriginId="org.eclipse.jdt.ui.CompilationUnitEditor" StartDate="2014-10-13 12:21:39.59 JST" StructureHandle="=TA2/src&amp;lt;ta2.utils{Tags.java[Tags[DialogTags" StructureKind="java"/><InteractionEvent Delta="null" EndDate="2014-10-13 12:34:53.149 JST" Interest="30.354" Kind="propagation" Navigation="org.eclipse.mylyn.core.model.edges.containment" OriginId="org.eclipse.mylyn.core.model.interest.propagation" StartDate="2014-10-13 11:43:09.347 JST" StructureHandle="=TA2/src&amp;lt;ta2.utils{Methods_dlg.java[Methods_dlg" StructureKind="java" NumEvents="41" CreationCount="43"/><InteractionEvent Delta="null" EndDate="2014-10-13 11:45:26.591 JST" Interest="1.0" Kind="selection" Navigation="null" OriginId="org.eclipse.jdt.ui.CompilationUnitEditor" StartDate="2014-10-13 11:45:26.591 JST" StructureHandle="=TA2/src&amp;lt;ta2.utils{Methods_dlg.java[Methods_dlg" StructureKind="java"/><InteractionEvent Delta="null" EndDate="2014-10-13 11:46:12.352 JST" Interest="46.0" Kind="edit" Navigation="null" OriginId="com.android.ide.eclipse.editors.CommonXmlEditor" StartDate="2014-10-13 11:41:05.372 JST" StructureHandle="/TA2/res/values/strings.xml" StructureKind="resource" NumEvents="46" CreationCount="6"/><InteractionEvent Delta="null" EndDate="2014-10-13 11:46:12.57 JST" Interest="6.0" Kind="selection" Navigation="null" OriginId="com.android.ide.eclipse.editors.CommonXmlEditor" StartDate="2014-10-13 11:40:47.788 JST" StructureHandle="/TA2/res/values/strings.xml" StructureKind="resource" NumEvents="6" CreationCount="6"/><InteractionEvent Delta="null" EndDate="2014-10-13 11:50:08.320 JST" Interest="2.0" Kind="edit" Navigation="null" OriginId="org.eclipse.jdt.ui.CompilationUnitEditor" StartDate="2014-10-13 11:50:03.840 JST" StructureHandle="=TA2/src&amp;lt;ta2.utils{CONS.java[CONS[DB^col_names_FilterHistory_full" StructureKind="java" NumEvents="2" CreationCount="163"/><InteractionEvent Delta="null" EndDate="2014-10-13 11:50:23.224 JST" Interest="5.0" Kind="selection" Navigation="null" OriginId="org.eclipse.jdt.ui.CompilationUnitEditor" StartDate="2014-10-13 11:47:52.227 JST" StructureHandle="=TA2/src&amp;lt;ta2.utils{CONS.java[CONS[DB^col_names_FilterHistory_full" StructureKind="java" NumEvents="5" CreationCount="163"/><InteractionEvent Delta="null" EndDate="2014-10-13 12:28:33.447 JST" Interest="1.0" Kind="propagation" Navigation="null" OriginId="org.eclipse.mylyn.resources.ui.interest.updater" StartDate="2014-10-13 12:28:33.447 JST" StructureHandle="=TA2/gen&amp;lt;ta2.main{BuildConfig.java" StructureKind="java"/><InteractionEvent Delta="null" EndDate="2014-10-13 12:34:53.150 JST" Interest="77.0" Kind="propagation" Navigation="null" OriginId="org.eclipse.jdt.ui.CompilationUnitEditor" StartDate="2014-10-13 11:42:24.986 JST" StructureHandle="/TA2/src/ta2/utils/Methods_dlg.java" StructureKind="resource" NumEvents="77" CreationCount="42"/><InteractionEvent Delta="null" EndDate="2014-10-13 11:59:32.257 JST" Interest="1.0" Kind="edit" Navigation="null" OriginId="org.eclipse.jdt.ui.CompilationUnitEditor" StartDate="2014-10-13 11:59:32.257 JST" StructureHandle="=TA2/src&amp;lt;ta2.utils{CONS.java[CONS[DB^jointString_TableName" StructureKind="java"/><InteractionEvent Delta="null" EndDate="2014-10-13 11:56:30.887 JST" Interest="0.64900005" Kind="manipulation" Navigation="null" OriginId="org.eclipse.mylyn.core.model.interest.decay.correction" StartDate="2014-10-13 11:56:30.887 JST" StructureHandle="=TA2/src&amp;lt;ta2.utils{CONS.java[CONS[DB^jointString_TableName" StructureKind="java"/><InteractionEvent Delta="null" EndDate="2014-10-13 11:59:32.182 JST" Interest="3.0" Kind="selection" Navigation="null" OriginId="org.eclipse.jdt.ui.CompilationUnitEditor" StartDate="2014-10-13 11:50:14.287 JST" StructureHandle="=TA2/src&amp;lt;ta2.utils{CONS.java[CONS[DB^jointString_TableName" StructureKind="java" NumEvents="3" CreationCount="185"/><InteractionEvent Delta="null" EndDate="2014-10-13 12:28:33.448 JST" Interest="1.0" Kind="propagation" Navigation="null" OriginId="org.eclipse.mylyn.resources.ui.interest.updater" StartDate="2014-10-13 12:28:33.448 JST" StructureHandle="=TA2/gen&amp;lt;ta2.main{R.java" StructureKind="java"/><InteractionEvent Delta="null" EndDate="2014-10-13 12:21:46.732 JST" Interest="1.0" Kind="selection" Navigation="null" OriginId="org.eclipse.jdt.ui.PackageExplorer" StartDate="2014-10-13 12:21:46.732 JST" StructureHandle="=TA2/src&amp;lt;ta2.utils{Recorder.java" StructureKind="java"/><InteractionEvent Delta="null" EndDate="2014-10-13 12:34:53.151 JST" Interest="783.01697" Kind="propagation" Navigation="org.eclipse.mylyn.core.model.edges.containment" OriginId="org.eclipse.mylyn.core.model.interest.propagation" StartDate="2014-10-13 11:40:12.639 JST" StructureHandle="/" StructureKind="resource" NumEvents="802" CreationCount="1"/><InteractionEvent Delta="null" EndDate="2014-10-13 12:28:59.801 JST" Interest="1.0" Kind="propagation" Navigation="null" OriginId="org.eclipse.mylyn.resources.ui.interest.updater" StartDate="2014-10-13 12:28:59.801 JST" StructureHandle="/TA2/bin/dexedLibs/twitter4j-core-android-2.2.6-796701d8192f6e7dc926b1fe5727c893.jar" StructureKind="resource"/><InteractionEvent Delta="null" EndDate="2014-10-13 12:28:59.801 JST" Interest="1.0" Kind="propagation" Navigation="null" OriginId="org.eclipse.mylyn.resources.ui.interest.updater" StartDate="2014-10-13 12:28:59.801 JST" StructureHandle="/TA2/bin/dexedLibs/commons-net-3.3-8fd943db0e7f4cec18e60738e70ce092.jar" StructureKind="resource"/><InteractionEvent Delta="null" EndDate="2014-10-13 12:28:59.801 JST" Interest="1.0" Kind="propagation" Navigation="null" OriginId="org.eclipse.mylyn.resources.ui.interest.updater" StartDate="2014-10-13 12:28:59.801 JST" StructureHandle="/TA2/bin/dexedLibs/android-support-v4-2c6d411d00e9f139482cae35f246af4c.jar" StructureKind="resource"/><InteractionEvent Delta="null" EndDate="2014-10-13 11:43:15.562 JST" Interest="1.0" Kind="edit" Navigation="null" OriginId="org.eclipse.jdt.ui.CompilationUnitEditor" StartDate="2014-10-13 11:43:15.562 JST" StructureHandle="=TA2/src&amp;lt;ta2.utils{Methods_dlg.java[Methods_dlg~dlg_Template_Cancel~QActivity;~I~I~I~QTags.DialogTags;" StructureKind="java"/><InteractionEvent Delta="null" EndDate="2014-10-13 11:43:09.346 JST" Interest="1.0" Kind="selection" Navigation="null" OriginId="org.eclipse.jdt.ui.CompilationUnitEditor" StartDate="2014-10-13 11:43:09.346 JST" StructureHandle="=TA2/src&amp;lt;ta2.utils{Methods_dlg.java[Methods_dlg~dlg_Template_Cancel~QActivity;~I~I~I~QTags.DialogTags;" StructureKind="java"/><InteractionEvent Delta="null" EndDate="2014-10-13 12:28:59.802 JST" Interest="13.957001" Kind="propagation" Navigation="org.eclipse.mylyn.core.model.edges.containment" OriginId="org.eclipse.mylyn.core.model.interest.propagation" StartDate="2014-10-13 11:41:02.810 JST" StructureHandle="/TA2/bin" StructureKind="resource" NumEvents="4" CreationCount="9"/><InteractionEvent Delta="null" EndDate="2014-10-13 11:40:51.340 JST" Interest="1.0" Kind="selection" Navigation="null" OriginId="org.eclipse.jdt.ui.PackageExplorer" StartDate="2014-10-13 11:40:51.340 JST" StructureHandle="/TA2/bin" StructureKind="resource"/><InteractionEvent Delta="null" EndDate="2014-10-13 12:34:53.150 JST" Interest="20.371" Kind="propagation" Navigation="org.eclipse.mylyn.core.model.edges.containment" OriginId="org.eclipse.mylyn.core.model.interest.propagation" StartDate="2014-10-13 11:43:09.348 JST" StructureHandle="=TA2/src&amp;lt;ta2.utils{Methods_dlg.java" StructureKind="java" NumEvents="31" CreationCount="42"/><InteractionEvent Delta="null" EndDate="2014-10-13 12:32:15.2 JST" Interest="11.0" Kind="selection" Navigation="null" OriginId="org.eclipse.jdt.ui.CompilationUnitEditor" StartDate="2014-10-13 11:42:24.986 JST" StructureHandle="=TA2/src&amp;lt;ta2.utils{Methods_dlg.java" StructureKind="java" NumEvents="11" CreationCount="42"/><InteractionEvent Delta="null" EndDate="2014-10-13 12:21:50.573 JST" Interest="1.7340002" Kind="propagation" Navigation="org.eclipse.mylyn.core.model.edges.containment" OriginId="org.eclipse.mylyn.core.model.interest.propagation" StartDate="2014-10-13 12:21:48.726 JST" StructureHandle="=TA2/gen" StructureKind="java" NumEvents="4" CreationCount="799"/><InteractionEvent Delta="null" EndDate="2014-10-13 12:21:47.849 JST" Interest="1.0" Kind="selection" Navigation="null" OriginId="org.eclipse.jdt.ui.PackageExplorer" StartDate="2014-10-13 12:21:47.849 JST" StructureHandle="=TA2/gen" StructureKind="java"/><InteractionEvent Delta="null" EndDate="2014-10-13 11:40:16.914 JST" Interest="1.0" Kind="propagation" Navigation="null" OriginId="org.eclipse.jdt.ui.PackageExplorer" StartDate="2014-10-13 11:40:16.914 JST" StructureHandle="/TA2/src/ta2/main" StructureKind="resource"/><InteractionEvent Delta="null" EndDate="2014-10-13 12:26:07.550 JST" Interest="1.0" Kind="propagation" Navigation="org.eclipse.mylyn.core.model.edges.containment" OriginId="org.eclipse.mylyn.core.model.interest.propagation" StartDate="2014-10-13 12:26:07.550 JST" StructureHandle="=TA2/gen&amp;lt;ta2.main{R.java[R[color" StructureKind="java"/><InteractionEvent Delta="null" EndDate="2014-10-13 12:32:16.564 JST" Interest="9.7" Kind="propagation" Navigation="org.eclipse.mylyn.core.model.edges.containment" OriginId="org.eclipse.mylyn.core.model.interest.propagation" StartDate="2014-10-13 12:30:49.682 JST" StructureHandle="=TA2/src&amp;lt;ta2.utils{DBUtils.java[DBUtils" StructureKind="java" NumEvents="13" CreationCount="833"/><InteractionEvent Delta="null" EndDate="2014-10-13 11:45:23.173 JST" Interest="1.0" Kind="edit" Navigation="null" OriginId="org.eclipse.jdt.ui.CompilationUnitEditor" StartDate="2014-10-13 11:45:23.173 JST" StructureHandle="=TA2/src&amp;lt;ta2.utils{Methods_dlg.java[Methods_dlg~conf_DropCreate_Table_Admin~QActivity;~QDialog;~QDialog;" StructureKind="java"/><InteractionEvent Delta="null" EndDate="2014-10-13 11:45:19.788 JST" Interest="1.0" Kind="selection" Navigation="null" OriginId="org.eclipse.jdt.ui.CompilationUnitEditor" StartDate="2014-10-13 11:45:19.788 JST" StructureHandle="=TA2/src&amp;lt;ta2.utils{Methods_dlg.java[Methods_dlg~conf_DropCreate_Table_Admin~QActivity;~QDialog;~QDialog;" StructureKind="java"/><InteractionEvent Delta="null" EndDate="2014-10-13 12:34:53.151 JST" Interest="783.01697" Kind="propagation" Navigation="null" OriginId="org.eclipse.jdt.ui.CompilationUnitEditor" StartDate="2014-10-13 11:40:12.639 JST" StructureHandle="/TA2/src" StructureKind="resource" NumEvents="784" CreationCount="1"/><InteractionEvent Delta="null" EndDate="2014-10-13 12:30:48.378 JST" Interest="592.0" Kind="propagation" Navigation="null" OriginId="org.eclipse.jdt.ui.CompilationUnitEditor" StartDate="2014-10-13 11:50:40.363 JST" StructureHandle="/TA2/src/ta2/listeners/dialog/DB_OCL.java" StructureKind="resource" NumEvents="592" CreationCount="196"/><InteractionEvent Delta="null" EndDate="2014-10-13 12:28:37.594 JST" Interest="151.349" Kind="propagation" Navigation="org.eclipse.mylyn.core.model.edges.containment" OriginId="org.eclipse.mylyn.core.model.interest.propagation" StartDate="2014-10-13 11:44:44.652 JST" StructureHandle="=TA2/src&amp;lt;ta2.listeners.dialog" StructureKind="java" NumEvents="225" CreationCount="40"/><InteractionEvent Delta="null" EndDate="2014-10-13 11:42:15.907 JST" Interest="1.0" Kind="selection" Navigation="null" OriginId="org.eclipse.jdt.ui.PackageExplorer" StartDate="2014-10-13 11:42:15.907 JST" StructureHandle="=TA2/src&amp;lt;ta2.listeners.dialog" StructureKind="java"/><InteractionEvent Delta="null" EndDate="2014-10-13 12:34:53.151 JST" Interest="780.01697" Kind="propagation" Navigation="org.eclipse.mylyn.core.model.edges.containment" OriginId="org.eclipse.mylyn.core.model.interest.propagation" StartDate="2014-10-13 11:40:12.639 JST" StructureHandle="=TA2" StructureKind="resource" NumEvents="799" CreationCount="1"/><InteractionEvent Delta="null" EndDate="2014-10-13 12:20:57.189 JST" Interest="3.0" Kind="selection" Navigation="null" OriginId="org.eclipse.jdt.ui.PackageExplorer" StartDate="2014-10-13 11:40:57.174 JST" StructureHandle="=TA2" StructureKind="java" NumEvents="3" CreationCount="1"/><InteractionEvent Delta="null" EndDate="2014-10-13 11:50:06.100 JST" Interest="10.0" Kind="edit" Navigation="null" OriginId="org.eclipse.jdt.ui.CompilationUnitEditor" StartDate="2014-10-13 11:49:42.522 JST" StructureHandle="=TA2/src&amp;lt;ta2.utils{CONS.java[CONS[DB^col_names_FilterHistory" StructureKind="java" NumEvents="10" CreationCount="167"/><InteractionEvent Delta="null" EndDate="2014-10-13 11:56:28.460 JST" Interest="4.0" Kind="selection" Navigation="null" OriginId="org.eclipse.jdt.ui.CompilationUnitEditor" StartDate="2014-10-13 11:49:41.292 JST" StructureHandle="=TA2/src&amp;lt;ta2.utils{CONS.java[CONS[DB^col_names_FilterHistory" StructureKind="java" NumEvents="4" CreationCount="167"/><InteractionEvent Delta="null" EndDate="2014-10-13 12:28:33.450 JST" Interest="6.017" Kind="propagation" Navigation="null" OriginId="org.eclipse.mylyn.resources.ui.interest.updater" StartDate="2014-10-13 12:21:48.726 JST" StructureHandle="/TA2/gen/ta2/main" StructureKind="resource" NumEvents="7" CreationCount="800"/><InteractionEvent Delta="null" EndDate="2014-10-13 11:46:46.740 JST" Interest="1.0" Kind="edit" Navigation="null" OriginId="org.eclipse.jdt.ui.CompilationUnitEditor" StartDate="2014-10-13 11:46:46.740 JST" StructureHandle="=TA2/src&amp;lt;ta2.utils{CONS.java[CONS" StructureKind="java"/><InteractionEvent Delta="null" EndDate="2014-10-13 11:50:14.287 JST" Interest="11.017" Kind="propagation" Navigation="org.eclipse.mylyn.core.model.edges.containment" OriginId="org.eclipse.mylyn.core.model.interest.propagation" StartDate="2014-10-13 11:46:40.283 JST" StructureHandle="=TA2/src&amp;lt;ta2.utils{CONS.java[CONS" StructureKind="java" NumEvents="16" CreationCount="138"/><InteractionEvent Delta="null" EndDate="2014-10-13 11:46:44.421 JST" Interest="1.0" Kind="selection" Navigation="null" OriginId="org.eclipse.jdt.ui.CompilationUnitEditor" StartDate="2014-10-13 11:46:44.421 JST" StructureHandle="=TA2/src&amp;lt;ta2.utils{CONS.java[CONS" StructureKind="java"/><InteractionEvent Delta="null" EndDate="2014-10-13 11:50:44.255 JST" Interest="1.0" Kind="selection" Navigation="null" OriginId="org.eclipse.jdt.ui.CompilationUnitEditor" StartDate="2014-10-13 11:50:44.255 JST" StructureHandle="=TA2/src&amp;lt;ta2.listeners.dialog{DB_OCL.java[DB_OCL~DB_OCL~QActivity;~QDialog;~QDialog;~QDialog;" StructureKind="java"/><InteractionEvent Delta="null" EndDate="2014-10-13 12:12:44.275 JST" Interest="31.0" Kind="edit" Navigation="null" OriginId="org.eclipse.jdt.ui.CompilationUnitEditor" StartDate="2014-10-13 11:50:55.332 JST" StructureHandle="=TA2/src&amp;lt;ta2.listeners.dialog{DB_OCL.java[DB_OCL~onClick~QView;" StructureKind="java" NumEvents="31" CreationCount="205"/><InteractionEvent Delta="null" EndDate="2014-10-13 12:12:44.271 JST" Interest="8.0" Kind="selection" Navigation="null" OriginId="org.eclipse.jdt.ui.CompilationUnitEditor" StartDate="2014-10-13 11:50:53.140 JST" StructureHandle="=TA2/src&amp;lt;ta2.listeners.dialog{DB_OCL.java[DB_OCL~onClick~QView;" StructureKind="java" NumEvents="8" CreationCount="205"/><InteractionEvent Delta="null" EndDate="2014-10-13 12:28:33.450 JST" Interest="5.0" Kind="propagation" Navigation="null" OriginId="org.eclipse.mylyn.resources.ui.interest.updater" StartDate="2014-10-13 12:21:50.53 JST" StructureHandle="/TA2/gen/ta2/main/R.java" StructureKind="resource" NumEvents="5" CreationCount="801"/><InteractionEvent Delta="null" EndDate="2014-10-13 12:32:34.892 JST" Interest="3.0" Kind="prediction" Navigation="null" OriginId="org.eclipse.mylyn.resources.ui.interest.updater" StartDate="2014-10-13 11:57:13.668 JST" StructureHandle="/TA2/bin/classes.dex" StructureKind="resource" NumEvents="3" CreationCount="292"/><InteractionEvent Delta="null" EndDate="2014-10-13 11:44:55.603 JST" Interest="16.0" Kind="edit" Navigation="null" OriginId="org.eclipse.jdt.ui.CompilationUnitEditor" StartDate="2014-10-13 11:43:18.246 JST" StructureHandle="=TA2/src&amp;lt;ta2.utils{Methods_dlg.java[Methods_dlg~_dlg_Admin_Ops__Setup_List~QActivity;~QDialog;" StructureKind="java" NumEvents="16" CreationCount="49"/><InteractionEvent Delta="null" EndDate="2014-10-13 11:45:19.112 JST" Interest="3.0" Kind="selection" Navigation="null" OriginId="org.eclipse.jdt.ui.CompilationUnitEditor" StartDate="2014-10-13 11:43:17.149 JST" StructureHandle="=TA2/src&amp;lt;ta2.utils{Methods_dlg.java[Methods_dlg~_dlg_Admin_Ops__Setup_List~QActivity;~QDialog;" StructureKind="java" NumEvents="3" CreationCount="49"/><InteractionEvent Delta="null" EndDate="2014-10-13 11:40:43.377 JST" Interest="1.0" Kind="selection" Navigation="null" OriginId="org.eclipse.jdt.ui.PackageExplorer" StartDate="2014-10-13 11:40:43.377 JST" StructureHandle="/TA2/a.bat" StructureKind="resource"/><InteractionEvent Delta="null" EndDate="2014-10-13 12:32:09.145 JST" Interest="11.0" Kind="edit" Navigation="null" OriginId="org.eclipse.jdt.ui.CompilationUnitEditor" StartDate="2014-10-13 12:30:52.516 JST" StructureHandle="=TA2/src&amp;lt;ta2.utils{DBUtils.java[DBUtils~dropTable_2~QActivity;~QString;" StructureKind="java" NumEvents="11" CreationCount="833"/><InteractionEvent Delta="null" EndDate="2014-10-13 12:32:16.564 JST" Interest="2.0" Kind="selection" Navigation="null" OriginId="org.eclipse.ui.views.ContentOutline" StartDate="2014-10-13 12:30:49.682 JST" StructureHandle="=TA2/src&amp;lt;ta2.utils{DBUtils.java[DBUtils~dropTable_2~QActivity;~QString;" StructureKind="java" NumEvents="2" CreationCount="833"/><InteractionEvent Delta="null" EndDate="2014-10-13 11:46:12.352 JST" Interest="37.234" Kind="propagation" Navigation="org.eclipse.mylyn.core.model.edges.containment" OriginId="org.eclipse.mylyn.core.model.interest.propagation" StartDate="2014-10-13 11:40:46.489 JST" StructureHandle="/TA2/res" StructureKind="resource" NumEvents="53" CreationCount="4"/><InteractionEvent Delta="null" EndDate="2014-10-13 12:27:56.264 JST" Interest="2.0" Kind="selection" Navigation="null" OriginId="org.eclipse.jdt.ui.PackageExplorer" StartDate="2014-10-13 11:40:43.933 JST" StructureHandle="/TA2/res" StructureKind="resource" NumEvents="2" CreationCount="4"/><InteractionEvent Delta="null" EndDate="2014-10-13 12:21:29.310 JST" Interest="2.0" Kind="selection" Navigation="null" OriginId="org.eclipse.jdt.ui.CompilationUnitEditor" StartDate="2014-10-13 12:21:11.874 JST" StructureHandle="=TA2/src&amp;lt;ta2.utils{Tags.java[Tags[DialogTags^DLG_CONF_CLEAR_VIEW_PLAY_ACTV_OK" StructureKind="java" NumEvents="2" CreationCount="785"/><InteractionEvent Delta="null" EndDate="2014-10-13 12:28:33.448 JST" Interest="1.0" Kind="propagation" Navigation="null" OriginId="org.eclipse.mylyn.resources.ui.interest.updater" StartDate="2014-10-13 12:28:33.448 JST" StructureHandle="=TA2/gen&amp;lt;ta2" StructureKind="java"/><InteractionEvent Delta="null" EndDate="2014-10-13 11:50:14.288 JST" Interest="11.734" Kind="propagation" Navigation="org.eclipse.mylyn.core.model.edges.containment" OriginId="org.eclipse.mylyn.core.model.interest.propagation" StartDate="2014-10-13 11:46:40.284 JST" StructureHandle="=TA2/src&amp;lt;ta2.utils{CONS.java" StructureKind="java" NumEvents="20" CreationCount="137"/><InteractionEvent Delta="null" EndDate="2014-10-13 11:59:31.890 JST" Interest="3.0" Kind="selection" Navigation="null" OriginId="org.eclipse.jdt.ui.CompilationUnitEditor" StartDate="2014-10-13 11:46:39.410 JST" StructureHandle="=TA2/src&amp;lt;ta2.utils{CONS.java" StructureKind="java" NumEvents="3" CreationCount="137"/><InteractionEvent Delta="null" EndDate="2014-10-13 11:50:19.336 JST" Interest="3.0" Kind="selection" Navigation="null" OriginId="org.eclipse.jdt.ui.CompilationUnitEditor" StartDate="2014-10-13 11:46:40.282 JST" StructureHandle="=TA2/src&amp;lt;ta2.utils{CONS.java[CONS[DB^tname_Admin" StructureKind="java" NumEvents="3" CreationCount="138"/><InteractionEvent Delta="null" EndDate="2014-10-13 11:47:41.343 JST" Interest="11.0" Kind="edit" Navigation="null" OriginId="org.eclipse.jdt.ui.CompilationUnitEditor" StartDate="2014-10-13 11:46:50.249 JST" StructureHandle="=TA2/src&amp;lt;ta2.utils{CONS.java[CONS[DB" StructureKind="java" NumEvents="11" CreationCount="138"/><InteractionEvent Delta="null" EndDate="2014-10-13 11:46:41.373 JST" Interest="1.017" Kind="propagation" Navigation="org.eclipse.mylyn.core.model.edges.containment" OriginId="org.eclipse.mylyn.core.model.interest.propagation" StartDate="2014-10-13 11:46:40.283 JST" StructureHandle="=TA2/src&amp;lt;ta2.utils{CONS.java[CONS[DB" StructureKind="java" NumEvents="2" CreationCount="138"/><InteractionEvent Delta="null" EndDate="2014-10-13 11:50:13.505 JST" Interest="4.0" Kind="selection" Navigation="null" OriginId="org.eclipse.jdt.ui.CompilationUnitEditor" StartDate="2014-10-13 11:46:47.382 JST" StructureHandle="=TA2/src&amp;lt;ta2.utils{CONS.java[CONS[DB" StructureKind="java" NumEvents="4" CreationCount="138"/><InteractionEvent Delta="null" EndDate="2014-10-13 11:55:40.670 JST" Interest="8.0" Kind="edit" Navigation="null" OriginId="org.eclipse.jdt.ui.CompilationUnitEditor" StartDate="2014-10-13 11:55:23.766 JST" StructureHandle="=TA2/src&amp;lt;ta2.listeners.dialog{DB_OCL.java[DB_OCL~case_DLG_CONF_DROP_CREATE_TABLE_ADMIN_OK" StructureKind="java" NumEvents="8" CreationCount="243"/><InteractionEvent Delta="null" EndDate="2014-10-13 11:55:22.522 JST" Interest="1.0" Kind="selection" Navigation="null" OriginId="org.eclipse.jdt.ui.CompilationUnitEditor" StartDate="2014-10-13 11:55:22.522 JST" StructureHandle="=TA2/src&amp;lt;ta2.listeners.dialog{DB_OCL.java[DB_OCL~case_DLG_CONF_DROP_CREATE_TABLE_ADMIN_OK" StructureKind="java"/><InteractionEvent Delta="null" EndDate="2014-10-13 12:01:40.4 JST" Interest="1.7710001" Kind="manipulation" Navigation="null" OriginId="org.eclipse.mylyn.core.model.interest.decay.correction" StartDate="2014-10-13 12:01:40.4 JST" StructureHandle="=TA2/src&amp;lt;ta2.listeners.dialog{DB_OCL.java[DB_OCL~_Init_SoundEffect~QActivity;" StructureKind="java"/><InteractionEvent Delta="null" EndDate="2014-10-13 12:01:40.4 JST" Interest="2.0" Kind="selection" Navigation="null" OriginId="org.eclipse.jdt.ui.CompilationUnitEditor" StartDate="2014-10-13 11:50:43.52 JST" StructureHandle="=TA2/src&amp;lt;ta2.listeners.dialog{DB_OCL.java[DB_OCL~_Init_SoundEffect~QActivity;" StructureKind="java" NumEvents="2" CreationCount="198"/><InteractionEvent Delta="null" EndDate="2014-10-13 12:21:46.733 JST" Interest="1.0" Kind="propagation" Navigation="null" OriginId="org.eclipse.jdt.ui.PackageExplorer" StartDate="2014-10-13 12:21:46.733 JST" StructureHandle="/TA2/src/ta2/utils/Recorder.java" StructureKind="resource"/><InteractionEvent Delta="null" EndDate="2014-10-13 12:28:33.451 JST" Interest="7.034" Kind="propagation" Navigation="org.eclipse.mylyn.core.model.edges.containment" OriginId="org.eclipse.mylyn.core.model.interest.propagation" StartDate="2014-10-13 12:21:47.850 JST" StructureHandle="/TA2/gen" StructureKind="resource" NumEvents="9" CreationCount="799"/><InteractionEvent Delta="null" EndDate="2014-10-13 11:46:41.373 JST" Interest="1.0" Kind="selection" Navigation="null" OriginId="org.eclipse.jdt.ui.CompilationUnitEditor" StartDate="2014-10-13 11:46:41.373 JST" StructureHandle="=TA2/src&amp;lt;ta2.utils{CONS.java[CONS[DB^col_names_Admin" StructureKind="java"/><InteractionEvent Delta="null" EndDate="2014-10-13 11:50:27.792 JST" Interest="10.299999" Kind="propagation" Navigation="org.eclipse.mylyn.core.model.edges.containment" OriginId="org.eclipse.mylyn.core.model.interest.propagation" StartDate="2014-10-13 11:44:47.241 JST" StructureHandle="=TA2/src&amp;lt;ta2.listeners.dialog{DOI_CL.java[DOI_CL" StructureKind="java" NumEvents="13" CreationCount="85"/><InteractionEvent Delta="null" EndDate="2014-10-13 12:26:55.91 JST" Interest="25.0" Kind="edit" Navigation="null" OriginId="org.eclipse.jdt.ui.CompilationUnitEditor" StartDate="2014-10-13 11:50:49.665 JST" StructureHandle="=TA2/src&amp;lt;ta2.listeners.dialog{DB_OCL.java[DB_OCL" StructureKind="java" NumEvents="25" CreationCount="197"/><InteractionEvent Delta="null" EndDate="2014-10-13 12:26:52.317 JST" Interest="110.179985" Kind="propagation" Navigation="org.eclipse.mylyn.core.model.edges.containment" OriginId="org.eclipse.mylyn.core.model.interest.propagation" StartDate="2014-10-13 11:50:41.982 JST" StructureHandle="=TA2/src&amp;lt;ta2.listeners.dialog{DB_OCL.java[DB_OCL" StructureKind="java" NumEvents="158" CreationCount="197"/><InteractionEvent Delta="null" EndDate="2014-10-13 12:30:48.377 JST" Interest="22.0" Kind="selection" Navigation="null" OriginId="org.eclipse.jdt.ui.CompilationUnitEditor" StartDate="2014-10-13 11:50:45.818 JST" StructureHandle="=TA2/src&amp;lt;ta2.listeners.dialog{DB_OCL.java[DB_OCL" StructureKind="java" NumEvents="22" CreationCount="197"/><InteractionEvent Delta="null" EndDate="2014-10-13 11:59:36.338 JST" Interest="1.0" Kind="selection" Navigation="null" OriginId="org.eclipse.jdt.ui.CompilationUnitEditor" StartDate="2014-10-13 11:59:36.338 JST" StructureHandle="=TA2/src&amp;lt;ta2.listeners.dialog{DB_OCL.java[DB_OCL~DB_OCL~QActivity;~QDialog;~QDialog;~QMemo;" StructureKind="java"/><InteractionEvent Delta="null" EndDate="2014-10-13 12:26:07.549 JST" Interest="1.0" Kind="selection" Navigation="null" OriginId="org.eclipse.jdt.ui.CompilationUnitEditor" StartDate="2014-10-13 12:26:07.549 JST" StructureHandle="=TA2/gen&amp;lt;ta2.main{R.java[R[color^blue1" StructureKind="java"/><InteractionEvent Delta="null" EndDate="2014-10-13 12:15:42.157 JST" Interest="11.0" Kind="edit" Navigation="null" OriginId="org.eclipse.jdt.ui.CompilationUnitEditor" StartDate="2014-10-13 12:01:13.856 JST" StructureHandle="=TA2/src&amp;lt;ta2.listeners.dialog{DB_OCL.java[DB_OCL~_update_ContentProvider_IFM11~QActivity;~QString;" StructureKind="java" NumEvents="11" CreationCount="349"/><InteractionEvent Delta="null" EndDate="2014-10-13 12:15:42.152 JST" Interest="8.0" Kind="selection" Navigation="null" OriginId="org.eclipse.jdt.ui.CompilationUnitEditor" StartDate="2014-10-13 12:01:01.737 JST" StructureHandle="=TA2/src&amp;lt;ta2.listeners.dialog{DB_OCL.java[DB_OCL~_update_ContentProvider_IFM11~QActivity;~QString;" StructureKind="java" NumEvents="8" CreationCount="349"/><InteractionEvent Delta="null" EndDate="2014-10-13 12:28:33.451 JST" Interest="7.017" Kind="propagation" Navigation="null" OriginId="org.eclipse.mylyn.resources.ui.interest.updater" StartDate="2014-10-13 12:21:48.726 JST" StructureHandle="/TA2/gen/ta2" StructureKind="resource" NumEvents="8" CreationCount="800"/><InteractionEvent Delta="null" EndDate="2014-10-13 11:45:31.222 JST" Interest="6.316999" Kind="propagation" Navigation="org.eclipse.mylyn.core.model.edges.containment" OriginId="org.eclipse.mylyn.core.model.interest.propagation" StartDate="2014-10-13 11:44:47.242 JST" StructureHandle="=TA2/src&amp;lt;ta2.listeners.dialog{DOI_CL.java" StructureKind="java" NumEvents="12" CreationCount="84"/><InteractionEvent Delta="null" EndDate="2014-10-13 11:50:39.890 JST" Interest="5.0" Kind="selection" Navigation="null" OriginId="org.eclipse.jdt.ui.PackageExplorer" StartDate="2014-10-13 11:44:44.651 JST" StructureHandle="=TA2/src&amp;lt;ta2.listeners.dialog{DOI_CL.java" StructureKind="java" NumEvents="5" CreationCount="84"/><InteractionEvent Delta="null" EndDate="2014-10-13 11:50:47.94 JST" Interest="1.0" Kind="selection" Navigation="null" OriginId="org.eclipse.jdt.ui.CompilationUnitEditor" StartDate="2014-10-13 11:50:47.94 JST" StructureHandle="=TA2/src&amp;lt;ta2.listeners.dialog{DB_OCL.java[DB_OCL~DB_OCL~QActivity;~QDialog;~J" StructureKind="java"/><InteractionEvent Delta="null" EndDate="2014-10-13 12:28:37.595 JST" Interest="149.01201" Kind="propagation" Navigation="org.eclipse.mylyn.core.model.edges.containment" OriginId="org.eclipse.mylyn.core.model.interest.propagation" StartDate="2014-10-13 11:40:16.915 JST" StructureHandle="=TA2/src" StructureKind="java" NumEvents="234" CreationCount="1"/><InteractionEvent Delta="null" EndDate="2014-10-13 11:41:03.681 JST" Interest="4.0" Kind="selection" Navigation="null" OriginId="org.eclipse.jdt.ui.PackageExplorer" StartDate="2014-10-13 11:40:12.638 JST" StructureHandle="=TA2/src" StructureKind="java" NumEvents="4" CreationCount="1"/><InteractionEvent Delta="null" EndDate="2014-10-13 12:16:16.590 JST" Interest="15.0" Kind="edit" Navigation="null" OriginId="org.eclipse.jdt.ui.CompilationUnitEditor" StartDate="2014-10-13 12:16:04.861 JST" StructureHandle="=TA2/src&amp;lt;ta2.listeners.dialog{DB_OCL.java[DB_OCL~case_DLG_EDIT_MEMOS_BT_OK" StructureKind="java" NumEvents="15" CreationCount="361"/><InteractionEvent Delta="null" EndDate="2014-10-13 12:16:04.855 JST" Interest="4.406" Kind="manipulation" Navigation="null" OriginId="org.eclipse.mylyn.core.model.interest.decay.correction" StartDate="2014-10-13 12:16:04.855 JST" StructureHandle="=TA2/src&amp;lt;ta2.listeners.dialog{DB_OCL.java[DB_OCL~case_DLG_EDIT_MEMOS_BT_OK" StructureKind="java"/><InteractionEvent Delta="null" EndDate="2014-10-13 12:16:04.855 JST" Interest="2.0" Kind="selection" Navigation="null" OriginId="org.eclipse.jdt.ui.CompilationUnitEditor" StartDate="2014-10-13 12:01:31.121 JST" StructureHandle="=TA2/src&amp;lt;ta2.listeners.dialog{DB_OCL.java[DB_OCL~case_DLG_EDIT_MEMOS_BT_OK" StructureKind="java" NumEvents="2" CreationCount="361"/><InteractionEvent Delta="null" EndDate="2014-10-13 11:50:09.971 JST" Interest="2.0" Kind="selection" Navigation="null" OriginId="org.eclipse.jdt.ui.CompilationUnitEditor" StartDate="2014-10-13 11:47:54.541 JST" StructureHandle="=TA2/src&amp;lt;ta2.utils{CONS.java[CONS[DB^col_types_FilterHistory_full" StructureKind="java" NumEvents="2" CreationCount="165"/><InteractionEvent Delta="null" EndDate="2014-10-13 12:26:07.550 JST" Interest="1.0" Kind="propagation" Navigation="org.eclipse.mylyn.core.model.edges.containment" OriginId="org.eclipse.mylyn.core.model.interest.propagation" StartDate="2014-10-13 12:26:07.550 JST" StructureHandle="=TA2/gen&amp;lt;ta2.main{R.java[R" StructureKind="java"/><InteractionEvent Delta="null" EndDate="2014-10-13 12:15:56.410 JST" Interest="10.0" Kind="edit" Navigation="null" OriginId="org.eclipse.jdt.ui.CompilationUnitEditor" StartDate="2014-10-13 12:01:15.743 JST" StructureHandle="=TA2/src&amp;lt;ta2.listeners.dialog{DB_OCL.java[DB_OCL~case_DLG_EDIT_MEMOS_ACTV_IMAGE_BT_OK" StructureKind="java" NumEvents="10" CreationCount="353"/><InteractionEvent Delta="null" EndDate="2014-10-13 12:15:56.403 JST" Interest="7.0" Kind="selection" Navigation="null" OriginId="org.eclipse.jdt.ui.CompilationUnitEditor" StartDate="2014-10-13 12:01:14.457 JST" StructureHandle="=TA2/src&amp;lt;ta2.listeners.dialog{DB_OCL.java[DB_OCL~case_DLG_EDIT_MEMOS_ACTV_IMAGE_BT_OK" StructureKind="java" NumEvents="7" CreationCount="353"/><InteractionEvent Delta="null" EndDate="2014-10-13 12:34:53.149 JST" Interest="29.0" Kind="edit" Navigation="null" OriginId="org.eclipse.jdt.ui.CompilationUnitEditor" StartDate="2014-10-13 11:45:34.108 JST" StructureHandle="=TA2/src&amp;lt;ta2.utils{Methods_dlg.java[Methods_dlg~conf_DropCreate_Table_FilterHistory~QActivity;~QDialog;~QDialog;" StructureKind="java" NumEvents="29" CreationCount="105"/><InteractionEvent Delta="null" EndDate="2014-10-13 12:32:21.571 JST" Interest="10.0" Kind="selection" Navigation="null" OriginId="org.eclipse.jdt.ui.CompilationUnitEditor" StartDate="2014-10-13 11:45:29.135 JST" StructureHandle="=TA2/src&amp;lt;ta2.utils{Methods_dlg.java[Methods_dlg~conf_DropCreate_Table_FilterHistory~QActivity;~QDialog;~QDialog;" StructureKind="java" NumEvents="10" CreationCount="105"/><InteractionEvent Delta="null" EndDate="2014-10-13 11:57:13.668 JST" Interest="1.0" Kind="prediction" Navigation="null" OriginId="org.eclipse.mylyn.resources.ui.interest.updater" StartDate="2014-10-13 11:57:13.668 JST" StructureHandle="/TA2/bin/resources.ap_" StructureKind="resource"/><InteractionEvent Delta="null" EndDate="2014-10-13 12:37:24.316 JST" Interest="3.0" Kind="selection" Navigation="null" OriginId="org.eclipse.jdt.ui.PackageExplorer" StartDate="2014-10-13 12:28:07.520 JST" StructureHandle="/TA2/res/drawable-hdpi" StructureKind="resource" NumEvents="3" CreationCount="824"/></InteractionHistory>