<?xml version="1.0" encoding="UTF-8"?><InteractionHistory Id="local-196" Version="1"><InteractionEvent Delta="null" EndDate="2014-11-08 10:12:17.857 JST" Interest="58.625" Kind="propagation" Navigation="org.eclipse.mylyn.core.model.edges.containment" OriginId="org.eclipse.mylyn.core.model.interest.propagation" StartDate="2014-11-08 08:43:01.101 JST" StructureHandle="" StructureKind="java" NumEvents="55" CreationCount="9"/><InteractionEvent Delta="null" EndDate="2014-11-08 10:12:17.856 JST" Interest="31.0" Kind="propagation" Navigation="null" OriginId="org.eclipse.jdt.ui.CompilationUnitEditor" StartDate="2014-11-08 10:05:48.79 JST" StructureHandle="/TA2/src/ta2/utils/CONS.java" StructureKind="resource" NumEvents="31" CreationCount="1634"/><InteractionEvent Delta="null" EndDate="2014-11-08 08:55:23.435 JST" Interest="1.0" Kind="selection" Navigation="null" OriginId="org.eclipse.jdt.ui.PackageExplorer" StartDate="2014-11-08 08:55:23.435 JST" StructureHandle="=CutPlanner_A/src&amp;lt;cp.views" StructureKind="java"/><InteractionEvent Delta="null" EndDate="2014-11-08 10:05:01.944 JST" Interest="45.950996" Kind="propagation" Navigation="org.eclipse.mylyn.core.model.edges.containment" OriginId="org.eclipse.mylyn.core.model.interest.propagation" StartDate="2014-11-08 08:55:24.609 JST" StructureHandle="=CutPlanner_A/src&amp;lt;cp.views" StructureKind="java" NumEvents="69" CreationCount="590"/><InteractionEvent Delta="null" EndDate="2014-11-08 08:46:39.474 JST" Interest="2.0" Kind="selection" Navigation="null" OriginId="org.eclipse.ui.views.ContentOutline" StartDate="2014-11-08 08:46:37.137 JST" StructureHandle="=CutPlanner_A/src&amp;lt;cp.listeners.button{BO_CL.java[BO_CL~case_ACTV_REC_BACK" StructureKind="java" NumEvents="2" CreationCount="111"/><InteractionEvent Delta="null" EndDate="2014-11-08 08:46:39.498 JST" Interest="1.0" Kind="selection" Navigation="null" OriginId="org.eclipse.ui.views.ContentOutline" StartDate="2014-11-08 08:46:39.498 JST" StructureHandle="=CutPlanner_A/src&amp;lt;cp.listeners.button{BO_CL.java[BO_CL~case_ACTV_SHOWLOG_IB_DOWN" StructureKind="java"/><InteractionEvent Delta="null" EndDate="2014-11-08 10:05:44.460 JST" Interest="1.0" Kind="selection" Navigation="null" OriginId="org.eclipse.ui.views.ResourceNavigator" StartDate="2014-11-08 10:05:44.460 JST" StructureHandle="=SL3" StructureKind="java"/><InteractionEvent Delta="null" EndDate="2014-11-08 10:05:17.942 JST" Interest="2.0" Kind="selection" Navigation="null" OriginId="org.eclipse.jdt.ui.CompilationUnitEditor" StartDate="2014-11-08 10:05:07.105 JST" StructureHandle="=CutPlanner_A/src&amp;lt;cp.utils{CONS.java[CONS[DB^dbName" StructureKind="java" NumEvents="2" CreationCount="1577"/><InteractionEvent Delta="null" EndDate="2014-11-08 10:05:21.921 JST" Interest="22.0" Kind="edit" Navigation="null" OriginId="org.eclipse.jdt.ui.CompilationUnitEditor" StartDate="2014-11-08 10:05:07.107 JST" StructureHandle="=CutPlanner_A/src&amp;lt;cp.utils{CONS.java[CONS[DB^dbName" StructureKind="java" NumEvents="22" CreationCount="1577"/><InteractionEvent Delta="null" EndDate="2014-11-08 08:45:29.708 JST" Interest="1.0" Kind="selection" Navigation="null" OriginId="org.eclipse.jdt.ui.CompilationUnitEditor" StartDate="2014-11-08 08:45:29.708 JST" StructureHandle="=CutPlanner_A/src&amp;lt;cp.listeners.button{BO_CL.java[BO_CL~BO_CL~QActivity;~I" StructureKind="java"/><InteractionEvent Delta="null" EndDate="2014-11-08 08:45:31.35 JST" Interest="1.0" Kind="edit" Navigation="null" OriginId="org.eclipse.jdt.ui.CompilationUnitEditor" StartDate="2014-11-08 08:45:31.35 JST" StructureHandle="=CutPlanner_A/src&amp;lt;cp.listeners.button{BO_CL.java[BO_CL~BO_CL~QActivity;~I" StructureKind="java"/><InteractionEvent Delta="null" EndDate="2014-11-08 10:06:35.521 JST" Interest="1.0" Kind="selection" Navigation="null" OriginId="org.eclipse.jdt.ui.CompilationUnitEditor" StartDate="2014-11-08 10:06:35.521 JST" StructureHandle="=CutPlanner_A/src&amp;lt;cp.utils{CONS.java[CONS[DB^dPath_dbFile_Backup" StructureKind="java"/><InteractionEvent Delta="null" EndDate="2014-11-08 10:06:35.545 JST" Interest="3.0" Kind="edit" Navigation="null" OriginId="org.eclipse.jdt.ui.CompilationUnitEditor" StartDate="2014-11-08 10:06:35.529 JST" StructureHandle="=CutPlanner_A/src&amp;lt;cp.utils{CONS.java[CONS[DB^dPath_dbFile_Backup" StructureKind="java" NumEvents="3" CreationCount="1696"/><InteractionEvent Delta="null" EndDate="2014-11-08 10:12:17.856 JST" Interest="31.017" Kind="propagation" Navigation="org.eclipse.mylyn.core.model.edges.containment" OriginId="org.eclipse.mylyn.core.model.interest.propagation" StartDate="2014-11-08 10:05:47.122 JST" StructureHandle="/TA2/src/ta2/utils" StructureKind="resource" NumEvents="32" CreationCount="1633"/><InteractionEvent Delta="null" EndDate="2014-11-08 10:05:01.944 JST" Interest="90.017" Kind="propagation" Navigation="org.eclipse.mylyn.core.model.edges.containment" OriginId="org.eclipse.mylyn.core.model.interest.propagation" StartDate="2014-11-08 08:55:23.436 JST" StructureHandle="/CutPlanner_A/src/cp/views" StructureKind="resource" NumEvents="91" CreationCount="590"/><InteractionEvent Delta="null" EndDate="2014-11-08 08:50:51.844 JST" Interest="1.2550006" Kind="manipulation" Navigation="null" OriginId="org.eclipse.mylyn.core.model.interest.decay.correction" StartDate="2014-11-08 08:50:51.844 JST" StructureHandle="/CutPlanner_A/res/layout/actv_main_cv.xml" StructureKind="resource"/><InteractionEvent Delta="null" EndDate="2014-11-08 08:50:51.844 JST" Interest="3.0" Kind="selection" Navigation="null" OriginId="org.eclipse.jdt.ui.PackageExplorer" StartDate="2014-11-08 08:47:11.320 JST" StructureHandle="/CutPlanner_A/res/layout/actv_main_cv.xml" StructureKind="resource" NumEvents="3" CreationCount="159"/><InteractionEvent Delta="null" EndDate="2014-11-08 08:47:26.963 JST" Interest="3.0" Kind="edit" Navigation="null" OriginId="com.android.ide.eclipse.editors.CommonXmlEditor" StartDate="2014-11-08 08:47:14.951 JST" StructureHandle="/CutPlanner_A/res/layout/actv_main_cv.xml" StructureKind="resource" NumEvents="3" CreationCount="159"/><InteractionEvent Delta="null" EndDate="2014-11-08 10:12:17.856 JST" Interest="58.591003" Kind="propagation" Navigation="org.eclipse.mylyn.core.model.edges.containment" OriginId="org.eclipse.mylyn.core.model.interest.propagation" StartDate="2014-11-08 08:43:05.49 JST" StructureHandle="/TA2/src/ta2" StructureKind="resource" NumEvents="48" CreationCount="11"/><InteractionEvent Delta="null" EndDate="2014-11-08 08:51:55.504 JST" Interest="3.0" Kind="selection" Navigation="null" OriginId="org.eclipse.jdt.ui.CompilationUnitEditor" StartDate="2014-11-08 08:45:15.471 JST" StructureHandle="=CutPlanner_A/src&amp;lt;cp.listeners.button{BO_TL.java[BO_TL" StructureKind="java" NumEvents="3" CreationCount="27"/><InteractionEvent Delta="null" EndDate="2014-11-08 10:01:53.96 JST" Interest="47.1" Kind="propagation" Navigation="org.eclipse.mylyn.core.model.edges.containment" OriginId="org.eclipse.mylyn.core.model.interest.propagation" StartDate="2014-11-08 08:44:15.793 JST" StructureHandle="=CutPlanner_A/src&amp;lt;cp.listeners.button{BO_TL.java[BO_TL" StructureKind="java" NumEvents="63" CreationCount="27"/><InteractionEvent Delta="null" EndDate="2014-11-08 08:50:00.442 JST" Interest="1.8390002" Kind="manipulation" Navigation="null" OriginId="org.eclipse.mylyn.core.model.interest.decay.correction" StartDate="2014-11-08 08:50:00.442 JST" StructureHandle="=CutPlanner_A/src&amp;lt;cp.utils{Tags.java[Tags[ButtonTags^ACTV_MAIN_BT_GO" StructureKind="java"/><InteractionEvent Delta="null" EndDate="2014-11-08 08:50:00.442 JST" Interest="2.0" Kind="selection" Navigation="null" OriginId="org.eclipse.jdt.ui.CompilationUnitEditor" StartDate="2014-11-08 08:48:31.349 JST" StructureHandle="=CutPlanner_A/src&amp;lt;cp.utils{Tags.java[Tags[ButtonTags^ACTV_MAIN_BT_GO" StructureKind="java" NumEvents="2" CreationCount="285"/><InteractionEvent Delta="null" EndDate="2014-11-08 08:46:32.721 JST" Interest="1.0" Kind="selection" Navigation="null" OriginId="org.eclipse.ui.views.ContentOutline" StartDate="2014-11-08 08:46:32.721 JST" StructureHandle="=CutPlanner_A/src&amp;lt;cp.listeners.button{BO_CL.java[BO_CL~case_ACTV_PLAY_CLEAR" StructureKind="java"/><InteractionEvent Delta="null" EndDate="2014-11-08 10:35:53.917 JST" Interest="1.0" Kind="prediction" Navigation="null" OriginId="org.eclipse.mylyn.resources.ui.interest.updater" StartDate="2014-11-08 10:35:53.917 JST" StructureHandle="=CutPlanner_A/src&amp;lt;cp.utils{Tags.java" StructureKind="java"/><InteractionEvent Delta="null" EndDate="2014-11-08 08:50:00.359 JST" Interest="1.8220003" Kind="manipulation" Navigation="null" OriginId="org.eclipse.mylyn.core.model.interest.decay.correction" StartDate="2014-11-08 08:50:00.359 JST" StructureHandle="=CutPlanner_A/src&amp;lt;cp.utils{Tags.java" StructureKind="java"/><InteractionEvent Delta="null" EndDate="2014-11-08 08:50:00.359 JST" Interest="2.0" Kind="selection" Navigation="null" OriginId="org.eclipse.jdt.ui.CompilationUnitEditor" StartDate="2014-11-08 08:48:30.498 JST" StructureHandle="=CutPlanner_A/src&amp;lt;cp.utils{Tags.java" StructureKind="java" NumEvents="2" CreationCount="284"/><InteractionEvent Delta="null" EndDate="2014-11-08 08:50:10.348 JST" Interest="0.76799965" Kind="propagation" Navigation="org.eclipse.mylyn.core.model.edges.containment" OriginId="org.eclipse.mylyn.core.model.interest.propagation" StartDate="2014-11-08 08:48:31.351 JST" StructureHandle="=CutPlanner_A/src&amp;lt;cp.utils{Tags.java" StructureKind="java" NumEvents="4" CreationCount="284"/><InteractionEvent Delta="null" EndDate="2014-11-08 09:48:53.56 JST" Interest="1.0" Kind="selection" Navigation="null" OriginId="org.eclipse.ui.views.ResourceNavigator" StartDate="2014-11-08 09:48:53.56 JST" StructureHandle="=projects_Matsuoka/Step5\/05_FingerPaint\/src\/sample\/step5\/fingerpaint&amp;lt;{FileListAdapter.java" StructureKind="java"/><InteractionEvent Delta="null" EndDate="2014-11-08 09:12:38.870 JST" Interest="1.0" Kind="selection" Navigation="null" OriginId="org.eclipse.ui.views.ContentOutline" StartDate="2014-11-08 09:12:38.870 JST" StructureHandle="=CutPlanner_A/src&amp;lt;cp.utils{CONS.java%cp.utils" StructureKind="java"/><InteractionEvent Delta="null" EndDate="2014-11-08 09:48:48.583 JST" Interest="1.0" Kind="propagation" Navigation="org.eclipse.mylyn.core.model.edges.containment" OriginId="org.eclipse.mylyn.core.model.interest.propagation" StartDate="2014-11-08 09:48:48.583 JST" StructureHandle="=projects_Matsuoka/" StructureKind="java"/><InteractionEvent Delta="null" EndDate="2014-11-08 08:46:32.718 JST" Interest="1.0" Kind="selection" Navigation="null" OriginId="org.eclipse.ui.views.ContentOutline" StartDate="2014-11-08 08:46:32.718 JST" StructureHandle="=CutPlanner_A/src&amp;lt;cp.listeners.button{BO_CL.java[BO_CL~case_ACTV_PLAY_BACK" StructureKind="java"/><InteractionEvent Delta="null" EndDate="2014-11-08 08:46:32.644 JST" Interest="3.0" Kind="selection" Navigation="null" OriginId="org.eclipse.ui.views.ContentOutline" StartDate="2014-11-08 08:46:24.49 JST" StructureHandle="=CutPlanner_A/src&amp;lt;cp.listeners.button{BO_CL.java[BO_CL~case_ACTV_MAIN_PHOTO" StructureKind="java" NumEvents="3" CreationCount="88"/><InteractionEvent Delta="null" EndDate="2014-11-08 08:46:24.859 JST" Interest="1.0" Kind="edit" Navigation="null" OriginId="org.eclipse.jdt.ui.CompilationUnitEditor" StartDate="2014-11-08 08:46:24.859 JST" StructureHandle="=CutPlanner_A/src&amp;lt;cp.listeners.button{BO_CL.java[BO_CL~case_ACTV_MAIN_PHOTO" StructureKind="java"/><InteractionEvent Delta="null" EndDate="2014-11-08 10:03:45.700 JST" Interest="5.1990004" Kind="propagation" Navigation="org.eclipse.mylyn.core.model.edges.containment" OriginId="org.eclipse.mylyn.core.model.interest.propagation" StartDate="2014-11-08 09:48:56.749 JST" StructureHandle="=projects_Matsuoka/Step5\/05_FingerPaint\/src\/sample\/step5\/fingerpaint&amp;lt;{FingerPaintActivity.java[FingerPaintActivity" StructureKind="java" NumEvents="4" CreationCount="1306"/><InteractionEvent Delta="null" EndDate="2014-11-08 10:03:45.828 JST" Interest="3.104" Kind="manipulation" Navigation="null" OriginId="org.eclipse.mylyn.core.model.interest.decay.correction" StartDate="2014-11-08 10:03:45.828 JST" StructureHandle="=CutPlanner_A/src&amp;lt;cp.utils{CONS.java" StructureKind="java"/><InteractionEvent Delta="null" EndDate="2014-11-08 10:14:16.148 JST" Interest="21.0" Kind="selection" Navigation="null" OriginId="org.eclipse.jdt.ui.CompilationUnitEditor" StartDate="2014-11-08 09:12:36.346 JST" StructureHandle="=CutPlanner_A/src&amp;lt;cp.utils{CONS.java" StructureKind="java" NumEvents="21" CreationCount="714"/><InteractionEvent Delta="null" EndDate="2014-11-08 10:08:18.703 JST" Interest="56.967003" Kind="propagation" Navigation="org.eclipse.mylyn.core.model.edges.containment" OriginId="org.eclipse.mylyn.core.model.interest.propagation" StartDate="2014-11-08 09:12:38.870 JST" StructureHandle="=CutPlanner_A/src&amp;lt;cp.utils{CONS.java" StructureKind="java" NumEvents="90" CreationCount="714"/><InteractionEvent Delta="null" EndDate="2014-11-08 10:12:16.732 JST" Interest="1.0" Kind="selection" Navigation="null" OriginId="org.eclipse.jdt.ui.CompilationUnitEditor" StartDate="2014-11-08 10:12:16.732 JST" StructureHandle="=TA2/src&amp;lt;ta2.utils{CONS.java[CONS[DB^fname_DB_Backup_Trunk" StructureKind="java"/><InteractionEvent Delta="null" EndDate="2014-11-08 10:12:17.856 JST" Interest="3.0" Kind="edit" Navigation="null" OriginId="org.eclipse.jdt.ui.CompilationUnitEditor" StartDate="2014-11-08 10:12:16.735 JST" StructureHandle="=TA2/src&amp;lt;ta2.utils{CONS.java[CONS[DB^fname_DB_Backup_Trunk" StructureKind="java" NumEvents="3" CreationCount="1977"/><InteractionEvent Delta="null" EndDate="2014-11-08 08:46:32.680 JST" Interest="1.0" Kind="selection" Navigation="null" OriginId="org.eclipse.ui.views.ContentOutline" StartDate="2014-11-08 08:46:32.680 JST" StructureHandle="=CutPlanner_A/src&amp;lt;cp.listeners.button{BO_CL.java[BO_CL~case_ACTV_MEMO_BACK" StructureKind="java"/><InteractionEvent Delta="null" EndDate="2014-11-08 08:50:25.943 JST" Interest="1.0" Kind="selection" Navigation="null" OriginId="org.eclipse.jdt.ui.CompilationUnitEditor" StartDate="2014-11-08 08:50:25.943 JST" StructureHandle="=CutPlanner_A/src&amp;lt;cp.listeners.button{BO_TL.java[BO_TL~BO_TL~QActivity;" StructureKind="java"/><InteractionEvent Delta="null" EndDate="2014-11-08 08:46:32.710 JST" Interest="1.0" Kind="selection" Navigation="null" OriginId="org.eclipse.ui.views.ContentOutline" StartDate="2014-11-08 08:46:32.710 JST" StructureHandle="=CutPlanner_A/src&amp;lt;cp.listeners.button{BO_CL.java[BO_CL~case_ACTV_PHOTO_UP" StructureKind="java"/><InteractionEvent Delta="null" EndDate="2014-11-08 08:46:32.706 JST" Interest="1.0" Kind="selection" Navigation="null" OriginId="org.eclipse.ui.views.ContentOutline" StartDate="2014-11-08 08:46:32.706 JST" StructureHandle="=CutPlanner_A/src&amp;lt;cp.listeners.button{BO_CL.java[BO_CL~case_ACTV_PHOTO_TOP" StructureKind="java"/><InteractionEvent Delta="null" EndDate="2014-11-08 08:56:50.221 JST" Interest="2.0" Kind="selection" Navigation="null" OriginId="org.eclipse.jdt.ui.CompilationUnitEditor" StartDate="2014-11-08 08:56:36.80 JST" StructureHandle="=CutPlanner_A/src&amp;lt;cp.views{CV.java[CV~CV~QContext;~QAttributeSet;" StructureKind="java" NumEvents="2" CreationCount="611"/><InteractionEvent Delta="null" EndDate="2014-11-08 08:56:50.224 JST" Interest="2.0" Kind="edit" Navigation="null" OriginId="org.eclipse.jdt.ui.CompilationUnitEditor" StartDate="2014-11-08 08:56:36.84 JST" StructureHandle="=CutPlanner_A/src&amp;lt;cp.views{CV.java[CV~CV~QContext;~QAttributeSet;" StructureKind="java" NumEvents="2" CreationCount="611"/><InteractionEvent Delta="null" EndDate="2014-11-08 08:46:39.481 JST" Interest="1.0" Kind="selection" Navigation="null" OriginId="org.eclipse.ui.views.ContentOutline" StartDate="2014-11-08 08:46:39.481 JST" StructureHandle="=CutPlanner_A/src&amp;lt;cp.listeners.button{BO_CL.java[BO_CL~case_ACTV_SHOWLIST_BACK" StructureKind="java"/><InteractionEvent Delta="null" EndDate="2014-11-08 08:51:42.760 JST" Interest="2.717" Kind="propagation" Navigation="org.eclipse.mylyn.core.model.edges.containment" OriginId="org.eclipse.mylyn.core.model.interest.propagation" StartDate="2014-11-08 08:51:12.779 JST" StructureHandle="=TA2/src&amp;lt;ta2.listeners.button{BO_TL.java[BO_TL" StructureKind="java" NumEvents="4" CreationCount="485"/><InteractionEvent Delta="null" EndDate="2014-11-08 10:05:24.385 JST" Interest="11.826" Kind="manipulation" Navigation="null" OriginId="org.eclipse.mylyn.core.model.interest.decay.correction" StartDate="2014-11-08 10:05:24.385 JST" StructureHandle="=CutPlanner_A/src&amp;lt;cp.utils{CONS.java[CONS[DB^fname_DB_Backup_Trunk" StructureKind="java"/><InteractionEvent Delta="null" EndDate="2014-11-08 10:14:16.390 JST" Interest="6.0" Kind="selection" Navigation="null" OriginId="org.eclipse.jdt.ui.CompilationUnitEditor" StartDate="2014-11-08 09:12:53.653 JST" StructureHandle="=CutPlanner_A/src&amp;lt;cp.utils{CONS.java[CONS[DB^fname_DB_Backup_Trunk" StructureKind="java" NumEvents="6" CreationCount="738"/><InteractionEvent Delta="null" EndDate="2014-11-08 10:12:27.92 JST" Interest="21.0" Kind="edit" Navigation="null" OriginId="org.eclipse.jdt.ui.CompilationUnitEditor" StartDate="2014-11-08 09:12:53.657 JST" StructureHandle="=CutPlanner_A/src&amp;lt;cp.utils{CONS.java[CONS[DB^fname_DB_Backup_Trunk" StructureKind="java" NumEvents="21" CreationCount="738"/><InteractionEvent Delta="null" EndDate="2014-11-08 10:35:48.575 JST" Interest="1949.0" Kind="propagation" Navigation="org.eclipse.mylyn.core.model.edges.containment" OriginId="org.eclipse.mylyn.core.model.interest.propagation" StartDate="2014-11-08 08:42:53.57 JST" StructureHandle="/" StructureKind="resource" NumEvents="1949" CreationCount="1"/><InteractionEvent Delta="null" EndDate="2014-11-08 08:51:12.778 JST" Interest="1.0" Kind="selection" Navigation="null" OriginId="org.eclipse.jdt.ui.CompilationUnitEditor" StartDate="2014-11-08 08:51:12.778 JST" StructureHandle="=TA2/src&amp;lt;ta2.listeners.button{BO_TL.java[BO_TL~BO_TL~QActivity;" StructureKind="java"/><InteractionEvent Delta="null" EndDate="2014-11-08 10:13:18.797 JST" Interest="109.0" Kind="propagation" Navigation="null" OriginId="org.eclipse.jdt.ui.CompilationUnitEditor" StartDate="2014-11-08 08:43:50.346 JST" StructureHandle="/CutPlanner_A/src/cp/listeners/button/BO_CL.java" StructureKind="resource" NumEvents="109" CreationCount="19"/><InteractionEvent Delta="null" EndDate="2014-11-08 10:12:18.627 JST" Interest="13.271001" Kind="propagation" Navigation="org.eclipse.mylyn.core.model.edges.containment" OriginId="org.eclipse.mylyn.core.model.interest.propagation" StartDate="2014-11-08 09:48:53.56 JST" StructureHandle="=projects_Matsuoka/Step5\/05_FingerPaint\/src\/sample\/step5\/fingerpaint&amp;lt;" StructureKind="java" NumEvents="10" CreationCount="1303"/><InteractionEvent Delta="null" EndDate="2014-11-08 10:35:48.574 JST" Interest="1109.667" Kind="propagation" Navigation="org.eclipse.mylyn.core.model.edges.containment" OriginId="org.eclipse.mylyn.core.model.interest.propagation" StartDate="2014-11-08 08:42:53.57 JST" StructureHandle="/CutPlanner_A/src/cp" StructureKind="resource" NumEvents="1113" CreationCount="1"/><InteractionEvent Delta="null" EndDate="2014-11-08 09:48:38.138 JST" Interest="8.753001" Kind="manipulation" Navigation="null" OriginId="org.eclipse.mylyn.core.model.interest.decay.correction" StartDate="2014-11-08 09:48:38.138 JST" StructureHandle="=TA2/src&amp;lt;ta2.listeners.button" StructureKind="java"/><InteractionEvent Delta="null" EndDate="2014-11-08 09:48:38.138 JST" Interest="3.0" Kind="selection" Navigation="null" OriginId="org.eclipse.ui.views.ResourceNavigator" StartDate="2014-11-08 08:43:08.138 JST" StructureHandle="=TA2/src&amp;lt;ta2.listeners.button" StructureKind="java" NumEvents="3" CreationCount="13"/><InteractionEvent Delta="null" EndDate="2014-11-08 08:55:14.422 JST" Interest="10.973001" Kind="propagation" Navigation="org.eclipse.mylyn.core.model.edges.containment" OriginId="org.eclipse.mylyn.core.model.interest.propagation" StartDate="2014-11-08 08:43:09.420 JST" StructureHandle="=TA2/src&amp;lt;ta2.listeners.button" StructureKind="java" NumEvents="8" CreationCount="13"/><InteractionEvent Delta="null" EndDate="2014-11-08 10:12:06.852 JST" Interest="5.8030005" Kind="manipulation" Navigation="null" OriginId="org.eclipse.mylyn.core.model.interest.decay.correction" StartDate="2014-11-08 10:03:45.451 JST" StructureHandle="=projects_Matsuoka/Step5\/05_FingerPaint\/src\/sample\/step5\/fingerpaint&amp;lt;{FingerPaintActivity.java" StructureKind="java" NumEvents="3" CreationCount="1304"/><InteractionEvent Delta="null" EndDate="2014-11-08 10:12:18.627 JST" Interest="7.0" Kind="selection" Navigation="null" OriginId="org.eclipse.jdt.ui.CompilationUnitEditor" StartDate="2014-11-08 09:48:55.44 JST" StructureHandle="=projects_Matsuoka/Step5\/05_FingerPaint\/src\/sample\/step5\/fingerpaint&amp;lt;{FingerPaintActivity.java" StructureKind="java" NumEvents="7" CreationCount="1304"/><InteractionEvent Delta="null" EndDate="2014-11-08 10:03:45.701 JST" Interest="0.4510002" Kind="propagation" Navigation="org.eclipse.mylyn.core.model.edges.containment" OriginId="org.eclipse.mylyn.core.model.interest.propagation" StartDate="2014-11-08 09:49:02.396 JST" StructureHandle="=projects_Matsuoka/Step5\/05_FingerPaint\/src\/sample\/step5\/fingerpaint&amp;lt;{FingerPaintActivity.java" StructureKind="java" NumEvents="2" CreationCount="1304"/><InteractionEvent Delta="null" EndDate="2014-11-08 10:01:38.283 JST" Interest="5.0" Kind="selection" Navigation="null" OriginId="org.eclipse.jdt.ui.CompilationUnitEditor" StartDate="2014-11-08 09:58:52.688 JST" StructureHandle="=CutPlanner_A/src&amp;lt;cp.utils{Methods.java[Methods~get_ViewDimensions~QActivity;[~onGlobalLayout" StructureKind="java" NumEvents="5" CreationCount="1422"/><InteractionEvent Delta="null" EndDate="2014-11-08 10:00:18.442 JST" Interest="25.0" Kind="edit" Navigation="null" OriginId="org.eclipse.jdt.ui.CompilationUnitEditor" StartDate="2014-11-08 09:59:04.550 JST" StructureHandle="=CutPlanner_A/src&amp;lt;cp.utils{Methods.java[Methods~get_ViewDimensions~QActivity;[~onGlobalLayout" StructureKind="java" NumEvents="25" CreationCount="1422"/><InteractionEvent Delta="null" EndDate="2014-11-08 10:03:45.131 JST" Interest="342.178" Kind="propagation" Navigation="org.eclipse.mylyn.core.model.edges.containment" OriginId="org.eclipse.mylyn.core.model.interest.propagation" StartDate="2014-11-08 08:42:53.58 JST" StructureHandle="=CutPlanner_A/src&amp;lt;cp.main" StructureKind="java" NumEvents="483" CreationCount="1"/><InteractionEvent Delta="null" EndDate="2014-11-08 09:51:22.711 JST" Interest="1.0" Kind="selection" Navigation="null" OriginId="org.eclipse.jdt.ui.CompilationUnitEditor" StartDate="2014-11-08 09:51:22.711 JST" StructureHandle="=CutPlanner_A/src&amp;lt;cp.utils{Methods.java[Methods~conv_MillSec_to_TimeLabel~J" StructureKind="java"/><InteractionEvent Delta="null" EndDate="2014-11-08 09:58:53.309 JST" Interest="2.0" Kind="selection" Navigation="null" OriginId="org.eclipse.jdt.ui.CompilationUnitEditor" StartDate="2014-11-08 09:58:32.846 JST" StructureHandle="=CutPlanner_A/src&amp;lt;cp.utils{Methods.java[Methods~get_ViewDimensions~QActivity;[" StructureKind="java" NumEvents="2" CreationCount="1415"/><InteractionEvent Delta="null" EndDate="2014-11-08 10:01:38.284 JST" Interest="18.519001" Kind="propagation" Navigation="org.eclipse.mylyn.core.model.edges.containment" OriginId="org.eclipse.mylyn.core.model.interest.propagation" StartDate="2014-11-08 09:59:14.686 JST" StructureHandle="=CutPlanner_A/src&amp;lt;cp.utils{Methods.java[Methods~get_ViewDimensions~QActivity;[" StructureKind="java" NumEvents="26" CreationCount="1415"/><InteractionEvent Delta="null" EndDate="2014-11-08 09:58:38.800 JST" Interest="3.0" Kind="edit" Navigation="null" OriginId="org.eclipse.jdt.ui.CompilationUnitEditor" StartDate="2014-11-08 09:58:34.245 JST" StructureHandle="=CutPlanner_A/src&amp;lt;cp.utils{Methods.java[Methods~get_ViewDimensions~QActivity;[" StructureKind="java" NumEvents="3" CreationCount="1415"/><InteractionEvent Delta="null" EndDate="2014-11-08 09:48:52.827 JST" Interest="1.0" Kind="selection" Navigation="null" OriginId="org.eclipse.ui.views.ResourceNavigator" StartDate="2014-11-08 09:48:52.827 JST" StructureHandle="/projects_Matsuoka/Step5/05_FingerPaint/src/sample" StructureKind="resource"/><InteractionEvent Delta="null" EndDate="2014-11-08 10:12:18.627 JST" Interest="12.339001" Kind="propagation" Navigation="org.eclipse.mylyn.core.model.edges.containment" OriginId="org.eclipse.mylyn.core.model.interest.propagation" StartDate="2014-11-08 09:48:52.889 JST" StructureHandle="/projects_Matsuoka/Step5/05_FingerPaint/src/sample" StructureKind="resource" NumEvents="14" CreationCount="1300"/><InteractionEvent Delta="null" EndDate="2014-11-08 10:13:20.719 JST" Interest="7.0" Kind="selection" Navigation="null" OriginId="org.eclipse.jdt.ui.CompilationUnitEditor" StartDate="2014-11-08 10:10:58.997 JST" StructureHandle="=CutPlanner_A/src&amp;lt;cp.utils{Methods.java[Methods~db_Backup~QActivity;" StructureKind="java" NumEvents="7" CreationCount="1936"/><InteractionEvent Delta="null" EndDate="2014-11-08 10:13:21.939 JST" Interest="7.0" Kind="edit" Navigation="null" OriginId="org.eclipse.jdt.ui.CompilationUnitEditor" StartDate="2014-11-08 10:11:00.237 JST" StructureHandle="=CutPlanner_A/src&amp;lt;cp.utils{Methods.java[Methods~db_Backup~QActivity;" StructureKind="java" NumEvents="7" CreationCount="1936"/><InteractionEvent Delta="null" EndDate="2014-11-08 09:48:48.582 JST" Interest="1.0" Kind="selection" Navigation="null" OriginId="org.eclipse.ui.views.ResourceNavigator" StartDate="2014-11-08 09:48:48.582 JST" StructureHandle="=projects_Matsuoka/&amp;lt;Step5" StructureKind="java"/><InteractionEvent Delta="null" EndDate="2014-11-08 10:03:45.700 JST" Interest="1.7990003" Kind="manipulation" Navigation="null" OriginId="org.eclipse.mylyn.core.model.interest.decay.correction" StartDate="2014-11-08 10:03:45.700 JST" StructureHandle="=projects_Matsuoka/Step5\/05_FingerPaint\/src\/sample\/step5\/fingerpaint&amp;lt;{FingerPaintActivity.java[FingerPaintActivity~onCreate~QBundle;" StructureKind="java"/><InteractionEvent Delta="null" EndDate="2014-11-08 10:03:45.700 JST" Interest="2.0" Kind="selection" Navigation="null" OriginId="org.eclipse.jdt.ui.CompilationUnitEditor" StartDate="2014-11-08 09:48:56.749 JST" StructureHandle="=projects_Matsuoka/Step5\/05_FingerPaint\/src\/sample\/step5\/fingerpaint&amp;lt;{FingerPaintActivity.java[FingerPaintActivity~onCreate~QBundle;" StructureKind="java" NumEvents="2" CreationCount="1306"/><InteractionEvent Delta="null" EndDate="2014-11-08 09:49:02.395 JST" Interest="2.0" Kind="edit" Navigation="null" OriginId="org.eclipse.jdt.ui.CompilationUnitEditor" StartDate="2014-11-08 09:49:00.617 JST" StructureHandle="=projects_Matsuoka/Step5\/05_FingerPaint\/src\/sample\/step5\/fingerpaint&amp;lt;{FingerPaintActivity.java[FingerPaintActivity~onCreate~QBundle;" StructureKind="java" NumEvents="2" CreationCount="1306"/><InteractionEvent Delta="null" EndDate="2014-11-08 10:01:53.278 JST" Interest="19.0" Kind="selection" Navigation="null" OriginId="org.eclipse.jdt.ui.CompilationUnitEditor" StartDate="2014-11-08 08:42:54.601 JST" StructureHandle="=CutPlanner_A/src&amp;lt;cp.main{MainActv.java" StructureKind="java" NumEvents="19" CreationCount="1"/><InteractionEvent Delta="null" EndDate="2014-11-08 10:03:45.130 JST" Interest="323.178" Kind="propagation" Navigation="org.eclipse.mylyn.core.model.edges.containment" OriginId="org.eclipse.mylyn.core.model.interest.propagation" StartDate="2014-11-08 08:42:53.57 JST" StructureHandle="=CutPlanner_A/src&amp;lt;cp.main{MainActv.java" StructureKind="java" NumEvents="464" CreationCount="1"/><InteractionEvent Delta="null" EndDate="2014-11-08 10:14:29.729 JST" Interest="19.0" Kind="prediction" Navigation="null" OriginId="org.eclipse.mylyn.resources.ui.interest.updater" StartDate="2014-11-08 08:52:27.394 JST" StructureHandle="/CutPlanner_A/bin/CutPlanner_A.apk" StructureKind="resource" NumEvents="19" CreationCount="539"/><InteractionEvent Delta="null" EndDate="2014-11-08 10:06:26.3 JST" Interest="1.0" Kind="selection" Navigation="null" OriginId="org.eclipse.jdt.ui.CompilationUnitEditor" StartDate="2014-11-08 10:06:26.3 JST" StructureHandle="=CutPlanner_A/src&amp;lt;cp.utils{CONS.java[CONS[DB^dPath_Log" StructureKind="java"/><InteractionEvent Delta="null" EndDate="2014-11-08 10:06:26.13 JST" Interest="3.0" Kind="edit" Navigation="null" OriginId="org.eclipse.jdt.ui.CompilationUnitEditor" StartDate="2014-11-08 10:06:26.6 JST" StructureHandle="=CutPlanner_A/src&amp;lt;cp.utils{CONS.java[CONS[DB^dPath_Log" StructureKind="java" NumEvents="3" CreationCount="1676"/><InteractionEvent Delta="null" EndDate="2014-11-08 10:11:59.446 JST" Interest="1.0820003" Kind="manipulation" Navigation="null" OriginId="org.eclipse.mylyn.core.model.interest.decay.correction" StartDate="2014-11-08 10:11:59.446 JST" StructureHandle="=CutPlanner_A/src&amp;lt;cp.utils{CONS.java[CONS[DB^dPath_Data" StructureKind="java"/><InteractionEvent Delta="null" EndDate="2014-11-08 10:11:59.446 JST" Interest="2.0" Kind="selection" Navigation="null" OriginId="org.eclipse.jdt.ui.CompilationUnitEditor" StartDate="2014-11-08 10:06:52.859 JST" StructureHandle="=CutPlanner_A/src&amp;lt;cp.utils{CONS.java[CONS[DB^dPath_Data" StructureKind="java" NumEvents="2" CreationCount="1712"/><InteractionEvent Delta="null" EndDate="2014-11-08 10:11:59.454 JST" Interest="6.0" Kind="edit" Navigation="null" OriginId="org.eclipse.jdt.ui.CompilationUnitEditor" StartDate="2014-11-08 10:06:52.864 JST" StructureHandle="=CutPlanner_A/src&amp;lt;cp.utils{CONS.java[CONS[DB^dPath_Data" StructureKind="java" NumEvents="6" CreationCount="1712"/><InteractionEvent Delta="null" EndDate="2014-11-08 10:12:18.628 JST" Interest="13.271001" Kind="propagation" Navigation="org.eclipse.mylyn.core.model.edges.containment" OriginId="org.eclipse.mylyn.core.model.interest.propagation" StartDate="2014-11-08 09:48:53.57 JST" StructureHandle="=projects_Matsuoka/Step5\/05_FingerPaint\/src\/sample\/step5\/fingerpaint" StructureKind="java" NumEvents="10" CreationCount="1303"/><InteractionEvent Delta="null" EndDate="2014-11-08 08:46:32.691 JST" Interest="1.0" Kind="selection" Navigation="null" OriginId="org.eclipse.ui.views.ContentOutline" StartDate="2014-11-08 08:46:32.691 JST" StructureHandle="=CutPlanner_A/src&amp;lt;cp.listeners.button{BO_CL.java[BO_CL~case_ACTV_MEMO_EDIT_SAVE" StructureKind="java"/><InteractionEvent Delta="null" EndDate="2014-11-08 10:07:12.217 JST" Interest="2.0" Kind="selection" Navigation="null" OriginId="org.eclipse.jdt.ui.CompilationUnitEditor" StartDate="2014-11-08 10:06:24.535 JST" StructureHandle="=CutPlanner_A/src&amp;lt;cp.utils{CONS.java[CONS[DB^fname_DB_Backup_ext" StructureKind="java" NumEvents="2" CreationCount="1672"/><InteractionEvent Delta="null" EndDate="2014-11-08 10:07:12.226 JST" Interest="6.0" Kind="edit" Navigation="null" OriginId="org.eclipse.jdt.ui.CompilationUnitEditor" StartDate="2014-11-08 10:06:24.538 JST" StructureHandle="=CutPlanner_A/src&amp;lt;cp.utils{CONS.java[CONS[DB^fname_DB_Backup_ext" StructureKind="java" NumEvents="6" CreationCount="1672"/><InteractionEvent Delta="null" EndDate="2014-11-08 09:48:52.258 JST" Interest="1.0" Kind="selection" Navigation="null" OriginId="org.eclipse.ui.views.ResourceNavigator" StartDate="2014-11-08 09:48:52.258 JST" StructureHandle="/projects_Matsuoka/Step5/05_FingerPaint/src" StructureKind="resource"/><InteractionEvent Delta="null" EndDate="2014-11-08 10:12:18.627 JST" Interest="12.356001" Kind="propagation" Navigation="org.eclipse.mylyn.core.model.edges.containment" OriginId="org.eclipse.mylyn.core.model.interest.propagation" StartDate="2014-11-08 09:48:52.827 JST" StructureHandle="/projects_Matsuoka/Step5/05_FingerPaint/src" StructureKind="resource" NumEvents="15" CreationCount="1299"/><InteractionEvent Delta="null" EndDate="2014-11-08 10:14:26.349 JST" Interest="29.0" Kind="selection" Navigation="null" OriginId="org.eclipse.jdt.ui.CompilationUnitEditor" StartDate="2014-11-08 08:54:53.353 JST" StructureHandle="=CutPlanner_A/src&amp;lt;cp.utils{Methods.java" StructureKind="java" NumEvents="29" CreationCount="578"/><InteractionEvent Delta="null" EndDate="2014-11-08 10:35:47.255 JST" Interest="234.239" Kind="propagation" Navigation="org.eclipse.mylyn.core.model.edges.containment" OriginId="org.eclipse.mylyn.core.model.interest.propagation" StartDate="2014-11-08 08:54:54.397 JST" StructureHandle="=CutPlanner_A/src&amp;lt;cp.utils{Methods.java" StructureKind="java" NumEvents="335" CreationCount="578"/><InteractionEvent Delta="null" EndDate="2014-11-08 09:40:34.593 JST" Interest="1.0" Kind="edit" Navigation="null" OriginId="org.eclipse.jdt.ui.CompilationUnitEditor" StartDate="2014-11-08 09:40:34.593 JST" StructureHandle="=CutPlanner_A/src&amp;lt;cp.utils{Methods.java" StructureKind="java"/><InteractionEvent Delta="null" EndDate="2014-11-08 08:43:31.104 JST" Interest="1.0" Kind="selection" Navigation="null" OriginId="org.eclipse.jdt.ui.PackageExplorer" StartDate="2014-11-08 08:43:31.104 JST" StructureHandle="=CutPlanner_A/src" StructureKind="java"/><InteractionEvent Delta="null" EndDate="2014-11-08 10:03:45.131 JST" Interest="341.178" Kind="propagation" Navigation="org.eclipse.mylyn.core.model.edges.containment" OriginId="org.eclipse.mylyn.core.model.interest.propagation" StartDate="2014-11-08 08:42:53.59 JST" StructureHandle="=CutPlanner_A/src" StructureKind="java" NumEvents="483" CreationCount="1"/><InteractionEvent Delta="null" EndDate="2014-11-08 10:02:24.873 JST" Interest="17.0" Kind="propagation" Navigation="org.eclipse.mylyn.core.model.edges.containment" OriginId="org.eclipse.mylyn.core.model.interest.propagation" StartDate="2014-11-08 08:52:27.394 JST" StructureHandle="/CutPlanner_A/bin" StructureKind="resource" NumEvents="5" CreationCount="539"/><InteractionEvent Delta="null" EndDate="2014-11-08 08:55:28.864 JST" Interest="1.0" Kind="selection" Navigation="null" OriginId="org.eclipse.ui.views.ContentOutline" StartDate="2014-11-08 08:55:28.864 JST" StructureHandle="=CutPlanner_A/src&amp;lt;cp.views{CV.java%cp.views" StructureKind="java"/><InteractionEvent Delta="null" EndDate="2014-11-08 09:12:46.682 JST" Interest="2.0" Kind="selection" Navigation="null" OriginId="org.eclipse.jdt.ui.CompilationUnitEditor" StartDate="2014-11-08 09:12:40.230 JST" StructureHandle="=CutPlanner_A/src&amp;lt;cp.utils{CONS.java[CONS[Canvas" StructureKind="java" NumEvents="2" CreationCount="716"/><InteractionEvent Delta="null" EndDate="2014-11-08 09:12:41.692 JST" Interest="5.0" Kind="edit" Navigation="null" OriginId="org.eclipse.jdt.ui.CompilationUnitEditor" StartDate="2014-11-08 09:12:40.351 JST" StructureHandle="=CutPlanner_A/src&amp;lt;cp.utils{CONS.java[CONS[Canvas" StructureKind="java" NumEvents="5" CreationCount="716"/><InteractionEvent Delta="null" EndDate="2014-11-08 10:12:27.93 JST" Interest="76.937004" Kind="propagation" Navigation="org.eclipse.mylyn.core.model.edges.containment" OriginId="org.eclipse.mylyn.core.model.interest.propagation" StartDate="2014-11-08 09:12:40.231 JST" StructureHandle="=CutPlanner_A/src&amp;lt;cp.utils{CONS.java[CONS" StructureKind="java" NumEvents="114" CreationCount="716"/><InteractionEvent Delta="null" EndDate="2014-11-08 10:12:18.628 JST" Interest="22.0" Kind="propagation" Navigation="null" OriginId="org.eclipse.jdt.ui.CompilationUnitEditor" StartDate="2014-11-08 09:48:46.611 JST" StructureHandle="/projects_Matsuoka" StructureKind="resource" NumEvents="22" CreationCount="1294"/><InteractionEvent Delta="null" EndDate="2014-11-08 08:46:39.485 JST" Interest="1.0" Kind="selection" Navigation="null" OriginId="org.eclipse.ui.views.ContentOutline" StartDate="2014-11-08 08:46:39.485 JST" StructureHandle="=CutPlanner_A/src&amp;lt;cp.listeners.button{BO_CL.java[BO_CL~case_ACTV_SHOWLIST_BOTTOM" StructureKind="java"/><InteractionEvent Delta="null" EndDate="2014-11-08 09:41:05.74 JST" Interest="3.402001" Kind="manipulation" Navigation="null" OriginId="org.eclipse.mylyn.core.model.interest.decay.correction" StartDate="2014-11-08 09:41:05.74 JST" StructureHandle="=CutPlanner_A/src&amp;lt;cp.listeners.button{BO_CL.java[BO_CL~case_ACTV_MAIN_BT_GO" StructureKind="java"/><InteractionEvent Delta="null" EndDate="2014-11-08 09:41:13.632 JST" Interest="5.0" Kind="selection" Navigation="null" OriginId="org.eclipse.jdt.ui.CompilationUnitEditor" StartDate="2014-11-08 08:54:31.615 JST" StructureHandle="=CutPlanner_A/src&amp;lt;cp.listeners.button{BO_CL.java[BO_CL~case_ACTV_MAIN_BT_GO" StructureKind="java" NumEvents="5" CreationCount="569"/><InteractionEvent Delta="null" EndDate="2014-11-08 09:41:11.200 JST" Interest="10.0" Kind="edit" Navigation="null" OriginId="org.eclipse.jdt.ui.CompilationUnitEditor" StartDate="2014-11-08 08:54:32.487 JST" StructureHandle="=CutPlanner_A/src&amp;lt;cp.listeners.button{BO_CL.java[BO_CL~case_ACTV_MAIN_BT_GO" StructureKind="java" NumEvents="10" CreationCount="569"/><InteractionEvent Delta="null" EndDate="2014-11-08 09:48:38.139 JST" Interest="4.753002" Kind="manipulation" Navigation="null" OriginId="org.eclipse.mylyn.core.model.interest.decay.correction" StartDate="2014-11-08 09:48:38.139 JST" StructureHandle="/TA2/src/ta2/listeners/button" StructureKind="resource"/><InteractionEvent Delta="null" EndDate="2014-11-08 09:48:38.139 JST" Interest="17.99" Kind="propagation" Navigation="null" OriginId="org.eclipse.ui.views.ResourceNavigator" StartDate="2014-11-08 08:43:08.138 JST" StructureHandle="/TA2/src/ta2/listeners/button" StructureKind="resource" NumEvents="14" CreationCount="13"/><InteractionEvent Delta="null" EndDate="2014-11-08 10:11:56.461 JST" Interest="10.0" Kind="selection" Navigation="null" OriginId="org.eclipse.jdt.ui.CompilationUnitEditor" StartDate="2014-11-08 10:07:01.671 JST" StructureHandle="=CutPlanner_A/src&amp;lt;cp.utils{CONS.java[CONS[DB^dPath_Image" StructureKind="java" NumEvents="10" CreationCount="1728"/><InteractionEvent Delta="null" EndDate="2014-11-08 10:09:40.803 JST" Interest="21.0" Kind="edit" Navigation="null" OriginId="org.eclipse.jdt.ui.CompilationUnitEditor" StartDate="2014-11-08 10:07:01.675 JST" StructureHandle="=CutPlanner_A/src&amp;lt;cp.utils{CONS.java[CONS[DB^dPath_Image" StructureKind="java" NumEvents="21" CreationCount="1728"/><InteractionEvent Delta="null" EndDate="2014-11-08 08:46:39.478 JST" Interest="1.0" Kind="selection" Navigation="null" OriginId="org.eclipse.ui.views.ContentOutline" StartDate="2014-11-08 08:46:39.478 JST" StructureHandle="=CutPlanner_A/src&amp;lt;cp.listeners.button{BO_CL.java[BO_CL~case_ACTV_REC_STOP" StructureKind="java"/><InteractionEvent Delta="null" EndDate="2014-11-08 10:14:16.391 JST" Interest="320.0" Kind="propagation" Navigation="null" OriginId="org.eclipse.jdt.ui.CompilationUnitEditor" StartDate="2014-11-08 09:12:36.346 JST" StructureHandle="/CutPlanner_A/src/cp/utils/CONS.java" StructureKind="resource" NumEvents="320" CreationCount="714"/><InteractionEvent Delta="null" EndDate="2014-11-08 10:05:01.944 JST" Interest="90.0" Kind="propagation" Navigation="null" OriginId="org.eclipse.jdt.ui.CompilationUnitEditor" StartDate="2014-11-08 08:55:24.609 JST" StructureHandle="/CutPlanner_A/src/cp/views/CV.java" StructureKind="resource" NumEvents="90" CreationCount="591"/><InteractionEvent Delta="null" EndDate="2014-11-08 08:43:05.48 JST" Interest="1.0" Kind="selection" Navigation="null" OriginId="org.eclipse.ui.views.ResourceNavigator" StartDate="2014-11-08 08:43:05.48 JST" StructureHandle="=TA2/src&amp;lt;ta2" StructureKind="java"/><InteractionEvent Delta="null" EndDate="2014-11-08 10:05:53.821 JST" Interest="1.0" Kind="selection" Navigation="null" OriginId="org.eclipse.jdt.ui.CompilationUnitEditor" StartDate="2014-11-08 10:05:53.821 JST" StructureHandle="=TA2/src&amp;lt;ta2.utils{CONS.java[CONS[DB^dPath_Data_Root" StructureKind="java"/><InteractionEvent Delta="null" EndDate="2014-11-08 10:05:55.795 JST" Interest="3.0" Kind="edit" Navigation="null" OriginId="org.eclipse.jdt.ui.CompilationUnitEditor" StartDate="2014-11-08 10:05:53.844 JST" StructureHandle="=TA2/src&amp;lt;ta2.utils{CONS.java[CONS[DB^dPath_Data_Root" StructureKind="java" NumEvents="3" CreationCount="1643"/><InteractionEvent Delta="null" EndDate="2014-11-08 08:46:39.506 JST" Interest="1.0" Kind="selection" Navigation="null" OriginId="org.eclipse.ui.views.ContentOutline" StartDate="2014-11-08 08:46:39.506 JST" StructureHandle="=CutPlanner_A/src&amp;lt;cp.listeners.button{BO_CL.java[BO_CL~case_ACTV_TN_IB_BACK" StructureKind="java"/><InteractionEvent Delta="null" EndDate="2014-11-08 09:12:51.754 JST" Interest="3.0" Kind="selection" Navigation="null" OriginId="org.eclipse.jdt.ui.CompilationUnitEditor" StartDate="2014-11-08 09:12:46.577 JST" StructureHandle="=CutPlanner_A/src&amp;lt;cp.utils{CONS.java[CONS[Paths" StructureKind="java" NumEvents="3" CreationCount="722"/><InteractionEvent Delta="null" EndDate="2014-11-08 09:12:48.916 JST" Interest="6.0" Kind="edit" Navigation="null" OriginId="org.eclipse.jdt.ui.CompilationUnitEditor" StartDate="2014-11-08 09:12:47.179 JST" StructureHandle="=CutPlanner_A/src&amp;lt;cp.utils{CONS.java[CONS[Paths" StructureKind="java" NumEvents="6" CreationCount="722"/><InteractionEvent Delta="null" EndDate="2014-11-08 08:46:53.970 JST" Interest="1.2780001" Kind="manipulation" Navigation="null" OriginId="org.eclipse.mylyn.core.model.interest.decay.correction" StartDate="2014-11-08 08:46:53.970 JST" StructureHandle="=CutPlanner_A/src&amp;lt;cp.main{MainActv.java[MainActv~_Setup__SetListener" StructureKind="java"/><InteractionEvent Delta="null" EndDate="2014-11-08 10:03:27.395 JST" Interest="21.0" Kind="selection" Navigation="null" OriginId="org.eclipse.jdt.ui.CompilationUnitEditor" StartDate="2014-11-08 08:42:53.55 JST" StructureHandle="=CutPlanner_A/src&amp;lt;cp.main{MainActv.java[MainActv~_Setup__SetListener" StructureKind="java" NumEvents="21" CreationCount="1"/><InteractionEvent Delta="null" EndDate="2014-11-08 10:03:45.130 JST" Interest="457.0" Kind="edit" Navigation="null" OriginId="org.eclipse.jdt.ui.CompilationUnitEditor" StartDate="2014-11-08 08:46:53.974 JST" StructureHandle="=CutPlanner_A/src&amp;lt;cp.main{MainActv.java[MainActv~_Setup__SetListener" StructureKind="java" NumEvents="457" CreationCount="1"/><InteractionEvent Delta="null" EndDate="2014-11-08 10:13:18.797 JST" Interest="1.0" Kind="selection" Navigation="null" OriginId="org.eclipse.jdt.ui.CompilationUnitEditor" StartDate="2014-11-08 10:13:18.797 JST" StructureHandle="=CutPlanner_A/src&amp;lt;cp.listeners.button{BO_CL.java[BO_CL" StructureKind="java"/><InteractionEvent Delta="null" EndDate="2014-11-08 10:13:18.797 JST" Interest="8.907999" Kind="manipulation" Navigation="null" OriginId="org.eclipse.mylyn.core.model.interest.decay.correction" StartDate="2014-11-08 10:13:18.797 JST" StructureHandle="=CutPlanner_A/src&amp;lt;cp.listeners.button{BO_CL.java[BO_CL" StructureKind="java"/><InteractionEvent Delta="null" EndDate="2014-11-08 09:41:13.632 JST" Interest="24.021002" Kind="propagation" Navigation="org.eclipse.mylyn.core.model.edges.containment" OriginId="org.eclipse.mylyn.core.model.interest.propagation" StartDate="2014-11-08 08:45:29.709 JST" StructureHandle="=CutPlanner_A/src&amp;lt;cp.listeners.button{BO_CL.java[BO_CL" StructureKind="java" NumEvents="33" CreationCount="62"/><InteractionEvent Delta="null" EndDate="2014-11-08 08:43:06.923 JST" Interest="1.0" Kind="selection" Navigation="null" OriginId="org.eclipse.ui.views.ResourceNavigator" StartDate="2014-11-08 08:43:06.923 JST" StructureHandle="=TA2/src&amp;lt;ta2.listeners" StructureKind="java"/><InteractionEvent Delta="null" EndDate="2014-11-08 10:12:19.73 JST" Interest="15.0" Kind="selection" Navigation="null" OriginId="org.eclipse.jdt.ui.CompilationUnitEditor" StartDate="2014-11-08 09:12:51.658 JST" StructureHandle="=CutPlanner_A/src&amp;lt;cp.utils{CONS.java[CONS[DB" StructureKind="java" NumEvents="15" CreationCount="731"/><InteractionEvent Delta="null" EndDate="2014-11-08 10:05:12.25 JST" Interest="21.082" Kind="propagation" Navigation="org.eclipse.mylyn.core.model.edges.containment" OriginId="org.eclipse.mylyn.core.model.interest.propagation" StartDate="2014-11-08 09:13:07.107 JST" StructureHandle="=CutPlanner_A/src&amp;lt;cp.utils{CONS.java[CONS[DB" StructureKind="java" NumEvents="24" CreationCount="731"/><InteractionEvent Delta="null" EndDate="2014-11-08 10:12:22.655 JST" Interest="58.0" Kind="edit" Navigation="null" OriginId="org.eclipse.jdt.ui.CompilationUnitEditor" StartDate="2014-11-08 09:12:52.249 JST" StructureHandle="=CutPlanner_A/src&amp;lt;cp.utils{CONS.java[CONS[DB" StructureKind="java" NumEvents="58" CreationCount="731"/><InteractionEvent Delta="null" EndDate="2014-11-08 10:14:29.729 JST" Interest="19.0" Kind="prediction" Navigation="null" OriginId="org.eclipse.mylyn.resources.ui.interest.updater" StartDate="2014-11-08 08:52:27.394 JST" StructureHandle="/CutPlanner_A/bin/classes.dex" StructureKind="resource" NumEvents="19" CreationCount="539"/><InteractionEvent Delta="null" EndDate="2014-11-08 10:35:48.574 JST" Interest="1105.856" Kind="propagation" Navigation="null" OriginId="org.eclipse.jdt.ui.CompilationUnitEditor" StartDate="2014-11-08 08:48:30.499 JST" StructureHandle="/CutPlanner_A/src/cp/utils" StructureKind="resource" NumEvents="1105" CreationCount="284"/><InteractionEvent Delta="null" EndDate="2014-11-08 10:35:48.575 JST" Interest="1949.0" Kind="propagation" Navigation="org.eclipse.mylyn.core.model.edges.containment" OriginId="org.eclipse.mylyn.core.model.interest.propagation" StartDate="2014-11-08 08:42:53.57 JST" StructureHandle="=CutPlanner_A" StructureKind="resource" NumEvents="1949" CreationCount="1"/><InteractionEvent Delta="null" EndDate="2014-11-08 10:12:18.627 JST" Interest="13.424001" Kind="propagation" Navigation="org.eclipse.mylyn.core.model.edges.containment" OriginId="org.eclipse.mylyn.core.model.interest.propagation" StartDate="2014-11-08 09:48:48.582 JST" StructureHandle="/projects_Matsuoka/Step5" StructureKind="resource" NumEvents="20" CreationCount="1295"/><InteractionEvent Delta="null" EndDate="2014-11-08 08:46:32.701 JST" Interest="1.0" Kind="selection" Navigation="null" OriginId="org.eclipse.ui.views.ContentOutline" StartDate="2014-11-08 08:46:32.701 JST" StructureHandle="=CutPlanner_A/src&amp;lt;cp.listeners.button{BO_CL.java[BO_CL~case_ACTV_PHOTO_DOWN" StructureKind="java"/><InteractionEvent Delta="null" EndDate="2014-11-08 08:50:10.348 JST" Interest="4.573" Kind="propagation" Navigation="org.eclipse.mylyn.core.model.edges.containment" OriginId="org.eclipse.mylyn.core.model.interest.propagation" StartDate="2014-11-08 08:48:31.350 JST" StructureHandle="=CutPlanner_A/src&amp;lt;cp.utils{Tags.java[Tags" StructureKind="java" NumEvents="4" CreationCount="285"/><InteractionEvent Delta="null" EndDate="2014-11-08 10:13:17.859 JST" Interest="7.8910007" Kind="manipulation" Navigation="null" OriginId="org.eclipse.mylyn.core.model.interest.decay.correction" StartDate="2014-11-08 10:01:52.719 JST" StructureHandle="=CutPlanner_A/src&amp;lt;cp.listeners.button{BO_CL.java" StructureKind="java" NumEvents="2" CreationCount="19"/><InteractionEvent Delta="null" EndDate="2014-11-08 10:13:17.859 JST" Interest="12.0" Kind="selection" Navigation="null" OriginId="org.eclipse.jdt.ui.CompilationUnitEditor" StartDate="2014-11-08 08:43:52.703 JST" StructureHandle="=CutPlanner_A/src&amp;lt;cp.listeners.button{BO_CL.java" StructureKind="java" NumEvents="12" CreationCount="19"/><InteractionEvent Delta="null" EndDate="2014-11-08 10:13:18.797 JST" Interest="14.768999" Kind="propagation" Navigation="org.eclipse.mylyn.core.model.edges.containment" OriginId="org.eclipse.mylyn.core.model.interest.propagation" StartDate="2014-11-08 08:43:50.345 JST" StructureHandle="=CutPlanner_A/src&amp;lt;cp.listeners.button{BO_CL.java" StructureKind="java" NumEvents="25" CreationCount="19"/><InteractionEvent Delta="null" EndDate="2014-11-08 10:09:11.883 JST" Interest="2.0" Kind="selection" Navigation="null" OriginId="org.eclipse.jdt.ui.CompilationUnitEditor" StartDate="2014-11-08 10:08:24.835 JST" StructureHandle="=CutPlanner_A/src&amp;lt;cp.utils{CONS.java[CONS[DB^fname_Image_trunk" StructureKind="java" NumEvents="2" CreationCount="1834"/><InteractionEvent Delta="null" EndDate="2014-11-08 10:08:32.329 JST" Interest="15.0" Kind="edit" Navigation="null" OriginId="org.eclipse.jdt.ui.CompilationUnitEditor" StartDate="2014-11-08 10:08:24.839 JST" StructureHandle="=CutPlanner_A/src&amp;lt;cp.utils{CONS.java[CONS[DB^fname_Image_trunk" StructureKind="java" NumEvents="15" CreationCount="1834"/><InteractionEvent Delta="null" EndDate="2014-11-08 08:51:11.163 JST" Interest="6.9220004" Kind="manipulation" Navigation="null" OriginId="org.eclipse.mylyn.core.model.interest.decay.correction" StartDate="2014-11-08 08:51:11.163 JST" StructureHandle="=TA2/src&amp;lt;ta2.listeners.button{BO_TL.java" StructureKind="java"/><InteractionEvent Delta="null" EndDate="2014-11-08 08:55:14.422 JST" Interest="5.0" Kind="selection" Navigation="null" OriginId="org.eclipse.ui.views.ResourceNavigator" StartDate="2014-11-08 08:43:10.649 JST" StructureHandle="=TA2/src&amp;lt;ta2.listeners.button{BO_TL.java" StructureKind="java" NumEvents="5" CreationCount="16"/><InteractionEvent Delta="null" EndDate="2014-11-08 08:47:10.41 JST" Interest="1.0" Kind="selection" Navigation="null" OriginId="org.eclipse.jdt.ui.PackageExplorer" StartDate="2014-11-08 08:47:10.41 JST" StructureHandle="/CutPlanner_A/res/layout" StructureKind="resource"/><InteractionEvent Delta="null" EndDate="2014-11-08 08:50:51.844 JST" Interest="5.3720007" Kind="propagation" Navigation="org.eclipse.mylyn.core.model.edges.containment" OriginId="org.eclipse.mylyn.core.model.interest.propagation" StartDate="2014-11-08 08:47:11.320 JST" StructureHandle="/CutPlanner_A/res/layout" StructureKind="resource" NumEvents="6" CreationCount="158"/><InteractionEvent Delta="null" EndDate="2014-11-08 09:48:51.17 JST" Interest="1.0" Kind="selection" Navigation="null" OriginId="org.eclipse.ui.views.ResourceNavigator" StartDate="2014-11-08 09:48:51.17 JST" StructureHandle="/projects_Matsuoka/Step5/05_FingerPaint/gen/sample" StructureKind="resource"/><InteractionEvent Delta="null" EndDate="2014-11-08 08:46:39.501 JST" Interest="1.0" Kind="selection" Navigation="null" OriginId="org.eclipse.ui.views.ContentOutline" StartDate="2014-11-08 08:46:39.501 JST" StructureHandle="=CutPlanner_A/src&amp;lt;cp.listeners.button{BO_CL.java[BO_CL~case_ACTV_SHOWLOG_IB_TOP" StructureKind="java"/><InteractionEvent Delta="null" EndDate="2014-11-08 10:08:21.841 JST" Interest="5.0" Kind="selection" Navigation="null" OriginId="org.eclipse.jdt.ui.CompilationUnitEditor" StartDate="2014-11-08 10:07:38.35 JST" StructureHandle="=CutPlanner_A/src&amp;lt;cp.utils{CONS.java[CONS[DB^fname_Image_ext" StructureKind="java" NumEvents="5" CreationCount="1776"/><InteractionEvent Delta="null" EndDate="2014-11-08 10:08:21.854 JST" Interest="21.0" Kind="edit" Navigation="null" OriginId="org.eclipse.jdt.ui.CompilationUnitEditor" StartDate="2014-11-08 10:07:38.40 JST" StructureHandle="=CutPlanner_A/src&amp;lt;cp.utils{CONS.java[CONS[DB^fname_Image_ext" StructureKind="java" NumEvents="21" CreationCount="1776"/><InteractionEvent Delta="null" EndDate="2014-11-08 10:06:08.397 JST" Interest="1.0" Kind="selection" Navigation="null" OriginId="org.eclipse.jdt.ui.CompilationUnitEditor" StartDate="2014-11-08 10:06:08.397 JST" StructureHandle="=CutPlanner_A/src&amp;lt;cp.utils{CONS.java[CONS[DB^dPath_dbFile" StructureKind="java"/><InteractionEvent Delta="null" EndDate="2014-11-08 10:06:08.405 JST" Interest="3.0" Kind="edit" Navigation="null" OriginId="org.eclipse.jdt.ui.CompilationUnitEditor" StartDate="2014-11-08 10:06:08.399 JST" StructureHandle="=CutPlanner_A/src&amp;lt;cp.utils{CONS.java[CONS[DB^dPath_dbFile" StructureKind="java" NumEvents="3" CreationCount="1656"/><InteractionEvent Delta="null" EndDate="2014-11-08 10:01:52.899 JST" Interest="18.0" Kind="selection" Navigation="null" OriginId="org.eclipse.jdt.ui.CompilationUnitEditor" StartDate="2014-11-08 08:43:52.706 JST" StructureHandle="=CutPlanner_A/src&amp;lt;cp.listeners.button{BO_TL.java" StructureKind="java" NumEvents="18" CreationCount="19"/><InteractionEvent Delta="null" EndDate="2014-11-08 08:53:56.798 JST" Interest="33.236" Kind="propagation" Navigation="org.eclipse.mylyn.core.model.edges.containment" OriginId="org.eclipse.mylyn.core.model.interest.propagation" StartDate="2014-11-08 08:43:50.345 JST" StructureHandle="=CutPlanner_A/src&amp;lt;cp.listeners.button{BO_TL.java" StructureKind="java" NumEvents="47" CreationCount="19"/><InteractionEvent Delta="null" EndDate="2014-11-08 08:55:16.30 JST" Interest="0.8870001" Kind="manipulation" Navigation="null" OriginId="org.eclipse.mylyn.core.model.interest.decay.correction" StartDate="2014-11-08 08:55:16.30 JST" StructureHandle="=CutPlanner_A/src&amp;lt;cp.main{MainActv.java[MainActv~onStart" StructureKind="java"/><InteractionEvent Delta="null" EndDate="2014-11-08 08:55:16.30 JST" Interest="2.0" Kind="selection" Navigation="null" OriginId="org.eclipse.jdt.ui.PackageExplorer" StartDate="2014-11-08 08:50:51.984 JST" StructureHandle="=CutPlanner_A/src&amp;lt;cp.main{MainActv.java[MainActv~onStart" StructureKind="java" NumEvents="2" CreationCount="476"/><InteractionEvent Delta="null" EndDate="2014-11-08 10:35:47.255 JST" Interest="12.0" Kind="selection" Navigation="null" OriginId="org.eclipse.jdt.ui.CompilationUnitEditor" StartDate="2014-11-08 08:55:02.887 JST" StructureHandle="=CutPlanner_A/src&amp;lt;cp.utils{Methods.java[Methods" StructureKind="java" NumEvents="12" CreationCount="579"/><InteractionEvent Delta="null" EndDate="2014-11-08 10:35:44.218 JST" Interest="247.722" Kind="propagation" Navigation="org.eclipse.mylyn.core.model.edges.containment" OriginId="org.eclipse.mylyn.core.model.interest.propagation" StartDate="2014-11-08 08:54:54.397 JST" StructureHandle="=CutPlanner_A/src&amp;lt;cp.utils{Methods.java[Methods" StructureKind="java" NumEvents="350" CreationCount="579"/><InteractionEvent Delta="null" EndDate="2014-11-08 10:11:22.302 JST" Interest="6.0" Kind="edit" Navigation="null" OriginId="org.eclipse.jdt.ui.CompilationUnitEditor" StartDate="2014-11-08 09:40:05.532 JST" StructureHandle="=CutPlanner_A/src&amp;lt;cp.utils{Methods.java[Methods" StructureKind="java" NumEvents="6" CreationCount="579"/><InteractionEvent Delta="null" EndDate="2014-11-08 09:16:38.583 JST" Interest="1.0" Kind="prediction" Navigation="null" OriginId="org.eclipse.mylyn.resources.ui.interest.updater" StartDate="2014-11-08 09:16:38.583 JST" StructureHandle="/CutPlanner_A/bin/AndroidManifest.xml" StructureKind="resource"/><InteractionEvent Delta="null" EndDate="2014-11-08 09:48:38.139 JST" Interest="22.760002" Kind="propagation" Navigation="org.eclipse.mylyn.core.model.edges.containment" OriginId="org.eclipse.mylyn.core.model.interest.propagation" StartDate="2014-11-08 08:43:06.925 JST" StructureHandle="/TA2/src/ta2/listeners" StructureKind="resource" NumEvents="15" CreationCount="12"/><InteractionEvent Delta="null" EndDate="2014-11-08 08:50:10.348 JST" Interest="4.573" Kind="propagation" Navigation="org.eclipse.mylyn.core.model.edges.containment" OriginId="org.eclipse.mylyn.core.model.interest.propagation" StartDate="2014-11-08 08:48:31.349 JST" StructureHandle="=CutPlanner_A/src&amp;lt;cp.utils{Tags.java[Tags[ButtonTags" StructureKind="java" NumEvents="4" CreationCount="285"/><InteractionEvent Delta="null" EndDate="2014-11-08 08:50:52.463 JST" Interest="3.0" Kind="selection" Navigation="null" OriginId="org.eclipse.ui.views.ResourceNavigator" StartDate="2014-11-08 08:43:45.769 JST" StructureHandle="=CutPlanner_A/src&amp;lt;cp.listeners.button" StructureKind="java" NumEvents="3" CreationCount="18"/><InteractionEvent Delta="null" EndDate="2014-11-08 10:01:53.96 JST" Interest="48.253" Kind="propagation" Navigation="org.eclipse.mylyn.core.model.edges.containment" OriginId="org.eclipse.mylyn.core.model.interest.propagation" StartDate="2014-11-08 08:43:45.671 JST" StructureHandle="=CutPlanner_A/src&amp;lt;cp.listeners.button" StructureKind="java" NumEvents="70" CreationCount="18"/><InteractionEvent Delta="null" EndDate="2014-11-08 08:46:32.688 JST" Interest="1.0" Kind="selection" Navigation="null" OriginId="org.eclipse.ui.views.ContentOutline" StartDate="2014-11-08 08:46:32.688 JST" StructureHandle="=CutPlanner_A/src&amp;lt;cp.listeners.button{BO_CL.java[BO_CL~case_ACTV_MEMO_EDIT_BACK" StructureKind="java"/><InteractionEvent Delta="null" EndDate="2014-11-08 09:16:51.3 JST" Interest="2.0" Kind="prediction" Navigation="null" OriginId="org.eclipse.mylyn.resources.ui.interest.updater" StartDate="2014-11-08 08:52:27.394 JST" StructureHandle="/CutPlanner_A/bin/resources.ap_" StructureKind="resource" NumEvents="2" CreationCount="539"/><InteractionEvent Delta="null" EndDate="2014-11-08 09:48:52.889 JST" Interest="1.0" Kind="selection" Navigation="null" OriginId="org.eclipse.ui.views.ResourceNavigator" StartDate="2014-11-08 09:48:52.889 JST" StructureHandle="/projects_Matsuoka/Step5/05_FingerPaint/src/sample/step5" StructureKind="resource"/><InteractionEvent Delta="null" EndDate="2014-11-08 10:12:18.627 JST" Interest="12.3220005" Kind="propagation" Navigation="org.eclipse.mylyn.core.model.edges.containment" OriginId="org.eclipse.mylyn.core.model.interest.propagation" StartDate="2014-11-08 09:48:52.955 JST" StructureHandle="/projects_Matsuoka/Step5/05_FingerPaint/src/sample/step5" StructureKind="resource" NumEvents="13" CreationCount="1301"/><InteractionEvent Delta="null" EndDate="2014-11-08 08:46:39.496 JST" Interest="1.0" Kind="selection" Navigation="null" OriginId="org.eclipse.ui.views.ContentOutline" StartDate="2014-11-08 08:46:39.496 JST" StructureHandle="=CutPlanner_A/src&amp;lt;cp.listeners.button{BO_CL.java[BO_CL~case_ACTV_SHOWLOG_IB_BOTTOM" StructureKind="java"/><InteractionEvent Delta="null" EndDate="2014-11-08 09:48:50.950 JST" Interest="1.0" Kind="selection" Navigation="null" OriginId="org.eclipse.ui.views.ResourceNavigator" StartDate="2014-11-08 09:48:50.950 JST" StructureHandle="/projects_Matsuoka/Step5/05_FingerPaint/gen" StructureKind="resource"/><InteractionEvent Delta="null" EndDate="2014-11-08 09:48:51.17 JST" Interest="0.01700002" Kind="propagation" Navigation="org.eclipse.mylyn.core.model.edges.containment" OriginId="org.eclipse.mylyn.core.model.interest.propagation" StartDate="2014-11-08 09:48:51.17 JST" StructureHandle="/projects_Matsuoka/Step5/05_FingerPaint/gen" StructureKind="resource"/><InteractionEvent Delta="null" EndDate="2014-11-08 10:05:01.733 JST" Interest="7.0" Kind="selection" Navigation="null" OriginId="org.eclipse.jdt.ui.CompilationUnitEditor" StartDate="2014-11-08 08:55:24.608 JST" StructureHandle="=CutPlanner_A/src&amp;lt;cp.views{CV.java" StructureKind="java" NumEvents="7" CreationCount="591"/><InteractionEvent Delta="null" EndDate="2014-11-08 09:39:51.135 JST" Interest="39.934" Kind="propagation" Navigation="org.eclipse.mylyn.core.model.edges.containment" OriginId="org.eclipse.mylyn.core.model.interest.propagation" StartDate="2014-11-08 08:55:28.864 JST" StructureHandle="=CutPlanner_A/src&amp;lt;cp.views{CV.java" StructureKind="java" NumEvents="60" CreationCount="591"/><InteractionEvent Delta="null" EndDate="2014-11-08 10:09:27.537 JST" Interest="5.0" Kind="selection" Navigation="null" OriginId="org.eclipse.jdt.ui.CompilationUnitEditor" StartDate="2014-11-08 10:06:28.916 JST" StructureHandle="=CutPlanner_A/src&amp;lt;cp.utils{CONS.java[CONS[DB^dPath_Data_Root" StructureKind="java" NumEvents="5" CreationCount="1680"/><InteractionEvent Delta="null" EndDate="2014-11-08 10:09:15.969 JST" Interest="16.0" Kind="edit" Navigation="null" OriginId="org.eclipse.jdt.ui.CompilationUnitEditor" StartDate="2014-11-08 10:06:28.918 JST" StructureHandle="=CutPlanner_A/src&amp;lt;cp.utils{CONS.java[CONS[DB^dPath_Data_Root" StructureKind="java" NumEvents="16" CreationCount="1680"/><InteractionEvent Delta="null" EndDate="2014-11-08 10:05:47.122 JST" Interest="1.0" Kind="selection" Navigation="null" OriginId="org.eclipse.ui.views.ResourceNavigator" StartDate="2014-11-08 10:05:47.122 JST" StructureHandle="=TA2/src&amp;lt;ta2.utils" StructureKind="java"/><InteractionEvent Delta="null" EndDate="2014-11-08 10:12:16.733 JST" Interest="12.970002" Kind="propagation" Navigation="org.eclipse.mylyn.core.model.edges.containment" OriginId="org.eclipse.mylyn.core.model.interest.propagation" StartDate="2014-11-08 10:05:48.80 JST" StructureHandle="=TA2/src&amp;lt;ta2.utils" StructureKind="java" NumEvents="24" CreationCount="1633"/><InteractionEvent Delta="null" EndDate="2014-11-08 09:48:53.56 JST" Interest="1.0" Kind="propagation" Navigation="null" OriginId="org.eclipse.ui.views.ResourceNavigator" StartDate="2014-11-08 09:48:53.56 JST" StructureHandle="/projects_Matsuoka/Step5/05_FingerPaint/src/sample/step5/fingerpaint/FileListAdapter.java" StructureKind="resource"/><InteractionEvent Delta="null" EndDate="2014-11-08 08:44:13.389 JST" Interest="1.0" Kind="selection" Navigation="null" OriginId="org.eclipse.jdt.ui.CompilationUnitEditor" StartDate="2014-11-08 08:44:13.389 JST" StructureHandle="=CutPlanner_A/src&amp;lt;cp.listeners.button{BO_TL.java#android.app.Activity" StructureKind="java"/><InteractionEvent Delta="null" EndDate="2014-11-08 08:55:17.898 JST" Interest="5.0" Kind="selection" Navigation="null" OriginId="org.eclipse.jdt.ui.PackageExplorer" StartDate="2014-11-08 08:42:53.731 JST" StructureHandle="=CutPlanner_A/src&amp;lt;cp.main{MainActv.java[MainActv" StructureKind="java" NumEvents="5" CreationCount="1"/><InteractionEvent Delta="null" EndDate="2014-11-08 10:03:45.130 JST" Interest="335.778" Kind="propagation" Navigation="org.eclipse.mylyn.core.model.edges.containment" OriginId="org.eclipse.mylyn.core.model.interest.propagation" StartDate="2014-11-08 08:42:53.56 JST" StructureHandle="=CutPlanner_A/src&amp;lt;cp.main{MainActv.java[MainActv" StructureKind="java" NumEvents="472" CreationCount="1"/><InteractionEvent Delta="null" EndDate="2014-11-08 08:46:52.447 JST" Interest="2.0" Kind="edit" Navigation="null" OriginId="org.eclipse.jdt.ui.CompilationUnitEditor" StartDate="2014-11-08 08:42:53.741 JST" StructureHandle="=CutPlanner_A/src&amp;lt;cp.main{MainActv.java[MainActv" StructureKind="java" NumEvents="2" CreationCount="1"/><InteractionEvent Delta="null" EndDate="2014-11-08 08:56:39.782 JST" Interest="2.0" Kind="selection" Navigation="null" OriginId="org.eclipse.jdt.ui.CompilationUnitEditor" StartDate="2014-11-08 08:56:31.112 JST" StructureHandle="=CutPlanner_A/src&amp;lt;cp.views{CV.java[CV" StructureKind="java" NumEvents="2" CreationCount="593"/><InteractionEvent Delta="null" EndDate="2014-11-08 10:05:01.943 JST" Interest="39.299995" Kind="propagation" Navigation="org.eclipse.mylyn.core.model.edges.containment" OriginId="org.eclipse.mylyn.core.model.interest.propagation" StartDate="2014-11-08 08:55:30.849 JST" StructureHandle="=CutPlanner_A/src&amp;lt;cp.views{CV.java[CV" StructureKind="java" NumEvents="54" CreationCount="593"/><InteractionEvent Delta="null" EndDate="2014-11-08 08:56:41.888 JST" Interest="8.0" Kind="edit" Navigation="null" OriginId="org.eclipse.jdt.ui.CompilationUnitEditor" StartDate="2014-11-08 08:56:31.115 JST" StructureHandle="=CutPlanner_A/src&amp;lt;cp.views{CV.java[CV" StructureKind="java" NumEvents="8" CreationCount="593"/><InteractionEvent Delta="null" EndDate="2014-11-08 10:05:52.165 JST" Interest="1.0" Kind="selection" Navigation="null" OriginId="org.eclipse.jdt.ui.CompilationUnitEditor" StartDate="2014-11-08 10:05:52.165 JST" StructureHandle="=TA2/src&amp;lt;ta2.utils{CONS.java[CONS[DB^sortOrder_DESC" StructureKind="java"/><InteractionEvent Delta="null" EndDate="2014-11-08 10:05:52.169 JST" Interest="1.0" Kind="edit" Navigation="null" OriginId="org.eclipse.jdt.ui.CompilationUnitEditor" StartDate="2014-11-08 10:05:52.169 JST" StructureHandle="=TA2/src&amp;lt;ta2.utils{CONS.java[CONS[DB^sortOrder_DESC" StructureKind="java"/><InteractionEvent Delta="null" EndDate="2014-11-08 09:48:52.955 JST" Interest="1.0" Kind="selection" Navigation="null" OriginId="org.eclipse.ui.views.ResourceNavigator" StartDate="2014-11-08 09:48:52.955 JST" StructureHandle="/projects_Matsuoka/Step5/05_FingerPaint/src/sample/step5/fingerpaint" StructureKind="resource"/><InteractionEvent Delta="null" EndDate="2014-11-08 10:12:18.627 JST" Interest="12.305" Kind="propagation" Navigation="org.eclipse.mylyn.core.model.edges.containment" OriginId="org.eclipse.mylyn.core.model.interest.propagation" StartDate="2014-11-08 09:48:53.56 JST" StructureHandle="/projects_Matsuoka/Step5/05_FingerPaint/src/sample/step5/fingerpaint" StructureKind="resource" NumEvents="12" CreationCount="1302"/><InteractionEvent Delta="null" EndDate="2014-11-08 10:01:53.96 JST" Interest="92.0" Kind="propagation" Navigation="null" OriginId="org.eclipse.jdt.ui.CompilationUnitEditor" StartDate="2014-11-08 08:43:50.348 JST" StructureHandle="/CutPlanner_A/src/cp/listeners/button/BO_TL.java" StructureKind="resource" NumEvents="92" CreationCount="19"/><InteractionEvent Delta="null" EndDate="2014-11-08 08:50:01.144 JST" Interest="1.0" Kind="selection" Navigation="null" OriginId="org.eclipse.jdt.ui.CompilationUnitEditor" StartDate="2014-11-08 08:50:01.144 JST" StructureHandle="=CutPlanner_A/src&amp;lt;cp.utils{Tags.java[Tags[ButtonTags^ACTV_MAIN_BT_CLEAR" StructureKind="java"/><InteractionEvent Delta="null" EndDate="2014-11-08 08:50:10.347 JST" Interest="1.0" Kind="edit" Navigation="null" OriginId="org.eclipse.jdt.ui.CompilationUnitEditor" StartDate="2014-11-08 08:50:10.347 JST" StructureHandle="=CutPlanner_A/src&amp;lt;cp.utils{Tags.java[Tags[ButtonTags^ACTV_MAIN_BT_CLEAR" StructureKind="java"/><InteractionEvent Delta="null" EndDate="2014-11-08 08:45:25.725 JST" Interest="1.0" Kind="selection" Navigation="null" OriginId="org.eclipse.jdt.ui.CompilationUnitEditor" StartDate="2014-11-08 08:45:25.725 JST" StructureHandle="=CutPlanner_A/src&amp;lt;cp.listeners.button{BO_CL.java#" StructureKind="java"/><InteractionEvent Delta="null" EndDate="2014-11-08 08:45:21.795 JST" Interest="1.0" Kind="propagation" Navigation="org.eclipse.mylyn.core.model.edges.containment" OriginId="org.eclipse.mylyn.core.model.interest.propagation" StartDate="2014-11-08 08:45:21.795 JST" StructureHandle="=CutPlanner_A/src&amp;lt;cp.listeners.button{BO_CL.java#" StructureKind="java"/><InteractionEvent Delta="null" EndDate="2014-11-08 08:47:07.628 JST" Interest="1.0" Kind="selection" Navigation="null" OriginId="org.eclipse.jdt.ui.PackageExplorer" StartDate="2014-11-08 08:47:07.628 JST" StructureHandle="/CutPlanner_A/res" StructureKind="resource"/><InteractionEvent Delta="null" EndDate="2014-11-08 08:50:51.844 JST" Interest="5.3890004" Kind="propagation" Navigation="org.eclipse.mylyn.core.model.edges.containment" OriginId="org.eclipse.mylyn.core.model.interest.propagation" StartDate="2014-11-08 08:47:10.42 JST" StructureHandle="/CutPlanner_A/res" StructureKind="resource" NumEvents="7" CreationCount="157"/><InteractionEvent Delta="null" EndDate="2014-11-08 08:44:11.885 JST" Interest="1.0" Kind="selection" Navigation="null" OriginId="org.eclipse.jdt.ui.CompilationUnitEditor" StartDate="2014-11-08 08:44:11.885 JST" StructureHandle="=CutPlanner_A/src&amp;lt;cp.listeners.button{BO_TL.java#" StructureKind="java"/><InteractionEvent Delta="null" EndDate="2014-11-08 08:44:08.473 JST" Interest="1.0" Kind="propagation" Navigation="org.eclipse.mylyn.core.model.edges.containment" OriginId="org.eclipse.mylyn.core.model.interest.propagation" StartDate="2014-11-08 08:44:08.473 JST" StructureHandle="=CutPlanner_A/src&amp;lt;cp.listeners.button{BO_TL.java#" StructureKind="java"/><InteractionEvent Delta="null" EndDate="2014-11-08 08:44:08.472 JST" Interest="1.0" Kind="selection" Navigation="null" OriginId="org.eclipse.jdt.ui.CompilationUnitEditor" StartDate="2014-11-08 08:44:08.472 JST" StructureHandle="=CutPlanner_A/src&amp;lt;cp.listeners.button{BO_TL.java#ta2.main.R" StructureKind="java"/><InteractionEvent Delta="null" EndDate="2014-11-08 08:43:10.645 JST" Interest="2.0" Kind="selection" Navigation="null" OriginId="org.eclipse.ui.views.ResourceNavigator" StartDate="2014-11-08 08:43:09.419 JST" StructureHandle="=TA2/src&amp;lt;ta2.listeners.button{BO_CL.java" StructureKind="java" NumEvents="2" CreationCount="14"/><InteractionEvent Delta="null" EndDate="2014-11-08 10:05:01.942 JST" Interest="7.0" Kind="selection" Navigation="null" OriginId="org.eclipse.jdt.ui.CompilationUnitEditor" StartDate="2014-11-08 08:55:30.849 JST" StructureHandle="=CutPlanner_A/src&amp;lt;cp.views{CV.java[CV~onDraw~QCanvas;" StructureKind="java" NumEvents="7" CreationCount="593"/><InteractionEvent Delta="null" EndDate="2014-11-08 09:39:51.135 JST" Interest="57.0" Kind="edit" Navigation="null" OriginId="org.eclipse.jdt.ui.CompilationUnitEditor" StartDate="2014-11-08 08:55:30.930 JST" StructureHandle="=CutPlanner_A/src&amp;lt;cp.views{CV.java[CV~onDraw~QCanvas;" StructureKind="java" NumEvents="57" CreationCount="593"/><InteractionEvent Delta="null" EndDate="2014-11-08 08:54:05.968 JST" Interest="0.89400053" Kind="manipulation" Navigation="null" OriginId="org.eclipse.mylyn.core.model.interest.decay.correction" StartDate="2014-11-08 08:54:05.968 JST" StructureHandle="=CutPlanner_A/src&amp;lt;cp.listeners.button{BO_CL.java[BO_CL~BO_CL~QActivity;" StructureKind="java"/><InteractionEvent Delta="null" EndDate="2014-11-08 08:54:11.707 JST" Interest="3.0" Kind="selection" Navigation="null" OriginId="org.eclipse.jdt.ui.CompilationUnitEditor" StartDate="2014-11-08 08:45:33.262 JST" StructureHandle="=CutPlanner_A/src&amp;lt;cp.listeners.button{BO_CL.java[BO_CL~BO_CL~QActivity;" StructureKind="java" NumEvents="3" CreationCount="64"/><InteractionEvent Delta="null" EndDate="2014-11-08 08:54:14.142 JST" Interest="10.0" Kind="edit" Navigation="null" OriginId="org.eclipse.jdt.ui.CompilationUnitEditor" StartDate="2014-11-08 08:45:35.135 JST" StructureHandle="=CutPlanner_A/src&amp;lt;cp.listeners.button{BO_CL.java[BO_CL~BO_CL~QActivity;" StructureKind="java" NumEvents="10" CreationCount="64"/><InteractionEvent Delta="null" EndDate="2014-11-08 10:35:48.574 JST" Interest="779.0" Kind="propagation" Navigation="null" OriginId="org.eclipse.jdt.ui.CompilationUnitEditor" StartDate="2014-11-08 08:54:53.353 JST" StructureHandle="/CutPlanner_A/src/cp/utils/Methods.java" StructureKind="resource" NumEvents="779" CreationCount="578"/><InteractionEvent Delta="null" EndDate="2014-11-08 08:46:32.640 JST" Interest="2.0" Kind="selection" Navigation="null" OriginId="org.eclipse.ui.views.ContentOutline" StartDate="2014-11-08 08:46:31.508 JST" StructureHandle="=CutPlanner_A/src&amp;lt;cp.listeners.button{BO_CL.java[BO_CL~case_ACTV_MAIN_MEMO" StructureKind="java" NumEvents="2" CreationCount="92"/><InteractionEvent Delta="null" EndDate="2014-11-08 09:51:27.936 JST" Interest="1.0" Kind="selection" Navigation="null" OriginId="org.eclipse.jdt.ui.CompilationUnitEditor" StartDate="2014-11-08 09:51:27.936 JST" StructureHandle="=CutPlanner_A/src&amp;lt;cp.utils{Methods.java[Methods~conv_MillSec_to_ClockLabel~J" StructureKind="java"/><InteractionEvent Delta="null" EndDate="2014-11-08 09:51:32.186 JST" Interest="1.0" Kind="edit" Navigation="null" OriginId="org.eclipse.jdt.ui.CompilationUnitEditor" StartDate="2014-11-08 09:51:32.186 JST" StructureHandle="=CutPlanner_A/src&amp;lt;cp.utils{Methods.java[Methods~conv_MillSec_to_ClockLabel~J" StructureKind="java"/><InteractionEvent Delta="null" EndDate="2014-11-08 08:51:11.164 JST" Interest="6.9390006" Kind="manipulation" Navigation="null" OriginId="org.eclipse.mylyn.core.model.interest.decay.correction" StartDate="2014-11-08 08:51:11.164 JST" StructureHandle="/TA2/src/ta2/listeners/button/BO_TL.java" StructureKind="resource"/><InteractionEvent Delta="null" EndDate="2014-11-08 08:55:14.422 JST" Interest="9.0" Kind="propagation" Navigation="null" OriginId="org.eclipse.ui.views.ResourceNavigator" StartDate="2014-11-08 08:43:10.649 JST" StructureHandle="/TA2/src/ta2/listeners/button/BO_TL.java" StructureKind="resource" NumEvents="9" CreationCount="16"/><InteractionEvent Delta="null" EndDate="2014-11-08 10:12:17.856 JST" Interest="58.608" Kind="propagation" Navigation="org.eclipse.mylyn.core.model.edges.containment" OriginId="org.eclipse.mylyn.core.model.interest.propagation" StartDate="2014-11-08 08:43:04.710 JST" StructureHandle="/TA2/src" StructureKind="resource" NumEvents="49" CreationCount="10"/><InteractionEvent Delta="null" EndDate="2014-11-08 10:05:44.860 JST" Interest="3.7630005" Kind="manipulation" Navigation="null" OriginId="org.eclipse.mylyn.core.model.interest.decay.correction" StartDate="2014-11-08 10:05:44.860 JST" StructureHandle="=TA2" StructureKind="java"/><InteractionEvent Delta="null" EndDate="2014-11-08 10:05:44.860 JST" Interest="3.0" Kind="selection" Navigation="null" OriginId="org.eclipse.ui.views.ResourceNavigator" StartDate="2014-11-08 08:43:01.101 JST" StructureHandle="=TA2" StructureKind="java" NumEvents="3" CreationCount="9"/><InteractionEvent Delta="null" EndDate="2014-11-08 10:12:17.857 JST" Interest="51.862" Kind="propagation" Navigation="org.eclipse.mylyn.core.model.edges.containment" OriginId="org.eclipse.mylyn.core.model.interest.propagation" StartDate="2014-11-08 08:43:04.710 JST" StructureHandle="=TA2" StructureKind="resource" NumEvents="49" CreationCount="9"/><InteractionEvent Delta="null" EndDate="2014-11-08 08:54:15.795 JST" Interest="3.0" Kind="selection" Navigation="null" OriginId="org.eclipse.jdt.ui.CompilationUnitEditor" StartDate="2014-11-08 08:45:58.274 JST" StructureHandle="=CutPlanner_A/src&amp;lt;cp.listeners.button{BO_CL.java[BO_CL~onClick~QView;" StructureKind="java" NumEvents="3" CreationCount="74"/><InteractionEvent Delta="null" EndDate="2014-11-08 08:54:30.390 JST" Interest="22.0" Kind="edit" Navigation="null" OriginId="org.eclipse.jdt.ui.CompilationUnitEditor" StartDate="2014-11-08 08:45:59.732 JST" StructureHandle="=CutPlanner_A/src&amp;lt;cp.listeners.button{BO_CL.java[BO_CL~onClick~QView;" StructureKind="java" NumEvents="22" CreationCount="74"/><InteractionEvent Delta="null" EndDate="2014-11-08 08:45:26.681 JST" Interest="1.0" Kind="selection" Navigation="null" OriginId="org.eclipse.jdt.ui.CompilationUnitEditor" StartDate="2014-11-08 08:45:26.681 JST" StructureHandle="=CutPlanner_A/src&amp;lt;cp.listeners.button{BO_CL.java#android.app.Activity" StructureKind="java"/><InteractionEvent Delta="null" EndDate="2014-11-08 08:46:32.676 JST" Interest="1.0" Kind="selection" Navigation="null" OriginId="org.eclipse.ui.views.ContentOutline" StartDate="2014-11-08 08:46:32.676 JST" StructureHandle="=CutPlanner_A/src&amp;lt;cp.listeners.button{BO_CL.java[BO_CL~case_ACTV_MAIN_VOICE" StructureKind="java"/><InteractionEvent Delta="null" EndDate="2014-11-08 08:46:32.727 JST" Interest="1.0" Kind="selection" Navigation="null" OriginId="org.eclipse.ui.views.ContentOutline" StartDate="2014-11-08 08:46:32.727 JST" StructureHandle="=CutPlanner_A/src&amp;lt;cp.listeners.button{BO_CL.java[BO_CL~case_ACTV_PLAY_PLAY" StructureKind="java"/><InteractionEvent Delta="null" EndDate="2014-11-08 10:01:53.96 JST" Interest="13.0" Kind="selection" Navigation="null" OriginId="org.eclipse.jdt.ui.CompilationUnitEditor" StartDate="2014-11-08 08:44:15.793 JST" StructureHandle="=CutPlanner_A/src&amp;lt;cp.listeners.button{BO_TL.java[BO_TL~onTouch~QView;~QMotionEvent;" StructureKind="java" NumEvents="13" CreationCount="27"/><InteractionEvent Delta="null" EndDate="2014-11-08 08:53:56.797 JST" Interest="53.0" Kind="edit" Navigation="null" OriginId="org.eclipse.jdt.ui.CompilationUnitEditor" StartDate="2014-11-08 08:44:17.0 JST" StructureHandle="=CutPlanner_A/src&amp;lt;cp.listeners.button{BO_TL.java[BO_TL~onTouch~QView;~QMotionEvent;" StructureKind="java" NumEvents="53" CreationCount="27"/><InteractionEvent Delta="null" EndDate="2014-11-08 10:12:16.732 JST" Interest="13.902001" Kind="propagation" Navigation="org.eclipse.mylyn.core.model.edges.containment" OriginId="org.eclipse.mylyn.core.model.interest.propagation" StartDate="2014-11-08 10:05:50.765 JST" StructureHandle="=TA2/src&amp;lt;ta2.utils{CONS.java[CONS" StructureKind="java" NumEvents="20" CreationCount="1637"/><InteractionEvent Delta="null" EndDate="2014-11-08 10:12:06.852 JST" Interest="2.2710009" Kind="manipulation" Navigation="null" OriginId="org.eclipse.mylyn.core.model.interest.decay.correction" StartDate="2014-11-08 10:12:06.852 JST" StructureHandle="/projects_Matsuoka/Step5/05_FingerPaint/src/sample/step5/fingerpaint/FingerPaintActivity.java" StructureKind="resource"/><InteractionEvent Delta="null" EndDate="2014-11-08 10:12:18.627 JST" Interest="11.0" Kind="propagation" Navigation="null" OriginId="org.eclipse.jdt.ui.CompilationUnitEditor" StartDate="2014-11-08 09:48:55.44 JST" StructureHandle="/projects_Matsuoka/Step5/05_FingerPaint/src/sample/step5/fingerpaint/FingerPaintActivity.java" StructureKind="resource" NumEvents="11" CreationCount="1304"/><InteractionEvent Delta="null" EndDate="2014-11-08 08:46:39.503 JST" Interest="1.0" Kind="selection" Navigation="null" OriginId="org.eclipse.ui.views.ContentOutline" StartDate="2014-11-08 08:46:39.503 JST" StructureHandle="=CutPlanner_A/src&amp;lt;cp.listeners.button{BO_CL.java[BO_CL~case_ACTV_SHOWLOG_IB_UP" StructureKind="java"/><InteractionEvent Delta="null" EndDate="2014-11-08 10:05:44.460 JST" Interest="1.0" Kind="propagation" Navigation="null" OriginId="org.eclipse.ui.views.ResourceNavigator" StartDate="2014-11-08 10:05:44.460 JST" StructureHandle="/SL3" StructureKind="resource"/><InteractionEvent Delta="null" EndDate="2014-11-08 08:46:39.476 JST" Interest="1.0" Kind="selection" Navigation="null" OriginId="org.eclipse.ui.views.ContentOutline" StartDate="2014-11-08 08:46:39.476 JST" StructureHandle="=CutPlanner_A/src&amp;lt;cp.listeners.button{BO_CL.java[BO_CL~case_ACTV_REC_REC" StructureKind="java"/><InteractionEvent Delta="null" EndDate="2014-11-08 08:51:40.394 JST" Interest="2.0" Kind="selection" Navigation="null" OriginId="org.eclipse.jdt.ui.CompilationUnitEditor" StartDate="2014-11-08 08:51:20.834 JST" StructureHandle="=TA2/src&amp;lt;ta2.listeners.button{BO_TL.java[BO_TL~onTouch~QView;~QMotionEvent;" StructureKind="java" NumEvents="2" CreationCount="486"/><InteractionEvent Delta="null" EndDate="2014-11-08 08:51:42.759 JST" Interest="1.0" Kind="edit" Navigation="null" OriginId="org.eclipse.jdt.ui.CompilationUnitEditor" StartDate="2014-11-08 08:51:42.759 JST" StructureHandle="=TA2/src&amp;lt;ta2.listeners.button{BO_TL.java[BO_TL~onTouch~QView;~QMotionEvent;" StructureKind="java"/><InteractionEvent Delta="null" EndDate="2014-11-08 10:35:47.255 JST" Interest="268.937" Kind="propagation" Navigation="org.eclipse.mylyn.core.model.edges.containment" OriginId="org.eclipse.mylyn.core.model.interest.propagation" StartDate="2014-11-08 08:48:30.499 JST" StructureHandle="=CutPlanner_A/src&amp;lt;cp.utils" StructureKind="java" NumEvents="383" CreationCount="284"/><InteractionEvent Delta="null" EndDate="2014-11-08 10:05:41.717 JST" Interest="2.0" Kind="selection" Navigation="null" OriginId="org.eclipse.ui.views.ResourceNavigator" StartDate="2014-11-08 09:48:46.610 JST" StructureHandle="=projects_Matsuoka" StructureKind="java" NumEvents="2" CreationCount="1294"/><InteractionEvent Delta="null" EndDate="2014-11-08 10:12:18.627 JST" Interest="11.441001" Kind="propagation" Navigation="org.eclipse.mylyn.core.model.edges.containment" OriginId="org.eclipse.mylyn.core.model.interest.propagation" StartDate="2014-11-08 09:48:48.583 JST" StructureHandle="=projects_Matsuoka" StructureKind="resource" NumEvents="20" CreationCount="1294"/><InteractionEvent Delta="null" EndDate="2014-11-08 10:13:18.798 JST" Interest="205.0" Kind="propagation" Navigation="null" OriginId="org.eclipse.jdt.ui.CompilationUnitEditor" StartDate="2014-11-08 08:43:45.672 JST" StructureHandle="/CutPlanner_A/src/cp/listeners/button" StructureKind="resource" NumEvents="205" CreationCount="18"/><InteractionEvent Delta="null" EndDate="2014-11-08 10:35:48.575 JST" Interest="1949.0" Kind="propagation" Navigation="null" OriginId="org.eclipse.jdt.ui.CompilationUnitEditor" StartDate="2014-11-08 08:42:53.57 JST" StructureHandle="/CutPlanner_A/src" StructureKind="resource" NumEvents="1949" CreationCount="1"/><InteractionEvent Delta="null" EndDate="2014-11-08 09:51:21.505 JST" Interest="1.0" Kind="selection" Navigation="null" OriginId="org.eclipse.jdt.ui.CompilationUnitEditor" StartDate="2014-11-08 09:51:21.505 JST" StructureHandle="=CutPlanner_A/src&amp;lt;cp.utils{Methods.java[Methods~get_TimeLabel~J" StructureKind="java"/><InteractionEvent Delta="null" EndDate="2014-11-08 08:46:32.731 JST" Interest="1.0" Kind="selection" Navigation="null" OriginId="org.eclipse.ui.views.ContentOutline" StartDate="2014-11-08 08:46:32.731 JST" StructureHandle="=CutPlanner_A/src&amp;lt;cp.listeners.button{BO_CL.java[BO_CL~case_ACTV_PLAY_TV" StructureKind="java"/><InteractionEvent Delta="null" EndDate="2014-11-08 10:12:07.45 JST" Interest="3.0" Kind="selection" Navigation="null" OriginId="org.eclipse.jdt.ui.CompilationUnitEditor" StartDate="2014-11-08 10:05:48.79 JST" StructureHandle="=TA2/src&amp;lt;ta2.utils{CONS.java" StructureKind="java" NumEvents="3" CreationCount="1634"/><InteractionEvent Delta="null" EndDate="2014-11-08 10:12:16.733 JST" Interest="10.953002" Kind="propagation" Navigation="org.eclipse.mylyn.core.model.edges.containment" OriginId="org.eclipse.mylyn.core.model.interest.propagation" StartDate="2014-11-08 10:05:51.382 JST" StructureHandle="=TA2/src&amp;lt;ta2.utils{CONS.java" StructureKind="java" NumEvents="19" CreationCount="1634"/><InteractionEvent Delta="null" EndDate="2014-11-08 08:56:43.439 JST" Interest="1.0" Kind="selection" Navigation="null" OriginId="org.eclipse.jdt.ui.CompilationUnitEditor" StartDate="2014-11-08 08:56:43.439 JST" StructureHandle="=CutPlanner_A/src&amp;lt;cp.views{CV.java[CV^ca" StructureKind="java"/><InteractionEvent Delta="null" EndDate="2014-11-08 08:56:43.534 JST" Interest="1.0" Kind="edit" Navigation="null" OriginId="org.eclipse.jdt.ui.CompilationUnitEditor" StartDate="2014-11-08 08:56:43.534 JST" StructureHandle="=CutPlanner_A/src&amp;lt;cp.views{CV.java[CV^ca" StructureKind="java"/><InteractionEvent Delta="null" EndDate="2014-11-08 10:12:07.277 JST" Interest="4.0" Kind="selection" Navigation="null" OriginId="org.eclipse.jdt.ui.CompilationUnitEditor" StartDate="2014-11-08 10:05:50.765 JST" StructureHandle="=TA2/src&amp;lt;ta2.utils{CONS.java[CONS[DB" StructureKind="java" NumEvents="4" CreationCount="1637"/><InteractionEvent Delta="null" EndDate="2014-11-08 10:05:55.796 JST" Interest="0.102" Kind="propagation" Navigation="org.eclipse.mylyn.core.model.edges.containment" OriginId="org.eclipse.mylyn.core.model.interest.propagation" StartDate="2014-11-08 10:05:55.796 JST" StructureHandle="=TA2/src&amp;lt;ta2.utils{CONS.java[CONS[DB" StructureKind="java"/><InteractionEvent Delta="null" EndDate="2014-11-08 10:12:12.622 JST" Interest="14.0" Kind="edit" Navigation="null" OriginId="org.eclipse.jdt.ui.CompilationUnitEditor" StartDate="2014-11-08 10:05:50.897 JST" StructureHandle="=TA2/src&amp;lt;ta2.utils{CONS.java[CONS[DB" StructureKind="java" NumEvents="14" CreationCount="1637"/><InteractionEvent Delta="null" EndDate="2014-11-08 08:46:32.673 JST" Interest="1.0" Kind="selection" Navigation="null" OriginId="org.eclipse.ui.views.ContentOutline" StartDate="2014-11-08 08:46:32.673 JST" StructureHandle="=CutPlanner_A/src&amp;lt;cp.listeners.button{BO_CL.java[BO_CL~case_ACTV_MAIN_SHOWLIST" StructureKind="java"/><InteractionEvent Delta="null" EndDate="2014-11-08 10:05:44.860 JST" Interest="8.5910015" Kind="manipulation" Navigation="null" OriginId="org.eclipse.mylyn.core.model.interest.decay.correction" StartDate="2014-11-08 08:51:11.166 JST" StructureHandle="/TA2" StructureKind="resource" NumEvents="3" CreationCount="9"/><InteractionEvent Delta="null" EndDate="2014-11-08 10:12:17.857 JST" Interest="52.0" Kind="propagation" Navigation="null" OriginId="org.eclipse.jdt.ui.CompilationUnitEditor" StartDate="2014-11-08 08:43:01.101 JST" StructureHandle="/TA2" StructureKind="resource" NumEvents="52" CreationCount="9"/><InteractionEvent Delta="null" EndDate="2014-11-08 10:03:55.639 JST" Interest="9.0" Kind="selection" Navigation="null" OriginId="org.eclipse.jdt.ui.CompilationUnitEditor" StartDate="2014-11-08 09:57:45.337 JST" StructureHandle="=CutPlanner_A/src&amp;lt;cp.utils{Methods.java[Methods~get_ViewDimensions~QActivity;" StructureKind="java" NumEvents="9" CreationCount="1399"/><InteractionEvent Delta="null" EndDate="2014-11-08 10:01:21.830 JST" Interest="11.691001" Kind="propagation" Navigation="org.eclipse.mylyn.core.model.edges.containment" OriginId="org.eclipse.mylyn.core.model.interest.propagation" StartDate="2014-11-08 09:59:51.670 JST" StructureHandle="=CutPlanner_A/src&amp;lt;cp.utils{Methods.java[Methods~get_ViewDimensions~QActivity;" StructureKind="java" NumEvents="17" CreationCount="1399"/><InteractionEvent Delta="null" EndDate="2014-11-08 10:01:46.705 JST" Interest="10.0" Kind="edit" Navigation="null" OriginId="org.eclipse.jdt.ui.CompilationUnitEditor" StartDate="2014-11-08 09:57:58.381 JST" StructureHandle="=CutPlanner_A/src&amp;lt;cp.utils{Methods.java[Methods~get_ViewDimensions~QActivity;" StructureKind="java" NumEvents="10" CreationCount="1399"/><InteractionEvent Delta="null" EndDate="2014-11-08 08:46:39.494 JST" Interest="1.0" Kind="selection" Navigation="null" OriginId="org.eclipse.ui.views.ContentOutline" StartDate="2014-11-08 08:46:39.494 JST" StructureHandle="=CutPlanner_A/src&amp;lt;cp.listeners.button{BO_CL.java[BO_CL~case_ACTV_SHOWLIST_UP" StructureKind="java"/><InteractionEvent Delta="null" EndDate="2014-11-08 09:48:50.357 JST" Interest="1.0" Kind="selection" Navigation="null" OriginId="org.eclipse.ui.views.ResourceNavigator" StartDate="2014-11-08 09:48:50.357 JST" StructureHandle="/projects_Matsuoka/Step5/05_FingerPaint" StructureKind="resource"/><InteractionEvent Delta="null" EndDate="2014-11-08 10:12:18.627 JST" Interest="12.407001" Kind="propagation" Navigation="org.eclipse.mylyn.core.model.edges.containment" OriginId="org.eclipse.mylyn.core.model.interest.propagation" StartDate="2014-11-08 09:48:50.951 JST" StructureHandle="/projects_Matsuoka/Step5/05_FingerPaint" StructureKind="resource" NumEvents="18" CreationCount="1296"/><InteractionEvent Delta="null" EndDate="2014-11-08 08:46:32.695 JST" Interest="1.0" Kind="selection" Navigation="null" OriginId="org.eclipse.ui.views.ContentOutline" StartDate="2014-11-08 08:46:32.695 JST" StructureHandle="=CutPlanner_A/src&amp;lt;cp.listeners.button{BO_CL.java[BO_CL~case_ACTV_MEMO_SAVE" StructureKind="java"/><InteractionEvent Delta="null" EndDate="2014-11-08 10:13:18.798 JST" Interest="205.0" Kind="propagation" Navigation="org.eclipse.mylyn.core.model.edges.containment" OriginId="org.eclipse.mylyn.core.model.interest.propagation" StartDate="2014-11-08 08:43:45.672 JST" StructureHandle="/CutPlanner_A/src/cp/listeners" StructureKind="resource" NumEvents="205" CreationCount="18"/><InteractionEvent Delta="null" EndDate="2014-11-08 10:03:45.130 JST" Interest="547.0" Kind="propagation" Navigation="org.eclipse.mylyn.core.model.edges.containment" OriginId="org.eclipse.mylyn.core.model.interest.propagation" StartDate="2014-11-08 08:42:53.57 JST" StructureHandle="/CutPlanner_A/src/cp/main" StructureKind="resource" NumEvents="547" CreationCount="1"/><InteractionEvent Delta="null" EndDate="2014-11-08 08:46:39.492 JST" Interest="1.0" Kind="selection" Navigation="null" OriginId="org.eclipse.ui.views.ContentOutline" StartDate="2014-11-08 08:46:39.492 JST" StructureHandle="=CutPlanner_A/src&amp;lt;cp.listeners.button{BO_CL.java[BO_CL~case_ACTV_SHOWLIST_TOP" StructureKind="java"/><InteractionEvent Delta="null" EndDate="2014-11-08 10:02:10.518 JST" Interest="2.0" Kind="selection" Navigation="null" OriginId="org.eclipse.jdt.ui.CompilationUnitEditor" StartDate="2014-11-08 10:02:01.762 JST" StructureHandle="=CutPlanner_A/src&amp;lt;cp.main{MainActv.java[MainActv~_Setup__SetListener[~onGlobalLayout" StructureKind="java" NumEvents="2" CreationCount="1492"/><InteractionEvent Delta="null" EndDate="2014-11-08 10:03:26.717 JST" Interest="23.0" Kind="edit" Navigation="null" OriginId="org.eclipse.jdt.ui.CompilationUnitEditor" StartDate="2014-11-08 10:02:01.764 JST" StructureHandle="=CutPlanner_A/src&amp;lt;cp.main{MainActv.java[MainActv~_Setup__SetListener[~onGlobalLayout" StructureKind="java" NumEvents="23" CreationCount="1492"/><InteractionEvent Delta="null" EndDate="2014-11-08 10:14:26.680 JST" Interest="30.0" Kind="selection" Navigation="null" OriginId="org.eclipse.jdt.ui.CompilationUnitEditor" StartDate="2014-11-08 09:40:08.673 JST" StructureHandle="=CutPlanner_A/src&amp;lt;cp.utils{Methods.java[Methods~save_Canvas_2~QActivity;" StructureKind="java" NumEvents="30" CreationCount="1145"/><InteractionEvent Delta="null" EndDate="2014-11-08 10:35:44.218 JST" Interest="319.0" Kind="edit" Navigation="null" OriginId="org.eclipse.jdt.ui.CompilationUnitEditor" StartDate="2014-11-08 09:40:10.593 JST" StructureHandle="=CutPlanner_A/src&amp;lt;cp.utils{Methods.java[Methods~save_Canvas_2~QActivity;" StructureKind="java" NumEvents="319" CreationCount="1145"/><InteractionEvent Delta="null" EndDate="2014-11-08 10:03:45.130 JST" Interest="547.0" Kind="propagation" Navigation="null" OriginId="org.eclipse.jdt.ui.CompilationUnitEditor" StartDate="2014-11-08 08:42:53.56 JST" StructureHandle="/CutPlanner_A/src/cp/main/MainActv.java" StructureKind="resource" NumEvents="547" CreationCount="1"/><InteractionEvent Delta="null" EndDate="2014-11-08 08:43:10.645 JST" Interest="2.0" Kind="propagation" Navigation="null" OriginId="org.eclipse.ui.views.ResourceNavigator" StartDate="2014-11-08 08:43:09.419 JST" StructureHandle="/TA2/src/ta2/listeners/button/BO_CL.java" StructureKind="resource" NumEvents="2" CreationCount="14"/><InteractionEvent Delta="null" EndDate="2014-11-08 08:43:04.710 JST" Interest="1.0" Kind="selection" Navigation="null" OriginId="org.eclipse.ui.views.ResourceNavigator" StartDate="2014-11-08 08:43:04.710 JST" StructureHandle="=TA2/src" StructureKind="java"/><InteractionEvent Delta="null" EndDate="2014-11-08 10:12:16.733 JST" Interest="40.561005" Kind="propagation" Navigation="org.eclipse.mylyn.core.model.edges.containment" OriginId="org.eclipse.mylyn.core.model.interest.propagation" StartDate="2014-11-08 08:43:05.49 JST" StructureHandle="=TA2/src" StructureKind="java" NumEvents="36" CreationCount="10"/><InteractionEvent Delta="null" EndDate="2014-11-08 08:46:32.714 JST" Interest="1.0" Kind="selection" Navigation="null" OriginId="org.eclipse.ui.views.ContentOutline" StartDate="2014-11-08 08:46:32.714 JST" StructureHandle="=CutPlanner_A/src&amp;lt;cp.listeners.button{BO_CL.java[BO_CL~case_ACTV_PLAT_STOP" StructureKind="java"/><InteractionEvent Delta="null" EndDate="2014-11-08 08:47:33.852 JST" Interest="7.0" Kind="selection" Navigation="null" OriginId="org.eclipse.jdt.ui.CompilationUnitEditor" StartDate="2014-11-08 08:47:02.497 JST" StructureHandle="=CutPlanner_A/src&amp;lt;cp.main{MainActv.java[MainActv~onCreate~QBundle;" StructureKind="java" NumEvents="7" CreationCount="141"/><InteractionEvent Delta="null" EndDate="2014-11-08 08:47:04.574 JST" Interest="9.0" Kind="edit" Navigation="null" OriginId="org.eclipse.jdt.ui.CompilationUnitEditor" StartDate="2014-11-08 08:47:03.96 JST" StructureHandle="=CutPlanner_A/src&amp;lt;cp.main{MainActv.java[MainActv~onCreate~QBundle;" StructureKind="java" NumEvents="9" CreationCount="141"/><InteractionEvent Delta="null" EndDate="2014-11-08 08:46:32.698 JST" Interest="2.0" Kind="selection" Navigation="null" OriginId="org.eclipse.ui.views.ContentOutline" StartDate="2014-11-08 08:46:30.300 JST" StructureHandle="=CutPlanner_A/src&amp;lt;cp.listeners.button{BO_CL.java[BO_CL~case_ACTV_PHOTO_BOTTOM" StructureKind="java" NumEvents="2" CreationCount="91"/><InteractionEvent Delta="null" EndDate="2014-11-08 08:50:00.360 JST" Interest="0.8560002" Kind="manipulation" Navigation="null" OriginId="org.eclipse.mylyn.core.model.interest.decay.correction" StartDate="2014-11-08 08:50:00.360 JST" StructureHandle="/CutPlanner_A/src/cp/utils/Tags.java" StructureKind="resource"/><InteractionEvent Delta="null" EndDate="2014-11-08 08:50:10.348 JST" Interest="6.0" Kind="propagation" Navigation="null" OriginId="org.eclipse.jdt.ui.CompilationUnitEditor" StartDate="2014-11-08 08:48:30.499 JST" StructureHandle="/CutPlanner_A/src/cp/utils/Tags.java" StructureKind="resource" NumEvents="6" CreationCount="284"/><InteractionEvent Delta="null" EndDate="2014-11-08 10:35:48.573 JST" Interest="12.0" Kind="selection" Navigation="null" OriginId="org.eclipse.jdt.ui.CompilationUnitEditor" StartDate="2014-11-08 08:54:54.396 JST" StructureHandle="=CutPlanner_A/src&amp;lt;cp.utils{Methods.java[Methods~save_Canvas~QActivity;" StructureKind="java" NumEvents="12" CreationCount="579"/><InteractionEvent Delta="null" EndDate="2014-11-08 09:40:01.541 JST" Interest="294.0" Kind="edit" Navigation="null" OriginId="org.eclipse.jdt.ui.CompilationUnitEditor" StartDate="2014-11-08 08:54:56.559 JST" StructureHandle="=CutPlanner_A/src&amp;lt;cp.utils{Methods.java[Methods~save_Canvas~QActivity;" StructureKind="java" NumEvents="294" CreationCount="579"/><InteractionEvent Delta="null" EndDate="2014-11-08 10:35:47.738 JST" Interest="1.0" Kind="prediction" Navigation="null" OriginId="org.eclipse.mylyn.resources.ui.interest.updater" StartDate="2014-11-08 10:35:47.738 JST" StructureHandle="/CutPlanner_A/AndroidManifest.xml" StructureKind="resource"/><InteractionEvent Delta="null" EndDate="2014-11-08 10:35:48.837 JST" Interest="18.349" Kind="manipulation" Navigation="null" OriginId="org.eclipse.mylyn.core.model.interest.decay.correction" StartDate="2014-11-08 10:35:48.837 JST" StructureHandle="/CutPlanner_A/AndroidManifest.xml" StructureKind="resource"/><InteractionEvent Delta="null" EndDate="2014-11-08 10:35:48.837 JST" Interest="2.0" Kind="selection" Navigation="null" OriginId="org.eclipse.jdt.ui.PackageExplorer" StartDate="2014-11-08 09:16:18.507 JST" StructureHandle="/CutPlanner_A/AndroidManifest.xml" StructureKind="resource" NumEvents="2" CreationCount="833"/></InteractionHistory>