<?xml version="1.0" encoding="UTF-8"?><InteractionHistory Id="local-251" Version="1"><InteractionEvent Delta="null" EndDate="2014-12-19 11:04:38.674 JST" Interest="162.0" Kind="edit" Navigation="null" OriginId="org.eclipse.jdt.ui.CompilationUnitEditor" StartDate="2014-12-19 10:12:06.80 JST" StructureHandle="=Proc/src&amp;lt;proc.main{BellCurve.java[BellCurve~draw" StructureKind="java" NumEvents="162" CreationCount="241"/><InteractionEvent Delta="null" EndDate="2014-12-19 10:12:06.74 JST" Interest="10.124001" Kind="manipulation" Navigation="null" OriginId="org.eclipse.mylyn.core.model.interest.decay.correction" StartDate="2014-12-19 08:44:39.104 JST" StructureHandle="=Proc/src&amp;lt;proc.main{BellCurve.java[BellCurve~draw" StructureKind="java" NumEvents="2" CreationCount="241"/><InteractionEvent Delta="null" EndDate="2014-12-19 11:06:10.984 JST" Interest="27.0" Kind="selection" Navigation="null" OriginId="org.eclipse.jdt.ui.CompilationUnitEditor" StartDate="2014-12-19 08:21:28.854 JST" StructureHandle="=Proc/src&amp;lt;proc.main{BellCurve.java[BellCurve~draw" StructureKind="java" NumEvents="27" CreationCount="241"/><InteractionEvent Delta="null" EndDate="2014-12-19 08:04:54.398 JST" Interest="1.0" Kind="selection" Navigation="null" OriginId="org.eclipse.jdt.ui.CompilationUnitEditor" StartDate="2014-12-19 08:04:54.398 JST" StructureHandle="=Proc/src&amp;lt;proc.main{BellCurve.java[BellCurve^text_X!2" StructureKind="java"/><InteractionEvent Delta="null" EndDate="2014-12-19 08:40:07.182 JST" Interest="2.0" Kind="edit" Navigation="null" OriginId="org.eclipse.jdt.ui.CompilationUnitEditor" StartDate="2014-12-19 08:30:15.551 JST" StructureHandle="=Proc/storage\/D-13&amp;lt;{Exponential.java[Exponential" StructureKind="java" NumEvents="2" CreationCount="329"/><InteractionEvent Delta="null" EndDate="2014-12-19 10:53:57.129 JST" Interest="37.106003" Kind="propagation" Navigation="org.eclipse.mylyn.core.model.edges.containment" OriginId="org.eclipse.mylyn.core.model.interest.propagation" StartDate="2014-12-19 08:29:21.534 JST" StructureHandle="=Proc/storage\/D-13&amp;lt;{Exponential.java[Exponential" StructureKind="java" NumEvents="52" CreationCount="329"/><InteractionEvent Delta="null" EndDate="2014-12-19 08:40:07.178 JST" Interest="2.0" Kind="selection" Navigation="null" OriginId="org.eclipse.jdt.ui.CompilationUnitEditor" StartDate="2014-12-19 08:30:15.547 JST" StructureHandle="=Proc/storage\/D-13&amp;lt;{Exponential.java[Exponential" StructureKind="java" NumEvents="2" CreationCount="329"/><InteractionEvent Delta="null" EndDate="2014-12-19 08:04:50.902 JST" Interest="1.0" Kind="edit" Navigation="null" OriginId="org.eclipse.jdt.ui.CompilationUnitEditor" StartDate="2014-12-19 08:04:50.902 JST" StructureHandle="=Proc/src&amp;lt;proc.main{BellCurve.java[BellCurve^text_X" StructureKind="java"/><InteractionEvent Delta="null" EndDate="2014-12-19 10:54:00.981 JST" Interest="24.84" Kind="manipulation" Navigation="null" OriginId="org.eclipse.mylyn.core.model.interest.decay.correction" StartDate="2014-12-19 08:36:31.364 JST" StructureHandle="=Proc/src&amp;lt;proc.main{BellCurve.java[BellCurve^text_X" StructureKind="java" NumEvents="2" CreationCount="45"/><InteractionEvent Delta="null" EndDate="2014-12-19 10:54:01.468 JST" Interest="4.0" Kind="selection" Navigation="null" OriginId="org.eclipse.ui.views.ContentOutline" StartDate="2014-12-19 08:04:49.784 JST" StructureHandle="=Proc/src&amp;lt;proc.main{BellCurve.java[BellCurve^text_X" StructureKind="java" NumEvents="4" CreationCount="45"/><InteractionEvent Delta="null" EndDate="2014-12-19 08:30:12.335 JST" Interest="1.0" Kind="selection" Navigation="null" OriginId="org.eclipse.ui.views.ContentOutline" StartDate="2014-12-19 08:30:12.335 JST" StructureHandle="=Proc/storage\/D-13&amp;lt;{Exponential.java[Exponential^yvals_2" StructureKind="java"/><InteractionEvent Delta="null" EndDate="2014-12-19 09:02:55.450 JST" Interest="21.0" Kind="edit" Navigation="null" OriginId="org.eclipse.jdt.ui.CompilationUnitEditor" StartDate="2014-12-19 08:58:59.821 JST" StructureHandle="=Proc/storage\/D-13&amp;lt;{SineWave.java[SineWave~calcWave" StructureKind="java" NumEvents="21" CreationCount="860"/><InteractionEvent Delta="null" EndDate="2014-12-19 09:04:00.108 JST" Interest="12.0" Kind="selection" Navigation="null" OriginId="org.eclipse.jdt.ui.CompilationUnitEditor" StartDate="2014-12-19 08:58:56.774 JST" StructureHandle="=Proc/storage\/D-13&amp;lt;{SineWave.java[SineWave~calcWave" StructureKind="java" NumEvents="12" CreationCount="860"/><InteractionEvent Delta="null" EndDate="2014-12-19 11:07:29.269 JST" Interest="321.0" Kind="edit" Navigation="null" OriginId="org.eclipse.jdt.ui.CompilationUnitEditor" StartDate="2014-12-19 10:54:07.571 JST" StructureHandle="=Proc/src&amp;lt;proc.main{BellCurve.java[BellCurve~listener" StructureKind="java" NumEvents="321" CreationCount="1668"/><InteractionEvent Delta="null" EndDate="2014-12-19 11:07:29.253 JST" Interest="22.0" Kind="selection" Navigation="null" OriginId="org.eclipse.jdt.ui.CompilationUnitEditor" StartDate="2014-12-19 10:54:04.964 JST" StructureHandle="=Proc/src&amp;lt;proc.main{BellCurve.java[BellCurve~listener" StructureKind="java" NumEvents="22" CreationCount="1668"/><InteractionEvent Delta="null" EndDate="2014-12-19 10:59:20.149 JST" Interest="17.0" Kind="edit" Navigation="null" OriginId="org.eclipse.jdt.ui.CompilationUnitEditor" StartDate="2014-12-19 08:05:15.826 JST" StructureHandle="=Proc/src&amp;lt;proc.main{BellCurve.java[BellCurve~show_BasicVars" StructureKind="java" NumEvents="17" CreationCount="53"/><InteractionEvent Delta="null" EndDate="2014-12-19 10:59:17.434 JST" Interest="11.949001" Kind="manipulation" Navigation="null" OriginId="org.eclipse.mylyn.core.model.interest.decay.correction" StartDate="2014-12-19 08:36:41.944 JST" StructureHandle="=Proc/src&amp;lt;proc.main{BellCurve.java[BellCurve~show_BasicVars" StructureKind="java" NumEvents="3" CreationCount="53"/><InteractionEvent Delta="null" EndDate="2014-12-19 10:59:26.910 JST" Interest="16.0" Kind="selection" Navigation="null" OriginId="org.eclipse.jdt.ui.CompilationUnitEditor" StartDate="2014-12-19 08:04:59.474 JST" StructureHandle="=Proc/src&amp;lt;proc.main{BellCurve.java[BellCurve~show_BasicVars" StructureKind="java" NumEvents="16" CreationCount="53"/><InteractionEvent Delta="null" EndDate="2014-12-19 10:53:57.130 JST" Interest="204.406" Kind="propagation" Navigation="null" OriginId="org.eclipse.jdt.ui.CompilationUnitEditor" StartDate="2014-12-19 07:55:58.444 JST" StructureHandle="/Proc/storage/D-13" StructureKind="resource" NumEvents="202" CreationCount="9"/><InteractionEvent Delta="null" EndDate="2014-12-19 07:55:57.47 JST" Interest="2.0" Kind="selection" Navigation="null" OriginId="org.eclipse.jdt.ui.PackageExplorer" StartDate="2014-12-19 07:55:52.803 JST" StructureHandle="/Proc/storage/D-13" StructureKind="resource" NumEvents="2" CreationCount="9"/><InteractionEvent Delta="null" EndDate="2014-12-19 09:04:00.108 JST" Interest="26.853" Kind="propagation" Navigation="org.eclipse.mylyn.core.model.edges.containment" OriginId="org.eclipse.mylyn.core.model.interest.propagation" StartDate="2014-12-19 08:57:56.6 JST" StructureHandle="=Proc/storage\/D-13&amp;lt;{SineWave.java[SineWave" StructureKind="java" NumEvents="33" CreationCount="851"/><InteractionEvent Delta="null" EndDate="2014-12-19 10:53:53.740 JST" Interest="55.0" Kind="propagation" Navigation="null" OriginId="org.eclipse.jdt.ui.PackageExplorer" StartDate="2014-12-19 08:57:49.295 JST" StructureHandle="/Proc/storage/D-13/SineWave.java" StructureKind="resource" NumEvents="55" CreationCount="850"/><InteractionEvent Delta="null" EndDate="2014-12-19 08:34:08.566 JST" Interest="5.0" Kind="edit" Navigation="null" OriginId="org.eclipse.jdt.ui.CompilationUnitEditor" StartDate="2014-12-19 08:34:04.231 JST" StructureHandle="=Proc/storage\/D-13&amp;lt;{Exponential.java[Exponential~calcWave" StructureKind="java" NumEvents="5" CreationCount="467"/><InteractionEvent Delta="null" EndDate="2014-12-19 08:36:54.924 JST" Interest="2.0" Kind="selection" Navigation="null" OriginId="org.eclipse.jdt.ui.CompilationUnitEditor" StartDate="2014-12-19 08:34:04.227 JST" StructureHandle="=Proc/storage\/D-13&amp;lt;{Exponential.java[Exponential~calcWave" StructureKind="java" NumEvents="2" CreationCount="467"/><InteractionEvent Delta="null" EndDate="2014-12-19 14:27:43.857 JST" Interest="2828.034" Kind="propagation" Navigation="org.eclipse.mylyn.core.model.edges.containment" OriginId="org.eclipse.mylyn.core.model.interest.propagation" StartDate="2014-12-19 07:55:24.15 JST" StructureHandle="=Proc" StructureKind="resource" NumEvents="2831" CreationCount="1"/><InteractionEvent Delta="null" EndDate="2014-12-19 09:02:55.451 JST" Interest="14.870001" Kind="propagation" Navigation="org.eclipse.mylyn.core.model.edges.containment" OriginId="org.eclipse.mylyn.core.model.interest.propagation" StartDate="2014-12-19 08:57:56.7 JST" StructureHandle="=Proc/storage\/D-13&amp;lt;{SineWave.java" StructureKind="java" NumEvents="24" CreationCount="850"/><InteractionEvent Delta="null" EndDate="2014-12-19 10:53:53.740 JST" Interest="14.0" Kind="selection" Navigation="null" OriginId="org.eclipse.jdt.ui.PackageExplorer" StartDate="2014-12-19 08:57:49.294 JST" StructureHandle="=Proc/storage\/D-13&amp;lt;{SineWave.java" StructureKind="java" NumEvents="14" CreationCount="850"/><InteractionEvent Delta="null" EndDate="2014-12-19 10:58:59.145 JST" Interest="18.390001" Kind="manipulation" Navigation="null" OriginId="org.eclipse.mylyn.core.model.interest.decay.correction" StartDate="2014-12-19 08:25:14.978 JST" StructureHandle="=Proc/src&amp;lt;proc.main{BellCurve.java#processing.core.*" StructureKind="java" NumEvents="6" CreationCount="141"/><InteractionEvent Delta="null" EndDate="2014-12-19 10:58:59.156 JST" Interest="14.0" Kind="selection" Navigation="null" OriginId="org.eclipse.jdt.ui.CompilationUnitEditor" StartDate="2014-12-19 08:17:24.127 JST" StructureHandle="=Proc/src&amp;lt;proc.main{BellCurve.java#processing.core.*" StructureKind="java" NumEvents="14" CreationCount="141"/><InteractionEvent Delta="null" EndDate="2014-12-19 10:53:57.76 JST" Interest="45.912003" Kind="propagation" Navigation="org.eclipse.mylyn.core.model.edges.containment" OriginId="org.eclipse.mylyn.core.model.interest.propagation" StartDate="2014-12-19 07:55:58.444 JST" StructureHandle="=Proc/storage\/D-13&amp;lt;" StructureKind="java" NumEvents="66" CreationCount="11"/><InteractionEvent Delta="null" EndDate="2014-12-19 08:57:07.103 JST" Interest="1.0" Kind="edit" Navigation="null" OriginId="org.eclipse.jdt.ui.CompilationUnitEditor" StartDate="2014-12-19 08:57:07.103 JST" StructureHandle="=Proc/src&amp;lt;proc.main{BellCurve.java[BellCurve^range" StructureKind="java"/><InteractionEvent Delta="null" EndDate="2014-12-19 08:57:07.99 JST" Interest="0.5810001" Kind="manipulation" Navigation="null" OriginId="org.eclipse.mylyn.core.model.interest.decay.correction" StartDate="2014-12-19 08:57:07.99 JST" StructureHandle="=Proc/src&amp;lt;proc.main{BellCurve.java[BellCurve^range" StructureKind="java"/><InteractionEvent Delta="null" EndDate="2014-12-19 08:57:07.99 JST" Interest="2.0" Kind="selection" Navigation="null" OriginId="org.eclipse.jdt.ui.CompilationUnitEditor" StartDate="2014-12-19 08:52:35.315 JST" StructureHandle="=Proc/src&amp;lt;proc.main{BellCurve.java[BellCurve^range" StructureKind="java" NumEvents="2" CreationCount="741"/><InteractionEvent Delta="null" EndDate="2014-12-19 08:24:16.75 JST" Interest="32.0" Kind="edit" Navigation="null" OriginId="org.eclipse.jdt.ui.CompilationUnitEditor" StartDate="2014-12-19 08:18:03.950 JST" StructureHandle="=Proc/src&amp;lt;proc.main{BellCurve.java[BellCurve~init_Colors" StructureKind="java" NumEvents="32" CreationCount="160"/><InteractionEvent Delta="null" EndDate="2014-12-19 08:35:06.206 JST" Interest="8.0" Kind="selection" Navigation="null" OriginId="org.eclipse.jdt.ui.CompilationUnitEditor" StartDate="2014-12-19 08:18:02.482 JST" StructureHandle="=Proc/src&amp;lt;proc.main{BellCurve.java[BellCurve~init_Colors" StructureKind="java" NumEvents="8" CreationCount="160"/><InteractionEvent Delta="null" EndDate="2014-12-19 08:45:19.264 JST" Interest="1.0" Kind="edit" Navigation="null" OriginId="org.eclipse.jdt.ui.CompilationUnitEditor" StartDate="2014-12-19 08:45:19.264 JST" StructureHandle="=Proc/storage\/D-13&amp;lt;{Exponential.java[Exponential^xspacing" StructureKind="java"/><InteractionEvent Delta="null" EndDate="2014-12-19 08:45:19.260 JST" Interest="1.0" Kind="selection" Navigation="null" OriginId="org.eclipse.jdt.ui.CompilationUnitEditor" StartDate="2014-12-19 08:45:19.260 JST" StructureHandle="=Proc/storage\/D-13&amp;lt;{Exponential.java[Exponential^xspacing" StructureKind="java"/><InteractionEvent Delta="null" EndDate="2014-12-19 07:56:02.592 JST" Interest="7.0" Kind="propagation" Navigation="null" OriginId="org.eclipse.jdt.ui.CompilationUnitEditor" StartDate="2014-12-19 07:55:26.395 JST" StructureHandle="/Proc/src/proc/main/Exponential.java" StructureKind="resource" NumEvents="7" CreationCount="3"/><InteractionEvent Delta="null" EndDate="2014-12-19 07:56:02.592 JST" Interest="1.0" Kind="selection" Navigation="null" OriginId="org.eclipse.jdt.ui.CompilationUnitEditor" StartDate="2014-12-19 07:56:02.592 JST" StructureHandle="=Proc/src&amp;lt;proc.main{Exponential.java[Exponential" StructureKind="java"/><InteractionEvent Delta="null" EndDate="2014-12-19 11:10:06.26 JST" Interest="2815.0" Kind="propagation" Navigation="null" OriginId="org.eclipse.jdt.ui.PackageExplorer" StartDate="2014-12-19 07:56:27.394 JST" StructureHandle="/Proc/src/proc/main/BellCurve.java" StructureKind="resource" NumEvents="2815" CreationCount="15"/><InteractionEvent Delta="null" EndDate="2014-12-19 14:27:43.857 JST" Interest="3.0" Kind="propagation" Navigation="null" OriginId="org.eclipse.jdt.ui.CompilationUnitEditor" StartDate="2014-12-19 14:27:40.848 JST" StructureHandle="/Proc/src/proc/main/SineCurve_2.java" StructureKind="resource" NumEvents="3" CreationCount="3033"/><InteractionEvent Delta="null" EndDate="2014-12-19 08:30:49.998 JST" Interest="1.0" Kind="selection" Navigation="null" OriginId="org.eclipse.jdt.ui.CompilationUnitEditor" StartDate="2014-12-19 08:30:49.998 JST" StructureHandle="=Proc/src&amp;lt;proc.main{BellCurve.java[BellCurve^start_X" StructureKind="java"/><InteractionEvent Delta="null" EndDate="2014-12-19 14:27:43.857 JST" Interest="2827.017" Kind="propagation" Navigation="null" OriginId="org.eclipse.jdt.ui.CompilationUnitEditor" StartDate="2014-12-19 07:55:25.513 JST" StructureHandle="/Proc/src/proc/main" StructureKind="resource" NumEvents="2828" CreationCount="2"/><InteractionEvent Delta="null" EndDate="2014-12-19 11:06:34.295 JST" Interest="107.0" Kind="edit" Navigation="null" OriginId="org.eclipse.jdt.ui.CompilationUnitEditor" StartDate="2014-12-19 08:07:54.917 JST" StructureHandle="=Proc/src&amp;lt;proc.main{BellCurve.java[BellCurve~setup_View" StructureKind="java" NumEvents="107" CreationCount="79"/><InteractionEvent Delta="null" EndDate="2014-12-19 11:06:34.279 JST" Interest="21.0" Kind="selection" Navigation="null" OriginId="org.eclipse.jdt.ui.CompilationUnitEditor" StartDate="2014-12-19 08:05:50.958 JST" StructureHandle="=Proc/src&amp;lt;proc.main{BellCurve.java[BellCurve~setup_View" StructureKind="java" NumEvents="21" CreationCount="79"/><InteractionEvent Delta="null" EndDate="2014-12-19 14:27:43.857 JST" Interest="2828.034" Kind="propagation" Navigation="org.eclipse.mylyn.core.model.edges.containment" OriginId="org.eclipse.mylyn.core.model.interest.propagation" StartDate="2014-12-19 07:55:24.15 JST" StructureHandle="/" StructureKind="resource" NumEvents="2831" CreationCount="1"/><InteractionEvent Delta="null" EndDate="2014-12-19 10:58:59.157 JST" Interest="32.39" Kind="propagation" Navigation="org.eclipse.mylyn.core.model.edges.containment" OriginId="org.eclipse.mylyn.core.model.interest.propagation" StartDate="2014-12-19 08:17:24.128 JST" StructureHandle="=Proc/src&amp;lt;proc.main{BellCurve.java#" StructureKind="java" NumEvents="14" CreationCount="141"/><InteractionEvent Delta="null" EndDate="2014-12-19 10:38:46.592 JST" Interest="4.0" Kind="edit" Navigation="null" OriginId="org.eclipse.jdt.ui.CompilationUnitEditor" StartDate="2014-12-19 10:38:46.564 JST" StructureHandle="=Proc/storage\/D-13&amp;lt;{Exponential.java[Exponential^offset_X" StructureKind="java" NumEvents="4" CreationCount="1541"/><InteractionEvent Delta="null" EndDate="2014-12-19 10:38:50.314 JST" Interest="3.0" Kind="selection" Navigation="null" OriginId="org.eclipse.jdt.ui.CompilationUnitEditor" StartDate="2014-12-19 10:38:46.551 JST" StructureHandle="=Proc/storage\/D-13&amp;lt;{Exponential.java[Exponential^offset_X" StructureKind="java" NumEvents="3" CreationCount="1541"/><InteractionEvent Delta="null" EndDate="2014-12-19 08:17:37.896 JST" Interest="1.0" Kind="edit" Navigation="null" OriginId="org.eclipse.jdt.ui.CompilationUnitEditor" StartDate="2014-12-19 08:17:37.896 JST" StructureHandle="=Proc/src&amp;lt;proc.main{BellCurve.java[BellCurve^red" StructureKind="java"/><InteractionEvent Delta="null" EndDate="2014-12-19 08:19:45.270 JST" Interest="2.0" Kind="selection" Navigation="null" OriginId="org.eclipse.jdt.ui.CompilationUnitEditor" StartDate="2014-12-19 08:17:36.968 JST" StructureHandle="=Proc/src&amp;lt;proc.main{BellCurve.java[BellCurve^red" StructureKind="java" NumEvents="2" CreationCount="149"/><InteractionEvent Delta="null" EndDate="2014-12-19 11:03:44.655 JST" Interest="81.0" Kind="edit" Navigation="null" OriginId="org.eclipse.jdt.ui.CompilationUnitEditor" StartDate="2014-12-19 07:56:28.761 JST" StructureHandle="=Proc/src&amp;lt;proc.main{BellCurve.java[BellCurve" StructureKind="java" NumEvents="81" CreationCount="16"/><InteractionEvent Delta="null" EndDate="2014-12-19 11:07:59.575 JST" Interest="559.461" Kind="propagation" Navigation="org.eclipse.mylyn.core.model.edges.containment" OriginId="org.eclipse.mylyn.core.model.interest.propagation" StartDate="2014-12-19 07:56:59.606 JST" StructureHandle="=Proc/src&amp;lt;proc.main{BellCurve.java[BellCurve" StructureKind="java" NumEvents="793" CreationCount="16"/><InteractionEvent Delta="null" EndDate="2014-12-19 11:03:44.641 JST" Interest="69.0" Kind="selection" Navigation="null" OriginId="org.eclipse.jdt.ui.CompilationUnitEditor" StartDate="2014-12-19 07:56:28.749 JST" StructureHandle="=Proc/src&amp;lt;proc.main{BellCurve.java[BellCurve" StructureKind="java" NumEvents="69" CreationCount="16"/><InteractionEvent Delta="null" EndDate="2014-12-19 08:29:31.542 JST" Interest="1.0" Kind="edit" Navigation="null" OriginId="org.eclipse.jdt.ui.CompilationUnitEditor" StartDate="2014-12-19 08:29:31.542 JST" StructureHandle="=Proc/storage\/D-13&amp;lt;{Exponential.java[Exponential^yvals" StructureKind="java"/><InteractionEvent Delta="null" EndDate="2014-12-19 08:29:31.537 JST" Interest="1.0" Kind="selection" Navigation="null" OriginId="org.eclipse.jdt.ui.CompilationUnitEditor" StartDate="2014-12-19 08:29:31.537 JST" StructureHandle="=Proc/storage\/D-13&amp;lt;{Exponential.java[Exponential^yvals" StructureKind="java"/><InteractionEvent Delta="null" EndDate="2014-12-19 10:53:57.129 JST" Interest="204.42302" Kind="propagation" Navigation="org.eclipse.mylyn.core.model.edges.containment" OriginId="org.eclipse.mylyn.core.model.interest.propagation" StartDate="2014-12-19 07:55:52.804 JST" StructureHandle="/Proc/storage" StructureKind="resource" NumEvents="204" CreationCount="8"/><InteractionEvent Delta="null" EndDate="2014-12-19 07:55:49.926 JST" Interest="1.0" Kind="selection" Navigation="null" OriginId="org.eclipse.jdt.ui.PackageExplorer" StartDate="2014-12-19 07:55:49.926 JST" StructureHandle="/Proc/storage" StructureKind="resource"/><InteractionEvent Delta="null" EndDate="2014-12-19 10:57:08.187 JST" Interest="50.0" Kind="edit" Navigation="null" OriginId="org.eclipse.jdt.ui.CompilationUnitEditor" StartDate="2014-12-19 10:19:50.376 JST" StructureHandle="=Proc/src&amp;lt;proc.main{BellCurve.java" StructureKind="java" NumEvents="50" CreationCount="3"/><InteractionEvent Delta="null" EndDate="2014-12-19 11:07:59.575 JST" Interest="599.382" Kind="propagation" Navigation="org.eclipse.mylyn.core.model.edges.containment" OriginId="org.eclipse.mylyn.core.model.interest.propagation" StartDate="2014-12-19 08:04:16.152 JST" StructureHandle="=Proc/src&amp;lt;proc.main{BellCurve.java" StructureKind="java" NumEvents="869" CreationCount="3"/><InteractionEvent Delta="null" EndDate="2014-12-19 11:10:06.25 JST" Interest="52.0" Kind="selection" Navigation="null" OriginId="org.eclipse.jdt.ui.PackageExplorer" StartDate="2014-12-19 07:55:26.394 JST" StructureHandle="=Proc/src&amp;lt;proc.main{BellCurve.java" StructureKind="java" NumEvents="52" CreationCount="3"/><InteractionEvent Delta="null" EndDate="2014-12-19 10:50:59.439 JST" Interest="30.0" Kind="edit" Navigation="null" OriginId="org.eclipse.jdt.ui.CompilationUnitEditor" StartDate="2014-12-19 08:06:09.604 JST" StructureHandle="=Proc/src&amp;lt;proc.main{BellCurve.java[BellCurve~keyPressed" StructureKind="java" NumEvents="30" CreationCount="82"/><InteractionEvent Delta="null" EndDate="2014-12-19 10:49:49.451 JST" Interest="9.302001" Kind="manipulation" Navigation="null" OriginId="org.eclipse.mylyn.core.model.interest.decay.correction" StartDate="2014-12-19 10:20:15.834 JST" StructureHandle="=Proc/src&amp;lt;proc.main{BellCurve.java[BellCurve~keyPressed" StructureKind="java" NumEvents="2" CreationCount="82"/><InteractionEvent Delta="null" EndDate="2014-12-19 10:50:55.873 JST" Interest="6.0" Kind="selection" Navigation="null" OriginId="org.eclipse.jdt.ui.CompilationUnitEditor" StartDate="2014-12-19 08:06:08.504 JST" StructureHandle="=Proc/src&amp;lt;proc.main{BellCurve.java[BellCurve~keyPressed" StructureKind="java" NumEvents="6" CreationCount="82"/><InteractionEvent Delta="null" EndDate="2014-12-19 08:29:23.613 JST" Interest="5.0" Kind="edit" Navigation="null" OriginId="org.eclipse.jdt.ui.CompilationUnitEditor" StartDate="2014-12-19 08:29:21.805 JST" StructureHandle="=Proc/storage\/D-13&amp;lt;{Exponential.java[Exponential~calcWave_3" StructureKind="java" NumEvents="5" CreationCount="329"/><InteractionEvent Delta="null" EndDate="2014-12-19 08:29:21.533 JST" Interest="1.0" Kind="selection" Navigation="null" OriginId="org.eclipse.ui.views.ContentOutline" StartDate="2014-12-19 08:29:21.533 JST" StructureHandle="=Proc/storage\/D-13&amp;lt;{Exponential.java[Exponential~calcWave_3" StructureKind="java"/><InteractionEvent Delta="null" EndDate="2014-12-19 08:29:17.817 JST" Interest="1.0" Kind="selection" Navigation="null" OriginId="org.eclipse.ui.views.ContentOutline" StartDate="2014-12-19 08:29:17.817 JST" StructureHandle="=Proc/storage\/D-13&amp;lt;{Exponential.java%proc.main" StructureKind="java"/><InteractionEvent Delta="null" EndDate="2014-12-19 14:27:43.857 JST" Interest="2829.034" Kind="propagation" Navigation="null" OriginId="org.eclipse.jdt.ui.CompilationUnitEditor" StartDate="2014-12-19 07:55:24.15 JST" StructureHandle="/Proc/src" StructureKind="resource" NumEvents="2831" CreationCount="1"/><InteractionEvent Delta="null" EndDate="2014-12-19 10:38:55.826 JST" Interest="28.557003" Kind="propagation" Navigation="org.eclipse.mylyn.core.model.edges.containment" OriginId="org.eclipse.mylyn.core.model.interest.propagation" StartDate="2014-12-19 07:55:58.443 JST" StructureHandle="=Proc/storage\/D-13&amp;lt;{Exponential.java" StructureKind="java" NumEvents="48" CreationCount="11"/><InteractionEvent Delta="null" EndDate="2014-12-19 08:29:15.963 JST" Interest="4.3550005" Kind="manipulation" Navigation="null" OriginId="org.eclipse.mylyn.core.model.interest.decay.correction" StartDate="2014-12-19 08:29:15.963 JST" StructureHandle="=Proc/storage\/D-13&amp;lt;{Exponential.java" StructureKind="java"/><InteractionEvent Delta="null" EndDate="2014-12-19 10:53:57.75 JST" Interest="13.0" Kind="selection" Navigation="null" OriginId="org.eclipse.jdt.ui.CompilationUnitEditor" StartDate="2014-12-19 08:29:15.963 JST" StructureHandle="=Proc/storage\/D-13&amp;lt;{Exponential.java" StructureKind="java" NumEvents="13" CreationCount="11"/><InteractionEvent Delta="null" EndDate="2014-12-19 10:35:31.916 JST" Interest="1.0" Kind="selection" Navigation="null" OriginId="org.eclipse.ui.views.ContentOutline" StartDate="2014-12-19 10:35:31.916 JST" StructureHandle="=Proc/src&amp;lt;proc.main{BellCurve.java%proc.main" StructureKind="java"/><InteractionEvent Delta="null" EndDate="2014-12-19 10:18:42.565 JST" Interest="3.0" Kind="edit" Navigation="null" OriginId="org.eclipse.jdt.ui.CompilationUnitEditor" StartDate="2014-12-19 10:13:31.869 JST" StructureHandle="=Proc/src&amp;lt;proc.main{BellCurve.java[BellCurve^tick_X" StructureKind="java" NumEvents="3" CreationCount="763"/><InteractionEvent Delta="null" EndDate="2014-12-19 10:13:28.740 JST" Interest="3.5220003" Kind="manipulation" Navigation="null" OriginId="org.eclipse.mylyn.core.model.interest.decay.correction" StartDate="2014-12-19 10:13:28.740 JST" StructureHandle="=Proc/src&amp;lt;proc.main{BellCurve.java[BellCurve^tick_X" StructureKind="java"/><InteractionEvent Delta="null" EndDate="2014-12-19 10:18:41.803 JST" Interest="3.0" Kind="selection" Navigation="null" OriginId="org.eclipse.jdt.ui.CompilationUnitEditor" StartDate="2014-12-19 08:53:23.675 JST" StructureHandle="=Proc/src&amp;lt;proc.main{BellCurve.java[BellCurve^tick_X" StructureKind="java" NumEvents="3" CreationCount="763"/><InteractionEvent Delta="null" EndDate="2014-12-19 08:25:30.298 JST" Interest="5.0" Kind="edit" Navigation="null" OriginId="org.eclipse.jdt.ui.CompilationUnitEditor" StartDate="2014-12-19 08:17:32.439 JST" StructureHandle="=Proc/src&amp;lt;proc.main{BellCurve.java[BellCurve^blue" StructureKind="java" NumEvents="5" CreationCount="145"/><InteractionEvent Delta="null" EndDate="2014-12-19 08:25:18.728 JST" Interest="3.0" Kind="selection" Navigation="null" OriginId="org.eclipse.jdt.ui.CompilationUnitEditor" StartDate="2014-12-19 08:17:30.757 JST" StructureHandle="=Proc/src&amp;lt;proc.main{BellCurve.java[BellCurve^blue" StructureKind="java" NumEvents="3" CreationCount="145"/><InteractionEvent Delta="null" EndDate="2014-12-19 10:38:55.826 JST" Interest="24.0" Kind="edit" Navigation="null" OriginId="org.eclipse.jdt.ui.CompilationUnitEditor" StartDate="2014-12-19 10:38:50.807 JST" StructureHandle="=Proc/storage\/D-13&amp;lt;{Exponential.java[Exponential~keyPressed" StructureKind="java" NumEvents="24" CreationCount="1547"/><InteractionEvent Delta="null" EndDate="2014-12-19 10:53:57.129 JST" Interest="3.0" Kind="selection" Navigation="null" OriginId="org.eclipse.jdt.ui.CompilationUnitEditor" StartDate="2014-12-19 10:38:50.226 JST" StructureHandle="=Proc/storage\/D-13&amp;lt;{Exponential.java[Exponential~keyPressed" StructureKind="java" NumEvents="3" CreationCount="1547"/><InteractionEvent Delta="null" EndDate="2014-12-19 08:05:43.207 JST" Interest="2.0" Kind="selection" Navigation="null" OriginId="org.eclipse.ui.views.ContentOutline" StartDate="2014-12-19 08:05:42.585 JST" StructureHandle="=Proc/src&amp;lt;proc.main{BellCurve.java[BellCurve~renderWave_2" StructureKind="java" NumEvents="2" CreationCount="75"/><InteractionEvent Delta="null" EndDate="2014-12-19 09:00:36.783 JST" Interest="7.0" Kind="selection" Navigation="null" OriginId="org.eclipse.jdt.ui.CompilationUnitEditor" StartDate="2014-12-19 08:57:56.6 JST" StructureHandle="=Proc/storage\/D-13&amp;lt;{SineWave.java[SineWave~setup" StructureKind="java" NumEvents="7" CreationCount="851"/><InteractionEvent Delta="null" EndDate="2014-12-19 10:58:47.66 JST" Interest="79.0" Kind="edit" Navigation="null" OriginId="org.eclipse.jdt.ui.CompilationUnitEditor" StartDate="2014-12-19 07:56:46.905 JST" StructureHandle="=Proc/src&amp;lt;proc.main{BellCurve.java[BellCurve~setup" StructureKind="java" NumEvents="79" CreationCount="22"/><InteractionEvent Delta="null" EndDate="2014-12-19 10:58:47.56 JST" Interest="27.0" Kind="selection" Navigation="null" OriginId="org.eclipse.jdt.ui.CompilationUnitEditor" StartDate="2014-12-19 07:56:45.706 JST" StructureHandle="=Proc/src&amp;lt;proc.main{BellCurve.java[BellCurve~setup" StructureKind="java" NumEvents="27" CreationCount="22"/><InteractionEvent Delta="null" EndDate="2014-12-19 08:45:16.557 JST" Interest="15.0" Kind="edit" Navigation="null" OriginId="org.eclipse.jdt.ui.CompilationUnitEditor" StartDate="2014-12-19 08:40:08.214 JST" StructureHandle="=Proc/storage\/D-13&amp;lt;{Exponential.java[Exponential~renderWave" StructureKind="java" NumEvents="15" CreationCount="570"/><InteractionEvent Delta="null" EndDate="2014-12-19 08:45:09.913 JST" Interest="2.0" Kind="selection" Navigation="null" OriginId="org.eclipse.jdt.ui.CompilationUnitEditor" StartDate="2014-12-19 08:40:08.210 JST" StructureHandle="=Proc/storage\/D-13&amp;lt;{Exponential.java[Exponential~renderWave" StructureKind="java" NumEvents="2" CreationCount="570"/><InteractionEvent Delta="null" EndDate="2014-12-19 10:53:57.129 JST" Interest="147.0" Kind="propagation" Navigation="null" OriginId="org.eclipse.jdt.ui.CompilationUnitEditor" StartDate="2014-12-19 07:55:58.444 JST" StructureHandle="/Proc/storage/D-13/Exponential.java" StructureKind="resource" NumEvents="147" CreationCount="11"/><InteractionEvent Delta="null" EndDate="2014-12-19 08:29:15.963 JST" Interest="4.372" Kind="manipulation" Navigation="null" OriginId="org.eclipse.mylyn.core.model.interest.decay.correction" StartDate="2014-12-19 08:29:15.963 JST" StructureHandle="/Proc/storage/D-13/Exponential.java" StructureKind="resource"/><InteractionEvent Delta="null" EndDate="2014-12-19 10:38:45.748 JST" Interest="22.0" Kind="edit" Navigation="null" OriginId="org.eclipse.jdt.ui.CompilationUnitEditor" StartDate="2014-12-19 08:30:17.943 JST" StructureHandle="=Proc/storage\/D-13&amp;lt;{Exponential.java[Exponential~setup" StructureKind="java" NumEvents="22" CreationCount="371"/><InteractionEvent Delta="null" EndDate="2014-12-19 10:38:45.332 JST" Interest="11.0" Kind="selection" Navigation="null" OriginId="org.eclipse.jdt.ui.CompilationUnitEditor" StartDate="2014-12-19 08:30:17.928 JST" StructureHandle="=Proc/storage\/D-13&amp;lt;{Exponential.java[Exponential~setup" StructureKind="java" NumEvents="11" CreationCount="371"/><InteractionEvent Delta="null" EndDate="2014-12-19 14:27:43.857 JST" Interest="2827.017" Kind="propagation" Navigation="org.eclipse.mylyn.core.model.edges.containment" OriginId="org.eclipse.mylyn.core.model.interest.propagation" StartDate="2014-12-19 07:55:25.513 JST" StructureHandle="/Proc/src/proc" StructureKind="resource" NumEvents="2828" CreationCount="2"/><InteractionEvent Delta="null" EndDate="2014-12-19 14:27:40.849 JST" Interest="683.4161" Kind="propagation" Navigation="org.eclipse.mylyn.core.model.edges.containment" OriginId="org.eclipse.mylyn.core.model.interest.propagation" StartDate="2014-12-19 07:55:25.514 JST" StructureHandle="=Proc/src" StructureKind="java" NumEvents="1101" CreationCount="1"/><InteractionEvent Delta="null" EndDate="2014-12-19 08:03:52.397 JST" Interest="3.0" Kind="selection" Navigation="null" OriginId="org.eclipse.jdt.ui.PackageExplorer" StartDate="2014-12-19 07:55:24.15 JST" StructureHandle="=Proc/src" StructureKind="java" NumEvents="3" CreationCount="1"/><InteractionEvent Delta="null" EndDate="2014-12-19 10:59:05.926 JST" Interest="7.0" Kind="edit" Navigation="null" OriginId="org.eclipse.jdt.ui.CompilationUnitEditor" StartDate="2014-12-19 10:59:04.361 JST" StructureHandle="=Proc/src&amp;lt;proc.main{BellCurve.java[BellCurve^amplitude" StructureKind="java" NumEvents="7" CreationCount="1059"/><InteractionEvent Delta="null" EndDate="2014-12-19 10:59:04.355 JST" Interest="11.920001" Kind="manipulation" Navigation="null" OriginId="org.eclipse.mylyn.core.model.interest.decay.correction" StartDate="2014-12-19 10:59:04.355 JST" StructureHandle="=Proc/src&amp;lt;proc.main{BellCurve.java[BellCurve^amplitude" StructureKind="java"/><InteractionEvent Delta="null" EndDate="2014-12-19 10:59:10.314 JST" Interest="3.0" Kind="selection" Navigation="null" OriginId="org.eclipse.ui.views.ContentOutline" StartDate="2014-12-19 10:18:40.802 JST" StructureHandle="=Proc/src&amp;lt;proc.main{BellCurve.java[BellCurve^amplitude" StructureKind="java" NumEvents="3" CreationCount="1059"/><InteractionEvent Delta="null" EndDate="2014-12-19 08:47:49.841 JST" Interest="5.0" Kind="edit" Navigation="null" OriginId="org.eclipse.jdt.ui.CompilationUnitEditor" StartDate="2014-12-19 08:47:25.448 JST" StructureHandle="=Proc/src&amp;lt;proc.main{BellCurve.java[BellCurve~init_Screen" StructureKind="java" NumEvents="5" CreationCount="716"/><InteractionEvent Delta="null" EndDate="2014-12-19 08:47:24.969 JST" Interest="3.0" Kind="selection" Navigation="null" OriginId="org.eclipse.jdt.ui.CompilationUnitEditor" StartDate="2014-12-19 08:47:24.867 JST" StructureHandle="=Proc/src&amp;lt;proc.main{BellCurve.java[BellCurve~init_Screen" StructureKind="java" NumEvents="3" CreationCount="716"/><InteractionEvent Delta="null" EndDate="2014-12-19 14:27:43.857 JST" Interest="2.4" Kind="propagation" Navigation="org.eclipse.mylyn.core.model.edges.containment" OriginId="org.eclipse.mylyn.core.model.interest.propagation" StartDate="2014-12-19 14:27:40.848 JST" StructureHandle="=Proc/src&amp;lt;proc.main{SineCurve_2.java[SineCurve_2" StructureKind="java" NumEvents="3" CreationCount="3033"/><InteractionEvent Delta="null" EndDate="2014-12-19 08:05:37.982 JST" Interest="2.0" Kind="selection" Navigation="null" OriginId="org.eclipse.ui.views.ContentOutline" StartDate="2014-12-19 08:05:36.685 JST" StructureHandle="=Proc/src&amp;lt;proc.main{BellCurve.java[BellCurve~calcWave_2" StructureKind="java" NumEvents="2" CreationCount="71"/><InteractionEvent Delta="null" EndDate="2014-12-19 11:07:59.574 JST" Interest="865.0" Kind="edit" Navigation="null" OriginId="org.eclipse.jdt.ui.CompilationUnitEditor" StartDate="2014-12-19 08:05:26.618 JST" StructureHandle="=Proc/src&amp;lt;proc.main{BellCurve.java[BellCurve~calc_Line" StructureKind="java" NumEvents="865" CreationCount="67"/><InteractionEvent Delta="null" EndDate="2014-12-19 08:33:32.310 JST" Interest="3.7940004" Kind="manipulation" Navigation="null" OriginId="org.eclipse.mylyn.core.model.interest.decay.correction" StartDate="2014-12-19 08:29:53.316 JST" StructureHandle="=Proc/src&amp;lt;proc.main{BellCurve.java[BellCurve~calcWave" StructureKind="java" NumEvents="2" CreationCount="67"/><InteractionEvent Delta="null" EndDate="2014-12-19 11:07:40.265 JST" Interest="75.0" Kind="selection" Navigation="null" OriginId="org.eclipse.jdt.ui.CompilationUnitEditor" StartDate="2014-12-19 08:05:25.601 JST" StructureHandle="=Proc/src&amp;lt;proc.main{BellCurve.java[BellCurve~calc_Line" StructureKind="java" NumEvents="75" CreationCount="67"/><InteractionEvent Delta="null" EndDate="2014-12-19 10:59:01.516 JST" Interest="4.0" Kind="edit" Navigation="null" OriginId="org.eclipse.jdt.ui.CompilationUnitEditor" StartDate="2014-12-19 08:57:08.524 JST" StructureHandle="=Proc/src&amp;lt;proc.main{BellCurve.java[BellCurve^xspacing" StructureKind="java" NumEvents="4" CreationCount="837"/><InteractionEvent Delta="null" EndDate="2014-12-19 10:59:01.502 JST" Interest="14.926002" Kind="manipulation" Navigation="null" OriginId="org.eclipse.mylyn.core.model.interest.decay.correction" StartDate="2014-12-19 10:59:01.502 JST" StructureHandle="=Proc/src&amp;lt;proc.main{BellCurve.java[BellCurve^xspacing" StructureKind="java"/><InteractionEvent Delta="null" EndDate="2014-12-19 10:59:01.502 JST" Interest="2.0" Kind="selection" Navigation="null" OriginId="org.eclipse.jdt.ui.CompilationUnitEditor" StartDate="2014-12-19 08:57:08.520 JST" StructureHandle="=Proc/src&amp;lt;proc.main{BellCurve.java[BellCurve^xspacing" StructureKind="java" NumEvents="2" CreationCount="837"/><InteractionEvent Delta="null" EndDate="2014-12-19 08:52:33.941 JST" Interest="1.9810005" Kind="manipulation" Navigation="null" OriginId="org.eclipse.mylyn.core.model.interest.decay.correction" StartDate="2014-12-19 08:36:22.352 JST" StructureHandle="=Proc/src&amp;lt;proc.main{BellCurve.java[BellCurve^len_yvals" StructureKind="java" NumEvents="2" CreationCount="446"/><InteractionEvent Delta="null" EndDate="2014-12-19 08:53:21.71 JST" Interest="6.0" Kind="selection" Navigation="null" OriginId="org.eclipse.jdt.ui.CompilationUnitEditor" StartDate="2014-12-19 08:33:19.879 JST" StructureHandle="=Proc/src&amp;lt;proc.main{BellCurve.java[BellCurve^len_yvals" StructureKind="java" NumEvents="6" CreationCount="446"/><InteractionEvent Delta="null" EndDate="2014-12-19 10:19:57.204 JST" Interest="2.0" Kind="edit" Navigation="null" OriginId="org.eclipse.jdt.ui.CompilationUnitEditor" StartDate="2014-12-19 10:18:49.131 JST" StructureHandle="=Proc/src&amp;lt;proc.main{BellCurve.java[BellCurve^phase" StructureKind="java" NumEvents="2" CreationCount="1062"/><InteractionEvent Delta="null" EndDate="2014-12-19 10:31:21.886 JST" Interest="6.0" Kind="selection" Navigation="null" OriginId="org.eclipse.jdt.ui.CompilationUnitEditor" StartDate="2014-12-19 10:18:44.222 JST" StructureHandle="=Proc/src&amp;lt;proc.main{BellCurve.java[BellCurve^phase" StructureKind="java" NumEvents="6" CreationCount="1062"/><InteractionEvent Delta="null" EndDate="2014-12-19 10:59:16.379 JST" Interest="258.0" Kind="edit" Navigation="null" OriginId="org.eclipse.jdt.ui.CompilationUnitEditor" StartDate="2014-12-19 08:03:56.146 JST" StructureHandle="=Proc/src&amp;lt;proc.main{BellCurve.java[BellCurve~init_Vars" StructureKind="java" NumEvents="258" CreationCount="28"/><InteractionEvent Delta="null" EndDate="2014-12-19 08:29:51.246 JST" Interest="0.77400064" Kind="manipulation" Navigation="null" OriginId="org.eclipse.mylyn.core.model.interest.decay.correction" StartDate="2014-12-19 08:29:51.246 JST" StructureHandle="=Proc/src&amp;lt;proc.main{BellCurve.java[BellCurve~init_Vars" StructureKind="java"/><InteractionEvent Delta="null" EndDate="2014-12-19 10:59:12.820 JST" Interest="59.0" Kind="selection" Navigation="null" OriginId="org.eclipse.jdt.ui.CompilationUnitEditor" StartDate="2014-12-19 07:57:10.809 JST" StructureHandle="=Proc/src&amp;lt;proc.main{BellCurve.java[BellCurve~init_Vars" StructureKind="java" NumEvents="59" CreationCount="28"/><InteractionEvent Delta="null" EndDate="2014-12-19 08:45:46.799 JST" Interest="8.0" Kind="edit" Navigation="null" OriginId="org.eclipse.jdt.ui.CompilationUnitEditor" StartDate="2014-12-19 08:34:02.1 JST" StructureHandle="=Proc/storage\/D-13&amp;lt;{Exponential.java[Exponential~init_Vars" StructureKind="java" NumEvents="8" CreationCount="465"/><InteractionEvent Delta="null" EndDate="2014-12-19 08:45:29.338 JST" Interest="1.4450002" Kind="manipulation" Navigation="null" OriginId="org.eclipse.mylyn.core.model.interest.decay.correction" StartDate="2014-12-19 08:45:29.338 JST" StructureHandle="=Proc/storage\/D-13&amp;lt;{Exponential.java[Exponential~init_Vars" StructureKind="java"/><InteractionEvent Delta="null" EndDate="2014-12-19 08:45:54.7 JST" Interest="7.0" Kind="selection" Navigation="null" OriginId="org.eclipse.jdt.ui.CompilationUnitEditor" StartDate="2014-12-19 08:34:01.997 JST" StructureHandle="=Proc/storage\/D-13&amp;lt;{Exponential.java[Exponential~init_Vars" StructureKind="java" NumEvents="7" CreationCount="465"/><InteractionEvent Delta="null" EndDate="2014-12-19 08:36:58.317 JST" Interest="1.0" Kind="edit" Navigation="null" OriginId="org.eclipse.jdt.ui.CompilationUnitEditor" StartDate="2014-12-19 08:36:58.317 JST" StructureHandle="=Proc/storage\/D-13&amp;lt;{Exponential.java[Exponential^amplitude" StructureKind="java"/><InteractionEvent Delta="null" EndDate="2014-12-19 08:40:04.648 JST" Interest="2.0" Kind="selection" Navigation="null" OriginId="org.eclipse.jdt.ui.CompilationUnitEditor" StartDate="2014-12-19 08:36:58.310 JST" StructureHandle="=Proc/storage\/D-13&amp;lt;{Exponential.java[Exponential^amplitude" StructureKind="java" NumEvents="2" CreationCount="538"/><InteractionEvent Delta="null" EndDate="2014-12-19 11:10:06.26 JST" Interest="683.39905" Kind="propagation" Navigation="org.eclipse.mylyn.core.model.edges.containment" OriginId="org.eclipse.mylyn.core.model.interest.propagation" StartDate="2014-12-19 07:55:26.396 JST" StructureHandle="=Proc/src&amp;lt;proc.main" StructureKind="java" NumEvents="1030" CreationCount="2"/><InteractionEvent Delta="null" EndDate="2014-12-19 08:04:01.741 JST" Interest="3.0" Kind="selection" Navigation="null" OriginId="org.eclipse.jdt.ui.PackageExplorer" StartDate="2014-12-19 07:55:25.512 JST" StructureHandle="=Proc/src&amp;lt;proc.main" StructureKind="java" NumEvents="3" CreationCount="2"/><InteractionEvent Delta="null" EndDate="2014-12-19 10:53:41.661 JST" Interest="23.582" Kind="manipulation" Navigation="null" OriginId="org.eclipse.mylyn.core.model.interest.decay.correction" StartDate="2014-12-19 10:53:41.661 JST" StructureHandle="=Proc/src&amp;lt;proc.main{BellCurve.java[BellCurve^black" StructureKind="java"/><InteractionEvent Delta="null" EndDate="2014-12-19 10:53:41.661 JST" Interest="2.0" Kind="selection" Navigation="null" OriginId="org.eclipse.ui.views.ContentOutline" StartDate="2014-12-19 08:19:48.973 JST" StructureHandle="=Proc/src&amp;lt;proc.main{BellCurve.java[BellCurve^black" StructureKind="java" NumEvents="2" CreationCount="203"/><InteractionEvent Delta="null" EndDate="2014-12-19 08:29:45.110 JST" Interest="4.0" Kind="edit" Navigation="null" OriginId="org.eclipse.jdt.ui.CompilationUnitEditor" StartDate="2014-12-19 08:29:40.428 JST" StructureHandle="=Proc/src&amp;lt;proc.main{BellCurve.java[BellCurve^yvalues" StructureKind="java" NumEvents="4" CreationCount="344"/><InteractionEvent Delta="null" EndDate="2014-12-19 10:17:56.993 JST" Interest="7.304001" Kind="manipulation" Navigation="null" OriginId="org.eclipse.mylyn.core.model.interest.decay.correction" StartDate="2014-12-19 10:17:56.993 JST" StructureHandle="=Proc/src&amp;lt;proc.main{BellCurve.java[BellCurve^yvals" StructureKind="java"/><InteractionEvent Delta="null" EndDate="2014-12-19 10:17:56.993 JST" Interest="3.0" Kind="selection" Navigation="null" OriginId="org.eclipse.jdt.ui.CompilationUnitEditor" StartDate="2014-12-19 08:29:39.447 JST" StructureHandle="=Proc/src&amp;lt;proc.main{BellCurve.java[BellCurve^yvals" StructureKind="java" NumEvents="3" CreationCount="344"/><InteractionEvent Delta="null" EndDate="2014-12-19 08:59:12.382 JST" Interest="1.0" Kind="selection" Navigation="null" OriginId="org.eclipse.jdt.ui.CompilationUnitEditor" StartDate="2014-12-19 08:59:12.382 JST" StructureHandle="=Proc/storage\/D-13&amp;lt;{SineWave.java[SineWave^dx" StructureKind="java"/><InteractionEvent Delta="null" EndDate="2014-12-19 10:53:57.76 JST" Interest="45.912003" Kind="propagation" Navigation="org.eclipse.mylyn.core.model.edges.containment" OriginId="org.eclipse.mylyn.core.model.interest.propagation" StartDate="2014-12-19 07:55:58.444 JST" StructureHandle="=Proc/storage\/D-13" StructureKind="java" NumEvents="59" CreationCount="11"/><InteractionEvent Delta="null" EndDate="2014-12-19 08:05:37.986 JST" Interest="1.0" Kind="selection" Navigation="null" OriginId="org.eclipse.ui.views.ContentOutline" StartDate="2014-12-19 08:05:37.986 JST" StructureHandle="=Proc/src&amp;lt;proc.main{BellCurve.java[BellCurve~calcWave_3~D" StructureKind="java"/><InteractionEvent Delta="null" EndDate="2014-12-19 08:30:16.473 JST" Interest="4.0" Kind="edit" Navigation="null" OriginId="org.eclipse.jdt.ui.CompilationUnitEditor" StartDate="2014-12-19 08:29:33.538 JST" StructureHandle="=Proc/storage\/D-13&amp;lt;{Exponential.java[Exponential^yvalues" StructureKind="java" NumEvents="4" CreationCount="337"/><InteractionEvent Delta="null" EndDate="2014-12-19 08:30:16.467 JST" Interest="4.0" Kind="selection" Navigation="null" OriginId="org.eclipse.jdt.ui.CompilationUnitEditor" StartDate="2014-12-19 08:29:33.534 JST" StructureHandle="=Proc/storage\/D-13&amp;lt;{Exponential.java[Exponential^yvalues" StructureKind="java" NumEvents="4" CreationCount="337"/><InteractionEvent Delta="null" EndDate="2014-12-19 10:51:57.120 JST" Interest="1.0" Kind="selection" Navigation="null" OriginId="org.eclipse.jdt.ui.CompilationUnitEditor" StartDate="2014-12-19 10:51:57.120 JST" StructureHandle="=Proc/src&amp;lt;proc.main{BellCurve.java[BellCurve^serialVersionUID" StructureKind="java"/><InteractionEvent Delta="null" EndDate="2014-12-19 11:07:39.173 JST" Interest="300.0" Kind="edit" Navigation="null" OriginId="org.eclipse.jdt.ui.CompilationUnitEditor" StartDate="2014-12-19 08:06:24.535 JST" StructureHandle="=Proc/src&amp;lt;proc.main{BellCurve.java[BellCurve~render_Wave" StructureKind="java" NumEvents="300" CreationCount="88"/><InteractionEvent Delta="null" EndDate="2014-12-19 11:07:34.916 JST" Interest="30.0" Kind="selection" Navigation="null" OriginId="org.eclipse.jdt.ui.CompilationUnitEditor" StartDate="2014-12-19 08:06:23.309 JST" StructureHandle="=Proc/src&amp;lt;proc.main{BellCurve.java[BellCurve~render_Wave" StructureKind="java" NumEvents="30" CreationCount="88"/><InteractionEvent Delta="null" EndDate="2014-12-19 14:27:43.857 JST" Interest="2.0" Kind="edit" Navigation="null" OriginId="org.eclipse.jdt.ui.CompilationUnitEditor" StartDate="2014-12-19 14:27:41.345 JST" StructureHandle="=Proc/src&amp;lt;proc.main{SineCurve_2.java[SineCurve_2~listener" StructureKind="java" NumEvents="2" CreationCount="3033"/><InteractionEvent Delta="null" EndDate="2014-12-19 14:27:40.816 JST" Interest="1.0" Kind="selection" Navigation="null" OriginId="org.eclipse.jdt.ui.CompilationUnitEditor" StartDate="2014-12-19 14:27:40.816 JST" StructureHandle="=Proc/src&amp;lt;proc.main{SineCurve_2.java[SineCurve_2~listener" StructureKind="java"/></InteractionHistory>