<?xml version="1.0" encoding="UTF-8"?><InteractionHistory Id="local-233" Version="1"><InteractionEvent Delta="null" EndDate="2014-12-03 10:32:05.892 JST" Interest="148.003" Kind="propagation" Navigation="org.eclipse.mylyn.core.model.edges.containment" OriginId="org.eclipse.mylyn.core.model.interest.propagation" StartDate="2014-12-03 09:27:51.40 JST" StructureHandle="" StructureKind="java" NumEvents="157" CreationCount="18"/><InteractionEvent Delta="null" EndDate="2014-12-03 10:24:05.540 JST" Interest="1.0" Kind="selection" Navigation="null" OriginId="org.eclipse.jdt.ui.CompilationUnitEditor" StartDate="2014-12-03 10:24:05.540 JST" StructureHandle="=CutPlanner_A/src&amp;lt;cp.utils{Methods_dlg.java[Methods_dlg~dlg_ShowMessage_SecondDialog~QActivity;~QString;~QDialog;" StructureKind="java"/><InteractionEvent Delta="null" EndDate="2014-12-03 10:24:08.863 JST" Interest="2.0" Kind="edit" Navigation="null" OriginId="org.eclipse.jdt.ui.CompilationUnitEditor" StartDate="2014-12-03 10:24:07.177 JST" StructureHandle="=CutPlanner_A/src&amp;lt;cp.utils{Methods_dlg.java[Methods_dlg~dlg_ShowMessage_SecondDialog~QActivity;~QString;~QDialog;" StructureKind="java" NumEvents="2" CreationCount="454"/><InteractionEvent Delta="null" EndDate="2014-12-03 10:24:12.188 JST" Interest="11.3689995" Kind="propagation" Navigation="org.eclipse.mylyn.core.model.edges.containment" OriginId="org.eclipse.mylyn.core.model.interest.propagation" StartDate="2014-12-03 09:33:41.838 JST" StructureHandle="=IFM11/src&amp;lt;ifm11.utils{Methods_dlg.java[Methods_dlg" StructureKind="java" NumEvents="17" CreationCount="131"/><InteractionEvent Delta="null" EndDate="2014-12-03 10:29:05.875 JST" Interest="12.0" Kind="selection" Navigation="null" OriginId="org.eclipse.jdt.ui.CompilationUnitEditor" StartDate="2014-12-03 09:30:37.5 JST" StructureHandle="=IFM11/src&amp;lt;ifm11.utils{Methods_dlg.java[Methods_dlg" StructureKind="java" NumEvents="12" CreationCount="131"/><InteractionEvent Delta="null" EndDate="2014-12-03 10:29:07.244 JST" Interest="8.0" Kind="edit" Navigation="null" OriginId="org.eclipse.jdt.ui.CompilationUnitEditor" StartDate="2014-12-03 09:31:00.879 JST" StructureHandle="=IFM11/src&amp;lt;ifm11.utils{Methods_dlg.java[Methods_dlg" StructureKind="java" NumEvents="8" CreationCount="131"/><InteractionEvent Delta="null" EndDate="2014-12-03 09:26:46.581 JST" Interest="1.0" Kind="propagation" Navigation="org.eclipse.mylyn.core.model.edges.containment" OriginId="org.eclipse.mylyn.core.model.interest.propagation" StartDate="2014-12-03 09:26:46.581 JST" StructureHandle="/TA2/src/ta2" StructureKind="resource"/><InteractionEvent Delta="null" EndDate="2014-12-03 10:22:53.393 JST" Interest="4.0" Kind="selection" Navigation="null" OriginId="org.eclipse.ui.views.ResourceNavigator" StartDate="2014-12-03 10:22:26.433 JST" StructureHandle="=CutPlanner_A/src&amp;lt;cp.items{LogItem.java" StructureKind="java" NumEvents="4" CreationCount="425"/><InteractionEvent Delta="null" EndDate="2014-12-03 10:28:32.374 JST" Interest="1.0" Kind="selection" Navigation="null" OriginId="org.eclipse.jdt.ui.CompilationUnitEditor" StartDate="2014-12-03 10:28:32.374 JST" StructureHandle="=IFM11/src&amp;lt;ifm11.utils{CONS.java[CONS[TNActv^list_Pos_Current" StructureKind="java"/><InteractionEvent Delta="null" EndDate="2014-12-03 09:36:13.704 JST" Interest="14.099999" Kind="propagation" Navigation="org.eclipse.mylyn.core.model.edges.containment" OriginId="org.eclipse.mylyn.core.model.interest.propagation" StartDate="2014-12-03 09:34:15.75 JST" StructureHandle="/IFM11/res/layout" StructureKind="resource" NumEvents="18" CreationCount="215"/><InteractionEvent Delta="null" EndDate="2014-12-03 10:31:58.227 JST" Interest="1.0" Kind="selection" Navigation="null" OriginId="org.eclipse.jdt.ui.CompilationUnitEditor" StartDate="2014-12-03 10:31:58.227 JST" StructureHandle="=IFM11/src&amp;lt;ifm11.utils{CONS.java[CONS[DB^fname_Log" StructureKind="java"/><InteractionEvent Delta="null" EndDate="2014-12-03 09:33:44.562 JST" Interest="1.0" Kind="selection" Navigation="null" OriginId="org.eclipse.ui.views.ResourceNavigator" StartDate="2014-12-03 09:33:44.562 JST" StructureHandle="/CutPlanner_A/res/layout/devicelist.xml" StructureKind="resource"/><InteractionEvent Delta="null" EndDate="2014-12-03 09:36:55.319 JST" Interest="11.0" Kind="selection" Navigation="null" OriginId="com.android.ide.eclipse.editors.CommonXmlEditor" StartDate="2014-12-03 09:28:25.182 JST" StructureHandle="/IFM11/res/values/strings.xml" StructureKind="resource" NumEvents="11" CreationCount="28"/><InteractionEvent Delta="null" EndDate="2014-12-03 09:36:55.339 JST" Interest="14.0" Kind="edit" Navigation="null" OriginId="com.android.ide.eclipse.editors.CommonXmlEditor" StartDate="2014-12-03 09:28:25.204 JST" StructureHandle="/IFM11/res/values/strings.xml" StructureKind="resource" NumEvents="14" CreationCount="28"/><InteractionEvent Delta="null" EndDate="2014-12-03 10:29:02.323 JST" Interest="4.0" Kind="selection" Navigation="null" OriginId="org.eclipse.jdt.ui.CompilationUnitEditor" StartDate="2014-12-03 09:32:37.858 JST" StructureHandle="=IFM11/src&amp;lt;ifm11.utils{Methods_dlg.java[Methods_dlg~dlg_filter_ShowLogList~QActivity;" StructureKind="java" NumEvents="4" CreationCount="170"/><InteractionEvent Delta="null" EndDate="2014-12-03 10:29:02.323 JST" Interest="0.8300004" Kind="manipulation" Navigation="null" OriginId="org.eclipse.mylyn.core.model.interest.decay.correction" StartDate="2014-12-03 10:29:02.323 JST" StructureHandle="=IFM11/src&amp;lt;ifm11.utils{Methods_dlg.java[Methods_dlg~dlg_filter_ShowLogList~QActivity;" StructureKind="java"/><InteractionEvent Delta="null" EndDate="2014-12-03 10:29:04.158 JST" Interest="5.0" Kind="edit" Navigation="null" OriginId="org.eclipse.jdt.ui.CompilationUnitEditor" StartDate="2014-12-03 09:32:39.35 JST" StructureHandle="=IFM11/src&amp;lt;ifm11.utils{Methods_dlg.java[Methods_dlg~dlg_filter_ShowLogList~QActivity;" StructureKind="java" NumEvents="5" CreationCount="170"/><InteractionEvent Delta="null" EndDate="2014-12-03 09:29:58.641 JST" Interest="4.0" Kind="selection" Navigation="null" OriginId="org.eclipse.jdt.ui.CompilationUnitEditor" StartDate="2014-12-03 09:29:39.67 JST" StructureHandle="=CutPlanner_A/src&amp;lt;cp.main{ShowLogActv.java[ShowLogActv~onOptionsItemSelected~QMenuItem;" StructureKind="java" NumEvents="4" CreationCount="81"/><InteractionEvent Delta="null" EndDate="2014-12-03 09:29:44.425 JST" Interest="6.0" Kind="edit" Navigation="null" OriginId="org.eclipse.jdt.ui.CompilationUnitEditor" StartDate="2014-12-03 09:29:39.630 JST" StructureHandle="=CutPlanner_A/src&amp;lt;cp.main{ShowLogActv.java[ShowLogActv~onOptionsItemSelected~QMenuItem;" StructureKind="java" NumEvents="6" CreationCount="81"/><InteractionEvent Delta="null" EndDate="2014-12-03 10:28:33.693 JST" Interest="1.017" Kind="propagation" Navigation="org.eclipse.mylyn.core.model.edges.containment" OriginId="org.eclipse.mylyn.core.model.interest.propagation" StartDate="2014-12-03 10:28:32.375 JST" StructureHandle="=IFM11/src&amp;lt;ifm11.utils{CONS.java[CONS[TNActv" StructureKind="java" NumEvents="2" CreationCount="550"/><InteractionEvent Delta="null" EndDate="2014-12-03 10:30:31.406 JST" Interest="2.0" Kind="selection" Navigation="null" OriginId="org.eclipse.jdt.ui.CompilationUnitEditor" StartDate="2014-12-03 10:28:39.277 JST" StructureHandle="=IFM11/src&amp;lt;ifm11.utils{CONS.java[CONS[TNActv" StructureKind="java" NumEvents="2" CreationCount="550"/><InteractionEvent Delta="null" EndDate="2014-12-03 10:35:24.820 JST" Interest="389.034" Kind="propagation" Navigation="org.eclipse.mylyn.core.model.edges.containment" OriginId="org.eclipse.mylyn.core.model.interest.propagation" StartDate="2014-12-03 09:26:50.526 JST" StructureHandle="=IFM11" StructureKind="resource" NumEvents="391" CreationCount="2"/><InteractionEvent Delta="null" EndDate="2014-12-03 10:23:25.743 JST" Interest="1.0" Kind="selection" Navigation="null" OriginId="org.eclipse.jdt.ui.CompilationUnitEditor" StartDate="2014-12-03 10:23:25.743 JST" StructureHandle="=IFM11/src&amp;lt;ifm11.listeners.dialog{DB_OCL.java#ifm11.tasks.Task_FTP" StructureKind="java"/><InteractionEvent Delta="null" EndDate="2014-12-03 09:26:46.580 JST" Interest="1.0" Kind="selection" Navigation="null" OriginId="org.eclipse.ui.views.ResourceNavigator" StartDate="2014-12-03 09:26:46.580 JST" StructureHandle="=TA2/src&amp;lt;ta2.utils{Methods.java" StructureKind="java"/><InteractionEvent Delta="null" EndDate="2014-12-03 10:29:43.56 JST" Interest="4.0" Kind="selection" Navigation="null" OriginId="org.eclipse.jdt.ui.CompilationUnitEditor" StartDate="2014-12-03 10:21:17.250 JST" StructureHandle="=CutPlanner_A/src&amp;lt;cp.listeners.dialog{DB_OCL.java[DB_OCL~onClick~QView;" StructureKind="java" NumEvents="4" CreationCount="395"/><InteractionEvent Delta="null" EndDate="2014-12-03 10:29:44.139 JST" Interest="5.0" Kind="edit" Navigation="null" OriginId="org.eclipse.jdt.ui.CompilationUnitEditor" StartDate="2014-12-03 10:21:19.37 JST" StructureHandle="=CutPlanner_A/src&amp;lt;cp.listeners.dialog{DB_OCL.java[DB_OCL~onClick~QView;" StructureKind="java" NumEvents="5" CreationCount="395"/><InteractionEvent Delta="null" EndDate="2014-12-03 09:38:32.942 JST" Interest="1.0" Kind="propagation" Navigation="org.eclipse.mylyn.core.model.edges.containment" OriginId="org.eclipse.mylyn.core.model.interest.propagation" StartDate="2014-12-03 09:38:32.942 JST" StructureHandle="/IFM11/bin/res/crunch/drawable" StructureKind="resource"/><InteractionEvent Delta="null" EndDate="2014-12-03 10:23:21.831 JST" Interest="1.0" Kind="selection" Navigation="null" OriginId="org.eclipse.jdt.ui.CompilationUnitEditor" StartDate="2014-12-03 10:23:21.831 JST" StructureHandle="=IFM11/src&amp;lt;ifm11.items{FilterHistory.java[FilterHistory" StructureKind="java"/><InteractionEvent Delta="null" EndDate="2014-12-03 10:35:24.818 JST" Interest="388.051" Kind="propagation" Navigation="org.eclipse.mylyn.core.model.edges.containment" OriginId="org.eclipse.mylyn.core.model.interest.propagation" StartDate="2014-12-03 09:26:46.581 JST" StructureHandle="/" StructureKind="resource" NumEvents="400" CreationCount="1"/><InteractionEvent Delta="null" EndDate="2014-12-03 09:28:02.782 JST" Interest="1.0" Kind="selection" Navigation="null" OriginId="org.eclipse.jdt.ui.PackageExplorer" StartDate="2014-12-03 09:28:02.782 JST" StructureHandle="/IFM11/res/menu/menu_main.xml" StructureKind="resource"/><InteractionEvent Delta="null" EndDate="2014-12-03 09:31:55.435 JST" Interest="35.0" Kind="propagation" Navigation="null" OriginId="org.eclipse.jdt.ui.CompilationUnitEditor" StartDate="2014-12-03 09:29:32.918 JST" StructureHandle="/CutPlanner_A/src/cp/main/ShowLogActv.java" StructureKind="resource" NumEvents="35" CreationCount="77"/><InteractionEvent Delta="null" EndDate="2014-12-03 09:30:04.76 JST" Interest="6.0" Kind="selection" Navigation="null" OriginId="org.eclipse.jdt.ui.CompilationUnitEditor" StartDate="2014-12-03 09:27:09.733 JST" StructureHandle="=IFM11/src&amp;lt;ifm11.main{ShowLogActv.java[ShowLogActv~onCreateOptionsMenu~QMenu;" StructureKind="java" NumEvents="6" CreationCount="7"/><InteractionEvent Delta="null" EndDate="2014-12-03 09:29:58.429 JST" Interest="17.0" Kind="edit" Navigation="null" OriginId="org.eclipse.jdt.ui.CompilationUnitEditor" StartDate="2014-12-03 09:27:10.278 JST" StructureHandle="=IFM11/src&amp;lt;ifm11.main{ShowLogActv.java[ShowLogActv~onCreateOptionsMenu~QMenu;" StructureKind="java" NumEvents="17" CreationCount="7"/><InteractionEvent Delta="null" EndDate="2014-12-03 10:21:14.880 JST" Interest="2.0" Kind="selection" Navigation="null" OriginId="org.eclipse.jdt.ui.CompilationUnitEditor" StartDate="2014-12-03 10:20:56.741 JST" StructureHandle="=CutPlanner_A/src&amp;lt;cp.listeners.dialog{DB_OCL.java[DB_OCL~DB_OCL~QActivity;~QDialog;" StructureKind="java" NumEvents="2" CreationCount="387"/><InteractionEvent Delta="null" EndDate="2014-12-03 10:35:24.817 JST" Interest="104.0" Kind="propagation" Navigation="org.eclipse.mylyn.core.model.edges.containment" OriginId="org.eclipse.mylyn.core.model.interest.propagation" StartDate="2014-12-03 10:20:49.124 JST" StructureHandle="/IFM11/src/ifm11/listeners/dialog" StructureKind="resource" NumEvents="104" CreationCount="382"/><InteractionEvent Delta="null" EndDate="2014-12-03 10:32:04.267 JST" Interest="25.0" Kind="propagation" Navigation="null" OriginId="org.eclipse.jdt.ui.CompilationUnitEditor" StartDate="2014-12-03 10:20:55.927 JST" StructureHandle="/CutPlanner_A/src/cp/listeners/dialog/DB_OCL.java" StructureKind="resource" NumEvents="25" CreationCount="386"/><InteractionEvent Delta="null" EndDate="2014-12-03 09:30:12.754 JST" Interest="6.2680006" Kind="propagation" Navigation="org.eclipse.mylyn.core.model.edges.containment" OriginId="org.eclipse.mylyn.core.model.interest.propagation" StartDate="2014-12-03 09:29:36.175 JST" StructureHandle="=CutPlanner_A/src&amp;lt;cp.main{ShowLogActv.java" StructureKind="java" NumEvents="12" CreationCount="77"/><InteractionEvent Delta="null" EndDate="2014-12-03 09:31:52.51 JST" Interest="8.0" Kind="selection" Navigation="null" OriginId="org.eclipse.jdt.ui.CompilationUnitEditor" StartDate="2014-12-03 09:29:32.918 JST" StructureHandle="=CutPlanner_A/src&amp;lt;cp.main{ShowLogActv.java" StructureKind="java" NumEvents="8" CreationCount="77"/><InteractionEvent Delta="null" EndDate="2014-12-03 10:32:05.890 JST" Interest="70.901" Kind="propagation" Navigation="org.eclipse.mylyn.core.model.edges.containment" OriginId="org.eclipse.mylyn.core.model.interest.propagation" StartDate="2014-12-03 09:29:29.274 JST" StructureHandle="/CutPlanner_A/src/cp" StructureKind="resource" NumEvents="76" CreationCount="74"/><InteractionEvent Delta="null" EndDate="2014-12-03 10:22:54.927 JST" Interest="7.0" Kind="selection" Navigation="null" OriginId="org.eclipse.ui.views.ResourceNavigator" StartDate="2014-12-03 10:22:37.146 JST" StructureHandle="=CutPlanner_A/src&amp;lt;cp.items{FilterHistory.java" StructureKind="java" NumEvents="7" CreationCount="426"/><InteractionEvent Delta="null" EndDate="2014-12-03 10:21:53.140 JST" Interest="1.0" Kind="selection" Navigation="null" OriginId="org.eclipse.jdt.ui.CompilationUnitEditor" StartDate="2014-12-03 10:21:53.140 JST" StructureHandle="=IFM11/src&amp;lt;ifm11.listeners.dialog{DB_OCL.java#java.util.List" StructureKind="java"/><InteractionEvent Delta="null" EndDate="2014-12-03 10:32:04.268 JST" Interest="8.653" Kind="propagation" Navigation="org.eclipse.mylyn.core.model.edges.containment" OriginId="org.eclipse.mylyn.core.model.interest.propagation" StartDate="2014-12-03 10:20:55.928 JST" StructureHandle="=CutPlanner_A/src&amp;lt;cp.listeners.dialog" StructureKind="java" NumEvents="15" CreationCount="386"/><InteractionEvent Delta="null" EndDate="2014-12-03 09:29:29.898 JST" Interest="1.0" Kind="selection" Navigation="null" OriginId="org.eclipse.ui.views.ResourceNavigator" StartDate="2014-12-03 09:29:29.898 JST" StructureHandle="=CutPlanner_A/src&amp;lt;cp.adapters" StructureKind="java"/><InteractionEvent Delta="null" EndDate="2014-12-03 09:39:21.667 JST" Interest="3.0" Kind="selection" Navigation="null" OriginId="org.eclipse.jdt.ui.CompilationUnitEditor" StartDate="2014-12-03 09:38:46.192 JST" StructureHandle="=IFM11/src&amp;lt;ifm11.main{ShowLogActv.java#ifm11.utils.Tags" StructureKind="java" NumEvents="3" CreationCount="342"/><InteractionEvent Delta="null" EndDate="2014-12-03 10:29:50.536 JST" Interest="1.0" Kind="selection" Navigation="null" OriginId="org.eclipse.jdt.ui.CompilationUnitEditor" StartDate="2014-12-03 10:29:50.536 JST" StructureHandle="=CutPlanner_A/src&amp;lt;cp.listeners.dialog{DB_OCL.java[DB_OCL~case_DLG_FILTER_SHOWLIST_RESET" StructureKind="java"/><InteractionEvent Delta="null" EndDate="2014-12-03 10:29:54.15 JST" Interest="2.0" Kind="edit" Navigation="null" OriginId="org.eclipse.jdt.ui.CompilationUnitEditor" StartDate="2014-12-03 10:29:52.174 JST" StructureHandle="=CutPlanner_A/src&amp;lt;cp.listeners.dialog{DB_OCL.java[DB_OCL~case_DLG_FILTER_SHOWLIST_RESET" StructureKind="java" NumEvents="2" CreationCount="584"/><InteractionEvent Delta="null" EndDate="2014-12-03 09:31:52.180 JST" Interest="5.0" Kind="selection" Navigation="null" OriginId="org.eclipse.jdt.ui.CompilationUnitEditor" StartDate="2014-12-03 09:30:01.245 JST" StructureHandle="=CutPlanner_A/src&amp;lt;cp.main{ShowLogActv.java[ShowLogActv~case_OPT_Filter" StructureKind="java" NumEvents="5" CreationCount="110"/><InteractionEvent Delta="null" EndDate="2014-12-03 09:31:55.435 JST" Interest="6.0" Kind="edit" Navigation="null" OriginId="org.eclipse.jdt.ui.CompilationUnitEditor" StartDate="2014-12-03 09:30:01.262 JST" StructureHandle="=CutPlanner_A/src&amp;lt;cp.main{ShowLogActv.java[ShowLogActv~case_OPT_Filter" StructureKind="java" NumEvents="6" CreationCount="110"/><InteractionEvent Delta="null" EndDate="2014-12-03 09:33:33.65 JST" Interest="6.0" Kind="propagation" Navigation="null" OriginId="org.eclipse.jdt.ui.CompilationUnitEditor" StartDate="2014-12-03 09:33:25.343 JST" StructureHandle="/IFM11/src/ifm11/utils/Tags.java" StructureKind="resource" NumEvents="6" CreationCount="191"/><InteractionEvent Delta="null" EndDate="2014-12-03 10:29:44.139 JST" Interest="6.636" Kind="propagation" Navigation="org.eclipse.mylyn.core.model.edges.containment" OriginId="org.eclipse.mylyn.core.model.interest.propagation" StartDate="2014-12-03 10:20:56.741 JST" StructureHandle="=CutPlanner_A/src&amp;lt;cp.listeners.dialog{DB_OCL.java[DB_OCL" StructureKind="java" NumEvents="8" CreationCount="387"/><InteractionEvent Delta="null" EndDate="2014-12-03 10:32:04.267 JST" Interest="2.0" Kind="selection" Navigation="null" OriginId="org.eclipse.jdt.ui.CompilationUnitEditor" StartDate="2014-12-03 10:29:22.353 JST" StructureHandle="=CutPlanner_A/src&amp;lt;cp.listeners.dialog{DB_OCL.java[DB_OCL" StructureKind="java" NumEvents="2" CreationCount="387"/><InteractionEvent Delta="null" EndDate="2014-12-03 10:25:08.237 JST" Interest="3.0" Kind="selection" Navigation="null" OriginId="org.eclipse.jdt.ui.CompilationUnitEditor" StartDate="2014-12-03 10:25:04.6 JST" StructureHandle="=IFM11/src&amp;lt;ifm11.utils{Methods_dlg.java[Methods_dlg~conf_Delete_Folder~QActivity;~QDialog;~QString;~QString;" StructureKind="java" NumEvents="3" CreationCount="486"/><InteractionEvent Delta="null" EndDate="2014-12-03 10:18:59.848 JST" Interest="3.0" Kind="selection" Navigation="null" OriginId="org.eclipse.jdt.ui.CompilationUnitEditor" StartDate="2014-12-03 09:40:48.608 JST" StructureHandle="=IFM11/src&amp;lt;ifm11.main{ShowLogActv.java#ifm11.utils.Methods" StructureKind="java" NumEvents="3" CreationCount="348"/><InteractionEvent Delta="null" EndDate="2014-12-03 09:37:35.882 JST" Interest="4.734" Kind="propagation" Navigation="org.eclipse.mylyn.core.model.edges.containment" OriginId="org.eclipse.mylyn.core.model.interest.propagation" StartDate="2014-12-03 09:37:16.995 JST" StructureHandle="=CutPlanner_A/src&amp;lt;cp.utils{CONS.java[CONS" StructureKind="java" NumEvents="6" CreationCount="303"/><InteractionEvent Delta="null" EndDate="2014-12-03 09:38:32.941 JST" Interest="1.0" Kind="propagation" Navigation="null" OriginId="org.eclipse.mylyn.resources.ui.interest.updater" StartDate="2014-12-03 09:38:32.941 JST" StructureHandle="/IFM11/bin/res/crunch/drawable/general_ib_ok_green_64x64.png" StructureKind="resource"/><InteractionEvent Delta="null" EndDate="2014-12-03 10:23:59.927 JST" Interest="5.7770004" Kind="propagation" Navigation="org.eclipse.mylyn.core.model.edges.containment" OriginId="org.eclipse.mylyn.core.model.interest.propagation" StartDate="2014-12-03 09:30:38.474 JST" StructureHandle="=CutPlanner_A/src&amp;lt;cp.utils{Methods_dlg.java[Methods_dlg" StructureKind="java" NumEvents="9" CreationCount="133"/><InteractionEvent Delta="null" EndDate="2014-12-03 10:28:51.597 JST" Interest="9.0" Kind="selection" Navigation="null" OriginId="org.eclipse.jdt.ui.CompilationUnitEditor" StartDate="2014-12-03 09:31:35.672 JST" StructureHandle="=CutPlanner_A/src&amp;lt;cp.utils{Methods_dlg.java[Methods_dlg" StructureKind="java" NumEvents="9" CreationCount="133"/><InteractionEvent Delta="null" EndDate="2014-12-03 09:37:03.679 JST" Interest="0.7540002" Kind="manipulation" Navigation="null" OriginId="org.eclipse.mylyn.core.model.interest.decay.correction" StartDate="2014-12-03 09:37:03.679 JST" StructureHandle="=CutPlanner_A/src&amp;lt;cp.utils{Methods_dlg.java[Methods_dlg" StructureKind="java"/><InteractionEvent Delta="null" EndDate="2014-12-03 09:36:57.54 JST" Interest="17.816998" Kind="propagation" Navigation="org.eclipse.mylyn.core.model.edges.containment" OriginId="org.eclipse.mylyn.core.model.interest.propagation" StartDate="2014-12-03 09:28:28.732 JST" StructureHandle="/CutPlanner_A/res/values" StructureKind="resource" NumEvents="23" CreationCount="31"/><InteractionEvent Delta="null" EndDate="2014-12-03 09:32:05.326 JST" Interest="2.0" Kind="selection" Navigation="null" OriginId="org.eclipse.ui.views.ResourceNavigator" StartDate="2014-12-03 09:28:27.293 JST" StructureHandle="/CutPlanner_A/res/values" StructureKind="resource" NumEvents="2" CreationCount="31"/><InteractionEvent Delta="null" EndDate="2014-12-03 09:37:35.883 JST" Interest="10.0" Kind="propagation" Navigation="null" OriginId="org.eclipse.jdt.ui.CompilationUnitEditor" StartDate="2014-12-03 09:37:16.238 JST" StructureHandle="/CutPlanner_A/src/cp/utils/CONS.java" StructureKind="resource" NumEvents="10" CreationCount="302"/><InteractionEvent Delta="null" EndDate="2014-12-03 10:29:54.850 JST" Interest="5.0" Kind="selection" Navigation="null" OriginId="org.eclipse.jdt.ui.CompilationUnitEditor" StartDate="2014-12-03 10:21:25.0 JST" StructureHandle="=IFM11/src&amp;lt;ifm11.listeners.dialog{DB_OCL.java[DB_OCL~onClick~QView;" StructureKind="java" NumEvents="5" CreationCount="402"/><InteractionEvent Delta="null" EndDate="2014-12-03 10:29:41.266 JST" Interest="3.0" Kind="edit" Navigation="null" OriginId="org.eclipse.jdt.ui.CompilationUnitEditor" StartDate="2014-12-03 10:21:28.243 JST" StructureHandle="=IFM11/src&amp;lt;ifm11.listeners.dialog{DB_OCL.java[DB_OCL~onClick~QView;" StructureKind="java" NumEvents="3" CreationCount="402"/><InteractionEvent Delta="null" EndDate="2014-12-03 09:33:33.64 JST" Interest="1.0" Kind="selection" Navigation="null" OriginId="org.eclipse.jdt.ui.CompilationUnitEditor" StartDate="2014-12-03 09:33:33.64 JST" StructureHandle="=IFM11/src&amp;lt;ifm11.utils{Tags.java[Tags[DialogTags^DLG_FILTER_SHOWLIST_CLEAR" StructureKind="java"/><InteractionEvent Delta="null" EndDate="2014-12-03 09:33:08.405 JST" Interest="2.0" Kind="selection" Navigation="null" OriginId="org.eclipse.jdt.ui.CompilationUnitEditor" StartDate="2014-12-03 09:32:33.398 JST" StructureHandle="=IFM11/src&amp;lt;ifm11.utils{Methods_dlg.java#android.app.Activity" StructureKind="java" NumEvents="2" CreationCount="168"/><InteractionEvent Delta="null" EndDate="2014-12-03 10:35:24.820 JST" Interest="389.034" Kind="propagation" Navigation="null" OriginId="org.eclipse.jdt.ui.CompilationUnitEditor" StartDate="2014-12-03 09:26:50.526 JST" StructureHandle="/IFM11/src" StructureKind="resource" NumEvents="391" CreationCount="2"/><InteractionEvent Delta="null" EndDate="2014-12-03 10:32:02.885 JST" Interest="169.159" Kind="propagation" Navigation="org.eclipse.mylyn.core.model.edges.containment" OriginId="org.eclipse.mylyn.core.model.interest.propagation" StartDate="2014-12-03 09:26:52.888 JST" StructureHandle="/IFM11/src/ifm11" StructureKind="resource" NumEvents="172" CreationCount="3"/><InteractionEvent Delta="null" EndDate="2014-12-03 09:35:31.50 JST" Interest="1.0" Kind="selection" Navigation="null" OriginId="org.eclipse.ui.views.ResourceNavigator" StartDate="2014-12-03 09:35:31.50 JST" StructureHandle="/CutPlanner_A/res/drawable/general_ib_ok_green_48x48_disabled.png" StructureKind="resource"/><InteractionEvent Delta="null" EndDate="2014-12-03 10:32:05.892 JST" Interest="207.0" Kind="propagation" Navigation="null" OriginId="org.eclipse.jdt.ui.CompilationUnitEditor" StartDate="2014-12-03 09:27:51.40 JST" StructureHandle="/CutPlanner_A" StructureKind="resource" NumEvents="207" CreationCount="18"/><InteractionEvent Delta="null" EndDate="2014-12-03 09:37:42.943 JST" Interest="6.0" Kind="selection" Navigation="null" OriginId="org.eclipse.jdt.ui.CompilationUnitEditor" StartDate="2014-12-03 09:32:19.599 JST" StructureHandle="=IFM11/src&amp;lt;ifm11.utils{Methods_dlg.java[Methods_dlg~_filter_ShowList__SetString~QActivity;~QDialog;" StructureKind="java" NumEvents="6" CreationCount="159"/><InteractionEvent Delta="null" EndDate="2014-12-03 09:37:46.240 JST" Interest="13.0" Kind="edit" Navigation="null" OriginId="org.eclipse.jdt.ui.CompilationUnitEditor" StartDate="2014-12-03 09:32:25.877 JST" StructureHandle="=IFM11/src&amp;lt;ifm11.utils{Methods_dlg.java[Methods_dlg~_filter_ShowList__SetString~QActivity;~QDialog;" StructureKind="java" NumEvents="13" CreationCount="159"/><InteractionEvent Delta="null" EndDate="2014-12-03 10:32:05.891 JST" Interest="71.0" Kind="propagation" Navigation="null" OriginId="org.eclipse.jdt.ui.CompilationUnitEditor" StartDate="2014-12-03 09:30:31.194 JST" StructureHandle="/CutPlanner_A/src/cp/utils" StructureKind="resource" NumEvents="71" CreationCount="127"/><InteractionEvent Delta="null" EndDate="2014-12-03 10:35:24.819 JST" Interest="37.129997" Kind="propagation" Navigation="org.eclipse.mylyn.core.model.edges.containment" OriginId="org.eclipse.mylyn.core.model.interest.propagation" StartDate="2014-12-03 09:26:52.889 JST" StructureHandle="=IFM11/src" StructureKind="java" NumEvents="64" CreationCount="2"/><InteractionEvent Delta="null" EndDate="2014-12-03 09:26:50.526 JST" Interest="1.0" Kind="selection" Navigation="null" OriginId="org.eclipse.jdt.ui.PackageExplorer" StartDate="2014-12-03 09:26:50.526 JST" StructureHandle="=IFM11/src" StructureKind="java"/><InteractionEvent Delta="null" EndDate="2014-12-03 10:32:05.890 JST" Interest="147.003" Kind="propagation" Navigation="org.eclipse.mylyn.core.model.edges.containment" OriginId="org.eclipse.mylyn.core.model.interest.propagation" StartDate="2014-12-03 09:27:56.292 JST" StructureHandle="=CutPlanner_A" StructureKind="resource" NumEvents="156" CreationCount="18"/><InteractionEvent Delta="null" EndDate="2014-12-03 09:27:51.40 JST" Interest="1.0" Kind="selection" Navigation="null" OriginId="org.eclipse.ui.views.ResourceNavigator" StartDate="2014-12-03 09:27:51.40 JST" StructureHandle="=CutPlanner_A" StructureKind="java"/><InteractionEvent Delta="null" EndDate="2014-12-03 10:26:01.802 JST" Interest="3.0" Kind="propagation" Navigation="org.eclipse.mylyn.core.model.edges.containment" OriginId="org.eclipse.mylyn.core.model.interest.propagation" StartDate="2014-12-03 10:22:57.116 JST" StructureHandle="=IFM11/src&amp;lt;ifm11.items" StructureKind="java" NumEvents="4" CreationCount="439"/><InteractionEvent Delta="null" EndDate="2014-12-03 10:23:11.211 JST" Interest="1.0" Kind="propagation" Navigation="org.eclipse.mylyn.core.model.edges.containment" OriginId="org.eclipse.mylyn.core.model.interest.propagation" StartDate="2014-12-03 10:23:11.211 JST" StructureHandle="/NDKSample/libs/armeabi" StructureKind="resource"/><InteractionEvent Delta="null" EndDate="2014-12-03 09:37:31.112 JST" Interest="2.034" Kind="propagation" Navigation="org.eclipse.mylyn.core.model.edges.containment" OriginId="org.eclipse.mylyn.core.model.interest.propagation" StartDate="2014-12-03 09:37:16.995 JST" StructureHandle="=CutPlanner_A/src&amp;lt;cp.utils{CONS.java[CONS[Pref" StructureKind="java" NumEvents="3" CreationCount="303"/><InteractionEvent Delta="null" EndDate="2014-12-03 09:37:33.777 JST" Interest="2.0" Kind="selection" Navigation="null" OriginId="org.eclipse.jdt.ui.CompilationUnitEditor" StartDate="2014-12-03 09:37:31.719 JST" StructureHandle="=CutPlanner_A/src&amp;lt;cp.utils{CONS.java[CONS[Pref" StructureKind="java" NumEvents="2" CreationCount="303"/><InteractionEvent Delta="null" EndDate="2014-12-03 09:37:35.882 JST" Interest="1.0" Kind="edit" Navigation="null" OriginId="org.eclipse.jdt.ui.CompilationUnitEditor" StartDate="2014-12-03 09:37:35.882 JST" StructureHandle="=CutPlanner_A/src&amp;lt;cp.utils{CONS.java[CONS[Pref" StructureKind="java"/><InteractionEvent Delta="null" EndDate="2014-12-03 10:21:23.408 JST" Interest="1.0" Kind="selection" Navigation="null" OriginId="org.eclipse.jdt.ui.CompilationUnitEditor" StartDate="2014-12-03 10:21:23.408 JST" StructureHandle="=IFM11/src&amp;lt;ifm11.listeners.dialog{DB_OCL.java[DB_OCL~DB_OCL~QActivity;~QDialog;~QDialog;" StructureKind="java"/><InteractionEvent Delta="null" EndDate="2014-12-03 10:31:49.512 JST" Interest="1.3170002" Kind="propagation" Navigation="org.eclipse.mylyn.core.model.edges.containment" OriginId="org.eclipse.mylyn.core.model.interest.propagation" StartDate="2014-12-03 10:26:44.302 JST" StructureHandle="=IFM11/src&amp;lt;ifm11.utils{CONS.java[CONS[ShowLogActv" StructureKind="java" NumEvents="3" CreationCount="546"/><InteractionEvent Delta="null" EndDate="2014-12-03 10:30:33.359 JST" Interest="2.0" Kind="selection" Navigation="null" OriginId="org.eclipse.jdt.ui.CompilationUnitEditor" StartDate="2014-12-03 10:26:46.673 JST" StructureHandle="=IFM11/src&amp;lt;ifm11.utils{CONS.java[CONS[ShowLogActv" StructureKind="java" NumEvents="2" CreationCount="546"/><InteractionEvent Delta="null" EndDate="2014-12-03 10:28:31.711 JST" Interest="1.0" Kind="edit" Navigation="null" OriginId="org.eclipse.jdt.ui.CompilationUnitEditor" StartDate="2014-12-03 10:28:31.711 JST" StructureHandle="=IFM11/src&amp;lt;ifm11.utils{CONS.java[CONS[ShowLogActv" StructureKind="java"/><InteractionEvent Delta="null" EndDate="2014-12-03 10:19:00.450 JST" Interest="4.0" Kind="selection" Navigation="null" OriginId="org.eclipse.jdt.ui.CompilationUnitEditor" StartDate="2014-12-03 09:38:22.421 JST" StructureHandle="=IFM11/src&amp;lt;ifm11.main{ShowLogActv.java#ifm11.utils.CONS" StructureKind="java" NumEvents="4" CreationCount="337"/><InteractionEvent Delta="null" EndDate="2014-12-03 10:21:21.216 JST" Interest="2.0" Kind="selection" Navigation="null" OriginId="org.eclipse.jdt.ui.CompilationUnitEditor" StartDate="2014-12-03 10:20:49.883 JST" StructureHandle="=IFM11/src&amp;lt;ifm11.listeners.dialog{DB_OCL.java[DB_OCL~DB_OCL~QActivity;~QDialog;" StructureKind="java" NumEvents="2" CreationCount="383"/><InteractionEvent Delta="null" EndDate="2014-12-03 10:22:53.393 JST" Interest="4.0" Kind="propagation" Navigation="null" OriginId="org.eclipse.ui.views.ResourceNavigator" StartDate="2014-12-03 10:22:26.433 JST" StructureHandle="/CutPlanner_A/src/cp/items/LogItem.java" StructureKind="resource" NumEvents="4" CreationCount="425"/><InteractionEvent Delta="null" EndDate="2014-12-03 10:32:05.666 JST" Interest="26.0" Kind="selection" Navigation="null" OriginId="org.eclipse.jdt.ui.CompilationUnitEditor" StartDate="2014-12-03 09:30:31.194 JST" StructureHandle="=CutPlanner_A/src&amp;lt;cp.utils{Methods_dlg.java" StructureKind="java" NumEvents="26" CreationCount="127"/><InteractionEvent Delta="null" EndDate="2014-12-03 09:35:46.876 JST" Interest="1.0" Kind="propagation" Navigation="org.eclipse.mylyn.core.model.edges.containment" OriginId="org.eclipse.mylyn.core.model.interest.propagation" StartDate="2014-12-03 09:35:46.876 JST" StructureHandle="/IFM11/res/drawable" StructureKind="resource"/><InteractionEvent Delta="null" EndDate="2014-12-03 10:19:02.661 JST" Interest="4.0" Kind="selection" Navigation="null" OriginId="org.eclipse.jdt.ui.PackageExplorer" StartDate="2014-12-03 09:35:57.832 JST" StructureHandle="/IFM11/res/drawable" StructureKind="resource" NumEvents="4" CreationCount="259"/><InteractionEvent Delta="null" EndDate="2014-12-03 10:26:11.214 JST" Interest="8.0" Kind="selection" Navigation="null" OriginId="org.eclipse.jdt.ui.CompilationUnitEditor" StartDate="2014-12-03 09:27:06.325 JST" StructureHandle="=IFM11/src&amp;lt;ifm11.main{ShowLogActv.java[ShowLogActv~onCreate~QBundle;" StructureKind="java" NumEvents="8" CreationCount="5"/><InteractionEvent Delta="null" EndDate="2014-12-03 10:26:07.765 JST" Interest="4.755" Kind="manipulation" Navigation="null" OriginId="org.eclipse.mylyn.core.model.interest.decay.correction" StartDate="2014-12-03 10:26:07.765 JST" StructureHandle="=IFM11/src&amp;lt;ifm11.main{ShowLogActv.java[ShowLogActv~onCreate~QBundle;" StructureKind="java"/><InteractionEvent Delta="null" EndDate="2014-12-03 10:22:54.927 JST" Interest="7.0" Kind="propagation" Navigation="null" OriginId="org.eclipse.ui.views.ResourceNavigator" StartDate="2014-12-03 10:22:37.146 JST" StructureHandle="/CutPlanner_A/src/cp/items/FilterHistory.java" StructureKind="resource" NumEvents="7" CreationCount="426"/><InteractionEvent Delta="null" EndDate="2014-12-03 09:35:21.7 JST" Interest="3.9610002" Kind="propagation" Navigation="org.eclipse.mylyn.core.model.edges.containment" OriginId="org.eclipse.mylyn.core.model.interest.propagation" StartDate="2014-12-03 09:27:59.635 JST" StructureHandle="/CutPlanner_A/res/menu" StructureKind="resource" NumEvents="3" CreationCount="21"/><InteractionEvent Delta="null" EndDate="2014-12-03 09:27:57.974 JST" Interest="1.0" Kind="selection" Navigation="null" OriginId="org.eclipse.ui.views.ResourceNavigator" StartDate="2014-12-03 09:27:57.974 JST" StructureHandle="/CutPlanner_A/res/menu" StructureKind="resource"/><InteractionEvent Delta="null" EndDate="2014-12-03 10:31:02.894 JST" Interest="4.0" Kind="selection" Navigation="null" OriginId="org.eclipse.jdt.ui.CompilationUnitEditor" StartDate="2014-12-03 10:26:11.116 JST" StructureHandle="=IFM11/src&amp;lt;ifm11.main{ShowLogActv.java[ShowLogActv~_Setup_List" StructureKind="java" NumEvents="4" CreationCount="523"/><InteractionEvent Delta="null" EndDate="2014-12-03 10:26:27.861 JST" Interest="14.0" Kind="edit" Navigation="null" OriginId="org.eclipse.jdt.ui.CompilationUnitEditor" StartDate="2014-12-03 10:26:11.698 JST" StructureHandle="=IFM11/src&amp;lt;ifm11.main{ShowLogActv.java[ShowLogActv~_Setup_List" StructureKind="java" NumEvents="14" CreationCount="523"/><InteractionEvent Delta="null" EndDate="2014-12-03 10:32:05.890 JST" Interest="61.0" Kind="propagation" Navigation="null" OriginId="org.eclipse.jdt.ui.CompilationUnitEditor" StartDate="2014-12-03 09:30:31.194 JST" StructureHandle="/CutPlanner_A/src/cp/utils/Methods_dlg.java" StructureKind="resource" NumEvents="61" CreationCount="127"/><InteractionEvent Delta="null" EndDate="2014-12-03 10:29:07.244 JST" Interest="28.986" Kind="propagation" Navigation="org.eclipse.mylyn.core.model.edges.containment" OriginId="org.eclipse.mylyn.core.model.interest.propagation" StartDate="2014-12-03 09:30:36.283 JST" StructureHandle="=IFM11/src&amp;lt;ifm11.utils" StructureKind="java" NumEvents="49" CreationCount="130"/><InteractionEvent Delta="null" EndDate="2014-12-03 10:32:04.268 JST" Interest="25.0" Kind="propagation" Navigation="org.eclipse.mylyn.core.model.edges.containment" OriginId="org.eclipse.mylyn.core.model.interest.propagation" StartDate="2014-12-03 10:20:55.928 JST" StructureHandle="/CutPlanner_A/src/cp/listeners/dialog" StructureKind="resource" NumEvents="25" CreationCount="386"/><InteractionEvent Delta="null" EndDate="2014-12-03 10:29:28.615 JST" Interest="8.0" Kind="selection" Navigation="null" OriginId="org.eclipse.jdt.ui.CompilationUnitEditor" StartDate="2014-12-03 10:23:28.201 JST" StructureHandle="=IFM11/src&amp;lt;ifm11.listeners.dialog{DB_OCL.java[DB_OCL~case_DLG_FILTER_SHOWLIST_OK" StructureKind="java" NumEvents="8" CreationCount="445"/><InteractionEvent Delta="null" EndDate="2014-12-03 10:26:37.15 JST" Interest="17.0" Kind="edit" Navigation="null" OriginId="org.eclipse.jdt.ui.CompilationUnitEditor" StartDate="2014-12-03 10:23:29.383 JST" StructureHandle="=IFM11/src&amp;lt;ifm11.listeners.dialog{DB_OCL.java[DB_OCL~case_DLG_FILTER_SHOWLIST_OK" StructureKind="java" NumEvents="17" CreationCount="445"/><InteractionEvent Delta="null" EndDate="2014-12-03 09:32:05.253 JST" Interest="2.0" Kind="propagation" Navigation="null" OriginId="org.eclipse.ui.views.ResourceNavigator" StartDate="2014-12-03 09:31:15.14 JST" StructureHandle="/CutPlanner_A/src/cp/main/DeviceListActv.java" StructureKind="resource" NumEvents="2" CreationCount="140"/><InteractionEvent Delta="null" EndDate="2014-12-03 09:36:55.339 JST" Interest="20.885" Kind="propagation" Navigation="org.eclipse.mylyn.core.model.edges.containment" OriginId="org.eclipse.mylyn.core.model.interest.propagation" StartDate="2014-12-03 09:28:02.783 JST" StructureHandle="/IFM11/res" StructureKind="resource" NumEvents="27" CreationCount="23"/><InteractionEvent Delta="null" EndDate="2014-12-03 09:37:40.188 JST" Interest="4.417001" Kind="propagation" Navigation="org.eclipse.mylyn.core.model.edges.containment" OriginId="org.eclipse.mylyn.core.model.interest.propagation" StartDate="2014-12-03 09:37:03.283 JST" StructureHandle="=IFM11/src&amp;lt;ifm11.utils{CONS.java" StructureKind="java" NumEvents="6" CreationCount="293"/><InteractionEvent Delta="null" EndDate="2014-12-03 10:31:49.436 JST" Interest="6.0" Kind="selection" Navigation="null" OriginId="org.eclipse.jdt.ui.CompilationUnitEditor" StartDate="2014-12-03 09:37:02.639 JST" StructureHandle="=IFM11/src&amp;lt;ifm11.utils{CONS.java" StructureKind="java" NumEvents="6" CreationCount="293"/><InteractionEvent Delta="null" EndDate="2014-12-03 09:40:47.916 JST" Interest="3.0" Kind="selection" Navigation="null" OriginId="org.eclipse.jdt.ui.CompilationUnitEditor" StartDate="2014-12-03 09:39:22.244 JST" StructureHandle="=IFM11/src&amp;lt;ifm11.main{ShowLogActv.java#android.os.Bundle" StructureKind="java" NumEvents="3" CreationCount="345"/><InteractionEvent Delta="null" EndDate="2014-12-03 09:38:32.941 JST" Interest="1.0" Kind="propagation" Navigation="null" OriginId="org.eclipse.mylyn.resources.ui.interest.updater" StartDate="2014-12-03 09:38:32.941 JST" StructureHandle="/IFM11/bin/res/crunch/drawable/general_ib_cancel_red_64x64.png" StructureKind="resource"/><InteractionEvent Delta="null" EndDate="2014-12-03 10:29:44.140 JST" Interest="2.653" Kind="propagation" Navigation="org.eclipse.mylyn.core.model.edges.containment" OriginId="org.eclipse.mylyn.core.model.interest.propagation" StartDate="2014-12-03 10:20:56.742 JST" StructureHandle="=CutPlanner_A/src&amp;lt;cp.listeners.dialog{DB_OCL.java" StructureKind="java" NumEvents="7" CreationCount="386"/><InteractionEvent Delta="null" EndDate="2014-12-03 10:32:04.28 JST" Interest="6.0" Kind="selection" Navigation="null" OriginId="org.eclipse.jdt.ui.CompilationUnitEditor" StartDate="2014-12-03 10:20:55.927 JST" StructureHandle="=CutPlanner_A/src&amp;lt;cp.listeners.dialog{DB_OCL.java" StructureKind="java" NumEvents="6" CreationCount="386"/><InteractionEvent Delta="null" EndDate="2014-12-03 09:37:31.112 JST" Interest="2.0" Kind="selection" Navigation="null" OriginId="org.eclipse.jdt.ui.CompilationUnitEditor" StartDate="2014-12-03 09:37:18.957 JST" StructureHandle="=CutPlanner_A/src&amp;lt;cp.utils{CONS.java[CONS[Pref^pname_ShowListActv" StructureKind="java" NumEvents="2" CreationCount="305"/><InteractionEvent Delta="null" EndDate="2014-12-03 09:26:46.581 JST" Interest="1.0" Kind="propagation" Navigation="org.eclipse.mylyn.core.model.edges.containment" OriginId="org.eclipse.mylyn.core.model.interest.propagation" StartDate="2014-12-03 09:26:46.581 JST" StructureHandle="/TA2/src" StructureKind="resource"/><InteractionEvent Delta="null" EndDate="2014-12-03 09:38:32.941 JST" Interest="1.0" Kind="propagation" Navigation="null" OriginId="org.eclipse.mylyn.resources.ui.interest.updater" StartDate="2014-12-03 09:38:32.941 JST" StructureHandle="/IFM11/bin/res/crunch/drawable/general_ib_clear_yellow_64x64.png" StructureKind="resource"/><InteractionEvent Delta="null" EndDate="2014-12-03 10:22:54.928 JST" Interest="6.051" Kind="propagation" Navigation="org.eclipse.mylyn.core.model.edges.containment" OriginId="org.eclipse.mylyn.core.model.interest.propagation" StartDate="2014-12-03 10:22:25.975 JST" StructureHandle="=CutPlanner_A/src&amp;lt;cp.items" StructureKind="java" NumEvents="9" CreationCount="423"/><InteractionEvent Delta="null" EndDate="2014-12-03 10:22:24.176 JST" Interest="1.0" Kind="selection" Navigation="null" OriginId="org.eclipse.ui.views.ResourceNavigator" StartDate="2014-12-03 10:22:24.176 JST" StructureHandle="=CutPlanner_A/src&amp;lt;cp.items" StructureKind="java"/><InteractionEvent Delta="null" EndDate="2014-12-03 10:22:19.260 JST" Interest="2.0" Kind="selection" Navigation="null" OriginId="org.eclipse.ui.views.ResourceNavigator" StartDate="2014-12-03 09:36:08.421 JST" StructureHandle="/CutPlanner_A/res/drawable/general_ib_clear_yellow_64x64.png" StructureKind="resource" NumEvents="2" CreationCount="267"/><InteractionEvent Delta="null" EndDate="2014-12-03 10:22:19.260 JST" Interest="1.5840001" Kind="manipulation" Navigation="null" OriginId="org.eclipse.mylyn.core.model.interest.decay.correction" StartDate="2014-12-03 10:22:19.260 JST" StructureHandle="/CutPlanner_A/res/drawable/general_ib_clear_yellow_64x64.png" StructureKind="resource"/><InteractionEvent Delta="null" EndDate="2014-12-03 09:35:46.875 JST" Interest="1.0" Kind="propagation" Navigation="null" OriginId="org.eclipse.mylyn.resources.ui.interest.updater" StartDate="2014-12-03 09:35:46.875 JST" StructureHandle="/IFM11/res/drawable/general_ib_ok_green_64x64.png" StructureKind="resource"/><InteractionEvent Delta="null" EndDate="2014-12-03 10:26:44.302 JST" Interest="1.0" Kind="selection" Navigation="null" OriginId="org.eclipse.jdt.ui.CompilationUnitEditor" StartDate="2014-12-03 10:26:44.302 JST" StructureHandle="=IFM11/src&amp;lt;ifm11.utils{CONS.java[CONS[ShowLogActv^adp_ShowLog_File_List" StructureKind="java"/><InteractionEvent Delta="null" EndDate="2014-12-03 09:33:29.706 JST" Interest="0.017000139" Kind="propagation" Navigation="org.eclipse.mylyn.core.model.edges.containment" OriginId="org.eclipse.mylyn.core.model.interest.propagation" StartDate="2014-12-03 09:33:26.212 JST" StructureHandle="=IFM11/src&amp;lt;ifm11.utils{Tags.java" StructureKind="java" NumEvents="2" CreationCount="191"/><InteractionEvent Delta="null" EndDate="2014-12-03 09:33:33.8 JST" Interest="3.0" Kind="selection" Navigation="null" OriginId="org.eclipse.jdt.ui.CompilationUnitEditor" StartDate="2014-12-03 09:33:25.342 JST" StructureHandle="=IFM11/src&amp;lt;ifm11.utils{Tags.java" StructureKind="java" NumEvents="3" CreationCount="191"/><InteractionEvent Delta="null" EndDate="2014-12-03 10:32:03.720 JST" Interest="111.017006" Kind="propagation" Navigation="null" OriginId="org.eclipse.jdt.ui.CompilationUnitEditor" StartDate="2014-12-03 09:26:52.888 JST" StructureHandle="/IFM11/src/ifm11/main" StructureKind="resource" NumEvents="113" CreationCount="3"/><InteractionEvent Delta="null" EndDate="2014-12-03 10:25:17.268 JST" Interest="1.0" Kind="selection" Navigation="null" OriginId="org.eclipse.jdt.ui.CompilationUnitEditor" StartDate="2014-12-03 10:25:17.268 JST" StructureHandle="=CutPlanner_A/src&amp;lt;cp.utils{Methods_dlg.java[Methods_dlg~dlg_ShowMessage_SecondDialog~QActivity;~QString;~QDialog;~I" StructureKind="java"/><InteractionEvent Delta="null" EndDate="2014-12-03 10:25:19.563 JST" Interest="1.0" Kind="edit" Navigation="null" OriginId="org.eclipse.jdt.ui.CompilationUnitEditor" StartDate="2014-12-03 10:25:19.563 JST" StructureHandle="=CutPlanner_A/src&amp;lt;cp.utils{Methods_dlg.java[Methods_dlg~dlg_ShowMessage_SecondDialog~QActivity;~QString;~QDialog;~I" StructureKind="java"/><InteractionEvent Delta="null" EndDate="2014-12-03 10:22:40.850 JST" Interest="2.0" Kind="propagation" Navigation="null" OriginId="org.eclipse.ui.views.ResourceNavigator" StartDate="2014-12-03 10:22:40.299 JST" StructureHandle="/CutPlanner_A/src/cp/items/WordPattern.java" StructureKind="resource" NumEvents="2" CreationCount="429"/><InteractionEvent Delta="null" EndDate="2014-12-03 09:34:33.77 JST" Interest="5.0" Kind="selection" Navigation="null" OriginId="org.eclipse.ui.views.ResourceNavigator" StartDate="2014-12-03 09:33:50.639 JST" StructureHandle="/CutPlanner_A/res/layout/dlg_filter_showlog.xml" StructureKind="resource" NumEvents="5" CreationCount="209"/><InteractionEvent Delta="null" EndDate="2014-12-03 10:23:11.211 JST" Interest="1.0" Kind="propagation" Navigation="org.eclipse.mylyn.core.model.edges.containment" OriginId="org.eclipse.mylyn.core.model.interest.propagation" StartDate="2014-12-03 10:23:11.211 JST" StructureHandle="=NDKSample" StructureKind="java"/><InteractionEvent Delta="null" EndDate="2014-12-03 10:32:05.889 JST" Interest="2.0" Kind="selection" Navigation="null" OriginId="org.eclipse.jdt.ui.CompilationUnitEditor" StartDate="2014-12-03 10:28:53.561 JST" StructureHandle="=CutPlanner_A/src&amp;lt;cp.utils{Methods_dlg.java[Methods_dlg~dlg_ShowMessage_ThirdDialog~QActivity;~QString;~QDialog;~QDialog;" StructureKind="java" NumEvents="2" CreationCount="557"/><InteractionEvent Delta="null" EndDate="2014-12-03 10:32:05.890 JST" Interest="0.2240001" Kind="manipulation" Navigation="null" OriginId="org.eclipse.mylyn.core.model.interest.decay.correction" StartDate="2014-12-03 10:32:05.890 JST" StructureHandle="=CutPlanner_A/src&amp;lt;cp.utils{Methods_dlg.java[Methods_dlg~dlg_ShowMessage_ThirdDialog~QActivity;~QString;~QDialog;~QDialog;" StructureKind="java"/><InteractionEvent Delta="null" EndDate="2014-12-03 09:32:05.253 JST" Interest="36.017" Kind="propagation" Navigation="null" OriginId="org.eclipse.ui.views.ResourceNavigator" StartDate="2014-12-03 09:29:31.292 JST" StructureHandle="/CutPlanner_A/src/cp/main" StructureKind="resource" NumEvents="38" CreationCount="76"/><InteractionEvent Delta="null" EndDate="2014-12-03 10:31:49.512 JST" Interest="4.0" Kind="selection" Navigation="null" OriginId="org.eclipse.jdt.ui.CompilationUnitEditor" StartDate="2014-12-03 10:26:45.942 JST" StructureHandle="=IFM11/src&amp;lt;ifm11.utils{CONS.java[CONS[ShowLogActv^fname_Target_LogFile" StructureKind="java" NumEvents="4" CreationCount="547"/><InteractionEvent Delta="null" EndDate="2014-12-03 10:26:01.802 JST" Interest="4.0" Kind="propagation" Navigation="null" OriginId="org.eclipse.jdt.ui.PackageExplorer" StartDate="2014-12-03 10:23:01.716 JST" StructureHandle="/IFM11/src/ifm11/items/FilterHistory.java" StructureKind="resource" NumEvents="4" CreationCount="439"/><InteractionEvent Delta="null" EndDate="2014-12-03 10:22:20.74 JST" Interest="2.822" Kind="propagation" Navigation="org.eclipse.mylyn.core.model.edges.containment" OriginId="org.eclipse.mylyn.core.model.interest.propagation" StartDate="2014-12-03 09:35:31.50 JST" StructureHandle="/CutPlanner_A/res/drawable" StructureKind="resource" NumEvents="7" CreationCount="72"/><InteractionEvent Delta="null" EndDate="2014-12-03 10:22:20.699 JST" Interest="3.0" Kind="selection" Navigation="null" OriginId="org.eclipse.ui.views.ResourceNavigator" StartDate="2014-12-03 09:29:24.244 JST" StructureHandle="/CutPlanner_A/res/drawable" StructureKind="resource" NumEvents="3" CreationCount="72"/><InteractionEvent Delta="null" EndDate="2014-12-03 09:35:25.167 JST" Interest="2.111" Kind="manipulation" Navigation="null" OriginId="org.eclipse.mylyn.core.model.interest.decay.correction" StartDate="2014-12-03 09:35:25.167 JST" StructureHandle="/CutPlanner_A/res/drawable" StructureKind="resource"/><InteractionEvent Delta="null" EndDate="2014-12-03 09:36:55.339 JST" Interest="20.8" Kind="propagation" Navigation="org.eclipse.mylyn.core.model.edges.containment" OriginId="org.eclipse.mylyn.core.model.interest.propagation" StartDate="2014-12-03 09:28:25.183 JST" StructureHandle="/IFM11/res/values" StructureKind="resource" NumEvents="25" CreationCount="28"/><InteractionEvent Delta="null" EndDate="2014-12-03 10:35:24.817 JST" Interest="104.0" Kind="propagation" Navigation="null" OriginId="org.eclipse.jdt.ui.CompilationUnitEditor" StartDate="2014-12-03 10:20:49.124 JST" StructureHandle="/IFM11/src/ifm11/listeners/dialog/DB_OCL.java" StructureKind="resource" NumEvents="104" CreationCount="382"/><InteractionEvent Delta="null" EndDate="2014-12-03 09:27:56.292 JST" Interest="1.0" Kind="selection" Navigation="null" OriginId="org.eclipse.ui.views.ResourceNavigator" StartDate="2014-12-03 09:27:56.292 JST" StructureHandle="/CutPlanner_A/libs" StructureKind="resource"/><InteractionEvent Delta="null" EndDate="2014-12-03 09:26:46.582 JST" Interest="1.0" Kind="propagation" Navigation="org.eclipse.mylyn.core.model.edges.containment" OriginId="org.eclipse.mylyn.core.model.interest.propagation" StartDate="2014-12-03 09:26:46.582 JST" StructureHandle="=TA2/src" StructureKind="java"/><InteractionEvent Delta="null" EndDate="2014-12-03 10:29:32.676 JST" Interest="1.0" Kind="selection" Navigation="null" OriginId="org.eclipse.jdt.ui.CompilationUnitEditor" StartDate="2014-12-03 10:29:32.676 JST" StructureHandle="=IFM11/src&amp;lt;ifm11.listeners.dialog{DB_OCL.java[DB_OCL^vib" StructureKind="java"/><InteractionEvent Delta="null" EndDate="2014-12-03 10:22:20.74 JST" Interest="1.0" Kind="selection" Navigation="null" OriginId="org.eclipse.ui.views.ResourceNavigator" StartDate="2014-12-03 10:22:20.74 JST" StructureHandle="/CutPlanner_A/res/drawable/general_ib_ball_green_48x48.png" StructureKind="resource"/><InteractionEvent Delta="null" EndDate="2014-12-03 10:35:24.818 JST" Interest="14.669999" Kind="propagation" Navigation="org.eclipse.mylyn.core.model.edges.containment" OriginId="org.eclipse.mylyn.core.model.interest.propagation" StartDate="2014-12-03 10:20:49.884 JST" StructureHandle="=IFM11/src&amp;lt;ifm11.listeners.dialog{DB_OCL.java" StructureKind="java" NumEvents="26" CreationCount="382"/><InteractionEvent Delta="null" EndDate="2014-12-03 10:32:06.172 JST" Interest="17.0" Kind="selection" Navigation="null" OriginId="org.eclipse.jdt.ui.CompilationUnitEditor" StartDate="2014-12-03 10:20:49.124 JST" StructureHandle="=IFM11/src&amp;lt;ifm11.listeners.dialog{DB_OCL.java" StructureKind="java" NumEvents="17" CreationCount="382"/><InteractionEvent Delta="null" EndDate="2014-12-03 09:37:28.162 JST" Interest="1.0" Kind="selection" Navigation="null" OriginId="org.eclipse.jdt.ui.CompilationUnitEditor" StartDate="2014-12-03 09:37:28.162 JST" StructureHandle="=IFM11/src&amp;lt;ifm11.utils{CONS.java[CONS[LogActv" StructureKind="java"/><InteractionEvent Delta="null" EndDate="2014-12-03 10:22:44.715 JST" Interest="1.0" Kind="propagation" Navigation="null" OriginId="org.eclipse.jdt.ui.PackageExplorer" StartDate="2014-12-03 10:22:44.715 JST" StructureHandle="/IFM11/src/ifm11/main/ImageActv.java" StructureKind="resource"/><InteractionEvent Delta="null" EndDate="2014-12-03 09:26:46.581 JST" Interest="1.0" Kind="propagation" Navigation="org.eclipse.mylyn.core.model.edges.containment" OriginId="org.eclipse.mylyn.core.model.interest.propagation" StartDate="2014-12-03 09:26:46.581 JST" StructureHandle="/TA2/src/ta2/utils" StructureKind="resource"/><InteractionEvent Delta="null" EndDate="2014-12-03 10:32:02.885 JST" Interest="31.0" Kind="propagation" Navigation="null" OriginId="org.eclipse.jdt.ui.CompilationUnitEditor" StartDate="2014-12-03 09:37:02.639 JST" StructureHandle="/IFM11/src/ifm11/utils/CONS.java" StructureKind="resource" NumEvents="31" CreationCount="293"/><InteractionEvent Delta="null" EndDate="2014-12-03 09:29:58.642 JST" Interest="8.234" Kind="propagation" Navigation="org.eclipse.mylyn.core.model.edges.containment" OriginId="org.eclipse.mylyn.core.model.interest.propagation" StartDate="2014-12-03 09:29:35.231 JST" StructureHandle="=CutPlanner_A/src&amp;lt;cp.main{ShowLogActv.java[ShowLogActv" StructureKind="java" NumEvents="10" CreationCount="79"/><InteractionEvent Delta="null" EndDate="2014-12-03 09:30:12.754 JST" Interest="2.0" Kind="selection" Navigation="null" OriginId="org.eclipse.jdt.ui.CompilationUnitEditor" StartDate="2014-12-03 09:30:12.751 JST" StructureHandle="=CutPlanner_A/src&amp;lt;cp.main{ShowLogActv.java[ShowLogActv" StructureKind="java" NumEvents="2" CreationCount="79"/><InteractionEvent Delta="null" EndDate="2014-12-03 10:22:25.975 JST" Interest="1.0" Kind="propagation" Navigation="null" OriginId="org.eclipse.ui.views.ResourceNavigator" StartDate="2014-12-03 10:22:25.975 JST" StructureHandle="/CutPlanner_A/src/cp/items/ListItem.java" StructureKind="resource"/><InteractionEvent Delta="null" EndDate="2014-12-03 10:22:57.116 JST" Interest="1.0" Kind="propagation" Navigation="null" OriginId="org.eclipse.jdt.ui.PackageExplorer" StartDate="2014-12-03 10:22:57.116 JST" StructureHandle="/IFM11/src/ifm11/items/TI.java" StructureKind="resource"/><InteractionEvent Delta="null" EndDate="2014-12-03 10:31:58.228 JST" Interest="1.0" Kind="propagation" Navigation="org.eclipse.mylyn.core.model.edges.containment" OriginId="org.eclipse.mylyn.core.model.interest.propagation" StartDate="2014-12-03 10:31:58.228 JST" StructureHandle="=IFM11/src&amp;lt;ifm11.utils{CONS.java[CONS[DB" StructureKind="java"/><InteractionEvent Delta="null" EndDate="2014-12-03 10:22:40.850 JST" Interest="2.0" Kind="selection" Navigation="null" OriginId="org.eclipse.ui.views.ResourceNavigator" StartDate="2014-12-03 10:22:40.299 JST" StructureHandle="=CutPlanner_A/src&amp;lt;cp.items{WordPattern.java" StructureKind="java" NumEvents="2" CreationCount="429"/><InteractionEvent Delta="null" EndDate="2014-12-03 10:31:49.512 JST" Interest="8.301001" Kind="propagation" Navigation="org.eclipse.mylyn.core.model.edges.containment" OriginId="org.eclipse.mylyn.core.model.interest.propagation" StartDate="2014-12-03 09:37:03.282 JST" StructureHandle="=IFM11/src&amp;lt;ifm11.utils{CONS.java[CONS" StructureKind="java" NumEvents="10" CreationCount="294"/><InteractionEvent Delta="null" EndDate="2014-12-03 10:32:00.625 JST" Interest="1.0" Kind="selection" Navigation="null" OriginId="org.eclipse.jdt.ui.CompilationUnitEditor" StartDate="2014-12-03 10:32:00.625 JST" StructureHandle="=IFM11/src&amp;lt;ifm11.utils{CONS.java[CONS" StructureKind="java"/><InteractionEvent Delta="null" EndDate="2014-12-03 10:32:02.885 JST" Interest="1.0" Kind="edit" Navigation="null" OriginId="org.eclipse.jdt.ui.CompilationUnitEditor" StartDate="2014-12-03 10:32:02.885 JST" StructureHandle="=IFM11/src&amp;lt;ifm11.utils{CONS.java[CONS" StructureKind="java"/><InteractionEvent Delta="null" EndDate="2014-12-03 09:34:34.231 JST" Interest="1.0" Kind="selection" Navigation="null" OriginId="org.eclipse.ui.views.ResourceNavigator" StartDate="2014-12-03 09:34:34.231 JST" StructureHandle="/CutPlanner_A/res/layout/dlg_tmpl_confirm_simple_cb.xml" StructureKind="resource"/><InteractionEvent Delta="null" EndDate="2014-12-03 09:38:32.940 JST" Interest="1.0" Kind="propagation" Navigation="org.eclipse.mylyn.core.model.edges.containment" OriginId="org.eclipse.mylyn.core.model.interest.propagation" StartDate="2014-12-03 09:38:32.940 JST" StructureHandle="/IFM11/bin" StructureKind="resource"/><InteractionEvent Delta="null" EndDate="2014-12-03 10:19:00.450 JST" Interest="2.068" Kind="propagation" Navigation="org.eclipse.mylyn.core.model.edges.containment" OriginId="org.eclipse.mylyn.core.model.interest.propagation" StartDate="2014-12-03 09:38:15.697 JST" StructureHandle="=IFM11/src&amp;lt;ifm11.main{ShowLogActv.java#" StructureKind="java" NumEvents="3" CreationCount="333"/><InteractionEvent Delta="null" EndDate="2014-12-03 09:38:18.388 JST" Interest="2.0" Kind="selection" Navigation="null" OriginId="org.eclipse.jdt.ui.CompilationUnitEditor" StartDate="2014-12-03 09:38:18.384 JST" StructureHandle="=IFM11/src&amp;lt;ifm11.main{ShowLogActv.java#" StructureKind="java" NumEvents="2" CreationCount="333"/><InteractionEvent Delta="null" EndDate="2014-12-03 09:37:35.883 JST" Interest="2.7510004" Kind="propagation" Navigation="org.eclipse.mylyn.core.model.edges.containment" OriginId="org.eclipse.mylyn.core.model.interest.propagation" StartDate="2014-12-03 09:37:16.996 JST" StructureHandle="=CutPlanner_A/src&amp;lt;cp.utils{CONS.java" StructureKind="java" NumEvents="5" CreationCount="302"/><InteractionEvent Delta="null" EndDate="2014-12-03 09:37:30.962 JST" Interest="2.0" Kind="selection" Navigation="null" OriginId="org.eclipse.jdt.ui.CompilationUnitEditor" StartDate="2014-12-03 09:37:16.237 JST" StructureHandle="=CutPlanner_A/src&amp;lt;cp.utils{CONS.java" StructureKind="java" NumEvents="2" CreationCount="302"/><InteractionEvent Delta="null" EndDate="2014-12-03 10:30:00.879 JST" Interest="3.9580002" Kind="propagation" Navigation="org.eclipse.mylyn.core.model.edges.containment" OriginId="org.eclipse.mylyn.core.model.interest.propagation" StartDate="2014-12-03 10:21:53.140 JST" StructureHandle="=IFM11/src&amp;lt;ifm11.listeners.dialog{DB_OCL.java#" StructureKind="java" NumEvents="5" CreationCount="417"/><InteractionEvent Delta="null" EndDate="2014-12-03 10:22:57.115 JST" Interest="1.0" Kind="selection" Navigation="null" OriginId="org.eclipse.jdt.ui.PackageExplorer" StartDate="2014-12-03 10:22:57.115 JST" StructureHandle="=IFM11/src&amp;lt;ifm11.items{TI.java" StructureKind="java"/><InteractionEvent Delta="null" EndDate="2014-12-03 09:33:29.706 JST" Interest="2.0" Kind="selection" Navigation="null" OriginId="org.eclipse.jdt.ui.CompilationUnitEditor" StartDate="2014-12-03 09:33:26.210 JST" StructureHandle="=IFM11/src&amp;lt;ifm11.utils{Tags.java[Tags[DialogTags^DLG_FILTER_SHOWLIST_OK" StructureKind="java" NumEvents="2" CreationCount="192"/><InteractionEvent Delta="null" EndDate="2014-12-03 10:35:24.819 JST" Interest="31.669998" Kind="propagation" Navigation="org.eclipse.mylyn.core.model.edges.containment" OriginId="org.eclipse.mylyn.core.model.interest.propagation" StartDate="2014-12-03 10:20:49.124 JST" StructureHandle="=IFM11/src&amp;lt;ifm11.listeners.dialog" StructureKind="java" NumEvents="46" CreationCount="382"/><InteractionEvent Delta="null" EndDate="2014-12-03 09:35:59.137 JST" Interest="1.0" Kind="propagation" Navigation="null" OriginId="org.eclipse.mylyn.resources.ui.interest.updater" StartDate="2014-12-03 09:35:59.137 JST" StructureHandle="/IFM11/res/drawable/general_ib_cancel_red_64x64.png" StructureKind="resource"/><InteractionEvent Delta="null" EndDate="2014-12-03 10:25:20.544 JST" Interest="5.0" Kind="selection" Navigation="null" OriginId="org.eclipse.jdt.ui.CompilationUnitEditor" StartDate="2014-12-03 10:25:08.136 JST" StructureHandle="=IFM11/src&amp;lt;ifm11.utils{Methods_dlg.java[Methods_dlg~dlg_ShowMessage_SecondDialog~QActivity;~QString;~QDialog;" StructureKind="java" NumEvents="5" CreationCount="487"/><InteractionEvent Delta="null" EndDate="2014-12-03 10:25:09.577 JST" Interest="2.0" Kind="edit" Navigation="null" OriginId="org.eclipse.jdt.ui.CompilationUnitEditor" StartDate="2014-12-03 10:25:08.739 JST" StructureHandle="=IFM11/src&amp;lt;ifm11.utils{Methods_dlg.java[Methods_dlg~dlg_ShowMessage_SecondDialog~QActivity;~QString;~QDialog;" StructureKind="java" NumEvents="2" CreationCount="487"/><InteractionEvent Delta="null" EndDate="2014-12-03 10:22:44.715 JST" Interest="1.0" Kind="selection" Navigation="null" OriginId="org.eclipse.jdt.ui.PackageExplorer" StartDate="2014-12-03 10:22:44.715 JST" StructureHandle="=IFM11/src&amp;lt;ifm11.main{ImageActv.java" StructureKind="java"/><InteractionEvent Delta="null" EndDate="2014-12-03 10:32:03.719 JST" Interest="110.0" Kind="propagation" Navigation="null" OriginId="org.eclipse.jdt.ui.CompilationUnitEditor" StartDate="2014-12-03 09:27:01.189 JST" StructureHandle="/IFM11/src/ifm11/main/ShowLogActv.java" StructureKind="resource" NumEvents="110" CreationCount="4"/><InteractionEvent Delta="null" EndDate="2014-12-03 09:35:21.7 JST" Interest="3.0" Kind="selection" Navigation="null" OriginId="org.eclipse.ui.views.ResourceNavigator" StartDate="2014-12-03 09:27:59.635 JST" StructureHandle="/CutPlanner_A/res/menu/menu_actv_showlog.xml" StructureKind="resource" NumEvents="3" CreationCount="22"/><InteractionEvent Delta="null" EndDate="2014-12-03 09:35:21.7 JST" Interest="1.9440002" Kind="manipulation" Navigation="null" OriginId="org.eclipse.mylyn.core.model.interest.decay.correction" StartDate="2014-12-03 09:35:21.7 JST" StructureHandle="/CutPlanner_A/res/menu/menu_actv_showlog.xml" StructureKind="resource"/><InteractionEvent Delta="null" EndDate="2014-12-03 10:28:33.693 JST" Interest="1.0" Kind="selection" Navigation="null" OriginId="org.eclipse.jdt.ui.CompilationUnitEditor" StartDate="2014-12-03 10:28:33.693 JST" StructureHandle="=IFM11/src&amp;lt;ifm11.utils{CONS.java[CONS[TNActv^list_TNActv_Main" StructureKind="java"/><InteractionEvent Delta="null" EndDate="2014-12-03 10:32:57.570 JST" Interest="3.0" Kind="prediction" Navigation="null" OriginId="org.eclipse.mylyn.resources.ui.interest.updater" StartDate="2014-12-03 09:38:32.940 JST" StructureHandle="/IFM11/bin/IFM11.apk" StructureKind="resource" NumEvents="3" CreationCount="338"/><InteractionEvent Delta="null" EndDate="2014-12-03 09:26:46.581 JST" Interest="1.0" Kind="propagation" Navigation="null" OriginId="org.eclipse.ui.views.ResourceNavigator" StartDate="2014-12-03 09:26:46.581 JST" StructureHandle="/TA2/src/ta2/utils/Methods.java" StructureKind="resource"/><InteractionEvent Delta="null" EndDate="2014-12-03 09:31:52.51 JST" Interest="13.285001" Kind="propagation" Navigation="org.eclipse.mylyn.core.model.edges.containment" OriginId="org.eclipse.mylyn.core.model.interest.propagation" StartDate="2014-12-03 09:29:32.919 JST" StructureHandle="=CutPlanner_A/src&amp;lt;cp.main" StructureKind="java" NumEvents="20" CreationCount="76"/><InteractionEvent Delta="null" EndDate="2014-12-03 09:29:31.292 JST" Interest="1.0" Kind="selection" Navigation="null" OriginId="org.eclipse.ui.views.ResourceNavigator" StartDate="2014-12-03 09:29:31.292 JST" StructureHandle="=CutPlanner_A/src&amp;lt;cp.main" StructureKind="java"/><InteractionEvent Delta="null" EndDate="2014-12-03 09:38:32.942 JST" Interest="1.0" Kind="propagation" Navigation="org.eclipse.mylyn.core.model.edges.containment" OriginId="org.eclipse.mylyn.core.model.interest.propagation" StartDate="2014-12-03 09:38:32.942 JST" StructureHandle="/IFM11/bin/res" StructureKind="resource"/><InteractionEvent Delta="null" EndDate="2014-12-03 10:19:43.646 JST" Interest="2.0" Kind="selection" Navigation="null" OriginId="org.eclipse.jdt.ui.CompilationUnitEditor" StartDate="2014-12-03 09:37:48.100 JST" StructureHandle="=CutPlanner_A/src&amp;lt;cp.utils{Methods_dlg.java[Methods_dlg~_filter_ShowList__SetString~QActivity;~QDialog;" StructureKind="java" NumEvents="2" CreationCount="328"/><InteractionEvent Delta="null" EndDate="2014-12-03 10:19:44.600 JST" Interest="1.0" Kind="edit" Navigation="null" OriginId="org.eclipse.jdt.ui.CompilationUnitEditor" StartDate="2014-12-03 10:19:44.600 JST" StructureHandle="=CutPlanner_A/src&amp;lt;cp.utils{Methods_dlg.java[Methods_dlg~_filter_ShowList__SetString~QActivity;~QDialog;" StructureKind="java"/><InteractionEvent Delta="null" EndDate="2014-12-03 09:32:05.252 JST" Interest="2.0" Kind="selection" Navigation="null" OriginId="org.eclipse.ui.views.ResourceNavigator" StartDate="2014-12-03 09:31:15.13 JST" StructureHandle="=CutPlanner_A/src&amp;lt;cp.main{DeviceListActv.java" StructureKind="java" NumEvents="2" CreationCount="140"/><InteractionEvent Delta="null" EndDate="2014-12-03 09:30:04.77 JST" Interest="17.933998" Kind="propagation" Navigation="org.eclipse.mylyn.core.model.edges.containment" OriginId="org.eclipse.mylyn.core.model.interest.propagation" StartDate="2014-12-03 09:27:06.326 JST" StructureHandle="=IFM11/src&amp;lt;ifm11.main{ShowLogActv.java[ShowLogActv" StructureKind="java" NumEvents="23" CreationCount="5"/><InteractionEvent Delta="null" EndDate="2014-12-03 09:38:09.806 JST" Interest="5.0" Kind="selection" Navigation="null" OriginId="org.eclipse.jdt.ui.CompilationUnitEditor" StartDate="2014-12-03 09:30:08.144 JST" StructureHandle="=IFM11/src&amp;lt;ifm11.main{ShowLogActv.java[ShowLogActv" StructureKind="java" NumEvents="5" CreationCount="5"/><InteractionEvent Delta="null" EndDate="2014-12-03 09:30:08.151 JST" Interest="1.0" Kind="edit" Navigation="null" OriginId="org.eclipse.jdt.ui.CompilationUnitEditor" StartDate="2014-12-03 09:30:08.151 JST" StructureHandle="=IFM11/src&amp;lt;ifm11.main{ShowLogActv.java[ShowLogActv" StructureKind="java"/><InteractionEvent Delta="null" EndDate="2014-12-03 10:23:01.716 JST" Interest="1.0" Kind="propagation" Navigation="null" OriginId="org.eclipse.mylyn.resources.ui.interest.updater" StartDate="2014-12-03 10:23:01.716 JST" StructureHandle="=IFM11/src&amp;lt;ifm11.items{FilterHistory.java" StructureKind="java"/><InteractionEvent Delta="null" EndDate="2014-12-03 10:26:01.802 JST" Interest="2.0" Kind="selection" Navigation="null" OriginId="org.eclipse.jdt.ui.PackageExplorer" StartDate="2014-12-03 10:23:16.510 JST" StructureHandle="=IFM11/src&amp;lt;ifm11.items{FilterHistory.java" StructureKind="java" NumEvents="2" CreationCount="439"/><InteractionEvent Delta="null" EndDate="2014-12-03 09:37:16.995 JST" Interest="1.0" Kind="selection" Navigation="null" OriginId="org.eclipse.jdt.ui.CompilationUnitEditor" StartDate="2014-12-03 09:37:16.995 JST" StructureHandle="=CutPlanner_A/src&amp;lt;cp.utils{CONS.java[CONS[Pref^pkey_ShowListActv_Filter_String" StructureKind="java"/><InteractionEvent Delta="null" EndDate="2014-12-03 09:37:17.988 JST" Interest="1.0" Kind="edit" Navigation="null" OriginId="org.eclipse.jdt.ui.CompilationUnitEditor" StartDate="2014-12-03 09:37:17.988 JST" StructureHandle="=CutPlanner_A/src&amp;lt;cp.utils{CONS.java[CONS[Pref^pkey_ShowListActv_Filter_String" StructureKind="java"/><InteractionEvent Delta="null" EndDate="2014-12-03 10:28:56.686 JST" Interest="2.0" Kind="selection" Navigation="null" OriginId="org.eclipse.jdt.ui.CompilationUnitEditor" StartDate="2014-12-03 10:25:35.677 JST" StructureHandle="=IFM11/src&amp;lt;ifm11.utils{Methods_dlg.java[Methods_dlg~dlg_ShowMessage_SecondDialog~QActivity;~QString;~QDialog;~I" StructureKind="java" NumEvents="2" CreationCount="508"/><InteractionEvent Delta="null" EndDate="2014-12-03 10:28:59.447 JST" Interest="1.0" Kind="edit" Navigation="null" OriginId="org.eclipse.jdt.ui.CompilationUnitEditor" StartDate="2014-12-03 10:28:59.447 JST" StructureHandle="=IFM11/src&amp;lt;ifm11.utils{Methods_dlg.java[Methods_dlg~dlg_ShowMessage_SecondDialog~QActivity;~QString;~QDialog;~I" StructureKind="java"/><InteractionEvent Delta="null" EndDate="2014-12-03 09:28:07.322 JST" Interest="1.0" Kind="propagation" Navigation="null" OriginId="org.eclipse.mylyn.resources.ui.interest.updater" StartDate="2014-12-03 09:28:07.322 JST" StructureHandle="/IFM11/res/menu/menu_actv_showlog.xml" StructureKind="resource"/><InteractionEvent Delta="null" EndDate="2014-12-03 09:28:44.826 JST" Interest="4.0" Kind="selection" Navigation="null" OriginId="com.android.ide.eclipse.editors.CommonXmlEditor" StartDate="2014-12-03 09:28:12.299 JST" StructureHandle="/IFM11/res/menu/menu_actv_showlog.xml" StructureKind="resource" NumEvents="4" CreationCount="23"/><InteractionEvent Delta="null" EndDate="2014-12-03 09:28:47.537 JST" Interest="6.0" Kind="edit" Navigation="null" OriginId="com.android.ide.eclipse.editors.CommonXmlEditor" StartDate="2014-12-03 09:28:12.325 JST" StructureHandle="/IFM11/res/menu/menu_actv_showlog.xml" StructureKind="resource" NumEvents="6" CreationCount="23"/><InteractionEvent Delta="null" EndDate="2014-12-03 10:20:28.37 JST" Interest="3.0" Kind="selection" Navigation="null" OriginId="org.eclipse.jdt.ui.CompilationUnitEditor" StartDate="2014-12-03 09:30:38.474 JST" StructureHandle="=CutPlanner_A/src&amp;lt;cp.utils{Methods_dlg.java[Methods_dlg~dlg_filter_ShowLogList~QActivity;" StructureKind="java" NumEvents="3" CreationCount="133"/><InteractionEvent Delta="null" EndDate="2014-12-03 10:19:46.158 JST" Interest="2.8930001" Kind="manipulation" Navigation="null" OriginId="org.eclipse.mylyn.core.model.interest.decay.correction" StartDate="2014-12-03 10:19:46.158 JST" StructureHandle="=CutPlanner_A/src&amp;lt;cp.utils{Methods_dlg.java[Methods_dlg~dlg_filter_ShowLogList~QActivity;" StructureKind="java"/><InteractionEvent Delta="null" EndDate="2014-12-03 10:19:58.667 JST" Interest="3.0" Kind="edit" Navigation="null" OriginId="org.eclipse.jdt.ui.CompilationUnitEditor" StartDate="2014-12-03 10:19:56.250 JST" StructureHandle="=CutPlanner_A/src&amp;lt;cp.utils{Methods_dlg.java[Methods_dlg~dlg_filter_ShowLogList~QActivity;" StructureKind="java" NumEvents="3" CreationCount="133"/><InteractionEvent Delta="null" EndDate="2014-12-03 10:32:05.667 JST" Interest="25.918001" Kind="propagation" Navigation="org.eclipse.mylyn.core.model.edges.containment" OriginId="org.eclipse.mylyn.core.model.interest.propagation" StartDate="2014-12-03 09:29:29.275 JST" StructureHandle="=CutPlanner_A/src" StructureKind="java" NumEvents="42" CreationCount="73"/><InteractionEvent Delta="null" EndDate="2014-12-03 09:29:28.278 JST" Interest="1.0" Kind="selection" Navigation="null" OriginId="org.eclipse.ui.views.ResourceNavigator" StartDate="2014-12-03 09:29:28.278 JST" StructureHandle="=CutPlanner_A/src" StructureKind="java"/><InteractionEvent Delta="null" EndDate="2014-12-03 09:37:32.736 JST" Interest="1.0" Kind="selection" Navigation="null" OriginId="org.eclipse.jdt.ui.CompilationUnitEditor" StartDate="2014-12-03 09:37:32.736 JST" StructureHandle="=CutPlanner_A/src&amp;lt;cp.utils{CONS.java[CONS[Pref^prefs_ALActv" StructureKind="java"/><InteractionEvent Delta="null" EndDate="2014-12-03 10:30:00.879 JST" Interest="1.0" Kind="selection" Navigation="null" OriginId="org.eclipse.jdt.ui.CompilationUnitEditor" StartDate="2014-12-03 10:30:00.879 JST" StructureHandle="=IFM11/src&amp;lt;ifm11.listeners.dialog{DB_OCL.java#java.io.File" StructureKind="java"/><InteractionEvent Delta="null" EndDate="2014-12-03 09:34:15.75 JST" Interest="1.0" Kind="propagation" Navigation="null" OriginId="org.eclipse.mylyn.resources.ui.interest.updater" StartDate="2014-12-03 09:34:15.75 JST" StructureHandle="/IFM11/res/layout/dlg_filter_showlog.xml" StructureKind="resource"/><InteractionEvent Delta="null" EndDate="2014-12-03 09:34:59.453 JST" Interest="4.0" Kind="selection" Navigation="null" OriginId="com.android.ide.eclipse.editors.CommonXmlEditor" StartDate="2014-12-03 09:34:20.764 JST" StructureHandle="/IFM11/res/layout/dlg_filter_showlog.xml" StructureKind="resource" NumEvents="4" CreationCount="215"/><InteractionEvent Delta="null" EndDate="2014-12-03 09:36:13.704 JST" Interest="13.0" Kind="edit" Navigation="null" OriginId="com.android.ide.eclipse.editors.CommonXmlEditor" StartDate="2014-12-03 09:34:20.811 JST" StructureHandle="/IFM11/res/layout/dlg_filter_showlog.xml" StructureKind="resource" NumEvents="13" CreationCount="215"/><InteractionEvent Delta="null" EndDate="2014-12-03 09:33:29.706 JST" Interest="2.0" Kind="propagation" Navigation="org.eclipse.mylyn.core.model.edges.containment" OriginId="org.eclipse.mylyn.core.model.interest.propagation" StartDate="2014-12-03 09:33:26.211 JST" StructureHandle="=IFM11/src&amp;lt;ifm11.utils{Tags.java[Tags[DialogTags" StructureKind="java" NumEvents="2" CreationCount="192"/><InteractionEvent Delta="null" EndDate="2014-12-03 10:19:27.280 JST" Interest="1.0" Kind="selection" Navigation="null" OriginId="org.eclipse.jdt.ui.CompilationUnitEditor" StartDate="2014-12-03 10:19:27.280 JST" StructureHandle="=CutPlanner_A/src&amp;lt;cp.utils{Methods_dlg.java[Methods_dlg~dlg_Template_Cancel~QActivity;~I~I~I~QTags.DialogTags;" StructureKind="java"/><InteractionEvent Delta="null" EndDate="2014-12-03 10:19:42.983 JST" Interest="3.0" Kind="edit" Navigation="null" OriginId="org.eclipse.jdt.ui.CompilationUnitEditor" StartDate="2014-12-03 10:19:30.642 JST" StructureHandle="=CutPlanner_A/src&amp;lt;cp.utils{Methods_dlg.java[Methods_dlg~dlg_Template_Cancel~QActivity;~I~I~I~QTags.DialogTags;" StructureKind="java" NumEvents="3" CreationCount="356"/><InteractionEvent Delta="null" EndDate="2014-12-03 10:25:29.376 JST" Interest="1.0" Kind="selection" Navigation="null" OriginId="org.eclipse.jdt.ui.CompilationUnitEditor" StartDate="2014-12-03 10:25:29.376 JST" StructureHandle="=IFM11/src&amp;lt;ifm11.utils{Methods_dlg.java#cp.utils.Tags" StructureKind="java"/><InteractionEvent Delta="null" EndDate="2014-12-03 09:33:29.706 JST" Interest="2.0" Kind="propagation" Navigation="org.eclipse.mylyn.core.model.edges.containment" OriginId="org.eclipse.mylyn.core.model.interest.propagation" StartDate="2014-12-03 09:33:26.211 JST" StructureHandle="=IFM11/src&amp;lt;ifm11.utils{Tags.java[Tags" StructureKind="java" NumEvents="2" CreationCount="192"/><InteractionEvent Delta="null" EndDate="2014-12-03 09:29:29.274 JST" Interest="1.0" Kind="selection" Navigation="null" OriginId="org.eclipse.ui.views.ResourceNavigator" StartDate="2014-12-03 09:29:29.274 JST" StructureHandle="=CutPlanner_A/src&amp;lt;cp" StructureKind="java"/><InteractionEvent Delta="null" EndDate="2014-12-03 10:32:03.719 JST" Interest="2.0" Kind="selection" Navigation="null" OriginId="org.eclipse.jdt.ui.CompilationUnitEditor" StartDate="2014-12-03 10:31:03.535 JST" StructureHandle="=IFM11/src&amp;lt;ifm11.main{ShowLogActv.java[ShowLogActv~_Setup_InitVars__Intent" StructureKind="java" NumEvents="2" CreationCount="610"/><InteractionEvent Delta="null" EndDate="2014-12-03 10:31:04.889 JST" Interest="3.0" Kind="edit" Navigation="null" OriginId="org.eclipse.jdt.ui.CompilationUnitEditor" StartDate="2014-12-03 10:31:03.545 JST" StructureHandle="=IFM11/src&amp;lt;ifm11.main{ShowLogActv.java[ShowLogActv~_Setup_InitVars__Intent" StructureKind="java" NumEvents="3" CreationCount="610"/><InteractionEvent Delta="null" EndDate="2014-12-03 09:37:40.187 JST" Interest="6.0" Kind="selection" Navigation="null" OriginId="org.eclipse.jdt.ui.CompilationUnitEditor" StartDate="2014-12-03 09:37:03.281 JST" StructureHandle="=IFM11/src&amp;lt;ifm11.utils{CONS.java[CONS[Pref" StructureKind="java" NumEvents="6" CreationCount="294"/><InteractionEvent Delta="null" EndDate="2014-12-03 09:37:23.496 JST" Interest="2.0" Kind="edit" Navigation="null" OriginId="org.eclipse.jdt.ui.CompilationUnitEditor" StartDate="2014-12-03 09:37:22.76 JST" StructureHandle="=IFM11/src&amp;lt;ifm11.utils{CONS.java[CONS[Pref" StructureKind="java" NumEvents="2" CreationCount="294"/><InteractionEvent Delta="null" EndDate="2014-12-03 10:22:25.975 JST" Interest="1.0" Kind="selection" Navigation="null" OriginId="org.eclipse.ui.views.ResourceNavigator" StartDate="2014-12-03 10:22:25.975 JST" StructureHandle="=CutPlanner_A/src&amp;lt;cp.items{ListItem.java" StructureKind="java"/><InteractionEvent Delta="null" EndDate="2014-12-03 09:36:08.349 JST" Interest="3.0" Kind="selection" Navigation="null" OriginId="org.eclipse.ui.views.ResourceNavigator" StartDate="2014-12-03 09:35:55.578 JST" StructureHandle="/CutPlanner_A/res/drawable/general_ib_cancel_red_64x64.png" StructureKind="resource" NumEvents="3" CreationCount="261"/><InteractionEvent Delta="null" EndDate="2014-12-03 10:23:59.926 JST" Interest="4.0" Kind="selection" Navigation="null" OriginId="org.eclipse.jdt.ui.CompilationUnitEditor" StartDate="2014-12-03 10:20:34.911 JST" StructureHandle="=CutPlanner_A/src&amp;lt;cp.utils{Methods_dlg.java[Methods_dlg~_filter_ShowList__GetDialog~QActivity;" StructureKind="java" NumEvents="4" CreationCount="376"/><InteractionEvent Delta="null" EndDate="2014-12-03 10:21:00.464 JST" Interest="2.0" Kind="edit" Navigation="null" OriginId="org.eclipse.jdt.ui.CompilationUnitEditor" StartDate="2014-12-03 10:20:59.670 JST" StructureHandle="=CutPlanner_A/src&amp;lt;cp.utils{Methods_dlg.java[Methods_dlg~_filter_ShowList__GetDialog~QActivity;" StructureKind="java" NumEvents="2" CreationCount="376"/><InteractionEvent Delta="null" EndDate="2014-12-03 09:38:32.940 JST" Interest="1.0" Kind="prediction" Navigation="null" OriginId="org.eclipse.mylyn.resources.ui.interest.updater" StartDate="2014-12-03 09:38:32.940 JST" StructureHandle="/IFM11/bin/resources.ap_" StructureKind="resource"/><InteractionEvent Delta="null" EndDate="2014-12-03 09:34:33.78 JST" Interest="3.8839998" Kind="propagation" Navigation="org.eclipse.mylyn.core.model.edges.containment" OriginId="org.eclipse.mylyn.core.model.interest.propagation" StartDate="2014-12-03 09:34:02.298 JST" StructureHandle="/CutPlanner_A/res/layout" StructureKind="resource" NumEvents="4" CreationCount="157"/><InteractionEvent Delta="null" EndDate="2014-12-03 09:34:34.455 JST" Interest="3.0" Kind="selection" Navigation="null" OriginId="org.eclipse.ui.views.ResourceNavigator" StartDate="2014-12-03 09:32:08.713 JST" StructureHandle="/CutPlanner_A/res/layout" StructureKind="resource" NumEvents="3" CreationCount="157"/><InteractionEvent Delta="null" EndDate="2014-12-03 09:28:47.538 JST" Interest="9.199999" Kind="propagation" Navigation="org.eclipse.mylyn.core.model.edges.containment" OriginId="org.eclipse.mylyn.core.model.interest.propagation" StartDate="2014-12-03 09:28:02.783 JST" StructureHandle="/IFM11/res/menu" StructureKind="resource" NumEvents="11" CreationCount="23"/><InteractionEvent Delta="null" EndDate="2014-12-03 09:37:37.622 JST" Interest="1.0" Kind="selection" Navigation="null" OriginId="org.eclipse.jdt.ui.CompilationUnitEditor" StartDate="2014-12-03 09:37:37.622 JST" StructureHandle="=IFM11/src&amp;lt;ifm11.utils{CONS.java[CONS[Pref^pkey_TNActv__ListType" StructureKind="java"/><InteractionEvent Delta="null" EndDate="2014-12-03 10:32:03.394 JST" Interest="25.668" Kind="propagation" Navigation="org.eclipse.mylyn.core.model.edges.containment" OriginId="org.eclipse.mylyn.core.model.interest.propagation" StartDate="2014-12-03 09:27:01.190 JST" StructureHandle="=IFM11/src&amp;lt;ifm11.main" StructureKind="java" NumEvents="37" CreationCount="3"/><InteractionEvent Delta="null" EndDate="2014-12-03 10:30:56.426 JST" Interest="2.0" Kind="selection" Navigation="null" OriginId="org.eclipse.search.ui.views.SearchView" StartDate="2014-12-03 09:26:52.887 JST" StructureHandle="=IFM11/src&amp;lt;ifm11.main" StructureKind="java" NumEvents="2" CreationCount="3"/><InteractionEvent Delta="null" EndDate="2014-12-03 10:35:24.817 JST" Interest="25.253" Kind="propagation" Navigation="org.eclipse.mylyn.core.model.edges.containment" OriginId="org.eclipse.mylyn.core.model.interest.propagation" StartDate="2014-12-03 10:20:49.883 JST" StructureHandle="=IFM11/src&amp;lt;ifm11.listeners.dialog{DB_OCL.java[DB_OCL" StructureKind="java" NumEvents="33" CreationCount="383"/><InteractionEvent Delta="null" EndDate="2014-12-03 10:29:56.439 JST" Interest="5.0" Kind="selection" Navigation="null" OriginId="org.eclipse.jdt.ui.CompilationUnitEditor" StartDate="2014-12-03 10:21:24.482 JST" StructureHandle="=IFM11/src&amp;lt;ifm11.listeners.dialog{DB_OCL.java[DB_OCL" StructureKind="java" NumEvents="5" CreationCount="383"/><InteractionEvent Delta="null" EndDate="2014-12-03 10:29:58.91 JST" Interest="2.0" Kind="edit" Navigation="null" OriginId="org.eclipse.jdt.ui.CompilationUnitEditor" StartDate="2014-12-03 10:21:49.378 JST" StructureHandle="=IFM11/src&amp;lt;ifm11.listeners.dialog{DB_OCL.java[DB_OCL" StructureKind="java" NumEvents="2" CreationCount="383"/><InteractionEvent Delta="null" EndDate="2014-12-03 10:29:07.244 JST" Interest="3.8860004" Kind="propagation" Navigation="org.eclipse.mylyn.core.model.edges.containment" OriginId="org.eclipse.mylyn.core.model.interest.propagation" StartDate="2014-12-03 09:30:37.6 JST" StructureHandle="=IFM11/src&amp;lt;ifm11.utils{Methods_dlg.java" StructureKind="java" NumEvents="8" CreationCount="130"/><InteractionEvent Delta="null" EndDate="2014-12-03 10:28:56.625 JST" Interest="23.0" Kind="selection" Navigation="null" OriginId="org.eclipse.jdt.ui.CompilationUnitEditor" StartDate="2014-12-03 09:30:36.282 JST" StructureHandle="=IFM11/src&amp;lt;ifm11.utils{Methods_dlg.java" StructureKind="java" NumEvents="23" CreationCount="130"/><InteractionEvent Delta="null" EndDate="2014-12-03 10:24:23.946 JST" Interest="3.0" Kind="edit" Navigation="null" OriginId="org.eclipse.jdt.ui.CompilationUnitEditor" StartDate="2014-12-03 09:32:34.508 JST" StructureHandle="=IFM11/src&amp;lt;ifm11.utils{Methods_dlg.java" StructureKind="java" NumEvents="3" CreationCount="130"/><InteractionEvent Delta="null" EndDate="2014-12-03 09:35:51.352 JST" Interest="2.0" Kind="selection" Navigation="null" OriginId="org.eclipse.ui.views.ResourceNavigator" StartDate="2014-12-03 09:35:39.556 JST" StructureHandle="/CutPlanner_A/res/drawable/general_ib_ok_green_64x64.png" StructureKind="resource" NumEvents="2" CreationCount="258"/><InteractionEvent Delta="null" EndDate="2014-12-03 10:32:02.886 JST" Interest="168.0" Kind="propagation" Navigation="null" OriginId="org.eclipse.jdt.ui.CompilationUnitEditor" StartDate="2014-12-03 09:30:36.283 JST" StructureHandle="/IFM11/src/ifm11/utils" StructureKind="resource" NumEvents="168" CreationCount="130"/><InteractionEvent Delta="null" EndDate="2014-12-03 09:38:15.702 JST" Interest="2.0" Kind="selection" Navigation="null" OriginId="org.eclipse.jdt.ui.CompilationUnitEditor" StartDate="2014-12-03 09:38:15.696 JST" StructureHandle="=IFM11/src&amp;lt;ifm11.main{ShowLogActv.java#ifm11.adapters.Adp_LogFileList" StructureKind="java" NumEvents="2" CreationCount="333"/><InteractionEvent Delta="null" EndDate="2014-12-03 09:26:46.581 JST" Interest="1.0" Kind="propagation" Navigation="org.eclipse.mylyn.core.model.edges.containment" OriginId="org.eclipse.mylyn.core.model.interest.propagation" StartDate="2014-12-03 09:26:46.581 JST" StructureHandle="=TA2/src&amp;lt;ta2.utils" StructureKind="java"/><InteractionEvent Delta="null" EndDate="2014-12-03 10:35:24.817 JST" Interest="104.0" Kind="propagation" Navigation="org.eclipse.mylyn.core.model.edges.containment" OriginId="org.eclipse.mylyn.core.model.interest.propagation" StartDate="2014-12-03 10:20:49.124 JST" StructureHandle="/IFM11/src/ifm11/listeners" StructureKind="resource" NumEvents="104" CreationCount="382"/><InteractionEvent Delta="null" EndDate="2014-12-03 10:22:54.928 JST" Interest="12.051001" Kind="propagation" Navigation="null" OriginId="org.eclipse.ui.views.ResourceNavigator" StartDate="2014-12-03 10:22:24.176 JST" StructureHandle="/CutPlanner_A/src/cp/items" StructureKind="resource" NumEvents="15" CreationCount="423"/><InteractionEvent Delta="null" EndDate="2014-12-03 10:23:11.211 JST" Interest="1.0" Kind="propagation" Navigation="null" OriginId="org.eclipse.mylyn.resources.ui.interest.updater" StartDate="2014-12-03 10:23:11.211 JST" StructureHandle="/NDKSample" StructureKind="resource"/><InteractionEvent Delta="null" EndDate="2014-12-03 09:36:57.54 JST" Interest="19.003998" Kind="propagation" Navigation="org.eclipse.mylyn.core.model.edges.containment" OriginId="org.eclipse.mylyn.core.model.interest.propagation" StartDate="2014-12-03 09:27:57.974 JST" StructureHandle="/CutPlanner_A/res" StructureKind="resource" NumEvents="26" CreationCount="20"/><InteractionEvent Delta="null" EndDate="2014-12-03 09:27:56.804 JST" Interest="1.0" Kind="selection" Navigation="null" OriginId="org.eclipse.ui.views.ResourceNavigator" StartDate="2014-12-03 09:27:56.804 JST" StructureHandle="/CutPlanner_A/res" StructureKind="resource"/><InteractionEvent Delta="null" EndDate="2014-12-03 09:29:29.898 JST" Interest="1.0" Kind="propagation" Navigation="null" OriginId="org.eclipse.ui.views.ResourceNavigator" StartDate="2014-12-03 09:29:29.898 JST" StructureHandle="/CutPlanner_A/src/cp/adapters" StructureKind="resource"/><InteractionEvent Delta="null" EndDate="2014-12-03 10:32:57.570 JST" Interest="3.0" Kind="prediction" Navigation="null" OriginId="org.eclipse.mylyn.resources.ui.interest.updater" StartDate="2014-12-03 09:38:32.940 JST" StructureHandle="/IFM11/bin/classes.dex" StructureKind="resource" NumEvents="3" CreationCount="338"/><InteractionEvent Delta="null" EndDate="2014-12-03 10:29:20.194 JST" Interest="131.0" Kind="propagation" Navigation="null" OriginId="org.eclipse.jdt.ui.CompilationUnitEditor" StartDate="2014-12-03 09:30:36.283 JST" StructureHandle="/IFM11/src/ifm11/utils/Methods_dlg.java" StructureKind="resource" NumEvents="131" CreationCount="130"/><InteractionEvent Delta="null" EndDate="2014-12-03 10:26:01.802 JST" Interest="5.0" Kind="propagation" Navigation="null" OriginId="org.eclipse.jdt.ui.PackageExplorer" StartDate="2014-12-03 10:22:57.116 JST" StructureHandle="/IFM11/src/ifm11/items" StructureKind="resource" NumEvents="5" CreationCount="439"/><InteractionEvent Delta="null" EndDate="2014-12-03 09:30:08.153 JST" Interest="14.650998" Kind="propagation" Navigation="org.eclipse.mylyn.core.model.edges.containment" OriginId="org.eclipse.mylyn.core.model.interest.propagation" StartDate="2014-12-03 09:27:06.327 JST" StructureHandle="=IFM11/src&amp;lt;ifm11.main{ShowLogActv.java" StructureKind="java" NumEvents="21" CreationCount="4"/><InteractionEvent Delta="null" EndDate="2014-12-03 10:32:03.394 JST" Interest="13.0" Kind="selection" Navigation="null" OriginId="org.eclipse.jdt.ui.CompilationUnitEditor" StartDate="2014-12-03 09:27:01.189 JST" StructureHandle="=IFM11/src&amp;lt;ifm11.main{ShowLogActv.java" StructureKind="java" NumEvents="13" CreationCount="4"/><InteractionEvent Delta="null" EndDate="2014-12-03 09:26:46.581 JST" Interest="1.0" Kind="propagation" Navigation="org.eclipse.mylyn.core.model.edges.containment" OriginId="org.eclipse.mylyn.core.model.interest.propagation" StartDate="2014-12-03 09:26:46.581 JST" StructureHandle="=TA2" StructureKind="resource"/><InteractionEvent Delta="null" EndDate="2014-12-03 09:27:44.880 JST" Interest="1.0" Kind="selection" Navigation="null" OriginId="org.eclipse.ui.views.ResourceNavigator" StartDate="2014-12-03 09:27:44.880 JST" StructureHandle="=TA2" StructureKind="java"/><InteractionEvent Delta="null" EndDate="2014-12-03 10:23:11.211 JST" Interest="1.0" Kind="propagation" Navigation="org.eclipse.mylyn.core.model.edges.containment" OriginId="org.eclipse.mylyn.core.model.interest.propagation" StartDate="2014-12-03 10:23:11.211 JST" StructureHandle="/NDKSample/libs" StructureKind="resource"/><InteractionEvent Delta="null" EndDate="2014-12-03 09:36:12.114 JST" Interest="1.0" Kind="propagation" Navigation="null" OriginId="org.eclipse.mylyn.resources.ui.interest.updater" StartDate="2014-12-03 09:36:12.114 JST" StructureHandle="/IFM11/res/drawable/general_ib_clear_yellow_64x64.png" StructureKind="resource"/><InteractionEvent Delta="null" EndDate="2014-12-03 09:38:11.701 JST" Interest="3.0" Kind="selection" Navigation="null" OriginId="org.eclipse.jdt.ui.CompilationUnitEditor" StartDate="2014-12-03 09:29:07.851 JST" StructureHandle="=IFM11/src&amp;lt;ifm11.main{ShowLogActv.java[ShowLogActv~onOptionsItemSelected~QMenuItem;" StructureKind="java" NumEvents="3" CreationCount="65"/><InteractionEvent Delta="null" EndDate="2014-12-03 09:38:11.707 JST" Interest="14.0" Kind="edit" Navigation="null" OriginId="org.eclipse.jdt.ui.CompilationUnitEditor" StartDate="2014-12-03 09:29:07.857 JST" StructureHandle="=IFM11/src&amp;lt;ifm11.main{ShowLogActv.java[ShowLogActv~onOptionsItemSelected~QMenuItem;" StructureKind="java" NumEvents="14" CreationCount="65"/><InteractionEvent Delta="null" EndDate="2014-12-03 10:29:08.260 JST" Interest="8.0" Kind="selection" Navigation="null" OriginId="org.eclipse.jdt.ui.CompilationUnitEditor" StartDate="2014-12-03 09:33:13.818 JST" StructureHandle="=IFM11/src&amp;lt;ifm11.utils{Methods_dlg.java[Methods_dlg~_filter_ShowList__GetDialog~QActivity;" StructureKind="java" NumEvents="8" CreationCount="188"/><InteractionEvent Delta="null" EndDate="2014-12-03 10:29:20.194 JST" Interest="19.0" Kind="edit" Navigation="null" OriginId="org.eclipse.jdt.ui.CompilationUnitEditor" StartDate="2014-12-03 09:33:19.510 JST" StructureHandle="=IFM11/src&amp;lt;ifm11.utils{Methods_dlg.java[Methods_dlg~_filter_ShowList__GetDialog~QActivity;" StructureKind="java" NumEvents="19" CreationCount="188"/><InteractionEvent Delta="null" EndDate="2014-12-03 09:29:39.127 JST" Interest="4.0" Kind="selection" Navigation="null" OriginId="org.eclipse.jdt.ui.CompilationUnitEditor" StartDate="2014-12-03 09:29:35.230 JST" StructureHandle="=CutPlanner_A/src&amp;lt;cp.main{ShowLogActv.java[ShowLogActv~onCreate~QBundle;" StructureKind="java" NumEvents="4" CreationCount="79"/><InteractionEvent Delta="null" EndDate="2014-12-03 10:32:05.667 JST" Interest="26.0" Kind="propagation" Navigation="org.eclipse.mylyn.core.model.edges.containment" OriginId="org.eclipse.mylyn.core.model.interest.propagation" StartDate="2014-12-03 09:30:31.195 JST" StructureHandle="=CutPlanner_A/src&amp;lt;cp.utils" StructureKind="java" NumEvents="26" CreationCount="127"/><InteractionEvent Delta="null" EndDate="2014-12-03 10:22:17.411 JST" Interest="1.0" Kind="selection" Navigation="null" OriginId="org.eclipse.jdt.ui.PackageExplorer" StartDate="2014-12-03 10:22:17.411 JST" StructureHandle="/IFM11/res/drawable-hdpi" StructureKind="resource"/><InteractionEvent Delta="null" EndDate="2014-12-03 09:33:06.847 JST" Interest="2.0" Kind="selection" Navigation="null" OriginId="org.eclipse.jdt.ui.CompilationUnitEditor" StartDate="2014-12-03 09:32:28.378 JST" StructureHandle="=IFM11/src&amp;lt;ifm11.utils{Methods_dlg.java#ifm11.adapters.Adp_ListItems" StructureKind="java" NumEvents="2" CreationCount="165"/><InteractionEvent Delta="null" EndDate="2014-12-03 10:21:41.424 JST" Interest="1.0" Kind="selection" Navigation="null" OriginId="org.eclipse.jdt.ui.CompilationUnitEditor" StartDate="2014-12-03 10:21:41.424 JST" StructureHandle="=CutPlanner_A/src&amp;lt;cp.listeners.dialog{DB_OCL.java[DB_OCL~case_DLG_FILTER_SHOWLIST_OK" StructureKind="java"/><InteractionEvent Delta="null" EndDate="2014-12-03 10:21:45.108 JST" Interest="2.0" Kind="edit" Navigation="null" OriginId="org.eclipse.jdt.ui.CompilationUnitEditor" StartDate="2014-12-03 10:21:42.95 JST" StructureHandle="=CutPlanner_A/src&amp;lt;cp.listeners.dialog{DB_OCL.java[DB_OCL~case_DLG_FILTER_SHOWLIST_OK" StructureKind="java" NumEvents="2" CreationCount="410"/><InteractionEvent Delta="null" EndDate="2014-12-03 10:24:19.193 JST" Interest="1.0" Kind="selection" Navigation="null" OriginId="org.eclipse.jdt.ui.CompilationUnitEditor" StartDate="2014-12-03 10:24:19.193 JST" StructureHandle="=IFM11/src&amp;lt;ifm11.utils{Methods_dlg.java#ifm11.adapters.Adp_WordPatterns" StructureKind="java"/><InteractionEvent Delta="null" EndDate="2014-12-03 10:32:05.891 JST" Interest="148.068" Kind="propagation" Navigation="null" OriginId="org.eclipse.jdt.ui.CompilationUnitEditor" StartDate="2014-12-03 09:29:28.279 JST" StructureHandle="/CutPlanner_A/src" StructureKind="resource" NumEvents="152" CreationCount="73"/><InteractionEvent Delta="null" EndDate="2014-12-03 09:36:57.34 JST" Interest="10.0" Kind="selection" Navigation="null" OriginId="com.android.ide.eclipse.editors.CommonXmlEditor" StartDate="2014-12-03 09:28:28.732 JST" StructureHandle="/CutPlanner_A/res/values/strings.xml" StructureKind="resource" NumEvents="10" CreationCount="32"/><InteractionEvent Delta="null" EndDate="2014-12-03 09:36:57.53 JST" Interest="14.0" Kind="edit" Navigation="null" OriginId="com.android.ide.eclipse.editors.CommonXmlEditor" StartDate="2014-12-03 09:28:29.96 JST" StructureHandle="/CutPlanner_A/res/values/strings.xml" StructureKind="resource" NumEvents="14" CreationCount="32"/><InteractionEvent Delta="null" EndDate="2014-12-03 10:23:11.210 JST" Interest="1.0" Kind="prediction" Navigation="null" OriginId="org.eclipse.mylyn.resources.ui.interest.updater" StartDate="2014-12-03 10:23:11.210 JST" StructureHandle="/NDKSample/libs/armeabi/libNDKSample.so" StructureKind="resource"/><InteractionEvent Delta="null" EndDate="2014-12-03 09:38:45.531 JST" Interest="3.0" Kind="selection" Navigation="null" OriginId="org.eclipse.jdt.ui.CompilationUnitEditor" StartDate="2014-12-03 09:38:41.961 JST" StructureHandle="=IFM11/src&amp;lt;ifm11.main{ShowLogActv.java#android.content.Context" StructureKind="java" NumEvents="3" CreationCount="339"/><InteractionEvent Delta="null" EndDate="2014-12-03 10:24:19.193 JST" Interest="4.1000004" Kind="propagation" Navigation="org.eclipse.mylyn.core.model.edges.containment" OriginId="org.eclipse.mylyn.core.model.interest.propagation" StartDate="2014-12-03 09:32:28.379 JST" StructureHandle="=IFM11/src&amp;lt;ifm11.utils{Methods_dlg.java#" StructureKind="java" NumEvents="2" CreationCount="165"/><InteractionEvent Delta="null" EndDate="2014-12-03 10:25:32.886 JST" Interest="9.0" Kind="selection" Navigation="null" OriginId="org.eclipse.jdt.ui.CompilationUnitEditor" StartDate="2014-12-03 09:32:29.312 JST" StructureHandle="=IFM11/src&amp;lt;ifm11.utils{Methods_dlg.java#" StructureKind="java" NumEvents="9" CreationCount="165"/><InteractionEvent Delta="null" EndDate="2014-12-03 10:32:04.268 JST" Interest="25.0" Kind="propagation" Navigation="org.eclipse.mylyn.core.model.edges.containment" OriginId="org.eclipse.mylyn.core.model.interest.propagation" StartDate="2014-12-03 10:20:55.928 JST" StructureHandle="/CutPlanner_A/src/cp/listeners" StructureKind="resource" NumEvents="25" CreationCount="386"/><InteractionEvent Delta="null" EndDate="2014-12-03 09:38:32.942 JST" Interest="1.0" Kind="propagation" Navigation="org.eclipse.mylyn.core.model.edges.containment" OriginId="org.eclipse.mylyn.core.model.interest.propagation" StartDate="2014-12-03 09:38:32.942 JST" StructureHandle="/IFM11/bin/res/crunch" StructureKind="resource"/><InteractionEvent Delta="null" EndDate="2014-12-03 10:23:23.840 JST" Interest="1.0" Kind="selection" Navigation="null" OriginId="org.eclipse.jdt.ui.CompilationUnitEditor" StartDate="2014-12-03 10:23:23.840 JST" StructureHandle="=IFM11/src&amp;lt;ifm11.listeners.dialog{DB_OCL.java#ifm11.items.TI" StructureKind="java"/><InteractionEvent Delta="null" EndDate="2014-12-03 10:32:06.450 JST" Interest="5.0" Kind="selection" Navigation="null" OriginId="org.eclipse.jdt.ui.CompilationUnitEditor" StartDate="2014-12-03 10:30:04.184 JST" StructureHandle="=IFM11/src&amp;lt;ifm11.listeners.dialog{DB_OCL.java[DB_OCL~case_DLG_FILTER_SHOWLIST_RESET" StructureKind="java" NumEvents="5" CreationCount="592"/><InteractionEvent Delta="null" EndDate="2014-12-03 10:35:24.816 JST" Interest="33.0" Kind="edit" Navigation="null" OriginId="org.eclipse.jdt.ui.CompilationUnitEditor" StartDate="2014-12-03 10:30:05.609 JST" StructureHandle="=IFM11/src&amp;lt;ifm11.listeners.dialog{DB_OCL.java[DB_OCL~case_DLG_FILTER_SHOWLIST_RESET" StructureKind="java" NumEvents="33" CreationCount="592"/></InteractionHistory>