<?xml version="1.0" encoding="UTF-8"?><InteractionHistory Id="local-42" Version="1"><InteractionEvent Delta="null" EndDate="2014-09-02 22:30:19.857 JST" Interest="6.76" Kind="propagation" Navigation="org.eclipse.mylyn.core.model.edges.containment" OriginId="org.eclipse.mylyn.core.model.interest.propagation" StartDate="2014-09-02 19:05:35.242 JST" StructureHandle="" StructureKind="java" NumEvents="2" CreationCount="0"/><InteractionEvent Delta="null" EndDate="2014-09-02 19:08:12.412 JST" Interest="5.1" Kind="propagation" Navigation="org.eclipse.mylyn.core.model.edges.containment" OriginId="org.eclipse.mylyn.core.model.interest.propagation" StartDate="2014-09-02 19:06:11.50 JST" StructureHandle="=IFM11/src&amp;lt;ifm11.main{LogActv.java[LogActv" StructureKind="java" NumEvents="6" CreationCount="12"/><InteractionEvent Delta="null" EndDate="2014-09-02 23:02:42.605 JST" Interest="18.0" Kind="selection" Navigation="null" OriginId="org.eclipse.jdt.ui.CompilationUnitEditor" StartDate="2014-09-02 22:52:48.886 JST" StructureHandle="=IFM11/src&amp;lt;ifm11.utils{Methods.java[Methods~get_LogItem_List~QActivity;" StructureKind="java" NumEvents="18" CreationCount="1105"/><InteractionEvent Delta="null" EndDate="2014-09-02 23:03:14.132 JST" Interest="128.0" Kind="edit" Navigation="null" OriginId="org.eclipse.jdt.ui.CompilationUnitEditor" StartDate="2014-09-02 22:52:49.723 JST" StructureHandle="=IFM11/src&amp;lt;ifm11.utils{Methods.java[Methods~get_LogItem_List~QActivity;" StructureKind="java" NumEvents="128" CreationCount="1105"/><InteractionEvent Delta="null" EndDate="2014-09-02 19:09:26.457 JST" Interest="2.0" Kind="selection" Navigation="null" OriginId="org.eclipse.ui.views.ContentOutline" StartDate="2014-09-02 19:09:25.575 JST" StructureHandle="=IFM11/src&amp;lt;ifm11.utils{Methods.java[Methods~confirm_quit~QActivity;~I" StructureKind="java" NumEvents="2" CreationCount="42"/><InteractionEvent Delta="null" EndDate="2014-09-02 22:35:14.621 JST" Interest="1.0" Kind="propagation" Navigation="null" OriginId="org.eclipse.jdt.ui.PackageExplorer" StartDate="2014-09-02 22:35:14.621 JST" StructureHandle="/IFM11/src/ifm11/main/ImageActv.java" StructureKind="resource"/><InteractionEvent Delta="null" EndDate="2014-09-02 22:30:37.546 JST" Interest="1.0" Kind="propagation" Navigation="null" OriginId="org.eclipse.jdt.ui.PackageExplorer" StartDate="2014-09-02 22:30:37.546 JST" StructureHandle="/IFM11/src/ifm11/utils/CONS.java" StructureKind="resource"/><InteractionEvent Delta="null" EndDate="2014-09-02 19:22:47.589 JST" Interest="1.0" Kind="selection" Navigation="null" OriginId="org.eclipse.ui.views.ContentOutline" StartDate="2014-09-02 19:22:47.589 JST" StructureHandle="=IFM11/src&amp;lt;ifm11.tasks{Task_RefreshDB.java%ifm11.tasks" StructureKind="java"/><InteractionEvent Delta="null" EndDate="2014-09-02 19:07:10.203 JST" Interest="2.7510002" Kind="propagation" Navigation="org.eclipse.mylyn.core.model.edges.containment" OriginId="org.eclipse.mylyn.core.model.interest.propagation" StartDate="2014-09-02 19:06:23.522 JST" StructureHandle="/IFM11/res/layout" StructureKind="resource" NumEvents="3" CreationCount="14"/><InteractionEvent Delta="null" EndDate="2014-09-02 22:37:12.538 JST" Interest="2.0" Kind="selection" Navigation="null" OriginId="org.eclipse.jdt.ui.CompilationUnitEditor" StartDate="2014-09-02 22:37:05.250 JST" StructureHandle="=IFM11/src&amp;lt;ifm11.utils{Tags.java[Tags[ButtonTags^ACTV_SHOWLOG_IB_BACK" StructureKind="java" NumEvents="2" CreationCount="522"/><InteractionEvent Delta="null" EndDate="2014-09-02 19:23:24.184 JST" Interest="22.699999" Kind="propagation" Navigation="org.eclipse.mylyn.core.model.edges.containment" OriginId="org.eclipse.mylyn.core.model.interest.propagation" StartDate="2014-09-02 19:22:49.478 JST" StructureHandle="=IFM11/src&amp;lt;ifm11.tasks{Task_RefreshDB.java[Task_RefreshDB" StructureKind="java" NumEvents="32" CreationCount="255"/><InteractionEvent Delta="null" EndDate="2014-09-02 23:03:14.133 JST" Interest="123.6" Kind="propagation" Navigation="org.eclipse.mylyn.core.model.edges.containment" OriginId="org.eclipse.mylyn.core.model.interest.propagation" StartDate="2014-09-02 19:09:25.575 JST" StructureHandle="=IFM11/src&amp;lt;ifm11.utils{Methods.java[Methods" StructureKind="java" NumEvents="158" CreationCount="5"/><InteractionEvent Delta="null" EndDate="2014-09-02 23:03:16.943 JST" Interest="3.0" Kind="selection" Navigation="null" OriginId="org.eclipse.jdt.ui.CompilationUnitEditor" StartDate="2014-09-02 19:10:11.616 JST" StructureHandle="=IFM11/src&amp;lt;ifm11.utils{Methods.java[Methods" StructureKind="java" NumEvents="3" CreationCount="5"/><InteractionEvent Delta="null" EndDate="2014-09-02 22:54:02.922 JST" Interest="1.0" Kind="edit" Navigation="null" OriginId="org.eclipse.jdt.ui.CompilationUnitEditor" StartDate="2014-09-02 22:54:02.922 JST" StructureHandle="=IFM11/src&amp;lt;ifm11.utils{Methods.java[Methods" StructureKind="java"/><InteractionEvent Delta="null" EndDate="2014-09-02 22:47:59.526 JST" Interest="2.0" Kind="selection" Navigation="null" OriginId="org.eclipse.jdt.ui.PackageExplorer" StartDate="2014-09-02 22:42:24.403 JST" StructureHandle="/IFM11/res/drawable/ifm8_thumb_down_50x50_disenabled.png" StructureKind="resource" NumEvents="2" CreationCount="708"/><InteractionEvent Delta="null" EndDate="2014-09-02 22:47:59.526 JST" Interest="1.4990001" Kind="manipulation" Navigation="null" OriginId="org.eclipse.mylyn.core.model.interest.decay.correction" StartDate="2014-09-02 22:47:59.526 JST" StructureHandle="/IFM11/res/drawable/ifm8_thumb_down_50x50_disenabled.png" StructureKind="resource"/><InteractionEvent Delta="null" EndDate="2014-09-02 19:16:05.945 JST" Interest="3.0" Kind="propagation" Navigation="org.eclipse.mylyn.core.model.edges.containment" OriginId="org.eclipse.mylyn.core.model.interest.propagation" StartDate="2014-09-02 19:07:47.601 JST" StructureHandle="/IFM11/bin" StructureKind="resource" NumEvents="3" CreationCount="22"/><InteractionEvent Delta="null" EndDate="2014-09-02 19:22:49.477 JST" Interest="1.0" Kind="selection" Navigation="null" OriginId="org.eclipse.ui.views.ContentOutline" StartDate="2014-09-02 19:22:49.477 JST" StructureHandle="=IFM11/src&amp;lt;ifm11.tasks{Task_RefreshDB.java[Task_RefreshDB~onPostExecute~QInteger;" StructureKind="java"/><InteractionEvent Delta="null" EndDate="2014-09-02 19:23:24.183 JST" Interest="31.0" Kind="edit" Navigation="null" OriginId="org.eclipse.jdt.ui.CompilationUnitEditor" StartDate="2014-09-02 19:22:49.552 JST" StructureHandle="=IFM11/src&amp;lt;ifm11.tasks{Task_RefreshDB.java[Task_RefreshDB~onPostExecute~QInteger;" StructureKind="java" NumEvents="31" CreationCount="255"/><InteractionEvent Delta="null" EndDate="2014-09-02 19:18:26.337 JST" Interest="5.3169994" Kind="propagation" Navigation="org.eclipse.mylyn.core.model.edges.containment" OriginId="org.eclipse.mylyn.core.model.interest.propagation" StartDate="2014-09-02 19:16:31.534 JST" StructureHandle="=IFM11/src&amp;lt;ifm11.main{MainActv.java" StructureKind="java" NumEvents="9" CreationCount="151"/><InteractionEvent Delta="null" EndDate="2014-09-02 19:22:38.94 JST" Interest="4.0" Kind="selection" Navigation="null" OriginId="org.eclipse.jdt.ui.CompilationUnitEditor" StartDate="2014-09-02 19:16:28.416 JST" StructureHandle="=IFM11/src&amp;lt;ifm11.main{MainActv.java" StructureKind="java" NumEvents="4" CreationCount="151"/><InteractionEvent Delta="null" EndDate="2014-09-02 23:02:03.561 JST" Interest="3.0" Kind="selection" Navigation="null" OriginId="org.eclipse.jdt.ui.CompilationUnitEditor" StartDate="2014-09-02 23:01:36.134 JST" StructureHandle="=IFM11/src&amp;lt;ifm11.utils{Methods.java[Methods~_build_LogItem_from_Matcher~QActivity;~QMatcher;" StructureKind="java" NumEvents="3" CreationCount="1245"/><InteractionEvent Delta="null" EndDate="2014-09-02 19:23:24.184 JST" Interest="21.734" Kind="propagation" Navigation="org.eclipse.mylyn.core.model.edges.containment" OriginId="org.eclipse.mylyn.core.model.interest.propagation" StartDate="2014-09-02 19:22:47.589 JST" StructureHandle="=IFM11/src&amp;lt;ifm11.tasks{Task_RefreshDB.java" StructureKind="java" NumEvents="33" CreationCount="253"/><InteractionEvent Delta="null" EndDate="2014-09-02 22:33:03.243 JST" Interest="2.0" Kind="selection" Navigation="null" OriginId="org.eclipse.jdt.ui.PackageExplorer" StartDate="2014-09-02 19:22:45.704 JST" StructureHandle="=IFM11/src&amp;lt;ifm11.tasks{Task_RefreshDB.java" StructureKind="java" NumEvents="2" CreationCount="253"/><InteractionEvent Delta="null" EndDate="2014-09-02 23:04:36.611 JST" Interest="2.0" Kind="selection" Navigation="null" OriginId="org.eclipse.jdt.ui.CompilationUnitEditor" StartDate="2014-09-02 23:04:36.610 JST" StructureHandle="=IFM11/src&amp;lt;ifm11.listeners.button{BO_CL.java[BO_CL~case_ACTV_TN_IB_BOTTOM" StructureKind="java" NumEvents="2" CreationCount="1351"/><InteractionEvent Delta="null" EndDate="2014-09-02 23:04:37.849 JST" Interest="5.0" Kind="edit" Navigation="null" OriginId="org.eclipse.jdt.ui.CompilationUnitEditor" StartDate="2014-09-02 23:04:36.614 JST" StructureHandle="=IFM11/src&amp;lt;ifm11.listeners.button{BO_CL.java[BO_CL~case_ACTV_TN_IB_BOTTOM" StructureKind="java" NumEvents="5" CreationCount="1351"/><InteractionEvent Delta="null" EndDate="2014-09-02 23:11:58.114 JST" Interest="1695.0339" Kind="propagation" Navigation="org.eclipse.mylyn.core.model.edges.containment" OriginId="org.eclipse.mylyn.core.model.interest.propagation" StartDate="2014-09-02 19:05:37.981 JST" StructureHandle="=IFM11" StructureKind="resource" NumEvents="1698" CreationCount="2"/><InteractionEvent Delta="null" EndDate="2014-09-02 22:37:14.566 JST" Interest="124.0" Kind="propagation" Navigation="null" OriginId="org.eclipse.jdt.ui.CompilationUnitEditor" StartDate="2014-09-02 19:16:53.534 JST" StructureHandle="/IFM11/src/ifm11/tasks/Task_FTP.java" StructureKind="resource" NumEvents="124" CreationCount="158"/><InteractionEvent Delta="null" EndDate="2014-09-02 23:11:58.113 JST" Interest="1694.0509" Kind="propagation" Navigation="org.eclipse.mylyn.core.model.edges.containment" OriginId="org.eclipse.mylyn.core.model.interest.propagation" StartDate="2014-09-02 19:05:35.242 JST" StructureHandle="/" StructureKind="resource" NumEvents="1706" CreationCount="1"/><InteractionEvent Delta="null" EndDate="2014-09-02 19:06:49.782 JST" Interest="2.0" Kind="selection" Navigation="null" OriginId="org.eclipse.jdt.ui.PackageExplorer" StartDate="2014-09-02 19:06:23.521 JST" StructureHandle="/IFM11/res/layout/actv_log.xml" StructureKind="resource" NumEvents="2" CreationCount="14"/><InteractionEvent Delta="null" EndDate="2014-09-02 22:32:52.175 JST" Interest="7.0" Kind="selection" Navigation="null" OriginId="org.eclipse.jdt.ui.CompilationUnitEditor" StartDate="2014-09-02 19:17:00.350 JST" StructureHandle="=IFM11/src&amp;lt;ifm11.tasks{Task_FTP.java[Task_FTP~_onPostExecute__Upload_Image~QInteger;" StructureKind="java" NumEvents="7" CreationCount="164"/><InteractionEvent Delta="null" EndDate="2014-09-02 22:32:59.960 JST" Interest="98.0" Kind="edit" Navigation="null" OriginId="org.eclipse.jdt.ui.CompilationUnitEditor" StartDate="2014-09-02 19:17:00.941 JST" StructureHandle="=IFM11/src&amp;lt;ifm11.tasks{Task_FTP.java[Task_FTP~_onPostExecute__Upload_Image~QInteger;" StructureKind="java" NumEvents="98" CreationCount="164"/><InteractionEvent Delta="null" EndDate="2014-09-02 22:35:19.295 JST" Interest="1.0" Kind="selection" Navigation="null" OriginId="org.eclipse.ui.views.ContentOutline" StartDate="2014-09-02 22:35:19.295 JST" StructureHandle="=IFM11/src&amp;lt;ifm11.main{TNActv.java%ifm11.main" StructureKind="java"/><InteractionEvent Delta="null" EndDate="2014-09-02 23:07:18.342 JST" Interest="4.0" Kind="selection" Navigation="null" OriginId="org.eclipse.jdt.ui.CompilationUnitEditor" StartDate="2014-09-02 23:06:51.20 JST" StructureHandle="=IFM11/src&amp;lt;ifm11.listeners.button{BO_CL.java[BO_CL~case_ACTV_TN_IB_DOWN" StructureKind="java" NumEvents="4" CreationCount="1478"/><InteractionEvent Delta="null" EndDate="2014-09-02 23:07:18.350 JST" Interest="7.0" Kind="edit" Navigation="null" OriginId="org.eclipse.jdt.ui.CompilationUnitEditor" StartDate="2014-09-02 23:06:51.24 JST" StructureHandle="=IFM11/src&amp;lt;ifm11.listeners.button{BO_CL.java[BO_CL~case_ACTV_TN_IB_DOWN" StructureKind="java" NumEvents="7" CreationCount="1478"/><InteractionEvent Delta="null" EndDate="2014-09-02 22:35:14.620 JST" Interest="1.0" Kind="selection" Navigation="null" OriginId="org.eclipse.jdt.ui.PackageExplorer" StartDate="2014-09-02 22:35:14.620 JST" StructureHandle="=IFM11/src&amp;lt;ifm11.main{ImageActv.java" StructureKind="java"/><InteractionEvent Delta="null" EndDate="2014-09-02 23:11:58.113 JST" Interest="387.0" Kind="propagation" Navigation="null" OriginId="org.eclipse.jdt.ui.CompilationUnitEditor" StartDate="2014-09-02 19:05:45.932 JST" StructureHandle="/IFM11/src/ifm11/main/ShowLogActv.java" StructureKind="resource" NumEvents="387" CreationCount="4"/><InteractionEvent Delta="null" EndDate="2014-09-02 22:47:59.655 JST" Interest="1.0" Kind="selection" Navigation="null" OriginId="org.eclipse.jdt.ui.PackageExplorer" StartDate="2014-09-02 22:47:59.655 JST" StructureHandle="/IFM11/res/drawable/ifm8_back.png" StructureKind="resource"/><InteractionEvent Delta="null" EndDate="2014-09-02 22:47:17.928 JST" Interest="71.234" Kind="propagation" Navigation="org.eclipse.mylyn.core.model.edges.containment" OriginId="org.eclipse.mylyn.core.model.interest.propagation" StartDate="2014-09-02 22:38:57.99 JST" StructureHandle="=IFM11/src&amp;lt;ifm11.listeners.button{BO_TL.java" StructureKind="java" NumEvents="104" CreationCount="581"/><InteractionEvent Delta="null" EndDate="2014-09-02 22:46:11.107 JST" Interest="29.0" Kind="selection" Navigation="null" OriginId="org.eclipse.jdt.ui.CompilationUnitEditor" StartDate="2014-09-02 22:38:56.250 JST" StructureHandle="=IFM11/src&amp;lt;ifm11.listeners.button{BO_TL.java" StructureKind="java" NumEvents="29" CreationCount="581"/><InteractionEvent Delta="null" EndDate="2014-09-02 23:10:23.619 JST" Interest="11.0" Kind="prediction" Navigation="null" OriginId="org.eclipse.mylyn.resources.ui.interest.updater" StartDate="2014-09-02 19:07:47.600 JST" StructureHandle="/IFM11/bin/IFM11.apk" StructureKind="resource" NumEvents="11" CreationCount="22"/><InteractionEvent Delta="null" EndDate="2014-09-02 23:04:57.85 JST" Interest="17.0" Kind="selection" Navigation="null" OriginId="org.eclipse.jdt.ui.CompilationUnitEditor" StartDate="2014-09-02 22:50:37.28 JST" StructureHandle="=IFM11/src&amp;lt;ifm11.listeners.button{BO_CL.java[BO_CL~case_ACTV_SHOWLOG_IB_TOP" StructureKind="java" NumEvents="17" CreationCount="986"/><InteractionEvent Delta="null" EndDate="2014-09-02 23:05:01.267 JST" Interest="121.0" Kind="edit" Navigation="null" OriginId="org.eclipse.jdt.ui.CompilationUnitEditor" StartDate="2014-09-02 22:50:37.33 JST" StructureHandle="=IFM11/src&amp;lt;ifm11.listeners.button{BO_CL.java[BO_CL~case_ACTV_SHOWLOG_IB_TOP" StructureKind="java" NumEvents="121" CreationCount="986"/><InteractionEvent Delta="null" EndDate="2014-09-02 19:17:00.449 JST" Interest="3.0" Kind="selection" Navigation="null" OriginId="org.eclipse.jdt.ui.CompilationUnitEditor" StartDate="2014-09-02 19:16:57.674 JST" StructureHandle="=IFM11/src&amp;lt;ifm11.tasks{Task_FTP.java[Task_FTP~Task_FTP~QActivity;~QDialog;~QDialog;~QString;" StructureKind="java" NumEvents="3" CreationCount="163"/><InteractionEvent Delta="null" EndDate="2014-09-02 23:11:58.113 JST" Interest="128.09201" Kind="propagation" Navigation="org.eclipse.mylyn.core.model.edges.containment" OriginId="org.eclipse.mylyn.core.model.interest.propagation" StartDate="2014-09-02 19:05:56.989 JST" StructureHandle="=IFM11/src&amp;lt;ifm11.main{ShowLogActv.java[ShowLogActv" StructureKind="java" NumEvents="171" CreationCount="5"/><InteractionEvent Delta="null" EndDate="2014-09-02 23:08:43.657 JST" Interest="4.0" Kind="selection" Navigation="null" OriginId="org.eclipse.jdt.ui.CompilationUnitEditor" StartDate="2014-09-02 22:35:34.533 JST" StructureHandle="=IFM11/src&amp;lt;ifm11.main{ShowLogActv.java[ShowLogActv" StructureKind="java" NumEvents="4" CreationCount="5"/><InteractionEvent Delta="null" EndDate="2014-09-02 23:04:10.433 JST" Interest="3.0" Kind="edit" Navigation="null" OriginId="org.eclipse.jdt.ui.CompilationUnitEditor" StartDate="2014-09-02 22:35:35.706 JST" StructureHandle="=IFM11/src&amp;lt;ifm11.main{ShowLogActv.java[ShowLogActv" StructureKind="java" NumEvents="3" CreationCount="5"/><InteractionEvent Delta="null" EndDate="2014-09-02 19:08:12.412 JST" Interest="10.0" Kind="propagation" Navigation="null" OriginId="org.eclipse.jdt.ui.CompilationUnitEditor" StartDate="2014-09-02 19:06:07.104 JST" StructureHandle="/IFM11/src/ifm11/main/LogActv.java" StructureKind="resource" NumEvents="10" CreationCount="10"/><InteractionEvent Delta="null" EndDate="2014-09-02 22:37:23.213 JST" Interest="2.0" Kind="selection" Navigation="null" OriginId="org.eclipse.jdt.ui.CompilationUnitEditor" StartDate="2014-09-02 22:37:13.187 JST" StructureHandle="=IFM11/src&amp;lt;ifm11.utils{Tags.java[Tags[ButtonTags^ACTV_SHOWLOG_IB_TOP" StructureKind="java" NumEvents="2" CreationCount="528"/><InteractionEvent Delta="null" EndDate="2014-09-02 22:47:17.928 JST" Interest="162.0" Kind="propagation" Navigation="null" OriginId="org.eclipse.jdt.ui.CompilationUnitEditor" StartDate="2014-09-02 22:38:56.250 JST" StructureHandle="/IFM11/src/ifm11/listeners/button/BO_TL.java" StructureKind="resource" NumEvents="162" CreationCount="581"/><InteractionEvent Delta="null" EndDate="2014-09-02 19:22:38.161 JST" Interest="16.0" Kind="propagation" Navigation="null" OriginId="org.eclipse.jdt.ui.CompilationUnitEditor" StartDate="2014-09-02 19:16:28.416 JST" StructureHandle="/IFM11/src/ifm11/main/MainActv.java" StructureKind="resource" NumEvents="16" CreationCount="151"/><InteractionEvent Delta="null" EndDate="2014-09-02 19:08:11.203 JST" Interest="3.0" Kind="selection" Navigation="null" OriginId="org.eclipse.ui.views.ContentOutline" StartDate="2014-09-02 19:06:11.48 JST" StructureHandle="=IFM11/src&amp;lt;ifm11.main{LogActv.java[LogActv~onCreate~QBundle;" StructureKind="java" NumEvents="3" CreationCount="12"/><InteractionEvent Delta="null" EndDate="2014-09-02 19:08:12.411 JST" Interest="3.0" Kind="edit" Navigation="null" OriginId="org.eclipse.jdt.ui.CompilationUnitEditor" StartDate="2014-09-02 19:07:37.615 JST" StructureHandle="=IFM11/src&amp;lt;ifm11.main{LogActv.java[LogActv~onCreate~QBundle;" StructureKind="java" NumEvents="3" CreationCount="12"/><InteractionEvent Delta="null" EndDate="2014-09-02 22:39:05.620 JST" Interest="15.0" Kind="propagation" Navigation="null" OriginId="org.eclipse.jdt.ui.CompilationUnitEditor" StartDate="2014-09-02 22:37:04.488 JST" StructureHandle="/IFM11/src/ifm11/utils/Tags.java" StructureKind="resource" NumEvents="15" CreationCount="521"/><InteractionEvent Delta="null" EndDate="2014-09-02 23:09:28.692 JST" Interest="2.0" Kind="selection" Navigation="null" OriginId="org.eclipse.jdt.ui.CompilationUnitEditor" StartDate="2014-09-02 23:09:28.690 JST" StructureHandle="=IFM11/src&amp;lt;ifm11.listeners.button{BO_CL.java[BO_CL~case_ACTV_TN_IB_UP" StructureKind="java" NumEvents="2" CreationCount="1635"/><InteractionEvent Delta="null" EndDate="2014-09-02 23:09:39.763 JST" Interest="5.0" Kind="edit" Navigation="null" OriginId="org.eclipse.jdt.ui.CompilationUnitEditor" StartDate="2014-09-02 23:09:28.695 JST" StructureHandle="=IFM11/src&amp;lt;ifm11.listeners.button{BO_CL.java[BO_CL~case_ACTV_TN_IB_UP" StructureKind="java" NumEvents="5" CreationCount="1635"/><InteractionEvent Delta="null" EndDate="2014-09-02 23:11:58.114 JST" Interest="1695.0339" Kind="propagation" Navigation="null" OriginId="org.eclipse.jdt.ui.CompilationUnitEditor" StartDate="2014-09-02 19:05:37.981 JST" StructureHandle="/IFM11/src" StructureKind="resource" NumEvents="1698" CreationCount="2"/><InteractionEvent Delta="null" EndDate="2014-09-02 22:37:14.566 JST" Interest="76.70199" Kind="propagation" Navigation="org.eclipse.mylyn.core.model.edges.containment" OriginId="org.eclipse.mylyn.core.model.interest.propagation" StartDate="2014-09-02 19:16:53.535 JST" StructureHandle="=IFM11/src&amp;lt;ifm11.tasks" StructureKind="java" NumEvents="109" CreationCount="158"/><InteractionEvent Delta="null" EndDate="2014-09-02 22:30:40.597 JST" Interest="1.0" Kind="selection" Navigation="null" OriginId="org.eclipse.jdt.ui.PackageExplorer" StartDate="2014-09-02 22:30:40.597 JST" StructureHandle="=IFM11/src&amp;lt;ifm11.tasks" StructureKind="java"/><InteractionEvent Delta="null" EndDate="2014-09-02 22:46:11.306 JST" Interest="26.0" Kind="selection" Navigation="null" OriginId="org.eclipse.jdt.ui.CompilationUnitEditor" StartDate="2014-09-02 22:38:59.753 JST" StructureHandle="=IFM11/src&amp;lt;ifm11.listeners.button{BO_TL.java[BO_TL~onTouch~QView;~QMotionEvent;" StructureKind="java" NumEvents="26" CreationCount="583"/><InteractionEvent Delta="null" EndDate="2014-09-02 22:47:17.927 JST" Interest="106.0" Kind="edit" Navigation="null" OriginId="org.eclipse.jdt.ui.CompilationUnitEditor" StartDate="2014-09-02 22:39:13.728 JST" StructureHandle="=IFM11/src&amp;lt;ifm11.listeners.button{BO_TL.java[BO_TL~onTouch~QView;~QMotionEvent;" StructureKind="java" NumEvents="106" CreationCount="583"/><InteractionEvent Delta="null" EndDate="2014-09-02 23:11:57.59 JST" Interest="772.826" Kind="propagation" Navigation="org.eclipse.mylyn.core.model.edges.containment" OriginId="org.eclipse.mylyn.core.model.interest.propagation" StartDate="2014-09-02 19:05:39.960 JST" StructureHandle="/IFM11/src/ifm11" StructureKind="resource" NumEvents="779" CreationCount="3"/><InteractionEvent Delta="null" EndDate="2014-09-02 22:37:32.640 JST" Interest="2.3060002" Kind="propagation" Navigation="org.eclipse.mylyn.core.model.edges.containment" OriginId="org.eclipse.mylyn.core.model.interest.propagation" StartDate="2014-09-02 22:37:05.250 JST" StructureHandle="=IFM11/src&amp;lt;ifm11.utils{Tags.java[Tags" StructureKind="java" NumEvents="5" CreationCount="522"/><InteractionEvent Delta="null" EndDate="2014-09-02 23:08:50.959 JST" Interest="14.0" Kind="selection" Navigation="null" OriginId="org.eclipse.jdt.ui.CompilationUnitEditor" StartDate="2014-09-02 22:35:22.571 JST" StructureHandle="=IFM11/src&amp;lt;ifm11.main{TNActv.java[TNActv~_Setup_SetListeners_Navigation" StructureKind="java" NumEvents="14" CreationCount="468"/><InteractionEvent Delta="null" EndDate="2014-09-02 22:47:55.298 JST" Interest="11.0" Kind="edit" Navigation="null" OriginId="org.eclipse.jdt.ui.CompilationUnitEditor" StartDate="2014-09-02 22:35:23.566 JST" StructureHandle="=IFM11/src&amp;lt;ifm11.main{TNActv.java[TNActv~_Setup_SetListeners_Navigation" StructureKind="java" NumEvents="11" CreationCount="468"/><InteractionEvent Delta="null" EndDate="2014-09-02 23:11:57.61 JST" Interest="138.72801" Kind="propagation" Navigation="org.eclipse.mylyn.core.model.edges.containment" OriginId="org.eclipse.mylyn.core.model.interest.propagation" StartDate="2014-09-02 19:05:39.961 JST" StructureHandle="=IFM11/src" StructureKind="java" NumEvents="220" CreationCount="2"/><InteractionEvent Delta="null" EndDate="2014-09-02 19:05:37.981 JST" Interest="1.0" Kind="selection" Navigation="null" OriginId="org.eclipse.jdt.ui.PackageExplorer" StartDate="2014-09-02 19:05:37.981 JST" StructureHandle="=IFM11/src" StructureKind="java"/><InteractionEvent Delta="null" EndDate="2014-09-02 22:33:10.175 JST" Interest="1.0" Kind="selection" Navigation="null" OriginId="org.eclipse.ui.views.ContentOutline" StartDate="2014-09-02 22:33:10.175 JST" StructureHandle="=IFM11/src&amp;lt;ifm11.main{ShowLogActv.java%ifm11.main" StructureKind="java"/><InteractionEvent Delta="null" EndDate="2014-09-02 23:10:13.137 JST" Interest="4.0" Kind="selection" Navigation="null" OriginId="org.eclipse.jdt.ui.CompilationUnitEditor" StartDate="2014-09-02 22:48:51.457 JST" StructureHandle="=IFM11/src&amp;lt;ifm11.listeners.button{BO_CL.java[BO_CL~case_ACTV_TN_IB_BACK" StructureKind="java" NumEvents="4" CreationCount="895"/><InteractionEvent Delta="null" EndDate="2014-09-02 23:10:13.137 JST" Interest="4.300001" Kind="manipulation" Navigation="null" OriginId="org.eclipse.mylyn.core.model.interest.decay.correction" StartDate="2014-09-02 23:10:13.137 JST" StructureHandle="=IFM11/src&amp;lt;ifm11.listeners.button{BO_CL.java[BO_CL~case_ACTV_TN_IB_BACK" StructureKind="java"/><InteractionEvent Delta="null" EndDate="2014-09-02 23:10:13.146 JST" Interest="11.0" Kind="edit" Navigation="null" OriginId="org.eclipse.jdt.ui.CompilationUnitEditor" StartDate="2014-09-02 22:48:52.55 JST" StructureHandle="=IFM11/src&amp;lt;ifm11.listeners.button{BO_CL.java[BO_CL~case_ACTV_TN_IB_BACK" StructureKind="java" NumEvents="11" CreationCount="895"/><InteractionEvent Delta="null" EndDate="2014-09-02 22:43:11.294 JST" Interest="2.0" Kind="prediction" Navigation="null" OriginId="org.eclipse.mylyn.resources.ui.interest.updater" StartDate="2014-09-02 19:07:47.600 JST" StructureHandle="/IFM11/bin/resources.ap_" StructureKind="resource" NumEvents="2" CreationCount="2"/><InteractionEvent Delta="null" EndDate="2014-09-02 23:11:57.60 JST" Interest="128.88501" Kind="propagation" Navigation="org.eclipse.mylyn.core.model.edges.containment" OriginId="org.eclipse.mylyn.core.model.interest.propagation" StartDate="2014-09-02 22:38:56.251 JST" StructureHandle="=IFM11/src&amp;lt;ifm11.listeners.button" StructureKind="java" NumEvents="182" CreationCount="581"/><InteractionEvent Delta="null" EndDate="2014-09-02 22:48:03.501 JST" Interest="1.0" Kind="selection" Navigation="null" OriginId="org.eclipse.jdt.ui.PackageExplorer" StartDate="2014-09-02 22:48:03.501 JST" StructureHandle="=IFM11/src&amp;lt;ifm11.listeners.button" StructureKind="java"/><InteractionEvent Delta="null" EndDate="2014-09-02 23:11:57.59 JST" Interest="601.0" Kind="propagation" Navigation="null" OriginId="org.eclipse.jdt.ui.CompilationUnitEditor" StartDate="2014-09-02 22:48:05.579 JST" StructureHandle="/IFM11/src/ifm11/listeners/button/BO_CL.java" StructureKind="resource" NumEvents="601" CreationCount="860"/><InteractionEvent Delta="null" EndDate="2014-09-02 22:37:32.639 JST" Interest="2.0" Kind="selection" Navigation="null" OriginId="org.eclipse.jdt.ui.CompilationUnitEditor" StartDate="2014-09-02 22:37:28.647 JST" StructureHandle="=IFM11/src&amp;lt;ifm11.utils{Tags.java[Tags[ButtonTags^ACTV_SHOWLOG_IB_DOWN" StructureKind="java" NumEvents="2" CreationCount="540"/><InteractionEvent Delta="null" EndDate="2014-09-02 22:32:49.364 JST" Interest="86.0" Kind="propagation" Navigation="null" OriginId="org.eclipse.jdt.ui.CompilationUnitEditor" StartDate="2014-09-02 19:23:58.588 JST" StructureHandle="/IFM11/src/ifm11/utils/DBUtils.java" StructureKind="resource" NumEvents="86" CreationCount="297"/><InteractionEvent Delta="null" EndDate="2014-09-02 22:32:49.364 JST" Interest="51.717" Kind="propagation" Navigation="org.eclipse.mylyn.core.model.edges.containment" OriginId="org.eclipse.mylyn.core.model.interest.propagation" StartDate="2014-09-02 19:23:59.322 JST" StructureHandle="=IFM11/src&amp;lt;ifm11.utils{DBUtils.java" StructureKind="java" NumEvents="74" CreationCount="297"/><InteractionEvent Delta="null" EndDate="2014-09-02 22:31:57.812 JST" Interest="5.0" Kind="selection" Navigation="null" OriginId="org.eclipse.jdt.ui.CompilationUnitEditor" StartDate="2014-09-02 19:23:58.587 JST" StructureHandle="=IFM11/src&amp;lt;ifm11.utils{DBUtils.java" StructureKind="java" NumEvents="5" CreationCount="297"/><InteractionEvent Delta="null" EndDate="2014-09-02 23:10:19.40 JST" Interest="4.0" Kind="selection" Navigation="null" OriginId="org.eclipse.jdt.ui.CompilationUnitEditor" StartDate="2014-09-02 23:09:45.11 JST" StructureHandle="=IFM11/src&amp;lt;ifm11.listeners.button{BO_CL.java[BO_CL~case_ACTV_SHOWLOG_IB_UP" StructureKind="java" NumEvents="4" CreationCount="1648"/><InteractionEvent Delta="null" EndDate="2014-09-02 23:10:20.864 JST" Interest="35.0" Kind="edit" Navigation="null" OriginId="org.eclipse.jdt.ui.CompilationUnitEditor" StartDate="2014-09-02 23:09:45.14 JST" StructureHandle="=IFM11/src&amp;lt;ifm11.listeners.button{BO_CL.java[BO_CL~case_ACTV_SHOWLOG_IB_UP" StructureKind="java" NumEvents="35" CreationCount="1648"/><InteractionEvent Delta="null" EndDate="2014-09-02 22:48:08.767 JST" Interest="1.0" Kind="selection" Navigation="null" OriginId="org.eclipse.ui.views.ContentOutline" StartDate="2014-09-02 22:48:08.767 JST" StructureHandle="=IFM11/src&amp;lt;ifm11.listeners.button{BO_CL.java%ifm11.listeners.button" StructureKind="java"/><InteractionEvent Delta="null" EndDate="2014-09-02 23:11:58.113 JST" Interest="132.22601" Kind="propagation" Navigation="org.eclipse.mylyn.core.model.edges.containment" OriginId="org.eclipse.mylyn.core.model.interest.propagation" StartDate="2014-09-02 19:05:45.933 JST" StructureHandle="=IFM11/src&amp;lt;ifm11.main" StructureKind="java" NumEvents="196" CreationCount="3"/><InteractionEvent Delta="null" EndDate="2014-09-02 22:33:05.656 JST" Interest="2.0" Kind="selection" Navigation="null" OriginId="org.eclipse.jdt.ui.PackageExplorer" StartDate="2014-09-02 19:05:39.960 JST" StructureHandle="=IFM11/src&amp;lt;ifm11.main" StructureKind="java" NumEvents="2" CreationCount="3"/><InteractionEvent Delta="null" EndDate="2014-09-02 23:03:16.944 JST" Interest="306.0" Kind="propagation" Navigation="null" OriginId="org.eclipse.jdt.ui.CompilationUnitEditor" StartDate="2014-09-02 19:09:23.328 JST" StructureHandle="/IFM11/src/ifm11/utils" StructureKind="resource" NumEvents="306" CreationCount="39"/><InteractionEvent Delta="null" EndDate="2014-09-02 23:08:54.970 JST" Interest="12.0" Kind="selection" Navigation="null" OriginId="org.eclipse.jdt.ui.CompilationUnitEditor" StartDate="2014-09-02 22:48:11.430 JST" StructureHandle="=IFM11/src&amp;lt;ifm11.listeners.button{BO_CL.java[BO_CL~onClick~QView;" StructureKind="java" NumEvents="12" CreationCount="863"/><InteractionEvent Delta="null" EndDate="2014-09-02 23:09:22.700 JST" Interest="109.0" Kind="edit" Navigation="null" OriginId="org.eclipse.jdt.ui.CompilationUnitEditor" StartDate="2014-09-02 22:48:11.920 JST" StructureHandle="=IFM11/src&amp;lt;ifm11.listeners.button{BO_CL.java[BO_CL~onClick~QView;" StructureKind="java" NumEvents="109" CreationCount="863"/><InteractionEvent Delta="null" EndDate="2014-09-02 19:08:15.695 JST" Interest="4.0" Kind="selection" Navigation="null" OriginId="org.eclipse.ui.views.ContentOutline" StartDate="2014-09-02 19:05:56.989 JST" StructureHandle="=IFM11/src&amp;lt;ifm11.main{ShowLogActv.java[ShowLogActv~onCreate~QBundle;" StructureKind="java" NumEvents="4" CreationCount="5"/><InteractionEvent Delta="null" EndDate="2014-09-02 19:06:04.518 JST" Interest="2.0" Kind="edit" Navigation="null" OriginId="org.eclipse.jdt.ui.CompilationUnitEditor" StartDate="2014-09-02 19:06:03.822 JST" StructureHandle="=IFM11/src&amp;lt;ifm11.main{ShowLogActv.java[ShowLogActv~onCreate~QBundle;" StructureKind="java" NumEvents="2" CreationCount="5"/><InteractionEvent Delta="null" EndDate="2014-09-02 22:47:59.655 JST" Interest="2.5500002" Kind="propagation" Navigation="org.eclipse.mylyn.core.model.edges.containment" OriginId="org.eclipse.mylyn.core.model.interest.propagation" StartDate="2014-09-02 22:42:24.403 JST" StructureHandle="/IFM11/res/drawable" StructureKind="resource" NumEvents="3" CreationCount="707"/><InteractionEvent Delta="null" EndDate="2014-09-02 22:48:00.150 JST" Interest="2.0" Kind="selection" Navigation="null" OriginId="org.eclipse.jdt.ui.PackageExplorer" StartDate="2014-09-02 22:42:14.515 JST" StructureHandle="/IFM11/res/drawable" StructureKind="resource" NumEvents="2" CreationCount="707"/><InteractionEvent Delta="null" EndDate="2014-09-02 19:22:38.160 JST" Interest="9.299999" Kind="propagation" Navigation="org.eclipse.mylyn.core.model.edges.containment" OriginId="org.eclipse.mylyn.core.model.interest.propagation" StartDate="2014-09-02 19:16:31.533 JST" StructureHandle="=IFM11/src&amp;lt;ifm11.main{MainActv.java[MainActv" StructureKind="java" NumEvents="12" CreationCount="152"/><InteractionEvent Delta="null" EndDate="2014-09-02 22:36:15.150 JST" Interest="3.0" Kind="selection" Navigation="null" OriginId="org.eclipse.jdt.ui.CompilationUnitEditor" StartDate="2014-09-02 22:33:13.608 JST" StructureHandle="=IFM11/src&amp;lt;ifm11.main{ShowLogActv.java[ShowLogActv~onStart" StructureKind="java" NumEvents="3" CreationCount="427"/><InteractionEvent Delta="null" EndDate="2014-09-02 22:36:16.701 JST" Interest="26.0" Kind="edit" Navigation="null" OriginId="org.eclipse.jdt.ui.CompilationUnitEditor" StartDate="2014-09-02 22:33:14.240 JST" StructureHandle="=IFM11/src&amp;lt;ifm11.main{ShowLogActv.java[ShowLogActv~onStart" StructureKind="java" NumEvents="26" CreationCount="427"/><InteractionEvent Delta="null" EndDate="2014-09-02 23:08:50.959 JST" Interest="20.7" Kind="propagation" Navigation="org.eclipse.mylyn.core.model.edges.containment" OriginId="org.eclipse.mylyn.core.model.interest.propagation" StartDate="2014-09-02 22:35:22.571 JST" StructureHandle="=IFM11/src&amp;lt;ifm11.main{TNActv.java[TNActv" StructureKind="java" NumEvents="24" CreationCount="468"/><InteractionEvent Delta="null" EndDate="2014-09-02 22:40:52.198 JST" Interest="1.0" Kind="selection" Navigation="null" OriginId="org.eclipse.jdt.ui.CompilationUnitEditor" StartDate="2014-09-02 22:40:52.198 JST" StructureHandle="=IFM11/src&amp;lt;ifm11.main{TNActv.java[TNActv" StructureKind="java"/><InteractionEvent Delta="null" EndDate="2014-09-02 23:07:09.510 JST" Interest="6.0" Kind="selection" Navigation="null" OriginId="org.eclipse.jdt.ui.CompilationUnitEditor" StartDate="2014-09-02 23:04:42.7 JST" StructureHandle="=IFM11/src&amp;lt;ifm11.listeners.button{BO_CL.java[BO_CL~case_ACTV_SHOWLOG_IB_BOTTOM" StructureKind="java" NumEvents="6" CreationCount="1361"/><InteractionEvent Delta="null" EndDate="2014-09-02 23:07:17.312 JST" Interest="83.0" Kind="edit" Navigation="null" OriginId="org.eclipse.jdt.ui.CompilationUnitEditor" StartDate="2014-09-02 23:04:42.12 JST" StructureHandle="=IFM11/src&amp;lt;ifm11.listeners.button{BO_CL.java[BO_CL~case_ACTV_SHOWLOG_IB_BOTTOM" StructureKind="java" NumEvents="83" CreationCount="1361"/><InteractionEvent Delta="null" EndDate="2014-09-02 23:11:57.727 JST" Interest="51.0" Kind="propagation" Navigation="null" OriginId="org.eclipse.jdt.ui.CompilationUnitEditor" StartDate="2014-09-02 22:35:17.72 JST" StructureHandle="/IFM11/src/ifm11/main/TNActv.java" StructureKind="resource" NumEvents="51" CreationCount="465"/><InteractionEvent Delta="null" EndDate="2014-09-02 19:08:12.413 JST" Interest="2.1339998" Kind="propagation" Navigation="org.eclipse.mylyn.core.model.edges.containment" OriginId="org.eclipse.mylyn.core.model.interest.propagation" StartDate="2014-09-02 19:06:09.446 JST" StructureHandle="=IFM11/src&amp;lt;ifm11.main{LogActv.java" StructureKind="java" NumEvents="6" CreationCount="10"/><InteractionEvent Delta="null" EndDate="2014-09-02 19:07:37.485 JST" Interest="3.0" Kind="selection" Navigation="null" OriginId="org.eclipse.jdt.ui.CompilationUnitEditor" StartDate="2014-09-02 19:06:07.103 JST" StructureHandle="=IFM11/src&amp;lt;ifm11.main{LogActv.java" StructureKind="java" NumEvents="3" CreationCount="10"/><InteractionEvent Delta="null" EndDate="2014-09-02 22:50:32.320 JST" Interest="3.0" Kind="selection" Navigation="null" OriginId="org.eclipse.jdt.ui.CompilationUnitEditor" StartDate="2014-09-02 22:49:59.415 JST" StructureHandle="=IFM11/src&amp;lt;ifm11.listeners.button{BO_CL.java[BO_CL~case_ACTV_TN_IB_TOP" StructureKind="java" NumEvents="3" CreationCount="931"/><InteractionEvent Delta="null" EndDate="2014-09-02 22:50:33.682 JST" Interest="7.0" Kind="edit" Navigation="null" OriginId="org.eclipse.jdt.ui.CompilationUnitEditor" StartDate="2014-09-02 22:49:59.421 JST" StructureHandle="=IFM11/src&amp;lt;ifm11.listeners.button{BO_CL.java[BO_CL~case_ACTV_TN_IB_TOP" StructureKind="java" NumEvents="7" CreationCount="931"/><InteractionEvent Delta="null" EndDate="2014-09-02 22:32:49.364 JST" Interest="55.7" Kind="propagation" Navigation="org.eclipse.mylyn.core.model.edges.containment" OriginId="org.eclipse.mylyn.core.model.interest.propagation" StartDate="2014-09-02 19:23:59.320 JST" StructureHandle="=IFM11/src&amp;lt;ifm11.utils{DBUtils.java[DBUtils" StructureKind="java" NumEvents="77" CreationCount="298"/><InteractionEvent Delta="null" EndDate="2014-09-02 22:30:23.599 JST" Interest="1.0" Kind="selection" Navigation="null" OriginId="org.eclipse.jdt.ui.PackageExplorer" StartDate="2014-09-02 22:30:23.599 JST" StructureHandle="=IFM11/src&amp;lt;ifm11.utils{DBUtils.java[DBUtils" StructureKind="java"/><InteractionEvent Delta="null" EndDate="2014-09-02 23:04:03.55 JST" Interest="8.0" Kind="selection" Navigation="null" OriginId="org.eclipse.jdt.ui.CompilationUnitEditor" StartDate="2014-09-02 19:08:18.129 JST" StructureHandle="=IFM11/src&amp;lt;ifm11.main{ShowLogActv.java[ShowLogActv~_Setup_List" StructureKind="java" NumEvents="8" CreationCount="29"/><InteractionEvent Delta="null" EndDate="2014-09-02 23:04:05.784 JST" Interest="105.0" Kind="edit" Navigation="null" OriginId="org.eclipse.jdt.ui.CompilationUnitEditor" StartDate="2014-09-02 19:08:18.623 JST" StructureHandle="=IFM11/src&amp;lt;ifm11.main{ShowLogActv.java[ShowLogActv~_Setup_List" StructureKind="java" NumEvents="105" CreationCount="29"/><InteractionEvent Delta="null" EndDate="2014-09-02 22:50:04.879 JST" Interest="1.0" Kind="selection" Navigation="null" OriginId="org.eclipse.jdt.ui.CompilationUnitEditor" StartDate="2014-09-02 22:50:04.879 JST" StructureHandle="=IFM11/src&amp;lt;ifm11.listeners.button{BO_CL.java[BO_CL~BO_CL~QActivity;" StructureKind="java"/><InteractionEvent Delta="null" EndDate="2014-09-02 22:50:04.892 JST" Interest="2.0" Kind="edit" Navigation="null" OriginId="org.eclipse.jdt.ui.CompilationUnitEditor" StartDate="2014-09-02 22:50:04.886 JST" StructureHandle="=IFM11/src&amp;lt;ifm11.listeners.button{BO_CL.java[BO_CL~BO_CL~QActivity;" StructureKind="java" NumEvents="2" CreationCount="934"/><InteractionEvent Delta="null" EndDate="2014-09-02 23:11:57.61 JST" Interest="764.0" Kind="propagation" Navigation="org.eclipse.mylyn.core.model.edges.containment" OriginId="org.eclipse.mylyn.core.model.interest.propagation" StartDate="2014-09-02 22:38:56.251 JST" StructureHandle="/IFM11/src/ifm11/listeners" StructureKind="resource" NumEvents="764" CreationCount="581"/><InteractionEvent Delta="null" EndDate="2014-09-02 22:37:14.566 JST" Interest="160.0" Kind="propagation" Navigation="null" OriginId="org.eclipse.jdt.ui.CompilationUnitEditor" StartDate="2014-09-02 19:16:53.535 JST" StructureHandle="/IFM11/src/ifm11/tasks" StructureKind="resource" NumEvents="160" CreationCount="158"/><InteractionEvent Delta="null" EndDate="2014-09-02 23:03:16.944 JST" Interest="125.722" Kind="propagation" Navigation="org.eclipse.mylyn.core.model.edges.containment" OriginId="org.eclipse.mylyn.core.model.interest.propagation" StartDate="2014-09-02 19:09:23.328 JST" StructureHandle="=IFM11/src&amp;lt;ifm11.utils" StructureKind="java" NumEvents="186" CreationCount="39"/><InteractionEvent Delta="null" EndDate="2014-09-02 22:41:29.882 JST" Interest="1.0" Kind="selection" Navigation="null" OriginId="org.eclipse.jdt.ui.PackageExplorer" StartDate="2014-09-02 22:41:29.882 JST" StructureHandle="=IFM11/src&amp;lt;ifm11.utils" StructureKind="java"/><InteractionEvent Delta="null" EndDate="2014-09-02 19:25:03.72 JST" Interest="1.0" Kind="selection" Navigation="null" OriginId="org.eclipse.jdt.ui.CompilationUnitEditor" StartDate="2014-09-02 19:25:03.72 JST" StructureHandle="=IFM11/src&amp;lt;ifm11.utils{DBUtils.java[DBUtils~update_TI__All~QActivity;~QTI;" StructureKind="java"/><InteractionEvent Delta="null" EndDate="2014-09-02 19:23:40.857 JST" Interest="4.0" Kind="selection" Navigation="null" OriginId="org.eclipse.ui.views.ContentOutline" StartDate="2014-09-02 19:10:08.63 JST" StructureHandle="=IFM11/src&amp;lt;ifm11.utils{Methods.java[Methods~get_LogLines~QActivity;~QString;" StructureKind="java" NumEvents="4" CreationCount="58"/><InteractionEvent Delta="null" EndDate="2014-09-02 19:10:32.779 JST" Interest="10.0" Kind="edit" Navigation="null" OriginId="org.eclipse.jdt.ui.CompilationUnitEditor" StartDate="2014-09-02 19:10:10.361 JST" StructureHandle="=IFM11/src&amp;lt;ifm11.utils{Methods.java[Methods~get_LogLines~QActivity;~QString;" StructureKind="java" NumEvents="10" CreationCount="58"/><InteractionEvent Delta="null" EndDate="2014-09-02 23:03:16.943 JST" Interest="103.273994" Kind="propagation" Navigation="org.eclipse.mylyn.core.model.edges.containment" OriginId="org.eclipse.mylyn.core.model.interest.propagation" StartDate="2014-09-02 19:09:29.943 JST" StructureHandle="=IFM11/src&amp;lt;ifm11.utils{Methods.java" StructureKind="java" NumEvents="154" CreationCount="234"/><InteractionEvent Delta="null" EndDate="2014-09-02 23:02:39.606 JST" Interest="16.0" Kind="selection" Navigation="null" OriginId="org.eclipse.jdt.ui.CompilationUnitEditor" StartDate="2014-09-02 19:09:23.327 JST" StructureHandle="=IFM11/src&amp;lt;ifm11.utils{Methods.java" StructureKind="java" NumEvents="16" CreationCount="234"/><InteractionEvent Delta="null" EndDate="2014-09-02 22:52:47.687 JST" Interest="3.433" Kind="manipulation" Navigation="null" OriginId="org.eclipse.mylyn.core.model.interest.decay.correction" StartDate="2014-09-02 22:52:47.687 JST" StructureHandle="=IFM11/src&amp;lt;ifm11.utils{Methods.java" StructureKind="java"/><InteractionEvent Delta="null" EndDate="2014-09-02 19:09:24.346 JST" Interest="1.0" Kind="edit" Navigation="null" OriginId="org.eclipse.jdt.ui.CompilationUnitEditor" StartDate="2014-09-02 19:09:24.346 JST" StructureHandle="=IFM11/src&amp;lt;ifm11.utils{Methods.java" StructureKind="java"/><InteractionEvent Delta="null" EndDate="2014-09-02 19:10:07.203 JST" Interest="1.0" Kind="propagation" Navigation="org.eclipse.mylyn.core.model.edges.containment" OriginId="org.eclipse.mylyn.core.model.interest.propagation" StartDate="2014-09-02 19:10:07.203 JST" StructureHandle="=IFM11/src&amp;lt;ifm11.utils{Methods.java#" StructureKind="java"/><InteractionEvent Delta="null" EndDate="2014-09-02 19:23:42.983 JST" Interest="1.0" Kind="selection" Navigation="null" OriginId="org.eclipse.ui.views.ContentOutline" StartDate="2014-09-02 19:23:42.983 JST" StructureHandle="=IFM11/src&amp;lt;ifm11.utils{Methods.java[Methods~delete_TI~QActivity;~QDialog;~QDialog;~QTI;" StructureKind="java"/><InteractionEvent Delta="null" EndDate="2014-09-02 19:23:52.954 JST" Interest="6.0" Kind="edit" Navigation="null" OriginId="org.eclipse.jdt.ui.CompilationUnitEditor" StartDate="2014-09-02 19:23:45.123 JST" StructureHandle="=IFM11/src&amp;lt;ifm11.utils{Methods.java[Methods~delete_TI~QActivity;~QDialog;~QDialog;~QTI;" StructureKind="java" NumEvents="6" CreationCount="290"/><InteractionEvent Delta="null" EndDate="2014-09-02 22:46:06.784 JST" Interest="1.0" Kind="selection" Navigation="null" OriginId="org.eclipse.jdt.ui.CompilationUnitEditor" StartDate="2014-09-02 22:46:06.784 JST" StructureHandle="=IFM11/src&amp;lt;ifm11.main{TNActv.java[TNActv~_Setup_Options" StructureKind="java"/><InteractionEvent Delta="null" EndDate="2014-09-02 22:46:07.412 JST" Interest="1.0" Kind="edit" Navigation="null" OriginId="org.eclipse.jdt.ui.CompilationUnitEditor" StartDate="2014-09-02 22:46:07.412 JST" StructureHandle="=IFM11/src&amp;lt;ifm11.main{TNActv.java[TNActv~_Setup_Options" StructureKind="java"/><InteractionEvent Delta="null" EndDate="2014-09-02 22:48:00.150 JST" Interest="6.335" Kind="propagation" Navigation="org.eclipse.mylyn.core.model.edges.containment" OriginId="org.eclipse.mylyn.core.model.interest.propagation" StartDate="2014-09-02 19:06:23.522 JST" StructureHandle="/IFM11/res" StructureKind="resource" NumEvents="8" CreationCount="14"/><InteractionEvent Delta="null" EndDate="2014-09-02 22:42:13.883 JST" Interest="1.0" Kind="selection" Navigation="null" OriginId="org.eclipse.jdt.ui.PackageExplorer" StartDate="2014-09-02 22:42:13.883 JST" StructureHandle="/IFM11/res" StructureKind="resource"/><InteractionEvent Delta="null" EndDate="2014-09-02 22:42:13.883 JST" Interest="8.996" Kind="manipulation" Navigation="null" OriginId="org.eclipse.mylyn.core.model.interest.decay.correction" StartDate="2014-09-02 22:42:13.883 JST" StructureHandle="/IFM11/res" StructureKind="resource"/><InteractionEvent Delta="null" EndDate="2014-09-02 22:30:37.545 JST" Interest="1.0" Kind="selection" Navigation="null" OriginId="org.eclipse.jdt.ui.PackageExplorer" StartDate="2014-09-02 22:30:37.545 JST" StructureHandle="=IFM11/src&amp;lt;ifm11.utils{CONS.java" StructureKind="java"/><InteractionEvent Delta="null" EndDate="2014-09-02 22:32:59.961 JST" Interest="64.07199" Kind="propagation" Navigation="org.eclipse.mylyn.core.model.edges.containment" OriginId="org.eclipse.mylyn.core.model.interest.propagation" StartDate="2014-09-02 19:17:00.450 JST" StructureHandle="=IFM11/src&amp;lt;ifm11.tasks{Task_FTP.java" StructureKind="java" NumEvents="95" CreationCount="248"/><InteractionEvent Delta="null" EndDate="2014-09-02 22:37:14.565 JST" Interest="10.0" Kind="selection" Navigation="null" OriginId="org.eclipse.jdt.ui.CompilationUnitEditor" StartDate="2014-09-02 19:16:53.534 JST" StructureHandle="=IFM11/src&amp;lt;ifm11.tasks{Task_FTP.java" StructureKind="java" NumEvents="10" CreationCount="248"/><InteractionEvent Delta="null" EndDate="2014-09-02 22:30:43.590 JST" Interest="3.0" Kind="edit" Navigation="null" OriginId="org.eclipse.jdt.ui.CompilationUnitEditor" StartDate="2014-09-02 19:16:53.967 JST" StructureHandle="=IFM11/src&amp;lt;ifm11.tasks{Task_FTP.java" StructureKind="java" NumEvents="3" CreationCount="248"/><InteractionEvent Delta="null" EndDate="2014-09-02 19:22:38.160 JST" Interest="3.0" Kind="selection" Navigation="null" OriginId="org.eclipse.jdt.ui.CompilationUnitEditor" StartDate="2014-09-02 19:16:31.533 JST" StructureHandle="=IFM11/src&amp;lt;ifm11.main{MainActv.java[MainActv~onCreate~QBundle;" StructureKind="java" NumEvents="3" CreationCount="152"/><InteractionEvent Delta="null" EndDate="2014-09-02 19:18:26.336 JST" Interest="9.0" Kind="edit" Navigation="null" OriginId="org.eclipse.jdt.ui.CompilationUnitEditor" StartDate="2014-09-02 19:16:32.967 JST" StructureHandle="=IFM11/src&amp;lt;ifm11.main{MainActv.java[MainActv~onCreate~QBundle;" StructureKind="java" NumEvents="9" CreationCount="152"/><InteractionEvent Delta="null" EndDate="2014-09-02 19:10:00.419 JST" Interest="2.0" Kind="selection" Navigation="null" OriginId="org.eclipse.jdt.ui.CompilationUnitEditor" StartDate="2014-09-02 19:09:28.818 JST" StructureHandle="=IFM11/src&amp;lt;ifm11.utils{Methods.java[Methods~write_Log~QActivity;~QString;~QString;~I" StructureKind="java" NumEvents="2" CreationCount="44"/><InteractionEvent Delta="null" EndDate="2014-09-02 19:09:55.932 JST" Interest="7.0" Kind="edit" Navigation="null" OriginId="org.eclipse.jdt.ui.CompilationUnitEditor" StartDate="2014-09-02 19:09:29.338 JST" StructureHandle="=IFM11/src&amp;lt;ifm11.utils{Methods.java[Methods~write_Log~QActivity;~QString;~QString;~I" StructureKind="java" NumEvents="7" CreationCount="44"/><InteractionEvent Delta="null" EndDate="2014-09-02 23:11:57.59 JST" Interest="107.142" Kind="propagation" Navigation="org.eclipse.mylyn.core.model.edges.containment" OriginId="org.eclipse.mylyn.core.model.interest.propagation" StartDate="2014-09-02 22:48:12.493 JST" StructureHandle="=IFM11/src&amp;lt;ifm11.listeners.button{BO_CL.java" StructureKind="java" NumEvents="151" CreationCount="860"/><InteractionEvent Delta="null" EndDate="2014-09-02 23:08:52.128 JST" Interest="18.0" Kind="selection" Navigation="null" OriginId="org.eclipse.jdt.ui.CompilationUnitEditor" StartDate="2014-09-02 22:48:05.579 JST" StructureHandle="=IFM11/src&amp;lt;ifm11.listeners.button{BO_CL.java" StructureKind="java" NumEvents="18" CreationCount="860"/><InteractionEvent Delta="null" EndDate="2014-09-02 22:50:10.567 JST" Interest="6.751001" Kind="propagation" Navigation="org.eclipse.mylyn.core.model.edges.containment" OriginId="org.eclipse.mylyn.core.model.interest.propagation" StartDate="2014-09-02 22:35:23.595 JST" StructureHandle="=IFM11/src&amp;lt;ifm11.main{TNActv.java" StructureKind="java" NumEvents="14" CreationCount="465"/><InteractionEvent Delta="null" EndDate="2014-09-02 23:11:57.727 JST" Interest="22.0" Kind="selection" Navigation="null" OriginId="org.eclipse.jdt.ui.CompilationUnitEditor" StartDate="2014-09-02 22:35:17.71 JST" StructureHandle="=IFM11/src&amp;lt;ifm11.main{TNActv.java" StructureKind="java" NumEvents="22" CreationCount="465"/><InteractionEvent Delta="null" EndDate="2014-09-02 19:07:10.203 JST" Interest="2.0" Kind="selection" Navigation="null" OriginId="org.eclipse.jdt.ui.PackageExplorer" StartDate="2014-09-02 19:06:50.561 JST" StructureHandle="/IFM11/res/layout/actv_showlog.xml" StructureKind="resource" NumEvents="2" CreationCount="17"/><InteractionEvent Delta="null" EndDate="2014-09-02 19:06:50.683 JST" Interest="1.0" Kind="edit" Navigation="null" OriginId="com.android.ide.eclipse.editors.CommonXmlEditor" StartDate="2014-09-02 19:06:50.683 JST" StructureHandle="/IFM11/res/layout/actv_showlog.xml" StructureKind="resource"/><InteractionEvent Delta="null" EndDate="2014-09-02 23:10:23.619 JST" Interest="11.0" Kind="prediction" Navigation="null" OriginId="org.eclipse.mylyn.resources.ui.interest.updater" StartDate="2014-09-02 19:07:47.600 JST" StructureHandle="/IFM11/bin/classes.dex" StructureKind="resource" NumEvents="11" CreationCount="22"/><InteractionEvent Delta="null" EndDate="2014-09-02 22:37:27.976 JST" Interest="2.0" Kind="selection" Navigation="null" OriginId="org.eclipse.jdt.ui.CompilationUnitEditor" StartDate="2014-09-02 22:37:23.857 JST" StructureHandle="=IFM11/src&amp;lt;ifm11.utils{Tags.java[Tags[ButtonTags^ACTV_SHOWLOG_IB_BOTTOM" StructureKind="java" NumEvents="2" CreationCount="535"/><InteractionEvent Delta="null" EndDate="2014-09-02 23:11:57.61 JST" Interest="764.0" Kind="propagation" Navigation="null" OriginId="org.eclipse.jdt.ui.CompilationUnitEditor" StartDate="2014-09-02 22:38:56.251 JST" StructureHandle="/IFM11/src/ifm11/listeners/button" StructureKind="resource" NumEvents="764" CreationCount="581"/><InteractionEvent Delta="null" EndDate="2014-09-02 22:47:17.928 JST" Interest="100.216995" Kind="propagation" Navigation="org.eclipse.mylyn.core.model.edges.containment" OriginId="org.eclipse.mylyn.core.model.interest.propagation" StartDate="2014-09-02 22:38:57.98 JST" StructureHandle="=IFM11/src&amp;lt;ifm11.listeners.button{BO_TL.java[BO_TL" StructureKind="java" NumEvents="133" CreationCount="582"/><InteractionEvent Delta="null" EndDate="2014-09-02 23:11:58.113 JST" Interest="84.20901" Kind="propagation" Navigation="org.eclipse.mylyn.core.model.edges.containment" OriginId="org.eclipse.mylyn.core.model.interest.propagation" StartDate="2014-09-02 19:05:56.990 JST" StructureHandle="=IFM11/src&amp;lt;ifm11.main{ShowLogActv.java" StructureKind="java" NumEvents="129" CreationCount="4"/><InteractionEvent Delta="null" EndDate="2014-09-02 23:11:57.922 JST" Interest="50.0" Kind="selection" Navigation="null" OriginId="org.eclipse.jdt.ui.CompilationUnitEditor" StartDate="2014-09-02 19:05:45.932 JST" StructureHandle="=IFM11/src&amp;lt;ifm11.main{ShowLogActv.java" StructureKind="java" NumEvents="50" CreationCount="4"/><InteractionEvent Delta="null" EndDate="2014-09-02 22:30:19.857 JST" Interest="2.0" Kind="selection" Navigation="null" OriginId="org.eclipse.ui.views.ResourceNavigator" StartDate="2014-09-02 19:05:35.242 JST" StructureHandle="=TA2" StructureKind="java" NumEvents="2" CreationCount="280"/><InteractionEvent Delta="null" EndDate="2014-09-02 22:37:32.639 JST" Interest="2.3060002" Kind="propagation" Navigation="org.eclipse.mylyn.core.model.edges.containment" OriginId="org.eclipse.mylyn.core.model.interest.propagation" StartDate="2014-09-02 22:37:05.250 JST" StructureHandle="=IFM11/src&amp;lt;ifm11.utils{Tags.java[Tags[ButtonTags" StructureKind="java" NumEvents="5" CreationCount="522"/><InteractionEvent Delta="null" EndDate="2014-09-02 22:33:03.243 JST" Interest="35.0" Kind="propagation" Navigation="null" OriginId="org.eclipse.jdt.ui.PackageExplorer" StartDate="2014-09-02 19:22:45.704 JST" StructureHandle="/IFM11/src/ifm11/tasks/Task_RefreshDB.java" StructureKind="resource" NumEvents="35" CreationCount="253"/><InteractionEvent Delta="null" EndDate="2014-09-02 22:32:59.960 JST" Interest="72.65099" Kind="propagation" Navigation="org.eclipse.mylyn.core.model.edges.containment" OriginId="org.eclipse.mylyn.core.model.interest.propagation" StartDate="2014-09-02 19:17:00.447 JST" StructureHandle="=IFM11/src&amp;lt;ifm11.tasks{Task_FTP.java[Task_FTP" StructureKind="java" NumEvents="105" CreationCount="161"/><InteractionEvent Delta="null" EndDate="2014-09-02 22:30:48.926 JST" Interest="3.0" Kind="selection" Navigation="null" OriginId="org.eclipse.jdt.ui.CompilationUnitEditor" StartDate="2014-09-02 19:16:55.715 JST" StructureHandle="=IFM11/src&amp;lt;ifm11.tasks{Task_FTP.java[Task_FTP" StructureKind="java" NumEvents="3" CreationCount="161"/><InteractionEvent Delta="null" EndDate="2014-09-02 22:37:05.251 JST" Interest="0.01700002" Kind="propagation" Navigation="org.eclipse.mylyn.core.model.edges.containment" OriginId="org.eclipse.mylyn.core.model.interest.propagation" StartDate="2014-09-02 22:37:05.251 JST" StructureHandle="=IFM11/src&amp;lt;ifm11.utils{Tags.java" StructureKind="java"/><InteractionEvent Delta="null" EndDate="2014-09-02 22:39:05.619 JST" Interest="6.0" Kind="selection" Navigation="null" OriginId="org.eclipse.jdt.ui.CompilationUnitEditor" StartDate="2014-09-02 22:37:04.487 JST" StructureHandle="=IFM11/src&amp;lt;ifm11.utils{Tags.java" StructureKind="java" NumEvents="6" CreationCount="521"/><InteractionEvent Delta="null" EndDate="2014-09-02 23:11:58.113 JST" Interest="466.017" Kind="propagation" Navigation="null" OriginId="org.eclipse.jdt.ui.CompilationUnitEditor" StartDate="2014-09-02 19:05:39.960 JST" StructureHandle="/IFM11/src/ifm11/main" StructureKind="resource" NumEvents="467" CreationCount="3"/><InteractionEvent Delta="null" EndDate="2014-09-02 22:31:58.27 JST" Interest="7.0" Kind="selection" Navigation="null" OriginId="org.eclipse.jdt.ui.CompilationUnitEditor" StartDate="2014-09-02 19:23:59.320 JST" StructureHandle="=IFM11/src&amp;lt;ifm11.utils{DBUtils.java[DBUtils~delete_TI~QActivity;~QTI;~Z" StructureKind="java" NumEvents="7" CreationCount="298"/><InteractionEvent Delta="null" EndDate="2014-09-02 22:32:49.363 JST" Interest="71.0" Kind="edit" Navigation="null" OriginId="org.eclipse.jdt.ui.CompilationUnitEditor" StartDate="2014-09-02 19:24:08.358 JST" StructureHandle="=IFM11/src&amp;lt;ifm11.utils{DBUtils.java[DBUtils~delete_TI~QActivity;~QTI;~Z" StructureKind="java" NumEvents="71" CreationCount="298"/><InteractionEvent Delta="null" EndDate="2014-09-02 22:30:22.773 JST" Interest="1.0" Kind="selection" Navigation="null" OriginId="org.eclipse.jdt.ui.PackageExplorer" StartDate="2014-09-02 22:30:22.773 JST" StructureHandle="=IFM11/src&amp;lt;ifm11.utils{DBUtils.java[DBUtils~_update_TI__Get_ContentValues_General~QActivity;~QTI;~QString;~QString;" StructureKind="java"/><InteractionEvent Delta="null" EndDate="2014-09-02 22:37:33.359 JST" Interest="1.0" Kind="selection" Navigation="null" OriginId="org.eclipse.jdt.ui.CompilationUnitEditor" StartDate="2014-09-02 22:37:33.359 JST" StructureHandle="=IFM11/src&amp;lt;ifm11.utils{Tags.java[Tags[ButtonTags^ACTV_SHOWLOG_IB_UP" StructureKind="java"/><InteractionEvent Delta="null" EndDate="2014-09-02 19:09:02.829 JST" Interest="2.0" Kind="selection" Navigation="null" OriginId="org.eclipse.jdt.ui.PackageExplorer" StartDate="2014-09-02 19:07:16.873 JST" StructureHandle="/IFM11/res/layout/list_row_logitem.xml" StructureKind="resource" NumEvents="2" CreationCount="20"/><InteractionEvent Delta="null" EndDate="2014-09-02 23:09:52.45 JST" Interest="4.0" Kind="selection" Navigation="null" OriginId="org.eclipse.jdt.ui.CompilationUnitEditor" StartDate="2014-09-02 23:06:56.713 JST" StructureHandle="=IFM11/src&amp;lt;ifm11.listeners.button{BO_CL.java[BO_CL~case_ACTV_SHOWLOG_IB_DOWN" StructureKind="java" NumEvents="4" CreationCount="1488"/><InteractionEvent Delta="null" EndDate="2014-09-02 23:09:55.754 JST" Interest="90.0" Kind="edit" Navigation="null" OriginId="org.eclipse.jdt.ui.CompilationUnitEditor" StartDate="2014-09-02 23:06:56.717 JST" StructureHandle="=IFM11/src&amp;lt;ifm11.listeners.button{BO_CL.java[BO_CL~case_ACTV_SHOWLOG_IB_DOWN" StructureKind="java" NumEvents="90" CreationCount="1488"/><InteractionEvent Delta="null" EndDate="2014-09-02 23:05:01.267 JST" Interest="94.190994" Kind="propagation" Navigation="org.eclipse.mylyn.core.model.edges.containment" OriginId="org.eclipse.mylyn.core.model.interest.propagation" StartDate="2014-09-02 22:48:11.431 JST" StructureHandle="=IFM11/src&amp;lt;ifm11.listeners.button{BO_CL.java[BO_CL" StructureKind="java" NumEvents="126" CreationCount="863"/><InteractionEvent Delta="null" EndDate="2014-09-02 23:11:57.50 JST" Interest="12.0" Kind="selection" Navigation="null" OriginId="org.eclipse.jdt.ui.CompilationUnitEditor" StartDate="2014-09-02 22:48:56.895 JST" StructureHandle="=IFM11/src&amp;lt;ifm11.listeners.button{BO_CL.java[BO_CL" StructureKind="java" NumEvents="12" CreationCount="863"/><InteractionEvent Delta="null" EndDate="2014-09-02 23:11:57.58 JST" Interest="27.0" Kind="edit" Navigation="null" OriginId="org.eclipse.jdt.ui.CompilationUnitEditor" StartDate="2014-09-02 22:48:56.898 JST" StructureHandle="=IFM11/src&amp;lt;ifm11.listeners.button{BO_CL.java[BO_CL" StructureKind="java" NumEvents="27" CreationCount="863"/><InteractionEvent Delta="null" EndDate="2014-09-02 19:10:07.202 JST" Interest="1.0" Kind="selection" Navigation="null" OriginId="org.eclipse.jdt.ui.CompilationUnitEditor" StartDate="2014-09-02 19:10:07.202 JST" StructureHandle="=IFM11/src&amp;lt;ifm11.utils{Methods.java#java.io.BufferedReader" StructureKind="java"/><InteractionEvent Delta="null" EndDate="2014-09-02 22:30:19.857 JST" Interest="2.0" Kind="propagation" Navigation="null" OriginId="org.eclipse.ui.views.ResourceNavigator" StartDate="2014-09-02 19:05:35.242 JST" StructureHandle="/TA2" StructureKind="resource" NumEvents="2" CreationCount="296"/><InteractionEvent Delta="null" EndDate="2014-09-02 19:06:09.445 JST" Interest="1.0" Kind="selection" Navigation="null" OriginId="org.eclipse.ui.views.ContentOutline" StartDate="2014-09-02 19:06:09.445 JST" StructureHandle="=IFM11/src&amp;lt;ifm11.main{LogActv.java%ifm11.main" StructureKind="java"/><InteractionEvent Delta="null" EndDate="2014-09-02 23:03:16.943 JST" Interest="203.0" Kind="propagation" Navigation="null" OriginId="org.eclipse.jdt.ui.CompilationUnitEditor" StartDate="2014-09-02 19:09:23.327 JST" StructureHandle="/IFM11/src/ifm11/utils/Methods.java" StructureKind="resource" NumEvents="203" CreationCount="39"/><InteractionEvent Delta="null" EndDate="2014-09-02 22:38:57.97 JST" Interest="1.0" Kind="selection" Navigation="null" OriginId="org.eclipse.jdt.ui.CompilationUnitEditor" StartDate="2014-09-02 22:38:57.97 JST" StructureHandle="=IFM11/src&amp;lt;ifm11.listeners.button{BO_TL.java[BO_TL~BO_TL~QActivity;" StructureKind="java"/><InteractionEvent Delta="null" EndDate="2014-09-02 23:11:58.112 JST" Interest="40.0" Kind="selection" Navigation="null" OriginId="org.eclipse.jdt.ui.CompilationUnitEditor" StartDate="2014-09-02 22:35:42.210 JST" StructureHandle="=IFM11/src&amp;lt;ifm11.main{ShowLogActv.java[ShowLogActv~_Setup_SetListeners_Navigation" StructureKind="java" NumEvents="40" CreationCount="481"/><InteractionEvent Delta="null" EndDate="2014-09-02 23:08:49.951 JST" Interest="123.0" Kind="edit" Navigation="null" OriginId="org.eclipse.jdt.ui.CompilationUnitEditor" StartDate="2014-09-02 22:35:57.731 JST" StructureHandle="=IFM11/src&amp;lt;ifm11.main{ShowLogActv.java[ShowLogActv~_Setup_SetListeners_Navigation" StructureKind="java" NumEvents="123" CreationCount="481"/></InteractionHistory>