<?xml version="1.0" encoding="UTF-8"?><InteractionHistory Id="local-97" Version="1"><InteractionEvent Delta="null" EndDate="2014-09-23 16:43:14.728 JST" Interest="23.0" Kind="propagation" Navigation="null" OriginId="org.eclipse.jdt.ui.PackageExplorer" StartDate="2014-09-23 16:39:25.686 JST" StructureHandle="/SL3/src/sl3/listeners/button/BO_CL.java" StructureKind="resource" NumEvents="23" CreationCount="280"/><InteractionEvent Delta="null" EndDate="2014-09-23 16:37:59.925 JST" Interest="2.0" Kind="selection" Navigation="null" OriginId="org.eclipse.ui.views.ContentOutline" StartDate="2014-09-23 16:24:03.449 JST" StructureHandle="=SL3/src&amp;lt;sl3.listeners.dialog{DB_OCL.java[DB_OCL~_case_case_DLG_SAVE_TOBUY_LIST_BT_OK_execute~QSpinner;~QString;~QString;" StructureKind="java" NumEvents="2" CreationCount="88"/><InteractionEvent Delta="null" EndDate="2014-09-23 16:37:59.925 JST" Interest="2.009" Kind="manipulation" Navigation="null" OriginId="org.eclipse.mylyn.core.model.interest.decay.correction" StartDate="2014-09-23 16:37:59.925 JST" StructureHandle="=SL3/src&amp;lt;sl3.listeners.dialog{DB_OCL.java[DB_OCL~_case_case_DLG_SAVE_TOBUY_LIST_BT_OK_execute~QSpinner;~QString;~QString;" StructureKind="java"/><InteractionEvent Delta="null" EndDate="2014-09-23 16:27:57.36 JST" Interest="6.0" Kind="selection" Navigation="null" OriginId="org.eclipse.jdt.ui.CompilationUnitEditor" StartDate="2014-09-23 16:22:10.263 JST" StructureHandle="=SL3/src&amp;lt;sl3.utils{CONS.java[CONS[TabActv^adpItems_Found" StructureKind="java" NumEvents="6" CreationCount="41"/><InteractionEvent Delta="null" EndDate="2014-09-23 16:28:24.964 JST" Interest="1.0" Kind="edit" Navigation="null" OriginId="org.eclipse.jdt.ui.CompilationUnitEditor" StartDate="2014-09-23 16:28:24.964 JST" StructureHandle="=SL3/src&amp;lt;sl3.utils{CONS.java[CONS[TabActv^adpItems_Found" StructureKind="java"/><InteractionEvent Delta="null" EndDate="2014-09-23 16:40:30.52 JST" Interest="22.6" Kind="propagation" Navigation="org.eclipse.mylyn.core.model.edges.containment" OriginId="org.eclipse.mylyn.core.model.interest.propagation" StartDate="2014-09-23 16:32:04.215 JST" StructureHandle="=SL3/src&amp;lt;sl3.adapters{ItemListAdapter2.java[ItemListAdapter2" StructureKind="java" NumEvents="31" CreationCount="189"/><InteractionEvent Delta="null" EndDate="2014-09-23 16:32:02.106 JST" Interest="1.0" Kind="selection" Navigation="null" OriginId="org.eclipse.ui.views.ContentOutline" StartDate="2014-09-23 16:32:02.106 JST" StructureHandle="=SL3/src&amp;lt;sl3.adapters{ItemListAdapter2.java%sl3.adapters" StructureKind="java"/><InteractionEvent Delta="null" EndDate="2014-09-23 16:43:14.728 JST" Interest="311.017" Kind="propagation" Navigation="org.eclipse.mylyn.core.model.edges.containment" OriginId="org.eclipse.mylyn.core.model.interest.propagation" StartDate="2014-09-23 16:20:47.970 JST" StructureHandle="=SL3" StructureKind="resource" NumEvents="314" CreationCount="1"/><InteractionEvent Delta="null" EndDate="2014-09-23 16:40:22.821 JST" Interest="52.854" Kind="propagation" Navigation="org.eclipse.mylyn.core.model.edges.containment" OriginId="org.eclipse.mylyn.core.model.interest.propagation" StartDate="2014-09-23 16:20:47.970 JST" StructureHandle="=SL3/src" StructureKind="java" NumEvents="75" CreationCount="1"/><InteractionEvent Delta="null" EndDate="2014-09-23 16:38:01.951 JST" Interest="1.0" Kind="selection" Navigation="null" OriginId="org.eclipse.ui.views.ContentOutline" StartDate="2014-09-23 16:38:01.951 JST" StructureHandle="=SL3/src&amp;lt;sl3.listeners.dialog{DB_OCL.java[DB_OCL~case_dlg_edit_items_bt_ok" StructureKind="java"/><InteractionEvent Delta="null" EndDate="2014-09-23 16:38:07.534 JST" Interest="3.0" Kind="edit" Navigation="null" OriginId="org.eclipse.jdt.ui.CompilationUnitEditor" StartDate="2014-09-23 16:38:06.870 JST" StructureHandle="=SL3/src&amp;lt;sl3.listeners.dialog{DB_OCL.java[DB_OCL~case_dlg_edit_items_bt_ok" StructureKind="java" NumEvents="3" CreationCount="267"/><InteractionEvent Delta="null" EndDate="2014-09-23 16:40:29.599 JST" Interest="23.634" Kind="propagation" Navigation="org.eclipse.mylyn.core.model.edges.containment" OriginId="org.eclipse.mylyn.core.model.interest.propagation" StartDate="2014-09-23 16:32:00.494 JST" StructureHandle="=SL3/src&amp;lt;sl3.adapters" StructureKind="java" NumEvents="34" CreationCount="187"/><InteractionEvent Delta="null" EndDate="2014-09-23 16:29:59.842 JST" Interest="2.0" Kind="selection" Navigation="null" OriginId="org.eclipse.jdt.ui.CompilationUnitEditor" StartDate="2014-09-23 16:29:52.802 JST" StructureHandle="=SL3/src&amp;lt;sl3.utils{CONS.java[CONS[TabActv^tab_boughtItemIds" StructureKind="java" NumEvents="2" CreationCount="155"/><InteractionEvent Delta="null" EndDate="2014-09-23 16:40:28.922 JST" Interest="6.0" Kind="selection" Navigation="null" OriginId="org.eclipse.jdt.ui.CompilationUnitEditor" StartDate="2014-09-23 16:30:19.350 JST" StructureHandle="=SL3/src&amp;lt;sl3.listeners.list{LOI_CL.java[LOI_CL~tab_itemList~QAdapterView\&amp;lt;*&amp;gt;;~I" StructureKind="java" NumEvents="6" CreationCount="163"/><InteractionEvent Delta="null" EndDate="2014-09-23 16:40:21.199 JST" Interest="63.0" Kind="edit" Navigation="null" OriginId="org.eclipse.jdt.ui.CompilationUnitEditor" StartDate="2014-09-23 16:30:20.506 JST" StructureHandle="=SL3/src&amp;lt;sl3.listeners.list{LOI_CL.java[LOI_CL~tab_itemList~QAdapterView\&amp;lt;*&amp;gt;;~I" StructureKind="java" NumEvents="63" CreationCount="163"/><InteractionEvent Delta="null" EndDate="2014-09-23 16:40:22.820 JST" Interest="7.0" Kind="selection" Navigation="null" OriginId="org.eclipse.jdt.ui.CompilationUnitEditor" StartDate="2014-09-23 16:30:15.773 JST" StructureHandle="=SL3/src&amp;lt;sl3.listeners.list{LOI_CL.java" StructureKind="java" NumEvents="7" CreationCount="161"/><InteractionEvent Delta="null" EndDate="2014-09-23 16:40:21.201 JST" Interest="43.134" Kind="propagation" Navigation="org.eclipse.mylyn.core.model.edges.containment" OriginId="org.eclipse.mylyn.core.model.interest.propagation" StartDate="2014-09-23 16:30:17.678 JST" StructureHandle="=SL3/src&amp;lt;sl3.listeners.list{LOI_CL.java" StructureKind="java" NumEvents="65" CreationCount="161"/><InteractionEvent Delta="null" EndDate="2014-09-23 16:30:01.621 JST" Interest="1.0" Kind="selection" Navigation="null" OriginId="org.eclipse.jdt.ui.PackageExplorer" StartDate="2014-09-23 16:30:01.621 JST" StructureHandle="=SL3/src&amp;lt;sl3.listeners" StructureKind="java"/><InteractionEvent Delta="null" EndDate="2014-09-23 16:31:05.8 JST" Interest="1.0" Kind="selection" Navigation="null" OriginId="org.eclipse.jdt.ui.CompilationUnitEditor" StartDate="2014-09-23 16:31:05.8 JST" StructureHandle="=SL3/src&amp;lt;sl3.utils{Methods.java[Methods~_save_ItemIds__CheckedIds~QActivity;" StructureKind="java"/><InteractionEvent Delta="null" EndDate="2014-09-23 16:31:12.972 JST" Interest="2.0" Kind="edit" Navigation="null" OriginId="org.eclipse.jdt.ui.CompilationUnitEditor" StartDate="2014-09-23 16:31:08.753 JST" StructureHandle="=SL3/src&amp;lt;sl3.utils{Methods.java[Methods~_save_ItemIds__CheckedIds~QActivity;" StructureKind="java" NumEvents="2" CreationCount="172"/><InteractionEvent Delta="null" EndDate="2014-09-23 16:27:29.897 JST" Interest="14.617001" Kind="propagation" Navigation="org.eclipse.mylyn.core.model.edges.containment" OriginId="org.eclipse.mylyn.core.model.interest.propagation" StartDate="2014-09-23 16:21:43.406 JST" StructureHandle="=SL3/src&amp;lt;sl.main{TabActv.java[TabActv" StructureKind="java" NumEvents="19" CreationCount="27"/><InteractionEvent Delta="null" EndDate="2014-09-23 16:43:14.728 JST" Interest="23.0" Kind="propagation" Navigation="org.eclipse.mylyn.core.model.edges.containment" OriginId="org.eclipse.mylyn.core.model.interest.propagation" StartDate="2014-09-23 16:39:25.686 JST" StructureHandle="/SL3/src/sl3/listeners/button" StructureKind="resource" NumEvents="23" CreationCount="280"/><InteractionEvent Delta="null" EndDate="2014-09-23 16:21:03.538 JST" Interest="3.0" Kind="selection" Navigation="null" OriginId="org.eclipse.jdt.ui.CompilationUnitEditor" StartDate="2014-09-23 16:20:57.49 JST" StructureHandle="=SL3/src&amp;lt;sl3.utils{Methods.java[Methods~conv_ItemIdString_to_IdsList~QActivity;~QString;" StructureKind="java" NumEvents="3" CreationCount="10"/><InteractionEvent Delta="null" EndDate="2014-09-23 16:31:12.974 JST" Interest="95.017" Kind="propagation" Navigation="null" OriginId="org.eclipse.jdt.ui.CompilationUnitEditor" StartDate="2014-09-23 16:20:47.969 JST" StructureHandle="/SL3/src/sl3/utils" StructureKind="resource" NumEvents="96" CreationCount="1"/><InteractionEvent Delta="null" EndDate="2014-09-23 16:30:00.489 JST" Interest="7.7339997" Kind="propagation" Navigation="org.eclipse.mylyn.core.model.edges.containment" OriginId="org.eclipse.mylyn.core.model.interest.propagation" StartDate="2014-09-23 16:22:04.759 JST" StructureHandle="=SL3/src&amp;lt;sl3.utils{CONS.java[CONS" StructureKind="java" NumEvents="10" CreationCount="39"/><InteractionEvent Delta="null" EndDate="2014-09-23 16:31:01.555 JST" Interest="11.0" Kind="selection" Navigation="null" OriginId="org.eclipse.jdt.ui.CompilationUnitEditor" StartDate="2014-09-23 16:20:51.407 JST" StructureHandle="=SL3/src&amp;lt;sl3.utils{Methods.java" StructureKind="java" NumEvents="11" CreationCount="4"/><InteractionEvent Delta="null" EndDate="2014-09-23 16:26:25.759 JST" Interest="26.919" Kind="propagation" Navigation="org.eclipse.mylyn.core.model.edges.containment" OriginId="org.eclipse.mylyn.core.model.interest.propagation" StartDate="2014-09-23 16:20:52.793 JST" StructureHandle="=SL3/src&amp;lt;sl3.utils{Methods.java" StructureKind="java" NumEvents="42" CreationCount="4"/><InteractionEvent Delta="null" EndDate="2014-09-23 16:30:01.408 JST" Interest="21.0" Kind="propagation" Navigation="null" OriginId="org.eclipse.jdt.ui.CompilationUnitEditor" StartDate="2014-09-23 16:22:03.789 JST" StructureHandle="/SL3/src/sl3/utils/CONS.java" StructureKind="resource" NumEvents="21" CreationCount="38"/><InteractionEvent Delta="null" EndDate="2014-09-23 16:40:28.923 JST" Interest="78.0" Kind="propagation" Navigation="org.eclipse.mylyn.core.model.edges.containment" OriginId="org.eclipse.mylyn.core.model.interest.propagation" StartDate="2014-09-23 16:30:15.773 JST" StructureHandle="/SL3/src/sl3/listeners/list" StructureKind="resource" NumEvents="78" CreationCount="161"/><InteractionEvent Delta="null" EndDate="2014-09-23 16:38:01.952 JST" Interest="22.951" Kind="propagation" Navigation="org.eclipse.mylyn.core.model.edges.containment" OriginId="org.eclipse.mylyn.core.model.interest.propagation" StartDate="2014-09-23 16:24:01.215 JST" StructureHandle="=SL3/src&amp;lt;sl3.listeners.dialog" StructureKind="java" NumEvents="37" CreationCount="86"/><InteractionEvent Delta="null" EndDate="2014-09-23 16:27:29.924 JST" Interest="3.0" Kind="selection" Navigation="null" OriginId="org.eclipse.jdt.ui.CompilationUnitEditor" StartDate="2014-09-23 16:27:29.840 JST" StructureHandle="=SL3/src&amp;lt;sl.main{TabActv.java[TabActv~_Setup_Listeners" StructureKind="java" NumEvents="3" CreationCount="124"/><InteractionEvent Delta="null" EndDate="2014-09-23 16:27:32.803 JST" Interest="6.0" Kind="edit" Navigation="null" OriginId="org.eclipse.jdt.ui.CompilationUnitEditor" StartDate="2014-09-23 16:27:30.383 JST" StructureHandle="=SL3/src&amp;lt;sl.main{TabActv.java[TabActv~_Setup_Listeners" StructureKind="java" NumEvents="6" CreationCount="124"/><InteractionEvent Delta="null" EndDate="2014-09-23 16:30:00.489 JST" Interest="2.0" Kind="selection" Navigation="null" OriginId="org.eclipse.jdt.ui.CompilationUnitEditor" StartDate="2014-09-23 16:22:08.545 JST" StructureHandle="=SL3/src&amp;lt;sl3.utils{CONS.java[CONS[TabActv" StructureKind="java" NumEvents="2" CreationCount="39"/><InteractionEvent Delta="null" EndDate="2014-09-23 16:28:24.965 JST" Interest="5.7339997" Kind="propagation" Navigation="org.eclipse.mylyn.core.model.edges.containment" OriginId="org.eclipse.mylyn.core.model.interest.propagation" StartDate="2014-09-23 16:22:04.759 JST" StructureHandle="=SL3/src&amp;lt;sl3.utils{CONS.java[CONS[TabActv" StructureKind="java" NumEvents="7" CreationCount="39"/><InteractionEvent Delta="null" EndDate="2014-09-23 16:43:14.728 JST" Interest="12.768" Kind="propagation" Navigation="org.eclipse.mylyn.core.model.edges.containment" OriginId="org.eclipse.mylyn.core.model.interest.propagation" StartDate="2014-09-23 16:39:25.686 JST" StructureHandle="=SL3/src&amp;lt;sl3.listeners.button" StructureKind="java" NumEvents="20" CreationCount="280"/><InteractionEvent Delta="null" EndDate="2014-09-23 16:38:07.535 JST" Interest="42.0" Kind="propagation" Navigation="null" OriginId="org.eclipse.jdt.ui.CompilationUnitEditor" StartDate="2014-09-23 16:24:01.215 JST" StructureHandle="/SL3/src/sl3/listeners/dialog/DB_OCL.java" StructureKind="resource" NumEvents="42" CreationCount="86"/><InteractionEvent Delta="null" EndDate="2014-09-23 16:43:14.728 JST" Interest="311.017" Kind="propagation" Navigation="org.eclipse.mylyn.core.model.edges.containment" OriginId="org.eclipse.mylyn.core.model.interest.propagation" StartDate="2014-09-23 16:20:47.970 JST" StructureHandle="/" StructureKind="resource" NumEvents="314" CreationCount="1"/><InteractionEvent Delta="null" EndDate="2014-09-23 16:22:04.758 JST" Interest="1.0" Kind="selection" Navigation="null" OriginId="org.eclipse.jdt.ui.CompilationUnitEditor" StartDate="2014-09-23 16:22:04.758 JST" StructureHandle="=SL3/src&amp;lt;sl3.utils{CONS.java[CONS[TabActv^adpItems" StructureKind="java"/><InteractionEvent Delta="null" EndDate="2014-09-23 16:30:01.407 JST" Interest="2.0" Kind="selection" Navigation="null" OriginId="org.eclipse.jdt.ui.CompilationUnitEditor" StartDate="2014-09-23 16:28:25.579 JST" StructureHandle="=SL3/src&amp;lt;sl3.utils{CONS.java[CONS[TabActv^tabID_Current" StructureKind="java" NumEvents="2" CreationCount="152"/><InteractionEvent Delta="null" EndDate="2014-09-23 16:29:51.674 JST" Interest="2.0" Kind="edit" Navigation="null" OriginId="org.eclipse.jdt.ui.CompilationUnitEditor" StartDate="2014-09-23 16:29:50.932 JST" StructureHandle="=SL3/src&amp;lt;sl3.utils{CONS.java[CONS[TabActv^tabID_Current" StructureKind="java" NumEvents="2" CreationCount="152"/><InteractionEvent Delta="null" EndDate="2014-09-23 16:27:29.896 JST" Interest="9.0" Kind="selection" Navigation="null" OriginId="org.eclipse.jdt.ui.CompilationUnitEditor" StartDate="2014-09-23 16:21:46.526 JST" StructureHandle="=SL3/src&amp;lt;sl.main{TabActv.java[TabActv~_Setup_ItemListView" StructureKind="java" NumEvents="9" CreationCount="28"/><InteractionEvent Delta="null" EndDate="2014-09-23 16:22:19.738 JST" Interest="8.0" Kind="edit" Navigation="null" OriginId="org.eclipse.jdt.ui.CompilationUnitEditor" StartDate="2014-09-23 16:21:47.118 JST" StructureHandle="=SL3/src&amp;lt;sl.main{TabActv.java[TabActv~_Setup_ItemListView" StructureKind="java" NumEvents="8" CreationCount="28"/><InteractionEvent Delta="null" EndDate="2014-09-23 16:40:46.418 JST" Interest="4.0" Kind="propagation" Navigation="org.eclipse.mylyn.core.model.edges.containment" OriginId="org.eclipse.mylyn.core.model.interest.propagation" StartDate="2014-09-23 16:24:44.723 JST" StructureHandle="/SL3/bin" StructureKind="resource" NumEvents="3" CreationCount="103"/><InteractionEvent Delta="null" EndDate="2014-09-23 16:31:01.653 JST" Interest="7.0" Kind="selection" Navigation="null" OriginId="org.eclipse.jdt.ui.CompilationUnitEditor" StartDate="2014-09-23 16:21:03.439 JST" StructureHandle="=SL3/src&amp;lt;sl3.utils{Methods.java[Methods~search_Items~QActivity;~QDialog;~QString;~QString;" StructureKind="java" NumEvents="7" CreationCount="11"/><InteractionEvent Delta="null" EndDate="2014-09-23 16:26:25.758 JST" Interest="44.0" Kind="edit" Navigation="null" OriginId="org.eclipse.jdt.ui.CompilationUnitEditor" StartDate="2014-09-23 16:21:04.32 JST" StructureHandle="=SL3/src&amp;lt;sl3.utils{Methods.java[Methods~search_Items~QActivity;~QDialog;~QString;~QString;" StructureKind="java" NumEvents="44" CreationCount="11"/><InteractionEvent Delta="null" EndDate="2014-09-23 16:40:22.820 JST" Interest="50.134" Kind="propagation" Navigation="org.eclipse.mylyn.core.model.edges.containment" OriginId="org.eclipse.mylyn.core.model.interest.propagation" StartDate="2014-09-23 16:30:15.774 JST" StructureHandle="=SL3/src&amp;lt;sl3.listeners.list" StructureKind="java" NumEvents="72" CreationCount="161"/><InteractionEvent Delta="null" EndDate="2014-09-23 16:27:56.744 JST" Interest="5.0" Kind="selection" Navigation="null" OriginId="org.eclipse.jdt.ui.CompilationUnitEditor" StartDate="2014-09-23 16:22:03.788 JST" StructureHandle="=SL3/src&amp;lt;sl3.utils{CONS.java" StructureKind="java" NumEvents="5" CreationCount="38"/><InteractionEvent Delta="null" EndDate="2014-09-23 16:30:00.490 JST" Interest="2.7509995" Kind="propagation" Navigation="org.eclipse.mylyn.core.model.edges.containment" OriginId="org.eclipse.mylyn.core.model.interest.propagation" StartDate="2014-09-23 16:22:04.760 JST" StructureHandle="=SL3/src&amp;lt;sl3.utils{CONS.java" StructureKind="java" NumEvents="6" CreationCount="38"/><InteractionEvent Delta="null" EndDate="2014-09-23 16:39:32.500 JST" Interest="3.0" Kind="selection" Navigation="null" OriginId="org.eclipse.jdt.ui.CompilationUnitEditor" StartDate="2014-09-23 16:39:30.457 JST" StructureHandle="=SL3/src&amp;lt;sl3.listeners.button{BO_CL.java[BO_CL~case_register~QView;" StructureKind="java" NumEvents="3" CreationCount="283"/><InteractionEvent Delta="null" EndDate="2014-09-23 16:20:56.242 JST" Interest="2.0" Kind="selection" Navigation="null" OriginId="org.eclipse.ui.views.ContentOutline" StartDate="2014-09-23 16:20:52.793 JST" StructureHandle="=SL3/src&amp;lt;sl3.utils{Methods.java[Methods" StructureKind="java" NumEvents="2" CreationCount="5"/><InteractionEvent Delta="null" EndDate="2014-09-23 16:31:01.654 JST" Interest="35.202" Kind="propagation" Navigation="org.eclipse.mylyn.core.model.edges.containment" OriginId="org.eclipse.mylyn.core.model.interest.propagation" StartDate="2014-09-23 16:21:03.539 JST" StructureHandle="=SL3/src&amp;lt;sl3.utils{Methods.java[Methods" StructureKind="java" NumEvents="50" CreationCount="5"/><InteractionEvent Delta="null" EndDate="2014-09-23 16:20:53.563 JST" Interest="1.0" Kind="edit" Navigation="null" OriginId="org.eclipse.jdt.ui.CompilationUnitEditor" StartDate="2014-09-23 16:20:53.563 JST" StructureHandle="=SL3/src&amp;lt;sl3.utils{Methods.java[Methods" StructureKind="java"/><InteractionEvent Delta="null" EndDate="2014-09-23 16:40:29.599 JST" Interest="4.0" Kind="selection" Navigation="null" OriginId="org.eclipse.jdt.ui.CompilationUnitEditor" StartDate="2014-09-23 16:32:00.493 JST" StructureHandle="=SL3/src&amp;lt;sl3.adapters{ItemListAdapter2.java" StructureKind="java" NumEvents="4" CreationCount="187"/><InteractionEvent Delta="null" EndDate="2014-09-23 16:34:56.487 JST" Interest="19.634" Kind="propagation" Navigation="org.eclipse.mylyn.core.model.edges.containment" OriginId="org.eclipse.mylyn.core.model.interest.propagation" StartDate="2014-09-23 16:32:02.107 JST" StructureHandle="=SL3/src&amp;lt;sl3.adapters{ItemListAdapter2.java" StructureKind="java" NumEvents="30" CreationCount="187"/><InteractionEvent Delta="null" EndDate="2014-09-23 16:37:59.317 JST" Interest="22.917" Kind="propagation" Navigation="org.eclipse.mylyn.core.model.edges.containment" OriginId="org.eclipse.mylyn.core.model.interest.propagation" StartDate="2014-09-23 16:24:03.449 JST" StructureHandle="=SL3/src&amp;lt;sl3.listeners.dialog{DB_OCL.java[DB_OCL" StructureKind="java" NumEvents="32" CreationCount="88"/><InteractionEvent Delta="null" EndDate="2014-09-23 16:21:37.408 JST" Interest="1.0" Kind="selection" Navigation="null" OriginId="org.eclipse.ui.views.ContentOutline" StartDate="2014-09-23 16:21:37.408 JST" StructureHandle="=SL3/src&amp;lt;sl.main{TabActv.java%sl.main" StructureKind="java"/><InteractionEvent Delta="null" EndDate="2014-09-23 16:27:43.49 JST" Interest="15.651002" Kind="propagation" Navigation="org.eclipse.mylyn.core.model.edges.containment" OriginId="org.eclipse.mylyn.core.model.interest.propagation" StartDate="2014-09-23 16:21:35.478 JST" StructureHandle="=SL3/src&amp;lt;sl.main" StructureKind="java" NumEvents="24" CreationCount="25"/><InteractionEvent Delta="null" EndDate="2014-09-23 16:40:46.417 JST" Interest="4.0" Kind="prediction" Navigation="null" OriginId="org.eclipse.mylyn.resources.ui.interest.updater" StartDate="2014-09-23 16:24:44.723 JST" StructureHandle="/SL3/bin/classes.dex" StructureKind="resource" NumEvents="4" CreationCount="103"/><InteractionEvent Delta="null" EndDate="2014-09-23 16:40:30.51 JST" Interest="3.0" Kind="selection" Navigation="null" OriginId="org.eclipse.jdt.ui.CompilationUnitEditor" StartDate="2014-09-23 16:32:04.215 JST" StructureHandle="=SL3/src&amp;lt;sl3.adapters{ItemListAdapter2.java[ItemListAdapter2~_getView__SetBackground~QView;~QSI;~I" StructureKind="java" NumEvents="3" CreationCount="189"/><InteractionEvent Delta="null" EndDate="2014-09-23 16:34:56.485 JST" Interest="28.0" Kind="edit" Navigation="null" OriginId="org.eclipse.jdt.ui.CompilationUnitEditor" StartDate="2014-09-23 16:32:04.321 JST" StructureHandle="=SL3/src&amp;lt;sl3.adapters{ItemListAdapter2.java[ItemListAdapter2~_getView__SetBackground~QView;~QSI;~I" StructureKind="java" NumEvents="28" CreationCount="189"/><InteractionEvent Delta="null" EndDate="2014-09-23 16:40:30.52 JST" Interest="36.0" Kind="propagation" Navigation="org.eclipse.mylyn.core.model.edges.containment" OriginId="org.eclipse.mylyn.core.model.interest.propagation" StartDate="2014-09-23 16:32:00.493 JST" StructureHandle="/SL3/src/sl3/adapters" StructureKind="resource" NumEvents="36" CreationCount="187"/><InteractionEvent Delta="null" EndDate="2014-09-23 16:27:43.49 JST" Interest="38.0" Kind="propagation" Navigation="org.eclipse.mylyn.core.model.edges.containment" OriginId="org.eclipse.mylyn.core.model.interest.propagation" StartDate="2014-09-23 16:21:35.477 JST" StructureHandle="/SL3/src/sl/main" StructureKind="resource" NumEvents="38" CreationCount="25"/><InteractionEvent Delta="null" EndDate="2014-09-23 16:20:47.969 JST" Interest="1.0" Kind="selection" Navigation="null" OriginId="org.eclipse.jdt.ui.PackageExplorer" StartDate="2014-09-23 16:20:47.969 JST" StructureHandle="=SL3/src&amp;lt;sl3.utils" StructureKind="java"/><InteractionEvent Delta="null" EndDate="2014-09-23 16:31:01.556 JST" Interest="36.97" Kind="propagation" Navigation="org.eclipse.mylyn.core.model.edges.containment" OriginId="org.eclipse.mylyn.core.model.interest.propagation" StartDate="2014-09-23 16:20:49.754 JST" StructureHandle="=SL3/src&amp;lt;sl3.utils" StructureKind="java" NumEvents="53" CreationCount="1"/><InteractionEvent Delta="null" EndDate="2014-09-23 16:43:14.498 JST" Interest="11.750999" Kind="propagation" Navigation="org.eclipse.mylyn.core.model.edges.containment" OriginId="org.eclipse.mylyn.core.model.interest.propagation" StartDate="2014-09-23 16:39:27.957 JST" StructureHandle="=SL3/src&amp;lt;sl3.listeners.button{BO_CL.java[BO_CL" StructureKind="java" NumEvents="17" CreationCount="281"/><InteractionEvent Delta="null" EndDate="2014-09-23 16:21:46.653 JST" Interest="3.0" Kind="selection" Navigation="null" OriginId="org.eclipse.jdt.ui.CompilationUnitEditor" StartDate="2014-09-23 16:21:43.406 JST" StructureHandle="=SL3/src&amp;lt;sl.main{TabActv.java[TabActv~_SetupTabs" StructureKind="java" NumEvents="3" CreationCount="27"/><InteractionEvent Delta="null" EndDate="2014-09-23 16:40:30.52 JST" Interest="36.0" Kind="propagation" Navigation="null" OriginId="org.eclipse.jdt.ui.CompilationUnitEditor" StartDate="2014-09-23 16:32:00.493 JST" StructureHandle="/SL3/src/sl3/adapters/ItemListAdapter2.java" StructureKind="resource" NumEvents="36" CreationCount="187"/><InteractionEvent Delta="null" EndDate="2014-09-23 16:20:52.892 JST" Interest="3.0" Kind="selection" Navigation="null" OriginId="org.eclipse.jdt.ui.CompilationUnitEditor" StartDate="2014-09-23 16:20:49.753 JST" StructureHandle="=SL3/src&amp;lt;sl3.utils{Methods_sl.java" StructureKind="java" NumEvents="3" CreationCount="2"/><InteractionEvent Delta="null" EndDate="2014-09-23 16:31:12.973 JST" Interest="71.0" Kind="propagation" Navigation="null" OriginId="org.eclipse.jdt.ui.CompilationUnitEditor" StartDate="2014-09-23 16:20:51.408 JST" StructureHandle="/SL3/src/sl3/utils/Methods.java" StructureKind="resource" NumEvents="71" CreationCount="4"/><InteractionEvent Delta="null" EndDate="2014-09-23 16:24:02.578 JST" Interest="1.0" Kind="selection" Navigation="null" OriginId="org.eclipse.ui.views.ContentOutline" StartDate="2014-09-23 16:24:02.578 JST" StructureHandle="=SL3/src&amp;lt;sl3.listeners.dialog{DB_OCL.java%sl3.listeners.dialog" StructureKind="java"/><InteractionEvent Delta="null" EndDate="2014-09-23 16:20:52.893 JST" Interest="3.0" Kind="propagation" Navigation="null" OriginId="org.eclipse.jdt.ui.CompilationUnitEditor" StartDate="2014-09-23 16:20:49.754 JST" StructureHandle="/SL3/src/sl3/utils/Methods_sl.java" StructureKind="resource" NumEvents="3" CreationCount="2"/><InteractionEvent Delta="null" EndDate="2014-09-23 16:38:07.535 JST" Interest="42.0" Kind="propagation" Navigation="org.eclipse.mylyn.core.model.edges.containment" OriginId="org.eclipse.mylyn.core.model.interest.propagation" StartDate="2014-09-23 16:24:01.215 JST" StructureHandle="/SL3/src/sl3/listeners/dialog" StructureKind="resource" NumEvents="42" CreationCount="86"/><InteractionEvent Delta="null" EndDate="2014-09-23 16:40:28.923 JST" Interest="78.0" Kind="propagation" Navigation="null" OriginId="org.eclipse.jdt.ui.CompilationUnitEditor" StartDate="2014-09-23 16:30:15.773 JST" StructureHandle="/SL3/src/sl3/listeners/list/LOI_CL.java" StructureKind="resource" NumEvents="78" CreationCount="161"/><InteractionEvent Delta="null" EndDate="2014-09-23 16:30:17.678 JST" Interest="1.0" Kind="selection" Navigation="null" OriginId="org.eclipse.ui.views.ContentOutline" StartDate="2014-09-23 16:30:17.678 JST" StructureHandle="=SL3/src&amp;lt;sl3.listeners.list{LOI_CL.java%sl3.listeners.list" StructureKind="java"/><InteractionEvent Delta="null" EndDate="2014-09-23 16:43:14.729 JST" Interest="312.017" Kind="propagation" Navigation="null" OriginId="org.eclipse.jdt.ui.PackageExplorer" StartDate="2014-09-23 16:20:47.970 JST" StructureHandle="/SL3/src" StructureKind="resource" NumEvents="314" CreationCount="1"/><InteractionEvent Delta="null" EndDate="2014-09-23 16:37:26.149 JST" Interest="4.0" Kind="selection" Navigation="null" OriginId="org.eclipse.jdt.ui.CompilationUnitEditor" StartDate="2014-09-23 16:24:01.214 JST" StructureHandle="=SL3/src&amp;lt;sl3.listeners.dialog{DB_OCL.java" StructureKind="java" NumEvents="4" CreationCount="86"/><InteractionEvent Delta="null" EndDate="2014-09-23 16:38:01.952 JST" Interest="18.951" Kind="propagation" Navigation="org.eclipse.mylyn.core.model.edges.containment" OriginId="org.eclipse.mylyn.core.model.interest.propagation" StartDate="2014-09-23 16:24:02.578 JST" StructureHandle="=SL3/src&amp;lt;sl3.listeners.dialog{DB_OCL.java" StructureKind="java" NumEvents="32" CreationCount="86"/><InteractionEvent Delta="null" EndDate="2014-09-23 16:27:43.49 JST" Interest="38.0" Kind="propagation" Navigation="null" OriginId="org.eclipse.jdt.ui.CompilationUnitEditor" StartDate="2014-09-23 16:21:35.477 JST" StructureHandle="/SL3/src/sl/main/TabActv.java" StructureKind="resource" NumEvents="38" CreationCount="25"/><InteractionEvent Delta="null" EndDate="2014-09-23 16:40:31.811 JST" Interest="4.0" Kind="selection" Navigation="null" OriginId="org.eclipse.jdt.ui.CompilationUnitEditor" StartDate="2014-09-23 16:39:32.400 JST" StructureHandle="=SL3/src&amp;lt;sl3.listeners.button{BO_CL.java[BO_CL~case_ITEMLIST_TABS_BT_CHOOSE" StructureKind="java" NumEvents="4" CreationCount="284"/><InteractionEvent Delta="null" EndDate="2014-09-23 16:43:14.497 JST" Interest="11.0" Kind="edit" Navigation="null" OriginId="org.eclipse.jdt.ui.CompilationUnitEditor" StartDate="2014-09-23 16:39:32.948 JST" StructureHandle="=SL3/src&amp;lt;sl3.listeners.button{BO_CL.java[BO_CL~case_ITEMLIST_TABS_BT_CHOOSE" StructureKind="java" NumEvents="11" CreationCount="284"/><InteractionEvent Delta="null" EndDate="2014-09-23 16:40:46.417 JST" Interest="4.0" Kind="prediction" Navigation="null" OriginId="org.eclipse.mylyn.resources.ui.interest.updater" StartDate="2014-09-23 16:24:44.723 JST" StructureHandle="/SL3/bin/SL3.apk" StructureKind="resource" NumEvents="4" CreationCount="103"/><InteractionEvent Delta="null" EndDate="2014-09-23 16:27:43.49 JST" Interest="38.0" Kind="propagation" Navigation="org.eclipse.mylyn.core.model.edges.containment" OriginId="org.eclipse.mylyn.core.model.interest.propagation" StartDate="2014-09-23 16:21:35.477 JST" StructureHandle="/SL3/src/sl" StructureKind="resource" NumEvents="38" CreationCount="25"/><InteractionEvent Delta="null" EndDate="2014-09-23 16:27:43.49 JST" Interest="8.0" Kind="selection" Navigation="null" OriginId="org.eclipse.jdt.ui.CompilationUnitEditor" StartDate="2014-09-23 16:21:35.477 JST" StructureHandle="=SL3/src&amp;lt;sl.main{TabActv.java" StructureKind="java" NumEvents="8" CreationCount="25"/><InteractionEvent Delta="null" EndDate="2014-09-23 16:27:29.922 JST" Interest="7.6510015" Kind="propagation" Navigation="org.eclipse.mylyn.core.model.edges.containment" OriginId="org.eclipse.mylyn.core.model.interest.propagation" StartDate="2014-09-23 16:21:37.409 JST" StructureHandle="=SL3/src&amp;lt;sl.main{TabActv.java" StructureKind="java" NumEvents="15" CreationCount="25"/><InteractionEvent Delta="null" EndDate="2014-09-23 16:40:28.923 JST" Interest="79.274994" Kind="propagation" Navigation="org.eclipse.mylyn.core.model.edges.containment" OriginId="org.eclipse.mylyn.core.model.interest.propagation" StartDate="2014-09-23 16:24:01.215 JST" StructureHandle="/SL3/src/sl3/listeners" StructureKind="resource" NumEvents="80" CreationCount="86"/><InteractionEvent Delta="null" EndDate="2014-09-23 16:24:44.723 JST" Interest="1.0" Kind="prediction" Navigation="null" OriginId="org.eclipse.mylyn.resources.ui.interest.updater" StartDate="2014-09-23 16:24:44.723 JST" StructureHandle="/SL3/bin/resources.ap_" StructureKind="resource"/><InteractionEvent Delta="null" EndDate="2014-09-23 16:40:24.135 JST" Interest="1.0" Kind="selection" Navigation="null" OriginId="org.eclipse.jdt.ui.CompilationUnitEditor" StartDate="2014-09-23 16:40:24.135 JST" StructureHandle="=SL3/src&amp;lt;sl3.listeners.list{LOI_CL.java[LOI_CL" StructureKind="java"/><InteractionEvent Delta="null" EndDate="2014-09-23 16:40:21.200 JST" Interest="49.1" Kind="propagation" Navigation="org.eclipse.mylyn.core.model.edges.containment" OriginId="org.eclipse.mylyn.core.model.interest.propagation" StartDate="2014-09-23 16:30:19.350 JST" StructureHandle="=SL3/src&amp;lt;sl3.listeners.list{LOI_CL.java[LOI_CL" StructureKind="java" NumEvents="68" CreationCount="163"/><InteractionEvent Delta="null" EndDate="2014-09-23 16:31:12.973 JST" Interest="94.017" Kind="propagation" Navigation="org.eclipse.mylyn.core.model.edges.containment" OriginId="org.eclipse.mylyn.core.model.interest.propagation" StartDate="2014-09-23 16:20:47.969 JST" StructureHandle="/SL3/src/sl3" StructureKind="resource" NumEvents="96" CreationCount="1"/><InteractionEvent Delta="null" EndDate="2014-09-23 16:37:59.316 JST" Interest="4.0" Kind="selection" Navigation="null" OriginId="org.eclipse.ui.views.ContentOutline" StartDate="2014-09-23 16:24:05.933 JST" StructureHandle="=SL3/src&amp;lt;sl3.listeners.dialog{DB_OCL.java[DB_OCL~case_ACTV_TAB_SEARCH_OK" StructureKind="java" NumEvents="4" CreationCount="89"/><InteractionEvent Delta="null" EndDate="2014-09-23 16:37:50.51 JST" Interest="27.0" Kind="edit" Navigation="null" OriginId="org.eclipse.jdt.ui.CompilationUnitEditor" StartDate="2014-09-23 16:24:07.799 JST" StructureHandle="=SL3/src&amp;lt;sl3.listeners.dialog{DB_OCL.java[DB_OCL~case_ACTV_TAB_SEARCH_OK" StructureKind="java" NumEvents="27" CreationCount="89"/><InteractionEvent Delta="null" EndDate="2014-09-23 16:39:28.532 JST" Interest="2.0" Kind="selection" Navigation="null" OriginId="org.eclipse.ui.views.ContentOutline" StartDate="2014-09-23 16:39:27.956 JST" StructureHandle="=SL3/src&amp;lt;sl3.listeners.button{BO_CL.java[BO_CL^actv" StructureKind="java" NumEvents="2" CreationCount="281"/><InteractionEvent Delta="null" EndDate="2014-09-23 16:43:14.728 JST" Interest="3.0" Kind="selection" Navigation="null" OriginId="org.eclipse.jdt.ui.PackageExplorer" StartDate="2014-09-23 16:39:25.685 JST" StructureHandle="=SL3/src&amp;lt;sl3.listeners.button{BO_CL.java" StructureKind="java" NumEvents="3" CreationCount="280"/><InteractionEvent Delta="null" EndDate="2014-09-23 16:43:14.498 JST" Interest="9.768" Kind="propagation" Navigation="org.eclipse.mylyn.core.model.edges.containment" OriginId="org.eclipse.mylyn.core.model.interest.propagation" StartDate="2014-09-23 16:39:27.957 JST" StructureHandle="=SL3/src&amp;lt;sl3.listeners.button{BO_CL.java" StructureKind="java" NumEvents="17" CreationCount="280"/></InteractionHistory>