<?xml version="1.0" encoding="UTF-8"?><InteractionHistory Id="local-39" Version="1"><InteractionEvent Delta="null" EndDate="2014-09-01 14:56:17.998 JST" Interest="80.496" Kind="propagation" Navigation="org.eclipse.mylyn.core.model.edges.containment" OriginId="org.eclipse.mylyn.core.model.interest.propagation" StartDate="2014-09-01 14:33:26.173 JST" StructureHandle="" StructureKind="java" NumEvents="89" CreationCount="26"/><InteractionEvent Delta="null" EndDate="2014-09-01 15:04:53.724 JST" Interest="9.0" Kind="selection" Navigation="null" OriginId="org.eclipse.jdt.ui.CompilationUnitEditor" StartDate="2014-09-01 14:59:23.58 JST" StructureHandle="=IFM11/src&amp;lt;ifm11.main{LogActv.java[LogActv" StructureKind="java" NumEvents="9" CreationCount="573"/><InteractionEvent Delta="null" EndDate="2014-09-01 15:04:14.674 JST" Interest="26.081" Kind="propagation" Navigation="org.eclipse.mylyn.core.model.edges.containment" OriginId="org.eclipse.mylyn.core.model.interest.propagation" StartDate="2014-09-01 15:01:00.420 JST" StructureHandle="=IFM11/src&amp;lt;ifm11.main{LogActv.java[LogActv" StructureKind="java" NumEvents="37" CreationCount="573"/><InteractionEvent Delta="null" EndDate="2014-09-01 15:01:32.47 JST" Interest="4.0" Kind="edit" Navigation="null" OriginId="org.eclipse.jdt.ui.CompilationUnitEditor" StartDate="2014-09-01 15:00:07.937 JST" StructureHandle="=IFM11/src&amp;lt;ifm11.main{LogActv.java[LogActv" StructureKind="java" NumEvents="4" CreationCount="573"/><InteractionEvent Delta="null" EndDate="2014-09-01 14:53:33.747 JST" Interest="11.0" Kind="propagation" Navigation="null" OriginId="org.eclipse.jdt.ui.CompilationUnitEditor" StartDate="2014-09-01 14:47:42.723 JST" StructureHandle="/TA2/src/ta2/utils/CONS.java" StructureKind="resource" NumEvents="11" CreationCount="297"/><InteractionEvent Delta="null" EndDate="2014-09-01 14:46:05.402 JST" Interest="1.0" Kind="selection" Navigation="null" OriginId="org.eclipse.jdt.ui.PackageExplorer" StartDate="2014-09-01 14:46:05.402 JST" StructureHandle="/IFM11/res/drawable/actv_tn_bt_top_45x45.png" StructureKind="resource"/><InteractionEvent Delta="null" EndDate="2014-09-01 14:50:14.637 JST" Interest="2.0" Kind="selection" Navigation="null" OriginId="org.eclipse.jdt.ui.CompilationUnitEditor" StartDate="2014-09-01 14:41:21.405 JST" StructureHandle="=IFM11/src&amp;lt;ifm11.utils{Methods_dlg.java[Methods_dlg" StructureKind="java" NumEvents="2" CreationCount="141"/><InteractionEvent Delta="null" EndDate="2014-09-01 14:57:02.26 JST" Interest="67.87" Kind="propagation" Navigation="org.eclipse.mylyn.core.model.edges.containment" OriginId="org.eclipse.mylyn.core.model.interest.propagation" StartDate="2014-09-01 14:41:43.124 JST" StructureHandle="=IFM11/src&amp;lt;ifm11.utils{Methods_dlg.java[Methods_dlg" StructureKind="java" NumEvents="90" CreationCount="141"/><InteractionEvent Delta="null" EndDate="2014-09-01 14:41:31.381 JST" Interest="2.0" Kind="edit" Navigation="null" OriginId="org.eclipse.jdt.ui.CompilationUnitEditor" StartDate="2014-09-01 14:41:28.984 JST" StructureHandle="=IFM11/src&amp;lt;ifm11.utils{Methods_dlg.java[Methods_dlg" StructureKind="java" NumEvents="2" CreationCount="141"/><InteractionEvent Delta="null" EndDate="2014-09-01 14:56:17.997 JST" Interest="48.017" Kind="propagation" Navigation="null" OriginId="org.eclipse.jdt.ui.CompilationUnitEditor" StartDate="2014-09-01 14:40:49.629 JST" StructureHandle="/TA2/src/ta2/utils" StructureKind="resource" NumEvents="49" CreationCount="125"/><InteractionEvent Delta="null" EndDate="2014-09-01 14:49:04.180 JST" Interest="6.0" Kind="propagation" Navigation="null" OriginId="org.eclipse.ui.views.ContentOutline" StartDate="2014-09-01 14:48:01.248 JST" StructureHandle="/IFM11/src/ifm11/utils/CONS.java" StructureKind="resource" NumEvents="6" CreationCount="307"/><InteractionEvent Delta="null" EndDate="2014-09-01 14:54:54.901 JST" Interest="5.0" Kind="selection" Navigation="null" OriginId="org.eclipse.jdt.ui.CompilationUnitEditor" StartDate="2014-09-01 14:40:57.592 JST" StructureHandle="=TA2/src&amp;lt;ta2.utils{Methods_dlg.java[Methods_dlg~dlg_ACTV_MAIN_Admin~QActivity;" StructureKind="java" NumEvents="5" CreationCount="130"/><InteractionEvent Delta="null" EndDate="2014-09-01 14:53:55.636 JST" Interest="10.0" Kind="edit" Navigation="null" OriginId="org.eclipse.jdt.ui.CompilationUnitEditor" StartDate="2014-09-01 14:40:58.874 JST" StructureHandle="=TA2/src&amp;lt;ta2.utils{Methods_dlg.java[Methods_dlg~dlg_ACTV_MAIN_Admin~QActivity;" StructureKind="java" NumEvents="10" CreationCount="130"/><InteractionEvent Delta="null" EndDate="2014-09-01 14:56:17.997 JST" Interest="48.666" Kind="propagation" Navigation="org.eclipse.mylyn.core.model.edges.containment" OriginId="org.eclipse.mylyn.core.model.interest.propagation" StartDate="2014-09-01 14:33:29.1 JST" StructureHandle="/TA2/src/ta2" StructureKind="resource" NumEvents="51" CreationCount="28"/><InteractionEvent Delta="null" EndDate="2014-09-01 15:01:00.435 JST" Interest="5.0" Kind="selection" Navigation="null" OriginId="org.eclipse.ui.views.ContentOutline" StartDate="2014-09-01 15:00:37.339 JST" StructureHandle="=IFM11/src&amp;lt;ifm11.main{LogActv.java[LogActv~_Setup_CreateRootDir" StructureKind="java" NumEvents="5" CreationCount="609"/><InteractionEvent Delta="null" EndDate="2014-09-01 14:47:20.394 JST" Interest="1.0" Kind="propagation" Navigation="org.eclipse.mylyn.core.model.edges.containment" OriginId="org.eclipse.mylyn.core.model.interest.propagation" StartDate="2014-09-01 14:47:20.394 JST" StructureHandle="=IFM11/src&amp;lt;ifm11.utils{Tags.java[Tags[DialogItemTags" StructureKind="java"/><InteractionEvent Delta="null" EndDate="2014-09-01 15:04:32.12 JST" Interest="3.0" Kind="selection" Navigation="null" OriginId="org.eclipse.jdt.ui.PackageExplorer" StartDate="2014-09-01 14:46:08.296 JST" StructureHandle="/IFM11/res/layout" StructureKind="resource" NumEvents="3" CreationCount="259"/><InteractionEvent Delta="null" EndDate="2014-09-01 15:04:31.126 JST" Interest="14.5130005" Kind="propagation" Navigation="org.eclipse.mylyn.core.model.edges.containment" OriginId="org.eclipse.mylyn.core.model.interest.propagation" StartDate="2014-09-01 14:46:12.551 JST" StructureHandle="/IFM11/res/layout" StructureKind="resource" NumEvents="19" CreationCount="259"/><InteractionEvent Delta="null" EndDate="2014-09-01 14:59:30.543 JST" Interest="1.0" Kind="selection" Navigation="null" OriginId="org.eclipse.jdt.ui.PackageExplorer" StartDate="2014-09-01 14:59:30.543 JST" StructureHandle="/IFM11/res/layout/dlg_confirm_create_folder.xml" StructureKind="resource"/><InteractionEvent Delta="null" EndDate="2014-09-01 14:43:32.770 JST" Interest="1.0" Kind="propagation" Navigation="null" OriginId="org.eclipse.mylyn.resources.ui.interest.updater" StartDate="2014-09-01 14:43:32.770 JST" StructureHandle="/IFM11/res/drawable/menu_icon_admin_32x32_brown.png" StructureKind="resource"/><InteractionEvent Delta="null" EndDate="2014-09-01 14:45:31.340 JST" Interest="1.0" Kind="selection" Navigation="null" OriginId="org.eclipse.jdt.ui.CompilationUnitEditor" StartDate="2014-09-01 14:45:31.340 JST" StructureHandle="=IFM11/src&amp;lt;ifm11.adapters{Adp_ListItems.java#java.util.ArrayList" StructureKind="java"/><InteractionEvent Delta="null" EndDate="2014-09-01 14:53:33.746 JST" Interest="2.0" Kind="selection" Navigation="null" OriginId="org.eclipse.jdt.ui.CompilationUnitEditor" StartDate="2014-09-01 14:47:54.393 JST" StructureHandle="=TA2/src&amp;lt;ta2.utils{CONS.java[CONS[Admin" StructureKind="java" NumEvents="2" CreationCount="298"/><InteractionEvent Delta="null" EndDate="2014-09-01 14:47:55.256 JST" Interest="1.0" Kind="edit" Navigation="null" OriginId="org.eclipse.jdt.ui.CompilationUnitEditor" StartDate="2014-09-01 14:47:55.256 JST" StructureHandle="=TA2/src&amp;lt;ta2.utils{CONS.java[CONS[Admin" StructureKind="java"/><InteractionEvent Delta="null" EndDate="2014-09-01 14:47:53.532 JST" Interest="3.1" Kind="propagation" Navigation="org.eclipse.mylyn.core.model.edges.containment" OriginId="org.eclipse.mylyn.core.model.interest.propagation" StartDate="2014-09-01 14:47:43.411 JST" StructureHandle="=TA2/src&amp;lt;ta2.utils{CONS.java[CONS[Admin" StructureKind="java" NumEvents="4" CreationCount="298"/><InteractionEvent Delta="null" EndDate="2014-09-01 15:05:19.437 JST" Interest="10.9" Kind="propagation" Navigation="org.eclipse.mylyn.core.model.edges.containment" OriginId="org.eclipse.mylyn.core.model.interest.propagation" StartDate="2014-09-01 14:58:27.88 JST" StructureHandle="=IFM11/src&amp;lt;ifm11.utils{Methods.java[Methods" StructureKind="java" NumEvents="13" CreationCount="556"/><InteractionEvent Delta="null" EndDate="2014-09-01 14:49:04.180 JST" Interest="3.4" Kind="propagation" Navigation="org.eclipse.mylyn.core.model.edges.containment" OriginId="org.eclipse.mylyn.core.model.interest.propagation" StartDate="2014-09-01 14:48:01.945 JST" StructureHandle="=IFM11/src&amp;lt;ifm11.utils{CONS.java[CONS" StructureKind="java" NumEvents="4" CreationCount="308"/><InteractionEvent Delta="null" EndDate="2014-09-01 14:48:31.41 JST" Interest="4.0" Kind="selection" Navigation="null" OriginId="org.eclipse.jdt.ui.PackageExplorer" StartDate="2014-09-01 14:46:12.551 JST" StructureHandle="/IFM11/res/layout/list_row_simple_iv_1.xml" StructureKind="resource" NumEvents="4" CreationCount="259"/><InteractionEvent Delta="null" EndDate="2014-09-01 14:46:39.476 JST" Interest="6.0" Kind="edit" Navigation="null" OriginId="com.android.ide.eclipse.editors.CommonXmlEditor" StartDate="2014-09-01 14:46:23.119 JST" StructureHandle="/IFM11/res/layout/list_row_simple_iv_1.xml" StructureKind="resource" NumEvents="6" CreationCount="259"/><InteractionEvent Delta="null" EndDate="2014-09-01 14:46:10.176 JST" Interest="1.0" Kind="propagation" Navigation="null" OriginId="org.eclipse.mylyn.resources.ui.interest.updater" StartDate="2014-09-01 14:46:10.176 JST" StructureHandle="/IFM11/res/layout/list_row_simple_iv_1.xml" StructureKind="resource"/><InteractionEvent Delta="null" EndDate="2014-09-01 14:59:52.551 JST" Interest="9.772" Kind="propagation" Navigation="org.eclipse.mylyn.core.model.edges.containment" OriginId="org.eclipse.mylyn.core.model.interest.propagation" StartDate="2014-09-01 14:35:03.54 JST" StructureHandle="/IFM11/bin" StructureKind="resource" NumEvents="4" CreationCount="64"/><InteractionEvent Delta="null" EndDate="2014-09-01 15:04:46.271 JST" Interest="11.0" Kind="selection" Navigation="null" OriginId="org.eclipse.jdt.ui.CompilationUnitEditor" StartDate="2014-09-01 14:34:50.745 JST" StructureHandle="=IFM11/src&amp;lt;ifm11.main{MainActv.java" StructureKind="java" NumEvents="11" CreationCount="62"/><InteractionEvent Delta="null" EndDate="2014-09-01 15:00:30.881 JST" Interest="14.708" Kind="propagation" Navigation="org.eclipse.mylyn.core.model.edges.containment" OriginId="org.eclipse.mylyn.core.model.interest.propagation" StartDate="2014-09-01 14:38:59.934 JST" StructureHandle="=IFM11/src&amp;lt;ifm11.main{MainActv.java" StructureKind="java" NumEvents="23" CreationCount="62"/><InteractionEvent Delta="null" EndDate="2014-09-01 14:46:45.172 JST" Interest="4.1" Kind="propagation" Navigation="org.eclipse.mylyn.core.model.edges.containment" OriginId="org.eclipse.mylyn.core.model.interest.propagation" StartDate="2014-09-01 14:45:44.161 JST" StructureHandle="=IFM11/src&amp;lt;ifm11.adapters{Adp_ListItems.java[Adp_ListItems" StructureKind="java" NumEvents="5" CreationCount="250"/><InteractionEvent Delta="null" EndDate="2014-09-01 14:53:31.36 JST" Interest="14.0" Kind="selection" Navigation="null" OriginId="com.android.ide.eclipse.editors.CommonXmlEditor" StartDate="2014-09-01 14:32:20.623 JST" StructureHandle="/IFM11/res/values/strings.xml" StructureKind="resource" NumEvents="14" CreationCount="5"/><InteractionEvent Delta="null" EndDate="2014-09-01 14:53:31.92 JST" Interest="36.0" Kind="edit" Navigation="null" OriginId="com.android.ide.eclipse.editors.CommonXmlEditor" StartDate="2014-09-01 14:32:22.186 JST" StructureHandle="/IFM11/res/values/strings.xml" StructureKind="resource" NumEvents="36" CreationCount="5"/><InteractionEvent Delta="null" EndDate="2014-09-01 14:56:17.575 JST" Interest="24.0" Kind="propagation" Navigation="org.eclipse.mylyn.core.model.edges.containment" OriginId="org.eclipse.mylyn.core.model.interest.propagation" StartDate="2014-09-01 14:53:58.897 JST" StructureHandle="/TA2/src/ta2/listeners/dialog" StructureKind="resource" NumEvents="24" CreationCount="402"/><InteractionEvent Delta="null" EndDate="2014-09-01 15:00:09.976 JST" Interest="7.0" Kind="selection" Navigation="null" OriginId="org.eclipse.jdt.ui.CompilationUnitEditor" StartDate="2014-09-01 14:39:01.902 JST" StructureHandle="=IFM11/src&amp;lt;ifm11.main{MainActv.java[MainActv~onOptionsItemSelected~QMenuItem;" StructureKind="java" NumEvents="7" CreationCount="86"/><InteractionEvent Delta="null" EndDate="2014-09-01 14:50:22.614 JST" Interest="19.0" Kind="edit" Navigation="null" OriginId="org.eclipse.jdt.ui.CompilationUnitEditor" StartDate="2014-09-01 14:39:02.489 JST" StructureHandle="=IFM11/src&amp;lt;ifm11.main{MainActv.java[MainActv~onOptionsItemSelected~QMenuItem;" StructureKind="java" NumEvents="19" CreationCount="86"/><InteractionEvent Delta="null" EndDate="2014-09-01 14:50:38.471 JST" Interest="6.0490003" Kind="propagation" Navigation="org.eclipse.mylyn.core.model.edges.containment" OriginId="org.eclipse.mylyn.core.model.interest.propagation" StartDate="2014-09-01 14:35:03.56 JST" StructureHandle="/IFM11/bin/res/crunch/drawable" StructureKind="resource" NumEvents="3" CreationCount="64"/><InteractionEvent Delta="null" EndDate="2014-09-01 14:56:17.997 JST" Interest="37.0" Kind="propagation" Navigation="null" OriginId="org.eclipse.jdt.ui.CompilationUnitEditor" StartDate="2014-09-01 14:40:51.131 JST" StructureHandle="/TA2/src/ta2/utils/Methods_dlg.java" StructureKind="resource" NumEvents="37" CreationCount="126"/><InteractionEvent Delta="null" EndDate="2014-09-01 15:04:31.126 JST" Interest="3.0" Kind="selection" Navigation="null" OriginId="org.eclipse.jdt.ui.PackageExplorer" StartDate="2014-09-01 15:03:36.18 JST" StructureHandle="/IFM11/res/layout/actv_log.xml" StructureKind="resource" NumEvents="3" CreationCount="748"/><InteractionEvent Delta="null" EndDate="2014-09-01 15:04:01.438 JST" Interest="6.0" Kind="edit" Navigation="null" OriginId="com.android.ide.eclipse.editors.CommonXmlEditor" StartDate="2014-09-01 15:03:38.500 JST" StructureHandle="/IFM11/res/layout/actv_log.xml" StructureKind="resource" NumEvents="6" CreationCount="748"/><InteractionEvent Delta="null" EndDate="2014-09-01 15:03:33.754 JST" Interest="1.0" Kind="propagation" Navigation="null" OriginId="org.eclipse.mylyn.resources.ui.interest.updater" StartDate="2014-09-01 15:03:33.754 JST" StructureHandle="/IFM11/res/layout/actv_log.xml" StructureKind="resource"/><InteractionEvent Delta="null" EndDate="2014-09-01 15:19:36.340 JST" Interest="544.306" Kind="propagation" Navigation="org.eclipse.mylyn.core.model.edges.containment" OriginId="org.eclipse.mylyn.core.model.interest.propagation" StartDate="2014-09-01 14:30:20.347 JST" StructureHandle="/" StructureKind="resource" NumEvents="555" CreationCount="1"/><InteractionEvent Delta="null" EndDate="2014-09-01 15:03:01.933 JST" Interest="5.0" Kind="selection" Navigation="null" OriginId="org.eclipse.jdt.ui.CompilationUnitEditor" StartDate="2014-09-01 15:02:18.4 JST" StructureHandle="=IFM11/src&amp;lt;ifm11.main{LogActv.java[LogActv~onListItemClick~QListView;~QView;~I~J" StructureKind="java" NumEvents="5" CreationCount="688"/><InteractionEvent Delta="null" EndDate="2014-09-01 15:02:49.235 JST" Interest="26.0" Kind="edit" Navigation="null" OriginId="org.eclipse.jdt.ui.CompilationUnitEditor" StartDate="2014-09-01 15:02:18.651 JST" StructureHandle="=IFM11/src&amp;lt;ifm11.main{LogActv.java[LogActv~onListItemClick~QListView;~QView;~I~J" StructureKind="java" NumEvents="26" CreationCount="688"/><InteractionEvent Delta="null" EndDate="2014-09-01 15:00:02.531 JST" Interest="40.751003" Kind="propagation" Navigation="org.eclipse.mylyn.core.model.edges.containment" OriginId="org.eclipse.mylyn.core.model.interest.propagation" StartDate="2014-09-01 14:53:41.462 JST" StructureHandle="=IFM11/src&amp;lt;ifm11.listeners.dialog" StructureKind="java" NumEvents="72" CreationCount="394"/><InteractionEvent Delta="null" EndDate="2014-09-01 14:43:27.729 JST" Interest="6.0" Kind="selection" Navigation="null" OriginId="org.eclipse.jdt.ui.PackageExplorer" StartDate="2014-09-01 14:34:06.398 JST" StructureHandle="/IFM11/res/menu/menu_main.xml" StructureKind="resource" NumEvents="6" CreationCount="36"/><InteractionEvent Delta="null" EndDate="2014-09-01 14:38:24.17 JST" Interest="34.0" Kind="edit" Navigation="null" OriginId="com.android.ide.eclipse.editors.CommonXmlEditor" StartDate="2014-09-01 14:34:06.831 JST" StructureHandle="/IFM11/res/menu/menu_main.xml" StructureKind="resource" NumEvents="34" CreationCount="36"/><InteractionEvent Delta="null" EndDate="2014-09-01 15:04:38.287 JST" Interest="1.0" Kind="selection" Navigation="null" OriginId="org.eclipse.ui.views.ContentOutline" StartDate="2014-09-01 15:04:38.287 JST" StructureHandle="=IFM11/src&amp;lt;ifm11.main{TNActv.java%ifm11.main" StructureKind="java"/><InteractionEvent Delta="null" EndDate="2014-09-01 14:43:32.770 JST" Interest="1.0" Kind="propagation" Navigation="null" OriginId="org.eclipse.mylyn.resources.ui.interest.updater" StartDate="2014-09-01 14:43:32.770 JST" StructureHandle="/IFM11/res/drawable/menu_icon_admin_32x32_yellow.png" StructureKind="resource"/><InteractionEvent Delta="null" EndDate="2014-09-01 15:00:02.530 JST" Interest="118.0" Kind="propagation" Navigation="org.eclipse.mylyn.core.model.edges.containment" OriginId="org.eclipse.mylyn.core.model.interest.propagation" StartDate="2014-09-01 14:53:41.462 JST" StructureHandle="/IFM11/src/ifm11/listeners/dialog" StructureKind="resource" NumEvents="118" CreationCount="394"/><InteractionEvent Delta="null" EndDate="2014-09-01 14:47:43.410 JST" Interest="1.0" Kind="selection" Navigation="null" OriginId="org.eclipse.jdt.ui.CompilationUnitEditor" StartDate="2014-09-01 14:47:43.410 JST" StructureHandle="=TA2/src&amp;lt;ta2.utils{CONS.java[CONS[Admin^ratio_Dialog_to_Screen_W" StructureKind="java"/><InteractionEvent Delta="null" EndDate="2014-09-01 14:47:53.532 JST" Interest="3.0" Kind="edit" Navigation="null" OriginId="org.eclipse.jdt.ui.CompilationUnitEditor" StartDate="2014-09-01 14:47:45.298 JST" StructureHandle="=TA2/src&amp;lt;ta2.utils{CONS.java[CONS[Admin^ratio_Dialog_to_Screen_W" StructureKind="java" NumEvents="3" CreationCount="298"/><InteractionEvent Delta="null" EndDate="2014-09-01 14:56:55.180 JST" Interest="20.0" Kind="selection" Navigation="null" OriginId="org.eclipse.jdt.ui.CompilationUnitEditor" StartDate="2014-09-01 14:41:41.372 JST" StructureHandle="=IFM11/src&amp;lt;ifm11.utils{Methods_dlg.java[Methods_dlg~dlg_OptMenu_MainActv_Others~QActivity;" StructureKind="java" NumEvents="20" CreationCount="151"/><InteractionEvent Delta="null" EndDate="2014-09-01 14:57:02.25 JST" Interest="73.0" Kind="edit" Navigation="null" OriginId="org.eclipse.jdt.ui.CompilationUnitEditor" StartDate="2014-09-01 14:41:42.451 JST" StructureHandle="=IFM11/src&amp;lt;ifm11.utils{Methods_dlg.java[Methods_dlg~dlg_OptMenu_MainActv_Others~QActivity;" StructureKind="java" NumEvents="73" CreationCount="151"/><InteractionEvent Delta="null" EndDate="2014-09-01 14:40:47.833 JST" Interest="1.0" Kind="propagation" Navigation="null" OriginId="org.eclipse.ui.views.ResourceNavigator" StartDate="2014-09-01 14:40:47.833 JST" StructureHandle="/TA2/src/ta2/tasks" StructureKind="resource"/><InteractionEvent Delta="null" EndDate="2014-09-01 14:58:46.4 JST" Interest="1.0" Kind="selection" Navigation="null" OriginId="org.eclipse.ui.views.ContentOutline" StartDate="2014-09-01 14:58:46.4 JST" StructureHandle="=IFM11/src&amp;lt;ifm11.utils{Methods.java[Methods~start_Activity_PrefActv~QActivity;" StructureKind="java"/><InteractionEvent Delta="null" EndDate="2014-09-01 14:58:53.161 JST" Interest="5.0" Kind="edit" Navigation="null" OriginId="org.eclipse.jdt.ui.CompilationUnitEditor" StartDate="2014-09-01 14:58:46.907 JST" StructureHandle="=IFM11/src&amp;lt;ifm11.utils{Methods.java[Methods~start_Activity_PrefActv~QActivity;" StructureKind="java" NumEvents="5" CreationCount="564"/><InteractionEvent Delta="null" EndDate="2014-09-01 14:56:17.996 JST" Interest="16.0" Kind="selection" Navigation="null" OriginId="org.eclipse.jdt.ui.CompilationUnitEditor" StartDate="2014-09-01 14:40:51.131 JST" StructureHandle="=TA2/src&amp;lt;ta2.utils{Methods_dlg.java" StructureKind="java" NumEvents="16" CreationCount="126"/><InteractionEvent Delta="null" EndDate="2014-09-01 14:41:13.69 JST" Interest="3.9680004" Kind="propagation" Navigation="org.eclipse.mylyn.core.model.edges.containment" OriginId="org.eclipse.mylyn.core.model.interest.propagation" StartDate="2014-09-01 14:40:58.895 JST" StructureHandle="=TA2/src&amp;lt;ta2.utils{Methods_dlg.java" StructureKind="java" NumEvents="6" CreationCount="126"/><InteractionEvent Delta="null" EndDate="2014-09-01 15:05:33.57 JST" Interest="5.0" Kind="prediction" Navigation="null" OriginId="org.eclipse.mylyn.resources.ui.interest.updater" StartDate="2014-09-01 14:35:03.54 JST" StructureHandle="/IFM11/bin/IFM11.apk" StructureKind="resource" NumEvents="5" CreationCount="64"/><InteractionEvent Delta="null" EndDate="2014-09-01 14:40:45.611 JST" Interest="1.0" Kind="propagation" Navigation="null" OriginId="org.eclipse.ui.views.ResourceNavigator" StartDate="2014-09-01 14:40:45.611 JST" StructureHandle="/TA2/src/ta2/main" StructureKind="resource"/><InteractionEvent Delta="null" EndDate="2014-09-01 14:45:06.60 JST" Interest="2.0" Kind="selection" Navigation="null" OriginId="org.eclipse.ui.views.ResourceNavigator" StartDate="2014-09-01 14:43:24.608 JST" StructureHandle="/TA2/res/drawable/menu_icon_admin_32x32_green.png" StructureKind="resource" NumEvents="2" CreationCount="184"/><InteractionEvent Delta="null" EndDate="2014-09-01 14:50:38.471 JST" Interest="1.0" Kind="propagation" Navigation="null" OriginId="org.eclipse.mylyn.resources.ui.interest.updater" StartDate="2014-09-01 14:50:38.471 JST" StructureHandle="/IFM11/bin/res/crunch/drawable/menu_icon_admin_32x32_green.png" StructureKind="resource"/><InteractionEvent Delta="null" EndDate="2014-09-01 14:42:14.717 JST" Interest="3.0" Kind="selection" Navigation="null" OriginId="org.eclipse.jdt.ui.PackageExplorer" StartDate="2014-09-01 14:40:12.313 JST" StructureHandle="=IFM11/src&amp;lt;ifm11.items{ListItem.java" StructureKind="java" NumEvents="3" CreationCount="116"/><InteractionEvent Delta="null" EndDate="2014-09-01 15:19:38.21 JST" Interest="1.0" Kind="prediction" Navigation="null" OriginId="org.eclipse.mylyn.resources.ui.interest.updater" StartDate="2014-09-01 15:19:38.21 JST" StructureHandle="=IFM11/src&amp;lt;ifm11.items{ListItem.java" StructureKind="java"/><InteractionEvent Delta="null" EndDate="2014-09-01 14:40:11.375 JST" Interest="1.0" Kind="propagation" Navigation="null" OriginId="org.eclipse.mylyn.resources.ui.interest.updater" StartDate="2014-09-01 14:40:11.375 JST" StructureHandle="=IFM11/src&amp;lt;ifm11.items{ListItem.java" StructureKind="java"/><InteractionEvent Delta="null" EndDate="2014-09-01 14:45:06.61 JST" Interest="2.0" Kind="selection" Navigation="null" OriginId="org.eclipse.ui.views.ResourceNavigator" StartDate="2014-09-01 14:43:24.609 JST" StructureHandle="/TA2/res/drawable/menu_icon_admin_32x32_purple.png" StructureKind="resource" NumEvents="2" CreationCount="185"/><InteractionEvent Delta="null" EndDate="2014-09-01 14:43:32.770 JST" Interest="1.0" Kind="propagation" Navigation="null" OriginId="org.eclipse.mylyn.resources.ui.interest.updater" StartDate="2014-09-01 14:43:32.770 JST" StructureHandle="/IFM11/res/drawable/menu_icon_admin_32x32_purple.png" StructureKind="resource"/><InteractionEvent Delta="null" EndDate="2014-09-01 14:50:38.472 JST" Interest="6.0490003" Kind="propagation" Navigation="org.eclipse.mylyn.core.model.edges.containment" OriginId="org.eclipse.mylyn.core.model.interest.propagation" StartDate="2014-09-01 14:35:03.57 JST" StructureHandle="/IFM11/bin/res" StructureKind="resource" NumEvents="3" CreationCount="64"/><InteractionEvent Delta="null" EndDate="2014-09-01 15:05:19.437 JST" Interest="6.0" Kind="selection" Navigation="null" OriginId="org.eclipse.jdt.ui.CompilationUnitEditor" StartDate="2014-09-01 14:58:27.87 JST" StructureHandle="=IFM11/src&amp;lt;ifm11.utils{Methods.java[Methods~start_Activity_LogActv~QActivity;~QDialog;" StructureKind="java" NumEvents="6" CreationCount="556"/><InteractionEvent Delta="null" EndDate="2014-09-01 14:59:00.991 JST" Interest="7.0" Kind="edit" Navigation="null" OriginId="org.eclipse.jdt.ui.CompilationUnitEditor" StartDate="2014-09-01 14:58:28.923 JST" StructureHandle="=IFM11/src&amp;lt;ifm11.utils{Methods.java[Methods~start_Activity_LogActv~QActivity;~QDialog;" StructureKind="java" NumEvents="7" CreationCount="556"/><InteractionEvent Delta="null" EndDate="2014-09-01 14:45:56.636 JST" Interest="1.0" Kind="selection" Navigation="null" OriginId="org.eclipse.ui.views.ResourceNavigator" StartDate="2014-09-01 14:45:56.636 JST" StructureHandle="/TA2/res/layout" StructureKind="resource"/><InteractionEvent Delta="null" EndDate="2014-09-01 14:46:00.554 JST" Interest="0.01700002" Kind="propagation" Navigation="org.eclipse.mylyn.core.model.edges.containment" OriginId="org.eclipse.mylyn.core.model.interest.propagation" StartDate="2014-09-01 14:46:00.554 JST" StructureHandle="/TA2/res/layout" StructureKind="resource"/><InteractionEvent Delta="null" EndDate="2014-09-01 14:56:17.576 JST" Interest="11.435999" Kind="propagation" Navigation="org.eclipse.mylyn.core.model.edges.containment" OriginId="org.eclipse.mylyn.core.model.interest.propagation" StartDate="2014-09-01 14:53:58.898 JST" StructureHandle="=TA2/src&amp;lt;ta2.listeners.dialog" StructureKind="java" NumEvents="17" CreationCount="402"/><InteractionEvent Delta="null" EndDate="2014-09-01 14:45:18.968 JST" Interest="1.0" Kind="selection" Navigation="null" OriginId="org.eclipse.jdt.ui.PackageExplorer" StartDate="2014-09-01 14:45:18.968 JST" StructureHandle="=IFM11/src&amp;lt;ifm11.adapters" StructureKind="java"/><InteractionEvent Delta="null" EndDate="2014-09-01 14:46:42.35 JST" Interest="5.0" Kind="propagation" Navigation="org.eclipse.mylyn.core.model.edges.containment" OriginId="org.eclipse.mylyn.core.model.interest.propagation" StartDate="2014-09-01 14:45:22.528 JST" StructureHandle="=IFM11/src&amp;lt;ifm11.adapters" StructureKind="java" NumEvents="6" CreationCount="240"/><InteractionEvent Delta="null" EndDate="2014-09-01 15:04:53.725 JST" Interest="181.0" Kind="propagation" Navigation="null" OriginId="org.eclipse.jdt.ui.CompilationUnitEditor" StartDate="2014-09-01 14:59:19.655 JST" StructureHandle="/IFM11/src/ifm11/main/LogActv.java" StructureKind="resource" NumEvents="181" CreationCount="571"/><InteractionEvent Delta="null" EndDate="2014-09-01 15:19:38.22 JST" Interest="1.0" Kind="propagation" Navigation="null" OriginId="org.eclipse.mylyn.resources.ui.interest.updater" StartDate="2014-09-01 15:19:38.22 JST" StructureHandle="/IFM11/src/ifm11/listeners/LCL.java" StructureKind="resource"/><InteractionEvent Delta="null" EndDate="2014-09-01 14:56:13.943 JST" Interest="2.0" Kind="selection" Navigation="null" OriginId="org.eclipse.jdt.ui.CompilationUnitEditor" StartDate="2014-09-01 14:56:13.938 JST" StructureHandle="=TA2/src&amp;lt;ta2.listeners.dialog{DOI_CL.java[DOI_CL~case_Admin_LV~QListItem;" StructureKind="java" NumEvents="2" CreationCount="486"/><InteractionEvent Delta="null" EndDate="2014-09-01 15:19:38.21 JST" Interest="1.0" Kind="prediction" Navigation="null" OriginId="org.eclipse.mylyn.resources.ui.interest.updater" StartDate="2014-09-01 15:19:38.21 JST" StructureHandle="=IFM11/src&amp;lt;ifm11.listeners{LCL.java" StructureKind="java"/><InteractionEvent Delta="null" EndDate="2014-09-01 14:46:42.35 JST" Interest="5.0" Kind="selection" Navigation="null" OriginId="org.eclipse.jdt.ui.CompilationUnitEditor" StartDate="2014-09-01 14:45:22.527 JST" StructureHandle="=IFM11/src&amp;lt;ifm11.adapters{Adp_ListItems.java" StructureKind="java" NumEvents="5" CreationCount="240"/><InteractionEvent Delta="null" EndDate="2014-09-01 15:19:38.21 JST" Interest="1.0" Kind="prediction" Navigation="null" OriginId="org.eclipse.mylyn.resources.ui.interest.updater" StartDate="2014-09-01 15:19:38.21 JST" StructureHandle="=IFM11/src&amp;lt;ifm11.adapters{Adp_ListItems.java" StructureKind="java"/><InteractionEvent Delta="null" EndDate="2014-09-01 14:45:20.987 JST" Interest="1.0" Kind="propagation" Navigation="null" OriginId="org.eclipse.mylyn.resources.ui.interest.updater" StartDate="2014-09-01 14:45:20.987 JST" StructureHandle="=IFM11/src&amp;lt;ifm11.adapters{Adp_ListItems.java" StructureKind="java"/><InteractionEvent Delta="null" EndDate="2014-09-01 15:04:46.540 JST" Interest="46.0" Kind="propagation" Navigation="null" OriginId="org.eclipse.jdt.ui.CompilationUnitEditor" StartDate="2014-09-01 14:34:50.745 JST" StructureHandle="/IFM11/src/ifm11/main/MainActv.java" StructureKind="resource" NumEvents="46" CreationCount="62"/><InteractionEvent Delta="null" EndDate="2014-09-01 14:50:38.471 JST" Interest="1.0" Kind="propagation" Navigation="null" OriginId="org.eclipse.mylyn.resources.ui.interest.updater" StartDate="2014-09-01 14:50:38.471 JST" StructureHandle="/IFM11/bin/res/crunch/drawable/menu_icon_admin_32x32_yellow.png" StructureKind="resource"/><InteractionEvent Delta="null" EndDate="2014-09-01 15:04:14.673 JST" Interest="6.0" Kind="selection" Navigation="null" OriginId="org.eclipse.ui.views.ContentOutline" StartDate="2014-09-01 15:01:38.393 JST" StructureHandle="=IFM11/src&amp;lt;ifm11.main{LogActv.java[LogActv~onCreate~QBundle;" StructureKind="java" NumEvents="6" CreationCount="666"/><InteractionEvent Delta="null" EndDate="2014-09-01 15:04:11.329 JST" Interest="39.0" Kind="edit" Navigation="null" OriginId="org.eclipse.jdt.ui.CompilationUnitEditor" StartDate="2014-09-01 15:01:38.994 JST" StructureHandle="=IFM11/src&amp;lt;ifm11.main{LogActv.java[LogActv~onCreate~QBundle;" StructureKind="java" NumEvents="39" CreationCount="666"/><InteractionEvent Delta="null" EndDate="2014-09-01 15:19:36.330 JST" Interest="2.0" Kind="selection" Navigation="null" OriginId="org.eclipse.jdt.ui.PackageExplorer" StartDate="2014-09-01 15:19:34.582 JST" StructureHandle="=IFM11/src&amp;lt;ifm11.items{WordPattern.java" StructureKind="java" NumEvents="2" CreationCount="802"/><InteractionEvent Delta="null" EndDate="2014-09-01 14:45:06.59 JST" Interest="2.0" Kind="selection" Navigation="null" OriginId="org.eclipse.ui.views.ResourceNavigator" StartDate="2014-09-01 14:43:24.608 JST" StructureHandle="/TA2/res/drawable/menu_icon_admin_32x32_brown.png" StructureKind="resource" NumEvents="2" CreationCount="183"/><InteractionEvent Delta="null" EndDate="2014-09-01 14:47:20.395 JST" Interest="2.0" Kind="propagation" Navigation="null" OriginId="org.eclipse.jdt.ui.CompilationUnitEditor" StartDate="2014-09-01 14:47:19.528 JST" StructureHandle="/IFM11/src/ifm11/utils/Tags.java" StructureKind="resource" NumEvents="2" CreationCount="282"/><InteractionEvent Delta="null" EndDate="2014-09-01 14:40:47.833 JST" Interest="1.0" Kind="selection" Navigation="null" OriginId="org.eclipse.ui.views.ResourceNavigator" StartDate="2014-09-01 14:40:47.833 JST" StructureHandle="=TA2/src&amp;lt;ta2.tasks" StructureKind="java"/><InteractionEvent Delta="null" EndDate="2014-09-01 14:56:17.574 JST" Interest="1.0" Kind="selection" Navigation="null" OriginId="org.eclipse.jdt.ui.CompilationUnitEditor" StartDate="2014-09-01 14:56:17.574 JST" StructureHandle="=TA2/src&amp;lt;ta2.listeners.dialog{DOI_CL.java[DOI_CL" StructureKind="java"/><InteractionEvent Delta="null" EndDate="2014-09-01 14:56:11.27 JST" Interest="10.418999" Kind="propagation" Navigation="org.eclipse.mylyn.core.model.edges.containment" OriginId="org.eclipse.mylyn.core.model.interest.propagation" StartDate="2014-09-01 14:53:59.685 JST" StructureHandle="=TA2/src&amp;lt;ta2.listeners.dialog{DOI_CL.java[DOI_CL" StructureKind="java" NumEvents="13" CreationCount="403"/><InteractionEvent Delta="null" EndDate="2014-09-01 14:50:51.635 JST" Interest="6.0" Kind="selection" Navigation="null" OriginId="com.android.ide.eclipse.editors.CommonXmlEditor" StartDate="2014-09-01 14:48:38.65 JST" StructureHandle="/IFM11/res/layout/dlg_tmpl_cancel_lv.xml" StructureKind="resource" NumEvents="6" CreationCount="319"/><InteractionEvent Delta="null" EndDate="2014-09-01 14:50:51.681 JST" Interest="6.0" Kind="edit" Navigation="null" OriginId="com.android.ide.eclipse.editors.CommonXmlEditor" StartDate="2014-09-01 14:49:38.648 JST" StructureHandle="/IFM11/res/layout/dlg_tmpl_cancel_lv.xml" StructureKind="resource" NumEvents="6" CreationCount="319"/><InteractionEvent Delta="null" EndDate="2014-09-01 15:03:19.932 JST" Interest="3.0" Kind="selection" Navigation="null" OriginId="org.eclipse.jdt.ui.PackageExplorer" StartDate="2014-09-01 14:59:32.567 JST" StructureHandle="/IFM11/AndroidManifest.xml" StructureKind="resource" NumEvents="3" CreationCount="578"/><InteractionEvent Delta="null" EndDate="2014-09-01 14:59:32.956 JST" Interest="1.0" Kind="edit" Navigation="null" OriginId="com.android.ide.eclipse.editors.manifest.ManifestEditor" StartDate="2014-09-01 14:59:32.956 JST" StructureHandle="/IFM11/AndroidManifest.xml" StructureKind="resource"/><InteractionEvent Delta="null" EndDate="2014-09-01 15:03:19.932 JST" Interest="0.12200022" Kind="manipulation" Navigation="null" OriginId="org.eclipse.mylyn.core.model.interest.decay.correction" StartDate="2014-09-01 15:03:19.932 JST" StructureHandle="/IFM11/AndroidManifest.xml" StructureKind="resource"/><InteractionEvent Delta="null" EndDate="2014-09-01 14:46:00.554 JST" Interest="1.0" Kind="selection" Navigation="null" OriginId="org.eclipse.ui.views.ResourceNavigator" StartDate="2014-09-01 14:46:00.554 JST" StructureHandle="/TA2/res/layout/list_row_simple_iv_1.xml" StructureKind="resource"/><InteractionEvent Delta="null" EndDate="2014-09-01 14:45:06.61 JST" Interest="2.0" Kind="selection" Navigation="null" OriginId="org.eclipse.ui.views.ResourceNavigator" StartDate="2014-09-01 14:43:24.610 JST" StructureHandle="/TA2/res/drawable/menu_icon_admin_32x32_red.png" StructureKind="resource" NumEvents="2" CreationCount="186"/><InteractionEvent Delta="null" EndDate="2014-09-01 14:33:29.1 JST" Interest="1.0" Kind="selection" Navigation="null" OriginId="org.eclipse.ui.views.ResourceNavigator" StartDate="2014-09-01 14:33:29.1 JST" StructureHandle="=TA2/src&amp;lt;ta2" StructureKind="java"/><InteractionEvent Delta="null" EndDate="2014-09-01 14:42:14.717 JST" Interest="5.0" Kind="propagation" Navigation="null" OriginId="org.eclipse.jdt.ui.PackageExplorer" StartDate="2014-09-01 14:40:11.376 JST" StructureHandle="/IFM11/src/ifm11/items/ListItem.java" StructureKind="resource" NumEvents="5" CreationCount="116"/><InteractionEvent Delta="null" EndDate="2014-09-01 14:46:45.173 JST" Interest="16.0" Kind="propagation" Navigation="null" OriginId="org.eclipse.jdt.ui.CompilationUnitEditor" StartDate="2014-09-01 14:45:20.987 JST" StructureHandle="/IFM11/src/ifm11/adapters/Adp_ListItems.java" StructureKind="resource" NumEvents="16" CreationCount="240"/><InteractionEvent Delta="null" EndDate="2014-09-01 14:54:02.380 JST" Interest="2.0" Kind="selection" Navigation="null" OriginId="org.eclipse.jdt.ui.CompilationUnitEditor" StartDate="2014-09-01 14:53:59.684 JST" StructureHandle="=TA2/src&amp;lt;ta2.listeners.dialog{DOI_CL.java[DOI_CL~DOI_CL~QActivity;~QDialog;" StructureKind="java" NumEvents="2" CreationCount="403"/><InteractionEvent Delta="null" EndDate="2014-09-01 15:19:38.23 JST" Interest="544.306" Kind="propagation" Navigation="null" OriginId="org.eclipse.mylyn.resources.ui.interest.updater" StartDate="2014-09-01 14:30:20.347 JST" StructureHandle="/IFM11/src" StructureKind="resource" NumEvents="548" CreationCount="1"/><InteractionEvent Delta="null" EndDate="2014-09-01 14:41:39.975 JST" Interest="1.0" Kind="selection" Navigation="null" OriginId="org.eclipse.jdt.ui.CompilationUnitEditor" StartDate="2014-09-01 14:41:39.975 JST" StructureHandle="=IFM11/src&amp;lt;ifm11.utils{Methods_dlg.java#android.app.Activity" StructureKind="java"/><InteractionEvent Delta="null" EndDate="2014-09-01 15:19:34.420 JST" Interest="241.289" Kind="propagation" Navigation="org.eclipse.mylyn.core.model.edges.containment" OriginId="org.eclipse.mylyn.core.model.interest.propagation" StartDate="2014-09-01 14:32:14.47 JST" StructureHandle="/IFM11/src/ifm11" StructureKind="resource" NumEvents="245" CreationCount="2"/><InteractionEvent Delta="null" EndDate="2014-09-01 14:47:20.395 JST" Interest="1.0" Kind="propagation" Navigation="org.eclipse.mylyn.core.model.edges.containment" OriginId="org.eclipse.mylyn.core.model.interest.propagation" StartDate="2014-09-01 14:47:20.395 JST" StructureHandle="=IFM11/src&amp;lt;ifm11.utils{Tags.java[Tags" StructureKind="java"/><InteractionEvent Delta="null" EndDate="2014-09-01 14:40:20.730 JST" Interest="2.017" Kind="propagation" Navigation="org.eclipse.mylyn.core.model.edges.containment" OriginId="org.eclipse.mylyn.core.model.interest.propagation" StartDate="2014-09-01 14:40:05.433 JST" StructureHandle="/TA2/src/ta2/items" StructureKind="resource" NumEvents="3" CreationCount="113"/><InteractionEvent Delta="null" EndDate="2014-09-01 14:38:28.924 JST" Interest="1.0" Kind="propagation" Navigation="null" OriginId="org.eclipse.mylyn.resources.ui.interest.updater" StartDate="2014-09-01 14:38:28.924 JST" StructureHandle="/IFM11/bin/res/crunch/drawable/general_ib_ball_blue_30x30.png" StructureKind="resource"/><InteractionEvent Delta="null" EndDate="2014-09-01 14:59:56.550 JST" Interest="4.0" Kind="selection" Navigation="null" OriginId="org.eclipse.jdt.ui.CompilationUnitEditor" StartDate="2014-09-01 14:56:32.628 JST" StructureHandle="=IFM11/src&amp;lt;ifm11.listeners.dialog{DOI_CL.java[DOI_CL~case_ACTV_MAIN_OPTMENU_OTHERS~QListItem;" StructureKind="java" NumEvents="4" CreationCount="497"/><InteractionEvent Delta="null" EndDate="2014-09-01 15:00:02.529 JST" Interest="50.0" Kind="edit" Navigation="null" OriginId="org.eclipse.jdt.ui.CompilationUnitEditor" StartDate="2014-09-01 14:56:34.983 JST" StructureHandle="=IFM11/src&amp;lt;ifm11.listeners.dialog{DOI_CL.java[DOI_CL~case_ACTV_MAIN_OPTMENU_OTHERS~QListItem;" StructureKind="java" NumEvents="50" CreationCount="497"/><InteractionEvent Delta="null" EndDate="2014-09-01 14:30:20.346 JST" Interest="1.0" Kind="selection" Navigation="null" OriginId="org.eclipse.jdt.ui.PackageExplorer" StartDate="2014-09-01 14:30:20.346 JST" StructureHandle="=IFM11/src" StructureKind="java"/><InteractionEvent Delta="null" EndDate="2014-09-01 14:58:28.924 JST" Interest="72.65001" Kind="propagation" Navigation="org.eclipse.mylyn.core.model.edges.containment" OriginId="org.eclipse.mylyn.core.model.interest.propagation" StartDate="2014-09-01 14:32:14.48 JST" StructureHandle="=IFM11/src" StructureKind="java" NumEvents="107" CreationCount="1"/><InteractionEvent Delta="null" EndDate="2014-09-01 15:03:24.695 JST" Interest="1.0" Kind="selection" Navigation="null" OriginId="org.eclipse.jdt.ui.PackageExplorer" StartDate="2014-09-01 15:03:24.695 JST" StructureHandle="/IFM11/res/layout/thumb_activity.xml" StructureKind="resource"/><InteractionEvent Delta="null" EndDate="2014-09-01 14:54:12.76 JST" Interest="3.0" Kind="selection" Navigation="null" OriginId="org.eclipse.jdt.ui.CompilationUnitEditor" StartDate="2014-09-01 14:53:42.269 JST" StructureHandle="=IFM11/src&amp;lt;ifm11.listeners.dialog{DOI_CL.java[DOI_CL~DOI_CL~QActivity;~QDialog;" StructureKind="java" NumEvents="3" CreationCount="395"/><InteractionEvent Delta="null" EndDate="2014-09-01 14:43:32.770 JST" Interest="1.0" Kind="propagation" Navigation="null" OriginId="org.eclipse.mylyn.resources.ui.interest.updater" StartDate="2014-09-01 14:43:32.770 JST" StructureHandle="/IFM11/res/drawable/menu_icon_admin_32x32_red.png" StructureKind="resource"/><InteractionEvent Delta="null" EndDate="2014-09-01 14:39:54.853 JST" Interest="3.0" Kind="selection" Navigation="null" OriginId="org.eclipse.ui.views.ResourceNavigator" StartDate="2014-09-01 14:33:36.420 JST" StructureHandle="/TA2/res/drawable/general_ib_ball_blue_48x48.png" StructureKind="resource" NumEvents="3" CreationCount="31"/><InteractionEvent Delta="null" EndDate="2014-09-01 14:40:10.655 JST" Interest="2.0" Kind="selection" Navigation="null" OriginId="org.eclipse.jdt.ui.PackageExplorer" StartDate="2014-09-01 14:39:49.687 JST" StructureHandle="=IFM11/src&amp;lt;ifm11.items" StructureKind="java" NumEvents="2" CreationCount="104"/><InteractionEvent Delta="null" EndDate="2014-09-01 15:19:36.331 JST" Interest="11.866" Kind="propagation" Navigation="org.eclipse.mylyn.core.model.edges.containment" OriginId="org.eclipse.mylyn.core.model.interest.propagation" StartDate="2014-09-01 14:40:12.314 JST" StructureHandle="=IFM11/src&amp;lt;ifm11.items" StructureKind="java" NumEvents="5" CreationCount="104"/><InteractionEvent Delta="null" EndDate="2014-09-01 14:40:05.433 JST" Interest="1.0" Kind="selection" Navigation="null" OriginId="org.eclipse.ui.views.ResourceNavigator" StartDate="2014-09-01 14:40:05.433 JST" StructureHandle="=TA2/src&amp;lt;ta2.items" StructureKind="java"/><InteractionEvent Delta="null" EndDate="2014-09-01 14:40:20.730 JST" Interest="1.017" Kind="propagation" Navigation="org.eclipse.mylyn.core.model.edges.containment" OriginId="org.eclipse.mylyn.core.model.interest.propagation" StartDate="2014-09-01 14:40:06.947 JST" StructureHandle="=TA2/src&amp;lt;ta2.items" StructureKind="java" NumEvents="2" CreationCount="113"/><InteractionEvent Delta="null" EndDate="2014-09-01 14:40:20.729 JST" Interest="2.0" Kind="propagation" Navigation="null" OriginId="org.eclipse.ui.views.ResourceNavigator" StartDate="2014-09-01 14:40:06.946 JST" StructureHandle="/TA2/src/ta2/items/ListItem.java" StructureKind="resource" NumEvents="2" CreationCount="114"/><InteractionEvent Delta="null" EndDate="2014-09-01 15:05:00.283 JST" Interest="4.0" Kind="prediction" Navigation="null" OriginId="org.eclipse.mylyn.resources.ui.interest.updater" StartDate="2014-09-01 14:35:03.54 JST" StructureHandle="/IFM11/bin/resources.ap_" StructureKind="resource" NumEvents="4" CreationCount="64"/><InteractionEvent Delta="null" EndDate="2014-09-01 14:35:03.56 JST" Interest="1.0" Kind="propagation" Navigation="null" OriginId="org.eclipse.mylyn.resources.ui.interest.updater" StartDate="2014-09-01 14:35:03.56 JST" StructureHandle="/IFM11/bin/res/crunch/drawable/general_ib_ball_blue_48x48.png" StructureKind="resource"/><InteractionEvent Delta="null" EndDate="2014-09-01 15:01:00.432 JST" Interest="5.0" Kind="selection" Navigation="null" OriginId="org.eclipse.ui.views.ContentOutline" StartDate="2014-09-01 15:00:37.336 JST" StructureHandle="=IFM11/src&amp;lt;ifm11.main{LogActv.java[LogActv~_Setup_CreateListFile~QFile;" StructureKind="java" NumEvents="5" CreationCount="608"/><InteractionEvent Delta="null" EndDate="2014-09-01 14:56:17.575 JST" Interest="24.0" Kind="propagation" Navigation="null" OriginId="org.eclipse.jdt.ui.CompilationUnitEditor" StartDate="2014-09-01 14:53:58.897 JST" StructureHandle="/TA2/src/ta2/listeners/dialog/DOI_CL.java" StructureKind="resource" NumEvents="24" CreationCount="402"/><InteractionEvent Delta="null" EndDate="2014-09-01 15:01:16.517 JST" Interest="1.0" Kind="selection" Navigation="null" OriginId="org.eclipse.ui.views.ContentOutline" StartDate="2014-09-01 15:01:16.517 JST" StructureHandle="=IFM11/src&amp;lt;ifm11.main{LogActv.java[LogActv~do_debug" StructureKind="java"/><InteractionEvent Delta="null" EndDate="2014-09-01 15:01:21.663 JST" Interest="5.0" Kind="edit" Navigation="null" OriginId="org.eclipse.jdt.ui.CompilationUnitEditor" StartDate="2014-09-01 15:01:17.942 JST" StructureHandle="=IFM11/src&amp;lt;ifm11.main{LogActv.java[LogActv~do_debug" StructureKind="java" NumEvents="5" CreationCount="657"/><InteractionEvent Delta="null" EndDate="2014-09-01 15:01:00.430 JST" Interest="5.0" Kind="selection" Navigation="null" OriginId="org.eclipse.ui.views.ContentOutline" StartDate="2014-09-01 15:00:37.333 JST" StructureHandle="=IFM11/src&amp;lt;ifm11.main{LogActv.java[LogActv~_ItemClick_SetPref_CurrentPosition~I" StructureKind="java" NumEvents="5" CreationCount="607"/><InteractionEvent Delta="null" EndDate="2014-09-01 14:34:04.448 JST" Interest="1.0" Kind="selection" Navigation="null" OriginId="org.eclipse.jdt.ui.PackageExplorer" StartDate="2014-09-01 14:34:04.448 JST" StructureHandle="/IFM11/res/menu" StructureKind="resource"/><InteractionEvent Delta="null" EndDate="2014-09-01 14:43:27.729 JST" Interest="28.817" Kind="propagation" Navigation="org.eclipse.mylyn.core.model.edges.containment" OriginId="org.eclipse.mylyn.core.model.interest.propagation" StartDate="2014-09-01 14:34:06.399 JST" StructureHandle="/IFM11/res/menu" StructureKind="resource" NumEvents="40" CreationCount="35"/><InteractionEvent Delta="null" EndDate="2014-09-01 14:34:48.958 JST" Interest="3.0" Kind="selection" Navigation="null" OriginId="org.eclipse.jdt.ui.PackageExplorer" StartDate="2014-09-01 14:33:02.95 JST" StructureHandle="=IFM11/src&amp;lt;ifm11.main" StructureKind="java" NumEvents="3" CreationCount="19"/><InteractionEvent Delta="null" EndDate="2014-09-01 15:04:48.911 JST" Interest="44.299004" Kind="propagation" Navigation="org.eclipse.mylyn.core.model.edges.containment" OriginId="org.eclipse.mylyn.core.model.interest.propagation" StartDate="2014-09-01 14:38:25.823 JST" StructureHandle="=IFM11/src&amp;lt;ifm11.main" StructureKind="java" NumEvents="68" CreationCount="19"/><InteractionEvent Delta="null" EndDate="2014-09-01 14:56:55.97 JST" Interest="21.0" Kind="selection" Navigation="null" OriginId="org.eclipse.jdt.ui.CompilationUnitEditor" StartDate="2014-09-01 14:41:20.435 JST" StructureHandle="=IFM11/src&amp;lt;ifm11.utils{Methods_dlg.java" StructureKind="java" NumEvents="21" CreationCount="140"/><InteractionEvent Delta="null" EndDate="2014-09-01 14:57:02.27 JST" Interest="50.287" Kind="propagation" Navigation="org.eclipse.mylyn.core.model.edges.containment" OriginId="org.eclipse.mylyn.core.model.interest.propagation" StartDate="2014-09-01 14:41:21.406 JST" StructureHandle="=IFM11/src&amp;lt;ifm11.utils{Methods_dlg.java" StructureKind="java" NumEvents="77" CreationCount="140"/><InteractionEvent Delta="null" EndDate="2014-09-01 14:46:42.85 JST" Interest="2.0" Kind="selection" Navigation="null" OriginId="org.eclipse.jdt.ui.CompilationUnitEditor" StartDate="2014-09-01 14:45:44.160 JST" StructureHandle="=IFM11/src&amp;lt;ifm11.adapters{Adp_ListItems.java[Adp_ListItems~getView~I~QView;~QViewGroup;" StructureKind="java" NumEvents="2" CreationCount="250"/><InteractionEvent Delta="null" EndDate="2014-09-01 14:46:45.172 JST" Interest="3.0" Kind="edit" Navigation="null" OriginId="org.eclipse.jdt.ui.CompilationUnitEditor" StartDate="2014-09-01 14:45:49.642 JST" StructureHandle="=IFM11/src&amp;lt;ifm11.adapters{Adp_ListItems.java[Adp_ListItems~getView~I~QView;~QViewGroup;" StructureKind="java" NumEvents="3" CreationCount="250"/><InteractionEvent Delta="null" EndDate="2014-09-01 14:40:45.610 JST" Interest="1.0" Kind="selection" Navigation="null" OriginId="org.eclipse.ui.views.ResourceNavigator" StartDate="2014-09-01 14:40:45.610 JST" StructureHandle="=TA2/src&amp;lt;ta2.main" StructureKind="java"/><InteractionEvent Delta="null" EndDate="2014-09-01 15:03:20.123 JST" Interest="1.0" Kind="selection" Navigation="null" OriginId="org.eclipse.jdt.ui.PackageExplorer" StartDate="2014-09-01 15:03:20.123 JST" StructureHandle="/IFM11/res/layout/list_row.xml" StructureKind="resource"/><InteractionEvent Delta="null" EndDate="2014-09-01 15:05:19.438 JST" Interest="158.34601" Kind="propagation" Navigation="null" OriginId="org.eclipse.jdt.ui.CompilationUnitEditor" StartDate="2014-09-01 14:32:14.47 JST" StructureHandle="/IFM11/src/ifm11/utils" StructureKind="resource" NumEvents="157" CreationCount="2"/><InteractionEvent Delta="null" EndDate="2014-09-01 14:56:17.575 JST" Interest="24.0" Kind="propagation" Navigation="org.eclipse.mylyn.core.model.edges.containment" OriginId="org.eclipse.mylyn.core.model.interest.propagation" StartDate="2014-09-01 14:53:58.897 JST" StructureHandle="/TA2/src/ta2/listeners" StructureKind="resource" NumEvents="24" CreationCount="402"/><InteractionEvent Delta="null" EndDate="2014-09-01 14:46:06.5 JST" Interest="8.0" Kind="selection" Navigation="null" OriginId="org.eclipse.jdt.ui.PackageExplorer" StartDate="2014-09-01 14:33:55.27 JST" StructureHandle="/IFM11/res/drawable" StructureKind="resource" NumEvents="8" CreationCount="34"/><InteractionEvent Delta="null" EndDate="2014-09-01 15:04:48.730 JST" Interest="1.0" Kind="selection" Navigation="null" OriginId="org.eclipse.jdt.ui.CompilationUnitEditor" StartDate="2014-09-01 15:04:48.730 JST" StructureHandle="=IFM11/src&amp;lt;ifm11.main{TNActv.java[TNActv" StructureKind="java"/><InteractionEvent Delta="null" EndDate="2014-09-01 15:04:45.107 JST" Interest="4.5" Kind="propagation" Navigation="org.eclipse.mylyn.core.model.edges.containment" OriginId="org.eclipse.mylyn.core.model.interest.propagation" StartDate="2014-09-01 15:04:41.514 JST" StructureHandle="=IFM11/src&amp;lt;ifm11.main{TNActv.java[TNActv" StructureKind="java" NumEvents="6" CreationCount="785"/><InteractionEvent Delta="null" EndDate="2014-09-01 15:04:46.540 JST" Interest="5.0" Kind="selection" Navigation="null" OriginId="org.eclipse.jdt.ui.CompilationUnitEditor" StartDate="2014-09-01 15:00:12.775 JST" StructureHandle="=IFM11/src&amp;lt;ifm11.main{MainActv.java[MainActv" StructureKind="java" NumEvents="5" CreationCount="64"/><InteractionEvent Delta="null" EndDate="2014-09-01 15:00:09.976 JST" Interest="20.674" Kind="propagation" Navigation="org.eclipse.mylyn.core.model.edges.containment" OriginId="org.eclipse.mylyn.core.model.interest.propagation" StartDate="2014-09-01 14:34:54.64 JST" StructureHandle="=IFM11/src&amp;lt;ifm11.main{MainActv.java[MainActv" StructureKind="java" NumEvents="26" CreationCount="64"/><InteractionEvent Delta="null" EndDate="2014-09-01 14:59:56.467 JST" Interest="11.0" Kind="selection" Navigation="null" OriginId="org.eclipse.jdt.ui.CompilationUnitEditor" StartDate="2014-09-01 14:53:41.461 JST" StructureHandle="=IFM11/src&amp;lt;ifm11.listeners.dialog{DOI_CL.java" StructureKind="java" NumEvents="11" CreationCount="394"/><InteractionEvent Delta="null" EndDate="2014-09-01 15:00:02.530 JST" Interest="29.751001" Kind="propagation" Navigation="org.eclipse.mylyn.core.model.edges.containment" OriginId="org.eclipse.mylyn.core.model.interest.propagation" StartDate="2014-09-01 14:53:42.270 JST" StructureHandle="=IFM11/src&amp;lt;ifm11.listeners.dialog{DOI_CL.java" StructureKind="java" NumEvents="46" CreationCount="394"/><InteractionEvent Delta="null" EndDate="2014-09-01 14:38:18.873 JST" Interest="1.0" Kind="propagation" Navigation="null" OriginId="org.eclipse.mylyn.resources.ui.interest.updater" StartDate="2014-09-01 14:38:18.873 JST" StructureHandle="/IFM11/res/drawable/general_ib_ball_blue_30x30.png" StructureKind="resource"/><InteractionEvent Delta="null" EndDate="2014-09-01 15:19:34.419 JST" Interest="12.0" Kind="propagation" Navigation="null" OriginId="org.eclipse.jdt.ui.PackageExplorer" StartDate="2014-09-01 15:04:36.533 JST" StructureHandle="/IFM11/src/ifm11/main/TNActv.java" StructureKind="resource" NumEvents="12" CreationCount="782"/><InteractionEvent Delta="null" EndDate="2014-09-01 14:45:34.153 JST" Interest="1.0" Kind="selection" Navigation="null" OriginId="org.eclipse.jdt.ui.CompilationUnitEditor" StartDate="2014-09-01 14:45:34.153 JST" StructureHandle="=IFM11/src&amp;lt;ifm11.adapters{Adp_ListItems.java#" StructureKind="java"/><InteractionEvent Delta="null" EndDate="2014-09-01 14:45:40.589 JST" Interest="1.0510001" Kind="propagation" Navigation="org.eclipse.mylyn.core.model.edges.containment" OriginId="org.eclipse.mylyn.core.model.interest.propagation" StartDate="2014-09-01 14:45:31.341 JST" StructureHandle="=IFM11/src&amp;lt;ifm11.adapters{Adp_ListItems.java#" StructureKind="java" NumEvents="3" CreationCount="245"/><InteractionEvent Delta="null" EndDate="2014-09-01 15:04:48.911 JST" Interest="7.0" Kind="selection" Navigation="null" OriginId="org.eclipse.jdt.ui.CompilationUnitEditor" StartDate="2014-09-01 14:59:20.332 JST" StructureHandle="=IFM11/src&amp;lt;ifm11.main{LogActv.java" StructureKind="java" NumEvents="7" CreationCount="571"/><InteractionEvent Delta="null" EndDate="2014-09-01 15:04:27.534 JST" Interest="30.915" Kind="propagation" Navigation="org.eclipse.mylyn.core.model.edges.containment" OriginId="org.eclipse.mylyn.core.model.interest.propagation" StartDate="2014-09-01 14:59:19.655 JST" StructureHandle="=IFM11/src&amp;lt;ifm11.main{LogActv.java" StructureKind="java" NumEvents="48" CreationCount="571"/><InteractionEvent Delta="null" EndDate="2014-09-01 14:45:06.62 JST" Interest="2.0" Kind="selection" Navigation="null" OriginId="org.eclipse.ui.views.ResourceNavigator" StartDate="2014-09-01 14:43:24.610 JST" StructureHandle="/TA2/res/drawable/menu_icon_admin_32x32_yellow.png" StructureKind="resource" NumEvents="2" CreationCount="187"/><InteractionEvent Delta="null" EndDate="2014-09-01 15:04:41.513 JST" Interest="1.0" Kind="selection" Navigation="null" OriginId="org.eclipse.ui.views.ContentOutline" StartDate="2014-09-01 15:04:41.513 JST" StructureHandle="=IFM11/src&amp;lt;ifm11.main{TNActv.java[TNActv~onBackPressed" StructureKind="java"/><InteractionEvent Delta="null" EndDate="2014-09-01 15:04:45.106 JST" Interest="5.0" Kind="edit" Navigation="null" OriginId="org.eclipse.jdt.ui.CompilationUnitEditor" StartDate="2014-09-01 15:04:42.159 JST" StructureHandle="=IFM11/src&amp;lt;ifm11.main{TNActv.java[TNActv~onBackPressed" StructureKind="java" NumEvents="5" CreationCount="785"/><InteractionEvent Delta="null" EndDate="2014-09-01 14:40:49.628 JST" Interest="1.0" Kind="selection" Navigation="null" OriginId="org.eclipse.ui.views.ResourceNavigator" StartDate="2014-09-01 14:40:49.628 JST" StructureHandle="=TA2/src&amp;lt;ta2.utils" StructureKind="java"/><InteractionEvent Delta="null" EndDate="2014-09-01 14:56:17.997 JST" Interest="18.985" Kind="propagation" Navigation="org.eclipse.mylyn.core.model.edges.containment" OriginId="org.eclipse.mylyn.core.model.interest.propagation" StartDate="2014-09-01 14:40:51.132 JST" StructureHandle="=TA2/src&amp;lt;ta2.utils" StructureKind="java" NumEvents="25" CreationCount="125"/><InteractionEvent Delta="null" EndDate="2014-09-01 15:19:38.22 JST" Interest="124.593" Kind="propagation" Navigation="null" OriginId="org.eclipse.mylyn.resources.ui.interest.updater" StartDate="2014-09-01 14:36:25.33 JST" StructureHandle="/IFM11/src/ifm11/listeners" StructureKind="resource" NumEvents="122" CreationCount="65"/><InteractionEvent Delta="null" EndDate="2014-09-01 14:56:23.827 JST" Interest="1.0" Kind="selection" Navigation="null" OriginId="org.eclipse.jdt.ui.CompilationUnitEditor" StartDate="2014-09-01 14:56:23.827 JST" StructureHandle="=IFM11/src&amp;lt;ifm11.listeners.dialog{DOI_CL.java#ifm11.items.ListItem" StructureKind="java"/><InteractionEvent Delta="null" EndDate="2014-09-01 14:47:35.178 JST" Interest="4.0" Kind="selection" Navigation="null" OriginId="org.eclipse.jdt.ui.CompilationUnitEditor" StartDate="2014-09-01 14:42:55.16 JST" StructureHandle="=TA2/src&amp;lt;ta2.utils{Methods_dlg.java[Methods_dlg" StructureKind="java" NumEvents="4" CreationCount="129"/><InteractionEvent Delta="null" EndDate="2014-09-01 14:54:54.902 JST" Interest="8.017" Kind="propagation" Navigation="org.eclipse.mylyn.core.model.edges.containment" OriginId="org.eclipse.mylyn.core.model.interest.propagation" StartDate="2014-09-01 14:40:54.52 JST" StructureHandle="=TA2/src&amp;lt;ta2.utils{Methods_dlg.java[Methods_dlg" StructureKind="java" NumEvents="12" CreationCount="129"/><InteractionEvent Delta="null" EndDate="2014-09-01 14:32:14.47 JST" Interest="1.0" Kind="selection" Navigation="null" OriginId="org.eclipse.jdt.ui.PackageExplorer" StartDate="2014-09-01 14:32:14.47 JST" StructureHandle="=IFM11/src&amp;lt;ifm11.utils" StructureKind="java"/><InteractionEvent Delta="null" EndDate="2014-09-01 14:57:02.27 JST" Interest="72.633" Kind="propagation" Navigation="org.eclipse.mylyn.core.model.edges.containment" OriginId="org.eclipse.mylyn.core.model.interest.propagation" StartDate="2014-09-01 14:41:20.435 JST" StructureHandle="=IFM11/src&amp;lt;ifm11.utils" StructureKind="java" NumEvents="100" CreationCount="2"/><InteractionEvent Delta="null" EndDate="2014-09-01 14:59:52.551 JST" Interest="1.0" Kind="prediction" Navigation="null" OriginId="org.eclipse.mylyn.resources.ui.interest.updater" StartDate="2014-09-01 14:59:52.551 JST" StructureHandle="/IFM11/bin/AndroidManifest.xml" StructureKind="resource"/><InteractionEvent Delta="null" EndDate="2014-09-01 14:40:17.469 JST" Interest="1.0" Kind="propagation" Navigation="org.eclipse.mylyn.core.model.edges.containment" OriginId="org.eclipse.mylyn.core.model.interest.propagation" StartDate="2014-09-01 14:40:17.469 JST" StructureHandle="=IFM11/src&amp;lt;ifm11.items{ListItem.java[ListItem" StructureKind="java"/><InteractionEvent Delta="null" EndDate="2014-09-01 15:05:19.338 JST" Interest="5.0" Kind="selection" Navigation="null" OriginId="org.eclipse.jdt.ui.CompilationUnitEditor" StartDate="2014-09-01 14:58:25.232 JST" StructureHandle="=IFM11/src&amp;lt;ifm11.utils{Methods.java" StructureKind="java" NumEvents="5" CreationCount="554"/><InteractionEvent Delta="null" EndDate="2014-09-01 14:59:00.992 JST" Interest="5.934" Kind="propagation" Navigation="org.eclipse.mylyn.core.model.edges.containment" OriginId="org.eclipse.mylyn.core.model.interest.propagation" StartDate="2014-09-01 14:58:31.829 JST" StructureHandle="=IFM11/src&amp;lt;ifm11.utils{Methods.java" StructureKind="java" NumEvents="9" CreationCount="554"/><InteractionEvent Delta="null" EndDate="2014-09-01 14:56:13.181 JST" Interest="1.0" Kind="selection" Navigation="null" OriginId="org.eclipse.jdt.ui.CompilationUnitEditor" StartDate="2014-09-01 14:56:13.181 JST" StructureHandle="=TA2/src&amp;lt;ta2.listeners.dialog{DOI_CL.java[DOI_CL~case_ACTV_MEMO_ADMIN_PATTERNS~QListItem;" StructureKind="java"/><InteractionEvent Delta="null" EndDate="2014-09-01 14:32:17.247 JST" Interest="1.0" Kind="selection" Navigation="null" OriginId="org.eclipse.jdt.ui.PackageExplorer" StartDate="2014-09-01 14:32:17.247 JST" StructureHandle="/IFM11/res" StructureKind="resource"/><InteractionEvent Delta="null" EndDate="2014-09-01 14:53:31.93 JST" Interest="38.233997" Kind="propagation" Navigation="org.eclipse.mylyn.core.model.edges.containment" OriginId="org.eclipse.mylyn.core.model.interest.propagation" StartDate="2014-09-01 14:32:19.661 JST" StructureHandle="/IFM11/res" StructureKind="resource" NumEvents="52" CreationCount="3"/><InteractionEvent Delta="null" EndDate="2014-09-01 14:45:06.59 JST" Interest="3.0" Kind="selection" Navigation="null" OriginId="org.eclipse.ui.views.ResourceNavigator" StartDate="2014-09-01 14:43:19.185 JST" StructureHandle="/TA2/res/drawable/menu_icon_admin_32x32_blue.png" StructureKind="resource" NumEvents="3" CreationCount="181"/><InteractionEvent Delta="null" EndDate="2014-09-01 14:48:03.257 JST" Interest="2.0" Kind="selection" Navigation="null" OriginId="org.eclipse.jdt.ui.CompilationUnitEditor" StartDate="2014-09-01 14:48:01.247 JST" StructureHandle="=IFM11/src&amp;lt;ifm11.utils{CONS.java" StructureKind="java" NumEvents="2" CreationCount="307"/><InteractionEvent Delta="null" EndDate="2014-09-01 15:19:38.21 JST" Interest="1.0" Kind="prediction" Navigation="null" OriginId="org.eclipse.mylyn.resources.ui.interest.updater" StartDate="2014-09-01 15:19:38.21 JST" StructureHandle="=IFM11/src&amp;lt;ifm11.utils{CONS.java" StructureKind="java"/><InteractionEvent Delta="null" EndDate="2014-09-01 14:49:04.180 JST" Interest="1.417" Kind="propagation" Navigation="org.eclipse.mylyn.core.model.edges.containment" OriginId="org.eclipse.mylyn.core.model.interest.propagation" StartDate="2014-09-01 14:48:01.945 JST" StructureHandle="=IFM11/src&amp;lt;ifm11.utils{CONS.java" StructureKind="java" NumEvents="3" CreationCount="307"/><InteractionEvent Delta="null" EndDate="2014-09-01 15:19:36.330 JST" Interest="2.0" Kind="propagation" Navigation="null" OriginId="org.eclipse.jdt.ui.PackageExplorer" StartDate="2014-09-01 15:19:34.582 JST" StructureHandle="/IFM11/src/ifm11/items/WordPattern.java" StructureKind="resource" NumEvents="2" CreationCount="802"/><InteractionEvent Delta="null" EndDate="2014-09-01 14:45:08.962 JST" Interest="1.0" Kind="selection" Navigation="null" OriginId="org.eclipse.ui.views.ResourceNavigator" StartDate="2014-09-01 14:45:08.962 JST" StructureHandle="/TA2/res/drawable/actv_showlist_bt_down_50x50_disabled.png" StructureKind="resource"/><InteractionEvent Delta="null" EndDate="2014-09-01 14:33:58.199 JST" Interest="1.0" Kind="propagation" Navigation="null" OriginId="org.eclipse.mylyn.resources.ui.interest.updater" StartDate="2014-09-01 14:33:58.199 JST" StructureHandle="/IFM11/res/drawable/general_ib_ball_blue_48x48.png" StructureKind="resource"/><InteractionEvent Delta="null" EndDate="2014-09-01 14:38:59.933 JST" Interest="3.0" Kind="selection" Navigation="null" OriginId="org.eclipse.ui.views.ContentOutline" StartDate="2014-09-01 14:34:54.63 JST" StructureHandle="=IFM11/src&amp;lt;ifm11.main{MainActv.java[MainActv~onCreate~QBundle;" StructureKind="java" NumEvents="3" CreationCount="64"/><InteractionEvent Delta="null" EndDate="2014-09-01 14:38:56.530 JST" Interest="1.0" Kind="edit" Navigation="null" OriginId="org.eclipse.jdt.ui.CompilationUnitEditor" StartDate="2014-09-01 14:38:56.530 JST" StructureHandle="=IFM11/src&amp;lt;ifm11.main{MainActv.java[MainActv~onCreate~QBundle;" StructureKind="java"/><InteractionEvent Delta="null" EndDate="2014-09-01 15:00:37.344 JST" Interest="1.0" Kind="selection" Navigation="null" OriginId="org.eclipse.ui.views.ContentOutline" StartDate="2014-09-01 15:00:37.344 JST" StructureHandle="=IFM11/src&amp;lt;ifm11.main{LogActv.java[LogActv~_Setup_InitVars" StructureKind="java"/><InteractionEvent Delta="null" EndDate="2014-09-01 15:19:34.419 JST" Interest="4.0" Kind="selection" Navigation="null" OriginId="org.eclipse.jdt.ui.PackageExplorer" StartDate="2014-09-01 15:04:36.533 JST" StructureHandle="=IFM11/src&amp;lt;ifm11.main{TNActv.java" StructureKind="java" NumEvents="4" CreationCount="782"/><InteractionEvent Delta="null" EndDate="2014-09-01 15:04:45.107 JST" Interest="2.551" Kind="propagation" Navigation="org.eclipse.mylyn.core.model.edges.containment" OriginId="org.eclipse.mylyn.core.model.interest.propagation" StartDate="2014-09-01 15:04:42.180 JST" StructureHandle="=IFM11/src&amp;lt;ifm11.main{TNActv.java" StructureKind="java" NumEvents="4" CreationCount="782"/><InteractionEvent Delta="null" EndDate="2014-09-01 14:56:22.79 JST" Interest="2.0" Kind="selection" Navigation="null" OriginId="org.eclipse.jdt.ui.CompilationUnitEditor" StartDate="2014-09-01 14:54:14.846 JST" StructureHandle="=IFM11/src&amp;lt;ifm11.listeners.dialog{DOI_CL.java[DOI_CL" StructureKind="java" NumEvents="2" CreationCount="395"/><InteractionEvent Delta="null" EndDate="2014-09-01 15:00:02.529 JST" Interest="38.734" Kind="propagation" Navigation="org.eclipse.mylyn.core.model.edges.containment" OriginId="org.eclipse.mylyn.core.model.interest.propagation" StartDate="2014-09-01 14:53:42.270 JST" StructureHandle="=IFM11/src&amp;lt;ifm11.listeners.dialog{DOI_CL.java[DOI_CL" StructureKind="java" NumEvents="53" CreationCount="395"/><InteractionEvent Delta="null" EndDate="2014-09-01 14:45:53.304 JST" Interest="2.0" Kind="selection" Navigation="null" OriginId="org.eclipse.ui.views.ResourceNavigator" StartDate="2014-09-01 14:45:14.558 JST" StructureHandle="=TA2/src&amp;lt;ta2.adapters{Adp_ListItems.java" StructureKind="java" NumEvents="2" CreationCount="238"/><InteractionEvent Delta="null" EndDate="2014-09-01 15:05:33.57 JST" Interest="4.0" Kind="prediction" Navigation="null" OriginId="org.eclipse.mylyn.resources.ui.interest.updater" StartDate="2014-09-01 14:35:03.54 JST" StructureHandle="/IFM11/bin/classes.dex" StructureKind="resource" NumEvents="4" CreationCount="64"/><InteractionEvent Delta="null" EndDate="2014-09-01 14:57:02.26 JST" Interest="124.0" Kind="propagation" Navigation="null" OriginId="org.eclipse.jdt.ui.CompilationUnitEditor" StartDate="2014-09-01 14:41:20.435 JST" StructureHandle="/IFM11/src/ifm11/utils/Methods_dlg.java" StructureKind="resource" NumEvents="124" CreationCount="140"/><InteractionEvent Delta="null" EndDate="2014-09-01 15:19:36.330 JST" Interest="13.866" Kind="propagation" Navigation="org.eclipse.mylyn.core.model.edges.containment" OriginId="org.eclipse.mylyn.core.model.interest.propagation" StartDate="2014-09-01 14:39:49.688 JST" StructureHandle="/IFM11/src/ifm11/items" StructureKind="resource" NumEvents="9" CreationCount="104"/><InteractionEvent Delta="null" EndDate="2014-09-01 14:56:17.998 JST" Interest="81.479004" Kind="propagation" Navigation="null" OriginId="org.eclipse.jdt.ui.CompilationUnitEditor" StartDate="2014-09-01 14:33:28.149 JST" StructureHandle="/TA2/src" StructureKind="resource" NumEvents="83" CreationCount="27"/><InteractionEvent Delta="null" EndDate="2014-09-01 14:39:58.711 JST" Interest="2.0" Kind="selection" Navigation="null" OriginId="org.eclipse.ui.views.ResourceNavigator" StartDate="2014-09-01 14:33:26.172 JST" StructureHandle="=TA2" StructureKind="java" NumEvents="2" CreationCount="26"/><InteractionEvent Delta="null" EndDate="2014-09-01 14:56:17.997 JST" Interest="78.496" Kind="propagation" Navigation="org.eclipse.mylyn.core.model.edges.containment" OriginId="org.eclipse.mylyn.core.model.interest.propagation" StartDate="2014-09-01 14:33:28.150 JST" StructureHandle="=TA2" StructureKind="resource" NumEvents="86" CreationCount="26"/><InteractionEvent Delta="null" EndDate="2014-09-01 14:45:09.648 JST" Interest="4.0" Kind="selection" Navigation="null" OriginId="org.eclipse.ui.views.ResourceNavigator" StartDate="2014-09-01 14:33:32.309 JST" StructureHandle="/TA2/res/drawable" StructureKind="resource" NumEvents="4" CreationCount="30"/><InteractionEvent Delta="null" EndDate="2014-09-01 14:45:06.59 JST" Interest="2.5670002" Kind="propagation" Navigation="org.eclipse.mylyn.core.model.edges.containment" OriginId="org.eclipse.mylyn.core.model.interest.propagation" StartDate="2014-09-01 14:33:36.421 JST" StructureHandle="/TA2/res/drawable" StructureKind="resource" NumEvents="4" CreationCount="30"/><InteractionEvent Delta="null" EndDate="2014-09-01 14:56:27.598 JST" Interest="8.0" Kind="selection" Navigation="null" OriginId="org.eclipse.jdt.ui.CompilationUnitEditor" StartDate="2014-09-01 14:54:16.142 JST" StructureHandle="=IFM11/src&amp;lt;ifm11.listeners.dialog{DOI_CL.java[DOI_CL~onItemClick~QAdapterView\&amp;lt;*&amp;gt;;~QView;~I~J" StructureKind="java" NumEvents="8" CreationCount="421"/><InteractionEvent Delta="null" EndDate="2014-09-01 14:56:19.521 JST" Interest="35.0" Kind="edit" Navigation="null" OriginId="org.eclipse.jdt.ui.CompilationUnitEditor" StartDate="2014-09-01 14:54:17.920 JST" StructureHandle="=IFM11/src&amp;lt;ifm11.listeners.dialog{DOI_CL.java[DOI_CL~onItemClick~QAdapterView\&amp;lt;*&amp;gt;;~QView;~I~J" StructureKind="java" NumEvents="35" CreationCount="421"/><InteractionEvent Delta="null" EndDate="2014-09-01 15:01:10.448 JST" Interest="4.0" Kind="selection" Navigation="null" OriginId="org.eclipse.ui.views.ContentOutline" StartDate="2014-09-01 15:00:37.347 JST" StructureHandle="=IFM11/src&amp;lt;ifm11.main{LogActv.java[LogActv~_Setup_SetAdapter" StructureKind="java" NumEvents="4" CreationCount="612"/><InteractionEvent Delta="null" EndDate="2014-09-01 14:45:40.588 JST" Interest="2.0" Kind="selection" Navigation="null" OriginId="org.eclipse.jdt.ui.CompilationUnitEditor" StartDate="2014-09-01 14:45:36.204 JST" StructureHandle="=IFM11/src&amp;lt;ifm11.adapters{Adp_ListItems.java#android.app.Activity" StructureKind="java" NumEvents="2" CreationCount="248"/><InteractionEvent Delta="null" EndDate="2014-09-01 14:43:32.770 JST" Interest="1.0" Kind="propagation" Navigation="null" OriginId="org.eclipse.mylyn.resources.ui.interest.updater" StartDate="2014-09-01 14:43:32.770 JST" StructureHandle="/IFM11/res/drawable/menu_icon_admin_32x32_blue.png" StructureKind="resource"/><InteractionEvent Delta="null" EndDate="2014-09-01 14:46:45.174 JST" Interest="17.0" Kind="propagation" Navigation="null" OriginId="org.eclipse.jdt.ui.CompilationUnitEditor" StartDate="2014-09-01 14:45:18.968 JST" StructureHandle="/IFM11/src/ifm11/adapters" StructureKind="resource" NumEvents="17" CreationCount="240"/><InteractionEvent Delta="null" EndDate="2014-09-01 14:53:33.747 JST" Interest="5.8" Kind="propagation" Navigation="org.eclipse.mylyn.core.model.edges.containment" OriginId="org.eclipse.mylyn.core.model.interest.propagation" StartDate="2014-09-01 14:47:43.411 JST" StructureHandle="=TA2/src&amp;lt;ta2.utils{CONS.java[CONS" StructureKind="java" NumEvents="7" CreationCount="298"/><InteractionEvent Delta="null" EndDate="2014-09-01 14:40:08.757 JST" Interest="3.0" Kind="selection" Navigation="null" OriginId="org.eclipse.jdt.ui.PackageExplorer" StartDate="2014-09-01 14:36:25.33 JST" StructureHandle="=IFM11/src&amp;lt;ifm11.listeners" StructureKind="java" NumEvents="3" CreationCount="65"/><InteractionEvent Delta="null" EndDate="2014-09-01 15:19:38.22 JST" Interest="10.563001" Kind="propagation" Navigation="org.eclipse.mylyn.core.model.edges.containment" OriginId="org.eclipse.mylyn.core.model.interest.propagation" StartDate="2014-09-01 15:19:38.22 JST" StructureHandle="=IFM11/src&amp;lt;ifm11.listeners" StructureKind="java"/><InteractionEvent Delta="null" EndDate="2014-09-01 14:50:38.471 JST" Interest="1.0" Kind="propagation" Navigation="null" OriginId="org.eclipse.mylyn.resources.ui.interest.updater" StartDate="2014-09-01 14:50:38.471 JST" StructureHandle="/IFM11/bin/res/crunch/drawable/menu_icon_admin_32x32_brown.png" StructureKind="resource"/><InteractionEvent Delta="null" EndDate="2014-09-01 14:56:24.748 JST" Interest="1.0" Kind="selection" Navigation="null" OriginId="org.eclipse.jdt.ui.CompilationUnitEditor" StartDate="2014-09-01 14:56:24.748 JST" StructureHandle="=IFM11/src&amp;lt;ifm11.listeners.dialog{DOI_CL.java[DOI_CL~DOI_CL~QActivity;~QDialog;~QString;" StructureKind="java"/><InteractionEvent Delta="null" EndDate="2014-09-01 14:39:55.688 JST" Interest="1.0" Kind="selection" Navigation="null" OriginId="org.eclipse.ui.views.ResourceNavigator" StartDate="2014-09-01 14:39:55.688 JST" StructureHandle="/TA2/res/drawable/actv_memo_ib_clear_41x50_disabled.png" StructureKind="resource"/><InteractionEvent Delta="null" EndDate="2014-09-01 14:50:38.471 JST" Interest="1.0" Kind="propagation" Navigation="null" OriginId="org.eclipse.mylyn.resources.ui.interest.updater" StartDate="2014-09-01 14:50:38.471 JST" StructureHandle="/IFM11/bin/res/crunch/drawable/menu_icon_admin_32x32_red.png" StructureKind="resource"/><InteractionEvent Delta="null" EndDate="2014-09-01 14:55:34.625 JST" Interest="1.0" Kind="selection" Navigation="null" OriginId="org.eclipse.jdt.ui.CompilationUnitEditor" StartDate="2014-09-01 14:55:34.625 JST" StructureHandle="=IFM11/src&amp;lt;ifm11.listeners.dialog{DOI_CL.java#" StructureKind="java"/><InteractionEvent Delta="null" EndDate="2014-09-01 14:55:27.262 JST" Interest="1.51" Kind="propagation" Navigation="org.eclipse.mylyn.core.model.edges.containment" OriginId="org.eclipse.mylyn.core.model.interest.propagation" StartDate="2014-09-01 14:54:38.139 JST" StructureHandle="=IFM11/src&amp;lt;ifm11.listeners.dialog{DOI_CL.java#" StructureKind="java" NumEvents="2" CreationCount="431"/><InteractionEvent Delta="null" EndDate="2014-09-01 14:47:19.528 JST" Interest="1.0" Kind="selection" Navigation="null" OriginId="org.eclipse.jdt.ui.CompilationUnitEditor" StartDate="2014-09-01 14:47:19.528 JST" StructureHandle="=IFM11/src&amp;lt;ifm11.utils{Tags.java" StructureKind="java"/><InteractionEvent Delta="null" EndDate="2014-09-01 15:19:38.20 JST" Interest="1.0" Kind="prediction" Navigation="null" OriginId="org.eclipse.mylyn.resources.ui.interest.updater" StartDate="2014-09-01 15:19:38.20 JST" StructureHandle="=IFM11/src&amp;lt;ifm11.utils{Tags.java" StructureKind="java"/><InteractionEvent Delta="null" EndDate="2014-09-01 14:47:20.396 JST" Interest="0.01700002" Kind="propagation" Navigation="org.eclipse.mylyn.core.model.edges.containment" OriginId="org.eclipse.mylyn.core.model.interest.propagation" StartDate="2014-09-01 14:47:20.396 JST" StructureHandle="=IFM11/src&amp;lt;ifm11.utils{Tags.java" StructureKind="java"/><InteractionEvent Delta="null" EndDate="2014-09-01 14:45:12.920 JST" Interest="1.0" Kind="selection" Navigation="null" OriginId="org.eclipse.ui.views.ResourceNavigator" StartDate="2014-09-01 14:45:12.920 JST" StructureHandle="=TA2/src&amp;lt;ta2.adapters" StructureKind="java"/><InteractionEvent Delta="null" EndDate="2014-09-01 14:45:53.305 JST" Interest="1.017" Kind="propagation" Navigation="org.eclipse.mylyn.core.model.edges.containment" OriginId="org.eclipse.mylyn.core.model.interest.propagation" StartDate="2014-09-01 14:45:14.559 JST" StructureHandle="=TA2/src&amp;lt;ta2.adapters" StructureKind="java" NumEvents="2" CreationCount="237"/><InteractionEvent Delta="null" EndDate="2014-09-01 15:19:34.420 JST" Interest="242.0" Kind="propagation" Navigation="null" OriginId="org.eclipse.jdt.ui.PackageExplorer" StartDate="2014-09-01 14:33:02.96 JST" StructureHandle="/IFM11/src/ifm11/main" StructureKind="resource" NumEvents="242" CreationCount="19"/><InteractionEvent Delta="null" EndDate="2014-09-01 14:39:56.920 JST" Interest="2.0" Kind="selection" Navigation="null" OriginId="org.eclipse.ui.views.ResourceNavigator" StartDate="2014-09-01 14:33:31.765 JST" StructureHandle="/TA2/res" StructureKind="resource" NumEvents="2" CreationCount="29"/><InteractionEvent Delta="null" EndDate="2014-09-01 14:45:09.648 JST" Interest="4.5840006" Kind="propagation" Navigation="org.eclipse.mylyn.core.model.edges.containment" OriginId="org.eclipse.mylyn.core.model.interest.propagation" StartDate="2014-09-01 14:33:32.309 JST" StructureHandle="/TA2/res" StructureKind="resource" NumEvents="10" CreationCount="29"/><InteractionEvent Delta="null" EndDate="2014-09-01 14:43:32.770 JST" Interest="1.0" Kind="propagation" Navigation="null" OriginId="org.eclipse.mylyn.resources.ui.interest.updater" StartDate="2014-09-01 14:43:32.770 JST" StructureHandle="/IFM11/res/drawable/menu_icon_admin_32x32_green.png" StructureKind="resource"/><InteractionEvent Delta="null" EndDate="2014-09-01 14:40:53.108 JST" Interest="1.0" Kind="selection" Navigation="null" OriginId="org.eclipse.ui.views.ContentOutline" StartDate="2014-09-01 14:40:53.108 JST" StructureHandle="=TA2/src&amp;lt;ta2.utils{Methods_dlg.java%ta2.utils" StructureKind="java"/><InteractionEvent Delta="null" EndDate="2014-09-01 15:02:18.155 JST" Interest="3.0" Kind="selection" Navigation="null" OriginId="org.eclipse.jdt.ui.CompilationUnitEditor" StartDate="2014-09-01 15:01:49.582 JST" StructureHandle="=IFM11/src&amp;lt;ifm11.main{LogActv.java[LogActv~onStart" StructureKind="java" NumEvents="3" CreationCount="677"/><InteractionEvent Delta="null" EndDate="2014-09-01 15:02:10.156 JST" Interest="10.0" Kind="edit" Navigation="null" OriginId="org.eclipse.jdt.ui.CompilationUnitEditor" StartDate="2014-09-01 15:01:50.167 JST" StructureHandle="=IFM11/src&amp;lt;ifm11.main{LogActv.java[LogActv~onStart" StructureKind="java" NumEvents="10" CreationCount="677"/><InteractionEvent Delta="null" EndDate="2014-09-01 15:04:31.256 JST" Interest="1.0" Kind="selection" Navigation="null" OriginId="org.eclipse.jdt.ui.PackageExplorer" StartDate="2014-09-01 15:04:31.256 JST" StructureHandle="/IFM11/res/layout/dlg_delete_patterns.xml" StructureKind="resource"/><InteractionEvent Delta="null" EndDate="2014-09-01 14:50:38.471 JST" Interest="1.0" Kind="propagation" Navigation="null" OriginId="org.eclipse.mylyn.resources.ui.interest.updater" StartDate="2014-09-01 14:50:38.471 JST" StructureHandle="/IFM11/bin/res/crunch/drawable/menu_icon_admin_32x32_blue.png" StructureKind="resource"/><InteractionEvent Delta="null" EndDate="2014-09-01 14:41:32.846 JST" Interest="1.0" Kind="selection" Navigation="null" OriginId="org.eclipse.jdt.ui.CompilationUnitEditor" StartDate="2014-09-01 14:41:32.846 JST" StructureHandle="=IFM11/src&amp;lt;ifm11.utils{Methods_dlg.java#ifm11.adapters.Adp_WordPatterns" StructureKind="java"/><InteractionEvent Delta="null" EndDate="2014-09-01 15:01:00.423 JST" Interest="5.0" Kind="selection" Navigation="null" OriginId="org.eclipse.ui.views.ContentOutline" StartDate="2014-09-01 15:00:37.326 JST" StructureHandle="=IFM11/src&amp;lt;ifm11.main{LogActv.java[LogActv~_do_debug__MillSec_to_TimeLabel" StructureKind="java" NumEvents="5" CreationCount="604"/><InteractionEvent Delta="null" EndDate="2014-09-01 14:56:09.76 JST" Interest="4.0" Kind="selection" Navigation="null" OriginId="org.eclipse.jdt.ui.CompilationUnitEditor" StartDate="2014-09-01 14:54:04.509 JST" StructureHandle="=TA2/src&amp;lt;ta2.listeners.dialog{DOI_CL.java[DOI_CL~onItemClick~QAdapterView\&amp;lt;*&amp;gt;;~QView;~I~J" StructureKind="java" NumEvents="4" CreationCount="410"/><InteractionEvent Delta="null" EndDate="2014-09-01 14:56:11.27 JST" Interest="9.0" Kind="edit" Navigation="null" OriginId="org.eclipse.jdt.ui.CompilationUnitEditor" StartDate="2014-09-01 14:54:06.625 JST" StructureHandle="=TA2/src&amp;lt;ta2.listeners.dialog{DOI_CL.java[DOI_CL~onItemClick~QAdapterView\&amp;lt;*&amp;gt;;~QView;~I~J" StructureKind="java" NumEvents="9" CreationCount="410"/><InteractionEvent Delta="null" EndDate="2014-09-01 14:47:20.394 JST" Interest="1.0" Kind="selection" Navigation="null" OriginId="org.eclipse.jdt.ui.CompilationUnitEditor" StartDate="2014-09-01 14:47:20.394 JST" StructureHandle="=IFM11/src&amp;lt;ifm11.utils{Tags.java[Tags[DialogItemTags^ACTV_MAIN_OPTMENU_OTHERS" StructureKind="java"/><InteractionEvent Delta="null" EndDate="2014-09-01 14:50:38.471 JST" Interest="1.0" Kind="propagation" Navigation="null" OriginId="org.eclipse.mylyn.resources.ui.interest.updater" StartDate="2014-09-01 14:50:38.471 JST" StructureHandle="/IFM11/bin/res/crunch/drawable/menu_icon_admin_32x32_purple.png" StructureKind="resource"/><InteractionEvent Delta="null" EndDate="2014-09-01 14:53:33.666 JST" Interest="4.0" Kind="selection" Navigation="null" OriginId="org.eclipse.jdt.ui.CompilationUnitEditor" StartDate="2014-09-01 14:47:42.723 JST" StructureHandle="=TA2/src&amp;lt;ta2.utils{CONS.java" StructureKind="java" NumEvents="4" CreationCount="297"/><InteractionEvent Delta="null" EndDate="2014-09-01 14:47:55.258 JST" Interest="3.8170004" Kind="propagation" Navigation="org.eclipse.mylyn.core.model.edges.containment" OriginId="org.eclipse.mylyn.core.model.interest.propagation" StartDate="2014-09-01 14:47:43.411 JST" StructureHandle="=TA2/src&amp;lt;ta2.utils{CONS.java" StructureKind="java" NumEvents="6" CreationCount="297"/><InteractionEvent Delta="null" EndDate="2014-09-01 15:00:02.530 JST" Interest="118.0" Kind="propagation" Navigation="null" OriginId="org.eclipse.jdt.ui.CompilationUnitEditor" StartDate="2014-09-01 14:53:41.461 JST" StructureHandle="/IFM11/src/ifm11/listeners/dialog/DOI_CL.java" StructureKind="resource" NumEvents="118" CreationCount="394"/><InteractionEvent Delta="null" EndDate="2014-09-01 14:48:31.118 JST" Interest="1.0" Kind="selection" Navigation="null" OriginId="org.eclipse.jdt.ui.PackageExplorer" StartDate="2014-09-01 14:48:31.118 JST" StructureHandle="/IFM11/res/layout/dlg_tmpl_list_cancel_2.xml" StructureKind="resource"/><InteractionEvent Delta="null" EndDate="2014-09-01 15:04:49.182 JST" Interest="3.0" Kind="selection" Navigation="null" OriginId="org.eclipse.jdt.ui.CompilationUnitEditor" StartDate="2014-09-01 15:04:24.868 JST" StructureHandle="=IFM11/src&amp;lt;ifm11.main{LogActv.java[LogActv~onCreateOptionsMenu~QMenu;" StructureKind="java" NumEvents="3" CreationCount="775"/><InteractionEvent Delta="null" EndDate="2014-09-01 15:04:51.422 JST" Interest="2.0" Kind="edit" Navigation="null" OriginId="org.eclipse.jdt.ui.CompilationUnitEditor" StartDate="2014-09-01 15:04:30.37 JST" StructureHandle="=IFM11/src&amp;lt;ifm11.main{LogActv.java[LogActv~onCreateOptionsMenu~QMenu;" StructureKind="java" NumEvents="2" CreationCount="775"/><InteractionEvent Delta="null" EndDate="2014-09-01 14:56:17.998 JST" Interest="112.0" Kind="propagation" Navigation="null" OriginId="org.eclipse.jdt.ui.CompilationUnitEditor" StartDate="2014-09-01 14:33:26.172 JST" StructureHandle="/TA2" StructureKind="resource" NumEvents="112" CreationCount="26"/><InteractionEvent Delta="null" EndDate="2014-09-01 14:41:34.522 JST" Interest="1.0" Kind="selection" Navigation="null" OriginId="org.eclipse.jdt.ui.CompilationUnitEditor" StartDate="2014-09-01 14:41:34.522 JST" StructureHandle="=IFM11/src&amp;lt;ifm11.utils{Methods_dlg.java#ifm11.items.TI" StructureKind="java"/><InteractionEvent Delta="null" EndDate="2014-09-01 15:01:00.420 JST" Interest="6.0" Kind="selection" Navigation="null" OriginId="org.eclipse.ui.views.ContentOutline" StartDate="2014-09-01 15:00:33.513 JST" StructureHandle="=IFM11/src&amp;lt;ifm11.main{LogActv.java[LogActv~_do_debug__Add_LastRefreshed" StructureKind="java" NumEvents="6" CreationCount="602"/><InteractionEvent Delta="null" EndDate="2014-09-01 14:40:17.469 JST" Interest="1.0" Kind="selection" Navigation="null" OriginId="org.eclipse.jdt.ui.CompilationUnitEditor" StartDate="2014-09-01 14:40:17.469 JST" StructureHandle="=IFM11/src&amp;lt;ifm11.items{ListItem.java[ListItem^textColor_ID" StructureKind="java"/><InteractionEvent Delta="null" EndDate="2014-09-01 14:45:07.211 JST" Interest="1.0" Kind="selection" Navigation="null" OriginId="org.eclipse.ui.views.ResourceNavigator" StartDate="2014-09-01 14:45:07.211 JST" StructureHandle="/TA2/res/drawable/actv_showlist_bt_bottom_45x45.png" StructureKind="resource"/><InteractionEvent Delta="null" EndDate="2014-09-01 14:41:38.84 JST" Interest="1.0" Kind="selection" Navigation="null" OriginId="org.eclipse.jdt.ui.CompilationUnitEditor" StartDate="2014-09-01 14:41:38.84 JST" StructureHandle="=IFM11/src&amp;lt;ifm11.utils{Methods_dlg.java#" StructureKind="java"/><InteractionEvent Delta="null" EndDate="2014-09-01 14:41:35.607 JST" Interest="1.0339999" Kind="propagation" Navigation="org.eclipse.mylyn.core.model.edges.containment" OriginId="org.eclipse.mylyn.core.model.interest.propagation" StartDate="2014-09-01 14:41:32.846 JST" StructureHandle="=IFM11/src&amp;lt;ifm11.utils{Methods_dlg.java#" StructureKind="java" NumEvents="3" CreationCount="146"/><InteractionEvent Delta="null" EndDate="2014-09-01 15:01:10.452 JST" Interest="5.0" Kind="selection" Navigation="null" OriginId="org.eclipse.ui.views.ContentOutline" StartDate="2014-09-01 15:00:37.353 JST" StructureHandle="=IFM11/src&amp;lt;ifm11.main{LogActv.java[LogActv~_Setup_SetListeners" StructureKind="java" NumEvents="5" CreationCount="614"/><InteractionEvent Delta="null" EndDate="2014-09-01 14:40:54.51 JST" Interest="1.0" Kind="selection" Navigation="null" OriginId="org.eclipse.ui.views.ContentOutline" StartDate="2014-09-01 14:40:54.51 JST" StructureHandle="=TA2/src&amp;lt;ta2.utils{Methods_dlg.java[Methods_dlg~conf_Delete_Memo~QActivity;~QDialog;~QMemo;" StructureKind="java"/><InteractionEvent Delta="null" EndDate="2014-09-01 14:45:53.304 JST" Interest="2.0" Kind="propagation" Navigation="null" OriginId="org.eclipse.ui.views.ResourceNavigator" StartDate="2014-09-01 14:45:14.558 JST" StructureHandle="/TA2/src/ta2/adapters/Adp_ListItems.java" StructureKind="resource" NumEvents="2" CreationCount="238"/><InteractionEvent Delta="null" EndDate="2014-09-01 14:32:19.660 JST" Interest="1.0" Kind="selection" Navigation="null" OriginId="org.eclipse.jdt.ui.PackageExplorer" StartDate="2014-09-01 14:32:19.660 JST" StructureHandle="/IFM11/res/values" StructureKind="resource"/><InteractionEvent Delta="null" EndDate="2014-09-01 14:53:31.93 JST" Interest="38.217" Kind="propagation" Navigation="org.eclipse.mylyn.core.model.edges.containment" OriginId="org.eclipse.mylyn.core.model.interest.propagation" StartDate="2014-09-01 14:32:20.624 JST" StructureHandle="/IFM11/res/values" StructureKind="resource" NumEvents="50" CreationCount="4"/><InteractionEvent Delta="null" EndDate="2014-09-01 14:41:35.606 JST" Interest="1.0" Kind="selection" Navigation="null" OriginId="org.eclipse.jdt.ui.CompilationUnitEditor" StartDate="2014-09-01 14:41:35.606 JST" StructureHandle="=IFM11/src&amp;lt;ifm11.utils{Methods_dlg.java#ifm11.items.WordPattern" StructureKind="java"/><InteractionEvent Delta="null" EndDate="2014-09-01 14:56:08.843 JST" Interest="5.0" Kind="selection" Navigation="null" OriginId="org.eclipse.jdt.ui.CompilationUnitEditor" StartDate="2014-09-01 14:53:58.897 JST" StructureHandle="=TA2/src&amp;lt;ta2.listeners.dialog{DOI_CL.java" StructureKind="java" NumEvents="5" CreationCount="402"/><InteractionEvent Delta="null" EndDate="2014-09-01 14:56:17.575 JST" Interest="6.4359994" Kind="propagation" Navigation="org.eclipse.mylyn.core.model.edges.containment" OriginId="org.eclipse.mylyn.core.model.interest.propagation" StartDate="2014-09-01 14:53:59.686 JST" StructureHandle="=TA2/src&amp;lt;ta2.listeners.dialog{DOI_CL.java" StructureKind="java" NumEvents="10" CreationCount="402"/><InteractionEvent Delta="null" EndDate="2014-09-01 14:50:38.471 JST" Interest="6.0490003" Kind="propagation" Navigation="org.eclipse.mylyn.core.model.edges.containment" OriginId="org.eclipse.mylyn.core.model.interest.propagation" StartDate="2014-09-01 14:35:03.57 JST" StructureHandle="/IFM11/bin/res/crunch" StructureKind="resource" NumEvents="3" CreationCount="64"/><InteractionEvent Delta="null" EndDate="2014-09-01 14:33:28.149 JST" Interest="1.0" Kind="selection" Navigation="null" OriginId="org.eclipse.ui.views.ResourceNavigator" StartDate="2014-09-01 14:33:28.149 JST" StructureHandle="=TA2/src" StructureKind="java"/><InteractionEvent Delta="null" EndDate="2014-09-01 14:56:17.998 JST" Interest="20.651001" Kind="propagation" Navigation="org.eclipse.mylyn.core.model.edges.containment" OriginId="org.eclipse.mylyn.core.model.interest.propagation" StartDate="2014-09-01 14:33:29.2 JST" StructureHandle="=TA2/src" StructureKind="java" NumEvents="30" CreationCount="27"/><InteractionEvent Delta="null" EndDate="2014-09-01 14:45:53.304 JST" Interest="2.017" Kind="propagation" Navigation="org.eclipse.mylyn.core.model.edges.containment" OriginId="org.eclipse.mylyn.core.model.interest.propagation" StartDate="2014-09-01 14:45:12.920 JST" StructureHandle="/TA2/src/ta2/adapters" StructureKind="resource" NumEvents="3" CreationCount="237"/><InteractionEvent Delta="null" EndDate="2014-09-01 15:01:00.428 JST" Interest="5.0" Kind="selection" Navigation="null" OriginId="org.eclipse.ui.views.ContentOutline" StartDate="2014-09-01 15:00:37.331 JST" StructureHandle="=IFM11/src&amp;lt;ifm11.main{LogActv.java[LogActv~_do_debug__Show_DBList" StructureKind="java" NumEvents="5" CreationCount="606"/><InteractionEvent Delta="null" EndDate="2014-09-01 15:05:19.438 JST" Interest="24.0" Kind="propagation" Navigation="null" OriginId="org.eclipse.jdt.ui.CompilationUnitEditor" StartDate="2014-09-01 14:58:25.233 JST" StructureHandle="/IFM11/src/ifm11/utils/Methods.java" StructureKind="resource" NumEvents="24" CreationCount="554"/><InteractionEvent Delta="null" EndDate="2014-09-01 14:45:33.524 JST" Interest="1.0" Kind="selection" Navigation="null" OriginId="org.eclipse.jdt.ui.CompilationUnitEditor" StartDate="2014-09-01 14:45:33.524 JST" StructureHandle="=IFM11/src&amp;lt;ifm11.adapters{Adp_ListItems.java#ta2.items.ListItem" StructureKind="java"/><InteractionEvent Delta="null" EndDate="2014-09-01 15:01:00.426 JST" Interest="5.0" Kind="selection" Navigation="null" OriginId="org.eclipse.ui.views.ContentOutline" StartDate="2014-09-01 15:00:37.329 JST" StructureHandle="=IFM11/src&amp;lt;ifm11.main{LogActv.java[LogActv~_do_debug__Processing" StructureKind="java" NumEvents="5" CreationCount="605"/><InteractionEvent Delta="null" EndDate="2014-09-01 14:49:04.179 JST" Interest="2.0" Kind="selection" Navigation="null" OriginId="org.eclipse.ui.views.ContentOutline" StartDate="2014-09-01 14:48:01.944 JST" StructureHandle="=IFM11/src&amp;lt;ifm11.utils{CONS.java[CONS[Admin" StructureKind="java" NumEvents="2" CreationCount="308"/><InteractionEvent Delta="null" EndDate="2014-09-01 14:48:07.272 JST" Interest="2.0" Kind="edit" Navigation="null" OriginId="org.eclipse.jdt.ui.CompilationUnitEditor" StartDate="2014-09-01 14:48:05.857 JST" StructureHandle="=IFM11/src&amp;lt;ifm11.utils{CONS.java[CONS[Admin" StructureKind="java" NumEvents="2" CreationCount="308"/><InteractionEvent Delta="null" EndDate="2014-09-01 14:40:20.729 JST" Interest="2.0" Kind="selection" Navigation="null" OriginId="org.eclipse.ui.views.ResourceNavigator" StartDate="2014-09-01 14:40:06.946 JST" StructureHandle="=TA2/src&amp;lt;ta2.items{ListItem.java" StructureKind="java" NumEvents="2" CreationCount="114"/><InteractionEvent Delta="null" EndDate="2014-09-01 15:19:36.340 JST" Interest="3.0" Kind="selection" Navigation="null" OriginId="org.eclipse.jdt.ui.PackageExplorer" StartDate="2014-09-01 14:33:24.568 JST" StructureHandle="=IFM11" StructureKind="java" NumEvents="3" CreationCount="1"/><InteractionEvent Delta="null" EndDate="2014-09-01 15:19:36.331 JST" Interest="541.306" Kind="propagation" Navigation="org.eclipse.mylyn.core.model.edges.containment" OriginId="org.eclipse.mylyn.core.model.interest.propagation" StartDate="2014-09-01 14:30:20.347 JST" StructureHandle="=IFM11" StructureKind="resource" NumEvents="554" CreationCount="1"/></InteractionHistory>