<?xml version="1.0" encoding="UTF-8"?><InteractionHistory Id="local-84" Version="1"><InteractionEvent Delta="null" EndDate="2014-09-18 00:19:04.249 JST" Interest="648.051" Kind="propagation" Navigation="org.eclipse.mylyn.core.model.edges.containment" OriginId="org.eclipse.mylyn.core.model.interest.propagation" StartDate="2014-09-17 23:29:36.419 JST" StructureHandle="" StructureKind="java" NumEvents="653" CreationCount="1"/><InteractionEvent Delta="null" EndDate="2014-09-17 23:52:16.865 JST" Interest="1.0" Kind="propagation" Navigation="org.eclipse.mylyn.core.model.edges.containment" OriginId="org.eclipse.mylyn.core.model.interest.propagation" StartDate="2014-09-17 23:52:16.865 JST" StructureHandle="/SL3/src/sl/libs/xml/ibm/developerworks" StructureKind="resource"/><InteractionEvent Delta="null" EndDate="2014-09-18 00:08:56.840 JST" Interest="74.28501" Kind="propagation" Navigation="org.eclipse.mylyn.core.model.edges.containment" OriginId="org.eclipse.mylyn.core.model.interest.propagation" StartDate="2014-09-17 23:29:43.669 JST" StructureHandle="=SL3/src" StructureKind="java" NumEvents="188" CreationCount="3"/><InteractionEvent Delta="null" EndDate="2014-09-17 23:47:45.303 JST" Interest="2.0" Kind="selection" Navigation="null" OriginId="org.eclipse.jdt.ui.PackageExplorer" StartDate="2014-09-17 23:29:40.717 JST" StructureHandle="=SL3/src" StructureKind="java" NumEvents="2" CreationCount="3"/><InteractionEvent Delta="null" EndDate="2014-09-17 23:54:22.23 JST" Interest="3.0" Kind="selection" Navigation="null" OriginId="org.eclipse.jdt.ui.CompilationUnitEditor" StartDate="2014-09-17 23:54:13.783 JST" StructureHandle="=SL3/src&amp;lt;sl3.utils{Methods_dlg.java[Methods_dlg~dlg_DeleteToBuyList~QActivity;~QDialog;" StructureKind="java" NumEvents="3" CreationCount="299"/><InteractionEvent Delta="null" EndDate="2014-09-18 00:07:23.998 JST" Interest="8.0" Kind="selection" Navigation="null" OriginId="org.eclipse.jdt.ui.CompilationUnitEditor" StartDate="2014-09-17 23:56:17.144 JST" StructureHandle="=SL3/src&amp;lt;sl3.listeners.dialog{DOI_CL.java[DOI_CL~case_ACTV_TAB_OPT_TABLES~QListItem;" StructureKind="java" NumEvents="8" CreationCount="369"/><InteractionEvent Delta="null" EndDate="2014-09-18 00:07:25.788 JST" Interest="61.0" Kind="edit" Navigation="null" OriginId="org.eclipse.jdt.ui.CompilationUnitEditor" StartDate="2014-09-17 23:56:19.140 JST" StructureHandle="=SL3/src&amp;lt;sl3.listeners.dialog{DOI_CL.java[DOI_CL~case_ACTV_TAB_OPT_TABLES~QListItem;" StructureKind="java" NumEvents="61" CreationCount="369"/><InteractionEvent Delta="null" EndDate="2014-09-18 00:02:00.490 JST" Interest="15.0" Kind="propagation" Navigation="null" OriginId="org.eclipse.jdt.ui.CompilationUnitEditor" StartDate="2014-09-17 23:32:25.667 JST" StructureHandle="/SL3/src/sl3/utils/Tags.java" StructureKind="resource" NumEvents="15" CreationCount="86"/><InteractionEvent Delta="null" EndDate="2014-09-18 00:01:27.310 JST" Interest="6.2760005" Kind="manipulation" Navigation="null" OriginId="org.eclipse.mylyn.core.model.interest.decay.correction" StartDate="2014-09-18 00:01:27.310 JST" StructureHandle="/SL3/src/sl3/utils/Tags.java" StructureKind="resource"/><InteractionEvent Delta="null" EndDate="2014-09-17 23:58:46.464 JST" Interest="1.0" Kind="selection" Navigation="null" OriginId="org.eclipse.jdt.ui.PackageExplorer" StartDate="2014-09-17 23:58:46.464 JST" StructureHandle="/SL3/res/menu" StructureKind="resource"/><InteractionEvent Delta="null" EndDate="2014-09-18 00:04:24.948 JST" Interest="7.0" Kind="selection" Navigation="null" OriginId="org.eclipse.jdt.ui.CompilationUnitEditor" StartDate="2014-09-17 23:59:31.72 JST" StructureHandle="=SL3/src&amp;lt;sl3.utils{CONS.java[CONS[DB^col_Types_PS" StructureKind="java" NumEvents="7" CreationCount="460"/><InteractionEvent Delta="null" EndDate="2014-09-18 00:04:31.740 JST" Interest="3.0" Kind="edit" Navigation="null" OriginId="org.eclipse.jdt.ui.CompilationUnitEditor" StartDate="2014-09-17 23:59:31.649 JST" StructureHandle="=SL3/src&amp;lt;sl3.utils{CONS.java[CONS[DB^col_Types_PS" StructureKind="java" NumEvents="3" CreationCount="460"/><InteractionEvent Delta="null" EndDate="2014-09-18 00:08:51.908 JST" Interest="3.0" Kind="selection" Navigation="null" OriginId="org.eclipse.ui.views.ContentOutline" StartDate="2014-09-18 00:08:07.587 JST" StructureHandle="=SL3/src&amp;lt;sl3.utils{DBUtils.java[DBUtils^actv" StructureKind="java" NumEvents="3" CreationCount="678"/><InteractionEvent Delta="null" EndDate="2014-09-18 00:19:06.19 JST" Interest="2.0" Kind="prediction" Navigation="null" OriginId="org.eclipse.mylyn.resources.ui.interest.updater" StartDate="2014-09-18 00:00:07.446 JST" StructureHandle="=SL3/src&amp;lt;sl.main{MainActv.java" StructureKind="java" NumEvents="2" CreationCount="475"/><InteractionEvent Delta="null" EndDate="2014-09-18 00:06:50.526 JST" Interest="8.0" Kind="selection" Navigation="null" OriginId="org.eclipse.jdt.ui.CompilationUnitEditor" StartDate="2014-09-17 23:45:16.153 JST" StructureHandle="=SL3/src&amp;lt;sl3.listeners.dialog{DB_OCL.java[DB_OCL~_case_case_DLG_SAVE_TOBUY_LIST_BT_OK_execute~QSpinner;~QString;~J" StructureKind="java" NumEvents="8" CreationCount="138"/><InteractionEvent Delta="null" EndDate="2014-09-18 00:05:43.664 JST" Interest="69.0" Kind="edit" Navigation="null" OriginId="org.eclipse.jdt.ui.CompilationUnitEditor" StartDate="2014-09-17 23:46:03.138 JST" StructureHandle="=SL3/src&amp;lt;sl3.listeners.dialog{DB_OCL.java[DB_OCL~_case_case_DLG_SAVE_TOBUY_LIST_BT_OK_execute~QSpinner;~QString;~J" StructureKind="java" NumEvents="69" CreationCount="138"/><InteractionEvent Delta="null" EndDate="2014-09-17 23:59:00.855 JST" Interest="1.0" Kind="selection" Navigation="null" OriginId="org.eclipse.jdt.ui.CompilationUnitEditor" StartDate="2014-09-17 23:59:00.855 JST" StructureHandle="=SL3/src&amp;lt;sl3.utils{CONS.java[CONS[SQLs^PARAM_20140110_105949" StructureKind="java"/><InteractionEvent Delta="null" EndDate="2014-09-17 23:58:42.569 JST" Interest="3.868" Kind="propagation" Navigation="org.eclipse.mylyn.core.model.edges.containment" OriginId="org.eclipse.mylyn.core.model.interest.propagation" StartDate="2014-09-17 23:58:23.122 JST" StructureHandle="=ShoppingList/src&amp;lt;sl.utils{CONS.java" StructureKind="java" NumEvents="7" CreationCount="422"/><InteractionEvent Delta="null" EndDate="2014-09-18 00:07:23.254 JST" Interest="5.0" Kind="selection" Navigation="null" OriginId="org.eclipse.jdt.ui.CompilationUnitEditor" StartDate="2014-09-17 23:58:16.422 JST" StructureHandle="=ShoppingList/src&amp;lt;sl.utils{CONS.java" StructureKind="java" NumEvents="5" CreationCount="422"/><InteractionEvent Delta="null" EndDate="2014-09-18 00:04:58.249 JST" Interest="1.0" Kind="selection" Navigation="null" OriginId="org.eclipse.jdt.ui.CompilationUnitEditor" StartDate="2014-09-18 00:04:58.249 JST" StructureHandle="=SL3/src&amp;lt;sl3.utils{Methods.java[Methods~_opt_ActvTab_CreateTables__Stores~QActivity;~QDialog;~QDialog;~QDialog;" StructureKind="java"/><InteractionEvent Delta="null" EndDate="2014-09-18 00:01:38.87 JST" Interest="1.0" Kind="selection" Navigation="null" OriginId="org.eclipse.jdt.ui.CompilationUnitEditor" StartDate="2014-09-18 00:01:38.87 JST" StructureHandle="=SL3/src&amp;lt;sl3.utils{Tags.java[Tags[DialogTags^ACTV_TAB_OPT_INSERT_NUM_SI" StructureKind="java"/><InteractionEvent Delta="null" EndDate="2014-09-17 23:58:18.468 JST" Interest="1.0" Kind="selection" Navigation="null" OriginId="org.eclipse.ui.views.ContentOutline" StartDate="2014-09-17 23:58:18.468 JST" StructureHandle="=ShoppingList/src&amp;lt;sl.utils{CONS.java%sl.utils" StructureKind="java"/><InteractionEvent Delta="null" EndDate="2014-09-18 00:05:18.530 JST" Interest="26.208" Kind="propagation" Navigation="org.eclipse.mylyn.core.model.edges.containment" OriginId="org.eclipse.mylyn.core.model.interest.propagation" StartDate="2014-09-17 23:47:56.224 JST" StructureHandle="=SL3/src&amp;lt;sl3.utils{Methods.java" StructureKind="java" NumEvents="39" CreationCount="173"/><InteractionEvent Delta="null" EndDate="2014-09-18 00:07:22.660 JST" Interest="7.0" Kind="selection" Navigation="null" OriginId="org.eclipse.jdt.ui.CompilationUnitEditor" StartDate="2014-09-17 23:47:36.734 JST" StructureHandle="=SL3/src&amp;lt;sl3.utils{Methods.java" StructureKind="java" NumEvents="7" CreationCount="173"/><InteractionEvent Delta="null" EndDate="2014-09-18 00:02:42.782 JST" Interest="2.2520006" Kind="manipulation" Navigation="null" OriginId="org.eclipse.mylyn.core.model.interest.decay.correction" StartDate="2014-09-18 00:02:42.782 JST" StructureHandle="=SL3/src&amp;lt;sl3.utils{Methods.java" StructureKind="java"/><InteractionEvent Delta="null" EndDate="2014-09-17 23:47:49.284 JST" Interest="2.0" Kind="edit" Navigation="null" OriginId="org.eclipse.jdt.ui.CompilationUnitEditor" StartDate="2014-09-17 23:47:37.195 JST" StructureHandle="=SL3/src&amp;lt;sl3.utils{Methods.java" StructureKind="java" NumEvents="2" CreationCount="173"/><InteractionEvent Delta="null" EndDate="2014-09-18 00:08:12.507 JST" Interest="62.0" Kind="propagation" Navigation="null" OriginId="org.eclipse.jdt.ui.PackageExplorer" StartDate="2014-09-17 23:58:48.177 JST" StructureHandle="/SL3/src/sl3/utils/CONS.java" StructureKind="resource" NumEvents="62" CreationCount="436"/><InteractionEvent Delta="null" EndDate="2014-09-17 23:52:16.865 JST" Interest="3.7540002" Kind="propagation" Navigation="org.eclipse.mylyn.core.model.edges.containment" OriginId="org.eclipse.mylyn.core.model.interest.propagation" StartDate="2014-09-17 23:32:38.462 JST" StructureHandle="/SL3/src/sl/libs/xml" StructureKind="resource" NumEvents="2" CreationCount="91"/><InteractionEvent Delta="null" EndDate="2014-09-18 00:07:25.789 JST" Interest="84.0" Kind="propagation" Navigation="null" OriginId="org.eclipse.jdt.ui.CompilationUnitEditor" StartDate="2014-09-17 23:56:13.79 JST" StructureHandle="/SL3/src/sl3/listeners/dialog/DOI_CL.java" StructureKind="resource" NumEvents="84" CreationCount="365"/><InteractionEvent Delta="null" EndDate="2014-09-18 00:19:01.657 JST" Interest="62.184002" Kind="propagation" Navigation="org.eclipse.mylyn.core.model.edges.containment" OriginId="org.eclipse.mylyn.core.model.interest.propagation" StartDate="2014-09-17 23:32:25.665 JST" StructureHandle="=SL3/src&amp;lt;sl3.listeners.dialog" StructureKind="java" NumEvents="87" CreationCount="86"/><InteractionEvent Delta="null" EndDate="2014-09-17 23:32:38.657 JST" Interest="1.0" Kind="selection" Navigation="null" OriginId="org.eclipse.jdt.ui.PackageExplorer" StartDate="2014-09-17 23:32:38.657 JST" StructureHandle="=SL3/src&amp;lt;sl3.listeners.dialog" StructureKind="java"/><InteractionEvent Delta="null" EndDate="2014-09-17 23:52:34.216 JST" Interest="1.0" Kind="selection" Navigation="null" OriginId="org.eclipse.jdt.ui.PackageExplorer" StartDate="2014-09-17 23:52:34.216 JST" StructureHandle="/SL3/a.bat" StructureKind="resource"/><InteractionEvent Delta="null" EndDate="2014-09-17 23:52:16.865 JST" Interest="1.0" Kind="propagation" Navigation="org.eclipse.mylyn.core.model.edges.containment" OriginId="org.eclipse.mylyn.core.model.interest.propagation" StartDate="2014-09-17 23:52:16.865 JST" StructureHandle="/SL3/src/sl/libs/xml/ibm" StructureKind="resource"/><InteractionEvent Delta="null" EndDate="2014-09-18 00:08:59.492 JST" Interest="67.351" Kind="propagation" Navigation="org.eclipse.mylyn.core.model.edges.containment" OriginId="org.eclipse.mylyn.core.model.interest.propagation" StartDate="2014-09-17 23:29:46.544 JST" StructureHandle="=SL3/src&amp;lt;sl3.utils{Methods_dlg.java[Methods_dlg" StructureKind="java" NumEvents="93" CreationCount="5"/><InteractionEvent Delta="null" EndDate="2014-09-17 23:52:16.865 JST" Interest="1.0" Kind="selection" Navigation="null" OriginId="org.eclipse.jdt.ui.PackageExplorer" StartDate="2014-09-17 23:52:16.865 JST" StructureHandle="=SL3/src&amp;lt;sl.libs.xml.ibm.developerworks.main" StructureKind="java"/><InteractionEvent Delta="null" EndDate="2014-09-17 23:52:16.865 JST" Interest="1.0" Kind="propagation" Navigation="null" OriginId="org.eclipse.jdt.ui.PackageExplorer" StartDate="2014-09-17 23:52:16.865 JST" StructureHandle="/SL3/src/sl/libs/xml/ibm/developerworks/main" StructureKind="resource"/><InteractionEvent Delta="null" EndDate="2014-09-18 00:19:01.657 JST" Interest="169.0" Kind="propagation" Navigation="null" OriginId="org.eclipse.jdt.ui.PackageExplorer" StartDate="2014-09-17 23:32:25.671 JST" StructureHandle="/SL3/src/sl3/listeners/dialog/DB_OCL.java" StructureKind="resource" NumEvents="169" CreationCount="86"/><InteractionEvent Delta="null" EndDate="2014-09-18 00:19:04.249 JST" Interest="742.01697" Kind="propagation" Navigation="null" OriginId="org.eclipse.jdt.ui.PackageExplorer" StartDate="2014-09-17 23:29:36.419 JST" StructureHandle="/" StructureKind="resource" NumEvents="743" CreationCount="1"/><InteractionEvent Delta="null" EndDate="2014-09-17 23:58:45.442 JST" Interest="44.134" Kind="propagation" Navigation="org.eclipse.mylyn.core.model.edges.containment" OriginId="org.eclipse.mylyn.core.model.interest.propagation" StartDate="2014-09-17 23:52:39.13 JST" StructureHandle="/SL3/res/values" StructureKind="resource" NumEvents="62" CreationCount="256"/><InteractionEvent Delta="null" EndDate="2014-09-17 23:52:38.67 JST" Interest="1.0" Kind="selection" Navigation="null" OriginId="org.eclipse.jdt.ui.PackageExplorer" StartDate="2014-09-17 23:52:38.67 JST" StructureHandle="/SL3/res/values" StructureKind="resource"/><InteractionEvent Delta="null" EndDate="2014-09-18 00:04:15.415 JST" Interest="8.0" Kind="selection" Navigation="null" OriginId="org.eclipse.jdt.ui.CompilationUnitEditor" StartDate="2014-09-17 23:59:35.862 JST" StructureHandle="=SL3/src&amp;lt;sl3.utils{CONS.java[CONS[DB^col_Names_PS_full" StructureKind="java" NumEvents="8" CreationCount="465"/><InteractionEvent Delta="null" EndDate="2014-09-17 23:59:44.205 JST" Interest="2.0" Kind="edit" Navigation="null" OriginId="org.eclipse.jdt.ui.CompilationUnitEditor" StartDate="2014-09-17 23:59:40.163 JST" StructureHandle="=SL3/src&amp;lt;sl3.utils{CONS.java[CONS[DB^col_purchaseSchedule_full" StructureKind="java" NumEvents="2" CreationCount="465"/><InteractionEvent Delta="null" EndDate="2014-09-18 00:15:22.880 JST" Interest="9.160001" Kind="propagation" Navigation="org.eclipse.mylyn.core.model.edges.containment" OriginId="org.eclipse.mylyn.core.model.interest.propagation" StartDate="2014-09-17 23:50:03.808 JST" StructureHandle="/SL3/bin" StructureKind="resource" NumEvents="2" CreationCount="248"/><InteractionEvent Delta="null" EndDate="2014-09-18 00:04:56.563 JST" Interest="29.741001" Kind="propagation" Navigation="org.eclipse.mylyn.core.model.edges.containment" OriginId="org.eclipse.mylyn.core.model.interest.propagation" StartDate="2014-09-17 23:47:50.878 JST" StructureHandle="=SL3/src&amp;lt;sl3.utils{Methods.java[Methods" StructureKind="java" NumEvents="38" CreationCount="180"/><InteractionEvent Delta="null" EndDate="2014-09-18 00:05:18.529 JST" Interest="4.0" Kind="selection" Navigation="null" OriginId="org.eclipse.jdt.ui.CompilationUnitEditor" StartDate="2014-09-18 00:03:12.809 JST" StructureHandle="=SL3/src&amp;lt;sl3.utils{Methods.java[Methods" StructureKind="java" NumEvents="4" CreationCount="180"/><InteractionEvent Delta="null" EndDate="2014-09-18 00:02:00.490 JST" Interest="6.117" Kind="propagation" Navigation="org.eclipse.mylyn.core.model.edges.containment" OriginId="org.eclipse.mylyn.core.model.interest.propagation" StartDate="2014-09-18 00:01:28.146 JST" StructureHandle="=SL3/src&amp;lt;sl3.utils{Tags.java[Tags" StructureKind="java" NumEvents="8" CreationCount="515"/><InteractionEvent Delta="null" EndDate="2014-09-17 23:49:26.751 JST" Interest="1.0" Kind="selection" Navigation="null" OriginId="org.eclipse.jdt.ui.CompilationUnitEditor" StartDate="2014-09-17 23:49:26.751 JST" StructureHandle="=SL3/src&amp;lt;sl3.listeners.dialog{DB_OCL.java[DB_OCL~case_dlg_save_tobuy_list_bt_ok__getItemIdsString" StructureKind="java"/><InteractionEvent Delta="null" EndDate="2014-09-18 00:00:07.447 JST" Interest="1.0" Kind="propagation" Navigation="org.eclipse.mylyn.core.model.edges.containment" OriginId="org.eclipse.mylyn.core.model.interest.propagation" StartDate="2014-09-18 00:00:07.447 JST" StructureHandle="=SL3/src&amp;lt;sl.main" StructureKind="java"/><InteractionEvent Delta="null" EndDate="2014-09-18 00:15:22.880 JST" Interest="2.0" Kind="prediction" Navigation="null" OriginId="org.eclipse.mylyn.resources.ui.interest.updater" StartDate="2014-09-17 23:50:03.808 JST" StructureHandle="/SL3/bin/classes.dex" StructureKind="resource" NumEvents="2" CreationCount="248"/><InteractionEvent Delta="null" EndDate="2014-09-18 00:06:36.376 JST" Interest="8.0" Kind="propagation" Navigation="org.eclipse.mylyn.core.model.edges.containment" OriginId="org.eclipse.mylyn.core.model.interest.propagation" StartDate="2014-09-18 00:06:13.854 JST" StructureHandle="=SL3/src&amp;lt;sl3.listeners.dialog{DB_OTL.java[DB_OTL" StructureKind="java" NumEvents="11" CreationCount="631"/><InteractionEvent Delta="null" EndDate="2014-09-18 00:06:13.853 JST" Interest="1.0" Kind="selection" Navigation="null" OriginId="org.eclipse.jdt.ui.CompilationUnitEditor" StartDate="2014-09-18 00:06:13.853 JST" StructureHandle="=SL3/src&amp;lt;sl3.listeners.dialog{DB_OTL.java[DB_OTL~onTouch~QView;~QMotionEvent;" StructureKind="java"/><InteractionEvent Delta="null" EndDate="2014-09-18 00:06:36.375 JST" Interest="10.0" Kind="edit" Navigation="null" OriginId="org.eclipse.jdt.ui.CompilationUnitEditor" StartDate="2014-09-18 00:06:16.390 JST" StructureHandle="=SL3/src&amp;lt;sl3.listeners.dialog{DB_OTL.java[DB_OTL~onTouch~QView;~QMotionEvent;" StructureKind="java" NumEvents="10" CreationCount="631"/><InteractionEvent Delta="null" EndDate="2014-09-18 00:00:07.446 JST" Interest="1.0" Kind="propagation" Navigation="org.eclipse.mylyn.core.model.edges.containment" OriginId="org.eclipse.mylyn.core.model.interest.propagation" StartDate="2014-09-18 00:00:07.446 JST" StructureHandle="/SL3/src/sl/main" StructureKind="resource"/><InteractionEvent Delta="null" EndDate="2014-09-18 00:01:31.767 JST" Interest="1.017" Kind="propagation" Navigation="org.eclipse.mylyn.core.model.edges.containment" OriginId="org.eclipse.mylyn.core.model.interest.propagation" StartDate="2014-09-18 00:01:28.146 JST" StructureHandle="=SL3/src&amp;lt;sl3.utils{Tags.java[Tags[DialogTags" StructureKind="java" NumEvents="2" CreationCount="515"/><InteractionEvent Delta="null" EndDate="2014-09-18 00:02:00.489 JST" Interest="3.0" Kind="selection" Navigation="null" OriginId="org.eclipse.jdt.ui.CompilationUnitEditor" StartDate="2014-09-18 00:01:32.830 JST" StructureHandle="=SL3/src&amp;lt;sl3.utils{Tags.java[Tags[DialogTags" StructureKind="java" NumEvents="3" CreationCount="515"/><InteractionEvent Delta="null" EndDate="2014-09-18 00:01:51.953 JST" Interest="3.0" Kind="edit" Navigation="null" OriginId="org.eclipse.jdt.ui.CompilationUnitEditor" StartDate="2014-09-18 00:01:49.397 JST" StructureHandle="=SL3/src&amp;lt;sl3.utils{Tags.java[Tags[DialogTags" StructureKind="java" NumEvents="3" CreationCount="515"/><InteractionEvent Delta="null" EndDate="2014-09-18 00:07:23.475 JST" Interest="18.0" Kind="propagation" Navigation="null" OriginId="org.eclipse.jdt.ui.CompilationUnitEditor" StartDate="2014-09-17 23:58:16.423 JST" StructureHandle="/ShoppingList/src/sl/utils/CONS.java" StructureKind="resource" NumEvents="18" CreationCount="422"/><InteractionEvent Delta="null" EndDate="2014-09-18 00:07:23.475 JST" Interest="18.017" Kind="propagation" Navigation="org.eclipse.mylyn.core.model.edges.containment" OriginId="org.eclipse.mylyn.core.model.interest.propagation" StartDate="2014-09-17 23:58:15.534 JST" StructureHandle="/ShoppingList/src/sl/utils" StructureKind="resource" NumEvents="19" CreationCount="421"/><InteractionEvent Delta="null" EndDate="2014-09-17 23:32:38.462 JST" Interest="1.0" Kind="selection" Navigation="null" OriginId="org.eclipse.jdt.ui.PackageExplorer" StartDate="2014-09-17 23:32:38.462 JST" StructureHandle="=SL3/src&amp;lt;sl.libs.xml.domsample" StructureKind="java"/><InteractionEvent Delta="null" EndDate="2014-09-18 00:08:51.909 JST" Interest="12.078" Kind="propagation" Navigation="org.eclipse.mylyn.core.model.edges.containment" OriginId="org.eclipse.mylyn.core.model.interest.propagation" StartDate="2014-09-17 23:46:11.452 JST" StructureHandle="=SL3/src&amp;lt;sl3.utils{DBUtils.java[DBUtils" StructureKind="java" NumEvents="16" CreationCount="144"/><InteractionEvent Delta="null" EndDate="2014-09-17 23:52:16.865 JST" Interest="3.7540002" Kind="propagation" Navigation="org.eclipse.mylyn.core.model.edges.containment" OriginId="org.eclipse.mylyn.core.model.interest.propagation" StartDate="2014-09-17 23:32:38.462 JST" StructureHandle="/SL3/src/sl/libs" StructureKind="resource" NumEvents="2" CreationCount="91"/><InteractionEvent Delta="null" EndDate="2014-09-17 23:56:15.878 JST" Interest="1.0" Kind="selection" Navigation="null" OriginId="org.eclipse.jdt.ui.CompilationUnitEditor" StartDate="2014-09-17 23:56:15.878 JST" StructureHandle="=SL3/src&amp;lt;sl3.listeners.dialog{DOI_CL.java[DOI_CL~onItemClick~QAdapterView\&amp;lt;*&amp;gt;;~QView;~I~J" StructureKind="java"/><InteractionEvent Delta="null" EndDate="2014-09-17 23:56:16.543 JST" Interest="1.0" Kind="edit" Navigation="null" OriginId="org.eclipse.jdt.ui.CompilationUnitEditor" StartDate="2014-09-17 23:56:16.543 JST" StructureHandle="=SL3/src&amp;lt;sl3.listeners.dialog{DOI_CL.java[DOI_CL~onItemClick~QAdapterView\&amp;lt;*&amp;gt;;~QView;~I~J" StructureKind="java"/><InteractionEvent Delta="null" EndDate="2014-09-17 23:47:48.161 JST" Interest="1.0" Kind="selection" Navigation="null" OriginId="org.eclipse.jdt.ui.CompilationUnitEditor" StartDate="2014-09-17 23:47:48.161 JST" StructureHandle="=SL3/src&amp;lt;sl3.utils{Methods.java#java.nio.channels.FileChannel" StructureKind="java"/><InteractionEvent Delta="null" EndDate="2014-09-18 00:07:22.860 JST" Interest="77.0" Kind="propagation" Navigation="null" OriginId="org.eclipse.jdt.ui.CompilationUnitEditor" StartDate="2014-09-17 23:47:36.734 JST" StructureHandle="/SL3/src/sl3/utils/Methods.java" StructureKind="resource" NumEvents="77" CreationCount="173"/><InteractionEvent Delta="null" EndDate="2014-09-18 00:07:23.477 JST" Interest="7.919" Kind="propagation" Navigation="org.eclipse.mylyn.core.model.edges.containment" OriginId="org.eclipse.mylyn.core.model.interest.propagation" StartDate="2014-09-17 23:58:13.925 JST" StructureHandle="=ShoppingList/src" StructureKind="java" NumEvents="17" CreationCount="419"/><InteractionEvent Delta="null" EndDate="2014-09-17 23:58:13.516 JST" Interest="1.0" Kind="selection" Navigation="null" OriginId="org.eclipse.ui.views.ResourceNavigator" StartDate="2014-09-17 23:58:13.516 JST" StructureHandle="=ShoppingList/src" StructureKind="java"/><InteractionEvent Delta="null" EndDate="2014-09-18 00:09:51.749 JST" Interest="7.0" Kind="propagation" Navigation="null" OriginId="org.eclipse.jdt.ui.CompilationUnitEditor" StartDate="2014-09-18 00:00:19.81 JST" StructureHandle="/SL3/src/sl3/utils/Methods_sl.java" StructureKind="resource" NumEvents="7" CreationCount="480"/><InteractionEvent Delta="null" EndDate="2014-09-18 00:09:36.364 JST" Interest="3.0800004" Kind="manipulation" Navigation="null" OriginId="org.eclipse.mylyn.core.model.interest.decay.correction" StartDate="2014-09-18 00:09:36.364 JST" StructureHandle="/SL3/src/sl3/utils/Methods_sl.java" StructureKind="resource"/><InteractionEvent Delta="null" EndDate="2014-09-18 00:08:51.909 JST" Interest="7.0950003" Kind="propagation" Navigation="org.eclipse.mylyn.core.model.edges.containment" OriginId="org.eclipse.mylyn.core.model.interest.propagation" StartDate="2014-09-17 23:46:11.453 JST" StructureHandle="=SL3/src&amp;lt;sl3.utils{DBUtils.java" StructureKind="java" NumEvents="12" CreationCount="143"/><InteractionEvent Delta="null" EndDate="2014-09-18 00:07:31.103 JST" Interest="5.0" Kind="selection" Navigation="null" OriginId="org.eclipse.jdt.ui.CompilationUnitEditor" StartDate="2014-09-17 23:46:10.532 JST" StructureHandle="=SL3/src&amp;lt;sl3.utils{DBUtils.java" StructureKind="java" NumEvents="5" CreationCount="143"/><InteractionEvent Delta="null" EndDate="2014-09-17 23:59:31.153 JST" Interest="2.0" Kind="selection" Navigation="null" OriginId="org.eclipse.jdt.ui.CompilationUnitEditor" StartDate="2014-09-17 23:59:23.717 JST" StructureHandle="=SL3/src&amp;lt;sl3.utils{CONS.java[CONS[DB^col_Types_Genre" StructureKind="java" NumEvents="2" CreationCount="459"/><InteractionEvent Delta="null" EndDate="2014-09-17 23:58:23.614 JST" Interest="0.7169998" Kind="propagation" Navigation="org.eclipse.mylyn.core.model.edges.containment" OriginId="org.eclipse.mylyn.core.model.interest.propagation" StartDate="2014-09-17 23:58:22.996 JST" StructureHandle="=ShoppingList/src&amp;lt;sl.utils{CONS.java[CONS[DBAdmin" StructureKind="java" NumEvents="2" CreationCount="425"/><InteractionEvent Delta="null" EndDate="2014-09-18 00:07:23.474 JST" Interest="6.0" Kind="selection" Navigation="null" OriginId="org.eclipse.jdt.ui.CompilationUnitEditor" StartDate="2014-09-17 23:58:20.81 JST" StructureHandle="=ShoppingList/src&amp;lt;sl.utils{CONS.java[CONS[DBAdmin" StructureKind="java" NumEvents="6" CreationCount="425"/><InteractionEvent Delta="null" EndDate="2014-09-17 23:58:42.568 JST" Interest="3.0" Kind="edit" Navigation="null" OriginId="org.eclipse.jdt.ui.CompilationUnitEditor" StartDate="2014-09-17 23:58:37.623 JST" StructureHandle="=ShoppingList/src&amp;lt;sl.utils{CONS.java[CONS[DBAdmin" StructureKind="java" NumEvents="3" CreationCount="425"/><InteractionEvent Delta="null" EndDate="2014-09-18 00:09:51.749 JST" Interest="3.8" Kind="propagation" Navigation="org.eclipse.mylyn.core.model.edges.containment" OriginId="org.eclipse.mylyn.core.model.interest.propagation" StartDate="2014-09-18 00:09:37.22 JST" StructureHandle="=SL3/src&amp;lt;sl3.utils{Methods_sl.java[Methods_sl" StructureKind="java" NumEvents="5" CreationCount="721"/><InteractionEvent Delta="null" EndDate="2014-09-18 00:00:07.446 JST" Interest="7.5280004" Kind="propagation" Navigation="org.eclipse.mylyn.core.model.edges.containment" OriginId="org.eclipse.mylyn.core.model.interest.propagation" StartDate="2014-09-17 23:32:38.463 JST" StructureHandle="/SL3/src/sl" StructureKind="resource" NumEvents="3" CreationCount="91"/><InteractionEvent Delta="null" EndDate="2014-09-17 23:47:48.162 JST" Interest="1.0" Kind="propagation" Navigation="org.eclipse.mylyn.core.model.edges.containment" OriginId="org.eclipse.mylyn.core.model.interest.propagation" StartDate="2014-09-17 23:47:48.162 JST" StructureHandle="=SL3/src&amp;lt;sl3.utils{Methods.java#" StructureKind="java"/><InteractionEvent Delta="null" EndDate="2014-09-18 00:07:22.859 JST" Interest="7.0" Kind="selection" Navigation="null" OriginId="org.eclipse.jdt.ui.CompilationUnitEditor" StartDate="2014-09-18 00:02:43.573 JST" StructureHandle="=SL3/src&amp;lt;sl3.utils{Methods.java[Methods~opt_ActvTab_CreateTables~QActivity;~QDialog;~QDialog;~QDialog;~QString;" StructureKind="java" NumEvents="7" CreationCount="538"/><InteractionEvent Delta="null" EndDate="2014-09-18 00:03:02.103 JST" Interest="9.0" Kind="edit" Navigation="null" OriginId="org.eclipse.jdt.ui.CompilationUnitEditor" StartDate="2014-09-18 00:02:46.177 JST" StructureHandle="=SL3/src&amp;lt;sl3.utils{Methods.java[Methods~opt_ActvTab_CreateTables~QActivity;~QDialog;~QDialog;~QDialog;~QString;" StructureKind="java" NumEvents="9" CreationCount="538"/><InteractionEvent Delta="null" EndDate="2014-09-18 00:07:23.476 JST" Interest="7.885" Kind="propagation" Navigation="org.eclipse.mylyn.core.model.edges.containment" OriginId="org.eclipse.mylyn.core.model.interest.propagation" StartDate="2014-09-17 23:58:16.423 JST" StructureHandle="=ShoppingList/src&amp;lt;sl.utils" StructureKind="java" NumEvents="15" CreationCount="421"/><InteractionEvent Delta="null" EndDate="2014-09-17 23:58:15.534 JST" Interest="1.0" Kind="selection" Navigation="null" OriginId="org.eclipse.ui.views.ResourceNavigator" StartDate="2014-09-17 23:58:15.534 JST" StructureHandle="=ShoppingList/src&amp;lt;sl.utils" StructureKind="java"/><InteractionEvent Delta="null" EndDate="2014-09-18 00:14:57.142 JST" Interest="6.0" Kind="selection" Navigation="null" OriginId="org.eclipse.jdt.ui.CompilationUnitEditor" StartDate="2014-09-17 23:43:50.260 JST" StructureHandle="=SL3/src&amp;lt;sl3.listeners.dialog{DB_OCL.java[DB_OCL~case_DLG_SAVE_TOBUY_LIST_BT_OK" StructureKind="java" NumEvents="6" CreationCount="105"/><InteractionEvent Delta="null" EndDate="2014-09-18 00:18:58.315 JST" Interest="39.0" Kind="edit" Navigation="null" OriginId="org.eclipse.jdt.ui.CompilationUnitEditor" StartDate="2014-09-17 23:43:52.10 JST" StructureHandle="=SL3/src&amp;lt;sl3.listeners.dialog{DB_OCL.java[DB_OCL~case_DLG_SAVE_TOBUY_LIST_BT_OK" StructureKind="java" NumEvents="39" CreationCount="105"/><InteractionEvent Delta="null" EndDate="2014-09-18 00:19:01.657 JST" Interest="271.0" Kind="propagation" Navigation="org.eclipse.mylyn.core.model.edges.containment" OriginId="org.eclipse.mylyn.core.model.interest.propagation" StartDate="2014-09-17 23:32:25.665 JST" StructureHandle="/SL3/src/sl3/listeners" StructureKind="resource" NumEvents="271" CreationCount="86"/><InteractionEvent Delta="null" EndDate="2014-09-17 23:58:51.701 JST" Interest="1.0" Kind="selection" Navigation="null" OriginId="org.eclipse.ui.views.ContentOutline" StartDate="2014-09-17 23:58:51.701 JST" StructureHandle="=SL3/src&amp;lt;sl3.utils{CONS.java%sl3.utils" StructureKind="java"/><InteractionEvent Delta="null" EndDate="2014-09-18 00:04:44.968 JST" Interest="2.0" Kind="selection" Navigation="null" OriginId="org.eclipse.jdt.ui.CompilationUnitEditor" StartDate="2014-09-18 00:03:15.525 JST" StructureHandle="=SL3/src&amp;lt;sl3.utils{Methods.java[Methods~_opt_ActvTab_CreateTables__PS~QActivity;~QDialog;~QDialog;~QDialog;" StructureKind="java" NumEvents="2" CreationCount="553"/><InteractionEvent Delta="null" EndDate="2014-09-18 00:04:56.562 JST" Interest="32.0" Kind="edit" Navigation="null" OriginId="org.eclipse.jdt.ui.CompilationUnitEditor" StartDate="2014-09-18 00:03:17.650 JST" StructureHandle="=SL3/src&amp;lt;sl3.utils{Methods.java[Methods~_opt_ActvTab_CreateTables__PS~QActivity;~QDialog;~QDialog;~QDialog;" StructureKind="java" NumEvents="32" CreationCount="553"/><InteractionEvent Delta="null" EndDate="2014-09-17 23:59:00.855 JST" Interest="1.0" Kind="propagation" Navigation="org.eclipse.mylyn.core.model.edges.containment" OriginId="org.eclipse.mylyn.core.model.interest.propagation" StartDate="2014-09-17 23:59:00.855 JST" StructureHandle="=SL3/src&amp;lt;sl3.utils{CONS.java[CONS[SQLs" StructureKind="java"/><InteractionEvent Delta="null" EndDate="2014-09-17 23:59:03.801 JST" Interest="1.0" Kind="selection" Navigation="null" OriginId="org.eclipse.jdt.ui.CompilationUnitEditor" StartDate="2014-09-17 23:59:03.801 JST" StructureHandle="=SL3/src&amp;lt;sl3.utils{CONS.java[CONS[SQLs" StructureKind="java"/><InteractionEvent Delta="null" EndDate="2014-09-18 00:09:10.565 JST" Interest="2.0" Kind="selection" Navigation="null" OriginId="org.eclipse.jdt.ui.CompilationUnitEditor" StartDate="2014-09-18 00:09:04.336 JST" StructureHandle="=SL3/src&amp;lt;sl3.listeners.dialog{DB_OCL.java[DB_OCL~case_dlg_scheduleInDb_ok" StructureKind="java" NumEvents="2" CreationCount="708"/><InteractionEvent Delta="null" EndDate="2014-09-18 00:09:21.297 JST" Interest="4.0" Kind="edit" Navigation="null" OriginId="org.eclipse.jdt.ui.CompilationUnitEditor" StartDate="2014-09-18 00:09:11.311 JST" StructureHandle="=SL3/src&amp;lt;sl3.listeners.dialog{DB_OCL.java[DB_OCL~case_dlg_scheduleInDb_ok" StructureKind="java" NumEvents="4" CreationCount="708"/><InteractionEvent Delta="null" EndDate="2014-09-18 00:09:51.750 JST" Interest="370.0" Kind="propagation" Navigation="org.eclipse.mylyn.core.model.edges.containment" OriginId="org.eclipse.mylyn.core.model.interest.propagation" StartDate="2014-09-17 23:29:43.667 JST" StructureHandle="/SL3/src/sl3" StructureKind="resource" NumEvents="372" CreationCount="4"/><InteractionEvent Delta="null" EndDate="2014-09-18 00:07:23.477 JST" Interest="22.0" Kind="propagation" Navigation="null" OriginId="org.eclipse.jdt.ui.CompilationUnitEditor" StartDate="2014-09-17 23:58:11.455 JST" StructureHandle="/ShoppingList" StructureKind="resource" NumEvents="22" CreationCount="418"/><InteractionEvent Delta="null" EndDate="2014-09-18 00:08:12.412 JST" Interest="14.0" Kind="propagation" Navigation="null" OriginId="org.eclipse.jdt.ui.PackageExplorer" StartDate="2014-09-18 00:06:07.702 JST" StructureHandle="/SL3/src/sl3/listeners/dialog/DB_OTL.java" StructureKind="resource" NumEvents="14" CreationCount="629"/><InteractionEvent Delta="null" EndDate="2014-09-17 23:58:23.146 JST" Interest="2.0" Kind="selection" Navigation="null" OriginId="org.eclipse.jdt.ui.CompilationUnitEditor" StartDate="2014-09-17 23:58:22.996 JST" StructureHandle="=ShoppingList/src&amp;lt;sl.utils{CONS.java[CONS[DBAdmin^col_purchaseSchedule" StructureKind="java" NumEvents="2" CreationCount="426"/><InteractionEvent Delta="null" EndDate="2014-09-17 23:58:23.613 JST" Interest="1.0" Kind="edit" Navigation="null" OriginId="org.eclipse.jdt.ui.CompilationUnitEditor" StartDate="2014-09-17 23:58:23.613 JST" StructureHandle="=ShoppingList/src&amp;lt;sl.utils{CONS.java[CONS[DBAdmin^col_purchaseSchedule" StructureKind="java"/><InteractionEvent Delta="null" EndDate="2014-09-17 23:59:22.372 JST" Interest="2.0" Kind="selection" Navigation="null" OriginId="org.eclipse.ui.views.ContentOutline" StartDate="2014-09-17 23:59:20.55 JST" StructureHandle="=SL3/src&amp;lt;sl3.utils{CONS.java[CONS[DB^col_Names_Genre_full" StructureKind="java" NumEvents="2" CreationCount="457"/><InteractionEvent Delta="null" EndDate="2014-09-18 00:08:51.926 JST" Interest="9.0" Kind="selection" Navigation="null" OriginId="org.eclipse.ui.views.ContentOutline" StartDate="2014-09-18 00:05:34.941 JST" StructureHandle="=SL3/src&amp;lt;sl3.utils{Methods_dlg.java[Methods_dlg~conf_DropTable~QActivity;~QDialog;~QDialog;~QDialog;~QString;~QTags.DialogTags;" StructureKind="java" NumEvents="9" CreationCount="617"/><InteractionEvent Delta="null" EndDate="2014-09-18 00:08:11.874 JST" Interest="3.0" Kind="edit" Navigation="null" OriginId="org.eclipse.jdt.ui.CompilationUnitEditor" StartDate="2014-09-18 00:05:39.324 JST" StructureHandle="=SL3/src&amp;lt;sl3.utils{Methods_dlg.java[Methods_dlg~conf_DropTable~QActivity;~QDialog;~QDialog;~QDialog;~QString;~QTags.DialogTags;" StructureKind="java" NumEvents="3" CreationCount="617"/><InteractionEvent Delta="null" EndDate="2014-09-18 00:19:04.238 JST" Interest="3.0" Kind="propagation" Navigation="null" OriginId="org.eclipse.jdt.ui.PackageExplorer" StartDate="2014-09-18 00:08:26.632 JST" StructureHandle="/SL3/src/sl3/listeners/button" StructureKind="resource" NumEvents="3" CreationCount="687"/><InteractionEvent Delta="null" EndDate="2014-09-18 00:08:41.183 JST" Interest="1.0" Kind="selection" Navigation="null" OriginId="org.eclipse.jdt.ui.PackageExplorer" StartDate="2014-09-18 00:08:41.183 JST" StructureHandle="=SL3/src&amp;lt;sl3.listeners.dialog{DialogButtonOnTouchListener.java" StructureKind="java"/><InteractionEvent Delta="null" EndDate="2014-09-17 23:32:25.663 JST" Interest="1.0" Kind="prediction" Navigation="null" OriginId="org.eclipse.mylyn.resources.ui.interest.updater" StartDate="2014-09-17 23:32:25.663 JST" StructureHandle="=SL3/src&amp;lt;sl3.listeners.dialog{DialogButtonOnTouchListener.java" StructureKind="java"/><InteractionEvent Delta="null" EndDate="2014-09-18 00:08:41.183 JST" Interest="9.217001" Kind="manipulation" Navigation="null" OriginId="org.eclipse.mylyn.core.model.interest.decay.correction" StartDate="2014-09-18 00:08:41.183 JST" StructureHandle="=SL3/src&amp;lt;sl3.listeners.dialog{DialogButtonOnTouchListener.java" StructureKind="java"/><InteractionEvent Delta="null" EndDate="2014-09-17 23:58:45.442 JST" Interest="8.0" Kind="selection" Navigation="null" OriginId="org.eclipse.jdt.ui.PackageExplorer" StartDate="2014-09-17 23:52:39.461 JST" StructureHandle="/SL3/res/values/strings.xml" StructureKind="resource" NumEvents="8" CreationCount="258"/><InteractionEvent Delta="null" EndDate="2014-09-17 23:56:47.695 JST" Interest="53.0" Kind="edit" Navigation="null" OriginId="com.android.ide.eclipse.editors.CommonXmlEditor" StartDate="2014-09-17 23:52:40.871 JST" StructureHandle="/SL3/res/values/strings.xml" StructureKind="resource" NumEvents="53" CreationCount="258"/><InteractionEvent Delta="null" EndDate="2014-09-18 00:09:51.750 JST" Interest="370.0" Kind="propagation" Navigation="null" OriginId="org.eclipse.jdt.ui.CompilationUnitEditor" StartDate="2014-09-17 23:29:43.667 JST" StructureHandle="/SL3/src/sl3/utils" StructureKind="resource" NumEvents="370" CreationCount="4"/><InteractionEvent Delta="null" EndDate="2014-09-17 23:54:13.130 JST" Interest="1.0" Kind="selection" Navigation="null" OriginId="org.eclipse.ui.views.ContentOutline" StartDate="2014-09-17 23:54:13.130 JST" StructureHandle="=SL3/src&amp;lt;sl3.utils{Methods_dlg.java%sl3.utils" StructureKind="java"/><InteractionEvent Delta="null" EndDate="2014-09-18 00:04:13.103 JST" Interest="13.316999" Kind="propagation" Navigation="org.eclipse.mylyn.core.model.edges.containment" OriginId="org.eclipse.mylyn.core.model.interest.propagation" StartDate="2014-09-17 23:58:53.205 JST" StructureHandle="=SL3/src&amp;lt;sl3.utils{CONS.java[CONS" StructureKind="java" NumEvents="18" CreationCount="439"/><InteractionEvent Delta="null" EndDate="2014-09-18 00:04:16.746 JST" Interest="1.0" Kind="selection" Navigation="null" OriginId="org.eclipse.jdt.ui.CompilationUnitEditor" StartDate="2014-09-18 00:04:16.746 JST" StructureHandle="=SL3/src&amp;lt;sl3.utils{CONS.java[CONS" StructureKind="java"/><InteractionEvent Delta="null" EndDate="2014-09-18 00:02:00.491 JST" Interest="5.151" Kind="propagation" Navigation="org.eclipse.mylyn.core.model.edges.containment" OriginId="org.eclipse.mylyn.core.model.interest.propagation" StartDate="2014-09-18 00:01:28.146 JST" StructureHandle="=SL3/src&amp;lt;sl3.utils{Tags.java" StructureKind="java" NumEvents="9" CreationCount="86"/><InteractionEvent Delta="null" EndDate="2014-09-18 00:01:27.310 JST" Interest="1.0" Kind="selection" Navigation="null" OriginId="org.eclipse.jdt.ui.CompilationUnitEditor" StartDate="2014-09-18 00:01:27.310 JST" StructureHandle="=SL3/src&amp;lt;sl3.utils{Tags.java" StructureKind="java"/><InteractionEvent Delta="null" EndDate="2014-09-17 23:32:25.664 JST" Interest="1.0" Kind="prediction" Navigation="null" OriginId="org.eclipse.mylyn.resources.ui.interest.updater" StartDate="2014-09-17 23:32:25.664 JST" StructureHandle="=SL3/src&amp;lt;sl3.utils{Tags.java" StructureKind="java"/><InteractionEvent Delta="null" EndDate="2014-09-18 00:01:27.310 JST" Interest="6.2590003" Kind="manipulation" Navigation="null" OriginId="org.eclipse.mylyn.core.model.interest.decay.correction" StartDate="2014-09-18 00:01:27.310 JST" StructureHandle="=SL3/src&amp;lt;sl3.utils{Tags.java" StructureKind="java"/><InteractionEvent Delta="null" EndDate="2014-09-18 00:06:36.376 JST" Interest="6.034" Kind="propagation" Navigation="org.eclipse.mylyn.core.model.edges.containment" OriginId="org.eclipse.mylyn.core.model.interest.propagation" StartDate="2014-09-18 00:06:19.373 JST" StructureHandle="=SL3/src&amp;lt;sl3.listeners.dialog{DB_OTL.java" StructureKind="java" NumEvents="9" CreationCount="629"/><InteractionEvent Delta="null" EndDate="2014-09-18 00:08:12.412 JST" Interest="3.0" Kind="selection" Navigation="null" OriginId="org.eclipse.jdt.ui.PackageExplorer" StartDate="2014-09-18 00:06:07.702 JST" StructureHandle="=SL3/src&amp;lt;sl3.listeners.dialog{DB_OTL.java" StructureKind="java" NumEvents="3" CreationCount="629"/><InteractionEvent Delta="null" EndDate="2014-09-18 00:07:23.475 JST" Interest="18.034" Kind="propagation" Navigation="org.eclipse.mylyn.core.model.edges.containment" OriginId="org.eclipse.mylyn.core.model.interest.propagation" StartDate="2014-09-17 23:58:13.924 JST" StructureHandle="/ShoppingList/src/sl" StructureKind="resource" NumEvents="20" CreationCount="420"/><InteractionEvent Delta="null" EndDate="2014-09-18 00:19:04.238 JST" Interest="3.0" Kind="selection" Navigation="null" OriginId="org.eclipse.jdt.ui.PackageExplorer" StartDate="2014-09-18 00:08:26.631 JST" StructureHandle="=SL3/src&amp;lt;sl3.listeners.button" StructureKind="java" NumEvents="3" CreationCount="687"/><InteractionEvent Delta="null" EndDate="2014-09-18 00:01:31.766 JST" Interest="1.0" Kind="selection" Navigation="null" OriginId="org.eclipse.jdt.ui.CompilationUnitEditor" StartDate="2014-09-18 00:01:31.766 JST" StructureHandle="=SL3/src&amp;lt;sl3.utils{Tags.java[Tags[DialogTags^ACTV_TAB_OPT_DB" StructureKind="java"/><InteractionEvent Delta="null" EndDate="2014-09-17 23:58:13.924 JST" Interest="1.0" Kind="selection" Navigation="null" OriginId="org.eclipse.ui.views.ResourceNavigator" StartDate="2014-09-17 23:58:13.924 JST" StructureHandle="=ShoppingList/src&amp;lt;sl" StructureKind="java"/><InteractionEvent Delta="null" EndDate="2014-09-18 00:07:25.789 JST" Interest="38.768" Kind="propagation" Navigation="org.eclipse.mylyn.core.model.edges.containment" OriginId="org.eclipse.mylyn.core.model.interest.propagation" StartDate="2014-09-17 23:56:13.840 JST" StructureHandle="=SL3/src&amp;lt;sl3.listeners.dialog{DOI_CL.java" StructureKind="java" NumEvents="60" CreationCount="365"/><InteractionEvent Delta="null" EndDate="2014-09-18 00:07:23.769 JST" Interest="12.0" Kind="selection" Navigation="null" OriginId="org.eclipse.jdt.ui.CompilationUnitEditor" StartDate="2014-09-17 23:56:13.79 JST" StructureHandle="=SL3/src&amp;lt;sl3.listeners.dialog{DOI_CL.java" StructureKind="java" NumEvents="12" CreationCount="365"/><InteractionEvent Delta="null" EndDate="2014-09-18 00:08:41.183 JST" Interest="2.0" Kind="propagation" Navigation="null" OriginId="org.eclipse.jdt.ui.PackageExplorer" StartDate="2014-09-17 23:32:25.664 JST" StructureHandle="/SL3/src/sl3/listeners/dialog/DialogButtonOnTouchListener.java" StructureKind="resource" NumEvents="2" CreationCount="86"/><InteractionEvent Delta="null" EndDate="2014-09-18 00:08:41.183 JST" Interest="9.234" Kind="manipulation" Navigation="null" OriginId="org.eclipse.mylyn.core.model.interest.decay.correction" StartDate="2014-09-18 00:08:41.183 JST" StructureHandle="/SL3/src/sl3/listeners/dialog/DialogButtonOnTouchListener.java" StructureKind="resource"/><InteractionEvent Delta="null" EndDate="2014-09-18 00:08:51.909 JST" Interest="22.0" Kind="propagation" Navigation="null" OriginId="org.eclipse.ui.views.ContentOutline" StartDate="2014-09-17 23:46:10.533 JST" StructureHandle="/SL3/src/sl3/utils/DBUtils.java" StructureKind="resource" NumEvents="22" CreationCount="143"/><InteractionEvent Delta="null" EndDate="2014-09-18 00:07:23.475 JST" Interest="8.817" Kind="propagation" Navigation="org.eclipse.mylyn.core.model.edges.containment" OriginId="org.eclipse.mylyn.core.model.interest.propagation" StartDate="2014-09-17 23:58:20.81 JST" StructureHandle="=ShoppingList/src&amp;lt;sl.utils{CONS.java[CONS" StructureKind="java" NumEvents="12" CreationCount="425"/><InteractionEvent Delta="null" EndDate="2014-09-18 00:00:17.368 JST" Interest="2.0" Kind="selection" Navigation="null" OriginId="org.eclipse.jdt.ui.CompilationUnitEditor" StartDate="2014-09-18 00:00:09.834 JST" StructureHandle="=SL3/src&amp;lt;sl3.utils{CONS.java[CONS[DB^col_Names_purchaseSchedule" StructureKind="java" NumEvents="2" CreationCount="477"/><InteractionEvent Delta="null" EndDate="2014-09-18 00:00:14.967 JST" Interest="1.0" Kind="edit" Navigation="null" OriginId="org.eclipse.jdt.ui.CompilationUnitEditor" StartDate="2014-09-18 00:00:14.967 JST" StructureHandle="=SL3/src&amp;lt;sl3.utils{CONS.java[CONS[DB^col_purchaseSchedule" StructureKind="java"/><InteractionEvent Delta="null" EndDate="2014-09-18 00:04:16.747 JST" Interest="11.368" Kind="propagation" Navigation="org.eclipse.mylyn.core.model.edges.containment" OriginId="org.eclipse.mylyn.core.model.interest.propagation" StartDate="2014-09-17 23:58:56.644 JST" StructureHandle="=SL3/src&amp;lt;sl3.utils{CONS.java" StructureKind="java" NumEvents="19" CreationCount="436"/><InteractionEvent Delta="null" EndDate="2014-09-18 00:08:12.507 JST" Interest="7.0" Kind="selection" Navigation="null" OriginId="org.eclipse.jdt.ui.PackageExplorer" StartDate="2014-09-17 23:58:48.177 JST" StructureHandle="=SL3/src&amp;lt;sl3.utils{CONS.java" StructureKind="java" NumEvents="7" CreationCount="436"/><InteractionEvent Delta="null" EndDate="2014-09-17 23:52:39.13 JST" Interest="1.0" Kind="selection" Navigation="null" OriginId="org.eclipse.jdt.ui.PackageExplorer" StartDate="2014-09-17 23:52:39.13 JST" StructureHandle="/SL3/res/values/colors.xml" StructureKind="resource"/><InteractionEvent Delta="null" EndDate="2014-09-17 23:29:47.459 JST" Interest="2.0" Kind="selection" Navigation="null" OriginId="org.eclipse.ui.views.ContentOutline" StartDate="2014-09-17 23:29:46.543 JST" StructureHandle="=SL3/src&amp;lt;sl3.utils{Methods_dlg.java[Methods_dlg~dlg_db_activity~QActivity;" StructureKind="java" NumEvents="2" CreationCount="5"/><InteractionEvent Delta="null" EndDate="2014-09-18 00:06:50.527 JST" Interest="55.946" Kind="propagation" Navigation="org.eclipse.mylyn.core.model.edges.containment" OriginId="org.eclipse.mylyn.core.model.interest.propagation" StartDate="2014-09-17 23:43:35.788 JST" StructureHandle="=SL3/src&amp;lt;sl3.listeners.dialog{DB_OCL.java[DB_OCL" StructureKind="java" NumEvents="79" CreationCount="100"/><InteractionEvent Delta="null" EndDate="2014-09-17 23:45:46.868 JST" Interest="1.0" Kind="selection" Navigation="null" OriginId="org.eclipse.jdt.ui.CompilationUnitEditor" StartDate="2014-09-17 23:45:46.868 JST" StructureHandle="=SL3/src&amp;lt;sl3.listeners.dialog{DB_OCL.java[DB_OCL" StructureKind="java"/><InteractionEvent Delta="null" EndDate="2014-09-18 00:00:07.446 JST" Interest="1.0" Kind="propagation" Navigation="null" OriginId="org.eclipse.mylyn.resources.ui.interest.updater" StartDate="2014-09-18 00:00:07.446 JST" StructureHandle="/SL3/src/sl/main/MainActv.java" StructureKind="resource"/><InteractionEvent Delta="null" EndDate="2014-09-18 00:03:06.917 JST" Interest="2.0" Kind="selection" Navigation="null" OriginId="org.eclipse.jdt.ui.CompilationUnitEditor" StartDate="2014-09-18 00:03:06.914 JST" StructureHandle="=SL3/src&amp;lt;sl3.utils{Methods.java[Methods~_opt_ActvTab_CreateTables__Genres~QActivity;~QDialog;~QDialog;~QDialog;" StructureKind="java" NumEvents="2" CreationCount="549"/><InteractionEvent Delta="null" EndDate="2014-09-18 00:03:10.145 JST" Interest="1.0" Kind="edit" Navigation="null" OriginId="org.eclipse.jdt.ui.CompilationUnitEditor" StartDate="2014-09-18 00:03:10.145 JST" StructureHandle="=SL3/src&amp;lt;sl3.utils{Methods.java[Methods~_opt_ActvTab_CreateTables__Genres~QActivity;~QDialog;~QDialog;~QDialog;" StructureKind="java"/><InteractionEvent Delta="null" EndDate="2014-09-18 00:05:12.138 JST" Interest="3.0" Kind="selection" Navigation="null" OriginId="org.eclipse.jdt.ui.CompilationUnitEditor" StartDate="2014-09-17 23:47:50.877 JST" StructureHandle="=SL3/src&amp;lt;sl3.utils{Methods.java[Methods~_opt_ActvTab_CreateTables__SI~QActivity;~QDialog;~QDialog;~QDialog;" StructureKind="java" NumEvents="3" CreationCount="180"/><InteractionEvent Delta="null" EndDate="2014-09-18 00:05:03.72 JST" Interest="3.3230007" Kind="manipulation" Navigation="null" OriginId="org.eclipse.mylyn.core.model.interest.decay.correction" StartDate="2014-09-18 00:05:03.72 JST" StructureHandle="=SL3/src&amp;lt;sl3.utils{Methods.java[Methods~_opt_ActvTab_CreateTables__SI~QActivity;~QDialog;~QDialog;~QDialog;" StructureKind="java"/><InteractionEvent Delta="null" EndDate="2014-09-18 00:05:04.84 JST" Interest="5.0" Kind="edit" Navigation="null" OriginId="org.eclipse.jdt.ui.CompilationUnitEditor" StartDate="2014-09-17 23:47:53.759 JST" StructureHandle="=SL3/src&amp;lt;sl3.utils{Methods.java[Methods~_opt_ActvTab_CreateTables__SI~QActivity;~QDialog;~QDialog;~QDialog;" StructureKind="java" NumEvents="5" CreationCount="180"/><InteractionEvent Delta="null" EndDate="2014-09-17 23:47:24.328 JST" Interest="1.0" Kind="selection" Navigation="null" OriginId="org.eclipse.jdt.ui.CompilationUnitEditor" StartDate="2014-09-17 23:47:24.328 JST" StructureHandle="=SL3/src&amp;lt;sl3.utils{Methods_dlg.java[Methods_dlg~dlg_ShowMessage_SecondDialog~QActivity;~QDialog;~QString;~I" StructureKind="java"/><InteractionEvent Delta="null" EndDate="2014-09-17 23:47:25.458 JST" Interest="1.0" Kind="edit" Navigation="null" OriginId="org.eclipse.jdt.ui.CompilationUnitEditor" StartDate="2014-09-17 23:47:25.458 JST" StructureHandle="=SL3/src&amp;lt;sl3.utils{Methods_dlg.java[Methods_dlg~dlg_ShowMessage_SecondDialog~QActivity;~QDialog;~QString;~I" StructureKind="java"/><InteractionEvent Delta="null" EndDate="2014-09-17 23:29:36.418 JST" Interest="1.0" Kind="selection" Navigation="null" OriginId="org.eclipse.ui.views.ResourceNavigator" StartDate="2014-09-17 23:29:36.418 JST" StructureHandle="=TA2" StructureKind="java"/><InteractionEvent Delta="null" EndDate="2014-09-18 00:08:51.928 JST" Interest="75.268005" Kind="propagation" Navigation="org.eclipse.mylyn.core.model.edges.containment" OriginId="org.eclipse.mylyn.core.model.interest.propagation" StartDate="2014-09-17 23:29:43.668 JST" StructureHandle="=SL3/src&amp;lt;sl3.utils" StructureKind="java" NumEvents="105" CreationCount="4"/><InteractionEvent Delta="null" EndDate="2014-09-17 23:47:33.596 JST" Interest="1.0" Kind="selection" Navigation="null" OriginId="org.eclipse.jdt.ui.PackageExplorer" StartDate="2014-09-17 23:47:33.596 JST" StructureHandle="=SL3/src&amp;lt;sl3.utils" StructureKind="java"/><InteractionEvent Delta="null" EndDate="2014-09-18 00:19:04.249 JST" Interest="720.0" Kind="propagation" Navigation="null" OriginId="org.eclipse.jdt.ui.PackageExplorer" StartDate="2014-09-17 23:29:39.770 JST" StructureHandle="/SL3" StructureKind="resource" NumEvents="720" CreationCount="2"/><InteractionEvent Delta="null" EndDate="2014-09-17 23:31:18.384 JST" Interest="1.0" Kind="selection" Navigation="null" OriginId="org.eclipse.jdt.ui.CompilationUnitEditor" StartDate="2014-09-17 23:31:18.384 JST" StructureHandle="=SL3/src&amp;lt;sl3.utils{Methods_dlg.java[Methods_dlg~_dlg_saveToBuyList__Adapter~QActivity;" StructureKind="java"/><InteractionEvent Delta="null" EndDate="2014-09-18 00:01:55.374 JST" Interest="1.0" Kind="selection" Navigation="null" OriginId="org.eclipse.jdt.ui.CompilationUnitEditor" StartDate="2014-09-18 00:01:55.374 JST" StructureHandle="=SL3/src&amp;lt;sl3.utils{Tags.java[Tags[DialogTags^ACTV_TAB_OPT_TABLES" StructureKind="java"/><InteractionEvent Delta="null" EndDate="2014-09-18 00:09:51.749 JST" Interest="2.834" Kind="propagation" Navigation="org.eclipse.mylyn.core.model.edges.containment" OriginId="org.eclipse.mylyn.core.model.interest.propagation" StartDate="2014-09-18 00:09:37.23 JST" StructureHandle="=SL3/src&amp;lt;sl3.utils{Methods_sl.java" StructureKind="java" NumEvents="5" CreationCount="480"/><InteractionEvent Delta="null" EndDate="2014-09-18 00:09:36.364 JST" Interest="1.0" Kind="selection" Navigation="null" OriginId="org.eclipse.jdt.ui.CompilationUnitEditor" StartDate="2014-09-18 00:09:36.364 JST" StructureHandle="=SL3/src&amp;lt;sl3.utils{Methods_sl.java" StructureKind="java"/><InteractionEvent Delta="null" EndDate="2014-09-18 00:00:19.81 JST" Interest="1.0" Kind="prediction" Navigation="null" OriginId="org.eclipse.mylyn.resources.ui.interest.updater" StartDate="2014-09-18 00:00:19.81 JST" StructureHandle="=SL3/src&amp;lt;sl3.utils{Methods_sl.java" StructureKind="java"/><InteractionEvent Delta="null" EndDate="2014-09-18 00:09:36.364 JST" Interest="3.0630002" Kind="manipulation" Navigation="null" OriginId="org.eclipse.mylyn.core.model.interest.decay.correction" StartDate="2014-09-18 00:09:36.364 JST" StructureHandle="=SL3/src&amp;lt;sl3.utils{Methods_sl.java" StructureKind="java"/><InteractionEvent Delta="null" EndDate="2014-09-17 23:32:38.462 JST" Interest="1.0" Kind="propagation" Navigation="null" OriginId="org.eclipse.jdt.ui.PackageExplorer" StartDate="2014-09-17 23:32:38.462 JST" StructureHandle="/SL3/src/sl/libs/xml/domsample" StructureKind="resource"/><InteractionEvent Delta="null" EndDate="2014-09-17 23:58:56.677 JST" Interest="2.0" Kind="selection" Navigation="null" OriginId="org.eclipse.jdt.ui.CompilationUnitEditor" StartDate="2014-09-17 23:58:56.551 JST" StructureHandle="=SL3/src&amp;lt;sl3.utils{CONS.java[CONS[DB^col_Types_Store_full" StructureKind="java" NumEvents="2" CreationCount="440"/><InteractionEvent Delta="null" EndDate="2014-09-17 23:58:58.159 JST" Interest="2.0" Kind="edit" Navigation="null" OriginId="org.eclipse.jdt.ui.CompilationUnitEditor" StartDate="2014-09-17 23:58:57.138 JST" StructureHandle="=SL3/src&amp;lt;sl3.utils{CONS.java[CONS[DB^col_Types_Store_full" StructureKind="java" NumEvents="2" CreationCount="440"/><InteractionEvent Delta="null" EndDate="2014-09-17 23:56:13.839 JST" Interest="1.0" Kind="selection" Navigation="null" OriginId="org.eclipse.jdt.ui.CompilationUnitEditor" StartDate="2014-09-17 23:56:13.839 JST" StructureHandle="=SL3/src&amp;lt;sl3.listeners.dialog{DOI_CL.java[DOI_CL~DOI_CL~QActivity;~QDialog;~QDialog;~QDialog;" StructureKind="java"/><InteractionEvent Delta="null" EndDate="2014-09-18 00:08:56.947 JST" Interest="12.0" Kind="selection" Navigation="null" OriginId="org.eclipse.jdt.ui.CompilationUnitEditor" StartDate="2014-09-17 23:29:48.649 JST" StructureHandle="=SL3/src&amp;lt;sl3.utils{Methods_dlg.java[Methods_dlg~dlg_Op_Tables~QActivity;~QDialog;~QDialog;" StructureKind="java" NumEvents="12" CreationCount="7"/><InteractionEvent Delta="null" EndDate="2014-09-17 23:57:05.837 JST" Interest="44.0" Kind="edit" Navigation="null" OriginId="org.eclipse.jdt.ui.CompilationUnitEditor" StartDate="2014-09-17 23:54:22.534 JST" StructureHandle="=SL3/src&amp;lt;sl3.utils{Methods_dlg.java[Methods_dlg~dlg_Op_Tables~QActivity;~QDialog;~QDialog;" StructureKind="java" NumEvents="44" CreationCount="7"/><InteractionEvent Delta="null" EndDate="2014-09-17 23:54:21.949 JST" Interest="1.9640002" Kind="manipulation" Navigation="null" OriginId="org.eclipse.mylyn.core.model.interest.decay.correction" StartDate="2014-09-17 23:54:21.949 JST" StructureHandle="=SL3/src&amp;lt;sl3.utils{Methods_dlg.java[Methods_dlg~dlg_Op_Tables~QActivity;~QDialog;~QDialog;" StructureKind="java"/><InteractionEvent Delta="null" EndDate="2014-09-17 23:47:31.660 JST" Interest="1.0" Kind="propagation" Navigation="null" OriginId="org.eclipse.jdt.ui.PackageExplorer" StartDate="2014-09-17 23:47:31.660 JST" StructureHandle="/SL3/src/sl3/listeners/dialog/DL.java" StructureKind="resource"/><InteractionEvent Delta="null" EndDate="2014-09-18 00:08:59.492 JST" Interest="186.0" Kind="propagation" Navigation="null" OriginId="org.eclipse.jdt.ui.CompilationUnitEditor" StartDate="2014-09-17 23:29:43.667 JST" StructureHandle="/SL3/src/sl3/utils/Methods_dlg.java" StructureKind="resource" NumEvents="186" CreationCount="4"/><InteractionEvent Delta="null" EndDate="2014-09-18 00:09:37.22 JST" Interest="1.0" Kind="selection" Navigation="null" OriginId="org.eclipse.jdt.ui.CompilationUnitEditor" StartDate="2014-09-18 00:09:37.22 JST" StructureHandle="=SL3/src&amp;lt;sl3.utils{Methods_sl.java[Methods_sl~isInDb_PS~QActivity;~QString;~QCalendar;" StructureKind="java"/><InteractionEvent Delta="null" EndDate="2014-09-18 00:09:51.748 JST" Interest="4.0" Kind="edit" Navigation="null" OriginId="org.eclipse.jdt.ui.CompilationUnitEditor" StartDate="2014-09-18 00:09:37.990 JST" StructureHandle="=SL3/src&amp;lt;sl3.utils{Methods_sl.java[Methods_sl~isInDb_PS~QActivity;~QString;~QCalendar;" StructureKind="java" NumEvents="4" CreationCount="721"/><InteractionEvent Delta="null" EndDate="2014-09-18 00:07:23.475 JST" Interest="17.068" Kind="propagation" Navigation="org.eclipse.mylyn.core.model.edges.containment" OriginId="org.eclipse.mylyn.core.model.interest.propagation" StartDate="2014-09-17 23:58:13.517 JST" StructureHandle="=ShoppingList" StructureKind="resource" NumEvents="21" CreationCount="418"/><InteractionEvent Delta="null" EndDate="2014-09-17 23:58:11.455 JST" Interest="1.0" Kind="selection" Navigation="null" OriginId="org.eclipse.ui.views.ResourceNavigator" StartDate="2014-09-17 23:58:11.455 JST" StructureHandle="=ShoppingList" StructureKind="java"/><InteractionEvent Delta="null" EndDate="2014-09-17 23:43:32.105 JST" Interest="58.268" Kind="propagation" Navigation="org.eclipse.mylyn.core.model.edges.containment" OriginId="org.eclipse.mylyn.core.model.interest.propagation" StartDate="2014-09-17 23:29:46.547 JST" StructureHandle="=SL3/src&amp;lt;sl3.utils{Methods_dlg.java" StructureKind="java" NumEvents="86" CreationCount="4"/><InteractionEvent Delta="null" EndDate="2014-09-18 00:08:46.233 JST" Interest="18.0" Kind="selection" Navigation="null" OriginId="org.eclipse.jdt.ui.CompilationUnitEditor" StartDate="2014-09-17 23:29:43.667 JST" StructureHandle="=SL3/src&amp;lt;sl3.utils{Methods_dlg.java" StructureKind="java" NumEvents="18" CreationCount="4"/><InteractionEvent Delta="null" EndDate="2014-09-18 00:19:01.657 JST" Interest="271.0" Kind="propagation" Navigation="null" OriginId="org.eclipse.jdt.ui.PackageExplorer" StartDate="2014-09-17 23:32:25.665 JST" StructureHandle="/SL3/src/sl3/listeners/dialog" StructureKind="resource" NumEvents="271" CreationCount="86"/><InteractionEvent Delta="null" EndDate="2014-09-17 23:58:45.443 JST" Interest="44.168" Kind="propagation" Navigation="org.eclipse.mylyn.core.model.edges.containment" OriginId="org.eclipse.mylyn.core.model.interest.propagation" StartDate="2014-09-17 23:52:38.67 JST" StructureHandle="/SL3/res" StructureKind="resource" NumEvents="63" CreationCount="2"/><InteractionEvent Delta="null" EndDate="2014-09-17 23:52:34.722 JST" Interest="2.0" Kind="selection" Navigation="null" OriginId="org.eclipse.jdt.ui.PackageExplorer" StartDate="2014-09-17 23:29:39.769 JST" StructureHandle="/SL3/res" StructureKind="resource" NumEvents="2" CreationCount="2"/><InteractionEvent Delta="null" EndDate="2014-09-17 23:52:34.722 JST" Interest="3.2840004" Kind="manipulation" Navigation="null" OriginId="org.eclipse.mylyn.core.model.interest.decay.correction" StartDate="2014-09-17 23:52:34.722 JST" StructureHandle="/SL3/res" StructureKind="resource"/><InteractionEvent Delta="null" EndDate="2014-09-17 23:29:36.419 JST" Interest="1.0" Kind="propagation" Navigation="null" OriginId="org.eclipse.ui.views.ResourceNavigator" StartDate="2014-09-17 23:29:36.419 JST" StructureHandle="/TA2" StructureKind="resource"/><InteractionEvent Delta="null" EndDate="2014-09-18 00:19:04.239 JST" Interest="648.01697" Kind="propagation" Navigation="null" OriginId="org.eclipse.jdt.ui.PackageExplorer" StartDate="2014-09-17 23:29:40.718 JST" StructureHandle="/SL3/src" StructureKind="resource" NumEvents="649" CreationCount="3"/><InteractionEvent Delta="null" EndDate="2014-09-18 00:09:03.66 JST" Interest="3.0" Kind="selection" Navigation="null" OriginId="org.eclipse.jdt.ui.CompilationUnitEditor" StartDate="2014-09-17 23:43:35.788 JST" StructureHandle="=SL3/src&amp;lt;sl3.listeners.dialog{DB_OCL.java[DB_OCL~onClick~QView;" StructureKind="java" NumEvents="3" CreationCount="100"/><InteractionEvent Delta="null" EndDate="2014-09-18 00:06:54.136 JST" Interest="5.533" Kind="manipulation" Navigation="null" OriginId="org.eclipse.mylyn.core.model.interest.decay.correction" StartDate="2014-09-18 00:06:54.136 JST" StructureHandle="=SL3/src&amp;lt;sl3.listeners.dialog{DB_OCL.java[DB_OCL~onClick~QView;" StructureKind="java"/><InteractionEvent Delta="null" EndDate="2014-09-18 00:07:00.535 JST" Interest="8.0" Kind="edit" Navigation="null" OriginId="org.eclipse.jdt.ui.CompilationUnitEditor" StartDate="2014-09-17 23:43:40.858 JST" StructureHandle="=SL3/src&amp;lt;sl3.listeners.dialog{DB_OCL.java[DB_OCL~onClick~QView;" StructureKind="java" NumEvents="8" CreationCount="100"/><InteractionEvent Delta="null" EndDate="2014-09-18 00:06:54.137 JST" Interest="47.184002" Kind="propagation" Navigation="org.eclipse.mylyn.core.model.edges.containment" OriginId="org.eclipse.mylyn.core.model.interest.propagation" StartDate="2014-09-17 23:43:46.568 JST" StructureHandle="=SL3/src&amp;lt;sl3.listeners.dialog{DB_OCL.java" StructureKind="java" NumEvents="70" CreationCount="86"/><InteractionEvent Delta="null" EndDate="2014-09-18 00:19:01.657 JST" Interest="15.0" Kind="selection" Navigation="null" OriginId="org.eclipse.jdt.ui.PackageExplorer" StartDate="2014-09-17 23:43:26.503 JST" StructureHandle="=SL3/src&amp;lt;sl3.listeners.dialog{DB_OCL.java" StructureKind="java" NumEvents="15" CreationCount="86"/><InteractionEvent Delta="null" EndDate="2014-09-17 23:32:25.664 JST" Interest="1.0" Kind="prediction" Navigation="null" OriginId="org.eclipse.mylyn.resources.ui.interest.updater" StartDate="2014-09-17 23:32:25.664 JST" StructureHandle="=SL3/src&amp;lt;sl3.listeners.dialog{DB_OCL.java" StructureKind="java"/><InteractionEvent Delta="null" EndDate="2014-09-18 00:08:06.886 JST" Interest="1.0" Kind="selection" Navigation="null" OriginId="org.eclipse.jdt.ui.CompilationUnitEditor" StartDate="2014-09-18 00:08:06.886 JST" StructureHandle="=SL3/src&amp;lt;sl3.utils{DBUtils.java[DBUtils~DBUtils~QContext;" StructureKind="java"/><InteractionEvent Delta="null" EndDate="2014-09-18 00:01:45.308 JST" Interest="2.0" Kind="selection" Navigation="null" OriginId="org.eclipse.jdt.ui.CompilationUnitEditor" StartDate="2014-09-18 00:01:28.145 JST" StructureHandle="=SL3/src&amp;lt;sl3.utils{Tags.java[Tags[DialogTags^ACTV_TAB_OPT_DROP_TABLE_PS" StructureKind="java" NumEvents="2" CreationCount="515"/><InteractionEvent Delta="null" EndDate="2014-09-17 23:58:58.159 JST" Interest="1.417" Kind="propagation" Navigation="org.eclipse.mylyn.core.model.edges.containment" OriginId="org.eclipse.mylyn.core.model.interest.propagation" StartDate="2014-09-17 23:58:56.552 JST" StructureHandle="=SL3/src&amp;lt;sl3.utils{CONS.java[CONS[DB" StructureKind="java" NumEvents="3" CreationCount="439"/><InteractionEvent Delta="null" EndDate="2014-09-18 00:04:21.121 JST" Interest="8.0" Kind="selection" Navigation="null" OriginId="org.eclipse.jdt.ui.CompilationUnitEditor" StartDate="2014-09-17 23:58:53.204 JST" StructureHandle="=SL3/src&amp;lt;sl3.utils{CONS.java[CONS[DB" StructureKind="java" NumEvents="8" CreationCount="439"/><InteractionEvent Delta="null" EndDate="2014-09-17 23:59:18.283 JST" Interest="7.0" Kind="edit" Navigation="null" OriginId="org.eclipse.jdt.ui.CompilationUnitEditor" StartDate="2014-09-17 23:59:05.834 JST" StructureHandle="=SL3/src&amp;lt;sl3.utils{CONS.java[CONS[DB" StructureKind="java" NumEvents="7" CreationCount="439"/><InteractionEvent Delta="null" EndDate="2014-09-18 00:07:34.84 JST" Interest="1.0" Kind="selection" Navigation="null" OriginId="org.eclipse.ui.views.ContentOutline" StartDate="2014-09-18 00:07:34.84 JST" StructureHandle="=SL3/src&amp;lt;sl3.utils{DBUtils.java%sl3.utils" StructureKind="java"/><InteractionEvent Delta="null" EndDate="2014-09-17 23:47:11.543 JST" Interest="2.0" Kind="selection" Navigation="null" OriginId="org.eclipse.jdt.ui.CompilationUnitEditor" StartDate="2014-09-17 23:46:11.452 JST" StructureHandle="=SL3/src&amp;lt;sl3.utils{DBUtils.java[DBUtils~storeData_PS~QString;~QString;~QPS;" StructureKind="java" NumEvents="2" CreationCount="144"/><InteractionEvent Delta="null" EndDate="2014-09-17 23:46:44.88 JST" Interest="10.0" Kind="edit" Navigation="null" OriginId="org.eclipse.jdt.ui.CompilationUnitEditor" StartDate="2014-09-17 23:46:13.168 JST" StructureHandle="=SL3/src&amp;lt;sl3.utils{DBUtils.java[DBUtils~storeData_PS~QString;~QString;~QPS;" StructureKind="java" NumEvents="10" CreationCount="144"/><InteractionEvent Delta="null" EndDate="2014-09-18 00:15:22.880 JST" Interest="2.0" Kind="prediction" Navigation="null" OriginId="org.eclipse.mylyn.resources.ui.interest.updater" StartDate="2014-09-17 23:50:03.808 JST" StructureHandle="/SL3/bin/SL3.apk" StructureKind="resource" NumEvents="2" CreationCount="248"/><InteractionEvent Delta="null" EndDate="2014-09-18 00:01:58.879 JST" Interest="2.0" Kind="selection" Navigation="null" OriginId="org.eclipse.jdt.ui.CompilationUnitEditor" StartDate="2014-09-18 00:01:54.162 JST" StructureHandle="=SL3/src&amp;lt;sl3.utils{Tags.java[Tags[DialogTags^GENERIC_DISMISS_SECOND_DIALOG" StructureKind="java" NumEvents="2" CreationCount="524"/><InteractionEvent Delta="null" EndDate="2014-09-18 00:07:23.475 JST" Interest="18.051" Kind="propagation" Navigation="org.eclipse.mylyn.core.model.edges.containment" OriginId="org.eclipse.mylyn.core.model.interest.propagation" StartDate="2014-09-17 23:58:13.517 JST" StructureHandle="/ShoppingList/src" StructureKind="resource" NumEvents="21" CreationCount="419"/><InteractionEvent Delta="null" EndDate="2014-09-18 00:07:25.788 JST" Interest="50.751003" Kind="propagation" Navigation="org.eclipse.mylyn.core.model.edges.containment" OriginId="org.eclipse.mylyn.core.model.interest.propagation" StartDate="2014-09-17 23:56:13.839 JST" StructureHandle="=SL3/src&amp;lt;sl3.listeners.dialog{DOI_CL.java[DOI_CL" StructureKind="java" NumEvents="71" CreationCount="366"/><InteractionEvent Delta="null" EndDate="2014-09-18 00:09:00.931 JST" Interest="4.0" Kind="selection" Navigation="null" OriginId="org.eclipse.jdt.ui.CompilationUnitEditor" StartDate="2014-09-18 00:07:05.935 JST" StructureHandle="=SL3/src&amp;lt;sl3.listeners.dialog{DB_OCL.java[DB_OCL~case_ACTV_TAB_OPT_DROP_TABLE~QDialogTags;" StructureKind="java" NumEvents="4" CreationCount="655"/><InteractionEvent Delta="null" EndDate="2014-09-18 00:07:19.167 JST" Interest="8.0" Kind="edit" Navigation="null" OriginId="org.eclipse.jdt.ui.CompilationUnitEditor" StartDate="2014-09-18 00:07:07.354 JST" StructureHandle="=SL3/src&amp;lt;sl3.listeners.dialog{DB_OCL.java[DB_OCL~case_ACTV_TAB_OPT_DROP_TABLE~QDialogTags;" StructureKind="java" NumEvents="8" CreationCount="655"/><InteractionEvent Delta="null" EndDate="2014-09-18 00:15:22.880 JST" Interest="1.0" Kind="prediction" Navigation="null" OriginId="org.eclipse.mylyn.resources.ui.interest.updater" StartDate="2014-09-18 00:15:22.880 JST" StructureHandle="/SL3/bin/resources.ap_" StructureKind="resource"/><InteractionEvent Delta="null" EndDate="2014-09-18 00:08:56.977 JST" Interest="12.0" Kind="selection" Navigation="null" OriginId="org.eclipse.jdt.ui.CompilationUnitEditor" StartDate="2014-09-17 23:29:53.79 JST" StructureHandle="=SL3/src&amp;lt;sl3.utils{Methods_dlg.java[Methods_dlg~dlg_saveToBuyList~QActivity;~QDialog;" StructureKind="java" NumEvents="12" CreationCount="8"/><InteractionEvent Delta="null" EndDate="2014-09-18 00:08:59.492 JST" Interest="79.0" Kind="edit" Navigation="null" OriginId="org.eclipse.jdt.ui.CompilationUnitEditor" StartDate="2014-09-17 23:29:53.646 JST" StructureHandle="=SL3/src&amp;lt;sl3.utils{Methods_dlg.java[Methods_dlg~dlg_saveToBuyList~QActivity;~QDialog;" StructureKind="java" NumEvents="79" CreationCount="8"/><InteractionEvent Delta="null" EndDate="2014-09-17 23:47:31.660 JST" Interest="1.0" Kind="selection" Navigation="null" OriginId="org.eclipse.jdt.ui.PackageExplorer" StartDate="2014-09-17 23:47:31.660 JST" StructureHandle="=SL3/src&amp;lt;sl3.listeners.dialog{DL.java" StructureKind="java"/><InteractionEvent Delta="null" EndDate="2014-09-18 00:00:21.7 JST" Interest="1.0" Kind="selection" Navigation="null" OriginId="org.eclipse.jdt.ui.CompilationUnitEditor" StartDate="2014-09-18 00:00:21.7 JST" StructureHandle="=SL3/src&amp;lt;sl3.utils{CONS.java[CONS[DB^tname_purchaseSchedule" StructureKind="java"/><InteractionEvent Delta="null" EndDate="2014-09-18 00:00:25.689 JST" Interest="1.0" Kind="edit" Navigation="null" OriginId="org.eclipse.jdt.ui.CompilationUnitEditor" StartDate="2014-09-18 00:00:25.689 JST" StructureHandle="=SL3/src&amp;lt;sl3.utils{CONS.java[CONS[DB^tname_purchaseSchedule" StructureKind="java"/><InteractionEvent Delta="null" EndDate="2014-09-18 00:19:04.238 JST" Interest="647.034" Kind="propagation" Navigation="org.eclipse.mylyn.core.model.edges.containment" OriginId="org.eclipse.mylyn.core.model.interest.propagation" StartDate="2014-09-17 23:29:39.770 JST" StructureHandle="=SL3" StructureKind="resource" NumEvents="650" CreationCount="2"/><InteractionEvent Delta="null" EndDate="2014-09-18 00:19:04.249 JST" Interest="1.0" Kind="selection" Navigation="null" OriginId="org.eclipse.jdt.ui.PackageExplorer" StartDate="2014-09-18 00:19:04.249 JST" StructureHandle="=SL3" StructureKind="java"/></InteractionHistory>