<?xml version="1.0" encoding="UTF-8"?><InteractionHistory Id="local-188" Version="1"><InteractionEvent Delta="null" EndDate="2014-11-04 09:41:38.488 JST" Interest="3137.0508" Kind="propagation" Navigation="org.eclipse.mylyn.core.model.edges.containment" OriginId="org.eclipse.mylyn.core.model.interest.propagation" StartDate="2014-11-04 06:49:47.786 JST" StructureHandle="" StructureKind="java" NumEvents="3142" CreationCount="1"/><InteractionEvent Delta="null" EndDate="2014-11-04 07:31:15.571 JST" Interest="20.045002" Kind="manipulation" Navigation="null" OriginId="org.eclipse.mylyn.core.model.interest.decay.correction" StartDate="2014-11-04 07:31:15.571 JST" StructureHandle="=IFM11/src&amp;lt;ifm11.adapters{Adp_TIList.java" StructureKind="java"/><InteractionEvent Delta="null" EndDate="2014-11-04 11:10:11.195 JST" Interest="20.0" Kind="selection" Navigation="null" OriginId="org.eclipse.jdt.ui.CompilationUnitEditor" StartDate="2014-11-04 06:55:30.440 JST" StructureHandle="=IFM11/src&amp;lt;ifm11.adapters{Adp_TIList.java" StructureKind="java" NumEvents="20" CreationCount="402"/><InteractionEvent Delta="null" EndDate="2014-11-04 08:38:42.446 JST" Interest="78.302" Kind="propagation" Navigation="org.eclipse.mylyn.core.model.edges.containment" OriginId="org.eclipse.mylyn.core.model.interest.propagation" StartDate="2014-11-04 06:55:46.401 JST" StructureHandle="=IFM11/src&amp;lt;ifm11.adapters{Adp_TIList.java" StructureKind="java" NumEvents="116" CreationCount="402"/><InteractionEvent Delta="null" EndDate="2014-11-04 11:01:57.961 JST" Interest="8.0" Kind="selection" Navigation="null" OriginId="org.eclipse.jdt.ui.CompilationUnitEditor" StartDate="2014-11-04 08:59:38.464 JST" StructureHandle="=IFM11/src&amp;lt;ifm11.tasks{Task_CreateTN.java[Task_CreateTN" StructureKind="java" NumEvents="8" CreationCount="2417"/><InteractionEvent Delta="null" EndDate="2014-11-04 11:09:57.611 JST" Interest="60.334003" Kind="propagation" Navigation="org.eclipse.mylyn.core.model.edges.containment" OriginId="org.eclipse.mylyn.core.model.interest.propagation" StartDate="2014-11-04 08:51:07.857 JST" StructureHandle="=IFM11/src&amp;lt;ifm11.tasks{Task_CreateTN.java[Task_CreateTN" StructureKind="java" NumEvents="86" CreationCount="2417"/><InteractionEvent Delta="null" EndDate="2014-11-04 07:30:32.202 JST" Interest="1.0" Kind="propagation" Navigation="null" OriginId="org.eclipse.jdt.ui.PackageExplorer" StartDate="2014-11-04 07:30:32.202 JST" StructureHandle="/IFM11/src/ifm11/comps" StructureKind="resource"/><InteractionEvent Delta="null" EndDate="2014-11-04 06:51:47.949 JST" Interest="30.0" Kind="edit" Navigation="null" OriginId="org.eclipse.jdt.ui.CompilationUnitEditor" StartDate="2014-11-04 06:51:22.13 JST" StructureHandle="=IFM11/src&amp;lt;ifm11.main{TNActv.java[TNActv~onStart" StructureKind="java" NumEvents="30" CreationCount="27"/><InteractionEvent Delta="null" EndDate="2014-11-04 06:51:55.524 JST" Interest="5.0" Kind="selection" Navigation="null" OriginId="org.eclipse.jdt.ui.CompilationUnitEditor" StartDate="2014-11-04 06:51:20.622 JST" StructureHandle="=IFM11/src&amp;lt;ifm11.main{TNActv.java[TNActv~onStart" StructureKind="java" NumEvents="5" CreationCount="27"/><InteractionEvent Delta="null" EndDate="2014-11-04 07:20:47.650 JST" Interest="68.0" Kind="propagation" Navigation="null" OriginId="org.eclipse.jdt.ui.PackageExplorer" StartDate="2014-11-04 06:58:31.139 JST" StructureHandle="/IFM11/src/ifm11/utils/CONS.java" StructureKind="resource" NumEvents="68" CreationCount="842"/><InteractionEvent Delta="null" EndDate="2014-11-04 06:56:01.81 JST" Interest="4.0" Kind="edit" Navigation="null" OriginId="org.eclipse.jdt.ui.CompilationUnitEditor" StartDate="2014-11-04 06:56:01.73 JST" StructureHandle="=IFM11/src&amp;lt;ifm11.main{TNActv.java[TNActv~_Setup_Adapter" StructureKind="java" NumEvents="4" CreationCount="431"/><InteractionEvent Delta="null" EndDate="2014-11-04 06:56:05.469 JST" Interest="4.0" Kind="selection" Navigation="null" OriginId="org.eclipse.jdt.ui.CompilationUnitEditor" StartDate="2014-11-04 06:56:01.70 JST" StructureHandle="=IFM11/src&amp;lt;ifm11.main{TNActv.java[TNActv~_Setup_Adapter" StructureKind="java" NumEvents="4" CreationCount="431"/><InteractionEvent Delta="null" EndDate="2014-11-04 07:04:39.933 JST" Interest="7.0" Kind="edit" Navigation="null" OriginId="org.eclipse.jdt.ui.CompilationUnitEditor" StartDate="2014-11-04 07:04:25.599 JST" StructureHandle="=IFM11/src&amp;lt;ifm11.utils{CONS.java[CONS[DB" StructureKind="java" NumEvents="7" CreationCount="853"/><InteractionEvent Delta="null" EndDate="2014-11-04 07:04:36.730 JST" Interest="3.0" Kind="selection" Navigation="null" OriginId="org.eclipse.jdt.ui.CompilationUnitEditor" StartDate="2014-11-04 07:04:25.594 JST" StructureHandle="=IFM11/src&amp;lt;ifm11.utils{CONS.java[CONS[DB" StructureKind="java" NumEvents="3" CreationCount="853"/><InteractionEvent Delta="null" EndDate="2014-11-04 07:04:34.146 JST" Interest="4.5" Kind="propagation" Navigation="org.eclipse.mylyn.core.model.edges.containment" OriginId="org.eclipse.mylyn.core.model.interest.propagation" StartDate="2014-11-04 07:04:10.687 JST" StructureHandle="=IFM11/src&amp;lt;ifm11.utils{CONS.java[CONS[DB" StructureKind="java" NumEvents="10" CreationCount="853"/><InteractionEvent Delta="null" EndDate="2014-11-04 08:52:56.436 JST" Interest="14.0" Kind="edit" Navigation="null" OriginId="org.eclipse.jdt.ui.CompilationUnitEditor" StartDate="2014-11-04 08:52:39.790 JST" StructureHandle="=IFM11/src&amp;lt;ifm11.main{MainActv.java[MainActv~_do_debug__Create_ImageFileList" StructureKind="java" NumEvents="14" CreationCount="2449"/><InteractionEvent Delta="null" EndDate="2014-11-04 08:52:56.434 JST" Interest="2.0" Kind="selection" Navigation="null" OriginId="org.eclipse.jdt.ui.CompilationUnitEditor" StartDate="2014-11-04 08:52:39.787 JST" StructureHandle="=IFM11/src&amp;lt;ifm11.main{MainActv.java[MainActv~_do_debug__Create_ImageFileList" StructureKind="java" NumEvents="2" CreationCount="2449"/><InteractionEvent Delta="null" EndDate="2014-11-04 09:15:40.539 JST" Interest="3.0" Kind="edit" Navigation="null" OriginId="org.eclipse.jdt.ui.CompilationUnitEditor" StartDate="2014-11-04 08:56:36.555 JST" StructureHandle="=IFM11/src&amp;lt;ifm11.utils{Methods.java[Methods" StructureKind="java" NumEvents="3" CreationCount="2431"/><InteractionEvent Delta="null" EndDate="2014-11-04 11:03:26.20 JST" Interest="7.0" Kind="selection" Navigation="null" OriginId="org.eclipse.jdt.ui.CompilationUnitEditor" StartDate="2014-11-04 08:56:15.227 JST" StructureHandle="=IFM11/src&amp;lt;ifm11.utils{Methods.java[Methods" StructureKind="java" NumEvents="7" CreationCount="2431"/><InteractionEvent Delta="null" EndDate="2014-11-04 11:10:09.370 JST" Interest="451.0" Kind="propagation" Navigation="org.eclipse.mylyn.core.model.edges.containment" OriginId="org.eclipse.mylyn.core.model.interest.propagation" StartDate="2014-11-04 08:51:37.192 JST" StructureHandle="=IFM11/src&amp;lt;ifm11.utils{Methods.java[Methods" StructureKind="java" NumEvents="638" CreationCount="2431"/><InteractionEvent Delta="null" EndDate="2014-11-04 07:30:35.260 JST" Interest="3.0" Kind="selection" Navigation="null" OriginId="org.eclipse.jdt.ui.CompilationUnitEditor" StartDate="2014-11-04 07:30:31.151 JST" StructureHandle="=IFM11/src&amp;lt;ifm11.main{TNActv.java[TNActv~_Setup_SetSelection" StructureKind="java" NumEvents="3" CreationCount="2177"/><InteractionEvent Delta="null" EndDate="2014-11-04 07:04:39.934 JST" Interest="12.553" Kind="propagation" Navigation="org.eclipse.mylyn.core.model.edges.containment" OriginId="org.eclipse.mylyn.core.model.interest.propagation" StartDate="2014-11-04 07:03:55.796 JST" StructureHandle="=IFM11/src&amp;lt;ifm11.utils{CONS.java[CONS" StructureKind="java" NumEvents="19" CreationCount="844"/><InteractionEvent Delta="null" EndDate="2014-11-04 07:04:15.411 JST" Interest="1.0" Kind="edit" Navigation="null" OriginId="org.eclipse.jdt.ui.CompilationUnitEditor" StartDate="2014-11-04 07:04:15.411 JST" StructureHandle="=IFM11/src&amp;lt;ifm11.utils{CONS.java[CONS[DB^fname_Log_Trunk" StructureKind="java"/><InteractionEvent Delta="null" EndDate="2014-11-04 07:04:15.408 JST" Interest="1.0" Kind="selection" Navigation="null" OriginId="org.eclipse.jdt.ui.CompilationUnitEditor" StartDate="2014-11-04 07:04:15.408 JST" StructureHandle="=IFM11/src&amp;lt;ifm11.utils{CONS.java[CONS[DB^fname_Log_Trunk" StructureKind="java"/><InteractionEvent Delta="null" EndDate="2014-11-04 07:04:17.654 JST" Interest="1.0" Kind="edit" Navigation="null" OriginId="org.eclipse.jdt.ui.CompilationUnitEditor" StartDate="2014-11-04 07:04:17.654 JST" StructureHandle="=IFM11/src&amp;lt;ifm11.utils{CONS.java[CONS[DB^fname_Log_ext" StructureKind="java"/><InteractionEvent Delta="null" EndDate="2014-11-04 07:04:17.651 JST" Interest="1.0" Kind="selection" Navigation="null" OriginId="org.eclipse.jdt.ui.CompilationUnitEditor" StartDate="2014-11-04 07:04:17.651 JST" StructureHandle="=IFM11/src&amp;lt;ifm11.utils{CONS.java[CONS[DB^fname_Log_ext" StructureKind="java"/><InteractionEvent Delta="null" EndDate="2014-11-04 08:40:28.582 JST" Interest="7.0" Kind="propagation" Navigation="org.eclipse.mylyn.core.model.edges.containment" OriginId="org.eclipse.mylyn.core.model.interest.propagation" StartDate="2014-11-04 07:13:39.195 JST" StructureHandle="/IFM11/bin" StructureKind="resource" NumEvents="4" CreationCount="2032"/><InteractionEvent Delta="null" EndDate="2014-11-04 07:04:35.185 JST" Interest="2.0" Kind="edit" Navigation="null" OriginId="org.eclipse.jdt.ui.CompilationUnitEditor" StartDate="2014-11-04 07:04:24.225 JST" StructureHandle="=IFM11/src&amp;lt;ifm11.utils{CONS.java[CONS[DB^fname_Log" StructureKind="java" NumEvents="2" CreationCount="867"/><InteractionEvent Delta="null" EndDate="2014-11-04 07:04:35.180 JST" Interest="2.0" Kind="selection" Navigation="null" OriginId="org.eclipse.jdt.ui.CompilationUnitEditor" StartDate="2014-11-04 07:04:24.220 JST" StructureHandle="=IFM11/src&amp;lt;ifm11.utils{CONS.java[CONS[DB^fname_Log" StructureKind="java" NumEvents="2" CreationCount="867"/><InteractionEvent Delta="null" EndDate="2014-11-04 11:09:56.727 JST" Interest="1.1949997" Kind="manipulation" Navigation="null" OriginId="org.eclipse.mylyn.core.model.interest.decay.correction" StartDate="2014-11-04 11:09:56.727 JST" StructureHandle="=IFM11/src&amp;lt;ifm11.main{MainActv.java" StructureKind="java"/><InteractionEvent Delta="null" EndDate="2014-11-04 11:10:11.376 JST" Interest="13.0" Kind="selection" Navigation="null" OriginId="org.eclipse.jdt.ui.CompilationUnitEditor" StartDate="2014-11-04 07:20:52.869 JST" StructureHandle="=IFM11/src&amp;lt;ifm11.main{MainActv.java" StructureKind="java" NumEvents="13" CreationCount="2117"/><InteractionEvent Delta="null" EndDate="2014-11-04 11:09:56.960 JST" Interest="11.687" Kind="propagation" Navigation="org.eclipse.mylyn.core.model.edges.containment" OriginId="org.eclipse.mylyn.core.model.interest.propagation" StartDate="2014-11-04 07:20:58.621 JST" StructureHandle="=IFM11/src&amp;lt;ifm11.main{MainActv.java" StructureKind="java" NumEvents="23" CreationCount="2117"/><InteractionEvent Delta="null" EndDate="2014-11-04 07:04:58.624 JST" Interest="7.0" Kind="edit" Navigation="null" OriginId="org.eclipse.jdt.ui.CompilationUnitEditor" StartDate="2014-11-04 07:04:46.104 JST" StructureHandle="=IFM11/src&amp;lt;ifm11.utils{CONS.java[CONS[DB^dPath_TNs" StructureKind="java" NumEvents="7" CreationCount="895"/><InteractionEvent Delta="null" EndDate="2014-11-04 08:47:41.387 JST" Interest="1.0" Kind="selection" Navigation="null" OriginId="org.eclipse.jdt.ui.PackageExplorer" StartDate="2014-11-04 08:47:41.387 JST" StructureHandle="=IFM11/src&amp;lt;ifm11.tasks{Task_RefreshDB.java" StructureKind="java"/><InteractionEvent Delta="null" EndDate="2014-11-04 07:04:34.145 JST" Interest="7.0" Kind="edit" Navigation="null" OriginId="org.eclipse.jdt.ui.CompilationUnitEditor" StartDate="2014-11-04 07:04:10.700 JST" StructureHandle="=IFM11/src&amp;lt;ifm11.utils{CONS.java[CONS[DB^dPath_Log" StructureKind="java" NumEvents="7" CreationCount="853"/><InteractionEvent Delta="null" EndDate="2014-11-04 07:04:30.761 JST" Interest="3.0" Kind="selection" Navigation="null" OriginId="org.eclipse.jdt.ui.CompilationUnitEditor" StartDate="2014-11-04 07:04:10.687 JST" StructureHandle="=IFM11/src&amp;lt;ifm11.utils{CONS.java[CONS[DB^dPath_Log" StructureKind="java" NumEvents="3" CreationCount="853"/><InteractionEvent Delta="null" EndDate="2014-11-04 10:53:25.972 JST" Interest="3.0" Kind="selection" Navigation="null" OriginId="org.eclipse.jdt.ui.PackageExplorer" StartDate="2014-11-04 06:49:47.786 JST" StructureHandle="=IFM11" StructureKind="java" NumEvents="3" CreationCount="1"/><InteractionEvent Delta="null" EndDate="2014-11-04 11:16:11.751 JST" Interest="3565.051" Kind="propagation" Navigation="org.eclipse.mylyn.core.model.edges.containment" OriginId="org.eclipse.mylyn.core.model.interest.propagation" StartDate="2014-11-04 06:49:52.689 JST" StructureHandle="=IFM11" StructureKind="resource" NumEvents="3571" CreationCount="1"/><InteractionEvent Delta="null" EndDate="2014-11-04 11:10:10.968 JST" Interest="19.0" Kind="selection" Navigation="null" OriginId="org.eclipse.jdt.ui.CompilationUnitEditor" StartDate="2014-11-04 08:51:05.469 JST" StructureHandle="=IFM11/src&amp;lt;ifm11.tasks{Task_CreateTN.java" StructureKind="java" NumEvents="19" CreationCount="2408"/><InteractionEvent Delta="null" EndDate="2014-11-04 11:03:22.235 JST" Interest="50.487003" Kind="propagation" Navigation="org.eclipse.mylyn.core.model.edges.containment" OriginId="org.eclipse.mylyn.core.model.interest.propagation" StartDate="2014-11-04 08:47:57.528 JST" StructureHandle="=IFM11/src&amp;lt;ifm11.tasks{Task_CreateTN.java" StructureKind="java" NumEvents="73" CreationCount="2408"/><InteractionEvent Delta="null" EndDate="2014-11-04 08:48:27.472 JST" Interest="1.0" Kind="propagation" Navigation="null" OriginId="org.eclipse.jdt.ui.PackageExplorer" StartDate="2014-11-04 08:48:27.472 JST" StructureHandle="/IFM11/src/ifm11/tasks/Task_FTP.java" StructureKind="resource"/><InteractionEvent Delta="null" EndDate="2014-11-04 11:16:11.751 JST" Interest="3568.051" Kind="propagation" Navigation="org.eclipse.mylyn.core.model.edges.containment" OriginId="org.eclipse.mylyn.core.model.interest.propagation" StartDate="2014-11-04 06:49:47.786 JST" StructureHandle="/" StructureKind="resource" NumEvents="3569" CreationCount="1"/><InteractionEvent Delta="null" EndDate="2014-11-04 10:54:01.474 JST" Interest="7.633" Kind="propagation" Navigation="org.eclipse.mylyn.core.model.edges.containment" OriginId="org.eclipse.mylyn.core.model.interest.propagation" StartDate="2014-11-04 09:12:26.218 JST" StructureHandle="=IFM11/src&amp;lt;ifm11.listeners.dialog" StructureKind="java" NumEvents="7" CreationCount="2813"/><InteractionEvent Delta="null" EndDate="2014-11-04 06:50:07.193 JST" Interest="1.0" Kind="selection" Navigation="null" OriginId="org.eclipse.ui.views.ContentOutline" StartDate="2014-11-04 06:50:07.193 JST" StructureHandle="=IFM11/src&amp;lt;ifm11.main{TNActv.java%ifm11.main" StructureKind="java"/><InteractionEvent Delta="null" EndDate="2014-11-04 07:04:13.961 JST" Interest="1.0" Kind="edit" Navigation="null" OriginId="org.eclipse.jdt.ui.CompilationUnitEditor" StartDate="2014-11-04 07:04:13.961 JST" StructureHandle="=IFM11/src&amp;lt;ifm11.utils{CONS.java[CONS[DB^logFile_MaxSize" StructureKind="java"/><InteractionEvent Delta="null" EndDate="2014-11-04 07:04:13.956 JST" Interest="1.0" Kind="selection" Navigation="null" OriginId="org.eclipse.jdt.ui.CompilationUnitEditor" StartDate="2014-11-04 07:04:13.956 JST" StructureHandle="=IFM11/src&amp;lt;ifm11.utils{CONS.java[CONS[DB^logFile_MaxSize" StructureKind="java"/><InteractionEvent Delta="null" EndDate="2014-11-04 10:54:01.473 JST" Interest="8.933001" Kind="propagation" Navigation="org.eclipse.mylyn.core.model.edges.containment" OriginId="org.eclipse.mylyn.core.model.interest.propagation" StartDate="2014-11-04 09:12:26.218 JST" StructureHandle="/IFM11/src/ifm11/listeners/dialog" StructureKind="resource" NumEvents="7" CreationCount="2813"/><InteractionEvent Delta="null" EndDate="2014-11-04 07:31:23.452 JST" Interest="21.113003" Kind="manipulation" Navigation="null" OriginId="org.eclipse.mylyn.core.model.interest.decay.correction" StartDate="2014-11-04 07:31:23.452 JST" StructureHandle="=IFM11/src&amp;lt;ifm11.adapters{Adp_TIList.java[Adp_TIList~move_ModeOff~QView;~I~QView;" StructureKind="java"/><InteractionEvent Delta="null" EndDate="2014-11-04 10:54:14.99 JST" Interest="117.0" Kind="edit" Navigation="null" OriginId="org.eclipse.jdt.ui.CompilationUnitEditor" StartDate="2014-11-04 06:55:44.17 JST" StructureHandle="=IFM11/src&amp;lt;ifm11.adapters{Adp_TIList.java[Adp_TIList~move_ModeOff~QView;~I~QView;" StructureKind="java" NumEvents="117" CreationCount="404"/><InteractionEvent Delta="null" EndDate="2014-11-04 10:54:20.23 JST" Interest="13.0" Kind="selection" Navigation="null" OriginId="org.eclipse.jdt.ui.CompilationUnitEditor" StartDate="2014-11-04 06:55:40.572 JST" StructureHandle="=IFM11/src&amp;lt;ifm11.adapters{Adp_TIList.java[Adp_TIList~move_ModeOff~QView;~I~QView;" StructureKind="java" NumEvents="13" CreationCount="404"/><InteractionEvent Delta="null" EndDate="2014-11-04 10:56:55.153 JST" Interest="1958.0" Kind="edit" Navigation="null" OriginId="org.eclipse.jdt.ui.CompilationUnitEditor" StartDate="2014-11-04 06:52:37.478 JST" StructureHandle="=IFM11/src&amp;lt;ifm11.main{TNActv.java[TNActv~_test_D_23_3_V_1_1__SaveThumbnail" StructureKind="java" NumEvents="1958" CreationCount="119"/><InteractionEvent Delta="null" EndDate="2014-11-04 10:56:52.607 JST" Interest="45.0" Kind="selection" Navigation="null" OriginId="org.eclipse.jdt.ui.CompilationUnitEditor" StartDate="2014-11-04 06:52:37.472 JST" StructureHandle="=IFM11/src&amp;lt;ifm11.main{TNActv.java[TNActv~_test_D_23_3_V_1_1__SaveThumbnail" StructureKind="java" NumEvents="45" CreationCount="119"/><InteractionEvent Delta="null" EndDate="2014-11-04 09:15:51.489 JST" Interest="1.0" Kind="selection" Navigation="null" OriginId="org.eclipse.jdt.ui.CompilationUnitEditor" StartDate="2014-11-04 09:15:51.489 JST" StructureHandle="=IFM11/src&amp;lt;ifm11.utils{Methods.java[Methods~is_SpecialChars~QActivity;~QString;" StructureKind="java"/><InteractionEvent Delta="null" EndDate="2014-11-04 08:47:33.400 JST" Interest="1.0" Kind="selection" Navigation="null" OriginId="org.eclipse.jdt.ui.PackageExplorer" StartDate="2014-11-04 08:47:33.400 JST" StructureHandle="=IFM11/src&amp;lt;ifm11.adapters{Adp_TIList_Move.java" StructureKind="java"/><InteractionEvent Delta="null" EndDate="2014-11-04 11:09:56.958 JST" Interest="1.2120018" Kind="manipulation" Navigation="null" OriginId="org.eclipse.mylyn.core.model.interest.decay.correction" StartDate="2014-11-04 11:09:56.958 JST" StructureHandle="=IFM11/src&amp;lt;ifm11.main{MainActv.java[MainActv~do_debug" StructureKind="java"/><InteractionEvent Delta="null" EndDate="2014-11-04 10:54:18.88 JST" Interest="15.0" Kind="edit" Navigation="null" OriginId="org.eclipse.jdt.ui.CompilationUnitEditor" StartDate="2014-11-04 07:21:03.395 JST" StructureHandle="=IFM11/src&amp;lt;ifm11.main{MainActv.java[MainActv~do_debug" StructureKind="java" NumEvents="15" CreationCount="2127"/><InteractionEvent Delta="null" EndDate="2014-11-04 11:09:56.960 JST" Interest="13.0" Kind="selection" Navigation="null" OriginId="org.eclipse.jdt.ui.CompilationUnitEditor" StartDate="2014-11-04 07:21:02.847 JST" StructureHandle="=IFM11/src&amp;lt;ifm11.main{MainActv.java[MainActv~do_debug" StructureKind="java" NumEvents="13" CreationCount="2127"/><InteractionEvent Delta="null" EndDate="2014-11-04 11:13:52.980 JST" Interest="22.0" Kind="prediction" Navigation="null" OriginId="org.eclipse.mylyn.resources.ui.interest.updater" StartDate="2014-11-04 07:13:39.194 JST" StructureHandle="/IFM11/bin/IFM11.apk" StructureKind="resource" NumEvents="22" CreationCount="2032"/><InteractionEvent Delta="null" EndDate="2014-11-04 10:54:01.451 JST" Interest="9.806" Kind="manipulation" Navigation="null" OriginId="org.eclipse.mylyn.core.model.interest.decay.correction" StartDate="2014-11-04 10:54:01.451 JST" StructureHandle="=IFM11/src&amp;lt;ifm11.listeners.dialog{DB_OCL.java[DB_OCL~case_UPLOAD_REMOTE_MULTIPLE_IMAGES_OK" StructureKind="java"/><InteractionEvent Delta="null" EndDate="2014-11-04 10:54:01.472 JST" Interest="3.0" Kind="edit" Navigation="null" OriginId="org.eclipse.jdt.ui.CompilationUnitEditor" StartDate="2014-11-04 09:12:29.315 JST" StructureHandle="=IFM11/src&amp;lt;ifm11.listeners.dialog{DB_OCL.java[DB_OCL~case_UPLOAD_REMOTE_MULTIPLE_IMAGES_OK" StructureKind="java" NumEvents="3" CreationCount="2444"/><InteractionEvent Delta="null" EndDate="2014-11-04 10:54:01.451 JST" Interest="2.0" Kind="selection" Navigation="null" OriginId="org.eclipse.jdt.ui.CompilationUnitEditor" StartDate="2014-11-04 09:12:26.970 JST" StructureHandle="=IFM11/src&amp;lt;ifm11.listeners.dialog{DB_OCL.java[DB_OCL~case_UPLOAD_REMOTE_MULTIPLE_IMAGES_OK" StructureKind="java" NumEvents="2" CreationCount="2444"/><InteractionEvent Delta="null" EndDate="2014-11-04 09:41:26.184 JST" Interest="1.0" Kind="edit" Navigation="null" OriginId="org.eclipse.jdt.ui.CompilationUnitEditor" StartDate="2014-11-04 09:41:26.184 JST" StructureHandle="=IFM11/src&amp;lt;ifm11.tasks{Task_CreateTN.java[Task_CreateTN~onPreExecute" StructureKind="java"/><InteractionEvent Delta="null" EndDate="2014-11-04 10:52:48.821 JST" Interest="4.0" Kind="selection" Navigation="null" OriginId="org.eclipse.jdt.ui.CompilationUnitEditor" StartDate="2014-11-04 09:40:28.606 JST" StructureHandle="=IFM11/src&amp;lt;ifm11.tasks{Task_CreateTN.java[Task_CreateTN~onPreExecute" StructureKind="java" NumEvents="4" CreationCount="3133"/><InteractionEvent Delta="null" EndDate="2014-11-04 08:51:18.463 JST" Interest="1.0" Kind="edit" Navigation="null" OriginId="org.eclipse.jdt.ui.CompilationUnitEditor" StartDate="2014-11-04 08:51:18.463 JST" StructureHandle="=IFM11/src&amp;lt;ifm11.tasks{Task_CreateTN.java[Task_CreateTN~onCancelled" StructureKind="java"/><InteractionEvent Delta="null" EndDate="2014-11-04 08:51:23.503 JST" Interest="3.0" Kind="selection" Navigation="null" OriginId="org.eclipse.jdt.ui.CompilationUnitEditor" StartDate="2014-11-04 08:51:11.50 JST" StructureHandle="=IFM11/src&amp;lt;ifm11.tasks{Task_CreateTN.java[Task_CreateTN~onCancelled" StructureKind="java" NumEvents="3" CreationCount="2418"/><InteractionEvent Delta="null" EndDate="2014-11-04 09:15:47.676 JST" Interest="6.0" Kind="edit" Navigation="null" OriginId="org.eclipse.jdt.ui.CompilationUnitEditor" StartDate="2014-11-04 08:51:27.684 JST" StructureHandle="=IFM11/src&amp;lt;ifm11.tasks{Task_CreateTN.java[Task_CreateTN~doInBackground~\[QString;" StructureKind="java" NumEvents="6" CreationCount="2426"/><InteractionEvent Delta="null" EndDate="2014-11-04 09:15:41.728 JST" Interest="10.0" Kind="selection" Navigation="null" OriginId="org.eclipse.jdt.ui.CompilationUnitEditor" StartDate="2014-11-04 08:51:25.922 JST" StructureHandle="=IFM11/src&amp;lt;ifm11.tasks{Task_CreateTN.java[Task_CreateTN~doInBackground~\[QString;" StructureKind="java" NumEvents="10" CreationCount="2426"/><InteractionEvent Delta="null" EndDate="2014-11-04 08:47:33.400 JST" Interest="1.0" Kind="propagation" Navigation="null" OriginId="org.eclipse.jdt.ui.PackageExplorer" StartDate="2014-11-04 08:47:33.400 JST" StructureHandle="/IFM11/src/ifm11/adapters/Adp_TIList_Move.java" StructureKind="resource"/><InteractionEvent Delta="null" EndDate="2014-11-04 06:55:26.84 JST" Interest="1.0" Kind="selection" Navigation="null" OriginId="org.eclipse.jdt.ui.PackageExplorer" StartDate="2014-11-04 06:55:26.84 JST" StructureHandle="=IFM11/src&amp;lt;ifm11.adapters" StructureKind="java"/><InteractionEvent Delta="null" EndDate="2014-11-04 11:10:11.196 JST" Interest="117.364006" Kind="propagation" Navigation="org.eclipse.mylyn.core.model.edges.containment" OriginId="org.eclipse.mylyn.core.model.interest.propagation" StartDate="2014-11-04 06:55:30.441 JST" StructureHandle="=IFM11/src&amp;lt;ifm11.adapters" StructureKind="java" NumEvents="141" CreationCount="401"/><InteractionEvent Delta="null" EndDate="2014-11-04 11:10:10.969 JST" Interest="149.0" Kind="propagation" Navigation="null" OriginId="org.eclipse.jdt.ui.CompilationUnitEditor" StartDate="2014-11-04 08:47:57.528 JST" StructureHandle="/IFM11/src/ifm11/tasks/Task_CreateTN.java" StructureKind="resource" NumEvents="149" CreationCount="2408"/><InteractionEvent Delta="null" EndDate="2014-11-04 07:20:58.622 JST" Interest="3.0" Kind="selection" Navigation="null" OriginId="org.eclipse.jdt.ui.CompilationUnitEditor" StartDate="2014-11-04 07:20:55.778 JST" StructureHandle="=IFM11/src&amp;lt;ifm11.main{MainActv.java[MainActv~_Setup_InitPref_CurrentPath" StructureKind="java" NumEvents="3" CreationCount="2120"/><InteractionEvent Delta="null" EndDate="2014-11-04 07:04:02.885 JST" Interest="1.0" Kind="edit" Navigation="null" OriginId="org.eclipse.jdt.ui.CompilationUnitEditor" StartDate="2014-11-04 07:04:02.885 JST" StructureHandle="=IFM11/src&amp;lt;ifm11.utils{CONS.java[CONS[Paths^dpath_Storage_Internal" StructureKind="java"/><InteractionEvent Delta="null" EndDate="2014-11-04 07:04:02.882 JST" Interest="1.0" Kind="selection" Navigation="null" OriginId="org.eclipse.jdt.ui.CompilationUnitEditor" StartDate="2014-11-04 07:04:02.882 JST" StructureHandle="=IFM11/src&amp;lt;ifm11.utils{CONS.java[CONS[Paths^dpath_Storage_Internal" StructureKind="java"/><InteractionEvent Delta="null" EndDate="2014-11-04 08:51:07.856 JST" Interest="1.0" Kind="selection" Navigation="null" OriginId="org.eclipse.jdt.ui.CompilationUnitEditor" StartDate="2014-11-04 08:51:07.856 JST" StructureHandle="=IFM11/src&amp;lt;ifm11.tasks{Task_CreateTN.java[Task_CreateTN~Task_CreateTN~QActivity;" StructureKind="java"/><InteractionEvent Delta="null" EndDate="2014-11-04 08:52:57.793 JST" Interest="1.0" Kind="edit" Navigation="null" OriginId="org.eclipse.jdt.ui.CompilationUnitEditor" StartDate="2014-11-04 08:52:57.793 JST" StructureHandle="=IFM11/src&amp;lt;ifm11.main{MainActv.java[MainActv~_do_debug__Show_DBList" StructureKind="java"/><InteractionEvent Delta="null" EndDate="2014-11-04 08:53:02.967 JST" Interest="4.0" Kind="selection" Navigation="null" OriginId="org.eclipse.jdt.ui.CompilationUnitEditor" StartDate="2014-11-04 08:52:57.791 JST" StructureHandle="=IFM11/src&amp;lt;ifm11.main{MainActv.java[MainActv~_do_debug__Show_DBList" StructureKind="java" NumEvents="4" CreationCount="2467"/><InteractionEvent Delta="null" EndDate="2014-11-04 11:10:11.376 JST" Interest="74.0" Kind="propagation" Navigation="null" OriginId="org.eclipse.jdt.ui.CompilationUnitEditor" StartDate="2014-11-04 07:20:52.870 JST" StructureHandle="/IFM11/src/ifm11/main/MainActv.java" StructureKind="resource" NumEvents="74" CreationCount="2117"/><InteractionEvent Delta="null" EndDate="2014-11-04 06:55:57.948 JST" Interest="44.0" Kind="edit" Navigation="null" OriginId="org.eclipse.jdt.ui.CompilationUnitEditor" StartDate="2014-11-04 06:50:11.786 JST" StructureHandle="=IFM11/src&amp;lt;ifm11.main{TNActv.java[TNActv~_Setup_SetList" StructureKind="java" NumEvents="44" CreationCount="7"/><InteractionEvent Delta="null" EndDate="2014-11-04 06:55:53.181 JST" Interest="7.0" Kind="selection" Navigation="null" OriginId="org.eclipse.jdt.ui.CompilationUnitEditor" StartDate="2014-11-04 06:50:11.376 JST" StructureHandle="=IFM11/src&amp;lt;ifm11.main{TNActv.java[TNActv~_Setup_SetList" StructureKind="java" NumEvents="7" CreationCount="7"/><InteractionEvent Delta="null" EndDate="2014-11-04 10:58:54.771 JST" Interest="1.0" Kind="selection" Navigation="null" OriginId="org.eclipse.jdt.ui.CompilationUnitEditor" StartDate="2014-11-04 10:58:54.771 JST" StructureHandle="=IFM11/src&amp;lt;ifm11.utils{Methods.java[Methods~update_List_TNActv_Main~QActivity;" StructureKind="java"/><InteractionEvent Delta="null" EndDate="2014-11-04 09:36:59.754 JST" Interest="3.3520002" Kind="manipulation" Navigation="null" OriginId="org.eclipse.mylyn.core.model.interest.decay.correction" StartDate="2014-11-04 09:36:59.754 JST" StructureHandle="=IFM11/src&amp;lt;ifm11.tasks{Task_CreateTN.java[Task_CreateTN~onProgressUpdate~\[QInteger;" StructureKind="java"/><InteractionEvent Delta="null" EndDate="2014-11-04 09:37:02.52 JST" Interest="1.0" Kind="edit" Navigation="null" OriginId="org.eclipse.jdt.ui.CompilationUnitEditor" StartDate="2014-11-04 09:37:02.52 JST" StructureHandle="=IFM11/src&amp;lt;ifm11.tasks{Task_CreateTN.java[Task_CreateTN~onProgressUpdate~\[QInteger;" StructureKind="java"/><InteractionEvent Delta="null" EndDate="2014-11-04 09:36:59.754 JST" Interest="2.0" Kind="selection" Navigation="null" OriginId="org.eclipse.jdt.ui.CompilationUnitEditor" StartDate="2014-11-04 09:15:48.320 JST" StructureHandle="=IFM11/src&amp;lt;ifm11.tasks{Task_CreateTN.java[Task_CreateTN~onProgressUpdate~\[QInteger;" StructureKind="java" NumEvents="2" CreationCount="2871"/><InteractionEvent Delta="null" EndDate="2014-11-04 08:47:39.104 JST" Interest="1.0" Kind="selection" Navigation="null" OriginId="org.eclipse.jdt.ui.PackageExplorer" StartDate="2014-11-04 08:47:39.104 JST" StructureHandle="=IFM11/src&amp;lt;ifm11.tasks{Task_Search.java" StructureKind="java"/><InteractionEvent Delta="null" EndDate="2014-11-04 11:16:11.752 JST" Interest="3569.034" Kind="propagation" Navigation="null" OriginId="org.eclipse.jdt.ui.CompilationUnitEditor" StartDate="2014-11-04 06:49:52.689 JST" StructureHandle="/IFM11/src" StructureKind="resource" NumEvents="3571" CreationCount="2"/><InteractionEvent Delta="null" EndDate="2014-11-04 08:47:42.49 JST" Interest="2.0" Kind="selection" Navigation="null" OriginId="org.eclipse.jdt.ui.PackageExplorer" StartDate="2014-11-04 08:47:35.866 JST" StructureHandle="=IFM11/src&amp;lt;ifm11.tasks" StructureKind="java" NumEvents="2" CreationCount="2405"/><InteractionEvent Delta="null" EndDate="2014-11-04 11:10:10.969 JST" Interest="67.538" Kind="propagation" Navigation="org.eclipse.mylyn.core.model.edges.containment" OriginId="org.eclipse.mylyn.core.model.interest.propagation" StartDate="2014-11-04 08:47:39.104 JST" StructureHandle="=IFM11/src&amp;lt;ifm11.tasks" StructureKind="java" NumEvents="102" CreationCount="2405"/><InteractionEvent Delta="null" EndDate="2014-11-04 07:20:54.489 JST" Interest="1.0" Kind="selection" Navigation="null" OriginId="org.eclipse.ui.views.ContentOutline" StartDate="2014-11-04 07:20:54.489 JST" StructureHandle="=IFM11/src&amp;lt;ifm11.main{MainActv.java%ifm11.main" StructureKind="java"/><InteractionEvent Delta="null" EndDate="2014-11-04 11:16:11.751 JST" Interest="2446.017" Kind="propagation" Navigation="org.eclipse.mylyn.core.model.edges.containment" OriginId="org.eclipse.mylyn.core.model.interest.propagation" StartDate="2014-11-04 06:49:55.443 JST" StructureHandle="/IFM11/src/ifm11" StructureKind="resource" NumEvents="2447" CreationCount="3"/><InteractionEvent Delta="null" EndDate="2014-11-04 11:03:51.579 JST" Interest="3.0" Kind="selection" Navigation="null" OriginId="org.eclipse.jdt.ui.CompilationUnitEditor" StartDate="2014-11-04 11:03:46.724 JST" StructureHandle="=IFM11/src&amp;lt;ifm11.utils{DBUtils.java[DBUtils~find_All_TI~QActivity;~QString;~QString;" StructureKind="java" NumEvents="3" CreationCount="3370"/><InteractionEvent Delta="null" EndDate="2014-11-04 07:30:32.202 JST" Interest="1.0" Kind="selection" Navigation="null" OriginId="org.eclipse.jdt.ui.PackageExplorer" StartDate="2014-11-04 07:30:32.202 JST" StructureHandle="=IFM11/src&amp;lt;ifm11.comps" StructureKind="java"/><InteractionEvent Delta="null" EndDate="2014-11-04 06:49:52.689 JST" Interest="1.0" Kind="selection" Navigation="null" OriginId="org.eclipse.jdt.ui.PackageExplorer" StartDate="2014-11-04 06:49:52.689 JST" StructureHandle="=IFM11/src" StructureKind="java"/><InteractionEvent Delta="null" EndDate="2014-11-04 11:10:14.690 JST" Interest="1420.5892" Kind="propagation" Navigation="org.eclipse.mylyn.core.model.edges.containment" OriginId="org.eclipse.mylyn.core.model.interest.propagation" StartDate="2014-11-04 06:49:55.444 JST" StructureHandle="=IFM11/src" StructureKind="java" NumEvents="2051" CreationCount="2"/><InteractionEvent Delta="null" EndDate="2014-11-04 10:53:28.577 JST" Interest="52.074" Kind="manipulation" Navigation="null" OriginId="org.eclipse.mylyn.core.model.interest.decay.correction" StartDate="2014-11-04 10:53:28.577 JST" StructureHandle="=IFM11/src&amp;lt;ifm11.items" StructureKind="java"/><InteractionEvent Delta="null" EndDate="2014-11-04 10:53:28.576 JST" Interest="2.0" Kind="selection" Navigation="null" OriginId="org.eclipse.jdt.ui.PackageExplorer" StartDate="2014-11-04 07:20:47.898 JST" StructureHandle="=IFM11/src&amp;lt;ifm11.items" StructureKind="java" NumEvents="2" CreationCount="21"/><InteractionEvent Delta="null" EndDate="2014-11-04 06:58:28.643 JST" Interest="1.0" Kind="selection" Navigation="null" OriginId="org.eclipse.jdt.ui.PackageExplorer" StartDate="2014-11-04 06:58:28.643 JST" StructureHandle="=IFM11/src&amp;lt;ifm11.main{PrefActv.java" StructureKind="java"/><InteractionEvent Delta="null" EndDate="2014-11-04 08:47:39.104 JST" Interest="1.0" Kind="propagation" Navigation="null" OriginId="org.eclipse.jdt.ui.PackageExplorer" StartDate="2014-11-04 08:47:39.104 JST" StructureHandle="/IFM11/src/ifm11/tasks/Task_Search.java" StructureKind="resource"/><InteractionEvent Delta="null" EndDate="2014-11-04 11:05:15.403 JST" Interest="35.0" Kind="edit" Navigation="null" OriginId="org.eclipse.jdt.ui.CompilationUnitEditor" StartDate="2014-11-04 11:04:04.955 JST" StructureHandle="=IFM11/src&amp;lt;ifm11.utils{DBUtils.java[DBUtils~find_All_TI~QActivity;" StructureKind="java" NumEvents="35" CreationCount="3380"/><InteractionEvent Delta="null" EndDate="2014-11-04 11:05:18.947 JST" Interest="2.0" Kind="selection" Navigation="null" OriginId="org.eclipse.jdt.ui.CompilationUnitEditor" StartDate="2014-11-04 11:04:02.412 JST" StructureHandle="=IFM11/src&amp;lt;ifm11.utils{DBUtils.java[DBUtils~find_All_TI~QActivity;" StructureKind="java" NumEvents="2" CreationCount="3380"/><InteractionEvent Delta="null" EndDate="2014-11-04 07:04:01.958 JST" Interest="2.0" Kind="edit" Navigation="null" OriginId="org.eclipse.jdt.ui.CompilationUnitEditor" StartDate="2014-11-04 07:04:01.947 JST" StructureHandle="=IFM11/src&amp;lt;ifm11.utils{CONS.java[CONS[Paths" StructureKind="java" NumEvents="2" CreationCount="846"/><InteractionEvent Delta="null" EndDate="2014-11-04 07:04:01.478 JST" Interest="2.0" Kind="selection" Navigation="null" OriginId="org.eclipse.jdt.ui.CompilationUnitEditor" StartDate="2014-11-04 07:04:01.296 JST" StructureHandle="=IFM11/src&amp;lt;ifm11.utils{CONS.java[CONS[Paths" StructureKind="java" NumEvents="2" CreationCount="846"/><InteractionEvent Delta="null" EndDate="2014-11-04 07:31:09.56 JST" Interest="1.0" Kind="selection" Navigation="null" OriginId="org.eclipse.jdt.ui.PackageExplorer" StartDate="2014-11-04 07:31:09.56 JST" StructureHandle="=IFM11/src&amp;lt;ifm11.listeners.button" StructureKind="java"/><InteractionEvent Delta="null" EndDate="2014-11-04 11:05:18.948 JST" Interest="54.0" Kind="propagation" Navigation="null" OriginId="org.eclipse.jdt.ui.CompilationUnitEditor" StartDate="2014-11-04 11:03:39.610 JST" StructureHandle="/IFM11/src/ifm11/utils/DBUtils.java" StructureKind="resource" NumEvents="54" CreationCount="3367"/><InteractionEvent Delta="null" EndDate="2014-11-04 07:04:22.584 JST" Interest="1.0" Kind="edit" Navigation="null" OriginId="org.eclipse.jdt.ui.CompilationUnitEditor" StartDate="2014-11-04 07:04:22.584 JST" StructureHandle="=IFM11/src&amp;lt;ifm11.utils{CONS.java[CONS[DB^dPath_dbFile_backup_IFM10" StructureKind="java"/><InteractionEvent Delta="null" EndDate="2014-11-04 07:04:22.568 JST" Interest="1.0" Kind="selection" Navigation="null" OriginId="org.eclipse.jdt.ui.CompilationUnitEditor" StartDate="2014-11-04 07:04:22.568 JST" StructureHandle="=IFM11/src&amp;lt;ifm11.utils{CONS.java[CONS[DB^dPath_dbFile_backup_IFM10" StructureKind="java"/><InteractionEvent Delta="null" EndDate="2014-11-04 11:03:39.609 JST" Interest="1.0" Kind="selection" Navigation="null" OriginId="org.eclipse.jdt.ui.CompilationUnitEditor" StartDate="2014-11-04 11:03:39.609 JST" StructureHandle="=IFM11/src&amp;lt;ifm11.utils{DBUtils.java" StructureKind="java"/><InteractionEvent Delta="null" EndDate="2014-11-04 11:05:17.901 JST" Interest="25.721" Kind="propagation" Navigation="org.eclipse.mylyn.core.model.edges.containment" OriginId="org.eclipse.mylyn.core.model.interest.propagation" StartDate="2014-11-04 11:03:40.967 JST" StructureHandle="=IFM11/src&amp;lt;ifm11.utils{DBUtils.java" StructureKind="java" NumEvents="39" CreationCount="3367"/><InteractionEvent Delta="null" EndDate="2014-11-04 10:54:01.472 JST" Interest="7.6159997" Kind="propagation" Navigation="org.eclipse.mylyn.core.model.edges.containment" OriginId="org.eclipse.mylyn.core.model.interest.propagation" StartDate="2014-11-04 09:12:26.970 JST" StructureHandle="=IFM11/src&amp;lt;ifm11.listeners.dialog{DB_OCL.java[DB_OCL" StructureKind="java" NumEvents="5" CreationCount="2814"/><InteractionEvent Delta="null" EndDate="2014-11-04 06:49:55.442 JST" Interest="1.0" Kind="selection" Navigation="null" OriginId="org.eclipse.jdt.ui.PackageExplorer" StartDate="2014-11-04 06:49:55.442 JST" StructureHandle="=IFM11/src&amp;lt;ifm11.main" StructureKind="java"/><InteractionEvent Delta="null" EndDate="2014-11-04 11:10:11.606 JST" Interest="1420.5721" Kind="propagation" Navigation="org.eclipse.mylyn.core.model.edges.containment" OriginId="org.eclipse.mylyn.core.model.interest.propagation" StartDate="2014-11-04 06:50:00.204 JST" StructureHandle="=IFM11/src&amp;lt;ifm11.main" StructureKind="java" NumEvents="2033" CreationCount="3"/><InteractionEvent Delta="null" EndDate="2014-11-04 11:10:09.371 JST" Interest="802.01697" Kind="propagation" Navigation="null" OriginId="org.eclipse.jdt.ui.CompilationUnitEditor" StartDate="2014-11-04 06:58:30.599 JST" StructureHandle="/IFM11/src/ifm11/utils" StructureKind="resource" NumEvents="803" CreationCount="841"/><InteractionEvent Delta="null" EndDate="2014-11-04 09:11:27.513 JST" Interest="22.0" Kind="edit" Navigation="null" OriginId="org.eclipse.jdt.ui.CompilationUnitEditor" StartDate="2014-11-04 06:52:03.699 JST" StructureHandle="=IFM11/src&amp;lt;ifm11.main{TNActv.java[TNActv" StructureKind="java" NumEvents="22" CreationCount="7"/><InteractionEvent Delta="null" EndDate="2014-11-04 11:13:47.521 JST" Interest="24.0" Kind="selection" Navigation="null" OriginId="org.eclipse.jdt.ui.CompilationUnitEditor" StartDate="2014-11-04 06:52:03.694 JST" StructureHandle="=IFM11/src&amp;lt;ifm11.main{TNActv.java[TNActv" StructureKind="java" NumEvents="24" CreationCount="7"/><InteractionEvent Delta="null" EndDate="2014-11-04 10:56:55.154 JST" Interest="1382.104" Kind="propagation" Navigation="org.eclipse.mylyn.core.model.edges.containment" OriginId="org.eclipse.mylyn.core.model.interest.propagation" StartDate="2014-11-04 06:50:11.377 JST" StructureHandle="=IFM11/src&amp;lt;ifm11.main{TNActv.java[TNActv" StructureKind="java" NumEvents="1967" CreationCount="7"/><InteractionEvent Delta="null" EndDate="2014-11-04 08:52:52.678 JST" Interest="1.0" Kind="edit" Navigation="null" OriginId="org.eclipse.jdt.ui.CompilationUnitEditor" StartDate="2014-11-04 08:52:52.678 JST" StructureHandle="=IFM11/src&amp;lt;ifm11.main{MainActv.java[MainActv" StructureKind="java"/><InteractionEvent Delta="null" EndDate="2014-11-04 08:52:52.674 JST" Interest="1.0" Kind="selection" Navigation="null" OriginId="org.eclipse.jdt.ui.CompilationUnitEditor" StartDate="2014-11-04 08:52:52.674 JST" StructureHandle="=IFM11/src&amp;lt;ifm11.main{MainActv.java[MainActv" StructureKind="java"/><InteractionEvent Delta="null" EndDate="2014-11-04 11:09:56.960 JST" Interest="55.941" Kind="propagation" Navigation="org.eclipse.mylyn.core.model.edges.containment" OriginId="org.eclipse.mylyn.core.model.interest.propagation" StartDate="2014-11-04 07:20:55.779 JST" StructureHandle="=IFM11/src&amp;lt;ifm11.main{MainActv.java[MainActv" StructureKind="java" NumEvents="32" CreationCount="190"/><InteractionEvent Delta="null" EndDate="2014-11-04 11:03:22.235 JST" Interest="79.0" Kind="edit" Navigation="null" OriginId="org.eclipse.jdt.ui.CompilationUnitEditor" StartDate="2014-11-04 08:51:21.240 JST" StructureHandle="=IFM11/src&amp;lt;ifm11.tasks{Task_CreateTN.java[Task_CreateTN~onPostExecute~QInteger;" StructureKind="java" NumEvents="79" CreationCount="2419"/><InteractionEvent Delta="null" EndDate="2014-11-04 11:09:57.611 JST" Interest="13.0" Kind="selection" Navigation="null" OriginId="org.eclipse.jdt.ui.CompilationUnitEditor" StartDate="2014-11-04 08:51:12.707 JST" StructureHandle="=IFM11/src&amp;lt;ifm11.tasks{Task_CreateTN.java[Task_CreateTN~onPostExecute~QInteger;" StructureKind="java" NumEvents="13" CreationCount="2419"/><InteractionEvent Delta="null" EndDate="2014-11-04 11:16:11.751 JST" Interest="2371.0" Kind="propagation" Navigation="null" OriginId="org.eclipse.jdt.ui.CompilationUnitEditor" StartDate="2014-11-04 06:50:00.203 JST" StructureHandle="/IFM11/src/ifm11/main/TNActv.java" StructureKind="resource" NumEvents="2371" CreationCount="4"/><InteractionEvent Delta="null" EndDate="2014-11-04 07:20:59.114 JST" Interest="1.0" Kind="edit" Navigation="null" OriginId="org.eclipse.jdt.ui.CompilationUnitEditor" StartDate="2014-11-04 07:20:59.114 JST" StructureHandle="=IFM11/src&amp;lt;ifm11.main{MainActv.java[MainActv~_Setup_CreateListFile~QFile;" StructureKind="java"/><InteractionEvent Delta="null" EndDate="2014-11-04 07:21:02.885 JST" Interest="5.0" Kind="selection" Navigation="null" OriginId="org.eclipse.jdt.ui.CompilationUnitEditor" StartDate="2014-11-04 07:20:58.548 JST" StructureHandle="=IFM11/src&amp;lt;ifm11.main{MainActv.java[MainActv~_Setup_CreateListFile~QFile;" StructureKind="java" NumEvents="5" CreationCount="2121"/><InteractionEvent Delta="null" EndDate="2014-11-04 11:05:17.900 JST" Interest="2.0" Kind="selection" Navigation="null" OriginId="org.eclipse.jdt.ui.CompilationUnitEditor" StartDate="2014-11-04 11:03:57.302 JST" StructureHandle="=IFM11/src&amp;lt;ifm11.utils{DBUtils.java[DBUtils" StructureKind="java" NumEvents="2" CreationCount="3368"/><InteractionEvent Delta="null" EndDate="2014-11-04 11:05:15.404 JST" Interest="24.704" Kind="propagation" Navigation="org.eclipse.mylyn.core.model.edges.containment" OriginId="org.eclipse.mylyn.core.model.interest.propagation" StartDate="2014-11-04 11:03:40.966 JST" StructureHandle="=IFM11/src&amp;lt;ifm11.utils{DBUtils.java[DBUtils" StructureKind="java" NumEvents="35" CreationCount="3368"/><InteractionEvent Delta="null" EndDate="2014-11-04 10:54:01.473 JST" Interest="19.558" Kind="propagation" Navigation="org.eclipse.mylyn.core.model.edges.containment" OriginId="org.eclipse.mylyn.core.model.interest.propagation" StartDate="2014-11-04 07:31:09.57 JST" StructureHandle="/IFM11/src/ifm11/listeners" StructureKind="resource" NumEvents="8" CreationCount="2188"/><InteractionEvent Delta="null" EndDate="2014-11-04 11:10:10.969 JST" Interest="152.034" Kind="propagation" Navigation="null" OriginId="org.eclipse.jdt.ui.CompilationUnitEditor" StartDate="2014-11-04 08:47:35.866 JST" StructureHandle="/IFM11/src/ifm11/tasks" StructureKind="resource" NumEvents="154" CreationCount="2405"/><InteractionEvent Delta="null" EndDate="2014-11-04 06:58:30.599 JST" Interest="1.0" Kind="selection" Navigation="null" OriginId="org.eclipse.jdt.ui.PackageExplorer" StartDate="2014-11-04 06:58:30.599 JST" StructureHandle="=IFM11/src&amp;lt;ifm11.utils" StructureKind="java"/><InteractionEvent Delta="null" EndDate="2014-11-04 11:10:09.371 JST" Interest="486.13" Kind="propagation" Navigation="org.eclipse.mylyn.core.model.edges.containment" OriginId="org.eclipse.mylyn.core.model.interest.propagation" StartDate="2014-11-04 06:58:31.140 JST" StructureHandle="=IFM11/src&amp;lt;ifm11.utils" StructureKind="java" NumEvents="675" CreationCount="841"/><InteractionEvent Delta="null" EndDate="2014-11-04 11:03:52.705 JST" Interest="2.0" Kind="edit" Navigation="null" OriginId="org.eclipse.jdt.ui.CompilationUnitEditor" StartDate="2014-11-04 11:03:52.88 JST" StructureHandle="=IFM11/src&amp;lt;ifm11.utils{DBUtils.java[DBUtils~find_All_TI~QActivity;~QString;" StructureKind="java" NumEvents="2" CreationCount="3368"/><InteractionEvent Delta="null" EndDate="2014-11-04 11:03:59.197 JST" Interest="6.0" Kind="selection" Navigation="null" OriginId="org.eclipse.jdt.ui.CompilationUnitEditor" StartDate="2014-11-04 11:03:40.966 JST" StructureHandle="=IFM11/src&amp;lt;ifm11.utils{DBUtils.java[DBUtils~find_All_TI~QActivity;~QString;" StructureKind="java" NumEvents="6" CreationCount="3368"/><InteractionEvent Delta="null" EndDate="2014-11-04 08:56:06.645 JST" Interest="1.0" Kind="edit" Navigation="null" OriginId="org.eclipse.jdt.ui.CompilationUnitEditor" StartDate="2014-11-04 08:56:06.645 JST" StructureHandle="=IFM11/src&amp;lt;ifm11.utils{Methods.java" StructureKind="java"/><InteractionEvent Delta="null" EndDate="2014-11-04 11:09:57.905 JST" Interest="20.0" Kind="selection" Navigation="null" OriginId="org.eclipse.jdt.ui.CompilationUnitEditor" StartDate="2014-11-04 08:51:34.790 JST" StructureHandle="=IFM11/src&amp;lt;ifm11.utils{Methods.java" StructureKind="java" NumEvents="20" CreationCount="2429"/><InteractionEvent Delta="null" EndDate="2014-11-04 11:10:09.371 JST" Interest="439.434" Kind="propagation" Navigation="org.eclipse.mylyn.core.model.edges.containment" OriginId="org.eclipse.mylyn.core.model.interest.propagation" StartDate="2014-11-04 08:51:40.559 JST" StructureHandle="=IFM11/src&amp;lt;ifm11.utils{Methods.java" StructureKind="java" NumEvents="629" CreationCount="2429"/><InteractionEvent Delta="null" EndDate="2014-11-04 07:20:47.649 JST" Interest="9.037" Kind="manipulation" Navigation="null" OriginId="org.eclipse.mylyn.core.model.interest.decay.correction" StartDate="2014-11-04 07:20:47.649 JST" StructureHandle="=IFM11/src&amp;lt;ifm11.utils{CONS.java" StructureKind="java"/><InteractionEvent Delta="null" EndDate="2014-11-04 07:20:47.649 JST" Interest="3.0" Kind="selection" Navigation="null" OriginId="org.eclipse.jdt.ui.PackageExplorer" StartDate="2014-11-04 06:58:31.139 JST" StructureHandle="=IFM11/src&amp;lt;ifm11.utils{CONS.java" StructureKind="java" NumEvents="3" CreationCount="842"/><InteractionEvent Delta="null" EndDate="2014-11-04 07:04:39.934 JST" Interest="10.587001" Kind="propagation" Navigation="org.eclipse.mylyn.core.model.edges.containment" OriginId="org.eclipse.mylyn.core.model.interest.propagation" StartDate="2014-11-04 07:03:59.156 JST" StructureHandle="=IFM11/src&amp;lt;ifm11.utils{CONS.java" StructureKind="java" NumEvents="17" CreationCount="842"/><InteractionEvent Delta="null" EndDate="2014-11-04 09:41:29.155 JST" Interest="1.0" Kind="prediction" Navigation="null" OriginId="org.eclipse.mylyn.resources.ui.interest.updater" StartDate="2014-11-04 09:41:29.155 JST" StructureHandle="=IFM11/src&amp;lt;ifm11.utils{CONS.java" StructureKind="java"/><InteractionEvent Delta="null" EndDate="2014-11-04 08:48:27.472 JST" Interest="1.0" Kind="selection" Navigation="null" OriginId="org.eclipse.jdt.ui.PackageExplorer" StartDate="2014-11-04 08:48:27.472 JST" StructureHandle="=IFM11/src&amp;lt;ifm11.tasks{Task_FTP.java" StructureKind="java"/><InteractionEvent Delta="null" EndDate="2014-11-04 09:41:38.488 JST" Interest="3150.0" Kind="propagation" Navigation="null" OriginId="org.eclipse.jdt.ui.CompilationUnitEditor" StartDate="2014-11-04 06:49:47.786 JST" StructureHandle="/IFM11" StructureKind="resource" NumEvents="3150" CreationCount="1"/><InteractionEvent Delta="null" EndDate="2014-11-04 11:10:11.606 JST" Interest="24.0" Kind="selection" Navigation="null" OriginId="org.eclipse.jdt.ui.CompilationUnitEditor" StartDate="2014-11-04 06:50:00.202 JST" StructureHandle="=IFM11/src&amp;lt;ifm11.main{TNActv.java" StructureKind="java" NumEvents="24" CreationCount="4"/><InteractionEvent Delta="null" EndDate="2014-11-04 11:09:44.632 JST" Interest="1397.555" Kind="propagation" Navigation="org.eclipse.mylyn.core.model.edges.containment" OriginId="org.eclipse.mylyn.core.model.interest.propagation" StartDate="2014-11-04 06:50:12.46 JST" StructureHandle="=IFM11/src&amp;lt;ifm11.main{TNActv.java" StructureKind="java" NumEvents="1994" CreationCount="4"/><InteractionEvent Delta="null" EndDate="2014-11-04 11:13:52.980 JST" Interest="22.0" Kind="prediction" Navigation="null" OriginId="org.eclipse.mylyn.resources.ui.interest.updater" StartDate="2014-11-04 07:13:39.194 JST" StructureHandle="/IFM11/bin/classes.dex" StructureKind="resource" NumEvents="22" CreationCount="2032"/><InteractionEvent Delta="null" EndDate="2014-11-04 10:53:28.577 JST" Interest="10.866" Kind="manipulation" Navigation="null" OriginId="org.eclipse.mylyn.core.model.interest.decay.correction" StartDate="2014-11-04 10:53:28.577 JST" StructureHandle="/IFM11/src/ifm11/items" StructureKind="resource"/><InteractionEvent Delta="null" EndDate="2014-11-04 10:53:28.577 JST" Interest="2.0" Kind="propagation" Navigation="null" OriginId="org.eclipse.jdt.ui.PackageExplorer" StartDate="2014-11-04 07:20:47.898 JST" StructureHandle="/IFM11/src/ifm11/items" StructureKind="resource" NumEvents="2" CreationCount="2446"/><InteractionEvent Delta="null" EndDate="2014-11-04 07:31:09.56 JST" Interest="1.0" Kind="propagation" Navigation="null" OriginId="org.eclipse.jdt.ui.PackageExplorer" StartDate="2014-11-04 07:31:09.56 JST" StructureHandle="/IFM11/src/ifm11/listeners/button" StructureKind="resource"/><InteractionEvent Delta="null" EndDate="2014-11-04 08:47:41.387 JST" Interest="1.0" Kind="propagation" Navigation="null" OriginId="org.eclipse.jdt.ui.PackageExplorer" StartDate="2014-11-04 08:47:41.387 JST" StructureHandle="/IFM11/src/ifm11/tasks/Task_RefreshDB.java" StructureKind="resource"/><InteractionEvent Delta="null" EndDate="2014-11-04 11:10:11.196 JST" Interest="166.41301" Kind="propagation" Navigation="org.eclipse.mylyn.core.model.edges.containment" OriginId="org.eclipse.mylyn.core.model.interest.propagation" StartDate="2014-11-04 06:55:26.84 JST" StructureHandle="/IFM11/src/ifm11/adapters" StructureKind="resource" NumEvents="155" CreationCount="401"/><InteractionEvent Delta="null" EndDate="2014-11-04 07:31:15.571 JST" Interest="13.396002" Kind="manipulation" Navigation="null" OriginId="org.eclipse.mylyn.core.model.interest.decay.correction" StartDate="2014-11-04 07:31:15.571 JST" StructureHandle="/IFM11/src/ifm11/adapters/Adp_TIList.java" StructureKind="resource"/><InteractionEvent Delta="null" EndDate="2014-11-04 11:10:11.196 JST" Interest="153.0" Kind="propagation" Navigation="null" OriginId="org.eclipse.jdt.ui.CompilationUnitEditor" StartDate="2014-11-04 06:55:30.440 JST" StructureHandle="/IFM11/src/ifm11/adapters/Adp_TIList.java" StructureKind="resource" NumEvents="153" CreationCount="402"/><InteractionEvent Delta="null" EndDate="2014-11-04 06:58:28.644 JST" Interest="1.0" Kind="propagation" Navigation="null" OriginId="org.eclipse.jdt.ui.PackageExplorer" StartDate="2014-11-04 06:58:28.644 JST" StructureHandle="/IFM11/src/ifm11/main/PrefActv.java" StructureKind="resource"/><InteractionEvent Delta="null" EndDate="2014-11-04 07:04:01.451 JST" Interest="3.0" Kind="selection" Navigation="null" OriginId="org.eclipse.jdt.ui.CompilationUnitEditor" StartDate="2014-11-04 07:03:55.796 JST" StructureHandle="=IFM11/src&amp;lt;ifm11.utils{CONS.java[CONS[Intent" StructureKind="java" NumEvents="3" CreationCount="844"/><InteractionEvent Delta="null" EndDate="2014-11-04 11:13:45.227 JST" Interest="86.0" Kind="edit" Navigation="null" OriginId="org.eclipse.jdt.ui.CompilationUnitEditor" StartDate="2014-11-04 11:09:44.630 JST" StructureHandle="=IFM11/src&amp;lt;ifm11.main{TNActv.java[TNActv~_test_D_23_3_V_1_1__GetTNfileNumbers" StructureKind="java" NumEvents="86" CreationCount="3456"/><InteractionEvent Delta="null" EndDate="2014-11-04 11:11:27.362 JST" Interest="3.0" Kind="selection" Navigation="null" OriginId="org.eclipse.jdt.ui.CompilationUnitEditor" StartDate="2014-11-04 11:09:42.865 JST" StructureHandle="=IFM11/src&amp;lt;ifm11.main{TNActv.java[TNActv~_test_D_23_3_V_1_1__GetTNfileNumbers" StructureKind="java" NumEvents="3" CreationCount="3456"/><InteractionEvent Delta="null" EndDate="2014-11-04 11:16:11.751 JST" Interest="2446.017" Kind="propagation" Navigation="null" OriginId="org.eclipse.jdt.ui.CompilationUnitEditor" StartDate="2014-11-04 06:49:55.442 JST" StructureHandle="/IFM11/src/ifm11/main" StructureKind="resource" NumEvents="2447" CreationCount="3"/><InteractionEvent Delta="null" EndDate="2014-11-04 07:04:46.100 JST" Interest="1.0" Kind="selection" Navigation="null" OriginId="org.eclipse.jdt.ui.CompilationUnitEditor" StartDate="2014-11-04 07:04:46.100 JST" StructureHandle="=IFM11/src&amp;lt;ifm11.utils{CONS.java[CONS[DB^dPath_Log!2" StructureKind="java"/><InteractionEvent Delta="null" EndDate="2014-11-04 07:31:18.144 JST" Interest="21.079002" Kind="manipulation" Navigation="null" OriginId="org.eclipse.mylyn.core.model.interest.decay.correction" StartDate="2014-11-04 07:31:18.144 JST" StructureHandle="=IFM11/src&amp;lt;ifm11.adapters{Adp_TIList.java[Adp_TIList" StructureKind="java"/><InteractionEvent Delta="null" EndDate="2014-11-04 07:31:23.681 JST" Interest="3.0" Kind="selection" Navigation="null" OriginId="org.eclipse.jdt.ui.CompilationUnitEditor" StartDate="2014-11-04 07:31:18.143 JST" StructureHandle="=IFM11/src&amp;lt;ifm11.adapters{Adp_TIList.java[Adp_TIList" StructureKind="java" NumEvents="3" CreationCount="404"/><InteractionEvent Delta="null" EndDate="2014-11-04 10:54:20.24 JST" Interest="91.934" Kind="propagation" Navigation="org.eclipse.mylyn.core.model.edges.containment" OriginId="org.eclipse.mylyn.core.model.interest.propagation" StartDate="2014-11-04 06:55:40.572 JST" StructureHandle="=IFM11/src&amp;lt;ifm11.adapters{Adp_TIList.java[Adp_TIList" StructureKind="java" NumEvents="127" CreationCount="404"/><InteractionEvent Delta="null" EndDate="2014-11-04 11:16:11.162 JST" Interest="87.0" Kind="edit" Navigation="null" OriginId="org.eclipse.jdt.ui.CompilationUnitEditor" StartDate="2014-11-04 06:51:56.9 JST" StructureHandle="=IFM11/src&amp;lt;ifm11.main{TNActv.java[TNActv~do_debug" StructureKind="java" NumEvents="87" CreationCount="62"/><InteractionEvent Delta="null" EndDate="2014-11-04 11:13:49.441 JST" Interest="18.0" Kind="selection" Navigation="null" OriginId="org.eclipse.jdt.ui.CompilationUnitEditor" StartDate="2014-11-04 06:51:55.451 JST" StructureHandle="=IFM11/src&amp;lt;ifm11.main{TNActv.java[TNActv~do_debug" StructureKind="java" NumEvents="18" CreationCount="62"/><InteractionEvent Delta="null" EndDate="2014-11-04 11:10:09.370 JST" Interest="623.0" Kind="edit" Navigation="null" OriginId="org.eclipse.jdt.ui.CompilationUnitEditor" StartDate="2014-11-04 08:51:39.468 JST" StructureHandle="=IFM11/src&amp;lt;ifm11.utils{Methods.java[Methods~create_TNs~QActivity;" StructureKind="java" NumEvents="623" CreationCount="2431"/><InteractionEvent Delta="null" EndDate="2014-11-04 11:09:58.131 JST" Interest="24.0" Kind="selection" Navigation="null" OriginId="org.eclipse.jdt.ui.CompilationUnitEditor" StartDate="2014-11-04 08:51:37.192 JST" StructureHandle="=IFM11/src&amp;lt;ifm11.utils{Methods.java[Methods~create_TNs~QActivity;" StructureKind="java" NumEvents="24" CreationCount="2431"/><InteractionEvent Delta="null" EndDate="2014-11-04 07:04:21.1 JST" Interest="3.0" Kind="edit" Navigation="null" OriginId="org.eclipse.jdt.ui.CompilationUnitEditor" StartDate="2014-11-04 07:04:19.469 JST" StructureHandle="=IFM11/src&amp;lt;ifm11.utils{CONS.java[CONS[DB^fname_DB_Backup_Trunk" StructureKind="java" NumEvents="3" CreationCount="861"/><InteractionEvent Delta="null" EndDate="2014-11-04 07:04:19.453 JST" Interest="1.0" Kind="selection" Navigation="null" OriginId="org.eclipse.jdt.ui.CompilationUnitEditor" StartDate="2014-11-04 07:04:19.453 JST" StructureHandle="=IFM11/src&amp;lt;ifm11.utils{CONS.java[CONS[DB^fname_DB_Backup_Trunk" StructureKind="java"/><InteractionEvent Delta="null" EndDate="2014-11-04 07:04:45.331 JST" Interest="5.0" Kind="edit" Navigation="null" OriginId="org.eclipse.jdt.ui.CompilationUnitEditor" StartDate="2014-11-04 07:04:41.601 JST" StructureHandle="=IFM11/src&amp;lt;ifm11.utils{CONS.java[CONS[DB^tname_IFM11" StructureKind="java" NumEvents="5" CreationCount="889"/><InteractionEvent Delta="null" EndDate="2014-11-04 07:04:41.598 JST" Interest="1.0" Kind="selection" Navigation="null" OriginId="org.eclipse.jdt.ui.CompilationUnitEditor" StartDate="2014-11-04 07:04:41.598 JST" StructureHandle="=IFM11/src&amp;lt;ifm11.utils{CONS.java[CONS[DB^tname_IFM11" StructureKind="java"/><InteractionEvent Delta="null" EndDate="2014-11-04 10:54:00.711 JST" Interest="1.9330001" Kind="manipulation" Navigation="null" OriginId="org.eclipse.mylyn.core.model.interest.decay.correction" StartDate="2014-11-04 10:54:00.711 JST" StructureHandle="/IFM11/src/ifm11/listeners/dialog/DB_OCL.java" StructureKind="resource"/><InteractionEvent Delta="null" EndDate="2014-11-04 10:54:01.472 JST" Interest="7.0" Kind="propagation" Navigation="null" OriginId="org.eclipse.jdt.ui.CompilationUnitEditor" StartDate="2014-11-04 09:12:26.218 JST" StructureHandle="/IFM11/src/ifm11/listeners/dialog/DB_OCL.java" StructureKind="resource" NumEvents="7" CreationCount="2813"/><InteractionEvent Delta="null" EndDate="2014-11-04 11:10:09.370 JST" Interest="680.0" Kind="propagation" Navigation="null" OriginId="org.eclipse.jdt.ui.CompilationUnitEditor" StartDate="2014-11-04 08:51:34.790 JST" StructureHandle="/IFM11/src/ifm11/utils/Methods.java" StructureKind="resource" NumEvents="680" CreationCount="2429"/><InteractionEvent Delta="null" EndDate="2014-11-04 10:54:00.711 JST" Interest="3.4990003" Kind="manipulation" Navigation="null" OriginId="org.eclipse.mylyn.core.model.interest.decay.correction" StartDate="2014-11-04 10:54:00.711 JST" StructureHandle="=IFM11/src&amp;lt;ifm11.listeners.dialog{DB_OCL.java" StructureKind="java"/><InteractionEvent Delta="null" EndDate="2014-11-04 10:54:00.711 JST" Interest="2.0" Kind="selection" Navigation="null" OriginId="org.eclipse.jdt.ui.CompilationUnitEditor" StartDate="2014-11-04 09:12:26.218 JST" StructureHandle="=IFM11/src&amp;lt;ifm11.listeners.dialog{DB_OCL.java" StructureKind="java" NumEvents="2" CreationCount="2813"/><InteractionEvent Delta="null" EndDate="2014-11-04 10:54:01.473 JST" Interest="2.1339993" Kind="propagation" Navigation="org.eclipse.mylyn.core.model.edges.containment" OriginId="org.eclipse.mylyn.core.model.interest.propagation" StartDate="2014-11-04 09:12:26.971 JST" StructureHandle="=IFM11/src&amp;lt;ifm11.listeners.dialog{DB_OCL.java" StructureKind="java" NumEvents="5" CreationCount="2813"/><InteractionEvent Delta="null" EndDate="2014-11-04 11:16:11.750 JST" Interest="15.655" Kind="manipulation" Navigation="null" OriginId="org.eclipse.mylyn.core.model.interest.decay.correction" StartDate="2014-11-04 10:58:38.798 JST" StructureHandle="=IFM11/src&amp;lt;ifm11.main{TNActv.java[TNActv~_do_debug__Pref_FontSize" StructureKind="java" NumEvents="3" CreationCount="2351"/><InteractionEvent Delta="null" EndDate="2014-11-04 11:16:11.750 JST" Interest="6.0" Kind="selection" Navigation="null" OriginId="org.eclipse.jdt.ui.CompilationUnitEditor" StartDate="2014-11-04 08:36:10.632 JST" StructureHandle="=IFM11/src&amp;lt;ifm11.main{TNActv.java[TNActv~_do_debug__Pref_FontSize" StructureKind="java" NumEvents="6" CreationCount="2351"/></InteractionHistory>