<?xml version="1.0" encoding="UTF-8"?><InteractionHistory Id="local-46" Version="1"><InteractionEvent Delta="null" EndDate="2014-09-03 12:01:31.530 JST" Interest="1.0" Kind="selection" Navigation="null" OriginId="org.eclipse.jdt.ui.PackageExplorer" StartDate="2014-09-03 12:01:31.530 JST" StructureHandle="/TA2/res/layout/dlg_tmpl_cancel_lv_with_btn.xml" StructureKind="resource"/><InteractionEvent Delta="null" EndDate="2014-09-03 12:02:11.448 JST" Interest="193.05399" Kind="propagation" Navigation="org.eclipse.mylyn.core.model.edges.containment" OriginId="org.eclipse.mylyn.core.model.interest.propagation" StartDate="2014-09-03 11:24:23.750 JST" StructureHandle="" StructureKind="java" NumEvents="205" CreationCount="1"/><InteractionEvent Delta="null" EndDate="2014-09-03 11:26:03.987 JST" Interest="1.0" Kind="selection" Navigation="null" OriginId="org.eclipse.jdt.ui.PackageExplorer" StartDate="2014-09-03 11:26:03.987 JST" StructureHandle="/TA2/res/drawable-mdpi" StructureKind="resource"/><InteractionEvent Delta="null" EndDate="2014-09-03 11:59:57.156 JST" Interest="47.404" Kind="propagation" Navigation="org.eclipse.mylyn.core.model.edges.containment" OriginId="org.eclipse.mylyn.core.model.interest.propagation" StartDate="2014-09-03 11:26:14.73 JST" StructureHandle="/TA2/res/values" StructureKind="resource" NumEvents="65" CreationCount="5"/><InteractionEvent Delta="null" EndDate="2014-09-03 11:28:04.231 JST" Interest="5.0" Kind="selection" Navigation="null" OriginId="org.eclipse.jdt.ui.PackageExplorer" StartDate="2014-09-03 11:24:30.532 JST" StructureHandle="/TA2/res/values" StructureKind="resource" NumEvents="5" CreationCount="5"/><InteractionEvent Delta="null" EndDate="2014-09-03 11:45:21.669 JST" Interest="1.0" Kind="selection" Navigation="null" OriginId="org.eclipse.ui.views.ContentOutline" StartDate="2014-09-03 11:45:21.669 JST" StructureHandle="=TA2/src&amp;lt;ta2.main{MainActv.java%ta2.main" StructureKind="java"/><InteractionEvent Delta="null" EndDate="2014-09-03 11:28:07.9 JST" Interest="1.0" Kind="selection" Navigation="null" OriginId="org.eclipse.jdt.ui.PackageExplorer" StartDate="2014-09-03 11:28:07.9 JST" StructureHandle="=TA2/src&amp;lt;ta2.main{MemoActv.java" StructureKind="java"/><InteractionEvent Delta="null" EndDate="2014-09-03 12:02:11.448 JST" Interest="193.034" Kind="propagation" Navigation="org.eclipse.mylyn.core.model.edges.containment" OriginId="org.eclipse.mylyn.core.model.interest.propagation" StartDate="2014-09-03 11:28:06.120 JST" StructureHandle="/TA2/src/ta2" StructureKind="resource" NumEvents="195" CreationCount="61"/><InteractionEvent Delta="null" EndDate="2014-09-03 11:48:54.717 JST" Interest="98.9" Kind="propagation" Navigation="org.eclipse.mylyn.core.model.edges.containment" OriginId="org.eclipse.mylyn.core.model.interest.propagation" StartDate="2014-09-03 11:29:57.2 JST" StructureHandle="=TA2/src&amp;lt;ta2.main{PrefActv.java[PrefActv" StructureKind="java" NumEvents="140" CreationCount="105"/><InteractionEvent Delta="null" EndDate="2014-09-03 12:01:26.550 JST" Interest="1.0" Kind="selection" Navigation="null" OriginId="org.eclipse.jdt.ui.PackageExplorer" StartDate="2014-09-03 12:01:26.550 JST" StructureHandle="/TA2/res/layout/list_row_checked_box.xml" StructureKind="resource"/><InteractionEvent Delta="null" EndDate="2014-09-03 11:38:05.364 JST" Interest="7.0" Kind="edit" Navigation="null" OriginId="com.android.ide.eclipse.editors.manifest.ManifestEditor" StartDate="2014-09-03 11:35:19.463 JST" StructureHandle="/TA2/AndroidManifest.xml" StructureKind="resource" NumEvents="7" CreationCount="204"/><InteractionEvent Delta="null" EndDate="2014-09-03 11:38:05.318 JST" Interest="5.0" Kind="selection" Navigation="null" OriginId="com.android.ide.eclipse.editors.manifest.ManifestEditor" StartDate="2014-09-03 11:35:11.53 JST" StructureHandle="/TA2/AndroidManifest.xml" StructureKind="resource" NumEvents="5" CreationCount="204"/><InteractionEvent Delta="null" EndDate="2014-09-03 11:28:07.9 JST" Interest="1.0" Kind="propagation" Navigation="null" OriginId="org.eclipse.jdt.ui.PackageExplorer" StartDate="2014-09-03 11:28:07.9 JST" StructureHandle="/TA2/src/ta2/main/MemoActv.java" StructureKind="resource"/><InteractionEvent Delta="null" EndDate="2014-09-03 11:29:53.871 JST" Interest="1.0" Kind="selection" Navigation="null" OriginId="org.eclipse.ui.views.ContentOutline" StartDate="2014-09-03 11:29:53.871 JST" StructureHandle="=TA2/src&amp;lt;ta2.main{PrefActv.java%ta2.main" StructureKind="java"/><InteractionEvent Delta="null" EndDate="2014-09-03 11:45:28.200 JST" Interest="3.0" Kind="edit" Navigation="null" OriginId="org.eclipse.jdt.ui.CompilationUnitEditor" StartDate="2014-09-03 11:45:27.442 JST" StructureHandle="=TA2/src&amp;lt;ta2.main{MainActv.java[MainActv~_Setup_Listeners" StructureKind="java" NumEvents="3" CreationCount="311"/><InteractionEvent Delta="null" EndDate="2014-09-03 11:45:26.762 JST" Interest="1.0" Kind="selection" Navigation="null" OriginId="org.eclipse.ui.views.ContentOutline" StartDate="2014-09-03 11:45:26.762 JST" StructureHandle="=TA2/src&amp;lt;ta2.main{MainActv.java[MainActv~_Setup_Listeners" StructureKind="java"/><InteractionEvent Delta="null" EndDate="2014-09-03 12:02:11.224 JST" Interest="102.648" Kind="propagation" Navigation="org.eclipse.mylyn.core.model.edges.containment" OriginId="org.eclipse.mylyn.core.model.interest.propagation" StartDate="2014-09-03 11:28:07.10 JST" StructureHandle="=TA2/src&amp;lt;ta2.main" StructureKind="java" NumEvents="148" CreationCount="61"/><InteractionEvent Delta="null" EndDate="2014-09-03 11:28:06.120 JST" Interest="1.0" Kind="selection" Navigation="null" OriginId="org.eclipse.jdt.ui.PackageExplorer" StartDate="2014-09-03 11:28:06.120 JST" StructureHandle="=TA2/src&amp;lt;ta2.main" StructureKind="java"/><InteractionEvent Delta="null" EndDate="2014-09-03 11:45:28.200 JST" Interest="3.1" Kind="propagation" Navigation="org.eclipse.mylyn.core.model.edges.containment" OriginId="org.eclipse.mylyn.core.model.interest.propagation" StartDate="2014-09-03 11:45:26.762 JST" StructureHandle="=TA2/src&amp;lt;ta2.main{MainActv.java[MainActv" StructureKind="java" NumEvents="4" CreationCount="311"/><InteractionEvent Delta="null" EndDate="2014-09-03 11:45:47.353 JST" Interest="1.0339999" Kind="propagation" Navigation="org.eclipse.mylyn.core.model.edges.containment" OriginId="org.eclipse.mylyn.core.model.interest.propagation" StartDate="2014-09-03 11:45:42.566 JST" StructureHandle="=TA2/src&amp;lt;ta2.main{ShowListActv.java[ShowListActv" StructureKind="java" NumEvents="3" CreationCount="318"/><InteractionEvent Delta="null" EndDate="2014-09-03 12:00:29.355 JST" Interest="1.0" Kind="selection" Navigation="null" OriginId="org.eclipse.jdt.ui.CompilationUnitEditor" StartDate="2014-09-03 12:00:29.355 JST" StructureHandle="=TA2/src&amp;lt;ta2.main{PrefActv.java[PrefActv~onDestroy" StructureKind="java"/><InteractionEvent Delta="null" EndDate="2014-09-03 11:35:39.503 JST" Interest="1.0" Kind="prediction" Navigation="null" OriginId="org.eclipse.mylyn.resources.ui.interest.updater" StartDate="2014-09-03 11:35:39.503 JST" StructureHandle="/TA2/bin/AndroidManifest.xml" StructureKind="resource"/><InteractionEvent Delta="null" EndDate="2014-09-03 11:45:47.352 JST" Interest="1.0" Kind="selection" Navigation="null" OriginId="org.eclipse.jdt.ui.CompilationUnitEditor" StartDate="2014-09-03 11:45:47.352 JST" StructureHandle="=TA2/src&amp;lt;ta2.main{ShowListActv.java[ShowListActv~_Setup_Listeners" StructureKind="java"/><InteractionEvent Delta="null" EndDate="2014-09-03 12:02:13.221 JST" Interest="6.0" Kind="prediction" Navigation="null" OriginId="org.eclipse.mylyn.resources.ui.interest.updater" StartDate="2014-09-03 11:28:57.955 JST" StructureHandle="/TA2/bin/TA2.apk" StructureKind="resource" NumEvents="6" CreationCount="84"/><InteractionEvent Delta="null" EndDate="2014-09-03 11:26:41.490 JST" Interest="1.0" Kind="propagation" Navigation="null" OriginId="org.eclipse.mylyn.resources.ui.interest.updater" StartDate="2014-09-03 11:26:41.490 JST" StructureHandle="/TA2/res/values/array.xml" StructureKind="resource"/><InteractionEvent Delta="null" EndDate="2014-09-03 11:29:49.957 JST" Interest="24.0" Kind="edit" Navigation="null" OriginId="com.android.ide.eclipse.editors.CommonXmlEditor" StartDate="2014-09-03 11:26:41.707 JST" StructureHandle="/TA2/res/values/array.xml" StructureKind="resource" NumEvents="24" CreationCount="29"/><InteractionEvent Delta="null" EndDate="2014-09-03 12:02:10.817 JST" Interest="11.0" Kind="selection" Navigation="null" OriginId="com.android.ide.eclipse.editors.CommonXmlEditor" StartDate="2014-09-03 11:26:41.648 JST" StructureHandle="/TA2/res/values/array.xml" StructureKind="resource" NumEvents="11" CreationCount="29"/><InteractionEvent Delta="null" EndDate="2014-09-03 12:02:11.447 JST" Interest="18.0" Kind="edit" Navigation="null" OriginId="org.eclipse.jdt.ui.CompilationUnitEditor" StartDate="2014-09-03 11:49:02.780 JST" StructureHandle="=TA2/src&amp;lt;ta2.main{PrefActv.java[PrefActv~_test" StructureKind="java" NumEvents="18" CreationCount="384"/><InteractionEvent Delta="null" EndDate="2014-09-03 12:01:52.197 JST" Interest="4.0" Kind="selection" Navigation="null" OriginId="org.eclipse.ui.views.ContentOutline" StartDate="2014-09-03 11:48:58.382 JST" StructureHandle="=TA2/src&amp;lt;ta2.main{PrefActv.java[PrefActv~_test" StructureKind="java" NumEvents="4" CreationCount="384"/><InteractionEvent Delta="null" EndDate="2014-09-03 11:48:54.717 JST" Interest="87.614006" Kind="propagation" Navigation="org.eclipse.mylyn.core.model.edges.containment" OriginId="org.eclipse.mylyn.core.model.interest.propagation" StartDate="2014-09-03 11:30:13.804 JST" StructureHandle="=TA2/src&amp;lt;ta2.main{PrefActv.java" StructureKind="java" NumEvents="128" CreationCount="63"/><InteractionEvent Delta="null" EndDate="2014-09-03 12:02:11.223 JST" Interest="16.0" Kind="selection" Navigation="null" OriginId="org.eclipse.jdt.ui.CompilationUnitEditor" StartDate="2014-09-03 11:28:07.903 JST" StructureHandle="=TA2/src&amp;lt;ta2.main{PrefActv.java" StructureKind="java" NumEvents="16" CreationCount="63"/><InteractionEvent Delta="null" EndDate="2014-09-03 11:56:40.429 JST" Interest="32.0" Kind="edit" Navigation="null" OriginId="com.android.ide.eclipse.editors.CommonXmlEditor" StartDate="2014-09-03 11:26:14.72 JST" StructureHandle="/TA2/res/values/strings.xml" StructureKind="resource" NumEvents="32" CreationCount="25"/><InteractionEvent Delta="null" EndDate="2014-09-03 12:02:10.994 JST" Interest="14.0" Kind="selection" Navigation="null" OriginId="com.android.ide.eclipse.editors.CommonXmlEditor" StartDate="2014-09-03 11:26:13.653 JST" StructureHandle="/TA2/res/values/strings.xml" StructureKind="resource" NumEvents="14" CreationCount="25"/><InteractionEvent Delta="null" EndDate="2014-09-03 12:04:26.912 JST" Interest="66.317" Kind="propagation" Navigation="org.eclipse.mylyn.core.model.edges.containment" OriginId="org.eclipse.mylyn.core.model.interest.propagation" StartDate="2014-09-03 11:24:32.246 JST" StructureHandle="/TA2/res/xml" StructureKind="resource" NumEvents="91" CreationCount="6"/><InteractionEvent Delta="null" EndDate="2014-09-03 11:26:05.828 JST" Interest="3.0" Kind="selection" Navigation="null" OriginId="org.eclipse.jdt.ui.PackageExplorer" StartDate="2014-09-03 11:24:31.265 JST" StructureHandle="/TA2/res/xml" StructureKind="resource" NumEvents="3" CreationCount="6"/><InteractionEvent Delta="null" EndDate="2014-09-03 12:04:26.912 JST" Interest="477.0" Kind="propagation" Navigation="org.eclipse.mylyn.core.model.edges.containment" OriginId="org.eclipse.mylyn.core.model.interest.propagation" StartDate="2014-09-03 11:24:23.750 JST" StructureHandle="/" StructureKind="resource" NumEvents="477" CreationCount="1"/><InteractionEvent Delta="null" EndDate="2014-09-03 12:01:52.346 JST" Interest="6.0" Kind="selection" Navigation="null" OriginId="org.eclipse.jdt.ui.PackageExplorer" StartDate="2014-09-03 12:01:35.848 JST" StructureHandle="/TA2/res/layout/dlg_tmpl_cancel_lv.xml" StructureKind="resource" NumEvents="6" CreationCount="442"/><InteractionEvent Delta="null" EndDate="2014-09-03 11:35:39.503 JST" Interest="3.1590002" Kind="propagation" Navigation="org.eclipse.mylyn.core.model.edges.containment" OriginId="org.eclipse.mylyn.core.model.interest.propagation" StartDate="2014-09-03 11:28:57.955 JST" StructureHandle="/TA2/bin" StructureKind="resource" NumEvents="2" CreationCount="84"/><InteractionEvent Delta="null" EndDate="2014-09-03 11:45:39.181 JST" Interest="2.0" Kind="selection" Navigation="null" OriginId="org.eclipse.jdt.ui.CompilationUnitEditor" StartDate="2014-09-03 11:45:38.989 JST" StructureHandle="=TA2/src&amp;lt;ta2.main{ShowListActv.java" StructureKind="java" NumEvents="2" CreationCount="316"/><InteractionEvent Delta="null" EndDate="2014-09-03 11:34:15.319 JST" Interest="1.0" Kind="selection" Navigation="null" OriginId="org.eclipse.jdt.ui.PackageExplorer" StartDate="2014-09-03 11:34:15.319 JST" StructureHandle="=TA2/gen" StructureKind="java"/><InteractionEvent Delta="null" EndDate="2014-09-03 12:02:11.448 JST" Interest="193.034" Kind="propagation" Navigation="null" OriginId="org.eclipse.jdt.ui.CompilationUnitEditor" StartDate="2014-09-03 11:28:06.120 JST" StructureHandle="/TA2/src/ta2/main" StructureKind="resource" NumEvents="195" CreationCount="61"/><InteractionEvent Delta="null" EndDate="2014-09-03 12:02:11.448 JST" Interest="192.051" Kind="propagation" Navigation="org.eclipse.mylyn.core.model.edges.containment" OriginId="org.eclipse.mylyn.core.model.interest.propagation" StartDate="2014-09-03 11:28:04.357 JST" StructureHandle="/TA2/src" StructureKind="resource" NumEvents="196" CreationCount="60"/><InteractionEvent Delta="null" EndDate="2014-09-03 12:01:52.346 JST" Interest="5.0509996" Kind="propagation" Navigation="org.eclipse.mylyn.core.model.edges.containment" OriginId="org.eclipse.mylyn.core.model.interest.propagation" StartDate="2014-09-03 12:01:26.550 JST" StructureHandle="/TA2/res/layout" StructureKind="resource" NumEvents="8" CreationCount="439"/><InteractionEvent Delta="null" EndDate="2014-09-03 12:01:24.130 JST" Interest="1.0" Kind="selection" Navigation="null" OriginId="org.eclipse.jdt.ui.PackageExplorer" StartDate="2014-09-03 12:01:24.130 JST" StructureHandle="/TA2/res/layout" StructureKind="resource"/><InteractionEvent Delta="null" EndDate="2014-09-03 12:02:11.448 JST" Interest="193.05399" Kind="propagation" Navigation="org.eclipse.mylyn.core.model.edges.containment" OriginId="org.eclipse.mylyn.core.model.interest.propagation" StartDate="2014-09-03 11:24:23.750 JST" StructureHandle="=TA2" StructureKind="resource" NumEvents="205" CreationCount="1"/><InteractionEvent Delta="null" EndDate="2014-09-03 12:02:11.447 JST" Interest="180.0" Kind="propagation" Navigation="null" OriginId="org.eclipse.jdt.ui.CompilationUnitEditor" StartDate="2014-09-03 11:28:07.904 JST" StructureHandle="/TA2/src/ta2/main/PrefActv.java" StructureKind="resource" NumEvents="180" CreationCount="63"/><InteractionEvent Delta="null" EndDate="2014-09-03 11:45:44.623 JST" Interest="1.0" Kind="selection" Navigation="null" OriginId="org.eclipse.jdt.ui.CompilationUnitEditor" StartDate="2014-09-03 11:45:44.623 JST" StructureHandle="=TA2/src&amp;lt;ta2.main{ShowListActv.java[ShowListActv~_Setup_Adapter" StructureKind="java"/><InteractionEvent Delta="null" EndDate="2014-09-03 11:24:29.858 JST" Interest="1.0" Kind="selection" Navigation="null" OriginId="org.eclipse.jdt.ui.PackageExplorer" StartDate="2014-09-03 11:24:29.858 JST" StructureHandle="/TA2/res/raw" StructureKind="resource"/><InteractionEvent Delta="null" EndDate="2014-09-03 11:45:47.353 JST" Interest="5.0" Kind="propagation" Navigation="null" OriginId="org.eclipse.jdt.ui.CompilationUnitEditor" StartDate="2014-09-03 11:45:38.989 JST" StructureHandle="/TA2/src/ta2/main/ShowListActv.java" StructureKind="resource" NumEvents="5" CreationCount="316"/><InteractionEvent Delta="null" EndDate="2014-09-03 12:00:01.414 JST" Interest="4.0" Kind="prediction" Navigation="null" OriginId="org.eclipse.mylyn.resources.ui.interest.updater" StartDate="2014-09-03 11:28:57.955 JST" StructureHandle="/TA2/bin/classes.dex" StructureKind="resource" NumEvents="4" CreationCount="84"/><InteractionEvent Delta="null" EndDate="2014-09-03 11:45:28.201 JST" Interest="1.1509998" Kind="propagation" Navigation="org.eclipse.mylyn.core.model.edges.containment" OriginId="org.eclipse.mylyn.core.model.interest.propagation" StartDate="2014-09-03 11:45:27.468 JST" StructureHandle="=TA2/src&amp;lt;ta2.main{MainActv.java" StructureKind="java" NumEvents="2" CreationCount="308"/><InteractionEvent Delta="null" EndDate="2014-09-03 11:45:38.876 JST" Interest="3.0" Kind="selection" Navigation="null" OriginId="org.eclipse.jdt.ui.PackageExplorer" StartDate="2014-09-03 11:45:19.555 JST" StructureHandle="=TA2/src&amp;lt;ta2.main{MainActv.java" StructureKind="java" NumEvents="3" CreationCount="308"/><InteractionEvent Delta="null" EndDate="2014-09-03 12:04:26.912 JST" Interest="66.402" Kind="propagation" Navigation="org.eclipse.mylyn.core.model.edges.containment" OriginId="org.eclipse.mylyn.core.model.interest.propagation" StartDate="2014-09-03 11:24:34.591 JST" StructureHandle="/TA2/res" StructureKind="resource" NumEvents="92" CreationCount="1"/><InteractionEvent Delta="null" EndDate="2014-09-03 11:24:27.771 JST" Interest="3.0" Kind="selection" Navigation="null" OriginId="org.eclipse.jdt.ui.PackageExplorer" StartDate="2014-09-03 11:24:23.750 JST" StructureHandle="/TA2/res" StructureKind="resource" NumEvents="3" CreationCount="1"/><InteractionEvent Delta="null" EndDate="2014-09-03 11:35:06.599 JST" Interest="1.2780001" Kind="manipulation" Navigation="null" OriginId="org.eclipse.mylyn.core.model.interest.decay.correction" StartDate="2014-09-03 11:35:06.599 JST" StructureHandle="/TA2/res/drawable-xhdpi" StructureKind="resource"/><InteractionEvent Delta="null" EndDate="2014-09-03 11:35:06.599 JST" Interest="2.0" Kind="selection" Navigation="null" OriginId="org.eclipse.jdt.ui.PackageExplorer" StartDate="2014-09-03 11:28:17.927 JST" StructureHandle="/TA2/res/drawable-xhdpi" StructureKind="resource" NumEvents="2" CreationCount="68"/><InteractionEvent Delta="null" EndDate="2014-09-03 11:48:54.717 JST" Interest="137.0" Kind="edit" Navigation="null" OriginId="org.eclipse.jdt.ui.CompilationUnitEditor" StartDate="2014-09-03 11:29:57.707 JST" StructureHandle="=TA2/src&amp;lt;ta2.main{PrefActv.java[PrefActv~_Setup_FontSize" StructureKind="java" NumEvents="137" CreationCount="105"/><InteractionEvent Delta="null" EndDate="2014-09-03 11:45:51.89 JST" Interest="3.0" Kind="selection" Navigation="null" OriginId="org.eclipse.jdt.ui.CompilationUnitEditor" StartDate="2014-09-03 11:29:57.2 JST" StructureHandle="=TA2/src&amp;lt;ta2.main{PrefActv.java[PrefActv~_Setup_FontSize" StructureKind="java" NumEvents="3" CreationCount="105"/><InteractionEvent Delta="null" EndDate="2014-09-03 11:59:57.155 JST" Interest="54.0" Kind="edit" Navigation="null" OriginId="com.android.ide.eclipse.editors.CommonXmlEditor" StartDate="2014-09-03 11:35:47.686 JST" StructureHandle="/TA2/res/values/styles.xml" StructureKind="resource" NumEvents="54" CreationCount="217"/><InteractionEvent Delta="null" EndDate="2014-09-03 11:59:24.310 JST" Interest="11.0" Kind="selection" Navigation="null" OriginId="com.android.ide.eclipse.editors.CommonXmlEditor" StartDate="2014-09-03 11:35:47.416 JST" StructureHandle="/TA2/res/values/styles.xml" StructureKind="resource" NumEvents="11" CreationCount="217"/><InteractionEvent Delta="null" EndDate="2014-09-03 12:04:26.912 JST" Interest="477.0" Kind="propagation" Navigation="null" OriginId="com.android.ide.eclipse.editors.CommonXmlEditor" StartDate="2014-09-03 11:24:23.750 JST" StructureHandle="/TA2" StructureKind="resource" NumEvents="477" CreationCount="1"/><InteractionEvent Delta="null" EndDate="2014-09-03 11:34:15.319 JST" Interest="1.0" Kind="propagation" Navigation="null" OriginId="org.eclipse.jdt.ui.PackageExplorer" StartDate="2014-09-03 11:34:15.319 JST" StructureHandle="/TA2/gen" StructureKind="resource"/><InteractionEvent Delta="null" EndDate="2014-09-03 11:45:38.877 JST" Interest="8.0" Kind="propagation" Navigation="null" OriginId="org.eclipse.jdt.ui.PackageExplorer" StartDate="2014-09-03 11:45:19.555 JST" StructureHandle="/TA2/src/ta2/main/MainActv.java" StructureKind="resource" NumEvents="8" CreationCount="308"/><InteractionEvent Delta="null" EndDate="2014-09-03 12:02:11.448 JST" Interest="102.66501" Kind="propagation" Navigation="org.eclipse.mylyn.core.model.edges.containment" OriginId="org.eclipse.mylyn.core.model.interest.propagation" StartDate="2014-09-03 11:28:06.121 JST" StructureHandle="=TA2/src" StructureKind="java" NumEvents="152" CreationCount="60"/><InteractionEvent Delta="null" EndDate="2014-09-03 11:28:04.356 JST" Interest="1.0" Kind="selection" Navigation="null" OriginId="org.eclipse.jdt.ui.PackageExplorer" StartDate="2014-09-03 11:28:04.356 JST" StructureHandle="=TA2/src" StructureKind="java"/><InteractionEvent Delta="null" EndDate="2014-09-03 11:45:42.565 JST" Interest="1.0" Kind="selection" Navigation="null" OriginId="org.eclipse.jdt.ui.CompilationUnitEditor" StartDate="2014-09-03 11:45:42.565 JST" StructureHandle="=TA2/src&amp;lt;ta2.main{ShowListActv.java[ShowListActv~onStart" StructureKind="java"/><InteractionEvent Delta="null" EndDate="2014-09-03 12:02:13.221 JST" Interest="6.0" Kind="prediction" Navigation="null" OriginId="org.eclipse.mylyn.resources.ui.interest.updater" StartDate="2014-09-03 11:28:57.955 JST" StructureHandle="/TA2/bin/resources.ap_" StructureKind="resource" NumEvents="6" CreationCount="84"/><InteractionEvent Delta="null" EndDate="2014-09-03 12:04:26.911 JST" Interest="79.0" Kind="edit" Navigation="null" OriginId="com.android.ide.eclipse.editors.CommonXmlEditor" StartDate="2014-09-03 11:24:32.538 JST" StructureHandle="/TA2/res/xml/pref_main.xml" StructureKind="resource" NumEvents="79" CreationCount="7"/><InteractionEvent Delta="null" EndDate="2014-09-03 12:02:22.662 JST" Interest="14.0" Kind="selection" Navigation="null" OriginId="com.android.ide.eclipse.editors.CommonXmlEditor" StartDate="2014-09-03 11:24:32.246 JST" StructureHandle="/TA2/res/xml/pref_main.xml" StructureKind="resource" NumEvents="14" CreationCount="7"/></InteractionHistory>