<?xml version="1.0" encoding="UTF-8"?><InteractionHistory Id="local-60" Version="1"><InteractionEvent Delta="null" EndDate="2014-09-12 08:37:46.646 JST" Interest="900.918" Kind="propagation" Navigation="org.eclipse.mylyn.core.model.edges.containment" OriginId="org.eclipse.mylyn.core.model.interest.propagation" StartDate="2014-09-11 09:36:44.795 JST" StructureHandle="" StructureKind="java" NumEvents="915" CreationCount="1"/><InteractionEvent Delta="null" EndDate="2014-09-12 08:08:46.657 JST" Interest="1.0" Kind="propagation" Navigation="null" OriginId="org.eclipse.mylyn.resources.ui.interest.updater" StartDate="2014-09-12 08:08:46.657 JST" StructureHandle="/TA2/bin/dexedLibs/commons-lang-2.6-986548f769e99989e5ff8b3dec32ef6a.jar" StructureKind="resource"/><InteractionEvent Delta="null" EndDate="2014-09-11 09:38:42.184 JST" Interest="4.451" Kind="propagation" Navigation="org.eclipse.mylyn.core.model.edges.containment" OriginId="org.eclipse.mylyn.core.model.interest.propagation" StartDate="2014-09-11 09:38:17.888 JST" StructureHandle="=IFM11/src&amp;lt;ifm11.utils{Methods_dlg.java[Methods_dlg" StructureKind="java" NumEvents="9" CreationCount="31"/><InteractionEvent Delta="null" EndDate="2014-09-11 09:52:38.142 JST" Interest="5.318" Kind="propagation" Navigation="org.eclipse.mylyn.core.model.edges.containment" OriginId="org.eclipse.mylyn.core.model.interest.propagation" StartDate="2014-09-11 09:40:44.412 JST" StructureHandle="=TA2/gen&amp;lt;ta2.main" StructureKind="java" NumEvents="4" CreationCount="85"/><InteractionEvent Delta="null" EndDate="2014-09-11 10:00:11.960 JST" Interest="3.0" Kind="edit" Navigation="null" OriginId="org.eclipse.jdt.ui.CompilationUnitEditor" StartDate="2014-09-11 10:00:11.180 JST" StructureHandle="=TA2/src&amp;lt;ta2.utils{DBUtils.java[DBUtils~find_All_WP_symbols~QActivity;" StructureKind="java" NumEvents="3" CreationCount="471"/><InteractionEvent Delta="null" EndDate="2014-09-11 09:59:54.639 JST" Interest="1.0" Kind="selection" Navigation="null" OriginId="org.eclipse.ui.views.ContentOutline" StartDate="2014-09-11 09:59:54.639 JST" StructureHandle="=TA2/src&amp;lt;ta2.utils{DBUtils.java[DBUtils~find_All_WP_symbols~QActivity;" StructureKind="java"/><InteractionEvent Delta="null" EndDate="2014-09-12 08:26:52.249 JST" Interest="421.0" Kind="propagation" Navigation="null" OriginId="org.eclipse.jdt.ui.CompilationUnitEditor" StartDate="2014-09-11 09:41:11.415 JST" StructureHandle="/TA2/src/ta2/utils/DBUtils.java" StructureKind="resource" NumEvents="421" CreationCount="2"/><InteractionEvent Delta="null" EndDate="2014-09-11 09:56:28.864 JST" Interest="6.4800005" Kind="manipulation" Navigation="null" OriginId="org.eclipse.mylyn.core.model.interest.decay.correction" StartDate="2014-09-11 09:56:28.864 JST" StructureHandle="/TA2/src/ta2/utils/DBUtils.java" StructureKind="resource"/><InteractionEvent Delta="null" EndDate="2014-09-12 08:37:46.645 JST" Interest="790.01697" Kind="propagation" Navigation="null" OriginId="org.eclipse.jdt.ui.CompilationUnitEditor" StartDate="2014-09-11 09:39:21.625 JST" StructureHandle="/TA2/src/ta2/utils" StructureKind="resource" NumEvents="791" CreationCount="54"/><InteractionEvent Delta="null" EndDate="2014-09-12 08:37:46.645 JST" Interest="789.05096" Kind="propagation" Navigation="org.eclipse.mylyn.core.model.edges.containment" OriginId="org.eclipse.mylyn.core.model.interest.propagation" StartDate="2014-09-11 09:39:20.50 JST" StructureHandle="/TA2/src/ta2" StructureKind="resource" NumEvents="793" CreationCount="52"/><InteractionEvent Delta="null" EndDate="2014-09-11 09:49:32.6 JST" Interest="5.0" Kind="edit" Navigation="null" OriginId="org.eclipse.jdt.ui.CompilationUnitEditor" StartDate="2014-09-11 09:49:28.410 JST" StructureHandle="=TA2/src&amp;lt;ta2.utils{Methods_dlg.java[Methods_dlg~conf_CreateTable_Patterns~QActivity;~QDialog;~QDialog;" StructureKind="java" NumEvents="5" CreationCount="222"/><InteractionEvent Delta="null" EndDate="2014-09-12 08:06:27.259 JST" Interest="4.0" Kind="selection" Navigation="null" OriginId="org.eclipse.jdt.ui.CompilationUnitEditor" StartDate="2014-09-11 09:49:28.397 JST" StructureHandle="=TA2/src&amp;lt;ta2.utils{Methods_dlg.java[Methods_dlg~conf_CreateTable_Patterns~QActivity;~QDialog;~QDialog;" StructureKind="java" NumEvents="4" CreationCount="5"/><InteractionEvent Delta="null" EndDate="2014-09-12 08:06:19.248 JST" Interest="7.094001" Kind="manipulation" Navigation="null" OriginId="org.eclipse.mylyn.core.model.interest.decay.correction" StartDate="2014-09-12 08:06:19.248 JST" StructureHandle="=TA2/src&amp;lt;ta2.utils{Methods_dlg.java[Methods_dlg~conf_CreateTable_Patterns~QActivity;~QDialog;~QDialog;" StructureKind="java"/><InteractionEvent Delta="null" EndDate="2014-09-11 09:50:27.387 JST" Interest="10.0" Kind="selection" Navigation="null" OriginId="org.eclipse.jdt.ui.CompilationUnitEditor" StartDate="2014-09-11 09:39:22.554 JST" StructureHandle="=TA2/src&amp;lt;ta2.utils{Tags.java" StructureKind="java" NumEvents="10" CreationCount="55"/><InteractionEvent Delta="null" EndDate="2014-09-11 09:50:45.464 JST" Interest="1.0" Kind="selection" Navigation="null" OriginId="org.eclipse.jdt.ui.CompilationUnitEditor" StartDate="2014-09-11 09:50:45.464 JST" StructureHandle="=TA2/src&amp;lt;ta2.utils{Tags.java[Tags[DialogTags^dlg_register_patterns_register" StructureKind="java"/><InteractionEvent Delta="null" EndDate="2014-09-11 09:40:44.411 JST" Interest="1.0" Kind="propagation" Navigation="null" OriginId="org.eclipse.mylyn.resources.ui.interest.updater" StartDate="2014-09-11 09:40:44.411 JST" StructureHandle="/TA2/bin/res" StructureKind="resource"/><InteractionEvent Delta="null" EndDate="2014-09-12 08:30:41.273 JST" Interest="4.0" Kind="prediction" Navigation="null" OriginId="org.eclipse.mylyn.resources.ui.interest.updater" StartDate="2014-09-12 08:18:29.17 JST" StructureHandle="/TA2/bin/TA2.apk" StructureKind="resource" NumEvents="4" CreationCount="776"/><InteractionEvent Delta="null" EndDate="2014-09-11 09:39:27.856 JST" Interest="22.0" Kind="edit" Navigation="null" OriginId="com.android.ide.eclipse.editors.CommonXmlEditor" StartDate="2014-09-11 09:37:23.751 JST" StructureHandle="/IFM11/res/values/strings.xml" StructureKind="resource" NumEvents="22" CreationCount="7"/><InteractionEvent Delta="null" EndDate="2014-09-11 09:39:27.799 JST" Interest="6.0" Kind="selection" Navigation="null" OriginId="com.android.ide.eclipse.editors.CommonXmlEditor" StartDate="2014-09-11 09:37:21.658 JST" StructureHandle="/IFM11/res/values/strings.xml" StructureKind="resource" NumEvents="6" CreationCount="7"/><InteractionEvent Delta="null" EndDate="2014-09-12 08:16:49.564 JST" Interest="111.017" Kind="propagation" Navigation="null" OriginId="org.eclipse.jdt.ui.CompilationUnitEditor" StartDate="2014-09-11 09:48:23.153 JST" StructureHandle="/TA2/src/ta2/listeners/dialog" StructureKind="resource" NumEvents="112" CreationCount="186"/><InteractionEvent Delta="null" EndDate="2014-09-11 09:38:42.183 JST" Interest="2.0" Kind="edit" Navigation="null" OriginId="org.eclipse.jdt.ui.CompilationUnitEditor" StartDate="2014-09-11 09:38:41.456 JST" StructureHandle="=IFM11/src&amp;lt;ifm11.utils{Methods_dlg.java[Methods_dlg~dlg_Db_Actv~QActivity;" StructureKind="java" NumEvents="2" CreationCount="34"/><InteractionEvent Delta="null" EndDate="2014-09-11 09:38:40.963 JST" Interest="3.0" Kind="selection" Navigation="null" OriginId="org.eclipse.jdt.ui.CompilationUnitEditor" StartDate="2014-09-11 09:38:40.827 JST" StructureHandle="=IFM11/src&amp;lt;ifm11.utils{Methods_dlg.java[Methods_dlg~dlg_Db_Actv~QActivity;" StructureKind="java" NumEvents="3" CreationCount="34"/><InteractionEvent Delta="null" EndDate="2014-09-12 08:08:46.657 JST" Interest="1.0" Kind="propagation" Navigation="org.eclipse.mylyn.core.model.edges.containment" OriginId="org.eclipse.mylyn.core.model.interest.propagation" StartDate="2014-09-12 08:08:46.657 JST" StructureHandle="/TA2/bin/dexedLibs" StructureKind="resource"/><InteractionEvent Delta="null" EndDate="2014-09-12 08:26:26.472 JST" Interest="9.0" Kind="selection" Navigation="null" OriginId="org.eclipse.jdt.ui.CompilationUnitEditor" StartDate="2014-09-11 09:41:11.414 JST" StructureHandle="=TA2/src&amp;lt;ta2.utils{DBUtils.java" StructureKind="java" NumEvents="9" CreationCount="54"/><InteractionEvent Delta="null" EndDate="2014-09-12 08:26:52.249 JST" Interest="167.43399" Kind="propagation" Navigation="org.eclipse.mylyn.core.model.edges.containment" OriginId="org.eclipse.mylyn.core.model.interest.propagation" StartDate="2014-09-11 09:56:30.516 JST" StructureHandle="=TA2/src&amp;lt;ta2.utils{DBUtils.java" StructureKind="java" NumEvents="243" CreationCount="54"/><InteractionEvent Delta="null" EndDate="2014-09-11 09:56:28.864 JST" Interest="5.5790005" Kind="manipulation" Navigation="null" OriginId="org.eclipse.mylyn.core.model.interest.decay.correction" StartDate="2014-09-11 09:56:28.864 JST" StructureHandle="=TA2/src&amp;lt;ta2.utils{DBUtils.java" StructureKind="java"/><InteractionEvent Delta="null" EndDate="2014-09-11 09:39:02.543 JST" Interest="1.0" Kind="selection" Navigation="null" OriginId="org.eclipse.jdt.ui.PackageExplorer" StartDate="2014-09-11 09:39:02.543 JST" StructureHandle="=IFM11" StructureKind="java"/><InteractionEvent Delta="null" EndDate="2014-09-11 09:39:27.857 JST" Interest="20.501999" Kind="propagation" Navigation="org.eclipse.mylyn.core.model.edges.containment" OriginId="org.eclipse.mylyn.core.model.interest.propagation" StartDate="2014-09-11 09:36:44.794 JST" StructureHandle="=IFM11" StructureKind="java" NumEvents="31" CreationCount="1"/><InteractionEvent Delta="null" EndDate="2014-09-11 09:50:47.646 JST" Interest="2.0" Kind="selection" Navigation="null" OriginId="org.eclipse.jdt.ui.CompilationUnitEditor" StartDate="2014-09-11 09:50:41.360 JST" StructureHandle="=TA2/src&amp;lt;ta2.utils{Tags.java[Tags[DialogTags" StructureKind="java" NumEvents="2" CreationCount="265"/><InteractionEvent Delta="null" EndDate="2014-09-11 09:50:40.408 JST" Interest="1.7340001" Kind="propagation" Navigation="org.eclipse.mylyn.core.model.edges.containment" OriginId="org.eclipse.mylyn.core.model.interest.propagation" StartDate="2014-09-11 09:50:28.570 JST" StructureHandle="=TA2/src&amp;lt;ta2.utils{Tags.java[Tags[DialogTags" StructureKind="java" NumEvents="4" CreationCount="265"/><InteractionEvent Delta="null" EndDate="2014-09-11 09:52:47.728 JST" Interest="32.0" Kind="edit" Navigation="null" OriginId="com.android.ide.eclipse.editors.CommonXmlEditor" StartDate="2014-09-11 09:39:35.502 JST" StructureHandle="/TA2/res/values/strings.xml" StructureKind="resource" NumEvents="32" CreationCount="63"/><InteractionEvent Delta="null" EndDate="2014-09-11 09:52:47.665 JST" Interest="7.0" Kind="selection" Navigation="null" OriginId="com.android.ide.eclipse.editors.CommonXmlEditor" StartDate="2014-09-11 09:39:35.51 JST" StructureHandle="/TA2/res/values/strings.xml" StructureKind="resource" NumEvents="7" CreationCount="63"/><InteractionEvent Delta="null" EndDate="2014-09-12 08:26:53.785 JST" Interest="12.0" Kind="selection" Navigation="null" OriginId="org.eclipse.jdt.ui.CompilationUnitEditor" StartDate="2014-09-11 09:41:54.711 JST" StructureHandle="=TA2/src&amp;lt;ta2.utils{Methods.java" StructureKind="java" NumEvents="12" CreationCount="56"/><InteractionEvent Delta="null" EndDate="2014-09-12 08:37:46.645 JST" Interest="76.321" Kind="propagation" Navigation="org.eclipse.mylyn.core.model.edges.containment" OriginId="org.eclipse.mylyn.core.model.interest.propagation" StartDate="2014-09-11 09:55:06.352 JST" StructureHandle="=TA2/src&amp;lt;ta2.utils{Methods.java" StructureKind="java" NumEvents="113" CreationCount="56"/><InteractionEvent Delta="null" EndDate="2014-09-11 09:54:38.612 JST" Interest="4.933" Kind="manipulation" Navigation="null" OriginId="org.eclipse.mylyn.core.model.interest.decay.correction" StartDate="2014-09-11 09:54:38.612 JST" StructureHandle="=TA2/src&amp;lt;ta2.utils{Methods.java" StructureKind="java"/><InteractionEvent Delta="null" EndDate="2014-09-12 08:16:35.847 JST" Interest="180.0" Kind="propagation" Navigation="null" OriginId="org.eclipse.jdt.ui.CompilationUnitEditor" StartDate="2014-09-11 09:46:09.615 JST" StructureHandle="/TA2/src/ta2/utils/Methods_dlg.java" StructureKind="resource" NumEvents="180" CreationCount="116"/><InteractionEvent Delta="null" EndDate="2014-09-12 08:37:46.646 JST" Interest="1030.0" Kind="propagation" Navigation="null" OriginId="org.eclipse.jdt.ui.CompilationUnitEditor" StartDate="2014-09-11 09:36:44.795 JST" StructureHandle="/" StructureKind="resource" NumEvents="1030" CreationCount="1"/><InteractionEvent Delta="null" EndDate="2014-09-11 09:37:10.766 JST" Interest="1.0" Kind="selection" Navigation="null" OriginId="org.eclipse.jdt.ui.PackageExplorer" StartDate="2014-09-11 09:37:10.766 JST" StructureHandle="=IFM11/src&amp;lt;ifm11.listeners.dialog" StructureKind="java"/><InteractionEvent Delta="null" EndDate="2014-09-11 09:52:56.881 JST" Interest="4.0" Kind="selection" Navigation="null" OriginId="org.eclipse.jdt.ui.CompilationUnitEditor" StartDate="2014-09-11 09:52:44.941 JST" StructureHandle="=TA2/src&amp;lt;ta2.listeners.dialog{DB_OTL.java" StructureKind="java" NumEvents="4" CreationCount="342"/><InteractionEvent Delta="null" EndDate="2014-09-11 09:53:15.284 JST" Interest="4.9209986" Kind="propagation" Navigation="org.eclipse.mylyn.core.model.edges.containment" OriginId="org.eclipse.mylyn.core.model.interest.propagation" StartDate="2014-09-11 09:53:06.720 JST" StructureHandle="=TA2/src&amp;lt;ta2.listeners.dialog{DB_OTL.java" StructureKind="java" NumEvents="8" CreationCount="342"/><InteractionEvent Delta="null" EndDate="2014-09-11 09:37:10.767 JST" Interest="1.0" Kind="propagation" Navigation="null" OriginId="org.eclipse.jdt.ui.PackageExplorer" StartDate="2014-09-11 09:37:10.767 JST" StructureHandle="/IFM11/src/ifm11/listeners/dialog" StructureKind="resource"/><InteractionEvent Delta="null" EndDate="2014-09-12 08:08:46.656 JST" Interest="1.0" Kind="propagation" Navigation="null" OriginId="org.eclipse.mylyn.resources.ui.interest.updater" StartDate="2014-09-12 08:08:46.656 JST" StructureHandle="/TA2/bin/dexedLibs/android-support-v4-2c6d411d00e9f139482cae35f246af4c.jar" StructureKind="resource"/><InteractionEvent Delta="null" EndDate="2014-09-11 09:38:24.335 JST" Interest="1.0" Kind="selection" Navigation="null" OriginId="org.eclipse.ui.views.ContentOutline" StartDate="2014-09-11 09:38:24.335 JST" StructureHandle="=IFM11/src&amp;lt;ifm11.utils{Methods_dlg.java[Methods_dlg~dlg_OptMenu_MainActv_Others~QActivity;" StructureKind="java"/><InteractionEvent Delta="null" EndDate="2014-09-11 09:39:21.93 JST" Interest="1.0" Kind="propagation" Navigation="null" OriginId="org.eclipse.jdt.ui.PackageExplorer" StartDate="2014-09-11 09:39:21.93 JST" StructureHandle="/TA2/src/ta2/tasks" StructureKind="resource"/><InteractionEvent Delta="null" EndDate="2014-09-12 08:30:41.274 JST" Interest="15.305001" Kind="propagation" Navigation="org.eclipse.mylyn.core.model.edges.containment" OriginId="org.eclipse.mylyn.core.model.interest.propagation" StartDate="2014-09-11 09:40:44.414 JST" StructureHandle="/TA2/bin" StructureKind="resource" NumEvents="4" CreationCount="111"/><InteractionEvent Delta="null" EndDate="2014-09-12 08:16:30.974 JST" Interest="12.0" Kind="selection" Navigation="null" OriginId="org.eclipse.jdt.ui.CompilationUnitEditor" StartDate="2014-09-11 09:46:09.615 JST" StructureHandle="=TA2/src&amp;lt;ta2.utils{Methods_dlg.java" StructureKind="java" NumEvents="12" CreationCount="116"/><InteractionEvent Delta="null" EndDate="2014-09-12 08:07:38.318 JST" Interest="52.955" Kind="propagation" Navigation="org.eclipse.mylyn.core.model.edges.containment" OriginId="org.eclipse.mylyn.core.model.interest.propagation" StartDate="2014-09-11 09:46:12.807 JST" StructureHandle="=TA2/src&amp;lt;ta2.utils{Methods_dlg.java" StructureKind="java" NumEvents="77" CreationCount="116"/><InteractionEvent Delta="null" EndDate="2014-09-12 08:16:54.738 JST" Interest="4.0" Kind="selection" Navigation="null" OriginId="org.eclipse.jdt.ui.CompilationUnitEditor" StartDate="2014-09-12 08:04:28.142 JST" StructureHandle="=TA2/src&amp;lt;ta2.utils{Methods.java[Methods~ftp_Remote_DB~QActivity;" StructureKind="java" NumEvents="4" CreationCount="685"/><InteractionEvent Delta="null" EndDate="2014-09-11 09:53:22.429 JST" Interest="1.0" Kind="selection" Navigation="null" OriginId="org.eclipse.jdt.ui.CompilationUnitEditor" StartDate="2014-09-11 09:53:22.429 JST" StructureHandle="=TA2/src&amp;lt;ta2.listeners.dialog{DB_OCL.java[DB_OCL~DB_OCL~QActivity;~QDialog;~QDialog;" StructureKind="java"/><InteractionEvent Delta="null" EndDate="2014-09-11 09:50:43.341 JST" Interest="1.0" Kind="selection" Navigation="null" OriginId="org.eclipse.jdt.ui.CompilationUnitEditor" StartDate="2014-09-11 09:50:43.341 JST" StructureHandle="=TA2/src&amp;lt;ta2.utils{Tags.java[Tags[ListTags" StructureKind="java"/><InteractionEvent Delta="null" EndDate="2014-09-11 10:17:37.345 JST" Interest="6.0" Kind="edit" Navigation="null" OriginId="org.eclipse.jdt.ui.CompilationUnitEditor" StartDate="2014-09-11 10:05:07.724 JST" StructureHandle="=TA2/src&amp;lt;ta2.utils{DBUtils.java[DBUtils" StructureKind="java" NumEvents="6" CreationCount="443"/><InteractionEvent Delta="null" EndDate="2014-09-11 10:17:34.169 JST" Interest="4.0" Kind="selection" Navigation="null" OriginId="org.eclipse.jdt.ui.CompilationUnitEditor" StartDate="2014-09-11 10:05:00.754 JST" StructureHandle="=TA2/src&amp;lt;ta2.utils{DBUtils.java[DBUtils" StructureKind="java" NumEvents="4" CreationCount="443"/><InteractionEvent Delta="null" EndDate="2014-09-12 08:26:52.248 JST" Interest="167.2" Kind="propagation" Navigation="org.eclipse.mylyn.core.model.edges.containment" OriginId="org.eclipse.mylyn.core.model.interest.propagation" StartDate="2014-09-11 09:56:30.515 JST" StructureHandle="=TA2/src&amp;lt;ta2.utils{DBUtils.java[DBUtils" StructureKind="java" NumEvents="238" CreationCount="443"/><InteractionEvent Delta="null" EndDate="2014-09-12 08:37:46.645 JST" Interest="150.0" Kind="propagation" Navigation="null" OriginId="org.eclipse.jdt.ui.CompilationUnitEditor" StartDate="2014-09-11 09:41:54.712 JST" StructureHandle="/TA2/src/ta2/utils/Methods.java" StructureKind="resource" NumEvents="150" CreationCount="83"/><InteractionEvent Delta="null" EndDate="2014-09-11 09:54:38.612 JST" Interest="4.491" Kind="manipulation" Navigation="null" OriginId="org.eclipse.mylyn.core.model.interest.decay.correction" StartDate="2014-09-11 09:54:38.612 JST" StructureHandle="/TA2/src/ta2/utils/Methods.java" StructureKind="resource"/><InteractionEvent Delta="null" EndDate="2014-09-11 09:42:04.68 JST" Interest="11.0" Kind="propagation" Navigation="null" OriginId="org.eclipse.jdt.ui.PackageExplorer" StartDate="2014-09-11 09:41:26.385 JST" StructureHandle="/TA2/src/ta2/utils/Tags2.java" StructureKind="resource" NumEvents="11" CreationCount="91"/><InteractionEvent Delta="null" EndDate="2014-09-11 09:54:22.423 JST" Interest="4.0" Kind="edit" Navigation="null" OriginId="org.eclipse.jdt.ui.CompilationUnitEditor" StartDate="2014-09-11 09:54:17.27 JST" StructureHandle="=TA2/src&amp;lt;ta2.listeners.dialog{DB_OCL.java[DB_OCL~case_DLG_CONF_CREATE_TABLE_PATTERNS_OK" StructureKind="java" NumEvents="4" CreationCount="393"/><InteractionEvent Delta="null" EndDate="2014-09-11 09:54:16.561 JST" Interest="3.0" Kind="selection" Navigation="null" OriginId="org.eclipse.jdt.ui.CompilationUnitEditor" StartDate="2014-09-11 09:54:16.399 JST" StructureHandle="=TA2/src&amp;lt;ta2.listeners.dialog{DB_OCL.java[DB_OCL~case_DLG_CONF_CREATE_TABLE_PATTERNS_OK" StructureKind="java" NumEvents="3" CreationCount="393"/><InteractionEvent Delta="null" EndDate="2014-09-11 09:50:30.496 JST" Interest="1.0" Kind="selection" Navigation="null" OriginId="org.eclipse.jdt.ui.CompilationUnitEditor" StartDate="2014-09-11 09:50:30.496 JST" StructureHandle="=TA2/src&amp;lt;ta2.utils{Tags.java[Tags[DialogTags^DLG_CONF_DELETE_MEMO_OK" StructureKind="java"/><InteractionEvent Delta="null" EndDate="2014-09-11 09:48:23.152 JST" Interest="1.0" Kind="selection" Navigation="null" OriginId="org.eclipse.jdt.ui.PackageExplorer" StartDate="2014-09-11 09:48:23.152 JST" StructureHandle="=TA2/src&amp;lt;ta2.listeners.dialog" StructureKind="java"/><InteractionEvent Delta="null" EndDate="2014-09-12 08:16:39.832 JST" Interest="25.316002" Kind="propagation" Navigation="org.eclipse.mylyn.core.model.edges.containment" OriginId="org.eclipse.mylyn.core.model.interest.propagation" StartDate="2014-09-11 09:48:25.440 JST" StructureHandle="=TA2/src&amp;lt;ta2.listeners.dialog" StructureKind="java" NumEvents="36" CreationCount="142"/><InteractionEvent Delta="null" EndDate="2014-09-11 09:52:38.142 JST" Interest="5.335" Kind="propagation" Navigation="org.eclipse.mylyn.core.model.edges.containment" OriginId="org.eclipse.mylyn.core.model.interest.propagation" StartDate="2014-09-11 09:40:44.412 JST" StructureHandle="/TA2/gen/ta2/main" StructureKind="resource" NumEvents="5" CreationCount="85"/><InteractionEvent Delta="null" EndDate="2014-09-11 09:42:27.815 JST" Interest="9.0" Kind="propagation" Navigation="null" OriginId="org.eclipse.jdt.ui.CompilationUnitEditor" StartDate="2014-09-11 09:42:11.891 JST" StructureHandle="/test" StructureKind="resource" NumEvents="9" CreationCount="111"/><InteractionEvent Delta="null" EndDate="2014-09-11 09:42:27.814 JST" Interest="5.0" Kind="propagation" Navigation="null" OriginId="org.eclipse.jdt.ui.CompilationUnitEditor" StartDate="2014-09-11 09:42:17.409 JST" StructureHandle="/test/gen/com/example/test/R.java" StructureKind="resource" NumEvents="5" CreationCount="116"/><InteractionEvent Delta="null" EndDate="2014-09-11 09:52:38.141 JST" Interest="2.0" Kind="propagation" Navigation="null" OriginId="org.eclipse.jdt.ui.PackageExplorer" StartDate="2014-09-11 09:40:44.415 JST" StructureHandle="/TA2/gen/ta2/main/R.java" StructureKind="resource" NumEvents="2" CreationCount="86"/><InteractionEvent Delta="null" EndDate="2014-09-11 09:52:38.141 JST" Interest="3.3180003" Kind="manipulation" Navigation="null" OriginId="org.eclipse.mylyn.core.model.interest.decay.correction" StartDate="2014-09-11 09:52:38.141 JST" StructureHandle="/TA2/gen/ta2/main/R.java" StructureKind="resource"/><InteractionEvent Delta="null" EndDate="2014-09-11 09:53:15.283 JST" Interest="8.699999" Kind="propagation" Navigation="org.eclipse.mylyn.core.model.edges.containment" OriginId="org.eclipse.mylyn.core.model.interest.propagation" StartDate="2014-09-11 09:52:58.778 JST" StructureHandle="=TA2/src&amp;lt;ta2.listeners.dialog{DB_OTL.java[DB_OTL" StructureKind="java" NumEvents="12" CreationCount="355"/><InteractionEvent Delta="null" EndDate="2014-09-11 09:48:15.32 JST" Interest="1.0" Kind="selection" Navigation="null" OriginId="org.eclipse.jdt.ui.PackageExplorer" StartDate="2014-09-11 09:48:15.32 JST" StructureHandle="=TA2/src&amp;lt;ta2.utils{Methods_dlg.java[Methods_dlg~conf_CreateTable_Memos~QActivity;~QDialog;~QDialog;" StructureKind="java"/><InteractionEvent Delta="null" EndDate="2014-09-11 09:42:16.73 JST" Interest="1.0" Kind="selection" Navigation="null" OriginId="org.eclipse.jdt.ui.PackageExplorer" StartDate="2014-09-11 09:42:16.73 JST" StructureHandle="=test/gen&amp;lt;com.example.test" StructureKind="java"/><InteractionEvent Delta="null" EndDate="2014-09-11 09:42:27.814 JST" Interest="2.717" Kind="propagation" Navigation="org.eclipse.mylyn.core.model.edges.containment" OriginId="org.eclipse.mylyn.core.model.interest.propagation" StartDate="2014-09-11 09:42:17.409 JST" StructureHandle="=test/gen&amp;lt;com.example.test" StructureKind="java" NumEvents="4" CreationCount="115"/><InteractionEvent Delta="null" EndDate="2014-09-11 09:39:21.93 JST" Interest="1.0" Kind="selection" Navigation="null" OriginId="org.eclipse.jdt.ui.PackageExplorer" StartDate="2014-09-11 09:39:21.93 JST" StructureHandle="=TA2/src&amp;lt;ta2.tasks" StructureKind="java"/><InteractionEvent Delta="null" EndDate="2014-09-11 09:53:15.283 JST" Interest="11.0" Kind="edit" Navigation="null" OriginId="org.eclipse.jdt.ui.CompilationUnitEditor" StartDate="2014-09-11 09:53:00.819 JST" StructureHandle="=TA2/src&amp;lt;ta2.listeners.dialog{DB_OTL.java[DB_OTL~onTouch~QView;~QMotionEvent;" StructureKind="java" NumEvents="11" CreationCount="355"/><InteractionEvent Delta="null" EndDate="2014-09-11 09:52:58.777 JST" Interest="1.0" Kind="selection" Navigation="null" OriginId="org.eclipse.jdt.ui.CompilationUnitEditor" StartDate="2014-09-11 09:52:58.777 JST" StructureHandle="=TA2/src&amp;lt;ta2.listeners.dialog{DB_OTL.java[DB_OTL~onTouch~QView;~QMotionEvent;" StructureKind="java"/><InteractionEvent Delta="null" EndDate="2014-09-11 09:57:25.372 JST" Interest="1.0" Kind="selection" Navigation="null" OriginId="org.eclipse.jdt.ui.CompilationUnitEditor" StartDate="2014-09-11 09:57:25.372 JST" StructureHandle="=TA2/src&amp;lt;ta2.utils{DBUtils.java[DBUtils~createTable~QActivity;~QString;~\[QString;~\[QString;" StructureKind="java"/><InteractionEvent Delta="null" EndDate="2014-09-12 08:16:12.583 JST" Interest="9.0" Kind="edit" Navigation="null" OriginId="org.eclipse.jdt.ui.CompilationUnitEditor" StartDate="2014-09-11 09:53:46.975 JST" StructureHandle="=TA2/src&amp;lt;ta2.listeners.dialog{DB_OCL.java[DB_OCL~case_DLG_CONF_ADD_COLUMN_USED_OK" StructureKind="java" NumEvents="9" CreationCount="383"/><InteractionEvent Delta="null" EndDate="2014-09-12 08:16:49.562 JST" Interest="10.0" Kind="selection" Navigation="null" OriginId="org.eclipse.jdt.ui.CompilationUnitEditor" StartDate="2014-09-11 09:53:45.875 JST" StructureHandle="=TA2/src&amp;lt;ta2.listeners.dialog{DB_OCL.java[DB_OCL~case_DLG_CONF_ADD_COLUMN_USED_OK" StructureKind="java" NumEvents="10" CreationCount="383"/><InteractionEvent Delta="null" EndDate="2014-09-11 10:04:54.74 JST" Interest="4.0" Kind="edit" Navigation="null" OriginId="org.eclipse.jdt.ui.CompilationUnitEditor" StartDate="2014-09-11 10:04:47.759 JST" StructureHandle="=TA2/src&amp;lt;ta2.utils{DBUtils.java[DBUtils~tableExists~QActivity;~QString;~QString;" StructureKind="java" NumEvents="4" CreationCount="477"/><InteractionEvent Delta="null" EndDate="2014-09-11 10:04:46.201 JST" Interest="1.0" Kind="selection" Navigation="null" OriginId="org.eclipse.jdt.ui.CompilationUnitEditor" StartDate="2014-09-11 10:04:46.201 JST" StructureHandle="=TA2/src&amp;lt;ta2.utils{DBUtils.java[DBUtils~tableExists~QActivity;~QString;~QString;" StructureKind="java"/><InteractionEvent Delta="null" EndDate="2014-09-12 08:16:39.931 JST" Interest="25.199999" Kind="propagation" Navigation="org.eclipse.mylyn.core.model.edges.containment" OriginId="org.eclipse.mylyn.core.model.interest.propagation" StartDate="2014-09-11 09:48:28.925 JST" StructureHandle="=TA2/src&amp;lt;ta2.listeners.dialog{DOI_CL.java[DOI_CL" StructureKind="java" NumEvents="33" CreationCount="190"/><InteractionEvent Delta="null" EndDate="2014-09-11 09:53:49.841 JST" Interest="1.0" Kind="selection" Navigation="null" OriginId="org.eclipse.jdt.ui.CompilationUnitEditor" StartDate="2014-09-11 09:53:49.841 JST" StructureHandle="=TA2/src&amp;lt;ta2.listeners.dialog{DB_OCL.java[DB_OCL" StructureKind="java"/><InteractionEvent Delta="null" EndDate="2014-09-12 08:16:49.563 JST" Interest="18.785" Kind="propagation" Navigation="org.eclipse.mylyn.core.model.edges.containment" OriginId="org.eclipse.mylyn.core.model.interest.propagation" StartDate="2014-09-11 09:53:22.429 JST" StructureHandle="=TA2/src&amp;lt;ta2.listeners.dialog{DB_OCL.java[DB_OCL" StructureKind="java" NumEvents="21" CreationCount="178"/><InteractionEvent Delta="null" EndDate="2014-09-12 08:06:37.990 JST" Interest="70.0" Kind="edit" Navigation="null" OriginId="org.eclipse.jdt.ui.CompilationUnitEditor" StartDate="2014-09-11 09:49:36.163 JST" StructureHandle="=TA2/src&amp;lt;ta2.utils{Methods_dlg.java[Methods_dlg~conf_AddColumn_Used~QActivity;~QDialog;~QDialog;" StructureKind="java" NumEvents="70" CreationCount="231"/><InteractionEvent Delta="null" EndDate="2014-09-12 08:16:35.846 JST" Interest="13.0" Kind="selection" Navigation="null" OriginId="org.eclipse.jdt.ui.CompilationUnitEditor" StartDate="2014-09-11 09:49:36.153 JST" StructureHandle="=TA2/src&amp;lt;ta2.utils{Methods_dlg.java[Methods_dlg~conf_AddColumn_Used~QActivity;~QDialog;~QDialog;" StructureKind="java" NumEvents="13" CreationCount="231"/><InteractionEvent Delta="null" EndDate="2014-09-11 09:42:20.155 JST" Interest="1.0" Kind="selection" Navigation="null" OriginId="org.eclipse.jdt.ui.CompilationUnitEditor" StartDate="2014-09-11 09:42:20.155 JST" StructureHandle="=test/gen&amp;lt;com.example.test{R.java[R[style" StructureKind="java"/><InteractionEvent Delta="null" EndDate="2014-09-11 10:18:26.541 JST" Interest="130.0" Kind="edit" Navigation="null" OriginId="org.eclipse.jdt.ui.CompilationUnitEditor" StartDate="2014-09-11 10:05:35.729 JST" StructureHandle="=TA2/src&amp;lt;ta2.utils{DBUtils.java[DBUtils~column_Exists~QActivity;~QString;~QString;" StructureKind="java" NumEvents="130" CreationCount="489"/><InteractionEvent Delta="null" EndDate="2014-09-11 10:18:09.324 JST" Interest="2.0" Kind="selection" Navigation="null" OriginId="org.eclipse.jdt.ui.CompilationUnitEditor" StartDate="2014-09-11 10:05:13.912 JST" StructureHandle="=TA2/src&amp;lt;ta2.utils{DBUtils.java[DBUtils~column_Exists~QActivity;~QString;~QString;" StructureKind="java" NumEvents="2" CreationCount="489"/><InteractionEvent Delta="null" EndDate="2014-09-11 09:39:02.530 JST" Interest="15.442" Kind="propagation" Navigation="org.eclipse.mylyn.core.model.edges.containment" OriginId="org.eclipse.mylyn.core.model.interest.propagation" StartDate="2014-09-11 09:36:46.711 JST" StructureHandle="/IFM11/src" StructureKind="resource" NumEvents="19" CreationCount="2"/><InteractionEvent Delta="null" EndDate="2014-09-11 09:52:38.142 JST" Interest="5.335" Kind="propagation" Navigation="org.eclipse.mylyn.core.model.edges.containment" OriginId="org.eclipse.mylyn.core.model.interest.propagation" StartDate="2014-09-11 09:40:44.412 JST" StructureHandle="/TA2/gen/ta2" StructureKind="resource" NumEvents="6" CreationCount="85"/><InteractionEvent Delta="null" EndDate="2014-09-11 09:53:15.284 JST" Interest="16.0" Kind="propagation" Navigation="null" OriginId="org.eclipse.jdt.ui.CompilationUnitEditor" StartDate="2014-09-11 09:52:44.942 JST" StructureHandle="/TA2/src/ta2/listeners/dialog/DB_OTL.java" StructureKind="resource" NumEvents="16" CreationCount="342"/><InteractionEvent Delta="null" EndDate="2014-09-11 09:39:02.530 JST" Interest="15.425" Kind="propagation" Navigation="org.eclipse.mylyn.core.model.edges.containment" OriginId="org.eclipse.mylyn.core.model.interest.propagation" StartDate="2014-09-11 09:37:10.767 JST" StructureHandle="/IFM11/src/ifm11" StructureKind="resource" NumEvents="18" CreationCount="3"/><InteractionEvent Delta="null" EndDate="2014-09-11 09:41:38.662 JST" Interest="2.0" Kind="edit" Navigation="null" OriginId="org.eclipse.jdt.ui.CompilationUnitEditor" StartDate="2014-09-11 09:41:37.567 JST" StructureHandle="=TA2/src&amp;lt;ta2.utils{Tags2.java[Tags2" StructureKind="java" NumEvents="2" CreationCount="94"/><InteractionEvent Delta="null" EndDate="2014-09-11 09:42:01.884 JST" Interest="3.0" Kind="selection" Navigation="null" OriginId="org.eclipse.jdt.ui.CompilationUnitEditor" StartDate="2014-09-11 09:41:35.70 JST" StructureHandle="=TA2/src&amp;lt;ta2.utils{Tags2.java[Tags2" StructureKind="java" NumEvents="3" CreationCount="94"/><InteractionEvent Delta="null" EndDate="2014-09-11 09:54:46.529 JST" Interest="1.0" Kind="edit" Navigation="null" OriginId="org.eclipse.jdt.ui.CompilationUnitEditor" StartDate="2014-09-11 09:54:46.529 JST" StructureHandle="=TA2/src&amp;lt;ta2.utils{Methods.java[Methods~createTable_Patterns~QActivity;~QDialog;~QDialog;~QDialog;" StructureKind="java"/><InteractionEvent Delta="null" EndDate="2014-09-11 09:55:06.351 JST" Interest="3.0" Kind="selection" Navigation="null" OriginId="org.eclipse.jdt.ui.CompilationUnitEditor" StartDate="2014-09-11 09:54:39.623 JST" StructureHandle="=TA2/src&amp;lt;ta2.utils{Methods.java[Methods~createTable_Patterns~QActivity;~QDialog;~QDialog;~QDialog;" StructureKind="java" NumEvents="3" CreationCount="408"/><InteractionEvent Delta="null" EndDate="2014-09-11 09:36:46.711 JST" Interest="1.0" Kind="selection" Navigation="null" OriginId="org.eclipse.jdt.ui.PackageExplorer" StartDate="2014-09-11 09:36:46.711 JST" StructureHandle="=IFM11/src" StructureKind="java"/><InteractionEvent Delta="null" EndDate="2014-09-11 09:39:02.530 JST" Interest="5.9440002" Kind="propagation" Navigation="org.eclipse.mylyn.core.model.edges.containment" OriginId="org.eclipse.mylyn.core.model.interest.propagation" StartDate="2014-09-11 09:37:10.767 JST" StructureHandle="=IFM11/src" StructureKind="java" NumEvents="13" CreationCount="2"/><InteractionEvent Delta="null" EndDate="2014-09-12 08:16:39.931 JST" Interest="26.0" Kind="edit" Navigation="null" OriginId="org.eclipse.jdt.ui.CompilationUnitEditor" StartDate="2014-09-11 09:48:30.995 JST" StructureHandle="=TA2/src&amp;lt;ta2.listeners.dialog{DOI_CL.java[DOI_CL~case_ACTV_MAIN_ADMIN_LV_OPS~QListItem;" StructureKind="java" NumEvents="26" CreationCount="190"/><InteractionEvent Delta="null" EndDate="2014-09-12 08:16:39.833 JST" Interest="7.0" Kind="selection" Navigation="null" OriginId="org.eclipse.jdt.ui.CompilationUnitEditor" StartDate="2014-09-11 09:48:28.924 JST" StructureHandle="=TA2/src&amp;lt;ta2.listeners.dialog{DOI_CL.java[DOI_CL~case_ACTV_MAIN_ADMIN_LV_OPS~QListItem;" StructureKind="java" NumEvents="7" CreationCount="190"/><InteractionEvent Delta="null" EndDate="2014-09-11 09:54:27.319 JST" Interest="1.0" Kind="edit" Navigation="null" OriginId="org.eclipse.jdt.ui.CompilationUnitEditor" StartDate="2014-09-11 09:54:27.319 JST" StructureHandle="=TA2/src&amp;lt;ta2.listeners.dialog{DB_OCL.java[DB_OCL~case_DLG_CONF_UPLOAD_DB_OK" StructureKind="java"/><InteractionEvent Delta="null" EndDate="2014-09-11 09:54:26.177 JST" Interest="1.0" Kind="selection" Navigation="null" OriginId="org.eclipse.jdt.ui.CompilationUnitEditor" StartDate="2014-09-11 09:54:26.177 JST" StructureHandle="=TA2/src&amp;lt;ta2.listeners.dialog{DB_OCL.java[DB_OCL~case_DLG_CONF_UPLOAD_DB_OK" StructureKind="java"/><InteractionEvent Delta="null" EndDate="2014-09-12 08:16:49.388 JST" Interest="8.0" Kind="selection" Navigation="null" OriginId="org.eclipse.jdt.ui.CompilationUnitEditor" StartDate="2014-09-11 09:52:39.612 JST" StructureHandle="=TA2/src&amp;lt;ta2.listeners.dialog{DB_OCL.java" StructureKind="java" NumEvents="8" CreationCount="341"/><InteractionEvent Delta="null" EndDate="2014-09-12 08:16:49.564 JST" Interest="9.014" Kind="propagation" Navigation="org.eclipse.mylyn.core.model.edges.containment" OriginId="org.eclipse.mylyn.core.model.interest.propagation" StartDate="2014-09-11 09:53:28.541 JST" StructureHandle="=TA2/src&amp;lt;ta2.listeners.dialog{DB_OCL.java" StructureKind="java" NumEvents="15" CreationCount="341"/><InteractionEvent Delta="null" EndDate="2014-09-11 09:42:27.814 JST" Interest="5.017" Kind="propagation" Navigation="org.eclipse.mylyn.core.model.edges.containment" OriginId="org.eclipse.mylyn.core.model.interest.propagation" StartDate="2014-09-11 09:42:16.73 JST" StructureHandle="/test/gen/com" StructureKind="resource" NumEvents="6" CreationCount="115"/><InteractionEvent Delta="null" EndDate="2014-09-11 09:46:22.588 JST" Interest="5.0" Kind="edit" Navigation="null" OriginId="org.eclipse.jdt.ui.CompilationUnitEditor" StartDate="2014-09-11 09:46:18.568 JST" StructureHandle="=TA2/src&amp;lt;ta2.utils{Methods_dlg.java[Methods_dlg~dlg_Admin_Ops~QActivity;~QDialog;" StructureKind="java" NumEvents="5" CreationCount="118"/><InteractionEvent Delta="null" EndDate="2014-09-11 09:46:18.459 JST" Interest="1.0" Kind="selection" Navigation="null" OriginId="org.eclipse.ui.views.ContentOutline" StartDate="2014-09-11 09:46:18.459 JST" StructureHandle="=TA2/src&amp;lt;ta2.utils{Methods_dlg.java[Methods_dlg~dlg_Admin_Ops~QActivity;~QDialog;" StructureKind="java"/><InteractionEvent Delta="null" EndDate="2014-09-11 09:51:05.510 JST" Interest="2.0" Kind="selection" Navigation="null" OriginId="org.eclipse.jdt.ui.PackageExplorer" StartDate="2014-09-11 09:39:33.899 JST" StructureHandle="/TA2/res/values" StructureKind="resource" NumEvents="2" CreationCount="2"/><InteractionEvent Delta="null" EndDate="2014-09-11 09:52:47.728 JST" Interest="28.436998" Kind="propagation" Navigation="org.eclipse.mylyn.core.model.edges.containment" OriginId="org.eclipse.mylyn.core.model.interest.propagation" StartDate="2014-09-11 09:39:35.51 JST" StructureHandle="/TA2/res/values" StructureKind="resource" NumEvents="39" CreationCount="2"/><InteractionEvent Delta="null" EndDate="2014-09-11 09:37:14.204 JST" Interest="1.0" Kind="selection" Navigation="null" OriginId="org.eclipse.jdt.ui.PackageExplorer" StartDate="2014-09-11 09:37:14.204 JST" StructureHandle="=IFM11/src&amp;lt;ifm11.items" StructureKind="java"/><InteractionEvent Delta="null" EndDate="2014-09-12 08:08:46.657 JST" Interest="1.0" Kind="propagation" Navigation="null" OriginId="org.eclipse.mylyn.resources.ui.interest.updater" StartDate="2014-09-12 08:08:46.657 JST" StructureHandle="/TA2/bin/dexedLibs/annotations-d288b20aa2286e3172641d3161bdbc70.jar" StructureKind="resource"/><InteractionEvent Delta="null" EndDate="2014-09-11 09:41:57.556 JST" Interest="2.0" Kind="selection" Navigation="null" OriginId="org.eclipse.jdt.ui.CompilationUnitEditor" StartDate="2014-09-11 09:41:09.639 JST" StructureHandle="=TA2/src&amp;lt;ta2.utils{Tags.java[Tags[SwipeTags" StructureKind="java" NumEvents="2" CreationCount="86"/><InteractionEvent Delta="null" EndDate="2014-09-12 08:16:39.932 JST" Interest="43.0" Kind="propagation" Navigation="null" OriginId="org.eclipse.jdt.ui.CompilationUnitEditor" StartDate="2014-09-11 09:48:25.439 JST" StructureHandle="/TA2/src/ta2/listeners/dialog/DOI_CL.java" StructureKind="resource" NumEvents="43" CreationCount="187"/><InteractionEvent Delta="null" EndDate="2014-09-11 09:39:02.529 JST" Interest="4.0" Kind="selection" Navigation="null" OriginId="org.eclipse.jdt.ui.PackageExplorer" StartDate="2014-09-11 09:38:14.419 JST" StructureHandle="=IFM11/src&amp;lt;ifm11.utils{Methods_dlg.java" StructureKind="java" NumEvents="4" CreationCount="28"/><InteractionEvent Delta="null" EndDate="2014-09-11 09:38:42.184 JST" Interest="2.5020003" Kind="propagation" Navigation="org.eclipse.mylyn.core.model.edges.containment" OriginId="org.eclipse.mylyn.core.model.interest.propagation" StartDate="2014-09-11 09:38:40.935 JST" StructureHandle="=IFM11/src&amp;lt;ifm11.utils{Methods_dlg.java" StructureKind="java" NumEvents="5" CreationCount="28"/><InteractionEvent Delta="null" EndDate="2014-09-12 08:24:00.557 JST" Interest="3.0" Kind="selection" Navigation="null" OriginId="org.eclipse.jdt.ui.CompilationUnitEditor" StartDate="2014-09-12 08:16:10.308 JST" StructureHandle="=TA2/src&amp;lt;ta2.utils{DBUtils.java[DBUtils~updateData_generic_With_TimeLable~QActivity;~QString;~J~QString;~QString;" StructureKind="java" NumEvents="3" CreationCount="719"/><InteractionEvent Delta="null" EndDate="2014-09-12 08:24:00.557 JST" Interest="1.1790001" Kind="manipulation" Navigation="null" OriginId="org.eclipse.mylyn.core.model.interest.decay.correction" StartDate="2014-09-12 08:24:00.557 JST" StructureHandle="=TA2/src&amp;lt;ta2.utils{DBUtils.java[DBUtils~updateData_generic_With_TimeLable~QActivity;~QString;~J~QString;~QString;" StructureKind="java"/><InteractionEvent Delta="null" EndDate="2014-09-11 09:51:03.158 JST" Interest="2.0" Kind="propagation" Navigation="null" OriginId="org.eclipse.jdt.ui.PackageExplorer" StartDate="2014-09-11 09:40:44.412 JST" StructureHandle="/TA2/gen/ta2/main/BuildConfig.java" StructureKind="resource" NumEvents="2" CreationCount="17"/><InteractionEvent Delta="null" EndDate="2014-09-11 09:51:03.158 JST" Interest="3.5730004" Kind="manipulation" Navigation="null" OriginId="org.eclipse.mylyn.core.model.interest.decay.correction" StartDate="2014-09-11 09:51:03.158 JST" StructureHandle="/TA2/gen/ta2/main/BuildConfig.java" StructureKind="resource"/><InteractionEvent Delta="null" EndDate="2014-09-11 09:42:27.814 JST" Interest="5.017" Kind="propagation" Navigation="org.eclipse.mylyn.core.model.edges.containment" OriginId="org.eclipse.mylyn.core.model.interest.propagation" StartDate="2014-09-11 09:42:16.73 JST" StructureHandle="/test/gen/com/example/test" StructureKind="resource" NumEvents="6" CreationCount="115"/><InteractionEvent Delta="null" EndDate="2014-09-11 09:39:02.530 JST" Interest="15.017" Kind="propagation" Navigation="org.eclipse.mylyn.core.model.edges.containment" OriginId="org.eclipse.mylyn.core.model.interest.propagation" StartDate="2014-09-11 09:38:10.234 JST" StructureHandle="/IFM11/src/ifm11/utils" StructureKind="resource" NumEvents="16" CreationCount="27"/><InteractionEvent Delta="null" EndDate="2014-09-12 08:16:49.565 JST" Interest="111.017" Kind="propagation" Navigation="org.eclipse.mylyn.core.model.edges.containment" OriginId="org.eclipse.mylyn.core.model.interest.propagation" StartDate="2014-09-11 09:48:23.153 JST" StructureHandle="/TA2/src/ta2/listeners" StructureKind="resource" NumEvents="112" CreationCount="186"/><InteractionEvent Delta="null" EndDate="2014-09-11 09:42:27.814 JST" Interest="5.017" Kind="propagation" Navigation="org.eclipse.mylyn.core.model.edges.containment" OriginId="org.eclipse.mylyn.core.model.interest.propagation" StartDate="2014-09-11 09:42:16.73 JST" StructureHandle="/test/gen/com/example" StructureKind="resource" NumEvents="6" CreationCount="115"/><InteractionEvent Delta="null" EndDate="2014-09-11 09:40:44.411 JST" Interest="1.0" Kind="propagation" Navigation="null" OriginId="org.eclipse.mylyn.resources.ui.interest.updater" StartDate="2014-09-11 09:40:44.411 JST" StructureHandle="/TA2/bin/AndroidManifest.xml" StructureKind="resource"/><InteractionEvent Delta="null" EndDate="2014-09-11 09:42:18.489 JST" Interest="1.0" Kind="edit" Navigation="null" OriginId="org.eclipse.jdt.ui.CompilationUnitEditor" StartDate="2014-09-11 09:42:18.489 JST" StructureHandle="=test/gen&amp;lt;com.example.test{R.java" StructureKind="java"/><InteractionEvent Delta="null" EndDate="2014-09-11 09:42:27.812 JST" Interest="3.0" Kind="selection" Navigation="null" OriginId="org.eclipse.jdt.ui.CompilationUnitEditor" StartDate="2014-09-11 09:42:17.408 JST" StructureHandle="=test/gen&amp;lt;com.example.test{R.java" StructureKind="java" NumEvents="3" CreationCount="116"/><InteractionEvent Delta="null" EndDate="2014-09-12 08:26:52.248 JST" Interest="232.0" Kind="edit" Navigation="null" OriginId="org.eclipse.jdt.ui.CompilationUnitEditor" StartDate="2014-09-11 09:56:31.751 JST" StructureHandle="=TA2/src&amp;lt;ta2.utils{DBUtils.java[DBUtils~add_Column~QActivity;~QString;~QString;~QString;" StructureKind="java" NumEvents="232" CreationCount="443"/><InteractionEvent Delta="null" EndDate="2014-09-12 08:26:26.686 JST" Interest="13.0" Kind="selection" Navigation="null" OriginId="org.eclipse.jdt.ui.CompilationUnitEditor" StartDate="2014-09-11 09:56:30.514 JST" StructureHandle="=TA2/src&amp;lt;ta2.utils{DBUtils.java[DBUtils~add_Column~QActivity;~QString;~QString;~QString;" StructureKind="java" NumEvents="13" CreationCount="443"/><InteractionEvent Delta="null" EndDate="2014-09-11 09:50:51.476 JST" Interest="26.0" Kind="propagation" Navigation="null" OriginId="org.eclipse.jdt.ui.CompilationUnitEditor" StartDate="2014-09-11 09:39:22.554 JST" StructureHandle="/TA2/src/ta2/utils/Tags.java" StructureKind="resource" NumEvents="26" CreationCount="55"/><InteractionEvent Delta="null" EndDate="2014-09-11 09:50:47.647 JST" Interest="7.2700005" Kind="propagation" Navigation="org.eclipse.mylyn.core.model.edges.containment" OriginId="org.eclipse.mylyn.core.model.interest.propagation" StartDate="2014-09-11 09:39:25.122 JST" StructureHandle="=TA2/src&amp;lt;ta2.utils{Tags.java[Tags" StructureKind="java" NumEvents="11" CreationCount="57"/><InteractionEvent Delta="null" EndDate="2014-09-11 09:41:20.487 JST" Interest="3.0" Kind="selection" Navigation="null" OriginId="org.eclipse.jdt.ui.PackageExplorer" StartDate="2014-09-11 09:39:21.624 JST" StructureHandle="=TA2/src&amp;lt;ta2.utils" StructureKind="java" NumEvents="3" CreationCount="54"/><InteractionEvent Delta="null" EndDate="2014-09-12 08:26:52.250 JST" Interest="179.01299" Kind="propagation" Navigation="org.eclipse.mylyn.core.model.edges.containment" OriginId="org.eclipse.mylyn.core.model.interest.propagation" StartDate="2014-09-11 09:39:22.556 JST" StructureHandle="=TA2/src&amp;lt;ta2.utils" StructureKind="java" NumEvents="260" CreationCount="54"/><InteractionEvent Delta="null" EndDate="2014-09-11 09:37:10.767 JST" Interest="1.0" Kind="propagation" Navigation="org.eclipse.mylyn.core.model.edges.containment" OriginId="org.eclipse.mylyn.core.model.interest.propagation" StartDate="2014-09-11 09:37:10.767 JST" StructureHandle="/IFM11/src/ifm11/listeners" StructureKind="resource"/><InteractionEvent Delta="null" EndDate="2014-09-11 09:49:33.565 JST" Interest="1.0" Kind="edit" Navigation="null" OriginId="org.eclipse.jdt.ui.CompilationUnitEditor" StartDate="2014-09-11 09:49:33.565 JST" StructureHandle="=TA2/src&amp;lt;ta2.utils{Methods_dlg.java[Methods_dlg" StructureKind="java"/><InteractionEvent Delta="null" EndDate="2014-09-12 08:16:31.153 JST" Interest="4.0" Kind="selection" Navigation="null" OriginId="org.eclipse.jdt.ui.CompilationUnitEditor" StartDate="2014-09-11 09:48:15.960 JST" StructureHandle="=TA2/src&amp;lt;ta2.utils{Methods_dlg.java[Methods_dlg" StructureKind="java" NumEvents="4" CreationCount="118"/><InteractionEvent Delta="null" EndDate="2014-09-12 08:06:37.991 JST" Interest="60.221" Kind="propagation" Navigation="org.eclipse.mylyn.core.model.edges.containment" OriginId="org.eclipse.mylyn.core.model.interest.propagation" StartDate="2014-09-11 09:46:18.460 JST" StructureHandle="=TA2/src&amp;lt;ta2.utils{Methods_dlg.java[Methods_dlg" StructureKind="java" NumEvents="84" CreationCount="118"/><InteractionEvent Delta="null" EndDate="2014-09-11 09:51:03.157 JST" Interest="1.0" Kind="selection" Navigation="null" OriginId="org.eclipse.jdt.ui.PackageExplorer" StartDate="2014-09-11 09:51:03.157 JST" StructureHandle="=TA2/gen&amp;lt;ta2.main{BuildConfig.java" StructureKind="java"/><InteractionEvent Delta="null" EndDate="2014-09-11 09:40:44.411 JST" Interest="1.0" Kind="propagation" Navigation="null" OriginId="org.eclipse.mylyn.resources.ui.interest.updater" StartDate="2014-09-11 09:40:44.411 JST" StructureHandle="=TA2/gen&amp;lt;ta2.main{BuildConfig.java" StructureKind="java"/><InteractionEvent Delta="null" EndDate="2014-09-11 09:51:03.157 JST" Interest="2.5530002" Kind="manipulation" Navigation="null" OriginId="org.eclipse.mylyn.core.model.interest.decay.correction" StartDate="2014-09-11 09:51:03.157 JST" StructureHandle="=TA2/gen&amp;lt;ta2.main{BuildConfig.java" StructureKind="java"/><InteractionEvent Delta="null" EndDate="2014-09-11 09:52:38.141 JST" Interest="1.0" Kind="selection" Navigation="null" OriginId="org.eclipse.jdt.ui.PackageExplorer" StartDate="2014-09-11 09:52:38.141 JST" StructureHandle="=TA2/gen&amp;lt;ta2.main{R.java" StructureKind="java"/><InteractionEvent Delta="null" EndDate="2014-09-11 09:40:44.412 JST" Interest="1.0" Kind="propagation" Navigation="null" OriginId="org.eclipse.mylyn.resources.ui.interest.updater" StartDate="2014-09-11 09:40:44.412 JST" StructureHandle="=TA2/gen&amp;lt;ta2.main{R.java" StructureKind="java"/><InteractionEvent Delta="null" EndDate="2014-09-11 09:52:38.141 JST" Interest="3.4710002" Kind="manipulation" Navigation="null" OriginId="org.eclipse.mylyn.core.model.interest.decay.correction" StartDate="2014-09-11 09:52:38.141 JST" StructureHandle="=TA2/gen&amp;lt;ta2.main{R.java" StructureKind="java"/><InteractionEvent Delta="null" EndDate="2014-09-11 09:38:10.233 JST" Interest="1.0" Kind="selection" Navigation="null" OriginId="org.eclipse.jdt.ui.PackageExplorer" StartDate="2014-09-11 09:38:10.233 JST" StructureHandle="=IFM11/src&amp;lt;ifm11.utils" StructureKind="java"/><InteractionEvent Delta="null" EndDate="2014-09-11 09:39:02.530 JST" Interest="5.519" Kind="propagation" Navigation="org.eclipse.mylyn.core.model.edges.containment" OriginId="org.eclipse.mylyn.core.model.interest.propagation" StartDate="2014-09-11 09:38:14.420 JST" StructureHandle="=IFM11/src&amp;lt;ifm11.utils" StructureKind="java" NumEvents="11" CreationCount="27"/><InteractionEvent Delta="null" EndDate="2014-09-11 09:42:27.814 JST" Interest="5.0340004" Kind="propagation" Navigation="org.eclipse.mylyn.core.model.edges.containment" OriginId="org.eclipse.mylyn.core.model.interest.propagation" StartDate="2014-09-11 09:42:15.540 JST" StructureHandle="/test/gen" StructureKind="resource" NumEvents="7" CreationCount="114"/><InteractionEvent Delta="null" EndDate="2014-09-12 08:08:46.657 JST" Interest="1.0" Kind="propagation" Navigation="null" OriginId="org.eclipse.mylyn.resources.ui.interest.updater" StartDate="2014-09-12 08:08:46.657 JST" StructureHandle="/TA2/bin/dexedLibs/twitter4j-core-android-2.2.6-796701d8192f6e7dc926b1fe5727c893.jar" StructureKind="resource"/><InteractionEvent Delta="null" EndDate="2014-09-12 08:08:46.657 JST" Interest="1.0" Kind="propagation" Navigation="null" OriginId="org.eclipse.mylyn.resources.ui.interest.updater" StartDate="2014-09-12 08:08:46.657 JST" StructureHandle="/TA2/bin/dexedLibs/commons-net-3.3-8fd943db0e7f4cec18e60738e70ce092.jar" StructureKind="resource"/><InteractionEvent Delta="null" EndDate="2014-09-11 09:37:17.741 JST" Interest="2.0" Kind="selection" Navigation="null" OriginId="org.eclipse.jdt.ui.PackageExplorer" StartDate="2014-09-11 09:36:44.794 JST" StructureHandle="/IFM11/res" StructureKind="resource" NumEvents="2" CreationCount="1"/><InteractionEvent Delta="null" EndDate="2014-09-11 09:39:27.857 JST" Interest="19.501999" Kind="propagation" Navigation="org.eclipse.mylyn.core.model.edges.containment" OriginId="org.eclipse.mylyn.core.model.interest.propagation" StartDate="2014-09-11 09:37:23.595 JST" StructureHandle="/IFM11/res" StructureKind="resource" NumEvents="27" CreationCount="1"/><InteractionEvent Delta="null" EndDate="2014-09-11 09:38:16.563 JST" Interest="1.0" Kind="selection" Navigation="null" OriginId="org.eclipse.ui.views.ContentOutline" StartDate="2014-09-11 09:38:16.563 JST" StructureHandle="=IFM11/src&amp;lt;ifm11.utils{Methods_dlg.java%ifm11.utils" StructureKind="java"/><InteractionEvent Delta="null" EndDate="2014-09-11 09:39:27.857 JST" Interest="51.0" Kind="propagation" Navigation="null" OriginId="com.android.ide.eclipse.editors.CommonXmlEditor" StartDate="2014-09-11 09:36:44.795 JST" StructureHandle="/IFM11" StructureKind="resource" NumEvents="51" CreationCount="1"/><InteractionEvent Delta="null" EndDate="2014-09-11 09:42:20.156 JST" Interest="1.0" Kind="propagation" Navigation="org.eclipse.mylyn.core.model.edges.containment" OriginId="org.eclipse.mylyn.core.model.interest.propagation" StartDate="2014-09-11 09:42:20.156 JST" StructureHandle="=test/gen&amp;lt;com.example.test{R.java[R" StructureKind="java"/><InteractionEvent Delta="null" EndDate="2014-09-11 09:42:03.640 JST" Interest="1.0" Kind="selection" Navigation="null" OriginId="org.eclipse.jdt.ui.PackageExplorer" StartDate="2014-09-11 09:42:03.640 JST" StructureHandle="=TA2/gen" StructureKind="java"/><InteractionEvent Delta="null" EndDate="2014-09-11 09:52:38.142 JST" Interest="4.352" Kind="propagation" Navigation="org.eclipse.mylyn.core.model.edges.containment" OriginId="org.eclipse.mylyn.core.model.interest.propagation" StartDate="2014-09-11 09:40:44.413 JST" StructureHandle="=TA2/gen" StructureKind="java" NumEvents="4" CreationCount="83"/><InteractionEvent Delta="null" EndDate="2014-09-11 09:39:02.530 JST" Interest="15.0" Kind="propagation" Navigation="null" OriginId="org.eclipse.jdt.ui.PackageExplorer" StartDate="2014-09-11 09:38:14.420 JST" StructureHandle="/IFM11/src/ifm11/utils/Methods_dlg.java" StructureKind="resource" NumEvents="15" CreationCount="28"/><InteractionEvent Delta="null" EndDate="2014-09-11 09:37:14.204 JST" Interest="1.0" Kind="propagation" Navigation="null" OriginId="org.eclipse.jdt.ui.PackageExplorer" StartDate="2014-09-11 09:37:14.204 JST" StructureHandle="/IFM11/src/ifm11/items" StructureKind="resource"/><InteractionEvent Delta="null" EndDate="2014-09-12 08:04:09.349 JST" Interest="4.0" Kind="edit" Navigation="null" OriginId="org.eclipse.jdt.ui.CompilationUnitEditor" StartDate="2014-09-12 07:56:03.196 JST" StructureHandle="=TA2/src&amp;lt;ta2.utils{Methods.java[Methods~write_Log~QActivity;~QString;~QString;~I" StructureKind="java" NumEvents="4" CreationCount="675"/><InteractionEvent Delta="null" EndDate="2014-09-12 08:01:32.303 JST" Interest="3.0" Kind="selection" Navigation="null" OriginId="org.eclipse.jdt.ui.CompilationUnitEditor" StartDate="2014-09-11 11:41:28.899 JST" StructureHandle="=TA2/src&amp;lt;ta2.utils{Methods.java[Methods~write_Log~QActivity;~QString;~QString;~I" StructureKind="java" NumEvents="3" CreationCount="675"/><InteractionEvent Delta="null" EndDate="2014-09-12 08:37:46.646 JST" Interest="901.068" Kind="propagation" Navigation="null" OriginId="org.eclipse.jdt.ui.CompilationUnitEditor" StartDate="2014-09-11 09:39:19.49 JST" StructureHandle="/TA2/src" StructureKind="resource" NumEvents="906" CreationCount="51"/><InteractionEvent Delta="null" EndDate="2014-09-12 08:16:49.563 JST" Interest="52.0" Kind="propagation" Navigation="null" OriginId="org.eclipse.jdt.ui.CompilationUnitEditor" StartDate="2014-09-11 09:52:39.613 JST" StructureHandle="/TA2/src/ta2/listeners/dialog/DB_OCL.java" StructureKind="resource" NumEvents="52" CreationCount="341"/><InteractionEvent Delta="null" EndDate="2014-09-11 09:42:12.502 JST" Interest="3.0" Kind="selection" Navigation="null" OriginId="org.eclipse.jdt.ui.PackageExplorer" StartDate="2014-09-11 09:39:04.251 JST" StructureHandle="=TA2" StructureKind="java" NumEvents="3" CreationCount="50"/><InteractionEvent Delta="null" EndDate="2014-09-12 08:37:46.645 JST" Interest="897.085" Kind="propagation" Navigation="org.eclipse.mylyn.core.model.edges.containment" OriginId="org.eclipse.mylyn.core.model.interest.propagation" StartDate="2014-09-11 09:39:19.49 JST" StructureHandle="=TA2" StructureKind="resource" NumEvents="908" CreationCount="50"/><InteractionEvent Delta="null" EndDate="2014-09-11 09:54:16.537 JST" Interest="3.0" Kind="selection" Navigation="null" OriginId="org.eclipse.jdt.ui.CompilationUnitEditor" StartDate="2014-09-11 09:54:03.416 JST" StructureHandle="=TA2/src&amp;lt;ta2.listeners.dialog{DB_OCL.java[DB_OCL~case_DLG_CONF_DROP_TABLE_PATTERNS_OK" StructureKind="java" NumEvents="3" CreationCount="392"/><InteractionEvent Delta="null" EndDate="2014-09-11 09:53:44.399 JST" Interest="10.0" Kind="edit" Navigation="null" OriginId="org.eclipse.jdt.ui.CompilationUnitEditor" StartDate="2014-09-11 09:53:25.795 JST" StructureHandle="=TA2/src&amp;lt;ta2.listeners.dialog{DB_OCL.java[DB_OCL~onClick~QView;" StructureKind="java" NumEvents="10" CreationCount="372"/><InteractionEvent Delta="null" EndDate="2014-09-11 09:53:24.598 JST" Interest="1.0" Kind="selection" Navigation="null" OriginId="org.eclipse.jdt.ui.CompilationUnitEditor" StartDate="2014-09-11 09:53:24.598 JST" StructureHandle="=TA2/src&amp;lt;ta2.listeners.dialog{DB_OCL.java[DB_OCL~onClick~QView;" StructureKind="java"/><InteractionEvent Delta="null" EndDate="2014-09-12 08:30:41.273 JST" Interest="4.0" Kind="prediction" Navigation="null" OriginId="org.eclipse.mylyn.resources.ui.interest.updater" StartDate="2014-09-12 08:18:29.17 JST" StructureHandle="/TA2/bin/classes.dex" StructureKind="resource" NumEvents="4" CreationCount="776"/><InteractionEvent Delta="null" EndDate="2014-09-11 09:48:50.877 JST" Interest="59.0" Kind="edit" Navigation="null" OriginId="org.eclipse.jdt.ui.CompilationUnitEditor" StartDate="2014-09-11 09:46:29.102 JST" StructureHandle="=TA2/src&amp;lt;ta2.utils{Methods_dlg.java[Methods_dlg~_dlg_Admin_Ops__Setup_List~QActivity;~QDialog;" StructureKind="java" NumEvents="59" CreationCount="124"/><InteractionEvent Delta="null" EndDate="2014-09-11 09:49:27.596 JST" Interest="4.0" Kind="selection" Navigation="null" OriginId="org.eclipse.jdt.ui.CompilationUnitEditor" StartDate="2014-09-11 09:46:29.72 JST" StructureHandle="=TA2/src&amp;lt;ta2.utils{Methods_dlg.java[Methods_dlg~_dlg_Admin_Ops__Setup_List~QActivity;~QDialog;" StructureKind="java" NumEvents="4" CreationCount="124"/><InteractionEvent Delta="null" EndDate="2014-09-11 09:39:30.474 JST" Interest="1.0" Kind="selection" Navigation="null" OriginId="org.eclipse.jdt.ui.PackageExplorer" StartDate="2014-09-11 09:39:30.474 JST" StructureHandle="/TA2/a.bat" StructureKind="resource"/><InteractionEvent Delta="null" EndDate="2014-09-11 09:39:20.49 JST" Interest="1.0" Kind="selection" Navigation="null" OriginId="org.eclipse.jdt.ui.PackageExplorer" StartDate="2014-09-11 09:39:20.49 JST" StructureHandle="=TA2/src&amp;lt;ta2.adapters" StructureKind="java"/><InteractionEvent Delta="null" EndDate="2014-09-11 09:38:17.888 JST" Interest="1.0" Kind="selection" Navigation="null" OriginId="org.eclipse.ui.views.ContentOutline" StartDate="2014-09-11 09:38:17.888 JST" StructureHandle="=IFM11/src&amp;lt;ifm11.utils{Methods_dlg.java[Methods_dlg~conf_MoveFiles__Folder_Top~QActivity;~QDialog;~QDialog;" StructureKind="java"/><InteractionEvent Delta="null" EndDate="2014-09-11 09:42:14.333 JST" Interest="2.0" Kind="selection" Navigation="null" OriginId="org.eclipse.jdt.ui.PackageExplorer" StartDate="2014-09-11 09:42:11.891 JST" StructureHandle="=test" StructureKind="java" NumEvents="2" CreationCount="111"/><InteractionEvent Delta="null" EndDate="2014-09-11 09:42:27.814 JST" Interest="3.0850003" Kind="propagation" Navigation="org.eclipse.mylyn.core.model.edges.containment" OriginId="org.eclipse.mylyn.core.model.interest.propagation" StartDate="2014-09-11 09:42:18.263 JST" StructureHandle="=test" StructureKind="resource" NumEvents="4" CreationCount="111"/><InteractionEvent Delta="null" EndDate="2014-09-11 09:39:31.396 JST" Interest="1.0" Kind="selection" Navigation="null" OriginId="org.eclipse.jdt.ui.PackageExplorer" StartDate="2014-09-11 09:39:31.396 JST" StructureHandle="/TA2/res" StructureKind="resource"/><InteractionEvent Delta="null" EndDate="2014-09-11 09:52:47.728 JST" Interest="27.907" Kind="propagation" Navigation="org.eclipse.mylyn.core.model.edges.containment" OriginId="org.eclipse.mylyn.core.model.interest.propagation" StartDate="2014-09-11 09:39:33.899 JST" StructureHandle="/TA2/res" StructureKind="resource" NumEvents="40" CreationCount="92"/><InteractionEvent Delta="null" EndDate="2014-09-11 09:46:12.806 JST" Interest="1.0" Kind="selection" Navigation="null" OriginId="org.eclipse.ui.views.ContentOutline" StartDate="2014-09-11 09:46:12.806 JST" StructureHandle="=TA2/src&amp;lt;ta2.utils{Methods_dlg.java%ta2.utils" StructureKind="java"/><InteractionEvent Delta="null" EndDate="2014-09-11 09:42:02.781 JST" Interest="4.0" Kind="selection" Navigation="null" OriginId="org.eclipse.jdt.ui.CompilationUnitEditor" StartDate="2014-09-11 09:39:25.122 JST" StructureHandle="=TA2/src&amp;lt;ta2.utils{Tags.java[Tags[ButtonTags" StructureKind="java" NumEvents="4" CreationCount="57"/><InteractionEvent Delta="null" EndDate="2014-09-11 09:59:51.538 JST" Interest="5.0" Kind="edit" Navigation="null" OriginId="org.eclipse.jdt.ui.CompilationUnitEditor" StartDate="2014-09-11 09:57:28.478 JST" StructureHandle="=TA2/src&amp;lt;ta2.utils{DBUtils.java[DBUtils~createTable~QActivity;~QString;~QString;~\[QString;~\[QString;" StructureKind="java" NumEvents="5" CreationCount="464"/><InteractionEvent Delta="null" EndDate="2014-09-11 09:59:53.723 JST" Interest="2.0" Kind="selection" Navigation="null" OriginId="org.eclipse.ui.views.ContentOutline" StartDate="2014-09-11 09:57:26.819 JST" StructureHandle="=TA2/src&amp;lt;ta2.utils{DBUtils.java[DBUtils~createTable~QActivity;~QString;~QString;~\[QString;~\[QString;" StructureKind="java" NumEvents="2" CreationCount="464"/><InteractionEvent Delta="null" EndDate="2014-09-11 09:40:44.412 JST" Interest="1.0" Kind="propagation" Navigation="null" OriginId="org.eclipse.mylyn.resources.ui.interest.updater" StartDate="2014-09-11 09:40:44.412 JST" StructureHandle="=TA2/gen&amp;lt;ta2" StructureKind="java"/><InteractionEvent Delta="null" EndDate="2014-09-11 09:42:15.539 JST" Interest="1.0" Kind="selection" Navigation="null" OriginId="org.eclipse.jdt.ui.PackageExplorer" StartDate="2014-09-11 09:42:15.539 JST" StructureHandle="=test/gen" StructureKind="java"/><InteractionEvent Delta="null" EndDate="2014-09-11 09:42:27.814 JST" Interest="2.734" Kind="propagation" Navigation="org.eclipse.mylyn.core.model.edges.containment" OriginId="org.eclipse.mylyn.core.model.interest.propagation" StartDate="2014-09-11 09:42:16.73 JST" StructureHandle="=test/gen" StructureKind="java" NumEvents="5" CreationCount="114"/><InteractionEvent Delta="null" EndDate="2014-09-12 08:37:46.646 JST" Interest="970.0" Kind="propagation" Navigation="null" OriginId="org.eclipse.jdt.ui.CompilationUnitEditor" StartDate="2014-09-11 09:39:04.251 JST" StructureHandle="/TA2" StructureKind="resource" NumEvents="970" CreationCount="50"/><InteractionEvent Delta="null" EndDate="2014-09-11 09:52:38.142 JST" Interest="7.0" Kind="propagation" Navigation="null" OriginId="org.eclipse.jdt.ui.PackageExplorer" StartDate="2014-09-11 09:40:44.412 JST" StructureHandle="/TA2/gen" StructureKind="resource" NumEvents="7" CreationCount="85"/><InteractionEvent Delta="null" EndDate="2014-09-11 09:38:40.936 JST" Interest="3.0" Kind="selection" Navigation="null" OriginId="org.eclipse.jdt.ui.CompilationUnitEditor" StartDate="2014-09-11 09:38:39.660 JST" StructureHandle="=IFM11/src&amp;lt;ifm11.utils{Methods_dlg.java[Methods_dlg~dlg_DeletePatterns~QActivity;~QDialog;" StructureKind="java" NumEvents="3" CreationCount="33"/><InteractionEvent Delta="null" EndDate="2014-09-12 08:01:28.796 JST" Interest="1.0" Kind="selection" Navigation="null" OriginId="org.eclipse.jdt.ui.PackageExplorer" StartDate="2014-09-12 08:01:28.796 JST" StructureHandle="=TA2/src&amp;lt;ta2.utils{Methods.java[Methods~import_Patterns~QActivity;" StructureKind="java"/><InteractionEvent Delta="null" EndDate="2014-09-11 09:37:20.441 JST" Interest="1.0" Kind="selection" Navigation="null" OriginId="org.eclipse.jdt.ui.PackageExplorer" StartDate="2014-09-11 09:37:20.441 JST" StructureHandle="/IFM11/res/values" StructureKind="resource"/><InteractionEvent Delta="null" EndDate="2014-09-11 09:39:27.856 JST" Interest="20.416998" Kind="propagation" Navigation="org.eclipse.mylyn.core.model.edges.containment" OriginId="org.eclipse.mylyn.core.model.interest.propagation" StartDate="2014-09-11 09:37:21.658 JST" StructureHandle="/IFM11/res/values" StructureKind="resource" NumEvents="28" CreationCount="6"/><InteractionEvent Delta="null" EndDate="2014-09-11 09:50:42.458 JST" Interest="2.0" Kind="selection" Navigation="null" OriginId="org.eclipse.jdt.ui.CompilationUnitEditor" StartDate="2014-09-11 09:50:28.570 JST" StructureHandle="=TA2/src&amp;lt;ta2.utils{Tags.java[Tags[DialogTags^DLG_CONF_ADD_COLUMN_USED_OK" StructureKind="java" NumEvents="2" CreationCount="265"/><InteractionEvent Delta="null" EndDate="2014-09-12 08:16:39.649 JST" Interest="9.0" Kind="selection" Navigation="null" OriginId="org.eclipse.jdt.ui.CompilationUnitEditor" StartDate="2014-09-11 09:48:25.438 JST" StructureHandle="=TA2/src&amp;lt;ta2.listeners.dialog{DOI_CL.java" StructureKind="java" NumEvents="9" CreationCount="187"/><InteractionEvent Delta="null" EndDate="2014-09-11 09:49:38.608 JST" Interest="16.551" Kind="propagation" Navigation="org.eclipse.mylyn.core.model.edges.containment" OriginId="org.eclipse.mylyn.core.model.interest.propagation" StartDate="2014-09-11 09:48:31.29 JST" StructureHandle="=TA2/src&amp;lt;ta2.listeners.dialog{DOI_CL.java" StructureKind="java" NumEvents="24" CreationCount="187"/><InteractionEvent Delta="null" EndDate="2014-09-11 09:50:51.475 JST" Interest="1.0" Kind="selection" Navigation="null" OriginId="org.eclipse.jdt.ui.CompilationUnitEditor" StartDate="2014-09-11 09:50:51.475 JST" StructureHandle="=TA2/src&amp;lt;ta2.utils{Tags.java[Tags[DialogTags^DLG_CONF_DROP_TABLE_MEMOS_OK" StructureKind="java"/><InteractionEvent Delta="null" EndDate="2014-09-11 09:39:19.49 JST" Interest="1.0" Kind="selection" Navigation="null" OriginId="org.eclipse.jdt.ui.PackageExplorer" StartDate="2014-09-11 09:39:19.49 JST" StructureHandle="=TA2/src" StructureKind="java"/><InteractionEvent Delta="null" EndDate="2014-09-12 08:26:52.251 JST" Interest="170.48999" Kind="propagation" Navigation="org.eclipse.mylyn.core.model.edges.containment" OriginId="org.eclipse.mylyn.core.model.interest.propagation" StartDate="2014-09-11 09:39:20.53 JST" StructureHandle="=TA2/src" StructureKind="java" NumEvents="250" CreationCount="673"/><InteractionEvent Delta="null" EndDate="2014-09-12 08:01:29.547 JST" Interest="1.0" Kind="selection" Navigation="null" OriginId="org.eclipse.jdt.ui.PackageExplorer" StartDate="2014-09-12 08:01:29.547 JST" StructureHandle="=TA2/src&amp;lt;ta2.utils{Methods.java[Methods" StructureKind="java"/><InteractionEvent Delta="null" EndDate="2014-09-12 08:37:46.644 JST" Interest="86.27" Kind="propagation" Navigation="org.eclipse.mylyn.core.model.edges.containment" OriginId="org.eclipse.mylyn.core.model.interest.propagation" StartDate="2014-09-11 09:54:39.623 JST" StructureHandle="=TA2/src&amp;lt;ta2.utils{Methods.java[Methods" StructureKind="java" NumEvents="120" CreationCount="408"/><InteractionEvent Delta="null" EndDate="2014-09-11 09:39:20.50 JST" Interest="1.0" Kind="propagation" Navigation="null" OriginId="org.eclipse.jdt.ui.PackageExplorer" StartDate="2014-09-11 09:39:20.50 JST" StructureHandle="/TA2/src/ta2/adapters" StructureKind="resource"/><InteractionEvent Delta="null" EndDate="2014-09-11 09:48:28.50 JST" Interest="1.0" Kind="selection" Navigation="null" OriginId="org.eclipse.ui.views.ContentOutline" StartDate="2014-09-11 09:48:28.50 JST" StructureHandle="=TA2/src&amp;lt;ta2.listeners.dialog{DOI_CL.java%ta2.listeners.dialog" StructureKind="java"/><InteractionEvent Delta="null" EndDate="2014-09-12 08:37:46.644 JST" Interest="113.0" Kind="edit" Navigation="null" OriginId="org.eclipse.jdt.ui.CompilationUnitEditor" StartDate="2014-09-11 09:55:08.771 JST" StructureHandle="=TA2/src&amp;lt;ta2.utils{Methods.java[Methods~addCol_PatternsUsed~QActivity;~QDialog;~QDialog;~QDialog;" StructureKind="java" NumEvents="113" CreationCount="418"/><InteractionEvent Delta="null" EndDate="2014-09-12 08:26:53.998 JST" Interest="8.0" Kind="selection" Navigation="null" OriginId="org.eclipse.jdt.ui.CompilationUnitEditor" StartDate="2014-09-11 09:55:08.68 JST" StructureHandle="=TA2/src&amp;lt;ta2.utils{Methods.java[Methods~addCol_PatternsUsed~QActivity;~QDialog;~QDialog;~QDialog;" StructureKind="java" NumEvents="8" CreationCount="418"/></InteractionHistory>