<?xml version="1.0" encoding="UTF-8"?><InteractionHistory Id="local-180" Version="1"><InteractionEvent Delta="null" EndDate="2014-10-31 10:32:38.32 JST" Interest="862.03394" Kind="propagation" Navigation="org.eclipse.mylyn.core.model.edges.containment" OriginId="org.eclipse.mylyn.core.model.interest.propagation" StartDate="2014-10-31 09:50:04.278 JST" StructureHandle="" StructureKind="java" NumEvents="869" CreationCount="5"/><InteractionEvent Delta="null" EndDate="2014-10-31 09:50:28.210 JST" Interest="2.0" Kind="selection" Navigation="null" OriginId="org.eclipse.jdt.ui.PackageExplorer" StartDate="2014-10-31 09:50:04.278 JST" StructureHandle="=CutPlanner_A" StructureKind="java" NumEvents="2" CreationCount="5"/><InteractionEvent Delta="null" EndDate="2014-10-31 10:32:38.30 JST" Interest="860.03394" Kind="propagation" Navigation="org.eclipse.mylyn.core.model.edges.containment" OriginId="org.eclipse.mylyn.core.model.interest.propagation" StartDate="2014-10-31 09:50:08.669 JST" StructureHandle="=CutPlanner_A" StructureKind="resource" NumEvents="866" CreationCount="5"/><InteractionEvent Delta="null" EndDate="2014-10-31 10:21:58.68 JST" Interest="1.0" Kind="selection" Navigation="null" OriginId="org.eclipse.jdt.ui.CompilationUnitEditor" StartDate="2014-10-31 10:21:58.68 JST" StructureHandle="=CutPlanner_A/src&amp;lt;cp.utils{CONS.java[CONS[Canvas^DrawB" StructureKind="java"/><InteractionEvent Delta="null" EndDate="2014-10-31 10:22:41.788 JST" Interest="3.0" Kind="selection" Navigation="null" OriginId="org.eclipse.search.ui.views.SearchView" StartDate="2014-10-31 09:50:18.683 JST" StructureHandle="=CutPlanner_A/src&amp;lt;cp.views" StructureKind="java" NumEvents="3" CreationCount="8"/><InteractionEvent Delta="null" EndDate="2014-10-31 10:25:00.837 JST" Interest="152.76701" Kind="propagation" Navigation="org.eclipse.mylyn.core.model.edges.containment" OriginId="org.eclipse.mylyn.core.model.interest.propagation" StartDate="2014-10-31 09:51:10.242 JST" StructureHandle="=CutPlanner_A/src&amp;lt;cp.views" StructureKind="java" NumEvents="227" CreationCount="8"/><InteractionEvent Delta="null" EndDate="2014-10-31 09:57:46.183 JST" Interest="1.0" Kind="selection" Navigation="null" OriginId="org.eclipse.ui.views.ResourceNavigator" StartDate="2014-10-31 09:57:46.183 JST" StructureHandle="=SL3" StructureKind="java"/><InteractionEvent Delta="null" EndDate="2014-10-31 09:50:01.963 JST" Interest="4.0" Kind="propagation" Navigation="org.eclipse.mylyn.core.model.edges.containment" OriginId="org.eclipse.mylyn.core.model.interest.propagation" StartDate="2014-10-31 09:47:15.381 JST" StructureHandle="=SL3" StructureKind="resource" NumEvents="4" CreationCount="1"/><InteractionEvent Delta="null" EndDate="2014-10-31 09:50:01.964 JST" Interest="3.1" Kind="propagation" Navigation="org.eclipse.mylyn.core.model.edges.containment" OriginId="org.eclipse.mylyn.core.model.interest.propagation" StartDate="2014-10-31 09:47:15.384 JST" StructureHandle="=SL3/src" StructureKind="java" NumEvents="4" CreationCount="1"/><InteractionEvent Delta="null" EndDate="2014-10-31 09:55:44.752 JST" Interest="1.0" Kind="selection" Navigation="null" OriginId="org.eclipse.ui.views.ContentOutline" StartDate="2014-10-31 09:55:44.752 JST" StructureHandle="=CutPlanner_A/src&amp;lt;cp.main{MainActv.java%cp.main" StructureKind="java"/><InteractionEvent Delta="null" EndDate="2014-10-31 10:22:11.617 JST" Interest="12.0" Kind="selection" Navigation="null" OriginId="org.eclipse.jdt.ui.CompilationUnitEditor" StartDate="2014-10-31 09:58:09.762 JST" StructureHandle="=LM1/src&amp;lt;lm1.listeners.buttons{BO_CL.java" StructureKind="java" NumEvents="12" CreationCount="218"/><InteractionEvent Delta="null" EndDate="2014-10-31 09:58:20.285 JST" Interest="3.9510002" Kind="propagation" Navigation="org.eclipse.mylyn.core.model.edges.containment" OriginId="org.eclipse.mylyn.core.model.interest.propagation" StartDate="2014-10-31 09:58:18.254 JST" StructureHandle="=LM1/src&amp;lt;lm1.listeners.buttons{BO_CL.java" StructureKind="java" NumEvents="6" CreationCount="218"/><InteractionEvent Delta="null" EndDate="2014-10-31 10:32:38.31 JST" Interest="501.0" Kind="propagation" Navigation="null" OriginId="org.eclipse.jdt.ui.CompilationUnitEditor" StartDate="2014-10-31 09:50:18.683 JST" StructureHandle="/CutPlanner_A/src/cp/views" StructureKind="resource" NumEvents="501" CreationCount="8"/><InteractionEvent Delta="null" EndDate="2014-10-31 10:15:53.826 JST" Interest="2.0" Kind="edit" Navigation="null" OriginId="org.eclipse.jdt.ui.CompilationUnitEditor" StartDate="2014-10-31 10:15:53.823 JST" StructureHandle="=CutPlanner_A/src&amp;lt;cp.views{CV.java[CV~drawLine~F~F~F~F~QPaint;" StructureKind="java" NumEvents="2" CreationCount="466"/><InteractionEvent Delta="null" EndDate="2014-10-31 10:15:53.820 JST" Interest="1.0" Kind="selection" Navigation="null" OriginId="org.eclipse.jdt.ui.CompilationUnitEditor" StartDate="2014-10-31 10:15:53.820 JST" StructureHandle="=CutPlanner_A/src&amp;lt;cp.views{CV.java[CV~drawLine~F~F~F~F~QPaint;" StructureKind="java"/><InteractionEvent Delta="null" EndDate="2014-10-31 10:20:25.719 JST" Interest="135.0" Kind="edit" Navigation="null" OriginId="org.eclipse.jdt.ui.CompilationUnitEditor" StartDate="2014-10-31 09:50:56.534 JST" StructureHandle="=CutPlanner_A/src&amp;lt;cp.listeners.view{V_OTL.java[V_OTL~onTouch~QView;~QMotionEvent;" StructureKind="java" NumEvents="135" CreationCount="27"/><InteractionEvent Delta="null" EndDate="2014-10-31 10:19:11.79 JST" Interest="16.0" Kind="selection" Navigation="null" OriginId="org.eclipse.jdt.ui.CompilationUnitEditor" StartDate="2014-10-31 09:50:51.497 JST" StructureHandle="=CutPlanner_A/src&amp;lt;cp.listeners.view{V_OTL.java[V_OTL~onTouch~QView;~QMotionEvent;" StructureKind="java" NumEvents="16" CreationCount="27"/><InteractionEvent Delta="null" EndDate="2014-10-31 09:50:35.667 JST" Interest="1.0" Kind="propagation" Navigation="org.eclipse.mylyn.core.model.edges.containment" OriginId="org.eclipse.mylyn.core.model.interest.propagation" StartDate="2014-10-31 09:50:35.667 JST" StructureHandle="=CutPlanner_A/src&amp;lt;cp.listeners.view{V_OTL.java#" StructureKind="java"/><InteractionEvent Delta="null" EndDate="2014-10-31 09:50:48.509 JST" Interest="1.0" Kind="edit" Navigation="null" OriginId="org.eclipse.jdt.ui.CompilationUnitEditor" StartDate="2014-10-31 09:50:48.509 JST" StructureHandle="=CutPlanner_A/src&amp;lt;cp.listeners.view{V_OTL.java[V_OTL^d2" StructureKind="java"/><InteractionEvent Delta="null" EndDate="2014-10-31 09:50:44.449 JST" Interest="1.0" Kind="selection" Navigation="null" OriginId="org.eclipse.jdt.ui.CompilationUnitEditor" StartDate="2014-10-31 09:50:44.449 JST" StructureHandle="=CutPlanner_A/src&amp;lt;cp.listeners.view{V_OTL.java[V_OTL^d2" StructureKind="java"/><InteractionEvent Delta="null" EndDate="2014-10-31 09:50:01.962 JST" Interest="4.0" Kind="propagation" Navigation="org.eclipse.mylyn.core.model.edges.containment" OriginId="org.eclipse.mylyn.core.model.interest.propagation" StartDate="2014-10-31 09:47:15.381 JST" StructureHandle="/SL3/src/sl3/utils" StructureKind="resource" NumEvents="4" CreationCount="1"/><InteractionEvent Delta="null" EndDate="2014-10-31 10:20:25.719 JST" Interest="209.0" Kind="propagation" Navigation="null" OriginId="org.eclipse.jdt.ui.CompilationUnitEditor" StartDate="2014-10-31 09:50:22.69 JST" StructureHandle="/CutPlanner_A/src/cp/listeners/view/V_OTL.java" StructureKind="resource" NumEvents="209" CreationCount="11"/><InteractionEvent Delta="null" EndDate="2014-10-31 10:15:22.445 JST" Interest="11.0" Kind="edit" Navigation="null" OriginId="org.eclipse.jdt.ui.CompilationUnitEditor" StartDate="2014-10-31 10:14:03.633 JST" StructureHandle="=CutPlanner_A/src&amp;lt;cp.utils{CONS.java[CONS[Canvas^Cir_A_X" StructureKind="java" NumEvents="11" CreationCount="428"/><InteractionEvent Delta="null" EndDate="2014-10-31 10:16:08.455 JST" Interest="4.0" Kind="selection" Navigation="null" OriginId="org.eclipse.jdt.ui.CompilationUnitEditor" StartDate="2014-10-31 10:14:01.530 JST" StructureHandle="=CutPlanner_A/src&amp;lt;cp.utils{CONS.java[CONS[Canvas^Cir_A_X" StructureKind="java" NumEvents="4" CreationCount="428"/><InteractionEvent Delta="null" EndDate="2014-10-31 10:22:11.784 JST" Interest="10.452001" Kind="propagation" Navigation="org.eclipse.mylyn.core.model.edges.containment" OriginId="org.eclipse.mylyn.core.model.interest.propagation" StartDate="2014-10-31 09:58:17.698 JST" StructureHandle="=LM1/src&amp;lt;lm1.listeners.buttons{BO_CL.java[BO_CL" StructureKind="java" NumEvents="12" CreationCount="221"/><InteractionEvent Delta="null" EndDate="2014-10-31 09:50:43.857 JST" Interest="2.0" Kind="edit" Navigation="null" OriginId="org.eclipse.jdt.ui.CompilationUnitEditor" StartDate="2014-10-31 09:50:43.836 JST" StructureHandle="=CutPlanner_A/src&amp;lt;cp.listeners.view{V_OTL.java[V_OTL" StructureKind="java" NumEvents="2" CreationCount="21"/><InteractionEvent Delta="null" EndDate="2014-10-31 09:50:53.11 JST" Interest="2.0" Kind="selection" Navigation="null" OriginId="org.eclipse.jdt.ui.CompilationUnitEditor" StartDate="2014-10-31 09:50:39.502 JST" StructureHandle="=CutPlanner_A/src&amp;lt;cp.listeners.view{V_OTL.java[V_OTL" StructureKind="java" NumEvents="2" CreationCount="21"/><InteractionEvent Delta="null" EndDate="2014-10-31 10:20:25.719 JST" Interest="107.202" Kind="propagation" Navigation="org.eclipse.mylyn.core.model.edges.containment" OriginId="org.eclipse.mylyn.core.model.interest.propagation" StartDate="2014-10-31 09:51:27.8 JST" StructureHandle="=CutPlanner_A/src&amp;lt;cp.listeners.view{V_OTL.java[V_OTL" StructureKind="java" NumEvents="148" CreationCount="21"/><InteractionEvent Delta="null" EndDate="2014-10-31 10:15:24.541 JST" Interest="1.0" Kind="edit" Navigation="null" OriginId="org.eclipse.jdt.ui.CompilationUnitEditor" StartDate="2014-10-31 10:15:24.541 JST" StructureHandle="=CutPlanner_A/src&amp;lt;cp.utils{CONS.java[CONS[Canvas^Cir_A_Y" StructureKind="java"/><InteractionEvent Delta="null" EndDate="2014-10-31 10:15:23.711 JST" Interest="4.0" Kind="selection" Navigation="null" OriginId="org.eclipse.jdt.ui.CompilationUnitEditor" StartDate="2014-10-31 10:14:20.609 JST" StructureHandle="=CutPlanner_A/src&amp;lt;cp.utils{CONS.java[CONS[Canvas^Cir_A_Y" StructureKind="java" NumEvents="4" CreationCount="440"/><InteractionEvent Delta="null" EndDate="2014-10-31 10:00:21.191 JST" Interest="17.0" Kind="edit" Navigation="null" OriginId="org.eclipse.jdt.ui.CompilationUnitEditor" StartDate="2014-10-31 09:55:46.141 JST" StructureHandle="=CutPlanner_A/src&amp;lt;cp.main{MainActv.java[MainActv~onStart" StructureKind="java" NumEvents="17" CreationCount="171"/><InteractionEvent Delta="null" EndDate="2014-10-31 10:22:34.772 JST" Interest="11.0" Kind="selection" Navigation="null" OriginId="org.eclipse.jdt.ui.CompilationUnitEditor" StartDate="2014-10-31 09:55:46.38 JST" StructureHandle="=CutPlanner_A/src&amp;lt;cp.main{MainActv.java[MainActv~onStart" StructureKind="java" NumEvents="11" CreationCount="171"/><InteractionEvent Delta="null" EndDate="2014-10-31 10:16:44.613 JST" Interest="1.0" Kind="selection" Navigation="null" OriginId="org.eclipse.jdt.ui.CompilationUnitEditor" StartDate="2014-10-31 10:16:44.613 JST" StructureHandle="=CutPlanner_A/src&amp;lt;cp.utils{CONS.java[CONS[Canvas^p_B" StructureKind="java"/><InteractionEvent Delta="null" EndDate="2014-10-31 09:50:01.963 JST" Interest="3.1" Kind="propagation" Navigation="org.eclipse.mylyn.core.model.edges.containment" OriginId="org.eclipse.mylyn.core.model.interest.propagation" StartDate="2014-10-31 09:47:15.382 JST" StructureHandle="=SL3/src&amp;lt;sl3.utils{Methods.java" StructureKind="java" NumEvents="4" CreationCount="1"/><InteractionEvent Delta="null" EndDate="2014-10-31 10:21:55.351 JST" Interest="8.0" Kind="selection" Navigation="null" OriginId="org.eclipse.jdt.ui.CompilationUnitEditor" StartDate="2014-10-31 10:13:49.410 JST" StructureHandle="=CutPlanner_A/src&amp;lt;cp.utils{CONS.java" StructureKind="java" NumEvents="8" CreationCount="422"/><InteractionEvent Delta="null" EndDate="2014-10-31 10:17:32.989 JST" Interest="15.602001" Kind="propagation" Navigation="org.eclipse.mylyn.core.model.edges.containment" OriginId="org.eclipse.mylyn.core.model.interest.propagation" StartDate="2014-10-31 10:13:50.161 JST" StructureHandle="=CutPlanner_A/src&amp;lt;cp.utils{CONS.java" StructureKind="java" NumEvents="27" CreationCount="422"/><InteractionEvent Delta="null" EndDate="2014-10-31 10:22:11.785 JST" Interest="25.050999" Kind="propagation" Navigation="org.eclipse.mylyn.core.model.edges.containment" OriginId="org.eclipse.mylyn.core.model.interest.propagation" StartDate="2014-10-31 09:57:51.38 JST" StructureHandle="/LM1/src/lm1" StructureKind="resource" NumEvents="28" CreationCount="215"/><InteractionEvent Delta="null" EndDate="2014-10-31 09:57:51.37 JST" Interest="1.0" Kind="selection" Navigation="null" OriginId="org.eclipse.ui.views.ResourceNavigator" StartDate="2014-10-31 09:57:51.37 JST" StructureHandle="=LM1/src&amp;lt;lm1" StructureKind="java"/><InteractionEvent Delta="null" EndDate="2014-10-31 10:25:00.642 JST" Interest="27.0" Kind="selection" Navigation="null" OriginId="org.eclipse.jdt.ui.CompilationUnitEditor" StartDate="2014-10-31 09:51:09.832 JST" StructureHandle="=CutPlanner_A/src&amp;lt;cp.views{CV.java" StructureKind="java" NumEvents="27" CreationCount="35"/><InteractionEvent Delta="null" EndDate="2014-10-31 10:20:36.364 JST" Interest="128.308" Kind="propagation" Navigation="org.eclipse.mylyn.core.model.edges.containment" OriginId="org.eclipse.mylyn.core.model.interest.propagation" StartDate="2014-10-31 09:51:13.601 JST" StructureHandle="=CutPlanner_A/src&amp;lt;cp.views{CV.java" StructureKind="java" NumEvents="191" CreationCount="35"/><InteractionEvent Delta="null" EndDate="2014-10-31 10:13:51.22 JST" Interest="1.0" Kind="edit" Navigation="null" OriginId="org.eclipse.jdt.ui.CompilationUnitEditor" StartDate="2014-10-31 10:13:51.22 JST" StructureHandle="=CutPlanner_A/src&amp;lt;cp.utils{CONS.java[CONS[Canvas^Ax1" StructureKind="java"/><InteractionEvent Delta="null" EndDate="2014-10-31 10:13:50.160 JST" Interest="1.0" Kind="selection" Navigation="null" OriginId="org.eclipse.jdt.ui.CompilationUnitEditor" StartDate="2014-10-31 10:13:50.160 JST" StructureHandle="=CutPlanner_A/src&amp;lt;cp.utils{CONS.java[CONS[Canvas^Ax1" StructureKind="java"/><InteractionEvent Delta="null" EndDate="2014-10-31 10:25:02.779 JST" Interest="189.0" Kind="edit" Navigation="null" OriginId="org.eclipse.jdt.ui.CompilationUnitEditor" StartDate="2014-10-31 10:11:59.715 JST" StructureHandle="=CutPlanner_A/src&amp;lt;cp.views{CV.java[CV~draw_Circle_A~QActivity;~I~I" StructureKind="java" NumEvents="189" CreationCount="359"/><InteractionEvent Delta="null" EndDate="2014-10-31 10:24:57.232 JST" Interest="14.0" Kind="selection" Navigation="null" OriginId="org.eclipse.jdt.ui.CompilationUnitEditor" StartDate="2014-10-31 10:11:59.710 JST" StructureHandle="=CutPlanner_A/src&amp;lt;cp.views{CV.java[CV~draw_Circle_A~QActivity;~I~I" StructureKind="java" NumEvents="14" CreationCount="359"/><InteractionEvent Delta="null" EndDate="2014-10-31 09:50:01.961 JST" Interest="3.0" Kind="edit" Navigation="null" OriginId="org.eclipse.jdt.ui.CompilationUnitEditor" StartDate="2014-10-31 09:47:16.666 JST" StructureHandle="=SL3/src&amp;lt;sl3.utils{Methods.java[Methods~post_PurHist_to_Remote~QActivity;~QPH;" StructureKind="java" NumEvents="3" CreationCount="1"/><InteractionEvent Delta="null" EndDate="2014-10-31 09:47:15.378 JST" Interest="1.0" Kind="selection" Navigation="null" OriginId="org.eclipse.jdt.ui.CompilationUnitEditor" StartDate="2014-10-31 09:47:15.378 JST" StructureHandle="=SL3/src&amp;lt;sl3.utils{Methods.java[Methods~post_PurHist_to_Remote~QActivity;~QPH;" StructureKind="java"/><InteractionEvent Delta="null" EndDate="2014-10-31 10:25:04.412 JST" Interest="44.0" Kind="edit" Navigation="null" OriginId="org.eclipse.jdt.ui.CompilationUnitEditor" StartDate="2014-10-31 09:53:45.421 JST" StructureHandle="=CutPlanner_A/src&amp;lt;cp.views{CV.java[CV~draw_Boxes_A~QActivity;~I~I" StructureKind="java" NumEvents="44" CreationCount="88"/><InteractionEvent Delta="null" EndDate="2014-10-31 10:25:04.409 JST" Interest="17.0" Kind="selection" Navigation="null" OriginId="org.eclipse.jdt.ui.CompilationUnitEditor" StartDate="2014-10-31 09:53:45.404 JST" StructureHandle="=CutPlanner_A/src&amp;lt;cp.views{CV.java[CV~draw_Boxes_A~QActivity;~I~I" StructureKind="java" NumEvents="17" CreationCount="88"/><InteractionEvent Delta="null" EndDate="2014-10-31 10:22:34.772 JST" Interest="22.9" Kind="propagation" Navigation="org.eclipse.mylyn.core.model.edges.containment" OriginId="org.eclipse.mylyn.core.model.interest.propagation" StartDate="2014-10-31 09:55:46.38 JST" StructureHandle="=CutPlanner_A/src&amp;lt;cp.main{MainActv.java[MainActv" StructureKind="java" NumEvents="28" CreationCount="171"/><InteractionEvent Delta="null" EndDate="2014-10-31 10:21:14.623 JST" Interest="1.0" Kind="selection" Navigation="null" OriginId="org.eclipse.ui.views.ContentOutline" StartDate="2014-10-31 10:21:14.623 JST" StructureHandle="=CutPlanner_A/src&amp;lt;cp.views{CV.java[CV~onMeasure~I~I" StructureKind="java"/><InteractionEvent Delta="null" EndDate="2014-10-31 10:25:05.784 JST" Interest="21.0" Kind="edit" Navigation="null" OriginId="org.eclipse.jdt.ui.CompilationUnitEditor" StartDate="2014-10-31 09:54:35.304 JST" StructureHandle="=CutPlanner_A/src&amp;lt;cp.views{CV.java[CV" StructureKind="java" NumEvents="21" CreationCount="37"/><InteractionEvent Delta="null" EndDate="2014-10-31 10:25:05.782 JST" Interest="12.0" Kind="selection" Navigation="null" OriginId="org.eclipse.jdt.ui.CompilationUnitEditor" StartDate="2014-10-31 09:51:12.93 JST" StructureHandle="=CutPlanner_A/src&amp;lt;cp.views{CV.java[CV" StructureKind="java" NumEvents="12" CreationCount="37"/><InteractionEvent Delta="null" EndDate="2014-10-31 10:25:02.779 JST" Interest="128.47401" Kind="propagation" Navigation="org.eclipse.mylyn.core.model.edges.containment" OriginId="org.eclipse.mylyn.core.model.interest.propagation" StartDate="2014-10-31 09:51:22.126 JST" StructureHandle="=CutPlanner_A/src&amp;lt;cp.views{CV.java[CV" StructureKind="java" NumEvents="180" CreationCount="37"/><InteractionEvent Delta="null" EndDate="2014-10-31 09:59:25.428 JST" Interest="1.0" Kind="edit" Navigation="null" OriginId="org.eclipse.jdt.ui.CompilationUnitEditor" StartDate="2014-10-31 09:59:25.428 JST" StructureHandle="=CutPlanner_A/src&amp;lt;cp.listeners.view{V_OTL.java[V_OTL~V_OTL~QActivity;" StructureKind="java"/><InteractionEvent Delta="null" EndDate="2014-10-31 09:59:23.166 JST" Interest="1.0" Kind="selection" Navigation="null" OriginId="org.eclipse.jdt.ui.CompilationUnitEditor" StartDate="2014-10-31 09:59:23.166 JST" StructureHandle="=CutPlanner_A/src&amp;lt;cp.listeners.view{V_OTL.java[V_OTL~V_OTL~QActivity;" StructureKind="java"/><InteractionEvent Delta="null" EndDate="2014-10-31 09:59:44.997 JST" Interest="12.0" Kind="edit" Navigation="null" OriginId="org.eclipse.jdt.ui.CompilationUnitEditor" StartDate="2014-10-31 09:59:03.262 JST" StructureHandle="=CutPlanner_A/src&amp;lt;cp.listeners.view{V_OTL.java[V_OTL~V_OTL~QActivity;~QCV;" StructureKind="java" NumEvents="12" CreationCount="248"/><InteractionEvent Delta="null" EndDate="2014-10-31 10:00:39.107 JST" Interest="4.0" Kind="selection" Navigation="null" OriginId="org.eclipse.jdt.ui.CompilationUnitEditor" StartDate="2014-10-31 09:59:01.388 JST" StructureHandle="=CutPlanner_A/src&amp;lt;cp.listeners.view{V_OTL.java[V_OTL~V_OTL~QActivity;~QCV;" StructureKind="java" NumEvents="4" CreationCount="248"/><InteractionEvent Delta="null" EndDate="2014-10-31 09:50:19.429 JST" Interest="1.0" Kind="propagation" Navigation="null" OriginId="org.eclipse.jdt.ui.PackageExplorer" StartDate="2014-10-31 09:50:19.429 JST" StructureHandle="/CutPlanner_A/src/cp/listeners/dialog" StructureKind="resource"/><InteractionEvent Delta="null" EndDate="2014-10-31 10:32:38.32 JST" Interest="906.0" Kind="propagation" Navigation="null" OriginId="org.eclipse.jdt.ui.CompilationUnitEditor" StartDate="2014-10-31 09:47:15.381 JST" StructureHandle="/" StructureKind="resource" NumEvents="906" CreationCount="1"/><InteractionEvent Delta="null" EndDate="2014-10-31 09:50:20.358 JST" Interest="2.0" Kind="selection" Navigation="null" OriginId="org.eclipse.jdt.ui.PackageExplorer" StartDate="2014-10-31 09:50:12.292 JST" StructureHandle="=CutPlanner_A/src&amp;lt;cp.listeners.view" StructureKind="java" NumEvents="2" CreationCount="7"/><InteractionEvent Delta="null" EndDate="2014-10-31 10:20:25.720 JST" Interest="108.840004" Kind="propagation" Navigation="org.eclipse.mylyn.core.model.edges.containment" OriginId="org.eclipse.mylyn.core.model.interest.propagation" StartDate="2014-10-31 09:50:22.520 JST" StructureHandle="=CutPlanner_A/src&amp;lt;cp.listeners.view" StructureKind="java" NumEvents="155" CreationCount="7"/><InteractionEvent Delta="null" EndDate="2014-10-31 09:58:20.283 JST" Interest="7.0" Kind="edit" Navigation="null" OriginId="org.eclipse.jdt.ui.CompilationUnitEditor" StartDate="2014-10-31 09:58:17.779 JST" StructureHandle="=LM1/src&amp;lt;lm1.listeners.buttons{BO_CL.java[BO_CL~case_ACTV_ACCELERO_BT_GO" StructureKind="java" NumEvents="7" CreationCount="221"/><InteractionEvent Delta="null" EndDate="2014-10-31 10:22:11.784 JST" Interest="5.0" Kind="selection" Navigation="null" OriginId="org.eclipse.jdt.ui.CompilationUnitEditor" StartDate="2014-10-31 09:58:17.697 JST" StructureHandle="=LM1/src&amp;lt;lm1.listeners.buttons{BO_CL.java[BO_CL~case_ACTV_ACCELERO_BT_GO" StructureKind="java" NumEvents="5" CreationCount="221"/><InteractionEvent Delta="null" EndDate="2014-10-31 10:22:11.784 JST" Interest="0.552001" Kind="manipulation" Navigation="null" OriginId="org.eclipse.mylyn.core.model.interest.decay.correction" StartDate="2014-10-31 10:22:11.784 JST" StructureHandle="=LM1/src&amp;lt;lm1.listeners.buttons{BO_CL.java[BO_CL~case_ACTV_ACCELERO_BT_GO" StructureKind="java"/><InteractionEvent Delta="null" EndDate="2014-10-31 10:16:19.110 JST" Interest="1.0" Kind="edit" Navigation="null" OriginId="org.eclipse.jdt.ui.CompilationUnitEditor" StartDate="2014-10-31 10:16:19.110 JST" StructureHandle="=CutPlanner_A/src&amp;lt;cp.utils{CONS.java[CONS[Canvas^Cir_A_Radius!2" StructureKind="java"/><InteractionEvent Delta="null" EndDate="2014-10-31 10:21:55.517 JST" Interest="11.0" Kind="selection" Navigation="null" OriginId="org.eclipse.jdt.ui.CompilationUnitEditor" StartDate="2014-10-31 10:16:14.911 JST" StructureHandle="=CutPlanner_A/src&amp;lt;cp.utils{CONS.java[CONS[Canvas^LineWidth_Cir_A" StructureKind="java" NumEvents="11" CreationCount="486"/><InteractionEvent Delta="null" EndDate="2014-10-31 09:50:01.962 JST" Interest="3.1" Kind="propagation" Navigation="org.eclipse.mylyn.core.model.edges.containment" OriginId="org.eclipse.mylyn.core.model.interest.propagation" StartDate="2014-10-31 09:47:15.380 JST" StructureHandle="=SL3/src&amp;lt;sl3.utils{Methods.java[Methods" StructureKind="java" NumEvents="4" CreationCount="1"/><InteractionEvent Delta="null" EndDate="2014-10-31 10:32:38.30 JST" Interest="500.017" Kind="propagation" Navigation="org.eclipse.mylyn.core.model.edges.containment" OriginId="org.eclipse.mylyn.core.model.interest.propagation" StartDate="2014-10-31 09:50:12.293 JST" StructureHandle="/CutPlanner_A/src/cp" StructureKind="resource" NumEvents="506" CreationCount="7"/><InteractionEvent Delta="null" EndDate="2014-10-31 10:15:32.823 JST" Interest="3.0" Kind="edit" Navigation="null" OriginId="org.eclipse.jdt.ui.CompilationUnitEditor" StartDate="2014-10-31 10:15:15.68 JST" StructureHandle="=CutPlanner_A/src&amp;lt;cp.utils{CONS.java[CONS[Canvas^BH!2" StructureKind="java" NumEvents="3" CreationCount="443"/><InteractionEvent Delta="null" EndDate="2014-10-31 10:16:13.10 JST" Interest="3.0" Kind="selection" Navigation="null" OriginId="org.eclipse.jdt.ui.CompilationUnitEditor" StartDate="2014-10-31 10:14:24.680 JST" StructureHandle="=CutPlanner_A/src&amp;lt;cp.utils{CONS.java[CONS[Canvas^Cir_A_Radius" StructureKind="java" NumEvents="3" CreationCount="443"/><InteractionEvent Delta="null" EndDate="2014-10-31 09:51:05.155 JST" Interest="1.0" Kind="selection" Navigation="null" OriginId="org.eclipse.jdt.ui.PackageExplorer" StartDate="2014-10-31 09:51:05.155 JST" StructureHandle="=CutPlanner_A/src&amp;lt;cp.main" StructureKind="java"/><InteractionEvent Delta="null" EndDate="2014-10-31 10:22:34.690 JST" Interest="29.263" Kind="propagation" Navigation="org.eclipse.mylyn.core.model.edges.containment" OriginId="org.eclipse.mylyn.core.model.interest.propagation" StartDate="2014-10-31 09:51:06.933 JST" StructureHandle="=CutPlanner_A/src&amp;lt;cp.main" StructureKind="java" NumEvents="36" CreationCount="32"/><InteractionEvent Delta="null" EndDate="2014-10-31 09:50:01.964 JST" Interest="3.1" Kind="propagation" Navigation="org.eclipse.mylyn.core.model.edges.containment" OriginId="org.eclipse.mylyn.core.model.interest.propagation" StartDate="2014-10-31 09:47:15.383 JST" StructureHandle="=SL3/src&amp;lt;sl3.utils" StructureKind="java" NumEvents="4" CreationCount="1"/><InteractionEvent Delta="null" EndDate="2014-10-31 10:13:53.964 JST" Interest="1.0" Kind="selection" Navigation="null" OriginId="org.eclipse.jdt.ui.CompilationUnitEditor" StartDate="2014-10-31 10:13:53.964 JST" StructureHandle="=CutPlanner_A/src&amp;lt;cp.utils{CONS.java[CONS[Canvas^p1" StructureKind="java"/><InteractionEvent Delta="null" EndDate="2014-10-31 10:11:58.91 JST" Interest="2.0" Kind="edit" Navigation="null" OriginId="org.eclipse.jdt.ui.CompilationUnitEditor" StartDate="2014-10-31 10:11:58.86 JST" StructureHandle="=CutPlanner_A/src&amp;lt;cp.views{CV.java[CV~draw_Boxes_B~QActivity;" StructureKind="java" NumEvents="2" CreationCount="356"/><InteractionEvent Delta="null" EndDate="2014-10-31 10:11:58.81 JST" Interest="1.0" Kind="selection" Navigation="null" OriginId="org.eclipse.jdt.ui.CompilationUnitEditor" StartDate="2014-10-31 10:11:58.81 JST" StructureHandle="=CutPlanner_A/src&amp;lt;cp.views{CV.java[CV~draw_Boxes_B~QActivity;" StructureKind="java"/><InteractionEvent Delta="null" EndDate="2014-10-31 09:50:19.428 JST" Interest="1.0" Kind="selection" Navigation="null" OriginId="org.eclipse.jdt.ui.PackageExplorer" StartDate="2014-10-31 09:50:19.428 JST" StructureHandle="=CutPlanner_A/src&amp;lt;cp.listeners.dialog" StructureKind="java"/><InteractionEvent Delta="null" EndDate="2014-10-31 09:58:12.87 JST" Interest="1.0" Kind="selection" Navigation="null" OriginId="org.eclipse.ui.views.ContentOutline" StartDate="2014-10-31 09:58:12.87 JST" StructureHandle="=LM1/src&amp;lt;lm1.listeners.buttons{BO_CL.java%lm1.listeners.buttons" StructureKind="java"/><InteractionEvent Delta="null" EndDate="2014-10-31 10:22:34.690 JST" Interest="18.0" Kind="selection" Navigation="null" OriginId="org.eclipse.jdt.ui.CompilationUnitEditor" StartDate="2014-10-31 09:51:06.932 JST" StructureHandle="=CutPlanner_A/src&amp;lt;cp.main{MainActv.java" StructureKind="java" NumEvents="18" CreationCount="33"/><InteractionEvent Delta="null" EndDate="2014-10-31 10:16:01.460 JST" Interest="10.968" Kind="propagation" Navigation="org.eclipse.mylyn.core.model.edges.containment" OriginId="org.eclipse.mylyn.core.model.interest.propagation" StartDate="2014-10-31 09:55:46.623 JST" StructureHandle="=CutPlanner_A/src&amp;lt;cp.main{MainActv.java" StructureKind="java" NumEvents="19" CreationCount="33"/><InteractionEvent Delta="null" EndDate="2014-10-31 09:55:39.581 JST" Interest="1.2780001" Kind="manipulation" Navigation="null" OriginId="org.eclipse.mylyn.core.model.interest.decay.correction" StartDate="2014-10-31 09:55:39.581 JST" StructureHandle="=CutPlanner_A/src&amp;lt;cp.main{MainActv.java" StructureKind="java"/><InteractionEvent Delta="null" EndDate="2014-10-31 10:27:40.396 JST" Interest="6.0" Kind="prediction" Navigation="null" OriginId="org.eclipse.mylyn.resources.ui.interest.updater" StartDate="2014-10-31 09:52:36.115 JST" StructureHandle="/CutPlanner_A/bin/CutPlanner_A.apk" StructureKind="resource" NumEvents="6" CreationCount="68"/><InteractionEvent Delta="null" EndDate="2014-10-31 10:22:11.785 JST" Interest="25.034" Kind="propagation" Navigation="org.eclipse.mylyn.core.model.edges.containment" OriginId="org.eclipse.mylyn.core.model.interest.propagation" StartDate="2014-10-31 09:57:53.489 JST" StructureHandle="/LM1/src/lm1/listeners" StructureKind="resource" NumEvents="27" CreationCount="216"/><InteractionEvent Delta="null" EndDate="2014-10-31 10:22:11.785 JST" Interest="25.017" Kind="propagation" Navigation="org.eclipse.mylyn.core.model.edges.containment" OriginId="org.eclipse.mylyn.core.model.interest.propagation" StartDate="2014-10-31 09:58:08.267 JST" StructureHandle="/LM1/src/lm1/listeners/buttons" StructureKind="resource" NumEvents="26" CreationCount="217"/><InteractionEvent Delta="null" EndDate="2014-10-31 10:21:55.352 JST" Interest="23.602001" Kind="propagation" Navigation="org.eclipse.mylyn.core.model.edges.containment" OriginId="org.eclipse.mylyn.core.model.interest.propagation" StartDate="2014-10-31 10:13:49.411 JST" StructureHandle="=CutPlanner_A/src&amp;lt;cp.utils" StructureKind="java" NumEvents="37" CreationCount="422"/><InteractionEvent Delta="null" EndDate="2014-10-31 09:50:01.962 JST" Interest="4.0" Kind="propagation" Navigation="null" OriginId="org.eclipse.jdt.ui.CompilationUnitEditor" StartDate="2014-10-31 09:47:15.380 JST" StructureHandle="/SL3/src/sl3/utils/Methods.java" StructureKind="resource" NumEvents="4" CreationCount="1"/><InteractionEvent Delta="null" EndDate="2014-10-31 09:57:53.489 JST" Interest="1.0" Kind="selection" Navigation="null" OriginId="org.eclipse.ui.views.ResourceNavigator" StartDate="2014-10-31 09:57:53.489 JST" StructureHandle="=LM1/src&amp;lt;lm1.listeners" StructureKind="java"/><InteractionEvent Delta="null" EndDate="2014-10-31 09:58:08.267 JST" Interest="1.0" Kind="selection" Navigation="null" OriginId="org.eclipse.ui.views.ResourceNavigator" StartDate="2014-10-31 09:58:08.267 JST" StructureHandle="=LM1/src&amp;lt;lm1.listeners.buttons" StructureKind="java"/><InteractionEvent Delta="null" EndDate="2014-10-31 10:22:11.618 JST" Interest="14.968" Kind="propagation" Navigation="org.eclipse.mylyn.core.model.edges.containment" OriginId="org.eclipse.mylyn.core.model.interest.propagation" StartDate="2014-10-31 09:58:09.762 JST" StructureHandle="=LM1/src&amp;lt;lm1.listeners.buttons" StructureKind="java" NumEvents="20" CreationCount="217"/><InteractionEvent Delta="null" EndDate="2014-10-31 10:32:38.31 JST" Interest="863.01697" Kind="propagation" Navigation="null" OriginId="org.eclipse.jdt.ui.CompilationUnitEditor" StartDate="2014-10-31 09:50:08.669 JST" StructureHandle="/CutPlanner_A/src" StructureKind="resource" NumEvents="867" CreationCount="6"/><InteractionEvent Delta="null" EndDate="2014-10-31 09:50:31.953 JST" Interest="4.0" Kind="selection" Navigation="null" OriginId="org.eclipse.jdt.ui.PackageExplorer" StartDate="2014-10-31 09:50:08.669 JST" StructureHandle="=CutPlanner_A/src" StructureKind="java" NumEvents="4" CreationCount="6"/><InteractionEvent Delta="null" EndDate="2014-10-31 10:25:05.783 JST" Interest="151.80103" Kind="propagation" Navigation="org.eclipse.mylyn.core.model.edges.containment" OriginId="org.eclipse.mylyn.core.model.interest.propagation" StartDate="2014-10-31 09:50:12.293 JST" StructureHandle="=CutPlanner_A/src" StructureKind="java" NumEvents="222" CreationCount="6"/><InteractionEvent Delta="null" EndDate="2014-10-31 09:52:36.115 JST" Interest="1.0" Kind="propagation" Navigation="org.eclipse.mylyn.core.model.edges.containment" OriginId="org.eclipse.mylyn.core.model.interest.propagation" StartDate="2014-10-31 09:52:36.115 JST" StructureHandle="/CutPlanner_A/bin" StructureKind="resource"/><InteractionEvent Delta="null" EndDate="2014-10-31 09:53:40.136 JST" Interest="6.0" Kind="edit" Navigation="null" OriginId="org.eclipse.jdt.ui.CompilationUnitEditor" StartDate="2014-10-31 09:51:22.120 JST" StructureHandle="=CutPlanner_A/src&amp;lt;cp.views{CV.java[CV~draw_Boxes_A~QActivity;" StructureKind="java" NumEvents="6" CreationCount="39"/><InteractionEvent Delta="null" EndDate="2014-10-31 09:53:25.610 JST" Interest="3.0" Kind="selection" Navigation="null" OriginId="org.eclipse.jdt.ui.CompilationUnitEditor" StartDate="2014-10-31 09:51:21.531 JST" StructureHandle="=CutPlanner_A/src&amp;lt;cp.views{CV.java[CV~draw_Boxes_A~QActivity;" StructureKind="java" NumEvents="3" CreationCount="39"/><InteractionEvent Delta="null" EndDate="2014-10-31 10:20:25.720 JST" Interest="211.0" Kind="propagation" Navigation="null" OriginId="org.eclipse.jdt.ui.CompilationUnitEditor" StartDate="2014-10-31 09:50:12.292 JST" StructureHandle="/CutPlanner_A/src/cp/listeners/view" StructureKind="resource" NumEvents="211" CreationCount="7"/><InteractionEvent Delta="null" EndDate="2014-10-31 10:22:02.268 JST" Interest="6.0" Kind="edit" Navigation="null" OriginId="org.eclipse.jdt.ui.CompilationUnitEditor" StartDate="2014-10-31 10:13:57.941 JST" StructureHandle="=CutPlanner_A/src&amp;lt;cp.utils{CONS.java[CONS[Canvas" StructureKind="java" NumEvents="6" CreationCount="423"/><InteractionEvent Delta="null" EndDate="2014-10-31 10:22:01.382 JST" Interest="10.0" Kind="selection" Navigation="null" OriginId="org.eclipse.jdt.ui.CompilationUnitEditor" StartDate="2014-10-31 10:13:57.381 JST" StructureHandle="=CutPlanner_A/src&amp;lt;cp.utils{CONS.java[CONS[Canvas" StructureKind="java" NumEvents="10" CreationCount="423"/><InteractionEvent Delta="null" EndDate="2014-10-31 10:15:22.446 JST" Interest="8.085" Kind="propagation" Navigation="org.eclipse.mylyn.core.model.edges.containment" OriginId="org.eclipse.mylyn.core.model.interest.propagation" StartDate="2014-10-31 10:13:50.160 JST" StructureHandle="=CutPlanner_A/src&amp;lt;cp.utils{CONS.java[CONS[Canvas" StructureKind="java" NumEvents="11" CreationCount="423"/><InteractionEvent Delta="null" EndDate="2014-10-31 09:50:35.666 JST" Interest="1.0" Kind="selection" Navigation="null" OriginId="org.eclipse.jdt.ui.CompilationUnitEditor" StartDate="2014-10-31 09:50:35.666 JST" StructureHandle="=CutPlanner_A/src&amp;lt;cp.listeners.view{V_OTL.java#android.view.View" StructureKind="java"/><InteractionEvent Delta="null" EndDate="2014-10-31 10:17:29.275 JST" Interest="3.0" Kind="edit" Navigation="null" OriginId="org.eclipse.jdt.ui.CompilationUnitEditor" StartDate="2014-10-31 10:16:47.702 JST" StructureHandle="=CutPlanner_A/src&amp;lt;cp.utils{CONS.java[CONS[Canvas^p_Cir_A" StructureKind="java" NumEvents="3" CreationCount="511"/><InteractionEvent Delta="null" EndDate="2014-10-31 10:17:27.797 JST" Interest="3.0" Kind="selection" Navigation="null" OriginId="org.eclipse.jdt.ui.CompilationUnitEditor" StartDate="2014-10-31 10:16:46.529 JST" StructureHandle="=CutPlanner_A/src&amp;lt;cp.utils{CONS.java[CONS[Canvas^p_Cir_A" StructureKind="java" NumEvents="3" CreationCount="511"/><InteractionEvent Delta="null" EndDate="2014-10-31 09:50:33.481 JST" Interest="1.0" Kind="selection" Navigation="null" OriginId="org.eclipse.jdt.ui.PackageExplorer" StartDate="2014-10-31 09:50:33.481 JST" StructureHandle="=CutPlanner_A/gen" StructureKind="java"/><InteractionEvent Delta="null" EndDate="2014-10-31 09:50:01.963 JST" Interest="4.0" Kind="propagation" Navigation="org.eclipse.mylyn.core.model.edges.containment" OriginId="org.eclipse.mylyn.core.model.interest.propagation" StartDate="2014-10-31 09:47:15.381 JST" StructureHandle="/SL3/src" StructureKind="resource" NumEvents="4" CreationCount="1"/><InteractionEvent Delta="null" EndDate="2014-10-31 10:22:02.269 JST" Interest="22.285002" Kind="propagation" Navigation="org.eclipse.mylyn.core.model.edges.containment" OriginId="org.eclipse.mylyn.core.model.interest.propagation" StartDate="2014-10-31 10:13:50.161 JST" StructureHandle="=CutPlanner_A/src&amp;lt;cp.utils{CONS.java[CONS" StructureKind="java" NumEvents="30" CreationCount="423"/><InteractionEvent Delta="null" EndDate="2014-10-31 09:57:50.643 JST" Interest="1.0" Kind="selection" Navigation="null" OriginId="org.eclipse.ui.views.ResourceNavigator" StartDate="2014-10-31 09:57:50.643 JST" StructureHandle="=LM1/src" StructureKind="java"/><InteractionEvent Delta="null" EndDate="2014-10-31 10:22:11.619 JST" Interest="15.019" Kind="propagation" Navigation="org.eclipse.mylyn.core.model.edges.containment" OriginId="org.eclipse.mylyn.core.model.interest.propagation" StartDate="2014-10-31 09:57:51.39 JST" StructureHandle="=LM1/src" StructureKind="java" NumEvents="24" CreationCount="214"/><InteractionEvent Delta="null" EndDate="2014-10-31 10:01:00.233 JST" Interest="12.0" Kind="edit" Navigation="null" OriginId="org.eclipse.jdt.ui.CompilationUnitEditor" StartDate="2014-10-31 09:59:58.764 JST" StructureHandle="=CutPlanner_A/src&amp;lt;cp.listeners.view{V_OTL.java[V_OTL~onTouchEvent~QMotionEvent;" StructureKind="java" NumEvents="12" CreationCount="26"/><InteractionEvent Delta="null" EndDate="2014-10-31 10:00:40.824 JST" Interest="5.0" Kind="selection" Navigation="null" OriginId="org.eclipse.jdt.ui.CompilationUnitEditor" StartDate="2014-10-31 09:50:49.137 JST" StructureHandle="=CutPlanner_A/src&amp;lt;cp.listeners.view{V_OTL.java[V_OTL~onTouchEvent~QMotionEvent;" StructureKind="java" NumEvents="5" CreationCount="26"/><InteractionEvent Delta="null" EndDate="2014-10-31 09:59:58.109 JST" Interest="2.0630002" Kind="manipulation" Navigation="null" OriginId="org.eclipse.mylyn.core.model.interest.decay.correction" StartDate="2014-10-31 09:59:58.109 JST" StructureHandle="=CutPlanner_A/src&amp;lt;cp.listeners.view{V_OTL.java[V_OTL~onTouchEvent~QMotionEvent;" StructureKind="java"/><InteractionEvent Delta="null" EndDate="2014-10-31 10:22:09.234 JST" Interest="3.0" Kind="selection" Navigation="null" OriginId="org.eclipse.jdt.ui.CompilationUnitEditor" StartDate="2014-10-31 10:22:03.150 JST" StructureHandle="=CutPlanner_A/src&amp;lt;cp.utils{CONS.java[CONS[Canvas^Draw_Circle_A" StructureKind="java" NumEvents="3" CreationCount="773"/><InteractionEvent Delta="null" EndDate="2014-10-31 10:20:25.720 JST" Interest="211.0" Kind="propagation" Navigation="org.eclipse.mylyn.core.model.edges.containment" OriginId="org.eclipse.mylyn.core.model.interest.propagation" StartDate="2014-10-31 09:50:12.292 JST" StructureHandle="/CutPlanner_A/src/cp/listeners" StructureKind="resource" NumEvents="212" CreationCount="7"/><InteractionEvent Delta="null" EndDate="2014-10-31 10:23:00.286 JST" Interest="61.312" Kind="propagation" Navigation="org.eclipse.mylyn.core.model.edges.containment" OriginId="org.eclipse.mylyn.core.model.interest.propagation" StartDate="2014-10-31 09:51:05.156 JST" StructureHandle="/CutPlanner_A/src/cp/main" StructureKind="resource" NumEvents="61" CreationCount="32"/><InteractionEvent Delta="null" EndDate="2014-10-31 10:22:09.234 JST" Interest="89.0" Kind="propagation" Navigation="null" OriginId="org.eclipse.jdt.ui.CompilationUnitEditor" StartDate="2014-10-31 10:13:49.411 JST" StructureHandle="/CutPlanner_A/src/cp/utils/CONS.java" StructureKind="resource" NumEvents="89" CreationCount="422"/><InteractionEvent Delta="null" EndDate="2014-10-31 10:22:11.785 JST" Interest="25.0" Kind="propagation" Navigation="null" OriginId="org.eclipse.jdt.ui.CompilationUnitEditor" StartDate="2014-10-31 09:58:09.762 JST" StructureHandle="/LM1/src/lm1/listeners/buttons/BO_CL.java" StructureKind="resource" NumEvents="25" CreationCount="218"/><InteractionEvent Delta="null" EndDate="2014-10-31 10:22:11.786 JST" Interest="30.0" Kind="propagation" Navigation="null" OriginId="org.eclipse.jdt.ui.CompilationUnitEditor" StartDate="2014-10-31 09:57:47.897 JST" StructureHandle="/LM1" StructureKind="resource" NumEvents="30" CreationCount="213"/><InteractionEvent Delta="null" EndDate="2014-10-31 10:32:38.30 JST" Interest="498.0" Kind="propagation" Navigation="null" OriginId="org.eclipse.jdt.ui.CompilationUnitEditor" StartDate="2014-10-31 09:51:09.832 JST" StructureHandle="/CutPlanner_A/src/cp/views/CV.java" StructureKind="resource" NumEvents="498" CreationCount="35"/><InteractionEvent Delta="null" EndDate="2014-10-31 10:23:00.286 JST" Interest="12.0" Kind="edit" Navigation="null" OriginId="org.eclipse.jdt.ui.CompilationUnitEditor" StartDate="2014-10-31 10:22:35.397 JST" StructureHandle="=CutPlanner_A/src&amp;lt;cp.main{MainActv.java[MainActv~_test_DrawLine" StructureKind="java" NumEvents="12" CreationCount="787"/><InteractionEvent Delta="null" EndDate="2014-10-31 10:22:35.385 JST" Interest="1.0" Kind="selection" Navigation="null" OriginId="org.eclipse.jdt.ui.CompilationUnitEditor" StartDate="2014-10-31 10:22:35.385 JST" StructureHandle="=CutPlanner_A/src&amp;lt;cp.main{MainActv.java[MainActv~_test_DrawLine" StructureKind="java"/><InteractionEvent Delta="null" EndDate="2014-10-31 10:23:00.286 JST" Interest="60.0" Kind="propagation" Navigation="null" OriginId="org.eclipse.jdt.ui.CompilationUnitEditor" StartDate="2014-10-31 09:51:06.933 JST" StructureHandle="/CutPlanner_A/src/cp/main/MainActv.java" StructureKind="resource" NumEvents="60" CreationCount="33"/><InteractionEvent Delta="null" EndDate="2014-10-31 09:55:39.582 JST" Interest="1.2950001" Kind="manipulation" Navigation="null" OriginId="org.eclipse.mylyn.core.model.interest.decay.correction" StartDate="2014-10-31 09:55:39.582 JST" StructureHandle="/CutPlanner_A/src/cp/main/MainActv.java" StructureKind="resource"/><InteractionEvent Delta="null" EndDate="2014-10-31 09:57:47.897 JST" Interest="1.0" Kind="selection" Navigation="null" OriginId="org.eclipse.ui.views.ResourceNavigator" StartDate="2014-10-31 09:57:47.897 JST" StructureHandle="=LM1" StructureKind="java"/><InteractionEvent Delta="null" EndDate="2014-10-31 10:22:11.785 JST" Interest="24.085" Kind="propagation" Navigation="org.eclipse.mylyn.core.model.edges.containment" OriginId="org.eclipse.mylyn.core.model.interest.propagation" StartDate="2014-10-31 09:57:50.643 JST" StructureHandle="=LM1" StructureKind="resource" NumEvents="29" CreationCount="213"/><InteractionEvent Delta="null" EndDate="2014-10-31 09:50:22.634 JST" Interest="1.0" Kind="edit" Navigation="null" OriginId="org.eclipse.jdt.ui.CompilationUnitEditor" StartDate="2014-10-31 09:50:22.634 JST" StructureHandle="=CutPlanner_A/src&amp;lt;cp.listeners.view{V_OTL.java" StructureKind="java"/><InteractionEvent Delta="null" EndDate="2014-10-31 10:19:10.811 JST" Interest="14.0" Kind="selection" Navigation="null" OriginId="org.eclipse.jdt.ui.CompilationUnitEditor" StartDate="2014-10-31 09:50:22.69 JST" StructureHandle="=CutPlanner_A/src&amp;lt;cp.listeners.view{V_OTL.java" StructureKind="java" NumEvents="14" CreationCount="11"/><InteractionEvent Delta="null" EndDate="2014-10-31 10:20:25.720 JST" Interest="96.07201" Kind="propagation" Navigation="org.eclipse.mylyn.core.model.edges.containment" OriginId="org.eclipse.mylyn.core.model.interest.propagation" StartDate="2014-10-31 09:51:31.357 JST" StructureHandle="=CutPlanner_A/src&amp;lt;cp.listeners.view{V_OTL.java" StructureKind="java" NumEvents="139" CreationCount="11"/><InteractionEvent Delta="null" EndDate="2014-10-31 09:50:01.963 JST" Interest="4.0" Kind="propagation" Navigation="org.eclipse.mylyn.core.model.edges.containment" OriginId="org.eclipse.mylyn.core.model.interest.propagation" StartDate="2014-10-31 09:47:15.381 JST" StructureHandle="/SL3/src/sl3" StructureKind="resource" NumEvents="4" CreationCount="1"/><InteractionEvent Delta="null" EndDate="2014-10-31 10:22:11.785 JST" Interest="25.067999" Kind="propagation" Navigation="org.eclipse.mylyn.core.model.edges.containment" OriginId="org.eclipse.mylyn.core.model.interest.propagation" StartDate="2014-10-31 09:57:50.643 JST" StructureHandle="/LM1/src" StructureKind="resource" NumEvents="29" CreationCount="214"/><InteractionEvent Delta="null" EndDate="2014-10-31 09:50:33.481 JST" Interest="1.0" Kind="propagation" Navigation="null" OriginId="org.eclipse.jdt.ui.PackageExplorer" StartDate="2014-10-31 09:50:33.481 JST" StructureHandle="/CutPlanner_A/gen" StructureKind="resource"/><InteractionEvent Delta="null" EndDate="2014-10-31 10:32:38.32 JST" Interest="872.0" Kind="propagation" Navigation="null" OriginId="org.eclipse.jdt.ui.CompilationUnitEditor" StartDate="2014-10-31 09:50:04.278 JST" StructureHandle="/CutPlanner_A" StructureKind="resource" NumEvents="872" CreationCount="5"/><InteractionEvent Delta="null" EndDate="2014-10-31 10:27:40.396 JST" Interest="6.0" Kind="prediction" Navigation="null" OriginId="org.eclipse.mylyn.resources.ui.interest.updater" StartDate="2014-10-31 09:52:36.115 JST" StructureHandle="/CutPlanner_A/bin/classes.dex" StructureKind="resource" NumEvents="6" CreationCount="68"/><InteractionEvent Delta="null" EndDate="2014-10-31 10:16:07.640 JST" Interest="1.0" Kind="edit" Navigation="null" OriginId="org.eclipse.jdt.ui.CompilationUnitEditor" StartDate="2014-10-31 10:16:07.640 JST" StructureHandle="=CutPlanner_A/src&amp;lt;cp.utils{CONS.java[CONS[Canvas^lineWidth_B" StructureKind="java"/><InteractionEvent Delta="null" EndDate="2014-10-31 10:16:05.986 JST" Interest="1.0" Kind="selection" Navigation="null" OriginId="org.eclipse.jdt.ui.CompilationUnitEditor" StartDate="2014-10-31 10:16:05.986 JST" StructureHandle="=CutPlanner_A/src&amp;lt;cp.utils{CONS.java[CONS[Canvas^lineWidth_B" StructureKind="java"/><InteractionEvent Delta="null" EndDate="2014-10-31 10:22:09.235 JST" Interest="89.0" Kind="propagation" Navigation="org.eclipse.mylyn.core.model.edges.containment" OriginId="org.eclipse.mylyn.core.model.interest.propagation" StartDate="2014-10-31 10:13:49.411 JST" StructureHandle="/CutPlanner_A/src/cp/utils" StructureKind="resource" NumEvents="89" CreationCount="422"/><InteractionEvent Delta="null" EndDate="2014-10-31 10:32:38.29 JST" Interest="142.0" Kind="edit" Navigation="null" OriginId="org.eclipse.jdt.ui.CompilationUnitEditor" StartDate="2014-10-31 10:05:29.221 JST" StructureHandle="=CutPlanner_A/src&amp;lt;cp.views{CV.java[CV~onDraw~QCanvas;" StructureKind="java" NumEvents="142" CreationCount="330"/><InteractionEvent Delta="null" EndDate="2014-10-31 10:25:58.292 JST" Interest="9.0" Kind="selection" Navigation="null" OriginId="org.eclipse.jdt.ui.CompilationUnitEditor" StartDate="2014-10-31 10:05:28.657 JST" StructureHandle="=CutPlanner_A/src&amp;lt;cp.views{CV.java[CV~onDraw~QCanvas;" StructureKind="java" NumEvents="9" CreationCount="330"/></InteractionHistory>