<?xml version="1.0" encoding="UTF-8"?><InteractionHistory Id="local-48" Version="1"><InteractionEvent Delta="null" EndDate="2014-09-03 15:12:29.376 JST" Interest="42.411007" Kind="propagation" Navigation="org.eclipse.mylyn.core.model.edges.containment" OriginId="org.eclipse.mylyn.core.model.interest.propagation" StartDate="2014-09-03 14:59:26.933 JST" StructureHandle="" StructureKind="java" NumEvents="51" CreationCount="57"/><InteractionEvent Delta="null" EndDate="2014-09-03 15:17:22.736 JST" Interest="1.0" Kind="propagation" Navigation="null" OriginId="org.eclipse.mylyn.resources.ui.interest.updater" StartDate="2014-09-03 15:17:22.736 JST" StructureHandle="/TA2/src/ta2/utils/CONS.java" StructureKind="resource"/><InteractionEvent Delta="null" EndDate="2014-09-03 15:12:01.886 JST" Interest="12.0" Kind="edit" Navigation="null" OriginId="org.eclipse.jdt.ui.CompilationUnitEditor" StartDate="2014-09-03 14:57:53.398 JST" StructureHandle="=TA2/src&amp;lt;ta2.items{Pref_Dropdown.java[Pref_Dropdown~onBindView~QView;" StructureKind="java" NumEvents="12" CreationCount="20"/><InteractionEvent Delta="null" EndDate="2014-09-03 15:11:55.150 JST" Interest="3.0" Kind="selection" Navigation="null" OriginId="org.eclipse.jdt.ui.CompilationUnitEditor" StartDate="2014-09-03 14:57:52.275 JST" StructureHandle="=TA2/src&amp;lt;ta2.items{Pref_Dropdown.java[Pref_Dropdown~onBindView~QView;" StructureKind="java" NumEvents="3" CreationCount="20"/><InteractionEvent Delta="null" EndDate="2014-09-03 15:03:35.293 JST" Interest="4.0" Kind="selection" Navigation="null" OriginId="org.eclipse.ui.views.ResourceNavigator" StartDate="2014-09-03 15:03:16.294 JST" StructureHandle="/SL2_deprecated_20140612_095508/res/layout/main.xml" StructureKind="resource" NumEvents="4" CreationCount="82"/><InteractionEvent Delta="null" EndDate="2014-09-03 15:04:05.206 JST" Interest="1.0" Kind="propagation" Navigation="null" OriginId="org.eclipse.mylyn.resources.ui.interest.updater" StartDate="2014-09-03 15:04:05.206 JST" StructureHandle="/ShoppingList/bin/res" StructureKind="resource"/><InteractionEvent Delta="null" EndDate="2014-09-03 15:06:21.97 JST" Interest="44.0" Kind="propagation" Navigation="null" OriginId="org.eclipse.jdt.ui.CompilationUnitEditor" StartDate="2014-09-03 15:01:22.685 JST" StructureHandle="/SL2_deprecated_20140612_095508" StructureKind="resource" NumEvents="44" CreationCount="58"/><InteractionEvent Delta="null" EndDate="2014-09-03 15:17:22.736 JST" Interest="2.0" Kind="propagation" Navigation="null" OriginId="org.eclipse.mylyn.resources.ui.interest.updater" StartDate="2014-09-03 15:17:22.733 JST" StructureHandle="/TA2/src/ta2/utils" StructureKind="resource" NumEvents="2" CreationCount="241"/><InteractionEvent Delta="null" EndDate="2014-09-03 15:17:22.733 JST" Interest="1.0" Kind="propagation" Navigation="null" OriginId="org.eclipse.mylyn.resources.ui.interest.updater" StartDate="2014-09-03 15:17:22.733 JST" StructureHandle="/TA2/src/ta2/utils/DBUtils.java" StructureKind="resource"/><InteractionEvent Delta="null" EndDate="2014-09-03 15:17:26.155 JST" Interest="77.017" Kind="propagation" Navigation="org.eclipse.mylyn.core.model.edges.containment" OriginId="org.eclipse.mylyn.core.model.interest.propagation" StartDate="2014-09-03 14:57:16.339 JST" StructureHandle="/TA2/src/ta2" StructureKind="resource" NumEvents="78" CreationCount="2"/><InteractionEvent Delta="null" EndDate="2014-09-03 15:17:20.5 JST" Interest="1.0" Kind="prediction" Navigation="null" OriginId="org.eclipse.mylyn.resources.ui.interest.updater" StartDate="2014-09-03 15:17:20.5 JST" StructureHandle="/TA2/AndroidManifest.xml" StructureKind="resource"/><InteractionEvent Delta="null" EndDate="2014-09-03 15:17:26.154 JST" Interest="75.0" Kind="propagation" Navigation="null" OriginId="org.eclipse.jdt.ui.CompilationUnitEditor" StartDate="2014-09-03 14:57:29.819 JST" StructureHandle="/TA2/src/ta2/items/Pref_Dropdown.java" StructureKind="resource" NumEvents="75" CreationCount="4"/><InteractionEvent Delta="null" EndDate="2014-09-03 15:08:40.932 JST" Interest="5.0" Kind="edit" Navigation="null" OriginId="org.eclipse.jdt.ui.CompilationUnitEditor" StartDate="2014-09-03 15:07:08.117 JST" StructureHandle="=ShoppingList/src&amp;lt;sl.listeners{ItemSelectedListener.java[ItemSelectedListener~onItemSelected~QAdapterView\&amp;lt;*&amp;gt;;~QView;~I~J" StructureKind="java" NumEvents="5" CreationCount="141"/><InteractionEvent Delta="null" EndDate="2014-09-03 15:08:39.632 JST" Interest="3.0" Kind="selection" Navigation="null" OriginId="org.eclipse.jdt.ui.CompilationUnitEditor" StartDate="2014-09-03 15:07:06.702 JST" StructureHandle="=ShoppingList/src&amp;lt;sl.listeners{ItemSelectedListener.java[ItemSelectedListener~onItemSelected~QAdapterView\&amp;lt;*&amp;gt;;~QView;~I~J" StructureKind="java" NumEvents="3" CreationCount="141"/><InteractionEvent Delta="null" EndDate="2014-09-03 15:04:23.284 JST" Interest="2.0" Kind="selection" Navigation="null" OriginId="org.eclipse.ui.views.ResourceNavigator" StartDate="2014-09-03 15:04:19.603 JST" StructureHandle="/ShoppingList/res/layout/dlg_save_tobuy_list.xml" StructureKind="resource" NumEvents="2" CreationCount="104"/><InteractionEvent Delta="null" EndDate="2014-09-03 15:08:47.169 JST" Interest="8.617001" Kind="propagation" Navigation="org.eclipse.mylyn.core.model.edges.containment" OriginId="org.eclipse.mylyn.core.model.interest.propagation" StartDate="2014-09-03 15:07:06.703 JST" StructureHandle="=ShoppingList/src&amp;lt;sl.listeners{ItemSelectedListener.java" StructureKind="java" NumEvents="12" CreationCount="140"/><InteractionEvent Delta="null" EndDate="2014-09-03 15:07:05.910 JST" Interest="1.0" Kind="selection" Navigation="null" OriginId="org.eclipse.jdt.ui.CompilationUnitEditor" StartDate="2014-09-03 15:07:05.910 JST" StructureHandle="=ShoppingList/src&amp;lt;sl.listeners{ItemSelectedListener.java" StructureKind="java"/><InteractionEvent Delta="null" EndDate="2014-09-03 15:11:52.260 JST" Interest="5.5260005" Kind="propagation" Navigation="org.eclipse.mylyn.core.model.edges.containment" OriginId="org.eclipse.mylyn.core.model.interest.propagation" StartDate="2014-09-03 14:58:04.894 JST" StructureHandle="=TA2/src&amp;lt;ta2.items{Pref_Dropdown.java[Pref_Dropdown" StructureKind="java" NumEvents="8" CreationCount="7"/><InteractionEvent Delta="null" EndDate="2014-09-03 15:14:24.499 JST" Interest="7.0" Kind="edit" Navigation="null" OriginId="org.eclipse.jdt.ui.CompilationUnitEditor" StartDate="2014-09-03 14:57:36.815 JST" StructureHandle="=TA2/src&amp;lt;ta2.items{Pref_Dropdown.java[Pref_Dropdown" StructureKind="java" NumEvents="7" CreationCount="7"/><InteractionEvent Delta="null" EndDate="2014-09-03 15:12:25.988 JST" Interest="4.0" Kind="selection" Navigation="null" OriginId="org.eclipse.jdt.ui.CompilationUnitEditor" StartDate="2014-09-03 14:57:34.788 JST" StructureHandle="=TA2/src&amp;lt;ta2.items{Pref_Dropdown.java[Pref_Dropdown" StructureKind="java" NumEvents="4" CreationCount="7"/><InteractionEvent Delta="null" EndDate="2014-09-03 15:17:26.433 JST" Interest="9.186999" Kind="propagation" Navigation="org.eclipse.mylyn.core.model.edges.containment" OriginId="org.eclipse.mylyn.core.model.interest.propagation" StartDate="2014-09-03 15:04:14.116 JST" StructureHandle="/ShoppingList/res/layout" StructureKind="resource" NumEvents="11" CreationCount="98"/><InteractionEvent Delta="null" EndDate="2014-09-03 15:04:11.797 JST" Interest="1.0" Kind="selection" Navigation="null" OriginId="org.eclipse.ui.views.ResourceNavigator" StartDate="2014-09-03 15:04:11.797 JST" StructureHandle="/ShoppingList/res/layout" StructureKind="resource"/><InteractionEvent Delta="null" EndDate="2014-09-03 15:11:15.777 JST" Interest="28.0" Kind="propagation" Navigation="null" OriginId="org.eclipse.jdt.ui.CompilationUnitEditor" StartDate="2014-09-03 15:07:21.489 JST" StructureHandle="/ShoppingList/src/sl/main/TabActv.java" StructureKind="resource" NumEvents="28" CreationCount="146"/><InteractionEvent Delta="null" EndDate="2014-09-03 15:08:47.169 JST" Interest="13.0" Kind="propagation" Navigation="null" OriginId="org.eclipse.jdt.ui.CompilationUnitEditor" StartDate="2014-09-03 15:07:05.910 JST" StructureHandle="/ShoppingList/src/sl/listeners/ItemSelectedListener.java" StructureKind="resource" NumEvents="13" CreationCount="140"/><InteractionEvent Delta="null" EndDate="2014-09-03 15:01:31.197 JST" Interest="1.0" Kind="selection" Navigation="null" OriginId="org.eclipse.ui.views.ResourceNavigator" StartDate="2014-09-03 15:01:31.197 JST" StructureHandle="=SL2_deprecated_20140612_095508/src&amp;lt;sl2.main{RegisterItemActv.java" StructureKind="java"/><InteractionEvent Delta="null" EndDate="2014-09-03 15:06:21.95 JST" Interest="18.0" Kind="propagation" Navigation="null" OriginId="org.eclipse.jdt.ui.CompilationUnitEditor" StartDate="2014-09-03 15:01:30.480 JST" StructureHandle="/SL2_deprecated_20140612_095508/src/sl2/main/MainActv.java" StructureKind="resource" NumEvents="18" CreationCount="62"/><InteractionEvent Delta="null" EndDate="2014-09-03 15:17:20.1 JST" Interest="8.0" Kind="edit" Navigation="null" OriginId="org.eclipse.jdt.ui.CompilationUnitEditor" StartDate="2014-09-03 15:12:09.765 JST" StructureHandle="=TA2/src&amp;lt;ta2.items{Pref_Dropdown.java[Pref_Dropdown~onGetDefaultValue~QTypedArray;~I" StructureKind="java" NumEvents="8" CreationCount="185"/><InteractionEvent Delta="null" EndDate="2014-09-03 15:17:25.588 JST" Interest="4.0" Kind="selection" Navigation="null" OriginId="org.eclipse.jdt.ui.CompilationUnitEditor" StartDate="2014-09-03 15:11:23.496 JST" StructureHandle="=TA2/src&amp;lt;ta2.items{Pref_Dropdown.java[Pref_Dropdown~onGetDefaultValue~QTypedArray;~I" StructureKind="java" NumEvents="4" CreationCount="185"/><InteractionEvent Delta="null" EndDate="2014-09-03 15:13:02.733 JST" Interest="1.0" Kind="prediction" Navigation="null" OriginId="org.eclipse.mylyn.resources.ui.interest.updater" StartDate="2014-09-03 15:13:02.733 JST" StructureHandle="/TA2/bin/TA2.apk" StructureKind="resource"/><InteractionEvent Delta="null" EndDate="2014-09-03 15:17:20.5 JST" Interest="1.0" Kind="prediction" Navigation="null" OriginId="org.eclipse.mylyn.resources.ui.interest.updater" StartDate="2014-09-03 15:17:20.5 JST" StructureHandle="/TA2/res/values/array.xml" StructureKind="resource"/><InteractionEvent Delta="null" EndDate="2014-09-03 15:17:22.730 JST" Interest="1.0" Kind="prediction" Navigation="null" OriginId="org.eclipse.mylyn.resources.ui.interest.updater" StartDate="2014-09-03 15:17:22.730 JST" StructureHandle="=TA2/src&amp;lt;ta2.utils{DBUtils.java" StructureKind="java"/><InteractionEvent Delta="null" EndDate="2014-09-03 15:01:31.197 JST" Interest="1.0" Kind="propagation" Navigation="null" OriginId="org.eclipse.ui.views.ResourceNavigator" StartDate="2014-09-03 15:01:31.197 JST" StructureHandle="/SL2_deprecated_20140612_095508/src/sl2/main/RegisterItemActv.java" StructureKind="resource"/><InteractionEvent Delta="null" EndDate="2014-09-03 14:59:26.933 JST" Interest="1.0" Kind="selection" Navigation="null" OriginId="org.eclipse.ui.views.ResourceNavigator" StartDate="2014-09-03 14:59:26.933 JST" StructureHandle="=IFM11" StructureKind="java"/><InteractionEvent Delta="null" EndDate="2014-09-03 15:17:20.5 JST" Interest="1.0" Kind="prediction" Navigation="null" OriginId="org.eclipse.mylyn.resources.ui.interest.updater" StartDate="2014-09-03 15:17:20.5 JST" StructureHandle="/TA2/res/values/strings.xml" StructureKind="resource"/><InteractionEvent Delta="null" EndDate="2014-09-03 15:17:26.433 JST" Interest="144.034" Kind="propagation" Navigation="null" OriginId="com.android.ide.eclipse.editors.CommonXmlEditor" StartDate="2014-09-03 14:57:14.792 JST" StructureHandle="/" StructureKind="resource" NumEvents="147" CreationCount="1"/><InteractionEvent Delta="null" EndDate="2014-09-03 14:57:48.991 JST" Interest="3.0" Kind="selection" Navigation="null" OriginId="org.eclipse.ui.views.ContentOutline" StartDate="2014-09-03 14:57:47.939 JST" StructureHandle="=TA2/src&amp;lt;ta2.items{Pref_Dropdown.java[Pref_Dropdown~onProgressChanged~QSeekBar;~I~Z" StructureKind="java" NumEvents="3" CreationCount="14"/><InteractionEvent Delta="null" EndDate="2014-09-03 15:11:15.776 JST" Interest="11.0" Kind="edit" Navigation="null" OriginId="org.eclipse.jdt.ui.CompilationUnitEditor" StartDate="2014-09-03 15:08:59.58 JST" StructureHandle="=ShoppingList/src&amp;lt;sl.main{TabActv.java[TabActv~setupListeners" StructureKind="java" NumEvents="11" CreationCount="170"/><InteractionEvent Delta="null" EndDate="2014-09-03 15:08:59.47 JST" Interest="1.0" Kind="selection" Navigation="null" OriginId="org.eclipse.jdt.ui.CompilationUnitEditor" StartDate="2014-09-03 15:08:59.47 JST" StructureHandle="=ShoppingList/src&amp;lt;sl.main{TabActv.java[TabActv~setupListeners" StructureKind="java"/><InteractionEvent Delta="null" EndDate="2014-09-03 15:17:22.732 JST" Interest="1.0" Kind="prediction" Navigation="null" OriginId="org.eclipse.mylyn.resources.ui.interest.updater" StartDate="2014-09-03 15:17:22.732 JST" StructureHandle="=TA2/src&amp;lt;ta2.items{SeekBarPreference.java" StructureKind="java"/><InteractionEvent Delta="null" EndDate="2014-09-03 14:57:17.105 JST" Interest="1.0" Kind="selection" Navigation="null" OriginId="org.eclipse.jdt.ui.PackageExplorer" StartDate="2014-09-03 14:57:17.105 JST" StructureHandle="=TA2/src&amp;lt;ta2.items{SeekBarPreference.java" StructureKind="java"/><InteractionEvent Delta="null" EndDate="2014-09-03 15:13:02.734 JST" Interest="1.0" Kind="propagation" Navigation="org.eclipse.mylyn.core.model.edges.containment" OriginId="org.eclipse.mylyn.core.model.interest.propagation" StartDate="2014-09-03 15:13:02.734 JST" StructureHandle="/TA2/bin" StructureKind="resource"/><InteractionEvent Delta="null" EndDate="2014-09-03 15:17:22.731 JST" Interest="1.0" Kind="prediction" Navigation="null" OriginId="org.eclipse.mylyn.resources.ui.interest.updater" StartDate="2014-09-03 15:17:22.731 JST" StructureHandle="=TA2/src&amp;lt;ta2.main{ShowListActv.java" StructureKind="java"/><InteractionEvent Delta="null" EndDate="2014-09-03 15:17:22.736 JST" Interest="2.0" Kind="propagation" Navigation="null" OriginId="org.eclipse.mylyn.resources.ui.interest.updater" StartDate="2014-09-03 15:17:22.735 JST" StructureHandle="/TA2/src/ta2/main" StructureKind="resource" NumEvents="2" CreationCount="241"/><InteractionEvent Delta="null" EndDate="2014-09-03 14:58:39.397 JST" Interest="1.0" Kind="propagation" Navigation="null" OriginId="org.eclipse.mylyn.resources.ui.interest.updater" StartDate="2014-09-03 14:58:39.397 JST" StructureHandle="/TA2/res/layout/pref_dropdown.xml" StructureKind="resource"/><InteractionEvent Delta="null" EndDate="2014-09-03 15:05:21.685 JST" Interest="4.0" Kind="edit" Navigation="null" OriginId="com.android.ide.eclipse.editors.CommonXmlEditor" StartDate="2014-09-03 14:58:53.590 JST" StructureHandle="/TA2/res/layout/pref_dropdown.xml" StructureKind="resource" NumEvents="4" CreationCount="37"/><InteractionEvent Delta="null" EndDate="2014-09-03 15:11:18.12 JST" Interest="11.0" Kind="selection" Navigation="null" OriginId="com.android.ide.eclipse.editors.CommonXmlEditor" StartDate="2014-09-03 14:58:52.287 JST" StructureHandle="/TA2/res/layout/pref_dropdown.xml" StructureKind="resource" NumEvents="11" CreationCount="37"/><InteractionEvent Delta="null" EndDate="2014-09-03 15:17:20.5 JST" Interest="1.0" Kind="prediction" Navigation="null" OriginId="org.eclipse.mylyn.resources.ui.interest.updater" StartDate="2014-09-03 15:17:20.5 JST" StructureHandle="/TA2/res/menu/menu_actv_showlist.xml" StructureKind="resource"/><InteractionEvent Delta="null" EndDate="2014-09-03 15:11:18.12 JST" Interest="9.885" Kind="propagation" Navigation="org.eclipse.mylyn.core.model.edges.containment" OriginId="org.eclipse.mylyn.core.model.interest.propagation" StartDate="2014-09-03 14:58:24.387 JST" StructureHandle="/TA2/res/layout" StructureKind="resource" NumEvents="12" CreationCount="32"/><InteractionEvent Delta="null" EndDate="2014-09-03 14:58:49.901 JST" Interest="5.0" Kind="selection" Navigation="null" OriginId="org.eclipse.jdt.ui.PackageExplorer" StartDate="2014-09-03 14:58:20.902 JST" StructureHandle="/TA2/res/layout" StructureKind="resource" NumEvents="5" CreationCount="32"/><InteractionEvent Delta="null" EndDate="2014-09-03 15:17:20.6 JST" Interest="1.0" Kind="propagation" Navigation="org.eclipse.mylyn.core.model.edges.containment" OriginId="org.eclipse.mylyn.core.model.interest.propagation" StartDate="2014-09-03 15:17:20.6 JST" StructureHandle="/TA2/res/menu" StructureKind="resource"/><InteractionEvent Delta="null" EndDate="2014-09-03 15:04:05.206 JST" Interest="1.0" Kind="propagation" Navigation="org.eclipse.mylyn.core.model.edges.containment" OriginId="org.eclipse.mylyn.core.model.interest.propagation" StartDate="2014-09-03 15:04:05.206 JST" StructureHandle="/ShoppingList/bin" StructureKind="resource"/><InteractionEvent Delta="null" EndDate="2014-09-03 15:08:47.169 JST" Interest="9.617001" Kind="propagation" Navigation="org.eclipse.mylyn.core.model.edges.containment" OriginId="org.eclipse.mylyn.core.model.interest.propagation" StartDate="2014-09-03 15:07:05.911 JST" StructureHandle="=ShoppingList/src&amp;lt;sl.listeners" StructureKind="java" NumEvents="13" CreationCount="140"/><InteractionEvent Delta="null" EndDate="2014-09-03 15:07:23.871 JST" Interest="1.0" Kind="selection" Navigation="null" OriginId="org.eclipse.jdt.ui.CompilationUnitEditor" StartDate="2014-09-03 15:07:23.871 JST" StructureHandle="=ShoppingList/src&amp;lt;sl.main{TabActv.java#android.widget.TextView" StructureKind="java"/><InteractionEvent Delta="null" EndDate="2014-09-03 14:57:48.993 JST" Interest="2.0" Kind="selection" Navigation="null" OriginId="org.eclipse.ui.views.ContentOutline" StartDate="2014-09-03 14:57:48.503 JST" StructureHandle="=TA2/src&amp;lt;ta2.items{Pref_Dropdown.java[Pref_Dropdown~onStartTrackingTouch~QSeekBar;" StructureKind="java" NumEvents="2" CreationCount="16"/><InteractionEvent Delta="null" EndDate="2014-09-03 15:08:47.169 JST" Interest="9.617001" Kind="propagation" Navigation="org.eclipse.mylyn.core.model.edges.containment" OriginId="org.eclipse.mylyn.core.model.interest.propagation" StartDate="2014-09-03 15:07:05.911 JST" StructureHandle="=ShoppingList/src" StructureKind="java" NumEvents="15" CreationCount="140"/><InteractionEvent Delta="null" EndDate="2014-09-03 15:12:30.940 JST" Interest="1.0" Kind="selection" Navigation="null" OriginId="org.eclipse.ui.views.ResourceNavigator" StartDate="2014-09-03 15:12:30.940 JST" StructureHandle="/ShoppingList/res/layout/dlg_template_3choices_tv.xml" StructureKind="resource"/><InteractionEvent Delta="null" EndDate="2014-09-03 15:02:09.436 JST" Interest="2.0" Kind="selection" Navigation="null" OriginId="org.eclipse.ui.views.ContentOutline" StartDate="2014-09-03 15:02:08.4 JST" StructureHandle="=SL2_deprecated_20140612_095508/src&amp;lt;sl2.main{MainActv.java[MainActv~onCreate~QBundle;" StructureKind="java" NumEvents="2" CreationCount="68"/><InteractionEvent Delta="null" EndDate="2014-09-03 15:06:21.96 JST" Interest="18.050995" Kind="propagation" Navigation="org.eclipse.mylyn.core.model.edges.containment" OriginId="org.eclipse.mylyn.core.model.interest.propagation" StartDate="2014-09-03 15:01:25.258 JST" StructureHandle="/SL2_deprecated_20140612_095508/src" StructureKind="resource" NumEvents="23" CreationCount="59"/><InteractionEvent Delta="null" EndDate="2014-09-03 15:08:40.933 JST" Interest="6.5" Kind="propagation" Navigation="org.eclipse.mylyn.core.model.edges.containment" OriginId="org.eclipse.mylyn.core.model.interest.propagation" StartDate="2014-09-03 15:07:06.703 JST" StructureHandle="=ShoppingList/src&amp;lt;sl.listeners{ItemSelectedListener.java[ItemSelectedListener" StructureKind="java" NumEvents="8" CreationCount="141"/><InteractionEvent Delta="null" EndDate="2014-09-03 15:08:47.168 JST" Interest="3.0" Kind="edit" Navigation="null" OriginId="org.eclipse.jdt.ui.CompilationUnitEditor" StartDate="2014-09-03 15:08:45.561 JST" StructureHandle="=ShoppingList/src&amp;lt;sl.listeners{ItemSelectedListener.java[ItemSelectedListener" StructureKind="java" NumEvents="3" CreationCount="141"/><InteractionEvent Delta="null" EndDate="2014-09-03 15:08:45.559 JST" Interest="1.0" Kind="selection" Navigation="null" OriginId="org.eclipse.jdt.ui.CompilationUnitEditor" StartDate="2014-09-03 15:08:45.559 JST" StructureHandle="=ShoppingList/src&amp;lt;sl.listeners{ItemSelectedListener.java[ItemSelectedListener" StructureKind="java"/><InteractionEvent Delta="null" EndDate="2014-09-03 15:06:09.252 JST" Interest="1.0" Kind="edit" Navigation="null" OriginId="com.android.ide.eclipse.editors.CommonXmlEditor" StartDate="2014-09-03 15:06:09.252 JST" StructureHandle="/TA2/res/layout/preference_widget_seekbar.xml" StructureKind="resource"/><InteractionEvent Delta="null" EndDate="2014-09-03 15:06:24.838 JST" Interest="6.0" Kind="selection" Navigation="null" OriginId="org.eclipse.jdt.ui.PackageExplorer" StartDate="2014-09-03 14:58:24.385 JST" StructureHandle="/TA2/res/layout/preference_widget_seekbar.xml" StructureKind="resource" NumEvents="6" CreationCount="34"/><InteractionEvent Delta="null" EndDate="2014-09-03 15:06:00.868 JST" Interest="5.0" Kind="edit" Navigation="null" OriginId="org.eclipse.jdt.ui.CompilationUnitEditor" StartDate="2014-09-03 14:58:46.548 JST" StructureHandle="=TA2/src&amp;lt;ta2.items{Pref_Dropdown.java[Pref_Dropdown~Pref_Dropdown~QContext;~QAttributeSet;" StructureKind="java" NumEvents="5" CreationCount="40"/><InteractionEvent Delta="null" EndDate="2014-09-03 15:17:26.154 JST" Interest="6.0" Kind="selection" Navigation="null" OriginId="org.eclipse.jdt.ui.CompilationUnitEditor" StartDate="2014-09-03 14:58:45.270 JST" StructureHandle="=TA2/src&amp;lt;ta2.items{Pref_Dropdown.java[Pref_Dropdown~Pref_Dropdown~QContext;~QAttributeSet;" StructureKind="java" NumEvents="6" CreationCount="40"/><InteractionEvent Delta="null" EndDate="2014-09-03 15:11:15.777 JST" Interest="9.056999" Kind="propagation" Navigation="org.eclipse.mylyn.core.model.edges.containment" OriginId="org.eclipse.mylyn.core.model.interest.propagation" StartDate="2014-09-03 15:07:24.649 JST" StructureHandle="=ShoppingList/src&amp;lt;sl.main{TabActv.java[TabActv" StructureKind="java" NumEvents="13" CreationCount="149"/><InteractionEvent Delta="null" EndDate="2014-09-03 15:06:06.365 JST" Interest="3.0" Kind="selection" Navigation="null" OriginId="org.eclipse.jdt.ui.PackageExplorer" StartDate="2014-09-03 14:59:24.191 JST" StructureHandle="/TA2/res/layout/dlg_tmpl_confirm_simple.xml" StructureKind="resource" NumEvents="3" CreationCount="55"/><InteractionEvent Delta="null" EndDate="2014-09-03 15:07:54.745 JST" Interest="9.0" Kind="edit" Navigation="null" OriginId="org.eclipse.jdt.ui.CompilationUnitEditor" StartDate="2014-09-03 15:07:24.658 JST" StructureHandle="=ShoppingList/src&amp;lt;sl.main{TabActv.java[TabActv~setupTabs__first" StructureKind="java" NumEvents="9" CreationCount="149"/><InteractionEvent Delta="null" EndDate="2014-09-03 15:07:24.648 JST" Interest="1.0" Kind="selection" Navigation="null" OriginId="org.eclipse.jdt.ui.CompilationUnitEditor" StartDate="2014-09-03 15:07:24.648 JST" StructureHandle="=ShoppingList/src&amp;lt;sl.main{TabActv.java[TabActv~setupTabs__first" StructureKind="java"/><InteractionEvent Delta="null" EndDate="2014-09-03 15:06:07.585 JST" Interest="4.0" Kind="selection" Navigation="null" OriginId="org.eclipse.jdt.ui.PackageExplorer" StartDate="2014-09-03 14:58:50.29 JST" StructureHandle="/TA2/res/layout/list_row_simple_iv_1.xml" StructureKind="resource" NumEvents="4" CreationCount="45"/><InteractionEvent Delta="null" EndDate="2014-09-03 15:06:21.96 JST" Interest="16.067997" Kind="propagation" Navigation="org.eclipse.mylyn.core.model.edges.containment" OriginId="org.eclipse.mylyn.core.model.interest.propagation" StartDate="2014-09-03 15:01:25.258 JST" StructureHandle="=SL2_deprecated_20140612_095508" StructureKind="resource" NumEvents="22" CreationCount="58"/><InteractionEvent Delta="null" EndDate="2014-09-03 15:03:44.932 JST" Interest="2.0" Kind="selection" Navigation="null" OriginId="org.eclipse.ui.views.ResourceNavigator" StartDate="2014-09-03 15:01:22.685 JST" StructureHandle="=SL2_deprecated_20140612_095508" StructureKind="java" NumEvents="2" CreationCount="58"/><InteractionEvent Delta="null" EndDate="2014-09-03 15:17:26.155 JST" Interest="77.017" Kind="propagation" Navigation="null" OriginId="org.eclipse.jdt.ui.CompilationUnitEditor" StartDate="2014-09-03 14:57:16.339 JST" StructureHandle="/TA2/src/ta2/items" StructureKind="resource" NumEvents="78" CreationCount="2"/><InteractionEvent Delta="null" EndDate="2014-09-03 15:11:15.777 JST" Interest="28.017" Kind="propagation" Navigation="org.eclipse.mylyn.core.model.edges.containment" OriginId="org.eclipse.mylyn.core.model.interest.propagation" StartDate="2014-09-03 15:07:20.282 JST" StructureHandle="/ShoppingList/src/sl/main" StructureKind="resource" NumEvents="29" CreationCount="145"/><InteractionEvent Delta="null" EndDate="2014-09-03 15:06:21.96 JST" Interest="6.0510006" Kind="propagation" Navigation="org.eclipse.mylyn.core.model.edges.containment" OriginId="org.eclipse.mylyn.core.model.interest.propagation" StartDate="2014-09-03 15:01:26.582 JST" StructureHandle="=SL2_deprecated_20140612_095508/src" StructureKind="java" NumEvents="14" CreationCount="59"/><InteractionEvent Delta="null" EndDate="2014-09-03 15:02:18.80 JST" Interest="2.0" Kind="selection" Navigation="null" OriginId="org.eclipse.ui.views.ResourceNavigator" StartDate="2014-09-03 15:01:25.258 JST" StructureHandle="=SL2_deprecated_20140612_095508/src" StructureKind="java" NumEvents="2" CreationCount="59"/><InteractionEvent Delta="null" EndDate="2014-09-03 15:03:42.329 JST" Interest="6.0340004" Kind="propagation" Navigation="org.eclipse.mylyn.core.model.edges.containment" OriginId="org.eclipse.mylyn.core.model.interest.propagation" StartDate="2014-09-03 15:02:20.137 JST" StructureHandle="/SL2_deprecated_20140612_095508/res" StructureKind="resource" NumEvents="9" CreationCount="74"/><InteractionEvent Delta="null" EndDate="2014-09-03 15:03:43.254 JST" Interest="2.0" Kind="selection" Navigation="null" OriginId="org.eclipse.ui.views.ResourceNavigator" StartDate="2014-09-03 15:02:18.534 JST" StructureHandle="/SL2_deprecated_20140612_095508/res" StructureKind="resource" NumEvents="2" CreationCount="74"/><InteractionEvent Delta="null" EndDate="2014-09-03 15:17:26.433 JST" Interest="65.0" Kind="propagation" Navigation="null" OriginId="com.android.ide.eclipse.editors.CommonXmlEditor" StartDate="2014-09-03 15:04:05.206 JST" StructureHandle="/ShoppingList" StructureKind="resource" NumEvents="65" CreationCount="95"/><InteractionEvent Delta="null" EndDate="2014-09-03 15:13:02.733 JST" Interest="1.0" Kind="prediction" Navigation="null" OriginId="org.eclipse.mylyn.resources.ui.interest.updater" StartDate="2014-09-03 15:13:02.733 JST" StructureHandle="/TA2/bin/resources.ap_" StructureKind="resource"/><InteractionEvent Delta="null" EndDate="2014-09-03 15:06:21.96 JST" Interest="7.017" Kind="propagation" Navigation="org.eclipse.mylyn.core.model.edges.containment" OriginId="org.eclipse.mylyn.core.model.interest.propagation" StartDate="2014-09-03 15:01:30.480 JST" StructureHandle="=SL2_deprecated_20140612_095508/src&amp;lt;sl2.main" StructureKind="java" NumEvents="11" CreationCount="61"/><InteractionEvent Delta="null" EndDate="2014-09-03 15:01:27.907 JST" Interest="1.0" Kind="selection" Navigation="null" OriginId="org.eclipse.ui.views.ResourceNavigator" StartDate="2014-09-03 15:01:27.907 JST" StructureHandle="=SL2_deprecated_20140612_095508/src&amp;lt;sl2.main" StructureKind="java"/><InteractionEvent Delta="null" EndDate="2014-09-03 15:17:20.6 JST" Interest="1.0" Kind="propagation" Navigation="org.eclipse.mylyn.core.model.edges.containment" OriginId="org.eclipse.mylyn.core.model.interest.propagation" StartDate="2014-09-03 15:17:20.6 JST" StructureHandle="/TA2/res/values" StructureKind="resource"/><InteractionEvent Delta="null" EndDate="2014-09-03 15:14:25.284 JST" Interest="12.511001" Kind="propagation" Navigation="org.eclipse.mylyn.core.model.edges.containment" OriginId="org.eclipse.mylyn.core.model.interest.propagation" StartDate="2014-09-03 14:57:17.106 JST" StructureHandle="=TA2/src&amp;lt;ta2.items" StructureKind="java" NumEvents="24" CreationCount="2"/><InteractionEvent Delta="null" EndDate="2014-09-03 14:57:18.431 JST" Interest="2.0" Kind="selection" Navigation="null" OriginId="org.eclipse.jdt.ui.PackageExplorer" StartDate="2014-09-03 14:57:16.339 JST" StructureHandle="=TA2/src&amp;lt;ta2.items" StructureKind="java" NumEvents="2" CreationCount="2"/><InteractionEvent Delta="null" EndDate="2014-09-03 15:04:27.668 JST" Interest="1.0" Kind="selection" Navigation="null" OriginId="org.eclipse.ui.views.ResourceNavigator" StartDate="2014-09-03 15:04:27.668 JST" StructureHandle="/ShoppingList/res/layout/registeritem.xml" StructureKind="resource"/><InteractionEvent Delta="null" EndDate="2014-09-03 15:04:17.896 JST" Interest="3.0" Kind="edit" Navigation="null" OriginId="org.eclipse.jdt.ui.CompilationUnitEditor" StartDate="2014-09-03 15:03:39.966 JST" StructureHandle="=SL2_deprecated_20140612_095508/src&amp;lt;sl2.main{MainActv.java[MainActv^tableName_stores" StructureKind="java" NumEvents="3" CreationCount="66"/><InteractionEvent Delta="null" EndDate="2014-09-03 15:06:21.95 JST" Interest="4.0" Kind="selection" Navigation="null" OriginId="org.eclipse.jdt.ui.CompilationUnitEditor" StartDate="2014-09-03 15:02:00.623 JST" StructureHandle="=SL2_deprecated_20140612_095508/src&amp;lt;sl2.main{MainActv.java[MainActv^tableName_stores" StructureKind="java" NumEvents="4" CreationCount="66"/><InteractionEvent Delta="null" EndDate="2014-09-03 15:11:15.777 JST" Interest="5.707999" Kind="propagation" Navigation="org.eclipse.mylyn.core.model.edges.containment" OriginId="org.eclipse.mylyn.core.model.interest.propagation" StartDate="2014-09-03 15:07:23.871 JST" StructureHandle="=ShoppingList/src&amp;lt;sl.main{TabActv.java" StructureKind="java" NumEvents="11" CreationCount="146"/><InteractionEvent Delta="null" EndDate="2014-09-03 15:08:58.403 JST" Interest="2.0" Kind="edit" Navigation="null" OriginId="org.eclipse.jdt.ui.CompilationUnitEditor" StartDate="2014-09-03 15:07:23.891 JST" StructureHandle="=ShoppingList/src&amp;lt;sl.main{TabActv.java" StructureKind="java" NumEvents="2" CreationCount="146"/><InteractionEvent Delta="null" EndDate="2014-09-03 15:08:54.752 JST" Interest="2.0" Kind="selection" Navigation="null" OriginId="org.eclipse.search.ui.views.SearchView" StartDate="2014-09-03 15:07:21.489 JST" StructureHandle="=ShoppingList/src&amp;lt;sl.main{TabActv.java" StructureKind="java" NumEvents="2" CreationCount="146"/><InteractionEvent Delta="null" EndDate="2014-09-03 15:03:40.494 JST" Interest="2.0" Kind="selection" Navigation="null" OriginId="org.eclipse.ui.views.ResourceNavigator" StartDate="2014-09-03 15:03:35.434 JST" StructureHandle="/SL2_deprecated_20140612_095508/res/layout/dlg_create_table.xml" StructureKind="resource" NumEvents="2" CreationCount="86"/><InteractionEvent Delta="null" EndDate="2014-09-03 15:17:26.432 JST" Interest="10.0" Kind="selection" Navigation="null" OriginId="com.android.ide.eclipse.editors.CommonXmlEditor" StartDate="2014-09-03 15:04:28.311 JST" StructureHandle="/ShoppingList/res/layout/itemlist_tabs.xml" StructureKind="resource" NumEvents="10" CreationCount="109"/><InteractionEvent Delta="null" EndDate="2014-09-03 15:03:38.539 JST" Interest="5.017" Kind="propagation" Navigation="org.eclipse.mylyn.core.model.edges.containment" OriginId="org.eclipse.mylyn.core.model.interest.propagation" StartDate="2014-09-03 15:02:26.564 JST" StructureHandle="/SL2_deprecated_20140612_095508/res/layout" StructureKind="resource" NumEvents="6" CreationCount="75"/><InteractionEvent Delta="null" EndDate="2014-09-03 15:03:42.329 JST" Interest="2.0" Kind="selection" Navigation="null" OriginId="org.eclipse.ui.views.ResourceNavigator" StartDate="2014-09-03 15:02:20.136 JST" StructureHandle="/SL2_deprecated_20140612_095508/res/layout" StructureKind="resource" NumEvents="2" CreationCount="75"/><InteractionEvent Delta="null" EndDate="2014-09-03 15:17:22.735 JST" Interest="1.0" Kind="propagation" Navigation="org.eclipse.mylyn.core.model.edges.containment" OriginId="org.eclipse.mylyn.core.model.interest.propagation" StartDate="2014-09-03 15:17:22.735 JST" StructureHandle="=TA2/src&amp;lt;ta2.main" StructureKind="java"/><InteractionEvent Delta="null" EndDate="2014-09-03 15:11:15.777 JST" Interest="28.102001" Kind="propagation" Navigation="org.eclipse.mylyn.core.model.edges.containment" OriginId="org.eclipse.mylyn.core.model.interest.propagation" StartDate="2014-09-03 15:07:05.910 JST" StructureHandle="/ShoppingList/src/sl" StructureKind="resource" NumEvents="29" CreationCount="140"/><InteractionEvent Delta="null" EndDate="2014-09-03 15:17:22.733 JST" Interest="1.0" Kind="propagation" Navigation="org.eclipse.mylyn.core.model.edges.containment" OriginId="org.eclipse.mylyn.core.model.interest.propagation" StartDate="2014-09-03 15:17:22.733 JST" StructureHandle="=TA2/src&amp;lt;ta2.utils" StructureKind="java"/><InteractionEvent Delta="null" EndDate="2014-09-03 15:17:22.731 JST" Interest="1.0" Kind="prediction" Navigation="null" OriginId="org.eclipse.mylyn.resources.ui.interest.updater" StartDate="2014-09-03 15:17:22.731 JST" StructureHandle="=TA2/src&amp;lt;ta2.main{PrefActv.java" StructureKind="java"/><InteractionEvent Delta="null" EndDate="2014-09-03 15:07:23.871 JST" Interest="1.0" Kind="propagation" Navigation="org.eclipse.mylyn.core.model.edges.containment" OriginId="org.eclipse.mylyn.core.model.interest.propagation" StartDate="2014-09-03 15:07:23.871 JST" StructureHandle="=ShoppingList/src&amp;lt;sl.main{TabActv.java#" StructureKind="java"/><InteractionEvent Delta="null" EndDate="2014-09-03 15:08:58.380 JST" Interest="1.0" Kind="selection" Navigation="null" OriginId="org.eclipse.jdt.ui.CompilationUnitEditor" StartDate="2014-09-03 15:08:58.380 JST" StructureHandle="=ShoppingList/src&amp;lt;sl.main{TabActv.java#" StructureKind="java"/><InteractionEvent Delta="null" EndDate="2014-09-03 15:17:28.416 JST" Interest="14.734001" Kind="propagation" Navigation="org.eclipse.mylyn.core.model.edges.containment" OriginId="org.eclipse.mylyn.core.model.interest.propagation" StartDate="2014-09-03 15:12:37.284 JST" StructureHandle="/TA2/res/xml" StructureKind="resource" NumEvents="19" CreationCount="218"/><InteractionEvent Delta="null" EndDate="2014-09-03 15:12:35.777 JST" Interest="2.0" Kind="selection" Navigation="null" OriginId="org.eclipse.jdt.ui.PackageExplorer" StartDate="2014-09-03 15:12:35.776 JST" StructureHandle="/TA2/res/xml" StructureKind="resource" NumEvents="2" CreationCount="218"/><InteractionEvent Delta="null" EndDate="2014-09-03 15:06:21.96 JST" Interest="18.033997" Kind="propagation" Navigation="org.eclipse.mylyn.core.model.edges.containment" OriginId="org.eclipse.mylyn.core.model.interest.propagation" StartDate="2014-09-03 15:01:26.581 JST" StructureHandle="/SL2_deprecated_20140612_095508/src/sl2" StructureKind="resource" NumEvents="21" CreationCount="60"/><InteractionEvent Delta="null" EndDate="2014-09-03 15:04:23.485 JST" Interest="1.0" Kind="selection" Navigation="null" OriginId="org.eclipse.ui.views.ResourceNavigator" StartDate="2014-09-03 15:04:23.485 JST" StructureHandle="/ShoppingList/res/layout/dlg_filter_list.xml" StructureKind="resource"/><InteractionEvent Delta="null" EndDate="2014-09-03 15:03:41.126 JST" Interest="1.0" Kind="selection" Navigation="null" OriginId="org.eclipse.ui.views.ResourceNavigator" StartDate="2014-09-03 15:03:41.126 JST" StructureHandle="/SL2_deprecated_20140612_095508/res/layout/dlg_input_empty.xml" StructureKind="resource"/><InteractionEvent Delta="null" EndDate="2014-09-03 15:08:47.169 JST" Interest="13.0" Kind="propagation" Navigation="org.eclipse.mylyn.core.model.edges.containment" OriginId="org.eclipse.mylyn.core.model.interest.propagation" StartDate="2014-09-03 15:07:05.910 JST" StructureHandle="/ShoppingList/src/sl/listeners" StructureKind="resource" NumEvents="13" CreationCount="140"/><InteractionEvent Delta="null" EndDate="2014-09-03 15:01:22.825 JST" Interest="1.0" Kind="prediction" Navigation="null" OriginId="org.eclipse.mylyn.resources.ui.interest.updater" StartDate="2014-09-03 15:01:22.825 JST" StructureHandle="/SL2_deprecated_20140612_095508/bin/AndroidManifest.xml" StructureKind="resource"/><InteractionEvent Delta="null" EndDate="2014-09-03 15:03:08.798 JST" Interest="1.0" Kind="selection" Navigation="null" OriginId="org.eclipse.ui.views.ResourceNavigator" StartDate="2014-09-03 15:03:08.798 JST" StructureHandle="/SL2_deprecated_20140612_095508/res/layout/adapteritem.xml" StructureKind="resource"/><InteractionEvent Delta="null" EndDate="2014-09-03 14:59:26.933 JST" Interest="1.0" Kind="propagation" Navigation="null" OriginId="org.eclipse.ui.views.ResourceNavigator" StartDate="2014-09-03 14:59:26.933 JST" StructureHandle="/IFM11" StructureKind="resource"/><InteractionEvent Delta="null" EndDate="2014-09-03 15:01:26.581 JST" Interest="1.0" Kind="selection" Navigation="null" OriginId="org.eclipse.ui.views.ResourceNavigator" StartDate="2014-09-03 15:01:26.581 JST" StructureHandle="=SL2_deprecated_20140612_095508/src&amp;lt;sl2" StructureKind="java"/><InteractionEvent Delta="null" EndDate="2014-09-03 15:04:06.931 JST" Interest="1.0" Kind="propagation" Navigation="null" OriginId="org.eclipse.mylyn.resources.ui.interest.updater" StartDate="2014-09-03 15:04:06.931 JST" StructureHandle="/ShoppingList/bin/AndroidManifest.xml" StructureKind="resource"/><InteractionEvent Delta="null" EndDate="2014-09-03 15:17:26.155 JST" Interest="81.034" Kind="propagation" Navigation="null" OriginId="org.eclipse.jdt.ui.CompilationUnitEditor" StartDate="2014-09-03 14:57:14.792 JST" StructureHandle="/TA2/src" StructureKind="resource" NumEvents="84" CreationCount="1"/><InteractionEvent Delta="null" EndDate="2014-09-03 15:12:32.268 JST" Interest="3.0" Kind="selection" Navigation="null" OriginId="org.eclipse.jdt.ui.PackageExplorer" StartDate="2014-09-03 15:06:24.987 JST" StructureHandle="/TA2/res/layout/dlg_tmpl_toast_ok.xml" StructureKind="resource" NumEvents="3" CreationCount="135"/><InteractionEvent Delta="null" EndDate="2014-09-03 15:17:22.734 JST" Interest="1.0" Kind="propagation" Navigation="null" OriginId="org.eclipse.mylyn.resources.ui.interest.updater" StartDate="2014-09-03 15:17:22.734 JST" StructureHandle="/TA2/src/ta2/adapters/Adp_MemoList.java" StructureKind="resource"/><InteractionEvent Delta="null" EndDate="2014-09-03 15:17:26.155 JST" Interest="80.034" Kind="propagation" Navigation="org.eclipse.mylyn.core.model.edges.containment" OriginId="org.eclipse.mylyn.core.model.interest.propagation" StartDate="2014-09-03 14:57:14.792 JST" StructureHandle="=TA2" StructureKind="resource" NumEvents="83" CreationCount="1"/><InteractionEvent Delta="null" EndDate="2014-09-03 15:17:20.710 JST" Interest="1.0" Kind="selection" Navigation="null" OriginId="org.eclipse.jdt.ui.PackageExplorer" StartDate="2014-09-03 15:17:20.710 JST" StructureHandle="=TA2" StructureKind="java"/><InteractionEvent Delta="null" EndDate="2014-09-03 15:17:22.735 JST" Interest="1.0" Kind="propagation" Navigation="null" OriginId="org.eclipse.mylyn.resources.ui.interest.updater" StartDate="2014-09-03 15:17:22.735 JST" StructureHandle="/TA2/src/ta2/main/PrefActv.java" StructureKind="resource"/><InteractionEvent Delta="null" EndDate="2014-09-03 15:06:21.12 JST" Interest="8.0" Kind="selection" Navigation="null" OriginId="org.eclipse.jdt.ui.CompilationUnitEditor" StartDate="2014-09-03 15:01:30.480 JST" StructureHandle="=SL2_deprecated_20140612_095508/src&amp;lt;sl2.main{MainActv.java" StructureKind="java" NumEvents="8" CreationCount="62"/><InteractionEvent Delta="null" EndDate="2014-09-03 15:12:34.302 JST" Interest="2.0" Kind="selection" Navigation="null" OriginId="org.eclipse.jdt.ui.PackageExplorer" StartDate="2014-09-03 15:12:34.301 JST" StructureHandle="/TA2/res/raw" StructureKind="resource" NumEvents="2" CreationCount="216"/><InteractionEvent Delta="null" EndDate="2014-09-03 15:17:22.735 JST" Interest="1.0" Kind="propagation" Navigation="null" OriginId="org.eclipse.mylyn.resources.ui.interest.updater" StartDate="2014-09-03 15:17:22.735 JST" StructureHandle="/TA2/src/ta2/main/ShowListActv.java" StructureKind="resource"/><InteractionEvent Delta="null" EndDate="2014-09-03 15:14:24.500 JST" Interest="8.477" Kind="propagation" Navigation="org.eclipse.mylyn.core.model.edges.containment" OriginId="org.eclipse.mylyn.core.model.interest.propagation" StartDate="2014-09-03 14:57:29.819 JST" StructureHandle="=TA2/src&amp;lt;ta2.items{Pref_Dropdown.java" StructureKind="java" NumEvents="13" CreationCount="4"/><InteractionEvent Delta="null" EndDate="2014-09-03 15:12:59.296 JST" Interest="6.0" Kind="selection" Navigation="null" OriginId="org.eclipse.jdt.ui.CompilationUnitEditor" StartDate="2014-09-03 14:57:31.462 JST" StructureHandle="=TA2/src&amp;lt;ta2.items{Pref_Dropdown.java" StructureKind="java" NumEvents="6" CreationCount="4"/><InteractionEvent Delta="null" EndDate="2014-09-03 15:11:26.288 JST" Interest="1.4820001" Kind="manipulation" Navigation="null" OriginId="org.eclipse.mylyn.core.model.interest.decay.correction" StartDate="2014-09-03 15:11:26.288 JST" StructureHandle="=TA2/src&amp;lt;ta2.items{Pref_Dropdown.java[Pref_Dropdown~onSetInitialValue~Z~QObject;" StructureKind="java"/><InteractionEvent Delta="null" EndDate="2014-09-03 15:11:52.260 JST" Interest="10.0" Kind="edit" Navigation="null" OriginId="org.eclipse.jdt.ui.CompilationUnitEditor" StartDate="2014-09-03 15:11:27.620 JST" StructureHandle="=TA2/src&amp;lt;ta2.items{Pref_Dropdown.java[Pref_Dropdown~onSetInitialValue~Z~QObject;" StructureKind="java" NumEvents="10" CreationCount="39"/><InteractionEvent Delta="null" EndDate="2014-09-03 15:14:25.283 JST" Interest="3.0" Kind="selection" Navigation="null" OriginId="org.eclipse.jdt.ui.CompilationUnitEditor" StartDate="2014-09-03 14:58:42.335 JST" StructureHandle="=TA2/src&amp;lt;ta2.items{Pref_Dropdown.java[Pref_Dropdown~onSetInitialValue~Z~QObject;" StructureKind="java" NumEvents="3" CreationCount="39"/><InteractionEvent Delta="null" EndDate="2014-09-03 15:13:02.733 JST" Interest="1.0" Kind="prediction" Navigation="null" OriginId="org.eclipse.mylyn.resources.ui.interest.updater" StartDate="2014-09-03 15:13:02.733 JST" StructureHandle="/TA2/bin/classes.dex" StructureKind="resource"/><InteractionEvent Delta="null" EndDate="2014-09-03 15:17:22.734 JST" Interest="1.0" Kind="propagation" Navigation="org.eclipse.mylyn.core.model.edges.containment" OriginId="org.eclipse.mylyn.core.model.interest.propagation" StartDate="2014-09-03 15:17:22.734 JST" StructureHandle="=TA2/src&amp;lt;ta2.adapters" StructureKind="java"/><InteractionEvent Delta="null" EndDate="2014-09-03 15:03:38.539 JST" Interest="6.0" Kind="selection" Navigation="null" OriginId="com.android.ide.eclipse.editors.CommonXmlEditor" StartDate="2014-09-03 15:02:26.564 JST" StructureHandle="/SL2_deprecated_20140612_095508/res/layout/shoppinglist.xml" StructureKind="resource" NumEvents="6" CreationCount="76"/><InteractionEvent Delta="null" EndDate="2014-09-03 15:17:28.416 JST" Interest="17.93" Kind="propagation" Navigation="org.eclipse.mylyn.core.model.edges.containment" OriginId="org.eclipse.mylyn.core.model.interest.propagation" StartDate="2014-09-03 14:58:20.903 JST" StructureHandle="/TA2/res" StructureKind="resource" NumEvents="25" CreationCount="30"/><InteractionEvent Delta="null" EndDate="2014-09-03 14:58:16.731 JST" Interest="2.0" Kind="selection" Navigation="null" OriginId="org.eclipse.jdt.ui.PackageExplorer" StartDate="2014-09-03 14:58:16.730 JST" StructureHandle="/TA2/res" StructureKind="resource" NumEvents="2" CreationCount="30"/><InteractionEvent Delta="null" EndDate="2014-09-03 15:17:22.731 JST" Interest="1.0" Kind="prediction" Navigation="null" OriginId="org.eclipse.mylyn.resources.ui.interest.updater" StartDate="2014-09-03 15:17:22.731 JST" StructureHandle="=TA2/src&amp;lt;ta2.adapters{Adp_MemoList.java" StructureKind="java"/><InteractionEvent Delta="null" EndDate="2014-09-03 15:11:15.777 JST" Interest="40.765003" Kind="propagation" Navigation="org.eclipse.mylyn.core.model.edges.containment" OriginId="org.eclipse.mylyn.core.model.interest.propagation" StartDate="2014-09-03 15:04:05.206 JST" StructureHandle="=ShoppingList" StructureKind="resource" NumEvents="45" CreationCount="95"/><InteractionEvent Delta="null" EndDate="2014-09-03 15:04:07.843 JST" Interest="1.0" Kind="selection" Navigation="null" OriginId="org.eclipse.ui.views.ResourceNavigator" StartDate="2014-09-03 15:04:07.843 JST" StructureHandle="=ShoppingList" StructureKind="java"/><InteractionEvent Delta="null" EndDate="2014-09-03 15:17:20.5 JST" Interest="1.0" Kind="prediction" Navigation="null" OriginId="org.eclipse.mylyn.resources.ui.interest.updater" StartDate="2014-09-03 15:17:20.5 JST" StructureHandle="/TA2/res/values/styles.xml" StructureKind="resource"/><InteractionEvent Delta="null" EndDate="2014-09-03 15:06:21.96 JST" Interest="18.016998" Kind="propagation" Navigation="org.eclipse.mylyn.core.model.edges.containment" OriginId="org.eclipse.mylyn.core.model.interest.propagation" StartDate="2014-09-03 15:01:27.907 JST" StructureHandle="/SL2_deprecated_20140612_095508/src/sl2/main" StructureKind="resource" NumEvents="20" CreationCount="61"/><InteractionEvent Delta="null" EndDate="2014-09-03 15:17:22.732 JST" Interest="1.0" Kind="prediction" Navigation="null" OriginId="org.eclipse.mylyn.resources.ui.interest.updater" StartDate="2014-09-03 15:17:22.732 JST" StructureHandle="=TA2/src&amp;lt;ta2.utils{CONS.java" StructureKind="java"/><InteractionEvent Delta="null" EndDate="2014-09-03 15:01:22.825 JST" Interest="1.0" Kind="propagation" Navigation="org.eclipse.mylyn.core.model.edges.containment" OriginId="org.eclipse.mylyn.core.model.interest.propagation" StartDate="2014-09-03 15:01:22.825 JST" StructureHandle="/SL2_deprecated_20140612_095508/bin" StructureKind="resource"/><InteractionEvent Delta="null" EndDate="2014-09-03 15:17:26.433 JST" Interest="9.2039995" Kind="propagation" Navigation="org.eclipse.mylyn.core.model.edges.containment" OriginId="org.eclipse.mylyn.core.model.interest.propagation" StartDate="2014-09-03 15:04:11.797 JST" StructureHandle="/ShoppingList/res" StructureKind="resource" NumEvents="12" CreationCount="97"/><InteractionEvent Delta="null" EndDate="2014-09-03 15:04:10.286 JST" Interest="1.0" Kind="selection" Navigation="null" OriginId="org.eclipse.ui.views.ResourceNavigator" StartDate="2014-09-03 15:04:10.286 JST" StructureHandle="/ShoppingList/res" StructureKind="resource"/><InteractionEvent Delta="null" EndDate="2014-09-03 15:04:19.365 JST" Interest="3.0" Kind="selection" Navigation="null" OriginId="org.eclipse.ui.views.ResourceNavigator" StartDate="2014-09-03 15:04:14.116 JST" StructureHandle="/ShoppingList/res/layout/actv_main.xml" StructureKind="resource" NumEvents="3" CreationCount="99"/><InteractionEvent Delta="null" EndDate="2014-09-03 15:02:01.829 JST" Interest="1.0" Kind="selection" Navigation="null" OriginId="org.eclipse.jdt.ui.CompilationUnitEditor" StartDate="2014-09-03 15:02:01.829 JST" StructureHandle="=SL2_deprecated_20140612_095508/src&amp;lt;sl2.main{MainActv.java[MainActv^col_types_shopping_item" StructureKind="java"/><InteractionEvent Delta="null" EndDate="2014-09-03 15:11:15.778 JST" Interest="42.0" Kind="propagation" Navigation="null" OriginId="org.eclipse.jdt.ui.CompilationUnitEditor" StartDate="2014-09-03 15:07:05.910 JST" StructureHandle="/ShoppingList/src" StructureKind="resource" NumEvents="42" CreationCount="140"/><InteractionEvent Delta="null" EndDate="2014-09-03 15:06:21.95 JST" Interest="6.1" Kind="propagation" Navigation="org.eclipse.mylyn.core.model.edges.containment" OriginId="org.eclipse.mylyn.core.model.interest.propagation" StartDate="2014-09-03 15:02:00.624 JST" StructureHandle="=SL2_deprecated_20140612_095508/src&amp;lt;sl2.main{MainActv.java[MainActv" StructureKind="java" NumEvents="9" CreationCount="66"/><InteractionEvent Delta="null" EndDate="2014-09-03 15:14:25.285 JST" Interest="13.528001" Kind="propagation" Navigation="org.eclipse.mylyn.core.model.edges.containment" OriginId="org.eclipse.mylyn.core.model.interest.propagation" StartDate="2014-09-03 14:57:16.339 JST" StructureHandle="=TA2/src" StructureKind="java" NumEvents="30" CreationCount="1"/><InteractionEvent Delta="null" EndDate="2014-09-03 14:57:14.791 JST" Interest="1.0" Kind="selection" Navigation="null" OriginId="org.eclipse.jdt.ui.PackageExplorer" StartDate="2014-09-03 14:57:14.791 JST" StructureHandle="=TA2/src" StructureKind="java"/><InteractionEvent Delta="null" EndDate="2014-09-03 15:17:22.734 JST" Interest="1.0" Kind="propagation" Navigation="org.eclipse.mylyn.core.model.edges.containment" OriginId="org.eclipse.mylyn.core.model.interest.propagation" StartDate="2014-09-03 15:17:22.734 JST" StructureHandle="/TA2/src/ta2/adapters" StructureKind="resource"/><InteractionEvent Delta="null" EndDate="2014-09-03 14:57:17.106 JST" Interest="1.0" Kind="propagation" Navigation="null" OriginId="org.eclipse.jdt.ui.PackageExplorer" StartDate="2014-09-03 14:57:17.106 JST" StructureHandle="/TA2/src/ta2/items/SeekBarPreference.java" StructureKind="resource"/><InteractionEvent Delta="null" EndDate="2014-09-03 15:11:15.778 JST" Interest="8.125" Kind="propagation" Navigation="org.eclipse.mylyn.core.model.edges.containment" OriginId="org.eclipse.mylyn.core.model.interest.propagation" StartDate="2014-09-03 15:07:21.490 JST" StructureHandle="=ShoppingList/src&amp;lt;sl.main" StructureKind="java" NumEvents="16" CreationCount="145"/><InteractionEvent Delta="null" EndDate="2014-09-03 15:07:20.282 JST" Interest="1.0" Kind="selection" Navigation="null" OriginId="org.eclipse.search.ui.views.SearchView" StartDate="2014-09-03 15:07:20.282 JST" StructureHandle="=ShoppingList/src&amp;lt;sl.main" StructureKind="java"/><InteractionEvent Delta="null" EndDate="2014-09-03 15:17:28.415 JST" Interest="11.0" Kind="edit" Navigation="null" OriginId="com.android.ide.eclipse.editors.CommonXmlEditor" StartDate="2014-09-03 15:12:37.599 JST" StructureHandle="/TA2/res/xml/pref_main.xml" StructureKind="resource" NumEvents="11" CreationCount="220"/><InteractionEvent Delta="null" EndDate="2014-09-03 15:17:28.358 JST" Interest="9.0" Kind="selection" Navigation="null" OriginId="com.android.ide.eclipse.editors.CommonXmlEditor" StartDate="2014-09-03 15:12:37.283 JST" StructureHandle="/TA2/res/xml/pref_main.xml" StructureKind="resource" NumEvents="9" CreationCount="220"/></InteractionHistory>