<?xml version="1.0" encoding="UTF-8"?><InteractionHistory Id="local-83" Version="1"><InteractionEvent Delta="null" EndDate="2014-09-17 21:32:50.965 JST" Interest="1.0" Kind="prediction" Navigation="null" OriginId="org.eclipse.mylyn.resources.ui.interest.updater" StartDate="2014-09-17 21:32:50.965 JST" StructureHandle="/SL3/bin/classes.dex" StructureKind="resource"/><InteractionEvent Delta="null" EndDate="2014-09-17 21:32:46.277 JST" Interest="167.017" Kind="propagation" Navigation="org.eclipse.mylyn.core.model.edges.containment" OriginId="org.eclipse.mylyn.core.model.interest.propagation" StartDate="2014-09-17 21:27:01.348 JST" StructureHandle="=SL3" StructureKind="resource" NumEvents="168" CreationCount="1"/><InteractionEvent Delta="null" EndDate="2014-09-17 21:31:51.274 JST" Interest="78.28" Kind="propagation" Navigation="org.eclipse.mylyn.core.model.edges.containment" OriginId="org.eclipse.mylyn.core.model.interest.propagation" StartDate="2014-09-17 21:27:01.348 JST" StructureHandle="=SL3/src" StructureKind="java" NumEvents="115" CreationCount="1"/><InteractionEvent Delta="null" EndDate="2014-09-17 21:27:01.348 JST" Interest="1.0" Kind="selection" Navigation="null" OriginId="org.eclipse.jdt.ui.PackageExplorer" StartDate="2014-09-17 21:27:01.348 JST" StructureHandle="=SL3/src&amp;lt;sl3.utils" StructureKind="java"/><InteractionEvent Delta="null" EndDate="2014-09-17 21:31:51.274 JST" Interest="77.28" Kind="propagation" Navigation="org.eclipse.mylyn.core.model.edges.containment" OriginId="org.eclipse.mylyn.core.model.interest.propagation" StartDate="2014-09-17 21:27:02.844 JST" StructureHandle="=SL3/src&amp;lt;sl3.utils" StructureKind="java" NumEvents="114" CreationCount="1"/><InteractionEvent Delta="null" EndDate="2014-09-17 21:32:46.277 JST" Interest="167.017" Kind="propagation" Navigation="org.eclipse.mylyn.core.model.edges.containment" OriginId="org.eclipse.mylyn.core.model.interest.propagation" StartDate="2014-09-17 21:27:01.348 JST" StructureHandle="/SL3/src" StructureKind="resource" NumEvents="168" CreationCount="1"/><InteractionEvent Delta="null" EndDate="2014-09-17 21:27:08.448 JST" Interest="3.0" Kind="selection" Navigation="null" OriginId="org.eclipse.jdt.ui.CompilationUnitEditor" StartDate="2014-09-17 21:27:05.252 JST" StructureHandle="=SL3/src&amp;lt;sl3.utils{Methods_sl.java[Methods_sl~getSI_FromNameAndStore~QActivity;~QString;~QString;" StructureKind="java" NumEvents="3" CreationCount="5"/><InteractionEvent Delta="null" EndDate="2014-09-17 21:32:50.965 JST" Interest="1.0" Kind="prediction" Navigation="null" OriginId="org.eclipse.mylyn.resources.ui.interest.updater" StartDate="2014-09-17 21:32:50.965 JST" StructureHandle="/SL3/bin/SL3.apk" StructureKind="resource"/><InteractionEvent Delta="null" EndDate="2014-09-17 21:32:46.277 JST" Interest="167.017" Kind="propagation" Navigation="org.eclipse.mylyn.core.model.edges.containment" OriginId="org.eclipse.mylyn.core.model.interest.propagation" StartDate="2014-09-17 21:27:01.348 JST" StructureHandle="/" StructureKind="resource" NumEvents="168" CreationCount="1"/><InteractionEvent Delta="null" EndDate="2014-09-17 21:32:46.276 JST" Interest="35.517" Kind="propagation" Navigation="org.eclipse.mylyn.core.model.edges.containment" OriginId="org.eclipse.mylyn.core.model.interest.propagation" StartDate="2014-09-17 21:27:05.253 JST" StructureHandle="=SL3/src&amp;lt;sl3.utils{Methods_sl.java[Methods_sl" StructureKind="java" NumEvents="51" CreationCount="5"/><InteractionEvent Delta="null" EndDate="2014-09-17 21:28:22.682 JST" Interest="1.0" Kind="selection" Navigation="null" OriginId="org.eclipse.jdt.ui.CompilationUnitEditor" StartDate="2014-09-17 21:28:22.682 JST" StructureHandle="=SL3/src&amp;lt;sl3.utils{Methods.java[Methods~conv_ToBuyList_to_SIList~QActivity;" StructureKind="java"/><InteractionEvent Delta="null" EndDate="2014-09-17 21:31:48.807 JST" Interest="108.0" Kind="edit" Navigation="null" OriginId="org.eclipse.jdt.ui.CompilationUnitEditor" StartDate="2014-09-17 21:28:24.470 JST" StructureHandle="=SL3/src&amp;lt;sl3.utils{Methods.java[Methods~conv_ToBuyList_to_SIList~QActivity;" StructureKind="java" NumEvents="108" CreationCount="41"/><InteractionEvent Delta="null" EndDate="2014-09-17 21:31:51.723 JST" Interest="3.0" Kind="selection" Navigation="null" OriginId="org.eclipse.jdt.ui.CompilationUnitEditor" StartDate="2014-09-17 21:27:02.843 JST" StructureHandle="=SL3/src&amp;lt;sl3.utils{Methods_sl.java" StructureKind="java" NumEvents="3" CreationCount="2"/><InteractionEvent Delta="null" EndDate="2014-09-17 21:32:46.277 JST" Interest="32.567997" Kind="propagation" Navigation="org.eclipse.mylyn.core.model.edges.containment" OriginId="org.eclipse.mylyn.core.model.interest.propagation" StartDate="2014-09-17 21:27:08.447 JST" StructureHandle="=SL3/src&amp;lt;sl3.utils{Methods_sl.java" StructureKind="java" NumEvents="49" CreationCount="2"/><InteractionEvent Delta="null" EndDate="2014-09-17 21:32:46.277 JST" Interest="167.017" Kind="propagation" Navigation="null" OriginId="org.eclipse.jdt.ui.CompilationUnitEditor" StartDate="2014-09-17 21:27:01.348 JST" StructureHandle="/SL3/src/sl3/utils" StructureKind="resource" NumEvents="168" CreationCount="1"/><InteractionEvent Delta="null" EndDate="2014-09-17 21:32:50.965 JST" Interest="1.0" Kind="propagation" Navigation="org.eclipse.mylyn.core.model.edges.containment" OriginId="org.eclipse.mylyn.core.model.interest.propagation" StartDate="2014-09-17 21:32:50.965 JST" StructureHandle="/SL3/bin" StructureKind="resource"/><InteractionEvent Delta="null" EndDate="2014-09-17 21:31:51.273 JST" Interest="111.0" Kind="propagation" Navigation="null" OriginId="org.eclipse.jdt.ui.CompilationUnitEditor" StartDate="2014-09-17 21:28:21.850 JST" StructureHandle="/SL3/src/sl3/utils/Methods.java" StructureKind="resource" NumEvents="111" CreationCount="40"/><InteractionEvent Delta="null" EndDate="2014-09-17 21:27:04.480 JST" Interest="1.0" Kind="selection" Navigation="null" OriginId="org.eclipse.ui.views.ContentOutline" StartDate="2014-09-17 21:27:04.480 JST" StructureHandle="=SL3/src&amp;lt;sl3.utils{Methods_sl.java%sl3.utils" StructureKind="java"/><InteractionEvent Delta="null" EndDate="2014-09-17 21:31:51.273 JST" Interest="1.0" Kind="selection" Navigation="null" OriginId="org.eclipse.jdt.ui.CompilationUnitEditor" StartDate="2014-09-17 21:31:51.273 JST" StructureHandle="=SL3/src&amp;lt;sl3.utils{Methods.java[Methods" StructureKind="java"/><InteractionEvent Delta="null" EndDate="2014-09-17 21:31:48.807 JST" Interest="76.6" Kind="propagation" Navigation="org.eclipse.mylyn.core.model.edges.containment" OriginId="org.eclipse.mylyn.core.model.interest.propagation" StartDate="2014-09-17 21:28:22.683 JST" StructureHandle="=SL3/src&amp;lt;sl3.utils{Methods.java[Methods" StructureKind="java" NumEvents="109" CreationCount="41"/><InteractionEvent Delta="null" EndDate="2014-09-17 21:32:46.277 JST" Interest="167.017" Kind="propagation" Navigation="org.eclipse.mylyn.core.model.edges.containment" OriginId="org.eclipse.mylyn.core.model.interest.propagation" StartDate="2014-09-17 21:27:01.348 JST" StructureHandle="/SL3/src/sl3" StructureKind="resource" NumEvents="168" CreationCount="1"/><InteractionEvent Delta="null" EndDate="2014-09-17 21:32:46.277 JST" Interest="56.0" Kind="propagation" Navigation="null" OriginId="org.eclipse.jdt.ui.CompilationUnitEditor" StartDate="2014-09-17 21:27:02.843 JST" StructureHandle="/SL3/src/sl3/utils/Methods_sl.java" StructureKind="resource" NumEvents="56" CreationCount="2"/><InteractionEvent Delta="null" EndDate="2014-09-17 21:28:21.850 JST" Interest="1.0" Kind="selection" Navigation="null" OriginId="org.eclipse.jdt.ui.CompilationUnitEditor" StartDate="2014-09-17 21:28:21.850 JST" StructureHandle="=SL3/src&amp;lt;sl3.utils{Methods.java" StructureKind="java"/><InteractionEvent Delta="null" EndDate="2014-09-17 21:31:51.273 JST" Interest="76.617004" Kind="propagation" Navigation="org.eclipse.mylyn.core.model.edges.containment" OriginId="org.eclipse.mylyn.core.model.interest.propagation" StartDate="2014-09-17 21:28:22.683 JST" StructureHandle="=SL3/src&amp;lt;sl3.utils{Methods.java" StructureKind="java" NumEvents="110" CreationCount="40"/><InteractionEvent Delta="null" EndDate="2014-09-17 21:31:51.855 JST" Interest="4.0" Kind="selection" Navigation="null" OriginId="org.eclipse.jdt.ui.CompilationUnitEditor" StartDate="2014-09-17 21:27:08.381 JST" StructureHandle="=SL3/src&amp;lt;sl3.utils{Methods_sl.java[Methods_sl~updateListView_ToBuyList~QActivity;" StructureKind="java" NumEvents="4" CreationCount="6"/><InteractionEvent Delta="null" EndDate="2014-09-17 21:32:46.276 JST" Interest="45.0" Kind="edit" Navigation="null" OriginId="org.eclipse.jdt.ui.CompilationUnitEditor" StartDate="2014-09-17 21:27:08.958 JST" StructureHandle="=SL3/src&amp;lt;sl3.utils{Methods_sl.java[Methods_sl~updateListView_ToBuyList~QActivity;" StructureKind="java" NumEvents="45" CreationCount="6"/></InteractionHistory>