<?xml version="1.0" encoding="UTF-8"?><InteractionHistory Id="local-121" Version="1"><InteractionEvent Delta="null" EndDate="2014-10-03 15:38:24.573 JST" Interest="59.937004" Kind="propagation" Navigation="org.eclipse.mylyn.core.model.edges.containment" OriginId="org.eclipse.mylyn.core.model.interest.propagation" StartDate="2014-10-03 14:51:59.442 JST" StructureHandle="" StructureKind="java" NumEvents="54" CreationCount="0"/><InteractionEvent Delta="null" EndDate="2014-10-03 16:26:57.551 JST" Interest="162.0" Kind="propagation" Navigation="null" OriginId="org.eclipse.jdt.ui.CompilationUnitEditor" StartDate="2014-10-03 14:55:21.714 JST" StructureHandle="/TA2/src/ta2/utils/CONS.java" StructureKind="resource" NumEvents="162" CreationCount="30"/><InteractionEvent Delta="null" EndDate="2014-10-03 15:27:34.487 JST" Interest="1.0" Kind="propagation" Navigation="org.eclipse.mylyn.core.model.edges.containment" OriginId="org.eclipse.mylyn.core.model.interest.propagation" StartDate="2014-10-03 15:27:34.487 JST" StructureHandle="/TA2/bin/res/crunch/drawable" StructureKind="resource"/><InteractionEvent Delta="null" EndDate="2014-10-03 15:04:23.357 JST" Interest="1.0" Kind="propagation" Navigation="null" OriginId="org.eclipse.jdt.ui.PackageExplorer" StartDate="2014-10-03 15:04:23.357 JST" StructureHandle="/TA2/src/ta2/utils/DBUtils.java" StructureKind="resource"/><InteractionEvent Delta="null" EndDate="2014-10-03 15:04:21.536 JST" Interest="1.0" Kind="selection" Navigation="null" OriginId="org.eclipse.jdt.ui.PackageExplorer" StartDate="2014-10-03 15:04:21.536 JST" StructureHandle="=TA2/src&amp;lt;ta2.main{MemoActv.java" StructureKind="java"/><InteractionEvent Delta="null" EndDate="2014-10-03 16:44:52.347 JST" Interest="1495.0" Kind="propagation" Navigation="null" OriginId="org.eclipse.jdt.ui.PackageExplorer" StartDate="2014-10-03 14:52:04.306 JST" StructureHandle="/TA2/src/ta2/utils" StructureKind="resource" NumEvents="1495" CreationCount="2"/><InteractionEvent Delta="null" EndDate="2014-10-03 15:43:04.181 JST" Interest="14.563001" Kind="propagation" Navigation="org.eclipse.mylyn.core.model.edges.containment" OriginId="org.eclipse.mylyn.core.model.interest.propagation" StartDate="2014-10-03 15:05:13.565 JST" StructureHandle="=TA2/&amp;lt;{Test.java#" StructureKind="java" NumEvents="4" CreationCount="433"/><InteractionEvent Delta="null" EndDate="2014-10-03 16:44:52.348 JST" Interest="1495.0" Kind="propagation" Navigation="org.eclipse.mylyn.core.model.edges.containment" OriginId="org.eclipse.mylyn.core.model.interest.propagation" StartDate="2014-10-03 14:52:04.306 JST" StructureHandle="/TA2/src/ta2" StructureKind="resource" NumEvents="1499" CreationCount="2"/><InteractionEvent Delta="null" EndDate="2014-10-03 16:27:01.132 JST" Interest="256.65598" Kind="propagation" Navigation="org.eclipse.mylyn.core.model.edges.containment" OriginId="org.eclipse.mylyn.core.model.interest.propagation" StartDate="2014-10-03 14:54:43.255 JST" StructureHandle="=TA2/src&amp;lt;ta2.main{PlayActv.java[PlayActv" StructureKind="java" NumEvents="358" CreationCount="17"/><InteractionEvent Delta="null" EndDate="2014-10-03 15:02:07.731 JST" Interest="4.0" Kind="edit" Navigation="null" OriginId="org.eclipse.jdt.ui.CompilationUnitEditor" StartDate="2014-10-03 14:57:21.972 JST" StructureHandle="=TA2/src&amp;lt;ta2.main{PlayActv.java[PlayActv" StructureKind="java" NumEvents="4" CreationCount="17"/><InteractionEvent Delta="null" EndDate="2014-10-03 15:02:07.728 JST" Interest="4.0" Kind="selection" Navigation="null" OriginId="org.eclipse.jdt.ui.CompilationUnitEditor" StartDate="2014-10-03 14:57:21.968 JST" StructureHandle="=TA2/src&amp;lt;ta2.main{PlayActv.java[PlayActv" StructureKind="java" NumEvents="4" CreationCount="17"/><InteractionEvent Delta="null" EndDate="2014-10-03 15:04:34.350 JST" Interest="3.0" Kind="selection" Navigation="null" OriginId="org.eclipse.jdt.ui.CompilationUnitEditor" StartDate="2014-10-03 15:04:26.631 JST" StructureHandle="=TA2/src&amp;lt;ta2.utils{Methods_dlg.java[Methods_dlg~conf_CreateTable_Patterns~QActivity;~QDialog;~QDialog;" StructureKind="java" NumEvents="3" CreationCount="411"/><InteractionEvent Delta="null" EndDate="2014-10-03 16:40:43.369 JST" Interest="167.0" Kind="edit" Navigation="null" OriginId="org.eclipse.jdt.ui.CompilationUnitEditor" StartDate="2014-10-03 16:23:30.563 JST" StructureHandle="=TA2/src&amp;lt;ta2.utils{Methods.java[Methods~recActv_Rec_2~QActivity;" StructureKind="java" NumEvents="167" CreationCount="1915"/><InteractionEvent Delta="null" EndDate="2014-10-03 16:40:31.539 JST" Interest="8.0" Kind="selection" Navigation="null" OriginId="org.eclipse.jdt.ui.CompilationUnitEditor" StartDate="2014-10-03 16:23:30.558 JST" StructureHandle="=TA2/src&amp;lt;ta2.utils{Methods.java[Methods~recActv_Rec_2~QActivity;" StructureKind="java" NumEvents="8" CreationCount="1915"/><InteractionEvent Delta="null" EndDate="2014-10-03 14:54:04.904 JST" Interest="2.0" Kind="edit" Navigation="null" OriginId="com.android.ide.eclipse.editors.manifest.ManifestEditor" StartDate="2014-10-03 14:54:02.944 JST" StructureHandle="/TA2/AndroidManifest.xml" StructureKind="resource" NumEvents="2" CreationCount="5"/><InteractionEvent Delta="null" EndDate="2014-10-03 14:54:08.691 JST" Interest="3.0" Kind="selection" Navigation="null" OriginId="org.eclipse.jdt.ui.PackageExplorer" StartDate="2014-10-03 14:53:56.883 JST" StructureHandle="/TA2/AndroidManifest.xml" StructureKind="resource" NumEvents="3" CreationCount="5"/><InteractionEvent Delta="null" EndDate="2014-10-03 15:08:26.572 JST" Interest="13.0" Kind="edit" Navigation="null" OriginId="org.eclipse.jdt.ui.CompilationUnitEditor" StartDate="2014-10-03 15:04:34.747 JST" StructureHandle="=TA2/src&amp;lt;ta2.utils{Methods_dlg.java[Methods_dlg~dlg_ShowListActv_LongClick~QActivity;~QMemo;" StructureKind="java" NumEvents="13" CreationCount="412"/><InteractionEvent Delta="null" EndDate="2014-10-03 15:55:55.394 JST" Interest="16.0" Kind="selection" Navigation="null" OriginId="org.eclipse.jdt.ui.CompilationUnitEditor" StartDate="2014-10-03 15:04:34.153 JST" StructureHandle="=TA2/src&amp;lt;ta2.utils{Methods_dlg.java[Methods_dlg~dlg_ShowListActv_LongClick~QActivity;~QMemo;" StructureKind="java" NumEvents="16" CreationCount="412"/><InteractionEvent Delta="null" EndDate="2014-10-03 15:04:13.774 JST" Interest="2.0" Kind="selection" Navigation="null" OriginId="org.eclipse.jdt.ui.CompilationUnitEditor" StartDate="2014-10-03 15:04:13.362 JST" StructureHandle="=TA2/src&amp;lt;ta2.utils{CONS.java[CONS[DB^dPath_Audio" StructureKind="java" NumEvents="2" CreationCount="400"/><InteractionEvent Delta="null" EndDate="2014-10-03 15:19:29.505 JST" Interest="1.0" Kind="edit" Navigation="null" OriginId="org.eclipse.jdt.ui.CompilationUnitEditor" StartDate="2014-10-03 15:19:29.505 JST" StructureHandle="=cm7/src&amp;lt;app.main{PlayActv.java[PlayActv~_onCreate_InitVars" StructureKind="java"/><InteractionEvent Delta="null" EndDate="2014-10-03 15:19:28.490 JST" Interest="1.0" Kind="selection" Navigation="null" OriginId="org.eclipse.jdt.ui.CompilationUnitEditor" StartDate="2014-10-03 15:19:28.490 JST" StructureHandle="=cm7/src&amp;lt;app.main{PlayActv.java[PlayActv~_onCreate_InitVars" StructureKind="java"/><InteractionEvent Delta="null" EndDate="2014-10-03 16:42:20.181 JST" Interest="97.0" Kind="edit" Navigation="null" OriginId="org.eclipse.jdt.ui.CompilationUnitEditor" StartDate="2014-10-03 15:52:59.541 JST" StructureHandle="=TA2/src&amp;lt;ta2.utils{Recorder.java[Recorder~getFilename" StructureKind="java" NumEvents="97" CreationCount="1241"/><InteractionEvent Delta="null" EndDate="2014-10-03 16:42:56.224 JST" Interest="24.0" Kind="selection" Navigation="null" OriginId="org.eclipse.jdt.ui.CompilationUnitEditor" StartDate="2014-10-03 15:52:53.739 JST" StructureHandle="=TA2/src&amp;lt;ta2.utils{Recorder.java[Recorder~getFilename" StructureKind="java" NumEvents="24" CreationCount="1241"/><InteractionEvent Delta="null" EndDate="2014-10-03 15:04:21.537 JST" Interest="1.0" Kind="propagation" Navigation="null" OriginId="org.eclipse.jdt.ui.PackageExplorer" StartDate="2014-10-03 15:04:21.537 JST" StructureHandle="/TA2/src/ta2/main/MemoActv.java" StructureKind="resource"/><InteractionEvent Delta="null" EndDate="2014-10-03 15:55:46.391 JST" Interest="43.153" Kind="propagation" Navigation="org.eclipse.mylyn.core.model.edges.containment" OriginId="org.eclipse.mylyn.core.model.interest.propagation" StartDate="2014-10-03 15:05:06.698 JST" StructureHandle="=TA2/&amp;lt;" StructureKind="java" NumEvents="60" CreationCount="426"/><InteractionEvent Delta="null" EndDate="2014-10-03 15:55:11.756 JST" Interest="339.0" Kind="edit" Navigation="null" OriginId="org.eclipse.jdt.ui.CompilationUnitEditor" StartDate="2014-10-03 14:57:18.85 JST" StructureHandle="=TA2/src&amp;lt;ta2.main{PlayActv.java[PlayActv~_Setup_Get_Memo" StructureKind="java" NumEvents="339" CreationCount="85"/><InteractionEvent Delta="null" EndDate="2014-10-03 16:27:01.132 JST" Interest="25.0" Kind="selection" Navigation="null" OriginId="org.eclipse.jdt.ui.CompilationUnitEditor" StartDate="2014-10-03 14:57:18.79 JST" StructureHandle="=TA2/src&amp;lt;ta2.main{PlayActv.java[PlayActv~_Setup_Get_Memo" StructureKind="java" NumEvents="25" CreationCount="85"/><InteractionEvent Delta="null" EndDate="2014-10-03 15:12:13.287 JST" Interest="1.0" Kind="selection" Navigation="null" OriginId="org.eclipse.jdt.ui.CompilationUnitEditor" StartDate="2014-10-03 15:12:13.287 JST" StructureHandle="=TA2/src&amp;lt;ta2.utils{Tags.java[Tags[ButtonTags^ACTV_PLAT_PLAY" StructureKind="java"/><InteractionEvent Delta="null" EndDate="2014-10-03 15:12:13.288 JST" Interest="0.01700002" Kind="propagation" Navigation="org.eclipse.mylyn.core.model.edges.containment" OriginId="org.eclipse.mylyn.core.model.interest.propagation" StartDate="2014-10-03 15:12:13.288 JST" StructureHandle="=TA2/src&amp;lt;ta2.utils{Tags.java" StructureKind="java"/><InteractionEvent Delta="null" EndDate="2014-10-03 15:13:56.308 JST" Interest="2.0" Kind="selection" Navigation="null" OriginId="org.eclipse.jdt.ui.CompilationUnitEditor" StartDate="2014-10-03 15:12:12.494 JST" StructureHandle="=TA2/src&amp;lt;ta2.utils{Tags.java" StructureKind="java" NumEvents="2" CreationCount="669"/><InteractionEvent Delta="null" EndDate="2014-10-03 15:26:01.505 JST" Interest="1.0" Kind="prediction" Navigation="null" OriginId="org.eclipse.mylyn.resources.ui.interest.updater" StartDate="2014-10-03 15:26:01.505 JST" StructureHandle="=TA2/src&amp;lt;ta2.utils{Tags.java" StructureKind="java"/><InteractionEvent Delta="null" EndDate="2014-10-03 15:15:34.170 JST" Interest="3.0" Kind="selection" Navigation="null" OriginId="org.eclipse.jdt.ui.CompilationUnitEditor" StartDate="2014-10-03 15:15:30.154 JST" StructureHandle="=cm7/src&amp;lt;app.utils{Methods.java[Methods~_moveMode_False__Search~QActivity;~QString;" StructureKind="java" NumEvents="3" CreationCount="764"/><InteractionEvent Delta="null" EndDate="2014-10-03 15:27:34.487 JST" Interest="1.0" Kind="prediction" Navigation="null" OriginId="org.eclipse.mylyn.resources.ui.interest.updater" StartDate="2014-10-03 15:27:34.487 JST" StructureHandle="/TA2/bin/res/crunch/drawable/actv_rec_rec.png" StructureKind="resource"/><InteractionEvent Delta="null" EndDate="2014-10-03 15:27:34.487 JST" Interest="1.0" Kind="propagation" Navigation="org.eclipse.mylyn.core.model.edges.containment" OriginId="org.eclipse.mylyn.core.model.interest.propagation" StartDate="2014-10-03 15:27:34.487 JST" StructureHandle="/TA2/bin/res" StructureKind="resource"/><InteractionEvent Delta="null" EndDate="2014-10-03 14:55:43.951 JST" Interest="1.0" Kind="edit" Navigation="null" OriginId="org.eclipse.jdt.ui.CompilationUnitEditor" StartDate="2014-10-03 14:55:43.951 JST" StructureHandle="=TA2/src&amp;lt;ta2.utils{CONS.java[CONS[PrefActv^sp_NoSelection_label" StructureKind="java"/><InteractionEvent Delta="null" EndDate="2014-10-03 14:55:43.936 JST" Interest="1.0" Kind="selection" Navigation="null" OriginId="org.eclipse.jdt.ui.CompilationUnitEditor" StartDate="2014-10-03 14:55:43.936 JST" StructureHandle="=TA2/src&amp;lt;ta2.utils{CONS.java[CONS[PrefActv^sp_NoSelection_label" StructureKind="java"/><InteractionEvent Delta="null" EndDate="2014-10-03 14:55:24.127 JST" Interest="1.0" Kind="selection" Navigation="null" OriginId="org.eclipse.ui.views.ContentOutline" StartDate="2014-10-03 14:55:24.127 JST" StructureHandle="=TA2/src&amp;lt;ta2.utils{CONS.java%ta2.utils" StructureKind="java"/><InteractionEvent Delta="null" EndDate="2014-10-03 16:43:20.819 JST" Interest="10.0" Kind="prediction" Navigation="null" OriginId="org.eclipse.mylyn.resources.ui.interest.updater" StartDate="2014-10-03 15:27:34.487 JST" StructureHandle="/TA2/bin/TA2.apk" StructureKind="resource" NumEvents="10" CreationCount="1059"/><InteractionEvent Delta="null" EndDate="2014-10-03 15:20:21.185 JST" Interest="2.0" Kind="propagation" Navigation="null" OriginId="org.eclipse.ui.views.ResourceNavigator" StartDate="2014-10-03 15:20:20.732 JST" StructureHandle="/cm7/src/app/listeners/LV_OTL.java" StructureKind="resource" NumEvents="2" CreationCount="869"/><InteractionEvent Delta="null" EndDate="2014-10-03 16:19:16.138 JST" Interest="6.262001" Kind="manipulation" Navigation="null" OriginId="org.eclipse.mylyn.core.model.interest.decay.correction" StartDate="2014-10-03 16:19:16.138 JST" StructureHandle="=TA2/src&amp;lt;ta2.utils{Recorder.java[Recorder~stopRecording" StructureKind="java"/><InteractionEvent Delta="null" EndDate="2014-10-03 16:23:14.881 JST" Interest="8.0" Kind="edit" Navigation="null" OriginId="org.eclipse.jdt.ui.CompilationUnitEditor" StartDate="2014-10-03 15:52:42.31 JST" StructureHandle="=TA2/src&amp;lt;ta2.utils{Recorder.java[Recorder~stopRecording" StructureKind="java" NumEvents="8" CreationCount="1235"/><InteractionEvent Delta="null" EndDate="2014-10-03 16:27:01.508 JST" Interest="9.0" Kind="selection" Navigation="null" OriginId="org.eclipse.jdt.ui.CompilationUnitEditor" StartDate="2014-10-03 15:52:40.954 JST" StructureHandle="=TA2/src&amp;lt;ta2.utils{Recorder.java[Recorder~stopRecording" StructureKind="java" NumEvents="9" CreationCount="1235"/><InteractionEvent Delta="null" EndDate="2014-10-03 15:04:23.356 JST" Interest="1.0" Kind="selection" Navigation="null" OriginId="org.eclipse.jdt.ui.PackageExplorer" StartDate="2014-10-03 15:04:23.356 JST" StructureHandle="=TA2/src&amp;lt;ta2.utils{DBUtils.java" StructureKind="java"/><InteractionEvent Delta="null" EndDate="2014-10-03 15:27:34.487 JST" Interest="1.0" Kind="propagation" Navigation="org.eclipse.mylyn.core.model.edges.containment" OriginId="org.eclipse.mylyn.core.model.interest.propagation" StartDate="2014-10-03 15:27:34.487 JST" StructureHandle="/TA2/bin/res/crunch" StructureKind="resource"/><InteractionEvent Delta="null" EndDate="2014-10-03 16:40:30.674 JST" Interest="330.436" Kind="propagation" Navigation="org.eclipse.mylyn.core.model.edges.containment" OriginId="org.eclipse.mylyn.core.model.interest.propagation" StartDate="2014-10-03 15:16:22.926 JST" StructureHandle="=TA2/src&amp;lt;ta2.utils{Methods.java" StructureKind="java" NumEvents="476" CreationCount="786"/><InteractionEvent Delta="null" EndDate="2014-10-03 15:24:13.468 JST" Interest="1.0" Kind="edit" Navigation="null" OriginId="org.eclipse.jdt.ui.CompilationUnitEditor" StartDate="2014-10-03 15:24:13.468 JST" StructureHandle="=TA2/src&amp;lt;ta2.utils{Methods.java" StructureKind="java"/><InteractionEvent Delta="null" EndDate="2014-10-03 16:42:58.144 JST" Interest="20.0" Kind="selection" Navigation="null" OriginId="org.eclipse.jdt.ui.CompilationUnitEditor" StartDate="2014-10-03 15:16:11.448 JST" StructureHandle="=TA2/src&amp;lt;ta2.utils{Methods.java" StructureKind="java" NumEvents="20" CreationCount="786"/><InteractionEvent Delta="null" EndDate="2014-10-03 15:44:15.607 JST" Interest="2.8650002" Kind="manipulation" Navigation="null" OriginId="org.eclipse.mylyn.core.model.interest.decay.correction" StartDate="2014-10-03 15:16:49.214 JST" StructureHandle="=TA2/src&amp;lt;ta2.utils{CONS.java[CONS[PlayActv^fname_Audio" StructureKind="java" NumEvents="4" CreationCount="344"/><InteractionEvent Delta="null" EndDate="2014-10-03 15:17:02.344 JST" Interest="5.0" Kind="edit" Navigation="null" OriginId="org.eclipse.jdt.ui.CompilationUnitEditor" StartDate="2014-10-03 15:02:39.256 JST" StructureHandle="=TA2/src&amp;lt;ta2.utils{CONS.java[CONS[PlayActv^fname_Audio" StructureKind="java" NumEvents="5" CreationCount="344"/><InteractionEvent Delta="null" EndDate="2014-10-03 15:44:15.607 JST" Interest="9.0" Kind="selection" Navigation="null" OriginId="org.eclipse.jdt.ui.CompilationUnitEditor" StartDate="2014-10-03 15:02:39.242 JST" StructureHandle="=TA2/src&amp;lt;ta2.utils{CONS.java[CONS[PlayActv^fname_Audio" StructureKind="java" NumEvents="9" CreationCount="344"/><InteractionEvent Delta="null" EndDate="2014-10-03 15:19:17.5 JST" Interest="4.0" Kind="propagation" Navigation="org.eclipse.mylyn.core.model.edges.containment" OriginId="org.eclipse.mylyn.core.model.interest.propagation" StartDate="2014-10-03 15:19:14.557 JST" StructureHandle="/cm7/src/app/listeners/button" StructureKind="resource" NumEvents="4" CreationCount="838"/><InteractionEvent Delta="null" EndDate="2014-10-03 15:55:55.395 JST" Interest="53.0" Kind="propagation" Navigation="null" OriginId="org.eclipse.jdt.ui.CompilationUnitEditor" StartDate="2014-10-03 15:04:23.901 JST" StructureHandle="/TA2/src/ta2/utils/Methods_dlg.java" StructureKind="resource" NumEvents="53" CreationCount="408"/><InteractionEvent Delta="null" EndDate="2014-10-03 15:14:27.283 JST" Interest="15.317" Kind="propagation" Navigation="org.eclipse.mylyn.core.model.edges.containment" OriginId="org.eclipse.mylyn.core.model.interest.propagation" StartDate="2014-10-03 15:12:29.264 JST" StructureHandle="=TA2/src&amp;lt;ta2.listeners.button{BO_TL.java[BO_TL" StructureKind="java" NumEvents="22" CreationCount="676"/><InteractionEvent Delta="null" EndDate="2014-10-03 16:49:12.49 JST" Interest="2254.0168" Kind="propagation" Navigation="org.eclipse.mylyn.core.model.edges.containment" OriginId="org.eclipse.mylyn.core.model.interest.propagation" StartDate="2014-10-03 14:51:59.442 JST" StructureHandle="/" StructureKind="resource" NumEvents="2268" CreationCount="1"/><InteractionEvent Delta="null" EndDate="2014-10-03 15:54:13.834 JST" Interest="1.0" Kind="edit" Navigation="null" OriginId="org.eclipse.jdt.ui.CompilationUnitEditor" StartDate="2014-10-03 15:54:13.834 JST" StructureHandle="=TA2/src&amp;lt;ta2.utils{CONS.java[CONS[RecActv^RECORDER_SAMPLERATE" StructureKind="java"/><InteractionEvent Delta="null" EndDate="2014-10-03 15:54:13.831 JST" Interest="1.0" Kind="selection" Navigation="null" OriginId="org.eclipse.jdt.ui.CompilationUnitEditor" StartDate="2014-10-03 15:54:13.831 JST" StructureHandle="=TA2/src&amp;lt;ta2.utils{CONS.java[CONS[RecActv^RECORDER_SAMPLERATE" StructureKind="java"/><InteractionEvent Delta="null" EndDate="2014-10-03 15:14:10.945 JST" Interest="2.0" Kind="selection" Navigation="null" OriginId="org.eclipse.jdt.ui.CompilationUnitEditor" StartDate="2014-10-03 15:12:29.263 JST" StructureHandle="=TA2/src&amp;lt;ta2.listeners.button{BO_TL.java[BO_TL~BO_TL~QActivity;" StructureKind="java" NumEvents="2" CreationCount="676"/><InteractionEvent Delta="null" EndDate="2014-10-03 15:20:15.57 JST" Interest="0.39400005" Kind="manipulation" Navigation="null" OriginId="org.eclipse.mylyn.core.model.interest.decay.correction" StartDate="2014-10-03 15:20:15.57 JST" StructureHandle="=cm7/src&amp;lt;app.comps" StructureKind="java"/><InteractionEvent Delta="null" EndDate="2014-10-03 15:20:15.57 JST" Interest="2.0" Kind="selection" Navigation="null" OriginId="org.eclipse.ui.views.ResourceNavigator" StartDate="2014-10-03 15:16:03.442 JST" StructureHandle="=cm7/src&amp;lt;app.comps" StructureKind="java" NumEvents="2" CreationCount="784"/><InteractionEvent Delta="null" EndDate="2014-10-03 15:26:13.829 JST" Interest="2.5220003" Kind="manipulation" Navigation="null" OriginId="org.eclipse.mylyn.core.model.interest.decay.correction" StartDate="2014-10-03 15:26:13.829 JST" StructureHandle="=TA2/src&amp;lt;ta2.listeners.button{BO_CL.java[BO_CL~case_ACTV_REC_BACK" StructureKind="java"/><InteractionEvent Delta="null" EndDate="2014-10-03 15:26:13.829 JST" Interest="3.0" Kind="selection" Navigation="null" OriginId="org.eclipse.jdt.ui.CompilationUnitEditor" StartDate="2014-10-03 15:14:50.714 JST" StructureHandle="=TA2/src&amp;lt;ta2.listeners.button{BO_CL.java[BO_CL~case_ACTV_REC_BACK" StructureKind="java" NumEvents="3" CreationCount="744"/><InteractionEvent Delta="null" EndDate="2014-10-03 16:03:41.819 JST" Interest="25.833" Kind="propagation" Navigation="org.eclipse.mylyn.core.model.edges.containment" OriginId="org.eclipse.mylyn.core.model.interest.propagation" StartDate="2014-10-03 14:54:13.80 JST" StructureHandle="/TA2/bin" StructureKind="resource" NumEvents="6" CreationCount="10"/><InteractionEvent Delta="null" EndDate="2014-10-03 15:04:52.495 JST" Interest="6.668001" Kind="propagation" Navigation="org.eclipse.mylyn.core.model.edges.containment" OriginId="org.eclipse.mylyn.core.model.interest.propagation" StartDate="2014-10-03 15:04:34.348 JST" StructureHandle="=TA2/src&amp;lt;ta2.utils{Methods_dlg.java" StructureKind="java" NumEvents="11" CreationCount="408"/><InteractionEvent Delta="null" EndDate="2014-10-03 15:55:55.197 JST" Interest="20.0" Kind="selection" Navigation="null" OriginId="org.eclipse.jdt.ui.CompilationUnitEditor" StartDate="2014-10-03 15:04:23.900 JST" StructureHandle="=TA2/src&amp;lt;ta2.utils{Methods_dlg.java" StructureKind="java" NumEvents="20" CreationCount="408"/><InteractionEvent Delta="null" EndDate="2014-10-03 15:19:17.6 JST" Interest="2.4170003" Kind="propagation" Navigation="org.eclipse.mylyn.core.model.edges.containment" OriginId="org.eclipse.mylyn.core.model.interest.propagation" StartDate="2014-10-03 15:19:14.557 JST" StructureHandle="=cm7/src&amp;lt;app.listeners.button" StructureKind="java" NumEvents="4" CreationCount="838"/><InteractionEvent Delta="null" EndDate="2014-10-03 15:55:55.525 JST" Interest="48.114" Kind="propagation" Navigation="org.eclipse.mylyn.core.model.edges.containment" OriginId="org.eclipse.mylyn.core.model.interest.propagation" StartDate="2014-10-03 15:12:28.503 JST" StructureHandle="=TA2/src&amp;lt;ta2.listeners.button" StructureKind="java" NumEvents="67" CreationCount="11"/><InteractionEvent Delta="null" EndDate="2014-10-03 14:54:15.81 JST" Interest="1.0" Kind="selection" Navigation="null" OriginId="org.eclipse.jdt.ui.PackageExplorer" StartDate="2014-10-03 14:54:15.81 JST" StructureHandle="=TA2/src&amp;lt;ta2.listeners.button" StructureKind="java"/><InteractionEvent Delta="null" EndDate="2014-10-03 16:27:01.133 JST" Interest="584.01697" Kind="propagation" Navigation="null" OriginId="org.eclipse.jdt.ui.CompilationUnitEditor" StartDate="2014-10-03 14:54:37.577 JST" StructureHandle="/TA2/src/ta2/main" StructureKind="resource" NumEvents="586" CreationCount="14"/><InteractionEvent Delta="null" EndDate="2014-10-03 16:44:50.417 JST" Interest="1016.0" Kind="propagation" Navigation="null" OriginId="org.eclipse.jdt.ui.CompilationUnitEditor" StartDate="2014-10-03 15:16:11.448 JST" StructureHandle="/TA2/src/ta2/utils/Methods.java" StructureKind="resource" NumEvents="1016" CreationCount="786"/><InteractionEvent Delta="null" EndDate="2014-10-03 14:54:13.80 JST" Interest="1.0" Kind="propagation" Navigation="null" OriginId="org.eclipse.mylyn.resources.ui.interest.updater" StartDate="2014-10-03 14:54:13.80 JST" StructureHandle="/TA2/bin/jarlist.cache" StructureKind="resource"/><InteractionEvent Delta="null" EndDate="2014-10-03 15:13:57.130 JST" Interest="1.0" Kind="selection" Navigation="null" OriginId="org.eclipse.jdt.ui.CompilationUnitEditor" StartDate="2014-10-03 15:13:57.130 JST" StructureHandle="=TA2/src&amp;lt;ta2.utils{Tags.java[Tags[ButtonTags^ACTV_PLAT_STOP" StructureKind="java"/><InteractionEvent Delta="null" EndDate="2014-10-03 15:20:21.747 JST" Interest="8.0" Kind="propagation" Navigation="null" OriginId="org.eclipse.ui.views.ResourceNavigator" StartDate="2014-10-03 15:19:14.557 JST" StructureHandle="/cm7/src/app/listeners" StructureKind="resource" NumEvents="8" CreationCount="838"/><InteractionEvent Delta="null" EndDate="2014-10-03 15:11:16.735 JST" Interest="3.4" Kind="propagation" Navigation="org.eclipse.mylyn.core.model.edges.containment" OriginId="org.eclipse.mylyn.core.model.interest.propagation" StartDate="2014-10-03 15:11:04.603 JST" StructureHandle="/TA2/res/layout" StructureKind="resource" NumEvents="4" CreationCount="630"/><InteractionEvent Delta="null" EndDate="2014-10-03 16:22:04.697 JST" Interest="3.0" Kind="edit" Navigation="null" OriginId="org.eclipse.jdt.ui.CompilationUnitEditor" StartDate="2014-10-03 16:20:16.382 JST" StructureHandle="=TA2/src&amp;lt;ta2.utils{Recorder.java[Recorder~startRecording[~run" StructureKind="java" NumEvents="3" CreationCount="1844"/><InteractionEvent Delta="null" EndDate="2014-10-03 16:21:29.734 JST" Interest="3.0" Kind="selection" Navigation="null" OriginId="org.eclipse.ui.views.ContentOutline" StartDate="2014-10-03 16:20:16.375 JST" StructureHandle="=TA2/src&amp;lt;ta2.utils{Recorder.java[Recorder~startRecording[~run" StructureKind="java" NumEvents="3" CreationCount="1844"/><InteractionEvent Delta="null" EndDate="2014-10-03 15:19:17.6 JST" Interest="1.417" Kind="propagation" Navigation="org.eclipse.mylyn.core.model.edges.containment" OriginId="org.eclipse.mylyn.core.model.interest.propagation" StartDate="2014-10-03 15:19:15.271 JST" StructureHandle="=cm7/src&amp;lt;app.listeners.button{BO_CL.java" StructureKind="java" NumEvents="3" CreationCount="838"/><InteractionEvent Delta="null" EndDate="2014-10-03 15:19:14.508 JST" Interest="1.0" Kind="selection" Navigation="null" OriginId="org.eclipse.jdt.ui.CompilationUnitEditor" StartDate="2014-10-03 15:19:14.508 JST" StructureHandle="=cm7/src&amp;lt;app.listeners.button{BO_CL.java" StructureKind="java"/><InteractionEvent Delta="null" EndDate="2014-10-03 15:36:16.249 JST" Interest="29.0" Kind="edit" Navigation="null" OriginId="org.eclipse.jdt.ui.CompilationUnitEditor" StartDate="2014-10-03 15:27:04.929 JST" StructureHandle="=TA2/src&amp;lt;ta2.listeners.button{BO_CL.java[BO_CL~case_ACTV_PLAT_STOP" StructureKind="java" NumEvents="29" CreationCount="1046"/><InteractionEvent Delta="null" EndDate="2014-10-03 15:34:32.748 JST" Interest="3.0" Kind="selection" Navigation="null" OriginId="org.eclipse.jdt.ui.CompilationUnitEditor" StartDate="2014-10-03 15:27:03.855 JST" StructureHandle="=TA2/src&amp;lt;ta2.listeners.button{BO_CL.java[BO_CL~case_ACTV_PLAT_STOP" StructureKind="java" NumEvents="3" CreationCount="1046"/><InteractionEvent Delta="null" EndDate="2014-10-03 15:04:13.756 JST" Interest="2.0" Kind="selection" Navigation="null" OriginId="org.eclipse.jdt.ui.CompilationUnitEditor" StartDate="2014-10-03 15:04:06.94 JST" StructureHandle="=TA2/src&amp;lt;ta2.utils{CONS.java[CONS[DB^col_types_Patterns" StructureKind="java" NumEvents="2" CreationCount="399"/><InteractionEvent Delta="null" EndDate="2014-10-03 15:11:31.97 JST" Interest="4.934" Kind="propagation" Navigation="org.eclipse.mylyn.core.model.edges.containment" OriginId="org.eclipse.mylyn.core.model.interest.propagation" StartDate="2014-10-03 15:11:21.312 JST" StructureHandle="=TA2/src&amp;lt;ta2.main{MainActv.java" StructureKind="java" NumEvents="9" CreationCount="636"/><InteractionEvent Delta="null" EndDate="2014-10-03 15:26:17.440 JST" Interest="3.0" Kind="selection" Navigation="null" OriginId="org.eclipse.jdt.ui.CompilationUnitEditor" StartDate="2014-10-03 15:11:19.957 JST" StructureHandle="=TA2/src&amp;lt;ta2.main{MainActv.java" StructureKind="java" NumEvents="3" CreationCount="636"/><InteractionEvent Delta="null" EndDate="2014-10-03 15:38:13.612 JST" Interest="33.686996" Kind="propagation" Navigation="org.eclipse.mylyn.core.model.edges.containment" OriginId="org.eclipse.mylyn.core.model.interest.propagation" StartDate="2014-10-03 15:14:40.477 JST" StructureHandle="=TA2/src&amp;lt;ta2.listeners.button{BO_CL.java[BO_CL" StructureKind="java" NumEvents="49" CreationCount="742"/><InteractionEvent Delta="null" EndDate="2014-10-03 15:05:12.440 JST" Interest="3.0" Kind="propagation" Navigation="null" OriginId="org.eclipse.jdt.ui.PackageExplorer" StartDate="2014-10-03 15:05:08.381 JST" StructureHandle="/TA2/Test.class" StructureKind="resource" NumEvents="3" CreationCount="427"/><InteractionEvent Delta="null" EndDate="2014-10-03 15:44:19.247 JST" Interest="4.7040014" Kind="manipulation" Navigation="null" OriginId="org.eclipse.mylyn.core.model.interest.decay.correction" StartDate="2014-10-03 15:44:19.247 JST" StructureHandle="=TA2/src&amp;lt;ta2.utils{CONS.java[CONS[RecActv" StructureKind="java"/><InteractionEvent Delta="null" EndDate="2014-10-03 16:26:57.551 JST" Interest="15.512999" Kind="propagation" Navigation="org.eclipse.mylyn.core.model.edges.containment" OriginId="org.eclipse.mylyn.core.model.interest.propagation" StartDate="2014-10-03 15:07:51.134 JST" StructureHandle="=TA2/src&amp;lt;ta2.utils{CONS.java[CONS[RecActv" StructureKind="java" NumEvents="18" CreationCount="478"/><InteractionEvent Delta="null" EndDate="2014-10-03 15:54:28.779 JST" Interest="9.0" Kind="edit" Navigation="null" OriginId="org.eclipse.jdt.ui.CompilationUnitEditor" StartDate="2014-10-03 15:07:54.267 JST" StructureHandle="=TA2/src&amp;lt;ta2.utils{CONS.java[CONS[RecActv" StructureKind="java" NumEvents="9" CreationCount="478"/><InteractionEvent Delta="null" EndDate="2014-10-03 15:54:27.566 JST" Interest="8.0" Kind="selection" Navigation="null" OriginId="org.eclipse.jdt.ui.CompilationUnitEditor" StartDate="2014-10-03 15:07:53.493 JST" StructureHandle="=TA2/src&amp;lt;ta2.utils{CONS.java[CONS[RecActv" StructureKind="java" NumEvents="8" CreationCount="478"/><InteractionEvent Delta="null" EndDate="2014-10-03 15:20:21.185 JST" Interest="1.017" Kind="propagation" Navigation="org.eclipse.mylyn.core.model.edges.containment" OriginId="org.eclipse.mylyn.core.model.interest.propagation" StartDate="2014-10-03 15:20:20.733 JST" StructureHandle="=cm7/src&amp;lt;app.listeners" StructureKind="java" NumEvents="2" CreationCount="868"/><InteractionEvent Delta="null" EndDate="2014-10-03 15:20:18.690 JST" Interest="1.0" Kind="selection" Navigation="null" OriginId="org.eclipse.ui.views.ResourceNavigator" StartDate="2014-10-03 15:20:18.690 JST" StructureHandle="=cm7/src&amp;lt;app.listeners" StructureKind="java"/><InteractionEvent Delta="null" EndDate="2014-10-03 15:19:17.5 JST" Interest="2.0" Kind="edit" Navigation="null" OriginId="org.eclipse.jdt.ui.CompilationUnitEditor" StartDate="2014-10-03 15:19:16.379 JST" StructureHandle="=cm7/src&amp;lt;app.listeners.button{BO_CL.java[BO_CL~case_PlayActv_Add_BM" StructureKind="java" NumEvents="2" CreationCount="839"/><InteractionEvent Delta="null" EndDate="2014-10-03 15:19:15.270 JST" Interest="1.0" Kind="selection" Navigation="null" OriginId="org.eclipse.jdt.ui.CompilationUnitEditor" StartDate="2014-10-03 15:19:15.270 JST" StructureHandle="=cm7/src&amp;lt;app.listeners.button{BO_CL.java[BO_CL~case_PlayActv_Add_BM" StructureKind="java"/><InteractionEvent Delta="null" EndDate="2014-10-03 15:15:18.498 JST" Interest="11.835001" Kind="manipulation" Navigation="null" OriginId="org.eclipse.mylyn.core.model.interest.decay.correction" StartDate="2014-10-03 15:15:18.498 JST" StructureHandle="/cm7" StructureKind="resource"/><InteractionEvent Delta="null" EndDate="2014-10-03 15:38:24.573 JST" Interest="54.0" Kind="propagation" Navigation="null" OriginId="org.eclipse.jdt.ui.CompilationUnitEditor" StartDate="2014-10-03 14:51:59.442 JST" StructureHandle="/cm7" StructureKind="resource" NumEvents="54" CreationCount="2"/><InteractionEvent Delta="null" EndDate="2014-10-03 16:39:16.512 JST" Interest="2.0" Kind="edit" Navigation="null" OriginId="org.eclipse.jdt.ui.CompilationUnitEditor" StartDate="2014-10-03 16:39:16.507 JST" StructureHandle="=TA2/src&amp;lt;ta2.utils{Methods.java[Methods~add_WP_to_Memo~QActivity;~QEditText;~QWordPattern;" StructureKind="java" NumEvents="2" CreationCount="2165"/><InteractionEvent Delta="null" EndDate="2014-10-03 16:39:16.502 JST" Interest="1.0" Kind="selection" Navigation="null" OriginId="org.eclipse.jdt.ui.CompilationUnitEditor" StartDate="2014-10-03 16:39:16.502 JST" StructureHandle="=TA2/src&amp;lt;ta2.utils{Methods.java[Methods~add_WP_to_Memo~QActivity;~QEditText;~QWordPattern;" StructureKind="java"/><InteractionEvent Delta="null" EndDate="2014-10-03 15:20:21.746 JST" Interest="1.0" Kind="propagation" Navigation="null" OriginId="org.eclipse.ui.views.ResourceNavigator" StartDate="2014-10-03 15:20:21.746 JST" StructureHandle="/cm7/src/app/listeners/MP_OCmpL.java" StructureKind="resource"/><InteractionEvent Delta="null" EndDate="2014-10-03 15:11:08.782 JST" Interest="2.0" Kind="edit" Navigation="null" OriginId="com.android.ide.eclipse.editors.CommonXmlEditor" StartDate="2014-10-03 15:11:06.479 JST" StructureHandle="/TA2/res/layout/actv_play.xml" StructureKind="resource" NumEvents="2" CreationCount="630"/><InteractionEvent Delta="null" EndDate="2014-10-03 15:11:16.735 JST" Interest="2.0" Kind="selection" Navigation="null" OriginId="org.eclipse.jdt.ui.PackageExplorer" StartDate="2014-10-03 15:11:04.603 JST" StructureHandle="/TA2/res/layout/actv_play.xml" StructureKind="resource" NumEvents="2" CreationCount="630"/><InteractionEvent Delta="null" EndDate="2014-10-03 15:36:26.947 JST" Interest="66.0" Kind="edit" Navigation="null" OriginId="org.eclipse.jdt.ui.CompilationUnitEditor" StartDate="2014-10-03 15:10:45.600 JST" StructureHandle="=TA2/src&amp;lt;ta2.main{PlayActv.java[PlayActv~_Setup_Listeners" StructureKind="java" NumEvents="66" CreationCount="622"/><InteractionEvent Delta="null" EndDate="2014-10-03 15:42:39.436 JST" Interest="21.0" Kind="selection" Navigation="null" OriginId="org.eclipse.jdt.ui.CompilationUnitEditor" StartDate="2014-10-03 15:10:45.13 JST" StructureHandle="=TA2/src&amp;lt;ta2.main{PlayActv.java[PlayActv~_Setup_Listeners" StructureKind="java" NumEvents="21" CreationCount="622"/><InteractionEvent Delta="null" EndDate="2014-10-03 15:38:13.611 JST" Interest="25.0" Kind="edit" Navigation="null" OriginId="org.eclipse.jdt.ui.CompilationUnitEditor" StartDate="2014-10-03 15:15:09.326 JST" StructureHandle="=TA2/src&amp;lt;ta2.listeners.button{BO_CL.java[BO_CL~case_ACTV_PLAY_PLAY" StructureKind="java" NumEvents="25" CreationCount="753"/><InteractionEvent Delta="null" EndDate="2014-10-03 15:38:11.443 JST" Interest="16.0" Kind="selection" Navigation="null" OriginId="org.eclipse.jdt.ui.CompilationUnitEditor" StartDate="2014-10-03 15:15:08.85 JST" StructureHandle="=TA2/src&amp;lt;ta2.listeners.button{BO_CL.java[BO_CL~case_ACTV_PLAY_PLAY" StructureKind="java" NumEvents="16" CreationCount="753"/><InteractionEvent Delta="null" EndDate="2014-10-03 15:20:21.746 JST" Interest="1.0" Kind="selection" Navigation="null" OriginId="org.eclipse.ui.views.ResourceNavigator" StartDate="2014-10-03 15:20:21.746 JST" StructureHandle="=cm7/src&amp;lt;app.listeners{MP_OCmpL.java" StructureKind="java"/><InteractionEvent Delta="null" EndDate="2014-10-03 15:00:46.999 JST" Interest="1.0" Kind="edit" Navigation="null" OriginId="org.eclipse.jdt.ui.CompilationUnitEditor" StartDate="2014-10-03 15:00:46.999 JST" StructureHandle="=TA2/src&amp;lt;ta2.main{PlayActv.java[PlayActv~onBackPressed" StructureKind="java"/><InteractionEvent Delta="null" EndDate="2014-10-03 15:00:46.997 JST" Interest="1.0" Kind="selection" Navigation="null" OriginId="org.eclipse.jdt.ui.CompilationUnitEditor" StartDate="2014-10-03 15:00:46.997 JST" StructureHandle="=TA2/src&amp;lt;ta2.main{PlayActv.java[PlayActv~onBackPressed" StructureKind="java"/><InteractionEvent Delta="null" EndDate="2014-10-03 16:27:01.132 JST" Interest="571.0" Kind="propagation" Navigation="null" OriginId="org.eclipse.jdt.ui.CompilationUnitEditor" StartDate="2014-10-03 14:54:40.196 JST" StructureHandle="/TA2/src/ta2/main/PlayActv.java" StructureKind="resource" NumEvents="571" CreationCount="15"/><InteractionEvent Delta="null" EndDate="2014-10-03 15:27:34.487 JST" Interest="1.0" Kind="prediction" Navigation="null" OriginId="org.eclipse.mylyn.resources.ui.interest.updater" StartDate="2014-10-03 15:27:34.487 JST" StructureHandle="/TA2/bin/res/crunch/drawable/actv_rec_rec_recording.png" StructureKind="resource"/><InteractionEvent Delta="null" EndDate="2014-10-03 15:16:18.686 JST" Interest="1.0" Kind="selection" Navigation="null" OriginId="org.eclipse.jdt.ui.CompilationUnitEditor" StartDate="2014-10-03 15:16:18.686 JST" StructureHandle="=TA2/src&amp;lt;ta2.utils{Methods.java#android.content.Context" StructureKind="java"/><InteractionEvent Delta="null" EndDate="2014-10-03 15:20:15.57 JST" Interest="0.41100013" Kind="manipulation" Navigation="null" OriginId="org.eclipse.mylyn.core.model.interest.decay.correction" StartDate="2014-10-03 15:20:15.57 JST" StructureHandle="/cm7/src/app/comps" StructureKind="resource"/><InteractionEvent Delta="null" EndDate="2014-10-03 15:20:15.57 JST" Interest="2.0" Kind="propagation" Navigation="null" OriginId="org.eclipse.ui.views.ResourceNavigator" StartDate="2014-10-03 15:16:03.443 JST" StructureHandle="/cm7/src/app/comps" StructureKind="resource" NumEvents="2" CreationCount="784"/><InteractionEvent Delta="null" EndDate="2014-10-03 15:27:01.604 JST" Interest="13.0" Kind="edit" Navigation="null" OriginId="org.eclipse.jdt.ui.CompilationUnitEditor" StartDate="2014-10-03 15:14:59.965 JST" StructureHandle="=TA2/src&amp;lt;ta2.listeners.button{BO_CL.java[BO_CL~onClick~QView;" StructureKind="java" NumEvents="13" CreationCount="745"/><InteractionEvent Delta="null" EndDate="2014-10-03 15:55:55.744 JST" Interest="12.0" Kind="selection" Navigation="null" OriginId="org.eclipse.jdt.ui.CompilationUnitEditor" StartDate="2014-10-03 15:14:51.986 JST" StructureHandle="=TA2/src&amp;lt;ta2.listeners.button{BO_CL.java[BO_CL~onClick~QView;" StructureKind="java" NumEvents="12" CreationCount="745"/><InteractionEvent Delta="null" EndDate="2014-10-03 15:55:55.745 JST" Interest="151.288" Kind="propagation" Navigation="null" OriginId="org.eclipse.jdt.ui.CompilationUnitEditor" StartDate="2014-10-03 14:54:15.81 JST" StructureHandle="/TA2/src/ta2/listeners/button" StructureKind="resource" NumEvents="141" CreationCount="11"/><InteractionEvent Delta="null" EndDate="2014-10-03 15:26:17.703 JST" Interest="13.0" Kind="propagation" Navigation="null" OriginId="org.eclipse.jdt.ui.CompilationUnitEditor" StartDate="2014-10-03 15:11:19.957 JST" StructureHandle="/TA2/src/ta2/main/MainActv.java" StructureKind="resource" NumEvents="13" CreationCount="636"/><InteractionEvent Delta="null" EndDate="2014-10-03 15:14:41.303 JST" Interest="1.0" Kind="edit" Navigation="null" OriginId="org.eclipse.jdt.ui.CompilationUnitEditor" StartDate="2014-10-03 15:14:41.303 JST" StructureHandle="=TA2/src&amp;lt;ta2.listeners.button{BO_CL.java[BO_CL~BO_CL~QActivity;" StructureKind="java"/><InteractionEvent Delta="null" EndDate="2014-10-03 15:14:40.476 JST" Interest="1.0" Kind="selection" Navigation="null" OriginId="org.eclipse.jdt.ui.CompilationUnitEditor" StartDate="2014-10-03 15:14:40.476 JST" StructureHandle="=TA2/src&amp;lt;ta2.listeners.button{BO_CL.java[BO_CL~BO_CL~QActivity;" StructureKind="java"/><InteractionEvent Delta="null" EndDate="2014-10-03 15:19:29.506 JST" Interest="0.7340001" Kind="propagation" Navigation="org.eclipse.mylyn.core.model.edges.containment" OriginId="org.eclipse.mylyn.core.model.interest.propagation" StartDate="2014-10-03 15:19:23.988 JST" StructureHandle="=cm7/src&amp;lt;app.main" StructureKind="java" NumEvents="3" CreationCount="842"/><InteractionEvent Delta="null" EndDate="2014-10-03 15:19:22.921 JST" Interest="1.0" Kind="selection" Navigation="null" OriginId="org.eclipse.search.ui.views.SearchView" StartDate="2014-10-03 15:19:22.921 JST" StructureHandle="=cm7/src&amp;lt;app.main" StructureKind="java"/><InteractionEvent Delta="null" EndDate="2014-10-03 15:55:46.391 JST" Interest="43.153" Kind="propagation" Navigation="org.eclipse.mylyn.core.model.edges.containment" OriginId="org.eclipse.mylyn.core.model.interest.propagation" StartDate="2014-10-03 15:05:06.698 JST" StructureHandle="=TA2/" StructureKind="java" NumEvents="60" CreationCount="426"/><InteractionEvent Delta="null" EndDate="2014-10-03 15:38:24.571 JST" Interest="35.017" Kind="propagation" Navigation="org.eclipse.mylyn.core.model.edges.containment" OriginId="org.eclipse.mylyn.core.model.interest.propagation" StartDate="2014-10-03 15:15:25.761 JST" StructureHandle="/cm7/src/app/utils" StructureKind="resource" NumEvents="36" CreationCount="760"/><InteractionEvent Delta="null" EndDate="2014-10-03 16:40:06.27 JST" Interest="38.0" Kind="edit" Navigation="null" OriginId="org.eclipse.jdt.ui.CompilationUnitEditor" StartDate="2014-10-03 16:24:57.892 JST" StructureHandle="=TA2/src&amp;lt;ta2.utils{Methods.java[Methods~recActv_Rec~QActivity;" StructureKind="java" NumEvents="38" CreationCount="1932"/><InteractionEvent Delta="null" EndDate="2014-10-03 16:40:06.19 JST" Interest="4.0" Kind="selection" Navigation="null" OriginId="org.eclipse.jdt.ui.CompilationUnitEditor" StartDate="2014-10-03 16:24:57.868 JST" StructureHandle="=TA2/src&amp;lt;ta2.utils{Methods.java[Methods~recActv_Rec~QActivity;" StructureKind="java" NumEvents="4" CreationCount="1932"/><InteractionEvent Delta="null" EndDate="2014-10-03 15:55:11.757 JST" Interest="235.48999" Kind="propagation" Navigation="org.eclipse.mylyn.core.model.edges.containment" OriginId="org.eclipse.mylyn.core.model.interest.propagation" StartDate="2014-10-03 14:54:44.707 JST" StructureHandle="=TA2/src&amp;lt;ta2.main{PlayActv.java" StructureKind="java" NumEvents="338" CreationCount="15"/><InteractionEvent Delta="null" EndDate="2014-10-03 16:27:00.999 JST" Interest="28.0" Kind="selection" Navigation="null" OriginId="org.eclipse.jdt.ui.CompilationUnitEditor" StartDate="2014-10-03 14:54:40.195 JST" StructureHandle="=TA2/src&amp;lt;ta2.main{PlayActv.java" StructureKind="java" NumEvents="28" CreationCount="15"/><InteractionEvent Delta="null" EndDate="2014-10-03 15:38:24.573 JST" Interest="48.051003" Kind="propagation" Navigation="null" OriginId="org.eclipse.jdt.ui.CompilationUnitEditor" StartDate="2014-10-03 15:15:22.931 JST" StructureHandle="/cm7/src" StructureKind="resource" NumEvents="52" CreationCount="758"/><InteractionEvent Delta="null" EndDate="2014-10-03 15:20:35.933 JST" Interest="1.0" Kind="propagation" Navigation="org.eclipse.mylyn.core.model.edges.containment" OriginId="org.eclipse.mylyn.core.model.interest.propagation" StartDate="2014-10-03 15:20:35.933 JST" StructureHandle="=TA2/src&amp;lt;ta2.listeners{MP_OCmpL.java#" StructureKind="java"/><InteractionEvent Delta="null" EndDate="2014-10-03 15:20:38.460 JST" Interest="1.0" Kind="selection" Navigation="null" OriginId="org.eclipse.jdt.ui.CompilationUnitEditor" StartDate="2014-10-03 15:20:38.460 JST" StructureHandle="=TA2/src&amp;lt;ta2.listeners{MP_OCmpL.java#" StructureKind="java"/><InteractionEvent Delta="null" EndDate="2014-10-03 16:49:12.49 JST" Interest="28.223" Kind="propagation" Navigation="org.eclipse.mylyn.core.model.edges.containment" OriginId="org.eclipse.mylyn.core.model.interest.propagation" StartDate="2014-10-03 15:20:30.362 JST" StructureHandle="=TA2/src&amp;lt;ta2.listeners" StructureKind="java" NumEvents="27" CreationCount="872"/><InteractionEvent Delta="null" EndDate="2014-10-03 15:02:30.554 JST" Interest="13.0" Kind="edit" Navigation="null" OriginId="org.eclipse.jdt.ui.CompilationUnitEditor" StartDate="2014-10-03 14:55:49.926 JST" StructureHandle="=TA2/src&amp;lt;ta2.utils{CONS.java[CONS[PlayActv^memo" StructureKind="java" NumEvents="13" CreationCount="53"/><InteractionEvent Delta="null" EndDate="2014-10-03 15:02:28.15 JST" Interest="2.0" Kind="selection" Navigation="null" OriginId="org.eclipse.jdt.ui.CompilationUnitEditor" StartDate="2014-10-03 14:55:49.917 JST" StructureHandle="=TA2/src&amp;lt;ta2.utils{CONS.java[CONS[PlayActv^memo" StructureKind="java" NumEvents="2" CreationCount="53"/><InteractionEvent Delta="null" EndDate="2014-10-03 15:27:34.487 JST" Interest="1.0" Kind="prediction" Navigation="null" OriginId="org.eclipse.mylyn.resources.ui.interest.updater" StartDate="2014-10-03 15:27:34.487 JST" StructureHandle="/TA2/bin/resources.ap_" StructureKind="resource"/><InteractionEvent Delta="null" EndDate="2014-10-03 16:44:50.417 JST" Interest="201.0" Kind="edit" Navigation="null" OriginId="org.eclipse.jdt.ui.CompilationUnitEditor" StartDate="2014-10-03 15:49:32.669 JST" StructureHandle="=TA2/src&amp;lt;ta2.utils{Methods.java[Methods~recActv_Stop_2~QActivity;" StructureKind="java" NumEvents="201" CreationCount="1219"/><InteractionEvent Delta="null" EndDate="2014-10-03 16:42:58.326 JST" Interest="13.0" Kind="selection" Navigation="null" OriginId="org.eclipse.jdt.ui.CompilationUnitEditor" StartDate="2014-10-03 15:49:31.551 JST" StructureHandle="=TA2/src&amp;lt;ta2.utils{Methods.java[Methods~recActv_Stop_2~QActivity;" StructureKind="java" NumEvents="13" CreationCount="1219"/><InteractionEvent Delta="null" EndDate="2014-10-03 15:55:46.605 JST" Interest="71.0" Kind="propagation" Navigation="null" OriginId="org.eclipse.jdt.ui.CompilationUnitEditor" StartDate="2014-10-03 15:05:06.698 JST" StructureHandle="/TA2/Test.java" StructureKind="resource" NumEvents="71" CreationCount="426"/><InteractionEvent Delta="null" EndDate="2014-10-03 15:38:24.571 JST" Interest="35.0" Kind="propagation" Navigation="null" OriginId="org.eclipse.jdt.ui.CompilationUnitEditor" StartDate="2014-10-03 15:15:27.350 JST" StructureHandle="/cm7/src/app/utils/Methods.java" StructureKind="resource" NumEvents="35" CreationCount="761"/><InteractionEvent Delta="null" EndDate="2014-10-03 15:11:21.312 JST" Interest="1.0" Kind="selection" Navigation="null" OriginId="org.eclipse.ui.views.ContentOutline" StartDate="2014-10-03 15:11:21.312 JST" StructureHandle="=TA2/src&amp;lt;ta2.main{MainActv.java%ta2.main" StructureKind="java"/><InteractionEvent Delta="null" EndDate="2014-10-03 15:19:29.505 JST" Interest="3.0" Kind="propagation" Navigation="null" OriginId="org.eclipse.jdt.ui.CompilationUnitEditor" StartDate="2014-10-03 15:19:23.987 JST" StructureHandle="/cm7/src/app/main/PlayActv.java" StructureKind="resource" NumEvents="3" CreationCount="843"/><InteractionEvent Delta="null" EndDate="2014-10-03 15:14:27.283 JST" Interest="13.334001" Kind="propagation" Navigation="org.eclipse.mylyn.core.model.edges.containment" OriginId="org.eclipse.mylyn.core.model.interest.propagation" StartDate="2014-10-03 15:12:29.264 JST" StructureHandle="=TA2/src&amp;lt;ta2.listeners.button{BO_TL.java" StructureKind="java" NumEvents="21" CreationCount="675"/><InteractionEvent Delta="null" EndDate="2014-10-03 15:14:10.226 JST" Interest="2.0" Kind="selection" Navigation="null" OriginId="org.eclipse.jdt.ui.CompilationUnitEditor" StartDate="2014-10-03 15:12:28.503 JST" StructureHandle="=TA2/src&amp;lt;ta2.listeners.button{BO_TL.java" StructureKind="java" NumEvents="2" CreationCount="675"/><InteractionEvent Delta="null" EndDate="2014-10-03 16:22:04.698 JST" Interest="5.1" Kind="propagation" Navigation="org.eclipse.mylyn.core.model.edges.containment" OriginId="org.eclipse.mylyn.core.model.interest.propagation" StartDate="2014-10-03 16:20:16.376 JST" StructureHandle="=TA2/src&amp;lt;ta2.utils{Recorder.java[Recorder~startRecording[" StructureKind="java" NumEvents="6" CreationCount="1844"/><InteractionEvent Delta="null" EndDate="2014-10-03 15:15:54.856 JST" Interest="4.5680003" Kind="propagation" Navigation="org.eclipse.mylyn.core.model.edges.containment" OriginId="org.eclipse.mylyn.core.model.interest.propagation" StartDate="2014-10-03 15:15:34.168 JST" StructureHandle="=cm7/src&amp;lt;app.utils{Methods.java" StructureKind="java" NumEvents="9" CreationCount="761"/><InteractionEvent Delta="null" EndDate="2014-10-03 15:38:24.494 JST" Interest="9.0" Kind="selection" Navigation="null" OriginId="org.eclipse.jdt.ui.CompilationUnitEditor" StartDate="2014-10-03 15:15:27.349 JST" StructureHandle="=cm7/src&amp;lt;app.utils{Methods.java" StructureKind="java" NumEvents="9" CreationCount="761"/><InteractionEvent Delta="null" EndDate="2014-10-03 16:49:12.49 JST" Interest="33.0" Kind="propagation" Navigation="null" OriginId="org.eclipse.jdt.ui.CompilationUnitEditor" StartDate="2014-10-03 15:20:30.361 JST" StructureHandle="/TA2/src/ta2/listeners/MP_OCmpL.java" StructureKind="resource" NumEvents="33" CreationCount="872"/><InteractionEvent Delta="null" EndDate="2014-10-03 15:24:07.761 JST" Interest="1.0" Kind="selection" Navigation="null" OriginId="org.eclipse.jdt.ui.CompilationUnitEditor" StartDate="2014-10-03 15:24:07.761 JST" StructureHandle="=TA2/src&amp;lt;ta2.utils{Methods.java#java.io.FileFilter" StructureKind="java"/><InteractionEvent Delta="null" EndDate="2014-10-03 15:43:44.709 JST" Interest="50.0" Kind="edit" Navigation="null" OriginId="org.eclipse.jdt.ui.CompilationUnitEditor" StartDate="2014-10-03 15:05:17.329 JST" StructureHandle="=TA2/&amp;lt;{Test.java[Test~test_Regex" StructureKind="java" NumEvents="50" CreationCount="435"/><InteractionEvent Delta="null" EndDate="2014-10-03 15:55:46.604 JST" Interest="7.0" Kind="selection" Navigation="null" OriginId="org.eclipse.jdt.ui.CompilationUnitEditor" StartDate="2014-10-03 15:05:16.255 JST" StructureHandle="=TA2/&amp;lt;{Test.java[Test~test_Regex" StructureKind="java" NumEvents="7" CreationCount="435"/><InteractionEvent Delta="null" EndDate="2014-10-03 15:10:30.715 JST" Interest="57.0" Kind="edit" Navigation="null" OriginId="org.eclipse.jdt.ui.CompilationUnitEditor" StartDate="2014-10-03 14:54:46.717 JST" StructureHandle="=TA2/src&amp;lt;ta2.main{PlayActv.java[PlayActv~onStart" StructureKind="java" NumEvents="57" CreationCount="20"/><InteractionEvent Delta="null" EndDate="2014-10-03 15:10:41.528 JST" Interest="10.0" Kind="selection" Navigation="null" OriginId="org.eclipse.ui.views.ContentOutline" StartDate="2014-10-03 14:54:46.178 JST" StructureHandle="=TA2/src&amp;lt;ta2.main{PlayActv.java[PlayActv~onStart" StructureKind="java" NumEvents="10" CreationCount="20"/><InteractionEvent Delta="null" EndDate="2014-10-03 15:26:17.703 JST" Interest="0.47500038" Kind="manipulation" Navigation="null" OriginId="org.eclipse.mylyn.core.model.interest.decay.correction" StartDate="2014-10-03 15:26:17.703 JST" StructureHandle="=TA2/src&amp;lt;ta2.main{MainActv.java[MainActv~_Setup_Listeners" StructureKind="java"/><InteractionEvent Delta="null" EndDate="2014-10-03 15:11:31.96 JST" Interest="7.0" Kind="edit" Navigation="null" OriginId="org.eclipse.jdt.ui.CompilationUnitEditor" StartDate="2014-10-03 15:11:24.423 JST" StructureHandle="=TA2/src&amp;lt;ta2.main{MainActv.java[MainActv~_Setup_Listeners" StructureKind="java" NumEvents="7" CreationCount="638"/><InteractionEvent Delta="null" EndDate="2014-10-03 15:26:17.703 JST" Interest="2.0" Kind="selection" Navigation="null" OriginId="org.eclipse.jdt.ui.CompilationUnitEditor" StartDate="2014-10-03 15:11:24.308 JST" StructureHandle="=TA2/src&amp;lt;ta2.main{MainActv.java[MainActv~_Setup_Listeners" StructureKind="java" NumEvents="2" CreationCount="638"/><InteractionEvent Delta="null" EndDate="2014-10-03 16:27:01.0 JST" Interest="262.50702" Kind="propagation" Navigation="org.eclipse.mylyn.core.model.edges.containment" OriginId="org.eclipse.mylyn.core.model.interest.propagation" StartDate="2014-10-03 14:54:40.197 JST" StructureHandle="=TA2/src&amp;lt;ta2.main" StructureKind="java" NumEvents="377" CreationCount="14"/><InteractionEvent Delta="null" EndDate="2014-10-03 14:54:37.576 JST" Interest="1.0" Kind="selection" Navigation="null" OriginId="org.eclipse.jdt.ui.PackageExplorer" StartDate="2014-10-03 14:54:37.576 JST" StructureHandle="=TA2/src&amp;lt;ta2.main" StructureKind="java"/><InteractionEvent Delta="null" EndDate="2014-10-03 16:49:12.49 JST" Interest="162.288" Kind="propagation" Navigation="null" OriginId="org.eclipse.jdt.ui.CompilationUnitEditor" StartDate="2014-10-03 14:54:15.81 JST" StructureHandle="/TA2/src/ta2/listeners" StructureKind="resource" NumEvents="152" CreationCount="11"/><InteractionEvent Delta="null" EndDate="2014-10-03 15:26:17.703 JST" Interest="7.3750005" Kind="propagation" Navigation="org.eclipse.mylyn.core.model.edges.containment" OriginId="org.eclipse.mylyn.core.model.interest.propagation" StartDate="2014-10-03 15:11:24.309 JST" StructureHandle="=TA2/src&amp;lt;ta2.main{MainActv.java[MainActv" StructureKind="java" NumEvents="9" CreationCount="638"/><InteractionEvent Delta="null" EndDate="2014-10-03 15:20:35.932 JST" Interest="1.0" Kind="selection" Navigation="null" OriginId="org.eclipse.jdt.ui.CompilationUnitEditor" StartDate="2014-10-03 15:20:35.932 JST" StructureHandle="=TA2/src&amp;lt;ta2.listeners{MP_OCmpL.java#android.app.Activity" StructureKind="java"/><InteractionEvent Delta="null" EndDate="2014-10-03 14:55:43.952 JST" Interest="1.7" Kind="propagation" Navigation="org.eclipse.mylyn.core.model.edges.containment" OriginId="org.eclipse.mylyn.core.model.interest.propagation" StartDate="2014-10-03 14:55:43.937 JST" StructureHandle="=TA2/src&amp;lt;ta2.utils{CONS.java[CONS[PrefActv" StructureKind="java" NumEvents="2" CreationCount="49"/><InteractionEvent Delta="null" EndDate="2014-10-03 15:13:57.131 JST" Interest="4.0" Kind="propagation" Navigation="null" OriginId="org.eclipse.jdt.ui.CompilationUnitEditor" StartDate="2014-10-03 15:12:12.494 JST" StructureHandle="/TA2/src/ta2/utils/Tags.java" StructureKind="resource" NumEvents="4" CreationCount="669"/><InteractionEvent Delta="null" EndDate="2014-10-03 15:13:57.130 JST" Interest="1.8330001" Kind="propagation" Navigation="org.eclipse.mylyn.core.model.edges.containment" OriginId="org.eclipse.mylyn.core.model.interest.propagation" StartDate="2014-10-03 15:12:13.287 JST" StructureHandle="=TA2/src&amp;lt;ta2.utils{Tags.java[Tags" StructureKind="java" NumEvents="2" CreationCount="670"/><InteractionEvent Delta="null" EndDate="2014-10-03 16:22:24.66 JST" Interest="34.0" Kind="edit" Navigation="null" OriginId="org.eclipse.jdt.ui.CompilationUnitEditor" StartDate="2014-10-03 16:18:14.233 JST" StructureHandle="=TA2/src&amp;lt;ta2.utils{Recorder.java[Recorder~writeAudioDataToFile" StructureKind="java" NumEvents="34" CreationCount="1797"/><InteractionEvent Delta="null" EndDate="2014-10-03 16:22:24.57 JST" Interest="9.0" Kind="selection" Navigation="null" OriginId="org.eclipse.jdt.ui.CompilationUnitEditor" StartDate="2014-10-03 16:18:13.164 JST" StructureHandle="=TA2/src&amp;lt;ta2.utils{Recorder.java[Recorder~writeAudioDataToFile" StructureKind="java" NumEvents="9" CreationCount="1797"/><InteractionEvent Delta="null" EndDate="2014-10-03 15:19:29.506 JST" Interest="0.71700007" Kind="propagation" Navigation="org.eclipse.mylyn.core.model.edges.containment" OriginId="org.eclipse.mylyn.core.model.interest.propagation" StartDate="2014-10-03 15:19:28.491 JST" StructureHandle="=cm7/src&amp;lt;app.main{PlayActv.java" StructureKind="java" NumEvents="2" CreationCount="843"/><InteractionEvent Delta="null" EndDate="2014-10-03 15:19:23.987 JST" Interest="1.0" Kind="selection" Navigation="null" OriginId="org.eclipse.search.ui.views.SearchView" StartDate="2014-10-03 15:19:23.987 JST" StructureHandle="=cm7/src&amp;lt;app.main{PlayActv.java" StructureKind="java"/><InteractionEvent Delta="null" EndDate="2014-10-03 15:19:29.505 JST" Interest="3.0170002" Kind="propagation" Navigation="org.eclipse.mylyn.core.model.edges.containment" OriginId="org.eclipse.mylyn.core.model.interest.propagation" StartDate="2014-10-03 15:19:22.921 JST" StructureHandle="/cm7/src/app/main" StructureKind="resource" NumEvents="4" CreationCount="842"/><InteractionEvent Delta="null" EndDate="2014-10-03 16:42:58.145 JST" Interest="361.44702" Kind="propagation" Navigation="org.eclipse.mylyn.core.model.edges.containment" OriginId="org.eclipse.mylyn.core.model.interest.propagation" StartDate="2014-10-03 14:55:28.174 JST" StructureHandle="=TA2/src&amp;lt;ta2.utils" StructureKind="java" NumEvents="518" CreationCount="3"/><InteractionEvent Delta="null" EndDate="2014-10-03 14:54:20.302 JST" Interest="3.0" Kind="selection" Navigation="null" OriginId="org.eclipse.jdt.ui.PackageExplorer" StartDate="2014-10-03 14:52:04.305 JST" StructureHandle="=TA2/src&amp;lt;ta2.utils" StructureKind="java" NumEvents="3" CreationCount="3"/><InteractionEvent Delta="null" EndDate="2014-10-03 15:21:17.813 JST" Interest="1.0" Kind="selection" Navigation="null" OriginId="org.eclipse.jdt.ui.CompilationUnitEditor" StartDate="2014-10-03 15:21:17.813 JST" StructureHandle="=TA2/src&amp;lt;ta2.listeners{MP_OCmpL.java[MP_OCmpL~MP_OCmpL~QActivity;" StructureKind="java"/><InteractionEvent Delta="null" EndDate="2014-10-03 15:55:55.395 JST" Interest="25.116999" Kind="propagation" Navigation="org.eclipse.mylyn.core.model.edges.containment" OriginId="org.eclipse.mylyn.core.model.interest.propagation" StartDate="2014-10-03 15:04:26.632 JST" StructureHandle="=TA2/src&amp;lt;ta2.utils{Methods_dlg.java[Methods_dlg" StructureKind="java" NumEvents="31" CreationCount="411"/><InteractionEvent Delta="null" EndDate="2014-10-03 15:15:50.915 JST" Interest="6.517" Kind="propagation" Navigation="org.eclipse.mylyn.core.model.edges.containment" OriginId="org.eclipse.mylyn.core.model.interest.propagation" StartDate="2014-10-03 15:15:30.154 JST" StructureHandle="=cm7/src&amp;lt;app.utils{Methods.java[Methods" StructureKind="java" NumEvents="10" CreationCount="764"/><InteractionEvent Delta="null" EndDate="2014-10-03 15:38:24.571 JST" Interest="6.0" Kind="selection" Navigation="null" OriginId="org.eclipse.jdt.ui.CompilationUnitEditor" StartDate="2014-10-03 15:15:54.855 JST" StructureHandle="=cm7/src&amp;lt;app.utils{Methods.java[Methods" StructureKind="java" NumEvents="6" CreationCount="764"/><InteractionEvent Delta="null" EndDate="2014-10-03 16:42:56.225 JST" Interest="69.587006" Kind="propagation" Navigation="org.eclipse.mylyn.core.model.edges.containment" OriginId="org.eclipse.mylyn.core.model.interest.propagation" StartDate="2014-10-03 15:52:38.126 JST" StructureHandle="=TA2/src&amp;lt;ta2.utils{Recorder.java" StructureKind="java" NumEvents="107" CreationCount="1230"/><InteractionEvent Delta="null" EndDate="2014-10-03 16:27:02.736 JST" Interest="5.0" Kind="edit" Navigation="null" OriginId="org.eclipse.jdt.ui.CompilationUnitEditor" StartDate="2014-10-03 16:19:14.92 JST" StructureHandle="=TA2/src&amp;lt;ta2.utils{Recorder.java" StructureKind="java" NumEvents="5" CreationCount="1230"/><InteractionEvent Delta="null" EndDate="2014-10-03 16:44:52.347 JST" Interest="20.0" Kind="selection" Navigation="null" OriginId="org.eclipse.jdt.ui.PackageExplorer" StartDate="2014-10-03 15:52:34.320 JST" StructureHandle="=TA2/src&amp;lt;ta2.utils{Recorder.java" StructureKind="java" NumEvents="20" CreationCount="1230"/><InteractionEvent Delta="null" EndDate="2014-10-03 15:20:21.185 JST" Interest="2.0" Kind="selection" Navigation="null" OriginId="org.eclipse.ui.views.ResourceNavigator" StartDate="2014-10-03 15:20:20.732 JST" StructureHandle="=cm7/src&amp;lt;app.listeners{LV_OTL.java" StructureKind="java" NumEvents="2" CreationCount="869"/><InteractionEvent Delta="null" EndDate="2014-10-03 16:45:00.712 JST" Interest="9.921002" Kind="manipulation" Navigation="null" OriginId="org.eclipse.mylyn.core.model.interest.decay.correction" StartDate="2014-10-03 16:45:00.712 JST" StructureHandle="=TA2/src&amp;lt;ta2.listeners{MP_OCmpL.java" StructureKind="java"/><InteractionEvent Delta="null" EndDate="2014-10-03 16:49:12.49 JST" Interest="11.601997" Kind="propagation" Navigation="org.eclipse.mylyn.core.model.edges.containment" OriginId="org.eclipse.mylyn.core.model.interest.propagation" StartDate="2014-10-03 15:20:30.361 JST" StructureHandle="=TA2/src&amp;lt;ta2.listeners{MP_OCmpL.java" StructureKind="java" NumEvents="18" CreationCount="872"/><InteractionEvent Delta="null" EndDate="2014-10-03 15:20:40.214 JST" Interest="1.0" Kind="edit" Navigation="null" OriginId="org.eclipse.jdt.ui.CompilationUnitEditor" StartDate="2014-10-03 15:20:40.214 JST" StructureHandle="=TA2/src&amp;lt;ta2.listeners{MP_OCmpL.java" StructureKind="java"/><InteractionEvent Delta="null" EndDate="2014-10-03 16:45:00.712 JST" Interest="6.0" Kind="selection" Navigation="null" OriginId="org.eclipse.jdt.ui.CompilationUnitEditor" StartDate="2014-10-03 15:20:31.815 JST" StructureHandle="=TA2/src&amp;lt;ta2.listeners{MP_OCmpL.java" StructureKind="java" NumEvents="6" CreationCount="872"/><InteractionEvent Delta="null" EndDate="2014-10-03 15:04:14.338 JST" Interest="1.0" Kind="selection" Navigation="null" OriginId="org.eclipse.jdt.ui.CompilationUnitEditor" StartDate="2014-10-03 15:04:14.338 JST" StructureHandle="=TA2/src&amp;lt;ta2.utils{CONS.java[CONS[DB^dPath_dbFile_backup_IFM11" StructureKind="java"/><InteractionEvent Delta="null" EndDate="2014-10-03 16:37:44.269 JST" Interest="13.0" Kind="edit" Navigation="null" OriginId="org.eclipse.jdt.ui.CompilationUnitEditor" StartDate="2014-10-03 16:26:34.567 JST" StructureHandle="=TA2/src&amp;lt;ta2.utils{Methods.java[Methods~recActv_Stop~QActivity;" StructureKind="java" NumEvents="13" CreationCount="2006"/><InteractionEvent Delta="null" EndDate="2014-10-03 16:37:44.263 JST" Interest="3.0" Kind="selection" Navigation="null" OriginId="org.eclipse.jdt.ui.CompilationUnitEditor" StartDate="2014-10-03 16:26:34.549 JST" StructureHandle="=TA2/src&amp;lt;ta2.utils{Methods.java[Methods~recActv_Stop~QActivity;" StructureKind="java" NumEvents="3" CreationCount="2006"/><InteractionEvent Delta="null" EndDate="2014-10-03 15:38:24.572 JST" Interest="46.085003" Kind="propagation" Navigation="org.eclipse.mylyn.core.model.edges.containment" OriginId="org.eclipse.mylyn.core.model.interest.propagation" StartDate="2014-10-03 15:15:22.932 JST" StructureHandle="=cm7" StructureKind="resource" NumEvents="52" CreationCount="1"/><InteractionEvent Delta="null" EndDate="2014-10-03 15:15:18.497 JST" Interest="11.835001" Kind="manipulation" Navigation="null" OriginId="org.eclipse.mylyn.core.model.interest.decay.correction" StartDate="2014-10-03 15:15:18.497 JST" StructureHandle="=cm7" StructureKind="java"/><InteractionEvent Delta="null" EndDate="2014-10-03 15:15:18.497 JST" Interest="2.0" Kind="selection" Navigation="null" OriginId="org.eclipse.ui.views.ResourceNavigator" StartDate="2014-10-03 14:51:59.441 JST" StructureHandle="=cm7" StructureKind="java" NumEvents="2" CreationCount="1"/><InteractionEvent Delta="null" EndDate="2014-10-03 16:26:57.550 JST" Interest="17.0" Kind="edit" Navigation="null" OriginId="org.eclipse.jdt.ui.CompilationUnitEditor" StartDate="2014-10-03 15:54:29.988 JST" StructureHandle="=TA2/src&amp;lt;ta2.utils{CONS.java[CONS[RecActv^fname_Generated_WavFile" StructureKind="java" NumEvents="17" CreationCount="1279"/><InteractionEvent Delta="null" EndDate="2014-10-03 16:26:57.543 JST" Interest="9.0" Kind="selection" Navigation="null" OriginId="org.eclipse.jdt.ui.CompilationUnitEditor" StartDate="2014-10-03 15:54:29.982 JST" StructureHandle="=TA2/src&amp;lt;ta2.utils{CONS.java[CONS[RecActv^fname_Generated_WavFile" StructureKind="java" NumEvents="9" CreationCount="1279"/><InteractionEvent Delta="null" EndDate="2014-10-03 16:39:56.392 JST" Interest="13.609001" Kind="manipulation" Navigation="null" OriginId="org.eclipse.mylyn.core.model.interest.decay.correction" StartDate="2014-10-03 16:39:56.392 JST" StructureHandle="=TA2/src&amp;lt;ta2.utils{Recorder.java[Recorder~getTempFilename" StructureKind="java"/><InteractionEvent Delta="null" EndDate="2014-10-03 16:39:56.398 JST" Interest="1.0" Kind="edit" Navigation="null" OriginId="org.eclipse.jdt.ui.CompilationUnitEditor" StartDate="2014-10-03 16:39:56.398 JST" StructureHandle="=TA2/src&amp;lt;ta2.utils{Recorder.java[Recorder~getTempFilename" StructureKind="java"/><InteractionEvent Delta="null" EndDate="2014-10-03 16:39:56.392 JST" Interest="4.0" Kind="selection" Navigation="null" OriginId="org.eclipse.jdt.ui.CompilationUnitEditor" StartDate="2014-10-03 15:52:39.265 JST" StructureHandle="=TA2/src&amp;lt;ta2.utils{Recorder.java[Recorder~getTempFilename" StructureKind="java" NumEvents="4" CreationCount="1234"/><InteractionEvent Delta="null" EndDate="2014-10-03 16:42:56.224 JST" Interest="85.553" Kind="propagation" Navigation="org.eclipse.mylyn.core.model.edges.containment" OriginId="org.eclipse.mylyn.core.model.interest.propagation" StartDate="2014-10-03 15:52:35.799 JST" StructureHandle="=TA2/src&amp;lt;ta2.utils{Recorder.java[Recorder" StructureKind="java" NumEvents="117" CreationCount="1232"/><InteractionEvent Delta="null" EndDate="2014-10-03 16:42:04.384 JST" Interest="5.0" Kind="edit" Navigation="null" OriginId="org.eclipse.jdt.ui.CompilationUnitEditor" StartDate="2014-10-03 16:27:07.263 JST" StructureHandle="=TA2/src&amp;lt;ta2.utils{Recorder.java[Recorder" StructureKind="java" NumEvents="5" CreationCount="1232"/><InteractionEvent Delta="null" EndDate="2014-10-03 16:42:04.368 JST" Interest="3.0" Kind="selection" Navigation="null" OriginId="org.eclipse.jdt.ui.CompilationUnitEditor" StartDate="2014-10-03 16:27:07.259 JST" StructureHandle="=TA2/src&amp;lt;ta2.utils{Recorder.java[Recorder" StructureKind="java" NumEvents="3" CreationCount="1232"/><InteractionEvent Delta="null" EndDate="2014-10-03 16:49:12.49 JST" Interest="28.138" Kind="propagation" Navigation="org.eclipse.mylyn.core.model.edges.containment" OriginId="org.eclipse.mylyn.core.model.interest.propagation" StartDate="2014-10-03 15:20:44.103 JST" StructureHandle="=TA2/src&amp;lt;ta2.listeners{MP_OCmpL.java[MP_OCmpL" StructureKind="java" NumEvents="22" CreationCount="877"/><InteractionEvent Delta="null" EndDate="2014-10-03 14:55:28.171 JST" Interest="3.0" Kind="edit" Navigation="null" OriginId="org.eclipse.jdt.ui.CompilationUnitEditor" StartDate="2014-10-03 14:55:27.159 JST" StructureHandle="=TA2/src&amp;lt;ta2.utils{CONS.java[CONS[TNActv" StructureKind="java" NumEvents="3" CreationCount="33"/><InteractionEvent Delta="null" EndDate="2014-10-03 14:55:27.92 JST" Interest="1.0" Kind="selection" Navigation="null" OriginId="org.eclipse.ui.views.ContentOutline" StartDate="2014-10-03 14:55:27.92 JST" StructureHandle="=TA2/src&amp;lt;ta2.utils{CONS.java[CONS[TNActv" StructureKind="java"/><InteractionEvent Delta="null" EndDate="2014-10-03 15:38:24.495 JST" Interest="12.619001" Kind="propagation" Navigation="org.eclipse.mylyn.core.model.edges.containment" OriginId="org.eclipse.mylyn.core.model.interest.propagation" StartDate="2014-10-03 15:15:23.468 JST" StructureHandle="=cm7/src" StructureKind="java" NumEvents="23" CreationCount="758"/><InteractionEvent Delta="null" EndDate="2014-10-03 15:15:22.931 JST" Interest="1.0" Kind="selection" Navigation="null" OriginId="org.eclipse.ui.views.ResourceNavigator" StartDate="2014-10-03 15:15:22.931 JST" StructureHandle="=cm7/src" StructureKind="java"/><InteractionEvent Delta="null" EndDate="2014-10-03 15:24:08.399 JST" Interest="1.0" Kind="selection" Navigation="null" OriginId="org.eclipse.jdt.ui.CompilationUnitEditor" StartDate="2014-10-03 15:24:08.399 JST" StructureHandle="=TA2/src&amp;lt;ta2.utils{Methods.java#android.content.Intent" StructureKind="java"/><InteractionEvent Delta="null" EndDate="2014-10-03 16:40:29.76 JST" Interest="18.788002" Kind="manipulation" Navigation="null" OriginId="org.eclipse.mylyn.core.model.interest.decay.correction" StartDate="2014-10-03 16:40:29.76 JST" StructureHandle="=TA2/src&amp;lt;ta2.utils{Methods.java[Methods~conf_DirExists~QActivity;~QString;" StructureKind="java"/><InteractionEvent Delta="null" EndDate="2014-10-03 16:40:29.84 JST" Interest="2.0" Kind="edit" Navigation="null" OriginId="org.eclipse.jdt.ui.CompilationUnitEditor" StartDate="2014-10-03 16:40:29.80 JST" StructureHandle="=TA2/src&amp;lt;ta2.utils{Methods.java[Methods~conf_DirExists~QActivity;~QString;" StructureKind="java" NumEvents="2" CreationCount="1101"/><InteractionEvent Delta="null" EndDate="2014-10-03 16:40:29.76 JST" Interest="2.0" Kind="selection" Navigation="null" OriginId="org.eclipse.jdt.ui.CompilationUnitEditor" StartDate="2014-10-03 15:36:37.796 JST" StructureHandle="=TA2/src&amp;lt;ta2.utils{Methods.java[Methods~conf_DirExists~QActivity;~QString;" StructureKind="java" NumEvents="2" CreationCount="1101"/><InteractionEvent Delta="null" EndDate="2014-10-03 15:54:26.766 JST" Interest="2.0" Kind="edit" Navigation="null" OriginId="org.eclipse.jdt.ui.CompilationUnitEditor" StartDate="2014-10-03 15:54:24.363 JST" StructureHandle="=TA2/src&amp;lt;ta2.utils{CONS.java[CONS[RecActv^fmt_FileName" StructureKind="java" NumEvents="2" CreationCount="1269"/><InteractionEvent Delta="null" EndDate="2014-10-03 15:54:26.763 JST" Interest="2.0" Kind="selection" Navigation="null" OriginId="org.eclipse.jdt.ui.CompilationUnitEditor" StartDate="2014-10-03 15:54:24.360 JST" StructureHandle="=TA2/src&amp;lt;ta2.utils{CONS.java[CONS[RecActv^fmt_FileName" StructureKind="java" NumEvents="2" CreationCount="1269"/><InteractionEvent Delta="null" EndDate="2014-10-03 15:38:13.612 JST" Interest="24.703997" Kind="propagation" Navigation="org.eclipse.mylyn.core.model.edges.containment" OriginId="org.eclipse.mylyn.core.model.interest.propagation" StartDate="2014-10-03 15:14:40.477 JST" StructureHandle="=TA2/src&amp;lt;ta2.listeners.button{BO_CL.java" StructureKind="java" NumEvents="44" CreationCount="741"/><InteractionEvent Delta="null" EndDate="2014-10-03 15:55:55.524 JST" Interest="12.0" Kind="selection" Navigation="null" OriginId="org.eclipse.jdt.ui.CompilationUnitEditor" StartDate="2014-10-03 15:14:39.749 JST" StructureHandle="=TA2/src&amp;lt;ta2.listeners.button{BO_CL.java" StructureKind="java" NumEvents="12" CreationCount="741"/><InteractionEvent Delta="null" EndDate="2014-10-03 15:38:24.572 JST" Interest="35.033997" Kind="propagation" Navigation="org.eclipse.mylyn.core.model.edges.containment" OriginId="org.eclipse.mylyn.core.model.interest.propagation" StartDate="2014-10-03 15:15:23.468 JST" StructureHandle="/cm7/src/app" StructureKind="resource" NumEvents="37" CreationCount="759"/><InteractionEvent Delta="null" EndDate="2014-10-03 15:55:46.605 JST" Interest="42.0" Kind="propagation" Navigation="org.eclipse.mylyn.core.model.edges.containment" OriginId="org.eclipse.mylyn.core.model.interest.propagation" StartDate="2014-10-03 15:05:16.256 JST" StructureHandle="=TA2/&amp;lt;{Test.java[Test" StructureKind="java" NumEvents="57" CreationCount="435"/><InteractionEvent Delta="null" EndDate="2014-10-03 16:49:12.50 JST" Interest="2255.0" Kind="propagation" Navigation="null" OriginId="org.eclipse.jdt.ui.CompilationUnitEditor" StartDate="2014-10-03 14:52:01.851 JST" StructureHandle="/TA2/src" StructureKind="resource" NumEvents="2256" CreationCount="2"/><InteractionEvent Delta="null" EndDate="2014-10-03 15:14:27.283 JST" Interest="25.0" Kind="propagation" Navigation="null" OriginId="org.eclipse.jdt.ui.CompilationUnitEditor" StartDate="2014-10-03 15:12:28.503 JST" StructureHandle="/TA2/src/ta2/listeners/button/BO_TL.java" StructureKind="resource" NumEvents="25" CreationCount="675"/><InteractionEvent Delta="null" EndDate="2014-10-03 15:27:34.487 JST" Interest="1.0" Kind="prediction" Navigation="null" OriginId="org.eclipse.mylyn.resources.ui.interest.updater" StartDate="2014-10-03 15:27:34.487 JST" StructureHandle="/TA2/bin/res/crunch/drawable/actv_rec_stop_not_in_use.png" StructureKind="resource"/><InteractionEvent Delta="null" EndDate="2014-10-03 16:49:12.49 JST" Interest="2252.0" Kind="propagation" Navigation="org.eclipse.mylyn.core.model.edges.containment" OriginId="org.eclipse.mylyn.core.model.interest.propagation" StartDate="2014-10-03 14:52:01.852 JST" StructureHandle="=TA2" StructureKind="resource" NumEvents="2256" CreationCount="2"/><InteractionEvent Delta="null" EndDate="2014-10-03 14:54:16.247 JST" Interest="2.0" Kind="selection" Navigation="null" OriginId="org.eclipse.jdt.ui.PackageExplorer" StartDate="2014-10-03 14:54:10.800 JST" StructureHandle="=TA2" StructureKind="java" NumEvents="2" CreationCount="2"/><InteractionEvent Delta="null" EndDate="2014-10-03 15:19:44.8 JST" Interest="10.110001" Kind="manipulation" Navigation="null" OriginId="org.eclipse.mylyn.core.model.interest.decay.correction" StartDate="2014-10-03 15:19:44.8 JST" StructureHandle="=TA2/src&amp;lt;ta2.main{PlayActv.java[PlayActv~onCreate~QBundle;" StructureKind="java"/><InteractionEvent Delta="null" EndDate="2014-10-03 15:19:56.197 JST" Interest="3.0" Kind="edit" Navigation="null" OriginId="org.eclipse.jdt.ui.CompilationUnitEditor" StartDate="2014-10-03 15:19:45.396 JST" StructureHandle="=TA2/src&amp;lt;ta2.main{PlayActv.java[PlayActv~onCreate~QBundle;" StructureKind="java" NumEvents="3" CreationCount="17"/><InteractionEvent Delta="null" EndDate="2014-10-03 15:20:00.5 JST" Interest="8.0" Kind="selection" Navigation="null" OriginId="org.eclipse.jdt.ui.CompilationUnitEditor" StartDate="2014-10-03 14:54:43.254 JST" StructureHandle="=TA2/src&amp;lt;ta2.main{PlayActv.java[PlayActv~onCreate~QBundle;" StructureKind="java" NumEvents="8" CreationCount="17"/><InteractionEvent Delta="null" EndDate="2014-10-03 16:39:50.876 JST" Interest="1.0" Kind="edit" Navigation="null" OriginId="org.eclipse.jdt.ui.CompilationUnitEditor" StartDate="2014-10-03 16:39:50.876 JST" StructureHandle="=TA2/src&amp;lt;ta2.utils{Recorder.java[Recorder~Recorder" StructureKind="java"/><InteractionEvent Delta="null" EndDate="2014-10-03 16:39:50.870 JST" Interest="1.0" Kind="selection" Navigation="null" OriginId="org.eclipse.jdt.ui.CompilationUnitEditor" StartDate="2014-10-03 16:39:50.870 JST" StructureHandle="=TA2/src&amp;lt;ta2.utils{Recorder.java[Recorder~Recorder" StructureKind="java"/><InteractionEvent Delta="null" EndDate="2014-10-03 15:03:10.125 JST" Interest="4.7460003" Kind="manipulation" Navigation="null" OriginId="org.eclipse.mylyn.core.model.interest.decay.correction" StartDate="2014-10-03 15:03:10.125 JST" StructureHandle="=TA2/src&amp;lt;ta2.main{PlayActv.java[PlayActv~onStop" StructureKind="java"/><InteractionEvent Delta="null" EndDate="2014-10-03 15:03:10.128 JST" Interest="1.0" Kind="edit" Navigation="null" OriginId="org.eclipse.jdt.ui.CompilationUnitEditor" StartDate="2014-10-03 15:03:10.128 JST" StructureHandle="=TA2/src&amp;lt;ta2.main{PlayActv.java[PlayActv~onStop" StructureKind="java"/><InteractionEvent Delta="null" EndDate="2014-10-03 15:03:10.125 JST" Interest="2.0" Kind="selection" Navigation="null" OriginId="org.eclipse.jdt.ui.CompilationUnitEditor" StartDate="2014-10-03 14:54:45.951 JST" StructureHandle="=TA2/src&amp;lt;ta2.main{PlayActv.java[PlayActv~onStop" StructureKind="java" NumEvents="2" CreationCount="19"/><InteractionEvent Delta="null" EndDate="2014-10-03 16:22:37.250 JST" Interest="5.0" Kind="edit" Navigation="null" OriginId="org.eclipse.jdt.ui.CompilationUnitEditor" StartDate="2014-10-03 16:19:47.344 JST" StructureHandle="=TA2/src&amp;lt;ta2.utils{Recorder.java[Recorder~copyWaveFile~QString;~QString;" StructureKind="java" NumEvents="5" CreationCount="1828"/><InteractionEvent Delta="null" EndDate="2014-10-03 16:22:26.220 JST" Interest="2.0" Kind="selection" Navigation="null" OriginId="org.eclipse.jdt.ui.CompilationUnitEditor" StartDate="2014-10-03 16:19:47.338 JST" StructureHandle="=TA2/src&amp;lt;ta2.utils{Recorder.java[Recorder~copyWaveFile~QString;~QString;" StructureKind="java" NumEvents="2" CreationCount="1828"/><InteractionEvent Delta="null" EndDate="2014-10-03 16:26:57.551 JST" Interest="36.182" Kind="propagation" Navigation="org.eclipse.mylyn.core.model.edges.containment" OriginId="org.eclipse.mylyn.core.model.interest.propagation" StartDate="2014-10-03 14:55:27.93 JST" StructureHandle="=TA2/src&amp;lt;ta2.utils{CONS.java[CONS" StructureKind="java" NumEvents="55" CreationCount="33"/><InteractionEvent Delta="null" EndDate="2014-10-03 14:55:34.189 JST" Interest="7.0" Kind="edit" Navigation="null" OriginId="org.eclipse.jdt.ui.CompilationUnitEditor" StartDate="2014-10-03 14:55:29.751 JST" StructureHandle="=TA2/src&amp;lt;ta2.utils{CONS.java[CONS" StructureKind="java" NumEvents="7" CreationCount="33"/><InteractionEvent Delta="null" EndDate="2014-10-03 14:55:29.744 JST" Interest="1.0" Kind="selection" Navigation="null" OriginId="org.eclipse.jdt.ui.CompilationUnitEditor" StartDate="2014-10-03 14:55:29.744 JST" StructureHandle="=TA2/src&amp;lt;ta2.utils{CONS.java[CONS" StructureKind="java"/><InteractionEvent Delta="null" EndDate="2014-10-03 15:24:08.399 JST" Interest="2.7200003" Kind="propagation" Navigation="org.eclipse.mylyn.core.model.edges.containment" OriginId="org.eclipse.mylyn.core.model.interest.propagation" StartDate="2014-10-03 15:16:18.687 JST" StructureHandle="=TA2/src&amp;lt;ta2.utils{Methods.java#" StructureKind="java" NumEvents="3" CreationCount="790"/><InteractionEvent Delta="null" EndDate="2014-10-03 15:24:12.578 JST" Interest="3.0" Kind="selection" Navigation="null" OriginId="org.eclipse.jdt.ui.CompilationUnitEditor" StartDate="2014-10-03 15:16:22.925 JST" StructureHandle="=TA2/src&amp;lt;ta2.utils{Methods.java#" StructureKind="java" NumEvents="3" CreationCount="790"/><InteractionEvent Delta="null" EndDate="2014-10-03 15:15:50.915 JST" Interest="5.0" Kind="edit" Navigation="null" OriginId="org.eclipse.jdt.ui.CompilationUnitEditor" StartDate="2014-10-03 15:15:34.646 JST" StructureHandle="=cm7/src&amp;lt;app.utils{Methods.java[Methods~play_File~QActivity;~QAI;" StructureKind="java" NumEvents="5" CreationCount="765"/><InteractionEvent Delta="null" EndDate="2014-10-03 15:23:58.559 JST" Interest="5.0" Kind="selection" Navigation="null" OriginId="org.eclipse.jdt.ui.CompilationUnitEditor" StartDate="2014-10-03 15:15:34.43 JST" StructureHandle="=cm7/src&amp;lt;app.utils{Methods.java[Methods~play_File~QActivity;~QAI;" StructureKind="java" NumEvents="5" CreationCount="765"/><InteractionEvent Delta="null" EndDate="2014-10-03 15:19:17.5 JST" Interest="4.0" Kind="propagation" Navigation="null" OriginId="org.eclipse.jdt.ui.CompilationUnitEditor" StartDate="2014-10-03 15:19:14.557 JST" StructureHandle="/cm7/src/app/listeners/button/BO_CL.java" StructureKind="resource" NumEvents="4" CreationCount="838"/><InteractionEvent Delta="null" EndDate="2014-10-03 16:43:20.819 JST" Interest="10.0" Kind="prediction" Navigation="null" OriginId="org.eclipse.mylyn.resources.ui.interest.updater" StartDate="2014-10-03 15:27:34.487 JST" StructureHandle="/TA2/bin/classes.dex" StructureKind="resource" NumEvents="10" CreationCount="1059"/><InteractionEvent Delta="null" EndDate="2014-10-03 15:27:34.487 JST" Interest="1.0" Kind="prediction" Navigation="null" OriginId="org.eclipse.mylyn.resources.ui.interest.updater" StartDate="2014-10-03 15:27:34.487 JST" StructureHandle="/TA2/bin/res/crunch/drawable/actv_rec_stop.png" StructureKind="resource"/><InteractionEvent Delta="null" EndDate="2014-10-03 15:19:17.5 JST" Interest="2.4" Kind="propagation" Navigation="org.eclipse.mylyn.core.model.edges.containment" OriginId="org.eclipse.mylyn.core.model.interest.propagation" StartDate="2014-10-03 15:19:15.270 JST" StructureHandle="=cm7/src&amp;lt;app.listeners.button{BO_CL.java[BO_CL" StructureKind="java" NumEvents="3" CreationCount="839"/><InteractionEvent Delta="null" EndDate="2014-10-03 15:25:30.797 JST" Interest="35.0" Kind="edit" Navigation="null" OriginId="org.eclipse.jdt.ui.CompilationUnitEditor" StartDate="2014-10-03 15:24:19.131 JST" StructureHandle="=TA2/src&amp;lt;ta2.utils{Methods.java[Methods~stop_Player~QActivity;" StructureKind="java" NumEvents="35" CreationCount="954"/><InteractionEvent Delta="null" EndDate="2014-10-03 15:24:17.293 JST" Interest="2.0" Kind="selection" Navigation="null" OriginId="org.eclipse.jdt.ui.CompilationUnitEditor" StartDate="2014-10-03 15:24:14.279 JST" StructureHandle="=TA2/src&amp;lt;ta2.utils{Methods.java[Methods~stop_Player~QActivity;" StructureKind="java" NumEvents="2" CreationCount="954"/><InteractionEvent Delta="null" EndDate="2014-10-03 15:14:27.282 JST" Interest="19.0" Kind="edit" Navigation="null" OriginId="org.eclipse.jdt.ui.CompilationUnitEditor" StartDate="2014-10-03 15:12:39.280 JST" StructureHandle="=TA2/src&amp;lt;ta2.listeners.button{BO_TL.java[BO_TL~onTouch~QView;~QMotionEvent;" StructureKind="java" NumEvents="19" CreationCount="677"/><InteractionEvent Delta="null" EndDate="2014-10-03 15:14:12.180 JST" Interest="2.0" Kind="selection" Navigation="null" OriginId="org.eclipse.jdt.ui.CompilationUnitEditor" StartDate="2014-10-03 15:12:37.412 JST" StructureHandle="=TA2/src&amp;lt;ta2.listeners.button{BO_TL.java[BO_TL~onTouch~QView;~QMotionEvent;" StructureKind="java" NumEvents="2" CreationCount="677"/><InteractionEvent Delta="null" EndDate="2014-10-03 15:11:16.735 JST" Interest="3.4" Kind="propagation" Navigation="org.eclipse.mylyn.core.model.edges.containment" OriginId="org.eclipse.mylyn.core.model.interest.propagation" StartDate="2014-10-03 15:11:04.603 JST" StructureHandle="/TA2/res" StructureKind="resource" NumEvents="4" CreationCount="630"/><InteractionEvent Delta="null" EndDate="2014-10-03 15:04:25.857 JST" Interest="1.0" Kind="selection" Navigation="null" OriginId="org.eclipse.ui.views.ContentOutline" StartDate="2014-10-03 15:04:25.857 JST" StructureHandle="=TA2/src&amp;lt;ta2.utils{Methods_dlg.java%ta2.utils" StructureKind="java"/><InteractionEvent Delta="null" EndDate="2014-10-03 15:44:15.607 JST" Interest="12.547999" Kind="propagation" Navigation="org.eclipse.mylyn.core.model.edges.containment" OriginId="org.eclipse.mylyn.core.model.interest.propagation" StartDate="2014-10-03 14:56:07.137 JST" StructureHandle="=TA2/src&amp;lt;ta2.utils{CONS.java[CONS[PlayActv" StructureKind="java" NumEvents="16" CreationCount="45"/><InteractionEvent Delta="null" EndDate="2014-10-03 15:02:34.425 JST" Interest="7.0" Kind="edit" Navigation="null" OriginId="org.eclipse.jdt.ui.CompilationUnitEditor" StartDate="2014-10-03 14:55:37.820 JST" StructureHandle="=TA2/src&amp;lt;ta2.utils{CONS.java[CONS[PlayActv" StructureKind="java" NumEvents="7" CreationCount="45"/><InteractionEvent Delta="null" EndDate="2014-10-03 15:02:32.618 JST" Interest="3.0" Kind="selection" Navigation="null" OriginId="org.eclipse.jdt.ui.CompilationUnitEditor" StartDate="2014-10-03 14:55:37.816 JST" StructureHandle="=TA2/src&amp;lt;ta2.utils{CONS.java[CONS[PlayActv" StructureKind="java" NumEvents="3" CreationCount="45"/><InteractionEvent Delta="null" EndDate="2014-10-03 15:05:12.440 JST" Interest="3.0" Kind="selection" Navigation="null" OriginId="org.eclipse.jdt.ui.PackageExplorer" StartDate="2014-10-03 15:05:08.381 JST" StructureHandle="=TA2/&amp;lt;(Test.class" StructureKind="java" NumEvents="3" CreationCount="427"/><InteractionEvent Delta="null" EndDate="2014-10-03 15:44:44.389 JST" Interest="2.0" Kind="prediction" Navigation="null" OriginId="org.eclipse.mylyn.resources.ui.interest.updater" StartDate="2014-10-03 15:27:34.487 JST" StructureHandle="=TA2/&amp;lt;(Test.class" StructureKind="java" NumEvents="2" CreationCount="427"/><InteractionEvent Delta="null" EndDate="2014-10-03 15:52:38.125 JST" Interest="2.0" Kind="selection" Navigation="null" OriginId="org.eclipse.ui.views.ContentOutline" StartDate="2014-10-03 15:52:35.798 JST" StructureHandle="=TA2/src&amp;lt;ta2.utils{Recorder.java[Recorder^recordingThread" StructureKind="java" NumEvents="2" CreationCount="1232"/><InteractionEvent Delta="null" EndDate="2014-10-03 15:19:29.505 JST" Interest="1.7" Kind="propagation" Navigation="org.eclipse.mylyn.core.model.edges.containment" OriginId="org.eclipse.mylyn.core.model.interest.propagation" StartDate="2014-10-03 15:19:28.491 JST" StructureHandle="=cm7/src&amp;lt;app.main{PlayActv.java[PlayActv" StructureKind="java" NumEvents="2" CreationCount="844"/><InteractionEvent Delta="null" EndDate="2014-10-03 15:38:24.494 JST" Interest="12.585001" Kind="propagation" Navigation="org.eclipse.mylyn.core.model.edges.containment" OriginId="org.eclipse.mylyn.core.model.interest.propagation" StartDate="2014-10-03 15:15:27.350 JST" StructureHandle="=cm7/src&amp;lt;app.utils" StructureKind="java" NumEvents="21" CreationCount="760"/><InteractionEvent Delta="null" EndDate="2014-10-03 15:15:25.760 JST" Interest="1.0" Kind="selection" Navigation="null" OriginId="org.eclipse.ui.views.ResourceNavigator" StartDate="2014-10-03 15:15:25.760 JST" StructureHandle="=cm7/src&amp;lt;app.utils" StructureKind="java"/><InteractionEvent Delta="null" EndDate="2014-10-03 15:13:57.130 JST" Interest="1.8330001" Kind="propagation" Navigation="org.eclipse.mylyn.core.model.edges.containment" OriginId="org.eclipse.mylyn.core.model.interest.propagation" StartDate="2014-10-03 15:12:13.287 JST" StructureHandle="=TA2/src&amp;lt;ta2.utils{Tags.java[Tags[ButtonTags" StructureKind="java" NumEvents="2" CreationCount="670"/><InteractionEvent Delta="null" EndDate="2014-10-03 16:26:57.552 JST" Interest="17.132998" Kind="propagation" Navigation="org.eclipse.mylyn.core.model.edges.containment" OriginId="org.eclipse.mylyn.core.model.interest.propagation" StartDate="2014-10-03 14:55:28.164 JST" StructureHandle="=TA2/src&amp;lt;ta2.utils{CONS.java" StructureKind="java" NumEvents="28" CreationCount="30"/><InteractionEvent Delta="null" EndDate="2014-10-03 16:26:53.592 JST" Interest="25.0" Kind="selection" Navigation="null" OriginId="org.eclipse.jdt.ui.CompilationUnitEditor" StartDate="2014-10-03 14:55:21.714 JST" StructureHandle="=TA2/src&amp;lt;ta2.utils{CONS.java" StructureKind="java" NumEvents="25" CreationCount="30"/><InteractionEvent Delta="null" EndDate="2014-10-03 15:04:13.774 JST" Interest="1.034" Kind="propagation" Navigation="org.eclipse.mylyn.core.model.edges.containment" OriginId="org.eclipse.mylyn.core.model.interest.propagation" StartDate="2014-10-03 15:04:06.94 JST" StructureHandle="=TA2/src&amp;lt;ta2.utils{CONS.java[CONS[DB" StructureKind="java" NumEvents="4" CreationCount="398"/><InteractionEvent Delta="null" EndDate="2014-10-03 15:07:50.507 JST" Interest="4.0" Kind="selection" Navigation="null" OriginId="org.eclipse.jdt.ui.CompilationUnitEditor" StartDate="2014-10-03 15:04:02.6 JST" StructureHandle="=TA2/src&amp;lt;ta2.utils{CONS.java[CONS[DB" StructureKind="java" NumEvents="4" CreationCount="398"/><InteractionEvent Delta="null" EndDate="2014-10-03 15:43:03.612 JST" Interest="10.563001" Kind="manipulation" Navigation="null" OriginId="org.eclipse.mylyn.core.model.interest.decay.correction" StartDate="2014-10-03 15:43:03.612 JST" StructureHandle="=TA2/&amp;lt;{Test.java#java.util.regex.Matcher" StructureKind="java"/><InteractionEvent Delta="null" EndDate="2014-10-03 15:43:04.181 JST" Interest="4.0" Kind="selection" Navigation="null" OriginId="org.eclipse.jdt.ui.CompilationUnitEditor" StartDate="2014-10-03 15:05:13.565 JST" StructureHandle="=TA2/&amp;lt;{Test.java#java.util.regex.Matcher" StructureKind="java" NumEvents="4" CreationCount="433"/><InteractionEvent Delta="null" EndDate="2014-10-03 16:20:16.383 JST" Interest="1.7" Kind="propagation" Navigation="org.eclipse.mylyn.core.model.edges.containment" OriginId="org.eclipse.mylyn.core.model.interest.propagation" StartDate="2014-10-03 16:20:16.376 JST" StructureHandle="=TA2/src&amp;lt;ta2.utils{Recorder.java[Recorder~startRecording" StructureKind="java" NumEvents="2" CreationCount="1844"/><InteractionEvent Delta="null" EndDate="2014-10-03 16:22:23.440 JST" Interest="17.0" Kind="edit" Navigation="null" OriginId="org.eclipse.jdt.ui.CompilationUnitEditor" StartDate="2014-10-03 16:20:27.370 JST" StructureHandle="=TA2/src&amp;lt;ta2.utils{Recorder.java[Recorder~startRecording" StructureKind="java" NumEvents="17" CreationCount="1844"/><InteractionEvent Delta="null" EndDate="2014-10-03 16:22:06.303 JST" Interest="3.0" Kind="selection" Navigation="null" OriginId="org.eclipse.jdt.ui.CompilationUnitEditor" StartDate="2014-10-03 16:20:27.366 JST" StructureHandle="=TA2/src&amp;lt;ta2.utils{Recorder.java[Recorder~startRecording" StructureKind="java" NumEvents="3" CreationCount="1844"/><InteractionEvent Delta="null" EndDate="2014-10-03 15:24:01.839 JST" Interest="4.0" Kind="edit" Navigation="null" OriginId="org.eclipse.jdt.ui.CompilationUnitEditor" StartDate="2014-10-03 15:23:59.179 JST" StructureHandle="=cm7/src&amp;lt;app.utils{Methods.java[Methods~stop_Player~QActivity;" StructureKind="java" NumEvents="4" CreationCount="933"/><InteractionEvent Delta="null" EndDate="2014-10-03 15:23:58.581 JST" Interest="3.0" Kind="selection" Navigation="null" OriginId="org.eclipse.jdt.ui.CompilationUnitEditor" StartDate="2014-10-03 15:23:58.81 JST" StructureHandle="=cm7/src&amp;lt;app.utils{Methods.java[Methods~stop_Player~QActivity;" StructureKind="java" NumEvents="3" CreationCount="933"/><InteractionEvent Delta="null" EndDate="2014-10-03 15:55:46.606 JST" Interest="74.0" Kind="propagation" Navigation="null" OriginId="org.eclipse.jdt.ui.CompilationUnitEditor" StartDate="2014-10-03 15:05:06.698 JST" StructureHandle="/TA2" StructureKind="resource" NumEvents="74" CreationCount="426"/><InteractionEvent Delta="null" EndDate="2014-10-03 16:44:52.347 JST" Interest="256.0" Kind="propagation" Navigation="null" OriginId="org.eclipse.jdt.ui.PackageExplorer" StartDate="2014-10-03 15:52:34.320 JST" StructureHandle="/TA2/src/ta2/utils/Recorder.java" StructureKind="resource" NumEvents="256" CreationCount="1230"/><InteractionEvent Delta="null" EndDate="2014-10-03 16:18:07.440 JST" Interest="450.0" Kind="edit" Navigation="null" OriginId="org.eclipse.jdt.ui.CompilationUnitEditor" StartDate="2014-10-03 15:16:33.805 JST" StructureHandle="=TA2/src&amp;lt;ta2.utils{Methods.java[Methods~play_File~QActivity;" StructureKind="java" NumEvents="450" CreationCount="794"/><InteractionEvent Delta="null" EndDate="2014-10-03 16:23:29.971 JST" Interest="22.0" Kind="selection" Navigation="null" OriginId="org.eclipse.jdt.ui.CompilationUnitEditor" StartDate="2014-10-03 15:16:28.481 JST" StructureHandle="=TA2/src&amp;lt;ta2.utils{Methods.java[Methods~play_File~QActivity;" StructureKind="java" NumEvents="22" CreationCount="794"/><InteractionEvent Delta="null" EndDate="2014-10-03 15:43:44.710 JST" Interest="33.153" Kind="propagation" Navigation="org.eclipse.mylyn.core.model.edges.containment" OriginId="org.eclipse.mylyn.core.model.interest.propagation" StartDate="2014-10-03 15:05:14.178 JST" StructureHandle="=TA2/&amp;lt;{Test.java" StructureKind="java" NumEvents="49" CreationCount="426"/><InteractionEvent Delta="null" EndDate="2014-10-03 15:55:46.390 JST" Interest="10.0" Kind="selection" Navigation="null" OriginId="org.eclipse.jdt.ui.CompilationUnitEditor" StartDate="2014-10-03 15:05:06.698 JST" StructureHandle="=TA2/&amp;lt;{Test.java" StructureKind="java" NumEvents="10" CreationCount="426"/><InteractionEvent Delta="null" EndDate="2014-10-03 15:15:23.468 JST" Interest="1.0" Kind="selection" Navigation="null" OriginId="org.eclipse.ui.views.ResourceNavigator" StartDate="2014-10-03 15:15:23.468 JST" StructureHandle="=cm7/src&amp;lt;app" StructureKind="java"/><InteractionEvent Delta="null" EndDate="2014-10-03 15:49:31.602 JST" Interest="3.0" Kind="selection" Navigation="null" OriginId="org.eclipse.jdt.ui.CompilationUnitEditor" StartDate="2014-10-03 15:49:26.332 JST" StructureHandle="=TA2/src&amp;lt;ta2.utils{Methods.java[Methods~get_Pref_Boolean~QActivity;~QString;~QString;~Z" StructureKind="java" NumEvents="3" CreationCount="1218"/><InteractionEvent Delta="null" EndDate="2014-10-03 15:16:54.975 JST" Interest="2.0" Kind="edit" Navigation="null" OriginId="org.eclipse.jdt.ui.CompilationUnitEditor" StartDate="2014-10-03 15:16:51.800 JST" StructureHandle="=TA2/src&amp;lt;ta2.utils{CONS.java[CONS[PlayActv^mp" StructureKind="java" NumEvents="2" CreationCount="805"/><InteractionEvent Delta="null" EndDate="2014-10-03 15:16:49.934 JST" Interest="1.0" Kind="selection" Navigation="null" OriginId="org.eclipse.jdt.ui.CompilationUnitEditor" StartDate="2014-10-03 15:16:49.934 JST" StructureHandle="=TA2/src&amp;lt;ta2.utils{CONS.java[CONS[PlayActv^mp" StructureKind="java"/><InteractionEvent Delta="null" EndDate="2014-10-03 15:17:23.554 JST" Interest="1.0" Kind="selection" Navigation="null" OriginId="org.eclipse.jdt.ui.CompilationUnitEditor" StartDate="2014-10-03 15:17:23.554 JST" StructureHandle="=TA2/src&amp;lt;ta2.utils{Methods.java[Methods~start_Activity_PlatyActv~QActivity;~QMemo;" StructureKind="java"/><InteractionEvent Delta="null" EndDate="2014-10-03 15:55:55.744 JST" Interest="115.0" Kind="propagation" Navigation="null" OriginId="org.eclipse.jdt.ui.CompilationUnitEditor" StartDate="2014-10-03 15:14:39.750 JST" StructureHandle="/TA2/src/ta2/listeners/button/BO_CL.java" StructureKind="resource" NumEvents="115" CreationCount="741"/><InteractionEvent Delta="null" EndDate="2014-10-03 16:43:07.372 JST" Interest="363.48105" Kind="propagation" Navigation="org.eclipse.mylyn.core.model.edges.containment" OriginId="org.eclipse.mylyn.core.model.interest.propagation" StartDate="2014-10-03 14:52:04.306 JST" StructureHandle="=TA2/src" StructureKind="java" NumEvents="544" CreationCount="1"/><InteractionEvent Delta="null" EndDate="2014-10-03 14:52:01.851 JST" Interest="1.0" Kind="selection" Navigation="null" OriginId="org.eclipse.jdt.ui.PackageExplorer" StartDate="2014-10-03 14:52:01.851 JST" StructureHandle="=TA2/src" StructureKind="java"/><InteractionEvent Delta="null" EndDate="2014-10-03 16:23:29.972 JST" Interest="330.40198" Kind="propagation" Navigation="org.eclipse.mylyn.core.model.edges.containment" OriginId="org.eclipse.mylyn.core.model.interest.propagation" StartDate="2014-10-03 15:16:36.842 JST" StructureHandle="=TA2/src&amp;lt;ta2.utils{Methods.java[Methods" StructureKind="java" NumEvents="465" CreationCount="788"/><InteractionEvent Delta="null" EndDate="2014-10-03 16:40:30.673 JST" Interest="11.0" Kind="edit" Navigation="null" OriginId="org.eclipse.jdt.ui.CompilationUnitEditor" StartDate="2014-10-03 15:16:16.347 JST" StructureHandle="=TA2/src&amp;lt;ta2.utils{Methods.java[Methods" StructureKind="java" NumEvents="11" CreationCount="788"/><InteractionEvent Delta="null" EndDate="2014-10-03 16:40:30.666 JST" Interest="11.0" Kind="selection" Navigation="null" OriginId="org.eclipse.jdt.ui.CompilationUnitEditor" StartDate="2014-10-03 15:16:15.714 JST" StructureHandle="=TA2/src&amp;lt;ta2.utils{Methods.java[Methods" StructureKind="java" NumEvents="11" CreationCount="788"/><InteractionEvent Delta="null" EndDate="2014-10-03 16:26:56.557 JST" Interest="13.431001" Kind="manipulation" Navigation="null" OriginId="org.eclipse.mylyn.core.model.interest.decay.correction" StartDate="2014-10-03 15:44:23.647 JST" StructureHandle="=TA2/src&amp;lt;ta2.utils{CONS.java[CONS[RecActv^fmt_FileName_PlayMemo" StructureKind="java" NumEvents="2" CreationCount="478"/><InteractionEvent Delta="null" EndDate="2014-10-03 16:26:56.561 JST" Interest="5.0" Kind="edit" Navigation="null" OriginId="org.eclipse.jdt.ui.CompilationUnitEditor" StartDate="2014-10-03 15:08:04.470 JST" StructureHandle="=TA2/src&amp;lt;ta2.utils{CONS.java[CONS[RecActv^fmt_FileName_PlayMemo" StructureKind="java" NumEvents="5" CreationCount="478"/><InteractionEvent Delta="null" EndDate="2014-10-03 16:26:56.557 JST" Interest="11.0" Kind="selection" Navigation="null" OriginId="org.eclipse.jdt.ui.CompilationUnitEditor" StartDate="2014-10-03 15:07:51.133 JST" StructureHandle="=TA2/src&amp;lt;ta2.utils{CONS.java[CONS[RecActv^fmt_FileName_PlayMemo" StructureKind="java" NumEvents="11" CreationCount="478"/><InteractionEvent Delta="null" EndDate="2014-10-03 16:45:01.904 JST" Interest="10.938001" Kind="manipulation" Navigation="null" OriginId="org.eclipse.mylyn.core.model.interest.decay.correction" StartDate="2014-10-03 16:45:01.904 JST" StructureHandle="=TA2/src&amp;lt;ta2.listeners{MP_OCmpL.java[MP_OCmpL~onCompletion~QMediaPlayer;" StructureKind="java"/><InteractionEvent Delta="null" EndDate="2014-10-03 16:49:12.48 JST" Interest="16.0" Kind="edit" Navigation="null" OriginId="org.eclipse.jdt.ui.CompilationUnitEditor" StartDate="2014-10-03 15:20:46.564 JST" StructureHandle="=TA2/src&amp;lt;ta2.listeners{MP_OCmpL.java[MP_OCmpL~onCompletion~QMediaPlayer;" StructureKind="java" NumEvents="16" CreationCount="877"/><InteractionEvent Delta="null" EndDate="2014-10-03 16:45:01.904 JST" Interest="6.0" Kind="selection" Navigation="null" OriginId="org.eclipse.jdt.ui.CompilationUnitEditor" StartDate="2014-10-03 15:20:44.102 JST" StructureHandle="=TA2/src&amp;lt;ta2.listeners{MP_OCmpL.java[MP_OCmpL~onCompletion~QMediaPlayer;" StructureKind="java" NumEvents="6" CreationCount="877"/></InteractionHistory>