<?xml version="1.0" encoding="UTF-8"?><InteractionHistory Id="local-32" Version="1"><InteractionEvent Delta="null" EndDate="2014-08-29 08:04:03.919 JST" Interest="559.41296" Kind="propagation" Navigation="org.eclipse.mylyn.core.model.edges.containment" OriginId="org.eclipse.mylyn.core.model.interest.propagation" StartDate="2014-08-29 08:04:03.919 JST" StructureHandle="" StructureKind="java"/><InteractionEvent Delta="null" EndDate="2014-08-28 23:26:48.132 JST" Interest="1.0" Kind="selection" Navigation="null" OriginId="org.eclipse.jdt.ui.CompilationUnitEditor" StartDate="2014-08-28 23:26:48.132 JST" StructureHandle="=cm7/src&amp;lt;app.utils{Methods.java#cm7.main.R" StructureKind="java"/><InteractionEvent Delta="null" EndDate="2014-08-29 00:08:07.222 JST" Interest="7.0" Kind="selection" Navigation="null" OriginId="org.eclipse.jdt.ui.CompilationUnitEditor" StartDate="2014-08-28 23:36:13.591 JST" StructureHandle="=cm7/src&amp;lt;app.items{WavFileException.java" StructureKind="java" NumEvents="7" CreationCount="102"/><InteractionEvent Delta="null" EndDate="2014-08-28 23:56:02.573 JST" Interest="1.6410003" Kind="manipulation" Navigation="null" OriginId="org.eclipse.mylyn.core.model.interest.decay.correction" StartDate="2014-08-28 23:56:02.573 JST" StructureHandle="=cm7/src&amp;lt;app.items{WavFileException.java" StructureKind="java"/><InteractionEvent Delta="null" EndDate="2014-08-28 23:35:40.675 JST" Interest="1.0" Kind="propagation" Navigation="null" OriginId="org.eclipse.mylyn.resources.ui.interest.updater" StartDate="2014-08-28 23:35:40.675 JST" StructureHandle="=cm7/src&amp;lt;app.items{WavFileException.java" StructureKind="java"/><InteractionEvent Delta="null" EndDate="2014-08-29 00:01:39.308 JST" Interest="26.0" Kind="propagation" Navigation="null" OriginId="org.eclipse.jdt.ui.CompilationUnitEditor" StartDate="2014-08-28 23:23:12.331 JST" StructureHandle="/cm7/src/app/utils/Methods_dlg.java" StructureKind="resource" NumEvents="26" CreationCount="24"/><InteractionEvent Delta="null" EndDate="2014-08-29 00:08:07.789 JST" Interest="258.0" Kind="propagation" Navigation="null" OriginId="org.eclipse.jdt.ui.CompilationUnitEditor" StartDate="2014-08-28 23:25:24.984 JST" StructureHandle="/cm7/src/app/utils/Methods.java" StructureKind="resource" NumEvents="258" CreationCount="66"/><InteractionEvent Delta="null" EndDate="2014-08-28 23:22:29.944 JST" Interest="1.0" Kind="selection" Navigation="null" OriginId="org.eclipse.jdt.ui.PackageExplorer" StartDate="2014-08-28 23:22:29.944 JST" StructureHandle="/cm7/res/values" StructureKind="resource"/><InteractionEvent Delta="null" EndDate="2014-08-28 23:56:39.677 JST" Interest="12.817" Kind="propagation" Navigation="org.eclipse.mylyn.core.model.edges.containment" OriginId="org.eclipse.mylyn.core.model.interest.propagation" StartDate="2014-08-28 23:22:30.926 JST" StructureHandle="/cm7/res/values" StructureKind="resource" NumEvents="18" CreationCount="5"/><InteractionEvent Delta="null" EndDate="2014-08-28 23:22:17.284 JST" Interest="1.0" Kind="selection" Navigation="null" OriginId="org.eclipse.ui.views.ResourceNavigator" StartDate="2014-08-28 23:22:17.284 JST" StructureHandle="=TA2/src&amp;lt;ta2.main{MemoActv.java" StructureKind="java"/><InteractionEvent Delta="null" EndDate="2014-08-29 00:08:14.602 JST" Interest="8.0" Kind="selection" Navigation="null" OriginId="org.eclipse.jdt.ui.CompilationUnitEditor" StartDate="2014-08-28 23:59:01.250 JST" StructureHandle="=cm7/src&amp;lt;app.utils{Lab.java[Lab~read_Wave~QActivity;~QWavFile;" StructureKind="java" NumEvents="8" CreationCount="437"/><InteractionEvent Delta="null" EndDate="2014-08-28 23:59:10.342 JST" Interest="6.0" Kind="edit" Navigation="null" OriginId="org.eclipse.jdt.ui.CompilationUnitEditor" StartDate="2014-08-28 23:59:02.571 JST" StructureHandle="=cm7/src&amp;lt;app.utils{Lab.java[Lab~read_Wave~QActivity;~QWavFile;" StructureKind="java" NumEvents="6" CreationCount="437"/><InteractionEvent Delta="null" EndDate="2014-08-28 23:22:17.286 JST" Interest="1.0" Kind="propagation" Navigation="org.eclipse.mylyn.core.model.edges.containment" OriginId="org.eclipse.mylyn.core.model.interest.propagation" StartDate="2014-08-28 23:22:17.286 JST" StructureHandle="/TA2/src/ta2" StructureKind="resource"/><InteractionEvent Delta="null" EndDate="2014-08-29 00:05:27.781 JST" Interest="6.0" Kind="prediction" Navigation="null" OriginId="org.eclipse.mylyn.resources.ui.interest.updater" StartDate="2014-08-28 23:40:01.594 JST" StructureHandle="/cm7/bin/classes.dex" StructureKind="resource" NumEvents="6" CreationCount="155"/><InteractionEvent Delta="null" EndDate="2014-08-29 00:08:07.606 JST" Interest="14.0" Kind="selection" Navigation="null" OriginId="org.eclipse.jdt.ui.CompilationUnitEditor" StartDate="2014-08-28 23:25:24.984 JST" StructureHandle="=cm7/src&amp;lt;app.utils{Methods.java" StructureKind="java" NumEvents="14" CreationCount="66"/><InteractionEvent Delta="null" EndDate="2014-08-28 23:37:10.229 JST" Interest="1.0" Kind="edit" Navigation="null" OriginId="org.eclipse.jdt.ui.CompilationUnitEditor" StartDate="2014-08-28 23:37:10.229 JST" StructureHandle="=cm7/src&amp;lt;app.utils{Methods.java" StructureKind="java"/><InteractionEvent Delta="null" EndDate="2014-08-28 23:51:37.561 JST" Interest="114.417" Kind="propagation" Navigation="org.eclipse.mylyn.core.model.edges.containment" OriginId="org.eclipse.mylyn.core.model.interest.propagation" StartDate="2014-08-28 23:25:27.118 JST" StructureHandle="=cm7/src&amp;lt;app.utils{Methods.java" StructureKind="java" NumEvents="163" CreationCount="66"/><InteractionEvent Delta="null" EndDate="2014-08-28 23:52:16.212 JST" Interest="1.0" Kind="selection" Navigation="null" OriginId="org.eclipse.ui.views.ContentOutline" StartDate="2014-08-28 23:52:16.212 JST" StructureHandle="=cm7/src&amp;lt;app.items{WavFile.java[WavFile~getSampleRate" StructureKind="java"/><InteractionEvent Delta="null" EndDate="2014-08-28 23:52:16.973 JST" Interest="2.0" Kind="edit" Navigation="null" OriginId="org.eclipse.jdt.ui.CompilationUnitEditor" StartDate="2014-08-28 23:52:16.957 JST" StructureHandle="=cm7/src&amp;lt;app.items{WavFile.java[WavFile~getSampleRate" StructureKind="java" NumEvents="2" CreationCount="349"/><InteractionEvent Delta="null" EndDate="2014-08-28 23:22:17.285 JST" Interest="1.0" Kind="propagation" Navigation="null" OriginId="org.eclipse.ui.views.ResourceNavigator" StartDate="2014-08-28 23:22:17.285 JST" StructureHandle="/TA2/src/ta2/main/MemoActv.java" StructureKind="resource"/><InteractionEvent Delta="null" EndDate="2014-08-29 00:07:48.0 JST" Interest="1.0" Kind="selection" Navigation="null" OriginId="org.eclipse.jdt.ui.CompilationUnitEditor" StartDate="2014-08-29 00:07:48.0 JST" StructureHandle="=cm7/src&amp;lt;app.items{WavFile.java[WavFile^bytesPerSample" StructureKind="java"/><InteractionEvent Delta="null" EndDate="2014-08-29 00:07:48.4 JST" Interest="1.0" Kind="edit" Navigation="null" OriginId="org.eclipse.jdt.ui.CompilationUnitEditor" StartDate="2014-08-29 00:07:48.4 JST" StructureHandle="=cm7/src&amp;lt;app.items{WavFile.java[WavFile^bytesPerSample" StructureKind="java"/><InteractionEvent Delta="null" EndDate="2014-08-28 23:57:17.320 JST" Interest="1.0" Kind="propagation" Navigation="org.eclipse.mylyn.core.model.edges.containment" OriginId="org.eclipse.mylyn.core.model.interest.propagation" StartDate="2014-08-28 23:57:17.320 JST" StructureHandle="=cm7/src&amp;lt;app.utils{Lab.java#" StructureKind="java"/><InteractionEvent Delta="null" EndDate="2014-08-28 23:56:25.332 JST" Interest="2.0" Kind="selection" Navigation="null" OriginId="org.eclipse.jdt.ui.CompilationUnitEditor" StartDate="2014-08-28 23:52:40.339 JST" StructureHandle="=cm7/src&amp;lt;app.items{WavFile.java[WavFile~get_FileName" StructureKind="java" NumEvents="2" CreationCount="361"/><InteractionEvent Delta="null" EndDate="2014-08-28 23:53:04.179 JST" Interest="11.0" Kind="edit" Navigation="null" OriginId="org.eclipse.jdt.ui.CompilationUnitEditor" StartDate="2014-08-28 23:52:42.629 JST" StructureHandle="=cm7/src&amp;lt;app.items{WavFile.java[WavFile~get_FileName" StructureKind="java" NumEvents="11" CreationCount="361"/><InteractionEvent Delta="null" EndDate="2014-08-28 23:22:17.286 JST" Interest="1.0" Kind="propagation" Navigation="org.eclipse.mylyn.core.model.edges.containment" OriginId="org.eclipse.mylyn.core.model.interest.propagation" StartDate="2014-08-28 23:22:17.286 JST" StructureHandle="=TA2/src&amp;lt;ta2.main" StructureKind="java"/><InteractionEvent Delta="null" EndDate="2014-08-29 00:10:53.752 JST" Interest="16.0" Kind="selection" Navigation="null" OriginId="org.eclipse.jdt.ui.CompilationUnitEditor" StartDate="2014-08-28 23:35:42.656 JST" StructureHandle="=cm7/src&amp;lt;app.items{WavFile.java" StructureKind="java" NumEvents="16" CreationCount="102"/><InteractionEvent Delta="null" EndDate="2014-08-28 23:36:05.138 JST" Interest="4.0" Kind="edit" Navigation="null" OriginId="org.eclipse.jdt.ui.CompilationUnitEditor" StartDate="2014-08-28 23:35:59.313 JST" StructureHandle="=cm7/src&amp;lt;app.items{WavFile.java" StructureKind="java" NumEvents="4" CreationCount="102"/><InteractionEvent Delta="null" EndDate="2014-08-28 23:59:54.420 JST" Interest="3.9420004" Kind="propagation" Navigation="org.eclipse.mylyn.core.model.edges.containment" OriginId="org.eclipse.mylyn.core.model.interest.propagation" StartDate="2014-08-28 23:35:40.675 JST" StructureHandle="=cm7/src&amp;lt;app.items{WavFile.java" StructureKind="java" NumEvents="5" CreationCount="102"/><InteractionEvent Delta="null" EndDate="2014-08-28 23:59:54.434 JST" Interest="2.0" Kind="selection" Navigation="null" OriginId="org.eclipse.jdt.ui.CompilationUnitEditor" StartDate="2014-08-28 23:59:54.328 JST" StructureHandle="=cm7/src&amp;lt;app.items{WavFile.java[WavFile~display" StructureKind="java" NumEvents="2" CreationCount="449"/><InteractionEvent Delta="null" EndDate="2014-08-28 23:59:54.922 JST" Interest="2.0" Kind="edit" Navigation="null" OriginId="org.eclipse.jdt.ui.CompilationUnitEditor" StartDate="2014-08-28 23:59:54.913 JST" StructureHandle="=cm7/src&amp;lt;app.items{WavFile.java[WavFile~display" StructureKind="java" NumEvents="2" CreationCount="449"/><InteractionEvent Delta="null" EndDate="2014-08-29 00:07:32.137 JST" Interest="4.0" Kind="selection" Navigation="null" OriginId="org.eclipse.jdt.ui.CompilationUnitEditor" StartDate="2014-08-29 00:00:00.965 JST" StructureHandle="=cm7/src&amp;lt;app.items{WavFile.java[WavFile~display~QPrintStream;" StructureKind="java" NumEvents="4" CreationCount="454"/><InteractionEvent Delta="null" EndDate="2014-08-29 00:07:44.348 JST" Interest="13.0" Kind="edit" Navigation="null" OriginId="org.eclipse.jdt.ui.CompilationUnitEditor" StartDate="2014-08-29 00:00:00.973 JST" StructureHandle="=cm7/src&amp;lt;app.items{WavFile.java[WavFile~display~QPrintStream;" StructureKind="java" NumEvents="13" CreationCount="454"/><InteractionEvent Delta="null" EndDate="2014-08-28 23:36:33.916 JST" Interest="1.0" Kind="selection" Navigation="null" OriginId="org.eclipse.jdt.ui.CompilationUnitEditor" StartDate="2014-08-28 23:36:33.916 JST" StructureHandle="=cm7/src&amp;lt;app.items{WavFileException.java[WavFileException~WavFileException~QString;~QThrowable;" StructureKind="java"/><InteractionEvent Delta="null" EndDate="2014-08-28 23:58:09.130 JST" Interest="18.034" Kind="propagation" Navigation="org.eclipse.mylyn.core.model.edges.containment" OriginId="org.eclipse.mylyn.core.model.interest.propagation" StartDate="2014-08-28 23:24:11.403 JST" StructureHandle="=cm7/src&amp;lt;app.listeners.dialog{DOI_CL.java[DOI_CL" StructureKind="java" NumEvents="26" CreationCount="46"/><InteractionEvent Delta="null" EndDate="2014-08-28 23:52:22.637 JST" Interest="1.0" Kind="selection" Navigation="null" OriginId="org.eclipse.jdt.ui.CompilationUnitEditor" StartDate="2014-08-28 23:52:22.637 JST" StructureHandle="=cm7/src&amp;lt;app.items{WavFile.java[WavFile~getValidBits" StructureKind="java"/><InteractionEvent Delta="null" EndDate="2014-08-29 00:08:13.586 JST" Interest="5.0" Kind="selection" Navigation="null" OriginId="org.eclipse.jdt.ui.CompilationUnitEditor" StartDate="2014-08-28 23:58:30.704 JST" StructureHandle="=cm7/src&amp;lt;app.utils{Lab.java[Lab~_lab_WaveFile__ShowData~QActivity;~QWavFile;" StructureKind="java" NumEvents="5" CreationCount="423"/><InteractionEvent Delta="null" EndDate="2014-08-29 00:03:15.356 JST" Interest="67.0" Kind="edit" Navigation="null" OriginId="org.eclipse.jdt.ui.CompilationUnitEditor" StartDate="2014-08-29 00:00:18.469 JST" StructureHandle="=cm7/src&amp;lt;app.utils{Lab.java[Lab~_lab_WaveFile__ShowData~QActivity;~QWavFile;" StructureKind="java" NumEvents="67" CreationCount="423"/><InteractionEvent Delta="null" EndDate="2014-08-29 00:10:55.61 JST" Interest="3.0" Kind="selection" Navigation="null" OriginId="org.eclipse.ui.views.ContentOutline" StartDate="2014-08-29 00:07:49.844 JST" StructureHandle="=cm7/src&amp;lt;app.items{WavFile.java[WavFile~newWavFile~QFile;~I~J~I~J" StructureKind="java" NumEvents="3" CreationCount="564"/><InteractionEvent Delta="null" EndDate="2014-08-29 00:07:49.851 JST" Interest="1.0" Kind="edit" Navigation="null" OriginId="org.eclipse.jdt.ui.CompilationUnitEditor" StartDate="2014-08-29 00:07:49.851 JST" StructureHandle="=cm7/src&amp;lt;app.items{WavFile.java[WavFile~newWavFile~QFile;~I~J~I~J" StructureKind="java"/><InteractionEvent Delta="null" EndDate="2014-08-29 00:08:07.789 JST" Interest="4.0" Kind="selection" Navigation="null" OriginId="org.eclipse.jdt.ui.CompilationUnitEditor" StartDate="2014-08-28 23:48:20.572 JST" StructureHandle="=cm7/src&amp;lt;app.utils{Methods.java[Methods" StructureKind="java" NumEvents="4" CreationCount="67"/><InteractionEvent Delta="null" EndDate="2014-08-28 23:53:07.334 JST" Interest="121.1" Kind="propagation" Navigation="org.eclipse.mylyn.core.model.edges.containment" OriginId="org.eclipse.mylyn.core.model.interest.propagation" StartDate="2014-08-28 23:25:27.117 JST" StructureHandle="=cm7/src&amp;lt;app.utils{Methods.java[Methods" StructureKind="java" NumEvents="170" CreationCount="67"/><InteractionEvent Delta="null" EndDate="2014-08-28 23:36:13.687 JST" Interest="1.0" Kind="selection" Navigation="null" OriginId="org.eclipse.jdt.ui.CompilationUnitEditor" StartDate="2014-08-28 23:36:13.687 JST" StructureHandle="=cm7/src&amp;lt;app.items{WavFileException.java[WavFileException" StructureKind="java"/><InteractionEvent Delta="null" EndDate="2014-08-28 23:36:19.715 JST" Interest="2.0" Kind="edit" Navigation="null" OriginId="org.eclipse.jdt.ui.CompilationUnitEditor" StartDate="2014-08-28 23:36:19.157 JST" StructureHandle="=cm7/src&amp;lt;app.items{WavFileException.java[WavFileException" StructureKind="java" NumEvents="2" CreationCount="115"/><InteractionEvent Delta="null" EndDate="2014-08-28 23:56:33.310 JST" Interest="4.0880003" Kind="propagation" Navigation="org.eclipse.mylyn.core.model.edges.containment" OriginId="org.eclipse.mylyn.core.model.interest.propagation" StartDate="2014-08-28 23:56:24.727 JST" StructureHandle="=cm7/src&amp;lt;app.items{WavFileException.java[WavFileException" StructureKind="java" NumEvents="2" CreationCount="115"/><InteractionEvent Delta="null" EndDate="2014-08-29 08:04:03.916 JST" Interest="566.43396" Kind="propagation" Navigation="org.eclipse.mylyn.core.model.edges.containment" OriginId="org.eclipse.mylyn.core.model.interest.propagation" StartDate="2014-08-28 23:22:17.286 JST" StructureHandle="/" StructureKind="resource" NumEvents="578" CreationCount="1"/><InteractionEvent Delta="null" EndDate="2014-08-28 23:56:39.438 JST" Interest="4.0" Kind="selection" Navigation="null" OriginId="com.android.ide.eclipse.editors.CommonXmlEditor" StartDate="2014-08-28 23:22:30.926 JST" StructureHandle="/cm7/res/values/strings.xml" StructureKind="resource" NumEvents="4" CreationCount="6"/><InteractionEvent Delta="null" EndDate="2014-08-28 23:56:39.677 JST" Interest="14.0" Kind="edit" Navigation="null" OriginId="com.android.ide.eclipse.editors.CommonXmlEditor" StartDate="2014-08-28 23:22:33.17 JST" StructureHandle="/cm7/res/values/strings.xml" StructureKind="resource" NumEvents="14" CreationCount="6"/><InteractionEvent Delta="null" EndDate="2014-08-28 23:58:09.130 JST" Interest="18.051" Kind="propagation" Navigation="org.eclipse.mylyn.core.model.edges.containment" OriginId="org.eclipse.mylyn.core.model.interest.propagation" StartDate="2014-08-28 23:24:10.589 JST" StructureHandle="=cm7/src&amp;lt;app.listeners.dialog" StructureKind="java" NumEvents="27" CreationCount="45"/><InteractionEvent Delta="null" EndDate="2014-08-29 08:04:03.915 JST" Interest="103.0" Kind="propagation" Navigation="null" OriginId="org.eclipse.jdt.ui.CompilationUnitEditor" StartDate="2014-08-28 23:35:40.677 JST" StructureHandle="/cm7/src/app/items/WavFile.java" StructureKind="resource" NumEvents="103" CreationCount="102"/><InteractionEvent Delta="null" EndDate="2014-08-28 23:34:53.162 JST" Interest="1.0" Kind="selection" Navigation="null" OriginId="org.eclipse.jdt.ui.PackageExplorer" StartDate="2014-08-28 23:34:53.162 JST" StructureHandle="=cm7" StructureKind="java"/><InteractionEvent Delta="null" EndDate="2014-08-29 00:11:31.833 JST" Interest="562.01697" Kind="propagation" Navigation="org.eclipse.mylyn.core.model.edges.containment" OriginId="org.eclipse.mylyn.core.model.interest.propagation" StartDate="2014-08-28 23:22:20.427 JST" StructureHandle="=cm7" StructureKind="resource" NumEvents="571" CreationCount="2"/><InteractionEvent Delta="null" EndDate="2014-08-29 00:08:08.223 JST" Interest="6.0" Kind="selection" Navigation="null" OriginId="org.eclipse.jdt.ui.CompilationUnitEditor" StartDate="2014-08-28 23:56:23.249 JST" StructureHandle="=cm7/src&amp;lt;app.utils{Lab.java[Lab" StructureKind="java" NumEvents="6" CreationCount="378"/><InteractionEvent Delta="null" EndDate="2014-08-28 23:57:15.243 JST" Interest="2.0" Kind="edit" Navigation="null" OriginId="org.eclipse.jdt.ui.CompilationUnitEditor" StartDate="2014-08-28 23:57:14.747 JST" StructureHandle="=cm7/src&amp;lt;app.utils{Lab.java[Lab" StructureKind="java" NumEvents="2" CreationCount="378"/><InteractionEvent Delta="null" EndDate="2014-08-29 00:03:15.356 JST" Interest="46.265" Kind="propagation" Navigation="org.eclipse.mylyn.core.model.edges.containment" OriginId="org.eclipse.mylyn.core.model.interest.propagation" StartDate="2014-08-28 23:57:39.21 JST" StructureHandle="=cm7/src&amp;lt;app.utils{Lab.java[Lab" StructureKind="java" NumEvents="66" CreationCount="378"/><InteractionEvent Delta="null" EndDate="2014-08-28 23:40:01.594 JST" Interest="1.0" Kind="prediction" Navigation="null" OriginId="org.eclipse.mylyn.resources.ui.interest.updater" StartDate="2014-08-28 23:40:01.594 JST" StructureHandle="/cm7/bin/resources.ap_" StructureKind="resource"/><InteractionEvent Delta="null" EndDate="2014-08-28 23:22:20.426 JST" Interest="1.0" Kind="selection" Navigation="null" OriginId="org.eclipse.jdt.ui.PackageExplorer" StartDate="2014-08-28 23:22:20.426 JST" StructureHandle="=cm7/src" StructureKind="java"/><InteractionEvent Delta="null" EndDate="2014-08-29 00:08:12.464 JST" Interest="129.20502" Kind="propagation" Navigation="org.eclipse.mylyn.core.model.edges.containment" OriginId="org.eclipse.mylyn.core.model.interest.propagation" StartDate="2014-08-28 23:22:25.788 JST" StructureHandle="=cm7/src" StructureKind="java" NumEvents="192" CreationCount="2"/><InteractionEvent Delta="null" EndDate="2014-08-28 23:35:04.574 JST" Interest="10.0" Kind="selection" Navigation="null" OriginId="org.eclipse.jdt.ui.CompilationUnitEditor" StartDate="2014-08-28 23:26:56.508 JST" StructureHandle="=cm7/src&amp;lt;app.utils{Methods.java#" StructureKind="java" NumEvents="10" CreationCount="77"/><InteractionEvent Delta="null" EndDate="2014-08-28 23:26:55.798 JST" Interest="1.017" Kind="propagation" Navigation="org.eclipse.mylyn.core.model.edges.containment" OriginId="org.eclipse.mylyn.core.model.interest.propagation" StartDate="2014-08-28 23:26:48.132 JST" StructureHandle="=cm7/src&amp;lt;app.utils{Methods.java#" StructureKind="java" NumEvents="2" CreationCount="77"/><InteractionEvent Delta="null" EndDate="2014-08-29 00:11:20.508 JST" Interest="13.0" Kind="selection" Navigation="null" OriginId="org.eclipse.jdt.ui.CompilationUnitEditor" StartDate="2014-08-28 23:50:59.752 JST" StructureHandle="=cm7/src&amp;lt;app.items{WavFile.java[WavFile" StructureKind="java" NumEvents="13" CreationCount="325"/><InteractionEvent Delta="null" EndDate="2014-08-28 23:52:35.799 JST" Interest="4.0" Kind="edit" Navigation="null" OriginId="org.eclipse.jdt.ui.CompilationUnitEditor" StartDate="2014-08-28 23:52:27.272 JST" StructureHandle="=cm7/src&amp;lt;app.items{WavFile.java[WavFile" StructureKind="java" NumEvents="4" CreationCount="325"/><InteractionEvent Delta="null" EndDate="2014-08-28 23:51:12.155 JST" Interest="1.1509998" Kind="propagation" Navigation="org.eclipse.mylyn.core.model.edges.containment" OriginId="org.eclipse.mylyn.core.model.interest.propagation" StartDate="2014-08-28 23:51:11.572 JST" StructureHandle="=cm7/src&amp;lt;app.items{WavFile.java[WavFile" StructureKind="java" NumEvents="2" CreationCount="325"/><InteractionEvent Delta="null" EndDate="2014-08-29 00:10:55.55 JST" Interest="419.0" Kind="propagation" Navigation="org.eclipse.mylyn.core.model.edges.containment" OriginId="org.eclipse.mylyn.core.model.interest.propagation" StartDate="2014-08-28 23:22:25.788 JST" StructureHandle="/cm7/src/app" StructureKind="resource" NumEvents="419" CreationCount="3"/><InteractionEvent Delta="null" EndDate="2014-08-28 23:35:03.660 JST" Interest="4.0" Kind="selection" Navigation="null" OriginId="org.eclipse.jdt.ui.CompilationUnitEditor" StartDate="2014-08-28 23:26:55.798 JST" StructureHandle="=cm7/src&amp;lt;app.utils{Methods.java#java.io.BufferedWriter" StructureKind="java" NumEvents="4" CreationCount="78"/><InteractionEvent Delta="null" EndDate="2014-08-28 23:56:53.757 JST" Interest="6.0" Kind="selection" Navigation="null" OriginId="org.eclipse.jdt.ui.CompilationUnitEditor" StartDate="2014-08-28 23:49:05.872 JST" StructureHandle="=cm7/src&amp;lt;app.utils{Methods.java[Methods~_lab_WaveFile__ShowData~QActivity;~QWavFile;" StructureKind="java" NumEvents="6" CreationCount="277"/><InteractionEvent Delta="null" EndDate="2014-08-28 23:50:56.896 JST" Interest="45.0" Kind="edit" Navigation="null" OriginId="org.eclipse.jdt.ui.CompilationUnitEditor" StartDate="2014-08-28 23:49:06.616 JST" StructureHandle="=cm7/src&amp;lt;app.utils{Methods.java[Methods~_lab_WaveFile__ShowData~QActivity;~QWavFile;" StructureKind="java" NumEvents="45" CreationCount="277"/><InteractionEvent Delta="null" EndDate="2014-08-28 23:22:17.285 JST" Interest="1.0" Kind="propagation" Navigation="org.eclipse.mylyn.core.model.edges.containment" OriginId="org.eclipse.mylyn.core.model.interest.propagation" StartDate="2014-08-28 23:22:17.285 JST" StructureHandle="/TA2/src/ta2/main" StructureKind="resource"/><InteractionEvent Delta="null" EndDate="2014-08-29 00:01:39.307 JST" Interest="15.3" Kind="propagation" Navigation="org.eclipse.mylyn.core.model.edges.containment" OriginId="org.eclipse.mylyn.core.model.interest.propagation" StartDate="2014-08-28 23:23:16.849 JST" StructureHandle="=cm7/src&amp;lt;app.utils{Methods_dlg.java[Methods_dlg" StructureKind="java" NumEvents="21" CreationCount="25"/><InteractionEvent Delta="null" EndDate="2014-08-29 00:08:08.47 JST" Interest="10.0" Kind="selection" Navigation="null" OriginId="org.eclipse.jdt.ui.CompilationUnitEditor" StartDate="2014-08-28 23:56:20.299 JST" StructureHandle="=cm7/src&amp;lt;app.utils{Lab.java" StructureKind="java" NumEvents="10" CreationCount="376"/><InteractionEvent Delta="null" EndDate="2014-08-29 00:08:08.224 JST" Interest="43.699" Kind="propagation" Navigation="org.eclipse.mylyn.core.model.edges.containment" OriginId="org.eclipse.mylyn.core.model.interest.propagation" StartDate="2014-08-28 23:56:19.993 JST" StructureHandle="=cm7/src&amp;lt;app.utils{Lab.java" StructureKind="java" NumEvents="64" CreationCount="376"/><InteractionEvent Delta="null" EndDate="2014-08-29 00:10:55.54 JST" Interest="132.0" Kind="propagation" Navigation="null" OriginId="org.eclipse.ui.views.ContentOutline" StartDate="2014-08-28 23:56:19.993 JST" StructureHandle="/cm7/src/app/utils/Lab.java" StructureKind="resource" NumEvents="132" CreationCount="376"/><InteractionEvent Delta="null" EndDate="2014-08-28 23:22:17.286 JST" Interest="1.0" Kind="propagation" Navigation="org.eclipse.mylyn.core.model.edges.containment" OriginId="org.eclipse.mylyn.core.model.interest.propagation" StartDate="2014-08-28 23:22:17.286 JST" StructureHandle="/TA2/src" StructureKind="resource"/><InteractionEvent Delta="null" EndDate="2014-08-28 23:58:09.130 JST" Interest="29.0" Kind="propagation" Navigation="org.eclipse.mylyn.core.model.edges.containment" OriginId="org.eclipse.mylyn.core.model.interest.propagation" StartDate="2014-08-28 23:24:10.588 JST" StructureHandle="/cm7/src/app/listeners" StructureKind="resource" NumEvents="29" CreationCount="45"/><InteractionEvent Delta="null" EndDate="2014-08-28 23:22:17.286 JST" Interest="1.0" Kind="propagation" Navigation="org.eclipse.mylyn.core.model.edges.containment" OriginId="org.eclipse.mylyn.core.model.interest.propagation" StartDate="2014-08-28 23:22:17.286 JST" StructureHandle="=TA2" StructureKind="resource"/><InteractionEvent Delta="null" EndDate="2014-08-28 23:52:06.791 JST" Interest="1.0" Kind="selection" Navigation="null" OriginId="org.eclipse.ui.views.ContentOutline" StartDate="2014-08-28 23:52:06.791 JST" StructureHandle="=cm7/src&amp;lt;app.items{WavFile.java[WavFile^file" StructureKind="java"/><InteractionEvent Delta="null" EndDate="2014-08-28 23:22:27.429 JST" Interest="1.0" Kind="selection" Navigation="null" OriginId="org.eclipse.jdt.ui.PackageExplorer" StartDate="2014-08-28 23:22:27.429 JST" StructureHandle="/cm7/res" StructureKind="resource"/><InteractionEvent Delta="null" EndDate="2014-08-28 23:56:39.677 JST" Interest="12.834" Kind="propagation" Navigation="org.eclipse.mylyn.core.model.edges.containment" OriginId="org.eclipse.mylyn.core.model.interest.propagation" StartDate="2014-08-28 23:22:29.944 JST" StructureHandle="/cm7/res" StructureKind="resource" NumEvents="19" CreationCount="4"/><InteractionEvent Delta="null" EndDate="2014-08-29 00:11:13.913 JST" Interest="1.0" Kind="selection" Navigation="null" OriginId="org.eclipse.ui.views.ContentOutline" StartDate="2014-08-29 00:11:13.913 JST" StructureHandle="=cm7/src&amp;lt;app.items{WavFile.java[WavFile~readFrames~\[D~I" StructureKind="java"/><InteractionEvent Delta="null" EndDate="2014-08-29 00:11:15.902 JST" Interest="3.0" Kind="edit" Navigation="null" OriginId="org.eclipse.jdt.ui.CompilationUnitEditor" StartDate="2014-08-29 00:11:14.832 JST" StructureHandle="=cm7/src&amp;lt;app.items{WavFile.java[WavFile~readFrames~\[D~I" StructureKind="java" NumEvents="3" CreationCount="580"/><InteractionEvent Delta="null" EndDate="2014-08-29 08:04:03.917 JST" Interest="118.0" Kind="propagation" Navigation="null" OriginId="org.eclipse.jdt.ui.CompilationUnitEditor" StartDate="2014-08-28 23:35:40.676 JST" StructureHandle="/cm7/src/app/items" StructureKind="resource" NumEvents="118" CreationCount="102"/><InteractionEvent Delta="null" EndDate="2014-08-28 23:24:11.402 JST" Interest="1.0" Kind="selection" Navigation="null" OriginId="org.eclipse.jdt.ui.CompilationUnitEditor" StartDate="2014-08-28 23:24:11.402 JST" StructureHandle="=cm7/src&amp;lt;app.listeners.dialog{DOI_CL.java[DOI_CL~DOI_CL~QActivity;~QDialog;~QDialog;" StructureKind="java"/><InteractionEvent Delta="null" EndDate="2014-08-28 23:22:58.411 JST" Interest="1.0" Kind="selection" Navigation="null" OriginId="org.eclipse.jdt.ui.PackageExplorer" StartDate="2014-08-28 23:22:58.411 JST" StructureHandle="/cm7/libs" StructureKind="resource"/><InteractionEvent Delta="null" EndDate="2014-08-28 23:56:33.309 JST" Interest="3.0" Kind="selection" Navigation="null" OriginId="org.eclipse.jdt.ui.CompilationUnitEditor" StartDate="2014-08-28 23:36:37.346 JST" StructureHandle="=cm7/src&amp;lt;app.items{WavFileException.java[WavFileException~WavFileException~QString;" StructureKind="java" NumEvents="3" CreationCount="121"/><InteractionEvent Delta="null" EndDate="2014-08-28 23:56:24.726 JST" Interest="3.3860002" Kind="manipulation" Navigation="null" OriginId="org.eclipse.mylyn.core.model.interest.decay.correction" StartDate="2014-08-28 23:56:24.726 JST" StructureHandle="=cm7/src&amp;lt;app.items{WavFileException.java[WavFileException~WavFileException~QString;" StructureKind="java"/><InteractionEvent Delta="null" EndDate="2014-08-28 23:58:01.682 JST" Interest="4.0" Kind="selection" Navigation="null" OriginId="org.eclipse.jdt.ui.CompilationUnitEditor" StartDate="2014-08-28 23:24:16.993 JST" StructureHandle="=cm7/src&amp;lt;app.listeners.dialog{DOI_CL.java[DOI_CL~case_DLG_ACTV_MAIN_OPERATIONS~QListItem;" StructureKind="java" NumEvents="4" CreationCount="48"/><InteractionEvent Delta="null" EndDate="2014-08-28 23:58:09.129 JST" Interest="20.0" Kind="edit" Navigation="null" OriginId="org.eclipse.jdt.ui.CompilationUnitEditor" StartDate="2014-08-28 23:24:18.692 JST" StructureHandle="=cm7/src&amp;lt;app.listeners.dialog{DOI_CL.java[DOI_CL~case_DLG_ACTV_MAIN_OPERATIONS~QListItem;" StructureKind="java" NumEvents="20" CreationCount="48"/><InteractionEvent Delta="null" EndDate="2014-08-28 23:58:09.130 JST" Interest="29.0" Kind="propagation" Navigation="org.eclipse.mylyn.core.model.edges.containment" OriginId="org.eclipse.mylyn.core.model.interest.propagation" StartDate="2014-08-28 23:24:10.588 JST" StructureHandle="/cm7/src/app/listeners/dialog" StructureKind="resource" NumEvents="29" CreationCount="45"/><InteractionEvent Delta="null" EndDate="2014-08-28 23:35:32.823 JST" Interest="3.0" Kind="selection" Navigation="null" OriginId="org.eclipse.jdt.ui.PackageExplorer" StartDate="2014-08-28 23:22:25.787 JST" StructureHandle="=cm7/src&amp;lt;app.utils" StructureKind="java" NumEvents="3" CreationCount="3"/><InteractionEvent Delta="null" EndDate="2014-08-29 00:08:07.789 JST" Interest="127.188" Kind="propagation" Navigation="org.eclipse.mylyn.core.model.edges.containment" OriginId="org.eclipse.mylyn.core.model.interest.propagation" StartDate="2014-08-28 23:23:18.767 JST" StructureHandle="=cm7/src&amp;lt;app.utils" StructureKind="java" NumEvents="181" CreationCount="3"/><InteractionEvent Delta="null" EndDate="2014-08-28 23:57:59.163 JST" Interest="3.0" Kind="selection" Navigation="null" OriginId="org.eclipse.jdt.ui.CompilationUnitEditor" StartDate="2014-08-28 23:24:10.587 JST" StructureHandle="=cm7/src&amp;lt;app.listeners.dialog{DOI_CL.java" StructureKind="java" NumEvents="3" CreationCount="45"/><InteractionEvent Delta="null" EndDate="2014-08-28 23:58:09.130 JST" Interest="15.051001" Kind="propagation" Navigation="org.eclipse.mylyn.core.model.edges.containment" OriginId="org.eclipse.mylyn.core.model.interest.propagation" StartDate="2014-08-28 23:24:11.404 JST" StructureHandle="=cm7/src&amp;lt;app.listeners.dialog{DOI_CL.java" StructureKind="java" NumEvents="24" CreationCount="45"/><InteractionEvent Delta="null" EndDate="2014-08-28 23:57:17.319 JST" Interest="1.0" Kind="selection" Navigation="null" OriginId="org.eclipse.jdt.ui.CompilationUnitEditor" StartDate="2014-08-28 23:57:17.319 JST" StructureHandle="=cm7/src&amp;lt;app.utils{Lab.java#app.items.WavFile" StructureKind="java"/><InteractionEvent Delta="null" EndDate="2014-08-29 00:05:27.781 JST" Interest="6.0" Kind="prediction" Navigation="null" OriginId="org.eclipse.mylyn.resources.ui.interest.updater" StartDate="2014-08-28 23:40:01.594 JST" StructureHandle="/cm7/bin/cm7.apk" StructureKind="resource" NumEvents="6" CreationCount="155"/><InteractionEvent Delta="null" EndDate="2014-08-28 23:52:17.532 JST" Interest="2.0" Kind="selection" Navigation="null" OriginId="org.eclipse.jdt.ui.CompilationUnitEditor" StartDate="2014-08-28 23:51:44.398 JST" StructureHandle="=cm7/src&amp;lt;app.items{WavFile.java[WavFile~openWavFile~QFile;" StructureKind="java" NumEvents="2" CreationCount="342"/><InteractionEvent Delta="null" EndDate="2014-08-28 23:51:53.367 JST" Interest="4.0" Kind="edit" Navigation="null" OriginId="org.eclipse.jdt.ui.CompilationUnitEditor" StartDate="2014-08-28 23:51:45.326 JST" StructureHandle="=cm7/src&amp;lt;app.items{WavFile.java[WavFile~openWavFile~QFile;" StructureKind="java" NumEvents="4" CreationCount="342"/><InteractionEvent Delta="null" EndDate="2014-08-29 08:04:03.919 JST" Interest="1.0" Kind="propagation" Navigation="null" OriginId="org.eclipse.jdt.ui.CompilationUnitEditor" StartDate="2014-08-29 08:04:03.919 JST" StructureHandle="/cm7" StructureKind="resource"/><InteractionEvent Delta="null" EndDate="2014-08-29 00:10:59.14 JST" Interest="1.0" Kind="selection" Navigation="null" OriginId="org.eclipse.ui.views.ContentOutline" StartDate="2014-08-29 00:10:59.14 JST" StructureHandle="=cm7/src&amp;lt;app.items{WavFile.java[WavFile~getNumChannels" StructureKind="java"/><InteractionEvent Delta="null" EndDate="2014-08-28 23:51:05.778 JST" Interest="1.0" Kind="selection" Navigation="null" OriginId="org.eclipse.ui.views.ContentOutline" StartDate="2014-08-28 23:51:05.778 JST" StructureHandle="=cm7/src&amp;lt;app.items{WavFile.java[WavFile^blockAlign" StructureKind="java"/><InteractionEvent Delta="null" EndDate="2014-08-28 23:51:10.686 JST" Interest="1.0" Kind="selection" Navigation="null" OriginId="org.eclipse.ui.views.ContentOutline" StartDate="2014-08-28 23:51:10.686 JST" StructureHandle="=cm7/src&amp;lt;app.items{WavFile.java[WavFile~WavFile" StructureKind="java"/><InteractionEvent Delta="null" EndDate="2014-08-28 23:51:12.154 JST" Interest="3.0" Kind="edit" Navigation="null" OriginId="org.eclipse.jdt.ui.CompilationUnitEditor" StartDate="2014-08-28 23:51:11.559 JST" StructureHandle="=cm7/src&amp;lt;app.items{WavFile.java[WavFile~WavFile" StructureKind="java" NumEvents="3" CreationCount="328"/><InteractionEvent Delta="null" EndDate="2014-08-28 23:53:46.294 JST" Interest="4.0" Kind="propagation" Navigation="org.eclipse.mylyn.core.model.edges.containment" OriginId="org.eclipse.mylyn.core.model.interest.propagation" StartDate="2014-08-28 23:40:01.594 JST" StructureHandle="/cm7/bin" StructureKind="resource" NumEvents="4" CreationCount="155"/><InteractionEvent Delta="null" EndDate="2014-08-28 23:58:09.130 JST" Interest="29.0" Kind="propagation" Navigation="null" OriginId="org.eclipse.jdt.ui.CompilationUnitEditor" StartDate="2014-08-28 23:24:10.588 JST" StructureHandle="/cm7/src/app/listeners/dialog/DOI_CL.java" StructureKind="resource" NumEvents="29" CreationCount="45"/><InteractionEvent Delta="null" EndDate="2014-08-29 00:10:53.753 JST" Interest="22.742" Kind="propagation" Navigation="org.eclipse.mylyn.core.model.edges.containment" OriginId="org.eclipse.mylyn.core.model.interest.propagation" StartDate="2014-08-28 23:35:40.676 JST" StructureHandle="=cm7/src&amp;lt;app.items" StructureKind="java" NumEvents="29" CreationCount="102"/><InteractionEvent Delta="null" EndDate="2014-08-29 00:01:39.307 JST" Interest="2.0" Kind="selection" Navigation="null" OriginId="org.eclipse.jdt.ui.CompilationUnitEditor" StartDate="2014-08-28 23:23:16.848 JST" StructureHandle="=cm7/src&amp;lt;app.utils{Methods_dlg.java[Methods_dlg~dlg_Db_Operations~QActivity;~QDialog;" StructureKind="java" NumEvents="2" CreationCount="25"/><InteractionEvent Delta="null" EndDate="2014-08-28 23:24:06.192 JST" Interest="19.0" Kind="edit" Navigation="null" OriginId="org.eclipse.jdt.ui.CompilationUnitEditor" StartDate="2014-08-28 23:23:18.763 JST" StructureHandle="=cm7/src&amp;lt;app.utils{Methods_dlg.java[Methods_dlg~dlg_Db_Operations~QActivity;~QDialog;" StructureKind="java" NumEvents="19" CreationCount="25"/><InteractionEvent Delta="null" EndDate="2014-08-29 00:01:39.54 JST" Interest="5.0" Kind="selection" Navigation="null" OriginId="org.eclipse.jdt.ui.CompilationUnitEditor" StartDate="2014-08-28 23:23:12.330 JST" StructureHandle="=cm7/src&amp;lt;app.utils{Methods_dlg.java" StructureKind="java" NumEvents="5" CreationCount="24"/><InteractionEvent Delta="null" EndDate="2014-08-28 23:24:06.194 JST" Interest="13.317" Kind="propagation" Navigation="org.eclipse.mylyn.core.model.edges.containment" OriginId="org.eclipse.mylyn.core.model.interest.propagation" StartDate="2014-08-28 23:23:16.850 JST" StructureHandle="=cm7/src&amp;lt;app.utils{Methods_dlg.java" StructureKind="java" NumEvents="20" CreationCount="24"/><InteractionEvent Delta="null" EndDate="2014-08-28 23:24:16.72 JST" Interest="1.0" Kind="selection" Navigation="null" OriginId="org.eclipse.jdt.ui.CompilationUnitEditor" StartDate="2014-08-28 23:24:16.72 JST" StructureHandle="=cm7/src&amp;lt;app.listeners.dialog{DOI_CL.java[DOI_CL~onItemClick~QAdapterView\&amp;lt;*&amp;gt;;~QView;~I~J" StructureKind="java"/><InteractionEvent Delta="null" EndDate="2014-08-29 00:10:55.55 JST" Interest="419.0" Kind="propagation" Navigation="null" OriginId="org.eclipse.ui.views.ContentOutline" StartDate="2014-08-28 23:22:25.788 JST" StructureHandle="/cm7/src/app/utils" StructureKind="resource" NumEvents="419" CreationCount="3"/><InteractionEvent Delta="null" EndDate="2014-08-29 00:10:55.54 JST" Interest="7.0" Kind="selection" Navigation="null" OriginId="org.eclipse.ui.views.ContentOutline" StartDate="2014-08-28 23:57:20.843 JST" StructureHandle="=cm7/src&amp;lt;app.utils{Lab.java[Lab~lab_WaveFile~QActivity;" StructureKind="java" NumEvents="7" CreationCount="405"/><InteractionEvent Delta="null" EndDate="2014-08-29 00:07:28.101 JST" Interest="19.0" Kind="edit" Navigation="null" OriginId="org.eclipse.jdt.ui.CompilationUnitEditor" StartDate="2014-08-28 23:57:23.168 JST" StructureHandle="=cm7/src&amp;lt;app.utils{Lab.java[Lab~lab_WaveFile~QActivity;" StructureKind="java" NumEvents="19" CreationCount="405"/><InteractionEvent Delta="null" EndDate="2014-08-28 23:22:17.288 JST" Interest="1.0" Kind="propagation" Navigation="org.eclipse.mylyn.core.model.edges.containment" OriginId="org.eclipse.mylyn.core.model.interest.propagation" StartDate="2014-08-28 23:22:17.288 JST" StructureHandle="=TA2/src" StructureKind="java"/><InteractionEvent Delta="null" EndDate="2014-08-29 08:04:03.918 JST" Interest="565.01697" Kind="propagation" Navigation="null" OriginId="org.eclipse.jdt.ui.CompilationUnitEditor" StartDate="2014-08-28 23:22:20.427 JST" StructureHandle="/cm7/src" StructureKind="resource" NumEvents="567" CreationCount="2"/><InteractionEvent Delta="null" EndDate="2014-08-28 23:52:10.241 JST" Interest="1.0" Kind="selection" Navigation="null" OriginId="org.eclipse.ui.views.ContentOutline" StartDate="2014-08-28 23:52:10.241 JST" StructureHandle="=cm7/src&amp;lt;app.items{WavFile.java[WavFile~putLE~J~\[B~I~I" StructureKind="java"/><InteractionEvent Delta="null" EndDate="2014-08-29 00:08:07.222 JST" Interest="15.0" Kind="propagation" Navigation="null" OriginId="org.eclipse.jdt.ui.CompilationUnitEditor" StartDate="2014-08-28 23:35:40.676 JST" StructureHandle="/cm7/src/app/items/WavFileException.java" StructureKind="resource" NumEvents="15" CreationCount="102"/><InteractionEvent Delta="null" EndDate="2014-08-29 08:04:03.914 JST" Interest="2.0" Kind="selection" Navigation="null" OriginId="org.eclipse.jdt.ui.CompilationUnitEditor" StartDate="2014-08-29 00:11:28.195 JST" StructureHandle="=cm7/src&amp;lt;app.items{WavFile.java[WavFile~readFrames~\[D~I~I" StructureKind="java" NumEvents="2" CreationCount="412"/><InteractionEvent Delta="null" EndDate="2014-08-29 00:11:31.833 JST" Interest="1.0" Kind="edit" Navigation="null" OriginId="org.eclipse.jdt.ui.CompilationUnitEditor" StartDate="2014-08-29 00:11:31.833 JST" StructureHandle="=cm7/src&amp;lt;app.items{WavFile.java[WavFile~readFrames~\[D~I~I" StructureKind="java"/></InteractionHistory>