<?xml version="1.0" encoding="UTF-8"?><InteractionHistory Id="local-37" Version="1"><InteractionEvent Delta="null" EndDate="2014-08-31 09:53:23.898 JST" Interest="1995.0339" Kind="propagation" Navigation="null" OriginId="org.eclipse.jdt.ui.CompilationUnitEditor" StartDate="2014-08-31 08:03:20.868 JST" StructureHandle="/TA2/src" StructureKind="resource" NumEvents="1997" CreationCount="1"/><InteractionEvent Delta="null" EndDate="2014-08-31 08:43:40.855 JST" Interest="19.0" Kind="edit" Navigation="null" OriginId="org.eclipse.jdt.ui.CompilationUnitEditor" StartDate="2014-08-31 08:04:03.555 JST" StructureHandle="=TA2/src&amp;lt;ta2.main{ShowListActv.java[ShowListActv~_Setup_List" StructureKind="java" NumEvents="19" CreationCount="6"/><InteractionEvent Delta="null" EndDate="2014-08-31 08:43:33.165 JST" Interest="4.0" Kind="selection" Navigation="null" OriginId="org.eclipse.jdt.ui.CompilationUnitEditor" StartDate="2014-08-31 08:04:02.507 JST" StructureHandle="=TA2/src&amp;lt;ta2.main{ShowListActv.java[ShowListActv~_Setup_List" StructureKind="java" NumEvents="4" CreationCount="6"/><InteractionEvent Delta="null" EndDate="2014-08-31 08:08:35.424 JST" Interest="1.0" Kind="propagation" Navigation="null" OriginId="org.eclipse.jdt.ui.PackageExplorer" StartDate="2014-08-31 08:08:35.424 JST" StructureHandle="/TA2/src/ta2/comps" StructureKind="resource"/><InteractionEvent Delta="null" EndDate="2014-08-31 08:03:59.657 JST" Interest="1.0" Kind="selection" Navigation="null" OriginId="org.eclipse.ui.views.ContentOutline" StartDate="2014-08-31 08:03:59.657 JST" StructureHandle="=TA2/src&amp;lt;ta2.main{ShowListActv.java%ta2.main" StructureKind="java"/><InteractionEvent Delta="null" EndDate="2014-08-31 09:48:30.775 JST" Interest="4.0" Kind="edit" Navigation="null" OriginId="org.eclipse.jdt.ui.CompilationUnitEditor" StartDate="2014-08-31 09:29:57.53 JST" StructureHandle="=TA2/src&amp;lt;ta2.adapters{Adp_MemoList.java[Adp_MemoList^comp_1" StructureKind="java" NumEvents="4" CreationCount="1334"/><InteractionEvent Delta="null" EndDate="2014-08-31 09:48:30.764 JST" Interest="2.3260002" Kind="manipulation" Navigation="null" OriginId="org.eclipse.mylyn.core.model.interest.decay.correction" StartDate="2014-08-31 09:48:30.764 JST" StructureHandle="=TA2/src&amp;lt;ta2.adapters{Adp_MemoList.java[Adp_MemoList^comp_1" StructureKind="java"/><InteractionEvent Delta="null" EndDate="2014-08-31 09:48:30.764 JST" Interest="3.0" Kind="selection" Navigation="null" OriginId="org.eclipse.jdt.ui.CompilationUnitEditor" StartDate="2014-08-31 09:29:52.548 JST" StructureHandle="=TA2/src&amp;lt;ta2.adapters{Adp_MemoList.java[Adp_MemoList^comp_1" StructureKind="java" NumEvents="3" CreationCount="1334"/><InteractionEvent Delta="null" EndDate="2014-08-31 09:53:23.897 JST" Interest="1994.0339" Kind="propagation" Navigation="org.eclipse.mylyn.core.model.edges.containment" OriginId="org.eclipse.mylyn.core.model.interest.propagation" StartDate="2014-08-31 08:03:20.868 JST" StructureHandle="=TA2" StructureKind="resource" NumEvents="1997" CreationCount="1"/><InteractionEvent Delta="null" EndDate="2014-08-31 09:09:40.808 JST" Interest="2.6230016" Kind="manipulation" Navigation="null" OriginId="org.eclipse.mylyn.core.model.interest.decay.correction" StartDate="2014-08-31 08:08:37.501 JST" StructureHandle="/TA2/src/ta2/adapters/Adp_MemoList.java" StructureKind="resource" NumEvents="2" CreationCount="1"/><InteractionEvent Delta="null" EndDate="2014-08-31 09:53:23.897 JST" Interest="1069.0" Kind="propagation" Navigation="null" OriginId="org.eclipse.jdt.ui.CompilationUnitEditor" StartDate="2014-08-31 08:03:20.868 JST" StructureHandle="/TA2/src/ta2/adapters/Adp_MemoList.java" StructureKind="resource" NumEvents="1069" CreationCount="1"/><InteractionEvent Delta="null" EndDate="2014-08-31 09:48:22.0 JST" Interest="4.0" Kind="edit" Navigation="null" OriginId="org.eclipse.jdt.ui.CompilationUnitEditor" StartDate="2014-08-31 09:30:03.747 JST" StructureHandle="=TA2/src&amp;lt;ta2.adapters{Adp_MemoList.java[Adp_MemoList^comp_2" StructureKind="java" NumEvents="4" CreationCount="1335"/><InteractionEvent Delta="null" EndDate="2014-08-31 09:48:21.985 JST" Interest="2.1050005" Kind="manipulation" Navigation="null" OriginId="org.eclipse.mylyn.core.model.interest.decay.correction" StartDate="2014-08-31 09:48:21.985 JST" StructureHandle="=TA2/src&amp;lt;ta2.adapters{Adp_MemoList.java[Adp_MemoList^comp_2" StructureKind="java"/><InteractionEvent Delta="null" EndDate="2014-08-31 09:48:21.985 JST" Interest="3.0" Kind="selection" Navigation="null" OriginId="org.eclipse.jdt.ui.CompilationUnitEditor" StartDate="2014-08-31 09:29:54.163 JST" StructureHandle="=TA2/src&amp;lt;ta2.adapters{Adp_MemoList.java[Adp_MemoList^comp_2" StructureKind="java" NumEvents="3" CreationCount="1335"/><InteractionEvent Delta="null" EndDate="2014-08-31 08:35:08.772 JST" Interest="3.0" Kind="propagation" Navigation="org.eclipse.mylyn.core.model.edges.containment" OriginId="org.eclipse.mylyn.core.model.interest.propagation" StartDate="2014-08-31 08:35:08.25 JST" StructureHandle="/TA2/src/ta2/utils" StructureKind="resource" NumEvents="3" CreationCount="396"/><InteractionEvent Delta="null" EndDate="2014-08-31 09:49:29.77 JST" Interest="241.0" Kind="edit" Navigation="null" OriginId="org.eclipse.jdt.ui.CompilationUnitEditor" StartDate="2014-08-31 09:10:55.824 JST" StructureHandle="=TA2/src&amp;lt;ta2.adapters{Adp_MemoList.java[Adp_MemoList~_Init_Calendars" StructureKind="java" NumEvents="241" CreationCount="948"/><InteractionEvent Delta="null" EndDate="2014-08-31 09:48:42.436 JST" Interest="14.0" Kind="selection" Navigation="null" OriginId="org.eclipse.jdt.ui.CompilationUnitEditor" StartDate="2014-08-31 09:10:54.426 JST" StructureHandle="=TA2/src&amp;lt;ta2.adapters{Adp_MemoList.java[Adp_MemoList~_Init_Calendars" StructureKind="java" NumEvents="14" CreationCount="948"/><InteractionEvent Delta="null" EndDate="2014-08-31 09:53:23.897 JST" Interest="1071.623" Kind="propagation" Navigation="org.eclipse.mylyn.core.model.edges.containment" OriginId="org.eclipse.mylyn.core.model.interest.propagation" StartDate="2014-08-31 08:03:20.868 JST" StructureHandle="/TA2/src/ta2" StructureKind="resource" NumEvents="1074" CreationCount="1"/><InteractionEvent Delta="null" EndDate="2014-08-31 09:27:55.674 JST" Interest="3.8650002" Kind="manipulation" Navigation="null" OriginId="org.eclipse.mylyn.core.model.interest.decay.correction" StartDate="2014-08-31 09:27:55.674 JST" StructureHandle="=TA2/src&amp;lt;ta2.adapters{Adp_MemoList.java[Adp_MemoList^before_2" StructureKind="java"/><InteractionEvent Delta="null" EndDate="2014-08-31 09:27:55.673 JST" Interest="3.0" Kind="selection" Navigation="null" OriginId="org.eclipse.jdt.ui.CompilationUnitEditor" StartDate="2014-08-31 09:10:14.720 JST" StructureHandle="=TA2/src&amp;lt;ta2.adapters{Adp_MemoList.java[Adp_MemoList^before_2" StructureKind="java" NumEvents="3" CreationCount="933"/><InteractionEvent Delta="null" EndDate="2014-08-31 09:17:28.386 JST" Interest="923.0" Kind="propagation" Navigation="null" OriginId="org.eclipse.ui.views.ContentOutline" StartDate="2014-08-31 08:03:55.668 JST" StructureHandle="/TA2/src/ta2/main/ShowListActv.java" StructureKind="resource" NumEvents="923" CreationCount="3"/><InteractionEvent Delta="null" EndDate="2014-08-31 09:10:09.320 JST" Interest="1.0" Kind="edit" Navigation="null" OriginId="org.eclipse.jdt.ui.CompilationUnitEditor" StartDate="2014-08-31 09:10:09.320 JST" StructureHandle="=TA2/src&amp;lt;ta2.adapters{Adp_MemoList.java[Adp_MemoList^today!2" StructureKind="java"/><InteractionEvent Delta="null" EndDate="2014-08-31 09:10:50.602 JST" Interest="2.0" Kind="selection" Navigation="null" OriginId="org.eclipse.jdt.ui.CompilationUnitEditor" StartDate="2014-08-31 09:10:08.43 JST" StructureHandle="=TA2/src&amp;lt;ta2.adapters{Adp_MemoList.java[Adp_MemoList^before_1" StructureKind="java" NumEvents="2" CreationCount="929"/><InteractionEvent Delta="null" EndDate="2014-08-31 08:03:20.867 JST" Interest="1.0" Kind="selection" Navigation="null" OriginId="org.eclipse.ui.views.ContentOutline" StartDate="2014-08-31 08:03:20.867 JST" StructureHandle="=TA2/src&amp;lt;ta2.adapters{Adp_MemoList.java%ta2.adapters" StructureKind="java"/><InteractionEvent Delta="null" EndDate="2014-08-31 09:52:50.820 JST" Interest="26.0" Kind="prediction" Navigation="null" OriginId="org.eclipse.mylyn.resources.ui.interest.updater" StartDate="2014-08-31 08:06:39.780 JST" StructureHandle="/TA2/bin/classes.dex" StructureKind="resource" NumEvents="26" CreationCount="51"/><InteractionEvent Delta="null" EndDate="2014-08-31 09:10:38.887 JST" Interest="6.0" Kind="edit" Navigation="null" OriginId="org.eclipse.jdt.ui.CompilationUnitEditor" StartDate="2014-08-31 09:10:23.182 JST" StructureHandle="=TA2/src&amp;lt;ta2.adapters{Adp_MemoList.java[Adp_MemoList~Adp_MemoList~QContext;~I~QList\&amp;lt;QMemo;&amp;gt;;" StructureKind="java" NumEvents="6" CreationCount="934"/><InteractionEvent Delta="null" EndDate="2014-08-31 09:10:22.36 JST" Interest="1.0" Kind="selection" Navigation="null" OriginId="org.eclipse.jdt.ui.CompilationUnitEditor" StartDate="2014-08-31 09:10:22.36 JST" StructureHandle="=TA2/src&amp;lt;ta2.adapters{Adp_MemoList.java[Adp_MemoList~Adp_MemoList~QContext;~I~QList\&amp;lt;QMemo;&amp;gt;;" StructureKind="java"/><InteractionEvent Delta="null" EndDate="2014-08-31 09:53:23.897 JST" Interest="502.79797" Kind="propagation" Navigation="org.eclipse.mylyn.core.model.edges.containment" OriginId="org.eclipse.mylyn.core.model.interest.propagation" StartDate="2014-08-31 08:03:20.869 JST" StructureHandle="=TA2/src&amp;lt;ta2.adapters" StructureKind="java" NumEvents="717" CreationCount="1"/><InteractionEvent Delta="null" EndDate="2014-08-31 08:08:35.423 JST" Interest="1.0" Kind="selection" Navigation="null" OriginId="org.eclipse.jdt.ui.PackageExplorer" StartDate="2014-08-31 08:08:35.423 JST" StructureHandle="=TA2/src&amp;lt;ta2.comps" StructureKind="java"/><InteractionEvent Delta="null" EndDate="2014-08-31 09:15:43.997 JST" Interest="357.087" Kind="propagation" Navigation="org.eclipse.mylyn.core.model.edges.containment" OriginId="org.eclipse.mylyn.core.model.interest.propagation" StartDate="2014-08-31 08:03:55.669 JST" StructureHandle="=TA2/src&amp;lt;ta2.main" StructureKind="java" NumEvents="519" CreationCount="2"/><InteractionEvent Delta="null" EndDate="2014-08-31 08:03:53.572 JST" Interest="1.0" Kind="selection" Navigation="null" OriginId="org.eclipse.jdt.ui.PackageExplorer" StartDate="2014-08-31 08:03:53.572 JST" StructureHandle="=TA2/src&amp;lt;ta2.main" StructureKind="java"/><InteractionEvent Delta="null" EndDate="2014-08-31 09:15:43.996 JST" Interest="3.0" Kind="edit" Navigation="null" OriginId="org.eclipse.jdt.ui.CompilationUnitEditor" StartDate="2014-08-31 08:36:38.763 JST" StructureHandle="=TA2/src&amp;lt;ta2.main{ShowListActv.java[ShowListActv" StructureKind="java" NumEvents="3" CreationCount="6"/><InteractionEvent Delta="null" EndDate="2014-08-31 09:15:41.303 JST" Interest="349.919" Kind="propagation" Navigation="org.eclipse.mylyn.core.model.edges.containment" OriginId="org.eclipse.mylyn.core.model.interest.propagation" StartDate="2014-08-31 08:04:02.508 JST" StructureHandle="=TA2/src&amp;lt;ta2.main{ShowListActv.java[ShowListActv" StructureKind="java" NumEvents="499" CreationCount="6"/><InteractionEvent Delta="null" EndDate="2014-08-31 09:15:43.991 JST" Interest="6.0" Kind="selection" Navigation="null" OriginId="org.eclipse.jdt.ui.CompilationUnitEditor" StartDate="2014-08-31 08:06:02.946 JST" StructureHandle="=TA2/src&amp;lt;ta2.main{ShowListActv.java[ShowListActv" StructureKind="java" NumEvents="6" CreationCount="6"/><InteractionEvent Delta="null" EndDate="2014-08-31 09:48:36.354 JST" Interest="7.0" Kind="edit" Navigation="null" OriginId="org.eclipse.jdt.ui.CompilationUnitEditor" StartDate="2014-08-31 09:48:24.960 JST" StructureHandle="=TA2/src&amp;lt;ta2.adapters{Adp_MemoList.java[Adp_MemoList^comp_1w" StructureKind="java" NumEvents="7" CreationCount="1705"/><InteractionEvent Delta="null" EndDate="2014-08-31 09:48:42.416 JST" Interest="5.0" Kind="selection" Navigation="null" OriginId="org.eclipse.jdt.ui.CompilationUnitEditor" StartDate="2014-08-31 09:48:24.954 JST" StructureHandle="=TA2/src&amp;lt;ta2.adapters{Adp_MemoList.java[Adp_MemoList^comp_1w" StructureKind="java" NumEvents="5" CreationCount="1705"/><InteractionEvent Delta="null" EndDate="2014-08-31 09:49:34.69 JST" Interest="3.0" Kind="edit" Navigation="null" OriginId="org.eclipse.jdt.ui.CompilationUnitEditor" StartDate="2014-08-31 09:47:58.437 JST" StructureHandle="=TA2/src&amp;lt;ta2.adapters{Adp_MemoList.java" StructureKind="java" NumEvents="3" CreationCount="1"/><InteractionEvent Delta="null" EndDate="2014-08-31 09:09:40.808 JST" Interest="9.004001" Kind="manipulation" Navigation="null" OriginId="org.eclipse.mylyn.core.model.interest.decay.correction" StartDate="2014-08-31 08:08:37.500 JST" StructureHandle="=TA2/src&amp;lt;ta2.adapters{Adp_MemoList.java" StructureKind="java" NumEvents="2" CreationCount="1"/><InteractionEvent Delta="null" EndDate="2014-08-31 09:53:23.897 JST" Interest="479.69397" Kind="propagation" Navigation="org.eclipse.mylyn.core.model.edges.containment" OriginId="org.eclipse.mylyn.core.model.interest.propagation" StartDate="2014-08-31 08:03:20.867 JST" StructureHandle="=TA2/src&amp;lt;ta2.adapters{Adp_MemoList.java" StructureKind="java" NumEvents="690" CreationCount="1"/><InteractionEvent Delta="null" EndDate="2014-08-31 09:49:34.60 JST" Interest="12.0" Kind="selection" Navigation="null" OriginId="org.eclipse.jdt.ui.CompilationUnitEditor" StartDate="2014-08-31 08:08:37.500 JST" StructureHandle="=TA2/src&amp;lt;ta2.adapters{Adp_MemoList.java" StructureKind="java" NumEvents="12" CreationCount="1"/><InteractionEvent Delta="null" EndDate="2014-08-31 08:35:02.309 JST" Interest="3.9500003" Kind="manipulation" Navigation="null" OriginId="org.eclipse.mylyn.core.model.interest.decay.correction" StartDate="2014-08-31 08:12:03.47 JST" StructureHandle="=TA2/src&amp;lt;ta2.main{ShowListActv.java[ShowListActv~_Setup_Listeners" StructureKind="java" NumEvents="2" CreationCount="43"/><InteractionEvent Delta="null" EndDate="2014-08-31 08:35:02.309 JST" Interest="3.0" Kind="selection" Navigation="null" OriginId="org.eclipse.jdt.ui.CompilationUnitEditor" StartDate="2014-08-31 08:06:02.196 JST" StructureHandle="=TA2/src&amp;lt;ta2.main{ShowListActv.java[ShowListActv~_Setup_Listeners" StructureKind="java" NumEvents="3" CreationCount="43"/><InteractionEvent Delta="null" EndDate="2014-08-31 09:52:50.820 JST" Interest="26.0" Kind="prediction" Navigation="null" OriginId="org.eclipse.mylyn.resources.ui.interest.updater" StartDate="2014-08-31 08:06:39.780 JST" StructureHandle="/TA2/bin/TA2.apk" StructureKind="resource" NumEvents="26" CreationCount="51"/><InteractionEvent Delta="null" EndDate="2014-08-31 09:48:32.352 JST" Interest="8.0" Kind="edit" Navigation="null" OriginId="org.eclipse.jdt.ui.CompilationUnitEditor" StartDate="2014-08-31 09:48:06.646 JST" StructureHandle="=TA2/src&amp;lt;ta2.adapters{Adp_MemoList.java[Adp_MemoList^before_1w" StructureKind="java" NumEvents="8" CreationCount="1685"/><InteractionEvent Delta="null" EndDate="2014-08-31 09:48:32.340 JST" Interest="4.0" Kind="selection" Navigation="null" OriginId="org.eclipse.jdt.ui.CompilationUnitEditor" StartDate="2014-08-31 09:48:06.641 JST" StructureHandle="=TA2/src&amp;lt;ta2.adapters{Adp_MemoList.java[Adp_MemoList^before_1w" StructureKind="java" NumEvents="4" CreationCount="1685"/><InteractionEvent Delta="null" EndDate="2014-08-31 09:10:49.309 JST" Interest="6.0" Kind="edit" Navigation="null" OriginId="org.eclipse.jdt.ui.CompilationUnitEditor" StartDate="2014-08-31 09:10:00.56 JST" StructureHandle="=TA2/src&amp;lt;ta2.adapters{Adp_MemoList.java[Adp_MemoList^today" StructureKind="java" NumEvents="6" CreationCount="924"/><InteractionEvent Delta="null" EndDate="2014-08-31 09:10:43.643 JST" Interest="2.0" Kind="selection" Navigation="null" OriginId="org.eclipse.jdt.ui.CompilationUnitEditor" StartDate="2014-08-31 09:09:58.377 JST" StructureHandle="=TA2/src&amp;lt;ta2.adapters{Adp_MemoList.java[Adp_MemoList^today" StructureKind="java" NumEvents="2" CreationCount="924"/><InteractionEvent Delta="null" EndDate="2014-08-31 09:11:11.194 JST" Interest="482.0" Kind="edit" Navigation="null" OriginId="org.eclipse.jdt.ui.CompilationUnitEditor" StartDate="2014-08-31 08:36:53.578 JST" StructureHandle="=TA2/src&amp;lt;ta2.main{ShowListActv.java[ShowListActv~_test_Color_Date_v2" StructureKind="java" NumEvents="482" CreationCount="413"/><InteractionEvent Delta="null" EndDate="2014-08-31 09:15:41.302 JST" Interest="12.0" Kind="selection" Navigation="null" OriginId="org.eclipse.jdt.ui.CompilationUnitEditor" StartDate="2014-08-31 08:36:47.860 JST" StructureHandle="=TA2/src&amp;lt;ta2.main{ShowListActv.java[ShowListActv~_test_Color_Date_v2" StructureKind="java" NumEvents="12" CreationCount="413"/><InteractionEvent Delta="null" EndDate="2014-08-31 09:49:31.987 JST" Interest="13.0" Kind="edit" Navigation="null" OriginId="org.eclipse.jdt.ui.CompilationUnitEditor" StartDate="2014-08-31 08:09:34.315 JST" StructureHandle="=TA2/src&amp;lt;ta2.adapters{Adp_MemoList.java[Adp_MemoList" StructureKind="java" NumEvents="13" CreationCount="68"/><InteractionEvent Delta="null" EndDate="2014-08-31 09:09:46.625 JST" Interest="8.950001" Kind="manipulation" Navigation="null" OriginId="org.eclipse.mylyn.core.model.interest.decay.correction" StartDate="2014-08-31 09:09:46.625 JST" StructureHandle="=TA2/src&amp;lt;ta2.adapters{Adp_MemoList.java[Adp_MemoList" StructureKind="java"/><InteractionEvent Delta="null" EndDate="2014-08-31 09:53:23.897 JST" Interest="466.60898" Kind="propagation" Navigation="org.eclipse.mylyn.core.model.edges.containment" OriginId="org.eclipse.mylyn.core.model.interest.propagation" StartDate="2014-08-31 08:09:44.700 JST" StructureHandle="=TA2/src&amp;lt;ta2.adapters{Adp_MemoList.java[Adp_MemoList" StructureKind="java" NumEvents="669" CreationCount="68"/><InteractionEvent Delta="null" EndDate="2014-08-31 09:49:31.978 JST" Interest="17.0" Kind="selection" Navigation="null" OriginId="org.eclipse.jdt.ui.CompilationUnitEditor" StartDate="2014-08-31 08:08:39.882 JST" StructureHandle="=TA2/src&amp;lt;ta2.adapters{Adp_MemoList.java[Adp_MemoList" StructureKind="java" NumEvents="17" CreationCount="68"/><InteractionEvent Delta="null" EndDate="2014-08-31 08:35:08.160 JST" Interest="2.0" Kind="propagation" Navigation="org.eclipse.mylyn.core.model.edges.containment" OriginId="org.eclipse.mylyn.core.model.interest.propagation" StartDate="2014-08-31 08:35:08.26 JST" StructureHandle="=TA2/src&amp;lt;ta2.utils" StructureKind="java" NumEvents="2" CreationCount="396"/><InteractionEvent Delta="null" EndDate="2014-08-31 09:16:33.525 JST" Interest="19.0" Kind="edit" Navigation="null" OriginId="org.eclipse.jdt.ui.CompilationUnitEditor" StartDate="2014-08-31 08:04:29.588 JST" StructureHandle="=TA2/src&amp;lt;ta2.main{ShowListActv.java[ShowListActv~do_test" StructureKind="java" NumEvents="19" CreationCount="14"/><InteractionEvent Delta="null" EndDate="2014-08-31 09:15:46.815 JST" Interest="1.2820015" Kind="manipulation" Navigation="null" OriginId="org.eclipse.mylyn.core.model.interest.decay.correction" StartDate="2014-08-31 09:15:46.815 JST" StructureHandle="=TA2/src&amp;lt;ta2.main{ShowListActv.java[ShowListActv~do_test" StructureKind="java"/><InteractionEvent Delta="null" EndDate="2014-08-31 09:17:28.385 JST" Interest="8.0" Kind="selection" Navigation="null" OriginId="org.eclipse.ui.views.ContentOutline" StartDate="2014-08-31 08:04:28.100 JST" StructureHandle="=TA2/src&amp;lt;ta2.main{ShowListActv.java[ShowListActv~do_test" StructureKind="java" NumEvents="8" CreationCount="14"/><InteractionEvent Delta="null" EndDate="2014-08-31 09:30:36.4 JST" Interest="1.0" Kind="selection" Navigation="null" OriginId="org.eclipse.jdt.ui.CompilationUnitEditor" StartDate="2014-08-31 09:30:36.4 JST" StructureHandle="=TA2/src&amp;lt;ta2.adapters{Adp_MemoList.java[Adp_MemoList^msg_Log" StructureKind="java"/><InteractionEvent Delta="null" EndDate="2014-08-31 09:28:07.580 JST" Interest="3.0" Kind="edit" Navigation="null" OriginId="org.eclipse.jdt.ui.CompilationUnitEditor" StartDate="2014-08-31 09:28:01.472 JST" StructureHandle="=TA2/src&amp;lt;ta2.adapters{Adp_MemoList.java[Adp_MemoList^comp" StructureKind="java" NumEvents="3" CreationCount="1282"/><InteractionEvent Delta="null" EndDate="2014-08-31 09:27:59.834 JST" Interest="1.0" Kind="selection" Navigation="null" OriginId="org.eclipse.jdt.ui.CompilationUnitEditor" StartDate="2014-08-31 09:27:59.834 JST" StructureHandle="=TA2/src&amp;lt;ta2.adapters{Adp_MemoList.java[Adp_MemoList^comp" StructureKind="java"/><InteractionEvent Delta="null" EndDate="2014-08-31 08:35:08.159 JST" Interest="2.0" Kind="selection" Navigation="null" OriginId="org.eclipse.jdt.ui.CompilationUnitEditor" StartDate="2014-08-31 08:35:08.25 JST" StructureHandle="=TA2/src&amp;lt;ta2.utils{Methods.java" StructureKind="java" NumEvents="2" CreationCount="396"/><InteractionEvent Delta="null" EndDate="2014-08-31 08:37:32.491 JST" Interest="343.0" Kind="edit" Navigation="null" OriginId="org.eclipse.jdt.ui.CompilationUnitEditor" StartDate="2014-08-31 08:04:53.652 JST" StructureHandle="=TA2/src&amp;lt;ta2.main{ShowListActv.java[ShowListActv~_test_Color_Date" StructureKind="java" NumEvents="343" CreationCount="26"/><InteractionEvent Delta="null" EndDate="2014-08-31 08:37:18.218 JST" Interest="11.0" Kind="selection" Navigation="null" OriginId="org.eclipse.jdt.ui.CompilationUnitEditor" StartDate="2014-08-31 08:04:52.682 JST" StructureHandle="=TA2/src&amp;lt;ta2.main{ShowListActv.java[ShowListActv~_test_Color_Date" StructureKind="java" NumEvents="11" CreationCount="26"/><InteractionEvent Delta="null" EndDate="2014-08-31 09:18:00.833 JST" Interest="4.0" Kind="edit" Navigation="null" OriginId="org.eclipse.jdt.ui.CompilationUnitEditor" StartDate="2014-08-31 09:17:31.991 JST" StructureHandle="=TA2/src&amp;lt;ta2.adapters{Adp_MemoList.java[Adp_MemoList~getView~I~QView;~QViewGroup;" StructureKind="java" NumEvents="4" CreationCount="1091"/><InteractionEvent Delta="null" EndDate="2014-08-31 09:28:14.651 JST" Interest="2.0" Kind="selection" Navigation="null" OriginId="org.eclipse.jdt.ui.CompilationUnitEditor" StartDate="2014-08-31 09:17:31.369 JST" StructureHandle="=TA2/src&amp;lt;ta2.adapters{Adp_MemoList.java[Adp_MemoList~getView~I~QView;~QViewGroup;" StructureKind="java" NumEvents="2" CreationCount="1091"/><InteractionEvent Delta="null" EndDate="2014-08-31 08:35:08.772 JST" Interest="1.0" Kind="selection" Navigation="null" OriginId="org.eclipse.jdt.ui.CompilationUnitEditor" StartDate="2014-08-31 08:35:08.772 JST" StructureHandle="=TA2/src&amp;lt;ta2.utils{Methods.java[Methods~conv_MillSec_to_TimeLabel~J" StructureKind="java"/><InteractionEvent Delta="null" EndDate="2014-08-31 09:53:23.897 JST" Interest="1994.0339" Kind="propagation" Navigation="org.eclipse.mylyn.core.model.edges.containment" OriginId="org.eclipse.mylyn.core.model.interest.propagation" StartDate="2014-08-31 08:03:20.869 JST" StructureHandle="/" StructureKind="resource" NumEvents="1997" CreationCount="1"/><InteractionEvent Delta="null" EndDate="2014-08-31 09:53:23.897 JST" Interest="502.79797" Kind="propagation" Navigation="org.eclipse.mylyn.core.model.edges.containment" OriginId="org.eclipse.mylyn.core.model.interest.propagation" StartDate="2014-08-31 08:03:20.869 JST" StructureHandle="=TA2/src" StructureKind="java" NumEvents="731" CreationCount="1"/><InteractionEvent Delta="null" EndDate="2014-08-31 08:45:28.667 JST" Interest="9.0" Kind="propagation" Navigation="org.eclipse.mylyn.core.model.edges.containment" OriginId="org.eclipse.mylyn.core.model.interest.propagation" StartDate="2014-08-31 08:06:39.781 JST" StructureHandle="/TA2/bin" StructureKind="resource" NumEvents="6" CreationCount="51"/><InteractionEvent Delta="null" EndDate="2014-08-31 08:35:08.772 JST" Interest="1.0" Kind="propagation" Navigation="org.eclipse.mylyn.core.model.edges.containment" OriginId="org.eclipse.mylyn.core.model.interest.propagation" StartDate="2014-08-31 08:35:08.772 JST" StructureHandle="=TA2/src&amp;lt;ta2.utils{Methods.java[Methods" StructureKind="java"/><InteractionEvent Delta="null" EndDate="2014-08-31 09:15:43.997 JST" Interest="351.07" Kind="propagation" Navigation="org.eclipse.mylyn.core.model.edges.containment" OriginId="org.eclipse.mylyn.core.model.interest.propagation" StartDate="2014-08-31 08:04:03.580 JST" StructureHandle="=TA2/src&amp;lt;ta2.main{ShowListActv.java" StructureKind="java" NumEvents="503" CreationCount="3"/><InteractionEvent Delta="null" EndDate="2014-08-31 09:15:41.151 JST" Interest="7.0" Kind="selection" Navigation="null" OriginId="org.eclipse.jdt.ui.CompilationUnitEditor" StartDate="2014-08-31 08:03:55.668 JST" StructureHandle="=TA2/src&amp;lt;ta2.main{ShowListActv.java" StructureKind="java" NumEvents="7" CreationCount="3"/><InteractionEvent Delta="null" EndDate="2014-08-31 09:53:23.897 JST" Interest="1071.623" Kind="propagation" Navigation="org.eclipse.mylyn.core.model.edges.containment" OriginId="org.eclipse.mylyn.core.model.interest.propagation" StartDate="2014-08-31 08:03:20.868 JST" StructureHandle="/TA2/src/ta2/adapters" StructureKind="resource" NumEvents="1069" CreationCount="1"/><InteractionEvent Delta="null" EndDate="2014-08-31 08:43:46.968 JST" Interest="1.0" Kind="edit" Navigation="null" OriginId="org.eclipse.jdt.ui.CompilationUnitEditor" StartDate="2014-08-31 08:43:46.968 JST" StructureHandle="=TA2/src&amp;lt;ta2.main{ShowListActv.java[ShowListActv~onStart" StructureKind="java"/><InteractionEvent Delta="null" EndDate="2014-08-31 08:44:33.381 JST" Interest="4.0" Kind="selection" Navigation="null" OriginId="org.eclipse.jdt.ui.CompilationUnitEditor" StartDate="2014-08-31 08:43:42.828 JST" StructureHandle="=TA2/src&amp;lt;ta2.main{ShowListActv.java[ShowListActv~onStart" StructureKind="java" NumEvents="4" CreationCount="518"/><InteractionEvent Delta="null" EndDate="2014-08-31 09:17:28.386 JST" Interest="923.017" Kind="propagation" Navigation="org.eclipse.mylyn.core.model.edges.containment" OriginId="org.eclipse.mylyn.core.model.interest.propagation" StartDate="2014-08-31 08:03:53.572 JST" StructureHandle="/TA2/src/ta2/main" StructureKind="resource" NumEvents="924" CreationCount="2"/><InteractionEvent Delta="null" EndDate="2014-08-31 08:35:08.772 JST" Interest="3.0" Kind="propagation" Navigation="null" OriginId="org.eclipse.jdt.ui.CompilationUnitEditor" StartDate="2014-08-31 08:35:08.25 JST" StructureHandle="/TA2/src/ta2/utils/Methods.java" StructureKind="resource" NumEvents="3" CreationCount="396"/><InteractionEvent Delta="null" EndDate="2014-08-31 08:06:39.779 JST" Interest="1.0" Kind="prediction" Navigation="null" OriginId="org.eclipse.mylyn.resources.ui.interest.updater" StartDate="2014-08-31 08:06:39.779 JST" StructureHandle="/TA2/bin/resources.ap_" StructureKind="resource"/><InteractionEvent Delta="null" EndDate="2014-08-31 09:53:23.896 JST" Interest="671.0" Kind="edit" Navigation="null" OriginId="org.eclipse.jdt.ui.CompilationUnitEditor" StartDate="2014-08-31 08:09:37.475 JST" StructureHandle="=TA2/src&amp;lt;ta2.adapters{Adp_MemoList.java[Adp_MemoList~_Setup_Views~QView;~QMemo;" StructureKind="java" NumEvents="671" CreationCount="71"/><InteractionEvent Delta="null" EndDate="2014-08-31 09:18:01.434 JST" Interest="11.908001" Kind="manipulation" Navigation="null" OriginId="org.eclipse.mylyn.core.model.interest.decay.correction" StartDate="2014-08-31 09:18:01.434 JST" StructureHandle="=TA2/src&amp;lt;ta2.adapters{Adp_MemoList.java[Adp_MemoList~_Setup_Views~QView;~QMemo;" StructureKind="java"/><InteractionEvent Delta="null" EndDate="2014-08-31 09:49:35.776 JST" Interest="20.0" Kind="selection" Navigation="null" OriginId="org.eclipse.jdt.ui.CompilationUnitEditor" StartDate="2014-08-31 08:09:34.966 JST" StructureHandle="=TA2/src&amp;lt;ta2.adapters{Adp_MemoList.java[Adp_MemoList~_Setup_Views~QView;~QMemo;" StructureKind="java" NumEvents="20" CreationCount="71"/></InteractionHistory>