<?xml version="1.0" encoding="UTF-8"?><InteractionHistory Id="local-229" Version="1"><InteractionEvent Delta="null" EndDate="2014-11-27 12:04:15.117 JST" Interest="1.0" Kind="selection" Navigation="null" OriginId="org.eclipse.jdt.ui.CompilationUnitEditor" StartDate="2014-11-27 12:04:15.117 JST" StructureHandle="=CutPlanner_A/src&amp;lt;cp.listeners.button{BO_CL.java[BO_CL~BO_CL~QActivity;~QBroadcastReceiver;" StructureKind="java"/><InteractionEvent Delta="null" EndDate="2014-11-27 11:18:23.417 JST" Interest="2.0" Kind="selection" Navigation="null" OriginId="org.eclipse.ui.views.ResourceNavigator" StartDate="2014-11-27 11:18:23.347 JST" StructureHandle="=freemind_1.0.1" StructureKind="java" NumEvents="2" CreationCount="1"/><InteractionEvent Delta="null" EndDate="2014-11-27 11:18:23.339 JST" Interest="3.0" Kind="propagation" Navigation="org.eclipse.mylyn.core.model.edges.containment" OriginId="org.eclipse.mylyn.core.model.interest.propagation" StartDate="2014-11-27 11:18:23.217 JST" StructureHandle="=freemind_1.0.1" StructureKind="java" NumEvents="3" CreationCount="1"/><InteractionEvent Delta="null" EndDate="2014-11-27 12:12:44.981 JST" Interest="610.136" Kind="propagation" Navigation="org.eclipse.mylyn.core.model.edges.containment" OriginId="org.eclipse.mylyn.core.model.interest.propagation" StartDate="2014-11-27 11:18:23.217 JST" StructureHandle="" StructureKind="java" NumEvents="610" CreationCount="1"/><InteractionEvent Delta="null" EndDate="2014-11-27 11:56:43.778 JST" Interest="5.0" Kind="selection" Navigation="null" OriginId="org.eclipse.jdt.ui.PackageExplorer" StartDate="2014-11-27 11:18:27.764 JST" StructureHandle="=CutPlanner_A" StructureKind="java" NumEvents="5" CreationCount="6"/><InteractionEvent Delta="null" EndDate="2014-11-27 12:12:44.978 JST" Interest="605.051" Kind="propagation" Navigation="org.eclipse.mylyn.core.model.edges.containment" OriginId="org.eclipse.mylyn.core.model.interest.propagation" StartDate="2014-11-27 11:18:55.830 JST" StructureHandle="=CutPlanner_A" StructureKind="resource" NumEvents="610" CreationCount="6"/><InteractionEvent Delta="null" EndDate="2014-11-27 12:02:09.621 JST" Interest="8.0" Kind="selection" Navigation="null" OriginId="org.eclipse.jdt.ui.CompilationUnitEditor" StartDate="2014-11-27 11:41:08.379 JST" StructureHandle="=CutPlanner_A/src&amp;lt;cp.main{DeviceListActv.java[DeviceListActv^DevieFoundReceiver[~onReceive~QContext;~QIntent;[~onItemClick~QAdapterView\&amp;lt;*&amp;gt;;~QView;~I~J" StructureKind="java" NumEvents="8" CreationCount="147"/><InteractionEvent Delta="null" EndDate="2014-11-27 11:59:53.403 JST" Interest="25.0" Kind="edit" Navigation="null" OriginId="org.eclipse.jdt.ui.CompilationUnitEditor" StartDate="2014-11-27 11:41:30.344 JST" StructureHandle="=CutPlanner_A/src&amp;lt;cp.main{DeviceListActv.java[DeviceListActv^DevieFoundReceiver[~onReceive~QContext;~QIntent;[~onItemClick~QAdapterView\&amp;lt;*&amp;gt;;~QView;~I~J" StructureKind="java" NumEvents="25" CreationCount="147"/><InteractionEvent Delta="null" EndDate="2014-11-27 12:00:57.291 JST" Interest="10.0" Kind="selection" Navigation="null" OriginId="org.eclipse.jdt.ui.CompilationUnitEditor" StartDate="2014-11-27 11:25:35.202 JST" StructureHandle="=CutPlanner_A/src&amp;lt;cp.utils{BluetoothClientThread.java" StructureKind="java" NumEvents="10" CreationCount="36"/><InteractionEvent Delta="null" EndDate="2014-11-27 12:02:06.234 JST" Interest="19.534" Kind="propagation" Navigation="org.eclipse.mylyn.core.model.edges.containment" OriginId="org.eclipse.mylyn.core.model.interest.propagation" StartDate="2014-11-27 11:25:36.425 JST" StructureHandle="=CutPlanner_A/src&amp;lt;cp.utils{BluetoothClientThread.java" StructureKind="java" NumEvents="32" CreationCount="36"/><InteractionEvent Delta="null" EndDate="2014-11-27 11:57:27.970 JST" Interest="2.0" Kind="edit" Navigation="null" OriginId="org.eclipse.jdt.ui.CompilationUnitEditor" StartDate="2014-11-27 11:56:41.350 JST" StructureHandle="=CutPlanner_A/src&amp;lt;cp.utils{BluetoothClientThread.java" StructureKind="java" NumEvents="2" CreationCount="36"/><InteractionEvent Delta="null" EndDate="2014-11-27 11:56:41.60 JST" Interest="2.0" Kind="prediction" Navigation="null" OriginId="org.eclipse.mylyn.resources.ui.interest.updater" StartDate="2014-11-27 11:46:12.298 JST" StructureHandle="/CutPlanner_A/AndroidManifest.xml" StructureKind="resource" NumEvents="2" CreationCount="201"/><InteractionEvent Delta="null" EndDate="2014-11-27 11:34:58.955 JST" Interest="34.0" Kind="propagation" Navigation="null" OriginId="org.eclipse.jdt.ui.CompilationUnitEditor" StartDate="2014-11-27 11:26:27.820 JST" StructureHandle="/CutPlanner_A/src/cp/utils/ReadWriteModel.java" StructureKind="resource" NumEvents="34" CreationCount="42"/><InteractionEvent Delta="null" EndDate="2014-11-27 12:06:54.207 JST" Interest="2.0" Kind="selection" Navigation="null" OriginId="org.eclipse.jdt.ui.CompilationUnitEditor" StartDate="2014-11-27 12:04:14.367 JST" StructureHandle="=CutPlanner_A/src&amp;lt;cp.listeners.button{BO_CL.java" StructureKind="java" NumEvents="2" CreationCount="443"/><InteractionEvent Delta="null" EndDate="2014-11-27 12:04:19.905 JST" Interest="1.7680001" Kind="propagation" Navigation="org.eclipse.mylyn.core.model.edges.containment" OriginId="org.eclipse.mylyn.core.model.interest.propagation" StartDate="2014-11-27 12:04:15.118 JST" StructureHandle="=CutPlanner_A/src&amp;lt;cp.listeners.button{BO_CL.java" StructureKind="java" NumEvents="6" CreationCount="443"/><InteractionEvent Delta="null" EndDate="2014-11-27 11:18:23.338 JST" Interest="3.0" Kind="selection" Navigation="null" OriginId="org.eclipse.ui.views.ResourceNavigator" StartDate="2014-11-27 11:18:23.216 JST" StructureHandle="/freemind_1.0.1/freemind" StructureKind="resource" NumEvents="3" CreationCount="1"/><InteractionEvent Delta="null" EndDate="2014-11-27 12:04:05.551 JST" Interest="1.7340002" Kind="manipulation" Navigation="null" OriginId="org.eclipse.mylyn.core.model.interest.decay.correction" StartDate="2014-11-27 12:04:05.551 JST" StructureHandle="=CutPlanner_A/src&amp;lt;cp.main{DeviceListActv.java[DeviceListActv~_Setup__SetListener" StructureKind="java"/><InteractionEvent Delta="null" EndDate="2014-11-27 12:06:00.498 JST" Interest="5.0" Kind="selection" Navigation="null" OriginId="org.eclipse.jdt.ui.CompilationUnitEditor" StartDate="2014-11-27 11:50:54.358 JST" StructureHandle="=CutPlanner_A/src&amp;lt;cp.main{DeviceListActv.java[DeviceListActv~_Setup__SetListener" StructureKind="java" NumEvents="5" CreationCount="227"/><InteractionEvent Delta="null" EndDate="2014-11-27 12:04:08.444 JST" Interest="9.0" Kind="edit" Navigation="null" OriginId="org.eclipse.jdt.ui.CompilationUnitEditor" StartDate="2014-11-27 11:50:54.369 JST" StructureHandle="=CutPlanner_A/src&amp;lt;cp.main{DeviceListActv.java[DeviceListActv~_Setup__SetListener" StructureKind="java" NumEvents="9" CreationCount="227"/><InteractionEvent Delta="null" EndDate="2014-11-27 12:06:59.819 JST" Interest="13.0" Kind="selection" Navigation="null" OriginId="org.eclipse.jdt.ui.CompilationUnitEditor" StartDate="2014-11-27 11:43:13.926 JST" StructureHandle="=CutPlanner_A/src&amp;lt;cp.main{DeviceListActv.java[DeviceListActv~onDestroy" StructureKind="java" NumEvents="13" CreationCount="182"/><InteractionEvent Delta="null" EndDate="2014-11-27 12:07:36.449 JST" Interest="140.0" Kind="edit" Navigation="null" OriginId="org.eclipse.jdt.ui.CompilationUnitEditor" StartDate="2014-11-27 11:43:19.176 JST" StructureHandle="=CutPlanner_A/src&amp;lt;cp.main{DeviceListActv.java[DeviceListActv~onDestroy" StructureKind="java" NumEvents="140" CreationCount="182"/><InteractionEvent Delta="null" EndDate="2014-11-27 12:04:05.631 JST" Interest="5.0" Kind="selection" Navigation="null" OriginId="org.eclipse.jdt.ui.CompilationUnitEditor" StartDate="2014-11-27 12:03:09.666 JST" StructureHandle="=CutPlanner_A/src&amp;lt;cp.main{DeviceListActv.java[DeviceListActv~_Bluetooth[~onItemClick~QAdapterView\&amp;lt;*&amp;gt;;~QView;~I~J" StructureKind="java" NumEvents="5" CreationCount="383"/><InteractionEvent Delta="null" EndDate="2014-11-27 12:03:58.995 JST" Interest="41.0" Kind="edit" Navigation="null" OriginId="org.eclipse.jdt.ui.CompilationUnitEditor" StartDate="2014-11-27 12:03:09.687 JST" StructureHandle="=CutPlanner_A/src&amp;lt;cp.main{DeviceListActv.java[DeviceListActv~_Bluetooth[~onItemClick~QAdapterView\&amp;lt;*&amp;gt;;~QView;~I~J" StructureKind="java" NumEvents="41" CreationCount="383"/><InteractionEvent Delta="null" EndDate="2014-11-27 12:03:01.737 JST" Interest="4.0" Kind="selection" Navigation="null" OriginId="org.eclipse.jdt.ui.CompilationUnitEditor" StartDate="2014-11-27 11:35:05.144 JST" StructureHandle="=CutPlanner_A/src&amp;lt;cp.main{DeviceListActv.java[DeviceListActv^DevieFoundReceiver[~onReceive~QContext;~QIntent;" StructureKind="java" NumEvents="4" CreationCount="85"/><InteractionEvent Delta="null" EndDate="2014-11-27 12:02:09.622 JST" Interest="8.853999" Kind="propagation" Navigation="org.eclipse.mylyn.core.model.edges.containment" OriginId="org.eclipse.mylyn.core.model.interest.propagation" StartDate="2014-11-27 11:43:13.182 JST" StructureHandle="=CutPlanner_A/src&amp;lt;cp.main{DeviceListActv.java[DeviceListActv^DevieFoundReceiver[~onReceive~QContext;~QIntent;" StructureKind="java" NumEvents="11" CreationCount="85"/><InteractionEvent Delta="null" EndDate="2014-11-27 12:03:01.776 JST" Interest="23.0" Kind="edit" Navigation="null" OriginId="org.eclipse.jdt.ui.CompilationUnitEditor" StartDate="2014-11-27 11:35:49.652 JST" StructureHandle="=CutPlanner_A/src&amp;lt;cp.main{DeviceListActv.java[DeviceListActv^DevieFoundReceiver[~onReceive~QContext;~QIntent;" StructureKind="java" NumEvents="23" CreationCount="85"/><InteractionEvent Delta="null" EndDate="2014-11-27 11:50:58.127 JST" Interest="7.0" Kind="selection" Navigation="null" OriginId="org.eclipse.jdt.ui.CompilationUnitEditor" StartDate="2014-11-27 11:19:08.276 JST" StructureHandle="=CutPlanner_A/src&amp;lt;cp.main{DeviceListActv.java[DeviceListActv~onCreate~QBundle;" StructureKind="java" NumEvents="7" CreationCount="12"/><InteractionEvent Delta="null" EndDate="2014-11-27 11:41:05.383 JST" Interest="25.301998" Kind="propagation" Navigation="org.eclipse.mylyn.core.model.edges.containment" OriginId="org.eclipse.mylyn.core.model.interest.propagation" StartDate="2014-11-27 11:20:02.72 JST" StructureHandle="=CutPlanner_A/src&amp;lt;cp.main{DeviceListActv.java[DeviceListActv~onCreate~QBundle;" StructureKind="java" NumEvents="36" CreationCount="12"/><InteractionEvent Delta="null" EndDate="2014-11-27 11:50:58.134 JST" Interest="8.0" Kind="edit" Navigation="null" OriginId="org.eclipse.jdt.ui.CompilationUnitEditor" StartDate="2014-11-27 11:19:37.626 JST" StructureHandle="=CutPlanner_A/src&amp;lt;cp.main{DeviceListActv.java[DeviceListActv~onCreate~QBundle;" StructureKind="java" NumEvents="8" CreationCount="12"/><InteractionEvent Delta="null" EndDate="2014-11-27 12:06:57.821 JST" Interest="14.099999" Kind="propagation" Navigation="org.eclipse.mylyn.core.model.edges.containment" OriginId="org.eclipse.mylyn.core.model.interest.propagation" StartDate="2014-11-27 12:04:28.435 JST" StructureHandle="=CutPlanner_A/src&amp;lt;cp.utils{Methods.java[Methods" StructureKind="java" NumEvents="18" CreationCount="451"/><InteractionEvent Delta="null" EndDate="2014-11-27 11:34:58.955 JST" Interest="17.367998" Kind="propagation" Navigation="org.eclipse.mylyn.core.model.edges.containment" OriginId="org.eclipse.mylyn.core.model.interest.propagation" StartDate="2014-11-27 11:26:28.946 JST" StructureHandle="=CutPlanner_A/src&amp;lt;cp.utils{ReadWriteModel.java[ReadWriteModel" StructureKind="java" NumEvents="23" CreationCount="43"/><InteractionEvent Delta="null" EndDate="2014-11-27 11:56:16.423 JST" Interest="1.0" Kind="prediction" Navigation="null" OriginId="org.eclipse.mylyn.resources.ui.interest.updater" StartDate="2014-11-27 11:56:16.423 JST" StructureHandle="/CutPlanner_A/bin/AndroidManifest.xml" StructureKind="resource"/><InteractionEvent Delta="null" EndDate="2014-11-27 11:50:17.380 JST" Interest="1.0" Kind="propagation" Navigation="null" OriginId="org.eclipse.mylyn.resources.ui.interest.updater" StartDate="2014-11-27 11:50:17.380 JST" StructureHandle="/CutPlanner_A/src/cp/main/ReadWriteModel.java" StructureKind="resource"/><InteractionEvent Delta="null" EndDate="2014-11-27 11:34:59.632 JST" Interest="1.0" Kind="selection" Navigation="null" OriginId="org.eclipse.jdt.ui.PackageExplorer" StartDate="2014-11-27 11:34:59.632 JST" StructureHandle="=CutPlanner_A/src&amp;lt;cp.main{StreamActivity.java" StructureKind="java"/><InteractionEvent Delta="null" EndDate="2014-11-27 12:06:54.208 JST" Interest="3.7680001" Kind="propagation" Navigation="org.eclipse.mylyn.core.model.edges.containment" OriginId="org.eclipse.mylyn.core.model.interest.propagation" StartDate="2014-11-27 12:04:14.367 JST" StructureHandle="=CutPlanner_A/src&amp;lt;cp.listeners.button" StructureKind="java" NumEvents="8" CreationCount="443"/><InteractionEvent Delta="null" EndDate="2014-11-27 11:57:44.22 JST" Interest="1.0" Kind="prediction" Navigation="null" OriginId="org.eclipse.mylyn.resources.ui.interest.updater" StartDate="2014-11-27 11:57:44.22 JST" StructureHandle="/CutPlanner_A/bin/resources.ap_" StructureKind="resource"/><InteractionEvent Delta="null" EndDate="2014-11-27 11:50:17.378 JST" Interest="1.0" Kind="propagation" Navigation="null" OriginId="org.eclipse.mylyn.resources.ui.interest.updater" StartDate="2014-11-27 11:50:17.378 JST" StructureHandle="=CutPlanner_A/src&amp;lt;cp.main{ReadWriteModel.java" StructureKind="java"/><InteractionEvent Delta="null" EndDate="2014-11-27 12:06:57.981 JST" Interest="2.0" Kind="selection" Navigation="null" OriginId="org.eclipse.jdt.ui.CompilationUnitEditor" StartDate="2014-11-27 12:06:44.747 JST" StructureHandle="=CutPlanner_A/src&amp;lt;cp.utils{CONS.java" StructureKind="java" NumEvents="2" CreationCount="203"/><InteractionEvent Delta="null" EndDate="2014-11-27 12:06:44.747 JST" Interest="2.9640002" Kind="manipulation" Navigation="null" OriginId="org.eclipse.mylyn.core.model.interest.decay.correction" StartDate="2014-11-27 12:06:44.747 JST" StructureHandle="=CutPlanner_A/src&amp;lt;cp.utils{CONS.java" StructureKind="java"/><InteractionEvent Delta="null" EndDate="2014-11-27 12:06:58.212 JST" Interest="2.134" Kind="propagation" Navigation="org.eclipse.mylyn.core.model.edges.containment" OriginId="org.eclipse.mylyn.core.model.interest.propagation" StartDate="2014-11-27 12:06:45.810 JST" StructureHandle="=CutPlanner_A/src&amp;lt;cp.utils{CONS.java" StructureKind="java" NumEvents="5" CreationCount="203"/><InteractionEvent Delta="null" EndDate="2014-11-27 11:56:45.466 JST" Interest="2.0" Kind="prediction" Navigation="null" OriginId="org.eclipse.mylyn.resources.ui.interest.updater" StartDate="2014-11-27 11:46:17.285 JST" StructureHandle="=CutPlanner_A/src&amp;lt;cp.utils{CONS.java" StructureKind="java" NumEvents="2" CreationCount="203"/><InteractionEvent Delta="null" EndDate="2014-11-27 11:37:29.689 JST" Interest="1.0" Kind="selection" Navigation="null" OriginId="org.eclipse.jdt.ui.CompilationUnitEditor" StartDate="2014-11-27 11:37:29.689 JST" StructureHandle="=CutPlanner_A/src&amp;lt;cp.main{DeviceListActv.java#android.content.IntentFilter" StructureKind="java"/><InteractionEvent Delta="null" EndDate="2014-11-27 12:06:54.452 JST" Interest="3.0" Kind="selection" Navigation="null" OriginId="org.eclipse.jdt.ui.CompilationUnitEditor" StartDate="2014-11-27 12:04:18.785 JST" StructureHandle="=CutPlanner_A/src&amp;lt;cp.listeners.button{BO_CL.java[BO_CL~case_ACTV_DEVLIST_BT_OPTIONS" StructureKind="java" NumEvents="3" CreationCount="447"/><InteractionEvent Delta="null" EndDate="2014-11-27 12:04:19.903 JST" Interest="1.0" Kind="edit" Navigation="null" OriginId="org.eclipse.jdt.ui.CompilationUnitEditor" StartDate="2014-11-27 12:04:19.903 JST" StructureHandle="=CutPlanner_A/src&amp;lt;cp.listeners.button{BO_CL.java[BO_CL~case_ACTV_DEVLIST_BT_OPTIONS" StructureKind="java"/><InteractionEvent Delta="null" EndDate="2014-11-27 11:42:08.635 JST" Interest="2.0" Kind="selection" Navigation="null" OriginId="org.eclipse.jdt.ui.CompilationUnitEditor" StartDate="2014-11-27 11:41:31.339 JST" StructureHandle="=CutPlanner_A/src&amp;lt;cp.main{DeviceListActv.java[DeviceListActv^DevieFoundReceiver" StructureKind="java" NumEvents="2" CreationCount="85"/><InteractionEvent Delta="null" EndDate="2014-11-27 12:03:01.778 JST" Interest="24.854" Kind="propagation" Navigation="org.eclipse.mylyn.core.model.edges.containment" OriginId="org.eclipse.mylyn.core.model.interest.propagation" StartDate="2014-11-27 11:35:05.144 JST" StructureHandle="=CutPlanner_A/src&amp;lt;cp.main{DeviceListActv.java[DeviceListActv^DevieFoundReceiver" StructureKind="java" NumEvents="33" CreationCount="85"/><InteractionEvent Delta="null" EndDate="2014-11-27 11:42:26.238 JST" Interest="3.0" Kind="edit" Navigation="null" OriginId="org.eclipse.jdt.ui.CompilationUnitEditor" StartDate="2014-11-27 11:42:12.740 JST" StructureHandle="=CutPlanner_A/src&amp;lt;cp.main{DeviceListActv.java[DeviceListActv^DevieFoundReceiver" StructureKind="java" NumEvents="3" CreationCount="85"/><InteractionEvent Delta="null" EndDate="2014-11-27 12:04:05.631 JST" Interest="33.699997" Kind="propagation" Navigation="org.eclipse.mylyn.core.model.edges.containment" OriginId="org.eclipse.mylyn.core.model.interest.propagation" StartDate="2014-11-27 12:03:09.667 JST" StructureHandle="=CutPlanner_A/src&amp;lt;cp.main{DeviceListActv.java[DeviceListActv~_Bluetooth[" StructureKind="java" NumEvents="46" CreationCount="383"/><InteractionEvent Delta="null" EndDate="2014-11-27 11:57:49.796 JST" Interest="3.012" Kind="manipulation" Navigation="null" OriginId="org.eclipse.mylyn.core.model.interest.decay.correction" StartDate="2014-11-27 11:57:49.796 JST" StructureHandle="=CutPlanner_A/src&amp;lt;cp.utils{BluetoothClientThread.java[BluetoothClientThread~BluetoothClientThread~QContext;~QString;~QBluetoothDevice;~QBluetoothAdapter;" StructureKind="java"/><InteractionEvent Delta="null" EndDate="2014-11-27 12:00:29.664 JST" Interest="4.0" Kind="selection" Navigation="null" OriginId="org.eclipse.jdt.ui.CompilationUnitEditor" StartDate="2014-11-27 11:25:36.423 JST" StructureHandle="=CutPlanner_A/src&amp;lt;cp.utils{BluetoothClientThread.java[BluetoothClientThread~BluetoothClientThread~QContext;~QString;~QBluetoothDevice;~QBluetoothAdapter;" StructureKind="java" NumEvents="4" CreationCount="37"/><InteractionEvent Delta="null" EndDate="2014-11-27 12:00:30.989 JST" Interest="5.0" Kind="edit" Navigation="null" OriginId="org.eclipse.jdt.ui.CompilationUnitEditor" StartDate="2014-11-27 11:59:17.270 JST" StructureHandle="=CutPlanner_A/src&amp;lt;cp.utils{BluetoothClientThread.java[BluetoothClientThread~BluetoothClientThread~QContext;~QString;~QBluetoothDevice;~QBluetoothAdapter;" StructureKind="java" NumEvents="5" CreationCount="37"/><InteractionEvent Delta="null" EndDate="2014-11-27 12:03:57.427 JST" Interest="2.0" Kind="selection" Navigation="null" OriginId="org.eclipse.jdt.ui.CompilationUnitEditor" StartDate="2014-11-27 12:03:03.812 JST" StructureHandle="=CutPlanner_A/src&amp;lt;cp.main{DeviceListActv.java[DeviceListActv~_Bluetooth" StructureKind="java" NumEvents="2" CreationCount="380"/><InteractionEvent Delta="null" EndDate="2014-11-27 12:04:05.631 JST" Interest="28.950996" Kind="propagation" Navigation="org.eclipse.mylyn.core.model.edges.containment" OriginId="org.eclipse.mylyn.core.model.interest.propagation" StartDate="2014-11-27 12:03:09.711 JST" StructureHandle="=CutPlanner_A/src&amp;lt;cp.main{DeviceListActv.java[DeviceListActv~_Bluetooth" StructureKind="java" NumEvents="42" CreationCount="380"/><InteractionEvent Delta="null" EndDate="2014-11-27 12:03:57.433 JST" Interest="4.0" Kind="edit" Navigation="null" OriginId="org.eclipse.jdt.ui.CompilationUnitEditor" StartDate="2014-11-27 12:03:03.827 JST" StructureHandle="=CutPlanner_A/src&amp;lt;cp.main{DeviceListActv.java[DeviceListActv~_Bluetooth" StructureKind="java" NumEvents="4" CreationCount="380"/><InteractionEvent Delta="null" EndDate="2014-11-27 11:50:17.378 JST" Interest="1.0" Kind="propagation" Navigation="null" OriginId="org.eclipse.mylyn.resources.ui.interest.updater" StartDate="2014-11-27 11:50:17.378 JST" StructureHandle="=CutPlanner_A/src&amp;lt;cp.main{BluetoothServerThread.java" StructureKind="java"/><InteractionEvent Delta="null" EndDate="2014-11-27 11:41:35.894 JST" Interest="1.0" Kind="selection" Navigation="null" OriginId="org.eclipse.jdt.ui.CompilationUnitEditor" StartDate="2014-11-27 11:41:35.894 JST" StructureHandle="=CutPlanner_A/src&amp;lt;cp.main{DeviceListActv.java[DeviceListActv^offSet" StructureKind="java"/><InteractionEvent Delta="null" EndDate="2014-11-27 11:27:44.113 JST" Interest="3.0" Kind="selection" Navigation="null" OriginId="org.eclipse.jdt.ui.CompilationUnitEditor" StartDate="2014-11-27 11:26:27.820 JST" StructureHandle="=CutPlanner_A/src&amp;lt;cp.utils{ReadWriteModel.java" StructureKind="java" NumEvents="3" CreationCount="42"/><InteractionEvent Delta="null" EndDate="2014-11-27 11:34:58.956 JST" Interest="14.384999" Kind="propagation" Navigation="org.eclipse.mylyn.core.model.edges.containment" OriginId="org.eclipse.mylyn.core.model.interest.propagation" StartDate="2014-11-27 11:26:28.946 JST" StructureHandle="=CutPlanner_A/src&amp;lt;cp.utils{ReadWriteModel.java" StructureKind="java" NumEvents="23" CreationCount="42"/><InteractionEvent Delta="null" EndDate="2014-11-27 12:12:44.981 JST" Interest="633.0" Kind="propagation" Navigation="null" OriginId="org.eclipse.jdt.ui.CompilationUnitEditor" StartDate="2014-11-27 11:18:23.217 JST" StructureHandle="/" StructureKind="resource" NumEvents="633" CreationCount="1"/><InteractionEvent Delta="null" EndDate="2014-11-27 12:12:44.978 JST" Interest="458.0" Kind="propagation" Navigation="null" OriginId="org.eclipse.jdt.ui.CompilationUnitEditor" StartDate="2014-11-27 11:19:02.349 JST" StructureHandle="/CutPlanner_A/src/cp/main/DeviceListActv.java" StructureKind="resource" NumEvents="458" CreationCount="9"/><InteractionEvent Delta="null" EndDate="2014-11-27 11:56:45.470 JST" Interest="1.0" Kind="propagation" Navigation="null" OriginId="org.eclipse.mylyn.resources.ui.interest.updater" StartDate="2014-11-27 11:56:45.470 JST" StructureHandle="=CutPlanner_A/src&amp;lt;cp.main{BluetoothClientThread.java" StructureKind="java"/><InteractionEvent Delta="null" EndDate="2014-11-27 11:27:55.579 JST" Interest="4.0" Kind="selection" Navigation="null" OriginId="org.eclipse.jdt.ui.CompilationUnitEditor" StartDate="2014-11-27 11:26:59.610 JST" StructureHandle="=CutPlanner_A/src&amp;lt;cp.utils{ReadWriteModel.java[ReadWriteModel~run" StructureKind="java" NumEvents="4" CreationCount="47"/><InteractionEvent Delta="null" EndDate="2014-11-27 11:34:58.955 JST" Interest="19.0" Kind="edit" Navigation="null" OriginId="org.eclipse.jdt.ui.CompilationUnitEditor" StartDate="2014-11-27 11:27:00.246 JST" StructureHandle="=CutPlanner_A/src&amp;lt;cp.utils{ReadWriteModel.java[ReadWriteModel~run" StructureKind="java" NumEvents="19" CreationCount="47"/><InteractionEvent Delta="null" EndDate="2014-11-27 12:06:54.454 JST" Interest="9.0" Kind="propagation" Navigation="null" OriginId="org.eclipse.jdt.ui.CompilationUnitEditor" StartDate="2014-11-27 12:04:14.367 JST" StructureHandle="/CutPlanner_A/src/cp/listeners/button/BO_CL.java" StructureKind="resource" NumEvents="9" CreationCount="443"/><InteractionEvent Delta="null" EndDate="2014-11-27 11:19:06.97 JST" Interest="1.0" Kind="selection" Navigation="null" OriginId="org.eclipse.jdt.ui.CompilationUnitEditor" StartDate="2014-11-27 11:19:06.97 JST" StructureHandle="=CutPlanner_A/src&amp;lt;cp.main{DeviceListActv.java[DeviceListActv^REQUEST_CODE_DISCOEVERABLE" StructureKind="java"/><InteractionEvent Delta="null" EndDate="2014-11-27 12:02:06.233 JST" Interest="64.0" Kind="propagation" Navigation="null" OriginId="org.eclipse.ui.views.ContentOutline" StartDate="2014-11-27 11:25:35.202 JST" StructureHandle="/CutPlanner_A/src/cp/utils/BluetoothClientThread.java" StructureKind="resource" NumEvents="64" CreationCount="36"/><InteractionEvent Delta="null" EndDate="2014-11-27 12:12:44.978 JST" Interest="461.017" Kind="propagation" Navigation="org.eclipse.mylyn.core.model.edges.containment" OriginId="org.eclipse.mylyn.core.model.interest.propagation" StartDate="2014-11-27 11:19:01.62 JST" StructureHandle="/CutPlanner_A/src/cp" StructureKind="resource" NumEvents="465" CreationCount="8"/><InteractionEvent Delta="null" EndDate="2014-11-27 12:04:27.647 JST" Interest="2.1990004" Kind="manipulation" Navigation="null" OriginId="org.eclipse.mylyn.core.model.interest.decay.correction" StartDate="2014-11-27 12:04:27.647 JST" StructureHandle="/CutPlanner_A/src/cp/utils/Methods.java" StructureKind="resource"/><InteractionEvent Delta="null" EndDate="2014-11-27 12:06:57.821 JST" Interest="24.0" Kind="propagation" Navigation="null" OriginId="org.eclipse.jdt.ui.CompilationUnitEditor" StartDate="2014-11-27 11:46:17.285 JST" StructureHandle="/CutPlanner_A/src/cp/utils/Methods.java" StructureKind="resource" NumEvents="24" CreationCount="203"/><InteractionEvent Delta="null" EndDate="2014-11-27 11:19:01.62 JST" Interest="1.0" Kind="selection" Navigation="null" OriginId="org.eclipse.jdt.ui.PackageExplorer" StartDate="2014-11-27 11:19:01.62 JST" StructureHandle="=CutPlanner_A/src&amp;lt;cp.main" StructureKind="java"/><InteractionEvent Delta="null" EndDate="2014-11-27 12:07:36.451 JST" Interest="112.958" Kind="propagation" Navigation="org.eclipse.mylyn.core.model.edges.containment" OriginId="org.eclipse.mylyn.core.model.interest.propagation" StartDate="2014-11-27 11:19:02.350 JST" StructureHandle="=CutPlanner_A/src&amp;lt;cp.main" StructureKind="java" NumEvents="169" CreationCount="8"/><InteractionEvent Delta="null" EndDate="2014-11-27 12:00:59.586 JST" Interest="2.0" Kind="selection" Navigation="null" OriginId="org.eclipse.jdt.ui.CompilationUnitEditor" StartDate="2014-11-27 11:57:30.965 JST" StructureHandle="=CutPlanner_A/src&amp;lt;cp.utils{BluetoothClientThread.java[BluetoothClientThread" StructureKind="java" NumEvents="2" CreationCount="37"/><InteractionEvent Delta="null" EndDate="2014-11-27 12:02:06.233 JST" Interest="28.917" Kind="propagation" Navigation="org.eclipse.mylyn.core.model.edges.containment" OriginId="org.eclipse.mylyn.core.model.interest.propagation" StartDate="2014-11-27 11:25:36.424 JST" StructureHandle="=CutPlanner_A/src&amp;lt;cp.utils{BluetoothClientThread.java[BluetoothClientThread" StructureKind="java" NumEvents="39" CreationCount="37"/><InteractionEvent Delta="null" EndDate="2014-11-27 12:03:01.777 JST" Interest="25.536999" Kind="propagation" Navigation="org.eclipse.mylyn.core.model.edges.containment" OriginId="org.eclipse.mylyn.core.model.interest.propagation" StartDate="2014-11-27 11:59:38.317 JST" StructureHandle="=CutPlanner_A/src&amp;lt;cp.main{DeviceListActv.java[DeviceListActv^DevieFoundReceiver[" StructureKind="java" NumEvents="15" CreationCount="286"/><InteractionEvent Delta="null" EndDate="2014-11-27 11:18:23.417 JST" Interest="5.0" Kind="propagation" Navigation="null" OriginId="org.eclipse.ui.views.ResourceNavigator" StartDate="2014-11-27 11:18:23.217 JST" StructureHandle="/freemind_1.0.1" StructureKind="resource" NumEvents="5" CreationCount="1"/><InteractionEvent Delta="null" EndDate="2014-11-27 12:04:17.148 JST" Interest="1.0" Kind="selection" Navigation="null" OriginId="org.eclipse.jdt.ui.CompilationUnitEditor" StartDate="2014-11-27 12:04:17.148 JST" StructureHandle="=CutPlanner_A/src&amp;lt;cp.listeners.button{BO_CL.java[BO_CL~onClick~QView;" StructureKind="java"/><InteractionEvent Delta="null" EndDate="2014-11-27 12:04:18.228 JST" Interest="1.0" Kind="edit" Navigation="null" OriginId="org.eclipse.jdt.ui.CompilationUnitEditor" StartDate="2014-11-27 12:04:18.228 JST" StructureHandle="=CutPlanner_A/src&amp;lt;cp.listeners.button{BO_CL.java[BO_CL~onClick~QView;" StructureKind="java"/><InteractionEvent Delta="null" EndDate="2014-11-27 11:56:47.882 JST" Interest="1.0" Kind="selection" Navigation="null" OriginId="org.eclipse.jdt.ui.CompilationUnitEditor" StartDate="2014-11-27 11:56:47.882 JST" StructureHandle="=CutPlanner_A/src&amp;lt;cp.utils{BluetoothClientThread.java[BluetoothClientThread^clientSocket" StructureKind="java"/><InteractionEvent Delta="null" EndDate="2014-11-27 11:34:59.633 JST" Interest="1.0" Kind="propagation" Navigation="null" OriginId="org.eclipse.jdt.ui.PackageExplorer" StartDate="2014-11-27 11:34:59.633 JST" StructureHandle="/CutPlanner_A/src/cp/main/StreamActivity.java" StructureKind="resource"/><InteractionEvent Delta="null" EndDate="2014-11-27 12:06:59.604 JST" Interest="14.0" Kind="selection" Navigation="null" OriginId="org.eclipse.jdt.ui.CompilationUnitEditor" StartDate="2014-11-27 11:19:02.349 JST" StructureHandle="=CutPlanner_A/src&amp;lt;cp.main{DeviceListActv.java" StructureKind="java" NumEvents="14" CreationCount="9"/><InteractionEvent Delta="null" EndDate="2014-11-27 12:07:36.450 JST" Interest="95.041" Kind="propagation" Navigation="org.eclipse.mylyn.core.model.edges.containment" OriginId="org.eclipse.mylyn.core.model.interest.propagation" StartDate="2014-11-27 11:19:34.315 JST" StructureHandle="=CutPlanner_A/src&amp;lt;cp.main{DeviceListActv.java" StructureKind="java" NumEvents="143" CreationCount="9"/><InteractionEvent Delta="null" EndDate="2014-11-27 11:55:39.365 JST" Interest="7.0" Kind="edit" Navigation="null" OriginId="org.eclipse.jdt.ui.CompilationUnitEditor" StartDate="2014-11-27 11:50:12.268 JST" StructureHandle="=CutPlanner_A/src&amp;lt;cp.main{DeviceListActv.java" StructureKind="java" NumEvents="7" CreationCount="9"/><InteractionEvent Delta="null" EndDate="2014-11-27 11:27:22.42 JST" Interest="5.0" Kind="selection" Navigation="null" OriginId="org.eclipse.jdt.ui.CompilationUnitEditor" StartDate="2014-11-27 11:26:28.945 JST" StructureHandle="=CutPlanner_A/src&amp;lt;cp.utils{ReadWriteModel.java[ReadWriteModel~ReadWriteModel~QContext;~QBluetoothSocket;~QString;" StructureKind="java" NumEvents="5" CreationCount="43"/><InteractionEvent Delta="null" EndDate="2014-11-27 11:26:30.780 JST" Interest="2.0" Kind="edit" Navigation="null" OriginId="org.eclipse.jdt.ui.CompilationUnitEditor" StartDate="2014-11-27 11:26:29.972 JST" StructureHandle="=CutPlanner_A/src&amp;lt;cp.utils{ReadWriteModel.java[ReadWriteModel~ReadWriteModel~QContext;~QBluetoothSocket;~QString;" StructureKind="java" NumEvents="2" CreationCount="43"/><InteractionEvent Delta="null" EndDate="2014-11-27 12:02:09.622 JST" Interest="25.5" Kind="propagation" Navigation="org.eclipse.mylyn.core.model.edges.containment" OriginId="org.eclipse.mylyn.core.model.interest.propagation" StartDate="2014-11-27 11:41:08.380 JST" StructureHandle="=CutPlanner_A/src&amp;lt;cp.main{DeviceListActv.java[DeviceListActv^DevieFoundReceiver[~onReceive~QContext;~QIntent;[" StructureKind="java" NumEvents="33" CreationCount="147"/><InteractionEvent Delta="null" EndDate="2014-11-27 12:06:58.212 JST" Interest="4.1" Kind="propagation" Navigation="org.eclipse.mylyn.core.model.edges.containment" OriginId="org.eclipse.mylyn.core.model.interest.propagation" StartDate="2014-11-27 12:06:45.809 JST" StructureHandle="=CutPlanner_A/src&amp;lt;cp.utils{CONS.java[CONS[BT" StructureKind="java" NumEvents="5" CreationCount="497"/><InteractionEvent Delta="null" EndDate="2014-11-27 11:56:45.470 JST" Interest="2.0" Kind="propagation" Navigation="null" OriginId="org.eclipse.mylyn.resources.ui.interest.updater" StartDate="2014-11-27 11:50:17.382 JST" StructureHandle="/CutPlanner_A/src/cp/main/BluetoothClientThread.java" StructureKind="resource" NumEvents="2" CreationCount="212"/><InteractionEvent Delta="null" EndDate="2014-11-27 12:07:55.23 JST" Interest="6.0" Kind="prediction" Navigation="null" OriginId="org.eclipse.mylyn.resources.ui.interest.updater" StartDate="2014-11-27 11:21:26.372 JST" StructureHandle="/CutPlanner_A/bin/CutPlanner_A.apk" StructureKind="resource" NumEvents="6" CreationCount="27"/><InteractionEvent Delta="null" EndDate="2014-11-27 12:02:06.234 JST" Interest="30.934" Kind="propagation" Navigation="org.eclipse.mylyn.core.model.edges.containment" OriginId="org.eclipse.mylyn.core.model.interest.propagation" StartDate="2014-11-27 11:25:35.203 JST" StructureHandle="=CutPlanner_A/src&amp;lt;cp.utils" StructureKind="java" NumEvents="55" CreationCount="36"/><InteractionEvent Delta="null" EndDate="2014-11-27 11:19:16.688 JST" Interest="1.0" Kind="selection" Navigation="null" OriginId="org.eclipse.jdt.ui.CompilationUnitEditor" StartDate="2014-11-27 11:19:16.688 JST" StructureHandle="=CutPlanner_A/src&amp;lt;cp.main{DeviceListActv.java[DeviceListActv^mContext" StructureKind="java"/><InteractionEvent Delta="null" EndDate="2014-11-27 12:06:54.454 JST" Interest="9.0" Kind="propagation" Navigation="org.eclipse.mylyn.core.model.edges.containment" OriginId="org.eclipse.mylyn.core.model.interest.propagation" StartDate="2014-11-27 12:04:14.367 JST" StructureHandle="/CutPlanner_A/src/cp/listeners/button" StructureKind="resource" NumEvents="9" CreationCount="443"/><InteractionEvent Delta="null" EndDate="2014-11-27 11:27:10.870 JST" Interest="1.0" Kind="selection" Navigation="null" OriginId="org.eclipse.jdt.ui.CompilationUnitEditor" StartDate="2014-11-27 11:27:10.870 JST" StructureHandle="=CutPlanner_A/src&amp;lt;cp.utils{ReadWriteModel.java[ReadWriteModel^sendNumber" StructureKind="java"/><InteractionEvent Delta="null" EndDate="2014-11-27 11:57:52.964 JST" Interest="1.0" Kind="selection" Navigation="null" OriginId="org.eclipse.jdt.ui.CompilationUnitEditor" StartDate="2014-11-27 11:57:52.964 JST" StructureHandle="=CutPlanner_A/src&amp;lt;cp.utils{BluetoothClientThread.java[BluetoothClientThread^myNumber" StructureKind="java"/><InteractionEvent Delta="null" EndDate="2014-11-27 11:40:35.528 JST" Interest="2.0" Kind="selection" Navigation="null" OriginId="org.eclipse.jdt.ui.CompilationUnitEditor" StartDate="2014-11-27 11:39:03.530 JST" StructureHandle="=CutPlanner_A/src&amp;lt;cp.main{DeviceListActv.java[DeviceListActv~onResume" StructureKind="java" NumEvents="2" CreationCount="126"/><InteractionEvent Delta="null" EndDate="2014-11-27 11:40:32.481 JST" Interest="7.0" Kind="edit" Navigation="null" OriginId="org.eclipse.jdt.ui.CompilationUnitEditor" StartDate="2014-11-27 11:39:07.48 JST" StructureHandle="=CutPlanner_A/src&amp;lt;cp.main{DeviceListActv.java[DeviceListActv~onResume" StructureKind="java" NumEvents="7" CreationCount="126"/><InteractionEvent Delta="null" EndDate="2014-11-27 12:06:57.606 JST" Interest="4.0" Kind="selection" Navigation="null" OriginId="org.eclipse.jdt.ui.CompilationUnitEditor" StartDate="2014-11-27 12:04:27.647 JST" StructureHandle="=CutPlanner_A/src&amp;lt;cp.utils{Methods.java" StructureKind="java" NumEvents="4" CreationCount="203"/><InteractionEvent Delta="null" EndDate="2014-11-27 12:04:27.647 JST" Interest="2.1820002" Kind="manipulation" Navigation="null" OriginId="org.eclipse.mylyn.core.model.interest.decay.correction" StartDate="2014-11-27 12:04:27.647 JST" StructureHandle="=CutPlanner_A/src&amp;lt;cp.utils{Methods.java" StructureKind="java"/><InteractionEvent Delta="null" EndDate="2014-11-27 12:06:51.281 JST" Interest="10.134" Kind="propagation" Navigation="org.eclipse.mylyn.core.model.edges.containment" OriginId="org.eclipse.mylyn.core.model.interest.propagation" StartDate="2014-11-27 12:04:28.436 JST" StructureHandle="=CutPlanner_A/src&amp;lt;cp.utils{Methods.java" StructureKind="java" NumEvents="16" CreationCount="203"/><InteractionEvent Delta="null" EndDate="2014-11-27 11:56:45.466 JST" Interest="2.0" Kind="prediction" Navigation="null" OriginId="org.eclipse.mylyn.resources.ui.interest.updater" StartDate="2014-11-27 11:46:17.285 JST" StructureHandle="=CutPlanner_A/src&amp;lt;cp.utils{Methods.java" StructureKind="java" NumEvents="2" CreationCount="203"/><InteractionEvent Delta="null" EndDate="2014-11-27 11:57:44.23 JST" Interest="5.182" Kind="propagation" Navigation="org.eclipse.mylyn.core.model.edges.containment" OriginId="org.eclipse.mylyn.core.model.interest.propagation" StartDate="2014-11-27 11:21:26.372 JST" StructureHandle="/CutPlanner_A/bin" StructureKind="resource" NumEvents="4" CreationCount="27"/><InteractionEvent Delta="null" EndDate="2014-11-27 11:56:46.726 JST" Interest="9.0" Kind="selection" Navigation="null" OriginId="org.eclipse.jdt.ui.PackageExplorer" StartDate="2014-11-27 11:18:55.830 JST" StructureHandle="=CutPlanner_A/src" StructureKind="java" NumEvents="9" CreationCount="7"/><InteractionEvent Delta="null" EndDate="2014-11-27 12:07:37.160 JST" Interest="104.975006" Kind="propagation" Navigation="org.eclipse.mylyn.core.model.edges.containment" OriginId="org.eclipse.mylyn.core.model.interest.propagation" StartDate="2014-11-27 11:19:01.63 JST" StructureHandle="=CutPlanner_A/src" StructureKind="java" NumEvents="166" CreationCount="7"/><InteractionEvent Delta="null" EndDate="2014-11-27 12:12:44.980 JST" Interest="611.034" Kind="propagation" Navigation="null" OriginId="org.eclipse.jdt.ui.CompilationUnitEditor" StartDate="2014-11-27 11:18:55.830 JST" StructureHandle="/CutPlanner_A/src" StructureKind="resource" NumEvents="613" CreationCount="7"/><InteractionEvent Delta="null" EndDate="2014-11-27 11:50:21.320 JST" Interest="2.0" Kind="selection" Navigation="null" OriginId="org.eclipse.jdt.ui.CompilationUnitEditor" StartDate="2014-11-27 11:50:13.666 JST" StructureHandle="=CutPlanner_A/src&amp;lt;cp.main{DeviceListActv.java#android.content.BroadcastReceiver" StructureKind="java" NumEvents="2" CreationCount="210"/><InteractionEvent Delta="null" EndDate="2014-11-27 11:50:17.378 JST" Interest="1.0" Kind="propagation" Navigation="null" OriginId="org.eclipse.mylyn.resources.ui.interest.updater" StartDate="2014-11-27 11:50:17.378 JST" StructureHandle="/CutPlanner_A/src/cp/main/BluetoothServerThread.java" StructureKind="resource"/><InteractionEvent Delta="null" EndDate="2014-11-27 12:06:57.820 JST" Interest="5.0" Kind="selection" Navigation="null" OriginId="org.eclipse.jdt.ui.CompilationUnitEditor" StartDate="2014-11-27 12:04:28.435 JST" StructureHandle="=CutPlanner_A/src&amp;lt;cp.utils{Methods.java[Methods~discover_Devices~QActivity;~QBroadcastReceiver;" StructureKind="java" NumEvents="5" CreationCount="451"/><InteractionEvent Delta="null" EndDate="2014-11-27 12:06:41.54 JST" Interest="13.0" Kind="edit" Navigation="null" OriginId="org.eclipse.jdt.ui.CompilationUnitEditor" StartDate="2014-11-27 12:04:29.375 JST" StructureHandle="=CutPlanner_A/src&amp;lt;cp.utils{Methods.java[Methods~discover_Devices~QActivity;~QBroadcastReceiver;" StructureKind="java" NumEvents="13" CreationCount="451"/><InteractionEvent Delta="null" EndDate="2014-11-27 12:06:58.212 JST" Interest="4.1" Kind="propagation" Navigation="org.eclipse.mylyn.core.model.edges.containment" OriginId="org.eclipse.mylyn.core.model.interest.propagation" StartDate="2014-11-27 12:06:45.809 JST" StructureHandle="=CutPlanner_A/src&amp;lt;cp.utils{CONS.java[CONS" StructureKind="java" NumEvents="5" CreationCount="497"/><InteractionEvent Delta="null" EndDate="2014-11-27 11:55:36.29 JST" Interest="2.0" Kind="selection" Navigation="null" OriginId="org.eclipse.jdt.ui.CompilationUnitEditor" StartDate="2014-11-27 11:55:36.25 JST" StructureHandle="=CutPlanner_A/src&amp;lt;cp.main{DeviceListActv.java#java.util.ArrayList" StructureKind="java" NumEvents="2" CreationCount="247"/><InteractionEvent Delta="null" EndDate="2014-11-27 12:06:54.454 JST" Interest="9.0" Kind="propagation" Navigation="org.eclipse.mylyn.core.model.edges.containment" OriginId="org.eclipse.mylyn.core.model.interest.propagation" StartDate="2014-11-27 12:04:14.367 JST" StructureHandle="/CutPlanner_A/src/cp/listeners" StructureKind="resource" NumEvents="9" CreationCount="443"/><InteractionEvent Delta="null" EndDate="2014-11-27 11:49:11.770 JST" Interest="1.0" Kind="selection" Navigation="null" OriginId="org.eclipse.jdt.ui.CompilationUnitEditor" StartDate="2014-11-27 11:49:11.770 JST" StructureHandle="=CutPlanner_A/src&amp;lt;cp.main{DeviceListActv.java[DeviceListActv~onBackPressed" StructureKind="java"/><InteractionEvent Delta="null" EndDate="2014-11-27 12:12:44.980 JST" Interest="462.017" Kind="propagation" Navigation="null" OriginId="org.eclipse.jdt.ui.CompilationUnitEditor" StartDate="2014-11-27 11:19:01.62 JST" StructureHandle="/CutPlanner_A/src/cp/main" StructureKind="resource" NumEvents="464" CreationCount="8"/><InteractionEvent Delta="null" EndDate="2014-11-27 12:02:30.55 JST" Interest="6.0" Kind="selection" Navigation="null" OriginId="org.eclipse.jdt.ui.CompilationUnitEditor" StartDate="2014-11-27 11:19:34.313 JST" StructureHandle="=CutPlanner_A/src&amp;lt;cp.main{DeviceListActv.java[DeviceListActv" StructureKind="java" NumEvents="6" CreationCount="11"/><InteractionEvent Delta="null" EndDate="2014-11-27 12:07:36.450 JST" Interest="105.807" Kind="propagation" Navigation="org.eclipse.mylyn.core.model.edges.containment" OriginId="org.eclipse.mylyn.core.model.interest.propagation" StartDate="2014-11-27 11:19:06.97 JST" StructureHandle="=CutPlanner_A/src&amp;lt;cp.main{DeviceListActv.java[DeviceListActv" StructureKind="java" NumEvents="155" CreationCount="11"/><InteractionEvent Delta="null" EndDate="2014-11-27 12:02:30.62 JST" Interest="3.0" Kind="edit" Navigation="null" OriginId="org.eclipse.jdt.ui.CompilationUnitEditor" StartDate="2014-11-27 11:55:41.46 JST" StructureHandle="=CutPlanner_A/src&amp;lt;cp.main{DeviceListActv.java[DeviceListActv" StructureKind="java" NumEvents="3" CreationCount="11"/><InteractionEvent Delta="null" EndDate="2014-11-27 12:06:44.748 JST" Interest="2.9810004" Kind="manipulation" Navigation="null" OriginId="org.eclipse.mylyn.core.model.interest.decay.correction" StartDate="2014-11-27 12:06:44.748 JST" StructureHandle="/CutPlanner_A/src/cp/utils/CONS.java" StructureKind="resource"/><InteractionEvent Delta="null" EndDate="2014-11-27 12:06:58.212 JST" Interest="9.0" Kind="propagation" Navigation="null" OriginId="org.eclipse.jdt.ui.CompilationUnitEditor" StartDate="2014-11-27 11:46:17.287 JST" StructureHandle="/CutPlanner_A/src/cp/utils/CONS.java" StructureKind="resource" NumEvents="9" CreationCount="203"/><InteractionEvent Delta="null" EndDate="2014-11-27 11:40:41.783 JST" Interest="5.0" Kind="selection" Navigation="null" OriginId="org.eclipse.jdt.ui.CompilationUnitEditor" StartDate="2014-11-27 11:19:51.631 JST" StructureHandle="=CutPlanner_A/src&amp;lt;cp.main{DeviceListActv.java[DeviceListActv~onCreate~QBundle;[~onItemClick~QAdapterView\&amp;lt;*&amp;gt;;~QView;~I~J" StructureKind="java" NumEvents="5" CreationCount="18"/><InteractionEvent Delta="null" EndDate="2014-11-27 11:41:05.380 JST" Interest="39.0" Kind="edit" Navigation="null" OriginId="org.eclipse.jdt.ui.CompilationUnitEditor" StartDate="2014-11-27 11:19:52.495 JST" StructureHandle="=CutPlanner_A/src&amp;lt;cp.main{DeviceListActv.java[DeviceListActv~onCreate~QBundle;[~onItemClick~QAdapterView\&amp;lt;*&amp;gt;;~QView;~I~J" StructureKind="java" NumEvents="39" CreationCount="18"/><InteractionEvent Delta="null" EndDate="2014-11-27 11:55:36.30 JST" Interest="4.3120003" Kind="propagation" Navigation="org.eclipse.mylyn.core.model.edges.containment" OriginId="org.eclipse.mylyn.core.model.interest.propagation" StartDate="2014-11-27 11:37:29.690 JST" StructureHandle="=CutPlanner_A/src&amp;lt;cp.main{DeviceListActv.java#" StructureKind="java" NumEvents="5" CreationCount="111"/><InteractionEvent Delta="null" EndDate="2014-11-27 11:50:34.280 JST" Interest="2.0" Kind="selection" Navigation="null" OriginId="org.eclipse.jdt.ui.CompilationUnitEditor" StartDate="2014-11-27 11:50:21.917 JST" StructureHandle="=CutPlanner_A/src&amp;lt;cp.main{DeviceListActv.java#cp.listeners.view.V_OTL" StructureKind="java" NumEvents="2" CreationCount="215"/><InteractionEvent Delta="null" EndDate="2014-11-27 12:02:06.233 JST" Interest="12.0" Kind="selection" Navigation="null" OriginId="org.eclipse.ui.views.ContentOutline" StartDate="2014-11-27 11:25:40.638 JST" StructureHandle="=CutPlanner_A/src&amp;lt;cp.utils{BluetoothClientThread.java[BluetoothClientThread~run" StructureKind="java" NumEvents="12" CreationCount="38"/><InteractionEvent Delta="null" EndDate="2014-11-27 12:02:03.336 JST" Interest="27.0" Kind="edit" Navigation="null" OriginId="org.eclipse.jdt.ui.CompilationUnitEditor" StartDate="2014-11-27 11:25:41.699 JST" StructureHandle="=CutPlanner_A/src&amp;lt;cp.utils{BluetoothClientThread.java[BluetoothClientThread~run" StructureKind="java" NumEvents="27" CreationCount="38"/><InteractionEvent Delta="null" EndDate="2014-11-27 12:06:58.211 JST" Interest="2.0" Kind="selection" Navigation="null" OriginId="org.eclipse.jdt.ui.CompilationUnitEditor" StartDate="2014-11-27 12:06:45.809 JST" StructureHandle="=CutPlanner_A/src&amp;lt;cp.utils{CONS.java[CONS[BT^registered" StructureKind="java" NumEvents="2" CreationCount="497"/><InteractionEvent Delta="null" EndDate="2014-11-27 12:06:49.797 JST" Interest="3.0" Kind="edit" Navigation="null" OriginId="org.eclipse.jdt.ui.CompilationUnitEditor" StartDate="2014-11-27 12:06:47.127 JST" StructureHandle="=CutPlanner_A/src&amp;lt;cp.utils{CONS.java[CONS[BT^registered" StructureKind="java" NumEvents="3" CreationCount="497"/><InteractionEvent Delta="null" EndDate="2014-11-27 12:06:54.453 JST" Interest="3.751" Kind="propagation" Navigation="org.eclipse.mylyn.core.model.edges.containment" OriginId="org.eclipse.mylyn.core.model.interest.propagation" StartDate="2014-11-27 12:04:15.117 JST" StructureHandle="=CutPlanner_A/src&amp;lt;cp.listeners.button{BO_CL.java[BO_CL" StructureKind="java" NumEvents="6" CreationCount="444"/><InteractionEvent Delta="null" EndDate="2014-11-27 12:12:44.981 JST" Interest="628.0" Kind="propagation" Navigation="null" OriginId="org.eclipse.jdt.ui.CompilationUnitEditor" StartDate="2014-11-27 11:18:27.764 JST" StructureHandle="/CutPlanner_A" StructureKind="resource" NumEvents="628" CreationCount="6"/><InteractionEvent Delta="null" EndDate="2014-11-27 12:07:55.24 JST" Interest="6.0" Kind="prediction" Navigation="null" OriginId="org.eclipse.mylyn.resources.ui.interest.updater" StartDate="2014-11-27 11:21:26.372 JST" StructureHandle="/CutPlanner_A/bin/classes.dex" StructureKind="resource" NumEvents="6" CreationCount="27"/><InteractionEvent Delta="null" EndDate="2014-11-27 12:06:58.213 JST" Interest="131.0" Kind="propagation" Navigation="null" OriginId="org.eclipse.jdt.ui.CompilationUnitEditor" StartDate="2014-11-27 11:25:35.202 JST" StructureHandle="/CutPlanner_A/src/cp/utils" StructureKind="resource" NumEvents="131" CreationCount="36"/><InteractionEvent Delta="null" EndDate="2014-11-27 12:07:37.135 JST" Interest="3.0" Kind="selection" Navigation="null" OriginId="org.eclipse.jdt.ui.CompilationUnitEditor" StartDate="2014-11-27 12:02:24.834 JST" StructureHandle="=CutPlanner_A/src&amp;lt;cp.main{DeviceListActv.java[DeviceListActv~onOptionsItemSelected~QMenuItem;" StructureKind="java" NumEvents="3" CreationCount="350"/><InteractionEvent Delta="null" EndDate="2014-11-27 12:12:44.978 JST" Interest="62.0" Kind="edit" Navigation="null" OriginId="org.eclipse.jdt.ui.CompilationUnitEditor" StartDate="2014-11-27 12:02:24.845 JST" StructureHandle="=CutPlanner_A/src&amp;lt;cp.main{DeviceListActv.java[DeviceListActv~onOptionsItemSelected~QMenuItem;" StructureKind="java" NumEvents="62" CreationCount="350"/></InteractionHistory>