<?xml version="1.0" encoding="UTF-8"?><InteractionHistory Id="local-229" Version="1"><InteractionEvent Delta="null" EndDate="2014-11-29 22:21:47.715 JST" Interest="1054.136" Kind="propagation" Navigation="org.eclipse.mylyn.core.model.edges.containment" OriginId="org.eclipse.mylyn.core.model.interest.propagation" StartDate="2014-11-27 11:18:23.217 JST" StructureHandle="" StructureKind="java" NumEvents="1056" CreationCount="1"/><InteractionEvent Delta="null" EndDate="2014-11-29 19:07:40.484 JST" Interest="3.0" Kind="edit" Navigation="null" OriginId="com.android.ide.eclipse.editors.manifest.ManifestEditor" StartDate="2014-11-29 19:06:57.616 JST" StructureHandle="/CutPlanner_A/AndroidManifest.xml" StructureKind="resource" NumEvents="3" CreationCount="201"/><InteractionEvent Delta="null" EndDate="2014-11-29 19:08:08.97 JST" Interest="5.0" Kind="selection" Navigation="null" OriginId="org.eclipse.jdt.ui.PackageExplorer" StartDate="2014-11-29 19:06:56.439 JST" StructureHandle="/CutPlanner_A/AndroidManifest.xml" StructureKind="resource" NumEvents="5" CreationCount="201"/><InteractionEvent Delta="null" EndDate="2014-11-29 19:06:56.439 JST" Interest="5.4460006" Kind="manipulation" Navigation="null" OriginId="org.eclipse.mylyn.core.model.interest.decay.correction" StartDate="2014-11-29 19:06:56.439 JST" StructureHandle="/CutPlanner_A/AndroidManifest.xml" StructureKind="resource"/><InteractionEvent Delta="null" EndDate="2014-11-27 11:56:41.60 JST" Interest="2.0" Kind="prediction" Navigation="null" OriginId="org.eclipse.mylyn.resources.ui.interest.updater" StartDate="2014-11-27 11:46:12.298 JST" StructureHandle="/CutPlanner_A/AndroidManifest.xml" StructureKind="resource" NumEvents="2" CreationCount="201"/><InteractionEvent Delta="null" EndDate="2014-11-29 19:12:06.661 JST" Interest="40.0" Kind="propagation" Navigation="null" OriginId="org.eclipse.jdt.ui.CompilationUnitEditor" StartDate="2014-11-27 11:26:27.820 JST" StructureHandle="/CutPlanner_A/src/cp/utils/ReadWriteModel.java" StructureKind="resource" NumEvents="40" CreationCount="42"/><InteractionEvent Delta="null" EndDate="2014-11-29 19:11:33.548 JST" Interest="1.0" Kind="propagation" Navigation="null" OriginId="org.eclipse.ui.views.ResourceNavigator" StartDate="2014-11-29 19:11:33.548 JST" StructureHandle="/BluetoothSample/src/org/japan/techbooster/sample/BlueTooth/BluetoothClientThread.java" StructureKind="resource"/><InteractionEvent Delta="null" EndDate="2014-11-27 12:04:08.444 JST" Interest="9.0" Kind="edit" Navigation="null" OriginId="org.eclipse.jdt.ui.CompilationUnitEditor" StartDate="2014-11-27 11:50:54.369 JST" StructureHandle="=CutPlanner_A/src&amp;lt;cp.main{DeviceListActv.java[DeviceListActv~_Setup__SetListener" StructureKind="java" NumEvents="9" CreationCount="227"/><InteractionEvent Delta="null" EndDate="2014-11-27 12:06:00.498 JST" Interest="5.0" Kind="selection" Navigation="null" OriginId="org.eclipse.jdt.ui.CompilationUnitEditor" StartDate="2014-11-27 11:50:54.358 JST" StructureHandle="=CutPlanner_A/src&amp;lt;cp.main{DeviceListActv.java[DeviceListActv~_Setup__SetListener" StructureKind="java" NumEvents="5" CreationCount="227"/><InteractionEvent Delta="null" EndDate="2014-11-27 12:04:05.551 JST" Interest="1.7340002" Kind="manipulation" Navigation="null" OriginId="org.eclipse.mylyn.core.model.interest.decay.correction" StartDate="2014-11-27 12:04:05.551 JST" StructureHandle="=CutPlanner_A/src&amp;lt;cp.main{DeviceListActv.java[DeviceListActv~_Setup__SetListener" StructureKind="java"/><InteractionEvent Delta="null" EndDate="2014-11-29 20:24:12.553 JST" Interest="9.0" Kind="selection" Navigation="null" OriginId="org.eclipse.ui.views.ResourceNavigator" StartDate="2014-11-29 19:11:35.823 JST" StructureHandle="=BluetoothSample/src&amp;lt;org.japan.techbooster.sample.BlueTooth{DeviceListActivity.java" StructureKind="java" NumEvents="9" CreationCount="751"/><InteractionEvent Delta="null" EndDate="2014-11-29 19:15:49.609 JST" Interest="0.020999908" Kind="propagation" Navigation="org.eclipse.mylyn.core.model.edges.containment" OriginId="org.eclipse.mylyn.core.model.interest.propagation" StartDate="2014-11-29 19:15:49.609 JST" StructureHandle="=BluetoothSample/src&amp;lt;org.japan.techbooster.sample.BlueTooth{DeviceListActivity.java" StructureKind="java"/><InteractionEvent Delta="null" EndDate="2014-11-27 12:03:58.995 JST" Interest="41.0" Kind="edit" Navigation="null" OriginId="org.eclipse.jdt.ui.CompilationUnitEditor" StartDate="2014-11-27 12:03:09.687 JST" StructureHandle="=CutPlanner_A/src&amp;lt;cp.main{DeviceListActv.java[DeviceListActv~_Bluetooth[~onItemClick~QAdapterView\&amp;lt;*&amp;gt;;~QView;~I~J" StructureKind="java" NumEvents="41" CreationCount="383"/><InteractionEvent Delta="null" EndDate="2014-11-27 12:04:05.631 JST" Interest="5.0" Kind="selection" Navigation="null" OriginId="org.eclipse.jdt.ui.CompilationUnitEditor" StartDate="2014-11-27 12:03:09.666 JST" StructureHandle="=CutPlanner_A/src&amp;lt;cp.main{DeviceListActv.java[DeviceListActv~_Bluetooth[~onItemClick~QAdapterView\&amp;lt;*&amp;gt;;~QView;~I~J" StructureKind="java" NumEvents="5" CreationCount="383"/><InteractionEvent Delta="null" EndDate="2014-11-29 20:24:12.555 JST" Interest="26.0" Kind="propagation" Navigation="null" OriginId="org.eclipse.ui.views.ResourceNavigator" StartDate="2014-11-29 19:11:27.426 JST" StructureHandle="/BluetoothSample" StructureKind="resource" NumEvents="26" CreationCount="743"/><InteractionEvent Delta="null" EndDate="2014-11-29 19:07:38.286 JST" Interest="4.0" Kind="selection" Navigation="null" OriginId="com.android.ide.eclipse.editors.CommonXmlEditor" StartDate="2014-11-29 19:05:09.965 JST" StructureHandle="/CutPlanner_A/res/layout/devicelist.xml" StructureKind="resource" NumEvents="4" CreationCount="628"/><InteractionEvent Delta="null" EndDate="2014-11-27 11:37:29.689 JST" Interest="1.0" Kind="selection" Navigation="null" OriginId="org.eclipse.jdt.ui.CompilationUnitEditor" StartDate="2014-11-27 11:37:29.689 JST" StructureHandle="=CutPlanner_A/src&amp;lt;cp.main{DeviceListActv.java#android.content.IntentFilter" StructureKind="java"/><InteractionEvent Delta="null" EndDate="2014-11-29 19:11:42.428 JST" Interest="8.0" Kind="selection" Navigation="null" OriginId="org.eclipse.jdt.ui.CompilationUnitEditor" StartDate="2014-11-27 12:06:44.747 JST" StructureHandle="=CutPlanner_A/src&amp;lt;cp.utils{CONS.java" StructureKind="java" NumEvents="8" CreationCount="203"/><InteractionEvent Delta="null" EndDate="2014-11-27 12:06:44.747 JST" Interest="2.9640002" Kind="manipulation" Navigation="null" OriginId="org.eclipse.mylyn.core.model.interest.decay.correction" StartDate="2014-11-27 12:06:44.747 JST" StructureHandle="=CutPlanner_A/src&amp;lt;cp.utils{CONS.java" StructureKind="java"/><InteractionEvent Delta="null" EndDate="2014-11-29 19:11:42.690 JST" Interest="3.9339995" Kind="propagation" Navigation="org.eclipse.mylyn.core.model.edges.containment" OriginId="org.eclipse.mylyn.core.model.interest.propagation" StartDate="2014-11-27 12:06:45.810 JST" StructureHandle="=CutPlanner_A/src&amp;lt;cp.utils{CONS.java" StructureKind="java" NumEvents="9" CreationCount="203"/><InteractionEvent Delta="null" EndDate="2014-11-27 11:56:45.466 JST" Interest="2.0" Kind="prediction" Navigation="null" OriginId="org.eclipse.mylyn.resources.ui.interest.updater" StartDate="2014-11-27 11:46:17.285 JST" StructureHandle="=CutPlanner_A/src&amp;lt;cp.utils{CONS.java" StructureKind="java" NumEvents="2" CreationCount="203"/><InteractionEvent Delta="null" EndDate="2014-11-30 09:58:08.977 JST" Interest="3.0" Kind="edit" Navigation="null" OriginId="org.eclipse.jdt.ui.CompilationUnitEditor" StartDate="2014-11-29 22:21:47.479 JST" StructureHandle="=CutPlanner_A/src&amp;lt;cp.main{BluetoothServerThread.java[BluetoothServerThread^mContext" StructureKind="java" NumEvents="3" CreationCount="1102"/><InteractionEvent Delta="null" EndDate="2014-11-29 20:24:14.370 JST" Interest="1.0" Kind="selection" Navigation="null" OriginId="org.eclipse.jdt.ui.CompilationUnitEditor" StartDate="2014-11-29 20:24:14.370 JST" StructureHandle="=CutPlanner_A/src&amp;lt;cp.main{BluetoothServerThread.java[BluetoothServerThread^mContext" StructureKind="java"/><InteractionEvent Delta="null" EndDate="2014-11-29 19:08:24.474 JST" Interest="2.0" Kind="edit" Navigation="null" OriginId="org.eclipse.jdt.ui.CompilationUnitEditor" StartDate="2014-11-29 19:08:23.23 JST" StructureHandle="=CutPlanner_A/src&amp;lt;cp.main{BluetoothServerThread.java[BluetoothServerThread^TECHBOOSTER_BTSAMPLE_UUID" StructureKind="java" NumEvents="2" CreationCount="690"/><InteractionEvent Delta="null" EndDate="2014-11-29 19:08:21.856 JST" Interest="1.0" Kind="selection" Navigation="null" OriginId="org.eclipse.jdt.ui.CompilationUnitEditor" StartDate="2014-11-29 19:08:21.856 JST" StructureHandle="=CutPlanner_A/src&amp;lt;cp.main{BluetoothServerThread.java[BluetoothServerThread^TECHBOOSTER_BTSAMPLE_UUID" StructureKind="java"/><InteractionEvent Delta="null" EndDate="2014-11-29 19:16:35.426 JST" Interest="1.0" Kind="edit" Navigation="null" OriginId="org.eclipse.jdt.ui.CompilationUnitEditor" StartDate="2014-11-29 19:16:35.426 JST" StructureHandle="=CutPlanner_A/src&amp;lt;cp.main{DeviceListActv.java[DeviceListActv^foundDeviceList" StructureKind="java"/><InteractionEvent Delta="null" EndDate="2014-11-29 19:16:35.400 JST" Interest="1.0" Kind="selection" Navigation="null" OriginId="org.eclipse.jdt.ui.CompilationUnitEditor" StartDate="2014-11-29 19:16:35.400 JST" StructureHandle="=CutPlanner_A/src&amp;lt;cp.main{DeviceListActv.java[DeviceListActv^foundDeviceList" StructureKind="java"/><InteractionEvent Delta="null" EndDate="2014-11-27 12:04:05.631 JST" Interest="33.699997" Kind="propagation" Navigation="org.eclipse.mylyn.core.model.edges.containment" OriginId="org.eclipse.mylyn.core.model.interest.propagation" StartDate="2014-11-27 12:03:09.667 JST" StructureHandle="=CutPlanner_A/src&amp;lt;cp.main{DeviceListActv.java[DeviceListActv~_Bluetooth[" StructureKind="java" NumEvents="46" CreationCount="383"/><InteractionEvent Delta="null" EndDate="2014-11-27 11:41:35.894 JST" Interest="1.0" Kind="selection" Navigation="null" OriginId="org.eclipse.jdt.ui.CompilationUnitEditor" StartDate="2014-11-27 11:41:35.894 JST" StructureHandle="=CutPlanner_A/src&amp;lt;cp.main{DeviceListActv.java[DeviceListActv^offSet" StructureKind="java"/><InteractionEvent Delta="null" EndDate="2014-11-30 09:58:10.757 JST" Interest="14.0" Kind="selection" Navigation="null" OriginId="org.eclipse.ui.views.ResourceNavigator" StartDate="2014-11-29 19:08:13.654 JST" StructureHandle="=CutPlanner_A/src&amp;lt;cp.main{BluetoothServerThread.java" StructureKind="java" NumEvents="14" CreationCount="96"/><InteractionEvent Delta="null" EndDate="2014-11-29 19:08:13.654 JST" Interest="4.8650002" Kind="manipulation" Navigation="null" OriginId="org.eclipse.mylyn.core.model.interest.decay.correction" StartDate="2014-11-29 19:08:13.654 JST" StructureHandle="=CutPlanner_A/src&amp;lt;cp.main{BluetoothServerThread.java" StructureKind="java"/><InteractionEvent Delta="null" EndDate="2014-11-29 22:21:47.712 JST" Interest="135.77399" Kind="propagation" Navigation="org.eclipse.mylyn.core.model.edges.containment" OriginId="org.eclipse.mylyn.core.model.interest.propagation" StartDate="2014-11-27 11:50:17.378 JST" StructureHandle="=CutPlanner_A/src&amp;lt;cp.main{BluetoothServerThread.java" StructureKind="java" NumEvents="189" CreationCount="96"/><InteractionEvent Delta="null" EndDate="2014-11-29 19:22:44.294 JST" Interest="7.0" Kind="edit" Navigation="null" OriginId="org.eclipse.jdt.ui.CompilationUnitEditor" StartDate="2014-11-27 12:03:03.827 JST" StructureHandle="=CutPlanner_A/src&amp;lt;cp.main{DeviceListActv.java[DeviceListActv~_Bluetooth" StructureKind="java" NumEvents="7" CreationCount="380"/><InteractionEvent Delta="null" EndDate="2014-11-29 19:22:48.3 JST" Interest="7.0" Kind="selection" Navigation="null" OriginId="org.eclipse.jdt.ui.CompilationUnitEditor" StartDate="2014-11-27 12:03:03.812 JST" StructureHandle="=CutPlanner_A/src&amp;lt;cp.main{DeviceListActv.java[DeviceListActv~_Bluetooth" StructureKind="java" NumEvents="7" CreationCount="380"/><InteractionEvent Delta="null" EndDate="2014-11-27 12:04:05.631 JST" Interest="28.950996" Kind="propagation" Navigation="org.eclipse.mylyn.core.model.edges.containment" OriginId="org.eclipse.mylyn.core.model.interest.propagation" StartDate="2014-11-27 12:03:09.711 JST" StructureHandle="=CutPlanner_A/src&amp;lt;cp.main{DeviceListActv.java[DeviceListActv~_Bluetooth" StructureKind="java" NumEvents="42" CreationCount="380"/><InteractionEvent Delta="null" EndDate="2014-11-29 19:12:06.591 JST" Interest="6.0" Kind="selection" Navigation="null" OriginId="org.eclipse.jdt.ui.CompilationUnitEditor" StartDate="2014-11-27 11:26:27.820 JST" StructureHandle="=CutPlanner_A/src&amp;lt;cp.utils{ReadWriteModel.java" StructureKind="java" NumEvents="6" CreationCount="42"/><InteractionEvent Delta="null" EndDate="2014-11-27 11:34:58.956 JST" Interest="14.384999" Kind="propagation" Navigation="org.eclipse.mylyn.core.model.edges.containment" OriginId="org.eclipse.mylyn.core.model.interest.propagation" StartDate="2014-11-27 11:26:28.946 JST" StructureHandle="=CutPlanner_A/src&amp;lt;cp.utils{ReadWriteModel.java" StructureKind="java" NumEvents="23" CreationCount="42"/><InteractionEvent Delta="null" EndDate="2014-11-29 22:21:47.715 JST" Interest="1123.0" Kind="propagation" Navigation="null" OriginId="org.eclipse.jdt.ui.CompilationUnitEditor" StartDate="2014-11-27 11:18:23.217 JST" StructureHandle="/" StructureKind="resource" NumEvents="1123" CreationCount="1"/><InteractionEvent Delta="null" EndDate="2014-11-29 19:07:35.39 JST" Interest="20.0" Kind="edit" Navigation="null" OriginId="org.eclipse.jdt.ui.CompilationUnitEditor" StartDate="2014-11-27 11:27:00.246 JST" StructureHandle="=CutPlanner_A/src&amp;lt;cp.utils{ReadWriteModel.java[ReadWriteModel~run" StructureKind="java" NumEvents="20" CreationCount="47"/><InteractionEvent Delta="null" EndDate="2014-11-29 19:12:06.660 JST" Interest="6.0" Kind="selection" Navigation="null" OriginId="org.eclipse.jdt.ui.CompilationUnitEditor" StartDate="2014-11-27 11:26:59.610 JST" StructureHandle="=CutPlanner_A/src&amp;lt;cp.utils{ReadWriteModel.java[ReadWriteModel~run" StructureKind="java" NumEvents="6" CreationCount="47"/><InteractionEvent Delta="null" EndDate="2014-11-29 19:12:05.320 JST" Interest="18.0" Kind="propagation" Navigation="null" OriginId="org.eclipse.jdt.ui.CompilationUnitEditor" StartDate="2014-11-27 12:04:14.367 JST" StructureHandle="/CutPlanner_A/src/cp/listeners/button/BO_CL.java" StructureKind="resource" NumEvents="18" CreationCount="443"/><InteractionEvent Delta="null" EndDate="2014-11-27 11:19:06.97 JST" Interest="1.0" Kind="selection" Navigation="null" OriginId="org.eclipse.jdt.ui.CompilationUnitEditor" StartDate="2014-11-27 11:19:06.97 JST" StructureHandle="=CutPlanner_A/src&amp;lt;cp.main{DeviceListActv.java[DeviceListActv^REQUEST_CODE_DISCOEVERABLE" StructureKind="java"/><InteractionEvent Delta="null" EndDate="2014-11-30 12:29:28.932 JST" Interest="848.01697" Kind="propagation" Navigation="org.eclipse.mylyn.core.model.edges.containment" OriginId="org.eclipse.mylyn.core.model.interest.propagation" StartDate="2014-11-27 11:19:01.62 JST" StructureHandle="/CutPlanner_A/src/cp" StructureKind="resource" NumEvents="851" CreationCount="8"/><InteractionEvent Delta="null" EndDate="2014-11-29 19:11:30.982 JST" Interest="1.0" Kind="selection" Navigation="null" OriginId="org.eclipse.ui.views.ResourceNavigator" StartDate="2014-11-29 19:11:30.982 JST" StructureHandle="=BluetoothSample/src" StructureKind="java"/><InteractionEvent Delta="null" EndDate="2014-11-29 20:24:12.554 JST" Interest="8.14" Kind="propagation" Navigation="org.eclipse.mylyn.core.model.edges.containment" OriginId="org.eclipse.mylyn.core.model.interest.propagation" StartDate="2014-11-29 19:11:32.103 JST" StructureHandle="=BluetoothSample/src" StructureKind="java" NumEvents="18" CreationCount="744"/><InteractionEvent Delta="null" EndDate="2014-11-29 19:08:03.526 JST" Interest="3.0" Kind="selection" Navigation="null" OriginId="org.eclipse.jdt.ui.CompilationUnitEditor" StartDate="2014-11-27 11:57:30.965 JST" StructureHandle="=CutPlanner_A/src&amp;lt;cp.utils{BluetoothClientThread.java[BluetoothClientThread" StructureKind="java" NumEvents="3" CreationCount="37"/><InteractionEvent Delta="null" EndDate="2014-11-29 19:08:02.891 JST" Interest="35.717" Kind="propagation" Navigation="org.eclipse.mylyn.core.model.edges.containment" OriginId="org.eclipse.mylyn.core.model.interest.propagation" StartDate="2014-11-27 11:25:36.424 JST" StructureHandle="=CutPlanner_A/src&amp;lt;cp.utils{BluetoothClientThread.java[BluetoothClientThread" StructureKind="java" NumEvents="47" CreationCount="37"/><InteractionEvent Delta="null" EndDate="2014-11-29 19:16:53.982 JST" Interest="3.0" Kind="selection" Navigation="null" OriginId="org.eclipse.search.ui.views.SearchView" StartDate="2014-11-27 11:19:01.62 JST" StructureHandle="=CutPlanner_A/src&amp;lt;cp.main" StructureKind="java" NumEvents="3" CreationCount="370"/><InteractionEvent Delta="null" EndDate="2014-11-30 09:58:10.758 JST" Interest="146.98099" Kind="propagation" Navigation="org.eclipse.mylyn.core.model.edges.containment" OriginId="org.eclipse.mylyn.core.model.interest.propagation" StartDate="2014-11-27 11:19:02.350 JST" StructureHandle="=CutPlanner_A/src&amp;lt;cp.main" StructureKind="java" NumEvents="218" CreationCount="370"/><InteractionEvent Delta="null" EndDate="2014-11-29 19:07:45.385 JST" Interest="30.237" Kind="propagation" Navigation="org.eclipse.mylyn.core.model.edges.containment" OriginId="org.eclipse.mylyn.core.model.interest.propagation" StartDate="2014-11-27 11:59:38.317 JST" StructureHandle="=CutPlanner_A/src&amp;lt;cp.main{DeviceListActv.java[DeviceListActv^DevieFoundReceiver[" StructureKind="java" NumEvents="20" CreationCount="286"/><InteractionEvent Delta="null" EndDate="2014-11-29 19:11:23.178 JST" Interest="7.580001" Kind="manipulation" Navigation="null" OriginId="org.eclipse.mylyn.core.model.interest.decay.correction" StartDate="2014-11-29 19:11:23.178 JST" StructureHandle="/freemind_1.0.1" StructureKind="resource"/><InteractionEvent Delta="null" EndDate="2014-11-29 19:11:23.178 JST" Interest="6.0" Kind="propagation" Navigation="null" OriginId="org.eclipse.ui.views.ResourceNavigator" StartDate="2014-11-27 11:18:23.217 JST" StructureHandle="/freemind_1.0.1" StructureKind="resource" NumEvents="6" CreationCount="1"/><InteractionEvent Delta="null" EndDate="2014-11-29 19:11:32.102 JST" Interest="1.0" Kind="selection" Navigation="null" OriginId="org.eclipse.ui.views.ResourceNavigator" StartDate="2014-11-29 19:11:32.102 JST" StructureHandle="=BluetoothSample/src&amp;lt;org" StructureKind="java"/><InteractionEvent Delta="null" EndDate="2014-11-29 19:16:04.479 JST" Interest="9.0" Kind="edit" Navigation="null" OriginId="org.eclipse.jdt.ui.CompilationUnitEditor" StartDate="2014-11-27 11:50:12.268 JST" StructureHandle="=CutPlanner_A/src&amp;lt;cp.main{DeviceListActv.java" StructureKind="java" NumEvents="9" CreationCount="9"/><InteractionEvent Delta="null" EndDate="2014-11-29 19:25:56.996 JST" Interest="21.0" Kind="selection" Navigation="null" OriginId="org.eclipse.jdt.ui.CompilationUnitEditor" StartDate="2014-11-27 11:19:02.349 JST" StructureHandle="=CutPlanner_A/src&amp;lt;cp.main{DeviceListActv.java" StructureKind="java" NumEvents="21" CreationCount="9"/><InteractionEvent Delta="null" EndDate="2014-11-29 19:04:52.918 JST" Interest="96.041" Kind="propagation" Navigation="org.eclipse.mylyn.core.model.edges.containment" OriginId="org.eclipse.mylyn.core.model.interest.propagation" StartDate="2014-11-27 11:19:34.315 JST" StructureHandle="=CutPlanner_A/src&amp;lt;cp.main{DeviceListActv.java" StructureKind="java" NumEvents="144" CreationCount="9"/><InteractionEvent Delta="null" EndDate="2014-11-29 19:11:19.867 JST" Interest="1.0" Kind="edit" Navigation="null" OriginId="org.eclipse.jdt.ui.CompilationUnitEditor" StartDate="2014-11-29 19:11:19.867 JST" StructureHandle="=CutPlanner_A/src&amp;lt;cp.utils{CONS.java[CONS[BT" StructureKind="java"/><InteractionEvent Delta="null" EndDate="2014-11-29 19:11:42.689 JST" Interest="3.0" Kind="selection" Navigation="null" OriginId="org.eclipse.jdt.ui.CompilationUnitEditor" StartDate="2014-11-29 19:11:05.272 JST" StructureHandle="=CutPlanner_A/src&amp;lt;cp.utils{CONS.java[CONS[BT" StructureKind="java" NumEvents="3" CreationCount="497"/><InteractionEvent Delta="null" EndDate="2014-11-29 19:11:03.460 JST" Interest="8.2" Kind="propagation" Navigation="org.eclipse.mylyn.core.model.edges.containment" OriginId="org.eclipse.mylyn.core.model.interest.propagation" StartDate="2014-11-27 12:06:45.809 JST" StructureHandle="=CutPlanner_A/src&amp;lt;cp.utils{CONS.java[CONS[BT" StructureKind="java" NumEvents="10" CreationCount="497"/><InteractionEvent Delta="null" EndDate="2014-11-29 19:17:02.42 JST" Interest="2.0" Kind="selection" Navigation="null" OriginId="org.eclipse.jdt.ui.CompilationUnitEditor" StartDate="2014-11-29 19:16:56.996 JST" StructureHandle="=CutPlanner_A/src&amp;lt;cp.main{MainActv.java" StructureKind="java" NumEvents="2" CreationCount="855"/><InteractionEvent Delta="null" EndDate="2014-11-29 19:17:13.568 JST" Interest="1.134" Kind="propagation" Navigation="org.eclipse.mylyn.core.model.edges.containment" OriginId="org.eclipse.mylyn.core.model.interest.propagation" StartDate="2014-11-29 19:17:12.993 JST" StructureHandle="=CutPlanner_A/src&amp;lt;cp.main{MainActv.java" StructureKind="java" NumEvents="2" CreationCount="855"/><InteractionEvent Delta="null" EndDate="2014-11-29 19:11:45.640 JST" Interest="1.0" Kind="selection" Navigation="null" OriginId="org.eclipse.jdt.ui.CompilationUnitEditor" StartDate="2014-11-29 19:11:45.640 JST" StructureHandle="=CutPlanner_A/src&amp;lt;cp.utils{CONS.java[CONS[BT^myNumber" StructureKind="java"/><InteractionEvent Delta="null" EndDate="2014-11-29 19:31:22.175 JST" Interest="18.0" Kind="prediction" Navigation="null" OriginId="org.eclipse.mylyn.resources.ui.interest.updater" StartDate="2014-11-27 11:21:26.372 JST" StructureHandle="/CutPlanner_A/bin/CutPlanner_A.apk" StructureKind="resource" NumEvents="18" CreationCount="27"/><InteractionEvent Delta="null" EndDate="2014-11-29 19:10:57.395 JST" Interest="4.0" Kind="propagation" Navigation="null" OriginId="org.eclipse.search.ui.views.SearchView" StartDate="2014-11-29 19:10:33.995 JST" StructureHandle="/CutPlanner_A/src/cp/utils/BluetoothServerThread.java" StructureKind="resource" NumEvents="4" CreationCount="724"/><InteractionEvent Delta="null" EndDate="2014-11-27 11:19:16.688 JST" Interest="1.0" Kind="selection" Navigation="null" OriginId="org.eclipse.jdt.ui.CompilationUnitEditor" StartDate="2014-11-27 11:19:16.688 JST" StructureHandle="=CutPlanner_A/src&amp;lt;cp.main{DeviceListActv.java[DeviceListActv^mContext" StructureKind="java"/><InteractionEvent Delta="null" EndDate="2014-11-29 20:24:12.554 JST" Interest="18.119" Kind="propagation" Navigation="org.eclipse.mylyn.core.model.edges.containment" OriginId="org.eclipse.mylyn.core.model.interest.propagation" StartDate="2014-11-29 19:11:30.982 JST" StructureHandle="/BluetoothSample/src" StructureKind="resource" NumEvents="25" CreationCount="744"/><InteractionEvent Delta="null" EndDate="2014-11-29 19:08:04.928 JST" Interest="2.0" Kind="selection" Navigation="null" OriginId="org.eclipse.jdt.ui.CompilationUnitEditor" StartDate="2014-11-27 11:57:52.964 JST" StructureHandle="=CutPlanner_A/src&amp;lt;cp.utils{BluetoothClientThread.java[BluetoothClientThread^myNumber" StructureKind="java" NumEvents="2" CreationCount="406"/><InteractionEvent Delta="null" EndDate="2014-11-29 19:08:04.928 JST" Interest="3.6580005" Kind="manipulation" Navigation="null" OriginId="org.eclipse.mylyn.core.model.interest.decay.correction" StartDate="2014-11-29 19:08:04.928 JST" StructureHandle="=CutPlanner_A/src&amp;lt;cp.utils{BluetoothClientThread.java[BluetoothClientThread^myNumber" StructureKind="java"/><InteractionEvent Delta="null" EndDate="2014-11-29 19:26:13.853 JST" Interest="68.0" Kind="edit" Navigation="null" OriginId="org.eclipse.jdt.ui.CompilationUnitEditor" StartDate="2014-11-27 11:39:07.48 JST" StructureHandle="=CutPlanner_A/src&amp;lt;cp.main{DeviceListActv.java[DeviceListActv~onResume" StructureKind="java" NumEvents="68" CreationCount="126"/><InteractionEvent Delta="null" EndDate="2014-11-29 19:25:57.46 JST" Interest="10.0" Kind="selection" Navigation="null" OriginId="org.eclipse.jdt.ui.CompilationUnitEditor" StartDate="2014-11-27 11:39:03.530 JST" StructureHandle="=CutPlanner_A/src&amp;lt;cp.main{DeviceListActv.java[DeviceListActv~onResume" StructureKind="java" NumEvents="10" CreationCount="126"/><InteractionEvent Delta="null" EndDate="2014-11-29 19:12:18.713 JST" Interest="4.1840005" Kind="manipulation" Navigation="null" OriginId="org.eclipse.mylyn.core.model.interest.decay.correction" StartDate="2014-11-29 19:12:18.713 JST" StructureHandle="=CutPlanner_A/src&amp;lt;cp.main{DeviceListActv.java[DeviceListActv~onResume" StructureKind="java"/><InteractionEvent Delta="null" EndDate="2014-11-29 19:12:01.797 JST" Interest="7.0" Kind="selection" Navigation="null" OriginId="org.eclipse.jdt.ui.CompilationUnitEditor" StartDate="2014-11-27 12:04:27.647 JST" StructureHandle="=CutPlanner_A/src&amp;lt;cp.utils{Methods.java" StructureKind="java" NumEvents="7" CreationCount="203"/><InteractionEvent Delta="null" EndDate="2014-11-27 12:04:27.647 JST" Interest="2.1820002" Kind="manipulation" Navigation="null" OriginId="org.eclipse.mylyn.core.model.interest.decay.correction" StartDate="2014-11-27 12:04:27.647 JST" StructureHandle="=CutPlanner_A/src&amp;lt;cp.utils{Methods.java" StructureKind="java"/><InteractionEvent Delta="null" EndDate="2014-11-29 19:07:21.547 JST" Interest="12.534" Kind="propagation" Navigation="org.eclipse.mylyn.core.model.edges.containment" OriginId="org.eclipse.mylyn.core.model.interest.propagation" StartDate="2014-11-27 12:04:28.436 JST" StructureHandle="=CutPlanner_A/src&amp;lt;cp.utils{Methods.java" StructureKind="java" NumEvents="20" CreationCount="203"/><InteractionEvent Delta="null" EndDate="2014-11-27 11:56:45.466 JST" Interest="2.0" Kind="prediction" Navigation="null" OriginId="org.eclipse.mylyn.resources.ui.interest.updater" StartDate="2014-11-27 11:46:17.285 JST" StructureHandle="=CutPlanner_A/src&amp;lt;cp.utils{Methods.java" StructureKind="java" NumEvents="2" CreationCount="203"/><InteractionEvent Delta="null" EndDate="2014-11-27 11:57:44.23 JST" Interest="5.182" Kind="propagation" Navigation="org.eclipse.mylyn.core.model.edges.containment" OriginId="org.eclipse.mylyn.core.model.interest.propagation" StartDate="2014-11-27 11:21:26.372 JST" StructureHandle="/CutPlanner_A/bin" StructureKind="resource" NumEvents="4" CreationCount="27"/><InteractionEvent Delta="null" EndDate="2014-11-27 11:56:46.726 JST" Interest="9.0" Kind="selection" Navigation="null" OriginId="org.eclipse.jdt.ui.PackageExplorer" StartDate="2014-11-27 11:18:55.830 JST" StructureHandle="=CutPlanner_A/src" StructureKind="java" NumEvents="9" CreationCount="7"/><InteractionEvent Delta="null" EndDate="2014-11-30 09:58:11.911 JST" Interest="147.152" Kind="propagation" Navigation="org.eclipse.mylyn.core.model.edges.containment" OriginId="org.eclipse.mylyn.core.model.interest.propagation" StartDate="2014-11-27 11:19:01.63 JST" StructureHandle="=CutPlanner_A/src" StructureKind="java" NumEvents="223" CreationCount="7"/><InteractionEvent Delta="null" EndDate="2014-11-29 19:11:33.480 JST" Interest="1.0" Kind="selection" Navigation="null" OriginId="org.eclipse.ui.views.ResourceNavigator" StartDate="2014-11-29 19:11:33.480 JST" StructureHandle="=BluetoothSample/src&amp;lt;org.japan.techbooster.sample.BlueTooth" StructureKind="java"/><InteractionEvent Delta="null" EndDate="2014-11-29 20:24:12.554 JST" Interest="8.055" Kind="propagation" Navigation="org.eclipse.mylyn.core.model.edges.containment" OriginId="org.eclipse.mylyn.core.model.interest.propagation" StartDate="2014-11-29 19:11:33.549 JST" StructureHandle="=BluetoothSample/src&amp;lt;org.japan.techbooster.sample.BlueTooth" StructureKind="java" NumEvents="13" CreationCount="749"/><InteractionEvent Delta="null" EndDate="2014-11-29 19:15:49.608 JST" Interest="7.8" Kind="propagation" Navigation="org.eclipse.mylyn.core.model.edges.containment" OriginId="org.eclipse.mylyn.core.model.interest.propagation" StartDate="2014-11-29 19:11:54.245 JST" StructureHandle="=BluetoothSample/src&amp;lt;org.japan.techbooster.sample.BlueTooth{DeviceListActivity.java[DeviceListActivity" StructureKind="java" NumEvents="9" CreationCount="764"/><InteractionEvent Delta="null" EndDate="2014-11-29 19:11:33.548 JST" Interest="1.0" Kind="selection" Navigation="null" OriginId="org.eclipse.ui.views.ResourceNavigator" StartDate="2014-11-29 19:11:33.548 JST" StructureHandle="=BluetoothSample/src&amp;lt;org.japan.techbooster.sample.BlueTooth{BluetoothClientThread.java" StructureKind="java"/><InteractionEvent Delta="null" EndDate="2014-11-29 19:08:13.654 JST" Interest="3.3690004" Kind="manipulation" Navigation="null" OriginId="org.eclipse.mylyn.core.model.interest.decay.correction" StartDate="2014-11-29 19:08:13.654 JST" StructureHandle="/CutPlanner_A/src/cp/main/BluetoothServerThread.java" StructureKind="resource"/><InteractionEvent Delta="null" EndDate="2014-11-30 12:29:28.930 JST" Interest="257.0" Kind="propagation" Navigation="null" OriginId="org.eclipse.jdt.ui.CompilationUnitEditor" StartDate="2014-11-27 11:50:17.378 JST" StructureHandle="/CutPlanner_A/src/cp/main/BluetoothServerThread.java" StructureKind="resource" NumEvents="257" CreationCount="299"/><InteractionEvent Delta="null" EndDate="2014-11-29 19:11:33.414 JST" Interest="1.0" Kind="selection" Navigation="null" OriginId="org.eclipse.ui.views.ResourceNavigator" StartDate="2014-11-29 19:11:33.414 JST" StructureHandle="=BluetoothSample/src&amp;lt;org.japan.techbooster.sample" StructureKind="java"/><InteractionEvent Delta="null" EndDate="2014-11-29 19:11:49.874 JST" Interest="11.9" Kind="propagation" Navigation="org.eclipse.mylyn.core.model.edges.containment" OriginId="org.eclipse.mylyn.core.model.interest.propagation" StartDate="2014-11-27 12:06:45.809 JST" StructureHandle="=CutPlanner_A/src&amp;lt;cp.utils{CONS.java[CONS" StructureKind="java" NumEvents="15" CreationCount="497"/><InteractionEvent Delta="null" EndDate="2014-11-29 19:15:49.607 JST" Interest="4.0" Kind="edit" Navigation="null" OriginId="org.eclipse.jdt.ui.CompilationUnitEditor" StartDate="2014-11-29 19:12:03.851 JST" StructureHandle="=BluetoothSample/src&amp;lt;org.japan.techbooster.sample.BlueTooth{DeviceListActivity.java[DeviceListActivity~onResume" StructureKind="java" NumEvents="4" CreationCount="764"/><InteractionEvent Delta="null" EndDate="2014-11-29 19:12:47.357 JST" Interest="5.0" Kind="selection" Navigation="null" OriginId="org.eclipse.jdt.ui.CompilationUnitEditor" StartDate="2014-11-29 19:11:54.243 JST" StructureHandle="=BluetoothSample/src&amp;lt;org.japan.techbooster.sample.BlueTooth{DeviceListActivity.java[DeviceListActivity~onResume" StructureKind="java" NumEvents="5" CreationCount="764"/><InteractionEvent Delta="null" EndDate="2014-11-27 12:02:30.62 JST" Interest="3.0" Kind="edit" Navigation="null" OriginId="org.eclipse.jdt.ui.CompilationUnitEditor" StartDate="2014-11-27 11:55:41.46 JST" StructureHandle="=CutPlanner_A/src&amp;lt;cp.main{DeviceListActv.java[DeviceListActv" StructureKind="java" NumEvents="3" CreationCount="11"/><InteractionEvent Delta="null" EndDate="2014-11-29 19:04:52.917 JST" Interest="7.0" Kind="selection" Navigation="null" OriginId="org.eclipse.jdt.ui.PackageExplorer" StartDate="2014-11-27 11:19:34.313 JST" StructureHandle="=CutPlanner_A/src&amp;lt;cp.main{DeviceListActv.java[DeviceListActv" StructureKind="java" NumEvents="7" CreationCount="11"/><InteractionEvent Delta="null" EndDate="2014-11-27 12:07:36.450 JST" Interest="105.807" Kind="propagation" Navigation="org.eclipse.mylyn.core.model.edges.containment" OriginId="org.eclipse.mylyn.core.model.interest.propagation" StartDate="2014-11-27 11:19:06.97 JST" StructureHandle="=CutPlanner_A/src&amp;lt;cp.main{DeviceListActv.java[DeviceListActv" StructureKind="java" NumEvents="155" CreationCount="11"/><InteractionEvent Delta="null" EndDate="2014-11-27 12:06:44.748 JST" Interest="2.9810004" Kind="manipulation" Navigation="null" OriginId="org.eclipse.mylyn.core.model.interest.decay.correction" StartDate="2014-11-27 12:06:44.748 JST" StructureHandle="/CutPlanner_A/src/cp/utils/CONS.java" StructureKind="resource"/><InteractionEvent Delta="null" EndDate="2014-11-29 19:11:49.874 JST" Interest="32.0" Kind="propagation" Navigation="null" OriginId="org.eclipse.jdt.ui.CompilationUnitEditor" StartDate="2014-11-27 11:46:17.287 JST" StructureHandle="/CutPlanner_A/src/cp/utils/CONS.java" StructureKind="resource" NumEvents="32" CreationCount="460"/><InteractionEvent Delta="null" EndDate="2014-11-29 19:16:00.191 JST" Interest="13.883" Kind="propagation" Navigation="org.eclipse.mylyn.core.model.edges.containment" OriginId="org.eclipse.mylyn.core.model.interest.propagation" StartDate="2014-11-27 11:37:29.690 JST" StructureHandle="=CutPlanner_A/src&amp;lt;cp.main{DeviceListActv.java#" StructureKind="java" NumEvents="9" CreationCount="111"/><InteractionEvent Delta="null" EndDate="2014-11-27 11:50:34.280 JST" Interest="2.0" Kind="selection" Navigation="null" OriginId="org.eclipse.jdt.ui.CompilationUnitEditor" StartDate="2014-11-27 11:50:21.917 JST" StructureHandle="=CutPlanner_A/src&amp;lt;cp.main{DeviceListActv.java#cp.listeners.view.V_OTL" StructureKind="java" NumEvents="2" CreationCount="215"/><InteractionEvent Delta="null" EndDate="2014-11-29 19:11:33.348 JST" Interest="1.0" Kind="selection" Navigation="null" OriginId="org.eclipse.ui.views.ResourceNavigator" StartDate="2014-11-29 19:11:33.348 JST" StructureHandle="=BluetoothSample/src&amp;lt;org.japan.techbooster" StructureKind="java"/><InteractionEvent Delta="null" EndDate="2014-11-29 19:07:40.859 JST" Interest="6.0" Kind="edit" Navigation="null" OriginId="org.eclipse.jdt.ui.CompilationUnitEditor" StartDate="2014-11-27 12:06:47.127 JST" StructureHandle="=CutPlanner_A/src&amp;lt;cp.utils{CONS.java[CONS[BT^registered" StructureKind="java" NumEvents="6" CreationCount="497"/><InteractionEvent Delta="null" EndDate="2014-11-29 19:11:03.459 JST" Interest="4.0" Kind="selection" Navigation="null" OriginId="org.eclipse.jdt.ui.CompilationUnitEditor" StartDate="2014-11-27 12:06:45.809 JST" StructureHandle="=CutPlanner_A/src&amp;lt;cp.utils{CONS.java[CONS[BT^registered" StructureKind="java" NumEvents="4" CreationCount="497"/><InteractionEvent Delta="null" EndDate="2014-11-29 19:11:32.603 JST" Interest="1.0" Kind="selection" Navigation="null" OriginId="org.eclipse.ui.views.ResourceNavigator" StartDate="2014-11-29 19:11:32.603 JST" StructureHandle="=BluetoothSample/src&amp;lt;org.japan" StructureKind="java"/><InteractionEvent Delta="null" EndDate="2014-11-29 20:24:12.553 JST" Interest="18.067999" Kind="propagation" Navigation="org.eclipse.mylyn.core.model.edges.containment" OriginId="org.eclipse.mylyn.core.model.interest.propagation" StartDate="2014-11-29 19:11:33.348 JST" StructureHandle="/BluetoothSample/src/org/japan/techbooster" StructureKind="resource" NumEvents="22" CreationCount="747"/><InteractionEvent Delta="null" EndDate="2014-11-29 19:05:02.416 JST" Interest="1.0" Kind="selection" Navigation="null" OriginId="org.eclipse.jdt.ui.PackageExplorer" StartDate="2014-11-29 19:05:02.416 JST" StructureHandle="=CutPlanner_A/src&amp;lt;cp.listeners.button{BO_CL.java[BO_CL" StructureKind="java"/><InteractionEvent Delta="null" EndDate="2014-11-29 19:12:05.320 JST" Interest="5.508" Kind="propagation" Navigation="org.eclipse.mylyn.core.model.edges.containment" OriginId="org.eclipse.mylyn.core.model.interest.propagation" StartDate="2014-11-27 12:04:15.117 JST" StructureHandle="=CutPlanner_A/src&amp;lt;cp.listeners.button{BO_CL.java[BO_CL" StructureKind="java" NumEvents="9" CreationCount="444"/><InteractionEvent Delta="null" EndDate="2014-11-29 22:21:47.714 JST" Interest="1091.0" Kind="propagation" Navigation="null" OriginId="org.eclipse.jdt.ui.CompilationUnitEditor" StartDate="2014-11-27 11:18:27.764 JST" StructureHandle="/CutPlanner_A" StructureKind="resource" NumEvents="1091" CreationCount="6"/><InteractionEvent Delta="null" EndDate="2014-11-29 19:31:22.175 JST" Interest="18.0" Kind="prediction" Navigation="null" OriginId="org.eclipse.mylyn.resources.ui.interest.updater" StartDate="2014-11-27 11:21:26.372 JST" StructureHandle="/CutPlanner_A/bin/classes.dex" StructureKind="resource" NumEvents="18" CreationCount="27"/><InteractionEvent Delta="null" EndDate="2014-11-29 19:12:06.662 JST" Interest="187.0" Kind="propagation" Navigation="null" OriginId="org.eclipse.jdt.ui.CompilationUnitEditor" StartDate="2014-11-27 11:25:35.202 JST" StructureHandle="/CutPlanner_A/src/cp/utils" StructureKind="resource" NumEvents="187" CreationCount="36"/><InteractionEvent Delta="null" EndDate="2014-11-29 19:16:42.169 JST" Interest="28.0" Kind="edit" Navigation="null" OriginId="org.eclipse.jdt.ui.CompilationUnitEditor" StartDate="2014-11-27 11:41:30.344 JST" StructureHandle="=CutPlanner_A/src&amp;lt;cp.main{DeviceListActv.java[DeviceListActv^DevieFoundReceiver[~onReceive~QContext;~QIntent;[~onItemClick~QAdapterView\&amp;lt;*&amp;gt;;~QView;~I~J" StructureKind="java" NumEvents="28" CreationCount="147"/><InteractionEvent Delta="null" EndDate="2014-11-29 19:16:42.155 JST" Interest="11.0" Kind="selection" Navigation="null" OriginId="org.eclipse.jdt.ui.CompilationUnitEditor" StartDate="2014-11-27 11:41:08.379 JST" StructureHandle="=CutPlanner_A/src&amp;lt;cp.main{DeviceListActv.java[DeviceListActv^DevieFoundReceiver[~onReceive~QContext;~QIntent;[~onItemClick~QAdapterView\&amp;lt;*&amp;gt;;~QView;~I~J" StructureKind="java" NumEvents="11" CreationCount="147"/><InteractionEvent Delta="null" EndDate="2014-11-29 19:11:25.575 JST" Interest="6.0" Kind="selection" Navigation="null" OriginId="org.eclipse.ui.views.ResourceNavigator" StartDate="2014-11-27 11:18:27.764 JST" StructureHandle="=CutPlanner_A" StructureKind="java" NumEvents="6" CreationCount="6"/><InteractionEvent Delta="null" EndDate="2014-11-30 12:29:28.930 JST" Interest="1056.051" Kind="propagation" Navigation="org.eclipse.mylyn.core.model.edges.containment" OriginId="org.eclipse.mylyn.core.model.interest.propagation" StartDate="2014-11-27 11:18:55.830 JST" StructureHandle="=CutPlanner_A" StructureKind="resource" NumEvents="1062" CreationCount="6"/><InteractionEvent Delta="null" EndDate="2014-11-29 19:11:23.178 JST" Interest="3.0" Kind="selection" Navigation="null" OriginId="org.eclipse.ui.views.ResourceNavigator" StartDate="2014-11-27 11:18:23.347 JST" StructureHandle="=freemind_1.0.1" StructureKind="java" NumEvents="3" CreationCount="1"/><InteractionEvent Delta="null" EndDate="2014-11-29 19:11:23.178 JST" Interest="7.5630007" Kind="manipulation" Navigation="null" OriginId="org.eclipse.mylyn.core.model.interest.decay.correction" StartDate="2014-11-29 19:11:23.178 JST" StructureHandle="=freemind_1.0.1" StructureKind="java"/><InteractionEvent Delta="null" EndDate="2014-11-27 11:18:23.339 JST" Interest="3.0" Kind="propagation" Navigation="org.eclipse.mylyn.core.model.edges.containment" OriginId="org.eclipse.mylyn.core.model.interest.propagation" StartDate="2014-11-27 11:18:23.217 JST" StructureHandle="=freemind_1.0.1" StructureKind="java" NumEvents="3" CreationCount="1"/><InteractionEvent Delta="null" EndDate="2014-11-27 12:04:15.117 JST" Interest="1.0" Kind="selection" Navigation="null" OriginId="org.eclipse.jdt.ui.CompilationUnitEditor" StartDate="2014-11-27 12:04:15.117 JST" StructureHandle="=CutPlanner_A/src&amp;lt;cp.listeners.button{BO_CL.java[BO_CL~BO_CL~QActivity;~QBroadcastReceiver;" StructureKind="java"/><InteractionEvent Delta="null" EndDate="2014-11-27 11:57:27.970 JST" Interest="2.0" Kind="edit" Navigation="null" OriginId="org.eclipse.jdt.ui.CompilationUnitEditor" StartDate="2014-11-27 11:56:41.350 JST" StructureHandle="=CutPlanner_A/src&amp;lt;cp.utils{BluetoothClientThread.java" StructureKind="java" NumEvents="2" CreationCount="36"/><InteractionEvent Delta="null" EndDate="2014-11-29 19:08:02.825 JST" Interest="13.0" Kind="selection" Navigation="null" OriginId="org.eclipse.jdt.ui.CompilationUnitEditor" StartDate="2014-11-27 11:25:35.202 JST" StructureHandle="=CutPlanner_A/src&amp;lt;cp.utils{BluetoothClientThread.java" StructureKind="java" NumEvents="13" CreationCount="36"/><InteractionEvent Delta="null" EndDate="2014-11-29 19:08:03.528 JST" Interest="24.334" Kind="propagation" Navigation="org.eclipse.mylyn.core.model.edges.containment" OriginId="org.eclipse.mylyn.core.model.interest.propagation" StartDate="2014-11-27 11:25:36.425 JST" StructureHandle="=CutPlanner_A/src&amp;lt;cp.utils{BluetoothClientThread.java" StructureKind="java" NumEvents="39" CreationCount="36"/><InteractionEvent Delta="null" EndDate="2014-11-27 11:18:23.338 JST" Interest="3.0" Kind="selection" Navigation="null" OriginId="org.eclipse.ui.views.ResourceNavigator" StartDate="2014-11-27 11:18:23.216 JST" StructureHandle="/freemind_1.0.1/freemind" StructureKind="resource" NumEvents="3" CreationCount="1"/><InteractionEvent Delta="null" EndDate="2014-11-29 19:12:05.214 JST" Interest="6.0" Kind="selection" Navigation="null" OriginId="org.eclipse.jdt.ui.CompilationUnitEditor" StartDate="2014-11-27 12:04:14.367 JST" StructureHandle="=CutPlanner_A/src&amp;lt;cp.listeners.button{BO_CL.java" StructureKind="java" NumEvents="6" CreationCount="443"/><InteractionEvent Delta="null" EndDate="2014-11-29 19:05:02.418 JST" Interest="3.0600002" Kind="propagation" Navigation="org.eclipse.mylyn.core.model.edges.containment" OriginId="org.eclipse.mylyn.core.model.interest.propagation" StartDate="2014-11-27 12:04:15.118 JST" StructureHandle="=CutPlanner_A/src&amp;lt;cp.listeners.button{BO_CL.java" StructureKind="java" NumEvents="8" CreationCount="443"/><InteractionEvent Delta="null" EndDate="2014-11-27 12:07:36.449 JST" Interest="140.0" Kind="edit" Navigation="null" OriginId="org.eclipse.jdt.ui.CompilationUnitEditor" StartDate="2014-11-27 11:43:19.176 JST" StructureHandle="=CutPlanner_A/src&amp;lt;cp.main{DeviceListActv.java[DeviceListActv~onDestroy" StructureKind="java" NumEvents="140" CreationCount="182"/><InteractionEvent Delta="null" EndDate="2014-11-27 12:06:59.819 JST" Interest="13.0" Kind="selection" Navigation="null" OriginId="org.eclipse.jdt.ui.CompilationUnitEditor" StartDate="2014-11-27 11:43:13.926 JST" StructureHandle="=CutPlanner_A/src&amp;lt;cp.main{DeviceListActv.java[DeviceListActv~onDestroy" StructureKind="java" NumEvents="13" CreationCount="182"/><InteractionEvent Delta="null" EndDate="2014-11-29 19:08:09.174 JST" Interest="2.0" Kind="selection" Navigation="null" OriginId="org.eclipse.jdt.ui.PackageExplorer" StartDate="2014-11-29 19:05:07.722 JST" StructureHandle="/CutPlanner_A/res/layout" StructureKind="resource" NumEvents="2" CreationCount="627"/><InteractionEvent Delta="null" EndDate="2014-11-29 19:07:38.287 JST" Interest="3.0170002" Kind="propagation" Navigation="org.eclipse.mylyn.core.model.edges.containment" OriginId="org.eclipse.mylyn.core.model.interest.propagation" StartDate="2014-11-29 19:05:09.966 JST" StructureHandle="/CutPlanner_A/res/layout" StructureKind="resource" NumEvents="4" CreationCount="627"/><InteractionEvent Delta="null" EndDate="2014-11-29 19:11:27.425 JST" Interest="1.0" Kind="selection" Navigation="null" OriginId="org.eclipse.ui.views.ResourceNavigator" StartDate="2014-11-29 19:11:27.425 JST" StructureHandle="=BluetoothSample" StructureKind="java"/><InteractionEvent Delta="null" EndDate="2014-11-29 20:24:12.554 JST" Interest="17.136" Kind="propagation" Navigation="org.eclipse.mylyn.core.model.edges.containment" OriginId="org.eclipse.mylyn.core.model.interest.propagation" StartDate="2014-11-29 19:11:30.982 JST" StructureHandle="=BluetoothSample" StructureKind="resource" NumEvents="25" CreationCount="743"/><InteractionEvent Delta="null" EndDate="2014-11-29 20:24:13.781 JST" Interest="3.0" Kind="edit" Navigation="null" OriginId="org.eclipse.jdt.ui.CompilationUnitEditor" StartDate="2014-11-29 19:18:23.844 JST" StructureHandle="=CutPlanner_A/src&amp;lt;cp.main{BluetoothServerThread.java[BluetoothServerThread" StructureKind="java" NumEvents="3" CreationCount="689"/><InteractionEvent Delta="null" EndDate="2014-11-29 20:23:47.53 JST" Interest="3.0" Kind="selection" Navigation="null" OriginId="org.eclipse.jdt.ui.CompilationUnitEditor" StartDate="2014-11-29 19:17:44.442 JST" StructureHandle="=CutPlanner_A/src&amp;lt;cp.main{BluetoothServerThread.java[BluetoothServerThread" StructureKind="java" NumEvents="3" CreationCount="689"/><InteractionEvent Delta="null" EndDate="2014-11-29 20:23:23.979 JST" Interest="137.458" Kind="propagation" Navigation="org.eclipse.mylyn.core.model.edges.containment" OriginId="org.eclipse.mylyn.core.model.interest.propagation" StartDate="2014-11-29 19:08:16.163 JST" StructureHandle="=CutPlanner_A/src&amp;lt;cp.main{BluetoothServerThread.java[BluetoothServerThread" StructureKind="java" NumEvents="194" CreationCount="689"/><InteractionEvent Delta="null" EndDate="2014-11-29 19:07:45.384 JST" Interest="24.0" Kind="edit" Navigation="null" OriginId="org.eclipse.jdt.ui.CompilationUnitEditor" StartDate="2014-11-27 11:35:49.652 JST" StructureHandle="=CutPlanner_A/src&amp;lt;cp.main{DeviceListActv.java[DeviceListActv^DevieFoundReceiver[~onReceive~QContext;~QIntent;" StructureKind="java" NumEvents="24" CreationCount="85"/><InteractionEvent Delta="null" EndDate="2014-11-29 19:07:42.421 JST" Interest="8.0" Kind="selection" Navigation="null" OriginId="org.eclipse.jdt.ui.CompilationUnitEditor" StartDate="2014-11-27 11:35:05.144 JST" StructureHandle="=CutPlanner_A/src&amp;lt;cp.main{DeviceListActv.java[DeviceListActv^DevieFoundReceiver[~onReceive~QContext;~QIntent;" StructureKind="java" NumEvents="8" CreationCount="85"/><InteractionEvent Delta="null" EndDate="2014-11-27 12:02:09.622 JST" Interest="8.853999" Kind="propagation" Navigation="org.eclipse.mylyn.core.model.edges.containment" OriginId="org.eclipse.mylyn.core.model.interest.propagation" StartDate="2014-11-27 11:43:13.182 JST" StructureHandle="=CutPlanner_A/src&amp;lt;cp.main{DeviceListActv.java[DeviceListActv^DevieFoundReceiver[~onReceive~QContext;~QIntent;" StructureKind="java" NumEvents="11" CreationCount="85"/><InteractionEvent Delta="null" EndDate="2014-11-27 11:50:58.134 JST" Interest="8.0" Kind="edit" Navigation="null" OriginId="org.eclipse.jdt.ui.CompilationUnitEditor" StartDate="2014-11-27 11:19:37.626 JST" StructureHandle="=CutPlanner_A/src&amp;lt;cp.main{DeviceListActv.java[DeviceListActv~onCreate~QBundle;" StructureKind="java" NumEvents="8" CreationCount="12"/><InteractionEvent Delta="null" EndDate="2014-11-27 11:50:58.127 JST" Interest="7.0" Kind="selection" Navigation="null" OriginId="org.eclipse.jdt.ui.CompilationUnitEditor" StartDate="2014-11-27 11:19:08.276 JST" StructureHandle="=CutPlanner_A/src&amp;lt;cp.main{DeviceListActv.java[DeviceListActv~onCreate~QBundle;" StructureKind="java" NumEvents="7" CreationCount="12"/><InteractionEvent Delta="null" EndDate="2014-11-27 11:41:05.383 JST" Interest="25.301998" Kind="propagation" Navigation="org.eclipse.mylyn.core.model.edges.containment" OriginId="org.eclipse.mylyn.core.model.interest.propagation" StartDate="2014-11-27 11:20:02.72 JST" StructureHandle="=CutPlanner_A/src&amp;lt;cp.main{DeviceListActv.java[DeviceListActv~onCreate~QBundle;" StructureKind="java" NumEvents="36" CreationCount="12"/><InteractionEvent Delta="null" EndDate="2014-11-29 19:07:20.584 JST" Interest="1.0" Kind="selection" Navigation="null" OriginId="org.eclipse.jdt.ui.CompilationUnitEditor" StartDate="2014-11-29 19:07:20.584 JST" StructureHandle="=CutPlanner_A/src&amp;lt;cp.utils{Methods.java[Methods" StructureKind="java"/><InteractionEvent Delta="null" EndDate="2014-11-29 19:07:19.868 JST" Interest="16.5" Kind="propagation" Navigation="org.eclipse.mylyn.core.model.edges.containment" OriginId="org.eclipse.mylyn.core.model.interest.propagation" StartDate="2014-11-27 12:04:28.435 JST" StructureHandle="=CutPlanner_A/src&amp;lt;cp.utils{Methods.java[Methods" StructureKind="java" NumEvents="21" CreationCount="451"/><InteractionEvent Delta="null" EndDate="2014-11-29 19:12:06.661 JST" Interest="20.068" Kind="propagation" Navigation="org.eclipse.mylyn.core.model.edges.containment" OriginId="org.eclipse.mylyn.core.model.interest.propagation" StartDate="2014-11-27 11:26:28.946 JST" StructureHandle="=CutPlanner_A/src&amp;lt;cp.utils{ReadWriteModel.java[ReadWriteModel" StructureKind="java" NumEvents="26" CreationCount="43"/><InteractionEvent Delta="null" EndDate="2014-11-27 11:56:16.423 JST" Interest="1.0" Kind="prediction" Navigation="null" OriginId="org.eclipse.mylyn.resources.ui.interest.updater" StartDate="2014-11-27 11:56:16.423 JST" StructureHandle="/CutPlanner_A/bin/AndroidManifest.xml" StructureKind="resource"/><InteractionEvent Delta="null" EndDate="2014-11-27 11:50:17.380 JST" Interest="1.0" Kind="propagation" Navigation="null" OriginId="org.eclipse.mylyn.resources.ui.interest.updater" StartDate="2014-11-27 11:50:17.380 JST" StructureHandle="/CutPlanner_A/src/cp/main/ReadWriteModel.java" StructureKind="resource"/><InteractionEvent Delta="null" EndDate="2014-11-27 11:34:59.632 JST" Interest="1.0" Kind="selection" Navigation="null" OriginId="org.eclipse.jdt.ui.PackageExplorer" StartDate="2014-11-27 11:34:59.632 JST" StructureHandle="=CutPlanner_A/src&amp;lt;cp.main{StreamActivity.java" StructureKind="java"/><InteractionEvent Delta="null" EndDate="2014-11-29 20:23:23.979 JST" Interest="187.0" Kind="edit" Navigation="null" OriginId="org.eclipse.jdt.ui.CompilationUnitEditor" StartDate="2014-11-29 19:17:36.171 JST" StructureHandle="=CutPlanner_A/src&amp;lt;cp.main{BluetoothServerThread.java[BluetoothServerThread~run" StructureKind="java" NumEvents="187" CreationCount="693"/><InteractionEvent Delta="null" EndDate="2014-11-29 19:26:18.291 JST" Interest="8.0" Kind="selection" Navigation="null" OriginId="org.eclipse.jdt.ui.CompilationUnitEditor" StartDate="2014-11-29 19:08:27.4 JST" StructureHandle="=CutPlanner_A/src&amp;lt;cp.main{BluetoothServerThread.java[BluetoothServerThread~run" StructureKind="java" NumEvents="8" CreationCount="693"/><InteractionEvent Delta="null" EndDate="2014-11-29 19:17:31.462 JST" Interest="1.8900001" Kind="manipulation" Navigation="null" OriginId="org.eclipse.mylyn.core.model.interest.decay.correction" StartDate="2014-11-29 19:17:31.462 JST" StructureHandle="=CutPlanner_A/src&amp;lt;cp.main{BluetoothServerThread.java[BluetoothServerThread~run" StructureKind="java"/><InteractionEvent Delta="null" EndDate="2014-11-29 19:17:13.567 JST" Interest="3.0" Kind="edit" Navigation="null" OriginId="org.eclipse.jdt.ui.CompilationUnitEditor" StartDate="2014-11-29 19:17:04.706 JST" StructureHandle="=CutPlanner_A/src&amp;lt;cp.main{MainActv.java[MainActv~_Bluetooth" StructureKind="java" NumEvents="3" CreationCount="857"/><InteractionEvent Delta="null" EndDate="2014-11-29 19:17:02.690 JST" Interest="1.0" Kind="selection" Navigation="null" OriginId="org.eclipse.jdt.ui.CompilationUnitEditor" StartDate="2014-11-29 19:17:02.690 JST" StructureHandle="=CutPlanner_A/src&amp;lt;cp.main{MainActv.java[MainActv~_Bluetooth" StructureKind="java"/><InteractionEvent Delta="null" EndDate="2014-11-29 19:11:21.769 JST" Interest="1.0" Kind="selection" Navigation="null" OriginId="org.eclipse.jdt.ui.PackageExplorer" StartDate="2014-11-29 19:11:21.769 JST" StructureHandle="=CutPlanner_A/src&amp;lt;cp.listeners.button" StructureKind="java"/><InteractionEvent Delta="null" EndDate="2014-11-29 19:07:35.470 JST" Interest="8.06" Kind="propagation" Navigation="org.eclipse.mylyn.core.model.edges.containment" OriginId="org.eclipse.mylyn.core.model.interest.propagation" StartDate="2014-11-27 12:04:14.367 JST" StructureHandle="=CutPlanner_A/src&amp;lt;cp.listeners.button" StructureKind="java" NumEvents="15" CreationCount="443"/><InteractionEvent Delta="null" EndDate="2014-11-29 19:06:38.476 JST" Interest="2.0" Kind="prediction" Navigation="null" OriginId="org.eclipse.mylyn.resources.ui.interest.updater" StartDate="2014-11-27 11:57:44.22 JST" StructureHandle="/CutPlanner_A/bin/resources.ap_" StructureKind="resource" NumEvents="2" CreationCount="314"/><InteractionEvent Delta="null" EndDate="2014-11-27 11:50:17.378 JST" Interest="1.0" Kind="propagation" Navigation="null" OriginId="org.eclipse.mylyn.resources.ui.interest.updater" StartDate="2014-11-27 11:50:17.378 JST" StructureHandle="=CutPlanner_A/src&amp;lt;cp.main{ReadWriteModel.java" StructureKind="java"/><InteractionEvent Delta="null" EndDate="2014-11-29 20:24:12.553 JST" Interest="18.050999" Kind="propagation" Navigation="org.eclipse.mylyn.core.model.edges.containment" OriginId="org.eclipse.mylyn.core.model.interest.propagation" StartDate="2014-11-29 19:11:33.414 JST" StructureHandle="/BluetoothSample/src/org/japan/techbooster/sample" StructureKind="resource" NumEvents="21" CreationCount="748"/><InteractionEvent Delta="null" EndDate="2014-11-29 19:16:41.406 JST" Interest="68.0" Kind="edit" Navigation="null" OriginId="org.eclipse.jdt.ui.CompilationUnitEditor" StartDate="2014-11-27 12:02:24.845 JST" StructureHandle="=CutPlanner_A/src&amp;lt;cp.main{DeviceListActv.java[DeviceListActv~onOptionsItemSelected~QMenuItem;" StructureKind="java" NumEvents="68" CreationCount="350"/><InteractionEvent Delta="null" EndDate="2014-11-29 19:16:39.378 JST" Interest="5.0" Kind="selection" Navigation="null" OriginId="org.eclipse.jdt.ui.CompilationUnitEditor" StartDate="2014-11-27 12:02:24.834 JST" StructureHandle="=CutPlanner_A/src&amp;lt;cp.main{DeviceListActv.java[DeviceListActv~onOptionsItemSelected~QMenuItem;" StructureKind="java" NumEvents="5" CreationCount="350"/><InteractionEvent Delta="null" EndDate="2014-11-29 19:07:35.468 JST" Interest="2.0" Kind="edit" Navigation="null" OriginId="org.eclipse.jdt.ui.CompilationUnitEditor" StartDate="2014-11-27 12:04:19.903 JST" StructureHandle="=CutPlanner_A/src&amp;lt;cp.listeners.button{BO_CL.java[BO_CL~case_ACTV_DEVLIST_BT_OPTIONS" StructureKind="java" NumEvents="2" CreationCount="447"/><InteractionEvent Delta="null" EndDate="2014-11-29 19:12:05.320 JST" Interest="5.0" Kind="selection" Navigation="null" OriginId="org.eclipse.jdt.ui.CompilationUnitEditor" StartDate="2014-11-27 12:04:18.785 JST" StructureHandle="=CutPlanner_A/src&amp;lt;cp.listeners.button{BO_CL.java[BO_CL~case_ACTV_DEVLIST_BT_OPTIONS" StructureKind="java" NumEvents="5" CreationCount="447"/><InteractionEvent Delta="null" EndDate="2014-11-29 19:12:05.320 JST" Interest="0.05700016" Kind="manipulation" Navigation="null" OriginId="org.eclipse.mylyn.core.model.interest.decay.correction" StartDate="2014-11-29 19:12:05.320 JST" StructureHandle="=CutPlanner_A/src&amp;lt;cp.listeners.button{BO_CL.java[BO_CL~case_ACTV_DEVLIST_BT_OPTIONS" StructureKind="java"/><InteractionEvent Delta="null" EndDate="2014-11-27 11:42:26.238 JST" Interest="3.0" Kind="edit" Navigation="null" OriginId="org.eclipse.jdt.ui.CompilationUnitEditor" StartDate="2014-11-27 11:42:12.740 JST" StructureHandle="=CutPlanner_A/src&amp;lt;cp.main{DeviceListActv.java[DeviceListActv^DevieFoundReceiver" StructureKind="java" NumEvents="3" CreationCount="85"/><InteractionEvent Delta="null" EndDate="2014-11-27 11:42:08.635 JST" Interest="2.0" Kind="selection" Navigation="null" OriginId="org.eclipse.jdt.ui.CompilationUnitEditor" StartDate="2014-11-27 11:41:31.339 JST" StructureHandle="=CutPlanner_A/src&amp;lt;cp.main{DeviceListActv.java[DeviceListActv^DevieFoundReceiver" StructureKind="java" NumEvents="2" CreationCount="85"/><InteractionEvent Delta="null" EndDate="2014-11-29 19:07:51.902 JST" Interest="29.554" Kind="propagation" Navigation="org.eclipse.mylyn.core.model.edges.containment" OriginId="org.eclipse.mylyn.core.model.interest.propagation" StartDate="2014-11-27 11:35:05.144 JST" StructureHandle="=CutPlanner_A/src&amp;lt;cp.main{DeviceListActv.java[DeviceListActv^DevieFoundReceiver" StructureKind="java" NumEvents="39" CreationCount="85"/><InteractionEvent Delta="null" EndDate="2014-11-29 19:17:13.567 JST" Interest="3.1" Kind="propagation" Navigation="org.eclipse.mylyn.core.model.edges.containment" OriginId="org.eclipse.mylyn.core.model.interest.propagation" StartDate="2014-11-29 19:17:02.690 JST" StructureHandle="=CutPlanner_A/src&amp;lt;cp.main{MainActv.java[MainActv" StructureKind="java" NumEvents="4" CreationCount="857"/><InteractionEvent Delta="null" EndDate="2014-11-27 12:00:30.989 JST" Interest="5.0" Kind="edit" Navigation="null" OriginId="org.eclipse.jdt.ui.CompilationUnitEditor" StartDate="2014-11-27 11:59:17.270 JST" StructureHandle="=CutPlanner_A/src&amp;lt;cp.utils{BluetoothClientThread.java[BluetoothClientThread~BluetoothClientThread~QContext;~QString;~QBluetoothDevice;~QBluetoothAdapter;" StructureKind="java" NumEvents="5" CreationCount="37"/><InteractionEvent Delta="null" EndDate="2014-11-27 12:00:29.664 JST" Interest="4.0" Kind="selection" Navigation="null" OriginId="org.eclipse.jdt.ui.CompilationUnitEditor" StartDate="2014-11-27 11:25:36.423 JST" StructureHandle="=CutPlanner_A/src&amp;lt;cp.utils{BluetoothClientThread.java[BluetoothClientThread~BluetoothClientThread~QContext;~QString;~QBluetoothDevice;~QBluetoothAdapter;" StructureKind="java" NumEvents="4" CreationCount="37"/><InteractionEvent Delta="null" EndDate="2014-11-27 11:57:49.796 JST" Interest="3.012" Kind="manipulation" Navigation="null" OriginId="org.eclipse.mylyn.core.model.interest.decay.correction" StartDate="2014-11-27 11:57:49.796 JST" StructureHandle="=CutPlanner_A/src&amp;lt;cp.utils{BluetoothClientThread.java[BluetoothClientThread~BluetoothClientThread~QContext;~QString;~QBluetoothDevice;~QBluetoothAdapter;" StructureKind="java"/><InteractionEvent Delta="null" EndDate="2014-11-29 20:24:12.553 JST" Interest="18.085" Kind="propagation" Navigation="org.eclipse.mylyn.core.model.edges.containment" OriginId="org.eclipse.mylyn.core.model.interest.propagation" StartDate="2014-11-29 19:11:32.604 JST" StructureHandle="/BluetoothSample/src/org/japan" StructureKind="resource" NumEvents="23" CreationCount="746"/><InteractionEvent Delta="null" EndDate="2014-11-29 20:24:12.554 JST" Interest="18.102" Kind="propagation" Navigation="org.eclipse.mylyn.core.model.edges.containment" OriginId="org.eclipse.mylyn.core.model.interest.propagation" StartDate="2014-11-29 19:11:32.102 JST" StructureHandle="/BluetoothSample/src/org" StructureKind="resource" NumEvents="24" CreationCount="745"/><InteractionEvent Delta="null" EndDate="2014-11-29 19:26:14.606 JST" Interest="580.0" Kind="propagation" Navigation="null" OriginId="org.eclipse.jdt.ui.CompilationUnitEditor" StartDate="2014-11-27 11:19:02.349 JST" StructureHandle="/CutPlanner_A/src/cp/main/DeviceListActv.java" StructureKind="resource" NumEvents="580" CreationCount="9"/><InteractionEvent Delta="null" EndDate="2014-11-29 19:06:54.980 JST" Interest="1.0" Kind="selection" Navigation="null" OriginId="org.eclipse.jdt.ui.PackageExplorer" StartDate="2014-11-29 19:06:54.980 JST" StructureHandle="/CutPlanner_A/res/layout/dlg_tmpl_ok_cancel.xml" StructureKind="resource"/><InteractionEvent Delta="null" EndDate="2014-11-27 11:56:45.470 JST" Interest="1.0" Kind="propagation" Navigation="null" OriginId="org.eclipse.mylyn.resources.ui.interest.updater" StartDate="2014-11-27 11:56:45.470 JST" StructureHandle="=CutPlanner_A/src&amp;lt;cp.main{BluetoothClientThread.java" StructureKind="java"/><InteractionEvent Delta="null" EndDate="2014-11-29 20:24:12.553 JST" Interest="18.034" Kind="propagation" Navigation="org.eclipse.mylyn.core.model.edges.containment" OriginId="org.eclipse.mylyn.core.model.interest.propagation" StartDate="2014-11-29 19:11:33.480 JST" StructureHandle="/BluetoothSample/src/org/japan/techbooster/sample/BlueTooth" StructureKind="resource" NumEvents="20" CreationCount="749"/><InteractionEvent Delta="null" EndDate="2014-11-29 19:08:06.691 JST" Interest="78.0" Kind="propagation" Navigation="null" OriginId="org.eclipse.jdt.ui.CompilationUnitEditor" StartDate="2014-11-27 11:25:35.202 JST" StructureHandle="/CutPlanner_A/src/cp/utils/BluetoothClientThread.java" StructureKind="resource" NumEvents="78" CreationCount="36"/><InteractionEvent Delta="null" EndDate="2014-11-29 19:08:09.846 JST" Interest="2.0" Kind="selection" Navigation="null" OriginId="org.eclipse.jdt.ui.PackageExplorer" StartDate="2014-11-29 19:05:05.755 JST" StructureHandle="/CutPlanner_A/res" StructureKind="resource" NumEvents="2" CreationCount="626"/><InteractionEvent Delta="null" EndDate="2014-11-29 19:08:09.177 JST" Interest="4.0340004" Kind="propagation" Navigation="org.eclipse.mylyn.core.model.edges.containment" OriginId="org.eclipse.mylyn.core.model.interest.propagation" StartDate="2014-11-29 19:05:07.722 JST" StructureHandle="/CutPlanner_A/res" StructureKind="resource" NumEvents="6" CreationCount="626"/><InteractionEvent Delta="null" EndDate="2014-11-29 19:05:02.50 JST" Interest="1.0" Kind="selection" Navigation="null" OriginId="org.eclipse.jdt.ui.PackageExplorer" StartDate="2014-11-29 19:05:02.50 JST" StructureHandle="=CutPlanner_A/src&amp;lt;cp.listeners.button{BO_CL.java[BO_CL~BO_CL~QActivity;" StructureKind="java"/><InteractionEvent Delta="null" EndDate="2014-11-27 12:04:27.647 JST" Interest="2.1990004" Kind="manipulation" Navigation="null" OriginId="org.eclipse.mylyn.core.model.interest.decay.correction" StartDate="2014-11-27 12:04:27.647 JST" StructureHandle="/CutPlanner_A/src/cp/utils/Methods.java" StructureKind="resource"/><InteractionEvent Delta="null" EndDate="2014-11-29 19:12:01.797 JST" Interest="32.0" Kind="propagation" Navigation="null" OriginId="org.eclipse.jdt.ui.CompilationUnitEditor" StartDate="2014-11-27 11:46:17.285 JST" StructureHandle="/CutPlanner_A/src/cp/utils/Methods.java" StructureKind="resource" NumEvents="32" CreationCount="369"/><InteractionEvent Delta="null" EndDate="2014-11-29 19:08:08.291 JST" Interest="1.0" Kind="selection" Navigation="null" OriginId="org.eclipse.jdt.ui.PackageExplorer" StartDate="2014-11-29 19:08:08.291 JST" StructureHandle="/CutPlanner_A/res/layout/dlg_tmpl_cancel_lv.xml" StructureKind="resource"/><InteractionEvent Delta="null" EndDate="2014-11-27 11:56:47.882 JST" Interest="1.0" Kind="selection" Navigation="null" OriginId="org.eclipse.jdt.ui.CompilationUnitEditor" StartDate="2014-11-27 11:56:47.882 JST" StructureHandle="=CutPlanner_A/src&amp;lt;cp.utils{BluetoothClientThread.java[BluetoothClientThread^clientSocket" StructureKind="java"/><InteractionEvent Delta="null" EndDate="2014-11-27 12:04:18.228 JST" Interest="1.0" Kind="edit" Navigation="null" OriginId="org.eclipse.jdt.ui.CompilationUnitEditor" StartDate="2014-11-27 12:04:18.228 JST" StructureHandle="=CutPlanner_A/src&amp;lt;cp.listeners.button{BO_CL.java[BO_CL~onClick~QView;" StructureKind="java"/><InteractionEvent Delta="null" EndDate="2014-11-27 12:04:17.148 JST" Interest="1.0" Kind="selection" Navigation="null" OriginId="org.eclipse.jdt.ui.CompilationUnitEditor" StartDate="2014-11-27 12:04:17.148 JST" StructureHandle="=CutPlanner_A/src&amp;lt;cp.listeners.button{BO_CL.java[BO_CL~onClick~QView;" StructureKind="java"/><InteractionEvent Delta="null" EndDate="2014-11-27 11:34:59.633 JST" Interest="1.0" Kind="propagation" Navigation="null" OriginId="org.eclipse.jdt.ui.PackageExplorer" StartDate="2014-11-27 11:34:59.633 JST" StructureHandle="/CutPlanner_A/src/cp/main/StreamActivity.java" StructureKind="resource"/><InteractionEvent Delta="null" EndDate="2014-11-27 11:26:30.780 JST" Interest="2.0" Kind="edit" Navigation="null" OriginId="org.eclipse.jdt.ui.CompilationUnitEditor" StartDate="2014-11-27 11:26:29.972 JST" StructureHandle="=CutPlanner_A/src&amp;lt;cp.utils{ReadWriteModel.java[ReadWriteModel~ReadWriteModel~QContext;~QBluetoothSocket;~QString;" StructureKind="java" NumEvents="2" CreationCount="43"/><InteractionEvent Delta="null" EndDate="2014-11-27 11:27:22.42 JST" Interest="5.0" Kind="selection" Navigation="null" OriginId="org.eclipse.jdt.ui.CompilationUnitEditor" StartDate="2014-11-27 11:26:28.945 JST" StructureHandle="=CutPlanner_A/src&amp;lt;cp.utils{ReadWriteModel.java[ReadWriteModel~ReadWriteModel~QContext;~QBluetoothSocket;~QString;" StructureKind="java" NumEvents="5" CreationCount="43"/><InteractionEvent Delta="null" EndDate="2014-11-29 19:16:42.170 JST" Interest="30.6" Kind="propagation" Navigation="org.eclipse.mylyn.core.model.edges.containment" OriginId="org.eclipse.mylyn.core.model.interest.propagation" StartDate="2014-11-27 11:41:08.380 JST" StructureHandle="=CutPlanner_A/src&amp;lt;cp.main{DeviceListActv.java[DeviceListActv^DevieFoundReceiver[~onReceive~QContext;~QIntent;[" StructureKind="java" NumEvents="39" CreationCount="147"/><InteractionEvent Delta="null" EndDate="2014-11-29 19:08:06.690 JST" Interest="1.0" Kind="selection" Navigation="null" OriginId="org.eclipse.jdt.ui.CompilationUnitEditor" StartDate="2014-11-29 19:08:06.690 JST" StructureHandle="=CutPlanner_A/src&amp;lt;cp.utils{BluetoothClientThread.java[BluetoothClientThread^mContext" StructureKind="java"/><InteractionEvent Delta="null" EndDate="2014-11-27 11:56:45.470 JST" Interest="2.0" Kind="propagation" Navigation="null" OriginId="org.eclipse.mylyn.resources.ui.interest.updater" StartDate="2014-11-27 11:50:17.382 JST" StructureHandle="/CutPlanner_A/src/cp/main/BluetoothClientThread.java" StructureKind="resource" NumEvents="2" CreationCount="212"/><InteractionEvent Delta="null" EndDate="2014-11-29 20:24:12.553 JST" Interest="18.0" Kind="propagation" Navigation="null" OriginId="org.eclipse.ui.views.ResourceNavigator" StartDate="2014-11-29 19:11:35.824 JST" StructureHandle="/BluetoothSample/src/org/japan/techbooster/sample/BlueTooth/DeviceListActivity.java" StructureKind="resource" NumEvents="18" CreationCount="751"/><InteractionEvent Delta="null" EndDate="2014-11-29 19:10:32.846 JST" Interest="1.0" Kind="selection" Navigation="null" OriginId="org.eclipse.search.ui.views.SearchView" StartDate="2014-11-29 19:10:32.846 JST" StructureHandle="=CutPlanner_A/src&amp;lt;cp.utils" StructureKind="java"/><InteractionEvent Delta="null" EndDate="2014-11-29 19:08:03.528 JST" Interest="38.734" Kind="propagation" Navigation="org.eclipse.mylyn.core.model.edges.containment" OriginId="org.eclipse.mylyn.core.model.interest.propagation" StartDate="2014-11-27 11:25:35.203 JST" StructureHandle="=CutPlanner_A/src&amp;lt;cp.utils" StructureKind="java" NumEvents="65" CreationCount="36"/><InteractionEvent Delta="null" EndDate="2014-11-29 19:12:05.321 JST" Interest="19.0" Kind="propagation" Navigation="null" OriginId="org.eclipse.jdt.ui.CompilationUnitEditor" StartDate="2014-11-27 12:04:14.367 JST" StructureHandle="/CutPlanner_A/src/cp/listeners/button" StructureKind="resource" NumEvents="19" CreationCount="443"/><InteractionEvent Delta="null" EndDate="2014-11-27 11:27:10.870 JST" Interest="1.0" Kind="selection" Navigation="null" OriginId="org.eclipse.jdt.ui.CompilationUnitEditor" StartDate="2014-11-27 11:27:10.870 JST" StructureHandle="=CutPlanner_A/src&amp;lt;cp.utils{ReadWriteModel.java[ReadWriteModel^sendNumber" StructureKind="java"/><InteractionEvent Delta="null" EndDate="2014-11-30 12:29:28.933 JST" Interest="1063.0339" Kind="propagation" Navigation="null" OriginId="org.eclipse.jdt.ui.CompilationUnitEditor" StartDate="2014-11-27 11:18:55.830 JST" StructureHandle="/CutPlanner_A/src" StructureKind="resource" NumEvents="1065" CreationCount="7"/><InteractionEvent Delta="null" EndDate="2014-11-27 11:50:21.320 JST" Interest="2.0" Kind="selection" Navigation="null" OriginId="org.eclipse.jdt.ui.CompilationUnitEditor" StartDate="2014-11-27 11:50:13.666 JST" StructureHandle="=CutPlanner_A/src&amp;lt;cp.main{DeviceListActv.java#android.content.BroadcastReceiver" StructureKind="java" NumEvents="2" CreationCount="210"/><InteractionEvent Delta="null" EndDate="2014-11-29 19:12:16.233 JST" Interest="1.0" Kind="selection" Navigation="null" OriginId="org.eclipse.ui.views.ContentOutline" StartDate="2014-11-29 19:12:16.233 JST" StructureHandle="=CutPlanner_A/src&amp;lt;cp.main{DeviceListActv.java%cp.main" StructureKind="java"/><InteractionEvent Delta="null" EndDate="2014-11-29 19:26:14.605 JST" Interest="2.0" Kind="edit" Navigation="null" OriginId="org.eclipse.jdt.ui.CompilationUnitEditor" StartDate="2014-11-29 19:26:14.601 JST" StructureHandle="=CutPlanner_A/src&amp;lt;cp.main{DeviceListActv.java[DeviceListActv~onStart" StructureKind="java" NumEvents="2" CreationCount="1018"/><InteractionEvent Delta="null" EndDate="2014-11-29 19:26:14.596 JST" Interest="1.0" Kind="selection" Navigation="null" OriginId="org.eclipse.jdt.ui.CompilationUnitEditor" StartDate="2014-11-29 19:26:14.596 JST" StructureHandle="=CutPlanner_A/src&amp;lt;cp.main{DeviceListActv.java[DeviceListActv~onStart" StructureKind="java"/><InteractionEvent Delta="null" EndDate="2014-11-29 19:11:49.872 JST" Interest="4.0" Kind="edit" Navigation="null" OriginId="org.eclipse.jdt.ui.CompilationUnitEditor" StartDate="2014-11-29 19:11:16.144 JST" StructureHandle="=CutPlanner_A/src&amp;lt;cp.utils{CONS.java[CONS[BT^BtServerThread" StructureKind="java" NumEvents="4" CreationCount="732"/><InteractionEvent Delta="null" EndDate="2014-11-29 19:11:46.764 JST" Interest="3.0" Kind="selection" Navigation="null" OriginId="org.eclipse.jdt.ui.CompilationUnitEditor" StartDate="2014-11-29 19:11:04.100 JST" StructureHandle="=CutPlanner_A/src&amp;lt;cp.utils{CONS.java[CONS[BT^BtServerThread" StructureKind="java" NumEvents="3" CreationCount="732"/><InteractionEvent Delta="null" EndDate="2014-11-29 19:08:49.793 JST" Interest="1.0" Kind="selection" Navigation="null" OriginId="org.eclipse.jdt.ui.CompilationUnitEditor" StartDate="2014-11-29 19:08:49.793 JST" StructureHandle="=CutPlanner_A/src&amp;lt;cp.main{BluetoothServerThread.java[BluetoothServerThread^myServerAdapter" StructureKind="java"/><InteractionEvent Delta="null" EndDate="2014-11-29 19:07:19.867 JST" Interest="15.0" Kind="edit" Navigation="null" OriginId="org.eclipse.jdt.ui.CompilationUnitEditor" StartDate="2014-11-27 12:04:29.375 JST" StructureHandle="=CutPlanner_A/src&amp;lt;cp.utils{Methods.java[Methods~discover_Devices~QActivity;~QBroadcastReceiver;" StructureKind="java" NumEvents="15" CreationCount="451"/><InteractionEvent Delta="null" EndDate="2014-11-29 19:07:21.546 JST" Interest="7.0" Kind="selection" Navigation="null" OriginId="org.eclipse.jdt.ui.CompilationUnitEditor" StartDate="2014-11-27 12:04:28.435 JST" StructureHandle="=CutPlanner_A/src&amp;lt;cp.utils{Methods.java[Methods~discover_Devices~QActivity;~QBroadcastReceiver;" StructureKind="java" NumEvents="7" CreationCount="451"/><InteractionEvent Delta="null" EndDate="2014-11-29 19:15:58.617 JST" Interest="4.0" Kind="selection" Navigation="null" OriginId="org.eclipse.jdt.ui.CompilationUnitEditor" StartDate="2014-11-27 11:55:36.25 JST" StructureHandle="=CutPlanner_A/src&amp;lt;cp.main{DeviceListActv.java#java.util.ArrayList" StructureKind="java" NumEvents="4" CreationCount="247"/><InteractionEvent Delta="null" EndDate="2014-11-29 19:15:58.613 JST" Interest="7.486" Kind="manipulation" Navigation="null" OriginId="org.eclipse.mylyn.core.model.interest.decay.correction" StartDate="2014-11-29 19:15:58.613 JST" StructureHandle="=CutPlanner_A/src&amp;lt;cp.main{DeviceListActv.java#java.util.ArrayList" StructureKind="java"/><InteractionEvent Delta="null" EndDate="2014-11-29 19:12:05.321 JST" Interest="19.0" Kind="propagation" Navigation="org.eclipse.mylyn.core.model.edges.containment" OriginId="org.eclipse.mylyn.core.model.interest.propagation" StartDate="2014-11-27 12:04:14.367 JST" StructureHandle="/CutPlanner_A/src/cp/listeners" StructureKind="resource" NumEvents="19" CreationCount="443"/><InteractionEvent Delta="null" EndDate="2014-11-29 19:16:38.753 JST" Interest="3.0" Kind="edit" Navigation="null" OriginId="org.eclipse.jdt.ui.CompilationUnitEditor" StartDate="2014-11-29 19:16:36.760 JST" StructureHandle="=CutPlanner_A/src&amp;lt;cp.main{DeviceListActv.java[DeviceListActv~onBackPressed" StructureKind="java" NumEvents="3" CreationCount="451"/><InteractionEvent Delta="null" EndDate="2014-11-29 19:16:36.743 JST" Interest="2.0" Kind="selection" Navigation="null" OriginId="org.eclipse.jdt.ui.CompilationUnitEditor" StartDate="2014-11-27 11:49:11.770 JST" StructureHandle="=CutPlanner_A/src&amp;lt;cp.main{DeviceListActv.java[DeviceListActv~onBackPressed" StructureKind="java" NumEvents="2" CreationCount="451"/><InteractionEvent Delta="null" EndDate="2014-11-29 19:16:36.743 JST" Interest="5.5620003" Kind="manipulation" Navigation="null" OriginId="org.eclipse.mylyn.core.model.interest.decay.correction" StartDate="2014-11-29 19:16:36.743 JST" StructureHandle="=CutPlanner_A/src&amp;lt;cp.main{DeviceListActv.java[DeviceListActv~onBackPressed" StructureKind="java"/><InteractionEvent Delta="null" EndDate="2014-11-30 12:29:28.932 JST" Interest="848.01697" Kind="propagation" Navigation="null" OriginId="org.eclipse.jdt.ui.CompilationUnitEditor" StartDate="2014-11-27 11:19:01.62 JST" StructureHandle="/CutPlanner_A/src/cp/main" StructureKind="resource" NumEvents="850" CreationCount="8"/><InteractionEvent Delta="null" EndDate="2014-11-29 19:08:33.758 JST" Interest="1.0" Kind="selection" Navigation="null" OriginId="org.eclipse.jdt.ui.CompilationUnitEditor" StartDate="2014-11-29 19:08:33.758 JST" StructureHandle="=CutPlanner_A/src&amp;lt;cp.main{BluetoothServerThread.java[BluetoothServerThread^servSock" StructureKind="java"/><InteractionEvent Delta="null" EndDate="2014-11-27 11:41:05.380 JST" Interest="39.0" Kind="edit" Navigation="null" OriginId="org.eclipse.jdt.ui.CompilationUnitEditor" StartDate="2014-11-27 11:19:52.495 JST" StructureHandle="=CutPlanner_A/src&amp;lt;cp.main{DeviceListActv.java[DeviceListActv~onCreate~QBundle;[~onItemClick~QAdapterView\&amp;lt;*&amp;gt;;~QView;~I~J" StructureKind="java" NumEvents="39" CreationCount="18"/><InteractionEvent Delta="null" EndDate="2014-11-27 11:40:41.783 JST" Interest="5.0" Kind="selection" Navigation="null" OriginId="org.eclipse.jdt.ui.CompilationUnitEditor" StartDate="2014-11-27 11:19:51.631 JST" StructureHandle="=CutPlanner_A/src&amp;lt;cp.main{DeviceListActv.java[DeviceListActv~onCreate~QBundle;[~onItemClick~QAdapterView\&amp;lt;*&amp;gt;;~QView;~I~J" StructureKind="java" NumEvents="5" CreationCount="18"/><InteractionEvent Delta="null" EndDate="2014-11-29 19:17:13.567 JST" Interest="6.0" Kind="propagation" Navigation="null" OriginId="org.eclipse.jdt.ui.CompilationUnitEditor" StartDate="2014-11-29 19:16:56.996 JST" StructureHandle="/CutPlanner_A/src/cp/main/MainActv.java" StructureKind="resource" NumEvents="6" CreationCount="855"/><InteractionEvent Delta="null" EndDate="2014-11-29 19:06:54.508 JST" Interest="31.0" Kind="edit" Navigation="null" OriginId="org.eclipse.jdt.ui.CompilationUnitEditor" StartDate="2014-11-27 11:25:41.699 JST" StructureHandle="=CutPlanner_A/src&amp;lt;cp.utils{BluetoothClientThread.java[BluetoothClientThread~run" StructureKind="java" NumEvents="31" CreationCount="38"/><InteractionEvent Delta="null" EndDate="2014-11-29 19:08:02.891 JST" Interest="16.0" Kind="selection" Navigation="null" OriginId="org.eclipse.jdt.ui.CompilationUnitEditor" StartDate="2014-11-27 11:25:40.638 JST" StructureHandle="=CutPlanner_A/src&amp;lt;cp.utils{BluetoothClientThread.java[BluetoothClientThread~run" StructureKind="java" NumEvents="16" CreationCount="38"/><InteractionEvent Delta="null" EndDate="2014-11-29 19:15:59.301 JST" Interest="2.0" Kind="selection" Navigation="null" OriginId="org.eclipse.jdt.ui.CompilationUnitEditor" StartDate="2014-11-29 19:15:59.296 JST" StructureHandle="=CutPlanner_A/src&amp;lt;cp.main{DeviceListActv.java#java.util.Set" StructureKind="java" NumEvents="2" CreationCount="808"/><InteractionEvent Delta="null" EndDate="2014-11-29 19:10:57.395 JST" Interest="4.0" Kind="selection" Navigation="null" OriginId="org.eclipse.search.ui.views.SearchView" StartDate="2014-11-29 19:10:33.994 JST" StructureHandle="=CutPlanner_A/src&amp;lt;cp.utils{BluetoothServerThread.java" StructureKind="java" NumEvents="4" CreationCount="724"/><InteractionEvent Delta="null" EndDate="2014-11-30 12:29:28.929 JST" Interest="24.0" Kind="edit" Navigation="null" OriginId="org.eclipse.jdt.ui.CompilationUnitEditor" StartDate="2014-11-29 19:08:45.144 JST" StructureHandle="=CutPlanner_A/src&amp;lt;cp.main{BluetoothServerThread.java[BluetoothServerThread~BluetoothServerThread~QContext;~QString;~QBluetoothAdapter;" StructureKind="java" NumEvents="24" CreationCount="689"/><InteractionEvent Delta="null" EndDate="2014-11-30 09:58:09.755 JST" Interest="8.0" Kind="selection" Navigation="null" OriginId="org.eclipse.jdt.ui.CompilationUnitEditor" StartDate="2014-11-29 19:08:16.163 JST" StructureHandle="=CutPlanner_A/src&amp;lt;cp.main{BluetoothServerThread.java[BluetoothServerThread~BluetoothServerThread~QContext;~QString;~QBluetoothAdapter;" StructureKind="java" NumEvents="8" CreationCount="689"/></InteractionHistory>