<?xml version="1.0" encoding="UTF-8"?><InteractionHistory Id="local-211" Version="1"><InteractionEvent Delta="null" EndDate="2014-11-15 09:56:51.976 JST" Interest="1.0" Kind="selection" Navigation="null" OriginId="org.eclipse.ui.views.ResourceNavigator" StartDate="2014-11-15 09:56:51.976 JST" StructureHandle="=freemind_1.0.1" StructureKind="java"/><InteractionEvent Delta="null" EndDate="2014-11-15 09:56:51.976 JST" Interest="1.0" Kind="propagation" Navigation="org.eclipse.mylyn.core.model.edges.containment" OriginId="org.eclipse.mylyn.core.model.interest.propagation" StartDate="2014-11-15 09:56:51.976 JST" StructureHandle="" StructureKind="java"/><InteractionEvent Delta="null" EndDate="2014-11-15 10:11:09.147 JST" Interest="2.0" Kind="selection" Navigation="null" OriginId="org.eclipse.jdt.ui.CompilationUnitEditor" StartDate="2014-11-15 10:11:09.144 JST" StructureHandle="=IFM11/src&amp;lt;ifm11.utils{Methods.java[Methods~_refresh_MainDB__Build_TIList~QActivity;~QCursor;" StructureKind="java" NumEvents="2" CreationCount="161"/><InteractionEvent Delta="null" EndDate="2014-11-15 10:14:45.242 JST" Interest="15.0" Kind="edit" Navigation="null" OriginId="org.eclipse.jdt.ui.CompilationUnitEditor" StartDate="2014-11-15 10:11:09.162 JST" StructureHandle="=IFM11/src&amp;lt;ifm11.utils{Methods.java[Methods~_refresh_MainDB__Build_TIList~QActivity;~QCursor;" StructureKind="java" NumEvents="15" CreationCount="161"/><InteractionEvent Delta="null" EndDate="2014-11-15 11:46:01.89 JST" Interest="5.0" Kind="propagation" Navigation="org.eclipse.mylyn.core.model.edges.containment" OriginId="org.eclipse.mylyn.core.model.interest.propagation" StartDate="2014-11-15 11:42:30.774 JST" StructureHandle="/IFM11/gen/ifm11/main" StructureKind="resource" NumEvents="5" CreationCount="2069"/><InteractionEvent Delta="null" EndDate="2014-11-15 11:41:28.567 JST" Interest="1.0" Kind="selection" Navigation="null" OriginId="org.eclipse.jdt.ui.CompilationUnitEditor" StartDate="2014-11-15 11:41:28.567 JST" StructureHandle="=IFM11/src&amp;lt;ifm11.utils{Methods.java#java.net.SocketException" StructureKind="java"/><InteractionEvent Delta="null" EndDate="2014-11-15 10:07:40.850 JST" Interest="11.8" Kind="propagation" Navigation="org.eclipse.mylyn.core.model.edges.containment" OriginId="org.eclipse.mylyn.core.model.interest.propagation" StartDate="2014-11-15 10:06:41.332 JST" StructureHandle="=IFM11/src&amp;lt;ifm11.utils{Methods_dlg.java[Methods_dlg" StructureKind="java" NumEvents="16" CreationCount="32"/><InteractionEvent Delta="null" EndDate="2014-11-15 10:20:46.524 JST" Interest="13.0" Kind="selection" Navigation="null" OriginId="org.eclipse.jdt.ui.CompilationUnitEditor" StartDate="2014-11-15 10:17:56.844 JST" StructureHandle="=IFM11/src&amp;lt;ifm11.utils{DBUtils.java[DBUtils~find_TI_From_DbId~QActivity;~J" StructureKind="java" NumEvents="13" CreationCount="294"/><InteractionEvent Delta="null" EndDate="2014-11-15 10:20:51.375 JST" Interest="46.0" Kind="edit" Navigation="null" OriginId="org.eclipse.jdt.ui.CompilationUnitEditor" StartDate="2014-11-15 10:17:59.237 JST" StructureHandle="=IFM11/src&amp;lt;ifm11.utils{DBUtils.java[DBUtils~find_TI_From_DbId~QActivity;~J" StructureKind="java" NumEvents="46" CreationCount="294"/><InteractionEvent Delta="null" EndDate="2014-11-15 10:09:32.777 JST" Interest="1.0" Kind="selection" Navigation="null" OriginId="org.eclipse.ui.views.ContentOutline" StartDate="2014-11-15 10:09:32.777 JST" StructureHandle="=IFM11/src&amp;lt;ifm11.utils{CONS.java[CONS[DB^col_names_IFM11" StructureKind="java"/><InteractionEvent Delta="null" EndDate="2014-11-15 10:19:49.135 JST" Interest="1.0" Kind="propagation" Navigation="null" OriginId="org.eclipse.mylyn.resources.ui.interest.updater" StartDate="2014-11-15 10:19:49.135 JST" StructureHandle="/IFM11/src/ifm11/main/ImageActv.java" StructureKind="resource"/><InteractionEvent Delta="null" EndDate="2014-11-15 10:23:08.575 JST" Interest="6.8480005" Kind="propagation" Navigation="org.eclipse.mylyn.core.model.edges.containment" OriginId="org.eclipse.mylyn.core.model.interest.propagation" StartDate="2014-11-15 10:16:40.953 JST" StructureHandle="=IFM11/src&amp;lt;ifm11.utils{CONS.java[CONS[Enums" StructureKind="java" NumEvents="2" CreationCount="259"/><InteractionEvent Delta="null" EndDate="2014-11-15 11:43:08.215 JST" Interest="2.0" Kind="prediction" Navigation="null" OriginId="org.eclipse.mylyn.resources.ui.interest.updater" StartDate="2014-11-15 10:24:56.923 JST" StructureHandle="/IFM11/bin/resources.ap_" StructureKind="resource" NumEvents="2" CreationCount="644"/><InteractionEvent Delta="null" EndDate="2014-11-15 11:19:27.271 JST" Interest="0.7500019" Kind="manipulation" Navigation="null" OriginId="org.eclipse.mylyn.core.model.interest.decay.correction" StartDate="2014-11-15 11:19:27.271 JST" StructureHandle="/IFM11/src/ifm11/utils/CONS.java" StructureKind="resource"/><InteractionEvent Delta="null" EndDate="2014-11-15 11:35:40.456 JST" Interest="34.0" Kind="propagation" Navigation="null" OriginId="org.eclipse.jdt.ui.PackageExplorer" StartDate="2014-11-15 10:09:26.847 JST" StructureHandle="/IFM11/src/ifm11/utils/CONS.java" StructureKind="resource" NumEvents="34" CreationCount="97"/><InteractionEvent Delta="null" EndDate="2014-11-15 09:57:01.200 JST" Interest="1.0" Kind="selection" Navigation="null" OriginId="org.eclipse.jdt.ui.PackageExplorer" StartDate="2014-11-15 09:57:01.200 JST" StructureHandle="=IFM11/src&amp;lt;ifm11.listeners.button" StructureKind="java"/><InteractionEvent Delta="null" EndDate="2014-11-15 11:08:11.900 JST" Interest="3.0" Kind="selection" Navigation="null" OriginId="org.eclipse.jdt.ui.CompilationUnitEditor" StartDate="2014-11-15 11:08:06.980 JST" StructureHandle="=IFM11/src&amp;lt;ifm11.utils{Methods.java[Methods~get_Pref_String~QActivity;~QString;~QString;~QString;" StructureKind="java" NumEvents="3" CreationCount="1539"/><InteractionEvent Delta="null" EndDate="2014-11-15 10:17:54.282 JST" Interest="1.0" Kind="selection" Navigation="null" OriginId="org.eclipse.ui.views.ContentOutline" StartDate="2014-11-15 10:17:54.282 JST" StructureHandle="=IFM11/src&amp;lt;ifm11.utils{DBUtils.java[DBUtils~find_All_WP_tags~QActivity;" StructureKind="java"/><InteractionEvent Delta="null" EndDate="2014-11-15 11:12:09.936 JST" Interest="320.0" Kind="propagation" Navigation="null" OriginId="org.eclipse.jdt.ui.CompilationUnitEditor" StartDate="2014-11-15 10:16:14.417 JST" StructureHandle="/IFM11/src/ifm11/utils/DBUtils.java" StructureKind="resource" NumEvents="320" CreationCount="248"/><InteractionEvent Delta="null" EndDate="2014-11-15 10:09:29.323 JST" Interest="1.0" Kind="selection" Navigation="null" OriginId="org.eclipse.ui.views.ContentOutline" StartDate="2014-11-15 10:09:29.323 JST" StructureHandle="=IFM11/src&amp;lt;ifm11.utils{CONS.java[CONS[DB" StructureKind="java"/><InteractionEvent Delta="null" EndDate="2014-11-15 11:19:29.565 JST" Interest="31.133003" Kind="propagation" Navigation="org.eclipse.mylyn.core.model.edges.containment" OriginId="org.eclipse.mylyn.core.model.interest.propagation" StartDate="2014-11-15 10:09:30.927 JST" StructureHandle="=IFM11/src&amp;lt;ifm11.utils{CONS.java[CONS[DB" StructureKind="java" NumEvents="21" CreationCount="99"/><InteractionEvent Delta="null" EndDate="2014-11-15 11:12:09.936 JST" Interest="7.0" Kind="selection" Navigation="null" OriginId="org.eclipse.jdt.ui.CompilationUnitEditor" StartDate="2014-11-15 10:16:14.417 JST" StructureHandle="=IFM11/src&amp;lt;ifm11.utils{DBUtils.java" StructureKind="java" NumEvents="7" CreationCount="248"/><InteractionEvent Delta="null" EndDate="2014-11-15 10:29:58.532 JST" Interest="139.817" Kind="propagation" Navigation="org.eclipse.mylyn.core.model.edges.containment" OriginId="org.eclipse.mylyn.core.model.interest.propagation" StartDate="2014-11-15 10:16:15.774 JST" StructureHandle="=IFM11/src&amp;lt;ifm11.utils{DBUtils.java" StructureKind="java" NumEvents="201" CreationCount="248"/><InteractionEvent Delta="null" EndDate="2014-11-15 10:20:25.157 JST" Interest="1.0" Kind="edit" Navigation="null" OriginId="org.eclipse.jdt.ui.CompilationUnitEditor" StartDate="2014-11-15 10:20:25.157 JST" StructureHandle="=IFM11/src&amp;lt;ifm11.utils{DBUtils.java" StructureKind="java"/><InteractionEvent Delta="null" EndDate="2014-11-15 11:41:18.669 JST" Interest="20.0" Kind="selection" Navigation="null" OriginId="org.eclipse.jdt.ui.CompilationUnitEditor" StartDate="2014-11-15 10:10:18.475 JST" StructureHandle="=IFM11/src&amp;lt;ifm11.utils{Methods.java[Methods~_refresh_MainDB__ExecQuery~QActivity;~QSQLiteDatabase;~QDBUtils;" StructureKind="java" NumEvents="20" CreationCount="131"/><InteractionEvent Delta="null" EndDate="2014-11-15 11:02:03.174 JST" Interest="6.7390013" Kind="manipulation" Navigation="null" OriginId="org.eclipse.mylyn.core.model.interest.decay.correction" StartDate="2014-11-15 11:02:03.174 JST" StructureHandle="=IFM11/src&amp;lt;ifm11.utils{Methods.java[Methods~_refresh_MainDB__ExecQuery~QActivity;~QSQLiteDatabase;~QDBUtils;" StructureKind="java"/><InteractionEvent Delta="null" EndDate="2014-11-15 11:41:25.927 JST" Interest="84.0" Kind="edit" Navigation="null" OriginId="org.eclipse.jdt.ui.CompilationUnitEditor" StartDate="2014-11-15 10:10:18.492 JST" StructureHandle="=IFM11/src&amp;lt;ifm11.utils{Methods.java[Methods~_refresh_MainDB__ExecQuery~QActivity;~QSQLiteDatabase;~QDBUtils;" StructureKind="java" NumEvents="84" CreationCount="131"/><InteractionEvent Delta="null" EndDate="2014-11-15 11:42:08.496 JST" Interest="11.0" Kind="selection" Navigation="null" OriginId="org.eclipse.jdt.ui.CompilationUnitEditor" StartDate="2014-11-15 10:10:42.996 JST" StructureHandle="=IFM11/src&amp;lt;ifm11.utils{Methods.java[Methods" StructureKind="java" NumEvents="11" CreationCount="80"/><InteractionEvent Delta="null" EndDate="2014-11-15 11:14:36.272 JST" Interest="485.4" Kind="propagation" Navigation="org.eclipse.mylyn.core.model.edges.containment" OriginId="org.eclipse.mylyn.core.model.interest.propagation" StartDate="2014-11-15 10:08:21.490 JST" StructureHandle="=IFM11/src&amp;lt;ifm11.utils{Methods.java[Methods" StructureKind="java" NumEvents="683" CreationCount="80"/><InteractionEvent Delta="null" EndDate="2014-11-15 11:42:11.276 JST" Interest="29.0" Kind="edit" Navigation="null" OriginId="org.eclipse.jdt.ui.CompilationUnitEditor" StartDate="2014-11-15 10:10:43.3 JST" StructureHandle="=IFM11/src&amp;lt;ifm11.utils{Methods.java[Methods" StructureKind="java" NumEvents="29" CreationCount="80"/><InteractionEvent Delta="null" EndDate="2014-11-15 10:06:33.146 JST" Interest="1.0" Kind="selection" Navigation="null" OriginId="org.eclipse.jdt.ui.PackageExplorer" StartDate="2014-11-15 10:06:33.146 JST" StructureHandle="=IFM11/src&amp;lt;ifm11.main" StructureKind="java"/><InteractionEvent Delta="null" EndDate="2014-11-15 11:43:02.168 JST" Interest="52.462006" Kind="propagation" Navigation="org.eclipse.mylyn.core.model.edges.containment" OriginId="org.eclipse.mylyn.core.model.interest.propagation" StartDate="2014-11-15 10:19:49.135 JST" StructureHandle="=IFM11/src&amp;lt;ifm11.main" StructureKind="java" NumEvents="31" CreationCount="29"/><InteractionEvent Delta="null" EndDate="2014-11-15 11:19:29.566 JST" Interest="32.133003" Kind="propagation" Navigation="org.eclipse.mylyn.core.model.edges.containment" OriginId="org.eclipse.mylyn.core.model.interest.propagation" StartDate="2014-11-15 10:09:29.324 JST" StructureHandle="=IFM11/src&amp;lt;ifm11.utils{CONS.java[CONS" StructureKind="java" NumEvents="22" CreationCount="99"/><InteractionEvent Delta="null" EndDate="2014-11-15 10:07:36.794 JST" Interest="4.0" Kind="selection" Navigation="null" OriginId="org.eclipse.jdt.ui.CompilationUnitEditor" StartDate="2014-11-15 10:06:36.895 JST" StructureHandle="=IFM11/src&amp;lt;ifm11.utils{Methods_dlg.java" StructureKind="java" NumEvents="4" CreationCount="31"/><InteractionEvent Delta="null" EndDate="2014-11-15 10:07:18.372 JST" Interest="8.117001" Kind="propagation" Navigation="org.eclipse.mylyn.core.model.edges.containment" OriginId="org.eclipse.mylyn.core.model.interest.propagation" StartDate="2014-11-15 10:06:41.333 JST" StructureHandle="=IFM11/src&amp;lt;ifm11.utils{Methods_dlg.java" StructureKind="java" NumEvents="13" CreationCount="31"/><InteractionEvent Delta="null" EndDate="2014-11-15 11:43:08.479 JST" Interest="1.0" Kind="prediction" Navigation="null" OriginId="org.eclipse.mylyn.resources.ui.interest.updater" StartDate="2014-11-15 11:43:08.479 JST" StructureHandle="=IFM11/src&amp;lt;ifm11.utils{Methods_dlg.java" StructureKind="java"/><InteractionEvent Delta="null" EndDate="2014-11-15 10:24:56.923 JST" Interest="1.0" Kind="propagation" Navigation="org.eclipse.mylyn.core.model.edges.containment" OriginId="org.eclipse.mylyn.core.model.interest.propagation" StartDate="2014-11-15 10:24:56.923 JST" StructureHandle="/IFM11/bin" StructureKind="resource"/><InteractionEvent Delta="null" EndDate="2014-11-15 11:42:18.17 JST" Interest="1980.017" Kind="propagation" Navigation="null" OriginId="org.eclipse.jdt.ui.CompilationUnitEditor" StartDate="2014-11-15 10:06:33.643 JST" StructureHandle="/IFM11/src/ifm11/utils" StructureKind="resource" NumEvents="1981" CreationCount="30"/><InteractionEvent Delta="null" EndDate="2014-11-15 10:15:13.391 JST" Interest="1.0" Kind="selection" Navigation="null" OriginId="org.eclipse.jdt.ui.CompilationUnitEditor" StartDate="2014-11-15 10:15:13.391 JST" StructureHandle="=IFM11/src&amp;lt;ifm11.utils{Methods.java[Methods~_refresh_MainDB__InsertData_RefreshDate~QActivity;~I~QList\&amp;lt;QTI;&amp;gt;;" StructureKind="java"/><InteractionEvent Delta="null" EndDate="2014-11-15 10:15:13.400 JST" Interest="1.0" Kind="edit" Navigation="null" OriginId="org.eclipse.jdt.ui.CompilationUnitEditor" StartDate="2014-11-15 10:15:13.400 JST" StructureHandle="=IFM11/src&amp;lt;ifm11.utils{Methods.java[Methods~_refresh_MainDB__InsertData_RefreshDate~QActivity;~I~QList\&amp;lt;QTI;&amp;gt;;" StructureKind="java"/><InteractionEvent Delta="null" EndDate="2014-11-15 10:23:08.575 JST" Interest="6.8480005" Kind="propagation" Navigation="org.eclipse.mylyn.core.model.edges.containment" OriginId="org.eclipse.mylyn.core.model.interest.propagation" StartDate="2014-11-15 10:16:40.952 JST" StructureHandle="=IFM11/src&amp;lt;ifm11.utils{CONS.java[CONS[Enums[SortOrder" StructureKind="java" NumEvents="2" CreationCount="259"/><InteractionEvent Delta="null" EndDate="2014-11-15 11:37:19.447 JST" Interest="3.0" Kind="selection" Navigation="null" OriginId="org.eclipse.jdt.ui.CompilationUnitEditor" StartDate="2014-11-15 11:35:54.594 JST" StructureHandle="=IFM11/src&amp;lt;ifm11.main{TNActv.java[TNActv" StructureKind="java" NumEvents="3" CreationCount="2014"/><InteractionEvent Delta="null" EndDate="2014-11-15 11:43:33.215 JST" Interest="15.717" Kind="propagation" Navigation="org.eclipse.mylyn.core.model.edges.containment" OriginId="org.eclipse.mylyn.core.model.interest.propagation" StartDate="2014-11-15 11:35:57.383 JST" StructureHandle="=IFM11/src&amp;lt;ifm11.main{TNActv.java[TNActv" StructureKind="java" NumEvents="23" CreationCount="2014"/><InteractionEvent Delta="null" EndDate="2014-11-15 11:39:34.779 JST" Interest="1.0" Kind="edit" Navigation="null" OriginId="org.eclipse.jdt.ui.CompilationUnitEditor" StartDate="2014-11-15 11:39:34.779 JST" StructureHandle="=IFM11/src&amp;lt;ifm11.main{TNActv.java[TNActv" StructureKind="java"/><InteractionEvent Delta="null" EndDate="2014-11-15 10:09:26.498 JST" Interest="3.0" Kind="selection" Navigation="null" OriginId="org.eclipse.jdt.ui.PackageExplorer" StartDate="2014-11-15 10:07:22.96 JST" StructureHandle="=IFM11/src&amp;lt;ifm11.listeners.dialog{DOI_CL.java" StructureKind="java" NumEvents="3" CreationCount="52"/><InteractionEvent Delta="null" EndDate="2014-11-15 10:08:14.811 JST" Interest="13.317" Kind="propagation" Navigation="org.eclipse.mylyn.core.model.edges.containment" OriginId="org.eclipse.mylyn.core.model.interest.propagation" StartDate="2014-11-15 10:07:24.889 JST" StructureHandle="=IFM11/src&amp;lt;ifm11.listeners.dialog{DOI_CL.java" StructureKind="java" NumEvents="20" CreationCount="52"/><InteractionEvent Delta="null" EndDate="2014-11-15 11:43:08.479 JST" Interest="1.0" Kind="prediction" Navigation="null" OriginId="org.eclipse.mylyn.resources.ui.interest.updater" StartDate="2014-11-15 11:43:08.479 JST" StructureHandle="=IFM11/src&amp;lt;ifm11.listeners.dialog{DOI_CL.java" StructureKind="java"/><InteractionEvent Delta="null" EndDate="2014-11-15 11:43:33.840 JST" Interest="34.0" Kind="propagation" Navigation="null" OriginId="org.eclipse.jdt.ui.CompilationUnitEditor" StartDate="2014-11-15 11:35:48.400 JST" StructureHandle="/IFM11/src/ifm11/main/TNActv.java" StructureKind="resource" NumEvents="34" CreationCount="2013"/><InteractionEvent Delta="null" EndDate="2014-11-15 10:06:52.911 JST" Interest="4.0" Kind="selection" Navigation="null" OriginId="com.android.ide.eclipse.editors.CommonXmlEditor" StartDate="2014-11-15 10:05:30.326 JST" StructureHandle="/IFM11/res/values/strings.xml" StructureKind="resource" NumEvents="4" CreationCount="7"/><InteractionEvent Delta="null" EndDate="2014-11-15 10:06:57.22 JST" Interest="22.0" Kind="edit" Navigation="null" OriginId="com.android.ide.eclipse.editors.CommonXmlEditor" StartDate="2014-11-15 10:05:31.433 JST" StructureHandle="/IFM11/res/values/strings.xml" StructureKind="resource" NumEvents="22" CreationCount="7"/><InteractionEvent Delta="null" EndDate="2014-11-15 11:41:17.81 JST" Interest="1.0" Kind="prediction" Navigation="null" OriginId="org.eclipse.mylyn.resources.ui.interest.updater" StartDate="2014-11-15 11:41:17.81 JST" StructureHandle="/IFM11/res/values/strings.xml" StructureKind="resource"/><InteractionEvent Delta="null" EndDate="2014-11-15 11:01:46.340 JST" Interest="3.0" Kind="selection" Navigation="null" OriginId="org.eclipse.jdt.ui.CompilationUnitEditor" StartDate="2014-11-15 10:14:55.64 JST" StructureHandle="=IFM11/src&amp;lt;ifm11.utils{Methods.java[Methods~_refresh_MainDB__RecoveryFrom_SDCard_Reset~QActivity;~QList\&amp;lt;QTI;&amp;gt;;" StructureKind="java" NumEvents="3" CreationCount="180"/><InteractionEvent Delta="null" EndDate="2014-11-15 11:01:46.338 JST" Interest="5.1150017" Kind="manipulation" Navigation="null" OriginId="org.eclipse.mylyn.core.model.interest.decay.correction" StartDate="2014-11-15 11:01:46.338 JST" StructureHandle="=IFM11/src&amp;lt;ifm11.utils{Methods.java[Methods~_refresh_MainDB__RecoveryFrom_SDCard_Reset~QActivity;~QList\&amp;lt;QTI;&amp;gt;;" StructureKind="java"/><InteractionEvent Delta="null" EndDate="2014-11-15 11:01:46.352 JST" Interest="15.0" Kind="edit" Navigation="null" OriginId="org.eclipse.jdt.ui.CompilationUnitEditor" StartDate="2014-11-15 10:14:55.80 JST" StructureHandle="=IFM11/src&amp;lt;ifm11.utils{Methods.java[Methods~_refresh_MainDB__RecoveryFrom_SDCard_Reset~QActivity;~QList\&amp;lt;QTI;&amp;gt;;" StructureKind="java" NumEvents="15" CreationCount="180"/><InteractionEvent Delta="null" EndDate="2014-11-15 10:18:32.927 JST" Interest="3.0" Kind="selection" Navigation="null" OriginId="org.eclipse.jdt.ui.CompilationUnitEditor" StartDate="2014-11-15 10:17:01.208 JST" StructureHandle="=IFM11/src&amp;lt;ifm11.utils{DBUtils.java[DBUtils" StructureKind="java" NumEvents="3" CreationCount="249"/><InteractionEvent Delta="null" EndDate="2014-11-15 10:29:58.531 JST" Interest="137.90001" Kind="propagation" Navigation="org.eclipse.mylyn.core.model.edges.containment" OriginId="org.eclipse.mylyn.core.model.interest.propagation" StartDate="2014-11-15 10:16:15.774 JST" StructureHandle="=IFM11/src&amp;lt;ifm11.utils{DBUtils.java[DBUtils" StructureKind="java" NumEvents="198" CreationCount="249"/><InteractionEvent Delta="null" EndDate="2014-11-15 10:18:39.476 JST" Interest="8.0" Kind="edit" Navigation="null" OriginId="org.eclipse.jdt.ui.CompilationUnitEditor" StartDate="2014-11-15 10:18:25.843 JST" StructureHandle="=IFM11/src&amp;lt;ifm11.utils{DBUtils.java[DBUtils" StructureKind="java" NumEvents="8" CreationCount="249"/><InteractionEvent Delta="null" EndDate="2014-11-15 11:46:01.89 JST" Interest="5.0" Kind="propagation" Navigation="org.eclipse.mylyn.core.model.edges.containment" OriginId="org.eclipse.mylyn.core.model.interest.propagation" StartDate="2014-11-15 11:42:30.774 JST" StructureHandle="/IFM11/gen" StructureKind="resource" NumEvents="5" CreationCount="2069"/><InteractionEvent Delta="null" EndDate="2014-11-15 10:18:10.314 JST" Interest="1.0" Kind="selection" Navigation="null" OriginId="org.eclipse.ui.views.ContentOutline" StartDate="2014-11-15 10:18:10.314 JST" StructureHandle="=IFM11/src&amp;lt;ifm11.utils{DBUtils.java[DBUtils~find_Pattern_From_Id~QActivity;~J" StructureKind="java"/><InteractionEvent Delta="null" EndDate="2014-11-15 10:18:16.61 JST" Interest="1.0" Kind="edit" Navigation="null" OriginId="org.eclipse.jdt.ui.CompilationUnitEditor" StartDate="2014-11-15 10:18:16.61 JST" StructureHandle="=IFM11/src&amp;lt;ifm11.utils{DBUtils.java[DBUtils~find_Pattern_From_Id~QActivity;~J" StructureKind="java"/><InteractionEvent Delta="null" EndDate="2014-11-15 10:09:26.498 JST" Interest="24.833002" Kind="propagation" Navigation="org.eclipse.mylyn.core.model.edges.containment" OriginId="org.eclipse.mylyn.core.model.interest.propagation" StartDate="2014-11-15 09:57:01.200 JST" StructureHandle="/IFM11/src/ifm11/listeners" StructureKind="resource" NumEvents="26" CreationCount="3"/><InteractionEvent Delta="null" EndDate="2014-11-15 11:43:33.841 JST" Interest="2039.4929" Kind="propagation" Navigation="org.eclipse.mylyn.core.model.edges.containment" OriginId="org.eclipse.mylyn.core.model.interest.propagation" StartDate="2014-11-15 09:56:55.33 JST" StructureHandle="=IFM11" StructureKind="resource" NumEvents="2052" CreationCount="2"/><InteractionEvent Delta="null" EndDate="2014-11-15 11:10:36.68 JST" Interest="17.0" Kind="selection" Navigation="null" OriginId="org.eclipse.jdt.ui.CompilationUnitEditor" StartDate="2014-11-15 10:10:02.775 JST" StructureHandle="=IFM11/src&amp;lt;ifm11.utils{Methods.java[Methods~refresh_MainDB~QActivity;" StructureKind="java" NumEvents="17" CreationCount="113"/><InteractionEvent Delta="null" EndDate="2014-11-15 11:11:06.11 JST" Interest="65.0" Kind="edit" Navigation="null" OriginId="org.eclipse.jdt.ui.CompilationUnitEditor" StartDate="2014-11-15 10:10:03.292 JST" StructureHandle="=IFM11/src&amp;lt;ifm11.utils{Methods.java[Methods~refresh_MainDB~QActivity;" StructureKind="java" NumEvents="65" CreationCount="113"/><InteractionEvent Delta="null" EndDate="2014-11-15 10:17:37.665 JST" Interest="3.0" Kind="selection" Navigation="null" OriginId="org.eclipse.jdt.ui.CompilationUnitEditor" StartDate="2014-11-15 10:17:34.169 JST" StructureHandle="=IFM11/src&amp;lt;ifm11.utils{DBUtils.java[DBUtils~update_Pattern_Used_2~QActivity;~J" StructureKind="java" NumEvents="3" CreationCount="281"/><InteractionEvent Delta="null" EndDate="2014-11-15 10:06:33.643 JST" Interest="1.0" Kind="selection" Navigation="null" OriginId="org.eclipse.jdt.ui.PackageExplorer" StartDate="2014-11-15 10:06:33.643 JST" StructureHandle="=IFM11/src&amp;lt;ifm11.utils" StructureKind="java"/><InteractionEvent Delta="null" EndDate="2014-11-15 11:42:17.701 JST" Interest="527.45" Kind="propagation" Navigation="org.eclipse.mylyn.core.model.edges.containment" OriginId="org.eclipse.mylyn.core.model.interest.propagation" StartDate="2014-11-15 10:06:36.896 JST" StructureHandle="=IFM11/src&amp;lt;ifm11.utils" StructureKind="java" NumEvents="756" CreationCount="30"/><InteractionEvent Delta="null" EndDate="2014-11-15 11:46:01.89 JST" Interest="2039.5099" Kind="propagation" Navigation="org.eclipse.mylyn.core.model.edges.containment" OriginId="org.eclipse.mylyn.core.model.interest.propagation" StartDate="2014-11-15 09:56:51.976 JST" StructureHandle="/" StructureKind="resource" NumEvents="2058" CreationCount="1"/><InteractionEvent Delta="null" EndDate="2014-11-15 09:57:15.968 JST" Interest="1.0" Kind="selection" Navigation="null" OriginId="org.eclipse.jdt.ui.PackageExplorer" StartDate="2014-11-15 09:57:15.968 JST" StructureHandle="=IFM11/src&amp;lt;ifm11.listeners.dialog" StructureKind="java"/><InteractionEvent Delta="null" EndDate="2014-11-15 10:09:26.498 JST" Interest="16.133" Kind="propagation" Navigation="org.eclipse.mylyn.core.model.edges.containment" OriginId="org.eclipse.mylyn.core.model.interest.propagation" StartDate="2014-11-15 10:07:22.96 JST" StructureHandle="=IFM11/src&amp;lt;ifm11.listeners.dialog" StructureKind="java" NumEvents="23" CreationCount="4"/><InteractionEvent Delta="null" EndDate="2014-11-15 10:23:08.575 JST" Interest="2.0" Kind="selection" Navigation="null" OriginId="org.eclipse.jdt.ui.CompilationUnitEditor" StartDate="2014-11-15 10:16:40.952 JST" StructureHandle="=IFM11/src&amp;lt;ifm11.utils{CONS.java[CONS[Enums[SortOrder^DESC" StructureKind="java" NumEvents="2" CreationCount="259"/><InteractionEvent Delta="null" EndDate="2014-11-15 10:23:08.575 JST" Interest="4.8480005" Kind="manipulation" Navigation="null" OriginId="org.eclipse.mylyn.core.model.interest.decay.correction" StartDate="2014-11-15 10:23:08.575 JST" StructureHandle="=IFM11/src&amp;lt;ifm11.utils{CONS.java[CONS[Enums[SortOrder^DESC" StructureKind="java"/><InteractionEvent Delta="null" EndDate="2014-11-15 10:30:04.745 JST" Interest="3.0" Kind="selection" Navigation="null" OriginId="org.eclipse.jdt.ui.CompilationUnitEditor" StartDate="2014-11-15 10:30:01.37 JST" StructureHandle="=IFM11/src&amp;lt;ifm11.utils{Methods.java[Methods~get_LogLines~QActivity;~QString;" StructureKind="java" NumEvents="3" CreationCount="691"/><InteractionEvent Delta="null" EndDate="2014-11-15 10:16:35.202 JST" Interest="6.0" Kind="selection" Navigation="null" OriginId="org.eclipse.jdt.ui.CompilationUnitEditor" StartDate="2014-11-15 10:09:33.200 JST" StructureHandle="=IFM11/src&amp;lt;ifm11.utils{CONS.java[CONS[DB^col_names_IFM11_full" StructureKind="java" NumEvents="6" CreationCount="102"/><InteractionEvent Delta="null" EndDate="2014-11-15 10:16:04.990 JST" Interest="9.0" Kind="edit" Navigation="null" OriginId="org.eclipse.jdt.ui.CompilationUnitEditor" StartDate="2014-11-15 10:09:33.809 JST" StructureHandle="=IFM11/src&amp;lt;ifm11.utils{CONS.java[CONS[DB^col_names_IFM11_full" StructureKind="java" NumEvents="9" CreationCount="102"/><InteractionEvent Delta="null" EndDate="2014-11-15 11:42:17.701 JST" Interest="36.0" Kind="selection" Navigation="null" OriginId="org.eclipse.jdt.ui.CompilationUnitEditor" StartDate="2014-11-15 10:08:18.663 JST" StructureHandle="=IFM11/src&amp;lt;ifm11.utils{Methods.java" StructureKind="java" NumEvents="36" CreationCount="78"/><InteractionEvent Delta="null" EndDate="2014-11-15 11:14:46.802 JST" Interest="486.734" Kind="propagation" Navigation="org.eclipse.mylyn.core.model.edges.containment" OriginId="org.eclipse.mylyn.core.model.interest.propagation" StartDate="2014-11-15 10:08:28.268 JST" StructureHandle="=IFM11/src&amp;lt;ifm11.utils{Methods.java" StructureKind="java" NumEvents="696" CreationCount="78"/><InteractionEvent Delta="null" EndDate="2014-11-15 11:11:26.975 JST" Interest="7.0" Kind="edit" Navigation="null" OriginId="org.eclipse.jdt.ui.CompilationUnitEditor" StartDate="2014-11-15 10:15:25.199 JST" StructureHandle="=IFM11/src&amp;lt;ifm11.utils{Methods.java" StructureKind="java" NumEvents="7" CreationCount="78"/><InteractionEvent Delta="null" EndDate="2014-11-15 11:41:28.568 JST" Interest="1.0" Kind="propagation" Navigation="org.eclipse.mylyn.core.model.edges.containment" OriginId="org.eclipse.mylyn.core.model.interest.propagation" StartDate="2014-11-15 11:41:28.568 JST" StructureHandle="=IFM11/src&amp;lt;ifm11.utils{Methods.java#" StructureKind="java"/><InteractionEvent Delta="null" EndDate="2014-11-15 10:09:26.498 JST" Interest="24.816002" Kind="propagation" Navigation="org.eclipse.mylyn.core.model.edges.containment" OriginId="org.eclipse.mylyn.core.model.interest.propagation" StartDate="2014-11-15 09:57:15.968 JST" StructureHandle="/IFM11/src/ifm11/listeners/dialog" StructureKind="resource" NumEvents="25" CreationCount="4"/><InteractionEvent Delta="null" EndDate="2014-11-15 10:05:25.853 JST" Interest="1.0" Kind="selection" Navigation="null" OriginId="org.eclipse.jdt.ui.PackageExplorer" StartDate="2014-11-15 10:05:25.853 JST" StructureHandle="/IFM11/res" StructureKind="resource"/><InteractionEvent Delta="null" EndDate="2014-11-15 10:06:57.23 JST" Interest="18.434" Kind="propagation" Navigation="org.eclipse.mylyn.core.model.edges.containment" OriginId="org.eclipse.mylyn.core.model.interest.propagation" StartDate="2014-11-15 10:05:29.526 JST" StructureHandle="/IFM11/res" StructureKind="resource" NumEvents="27" CreationCount="5"/><InteractionEvent Delta="null" EndDate="2014-11-15 11:43:08.479 JST" Interest="2.0" Kind="prediction" Navigation="null" OriginId="org.eclipse.mylyn.resources.ui.interest.updater" StartDate="2014-11-15 10:19:49.135 JST" StructureHandle="=IFM11/src&amp;lt;ifm11.main{ImageActv.java" StructureKind="java" NumEvents="2" CreationCount="383"/><InteractionEvent Delta="null" EndDate="2014-11-15 11:35:40.456 JST" Interest="9.0" Kind="selection" Navigation="null" OriginId="org.eclipse.jdt.ui.PackageExplorer" StartDate="2014-11-15 10:09:26.847 JST" StructureHandle="=IFM11/src&amp;lt;ifm11.utils{CONS.java" StructureKind="java" NumEvents="9" CreationCount="97"/><InteractionEvent Delta="null" EndDate="2014-11-15 11:35:40.456 JST" Interest="15.719001" Kind="manipulation" Navigation="null" OriginId="org.eclipse.mylyn.core.model.interest.decay.correction" StartDate="2014-11-15 11:19:27.271 JST" StructureHandle="=IFM11/src&amp;lt;ifm11.utils{CONS.java" StructureKind="java" NumEvents="2" CreationCount="97"/><InteractionEvent Delta="null" EndDate="2014-11-15 11:19:29.566 JST" Interest="8.819" Kind="propagation" Navigation="org.eclipse.mylyn.core.model.edges.containment" OriginId="org.eclipse.mylyn.core.model.interest.propagation" StartDate="2014-11-15 10:09:28.331 JST" StructureHandle="=IFM11/src&amp;lt;ifm11.utils{CONS.java" StructureKind="java" NumEvents="20" CreationCount="97"/><InteractionEvent Delta="null" EndDate="2014-11-15 10:07:36.963 JST" Interest="2.0" Kind="selection" Navigation="null" OriginId="org.eclipse.jdt.ui.CompilationUnitEditor" StartDate="2014-11-15 10:06:41.331 JST" StructureHandle="=IFM11/src&amp;lt;ifm11.utils{Methods_dlg.java[Methods_dlg~dlg_OptMenu_MainActv_Others~QActivity;" StructureKind="java" NumEvents="2" CreationCount="32"/><InteractionEvent Delta="null" EndDate="2014-11-15 10:07:40.850 JST" Interest="14.0" Kind="edit" Navigation="null" OriginId="org.eclipse.jdt.ui.CompilationUnitEditor" StartDate="2014-11-15 10:06:44.622 JST" StructureHandle="=IFM11/src&amp;lt;ifm11.utils{Methods_dlg.java[Methods_dlg~dlg_OptMenu_MainActv_Others~QActivity;" StructureKind="java" NumEvents="14" CreationCount="32"/><InteractionEvent Delta="null" EndDate="2014-11-15 10:09:28.331 JST" Interest="1.0" Kind="selection" Navigation="null" OriginId="org.eclipse.ui.views.ContentOutline" StartDate="2014-11-15 10:09:28.331 JST" StructureHandle="=IFM11/src&amp;lt;ifm11.utils{CONS.java%ifm11.utils" StructureKind="java"/><InteractionEvent Delta="null" EndDate="2014-11-15 10:30:19.213 JST" Interest="5.0" Kind="selection" Navigation="null" OriginId="org.eclipse.jdt.ui.CompilationUnitEditor" StartDate="2014-11-15 10:30:04.648 JST" StructureHandle="=IFM11/src&amp;lt;ifm11.utils{Methods.java[Methods~get_TimeLabel~J" StructureKind="java" NumEvents="5" CreationCount="692"/><InteractionEvent Delta="null" EndDate="2014-11-15 10:30:22.173 JST" Interest="5.0" Kind="edit" Navigation="null" OriginId="org.eclipse.jdt.ui.CompilationUnitEditor" StartDate="2014-11-15 10:30:05.238 JST" StructureHandle="=IFM11/src&amp;lt;ifm11.utils{Methods.java[Methods~get_TimeLabel~J" StructureKind="java" NumEvents="5" CreationCount="692"/><InteractionEvent Delta="null" EndDate="2014-11-15 11:43:01.897 JST" Interest="3.0" Kind="selection" Navigation="null" OriginId="org.eclipse.jdt.ui.CompilationUnitEditor" StartDate="2014-11-15 11:35:48.400 JST" StructureHandle="=IFM11/src&amp;lt;ifm11.main{TNActv.java" StructureKind="java" NumEvents="3" CreationCount="2013"/><InteractionEvent Delta="null" EndDate="2014-11-15 11:41:17.396 JST" Interest="16.734001" Kind="propagation" Navigation="org.eclipse.mylyn.core.model.edges.containment" OriginId="org.eclipse.mylyn.core.model.interest.propagation" StartDate="2014-11-15 11:35:54.595 JST" StructureHandle="=IFM11/src&amp;lt;ifm11.main{TNActv.java" StructureKind="java" NumEvents="27" CreationCount="2013"/><InteractionEvent Delta="null" EndDate="2014-11-15 10:08:14.811 JST" Interest="15.3" Kind="propagation" Navigation="org.eclipse.mylyn.core.model.edges.containment" OriginId="org.eclipse.mylyn.core.model.interest.propagation" StartDate="2014-11-15 10:07:24.888 JST" StructureHandle="=IFM11/src&amp;lt;ifm11.listeners.dialog{DOI_CL.java[DOI_CL" StructureKind="java" NumEvents="21" CreationCount="53"/><InteractionEvent Delta="null" EndDate="2014-11-15 10:29:58.530 JST" Interest="17.0" Kind="selection" Navigation="null" OriginId="org.eclipse.ui.views.ContentOutline" StartDate="2014-11-15 10:16:15.774 JST" StructureHandle="=IFM11/src&amp;lt;ifm11.utils{DBUtils.java[DBUtils~find_TI_first~QActivity;~QString;~QCONS.Enums.SortOrder;" StructureKind="java" NumEvents="17" CreationCount="249"/><InteractionEvent Delta="null" EndDate="2014-11-15 10:23:07.606 JST" Interest="185.0" Kind="edit" Navigation="null" OriginId="org.eclipse.jdt.ui.CompilationUnitEditor" StartDate="2014-11-15 10:16:18.150 JST" StructureHandle="=IFM11/src&amp;lt;ifm11.utils{DBUtils.java[DBUtils~find_TI_first~QActivity;~QString;~QCONS.Enums.SortOrder;" StructureKind="java" NumEvents="185" CreationCount="249"/><InteractionEvent Delta="null" EndDate="2014-11-15 11:43:08.215 JST" Interest="16.0" Kind="prediction" Navigation="null" OriginId="org.eclipse.mylyn.resources.ui.interest.updater" StartDate="2014-11-15 10:24:56.923 JST" StructureHandle="/IFM11/bin/IFM11.apk" StructureKind="resource" NumEvents="16" CreationCount="644"/><InteractionEvent Delta="null" EndDate="2014-11-15 11:42:02.975 JST" Interest="1.0" Kind="selection" Navigation="null" OriginId="org.eclipse.jdt.ui.CompilationUnitEditor" StartDate="2014-11-15 11:42:02.975 JST" StructureHandle="=IFM11/src&amp;lt;ifm11.utils{Methods.java[Methods~proc_Pixels__Green~QActivity;~\[I~I~I" StructureKind="java"/><InteractionEvent Delta="null" EndDate="2014-11-15 11:42:04.80 JST" Interest="1.0" Kind="edit" Navigation="null" OriginId="org.eclipse.jdt.ui.CompilationUnitEditor" StartDate="2014-11-15 11:42:04.80 JST" StructureHandle="=IFM11/src&amp;lt;ifm11.utils{Methods.java[Methods~proc_Pixels__Green~QActivity;~\[I~I~I" StructureKind="java"/><InteractionEvent Delta="null" EndDate="2014-11-15 11:43:08.215 JST" Interest="16.0" Kind="prediction" Navigation="null" OriginId="org.eclipse.mylyn.resources.ui.interest.updater" StartDate="2014-11-15 10:24:56.923 JST" StructureHandle="/IFM11/bin/classes.dex" StructureKind="resource" NumEvents="16" CreationCount="644"/><InteractionEvent Delta="null" EndDate="2014-11-15 10:07:40.851 JST" Interest="20.0" Kind="propagation" Navigation="null" OriginId="org.eclipse.jdt.ui.CompilationUnitEditor" StartDate="2014-11-15 10:06:36.895 JST" StructureHandle="/IFM11/src/ifm11/utils/Methods_dlg.java" StructureKind="resource" NumEvents="20" CreationCount="31"/><InteractionEvent Delta="null" EndDate="2014-11-15 11:46:01.89 JST" Interest="5.0" Kind="propagation" Navigation="null" OriginId="org.eclipse.jdt.ui.PackageExplorer" StartDate="2014-11-15 11:42:30.774 JST" StructureHandle="/IFM11/gen/ifm11/main/R.java" StructureKind="resource" NumEvents="5" CreationCount="2069"/><InteractionEvent Delta="null" EndDate="2014-11-15 09:56:51.976 JST" Interest="1.0" Kind="propagation" Navigation="null" OriginId="org.eclipse.ui.views.ResourceNavigator" StartDate="2014-11-15 09:56:51.976 JST" StructureHandle="/freemind_1.0.1" StructureKind="resource"/><InteractionEvent Delta="null" EndDate="2014-11-15 09:57:01.200 JST" Interest="1.0" Kind="propagation" Navigation="null" OriginId="org.eclipse.jdt.ui.PackageExplorer" StartDate="2014-11-15 09:57:01.200 JST" StructureHandle="/IFM11/src/ifm11/listeners/button" StructureKind="resource"/><InteractionEvent Delta="null" EndDate="2014-11-15 10:32:16.909 JST" Interest="6.0" Kind="selection" Navigation="null" OriginId="org.eclipse.jdt.ui.CompilationUnitEditor" StartDate="2014-11-15 10:30:15.30 JST" StructureHandle="=IFM11/src&amp;lt;ifm11.utils{Methods.java[Methods~getMillSeconds_now" StructureKind="java" NumEvents="6" CreationCount="700"/><InteractionEvent Delta="null" EndDate="2014-11-15 10:32:18.839 JST" Interest="7.0" Kind="edit" Navigation="null" OriginId="org.eclipse.jdt.ui.CompilationUnitEditor" StartDate="2014-11-15 10:31:11.674 JST" StructureHandle="=IFM11/src&amp;lt;ifm11.utils{Methods.java[Methods~getMillSeconds_now" StructureKind="java" NumEvents="7" CreationCount="700"/><InteractionEvent Delta="null" EndDate="2014-11-15 11:46:01.90 JST" Interest="4.3999996" Kind="propagation" Navigation="org.eclipse.mylyn.core.model.edges.containment" OriginId="org.eclipse.mylyn.core.model.interest.propagation" StartDate="2014-11-15 11:42:30.775 JST" StructureHandle="=IFM11/gen" StructureKind="java" NumEvents="5" CreationCount="2069"/><InteractionEvent Delta="null" EndDate="2014-11-15 11:46:01.90 JST" Interest="4.3999996" Kind="propagation" Navigation="org.eclipse.mylyn.core.model.edges.containment" OriginId="org.eclipse.mylyn.core.model.interest.propagation" StartDate="2014-11-15 11:42:30.774 JST" StructureHandle="=IFM11/gen&amp;lt;ifm11.main" StructureKind="java" NumEvents="5" CreationCount="2069"/><InteractionEvent Delta="null" EndDate="2014-11-15 10:20:05.416 JST" Interest="3.0" Kind="selection" Navigation="null" OriginId="org.eclipse.ui.views.ContentOutline" StartDate="2014-11-15 10:19:53.193 JST" StructureHandle="=IFM11/src&amp;lt;ifm11.utils{DBUtils.java[DBUtils~find_TI_From_FileId~QActivity;~J" StructureKind="java" NumEvents="3" CreationCount="384"/><InteractionEvent Delta="null" EndDate="2014-11-15 10:20:02.727 JST" Interest="5.0" Kind="edit" Navigation="null" OriginId="org.eclipse.jdt.ui.CompilationUnitEditor" StartDate="2014-11-15 10:19:54.633 JST" StructureHandle="=IFM11/src&amp;lt;ifm11.utils{DBUtils.java[DBUtils~find_TI_From_FileId~QActivity;~J" StructureKind="java" NumEvents="5" CreationCount="384"/><InteractionEvent Delta="null" EndDate="2014-11-15 11:46:01.89 JST" Interest="5.0" Kind="propagation" Navigation="org.eclipse.mylyn.core.model.edges.containment" OriginId="org.eclipse.mylyn.core.model.interest.propagation" StartDate="2014-11-15 11:42:30.774 JST" StructureHandle="/IFM11/gen/ifm11" StructureKind="resource" NumEvents="5" CreationCount="2069"/><InteractionEvent Delta="null" EndDate="2014-11-15 11:42:17.411 JST" Interest="33.0" Kind="selection" Navigation="null" OriginId="org.eclipse.jdt.ui.CompilationUnitEditor" StartDate="2014-11-15 10:08:21.489 JST" StructureHandle="=IFM11/src&amp;lt;ifm11.utils{Methods.java[Methods~importData_From_IFM10~QActivity;~QDialog;" StructureKind="java" NumEvents="33" CreationCount="80"/><InteractionEvent Delta="null" EndDate="2014-11-15 11:14:36.272 JST" Interest="688.0" Kind="edit" Navigation="null" OriginId="org.eclipse.jdt.ui.CompilationUnitEditor" StartDate="2014-11-15 10:08:23.237 JST" StructureHandle="=IFM11/src&amp;lt;ifm11.utils{Methods.java[Methods~importData_From_IFM10~QActivity;~QDialog;" StructureKind="java" NumEvents="688" CreationCount="80"/><InteractionEvent Delta="null" EndDate="2014-11-15 11:42:17.993 JST" Interest="15.0" Kind="selection" Navigation="null" OriginId="org.eclipse.jdt.ui.CompilationUnitEditor" StartDate="2014-11-15 11:02:47.539 JST" StructureHandle="=IFM11/src&amp;lt;ifm11.utils{Methods.java[Methods~_refresh_MainDB__ExecQuery__Period~QActivity;~QSQLiteDatabase;~QDBUtils;~J~J" StructureKind="java" NumEvents="15" CreationCount="1157"/><InteractionEvent Delta="null" EndDate="2014-11-15 11:42:18.16 JST" Interest="506.0" Kind="edit" Navigation="null" OriginId="org.eclipse.jdt.ui.CompilationUnitEditor" StartDate="2014-11-15 11:02:47.547 JST" StructureHandle="=IFM11/src&amp;lt;ifm11.utils{Methods.java[Methods~_refresh_MainDB__ExecQuery__Period~QActivity;~QSQLiteDatabase;~QDBUtils;~J~J" StructureKind="java" NumEvents="506" CreationCount="1157"/><InteractionEvent Delta="null" EndDate="2014-11-15 10:18:50.435 JST" Interest="3.0" Kind="selection" Navigation="null" OriginId="org.eclipse.jdt.ui.CompilationUnitEditor" StartDate="2014-11-15 10:18:45.790 JST" StructureHandle="=IFM11/src&amp;lt;ifm11.utils{DBUtils.java[DBUtils~delete_TI~QActivity;~QTI;~Z" StructureKind="java" NumEvents="3" CreationCount="323"/><InteractionEvent Delta="null" EndDate="2014-11-15 11:43:33.840 JST" Interest="67.728004" Kind="propagation" Navigation="org.eclipse.mylyn.core.model.edges.containment" OriginId="org.eclipse.mylyn.core.model.interest.propagation" StartDate="2014-11-15 10:06:33.147 JST" StructureHandle="/IFM11/src/ifm11/main" StructureKind="resource" NumEvents="36" CreationCount="29"/><InteractionEvent Delta="null" EndDate="2014-11-15 11:06:20.480 JST" Interest="1.0" Kind="selection" Navigation="null" OriginId="org.eclipse.jdt.ui.CompilationUnitEditor" StartDate="2014-11-15 11:06:20.480 JST" StructureHandle="=IFM11/src&amp;lt;ifm11.utils{Methods.java[Methods~_refresh_MainDB__Get_LastRefreshed~QActivity;~QSQLiteDatabase;~QDBUtils;" StructureKind="java"/><InteractionEvent Delta="null" EndDate="2014-11-15 11:06:20.493 JST" Interest="2.0" Kind="edit" Navigation="null" OriginId="org.eclipse.jdt.ui.CompilationUnitEditor" StartDate="2014-11-15 11:06:20.487 JST" StructureHandle="=IFM11/src&amp;lt;ifm11.utils{Methods.java[Methods~_refresh_MainDB__Get_LastRefreshed~QActivity;~QSQLiteDatabase;~QDBUtils;" StructureKind="java" NumEvents="2" CreationCount="1433"/><InteractionEvent Delta="null" EndDate="2014-11-15 11:19:27.998 JST" Interest="1.0" Kind="selection" Navigation="null" OriginId="org.eclipse.jdt.ui.CompilationUnitEditor" StartDate="2014-11-15 11:19:27.998 JST" StructureHandle="=IFM11/src&amp;lt;ifm11.utils{CONS.java[CONS[DB^proj" StructureKind="java"/><InteractionEvent Delta="null" EndDate="2014-11-15 11:19:29.565 JST" Interest="2.0" Kind="edit" Navigation="null" OriginId="org.eclipse.jdt.ui.CompilationUnitEditor" StartDate="2014-11-15 11:19:28.864 JST" StructureHandle="=IFM11/src&amp;lt;ifm11.utils{CONS.java[CONS[DB^proj" StructureKind="java" NumEvents="2" CreationCount="1848"/><InteractionEvent Delta="null" EndDate="2014-11-15 11:43:33.840 JST" Interest="1.0" Kind="selection" Navigation="null" OriginId="org.eclipse.jdt.ui.CompilationUnitEditor" StartDate="2014-11-15 11:43:33.840 JST" StructureHandle="=IFM11/src&amp;lt;ifm11.main{TNActv.java[TNActv~_Setup_SetList__Search" StructureKind="java"/><InteractionEvent Delta="null" EndDate="2014-11-15 10:17:33.16 JST" Interest="2.0" Kind="selection" Navigation="null" OriginId="org.eclipse.ui.views.ContentOutline" StartDate="2014-11-15 10:17:26.964 JST" StructureHandle="=IFM11/src&amp;lt;ifm11.utils{DBUtils.java[DBUtils~createTable~QActivity;~QString;~\[QString;~\[QString;" StructureKind="java" NumEvents="2" CreationCount="277"/><InteractionEvent Delta="null" EndDate="2014-11-15 10:17:30.732 JST" Interest="2.0" Kind="edit" Navigation="null" OriginId="org.eclipse.jdt.ui.CompilationUnitEditor" StartDate="2014-11-15 10:17:29.47 JST" StructureHandle="=IFM11/src&amp;lt;ifm11.utils{DBUtils.java[DBUtils~createTable~QActivity;~QString;~\[QString;~\[QString;" StructureKind="java" NumEvents="2" CreationCount="277"/><InteractionEvent Delta="null" EndDate="2014-11-15 11:41:55.513 JST" Interest="2.0" Kind="selection" Navigation="null" OriginId="org.eclipse.jdt.ui.CompilationUnitEditor" StartDate="2014-11-15 11:41:30.763 JST" StructureHandle="=IFM11/src&amp;lt;ifm11.utils{Methods.java[Methods~move_Files~QActivity;~QDialog;~QDialog;~QDialog;" StructureKind="java" NumEvents="2" CreationCount="2050"/><InteractionEvent Delta="null" EndDate="2014-11-15 11:41:57.356 JST" Interest="3.0" Kind="edit" Navigation="null" OriginId="org.eclipse.jdt.ui.CompilationUnitEditor" StartDate="2014-11-15 11:41:33.368 JST" StructureHandle="=IFM11/src&amp;lt;ifm11.utils{Methods.java[Methods~move_Files~QActivity;~QDialog;~QDialog;~QDialog;" StructureKind="java" NumEvents="3" CreationCount="2050"/><InteractionEvent Delta="null" EndDate="2014-11-15 10:09:26.498 JST" Interest="24.0" Kind="propagation" Navigation="null" OriginId="org.eclipse.jdt.ui.PackageExplorer" StartDate="2014-11-15 10:07:22.96 JST" StructureHandle="/IFM11/src/ifm11/listeners/dialog/DOI_CL.java" StructureKind="resource" NumEvents="24" CreationCount="52"/><InteractionEvent Delta="null" EndDate="2014-11-15 11:43:02.167 JST" Interest="4.0" Kind="selection" Navigation="null" OriginId="org.eclipse.jdt.ui.CompilationUnitEditor" StartDate="2014-11-15 11:35:57.383 JST" StructureHandle="=IFM11/src&amp;lt;ifm11.main{TNActv.java[TNActv~_Setup_SetList" StructureKind="java" NumEvents="4" CreationCount="2015"/><InteractionEvent Delta="null" EndDate="2014-11-15 11:43:33.215 JST" Interest="22.0" Kind="edit" Navigation="null" OriginId="org.eclipse.jdt.ui.CompilationUnitEditor" StartDate="2014-11-15 11:35:57.981 JST" StructureHandle="=IFM11/src&amp;lt;ifm11.main{TNActv.java[TNActv~_Setup_SetList" StructureKind="java" NumEvents="22" CreationCount="2015"/><InteractionEvent Delta="null" EndDate="2014-11-15 11:03:38.240 JST" Interest="1.0" Kind="selection" Navigation="null" OriginId="org.eclipse.jdt.ui.CompilationUnitEditor" StartDate="2014-11-15 11:03:38.240 JST" StructureHandle="=IFM11/src&amp;lt;ifm11.utils{Methods.java[Methods~_refresh_MainDB__Setup_RefreshLog~QActivity;~QSQLiteDatabase;~QDBUtils;" StructureKind="java"/><InteractionEvent Delta="null" EndDate="2014-11-15 11:03:44.813 JST" Interest="5.0" Kind="edit" Navigation="null" OriginId="org.eclipse.jdt.ui.CompilationUnitEditor" StartDate="2014-11-15 11:03:38.249 JST" StructureHandle="=IFM11/src&amp;lt;ifm11.utils{Methods.java[Methods~_refresh_MainDB__Setup_RefreshLog~QActivity;~QSQLiteDatabase;~QDBUtils;" StructureKind="java" NumEvents="5" CreationCount="1223"/><InteractionEvent Delta="null" EndDate="2014-11-15 10:18:16.88 JST" Interest="5.0" Kind="selection" Navigation="null" OriginId="org.eclipse.jdt.ui.CompilationUnitEditor" StartDate="2014-11-15 10:17:37.599 JST" StructureHandle="=IFM11/src&amp;lt;ifm11.utils{DBUtils.java[DBUtils~find_All_TI__Search~QActivity;" StructureKind="java" NumEvents="5" CreationCount="282"/><InteractionEvent Delta="null" EndDate="2014-11-15 10:18:22.741 JST" Interest="10.0" Kind="edit" Navigation="null" OriginId="org.eclipse.jdt.ui.CompilationUnitEditor" StartDate="2014-11-15 10:17:38.159 JST" StructureHandle="=IFM11/src&amp;lt;ifm11.utils{DBUtils.java[DBUtils~find_All_TI__Search~QActivity;" StructureKind="java" NumEvents="10" CreationCount="282"/><InteractionEvent Delta="null" EndDate="2014-11-15 10:05:29.526 JST" Interest="1.0" Kind="selection" Navigation="null" OriginId="org.eclipse.jdt.ui.PackageExplorer" StartDate="2014-11-15 10:05:29.526 JST" StructureHandle="/IFM11/res/values" StructureKind="resource"/><InteractionEvent Delta="null" EndDate="2014-11-15 10:06:57.23 JST" Interest="18.417" Kind="propagation" Navigation="org.eclipse.mylyn.core.model.edges.containment" OriginId="org.eclipse.mylyn.core.model.interest.propagation" StartDate="2014-11-15 10:05:30.326 JST" StructureHandle="/IFM11/res/values" StructureKind="resource" NumEvents="26" CreationCount="6"/><InteractionEvent Delta="null" EndDate="2014-11-15 11:43:33.841 JST" Interest="2039.4929" Kind="propagation" Navigation="null" OriginId="org.eclipse.jdt.ui.CompilationUnitEditor" StartDate="2014-11-15 09:56:55.33 JST" StructureHandle="/IFM11/src" StructureKind="resource" NumEvents="2044" CreationCount="2"/><InteractionEvent Delta="null" EndDate="2014-11-15 11:42:18.16 JST" Interest="1979.476" Kind="propagation" Navigation="org.eclipse.mylyn.core.model.edges.containment" OriginId="org.eclipse.mylyn.core.model.interest.propagation" StartDate="2014-11-15 09:57:01.200 JST" StructureHandle="/IFM11/src/ifm11" StructureKind="resource" NumEvents="1985" CreationCount="3"/><InteractionEvent Delta="null" EndDate="2014-11-15 10:09:33.306 JST" Interest="2.0" Kind="selection" Navigation="null" OriginId="org.eclipse.jdt.ui.CompilationUnitEditor" StartDate="2014-11-15 10:09:30.927 JST" StructureHandle="=IFM11/src&amp;lt;ifm11.utils{CONS.java[CONS[DB^col_types_Admin_full" StructureKind="java" NumEvents="2" CreationCount="100"/><InteractionEvent Delta="null" EndDate="2014-11-15 11:42:18.16 JST" Interest="1606.0" Kind="propagation" Navigation="null" OriginId="org.eclipse.jdt.ui.CompilationUnitEditor" StartDate="2014-11-15 10:08:18.663 JST" StructureHandle="/IFM11/src/ifm11/utils/Methods.java" StructureKind="resource" NumEvents="1606" CreationCount="78"/><InteractionEvent Delta="null" EndDate="2014-11-15 10:07:41.371 JST" Interest="2.0" Kind="selection" Navigation="null" OriginId="org.eclipse.jdt.ui.CompilationUnitEditor" StartDate="2014-11-15 10:07:24.887 JST" StructureHandle="=IFM11/src&amp;lt;ifm11.listeners.dialog{DOI_CL.java[DOI_CL~case_ACTV_MAIN_OPTMENU_OTHERS~QListItem;" StructureKind="java" NumEvents="2" CreationCount="53"/><InteractionEvent Delta="null" EndDate="2014-11-15 10:08:14.811 JST" Interest="19.0" Kind="edit" Navigation="null" OriginId="org.eclipse.jdt.ui.CompilationUnitEditor" StartDate="2014-11-15 10:07:27.334 JST" StructureHandle="=IFM11/src&amp;lt;ifm11.listeners.dialog{DOI_CL.java[DOI_CL~case_ACTV_MAIN_OPTMENU_OTHERS~QListItem;" StructureKind="java" NumEvents="19" CreationCount="53"/><InteractionEvent Delta="null" EndDate="2014-11-15 09:56:55.33 JST" Interest="1.0" Kind="selection" Navigation="null" OriginId="org.eclipse.jdt.ui.PackageExplorer" StartDate="2014-11-15 09:56:55.33 JST" StructureHandle="=IFM11/src" StructureKind="java"/><InteractionEvent Delta="null" EndDate="2014-11-15 11:42:17.702 JST" Interest="527.926" Kind="propagation" Navigation="org.eclipse.mylyn.core.model.edges.containment" OriginId="org.eclipse.mylyn.core.model.interest.propagation" StartDate="2014-11-15 09:57:01.200 JST" StructureHandle="=IFM11/src" StructureKind="java" NumEvents="775" CreationCount="2"/><InteractionEvent Delta="null" EndDate="2014-11-15 11:46:01.88 JST" Interest="3.0" Kind="selection" Navigation="null" OriginId="org.eclipse.jdt.ui.PackageExplorer" StartDate="2014-11-15 11:42:30.774 JST" StructureHandle="=IFM11/gen&amp;lt;ifm11.main{R.java" StructureKind="java" NumEvents="3" CreationCount="2069"/><InteractionEvent Delta="null" EndDate="2014-11-15 11:42:32.741 JST" Interest="2.0" Kind="edit" Navigation="null" OriginId="org.eclipse.jdt.ui.CompilationUnitEditor" StartDate="2014-11-15 11:42:31.634 JST" StructureHandle="=IFM11/gen&amp;lt;ifm11.main{R.java" StructureKind="java" NumEvents="2" CreationCount="2069"/></InteractionHistory>