<?xml version="1.0" encoding="UTF-8"?><InteractionHistory Id="local-139" Version="1"><InteractionEvent Delta="null" EndDate="2014-10-09 10:47:54.378 JST" Interest="13.0" Kind="propagation" Navigation="null" OriginId="org.eclipse.jdt.ui.CompilationUnitEditor" StartDate="2014-10-09 10:45:49.68 JST" StructureHandle="/TA2/src/ta2/utils/CONS.java" StructureKind="resource" NumEvents="13" CreationCount="814"/><InteractionEvent Delta="null" EndDate="2014-10-09 10:43:10.354 JST" Interest="7.0" Kind="edit" Navigation="null" OriginId="org.eclipse.jdt.ui.CompilationUnitEditor" StartDate="2014-10-09 10:42:48.93 JST" StructureHandle="=TA2/src&amp;lt;ta2.utils{Methods.java[Methods~recActv_Stop_2~QActivity;" StructureKind="java" NumEvents="7" CreationCount="650"/><InteractionEvent Delta="null" EndDate="2014-10-09 10:43:50.200 JST" Interest="3.0" Kind="selection" Navigation="null" OriginId="org.eclipse.jdt.ui.CompilationUnitEditor" StartDate="2014-10-09 10:42:46.584 JST" StructureHandle="=TA2/src&amp;lt;ta2.utils{Methods.java[Methods~recActv_Stop_2~QActivity;" StructureKind="java" NumEvents="3" CreationCount="650"/><InteractionEvent Delta="null" EndDate="2014-10-09 10:03:18.351 JST" Interest="2.0" Kind="selection" Navigation="null" OriginId="org.eclipse.jdt.ui.PackageExplorer" StartDate="2014-10-09 10:01:20.874 JST" StructureHandle="/TA2/res/drawable-mdpi" StructureKind="resource" NumEvents="2" CreationCount="22"/><InteractionEvent Delta="null" EndDate="2014-10-09 10:47:59.649 JST" Interest="237.236" Kind="propagation" Navigation="org.eclipse.mylyn.core.model.edges.containment" OriginId="org.eclipse.mylyn.core.model.interest.propagation" StartDate="2014-10-09 10:16:41.545 JST" StructureHandle="=TA2/src&amp;lt;ta2.listeners.dialog{DB_OCL.java" StructureKind="java" NumEvents="343" CreationCount="250"/><InteractionEvent Delta="null" EndDate="2014-10-09 10:47:56.156 JST" Interest="10.0" Kind="selection" Navigation="null" OriginId="org.eclipse.jdt.ui.CompilationUnitEditor" StartDate="2014-10-09 10:16:40.683 JST" StructureHandle="=TA2/src&amp;lt;ta2.listeners.dialog{DB_OCL.java" StructureKind="java" NumEvents="10" CreationCount="250"/><InteractionEvent Delta="null" EndDate="2014-10-09 10:01:30.304 JST" Interest="2.0" Kind="selection" Navigation="null" OriginId="org.eclipse.jdt.ui.PackageExplorer" StartDate="2014-10-09 10:01:26.8 JST" StructureHandle="/TA2/res/drawable/general_ib_ball_blue_48x48.png" StructureKind="resource" NumEvents="2" CreationCount="25"/><InteractionEvent Delta="null" EndDate="2014-10-09 10:03:04.663 JST" Interest="18.717001" Kind="propagation" Navigation="org.eclipse.mylyn.core.model.edges.containment" OriginId="org.eclipse.mylyn.core.model.interest.propagation" StartDate="2014-10-09 10:00:29.20 JST" StructureHandle="/TA2/res/values" StructureKind="resource" NumEvents="26" CreationCount="4"/><InteractionEvent Delta="null" EndDate="2014-10-09 10:00:27.989 JST" Interest="1.0" Kind="selection" Navigation="null" OriginId="org.eclipse.jdt.ui.PackageExplorer" StartDate="2014-10-09 10:00:27.989 JST" StructureHandle="/TA2/res/values" StructureKind="resource"/><InteractionEvent Delta="null" EndDate="2014-10-09 10:41:51.753 JST" Interest="5.0" Kind="propagation" Navigation="null" OriginId="org.eclipse.ui.views.ContentOutline" StartDate="2014-10-09 10:41:26.617 JST" StructureHandle="/TA2/src/ta2/utils/DBUtils.java" StructureKind="resource" NumEvents="5" CreationCount="601"/><InteractionEvent Delta="null" EndDate="2014-10-09 10:47:54.941 JST" Interest="229.0" Kind="propagation" Navigation="null" OriginId="org.eclipse.jdt.ui.CompilationUnitEditor" StartDate="2014-10-09 10:06:01.964 JST" StructureHandle="/TA2/src/ta2/utils" StructureKind="resource" NumEvents="229" CreationCount="100"/><InteractionEvent Delta="null" EndDate="2014-10-09 10:47:59.650 JST" Interest="472.298" Kind="propagation" Navigation="org.eclipse.mylyn.core.model.edges.containment" OriginId="org.eclipse.mylyn.core.model.interest.propagation" StartDate="2014-10-09 10:02:13.377 JST" StructureHandle="/TA2/src/ta2" StructureKind="resource" NumEvents="480" CreationCount="38"/><InteractionEvent Delta="null" EndDate="2014-10-09 10:22:47.417 JST" Interest="1.0" Kind="selection" Navigation="null" OriginId="org.eclipse.jdt.ui.CompilationUnitEditor" StartDate="2014-10-09 10:22:47.417 JST" StructureHandle="=TA2/src&amp;lt;ta2.utils{Methods_dlg.java[Methods_dlg~_dlg_AddMemo_Set_LV_3~QActivity;~QDialog;" StructureKind="java"/><InteractionEvent Delta="null" EndDate="2014-10-09 10:09:02.702 JST" Interest="1.0" Kind="selection" Navigation="null" OriginId="org.eclipse.jdt.ui.CompilationUnitEditor" StartDate="2014-10-09 10:09:02.702 JST" StructureHandle="=TA2/src&amp;lt;ta2.utils{Tags.java[Tags[DialogTags^DLG_EDIT_MEMOS_ACTV_IMAGE_BT_OK" StructureKind="java"/><InteractionEvent Delta="null" EndDate="2014-10-09 10:09:02.703 JST" Interest="0.01700002" Kind="propagation" Navigation="org.eclipse.mylyn.core.model.edges.containment" OriginId="org.eclipse.mylyn.core.model.interest.propagation" StartDate="2014-10-09 10:09:02.703 JST" StructureHandle="=TA2/src&amp;lt;ta2.utils{Tags.java" StructureKind="java"/><InteractionEvent Delta="null" EndDate="2014-10-09 10:09:01.824 JST" Interest="1.0" Kind="selection" Navigation="null" OriginId="org.eclipse.jdt.ui.CompilationUnitEditor" StartDate="2014-10-09 10:09:01.824 JST" StructureHandle="=TA2/src&amp;lt;ta2.utils{Tags.java" StructureKind="java"/><InteractionEvent Delta="null" EndDate="2014-10-09 10:40:08.630 JST" Interest="1.0" Kind="edit" Navigation="null" OriginId="org.eclipse.jdt.ui.CompilationUnitEditor" StartDate="2014-10-09 10:40:08.630 JST" StructureHandle="=TA2/src&amp;lt;ta2.listeners.button{BO_CL.java[BO_CL~case_ACTV_MEMO_SAVE" StructureKind="java"/><InteractionEvent Delta="null" EndDate="2014-10-09 10:40:07.823 JST" Interest="6.9560003" Kind="manipulation" Navigation="null" OriginId="org.eclipse.mylyn.core.model.interest.decay.correction" StartDate="2014-10-09 10:40:07.823 JST" StructureHandle="=TA2/src&amp;lt;ta2.listeners.button{BO_CL.java[BO_CL~case_ACTV_MEMO_SAVE" StructureKind="java"/><InteractionEvent Delta="null" EndDate="2014-10-09 10:41:51.762 JST" Interest="5.0" Kind="selection" Navigation="null" OriginId="org.eclipse.ui.views.ContentOutline" StartDate="2014-10-09 10:04:57.160 JST" StructureHandle="=TA2/src&amp;lt;ta2.listeners.button{BO_CL.java[BO_CL~case_ACTV_MEMO_SAVE" StructureKind="java" NumEvents="5" CreationCount="96"/><InteractionEvent Delta="null" EndDate="2014-10-09 10:42:42.524 JST" Interest="1.0" Kind="edit" Navigation="null" OriginId="org.eclipse.jdt.ui.CompilationUnitEditor" StartDate="2014-10-09 10:42:42.524 JST" StructureHandle="=TA2/src&amp;lt;ta2.listeners.button{BO_CL.java[BO_CL~case_ACTV_REC_STOP" StructureKind="java"/><InteractionEvent Delta="null" EndDate="2014-10-09 10:47:55.572 JST" Interest="6.0" Kind="selection" Navigation="null" OriginId="org.eclipse.jdt.ui.CompilationUnitEditor" StartDate="2014-10-09 10:42:41.945 JST" StructureHandle="=TA2/src&amp;lt;ta2.listeners.button{BO_CL.java[BO_CL~case_ACTV_REC_STOP" StructureKind="java" NumEvents="6" CreationCount="642"/><InteractionEvent Delta="null" EndDate="2014-10-09 10:03:26.75 JST" Interest="1.0" Kind="selection" Navigation="null" OriginId="org.eclipse.jdt.ui.PackageExplorer" StartDate="2014-10-09 10:03:26.75 JST" StructureHandle="=TA2/src&amp;lt;ta2.main" StructureKind="java"/><InteractionEvent Delta="null" EndDate="2014-10-09 10:19:59.206 JST" Interest="32.11" Kind="propagation" Navigation="org.eclipse.mylyn.core.model.edges.containment" OriginId="org.eclipse.mylyn.core.model.interest.propagation" StartDate="2014-10-09 10:02:13.377 JST" StructureHandle="=TA2/src&amp;lt;ta2.main" StructureKind="java" NumEvents="44" CreationCount="38"/><InteractionEvent Delta="null" EndDate="2014-10-09 10:03:19.672 JST" Interest="1.0" Kind="selection" Navigation="null" OriginId="org.eclipse.jdt.ui.PackageExplorer" StartDate="2014-10-09 10:03:19.672 JST" StructureHandle="/TA2/res/menu/menu_actv_main.xml" StructureKind="resource"/><InteractionEvent Delta="null" EndDate="2014-10-09 10:41:56.877 JST" Interest="6.0" Kind="edit" Navigation="null" OriginId="org.eclipse.jdt.ui.CompilationUnitEditor" StartDate="2014-10-09 10:06:38.975 JST" StructureHandle="=TA2/src&amp;lt;ta2.listeners.button{BO_CL.java[BO_CL~case_ACTV_PLAY_TV" StructureKind="java" NumEvents="6" CreationCount="108"/><InteractionEvent Delta="null" EndDate="2014-10-09 10:41:56.290 JST" Interest="3.0170002" Kind="manipulation" Navigation="null" OriginId="org.eclipse.mylyn.core.model.interest.decay.correction" StartDate="2014-10-09 10:41:56.290 JST" StructureHandle="=TA2/src&amp;lt;ta2.listeners.button{BO_CL.java[BO_CL~case_ACTV_PLAY_TV" StructureKind="java"/><InteractionEvent Delta="null" EndDate="2014-10-09 10:42:42.40 JST" Interest="8.0" Kind="selection" Navigation="null" OriginId="org.eclipse.jdt.ui.CompilationUnitEditor" StartDate="2014-10-09 10:06:36.721 JST" StructureHandle="=TA2/src&amp;lt;ta2.listeners.button{BO_CL.java[BO_CL~case_ACTV_PLAY_TV" StructureKind="java" NumEvents="8" CreationCount="108"/><InteractionEvent Delta="null" EndDate="2014-10-09 10:42:38.460 JST" Interest="1.0" Kind="selection" Navigation="null" OriginId="org.eclipse.ui.views.ContentOutline" StartDate="2014-10-09 10:42:38.460 JST" StructureHandle="=TA2/src&amp;lt;ta2.listeners.button{BO_CL.java[BO_CL~case_ACTV_REC_REC" StructureKind="java"/><InteractionEvent Delta="null" EndDate="2014-10-09 10:47:59.650 JST" Interest="471.397" Kind="propagation" Navigation="org.eclipse.mylyn.core.model.edges.containment" OriginId="org.eclipse.mylyn.core.model.interest.propagation" StartDate="2014-10-09 10:04:46.758 JST" StructureHandle="/TA2/src/ta2/listeners" StructureKind="resource" NumEvents="473" CreationCount="91"/><InteractionEvent Delta="null" EndDate="2014-10-09 10:09:02.703 JST" Interest="1.0" Kind="propagation" Navigation="org.eclipse.mylyn.core.model.edges.containment" OriginId="org.eclipse.mylyn.core.model.interest.propagation" StartDate="2014-10-09 10:09:02.703 JST" StructureHandle="=TA2/src&amp;lt;ta2.utils{Tags.java[Tags" StructureKind="java"/><InteractionEvent Delta="null" EndDate="2014-10-09 10:09:02.703 JST" Interest="2.0" Kind="propagation" Navigation="null" OriginId="org.eclipse.jdt.ui.CompilationUnitEditor" StartDate="2014-10-09 10:09:01.825 JST" StructureHandle="/TA2/src/ta2/utils/Tags.java" StructureKind="resource" NumEvents="2" CreationCount="164"/><InteractionEvent Delta="null" EndDate="2014-10-09 10:48:04.489 JST" Interest="4.0" Kind="prediction" Navigation="null" OriginId="org.eclipse.mylyn.resources.ui.interest.updater" StartDate="2014-10-09 10:09:44.804 JST" StructureHandle="/TA2/bin/TA2.apk" StructureKind="resource" NumEvents="4" CreationCount="188"/><InteractionEvent Delta="null" EndDate="2014-10-09 10:47:59.650 JST" Interest="471.397" Kind="propagation" Navigation="null" OriginId="org.eclipse.jdt.ui.CompilationUnitEditor" StartDate="2014-10-09 10:04:46.758 JST" StructureHandle="/TA2/src/ta2/listeners/dialog" StructureKind="resource" NumEvents="470" CreationCount="91"/><InteractionEvent Delta="null" EndDate="2014-10-09 10:39:23.732 JST" Interest="1.0" Kind="selection" Navigation="null" OriginId="org.eclipse.search.ui.views.SearchView" StartDate="2014-10-09 10:39:23.732 JST" StructureHandle="=TA2/src&amp;lt;ta2.utils" StructureKind="java"/><InteractionEvent Delta="null" EndDate="2014-10-09 10:35:36.83 JST" Interest="58.248" Kind="propagation" Navigation="org.eclipse.mylyn.core.model.edges.containment" OriginId="org.eclipse.mylyn.core.model.interest.propagation" StartDate="2014-10-09 10:06:01.964 JST" StructureHandle="=TA2/src&amp;lt;ta2.utils" StructureKind="java" NumEvents="87" CreationCount="100"/><InteractionEvent Delta="null" EndDate="2014-10-09 10:01:47.488 JST" Interest="1.0" Kind="selection" Navigation="null" OriginId="org.eclipse.jdt.ui.PackageExplorer" StartDate="2014-10-09 10:01:47.488 JST" StructureHandle="/TA2/res/menu/image_actv_menu.xml" StructureKind="resource"/><InteractionEvent Delta="null" EndDate="2014-10-09 10:41:51.754 JST" Interest="2.417" Kind="propagation" Navigation="org.eclipse.mylyn.core.model.edges.containment" OriginId="org.eclipse.mylyn.core.model.interest.propagation" StartDate="2014-10-09 10:41:27.400 JST" StructureHandle="=TA2/src&amp;lt;ta2.utils{DBUtils.java" StructureKind="java" NumEvents="4" CreationCount="601"/><InteractionEvent Delta="null" EndDate="2014-10-09 10:41:26.617 JST" Interest="1.0" Kind="selection" Navigation="null" OriginId="org.eclipse.jdt.ui.CompilationUnitEditor" StartDate="2014-10-09 10:41:26.617 JST" StructureHandle="=TA2/src&amp;lt;ta2.utils{DBUtils.java" StructureKind="java"/><InteractionEvent Delta="null" EndDate="2014-10-09 10:09:02.703 JST" Interest="1.0" Kind="propagation" Navigation="org.eclipse.mylyn.core.model.edges.containment" OriginId="org.eclipse.mylyn.core.model.interest.propagation" StartDate="2014-10-09 10:09:02.703 JST" StructureHandle="=TA2/src&amp;lt;ta2.utils{Tags.java[Tags[DialogTags" StructureKind="java"/><InteractionEvent Delta="null" EndDate="2014-10-09 10:03:14.593 JST" Interest="14.0" Kind="edit" Navigation="null" OriginId="com.android.ide.eclipse.editors.CommonXmlEditor" StartDate="2014-10-09 10:02:18.430 JST" StructureHandle="/TA2/res/menu/menu_actv_image.xml" StructureKind="resource" NumEvents="14" CreationCount="38"/><InteractionEvent Delta="null" EndDate="2014-10-09 10:03:18.191 JST" Interest="4.0" Kind="selection" Navigation="null" OriginId="org.eclipse.jdt.ui.PackageExplorer" StartDate="2014-10-09 10:02:16.630 JST" StructureHandle="/TA2/res/menu/menu_actv_image.xml" StructureKind="resource" NumEvents="4" CreationCount="38"/><InteractionEvent Delta="null" EndDate="2014-10-09 10:02:13.378 JST" Interest="1.0" Kind="propagation" Navigation="null" OriginId="org.eclipse.mylyn.resources.ui.interest.updater" StartDate="2014-10-09 10:02:13.378 JST" StructureHandle="/TA2/res/menu/menu_actv_image.xml" StructureKind="resource"/><InteractionEvent Delta="null" EndDate="2014-10-09 10:39:51.291 JST" Interest="1.5509999" Kind="propagation" Navigation="org.eclipse.mylyn.core.model.edges.containment" OriginId="org.eclipse.mylyn.core.model.interest.propagation" StartDate="2014-10-09 10:39:36.993 JST" StructureHandle="=TA2/src&amp;lt;ta2.utils{Methods.java" StructureKind="java" NumEvents="3" CreationCount="556"/><InteractionEvent Delta="null" EndDate="2014-10-09 10:47:54.940 JST" Interest="12.0" Kind="selection" Navigation="null" OriginId="org.eclipse.jdt.ui.CompilationUnitEditor" StartDate="2014-10-09 10:39:24.961 JST" StructureHandle="=TA2/src&amp;lt;ta2.utils{Methods.java" StructureKind="java" NumEvents="12" CreationCount="556"/><InteractionEvent Delta="null" EndDate="2014-10-09 10:03:04.663 JST" Interest="21.0" Kind="edit" Navigation="null" OriginId="com.android.ide.eclipse.editors.CommonXmlEditor" StartDate="2014-10-09 10:00:30.43 JST" StructureHandle="/TA2/res/values/strings.xml" StructureKind="resource" NumEvents="21" CreationCount="5"/><InteractionEvent Delta="null" EndDate="2014-10-09 10:02:51.275 JST" Interest="5.0" Kind="selection" Navigation="null" OriginId="com.android.ide.eclipse.editors.CommonXmlEditor" StartDate="2014-10-09 10:00:29.20 JST" StructureHandle="/TA2/res/values/strings.xml" StructureKind="resource" NumEvents="5" CreationCount="5"/><InteractionEvent Delta="null" EndDate="2014-10-09 10:08:18.69 JST" Interest="1.0" Kind="edit" Navigation="null" OriginId="org.eclipse.jdt.ui.CompilationUnitEditor" StartDate="2014-10-09 10:08:18.69 JST" StructureHandle="=TA2/src&amp;lt;ta2.utils{Methods_dlg.java[Methods_dlg" StructureKind="java"/><InteractionEvent Delta="null" EndDate="2014-10-09 10:22:49.787 JST" Interest="8.0" Kind="selection" Navigation="null" OriginId="org.eclipse.jdt.ui.CompilationUnitEditor" StartDate="2014-10-09 10:07:02.831 JST" StructureHandle="=TA2/src&amp;lt;ta2.utils{Methods_dlg.java[Methods_dlg" StructureKind="java" NumEvents="8" CreationCount="101"/><InteractionEvent Delta="null" EndDate="2014-10-09 10:35:36.171 JST" Interest="49.531" Kind="propagation" Navigation="org.eclipse.mylyn.core.model.edges.containment" OriginId="org.eclipse.mylyn.core.model.interest.propagation" StartDate="2014-10-09 10:06:08.235 JST" StructureHandle="=TA2/src&amp;lt;ta2.utils{Methods_dlg.java[Methods_dlg" StructureKind="java" NumEvents="70" CreationCount="101"/><InteractionEvent Delta="null" EndDate="2014-10-09 10:35:36.171 JST" Interest="161.0" Kind="propagation" Navigation="null" OriginId="org.eclipse.jdt.ui.CompilationUnitEditor" StartDate="2014-10-09 10:06:01.964 JST" StructureHandle="/TA2/src/ta2/utils/Methods_dlg.java" StructureKind="resource" NumEvents="161" CreationCount="100"/><InteractionEvent Delta="null" EndDate="2014-10-09 10:19:59.206 JST" Interest="32.6" Kind="propagation" Navigation="org.eclipse.mylyn.core.model.edges.containment" OriginId="org.eclipse.mylyn.core.model.interest.propagation" StartDate="2014-10-09 10:03:34.37 JST" StructureHandle="=TA2/src&amp;lt;ta2.main{ImageActv.java[ImageActv" StructureKind="java" NumEvents="44" CreationCount="68"/><InteractionEvent Delta="null" EndDate="2014-10-09 10:47:59.650 JST" Interest="839.629" Kind="propagation" Navigation="org.eclipse.mylyn.core.model.edges.containment" OriginId="org.eclipse.mylyn.core.model.interest.propagation" StartDate="2014-10-09 10:00:16.226 JST" StructureHandle="/" StructureKind="resource" NumEvents="852" CreationCount="1"/><InteractionEvent Delta="null" EndDate="2014-10-09 10:19:55.613 JST" Interest="38.0" Kind="edit" Navigation="null" OriginId="org.eclipse.jdt.ui.CompilationUnitEditor" StartDate="2014-10-09 10:03:34.67 JST" StructureHandle="=TA2/src&amp;lt;ta2.main{ImageActv.java[ImageActv~onOptionsItemSelected~QMenuItem;" StructureKind="java" NumEvents="38" CreationCount="68"/><InteractionEvent Delta="null" EndDate="2014-10-09 10:19:59.206 JST" Interest="6.0" Kind="selection" Navigation="null" OriginId="org.eclipse.jdt.ui.CompilationUnitEditor" StartDate="2014-10-09 10:03:34.37 JST" StructureHandle="=TA2/src&amp;lt;ta2.main{ImageActv.java[ImageActv~onOptionsItemSelected~QMenuItem;" StructureKind="java" NumEvents="6" CreationCount="68"/><InteractionEvent Delta="null" EndDate="2014-10-09 10:43:55.939 JST" Interest="6.0" Kind="edit" Navigation="null" OriginId="org.eclipse.jdt.ui.CompilationUnitEditor" StartDate="2014-10-09 10:40:22.827 JST" StructureHandle="=TA2/src&amp;lt;ta2.utils{Methods.java[Methods~report_Save_Memos~QActivity;~I" StructureKind="java" NumEvents="6" CreationCount="570"/><InteractionEvent Delta="null" EndDate="2014-10-09 10:46:30.27 JST" Interest="5.0" Kind="selection" Navigation="null" OriginId="org.eclipse.jdt.ui.CompilationUnitEditor" StartDate="2014-10-09 10:40:21.314 JST" StructureHandle="=TA2/src&amp;lt;ta2.utils{Methods.java[Methods~report_Save_Memos~QActivity;~I" StructureKind="java" NumEvents="5" CreationCount="570"/><InteractionEvent Delta="null" EndDate="2014-10-09 10:16:28.652 JST" Interest="6.334" Kind="propagation" Navigation="org.eclipse.mylyn.core.model.edges.containment" OriginId="org.eclipse.mylyn.core.model.interest.propagation" StartDate="2014-10-09 10:16:15.627 JST" StructureHandle="=TA2/src&amp;lt;ta2.listeners.dialog{DB_OTL.java" StructureKind="java" NumEvents="11" CreationCount="232"/><InteractionEvent Delta="null" EndDate="2014-10-09 10:35:34.942 JST" Interest="4.0" Kind="selection" Navigation="null" OriginId="org.eclipse.jdt.ui.CompilationUnitEditor" StartDate="2014-10-09 10:16:14.842 JST" StructureHandle="=TA2/src&amp;lt;ta2.listeners.dialog{DB_OTL.java" StructureKind="java" NumEvents="4" CreationCount="232"/><InteractionEvent Delta="null" EndDate="2014-10-09 10:21:17.812 JST" Interest="3.0" Kind="propagation" Navigation="org.eclipse.mylyn.core.model.edges.containment" OriginId="org.eclipse.mylyn.core.model.interest.propagation" StartDate="2014-10-09 10:09:44.804 JST" StructureHandle="/TA2/bin" StructureKind="resource" NumEvents="3" CreationCount="188"/><InteractionEvent Delta="null" EndDate="2014-10-09 10:06:09.11 JST" Interest="1.0" Kind="edit" Navigation="null" OriginId="org.eclipse.jdt.ui.CompilationUnitEditor" StartDate="2014-10-09 10:06:09.11 JST" StructureHandle="=TA2/src&amp;lt;ta2.utils{Methods_dlg.java[Methods_dlg~dlg_Template_Cancel~QActivity;~I~I~I~QTags.DialogTags;" StructureKind="java"/><InteractionEvent Delta="null" EndDate="2014-10-09 10:06:08.235 JST" Interest="1.0" Kind="selection" Navigation="null" OriginId="org.eclipse.jdt.ui.CompilationUnitEditor" StartDate="2014-10-09 10:06:08.235 JST" StructureHandle="=TA2/src&amp;lt;ta2.utils{Methods_dlg.java[Methods_dlg~dlg_Template_Cancel~QActivity;~I~I~I~QTags.DialogTags;" StructureKind="java"/><InteractionEvent Delta="null" EndDate="2014-10-09 10:45:49.805 JST" Interest="1.0" Kind="selection" Navigation="null" OriginId="org.eclipse.jdt.ui.CompilationUnitEditor" StartDate="2014-10-09 10:45:49.805 JST" StructureHandle="=TA2/src&amp;lt;ta2.utils{CONS.java[CONS[RecActv^fmt_FileName" StructureKind="java"/><InteractionEvent Delta="null" EndDate="2014-10-09 10:35:33.382 JST" Interest="47.248" Kind="propagation" Navigation="org.eclipse.mylyn.core.model.edges.containment" OriginId="org.eclipse.mylyn.core.model.interest.propagation" StartDate="2014-10-09 10:06:08.236 JST" StructureHandle="=TA2/src&amp;lt;ta2.utils{Methods_dlg.java" StructureKind="java" NumEvents="72" CreationCount="100"/><InteractionEvent Delta="null" EndDate="2014-10-09 10:35:36.83 JST" Interest="11.0" Kind="selection" Navigation="null" OriginId="org.eclipse.jdt.ui.CompilationUnitEditor" StartDate="2014-10-09 10:06:01.964 JST" StructureHandle="=TA2/src&amp;lt;ta2.utils{Methods_dlg.java" StructureKind="java" NumEvents="11" CreationCount="100"/><InteractionEvent Delta="null" EndDate="2014-10-09 10:16:41.544 JST" Interest="1.0" Kind="selection" Navigation="null" OriginId="org.eclipse.jdt.ui.CompilationUnitEditor" StartDate="2014-10-09 10:16:41.544 JST" StructureHandle="=TA2/src&amp;lt;ta2.listeners.dialog{DB_OCL.java[DB_OCL~DB_OCL~QActivity;~QDialog;" StructureKind="java"/><InteractionEvent Delta="null" EndDate="2014-10-09 10:42:38.461 JST" Interest="9.691002" Kind="propagation" Navigation="org.eclipse.mylyn.core.model.edges.containment" OriginId="org.eclipse.mylyn.core.model.interest.propagation" StartDate="2014-10-09 10:04:56.5 JST" StructureHandle="=TA2/src&amp;lt;ta2.listeners.button{BO_CL.java" StructureKind="java" NumEvents="18" CreationCount="94"/><InteractionEvent Delta="null" EndDate="2014-10-09 10:47:55.178 JST" Interest="15.0" Kind="selection" Navigation="null" OriginId="org.eclipse.jdt.ui.CompilationUnitEditor" StartDate="2014-10-09 10:04:54.105 JST" StructureHandle="=TA2/src&amp;lt;ta2.listeners.button{BO_CL.java" StructureKind="java" NumEvents="15" CreationCount="94"/><InteractionEvent Delta="null" EndDate="2014-10-09 10:20:04.730 JST" Interest="75.0" Kind="propagation" Navigation="null" OriginId="org.eclipse.jdt.ui.CompilationUnitEditor" StartDate="2014-10-09 10:02:13.377 JST" StructureHandle="/TA2/src/ta2/main" StructureKind="resource" NumEvents="75" CreationCount="38"/><InteractionEvent Delta="null" EndDate="2014-10-09 10:47:55.179 JST" Interest="23.708002" Kind="propagation" Navigation="org.eclipse.mylyn.core.model.edges.containment" OriginId="org.eclipse.mylyn.core.model.interest.propagation" StartDate="2014-10-09 10:04:54.106 JST" StructureHandle="=TA2/src&amp;lt;ta2.listeners.button" StructureKind="java" NumEvents="35" CreationCount="93"/><InteractionEvent Delta="null" EndDate="2014-10-09 10:04:51.437 JST" Interest="1.0" Kind="selection" Navigation="null" OriginId="org.eclipse.jdt.ui.PackageExplorer" StartDate="2014-10-09 10:04:51.437 JST" StructureHandle="=TA2/src&amp;lt;ta2.listeners.button" StructureKind="java"/><InteractionEvent Delta="null" EndDate="2014-10-09 10:41:51.753 JST" Interest="3.4" Kind="propagation" Navigation="org.eclipse.mylyn.core.model.edges.containment" OriginId="org.eclipse.mylyn.core.model.interest.propagation" StartDate="2014-10-09 10:41:27.400 JST" StructureHandle="=TA2/src&amp;lt;ta2.utils{DBUtils.java[DBUtils" StructureKind="java" NumEvents="4" CreationCount="602"/><InteractionEvent Delta="null" EndDate="2014-10-09 10:47:54.941 JST" Interest="47.0" Kind="propagation" Navigation="null" OriginId="org.eclipse.jdt.ui.CompilationUnitEditor" StartDate="2014-10-09 10:39:24.962 JST" StructureHandle="/TA2/src/ta2/utils/Methods.java" StructureKind="resource" NumEvents="47" CreationCount="556"/><InteractionEvent Delta="null" EndDate="2014-10-09 10:19:59.726 JST" Interest="3.0" Kind="edit" Navigation="null" OriginId="org.eclipse.jdt.ui.CompilationUnitEditor" StartDate="2014-10-09 10:19:59.719 JST" StructureHandle="=TA2/src&amp;lt;ta2.main{ImageActv.java[ImageActv~_case_AddMemo" StructureKind="java" NumEvents="3" CreationCount="276"/><InteractionEvent Delta="null" EndDate="2014-10-09 10:20:01.685 JST" Interest="5.0" Kind="selection" Navigation="null" OriginId="org.eclipse.jdt.ui.CompilationUnitEditor" StartDate="2014-10-09 10:19:59.142 JST" StructureHandle="=TA2/src&amp;lt;ta2.main{ImageActv.java[ImageActv~_case_AddMemo" StructureKind="java" NumEvents="5" CreationCount="276"/><InteractionEvent Delta="null" EndDate="2014-10-09 10:06:59.553 JST" Interest="2.0" Kind="edit" Navigation="null" OriginId="org.eclipse.jdt.ui.CompilationUnitEditor" StartDate="2014-10-09 10:06:14.394 JST" StructureHandle="=TA2/src&amp;lt;ta2.utils{Methods_dlg.java[Methods_dlg~dlg_EditMemo~QActivity;" StructureKind="java" NumEvents="2" CreationCount="103"/><InteractionEvent Delta="null" EndDate="2014-10-09 10:09:13.298 JST" Interest="3.0" Kind="selection" Navigation="null" OriginId="org.eclipse.jdt.ui.CompilationUnitEditor" StartDate="2014-10-09 10:06:12.145 JST" StructureHandle="=TA2/src&amp;lt;ta2.utils{Methods_dlg.java[Methods_dlg~dlg_EditMemo~QActivity;" StructureKind="java" NumEvents="3" CreationCount="103"/><InteractionEvent Delta="null" EndDate="2014-10-09 10:39:51.290 JST" Interest="5.0" Kind="edit" Navigation="null" OriginId="org.eclipse.jdt.ui.CompilationUnitEditor" StartDate="2014-10-09 10:39:29.753 JST" StructureHandle="=TA2/src&amp;lt;ta2.utils{Methods.java[Methods~save_Memo~QActivity;" StructureKind="java" NumEvents="5" CreationCount="559"/><InteractionEvent Delta="null" EndDate="2014-10-09 10:39:28.589 JST" Interest="1.0" Kind="selection" Navigation="null" OriginId="org.eclipse.jdt.ui.CompilationUnitEditor" StartDate="2014-10-09 10:39:28.589 JST" StructureHandle="=TA2/src&amp;lt;ta2.utils{Methods.java[Methods~save_Memo~QActivity;" StructureKind="java"/><InteractionEvent Delta="null" EndDate="2014-10-09 10:34:41.651 JST" Interest="37.0" Kind="edit" Navigation="null" OriginId="org.eclipse.jdt.ui.CompilationUnitEditor" StartDate="2014-10-09 10:07:12.117 JST" StructureHandle="=TA2/src&amp;lt;ta2.utils{Methods_dlg.java[Methods_dlg~dlg_EditMemo_ImageActv~QActivity;" StructureKind="java" NumEvents="37" CreationCount="118"/><InteractionEvent Delta="null" EndDate="2014-10-09 10:34:40.146 JST" Interest="8.0" Kind="selection" Navigation="null" OriginId="org.eclipse.jdt.ui.CompilationUnitEditor" StartDate="2014-10-09 10:07:06.266 JST" StructureHandle="=TA2/src&amp;lt;ta2.utils{Methods_dlg.java[Methods_dlg~dlg_EditMemo_ImageActv~QActivity;" StructureKind="java" NumEvents="8" CreationCount="118"/><InteractionEvent Delta="null" EndDate="2014-10-09 10:47:59.650 JST" Interest="839.629" Kind="propagation" Navigation="null" OriginId="org.eclipse.jdt.ui.CompilationUnitEditor" StartDate="2014-10-09 10:00:16.226 JST" StructureHandle="/TA2/src" StructureKind="resource" NumEvents="843" CreationCount="1"/><InteractionEvent Delta="null" EndDate="2014-10-09 10:47:59.649 JST" Interest="453.0" Kind="propagation" Navigation="null" OriginId="org.eclipse.jdt.ui.CompilationUnitEditor" StartDate="2014-10-09 10:16:40.683 JST" StructureHandle="/TA2/src/ta2/listeners/dialog/DB_OCL.java" StructureKind="resource" NumEvents="453" CreationCount="250"/><InteractionEvent Delta="null" EndDate="2014-10-09 10:47:59.650 JST" Interest="839.629" Kind="propagation" Navigation="org.eclipse.mylyn.core.model.edges.containment" OriginId="org.eclipse.mylyn.core.model.interest.propagation" StartDate="2014-10-09 10:00:16.226 JST" StructureHandle="=TA2" StructureKind="resource" NumEvents="852" CreationCount="1"/><InteractionEvent Delta="null" EndDate="2014-10-09 10:01:30.304 JST" Interest="1.0339999" Kind="propagation" Navigation="org.eclipse.mylyn.core.model.edges.containment" OriginId="org.eclipse.mylyn.core.model.interest.propagation" StartDate="2014-10-09 10:01:25.179 JST" StructureHandle="/TA2/res/drawable" StructureKind="resource" NumEvents="3" CreationCount="23"/><InteractionEvent Delta="null" EndDate="2014-10-09 10:01:31.127 JST" Interest="2.0" Kind="selection" Navigation="null" OriginId="org.eclipse.jdt.ui.PackageExplorer" StartDate="2014-10-09 10:01:21.511 JST" StructureHandle="/TA2/res/drawable" StructureKind="resource" NumEvents="2" CreationCount="23"/><InteractionEvent Delta="null" EndDate="2014-10-09 10:47:59.650 JST" Interest="248.939" Kind="propagation" Navigation="org.eclipse.mylyn.core.model.edges.containment" OriginId="org.eclipse.mylyn.core.model.interest.propagation" StartDate="2014-10-09 10:16:14.843 JST" StructureHandle="=TA2/src&amp;lt;ta2.listeners.dialog" StructureKind="java" NumEvents="363" CreationCount="91"/><InteractionEvent Delta="null" EndDate="2014-10-09 10:04:46.758 JST" Interest="1.0" Kind="selection" Navigation="null" OriginId="org.eclipse.jdt.ui.PackageExplorer" StartDate="2014-10-09 10:04:46.758 JST" StructureHandle="=TA2/src&amp;lt;ta2.listeners.dialog" StructureKind="java"/><InteractionEvent Delta="null" EndDate="2014-10-09 10:42:15.803 JST" Interest="5.0" Kind="edit" Navigation="null" OriginId="org.eclipse.jdt.ui.CompilationUnitEditor" StartDate="2014-10-09 10:06:36.56 JST" StructureHandle="=TA2/src&amp;lt;ta2.listeners.button{BO_CL.java[BO_CL~case_ACTV_PLAT_STOP" StructureKind="java" NumEvents="5" CreationCount="98"/><InteractionEvent Delta="null" EndDate="2014-10-09 10:42:11.722 JST" Interest="6.123001" Kind="manipulation" Navigation="null" OriginId="org.eclipse.mylyn.core.model.interest.decay.correction" StartDate="2014-10-09 10:42:11.722 JST" StructureHandle="=TA2/src&amp;lt;ta2.listeners.button{BO_CL.java[BO_CL~case_ACTV_PLAT_STOP" StructureKind="java"/><InteractionEvent Delta="null" EndDate="2014-10-09 10:42:35.593 JST" Interest="8.0" Kind="selection" Navigation="null" OriginId="org.eclipse.ui.views.ContentOutline" StartDate="2014-10-09 10:05:06.341 JST" StructureHandle="=TA2/src&amp;lt;ta2.listeners.button{BO_CL.java[BO_CL~case_ACTV_PLAT_STOP" StructureKind="java" NumEvents="8" CreationCount="98"/><InteractionEvent Delta="null" EndDate="2014-10-09 10:03:18.191 JST" Interest="11.919001" Kind="propagation" Navigation="org.eclipse.mylyn.core.model.edges.containment" OriginId="org.eclipse.mylyn.core.model.interest.propagation" StartDate="2014-10-09 10:02:18.349 JST" StructureHandle="/TA2/res/menu" StructureKind="resource" NumEvents="17" CreationCount="31"/><InteractionEvent Delta="null" EndDate="2014-10-09 10:01:44.677 JST" Interest="3.0" Kind="selection" Navigation="null" OriginId="org.eclipse.jdt.ui.PackageExplorer" StartDate="2014-10-09 10:01:35.886 JST" StructureHandle="/TA2/res/menu" StructureKind="resource" NumEvents="3" CreationCount="31"/><InteractionEvent Delta="null" EndDate="2014-10-09 10:05:02.317 JST" Interest="1.0" Kind="selection" Navigation="null" OriginId="org.eclipse.ui.views.ContentOutline" StartDate="2014-10-09 10:05:02.317 JST" StructureHandle="=TA2/src&amp;lt;ta2.listeners.button{BO_CL.java[BO_CL~case_ACTV_PLAY_CLEAR" StructureKind="java"/><InteractionEvent Delta="null" EndDate="2014-10-09 10:47:54.378 JST" Interest="6.2339997" Kind="propagation" Navigation="org.eclipse.mylyn.core.model.edges.containment" OriginId="org.eclipse.mylyn.core.model.interest.propagation" StartDate="2014-10-09 10:45:49.805 JST" StructureHandle="=TA2/src&amp;lt;ta2.utils{CONS.java[CONS" StructureKind="java" NumEvents="9" CreationCount="815"/><InteractionEvent Delta="null" EndDate="2014-10-09 10:02:13.377 JST" Interest="1.0" Kind="prediction" Navigation="null" OriginId="org.eclipse.mylyn.resources.ui.interest.updater" StartDate="2014-10-09 10:02:13.377 JST" StructureHandle="=TA2/src&amp;lt;ta2.main{ImageActv.java" StructureKind="java"/><InteractionEvent Delta="null" EndDate="2014-10-09 10:19:59.206 JST" Interest="27.109999" Kind="propagation" Navigation="org.eclipse.mylyn.core.model.edges.containment" OriginId="org.eclipse.mylyn.core.model.interest.propagation" StartDate="2014-10-09 10:03:34.555 JST" StructureHandle="=TA2/src&amp;lt;ta2.main{ImageActv.java" StructureKind="java" NumEvents="38" CreationCount="38"/><InteractionEvent Delta="null" EndDate="2014-10-09 10:19:52.651 JST" Interest="5.0" Kind="selection" Navigation="null" OriginId="org.eclipse.jdt.ui.CompilationUnitEditor" StartDate="2014-10-09 10:03:30.210 JST" StructureHandle="=TA2/src&amp;lt;ta2.main{ImageActv.java" StructureKind="java" NumEvents="5" CreationCount="38"/><InteractionEvent Delta="null" EndDate="2014-10-09 10:01:44.238 JST" Interest="2.0" Kind="selection" Navigation="null" OriginId="org.eclipse.jdt.ui.PackageExplorer" StartDate="2014-10-09 10:00:24.583 JST" StructureHandle="/TA2/res/raw" StructureKind="resource" NumEvents="2" CreationCount="3"/><InteractionEvent Delta="null" EndDate="2014-10-09 10:42:02.788 JST" Interest="1.0" Kind="selection" Navigation="null" OriginId="org.eclipse.ui.views.ContentOutline" StartDate="2014-10-09 10:42:02.788 JST" StructureHandle="=TA2/src&amp;lt;ta2.listeners.button{BO_CL.java[BO_CL~case_ACTV_PLAY_BACK" StructureKind="java"/><InteractionEvent Delta="null" EndDate="2014-10-09 10:04:56.5 JST" Interest="1.0" Kind="selection" Navigation="null" OriginId="org.eclipse.ui.views.ContentOutline" StartDate="2014-10-09 10:04:56.5 JST" StructureHandle="=TA2/src&amp;lt;ta2.listeners.button{BO_CL.java%ta2.listeners.button" StructureKind="java"/><InteractionEvent Delta="null" EndDate="2014-10-09 10:07:49.365 JST" Interest="4.0" Kind="edit" Navigation="null" OriginId="org.eclipse.jdt.ui.CompilationUnitEditor" StartDate="2014-10-09 10:07:35.498 JST" StructureHandle="=TA2/src&amp;lt;ta2.utils{Methods_dlg.java[Methods_dlg~_dlg_AddMemo_GetDialog~QActivity;" StructureKind="java" NumEvents="4" CreationCount="133"/><InteractionEvent Delta="null" EndDate="2014-10-09 10:22:40.945 JST" Interest="4.0" Kind="selection" Navigation="null" OriginId="org.eclipse.jdt.ui.CompilationUnitEditor" StartDate="2014-10-09 10:07:34.687 JST" StructureHandle="=TA2/src&amp;lt;ta2.utils{Methods_dlg.java[Methods_dlg~_dlg_AddMemo_GetDialog~QActivity;" StructureKind="java" NumEvents="4" CreationCount="133"/><InteractionEvent Delta="null" EndDate="2014-10-09 10:17:01.948 JST" Interest="5.0" Kind="edit" Navigation="null" OriginId="org.eclipse.jdt.ui.CompilationUnitEditor" StartDate="2014-10-09 10:16:47.693 JST" StructureHandle="=TA2/src&amp;lt;ta2.listeners.dialog{DB_OCL.java[DB_OCL~onClick~QView;" StructureKind="java" NumEvents="5" CreationCount="252"/><InteractionEvent Delta="null" EndDate="2014-10-09 10:16:45.675 JST" Interest="1.0" Kind="selection" Navigation="null" OriginId="org.eclipse.jdt.ui.CompilationUnitEditor" StartDate="2014-10-09 10:16:45.675 JST" StructureHandle="=TA2/src&amp;lt;ta2.listeners.dialog{DB_OCL.java[DB_OCL~onClick~QView;" StructureKind="java"/><InteractionEvent Delta="null" EndDate="2014-10-09 10:48:04.489 JST" Interest="4.0" Kind="prediction" Navigation="null" OriginId="org.eclipse.mylyn.resources.ui.interest.updater" StartDate="2014-10-09 10:09:44.804 JST" StructureHandle="/TA2/bin/classes.dex" StructureKind="resource" NumEvents="4" CreationCount="188"/><InteractionEvent Delta="null" EndDate="2014-10-09 10:42:35.593 JST" Interest="17.657001" Kind="propagation" Navigation="org.eclipse.mylyn.core.model.edges.containment" OriginId="org.eclipse.mylyn.core.model.interest.propagation" StartDate="2014-10-09 10:04:57.161 JST" StructureHandle="=TA2/src&amp;lt;ta2.listeners.button{BO_CL.java[BO_CL" StructureKind="java" NumEvents="20" CreationCount="96"/><InteractionEvent Delta="null" EndDate="2014-10-09 10:42:31.173 JST" Interest="4.0" Kind="edit" Navigation="null" OriginId="org.eclipse.jdt.ui.CompilationUnitEditor" StartDate="2014-10-09 10:42:19.834 JST" StructureHandle="=TA2/src&amp;lt;ta2.utils{Methods.java[Methods~stop_Player~QActivity;" StructureKind="java" NumEvents="4" CreationCount="629"/><InteractionEvent Delta="null" EndDate="2014-10-09 10:42:45.973 JST" Interest="4.0" Kind="selection" Navigation="null" OriginId="org.eclipse.jdt.ui.CompilationUnitEditor" StartDate="2014-10-09 10:42:19.31 JST" StructureHandle="=TA2/src&amp;lt;ta2.utils{Methods.java[Methods~stop_Player~QActivity;" StructureKind="java" NumEvents="4" CreationCount="629"/><InteractionEvent Delta="null" EndDate="2014-10-09 10:45:54.381 JST" Interest="1.0" Kind="selection" Navigation="null" OriginId="org.eclipse.jdt.ui.CompilationUnitEditor" StartDate="2014-10-09 10:45:54.381 JST" StructureHandle="=TA2/src&amp;lt;ta2.utils{CONS.java[CONS[RecActv" StructureKind="java"/><InteractionEvent Delta="null" EndDate="2014-10-09 10:47:54.378 JST" Interest="5.2339997" Kind="propagation" Navigation="org.eclipse.mylyn.core.model.edges.containment" OriginId="org.eclipse.mylyn.core.model.interest.propagation" StartDate="2014-10-09 10:45:49.805 JST" StructureHandle="=TA2/src&amp;lt;ta2.utils{CONS.java[CONS[RecActv" StructureKind="java" NumEvents="7" CreationCount="815"/><InteractionEvent Delta="null" EndDate="2014-10-09 10:03:04.664 JST" Interest="18.751" Kind="propagation" Navigation="org.eclipse.mylyn.core.model.edges.containment" OriginId="org.eclipse.mylyn.core.model.interest.propagation" StartDate="2014-10-09 10:00:24.583 JST" StructureHandle="/TA2/res" StructureKind="resource" NumEvents="28" CreationCount="2"/><InteractionEvent Delta="null" EndDate="2014-10-09 10:00:18.149 JST" Interest="1.0" Kind="selection" Navigation="null" OriginId="org.eclipse.jdt.ui.PackageExplorer" StartDate="2014-10-09 10:00:18.149 JST" StructureHandle="/TA2/res" StructureKind="resource"/><InteractionEvent Delta="null" EndDate="2014-10-09 10:35:35.160 JST" Interest="8.316999" Kind="propagation" Navigation="org.eclipse.mylyn.core.model.edges.containment" OriginId="org.eclipse.mylyn.core.model.interest.propagation" StartDate="2014-10-09 10:16:15.627 JST" StructureHandle="=TA2/src&amp;lt;ta2.listeners.dialog{DB_OTL.java[DB_OTL" StructureKind="java" NumEvents="12" CreationCount="233"/><InteractionEvent Delta="null" EndDate="2014-10-09 10:41:29.690 JST" Interest="2.0" Kind="edit" Navigation="null" OriginId="org.eclipse.jdt.ui.CompilationUnitEditor" StartDate="2014-10-09 10:41:28.27 JST" StructureHandle="=TA2/src&amp;lt;ta2.utils{DBUtils.java[DBUtils~save_Memo~QActivity;~QString;" StructureKind="java" NumEvents="2" CreationCount="602"/><InteractionEvent Delta="null" EndDate="2014-10-09 10:41:51.753 JST" Interest="2.0" Kind="selection" Navigation="null" OriginId="org.eclipse.ui.views.ContentOutline" StartDate="2014-10-09 10:41:27.398 JST" StructureHandle="=TA2/src&amp;lt;ta2.utils{DBUtils.java[DBUtils~save_Memo~QActivity;~QString;" StructureKind="java" NumEvents="2" CreationCount="602"/><InteractionEvent Delta="null" EndDate="2014-10-09 10:01:30.444 JST" Interest="1.0" Kind="selection" Navigation="null" OriginId="org.eclipse.jdt.ui.PackageExplorer" StartDate="2014-10-09 10:01:30.444 JST" StructureHandle="/TA2/res/drawable/general_ib_ball_green_48x48.png" StructureKind="resource"/><InteractionEvent Delta="null" EndDate="2014-10-09 10:47:54.378 JST" Interest="6.0" Kind="edit" Navigation="null" OriginId="org.eclipse.jdt.ui.CompilationUnitEditor" StartDate="2014-10-09 10:46:01.628 JST" StructureHandle="=TA2/src&amp;lt;ta2.utils{CONS.java[CONS[RecActv^fmt_FileName_Photo" StructureKind="java" NumEvents="6" CreationCount="817"/><InteractionEvent Delta="null" EndDate="2014-10-09 10:47:51.895 JST" Interest="2.0" Kind="selection" Navigation="null" OriginId="org.eclipse.jdt.ui.CompilationUnitEditor" StartDate="2014-10-09 10:45:57.318 JST" StructureHandle="=TA2/src&amp;lt;ta2.utils{CONS.java[CONS[RecActv^fmt_FileName_Photo" StructureKind="java" NumEvents="2" CreationCount="817"/><InteractionEvent Delta="null" EndDate="2014-10-09 10:47:54.378 JST" Interest="4.251" Kind="propagation" Navigation="org.eclipse.mylyn.core.model.edges.containment" OriginId="org.eclipse.mylyn.core.model.interest.propagation" StartDate="2014-10-09 10:45:49.805 JST" StructureHandle="=TA2/src&amp;lt;ta2.utils{CONS.java" StructureKind="java" NumEvents="9" CreationCount="814"/><InteractionEvent Delta="null" EndDate="2014-10-09 10:47:51.659 JST" Interest="2.0" Kind="selection" Navigation="null" OriginId="org.eclipse.jdt.ui.CompilationUnitEditor" StartDate="2014-10-09 10:45:49.68 JST" StructureHandle="=TA2/src&amp;lt;ta2.utils{CONS.java" StructureKind="java" NumEvents="2" CreationCount="814"/><InteractionEvent Delta="null" EndDate="2014-10-09 10:01:25.178 JST" Interest="1.0" Kind="selection" Navigation="null" OriginId="org.eclipse.jdt.ui.PackageExplorer" StartDate="2014-10-09 10:01:25.178 JST" StructureHandle="/TA2/res/drawable/general_ib_ball_brown_48x48.png" StructureKind="resource"/><InteractionEvent Delta="null" EndDate="2014-10-09 10:45:00.996 JST" Interest="2.0" Kind="edit" Navigation="null" OriginId="org.eclipse.jdt.ui.CompilationUnitEditor" StartDate="2014-10-09 10:36:48.310 JST" StructureHandle="=TA2/src&amp;lt;ta2.listeners.dialog{DB_OCL.java[DB_OCL~case_DLG_CONF_DROP_CREATE_TABLE_ADMIN_OK" StructureKind="java" NumEvents="2" CreationCount="459"/><InteractionEvent Delta="null" EndDate="2014-10-09 10:45:00.992 JST" Interest="3.6380002" Kind="manipulation" Navigation="null" OriginId="org.eclipse.mylyn.core.model.interest.decay.correction" StartDate="2014-10-09 10:45:00.992 JST" StructureHandle="=TA2/src&amp;lt;ta2.listeners.dialog{DB_OCL.java[DB_OCL~case_DLG_CONF_DROP_CREATE_TABLE_ADMIN_OK" StructureKind="java"/><InteractionEvent Delta="null" EndDate="2014-10-09 10:45:00.992 JST" Interest="2.0" Kind="selection" Navigation="null" OriginId="org.eclipse.jdt.ui.CompilationUnitEditor" StartDate="2014-10-09 10:36:48.307 JST" StructureHandle="=TA2/src&amp;lt;ta2.listeners.dialog{DB_OCL.java[DB_OCL~case_DLG_CONF_DROP_CREATE_TABLE_ADMIN_OK" StructureKind="java" NumEvents="2" CreationCount="459"/><InteractionEvent Delta="null" EndDate="2014-10-09 10:16:28.651 JST" Interest="9.0" Kind="edit" Navigation="null" OriginId="org.eclipse.jdt.ui.CompilationUnitEditor" StartDate="2014-10-09 10:16:18.207 JST" StructureHandle="=TA2/src&amp;lt;ta2.listeners.dialog{DB_OTL.java[DB_OTL~onTouch~QView;~QMotionEvent;" StructureKind="java" NumEvents="9" CreationCount="234"/><InteractionEvent Delta="null" EndDate="2014-10-09 10:35:35.159 JST" Interest="2.0" Kind="selection" Navigation="null" OriginId="org.eclipse.jdt.ui.CompilationUnitEditor" StartDate="2014-10-09 10:16:17.166 JST" StructureHandle="=TA2/src&amp;lt;ta2.listeners.dialog{DB_OTL.java[DB_OTL~onTouch~QView;~QMotionEvent;" StructureKind="java" NumEvents="2" CreationCount="234"/><InteractionEvent Delta="null" EndDate="2014-10-09 10:42:11.847 JST" Interest="6.0" Kind="selection" Navigation="null" OriginId="org.eclipse.jdt.ui.CompilationUnitEditor" StartDate="2014-10-09 10:41:54.420 JST" StructureHandle="=TA2/src&amp;lt;ta2.listeners.button{BO_CL.java[BO_CL~case_ACTV_PLAY_PLAY" StructureKind="java" NumEvents="6" CreationCount="609"/><InteractionEvent Delta="null" EndDate="2014-10-09 10:44:17.563 JST" Interest="15.0" Kind="edit" Navigation="null" OriginId="org.eclipse.jdt.ui.CompilationUnitEditor" StartDate="2014-10-09 10:35:49.361 JST" StructureHandle="=TA2/src&amp;lt;ta2.listeners.dialog{DB_OCL.java[DB_OCL" StructureKind="java" NumEvents="15" CreationCount="251"/><InteractionEvent Delta="null" EndDate="2014-10-09 10:44:17.560 JST" Interest="8.0" Kind="selection" Navigation="null" OriginId="org.eclipse.jdt.ui.CompilationUnitEditor" StartDate="2014-10-09 10:17:11.561 JST" StructureHandle="=TA2/src&amp;lt;ta2.listeners.dialog{DB_OCL.java[DB_OCL" StructureKind="java" NumEvents="8" CreationCount="251"/><InteractionEvent Delta="null" EndDate="2014-10-09 10:47:59.649 JST" Interest="228.719" Kind="propagation" Navigation="org.eclipse.mylyn.core.model.edges.containment" OriginId="org.eclipse.mylyn.core.model.interest.propagation" StartDate="2014-10-09 10:16:41.545 JST" StructureHandle="=TA2/src&amp;lt;ta2.listeners.dialog{DB_OCL.java[DB_OCL" StructureKind="java" NumEvents="322" CreationCount="251"/><InteractionEvent Delta="null" EndDate="2014-10-09 10:43:31.282 JST" Interest="1.0" Kind="edit" Navigation="null" OriginId="org.eclipse.jdt.ui.CompilationUnitEditor" StartDate="2014-10-09 10:43:31.282 JST" StructureHandle="=TA2/src&amp;lt;ta2.listeners.dialog{DB_OCL.java[DB_OCL~DB_OCL~QActivity;~QDialog;~QDialog;~QMemo;" StructureKind="java"/><InteractionEvent Delta="null" EndDate="2014-10-09 10:43:31.277 JST" Interest="1.0" Kind="selection" Navigation="null" OriginId="org.eclipse.jdt.ui.CompilationUnitEditor" StartDate="2014-10-09 10:43:31.277 JST" StructureHandle="=TA2/src&amp;lt;ta2.listeners.dialog{DB_OCL.java[DB_OCL~DB_OCL~QActivity;~QDialog;~QDialog;~QMemo;" StructureKind="java"/><InteractionEvent Delta="null" EndDate="2014-10-09 10:47:55.574 JST" Interest="65.017" Kind="propagation" Navigation="org.eclipse.mylyn.core.model.edges.containment" OriginId="org.eclipse.mylyn.core.model.interest.propagation" StartDate="2014-10-09 10:04:51.438 JST" StructureHandle="/TA2/src/ta2/listeners/button" StructureKind="resource" NumEvents="66" CreationCount="93"/><InteractionEvent Delta="null" EndDate="2014-10-09 10:20:04.729 JST" Interest="74.0" Kind="propagation" Navigation="null" OriginId="org.eclipse.jdt.ui.CompilationUnitEditor" StartDate="2014-10-09 10:02:13.377 JST" StructureHandle="/TA2/src/ta2/main/ImageActv.java" StructureKind="resource" NumEvents="74" CreationCount="38"/><InteractionEvent Delta="null" EndDate="2014-10-09 10:20:04.729 JST" Interest="12.0" Kind="edit" Navigation="null" OriginId="org.eclipse.jdt.ui.CompilationUnitEditor" StartDate="2014-10-09 10:20:02.164 JST" StructureHandle="=TA2/src&amp;lt;ta2.main{ImageActv.java[ImageActv~_Setup_Get_TI" StructureKind="java" NumEvents="12" CreationCount="284"/><InteractionEvent Delta="null" EndDate="2014-10-09 10:20:01.707 JST" Interest="3.0" Kind="selection" Navigation="null" OriginId="org.eclipse.jdt.ui.CompilationUnitEditor" StartDate="2014-10-09 10:20:01.629 JST" StructureHandle="=TA2/src&amp;lt;ta2.main{ImageActv.java[ImageActv~_Setup_Get_TI" StructureKind="java" NumEvents="3" CreationCount="284"/><InteractionEvent Delta="null" EndDate="2014-10-09 10:16:15.627 JST" Interest="1.0" Kind="selection" Navigation="null" OriginId="org.eclipse.jdt.ui.CompilationUnitEditor" StartDate="2014-10-09 10:16:15.627 JST" StructureHandle="=TA2/src&amp;lt;ta2.listeners.dialog{DB_OTL.java[DB_OTL~DB_OTL~QActivity;~QDialog;" StructureKind="java"/><InteractionEvent Delta="null" EndDate="2014-10-09 10:47:55.574 JST" Interest="65.0" Kind="propagation" Navigation="null" OriginId="org.eclipse.jdt.ui.CompilationUnitEditor" StartDate="2014-10-09 10:04:54.105 JST" StructureHandle="/TA2/src/ta2/listeners/button/BO_CL.java" StructureKind="resource" NumEvents="65" CreationCount="94"/><InteractionEvent Delta="null" EndDate="2014-10-09 10:36:22.572 JST" Interest="1.0" Kind="edit" Navigation="null" OriginId="org.eclipse.jdt.ui.CompilationUnitEditor" StartDate="2014-10-09 10:36:22.572 JST" StructureHandle="=TA2/src&amp;lt;ta2.listeners.dialog{DB_OCL.java[DB_OCL~DB_OCL~QActivity;~QDialog;~J" StructureKind="java"/><InteractionEvent Delta="null" EndDate="2014-10-09 10:36:22.569 JST" Interest="1.0" Kind="selection" Navigation="null" OriginId="org.eclipse.jdt.ui.CompilationUnitEditor" StartDate="2014-10-09 10:36:22.569 JST" StructureHandle="=TA2/src&amp;lt;ta2.listeners.dialog{DB_OCL.java[DB_OCL~DB_OCL~QActivity;~QDialog;~J" StructureKind="java"/><InteractionEvent Delta="null" EndDate="2014-10-09 10:35:35.160 JST" Interest="16.0" Kind="propagation" Navigation="null" OriginId="org.eclipse.jdt.ui.CompilationUnitEditor" StartDate="2014-10-09 10:16:14.843 JST" StructureHandle="/TA2/src/ta2/listeners/dialog/DB_OTL.java" StructureKind="resource" NumEvents="16" CreationCount="232"/><InteractionEvent Delta="null" EndDate="2014-10-09 10:47:59.650 JST" Interest="249.469" Kind="propagation" Navigation="org.eclipse.mylyn.core.model.edges.containment" OriginId="org.eclipse.mylyn.core.model.interest.propagation" StartDate="2014-10-09 10:02:13.377 JST" StructureHandle="=TA2/src" StructureKind="java" NumEvents="367" CreationCount="1"/><InteractionEvent Delta="null" EndDate="2014-10-09 10:03:23.27 JST" Interest="2.0" Kind="selection" Navigation="null" OriginId="org.eclipse.jdt.ui.PackageExplorer" StartDate="2014-10-09 10:00:16.226 JST" StructureHandle="=TA2/src" StructureKind="java" NumEvents="2" CreationCount="1"/><InteractionEvent Delta="null" EndDate="2014-10-09 10:43:50.201 JST" Interest="9.4470005" Kind="propagation" Navigation="org.eclipse.mylyn.core.model.edges.containment" OriginId="org.eclipse.mylyn.core.model.interest.propagation" StartDate="2014-10-09 10:39:28.589 JST" StructureHandle="=TA2/src&amp;lt;ta2.utils{Methods.java[Methods" StructureKind="java" NumEvents="13" CreationCount="559"/><InteractionEvent Delta="null" EndDate="2014-10-09 10:34:52.844 JST" Interest="65.0" Kind="edit" Navigation="null" OriginId="org.eclipse.jdt.ui.CompilationUnitEditor" StartDate="2014-10-09 10:08:24.982 JST" StructureHandle="=TA2/src&amp;lt;ta2.utils{Methods_dlg.java[Methods_dlg~_dlg_AddMemo_GetDialog_ImageActv~QActivity;" StructureKind="java" NumEvents="65" CreationCount="144"/><InteractionEvent Delta="null" EndDate="2014-10-09 10:35:36.171 JST" Interest="12.0" Kind="selection" Navigation="null" OriginId="org.eclipse.jdt.ui.CompilationUnitEditor" StartDate="2014-10-09 10:08:21.85 JST" StructureHandle="=TA2/src&amp;lt;ta2.utils{Methods_dlg.java[Methods_dlg~_dlg_AddMemo_GetDialog_ImageActv~QActivity;" StructureKind="java" NumEvents="12" CreationCount="144"/><InteractionEvent Delta="null" EndDate="2014-10-09 10:36:36.987 JST" Interest="21.0" Kind="edit" Navigation="null" OriginId="org.eclipse.jdt.ui.CompilationUnitEditor" StartDate="2014-10-09 10:35:10.797 JST" StructureHandle="=TA2/src&amp;lt;ta2.listeners.dialog{DB_OCL.java[DB_OCL~case_DLG_EDIT_MEMOS_BT_OK" StructureKind="java" NumEvents="21" CreationCount="362"/><InteractionEvent Delta="null" EndDate="2014-10-09 10:36:36.984 JST" Interest="3.0" Kind="selection" Navigation="null" OriginId="org.eclipse.jdt.ui.CompilationUnitEditor" StartDate="2014-10-09 10:35:10.793 JST" StructureHandle="=TA2/src&amp;lt;ta2.listeners.dialog{DB_OCL.java[DB_OCL~case_DLG_EDIT_MEMOS_BT_OK" StructureKind="java" NumEvents="3" CreationCount="362"/><InteractionEvent Delta="null" EndDate="2014-10-09 10:03:32.459 JST" Interest="1.0" Kind="selection" Navigation="null" OriginId="org.eclipse.ui.views.ContentOutline" StartDate="2014-10-09 10:03:32.459 JST" StructureHandle="=TA2/src&amp;lt;ta2.main{ImageActv.java%ta2.main" StructureKind="java"/><InteractionEvent Delta="null" EndDate="2014-10-09 10:04:50.935 JST" Interest="1.0" Kind="selection" Navigation="null" OriginId="org.eclipse.jdt.ui.PackageExplorer" StartDate="2014-10-09 10:04:50.935 JST" StructureHandle="=TA2/src&amp;lt;ta2.listeners" StructureKind="java"/><InteractionEvent Delta="null" EndDate="2014-10-09 10:09:44.804 JST" Interest="1.0" Kind="prediction" Navigation="null" OriginId="org.eclipse.mylyn.resources.ui.interest.updater" StartDate="2014-10-09 10:09:44.804 JST" StructureHandle="/TA2/bin/resources.ap_" StructureKind="resource"/><InteractionEvent Delta="null" EndDate="2014-10-09 10:47:59.648 JST" Interest="323.0" Kind="edit" Navigation="null" OriginId="org.eclipse.jdt.ui.CompilationUnitEditor" StartDate="2014-10-09 10:17:03.576 JST" StructureHandle="=TA2/src&amp;lt;ta2.listeners.dialog{DB_OCL.java[DB_OCL~case_DLG_EDIT_MEMOS_ACTV_IMAGE_BT_OK" StructureKind="java" NumEvents="323" CreationCount="258"/><InteractionEvent Delta="null" EndDate="2014-10-09 10:47:56.422 JST" Interest="21.0" Kind="selection" Navigation="null" OriginId="org.eclipse.jdt.ui.CompilationUnitEditor" StartDate="2014-10-09 10:17:02.903 JST" StructureHandle="=TA2/src&amp;lt;ta2.listeners.dialog{DB_OCL.java[DB_OCL~case_DLG_EDIT_MEMOS_ACTV_IMAGE_BT_OK" StructureKind="java" NumEvents="21" CreationCount="258"/></InteractionHistory>