<?xml version="1.0" encoding="UTF-8"?><InteractionHistory Id="local-26" Version="1"><InteractionEvent Delta="null" EndDate="2014-08-26 11:40:10.207 JST" Interest="8.0" Kind="edit" Navigation="null" OriginId="org.eclipse.jdt.ui.CompilationUnitEditor" StartDate="2014-08-26 11:33:26.867 JST" StructureHandle="=TA2/src&amp;lt;ta2.listeners.button{BO_CL.java[BO_CL~case_ACTV_SHOWLIST_UP" StructureKind="java" NumEvents="8" CreationCount="501"/><InteractionEvent Delta="null" EndDate="2014-08-26 11:33:51.515 JST" Interest="3.0" Kind="selection" Navigation="null" OriginId="org.eclipse.jdt.ui.CompilationUnitEditor" StartDate="2014-08-26 11:33:25.569 JST" StructureHandle="=TA2/src&amp;lt;ta2.listeners.button{BO_CL.java[BO_CL~case_ACTV_SHOWLIST_UP" StructureKind="java" NumEvents="3" CreationCount="501"/><InteractionEvent Delta="null" EndDate="2014-08-26 11:40:12.393 JST" Interest="425.034" Kind="propagation" Navigation="org.eclipse.mylyn.core.model.edges.containment" OriginId="org.eclipse.mylyn.core.model.interest.propagation" StartDate="2014-08-26 10:13:38.671 JST" StructureHandle="" StructureKind="java" NumEvents="432" CreationCount="1"/><InteractionEvent Delta="null" EndDate="2014-08-26 10:16:37.165 JST" Interest="1.0" Kind="propagation" Navigation="null" OriginId="org.eclipse.ui.views.ContentOutline" StartDate="2014-08-26 10:16:37.165 JST" StructureHandle="/TA2/src/ta2/utils/CONS.java" StructureKind="resource"/><InteractionEvent Delta="null" EndDate="2014-08-26 10:27:50.788 JST" Interest="1.0" Kind="propagation" Navigation="org.eclipse.mylyn.core.model.edges.containment" OriginId="org.eclipse.mylyn.core.model.interest.propagation" StartDate="2014-08-26 10:27:50.788 JST" StructureHandle="=TA2/src&amp;lt;ta2.main{ShowListActv.java#" StructureKind="java"/><InteractionEvent Delta="null" EndDate="2014-08-26 11:23:29.395 JST" Interest="36.734" Kind="propagation" Navigation="org.eclipse.mylyn.core.model.edges.containment" OriginId="org.eclipse.mylyn.core.model.interest.propagation" StartDate="2014-08-26 10:16:37.165 JST" StructureHandle="/TA2/src/ta2/utils" StructureKind="resource" NumEvents="36" CreationCount="16"/><InteractionEvent Delta="null" EndDate="2014-08-26 10:27:37.926 JST" Interest="8.151" Kind="propagation" Navigation="org.eclipse.mylyn.core.model.edges.containment" OriginId="org.eclipse.mylyn.core.model.interest.propagation" StartDate="2014-08-26 10:27:27.978 JST" StructureHandle="=TA2/src&amp;lt;ta2.main{MemoActv.java" StructureKind="java" NumEvents="12" CreationCount="38"/><InteractionEvent Delta="null" EndDate="2014-08-26 10:27:44.949 JST" Interest="3.0" Kind="selection" Navigation="null" OriginId="org.eclipse.jdt.ui.PackageExplorer" StartDate="2014-08-26 10:27:21.232 JST" StructureHandle="=TA2/src&amp;lt;ta2.main{MemoActv.java" StructureKind="java" NumEvents="3" CreationCount="38"/><InteractionEvent Delta="null" EndDate="2014-08-26 10:56:55.858 JST" Interest="31.918997" Kind="propagation" Navigation="org.eclipse.mylyn.core.model.edges.containment" OriginId="org.eclipse.mylyn.core.model.interest.propagation" StartDate="2014-08-26 10:49:17.798 JST" StructureHandle="=TA2/src&amp;lt;ta2.listeners.button{BO_TL.java" StructureKind="java" NumEvents="47" CreationCount="192"/><InteractionEvent Delta="null" EndDate="2014-08-26 10:51:22.910 JST" Interest="6.0" Kind="selection" Navigation="null" OriginId="org.eclipse.jdt.ui.CompilationUnitEditor" StartDate="2014-08-26 10:49:17.157 JST" StructureHandle="=TA2/src&amp;lt;ta2.listeners.button{BO_TL.java" StructureKind="java" NumEvents="6" CreationCount="192"/><InteractionEvent Delta="null" EndDate="2014-08-26 11:40:10.208 JST" Interest="224.992" Kind="propagation" Navigation="org.eclipse.mylyn.core.model.edges.containment" OriginId="org.eclipse.mylyn.core.model.interest.propagation" StartDate="2014-08-26 10:16:37.165 JST" StructureHandle="/TA2/src/ta2" StructureKind="resource" NumEvents="229" CreationCount="16"/><InteractionEvent Delta="null" EndDate="2014-08-26 11:33:09.508 JST" Interest="12.585001" Kind="propagation" Navigation="org.eclipse.mylyn.core.model.edges.containment" OriginId="org.eclipse.mylyn.core.model.interest.propagation" StartDate="2014-08-26 11:25:53.362 JST" StructureHandle="=IFM11/src&amp;lt;ifm11.listeners.button" StructureKind="java" NumEvents="23" CreationCount="367"/><InteractionEvent Delta="null" EndDate="2014-08-26 11:25:52.96 JST" Interest="1.0" Kind="selection" Navigation="null" OriginId="org.eclipse.ui.views.ResourceNavigator" StartDate="2014-08-26 11:25:52.96 JST" StructureHandle="=IFM11/src&amp;lt;ifm11.listeners.button" StructureKind="java"/><InteractionEvent Delta="null" EndDate="2014-08-26 11:33:18.131 JST" Interest="38.0" Kind="propagation" Navigation="null" OriginId="org.eclipse.jdt.ui.CompilationUnitEditor" StartDate="2014-08-26 11:25:53.361 JST" StructureHandle="/IFM11/src/ifm11/listeners/button/BO_CL.java" StructureKind="resource" NumEvents="38" CreationCount="368"/><InteractionEvent Delta="null" EndDate="2014-08-26 10:27:44.949 JST" Interest="18.0" Kind="propagation" Navigation="null" OriginId="org.eclipse.jdt.ui.PackageExplorer" StartDate="2014-08-26 10:27:21.232 JST" StructureHandle="/TA2/src/ta2/main/MemoActv.java" StructureKind="resource" NumEvents="18" CreationCount="38"/><InteractionEvent Delta="null" EndDate="2014-08-26 10:44:54.74 JST" Interest="5.517" Kind="propagation" Navigation="org.eclipse.mylyn.core.model.edges.containment" OriginId="org.eclipse.mylyn.core.model.interest.propagation" StartDate="2014-08-26 10:31:49.604 JST" StructureHandle="=TA2/src&amp;lt;ta2.utils{Tags.java" StructureKind="java" NumEvents="9" CreationCount="118"/><InteractionEvent Delta="null" EndDate="2014-08-26 11:23:29.229 JST" Interest="8.0" Kind="selection" Navigation="null" OriginId="org.eclipse.jdt.ui.CompilationUnitEditor" StartDate="2014-08-26 10:31:48.895 JST" StructureHandle="=TA2/src&amp;lt;ta2.utils{Tags.java" StructureKind="java" NumEvents="8" CreationCount="118"/><InteractionEvent Delta="null" EndDate="2014-08-26 10:27:37.925 JST" Interest="10.099999" Kind="propagation" Navigation="org.eclipse.mylyn.core.model.edges.containment" OriginId="org.eclipse.mylyn.core.model.interest.propagation" StartDate="2014-08-26 10:27:26.946 JST" StructureHandle="=TA2/src&amp;lt;ta2.main{MemoActv.java[MemoActv" StructureKind="java" NumEvents="14" CreationCount="41"/><InteractionEvent Delta="null" EndDate="2014-08-26 11:25:55.134 JST" Interest="1.0" Kind="selection" Navigation="null" OriginId="org.eclipse.ui.views.ContentOutline" StartDate="2014-08-26 11:25:55.134 JST" StructureHandle="=IFM11/src&amp;lt;ifm11.listeners.button{BO_CL.java%ifm11.listeners.button" StructureKind="java"/><InteractionEvent Delta="null" EndDate="2014-08-26 11:23:29.394 JST" Interest="6.0" Kind="selection" Navigation="null" OriginId="org.eclipse.jdt.ui.CompilationUnitEditor" StartDate="2014-08-26 10:48:40.859 JST" StructureHandle="=TA2/src&amp;lt;ta2.utils{Tags.java[Tags[ButtonTags^ACTV_SHOWLIST_DOWN" StructureKind="java" NumEvents="6" CreationCount="180"/><InteractionEvent Delta="null" EndDate="2014-08-26 11:25:45.214 JST" Interest="73.561005" Kind="propagation" Navigation="org.eclipse.mylyn.core.model.edges.containment" OriginId="org.eclipse.mylyn.core.model.interest.propagation" StartDate="2014-08-26 10:27:21.233 JST" StructureHandle="=TA2/src&amp;lt;ta2.main" StructureKind="java" NumEvents="106" CreationCount="37"/><InteractionEvent Delta="null" EndDate="2014-08-26 10:27:19.39 JST" Interest="1.0" Kind="selection" Navigation="null" OriginId="org.eclipse.jdt.ui.PackageExplorer" StartDate="2014-08-26 10:27:19.39 JST" StructureHandle="=TA2/src&amp;lt;ta2.main" StructureKind="java"/><InteractionEvent Delta="null" EndDate="2014-08-26 11:40:10.208 JST" Interest="224.65201" Kind="propagation" Navigation="org.eclipse.mylyn.core.model.edges.containment" OriginId="org.eclipse.mylyn.core.model.interest.propagation" StartDate="2014-08-26 10:27:17.468 JST" StructureHandle="/TA2/src/ta2/listeners" StructureKind="resource" NumEvents="224" CreationCount="36"/><InteractionEvent Delta="null" EndDate="2014-08-26 11:25:45.213 JST" Interest="69.436005" Kind="propagation" Navigation="org.eclipse.mylyn.core.model.edges.containment" OriginId="org.eclipse.mylyn.core.model.interest.propagation" StartDate="2014-08-26 10:27:55.797 JST" StructureHandle="=TA2/src&amp;lt;ta2.main{ShowListActv.java[ShowListActv" StructureKind="java" NumEvents="94" CreationCount="62"/><InteractionEvent Delta="null" EndDate="2014-08-26 10:28:08.606 JST" Interest="1.0" Kind="edit" Navigation="null" OriginId="org.eclipse.jdt.ui.CompilationUnitEditor" StartDate="2014-08-26 10:28:08.606 JST" StructureHandle="=TA2/src&amp;lt;ta2.main{ShowListActv.java[ShowListActv" StructureKind="java"/><InteractionEvent Delta="null" EndDate="2014-08-26 10:28:22.78 JST" Interest="4.0" Kind="selection" Navigation="null" OriginId="org.eclipse.jdt.ui.CompilationUnitEditor" StartDate="2014-08-26 10:27:52.998 JST" StructureHandle="=TA2/src&amp;lt;ta2.main{ShowListActv.java[ShowListActv" StructureKind="java" NumEvents="4" CreationCount="62"/><InteractionEvent Delta="null" EndDate="2014-08-26 11:30:12.865 JST" Interest="29.0" Kind="edit" Navigation="null" OriginId="org.eclipse.jdt.ui.CompilationUnitEditor" StartDate="2014-08-26 11:26:19.426 JST" StructureHandle="=TA2/src&amp;lt;ta2.listeners.button{BO_CL.java[BO_CL~case_ACTV_SHOWLIST_TOP" StructureKind="java" NumEvents="29" CreationCount="385"/><InteractionEvent Delta="null" EndDate="2014-08-26 11:30:05.298 JST" Interest="5.0" Kind="selection" Navigation="null" OriginId="org.eclipse.jdt.ui.CompilationUnitEditor" StartDate="2014-08-26 11:26:16.743 JST" StructureHandle="=TA2/src&amp;lt;ta2.listeners.button{BO_CL.java[BO_CL~case_ACTV_SHOWLIST_TOP" StructureKind="java" NumEvents="5" CreationCount="385"/><InteractionEvent Delta="null" EndDate="2014-08-26 10:28:20.695 JST" Interest="3.0" Kind="edit" Navigation="null" OriginId="org.eclipse.jdt.ui.CompilationUnitEditor" StartDate="2014-08-26 10:27:56.642 JST" StructureHandle="=TA2/src&amp;lt;ta2.main{ShowListActv.java[ShowListActv~_Setup_Listeners" StructureKind="java" NumEvents="3" CreationCount="63"/><InteractionEvent Delta="null" EndDate="2014-08-26 10:28:17.361 JST" Interest="4.0" Kind="selection" Navigation="null" OriginId="org.eclipse.jdt.ui.CompilationUnitEditor" StartDate="2014-08-26 10:27:55.796 JST" StructureHandle="=TA2/src&amp;lt;ta2.main{ShowListActv.java[ShowListActv~_Setup_Listeners" StructureKind="java" NumEvents="4" CreationCount="63"/><InteractionEvent Delta="null" EndDate="2014-08-26 11:23:29.394 JST" Interest="35.0" Kind="propagation" Navigation="null" OriginId="org.eclipse.jdt.ui.CompilationUnitEditor" StartDate="2014-08-26 10:31:48.895 JST" StructureHandle="/TA2/src/ta2/utils/Tags.java" StructureKind="resource" NumEvents="35" CreationCount="118"/><InteractionEvent Delta="null" EndDate="2014-08-26 11:21:30.715 JST" Interest="8.5" Kind="propagation" Navigation="org.eclipse.mylyn.core.model.edges.containment" OriginId="org.eclipse.mylyn.core.model.interest.propagation" StartDate="2014-08-26 10:31:49.603 JST" StructureHandle="=TA2/src&amp;lt;ta2.utils{Tags.java[Tags" StructureKind="java" NumEvents="11" CreationCount="119"/><InteractionEvent Delta="null" EndDate="2014-08-26 11:32:17.61 JST" Interest="2.0" Kind="prediction" Navigation="null" OriginId="org.eclipse.mylyn.resources.ui.interest.updater" StartDate="2014-08-26 11:27:21.53 JST" StructureHandle="/TA2/bin/TA2.apk" StructureKind="resource" NumEvents="2" CreationCount="411"/><InteractionEvent Delta="null" EndDate="2014-08-26 11:26:11.31 JST" Interest="4.0" Kind="edit" Navigation="null" OriginId="org.eclipse.jdt.ui.CompilationUnitEditor" StartDate="2014-08-26 11:25:59.143 JST" StructureHandle="=IFM11/src&amp;lt;ifm11.listeners.button{BO_CL.java[BO_CL~case_ACTV_TN_IB_TOP" StructureKind="java" NumEvents="4" CreationCount="372"/><InteractionEvent Delta="null" EndDate="2014-08-26 11:29:09.814 JST" Interest="4.0" Kind="selection" Navigation="null" OriginId="org.eclipse.jdt.ui.CompilationUnitEditor" StartDate="2014-08-26 11:25:58.438 JST" StructureHandle="=IFM11/src&amp;lt;ifm11.listeners.button{BO_CL.java[BO_CL~case_ACTV_TN_IB_TOP" StructureKind="java" NumEvents="4" CreationCount="372"/><InteractionEvent Delta="null" EndDate="2014-08-26 10:27:17.468 JST" Interest="1.0" Kind="propagation" Navigation="null" OriginId="org.eclipse.jdt.ui.PackageExplorer" StartDate="2014-08-26 10:27:17.468 JST" StructureHandle="/TA2/src/ta2/listeners/dialog" StructureKind="resource"/><InteractionEvent Delta="null" EndDate="2014-08-26 11:29:21.431 JST" Interest="2.0" Kind="edit" Navigation="null" OriginId="org.eclipse.jdt.ui.CompilationUnitEditor" StartDate="2014-08-26 11:29:20.121 JST" StructureHandle="=IFM11/src&amp;lt;ifm11.listeners.button{BO_CL.java[BO_CL~case_ACTV_TN_IB_BOTTOM" StructureKind="java" NumEvents="2" CreationCount="415"/><InteractionEvent Delta="null" EndDate="2014-08-26 11:31:10.99 JST" Interest="2.0" Kind="selection" Navigation="null" OriginId="org.eclipse.jdt.ui.CompilationUnitEditor" StartDate="2014-08-26 11:29:15.863 JST" StructureHandle="=IFM11/src&amp;lt;ifm11.listeners.button{BO_CL.java[BO_CL~case_ACTV_TN_IB_BOTTOM" StructureKind="java" NumEvents="2" CreationCount="415"/><InteractionEvent Delta="null" EndDate="2014-08-26 11:23:29.230 JST" Interest="15.251" Kind="propagation" Navigation="org.eclipse.mylyn.core.model.edges.containment" OriginId="org.eclipse.mylyn.core.model.interest.propagation" StartDate="2014-08-26 10:16:37.166 JST" StructureHandle="=TA2/src&amp;lt;ta2.utils" StructureKind="java" NumEvents="18" CreationCount="16"/><InteractionEvent Delta="null" EndDate="2014-08-26 11:33:18.131 JST" Interest="38.034" Kind="propagation" Navigation="org.eclipse.mylyn.core.model.edges.containment" OriginId="org.eclipse.mylyn.core.model.interest.propagation" StartDate="2014-08-26 11:25:51.16 JST" StructureHandle="/IFM11/src/ifm11/listeners" StructureKind="resource" NumEvents="40" CreationCount="366"/><InteractionEvent Delta="null" EndDate="2014-08-26 11:33:18.131 JST" Interest="38.17" Kind="propagation" Navigation="org.eclipse.mylyn.core.model.edges.containment" OriginId="org.eclipse.mylyn.core.model.interest.propagation" StartDate="2014-08-26 11:23:34.836 JST" StructureHandle="=IFM11" StructureKind="resource" NumEvents="39" CreationCount="358"/><InteractionEvent Delta="null" EndDate="2014-08-26 11:33:50.237 JST" Interest="4.0" Kind="selection" Navigation="null" OriginId="org.eclipse.jdt.ui.CompilationUnitEditor" StartDate="2014-08-26 11:29:44.457 JST" StructureHandle="=TA2/src&amp;lt;ta2.listeners.button{BO_CL.java[BO_CL~case_ACTV_SHOWLIST_BACK" StructureKind="java" NumEvents="4" CreationCount="430"/><InteractionEvent Delta="null" EndDate="2014-08-26 10:27:50.788 JST" Interest="1.0" Kind="selection" Navigation="null" OriginId="org.eclipse.jdt.ui.CompilationUnitEditor" StartDate="2014-08-26 10:27:50.788 JST" StructureHandle="=TA2/src&amp;lt;ta2.main{ShowListActv.java#android.view.KeyEvent" StructureKind="java"/><InteractionEvent Delta="null" EndDate="2014-08-26 10:56:55.857 JST" Interest="37.901997" Kind="propagation" Navigation="org.eclipse.mylyn.core.model.edges.containment" OriginId="org.eclipse.mylyn.core.model.interest.propagation" StartDate="2014-08-26 10:49:17.798 JST" StructureHandle="=TA2/src&amp;lt;ta2.listeners.button{BO_TL.java[BO_TL" StructureKind="java" NumEvents="51" CreationCount="193"/><InteractionEvent Delta="null" EndDate="2014-08-26 11:40:12.393 JST" Interest="528.0" Kind="propagation" Navigation="null" OriginId="org.eclipse.jdt.ui.PackageExplorer" StartDate="2014-08-26 10:13:38.671 JST" StructureHandle="/" StructureKind="resource" NumEvents="528" CreationCount="1"/><InteractionEvent Delta="null" EndDate="2014-08-26 11:31:20.693 JST" Interest="2.0" Kind="edit" Navigation="null" OriginId="org.eclipse.jdt.ui.CompilationUnitEditor" StartDate="2014-08-26 11:31:18.524 JST" StructureHandle="=IFM11/src&amp;lt;ifm11.listeners.button{BO_CL.java[BO_CL~case_ACTV_TN_IB_DOWN" StructureKind="java" NumEvents="2" CreationCount="458"/><InteractionEvent Delta="null" EndDate="2014-08-26 11:33:07.245 JST" Interest="3.0" Kind="selection" Navigation="null" OriginId="org.eclipse.jdt.ui.CompilationUnitEditor" StartDate="2014-08-26 11:31:16.751 JST" StructureHandle="=IFM11/src&amp;lt;ifm11.listeners.button{BO_CL.java[BO_CL~case_ACTV_TN_IB_DOWN" StructureKind="java" NumEvents="3" CreationCount="458"/><InteractionEvent Delta="null" EndDate="2014-08-26 10:49:32.408 JST" Interest="3.0" Kind="selection" Navigation="null" OriginId="org.eclipse.jdt.ui.CompilationUnitEditor" StartDate="2014-08-26 10:49:17.797 JST" StructureHandle="=TA2/src&amp;lt;ta2.listeners.button{BO_TL.java[BO_TL~BO_TL~QActivity;" StructureKind="java" NumEvents="3" CreationCount="193"/><InteractionEvent Delta="null" EndDate="2014-08-26 11:25:46.823 JST" Interest="4.0" Kind="selection" Navigation="null" OriginId="org.eclipse.ui.views.ResourceNavigator" StartDate="2014-08-26 11:23:34.836 JST" StructureHandle="/IFM11/res" StructureKind="resource" NumEvents="4" CreationCount="358"/><InteractionEvent Delta="null" EndDate="2014-08-26 10:16:37.159 JST" Interest="1.0" Kind="selection" Navigation="null" OriginId="org.eclipse.ui.views.ContentOutline" StartDate="2014-08-26 10:16:37.159 JST" StructureHandle="=TA2/src&amp;lt;ta2.utils{CONS.java[CONS[TNActv" StructureKind="java"/><InteractionEvent Delta="null" EndDate="2014-08-26 10:26:30.246 JST" Interest="1.0" Kind="propagation" Navigation="null" OriginId="org.eclipse.mylyn.resources.ui.interest.updater" StartDate="2014-08-26 10:26:30.246 JST" StructureHandle="/TA2/res/drawable/actv_showlist_bt_down_50x50_disabled.png" StructureKind="resource"/><InteractionEvent Delta="null" EndDate="2014-08-26 11:40:09.917 JST" Interest="1.0" Kind="prediction" Navigation="null" OriginId="org.eclipse.mylyn.resources.ui.interest.updater" StartDate="2014-08-26 11:40:09.917 JST" StructureHandle="/TA2/res/drawable/actv_showlist_bt_down_50x50_disabled.png" StructureKind="resource"/><InteractionEvent Delta="null" EndDate="2014-08-26 11:22:02.398 JST" Interest="1.8050001" Kind="manipulation" Navigation="null" OriginId="org.eclipse.mylyn.core.model.interest.decay.correction" StartDate="2014-08-26 11:22:02.398 JST" StructureHandle="=TA2/src&amp;lt;ta2.utils{Tags.java[Tags[ButtonTags^ACTV_SHOWLIST_UP" StructureKind="java"/><InteractionEvent Delta="null" EndDate="2014-08-26 11:22:21.836 JST" Interest="3.0" Kind="selection" Navigation="null" OriginId="org.eclipse.jdt.ui.CompilationUnitEditor" StartDate="2014-08-26 10:44:54.675 JST" StructureHandle="=TA2/src&amp;lt;ta2.utils{Tags.java[Tags[ButtonTags^ACTV_SHOWLIST_UP" StructureKind="java" NumEvents="3" CreationCount="152"/><InteractionEvent Delta="null" EndDate="2014-08-26 11:32:17.61 JST" Interest="2.0" Kind="propagation" Navigation="org.eclipse.mylyn.core.model.edges.containment" OriginId="org.eclipse.mylyn.core.model.interest.propagation" StartDate="2014-08-26 11:27:21.53 JST" StructureHandle="/TA2/bin" StructureKind="resource" NumEvents="2" CreationCount="411"/><InteractionEvent Delta="null" EndDate="2014-08-26 11:29:35.302 JST" Interest="1.6800001" Kind="propagation" Navigation="org.eclipse.mylyn.core.model.edges.containment" OriginId="org.eclipse.mylyn.core.model.interest.propagation" StartDate="2014-08-26 11:26:21.408 JST" StructureHandle="=TA2/src&amp;lt;ta2.listeners.button{BO_CL.java#" StructureKind="java" NumEvents="2" CreationCount="387"/><InteractionEvent Delta="null" EndDate="2014-08-26 11:33:09.508 JST" Interest="8.568001" Kind="propagation" Navigation="org.eclipse.mylyn.core.model.edges.containment" OriginId="org.eclipse.mylyn.core.model.interest.propagation" StartDate="2014-08-26 11:25:58.646 JST" StructureHandle="=IFM11/src&amp;lt;ifm11.listeners.button{BO_CL.java" StructureKind="java" NumEvents="14" CreationCount="368"/><InteractionEvent Delta="null" EndDate="2014-08-26 11:33:05.35 JST" Interest="5.0" Kind="selection" Navigation="null" OriginId="org.eclipse.jdt.ui.CompilationUnitEditor" StartDate="2014-08-26 11:25:53.361 JST" StructureHandle="=IFM11/src&amp;lt;ifm11.listeners.button{BO_CL.java" StructureKind="java" NumEvents="5" CreationCount="368"/><InteractionEvent Delta="null" EndDate="2014-08-26 11:25:45.213 JST" Interest="58.521004" Kind="propagation" Navigation="org.eclipse.mylyn.core.model.edges.containment" OriginId="org.eclipse.mylyn.core.model.interest.propagation" StartDate="2014-08-26 10:27:56.644 JST" StructureHandle="=TA2/src&amp;lt;ta2.main{ShowListActv.java" StructureKind="java" NumEvents="87" CreationCount="57"/><InteractionEvent Delta="null" EndDate="2014-08-26 10:27:45.920 JST" Interest="1.0" Kind="edit" Navigation="null" OriginId="org.eclipse.jdt.ui.CompilationUnitEditor" StartDate="2014-08-26 10:27:45.920 JST" StructureHandle="=TA2/src&amp;lt;ta2.main{ShowListActv.java" StructureKind="java"/><InteractionEvent Delta="null" EndDate="2014-08-26 11:23:30.556 JST" Interest="15.0" Kind="selection" Navigation="null" OriginId="org.eclipse.jdt.ui.CompilationUnitEditor" StartDate="2014-08-26 10:27:45.43 JST" StructureHandle="=TA2/src&amp;lt;ta2.main{ShowListActv.java" StructureKind="java" NumEvents="15" CreationCount="57"/><InteractionEvent Delta="null" EndDate="2014-08-26 11:33:18.131 JST" Interest="46.0" Kind="propagation" Navigation="null" OriginId="org.eclipse.jdt.ui.CompilationUnitEditor" StartDate="2014-08-26 11:23:34.836 JST" StructureHandle="/IFM11" StructureKind="resource" NumEvents="46" CreationCount="358"/><InteractionEvent Delta="null" EndDate="2014-08-26 10:27:37.925 JST" Interest="13.0" Kind="edit" Navigation="null" OriginId="org.eclipse.jdt.ui.CompilationUnitEditor" StartDate="2014-08-26 10:27:27.400 JST" StructureHandle="=TA2/src&amp;lt;ta2.main{MemoActv.java[MemoActv~_Setup_Listeners" StructureKind="java" NumEvents="13" CreationCount="41"/><InteractionEvent Delta="null" EndDate="2014-08-26 10:27:26.945 JST" Interest="1.0" Kind="selection" Navigation="null" OriginId="org.eclipse.ui.views.ContentOutline" StartDate="2014-08-26 10:27:26.945 JST" StructureHandle="=TA2/src&amp;lt;ta2.main{MemoActv.java[MemoActv~_Setup_Listeners" StructureKind="java"/><InteractionEvent Delta="null" EndDate="2014-08-26 11:31:54.613 JST" Interest="30.87" Kind="propagation" Navigation="org.eclipse.mylyn.core.model.edges.containment" OriginId="org.eclipse.mylyn.core.model.interest.propagation" StartDate="2014-08-26 11:21:18.155 JST" StructureHandle="=TA2/src&amp;lt;ta2.listeners.button{BO_CL.java" StructureKind="java" NumEvents="49" CreationCount="291"/><InteractionEvent Delta="null" EndDate="2014-08-26 11:33:19.716 JST" Interest="9.0" Kind="selection" Navigation="null" OriginId="org.eclipse.jdt.ui.CompilationUnitEditor" StartDate="2014-08-26 11:21:17.417 JST" StructureHandle="=TA2/src&amp;lt;ta2.listeners.button{BO_CL.java" StructureKind="java" NumEvents="9" CreationCount="291"/><InteractionEvent Delta="null" EndDate="2014-08-26 11:40:09.917 JST" Interest="2.0" Kind="prediction" Navigation="null" OriginId="org.eclipse.mylyn.resources.ui.interest.updater" StartDate="2014-08-26 10:26:30.244 JST" StructureHandle="/TA2/res/drawable/actv_showlist_bt_down_50x50.png" StructureKind="resource" NumEvents="2" CreationCount="31"/><InteractionEvent Delta="null" EndDate="2014-08-26 11:33:19.717 JST" Interest="41.553" Kind="propagation" Navigation="org.eclipse.mylyn.core.model.edges.containment" OriginId="org.eclipse.mylyn.core.model.interest.propagation" StartDate="2014-08-26 10:49:17.158 JST" StructureHandle="=TA2/src&amp;lt;ta2.listeners.button" StructureKind="java" NumEvents="62" CreationCount="192"/><InteractionEvent Delta="null" EndDate="2014-08-26 11:25:45.214 JST" Interest="160.017" Kind="propagation" Navigation="null" OriginId="org.eclipse.jdt.ui.CompilationUnitEditor" StartDate="2014-08-26 10:27:19.39 JST" StructureHandle="/TA2/src/ta2/main" StructureKind="resource" NumEvents="161" CreationCount="37"/><InteractionEvent Delta="null" EndDate="2014-08-26 10:56:55.857 JST" Interest="60.0" Kind="propagation" Navigation="null" OriginId="org.eclipse.ui.views.ContentOutline" StartDate="2014-08-26 10:49:17.158 JST" StructureHandle="/TA2/src/ta2/listeners/button/BO_TL.java" StructureKind="resource" NumEvents="60" CreationCount="192"/><InteractionEvent Delta="null" EndDate="2014-08-26 11:40:12.393 JST" Interest="425.0" Kind="propagation" Navigation="null" OriginId="org.eclipse.jdt.ui.PackageExplorer" StartDate="2014-08-26 10:13:40.438 JST" StructureHandle="/TA2/src" StructureKind="resource" NumEvents="425" CreationCount="3"/><InteractionEvent Delta="null" EndDate="2014-08-26 10:26:30.246 JST" Interest="1.0" Kind="propagation" Navigation="null" OriginId="org.eclipse.mylyn.resources.ui.interest.updater" StartDate="2014-08-26 10:26:30.246 JST" StructureHandle="/TA2/res/drawable/actv_showlist_bt_top_45x45_disabled.png" StructureKind="resource"/><InteractionEvent Delta="null" EndDate="2014-08-26 11:40:09.917 JST" Interest="1.0" Kind="prediction" Navigation="null" OriginId="org.eclipse.mylyn.resources.ui.interest.updater" StartDate="2014-08-26 11:40:09.917 JST" StructureHandle="/TA2/res/drawable/actv_showlist_bt_top_45x45_disabled.png" StructureKind="resource"/><InteractionEvent Delta="null" EndDate="2014-08-26 11:33:18.131 JST" Interest="38.017" Kind="propagation" Navigation="org.eclipse.mylyn.core.model.edges.containment" OriginId="org.eclipse.mylyn.core.model.interest.propagation" StartDate="2014-08-26 11:25:52.96 JST" StructureHandle="/IFM11/src/ifm11/listeners/button" StructureKind="resource" NumEvents="39" CreationCount="367"/><InteractionEvent Delta="null" EndDate="2014-08-26 10:31:00.35 JST" Interest="22.934" Kind="propagation" Navigation="org.eclipse.mylyn.core.model.edges.containment" OriginId="org.eclipse.mylyn.core.model.interest.propagation" StartDate="2014-08-26 10:16:18.705 JST" StructureHandle="/TA2/res/layout" StructureKind="resource" NumEvents="32" CreationCount="9"/><InteractionEvent Delta="null" EndDate="2014-08-26 10:16:15.108 JST" Interest="2.0" Kind="selection" Navigation="null" OriginId="org.eclipse.jdt.ui.PackageExplorer" StartDate="2014-08-26 10:16:15.107 JST" StructureHandle="/TA2/res/layout" StructureKind="resource" NumEvents="2" CreationCount="9"/><InteractionEvent Delta="null" EndDate="2014-08-26 10:27:07.477 JST" Interest="3.0" Kind="selection" Navigation="null" OriginId="org.eclipse.jdt.ui.PackageExplorer" StartDate="2014-08-26 10:26:29.292 JST" StructureHandle="/TA2/res/drawable" StructureKind="resource" NumEvents="3" CreationCount="30"/><InteractionEvent Delta="null" EndDate="2014-08-26 11:40:12.393 JST" Interest="425.034" Kind="propagation" Navigation="org.eclipse.mylyn.core.model.edges.containment" OriginId="org.eclipse.mylyn.core.model.interest.propagation" StartDate="2014-08-26 10:13:38.670 JST" StructureHandle="=TA2" StructureKind="resource" NumEvents="432" CreationCount="1"/><InteractionEvent Delta="null" EndDate="2014-08-26 10:27:17.467 JST" Interest="1.0" Kind="selection" Navigation="null" OriginId="org.eclipse.jdt.ui.PackageExplorer" StartDate="2014-08-26 10:27:17.467 JST" StructureHandle="=TA2/src&amp;lt;ta2.listeners.dialog" StructureKind="java"/><InteractionEvent Delta="null" EndDate="2014-08-26 10:48:51.485 JST" Interest="1.0" Kind="selection" Navigation="null" OriginId="org.eclipse.jdt.ui.CompilationUnitEditor" StartDate="2014-08-26 10:48:51.485 JST" StructureHandle="=TA2/src&amp;lt;ta2.utils{Tags.java[Tags[ButtonTags^ACTV_SHOWLIST_BOTTOM" StructureKind="java"/><InteractionEvent Delta="null" EndDate="2014-08-26 10:16:14.645 JST" Interest="2.0" Kind="selection" Navigation="null" OriginId="org.eclipse.jdt.ui.PackageExplorer" StartDate="2014-08-26 10:16:14.644 JST" StructureHandle="/TA2/res/menu" StructureKind="resource" NumEvents="2" CreationCount="7"/><InteractionEvent Delta="null" EndDate="2014-08-26 10:31:00.34 JST" Interest="27.0" Kind="edit" Navigation="null" OriginId="com.android.ide.eclipse.editors.CommonXmlEditor" StartDate="2014-08-26 10:16:19.597 JST" StructureHandle="/TA2/res/layout/actv_showlist.xml" StructureKind="resource" NumEvents="27" CreationCount="11"/><InteractionEvent Delta="null" EndDate="2014-08-26 10:28:50.250 JST" Interest="6.0" Kind="selection" Navigation="null" OriginId="com.android.ide.eclipse.editors.CommonXmlEditor" StartDate="2014-08-26 10:16:18.703 JST" StructureHandle="/TA2/res/layout/actv_showlist.xml" StructureKind="resource" NumEvents="6" CreationCount="11"/><InteractionEvent Delta="null" EndDate="2014-08-26 10:16:37.165 JST" Interest="1.0" Kind="propagation" Navigation="org.eclipse.mylyn.core.model.edges.containment" OriginId="org.eclipse.mylyn.core.model.interest.propagation" StartDate="2014-08-26 10:16:37.165 JST" StructureHandle="=TA2/src&amp;lt;ta2.utils{CONS.java[CONS" StructureKind="java"/><InteractionEvent Delta="null" EndDate="2014-08-26 11:25:51.15 JST" Interest="1.0" Kind="selection" Navigation="null" OriginId="org.eclipse.ui.views.ResourceNavigator" StartDate="2014-08-26 11:25:51.15 JST" StructureHandle="=IFM11/src&amp;lt;ifm11.listeners" StructureKind="java"/><InteractionEvent Delta="null" EndDate="2014-08-26 11:25:45.213 JST" Interest="142.0" Kind="propagation" Navigation="null" OriginId="org.eclipse.jdt.ui.CompilationUnitEditor" StartDate="2014-08-26 10:27:45.44 JST" StructureHandle="/TA2/src/ta2/main/ShowListActv.java" StructureKind="resource" NumEvents="142" CreationCount="57"/><InteractionEvent Delta="null" EndDate="2014-08-26 11:32:17.61 JST" Interest="2.0" Kind="prediction" Navigation="null" OriginId="org.eclipse.mylyn.resources.ui.interest.updater" StartDate="2014-08-26 11:27:21.53 JST" StructureHandle="/TA2/bin/classes.dex" StructureKind="resource" NumEvents="2" CreationCount="411"/><InteractionEvent Delta="null" EndDate="2014-08-26 10:27:10.920 JST" Interest="3.0" Kind="selection" Navigation="null" OriginId="org.eclipse.jdt.ui.PackageExplorer" StartDate="2014-08-26 10:27:07.592 JST" StructureHandle="/TA2/res/drawable-hdpi" StructureKind="resource" NumEvents="3" CreationCount="33"/><InteractionEvent Delta="null" EndDate="2014-08-26 11:29:35.302 JST" Interest="1.0" Kind="selection" Navigation="null" OriginId="org.eclipse.jdt.ui.CompilationUnitEditor" StartDate="2014-08-26 11:29:35.302 JST" StructureHandle="=TA2/src&amp;lt;ta2.listeners.button{BO_CL.java#ta2.main.R" StructureKind="java"/><InteractionEvent Delta="null" EndDate="2014-08-26 11:23:22.241 JST" Interest="30.453" Kind="propagation" Navigation="org.eclipse.mylyn.core.model.edges.containment" OriginId="org.eclipse.mylyn.core.model.interest.propagation" StartDate="2014-08-26 11:21:18.155 JST" StructureHandle="=TA2/src&amp;lt;ta2.listeners.button{BO_CL.java[BO_CL" StructureKind="java" NumEvents="42" CreationCount="292"/><InteractionEvent Delta="null" EndDate="2014-08-26 11:31:44.141 JST" Interest="2.0" Kind="edit" Navigation="null" OriginId="org.eclipse.jdt.ui.CompilationUnitEditor" StartDate="2014-08-26 11:29:26.703 JST" StructureHandle="=TA2/src&amp;lt;ta2.listeners.button{BO_CL.java[BO_CL" StructureKind="java" NumEvents="2" CreationCount="292"/><InteractionEvent Delta="null" EndDate="2014-08-26 11:33:41.331 JST" Interest="8.0" Kind="selection" Navigation="null" OriginId="org.eclipse.jdt.ui.CompilationUnitEditor" StartDate="2014-08-26 11:26:14.872 JST" StructureHandle="=TA2/src&amp;lt;ta2.listeners.button{BO_CL.java[BO_CL" StructureKind="java" NumEvents="8" CreationCount="292"/><InteractionEvent Delta="null" EndDate="2014-08-26 10:51:19.230 JST" Interest="44.0" Kind="edit" Navigation="null" OriginId="org.eclipse.jdt.ui.CompilationUnitEditor" StartDate="2014-08-26 10:49:31.472 JST" StructureHandle="=TA2/src&amp;lt;ta2.listeners.button{BO_TL.java[BO_TL~onTouch~QView;~QMotionEvent;" StructureKind="java" NumEvents="44" CreationCount="199"/><InteractionEvent Delta="null" EndDate="2014-08-26 10:56:55.857 JST" Interest="7.0" Kind="selection" Navigation="null" OriginId="org.eclipse.ui.views.ContentOutline" StartDate="2014-08-26 10:49:29.484 JST" StructureHandle="=TA2/src&amp;lt;ta2.listeners.button{BO_TL.java[BO_TL~onTouch~QView;~QMotionEvent;" StructureKind="java" NumEvents="7" CreationCount="199"/><InteractionEvent Delta="null" EndDate="2014-08-26 10:31:00.35 JST" Interest="21.07" Kind="propagation" Navigation="org.eclipse.mylyn.core.model.edges.containment" OriginId="org.eclipse.mylyn.core.model.interest.propagation" StartDate="2014-08-26 10:16:20.205 JST" StructureHandle="/TA2/res" StructureKind="resource" NumEvents="29" CreationCount="1"/><InteractionEvent Delta="null" EndDate="2014-08-26 10:16:12.976 JST" Interest="4.0" Kind="selection" Navigation="null" OriginId="org.eclipse.jdt.ui.PackageExplorer" StartDate="2014-08-26 10:13:38.670 JST" StructureHandle="/TA2/res" StructureKind="resource" NumEvents="4" CreationCount="1"/><InteractionEvent Delta="null" EndDate="2014-08-26 11:33:39.223 JST" Interest="15.0" Kind="edit" Navigation="null" OriginId="org.eclipse.jdt.ui.CompilationUnitEditor" StartDate="2014-08-26 11:31:36.309 JST" StructureHandle="=TA2/src&amp;lt;ta2.listeners.button{BO_CL.java[BO_CL~case_ACTV_SHOWLIST_DOWN" StructureKind="java" NumEvents="15" CreationCount="351"/><InteractionEvent Delta="null" EndDate="2014-08-26 11:33:34.657 JST" Interest="8.0" Kind="selection" Navigation="null" OriginId="org.eclipse.jdt.ui.CompilationUnitEditor" StartDate="2014-08-26 11:23:26.482 JST" StructureHandle="=TA2/src&amp;lt;ta2.listeners.button{BO_CL.java[BO_CL~case_ACTV_SHOWLIST_DOWN" StructureKind="java" NumEvents="8" CreationCount="351"/><InteractionEvent Delta="null" EndDate="2014-08-26 11:29:09.814 JST" Interest="6.8170004" Kind="propagation" Navigation="org.eclipse.mylyn.core.model.edges.containment" OriginId="org.eclipse.mylyn.core.model.interest.propagation" StartDate="2014-08-26 11:25:56.144 JST" StructureHandle="=IFM11/src&amp;lt;ifm11.listeners.button{BO_CL.java[BO_CL" StructureKind="java" NumEvents="10" CreationCount="371"/><InteractionEvent Delta="null" EndDate="2014-08-26 11:31:13.922 JST" Interest="1.0" Kind="edit" Navigation="null" OriginId="org.eclipse.jdt.ui.CompilationUnitEditor" StartDate="2014-08-26 11:31:13.922 JST" StructureHandle="=IFM11/src&amp;lt;ifm11.listeners.button{BO_CL.java[BO_CL" StructureKind="java"/><InteractionEvent Delta="null" EndDate="2014-08-26 11:33:09.506 JST" Interest="6.0" Kind="selection" Navigation="null" OriginId="org.eclipse.jdt.ui.CompilationUnitEditor" StartDate="2014-08-26 11:29:12.399 JST" StructureHandle="=IFM11/src&amp;lt;ifm11.listeners.button{BO_CL.java[BO_CL" StructureKind="java" NumEvents="6" CreationCount="371"/><InteractionEvent Delta="null" EndDate="2014-08-26 10:31:49.603 JST" Interest="1.0" Kind="propagation" Navigation="org.eclipse.mylyn.core.model.edges.containment" OriginId="org.eclipse.mylyn.core.model.interest.propagation" StartDate="2014-08-26 10:31:49.603 JST" StructureHandle="=TA2/src&amp;lt;ta2.utils{Tags.java[Tags[ButtonTags" StructureKind="java"/><InteractionEvent Delta="null" EndDate="2014-08-26 10:32:21.847 JST" Interest="5.0" Kind="edit" Navigation="null" OriginId="org.eclipse.jdt.ui.CompilationUnitEditor" StartDate="2014-08-26 10:31:55.653 JST" StructureHandle="=TA2/src&amp;lt;ta2.utils{Tags.java[Tags[ButtonTags" StructureKind="java" NumEvents="5" CreationCount="119"/><InteractionEvent Delta="null" EndDate="2014-08-26 11:21:30.715 JST" Interest="4.0" Kind="selection" Navigation="null" OriginId="org.eclipse.jdt.ui.CompilationUnitEditor" StartDate="2014-08-26 10:31:51.441 JST" StructureHandle="=TA2/src&amp;lt;ta2.utils{Tags.java[Tags[ButtonTags" StructureKind="java" NumEvents="4" CreationCount="119"/><InteractionEvent Delta="null" EndDate="2014-08-26 10:16:37.166 JST" Interest="1.0" Kind="propagation" Navigation="org.eclipse.mylyn.core.model.edges.containment" OriginId="org.eclipse.mylyn.core.model.interest.propagation" StartDate="2014-08-26 10:16:37.166 JST" StructureHandle="=TA2/src&amp;lt;ta2.utils{CONS.java" StructureKind="java"/><InteractionEvent Delta="null" EndDate="2014-08-26 11:40:12.393 JST" Interest="482.0" Kind="propagation" Navigation="null" OriginId="org.eclipse.jdt.ui.PackageExplorer" StartDate="2014-08-26 10:13:38.670 JST" StructureHandle="/TA2" StructureKind="resource" NumEvents="482" CreationCount="1"/><InteractionEvent Delta="null" EndDate="2014-08-26 11:21:27.907 JST" Interest="1.9580002" Kind="manipulation" Navigation="null" OriginId="org.eclipse.mylyn.core.model.interest.decay.correction" StartDate="2014-08-26 11:21:27.907 JST" StructureHandle="=TA2/src&amp;lt;ta2.utils{Tags.java[Tags[ButtonTags^ACTV_SHOWLIST_BACK" StructureKind="java"/><InteractionEvent Delta="null" EndDate="2014-08-26 11:21:27.907 JST" Interest="2.0" Kind="selection" Navigation="null" OriginId="org.eclipse.jdt.ui.CompilationUnitEditor" StartDate="2014-08-26 10:31:52.919 JST" StructureHandle="=TA2/src&amp;lt;ta2.utils{Tags.java[Tags[ButtonTags^ACTV_SHOWLIST_BACK" StructureKind="java" NumEvents="2" CreationCount="121"/><InteractionEvent Delta="null" EndDate="2014-08-26 11:33:18.130 JST" Interest="4.0" Kind="edit" Navigation="null" OriginId="org.eclipse.jdt.ui.CompilationUnitEditor" StartDate="2014-08-26 11:33:12.551 JST" StructureHandle="=IFM11/src&amp;lt;ifm11.listeners.button{BO_CL.java[BO_CL~case_ACTV_TN_IB_UP" StructureKind="java" NumEvents="4" CreationCount="371"/><InteractionEvent Delta="null" EndDate="2014-08-26 11:33:11.253 JST" Interest="4.0" Kind="selection" Navigation="null" OriginId="org.eclipse.jdt.ui.CompilationUnitEditor" StartDate="2014-08-26 11:25:56.144 JST" StructureHandle="=IFM11/src&amp;lt;ifm11.listeners.button{BO_CL.java[BO_CL~case_ACTV_TN_IB_UP" StructureKind="java" NumEvents="4" CreationCount="371"/><InteractionEvent Delta="null" EndDate="2014-08-26 10:27:24.821 JST" Interest="1.0" Kind="selection" Navigation="null" OriginId="org.eclipse.ui.views.ContentOutline" StartDate="2014-08-26 10:27:24.821 JST" StructureHandle="=TA2/src&amp;lt;ta2.main{MemoActv.java%ta2.main" StructureKind="java"/><InteractionEvent Delta="null" EndDate="2014-08-26 11:23:22.241 JST" Interest="39.0" Kind="edit" Navigation="null" OriginId="org.eclipse.jdt.ui.CompilationUnitEditor" StartDate="2014-08-26 11:21:35.517 JST" StructureHandle="=TA2/src&amp;lt;ta2.listeners.button{BO_CL.java[BO_CL~onClick~QView;" StructureKind="java" NumEvents="39" CreationCount="301"/><InteractionEvent Delta="null" EndDate="2014-08-26 11:29:28.266 JST" Interest="4.0" Kind="selection" Navigation="null" OriginId="org.eclipse.jdt.ui.CompilationUnitEditor" StartDate="2014-08-26 11:21:34.435 JST" StructureHandle="=TA2/src&amp;lt;ta2.listeners.button{BO_CL.java[BO_CL~onClick~QView;" StructureKind="java" NumEvents="4" CreationCount="301"/><InteractionEvent Delta="null" EndDate="2014-08-26 11:25:49.478 JST" Interest="1.0" Kind="selection" Navigation="null" OriginId="org.eclipse.ui.views.ResourceNavigator" StartDate="2014-08-26 11:25:49.478 JST" StructureHandle="=IFM11/src&amp;lt;ifm11" StructureKind="java"/><InteractionEvent Delta="null" EndDate="2014-08-26 11:40:10.211 JST" Interest="223.0" Kind="propagation" Navigation="null" OriginId="org.eclipse.jdt.ui.CompilationUnitEditor" StartDate="2014-08-26 10:49:17.158 JST" StructureHandle="/TA2/src/ta2/listeners/button" StructureKind="resource" NumEvents="223" CreationCount="192"/><InteractionEvent Delta="null" EndDate="2014-08-26 11:21:33.430 JST" Interest="2.0" Kind="selection" Navigation="null" OriginId="org.eclipse.jdt.ui.CompilationUnitEditor" StartDate="2014-08-26 11:21:18.154 JST" StructureHandle="=TA2/src&amp;lt;ta2.listeners.button{BO_CL.java[BO_CL~BO_CL~QActivity;" StructureKind="java" NumEvents="2" CreationCount="292"/><InteractionEvent Delta="null" EndDate="2014-08-26 11:22:00.585 JST" Interest="5.0" Kind="selection" Navigation="null" OriginId="org.eclipse.jdt.ui.CompilationUnitEditor" StartDate="2014-08-26 10:44:58.260 JST" StructureHandle="=TA2/src&amp;lt;ta2.utils{Tags.java[Tags[ButtonTags^ACTV_SHOWLIST_TOP" StructureKind="java" NumEvents="5" CreationCount="153"/><InteractionEvent Delta="null" EndDate="2014-08-26 10:26:30.246 JST" Interest="1.0" Kind="propagation" Navigation="null" OriginId="org.eclipse.mylyn.resources.ui.interest.updater" StartDate="2014-08-26 10:26:30.246 JST" StructureHandle="/TA2/res/drawable/actv_showlist_bt_bottom_45x45_disabled.png" StructureKind="resource"/><InteractionEvent Delta="null" EndDate="2014-08-26 11:40:09.917 JST" Interest="1.0" Kind="prediction" Navigation="null" OriginId="org.eclipse.mylyn.resources.ui.interest.updater" StartDate="2014-08-26 11:40:09.917 JST" StructureHandle="/TA2/res/drawable/actv_showlist_bt_bottom_45x45_disabled.png" StructureKind="resource"/><InteractionEvent Delta="null" EndDate="2014-08-26 10:26:30.245 JST" Interest="1.0" Kind="propagation" Navigation="null" OriginId="org.eclipse.mylyn.resources.ui.interest.updater" StartDate="2014-08-26 10:26:30.245 JST" StructureHandle="/TA2/res/drawable/actv_showlist_bt_up_50x50_disabled.png" StructureKind="resource"/><InteractionEvent Delta="null" EndDate="2014-08-26 11:40:09.917 JST" Interest="1.0" Kind="prediction" Navigation="null" OriginId="org.eclipse.mylyn.resources.ui.interest.updater" StartDate="2014-08-26 11:40:09.917 JST" StructureHandle="/TA2/res/drawable/actv_showlist_bt_up_50x50_disabled.png" StructureKind="resource"/><InteractionEvent Delta="null" EndDate="2014-08-26 11:25:45.213 JST" Interest="80.0" Kind="edit" Navigation="null" OriginId="org.eclipse.jdt.ui.CompilationUnitEditor" StartDate="2014-08-26 10:28:24.690 JST" StructureHandle="=TA2/src&amp;lt;ta2.main{ShowListActv.java[ShowListActv~_Setup_Listeners_IBs" StructureKind="java" NumEvents="80" CreationCount="70"/><InteractionEvent Delta="null" EndDate="2014-08-26 11:23:30.732 JST" Interest="18.0" Kind="selection" Navigation="null" OriginId="org.eclipse.jdt.ui.CompilationUnitEditor" StartDate="2014-08-26 10:28:12.645 JST" StructureHandle="=TA2/src&amp;lt;ta2.main{ShowListActv.java[ShowListActv~_Setup_Listeners_IBs" StructureKind="java" NumEvents="18" CreationCount="70"/><InteractionEvent Delta="null" EndDate="2014-08-26 11:33:18.131 JST" Interest="38.068" Kind="propagation" Navigation="org.eclipse.mylyn.core.model.edges.containment" OriginId="org.eclipse.mylyn.core.model.interest.propagation" StartDate="2014-08-26 11:25:47.360 JST" StructureHandle="/IFM11/src" StructureKind="resource" NumEvents="42" CreationCount="364"/><InteractionEvent Delta="null" EndDate="2014-08-26 11:40:10.208 JST" Interest="163.0" Kind="propagation" Navigation="null" OriginId="org.eclipse.jdt.ui.CompilationUnitEditor" StartDate="2014-08-26 11:21:17.417 JST" StructureHandle="/TA2/src/ta2/listeners/button/BO_CL.java" StructureKind="resource" NumEvents="163" CreationCount="291"/><InteractionEvent Delta="null" EndDate="2014-08-26 11:33:18.131 JST" Interest="38.051" Kind="propagation" Navigation="org.eclipse.mylyn.core.model.edges.containment" OriginId="org.eclipse.mylyn.core.model.interest.propagation" StartDate="2014-08-26 11:25:49.478 JST" StructureHandle="/IFM11/src/ifm11" StructureKind="resource" NumEvents="41" CreationCount="365"/><InteractionEvent Delta="null" EndDate="2014-08-26 11:40:09.917 JST" Interest="2.0" Kind="prediction" Navigation="null" OriginId="org.eclipse.mylyn.resources.ui.interest.updater" StartDate="2014-08-26 10:26:30.243 JST" StructureHandle="/TA2/res/drawable/actv_showlist_bt_up_50x50.png" StructureKind="resource" NumEvents="2" CreationCount="31"/><InteractionEvent Delta="null" EndDate="2014-08-26 11:31:50.823 JST" Interest="18.0" Kind="edit" Navigation="null" OriginId="org.eclipse.jdt.ui.CompilationUnitEditor" StartDate="2014-08-26 11:29:32.788 JST" StructureHandle="=TA2/src&amp;lt;ta2.listeners.button{BO_CL.java[BO_CL~case_ACTV_SHOWLIST_BOTTOM" StructureKind="java" NumEvents="18" CreationCount="424"/><InteractionEvent Delta="null" EndDate="2014-08-26 11:31:47.340 JST" Interest="7.0" Kind="selection" Navigation="null" OriginId="org.eclipse.jdt.ui.CompilationUnitEditor" StartDate="2014-08-26 11:29:30.512 JST" StructureHandle="=TA2/src&amp;lt;ta2.listeners.button{BO_CL.java[BO_CL~case_ACTV_SHOWLIST_BOTTOM" StructureKind="java" NumEvents="7" CreationCount="424"/><InteractionEvent Delta="null" EndDate="2014-08-26 11:21:06.425 JST" Interest="13.0" Kind="edit" Navigation="null" OriginId="org.eclipse.jdt.ui.CompilationUnitEditor" StartDate="2014-08-26 10:59:56.230 JST" StructureHandle="=TA2/src&amp;lt;ta2.main{ShowListActv.java[ShowListActv~onStart" StructureKind="java" NumEvents="13" CreationCount="276"/><InteractionEvent Delta="null" EndDate="2014-08-26 10:59:55.692 JST" Interest="1.0" Kind="selection" Navigation="null" OriginId="org.eclipse.ui.views.ContentOutline" StartDate="2014-08-26 10:59:55.692 JST" StructureHandle="=TA2/src&amp;lt;ta2.main{ShowListActv.java[ShowListActv~onStart" StructureKind="java"/><InteractionEvent Delta="null" EndDate="2014-08-26 11:33:09.509 JST" Interest="12.636002" Kind="propagation" Navigation="org.eclipse.mylyn.core.model.edges.containment" OriginId="org.eclipse.mylyn.core.model.interest.propagation" StartDate="2014-08-26 11:25:49.478 JST" StructureHandle="=IFM11/src" StructureKind="java" NumEvents="25" CreationCount="364"/><InteractionEvent Delta="null" EndDate="2014-08-26 11:25:47.360 JST" Interest="1.0" Kind="selection" Navigation="null" OriginId="org.eclipse.ui.views.ResourceNavigator" StartDate="2014-08-26 11:25:47.360 JST" StructureHandle="=IFM11/src" StructureKind="java"/><InteractionEvent Delta="null" EndDate="2014-08-26 11:25:45.214 JST" Interest="72.139" Kind="propagation" Navigation="org.eclipse.mylyn.core.model.edges.containment" OriginId="org.eclipse.mylyn.core.model.interest.propagation" StartDate="2014-08-26 10:27:21.854 JST" StructureHandle="=TA2/src" StructureKind="java" NumEvents="104" CreationCount="3"/><InteractionEvent Delta="null" EndDate="2014-08-26 11:40:12.393 JST" Interest="4.0" Kind="selection" Navigation="null" OriginId="org.eclipse.jdt.ui.PackageExplorer" StartDate="2014-08-26 10:13:40.438 JST" StructureHandle="=TA2/src" StructureKind="java" NumEvents="4" CreationCount="3"/></InteractionHistory>