<?xml version="1.0" encoding="UTF-8"?><InteractionHistory Id="local-217" Version="1"><InteractionEvent Delta="null" EndDate="2014-11-17 20:23:38.155 JST" Interest="1.0" Kind="propagation" Navigation="org.eclipse.mylyn.core.model.edges.containment" OriginId="org.eclipse.mylyn.core.model.interest.propagation" StartDate="2014-11-17 20:23:38.155 JST" StructureHandle="" StructureKind="java"/><InteractionEvent Delta="null" EndDate="2014-11-17 20:34:48.689 JST" Interest="2.0" Kind="selection" Navigation="null" OriginId="org.eclipse.ui.views.ContentOutline" StartDate="2014-11-17 20:34:42.14 JST" StructureHandle="=freemind_1.0.1/freemind\/freemind\/controller&amp;lt;{Controller.java[Controller^PAGE_FORMAT_PROPERTY" StructureKind="java" NumEvents="2" CreationCount="191"/><InteractionEvent Delta="null" EndDate="2014-11-17 20:45:48.411 JST" Interest="11.0" Kind="selection" Navigation="null" OriginId="org.eclipse.jdt.ui.CompilationUnitEditor" StartDate="2014-11-17 20:24:09.868 JST" StructureHandle="=freemind_1.0.1/freemind\/freemind\/main&amp;lt;{FreeMind.java[FreeMind~main~\[QString;~QProperties;~QProperties;~QFile;" StructureKind="java" NumEvents="11" CreationCount="10"/><InteractionEvent Delta="null" EndDate="2014-11-17 20:45:49.805 JST" Interest="78.0" Kind="edit" Navigation="null" OriginId="org.eclipse.jdt.ui.CompilationUnitEditor" StartDate="2014-11-17 20:24:09.961 JST" StructureHandle="=freemind_1.0.1/freemind\/freemind\/main&amp;lt;{FreeMind.java[FreeMind~main~\[QString;~QProperties;~QProperties;~QFile;" StructureKind="java" NumEvents="78" CreationCount="10"/><InteractionEvent Delta="null" EndDate="2014-11-17 20:57:29.115 JST" Interest="1.0" Kind="selection" Navigation="null" OriginId="org.eclipse.search.ui.views.SearchView" StartDate="2014-11-17 20:57:29.115 JST" StructureHandle="/freemind_1.0.1/freemind/accessories/plugins/time" StructureKind="resource"/><InteractionEvent Delta="null" EndDate="2014-11-17 20:57:28.639 JST" Interest="1.0" Kind="propagation" Navigation="org.eclipse.mylyn.core.model.edges.containment" OriginId="org.eclipse.mylyn.core.model.interest.propagation" StartDate="2014-11-17 20:57:28.639 JST" StructureHandle="/freemind_1.0.1/freemind/accessories/plugins/time" StructureKind="resource"/><InteractionEvent Delta="null" EndDate="2014-11-17 20:55:11.218 JST" Interest="2.0" Kind="selection" Navigation="null" OriginId="org.eclipse.ui.views.ContentOutline" StartDate="2014-11-17 20:54:04.494 JST" StructureHandle="=freemind_1.0.1/freemind\/freemind\/main&amp;lt;{CONS.java[CONS[Admin^fname_Log" StructureKind="java" NumEvents="2" CreationCount="454"/><InteractionEvent Delta="null" EndDate="2014-11-17 20:54:37.956 JST" Interest="1.0" Kind="edit" Navigation="null" OriginId="org.eclipse.jdt.ui.CompilationUnitEditor" StartDate="2014-11-17 20:54:37.956 JST" StructureHandle="=freemind_1.0.1/freemind\/freemind\/main&amp;lt;{CONS.java[CONS[Admin^fname_Log" StructureKind="java"/><InteractionEvent Delta="null" EndDate="2014-11-17 20:48:45.243 JST" Interest="5.0" Kind="selection" Navigation="null" OriginId="org.eclipse.ui.views.ContentOutline" StartDate="2014-11-17 20:38:01.675 JST" StructureHandle="=freemind_1.0.1/freemind\/freemind\/main&amp;lt;{FreeMind.java[FreeMind~main~\[QString;~QProperties;~QProperties;~QFile;[!2~windowLostFocus~QWindowEvent;" StructureKind="java" NumEvents="5" CreationCount="213"/><InteractionEvent Delta="null" EndDate="2014-11-17 20:48:35.745 JST" Interest="17.0" Kind="edit" Navigation="null" OriginId="org.eclipse.jdt.ui.CompilationUnitEditor" StartDate="2014-11-17 20:46:11.136 JST" StructureHandle="=freemind_1.0.1/freemind\/freemind\/main&amp;lt;{FreeMind.java[FreeMind~main~\[QString;~QProperties;~QProperties;~QFile;[!2~windowLostFocus~QWindowEvent;" StructureKind="java" NumEvents="17" CreationCount="213"/><InteractionEvent Delta="null" EndDate="2014-11-17 20:46:11.131 JST" Interest="1.1760001" Kind="manipulation" Navigation="null" OriginId="org.eclipse.mylyn.core.model.interest.decay.correction" StartDate="2014-11-17 20:46:11.131 JST" StructureHandle="=freemind_1.0.1/freemind\/freemind\/main&amp;lt;{FreeMind.java[FreeMind~main~\[QString;~QProperties;~QProperties;~QFile;[!2~windowLostFocus~QWindowEvent;" StructureKind="java"/><InteractionEvent Delta="null" EndDate="2014-11-17 20:56:05.911 JST" Interest="1.0" Kind="selection" Navigation="null" OriginId="org.eclipse.jdt.ui.PackageExplorer" StartDate="2014-11-17 20:56:05.911 JST" StructureHandle="/freemind_1.0.1/freemind/freemind/log" StructureKind="resource"/><InteractionEvent Delta="null" EndDate="2014-11-17 20:54:58.9 JST" Interest="11.7" Kind="propagation" Navigation="org.eclipse.mylyn.core.model.edges.containment" OriginId="org.eclipse.mylyn.core.model.interest.propagation" StartDate="2014-11-17 20:54:12.253 JST" StructureHandle="/freemind_1.0.1/freemind/freemind/log" StructureKind="resource" NumEvents="15" CreationCount="456"/><InteractionEvent Delta="null" EndDate="2014-11-17 20:58:25.194 JST" Interest="1.0" Kind="selection" Navigation="null" OriginId="org.eclipse.jdt.ui.CompilationUnitEditor" StartDate="2014-11-17 20:58:25.194 JST" StructureHandle="=freemind_1.0.1/freemind\/freemind\/controller&amp;lt;{Controller.java[Controller~getNodeKeyListener" StructureKind="java"/><InteractionEvent Delta="null" EndDate="2014-11-17 20:48:29.461 JST" Interest="8.0" Kind="selection" Navigation="null" OriginId="org.eclipse.jdt.ui.CompilationUnitEditor" StartDate="2014-11-17 20:37:24.833 JST" StructureHandle="=freemind_1.0.1/freemind\/freemind\/main&amp;lt;{FreeMind.java[FreeMind~main~\[QString;~QProperties;~QProperties;~QFile;[!2~windowGainedFocus~QWindowEvent;" StructureKind="java" NumEvents="8" CreationCount="212"/><InteractionEvent Delta="null" EndDate="2014-11-17 20:48:31.316 JST" Interest="31.0" Kind="edit" Navigation="null" OriginId="org.eclipse.jdt.ui.CompilationUnitEditor" StartDate="2014-11-17 20:38:39.329 JST" StructureHandle="=freemind_1.0.1/freemind\/freemind\/main&amp;lt;{FreeMind.java[FreeMind~main~\[QString;~QProperties;~QProperties;~QFile;[!2~windowGainedFocus~QWindowEvent;" StructureKind="java" NumEvents="31" CreationCount="212"/><InteractionEvent Delta="null" EndDate="2014-11-17 20:55:14.140 JST" Interest="29.0" Kind="selection" Navigation="null" OriginId="org.eclipse.jdt.ui.CompilationUnitEditor" StartDate="2014-11-17 20:23:54.809 JST" StructureHandle="=freemind_1.0.1/freemind\/freemind\/main&amp;lt;{FreeMind.java" StructureKind="java" NumEvents="29" CreationCount="7"/><InteractionEvent Delta="null" EndDate="2014-11-17 20:39:29.144 JST" Interest="44.051003" Kind="propagation" Navigation="org.eclipse.mylyn.core.model.edges.containment" OriginId="org.eclipse.mylyn.core.model.interest.propagation" StartDate="2014-11-17 20:24:10.605 JST" StructureHandle="=freemind_1.0.1/freemind\/freemind\/main&amp;lt;{FreeMind.java" StructureKind="java" NumEvents="69" CreationCount="7"/><InteractionEvent Delta="null" EndDate="2014-11-17 20:34:18.396 JST" Interest="4.0" Kind="edit" Navigation="null" OriginId="org.eclipse.jdt.ui.CompilationUnitEditor" StartDate="2014-11-17 20:26:52.598 JST" StructureHandle="=freemind_1.0.1/freemind\/freemind\/main&amp;lt;{FreeMind.java" StructureKind="java" NumEvents="4" CreationCount="7"/><InteractionEvent Delta="null" EndDate="2014-11-17 20:56:05.148 JST" Interest="4.0" Kind="selection" Navigation="null" OriginId="org.eclipse.jdt.ui.CompilationUnitEditor" StartDate="2014-11-17 20:27:45.870 JST" StructureHandle="=freemind_1.0.1/freemind\/freemind\/main&amp;lt;{FreeMind.java[FreeMind" StructureKind="java" NumEvents="4" CreationCount="10"/><InteractionEvent Delta="null" EndDate="2014-11-17 20:45:52.974 JST" Interest="63.9" Kind="propagation" Navigation="org.eclipse.mylyn.core.model.edges.containment" OriginId="org.eclipse.mylyn.core.model.interest.propagation" StartDate="2014-11-17 20:24:09.868 JST" StructureHandle="=freemind_1.0.1/freemind\/freemind\/main&amp;lt;{FreeMind.java[FreeMind" StructureKind="java" NumEvents="91" CreationCount="10"/><InteractionEvent Delta="null" EndDate="2014-11-17 20:27:45.876 JST" Interest="1.0" Kind="edit" Navigation="null" OriginId="org.eclipse.jdt.ui.CompilationUnitEditor" StartDate="2014-11-17 20:27:45.876 JST" StructureHandle="=freemind_1.0.1/freemind\/freemind\/main&amp;lt;{FreeMind.java[FreeMind" StructureKind="java"/><InteractionEvent Delta="null" EndDate="2014-11-17 20:30:51.437 JST" Interest="2.0" Kind="selection" Navigation="null" OriginId="org.eclipse.jdt.ui.CompilationUnitEditor" StartDate="2014-11-17 20:30:25.810 JST" StructureHandle="=freemind_1.0.1/freemind\/freemind\/main&amp;lt;{FreeMind.java[FreeMind~registerStartupDoneListener~QStartupDoneListener;" StructureKind="java" NumEvents="2" CreationCount="96"/><InteractionEvent Delta="null" EndDate="2014-11-17 20:30:25.829 JST" Interest="1.0" Kind="edit" Navigation="null" OriginId="org.eclipse.jdt.ui.CompilationUnitEditor" StartDate="2014-11-17 20:30:25.829 JST" StructureHandle="=freemind_1.0.1/freemind\/freemind\/main&amp;lt;{FreeMind.java[FreeMind~registerStartupDoneListener~QStartupDoneListener;" StructureKind="java"/><InteractionEvent Delta="null" EndDate="2014-11-17 20:40:21.683 JST" Interest="4.7" Kind="propagation" Navigation="org.eclipse.mylyn.core.model.edges.containment" OriginId="org.eclipse.mylyn.core.model.interest.propagation" StartDate="2014-11-17 20:39:18.730 JST" StructureHandle="=freemind_1.0.1/freemind\/freemind\/main&amp;lt;{FreeMind.java[FreeMind~main~\[QString;~QProperties;~QProperties;~QFile;[" StructureKind="java" NumEvents="5" CreationCount="220"/><InteractionEvent Delta="null" EndDate="2014-11-17 20:55:01.92 JST" Interest="7.0" Kind="selection" Navigation="null" OriginId="org.eclipse.jdt.ui.CompilationUnitEditor" StartDate="2014-11-17 20:39:43.855 JST" StructureHandle="=freemind_1.0.1/freemind\/freemind\/main&amp;lt;{FreeMindStarter.java[FreeMindStarter~main~\[QString;" StructureKind="java" NumEvents="7" CreationCount="235"/><InteractionEvent Delta="null" EndDate="2014-11-17 20:50:23.26 JST" Interest="24.0" Kind="edit" Navigation="null" OriginId="org.eclipse.jdt.ui.CompilationUnitEditor" StartDate="2014-11-17 20:39:51.18 JST" StructureHandle="=freemind_1.0.1/freemind\/freemind\/main&amp;lt;{FreeMindStarter.java[FreeMindStarter~main~\[QString;" StructureKind="java" NumEvents="24" CreationCount="235"/><InteractionEvent Delta="null" EndDate="2014-11-17 20:29:39.279 JST" Interest="3.0" Kind="propagation" Navigation="org.eclipse.mylyn.core.model.edges.containment" OriginId="org.eclipse.mylyn.core.model.interest.propagation" StartDate="2014-11-17 20:29:36.788 JST" StructureHandle="=freemind_1.0.1/freemind\/plugins\/script&amp;lt;" StructureKind="java" NumEvents="3" CreationCount="81"/><InteractionEvent Delta="null" EndDate="2014-11-17 20:44:04.774 JST" Interest="1.0" Kind="selection" Navigation="null" OriginId="org.eclipse.jdt.ui.CompilationUnitEditor" StartDate="2014-11-17 20:44:04.774 JST" StructureHandle="=freemind_1.0.1/freemind\/freemind\/main&amp;lt;{FreeMindStarter.java[FreeMindStarter" StructureKind="java"/><InteractionEvent Delta="null" EndDate="2014-11-17 20:55:01.92 JST" Interest="22.099998" Kind="propagation" Navigation="org.eclipse.mylyn.core.model.edges.containment" OriginId="org.eclipse.mylyn.core.model.interest.propagation" StartDate="2014-11-17 20:39:43.856 JST" StructureHandle="=freemind_1.0.1/freemind\/freemind\/main&amp;lt;{FreeMindStarter.java[FreeMindStarter" StructureKind="java" NumEvents="30" CreationCount="235"/><InteractionEvent Delta="null" EndDate="2014-11-17 20:44:06.408 JST" Interest="1.0" Kind="edit" Navigation="null" OriginId="org.eclipse.jdt.ui.CompilationUnitEditor" StartDate="2014-11-17 20:44:06.408 JST" StructureHandle="=freemind_1.0.1/freemind\/freemind\/main&amp;lt;{FreeMindStarter.java[FreeMindStarter" StructureKind="java"/><InteractionEvent Delta="null" EndDate="2014-11-17 20:30:32.152 JST" Interest="1.0" Kind="propagation" Navigation="null" OriginId="org.eclipse.search.ui.views.SearchView" StartDate="2014-11-17 20:30:32.152 JST" StructureHandle="/freemind_1.0.1/freemind/freemind/main/FreeMindApplet.java" StructureKind="resource"/><InteractionEvent Delta="null" EndDate="2014-11-17 20:53:35.961 JST" Interest="2.0" Kind="selection" Navigation="null" OriginId="org.eclipse.jdt.ui.PackageExplorer" StartDate="2014-11-17 20:53:30.632 JST" StructureHandle="/freemind_1.0.1/freemind/log/log.txt" StructureKind="resource" NumEvents="2" CreationCount="437"/><InteractionEvent Delta="null" EndDate="2014-11-17 20:53:39.195 JST" Interest="4.0" Kind="edit" Navigation="null" OriginId="org.eclipse.ui.DefaultTextEditor" StartDate="2014-11-17 20:53:30.658 JST" StructureHandle="/freemind_1.0.1/freemind/log/log.txt" StructureKind="resource" NumEvents="4" CreationCount="437"/><InteractionEvent Delta="null" EndDate="2014-11-17 20:58:20.820 JST" Interest="2.0" Kind="selection" Navigation="null" OriginId="org.eclipse.jdt.ui.CompilationUnitEditor" StartDate="2014-11-17 20:58:13.582 JST" StructureHandle="=freemind_1.0.1/freemind\/freemind\/controller&amp;lt;{Controller.java[Controller^nodeKeyListener" StructureKind="java" NumEvents="2" CreationCount="525"/><InteractionEvent Delta="null" EndDate="2014-11-17 20:58:17.437 JST" Interest="3.0" Kind="edit" Navigation="null" OriginId="org.eclipse.jdt.ui.CompilationUnitEditor" StartDate="2014-11-17 20:58:16.717 JST" StructureHandle="=freemind_1.0.1/freemind\/freemind\/controller&amp;lt;{Controller.java[Controller^nodeKeyListener" StructureKind="java" NumEvents="3" CreationCount="525"/><InteractionEvent Delta="null" EndDate="2014-11-17 20:36:29.390 JST" Interest="5.0" Kind="selection" Navigation="null" OriginId="org.eclipse.jdt.ui.CompilationUnitEditor" StartDate="2014-11-17 20:34:20.397 JST" StructureHandle="=freemind_1.0.1/freemind\/freemind\/main&amp;lt;{FreeMind.java#freemind.controller.Controller" StructureKind="java" NumEvents="5" CreationCount="178"/><InteractionEvent Delta="null" EndDate="2014-11-17 20:34:51.968 JST" Interest="1.0" Kind="selection" Navigation="null" OriginId="org.eclipse.ui.views.ContentOutline" StartDate="2014-11-17 20:34:51.968 JST" StructureHandle="=freemind_1.0.1/freemind\/freemind\/controller&amp;lt;{Controller.java[Controller[BackgroundSwatch" StructureKind="java"/><InteractionEvent Delta="null" EndDate="2014-11-17 20:29:39.965 JST" Interest="5.0" Kind="propagation" Navigation="null" OriginId="org.eclipse.jdt.ui.CompilationUnitEditor" StartDate="2014-11-17 20:29:36.787 JST" StructureHandle="/freemind_1.0.1/freemind/plugins/script/ScriptingRegistration.java" StructureKind="resource" NumEvents="5" CreationCount="81"/><InteractionEvent Delta="null" EndDate="2014-11-17 20:29:24.352 JST" Interest="1.0" Kind="selection" Navigation="null" OriginId="org.eclipse.search.ui.views.SearchView" StartDate="2014-11-17 20:29:24.352 JST" StructureHandle="/freemind_1.0.1/freemind/plugins/script" StructureKind="resource"/><InteractionEvent Delta="null" EndDate="2014-11-17 20:29:39.965 JST" Interest="4.017" Kind="propagation" Navigation="org.eclipse.mylyn.core.model.edges.containment" OriginId="org.eclipse.mylyn.core.model.interest.propagation" StartDate="2014-11-17 20:29:36.787 JST" StructureHandle="/freemind_1.0.1/freemind/plugins/script" StructureKind="resource" NumEvents="5" CreationCount="80"/><InteractionEvent Delta="null" EndDate="2014-11-17 20:58:57.520 JST" Interest="416.10205" Kind="propagation" Navigation="org.eclipse.mylyn.core.model.edges.containment" OriginId="org.eclipse.mylyn.core.model.interest.propagation" StartDate="2014-11-17 20:23:38.155 JST" StructureHandle="/" StructureKind="resource" NumEvents="433" CreationCount="1"/><InteractionEvent Delta="null" EndDate="2014-11-17 20:57:28.641 JST" Interest="1.0" Kind="propagation" Navigation="org.eclipse.mylyn.core.model.edges.containment" OriginId="org.eclipse.mylyn.core.model.interest.propagation" StartDate="2014-11-17 20:57:28.641 JST" StructureHandle="=freemind_1.0.1/freemind\/accessories\/plugins\/time" StructureKind="java"/><InteractionEvent Delta="null" EndDate="2014-11-17 20:55:06.840 JST" Interest="9.0" Kind="selection" Navigation="null" OriginId="org.eclipse.ui.DefaultTextEditor" StartDate="2014-11-17 20:41:19.975 JST" StructureHandle="/freemind_1.0.1/memos.txt" StructureKind="resource" NumEvents="9" CreationCount="271"/><InteractionEvent Delta="null" EndDate="2014-11-17 20:55:06.867 JST" Interest="15.0" Kind="edit" Navigation="null" OriginId="org.eclipse.ui.DefaultTextEditor" StartDate="2014-11-17 20:41:20.3 JST" StructureHandle="/freemind_1.0.1/memos.txt" StructureKind="resource" NumEvents="15" CreationCount="271"/><InteractionEvent Delta="null" EndDate="2014-11-17 20:49:13.424 JST" Interest="1.0" Kind="selection" Navigation="null" OriginId="org.eclipse.ui.views.ContentOutline" StartDate="2014-11-17 20:49:13.424 JST" StructureHandle="=freemind_1.0.1/freemind\/freemind\/main&amp;lt;{FreeMind.java[FreeMind~checkForAnotherInstance~\[QString;" StructureKind="java"/><InteractionEvent Delta="null" EndDate="2014-11-17 20:55:58.716 JST" Interest="1.0" Kind="selection" Navigation="null" OriginId="org.eclipse.ui.views.ContentOutline" StartDate="2014-11-17 20:55:58.716 JST" StructureHandle="=freemind_1.0.1/freemind\/freemind\/main&amp;lt;{FreeMind.java[FreeMind~getLogger~QString;" StructureKind="java"/><InteractionEvent Delta="null" EndDate="2014-11-17 20:40:40.919 JST" Interest="1.0" Kind="selection" Navigation="null" OriginId="org.eclipse.jdt.ui.CompilationUnitEditor" StartDate="2014-11-17 20:40:40.919 JST" StructureHandle="=freemind_1.0.1/freemind\/freemind\/main&amp;lt;{FreeMind.java[FreeMind~main~\[QString;~QProperties;~QProperties;~QFile;[~windowGainedFocus~QWindowEvent;" StructureKind="java"/><InteractionEvent Delta="null" EndDate="2014-11-17 20:40:41.719 JST" Interest="1.0" Kind="edit" Navigation="null" OriginId="org.eclipse.jdt.ui.CompilationUnitEditor" StartDate="2014-11-17 20:40:41.719 JST" StructureHandle="=freemind_1.0.1/freemind\/freemind\/main&amp;lt;{FreeMind.java[FreeMind~main~\[QString;~QProperties;~QProperties;~QFile;[~windowGainedFocus~QWindowEvent;" StructureKind="java"/><InteractionEvent Delta="null" EndDate="2014-11-17 20:30:32.152 JST" Interest="1.0" Kind="selection" Navigation="null" OriginId="org.eclipse.search.ui.views.SearchView" StartDate="2014-11-17 20:30:32.152 JST" StructureHandle="=freemind_1.0.1/freemind\/freemind\/main&amp;lt;{FreeMindApplet.java" StructureKind="java"/><InteractionEvent Delta="null" EndDate="2014-11-17 20:56:05.167 JST" Interest="2.0" Kind="selection" Navigation="null" OriginId="org.eclipse.jdt.ui.CompilationUnitEditor" StartDate="2014-11-17 20:56:04.840 JST" StructureHandle="=freemind_1.0.1/freemind\/freemind\/main&amp;lt;{FreeMind.java[FreeMind^FREE_MIND_PROGRESS_LOAD_MAPS_NAME" StructureKind="java" NumEvents="2" CreationCount="502"/><InteractionEvent Delta="null" EndDate="2014-11-17 20:56:05.349 JST" Interest="1.0" Kind="edit" Navigation="null" OriginId="org.eclipse.jdt.ui.CompilationUnitEditor" StartDate="2014-11-17 20:56:05.349 JST" StructureHandle="=freemind_1.0.1/freemind\/freemind\/main&amp;lt;{FreeMind.java[FreeMind^FREE_MIND_PROGRESS_LOAD_MAPS_NAME" StructureKind="java"/><InteractionEvent Delta="null" EndDate="2014-11-17 20:59:25.898 JST" Interest="3.0" Kind="selection" Navigation="null" OriginId="org.eclipse.jdt.ui.PackageExplorer" StartDate="2014-11-17 20:58:56.102 JST" StructureHandle="=freemind_1.0.1/freemind\/freemind\/controller&amp;lt;{NodeKeyListener.java" StructureKind="java" NumEvents="3" CreationCount="544"/><InteractionEvent Delta="null" EndDate="2014-11-17 21:15:22.860 JST" Interest="3.151" Kind="propagation" Navigation="org.eclipse.mylyn.core.model.edges.containment" OriginId="org.eclipse.mylyn.core.model.interest.propagation" StartDate="2014-11-17 20:59:11.372 JST" StructureHandle="=freemind_1.0.1/freemind\/freemind\/controller&amp;lt;{NodeKeyListener.java" StructureKind="java" NumEvents="6" CreationCount="544"/><InteractionEvent Delta="null" EndDate="2014-11-17 20:23:49.429 JST" Interest="1.0" Kind="selection" Navigation="null" OriginId="org.eclipse.jdt.ui.PackageExplorer" StartDate="2014-11-17 20:23:49.429 JST" StructureHandle="/freemind_1.0.1/freemind/eclipe_templates" StructureKind="resource"/><InteractionEvent Delta="null" EndDate="2014-11-17 20:58:28.695 JST" Interest="2.0" Kind="selection" Navigation="null" OriginId="org.eclipse.jdt.ui.CompilationUnitEditor" StartDate="2014-11-17 20:58:21.457 JST" StructureHandle="=freemind_1.0.1/freemind\/freemind\/controller&amp;lt;{Controller.java[Controller~init" StructureKind="java" NumEvents="2" CreationCount="531"/><InteractionEvent Delta="null" EndDate="2014-11-17 20:58:45.533 JST" Interest="6.0" Kind="edit" Navigation="null" OriginId="org.eclipse.jdt.ui.CompilationUnitEditor" StartDate="2014-11-17 20:58:30.179 JST" StructureHandle="=freemind_1.0.1/freemind\/freemind\/controller&amp;lt;{Controller.java[Controller~init" StructureKind="java" NumEvents="6" CreationCount="531"/><InteractionEvent Delta="null" EndDate="2014-11-17 20:57:33.49 JST" Interest="4.0" Kind="selection" Navigation="null" OriginId="org.eclipse.search.ui.views.SearchView" StartDate="2014-11-17 20:34:34.189 JST" StructureHandle="/freemind_1.0.1/freemind/freemind/controller" StructureKind="resource" NumEvents="4" CreationCount="186"/><InteractionEvent Delta="null" EndDate="2014-11-17 21:15:23.436 JST" Interest="67.017" Kind="propagation" Navigation="null" OriginId="org.eclipse.jdt.ui.CompilationUnitEditor" StartDate="2014-11-17 20:34:38.479 JST" StructureHandle="/freemind_1.0.1/freemind/freemind/controller" StructureKind="resource" NumEvents="68" CreationCount="186"/><InteractionEvent Delta="null" EndDate="2014-11-17 20:48:48.455 JST" Interest="1.0" Kind="selection" Navigation="null" OriginId="org.eclipse.ui.views.ContentOutline" StartDate="2014-11-17 20:48:48.455 JST" StructureHandle="=freemind_1.0.1/freemind\/freemind\/main&amp;lt;{FreeMind.java[FreeMind^RESOURCES_EXECUTE_SCRIPTS_WITHOUT_NETWORK_RESTRICTION" StructureKind="java"/><InteractionEvent Delta="null" EndDate="2014-11-17 20:58:19.705 JST" Interest="13.0" Kind="selection" Navigation="null" OriginId="org.eclipse.jdt.ui.CompilationUnitEditor" StartDate="2014-11-17 20:34:38.478 JST" StructureHandle="=freemind_1.0.1/freemind\/freemind\/controller&amp;lt;{Controller.java" StructureKind="java" NumEvents="13" CreationCount="187"/><InteractionEvent Delta="null" EndDate="2014-11-17 20:34:40.408 JST" Interest="1.0" Kind="edit" Navigation="null" OriginId="org.eclipse.jdt.ui.CompilationUnitEditor" StartDate="2014-11-17 20:34:40.408 JST" StructureHandle="=freemind_1.0.1/freemind\/freemind\/controller&amp;lt;{Controller.java" StructureKind="java"/><InteractionEvent Delta="null" EndDate="2014-11-17 20:35:27.219 JST" Interest="1.0" Kind="selection" Navigation="null" OriginId="org.eclipse.ui.views.ContentOutline" StartDate="2014-11-17 20:35:27.219 JST" StructureHandle="=freemind_1.0.1/freemind\/freemind\/controller&amp;lt;{Controller.java[Controller^toolbarVisible" StructureKind="java"/><InteractionEvent Delta="null" EndDate="2014-11-17 20:55:00.841 JST" Interest="12.0" Kind="selection" Navigation="null" OriginId="org.eclipse.jdt.ui.CompilationUnitEditor" StartDate="2014-11-17 20:39:39.878 JST" StructureHandle="=freemind_1.0.1/freemind\/freemind\/main&amp;lt;{FreeMindStarter.java" StructureKind="java" NumEvents="12" CreationCount="232"/><InteractionEvent Delta="null" EndDate="2014-11-17 20:50:23.28 JST" Interest="11.850999" Kind="propagation" Navigation="org.eclipse.mylyn.core.model.edges.containment" OriginId="org.eclipse.mylyn.core.model.interest.propagation" StartDate="2014-11-17 20:39:55.108 JST" StructureHandle="=freemind_1.0.1/freemind\/freemind\/main&amp;lt;{FreeMindStarter.java" StructureKind="java" NumEvents="19" CreationCount="232"/><InteractionEvent Delta="null" EndDate="2014-11-17 20:29:39.278 JST" Interest="3.0" Kind="selection" Navigation="null" OriginId="org.eclipse.jdt.ui.CompilationUnitEditor" StartDate="2014-11-17 20:29:36.787 JST" StructureHandle="=freemind_1.0.1/freemind\/plugins\/script&amp;lt;{ScriptingRegistration.java" StructureKind="java" NumEvents="3" CreationCount="81"/><InteractionEvent Delta="null" EndDate="2014-11-17 20:58:52.241 JST" Interest="4.0" Kind="selection" Navigation="null" OriginId="org.eclipse.jdt.ui.PackageExplorer" StartDate="2014-11-17 20:56:56.312 JST" StructureHandle="=freemind_1.0.1/freemind\/freemind\/controller&amp;lt;{MenuItemSelectedListener.java" StructureKind="java" NumEvents="4" CreationCount="507"/><InteractionEvent Delta="null" EndDate="2014-11-17 20:58:49.687 JST" Interest="0.43400002" Kind="propagation" Navigation="org.eclipse.mylyn.core.model.edges.containment" OriginId="org.eclipse.mylyn.core.model.interest.propagation" StartDate="2014-11-17 20:58:49.687 JST" StructureHandle="=freemind_1.0.1/freemind\/freemind\/controller&amp;lt;{MenuItemSelectedListener.java" StructureKind="java"/><InteractionEvent Delta="null" EndDate="2014-11-17 20:32:46.45 JST" Interest="1.0" Kind="selection" Navigation="null" OriginId="org.eclipse.jdt.ui.CompilationUnitEditor" StartDate="2014-11-17 20:32:46.45 JST" StructureHandle="=freemind_1.0.1/freemind\/freemind\/main&amp;lt;{FreeMind.java[FreeMind~init~QFeedBack;" StructureKind="java"/><InteractionEvent Delta="null" EndDate="2014-11-17 20:34:17.306 JST" Interest="14.0" Kind="edit" Navigation="null" OriginId="org.eclipse.jdt.ui.CompilationUnitEditor" StartDate="2014-11-17 20:32:46.53 JST" StructureHandle="=freemind_1.0.1/freemind\/freemind\/main&amp;lt;{FreeMind.java[FreeMind~init~QFeedBack;" StructureKind="java" NumEvents="14" CreationCount="161"/><InteractionEvent Delta="null" EndDate="2014-11-17 20:36:29.391 JST" Interest="5.0" Kind="propagation" Navigation="org.eclipse.mylyn.core.model.edges.containment" OriginId="org.eclipse.mylyn.core.model.interest.propagation" StartDate="2014-11-17 20:34:20.398 JST" StructureHandle="=freemind_1.0.1/freemind\/freemind\/main&amp;lt;{FreeMind.java#" StructureKind="java" NumEvents="6" CreationCount="178"/><InteractionEvent Delta="null" EndDate="2014-11-17 20:29:39.964 JST" Interest="1.017" Kind="propagation" Navigation="org.eclipse.mylyn.core.model.edges.containment" OriginId="org.eclipse.mylyn.core.model.interest.propagation" StartDate="2014-11-17 20:29:39.361 JST" StructureHandle="=freemind_1.0.1/freemind\/plugins\/script&amp;lt;{ScriptingRegistration.java[ScriptingRegistration" StructureKind="java" NumEvents="2" CreationCount="85"/><InteractionEvent Delta="null" EndDate="2014-11-17 20:39:31.286 JST" Interest="1.0" Kind="selection" Navigation="null" OriginId="org.eclipse.jdt.ui.PackageExplorer" StartDate="2014-11-17 20:39:31.286 JST" StructureHandle="=freemind_1.0.1/freemind\/freemind\/controller&amp;lt;{FreeMindToolBar.java" StructureKind="java"/><InteractionEvent Delta="null" EndDate="2014-11-17 20:57:31.105 JST" Interest="2.0" Kind="selection" Navigation="null" OriginId="org.eclipse.search.ui.views.SearchView" StartDate="2014-11-17 20:23:50.871 JST" StructureHandle="/freemind_1.0.1/freemind/freemind" StructureKind="resource" NumEvents="2" CreationCount="5"/><InteractionEvent Delta="null" EndDate="2014-11-17 20:56:05.349 JST" Interest="414.034" Kind="propagation" Navigation="org.eclipse.mylyn.core.model.edges.containment" OriginId="org.eclipse.mylyn.core.model.interest.propagation" StartDate="2014-11-17 20:23:52.51 JST" StructureHandle="/freemind_1.0.1/freemind/freemind" StructureKind="resource" NumEvents="417" CreationCount="5"/><InteractionEvent Delta="null" EndDate="2014-11-17 20:54:42.80 JST" Interest="2.0" Kind="selection" Navigation="null" OriginId="org.eclipse.jdt.ui.CompilationUnitEditor" StartDate="2014-11-17 20:52:38.312 JST" StructureHandle="=freemind_1.0.1/freemind\/freemind\/main&amp;lt;{Methods.java[Methods~write_Log~QString;~QString;~I" StructureKind="java" NumEvents="2" CreationCount="422"/><InteractionEvent Delta="null" EndDate="2014-11-17 20:53:55.576 JST" Interest="17.0" Kind="edit" Navigation="null" OriginId="org.eclipse.jdt.ui.CompilationUnitEditor" StartDate="2014-11-17 20:52:42.677 JST" StructureHandle="=freemind_1.0.1/freemind\/freemind\/main&amp;lt;{Methods.java[Methods~write_Log~QString;~QString;~I" StructureKind="java" NumEvents="17" CreationCount="422"/><InteractionEvent Delta="null" EndDate="2014-11-17 20:25:50.833 JST" Interest="1.0" Kind="selection" Navigation="null" OriginId="org.eclipse.jdt.ui.CompilationUnitEditor" StartDate="2014-11-17 20:25:50.833 JST" StructureHandle="=freemind_1.0.1/freemind\/freemind\/main&amp;lt;{FreeMind.java[FreeMind~getMaximumNumberOfMapsToLoad~\[QString;" StructureKind="java"/><InteractionEvent Delta="null" EndDate="2014-11-17 20:26:18.882 JST" Interest="3.0" Kind="edit" Navigation="null" OriginId="org.eclipse.jdt.ui.CompilationUnitEditor" StartDate="2014-11-17 20:25:50.841 JST" StructureHandle="=freemind_1.0.1/freemind\/freemind\/main&amp;lt;{FreeMind.java[FreeMind~getMaximumNumberOfMapsToLoad~\[QString;" StructureKind="java" NumEvents="3" CreationCount="32"/><InteractionEvent Delta="null" EndDate="2014-11-17 20:29:20.853 JST" Interest="1.0" Kind="selection" Navigation="null" OriginId="org.eclipse.search.ui.views.SearchView" StartDate="2014-11-17 20:29:20.853 JST" StructureHandle="/freemind_1.0.1/freemind/plugins" StructureKind="resource"/><InteractionEvent Delta="null" EndDate="2014-11-17 20:29:39.965 JST" Interest="4.034" Kind="propagation" Navigation="org.eclipse.mylyn.core.model.edges.containment" OriginId="org.eclipse.mylyn.core.model.interest.propagation" StartDate="2014-11-17 20:29:24.352 JST" StructureHandle="/freemind_1.0.1/freemind/plugins" StructureKind="resource" NumEvents="6" CreationCount="79"/><InteractionEvent Delta="null" EndDate="2014-11-17 20:36:49.687 JST" Interest="2.0" Kind="selection" Navigation="null" OriginId="org.eclipse.jdt.ui.CompilationUnitEditor" StartDate="2014-11-17 20:36:48.71 JST" StructureHandle="=freemind_1.0.1/freemind\/freemind\/main&amp;lt;{FreeMind.java[FreeMind^RESOURCES_WHEEL_VELOCITY" StructureKind="java" NumEvents="2" CreationCount="203"/><InteractionEvent Delta="null" EndDate="2014-11-17 21:15:23.434 JST" Interest="15.0" Kind="propagation" Navigation="null" OriginId="org.eclipse.jdt.ui.CompilationUnitEditor" StartDate="2014-11-17 20:58:56.102 JST" StructureHandle="/freemind_1.0.1/freemind/freemind/controller/NodeKeyListener.java" StructureKind="resource" NumEvents="15" CreationCount="544"/><InteractionEvent Delta="null" EndDate="2014-11-17 20:35:16.281 JST" Interest="1.0" Kind="selection" Navigation="null" OriginId="org.eclipse.ui.views.ContentOutline" StartDate="2014-11-17 20:35:16.281 JST" StructureHandle="=freemind_1.0.1/freemind\/freemind\/controller&amp;lt;{Controller.java[Controller[ZoomInAction" StructureKind="java"/><InteractionEvent Delta="null" EndDate="2014-11-17 20:39:32.687 JST" Interest="1.0" Kind="selection" Navigation="null" OriginId="org.eclipse.jdt.ui.PackageExplorer" StartDate="2014-11-17 20:39:32.687 JST" StructureHandle="/freemind_1.0.1/freemind/freemind/controller/filter" StructureKind="resource"/><InteractionEvent Delta="null" EndDate="2014-11-17 20:48:55.292 JST" Interest="1.0" Kind="selection" Navigation="null" OriginId="org.eclipse.ui.views.ContentOutline" StartDate="2014-11-17 20:48:55.292 JST" StructureHandle="=freemind_1.0.1/freemind\/freemind\/main&amp;lt;{FreeMind.java[FreeMind^mScrollPane" StructureKind="java"/><InteractionEvent Delta="null" EndDate="2014-11-17 20:57:28.639 JST" Interest="1.0" Kind="selection" Navigation="null" OriginId="org.eclipse.search.ui.views.SearchView" StartDate="2014-11-17 20:57:28.639 JST" StructureHandle="=freemind_1.0.1/freemind\/accessories\/plugins\/time&amp;lt;{TimeList.java" StructureKind="java"/><InteractionEvent Delta="null" EndDate="2014-11-17 20:57:30.478 JST" Interest="1.0" Kind="selection" Navigation="null" OriginId="org.eclipse.search.ui.views.SearchView" StartDate="2014-11-17 20:57:30.478 JST" StructureHandle="/freemind_1.0.1/freemind/accessories/plugins" StructureKind="resource"/><InteractionEvent Delta="null" EndDate="2014-11-17 20:57:29.115 JST" Interest="2.0" Kind="propagation" Navigation="org.eclipse.mylyn.core.model.edges.containment" OriginId="org.eclipse.mylyn.core.model.interest.propagation" StartDate="2014-11-17 20:57:28.639 JST" StructureHandle="/freemind_1.0.1/freemind/accessories/plugins" StructureKind="resource" NumEvents="2" CreationCount="511"/><InteractionEvent Delta="null" EndDate="2014-11-17 20:58:03.145 JST" Interest="2.0" Kind="selection" Navigation="null" OriginId="org.eclipse.ui.views.ContentOutline" StartDate="2014-11-17 20:57:37.639 JST" StructureHandle="=freemind_1.0.1/freemind\/freemind\/controller&amp;lt;{Controller.java[Controller[ToggleMenubarAction" StructureKind="java" NumEvents="2" CreationCount="521"/><InteractionEvent Delta="null" EndDate="2014-11-17 20:34:29.638 JST" Interest="1.0" Kind="selection" Navigation="null" OriginId="org.eclipse.jdt.ui.PackageExplorer" StartDate="2014-11-17 20:34:29.638 JST" StructureHandle="=freemind_1.0.1/freemind\/freemind\/main&amp;lt;{FreeMindSplashModern.java" StructureKind="java"/><InteractionEvent Delta="null" EndDate="2014-11-17 20:55:01.92 JST" Interest="45.0" Kind="propagation" Navigation="null" OriginId="org.eclipse.jdt.ui.CompilationUnitEditor" StartDate="2014-11-17 20:39:39.878 JST" StructureHandle="/freemind_1.0.1/freemind/freemind/main/FreeMindStarter.java" StructureKind="resource" NumEvents="45" CreationCount="232"/><InteractionEvent Delta="null" EndDate="2014-11-17 20:34:26.65 JST" Interest="2.0" Kind="selection" Navigation="null" OriginId="org.eclipse.jdt.ui.CompilationUnitEditor" StartDate="2014-11-17 20:34:26.58 JST" StructureHandle="=freemind_1.0.1/freemind\/freemind\/main&amp;lt;{FreeMind.java#freemind.controller.LastStateStorageManagement" StructureKind="java" NumEvents="2" CreationCount="180"/><InteractionEvent Delta="null" EndDate="2014-11-17 20:23:38.155 JST" Interest="1.0" Kind="propagation" Navigation="null" OriginId="org.eclipse.ui.views.ResourceNavigator" StartDate="2014-11-17 20:23:38.155 JST" StructureHandle="/CutPlanner_A" StructureKind="resource"/><InteractionEvent Delta="null" EndDate="2014-11-17 20:41:13.904 JST" Interest="1.0" Kind="selection" Navigation="null" OriginId="org.eclipse.jdt.ui.PackageExplorer" StartDate="2014-11-17 20:41:13.904 JST" StructureHandle="=freemind_1.0.1" StructureKind="java"/><InteractionEvent Delta="null" EndDate="2014-11-17 20:59:10.438 JST" Interest="415.08505" Kind="propagation" Navigation="org.eclipse.mylyn.core.model.edges.containment" OriginId="org.eclipse.mylyn.core.model.interest.propagation" StartDate="2014-11-17 20:23:42.667 JST" StructureHandle="=freemind_1.0.1" StructureKind="resource" NumEvents="429" CreationCount="2"/><InteractionEvent Delta="null" EndDate="2014-11-17 20:23:38.155 JST" Interest="1.0" Kind="selection" Navigation="null" OriginId="org.eclipse.ui.views.ResourceNavigator" StartDate="2014-11-17 20:23:38.155 JST" StructureHandle="=CutPlanner_A" StructureKind="java"/><InteractionEvent Delta="null" EndDate="2014-11-17 20:55:03.110 JST" Interest="3.0" Kind="selection" Navigation="null" OriginId="org.eclipse.jdt.ui.CompilationUnitEditor" StartDate="2014-11-17 20:36:19.364 JST" StructureHandle="=freemind_1.0.1/freemind\/freemind\/controller&amp;lt;{Controller.java[Controller~setProperty~QString;~QString;" StructureKind="java" NumEvents="3" CreationCount="197"/><InteractionEvent Delta="null" EndDate="2014-11-17 20:36:27.82 JST" Interest="3.0" Kind="edit" Navigation="null" OriginId="org.eclipse.jdt.ui.CompilationUnitEditor" StartDate="2014-11-17 20:36:26.349 JST" StructureHandle="=freemind_1.0.1/freemind\/freemind\/controller&amp;lt;{Controller.java[Controller~setProperty~QString;~QString;" StructureKind="java" NumEvents="3" CreationCount="197"/><InteractionEvent Delta="null" EndDate="2014-11-17 20:55:03.110 JST" Interest="0.72800016" Kind="manipulation" Navigation="null" OriginId="org.eclipse.mylyn.core.model.interest.decay.correction" StartDate="2014-11-17 20:55:03.110 JST" StructureHandle="=freemind_1.0.1/freemind\/freemind\/controller&amp;lt;{Controller.java[Controller~setProperty~QString;~QString;" StructureKind="java"/><InteractionEvent Delta="null" EndDate="2014-11-17 20:31:55.866 JST" Interest="5.0" Kind="selection" Navigation="null" OriginId="org.eclipse.jdt.ui.CompilationUnitEditor" StartDate="2014-11-17 20:27:57.551 JST" StructureHandle="=freemind_1.0.1/freemind\/freemind\/main&amp;lt;{FreeMind.java[FreeMind~fireStartupDone" StructureKind="java" NumEvents="5" CreationCount="58"/><InteractionEvent Delta="null" EndDate="2014-11-17 20:31:15.569 JST" Interest="24.0" Kind="edit" Navigation="null" OriginId="org.eclipse.jdt.ui.CompilationUnitEditor" StartDate="2014-11-17 20:27:57.557 JST" StructureHandle="=freemind_1.0.1/freemind\/freemind\/main&amp;lt;{FreeMind.java[FreeMind~fireStartupDone" StructureKind="java" NumEvents="24" CreationCount="58"/><InteractionEvent Delta="null" EndDate="2014-11-17 20:54:03.627 JST" Interest="1.0" Kind="selection" Navigation="null" OriginId="org.eclipse.jdt.ui.CompilationUnitEditor" StartDate="2014-11-17 20:54:03.627 JST" StructureHandle="=freemind_1.0.1/freemind\/freemind\/main&amp;lt;{CONS.java[CONS[Admin" StructureKind="java"/><InteractionEvent Delta="null" EndDate="2014-11-17 20:55:11.219 JST" Interest="1.7170001" Kind="propagation" Navigation="org.eclipse.mylyn.core.model.edges.containment" OriginId="org.eclipse.mylyn.core.model.interest.propagation" StartDate="2014-11-17 20:54:04.495 JST" StructureHandle="=freemind_1.0.1/freemind\/freemind\/main&amp;lt;{CONS.java[CONS[Admin" StructureKind="java" NumEvents="3" CreationCount="453"/><InteractionEvent Delta="null" EndDate="2014-11-17 20:41:17.630 JST" Interest="2.0" Kind="selection" Navigation="null" OriginId="org.eclipse.jdt.ui.PackageExplorer" StartDate="2014-11-17 20:23:45.106 JST" StructureHandle="/freemind_1.0.1/freemind" StructureKind="resource" NumEvents="2" CreationCount="3"/><InteractionEvent Delta="null" EndDate="2014-11-17 20:58:20.821 JST" Interest="414.06802" Kind="propagation" Navigation="org.eclipse.mylyn.core.model.edges.containment" OriginId="org.eclipse.mylyn.core.model.interest.propagation" StartDate="2014-11-17 20:23:49.430 JST" StructureHandle="/freemind_1.0.1/freemind" StructureKind="resource" NumEvents="422" CreationCount="3"/><InteractionEvent Delta="null" EndDate="2014-11-17 20:54:42.80 JST" Interest="24.0" Kind="propagation" Navigation="null" OriginId="org.eclipse.jdt.ui.CompilationUnitEditor" StartDate="2014-11-17 20:52:36.454 JST" StructureHandle="/freemind_1.0.1/freemind/freemind/main/Methods.java" StructureKind="resource" NumEvents="24" CreationCount="421"/><InteractionEvent Delta="null" EndDate="2014-11-17 20:55:20.69 JST" Interest="1.0" Kind="selection" Navigation="null" OriginId="org.eclipse.ui.views.ContentOutline" StartDate="2014-11-17 20:55:20.69 JST" StructureHandle="=freemind_1.0.1/freemind\/freemind\/main&amp;lt;{FreeMind.java[FreeMind~getJFrame" StructureKind="java"/><InteractionEvent Delta="null" EndDate="2014-11-17 21:00:48.548 JST" Interest="1.0" Kind="selection" Navigation="null" OriginId="org.eclipse.jdt.ui.CompilationUnitEditor" StartDate="2014-11-17 21:00:48.548 JST" StructureHandle="=freemind_1.0.1/freemind\/freemind\/controller&amp;lt;{NodeKeyListener.java[NodeKeyListener~keyPressed~QKeyEvent;" StructureKind="java"/><InteractionEvent Delta="null" EndDate="2014-11-17 20:55:14.140 JST" Interest="75.851006" Kind="propagation" Navigation="org.eclipse.mylyn.core.model.edges.containment" OriginId="org.eclipse.mylyn.core.model.interest.propagation" StartDate="2014-11-17 20:23:54.810 JST" StructureHandle="=freemind_1.0.1/freemind\/freemind\/main" StructureKind="java" NumEvents="113" CreationCount="7"/><InteractionEvent Delta="null" EndDate="2014-11-17 20:55:06.103 JST" Interest="30.0" Kind="propagation" Navigation="null" OriginId="org.eclipse.jdt.ui.CompilationUnitEditor" StartDate="2014-11-17 20:28:50.396 JST" StructureHandle="/freemind_1.0.1/freemind/freemind/main/FreeMindMain.java" StructureKind="resource" NumEvents="30" CreationCount="70"/><InteractionEvent Delta="null" EndDate="2014-11-17 20:55:11.220 JST" Interest="8.0" Kind="propagation" Navigation="null" OriginId="org.eclipse.ui.views.ContentOutline" StartDate="2014-11-17 20:39:35.237 JST" StructureHandle="/freemind_1.0.1/freemind/freemind/main/CONS.java" StructureKind="resource" NumEvents="8" CreationCount="230"/><InteractionEvent Delta="null" EndDate="2014-11-17 20:54:02.135 JST" Interest="2.7740002" Kind="manipulation" Navigation="null" OriginId="org.eclipse.mylyn.core.model.interest.decay.correction" StartDate="2014-11-17 20:54:02.135 JST" StructureHandle="/freemind_1.0.1/freemind/freemind/main/CONS.java" StructureKind="resource"/><InteractionEvent Delta="null" EndDate="2014-11-17 20:55:14.159 JST" Interest="6.0" Kind="selection" Navigation="null" OriginId="org.eclipse.jdt.ui.CompilationUnitEditor" StartDate="2014-11-17 20:49:14.552 JST" StructureHandle="=freemind_1.0.1/freemind\/freemind\/main&amp;lt;{FreeMind.java[FreeMind~FreeMind~QProperties;~QProperties;~QFile;" StructureKind="java" NumEvents="6" CreationCount="375"/><InteractionEvent Delta="null" EndDate="2014-11-17 20:55:14.655 JST" Interest="26.0" Kind="edit" Navigation="null" OriginId="org.eclipse.jdt.ui.CompilationUnitEditor" StartDate="2014-11-17 20:49:15.998 JST" StructureHandle="=freemind_1.0.1/freemind\/freemind\/main&amp;lt;{FreeMind.java[FreeMind~FreeMind~QProperties;~QProperties;~QFile;" StructureKind="java" NumEvents="26" CreationCount="375"/><InteractionEvent Delta="null" EndDate="2014-11-17 20:59:10.437 JST" Interest="1.0" Kind="selection" Navigation="null" OriginId="org.eclipse.jdt.ui.CompilationUnitEditor" StartDate="2014-11-17 20:59:10.437 JST" StructureHandle="=freemind_1.0.1/freemind\/freemind\/controller&amp;lt;{NodeKeyListener.java[NodeKeyListener^mListener" StructureKind="java"/><InteractionEvent Delta="null" EndDate="2014-11-17 20:53:59.706 JST" Interest="1.0" Kind="selection" Navigation="null" OriginId="org.eclipse.jdt.ui.PackageExplorer" StartDate="2014-11-17 20:53:59.706 JST" StructureHandle="/freemind_1.0.1/freemind/log" StructureKind="resource"/><InteractionEvent Delta="null" EndDate="2014-11-17 20:53:39.196 JST" Interest="4.8" Kind="propagation" Navigation="org.eclipse.mylyn.core.model.edges.containment" OriginId="org.eclipse.mylyn.core.model.interest.propagation" StartDate="2014-11-17 20:53:30.632 JST" StructureHandle="/freemind_1.0.1/freemind/log" StructureKind="resource" NumEvents="6" CreationCount="437"/><InteractionEvent Delta="null" EndDate="2014-11-17 20:58:12.537 JST" Interest="1.0" Kind="selection" Navigation="null" OriginId="org.eclipse.ui.views.ContentOutline" StartDate="2014-11-17 20:58:12.537 JST" StructureHandle="=freemind_1.0.1/freemind\/freemind\/controller&amp;lt;{Controller.java[Controller^nodeMotionListener" StructureKind="java"/><InteractionEvent Delta="null" EndDate="2014-11-17 20:57:28.639 JST" Interest="1.0" Kind="propagation" Navigation="null" OriginId="org.eclipse.search.ui.views.SearchView" StartDate="2014-11-17 20:57:28.639 JST" StructureHandle="/freemind_1.0.1/freemind/accessories/plugins/time/TimeList.java" StructureKind="resource"/><InteractionEvent Delta="null" EndDate="2014-11-17 20:31:53.924 JST" Interest="2.0" Kind="selection" Navigation="null" OriginId="org.eclipse.jdt.ui.CompilationUnitEditor" StartDate="2014-11-17 20:29:12.77 JST" StructureHandle="=freemind_1.0.1/freemind\/freemind\/main&amp;lt;{FreeMindMain.java[FreeMindMain" StructureKind="java" NumEvents="2" CreationCount="73"/><InteractionEvent Delta="null" EndDate="2014-11-17 20:55:06.103 JST" Interest="10.1" Kind="propagation" Navigation="org.eclipse.mylyn.core.model.edges.containment" OriginId="org.eclipse.mylyn.core.model.interest.propagation" StartDate="2014-11-17 20:28:56.158 JST" StructureHandle="=freemind_1.0.1/freemind\/freemind\/main&amp;lt;{FreeMindMain.java[FreeMindMain" StructureKind="java" NumEvents="11" CreationCount="73"/><InteractionEvent Delta="null" EndDate="2014-11-17 20:55:06.102 JST" Interest="8.0" Kind="selection" Navigation="null" OriginId="org.eclipse.jdt.ui.CompilationUnitEditor" StartDate="2014-11-17 20:30:45.874 JST" StructureHandle="=freemind_1.0.1/freemind\/freemind\/main&amp;lt;{FreeMindMain.java[FreeMindMain[StartupDoneListener" StructureKind="java" NumEvents="8" CreationCount="73"/><InteractionEvent Delta="null" EndDate="2014-11-17 20:29:11.432 JST" Interest="2.7000003" Kind="propagation" Navigation="org.eclipse.mylyn.core.model.edges.containment" OriginId="org.eclipse.mylyn.core.model.interest.propagation" StartDate="2014-11-17 20:28:56.158 JST" StructureHandle="=freemind_1.0.1/freemind\/freemind\/main&amp;lt;{FreeMindMain.java[FreeMindMain[StartupDoneListener" StructureKind="java" NumEvents="3" CreationCount="73"/><InteractionEvent Delta="null" EndDate="2014-11-17 20:31:53.339 JST" Interest="2.0" Kind="edit" Navigation="null" OriginId="org.eclipse.jdt.ui.CompilationUnitEditor" StartDate="2014-11-17 20:31:21.582 JST" StructureHandle="=freemind_1.0.1/freemind\/freemind\/main&amp;lt;{FreeMindMain.java[FreeMindMain[StartupDoneListener" StructureKind="java" NumEvents="2" CreationCount="73"/><InteractionEvent Delta="null" EndDate="2014-11-17 20:56:02.182 JST" Interest="1.0" Kind="selection" Navigation="null" OriginId="org.eclipse.ui.views.ContentOutline" StartDate="2014-11-17 20:56:02.182 JST" StructureHandle="=freemind_1.0.1/freemind\/freemind\/main&amp;lt;{FreeMind.java[FreeMind^sLogFileHandler" StructureKind="java"/><InteractionEvent Delta="null" EndDate="2014-11-17 20:57:28.640 JST" Interest="1.0" Kind="propagation" Navigation="org.eclipse.mylyn.core.model.edges.containment" OriginId="org.eclipse.mylyn.core.model.interest.propagation" StartDate="2014-11-17 20:57:28.640 JST" StructureHandle="=freemind_1.0.1/freemind\/accessories\/plugins\/time&amp;lt;" StructureKind="java"/><InteractionEvent Delta="null" EndDate="2014-11-17 20:54:42.80 JST" Interest="13.9" Kind="propagation" Navigation="org.eclipse.mylyn.core.model.edges.containment" OriginId="org.eclipse.mylyn.core.model.interest.propagation" StartDate="2014-11-17 20:52:38.313 JST" StructureHandle="=freemind_1.0.1/freemind\/freemind\/main&amp;lt;{Methods.java[Methods" StructureKind="java" NumEvents="19" CreationCount="422"/><InteractionEvent Delta="null" EndDate="2014-11-17 20:54:57.983 JST" Interest="4.0" Kind="selection" Navigation="null" OriginId="org.eclipse.ui.DefaultTextEditor" StartDate="2014-11-17 20:54:12.252 JST" StructureHandle="/freemind_1.0.1/freemind/freemind/log/log.txt" StructureKind="resource" NumEvents="4" CreationCount="456"/><InteractionEvent Delta="null" EndDate="2014-11-17 20:54:58.8 JST" Interest="11.0" Kind="edit" Navigation="null" OriginId="org.eclipse.ui.DefaultTextEditor" StartDate="2014-11-17 20:54:12.280 JST" StructureHandle="/freemind_1.0.1/freemind/freemind/log/log.txt" StructureKind="resource" NumEvents="11" CreationCount="456"/><InteractionEvent Delta="null" EndDate="2014-11-17 20:47:37.674 JST" Interest="1.0" Kind="selection" Navigation="null" OriginId="org.eclipse.jdt.ui.CompilationUnitEditor" StartDate="2014-11-17 20:47:37.674 JST" StructureHandle="=freemind_1.0.1/freemind\/freemind\/main&amp;lt;{FreeMind.java[FreeMind~main~\[QString;~QProperties;~QProperties;~QFile;[!2" StructureKind="java"/><InteractionEvent Delta="null" EndDate="2014-11-17 20:48:31.316 JST" Interest="27.098999" Kind="propagation" Navigation="org.eclipse.mylyn.core.model.edges.containment" OriginId="org.eclipse.mylyn.core.model.interest.propagation" StartDate="2014-11-17 20:40:42.427 JST" StructureHandle="=freemind_1.0.1/freemind\/freemind\/main&amp;lt;{FreeMind.java[FreeMind~main~\[QString;~QProperties;~QProperties;~QFile;[!2" StructureKind="java" NumEvents="25" CreationCount="265"/><InteractionEvent Delta="null" EndDate="2014-11-17 20:47:37.695 JST" Interest="1.0" Kind="edit" Navigation="null" OriginId="org.eclipse.jdt.ui.CompilationUnitEditor" StartDate="2014-11-17 20:47:37.695 JST" StructureHandle="=freemind_1.0.1/freemind\/freemind\/main&amp;lt;{FreeMind.java[FreeMind~main~\[QString;~QProperties;~QProperties;~QFile;[!2" StructureKind="java"/><InteractionEvent Delta="null" EndDate="2014-11-17 20:29:39.361 JST" Interest="1.0" Kind="selection" Navigation="null" OriginId="org.eclipse.jdt.ui.CompilationUnitEditor" StartDate="2014-11-17 20:29:39.361 JST" StructureHandle="=freemind_1.0.1/freemind\/plugins\/script&amp;lt;{ScriptingRegistration.java[ScriptingRegistration[ScriptingPluginPropertyContributor^modeController" StructureKind="java"/><InteractionEvent Delta="null" EndDate="2014-11-17 20:41:16.289 JST" Interest="2.0" Kind="propagation" Navigation="null" OriginId="org.eclipse.jdt.ui.PackageExplorer" StartDate="2014-11-17 20:23:42.667 JST" StructureHandle="/freemind_1.0.1/src" StructureKind="resource" NumEvents="2" CreationCount="2"/><InteractionEvent Delta="null" EndDate="2014-11-17 20:41:16.289 JST" Interest="3.539" Kind="manipulation" Navigation="null" OriginId="org.eclipse.mylyn.core.model.interest.decay.correction" StartDate="2014-11-17 20:41:16.289 JST" StructureHandle="/freemind_1.0.1/src" StructureKind="resource"/><InteractionEvent Delta="null" EndDate="2014-11-17 20:39:31.286 JST" Interest="1.0" Kind="propagation" Navigation="null" OriginId="org.eclipse.jdt.ui.PackageExplorer" StartDate="2014-11-17 20:39:31.286 JST" StructureHandle="/freemind_1.0.1/freemind/freemind/controller/FreeMindToolBar.java" StructureKind="resource"/><InteractionEvent Delta="null" EndDate="2014-11-17 20:58:19.706 JST" Interest="13.7" Kind="propagation" Navigation="org.eclipse.mylyn.core.model.edges.containment" OriginId="org.eclipse.mylyn.core.model.interest.propagation" StartDate="2014-11-17 20:34:38.479 JST" StructureHandle="=freemind_1.0.1/freemind\/freemind\/controller&amp;lt;" StructureKind="java" NumEvents="14" CreationCount="187"/><InteractionEvent Delta="null" EndDate="2014-11-17 20:56:05.349 JST" Interest="305.0" Kind="propagation" Navigation="null" OriginId="org.eclipse.jdt.ui.CompilationUnitEditor" StartDate="2014-11-17 20:23:54.809 JST" StructureHandle="/freemind_1.0.1/freemind/freemind/main/FreeMind.java" StructureKind="resource" NumEvents="305" CreationCount="7"/><InteractionEvent Delta="null" EndDate="2014-11-17 20:31:28.184 JST" Interest="4.0" Kind="selection" Navigation="null" OriginId="org.eclipse.jdt.ui.CompilationUnitEditor" StartDate="2014-11-17 20:28:56.157 JST" StructureHandle="=freemind_1.0.1/freemind\/freemind\/main&amp;lt;{FreeMindMain.java[FreeMindMain[StartupDoneListener~startupDone" StructureKind="java" NumEvents="4" CreationCount="73"/><InteractionEvent Delta="null" EndDate="2014-11-17 20:29:11.431 JST" Interest="1.0" Kind="edit" Navigation="null" OriginId="org.eclipse.jdt.ui.CompilationUnitEditor" StartDate="2014-11-17 20:29:11.431 JST" StructureHandle="=freemind_1.0.1/freemind\/freemind\/main&amp;lt;{FreeMindMain.java[FreeMindMain[StartupDoneListener~startupDone" StructureKind="java"/><InteractionEvent Delta="null" EndDate="2014-11-17 20:55:05.835 JST" Interest="13.0" Kind="selection" Navigation="null" OriginId="org.eclipse.jdt.ui.CompilationUnitEditor" StartDate="2014-11-17 20:28:50.395 JST" StructureHandle="=freemind_1.0.1/freemind\/freemind\/main&amp;lt;{FreeMindMain.java" StructureKind="java" NumEvents="13" CreationCount="70"/><InteractionEvent Delta="null" EndDate="2014-11-17 20:29:12.79 JST" Interest="0.75100017" Kind="propagation" Navigation="org.eclipse.mylyn.core.model.edges.containment" OriginId="org.eclipse.mylyn.core.model.interest.propagation" StartDate="2014-11-17 20:29:12.79 JST" StructureHandle="=freemind_1.0.1/freemind\/freemind\/main&amp;lt;{FreeMindMain.java" StructureKind="java"/><InteractionEvent Delta="null" EndDate="2014-11-17 20:29:39.361 JST" Interest="1.0" Kind="propagation" Navigation="org.eclipse.mylyn.core.model.edges.containment" OriginId="org.eclipse.mylyn.core.model.interest.propagation" StartDate="2014-11-17 20:29:39.361 JST" StructureHandle="=freemind_1.0.1/freemind\/plugins\/script&amp;lt;{ScriptingRegistration.java[ScriptingRegistration[ScriptingPluginPropertyContributor" StructureKind="java"/><InteractionEvent Delta="null" EndDate="2014-11-17 20:41:16.288 JST" Interest="2.0" Kind="selection" Navigation="null" OriginId="org.eclipse.jdt.ui.PackageExplorer" StartDate="2014-11-17 20:23:42.666 JST" StructureHandle="=freemind_1.0.1/src" StructureKind="java" NumEvents="2" CreationCount="2"/><InteractionEvent Delta="null" EndDate="2014-11-17 20:41:16.289 JST" Interest="3.5220003" Kind="manipulation" Navigation="null" OriginId="org.eclipse.mylyn.core.model.interest.decay.correction" StartDate="2014-11-17 20:41:16.289 JST" StructureHandle="=freemind_1.0.1/src" StructureKind="java"/><InteractionEvent Delta="null" EndDate="2014-11-17 20:58:19.706 JST" Interest="13.7" Kind="propagation" Navigation="org.eclipse.mylyn.core.model.edges.containment" OriginId="org.eclipse.mylyn.core.model.interest.propagation" StartDate="2014-11-17 20:34:38.480 JST" StructureHandle="=freemind_1.0.1/freemind\/freemind\/controller" StructureKind="java" NumEvents="14" CreationCount="187"/><InteractionEvent Delta="null" EndDate="2014-11-17 20:55:11.219 JST" Interest="2.717" Kind="propagation" Navigation="org.eclipse.mylyn.core.model.edges.containment" OriginId="org.eclipse.mylyn.core.model.interest.propagation" StartDate="2014-11-17 20:54:03.627 JST" StructureHandle="=freemind_1.0.1/freemind\/freemind\/main&amp;lt;{CONS.java[CONS" StructureKind="java" NumEvents="4" CreationCount="453"/><InteractionEvent Delta="null" EndDate="2014-11-17 20:34:29.638 JST" Interest="1.0" Kind="propagation" Navigation="null" OriginId="org.eclipse.jdt.ui.PackageExplorer" StartDate="2014-11-17 20:34:29.638 JST" StructureHandle="/freemind_1.0.1/freemind/freemind/main/FreeMindSplashModern.java" StructureKind="resource"/><InteractionEvent Delta="null" EndDate="2014-11-17 20:54:37.681 JST" Interest="4.0" Kind="selection" Navigation="null" OriginId="org.eclipse.jdt.ui.CompilationUnitEditor" StartDate="2014-11-17 20:39:35.236 JST" StructureHandle="=freemind_1.0.1/freemind\/freemind\/main&amp;lt;{CONS.java" StructureKind="java" NumEvents="4" CreationCount="230"/><InteractionEvent Delta="null" EndDate="2014-11-17 20:54:04.496 JST" Interest="0.05100006" Kind="propagation" Navigation="org.eclipse.mylyn.core.model.edges.containment" OriginId="org.eclipse.mylyn.core.model.interest.propagation" StartDate="2014-11-17 20:54:03.628 JST" StructureHandle="=freemind_1.0.1/freemind\/freemind\/main&amp;lt;{CONS.java" StructureKind="java" NumEvents="2" CreationCount="230"/><InteractionEvent Delta="null" EndDate="2014-11-17 20:54:02.135 JST" Interest="2.7570002" Kind="manipulation" Navigation="null" OriginId="org.eclipse.mylyn.core.model.interest.decay.correction" StartDate="2014-11-17 20:54:02.135 JST" StructureHandle="=freemind_1.0.1/freemind\/freemind\/main&amp;lt;{CONS.java" StructureKind="java"/><InteractionEvent Delta="null" EndDate="2014-11-17 20:29:39.279 JST" Interest="3.0" Kind="propagation" Navigation="org.eclipse.mylyn.core.model.edges.containment" OriginId="org.eclipse.mylyn.core.model.interest.propagation" StartDate="2014-11-17 20:29:36.788 JST" StructureHandle="=freemind_1.0.1/freemind\/plugins\/script" StructureKind="java" NumEvents="3" CreationCount="81"/><InteractionEvent Delta="null" EndDate="2014-11-17 20:45:48.385 JST" Interest="2.0" Kind="selection" Navigation="null" OriginId="org.eclipse.jdt.ui.CompilationUnitEditor" StartDate="2014-11-17 20:45:33.575 JST" StructureHandle="=freemind_1.0.1/freemind\/freemind\/main&amp;lt;{FreeMind.java#java.awt.event.InputEvent" StructureKind="java" NumEvents="2" CreationCount="320"/><InteractionEvent Delta="null" EndDate="2014-11-17 20:55:16.713 JST" Interest="1.0" Kind="selection" Navigation="null" OriginId="org.eclipse.ui.views.ContentOutline" StartDate="2014-11-17 20:55:16.713 JST" StructureHandle="=freemind_1.0.1/freemind\/freemind\/main&amp;lt;{FreeMind.java[FreeMind~getFreeMindMenuBar" StructureKind="java"/><InteractionEvent Delta="null" EndDate="2014-11-17 20:55:14.140 JST" Interest="75.851006" Kind="propagation" Navigation="org.eclipse.mylyn.core.model.edges.containment" OriginId="org.eclipse.mylyn.core.model.interest.propagation" StartDate="2014-11-17 20:23:54.810 JST" StructureHandle="=freemind_1.0.1/freemind\/freemind\/main&amp;lt;" StructureKind="java" NumEvents="113" CreationCount="7"/><InteractionEvent Delta="null" EndDate="2014-11-17 21:01:15.858 JST" Interest="1.0" Kind="selection" Navigation="null" OriginId="org.eclipse.jdt.ui.CompilationUnitEditor" StartDate="2014-11-17 21:01:15.858 JST" StructureHandle="=freemind_1.0.1/freemind\/freemind\/controller&amp;lt;{NodeKeyListener.java[NodeKeyListener~deregister" StructureKind="java"/><InteractionEvent Delta="null" EndDate="2014-11-17 20:57:32.433 JST" Interest="1.0" Kind="selection" Navigation="null" OriginId="org.eclipse.search.ui.views.SearchView" StartDate="2014-11-17 20:57:32.433 JST" StructureHandle="/freemind_1.0.1/freemind/freemind/modes" StructureKind="resource"/><InteractionEvent Delta="null" EndDate="2014-11-17 20:29:37.56 JST" Interest="1.0" Kind="selection" Navigation="null" OriginId="org.eclipse.search.ui.views.SearchView" StartDate="2014-11-17 20:29:37.56 JST" StructureHandle="/freemind_1.0.1/freemind.orig" StructureKind="resource"/><InteractionEvent Delta="null" EndDate="2014-11-17 20:58:45.533 JST" Interest="11.98" Kind="propagation" Navigation="org.eclipse.mylyn.core.model.edges.containment" OriginId="org.eclipse.mylyn.core.model.interest.propagation" StartDate="2014-11-17 20:34:42.14 JST" StructureHandle="=freemind_1.0.1/freemind\/freemind\/controller&amp;lt;{Controller.java[Controller" StructureKind="java" NumEvents="15" CreationCount="191"/><InteractionEvent Delta="null" EndDate="2014-11-17 21:01:26.562 JST" Interest="4.0" Kind="selection" Navigation="null" OriginId="org.eclipse.jdt.ui.CompilationUnitEditor" StartDate="2014-11-17 20:58:57.519 JST" StructureHandle="=freemind_1.0.1/freemind\/freemind\/controller&amp;lt;{NodeKeyListener.java[NodeKeyListener" StructureKind="java" NumEvents="4" CreationCount="546"/><InteractionEvent Delta="null" EndDate="2014-11-17 20:59:10.438 JST" Interest="0.01700002" Kind="propagation" Navigation="org.eclipse.mylyn.core.model.edges.containment" OriginId="org.eclipse.mylyn.core.model.interest.propagation" StartDate="2014-11-17 20:59:10.438 JST" StructureHandle="=freemind_1.0.1/freemind\/freemind\/controller&amp;lt;{NodeKeyListener.java[NodeKeyListener" StructureKind="java"/><InteractionEvent Delta="null" EndDate="2014-11-17 21:15:22.860 JST" Interest="3.0" Kind="edit" Navigation="null" OriginId="org.eclipse.jdt.ui.CompilationUnitEditor" StartDate="2014-11-17 21:00:47.7 JST" StructureHandle="=freemind_1.0.1/freemind\/freemind\/controller&amp;lt;{NodeKeyListener.java[NodeKeyListener" StructureKind="java" NumEvents="3" CreationCount="546"/><InteractionEvent Delta="null" EndDate="2014-11-17 20:58:45.533 JST" Interest="44.0" Kind="propagation" Navigation="null" OriginId="org.eclipse.jdt.ui.CompilationUnitEditor" StartDate="2014-11-17 20:34:38.479 JST" StructureHandle="/freemind_1.0.1/freemind/freemind/controller/Controller.java" StructureKind="resource" NumEvents="44" CreationCount="187"/><InteractionEvent Delta="null" EndDate="2014-11-17 20:58:04.253 JST" Interest="1.0" Kind="selection" Navigation="null" OriginId="org.eclipse.ui.views.ContentOutline" StartDate="2014-11-17 20:58:04.253 JST" StructureHandle="=freemind_1.0.1/freemind\/freemind\/controller&amp;lt;{Controller.java[Controller[NavigationMoveMapRightAction" StructureKind="java"/><InteractionEvent Delta="null" EndDate="2014-11-17 20:57:30.479 JST" Interest="3.0" Kind="propagation" Navigation="org.eclipse.mylyn.core.model.edges.containment" OriginId="org.eclipse.mylyn.core.model.interest.propagation" StartDate="2014-11-17 20:57:28.640 JST" StructureHandle="/freemind_1.0.1/freemind/accessories" StructureKind="resource" NumEvents="3" CreationCount="511"/><InteractionEvent Delta="null" EndDate="2014-11-17 20:58:48.107 JST" Interest="2.0" Kind="selection" Navigation="null" OriginId="org.eclipse.jdt.ui.CompilationUnitEditor" StartDate="2014-11-17 20:56:58.53 JST" StructureHandle="=freemind_1.0.1/freemind\/freemind\/controller&amp;lt;{MenuItemSelectedListener.java[MenuItemSelectedListener" StructureKind="java" NumEvents="2" CreationCount="509"/><InteractionEvent Delta="null" EndDate="2014-11-17 20:58:49.686 JST" Interest="2.0" Kind="edit" Navigation="null" OriginId="org.eclipse.jdt.ui.CompilationUnitEditor" StartDate="2014-11-17 20:57:16.131 JST" StructureHandle="=freemind_1.0.1/freemind\/freemind\/controller&amp;lt;{MenuItemSelectedListener.java[MenuItemSelectedListener" StructureKind="java" NumEvents="2" CreationCount="509"/><InteractionEvent Delta="null" EndDate="2014-11-17 20:36:10.955 JST" Interest="1.0" Kind="selection" Navigation="null" OriginId="org.eclipse.ui.views.ContentOutline" StartDate="2014-11-17 20:36:10.955 JST" StructureHandle="=freemind_1.0.1/freemind\/freemind\/controller&amp;lt;{Controller.java[Controller~createNewMode~QString;" StructureKind="java"/><InteractionEvent Delta="null" EndDate="2014-11-17 20:29:39.964 JST" Interest="1.0" Kind="selection" Navigation="null" OriginId="org.eclipse.jdt.ui.CompilationUnitEditor" StartDate="2014-11-17 20:29:39.964 JST" StructureHandle="=freemind_1.0.1/freemind\/plugins\/script&amp;lt;{ScriptingRegistration.java[ScriptingRegistration~startupDone" StructureKind="java"/><InteractionEvent Delta="null" EndDate="2014-11-17 20:54:41.800 JST" Interest="5.0" Kind="selection" Navigation="null" OriginId="org.eclipse.jdt.ui.CompilationUnitEditor" StartDate="2014-11-17 20:52:36.453 JST" StructureHandle="=freemind_1.0.1/freemind\/freemind\/main&amp;lt;{Methods.java" StructureKind="java" NumEvents="5" CreationCount="421"/><InteractionEvent Delta="null" EndDate="2014-11-17 20:53:15.61 JST" Interest="9.117" Kind="propagation" Navigation="org.eclipse.mylyn.core.model.edges.containment" OriginId="org.eclipse.mylyn.core.model.interest.propagation" StartDate="2014-11-17 20:52:38.313 JST" StructureHandle="=freemind_1.0.1/freemind\/freemind\/main&amp;lt;{Methods.java" StructureKind="java" NumEvents="14" CreationCount="421"/><InteractionEvent Delta="null" EndDate="2014-11-17 20:58:52.242 JST" Interest="8.0" Kind="propagation" Navigation="null" OriginId="org.eclipse.jdt.ui.PackageExplorer" StartDate="2014-11-17 20:56:56.312 JST" StructureHandle="/freemind_1.0.1/freemind/freemind/controller/MenuItemSelectedListener.java" StructureKind="resource" NumEvents="8" CreationCount="507"/><InteractionEvent Delta="null" EndDate="2014-11-17 20:48:46.254 JST" Interest="1.0" Kind="selection" Navigation="null" OriginId="org.eclipse.ui.views.ContentOutline" StartDate="2014-11-17 20:48:46.254 JST" StructureHandle="=freemind_1.0.1/freemind\/freemind\/main&amp;lt;{FreeMind.java[FreeMind^VERSION" StructureKind="java"/><InteractionEvent Delta="null" EndDate="2014-11-17 20:52:32.21 JST" Interest="3.0" Kind="selection" Navigation="null" OriginId="org.eclipse.jdt.ui.PackageExplorer" StartDate="2014-11-17 20:23:52.51 JST" StructureHandle="/freemind_1.0.1/freemind/freemind/main" StructureKind="resource" NumEvents="3" CreationCount="6"/><InteractionEvent Delta="null" EndDate="2014-11-17 20:56:05.350 JST" Interest="413.017" Kind="propagation" Navigation="null" OriginId="org.eclipse.jdt.ui.CompilationUnitEditor" StartDate="2014-11-17 20:23:54.809 JST" StructureHandle="/freemind_1.0.1/freemind/freemind/main" StructureKind="resource" NumEvents="414" CreationCount="6"/><InteractionEvent Delta="null" EndDate="2014-11-17 21:15:23.433 JST" Interest="2.0" Kind="selection" Navigation="null" OriginId="org.eclipse.jdt.ui.CompilationUnitEditor" StartDate="2014-11-17 21:01:05.782 JST" StructureHandle="=freemind_1.0.1/freemind\/freemind\/controller&amp;lt;{NodeKeyListener.java[NodeKeyListener~register~QKeyListener;" StructureKind="java" NumEvents="2" CreationCount="553"/></InteractionHistory>