<?xml version="1.0" encoding="UTF-8"?><InteractionHistory Id="local-167" Version="1"><InteractionEvent Delta="null" EndDate="2014-10-20 11:25:27.154 JST" Interest="1462.0171" Kind="propagation" Navigation="org.eclipse.mylyn.core.model.edges.containment" OriginId="org.eclipse.mylyn.core.model.interest.propagation" StartDate="2014-10-20 07:07:41.962 JST" StructureHandle="" StructureKind="java" NumEvents="1464" CreationCount="1"/><InteractionEvent Delta="null" EndDate="2014-10-20 10:24:55.992 JST" Interest="344.435" Kind="propagation" Navigation="org.eclipse.mylyn.core.model.edges.containment" OriginId="org.eclipse.mylyn.core.model.interest.propagation" StartDate="2014-10-20 09:50:10.131 JST" StructureHandle="=SL3/src" StructureKind="java" NumEvents="499" CreationCount="2"/><InteractionEvent Delta="null" EndDate="2014-10-20 09:51:53.311 JST" Interest="1.0" Kind="selection" Navigation="null" OriginId="org.eclipse.jdt.ui.PackageExplorer" StartDate="2014-10-20 09:51:53.311 JST" StructureHandle="=SL3/src" StructureKind="java"/><InteractionEvent Delta="null" EndDate="2014-10-20 09:52:53.1 JST" Interest="2.0" Kind="selection" Navigation="null" OriginId="org.eclipse.jdt.ui.PackageExplorer" StartDate="2014-10-20 09:52:48.867 JST" StructureHandle="=SL3/src&amp;lt;sl3.adapters" StructureKind="java" NumEvents="2" CreationCount="8"/><InteractionEvent Delta="null" EndDate="2014-10-20 10:12:14.633 JST" Interest="4.245001" Kind="manipulation" Navigation="null" OriginId="org.eclipse.mylyn.core.model.interest.decay.correction" StartDate="2014-10-20 10:04:09.368 JST" StructureHandle="/SL3/src/sl3/tasks/Task_Post_History.java" StructureKind="resource" NumEvents="2" CreationCount="2"/><InteractionEvent Delta="null" EndDate="2014-10-20 11:25:26.327 JST" Interest="603.0" Kind="propagation" Navigation="null" OriginId="org.eclipse.jdt.ui.CompilationUnitEditor" StartDate="2014-10-20 09:50:10.115 JST" StructureHandle="/SL3/src/sl3/tasks/Task_Post_History.java" StructureKind="resource" NumEvents="603" CreationCount="2"/><InteractionEvent Delta="null" EndDate="2014-10-20 10:00:08.793 JST" Interest="11.0" Kind="edit" Navigation="null" OriginId="org.eclipse.jdt.ui.CompilationUnitEditor" StartDate="2014-10-20 09:54:41.396 JST" StructureHandle="=SL3/src&amp;lt;sl3.items{PH.java[PH^dbId" StructureKind="java" NumEvents="11" CreationCount="34"/><InteractionEvent Delta="null" EndDate="2014-10-20 10:00:07.641 JST" Interest="8.0" Kind="selection" Navigation="null" OriginId="org.eclipse.jdt.ui.CompilationUnitEditor" StartDate="2014-10-20 09:54:40.834 JST" StructureHandle="=SL3/src&amp;lt;sl3.items{PH.java[PH^dbId" StructureKind="java" NumEvents="8" CreationCount="34"/><InteractionEvent Delta="null" EndDate="2014-10-20 09:52:00.817 JST" Interest="1.0" Kind="propagation" Navigation="null" OriginId="org.eclipse.jdt.ui.PackageExplorer" StartDate="2014-10-20 09:52:00.817 JST" StructureHandle="/SL3/src/sl3/items/MI.java" StructureKind="resource"/><InteractionEvent Delta="null" EndDate="2014-10-20 11:20:42.834 JST" Interest="4.168" Kind="manipulation" Navigation="null" OriginId="org.eclipse.mylyn.core.model.interest.decay.correction" StartDate="2014-10-20 11:20:42.834 JST" StructureHandle="=SL3/src&amp;lt;sl3.utils{CONS.java[CONS[HTTPData^siKeys" StructureKind="java"/><InteractionEvent Delta="null" EndDate="2014-10-20 11:20:43.517 JST" Interest="1.0" Kind="edit" Navigation="null" OriginId="org.eclipse.jdt.ui.CompilationUnitEditor" StartDate="2014-10-20 11:20:43.517 JST" StructureHandle="=SL3/src&amp;lt;sl3.utils{CONS.java[CONS[HTTPData^siKeys" StructureKind="java"/><InteractionEvent Delta="null" EndDate="2014-10-20 11:20:42.834 JST" Interest="2.0" Kind="selection" Navigation="null" OriginId="org.eclipse.jdt.ui.CompilationUnitEditor" StartDate="2014-10-20 10:47:25.805 JST" StructureHandle="=SL3/src&amp;lt;sl3.utils{CONS.java[CONS[HTTPData^siKeys" StructureKind="java" NumEvents="2" CreationCount="1136"/><InteractionEvent Delta="null" EndDate="2014-10-20 09:51:59.850 JST" Interest="1.0" Kind="propagation" Navigation="null" OriginId="org.eclipse.jdt.ui.PackageExplorer" StartDate="2014-10-20 09:51:59.850 JST" StructureHandle="/SL3/src/sl3/items/Word.java" StructureKind="resource"/><InteractionEvent Delta="null" EndDate="2014-10-20 10:01:22.150 JST" Interest="1.0" Kind="selection" Navigation="null" OriginId="org.eclipse.jdt.ui.CompilationUnitEditor" StartDate="2014-10-20 10:01:22.150 JST" StructureHandle="=SL3/src&amp;lt;sl3.items{PH.java[PH~getMemo" StructureKind="java"/><InteractionEvent Delta="null" EndDate="2014-10-20 11:20:15.779 JST" Interest="1.0" Kind="selection" Navigation="null" OriginId="org.eclipse.jdt.ui.CompilationUnitEditor" StartDate="2014-10-20 11:20:15.779 JST" StructureHandle="=SL3/src&amp;lt;sl3.tasks{Task_Post_History.java[Task_Post_History~onCancelled" StructureKind="java"/><InteractionEvent Delta="null" EndDate="2014-10-20 10:13:26.77 JST" Interest="1.0" Kind="selection" Navigation="null" OriginId="org.eclipse.ui.views.ContentOutline" StartDate="2014-10-20 10:13:26.77 JST" StructureHandle="=SL3/src&amp;lt;sl3.listeners.dialog{DB_OCL.java[DB_OCL~DB_OCL~QActivity;~QDialog;~QDialog;~QDialog;~QDialog;" StructureKind="java"/><InteractionEvent Delta="null" EndDate="2014-10-20 11:20:43.518 JST" Interest="105.0" Kind="propagation" Navigation="null" OriginId="org.eclipse.jdt.ui.CompilationUnitEditor" StartDate="2014-10-20 09:53:26.226 JST" StructureHandle="/SL3/src/sl3/utils/CONS.java" StructureKind="resource" NumEvents="105" CreationCount="18"/><InteractionEvent Delta="null" EndDate="2014-10-20 11:25:41.199 JST" Interest="1.0" Kind="prediction" Navigation="null" OriginId="org.eclipse.mylyn.resources.ui.interest.updater" StartDate="2014-10-20 11:25:41.199 JST" StructureHandle="=SL3/src&amp;lt;sl3.utils{Methods.java" StructureKind="java"/><InteractionEvent Delta="null" EndDate="2014-10-20 10:36:15.696 JST" Interest="5.353" Kind="propagation" Navigation="org.eclipse.mylyn.core.model.edges.containment" OriginId="org.eclipse.mylyn.core.model.interest.propagation" StartDate="2014-10-20 10:35:29.553 JST" StructureHandle="=SL3/src&amp;lt;sl3.utils{Methods.java" StructureKind="java" NumEvents="9" CreationCount="850"/><InteractionEvent Delta="null" EndDate="2014-10-20 10:36:13.412 JST" Interest="3.0" Kind="selection" Navigation="null" OriginId="org.eclipse.jdt.ui.CompilationUnitEditor" StartDate="2014-10-20 10:35:03.593 JST" StructureHandle="=SL3/src&amp;lt;sl3.utils{Methods.java" StructureKind="java" NumEvents="3" CreationCount="850"/><InteractionEvent Delta="null" EndDate="2014-10-20 10:39:54.891 JST" Interest="14.0" Kind="edit" Navigation="null" OriginId="org.eclipse.jdt.ui.CompilationUnitEditor" StartDate="2014-10-20 09:54:35.390 JST" StructureHandle="=SL3/src&amp;lt;sl3.items{PH.java[PH" StructureKind="java" NumEvents="14" CreationCount="14"/><InteractionEvent Delta="null" EndDate="2014-10-20 09:58:40.638 JST" Interest="2.44" Kind="propagation" Navigation="org.eclipse.mylyn.core.model.edges.containment" OriginId="org.eclipse.mylyn.core.model.interest.propagation" StartDate="2014-10-20 09:53:11.172 JST" StructureHandle="=SL3/src&amp;lt;sl3.items{PH.java[PH" StructureKind="java" NumEvents="5" CreationCount="14"/><InteractionEvent Delta="null" EndDate="2014-10-20 10:41:31.913 JST" Interest="24.0" Kind="selection" Navigation="null" OriginId="org.eclipse.jdt.ui.CompilationUnitEditor" StartDate="2014-10-20 09:53:14.27 JST" StructureHandle="=SL3/src&amp;lt;sl3.items{PH.java[PH" StructureKind="java" NumEvents="24" CreationCount="14"/><InteractionEvent Delta="null" EndDate="2014-10-20 10:35:00.402 JST" Interest="12.967999" Kind="propagation" Navigation="org.eclipse.mylyn.core.model.edges.containment" OriginId="org.eclipse.mylyn.core.model.interest.propagation" StartDate="2014-10-20 10:13:23.445 JST" StructureHandle="=SL3/src&amp;lt;sl3.listeners.dialog" StructureKind="java" NumEvents="22" CreationCount="499"/><InteractionEvent Delta="null" EndDate="2014-10-20 10:08:53.362 JST" Interest="6.0" Kind="edit" Navigation="null" OriginId="org.eclipse.jdt.ui.CompilationUnitEditor" StartDate="2014-10-20 09:54:25.388 JST" StructureHandle="=SL3/src&amp;lt;sl3.utils{CONS.java[CONS[DB^col_Names_PH_full" StructureKind="java" NumEvents="6" CreationCount="22"/><InteractionEvent Delta="null" EndDate="2014-10-20 10:08:49.265 JST" Interest="3.0" Kind="selection" Navigation="null" OriginId="org.eclipse.jdt.ui.CompilationUnitEditor" StartDate="2014-10-20 09:54:24.608 JST" StructureHandle="=SL3/src&amp;lt;sl3.utils{CONS.java[CONS[DB^col_Names_PH_full" StructureKind="java" NumEvents="3" CreationCount="22"/><InteractionEvent Delta="null" EndDate="2014-10-20 10:37:36.988 JST" Interest="1.0" Kind="selection" Navigation="null" OriginId="org.eclipse.jdt.ui.CompilationUnitEditor" StartDate="2014-10-20 10:37:36.988 JST" StructureHandle="=SL3/src&amp;lt;sl3.tasks{Task_Post_History.java[Task_Post_History~_doInBackground__getJSONBody_PurHistory_BuildItemIds" StructureKind="java"/><InteractionEvent Delta="null" EndDate="2014-10-20 10:35:00.402 JST" Interest="29.0" Kind="propagation" Navigation="null" OriginId="org.eclipse.jdt.ui.PackageExplorer" StartDate="2014-10-20 10:13:23.445 JST" StructureHandle="/SL3/src/sl3/listeners/dialog/DB_OCL.java" StructureKind="resource" NumEvents="29" CreationCount="499"/><InteractionEvent Delta="null" EndDate="2014-10-20 11:25:27.154 JST" Interest="1473.0" Kind="propagation" Navigation="org.eclipse.mylyn.core.model.edges.containment" OriginId="org.eclipse.mylyn.core.model.interest.propagation" StartDate="2014-10-20 07:07:41.962 JST" StructureHandle="/" StructureKind="resource" NumEvents="1473" CreationCount="1"/><InteractionEvent Delta="null" EndDate="2014-10-20 10:03:48.692 JST" Interest="1.0" Kind="edit" Navigation="null" OriginId="org.eclipse.jdt.ui.CompilationUnitEditor" StartDate="2014-10-20 10:03:48.692 JST" StructureHandle="=SL3/src&amp;lt;sl3.items{PH.java[PH[Builder~setPosted_at~QString;" StructureKind="java"/><InteractionEvent Delta="null" EndDate="2014-10-20 10:03:39.2 JST" Interest="1.0" Kind="selection" Navigation="null" OriginId="org.eclipse.jdt.ui.CompilationUnitEditor" StartDate="2014-10-20 10:03:39.2 JST" StructureHandle="=SL3/src&amp;lt;sl3.items{PH.java[PH[Builder~setPosted_at~QString;" StructureKind="java"/><InteractionEvent Delta="null" EndDate="2014-10-20 11:20:41.753 JST" Interest="1.0" Kind="selection" Navigation="null" OriginId="org.eclipse.jdt.ui.CompilationUnitEditor" StartDate="2014-10-20 11:20:41.753 JST" StructureHandle="=SL3/src&amp;lt;sl3.utils{CONS.java[CONS[HTTPData^UrlPostSI" StructureKind="java"/><InteractionEvent Delta="null" EndDate="2014-10-20 10:01:23.193 JST" Interest="1.0" Kind="selection" Navigation="null" OriginId="org.eclipse.jdt.ui.CompilationUnitEditor" StartDate="2014-10-20 10:01:23.193 JST" StructureHandle="=SL3/src&amp;lt;sl3.items{PH.java[PH~setDbId~J" StructureKind="java"/><InteractionEvent Delta="null" EndDate="2014-10-20 10:22:56.17 JST" Interest="4.0" Kind="propagation" Navigation="org.eclipse.mylyn.core.model.edges.containment" OriginId="org.eclipse.mylyn.core.model.interest.propagation" StartDate="2014-10-20 10:13:23.115 JST" StructureHandle="/SL3/bin" StructureKind="resource" NumEvents="4" CreationCount="498"/><InteractionEvent Delta="null" EndDate="2014-10-20 10:36:15.695 JST" Interest="4.217" Kind="propagation" Navigation="org.eclipse.mylyn.core.model.edges.containment" OriginId="org.eclipse.mylyn.core.model.interest.propagation" StartDate="2014-10-20 10:35:24.732 JST" StructureHandle="=SL3/src&amp;lt;sl3.utils{Methods.java[Methods" StructureKind="java" NumEvents="7" CreationCount="858"/><InteractionEvent Delta="null" EndDate="2014-10-20 10:35:44.198 JST" Interest="4.0" Kind="selection" Navigation="null" OriginId="org.eclipse.jdt.ui.CompilationUnitEditor" StartDate="2014-10-20 10:35:23.146 JST" StructureHandle="=SL3/src&amp;lt;sl3.utils{Methods.java[Methods" StructureKind="java" NumEvents="4" CreationCount="858"/><InteractionEvent Delta="null" EndDate="2014-10-20 10:02:25.269 JST" Interest="4.0" Kind="selection" Navigation="null" OriginId="org.eclipse.jdt.ui.CompilationUnitEditor" StartDate="2014-10-20 09:59:09.800 JST" StructureHandle="=SL3/src&amp;lt;sl3.items{PH.java[PH^items" StructureKind="java" NumEvents="4" CreationCount="59"/><InteractionEvent Delta="null" EndDate="2014-10-20 10:01:19.417 JST" Interest="20.0" Kind="edit" Navigation="null" OriginId="org.eclipse.jdt.ui.CompilationUnitEditor" StartDate="2014-10-20 10:00:03.379 JST" StructureHandle="=SL3/src&amp;lt;sl3.items{PH.java[PH~PH~QBuilder;" StructureKind="java" NumEvents="20" CreationCount="14"/><InteractionEvent Delta="null" EndDate="2014-10-20 10:39:35.893 JST" Interest="6.0" Kind="selection" Navigation="null" OriginId="org.eclipse.jdt.ui.CompilationUnitEditor" StartDate="2014-10-20 09:53:11.172 JST" StructureHandle="=SL3/src&amp;lt;sl3.items{PH.java[PH~PH~QBuilder;" StructureKind="java" NumEvents="6" CreationCount="14"/><InteractionEvent Delta="null" EndDate="2014-10-20 11:18:17.693 JST" Interest="6.0" Kind="prediction" Navigation="null" OriginId="org.eclipse.mylyn.resources.ui.interest.updater" StartDate="2014-10-20 10:13:23.115 JST" StructureHandle="/SL3/bin/classes.dex" StructureKind="resource" NumEvents="6" CreationCount="498"/><InteractionEvent Delta="null" EndDate="2014-10-20 09:52:53.1 JST" Interest="2.0" Kind="propagation" Navigation="null" OriginId="org.eclipse.jdt.ui.PackageExplorer" StartDate="2014-10-20 09:52:48.867 JST" StructureHandle="/SL3/src/sl3/adapters" StructureKind="resource" NumEvents="2" CreationCount="8"/><InteractionEvent Delta="null" EndDate="2014-10-20 10:01:20.790 JST" Interest="1.0" Kind="selection" Navigation="null" OriginId="org.eclipse.jdt.ui.CompilationUnitEditor" StartDate="2014-10-20 10:01:20.790 JST" StructureHandle="=SL3/src&amp;lt;sl3.items{PH.java[PH~getCreated_at" StructureKind="java"/><InteractionEvent Delta="null" EndDate="2014-10-20 10:02:47.620 JST" Interest="1.0" Kind="selection" Navigation="null" OriginId="org.eclipse.jdt.ui.CompilationUnitEditor" StartDate="2014-10-20 10:02:47.620 JST" StructureHandle="=SL3/src&amp;lt;sl3.items{PH.java[PH[Builder~setMemo~QString;" StructureKind="java"/><InteractionEvent Delta="null" EndDate="2014-10-20 10:24:55.990 JST" Interest="2.0" Kind="edit" Navigation="null" OriginId="org.eclipse.jdt.ui.CompilationUnitEditor" StartDate="2014-10-20 10:07:14.452 JST" StructureHandle="=SL3/src&amp;lt;sl3.utils{DBUtils.java[DBUtils" StructureKind="java" NumEvents="2" CreationCount="157"/><InteractionEvent Delta="null" EndDate="2014-10-20 10:24:52.196 JST" Interest="335.4" Kind="propagation" Navigation="org.eclipse.mylyn.core.model.edges.containment" OriginId="org.eclipse.mylyn.core.model.interest.propagation" StartDate="2014-10-20 10:06:22.88 JST" StructureHandle="=SL3/src&amp;lt;sl3.utils{DBUtils.java[DBUtils" StructureKind="java" NumEvents="478" CreationCount="157"/><InteractionEvent Delta="null" EndDate="2014-10-20 10:24:55.985 JST" Interest="6.0" Kind="selection" Navigation="null" OriginId="org.eclipse.jdt.ui.CompilationUnitEditor" StartDate="2014-10-20 10:06:30.483 JST" StructureHandle="=SL3/src&amp;lt;sl3.utils{DBUtils.java[DBUtils" StructureKind="java" NumEvents="6" CreationCount="157"/><InteractionEvent Delta="null" EndDate="2014-10-20 10:28:36.583 JST" Interest="11.410001" Kind="manipulation" Navigation="null" OriginId="org.eclipse.mylyn.core.model.interest.decay.correction" StartDate="2014-10-20 10:04:09.537 JST" StructureHandle="=SL3/src&amp;lt;sl3.tasks{Task_Post_History.java[Task_Post_History~_getJSONBody" StructureKind="java" NumEvents="2" CreationCount="2"/><InteractionEvent Delta="null" EndDate="2014-10-20 10:37:57.126 JST" Interest="39.0" Kind="edit" Navigation="null" OriginId="org.eclipse.jdt.ui.CompilationUnitEditor" StartDate="2014-10-20 09:50:15.328 JST" StructureHandle="=SL3/src&amp;lt;sl3.tasks{Task_Post_History.java[Task_Post_History~_getJSONBody" StructureKind="java" NumEvents="39" CreationCount="2"/><InteractionEvent Delta="null" EndDate="2014-10-20 10:37:44.916 JST" Interest="8.0" Kind="selection" Navigation="null" OriginId="org.eclipse.jdt.ui.CompilationUnitEditor" StartDate="2014-10-20 09:50:10.84 JST" StructureHandle="=SL3/src&amp;lt;sl3.tasks{Task_Post_History.java[Task_Post_History~_getJSONBody" StructureKind="java" NumEvents="8" CreationCount="2"/><InteractionEvent Delta="null" EndDate="2014-10-20 10:36:15.695 JST" Interest="22.0" Kind="propagation" Navigation="null" OriginId="org.eclipse.jdt.ui.CompilationUnitEditor" StartDate="2014-10-20 10:35:03.593 JST" StructureHandle="/SL3/src/sl3/utils/Methods.java" StructureKind="resource" NumEvents="22" CreationCount="850"/><InteractionEvent Delta="null" EndDate="2014-10-20 10:13:25.336 JST" Interest="1.0" Kind="selection" Navigation="null" OriginId="org.eclipse.ui.views.ContentOutline" StartDate="2014-10-20 10:13:25.336 JST" StructureHandle="=SL3/src&amp;lt;sl3.listeners.dialog{DB_OCL.java%sl3.listeners.dialog" StructureKind="java"/><InteractionEvent Delta="null" EndDate="2014-10-20 11:18:09.669 JST" Interest="5.542001" Kind="manipulation" Navigation="null" OriginId="org.eclipse.mylyn.core.model.interest.decay.correction" StartDate="2014-10-20 11:18:09.669 JST" StructureHandle="=SL3/src&amp;lt;sl3.tasks{Task_Post_History.java[Task_Post_History~onPostExecute~QInteger;" StructureKind="java"/><InteractionEvent Delta="null" EndDate="2014-10-20 11:19:39.562 JST" Interest="12.0" Kind="edit" Navigation="null" OriginId="org.eclipse.jdt.ui.CompilationUnitEditor" StartDate="2014-10-20 10:13:05.106 JST" StructureHandle="=SL3/src&amp;lt;sl3.tasks{Task_Post_History.java[Task_Post_History~onPostExecute~QInteger;" StructureKind="java" NumEvents="12" CreationCount="490"/><InteractionEvent Delta="null" EndDate="2014-10-20 11:18:09.669 JST" Interest="7.0" Kind="selection" Navigation="null" OriginId="org.eclipse.jdt.ui.CompilationUnitEditor" StartDate="2014-10-20 10:13:03.971 JST" StructureHandle="=SL3/src&amp;lt;sl3.tasks{Task_Post_History.java[Task_Post_History~onPostExecute~QInteger;" StructureKind="java" NumEvents="7" CreationCount="490"/><InteractionEvent Delta="null" EndDate="2014-10-20 10:06:38.145 JST" Interest="1.0" Kind="selection" Navigation="null" OriginId="org.eclipse.ui.views.ContentOutline" StartDate="2014-10-20 10:06:38.145 JST" StructureHandle="=SL3/src&amp;lt;sl3.utils{DBUtils.java[DBUtils~insert_Data~QActivity;~QString;~QContentValues;" StructureKind="java"/><InteractionEvent Delta="null" EndDate="2014-10-20 10:35:18.197 JST" Interest="9.0" Kind="propagation" Navigation="null" OriginId="org.eclipse.jdt.ui.CompilationUnitEditor" StartDate="2014-10-20 10:29:10.436 JST" StructureHandle="/SL3/src/sl3/utils/Methods_sl.java" StructureKind="resource" NumEvents="9" CreationCount="844"/><InteractionEvent Delta="null" EndDate="2014-10-20 10:21:08.272 JST" Interest="2.0" Kind="edit" Navigation="null" OriginId="org.eclipse.jdt.ui.CompilationUnitEditor" StartDate="2014-10-20 10:21:08.267 JST" StructureHandle="=SL3/src&amp;lt;sl3.utils{DBUtils.java" StructureKind="java" NumEvents="2" CreationCount="156"/><InteractionEvent Delta="null" EndDate="2014-10-20 10:24:55.991 JST" Interest="338.417" Kind="propagation" Navigation="org.eclipse.mylyn.core.model.edges.containment" OriginId="org.eclipse.mylyn.core.model.interest.propagation" StartDate="2014-10-20 10:06:22.128 JST" StructureHandle="=SL3/src&amp;lt;sl3.utils{DBUtils.java" StructureKind="java" NumEvents="485" CreationCount="156"/><InteractionEvent Delta="null" EndDate="2014-10-20 10:16:01.25 JST" Interest="3.0" Kind="selection" Navigation="null" OriginId="org.eclipse.jdt.ui.CompilationUnitEditor" StartDate="2014-10-20 10:06:20.390 JST" StructureHandle="=SL3/src&amp;lt;sl3.utils{DBUtils.java" StructureKind="java" NumEvents="3" CreationCount="156"/><InteractionEvent Delta="null" EndDate="2014-10-20 10:25:17.794 JST" Interest="0.31800032" Kind="manipulation" Navigation="null" OriginId="org.eclipse.mylyn.core.model.interest.decay.correction" StartDate="2014-10-20 10:25:17.794 JST" StructureHandle="=SL3/src&amp;lt;sl3.tasks{Task_Post_History.java[Task_Post_History~doInBackground~\[QString;" StructureKind="java"/><InteractionEvent Delta="null" EndDate="2014-10-20 11:25:26.326 JST" Interest="333.0" Kind="edit" Navigation="null" OriginId="org.eclipse.jdt.ui.CompilationUnitEditor" StartDate="2014-10-20 10:25:19.164 JST" StructureHandle="=SL3/src&amp;lt;sl3.tasks{Task_Post_History.java[Task_Post_History~doInBackground~\[QString;" StructureKind="java" NumEvents="333" CreationCount="488"/><InteractionEvent Delta="null" EndDate="2014-10-20 11:21:11.894 JST" Interest="15.0" Kind="selection" Navigation="null" OriginId="org.eclipse.jdt.ui.CompilationUnitEditor" StartDate="2014-10-20 10:12:14.817 JST" StructureHandle="=SL3/src&amp;lt;sl3.tasks{Task_Post_History.java[Task_Post_History~doInBackground~\[QString;" StructureKind="java" NumEvents="15" CreationCount="488"/><InteractionEvent Delta="null" EndDate="2014-10-20 10:24:57.34 JST" Interest="474.0" Kind="edit" Navigation="null" OriginId="org.eclipse.jdt.ui.CompilationUnitEditor" StartDate="2014-10-20 10:06:24.992 JST" StructureHandle="=SL3/src&amp;lt;sl3.utils{DBUtils.java[DBUtils~find_ALL_PHs__Unposted~QActivity;" StructureKind="java" NumEvents="474" CreationCount="157"/><InteractionEvent Delta="null" EndDate="2014-10-20 10:24:57.30 JST" Interest="11.0" Kind="selection" Navigation="null" OriginId="org.eclipse.jdt.ui.CompilationUnitEditor" StartDate="2014-10-20 10:06:22.88 JST" StructureHandle="=SL3/src&amp;lt;sl3.utils{DBUtils.java[DBUtils~find_ALL_PHs__Unposted~QActivity;" StructureKind="java" NumEvents="11" CreationCount="157"/><InteractionEvent Delta="null" EndDate="2014-10-20 10:03:03.614 JST" Interest="2.0" Kind="selection" Navigation="null" OriginId="org.eclipse.jdt.ui.CompilationUnitEditor" StartDate="2014-10-20 10:02:39.524 JST" StructureHandle="=SL3/src&amp;lt;sl3.items{PH.java[PH[Builder~build" StructureKind="java" NumEvents="2" CreationCount="131"/><InteractionEvent Delta="null" EndDate="2014-10-20 11:20:18.895 JST" Interest="1.0" Kind="edit" Navigation="null" OriginId="org.eclipse.jdt.ui.CompilationUnitEditor" StartDate="2014-10-20 11:20:18.895 JST" StructureHandle="=SL3/src&amp;lt;sl3.tasks{Task_Post_History.java[Task_Post_History~_PostData~QHttpPost;" StructureKind="java"/><InteractionEvent Delta="null" EndDate="2014-10-20 11:20:28.529 JST" Interest="2.0" Kind="selection" Navigation="null" OriginId="org.eclipse.jdt.ui.CompilationUnitEditor" StartDate="2014-10-20 11:20:16.777 JST" StructureHandle="=SL3/src&amp;lt;sl3.tasks{Task_Post_History.java[Task_Post_History~_PostData~QHttpPost;" StructureKind="java" NumEvents="2" CreationCount="1431"/><InteractionEvent Delta="null" EndDate="2014-10-20 10:06:41.236 JST" Interest="3.0" Kind="selection" Navigation="null" OriginId="org.eclipse.jdt.ui.CompilationUnitEditor" StartDate="2014-10-20 10:06:38.909 JST" StructureHandle="=SL3/src&amp;lt;sl3.utils{DBUtils.java[DBUtils~find_ALL_Genres_from_Previous~QActivity;" StructureKind="java" NumEvents="3" CreationCount="166"/><InteractionEvent Delta="null" EndDate="2014-10-20 09:54:43.330 JST" Interest="1.0" Kind="edit" Navigation="null" OriginId="org.eclipse.jdt.ui.CompilationUnitEditor" StartDate="2014-10-20 09:54:43.330 JST" StructureHandle="=SL3/src&amp;lt;sl3.items{PH.java[PH^dueDate" StructureKind="java"/><InteractionEvent Delta="null" EndDate="2014-10-20 09:54:42.457 JST" Interest="2.0" Kind="selection" Navigation="null" OriginId="org.eclipse.jdt.ui.CompilationUnitEditor" StartDate="2014-10-20 09:53:12.966 JST" StructureHandle="=SL3/src&amp;lt;sl3.items{PH.java[PH^dueDate" StructureKind="java" NumEvents="2" CreationCount="15"/><InteractionEvent Delta="null" EndDate="2014-10-20 10:35:13.634 JST" Interest="4.1" Kind="propagation" Navigation="org.eclipse.mylyn.core.model.edges.containment" OriginId="org.eclipse.mylyn.core.model.interest.propagation" StartDate="2014-10-20 10:29:11.254 JST" StructureHandle="=SL3/src&amp;lt;sl3.utils{Methods_sl.java[Methods_sl" StructureKind="java" NumEvents="5" CreationCount="845"/><InteractionEvent Delta="null" EndDate="2014-10-20 10:35:16.791 JST" Interest="1.0" Kind="selection" Navigation="null" OriginId="org.eclipse.jdt.ui.CompilationUnitEditor" StartDate="2014-10-20 10:35:16.791 JST" StructureHandle="=SL3/src&amp;lt;sl3.utils{Methods_sl.java[Methods_sl" StructureKind="java"/><InteractionEvent Delta="null" EndDate="2014-10-20 09:52:56.591 JST" Interest="1.0" Kind="propagation" Navigation="null" OriginId="org.eclipse.jdt.ui.PackageExplorer" StartDate="2014-10-20 09:52:56.591 JST" StructureHandle="/SL3/src/sl3/items/PS.java" StructureKind="resource"/><InteractionEvent Delta="null" EndDate="2014-10-20 09:53:28.123 JST" Interest="1.0" Kind="selection" Navigation="null" OriginId="org.eclipse.ui.views.ContentOutline" StartDate="2014-10-20 09:53:28.123 JST" StructureHandle="=SL3/src&amp;lt;sl3.utils{CONS.java%sl3.utils" StructureKind="java"/><InteractionEvent Delta="null" EndDate="2014-10-20 10:35:00.402 JST" Interest="29.0" Kind="propagation" Navigation="org.eclipse.mylyn.core.model.edges.containment" OriginId="org.eclipse.mylyn.core.model.interest.propagation" StartDate="2014-10-20 10:13:23.445 JST" StructureHandle="/SL3/src/sl3/listeners" StructureKind="resource" NumEvents="29" CreationCount="499"/><InteractionEvent Delta="null" EndDate="2014-10-20 10:01:52.771 JST" Interest="6.0" Kind="edit" Navigation="null" OriginId="org.eclipse.jdt.ui.CompilationUnitEditor" StartDate="2014-10-20 10:01:35.610 JST" StructureHandle="=SL3/src&amp;lt;sl3.items{PH.java[PH~getStoreName" StructureKind="java" NumEvents="6" CreationCount="112"/><InteractionEvent Delta="null" EndDate="2014-10-20 10:01:33.775 JST" Interest="1.0" Kind="selection" Navigation="null" OriginId="org.eclipse.ui.views.ContentOutline" StartDate="2014-10-20 10:01:33.775 JST" StructureHandle="=SL3/src&amp;lt;sl3.items{PH.java[PH~getStoreName" StructureKind="java"/><InteractionEvent Delta="null" EndDate="2014-10-20 11:20:43.518 JST" Interest="662.272" Kind="propagation" Navigation="org.eclipse.mylyn.core.model.edges.containment" OriginId="org.eclipse.mylyn.core.model.interest.propagation" StartDate="2014-10-20 09:50:10.115 JST" StructureHandle="/SL3/src/sl3" StructureKind="resource" NumEvents="668" CreationCount="2"/><InteractionEvent Delta="null" EndDate="2014-10-20 11:11:07.516 JST" Interest="1.0" Kind="edit" Navigation="null" OriginId="org.eclipse.jdt.ui.CompilationUnitEditor" StartDate="2014-10-20 11:11:07.516 JST" StructureHandle="=SL3/src&amp;lt;sl3.tasks{Task_Post_History.java[Task_Post_History" StructureKind="java"/><InteractionEvent Delta="null" EndDate="2014-10-20 11:25:26.326 JST" Interest="245.97998" Kind="propagation" Navigation="org.eclipse.mylyn.core.model.edges.containment" OriginId="org.eclipse.mylyn.core.model.interest.propagation" StartDate="2014-10-20 09:50:10.115 JST" StructureHandle="=SL3/src&amp;lt;sl3.tasks{Task_Post_History.java[Task_Post_History" StructureKind="java" NumEvents="342" CreationCount="2"/><InteractionEvent Delta="null" EndDate="2014-10-20 11:20:25.29 JST" Interest="10.0" Kind="selection" Navigation="null" OriginId="org.eclipse.jdt.ui.CompilationUnitEditor" StartDate="2014-10-20 10:25:03.82 JST" StructureHandle="=SL3/src&amp;lt;sl3.tasks{Task_Post_History.java[Task_Post_History" StructureKind="java" NumEvents="10" CreationCount="2"/><InteractionEvent Delta="null" EndDate="2014-10-20 10:25:13.721 JST" Interest="1.0" Kind="selection" Navigation="null" OriginId="org.eclipse.jdt.ui.CompilationUnitEditor" StartDate="2014-10-20 10:25:13.721 JST" StructureHandle="=SL3/src&amp;lt;sl3.tasks{Task_Post_History.java[Task_Post_History~_doInBackground__PurHistory" StructureKind="java"/><InteractionEvent Delta="null" EndDate="2014-10-20 11:25:26.327 JST" Interest="607.245" Kind="propagation" Navigation="org.eclipse.mylyn.core.model.edges.containment" OriginId="org.eclipse.mylyn.core.model.interest.propagation" StartDate="2014-10-20 09:50:10.115 JST" StructureHandle="/SL3/src/sl3/tasks" StructureKind="resource" NumEvents="603" CreationCount="2"/><InteractionEvent Delta="null" EndDate="2014-10-20 09:59:45.135 JST" Interest="1.0" Kind="selection" Navigation="null" OriginId="org.eclipse.jdt.ui.CompilationUnitEditor" StartDate="2014-10-20 09:59:45.135 JST" StructureHandle="=SL3/src&amp;lt;sl3.items{PH.java[PH~getModified_at" StructureKind="java"/><InteractionEvent Delta="null" EndDate="2014-10-20 10:36:15.694 JST" Interest="6.0" Kind="edit" Navigation="null" OriginId="org.eclipse.jdt.ui.CompilationUnitEditor" StartDate="2014-10-20 10:35:29.3 JST" StructureHandle="=SL3/src&amp;lt;sl3.utils{Methods.java[Methods~get_JsonBody_Generic~QActivity;~\[QString;~\[QObject;" StructureKind="java" NumEvents="6" CreationCount="859"/><InteractionEvent Delta="null" EndDate="2014-10-20 10:36:14.451 JST" Interest="4.0" Kind="selection" Navigation="null" OriginId="org.eclipse.jdt.ui.CompilationUnitEditor" StartDate="2014-10-20 10:35:24.731 JST" StructureHandle="=SL3/src&amp;lt;sl3.utils{Methods.java[Methods~get_JsonBody_Generic~QActivity;~\[QString;~\[QObject;" StructureKind="java" NumEvents="4" CreationCount="859"/><InteractionEvent Delta="null" EndDate="2014-10-20 09:54:16.450 JST" Interest="1.0" Kind="selection" Navigation="null" OriginId="org.eclipse.ui.views.ContentOutline" StartDate="2014-10-20 09:54:16.450 JST" StructureHandle="=SL3/src&amp;lt;sl3.utils{CONS.java[CONS^version" StructureKind="java"/><InteractionEvent Delta="null" EndDate="2014-10-20 10:39:07.548 JST" Interest="8.710001" Kind="manipulation" Navigation="null" OriginId="org.eclipse.mylyn.core.model.interest.decay.correction" StartDate="2014-10-20 10:12:14.384 JST" StructureHandle="=SL3/src&amp;lt;sl3.items{PH.java[PH[Builder~setStore_name~QString;" StructureKind="java" NumEvents="3" CreationCount="146"/><InteractionEvent Delta="null" EndDate="2014-10-20 10:03:53.981 JST" Interest="2.0" Kind="edit" Navigation="null" OriginId="org.eclipse.jdt.ui.CompilationUnitEditor" StartDate="2014-10-20 10:03:52.770 JST" StructureHandle="=SL3/src&amp;lt;sl3.items{PH.java[PH[Builder~setStore_name~QString;" StructureKind="java" NumEvents="2" CreationCount="146"/><InteractionEvent Delta="null" EndDate="2014-10-20 10:39:07.548 JST" Interest="5.0" Kind="selection" Navigation="null" OriginId="org.eclipse.jdt.ui.CompilationUnitEditor" StartDate="2014-10-20 10:03:25.113 JST" StructureHandle="=SL3/src&amp;lt;sl3.items{PH.java[PH[Builder~setStore_name~QString;" StructureKind="java" NumEvents="5" CreationCount="146"/><InteractionEvent Delta="null" EndDate="2014-10-20 11:20:43.518 JST" Interest="663.0" Kind="propagation" Navigation="null" OriginId="org.eclipse.jdt.ui.CompilationUnitEditor" StartDate="2014-10-20 09:53:26.226 JST" StructureHandle="/SL3/src/sl3/utils" StructureKind="resource" NumEvents="663" CreationCount="18"/><InteractionEvent Delta="null" EndDate="2014-10-20 10:02:57.402 JST" Interest="1.0" Kind="selection" Navigation="null" OriginId="org.eclipse.jdt.ui.CompilationUnitEditor" StartDate="2014-10-20 10:02:57.402 JST" StructureHandle="=SL3/src&amp;lt;sl3.items{PH.java[PH[Builder~setAmount~I" StructureKind="java"/><InteractionEvent Delta="null" EndDate="2014-10-20 10:41:38.835 JST" Interest="1.0" Kind="edit" Navigation="null" OriginId="org.eclipse.jdt.ui.CompilationUnitEditor" StartDate="2014-10-20 10:41:38.835 JST" StructureHandle="=SL3/src&amp;lt;sl3.utils{CONS.java[CONS[HTTPData" StructureKind="java"/><InteractionEvent Delta="null" EndDate="2014-10-20 11:20:41.42 JST" Interest="51.5" Kind="propagation" Navigation="org.eclipse.mylyn.core.model.edges.containment" OriginId="org.eclipse.mylyn.core.model.interest.propagation" StartDate="2014-10-20 10:41:16.776 JST" StructureHandle="=SL3/src&amp;lt;sl3.utils{CONS.java[CONS[HTTPData" StructureKind="java" NumEvents="71" CreationCount="1051"/><InteractionEvent Delta="null" EndDate="2014-10-20 10:41:36.871 JST" Interest="1.0" Kind="selection" Navigation="null" OriginId="org.eclipse.jdt.ui.CompilationUnitEditor" StartDate="2014-10-20 10:41:36.871 JST" StructureHandle="=SL3/src&amp;lt;sl3.utils{CONS.java[CONS[HTTPData" StructureKind="java"/><InteractionEvent Delta="null" EndDate="2014-10-20 11:20:41.43 JST" Interest="69.727005" Kind="propagation" Navigation="org.eclipse.mylyn.core.model.edges.containment" OriginId="org.eclipse.mylyn.core.model.interest.propagation" StartDate="2014-10-20 09:54:16.450 JST" StructureHandle="=SL3/src&amp;lt;sl3.utils{CONS.java[CONS" StructureKind="java" NumEvents="84" CreationCount="20"/><InteractionEvent Delta="null" EndDate="2014-10-20 10:47:12.787 JST" Interest="1.0" Kind="selection" Navigation="null" OriginId="org.eclipse.jdt.ui.CompilationUnitEditor" StartDate="2014-10-20 10:47:12.787 JST" StructureHandle="=SL3/src&amp;lt;sl3.utils{CONS.java[CONS" StructureKind="java"/><InteractionEvent Delta="null" EndDate="2014-10-20 10:47:33.295 JST" Interest="66.0" Kind="edit" Navigation="null" OriginId="org.eclipse.jdt.ui.CompilationUnitEditor" StartDate="2014-10-20 10:41:17.592 JST" StructureHandle="=SL3/src&amp;lt;sl3.utils{CONS.java[CONS[HTTPData^Keys_PurHistory" StructureKind="java" NumEvents="66" CreationCount="1051"/><InteractionEvent Delta="null" EndDate="2014-10-20 11:20:41.42 JST" Interest="7.0" Kind="selection" Navigation="null" OriginId="org.eclipse.jdt.ui.CompilationUnitEditor" StartDate="2014-10-20 10:41:16.776 JST" StructureHandle="=SL3/src&amp;lt;sl3.utils{CONS.java[CONS[HTTPData^Keys_PurHistory" StructureKind="java" NumEvents="7" CreationCount="1051"/><InteractionEvent Delta="null" EndDate="2014-10-20 10:07:11.728 JST" Interest="12.0" Kind="edit" Navigation="null" OriginId="org.eclipse.jdt.ui.CompilationUnitEditor" StartDate="2014-10-20 10:06:41.720 JST" StructureHandle="=SL3/src&amp;lt;sl3.utils{DBUtils.java[DBUtils~find_ALL_PSs~QActivity;" StructureKind="java" NumEvents="12" CreationCount="167"/><InteractionEvent Delta="null" EndDate="2014-10-20 10:07:07.998 JST" Interest="5.0" Kind="selection" Navigation="null" OriginId="org.eclipse.jdt.ui.CompilationUnitEditor" StartDate="2014-10-20 10:06:41.147 JST" StructureHandle="=SL3/src&amp;lt;sl3.utils{DBUtils.java[DBUtils~find_ALL_PSs~QActivity;" StructureKind="java" NumEvents="5" CreationCount="167"/><InteractionEvent Delta="null" EndDate="2014-10-20 10:21:03.827 JST" Interest="2.0" Kind="selection" Navigation="null" OriginId="org.eclipse.jdt.ui.CompilationUnitEditor" StartDate="2014-10-20 10:21:03.815 JST" StructureHandle="=SL3/src&amp;lt;sl3.utils{DBUtils.java#android.database.sqlite.SQLiteDatabase.CursorFactory" StructureKind="java" NumEvents="2" CreationCount="637"/><InteractionEvent Delta="null" EndDate="2014-10-20 09:59:39.912 JST" Interest="1.0" Kind="selection" Navigation="null" OriginId="org.eclipse.jdt.ui.CompilationUnitEditor" StartDate="2014-10-20 09:59:39.912 JST" StructureHandle="=SL3/src&amp;lt;sl3.items{PH.java[PH^memo!2" StructureKind="java"/><InteractionEvent Delta="null" EndDate="2014-10-20 09:51:59.850 JST" Interest="1.0" Kind="selection" Navigation="null" OriginId="org.eclipse.jdt.ui.PackageExplorer" StartDate="2014-10-20 09:51:59.850 JST" StructureHandle="=SL3/src&amp;lt;sl3.items{Word.java" StructureKind="java"/><InteractionEvent Delta="null" EndDate="2014-10-20 10:41:31.913 JST" Interest="158.0" Kind="propagation" Navigation="null" OriginId="org.eclipse.jdt.ui.CompilationUnitEditor" StartDate="2014-10-20 09:53:06.133 JST" StructureHandle="/SL3/src/sl3/items/PH.java" StructureKind="resource" NumEvents="158" CreationCount="12"/><InteractionEvent Delta="null" EndDate="2014-10-20 09:52:00.817 JST" Interest="1.0" Kind="selection" Navigation="null" OriginId="org.eclipse.jdt.ui.PackageExplorer" StartDate="2014-10-20 09:52:00.817 JST" StructureHandle="=SL3/src&amp;lt;sl3.items{MI.java" StructureKind="java"/><InteractionEvent Delta="null" EndDate="2014-10-20 10:21:03.827 JST" Interest="2.0" Kind="propagation" Navigation="org.eclipse.mylyn.core.model.edges.containment" OriginId="org.eclipse.mylyn.core.model.interest.propagation" StartDate="2014-10-20 10:21:03.815 JST" StructureHandle="=SL3/src&amp;lt;sl3.utils{DBUtils.java#" StructureKind="java" NumEvents="2" CreationCount="637"/><InteractionEvent Delta="null" EndDate="2014-10-20 10:41:31.914 JST" Interest="160.102" Kind="propagation" Navigation="null" OriginId="org.eclipse.jdt.ui.CompilationUnitEditor" StartDate="2014-10-20 09:51:56.714 JST" StructureHandle="/SL3/src/sl3/items" StructureKind="resource" NumEvents="164" CreationCount="5"/><InteractionEvent Delta="null" EndDate="2014-10-20 10:24:57.35 JST" Interest="527.0" Kind="propagation" Navigation="null" OriginId="org.eclipse.jdt.ui.CompilationUnitEditor" StartDate="2014-10-20 10:06:20.390 JST" StructureHandle="/SL3/src/sl3/utils/DBUtils.java" StructureKind="resource" NumEvents="527" CreationCount="156"/><InteractionEvent Delta="null" EndDate="2014-10-20 10:08:26.194 JST" Interest="5.0" Kind="edit" Navigation="null" OriginId="org.eclipse.jdt.ui.CompilationUnitEditor" StartDate="2014-10-20 10:08:23.251 JST" StructureHandle="=SL3/src&amp;lt;sl3.utils{DBUtils.java[DBUtils~find_SI_from_DB_Id~QActivity;~QString;" StructureKind="java" NumEvents="5" CreationCount="255"/><InteractionEvent Delta="null" EndDate="2014-10-20 10:08:23.244 JST" Interest="1.0" Kind="selection" Navigation="null" OriginId="org.eclipse.jdt.ui.CompilationUnitEditor" StartDate="2014-10-20 10:08:23.244 JST" StructureHandle="=SL3/src&amp;lt;sl3.utils{DBUtils.java[DBUtils~find_SI_from_DB_Id~QActivity;~QString;" StructureKind="java"/><InteractionEvent Delta="null" EndDate="2014-10-20 10:02:29.402 JST" Interest="21.474" Kind="propagation" Navigation="org.eclipse.mylyn.core.model.edges.containment" OriginId="org.eclipse.mylyn.core.model.interest.propagation" StartDate="2014-10-20 09:53:06.133 JST" StructureHandle="=SL3/src&amp;lt;sl3.items{PH.java" StructureKind="java" NumEvents="33" CreationCount="12"/><InteractionEvent Delta="null" EndDate="2014-10-20 10:41:28.601 JST" Interest="19.0" Kind="selection" Navigation="null" OriginId="org.eclipse.jdt.ui.CompilationUnitEditor" StartDate="2014-10-20 09:53:08.286 JST" StructureHandle="=SL3/src&amp;lt;sl3.items{PH.java" StructureKind="java" NumEvents="19" CreationCount="12"/><InteractionEvent Delta="null" EndDate="2014-10-20 09:52:56.591 JST" Interest="1.0" Kind="selection" Navigation="null" OriginId="org.eclipse.jdt.ui.PackageExplorer" StartDate="2014-10-20 09:52:56.591 JST" StructureHandle="=SL3/src&amp;lt;sl3.items{PS.java" StructureKind="java"/><InteractionEvent Delta="null" EndDate="2014-10-20 10:41:16.81 JST" Interest="7.259001" Kind="manipulation" Navigation="null" OriginId="org.eclipse.mylyn.core.model.interest.decay.correction" StartDate="2014-10-20 10:12:14.17 JST" StructureHandle="=SL3/src&amp;lt;sl3.utils{CONS.java" StructureKind="java" NumEvents="3" CreationCount="18"/><InteractionEvent Delta="null" EndDate="2014-10-20 10:47:43.471 JST" Interest="53.502007" Kind="propagation" Navigation="org.eclipse.mylyn.core.model.edges.containment" OriginId="org.eclipse.mylyn.core.model.interest.propagation" StartDate="2014-10-20 09:53:28.123 JST" StructureHandle="=SL3/src&amp;lt;sl3.utils{CONS.java" StructureKind="java" NumEvents="84" CreationCount="18"/><InteractionEvent Delta="null" EndDate="2014-10-20 11:20:40.915 JST" Interest="10.0" Kind="selection" Navigation="null" OriginId="org.eclipse.jdt.ui.CompilationUnitEditor" StartDate="2014-10-20 09:53:26.226 JST" StructureHandle="=SL3/src&amp;lt;sl3.utils{CONS.java" StructureKind="java" NumEvents="10" CreationCount="18"/><InteractionEvent Delta="null" EndDate="2014-10-20 10:37:35.967 JST" Interest="1.0" Kind="selection" Navigation="null" OriginId="org.eclipse.jdt.ui.CompilationUnitEditor" StartDate="2014-10-20 10:37:35.967 JST" StructureHandle="=SL3/src&amp;lt;sl3.tasks{Task_Post_History.java[Task_Post_History~_exec_post~QSI;" StructureKind="java"/><InteractionEvent Delta="null" EndDate="2014-10-20 10:34:56.660 JST" Interest="3.0" Kind="edit" Navigation="null" OriginId="org.eclipse.jdt.ui.CompilationUnitEditor" StartDate="2014-10-20 10:29:12.115 JST" StructureHandle="=SL3/src&amp;lt;sl3.utils{Methods_sl.java[Methods_sl~get_JsonBody_Generic~\[QString;~\[QObject;" StructureKind="java" NumEvents="3" CreationCount="845"/><InteractionEvent Delta="null" EndDate="2014-10-20 10:35:18.197 JST" Interest="3.0" Kind="selection" Navigation="null" OriginId="org.eclipse.jdt.ui.CompilationUnitEditor" StartDate="2014-10-20 10:29:11.254 JST" StructureHandle="=SL3/src&amp;lt;sl3.utils{Methods_sl.java[Methods_sl~get_JsonBody_Generic~\[QString;~\[QObject;" StructureKind="java" NumEvents="3" CreationCount="845"/><InteractionEvent Delta="null" EndDate="2014-10-20 10:01:54.414 JST" Interest="1.0" Kind="selection" Navigation="null" OriginId="org.eclipse.jdt.ui.CompilationUnitEditor" StartDate="2014-10-20 10:01:54.414 JST" StructureHandle="=SL3/src&amp;lt;sl3.items{PH.java[PH~setCreated_at~QString;" StructureKind="java"/><InteractionEvent Delta="null" EndDate="2014-10-20 10:15:57.550 JST" Interest="11.934" Kind="propagation" Navigation="org.eclipse.mylyn.core.model.edges.containment" OriginId="org.eclipse.mylyn.core.model.interest.propagation" StartDate="2014-10-20 10:13:26.77 JST" StructureHandle="=SL3/src&amp;lt;sl3.listeners.dialog{DB_OCL.java[DB_OCL" StructureKind="java" NumEvents="19" CreationCount="501"/><InteractionEvent Delta="null" EndDate="2014-10-20 10:24:55.991 JST" Interest="345.163" Kind="propagation" Navigation="org.eclipse.mylyn.core.model.edges.containment" OriginId="org.eclipse.mylyn.core.model.interest.propagation" StartDate="2014-10-20 09:53:26.226 JST" StructureHandle="=SL3/src&amp;lt;sl3.utils" StructureKind="java" NumEvents="510" CreationCount="18"/><InteractionEvent Delta="null" EndDate="2014-10-20 11:25:27.154 JST" Interest="1473.0" Kind="propagation" Navigation="null" OriginId="org.eclipse.jdt.ui.PackageExplorer" StartDate="2014-10-20 07:07:41.962 JST" StructureHandle="/SL3" StructureKind="resource" NumEvents="1473" CreationCount="1"/><InteractionEvent Delta="null" EndDate="2014-10-20 10:41:40.410 JST" Interest="1.0" Kind="selection" Navigation="null" OriginId="org.eclipse.jdt.ui.CompilationUnitEditor" StartDate="2014-10-20 10:41:40.410 JST" StructureHandle="=SL3/src&amp;lt;sl3.utils{CONS.java[CONS[HTTPData^posted_at" StructureKind="java"/><InteractionEvent Delta="null" EndDate="2014-10-20 10:35:16.791 JST" Interest="3.1169999" Kind="propagation" Navigation="org.eclipse.mylyn.core.model.edges.containment" OriginId="org.eclipse.mylyn.core.model.interest.propagation" StartDate="2014-10-20 10:29:11.255 JST" StructureHandle="=SL3/src&amp;lt;sl3.utils{Methods_sl.java" StructureKind="java" NumEvents="5" CreationCount="844"/><InteractionEvent Delta="null" EndDate="2014-10-20 10:35:13.545 JST" Interest="2.0" Kind="selection" Navigation="null" OriginId="org.eclipse.jdt.ui.CompilationUnitEditor" StartDate="2014-10-20 10:29:10.435 JST" StructureHandle="=SL3/src&amp;lt;sl3.utils{Methods_sl.java" StructureKind="java" NumEvents="2" CreationCount="844"/><InteractionEvent Delta="null" EndDate="2014-10-20 09:59:29.718 JST" Interest="2.0" Kind="selection" Navigation="null" OriginId="org.eclipse.jdt.ui.CompilationUnitEditor" StartDate="2014-10-20 09:58:54.577 JST" StructureHandle="=SL3/src&amp;lt;sl3.items{PH.java[PH^items!2" StructureKind="java" NumEvents="2" CreationCount="55"/><InteractionEvent Delta="null" EndDate="2014-10-20 10:15:57.550 JST" Interest="7.0" Kind="edit" Navigation="null" OriginId="org.eclipse.jdt.ui.CompilationUnitEditor" StartDate="2014-10-20 10:13:33.604 JST" StructureHandle="=SL3/src&amp;lt;sl3.listeners.dialog{DB_OCL.java[DB_OCL~case_DLG_SAVE_PUR_HISTORY_OK" StructureKind="java" NumEvents="7" CreationCount="503"/><InteractionEvent Delta="null" EndDate="2014-10-20 10:15:50.225 JST" Interest="7.0" Kind="selection" Navigation="null" OriginId="org.eclipse.jdt.ui.CompilationUnitEditor" StartDate="2014-10-20 10:13:33.51 JST" StructureHandle="=SL3/src&amp;lt;sl3.listeners.dialog{DB_OCL.java[DB_OCL~case_DLG_SAVE_PUR_HISTORY_OK" StructureKind="java" NumEvents="7" CreationCount="503"/><InteractionEvent Delta="null" EndDate="2014-10-20 10:47:17.176 JST" Interest="1.0" Kind="selection" Navigation="null" OriginId="org.eclipse.jdt.ui.CompilationUnitEditor" StartDate="2014-10-20 10:47:17.176 JST" StructureHandle="=SL3/src&amp;lt;sl3.utils{CONS.java[CONS[DB^dbName_SL_1" StructureKind="java"/><InteractionEvent Delta="null" EndDate="2014-10-20 09:52:53.251 JST" Interest="1.0" Kind="selection" Navigation="null" OriginId="org.eclipse.jdt.ui.PackageExplorer" StartDate="2014-10-20 09:52:53.251 JST" StructureHandle="=SL3/src&amp;lt;sl3.items{Genre.java" StructureKind="java"/><InteractionEvent Delta="null" EndDate="2014-10-20 10:35:00.402 JST" Interest="29.0" Kind="propagation" Navigation="org.eclipse.mylyn.core.model.edges.containment" OriginId="org.eclipse.mylyn.core.model.interest.propagation" StartDate="2014-10-20 10:13:23.445 JST" StructureHandle="/SL3/src/sl3/listeners/dialog" StructureKind="resource" NumEvents="29" CreationCount="499"/><InteractionEvent Delta="null" EndDate="2014-10-20 09:58:55.395 JST" Interest="2.0" Kind="selection" Navigation="null" OriginId="org.eclipse.jdt.ui.CompilationUnitEditor" StartDate="2014-10-20 09:58:44.460 JST" StructureHandle="=SL3/src&amp;lt;sl3.items{PH.java[PH^pur_date" StructureKind="java" NumEvents="2" CreationCount="48"/><InteractionEvent Delta="null" EndDate="2014-10-20 11:25:26.328 JST" Interest="1462.0" Kind="propagation" Navigation="null" OriginId="org.eclipse.jdt.ui.CompilationUnitEditor" StartDate="2014-10-20 09:50:10.115 JST" StructureHandle="/SL3/src" StructureKind="resource" NumEvents="1462" CreationCount="2"/><InteractionEvent Delta="null" EndDate="2014-10-20 11:18:06.888 JST" Interest="134.0" Kind="edit" Navigation="null" OriginId="org.eclipse.jdt.ui.CompilationUnitEditor" StartDate="2014-10-20 10:28:25.978 JST" StructureHandle="=SL3/src&amp;lt;sl3.tasks{Task_Post_History.java[Task_Post_History~_getJSONBody~QPH;" StructureKind="java" NumEvents="134" CreationCount="827"/><InteractionEvent Delta="null" EndDate="2014-10-20 11:17:56.347 JST" Interest="19.0" Kind="selection" Navigation="null" OriginId="org.eclipse.jdt.ui.CompilationUnitEditor" StartDate="2014-10-20 10:28:24.681 JST" StructureHandle="=SL3/src&amp;lt;sl3.tasks{Task_Post_History.java[Task_Post_History~_getJSONBody~QPH;" StructureKind="java" NumEvents="19" CreationCount="827"/><InteractionEvent Delta="null" EndDate="2014-10-20 10:35:39.297 JST" Interest="3.0" Kind="edit" Navigation="null" OriginId="org.eclipse.jdt.ui.CompilationUnitEditor" StartDate="2014-10-20 10:35:34.781 JST" StructureHandle="=SL3/src&amp;lt;sl3.utils{Methods.java[Methods~isOnline~QActivity;" StructureKind="java" NumEvents="3" CreationCount="863"/><InteractionEvent Delta="null" EndDate="2014-10-20 10:35:42.235 JST" Interest="2.0" Kind="selection" Navigation="null" OriginId="org.eclipse.jdt.ui.CompilationUnitEditor" StartDate="2014-10-20 10:35:34.9 JST" StructureHandle="=SL3/src&amp;lt;sl3.utils{Methods.java[Methods~isOnline~QActivity;" StructureKind="java" NumEvents="2" CreationCount="863"/><InteractionEvent Delta="null" EndDate="2014-10-20 10:15:57.551 JST" Interest="10.967999" Kind="propagation" Navigation="org.eclipse.mylyn.core.model.edges.containment" OriginId="org.eclipse.mylyn.core.model.interest.propagation" StartDate="2014-10-20 10:13:25.336 JST" StructureHandle="=SL3/src&amp;lt;sl3.listeners.dialog{DB_OCL.java" StructureKind="java" NumEvents="20" CreationCount="499"/><InteractionEvent Delta="null" EndDate="2014-10-20 10:35:00.402 JST" Interest="2.0" Kind="selection" Navigation="null" OriginId="org.eclipse.jdt.ui.PackageExplorer" StartDate="2014-10-20 10:13:23.444 JST" StructureHandle="=SL3/src&amp;lt;sl3.listeners.dialog{DB_OCL.java" StructureKind="java" NumEvents="2" CreationCount="499"/><InteractionEvent Delta="null" EndDate="2014-10-20 10:47:17.176 JST" Interest="17.853" Kind="propagation" Navigation="org.eclipse.mylyn.core.model.edges.containment" OriginId="org.eclipse.mylyn.core.model.interest.propagation" StartDate="2014-10-20 09:54:24.608 JST" StructureHandle="=SL3/src&amp;lt;sl3.utils{CONS.java[CONS[DB" StructureKind="java" NumEvents="9" CreationCount="21"/><InteractionEvent Delta="null" EndDate="2014-10-20 09:54:24.874 JST" Interest="2.0" Kind="selection" Navigation="null" OriginId="org.eclipse.jdt.ui.CompilationUnitEditor" StartDate="2014-10-20 09:54:19.679 JST" StructureHandle="=SL3/src&amp;lt;sl3.utils{CONS.java[CONS[DB" StructureKind="java" NumEvents="2" CreationCount="21"/><InteractionEvent Delta="null" EndDate="2014-10-20 11:25:26.327 JST" Interest="256.68" Kind="propagation" Navigation="org.eclipse.mylyn.core.model.edges.containment" OriginId="org.eclipse.mylyn.core.model.interest.propagation" StartDate="2014-10-20 09:50:10.131 JST" StructureHandle="=SL3/src&amp;lt;sl3.tasks" StructureKind="java" NumEvents="356" CreationCount="2"/><InteractionEvent Delta="null" EndDate="2014-10-20 11:18:17.693 JST" Interest="6.0" Kind="prediction" Navigation="null" OriginId="org.eclipse.mylyn.resources.ui.interest.updater" StartDate="2014-10-20 10:13:23.115 JST" StructureHandle="/SL3/bin/SL3.apk" StructureKind="resource" NumEvents="6" CreationCount="498"/><InteractionEvent Delta="null" EndDate="2014-10-20 09:52:53.251 JST" Interest="1.0" Kind="propagation" Navigation="null" OriginId="org.eclipse.jdt.ui.PackageExplorer" StartDate="2014-10-20 09:52:53.251 JST" StructureHandle="/SL3/src/sl3/items/Genre.java" StructureKind="resource"/><InteractionEvent Delta="null" EndDate="2014-10-20 10:13:23.115 JST" Interest="1.0" Kind="prediction" Navigation="null" OriginId="org.eclipse.mylyn.resources.ui.interest.updater" StartDate="2014-10-20 10:13:23.115 JST" StructureHandle="/SL3/bin/resources.ap_" StructureKind="resource"/><InteractionEvent Delta="null" EndDate="2014-10-20 10:15:49.517 JST" Interest="5.0" Kind="edit" Navigation="null" OriginId="org.eclipse.jdt.ui.CompilationUnitEditor" StartDate="2014-10-20 10:13:51.573 JST" StructureHandle="=SL3/src&amp;lt;sl3.listeners.dialog{DB_OCL.java[DB_OCL~case_DLG_POST_ITEMS_OK" StructureKind="java" NumEvents="5" CreationCount="502"/><InteractionEvent Delta="null" EndDate="2014-10-20 10:13:51.93 JST" Interest="6.0" Kind="selection" Navigation="null" OriginId="org.eclipse.jdt.ui.CompilationUnitEditor" StartDate="2014-10-20 10:13:30.389 JST" StructureHandle="=SL3/src&amp;lt;sl3.listeners.dialog{DB_OCL.java[DB_OCL~case_DLG_POST_ITEMS_OK" StructureKind="java" NumEvents="6" CreationCount="502"/><InteractionEvent Delta="null" EndDate="2014-10-20 10:03:30.50 JST" Interest="7.0" Kind="edit" Navigation="null" OriginId="org.eclipse.jdt.ui.CompilationUnitEditor" StartDate="2014-10-20 10:02:42.33 JST" StructureHandle="=SL3/src&amp;lt;sl3.items{PH.java[PH[Builder" StructureKind="java" NumEvents="7" CreationCount="130"/><InteractionEvent Delta="null" EndDate="2014-10-20 10:39:07.548 JST" Interest="4.4820013" Kind="propagation" Navigation="org.eclipse.mylyn.core.model.edges.containment" OriginId="org.eclipse.mylyn.core.model.interest.propagation" StartDate="2014-10-20 10:02:39.525 JST" StructureHandle="=SL3/src&amp;lt;sl3.items{PH.java[PH[Builder" StructureKind="java" NumEvents="3" CreationCount="130"/><InteractionEvent Delta="null" EndDate="2014-10-20 10:03:28.493 JST" Interest="6.0" Kind="selection" Navigation="null" OriginId="org.eclipse.jdt.ui.CompilationUnitEditor" StartDate="2014-10-20 10:02:38.495 JST" StructureHandle="=SL3/src&amp;lt;sl3.items{PH.java[PH[Builder" StructureKind="java" NumEvents="6" CreationCount="130"/><InteractionEvent Delta="null" EndDate="2014-10-20 10:12:14.633 JST" Interest="5.5110006" Kind="manipulation" Navigation="null" OriginId="org.eclipse.mylyn.core.model.interest.decay.correction" StartDate="2014-10-20 10:04:09.368 JST" StructureHandle="=SL3/src&amp;lt;sl3.tasks{Task_Post_History.java" StructureKind="java" NumEvents="2" CreationCount="2"/><InteractionEvent Delta="null" EndDate="2014-10-20 11:25:26.327 JST" Interest="233.16899" Kind="propagation" Navigation="org.eclipse.mylyn.core.model.edges.containment" OriginId="org.eclipse.mylyn.core.model.interest.propagation" StartDate="2014-10-20 09:50:10.131 JST" StructureHandle="=SL3/src&amp;lt;sl3.tasks{Task_Post_History.java" StructureKind="java" NumEvents="336" CreationCount="2"/><InteractionEvent Delta="null" EndDate="2014-10-20 11:21:11.769 JST" Interest="18.0" Kind="selection" Navigation="null" OriginId="org.eclipse.jdt.ui.CompilationUnitEditor" StartDate="2014-10-20 10:04:09.368 JST" StructureHandle="=SL3/src&amp;lt;sl3.tasks{Task_Post_History.java" StructureKind="java" NumEvents="18" CreationCount="2"/><InteractionEvent Delta="null" EndDate="2014-10-20 10:41:28.602 JST" Interest="38.593002" Kind="propagation" Navigation="org.eclipse.mylyn.core.model.edges.containment" OriginId="org.eclipse.mylyn.core.model.interest.propagation" StartDate="2014-10-20 09:51:59.850 JST" StructureHandle="=SL3/src&amp;lt;sl3.items" StructureKind="java" NumEvents="60" CreationCount="5"/><InteractionEvent Delta="null" EndDate="2014-10-20 09:52:58.432 JST" Interest="2.0" Kind="selection" Navigation="null" OriginId="org.eclipse.jdt.ui.PackageExplorer" StartDate="2014-10-20 09:51:56.714 JST" StructureHandle="=SL3/src&amp;lt;sl3.items" StructureKind="java" NumEvents="2" CreationCount="5"/><InteractionEvent Delta="null" EndDate="2014-10-20 11:25:26.327 JST" Interest="1460.0171" Kind="propagation" Navigation="org.eclipse.mylyn.core.model.edges.containment" OriginId="org.eclipse.mylyn.core.model.interest.propagation" StartDate="2014-10-20 09:50:10.115 JST" StructureHandle="=SL3" StructureKind="resource" NumEvents="1462" CreationCount="1"/><InteractionEvent Delta="null" EndDate="2014-10-20 11:25:27.154 JST" Interest="2.0" Kind="selection" Navigation="null" OriginId="org.eclipse.jdt.ui.PackageExplorer" StartDate="2014-10-20 07:07:41.962 JST" StructureHandle="=SL3" StructureKind="java" NumEvents="2" CreationCount="1"/></InteractionHistory>