<?xml version="1.0" encoding="UTF-8"?><InteractionHistory Id="local-88" Version="1"><InteractionEvent Delta="null" EndDate="2014-09-18 16:41:09.553 JST" Interest="1.0" Kind="selection" Navigation="null" OriginId="org.eclipse.jdt.ui.CompilationUnitEditor" StartDate="2014-09-18 16:41:09.553 JST" StructureHandle="=SL3/src&amp;lt;sl3.listeners.dialog{DB_OCL.java[DB_OCL~_case_case_DLG_SAVE_TOBUY_LIST_BT_OK_execute~QSpinner;~QString;~QString;" StructureKind="java"/><InteractionEvent Delta="null" EndDate="2014-09-18 16:41:18.180 JST" Interest="3.0" Kind="edit" Navigation="null" OriginId="org.eclipse.jdt.ui.CompilationUnitEditor" StartDate="2014-09-18 16:41:10.512 JST" StructureHandle="=SL3/src&amp;lt;sl3.listeners.dialog{DB_OCL.java[DB_OCL~_case_case_DLG_SAVE_TOBUY_LIST_BT_OK_execute~QSpinner;~QString;~QString;" StructureKind="java" NumEvents="3" CreationCount="25"/><InteractionEvent Delta="null" EndDate="2014-09-18 16:43:23.735 JST" Interest="7.485" Kind="propagation" Navigation="org.eclipse.mylyn.core.model.edges.containment" OriginId="org.eclipse.mylyn.core.model.interest.propagation" StartDate="2014-09-18 16:38:01.646 JST" StructureHandle="=SL3/src&amp;lt;sl3.listeners.dialog" StructureKind="java" NumEvents="15" CreationCount="1"/><InteractionEvent Delta="null" EndDate="2014-09-18 16:37:59.434 JST" Interest="1.0" Kind="selection" Navigation="null" OriginId="org.eclipse.jdt.ui.PackageExplorer" StartDate="2014-09-18 16:37:59.434 JST" StructureHandle="=SL3/src&amp;lt;sl3.listeners.dialog" StructureKind="java"/><InteractionEvent Delta="null" EndDate="2014-09-18 16:43:20.493 JST" Interest="29.017" Kind="propagation" Navigation="org.eclipse.mylyn.core.model.edges.containment" OriginId="org.eclipse.mylyn.core.model.interest.propagation" StartDate="2014-09-18 16:37:59.434 JST" StructureHandle="=SL3" StructureKind="resource" NumEvents="30" CreationCount="1"/><InteractionEvent Delta="null" EndDate="2014-09-18 16:43:20.500 JST" Interest="1.0" Kind="selection" Navigation="null" OriginId="org.eclipse.jdt.ui.PackageExplorer" StartDate="2014-09-18 16:43:20.500 JST" StructureHandle="=SL3" StructureKind="java"/><InteractionEvent Delta="null" EndDate="2014-09-18 16:43:23.735 JST" Interest="8.485001" Kind="propagation" Navigation="org.eclipse.mylyn.core.model.edges.containment" OriginId="org.eclipse.mylyn.core.model.interest.propagation" StartDate="2014-09-18 16:37:59.434 JST" StructureHandle="=SL3/src" StructureKind="java" NumEvents="16" CreationCount="1"/><InteractionEvent Delta="null" EndDate="2014-09-18 16:40:43.112 JST" Interest="1.0" Kind="selection" Navigation="null" OriginId="org.eclipse.jdt.ui.CompilationUnitEditor" StartDate="2014-09-18 16:40:43.112 JST" StructureHandle="=SL3/src&amp;lt;sl3.utils{Methods_dlg.java[Methods_dlg~dlg_scheduleInDb~QActivity;~QDialog;~QDialog;" StructureKind="java"/><InteractionEvent Delta="null" EndDate="2014-09-18 16:40:46.116 JST" Interest="2.0" Kind="edit" Navigation="null" OriginId="org.eclipse.jdt.ui.CompilationUnitEditor" StartDate="2014-09-18 16:40:44.349 JST" StructureHandle="=SL3/src&amp;lt;sl3.utils{Methods_dlg.java[Methods_dlg~dlg_scheduleInDb~QActivity;~QDialog;~QDialog;" StructureKind="java" NumEvents="2" CreationCount="14"/><InteractionEvent Delta="null" EndDate="2014-09-18 16:43:23.735 JST" Interest="26.017" Kind="propagation" Navigation="org.eclipse.mylyn.core.model.edges.containment" OriginId="org.eclipse.mylyn.core.model.interest.propagation" StartDate="2014-09-18 16:37:59.434 JST" StructureHandle="/SL3/src/sl3/listeners/dialog" StructureKind="resource" NumEvents="27" CreationCount="1"/><InteractionEvent Delta="null" EndDate="2014-09-18 16:40:46.117 JST" Interest="2.4" Kind="propagation" Navigation="org.eclipse.mylyn.core.model.edges.containment" OriginId="org.eclipse.mylyn.core.model.interest.propagation" StartDate="2014-09-18 16:40:43.113 JST" StructureHandle="=SL3/src&amp;lt;sl3.utils{Methods_dlg.java[Methods_dlg" StructureKind="java" NumEvents="3" CreationCount="14"/><InteractionEvent Delta="null" EndDate="2014-09-18 16:40:46.118 JST" Interest="2.4170003" Kind="propagation" Navigation="org.eclipse.mylyn.core.model.edges.containment" OriginId="org.eclipse.mylyn.core.model.interest.propagation" StartDate="2014-09-18 16:40:42.388 JST" StructureHandle="=SL3/src&amp;lt;sl3.utils" StructureKind="java" NumEvents="4" CreationCount="13"/><InteractionEvent Delta="null" EndDate="2014-09-18 16:43:23.735 JST" Interest="30.017" Kind="propagation" Navigation="null" OriginId="org.eclipse.jdt.ui.PackageExplorer" StartDate="2014-09-18 16:37:59.434 JST" StructureHandle="/SL3/src" StructureKind="resource" NumEvents="31" CreationCount="1"/><InteractionEvent Delta="null" EndDate="2014-09-18 16:40:51.777 JST" Interest="1.0" Kind="selection" Navigation="null" OriginId="org.eclipse.jdt.ui.CompilationUnitEditor" StartDate="2014-09-18 16:40:51.777 JST" StructureHandle="=SL3/src&amp;lt;sl3.listeners.dialog{DB_OCL.java[DB_OCL~onClick~QView;" StructureKind="java"/><InteractionEvent Delta="null" EndDate="2014-09-18 16:40:52.796 JST" Interest="1.0" Kind="edit" Navigation="null" OriginId="org.eclipse.jdt.ui.CompilationUnitEditor" StartDate="2014-09-18 16:40:52.796 JST" StructureHandle="=SL3/src&amp;lt;sl3.listeners.dialog{DB_OCL.java[DB_OCL~onClick~QView;" StructureKind="java"/><InteractionEvent Delta="null" EndDate="2014-09-18 16:43:23.735 JST" Interest="26.0" Kind="propagation" Navigation="null" OriginId="org.eclipse.jdt.ui.PackageExplorer" StartDate="2014-09-18 16:38:01.646 JST" StructureHandle="/SL3/src/sl3/listeners/dialog/DB_OCL.java" StructureKind="resource" NumEvents="26" CreationCount="2"/><InteractionEvent Delta="null" EndDate="2014-09-18 16:43:20.500 JST" Interest="30.017" Kind="propagation" Navigation="org.eclipse.mylyn.core.model.edges.containment" OriginId="org.eclipse.mylyn.core.model.interest.propagation" StartDate="2014-09-18 16:37:59.434 JST" StructureHandle="/" StructureKind="resource" NumEvents="31" CreationCount="1"/><InteractionEvent Delta="null" EndDate="2014-09-18 16:40:49.887 JST" Interest="4.0" Kind="selection" Navigation="null" OriginId="org.eclipse.jdt.ui.CompilationUnitEditor" StartDate="2014-09-18 16:40:23.244 JST" StructureHandle="=SL3/src&amp;lt;sl3.listeners.dialog{DB_OCL.java[DB_OCL~case_DLG_SAVE_TOBUY_LIST_BT_OK" StructureKind="java" NumEvents="4" CreationCount="6"/><InteractionEvent Delta="null" EndDate="2014-09-18 16:40:24.723 JST" Interest="2.0" Kind="edit" Navigation="null" OriginId="org.eclipse.jdt.ui.CompilationUnitEditor" StartDate="2014-09-18 16:40:23.924 JST" StructureHandle="=SL3/src&amp;lt;sl3.listeners.dialog{DB_OCL.java[DB_OCL~case_DLG_SAVE_TOBUY_LIST_BT_OK" StructureKind="java" NumEvents="2" CreationCount="6"/><InteractionEvent Delta="null" EndDate="2014-09-18 16:43:23.735 JST" Interest="26.017" Kind="propagation" Navigation="org.eclipse.mylyn.core.model.edges.containment" OriginId="org.eclipse.mylyn.core.model.interest.propagation" StartDate="2014-09-18 16:37:59.434 JST" StructureHandle="/SL3/src/sl3/listeners" StructureKind="resource" NumEvents="27" CreationCount="1"/><InteractionEvent Delta="null" EndDate="2014-09-18 16:40:46.117 JST" Interest="4.0" Kind="propagation" Navigation="org.eclipse.mylyn.core.model.edges.containment" OriginId="org.eclipse.mylyn.core.model.interest.propagation" StartDate="2014-09-18 16:40:42.388 JST" StructureHandle="/SL3/src/sl3/utils" StructureKind="resource" NumEvents="4" CreationCount="13"/><InteractionEvent Delta="null" EndDate="2014-09-18 16:40:53.411 JST" Interest="1.0" Kind="selection" Navigation="null" OriginId="org.eclipse.jdt.ui.CompilationUnitEditor" StartDate="2014-09-18 16:40:53.411 JST" StructureHandle="=SL3/src&amp;lt;sl3.listeners.dialog{DB_OCL.java[DB_OCL~case_dlg_scheduleInDb_ok" StructureKind="java"/><InteractionEvent Delta="null" EndDate="2014-09-18 16:41:03.938 JST" Interest="3.0" Kind="edit" Navigation="null" OriginId="org.eclipse.jdt.ui.CompilationUnitEditor" StartDate="2014-09-18 16:40:56.301 JST" StructureHandle="=SL3/src&amp;lt;sl3.listeners.dialog{DB_OCL.java[DB_OCL~case_dlg_scheduleInDb_ok" StructureKind="java" NumEvents="3" CreationCount="21"/><InteractionEvent Delta="null" EndDate="2014-09-18 16:38:03.455 JST" Interest="1.0" Kind="selection" Navigation="null" OriginId="org.eclipse.ui.views.ContentOutline" StartDate="2014-09-18 16:38:03.455 JST" StructureHandle="=SL3/src&amp;lt;sl3.listeners.dialog{DB_OCL.java%sl3.listeners.dialog" StructureKind="java"/><InteractionEvent Delta="null" EndDate="2014-09-18 16:40:46.117 JST" Interest="4.0" Kind="propagation" Navigation="null" OriginId="org.eclipse.jdt.ui.CompilationUnitEditor" StartDate="2014-09-18 16:40:42.388 JST" StructureHandle="/SL3/src/sl3/utils/Methods_dlg.java" StructureKind="resource" NumEvents="4" CreationCount="13"/><InteractionEvent Delta="null" EndDate="2014-09-18 16:43:23.735 JST" Interest="26.017" Kind="propagation" Navigation="org.eclipse.mylyn.core.model.edges.containment" OriginId="org.eclipse.mylyn.core.model.interest.propagation" StartDate="2014-09-18 16:37:59.434 JST" StructureHandle="/SL3/src/sl3" StructureKind="resource" NumEvents="27" CreationCount="1"/><InteractionEvent Delta="null" EndDate="2014-09-18 16:40:23.415 JST" Interest="3.0" Kind="selection" Navigation="null" OriginId="org.eclipse.jdt.ui.CompilationUnitEditor" StartDate="2014-09-18 16:40:13.809 JST" StructureHandle="=SL3/src&amp;lt;sl3.listeners.dialog{DB_OCL.java[DB_OCL~DB_OCL~QActivity;~QDialog;~QDialog;~QDialog;~QDialog;" StructureKind="java" NumEvents="3" CreationCount="5"/><InteractionEvent Delta="null" EndDate="2014-09-18 16:40:49.888 JST" Interest="5.4170003" Kind="propagation" Navigation="org.eclipse.mylyn.core.model.edges.containment" OriginId="org.eclipse.mylyn.core.model.interest.propagation" StartDate="2014-09-18 16:40:13.809 JST" StructureHandle="=SL3/src&amp;lt;sl3.listeners.dialog{DB_OCL.java[DB_OCL" StructureKind="java" NumEvents="8" CreationCount="5"/><InteractionEvent Delta="null" EndDate="2014-09-18 16:40:46.117 JST" Interest="1.417" Kind="propagation" Navigation="org.eclipse.mylyn.core.model.edges.containment" OriginId="org.eclipse.mylyn.core.model.interest.propagation" StartDate="2014-09-18 16:40:43.113 JST" StructureHandle="=SL3/src&amp;lt;sl3.utils{Methods_dlg.java" StructureKind="java" NumEvents="3" CreationCount="13"/><InteractionEvent Delta="null" EndDate="2014-09-18 16:40:42.388 JST" Interest="1.0" Kind="selection" Navigation="null" OriginId="org.eclipse.jdt.ui.CompilationUnitEditor" StartDate="2014-09-18 16:40:42.388 JST" StructureHandle="=SL3/src&amp;lt;sl3.utils{Methods_dlg.java" StructureKind="java"/><InteractionEvent Delta="null" EndDate="2014-09-18 16:40:51.777 JST" Interest="2.4680004" Kind="propagation" Navigation="org.eclipse.mylyn.core.model.edges.containment" OriginId="org.eclipse.mylyn.core.model.interest.propagation" StartDate="2014-09-18 16:40:23.415 JST" StructureHandle="=SL3/src&amp;lt;sl3.listeners.dialog{DB_OCL.java" StructureKind="java" NumEvents="6" CreationCount="2"/><InteractionEvent Delta="null" EndDate="2014-09-18 16:43:23.734 JST" Interest="6.0" Kind="selection" Navigation="null" OriginId="org.eclipse.jdt.ui.PackageExplorer" StartDate="2014-09-18 16:38:01.646 JST" StructureHandle="=SL3/src&amp;lt;sl3.listeners.dialog{DB_OCL.java" StructureKind="java" NumEvents="6" CreationCount="2"/></InteractionHistory>