<?xml version="1.0" encoding="UTF-8"?><InteractionHistory Id="local-243" Version="1"><InteractionEvent Delta="null" EndDate="2014-12-09 15:31:45.969 JST" Interest="1.0" Kind="selection" Navigation="null" OriginId="org.eclipse.jdt.ui.CompilationUnitEditor" StartDate="2014-12-09 15:31:45.969 JST" StructureHandle="=CutPlanner_A/src&amp;lt;cp.listeners.button{BO_CL.java[BO_CL~BO_CL~QActivity;~QBroadcastReceiver;" StructureKind="java"/><InteractionEvent Delta="null" EndDate="2014-12-09 16:01:43.96 JST" Interest="1.0" Kind="propagation" Navigation="org.eclipse.mylyn.core.model.edges.containment" OriginId="org.eclipse.mylyn.core.model.interest.propagation" StartDate="2014-12-09 16:01:43.96 JST" StructureHandle="=CutPlanner_A/src&amp;lt;cp.views" StructureKind="java"/><InteractionEvent Delta="null" EndDate="2014-12-09 16:01:39.843 JST" Interest="1.0" Kind="prediction" Navigation="null" OriginId="org.eclipse.mylyn.resources.ui.interest.updater" StartDate="2014-12-09 16:01:39.843 JST" StructureHandle="/CutPlanner_A/AndroidManifest.xml" StructureKind="resource"/><InteractionEvent Delta="null" EndDate="2014-12-09 15:42:20.70 JST" Interest="9.0" Kind="edit" Navigation="null" OriginId="org.eclipse.jdt.ui.CompilationUnitEditor" StartDate="2014-12-09 15:42:09.389 JST" StructureHandle="=CutPlanner_A/src&amp;lt;cp.utils{CONS.java[CONS[Canvas2^Rect_B_H_orig" StructureKind="java" NumEvents="9" CreationCount="295"/><InteractionEvent Delta="null" EndDate="2014-12-09 15:43:50.378 JST" Interest="5.0" Kind="selection" Navigation="null" OriginId="org.eclipse.jdt.ui.CompilationUnitEditor" StartDate="2014-12-09 15:42:09.385 JST" StructureHandle="=CutPlanner_A/src&amp;lt;cp.utils{CONS.java[CONS[Canvas2^Rect_B_H_orig" StructureKind="java" NumEvents="5" CreationCount="295"/><InteractionEvent Delta="null" EndDate="2014-12-09 16:01:43.96 JST" Interest="1.0" Kind="propagation" Navigation="org.eclipse.mylyn.core.model.edges.containment" OriginId="org.eclipse.mylyn.core.model.interest.propagation" StartDate="2014-12-09 16:01:43.96 JST" StructureHandle="/CutPlanner_A/src/cp/views" StructureKind="resource"/><InteractionEvent Delta="null" EndDate="2014-12-09 15:44:26.454 JST" Interest="9.0" Kind="selection" Navigation="null" OriginId="org.eclipse.jdt.ui.CompilationUnitEditor" StartDate="2014-12-09 15:32:00.92 JST" StructureHandle="=CutPlanner_A/src&amp;lt;cp.main{TopolActv.java" StructureKind="java" NumEvents="9" CreationCount="15"/><InteractionEvent Delta="null" EndDate="2014-12-09 15:44:38.436 JST" Interest="40.178" Kind="propagation" Navigation="org.eclipse.mylyn.core.model.edges.containment" OriginId="org.eclipse.mylyn.core.model.interest.propagation" StartDate="2014-12-09 15:32:02.350 JST" StructureHandle="=CutPlanner_A/src&amp;lt;cp.main{TopolActv.java" StructureKind="java" NumEvents="59" CreationCount="15"/><InteractionEvent Delta="null" EndDate="2014-12-09 15:44:42.899 JST" Interest="9.0" Kind="selection" Navigation="null" OriginId="org.eclipse.jdt.ui.CompilationUnitEditor" StartDate="2014-12-09 15:31:37.722 JST" StructureHandle="=CutPlanner_A/src&amp;lt;cp.listeners.button{BO_CL.java" StructureKind="java" NumEvents="9" CreationCount="3"/><InteractionEvent Delta="null" EndDate="2014-12-09 15:40:13.886 JST" Interest="68.712006" Kind="propagation" Navigation="org.eclipse.mylyn.core.model.edges.containment" OriginId="org.eclipse.mylyn.core.model.interest.propagation" StartDate="2014-12-09 15:31:42.704 JST" StructureHandle="=CutPlanner_A/src&amp;lt;cp.listeners.button{BO_CL.java" StructureKind="java" NumEvents="99" CreationCount="3"/><InteractionEvent Delta="null" EndDate="2014-12-09 16:01:43.96 JST" Interest="1.0" Kind="propagation" Navigation="null" OriginId="org.eclipse.mylyn.resources.ui.interest.updater" StartDate="2014-12-09 16:01:43.96 JST" StructureHandle="/CutPlanner_A/src/cp/views/CV2.java" StructureKind="resource"/><InteractionEvent Delta="null" EndDate="2014-12-09 16:01:39.843 JST" Interest="1.0" Kind="propagation" Navigation="org.eclipse.mylyn.core.model.edges.containment" OriginId="org.eclipse.mylyn.core.model.interest.propagation" StartDate="2014-12-09 16:01:39.843 JST" StructureHandle="/CutPlanner_A/res/layout" StructureKind="resource"/><InteractionEvent Delta="null" EndDate="2014-12-09 15:43:59.897 JST" Interest="7.0" Kind="edit" Navigation="null" OriginId="org.eclipse.jdt.ui.CompilationUnitEditor" StartDate="2014-12-09 15:43:55.302 JST" StructureHandle="=CutPlanner_A/src&amp;lt;cp.utils{CONS.java[CONS[Canvas2^LineWidth_Rect_B" StructureKind="java" NumEvents="7" CreationCount="376"/><InteractionEvent Delta="null" EndDate="2014-12-09 15:43:57.940 JST" Interest="2.0" Kind="selection" Navigation="null" OriginId="org.eclipse.jdt.ui.CompilationUnitEditor" StartDate="2014-12-09 15:43:55.289 JST" StructureHandle="=CutPlanner_A/src&amp;lt;cp.utils{CONS.java[CONS[Canvas2^LineWidth_Rect_B" StructureKind="java" NumEvents="2" CreationCount="376"/><InteractionEvent Delta="null" EndDate="2014-12-09 15:44:20.507 JST" Interest="2.0" Kind="edit" Navigation="null" OriginId="org.eclipse.jdt.ui.CompilationUnitEditor" StartDate="2014-12-09 15:44:20.501 JST" StructureHandle="=CutPlanner_A/src&amp;lt;cp.utils{CONS.java[CONS[Canvas2^LineWidth_Rect_A" StructureKind="java" NumEvents="2" CreationCount="412"/><InteractionEvent Delta="null" EndDate="2014-12-09 15:44:20.493 JST" Interest="1.0" Kind="selection" Navigation="null" OriginId="org.eclipse.jdt.ui.CompilationUnitEditor" StartDate="2014-12-09 15:44:20.493 JST" StructureHandle="=CutPlanner_A/src&amp;lt;cp.utils{CONS.java[CONS[Canvas2^LineWidth_Rect_A" StructureKind="java"/><InteractionEvent Delta="null" EndDate="2014-12-09 16:01:43.96 JST" Interest="1.0" Kind="propagation" Navigation="null" OriginId="org.eclipse.mylyn.resources.ui.interest.updater" StartDate="2014-12-09 16:01:43.96 JST" StructureHandle="/CutPlanner_A/src/cp/listeners/view/V_OTL.java" StructureKind="resource"/><InteractionEvent Delta="null" EndDate="2014-12-09 16:01:43.81 JST" Interest="1.0" Kind="prediction" Navigation="null" OriginId="org.eclipse.mylyn.resources.ui.interest.updater" StartDate="2014-12-09 16:01:43.81 JST" StructureHandle="=CutPlanner_A/src&amp;lt;cp.utils{Tags.java" StructureKind="java"/><InteractionEvent Delta="null" EndDate="2014-12-09 16:01:43.81 JST" Interest="1.0" Kind="prediction" Navigation="null" OriginId="org.eclipse.mylyn.resources.ui.interest.updater" StartDate="2014-12-09 16:01:43.81 JST" StructureHandle="=CutPlanner_A/src&amp;lt;cp.utils{Methods_dlg.java" StructureKind="java"/><InteractionEvent Delta="null" EndDate="2014-12-09 16:01:45.457 JST" Interest="1.0" Kind="prediction" Navigation="null" OriginId="org.eclipse.mylyn.resources.ui.interest.updater" StartDate="2014-12-09 16:01:45.457 JST" StructureHandle="/CutPlanner_A/bin/AndroidManifest.xml" StructureKind="resource"/><InteractionEvent Delta="null" EndDate="2014-12-09 15:40:54.699 JST" Interest="1.0" Kind="selection" Navigation="null" OriginId="org.eclipse.ui.views.ContentOutline" StartDate="2014-12-09 15:40:54.699 JST" StructureHandle="=CutPlanner_A/src&amp;lt;cp.utils{CONS.java%cp.utils" StructureKind="java"/><InteractionEvent Delta="null" EndDate="2014-12-09 15:31:35.922 JST" Interest="1.0" Kind="selection" Navigation="null" OriginId="org.eclipse.jdt.ui.PackageExplorer" StartDate="2014-12-09 15:31:35.922 JST" StructureHandle="=CutPlanner_A/src&amp;lt;cp.listeners.button" StructureKind="java"/><InteractionEvent Delta="null" EndDate="2014-12-09 15:44:42.899 JST" Interest="76.72901" Kind="propagation" Navigation="org.eclipse.mylyn.core.model.edges.containment" OriginId="org.eclipse.mylyn.core.model.interest.propagation" StartDate="2014-12-09 15:31:37.722 JST" StructureHandle="=CutPlanner_A/src&amp;lt;cp.listeners.button" StructureKind="java" NumEvents="115" CreationCount="2"/><InteractionEvent Delta="null" EndDate="2014-12-09 15:41:34.848 JST" Interest="1.0" Kind="edit" Navigation="null" OriginId="org.eclipse.jdt.ui.CompilationUnitEditor" StartDate="2014-12-09 15:41:34.848 JST" StructureHandle="=CutPlanner_A/src&amp;lt;cp.main{TopolActv.java[TopolActv~onActivityResult~I~I~QIntent;" StructureKind="java"/><InteractionEvent Delta="null" EndDate="2014-12-09 15:41:34.832 JST" Interest="1.0" Kind="selection" Navigation="null" OriginId="org.eclipse.jdt.ui.CompilationUnitEditor" StartDate="2014-12-09 15:41:34.832 JST" StructureHandle="=CutPlanner_A/src&amp;lt;cp.main{TopolActv.java[TopolActv~onActivityResult~I~I~QIntent;" StructureKind="java"/><InteractionEvent Delta="null" EndDate="2014-12-09 16:01:41.13 JST" Interest="7.0" Kind="selection" Navigation="null" OriginId="org.eclipse.jdt.ui.PackageExplorer" StartDate="2014-12-09 15:40:52.744 JST" StructureHandle="=CutPlanner_A/src&amp;lt;cp.utils{CONS.java" StructureKind="java" NumEvents="7" CreationCount="180"/><InteractionEvent Delta="null" EndDate="2014-12-09 15:44:22.580 JST" Interest="30.194998" Kind="propagation" Navigation="org.eclipse.mylyn.core.model.edges.containment" OriginId="org.eclipse.mylyn.core.model.interest.propagation" StartDate="2014-12-09 15:40:56.618 JST" StructureHandle="=CutPlanner_A/src&amp;lt;cp.utils{CONS.java" StructureKind="java" NumEvents="51" CreationCount="180"/><InteractionEvent Delta="null" EndDate="2014-12-09 16:01:43.81 JST" Interest="1.0" Kind="prediction" Navigation="null" OriginId="org.eclipse.mylyn.resources.ui.interest.updater" StartDate="2014-12-09 16:01:43.81 JST" StructureHandle="=CutPlanner_A/src&amp;lt;cp.listeners.dialog{DOI_CL.java" StructureKind="java"/><InteractionEvent Delta="null" EndDate="2014-12-09 16:01:43.81 JST" Interest="1.0" Kind="propagation" Navigation="null" OriginId="org.eclipse.mylyn.resources.ui.interest.updater" StartDate="2014-12-09 16:01:43.81 JST" StructureHandle="/CutPlanner_A/src/cp/utils/Methods_dlg.java" StructureKind="resource"/><InteractionEvent Delta="null" EndDate="2014-12-09 15:41:53.199 JST" Interest="10.0" Kind="edit" Navigation="null" OriginId="org.eclipse.jdt.ui.CompilationUnitEditor" StartDate="2014-12-09 15:41:27.739 JST" StructureHandle="=CutPlanner_A/src&amp;lt;cp.utils{CONS.java[CONS[Canvas2^Rect_A_H_orig" StructureKind="java" NumEvents="10" CreationCount="230"/><InteractionEvent Delta="null" EndDate="2014-12-09 15:41:51.282 JST" Interest="2.0" Kind="selection" Navigation="null" OriginId="org.eclipse.jdt.ui.CompilationUnitEditor" StartDate="2014-12-09 15:41:27.730 JST" StructureHandle="=CutPlanner_A/src&amp;lt;cp.utils{CONS.java[CONS[Canvas2^Rect_A_H_orig" StructureKind="java" NumEvents="2" CreationCount="230"/><InteractionEvent Delta="null" EndDate="2014-12-09 15:44:38.435 JST" Interest="2.0" Kind="edit" Navigation="null" OriginId="org.eclipse.jdt.ui.CompilationUnitEditor" StartDate="2014-12-09 15:41:38.270 JST" StructureHandle="=CutPlanner_A/src&amp;lt;cp.main{TopolActv.java[TopolActv" StructureKind="java" NumEvents="2" CreationCount="16"/><InteractionEvent Delta="null" EndDate="2014-12-09 15:44:38.432 JST" Interest="5.0" Kind="selection" Navigation="null" OriginId="org.eclipse.jdt.ui.CompilationUnitEditor" StartDate="2014-12-09 15:32:02.350 JST" StructureHandle="=CutPlanner_A/src&amp;lt;cp.main{TopolActv.java[TopolActv" StructureKind="java" NumEvents="5" CreationCount="16"/><InteractionEvent Delta="null" EndDate="2014-12-09 15:44:26.634 JST" Interest="42.761" Kind="propagation" Navigation="org.eclipse.mylyn.core.model.edges.containment" OriginId="org.eclipse.mylyn.core.model.interest.propagation" StartDate="2014-12-09 15:32:05.494 JST" StructureHandle="=CutPlanner_A/src&amp;lt;cp.main{TopolActv.java[TopolActv" StructureKind="java" NumEvents="59" CreationCount="16"/><InteractionEvent Delta="null" EndDate="2014-12-09 16:01:43.81 JST" Interest="1.0" Kind="propagation" Navigation="org.eclipse.mylyn.core.model.edges.containment" OriginId="org.eclipse.mylyn.core.model.interest.propagation" StartDate="2014-12-09 16:01:43.81 JST" StructureHandle="/CutPlanner_A/src/cp/listeners/dialog" StructureKind="resource"/><InteractionEvent Delta="null" EndDate="2014-12-09 16:01:43.96 JST" Interest="460.034" Kind="propagation" Navigation="org.eclipse.mylyn.core.model.edges.containment" OriginId="org.eclipse.mylyn.core.model.interest.propagation" StartDate="2014-12-09 15:31:32.109 JST" StructureHandle="/" StructureKind="resource" NumEvents="464" CreationCount="1"/><InteractionEvent Delta="null" EndDate="2014-12-09 16:01:40.139 JST" Interest="169.0" Kind="propagation" Navigation="null" OriginId="org.eclipse.jdt.ui.CompilationUnitEditor" StartDate="2014-12-09 15:31:37.722 JST" StructureHandle="/CutPlanner_A/src/cp/listeners/button/BO_CL.java" StructureKind="resource" NumEvents="169" CreationCount="3"/><InteractionEvent Delta="null" EndDate="2014-12-09 16:01:43.81 JST" Interest="1.0" Kind="propagation" Navigation="org.eclipse.mylyn.core.model.edges.containment" OriginId="org.eclipse.mylyn.core.model.interest.propagation" StartDate="2014-12-09 16:01:43.81 JST" StructureHandle="=CutPlanner_A/src&amp;lt;cp.listeners.view" StructureKind="java"/><InteractionEvent Delta="null" EndDate="2014-12-09 16:01:39.843 JST" Interest="1.0" Kind="propagation" Navigation="org.eclipse.mylyn.core.model.edges.containment" OriginId="org.eclipse.mylyn.core.model.interest.propagation" StartDate="2014-12-09 16:01:39.843 JST" StructureHandle="/CutPlanner_A/res" StructureKind="resource"/><InteractionEvent Delta="null" EndDate="2014-12-09 16:01:43.81 JST" Interest="181.026" Kind="propagation" Navigation="org.eclipse.mylyn.core.model.edges.containment" OriginId="org.eclipse.mylyn.core.model.interest.propagation" StartDate="2014-12-09 15:31:35.922 JST" StructureHandle="/CutPlanner_A/src/cp" StructureKind="resource" NumEvents="184" CreationCount="2"/><InteractionEvent Delta="null" EndDate="2014-12-09 15:40:57.574 JST" Interest="1.0" Kind="edit" Navigation="null" OriginId="org.eclipse.jdt.ui.CompilationUnitEditor" StartDate="2014-12-09 15:40:57.574 JST" StructureHandle="=CutPlanner_A/src&amp;lt;cp.utils{CONS.java[CONS[Canvas[ChosenObj" StructureKind="java"/><InteractionEvent Delta="null" EndDate="2014-12-09 15:40:57.572 JST" Interest="1.0" Kind="selection" Navigation="null" OriginId="org.eclipse.jdt.ui.CompilationUnitEditor" StartDate="2014-12-09 15:40:57.572 JST" StructureHandle="=CutPlanner_A/src&amp;lt;cp.utils{CONS.java[CONS[Canvas[ChosenObj" StructureKind="java"/><InteractionEvent Delta="null" EndDate="2014-12-09 15:41:56.277 JST" Interest="18.0" Kind="edit" Navigation="null" OriginId="org.eclipse.jdt.ui.CompilationUnitEditor" StartDate="2014-12-09 15:41:23.88 JST" StructureHandle="=CutPlanner_A/src&amp;lt;cp.utils{CONS.java[CONS[Canvas2^Rect_A_W_orig" StructureKind="java" NumEvents="18" CreationCount="215"/><InteractionEvent Delta="null" EndDate="2014-12-09 15:41:56.268 JST" Interest="4.0" Kind="selection" Navigation="null" OriginId="org.eclipse.jdt.ui.CompilationUnitEditor" StartDate="2014-12-09 15:41:23.80 JST" StructureHandle="=CutPlanner_A/src&amp;lt;cp.utils{CONS.java[CONS[Canvas2^Rect_A_W_orig" StructureKind="java" NumEvents="4" CreationCount="215"/><InteractionEvent Delta="null" EndDate="2014-12-09 16:01:43.81 JST" Interest="1.0" Kind="propagation" Navigation="null" OriginId="org.eclipse.mylyn.resources.ui.interest.updater" StartDate="2014-12-09 16:01:43.81 JST" StructureHandle="/CutPlanner_A/src/cp/utils/Methods.java" StructureKind="resource"/><InteractionEvent Delta="null" EndDate="2014-12-09 15:44:38.436 JST" Interest="49.178" Kind="propagation" Navigation="org.eclipse.mylyn.core.model.edges.containment" OriginId="org.eclipse.mylyn.core.model.interest.propagation" StartDate="2014-12-09 15:32:00.92 JST" StructureHandle="=CutPlanner_A/src&amp;lt;cp.main" StructureKind="java" NumEvents="70" CreationCount="15"/><InteractionEvent Delta="null" EndDate="2014-12-09 16:01:43.81 JST" Interest="1.0" Kind="prediction" Navigation="null" OriginId="org.eclipse.mylyn.resources.ui.interest.updater" StartDate="2014-12-09 16:01:43.81 JST" StructureHandle="=CutPlanner_A/src&amp;lt;cp.views{CV2.java" StructureKind="java"/><InteractionEvent Delta="null" EndDate="2014-12-09 16:01:43.81 JST" Interest="1.0" Kind="prediction" Navigation="null" OriginId="org.eclipse.mylyn.resources.ui.interest.updater" StartDate="2014-12-09 16:01:43.81 JST" StructureHandle="=CutPlanner_A/src&amp;lt;cp.listeners.view{V_OCL.java" StructureKind="java"/><InteractionEvent Delta="null" EndDate="2014-12-09 15:41:08.235 JST" Interest="2.0" Kind="edit" Navigation="null" OriginId="org.eclipse.jdt.ui.CompilationUnitEditor" StartDate="2014-12-09 15:41:08.231 JST" StructureHandle="=CutPlanner_A/src&amp;lt;cp.utils{CONS.java[CONS[Canvas2^Rect_A_X1" StructureKind="java" NumEvents="2" CreationCount="197"/><InteractionEvent Delta="null" EndDate="2014-12-09 15:41:08.227 JST" Interest="1.0" Kind="selection" Navigation="null" OriginId="org.eclipse.jdt.ui.CompilationUnitEditor" StartDate="2014-12-09 15:41:08.227 JST" StructureHandle="=CutPlanner_A/src&amp;lt;cp.utils{CONS.java[CONS[Canvas2^Rect_A_X1" StructureKind="java"/><InteractionEvent Delta="null" EndDate="2014-12-09 15:39:43.926 JST" Interest="15.0" Kind="edit" Navigation="null" OriginId="org.eclipse.jdt.ui.CompilationUnitEditor" StartDate="2014-12-09 15:31:41.907 JST" StructureHandle="=CutPlanner_A/src&amp;lt;cp.listeners.button{BO_CL.java[BO_CL~onClick~QView;" StructureKind="java" NumEvents="15" CreationCount="6"/><InteractionEvent Delta="null" EndDate="2014-12-09 15:44:45.46 JST" Interest="6.0" Kind="selection" Navigation="null" OriginId="org.eclipse.jdt.ui.CompilationUnitEditor" StartDate="2014-12-09 15:31:41.156 JST" StructureHandle="=CutPlanner_A/src&amp;lt;cp.listeners.button{BO_CL.java[BO_CL~onClick~QView;" StructureKind="java" NumEvents="6" CreationCount="6"/><InteractionEvent Delta="null" EndDate="2014-12-09 16:01:43.81 JST" Interest="1.0" Kind="propagation" Navigation="org.eclipse.mylyn.core.model.edges.containment" OriginId="org.eclipse.mylyn.core.model.interest.propagation" StartDate="2014-12-09 16:01:43.81 JST" StructureHandle="=CutPlanner_A/src&amp;lt;cp.listeners.dialog" StructureKind="java"/><InteractionEvent Delta="null" EndDate="2014-12-09 15:42:00.255 JST" Interest="2.0" Kind="edit" Navigation="null" OriginId="org.eclipse.jdt.ui.CompilationUnitEditor" StartDate="2014-12-09 15:42:00.252 JST" StructureHandle="=CutPlanner_A/src&amp;lt;cp.utils{CONS.java[CONS[BT" StructureKind="java" NumEvents="2" CreationCount="277"/><InteractionEvent Delta="null" EndDate="2014-12-09 15:42:00.247 JST" Interest="1.0" Kind="selection" Navigation="null" OriginId="org.eclipse.jdt.ui.CompilationUnitEditor" StartDate="2014-12-09 15:42:00.247 JST" StructureHandle="=CutPlanner_A/src&amp;lt;cp.utils{CONS.java[CONS[BT" StructureKind="java"/><InteractionEvent Delta="null" EndDate="2014-12-09 15:43:56.346 JST" Interest="1.7340002" Kind="propagation" Navigation="org.eclipse.mylyn.core.model.edges.containment" OriginId="org.eclipse.mylyn.core.model.interest.propagation" StartDate="2014-12-09 15:43:56.326 JST" StructureHandle="=CutPlanner_A/src&amp;lt;cp.utils{CONS.java[CONS[BT" StructureKind="java" NumEvents="3" CreationCount="277"/><InteractionEvent Delta="null" EndDate="2014-12-09 15:43:56.345 JST" Interest="2.0" Kind="edit" Navigation="null" OriginId="org.eclipse.jdt.ui.CompilationUnitEditor" StartDate="2014-12-09 15:43:56.335 JST" StructureHandle="=CutPlanner_A/src&amp;lt;cp.utils{CONS.java[CONS[BT^foundDeviceList" StructureKind="java" NumEvents="2" CreationCount="379"/><InteractionEvent Delta="null" EndDate="2014-12-09 15:43:56.326 JST" Interest="1.0" Kind="selection" Navigation="null" OriginId="org.eclipse.jdt.ui.CompilationUnitEditor" StartDate="2014-12-09 15:43:56.326 JST" StructureHandle="=CutPlanner_A/src&amp;lt;cp.utils{CONS.java[CONS[BT^foundDeviceList" StructureKind="java"/><InteractionEvent Delta="null" EndDate="2014-12-09 16:01:43.81 JST" Interest="1.0" Kind="prediction" Navigation="null" OriginId="org.eclipse.mylyn.resources.ui.interest.updater" StartDate="2014-12-09 16:01:43.81 JST" StructureHandle="=CutPlanner_A/src&amp;lt;cp.main{MainActv.java" StructureKind="java"/><InteractionEvent Delta="null" EndDate="2014-12-09 15:39:17.878 JST" Interest="92.0" Kind="edit" Navigation="null" OriginId="org.eclipse.jdt.ui.CompilationUnitEditor" StartDate="2014-12-09 15:32:31.880 JST" StructureHandle="=CutPlanner_A/src&amp;lt;cp.listeners.button{BO_CL.java[BO_CL~case_ACTV_TOPOL_IB_NEXT" StructureKind="java" NumEvents="92" CreationCount="39"/><InteractionEvent Delta="null" EndDate="2014-12-09 15:39:47.117 JST" Interest="6.0" Kind="selection" Navigation="null" OriginId="org.eclipse.jdt.ui.CompilationUnitEditor" StartDate="2014-12-09 15:32:31.4 JST" StructureHandle="=CutPlanner_A/src&amp;lt;cp.listeners.button{BO_CL.java[BO_CL~case_ACTV_TOPOL_IB_NEXT" StructureKind="java" NumEvents="6" CreationCount="39"/><InteractionEvent Delta="null" EndDate="2014-12-09 15:44:41.540 JST" Interest="56.0" Kind="edit" Navigation="null" OriginId="org.eclipse.jdt.ui.CompilationUnitEditor" StartDate="2014-12-09 15:41:40.987 JST" StructureHandle="=CutPlanner_A/src&amp;lt;cp.main{TopolActv.java[TopolActv~_Setup_Draw_Initial" StructureKind="java" NumEvents="56" CreationCount="249"/><InteractionEvent Delta="null" EndDate="2014-12-09 15:44:41.537 JST" Interest="6.0" Kind="selection" Navigation="null" OriginId="org.eclipse.jdt.ui.CompilationUnitEditor" StartDate="2014-12-09 15:41:40.984 JST" StructureHandle="=CutPlanner_A/src&amp;lt;cp.main{TopolActv.java[TopolActv~_Setup_Draw_Initial" StructureKind="java" NumEvents="6" CreationCount="249"/><InteractionEvent Delta="null" EndDate="2014-12-09 15:46:21.446 JST" Interest="3.0" Kind="prediction" Navigation="null" OriginId="org.eclipse.mylyn.resources.ui.interest.updater" StartDate="2014-12-09 15:36:45.292 JST" StructureHandle="/CutPlanner_A/bin/CutPlanner_A.apk" StructureKind="resource" NumEvents="3" CreationCount="138"/><InteractionEvent Delta="null" EndDate="2014-12-09 15:42:16.869 JST" Interest="4.0" Kind="edit" Navigation="null" OriginId="org.eclipse.jdt.ui.CompilationUnitEditor" StartDate="2014-12-09 15:42:08.216 JST" StructureHandle="=CutPlanner_A/src&amp;lt;cp.utils{CONS.java[CONS[Canvas2^Rect_B_W_orig" StructureKind="java" NumEvents="4" CreationCount="292"/><InteractionEvent Delta="null" EndDate="2014-12-09 15:42:16.861 JST" Interest="2.0" Kind="selection" Navigation="null" OriginId="org.eclipse.jdt.ui.CompilationUnitEditor" StartDate="2014-12-09 15:42:08.209 JST" StructureHandle="=CutPlanner_A/src&amp;lt;cp.utils{CONS.java[CONS[Canvas2^Rect_B_W_orig" StructureKind="java" NumEvents="2" CreationCount="292"/><InteractionEvent Delta="null" EndDate="2014-12-09 16:01:43.81 JST" Interest="1.0" Kind="propagation" Navigation="null" OriginId="org.eclipse.mylyn.resources.ui.interest.updater" StartDate="2014-12-09 16:01:43.81 JST" StructureHandle="/CutPlanner_A/src/cp/listeners/view/V_OCL.java" StructureKind="resource"/><InteractionEvent Delta="null" EndDate="2014-12-09 15:40:51.299 JST" Interest="1.0" Kind="selection" Navigation="null" OriginId="org.eclipse.jdt.ui.PackageExplorer" StartDate="2014-12-09 15:40:51.299 JST" StructureHandle="=CutPlanner_A/src&amp;lt;cp.utils" StructureKind="java"/><InteractionEvent Delta="null" EndDate="2014-12-09 16:01:41.13 JST" Interest="36.211998" Kind="propagation" Navigation="org.eclipse.mylyn.core.model.edges.containment" OriginId="org.eclipse.mylyn.core.model.interest.propagation" StartDate="2014-12-09 15:40:52.744 JST" StructureHandle="=CutPlanner_A/src&amp;lt;cp.utils" StructureKind="java" NumEvents="59" CreationCount="179"/><InteractionEvent Delta="null" EndDate="2014-12-09 16:01:40.139 JST" Interest="169.01701" Kind="propagation" Navigation="org.eclipse.mylyn.core.model.edges.containment" OriginId="org.eclipse.mylyn.core.model.interest.propagation" StartDate="2014-12-09 15:31:35.922 JST" StructureHandle="/CutPlanner_A/src/cp/listeners/button" StructureKind="resource" NumEvents="170" CreationCount="2"/><InteractionEvent Delta="null" EndDate="2014-12-09 16:01:43.81 JST" Interest="1.0" Kind="prediction" Navigation="null" OriginId="org.eclipse.mylyn.resources.ui.interest.updater" StartDate="2014-12-09 16:01:43.81 JST" StructureHandle="=CutPlanner_A/src&amp;lt;cp.utils{Methods.java" StructureKind="java"/><InteractionEvent Delta="null" EndDate="2014-12-09 16:01:45.457 JST" Interest="6.406" Kind="propagation" Navigation="org.eclipse.mylyn.core.model.edges.containment" OriginId="org.eclipse.mylyn.core.model.interest.propagation" StartDate="2014-12-09 15:36:45.292 JST" StructureHandle="/CutPlanner_A/bin" StructureKind="resource" NumEvents="2" CreationCount="138"/><InteractionEvent Delta="null" EndDate="2014-12-09 15:31:32.93 JST" Interest="1.0" Kind="selection" Navigation="null" OriginId="org.eclipse.jdt.ui.PackageExplorer" StartDate="2014-12-09 15:31:32.93 JST" StructureHandle="=CutPlanner_A/src" StructureKind="java"/><InteractionEvent Delta="null" EndDate="2014-12-09 15:44:48.592 JST" Interest="76.74602" Kind="propagation" Navigation="org.eclipse.mylyn.core.model.edges.containment" OriginId="org.eclipse.mylyn.core.model.interest.propagation" StartDate="2014-12-09 15:31:35.922 JST" StructureHandle="=CutPlanner_A/src" StructureKind="java" NumEvents="117" CreationCount="1"/><InteractionEvent Delta="null" EndDate="2014-12-09 16:01:43.96 JST" Interest="460.034" Kind="propagation" Navigation="null" OriginId="org.eclipse.mylyn.resources.ui.interest.updater" StartDate="2014-12-09 15:31:32.93 JST" StructureHandle="/CutPlanner_A/src" StructureKind="resource" NumEvents="463" CreationCount="1"/><InteractionEvent Delta="null" EndDate="2014-12-09 16:01:43.81 JST" Interest="1.0" Kind="propagation" Navigation="null" OriginId="org.eclipse.mylyn.resources.ui.interest.updater" StartDate="2014-12-09 16:01:43.81 JST" StructureHandle="/CutPlanner_A/src/cp/listeners/dialog/DOI_CL.java" StructureKind="resource"/><InteractionEvent Delta="null" EndDate="2014-12-09 16:01:43.96 JST" Interest="2.0" Kind="propagation" Navigation="null" OriginId="org.eclipse.mylyn.resources.ui.interest.updater" StartDate="2014-12-09 16:01:43.81 JST" StructureHandle="/CutPlanner_A/src/cp/listeners/view" StructureKind="resource" NumEvents="2" CreationCount="456"/><InteractionEvent Delta="null" EndDate="2014-12-09 15:44:21.83 JST" Interest="36.0" Kind="edit" Navigation="null" OriginId="org.eclipse.jdt.ui.CompilationUnitEditor" StartDate="2014-12-09 15:41:07.489 JST" StructureHandle="=CutPlanner_A/src&amp;lt;cp.utils{CONS.java[CONS[Canvas2" StructureKind="java" NumEvents="36" CreationCount="191"/><InteractionEvent Delta="null" EndDate="2014-12-09 15:44:21.76 JST" Interest="8.0" Kind="selection" Navigation="null" OriginId="org.eclipse.jdt.ui.CompilationUnitEditor" StartDate="2014-12-09 15:41:06.919 JST" StructureHandle="=CutPlanner_A/src&amp;lt;cp.utils{CONS.java[CONS[Canvas2" StructureKind="java" NumEvents="8" CreationCount="191"/><InteractionEvent Delta="null" EndDate="2014-12-09 15:41:49.847 JST" Interest="1.8079996" Kind="propagation" Navigation="org.eclipse.mylyn.core.model.edges.containment" OriginId="org.eclipse.mylyn.core.model.interest.propagation" StartDate="2014-12-09 15:41:49.839 JST" StructureHandle="=CutPlanner_A/src&amp;lt;cp.utils{CONS.java[CONS[Canvas2" StructureKind="java" NumEvents="3" CreationCount="191"/><InteractionEvent Delta="null" EndDate="2014-12-09 16:01:39.843 JST" Interest="1.0" Kind="prediction" Navigation="null" OriginId="org.eclipse.mylyn.resources.ui.interest.updater" StartDate="2014-12-09 16:01:39.843 JST" StructureHandle="/CutPlanner_A/res/values/strings.xml" StructureKind="resource"/><InteractionEvent Delta="null" EndDate="2014-12-09 16:01:40.139 JST" Interest="25.0" Kind="edit" Navigation="null" OriginId="org.eclipse.jdt.ui.CompilationUnitEditor" StartDate="2014-12-09 15:39:55.553 JST" StructureHandle="=CutPlanner_A/src&amp;lt;cp.listeners.button{BO_CL.java[BO_CL~case_ACTV_TOPOL_IB_PREV" StructureKind="java" NumEvents="25" CreationCount="160"/><InteractionEvent Delta="null" EndDate="2014-12-09 15:46:18.833 JST" Interest="8.0" Kind="selection" Navigation="null" OriginId="org.eclipse.jdt.ui.CompilationUnitEditor" StartDate="2014-12-09 15:39:54.229 JST" StructureHandle="=CutPlanner_A/src&amp;lt;cp.listeners.button{BO_CL.java[BO_CL~case_ACTV_TOPOL_IB_PREV" StructureKind="java" NumEvents="8" CreationCount="160"/><InteractionEvent Delta="null" EndDate="2014-12-09 15:40:59.223 JST" Interest="4.0" Kind="edit" Navigation="null" OriginId="org.eclipse.jdt.ui.CompilationUnitEditor" StartDate="2014-12-09 15:40:56.134 JST" StructureHandle="=CutPlanner_A/src&amp;lt;cp.utils{CONS.java[CONS[Canvas" StructureKind="java" NumEvents="4" CreationCount="183"/><InteractionEvent Delta="null" EndDate="2014-12-09 15:41:06.988 JST" Interest="3.0" Kind="selection" Navigation="null" OriginId="org.eclipse.jdt.ui.CompilationUnitEditor" StartDate="2014-12-09 15:40:56.39 JST" StructureHandle="=CutPlanner_A/src&amp;lt;cp.utils{CONS.java[CONS[Canvas" StructureKind="java" NumEvents="3" CreationCount="183"/><InteractionEvent Delta="null" EndDate="2014-12-09 15:41:11.697 JST" Interest="2.0" Kind="edit" Navigation="null" OriginId="org.eclipse.jdt.ui.CompilationUnitEditor" StartDate="2014-12-09 15:41:11.693 JST" StructureHandle="=CutPlanner_A/src&amp;lt;cp.utils{CONS.java[CONS[Canvas2^p_Rect_A" StructureKind="java" NumEvents="2" CreationCount="200"/><InteractionEvent Delta="null" EndDate="2014-12-09 15:41:11.689 JST" Interest="1.0" Kind="selection" Navigation="null" OriginId="org.eclipse.jdt.ui.CompilationUnitEditor" StartDate="2014-12-09 15:41:11.689 JST" StructureHandle="=CutPlanner_A/src&amp;lt;cp.utils{CONS.java[CONS[Canvas2^p_Rect_A" StructureKind="java"/><InteractionEvent Delta="null" EndDate="2014-12-09 15:44:21.83 JST" Interest="35.143997" Kind="propagation" Navigation="org.eclipse.mylyn.core.model.edges.containment" OriginId="org.eclipse.mylyn.core.model.interest.propagation" StartDate="2014-12-09 15:40:56.39 JST" StructureHandle="=CutPlanner_A/src&amp;lt;cp.utils{CONS.java[CONS" StructureKind="java" NumEvents="50" CreationCount="183"/><InteractionEvent Delta="null" EndDate="2014-12-09 15:44:41.541 JST" Interest="108.0" Kind="propagation" Navigation="null" OriginId="org.eclipse.jdt.ui.CompilationUnitEditor" StartDate="2014-12-09 15:32:00.92 JST" StructureHandle="/CutPlanner_A/src/cp/main/TopolActv.java" StructureKind="resource" NumEvents="108" CreationCount="15"/><InteractionEvent Delta="null" EndDate="2014-12-09 15:41:38.878 JST" Interest="20.0" Kind="edit" Navigation="null" OriginId="org.eclipse.jdt.ui.CompilationUnitEditor" StartDate="2014-12-09 15:32:05.491 JST" StructureHandle="=CutPlanner_A/src&amp;lt;cp.main{TopolActv.java[TopolActv~_Setup__SetListener" StructureKind="java" NumEvents="20" CreationCount="18"/><InteractionEvent Delta="null" EndDate="2014-12-09 15:41:38.875 JST" Interest="8.0" Kind="selection" Navigation="null" OriginId="org.eclipse.jdt.ui.CompilationUnitEditor" StartDate="2014-12-09 15:32:04.898 JST" StructureHandle="=CutPlanner_A/src&amp;lt;cp.main{TopolActv.java[TopolActv~_Setup__SetListener" StructureKind="java" NumEvents="8" CreationCount="18"/><InteractionEvent Delta="null" EndDate="2014-12-09 16:01:40.139 JST" Interest="169.01701" Kind="propagation" Navigation="org.eclipse.mylyn.core.model.edges.containment" OriginId="org.eclipse.mylyn.core.model.interest.propagation" StartDate="2014-12-09 15:31:35.922 JST" StructureHandle="/CutPlanner_A/src/cp/listeners" StructureKind="resource" NumEvents="170" CreationCount="2"/><InteractionEvent Delta="null" EndDate="2014-12-09 16:01:43.96 JST" Interest="109.0" Kind="propagation" Navigation="null" OriginId="org.eclipse.mylyn.resources.ui.interest.updater" StartDate="2014-12-09 15:32:00.92 JST" StructureHandle="/CutPlanner_A/src/cp/main" StructureKind="resource" NumEvents="109" CreationCount="15"/><InteractionEvent Delta="null" EndDate="2014-12-09 16:01:39.843 JST" Interest="1.0" Kind="propagation" Navigation="org.eclipse.mylyn.core.model.edges.containment" OriginId="org.eclipse.mylyn.core.model.interest.propagation" StartDate="2014-12-09 16:01:39.843 JST" StructureHandle="/CutPlanner_A/res/values" StructureKind="resource"/><InteractionEvent Delta="null" EndDate="2014-12-09 16:01:41.13 JST" Interest="175.0" Kind="propagation" Navigation="null" OriginId="org.eclipse.jdt.ui.PackageExplorer" StartDate="2014-12-09 15:40:52.744 JST" StructureHandle="/CutPlanner_A/src/cp/utils/CONS.java" StructureKind="resource" NumEvents="175" CreationCount="180"/><InteractionEvent Delta="null" EndDate="2014-12-09 16:01:43.96 JST" Interest="1.0" Kind="propagation" Navigation="null" OriginId="org.eclipse.mylyn.resources.ui.interest.updater" StartDate="2014-12-09 16:01:43.96 JST" StructureHandle="/CutPlanner_A/src/cp/main/MainActv.java" StructureKind="resource"/><InteractionEvent Delta="null" EndDate="2014-12-09 15:44:19.148 JST" Interest="2.0" Kind="edit" Navigation="null" OriginId="org.eclipse.jdt.ui.CompilationUnitEditor" StartDate="2014-12-09 15:44:19.138 JST" StructureHandle="=CutPlanner_A/src&amp;lt;cp.utils{CONS.java[CONS[Canvas2^col_Rect_A" StructureKind="java" NumEvents="2" CreationCount="409"/><InteractionEvent Delta="null" EndDate="2014-12-09 15:44:19.125 JST" Interest="1.0" Kind="selection" Navigation="null" OriginId="org.eclipse.jdt.ui.CompilationUnitEditor" StartDate="2014-12-09 15:44:19.125 JST" StructureHandle="=CutPlanner_A/src&amp;lt;cp.utils{CONS.java[CONS[Canvas2^col_Rect_A" StructureKind="java"/><InteractionEvent Delta="null" EndDate="2014-12-09 16:01:43.81 JST" Interest="1.0" Kind="prediction" Navigation="null" OriginId="org.eclipse.mylyn.resources.ui.interest.updater" StartDate="2014-12-09 16:01:43.81 JST" StructureHandle="=CutPlanner_A/src&amp;lt;cp.listeners.view{V_OTL.java" StructureKind="java"/><InteractionEvent Delta="null" EndDate="2014-12-09 15:44:25.684 JST" Interest="2.0" Kind="edit" Navigation="null" OriginId="org.eclipse.jdt.ui.CompilationUnitEditor" StartDate="2014-12-09 15:44:25.680 JST" StructureHandle="=CutPlanner_A/src&amp;lt;cp.utils{CONS.java[CONS[Canvas2^stat_Rect_A" StructureKind="java" NumEvents="2" CreationCount="424"/><InteractionEvent Delta="null" EndDate="2014-12-09 15:44:25.676 JST" Interest="1.0" Kind="selection" Navigation="null" OriginId="org.eclipse.jdt.ui.CompilationUnitEditor" StartDate="2014-12-09 15:44:25.676 JST" StructureHandle="=CutPlanner_A/src&amp;lt;cp.utils{CONS.java[CONS[Canvas2^stat_Rect_A" StructureKind="java"/><InteractionEvent Delta="null" EndDate="2014-12-09 15:44:24.445 JST" Interest="19.0" Kind="edit" Navigation="null" OriginId="org.eclipse.jdt.ui.CompilationUnitEditor" StartDate="2014-12-09 15:44:05.476 JST" StructureHandle="=CutPlanner_A/src&amp;lt;cp.utils{CONS.java[CONS[Canvas2^stat_Rect_B" StructureKind="java" NumEvents="19" CreationCount="391"/><InteractionEvent Delta="null" EndDate="2014-12-09 15:44:22.569 JST" Interest="2.0" Kind="selection" Navigation="null" OriginId="org.eclipse.jdt.ui.CompilationUnitEditor" StartDate="2014-12-09 15:44:05.472 JST" StructureHandle="=CutPlanner_A/src&amp;lt;cp.utils{CONS.java[CONS[Canvas2^stat_Rect_B" StructureKind="java" NumEvents="2" CreationCount="391"/><InteractionEvent Delta="null" EndDate="2014-12-09 15:39:51.49 JST" Interest="1.0" Kind="edit" Navigation="null" OriginId="org.eclipse.jdt.ui.CompilationUnitEditor" StartDate="2014-12-09 15:39:51.49 JST" StructureHandle="=CutPlanner_A/src&amp;lt;cp.listeners.button{BO_CL.java[BO_CL" StructureKind="java"/><InteractionEvent Delta="null" EndDate="2014-12-09 15:46:17.117 JST" Interest="6.0" Kind="selection" Navigation="null" OriginId="org.eclipse.jdt.ui.CompilationUnitEditor" StartDate="2014-12-09 15:31:39.550 JST" StructureHandle="=CutPlanner_A/src&amp;lt;cp.listeners.button{BO_CL.java[BO_CL" StructureKind="java" NumEvents="6" CreationCount="5"/><InteractionEvent Delta="null" EndDate="2014-12-09 15:39:27.684 JST" Interest="67.978004" Kind="propagation" Navigation="org.eclipse.mylyn.core.model.edges.containment" OriginId="org.eclipse.mylyn.core.model.interest.propagation" StartDate="2014-12-09 15:31:41.156 JST" StructureHandle="=CutPlanner_A/src&amp;lt;cp.listeners.button{BO_CL.java[BO_CL" StructureKind="java" NumEvents="97" CreationCount="5"/><InteractionEvent Delta="null" EndDate="2014-12-09 16:01:43.81 JST" Interest="1.0" Kind="propagation" Navigation="null" OriginId="org.eclipse.mylyn.resources.ui.interest.updater" StartDate="2014-12-09 16:01:43.81 JST" StructureHandle="/CutPlanner_A/src/cp/utils/Tags.java" StructureKind="resource"/><InteractionEvent Delta="null" EndDate="2014-12-09 16:01:39.843 JST" Interest="1.0" Kind="prediction" Navigation="null" OriginId="org.eclipse.mylyn.resources.ui.interest.updater" StartDate="2014-12-09 16:01:39.843 JST" StructureHandle="/CutPlanner_A/res/layout/actv_topol.xml" StructureKind="resource"/><InteractionEvent Delta="null" EndDate="2014-12-09 15:46:21.446 JST" Interest="3.0" Kind="prediction" Navigation="null" OriginId="org.eclipse.mylyn.resources.ui.interest.updater" StartDate="2014-12-09 15:36:45.292 JST" StructureHandle="/CutPlanner_A/bin/classes.dex" StructureKind="resource" NumEvents="3" CreationCount="138"/><InteractionEvent Delta="null" EndDate="2014-12-09 16:01:43.81 JST" Interest="178.017" Kind="propagation" Navigation="null" OriginId="org.eclipse.mylyn.resources.ui.interest.updater" StartDate="2014-12-09 15:40:51.299 JST" StructureHandle="/CutPlanner_A/src/cp/utils" StructureKind="resource" NumEvents="179" CreationCount="179"/><InteractionEvent Delta="null" EndDate="2014-12-09 16:01:41.28 JST" Interest="1.0" Kind="selection" Navigation="null" OriginId="org.eclipse.jdt.ui.PackageExplorer" StartDate="2014-12-09 16:01:41.28 JST" StructureHandle="=CutPlanner_A" StructureKind="java"/><InteractionEvent Delta="null" EndDate="2014-12-09 16:01:43.96 JST" Interest="459.034" Kind="propagation" Navigation="org.eclipse.mylyn.core.model.edges.containment" OriginId="org.eclipse.mylyn.core.model.interest.propagation" StartDate="2014-12-09 15:31:32.109 JST" StructureHandle="=CutPlanner_A" StructureKind="resource" NumEvents="463" CreationCount="1"/></InteractionHistory>