<?xml version="1.0" encoding="UTF-8"?><InteractionHistory Id="local-247" Version="1"><InteractionEvent Delta="null" EndDate="2014-12-13 23:50:17.137 JST" Interest="609.017" Kind="propagation" Navigation="org.eclipse.mylyn.core.model.edges.containment" OriginId="org.eclipse.mylyn.core.model.interest.propagation" StartDate="2014-12-13 12:49:48.101 JST" StructureHandle="" StructureKind="java" NumEvents="612" CreationCount="1"/><InteractionEvent Delta="null" EndDate="2014-12-13 23:50:17.137 JST" Interest="610.0" Kind="propagation" Navigation="org.eclipse.mylyn.core.model.edges.containment" OriginId="org.eclipse.mylyn.core.model.interest.propagation" StartDate="2014-12-13 12:49:48.261 JST" StructureHandle="/Proc/src" StructureKind="resource" NumEvents="610" CreationCount="2"/><InteractionEvent Delta="null" EndDate="2014-12-13 16:58:01.807 JST" Interest="1.0" Kind="selection" Navigation="null" OriginId="org.eclipse.jdt.ui.CompilationUnitEditor" StartDate="2014-12-13 16:58:01.807 JST" StructureHandle="=Proc/src&amp;lt;proc.main{SineWave.java[SineWave^period" StructureKind="java"/><InteractionEvent Delta="null" EndDate="2014-12-13 16:48:57.232 JST" Interest="2.0" Kind="selection" Navigation="null" OriginId="org.eclipse.jdt.ui.PackageExplorer" StartDate="2014-12-13 16:48:51.555 JST" StructureHandle="/Proc/storage/D-13" StructureKind="resource" NumEvents="2" CreationCount="22"/><InteractionEvent Delta="null" EndDate="2014-12-13 16:48:57.857 JST" Interest="1.0" Kind="propagation" Navigation="null" OriginId="org.eclipse.mylyn.resources.ui.interest.updater" StartDate="2014-12-13 16:48:57.857 JST" StructureHandle="/Proc/storage/D-13" StructureKind="resource"/><InteractionEvent Delta="null" EndDate="2014-12-13 16:51:01.882 JST" Interest="1.0" Kind="selection" Navigation="null" OriginId="org.eclipse.jdt.ui.CompilationUnitEditor" StartDate="2014-12-13 16:51:01.882 JST" StructureHandle="=Proc/src&amp;lt;proc.main{SineWave.java[SineWave^xspacing" StructureKind="java"/><InteractionEvent Delta="null" EndDate="2014-12-13 16:51:07.405 JST" Interest="3.0" Kind="edit" Navigation="null" OriginId="org.eclipse.jdt.ui.CompilationUnitEditor" StartDate="2014-12-13 16:51:03.328 JST" StructureHandle="=Proc/src&amp;lt;proc.main{SineWave.java[SineWave^xspacing" StructureKind="java" NumEvents="3" CreationCount="67"/><InteractionEvent Delta="null" EndDate="2014-12-13 16:47:11.142 JST" Interest="4.0" Kind="selection" Navigation="null" OriginId="org.eclipse.jdt.ui.CompilationUnitEditor" StartDate="2014-12-13 12:49:52.23 JST" StructureHandle="=Proc/src&amp;lt;proc.main{SineWave.java[SineWave^serialVersionUID" StructureKind="java" NumEvents="4" CreationCount="5"/><InteractionEvent Delta="null" EndDate="2014-12-13 16:47:18.875 JST" Interest="2.0" Kind="edit" Navigation="null" OriginId="org.eclipse.jdt.ui.CompilationUnitEditor" StartDate="2014-12-13 16:46:52.141 JST" StructureHandle="=Proc/src&amp;lt;proc.main{SineWave.java[SineWave^serialVersionUID" StructureKind="java" NumEvents="2" CreationCount="5"/><InteractionEvent Delta="null" EndDate="2014-12-13 16:48:57.856 JST" Interest="1.0" Kind="propagation" Navigation="null" OriginId="org.eclipse.mylyn.resources.ui.interest.updater" StartDate="2014-12-13 16:48:57.856 JST" StructureHandle="/Proc/storage/D-13/SineWave.java" StructureKind="resource"/><InteractionEvent Delta="null" EndDate="2014-12-13 23:05:40.14 JST" Interest="2.0" Kind="selection" Navigation="null" OriginId="org.eclipse.jdt.ui.CompilationUnitEditor" StartDate="2014-12-13 16:46:58.833 JST" StructureHandle="=Proc/src&amp;lt;proc.main{SineWave.java[SineWave^theta" StructureKind="java" NumEvents="2" CreationCount="10"/><InteractionEvent Delta="null" EndDate="2014-12-13 23:05:40.14 JST" Interest="6.5310006" Kind="manipulation" Navigation="null" OriginId="org.eclipse.mylyn.core.model.interest.decay.correction" StartDate="2014-12-13 23:05:40.14 JST" StructureHandle="=Proc/src&amp;lt;proc.main{SineWave.java[SineWave^theta" StructureKind="java"/><InteractionEvent Delta="null" EndDate="2014-12-13 23:05:41.824 JST" Interest="1.0" Kind="edit" Navigation="null" OriginId="org.eclipse.jdt.ui.CompilationUnitEditor" StartDate="2014-12-13 23:05:41.824 JST" StructureHandle="=Proc/src&amp;lt;proc.main{SineWave.java[SineWave^theta" StructureKind="java"/><InteractionEvent Delta="null" EndDate="2014-12-13 12:49:48.100 JST" Interest="1.0" Kind="selection" Navigation="null" OriginId="org.eclipse.jdt.ui.PackageExplorer" StartDate="2014-12-13 12:49:48.100 JST" StructureHandle="=Proc" StructureKind="java"/><InteractionEvent Delta="null" EndDate="2014-12-13 23:50:17.137 JST" Interest="608.017" Kind="propagation" Navigation="org.eclipse.mylyn.core.model.edges.containment" OriginId="org.eclipse.mylyn.core.model.interest.propagation" StartDate="2014-12-13 12:49:48.261 JST" StructureHandle="=Proc" StructureKind="resource" NumEvents="610" CreationCount="1"/><InteractionEvent Delta="null" EndDate="2014-12-13 16:48:57.856 JST" Interest="1.0" Kind="propagation" Navigation="null" OriginId="org.eclipse.mylyn.resources.ui.interest.updater" StartDate="2014-12-13 16:48:57.856 JST" StructureHandle="=Proc/storage\/D-13&amp;lt;{SineWave.java" StructureKind="java"/><InteractionEvent Delta="null" EndDate="2014-12-13 16:57:58.386 JST" Interest="1.0" Kind="selection" Navigation="null" OriginId="org.eclipse.jdt.ui.CompilationUnitEditor" StartDate="2014-12-13 16:57:58.386 JST" StructureHandle="=Proc/src&amp;lt;proc.main{SineWave.java[SineWave^col" StructureKind="java"/><InteractionEvent Delta="null" EndDate="2014-12-13 16:48:57.857 JST" Interest="1.0" Kind="propagation" Navigation="org.eclipse.mylyn.core.model.edges.containment" OriginId="org.eclipse.mylyn.core.model.interest.propagation" StartDate="2014-12-13 16:48:57.857 JST" StructureHandle="=Proc/storage\/D-13&amp;lt;" StructureKind="java"/><InteractionEvent Delta="null" EndDate="2014-12-13 23:50:17.137 JST" Interest="610.0" Kind="propagation" Navigation="org.eclipse.mylyn.core.model.edges.containment" OriginId="org.eclipse.mylyn.core.model.interest.propagation" StartDate="2014-12-13 12:49:48.260 JST" StructureHandle="/Proc/src/proc" StructureKind="resource" NumEvents="610" CreationCount="2"/><InteractionEvent Delta="null" EndDate="2014-12-13 23:50:17.137 JST" Interest="609.0" Kind="propagation" Navigation="null" OriginId="org.eclipse.jdt.ui.CompilationUnitEditor" StartDate="2014-12-13 12:49:48.260 JST" StructureHandle="/Proc/src/proc/main/SineWave.java" StructureKind="resource" NumEvents="609" CreationCount="2"/><InteractionEvent Delta="null" EndDate="2014-12-13 22:50:49.67 JST" Interest="7.0" Kind="selection" Navigation="null" OriginId="org.eclipse.jdt.ui.CompilationUnitEditor" StartDate="2014-12-13 12:49:48.260 JST" StructureHandle="=Proc/src&amp;lt;proc.main{SineWave.java" StructureKind="java" NumEvents="7" CreationCount="2"/><InteractionEvent Delta="null" EndDate="2014-12-13 23:50:17.137 JST" Interest="193.944" Kind="propagation" Navigation="org.eclipse.mylyn.core.model.edges.containment" OriginId="org.eclipse.mylyn.core.model.interest.propagation" StartDate="2014-12-13 16:46:56.173 JST" StructureHandle="=Proc/src&amp;lt;proc.main{SineWave.java" StructureKind="java" NumEvents="289" CreationCount="2"/><InteractionEvent Delta="null" EndDate="2014-12-13 23:50:17.137 JST" Interest="200.944" Kind="propagation" Navigation="org.eclipse.mylyn.core.model.edges.containment" OriginId="org.eclipse.mylyn.core.model.interest.propagation" StartDate="2014-12-13 12:49:48.262 JST" StructureHandle="=Proc/src" StructureKind="java" NumEvents="299" CreationCount="2"/><InteractionEvent Delta="null" EndDate="2014-12-13 23:08:43.867 JST" Interest="16.0" Kind="selection" Navigation="null" OriginId="org.eclipse.jdt.ui.CompilationUnitEditor" StartDate="2014-12-13 16:50:23.475 JST" StructureHandle="=Proc/src&amp;lt;proc.main{SineWave.java[SineWave~calcWave" StructureKind="java" NumEvents="16" CreationCount="52"/><InteractionEvent Delta="null" EndDate="2014-12-13 23:05:57.899 JST" Interest="83.0" Kind="edit" Navigation="null" OriginId="org.eclipse.jdt.ui.CompilationUnitEditor" StartDate="2014-12-13 16:50:26.143 JST" StructureHandle="=Proc/src&amp;lt;proc.main{SineWave.java[SineWave~calcWave" StructureKind="java" NumEvents="83" CreationCount="52"/><InteractionEvent Delta="null" EndDate="2014-12-13 23:07:14.170 JST" Interest="11.0" Kind="selection" Navigation="null" OriginId="org.eclipse.jdt.ui.CompilationUnitEditor" StartDate="2014-12-13 16:52:20.200 JST" StructureHandle="=Proc/src&amp;lt;proc.main{SineWave.java[SineWave~setup_View" StructureKind="java" NumEvents="11" CreationCount="78"/><InteractionEvent Delta="null" EndDate="2014-12-13 17:06:32.364 JST" Interest="51.0" Kind="edit" Navigation="null" OriginId="org.eclipse.jdt.ui.CompilationUnitEditor" StartDate="2014-12-13 16:52:24.123 JST" StructureHandle="=Proc/src&amp;lt;proc.main{SineWave.java[SineWave~setup_View" StructureKind="java" NumEvents="51" CreationCount="78"/><InteractionEvent Delta="null" EndDate="2014-12-13 23:12:12.395 JST" Interest="13.0" Kind="selection" Navigation="null" OriginId="org.eclipse.jdt.ui.CompilationUnitEditor" StartDate="2014-12-13 16:48:42.573 JST" StructureHandle="=Proc/src&amp;lt;proc.main{SineWave.java[SineWave~draw" StructureKind="java" NumEvents="13" CreationCount="19"/><InteractionEvent Delta="null" EndDate="2014-12-13 23:11:26.462 JST" Interest="31.0" Kind="edit" Navigation="null" OriginId="org.eclipse.jdt.ui.CompilationUnitEditor" StartDate="2014-12-13 16:49:07.405 JST" StructureHandle="=Proc/src&amp;lt;proc.main{SineWave.java[SineWave~draw" StructureKind="java" NumEvents="31" CreationCount="19"/><InteractionEvent Delta="null" EndDate="2014-12-13 22:48:06.597 JST" Interest="4.0" Kind="selection" Navigation="null" OriginId="org.eclipse.jdt.ui.CompilationUnitEditor" StartDate="2014-12-13 16:50:53.534 JST" StructureHandle="=Proc/src&amp;lt;proc.main{SineWave.java#processing.core.*" StructureKind="java" NumEvents="4" CreationCount="61"/><InteractionEvent Delta="null" EndDate="2014-12-13 22:48:06.598 JST" Interest="1.6750002" Kind="manipulation" Navigation="null" OriginId="org.eclipse.mylyn.core.model.interest.decay.correction" StartDate="2014-12-13 22:48:06.598 JST" StructureHandle="=Proc/src&amp;lt;proc.main{SineWave.java#processing.core.*" StructureKind="java"/><InteractionEvent Delta="null" EndDate="2014-12-13 23:50:17.137 JST" Interest="610.0" Kind="propagation" Navigation="null" OriginId="org.eclipse.jdt.ui.CompilationUnitEditor" StartDate="2014-12-13 12:49:48.260 JST" StructureHandle="/Proc/src/proc/main" StructureKind="resource" NumEvents="610" CreationCount="2"/><InteractionEvent Delta="null" EndDate="2014-12-13 23:50:17.137 JST" Interest="615.0" Kind="propagation" Navigation="org.eclipse.mylyn.core.model.edges.containment" OriginId="org.eclipse.mylyn.core.model.interest.propagation" StartDate="2014-12-13 12:49:48.101 JST" StructureHandle="/" StructureKind="resource" NumEvents="615" CreationCount="1"/><InteractionEvent Delta="null" EndDate="2014-12-13 22:48:29.346 JST" Interest="2.0" Kind="selection" Navigation="null" OriginId="org.eclipse.jdt.ui.CompilationUnitEditor" StartDate="2014-12-13 22:48:26.73 JST" StructureHandle="=Proc/src&amp;lt;proc.main{SineWave.java[SineWave^yvalues_Aggregate" StructureKind="java" NumEvents="2" CreationCount="340"/><InteractionEvent Delta="null" EndDate="2014-12-13 22:48:30.941 JST" Interest="1.0" Kind="edit" Navigation="null" OriginId="org.eclipse.jdt.ui.CompilationUnitEditor" StartDate="2014-12-13 22:48:30.941 JST" StructureHandle="=Proc/src&amp;lt;proc.main{SineWave.java[SineWave^yvalues_Aggregate" StructureKind="java"/><InteractionEvent Delta="null" EndDate="2014-12-13 16:48:55.781 JST" Interest="1.0" Kind="selection" Navigation="null" OriginId="org.eclipse.jdt.ui.PackageExplorer" StartDate="2014-12-13 16:48:55.781 JST" StructureHandle="=Proc/src&amp;lt;proc.main" StructureKind="java"/><InteractionEvent Delta="null" EndDate="2014-12-13 23:50:17.137 JST" Interest="199.944" Kind="propagation" Navigation="org.eclipse.mylyn.core.model.edges.containment" OriginId="org.eclipse.mylyn.core.model.interest.propagation" StartDate="2014-12-13 12:49:48.261 JST" StructureHandle="=Proc/src&amp;lt;proc.main" StructureKind="java" NumEvents="298" CreationCount="2"/><InteractionEvent Delta="null" EndDate="2014-12-13 17:03:12.341 JST" Interest="3.0" Kind="selection" Navigation="null" OriginId="org.eclipse.jdt.ui.CompilationUnitEditor" StartDate="2014-12-13 17:03:06.852 JST" StructureHandle="=Proc/src&amp;lt;proc.main{SineWave.java[SineWave^yvalues_Cos" StructureKind="java" NumEvents="3" CreationCount="213"/><InteractionEvent Delta="null" EndDate="2014-12-13 17:03:10.139 JST" Interest="1.0" Kind="edit" Navigation="null" OriginId="org.eclipse.jdt.ui.CompilationUnitEditor" StartDate="2014-12-13 17:03:10.139 JST" StructureHandle="=Proc/src&amp;lt;proc.main{SineWave.java[SineWave^yvalues_Cos" StructureKind="java"/><InteractionEvent Delta="null" EndDate="2014-12-13 23:50:17.137 JST" Interest="615.0" Kind="propagation" Navigation="null" OriginId="org.eclipse.jdt.ui.CompilationUnitEditor" StartDate="2014-12-13 12:49:48.101 JST" StructureHandle="/Proc" StructureKind="resource" NumEvents="615" CreationCount="1"/><InteractionEvent Delta="null" EndDate="2014-12-13 23:04:54.918 JST" Interest="15.0" Kind="selection" Navigation="null" OriginId="org.eclipse.jdt.ui.CompilationUnitEditor" StartDate="2014-12-13 16:47:21.584 JST" StructureHandle="=Proc/src&amp;lt;proc.main{SineWave.java[SineWave~setup" StructureKind="java" NumEvents="15" CreationCount="14"/><InteractionEvent Delta="null" EndDate="2014-12-13 22:50:33.8 JST" Interest="23.0" Kind="edit" Navigation="null" OriginId="org.eclipse.jdt.ui.CompilationUnitEditor" StartDate="2014-12-13 16:48:21.584 JST" StructureHandle="=Proc/src&amp;lt;proc.main{SineWave.java[SineWave~setup" StructureKind="java" NumEvents="23" CreationCount="14"/><InteractionEvent Delta="null" EndDate="2014-12-13 16:48:57.857 JST" Interest="1.0" Kind="propagation" Navigation="org.eclipse.mylyn.core.model.edges.containment" OriginId="org.eclipse.mylyn.core.model.interest.propagation" StartDate="2014-12-13 16:48:57.857 JST" StructureHandle="=Proc/storage\/D-13" StructureKind="java"/><InteractionEvent Delta="null" EndDate="2014-12-13 23:12:14.720 JST" Interest="31.0" Kind="selection" Navigation="null" OriginId="org.eclipse.jdt.ui.CompilationUnitEditor" StartDate="2014-12-13 16:46:56.581 JST" StructureHandle="=Proc/src&amp;lt;proc.main{SineWave.java[SineWave" StructureKind="java" NumEvents="31" CreationCount="4"/><InteractionEvent Delta="null" EndDate="2014-12-13 23:50:17.137 JST" Interest="155.20999" Kind="propagation" Navigation="org.eclipse.mylyn.core.model.edges.containment" OriginId="org.eclipse.mylyn.core.model.interest.propagation" StartDate="2014-12-13 12:49:50.85 JST" StructureHandle="=Proc/src&amp;lt;proc.main{SineWave.java[SineWave" StructureKind="java" NumEvents="224" CreationCount="4"/><InteractionEvent Delta="null" EndDate="2014-12-13 23:06:25.552 JST" Interest="21.0" Kind="edit" Navigation="null" OriginId="org.eclipse.jdt.ui.CompilationUnitEditor" StartDate="2014-12-13 16:49:14.908 JST" StructureHandle="=Proc/src&amp;lt;proc.main{SineWave.java[SineWave" StructureKind="java" NumEvents="21" CreationCount="4"/><InteractionEvent Delta="null" EndDate="2014-12-13 22:48:06.598 JST" Interest="5.675" Kind="propagation" Navigation="org.eclipse.mylyn.core.model.edges.containment" OriginId="org.eclipse.mylyn.core.model.interest.propagation" StartDate="2014-12-13 16:50:53.535 JST" StructureHandle="=Proc/src&amp;lt;proc.main{SineWave.java#" StructureKind="java" NumEvents="4" CreationCount="61"/><InteractionEvent Delta="null" EndDate="2014-12-13 23:06:16.846 JST" Interest="1.0" Kind="selection" Navigation="null" OriginId="org.eclipse.jdt.ui.CompilationUnitEditor" StartDate="2014-12-13 23:06:16.846 JST" StructureHandle="=Proc/src&amp;lt;proc.main{SineWave.java[SineWave^alpha" StructureKind="java"/><InteractionEvent Delta="null" EndDate="2014-12-13 23:06:20.948 JST" Interest="3.0" Kind="edit" Navigation="null" OriginId="org.eclipse.jdt.ui.CompilationUnitEditor" StartDate="2014-12-13 23:06:17.744 JST" StructureHandle="=Proc/src&amp;lt;proc.main{SineWave.java[SineWave^alpha" StructureKind="java" NumEvents="3" CreationCount="467"/><InteractionEvent Delta="null" EndDate="2014-12-13 16:48:49.608 JST" Interest="1.0" Kind="selection" Navigation="null" OriginId="org.eclipse.jdt.ui.PackageExplorer" StartDate="2014-12-13 16:48:49.608 JST" StructureHandle="/Proc/storage" StructureKind="resource"/><InteractionEvent Delta="null" EndDate="2014-12-13 16:48:57.856 JST" Interest="1.0170001" Kind="propagation" Navigation="org.eclipse.mylyn.core.model.edges.containment" OriginId="org.eclipse.mylyn.core.model.interest.propagation" StartDate="2014-12-13 16:48:51.556 JST" StructureHandle="/Proc/storage" StructureKind="resource" NumEvents="3" CreationCount="21"/><InteractionEvent Delta="null" EndDate="2014-12-13 22:48:07.655 JST" Interest="2.0" Kind="selection" Navigation="null" OriginId="org.eclipse.jdt.ui.CompilationUnitEditor" StartDate="2014-12-13 12:49:50.84 JST" StructureHandle="=Proc/src&amp;lt;proc.main{SineWave.java[SineWave^w" StructureKind="java" NumEvents="2" CreationCount="4"/><InteractionEvent Delta="null" EndDate="2014-12-13 22:48:07.655 JST" Interest="4.6610003" Kind="manipulation" Navigation="null" OriginId="org.eclipse.mylyn.core.model.interest.decay.correction" StartDate="2014-12-13 22:48:07.655 JST" StructureHandle="=Proc/src&amp;lt;proc.main{SineWave.java[SineWave^w" StructureKind="java"/><InteractionEvent Delta="null" EndDate="2014-12-13 23:12:16.837 JST" Interest="31.0" Kind="selection" Navigation="null" OriginId="org.eclipse.jdt.ui.CompilationUnitEditor" StartDate="2014-12-13 16:49:18.533 JST" StructureHandle="=Proc/src&amp;lt;proc.main{SineWave.java[SineWave~renderWave" StructureKind="java" NumEvents="31" CreationCount="34"/><InteractionEvent Delta="null" EndDate="2014-12-13 23:50:17.137 JST" Interest="242.0" Kind="edit" Navigation="null" OriginId="org.eclipse.jdt.ui.CompilationUnitEditor" StartDate="2014-12-13 16:49:20.602 JST" StructureHandle="=Proc/src&amp;lt;proc.main{SineWave.java[SineWave~renderWave" StructureKind="java" NumEvents="242" CreationCount="34"/></InteractionHistory>