<?xml version="1.0" encoding="UTF-8"?><InteractionHistory Id="local-14" Version="1"><InteractionEvent Delta="null" EndDate="2014-08-23 21:03:14.288 JST" Interest="25.904" Kind="propagation" Navigation="org.eclipse.mylyn.core.model.edges.containment" OriginId="org.eclipse.mylyn.core.model.interest.propagation" StartDate="2014-08-23 20:58:34.852 JST" StructureHandle="=TA2/src&amp;lt;ta2.listeners.dialog{DB_OCL.java" StructureKind="java" NumEvents="40" CreationCount="272"/><InteractionEvent Delta="null" EndDate="2014-08-23 21:03:06.167 JST" Interest="2.0" Kind="selection" Navigation="null" OriginId="org.eclipse.jdt.ui.PackageExplorer" StartDate="2014-08-23 20:58:33.93 JST" StructureHandle="=TA2/src&amp;lt;ta2.listeners.dialog{DB_OCL.java" StructureKind="java" NumEvents="2" CreationCount="272"/><InteractionEvent Delta="null" EndDate="2014-08-23 20:58:05.940 JST" Interest="10.4" Kind="propagation" Navigation="org.eclipse.mylyn.core.model.edges.containment" OriginId="org.eclipse.mylyn.core.model.interest.propagation" StartDate="2014-08-23 20:56:17.471 JST" StructureHandle="/TA2/res/values" StructureKind="resource" NumEvents="14" CreationCount="216"/><InteractionEvent Delta="null" EndDate="2014-08-23 20:58:26.530 JST" Interest="79.53" Kind="propagation" Navigation="null" OriginId="org.eclipse.jdt.ui.CompilationUnitEditor" StartDate="2014-08-23 20:49:48.987 JST" StructureHandle="/TA2/src/ta2/utils" StructureKind="resource" NumEvents="80" CreationCount="75"/><InteractionEvent Delta="null" EndDate="2014-08-23 20:52:13.646 JST" Interest="56.734" Kind="propagation" Navigation="org.eclipse.mylyn.core.model.edges.containment" OriginId="org.eclipse.mylyn.core.model.interest.propagation" StartDate="2014-08-23 20:48:14.215 JST" StructureHandle="=TA2/src&amp;lt;ta2.main{MemoActv.java" StructureKind="java" NumEvents="84" CreationCount="1"/><InteractionEvent Delta="null" EndDate="2014-08-23 20:51:57.150 JST" Interest="4.0" Kind="selection" Navigation="null" OriginId="org.eclipse.jdt.ui.CompilationUnitEditor" StartDate="2014-08-23 20:48:12.580 JST" StructureHandle="=TA2/src&amp;lt;ta2.main{MemoActv.java" StructureKind="java" NumEvents="4" CreationCount="1"/><InteractionEvent Delta="null" EndDate="2014-08-23 20:51:21.808 JST" Interest="19.234" Kind="propagation" Navigation="org.eclipse.mylyn.core.model.edges.containment" OriginId="org.eclipse.mylyn.core.model.interest.propagation" StartDate="2014-08-23 20:50:05.610 JST" StructureHandle="=TA2/src&amp;lt;ta2.listeners.button{BO_TL.java" StructureKind="java" NumEvents="29" CreationCount="83"/><InteractionEvent Delta="null" EndDate="2014-08-23 20:50:04.743 JST" Interest="1.0" Kind="selection" Navigation="null" OriginId="org.eclipse.jdt.ui.CompilationUnitEditor" StartDate="2014-08-23 20:50:04.743 JST" StructureHandle="=TA2/src&amp;lt;ta2.listeners.button{BO_TL.java" StructureKind="java"/><InteractionEvent Delta="null" EndDate="2014-08-23 20:52:13.646 JST" Interest="92.0" Kind="propagation" Navigation="org.eclipse.mylyn.core.model.edges.containment" OriginId="org.eclipse.mylyn.core.model.interest.propagation" StartDate="2014-08-23 20:48:12.580 JST" StructureHandle="/TA2/src/ta2" StructureKind="resource" NumEvents="92" CreationCount="1"/><InteractionEvent Delta="null" EndDate="2014-08-23 20:52:13.646 JST" Interest="92.0" Kind="propagation" Navigation="null" OriginId="org.eclipse.jdt.ui.CompilationUnitEditor" StartDate="2014-08-23 20:48:12.580 JST" StructureHandle="/TA2/src/ta2/main/MemoActv.java" StructureKind="resource" NumEvents="92" CreationCount="1"/><InteractionEvent Delta="null" EndDate="2014-08-23 20:56:19.824 JST" Interest="2.7510002" Kind="propagation" Navigation="org.eclipse.mylyn.core.model.edges.containment" OriginId="org.eclipse.mylyn.core.model.interest.propagation" StartDate="2014-08-23 20:49:49.661 JST" StructureHandle="=TA2/src&amp;lt;ta2.utils{Tags.java" StructureKind="java" NumEvents="5" CreationCount="75"/><InteractionEvent Delta="null" EndDate="2014-08-23 20:55:14.79 JST" Interest="1.0570002" Kind="manipulation" Navigation="null" OriginId="org.eclipse.mylyn.core.model.interest.decay.correction" StartDate="2014-08-23 20:55:14.79 JST" StructureHandle="=TA2/src&amp;lt;ta2.utils{Tags.java" StructureKind="java"/><InteractionEvent Delta="null" EndDate="2014-08-23 20:55:14.78 JST" Interest="2.0" Kind="selection" Navigation="null" OriginId="org.eclipse.jdt.ui.CompilationUnitEditor" StartDate="2014-08-23 20:49:48.987 JST" StructureHandle="=TA2/src&amp;lt;ta2.utils{Tags.java" StructureKind="java" NumEvents="2" CreationCount="75"/><InteractionEvent Delta="null" EndDate="2014-08-23 20:52:13.645 JST" Interest="59.0" Kind="propagation" Navigation="org.eclipse.mylyn.core.model.edges.containment" OriginId="org.eclipse.mylyn.core.model.interest.propagation" StartDate="2014-08-23 20:48:16.752 JST" StructureHandle="=TA2/src&amp;lt;ta2.main{MemoActv.java[MemoActv" StructureKind="java" NumEvents="84" CreationCount="3"/><InteractionEvent Delta="null" EndDate="2014-08-23 20:49:06.367 JST" Interest="1.0" Kind="edit" Navigation="null" OriginId="org.eclipse.jdt.ui.CompilationUnitEditor" StartDate="2014-08-23 20:49:06.367 JST" StructureHandle="=TA2/src&amp;lt;ta2.main{MemoActv.java[MemoActv" StructureKind="java"/><InteractionEvent Delta="null" EndDate="2014-08-23 20:49:06.363 JST" Interest="1.0" Kind="selection" Navigation="null" OriginId="org.eclipse.jdt.ui.CompilationUnitEditor" StartDate="2014-08-23 20:49:06.363 JST" StructureHandle="=TA2/src&amp;lt;ta2.main{MemoActv.java[MemoActv" StructureKind="java"/><InteractionEvent Delta="null" EndDate="2014-08-23 20:52:13.646 JST" Interest="60.734" Kind="propagation" Navigation="org.eclipse.mylyn.core.model.edges.containment" OriginId="org.eclipse.mylyn.core.model.interest.propagation" StartDate="2014-08-23 20:48:12.580 JST" StructureHandle="=TA2/src&amp;lt;ta2.main" StructureKind="java" NumEvents="88" CreationCount="1"/><InteractionEvent Delta="null" EndDate="2014-08-23 20:56:44.253 JST" Interest="70.0" Kind="propagation" Navigation="org.eclipse.mylyn.core.model.edges.containment" OriginId="org.eclipse.mylyn.core.model.interest.propagation" StartDate="2014-08-23 20:50:04.743 JST" StructureHandle="/TA2/src/ta2/listeners" StructureKind="resource" NumEvents="70" CreationCount="83"/><InteractionEvent Delta="null" EndDate="2014-08-23 20:56:19.824 JST" Interest="5.7910004" Kind="propagation" Navigation="org.eclipse.mylyn.core.model.edges.containment" OriginId="org.eclipse.mylyn.core.model.interest.propagation" StartDate="2014-08-23 20:49:49.661 JST" StructureHandle="=TA2/src&amp;lt;ta2.utils{Tags.java[Tags" StructureKind="java" NumEvents="5" CreationCount="76"/><InteractionEvent Delta="null" EndDate="2014-08-23 20:56:19.824 JST" Interest="7.0" Kind="propagation" Navigation="null" OriginId="org.eclipse.ui.views.ContentOutline" StartDate="2014-08-23 20:49:48.987 JST" StructureHandle="/TA2/src/ta2/utils/Tags.java" StructureKind="resource" NumEvents="7" CreationCount="75"/><InteractionEvent Delta="null" EndDate="2014-08-23 20:55:14.79 JST" Interest="0.09100008" Kind="manipulation" Navigation="null" OriginId="org.eclipse.mylyn.core.model.interest.decay.correction" StartDate="2014-08-23 20:55:14.79 JST" StructureHandle="/TA2/src/ta2/utils/Tags.java" StructureKind="resource"/><InteractionEvent Delta="null" EndDate="2014-08-23 21:00:44.359 JST" Interest="3.0" Kind="prediction" Navigation="null" OriginId="org.eclipse.mylyn.resources.ui.interest.updater" StartDate="2014-08-23 20:51:25.916 JST" StructureHandle="/TA2/bin/TA2.apk" StructureKind="resource" NumEvents="3" CreationCount="113"/><InteractionEvent Delta="null" EndDate="2014-08-23 20:54:34.321 JST" Interest="5.0" Kind="edit" Navigation="null" OriginId="org.eclipse.jdt.ui.CompilationUnitEditor" StartDate="2014-08-23 20:54:30.487 JST" StructureHandle="=TA2/src&amp;lt;ta2.utils{Methods_dlg.java[Methods_dlg~conf_Import_DB~QActivity;~QDialog;~QDialog;" StructureKind="java" NumEvents="5" CreationCount="176"/><InteractionEvent Delta="null" EndDate="2014-08-23 20:54:21.789 JST" Interest="1.0" Kind="selection" Navigation="null" OriginId="org.eclipse.jdt.ui.CompilationUnitEditor" StartDate="2014-08-23 20:54:21.789 JST" StructureHandle="=TA2/src&amp;lt;ta2.utils{Methods_dlg.java[Methods_dlg~conf_Import_DB~QActivity;~QDialog;~QDialog;" StructureKind="java"/><InteractionEvent Delta="null" EndDate="2014-08-23 21:03:14.289 JST" Interest="62.0" Kind="propagation" Navigation="null" OriginId="org.eclipse.ui.views.ContentOutline" StartDate="2014-08-23 20:58:10.779 JST" StructureHandle="/TA2/src/ta2/listeners/dialog" StructureKind="resource" NumEvents="62" CreationCount="259"/><InteractionEvent Delta="null" EndDate="2014-08-23 20:58:26.464 JST" Interest="45.746998" Kind="propagation" Navigation="org.eclipse.mylyn.core.model.edges.containment" OriginId="org.eclipse.mylyn.core.model.interest.propagation" StartDate="2014-08-23 20:49:48.987 JST" StructureHandle="=TA2/src&amp;lt;ta2.utils" StructureKind="java" NumEvents="64" CreationCount="75"/><InteractionEvent Delta="null" EndDate="2014-08-23 20:55:14.798 JST" Interest="1.0" Kind="propagation" Navigation="org.eclipse.mylyn.core.model.edges.containment" OriginId="org.eclipse.mylyn.core.model.interest.propagation" StartDate="2014-08-23 20:55:14.798 JST" StructureHandle="=TA2/src&amp;lt;ta2.utils{Tags.java[Tags[DialogTags" StructureKind="java"/><InteractionEvent Delta="null" EndDate="2014-08-23 20:55:19.938 JST" Interest="1.0" Kind="edit" Navigation="null" OriginId="org.eclipse.jdt.ui.CompilationUnitEditor" StartDate="2014-08-23 20:55:19.938 JST" StructureHandle="=TA2/src&amp;lt;ta2.utils{Tags.java[Tags[DialogTags" StructureKind="java"/><InteractionEvent Delta="null" EndDate="2014-08-23 20:56:19.824 JST" Interest="2.0" Kind="selection" Navigation="null" OriginId="org.eclipse.ui.views.ContentOutline" StartDate="2014-08-23 20:55:17.254 JST" StructureHandle="=TA2/src&amp;lt;ta2.utils{Tags.java[Tags[DialogTags" StructureKind="java" NumEvents="2" CreationCount="199"/><InteractionEvent Delta="null" EndDate="2014-08-23 20:56:42.334 JST" Interest="12.0" Kind="edit" Navigation="null" OriginId="com.android.ide.eclipse.editors.CommonXmlEditor" StartDate="2014-08-23 20:56:17.534 JST" StructureHandle="/TA2/res/values/strings.xml" StructureKind="resource" NumEvents="12" CreationCount="216"/><InteractionEvent Delta="null" EndDate="2014-08-23 20:58:05.939 JST" Interest="2.0" Kind="selection" Navigation="null" OriginId="org.eclipse.jdt.ui.PackageExplorer" StartDate="2014-08-23 20:56:17.470 JST" StructureHandle="/TA2/res/values/strings.xml" StructureKind="resource" NumEvents="2" CreationCount="216"/><InteractionEvent Delta="null" EndDate="2014-08-23 20:58:26.530 JST" Interest="43.2" Kind="propagation" Navigation="org.eclipse.mylyn.core.model.edges.containment" OriginId="org.eclipse.mylyn.core.model.interest.propagation" StartDate="2014-08-23 20:53:52.972 JST" StructureHandle="=TA2/src&amp;lt;ta2.utils{Methods_dlg.java[Methods_dlg" StructureKind="java" NumEvents="60" CreationCount="166"/><InteractionEvent Delta="null" EndDate="2014-08-23 20:54:35.430 JST" Interest="1.0" Kind="selection" Navigation="null" OriginId="org.eclipse.jdt.ui.CompilationUnitEditor" StartDate="2014-08-23 20:54:35.430 JST" StructureHandle="=TA2/src&amp;lt;ta2.utils{Methods_dlg.java[Methods_dlg" StructureKind="java"/><InteractionEvent Delta="null" EndDate="2014-08-23 20:58:26.530 JST" Interest="73.0" Kind="propagation" Navigation="null" OriginId="org.eclipse.jdt.ui.CompilationUnitEditor" StartDate="2014-08-23 20:53:52.188 JST" StructureHandle="/TA2/src/ta2/utils/Methods_dlg.java" StructureKind="resource" NumEvents="73" CreationCount="165"/><InteractionEvent Delta="null" EndDate="2014-08-23 20:51:21.808 JST" Interest="20.217" Kind="propagation" Navigation="org.eclipse.mylyn.core.model.edges.containment" OriginId="org.eclipse.mylyn.core.model.interest.propagation" StartDate="2014-08-23 20:50:05.610 JST" StructureHandle="=TA2/src&amp;lt;ta2.listeners.button{BO_TL.java[BO_TL" StructureKind="java" NumEvents="29" CreationCount="84"/><InteractionEvent Delta="null" EndDate="2014-08-23 21:03:14.289 JST" Interest="305.0" Kind="propagation" Navigation="org.eclipse.mylyn.core.model.edges.containment" OriginId="org.eclipse.mylyn.core.model.interest.propagation" StartDate="2014-08-23 20:48:12.580 JST" StructureHandle="/" StructureKind="resource" NumEvents="305" CreationCount="1"/><InteractionEvent Delta="null" EndDate="2014-08-23 20:50:05.609 JST" Interest="1.0" Kind="selection" Navigation="null" OriginId="org.eclipse.jdt.ui.CompilationUnitEditor" StartDate="2014-08-23 20:50:05.609 JST" StructureHandle="=TA2/src&amp;lt;ta2.listeners.button{BO_TL.java[BO_TL~BO_TL~QActivity;" StructureKind="java"/><InteractionEvent Delta="null" EndDate="2014-08-23 20:58:24.346 JST" Interest="5.6169996" Kind="propagation" Navigation="org.eclipse.mylyn.core.model.edges.containment" OriginId="org.eclipse.mylyn.core.model.interest.propagation" StartDate="2014-08-23 20:58:14.163 JST" StructureHandle="=TA2/src&amp;lt;ta2.listeners.dialog{DB_OTL.java" StructureKind="java" NumEvents="9" CreationCount="259"/><InteractionEvent Delta="null" EndDate="2014-08-23 20:58:31.662 JST" Interest="2.0" Kind="selection" Navigation="null" OriginId="org.eclipse.jdt.ui.PackageExplorer" StartDate="2014-08-23 20:58:10.779 JST" StructureHandle="=TA2/src&amp;lt;ta2.listeners.dialog{DB_OTL.java" StructureKind="java" NumEvents="2" CreationCount="259"/><InteractionEvent Delta="null" EndDate="2014-08-23 20:59:53.430 JST" Interest="4.2980003" Kind="propagation" Navigation="org.eclipse.mylyn.core.model.edges.containment" OriginId="org.eclipse.mylyn.core.model.interest.propagation" StartDate="2014-08-23 20:51:25.916 JST" StructureHandle="/TA2/bin" StructureKind="resource" NumEvents="2" CreationCount="113"/><InteractionEvent Delta="null" EndDate="2014-08-23 20:58:01.264 JST" Interest="39.217" Kind="propagation" Navigation="org.eclipse.mylyn.core.model.edges.containment" OriginId="org.eclipse.mylyn.core.model.interest.propagation" StartDate="2014-08-23 20:53:52.972 JST" StructureHandle="=TA2/src&amp;lt;ta2.utils{Methods_dlg.java" StructureKind="java" NumEvents="57" CreationCount="165"/><InteractionEvent Delta="null" EndDate="2014-08-23 20:58:26.464 JST" Interest="5.0" Kind="selection" Navigation="null" OriginId="org.eclipse.jdt.ui.CompilationUnitEditor" StartDate="2014-08-23 20:53:52.188 JST" StructureHandle="=TA2/src&amp;lt;ta2.utils{Methods_dlg.java" StructureKind="java" NumEvents="5" CreationCount="165"/><InteractionEvent Delta="null" EndDate="2014-08-23 20:52:13.645 JST" Interest="81.0" Kind="edit" Navigation="null" OriginId="org.eclipse.jdt.ui.CompilationUnitEditor" StartDate="2014-08-23 20:48:17.211 JST" StructureHandle="=TA2/src&amp;lt;ta2.main{MemoActv.java[MemoActv~_Setup_Listeners" StructureKind="java" NumEvents="81" CreationCount="3"/><InteractionEvent Delta="null" EndDate="2014-08-23 20:51:57.212 JST" Interest="4.0" Kind="selection" Navigation="null" OriginId="org.eclipse.jdt.ui.CompilationUnitEditor" StartDate="2014-08-23 20:48:16.751 JST" StructureHandle="=TA2/src&amp;lt;ta2.main{MemoActv.java[MemoActv~_Setup_Listeners" StructureKind="java" NumEvents="4" CreationCount="3"/><InteractionEvent Delta="null" EndDate="2014-08-23 20:58:34.851 JST" Interest="1.0" Kind="selection" Navigation="null" OriginId="org.eclipse.jdt.ui.CompilationUnitEditor" StartDate="2014-08-23 20:58:34.851 JST" StructureHandle="=TA2/src&amp;lt;ta2.listeners.dialog{DB_OCL.java[DB_OCL~DB_OCL~QActivity;~QDialog;" StructureKind="java"/><InteractionEvent Delta="null" EndDate="2014-08-23 20:53:43.531 JST" Interest="18.304" Kind="propagation" Navigation="org.eclipse.mylyn.core.model.edges.containment" OriginId="org.eclipse.mylyn.core.model.interest.propagation" StartDate="2014-08-23 20:52:20.161 JST" StructureHandle="=TA2/src&amp;lt;ta2.listeners.button{BO_CL.java" StructureKind="java" NumEvents="30" CreationCount="126"/><InteractionEvent Delta="null" EndDate="2014-08-23 20:56:44.29 JST" Interest="2.0" Kind="selection" Navigation="null" OriginId="org.eclipse.jdt.ui.CompilationUnitEditor" StartDate="2014-08-23 20:52:19.471 JST" StructureHandle="=TA2/src&amp;lt;ta2.listeners.button{BO_CL.java" StructureKind="java" NumEvents="2" CreationCount="126"/><InteractionEvent Delta="null" EndDate="2014-08-23 20:56:44.30 JST" Interest="21.035002" Kind="propagation" Navigation="org.eclipse.mylyn.core.model.edges.containment" OriginId="org.eclipse.mylyn.core.model.interest.propagation" StartDate="2014-08-23 20:50:04.743 JST" StructureHandle="=TA2/src&amp;lt;ta2.listeners.button" StructureKind="java" NumEvents="31" CreationCount="83"/><InteractionEvent Delta="null" EndDate="2014-08-23 20:52:13.646 JST" Interest="92.0" Kind="propagation" Navigation="org.eclipse.mylyn.core.model.edges.containment" OriginId="org.eclipse.mylyn.core.model.interest.propagation" StartDate="2014-08-23 20:48:12.580 JST" StructureHandle="/TA2/src/ta2/main" StructureKind="resource" NumEvents="92" CreationCount="1"/><InteractionEvent Delta="null" EndDate="2014-08-23 20:52:22.683 JST" Interest="1.0" Kind="selection" Navigation="null" OriginId="org.eclipse.jdt.ui.CompilationUnitEditor" StartDate="2014-08-23 20:52:22.683 JST" StructureHandle="=TA2/src&amp;lt;ta2.listeners.button{BO_CL.java[BO_CL~case_ACTV_MEMO_BACK" StructureKind="java"/><InteractionEvent Delta="null" EndDate="2014-08-23 20:51:21.808 JST" Interest="30.0" Kind="propagation" Navigation="null" OriginId="org.eclipse.jdt.ui.CompilationUnitEditor" StartDate="2014-08-23 20:50:04.743 JST" StructureHandle="/TA2/src/ta2/listeners/button/BO_TL.java" StructureKind="resource" NumEvents="30" CreationCount="83"/><InteractionEvent Delta="null" EndDate="2014-08-23 21:03:14.289 JST" Interest="305.0" Kind="propagation" Navigation="null" OriginId="org.eclipse.ui.views.ContentOutline" StartDate="2014-08-23 20:48:12.580 JST" StructureHandle="/TA2/src" StructureKind="resource" NumEvents="305" CreationCount="1"/><InteractionEvent Delta="null" EndDate="2014-08-23 20:56:12.860 JST" Interest="1.0" Kind="selection" Navigation="null" OriginId="org.eclipse.jdt.ui.PackageExplorer" StartDate="2014-08-23 20:56:12.860 JST" StructureHandle="/TA2/res/layout/dlg_tmpl_toast_ok.xml" StructureKind="resource"/><InteractionEvent Delta="null" EndDate="2014-08-23 21:03:14.288 JST" Interest="51.0" Kind="propagation" Navigation="null" OriginId="org.eclipse.ui.views.ContentOutline" StartDate="2014-08-23 20:58:33.93 JST" StructureHandle="/TA2/src/ta2/listeners/dialog/DB_OCL.java" StructureKind="resource" NumEvents="51" CreationCount="272"/><InteractionEvent Delta="null" EndDate="2014-08-23 20:56:12.860 JST" Interest="0.71400005" Kind="propagation" Navigation="org.eclipse.mylyn.core.model.edges.containment" OriginId="org.eclipse.mylyn.core.model.interest.propagation" StartDate="2014-08-23 20:56:12.860 JST" StructureHandle="/TA2/res/layout" StructureKind="resource"/><InteractionEvent Delta="null" EndDate="2014-08-23 20:54:07.877 JST" Interest="1.0" Kind="selection" Navigation="null" OriginId="org.eclipse.jdt.ui.PackageExplorer" StartDate="2014-08-23 20:54:07.877 JST" StructureHandle="/TA2/res/layout" StructureKind="resource"/><InteractionEvent Delta="null" EndDate="2014-08-23 21:03:14.289 JST" Interest="28.124998" Kind="propagation" Navigation="org.eclipse.mylyn.core.model.edges.containment" OriginId="org.eclipse.mylyn.core.model.interest.propagation" StartDate="2014-08-23 20:58:10.780 JST" StructureHandle="=TA2/src&amp;lt;ta2.listeners.dialog" StructureKind="java" NumEvents="40" CreationCount="259"/><InteractionEvent Delta="null" EndDate="2014-08-23 21:03:14.289 JST" Interest="305.0" Kind="propagation" Navigation="org.eclipse.mylyn.core.model.edges.containment" OriginId="org.eclipse.mylyn.core.model.interest.propagation" StartDate="2014-08-23 20:48:12.580 JST" StructureHandle="=TA2" StructureKind="resource" NumEvents="305" CreationCount="1"/><InteractionEvent Delta="null" EndDate="2014-08-23 20:53:03.952 JST" Interest="2.0" Kind="selection" Navigation="null" OriginId="org.eclipse.jdt.ui.PackageExplorer" StartDate="2014-08-23 20:52:06.417 JST" StructureHandle="/TA2/res/drawable" StructureKind="resource" NumEvents="2" CreationCount="118"/><InteractionEvent Delta="null" EndDate="2014-08-23 20:58:52.911 JST" Interest="8.0" Kind="edit" Navigation="null" OriginId="org.eclipse.jdt.ui.CompilationUnitEditor" StartDate="2014-08-23 20:58:38.572 JST" StructureHandle="=TA2/src&amp;lt;ta2.listeners.dialog{DB_OCL.java[DB_OCL~onClick~QView;" StructureKind="java" NumEvents="8" CreationCount="275"/><InteractionEvent Delta="null" EndDate="2014-08-23 20:58:37.137 JST" Interest="1.0" Kind="selection" Navigation="null" OriginId="org.eclipse.jdt.ui.CompilationUnitEditor" StartDate="2014-08-23 20:58:37.137 JST" StructureHandle="=TA2/src&amp;lt;ta2.listeners.dialog{DB_OCL.java[DB_OCL~onClick~QView;" StructureKind="java"/><InteractionEvent Delta="null" EndDate="2014-08-23 21:00:44.359 JST" Interest="3.0" Kind="prediction" Navigation="null" OriginId="org.eclipse.mylyn.resources.ui.interest.updater" StartDate="2014-08-23 20:51:25.916 JST" StructureHandle="/TA2/bin/classes.dex" StructureKind="resource" NumEvents="3" CreationCount="113"/><InteractionEvent Delta="null" EndDate="2014-08-23 20:56:44.253 JST" Interest="20.287" Kind="propagation" Navigation="org.eclipse.mylyn.core.model.edges.containment" OriginId="org.eclipse.mylyn.core.model.interest.propagation" StartDate="2014-08-23 20:52:20.161 JST" StructureHandle="=TA2/src&amp;lt;ta2.listeners.button{BO_CL.java[BO_CL" StructureKind="java" NumEvents="30" CreationCount="127"/><InteractionEvent Delta="null" EndDate="2014-08-23 20:51:21.807 JST" Interest="26.0" Kind="edit" Navigation="null" OriginId="org.eclipse.jdt.ui.CompilationUnitEditor" StartDate="2014-08-23 20:50:09.634 JST" StructureHandle="=TA2/src&amp;lt;ta2.listeners.button{BO_TL.java[BO_TL~onTouch~QView;~QMotionEvent;" StructureKind="java" NumEvents="26" CreationCount="85"/><InteractionEvent Delta="null" EndDate="2014-08-23 20:50:40.302 JST" Interest="2.0" Kind="selection" Navigation="null" OriginId="org.eclipse.jdt.ui.CompilationUnitEditor" StartDate="2014-08-23 20:50:06.781 JST" StructureHandle="=TA2/src&amp;lt;ta2.listeners.button{BO_TL.java[BO_TL~onTouch~QView;~QMotionEvent;" StructureKind="java" NumEvents="2" CreationCount="85"/><InteractionEvent Delta="null" EndDate="2014-08-23 20:58:05.940 JST" Interest="12.066" Kind="propagation" Navigation="org.eclipse.mylyn.core.model.edges.containment" OriginId="org.eclipse.mylyn.core.model.interest.propagation" StartDate="2014-08-23 20:52:06.417 JST" StructureHandle="/TA2/res" StructureKind="resource" NumEvents="17" CreationCount="118"/><InteractionEvent Delta="null" EndDate="2014-08-23 20:58:24.345 JST" Interest="6.6" Kind="propagation" Navigation="org.eclipse.mylyn.core.model.edges.containment" OriginId="org.eclipse.mylyn.core.model.interest.propagation" StartDate="2014-08-23 20:58:14.162 JST" StructureHandle="=TA2/src&amp;lt;ta2.listeners.dialog{DB_OTL.java[DB_OTL" StructureKind="java" NumEvents="9" CreationCount="260"/><InteractionEvent Delta="null" EndDate="2014-08-23 20:49:49.661 JST" Interest="1.0" Kind="selection" Navigation="null" OriginId="org.eclipse.jdt.ui.CompilationUnitEditor" StartDate="2014-08-23 20:49:49.661 JST" StructureHandle="=TA2/src&amp;lt;ta2.utils{Tags.java[Tags[ButtonTags^ACTV_MEMO_CLEAR" StructureKind="java"/><InteractionEvent Delta="null" EndDate="2014-08-23 20:55:14.798 JST" Interest="1.0" Kind="selection" Navigation="null" OriginId="org.eclipse.jdt.ui.CompilationUnitEditor" StartDate="2014-08-23 20:55:14.798 JST" StructureHandle="=TA2/src&amp;lt;ta2.utils{Tags.java[Tags[DialogTags^DLG_CONF_CLEAR_VIEW_OK" StructureKind="java"/><InteractionEvent Delta="null" EndDate="2014-08-23 20:49:49.661 JST" Interest="1.0" Kind="propagation" Navigation="org.eclipse.mylyn.core.model.edges.containment" OriginId="org.eclipse.mylyn.core.model.interest.propagation" StartDate="2014-08-23 20:49:49.661 JST" StructureHandle="=TA2/src&amp;lt;ta2.utils{Tags.java[Tags[ButtonTags" StructureKind="java"/><InteractionEvent Delta="null" EndDate="2014-08-23 20:58:24.345 JST" Interest="8.0" Kind="edit" Navigation="null" OriginId="org.eclipse.jdt.ui.CompilationUnitEditor" StartDate="2014-08-23 20:58:15.421 JST" StructureHandle="=TA2/src&amp;lt;ta2.listeners.dialog{DB_OTL.java[DB_OTL~onTouch~QView;~QMotionEvent;" StructureKind="java" NumEvents="8" CreationCount="260"/><InteractionEvent Delta="null" EndDate="2014-08-23 20:58:14.162 JST" Interest="1.0" Kind="selection" Navigation="null" OriginId="org.eclipse.jdt.ui.CompilationUnitEditor" StartDate="2014-08-23 20:58:14.162 JST" StructureHandle="=TA2/src&amp;lt;ta2.listeners.dialog{DB_OTL.java[DB_OTL~onTouch~QView;~QMotionEvent;" StructureKind="java"/><InteractionEvent Delta="null" EndDate="2014-08-23 21:03:14.288 JST" Interest="26.887" Kind="propagation" Navigation="org.eclipse.mylyn.core.model.edges.containment" OriginId="org.eclipse.mylyn.core.model.interest.propagation" StartDate="2014-08-23 20:58:34.852 JST" StructureHandle="=TA2/src&amp;lt;ta2.listeners.dialog{DB_OCL.java[DB_OCL" StructureKind="java" NumEvents="40" CreationCount="273"/><InteractionEvent Delta="null" EndDate="2014-08-23 21:00:22.211 JST" Interest="1.0" Kind="selection" Navigation="null" OriginId="org.eclipse.jdt.ui.CompilationUnitEditor" StartDate="2014-08-23 21:00:22.211 JST" StructureHandle="=TA2/src&amp;lt;ta2.listeners.dialog{DB_OCL.java[DB_OCL" StructureKind="java"/><InteractionEvent Delta="null" EndDate="2014-08-23 20:48:14.214 JST" Interest="1.0" Kind="selection" Navigation="null" OriginId="org.eclipse.ui.views.ContentOutline" StartDate="2014-08-23 20:48:14.214 JST" StructureHandle="=TA2/src&amp;lt;ta2.main{MemoActv.java%ta2.main" StructureKind="java"/><InteractionEvent Delta="null" EndDate="2014-08-23 20:58:01.264 JST" Interest="56.0" Kind="edit" Navigation="null" OriginId="org.eclipse.jdt.ui.CompilationUnitEditor" StartDate="2014-08-23 20:53:54.510 JST" StructureHandle="=TA2/src&amp;lt;ta2.utils{Methods_dlg.java[Methods_dlg~conf_Clear_View~QActivity;" StructureKind="java" NumEvents="56" CreationCount="166"/><InteractionEvent Delta="null" EndDate="2014-08-23 20:58:26.530 JST" Interest="5.0" Kind="selection" Navigation="null" OriginId="org.eclipse.jdt.ui.CompilationUnitEditor" StartDate="2014-08-23 20:53:52.971 JST" StructureHandle="=TA2/src&amp;lt;ta2.utils{Methods_dlg.java[Methods_dlg~conf_Clear_View~QActivity;" StructureKind="java" NumEvents="5" CreationCount="166"/><InteractionEvent Delta="null" EndDate="2014-08-23 20:52:37.698 JST" Interest="7.0" Kind="edit" Navigation="null" OriginId="org.eclipse.jdt.ui.CompilationUnitEditor" StartDate="2014-08-23 20:52:25.995 JST" StructureHandle="=TA2/src&amp;lt;ta2.listeners.button{BO_CL.java[BO_CL~onClick~QView;" StructureKind="java" NumEvents="7" CreationCount="128"/><InteractionEvent Delta="null" EndDate="2014-08-23 20:52:23.782 JST" Interest="2.0" Kind="selection" Navigation="null" OriginId="org.eclipse.jdt.ui.CompilationUnitEditor" StartDate="2014-08-23 20:52:21.581 JST" StructureHandle="=TA2/src&amp;lt;ta2.listeners.button{BO_CL.java[BO_CL~onClick~QView;" StructureKind="java" NumEvents="2" CreationCount="128"/><InteractionEvent Delta="null" EndDate="2014-08-23 20:56:44.253 JST" Interest="70.0" Kind="propagation" Navigation="null" OriginId="org.eclipse.jdt.ui.CompilationUnitEditor" StartDate="2014-08-23 20:50:04.743 JST" StructureHandle="/TA2/src/ta2/listeners/button" StructureKind="resource" NumEvents="70" CreationCount="83"/><InteractionEvent Delta="null" EndDate="2014-08-23 20:52:20.161 JST" Interest="1.0" Kind="selection" Navigation="null" OriginId="org.eclipse.jdt.ui.CompilationUnitEditor" StartDate="2014-08-23 20:52:20.161 JST" StructureHandle="=TA2/src&amp;lt;ta2.listeners.button{BO_CL.java[BO_CL~BO_CL~QActivity;" StructureKind="java"/><InteractionEvent Delta="null" EndDate="2014-08-23 20:56:44.253 JST" Interest="40.0" Kind="propagation" Navigation="null" OriginId="org.eclipse.jdt.ui.CompilationUnitEditor" StartDate="2014-08-23 20:52:19.471 JST" StructureHandle="/TA2/src/ta2/listeners/button/BO_CL.java" StructureKind="resource" NumEvents="40" CreationCount="126"/><InteractionEvent Delta="null" EndDate="2014-08-23 20:58:31.662 JST" Interest="11.0" Kind="propagation" Navigation="null" OriginId="org.eclipse.jdt.ui.PackageExplorer" StartDate="2014-08-23 20:58:10.779 JST" StructureHandle="/TA2/src/ta2/listeners/dialog/DB_OTL.java" StructureKind="resource" NumEvents="11" CreationCount="259"/><InteractionEvent Delta="null" EndDate="2014-08-23 20:52:13.646 JST" Interest="60.734" Kind="propagation" Navigation="org.eclipse.mylyn.core.model.edges.containment" OriginId="org.eclipse.mylyn.core.model.interest.propagation" StartDate="2014-08-23 20:48:12.580 JST" StructureHandle="=TA2/src" StructureKind="java" NumEvents="88" CreationCount="1"/><InteractionEvent Delta="null" EndDate="2014-08-23 21:03:13.2 JST" Interest="1.0" Kind="selection" Navigation="null" OriginId="org.eclipse.jdt.ui.PackageExplorer" StartDate="2014-08-23 21:03:13.2 JST" StructureHandle="=TA2/src" StructureKind="java"/><InteractionEvent Delta="null" EndDate="2014-08-23 20:58:35.851 JST" Interest="1.0" Kind="selection" Navigation="null" OriginId="org.eclipse.jdt.ui.CompilationUnitEditor" StartDate="2014-08-23 20:58:35.851 JST" StructureHandle="=TA2/src&amp;lt;ta2.listeners.dialog{DB_OCL.java[DB_OCL~DB_OCL~QActivity;~QDialog;~J~QString;" StructureKind="java"/><InteractionEvent Delta="null" EndDate="2014-08-23 20:53:43.529 JST" Interest="23.0" Kind="edit" Navigation="null" OriginId="org.eclipse.jdt.ui.CompilationUnitEditor" StartDate="2014-08-23 20:52:40.175 JST" StructureHandle="=TA2/src&amp;lt;ta2.listeners.button{BO_CL.java[BO_CL~case_ACTV_MEMO_CLEAR" StructureKind="java" NumEvents="23" CreationCount="138"/><InteractionEvent Delta="null" EndDate="2014-08-23 20:56:44.252 JST" Interest="4.0" Kind="selection" Navigation="null" OriginId="org.eclipse.jdt.ui.CompilationUnitEditor" StartDate="2014-08-23 20:52:39.21 JST" StructureHandle="=TA2/src&amp;lt;ta2.listeners.button{BO_CL.java[BO_CL~case_ACTV_MEMO_CLEAR" StructureKind="java" NumEvents="4" CreationCount="138"/><InteractionEvent Delta="null" EndDate="2014-08-23 20:59:53.430 JST" Interest="1.0" Kind="prediction" Navigation="null" OriginId="org.eclipse.mylyn.resources.ui.interest.updater" StartDate="2014-08-23 20:59:53.430 JST" StructureHandle="/TA2/bin/resources.ap_" StructureKind="resource"/><InteractionEvent Delta="null" EndDate="2014-08-23 21:03:04.239 JST" Interest="31.0" Kind="edit" Navigation="null" OriginId="org.eclipse.jdt.ui.CompilationUnitEditor" StartDate="2014-08-23 20:58:56.29 JST" StructureHandle="=TA2/src&amp;lt;ta2.listeners.dialog{DB_OCL.java[DB_OCL~case_DLG_CONF_CLEAR_VIEW_OK" StructureKind="java" NumEvents="31" CreationCount="284"/><InteractionEvent Delta="null" EndDate="2014-08-23 21:03:14.288 JST" Interest="6.0" Kind="selection" Navigation="null" OriginId="org.eclipse.ui.views.ContentOutline" StartDate="2014-08-23 20:58:54.986 JST" StructureHandle="=TA2/src&amp;lt;ta2.listeners.dialog{DB_OCL.java[DB_OCL~case_DLG_CONF_CLEAR_VIEW_OK" StructureKind="java" NumEvents="6" CreationCount="284"/></InteractionHistory>