<?xml version="1.0" encoding="UTF-8"?><InteractionHistory Id="local-193" Version="1"><InteractionEvent Delta="null" EndDate="2014-11-07 08:58:24.641 JST" Interest="7.5099998" Kind="propagation" Navigation="org.eclipse.mylyn.core.model.edges.containment" OriginId="org.eclipse.mylyn.core.model.interest.propagation" StartDate="2014-11-07 08:55:59.518 JST" StructureHandle="" StructureKind="java" NumEvents="12" CreationCount="0"/><InteractionEvent Delta="null" EndDate="2014-11-07 08:58:24.637 JST" Interest="1.0" Kind="selection" Navigation="null" OriginId="org.eclipse.jdt.ui.CompilationUnitEditor" StartDate="2014-11-07 08:58:24.637 JST" StructureHandle="=IFM10/src&amp;lt;ifm10.listeners.button{ButtonOnClickListener.java[ButtonOnClickListener" StructureKind="java"/><InteractionEvent Delta="null" EndDate="2014-11-07 08:58:23.230 JST" Interest="2.4170003" Kind="propagation" Navigation="org.eclipse.mylyn.core.model.edges.containment" OriginId="org.eclipse.mylyn.core.model.interest.propagation" StartDate="2014-11-07 08:58:14.198 JST" StructureHandle="=IFM10/src&amp;lt;ifm10.listeners.button{ButtonOnClickListener.java[ButtonOnClickListener" StructureKind="java" NumEvents="4" CreationCount="32"/><InteractionEvent Delta="null" EndDate="2014-11-07 08:58:24.638 JST" Interest="7.068" Kind="propagation" Navigation="org.eclipse.mylyn.core.model.edges.containment" OriginId="org.eclipse.mylyn.core.model.interest.propagation" StartDate="2014-11-07 08:58:05.839 JST" StructureHandle="/IFM10/src" StructureKind="resource" NumEvents="11" CreationCount="26"/><InteractionEvent Delta="null" EndDate="2014-11-07 08:57:39.529 JST" Interest="1.0" Kind="propagation" Navigation="org.eclipse.mylyn.core.model.edges.containment" OriginId="org.eclipse.mylyn.core.model.interest.propagation" StartDate="2014-11-07 08:57:39.529 JST" StructureHandle="=IFM11/src&amp;lt;ifm11.main{ImageActv.java#" StructureKind="java"/><InteractionEvent Delta="null" EndDate="2014-11-07 09:16:59.680 JST" Interest="13.0" Kind="propagation" Navigation="null" OriginId="org.eclipse.jdt.ui.CompilationUnitEditor" StartDate="2014-11-07 08:57:33.911 JST" StructureHandle="/IFM11/src/ifm11/main/ImageActv.java" StructureKind="resource" NumEvents="13" CreationCount="11"/><InteractionEvent Delta="null" EndDate="2014-11-07 08:58:14.197 JST" Interest="1.0" Kind="selection" Navigation="null" OriginId="org.eclipse.jdt.ui.CompilationUnitEditor" StartDate="2014-11-07 08:58:14.197 JST" StructureHandle="=IFM10/src&amp;lt;ifm10.listeners.button{ButtonOnClickListener.java[ButtonOnClickListener~onClick~QView;" StructureKind="java"/><InteractionEvent Delta="null" EndDate="2014-11-07 09:16:59.680 JST" Interest="4.0" Kind="selection" Navigation="null" OriginId="org.eclipse.jdt.ui.CompilationUnitEditor" StartDate="2014-11-07 08:57:41.574 JST" StructureHandle="=IFM11/src&amp;lt;ifm11.main{ImageActv.java[ImageActv~_Setup_Set_Listeners" StructureKind="java" NumEvents="4" CreationCount="16"/><InteractionEvent Delta="null" EndDate="2014-11-07 09:14:14.882 JST" Interest="1.7370002" Kind="manipulation" Navigation="null" OriginId="org.eclipse.mylyn.core.model.interest.decay.correction" StartDate="2014-11-07 09:14:14.882 JST" StructureHandle="=IFM11/src&amp;lt;ifm11.main{ImageActv.java[ImageActv~_Setup_Set_Listeners" StructureKind="java"/><InteractionEvent Delta="null" EndDate="2014-11-07 09:14:19.363 JST" Interest="2.0" Kind="edit" Navigation="null" OriginId="org.eclipse.jdt.ui.CompilationUnitEditor" StartDate="2014-11-07 08:57:45.331 JST" StructureHandle="=IFM11/src&amp;lt;ifm11.main{ImageActv.java[ImageActv~_Setup_Set_Listeners" StructureKind="java" NumEvents="2" CreationCount="16"/><InteractionEvent Delta="null" EndDate="2014-11-07 09:32:08.319 JST" Interest="1.0" Kind="propagation" Navigation="null" OriginId="org.eclipse.mylyn.resources.ui.interest.updater" StartDate="2014-11-07 09:32:08.319 JST" StructureHandle="/IFM11/src/ifm11/utils/CONS.java" StructureKind="resource"/><InteractionEvent Delta="null" EndDate="2014-11-07 09:07:19.837 JST" Interest="1.0" Kind="prediction" Navigation="null" OriginId="org.eclipse.mylyn.resources.ui.interest.updater" StartDate="2014-11-07 09:07:19.837 JST" StructureHandle="/IFM11/bin/resources.ap_" StructureKind="resource"/><InteractionEvent Delta="null" EndDate="2014-11-07 08:56:27.880 JST" Interest="1.0" Kind="selection" Navigation="null" OriginId="org.eclipse.jdt.ui.PackageExplorer" StartDate="2014-11-07 08:56:27.880 JST" StructureHandle="=IFM11/src&amp;lt;ifm11.listeners.button" StructureKind="java"/><InteractionEvent Delta="null" EndDate="2014-11-07 09:32:03.911 JST" Interest="155.748" Kind="propagation" Navigation="org.eclipse.mylyn.core.model.edges.containment" OriginId="org.eclipse.mylyn.core.model.interest.propagation" StartDate="2014-11-07 08:56:29.599 JST" StructureHandle="=IFM11/src&amp;lt;ifm11.listeners.button" StructureKind="java" NumEvents="228" CreationCount="3"/><InteractionEvent Delta="null" EndDate="2014-11-07 08:58:05.839 JST" Interest="1.0" Kind="selection" Navigation="null" OriginId="org.eclipse.ui.views.ResourceNavigator" StartDate="2014-11-07 08:58:05.839 JST" StructureHandle="=IFM10/src" StructureKind="java"/><InteractionEvent Delta="null" EndDate="2014-11-07 08:58:24.640 JST" Interest="2.519" Kind="propagation" Navigation="org.eclipse.mylyn.core.model.edges.containment" OriginId="org.eclipse.mylyn.core.model.interest.propagation" StartDate="2014-11-07 08:58:06.534 JST" StructureHandle="=IFM10/src" StructureKind="java" NumEvents="7" CreationCount="26"/><InteractionEvent Delta="null" EndDate="2014-11-07 08:58:10.81 JST" Interest="1.0" Kind="selection" Navigation="null" OriginId="org.eclipse.ui.views.ResourceNavigator" StartDate="2014-11-07 08:58:10.81 JST" StructureHandle="=IFM10/src&amp;lt;ifm10.listeners.button" StructureKind="java"/><InteractionEvent Delta="null" EndDate="2014-11-07 08:58:24.640 JST" Interest="2.4680002" Kind="propagation" Navigation="org.eclipse.mylyn.core.model.edges.containment" OriginId="org.eclipse.mylyn.core.model.interest.propagation" StartDate="2014-11-07 08:58:11.601 JST" StructureHandle="=IFM10/src&amp;lt;ifm10.listeners.button" StructureKind="java" NumEvents="5" CreationCount="29"/><InteractionEvent Delta="null" EndDate="2014-11-07 09:32:03.910 JST" Interest="312.0" Kind="propagation" Navigation="null" OriginId="org.eclipse.jdt.ui.CompilationUnitEditor" StartDate="2014-11-07 08:56:29.598 JST" StructureHandle="/IFM11/src/ifm11/listeners/button/BO_CL.java" StructureKind="resource" NumEvents="312" CreationCount="4"/><InteractionEvent Delta="null" EndDate="2014-11-07 08:58:08.871 JST" Interest="1.0" Kind="selection" Navigation="null" OriginId="org.eclipse.ui.views.ResourceNavigator" StartDate="2014-11-07 08:58:08.871 JST" StructureHandle="=IFM10/src&amp;lt;ifm10.listeners" StructureKind="java"/><InteractionEvent Delta="null" EndDate="2014-11-07 08:58:36.146 JST" Interest="1.0" Kind="selection" Navigation="null" OriginId="org.eclipse.jdt.ui.CompilationUnitEditor" StartDate="2014-11-07 08:58:36.146 JST" StructureHandle="=IFM11/src&amp;lt;ifm11.listeners.button{BO_CL.java#ifm11.items.TI" StructureKind="java"/><InteractionEvent Delta="null" EndDate="2014-11-07 09:32:05.385 JST" Interest="1.0" Kind="propagation" Navigation="org.eclipse.mylyn.core.model.edges.containment" OriginId="org.eclipse.mylyn.core.model.interest.propagation" StartDate="2014-11-07 09:32:05.385 JST" StructureHandle="/IFM11/res/menu" StructureKind="resource"/><InteractionEvent Delta="null" EndDate="2014-11-07 08:57:28.712 JST" Interest="1.0" Kind="selection" Navigation="null" OriginId="org.eclipse.jdt.ui.PackageExplorer" StartDate="2014-11-07 08:57:28.712 JST" StructureHandle="=IFM11/src&amp;lt;ifm11.main" StructureKind="java"/><InteractionEvent Delta="null" EndDate="2014-11-07 09:32:05.79 JST" Interest="11.592001" Kind="propagation" Navigation="org.eclipse.mylyn.core.model.edges.containment" OriginId="org.eclipse.mylyn.core.model.interest.propagation" StartDate="2014-11-07 08:57:33.912 JST" StructureHandle="=IFM11/src&amp;lt;ifm11.main" StructureKind="java" NumEvents="16" CreationCount="10"/><InteractionEvent Delta="null" EndDate="2014-11-07 09:32:08.318 JST" Interest="1.0" Kind="prediction" Navigation="null" OriginId="org.eclipse.mylyn.resources.ui.interest.updater" StartDate="2014-11-07 09:32:08.318 JST" StructureHandle="=IFM11/src&amp;lt;ifm11.utils{Methods_dlg.java" StructureKind="java"/><InteractionEvent Delta="null" EndDate="2014-11-07 09:32:08.323 JST" Interest="4.0" Kind="propagation" Navigation="null" OriginId="org.eclipse.mylyn.resources.ui.interest.updater" StartDate="2014-11-07 09:32:08.318 JST" StructureHandle="/IFM11/src/ifm11/utils" StructureKind="resource" NumEvents="4" CreationCount="357"/><InteractionEvent Delta="null" EndDate="2014-11-07 08:58:24.638 JST" Interest="7.0509996" Kind="propagation" Navigation="org.eclipse.mylyn.core.model.edges.containment" OriginId="org.eclipse.mylyn.core.model.interest.propagation" StartDate="2014-11-07 08:58:06.534 JST" StructureHandle="/IFM10/src/ifm10" StructureKind="resource" NumEvents="10" CreationCount="27"/><InteractionEvent Delta="null" EndDate="2014-11-07 09:07:19.838 JST" Interest="1.0" Kind="propagation" Navigation="org.eclipse.mylyn.core.model.edges.containment" OriginId="org.eclipse.mylyn.core.model.interest.propagation" StartDate="2014-11-07 09:07:19.838 JST" StructureHandle="/IFM11/bin" StructureKind="resource"/><InteractionEvent Delta="null" EndDate="2014-11-07 08:58:26.401 JST" Interest="3.0" Kind="selection" Navigation="null" OriginId="org.eclipse.jdt.ui.CompilationUnitEditor" StartDate="2014-11-07 08:57:22.747 JST" StructureHandle="=IFM11/src&amp;lt;ifm11.listeners.button{BO_CL.java[BO_CL~onClick~QView;" StructureKind="java" NumEvents="3" CreationCount="9"/><InteractionEvent Delta="null" EndDate="2014-11-07 08:57:57.753 JST" Interest="3.0" Kind="edit" Navigation="null" OriginId="org.eclipse.jdt.ui.CompilationUnitEditor" StartDate="2014-11-07 08:57:54.712 JST" StructureHandle="=IFM11/src&amp;lt;ifm11.listeners.button{BO_CL.java[BO_CL~onClick~QView;" StructureKind="java" NumEvents="3" CreationCount="9"/><InteractionEvent Delta="null" EndDate="2014-11-07 09:16:44.830 JST" Interest="5.9" Kind="propagation" Navigation="org.eclipse.mylyn.core.model.edges.containment" OriginId="org.eclipse.mylyn.core.model.interest.propagation" StartDate="2014-11-07 09:16:32.800 JST" StructureHandle="=IFM11/src&amp;lt;ifm11.main{TNActv.java[TNActv" StructureKind="java" NumEvents="8" CreationCount="286"/><InteractionEvent Delta="null" EndDate="2014-11-07 09:32:08.318 JST" Interest="1.0" Kind="prediction" Navigation="null" OriginId="org.eclipse.mylyn.resources.ui.interest.updater" StartDate="2014-11-07 09:32:08.318 JST" StructureHandle="=IFM11/src&amp;lt;ifm11.listeners.dialog{DOI_CL.java" StructureKind="java"/><InteractionEvent Delta="null" EndDate="2014-11-07 09:32:05.383 JST" Interest="1.0" Kind="prediction" Navigation="null" OriginId="org.eclipse.mylyn.resources.ui.interest.updater" StartDate="2014-11-07 09:32:05.383 JST" StructureHandle="/IFM11/res/values/strings.xml" StructureKind="resource"/><InteractionEvent Delta="null" EndDate="2014-11-07 09:32:05.78 JST" Interest="13.0" Kind="propagation" Navigation="null" OriginId="org.eclipse.jdt.ui.PackageExplorer" StartDate="2014-11-07 09:14:24.727 JST" StructureHandle="/IFM11/src/ifm11/main/TNActv.java" StructureKind="resource" NumEvents="13" CreationCount="283"/><InteractionEvent Delta="null" EndDate="2014-11-07 08:58:34.509 JST" Interest="2.0" Kind="selection" Navigation="null" OriginId="org.eclipse.jdt.ui.CompilationUnitEditor" StartDate="2014-11-07 08:58:32.513 JST" StructureHandle="=IFM11/src&amp;lt;ifm11.listeners.button{BO_CL.java#" StructureKind="java" NumEvents="2" CreationCount="43"/><InteractionEvent Delta="null" EndDate="2014-11-07 09:07:02.637 JST" Interest="1.0" Kind="selection" Navigation="null" OriginId="org.eclipse.jdt.ui.CompilationUnitEditor" StartDate="2014-11-07 09:07:02.637 JST" StructureHandle="=IFM11/src&amp;lt;ifm11.listeners.button{BO_CL.java[BO_CL~case_ACTV_TN_IB_TOP" StructureKind="java"/><InteractionEvent Delta="null" EndDate="2014-11-07 08:58:24.638 JST" Interest="7.0" Kind="propagation" Navigation="null" OriginId="org.eclipse.jdt.ui.CompilationUnitEditor" StartDate="2014-11-07 08:58:11.600 JST" StructureHandle="/IFM10/src/ifm10/listeners/button/ButtonOnClickListener.java" StructureKind="resource" NumEvents="7" CreationCount="30"/><InteractionEvent Delta="null" EndDate="2014-11-07 09:18:49.583 JST" Interest="12.0" Kind="selection" Navigation="null" OriginId="org.eclipse.jdt.ui.CompilationUnitEditor" StartDate="2014-11-07 08:59:10.321 JST" StructureHandle="=IFM11/src&amp;lt;ifm11.listeners.button{BO_CL.java[BO_CL~image_activity_prev" StructureKind="java" NumEvents="12" CreationCount="51"/><InteractionEvent Delta="null" EndDate="2014-11-07 09:18:55.313 JST" Interest="40.0" Kind="edit" Navigation="null" OriginId="org.eclipse.jdt.ui.CompilationUnitEditor" StartDate="2014-11-07 08:59:11.645 JST" StructureHandle="=IFM11/src&amp;lt;ifm11.listeners.button{BO_CL.java[BO_CL~image_activity_prev" StructureKind="java" NumEvents="40" CreationCount="51"/><InteractionEvent Delta="null" EndDate="2014-11-07 09:32:03.910 JST" Interest="312.017" Kind="propagation" Navigation="org.eclipse.mylyn.core.model.edges.containment" OriginId="org.eclipse.mylyn.core.model.interest.propagation" StartDate="2014-11-07 08:56:27.881 JST" StructureHandle="/IFM11/src/ifm11/listeners" StructureKind="resource" NumEvents="313" CreationCount="3"/><InteractionEvent Delta="null" EndDate="2014-11-07 08:58:17.334 JST" Interest="1.0" Kind="selection" Navigation="null" OriginId="org.eclipse.jdt.ui.CompilationUnitEditor" StartDate="2014-11-07 08:58:17.334 JST" StructureHandle="=IFM10/src&amp;lt;ifm10.listeners.button{ButtonOnClickListener.java[ButtonOnClickListener~image_activity_next" StructureKind="java"/><InteractionEvent Delta="null" EndDate="2014-11-07 08:58:23.230 JST" Interest="2.0" Kind="edit" Navigation="null" OriginId="org.eclipse.jdt.ui.CompilationUnitEditor" StartDate="2014-11-07 08:58:19.953 JST" StructureHandle="=IFM10/src&amp;lt;ifm10.listeners.button{ButtonOnClickListener.java[ButtonOnClickListener~image_activity_next" StructureKind="java" NumEvents="2" CreationCount="33"/><InteractionEvent Delta="null" EndDate="2014-11-07 08:57:39.528 JST" Interest="1.0" Kind="selection" Navigation="null" OriginId="org.eclipse.jdt.ui.CompilationUnitEditor" StartDate="2014-11-07 08:57:39.528 JST" StructureHandle="=IFM11/src&amp;lt;ifm11.main{ImageActv.java#ifm11.listeners.button.BO_TL" StructureKind="java"/><InteractionEvent Delta="null" EndDate="2014-11-07 08:58:01.299 JST" Interest="2.0" Kind="selection" Navigation="null" OriginId="org.eclipse.ui.views.ResourceNavigator" StartDate="2014-11-07 08:55:59.517 JST" StructureHandle="=IFM10" StructureKind="java" NumEvents="2" CreationCount="2"/><InteractionEvent Delta="null" EndDate="2014-11-07 08:58:24.639 JST" Interest="5.476" Kind="propagation" Navigation="org.eclipse.mylyn.core.model.edges.containment" OriginId="org.eclipse.mylyn.core.model.interest.propagation" StartDate="2014-11-07 08:58:11.911 JST" StructureHandle="=IFM10" StructureKind="resource" NumEvents="6" CreationCount="2"/><InteractionEvent Delta="null" EndDate="2014-11-07 09:32:05.89 JST" Interest="1.0" Kind="selection" Navigation="null" OriginId="org.eclipse.jdt.ui.PackageExplorer" StartDate="2014-11-07 09:32:05.89 JST" StructureHandle="=IFM11" StructureKind="java"/><InteractionEvent Delta="null" EndDate="2014-11-07 09:32:08.324 JST" Interest="344.034" Kind="propagation" Navigation="org.eclipse.mylyn.core.model.edges.containment" OriginId="org.eclipse.mylyn.core.model.interest.propagation" StartDate="2014-11-07 08:56:03.857 JST" StructureHandle="=IFM11" StructureKind="resource" NumEvents="347" CreationCount="2"/><InteractionEvent Delta="null" EndDate="2014-11-07 09:17:09.493 JST" Interest="14.0" Kind="selection" Navigation="null" OriginId="org.eclipse.jdt.ui.CompilationUnitEditor" StartDate="2014-11-07 08:59:01.424 JST" StructureHandle="=IFM11/src&amp;lt;ifm11.listeners.button{BO_CL.java[BO_CL~image_activity_next" StructureKind="java" NumEvents="14" CreationCount="47"/><InteractionEvent Delta="null" EndDate="2014-11-07 09:18:46.385 JST" Interest="198.0" Kind="edit" Navigation="null" OriginId="org.eclipse.jdt.ui.CompilationUnitEditor" StartDate="2014-11-07 08:59:02.666 JST" StructureHandle="=IFM11/src&amp;lt;ifm11.listeners.button{BO_CL.java[BO_CL~image_activity_next" StructureKind="java" NumEvents="198" CreationCount="47"/><InteractionEvent Delta="null" EndDate="2014-11-07 09:32:08.318 JST" Interest="1.0" Kind="propagation" Navigation="org.eclipse.mylyn.core.model.edges.containment" OriginId="org.eclipse.mylyn.core.model.interest.propagation" StartDate="2014-11-07 09:32:08.318 JST" StructureHandle="=IFM11/src&amp;lt;ifm11.utils" StructureKind="java"/><InteractionEvent Delta="null" EndDate="2014-11-07 09:32:10.321 JST" Interest="346.051" Kind="propagation" Navigation="null" OriginId="org.eclipse.jdt.ui.PackageExplorer" StartDate="2014-11-07 08:55:59.518 JST" StructureHandle="/" StructureKind="resource" NumEvents="351" CreationCount="1"/><InteractionEvent Delta="null" EndDate="2014-11-07 09:32:08.321 JST" Interest="1.0" Kind="propagation" Navigation="org.eclipse.mylyn.core.model.edges.containment" OriginId="org.eclipse.mylyn.core.model.interest.propagation" StartDate="2014-11-07 09:32:08.321 JST" StructureHandle="=IFM11/src&amp;lt;ifm11.listeners.dialog" StructureKind="java"/><InteractionEvent Delta="null" EndDate="2014-11-07 09:16:29.842 JST" Interest="1.0" Kind="selection" Navigation="null" OriginId="org.eclipse.ui.views.ContentOutline" StartDate="2014-11-07 09:16:29.842 JST" StructureHandle="=IFM11/src&amp;lt;ifm11.main{TNActv.java%ifm11.main" StructureKind="java"/><InteractionEvent Delta="null" EndDate="2014-11-07 09:32:08.318 JST" Interest="1.0" Kind="prediction" Navigation="null" OriginId="org.eclipse.mylyn.resources.ui.interest.updater" StartDate="2014-11-07 09:32:08.318 JST" StructureHandle="=IFM11/src&amp;lt;ifm11.utils{Methods.java" StructureKind="java"/><InteractionEvent Delta="null" EndDate="2014-11-07 09:32:08.320 JST" Interest="1.0" Kind="propagation" Navigation="org.eclipse.mylyn.core.model.edges.containment" OriginId="org.eclipse.mylyn.core.model.interest.propagation" StartDate="2014-11-07 09:32:08.320 JST" StructureHandle="/IFM11/src/ifm11/listeners/dialog" StructureKind="resource"/><InteractionEvent Delta="null" EndDate="2014-11-07 09:32:05.384 JST" Interest="1.0" Kind="propagation" Navigation="org.eclipse.mylyn.core.model.edges.containment" OriginId="org.eclipse.mylyn.core.model.interest.propagation" StartDate="2014-11-07 09:32:05.384 JST" StructureHandle="/IFM11/res" StructureKind="resource"/><InteractionEvent Delta="null" EndDate="2014-11-07 09:32:08.318 JST" Interest="1.0" Kind="prediction" Navigation="null" OriginId="org.eclipse.mylyn.resources.ui.interest.updater" StartDate="2014-11-07 09:32:08.318 JST" StructureHandle="=IFM11/src&amp;lt;ifm11.utils{CONS.java" StructureKind="java"/><InteractionEvent Delta="null" EndDate="2014-11-07 09:16:59.496 JST" Interest="5.0" Kind="selection" Navigation="null" OriginId="org.eclipse.jdt.ui.CompilationUnitEditor" StartDate="2014-11-07 08:57:33.911 JST" StructureHandle="=IFM11/src&amp;lt;ifm11.main{ImageActv.java" StructureKind="java" NumEvents="5" CreationCount="11"/><InteractionEvent Delta="null" EndDate="2014-11-07 09:14:14.743 JST" Interest="0.80500007" Kind="manipulation" Navigation="null" OriginId="org.eclipse.mylyn.core.model.interest.decay.correction" StartDate="2014-11-07 09:14:14.743 JST" StructureHandle="=IFM11/src&amp;lt;ifm11.main{ImageActv.java" StructureKind="java"/><InteractionEvent Delta="null" EndDate="2014-11-07 09:14:19.365 JST" Interest="0.717" Kind="propagation" Navigation="org.eclipse.mylyn.core.model.edges.containment" OriginId="org.eclipse.mylyn.core.model.interest.propagation" StartDate="2014-11-07 09:14:14.883 JST" StructureHandle="=IFM11/src&amp;lt;ifm11.main{ImageActv.java" StructureKind="java" NumEvents="2" CreationCount="11"/><InteractionEvent Delta="null" EndDate="2014-11-07 08:57:34.308 JST" Interest="1.0" Kind="edit" Navigation="null" OriginId="org.eclipse.jdt.ui.CompilationUnitEditor" StartDate="2014-11-07 08:57:34.308 JST" StructureHandle="=IFM11/src&amp;lt;ifm11.main{ImageActv.java" StructureKind="java"/><InteractionEvent Delta="null" EndDate="2014-11-07 09:17:00.399 JST" Interest="8.0" Kind="selection" Navigation="null" OriginId="org.eclipse.jdt.ui.CompilationUnitEditor" StartDate="2014-11-07 08:56:29.597 JST" StructureHandle="=IFM11/src&amp;lt;ifm11.listeners.button{BO_CL.java" StructureKind="java" NumEvents="8" CreationCount="4"/><InteractionEvent Delta="null" EndDate="2014-11-07 09:32:03.911 JST" Interest="148.731" Kind="propagation" Navigation="org.eclipse.mylyn.core.model.edges.containment" OriginId="org.eclipse.mylyn.core.model.interest.propagation" StartDate="2014-11-07 08:56:39.309 JST" StructureHandle="=IFM11/src&amp;lt;ifm11.listeners.button{BO_CL.java" StructureKind="java" NumEvents="215" CreationCount="4"/><InteractionEvent Delta="null" EndDate="2014-11-07 08:58:24.641 JST" Interest="13.0" Kind="propagation" Navigation="null" OriginId="org.eclipse.jdt.ui.CompilationUnitEditor" StartDate="2014-11-07 08:55:59.518 JST" StructureHandle="/IFM10" StructureKind="resource" NumEvents="13" CreationCount="3"/><InteractionEvent Delta="null" EndDate="2014-11-07 08:58:11.910 JST" Interest="2.0" Kind="selection" Navigation="null" OriginId="org.eclipse.jdt.ui.CompilationUnitEditor" StartDate="2014-11-07 08:58:11.600 JST" StructureHandle="=IFM10/src&amp;lt;ifm10.listeners.button{ButtonOnClickListener.java" StructureKind="java" NumEvents="2" CreationCount="30"/><InteractionEvent Delta="null" EndDate="2014-11-07 08:58:24.639 JST" Interest="1.4510002" Kind="propagation" Navigation="org.eclipse.mylyn.core.model.edges.containment" OriginId="org.eclipse.mylyn.core.model.interest.propagation" StartDate="2014-11-07 08:58:23.232 JST" StructureHandle="=IFM10/src&amp;lt;ifm10.listeners.button{ButtonOnClickListener.java" StructureKind="java" NumEvents="2" CreationCount="30"/><InteractionEvent Delta="null" EndDate="2014-11-07 09:32:05.383 JST" Interest="1.0" Kind="prediction" Navigation="null" OriginId="org.eclipse.mylyn.resources.ui.interest.updater" StartDate="2014-11-07 09:32:05.383 JST" StructureHandle="/IFM11/res/menu/image_actv_menu.xml" StructureKind="resource"/><InteractionEvent Delta="null" EndDate="2014-11-07 09:32:05.78 JST" Interest="4.0" Kind="selection" Navigation="null" OriginId="org.eclipse.jdt.ui.PackageExplorer" StartDate="2014-11-07 09:14:24.726 JST" StructureHandle="=IFM11/src&amp;lt;ifm11.main{TNActv.java" StructureKind="java" NumEvents="4" CreationCount="283"/><InteractionEvent Delta="null" EndDate="2014-11-07 09:16:44.830 JST" Interest="3.9510002" Kind="propagation" Navigation="org.eclipse.mylyn.core.model.edges.containment" OriginId="org.eclipse.mylyn.core.model.interest.propagation" StartDate="2014-11-07 09:16:33.543 JST" StructureHandle="=IFM11/src&amp;lt;ifm11.main{TNActv.java" StructureKind="java" NumEvents="6" CreationCount="283"/><InteractionEvent Delta="null" EndDate="2014-11-07 09:07:19.837 JST" Interest="1.0" Kind="prediction" Navigation="null" OriginId="org.eclipse.mylyn.resources.ui.interest.updater" StartDate="2014-11-07 09:07:19.837 JST" StructureHandle="/IFM11/bin/IFM11.apk" StructureKind="resource"/><InteractionEvent Delta="null" EndDate="2014-11-07 09:07:19.837 JST" Interest="1.0" Kind="prediction" Navigation="null" OriginId="org.eclipse.mylyn.resources.ui.interest.updater" StartDate="2014-11-07 09:07:19.837 JST" StructureHandle="/IFM11/bin/classes.dex" StructureKind="resource"/><InteractionEvent Delta="null" EndDate="2014-11-07 09:32:08.323 JST" Interest="1.0" Kind="propagation" Navigation="null" OriginId="org.eclipse.mylyn.resources.ui.interest.updater" StartDate="2014-11-07 09:32:08.323 JST" StructureHandle="/IFM11/src/ifm11/utils/Methods_dlg.java" StructureKind="resource"/><InteractionEvent Delta="null" EndDate="2014-11-07 09:16:59.680 JST" Interest="7.137" Kind="propagation" Navigation="org.eclipse.mylyn.core.model.edges.containment" OriginId="org.eclipse.mylyn.core.model.interest.propagation" StartDate="2014-11-07 08:57:41.574 JST" StructureHandle="=IFM11/src&amp;lt;ifm11.main{ImageActv.java[ImageActv" StructureKind="java" NumEvents="6" CreationCount="16"/><InteractionEvent Delta="null" EndDate="2014-11-07 08:58:24.638 JST" Interest="7.034" Kind="propagation" Navigation="org.eclipse.mylyn.core.model.edges.containment" OriginId="org.eclipse.mylyn.core.model.interest.propagation" StartDate="2014-11-07 08:58:08.872 JST" StructureHandle="/IFM10/src/ifm10/listeners" StructureKind="resource" NumEvents="9" CreationCount="28"/><InteractionEvent Delta="null" EndDate="2014-11-07 09:32:03.910 JST" Interest="312.017" Kind="propagation" Navigation="org.eclipse.mylyn.core.model.edges.containment" OriginId="org.eclipse.mylyn.core.model.interest.propagation" StartDate="2014-11-07 08:56:27.881 JST" StructureHandle="/IFM11/src/ifm11/listeners/button" StructureKind="resource" NumEvents="313" CreationCount="3"/><InteractionEvent Delta="null" EndDate="2014-11-07 09:32:08.317 JST" Interest="1.0" Kind="prediction" Navigation="null" OriginId="org.eclipse.mylyn.resources.ui.interest.updater" StartDate="2014-11-07 09:32:08.317 JST" StructureHandle="=IFM11/src&amp;lt;ifm11.utils{Tags.java" StructureKind="java"/><InteractionEvent Delta="null" EndDate="2014-11-07 09:32:05.79 JST" Interest="26.017" Kind="propagation" Navigation="null" OriginId="org.eclipse.jdt.ui.PackageExplorer" StartDate="2014-11-07 08:57:28.712 JST" StructureHandle="/IFM11/src/ifm11/main" StructureKind="resource" NumEvents="27" CreationCount="10"/><InteractionEvent Delta="null" EndDate="2014-11-07 09:18:59.52 JST" Interest="22.0" Kind="selection" Navigation="null" OriginId="org.eclipse.jdt.ui.CompilationUnitEditor" StartDate="2014-11-07 08:56:39.307 JST" StructureHandle="=IFM11/src&amp;lt;ifm11.listeners.button{BO_CL.java[BO_CL" StructureKind="java" NumEvents="22" CreationCount="7"/><InteractionEvent Delta="null" EndDate="2014-11-07 09:18:46.386 JST" Interest="129.78" Kind="propagation" Navigation="org.eclipse.mylyn.core.model.edges.containment" OriginId="org.eclipse.mylyn.core.model.interest.propagation" StartDate="2014-11-07 08:56:37.959 JST" StructureHandle="=IFM11/src&amp;lt;ifm11.listeners.button{BO_CL.java[BO_CL" StructureKind="java" NumEvents="188" CreationCount="7"/><InteractionEvent Delta="null" EndDate="2014-11-07 09:32:03.910 JST" Interest="7.0" Kind="edit" Navigation="null" OriginId="org.eclipse.jdt.ui.CompilationUnitEditor" StartDate="2014-11-07 08:57:19.305 JST" StructureHandle="=IFM11/src&amp;lt;ifm11.listeners.button{BO_CL.java[BO_CL" StructureKind="java" NumEvents="7" CreationCount="7"/><InteractionEvent Delta="null" EndDate="2014-11-07 09:32:10.321 JST" Interest="1.0" Kind="propagation" Navigation="null" OriginId="org.eclipse.jdt.ui.PackageExplorer" StartDate="2014-11-07 09:32:10.321 JST" StructureHandle="/cm7" StructureKind="resource"/><InteractionEvent Delta="null" EndDate="2014-11-07 09:16:32.799 JST" Interest="1.0" Kind="selection" Navigation="null" OriginId="org.eclipse.ui.views.ContentOutline" StartDate="2014-11-07 09:16:32.799 JST" StructureHandle="=IFM11/src&amp;lt;ifm11.main{TNActv.java[TNActv~onListItemClick~QListView;~QView;~I~J" StructureKind="java"/><InteractionEvent Delta="null" EndDate="2014-11-07 09:16:44.830 JST" Interest="7.0" Kind="edit" Navigation="null" OriginId="org.eclipse.jdt.ui.CompilationUnitEditor" StartDate="2014-11-07 09:16:33.526 JST" StructureHandle="=IFM11/src&amp;lt;ifm11.main{TNActv.java[TNActv~onListItemClick~QListView;~QView;~I~J" StructureKind="java" NumEvents="7" CreationCount="286"/><InteractionEvent Delta="null" EndDate="2014-11-07 09:32:08.320 JST" Interest="1.0" Kind="propagation" Navigation="null" OriginId="org.eclipse.mylyn.resources.ui.interest.updater" StartDate="2014-11-07 09:32:08.320 JST" StructureHandle="/IFM11/src/ifm11/listeners/dialog/DOI_CL.java" StructureKind="resource"/><InteractionEvent Delta="null" EndDate="2014-11-07 08:56:37.958 JST" Interest="1.0" Kind="selection" Navigation="null" OriginId="org.eclipse.jdt.ui.CompilationUnitEditor" StartDate="2014-11-07 08:56:37.958 JST" StructureHandle="=IFM11/src&amp;lt;ifm11.listeners.button{BO_CL.java[BO_CL^actv" StructureKind="java"/><InteractionEvent Delta="null" EndDate="2014-11-07 09:32:08.318 JST" Interest="1.0" Kind="propagation" Navigation="null" OriginId="org.eclipse.mylyn.resources.ui.interest.updater" StartDate="2014-11-07 09:32:08.318 JST" StructureHandle="/IFM11/src/ifm11/utils/Tags.java" StructureKind="resource"/><InteractionEvent Delta="null" EndDate="2014-11-07 09:32:05.384 JST" Interest="1.0" Kind="propagation" Navigation="org.eclipse.mylyn.core.model.edges.containment" OriginId="org.eclipse.mylyn.core.model.interest.propagation" StartDate="2014-11-07 09:32:05.384 JST" StructureHandle="/IFM11/res/values" StructureKind="resource"/><InteractionEvent Delta="null" EndDate="2014-11-07 09:32:08.324 JST" Interest="345.034" Kind="propagation" Navigation="null" OriginId="org.eclipse.mylyn.resources.ui.interest.updater" StartDate="2014-11-07 08:56:03.857 JST" StructureHandle="/IFM11/src" StructureKind="resource" NumEvents="348" CreationCount="2"/><InteractionEvent Delta="null" EndDate="2014-11-07 08:58:24.638 JST" Interest="7.0169997" Kind="propagation" Navigation="org.eclipse.mylyn.core.model.edges.containment" OriginId="org.eclipse.mylyn.core.model.interest.propagation" StartDate="2014-11-07 08:58:10.82 JST" StructureHandle="/IFM10/src/ifm10/listeners/button" StructureKind="resource" NumEvents="8" CreationCount="29"/><InteractionEvent Delta="null" EndDate="2014-11-07 09:32:03.910 JST" Interest="312.017" Kind="propagation" Navigation="org.eclipse.mylyn.core.model.edges.containment" OriginId="org.eclipse.mylyn.core.model.interest.propagation" StartDate="2014-11-07 08:56:27.881 JST" StructureHandle="/IFM11/src/ifm11" StructureKind="resource" NumEvents="314" CreationCount="3"/><InteractionEvent Delta="null" EndDate="2014-11-07 08:58:06.534 JST" Interest="1.0" Kind="selection" Navigation="null" OriginId="org.eclipse.ui.views.ResourceNavigator" StartDate="2014-11-07 08:58:06.534 JST" StructureHandle="=IFM10/src&amp;lt;ifm10" StructureKind="java"/><InteractionEvent Delta="null" EndDate="2014-11-07 09:32:08.322 JST" Interest="1.0" Kind="propagation" Navigation="null" OriginId="org.eclipse.mylyn.resources.ui.interest.updater" StartDate="2014-11-07 09:32:08.322 JST" StructureHandle="/IFM11/src/ifm11/utils/Methods.java" StructureKind="resource"/><InteractionEvent Delta="null" EndDate="2014-11-07 09:14:22.538 JST" Interest="3.0" Kind="selection" Navigation="null" OriginId="org.eclipse.jdt.ui.PackageExplorer" StartDate="2014-11-07 08:56:03.856 JST" StructureHandle="=IFM11/src" StructureKind="java" NumEvents="3" CreationCount="6"/><InteractionEvent Delta="null" EndDate="2014-11-07 09:32:03.912 JST" Interest="153.697" Kind="propagation" Navigation="org.eclipse.mylyn.core.model.edges.containment" OriginId="org.eclipse.mylyn.core.model.interest.propagation" StartDate="2014-11-07 08:56:27.882 JST" StructureHandle="=IFM11/src" StructureKind="java" NumEvents="245" CreationCount="6"/><InteractionEvent Delta="null" EndDate="2014-11-07 09:32:10.321 JST" Interest="1.0" Kind="selection" Navigation="null" OriginId="org.eclipse.jdt.ui.PackageExplorer" StartDate="2014-11-07 09:32:10.321 JST" StructureHandle="=cm7" StructureKind="java"/></InteractionHistory>