<?xml version="1.0" encoding="UTF-8"?><InteractionHistory Id="local-107" Version="1"><InteractionEvent Delta="null" EndDate="2014-09-27 10:30:43.626 JST" Interest="1.0" Kind="selection" Navigation="null" OriginId="org.eclipse.jdt.ui.CompilationUnitEditor" StartDate="2014-09-27 10:30:43.626 JST" StructureHandle="=cm7/src&amp;lt;app.views{CanvasView_4.java[CanvasView_4~drawColorHole~QCanvas;~I~I~I~I" StructureKind="java"/><InteractionEvent Delta="null" EndDate="2014-09-27 11:21:35.494 JST" Interest="18.119001" Kind="propagation" Navigation="org.eclipse.mylyn.core.model.edges.containment" OriginId="org.eclipse.mylyn.core.model.interest.propagation" StartDate="2014-09-27 11:03:20.666 JST" StructureHandle="" StructureKind="java" NumEvents="19" CreationCount="366"/><InteractionEvent Delta="null" EndDate="2014-09-27 11:21:35.412 JST" Interest="17.0" Kind="propagation" Navigation="null" OriginId="org.eclipse.ui.views.ResourceNavigator" StartDate="2014-09-27 11:03:29.824 JST" StructureHandle="/TA2/src/ta2/utils/CONS.java" StructureKind="resource" NumEvents="17" CreationCount="373"/><InteractionEvent Delta="null" EndDate="2014-09-27 11:09:14.415 JST" Interest="61.718994" Kind="propagation" Navigation="org.eclipse.mylyn.core.model.edges.containment" OriginId="org.eclipse.mylyn.core.model.interest.propagation" StartDate="2014-09-27 10:28:12.407 JST" StructureHandle="=cm7/src&amp;lt;app.views{CanvasView_4.java" StructureKind="java" NumEvents="93" CreationCount="2"/><InteractionEvent Delta="null" EndDate="2014-09-27 15:41:43.856 JST" Interest="2.0" Kind="edit" Navigation="null" OriginId="org.eclipse.jdt.ui.CompilationUnitEditor" StartDate="2014-09-27 15:41:38.624 JST" StructureHandle="=cm7/src&amp;lt;app.views{CanvasView_4.java" StructureKind="java" NumEvents="2" CreationCount="2"/><InteractionEvent Delta="null" EndDate="2014-09-27 16:04:01.921 JST" Interest="37.0" Kind="selection" Navigation="null" OriginId="org.eclipse.jdt.ui.CompilationUnitEditor" StartDate="2014-09-27 10:26:19.272 JST" StructureHandle="=cm7/src&amp;lt;app.views{CanvasView_4.java" StructureKind="java" NumEvents="37" CreationCount="2"/><InteractionEvent Delta="null" EndDate="2014-09-27 11:02:23.230 JST" Interest="1.0" Kind="edit" Navigation="null" OriginId="org.eclipse.jdt.ui.CompilationUnitEditor" StartDate="2014-09-27 11:02:23.230 JST" StructureHandle="=cm7/src&amp;lt;app.utils{CONS.java[CONS[DB^fname_DB_Backup_Trunk" StructureKind="java"/><InteractionEvent Delta="null" EndDate="2014-09-27 11:02:22.380 JST" Interest="1.0" Kind="selection" Navigation="null" OriginId="org.eclipse.jdt.ui.CompilationUnitEditor" StartDate="2014-09-27 11:02:22.380 JST" StructureHandle="=cm7/src&amp;lt;app.utils{CONS.java[CONS[DB^fname_DB_Backup_Trunk" StructureKind="java"/><InteractionEvent Delta="null" EndDate="2014-09-27 16:04:08.115 JST" Interest="325.0" Kind="propagation" Navigation="null" OriginId="org.eclipse.ui.views.ContentOutline" StartDate="2014-09-27 10:26:19.272 JST" StructureHandle="/cm7/src/app/views/CanvasView_4.java" StructureKind="resource" NumEvents="325" CreationCount="2"/><InteractionEvent Delta="null" EndDate="2014-09-27 11:21:35.494 JST" Interest="18.017" Kind="propagation" Navigation="null" OriginId="org.eclipse.ui.views.ResourceNavigator" StartDate="2014-09-27 11:03:28.244 JST" StructureHandle="/TA2/src/ta2/utils" StructureKind="resource" NumEvents="19" CreationCount="372"/><InteractionEvent Delta="null" EndDate="2014-09-27 11:21:35.494 JST" Interest="18.051" Kind="propagation" Navigation="org.eclipse.mylyn.core.model.edges.containment" OriginId="org.eclipse.mylyn.core.model.interest.propagation" StartDate="2014-09-27 11:03:25.131 JST" StructureHandle="/TA2/src/ta2" StructureKind="resource" NumEvents="20" CreationCount="370"/><InteractionEvent Delta="null" EndDate="2014-09-27 16:34:57.427 JST" Interest="31.0" Kind="prediction" Navigation="null" OriginId="org.eclipse.mylyn.resources.ui.interest.updater" StartDate="2014-09-27 10:40:23.146 JST" StructureHandle="/cm7/bin/classes.dex" StructureKind="resource" NumEvents="31" CreationCount="260"/><InteractionEvent Delta="null" EndDate="2014-09-27 16:42:01.990 JST" Interest="1118.6631" Kind="propagation" Navigation="org.eclipse.mylyn.core.model.edges.containment" OriginId="org.eclipse.mylyn.core.model.interest.propagation" StartDate="2014-09-27 10:38:24.129 JST" StructureHandle="=cm7/src&amp;lt;app.main{CanvasActv.java" StructureKind="java" NumEvents="1728" CreationCount="138"/><InteractionEvent Delta="null" EndDate="2014-09-27 16:04:02.160 JST" Interest="17.0" Kind="selection" Navigation="null" OriginId="org.eclipse.jdt.ui.CompilationUnitEditor" StartDate="2014-09-27 10:38:21.269 JST" StructureHandle="=cm7/src&amp;lt;app.main{CanvasActv.java" StructureKind="java" NumEvents="17" CreationCount="138"/><InteractionEvent Delta="null" EndDate="2014-09-27 11:09:16.668 JST" Interest="3.0" Kind="selection" Navigation="null" OriginId="org.eclipse.jdt.ui.CompilationUnitEditor" StartDate="2014-09-27 11:09:15.180 JST" StructureHandle="=cm7/src&amp;lt;app.main{CanvasActv.java[CanvasActv~onKeyDown~I~QKeyEvent;" StructureKind="java" NumEvents="3" CreationCount="578"/><InteractionEvent Delta="null" EndDate="2014-09-27 11:05:25.531 JST" Interest="18.869999" Kind="propagation" Navigation="org.eclipse.mylyn.core.model.edges.containment" OriginId="org.eclipse.mylyn.core.model.interest.propagation" StartDate="2014-09-27 11:02:10.772 JST" StructureHandle="=cm7/src&amp;lt;app.utils{CONS.java[CONS[DB" StructureKind="java" NumEvents="30" CreationCount="344"/><InteractionEvent Delta="null" EndDate="2014-09-27 11:07:33.802 JST" Interest="7.0" Kind="edit" Navigation="null" OriginId="org.eclipse.jdt.ui.CompilationUnitEditor" StartDate="2014-09-27 11:04:55.663 JST" StructureHandle="=cm7/src&amp;lt;app.utils{CONS.java[CONS[DB" StructureKind="java" NumEvents="7" CreationCount="344"/><InteractionEvent Delta="null" EndDate="2014-09-27 13:01:16.245 JST" Interest="13.0" Kind="selection" Navigation="null" OriginId="org.eclipse.jdt.ui.CompilationUnitEditor" StartDate="2014-09-27 11:02:07.987 JST" StructureHandle="=cm7/src&amp;lt;app.utils{CONS.java[CONS[DB" StructureKind="java" NumEvents="13" CreationCount="344"/><InteractionEvent Delta="null" EndDate="2014-09-27 11:03:32.625 JST" Interest="1.0" Kind="selection" Navigation="null" OriginId="org.eclipse.ui.views.ContentOutline" StartDate="2014-09-27 11:03:32.625 JST" StructureHandle="=TA2/src&amp;lt;ta2.utils{CONS.java%ta2.utils" StructureKind="java"/><InteractionEvent Delta="null" EndDate="2014-09-27 11:03:37.995 JST" Interest="2.0" Kind="selection" Navigation="null" OriginId="org.eclipse.jdt.ui.CompilationUnitEditor" StartDate="2014-09-27 11:03:35.923 JST" StructureHandle="=TA2/src&amp;lt;ta2.utils{CONS.java[CONS[DB^dbName_Importing" StructureKind="java" NumEvents="2" CreationCount="377"/><InteractionEvent Delta="null" EndDate="2014-09-27 15:56:43.660 JST" Interest="68.485" Kind="propagation" Navigation="org.eclipse.mylyn.core.model.edges.containment" OriginId="org.eclipse.mylyn.core.model.interest.propagation" StartDate="2014-09-27 10:28:11.502 JST" StructureHandle="=cm7/src&amp;lt;app.views{CanvasView_4.java[CanvasView_4" StructureKind="java" NumEvents="96" CreationCount="4"/><InteractionEvent Delta="null" EndDate="2014-09-27 15:41:48.879 JST" Interest="16.0" Kind="edit" Navigation="null" OriginId="org.eclipse.jdt.ui.CompilationUnitEditor" StartDate="2014-09-27 10:28:13.516 JST" StructureHandle="=cm7/src&amp;lt;app.views{CanvasView_4.java[CanvasView_4" StructureKind="java" NumEvents="16" CreationCount="4"/><InteractionEvent Delta="null" EndDate="2014-09-27 16:04:08.115 JST" Interest="18.0" Kind="selection" Navigation="null" OriginId="org.eclipse.ui.views.ContentOutline" StartDate="2014-09-27 10:26:28.890 JST" StructureHandle="=cm7/src&amp;lt;app.views{CanvasView_4.java[CanvasView_4" StructureKind="java" NumEvents="18" CreationCount="4"/><InteractionEvent Delta="null" EndDate="2014-09-27 10:32:34.586 JST" Interest="21.0" Kind="propagation" Navigation="null" OriginId="org.eclipse.jdt.ui.CompilationUnitEditor" StartDate="2014-09-27 10:32:01.280 JST" StructureHandle="/cm7/src/app/utils/CONS_Canvas.java" StructureKind="resource" NumEvents="21" CreationCount="41"/><InteractionEvent Delta="null" EndDate="2014-09-27 11:11:48.484 JST" Interest="6.0" Kind="edit" Navigation="null" OriginId="org.eclipse.jdt.ui.CompilationUnitEditor" StartDate="2014-09-27 11:11:09.401 JST" StructureHandle="=cm7/src&amp;lt;app.utils{CONS_C.java[CONS_C[Pref^pnake_Canvas" StructureKind="java" NumEvents="6" CreationCount="634"/><InteractionEvent Delta="null" EndDate="2014-09-27 11:11:44.239 JST" Interest="4.0" Kind="selection" Navigation="null" OriginId="org.eclipse.jdt.ui.CompilationUnitEditor" StartDate="2014-09-27 11:11:04.305 JST" StructureHandle="=cm7/src&amp;lt;app.utils{CONS_C.java[CONS_C[Pref^pnake_Canvas" StructureKind="java" NumEvents="4" CreationCount="634"/><InteractionEvent Delta="null" EndDate="2014-09-27 11:14:47.323 JST" Interest="7.0" Kind="propagation" Navigation="org.eclipse.mylyn.core.model.edges.containment" OriginId="org.eclipse.mylyn.core.model.interest.propagation" StartDate="2014-09-27 11:09:59.406 JST" StructureHandle="/cm7/src/app/listeners/button" StructureKind="resource" NumEvents="7" CreationCount="599"/><InteractionEvent Delta="null" EndDate="2014-09-27 11:02:06.374 JST" Interest="1.0" Kind="selection" Navigation="null" OriginId="org.eclipse.ui.views.ContentOutline" StartDate="2014-09-27 11:02:06.374 JST" StructureHandle="=cm7/src&amp;lt;app.utils{CONS.java%app.utils" StructureKind="java"/><InteractionEvent Delta="null" EndDate="2014-09-27 16:42:01.990 JST" Interest="3627.017" Kind="propagation" Navigation="org.eclipse.mylyn.core.model.edges.containment" OriginId="org.eclipse.mylyn.core.model.interest.propagation" StartDate="2014-09-27 10:26:15.158 JST" StructureHandle="/" StructureKind="resource" NumEvents="3629" CreationCount="1"/><InteractionEvent Delta="null" EndDate="2014-09-27 11:02:44.604 JST" Interest="1.0" Kind="selection" Navigation="null" OriginId="org.eclipse.jdt.ui.CompilationUnitEditor" StartDate="2014-09-27 11:02:44.604 JST" StructureHandle="=cm7/src&amp;lt;app.utils{CONS.java[CONS[DB^tname_MemoPatterns_CM6" StructureKind="java"/><InteractionEvent Delta="null" EndDate="2014-09-27 10:38:26.877 JST" Interest="1.0" Kind="edit" Navigation="null" OriginId="org.eclipse.jdt.ui.CompilationUnitEditor" StartDate="2014-09-27 10:38:26.877 JST" StructureHandle="=cm7/src&amp;lt;app.main{CanvasActv.java[CanvasActv~onCreate~QBundle;" StructureKind="java"/><InteractionEvent Delta="null" EndDate="2014-09-27 10:38:29.797 JST" Interest="4.0" Kind="selection" Navigation="null" OriginId="org.eclipse.jdt.ui.CompilationUnitEditor" StartDate="2014-09-27 10:38:24.124 JST" StructureHandle="=cm7/src&amp;lt;app.main{CanvasActv.java[CanvasActv~onCreate~QBundle;" StructureKind="java" NumEvents="4" CreationCount="139"/><InteractionEvent Delta="null" EndDate="2014-09-27 13:03:19.807 JST" Interest="11.0" Kind="edit" Navigation="null" OriginId="org.eclipse.jdt.ui.CompilationUnitEditor" StartDate="2014-09-27 13:03:02.754 JST" StructureHandle="=cm7/src&amp;lt;app.utils{Lab.java[Lab~_lab_WaveFile_D_29_V_1_1~QActivity;~QDialog;~QDialog;" StructureKind="java" NumEvents="11" CreationCount="1096"/><InteractionEvent Delta="null" EndDate="2014-09-27 13:04:27.971 JST" Interest="3.0" Kind="selection" Navigation="null" OriginId="org.eclipse.jdt.ui.CompilationUnitEditor" StartDate="2014-09-27 13:03:02.749 JST" StructureHandle="=cm7/src&amp;lt;app.utils{Lab.java[Lab~_lab_WaveFile_D_29_V_1_1~QActivity;~QDialog;~QDialog;" StructureKind="java" NumEvents="3" CreationCount="1096"/><InteractionEvent Delta="null" EndDate="2014-09-27 11:10:14.267 JST" Interest="8.2960005" Kind="propagation" Navigation="org.eclipse.mylyn.core.model.edges.containment" OriginId="org.eclipse.mylyn.core.model.interest.propagation" StartDate="2014-09-27 10:37:13.223 JST" StructureHandle="=cm7/src&amp;lt;app.utils{CONS_C.java[CONS_C[Line" StructureKind="java" NumEvents="4" CreationCount="116"/><InteractionEvent Delta="null" EndDate="2014-09-27 11:10:41.244 JST" Interest="5.0" Kind="edit" Navigation="null" OriginId="org.eclipse.jdt.ui.CompilationUnitEditor" StartDate="2014-09-27 11:10:18.894 JST" StructureHandle="=cm7/src&amp;lt;app.utils{CONS_C.java[CONS_C[Line" StructureKind="java" NumEvents="5" CreationCount="116"/><InteractionEvent Delta="null" EndDate="2014-09-27 13:01:14.348 JST" Interest="5.0" Kind="selection" Navigation="null" OriginId="org.eclipse.jdt.ui.CompilationUnitEditor" StartDate="2014-09-27 10:37:18.581 JST" StructureHandle="=cm7/src&amp;lt;app.utils{CONS_C.java[CONS_C[Line" StructureKind="java" NumEvents="5" CreationCount="116"/><InteractionEvent Delta="null" EndDate="2014-09-27 13:01:43.552 JST" Interest="6.8850007" Kind="manipulation" Navigation="null" OriginId="org.eclipse.mylyn.core.model.interest.decay.correction" StartDate="2014-09-27 13:01:43.552 JST" StructureHandle="=cm7/src&amp;lt;app.utils{CONS.java[CONS[DB^dPath_dbFile_backup_CM6" StructureKind="java"/><InteractionEvent Delta="null" EndDate="2014-09-27 13:01:58.861 JST" Interest="7.0" Kind="edit" Navigation="null" OriginId="org.eclipse.jdt.ui.CompilationUnitEditor" StartDate="2014-09-27 11:05:14.988 JST" StructureHandle="=cm7/src&amp;lt;app.utils{CONS.java[CONS[DB^dPath_dbFile_backup_CM6" StructureKind="java" NumEvents="7" CreationCount="436"/><InteractionEvent Delta="null" EndDate="2014-09-27 13:01:57.374 JST" Interest="4.0" Kind="selection" Navigation="null" OriginId="org.eclipse.jdt.ui.CompilationUnitEditor" StartDate="2014-09-27 11:05:14.985 JST" StructureHandle="=cm7/src&amp;lt;app.utils{CONS.java[CONS[DB^dPath_dbFile_backup_CM6" StructureKind="java" NumEvents="4" CreationCount="436"/><InteractionEvent Delta="null" EndDate="2014-09-27 11:14:47.326 JST" Interest="4.1169996" Kind="propagation" Navigation="org.eclipse.mylyn.core.model.edges.containment" OriginId="org.eclipse.mylyn.core.model.interest.propagation" StartDate="2014-09-27 11:09:59.406 JST" StructureHandle="=cm7/src&amp;lt;app.listeners.button" StructureKind="java" NumEvents="7" CreationCount="599"/><InteractionEvent Delta="null" EndDate="2014-09-27 16:41:09.547 JST" Interest="3.8600006" Kind="manipulation" Navigation="null" OriginId="org.eclipse.mylyn.core.model.interest.decay.correction" StartDate="2014-09-27 16:41:09.547 JST" StructureHandle="/cm7/src/app/utils/Lab.java" StructureKind="resource"/><InteractionEvent Delta="null" EndDate="2014-09-27 16:41:09.547 JST" Interest="41.0" Kind="propagation" Navigation="null" OriginId="org.eclipse.jdt.ui.PackageExplorer" StartDate="2014-09-27 13:02:29.471 JST" StructureHandle="/cm7/src/app/utils/Lab.java" StructureKind="resource" NumEvents="41" CreationCount="1071"/><InteractionEvent Delta="null" EndDate="2014-09-27 16:04:08.116 JST" Interest="99.136" Kind="propagation" Navigation="org.eclipse.mylyn.core.model.edges.containment" OriginId="org.eclipse.mylyn.core.model.interest.propagation" StartDate="2014-09-27 10:26:19.272 JST" StructureHandle="=cm7/src&amp;lt;app.views" StructureKind="java" NumEvents="189" CreationCount="1"/><InteractionEvent Delta="null" EndDate="2014-09-27 10:26:15.123 JST" Interest="1.0" Kind="selection" Navigation="null" OriginId="org.eclipse.jdt.ui.PackageExplorer" StartDate="2014-09-27 10:26:15.123 JST" StructureHandle="=cm7/src&amp;lt;app.views" StructureKind="java"/><InteractionEvent Delta="null" EndDate="2014-09-27 11:14:47.323 JST" Interest="7.0" Kind="propagation" Navigation="org.eclipse.mylyn.core.model.edges.containment" OriginId="org.eclipse.mylyn.core.model.interest.propagation" StartDate="2014-09-27 11:09:59.406 JST" StructureHandle="/cm7/src/app/listeners" StructureKind="resource" NumEvents="7" CreationCount="599"/><InteractionEvent Delta="null" EndDate="2014-09-27 10:37:13.239 JST" Interest="1.0" Kind="edit" Navigation="null" OriginId="org.eclipse.jdt.ui.CompilationUnitEditor" StartDate="2014-09-27 10:37:13.239 JST" StructureHandle="=cm7/src&amp;lt;app.utils{CONS_C.java[CONS_C[Line^p_Line" StructureKind="java"/><InteractionEvent Delta="null" EndDate="2014-09-27 10:37:13.222 JST" Interest="1.0" Kind="selection" Navigation="null" OriginId="org.eclipse.jdt.ui.CompilationUnitEditor" StartDate="2014-09-27 10:37:13.222 JST" StructureHandle="=cm7/src&amp;lt;app.utils{CONS_C.java[CONS_C[Line^p_Line" StructureKind="java"/><InteractionEvent Delta="null" EndDate="2014-09-27 12:59:14.721 JST" Interest="104.0" Kind="edit" Navigation="null" OriginId="org.eclipse.jdt.ui.CompilationUnitEditor" StartDate="2014-09-27 10:38:50.96 JST" StructureHandle="=cm7/src&amp;lt;app.main{CanvasActv.java[CanvasActv~_test_DrawLines" StructureKind="java" NumEvents="104" CreationCount="163"/><InteractionEvent Delta="null" EndDate="2014-09-27 12:59:13.593 JST" Interest="8.0" Kind="selection" Navigation="null" OriginId="org.eclipse.jdt.ui.CompilationUnitEditor" StartDate="2014-09-27 10:38:50.92 JST" StructureHandle="=cm7/src&amp;lt;app.main{CanvasActv.java[CanvasActv~_test_DrawLines" StructureKind="java" NumEvents="8" CreationCount="163"/><InteractionEvent Delta="null" EndDate="2014-09-27 11:10:04.25 JST" Interest="2.1169999" Kind="propagation" Navigation="org.eclipse.mylyn.core.model.edges.containment" OriginId="org.eclipse.mylyn.core.model.interest.propagation" StartDate="2014-09-27 11:10:00.204 JST" StructureHandle="=cm7/src&amp;lt;app.listeners.button{BO_CL.java" StructureKind="java" NumEvents="4" CreationCount="599"/><InteractionEvent Delta="null" EndDate="2014-09-27 11:14:47.62 JST" Interest="2.0" Kind="selection" Navigation="null" OriginId="org.eclipse.jdt.ui.CompilationUnitEditor" StartDate="2014-09-27 11:09:59.405 JST" StructureHandle="=cm7/src&amp;lt;app.listeners.button{BO_CL.java" StructureKind="java" NumEvents="2" CreationCount="599"/><InteractionEvent Delta="null" EndDate="2014-09-27 13:02:44.738 JST" Interest="6.0" Kind="edit" Navigation="null" OriginId="org.eclipse.jdt.ui.CompilationUnitEditor" StartDate="2014-09-27 13:02:44.14 JST" StructureHandle="=cm7/src&amp;lt;app.utils{Lab.java[Lab~lab_Create_WaveFile~QActivity;~QDialog;~QDialog;" StructureKind="java" NumEvents="6" CreationCount="1072"/><InteractionEvent Delta="null" EndDate="2014-09-27 13:02:43.552 JST" Interest="7.0" Kind="selection" Navigation="null" OriginId="org.eclipse.jdt.ui.CompilationUnitEditor" StartDate="2014-09-27 13:02:31.273 JST" StructureHandle="=cm7/src&amp;lt;app.utils{Lab.java[Lab~lab_Create_WaveFile~QActivity;~QDialog;~QDialog;" StructureKind="java" NumEvents="7" CreationCount="1072"/><InteractionEvent Delta="null" EndDate="2014-09-27 10:35:43.268 JST" Interest="1.0" Kind="selection" Navigation="null" OriginId="org.eclipse.jdt.ui.CompilationUnitEditor" StartDate="2014-09-27 10:35:43.268 JST" StructureHandle="=cm7/src&amp;lt;app.views{CanvasView_4.java[CanvasView_4~onMeasure~I~I" StructureKind="java"/><InteractionEvent Delta="null" EndDate="2014-09-27 11:09:33.884 JST" Interest="1.0" Kind="prediction" Navigation="null" OriginId="org.eclipse.mylyn.resources.ui.interest.updater" StartDate="2014-09-27 11:09:33.884 JST" StructureHandle="=cm7/src&amp;lt;app.utils{Tags.java" StructureKind="java"/><InteractionEvent Delta="null" EndDate="2014-09-27 13:01:17.720 JST" Interest="12.0" Kind="edit" Navigation="null" OriginId="org.eclipse.jdt.ui.CompilationUnitEditor" StartDate="2014-09-27 11:03:54.443 JST" StructureHandle="=cm7/src&amp;lt;app.utils{CONS.java[CONS[DB^dPath_Data_Root" StructureKind="java" NumEvents="12" CreationCount="362"/><InteractionEvent Delta="null" EndDate="2014-09-27 13:01:38.891 JST" Interest="10.0" Kind="selection" Navigation="null" OriginId="org.eclipse.jdt.ui.CompilationUnitEditor" StartDate="2014-09-27 11:03:02.226 JST" StructureHandle="=cm7/src&amp;lt;app.utils{CONS.java[CONS[DB^dPath_Data_Root" StructureKind="java" NumEvents="10" CreationCount="362"/><InteractionEvent Delta="null" EndDate="2014-09-27 11:12:20.901 JST" Interest="17.0" Kind="edit" Navigation="null" OriginId="org.eclipse.jdt.ui.CompilationUnitEditor" StartDate="2014-09-27 11:10:22.635 JST" StructureHandle="=cm7/src&amp;lt;app.utils{CONS_C.java[CONS_C[Pref" StructureKind="java" NumEvents="17" CreationCount="609"/><InteractionEvent Delta="null" EndDate="2014-09-27 11:13:54.143 JST" Interest="10.0" Kind="selection" Navigation="null" OriginId="org.eclipse.jdt.ui.CompilationUnitEditor" StartDate="2014-09-27 11:10:21.376 JST" StructureHandle="=cm7/src&amp;lt;app.utils{CONS_C.java[CONS_C[Pref" StructureKind="java" NumEvents="10" CreationCount="609"/><InteractionEvent Delta="null" EndDate="2014-09-27 16:04:08.115 JST" Interest="325.017" Kind="propagation" Navigation="org.eclipse.mylyn.core.model.edges.containment" OriginId="org.eclipse.mylyn.core.model.interest.propagation" StartDate="2014-09-27 10:26:15.158 JST" StructureHandle="/cm7/src/app/views" StructureKind="resource" NumEvents="326" CreationCount="1"/><InteractionEvent Delta="null" EndDate="2014-09-27 11:09:33.885 JST" Interest="1.0" Kind="propagation" Navigation="null" OriginId="org.eclipse.mylyn.resources.ui.interest.updater" StartDate="2014-09-27 11:09:33.885 JST" StructureHandle="/cm7/src/app/utils/Tags.java" StructureKind="resource"/><InteractionEvent Delta="null" EndDate="2014-09-27 15:56:43.659 JST" Interest="98.0" Kind="edit" Navigation="null" OriginId="org.eclipse.jdt.ui.CompilationUnitEditor" StartDate="2014-09-27 10:29:45.187 JST" StructureHandle="=cm7/src&amp;lt;app.views{CanvasView_4.java[CanvasView_4~_drawLines~\[F~QPaint;" StructureKind="java" NumEvents="98" CreationCount="9"/><InteractionEvent Delta="null" EndDate="2014-09-27 15:56:37.98 JST" Interest="27.0" Kind="selection" Navigation="null" OriginId="org.eclipse.ui.views.ContentOutline" StartDate="2014-09-27 10:28:24.451 JST" StructureHandle="=cm7/src&amp;lt;app.views{CanvasView_4.java[CanvasView_4~_drawLines~\[F~QPaint;" StructureKind="java" NumEvents="27" CreationCount="9"/><InteractionEvent Delta="null" EndDate="2014-09-27 11:03:20.671 JST" Interest="2.0" Kind="propagation" Navigation="null" OriginId="org.eclipse.ui.views.ResourceNavigator" StartDate="2014-09-27 11:03:20.666 JST" StructureHandle="/LM1" StructureKind="resource" NumEvents="2" CreationCount="366"/><InteractionEvent Delta="null" EndDate="2014-09-27 11:03:25.131 JST" Interest="1.0" Kind="selection" Navigation="null" OriginId="org.eclipse.ui.views.ResourceNavigator" StartDate="2014-09-27 11:03:25.131 JST" StructureHandle="=TA2/src&amp;lt;ta2" StructureKind="java"/><InteractionEvent Delta="null" EndDate="2014-09-27 15:39:11.124 JST" Interest="24.267004" Kind="manipulation" Navigation="null" OriginId="org.eclipse.mylyn.core.model.interest.decay.correction" StartDate="2014-09-27 12:59:03.835 JST" StructureHandle="=cm7/src&amp;lt;app.main{CanvasActv.java[CanvasActv~_test_DrawLine_2" StructureKind="java" NumEvents="2" CreationCount="159"/><InteractionEvent Delta="null" EndDate="2014-09-27 15:42:04.637 JST" Interest="18.0" Kind="edit" Navigation="null" OriginId="org.eclipse.jdt.ui.CompilationUnitEditor" StartDate="2014-09-27 10:38:43.810 JST" StructureHandle="=cm7/src&amp;lt;app.main{CanvasActv.java[CanvasActv~_test_DrawLine_2" StructureKind="java" NumEvents="18" CreationCount="159"/><InteractionEvent Delta="null" EndDate="2014-09-27 15:42:03.470 JST" Interest="7.0" Kind="selection" Navigation="null" OriginId="org.eclipse.jdt.ui.CompilationUnitEditor" StartDate="2014-09-27 10:38:43.808 JST" StructureHandle="=cm7/src&amp;lt;app.main{CanvasActv.java[CanvasActv~_test_DrawLine_2" StructureKind="java" NumEvents="7" CreationCount="159"/><InteractionEvent Delta="null" EndDate="2014-09-27 16:42:01.990 JST" Interest="1135.6631" Kind="propagation" Navigation="org.eclipse.mylyn.core.model.edges.containment" OriginId="org.eclipse.mylyn.core.model.interest.propagation" StartDate="2014-09-27 10:38:21.270 JST" StructureHandle="=cm7/src&amp;lt;app.main" StructureKind="java" NumEvents="1623" CreationCount="138"/><InteractionEvent Delta="null" EndDate="2014-09-27 16:41:09.548 JST" Interest="367.0" Kind="propagation" Navigation="null" OriginId="org.eclipse.jdt.ui.PackageExplorer" StartDate="2014-09-27 10:32:01.281 JST" StructureHandle="/cm7/src/app/utils" StructureKind="resource" NumEvents="367" CreationCount="41"/><InteractionEvent Delta="null" EndDate="2014-09-27 11:03:20.671 JST" Interest="2.0" Kind="selection" Navigation="null" OriginId="org.eclipse.ui.views.ResourceNavigator" StartDate="2014-09-27 11:03:20.666 JST" StructureHandle="=LM1" StructureKind="java" NumEvents="2" CreationCount="366"/><InteractionEvent Delta="null" EndDate="2014-09-27 15:39:23.917 JST" Interest="21.821001" Kind="manipulation" Navigation="null" OriginId="org.eclipse.mylyn.core.model.interest.decay.correction" StartDate="2014-09-27 10:42:00.580 JST" StructureHandle="=cm7/src&amp;lt;app.views{CanvasView_4.java[CanvasView_4~_drawLine~F~F~F~F~QPaint;" StructureKind="java" NumEvents="3" CreationCount="5"/><InteractionEvent Delta="null" EndDate="2014-09-27 15:41:37.456 JST" Interest="31.0" Kind="edit" Navigation="null" OriginId="org.eclipse.jdt.ui.CompilationUnitEditor" StartDate="2014-09-27 10:42:52.701 JST" StructureHandle="=cm7/src&amp;lt;app.views{CanvasView_4.java[CanvasView_4~_drawLine~F~F~F~F~QPaint;" StructureKind="java" NumEvents="31" CreationCount="5"/><InteractionEvent Delta="null" EndDate="2014-09-27 16:03:57.61 JST" Interest="12.0" Kind="selection" Navigation="null" OriginId="org.eclipse.jdt.ui.CompilationUnitEditor" StartDate="2014-09-27 10:28:11.502 JST" StructureHandle="=cm7/src&amp;lt;app.views{CanvasView_4.java[CanvasView_4~_drawLine~F~F~F~F~QPaint;" StructureKind="java" NumEvents="12" CreationCount="5"/><InteractionEvent Delta="null" EndDate="2014-09-27 16:42:01.991 JST" Interest="3628.017" Kind="propagation" Navigation="null" OriginId="org.eclipse.jdt.ui.CompilationUnitEditor" StartDate="2014-09-27 10:26:15.158 JST" StructureHandle="/cm7/src" StructureKind="resource" NumEvents="3629" CreationCount="1"/><InteractionEvent Delta="null" EndDate="2014-09-27 15:39:01.672 JST" Interest="101.0" Kind="edit" Navigation="null" OriginId="org.eclipse.jdt.ui.CompilationUnitEditor" StartDate="2014-09-27 11:15:25.77 JST" StructureHandle="=cm7/src&amp;lt;app.main{CanvasActv.java[CanvasActv~_Setup_Set_OpID" StructureKind="java" NumEvents="101" CreationCount="745"/><InteractionEvent Delta="null" EndDate="2014-09-27 15:39:00.832 JST" Interest="6.0" Kind="selection" Navigation="null" OriginId="org.eclipse.jdt.ui.CompilationUnitEditor" StartDate="2014-09-27 11:15:25.73 JST" StructureHandle="=cm7/src&amp;lt;app.main{CanvasActv.java[CanvasActv~_Setup_Set_OpID" StructureKind="java" NumEvents="6" CreationCount="745"/><InteractionEvent Delta="null" EndDate="2014-09-27 11:02:42.120 JST" Interest="1.0" Kind="selection" Navigation="null" OriginId="org.eclipse.jdt.ui.CompilationUnitEditor" StartDate="2014-09-27 11:02:42.120 JST" StructureHandle="=cm7/src&amp;lt;app.utils{CONS.java[CONS[Intent" StructureKind="java"/><InteractionEvent Delta="null" EndDate="2014-09-27 11:03:38.484 JST" Interest="1.0" Kind="edit" Navigation="null" OriginId="org.eclipse.jdt.ui.CompilationUnitEditor" StartDate="2014-09-27 11:03:38.484 JST" StructureHandle="=TA2/src&amp;lt;ta2.utils{CONS.java[CONS[DB^dPath_Data" StructureKind="java"/><InteractionEvent Delta="null" EndDate="2014-09-27 11:03:57.371 JST" Interest="3.0" Kind="selection" Navigation="null" OriginId="org.eclipse.jdt.ui.CompilationUnitEditor" StartDate="2014-09-27 11:03:37.890 JST" StructureHandle="=TA2/src&amp;lt;ta2.utils{CONS.java[CONS[DB^dPath_Data" StructureKind="java" NumEvents="3" CreationCount="378"/><InteractionEvent Delta="null" EndDate="2014-09-27 10:32:17.688 JST" Interest="7.0" Kind="edit" Navigation="null" OriginId="org.eclipse.jdt.ui.CompilationUnitEditor" StartDate="2014-09-27 10:32:09.294 JST" StructureHandle="=cm7/src&amp;lt;app.utils{CONS_Canvas.java[CONS_Canvas[Line^drawLines" StructureKind="java" NumEvents="7" CreationCount="42"/><InteractionEvent Delta="null" EndDate="2014-09-27 10:32:03.466 JST" Interest="1.0" Kind="selection" Navigation="null" OriginId="org.eclipse.jdt.ui.CompilationUnitEditor" StartDate="2014-09-27 10:32:03.466 JST" StructureHandle="=cm7/src&amp;lt;app.utils{CONS_Canvas.java[CONS_Canvas[Line^drawLines" StructureKind="java"/><InteractionEvent Delta="null" EndDate="2014-09-27 16:26:09.962 JST" Interest="31.695004" Kind="manipulation" Navigation="null" OriginId="org.eclipse.mylyn.core.model.interest.decay.correction" StartDate="2014-09-27 11:09:16.585 JST" StructureHandle="=cm7/src&amp;lt;app.main{CanvasActv.java[CanvasActv~_Setup_SetListeners" StructureKind="java" NumEvents="3" CreationCount="171"/><InteractionEvent Delta="null" EndDate="2014-09-27 16:26:10.24 JST" Interest="23.0" Kind="edit" Navigation="null" OriginId="org.eclipse.jdt.ui.CompilationUnitEditor" StartDate="2014-09-27 10:38:55.152 JST" StructureHandle="=cm7/src&amp;lt;app.main{CanvasActv.java[CanvasActv~_Setup_SetListeners" StructureKind="java" NumEvents="23" CreationCount="171"/><InteractionEvent Delta="null" EndDate="2014-09-27 16:26:09.962 JST" Interest="11.0" Kind="selection" Navigation="null" OriginId="org.eclipse.jdt.ui.CompilationUnitEditor" StartDate="2014-09-27 10:38:55.141 JST" StructureHandle="=cm7/src&amp;lt;app.main{CanvasActv.java[CanvasActv~_Setup_SetListeners" StructureKind="java" NumEvents="11" CreationCount="171"/><InteractionEvent Delta="null" EndDate="2014-09-27 16:42:01.990 JST" Interest="1098.8461" Kind="propagation" Navigation="org.eclipse.mylyn.core.model.edges.containment" OriginId="org.eclipse.mylyn.core.model.interest.propagation" StartDate="2014-09-27 10:38:24.125 JST" StructureHandle="=cm7/src&amp;lt;app.main{CanvasActv.java[CanvasActv" StructureKind="java" NumEvents="1563" CreationCount="139"/><InteractionEvent Delta="null" EndDate="2014-09-27 16:27:34.923 JST" Interest="24.0" Kind="edit" Navigation="null" OriginId="org.eclipse.jdt.ui.CompilationUnitEditor" StartDate="2014-09-27 10:38:42.368 JST" StructureHandle="=cm7/src&amp;lt;app.main{CanvasActv.java[CanvasActv" StructureKind="java" NumEvents="24" CreationCount="139"/><InteractionEvent Delta="null" EndDate="2014-09-27 16:27:34.914 JST" Interest="20.0" Kind="selection" Navigation="null" OriginId="org.eclipse.jdt.ui.CompilationUnitEditor" StartDate="2014-09-27 10:38:42.365 JST" StructureHandle="=cm7/src&amp;lt;app.main{CanvasActv.java[CanvasActv" StructureKind="java" NumEvents="20" CreationCount="139"/><InteractionEvent Delta="null" EndDate="2014-09-27 15:42:23.959 JST" Interest="18.862001" Kind="manipulation" Navigation="null" OriginId="org.eclipse.mylyn.core.model.interest.decay.correction" StartDate="2014-09-27 15:42:23.959 JST" StructureHandle="=cm7/src&amp;lt;app.main{CanvasActv.java[CanvasActv~_test_DrawLine" StructureKind="java"/><InteractionEvent Delta="null" EndDate="2014-09-27 15:42:28.918 JST" Interest="3.0" Kind="edit" Navigation="null" OriginId="org.eclipse.jdt.ui.CompilationUnitEditor" StartDate="2014-09-27 15:42:23.962 JST" StructureHandle="=cm7/src&amp;lt;app.main{CanvasActv.java[CanvasActv~_test_DrawLine" StructureKind="java" NumEvents="3" CreationCount="968"/><InteractionEvent Delta="null" EndDate="2014-09-27 15:42:32.254 JST" Interest="7.0" Kind="selection" Navigation="null" OriginId="org.eclipse.jdt.ui.CompilationUnitEditor" StartDate="2014-09-27 12:59:12.229 JST" StructureHandle="=cm7/src&amp;lt;app.main{CanvasActv.java[CanvasActv~_test_DrawLine" StructureKind="java" NumEvents="7" CreationCount="968"/><InteractionEvent Delta="null" EndDate="2014-09-27 16:42:01.990 JST" Interest="2929.0" Kind="propagation" Navigation="org.eclipse.mylyn.core.model.edges.containment" OriginId="org.eclipse.mylyn.core.model.interest.propagation" StartDate="2014-09-27 10:38:21.269 JST" StructureHandle="/cm7/src/app/main" StructureKind="resource" NumEvents="2929" CreationCount="138"/><InteractionEvent Delta="null" EndDate="2014-09-27 11:12:06.254 JST" Interest="9.0" Kind="edit" Navigation="null" OriginId="org.eclipse.jdt.ui.CompilationUnitEditor" StartDate="2014-09-27 11:11:25.739 JST" StructureHandle="=cm7/src&amp;lt;app.utils{CONS_C.java[CONS_C[Pref^pkey_Canvas_OpID" StructureKind="java" NumEvents="9" CreationCount="643"/><InteractionEvent Delta="null" EndDate="2014-09-27 11:12:12.833 JST" Interest="6.0" Kind="selection" Navigation="null" OriginId="org.eclipse.jdt.ui.CompilationUnitEditor" StartDate="2014-09-27 11:11:22.399 JST" StructureHandle="=cm7/src&amp;lt;app.utils{CONS_C.java[CONS_C[Pref^pkey_Canvas_OpID" StructureKind="java" NumEvents="6" CreationCount="643"/><InteractionEvent Delta="null" EndDate="2014-09-27 11:21:35.413 JST" Interest="9.333" Kind="propagation" Navigation="org.eclipse.mylyn.core.model.edges.containment" OriginId="org.eclipse.mylyn.core.model.interest.propagation" StartDate="2014-09-27 11:03:29.825 JST" StructureHandle="=TA2/src&amp;lt;ta2.utils" StructureKind="java" NumEvents="12" CreationCount="372"/><InteractionEvent Delta="null" EndDate="2014-09-27 11:21:35.493 JST" Interest="2.0" Kind="selection" Navigation="null" OriginId="org.eclipse.ui.views.ResourceNavigator" StartDate="2014-09-27 11:03:28.244 JST" StructureHandle="=TA2/src&amp;lt;ta2.utils" StructureKind="java" NumEvents="2" CreationCount="372"/><InteractionEvent Delta="null" EndDate="2014-09-27 13:02:36.231 JST" Interest="6.0" Kind="edit" Navigation="null" OriginId="org.eclipse.jdt.ui.CompilationUnitEditor" StartDate="2014-09-27 13:02:34.647 JST" StructureHandle="=cm7/src&amp;lt;app.utils{Lab.java[Lab~setup~QActivity;" StructureKind="java" NumEvents="6" CreationCount="1074"/><InteractionEvent Delta="null" EndDate="2014-09-27 13:02:43.527 JST" Interest="5.0" Kind="selection" Navigation="null" OriginId="org.eclipse.jdt.ui.CompilationUnitEditor" StartDate="2014-09-27 13:02:34.47 JST" StructureHandle="=cm7/src&amp;lt;app.utils{Lab.java[Lab~setup~QActivity;" StructureKind="java" NumEvents="5" CreationCount="1074"/><InteractionEvent Delta="null" EndDate="2014-09-27 15:56:28.335 JST" Interest="195.0" Kind="edit" Navigation="null" OriginId="org.eclipse.jdt.ui.CompilationUnitEditor" StartDate="2014-09-27 10:38:30.867 JST" StructureHandle="=cm7/src&amp;lt;app.main{CanvasActv.java[CanvasActv~onStart" StructureKind="java" NumEvents="195" CreationCount="142"/><InteractionEvent Delta="null" EndDate="2014-09-27 15:56:45.853 JST" Interest="28.0" Kind="selection" Navigation="null" OriginId="org.eclipse.jdt.ui.CompilationUnitEditor" StartDate="2014-09-27 10:38:29.683 JST" StructureHandle="=cm7/src&amp;lt;app.main{CanvasActv.java[CanvasActv~onStart" StructureKind="java" NumEvents="28" CreationCount="142"/><InteractionEvent Delta="null" EndDate="2014-09-27 16:42:01.990 JST" Interest="3627.017" Kind="propagation" Navigation="org.eclipse.mylyn.core.model.edges.containment" OriginId="org.eclipse.mylyn.core.model.interest.propagation" StartDate="2014-09-27 10:26:15.158 JST" StructureHandle="=cm7" StructureKind="resource" NumEvents="3629" CreationCount="1"/><InteractionEvent Delta="null" EndDate="2014-09-27 13:02:44.738 JST" Interest="11.2" Kind="propagation" Navigation="org.eclipse.mylyn.core.model.edges.containment" OriginId="org.eclipse.mylyn.core.model.interest.propagation" StartDate="2014-09-27 13:02:31.273 JST" StructureHandle="=cm7/src&amp;lt;app.utils{Lab.java[Lab" StructureKind="java" NumEvents="14" CreationCount="1072"/><InteractionEvent Delta="null" EndDate="2014-09-27 16:42:01.991 JST" Interest="1137.9921" Kind="propagation" Navigation="org.eclipse.mylyn.core.model.edges.containment" OriginId="org.eclipse.mylyn.core.model.interest.propagation" StartDate="2014-09-27 10:26:15.158 JST" StructureHandle="=cm7/src" StructureKind="java" NumEvents="1689" CreationCount="1"/><InteractionEvent Delta="null" EndDate="2014-09-27 13:02:01.22 JST" Interest="21.0" Kind="edit" Navigation="null" OriginId="org.eclipse.jdt.ui.CompilationUnitEditor" StartDate="2014-09-27 11:06:03.868 JST" StructureHandle="=cm7/src&amp;lt;app.utils{CONS.java[CONS[DB^dPath_Log" StructureKind="java" NumEvents="21" CreationCount="482"/><InteractionEvent Delta="null" EndDate="2014-09-27 13:04:27.522 JST" Interest="6.0" Kind="selection" Navigation="null" OriginId="org.eclipse.jdt.ui.CompilationUnitEditor" StartDate="2014-09-27 11:06:03.865 JST" StructureHandle="=cm7/src&amp;lt;app.utils{CONS.java[CONS[DB^dPath_Log" StructureKind="java" NumEvents="6" CreationCount="482"/><InteractionEvent Delta="null" EndDate="2014-09-27 10:32:17.689 JST" Interest="5.9" Kind="propagation" Navigation="org.eclipse.mylyn.core.model.edges.containment" OriginId="org.eclipse.mylyn.core.model.interest.propagation" StartDate="2014-09-27 10:32:03.467 JST" StructureHandle="=cm7/src&amp;lt;app.utils{CONS_Canvas.java[CONS_Canvas[Line" StructureKind="java" NumEvents="8" CreationCount="42"/><InteractionEvent Delta="null" EndDate="2014-09-27 10:32:22.682 JST" Interest="2.0" Kind="edit" Navigation="null" OriginId="org.eclipse.jdt.ui.CompilationUnitEditor" StartDate="2014-09-27 10:32:21.526 JST" StructureHandle="=cm7/src&amp;lt;app.utils{CONS_Canvas.java[CONS_Canvas[Line" StructureKind="java" NumEvents="2" CreationCount="42"/><InteractionEvent Delta="null" EndDate="2014-09-27 10:32:20.669 JST" Interest="1.0" Kind="selection" Navigation="null" OriginId="org.eclipse.jdt.ui.CompilationUnitEditor" StartDate="2014-09-27 10:32:20.669 JST" StructureHandle="=cm7/src&amp;lt;app.utils{CONS_Canvas.java[CONS_Canvas[Line" StructureKind="java"/><InteractionEvent Delta="null" EndDate="2014-09-27 16:42:01.990 JST" Interest="2931.329" Kind="propagation" Navigation="org.eclipse.mylyn.core.model.edges.containment" OriginId="org.eclipse.mylyn.core.model.interest.propagation" StartDate="2014-09-27 10:26:15.158 JST" StructureHandle="/cm7/src/app" StructureKind="resource" NumEvents="2938" CreationCount="1"/><InteractionEvent Delta="null" EndDate="2014-09-27 11:14:27.852 JST" Interest="4.0" Kind="edit" Navigation="null" OriginId="org.eclipse.jdt.ui.CompilationUnitEditor" StartDate="2014-09-27 11:14:00.100 JST" StructureHandle="=cm7/src&amp;lt;app.utils{CONS_C.java[CONS_C[Pref^OPID_DrawLines" StructureKind="java" NumEvents="4" CreationCount="696"/><InteractionEvent Delta="null" EndDate="2014-09-27 13:01:10.356 JST" Interest="4.0" Kind="selection" Navigation="null" OriginId="org.eclipse.jdt.ui.CompilationUnitEditor" StartDate="2014-09-27 11:13:57.901 JST" StructureHandle="=cm7/src&amp;lt;app.utils{CONS_C.java[CONS_C[Pref^OPID_DRAW_LINES" StructureKind="java" NumEvents="4" CreationCount="696"/><InteractionEvent Delta="null" EndDate="2014-09-27 10:32:28.946 JST" Interest="3.0" Kind="selection" Navigation="null" OriginId="org.eclipse.jdt.ui.CompilationUnitEditor" StartDate="2014-09-27 10:32:24.770 JST" StructureHandle="=cm7/src&amp;lt;app.utils{CONS_Canvas.java[CONS_Canvas[Line^p_Lines" StructureKind="java" NumEvents="3" CreationCount="53"/><InteractionEvent Delta="null" EndDate="2014-09-27 13:01:40.447 JST" Interest="23.0" Kind="edit" Navigation="null" OriginId="org.eclipse.jdt.ui.CompilationUnitEditor" StartDate="2014-09-27 11:02:38.341 JST" StructureHandle="=cm7/src&amp;lt;app.utils{CONS.java[CONS[DB^dPath_dbFile_backup" StructureKind="java" NumEvents="23" CreationCount="354"/><InteractionEvent Delta="null" EndDate="2014-09-27 13:01:40.444 JST" Interest="12.0" Kind="selection" Navigation="null" OriginId="org.eclipse.jdt.ui.CompilationUnitEditor" StartDate="2014-09-27 11:02:36.612 JST" StructureHandle="=cm7/src&amp;lt;app.utils{CONS.java[CONS[DB^dPath_dbFile_backup" StructureKind="java" NumEvents="12" CreationCount="354"/><InteractionEvent Delta="null" EndDate="2014-09-27 11:10:04.22 JST" Interest="3.0" Kind="edit" Navigation="null" OriginId="org.eclipse.jdt.ui.CompilationUnitEditor" StartDate="2014-09-27 11:10:01.491 JST" StructureHandle="=cm7/src&amp;lt;app.listeners.button{BO_CL.java[BO_CL~BO_CL~QActivity;" StructureKind="java" NumEvents="3" CreationCount="600"/><InteractionEvent Delta="null" EndDate="2014-09-27 11:14:47.323 JST" Interest="2.0" Kind="selection" Navigation="null" OriginId="org.eclipse.jdt.ui.CompilationUnitEditor" StartDate="2014-09-27 11:10:00.203 JST" StructureHandle="=cm7/src&amp;lt;app.listeners.button{BO_CL.java[BO_CL~BO_CL~QActivity;" StructureKind="java" NumEvents="2" CreationCount="600"/><InteractionEvent Delta="null" EndDate="2014-09-27 11:02:14.421 JST" Interest="2.0" Kind="selection" Navigation="null" OriginId="org.eclipse.jdt.ui.CompilationUnitEditor" StartDate="2014-09-27 11:02:10.771 JST" StructureHandle="=cm7/src&amp;lt;app.utils{CONS.java[CONS[DB^cols_memo_patterns_CM6" StructureKind="java" NumEvents="2" CreationCount="345"/><InteractionEvent Delta="null" EndDate="2014-09-27 16:41:09.542 JST" Interest="31.626003" Kind="manipulation" Navigation="null" OriginId="org.eclipse.mylyn.core.model.interest.decay.correction" StartDate="2014-09-27 16:41:09.542 JST" StructureHandle="=cm7/src&amp;lt;app.utils{Lab.java" StructureKind="java"/><InteractionEvent Delta="null" EndDate="2014-09-27 13:02:44.739 JST" Interest="10.217" Kind="propagation" Navigation="org.eclipse.mylyn.core.model.edges.containment" OriginId="org.eclipse.mylyn.core.model.interest.propagation" StartDate="2014-09-27 13:02:31.274 JST" StructureHandle="=cm7/src&amp;lt;app.utils{Lab.java" StructureKind="java" NumEvents="15" CreationCount="1071"/><InteractionEvent Delta="null" EndDate="2014-09-27 16:41:09.542 JST" Interest="3.0" Kind="selection" Navigation="null" OriginId="org.eclipse.jdt.ui.PackageExplorer" StartDate="2014-09-27 13:02:29.471 JST" StructureHandle="=cm7/src&amp;lt;app.utils{Lab.java" StructureKind="java" NumEvents="3" CreationCount="1071"/><InteractionEvent Delta="null" EndDate="2014-09-27 11:21:35.494 JST" Interest="18.068" Kind="propagation" Navigation="org.eclipse.mylyn.core.model.edges.containment" OriginId="org.eclipse.mylyn.core.model.interest.propagation" StartDate="2014-09-27 11:03:24.705 JST" StructureHandle="/TA2/src" StructureKind="resource" NumEvents="21" CreationCount="369"/><InteractionEvent Delta="null" EndDate="2014-09-27 11:21:35.494 JST" Interest="17.085001" Kind="propagation" Navigation="org.eclipse.mylyn.core.model.edges.containment" OriginId="org.eclipse.mylyn.core.model.interest.propagation" StartDate="2014-09-27 11:03:24.705 JST" StructureHandle="=TA2" StructureKind="resource" NumEvents="22" CreationCount="368"/><InteractionEvent Delta="null" EndDate="2014-09-27 11:03:22.64 JST" Interest="1.0" Kind="selection" Navigation="null" OriginId="org.eclipse.ui.views.ResourceNavigator" StartDate="2014-09-27 11:03:22.64 JST" StructureHandle="=TA2" StructureKind="java"/><InteractionEvent Delta="null" EndDate="2014-09-27 13:01:43.553 JST" Interest="36.77" Kind="propagation" Navigation="org.eclipse.mylyn.core.model.edges.containment" OriginId="org.eclipse.mylyn.core.model.interest.propagation" StartDate="2014-09-27 11:02:07.987 JST" StructureHandle="=cm7/src&amp;lt;app.utils{CONS.java[CONS" StructureKind="java" NumEvents="59" CreationCount="344"/><InteractionEvent Delta="null" EndDate="2014-09-27 11:07:44.544 JST" Interest="6.7339997" Kind="propagation" Navigation="org.eclipse.mylyn.core.model.edges.containment" OriginId="org.eclipse.mylyn.core.model.interest.propagation" StartDate="2014-09-27 11:03:34.43 JST" StructureHandle="=TA2/src&amp;lt;ta2.utils{CONS.java[CONS" StructureKind="java" NumEvents="10" CreationCount="376"/><InteractionEvent Delta="null" EndDate="2014-09-27 11:06:30.195 JST" Interest="34.0" Kind="edit" Navigation="null" OriginId="org.eclipse.jdt.ui.CompilationUnitEditor" StartDate="2014-09-27 11:02:14.824 JST" StructureHandle="=cm7/src&amp;lt;app.utils{CONS.java[CONS[DB^dPath_Lab" StructureKind="java" NumEvents="34" CreationCount="346"/><InteractionEvent Delta="null" EndDate="2014-09-27 11:06:30.184 JST" Interest="7.0" Kind="selection" Navigation="null" OriginId="org.eclipse.jdt.ui.CompilationUnitEditor" StartDate="2014-09-27 11:02:14.268 JST" StructureHandle="=cm7/src&amp;lt;app.utils{CONS.java[CONS[DB^dPath_Lab" StructureKind="java" NumEvents="7" CreationCount="346"/><InteractionEvent Delta="null" EndDate="2014-09-27 16:42:01.990 JST" Interest="2929.0" Kind="propagation" Navigation="null" OriginId="org.eclipse.jdt.ui.CompilationUnitEditor" StartDate="2014-09-27 10:38:21.269 JST" StructureHandle="/cm7/src/app/main/CanvasActv.java" StructureKind="resource" NumEvents="2929" CreationCount="138"/><InteractionEvent Delta="null" EndDate="2014-09-27 11:14:47.323 JST" Interest="7.0" Kind="propagation" Navigation="null" OriginId="org.eclipse.jdt.ui.CompilationUnitEditor" StartDate="2014-09-27 11:09:59.406 JST" StructureHandle="/cm7/src/app/listeners/button/BO_CL.java" StructureKind="resource" NumEvents="7" CreationCount="599"/><InteractionEvent Delta="null" EndDate="2014-09-27 11:14:47.323 JST" Interest="4.1" Kind="propagation" Navigation="org.eclipse.mylyn.core.model.edges.containment" OriginId="org.eclipse.mylyn.core.model.interest.propagation" StartDate="2014-09-27 11:10:00.203 JST" StructureHandle="=cm7/src&amp;lt;app.listeners.button{BO_CL.java[BO_CL" StructureKind="java" NumEvents="5" CreationCount="600"/><InteractionEvent Delta="null" EndDate="2014-09-27 11:10:14.267 JST" Interest="5.5620003" Kind="manipulation" Navigation="null" OriginId="org.eclipse.mylyn.core.model.interest.decay.correction" StartDate="2014-09-27 11:10:14.267 JST" StructureHandle="=cm7/src&amp;lt;app.utils{CONS_C.java[CONS_C[Line^pnt_Lines" StructureKind="java"/><InteractionEvent Delta="null" EndDate="2014-09-27 10:37:15.468 JST" Interest="1.0" Kind="edit" Navigation="null" OriginId="org.eclipse.jdt.ui.CompilationUnitEditor" StartDate="2014-09-27 10:37:15.468 JST" StructureHandle="=cm7/src&amp;lt;app.utils{CONS_C.java[CONS_C[Line^pnt_Lines" StructureKind="java"/><InteractionEvent Delta="null" EndDate="2014-09-27 11:10:47.16 JST" Interest="4.0" Kind="selection" Navigation="null" OriginId="org.eclipse.jdt.ui.CompilationUnitEditor" StartDate="2014-09-27 10:37:13.919 JST" StructureHandle="=cm7/src&amp;lt;app.utils{CONS_C.java[CONS_C[Line^pnt_Lines" StructureKind="java" NumEvents="4" CreationCount="118"/><InteractionEvent Delta="null" EndDate="2014-09-27 13:04:28.244 JST" Interest="184.0" Kind="propagation" Navigation="null" OriginId="org.eclipse.jdt.ui.CompilationUnitEditor" StartDate="2014-09-27 11:02:04.383 JST" StructureHandle="/cm7/src/app/utils/CONS.java" StructureKind="resource" NumEvents="184" CreationCount="342"/><InteractionEvent Delta="null" EndDate="2014-09-27 11:07:33.804 JST" Interest="29.803997" Kind="propagation" Navigation="org.eclipse.mylyn.core.model.edges.containment" OriginId="org.eclipse.mylyn.core.model.interest.propagation" StartDate="2014-09-27 11:02:06.375 JST" StructureHandle="=cm7/src&amp;lt;app.utils{CONS.java" StructureKind="java" NumEvents="50" CreationCount="342"/><InteractionEvent Delta="null" EndDate="2014-09-27 13:04:28.244 JST" Interest="15.0" Kind="selection" Navigation="null" OriginId="org.eclipse.jdt.ui.CompilationUnitEditor" StartDate="2014-09-27 11:02:04.382 JST" StructureHandle="=cm7/src&amp;lt;app.utils{CONS.java" StructureKind="java" NumEvents="15" CreationCount="342"/><InteractionEvent Delta="null" EndDate="2014-09-27 16:41:09.548 JST" Interest="62.353004" Kind="propagation" Navigation="org.eclipse.mylyn.core.model.edges.containment" OriginId="org.eclipse.mylyn.core.model.interest.propagation" StartDate="2014-09-27 10:32:01.281 JST" StructureHandle="=cm7/src&amp;lt;app.utils" StructureKind="java" NumEvents="73" CreationCount="41"/><InteractionEvent Delta="null" EndDate="2014-09-27 16:34:57.427 JST" Interest="31.0" Kind="prediction" Navigation="null" OriginId="org.eclipse.mylyn.resources.ui.interest.updater" StartDate="2014-09-27 10:40:23.146 JST" StructureHandle="/cm7/bin/cm7.apk" StructureKind="resource" NumEvents="31" CreationCount="260"/><InteractionEvent Delta="null" EndDate="2014-09-27 10:32:31.431 JST" Interest="1.0" Kind="edit" Navigation="null" OriginId="org.eclipse.jdt.ui.CompilationUnitEditor" StartDate="2014-09-27 10:32:31.431 JST" StructureHandle="=cm7/src&amp;lt;app.utils{CONS_Canvas.java[CONS_Canvas[Line^p" StructureKind="java"/><InteractionEvent Delta="null" EndDate="2014-09-27 10:32:34.585 JST" Interest="3.0" Kind="selection" Navigation="null" OriginId="org.eclipse.jdt.ui.CompilationUnitEditor" StartDate="2014-09-27 10:32:30.292 JST" StructureHandle="=cm7/src&amp;lt;app.utils{CONS_Canvas.java[CONS_Canvas[Line^p_Line" StructureKind="java" NumEvents="3" CreationCount="59"/><InteractionEvent Delta="null" EndDate="2014-09-27 11:03:27.863 JST" Interest="1.0" Kind="selection" Navigation="null" OriginId="org.eclipse.ui.views.ResourceNavigator" StartDate="2014-09-27 11:03:27.863 JST" StructureHandle="/TA2/.classpath" StructureKind="resource"/><InteractionEvent Delta="null" EndDate="2014-09-27 11:21:35.412 JST" Interest="2.5310006" Kind="manipulation" Navigation="null" OriginId="org.eclipse.mylyn.core.model.interest.decay.correction" StartDate="2014-09-27 11:21:35.412 JST" StructureHandle="=TA2/src&amp;lt;ta2.utils{CONS.java" StructureKind="java"/><InteractionEvent Delta="null" EndDate="2014-09-27 11:05:00.111 JST" Interest="1.7850004" Kind="propagation" Navigation="org.eclipse.mylyn.core.model.edges.containment" OriginId="org.eclipse.mylyn.core.model.interest.propagation" StartDate="2014-09-27 11:03:37.996 JST" StructureHandle="=TA2/src&amp;lt;ta2.utils{CONS.java" StructureKind="java" NumEvents="5" CreationCount="373"/><InteractionEvent Delta="null" EndDate="2014-09-27 11:21:35.412 JST" Interest="6.0" Kind="selection" Navigation="null" OriginId="org.eclipse.ui.views.ResourceNavigator" StartDate="2014-09-27 11:03:29.824 JST" StructureHandle="=TA2/src&amp;lt;ta2.utils{CONS.java" StructureKind="java" NumEvents="6" CreationCount="373"/><InteractionEvent Delta="null" EndDate="2014-09-27 11:03:57.371 JST" Interest="2.734" Kind="propagation" Navigation="org.eclipse.mylyn.core.model.edges.containment" OriginId="org.eclipse.mylyn.core.model.interest.propagation" StartDate="2014-09-27 11:03:35.924 JST" StructureHandle="=TA2/src&amp;lt;ta2.utils{CONS.java[CONS[DB" StructureKind="java" NumEvents="6" CreationCount="376"/><InteractionEvent Delta="null" EndDate="2014-09-27 11:07:44.543 JST" Interest="4.0" Kind="selection" Navigation="null" OriginId="org.eclipse.jdt.ui.CompilationUnitEditor" StartDate="2014-09-27 11:03:34.43 JST" StructureHandle="=TA2/src&amp;lt;ta2.utils{CONS.java[CONS[DB" StructureKind="java" NumEvents="4" CreationCount="376"/><InteractionEvent Delta="null" EndDate="2014-09-27 11:14:16.711 JST" Interest="13.0" Kind="edit" Navigation="null" OriginId="org.eclipse.jdt.ui.CompilationUnitEditor" StartDate="2014-09-27 11:12:36.548 JST" StructureHandle="=cm7/src&amp;lt;app.utils{CONS_C.java[CONS_C[Pref^OPID_DrawLine" StructureKind="java" NumEvents="13" CreationCount="672"/><InteractionEvent Delta="null" EndDate="2014-09-27 11:14:06.498 JST" Interest="8.0" Kind="selection" Navigation="null" OriginId="org.eclipse.jdt.ui.CompilationUnitEditor" StartDate="2014-09-27 11:12:23.482 JST" StructureHandle="=cm7/src&amp;lt;app.utils{CONS_C.java[CONS_C[Pref^opID_DrawLine" StructureKind="java" NumEvents="8" CreationCount="672"/><InteractionEvent Delta="null" EndDate="2014-09-27 16:27:39.732 JST" Interest="731.0" Kind="edit" Navigation="null" OriginId="org.eclipse.jdt.ui.CompilationUnitEditor" StartDate="2014-09-27 13:00:40.383 JST" StructureHandle="=cm7/src&amp;lt;app.main{CanvasActv.java[CanvasActv~_op_DrawLines_PrepData" StructureKind="java" NumEvents="731" CreationCount="1008"/><InteractionEvent Delta="null" EndDate="2014-09-27 16:27:47.468 JST" Interest="25.0" Kind="selection" Navigation="null" OriginId="org.eclipse.jdt.ui.CompilationUnitEditor" StartDate="2014-09-27 13:00:39.133 JST" StructureHandle="=cm7/src&amp;lt;app.main{CanvasActv.java[CanvasActv~_op_DrawLines_PrepData" StructureKind="java" NumEvents="25" CreationCount="1008"/><InteractionEvent Delta="null" EndDate="2014-09-27 11:13:54.144 JST" Interest="26.556002" Kind="propagation" Navigation="org.eclipse.mylyn.core.model.edges.containment" OriginId="org.eclipse.mylyn.core.model.interest.propagation" StartDate="2014-09-27 10:32:03.467 JST" StructureHandle="=cm7/src&amp;lt;app.utils{CONS_C.java" StructureKind="java" NumEvents="42" CreationCount="41"/><InteractionEvent Delta="null" EndDate="2014-09-27 15:30:28.316 JST" Interest="7.0" Kind="selection" Navigation="null" OriginId="org.eclipse.jdt.ui.CompilationUnitEditor" StartDate="2014-09-27 10:32:01.280 JST" StructureHandle="=cm7/src&amp;lt;app.utils{CONS_C.java" StructureKind="java" NumEvents="7" CreationCount="41"/><InteractionEvent Delta="null" EndDate="2014-09-27 10:43:42.41 JST" Interest="2.0" Kind="propagation" Navigation="org.eclipse.mylyn.core.model.edges.containment" OriginId="org.eclipse.mylyn.core.model.interest.propagation" StartDate="2014-09-27 10:40:23.146 JST" StructureHandle="/cm7/bin" StructureKind="resource" NumEvents="2" CreationCount="260"/><InteractionEvent Delta="null" EndDate="2014-09-27 11:21:35.494 JST" Interest="23.0" Kind="propagation" Navigation="null" OriginId="org.eclipse.ui.views.ResourceNavigator" StartDate="2014-09-27 11:03:22.64 JST" StructureHandle="/TA2" StructureKind="resource" NumEvents="23" CreationCount="368"/><InteractionEvent Delta="null" EndDate="2014-09-27 11:04:54.100 JST" Interest="3.0" Kind="selection" Navigation="null" OriginId="org.eclipse.jdt.ui.CompilationUnitEditor" StartDate="2014-09-27 11:04:49.745 JST" StructureHandle="=cm7/src&amp;lt;app.utils{CONS.java[CONS[Enums" StructureKind="java" NumEvents="3" CreationCount="409"/><InteractionEvent Delta="null" EndDate="2014-09-27 15:40:22.221 JST" Interest="7.3010006" Kind="manipulation" Navigation="null" OriginId="org.eclipse.mylyn.core.model.interest.decay.correction" StartDate="2014-09-27 15:40:22.221 JST" StructureHandle="=cm7/src&amp;lt;app.views{CanvasView_4.java[CanvasView_4~onDraw~QCanvas;" StructureKind="java"/><InteractionEvent Delta="null" EndDate="2014-09-27 16:03:52.559 JST" Interest="69.0" Kind="edit" Navigation="null" OriginId="org.eclipse.jdt.ui.CompilationUnitEditor" StartDate="2014-09-27 10:35:55.392 JST" StructureHandle="=cm7/src&amp;lt;app.views{CanvasView_4.java[CanvasView_4~onDraw~QCanvas;" StructureKind="java" NumEvents="69" CreationCount="80"/><InteractionEvent Delta="null" EndDate="2014-09-27 16:03:52.548 JST" Interest="12.0" Kind="selection" Navigation="null" OriginId="org.eclipse.jdt.ui.CompilationUnitEditor" StartDate="2014-09-27 10:35:54.513 JST" StructureHandle="=cm7/src&amp;lt;app.views{CanvasView_4.java[CanvasView_4~onDraw~QCanvas;" StructureKind="java" NumEvents="12" CreationCount="80"/><InteractionEvent Delta="null" EndDate="2014-09-27 11:13:54.143 JST" Interest="27.281" Kind="propagation" Navigation="org.eclipse.mylyn.core.model.edges.containment" OriginId="org.eclipse.mylyn.core.model.interest.propagation" StartDate="2014-09-27 10:37:13.223 JST" StructureHandle="=cm7/src&amp;lt;app.utils{CONS_C.java[CONS_C" StructureKind="java" NumEvents="50" CreationCount="116"/><InteractionEvent Delta="null" EndDate="2014-09-27 11:10:42.804 JST" Interest="3.0" Kind="selection" Navigation="null" OriginId="org.eclipse.jdt.ui.CompilationUnitEditor" StartDate="2014-09-27 11:10:20.588 JST" StructureHandle="=cm7/src&amp;lt;app.utils{CONS_C.java[CONS_C" StructureKind="java" NumEvents="3" CreationCount="116"/><InteractionEvent Delta="null" EndDate="2014-09-27 11:10:14.204 JST" Interest="0.9590006" Kind="manipulation" Navigation="null" OriginId="org.eclipse.mylyn.core.model.interest.decay.correction" StartDate="2014-09-27 11:10:14.204 JST" StructureHandle="/cm7/src/app/utils/CONS_C.java" StructureKind="resource"/><InteractionEvent Delta="null" EndDate="2014-09-27 15:30:28.317 JST" Interest="120.0" Kind="propagation" Navigation="null" OriginId="org.eclipse.jdt.ui.CompilationUnitEditor" StartDate="2014-09-27 10:33:36.748 JST" StructureHandle="/cm7/src/app/utils/CONS_C.java" StructureKind="resource" NumEvents="120" CreationCount="77"/><InteractionEvent Delta="null" EndDate="2014-09-27 11:21:35.494 JST" Interest="10.384" Kind="propagation" Navigation="org.eclipse.mylyn.core.model.edges.containment" OriginId="org.eclipse.mylyn.core.model.interest.propagation" StartDate="2014-09-27 11:03:25.132 JST" StructureHandle="=TA2/src" StructureKind="java" NumEvents="14" CreationCount="369"/><InteractionEvent Delta="null" EndDate="2014-09-27 11:03:24.705 JST" Interest="1.0" Kind="selection" Navigation="null" OriginId="org.eclipse.ui.views.ResourceNavigator" StartDate="2014-09-27 11:03:24.705 JST" StructureHandle="=TA2/src" StructureKind="java"/><InteractionEvent Delta="null" EndDate="2014-09-27 10:32:27.508 JST" Interest="8.300001" Kind="propagation" Navigation="org.eclipse.mylyn.core.model.edges.containment" OriginId="org.eclipse.mylyn.core.model.interest.propagation" StartDate="2014-09-27 10:32:03.467 JST" StructureHandle="=cm7/src&amp;lt;app.utils{CONS_Canvas.java[CONS_Canvas" StructureKind="java" NumEvents="12" CreationCount="42"/><InteractionEvent Delta="null" EndDate="2014-09-27 16:42:01.989 JST" Interest="1562.0" Kind="edit" Navigation="null" OriginId="org.eclipse.jdt.ui.CompilationUnitEditor" StartDate="2014-09-27 12:59:22.743 JST" StructureHandle="=cm7/src&amp;lt;app.main{CanvasActv.java[CanvasActv~_op_DrawLines" StructureKind="java" NumEvents="1562" CreationCount="977"/><InteractionEvent Delta="null" EndDate="2014-09-27 16:41:10.136 JST" Interest="28.0" Kind="selection" Navigation="null" OriginId="org.eclipse.jdt.ui.CompilationUnitEditor" StartDate="2014-09-27 12:59:19.966 JST" StructureHandle="=cm7/src&amp;lt;app.main{CanvasActv.java[CanvasActv~_op_DrawLines" StructureKind="java" NumEvents="28" CreationCount="977"/></InteractionHistory>