<?xml version="1.0" encoding="UTF-8"?><InteractionHistory Id="local-190" Version="1"><InteractionEvent Delta="null" EndDate="2014-11-06 09:24:29.410 JST" Interest="1058.085" Kind="propagation" Navigation="org.eclipse.mylyn.core.model.edges.containment" OriginId="org.eclipse.mylyn.core.model.interest.propagation" StartDate="2014-11-06 08:54:25.441 JST" StructureHandle="=CutPlanner_A" StructureKind="resource" NumEvents="1065" CreationCount="1"/><InteractionEvent Delta="null" EndDate="2014-11-06 09:23:06.178 JST" Interest="2.0" Kind="selection" Navigation="null" OriginId="org.eclipse.jdt.ui.PackageExplorer" StartDate="2014-11-06 08:54:22.808 JST" StructureHandle="=CutPlanner_A" StructureKind="java" NumEvents="2" CreationCount="1"/><InteractionEvent Delta="null" EndDate="2014-11-06 09:24:29.411 JST" Interest="1060.085" Kind="propagation" Navigation="org.eclipse.mylyn.core.model.edges.containment" OriginId="org.eclipse.mylyn.core.model.interest.propagation" StartDate="2014-11-06 08:54:22.809 JST" StructureHandle="" StructureKind="java" NumEvents="1067" CreationCount="1"/><InteractionEvent Delta="null" EndDate="2014-11-06 08:57:51.760 JST" Interest="1.0" Kind="selection" Navigation="null" OriginId="org.eclipse.jdt.ui.CompilationUnitEditor" StartDate="2014-11-06 08:57:51.760 JST" StructureHandle="=CutPlanner_A/src&amp;lt;cp.utils{CONS.java[CONS[Canvas^DrawA" StructureKind="java"/><InteractionEvent Delta="null" EndDate="2014-11-06 08:57:51.764 JST" Interest="1.0" Kind="edit" Navigation="null" OriginId="org.eclipse.jdt.ui.CompilationUnitEditor" StartDate="2014-11-06 08:57:51.764 JST" StructureHandle="=CutPlanner_A/src&amp;lt;cp.utils{CONS.java[CONS[Canvas^DrawA" StructureKind="java"/><InteractionEvent Delta="null" EndDate="2014-11-06 09:19:32.371 JST" Interest="26.17" Kind="propagation" Navigation="org.eclipse.mylyn.core.model.edges.containment" OriginId="org.eclipse.mylyn.core.model.interest.propagation" StartDate="2014-11-06 08:55:18.827 JST" StructureHandle="=CutPlanner_A/src&amp;lt;cp.views" StructureKind="java" NumEvents="16" CreationCount="3"/><InteractionEvent Delta="null" EndDate="2014-11-06 08:55:17.563 JST" Interest="1.0" Kind="selection" Navigation="null" OriginId="org.eclipse.jdt.ui.PackageExplorer" StartDate="2014-11-06 08:55:17.563 JST" StructureHandle="=CutPlanner_A/src&amp;lt;cp.views" StructureKind="java"/><InteractionEvent Delta="null" EndDate="2014-11-06 09:16:31.409 JST" Interest="1.0" Kind="selection" Navigation="null" OriginId="org.eclipse.ui.views.ContentOutline" StartDate="2014-11-06 09:16:31.409 JST" StructureHandle="=CutPlanner_A/src&amp;lt;cp.main{MainActv.java%cp.main" StructureKind="java"/><InteractionEvent Delta="null" EndDate="2014-11-06 09:19:08.616 JST" Interest="17.0" Kind="selection" Navigation="null" OriginId="org.eclipse.jdt.ui.CompilationUnitEditor" StartDate="2014-11-06 08:55:28.239 JST" StructureHandle="=CutPlanner_A/src&amp;lt;cp.listeners.view{V_OTL.java[V_OTL~_case_ACTION_DOWN~F~F" StructureKind="java" NumEvents="17" CreationCount="9"/><InteractionEvent Delta="null" EndDate="2014-11-06 09:13:54.493 JST" Interest="270.0" Kind="edit" Navigation="null" OriginId="org.eclipse.jdt.ui.CompilationUnitEditor" StartDate="2014-11-06 08:55:28.372 JST" StructureHandle="=CutPlanner_A/src&amp;lt;cp.listeners.view{V_OTL.java[V_OTL~_case_ACTION_DOWN~F~F" StructureKind="java" NumEvents="270" CreationCount="9"/><InteractionEvent Delta="null" EndDate="2014-11-06 09:19:32.534 JST" Interest="35.419" Kind="propagation" Navigation="org.eclipse.mylyn.core.model.edges.containment" OriginId="org.eclipse.mylyn.core.model.interest.propagation" StartDate="2014-11-06 08:55:17.564 JST" StructureHandle="/CutPlanner_A/src/cp/views" StructureKind="resource" NumEvents="22" CreationCount="3"/><InteractionEvent Delta="null" EndDate="2014-11-06 09:19:32.534 JST" Interest="3.0" Kind="selection" Navigation="null" OriginId="org.eclipse.jdt.ui.CompilationUnitEditor" StartDate="2014-11-06 09:16:01.549 JST" StructureHandle="=CutPlanner_A/src&amp;lt;cp.views{CV.java[CV~draw_Rect_A~QActivity;" StructureKind="java" NumEvents="3" CreationCount="913"/><InteractionEvent Delta="null" EndDate="2014-11-06 09:16:21.132 JST" Interest="11.0" Kind="edit" Navigation="null" OriginId="org.eclipse.jdt.ui.CompilationUnitEditor" StartDate="2014-11-06 09:16:01.640 JST" StructureHandle="=CutPlanner_A/src&amp;lt;cp.views{CV.java[CV~draw_Rect_A~QActivity;" StructureKind="java" NumEvents="11" CreationCount="913"/><InteractionEvent Delta="null" EndDate="2014-11-06 09:19:42.863 JST" Interest="8.0" Kind="selection" Navigation="null" OriginId="org.eclipse.jdt.ui.CompilationUnitEditor" StartDate="2014-11-06 08:56:36.93 JST" StructureHandle="=CutPlanner_A/src&amp;lt;cp.listeners.view{V_OTL.java[V_OTL~onTouch~QView;~QMotionEvent;" StructureKind="java" NumEvents="8" CreationCount="44"/><InteractionEvent Delta="null" EndDate="2014-11-06 09:19:23.325 JST" Interest="39.0" Kind="edit" Navigation="null" OriginId="org.eclipse.jdt.ui.CompilationUnitEditor" StartDate="2014-11-06 08:56:36.102 JST" StructureHandle="=CutPlanner_A/src&amp;lt;cp.listeners.view{V_OTL.java[V_OTL~onTouch~QView;~QMotionEvent;" StructureKind="java" NumEvents="39" CreationCount="44"/><InteractionEvent Delta="null" EndDate="2014-11-06 09:19:37.352 JST" Interest="1.0" Kind="selection" Navigation="null" OriginId="org.eclipse.jdt.ui.CompilationUnitEditor" StartDate="2014-11-06 09:19:37.352 JST" StructureHandle="=CutPlanner_A/src&amp;lt;cp.utils{CONS.java[CONS[Canvas[ChosenObj^Oth" StructureKind="java"/><InteractionEvent Delta="null" EndDate="2014-11-06 09:19:37.357 JST" Interest="1.0" Kind="edit" Navigation="null" OriginId="org.eclipse.jdt.ui.CompilationUnitEditor" StartDate="2014-11-06 09:19:37.357 JST" StructureHandle="=CutPlanner_A/src&amp;lt;cp.utils{CONS.java[CONS[Canvas[ChosenObj^Oth" StructureKind="java"/><InteractionEvent Delta="null" EndDate="2014-11-06 09:17:57.243 JST" Interest="9.0" Kind="selection" Navigation="null" OriginId="org.eclipse.jdt.ui.CompilationUnitEditor" StartDate="2014-11-06 09:13:59.589 JST" StructureHandle="=CutPlanner_A/src&amp;lt;cp.listeners.view{V_OTL.java[V_OTL~_case_ACTION_MOVE__Rect_A~F~F" StructureKind="java" NumEvents="9" CreationCount="856"/><InteractionEvent Delta="null" EndDate="2014-11-06 09:18:12.808 JST" Interest="49.0" Kind="edit" Navigation="null" OriginId="org.eclipse.jdt.ui.CompilationUnitEditor" StartDate="2014-11-06 09:13:59.593 JST" StructureHandle="=CutPlanner_A/src&amp;lt;cp.listeners.view{V_OTL.java[V_OTL~_case_ACTION_MOVE__Rect_A~F~F" StructureKind="java" NumEvents="49" CreationCount="856"/><InteractionEvent Delta="null" EndDate="2014-11-06 09:19:42.863 JST" Interest="772.0" Kind="propagation" Navigation="null" OriginId="org.eclipse.jdt.ui.CompilationUnitEditor" StartDate="2014-11-06 08:55:22.550 JST" StructureHandle="/CutPlanner_A/src/cp/listeners/view/V_OTL.java" StructureKind="resource" NumEvents="772" CreationCount="6"/><InteractionEvent Delta="null" EndDate="2014-11-06 09:18:13.750 JST" Interest="13.0" Kind="selection" Navigation="null" OriginId="org.eclipse.jdt.ui.CompilationUnitEditor" StartDate="2014-11-06 08:56:26.272 JST" StructureHandle="=CutPlanner_A/src&amp;lt;cp.listeners.view{V_OTL.java[V_OTL" StructureKind="java" NumEvents="13" CreationCount="9"/><InteractionEvent Delta="null" EndDate="2014-11-06 09:11:05.874 JST" Interest="169.19998" Kind="propagation" Navigation="org.eclipse.mylyn.core.model.edges.containment" OriginId="org.eclipse.mylyn.core.model.interest.propagation" StartDate="2014-11-06 08:55:28.240 JST" StructureHandle="=CutPlanner_A/src&amp;lt;cp.listeners.view{V_OTL.java[V_OTL" StructureKind="java" NumEvents="241" CreationCount="9"/><InteractionEvent Delta="null" EndDate="2014-11-06 09:13:53.719 JST" Interest="39.0" Kind="edit" Navigation="null" OriginId="org.eclipse.jdt.ui.CompilationUnitEditor" StartDate="2014-11-06 08:56:26.279 JST" StructureHandle="=CutPlanner_A/src&amp;lt;cp.listeners.view{V_OTL.java[V_OTL" StructureKind="java" NumEvents="39" CreationCount="9"/><InteractionEvent Delta="null" EndDate="2014-11-06 08:58:10.794 JST" Interest="2.0" Kind="selection" Navigation="null" OriginId="org.eclipse.jdt.ui.CompilationUnitEditor" StartDate="2014-11-06 08:57:47.765 JST" StructureHandle="=CutPlanner_A/src&amp;lt;cp.utils{CONS.java[CONS[Canvas^p_A" StructureKind="java" NumEvents="2" CreationCount="84"/><InteractionEvent Delta="null" EndDate="2014-11-06 08:58:10.801 JST" Interest="2.0" Kind="edit" Navigation="null" OriginId="org.eclipse.jdt.ui.CompilationUnitEditor" StartDate="2014-11-06 08:57:47.771 JST" StructureHandle="=CutPlanner_A/src&amp;lt;cp.utils{CONS.java[CONS[Canvas^p_A" StructureKind="java" NumEvents="2" CreationCount="84"/><InteractionEvent Delta="null" EndDate="2014-11-06 08:57:20.233 JST" Interest="1.0" Kind="selection" Navigation="null" OriginId="org.eclipse.jdt.ui.CompilationUnitEditor" StartDate="2014-11-06 08:57:20.233 JST" StructureHandle="=CutPlanner_A/src&amp;lt;cp.utils{Methods.java[Methods" StructureKind="java"/><InteractionEvent Delta="null" EndDate="2014-11-06 09:24:29.410 JST" Interest="41.5" Kind="propagation" Navigation="org.eclipse.mylyn.core.model.edges.containment" OriginId="org.eclipse.mylyn.core.model.interest.propagation" StartDate="2014-11-06 08:57:04.536 JST" StructureHandle="=CutPlanner_A/src&amp;lt;cp.utils{Methods.java[Methods" StructureKind="java" NumEvents="55" CreationCount="52"/><InteractionEvent Delta="null" EndDate="2014-11-06 08:57:32.415 JST" Interest="1.0" Kind="selection" Navigation="null" OriginId="org.eclipse.ui.views.ContentOutline" StartDate="2014-11-06 08:57:32.415 JST" StructureHandle="=CutPlanner_A/src&amp;lt;cp.utils{CONS.java%cp.utils" StructureKind="java"/><InteractionEvent Delta="null" EndDate="2014-11-06 09:06:22.325 JST" Interest="1.0" Kind="prediction" Navigation="null" OriginId="org.eclipse.mylyn.resources.ui.interest.updater" StartDate="2014-11-06 09:06:22.325 JST" StructureHandle="/CutPlanner_A/bin/resources.ap_" StructureKind="resource"/><InteractionEvent Delta="null" EndDate="2014-11-06 09:03:49.289 JST" Interest="28.287" Kind="propagation" Navigation="org.eclipse.mylyn.core.model.edges.containment" OriginId="org.eclipse.mylyn.core.model.interest.propagation" StartDate="2014-11-06 08:57:34.214 JST" StructureHandle="=CutPlanner_A/src&amp;lt;cp.utils{CONS.java" StructureKind="java" NumEvents="49" CreationCount="65"/><InteractionEvent Delta="null" EndDate="2014-11-06 09:19:32.650 JST" Interest="8.0" Kind="selection" Navigation="null" OriginId="org.eclipse.jdt.ui.CompilationUnitEditor" StartDate="2014-11-06 08:57:29.290 JST" StructureHandle="=CutPlanner_A/src&amp;lt;cp.utils{CONS.java" StructureKind="java" NumEvents="8" CreationCount="65"/><InteractionEvent Delta="null" EndDate="2014-11-06 09:16:21.133 JST" Interest="6.7679977" Kind="propagation" Navigation="org.eclipse.mylyn.core.model.edges.containment" OriginId="org.eclipse.mylyn.core.model.interest.propagation" StartDate="2014-11-06 09:16:02.128 JST" StructureHandle="=CutPlanner_A/src&amp;lt;cp.views{CV.java" StructureKind="java" NumEvents="10" CreationCount="4"/><InteractionEvent Delta="null" EndDate="2014-11-06 09:19:32.371 JST" Interest="6.0" Kind="selection" Navigation="null" OriginId="org.eclipse.jdt.ui.CompilationUnitEditor" StartDate="2014-11-06 08:55:18.825 JST" StructureHandle="=CutPlanner_A/src&amp;lt;cp.views{CV.java" StructureKind="java" NumEvents="6" CreationCount="4"/><InteractionEvent Delta="null" EndDate="2014-11-06 09:15:57.785 JST" Interest="14.385001" Kind="manipulation" Navigation="null" OriginId="org.eclipse.mylyn.core.model.interest.decay.correction" StartDate="2014-11-06 09:15:57.785 JST" StructureHandle="=CutPlanner_A/src&amp;lt;cp.views{CV.java" StructureKind="java"/><InteractionEvent Delta="null" EndDate="2014-11-06 09:09:56.660 JST" Interest="4.0" Kind="selection" Navigation="null" OriginId="org.eclipse.jdt.ui.CompilationUnitEditor" StartDate="2014-11-06 09:01:19.121 JST" StructureHandle="=CutPlanner_A/src&amp;lt;cp.utils{CONS.java[CONS[Canvas^Ax1" StructureKind="java" NumEvents="4" CreationCount="140"/><InteractionEvent Delta="null" EndDate="2014-11-06 09:04:13.394 JST" Interest="5.0" Kind="edit" Navigation="null" OriginId="org.eclipse.jdt.ui.CompilationUnitEditor" StartDate="2014-11-06 09:01:19.129 JST" StructureHandle="=CutPlanner_A/src&amp;lt;cp.utils{CONS.java[CONS[Canvas^Ax1" StructureKind="java" NumEvents="5" CreationCount="140"/><InteractionEvent Delta="null" EndDate="2014-11-06 09:19:32.270 JST" Interest="19.599998" Kind="propagation" Navigation="org.eclipse.mylyn.core.model.edges.containment" OriginId="org.eclipse.mylyn.core.model.interest.propagation" StartDate="2014-11-06 09:16:33.962 JST" StructureHandle="=CutPlanner_A/src&amp;lt;cp.main{MainActv.java[MainActv" StructureKind="java" NumEvents="25" CreationCount="930"/><InteractionEvent Delta="null" EndDate="2014-11-06 08:58:14.183 JST" Interest="2.0" Kind="selection" Navigation="null" OriginId="org.eclipse.jdt.ui.CompilationUnitEditor" StartDate="2014-11-06 08:58:02.525 JST" StructureHandle="=CutPlanner_A/src&amp;lt;cp.utils{CONS.java[CONS[Canvas^Rect_B_Y1_prev" StructureKind="java" NumEvents="2" CreationCount="98"/><InteractionEvent Delta="null" EndDate="2014-11-06 08:58:14.187 JST" Interest="2.0" Kind="edit" Navigation="null" OriginId="org.eclipse.jdt.ui.CompilationUnitEditor" StartDate="2014-11-06 08:58:02.531 JST" StructureHandle="=CutPlanner_A/src&amp;lt;cp.utils{CONS.java[CONS[Canvas^Rect_B_Y1_prev" StructureKind="java" NumEvents="2" CreationCount="98"/><InteractionEvent Delta="null" EndDate="2014-11-06 09:19:32.534 JST" Interest="10.700001" Kind="propagation" Navigation="org.eclipse.mylyn.core.model.edges.containment" OriginId="org.eclipse.mylyn.core.model.interest.propagation" StartDate="2014-11-06 09:16:01.550 JST" StructureHandle="=CutPlanner_A/src&amp;lt;cp.views{CV.java[CV" StructureKind="java" NumEvents="14" CreationCount="913"/><InteractionEvent Delta="null" EndDate="2014-11-06 09:13:51.579 JST" Interest="5.0" Kind="selection" Navigation="null" OriginId="org.eclipse.jdt.ui.CompilationUnitEditor" StartDate="2014-11-06 09:12:45.738 JST" StructureHandle="=CutPlanner_A/src&amp;lt;cp.listeners.view{V_OTL.java[V_OTL~_case_ACTION_MOVE__Cir_A~F~F" StructureKind="java" NumEvents="5" CreationCount="739"/><InteractionEvent Delta="null" EndDate="2014-11-06 09:13:52.981 JST" Interest="30.0" Kind="edit" Navigation="null" OriginId="org.eclipse.jdt.ui.CompilationUnitEditor" StartDate="2014-11-06 09:12:45.742 JST" StructureHandle="=CutPlanner_A/src&amp;lt;cp.listeners.view{V_OTL.java[V_OTL~_case_ACTION_MOVE__Cir_A~F~F" StructureKind="java" NumEvents="30" CreationCount="739"/><InteractionEvent Delta="null" EndDate="2014-11-06 09:24:29.411 JST" Interest="1070.0" Kind="propagation" Navigation="org.eclipse.mylyn.core.model.edges.containment" OriginId="org.eclipse.mylyn.core.model.interest.propagation" StartDate="2014-11-06 08:54:22.809 JST" StructureHandle="/" StructureKind="resource" NumEvents="1070" CreationCount="1"/><InteractionEvent Delta="null" EndDate="2014-11-06 09:19:42.864 JST" Interest="218.36798" Kind="propagation" Navigation="org.eclipse.mylyn.core.model.edges.containment" OriginId="org.eclipse.mylyn.core.model.interest.propagation" StartDate="2014-11-06 08:55:22.552 JST" StructureHandle="=CutPlanner_A/src&amp;lt;cp.listeners.view" StructureKind="java" NumEvents="328" CreationCount="5"/><InteractionEvent Delta="null" EndDate="2014-11-06 08:55:20.895 JST" Interest="1.0" Kind="selection" Navigation="null" OriginId="org.eclipse.jdt.ui.PackageExplorer" StartDate="2014-11-06 08:55:20.895 JST" StructureHandle="=CutPlanner_A/src&amp;lt;cp.listeners.view" StructureKind="java"/><InteractionEvent Delta="null" EndDate="2014-11-06 09:02:34.511 JST" Interest="2.0" Kind="selection" Navigation="null" OriginId="org.eclipse.jdt.ui.CompilationUnitEditor" StartDate="2014-11-06 09:02:31.660 JST" StructureHandle="=CutPlanner_A/src&amp;lt;cp.utils{Methods.java[Methods~get_CircleA_Change~QActivity;~F~F~F~F" StructureKind="java" NumEvents="2" CreationCount="179"/><InteractionEvent Delta="null" EndDate="2014-11-06 09:19:42.864 JST" Interest="772.051" Kind="propagation" Navigation="org.eclipse.mylyn.core.model.edges.containment" OriginId="org.eclipse.mylyn.core.model.interest.propagation" StartDate="2014-11-06 08:55:17.564 JST" StructureHandle="/CutPlanner_A/src/cp" StructureKind="resource" NumEvents="777" CreationCount="3"/><InteractionEvent Delta="null" EndDate="2014-11-06 09:19:39.383 JST" Interest="10.0" Kind="selection" Navigation="null" OriginId="org.eclipse.jdt.ui.CompilationUnitEditor" StartDate="2014-11-06 08:57:34.828 JST" StructureHandle="=CutPlanner_A/src&amp;lt;cp.utils{CONS.java[CONS[Canvas[ChosenObj" StructureKind="java" NumEvents="10" CreationCount="72"/><InteractionEvent Delta="null" EndDate="2014-11-06 09:19:39.389 JST" Interest="20.0" Kind="edit" Navigation="null" OriginId="org.eclipse.jdt.ui.CompilationUnitEditor" StartDate="2014-11-06 08:57:34.832 JST" StructureHandle="=CutPlanner_A/src&amp;lt;cp.utils{CONS.java[CONS[Canvas[ChosenObj" StructureKind="java" NumEvents="20" CreationCount="72"/><InteractionEvent Delta="null" EndDate="2014-11-06 09:24:29.410 JST" Interest="69.0" Kind="propagation" Navigation="null" OriginId="org.eclipse.jdt.ui.CompilationUnitEditor" StartDate="2014-11-06 08:57:03.602 JST" StructureHandle="/CutPlanner_A/src/cp/utils/Methods.java" StructureKind="resource" NumEvents="69" CreationCount="51"/><InteractionEvent Delta="null" EndDate="2014-11-06 09:23:06.169 JST" Interest="20.668" Kind="propagation" Navigation="org.eclipse.mylyn.core.model.edges.containment" OriginId="org.eclipse.mylyn.core.model.interest.propagation" StartDate="2014-11-06 09:16:28.671 JST" StructureHandle="=CutPlanner_A/src&amp;lt;cp.main" StructureKind="java" NumEvents="31" CreationCount="926"/><InteractionEvent Delta="null" EndDate="2014-11-06 09:16:27.62 JST" Interest="1.0" Kind="selection" Navigation="null" OriginId="org.eclipse.jdt.ui.PackageExplorer" StartDate="2014-11-06 09:16:27.62 JST" StructureHandle="=CutPlanner_A/src&amp;lt;cp.main" StructureKind="java"/><InteractionEvent Delta="null" EndDate="2014-11-06 08:57:39.625 JST" Interest="1.0" Kind="selection" Navigation="null" OriginId="org.eclipse.jdt.ui.CompilationUnitEditor" StartDate="2014-11-06 08:57:39.625 JST" StructureHandle="=CutPlanner_A/src&amp;lt;cp.utils{CONS.java[CONS[Canvas^p1" StructureKind="java"/><InteractionEvent Delta="null" EndDate="2014-11-06 08:57:39.632 JST" Interest="1.0" Kind="edit" Navigation="null" OriginId="org.eclipse.jdt.ui.CompilationUnitEditor" StartDate="2014-11-06 08:57:39.632 JST" StructureHandle="=CutPlanner_A/src&amp;lt;cp.utils{CONS.java[CONS[Canvas^p1" StructureKind="java"/><InteractionEvent Delta="null" EndDate="2014-11-06 09:01:14.983 JST" Interest="1.0" Kind="selection" Navigation="null" OriginId="org.eclipse.jdt.ui.CompilationUnitEditor" StartDate="2014-11-06 09:01:14.983 JST" StructureHandle="=CutPlanner_A/src&amp;lt;cp.utils{CONS.java[CONS[Canvas^lineWidth" StructureKind="java"/><InteractionEvent Delta="null" EndDate="2014-11-06 09:01:16.785 JST" Interest="3.0" Kind="edit" Navigation="null" OriginId="org.eclipse.jdt.ui.CompilationUnitEditor" StartDate="2014-11-06 09:01:14.989 JST" StructureHandle="=CutPlanner_A/src&amp;lt;cp.utils{CONS.java[CONS[Canvas^lineWidth" StructureKind="java" NumEvents="3" CreationCount="134"/><InteractionEvent Delta="null" EndDate="2014-11-06 09:17:41.339 JST" Interest="10.950999" Kind="propagation" Navigation="org.eclipse.mylyn.core.model.edges.containment" OriginId="org.eclipse.mylyn.core.model.interest.propagation" StartDate="2014-11-06 09:16:34.593 JST" StructureHandle="=CutPlanner_A/src&amp;lt;cp.main{MainActv.java" StructureKind="java" NumEvents="16" CreationCount="927"/><InteractionEvent Delta="null" EndDate="2014-11-06 09:23:06.168 JST" Interest="10.0" Kind="selection" Navigation="null" OriginId="org.eclipse.jdt.ui.PackageExplorer" StartDate="2014-11-06 09:16:28.670 JST" StructureHandle="=CutPlanner_A/src&amp;lt;cp.main{MainActv.java" StructureKind="java" NumEvents="10" CreationCount="927"/><InteractionEvent Delta="null" EndDate="2014-11-06 09:17:27.104 JST" Interest="1.0" Kind="edit" Navigation="null" OriginId="org.eclipse.jdt.ui.CompilationUnitEditor" StartDate="2014-11-06 09:17:27.104 JST" StructureHandle="=CutPlanner_A/src&amp;lt;cp.main{MainActv.java" StructureKind="java"/><InteractionEvent Delta="null" EndDate="2014-11-06 09:20:10.297 JST" Interest="3.0" Kind="prediction" Navigation="null" OriginId="org.eclipse.mylyn.resources.ui.interest.updater" StartDate="2014-11-06 09:06:22.325 JST" StructureHandle="/CutPlanner_A/bin/CutPlanner_A.apk" StructureKind="resource" NumEvents="3" CreationCount="350"/><InteractionEvent Delta="null" EndDate="2014-11-06 09:19:09.846 JST" Interest="11.0" Kind="selection" Navigation="null" OriginId="org.eclipse.jdt.ui.CompilationUnitEditor" StartDate="2014-11-06 08:56:01.93 JST" StructureHandle="=CutPlanner_A/src&amp;lt;cp.listeners.view{V_OTL.java[V_OTL~_case_ACTION_MOVE~F~F" StructureKind="java" NumEvents="11" CreationCount="24"/><InteractionEvent Delta="null" EndDate="2014-11-06 09:19:09.849 JST" Interest="163.0" Kind="edit" Navigation="null" OriginId="org.eclipse.jdt.ui.CompilationUnitEditor" StartDate="2014-11-06 08:56:01.545 JST" StructureHandle="=CutPlanner_A/src&amp;lt;cp.listeners.view{V_OTL.java[V_OTL~_case_ACTION_MOVE~F~F" StructureKind="java" NumEvents="163" CreationCount="24"/><InteractionEvent Delta="null" EndDate="2014-11-06 09:16:52.377 JST" Interest="3.0" Kind="selection" Navigation="null" OriginId="org.eclipse.ui.views.ContentOutline" StartDate="2014-11-06 09:15:54.411 JST" StructureHandle="=CutPlanner_A/src&amp;lt;cp.listeners.view{V_OTL.java[V_OTL^actv" StructureKind="java" NumEvents="3" CreationCount="906"/><InteractionEvent Delta="null" EndDate="2014-11-06 09:15:55.563 JST" Interest="2.0" Kind="edit" Navigation="null" OriginId="org.eclipse.jdt.ui.CompilationUnitEditor" StartDate="2014-11-06 09:15:55.540 JST" StructureHandle="=CutPlanner_A/src&amp;lt;cp.listeners.view{V_OTL.java[V_OTL^actv" StructureKind="java" NumEvents="2" CreationCount="906"/><InteractionEvent Delta="null" EndDate="2014-11-06 09:11:04.746 JST" Interest="4.0" Kind="selection" Navigation="null" OriginId="org.eclipse.jdt.ui.CompilationUnitEditor" StartDate="2014-11-06 09:05:49.715 JST" StructureHandle="=CutPlanner_A/src&amp;lt;cp.listeners.view{V_OTL.java[V_OTL~_case_ACTION_DOWN__CirA~F~F" StructureKind="java" NumEvents="4" CreationCount="308"/><InteractionEvent Delta="null" EndDate="2014-11-06 09:11:04.754 JST" Interest="30.0" Kind="edit" Navigation="null" OriginId="org.eclipse.jdt.ui.CompilationUnitEditor" StartDate="2014-11-06 09:05:49.719 JST" StructureHandle="=CutPlanner_A/src&amp;lt;cp.listeners.view{V_OTL.java[V_OTL~_case_ACTION_DOWN__CirA~F~F" StructureKind="java" NumEvents="30" CreationCount="308"/><InteractionEvent Delta="null" EndDate="2014-11-06 08:57:27.486 JST" Interest="1.0" Kind="selection" Navigation="null" OriginId="org.eclipse.jdt.ui.PackageExplorer" StartDate="2014-11-06 08:57:27.486 JST" StructureHandle="=CutPlanner_A/src&amp;lt;cp.utils" StructureKind="java"/><InteractionEvent Delta="null" EndDate="2014-11-06 09:24:29.410 JST" Interest="41.517" Kind="propagation" Navigation="org.eclipse.mylyn.core.model.edges.containment" OriginId="org.eclipse.mylyn.core.model.interest.propagation" StartDate="2014-11-06 08:57:03.602 JST" StructureHandle="=CutPlanner_A/src&amp;lt;cp.utils" StructureKind="java" NumEvents="65" CreationCount="51"/><InteractionEvent Delta="null" EndDate="2014-11-06 09:02:14.350 JST" Interest="1.0" Kind="selection" Navigation="null" OriginId="org.eclipse.jdt.ui.CompilationUnitEditor" StartDate="2014-11-06 09:02:14.350 JST" StructureHandle="=CutPlanner_A/src&amp;lt;cp.utils{CONS.java[CONS[Canvas[ChosenObj^R" StructureKind="java"/><InteractionEvent Delta="null" EndDate="2014-11-06 09:02:14.356 JST" Interest="1.0" Kind="edit" Navigation="null" OriginId="org.eclipse.jdt.ui.CompilationUnitEditor" StartDate="2014-11-06 09:02:14.356 JST" StructureHandle="=CutPlanner_A/src&amp;lt;cp.utils{CONS.java[CONS[Canvas[ChosenObj^R" StructureKind="java"/><InteractionEvent Delta="null" EndDate="2014-11-06 09:02:08.746 JST" Interest="2.0" Kind="selection" Navigation="null" OriginId="org.eclipse.jdt.ui.CompilationUnitEditor" StartDate="2014-11-06 09:02:07.740 JST" StructureHandle="=CutPlanner_A/src&amp;lt;cp.utils{CONS.java[CONS[Canvas[ChosenObj^Rect_A" StructureKind="java" NumEvents="2" CreationCount="164"/><InteractionEvent Delta="null" EndDate="2014-11-06 09:02:08.759 JST" Interest="2.0" Kind="edit" Navigation="null" OriginId="org.eclipse.jdt.ui.CompilationUnitEditor" StartDate="2014-11-06 09:02:07.746 JST" StructureHandle="=CutPlanner_A/src&amp;lt;cp.utils{CONS.java[CONS[Canvas[ChosenObj^Rect_A" StructureKind="java" NumEvents="2" CreationCount="164"/><InteractionEvent Delta="null" EndDate="2014-11-06 09:24:29.410 JST" Interest="32.517" Kind="propagation" Navigation="org.eclipse.mylyn.core.model.edges.containment" OriginId="org.eclipse.mylyn.core.model.interest.propagation" StartDate="2014-11-06 08:57:04.537 JST" StructureHandle="=CutPlanner_A/src&amp;lt;cp.utils{Methods.java" StructureKind="java" NumEvents="48" CreationCount="51"/><InteractionEvent Delta="null" EndDate="2014-11-06 09:19:47.57 JST" Interest="10.0" Kind="selection" Navigation="null" OriginId="org.eclipse.jdt.ui.CompilationUnitEditor" StartDate="2014-11-06 08:57:03.601 JST" StructureHandle="=CutPlanner_A/src&amp;lt;cp.utils{Methods.java" StructureKind="java" NumEvents="10" CreationCount="51"/><InteractionEvent Delta="null" EndDate="2014-11-06 09:15:40.864 JST" Interest="6.0" Kind="selection" Navigation="null" OriginId="org.eclipse.jdt.ui.CompilationUnitEditor" StartDate="2014-11-06 09:07:07.64 JST" StructureHandle="=CutPlanner_A/src&amp;lt;cp.listeners.view{V_OTL.java[V_OTL~_case_ACTION_DOWN__Rect_A~F~F" StructureKind="java" NumEvents="6" CreationCount="385"/><InteractionEvent Delta="null" EndDate="2014-11-06 09:15:42.673 JST" Interest="49.0" Kind="edit" Navigation="null" OriginId="org.eclipse.jdt.ui.CompilationUnitEditor" StartDate="2014-11-06 09:07:07.70 JST" StructureHandle="=CutPlanner_A/src&amp;lt;cp.listeners.view{V_OTL.java[V_OTL~_case_ACTION_DOWN__Rect_A~F~F" StructureKind="java" NumEvents="49" CreationCount="385"/><InteractionEvent Delta="null" EndDate="2014-11-06 09:06:22.326 JST" Interest="1.0" Kind="propagation" Navigation="org.eclipse.mylyn.core.model.edges.containment" OriginId="org.eclipse.mylyn.core.model.interest.propagation" StartDate="2014-11-06 09:06:22.326 JST" StructureHandle="/CutPlanner_A/bin" StructureKind="resource"/><InteractionEvent Delta="null" EndDate="2014-11-06 09:19:42.864 JST" Interest="218.41898" Kind="propagation" Navigation="org.eclipse.mylyn.core.model.edges.containment" OriginId="org.eclipse.mylyn.core.model.interest.propagation" StartDate="2014-11-06 08:55:17.565 JST" StructureHandle="=CutPlanner_A/src" StructureKind="java" NumEvents="332" CreationCount="2"/><InteractionEvent Delta="null" EndDate="2014-11-06 08:54:25.440 JST" Interest="1.0" Kind="selection" Navigation="null" OriginId="org.eclipse.jdt.ui.PackageExplorer" StartDate="2014-11-06 08:54:25.440 JST" StructureHandle="=CutPlanner_A/src" StructureKind="java"/><InteractionEvent Delta="null" EndDate="2014-11-06 09:24:29.411 JST" Interest="1061.068" Kind="propagation" Navigation="null" OriginId="org.eclipse.jdt.ui.CompilationUnitEditor" StartDate="2014-11-06 08:54:25.441 JST" StructureHandle="/CutPlanner_A/src" StructureKind="resource" NumEvents="1065" CreationCount="2"/><InteractionEvent Delta="null" EndDate="2014-11-06 09:15:58.962 JST" Interest="1.0" Kind="selection" Navigation="null" OriginId="org.eclipse.ui.views.ContentOutline" StartDate="2014-11-06 09:15:58.962 JST" StructureHandle="=CutPlanner_A/src&amp;lt;cp.views{CV.java%cp.views" StructureKind="java"/><InteractionEvent Delta="null" EndDate="2014-11-06 09:19:32.270 JST" Interest="7.0" Kind="selection" Navigation="null" OriginId="org.eclipse.jdt.ui.CompilationUnitEditor" StartDate="2014-11-06 09:16:33.961 JST" StructureHandle="=CutPlanner_A/src&amp;lt;cp.main{MainActv.java[MainActv~_Setup" StructureKind="java" NumEvents="7" CreationCount="930"/><InteractionEvent Delta="null" EndDate="2014-11-06 09:17:41.338 JST" Interest="18.0" Kind="edit" Navigation="null" OriginId="org.eclipse.jdt.ui.CompilationUnitEditor" StartDate="2014-11-06 09:16:34.101 JST" StructureHandle="=CutPlanner_A/src&amp;lt;cp.main{MainActv.java[MainActv~_Setup" StructureKind="java" NumEvents="18" CreationCount="930"/><InteractionEvent Delta="null" EndDate="2014-11-06 09:19:42.864 JST" Interest="772.017" Kind="propagation" Navigation="org.eclipse.mylyn.core.model.edges.containment" OriginId="org.eclipse.mylyn.core.model.interest.propagation" StartDate="2014-11-06 08:55:20.895 JST" StructureHandle="/CutPlanner_A/src/cp/listeners/view" StructureKind="resource" NumEvents="773" CreationCount="5"/><InteractionEvent Delta="null" EndDate="2014-11-06 08:57:42.562 JST" Interest="0.13599992" Kind="propagation" Navigation="org.eclipse.mylyn.core.model.edges.containment" OriginId="org.eclipse.mylyn.core.model.interest.propagation" StartDate="2014-11-06 08:57:42.562 JST" StructureHandle="=CutPlanner_A/src&amp;lt;cp.utils{CONS.java[CONS[Canvas" StructureKind="java"/><InteractionEvent Delta="null" EndDate="2014-11-06 09:03:46.758 JST" Interest="15.0" Kind="selection" Navigation="null" OriginId="org.eclipse.jdt.ui.CompilationUnitEditor" StartDate="2014-11-06 08:57:33.616 JST" StructureHandle="=CutPlanner_A/src&amp;lt;cp.utils{CONS.java[CONS[Canvas" StructureKind="java" NumEvents="15" CreationCount="68"/><InteractionEvent Delta="null" EndDate="2014-11-06 09:03:46.763 JST" Interest="23.0" Kind="edit" Navigation="null" OriginId="org.eclipse.jdt.ui.CompilationUnitEditor" StartDate="2014-11-06 08:57:33.717 JST" StructureHandle="=CutPlanner_A/src&amp;lt;cp.utils{CONS.java[CONS[Canvas" StructureKind="java" NumEvents="23" CreationCount="68"/><InteractionEvent Delta="null" EndDate="2014-11-06 08:55:25.45 JST" Interest="1.0" Kind="selection" Navigation="null" OriginId="org.eclipse.ui.views.ContentOutline" StartDate="2014-11-06 08:55:25.45 JST" StructureHandle="=CutPlanner_A/src&amp;lt;cp.listeners.view{V_OTL.java%cp.listeners.view" StructureKind="java"/><InteractionEvent Delta="null" EndDate="2014-11-06 08:58:21.329 JST" Interest="3.0" Kind="selection" Navigation="null" OriginId="org.eclipse.jdt.ui.CompilationUnitEditor" StartDate="2014-11-06 08:57:59.590 JST" StructureHandle="=CutPlanner_A/src&amp;lt;cp.utils{CONS.java[CONS[Canvas^Draw_Rect_A" StructureKind="java" NumEvents="3" CreationCount="94"/><InteractionEvent Delta="null" EndDate="2014-11-06 08:58:21.341 JST" Interest="5.0" Kind="edit" Navigation="null" OriginId="org.eclipse.jdt.ui.CompilationUnitEditor" StartDate="2014-11-06 08:57:59.596 JST" StructureHandle="=CutPlanner_A/src&amp;lt;cp.utils{CONS.java[CONS[Canvas^Draw_Rect_A" StructureKind="java" NumEvents="5" CreationCount="94"/><InteractionEvent Delta="null" EndDate="2014-11-06 09:01:12.130 JST" Interest="2.0" Kind="selection" Navigation="null" OriginId="org.eclipse.jdt.ui.CompilationUnitEditor" StartDate="2014-11-06 08:57:52.464 JST" StructureHandle="=CutPlanner_A/src&amp;lt;cp.utils{CONS.java[CONS" StructureKind="java" NumEvents="2" CreationCount="68"/><InteractionEvent Delta="null" EndDate="2014-11-06 09:03:49.288 JST" Interest="27.836" Kind="propagation" Navigation="org.eclipse.mylyn.core.model.edges.containment" OriginId="org.eclipse.mylyn.core.model.interest.propagation" StartDate="2014-11-06 08:57:33.617 JST" StructureHandle="=CutPlanner_A/src&amp;lt;cp.utils{CONS.java[CONS" StructureKind="java" NumEvents="41" CreationCount="68"/><InteractionEvent Delta="null" EndDate="2014-11-06 09:01:12.133 JST" Interest="2.0" Kind="edit" Navigation="null" OriginId="org.eclipse.jdt.ui.CompilationUnitEditor" StartDate="2014-11-06 08:57:52.467 JST" StructureHandle="=CutPlanner_A/src&amp;lt;cp.utils{CONS.java[CONS" StructureKind="java" NumEvents="2" CreationCount="68"/><InteractionEvent Delta="null" EndDate="2014-11-06 08:58:18.353 JST" Interest="3.0" Kind="selection" Navigation="null" OriginId="org.eclipse.jdt.ui.CompilationUnitEditor" StartDate="2014-11-06 08:57:41.541 JST" StructureHandle="=CutPlanner_A/src&amp;lt;cp.utils{CONS.java[CONS[Canvas^p_Rect_A" StructureKind="java" NumEvents="3" CreationCount="76"/><InteractionEvent Delta="null" EndDate="2014-11-06 08:58:18.365 JST" Interest="5.0" Kind="edit" Navigation="null" OriginId="org.eclipse.jdt.ui.CompilationUnitEditor" StartDate="2014-11-06 08:57:41.547 JST" StructureHandle="=CutPlanner_A/src&amp;lt;cp.utils{CONS.java[CONS[Canvas^p_Rect_A" StructureKind="java" NumEvents="5" CreationCount="76"/><InteractionEvent Delta="null" EndDate="2014-11-06 09:19:42.864 JST" Interest="772.017" Kind="propagation" Navigation="org.eclipse.mylyn.core.model.edges.containment" OriginId="org.eclipse.mylyn.core.model.interest.propagation" StartDate="2014-11-06 08:55:20.895 JST" StructureHandle="/CutPlanner_A/src/cp/listeners" StructureKind="resource" NumEvents="773" CreationCount="5"/><InteractionEvent Delta="null" EndDate="2014-11-06 09:23:06.168 JST" Interest="37.017002" Kind="propagation" Navigation="org.eclipse.mylyn.core.model.edges.containment" OriginId="org.eclipse.mylyn.core.model.interest.propagation" StartDate="2014-11-06 09:16:27.63 JST" StructureHandle="/CutPlanner_A/src/cp/main" StructureKind="resource" NumEvents="38" CreationCount="926"/><InteractionEvent Delta="null" EndDate="2014-11-06 08:58:24.392 JST" Interest="2.0" Kind="selection" Navigation="null" OriginId="org.eclipse.jdt.ui.CompilationUnitEditor" StartDate="2014-11-06 08:57:44.474 JST" StructureHandle="=CutPlanner_A/src&amp;lt;cp.utils{CONS.java[CONS[Canvas^Rect_B_X1" StructureKind="java" NumEvents="2" CreationCount="80"/><InteractionEvent Delta="null" EndDate="2014-11-06 08:58:24.397 JST" Interest="2.0" Kind="edit" Navigation="null" OriginId="org.eclipse.jdt.ui.CompilationUnitEditor" StartDate="2014-11-06 08:57:44.481 JST" StructureHandle="=CutPlanner_A/src&amp;lt;cp.utils{CONS.java[CONS[Canvas^Rect_B_X1" StructureKind="java" NumEvents="2" CreationCount="80"/><InteractionEvent Delta="null" EndDate="2014-11-06 09:19:32.534 JST" Interest="21.0" Kind="propagation" Navigation="null" OriginId="org.eclipse.jdt.ui.CompilationUnitEditor" StartDate="2014-11-06 08:55:18.825 JST" StructureHandle="/CutPlanner_A/src/cp/views/CV.java" StructureKind="resource" NumEvents="21" CreationCount="4"/><InteractionEvent Delta="null" EndDate="2014-11-06 09:15:57.786 JST" Interest="14.402" Kind="manipulation" Navigation="null" OriginId="org.eclipse.mylyn.core.model.interest.decay.correction" StartDate="2014-11-06 09:15:57.786 JST" StructureHandle="/CutPlanner_A/src/cp/views/CV.java" StructureKind="resource"/><InteractionEvent Delta="null" EndDate="2014-11-06 09:19:39.390 JST" Interest="161.0" Kind="propagation" Navigation="null" OriginId="org.eclipse.jdt.ui.CompilationUnitEditor" StartDate="2014-11-06 08:57:29.291 JST" StructureHandle="/CutPlanner_A/src/cp/utils/CONS.java" StructureKind="resource" NumEvents="161" CreationCount="65"/><InteractionEvent Delta="null" EndDate="2014-11-06 09:19:32.838 JST" Interest="4.0" Kind="selection" Navigation="null" OriginId="org.eclipse.jdt.ui.CompilationUnitEditor" StartDate="2014-11-06 09:03:43.148 JST" StructureHandle="=CutPlanner_A/src&amp;lt;cp.utils{CONS.java[CONS[Canvas^currentObj" StructureKind="java" NumEvents="4" CreationCount="202"/><InteractionEvent Delta="null" EndDate="2014-11-06 09:19:32.838 JST" Interest="3.4100008" Kind="manipulation" Navigation="null" OriginId="org.eclipse.mylyn.core.model.interest.decay.correction" StartDate="2014-11-06 09:19:32.838 JST" StructureHandle="=CutPlanner_A/src&amp;lt;cp.utils{CONS.java[CONS[Canvas^currentObj" StructureKind="java"/><InteractionEvent Delta="null" EndDate="2014-11-06 09:10:09.257 JST" Interest="11.0" Kind="edit" Navigation="null" OriginId="org.eclipse.jdt.ui.CompilationUnitEditor" StartDate="2014-11-06 09:03:43.162 JST" StructureHandle="=CutPlanner_A/src&amp;lt;cp.utils{CONS.java[CONS[Canvas^currentObj" StructureKind="java" NumEvents="11" CreationCount="202"/><InteractionEvent Delta="null" EndDate="2014-11-06 09:23:06.168 JST" Interest="37.0" Kind="propagation" Navigation="null" OriginId="org.eclipse.jdt.ui.PackageExplorer" StartDate="2014-11-06 09:16:28.670 JST" StructureHandle="/CutPlanner_A/src/cp/main/MainActv.java" StructureKind="resource" NumEvents="37" CreationCount="927"/><InteractionEvent Delta="null" EndDate="2014-11-06 09:13:53.720 JST" Interest="202.55098" Kind="propagation" Navigation="org.eclipse.mylyn.core.model.edges.containment" OriginId="org.eclipse.mylyn.core.model.interest.propagation" StartDate="2014-11-06 08:55:28.820 JST" StructureHandle="=CutPlanner_A/src&amp;lt;cp.listeners.view{V_OTL.java" StructureKind="java" NumEvents="292" CreationCount="6"/><InteractionEvent Delta="null" EndDate="2014-11-06 09:19:42.614 JST" Interest="14.0" Kind="selection" Navigation="null" OriginId="org.eclipse.jdt.ui.CompilationUnitEditor" StartDate="2014-11-06 08:55:22.550 JST" StructureHandle="=CutPlanner_A/src&amp;lt;cp.listeners.view{V_OTL.java" StructureKind="java" NumEvents="14" CreationCount="6"/><InteractionEvent Delta="null" EndDate="2014-11-06 09:15:39.653 JST" Interest="4.0" Kind="edit" Navigation="null" OriginId="org.eclipse.jdt.ui.CompilationUnitEditor" StartDate="2014-11-06 09:13:56.486 JST" StructureHandle="=CutPlanner_A/src&amp;lt;cp.listeners.view{V_OTL.java" StructureKind="java" NumEvents="4" CreationCount="6"/><InteractionEvent Delta="null" EndDate="2014-11-06 09:24:29.411 JST" Interest="1070.0" Kind="propagation" Navigation="null" OriginId="org.eclipse.jdt.ui.CompilationUnitEditor" StartDate="2014-11-06 08:54:22.809 JST" StructureHandle="/CutPlanner_A" StructureKind="resource" NumEvents="1070" CreationCount="1"/><InteractionEvent Delta="null" EndDate="2014-11-06 09:20:10.297 JST" Interest="3.0" Kind="prediction" Navigation="null" OriginId="org.eclipse.mylyn.resources.ui.interest.updater" StartDate="2014-11-06 09:06:22.325 JST" StructureHandle="/CutPlanner_A/bin/classes.dex" StructureKind="resource" NumEvents="3" CreationCount="350"/><InteractionEvent Delta="null" EndDate="2014-11-06 09:24:29.410 JST" Interest="231.0" Kind="propagation" Navigation="null" OriginId="org.eclipse.jdt.ui.CompilationUnitEditor" StartDate="2014-11-06 08:57:03.602 JST" StructureHandle="/CutPlanner_A/src/cp/utils" StructureKind="resource" NumEvents="231" CreationCount="51"/><InteractionEvent Delta="null" EndDate="2014-11-06 09:23:22.780 JST" Interest="11.0" Kind="selection" Navigation="null" OriginId="org.eclipse.jdt.ui.CompilationUnitEditor" StartDate="2014-11-06 08:57:04.536 JST" StructureHandle="=CutPlanner_A/src&amp;lt;cp.utils{Methods.java[Methods~identify~QActivity;~F~F" StructureKind="java" NumEvents="11" CreationCount="52"/><InteractionEvent Delta="null" EndDate="2014-11-06 09:24:29.409 JST" Interest="45.0" Kind="edit" Navigation="null" OriginId="org.eclipse.jdt.ui.CompilationUnitEditor" StartDate="2014-11-06 08:57:05.804 JST" StructureHandle="=CutPlanner_A/src&amp;lt;cp.utils{Methods.java[Methods~identify~QActivity;~F~F" StructureKind="java" NumEvents="45" CreationCount="52"/></InteractionHistory>