<?xml version="1.0" encoding="UTF-8"?><InteractionHistory Id="local-94" Version="1"><InteractionEvent Delta="null" EndDate="2014-09-20 10:51:39.760 JST" Interest="450.629" Kind="propagation" Navigation="org.eclipse.mylyn.core.model.edges.containment" OriginId="org.eclipse.mylyn.core.model.interest.propagation" StartDate="2014-09-20 09:58:29.101 JST" StructureHandle="" StructureKind="java" NumEvents="457" CreationCount="1"/><InteractionEvent Delta="null" EndDate="2014-09-20 10:51:39.757 JST" Interest="450.629" Kind="propagation" Navigation="org.eclipse.mylyn.core.model.edges.containment" OriginId="org.eclipse.mylyn.core.model.interest.propagation" StartDate="2014-09-20 09:58:29.101 JST" StructureHandle="=SL3" StructureKind="resource" NumEvents="457" CreationCount="1"/><InteractionEvent Delta="null" EndDate="2014-09-20 10:51:39.759 JST" Interest="184.66301" Kind="propagation" Navigation="org.eclipse.mylyn.core.model.edges.containment" OriginId="org.eclipse.mylyn.core.model.interest.propagation" StartDate="2014-09-20 10:00:08.93 JST" StructureHandle="=SL3/src" StructureKind="java" NumEvents="261" CreationCount="38"/><InteractionEvent Delta="null" EndDate="2014-09-20 10:33:30.78 JST" Interest="2.0" Kind="selection" Navigation="null" OriginId="org.eclipse.jdt.ui.CompilationUnitEditor" StartDate="2014-09-20 10:33:13.508 JST" StructureHandle="=SL3/src&amp;lt;sl3.utils{Methods_dlg.java[Methods_dlg~dlg_DeleteToBuyList~QActivity;~QDialog;" StructureKind="java" NumEvents="2" CreationCount="267"/><InteractionEvent Delta="null" EndDate="2014-09-20 10:26:04.469 JST" Interest="1.0" Kind="propagation" Navigation="null" OriginId="org.eclipse.ui.views.ResourceNavigator" StartDate="2014-09-20 10:26:04.469 JST" StructureHandle="/SL2_deprecated_20140612_095508" StructureKind="resource"/><InteractionEvent Delta="null" EndDate="2014-09-20 10:27:37.48 JST" Interest="2.0" Kind="selection" Navigation="null" OriginId="org.eclipse.jdt.ui.CompilationUnitEditor" StartDate="2014-09-20 10:27:37.47 JST" StructureHandle="=SL3/src&amp;lt;sl3.utils{Methods_dlg.java[Methods_dlg~conf_ImportData_SI~QActivity;~QDialog;~QDialog;~QDialogTags;" StructureKind="java" NumEvents="2" CreationCount="137"/><InteractionEvent Delta="null" EndDate="2014-09-20 10:34:53.40 JST" Interest="7.0" Kind="propagation" Navigation="null" OriginId="org.eclipse.jdt.ui.PackageExplorer" StartDate="2014-09-20 10:33:22.514 JST" StructureHandle="/SL3/src/sl3/utils/Tags.java" StructureKind="resource" NumEvents="7" CreationCount="269"/><InteractionEvent Delta="null" EndDate="2014-09-20 10:32:01.188 JST" Interest="17.3" Kind="propagation" Navigation="org.eclipse.mylyn.core.model.edges.containment" OriginId="org.eclipse.mylyn.core.model.interest.propagation" StartDate="2014-09-20 09:59:25.455 JST" StructureHandle="/SL3/res/menu" StructureKind="resource" NumEvents="23" CreationCount="18"/><InteractionEvent Delta="null" EndDate="2014-09-20 10:28:31.35 JST" Interest="3.4340003" Kind="propagation" Navigation="org.eclipse.mylyn.core.model.edges.containment" OriginId="org.eclipse.mylyn.core.model.interest.propagation" StartDate="2014-09-20 10:00:28.81 JST" StructureHandle="=SL3/src&amp;lt;sl3.listeners" StructureKind="java" NumEvents="6" CreationCount="48"/><InteractionEvent Delta="null" EndDate="2014-09-20 10:28:31.35 JST" Interest="6.0" Kind="propagation" Navigation="null" OriginId="org.eclipse.jdt.ui.PackageExplorer" StartDate="2014-09-20 10:00:28.81 JST" StructureHandle="/SL3/src/sl3/listeners/TCL.java" StructureKind="resource" NumEvents="6" CreationCount="48"/><InteractionEvent Delta="null" EndDate="2014-09-20 10:48:58.86 JST" Interest="30.272" Kind="propagation" Navigation="org.eclipse.mylyn.core.model.edges.containment" OriginId="org.eclipse.mylyn.core.model.interest.propagation" StartDate="2014-09-20 10:00:11.67 JST" StructureHandle="=SL3/src&amp;lt;sl.main{TabActv.java[TabActv" StructureKind="java" NumEvents="40" CreationCount="39"/><InteractionEvent Delta="null" EndDate="2014-09-20 10:50:52.875 JST" Interest="9.0" Kind="selection" Navigation="null" OriginId="com.android.ide.eclipse.editors.CommonXmlEditor" StartDate="2014-09-20 10:29:00.654 JST" StructureHandle="/SL3/res/layout/dlg_search_items.xml" StructureKind="resource" NumEvents="9" CreationCount="160"/><InteractionEvent Delta="null" EndDate="2014-09-20 10:28:57.334 JST" Interest="1.0" Kind="propagation" Navigation="null" OriginId="org.eclipse.mylyn.resources.ui.interest.updater" StartDate="2014-09-20 10:28:57.334 JST" StructureHandle="/SL3/res/layout/dlg_search_items.xml" StructureKind="resource"/><InteractionEvent Delta="null" EndDate="2014-09-20 10:50:37.313 JST" Interest="38.0" Kind="edit" Navigation="null" OriginId="com.android.ide.eclipse.editors.CommonXmlEditor" StartDate="2014-09-20 10:29:00.801 JST" StructureHandle="/SL3/res/layout/dlg_search_items.xml" StructureKind="resource" NumEvents="38" CreationCount="160"/><InteractionEvent Delta="null" EndDate="2014-09-20 10:28:28.930 JST" Interest="0.03399998" Kind="propagation" Navigation="org.eclipse.mylyn.core.model.edges.containment" OriginId="org.eclipse.mylyn.core.model.interest.propagation" StartDate="2014-09-20 10:28:27.242 JST" StructureHandle="/ShoppingList/res/layout" StructureKind="resource" NumEvents="2" CreationCount="157"/><InteractionEvent Delta="null" EndDate="2014-09-20 10:28:25.950 JST" Interest="1.0" Kind="selection" Navigation="null" OriginId="org.eclipse.ui.views.ResourceNavigator" StartDate="2014-09-20 10:28:25.950 JST" StructureHandle="/ShoppingList/res/layout" StructureKind="resource"/><InteractionEvent Delta="null" EndDate="2014-09-20 10:28:28.930 JST" Interest="1.0" Kind="selection" Navigation="null" OriginId="org.eclipse.ui.views.ResourceNavigator" StartDate="2014-09-20 10:28:28.930 JST" StructureHandle="/ShoppingList/res/layout/dlg_edit_items.xml" StructureKind="resource"/><InteractionEvent Delta="null" EndDate="2014-09-20 10:37:16.944 JST" Interest="16.0" Kind="propagation" Navigation="null" OriginId="org.eclipse.jdt.ui.CompilationUnitEditor" StartDate="2014-09-20 10:36:39.177 JST" StructureHandle="/SL3/src/sl3/utils/CONS.java" StructureKind="resource" NumEvents="16" CreationCount="369"/><InteractionEvent Delta="null" EndDate="2014-09-20 10:50:54.720 JST" Interest="2.0340002" Kind="propagation" Navigation="org.eclipse.mylyn.core.model.edges.containment" OriginId="org.eclipse.mylyn.core.model.interest.propagation" StartDate="2014-09-20 10:38:32.98 JST" StructureHandle="=SL3/src&amp;lt;sl3.utils{Methods.java" StructureKind="java" NumEvents="4" CreationCount="422"/><InteractionEvent Delta="null" EndDate="2014-09-20 10:48:27.530 JST" Interest="2.0" Kind="selection" Navigation="null" OriginId="org.eclipse.jdt.ui.CompilationUnitEditor" StartDate="2014-09-20 10:38:31.231 JST" StructureHandle="=SL3/src&amp;lt;sl3.utils{Methods.java" StructureKind="java" NumEvents="2" CreationCount="422"/><InteractionEvent Delta="null" EndDate="2014-09-20 10:48:27.530 JST" Interest="1.1420002" Kind="manipulation" Navigation="null" OriginId="org.eclipse.mylyn.core.model.interest.decay.correction" StartDate="2014-09-20 10:48:27.530 JST" StructureHandle="=SL3/src&amp;lt;sl3.utils{Methods.java" StructureKind="java"/><InteractionEvent Delta="null" EndDate="2014-09-20 10:28:27.242 JST" Interest="1.0" Kind="selection" Navigation="null" OriginId="org.eclipse.ui.views.ResourceNavigator" StartDate="2014-09-20 10:28:27.242 JST" StructureHandle="/ShoppingList/res/layout/dlg_register_genre.xml" StructureKind="resource"/><InteractionEvent Delta="null" EndDate="2014-09-20 10:41:55.527 JST" Interest="8.787" Kind="propagation" Navigation="org.eclipse.mylyn.core.model.edges.containment" OriginId="org.eclipse.mylyn.core.model.interest.propagation" StartDate="2014-09-20 10:34:59.210 JST" StructureHandle="=SL3/src&amp;lt;sl3.listeners.dialog" StructureKind="java" NumEvents="11" CreationCount="316"/><InteractionEvent Delta="null" EndDate="2014-09-20 10:39:40.781 JST" Interest="2.0" Kind="selection" Navigation="null" OriginId="org.eclipse.jdt.ui.CompilationUnitEditor" StartDate="2014-09-20 10:01:45.410 JST" StructureHandle="=SL3/src&amp;lt;sl3.utils{Methods_dlg.java[Methods_dlg" StructureKind="java" NumEvents="2" CreationCount="77"/><InteractionEvent Delta="null" EndDate="2014-09-20 10:51:39.757 JST" Interest="182.0" Kind="propagation" Navigation="org.eclipse.mylyn.core.model.edges.containment" OriginId="org.eclipse.mylyn.core.model.interest.propagation" StartDate="2014-09-20 10:01:28.410 JST" StructureHandle="=SL3/src&amp;lt;sl3.utils{Methods_dlg.java[Methods_dlg" StructureKind="java" NumEvents="249" CreationCount="77"/><InteractionEvent Delta="null" EndDate="2014-09-20 10:27:39.12 JST" Interest="1.0" Kind="selection" Navigation="null" OriginId="org.eclipse.jdt.ui.CompilationUnitEditor" StartDate="2014-09-20 10:27:39.12 JST" StructureHandle="=SL3/src&amp;lt;sl3.utils{Methods_dlg.java[Methods_dlg~conf_Restore_DB~QActivity;~QDialog;~QDialog;~QDialogTags;" StructureKind="java"/><InteractionEvent Delta="null" EndDate="2014-09-20 10:51:39.760 JST" Interest="624.0" Kind="propagation" Navigation="null" OriginId="org.eclipse.jdt.ui.CompilationUnitEditor" StartDate="2014-09-20 09:58:29.101 JST" StructureHandle="/" StructureKind="resource" NumEvents="624" CreationCount="1"/><InteractionEvent Delta="null" EndDate="2014-09-20 10:38:41.997 JST" Interest="42.399998" Kind="propagation" Navigation="org.eclipse.mylyn.core.model.edges.containment" OriginId="org.eclipse.mylyn.core.model.interest.propagation" StartDate="2014-09-20 09:58:29.100 JST" StructureHandle="/SL3/res/values" StructureKind="resource" NumEvents="58" CreationCount="1"/><InteractionEvent Delta="null" EndDate="2014-09-20 10:00:22.542 JST" Interest="1.417" Kind="propagation" Navigation="org.eclipse.mylyn.core.model.edges.containment" OriginId="org.eclipse.mylyn.core.model.interest.propagation" StartDate="2014-09-20 10:00:19.642 JST" StructureHandle="=SL3/src&amp;lt;sl.main{ItemListActv.java" StructureKind="java" NumEvents="3" CreationCount="43"/><InteractionEvent Delta="null" EndDate="2014-09-20 10:00:39.462 JST" Interest="3.0" Kind="selection" Navigation="null" OriginId="org.eclipse.jdt.ui.CompilationUnitEditor" StartDate="2014-09-20 10:00:16.816 JST" StructureHandle="=SL3/src&amp;lt;sl.main{ItemListActv.java" StructureKind="java" NumEvents="3" CreationCount="43"/><InteractionEvent Delta="null" EndDate="2014-09-20 10:51:29.349 JST" Interest="3.0" Kind="propagation" Navigation="org.eclipse.mylyn.core.model.edges.containment" OriginId="org.eclipse.mylyn.core.model.interest.propagation" StartDate="2014-09-20 10:40:46.371 JST" StructureHandle="/SL3/bin" StructureKind="resource" NumEvents="3" CreationCount="492"/><InteractionEvent Delta="null" EndDate="2014-09-20 10:50:54.720 JST" Interest="5.1590004" Kind="propagation" Navigation="org.eclipse.mylyn.core.model.edges.containment" OriginId="org.eclipse.mylyn.core.model.interest.propagation" StartDate="2014-09-20 10:38:32.98 JST" StructureHandle="=SL3/src&amp;lt;sl3.utils{Methods.java[Methods" StructureKind="java" NumEvents="4" CreationCount="423"/><InteractionEvent Delta="null" EndDate="2014-09-20 10:34:35.778 JST" Interest="3.0" Kind="propagation" Navigation="org.eclipse.mylyn.core.model.edges.containment" OriginId="org.eclipse.mylyn.core.model.interest.propagation" StartDate="2014-09-20 10:33:24.445 JST" StructureHandle="=SL3/src&amp;lt;sl3.utils{Tags.java[Tags" StructureKind="java" NumEvents="3" CreationCount="270"/><InteractionEvent Delta="null" EndDate="2014-09-20 10:28:20.619 JST" Interest="2.0" Kind="selection" Navigation="null" OriginId="org.eclipse.ui.views.ResourceNavigator" StartDate="2014-09-20 10:28:14.904 JST" StructureHandle="=ShoppingList/gen" StructureKind="java" NumEvents="2" CreationCount="151"/><InteractionEvent Delta="null" EndDate="2014-09-20 10:37:05.946 JST" Interest="2.0" Kind="selection" Navigation="null" OriginId="org.eclipse.jdt.ui.CompilationUnitEditor" StartDate="2014-09-20 10:36:58.800 JST" StructureHandle="=SL3/src&amp;lt;sl3.utils{CONS.java[CONS[SQLs^a_20140105_113651_ChangeTableName_shopping_item_new" StructureKind="java" NumEvents="2" CreationCount="377"/><InteractionEvent Delta="null" EndDate="2014-09-20 10:48:53.404 JST" Interest="31.517" Kind="propagation" Navigation="org.eclipse.mylyn.core.model.edges.containment" OriginId="org.eclipse.mylyn.core.model.interest.propagation" StartDate="2014-09-20 10:00:08.93 JST" StructureHandle="=SL3/src&amp;lt;sl.main" StructureKind="java" NumEvents="42" CreationCount="38"/><InteractionEvent Delta="null" EndDate="2014-09-20 10:50:06.250 JST" Interest="2.0" Kind="prediction" Navigation="null" OriginId="org.eclipse.mylyn.resources.ui.interest.updater" StartDate="2014-09-20 10:40:46.371 JST" StructureHandle="/SL3/bin/classes.dex" StructureKind="resource" NumEvents="2" CreationCount="492"/><InteractionEvent Delta="null" EndDate="2014-09-20 10:50:54.720 JST" Interest="4.0" Kind="selection" Navigation="null" OriginId="org.eclipse.ui.views.ContentOutline" StartDate="2014-09-20 10:38:32.97 JST" StructureHandle="=SL3/src&amp;lt;sl3.utils{Methods.java[Methods~get_Adp_List_Store~QActivity;" StructureKind="java" NumEvents="4" CreationCount="423"/><InteractionEvent Delta="null" EndDate="2014-09-20 10:48:28.322 JST" Interest="1.1590002" Kind="manipulation" Navigation="null" OriginId="org.eclipse.mylyn.core.model.interest.decay.correction" StartDate="2014-09-20 10:48:28.322 JST" StructureHandle="=SL3/src&amp;lt;sl3.utils{Methods.java[Methods~get_Adp_List_Store~QActivity;" StructureKind="java"/><InteractionEvent Delta="null" EndDate="2014-09-20 10:48:58.86 JST" Interest="98.0" Kind="propagation" Navigation="null" OriginId="org.eclipse.jdt.ui.CompilationUnitEditor" StartDate="2014-09-20 10:00:08.92 JST" StructureHandle="/SL3/src/sl/main" StructureKind="resource" NumEvents="98" CreationCount="38"/><InteractionEvent Delta="null" EndDate="2014-09-20 10:35:37.68 JST" Interest="2.0" Kind="selection" Navigation="null" OriginId="org.eclipse.ui.views.ContentOutline" StartDate="2014-09-20 10:35:10.727 JST" StructureHandle="=SL3/src&amp;lt;sl3.listeners.dialog{DB_OTL.java[DB_OTL~onTouch~QView;~QMotionEvent;" StructureKind="java" NumEvents="2" CreationCount="327"/><InteractionEvent Delta="null" EndDate="2014-09-20 10:35:25.330 JST" Interest="8.0" Kind="edit" Navigation="null" OriginId="org.eclipse.jdt.ui.CompilationUnitEditor" StartDate="2014-09-20 10:35:12.722 JST" StructureHandle="=SL3/src&amp;lt;sl3.listeners.dialog{DB_OTL.java[DB_OTL~onTouch~QView;~QMotionEvent;" StructureKind="java" NumEvents="8" CreationCount="327"/><InteractionEvent Delta="null" EndDate="2014-09-20 10:35:37.69 JST" Interest="7.6" Kind="propagation" Navigation="org.eclipse.mylyn.core.model.edges.containment" OriginId="org.eclipse.mylyn.core.model.interest.propagation" StartDate="2014-09-20 10:35:10.727 JST" StructureHandle="=SL3/src&amp;lt;sl3.listeners.dialog{DB_OTL.java[DB_OTL" StructureKind="java" NumEvents="10" CreationCount="327"/><InteractionEvent Delta="null" EndDate="2014-09-20 10:26:37.702 JST" Interest="1.0" Kind="selection" Navigation="null" OriginId="org.eclipse.ui.views.ContentOutline" StartDate="2014-09-20 10:26:37.702 JST" StructureHandle="=SL3/src&amp;lt;sl3.utils{Methods_dlg.java[Methods_dlg~dlg_tab1_delete_item~QActivity;~QSI;~QDialog;" StructureKind="java"/><InteractionEvent Delta="null" EndDate="2014-09-20 10:34:35.777 JST" Interest="2.0" Kind="selection" Navigation="null" OriginId="org.eclipse.jdt.ui.CompilationUnitEditor" StartDate="2014-09-20 10:33:25.411 JST" StructureHandle="=SL3/src&amp;lt;sl3.utils{Tags.java[Tags[DialogTags" StructureKind="java" NumEvents="2" CreationCount="270"/><InteractionEvent Delta="null" EndDate="2014-09-20 10:33:24.445 JST" Interest="1.0" Kind="propagation" Navigation="org.eclipse.mylyn.core.model.edges.containment" OriginId="org.eclipse.mylyn.core.model.interest.propagation" StartDate="2014-09-20 10:33:24.445 JST" StructureHandle="=SL3/src&amp;lt;sl3.utils{Tags.java[Tags[DialogTags" StructureKind="java"/><InteractionEvent Delta="null" EndDate="2014-09-20 10:00:29.583 JST" Interest="1.0" Kind="selection" Navigation="null" OriginId="org.eclipse.jdt.ui.CompilationUnitEditor" StartDate="2014-09-20 10:00:29.583 JST" StructureHandle="=SL3/src&amp;lt;sl3.listeners{TCL.java[TCL~TCL~QActivity;" StructureKind="java"/><InteractionEvent Delta="null" EndDate="2014-09-20 10:51:13.174 JST" Interest="22.016998" Kind="propagation" Navigation="org.eclipse.mylyn.core.model.edges.containment" OriginId="org.eclipse.mylyn.core.model.interest.propagation" StartDate="2014-09-20 10:26:08.904 JST" StructureHandle="/ShoppingList/src/sl/utils" StructureKind="resource" NumEvents="23" CreationCount="104"/><InteractionEvent Delta="null" EndDate="2014-09-20 10:28:20.716 JST" Interest="1.0" Kind="selection" Navigation="null" OriginId="org.eclipse.ui.views.ResourceNavigator" StartDate="2014-09-20 10:28:20.716 JST" StructureHandle="=ShoppingList/src&amp;lt;sl.listeners" StructureKind="java"/><InteractionEvent Delta="null" EndDate="2014-09-20 10:27:38.358 JST" Interest="1.0" Kind="selection" Navigation="null" OriginId="org.eclipse.jdt.ui.CompilationUnitEditor" StartDate="2014-09-20 10:27:38.358 JST" StructureHandle="=SL3/src&amp;lt;sl3.utils{Methods_dlg.java[Methods_dlg~conf_InsertNum_SI~QActivity;~QDialog;~QDialog;~QDialogTags;" StructureKind="java"/><InteractionEvent Delta="null" EndDate="2014-09-20 10:51:13.174 JST" Interest="22.0" Kind="propagation" Navigation="null" OriginId="org.eclipse.jdt.ui.CompilationUnitEditor" StartDate="2014-09-20 10:26:09.928 JST" StructureHandle="/ShoppingList/src/sl/utils/Methods_dlg.java" StructureKind="resource" NumEvents="22" CreationCount="105"/><InteractionEvent Delta="null" EndDate="2014-09-20 10:51:13.175 JST" Interest="12.602001" Kind="propagation" Navigation="org.eclipse.mylyn.core.model.edges.containment" OriginId="org.eclipse.mylyn.core.model.interest.propagation" StartDate="2014-09-20 10:26:07.14 JST" StructureHandle="=ShoppingList/src" StructureKind="java" NumEvents="21" CreationCount="102"/><InteractionEvent Delta="null" EndDate="2014-09-20 10:26:06.648 JST" Interest="1.0" Kind="selection" Navigation="null" OriginId="org.eclipse.ui.views.ResourceNavigator" StartDate="2014-09-20 10:26:06.648 JST" StructureHandle="=ShoppingList/src" StructureKind="java"/><InteractionEvent Delta="null" EndDate="2014-09-20 10:50:54.720 JST" Interest="6.0" Kind="propagation" Navigation="null" OriginId="org.eclipse.ui.views.ContentOutline" StartDate="2014-09-20 10:38:31.231 JST" StructureHandle="/SL3/src/sl3/utils/Methods.java" StructureKind="resource" NumEvents="6" CreationCount="422"/><InteractionEvent Delta="null" EndDate="2014-09-20 10:48:27.531 JST" Interest="0.17600012" Kind="manipulation" Navigation="null" OriginId="org.eclipse.mylyn.core.model.interest.decay.correction" StartDate="2014-09-20 10:48:27.531 JST" StructureHandle="/SL3/src/sl3/utils/Methods.java" StructureKind="resource"/><InteractionEvent Delta="null" EndDate="2014-09-20 10:36:49.104 JST" Interest="1.0" Kind="selection" Navigation="null" OriginId="org.eclipse.jdt.ui.CompilationUnitEditor" StartDate="2014-09-20 10:36:49.104 JST" StructureHandle="=SL3/src&amp;lt;sl3.utils{CONS.java[CONS[TabActv^spStore!2" StructureKind="java"/><InteractionEvent Delta="null" EndDate="2014-09-20 10:27:35.881 JST" Interest="1.0" Kind="selection" Navigation="null" OriginId="org.eclipse.jdt.ui.CompilationUnitEditor" StartDate="2014-09-20 10:27:35.881 JST" StructureHandle="=SL3/src&amp;lt;sl3.utils{Methods_dlg.java[Methods_dlg~dlg_Tmpl_OkCancel_3rd_Dialogue~QActivity;~QDialog;~QDialog;~I~I~I~I~QDialogTags;~QDialogTags;" StructureKind="java"/><InteractionEvent Delta="null" EndDate="2014-09-20 10:00:39.526 JST" Interest="7.0" Kind="propagation" Navigation="null" OriginId="org.eclipse.jdt.ui.CompilationUnitEditor" StartDate="2014-09-20 10:00:16.816 JST" StructureHandle="/SL3/src/sl/main/ItemListActv.java" StructureKind="resource" NumEvents="7" CreationCount="43"/><InteractionEvent Delta="null" EndDate="2014-09-20 10:48:58.86 JST" Interest="91.0" Kind="propagation" Navigation="null" OriginId="org.eclipse.jdt.ui.CompilationUnitEditor" StartDate="2014-09-20 10:00:08.92 JST" StructureHandle="/SL3/src/sl/main/TabActv.java" StructureKind="resource" NumEvents="91" CreationCount="38"/><InteractionEvent Delta="null" EndDate="2014-09-20 10:48:58.86 JST" Interest="98.0" Kind="propagation" Navigation="org.eclipse.mylyn.core.model.edges.containment" OriginId="org.eclipse.mylyn.core.model.interest.propagation" StartDate="2014-09-20 10:00:08.92 JST" StructureHandle="/SL3/src/sl" StructureKind="resource" NumEvents="98" CreationCount="38"/><InteractionEvent Delta="null" EndDate="2014-09-20 10:51:13.38 JST" Interest="12.568001" Kind="propagation" Navigation="org.eclipse.mylyn.core.model.edges.containment" OriginId="org.eclipse.mylyn.core.model.interest.propagation" StartDate="2014-09-20 10:26:09.928 JST" StructureHandle="=ShoppingList/src&amp;lt;sl.utils" StructureKind="java" NumEvents="18" CreationCount="104"/><InteractionEvent Delta="null" EndDate="2014-09-20 10:26:08.904 JST" Interest="1.0" Kind="selection" Navigation="null" OriginId="org.eclipse.ui.views.ResourceNavigator" StartDate="2014-09-20 10:26:08.904 JST" StructureHandle="=ShoppingList/src&amp;lt;sl.utils" StructureKind="java"/><InteractionEvent Delta="null" EndDate="2014-09-20 10:48:53.485 JST" Interest="6.0" Kind="selection" Navigation="null" OriginId="org.eclipse.jdt.ui.CompilationUnitEditor" StartDate="2014-09-20 10:36:07.102 JST" StructureHandle="=SL3/src&amp;lt;sl.main{TabActv.java[TabActv~_SetupTabs__first" StructureKind="java" NumEvents="6" CreationCount="355"/><InteractionEvent Delta="null" EndDate="2014-09-20 10:48:58.85 JST" Interest="27.0" Kind="edit" Navigation="null" OriginId="org.eclipse.jdt.ui.CompilationUnitEditor" StartDate="2014-09-20 10:36:07.582 JST" StructureHandle="=SL3/src&amp;lt;sl.main{TabActv.java[TabActv~_SetupTabs__first" StructureKind="java" NumEvents="27" CreationCount="355"/><InteractionEvent Delta="null" EndDate="2014-09-20 10:26:04.469 JST" Interest="1.0" Kind="selection" Navigation="null" OriginId="org.eclipse.ui.views.ResourceNavigator" StartDate="2014-09-20 10:26:04.469 JST" StructureHandle="=SL2_deprecated_20140612_095508" StructureKind="java"/><InteractionEvent Delta="null" EndDate="2014-09-20 10:41:55.527 JST" Interest="18.556" Kind="propagation" Navigation="org.eclipse.mylyn.core.model.edges.containment" OriginId="org.eclipse.mylyn.core.model.interest.propagation" StartDate="2014-09-20 10:00:28.81 JST" StructureHandle="/SL3/src/sl3/listeners" StructureKind="resource" NumEvents="19" CreationCount="48"/><InteractionEvent Delta="null" EndDate="2014-09-20 10:26:22.625 JST" Interest="2.551" Kind="propagation" Navigation="org.eclipse.mylyn.core.model.edges.containment" OriginId="org.eclipse.mylyn.core.model.interest.propagation" StartDate="2014-09-20 10:26:21.419 JST" StructureHandle="=ShoppingList/src&amp;lt;sl.utils{Methods_dlg.java" StructureKind="java" NumEvents="4" CreationCount="105"/><InteractionEvent Delta="null" EndDate="2014-09-20 10:51:13.37 JST" Interest="11.0" Kind="selection" Navigation="null" OriginId="org.eclipse.jdt.ui.CompilationUnitEditor" StartDate="2014-09-20 10:26:09.927 JST" StructureHandle="=ShoppingList/src&amp;lt;sl.utils{Methods_dlg.java" StructureKind="java" NumEvents="11" CreationCount="105"/><InteractionEvent Delta="null" EndDate="2014-09-20 10:00:39.526 JST" Interest="2.0" Kind="selection" Navigation="null" OriginId="org.eclipse.jdt.ui.CompilationUnitEditor" StartDate="2014-09-20 10:00:19.641 JST" StructureHandle="=SL3/src&amp;lt;sl.main{ItemListActv.java[ItemListActv~onOptionsItemSelected~QMenuItem;" StructureKind="java" NumEvents="2" CreationCount="44"/><InteractionEvent Delta="null" EndDate="2014-09-20 10:00:22.541 JST" Interest="2.0" Kind="edit" Navigation="null" OriginId="org.eclipse.jdt.ui.CompilationUnitEditor" StartDate="2014-09-20 10:00:21.358 JST" StructureHandle="=SL3/src&amp;lt;sl.main{ItemListActv.java[ItemListActv~onOptionsItemSelected~QMenuItem;" StructureKind="java" NumEvents="2" CreationCount="44"/><InteractionEvent Delta="null" EndDate="2014-09-20 10:37:05.947 JST" Interest="2.0" Kind="propagation" Navigation="org.eclipse.mylyn.core.model.edges.containment" OriginId="org.eclipse.mylyn.core.model.interest.propagation" StartDate="2014-09-20 10:36:58.800 JST" StructureHandle="=SL3/src&amp;lt;sl3.utils{CONS.java[CONS[SQLs" StructureKind="java" NumEvents="2" CreationCount="377"/><InteractionEvent Delta="null" EndDate="2014-09-20 10:35:37.75 JST" Interest="8.0" Kind="selection" Navigation="null" OriginId="org.eclipse.ui.views.ContentOutline" StartDate="2014-09-20 10:00:11.67 JST" StructureHandle="=SL3/src&amp;lt;sl.main{TabActv.java[TabActv~onOptionsItemSelected~QMenuItem;" StructureKind="java" NumEvents="8" CreationCount="39"/><InteractionEvent Delta="null" EndDate="2014-09-20 10:35:43.533 JST" Interest="26.0" Kind="edit" Navigation="null" OriginId="org.eclipse.jdt.ui.CompilationUnitEditor" StartDate="2014-09-20 10:00:13.497 JST" StructureHandle="=SL3/src&amp;lt;sl.main{TabActv.java[TabActv~onOptionsItemSelected~QMenuItem;" StructureKind="java" NumEvents="26" CreationCount="39"/><InteractionEvent Delta="null" EndDate="2014-09-20 10:51:39.757 JST" Interest="332.357" Kind="propagation" Navigation="org.eclipse.mylyn.core.model.edges.containment" OriginId="org.eclipse.mylyn.core.model.interest.propagation" StartDate="2014-09-20 10:00:28.81 JST" StructureHandle="/SL3/src/sl3" StructureKind="resource" NumEvents="334" CreationCount="48"/><InteractionEvent Delta="null" EndDate="2014-09-20 10:27:27.532 JST" Interest="2.0" Kind="selection" Navigation="null" OriginId="org.eclipse.jdt.ui.CompilationUnitEditor" StartDate="2014-09-20 10:26:50.256 JST" StructureHandle="=SL3/src&amp;lt;sl3.utils{Methods_dlg.java[Methods_dlg~dlg_Tmpl_OkCancel~QActivity;~I~I~I~I~QDialogTags;~QDialogTags;" StructureKind="java" NumEvents="2" CreationCount="118"/><InteractionEvent Delta="null" EndDate="2014-09-20 10:27:34.992 JST" Interest="15.0" Kind="edit" Navigation="null" OriginId="org.eclipse.jdt.ui.CompilationUnitEditor" StartDate="2014-09-20 10:26:51.481 JST" StructureHandle="=SL3/src&amp;lt;sl3.utils{Methods_dlg.java[Methods_dlg~dlg_Tmpl_OkCancel~QActivity;~I~I~I~I~QDialogTags;~QDialogTags;" StructureKind="java" NumEvents="15" CreationCount="118"/><InteractionEvent Delta="null" EndDate="2014-09-20 10:51:13.175 JST" Interest="33.0" Kind="propagation" Navigation="null" OriginId="org.eclipse.jdt.ui.CompilationUnitEditor" StartDate="2014-09-20 10:26:05.4 JST" StructureHandle="/ShoppingList" StructureKind="resource" NumEvents="33" CreationCount="101"/><InteractionEvent Delta="null" EndDate="2014-09-20 10:41:55.527 JST" Interest="14.0" Kind="propagation" Navigation="null" OriginId="org.eclipse.jdt.ui.PackageExplorer" StartDate="2014-09-20 10:34:59.210 JST" StructureHandle="/SL3/src/sl3/listeners/dialog/DB_OTL.java" StructureKind="resource" NumEvents="14" CreationCount="316"/><InteractionEvent Delta="null" EndDate="2014-09-20 10:37:13.459 JST" Interest="1.0" Kind="selection" Navigation="null" OriginId="org.eclipse.jdt.ui.CompilationUnitEditor" StartDate="2014-09-20 10:37:13.459 JST" StructureHandle="=SL3/src&amp;lt;sl3.utils{CONS.java[CONS[TabActv^adp_List_Store_" StructureKind="java"/><InteractionEvent Delta="null" EndDate="2014-09-20 10:38:39.937 JST" Interest="6.0" Kind="selection" Navigation="null" OriginId="com.android.ide.eclipse.editors.CommonXmlEditor" StartDate="2014-09-20 09:58:29.100 JST" StructureHandle="/SL3/res/values/strings.xml" StructureKind="resource" NumEvents="6" CreationCount="1"/><InteractionEvent Delta="null" EndDate="2014-09-20 10:38:41.997 JST" Interest="52.0" Kind="edit" Navigation="null" OriginId="com.android.ide.eclipse.editors.CommonXmlEditor" StartDate="2014-09-20 09:58:29.161 JST" StructureHandle="/SL3/res/values/strings.xml" StructureKind="resource" NumEvents="52" CreationCount="1"/><InteractionEvent Delta="null" EndDate="2014-09-20 10:51:39.759 JST" Interest="333.0" Kind="propagation" Navigation="null" OriginId="org.eclipse.jdt.ui.CompilationUnitEditor" StartDate="2014-09-20 10:01:08.357 JST" StructureHandle="/SL3/src/sl3/utils" StructureKind="resource" NumEvents="333" CreationCount="69"/><InteractionEvent Delta="null" EndDate="2014-09-20 10:37:10.613 JST" Interest="4.4000006" Kind="propagation" Navigation="org.eclipse.mylyn.core.model.edges.containment" OriginId="org.eclipse.mylyn.core.model.interest.propagation" StartDate="2014-09-20 10:36:39.948 JST" StructureHandle="=SL3/src&amp;lt;sl3.utils{CONS.java[CONS" StructureKind="java" NumEvents="6" CreationCount="370"/><InteractionEvent Delta="null" EndDate="2014-09-20 10:34:36.474 JST" Interest="1.0170002" Kind="propagation" Navigation="org.eclipse.mylyn.core.model.edges.containment" OriginId="org.eclipse.mylyn.core.model.interest.propagation" StartDate="2014-09-20 10:33:24.445 JST" StructureHandle="=SL3/src&amp;lt;sl3.utils{Tags.java" StructureKind="java" NumEvents="3" CreationCount="269"/><InteractionEvent Delta="null" EndDate="2014-09-20 10:34:53.39 JST" Interest="3.0" Kind="selection" Navigation="null" OriginId="org.eclipse.jdt.ui.PackageExplorer" StartDate="2014-09-20 10:33:22.514 JST" StructureHandle="=SL3/src&amp;lt;sl3.utils{Tags.java" StructureKind="java" NumEvents="3" CreationCount="269"/><InteractionEvent Delta="null" EndDate="2014-09-20 10:51:13.174 JST" Interest="22.033998" Kind="propagation" Navigation="org.eclipse.mylyn.core.model.edges.containment" OriginId="org.eclipse.mylyn.core.model.interest.propagation" StartDate="2014-09-20 10:26:07.14 JST" StructureHandle="/ShoppingList/src/sl" StructureKind="resource" NumEvents="24" CreationCount="103"/><InteractionEvent Delta="null" EndDate="2014-09-20 10:28:20.619 JST" Interest="2.0" Kind="propagation" Navigation="null" OriginId="org.eclipse.ui.views.ResourceNavigator" StartDate="2014-09-20 10:28:14.904 JST" StructureHandle="/ShoppingList/gen" StructureKind="resource" NumEvents="2" CreationCount="151"/><InteractionEvent Delta="null" EndDate="2014-09-20 10:35:37.69 JST" Interest="4.7869997" Kind="propagation" Navigation="org.eclipse.mylyn.core.model.edges.containment" OriginId="org.eclipse.mylyn.core.model.interest.propagation" StartDate="2014-09-20 10:35:16.390 JST" StructureHandle="=SL3/src&amp;lt;sl3.listeners.dialog{DB_OTL.java" StructureKind="java" NumEvents="7" CreationCount="316"/><InteractionEvent Delta="null" EndDate="2014-09-20 10:41:55.526 JST" Interest="4.0" Kind="selection" Navigation="null" OriginId="org.eclipse.jdt.ui.PackageExplorer" StartDate="2014-09-20 10:34:59.210 JST" StructureHandle="=SL3/src&amp;lt;sl3.listeners.dialog{DB_OTL.java" StructureKind="java" NumEvents="4" CreationCount="316"/><InteractionEvent Delta="null" EndDate="2014-09-20 10:00:39.526 JST" Interest="3.4" Kind="propagation" Navigation="org.eclipse.mylyn.core.model.edges.containment" OriginId="org.eclipse.mylyn.core.model.interest.propagation" StartDate="2014-09-20 10:00:19.642 JST" StructureHandle="=SL3/src&amp;lt;sl.main{ItemListActv.java[ItemListActv" StructureKind="java" NumEvents="4" CreationCount="44"/><InteractionEvent Delta="null" EndDate="2014-09-20 10:37:08.545 JST" Interest="2.0" Kind="selection" Navigation="null" OriginId="org.eclipse.jdt.ui.CompilationUnitEditor" StartDate="2014-09-20 10:36:44.785 JST" StructureHandle="=SL3/src&amp;lt;sl3.utils{CONS.java[CONS[TabActv" StructureKind="java" NumEvents="2" CreationCount="370"/><InteractionEvent Delta="null" EndDate="2014-09-20 10:36:39.947 JST" Interest="1.0" Kind="propagation" Navigation="org.eclipse.mylyn.core.model.edges.containment" OriginId="org.eclipse.mylyn.core.model.interest.propagation" StartDate="2014-09-20 10:36:39.947 JST" StructureHandle="=SL3/src&amp;lt;sl3.utils{CONS.java[CONS[TabActv" StructureKind="java"/><InteractionEvent Delta="null" EndDate="2014-09-20 10:37:10.613 JST" Interest="2.0" Kind="edit" Navigation="null" OriginId="org.eclipse.jdt.ui.CompilationUnitEditor" StartDate="2014-09-20 10:36:46.861 JST" StructureHandle="=SL3/src&amp;lt;sl3.utils{CONS.java[CONS[TabActv" StructureKind="java" NumEvents="2" CreationCount="370"/><InteractionEvent Delta="null" EndDate="2014-09-20 10:26:07.13 JST" Interest="1.0" Kind="selection" Navigation="null" OriginId="org.eclipse.ui.views.ResourceNavigator" StartDate="2014-09-20 10:26:07.13 JST" StructureHandle="=ShoppingList/src&amp;lt;sl" StructureKind="java"/><InteractionEvent Delta="null" EndDate="2014-09-20 10:32:00.904 JST" Interest="4.0" Kind="selection" Navigation="null" OriginId="com.android.ide.eclipse.editors.CommonXmlEditor" StartDate="2014-09-20 09:59:25.454 JST" StructureHandle="/SL3/res/menu/actv_tab_1.xml" StructureKind="resource" NumEvents="4" CreationCount="18"/><InteractionEvent Delta="null" EndDate="2014-09-20 10:32:01.188 JST" Interest="19.0" Kind="edit" Navigation="null" OriginId="com.android.ide.eclipse.editors.CommonXmlEditor" StartDate="2014-09-20 09:59:25.500 JST" StructureHandle="/SL3/res/menu/actv_tab_1.xml" StructureKind="resource" NumEvents="19" CreationCount="18"/><InteractionEvent Delta="null" EndDate="2014-09-20 10:36:02.704 JST" Interest="3.0" Kind="selection" Navigation="null" OriginId="org.eclipse.ui.views.ContentOutline" StartDate="2014-09-20 10:35:43.546 JST" StructureHandle="=SL3/src&amp;lt;sl.main{TabActv.java[TabActv~_Setup_ItemListView" StructureKind="java" NumEvents="3" CreationCount="345"/><InteractionEvent Delta="null" EndDate="2014-09-20 10:36:07.83 JST" Interest="7.0" Kind="edit" Navigation="null" OriginId="org.eclipse.jdt.ui.CompilationUnitEditor" StartDate="2014-09-20 10:35:44.19 JST" StructureHandle="=SL3/src&amp;lt;sl.main{TabActv.java[TabActv~_Setup_ItemListView" StructureKind="java" NumEvents="7" CreationCount="345"/><InteractionEvent Delta="null" EndDate="2014-09-20 10:28:20.716 JST" Interest="1.0" Kind="propagation" Navigation="null" OriginId="org.eclipse.ui.views.ResourceNavigator" StartDate="2014-09-20 10:28:20.716 JST" StructureHandle="/ShoppingList/src/sl/listeners" StructureKind="resource"/><InteractionEvent Delta="null" EndDate="2014-09-20 10:33:24.445 JST" Interest="1.0" Kind="selection" Navigation="null" OriginId="org.eclipse.jdt.ui.CompilationUnitEditor" StartDate="2014-09-20 10:33:24.445 JST" StructureHandle="=SL3/src&amp;lt;sl3.utils{Tags.java[Tags[DialogTags^dlg_input_empty_btn_reenter" StructureKind="java"/><InteractionEvent Delta="null" EndDate="2014-09-20 10:37:10.613 JST" Interest="2.4170008" Kind="propagation" Navigation="org.eclipse.mylyn.core.model.edges.containment" OriginId="org.eclipse.mylyn.core.model.interest.propagation" StartDate="2014-09-20 10:36:39.948 JST" StructureHandle="=SL3/src&amp;lt;sl3.utils{CONS.java" StructureKind="java" NumEvents="6" CreationCount="369"/><InteractionEvent Delta="null" EndDate="2014-09-20 10:37:05.857 JST" Interest="2.0" Kind="selection" Navigation="null" OriginId="org.eclipse.jdt.ui.CompilationUnitEditor" StartDate="2014-09-20 10:36:39.177 JST" StructureHandle="=SL3/src&amp;lt;sl3.utils{CONS.java" StructureKind="java" NumEvents="2" CreationCount="369"/><InteractionEvent Delta="null" EndDate="2014-09-20 10:26:03.57 JST" Interest="2.0" Kind="selection" Navigation="null" OriginId="org.eclipse.ui.views.ResourceNavigator" StartDate="2014-09-20 10:26:03.47 JST" StructureHandle="=TA2" StructureKind="java" NumEvents="2" CreationCount="98"/><InteractionEvent Delta="null" EndDate="2014-09-20 10:51:39.758 JST" Interest="184.136" Kind="propagation" Navigation="org.eclipse.mylyn.core.model.edges.containment" OriginId="org.eclipse.mylyn.core.model.interest.propagation" StartDate="2014-09-20 10:01:08.357 JST" StructureHandle="=SL3/src&amp;lt;sl3.utils" StructureKind="java" NumEvents="257" CreationCount="69"/><InteractionEvent Delta="null" EndDate="2014-09-20 10:51:39.760 JST" Interest="588.0" Kind="propagation" Navigation="null" OriginId="org.eclipse.jdt.ui.CompilationUnitEditor" StartDate="2014-09-20 09:58:29.101 JST" StructureHandle="/SL3" StructureKind="resource" NumEvents="588" CreationCount="1"/><InteractionEvent Delta="null" EndDate="2014-09-20 10:37:06.591 JST" Interest="1.0" Kind="selection" Navigation="null" OriginId="org.eclipse.jdt.ui.CompilationUnitEditor" StartDate="2014-09-20 10:37:06.591 JST" StructureHandle="=SL3/src&amp;lt;sl3.utils{CONS.java[CONS[TabActv^adp_List_Store" StructureKind="java"/><InteractionEvent Delta="null" EndDate="2014-09-20 10:00:33.124 JST" Interest="1.0" Kind="selection" Navigation="null" OriginId="org.eclipse.jdt.ui.CompilationUnitEditor" StartDate="2014-09-20 10:00:33.124 JST" StructureHandle="=SL3/src&amp;lt;sl3.listeners{TCL.java[TCL~_onTabChanged__ChangeItems__ToFirst" StructureKind="java"/><InteractionEvent Delta="null" EndDate="2014-09-20 10:00:36.678 JST" Interest="2.0" Kind="edit" Navigation="null" OriginId="org.eclipse.jdt.ui.CompilationUnitEditor" StartDate="2014-09-20 10:00:35.352 JST" StructureHandle="=SL3/src&amp;lt;sl3.listeners{TCL.java[TCL~_onTabChanged__ChangeItems__ToFirst" StructureKind="java" NumEvents="2" CreationCount="50"/><InteractionEvent Delta="null" EndDate="2014-09-20 10:36:39.947 JST" Interest="1.0" Kind="selection" Navigation="null" OriginId="org.eclipse.jdt.ui.CompilationUnitEditor" StartDate="2014-09-20 10:36:39.947 JST" StructureHandle="=SL3/src&amp;lt;sl3.utils{CONS.java[CONS[TabActv^spStore" StructureKind="java"/><InteractionEvent Delta="null" EndDate="2014-09-20 10:51:39.757 JST" Interest="304.0" Kind="propagation" Navigation="null" OriginId="org.eclipse.jdt.ui.CompilationUnitEditor" StartDate="2014-09-20 10:01:08.357 JST" StructureHandle="/SL3/src/sl3/utils/Methods_dlg.java" StructureKind="resource" NumEvents="304" CreationCount="69"/><InteractionEvent Delta="null" EndDate="2014-09-20 10:34:36.473 JST" Interest="1.0" Kind="selection" Navigation="null" OriginId="org.eclipse.jdt.ui.CompilationUnitEditor" StartDate="2014-09-20 10:34:36.473 JST" StructureHandle="=SL3/src&amp;lt;sl3.utils{Tags.java[Tags[DialogTags^ACTV_TAB_SEARCH_OK" StructureKind="java"/><InteractionEvent Delta="null" EndDate="2014-09-20 10:51:13.174 JST" Interest="21.067999" Kind="propagation" Navigation="org.eclipse.mylyn.core.model.edges.containment" OriginId="org.eclipse.mylyn.core.model.interest.propagation" StartDate="2014-09-20 10:26:06.649 JST" StructureHandle="=ShoppingList" StructureKind="resource" NumEvents="26" CreationCount="101"/><InteractionEvent Delta="null" EndDate="2014-09-20 10:26:05.4 JST" Interest="1.0" Kind="selection" Navigation="null" OriginId="org.eclipse.ui.views.ResourceNavigator" StartDate="2014-09-20 10:26:05.4 JST" StructureHandle="=ShoppingList" StructureKind="java"/><InteractionEvent Delta="null" EndDate="2014-09-20 10:51:39.758 JST" Interest="159.136" Kind="propagation" Navigation="org.eclipse.mylyn.core.model.edges.containment" OriginId="org.eclipse.mylyn.core.model.interest.propagation" StartDate="2014-09-20 10:01:32.654 JST" StructureHandle="=SL3/src&amp;lt;sl3.utils{Methods_dlg.java" StructureKind="java" NumEvents="230" CreationCount="69"/><InteractionEvent Delta="null" EndDate="2014-09-20 10:51:14.692 JST" Interest="24.0" Kind="selection" Navigation="null" OriginId="org.eclipse.jdt.ui.CompilationUnitEditor" StartDate="2014-09-20 10:01:27.355 JST" StructureHandle="=SL3/src&amp;lt;sl3.utils{Methods_dlg.java" StructureKind="java" NumEvents="24" CreationCount="69"/><InteractionEvent Delta="null" EndDate="2014-09-20 10:01:08.355 JST" Interest="1.0" Kind="prediction" Navigation="null" OriginId="org.eclipse.mylyn.resources.ui.interest.updater" StartDate="2014-09-20 10:01:08.355 JST" StructureHandle="=SL3/src&amp;lt;sl3.utils{Methods_dlg.java" StructureKind="java"/><InteractionEvent Delta="null" EndDate="2014-09-20 10:00:36.679 JST" Interest="1.4340003" Kind="propagation" Navigation="org.eclipse.mylyn.core.model.edges.containment" OriginId="org.eclipse.mylyn.core.model.interest.propagation" StartDate="2014-09-20 10:00:29.585 JST" StructureHandle="=SL3/src&amp;lt;sl3.listeners{TCL.java" StructureKind="java" NumEvents="4" CreationCount="48"/><InteractionEvent Delta="null" EndDate="2014-09-20 10:28:31.34 JST" Interest="2.0" Kind="selection" Navigation="null" OriginId="org.eclipse.jdt.ui.PackageExplorer" StartDate="2014-09-20 10:00:28.80 JST" StructureHandle="=SL3/src&amp;lt;sl3.listeners{TCL.java" StructureKind="java" NumEvents="2" CreationCount="48"/><InteractionEvent Delta="null" EndDate="2014-09-20 10:51:13.174 JST" Interest="9.5" Kind="propagation" Navigation="org.eclipse.mylyn.core.model.edges.containment" OriginId="org.eclipse.mylyn.core.model.interest.propagation" StartDate="2014-09-20 10:26:20.856 JST" StructureHandle="=ShoppingList/src&amp;lt;sl.utils{Methods_dlg.java[Methods_dlg" StructureKind="java" NumEvents="11" CreationCount="108"/><InteractionEvent Delta="null" EndDate="2014-09-20 10:41:55.527 JST" Interest="14.0" Kind="propagation" Navigation="org.eclipse.mylyn.core.model.edges.containment" OriginId="org.eclipse.mylyn.core.model.interest.propagation" StartDate="2014-09-20 10:34:59.210 JST" StructureHandle="/SL3/src/sl3/listeners/dialog" StructureKind="resource" NumEvents="14" CreationCount="316"/><InteractionEvent Delta="null" EndDate="2014-09-20 10:26:03.57 JST" Interest="2.0" Kind="propagation" Navigation="null" OriginId="org.eclipse.ui.views.ResourceNavigator" StartDate="2014-09-20 10:26:03.47 JST" StructureHandle="/TA2" StructureKind="resource" NumEvents="2" CreationCount="98"/><InteractionEvent Delta="null" EndDate="2014-09-20 10:38:41.997 JST" Interest="42.399998" Kind="propagation" Navigation="org.eclipse.mylyn.core.model.edges.containment" OriginId="org.eclipse.mylyn.core.model.interest.propagation" StartDate="2014-09-20 09:58:29.101 JST" StructureHandle="/SL3/res" StructureKind="resource" NumEvents="59" CreationCount="1"/><InteractionEvent Delta="null" EndDate="2014-09-20 10:51:39.760 JST" Interest="451.0" Kind="propagation" Navigation="null" OriginId="org.eclipse.jdt.ui.CompilationUnitEditor" StartDate="2014-09-20 10:00:08.92 JST" StructureHandle="/SL3/src" StructureKind="resource" NumEvents="451" CreationCount="38"/><InteractionEvent Delta="null" EndDate="2014-09-20 10:28:28.930 JST" Interest="0.051" Kind="propagation" Navigation="org.eclipse.mylyn.core.model.edges.containment" OriginId="org.eclipse.mylyn.core.model.interest.propagation" StartDate="2014-09-20 10:28:25.950 JST" StructureHandle="/ShoppingList/res" StructureKind="resource" NumEvents="3" CreationCount="156"/><InteractionEvent Delta="null" EndDate="2014-09-20 10:28:24.339 JST" Interest="1.0" Kind="selection" Navigation="null" OriginId="org.eclipse.ui.views.ResourceNavigator" StartDate="2014-09-20 10:28:24.339 JST" StructureHandle="/ShoppingList/res" StructureKind="resource"/><InteractionEvent Delta="null" EndDate="2014-09-20 10:51:29.349 JST" Interest="3.0" Kind="prediction" Navigation="null" OriginId="org.eclipse.mylyn.resources.ui.interest.updater" StartDate="2014-09-20 10:40:46.371 JST" StructureHandle="/SL3/bin/SL3.apk" StructureKind="resource" NumEvents="3" CreationCount="492"/><InteractionEvent Delta="null" EndDate="2014-09-20 10:51:13.174 JST" Interest="22.050999" Kind="propagation" Navigation="org.eclipse.mylyn.core.model.edges.containment" OriginId="org.eclipse.mylyn.core.model.interest.propagation" StartDate="2014-09-20 10:26:06.649 JST" StructureHandle="/ShoppingList/src" StructureKind="resource" NumEvents="26" CreationCount="102"/><InteractionEvent Delta="null" EndDate="2014-09-20 10:31:33.260 JST" Interest="17.517" Kind="propagation" Navigation="org.eclipse.mylyn.core.model.edges.containment" OriginId="org.eclipse.mylyn.core.model.interest.propagation" StartDate="2014-09-20 10:00:11.68 JST" StructureHandle="=SL3/src&amp;lt;sl.main{TabActv.java" StructureKind="java" NumEvents="27" CreationCount="38"/><InteractionEvent Delta="null" EndDate="2014-09-20 10:48:53.403 JST" Interest="14.0" Kind="selection" Navigation="null" OriginId="org.eclipse.jdt.ui.CompilationUnitEditor" StartDate="2014-09-20 10:00:08.92 JST" StructureHandle="=SL3/src&amp;lt;sl.main{TabActv.java" StructureKind="java" NumEvents="14" CreationCount="38"/><InteractionEvent Delta="null" EndDate="2014-09-20 10:51:13.173 JST" Interest="6.0" Kind="selection" Navigation="null" OriginId="org.eclipse.jdt.ui.CompilationUnitEditor" StartDate="2014-09-20 10:26:20.856 JST" StructureHandle="=ShoppingList/src&amp;lt;sl.utils{Methods_dlg.java[Methods_dlg~dlg_tab1_edit_item~QActivity;~QShoppingItem;~QDialog;" StructureKind="java" NumEvents="6" CreationCount="108"/><InteractionEvent Delta="null" EndDate="2014-09-20 10:26:22.625 JST" Interest="5.0" Kind="edit" Navigation="null" OriginId="org.eclipse.jdt.ui.CompilationUnitEditor" StartDate="2014-09-20 10:26:20.974 JST" StructureHandle="=ShoppingList/src&amp;lt;sl.utils{Methods_dlg.java[Methods_dlg~dlg_tab1_edit_item~QActivity;~QShoppingItem;~QDialog;" StructureKind="java" NumEvents="5" CreationCount="108"/><InteractionEvent Delta="null" EndDate="2014-09-20 10:50:52.875 JST" Interest="36.6" Kind="propagation" Navigation="org.eclipse.mylyn.core.model.edges.containment" OriginId="org.eclipse.mylyn.core.model.interest.propagation" StartDate="2014-09-20 10:28:57.334 JST" StructureHandle="/SL3/res/layout" StructureKind="resource" NumEvents="48" CreationCount="160"/><InteractionEvent Delta="null" EndDate="2014-09-20 10:51:29.349 JST" Interest="3.0" Kind="prediction" Navigation="null" OriginId="org.eclipse.mylyn.resources.ui.interest.updater" StartDate="2014-09-20 10:40:46.371 JST" StructureHandle="/SL3/bin/resources.ap_" StructureKind="resource" NumEvents="3" CreationCount="492"/><InteractionEvent Delta="null" EndDate="2014-09-20 10:00:36.678 JST" Interest="2.4170003" Kind="propagation" Navigation="org.eclipse.mylyn.core.model.edges.containment" OriginId="org.eclipse.mylyn.core.model.interest.propagation" StartDate="2014-09-20 10:00:29.584 JST" StructureHandle="=SL3/src&amp;lt;sl3.listeners{TCL.java[TCL" StructureKind="java" NumEvents="4" CreationCount="49"/><InteractionEvent Delta="null" EndDate="2014-09-20 10:51:38.537 JST" Interest="30.0" Kind="selection" Navigation="null" OriginId="org.eclipse.ui.views.ContentOutline" StartDate="2014-09-20 10:01:28.410 JST" StructureHandle="=SL3/src&amp;lt;sl3.utils{Methods_dlg.java[Methods_dlg~dlg_TabActv_SearchItems~QActivity;" StructureKind="java" NumEvents="30" CreationCount="77"/><InteractionEvent Delta="null" EndDate="2014-09-20 10:51:39.756 JST" Interest="220.0" Kind="edit" Navigation="null" OriginId="org.eclipse.jdt.ui.CompilationUnitEditor" StartDate="2014-09-20 10:01:31.60 JST" StructureHandle="=SL3/src&amp;lt;sl3.utils{Methods_dlg.java[Methods_dlg~dlg_TabActv_SearchItems~QActivity;" StructureKind="java" NumEvents="220" CreationCount="77"/></InteractionHistory>