<?xml version="1.0" encoding="UTF-8"?><InteractionHistory Id="local-151" Version="1"><InteractionEvent Delta="null" EndDate="2014-10-11 15:09:35.799 JST" Interest="60.101997" Kind="propagation" Navigation="org.eclipse.mylyn.core.model.edges.containment" OriginId="org.eclipse.mylyn.core.model.interest.propagation" StartDate="2014-10-11 14:53:45.565 JST" StructureHandle="" StructureKind="java" NumEvents="62" CreationCount="578"/><InteractionEvent Delta="null" EndDate="2014-10-11 13:34:33.259 JST" Interest="1.0" Kind="selection" Navigation="null" OriginId="org.eclipse.jdt.ui.PackageExplorer" StartDate="2014-10-11 13:34:33.259 JST" StructureHandle="/TA2/res/drawable-mdpi" StructureKind="resource"/><InteractionEvent Delta="null" EndDate="2014-10-11 15:03:21.75 JST" Interest="2.0" Kind="propagation" Navigation="null" OriginId="org.eclipse.ui.views.ResourceNavigator" StartDate="2014-10-11 15:01:51.977 JST" StructureHandle="/IFM11/src/ifm11/main/ImageActv.java" StructureKind="resource" NumEvents="2" CreationCount="603"/><InteractionEvent Delta="null" EndDate="2014-10-11 15:01:53.343 JST" Interest="42.0" Kind="propagation" Navigation="null" OriginId="org.eclipse.jdt.ui.PackageExplorer" StartDate="2014-10-11 13:27:48.716 JST" StructureHandle="/TA2/src/ta2/utils" StructureKind="resource" NumEvents="42" CreationCount="103"/><InteractionEvent Delta="null" EndDate="2014-10-11 15:03:28.602 JST" Interest="20.0" Kind="propagation" Navigation="null" OriginId="org.eclipse.ui.views.ResourceNavigator" StartDate="2014-10-11 14:53:53.385 JST" StructureHandle="/IFM11/src/ifm11/main/CV.java" StructureKind="resource" NumEvents="20" CreationCount="584"/><InteractionEvent Delta="null" EndDate="2014-10-11 13:34:36.969 JST" Interest="1.0" Kind="propagation" Navigation="org.eclipse.mylyn.core.model.edges.containment" OriginId="org.eclipse.mylyn.core.model.interest.propagation" StartDate="2014-10-11 13:34:36.969 JST" StructureHandle="=TA2/&amp;lt;{Test.java#" StructureKind="java"/><InteractionEvent Delta="null" EndDate="2014-10-11 14:51:58.74 JST" Interest="383.108" Kind="propagation" Navigation="org.eclipse.mylyn.core.model.edges.containment" OriginId="org.eclipse.mylyn.core.model.interest.propagation" StartDate="2014-10-11 13:23:33.683 JST" StructureHandle="/TA2/src/ta2" StructureKind="resource" NumEvents="386" CreationCount="2"/><InteractionEvent Delta="null" EndDate="2014-10-11 14:51:59.144 JST" Interest="3.0" Kind="selection" Navigation="null" OriginId="org.eclipse.jdt.ui.PackageExplorer" StartDate="2014-10-11 13:31:32.837 JST" StructureHandle="/TA2/res/menu/menu_actv_memo.xml" StructureKind="resource" NumEvents="3" CreationCount="147"/><InteractionEvent Delta="null" EndDate="2014-10-11 14:50:50.65 JST" Interest="5.885" Kind="manipulation" Navigation="null" OriginId="org.eclipse.mylyn.core.model.interest.decay.correction" StartDate="2014-10-11 14:50:50.65 JST" StructureHandle="/TA2/res/menu/menu_actv_memo.xml" StructureKind="resource"/><InteractionEvent Delta="null" EndDate="2014-10-11 14:50:49.712 JST" Interest="6.3550005" Kind="propagation" Navigation="org.eclipse.mylyn.core.model.edges.containment" OriginId="org.eclipse.mylyn.core.model.interest.propagation" StartDate="2014-10-11 13:34:34.222 JST" StructureHandle="=TA2/&amp;lt;" StructureKind="java" NumEvents="7" CreationCount="236"/><InteractionEvent Delta="null" EndDate="2014-10-11 15:03:56.672 JST" Interest="10.168" Kind="propagation" Navigation="org.eclipse.mylyn.core.model.edges.containment" OriginId="org.eclipse.mylyn.core.model.interest.propagation" StartDate="2014-10-11 15:03:36.327 JST" StructureHandle="=IFM11/src&amp;lt;ifm11.main{MainActv.java" StructureKind="java" NumEvents="16" CreationCount="628"/><InteractionEvent Delta="null" EndDate="2014-10-11 15:09:35.668 JST" Interest="3.0" Kind="selection" Navigation="null" OriginId="org.eclipse.ui.views.ResourceNavigator" StartDate="2014-10-11 15:03:33.314 JST" StructureHandle="=IFM11/src&amp;lt;ifm11.main{MainActv.java" StructureKind="java" NumEvents="3" CreationCount="628"/><InteractionEvent Delta="null" EndDate="2014-10-11 15:08:28.503 JST" Interest="4.0" Kind="prediction" Navigation="null" OriginId="org.eclipse.mylyn.resources.ui.interest.updater" StartDate="2014-10-11 13:40:20.239 JST" StructureHandle="/TA2/bin/TA2.apk" StructureKind="resource" NumEvents="4" CreationCount="398"/><InteractionEvent Delta="null" EndDate="2014-10-11 14:51:58.74 JST" Interest="381.0" Kind="propagation" Navigation="org.eclipse.mylyn.core.model.edges.containment" OriginId="org.eclipse.mylyn.core.model.interest.propagation" StartDate="2014-10-11 13:30:01.981 JST" StructureHandle="/TA2/src/ta2/listeners/dialog" StructureKind="resource" NumEvents="381" CreationCount="126"/><InteractionEvent Delta="null" EndDate="2014-10-11 13:40:04.547 JST" Interest="3.0" Kind="selection" Navigation="null" OriginId="org.eclipse.jdt.ui.CompilationUnitEditor" StartDate="2014-10-11 13:27:49.900 JST" StructureHandle="=TA2/src&amp;lt;ta2.utils{Methods_dlg.java[Methods_dlg~dlg_EditMemo_ImageActv_From_ShowList~QActivity;" StructureKind="java" NumEvents="3" CreationCount="104"/><InteractionEvent Delta="null" EndDate="2014-10-11 13:42:07.936 JST" Interest="12.0" Kind="edit" Navigation="null" OriginId="org.eclipse.jdt.ui.CompilationUnitEditor" StartDate="2014-10-11 13:28:39.212 JST" StructureHandle="=TA2/src&amp;lt;ta2.utils{Methods_dlg.java[Methods_dlg~dlg_EditMemo_ImageActv_From_ShowList~QActivity;" StructureKind="java" NumEvents="12" CreationCount="104"/><InteractionEvent Delta="null" EndDate="2014-10-11 15:09:39.743 JST" Interest="1.0" Kind="selection" Navigation="null" OriginId="org.eclipse.jdt.ui.PackageExplorer" StartDate="2014-10-11 15:09:39.743 JST" StructureHandle="=TA2/src&amp;lt;ta2.main{MemoEditActv.java" StructureKind="java"/><InteractionEvent Delta="null" EndDate="2014-10-11 13:31:32.730 JST" Interest="7.0" Kind="selection" Navigation="null" OriginId="org.eclipse.jdt.ui.PackageExplorer" StartDate="2014-10-11 13:24:17.816 JST" StructureHandle="/TA2/res/menu/menu_actv_image.xml" StructureKind="resource" NumEvents="7" CreationCount="19"/><InteractionEvent Delta="null" EndDate="2014-10-11 13:28:38.618 JST" Interest="30.0" Kind="edit" Navigation="null" OriginId="com.android.ide.eclipse.editors.CommonXmlEditor" StartDate="2014-10-11 13:24:18.687 JST" StructureHandle="/TA2/res/menu/menu_actv_image.xml" StructureKind="resource" NumEvents="30" CreationCount="19"/><InteractionEvent Delta="null" EndDate="2014-10-11 15:09:35.799 JST" Interest="57.101997" Kind="propagation" Navigation="org.eclipse.mylyn.core.model.edges.containment" OriginId="org.eclipse.mylyn.core.model.interest.propagation" StartDate="2014-10-11 14:53:56.649 JST" StructureHandle="=IFM11" StructureKind="resource" NumEvents="59" CreationCount="578"/><InteractionEvent Delta="null" EndDate="2014-10-11 14:53:47.40 JST" Interest="3.0" Kind="selection" Navigation="null" OriginId="org.eclipse.ui.views.ResourceNavigator" StartDate="2014-10-11 14:53:45.565 JST" StructureHandle="=IFM11" StructureKind="java" NumEvents="3" CreationCount="578"/><InteractionEvent Delta="null" EndDate="2014-10-11 14:53:41.690 JST" Interest="3.9679997" Kind="propagation" Navigation="org.eclipse.mylyn.core.model.edges.containment" OriginId="org.eclipse.mylyn.core.model.interest.propagation" StartDate="2014-10-11 14:52:30.883 JST" StructureHandle="=TA2/src&amp;lt;ta2.utils{Methods.java" StructureKind="java" NumEvents="6" CreationCount="564"/><InteractionEvent Delta="null" EndDate="2014-10-11 15:01:53.342 JST" Interest="3.0" Kind="selection" Navigation="null" OriginId="org.eclipse.jdt.ui.PackageExplorer" StartDate="2014-10-11 14:52:14.181 JST" StructureHandle="=TA2/src&amp;lt;ta2.utils{Methods.java" StructureKind="java" NumEvents="3" CreationCount="564"/><InteractionEvent Delta="null" EndDate="2014-10-11 14:52:16.94 JST" Interest="2.0" Kind="edit" Navigation="null" OriginId="org.eclipse.jdt.ui.CompilationUnitEditor" StartDate="2014-10-11 14:52:15.462 JST" StructureHandle="=TA2/src&amp;lt;ta2.utils{Methods.java" StructureKind="java" NumEvents="2" CreationCount="564"/><InteractionEvent Delta="null" EndDate="2014-10-11 13:42:07.937 JST" Interest="26.0" Kind="propagation" Navigation="null" OriginId="org.eclipse.jdt.ui.CompilationUnitEditor" StartDate="2014-10-11 13:27:48.716 JST" StructureHandle="/TA2/src/ta2/utils/Methods_dlg.java" StructureKind="resource" NumEvents="26" CreationCount="103"/><InteractionEvent Delta="null" EndDate="2014-10-11 14:53:56.648 JST" Interest="1.0" Kind="selection" Navigation="null" OriginId="org.eclipse.ui.views.ContentOutline" StartDate="2014-10-11 14:53:56.648 JST" StructureHandle="=IFM11/src&amp;lt;ifm11.main{CV.java%ifm11.main" StructureKind="java"/><InteractionEvent Delta="null" EndDate="2014-10-11 14:52:19.773 JST" Interest="1.0" Kind="selection" Navigation="null" OriginId="org.eclipse.jdt.ui.CompilationUnitEditor" StartDate="2014-10-11 14:52:19.773 JST" StructureHandle="=TA2/src&amp;lt;ta2.utils{Methods.java[Methods~get_Content~QActivity;~QString;~\[QString;~QString;" StructureKind="java"/><InteractionEvent Delta="null" EndDate="2014-10-11 14:53:41.689 JST" Interest="9.0" Kind="edit" Navigation="null" OriginId="org.eclipse.jdt.ui.CompilationUnitEditor" StartDate="2014-10-11 14:52:23.741 JST" StructureHandle="=TA2/src&amp;lt;ta2.utils{Methods.java[Methods~get_Content~QActivity;~QString;~\[QString;~QString;" StructureKind="java" NumEvents="9" CreationCount="568"/><InteractionEvent Delta="null" EndDate="2014-10-11 15:20:17.489 JST" Interest="809.034" Kind="propagation" Navigation="org.eclipse.mylyn.core.model.edges.containment" OriginId="org.eclipse.mylyn.core.model.interest.propagation" StartDate="2014-10-11 13:19:11.875 JST" StructureHandle="/" StructureKind="resource" NumEvents="811" CreationCount="1"/><InteractionEvent Delta="null" EndDate="2014-10-11 15:03:21.75 JST" Interest="2.0" Kind="selection" Navigation="null" OriginId="org.eclipse.ui.views.ResourceNavigator" StartDate="2014-10-11 15:01:51.977 JST" StructureHandle="=IFM11/src&amp;lt;ifm11.main{ImageActv.java" StructureKind="java" NumEvents="2" CreationCount="603"/><InteractionEvent Delta="null" EndDate="2014-10-11 14:45:46.685 JST" Interest="3.0" Kind="propagation" Navigation="org.eclipse.mylyn.core.model.edges.containment" OriginId="org.eclipse.mylyn.core.model.interest.propagation" StartDate="2014-10-11 13:40:20.239 JST" StructureHandle="/TA2/bin" StructureKind="resource" NumEvents="3" CreationCount="398"/><InteractionEvent Delta="null" EndDate="2014-10-11 13:42:07.937 JST" Interest="7.417" Kind="propagation" Navigation="org.eclipse.mylyn.core.model.edges.containment" OriginId="org.eclipse.mylyn.core.model.interest.propagation" StartDate="2014-10-11 13:27:49.901 JST" StructureHandle="=TA2/src&amp;lt;ta2.utils{Methods_dlg.java" StructureKind="java" NumEvents="14" CreationCount="103"/><InteractionEvent Delta="null" EndDate="2014-10-11 13:40:01.608 JST" Interest="4.0" Kind="selection" Navigation="null" OriginId="org.eclipse.jdt.ui.CompilationUnitEditor" StartDate="2014-10-11 13:27:48.716 JST" StructureHandle="=TA2/src&amp;lt;ta2.utils{Methods_dlg.java" StructureKind="java" NumEvents="4" CreationCount="103"/><InteractionEvent Delta="null" EndDate="2014-10-11 13:30:02.828 JST" Interest="1.0" Kind="selection" Navigation="null" OriginId="org.eclipse.jdt.ui.CompilationUnitEditor" StartDate="2014-10-11 13:30:02.828 JST" StructureHandle="=TA2/src&amp;lt;ta2.listeners.dialog{DB_OCL.java[DB_OCL~DB_OCL~QActivity;~QDialog;" StructureKind="java"/><InteractionEvent Delta="null" EndDate="2014-10-11 15:04:05.548 JST" Interest="3.0" Kind="selection" Navigation="null" OriginId="org.eclipse.jdt.ui.CompilationUnitEditor" StartDate="2014-10-11 15:04:03.464 JST" StructureHandle="=IFM11/src&amp;lt;ifm11.main{MainActv.java[MainActv~do_debug" StructureKind="java" NumEvents="3" CreationCount="650"/><InteractionEvent Delta="null" EndDate="2014-10-11 15:03:39.277 JST" Interest="3.0" Kind="selection" Navigation="null" OriginId="org.eclipse.jdt.ui.CompilationUnitEditor" StartDate="2014-10-11 15:03:39.183 JST" StructureHandle="=IFM11/src&amp;lt;ifm11.main{MainActv.java[MainActv~_Setup_SetList~QFile;" StructureKind="java" NumEvents="3" CreationCount="632"/><InteractionEvent Delta="null" EndDate="2014-10-11 15:03:56.671 JST" Interest="13.0" Kind="edit" Navigation="null" OriginId="org.eclipse.jdt.ui.CompilationUnitEditor" StartDate="2014-10-11 15:03:39.721 JST" StructureHandle="=IFM11/src&amp;lt;ifm11.main{MainActv.java[MainActv~_Setup_SetList~QFile;" StructureKind="java" NumEvents="13" CreationCount="632"/><InteractionEvent Delta="null" EndDate="2014-10-11 13:31:42.328 JST" Interest="3.0" Kind="selection" Navigation="null" OriginId="org.eclipse.jdt.ui.CompilationUnitEditor" StartDate="2014-10-11 13:31:41.697 JST" StructureHandle="=TA2/src&amp;lt;ta2.main{PhotoActv.java[PhotoActv~_test_CV_update_void" StructureKind="java" NumEvents="3" CreationCount="152"/><InteractionEvent Delta="null" EndDate="2014-10-11 15:20:17.488 JST" Interest="382.017" Kind="propagation" Navigation="null" OriginId="org.eclipse.jdt.ui.CompilationUnitEditor" StartDate="2014-10-11 13:23:33.683 JST" StructureHandle="/TA2/src/ta2/main" StructureKind="resource" NumEvents="384" CreationCount="2"/><InteractionEvent Delta="null" EndDate="2014-10-11 13:23:44.827 JST" Interest="1.0" Kind="propagation" Navigation="org.eclipse.mylyn.core.model.edges.containment" OriginId="org.eclipse.mylyn.core.model.interest.propagation" StartDate="2014-10-11 13:23:44.827 JST" StructureHandle="=TA2/src&amp;lt;ta2.listeners.button" StructureKind="java"/><InteractionEvent Delta="null" EndDate="2014-10-11 13:25:33.759 JST" Interest="5.0" Kind="selection" Navigation="null" OriginId="org.eclipse.jdt.ui.CompilationUnitEditor" StartDate="2014-10-11 13:24:51.683 JST" StructureHandle="=TA2/src&amp;lt;ta2.main{ImageActv.java[ImageActv~_case_AddMemo" StructureKind="java" NumEvents="5" CreationCount="32"/><InteractionEvent Delta="null" EndDate="2014-10-11 13:25:30.676 JST" Interest="4.0" Kind="edit" Navigation="null" OriginId="org.eclipse.jdt.ui.CompilationUnitEditor" StartDate="2014-10-11 13:24:52.399 JST" StructureHandle="=TA2/src&amp;lt;ta2.main{ImageActv.java[ImageActv~_case_AddMemo" StructureKind="java" NumEvents="4" CreationCount="32"/><InteractionEvent Delta="null" EndDate="2014-10-11 15:01:53.342 JST" Interest="15.0" Kind="propagation" Navigation="null" OriginId="org.eclipse.jdt.ui.PackageExplorer" StartDate="2014-10-11 14:52:14.181 JST" StructureHandle="/TA2/src/ta2/utils/Methods.java" StructureKind="resource" NumEvents="15" CreationCount="564"/><InteractionEvent Delta="null" EndDate="2014-10-11 14:52:09.259 JST" Interest="2.0" Kind="selection" Navigation="null" OriginId="org.eclipse.jdt.ui.PackageExplorer" StartDate="2014-10-11 14:51:59.273 JST" StructureHandle="/TA2/res/menu/menu_actv_showlist.xml" StructureKind="resource" NumEvents="2" CreationCount="561"/><InteractionEvent Delta="null" EndDate="2014-10-11 14:51:58.75 JST" Interest="178.407" Kind="propagation" Navigation="org.eclipse.mylyn.core.model.edges.containment" OriginId="org.eclipse.mylyn.core.model.interest.propagation" StartDate="2014-10-11 13:30:01.982 JST" StructureHandle="=TA2/src&amp;lt;ta2.listeners.dialog" StructureKind="java" NumEvents="260" CreationCount="126"/><InteractionEvent Delta="null" EndDate="2014-10-11 13:31:32.730 JST" Interest="27.017" Kind="propagation" Navigation="org.eclipse.mylyn.core.model.edges.containment" OriginId="org.eclipse.mylyn.core.model.interest.propagation" StartDate="2014-10-11 13:24:17.817 JST" StructureHandle="/TA2/res/menu" StructureKind="resource" NumEvents="37" CreationCount="18"/><InteractionEvent Delta="null" EndDate="2014-10-11 13:24:16.321 JST" Interest="1.0" Kind="selection" Navigation="null" OriginId="org.eclipse.jdt.ui.PackageExplorer" StartDate="2014-10-11 13:24:16.321 JST" StructureHandle="/TA2/res/menu" StructureKind="resource"/><InteractionEvent Delta="null" EndDate="2014-10-11 15:09:32.743 JST" Interest="95.987" Kind="propagation" Navigation="org.eclipse.mylyn.core.model.edges.containment" OriginId="org.eclipse.mylyn.core.model.interest.propagation" StartDate="2014-10-11 13:23:49.923 JST" StructureHandle="=TA2/src&amp;lt;ta2.main{ImageActv.java" StructureKind="java" NumEvents="140" CreationCount="3"/><InteractionEvent Delta="null" EndDate="2014-10-11 15:09:38.332 JST" Interest="11.0" Kind="selection" Navigation="null" OriginId="org.eclipse.jdt.ui.PackageExplorer" StartDate="2014-10-11 13:23:39.12 JST" StructureHandle="=TA2/src&amp;lt;ta2.main{ImageActv.java" StructureKind="java" NumEvents="11" CreationCount="3"/><InteractionEvent Delta="null" EndDate="2014-10-11 13:23:40.32 JST" Interest="1.0" Kind="edit" Navigation="null" OriginId="org.eclipse.jdt.ui.CompilationUnitEditor" StartDate="2014-10-11 13:23:40.32 JST" StructureHandle="=TA2/src&amp;lt;ta2.main{ImageActv.java" StructureKind="java"/><InteractionEvent Delta="null" EndDate="2014-10-11 13:23:44.825 JST" Interest="1.0" Kind="propagation" Navigation="org.eclipse.mylyn.core.model.edges.containment" OriginId="org.eclipse.mylyn.core.model.interest.propagation" StartDate="2014-10-11 13:23:44.825 JST" StructureHandle="=TA2/src&amp;lt;ta2.listeners.button{BO_CL.java[BO_CL" StructureKind="java"/><InteractionEvent Delta="null" EndDate="2014-10-11 13:34:35.142 JST" Interest="1.0" Kind="propagation" Navigation="null" OriginId="org.eclipse.jdt.ui.PackageExplorer" StartDate="2014-10-11 13:34:35.142 JST" StructureHandle="/TA2/Test.class" StructureKind="resource"/><InteractionEvent Delta="null" EndDate="2014-10-11 13:34:54.33 JST" Interest="2.0" Kind="selection" Navigation="null" OriginId="org.eclipse.jdt.ui.CompilationUnitEditor" StartDate="2014-10-11 13:34:47.843 JST" StructureHandle="=TA2/&amp;lt;{Test.java[Test~test_Regex_Photo_Memo" StructureKind="java" NumEvents="2" CreationCount="246"/><InteractionEvent Delta="null" EndDate="2014-10-11 13:34:57.12 JST" Interest="3.0" Kind="edit" Navigation="null" OriginId="org.eclipse.jdt.ui.CompilationUnitEditor" StartDate="2014-10-11 13:34:50.180 JST" StructureHandle="=TA2/&amp;lt;{Test.java[Test~test_Regex_Photo_Memo" StructureKind="java" NumEvents="3" CreationCount="246"/><InteractionEvent Delta="null" EndDate="2014-10-11 15:09:35.668 JST" Interest="36.0" Kind="propagation" Navigation="null" OriginId="org.eclipse.ui.views.ResourceNavigator" StartDate="2014-10-11 15:03:33.314 JST" StructureHandle="/IFM11/src/ifm11/main/MainActv.java" StructureKind="resource" NumEvents="36" CreationCount="628"/><InteractionEvent Delta="null" EndDate="2014-10-11 15:06:36.89 JST" Interest="4.0" Kind="selection" Navigation="null" OriginId="org.eclipse.jdt.ui.CompilationUnitEditor" StartDate="2014-10-11 15:05:59.168 JST" StructureHandle="=TA2/src&amp;lt;ta2.main{ImageActv.java[ImageActv~onStop" StructureKind="java" NumEvents="4" CreationCount="673"/><InteractionEvent Delta="null" EndDate="2014-10-11 15:06:32.259 JST" Interest="39.0" Kind="edit" Navigation="null" OriginId="org.eclipse.jdt.ui.CompilationUnitEditor" StartDate="2014-10-11 15:05:59.172 JST" StructureHandle="=TA2/src&amp;lt;ta2.main{ImageActv.java[ImageActv~onStop" StructureKind="java" NumEvents="39" CreationCount="673"/><InteractionEvent Delta="null" EndDate="2014-10-11 14:51:58.74 JST" Interest="168.38998" Kind="propagation" Navigation="org.eclipse.mylyn.core.model.edges.containment" OriginId="org.eclipse.mylyn.core.model.interest.propagation" StartDate="2014-10-11 13:30:02.828 JST" StructureHandle="=TA2/src&amp;lt;ta2.listeners.dialog{DB_OCL.java[DB_OCL" StructureKind="java" NumEvents="243" CreationCount="127"/><InteractionEvent Delta="null" EndDate="2014-10-11 13:39:52.452 JST" Interest="10.0" Kind="selection" Navigation="null" OriginId="org.eclipse.jdt.ui.CompilationUnitEditor" StartDate="2014-10-11 13:30:35.12 JST" StructureHandle="=TA2/src&amp;lt;ta2.listeners.dialog{DB_OCL.java[DB_OCL" StructureKind="java" NumEvents="10" CreationCount="127"/><InteractionEvent Delta="null" EndDate="2014-10-11 15:20:17.487 JST" Interest="19.926" Kind="propagation" Navigation="org.eclipse.mylyn.core.model.edges.containment" OriginId="org.eclipse.mylyn.core.model.interest.propagation" StartDate="2014-10-11 13:31:37.660 JST" StructureHandle="=TA2/src&amp;lt;ta2.main{PhotoActv.java[PhotoActv" StructureKind="java" NumEvents="25" CreationCount="150"/><InteractionEvent Delta="null" EndDate="2014-10-11 13:33:33.749 JST" Interest="2.0" Kind="selection" Navigation="null" OriginId="org.eclipse.jdt.ui.CompilationUnitEditor" StartDate="2014-10-11 13:31:49.16 JST" StructureHandle="=TA2/src&amp;lt;ta2.main{PhotoActv.java[PhotoActv" StructureKind="java" NumEvents="2" CreationCount="150"/><InteractionEvent Delta="null" EndDate="2014-10-11 15:20:17.488 JST" Interest="39.0" Kind="propagation" Navigation="null" OriginId="org.eclipse.jdt.ui.CompilationUnitEditor" StartDate="2014-10-11 13:31:35.691 JST" StructureHandle="/TA2/src/ta2/main/PhotoActv.java" StructureKind="resource" NumEvents="39" CreationCount="148"/><InteractionEvent Delta="null" EndDate="2014-10-11 13:23:44.826 JST" Interest="1.0" Kind="propagation" Navigation="org.eclipse.mylyn.core.model.edges.containment" OriginId="org.eclipse.mylyn.core.model.interest.propagation" StartDate="2014-10-11 13:23:44.826 JST" StructureHandle="/TA2/src/ta2/listeners/button" StructureKind="resource"/><InteractionEvent Delta="null" EndDate="2014-10-11 15:07:40.856 JST" Interest="5.0" Kind="selection" Navigation="null" OriginId="org.eclipse.jdt.ui.CompilationUnitEditor" StartDate="2014-10-11 15:06:35.982 JST" StructureHandle="=TA2/src&amp;lt;ta2.main{ImageActv.java[ImageActv~_Setup_Get_TI" StructureKind="java" NumEvents="5" CreationCount="714"/><InteractionEvent Delta="null" EndDate="2014-10-11 15:09:32.742 JST" Interest="128.0" Kind="edit" Navigation="null" OriginId="org.eclipse.jdt.ui.CompilationUnitEditor" StartDate="2014-10-11 15:06:37.62 JST" StructureHandle="=TA2/src&amp;lt;ta2.main{ImageActv.java[ImageActv~_Setup_Get_TI" StructureKind="java" NumEvents="128" CreationCount="714"/><InteractionEvent Delta="null" EndDate="2014-10-11 14:49:29.811 JST" Interest="12.0" Kind="selection" Navigation="null" OriginId="org.eclipse.jdt.ui.CompilationUnitEditor" StartDate="2014-10-11 13:33:12.88 JST" StructureHandle="=TA2/src&amp;lt;ta2.listeners.dialog{DB_OCL.java[DB_OCL~_update_ContentProvider_IFM11~QActivity;~QString;" StructureKind="java" NumEvents="12" CreationCount="197"/><InteractionEvent Delta="null" EndDate="2014-10-11 14:51:58.74 JST" Interest="236.0" Kind="edit" Navigation="null" OriginId="org.eclipse.jdt.ui.CompilationUnitEditor" StartDate="2014-10-11 13:33:13.46 JST" StructureHandle="=TA2/src&amp;lt;ta2.listeners.dialog{DB_OCL.java[DB_OCL~_update_ContentProvider_IFM11~QActivity;~QString;" StructureKind="java" NumEvents="236" CreationCount="197"/><InteractionEvent Delta="null" EndDate="2014-10-11 13:40:01.898 JST" Interest="3.0" Kind="selection" Navigation="null" OriginId="org.eclipse.jdt.ui.CompilationUnitEditor" StartDate="2014-10-11 13:29:50.692 JST" StructureHandle="=TA2/src&amp;lt;ta2.utils{Methods_dlg.java[Methods_dlg~_dlg_AddMemo_GetDialog_ImageActv_From_ShowList~QActivity;" StructureKind="java" NumEvents="3" CreationCount="120"/><InteractionEvent Delta="null" EndDate="2014-10-11 13:29:56.429 JST" Interest="4.0" Kind="edit" Navigation="null" OriginId="org.eclipse.jdt.ui.CompilationUnitEditor" StartDate="2014-10-11 13:29:51.359 JST" StructureHandle="=TA2/src&amp;lt;ta2.utils{Methods_dlg.java[Methods_dlg~_dlg_AddMemo_GetDialog_ImageActv_From_ShowList~QActivity;" StructureKind="java" NumEvents="4" CreationCount="120"/><InteractionEvent Delta="null" EndDate="2014-10-11 15:01:48.629 JST" Interest="10.8" Kind="propagation" Navigation="org.eclipse.mylyn.core.model.edges.containment" OriginId="org.eclipse.mylyn.core.model.interest.propagation" StartDate="2014-10-11 14:53:58.259 JST" StructureHandle="=IFM11/src&amp;lt;ifm11.main{CV.java[CV" StructureKind="java" NumEvents="15" CreationCount="587"/><InteractionEvent Delta="null" EndDate="2014-10-11 15:09:35.799 JST" Interest="60.051" Kind="propagation" Navigation="org.eclipse.mylyn.core.model.edges.containment" OriginId="org.eclipse.mylyn.core.model.interest.propagation" StartDate="2014-10-11 14:53:50.204 JST" StructureHandle="/IFM11/src" StructureKind="resource" NumEvents="64" CreationCount="581"/><InteractionEvent Delta="null" EndDate="2014-10-11 14:50:49.713 JST" Interest="6.3550005" Kind="propagation" Navigation="org.eclipse.mylyn.core.model.edges.containment" OriginId="org.eclipse.mylyn.core.model.interest.propagation" StartDate="2014-10-11 13:34:34.223 JST" StructureHandle="=TA2/" StructureKind="java" NumEvents="7" CreationCount="236"/><InteractionEvent Delta="null" EndDate="2014-10-11 15:09:35.799 JST" Interest="60.033997" Kind="propagation" Navigation="org.eclipse.mylyn.core.model.edges.containment" OriginId="org.eclipse.mylyn.core.model.interest.propagation" StartDate="2014-10-11 14:53:50.882 JST" StructureHandle="/IFM11/src/ifm11" StructureKind="resource" NumEvents="63" CreationCount="582"/><InteractionEvent Delta="null" EndDate="2014-10-11 13:40:20.239 JST" Interest="1.0" Kind="prediction" Navigation="null" OriginId="org.eclipse.mylyn.resources.ui.interest.updater" StartDate="2014-10-11 13:40:20.239 JST" StructureHandle="/TA2/bin/resources.ap_" StructureKind="resource"/><InteractionEvent Delta="null" EndDate="2014-10-11 15:09:35.669 JST" Interest="12.967" Kind="propagation" Navigation="org.eclipse.mylyn.core.model.edges.containment" OriginId="org.eclipse.mylyn.core.model.interest.propagation" StartDate="2014-10-11 14:53:50.883 JST" StructureHandle="=IFM11/src" StructureKind="java" NumEvents="22" CreationCount="581"/><InteractionEvent Delta="null" EndDate="2014-10-11 14:53:50.204 JST" Interest="1.0" Kind="selection" Navigation="null" OriginId="org.eclipse.ui.views.ResourceNavigator" StartDate="2014-10-11 14:53:50.204 JST" StructureHandle="=IFM11/src" StructureKind="java"/><InteractionEvent Delta="null" EndDate="2014-10-11 15:20:17.488 JST" Interest="14.119" Kind="propagation" Navigation="org.eclipse.mylyn.core.model.edges.containment" OriginId="org.eclipse.mylyn.core.model.interest.propagation" StartDate="2014-10-11 13:31:39.539 JST" StructureHandle="=TA2/src&amp;lt;ta2.main{PhotoActv.java" StructureKind="java" NumEvents="24" CreationCount="148"/><InteractionEvent Delta="null" EndDate="2014-10-11 15:09:40.471 JST" Interest="7.0" Kind="selection" Navigation="null" OriginId="org.eclipse.jdt.ui.CompilationUnitEditor" StartDate="2014-10-11 13:31:35.691 JST" StructureHandle="=TA2/src&amp;lt;ta2.main{PhotoActv.java" StructureKind="java" NumEvents="7" CreationCount="148"/><InteractionEvent Delta="null" EndDate="2014-10-11 15:09:40.156 JST" Interest="0.84100056" Kind="manipulation" Navigation="null" OriginId="org.eclipse.mylyn.core.model.interest.decay.correction" StartDate="2014-10-11 15:09:40.156 JST" StructureHandle="=TA2/src&amp;lt;ta2.main{PhotoActv.java" StructureKind="java"/><InteractionEvent Delta="null" EndDate="2014-10-11 14:51:58.75 JST" Interest="173.407" Kind="propagation" Navigation="org.eclipse.mylyn.core.model.edges.containment" OriginId="org.eclipse.mylyn.core.model.interest.propagation" StartDate="2014-10-11 13:30:02.829 JST" StructureHandle="=TA2/src&amp;lt;ta2.listeners.dialog{DB_OCL.java" StructureKind="java" NumEvents="255" CreationCount="126"/><InteractionEvent Delta="null" EndDate="2014-10-11 13:42:09.33 JST" Interest="5.0" Kind="selection" Navigation="null" OriginId="org.eclipse.jdt.ui.CompilationUnitEditor" StartDate="2014-10-11 13:30:01.978 JST" StructureHandle="=TA2/src&amp;lt;ta2.listeners.dialog{DB_OCL.java" StructureKind="java" NumEvents="5" CreationCount="126"/><InteractionEvent Delta="null" EndDate="2014-10-11 14:50:49.712 JST" Interest="16.0" Kind="propagation" Navigation="null" OriginId="org.eclipse.jdt.ui.PackageExplorer" StartDate="2014-10-11 13:34:34.222 JST" StructureHandle="/TA2/Test.java" StructureKind="resource" NumEvents="16" CreationCount="236"/><InteractionEvent Delta="null" EndDate="2014-10-11 15:09:35.798 JST" Interest="2.0" Kind="selection" Navigation="null" OriginId="org.eclipse.ui.views.ResourceNavigator" StartDate="2014-10-11 15:03:23.900 JST" StructureHandle="=IFM11/src&amp;lt;ifm11.main{PrefActv.java" StructureKind="java" NumEvents="2" CreationCount="625"/><InteractionEvent Delta="null" EndDate="2014-10-11 15:09:35.798 JST" Interest="4.0660005" Kind="manipulation" Navigation="null" OriginId="org.eclipse.mylyn.core.model.interest.decay.correction" StartDate="2014-10-11 15:09:35.798 JST" StructureHandle="=IFM11/src&amp;lt;ifm11.main{PrefActv.java" StructureKind="java"/><InteractionEvent Delta="null" EndDate="2014-10-11 15:04:05.582 JST" Interest="3.0" Kind="selection" Navigation="null" OriginId="org.eclipse.jdt.ui.CompilationUnitEditor" StartDate="2014-10-11 15:04:05.450 JST" StructureHandle="=IFM11/src&amp;lt;ifm11.main{MainActv.java[MainActv~onStart" StructureKind="java" NumEvents="3" CreationCount="651"/><InteractionEvent Delta="null" EndDate="2014-10-11 15:05:12.71 JST" Interest="7.0" Kind="edit" Navigation="null" OriginId="org.eclipse.jdt.ui.CompilationUnitEditor" StartDate="2014-10-11 15:04:06.567 JST" StructureHandle="=IFM11/src&amp;lt;ifm11.main{MainActv.java[MainActv~onStart" StructureKind="java" NumEvents="7" CreationCount="651"/><InteractionEvent Delta="null" EndDate="2014-10-11 13:34:37.639 JST" Interest="1.0" Kind="selection" Navigation="null" OriginId="org.eclipse.jdt.ui.CompilationUnitEditor" StartDate="2014-10-11 13:34:37.639 JST" StructureHandle="=TA2/&amp;lt;{Test.java[Test~main~\[QString;" StructureKind="java"/><InteractionEvent Delta="null" EndDate="2014-10-11 15:09:39.743 JST" Interest="1.0" Kind="propagation" Navigation="null" OriginId="org.eclipse.jdt.ui.PackageExplorer" StartDate="2014-10-11 15:09:39.743 JST" StructureHandle="/TA2/src/ta2/main/MemoEditActv.java" StructureKind="resource"/><InteractionEvent Delta="null" EndDate="2014-10-11 13:34:40.541 JST" Interest="1.0" Kind="selection" Navigation="null" OriginId="org.eclipse.jdt.ui.CompilationUnitEditor" StartDate="2014-10-11 13:34:40.541 JST" StructureHandle="=TA2/&amp;lt;{Test.java[Test~test_Regex" StructureKind="java"/><InteractionEvent Delta="null" EndDate="2014-10-11 15:09:35.669 JST" Interest="11.933" Kind="propagation" Navigation="org.eclipse.mylyn.core.model.edges.containment" OriginId="org.eclipse.mylyn.core.model.interest.propagation" StartDate="2014-10-11 14:53:53.385 JST" StructureHandle="=IFM11/src&amp;lt;ifm11.main" StructureKind="java" NumEvents="19" CreationCount="583"/><InteractionEvent Delta="null" EndDate="2014-10-11 15:03:29.649 JST" Interest="2.0" Kind="selection" Navigation="null" OriginId="org.eclipse.ui.views.ResourceNavigator" StartDate="2014-10-11 14:53:52.709 JST" StructureHandle="=IFM11/src&amp;lt;ifm11.main" StructureKind="java" NumEvents="2" CreationCount="583"/><InteractionEvent Delta="null" EndDate="2014-10-11 14:49:22.197 JST" Interest="13.0" Kind="selection" Navigation="null" OriginId="org.eclipse.jdt.ui.CompilationUnitEditor" StartDate="2014-10-11 13:30:12.51 JST" StructureHandle="=TA2/src&amp;lt;ta2.listeners.dialog{DB_OCL.java[DB_OCL~case_DLG_EDIT_MEMOS_ACTV_IMAGE_FROM_SHOWLIST_BT_OK" StructureKind="java" NumEvents="13" CreationCount="129"/><InteractionEvent Delta="null" EndDate="2014-10-11 14:49:24.976 JST" Interest="103.0" Kind="edit" Navigation="null" OriginId="org.eclipse.jdt.ui.CompilationUnitEditor" StartDate="2014-10-11 13:30:13.188 JST" StructureHandle="=TA2/src&amp;lt;ta2.listeners.dialog{DB_OCL.java[DB_OCL~case_DLG_EDIT_MEMOS_ACTV_IMAGE_FROM_SHOWLIST_BT_OK" StructureKind="java" NumEvents="103" CreationCount="129"/><InteractionEvent Delta="null" EndDate="2014-10-11 15:09:38.333 JST" Interest="106.704" Kind="propagation" Navigation="org.eclipse.mylyn.core.model.edges.containment" OriginId="org.eclipse.mylyn.core.model.interest.propagation" StartDate="2014-10-11 13:23:39.13 JST" StructureHandle="=TA2/src&amp;lt;ta2.main" StructureKind="java" NumEvents="166" CreationCount="2"/><InteractionEvent Delta="null" EndDate="2014-10-11 13:23:33.683 JST" Interest="1.0" Kind="selection" Navigation="null" OriginId="org.eclipse.jdt.ui.PackageExplorer" StartDate="2014-10-11 13:23:33.683 JST" StructureHandle="=TA2/src&amp;lt;ta2.main" StructureKind="java"/><InteractionEvent Delta="null" EndDate="2014-10-11 14:51:58.74 JST" Interest="383.023" Kind="propagation" Navigation="org.eclipse.mylyn.core.model.edges.containment" OriginId="org.eclipse.mylyn.core.model.interest.propagation" StartDate="2014-10-11 13:23:44.826 JST" StructureHandle="/TA2/src/ta2/listeners" StructureKind="resource" NumEvents="382" CreationCount="7"/><InteractionEvent Delta="null" EndDate="2014-10-11 15:03:56.672 JST" Interest="12.134" Kind="propagation" Navigation="org.eclipse.mylyn.core.model.edges.containment" OriginId="org.eclipse.mylyn.core.model.interest.propagation" StartDate="2014-10-11 15:03:35.333 JST" StructureHandle="=IFM11/src&amp;lt;ifm11.main{MainActv.java[MainActv" StructureKind="java" NumEvents="16" CreationCount="630"/><InteractionEvent Delta="null" EndDate="2014-10-11 15:01:53.343 JST" Interest="15.205" Kind="propagation" Navigation="org.eclipse.mylyn.core.model.edges.containment" OriginId="org.eclipse.mylyn.core.model.interest.propagation" StartDate="2014-10-11 13:27:48.716 JST" StructureHandle="=TA2/src&amp;lt;ta2.utils" StructureKind="java" NumEvents="22" CreationCount="103"/><InteractionEvent Delta="null" EndDate="2014-10-11 14:52:12.437 JST" Interest="1.0" Kind="selection" Navigation="null" OriginId="org.eclipse.jdt.ui.PackageExplorer" StartDate="2014-10-11 14:52:12.437 JST" StructureHandle="=TA2/src&amp;lt;ta2.utils" StructureKind="java"/><InteractionEvent Delta="null" EndDate="2014-10-11 13:24:09.298 JST" Interest="1.0" Kind="selection" Navigation="null" OriginId="org.eclipse.jdt.ui.PackageExplorer" StartDate="2014-10-11 13:24:09.298 JST" StructureHandle="=TA2/src&amp;lt;ta2.main{PrefActv.java" StructureKind="java"/><InteractionEvent Delta="null" EndDate="2014-10-11 13:42:07.936 JST" Interest="11.4" Kind="propagation" Navigation="org.eclipse.mylyn.core.model.edges.containment" OriginId="org.eclipse.mylyn.core.model.interest.propagation" StartDate="2014-10-11 13:27:49.901 JST" StructureHandle="=TA2/src&amp;lt;ta2.utils{Methods_dlg.java[Methods_dlg" StructureKind="java" NumEvents="15" CreationCount="104"/><InteractionEvent Delta="null" EndDate="2014-10-11 13:23:44.800 JST" Interest="1.0" Kind="selection" Navigation="null" OriginId="org.eclipse.ui.views.ContentOutline" StartDate="2014-10-11 13:23:44.800 JST" StructureHandle="=TA2/src&amp;lt;ta2.listeners.button{BO_CL.java[BO_CL~case_ACTV_SHOWLIST_BACK" StructureKind="java"/><InteractionEvent Delta="null" EndDate="2014-10-11 15:09:32.742 JST" Interest="95.301994" Kind="propagation" Navigation="org.eclipse.mylyn.core.model.edges.containment" OriginId="org.eclipse.mylyn.core.model.interest.propagation" StartDate="2014-10-11 13:23:49.165 JST" StructureHandle="=TA2/src&amp;lt;ta2.main{ImageActv.java[ImageActv" StructureKind="java" NumEvents="137" CreationCount="8"/><InteractionEvent Delta="null" EndDate="2014-10-11 15:07:16.322 JST" Interest="5.0" Kind="selection" Navigation="null" OriginId="org.eclipse.jdt.ui.CompilationUnitEditor" StartDate="2014-10-11 13:23:46.703 JST" StructureHandle="=TA2/src&amp;lt;ta2.main{ImageActv.java[ImageActv" StructureKind="java" NumEvents="5" CreationCount="8"/><InteractionEvent Delta="null" EndDate="2014-10-11 15:07:18.23 JST" Interest="9.0" Kind="edit" Navigation="null" OriginId="org.eclipse.jdt.ui.CompilationUnitEditor" StartDate="2014-10-11 15:07:02.697 JST" StructureHandle="=TA2/src&amp;lt;ta2.main{ImageActv.java[ImageActv" StructureKind="java" NumEvents="9" CreationCount="8"/><InteractionEvent Delta="null" EndDate="2014-10-11 13:28:39.857 JST" Interest="6.0" Kind="selection" Navigation="null" OriginId="org.eclipse.jdt.ui.CompilationUnitEditor" StartDate="2014-10-11 13:23:49.165 JST" StructureHandle="=TA2/src&amp;lt;ta2.main{ImageActv.java[ImageActv~onOptionsItemSelected~QMenuItem;" StructureKind="java" NumEvents="6" CreationCount="9"/><InteractionEvent Delta="null" EndDate="2014-10-11 13:27:39.308 JST" Interest="31.0" Kind="edit" Navigation="null" OriginId="org.eclipse.jdt.ui.CompilationUnitEditor" StartDate="2014-10-11 13:23:49.921 JST" StructureHandle="=TA2/src&amp;lt;ta2.main{ImageActv.java[ImageActv~onOptionsItemSelected~QMenuItem;" StructureKind="java" NumEvents="31" CreationCount="9"/><InteractionEvent Delta="null" EndDate="2014-10-11 13:25:33.777 JST" Interest="3.0" Kind="selection" Navigation="null" OriginId="org.eclipse.jdt.ui.CompilationUnitEditor" StartDate="2014-10-11 13:25:33.693 JST" StructureHandle="=TA2/src&amp;lt;ta2.main{ImageActv.java[ImageActv~onCreateOptionsMenu~QMenu;" StructureKind="java" NumEvents="3" CreationCount="44"/><InteractionEvent Delta="null" EndDate="2014-10-11 13:26:55.244 JST" Interest="3.0" Kind="edit" Navigation="null" OriginId="org.eclipse.jdt.ui.CompilationUnitEditor" StartDate="2014-10-11 13:25:34.256 JST" StructureHandle="=TA2/src&amp;lt;ta2.main{ImageActv.java[ImageActv~onCreateOptionsMenu~QMenu;" StructureKind="java" NumEvents="3" CreationCount="44"/><InteractionEvent Delta="null" EndDate="2014-10-11 15:03:39.247 JST" Interest="4.0" Kind="selection" Navigation="null" OriginId="org.eclipse.jdt.ui.CompilationUnitEditor" StartDate="2014-10-11 15:03:35.332 JST" StructureHandle="=IFM11/src&amp;lt;ifm11.main{MainActv.java[MainActv~onCreate~QBundle;" StructureKind="java" NumEvents="4" CreationCount="630"/><InteractionEvent Delta="null" EndDate="2014-10-11 15:09:35.799 JST" Interest="67.0" Kind="propagation" Navigation="null" OriginId="org.eclipse.ui.views.ResourceNavigator" StartDate="2014-10-11 14:53:45.565 JST" StructureHandle="/IFM11" StructureKind="resource" NumEvents="67" CreationCount="578"/><InteractionEvent Delta="null" EndDate="2014-10-11 13:23:44.826 JST" Interest="1.0" Kind="propagation" Navigation="org.eclipse.mylyn.core.model.edges.containment" OriginId="org.eclipse.mylyn.core.model.interest.propagation" StartDate="2014-10-11 13:23:44.826 JST" StructureHandle="=TA2/src&amp;lt;ta2.listeners.button{BO_CL.java" StructureKind="java"/><InteractionEvent Delta="null" EndDate="2014-10-11 15:07:21.97 JST" Interest="6.0" Kind="selection" Navigation="null" OriginId="org.eclipse.jdt.ui.CompilationUnitEditor" StartDate="2014-10-11 15:02:03.92 JST" StructureHandle="=TA2/src&amp;lt;ta2.main{ImageActv.java[ImageActv~onStart" StructureKind="java" NumEvents="6" CreationCount="608"/><InteractionEvent Delta="null" EndDate="2014-10-11 15:07:35.595 JST" Interest="81.0" Kind="edit" Navigation="null" OriginId="org.eclipse.jdt.ui.CompilationUnitEditor" StartDate="2014-10-11 15:02:03.121 JST" StructureHandle="=TA2/src&amp;lt;ta2.main{ImageActv.java[ImageActv~onStart" StructureKind="java" NumEvents="81" CreationCount="608"/><InteractionEvent Delta="null" EndDate="2014-10-11 13:34:57.13 JST" Interest="1.7849998" Kind="propagation" Navigation="org.eclipse.mylyn.core.model.edges.containment" OriginId="org.eclipse.mylyn.core.model.interest.propagation" StartDate="2014-10-11 13:34:37.656 JST" StructureHandle="=TA2/&amp;lt;{Test.java[Test" StructureKind="java" NumEvents="4" CreationCount="241"/><InteractionEvent Delta="null" EndDate="2014-10-11 13:34:42.288 JST" Interest="1.0" Kind="selection" Navigation="null" OriginId="org.eclipse.jdt.ui.CompilationUnitEditor" StartDate="2014-10-11 13:34:42.288 JST" StructureHandle="=TA2/&amp;lt;{Test.java[Test" StructureKind="java"/><InteractionEvent Delta="null" EndDate="2014-10-11 13:34:44.546 JST" Interest="2.0" Kind="edit" Navigation="null" OriginId="org.eclipse.jdt.ui.CompilationUnitEditor" StartDate="2014-10-11 13:34:43.221 JST" StructureHandle="=TA2/&amp;lt;{Test.java[Test" StructureKind="java" NumEvents="2" CreationCount="241"/><InteractionEvent Delta="null" EndDate="2014-10-11 15:20:17.489 JST" Interest="809.034" Kind="propagation" Navigation="null" OriginId="org.eclipse.jdt.ui.CompilationUnitEditor" StartDate="2014-10-11 13:19:11.875 JST" StructureHandle="/TA2/src" StructureKind="resource" NumEvents="811" CreationCount="1"/><InteractionEvent Delta="null" EndDate="2014-10-11 14:51:58.74 JST" Interest="381.0" Kind="propagation" Navigation="null" OriginId="org.eclipse.jdt.ui.CompilationUnitEditor" StartDate="2014-10-11 13:30:01.981 JST" StructureHandle="/TA2/src/ta2/listeners/dialog/DB_OCL.java" StructureKind="resource" NumEvents="381" CreationCount="126"/><InteractionEvent Delta="null" EndDate="2014-10-11 15:20:17.489 JST" Interest="809.034" Kind="propagation" Navigation="org.eclipse.mylyn.core.model.edges.containment" OriginId="org.eclipse.mylyn.core.model.interest.propagation" StartDate="2014-10-11 13:19:11.875 JST" StructureHandle="=TA2" StructureKind="resource" NumEvents="811" CreationCount="1"/><InteractionEvent Delta="null" EndDate="2014-10-11 13:24:09.298 JST" Interest="1.0" Kind="propagation" Navigation="null" OriginId="org.eclipse.jdt.ui.PackageExplorer" StartDate="2014-10-11 13:24:09.298 JST" StructureHandle="/TA2/src/ta2/main/PrefActv.java" StructureKind="resource"/><InteractionEvent Delta="null" EndDate="2014-10-11 15:01:48.629 JST" Interest="8.851001" Kind="propagation" Navigation="org.eclipse.mylyn.core.model.edges.containment" OriginId="org.eclipse.mylyn.core.model.interest.propagation" StartDate="2014-10-11 14:53:59.339 JST" StructureHandle="=IFM11/src&amp;lt;ifm11.main{CV.java" StructureKind="java" NumEvents="13" CreationCount="584"/><InteractionEvent Delta="null" EndDate="2014-10-11 15:03:28.602 JST" Interest="4.0" Kind="selection" Navigation="null" OriginId="org.eclipse.ui.views.ResourceNavigator" StartDate="2014-10-11 14:53:53.385 JST" StructureHandle="=IFM11/src&amp;lt;ifm11.main{CV.java" StructureKind="java" NumEvents="4" CreationCount="584"/><InteractionEvent Delta="null" EndDate="2014-10-11 15:09:35.799 JST" Interest="2.0" Kind="propagation" Navigation="null" OriginId="org.eclipse.ui.views.ResourceNavigator" StartDate="2014-10-11 15:03:23.900 JST" StructureHandle="/IFM11/src/ifm11/main/PrefActv.java" StructureKind="resource" NumEvents="2" CreationCount="625"/><InteractionEvent Delta="null" EndDate="2014-10-11 15:09:35.799 JST" Interest="4.083" Kind="manipulation" Navigation="null" OriginId="org.eclipse.mylyn.core.model.interest.decay.correction" StartDate="2014-10-11 15:09:35.799 JST" StructureHandle="/IFM11/src/ifm11/main/PrefActv.java" StructureKind="resource"/><InteractionEvent Delta="null" EndDate="2014-10-11 13:30:11.61 JST" Interest="1.0" Kind="selection" Navigation="null" OriginId="org.eclipse.jdt.ui.CompilationUnitEditor" StartDate="2014-10-11 13:30:11.61 JST" StructureHandle="=TA2/src&amp;lt;ta2.listeners.dialog{DB_OCL.java[DB_OCL~onClick~QView;" StructureKind="java"/><InteractionEvent Delta="null" EndDate="2014-10-11 15:08:28.503 JST" Interest="4.0" Kind="prediction" Navigation="null" OriginId="org.eclipse.mylyn.resources.ui.interest.updater" StartDate="2014-10-11 13:40:20.239 JST" StructureHandle="/TA2/bin/classes.dex" StructureKind="resource" NumEvents="4" CreationCount="398"/><InteractionEvent Delta="null" EndDate="2014-10-11 15:09:35.799 JST" Interest="61.017" Kind="propagation" Navigation="null" OriginId="org.eclipse.ui.views.ResourceNavigator" StartDate="2014-10-11 14:53:52.709 JST" StructureHandle="/IFM11/src/ifm11/main" StructureKind="resource" NumEvents="62" CreationCount="583"/><InteractionEvent Delta="null" EndDate="2014-10-11 13:33:38.284 JST" Interest="4.0" Kind="selection" Navigation="null" OriginId="org.eclipse.jdt.ui.CompilationUnitEditor" StartDate="2014-10-11 13:31:42.304 JST" StructureHandle="=TA2/src&amp;lt;ta2.main{PhotoActv.java[PhotoActv~_test_CV_update" StructureKind="java" NumEvents="4" CreationCount="153"/><InteractionEvent Delta="null" EndDate="2014-10-11 13:33:43.350 JST" Interest="9.0" Kind="edit" Navigation="null" OriginId="org.eclipse.jdt.ui.CompilationUnitEditor" StartDate="2014-10-11 13:31:42.817 JST" StructureHandle="=TA2/src&amp;lt;ta2.main{PhotoActv.java[PhotoActv~_test_CV_update" StructureKind="java" NumEvents="9" CreationCount="153"/><InteractionEvent Delta="null" EndDate="2014-10-11 13:31:32.730 JST" Interest="27.034" Kind="propagation" Navigation="org.eclipse.mylyn.core.model.edges.containment" OriginId="org.eclipse.mylyn.core.model.interest.propagation" StartDate="2014-10-11 13:24:16.322 JST" StructureHandle="/TA2/res" StructureKind="resource" NumEvents="38" CreationCount="17"/><InteractionEvent Delta="null" EndDate="2014-10-11 13:24:13.988 JST" Interest="1.0" Kind="selection" Navigation="null" OriginId="org.eclipse.jdt.ui.PackageExplorer" StartDate="2014-10-11 13:24:13.988 JST" StructureHandle="/TA2/res" StructureKind="resource"/><InteractionEvent Delta="null" EndDate="2014-10-11 13:34:35.127 JST" Interest="1.0" Kind="selection" Navigation="null" OriginId="org.eclipse.jdt.ui.PackageExplorer" StartDate="2014-10-11 13:34:35.127 JST" StructureHandle="=TA2/&amp;lt;(Test.class" StructureKind="java"/><InteractionEvent Delta="null" EndDate="2014-10-11 13:34:36.968 JST" Interest="1.0" Kind="selection" Navigation="null" OriginId="org.eclipse.jdt.ui.CompilationUnitEditor" StartDate="2014-10-11 13:34:36.968 JST" StructureHandle="=TA2/&amp;lt;{Test.java#java.util.regex.Matcher" StructureKind="java"/><InteractionEvent Delta="null" EndDate="2014-10-11 14:50:49.713 JST" Interest="17.0" Kind="propagation" Navigation="null" OriginId="org.eclipse.jdt.ui.PackageExplorer" StartDate="2014-10-11 13:34:34.223 JST" StructureHandle="/TA2" StructureKind="resource" NumEvents="17" CreationCount="236"/><InteractionEvent Delta="null" EndDate="2014-10-11 14:53:58.259 JST" Interest="1.0" Kind="selection" Navigation="null" OriginId="org.eclipse.ui.views.ContentOutline" StartDate="2014-10-11 14:53:58.259 JST" StructureHandle="=IFM11/src&amp;lt;ifm11.main{CV.java[CV~query~QUri;~\[QString;~QString;~\[QString;~QString;" StructureKind="java"/><InteractionEvent Delta="null" EndDate="2014-10-11 15:01:48.628 JST" Interest="14.0" Kind="edit" Navigation="null" OriginId="org.eclipse.jdt.ui.CompilationUnitEditor" StartDate="2014-10-11 14:53:58.355 JST" StructureHandle="=IFM11/src&amp;lt;ifm11.main{CV.java[CV~query~QUri;~\[QString;~QString;~\[QString;~QString;" StructureKind="java" NumEvents="14" CreationCount="587"/><InteractionEvent Delta="null" EndDate="2014-10-11 13:34:44.547 JST" Interest="0.5020001" Kind="propagation" Navigation="org.eclipse.mylyn.core.model.edges.containment" OriginId="org.eclipse.mylyn.core.model.interest.propagation" StartDate="2014-10-11 13:34:44.547 JST" StructureHandle="=TA2/&amp;lt;{Test.java" StructureKind="java"/><InteractionEvent Delta="null" EndDate="2014-10-11 14:50:49.712 JST" Interest="5.0" Kind="selection" Navigation="null" OriginId="org.eclipse.jdt.ui.PackageExplorer" StartDate="2014-10-11 13:34:34.222 JST" StructureHandle="=TA2/&amp;lt;{Test.java" StructureKind="java" NumEvents="5" CreationCount="236"/><InteractionEvent Delta="null" EndDate="2014-10-11 14:50:49.712 JST" Interest="0.8530004" Kind="manipulation" Navigation="null" OriginId="org.eclipse.mylyn.core.model.interest.decay.correction" StartDate="2014-10-11 14:50:49.712 JST" StructureHandle="=TA2/&amp;lt;{Test.java" StructureKind="java"/><InteractionEvent Delta="null" EndDate="2014-10-11 14:53:50.882 JST" Interest="1.0" Kind="selection" Navigation="null" OriginId="org.eclipse.ui.views.ResourceNavigator" StartDate="2014-10-11 14:53:50.882 JST" StructureHandle="=IFM11/src&amp;lt;ifm11" StructureKind="java"/><InteractionEvent Delta="null" EndDate="2014-10-11 15:09:38.333 JST" Interest="342.0" Kind="propagation" Navigation="null" OriginId="org.eclipse.jdt.ui.PackageExplorer" StartDate="2014-10-11 13:23:39.13 JST" StructureHandle="/TA2/src/ta2/main/ImageActv.java" StructureKind="resource" NumEvents="342" CreationCount="3"/><InteractionEvent Delta="null" EndDate="2014-10-11 13:23:44.826 JST" Interest="1.0" Kind="propagation" Navigation="null" OriginId="org.eclipse.ui.views.ContentOutline" StartDate="2014-10-11 13:23:44.826 JST" StructureHandle="/TA2/src/ta2/listeners/button/BO_CL.java" StructureKind="resource"/><InteractionEvent Delta="null" EndDate="2014-10-11 14:51:58.75 JST" Interest="177.53198" Kind="propagation" Navigation="org.eclipse.mylyn.core.model.edges.containment" OriginId="org.eclipse.mylyn.core.model.interest.propagation" StartDate="2014-10-11 13:23:33.683 JST" StructureHandle="=TA2/src" StructureKind="java" NumEvents="261" CreationCount="1"/><InteractionEvent Delta="null" EndDate="2014-10-11 13:24:09.140 JST" Interest="3.0" Kind="selection" Navigation="null" OriginId="org.eclipse.jdt.ui.PackageExplorer" StartDate="2014-10-11 13:19:11.875 JST" StructureHandle="=TA2/src" StructureKind="java" NumEvents="3" CreationCount="1"/><InteractionEvent Delta="null" EndDate="2014-10-11 14:53:41.690 JST" Interest="7.2999997" Kind="propagation" Navigation="org.eclipse.mylyn.core.model.edges.containment" OriginId="org.eclipse.mylyn.core.model.interest.propagation" StartDate="2014-10-11 14:52:19.774 JST" StructureHandle="=TA2/src&amp;lt;ta2.utils{Methods.java[Methods" StructureKind="java" NumEvents="10" CreationCount="568"/><InteractionEvent Delta="null" EndDate="2014-10-11 15:01:59.508 JST" Interest="1.0" Kind="selection" Navigation="null" OriginId="org.eclipse.ui.views.ContentOutline" StartDate="2014-10-11 15:01:59.508 JST" StructureHandle="=TA2/src&amp;lt;ta2.main{ImageActv.java%ta2.main" StructureKind="java"/><InteractionEvent Delta="null" EndDate="2014-10-11 15:09:41.818 JST" Interest="3.0" Kind="selection" Navigation="null" OriginId="org.eclipse.jdt.ui.CompilationUnitEditor" StartDate="2014-10-11 13:31:37.660 JST" StructureHandle="=TA2/src&amp;lt;ta2.main{PhotoActv.java[PhotoActv~onStart" StructureKind="java" NumEvents="3" CreationCount="150"/><InteractionEvent Delta="null" EndDate="2014-10-11 15:09:41.818 JST" Interest="11.226001" Kind="manipulation" Navigation="null" OriginId="org.eclipse.mylyn.core.model.interest.decay.correction" StartDate="2014-10-11 15:09:41.818 JST" StructureHandle="=TA2/src&amp;lt;ta2.main{PhotoActv.java[PhotoActv~onStart" StructureKind="java"/><InteractionEvent Delta="null" EndDate="2014-10-11 15:20:17.487 JST" Interest="11.0" Kind="edit" Navigation="null" OriginId="org.eclipse.jdt.ui.CompilationUnitEditor" StartDate="2014-10-11 15:10:06.928 JST" StructureHandle="=TA2/src&amp;lt;ta2.main{PhotoActv.java[PhotoActv~onStart" StructureKind="java" NumEvents="11" CreationCount="150"/></InteractionHistory>