<?xml version="1.0" encoding="UTF-8"?><InteractionHistory Id="local-249" Version="1"><InteractionEvent Delta="null" EndDate="2014-12-16 12:05:17.733 JST" Interest="1356.0509" Kind="propagation" Navigation="org.eclipse.mylyn.core.model.edges.containment" OriginId="org.eclipse.mylyn.core.model.interest.propagation" StartDate="2014-12-16 09:05:32.233 JST" StructureHandle="" StructureKind="java" NumEvents="1361" CreationCount="1"/><InteractionEvent Delta="null" EndDate="2014-12-16 10:17:27.40 JST" Interest="25.0" Kind="edit" Navigation="null" OriginId="org.eclipse.jdt.ui.CompilationUnitEditor" StartDate="2014-12-16 09:25:10.605 JST" StructureHandle="=Proc/src&amp;lt;proc.main{Exponential.java[Exponential^base" StructureKind="java" NumEvents="25" CreationCount="256"/><InteractionEvent Delta="null" EndDate="2014-12-16 10:53:58.600 JST" Interest="19.0" Kind="selection" Navigation="null" OriginId="org.eclipse.jdt.ui.CompilationUnitEditor" StartDate="2014-12-16 09:25:05.990 JST" StructureHandle="=Proc/src&amp;lt;proc.main{Exponential.java[Exponential^power_2" StructureKind="java" NumEvents="19" CreationCount="256"/><InteractionEvent Delta="null" EndDate="2014-12-16 10:51:40.217 JST" Interest="6.690001" Kind="manipulation" Navigation="null" OriginId="org.eclipse.mylyn.core.model.interest.decay.correction" StartDate="2014-12-16 10:07:42.690 JST" StructureHandle="=Proc/src&amp;lt;proc.main{Exponential.java[Exponential^power" StructureKind="java" NumEvents="2" CreationCount="260"/><InteractionEvent Delta="null" EndDate="2014-12-16 10:16:23.184 JST" Interest="2.0" Kind="edit" Navigation="null" OriginId="org.eclipse.jdt.ui.CompilationUnitEditor" StartDate="2014-12-16 10:07:43.874 JST" StructureHandle="=Proc/src&amp;lt;proc.main{Exponential.java[Exponential^power" StructureKind="java" NumEvents="2" CreationCount="260"/><InteractionEvent Delta="null" EndDate="2014-12-16 10:54:31.192 JST" Interest="8.0" Kind="selection" Navigation="null" OriginId="org.eclipse.jdt.ui.CompilationUnitEditor" StartDate="2014-12-16 09:25:13.682 JST" StructureHandle="=Proc/src&amp;lt;proc.main{Exponential.java[Exponential^power" StructureKind="java" NumEvents="8" CreationCount="260"/><InteractionEvent Delta="null" EndDate="2014-12-16 10:54:28.512 JST" Interest="17.193" Kind="propagation" Navigation="org.eclipse.mylyn.core.model.edges.containment" OriginId="org.eclipse.mylyn.core.model.interest.propagation" StartDate="2014-12-16 09:19:23.723 JST" StructureHandle="=Proc/src&amp;lt;proc.main{Exponential.java#" StructureKind="java" NumEvents="17" CreationCount="186"/><InteractionEvent Delta="null" EndDate="2014-12-16 10:36:08.450 JST" Interest="5.0" Kind="selection" Navigation="null" OriginId="org.eclipse.jdt.ui.PackageExplorer" StartDate="2014-12-16 10:35:58.102 JST" StructureHandle="=BluetoothSample" StructureKind="java" NumEvents="5" CreationCount="827"/><InteractionEvent Delta="null" EndDate="2014-12-16 12:05:17.731 JST" Interest="1352.0509" Kind="propagation" Navigation="org.eclipse.mylyn.core.model.edges.containment" OriginId="org.eclipse.mylyn.core.model.interest.propagation" StartDate="2014-12-16 09:05:38.533 JST" StructureHandle="=Proc" StructureKind="resource" NumEvents="1357" CreationCount="1"/><InteractionEvent Delta="null" EndDate="2014-12-16 10:35:56.105 JST" Interest="4.0" Kind="selection" Navigation="null" OriginId="org.eclipse.jdt.ui.PackageExplorer" StartDate="2014-12-16 09:05:32.232 JST" StructureHandle="=Proc" StructureKind="java" NumEvents="4" CreationCount="1"/><InteractionEvent Delta="null" EndDate="2014-12-16 10:36:08.450 JST" Interest="5.0" Kind="propagation" Navigation="null" OriginId="org.eclipse.jdt.ui.PackageExplorer" StartDate="2014-12-16 10:35:58.102 JST" StructureHandle="/BluetoothSample" StructureKind="resource" NumEvents="5" CreationCount="827"/><InteractionEvent Delta="null" EndDate="2014-12-16 09:17:30.73 JST" Interest="28.0" Kind="edit" Navigation="null" OriginId="org.eclipse.jdt.ui.CompilationUnitEditor" StartDate="2014-12-16 09:06:51.672 JST" StructureHandle="=Proc/src&amp;lt;proc.main{Exponential.java[Exponential~draw" StructureKind="java" NumEvents="28" CreationCount="9"/><InteractionEvent Delta="null" EndDate="2014-12-16 09:50:34.879 JST" Interest="9.0" Kind="selection" Navigation="null" OriginId="org.eclipse.jdt.ui.CompilationUnitEditor" StartDate="2014-12-16 09:06:50.709 JST" StructureHandle="=Proc/src&amp;lt;proc.main{Exponential.java[Exponential~draw" StructureKind="java" NumEvents="9" CreationCount="9"/><InteractionEvent Delta="null" EndDate="2014-12-16 10:17:43.57 JST" Interest="91.0" Kind="edit" Navigation="null" OriginId="org.eclipse.jdt.ui.CompilationUnitEditor" StartDate="2014-12-16 09:16:47.407 JST" StructureHandle="=Proc/src&amp;lt;proc.main{Exponential.java[Exponential~calcWave_2" StructureKind="java" NumEvents="91" CreationCount="133"/><InteractionEvent Delta="null" EndDate="2014-12-16 10:54:24.503 JST" Interest="27.0" Kind="selection" Navigation="null" OriginId="org.eclipse.jdt.ui.CompilationUnitEditor" StartDate="2014-12-16 09:16:44.403 JST" StructureHandle="=Proc/src&amp;lt;proc.main{Exponential.java[Exponential~calcWave_2" StructureKind="java" NumEvents="27" CreationCount="133"/><InteractionEvent Delta="null" EndDate="2014-12-16 11:24:34.313 JST" Interest="56.0" Kind="edit" Navigation="null" OriginId="org.eclipse.jdt.ui.CompilationUnitEditor" StartDate="2014-12-16 10:37:29.423 JST" StructureHandle="=Proc/src&amp;lt;proc.main{Exponential.java[Exponential~calcWave_3" StructureKind="java" NumEvents="56" CreationCount="857"/><InteractionEvent Delta="null" EndDate="2014-12-16 11:24:28.985 JST" Interest="16.0" Kind="selection" Navigation="null" OriginId="org.eclipse.jdt.ui.CompilationUnitEditor" StartDate="2014-12-16 10:37:25.632 JST" StructureHandle="=Proc/src&amp;lt;proc.main{Exponential.java[Exponential~calcWave_3" StructureKind="java" NumEvents="16" CreationCount="857"/><InteractionEvent Delta="null" EndDate="2014-12-16 11:14:24.46 JST" Interest="127.0" Kind="edit" Navigation="null" OriginId="org.eclipse.jdt.ui.CompilationUnitEditor" StartDate="2014-12-16 09:42:21.849 JST" StructureHandle="=Proc/src&amp;lt;proc.main{Exponential.java[Exponential~show_BasicVars" StructureKind="java" NumEvents="127" CreationCount="379"/><InteractionEvent Delta="null" EndDate="2014-12-16 11:14:00.295 JST" Interest="24.0" Kind="selection" Navigation="null" OriginId="org.eclipse.jdt.ui.CompilationUnitEditor" StartDate="2014-12-16 09:42:21.135 JST" StructureHandle="=Proc/src&amp;lt;proc.main{Exponential.java[Exponential~show_BasicVars" StructureKind="java" NumEvents="24" CreationCount="379"/><InteractionEvent Delta="null" EndDate="2014-12-16 10:47:26.546 JST" Interest="1.0" Kind="edit" Navigation="null" OriginId="org.eclipse.jdt.ui.CompilationUnitEditor" StartDate="2014-12-16 10:47:26.546 JST" StructureHandle="=Proc/src&amp;lt;proc.main{Exponential.java[Exponential^xspacing" StructureKind="java"/><InteractionEvent Delta="null" EndDate="2014-12-16 10:47:24.910 JST" Interest="1.0" Kind="selection" Navigation="null" OriginId="org.eclipse.jdt.ui.CompilationUnitEditor" StartDate="2014-12-16 10:47:24.910 JST" StructureHandle="=Proc/src&amp;lt;proc.main{Exponential.java[Exponential^xspacing" StructureKind="java"/><InteractionEvent Delta="null" EndDate="2014-12-16 12:05:17.731 JST" Interest="1355.0" Kind="propagation" Navigation="null" OriginId="org.eclipse.ui.views.ContentOutline" StartDate="2014-12-16 09:05:41.568 JST" StructureHandle="/Proc/src/proc/main/Exponential.java" StructureKind="resource" NumEvents="1355" CreationCount="4"/><InteractionEvent Delta="null" EndDate="2014-12-16 10:19:33.148 JST" Interest="10.974001" Kind="manipulation" Navigation="null" OriginId="org.eclipse.mylyn.core.model.interest.decay.correction" StartDate="2014-12-16 09:43:16.891 JST" StructureHandle="=Proc/src&amp;lt;proc.main{Exponential.java[Exponential^x" StructureKind="java" NumEvents="3" CreationCount="7"/><InteractionEvent Delta="null" EndDate="2014-12-16 10:19:33.148 JST" Interest="4.0" Kind="selection" Navigation="null" OriginId="org.eclipse.jdt.ui.CompilationUnitEditor" StartDate="2014-12-16 09:06:34.163 JST" StructureHandle="=Proc/src&amp;lt;proc.main{Exponential.java[Exponential^x" StructureKind="java" NumEvents="4" CreationCount="7"/><InteractionEvent Delta="null" EndDate="2014-12-16 10:08:31.549 JST" Interest="15.0" Kind="edit" Navigation="null" OriginId="org.eclipse.jdt.ui.CompilationUnitEditor" StartDate="2014-12-16 09:52:12.203 JST" StructureHandle="=Proc/src&amp;lt;proc.main{Exponential.java[Exponential~init_Vars" StructureKind="java" NumEvents="15" CreationCount="570"/><InteractionEvent Delta="null" EndDate="2014-12-16 10:44:23.72 JST" Interest="7.0" Kind="selection" Navigation="null" OriginId="org.eclipse.jdt.ui.CompilationUnitEditor" StartDate="2014-12-16 09:52:11.383 JST" StructureHandle="=Proc/src&amp;lt;proc.main{Exponential.java[Exponential~init_Vars" StructureKind="java" NumEvents="7" CreationCount="570"/><InteractionEvent Delta="null" EndDate="2014-12-16 09:05:47.299 JST" Interest="1.0" Kind="selection" Navigation="null" OriginId="org.eclipse.jdt.ui.CompilationUnitEditor" StartDate="2014-12-16 09:05:47.299 JST" StructureHandle="=Proc/src&amp;lt;proc.main{Exponential.java[Exponential^w" StructureKind="java"/><InteractionEvent Delta="null" EndDate="2014-12-16 10:07:39.41 JST" Interest="6.7320004" Kind="manipulation" Navigation="null" OriginId="org.eclipse.mylyn.core.model.interest.decay.correction" StartDate="2014-12-16 10:07:39.41 JST" StructureHandle="=Proc/src&amp;lt;proc.main{Exponential.java[Exponential^offset_X" StructureKind="java"/><InteractionEvent Delta="null" EndDate="2014-12-16 12:04:56.598 JST" Interest="6.0" Kind="edit" Navigation="null" OriginId="org.eclipse.jdt.ui.CompilationUnitEditor" StartDate="2014-12-16 09:19:34.520 JST" StructureHandle="=Proc/src&amp;lt;proc.main{Exponential.java[Exponential^offset_X" StructureKind="java" NumEvents="6" CreationCount="190"/><InteractionEvent Delta="null" EndDate="2014-12-16 11:24:38.740 JST" Interest="15.0" Kind="selection" Navigation="null" OriginId="org.eclipse.jdt.ui.CompilationUnitEditor" StartDate="2014-12-16 09:19:31.300 JST" StructureHandle="=Proc/src&amp;lt;proc.main{Exponential.java[Exponential^offset_X" StructureKind="java" NumEvents="15" CreationCount="190"/><InteractionEvent Delta="null" EndDate="2014-12-16 10:08:09.577 JST" Interest="1.0" Kind="selection" Navigation="null" OriginId="org.eclipse.jdt.ui.CompilationUnitEditor" StartDate="2014-12-16 10:08:09.577 JST" StructureHandle="=Proc/src&amp;lt;proc.main{Exponential.java[Exponential^t" StructureKind="java"/><InteractionEvent Delta="null" EndDate="2014-12-16 11:13:43.213 JST" Interest="27.0" Kind="edit" Navigation="null" OriginId="org.eclipse.jdt.ui.CompilationUnitEditor" StartDate="2014-12-16 09:15:24.804 JST" StructureHandle="=Proc/src&amp;lt;proc.main{Exponential.java[Exponential" StructureKind="java" NumEvents="27" CreationCount="6"/><InteractionEvent Delta="null" EndDate="2014-12-16 10:52:08.621 JST" Interest="53.43402" Kind="propagation" Navigation="org.eclipse.mylyn.core.model.edges.containment" OriginId="org.eclipse.mylyn.core.model.interest.propagation" StartDate="2014-12-16 09:05:47.300 JST" StructureHandle="=Proc/src&amp;lt;proc.main{Exponential.java[Exponential" StructureKind="java" NumEvents="81" CreationCount="6"/><InteractionEvent Delta="null" EndDate="2014-12-16 11:22:03.951 JST" Interest="100.0" Kind="selection" Navigation="null" OriginId="org.eclipse.jdt.ui.CompilationUnitEditor" StartDate="2014-12-16 09:14:16.486 JST" StructureHandle="=Proc/src&amp;lt;proc.main{Exponential.java[Exponential" StructureKind="java" NumEvents="100" CreationCount="6"/><InteractionEvent Delta="null" EndDate="2014-12-16 09:29:21.502 JST" Interest="0.19300008" Kind="manipulation" Navigation="null" OriginId="org.eclipse.mylyn.core.model.interest.decay.correction" StartDate="2014-12-16 09:29:21.502 JST" StructureHandle="=Proc/src&amp;lt;proc.main{Exponential.java#processing.core.*" StructureKind="java"/><InteractionEvent Delta="null" EndDate="2014-12-16 10:54:28.511 JST" Interest="17.0" Kind="selection" Navigation="null" OriginId="org.eclipse.jdt.ui.CompilationUnitEditor" StartDate="2014-12-16 09:19:23.722 JST" StructureHandle="=Proc/src&amp;lt;proc.main{Exponential.java#processing.core.*" StructureKind="java" NumEvents="17" CreationCount="186"/><InteractionEvent Delta="null" EndDate="2014-12-16 10:36:12.880 JST" Interest="4.0" Kind="selection" Navigation="null" OriginId="org.eclipse.jdt.ui.PackageExplorer" StartDate="2014-12-16 10:36:09.27 JST" StructureHandle="=IFM10" StructureKind="java" NumEvents="4" CreationCount="833"/><InteractionEvent Delta="null" EndDate="2014-12-16 10:36:08.543 JST" Interest="1.0" Kind="selection" Navigation="null" OriginId="org.eclipse.jdt.ui.PackageExplorer" StartDate="2014-12-16 10:36:08.543 JST" StructureHandle="=IFM11" StructureKind="java"/><InteractionEvent Delta="null" EndDate="2014-12-16 11:15:23.44 JST" Interest="10.0" Kind="edit" Navigation="null" OriginId="org.eclipse.jdt.ui.CompilationUnitEditor" StartDate="2014-12-16 10:59:46.151 JST" StructureHandle="=Proc/src&amp;lt;proc.main{Exponential.java[Exponential~calcWave_3~D" StructureKind="java" NumEvents="10" CreationCount="1144"/><InteractionEvent Delta="null" EndDate="2014-12-16 11:24:27.560 JST" Interest="11.0" Kind="selection" Navigation="null" OriginId="org.eclipse.jdt.ui.CompilationUnitEditor" StartDate="2014-12-16 10:59:38.376 JST" StructureHandle="=Proc/src&amp;lt;proc.main{Exponential.java[Exponential~calcWave_3~D" StructureKind="java" NumEvents="11" CreationCount="1144"/><InteractionEvent Delta="null" EndDate="2014-12-16 12:05:17.731 JST" Interest="1355.017" Kind="propagation" Navigation="org.eclipse.mylyn.core.model.edges.containment" OriginId="org.eclipse.mylyn.core.model.interest.propagation" StartDate="2014-12-16 09:05:40.64 JST" StructureHandle="/Proc/src/proc/main" StructureKind="resource" NumEvents="1356" CreationCount="3"/><InteractionEvent Delta="null" EndDate="2014-12-16 12:05:17.733 JST" Interest="1382.0" Kind="propagation" Navigation="null" OriginId="org.eclipse.ui.views.ContentOutline" StartDate="2014-12-16 09:05:32.233 JST" StructureHandle="/" StructureKind="resource" NumEvents="1382" CreationCount="1"/><InteractionEvent Delta="null" EndDate="2014-12-16 10:35:54.528 JST" Interest="1.0" Kind="propagation" Navigation="null" OriginId="org.eclipse.jdt.ui.PackageExplorer" StartDate="2014-12-16 10:35:54.528 JST" StructureHandle="/NDKSample" StructureKind="resource"/><InteractionEvent Delta="null" EndDate="2014-12-16 09:44:13.889 JST" Interest="1.0" Kind="edit" Navigation="null" OriginId="org.eclipse.jdt.ui.CompilationUnitEditor" StartDate="2014-12-16 09:44:13.889 JST" StructureHandle="=Proc/src&amp;lt;proc.main{Exponential.java" StructureKind="java"/><InteractionEvent Delta="null" EndDate="2014-12-16 11:22:03.952 JST" Interest="164.66803" Kind="propagation" Navigation="org.eclipse.mylyn.core.model.edges.containment" OriginId="org.eclipse.mylyn.core.model.interest.propagation" StartDate="2014-12-16 09:06:56.412 JST" StructureHandle="=Proc/src&amp;lt;proc.main{Exponential.java" StructureKind="java" NumEvents="262" CreationCount="4"/><InteractionEvent Delta="null" EndDate="2014-12-16 11:22:05.768 JST" Interest="8.0" Kind="selection" Navigation="null" OriginId="org.eclipse.jdt.ui.CompilationUnitEditor" StartDate="2014-12-16 09:05:41.567 JST" StructureHandle="=Proc/src&amp;lt;proc.main{Exponential.java" StructureKind="java" NumEvents="8" CreationCount="4"/><InteractionEvent Delta="null" EndDate="2014-12-16 10:48:19.490 JST" Interest="8.605001" Kind="manipulation" Navigation="null" OriginId="org.eclipse.mylyn.core.model.interest.decay.correction" StartDate="2014-12-16 09:56:50.141 JST" StructureHandle="=Proc/src&amp;lt;proc.main{Exponential.java[Exponential^magnify" StructureKind="java" NumEvents="2" CreationCount="207"/><InteractionEvent Delta="null" EndDate="2014-12-16 09:21:13.769 JST" Interest="2.0" Kind="edit" Navigation="null" OriginId="org.eclipse.jdt.ui.CompilationUnitEditor" StartDate="2014-12-16 09:21:02.830 JST" StructureHandle="=Proc/src&amp;lt;proc.main{Exponential.java[Exponential^magnify" StructureKind="java" NumEvents="2" CreationCount="207"/><InteractionEvent Delta="null" EndDate="2014-12-16 10:48:19.490 JST" Interest="4.0" Kind="selection" Navigation="null" OriginId="org.eclipse.jdt.ui.CompilationUnitEditor" StartDate="2014-12-16 09:20:42.651 JST" StructureHandle="=Proc/src&amp;lt;proc.main{Exponential.java[Exponential^magnify" StructureKind="java" NumEvents="4" CreationCount="207"/><InteractionEvent Delta="null" EndDate="2014-12-16 10:36:12.880 JST" Interest="4.0" Kind="propagation" Navigation="null" OriginId="org.eclipse.jdt.ui.PackageExplorer" StartDate="2014-12-16 10:36:09.27 JST" StructureHandle="/IFM10" StructureKind="resource" NumEvents="4" CreationCount="833"/><InteractionEvent Delta="null" EndDate="2014-12-16 10:36:08.543 JST" Interest="1.0" Kind="propagation" Navigation="null" OriginId="org.eclipse.jdt.ui.PackageExplorer" StartDate="2014-12-16 10:36:08.543 JST" StructureHandle="/IFM11" StructureKind="resource"/><InteractionEvent Delta="null" EndDate="2014-12-16 11:24:24.968 JST" Interest="108.0" Kind="edit" Navigation="null" OriginId="org.eclipse.jdt.ui.CompilationUnitEditor" StartDate="2014-12-16 10:57:30.197 JST" StructureHandle="=Proc/src&amp;lt;proc.main{Exponential.java[Exponential~keyPressed" StructureKind="java" NumEvents="108" CreationCount="1105"/><InteractionEvent Delta="null" EndDate="2014-12-16 11:22:39.487 JST" Interest="12.0" Kind="selection" Navigation="null" OriginId="org.eclipse.jdt.ui.CompilationUnitEditor" StartDate="2014-12-16 10:57:25.391 JST" StructureHandle="=Proc/src&amp;lt;proc.main{Exponential.java[Exponential~keyPressed" StructureKind="java" NumEvents="12" CreationCount="1105"/><InteractionEvent Delta="null" EndDate="2014-12-16 10:19:00.278 JST" Interest="27.0" Kind="edit" Navigation="null" OriginId="org.eclipse.jdt.ui.CompilationUnitEditor" StartDate="2014-12-16 09:44:20.994 JST" StructureHandle="=Proc/src&amp;lt;proc.main{Exponential.java[Exponential^text_X" StructureKind="java" NumEvents="27" CreationCount="423"/><InteractionEvent Delta="null" EndDate="2014-12-16 10:36:53.676 JST" Interest="17.0" Kind="selection" Navigation="null" OriginId="org.eclipse.jdt.ui.CompilationUnitEditor" StartDate="2014-12-16 09:44:17.608 JST" StructureHandle="=Proc/src&amp;lt;proc.main{Exponential.java[Exponential^text_X" StructureKind="java" NumEvents="17" CreationCount="423"/><InteractionEvent Delta="null" EndDate="2014-12-16 11:11:56.227 JST" Interest="171.0" Kind="edit" Navigation="null" OriginId="org.eclipse.jdt.ui.CompilationUnitEditor" StartDate="2014-12-16 09:16:16.648 JST" StructureHandle="=Proc/src&amp;lt;proc.main{Exponential.java[Exponential~setup" StructureKind="java" NumEvents="171" CreationCount="8"/><InteractionEvent Delta="null" EndDate="2014-12-16 11:11:59.677 JST" Interest="37.0" Kind="selection" Navigation="null" OriginId="org.eclipse.jdt.ui.CompilationUnitEditor" StartDate="2014-12-16 09:06:48.456 JST" StructureHandle="=Proc/src&amp;lt;proc.main{Exponential.java[Exponential~setup" StructureKind="java" NumEvents="37" CreationCount="8"/><InteractionEvent Delta="null" EndDate="2014-12-16 09:54:16.635 JST" Interest="8.0" Kind="edit" Navigation="null" OriginId="org.eclipse.jdt.ui.CompilationUnitEditor" StartDate="2014-12-16 09:48:41.306 JST" StructureHandle="=Proc/src&amp;lt;proc.main{Exponential.java[Exponential^text_Y" StructureKind="java" NumEvents="8" CreationCount="497"/><InteractionEvent Delta="null" EndDate="2014-12-16 09:54:15.823 JST" Interest="5.0" Kind="selection" Navigation="null" OriginId="org.eclipse.jdt.ui.CompilationUnitEditor" StartDate="2014-12-16 09:48:39.831 JST" StructureHandle="=Proc/src&amp;lt;proc.main{Exponential.java[Exponential^text_Y" StructureKind="java" NumEvents="5" CreationCount="497"/><InteractionEvent Delta="null" EndDate="2014-12-16 09:17:06.551 JST" Interest="1.0" Kind="selection" Navigation="null" OriginId="org.eclipse.jdt.ui.CompilationUnitEditor" StartDate="2014-12-16 09:17:06.551 JST" StructureHandle="=Proc/src&amp;lt;proc.main{Exponential.java[Exponential^serialVersionUID" StructureKind="java"/><InteractionEvent Delta="null" EndDate="2014-12-16 12:05:17.732 JST" Interest="1357.0339" Kind="propagation" Navigation="null" OriginId="org.eclipse.ui.views.ContentOutline" StartDate="2014-12-16 09:05:38.533 JST" StructureHandle="/Proc/src" StructureKind="resource" NumEvents="1359" CreationCount="2"/><InteractionEvent Delta="null" EndDate="2014-12-16 10:36:22.182 JST" Interest="4.0" Kind="selection" Navigation="null" OriginId="org.eclipse.jdt.ui.PackageExplorer" StartDate="2014-12-16 10:36:18.762 JST" StructureHandle="=SmartProgramingAndroid2-sample" StructureKind="java" NumEvents="4" CreationCount="837"/><InteractionEvent Delta="null" EndDate="2014-12-16 10:47:12.370 JST" Interest="8.0" Kind="edit" Navigation="null" OriginId="org.eclipse.jdt.ui.CompilationUnitEditor" StartDate="2014-12-16 10:08:00.229 JST" StructureHandle="=Proc/src&amp;lt;proc.main{Exponential.java[Exponential^end_X" StructureKind="java" NumEvents="8" CreationCount="694"/><InteractionEvent Delta="null" EndDate="2014-12-16 10:48:15.423 JST" Interest="4.0" Kind="selection" Navigation="null" OriginId="org.eclipse.jdt.ui.CompilationUnitEditor" StartDate="2014-12-16 10:07:56.597 JST" StructureHandle="=Proc/src&amp;lt;proc.main{Exponential.java[Exponential^end_X" StructureKind="java" NumEvents="4" CreationCount="694"/><InteractionEvent Delta="null" EndDate="2014-12-16 10:51:45.576 JST" Interest="0.56700015" Kind="manipulation" Navigation="null" OriginId="org.eclipse.mylyn.core.model.interest.decay.correction" StartDate="2014-12-16 10:47:21.913 JST" StructureHandle="=Proc/src&amp;lt;proc.main{Exponential.java[Exponential^yvals" StructureKind="java" NumEvents="2" CreationCount="881"/><InteractionEvent Delta="null" EndDate="2014-12-16 10:51:45.576 JST" Interest="3.0" Kind="selection" Navigation="null" OriginId="org.eclipse.jdt.ui.CompilationUnitEditor" StartDate="2014-12-16 10:44:19.825 JST" StructureHandle="=Proc/src&amp;lt;proc.main{Exponential.java[Exponential^yvals" StructureKind="java" NumEvents="3" CreationCount="881"/><InteractionEvent Delta="null" EndDate="2014-12-16 10:47:14.344 JST" Interest="2.9520001" Kind="manipulation" Navigation="null" OriginId="org.eclipse.mylyn.core.model.interest.decay.correction" StartDate="2014-12-16 10:47:14.344 JST" StructureHandle="=Proc/src&amp;lt;proc.main{Exponential.java[Exponential^tick_X" StructureKind="java"/><InteractionEvent Delta="null" EndDate="2014-12-16 10:08:13.825 JST" Interest="2.0" Kind="edit" Navigation="null" OriginId="org.eclipse.jdt.ui.CompilationUnitEditor" StartDate="2014-12-16 10:08:11.879 JST" StructureHandle="=Proc/src&amp;lt;proc.main{Exponential.java[Exponential^tick_X" StructureKind="java" NumEvents="2" CreationCount="700"/><InteractionEvent Delta="null" EndDate="2014-12-16 10:48:14.372 JST" Interest="2.0" Kind="selection" Navigation="null" OriginId="org.eclipse.jdt.ui.CompilationUnitEditor" StartDate="2014-12-16 10:47:14.344 JST" StructureHandle="=Proc/src&amp;lt;proc.main{Exponential.java[Exponential^tick_X" StructureKind="java" NumEvents="2" CreationCount="700"/><InteractionEvent Delta="null" EndDate="2014-12-16 10:36:22.182 JST" Interest="4.0" Kind="propagation" Navigation="null" OriginId="org.eclipse.jdt.ui.PackageExplorer" StartDate="2014-12-16 10:36:18.762 JST" StructureHandle="/SmartProgramingAndroid2-sample" StructureKind="resource" NumEvents="4" CreationCount="837"/><InteractionEvent Delta="null" EndDate="2014-12-16 10:21:00.771 JST" Interest="52.0" Kind="edit" Navigation="null" OriginId="org.eclipse.jdt.ui.CompilationUnitEditor" StartDate="2014-12-16 09:14:26.510 JST" StructureHandle="=Proc/src&amp;lt;proc.main{Exponential.java[Exponential~renderWave_2" StructureKind="java" NumEvents="52" CreationCount="61"/><InteractionEvent Delta="null" EndDate="2014-12-16 10:44:04.227 JST" Interest="16.0" Kind="selection" Navigation="null" OriginId="org.eclipse.jdt.ui.CompilationUnitEditor" StartDate="2014-12-16 09:14:21.450 JST" StructureHandle="=Proc/src&amp;lt;proc.main{Exponential.java[Exponential~renderWave_2" StructureKind="java" NumEvents="16" CreationCount="61"/><InteractionEvent Delta="null" EndDate="2014-12-16 11:10:07.622 JST" Interest="44.0" Kind="edit" Navigation="null" OriginId="org.eclipse.jdt.ui.CompilationUnitEditor" StartDate="2014-12-16 10:45:46.561 JST" StructureHandle="=Proc/src&amp;lt;proc.main{Exponential.java[Exponential~renderWave_3" StructureKind="java" NumEvents="44" CreationCount="875"/><InteractionEvent Delta="null" EndDate="2014-12-16 11:13:39.345 JST" Interest="19.0" Kind="selection" Navigation="null" OriginId="org.eclipse.jdt.ui.CompilationUnitEditor" StartDate="2014-12-16 10:44:08.459 JST" StructureHandle="=Proc/src&amp;lt;proc.main{Exponential.java[Exponential~renderWave_3" StructureKind="java" NumEvents="19" CreationCount="875"/><InteractionEvent Delta="null" EndDate="2014-12-16 10:36:29.655 JST" Interest="4.0" Kind="propagation" Navigation="null" OriginId="org.eclipse.jdt.ui.PackageExplorer" StartDate="2014-12-16 10:36:27.206 JST" StructureHandle="/CP_tablet" StructureKind="resource" NumEvents="4" CreationCount="841"/><InteractionEvent Delta="null" EndDate="2014-12-16 09:14:14.557 JST" Interest="5.0" Kind="edit" Navigation="null" OriginId="org.eclipse.jdt.ui.CompilationUnitEditor" StartDate="2014-12-16 09:13:12.444 JST" StructureHandle="=Proc/src&amp;lt;proc.main{Exponential.java[Exponential~renderWave" StructureKind="java" NumEvents="5" CreationCount="46"/><InteractionEvent Delta="null" EndDate="2014-12-16 09:14:17.497 JST" Interest="3.0" Kind="selection" Navigation="null" OriginId="org.eclipse.jdt.ui.CompilationUnitEditor" StartDate="2014-12-16 09:11:35.516 JST" StructureHandle="=Proc/src&amp;lt;proc.main{Exponential.java[Exponential~renderWave" StructureKind="java" NumEvents="3" CreationCount="46"/><InteractionEvent Delta="null" EndDate="2014-12-16 10:21:43.612 JST" Interest="4.854" Kind="manipulation" Navigation="null" OriginId="org.eclipse.mylyn.core.model.interest.decay.correction" StartDate="2014-12-16 09:57:21.816 JST" StructureHandle="=Proc/src&amp;lt;proc.main{Exponential.java[Exponential^dx" StructureKind="java" NumEvents="2" CreationCount="393"/><InteractionEvent Delta="null" EndDate="2014-12-16 10:36:39.96 JST" Interest="7.0" Kind="selection" Navigation="null" OriginId="org.eclipse.jdt.ui.CompilationUnitEditor" StartDate="2014-12-16 09:43:19.325 JST" StructureHandle="=Proc/src&amp;lt;proc.main{Exponential.java[Exponential^dx" StructureKind="java" NumEvents="7" CreationCount="393"/><InteractionEvent Delta="null" EndDate="2014-12-16 12:05:17.731 JST" Interest="1355.017" Kind="propagation" Navigation="org.eclipse.mylyn.core.model.edges.containment" OriginId="org.eclipse.mylyn.core.model.interest.propagation" StartDate="2014-12-16 09:05:40.64 JST" StructureHandle="/Proc/src/proc" StructureKind="resource" NumEvents="1356" CreationCount="3"/><InteractionEvent Delta="null" EndDate="2014-12-16 11:16:23.398 JST" Interest="1.1750011" Kind="manipulation" Navigation="null" OriginId="org.eclipse.mylyn.core.model.interest.decay.correction" StartDate="2014-12-16 11:11:09.957 JST" StructureHandle="=Proc/src&amp;lt;proc.main{Exponential.java[Exponential^amplitude" StructureKind="java" NumEvents="2" CreationCount="142"/><InteractionEvent Delta="null" EndDate="2014-12-16 09:46:14.409 JST" Interest="14.0" Kind="edit" Navigation="null" OriginId="org.eclipse.jdt.ui.CompilationUnitEditor" StartDate="2014-12-16 09:17:11.176 JST" StructureHandle="=Proc/src&amp;lt;proc.main{Exponential.java[Exponential^amplitude" StructureKind="java" NumEvents="14" CreationCount="142"/><InteractionEvent Delta="null" EndDate="2014-12-16 11:16:23.398 JST" Interest="10.0" Kind="selection" Navigation="null" OriginId="org.eclipse.jdt.ui.CompilationUnitEditor" StartDate="2014-12-16 09:17:09.566 JST" StructureHandle="=Proc/src&amp;lt;proc.main{Exponential.java[Exponential^amplitude" StructureKind="java" NumEvents="10" CreationCount="142"/><InteractionEvent Delta="null" EndDate="2014-12-16 11:22:36.444 JST" Interest="170.40205" Kind="propagation" Navigation="org.eclipse.mylyn.core.model.edges.containment" OriginId="org.eclipse.mylyn.core.model.interest.propagation" StartDate="2014-12-16 09:05:40.65 JST" StructureHandle="=Proc/src" StructureKind="java" NumEvents="328" CreationCount="2"/><InteractionEvent Delta="null" EndDate="2014-12-16 10:20:27.422 JST" Interest="3.0" Kind="selection" Navigation="null" OriginId="org.eclipse.jdt.ui.PackageExplorer" StartDate="2014-12-16 09:05:38.533 JST" StructureHandle="=Proc/src" StructureKind="java" NumEvents="3" CreationCount="2"/><InteractionEvent Delta="null" EndDate="2014-12-16 10:10:10.49 JST" Interest="6.667001" Kind="manipulation" Navigation="null" OriginId="org.eclipse.mylyn.core.model.interest.decay.correction" StartDate="2014-12-16 10:10:10.49 JST" StructureHandle="=Proc/src&amp;lt;proc.main{Exponential.java[Exponential~setup_View" StructureKind="java"/><InteractionEvent Delta="null" EndDate="2014-12-16 09:21:51.99 JST" Interest="1.0" Kind="edit" Navigation="null" OriginId="org.eclipse.jdt.ui.CompilationUnitEditor" StartDate="2014-12-16 09:21:51.99 JST" StructureHandle="=Proc/src&amp;lt;proc.main{Exponential.java[Exponential~setup_View" StructureKind="java"/><InteractionEvent Delta="null" EndDate="2014-12-16 10:10:10.49 JST" Interest="3.0" Kind="selection" Navigation="null" OriginId="org.eclipse.jdt.ui.CompilationUnitEditor" StartDate="2014-12-16 09:19:11.503 JST" StructureHandle="=Proc/src&amp;lt;proc.main{Exponential.java[Exponential~setup_View" StructureKind="java" NumEvents="3" CreationCount="179"/><InteractionEvent Delta="null" EndDate="2014-12-16 10:35:54.528 JST" Interest="1.0" Kind="selection" Navigation="null" OriginId="org.eclipse.jdt.ui.PackageExplorer" StartDate="2014-12-16 10:35:54.528 JST" StructureHandle="=NDKSample" StructureKind="java"/><InteractionEvent Delta="null" EndDate="2014-12-16 10:54:34.816 JST" Interest="1.0" Kind="edit" Navigation="null" OriginId="org.eclipse.jdt.ui.CompilationUnitEditor" StartDate="2014-12-16 10:54:34.816 JST" StructureHandle="=Proc/src&amp;lt;proc.main{Exponential.java[Exponential^base" StructureKind="java"/><InteractionEvent Delta="null" EndDate="2014-12-16 10:54:33.669 JST" Interest="2.0" Kind="selection" Navigation="null" OriginId="org.eclipse.jdt.ui.CompilationUnitEditor" StartDate="2014-12-16 10:54:01.422 JST" StructureHandle="=Proc/src&amp;lt;proc.main{Exponential.java[Exponential^base" StructureKind="java" NumEvents="2" CreationCount="1085"/><InteractionEvent Delta="null" EndDate="2014-12-16 11:22:36.444 JST" Interest="162.95004" Kind="propagation" Navigation="org.eclipse.mylyn.core.model.edges.containment" OriginId="org.eclipse.mylyn.core.model.interest.propagation" StartDate="2014-12-16 09:05:41.568 JST" StructureHandle="=Proc/src&amp;lt;proc.main" StructureKind="java" NumEvents="276" CreationCount="558"/><InteractionEvent Delta="null" EndDate="2014-12-16 09:05:40.63 JST" Interest="1.0" Kind="selection" Navigation="null" OriginId="org.eclipse.jdt.ui.PackageExplorer" StartDate="2014-12-16 09:05:40.63 JST" StructureHandle="=Proc/src&amp;lt;proc.main" StructureKind="java"/><InteractionEvent Delta="null" EndDate="2014-12-16 10:51:51.74 JST" Interest="1.0" Kind="edit" Navigation="null" OriginId="org.eclipse.jdt.ui.CompilationUnitEditor" StartDate="2014-12-16 10:51:51.74 JST" StructureHandle="=Proc/src&amp;lt;proc.main{Exponential.java[Exponential^yvals2" StructureKind="java"/><InteractionEvent Delta="null" EndDate="2014-12-16 10:51:48.454 JST" Interest="1.0" Kind="selection" Navigation="null" OriginId="org.eclipse.jdt.ui.CompilationUnitEditor" StartDate="2014-12-16 10:51:48.454 JST" StructureHandle="=Proc/src&amp;lt;proc.main{Exponential.java[Exponential^yvals2" StructureKind="java"/><InteractionEvent Delta="null" EndDate="2014-12-16 12:05:17.733 JST" Interest="1363.0" Kind="propagation" Navigation="null" OriginId="org.eclipse.ui.views.ContentOutline" StartDate="2014-12-16 09:05:32.232 JST" StructureHandle="/Proc" StructureKind="resource" NumEvents="1363" CreationCount="1"/><InteractionEvent Delta="null" EndDate="2014-12-16 10:36:29.655 JST" Interest="4.0" Kind="selection" Navigation="null" OriginId="org.eclipse.jdt.ui.PackageExplorer" StartDate="2014-12-16 10:36:27.206 JST" StructureHandle="=CP_tablet" StructureKind="java" NumEvents="4" CreationCount="841"/><InteractionEvent Delta="null" EndDate="2014-12-16 09:16:38.157 JST" Interest="34.0" Kind="edit" Navigation="null" OriginId="org.eclipse.jdt.ui.CompilationUnitEditor" StartDate="2014-12-16 09:08:56.51 JST" StructureHandle="=Proc/src&amp;lt;proc.main{Exponential.java[Exponential~calcWave" StructureKind="java" NumEvents="34" CreationCount="13"/><InteractionEvent Delta="null" EndDate="2014-12-16 11:07:20.749 JST" Interest="6.0" Kind="selection" Navigation="null" OriginId="org.eclipse.jdt.ui.CompilationUnitEditor" StartDate="2014-12-16 09:08:54.970 JST" StructureHandle="=Proc/src&amp;lt;proc.main{Exponential.java[Exponential~calcWave" StructureKind="java" NumEvents="6" CreationCount="13"/><InteractionEvent Delta="null" EndDate="2014-12-16 10:21:23.601 JST" Interest="0.9690001" Kind="manipulation" Navigation="null" OriginId="org.eclipse.mylyn.core.model.interest.decay.correction" StartDate="2014-12-16 10:21:23.601 JST" StructureHandle="=Proc/src&amp;lt;proc.main{Exponential.java[Exponential^start_X" StructureKind="java"/><InteractionEvent Delta="null" EndDate="2014-12-16 10:21:34.204 JST" Interest="2.0" Kind="edit" Navigation="null" OriginId="org.eclipse.jdt.ui.CompilationUnitEditor" StartDate="2014-12-16 10:07:55.109 JST" StructureHandle="=Proc/src&amp;lt;proc.main{Exponential.java[Exponential^start_X" StructureKind="java" NumEvents="2" CreationCount="692"/><InteractionEvent Delta="null" EndDate="2014-12-16 10:21:30.153 JST" Interest="3.0" Kind="selection" Navigation="null" OriginId="org.eclipse.jdt.ui.CompilationUnitEditor" StartDate="2014-12-16 10:07:54.467 JST" StructureHandle="=Proc/src&amp;lt;proc.main{Exponential.java[Exponential^start_X" StructureKind="java" NumEvents="3" CreationCount="692"/><InteractionEvent Delta="null" EndDate="2014-12-16 12:04:57.225 JST" Interest="6.9220004" Kind="manipulation" Navigation="null" OriginId="org.eclipse.mylyn.core.model.interest.decay.correction" StartDate="2014-12-16 12:04:57.225 JST" StructureHandle="=Proc/src&amp;lt;proc.main{Exponential.java[Exponential^yvalues" StructureKind="java"/><InteractionEvent Delta="null" EndDate="2014-12-16 12:05:17.730 JST" Interest="3.0" Kind="selection" Navigation="null" OriginId="org.eclipse.ui.views.ContentOutline" StartDate="2014-12-16 10:44:15.772 JST" StructureHandle="=Proc/src&amp;lt;proc.main{Exponential.java[Exponential^yvalues" StructureKind="java" NumEvents="3" CreationCount="879"/></InteractionHistory>