<?xml version="1.0" encoding="UTF-8"?><InteractionHistory Id="local-210" Version="1"><InteractionEvent Delta="null" EndDate="2014-11-13 20:18:31.131 JST" Interest="6.491" Kind="propagation" Navigation="org.eclipse.mylyn.core.model.edges.containment" OriginId="org.eclipse.mylyn.core.model.interest.propagation" StartDate="2014-11-13 20:01:14.957 JST" StructureHandle="" StructureKind="java" NumEvents="2" CreationCount="405"/><InteractionEvent Delta="null" EndDate="2014-11-13 20:36:28.798 JST" Interest="5.0" Kind="propagation" Navigation="null" OriginId="org.eclipse.jdt.ui.CompilationUnitEditor" StartDate="2014-11-13 20:29:44.368 JST" StructureHandle="/TA2/src/ta2/utils/CONS.java" StructureKind="resource" NumEvents="5" CreationCount="1124"/><InteractionEvent Delta="null" EndDate="2014-11-13 20:36:28.497 JST" Interest="0.9270003" Kind="manipulation" Navigation="null" OriginId="org.eclipse.mylyn.core.model.interest.decay.correction" StartDate="2014-11-13 20:36:28.497 JST" StructureHandle="/TA2/src/ta2/utils/CONS.java" StructureKind="resource"/><InteractionEvent Delta="null" EndDate="2014-11-13 20:36:48.986 JST" Interest="8.0" Kind="selection" Navigation="null" OriginId="org.eclipse.jdt.ui.CompilationUnitEditor" StartDate="2014-11-13 20:08:12.464 JST" StructureHandle="=freemind_1.0.1/freemind\/freemind\/main&amp;lt;{FreeMind.java[FreeMind~main~\[QString;~QProperties;~QProperties;~QFile;" StructureKind="java" NumEvents="8" CreationCount="462"/><InteractionEvent Delta="null" EndDate="2014-11-13 20:36:58.556 JST" Interest="13.0" Kind="edit" Navigation="null" OriginId="org.eclipse.jdt.ui.CompilationUnitEditor" StartDate="2014-11-13 20:08:13.384 JST" StructureHandle="=freemind_1.0.1/freemind\/freemind\/main&amp;lt;{FreeMind.java[FreeMind~main~\[QString;~QProperties;~QProperties;~QFile;" StructureKind="java" NumEvents="13" CreationCount="462"/><InteractionEvent Delta="null" EndDate="2014-11-13 20:35:10.632 JST" Interest="0.3560009" Kind="manipulation" Navigation="null" OriginId="org.eclipse.mylyn.core.model.interest.decay.correction" StartDate="2014-11-13 20:35:10.632 JST" StructureHandle="=freemind_1.0.1/freemind\/freemind\/main&amp;lt;{FreeMind.java[FreeMind~main~\[QString;~QProperties;~QProperties;~QFile;" StructureKind="java"/><InteractionEvent Delta="null" EndDate="2014-11-13 20:36:34.122 JST" Interest="1.0" Kind="propagation" Navigation="null" OriginId="org.eclipse.jdt.ui.PackageExplorer" StartDate="2014-11-13 20:36:34.122 JST" StructureHandle="/freemind_1.0.1/freemind/freemind/main/IFreeMindSplash.java" StructureKind="resource"/><InteractionEvent Delta="null" EndDate="2014-11-13 19:11:26.754 JST" Interest="2.0" Kind="selection" Navigation="null" OriginId="org.eclipse.jdt.ui.CompilationUnitEditor" StartDate="2014-11-13 19:11:26.748 JST" StructureHandle="=freemind_1.0.1/freemind\/freemind\/main&amp;lt;{FreeMindStarter.java#javax.swing.JOptionPane" StructureKind="java" NumEvents="2" CreationCount="320"/><InteractionEvent Delta="null" EndDate="2014-11-13 20:39:23.657 JST" Interest="90.017" Kind="propagation" Navigation="null" OriginId="org.eclipse.jdt.ui.CompilationUnitEditor" StartDate="2014-11-13 20:18:41.674 JST" StructureHandle="/TA2/src/ta2/utils" StructureKind="resource" NumEvents="91" CreationCount="734"/><InteractionEvent Delta="null" EndDate="2014-11-13 20:39:23.656 JST" Interest="90.051" Kind="propagation" Navigation="org.eclipse.mylyn.core.model.edges.containment" OriginId="org.eclipse.mylyn.core.model.interest.propagation" StartDate="2014-11-13 18:58:12.899 JST" StructureHandle="/TA2/src/ta2" StructureKind="resource" NumEvents="94" CreationCount="8"/><InteractionEvent Delta="null" EndDate="2014-11-13 20:18:40.127 JST" Interest="11.308001" Kind="manipulation" Navigation="null" OriginId="org.eclipse.mylyn.core.model.interest.decay.correction" StartDate="2014-11-13 20:18:40.127 JST" StructureHandle="/TA2/src/ta2" StructureKind="resource"/><InteractionEvent Delta="null" EndDate="2014-11-13 20:40:26.420 JST" Interest="1.0" Kind="selection" Navigation="null" OriginId="org.eclipse.jdt.ui.PackageExplorer" StartDate="2014-11-13 20:40:26.420 JST" StructureHandle="/freemind_1.0.1/freemind/freemind/log" StructureKind="resource"/><InteractionEvent Delta="null" EndDate="2014-11-13 20:41:47.397 JST" Interest="4.1" Kind="propagation" Navigation="org.eclipse.mylyn.core.model.edges.containment" OriginId="org.eclipse.mylyn.core.model.interest.propagation" StartDate="2014-11-13 20:40:22.203 JST" StructureHandle="/freemind_1.0.1/freemind/freemind/log" StructureKind="resource" NumEvents="5" CreationCount="1437"/><InteractionEvent Delta="null" EndDate="2014-11-13 20:36:23.404 JST" Interest="1.0" Kind="selection" Navigation="null" OriginId="org.eclipse.jdt.ui.CompilationUnitEditor" StartDate="2014-11-13 20:36:23.404 JST" StructureHandle="=freemind_1.0.1/freemind\/freemind\/main&amp;lt;{Methods.java#" StructureKind="java"/><InteractionEvent Delta="null" EndDate="2014-11-13 20:36:21.801 JST" Interest="2.0" Kind="propagation" Navigation="org.eclipse.mylyn.core.model.edges.containment" OriginId="org.eclipse.mylyn.core.model.interest.propagation" StartDate="2014-11-13 20:36:21.779 JST" StructureHandle="=freemind_1.0.1/freemind\/freemind\/main&amp;lt;{Methods.java#" StructureKind="java" NumEvents="2" CreationCount="1349"/><InteractionEvent Delta="null" EndDate="2014-11-13 20:36:28.797 JST" Interest="2.0" Kind="selection" Navigation="null" OriginId="org.eclipse.jdt.ui.CompilationUnitEditor" StartDate="2014-11-13 20:29:45.82 JST" StructureHandle="=TA2/src&amp;lt;ta2.utils{CONS.java[CONS[Admin^format_Date" StructureKind="java" NumEvents="2" CreationCount="1125"/><InteractionEvent Delta="null" EndDate="2014-11-13 20:29:47.731 JST" Interest="1.0" Kind="edit" Navigation="null" OriginId="org.eclipse.jdt.ui.CompilationUnitEditor" StartDate="2014-11-13 20:29:47.731 JST" StructureHandle="=TA2/src&amp;lt;ta2.utils{CONS.java[CONS[Admin^format_Date" StructureKind="java"/><InteractionEvent Delta="null" EndDate="2014-11-13 20:36:28.797 JST" Interest="2.2100003" Kind="manipulation" Navigation="null" OriginId="org.eclipse.mylyn.core.model.interest.decay.correction" StartDate="2014-11-13 20:36:28.797 JST" StructureHandle="=TA2/src&amp;lt;ta2.utils{CONS.java[CONS[Admin^format_Date" StructureKind="java"/><InteractionEvent Delta="null" EndDate="2014-11-13 20:36:28.798 JST" Interest="4.9100003" Kind="propagation" Navigation="org.eclipse.mylyn.core.model.edges.containment" OriginId="org.eclipse.mylyn.core.model.interest.propagation" StartDate="2014-11-13 20:29:45.83 JST" StructureHandle="=TA2/src&amp;lt;ta2.utils{CONS.java[CONS[Admin" StructureKind="java" NumEvents="3" CreationCount="1125"/><InteractionEvent Delta="null" EndDate="2014-11-13 20:36:58.351 JST" Interest="17.0" Kind="selection" Navigation="null" OriginId="org.eclipse.jdt.ui.CompilationUnitEditor" StartDate="2014-11-13 20:07:46.847 JST" StructureHandle="=freemind_1.0.1/freemind\/freemind\/main&amp;lt;{FreeMind.java" StructureKind="java" NumEvents="17" CreationCount="454"/><InteractionEvent Delta="null" EndDate="2014-11-13 20:09:20.378 JST" Interest="6.5359993" Kind="propagation" Navigation="org.eclipse.mylyn.core.model.edges.containment" OriginId="org.eclipse.mylyn.core.model.interest.propagation" StartDate="2014-11-13 20:08:33.791 JST" StructureHandle="=freemind_1.0.1/freemind\/freemind\/main&amp;lt;{FreeMind.java" StructureKind="java" NumEvents="10" CreationCount="454"/><InteractionEvent Delta="null" EndDate="2014-11-13 20:08:12.524 JST" Interest="2.0" Kind="selection" Navigation="null" OriginId="org.eclipse.jdt.ui.CompilationUnitEditor" StartDate="2014-11-13 20:08:06.121 JST" StructureHandle="=freemind_1.0.1/freemind\/freemind\/main&amp;lt;{FreeMind.java[FreeMind" StructureKind="java" NumEvents="2" CreationCount="460"/><InteractionEvent Delta="null" EndDate="2014-11-13 20:36:58.557 JST" Interest="15.49" Kind="propagation" Navigation="org.eclipse.mylyn.core.model.edges.containment" OriginId="org.eclipse.mylyn.core.model.interest.propagation" StartDate="2014-11-13 20:08:05.610 JST" StructureHandle="=freemind_1.0.1/freemind\/freemind\/main&amp;lt;{FreeMind.java[FreeMind" StructureKind="java" NumEvents="19" CreationCount="460"/><InteractionEvent Delta="null" EndDate="2014-11-13 20:36:09.376 JST" Interest="5.0" Kind="propagation" Navigation="null" OriginId="org.eclipse.jdt.ui.PackageExplorer" StartDate="2014-11-13 20:35:42.342 JST" StructureHandle="/freemind_1.0.1/src/freemind/main" StructureKind="resource" NumEvents="5" CreationCount="1333"/><InteractionEvent Delta="null" EndDate="2014-11-13 20:35:06.745 JST" Interest="18.0" Kind="selection" Navigation="null" OriginId="org.eclipse.jdt.ui.CompilationUnitEditor" StartDate="2014-11-13 18:58:14.176 JST" StructureHandle="=freemind_1.0.1/freemind\/freemind\/main&amp;lt;{FreeMindStarter.java[FreeMindStarter~main~\[QString;" StructureKind="java" NumEvents="18" CreationCount="9"/><InteractionEvent Delta="null" EndDate="2014-11-13 20:34:47.101 JST" Interest="644.0" Kind="edit" Navigation="null" OriginId="org.eclipse.jdt.ui.CompilationUnitEditor" StartDate="2014-11-13 18:58:14.257 JST" StructureHandle="=freemind_1.0.1/freemind\/freemind\/main&amp;lt;{FreeMindStarter.java[FreeMindStarter~main~\[QString;" StructureKind="java" NumEvents="644" CreationCount="9"/><InteractionEvent Delta="null" EndDate="2014-11-13 20:36:09.376 JST" Interest="3.0" Kind="propagation" Navigation="null" OriginId="org.eclipse.jdt.ui.PackageExplorer" StartDate="2014-11-13 20:35:42.379 JST" StructureHandle="/freemind_1.0.1/src/freemind/main/Methods.java" StructureKind="resource" NumEvents="3" CreationCount="1333"/><InteractionEvent Delta="null" EndDate="2014-11-13 18:58:12.899 JST" Interest="1.0" Kind="propagation" Navigation="org.eclipse.mylyn.core.model.edges.containment" OriginId="org.eclipse.mylyn.core.model.interest.propagation" StartDate="2014-11-13 18:58:12.899 JST" StructureHandle="=TA2/src&amp;lt;ta2.main{ShowListActv.java[ShowListActv" StructureKind="java"/><InteractionEvent Delta="null" EndDate="2014-11-13 20:37:25.93 JST" Interest="1.0" Kind="selection" Navigation="null" OriginId="org.eclipse.jdt.ui.CompilationUnitEditor" StartDate="2014-11-13 20:37:25.93 JST" StructureHandle="=freemind_1.0.1/freemind\/freemind\/main&amp;lt;{FreeMindStarter.java[FreeMindStarter" StructureKind="java"/><InteractionEvent Delta="null" EndDate="2014-11-13 20:35:06.745 JST" Interest="468.8" Kind="propagation" Navigation="org.eclipse.mylyn.core.model.edges.containment" OriginId="org.eclipse.mylyn.core.model.interest.propagation" StartDate="2014-11-13 18:58:14.177 JST" StructureHandle="=freemind_1.0.1/freemind\/freemind\/main&amp;lt;{FreeMindStarter.java[FreeMindStarter" StructureKind="java" NumEvents="662" CreationCount="9"/><InteractionEvent Delta="null" EndDate="2014-11-13 20:37:47.273 JST" Interest="3.0" Kind="edit" Navigation="null" OriginId="org.eclipse.jdt.ui.CompilationUnitEditor" StartDate="2014-11-13 20:37:25.104 JST" StructureHandle="=freemind_1.0.1/freemind\/freemind\/main&amp;lt;{FreeMindStarter.java[FreeMindStarter" StructureKind="java" NumEvents="3" CreationCount="9"/><InteractionEvent Delta="null" EndDate="2014-11-13 20:35:11.247 JST" Interest="12.724001" Kind="propagation" Navigation="org.eclipse.mylyn.core.model.edges.containment" OriginId="org.eclipse.mylyn.core.model.interest.propagation" StartDate="2014-11-13 20:19:01.103 JST" StructureHandle="=freemind_1.0.1/src&amp;lt;{Methods.java#" StructureKind="java" NumEvents="4" CreationCount="749"/><InteractionEvent Delta="null" EndDate="2014-11-13 20:32:38.470 JST" Interest="1.0" Kind="selection" Navigation="null" OriginId="org.eclipse.jdt.ui.CompilationUnitEditor" StartDate="2014-11-13 20:32:38.470 JST" StructureHandle="=TA2/src&amp;lt;ta2.utils{Methods.java[Methods~get_TimeLabel~J" StructureKind="java"/><InteractionEvent Delta="null" EndDate="2014-11-13 20:32:44.450 JST" Interest="2.0" Kind="edit" Navigation="null" OriginId="org.eclipse.jdt.ui.CompilationUnitEditor" StartDate="2014-11-13 20:32:43.421 JST" StructureHandle="=TA2/src&amp;lt;ta2.utils{Methods.java[Methods~get_TimeLabel~J" StructureKind="java" NumEvents="2" CreationCount="1223"/><InteractionEvent Delta="null" EndDate="2014-11-13 20:38:54.711 JST" Interest="3.0" Kind="selection" Navigation="null" OriginId="org.eclipse.jdt.ui.PackageExplorer" StartDate="2014-11-13 20:38:34.148 JST" StructureHandle="/freemind_1.0.1/freemind/log/log.txt" StructureKind="resource" NumEvents="3" CreationCount="1410"/><InteractionEvent Delta="null" EndDate="2014-11-13 20:38:32.423 JST" Interest="1.0" Kind="propagation" Navigation="null" OriginId="org.eclipse.mylyn.resources.ui.interest.updater" StartDate="2014-11-13 20:38:32.423 JST" StructureHandle="/freemind_1.0.1/freemind/log/log.txt" StructureKind="resource"/><InteractionEvent Delta="null" EndDate="2014-11-13 20:39:08.792 JST" Interest="3.0" Kind="edit" Navigation="null" OriginId="org.eclipse.ui.DefaultTextEditor" StartDate="2014-11-13 20:38:34.370 JST" StructureHandle="/freemind_1.0.1/freemind/log/log.txt" StructureKind="resource" NumEvents="3" CreationCount="1410"/><InteractionEvent Delta="null" EndDate="2014-11-13 20:41:52.457 JST" Interest="3.0" Kind="prediction" Navigation="null" OriginId="org.eclipse.mylyn.resources.ui.interest.updater" StartDate="2014-11-13 20:16:33.999 JST" StructureHandle="/freemind_1.0.1/freemind/version.properties" StructureKind="resource" NumEvents="3" CreationCount="707"/><InteractionEvent Delta="null" EndDate="2014-11-13 20:01:14.957 JST" Interest="1.0" Kind="selection" Navigation="null" OriginId="org.eclipse.jdt.ui.PackageExplorer" StartDate="2014-11-13 20:01:14.957 JST" StructureHandle="=IFM11" StructureKind="java"/><InteractionEvent Delta="null" EndDate="2014-11-13 20:39:23.457 JST" Interest="30.0" Kind="selection" Navigation="null" OriginId="org.eclipse.jdt.ui.CompilationUnitEditor" StartDate="2014-11-13 20:18:44.401 JST" StructureHandle="=TA2/src&amp;lt;ta2.utils{Methods.java" StructureKind="java" NumEvents="30" CreationCount="735"/><InteractionEvent Delta="null" EndDate="2014-11-13 20:18:54.882 JST" Interest="1.5680001" Kind="propagation" Navigation="org.eclipse.mylyn.core.model.edges.containment" OriginId="org.eclipse.mylyn.core.model.interest.propagation" StartDate="2014-11-13 20:18:50.151 JST" StructureHandle="=TA2/src&amp;lt;ta2.utils{Methods.java" StructureKind="java" NumEvents="3" CreationCount="735"/><InteractionEvent Delta="null" EndDate="2014-11-13 20:40:26.421 JST" Interest="835.068" Kind="propagation" Navigation="org.eclipse.mylyn.core.model.edges.containment" OriginId="org.eclipse.mylyn.core.model.interest.propagation" StartDate="2014-11-13 18:57:46.452 JST" StructureHandle="/" StructureKind="resource" NumEvents="848" CreationCount="1"/><InteractionEvent Delta="null" EndDate="2014-11-13 20:36:59.438 JST" Interest="12.0" Kind="selection" Navigation="null" OriginId="org.eclipse.ui.DefaultTextEditor" StartDate="2014-11-13 19:00:02.302 JST" StructureHandle="/freemind_1.0.1/memos.txt" StructureKind="resource" NumEvents="12" CreationCount="31"/><InteractionEvent Delta="null" EndDate="2014-11-13 20:35:10.106 JST" Interest="21.0" Kind="edit" Navigation="null" OriginId="org.eclipse.ui.DefaultTextEditor" StartDate="2014-11-13 19:00:02.635 JST" StructureHandle="/freemind_1.0.1/memos.txt" StructureKind="resource" NumEvents="21" CreationCount="31"/><InteractionEvent Delta="null" EndDate="2014-11-13 20:35:42.342 JST" Interest="1.0" Kind="propagation" Navigation="null" OriginId="org.eclipse.mylyn.resources.ui.interest.updater" StartDate="2014-11-13 20:35:42.342 JST" StructureHandle="=freemind_1.0.1/src&amp;lt;freemind" StructureKind="java"/><InteractionEvent Delta="null" EndDate="2014-11-13 20:18:41.229 JST" Interest="1.0" Kind="propagation" Navigation="null" OriginId="org.eclipse.ui.views.ResourceNavigator" StartDate="2014-11-13 20:18:41.229 JST" StructureHandle="/TA2/src/ta2/tasks" StructureKind="resource"/><InteractionEvent Delta="null" EndDate="2014-11-13 20:35:11.247 JST" Interest="3.0" Kind="selection" Navigation="null" OriginId="org.eclipse.jdt.ui.CompilationUnitEditor" StartDate="2014-11-13 20:34:57.742 JST" StructureHandle="=freemind_1.0.1/src&amp;lt;{Methods.java#java.io.File" StructureKind="java" NumEvents="3" CreationCount="1321"/><InteractionEvent Delta="null" EndDate="2014-11-13 18:58:12.900 JST" Interest="1.0" Kind="propagation" Navigation="org.eclipse.mylyn.core.model.edges.containment" OriginId="org.eclipse.mylyn.core.model.interest.propagation" StartDate="2014-11-13 18:58:12.900 JST" StructureHandle="=TA2/src&amp;lt;ta2.main{ShowListActv.java" StructureKind="java"/><InteractionEvent Delta="null" EndDate="2014-11-13 20:19:18.417 JST" Interest="2.0" Kind="propagation" Navigation="null" OriginId="org.eclipse.ui.views.ResourceNavigator" StartDate="2014-11-13 18:58:12.899 JST" StructureHandle="/TA2/src/ta2/main" StructureKind="resource" NumEvents="2" CreationCount="8"/><InteractionEvent Delta="null" EndDate="2014-11-13 20:19:18.417 JST" Interest="11.733001" Kind="manipulation" Navigation="null" OriginId="org.eclipse.mylyn.core.model.interest.decay.correction" StartDate="2014-11-13 20:19:18.417 JST" StructureHandle="/TA2/src/ta2/main" StructureKind="resource"/><InteractionEvent Delta="null" EndDate="2014-11-13 20:39:23.656 JST" Interest="85.0" Kind="propagation" Navigation="null" OriginId="org.eclipse.jdt.ui.CompilationUnitEditor" StartDate="2014-11-13 20:18:44.401 JST" StructureHandle="/TA2/src/ta2/utils/Methods.java" StructureKind="resource" NumEvents="85" CreationCount="735"/><InteractionEvent Delta="null" EndDate="2014-11-13 20:35:53.826 JST" Interest="2.0" Kind="propagation" Navigation="null" OriginId="org.eclipse.jdt.ui.PackageExplorer" StartDate="2014-11-13 18:59:35.503 JST" StructureHandle="/freemind_1.0.1/freemind/freemind/main/FixedHTMLWriter.java" StructureKind="resource" NumEvents="2" CreationCount="24"/><InteractionEvent Delta="null" EndDate="2014-11-13 20:35:53.826 JST" Interest="21.338001" Kind="manipulation" Navigation="null" OriginId="org.eclipse.mylyn.core.model.interest.decay.correction" StartDate="2014-11-13 20:35:53.826 JST" StructureHandle="/freemind_1.0.1/freemind/freemind/main/FixedHTMLWriter.java" StructureKind="resource"/><InteractionEvent Delta="null" EndDate="2014-11-13 20:38:30.9 JST" Interest="2.0" Kind="selection" Navigation="null" OriginId="org.eclipse.jdt.ui.PackageExplorer" StartDate="2014-11-13 18:59:51.565 JST" StructureHandle="/freemind_1.0.1/freemind/eclipe_templates" StructureKind="resource" NumEvents="2" CreationCount="27"/><InteractionEvent Delta="null" EndDate="2014-11-13 20:38:30.9 JST" Interest="22.477001" Kind="manipulation" Navigation="null" OriginId="org.eclipse.mylyn.core.model.interest.decay.correction" StartDate="2014-11-13 20:38:30.9 JST" StructureHandle="/freemind_1.0.1/freemind/eclipe_templates" StructureKind="resource"/><InteractionEvent Delta="null" EndDate="2014-11-13 20:35:11.247 JST" Interest="345.0" Kind="propagation" Navigation="null" OriginId="org.eclipse.jdt.ui.CompilationUnitEditor" StartDate="2014-11-13 20:18:22.586 JST" StructureHandle="/freemind_1.0.1/src/Methods.java" StructureKind="resource" NumEvents="345" CreationCount="722"/><InteractionEvent Delta="null" EndDate="2014-11-13 20:36:09.376 JST" Interest="5.0" Kind="propagation" Navigation="org.eclipse.mylyn.core.model.edges.containment" OriginId="org.eclipse.mylyn.core.model.interest.propagation" StartDate="2014-11-13 20:35:42.342 JST" StructureHandle="/freemind_1.0.1/src/freemind" StructureKind="resource" NumEvents="5" CreationCount="1333"/><InteractionEvent Delta="null" EndDate="2014-11-13 20:19:30.196 JST" Interest="1.0" Kind="selection" Navigation="null" OriginId="org.eclipse.jdt.ui.CompilationUnitEditor" StartDate="2014-11-13 20:19:30.196 JST" StructureHandle="=freemind_1.0.1/src&amp;lt;{CONS.java[CONS" StructureKind="java"/><InteractionEvent Delta="null" EndDate="2014-11-13 20:29:29.643 JST" Interest="14.061001" Kind="propagation" Navigation="org.eclipse.mylyn.core.model.edges.containment" OriginId="org.eclipse.mylyn.core.model.interest.propagation" StartDate="2014-11-13 20:20:02.672 JST" StructureHandle="=freemind_1.0.1/src&amp;lt;{CONS.java[CONS" StructureKind="java" NumEvents="20" CreationCount="761"/><InteractionEvent Delta="null" EndDate="2014-11-13 20:19:34.998 JST" Interest="3.0" Kind="edit" Navigation="null" OriginId="org.eclipse.jdt.ui.CompilationUnitEditor" StartDate="2014-11-13 20:19:31.238 JST" StructureHandle="=freemind_1.0.1/src&amp;lt;{CONS.java[CONS" StructureKind="java" NumEvents="3" CreationCount="761"/><InteractionEvent Delta="null" EndDate="2014-11-13 20:40:23.609 JST" Interest="4.0" Kind="selection" Navigation="null" OriginId="org.eclipse.jdt.ui.PackageExplorer" StartDate="2014-11-13 20:39:11.372 JST" StructureHandle="/freemind_1.0.1/freemind/freemind/controller" StructureKind="resource" NumEvents="4" CreationCount="1424"/><InteractionEvent Delta="null" EndDate="2014-11-13 20:36:59.598 JST" Interest="18.0" Kind="selection" Navigation="null" OriginId="org.eclipse.jdt.ui.CompilationUnitEditor" StartDate="2014-11-13 18:58:08.856 JST" StructureHandle="=freemind_1.0.1/freemind\/freemind\/main&amp;lt;{FreeMindStarter.java" StructureKind="java" NumEvents="18" CreationCount="5"/><InteractionEvent Delta="null" EndDate="2014-11-13 20:34:47.103 JST" Interest="439.268" Kind="propagation" Navigation="org.eclipse.mylyn.core.model.edges.containment" OriginId="org.eclipse.mylyn.core.model.interest.propagation" StartDate="2014-11-13 18:58:14.746 JST" StructureHandle="=freemind_1.0.1/freemind\/freemind\/main&amp;lt;{FreeMindStarter.java" StructureKind="java" NumEvents="630" CreationCount="5"/><InteractionEvent Delta="null" EndDate="2014-11-13 20:37:11.117 JST" Interest="22.0" Kind="edit" Navigation="null" OriginId="org.eclipse.jdt.ui.CompilationUnitEditor" StartDate="2014-11-13 19:11:28.98 JST" StructureHandle="=freemind_1.0.1/freemind\/freemind\/main&amp;lt;{FreeMindStarter.java" StructureKind="java" NumEvents="22" CreationCount="5"/><InteractionEvent Delta="null" EndDate="2014-11-13 20:37:01.338 JST" Interest="6.0" Kind="selection" Navigation="null" OriginId="org.eclipse.jdt.ui.CompilationUnitEditor" StartDate="2014-11-13 19:11:15.515 JST" StructureHandle="=freemind_1.0.1/freemind\/freemind\/main&amp;lt;{FreeMindStarter.java#java.awt.Toolkit" StructureKind="java" NumEvents="6" CreationCount="314"/><InteractionEvent Delta="null" EndDate="2014-11-13 20:37:01.326 JST" Interest="14.054001" Kind="manipulation" Navigation="null" OriginId="org.eclipse.mylyn.core.model.interest.decay.correction" StartDate="2014-11-13 20:37:01.326 JST" StructureHandle="=freemind_1.0.1/freemind\/freemind\/main&amp;lt;{FreeMindStarter.java#java.awt.Toolkit" StructureKind="java"/><InteractionEvent Delta="null" EndDate="2014-11-13 19:12:27.459 JST" Interest="4.0" Kind="selection" Navigation="null" OriginId="org.eclipse.jdt.ui.CompilationUnitEditor" StartDate="2014-11-13 19:12:25.470 JST" StructureHandle="=freemind_1.0.1/freemind\/freemind\/main&amp;lt;{FreeMindStarter.java#java.awt.Color" StructureKind="java" NumEvents="4" CreationCount="354"/><InteractionEvent Delta="null" EndDate="2014-11-13 20:39:04.846 JST" Interest="11.0" Kind="selection" Navigation="null" OriginId="org.eclipse.jdt.ui.PackageExplorer" StartDate="2014-11-13 18:58:03.380 JST" StructureHandle="/freemind_1.0.1/freemind/freemind" StructureKind="resource" NumEvents="11" CreationCount="3"/><InteractionEvent Delta="null" EndDate="2014-11-13 20:40:24.845 JST" Interest="824.03394" Kind="propagation" Navigation="org.eclipse.mylyn.core.model.edges.containment" OriginId="org.eclipse.mylyn.core.model.interest.propagation" StartDate="2014-11-13 18:58:06.89 JST" StructureHandle="/freemind_1.0.1/freemind/freemind" StructureKind="resource" NumEvents="829" CreationCount="3"/><InteractionEvent Delta="null" EndDate="2014-11-13 20:39:27.97 JST" Interest="3.0" Kind="selection" Navigation="null" OriginId="org.eclipse.jdt.ui.CompilationUnitEditor" StartDate="2014-11-13 20:37:51.875 JST" StructureHandle="=freemind_1.0.1/freemind\/freemind\/main&amp;lt;{Methods.java[Methods~write_Log~QString;~QString;~I" StructureKind="java" NumEvents="3" CreationCount="1400"/><InteractionEvent Delta="null" EndDate="2014-11-13 20:38:22.666 JST" Interest="1.0" Kind="edit" Navigation="null" OriginId="org.eclipse.jdt.ui.CompilationUnitEditor" StartDate="2014-11-13 20:38:22.666 JST" StructureHandle="=freemind_1.0.1/freemind\/freemind\/main&amp;lt;{Methods.java[Methods~write_Log~QString;~QString;~I" StructureKind="java"/><InteractionEvent Delta="null" EndDate="2014-11-13 20:18:41.229 JST" Interest="1.0" Kind="selection" Navigation="null" OriginId="org.eclipse.ui.views.ResourceNavigator" StartDate="2014-11-13 20:18:41.229 JST" StructureHandle="=TA2/src&amp;lt;ta2.tasks" StructureKind="java"/><InteractionEvent Delta="null" EndDate="2014-11-13 20:35:53.570 JST" Interest="2.0" Kind="propagation" Navigation="null" OriginId="org.eclipse.jdt.ui.PackageExplorer" StartDate="2014-11-13 20:35:51.82 JST" StructureHandle="/freemind_1.0.1/freemind/freemind/main/EditServer.java" StructureKind="resource" NumEvents="2" CreationCount="1335"/><InteractionEvent Delta="null" EndDate="2014-11-13 20:36:36.916 JST" Interest="1.0" Kind="selection" Navigation="null" OriginId="org.eclipse.jdt.ui.PackageExplorer" StartDate="2014-11-13 20:36:36.916 JST" StructureHandle="=freemind_1.0.1/src&amp;lt;" StructureKind="java"/><InteractionEvent Delta="null" EndDate="2014-11-13 20:35:11.248 JST" Interest="206.69302" Kind="propagation" Navigation="org.eclipse.mylyn.core.model.edges.containment" OriginId="org.eclipse.mylyn.core.model.interest.propagation" StartDate="2014-11-13 20:18:22.587 JST" StructureHandle="=freemind_1.0.1/src&amp;lt;" StructureKind="java" NumEvents="299" CreationCount="722"/><InteractionEvent Delta="null" EndDate="2014-11-13 20:18:31.131 JST" Interest="1.0" Kind="propagation" Navigation="null" OriginId="org.eclipse.ui.views.ResourceNavigator" StartDate="2014-11-13 20:18:31.131 JST" StructureHandle="/projects_Matsuoka" StructureKind="resource"/><InteractionEvent Delta="null" EndDate="2014-11-13 20:31:06.321 JST" Interest="6.0" Kind="selection" Navigation="null" OriginId="org.eclipse.jdt.ui.CompilationUnitEditor" StartDate="2014-11-13 20:29:04.649 JST" StructureHandle="=TA2/src&amp;lt;ta2.utils{Methods.java[Methods~conv_MillSec_to_TimeLabel~J" StructureKind="java" NumEvents="6" CreationCount="1092"/><InteractionEvent Delta="null" EndDate="2014-11-13 20:29:10.85 JST" Interest="3.0" Kind="edit" Navigation="null" OriginId="org.eclipse.jdt.ui.CompilationUnitEditor" StartDate="2014-11-13 20:29:05.270 JST" StructureHandle="=TA2/src&amp;lt;ta2.utils{Methods.java[Methods~conv_MillSec_to_TimeLabel~J" StructureKind="java" NumEvents="3" CreationCount="1092"/><InteractionEvent Delta="null" EndDate="2014-11-13 20:38:28.853 JST" Interest="3.0" Kind="selection" Navigation="null" OriginId="org.eclipse.jdt.ui.PackageExplorer" StartDate="2014-11-13 20:17:58.682 JST" StructureHandle="/freemind_1.0.1/freemind/freemind.sh" StructureKind="resource" NumEvents="3" CreationCount="719"/><InteractionEvent Delta="null" EndDate="2014-11-13 20:38:28.853 JST" Interest="9.696001" Kind="manipulation" Navigation="null" OriginId="org.eclipse.mylyn.core.model.interest.decay.correction" StartDate="2014-11-13 20:38:28.853 JST" StructureHandle="/freemind_1.0.1/freemind/freemind.sh" StructureKind="resource"/><InteractionEvent Delta="null" EndDate="2014-11-13 20:20:32.811 JST" Interest="3.0" Kind="selection" Navigation="null" OriginId="org.eclipse.jdt.ui.CompilationUnitEditor" StartDate="2014-11-13 20:20:04.247 JST" StructureHandle="=freemind_1.0.1/src&amp;lt;{CONS.java[CONS[Admin^dpath_Log" StructureKind="java" NumEvents="3" CreationCount="784"/><InteractionEvent Delta="null" EndDate="2014-11-13 20:20:16.341 JST" Interest="4.0" Kind="edit" Navigation="null" OriginId="org.eclipse.jdt.ui.CompilationUnitEditor" StartDate="2014-11-13 20:20:05.247 JST" StructureHandle="=freemind_1.0.1/src&amp;lt;{CONS.java[CONS[Admin^dpath" StructureKind="java" NumEvents="4" CreationCount="784"/><InteractionEvent Delta="null" EndDate="2014-11-13 20:36:34.122 JST" Interest="1.0" Kind="selection" Navigation="null" OriginId="org.eclipse.jdt.ui.PackageExplorer" StartDate="2014-11-13 20:36:34.122 JST" StructureHandle="=freemind_1.0.1/freemind\/freemind\/main&amp;lt;{IFreeMindSplash.java" StructureKind="java"/><InteractionEvent Delta="null" EndDate="2014-11-13 20:18:40.127 JST" Interest="1.0" Kind="selection" Navigation="null" OriginId="org.eclipse.ui.views.ResourceNavigator" StartDate="2014-11-13 20:18:40.127 JST" StructureHandle="=TA2/src&amp;lt;ta2" StructureKind="java"/><InteractionEvent Delta="null" EndDate="2014-11-13 18:59:44.814 JST" Interest="1.0" Kind="selection" Navigation="null" OriginId="org.eclipse.jdt.ui.PackageExplorer" StartDate="2014-11-13 18:59:44.814 JST" StructureHandle="/freemind_1.0.1/freemind/readme.txt" StructureKind="resource"/><InteractionEvent Delta="null" EndDate="2014-11-13 20:16:54.860 JST" Interest="1.0" Kind="selection" Navigation="null" OriginId="org.eclipse.jdt.ui.PackageExplorer" StartDate="2014-11-13 20:16:54.860 JST" StructureHandle="/freemind_1.0.1/freemind/check_for_duplicate_resources.sh" StructureKind="resource"/><InteractionEvent Delta="null" EndDate="2014-11-13 20:31:13.573 JST" Interest="2.0" Kind="selection" Navigation="null" OriginId="org.eclipse.ui.views.ContentOutline" StartDate="2014-11-13 20:31:10.986 JST" StructureHandle="=TA2/src&amp;lt;ta2.utils{Methods.java[Methods~get_LogItem_List~QActivity;" StructureKind="java" NumEvents="2" CreationCount="1169"/><InteractionEvent Delta="null" EndDate="2014-11-13 19:11:22.190 JST" Interest="2.0" Kind="selection" Navigation="null" OriginId="org.eclipse.jdt.ui.CompilationUnitEditor" StartDate="2014-11-13 19:11:22.187 JST" StructureHandle="=freemind_1.0.1/freemind\/freemind\/main&amp;lt;{FreeMindStarter.java#java.net.URL" StructureKind="java" NumEvents="2" CreationCount="316"/><InteractionEvent Delta="null" EndDate="2014-11-13 20:37:47.274 JST" Interest="750.0" Kind="propagation" Navigation="null" OriginId="org.eclipse.jdt.ui.CompilationUnitEditor" StartDate="2014-11-13 18:58:08.856 JST" StructureHandle="/freemind_1.0.1/freemind/freemind/main/FreeMindStarter.java" StructureKind="resource" NumEvents="750" CreationCount="5"/><InteractionEvent Delta="null" EndDate="2014-11-13 20:35:53.174 JST" Interest="1.0" Kind="selection" Navigation="null" OriginId="org.eclipse.jdt.ui.CompilationUnitEditor" StartDate="2014-11-13 20:35:53.174 JST" StructureHandle="=freemind_1.0.1/src&amp;lt;freemind.main{Methods.java#java.text.DateFormat" StructureKind="java"/><InteractionEvent Delta="null" EndDate="2014-11-13 20:18:34.307 JST" Interest="3.0" Kind="selection" Navigation="null" OriginId="org.eclipse.ui.views.ResourceNavigator" StartDate="2014-11-13 18:59:59.130 JST" StructureHandle="=freemind_1.0.1" StructureKind="java" NumEvents="3" CreationCount="1"/><InteractionEvent Delta="null" EndDate="2014-11-13 20:40:26.421 JST" Interest="832.068" Kind="propagation" Navigation="org.eclipse.mylyn.core.model.edges.containment" OriginId="org.eclipse.mylyn.core.model.interest.propagation" StartDate="2014-11-13 18:57:46.452 JST" StructureHandle="=freemind_1.0.1" StructureKind="java" NumEvents="845" CreationCount="1"/><InteractionEvent Delta="null" EndDate="2014-11-13 20:39:17.113 JST" Interest="1.0" Kind="selection" Navigation="null" OriginId="org.eclipse.jdt.ui.CompilationUnitEditor" StartDate="2014-11-13 20:39:17.113 JST" StructureHandle="=freemind_1.0.1/freemind\/freemind\/main&amp;lt;{CONS.java[CONS[Admin" StructureKind="java"/><InteractionEvent Delta="null" EndDate="2014-11-13 20:39:15.162 JST" Interest="2.071" Kind="propagation" Navigation="org.eclipse.mylyn.core.model.edges.containment" OriginId="org.eclipse.mylyn.core.model.interest.propagation" StartDate="2014-11-13 20:36:42.205 JST" StructureHandle="=freemind_1.0.1/freemind\/freemind\/main&amp;lt;{CONS.java[CONS[Admin" StructureKind="java" NumEvents="3" CreationCount="1364"/><InteractionEvent Delta="null" EndDate="2014-11-13 20:40:20.987 JST" Interest="11.0" Kind="selection" Navigation="null" OriginId="org.eclipse.jdt.ui.PackageExplorer" StartDate="2014-11-13 18:57:48.431 JST" StructureHandle="/freemind_1.0.1/freemind" StructureKind="resource" NumEvents="11" CreationCount="2"/><InteractionEvent Delta="null" EndDate="2014-11-13 20:40:24.845 JST" Interest="824.05096" Kind="propagation" Navigation="org.eclipse.mylyn.core.model.edges.containment" OriginId="org.eclipse.mylyn.core.model.interest.propagation" StartDate="2014-11-13 18:58:03.380 JST" StructureHandle="/freemind_1.0.1/freemind" StructureKind="resource" NumEvents="831" CreationCount="2"/><InteractionEvent Delta="null" EndDate="2014-11-13 20:39:27.97 JST" Interest="15.0" Kind="propagation" Navigation="null" OriginId="org.eclipse.jdt.ui.CompilationUnitEditor" StartDate="2014-11-13 20:36:17.888 JST" StructureHandle="/freemind_1.0.1/freemind/freemind/main/Methods.java" StructureKind="resource" NumEvents="15" CreationCount="1345"/><InteractionEvent Delta="null" EndDate="2014-11-13 20:24:19.392 JST" Interest="2.0" Kind="selection" Navigation="null" OriginId="org.eclipse.jdt.ui.CompilationUnitEditor" StartDate="2014-11-13 20:23:50.746 JST" StructureHandle="=freemind_1.0.1/src&amp;lt;{CONS.java[CONS[Admin^logFile_MaxSize" StructureKind="java" NumEvents="2" CreationCount="904"/><InteractionEvent Delta="null" EndDate="2014-11-13 20:23:56.49 JST" Interest="3.0" Kind="edit" Navigation="null" OriginId="org.eclipse.jdt.ui.CompilationUnitEditor" StartDate="2014-11-13 20:23:51.653 JST" StructureHandle="=freemind_1.0.1/src&amp;lt;{CONS.java[CONS[Admin^logFile_MaxSize" StructureKind="java" NumEvents="3" CreationCount="904"/><InteractionEvent Delta="null" EndDate="2014-11-13 20:00:25.853 JST" Interest="2.0" Kind="selection" Navigation="null" OriginId="org.eclipse.jdt.ui.CompilationUnitEditor" StartDate="2014-11-13 20:00:25.847 JST" StructureHandle="=freemind_1.0.1/freemind\/freemind\/main&amp;lt;{FreeMindStarter.java#java.util.Properties" StructureKind="java" NumEvents="2" CreationCount="372"/><InteractionEvent Delta="null" EndDate="2014-11-13 20:19:18.416 JST" Interest="1.0" Kind="selection" Navigation="null" OriginId="org.eclipse.ui.views.ResourceNavigator" StartDate="2014-11-13 20:19:18.416 JST" StructureHandle="=TA2/src&amp;lt;ta2.main" StructureKind="java"/><InteractionEvent Delta="null" EndDate="2014-11-13 18:58:12.901 JST" Interest="1.0" Kind="propagation" Navigation="org.eclipse.mylyn.core.model.edges.containment" OriginId="org.eclipse.mylyn.core.model.interest.propagation" StartDate="2014-11-13 18:58:12.901 JST" StructureHandle="=TA2/src&amp;lt;ta2.main" StructureKind="java"/><InteractionEvent Delta="null" EndDate="2014-11-13 20:19:18.417 JST" Interest="11.716001" Kind="manipulation" Navigation="null" OriginId="org.eclipse.mylyn.core.model.interest.decay.correction" StartDate="2014-11-13 20:19:18.417 JST" StructureHandle="=TA2/src&amp;lt;ta2.main" StructureKind="java"/><InteractionEvent Delta="null" EndDate="2014-11-13 20:39:20.928 JST" Interest="2.0" Kind="selection" Navigation="null" OriginId="org.eclipse.jdt.ui.CompilationUnitEditor" StartDate="2014-11-13 20:39:15.162 JST" StructureHandle="=freemind_1.0.1/freemind\/freemind\/main&amp;lt;{CONS.java[CONS[Admin^dpath_Log" StructureKind="java" NumEvents="2" CreationCount="1427"/><InteractionEvent Delta="null" EndDate="2014-11-13 20:37:11.118 JST" Interest="472.66803" Kind="propagation" Navigation="org.eclipse.mylyn.core.model.edges.containment" OriginId="org.eclipse.mylyn.core.model.interest.propagation" StartDate="2014-11-13 18:58:08.858 JST" StructureHandle="=freemind_1.0.1/freemind\/freemind\/main" StructureKind="java" NumEvents="673" CreationCount="5"/><InteractionEvent Delta="null" EndDate="2014-11-13 20:31:15.512 JST" Interest="3.0" Kind="selection" Navigation="null" OriginId="org.eclipse.jdt.ui.CompilationUnitEditor" StartDate="2014-11-13 20:31:14.165 JST" StructureHandle="=TA2/src&amp;lt;ta2.utils{Methods.java[Methods~filter_MemoList_Single_KW~QActivity;~I~QEditText;" StructureKind="java" NumEvents="3" CreationCount="1172"/><InteractionEvent Delta="null" EndDate="2014-11-13 20:39:20.930 JST" Interest="11.0" Kind="propagation" Navigation="null" OriginId="org.eclipse.jdt.ui.CompilationUnitEditor" StartDate="2014-11-13 20:36:41.394 JST" StructureHandle="/freemind_1.0.1/freemind/freemind/main/CONS.java" StructureKind="resource" NumEvents="11" CreationCount="1362"/><InteractionEvent Delta="null" EndDate="2014-11-13 20:11:30.378 JST" Interest="1.0" Kind="propagation" Navigation="null" OriginId="org.eclipse.jdt.ui.PackageExplorer" StartDate="2014-11-13 20:11:30.378 JST" StructureHandle="/freemind_1.0.1/freemind/freemind/main/HtmlTools.java" StructureKind="resource"/><InteractionEvent Delta="null" EndDate="2014-11-13 20:38:31.123 JST" Interest="4.0" Kind="selection" Navigation="null" OriginId="org.eclipse.jdt.ui.PackageExplorer" StartDate="2014-11-13 20:16:42.442 JST" StructureHandle="/freemind_1.0.1/freemind/log" StructureKind="resource" NumEvents="4" CreationCount="707"/><InteractionEvent Delta="null" EndDate="2014-11-13 20:39:08.792 JST" Interest="6.1169996" Kind="propagation" Navigation="org.eclipse.mylyn.core.model.edges.containment" OriginId="org.eclipse.mylyn.core.model.interest.propagation" StartDate="2014-11-13 20:16:34.0 JST" StructureHandle="/freemind_1.0.1/freemind/log" StructureKind="resource" NumEvents="8" CreationCount="707"/><InteractionEvent Delta="null" EndDate="2014-11-13 20:38:31.123 JST" Interest="7.934001" Kind="manipulation" Navigation="null" OriginId="org.eclipse.mylyn.core.model.interest.decay.correction" StartDate="2014-11-13 20:38:31.123 JST" StructureHandle="/freemind_1.0.1/freemind/log" StructureKind="resource"/><InteractionEvent Delta="null" EndDate="2014-11-13 20:18:41.673 JST" Interest="1.0" Kind="selection" Navigation="null" OriginId="org.eclipse.ui.views.ResourceNavigator" StartDate="2014-11-13 20:18:41.673 JST" StructureHandle="=TA2/src&amp;lt;ta2.utils" StructureKind="java"/><InteractionEvent Delta="null" EndDate="2014-11-13 20:39:23.458 JST" Interest="30.585001" Kind="propagation" Navigation="org.eclipse.mylyn.core.model.edges.containment" OriginId="org.eclipse.mylyn.core.model.interest.propagation" StartDate="2014-11-13 20:18:44.402 JST" StructureHandle="=TA2/src&amp;lt;ta2.utils" StructureKind="java" NumEvents="54" CreationCount="734"/><InteractionEvent Delta="null" EndDate="2014-11-13 20:39:05.509 JST" Interest="3.0" Kind="propagation" Navigation="null" OriginId="org.eclipse.jdt.ui.PackageExplorer" StartDate="2014-11-13 20:35:58.721 JST" StructureHandle="/freemind_1.0.1/freemind/freemind/main/LoggingOutputStream.java" StructureKind="resource" NumEvents="3" CreationCount="1340"/><InteractionEvent Delta="null" EndDate="2014-11-13 20:32:45.167 JST" Interest="23.0" Kind="selection" Navigation="null" OriginId="org.eclipse.jdt.ui.CompilationUnitEditor" StartDate="2014-11-13 20:19:07.407 JST" StructureHandle="=freemind_1.0.1/src&amp;lt;{Methods.java[Methods~write_Log~QString;~QString;~I" StructureKind="java" NumEvents="23" CreationCount="751"/><InteractionEvent Delta="null" EndDate="2014-11-13 20:32:32.655 JST" Interest="251.0" Kind="edit" Navigation="null" OriginId="org.eclipse.jdt.ui.CompilationUnitEditor" StartDate="2014-11-13 20:19:08.855 JST" StructureHandle="=freemind_1.0.1/src&amp;lt;{Methods.java[Methods~write_Log~QString;~QString;~I" StructureKind="java" NumEvents="251" CreationCount="751"/><InteractionEvent Delta="null" EndDate="2014-11-13 20:36:29.910 JST" Interest="3.0" Kind="selection" Navigation="null" OriginId="org.eclipse.jdt.ui.CompilationUnitEditor" StartDate="2014-11-13 20:29:32.827 JST" StructureHandle="=freemind_1.0.1/src&amp;lt;{CONS.java[CONS[Admin^format_Date" StructureKind="java" NumEvents="3" CreationCount="1118"/><InteractionEvent Delta="null" EndDate="2014-11-13 20:29:51.606 JST" Interest="2.0" Kind="edit" Navigation="null" OriginId="org.eclipse.jdt.ui.CompilationUnitEditor" StartDate="2014-11-13 20:29:50.876 JST" StructureHandle="=freemind_1.0.1/src&amp;lt;{CONS.java[CONS[Admin^format_Date" StructureKind="java" NumEvents="2" CreationCount="1118"/><InteractionEvent Delta="null" EndDate="2014-11-13 20:36:29.910 JST" Interest="0.6630001" Kind="manipulation" Navigation="null" OriginId="org.eclipse.mylyn.core.model.interest.decay.correction" StartDate="2014-11-13 20:36:29.910 JST" StructureHandle="=freemind_1.0.1/src&amp;lt;{CONS.java[CONS[Admin^format_Date" StructureKind="java"/><InteractionEvent Delta="null" EndDate="2014-11-13 20:39:05.509 JST" Interest="3.0" Kind="selection" Navigation="null" OriginId="org.eclipse.jdt.ui.PackageExplorer" StartDate="2014-11-13 20:35:58.721 JST" StructureHandle="=freemind_1.0.1/freemind\/freemind\/main&amp;lt;{LoggingOutputStream.java" StructureKind="java" NumEvents="3" CreationCount="1340"/><InteractionEvent Delta="null" EndDate="2014-11-13 20:36:08.270 JST" Interest="1.0" Kind="selection" Navigation="null" OriginId="org.eclipse.jdt.ui.PackageExplorer" StartDate="2014-11-13 20:36:08.270 JST" StructureHandle="=freemind_1.0.1/src&amp;lt;freemind.main" StructureKind="java"/><InteractionEvent Delta="null" EndDate="2014-11-13 20:35:53.174 JST" Interest="1.051" Kind="propagation" Navigation="org.eclipse.mylyn.core.model.edges.containment" OriginId="org.eclipse.mylyn.core.model.interest.propagation" StartDate="2014-11-13 20:35:42.342 JST" StructureHandle="=freemind_1.0.1/src&amp;lt;freemind.main" StructureKind="java" NumEvents="2" CreationCount="1333"/><InteractionEvent Delta="null" EndDate="2014-11-13 20:34:51.446 JST" Interest="4.0" Kind="selection" Navigation="null" OriginId="org.eclipse.jdt.ui.CompilationUnitEditor" StartDate="2014-11-13 20:29:16.305 JST" StructureHandle="=freemind_1.0.1/src&amp;lt;{Methods.java[Methods~conv_MillSec_to_TimeLabel~J" StructureKind="java" NumEvents="4" CreationCount="1105"/><InteractionEvent Delta="null" EndDate="2014-11-13 20:30:13.747 JST" Interest="8.0" Kind="edit" Navigation="null" OriginId="org.eclipse.jdt.ui.CompilationUnitEditor" StartDate="2014-11-13 20:29:19.31 JST" StructureHandle="=freemind_1.0.1/src&amp;lt;{Methods.java[Methods~conv_MillSec_to_TimeLabel~J" StructureKind="java" NumEvents="8" CreationCount="1105"/><InteractionEvent Delta="null" EndDate="2014-11-13 20:36:42.204 JST" Interest="1.0" Kind="selection" Navigation="null" OriginId="org.eclipse.jdt.ui.CompilationUnitEditor" StartDate="2014-11-13 20:36:42.204 JST" StructureHandle="=freemind_1.0.1/freemind\/freemind\/main&amp;lt;{CONS.java[CONS[Admin^format_Date" StructureKind="java"/><InteractionEvent Delta="null" EndDate="2014-11-13 20:36:42.229 JST" Interest="1.0" Kind="edit" Navigation="null" OriginId="org.eclipse.jdt.ui.CompilationUnitEditor" StartDate="2014-11-13 20:36:42.229 JST" StructureHandle="=freemind_1.0.1/freemind\/freemind\/main&amp;lt;{CONS.java[CONS[Admin^format_Date" StructureKind="java"/><InteractionEvent Delta="null" EndDate="2014-11-13 19:12:58.622 JST" Interest="2.0" Kind="selection" Navigation="null" OriginId="org.eclipse.jdt.ui.CompilationUnitEditor" StartDate="2014-11-13 19:12:58.619 JST" StructureHandle="=freemind_1.0.1/freemind\/freemind\/main&amp;lt;{FreeMindStarter.java#javax.swing.UIManager" StructureKind="java" NumEvents="2" CreationCount="366"/><InteractionEvent Delta="null" EndDate="2014-11-13 20:29:27.429 JST" Interest="10.0" Kind="selection" Navigation="null" OriginId="org.eclipse.jdt.ui.CompilationUnitEditor" StartDate="2014-11-13 20:19:38.576 JST" StructureHandle="=freemind_1.0.1/src&amp;lt;{CONS.java[CONS[Admin" StructureKind="java" NumEvents="10" CreationCount="765"/><InteractionEvent Delta="null" EndDate="2014-11-13 20:23:39.913 JST" Interest="1.4929998" Kind="propagation" Navigation="org.eclipse.mylyn.core.model.edges.containment" OriginId="org.eclipse.mylyn.core.model.interest.propagation" StartDate="2014-11-13 20:20:13.634 JST" StructureHandle="=freemind_1.0.1/src&amp;lt;{CONS.java[CONS[Admin" StructureKind="java" NumEvents="4" CreationCount="765"/><InteractionEvent Delta="null" EndDate="2014-11-13 20:29:29.642 JST" Interest="8.0" Kind="edit" Navigation="null" OriginId="org.eclipse.jdt.ui.CompilationUnitEditor" StartDate="2014-11-13 20:19:39.87 JST" StructureHandle="=freemind_1.0.1/src&amp;lt;{CONS.java[CONS[Admin" StructureKind="java" NumEvents="8" CreationCount="765"/><InteractionEvent Delta="null" EndDate="2014-11-13 20:01:14.957 JST" Interest="1.0" Kind="propagation" Navigation="null" OriginId="org.eclipse.jdt.ui.PackageExplorer" StartDate="2014-11-13 20:01:14.957 JST" StructureHandle="/IFM11" StructureKind="resource"/><InteractionEvent Delta="null" EndDate="2014-11-13 20:29:25.510 JST" Interest="2.0" Kind="selection" Navigation="null" OriginId="org.eclipse.jdt.ui.CompilationUnitEditor" StartDate="2014-11-13 20:24:51.796 JST" StructureHandle="=freemind_1.0.1/src&amp;lt;{CONS.java[CONS[Admin^fname_Log_ext" StructureKind="java" NumEvents="2" CreationCount="945"/><InteractionEvent Delta="null" EndDate="2014-11-13 20:24:52.903 JST" Interest="1.0" Kind="edit" Navigation="null" OriginId="org.eclipse.jdt.ui.CompilationUnitEditor" StartDate="2014-11-13 20:24:52.903 JST" StructureHandle="=freemind_1.0.1/src&amp;lt;{CONS.java[CONS[Admin^fname_Log_ext" StructureKind="java"/><InteractionEvent Delta="null" EndDate="2014-11-13 20:29:25.510 JST" Interest="1.1390002" Kind="manipulation" Navigation="null" OriginId="org.eclipse.mylyn.core.model.interest.decay.correction" StartDate="2014-11-13 20:29:25.510 JST" StructureHandle="=freemind_1.0.1/src&amp;lt;{CONS.java[CONS[Admin^fname_Log_ext" StructureKind="java"/><InteractionEvent Delta="null" EndDate="2014-11-13 20:39:27.97 JST" Interest="3.7" Kind="propagation" Navigation="org.eclipse.mylyn.core.model.edges.containment" OriginId="org.eclipse.mylyn.core.model.interest.propagation" StartDate="2014-11-13 20:37:51.875 JST" StructureHandle="=freemind_1.0.1/freemind\/freemind\/main&amp;lt;{Methods.java[Methods" StructureKind="java" NumEvents="4" CreationCount="1400"/><InteractionEvent Delta="null" EndDate="2014-11-13 20:07:10.610 JST" Interest="1.0" Kind="selection" Navigation="null" OriginId="org.eclipse.jdt.ui.CompilationUnitEditor" StartDate="2014-11-13 20:07:10.610 JST" StructureHandle="=freemind_1.0.1/freemind\/freemind\/main&amp;lt;{FreeMindStarter.java[FreeMindStarter~checkJavaVersion" StructureKind="java"/><InteractionEvent Delta="null" EndDate="2014-11-13 20:07:10.616 JST" Interest="1.0" Kind="edit" Navigation="null" OriginId="org.eclipse.jdt.ui.CompilationUnitEditor" StartDate="2014-11-13 20:07:10.616 JST" StructureHandle="=freemind_1.0.1/freemind\/freemind\/main&amp;lt;{FreeMindStarter.java[FreeMindStarter~checkJavaVersion" StructureKind="java"/><InteractionEvent Delta="null" EndDate="2014-11-13 20:32:33.794 JST" Interest="8.0" Kind="selection" Navigation="null" OriginId="org.eclipse.jdt.ui.CompilationUnitEditor" StartDate="2014-11-13 20:18:48.356 JST" StructureHandle="=TA2/src&amp;lt;ta2.utils{Methods.java[Methods~write_Log~QActivity;~QString;~QString;~I" StructureKind="java" NumEvents="8" CreationCount="739"/><InteractionEvent Delta="null" EndDate="2014-11-13 20:31:19.160 JST" Interest="8.0" Kind="edit" Navigation="null" OriginId="org.eclipse.jdt.ui.CompilationUnitEditor" StartDate="2014-11-13 20:18:49.660 JST" StructureHandle="=TA2/src&amp;lt;ta2.utils{Methods.java[Methods~write_Log~QActivity;~QString;~QString;~I" StructureKind="java" NumEvents="8" CreationCount="739"/><InteractionEvent Delta="null" EndDate="2014-11-13 20:31:15.76 JST" Interest="2.8610005" Kind="manipulation" Navigation="null" OriginId="org.eclipse.mylyn.core.model.interest.decay.correction" StartDate="2014-11-13 20:31:15.76 JST" StructureHandle="=TA2/src&amp;lt;ta2.utils{Methods.java[Methods~write_Log~QActivity;~QString;~QString;~I" StructureKind="java"/><InteractionEvent Delta="null" EndDate="2014-11-13 19:48:41.760 JST" Interest="2.0" Kind="selection" Navigation="null" OriginId="org.eclipse.jdt.ui.CompilationUnitEditor" StartDate="2014-11-13 19:48:41.755 JST" StructureHandle="=freemind_1.0.1/freemind\/freemind\/main&amp;lt;{FreeMindStarter.java#java.util.Locale" StructureKind="java" NumEvents="2" CreationCount="370"/><InteractionEvent Delta="null" EndDate="2014-11-13 20:39:23.656 JST" Interest="90.068" Kind="propagation" Navigation="org.eclipse.mylyn.core.model.edges.containment" OriginId="org.eclipse.mylyn.core.model.interest.propagation" StartDate="2014-11-13 18:58:12.899 JST" StructureHandle="/TA2/src" StructureKind="resource" NumEvents="96" CreationCount="8"/><InteractionEvent Delta="null" EndDate="2014-11-13 20:18:39.794 JST" Interest="11.291" Kind="manipulation" Navigation="null" OriginId="org.eclipse.mylyn.core.model.interest.decay.correction" StartDate="2014-11-13 20:18:39.794 JST" StructureHandle="/TA2/src" StructureKind="resource"/><InteractionEvent Delta="null" EndDate="2014-11-13 18:58:12.813 JST" Interest="1.0" Kind="selection" Navigation="null" OriginId="org.eclipse.ui.views.ContentOutline" StartDate="2014-11-13 18:58:12.813 JST" StructureHandle="=TA2/src&amp;lt;ta2.main{ShowListActv.java[ShowListActv~_Setup_List" StructureKind="java"/><InteractionEvent Delta="null" EndDate="2014-11-13 20:40:19.276 JST" Interest="439.25702" Kind="propagation" Navigation="null" OriginId="org.eclipse.jdt.ui.PackageExplorer" StartDate="2014-11-13 18:57:46.452 JST" StructureHandle="/freemind_1.0.1/src" StructureKind="resource" NumEvents="428" CreationCount="1"/><InteractionEvent Delta="null" EndDate="2014-11-13 20:18:37.729 JST" Interest="1.0" Kind="selection" Navigation="null" OriginId="org.eclipse.ui.views.ResourceNavigator" StartDate="2014-11-13 20:18:37.729 JST" StructureHandle="=TA2" StructureKind="java"/><InteractionEvent Delta="null" EndDate="2014-11-13 20:39:23.656 JST" Interest="89.102" Kind="propagation" Navigation="org.eclipse.mylyn.core.model.edges.containment" OriginId="org.eclipse.mylyn.core.model.interest.propagation" StartDate="2014-11-13 18:58:12.899 JST" StructureHandle="=TA2" StructureKind="resource" NumEvents="95" CreationCount="8"/><InteractionEvent Delta="null" EndDate="2014-11-13 20:18:37.729 JST" Interest="11.257001" Kind="manipulation" Navigation="null" OriginId="org.eclipse.mylyn.core.model.interest.decay.correction" StartDate="2014-11-13 20:18:37.729 JST" StructureHandle="=TA2" StructureKind="java"/><InteractionEvent Delta="null" EndDate="2014-11-13 20:36:58.557 JST" Interest="41.0" Kind="propagation" Navigation="null" OriginId="org.eclipse.jdt.ui.CompilationUnitEditor" StartDate="2014-11-13 20:07:46.848 JST" StructureHandle="/freemind_1.0.1/freemind/freemind/main/FreeMind.java" StructureKind="resource" NumEvents="41" CreationCount="454"/><InteractionEvent Delta="null" EndDate="2014-11-13 20:36:28.798 JST" Interest="4.9100003" Kind="propagation" Navigation="org.eclipse.mylyn.core.model.edges.containment" OriginId="org.eclipse.mylyn.core.model.interest.propagation" StartDate="2014-11-13 20:29:45.83 JST" StructureHandle="=TA2/src&amp;lt;ta2.utils{CONS.java[CONS" StructureKind="java" NumEvents="3" CreationCount="1125"/><InteractionEvent Delta="null" EndDate="2014-11-13 20:40:19.275 JST" Interest="6.0" Kind="selection" Navigation="null" OriginId="org.eclipse.jdt.ui.PackageExplorer" StartDate="2014-11-13 18:57:46.452 JST" StructureHandle="=freemind_1.0.1/src" StructureKind="java" NumEvents="6" CreationCount="1"/><InteractionEvent Delta="null" EndDate="2014-11-13 20:35:11.248 JST" Interest="217.95003" Kind="propagation" Navigation="org.eclipse.mylyn.core.model.edges.containment" OriginId="org.eclipse.mylyn.core.model.interest.propagation" StartDate="2014-11-13 20:18:22.587 JST" StructureHandle="=freemind_1.0.1/src" StructureKind="java" NumEvents="308" CreationCount="1"/><InteractionEvent Delta="null" EndDate="2014-11-13 18:58:12.899 JST" Interest="1.0" Kind="propagation" Navigation="null" OriginId="org.eclipse.ui.views.ContentOutline" StartDate="2014-11-13 18:58:12.899 JST" StructureHandle="/TA2/src/ta2/main/ShowListActv.java" StructureKind="resource"/><InteractionEvent Delta="null" EndDate="2014-11-13 20:39:17.114 JST" Interest="3.071" Kind="propagation" Navigation="org.eclipse.mylyn.core.model.edges.containment" OriginId="org.eclipse.mylyn.core.model.interest.propagation" StartDate="2014-11-13 20:36:42.206 JST" StructureHandle="=freemind_1.0.1/freemind\/freemind\/main&amp;lt;{CONS.java[CONS" StructureKind="java" NumEvents="4" CreationCount="1364"/><InteractionEvent Delta="null" EndDate="2014-11-13 20:33:02.105 JST" Interest="1.0" Kind="selection" Navigation="null" OriginId="org.eclipse.jdt.ui.CompilationUnitEditor" StartDate="2014-11-13 20:33:02.105 JST" StructureHandle="=freemind_1.0.1/src&amp;lt;{Methods.java[Methods~get_TimeLabel~J" StructureKind="java"/><InteractionEvent Delta="null" EndDate="2014-11-13 20:33:04.395 JST" Interest="2.0" Kind="edit" Navigation="null" OriginId="org.eclipse.jdt.ui.CompilationUnitEditor" StartDate="2014-11-13 20:33:03.445 JST" StructureHandle="=freemind_1.0.1/src&amp;lt;{Methods.java[Methods~get_TimeLabel~J" StructureKind="java" NumEvents="2" CreationCount="1236"/><InteractionEvent Delta="null" EndDate="2014-11-13 20:32:55.829 JST" Interest="2.0" Kind="selection" Navigation="null" OriginId="org.eclipse.jdt.ui.CompilationUnitEditor" StartDate="2014-11-13 20:30:17.957 JST" StructureHandle="=freemind_1.0.1/src&amp;lt;{Methods.java[Methods~getMillSeconds_now" StructureKind="java" NumEvents="2" CreationCount="1140"/><InteractionEvent Delta="null" EndDate="2014-11-13 20:33:00.352 JST" Interest="2.0" Kind="edit" Navigation="null" OriginId="org.eclipse.jdt.ui.CompilationUnitEditor" StartDate="2014-11-13 20:32:58.985 JST" StructureHandle="=freemind_1.0.1/src&amp;lt;{Methods.java[Methods~getMillSeconds_now" StructureKind="java" NumEvents="2" CreationCount="1140"/><InteractionEvent Delta="null" EndDate="2014-11-13 20:32:55.829 JST" Interest="0.5640001" Kind="manipulation" Navigation="null" OriginId="org.eclipse.mylyn.core.model.interest.decay.correction" StartDate="2014-11-13 20:32:55.829 JST" StructureHandle="=freemind_1.0.1/src&amp;lt;{Methods.java[Methods~getMillSeconds_now" StructureKind="java"/><InteractionEvent Delta="null" EndDate="2014-11-13 20:36:21.800 JST" Interest="2.0" Kind="selection" Navigation="null" OriginId="org.eclipse.jdt.ui.CompilationUnitEditor" StartDate="2014-11-13 20:36:21.779 JST" StructureHandle="=freemind_1.0.1/freemind\/freemind\/main&amp;lt;{Methods.java#java.text.DateFormat" StructureKind="java" NumEvents="2" CreationCount="1349"/><InteractionEvent Delta="null" EndDate="2014-11-13 20:39:13.471 JST" Interest="5.0" Kind="selection" Navigation="null" OriginId="org.eclipse.jdt.ui.CompilationUnitEditor" StartDate="2014-11-13 20:36:42.109 JST" StructureHandle="=freemind_1.0.1/freemind\/freemind\/main&amp;lt;{CONS.java" StructureKind="java" NumEvents="5" CreationCount="1362"/><InteractionEvent Delta="null" EndDate="2014-11-13 20:36:41.394 JST" Interest="1.0" Kind="propagation" Navigation="null" OriginId="org.eclipse.mylyn.resources.ui.interest.updater" StartDate="2014-11-13 20:36:41.394 JST" StructureHandle="=freemind_1.0.1/freemind\/freemind\/main&amp;lt;{CONS.java" StructureKind="java"/><InteractionEvent Delta="null" EndDate="2014-11-13 20:18:31.131 JST" Interest="1.0" Kind="selection" Navigation="null" OriginId="org.eclipse.ui.views.ResourceNavigator" StartDate="2014-11-13 20:18:31.131 JST" StructureHandle="=projects_Matsuoka" StructureKind="java"/><InteractionEvent Delta="null" EndDate="2014-11-13 20:35:53.174 JST" Interest="1.0" Kind="propagation" Navigation="org.eclipse.mylyn.core.model.edges.containment" OriginId="org.eclipse.mylyn.core.model.interest.propagation" StartDate="2014-11-13 20:35:53.174 JST" StructureHandle="=freemind_1.0.1/src&amp;lt;freemind.main{Methods.java#" StructureKind="java"/><InteractionEvent Delta="null" EndDate="2014-11-13 20:37:02.365 JST" Interest="4.0" Kind="selection" Navigation="null" OriginId="org.eclipse.jdt.ui.CompilationUnitEditor" StartDate="2014-11-13 20:14:53.712 JST" StructureHandle="=freemind_1.0.1/freemind\/freemind\/main&amp;lt;{FreeMindStarter.java#java.lang.String" StructureKind="java" NumEvents="4" CreationCount="663"/><InteractionEvent Delta="null" EndDate="2014-11-13 20:37:02.359 JST" Interest="10.155001" Kind="manipulation" Navigation="null" OriginId="org.eclipse.mylyn.core.model.interest.decay.correction" StartDate="2014-11-13 20:37:02.359 JST" StructureHandle="=freemind_1.0.1/freemind\/freemind\/main&amp;lt;{FreeMindStarter.java#java.lang.String" StructureKind="java"/><InteractionEvent Delta="null" EndDate="2014-11-13 20:34:56.132 JST" Interest="10.0" Kind="selection" Navigation="null" OriginId="org.eclipse.jdt.ui.CompilationUnitEditor" StartDate="2014-11-13 20:18:25.953 JST" StructureHandle="=freemind_1.0.1/src&amp;lt;{Methods.java[Methods" StructureKind="java" NumEvents="10" CreationCount="725"/><InteractionEvent Delta="null" EndDate="2014-11-13 20:32:45.168 JST" Interest="187.942" Kind="propagation" Navigation="org.eclipse.mylyn.core.model.edges.containment" OriginId="org.eclipse.mylyn.core.model.interest.propagation" StartDate="2014-11-13 20:20:47.640 JST" StructureHandle="=freemind_1.0.1/src&amp;lt;{Methods.java[Methods" StructureKind="java" NumEvents="263" CreationCount="725"/><InteractionEvent Delta="null" EndDate="2014-11-13 20:34:53.375 JST" Interest="11.0" Kind="edit" Navigation="null" OriginId="org.eclipse.jdt.ui.CompilationUnitEditor" StartDate="2014-11-13 20:18:27.433 JST" StructureHandle="=freemind_1.0.1/src&amp;lt;{Methods.java[Methods" StructureKind="java" NumEvents="11" CreationCount="725"/><InteractionEvent Delta="null" EndDate="2014-11-13 20:19:01.102 JST" Interest="1.0" Kind="selection" Navigation="null" OriginId="org.eclipse.jdt.ui.CompilationUnitEditor" StartDate="2014-11-13 20:19:01.102 JST" StructureHandle="=freemind_1.0.1/src&amp;lt;{Methods.java#java.io.FileNotFoundException" StructureKind="java"/><InteractionEvent Delta="null" EndDate="2014-11-13 20:37:11.118 JST" Interest="472.66803" Kind="propagation" Navigation="org.eclipse.mylyn.core.model.edges.containment" OriginId="org.eclipse.mylyn.core.model.interest.propagation" StartDate="2014-11-13 18:58:08.857 JST" StructureHandle="=freemind_1.0.1/freemind\/freemind\/main&amp;lt;" StructureKind="java" NumEvents="673" CreationCount="5"/><InteractionEvent Delta="null" EndDate="2014-11-13 20:35:53.826 JST" Interest="2.0" Kind="selection" Navigation="null" OriginId="org.eclipse.jdt.ui.PackageExplorer" StartDate="2014-11-13 18:59:35.503 JST" StructureHandle="=freemind_1.0.1/freemind\/freemind\/main&amp;lt;{FixedHTMLWriter.java" StructureKind="java" NumEvents="2" CreationCount="24"/><InteractionEvent Delta="null" EndDate="2014-11-13 20:35:53.826 JST" Interest="21.321001" Kind="manipulation" Navigation="null" OriginId="org.eclipse.mylyn.core.model.interest.decay.correction" StartDate="2014-11-13 20:35:53.826 JST" StructureHandle="=freemind_1.0.1/freemind\/freemind\/main&amp;lt;{FixedHTMLWriter.java" StructureKind="java"/><InteractionEvent Delta="null" EndDate="2014-11-13 20:36:28.496 JST" Interest="2.0" Kind="selection" Navigation="null" OriginId="org.eclipse.jdt.ui.CompilationUnitEditor" StartDate="2014-11-13 20:29:44.368 JST" StructureHandle="=TA2/src&amp;lt;ta2.utils{CONS.java" StructureKind="java" NumEvents="2" CreationCount="1124"/><InteractionEvent Delta="null" EndDate="2014-11-13 20:36:28.798 JST" Interest="0.73399997" Kind="propagation" Navigation="org.eclipse.mylyn.core.model.edges.containment" OriginId="org.eclipse.mylyn.core.model.interest.propagation" StartDate="2014-11-13 20:29:45.83 JST" StructureHandle="=TA2/src&amp;lt;ta2.utils{CONS.java" StructureKind="java" NumEvents="3" CreationCount="1124"/><InteractionEvent Delta="null" EndDate="2014-11-13 20:36:28.496 JST" Interest="2.1930003" Kind="manipulation" Navigation="null" OriginId="org.eclipse.mylyn.core.model.interest.decay.correction" StartDate="2014-11-13 20:36:28.496 JST" StructureHandle="=TA2/src&amp;lt;ta2.utils{CONS.java" StructureKind="java"/><InteractionEvent Delta="null" EndDate="2014-11-13 20:16:37.985 JST" Interest="1.0" Kind="selection" Navigation="null" OriginId="org.eclipse.jdt.ui.PackageExplorer" StartDate="2014-11-13 20:16:37.985 JST" StructureHandle="/freemind_1.0.1/freemind.orig" StructureKind="resource"/><InteractionEvent Delta="null" EndDate="2014-11-13 20:07:38.436 JST" Interest="1.0" Kind="selection" Navigation="null" OriginId="org.eclipse.jdt.ui.PackageExplorer" StartDate="2014-11-13 20:07:38.436 JST" StructureHandle="/freemind_1.0.1/freemind/html" StructureKind="resource"/><InteractionEvent Delta="null" EndDate="2014-11-13 20:36:39.812 JST" Interest="70.0" Kind="propagation" Navigation="null" OriginId="org.eclipse.jdt.ui.PackageExplorer" StartDate="2014-11-13 20:19:26.959 JST" StructureHandle="/freemind_1.0.1/src/CONS.java" StructureKind="resource" NumEvents="70" CreationCount="758"/><InteractionEvent Delta="null" EndDate="2014-11-13 20:24:22.619 JST" Interest="1.0" Kind="selection" Navigation="null" OriginId="org.eclipse.jdt.ui.CompilationUnitEditor" StartDate="2014-11-13 20:24:22.619 JST" StructureHandle="=freemind_1.0.1/src&amp;lt;{CONS.java[CONS[Admin^fname_Log!2" StructureKind="java"/><InteractionEvent Delta="null" EndDate="2014-11-13 20:24:29.753 JST" Interest="5.0" Kind="edit" Navigation="null" OriginId="org.eclipse.jdt.ui.CompilationUnitEditor" StartDate="2014-11-13 20:24:24.84 JST" StructureHandle="=freemind_1.0.1/src&amp;lt;{CONS.java[CONS[Admin^fname_Log_Trunk" StructureKind="java" NumEvents="5" CreationCount="922"/><InteractionEvent Delta="null" EndDate="2014-11-13 20:11:30.377 JST" Interest="1.0" Kind="selection" Navigation="null" OriginId="org.eclipse.jdt.ui.PackageExplorer" StartDate="2014-11-13 20:11:30.377 JST" StructureHandle="=freemind_1.0.1/freemind\/freemind\/main&amp;lt;{HtmlTools.java" StructureKind="java"/><InteractionEvent Delta="null" EndDate="2014-11-13 20:29:36.261 JST" Interest="1.0" Kind="selection" Navigation="null" OriginId="org.eclipse.jdt.ui.CompilationUnitEditor" StartDate="2014-11-13 20:29:36.261 JST" StructureHandle="=TA2/src&amp;lt;ta2.utils{Methods.java[Methods~conv_MillSec_to_AudioFileLabel~J" StructureKind="java"/><InteractionEvent Delta="null" EndDate="2014-11-13 20:29:37.746 JST" Interest="1.0" Kind="edit" Navigation="null" OriginId="org.eclipse.jdt.ui.CompilationUnitEditor" StartDate="2014-11-13 20:29:37.746 JST" StructureHandle="=TA2/src&amp;lt;ta2.utils{Methods.java[Methods~conv_MillSec_to_AudioFileLabel~J" StructureKind="java"/><InteractionEvent Delta="null" EndDate="2014-11-13 20:28:38.502 JST" Interest="1.0" Kind="selection" Navigation="null" OriginId="org.eclipse.jdt.ui.CompilationUnitEditor" StartDate="2014-11-13 20:28:38.502 JST" StructureHandle="=TA2/src&amp;lt;ta2.utils{Methods.java[Methods~getMillSeconds_now" StructureKind="java"/><InteractionEvent Delta="null" EndDate="2014-11-13 20:28:46.67 JST" Interest="4.0" Kind="edit" Navigation="null" OriginId="org.eclipse.jdt.ui.CompilationUnitEditor" StartDate="2014-11-13 20:28:39.185 JST" StructureHandle="=TA2/src&amp;lt;ta2.utils{Methods.java[Methods~getMillSeconds_now" StructureKind="java" NumEvents="4" CreationCount="1077"/><InteractionEvent Delta="null" EndDate="2014-11-13 19:11:40.79 JST" Interest="2.0" Kind="selection" Navigation="null" OriginId="org.eclipse.jdt.ui.CompilationUnitEditor" StartDate="2014-11-13 19:11:40.76 JST" StructureHandle="=freemind_1.0.1/freemind\/freemind\/main&amp;lt;{FreeMindStarter.java#java.awt.color.*" StructureKind="java" NumEvents="2" CreationCount="330"/><InteractionEvent Delta="null" EndDate="2014-11-13 20:23:39.912 JST" Interest="5.0" Kind="selection" Navigation="null" OriginId="org.eclipse.jdt.ui.CompilationUnitEditor" StartDate="2014-11-13 20:20:37.135 JST" StructureHandle="=freemind_1.0.1/src&amp;lt;{CONS.java[CONS[Admin^fname_Log" StructureKind="java" NumEvents="5" CreationCount="794"/><InteractionEvent Delta="null" EndDate="2014-11-13 20:20:44.190 JST" Interest="3.0" Kind="edit" Navigation="null" OriginId="org.eclipse.jdt.ui.CompilationUnitEditor" StartDate="2014-11-13 20:20:37.757 JST" StructureHandle="=freemind_1.0.1/src&amp;lt;{CONS.java[CONS[Admin^fname_Log" StructureKind="java" NumEvents="3" CreationCount="794"/><InteractionEvent Delta="null" EndDate="2014-11-13 20:38:14.933 JST" Interest="1.0" Kind="selection" Navigation="null" OriginId="org.eclipse.jdt.ui.PackageExplorer" StartDate="2014-11-13 20:38:14.933 JST" StructureHandle="/freemind_1.0.1/freemind/accessories" StructureKind="resource"/><InteractionEvent Delta="null" EndDate="2014-11-13 20:08:05.610 JST" Interest="1.0" Kind="selection" Navigation="null" OriginId="org.eclipse.ui.views.ContentOutline" StartDate="2014-11-13 20:08:05.610 JST" StructureHandle="=freemind_1.0.1/freemind\/freemind\/main&amp;lt;{FreeMind.java[FreeMind^KEYSTROKE_MOVE_MAP_LEFT" StructureKind="java"/><InteractionEvent Delta="null" EndDate="2014-11-13 20:39:24.600 JST" Interest="7.0" Kind="selection" Navigation="null" OriginId="org.eclipse.jdt.ui.CompilationUnitEditor" StartDate="2014-11-13 20:36:21.95 JST" StructureHandle="=freemind_1.0.1/freemind\/freemind\/main&amp;lt;{Methods.java" StructureKind="java" NumEvents="7" CreationCount="1345"/><InteractionEvent Delta="null" EndDate="2014-11-13 20:36:23.404 JST" Interest="1.0680001" Kind="propagation" Navigation="org.eclipse.mylyn.core.model.edges.containment" OriginId="org.eclipse.mylyn.core.model.interest.propagation" StartDate="2014-11-13 20:36:17.888 JST" StructureHandle="=freemind_1.0.1/freemind\/freemind\/main&amp;lt;{Methods.java" StructureKind="java" NumEvents="2" CreationCount="1345"/><InteractionEvent Delta="null" EndDate="2014-11-13 20:18:39.794 JST" Interest="1.0" Kind="selection" Navigation="null" OriginId="org.eclipse.ui.views.ResourceNavigator" StartDate="2014-11-13 20:18:39.794 JST" StructureHandle="=TA2/src" StructureKind="java"/><InteractionEvent Delta="null" EndDate="2014-11-13 20:39:23.458 JST" Interest="31.653002" Kind="propagation" Navigation="org.eclipse.mylyn.core.model.edges.containment" OriginId="org.eclipse.mylyn.core.model.interest.propagation" StartDate="2014-11-13 18:58:12.901 JST" StructureHandle="=TA2/src" StructureKind="java" NumEvents="47" CreationCount="8"/><InteractionEvent Delta="null" EndDate="2014-11-13 20:18:39.794 JST" Interest="11.274001" Kind="manipulation" Navigation="null" OriginId="org.eclipse.mylyn.core.model.interest.decay.correction" StartDate="2014-11-13 20:18:39.794 JST" StructureHandle="=TA2/src" StructureKind="java"/><InteractionEvent Delta="null" EndDate="2014-11-13 20:29:05.13 JST" Interest="3.0" Kind="selection" Navigation="null" OriginId="org.eclipse.jdt.ui.CompilationUnitEditor" StartDate="2014-11-13 20:29:01.577 JST" StructureHandle="=TA2/src&amp;lt;ta2.utils{Methods.java[Methods~_filter_MemoList_Multiple_KW__OR~QActivity;~\[QString;" StructureKind="java" NumEvents="3" CreationCount="1091"/><InteractionEvent Delta="null" EndDate="2014-11-13 20:39:23.656 JST" Interest="12.0" Kind="selection" Navigation="null" OriginId="org.eclipse.jdt.ui.CompilationUnitEditor" StartDate="2014-11-13 20:20:46.66 JST" StructureHandle="=TA2/src&amp;lt;ta2.utils{Methods.java[Methods" StructureKind="java" NumEvents="12" CreationCount="739"/><InteractionEvent Delta="null" EndDate="2014-11-13 20:32:33.794 JST" Interest="7.4610004" Kind="propagation" Navigation="org.eclipse.mylyn.core.model.edges.containment" OriginId="org.eclipse.mylyn.core.model.interest.propagation" StartDate="2014-11-13 20:18:48.356 JST" StructureHandle="=TA2/src&amp;lt;ta2.utils{Methods.java[Methods" StructureKind="java" NumEvents="11" CreationCount="739"/><InteractionEvent Delta="null" EndDate="2014-11-13 20:35:53.569 JST" Interest="2.0" Kind="selection" Navigation="null" OriginId="org.eclipse.jdt.ui.PackageExplorer" StartDate="2014-11-13 20:35:51.82 JST" StructureHandle="=freemind_1.0.1/freemind\/freemind\/main&amp;lt;{EditServer.java" StructureKind="java" NumEvents="2" CreationCount="1335"/><InteractionEvent Delta="null" EndDate="2014-11-13 20:37:10.136 JST" Interest="26.173002" Kind="propagation" Navigation="org.eclipse.mylyn.core.model.edges.containment" OriginId="org.eclipse.mylyn.core.model.interest.propagation" StartDate="2014-11-13 19:11:15.515 JST" StructureHandle="=freemind_1.0.1/freemind\/freemind\/main&amp;lt;{FreeMindStarter.java#" StructureKind="java" NumEvents="19" CreationCount="314"/><InteractionEvent Delta="null" EndDate="2014-11-13 20:40:24.845 JST" Interest="11.0" Kind="selection" Navigation="null" OriginId="org.eclipse.jdt.ui.PackageExplorer" StartDate="2014-11-13 18:58:06.88 JST" StructureHandle="/freemind_1.0.1/freemind/freemind/main" StructureKind="resource" NumEvents="11" CreationCount="4"/><InteractionEvent Delta="null" EndDate="2014-11-13 20:39:27.98 JST" Interest="824.01697" Kind="propagation" Navigation="null" OriginId="org.eclipse.jdt.ui.CompilationUnitEditor" StartDate="2014-11-13 18:58:08.857 JST" StructureHandle="/freemind_1.0.1/freemind/freemind/main" StructureKind="resource" NumEvents="826" CreationCount="4"/><InteractionEvent Delta="null" EndDate="2014-11-13 20:41:47.397 JST" Interest="2.0" Kind="selection" Navigation="null" OriginId="org.eclipse.jdt.ui.PackageExplorer" StartDate="2014-11-13 20:40:27.591 JST" StructureHandle="/freemind_1.0.1/freemind/freemind/log/log.txt" StructureKind="resource" NumEvents="2" CreationCount="1437"/><InteractionEvent Delta="null" EndDate="2014-11-13 20:40:22.203 JST" Interest="1.0" Kind="propagation" Navigation="null" OriginId="org.eclipse.mylyn.resources.ui.interest.updater" StartDate="2014-11-13 20:40:22.203 JST" StructureHandle="/freemind_1.0.1/freemind/freemind/log/log.txt" StructureKind="resource"/><InteractionEvent Delta="null" EndDate="2014-11-13 20:41:45.783 JST" Interest="3.0" Kind="edit" Navigation="null" OriginId="org.eclipse.ui.DefaultTextEditor" StartDate="2014-11-13 20:40:27.613 JST" StructureHandle="/freemind_1.0.1/freemind/freemind/log/log.txt" StructureKind="resource" NumEvents="3" CreationCount="1437"/></InteractionHistory>