<?xml version="1.0" encoding="UTF-8"?><InteractionHistory Id="local-57" Version="1"><InteractionEvent Delta="null" EndDate="2014-09-09 08:03:56.982 JST" Interest="1.0" Kind="propagation" Navigation="org.eclipse.mylyn.core.model.edges.containment" OriginId="org.eclipse.mylyn.core.model.interest.propagation" StartDate="2014-09-09 08:03:56.982 JST" StructureHandle="" StructureKind="java"/><InteractionEvent Delta="null" EndDate="2014-09-09 08:04:11.746 JST" Interest="1.0" Kind="selection" Navigation="null" OriginId="org.eclipse.ui.views.ContentOutline" StartDate="2014-09-09 08:04:11.746 JST" StructureHandle="=SL3/src&amp;lt;sl.utils{Methods_dlg.java%sl.utils" StructureKind="java"/><InteractionEvent Delta="null" EndDate="2014-09-09 08:07:56.933 JST" Interest="31.4" Kind="propagation" Navigation="org.eclipse.mylyn.core.model.edges.containment" OriginId="org.eclipse.mylyn.core.model.interest.propagation" StartDate="2014-09-09 08:04:18.877 JST" StructureHandle="=SL3/src&amp;lt;sl.utils{Methods_dlg.java[Methods_dlg" StructureKind="java" NumEvents="44" CreationCount="7"/><InteractionEvent Delta="null" EndDate="2014-09-09 08:06:09.885 JST" Interest="1.0" Kind="prediction" Navigation="null" OriginId="org.eclipse.mylyn.resources.ui.interest.updater" StartDate="2014-09-09 08:06:09.885 JST" StructureHandle="/SL3/bin/classes.dex" StructureKind="resource"/><InteractionEvent Delta="null" EndDate="2014-09-09 08:07:56.934 JST" Interest="53.034" Kind="propagation" Navigation="org.eclipse.mylyn.core.model.edges.containment" OriginId="org.eclipse.mylyn.core.model.interest.propagation" StartDate="2014-09-09 08:03:59.848 JST" StructureHandle="=SL3" StructureKind="resource" NumEvents="56" CreationCount="2"/><InteractionEvent Delta="null" EndDate="2014-09-09 08:07:56.936 JST" Interest="30.485" Kind="propagation" Navigation="org.eclipse.mylyn.core.model.edges.containment" OriginId="org.eclipse.mylyn.core.model.interest.propagation" StartDate="2014-09-09 08:04:01.961 JST" StructureHandle="=SL3/src" StructureKind="java" NumEvents="50" CreationCount="2"/><InteractionEvent Delta="null" EndDate="2014-09-09 08:03:59.847 JST" Interest="1.0" Kind="selection" Navigation="null" OriginId="org.eclipse.jdt.ui.PackageExplorer" StartDate="2014-09-09 08:03:59.847 JST" StructureHandle="=SL3/src" StructureKind="java"/><InteractionEvent Delta="null" EndDate="2014-09-09 08:04:38.712 JST" Interest="1.0" Kind="propagation" Navigation="null" OriginId="org.eclipse.jdt.ui.PackageExplorer" StartDate="2014-09-09 08:04:38.712 JST" StructureHandle="/SL3/src/sl/utils/Methods_sl.java" StructureKind="resource"/><InteractionEvent Delta="null" EndDate="2014-09-09 08:06:09.885 JST" Interest="1.0" Kind="prediction" Navigation="null" OriginId="org.eclipse.mylyn.resources.ui.interest.updater" StartDate="2014-09-09 08:06:09.885 JST" StructureHandle="/SL3/bin/res/crunch/drawable/menu_icon_admin_32x32_purple.png" StructureKind="resource"/><InteractionEvent Delta="null" EndDate="2014-09-09 08:06:09.886 JST" Interest="1.0" Kind="propagation" Navigation="org.eclipse.mylyn.core.model.edges.containment" OriginId="org.eclipse.mylyn.core.model.interest.propagation" StartDate="2014-09-09 08:06:09.886 JST" StructureHandle="/SL3/bin/res/crunch/drawable" StructureKind="resource"/><InteractionEvent Delta="null" EndDate="2014-09-09 08:06:09.885 JST" Interest="1.0" Kind="prediction" Navigation="null" OriginId="org.eclipse.mylyn.resources.ui.interest.updater" StartDate="2014-09-09 08:06:09.885 JST" StructureHandle="/SL3/bin/res/crunch/drawable/menu_icon_admin_32x32_red.png" StructureKind="resource"/><InteractionEvent Delta="null" EndDate="2014-09-09 08:07:56.935 JST" Interest="30.468" Kind="propagation" Navigation="org.eclipse.mylyn.core.model.edges.containment" OriginId="org.eclipse.mylyn.core.model.interest.propagation" StartDate="2014-09-09 08:04:03.605 JST" StructureHandle="=SL3/src&amp;lt;sl.utils" StructureKind="java" NumEvents="46" CreationCount="3"/><InteractionEvent Delta="null" EndDate="2014-09-09 08:04:01.960 JST" Interest="1.0" Kind="selection" Navigation="null" OriginId="org.eclipse.jdt.ui.PackageExplorer" StartDate="2014-09-09 08:04:01.960 JST" StructureHandle="=SL3/src&amp;lt;sl.utils" StructureKind="java"/><InteractionEvent Delta="null" EndDate="2014-09-09 08:07:56.934 JST" Interest="53.017002" Kind="propagation" Navigation="org.eclipse.mylyn.core.model.edges.containment" OriginId="org.eclipse.mylyn.core.model.interest.propagation" StartDate="2014-09-09 08:04:01.961 JST" StructureHandle="/SL3/src/sl/utils" StructureKind="resource" NumEvents="55" CreationCount="3"/><InteractionEvent Delta="null" EndDate="2014-09-09 08:06:09.885 JST" Interest="1.0" Kind="prediction" Navigation="null" OriginId="org.eclipse.mylyn.resources.ui.interest.updater" StartDate="2014-09-09 08:06:09.885 JST" StructureHandle="/SL3/bin/res/crunch/drawable/menu_icon_admin_32x32.png" StructureKind="resource"/><InteractionEvent Delta="null" EndDate="2014-09-09 08:07:56.935 JST" Interest="23.451" Kind="propagation" Navigation="org.eclipse.mylyn.core.model.edges.containment" OriginId="org.eclipse.mylyn.core.model.interest.propagation" StartDate="2014-09-09 08:04:19.538 JST" StructureHandle="=SL3/src&amp;lt;sl.utils{Methods_dlg.java" StructureKind="java" NumEvents="36" CreationCount="4"/><InteractionEvent Delta="null" EndDate="2014-09-09 08:05:53.895 JST" Interest="8.0" Kind="selection" Navigation="null" OriginId="org.eclipse.jdt.ui.CompilationUnitEditor" StartDate="2014-09-09 08:04:03.604 JST" StructureHandle="=SL3/src&amp;lt;sl.utils{Methods_dlg.java" StructureKind="java" NumEvents="8" CreationCount="4"/><InteractionEvent Delta="null" EndDate="2014-09-09 08:05:52.991 JST" Interest="14.0" Kind="edit" Navigation="null" OriginId="com.android.ide.eclipse.editors.CommonXmlEditor" StartDate="2014-09-09 08:04:46.123 JST" StructureHandle="/SL3/res/values/strings.xml" StructureKind="resource" NumEvents="14" CreationCount="20"/><InteractionEvent Delta="null" EndDate="2014-09-09 08:07:07.178 JST" Interest="7.0" Kind="selection" Navigation="null" OriginId="org.eclipse.jdt.ui.PackageExplorer" StartDate="2014-09-09 08:04:44.432 JST" StructureHandle="/SL3/res/values/strings.xml" StructureKind="resource" NumEvents="7" CreationCount="20"/><InteractionEvent Delta="null" EndDate="2014-09-09 08:07:56.934 JST" Interest="53.0" Kind="propagation" Navigation="null" OriginId="org.eclipse.jdt.ui.CompilationUnitEditor" StartDate="2014-09-09 08:04:03.605 JST" StructureHandle="/SL3/src/sl/utils/Methods_dlg.java" StructureKind="resource" NumEvents="53" CreationCount="4"/><InteractionEvent Delta="null" EndDate="2014-09-09 08:06:09.886 JST" Interest="1.0" Kind="propagation" Navigation="org.eclipse.mylyn.core.model.edges.containment" OriginId="org.eclipse.mylyn.core.model.interest.propagation" StartDate="2014-09-09 08:06:09.886 JST" StructureHandle="/SL3/bin/res" StructureKind="resource"/><InteractionEvent Delta="null" EndDate="2014-09-09 08:06:09.885 JST" Interest="1.0" Kind="prediction" Navigation="null" OriginId="org.eclipse.mylyn.resources.ui.interest.updater" StartDate="2014-09-09 08:06:09.885 JST" StructureHandle="/SL3/bin/res/crunch/drawable/menu_icon_admin_32x32_blue.png" StructureKind="resource"/><InteractionEvent Delta="null" EndDate="2014-09-09 08:03:56.981 JST" Interest="1.0" Kind="propagation" Navigation="null" OriginId="org.eclipse.ui.views.ResourceNavigator" StartDate="2014-09-09 08:03:56.981 JST" StructureHandle="/cm7" StructureKind="resource"/><InteractionEvent Delta="null" EndDate="2014-09-09 08:07:07.179 JST" Interest="15.850999" Kind="propagation" Navigation="org.eclipse.mylyn.core.model.edges.containment" OriginId="org.eclipse.mylyn.core.model.interest.propagation" StartDate="2014-09-09 08:04:41.172 JST" StructureHandle="/SL3/res" StructureKind="resource" NumEvents="23" CreationCount="17"/><InteractionEvent Delta="null" EndDate="2014-09-09 08:04:40.315 JST" Interest="1.0" Kind="selection" Navigation="null" OriginId="org.eclipse.jdt.ui.PackageExplorer" StartDate="2014-09-09 08:04:40.315 JST" StructureHandle="/SL3/res" StructureKind="resource"/><InteractionEvent Delta="null" EndDate="2014-09-09 08:04:41.172 JST" Interest="1.0" Kind="selection" Navigation="null" OriginId="org.eclipse.jdt.ui.PackageExplorer" StartDate="2014-09-09 08:04:41.172 JST" StructureHandle="/SL3/res/drawable" StructureKind="resource"/><InteractionEvent Delta="null" EndDate="2014-09-09 08:06:09.886 JST" Interest="1.0" Kind="propagation" Navigation="org.eclipse.mylyn.core.model.edges.containment" OriginId="org.eclipse.mylyn.core.model.interest.propagation" StartDate="2014-09-09 08:06:09.886 JST" StructureHandle="/SL3/bin/res/crunch" StructureKind="resource"/><InteractionEvent Delta="null" EndDate="2014-09-09 08:07:56.934 JST" Interest="53.034" Kind="propagation" Navigation="org.eclipse.mylyn.core.model.edges.containment" OriginId="org.eclipse.mylyn.core.model.interest.propagation" StartDate="2014-09-09 08:03:59.847 JST" StructureHandle="/SL3/src" StructureKind="resource" NumEvents="56" CreationCount="2"/><InteractionEvent Delta="null" EndDate="2014-09-09 08:04:38.711 JST" Interest="1.0" Kind="selection" Navigation="null" OriginId="org.eclipse.jdt.ui.PackageExplorer" StartDate="2014-09-09 08:04:38.711 JST" StructureHandle="=SL3/src&amp;lt;sl.utils{Methods_sl.java" StructureKind="java"/><InteractionEvent Delta="null" EndDate="2014-09-09 08:06:09.885 JST" Interest="1.0" Kind="prediction" Navigation="null" OriginId="org.eclipse.mylyn.resources.ui.interest.updater" StartDate="2014-09-09 08:06:09.885 JST" StructureHandle="/SL3/bin/SL3.apk" StructureKind="resource"/><InteractionEvent Delta="null" EndDate="2014-09-09 08:06:09.885 JST" Interest="1.0" Kind="prediction" Navigation="null" OriginId="org.eclipse.mylyn.resources.ui.interest.updater" StartDate="2014-09-09 08:06:09.885 JST" StructureHandle="/SL3/bin/res/crunch/drawable/menu_icon_admin_32x32_green.png" StructureKind="resource"/><InteractionEvent Delta="null" EndDate="2014-09-09 08:07:56.934 JST" Interest="53.017002" Kind="propagation" Navigation="org.eclipse.mylyn.core.model.edges.containment" OriginId="org.eclipse.mylyn.core.model.interest.propagation" StartDate="2014-09-09 08:04:01.961 JST" StructureHandle="/SL3/src/sl" StructureKind="resource" NumEvents="54" CreationCount="3"/><InteractionEvent Delta="null" EndDate="2014-09-09 08:07:56.934 JST" Interest="53.051003" Kind="propagation" Navigation="org.eclipse.mylyn.core.model.edges.containment" OriginId="org.eclipse.mylyn.core.model.interest.propagation" StartDate="2014-09-09 08:03:56.981 JST" StructureHandle="/" StructureKind="resource" NumEvents="59" CreationCount="1"/><InteractionEvent Delta="null" EndDate="2014-09-09 08:07:07.179 JST" Interest="15.816999" Kind="propagation" Navigation="org.eclipse.mylyn.core.model.edges.containment" OriginId="org.eclipse.mylyn.core.model.interest.propagation" StartDate="2014-09-09 08:04:44.433 JST" StructureHandle="/SL3/res/values" StructureKind="resource" NumEvents="21" CreationCount="19"/><InteractionEvent Delta="null" EndDate="2014-09-09 08:04:43.464 JST" Interest="1.0" Kind="selection" Navigation="null" OriginId="org.eclipse.jdt.ui.PackageExplorer" StartDate="2014-09-09 08:04:43.464 JST" StructureHandle="/SL3/res/values" StructureKind="resource"/><InteractionEvent Delta="null" EndDate="2014-09-09 08:03:56.981 JST" Interest="1.0" Kind="selection" Navigation="null" OriginId="org.eclipse.ui.views.ResourceNavigator" StartDate="2014-09-09 08:03:56.981 JST" StructureHandle="=cm7" StructureKind="java"/><InteractionEvent Delta="null" EndDate="2014-09-09 08:06:09.886 JST" Interest="1.0" Kind="propagation" Navigation="org.eclipse.mylyn.core.model.edges.containment" OriginId="org.eclipse.mylyn.core.model.interest.propagation" StartDate="2014-09-09 08:06:09.886 JST" StructureHandle="/SL3/bin" StructureKind="resource"/><InteractionEvent Delta="null" EndDate="2014-09-09 08:06:09.885 JST" Interest="1.0" Kind="prediction" Navigation="null" OriginId="org.eclipse.mylyn.resources.ui.interest.updater" StartDate="2014-09-09 08:06:09.885 JST" StructureHandle="/SL3/bin/resources.ap_" StructureKind="resource"/><InteractionEvent Delta="null" EndDate="2014-09-09 08:06:09.885 JST" Interest="1.0" Kind="prediction" Navigation="null" OriginId="org.eclipse.mylyn.resources.ui.interest.updater" StartDate="2014-09-09 08:06:09.885 JST" StructureHandle="/SL3/bin/res/crunch/drawable/menu_icon_admin_32x32_yellow.png" StructureKind="resource"/><InteractionEvent Delta="null" EndDate="2014-09-09 08:06:09.885 JST" Interest="1.0" Kind="prediction" Navigation="null" OriginId="org.eclipse.mylyn.resources.ui.interest.updater" StartDate="2014-09-09 08:06:09.885 JST" StructureHandle="/SL3/bin/res/crunch/drawable/menu_icon_admin_32x32_brown.png" StructureKind="resource"/><InteractionEvent Delta="null" EndDate="2014-09-09 08:07:56.932 JST" Interest="42.0" Kind="edit" Navigation="null" OriginId="org.eclipse.jdt.ui.CompilationUnitEditor" StartDate="2014-09-09 08:04:18.994 JST" StructureHandle="=SL3/src&amp;lt;sl.utils{Methods_dlg.java[Methods_dlg~dlg_OptMenu_TabActv_Opearations~QActivity;~QDialog;" StructureKind="java" NumEvents="42" CreationCount="7"/><InteractionEvent Delta="null" EndDate="2014-09-09 08:04:51.119 JST" Interest="2.0" Kind="selection" Navigation="null" OriginId="org.eclipse.jdt.ui.CompilationUnitEditor" StartDate="2014-09-09 08:04:18.877 JST" StructureHandle="=SL3/src&amp;lt;sl.utils{Methods_dlg.java[Methods_dlg~dlg_OptMenu_TabActv_Opearations~QActivity;~QDialog;" StructureKind="java" NumEvents="2" CreationCount="7"/></InteractionHistory>