<?xml version="1.0" encoding="UTF-8"?><InteractionHistory Id="local-28" Version="1"><InteractionEvent Delta="null" EndDate="2014-08-27 19:14:46.460 JST" Interest="1.0" Kind="selection" Navigation="null" OriginId="org.eclipse.ui.views.ContentOutline" StartDate="2014-08-27 19:14:46.460 JST" StructureHandle="=cm7/src&amp;lt;app.utils{Methods_dlg.java[Methods_dlg~dlg_ShowMessage~QActivity;~QString;~QTags.DialogTags;" StructureKind="java"/><InteractionEvent Delta="null" EndDate="2014-08-27 19:31:55.564 JST" Interest="32.067993" Kind="propagation" Navigation="org.eclipse.mylyn.core.model.edges.containment" OriginId="org.eclipse.mylyn.core.model.interest.propagation" StartDate="2014-08-27 19:04:11.468 JST" StructureHandle="" StructureKind="java" NumEvents="36" CreationCount="69"/><InteractionEvent Delta="null" EndDate="2014-08-27 19:32:02.630 JST" Interest="8.2" Kind="propagation" Navigation="org.eclipse.mylyn.core.model.edges.containment" OriginId="org.eclipse.mylyn.core.model.interest.propagation" StartDate="2014-08-27 19:14:28.496 JST" StructureHandle="=IFM11/src&amp;lt;ifm11.utils{Methods_dlg.java[Methods_dlg" StructureKind="java" NumEvents="10" CreationCount="141"/><InteractionEvent Delta="null" EndDate="2014-08-27 17:15:51.483 JST" Interest="1.0" Kind="prediction" Navigation="null" OriginId="org.eclipse.mylyn.resources.ui.interest.updater" StartDate="2014-08-27 17:15:51.483 JST" StructureHandle="/cm7/bin/res/crunch/drawable/menu_icon_admin_32x32_red.png" StructureKind="resource"/><InteractionEvent Delta="null" EndDate="2014-08-27 17:15:51.483 JST" Interest="1.0" Kind="propagation" Navigation="org.eclipse.mylyn.core.model.edges.containment" OriginId="org.eclipse.mylyn.core.model.interest.propagation" StartDate="2014-08-27 17:15:51.483 JST" StructureHandle="/cm7/bin/res/crunch" StructureKind="resource"/><InteractionEvent Delta="null" EndDate="2014-08-27 18:54:09.794 JST" Interest="2.0" Kind="selection" Navigation="null" OriginId="org.eclipse.jdt.ui.PackageExplorer" StartDate="2014-08-27 18:54:06.233 JST" StructureHandle="/cm7/bin/res/crunch" StructureKind="resource" NumEvents="2" CreationCount="0"/><InteractionEvent Delta="null" EndDate="2014-08-27 19:15:47.16 JST" Interest="1.0" Kind="edit" Navigation="null" OriginId="org.eclipse.jdt.ui.CompilationUnitEditor" StartDate="2014-08-27 19:15:47.16 JST" StructureHandle="=cm7/src&amp;lt;app.utils{CONS.java[CONS[DB^col_names_MemoPatterns_full" StructureKind="java"/><InteractionEvent Delta="null" EndDate="2014-08-27 19:19:14.670 JST" Interest="3.0" Kind="selection" Navigation="null" OriginId="org.eclipse.ui.views.ContentOutline" StartDate="2014-08-27 19:15:44.606 JST" StructureHandle="=cm7/src&amp;lt;app.utils{CONS.java[CONS[DB^col_names_MemoPatterns_full" StructureKind="java" NumEvents="3" CreationCount="176"/><InteractionEvent Delta="null" EndDate="2014-08-27 19:14:05.235 JST" Interest="5.034" Kind="propagation" Navigation="org.eclipse.mylyn.core.model.edges.containment" OriginId="org.eclipse.mylyn.core.model.interest.propagation" StartDate="2014-08-27 19:13:41.927 JST" StructureHandle="/TA2/src/ta2/utils" StructureKind="resource" NumEvents="7" CreationCount="131"/><InteractionEvent Delta="null" EndDate="2014-08-27 17:15:51.483 JST" Interest="1.0" Kind="prediction" Navigation="null" OriginId="org.eclipse.mylyn.resources.ui.interest.updater" StartDate="2014-08-27 17:15:51.483 JST" StructureHandle="/cm7/bin/res/crunch/drawable/menu_icon_admin_32x32_yellow.png" StructureKind="resource"/><InteractionEvent Delta="null" EndDate="2014-08-27 19:14:05.235 JST" Interest="6.173" Kind="propagation" Navigation="org.eclipse.mylyn.core.model.edges.containment" OriginId="org.eclipse.mylyn.core.model.interest.propagation" StartDate="2014-08-27 19:04:05.643 JST" StructureHandle="/TA2/src/ta2" StructureKind="resource" NumEvents="7" CreationCount="64"/><InteractionEvent Delta="null" EndDate="2014-08-27 19:32:02.629 JST" Interest="6.0" Kind="edit" Navigation="null" OriginId="org.eclipse.jdt.ui.CompilationUnitEditor" StartDate="2014-08-27 19:14:30.886 JST" StructureHandle="=IFM11/src&amp;lt;ifm11.utils{Methods_dlg.java[Methods_dlg~_dlg_AddMemo_Set_Gridview~QActivity;~QDialog;" StructureKind="java" NumEvents="6" CreationCount="141"/><InteractionEvent Delta="null" EndDate="2014-08-27 19:32:02.499 JST" Interest="4.0" Kind="selection" Navigation="null" OriginId="org.eclipse.ui.views.ContentOutline" StartDate="2014-08-27 19:14:28.496 JST" StructureHandle="=IFM11/src&amp;lt;ifm11.utils{Methods_dlg.java[Methods_dlg~_dlg_AddMemo_Set_Gridview~QActivity;~QDialog;" StructureKind="java" NumEvents="4" CreationCount="141"/><InteractionEvent Delta="null" EndDate="2014-08-28 00:28:18.800 JST" Interest="40.0" Kind="edit" Navigation="null" OriginId="org.eclipse.jdt.ui.CompilationUnitEditor" StartDate="2014-08-27 17:14:12.254 JST" StructureHandle="=cm7/src&amp;lt;app.utils{Methods_dlg.java[Methods_dlg~dlg_PlayActv_EditTitle~QActivity;~QAI;~QString;" StructureKind="java" NumEvents="40" CreationCount="39"/><InteractionEvent Delta="null" EndDate="2014-08-27 19:32:07.826 JST" Interest="16.0" Kind="selection" Navigation="null" OriginId="org.eclipse.jdt.ui.CompilationUnitEditor" StartDate="2014-08-27 17:14:10.185 JST" StructureHandle="=cm7/src&amp;lt;app.utils{Methods_dlg.java[Methods_dlg~dlg_PlayActv_EditTitle~QActivity;~QAI;~QString;" StructureKind="java" NumEvents="16" CreationCount="39"/><InteractionEvent Delta="null" EndDate="2014-08-27 19:28:15.364 JST" Interest="3.0" Kind="prediction" Navigation="null" OriginId="org.eclipse.mylyn.resources.ui.interest.updater" StartDate="2014-08-27 17:15:51.483 JST" StructureHandle="/cm7/bin/classes.dex" StructureKind="resource" NumEvents="3" CreationCount="0"/><InteractionEvent Delta="null" EndDate="2014-08-28 00:28:22.745 JST" Interest="9.0" Kind="propagation" Navigation="null" OriginId="org.eclipse.jdt.ui.CompilationUnitEditor" StartDate="2014-08-27 17:13:56.806 JST" StructureHandle="/cm7/src/app/listeners/text/TV_LCL.java" StructureKind="resource" NumEvents="9" CreationCount="30"/><InteractionEvent Delta="null" EndDate="2014-08-27 19:04:17.279 JST" Interest="1.0" Kind="selection" Navigation="null" OriginId="org.eclipse.ui.views.ResourceNavigator" StartDate="2014-08-27 19:04:17.279 JST" StructureHandle="=CM6/src&amp;lt;cm6" StructureKind="java"/><InteractionEvent Delta="null" EndDate="2014-08-27 19:19:51.950 JST" Interest="1.0" Kind="propagation" Navigation="null" OriginId="org.eclipse.jdt.ui.PackageExplorer" StartDate="2014-08-27 19:19:51.950 JST" StructureHandle="/cm7/src/app/adapters" StructureKind="resource"/><InteractionEvent Delta="null" EndDate="2014-08-27 19:19:14.670 JST" Interest="3.7000003" Kind="propagation" Navigation="org.eclipse.mylyn.core.model.edges.containment" OriginId="org.eclipse.mylyn.core.model.interest.propagation" StartDate="2014-08-27 19:15:44.606 JST" StructureHandle="=cm7/src&amp;lt;app.utils{CONS.java[CONS[DB" StructureKind="java" NumEvents="4" CreationCount="176"/><InteractionEvent Delta="null" EndDate="2014-08-27 17:15:51.483 JST" Interest="1.0" Kind="prediction" Navigation="null" OriginId="org.eclipse.mylyn.resources.ui.interest.updater" StartDate="2014-08-27 17:15:51.483 JST" StructureHandle="/cm7/bin/res/crunch/drawable/menu_icon_admin_32x32_blue.png" StructureKind="resource"/><InteractionEvent Delta="null" EndDate="2014-08-28 00:28:22.667 JST" Interest="3.3600004" Kind="manipulation" Navigation="null" OriginId="org.eclipse.mylyn.core.model.interest.decay.correction" StartDate="2014-08-28 00:28:22.667 JST" StructureHandle="=cm7/src&amp;lt;app.listeners.text{TV_LCL.java" StructureKind="java"/><InteractionEvent Delta="null" EndDate="2014-08-28 00:28:22.745 JST" Interest="1.1679997" Kind="propagation" Navigation="org.eclipse.mylyn.core.model.edges.containment" OriginId="org.eclipse.mylyn.core.model.interest.propagation" StartDate="2014-08-27 17:14:01.619 JST" StructureHandle="=cm7/src&amp;lt;app.listeners.text{TV_LCL.java" StructureKind="java" NumEvents="3" CreationCount="30"/><InteractionEvent Delta="null" EndDate="2014-08-28 00:28:22.667 JST" Interest="3.0" Kind="selection" Navigation="null" OriginId="org.eclipse.jdt.ui.CompilationUnitEditor" StartDate="2014-08-27 17:13:56.806 JST" StructureHandle="=cm7/src&amp;lt;app.listeners.text{TV_LCL.java" StructureKind="java" NumEvents="3" CreationCount="30"/><InteractionEvent Delta="null" EndDate="2014-08-27 19:14:45.438 JST" Interest="1.0" Kind="selection" Navigation="null" OriginId="org.eclipse.ui.views.ContentOutline" StartDate="2014-08-27 19:14:45.438 JST" StructureHandle="=cm7/src&amp;lt;app.utils{Methods_dlg.java%app.utils" StructureKind="java"/><InteractionEvent Delta="null" EndDate="2014-08-27 18:54:09.794 JST" Interest="2.745" Kind="propagation" Navigation="org.eclipse.mylyn.core.model.edges.containment" OriginId="org.eclipse.mylyn.core.model.interest.propagation" StartDate="2014-08-27 17:15:51.483 JST" StructureHandle="/cm7/bin/res" StructureKind="resource" NumEvents="3" CreationCount="15"/><InteractionEvent Delta="null" EndDate="2014-08-27 19:32:02.630 JST" Interest="10.017" Kind="propagation" Navigation="org.eclipse.mylyn.core.model.edges.containment" OriginId="org.eclipse.mylyn.core.model.interest.propagation" StartDate="2014-08-27 19:14:27.546 JST" StructureHandle="=IFM11" StructureKind="resource" NumEvents="11" CreationCount="139"/><InteractionEvent Delta="null" EndDate="2014-08-27 19:19:39.457 JST" Interest="2.0" Kind="selection" Navigation="null" OriginId="org.eclipse.jdt.ui.PackageExplorer" StartDate="2014-08-27 19:14:14.195 JST" StructureHandle="=IFM11" StructureKind="java" NumEvents="2" CreationCount="139"/><InteractionEvent Delta="null" EndDate="2014-08-27 19:13:43.229 JST" Interest="1.0" Kind="selection" Navigation="null" OriginId="org.eclipse.ui.views.ResourceNavigator" StartDate="2014-08-27 19:13:43.229 JST" StructureHandle="=TA2/src&amp;lt;ta2.utils{Methods.java" StructureKind="java"/><InteractionEvent Delta="null" EndDate="2014-08-27 19:14:05.235 JST" Interest="5.0" Kind="propagation" Navigation="null" OriginId="org.eclipse.jdt.ui.PackageExplorer" StartDate="2014-08-27 19:13:43.964 JST" StructureHandle="/TA2/src/ta2/utils/Methods_dlg.java" StructureKind="resource" NumEvents="5" CreationCount="133"/><InteractionEvent Delta="null" EndDate="2014-08-28 00:28:21.787 JST" Interest="7.0" Kind="edit" Navigation="null" OriginId="com.android.ide.eclipse.editors.CommonXmlEditor" StartDate="2014-08-27 17:14:31.930 JST" StructureHandle="/cm7/res/layout/dlg_edit_ai_title.xml" StructureKind="resource" NumEvents="7" CreationCount="5"/><InteractionEvent Delta="null" EndDate="2014-08-28 00:28:21.741 JST" Interest="13.0" Kind="selection" Navigation="null" OriginId="com.android.ide.eclipse.editors.CommonXmlEditor" StartDate="2014-08-27 17:12:37.8 JST" StructureHandle="/cm7/res/layout/dlg_edit_ai_title.xml" StructureKind="resource" NumEvents="13" CreationCount="5"/><InteractionEvent Delta="null" EndDate="2014-08-28 00:33:02.244 JST" Interest="332.0" Kind="propagation" Navigation="org.eclipse.mylyn.core.model.edges.containment" OriginId="org.eclipse.mylyn.core.model.interest.propagation" StartDate="2014-08-27 17:12:25.684 JST" StructureHandle="/" StructureKind="resource" NumEvents="336" CreationCount="1"/><InteractionEvent Delta="null" EndDate="2014-08-27 19:32:09.991 JST" Interest="4.0" Kind="prediction" Navigation="null" OriginId="org.eclipse.mylyn.resources.ui.interest.updater" StartDate="2014-08-27 17:15:51.483 JST" StructureHandle="/cm7/bin/resources.ap_" StructureKind="resource" NumEvents="4" CreationCount="25"/><InteractionEvent Delta="null" EndDate="2014-08-27 19:19:51.950 JST" Interest="1.0" Kind="selection" Navigation="null" OriginId="org.eclipse.jdt.ui.PackageExplorer" StartDate="2014-08-27 19:19:51.950 JST" StructureHandle="=cm7/src&amp;lt;app.adapters" StructureKind="java"/><InteractionEvent Delta="null" EndDate="2014-08-27 19:14:05.234 JST" Interest="2.0" Kind="selection" Navigation="null" OriginId="org.eclipse.jdt.ui.PackageExplorer" StartDate="2014-08-27 19:14:02.862 JST" StructureHandle="=TA2/src&amp;lt;ta2.utils{Methods_dlg.java[Methods_dlg~dlg_Template_Cancel~QActivity;~I~I~I~QTags.DialogTags;" StructureKind="java" NumEvents="2" CreationCount="135"/><InteractionEvent Delta="null" EndDate="2014-08-27 19:14:03.797 JST" Interest="3.0" Kind="selection" Navigation="null" OriginId="org.eclipse.ui.views.ResourceNavigator" StartDate="2014-08-27 19:13:43.964 JST" StructureHandle="=TA2/src&amp;lt;ta2.utils{Methods_dlg.java" StructureKind="java" NumEvents="3" CreationCount="133"/><InteractionEvent Delta="null" EndDate="2014-08-27 19:23:33.292 JST" Interest="127.877" Kind="propagation" Navigation="org.eclipse.mylyn.core.model.edges.containment" OriginId="org.eclipse.mylyn.core.model.interest.propagation" StartDate="2014-08-27 17:13:16.753 JST" StructureHandle="=cm7/src&amp;lt;app.utils{Methods_dlg.java[Methods_dlg" StructureKind="java" NumEvents="178" CreationCount="37"/><InteractionEvent Delta="null" EndDate="2014-08-27 19:23:45.180 JST" Interest="6.0" Kind="selection" Navigation="null" OriginId="org.eclipse.jdt.ui.CompilationUnitEditor" StartDate="2014-08-27 17:13:10.527 JST" StructureHandle="=cm7/src&amp;lt;app.utils{Methods_dlg.java[Methods_dlg" StructureKind="java" NumEvents="6" CreationCount="37"/><InteractionEvent Delta="null" EndDate="2014-08-27 19:13:43.230 JST" Interest="1.0" Kind="propagation" Navigation="null" OriginId="org.eclipse.ui.views.ResourceNavigator" StartDate="2014-08-27 19:13:43.230 JST" StructureHandle="/TA2/src/ta2/utils/Methods.java" StructureKind="resource"/><InteractionEvent Delta="null" EndDate="2014-08-28 00:29:52.955 JST" Interest="10.085" Kind="propagation" Navigation="org.eclipse.mylyn.core.model.edges.containment" OriginId="org.eclipse.mylyn.core.model.interest.propagation" StartDate="2014-08-27 17:13:36.658 JST" StructureHandle="/cm7/src/app/listeners" StructureKind="resource" NumEvents="13" CreationCount="25"/><InteractionEvent Delta="null" EndDate="2014-08-27 19:31:55.564 JST" Interest="16.019001" Kind="propagation" Navigation="org.eclipse.mylyn.core.model.edges.containment" OriginId="org.eclipse.mylyn.core.model.interest.propagation" StartDate="2014-08-27 19:04:17.281 JST" StructureHandle="=CM6/src" StructureKind="java" NumEvents="27" CreationCount="70"/><InteractionEvent Delta="null" EndDate="2014-08-27 19:04:15.618 JST" Interest="1.0" Kind="selection" Navigation="null" OriginId="org.eclipse.ui.views.ResourceNavigator" StartDate="2014-08-27 19:04:15.618 JST" StructureHandle="=CM6/src" StructureKind="java"/><InteractionEvent Delta="null" EndDate="2014-08-27 19:31:55.563 JST" Interest="32.050995" Kind="propagation" Navigation="org.eclipse.mylyn.core.model.edges.containment" OriginId="org.eclipse.mylyn.core.model.interest.propagation" StartDate="2014-08-27 19:04:15.618 JST" StructureHandle="/CM6/src" StructureKind="resource" NumEvents="35" CreationCount="70"/><InteractionEvent Delta="null" EndDate="2014-08-28 00:28:22.746 JST" Interest="6.545" Kind="propagation" Navigation="org.eclipse.mylyn.core.model.edges.containment" OriginId="org.eclipse.mylyn.core.model.interest.propagation" StartDate="2014-08-27 17:13:56.807 JST" StructureHandle="=cm7/src&amp;lt;app.listeners.text" StructureKind="java" NumEvents="7" CreationCount="29"/><InteractionEvent Delta="null" EndDate="2014-08-28 00:29:52.954 JST" Interest="2.0" Kind="selection" Navigation="null" OriginId="org.eclipse.jdt.ui.PackageExplorer" StartDate="2014-08-27 17:13:54.226 JST" StructureHandle="=cm7/src&amp;lt;app.listeners.text" StructureKind="java" NumEvents="2" CreationCount="29"/><InteractionEvent Delta="null" EndDate="2014-08-27 17:13:40.20 JST" Interest="1.017" Kind="propagation" Navigation="org.eclipse.mylyn.core.model.edges.containment" OriginId="org.eclipse.mylyn.core.model.interest.propagation" StartDate="2014-08-27 17:13:39.258 JST" StructureHandle="=cm7/src&amp;lt;app.listeners" StructureKind="java" NumEvents="2" CreationCount="25"/><InteractionEvent Delta="null" EndDate="2014-08-27 19:04:03.366 JST" Interest="2.0" Kind="selection" Navigation="null" OriginId="org.eclipse.jdt.ui.PackageExplorer" StartDate="2014-08-27 17:13:36.658 JST" StructureHandle="=cm7/src&amp;lt;app.listeners" StructureKind="java" NumEvents="2" CreationCount="9"/><InteractionEvent Delta="null" EndDate="2014-08-27 19:04:34.940 JST" Interest="4.0" Kind="selection" Navigation="null" OriginId="org.eclipse.jdt.ui.CompilationUnitEditor" StartDate="2014-08-27 19:04:25.448 JST" StructureHandle="=CM6/src&amp;lt;cm6.utils{Methods_dlg.java[Methods_dlg~dlg_moveFiles~QActivity;" StructureKind="java" NumEvents="4" CreationCount="75"/><InteractionEvent Delta="null" EndDate="2014-08-27 17:13:40.19 JST" Interest="2.0" Kind="selection" Navigation="null" OriginId="org.eclipse.jdt.ui.CompilationUnitEditor" StartDate="2014-08-27 17:13:39.257 JST" StructureHandle="=cm7/src&amp;lt;app.listeners{LOI_LCL.java" StructureKind="java" NumEvents="2" CreationCount="26"/><InteractionEvent Delta="null" EndDate="2014-08-27 19:14:03.924 JST" Interest="1.0" Kind="selection" Navigation="null" OriginId="org.eclipse.ui.views.ResourceNavigator" StartDate="2014-08-27 19:14:03.924 JST" StructureHandle="/TA2/libs" StructureKind="resource"/><InteractionEvent Delta="null" EndDate="2014-08-27 19:31:55.563 JST" Interest="15.985001" Kind="propagation" Navigation="org.eclipse.mylyn.core.model.edges.containment" OriginId="org.eclipse.mylyn.core.model.interest.propagation" StartDate="2014-08-27 19:04:20.902 JST" StructureHandle="=CM6/src&amp;lt;cm6.utils" StructureKind="java" NumEvents="24" CreationCount="72"/><InteractionEvent Delta="null" EndDate="2014-08-27 19:04:19.212 JST" Interest="1.0" Kind="selection" Navigation="null" OriginId="org.eclipse.ui.views.ResourceNavigator" StartDate="2014-08-27 19:04:19.212 JST" StructureHandle="=CM6/src&amp;lt;cm6.utils" StructureKind="java"/><InteractionEvent Delta="null" EndDate="2014-08-27 19:23:33.292 JST" Interest="166.0" Kind="edit" Navigation="null" OriginId="org.eclipse.jdt.ui.CompilationUnitEditor" StartDate="2014-08-27 17:13:31.189 JST" StructureHandle="=cm7/src&amp;lt;app.utils{Methods_dlg.java[Methods_dlg~_PlayActv_EditTitle_GV~QActivity;~QDialog;~QAI;" StructureKind="java" NumEvents="166" CreationCount="18"/><InteractionEvent Delta="null" EndDate="2014-08-27 19:23:16.398 JST" Interest="17.0" Kind="selection" Navigation="null" OriginId="org.eclipse.jdt.ui.CompilationUnitEditor" StartDate="2014-08-27 17:13:16.752 JST" StructureHandle="=cm7/src&amp;lt;app.utils{Methods_dlg.java[Methods_dlg~_PlayActv_EditTitle_GV~QActivity;~QDialog;~QAI;" StructureKind="java" NumEvents="17" CreationCount="18"/><InteractionEvent Delta="null" EndDate="2014-08-27 19:31:55.563 JST" Interest="32.0" Kind="propagation" Navigation="null" OriginId="org.eclipse.jdt.ui.CompilationUnitEditor" StartDate="2014-08-27 19:04:20.902 JST" StructureHandle="/CM6/src/cm6/utils/Methods_dlg.java" StructureKind="resource" NumEvents="32" CreationCount="73"/><InteractionEvent Delta="null" EndDate="2014-08-27 19:20:30.676 JST" Interest="2.0" Kind="edit" Navigation="null" OriginId="org.eclipse.jdt.ui.CompilationUnitEditor" StartDate="2014-08-27 19:20:29.549 JST" StructureHandle="=cm7/src&amp;lt;app.utils{CONS.java[CONS[PlayActv^adp_Patterns_GV" StructureKind="java" NumEvents="2" CreationCount="276"/><InteractionEvent Delta="null" EndDate="2014-08-27 19:31:55.563 JST" Interest="32.017" Kind="propagation" Navigation="org.eclipse.mylyn.core.model.edges.containment" OriginId="org.eclipse.mylyn.core.model.interest.propagation" StartDate="2014-08-27 19:04:19.213 JST" StructureHandle="/CM6/src/cm6/utils" StructureKind="resource" NumEvents="33" CreationCount="72"/><InteractionEvent Delta="null" EndDate="2014-08-27 19:15:27.431 JST" Interest="1.0" Kind="selection" Navigation="null" OriginId="org.eclipse.jdt.ui.CompilationUnitEditor" StartDate="2014-08-27 19:15:27.431 JST" StructureHandle="=cm7/src&amp;lt;app.utils{Methods_dlg.java[Methods_dlg~dlg_template_okCancel_SecondDialog~QActivity;~I~QString;~I~I~QTags.DialogTags;~QTags.DialogTags;~QDialog;~QBM;" StructureKind="java"/><InteractionEvent Delta="null" EndDate="2014-08-27 19:32:02.630 JST" Interest="12.0" Kind="propagation" Navigation="org.eclipse.mylyn.core.model.edges.containment" OriginId="org.eclipse.mylyn.core.model.interest.propagation" StartDate="2014-08-27 19:14:27.546 JST" StructureHandle="/IFM11/src" StructureKind="resource" NumEvents="12" CreationCount="140"/><InteractionEvent Delta="null" EndDate="2014-08-27 17:13:53.152 JST" Interest="2.0" Kind="selection" Navigation="null" OriginId="org.eclipse.jdt.ui.PackageExplorer" StartDate="2014-08-27 17:13:34.392 JST" StructureHandle="=cm7/src&amp;lt;app.main" StructureKind="java" NumEvents="2" CreationCount="24"/><InteractionEvent Delta="null" EndDate="2014-08-28 00:33:02.244 JST" Interest="307.017" Kind="propagation" Navigation="null" OriginId="org.eclipse.jdt.ui.CompilationUnitEditor" StartDate="2014-08-27 17:13:00.880 JST" StructureHandle="/cm7/src/app/utils" StructureKind="resource" NumEvents="308" CreationCount="11"/><InteractionEvent Delta="null" EndDate="2014-08-27 19:30:16.361 JST" Interest="3.0" Kind="selection" Navigation="null" OriginId="com.android.ide.eclipse.editors.CommonXmlEditor" StartDate="2014-08-27 19:29:25.647 JST" StructureHandle="/cm7/res/layout/list_row_gv.xml" StructureKind="resource" NumEvents="3" CreationCount="397"/><InteractionEvent Delta="null" EndDate="2014-08-27 19:32:02.630 JST" Interest="12.0" Kind="propagation" Navigation="org.eclipse.mylyn.core.model.edges.containment" OriginId="org.eclipse.mylyn.core.model.interest.propagation" StartDate="2014-08-27 19:14:27.546 JST" StructureHandle="/IFM11/src/ifm11" StructureKind="resource" NumEvents="12" CreationCount="140"/><InteractionEvent Delta="null" EndDate="2014-08-28 00:33:02.244 JST" Interest="332.0" Kind="propagation" Navigation="null" OriginId="org.eclipse.jdt.ui.CompilationUnitEditor" StartDate="2014-08-27 17:12:25.684 JST" StructureHandle="/cm7/src" StructureKind="resource" NumEvents="332" CreationCount="1"/><InteractionEvent Delta="null" EndDate="2014-08-27 19:04:10.56 JST" Interest="3.0" Kind="propagation" Navigation="org.eclipse.mylyn.core.model.edges.containment" OriginId="org.eclipse.mylyn.core.model.interest.propagation" StartDate="2014-08-27 19:04:05.643 JST" StructureHandle="/TA2/src/ta2/items" StructureKind="resource" NumEvents="3" CreationCount="64"/><InteractionEvent Delta="null" EndDate="2014-08-28 00:28:21.788 JST" Interest="15.372999" Kind="propagation" Navigation="org.eclipse.mylyn.core.model.edges.containment" OriginId="org.eclipse.mylyn.core.model.interest.propagation" StartDate="2014-08-27 17:12:33.948 JST" StructureHandle="/cm7/res/layout" StructureKind="resource" NumEvents="20" CreationCount="36"/><InteractionEvent Delta="null" EndDate="2014-08-27 19:26:57.688 JST" Interest="2.0" Kind="selection" Navigation="null" OriginId="org.eclipse.jdt.ui.PackageExplorer" StartDate="2014-08-27 17:12:31.819 JST" StructureHandle="/cm7/res/layout" StructureKind="resource" NumEvents="2" CreationCount="36"/><InteractionEvent Delta="null" EndDate="2014-08-27 19:32:02.632 JST" Interest="8.216999" Kind="propagation" Navigation="org.eclipse.mylyn.core.model.edges.containment" OriginId="org.eclipse.mylyn.core.model.interest.propagation" StartDate="2014-08-27 19:14:27.547 JST" StructureHandle="=IFM11/src" StructureKind="java" NumEvents="11" CreationCount="140"/><InteractionEvent Delta="null" EndDate="2014-08-28 00:28:18.801 JST" Interest="271.0" Kind="propagation" Navigation="null" OriginId="org.eclipse.jdt.ui.CompilationUnitEditor" StartDate="2014-08-27 17:13:02.595 JST" StructureHandle="/cm7/src/app/utils/Methods_dlg.java" StructureKind="resource" NumEvents="271" CreationCount="12"/><InteractionEvent Delta="null" EndDate="2014-08-27 19:04:10.56 JST" Interest="3.0" Kind="propagation" Navigation="org.eclipse.mylyn.core.model.edges.containment" OriginId="org.eclipse.mylyn.core.model.interest.propagation" StartDate="2014-08-27 19:04:05.643 JST" StructureHandle="=TA2/src&amp;lt;ta2.items" StructureKind="java" NumEvents="3" CreationCount="64"/><InteractionEvent Delta="null" EndDate="2014-08-27 19:04:59.541 JST" Interest="3.0" Kind="edit" Navigation="null" OriginId="org.eclipse.jdt.ui.CompilationUnitEditor" StartDate="2014-08-27 19:04:58.511 JST" StructureHandle="=CM6/src&amp;lt;cm6.utils{Methods_dlg.java[Methods_dlg~dlg_edit_title_2_grid_view~QActivity;~QDialog;~QAI;" StructureKind="java" NumEvents="3" CreationCount="92"/><InteractionEvent Delta="null" EndDate="2014-08-27 19:04:58.489 JST" Interest="2.0" Kind="selection" Navigation="null" OriginId="org.eclipse.jdt.ui.CompilationUnitEditor" StartDate="2014-08-27 19:04:58.483 JST" StructureHandle="=CM6/src&amp;lt;cm6.utils{Methods_dlg.java[Methods_dlg~dlg_edit_title_2_grid_view~QActivity;~QDialog;~QAI;" StructureKind="java" NumEvents="2" CreationCount="92"/><InteractionEvent Delta="null" EndDate="2014-08-27 19:04:10.56 JST" Interest="3.0" Kind="propagation" Navigation="null" OriginId="org.eclipse.ui.views.ResourceNavigator" StartDate="2014-08-27 19:04:05.641 JST" StructureHandle="/TA2/src/ta2/items/ListItem.java" StructureKind="resource" NumEvents="3" CreationCount="64"/><InteractionEvent Delta="null" EndDate="2014-08-27 17:15:51.483 JST" Interest="1.0" Kind="propagation" Navigation="org.eclipse.mylyn.core.model.edges.containment" OriginId="org.eclipse.mylyn.core.model.interest.propagation" StartDate="2014-08-27 17:15:51.483 JST" StructureHandle="/cm7/bin/res/crunch/drawable" StructureKind="resource"/><InteractionEvent Delta="null" EndDate="2014-08-27 19:20:04.532 JST" Interest="2.0" Kind="selection" Navigation="null" OriginId="org.eclipse.jdt.ui.CompilationUnitEditor" StartDate="2014-08-27 19:19:29.888 JST" StructureHandle="=cm7/src&amp;lt;app.utils{CONS.java[CONS[PlayActv^sb" StructureKind="java" NumEvents="2" CreationCount="265"/><InteractionEvent Delta="null" EndDate="2014-08-27 19:31:55.563 JST" Interest="32.033997" Kind="propagation" Navigation="org.eclipse.mylyn.core.model.edges.containment" OriginId="org.eclipse.mylyn.core.model.interest.propagation" StartDate="2014-08-27 19:04:17.279 JST" StructureHandle="/CM6/src/cm6" StructureKind="resource" NumEvents="34" CreationCount="71"/><InteractionEvent Delta="null" EndDate="2014-08-27 17:13:58.840 JST" Interest="1.0" Kind="selection" Navigation="null" OriginId="org.eclipse.ui.views.ContentOutline" StartDate="2014-08-27 17:13:58.840 JST" StructureHandle="=cm7/src&amp;lt;app.listeners.text{TV_LCL.java%app.listeners.text" StructureKind="java"/><InteractionEvent Delta="null" EndDate="2014-08-27 19:32:02.631 JST" Interest="6.2169995" Kind="propagation" Navigation="org.eclipse.mylyn.core.model.edges.containment" OriginId="org.eclipse.mylyn.core.model.interest.propagation" StartDate="2014-08-27 19:14:28.497 JST" StructureHandle="=IFM11/src&amp;lt;ifm11.utils{Methods_dlg.java" StructureKind="java" NumEvents="9" CreationCount="140"/><InteractionEvent Delta="null" EndDate="2014-08-27 19:31:57.813 JST" Interest="2.0" Kind="selection" Navigation="null" OriginId="org.eclipse.jdt.ui.CompilationUnitEditor" StartDate="2014-08-27 19:14:27.545 JST" StructureHandle="=IFM11/src&amp;lt;ifm11.utils{Methods_dlg.java" StructureKind="java" NumEvents="2" CreationCount="140"/><InteractionEvent Delta="null" EndDate="2014-08-27 19:32:02.630 JST" Interest="12.0" Kind="propagation" Navigation="org.eclipse.mylyn.core.model.edges.containment" OriginId="org.eclipse.mylyn.core.model.interest.propagation" StartDate="2014-08-27 19:14:27.546 JST" StructureHandle="/IFM11/src/ifm11/utils" StructureKind="resource" NumEvents="12" CreationCount="140"/><InteractionEvent Delta="null" EndDate="2014-08-27 17:13:53.152 JST" Interest="2.0" Kind="propagation" Navigation="null" OriginId="org.eclipse.jdt.ui.PackageExplorer" StartDate="2014-08-27 17:13:34.392 JST" StructureHandle="/cm7/src/app/main" StructureKind="resource" NumEvents="2" CreationCount="24"/><InteractionEvent Delta="null" EndDate="2014-08-27 19:27:01.173 JST" Interest="1.0" Kind="selection" Navigation="null" OriginId="org.eclipse.jdt.ui.PackageExplorer" StartDate="2014-08-27 19:27:01.173 JST" StructureHandle="/cm7/res/layout/dlg_create_folder.xml" StructureKind="resource"/><InteractionEvent Delta="null" EndDate="2014-08-27 17:13:40.19 JST" Interest="2.0" Kind="propagation" Navigation="null" OriginId="org.eclipse.jdt.ui.CompilationUnitEditor" StartDate="2014-08-27 17:13:39.257 JST" StructureHandle="/cm7/src/app/listeners/LOI_LCL.java" StructureKind="resource" NumEvents="2" CreationCount="26"/><InteractionEvent Delta="null" EndDate="2014-08-27 19:14:03.798 JST" Interest="2.034" Kind="propagation" Navigation="org.eclipse.mylyn.core.model.edges.containment" OriginId="org.eclipse.mylyn.core.model.interest.propagation" StartDate="2014-08-27 19:13:43.230 JST" StructureHandle="=TA2/src&amp;lt;ta2.utils" StructureKind="java" NumEvents="5" CreationCount="131"/><InteractionEvent Delta="null" EndDate="2014-08-27 19:13:41.927 JST" Interest="1.0" Kind="selection" Navigation="null" OriginId="org.eclipse.ui.views.ResourceNavigator" StartDate="2014-08-27 19:13:41.927 JST" StructureHandle="=TA2/src&amp;lt;ta2.utils" StructureKind="java"/><InteractionEvent Delta="null" EndDate="2014-08-27 17:12:33.947 JST" Interest="1.0" Kind="selection" Navigation="null" OriginId="org.eclipse.jdt.ui.PackageExplorer" StartDate="2014-08-27 17:12:33.947 JST" StructureHandle="/cm7/res/layout/dlg_tmpl_edittext_simple.xml" StructureKind="resource"/><InteractionEvent Delta="null" EndDate="2014-08-27 19:05:08.329 JST" Interest="7.9680004" Kind="propagation" Navigation="org.eclipse.mylyn.core.model.edges.containment" OriginId="org.eclipse.mylyn.core.model.interest.propagation" StartDate="2014-08-27 19:04:25.943 JST" StructureHandle="=CM6/src&amp;lt;cm6.utils{Methods_dlg.java" StructureKind="java" NumEvents="13" CreationCount="73"/><InteractionEvent Delta="null" EndDate="2014-08-27 19:31:55.562 JST" Interest="9.0" Kind="selection" Navigation="null" OriginId="org.eclipse.jdt.ui.CompilationUnitEditor" StartDate="2014-08-27 19:04:20.901 JST" StructureHandle="=CM6/src&amp;lt;cm6.utils{Methods_dlg.java" StructureKind="java" NumEvents="9" CreationCount="73"/><InteractionEvent Delta="null" EndDate="2014-08-27 17:15:51.483 JST" Interest="1.0" Kind="prediction" Navigation="null" OriginId="org.eclipse.mylyn.resources.ui.interest.updater" StartDate="2014-08-27 17:15:51.483 JST" StructureHandle="/cm7/bin/res/crunch/drawable/menu_icon_admin_32x32_purple.png" StructureKind="resource"/><InteractionEvent Delta="null" EndDate="2014-08-27 19:14:05.235 JST" Interest="2.0" Kind="propagation" Navigation="org.eclipse.mylyn.core.model.edges.containment" OriginId="org.eclipse.mylyn.core.model.interest.propagation" StartDate="2014-08-27 19:14:02.863 JST" StructureHandle="=TA2/src&amp;lt;ta2.utils{Methods_dlg.java[Methods_dlg" StructureKind="java" NumEvents="2" CreationCount="135"/><InteractionEvent Delta="null" EndDate="2014-08-27 19:32:02.631 JST" Interest="8.216999" Kind="propagation" Navigation="org.eclipse.mylyn.core.model.edges.containment" OriginId="org.eclipse.mylyn.core.model.interest.propagation" StartDate="2014-08-27 19:14:27.547 JST" StructureHandle="=IFM11/src&amp;lt;ifm11.utils" StructureKind="java" NumEvents="11" CreationCount="140"/><InteractionEvent Delta="null" EndDate="2014-08-28 00:33:02.244 JST" Interest="331.0" Kind="propagation" Navigation="org.eclipse.mylyn.core.model.edges.containment" OriginId="org.eclipse.mylyn.core.model.interest.propagation" StartDate="2014-08-27 17:12:25.684 JST" StructureHandle="=cm7" StructureKind="resource" NumEvents="335" CreationCount="1"/><InteractionEvent Delta="null" EndDate="2014-08-27 19:19:46.451 JST" Interest="1.0" Kind="selection" Navigation="null" OriginId="org.eclipse.jdt.ui.PackageExplorer" StartDate="2014-08-27 19:19:46.451 JST" StructureHandle="=cm7" StructureKind="java"/><InteractionEvent Delta="null" EndDate="2014-08-27 19:15:09.550 JST" Interest="3.312" Kind="propagation" Navigation="org.eclipse.mylyn.core.model.edges.containment" OriginId="org.eclipse.mylyn.core.model.interest.propagation" StartDate="2014-08-27 17:13:09.843 JST" StructureHandle="=cm7/src&amp;lt;app.utils{Methods_dlg.java#" StructureKind="java" NumEvents="2" CreationCount="25"/><InteractionEvent Delta="null" EndDate="2014-08-28 00:28:18.802 JST" Interest="132.48901" Kind="propagation" Navigation="org.eclipse.mylyn.core.model.edges.containment" OriginId="org.eclipse.mylyn.core.model.interest.propagation" StartDate="2014-08-27 17:13:02.926 JST" StructureHandle="=cm7/src" StructureKind="java" NumEvents="192" CreationCount="1"/><InteractionEvent Delta="null" EndDate="2014-08-28 00:29:53.284 JST" Interest="6.0" Kind="selection" Navigation="null" OriginId="org.eclipse.jdt.ui.PackageExplorer" StartDate="2014-08-27 17:12:25.684 JST" StructureHandle="=cm7/src" StructureKind="java" NumEvents="6" CreationCount="1"/><InteractionEvent Delta="null" EndDate="2014-08-27 17:15:51.483 JST" Interest="1.0" Kind="prediction" Navigation="null" OriginId="org.eclipse.mylyn.resources.ui.interest.updater" StartDate="2014-08-27 17:15:51.483 JST" StructureHandle="/cm7/bin/res/crunch/drawable/menu_icon_admin_32x32_brown.png" StructureKind="resource"/><InteractionEvent Delta="null" EndDate="2014-08-27 17:15:51.483 JST" Interest="1.0" Kind="prediction" Navigation="null" OriginId="org.eclipse.mylyn.resources.ui.interest.updater" StartDate="2014-08-27 17:15:51.483 JST" StructureHandle="/cm7/bin/res/crunch/drawable/menu_icon_admin_32x32_green.png" StructureKind="resource"/><InteractionEvent Delta="null" EndDate="2014-08-27 19:32:02.632 JST" Interest="14.0" Kind="propagation" Navigation="null" OriginId="org.eclipse.jdt.ui.CompilationUnitEditor" StartDate="2014-08-27 19:14:14.195 JST" StructureHandle="/IFM11" StructureKind="resource" NumEvents="14" CreationCount="139"/><InteractionEvent Delta="null" EndDate="2014-08-27 19:05:17.251 JST" Interest="1.0" Kind="selection" Navigation="null" OriginId="org.eclipse.ui.views.ContentOutline" StartDate="2014-08-27 19:05:17.251 JST" StructureHandle="=cm7/src&amp;lt;app.utils{Methods_dlg.java[Methods_dlg~conf_Import_DB~QActivity;~QDialog;~QDialog;" StructureKind="java"/><InteractionEvent Delta="null" EndDate="2014-08-28 00:33:02.244 JST" Interest="307.017" Kind="propagation" Navigation="org.eclipse.mylyn.core.model.edges.containment" OriginId="org.eclipse.mylyn.core.model.interest.propagation" StartDate="2014-08-27 17:13:00.880 JST" StructureHandle="/cm7/src/app" StructureKind="resource" NumEvents="308" CreationCount="11"/><InteractionEvent Delta="null" EndDate="2014-08-28 00:29:52.955 JST" Interest="10.017" Kind="propagation" Navigation="null" OriginId="org.eclipse.jdt.ui.PackageExplorer" StartDate="2014-08-27 17:13:54.227 JST" StructureHandle="/cm7/src/app/listeners/text" StructureKind="resource" NumEvents="11" CreationCount="29"/><InteractionEvent Delta="null" EndDate="2014-08-28 00:28:24.584 JST" Interest="2.0" Kind="selection" Navigation="null" OriginId="org.eclipse.jdt.ui.CompilationUnitEditor" StartDate="2014-08-28 00:28:20.740 JST" StructureHandle="=cm7/src&amp;lt;app.utils{CONS.java[CONS[PlayActv^adp_Patterns_GV_3" StructureKind="java" NumEvents="2" CreationCount="411"/><InteractionEvent Delta="null" EndDate="2014-08-27 17:13:09.842 JST" Interest="1.0" Kind="selection" Navigation="null" OriginId="org.eclipse.jdt.ui.CompilationUnitEditor" StartDate="2014-08-27 17:13:09.842 JST" StructureHandle="=cm7/src&amp;lt;app.utils{Methods_dlg.java#java.util.List" StructureKind="java"/><InteractionEvent Delta="null" EndDate="2014-08-27 19:32:02.630 JST" Interest="12.0" Kind="propagation" Navigation="null" OriginId="org.eclipse.jdt.ui.CompilationUnitEditor" StartDate="2014-08-27 19:14:27.546 JST" StructureHandle="/IFM11/src/ifm11/utils/Methods_dlg.java" StructureKind="resource" NumEvents="12" CreationCount="140"/><InteractionEvent Delta="null" EndDate="2014-08-28 00:29:52.69 JST" Interest="1.0" Kind="edit" Navigation="null" OriginId="org.eclipse.jdt.ui.CompilationUnitEditor" StartDate="2014-08-28 00:29:52.69 JST" StructureHandle="=cm7/src&amp;lt;app.utils{CONS.java[CONS[PlayActv^adp_Patterns_GV_1" StructureKind="java"/><InteractionEvent Delta="null" EndDate="2014-08-28 00:33:01.654 JST" Interest="3.0" Kind="selection" Navigation="null" OriginId="org.eclipse.jdt.ui.CompilationUnitEditor" StartDate="2014-08-28 00:28:25.968 JST" StructureHandle="=cm7/src&amp;lt;app.utils{CONS.java[CONS[PlayActv^adp_Patterns_GV_1" StructureKind="java" NumEvents="3" CreationCount="418"/><InteractionEvent Delta="null" EndDate="2014-08-28 00:28:22.744 JST" Interest="7.477" Kind="propagation" Navigation="org.eclipse.mylyn.core.model.edges.containment" OriginId="org.eclipse.mylyn.core.model.interest.propagation" StartDate="2014-08-27 17:14:01.5 JST" StructureHandle="=cm7/src&amp;lt;app.listeners.text{TV_LCL.java[TV_LCL" StructureKind="java" NumEvents="5" CreationCount="33"/><InteractionEvent Delta="null" EndDate="2014-08-27 19:14:05.237 JST" Interest="10.0" Kind="propagation" Navigation="null" OriginId="org.eclipse.jdt.ui.PackageExplorer" StartDate="2014-08-27 19:04:05.643 JST" StructureHandle="/TA2/src" StructureKind="resource" NumEvents="10" CreationCount="64"/><InteractionEvent Delta="null" EndDate="2014-08-27 19:13:12.173 JST" Interest="3.0" Kind="edit" Navigation="null" OriginId="org.eclipse.jdt.ui.CompilationUnitEditor" StartDate="2014-08-27 19:13:10.334 JST" StructureHandle="=cm7/src&amp;lt;app.utils{Methods_dlg.java[Methods_dlg~dlg_Db_Activity~QActivity;" StructureKind="java" NumEvents="3" CreationCount="117"/><InteractionEvent Delta="null" EndDate="2014-08-27 19:13:10.721 JST" Interest="2.0" Kind="selection" Navigation="null" OriginId="org.eclipse.ui.views.ContentOutline" StartDate="2014-08-27 19:13:03.234 JST" StructureHandle="=cm7/src&amp;lt;app.utils{Methods_dlg.java[Methods_dlg~dlg_Db_Activity~QActivity;" StructureKind="java" NumEvents="2" CreationCount="117"/><InteractionEvent Delta="null" EndDate="2014-08-27 19:14:05.237 JST" Interest="6.9999995" Kind="propagation" Navigation="org.eclipse.mylyn.core.model.edges.containment" OriginId="org.eclipse.mylyn.core.model.interest.propagation" StartDate="2014-08-27 19:04:05.643 JST" StructureHandle="=TA2" StructureKind="resource" NumEvents="7" CreationCount="64"/><InteractionEvent Delta="null" EndDate="2014-08-27 19:13:36.49 JST" Interest="3.0" Kind="selection" Navigation="null" OriginId="org.eclipse.ui.views.ResourceNavigator" StartDate="2014-08-27 19:04:10.68 JST" StructureHandle="=TA2" StructureKind="java" NumEvents="3" CreationCount="64"/><InteractionEvent Delta="null" EndDate="2014-08-28 00:33:02.241 JST" Interest="10.228001" Kind="propagation" Navigation="org.eclipse.mylyn.core.model.edges.containment" OriginId="org.eclipse.mylyn.core.model.interest.propagation" StartDate="2014-08-27 19:15:44.607 JST" StructureHandle="=cm7/src&amp;lt;app.utils{CONS.java[CONS" StructureKind="java" NumEvents="13" CreationCount="176"/><InteractionEvent Delta="null" EndDate="2014-08-28 00:28:21.788 JST" Interest="16.9" Kind="propagation" Navigation="org.eclipse.mylyn.core.model.edges.containment" OriginId="org.eclipse.mylyn.core.model.interest.propagation" StartDate="2014-08-27 17:12:31.819 JST" StructureHandle="/cm7/res" StructureKind="resource" NumEvents="22" CreationCount="5"/><InteractionEvent Delta="null" EndDate="2014-08-27 17:12:29.162 JST" Interest="1.0" Kind="selection" Navigation="null" OriginId="org.eclipse.jdt.ui.PackageExplorer" StartDate="2014-08-27 17:12:29.162 JST" StructureHandle="/cm7/res" StructureKind="resource"/><InteractionEvent Delta="null" EndDate="2014-08-27 19:20:13.17 JST" Interest="7.245001" Kind="propagation" Navigation="org.eclipse.mylyn.core.model.edges.containment" OriginId="org.eclipse.mylyn.core.model.interest.propagation" StartDate="2014-08-27 19:15:44.607 JST" StructureHandle="=cm7/src&amp;lt;app.utils{CONS.java" StructureKind="java" NumEvents="13" CreationCount="175"/><InteractionEvent Delta="null" EndDate="2014-08-28 00:28:24.518 JST" Interest="5.0" Kind="selection" Navigation="null" OriginId="org.eclipse.jdt.ui.CompilationUnitEditor" StartDate="2014-08-27 19:15:43.845 JST" StructureHandle="=cm7/src&amp;lt;app.utils{CONS.java" StructureKind="java" NumEvents="5" CreationCount="175"/><InteractionEvent Delta="null" EndDate="2014-08-28 00:33:02.241 JST" Interest="35.0" Kind="propagation" Navigation="null" OriginId="org.eclipse.jdt.ui.CompilationUnitEditor" StartDate="2014-08-27 19:15:43.846 JST" StructureHandle="/cm7/src/app/utils/CONS.java" StructureKind="resource" NumEvents="35" CreationCount="175"/><InteractionEvent Delta="null" EndDate="2014-08-27 17:12:52.971 JST" Interest="1.0" Kind="selection" Navigation="null" OriginId="org.eclipse.jdt.ui.PackageExplorer" StartDate="2014-08-27 17:12:52.971 JST" StructureHandle="/cm7/res/layout/actv_imp.xml" StructureKind="resource"/><InteractionEvent Delta="null" EndDate="2014-08-28 00:28:18.801 JST" Interest="135.33601" Kind="propagation" Navigation="org.eclipse.mylyn.core.model.edges.containment" OriginId="org.eclipse.mylyn.core.model.interest.propagation" StartDate="2014-08-27 17:13:02.595 JST" StructureHandle="=cm7/src&amp;lt;app.utils" StructureKind="java" NumEvents="194" CreationCount="10"/><InteractionEvent Delta="null" EndDate="2014-08-27 19:26:53.660 JST" Interest="2.0" Kind="selection" Navigation="null" OriginId="org.eclipse.jdt.ui.PackageExplorer" StartDate="2014-08-27 17:13:00.879 JST" StructureHandle="=cm7/src&amp;lt;app.utils" StructureKind="java" NumEvents="2" CreationCount="10"/><InteractionEvent Delta="null" EndDate="2014-08-27 19:32:09.991 JST" Interest="5.0" Kind="prediction" Navigation="null" OriginId="org.eclipse.mylyn.resources.ui.interest.updater" StartDate="2014-08-27 17:15:51.483 JST" StructureHandle="/cm7/bin/cm7.apk" StructureKind="resource" NumEvents="5" CreationCount="12"/><InteractionEvent Delta="null" EndDate="2014-08-27 19:04:36.628 JST" Interest="4.0" Kind="edit" Navigation="null" OriginId="org.eclipse.jdt.ui.CompilationUnitEditor" StartDate="2014-08-27 19:04:35.424 JST" StructureHandle="=CM6/src&amp;lt;cm6.utils{Methods_dlg.java[Methods_dlg~dlg_edit_title~QActivity;~QAI;" StructureKind="java" NumEvents="4" CreationCount="77"/><InteractionEvent Delta="null" EndDate="2014-08-27 19:04:40.248 JST" Interest="5.0" Kind="selection" Navigation="null" OriginId="org.eclipse.jdt.ui.CompilationUnitEditor" StartDate="2014-08-27 19:04:34.812 JST" StructureHandle="=CM6/src&amp;lt;cm6.utils{Methods_dlg.java[Methods_dlg~dlg_edit_title~QActivity;~QAI;" StructureKind="java" NumEvents="5" CreationCount="77"/><InteractionEvent Delta="null" EndDate="2014-08-27 17:15:51.483 JST" Interest="1.0" Kind="prediction" Navigation="null" OriginId="org.eclipse.mylyn.resources.ui.interest.updater" StartDate="2014-08-27 17:15:51.483 JST" StructureHandle="/cm7/bin/res/crunch/drawable/menu_icon_admin_32x32.png" StructureKind="resource"/><InteractionEvent Delta="null" EndDate="2014-08-27 19:29:21.390 JST" Interest="1.0" Kind="selection" Navigation="null" OriginId="org.eclipse.jdt.ui.PackageExplorer" StartDate="2014-08-27 19:29:21.390 JST" StructureHandle="/cm7/res/layout/actv_play.xml" StructureKind="resource"/><InteractionEvent Delta="null" EndDate="2014-08-27 19:24:05.309 JST" Interest="7.137001" Kind="propagation" Navigation="org.eclipse.mylyn.core.model.edges.containment" OriginId="org.eclipse.mylyn.core.model.interest.propagation" StartDate="2014-08-27 17:15:51.483 JST" StructureHandle="/cm7/bin" StructureKind="resource" NumEvents="4" CreationCount="14"/><InteractionEvent Delta="null" EndDate="2014-08-27 17:14:01.622 JST" Interest="3.0" Kind="edit" Navigation="null" OriginId="org.eclipse.jdt.ui.CompilationUnitEditor" StartDate="2014-08-27 17:14:01.136 JST" StructureHandle="=cm7/src&amp;lt;app.listeners.text{TV_LCL.java[TV_LCL~case_PlayActv_Title~QView;" StructureKind="java" NumEvents="3" CreationCount="33"/><InteractionEvent Delta="null" EndDate="2014-08-28 00:28:22.744 JST" Interest="3.3770003" Kind="manipulation" Navigation="null" OriginId="org.eclipse.mylyn.core.model.interest.decay.correction" StartDate="2014-08-28 00:28:22.744 JST" StructureHandle="=cm7/src&amp;lt;app.listeners.text{TV_LCL.java[TV_LCL~case_PlayActv_Title~QView;" StructureKind="java"/><InteractionEvent Delta="null" EndDate="2014-08-28 00:28:22.744 JST" Interest="2.0" Kind="selection" Navigation="null" OriginId="org.eclipse.jdt.ui.CompilationUnitEditor" StartDate="2014-08-27 17:14:01.5 JST" StructureHandle="=cm7/src&amp;lt;app.listeners.text{TV_LCL.java[TV_LCL~case_PlayActv_Title~QView;" StructureKind="java" NumEvents="2" CreationCount="33"/><InteractionEvent Delta="null" EndDate="2014-08-27 19:24:05.308 JST" Interest="1.0" Kind="prediction" Navigation="null" OriginId="org.eclipse.mylyn.resources.ui.interest.updater" StartDate="2014-08-27 19:24:05.308 JST" StructureHandle="/cm7/bin/jarlist.cache" StructureKind="resource"/><InteractionEvent Delta="null" EndDate="2014-08-27 19:20:13.16 JST" Interest="1.0" Kind="selection" Navigation="null" OriginId="org.eclipse.jdt.ui.CompilationUnitEditor" StartDate="2014-08-27 19:20:13.16 JST" StructureHandle="=cm7/src&amp;lt;app.utils{CONS.java[CONS[PlayActv^a" StructureKind="java"/><InteractionEvent Delta="null" EndDate="2014-08-27 19:31:55.564 JST" Interest="38.0" Kind="propagation" Navigation="null" OriginId="org.eclipse.jdt.ui.CompilationUnitEditor" StartDate="2014-08-27 19:04:11.468 JST" StructureHandle="/CM6" StructureKind="resource" NumEvents="38" CreationCount="69"/><InteractionEvent Delta="null" EndDate="2014-08-27 19:05:08.327 JST" Interest="3.0" Kind="edit" Navigation="null" OriginId="org.eclipse.jdt.ui.CompilationUnitEditor" StartDate="2014-08-27 19:05:07.239 JST" StructureHandle="=CM6/src&amp;lt;cm6.utils{Methods_dlg.java[Methods_dlg" StructureKind="java" NumEvents="3" CreationCount="75"/><InteractionEvent Delta="null" EndDate="2014-08-27 19:04:40.248 JST" Interest="7.834" Kind="propagation" Navigation="org.eclipse.mylyn.core.model.edges.containment" OriginId="org.eclipse.mylyn.core.model.interest.propagation" StartDate="2014-08-27 19:04:25.449 JST" StructureHandle="=CM6/src&amp;lt;cm6.utils{Methods_dlg.java[Methods_dlg" StructureKind="java" NumEvents="9" CreationCount="75"/><InteractionEvent Delta="null" EndDate="2014-08-27 19:13:28.108 JST" Interest="2.0" Kind="selection" Navigation="null" OriginId="org.eclipse.jdt.ui.CompilationUnitEditor" StartDate="2014-08-27 19:05:07.232 JST" StructureHandle="=CM6/src&amp;lt;cm6.utils{Methods_dlg.java[Methods_dlg" StructureKind="java" NumEvents="2" CreationCount="75"/><InteractionEvent Delta="null" EndDate="2014-08-27 17:13:03.50 JST" Interest="1.0" Kind="edit" Navigation="null" OriginId="org.eclipse.jdt.ui.CompilationUnitEditor" StartDate="2014-08-27 17:13:03.50 JST" StructureHandle="=cm7/src&amp;lt;app.utils{Methods_dlg.java" StructureKind="java"/><InteractionEvent Delta="null" EndDate="2014-08-27 19:23:45.181 JST" Interest="124.296005" Kind="propagation" Navigation="org.eclipse.mylyn.core.model.edges.containment" OriginId="org.eclipse.mylyn.core.model.interest.propagation" StartDate="2014-08-27 17:13:31.777 JST" StructureHandle="=cm7/src&amp;lt;app.utils{Methods_dlg.java" StructureKind="java" NumEvents="179" CreationCount="30"/><InteractionEvent Delta="null" EndDate="2014-08-27 19:32:07.719 JST" Interest="12.0" Kind="selection" Navigation="null" OriginId="org.eclipse.jdt.ui.CompilationUnitEditor" StartDate="2014-08-27 17:13:02.595 JST" StructureHandle="=cm7/src&amp;lt;app.utils{Methods_dlg.java" StructureKind="java" NumEvents="12" CreationCount="30"/><InteractionEvent Delta="null" EndDate="2014-08-27 19:14:03.798 JST" Interest="4.173" Kind="propagation" Navigation="org.eclipse.mylyn.core.model.edges.containment" OriginId="org.eclipse.mylyn.core.model.interest.propagation" StartDate="2014-08-27 19:04:05.644 JST" StructureHandle="=TA2/src" StructureKind="java" NumEvents="6" CreationCount="64"/><InteractionEvent Delta="null" EndDate="2014-08-27 19:20:06.987 JST" Interest="1.0" Kind="selection" Navigation="null" OriginId="org.eclipse.jdt.ui.CompilationUnitEditor" StartDate="2014-08-27 19:20:06.987 JST" StructureHandle="=cm7/src&amp;lt;app.utils{CONS.java[CONS[PlayActv^playActv_task_Period" StructureKind="java"/><InteractionEvent Delta="null" EndDate="2014-08-27 19:31:55.563 JST" Interest="29.067995" Kind="propagation" Navigation="org.eclipse.mylyn.core.model.edges.containment" OriginId="org.eclipse.mylyn.core.model.interest.propagation" StartDate="2014-08-27 19:04:15.618 JST" StructureHandle="=CM6" StructureKind="resource" NumEvents="33" CreationCount="69"/><InteractionEvent Delta="null" EndDate="2014-08-27 19:13:33.719 JST" Interest="3.0" Kind="selection" Navigation="null" OriginId="org.eclipse.ui.views.ResourceNavigator" StartDate="2014-08-27 19:04:11.468 JST" StructureHandle="=CM6" StructureKind="java" NumEvents="3" CreationCount="69"/><InteractionEvent Delta="null" EndDate="2014-08-27 19:04:10.55 JST" Interest="3.0" Kind="selection" Navigation="null" OriginId="org.eclipse.ui.views.ResourceNavigator" StartDate="2014-08-27 19:04:05.641 JST" StructureHandle="=TA2/src&amp;lt;ta2.items{ListItem.java" StructureKind="java" NumEvents="3" CreationCount="64"/><InteractionEvent Delta="null" EndDate="2014-08-27 19:19:27.996 JST" Interest="4.0" Kind="edit" Navigation="null" OriginId="org.eclipse.jdt.ui.CompilationUnitEditor" StartDate="2014-08-27 19:19:20.912 JST" StructureHandle="=cm7/src&amp;lt;app.utils{CONS.java[CONS[PlayActv" StructureKind="java" NumEvents="4" CreationCount="260"/><InteractionEvent Delta="null" EndDate="2014-08-28 00:33:02.241 JST" Interest="6.0" Kind="selection" Navigation="null" OriginId="org.eclipse.jdt.ui.CompilationUnitEditor" StartDate="2014-08-27 19:19:19.893 JST" StructureHandle="=cm7/src&amp;lt;app.utils{CONS.java[CONS[PlayActv" StructureKind="java" NumEvents="6" CreationCount="260"/></InteractionHistory>