<?xml version="1.0" encoding="UTF-8"?><InteractionHistory Id="local-213" Version="1"><InteractionEvent Delta="null" EndDate="2014-11-15 15:58:21.116 JST" Interest="12.724001" Kind="propagation" Navigation="org.eclipse.mylyn.core.model.edges.containment" OriginId="org.eclipse.mylyn.core.model.interest.propagation" StartDate="2014-11-15 15:53:38.184 JST" StructureHandle="" StructureKind="java" NumEvents="12" CreationCount="585"/><InteractionEvent Delta="null" EndDate="2014-11-15 15:57:38.958 JST" Interest="1.0" Kind="selection" Navigation="null" OriginId="org.eclipse.jdt.ui.PackageExplorer" StartDate="2014-11-15 15:57:38.958 JST" StructureHandle="/NDKSample/res/layout" StructureKind="resource"/><InteractionEvent Delta="null" EndDate="2014-11-15 15:57:20.885 JST" Interest="3.0" Kind="propagation" Navigation="null" OriginId="org.eclipse.ui.views.ResourceNavigator" StartDate="2014-11-15 15:55:58.541 JST" StructureHandle="/TA2/src/ta2/utils/CONS.java" StructureKind="resource" NumEvents="3" CreationCount="1071"/><InteractionEvent Delta="null" EndDate="2014-11-15 16:15:05.920 JST" Interest="1187.0339" Kind="propagation" Navigation="null" OriginId="org.eclipse.jdt.ui.CompilationUnitEditor" StartDate="2014-11-15 15:17:43.783 JST" StructureHandle="/NDKSample/src" StructureKind="resource" NumEvents="1189" CreationCount="2"/><InteractionEvent Delta="null" EndDate="2014-11-15 16:00:14.542 JST" Interest="1.0" Kind="selection" Navigation="null" OriginId="org.eclipse.jdt.ui.CompilationUnitEditor" StartDate="2014-11-15 16:00:14.542 JST" StructureHandle="=NDKSample/src&amp;lt;ndk.utils{Methods.java#java.io.IOException" StructureKind="java"/><InteractionEvent Delta="null" EndDate="2014-11-15 15:55:29.948 JST" Interest="2.0" Kind="selection" Navigation="null" OriginId="org.eclipse.ui.views.ContentOutline" StartDate="2014-11-15 15:55:29.758 JST" StructureHandle="=NDKSample/src&amp;lt;ndk.utils{Methods.java[Methods~save_Memo~QActivity;~QDialog;~I" StructureKind="java" NumEvents="2" CreationCount="902"/><InteractionEvent Delta="null" EndDate="2014-11-15 15:57:20.886 JST" Interest="12.228001" Kind="propagation" Navigation="org.eclipse.mylyn.core.model.edges.containment" OriginId="org.eclipse.mylyn.core.model.interest.propagation" StartDate="2014-11-15 15:53:40.592 JST" StructureHandle="/TA2/src/ta2" StructureKind="resource" NumEvents="9" CreationCount="587"/><InteractionEvent Delta="null" EndDate="2014-11-15 15:57:46.862 JST" Interest="5.0" Kind="selection" Navigation="null" OriginId="org.eclipse.jdt.ui.CompilationUnitEditor" StartDate="2014-11-15 15:56:39.932 JST" StructureHandle="=NDKSample/src&amp;lt;ndk.utils{CONS.java[CONS[Admin" StructureKind="java" NumEvents="5" CreationCount="1134"/><InteractionEvent Delta="null" EndDate="2014-11-15 15:56:45.538 JST" Interest="3.0" Kind="edit" Navigation="null" OriginId="org.eclipse.jdt.ui.CompilationUnitEditor" StartDate="2014-11-15 15:56:40.457 JST" StructureHandle="=NDKSample/src&amp;lt;ndk.utils{CONS.java[CONS[Admin" StructureKind="java" NumEvents="3" CreationCount="1134"/><InteractionEvent Delta="null" EndDate="2014-11-15 15:55:36.43 JST" Interest="1.0" Kind="selection" Navigation="null" OriginId="org.eclipse.ui.views.ContentOutline" StartDate="2014-11-15 15:55:36.43 JST" StructureHandle="=NDKSample/src&amp;lt;ndk.utils{Methods.java[Methods~start_Activity_MemoEditActv~QActivity;~QDialog;~QMemo;" StructureKind="java"/><InteractionEvent Delta="null" EndDate="2014-11-15 15:55:42.285 JST" Interest="17.0" Kind="selection" Navigation="null" OriginId="org.eclipse.ui.views.ContentOutline" StartDate="2014-11-15 15:55:38.790 JST" StructureHandle="=NDKSample/src&amp;lt;ndk.utils{Methods.java[Methods~start_Activity_MemoEditActv__ForResult~QActivity;~QDialog;~QMemo;" StructureKind="java" NumEvents="17" CreationCount="924"/><InteractionEvent Delta="null" EndDate="2014-11-15 15:57:46.863 JST" Interest="79.0" Kind="propagation" Navigation="null" OriginId="org.eclipse.jdt.ui.CompilationUnitEditor" StartDate="2014-11-15 15:56:07.263 JST" StructureHandle="/NDKSample/src/ndk/utils/CONS.java" StructureKind="resource" NumEvents="79" CreationCount="1075"/><InteractionEvent Delta="null" EndDate="2014-11-15 15:59:36.870 JST" Interest="1.0" Kind="selection" Navigation="null" OriginId="org.eclipse.jdt.ui.CompilationUnitEditor" StartDate="2014-11-15 15:59:36.870 JST" StructureHandle="=NDKSample/src&amp;lt;ndk.utils{Methods.java[Methods~get_Pref_String~QActivity;~QString;~QString;~QString;" StructureKind="java"/><InteractionEvent Delta="null" EndDate="2014-11-15 15:49:04.700 JST" Interest="2.0" Kind="prediction" Navigation="null" OriginId="org.eclipse.mylyn.resources.ui.interest.updater" StartDate="2014-11-15 15:21:23.234 JST" StructureHandle="/NDKSample/obj/local/armeabi/libNDKSample.so" StructureKind="resource" NumEvents="2" CreationCount="79"/><InteractionEvent Delta="null" EndDate="2014-11-15 15:57:33.177 JST" Interest="2.0" Kind="selection" Navigation="null" OriginId="org.eclipse.jdt.ui.PackageExplorer" StartDate="2014-11-15 15:56:58.971 JST" StructureHandle="=NDKSample/gen&amp;lt;ndk.main" StructureKind="java" NumEvents="2" CreationCount="1143"/><InteractionEvent Delta="null" EndDate="2014-11-15 15:54:42.575 JST" Interest="5.0" Kind="selection" Navigation="null" OriginId="org.eclipse.ui.views.ContentOutline" StartDate="2014-11-15 15:54:41.877 JST" StructureHandle="=NDKSample/src&amp;lt;ndk.utils{Methods.java[Methods~filter_MemoList_Single_KW~QActivity;~I~QEditText;" StructureKind="java" NumEvents="5" CreationCount="734"/><InteractionEvent Delta="null" EndDate="2014-11-15 15:54:20.22 JST" Interest="2.0" Kind="selection" Navigation="null" OriginId="org.eclipse.ui.views.ContentOutline" StartDate="2014-11-15 15:54:12.992 JST" StructureHandle="=NDKSample/src&amp;lt;ndk.utils{Methods.java[Methods~confirm_quit~QActivity;~I" StructureKind="java" NumEvents="2" CreationCount="613"/><InteractionEvent Delta="null" EndDate="2014-11-15 15:57:33.178 JST" Interest="2.017" Kind="propagation" Navigation="org.eclipse.mylyn.core.model.edges.containment" OriginId="org.eclipse.mylyn.core.model.interest.propagation" StartDate="2014-11-15 15:56:57.767 JST" StructureHandle="/NDKSample/gen" StructureKind="resource" NumEvents="3" CreationCount="1142"/><InteractionEvent Delta="null" EndDate="2014-11-15 15:17:40.460 JST" Interest="1.0" Kind="propagation" Navigation="org.eclipse.mylyn.core.model.edges.containment" OriginId="org.eclipse.mylyn.core.model.interest.propagation" StartDate="2014-11-15 15:17:40.460 JST" StructureHandle="=IFM11" StructureKind="resource"/><InteractionEvent Delta="null" EndDate="2014-11-15 15:55:57.145 JST" Interest="7.160001" Kind="manipulation" Navigation="null" OriginId="org.eclipse.mylyn.core.model.interest.decay.correction" StartDate="2014-11-15 15:55:57.145 JST" StructureHandle="=TA2/src&amp;lt;ta2.utils{Methods.java" StructureKind="java"/><InteractionEvent Delta="null" EndDate="2014-11-15 15:55:57.145 JST" Interest="2.0" Kind="selection" Navigation="null" OriginId="org.eclipse.ui.views.ResourceNavigator" StartDate="2014-11-15 15:53:43.501 JST" StructureHandle="=TA2/src&amp;lt;ta2.utils{Methods.java" StructureKind="java" NumEvents="2" CreationCount="589"/><InteractionEvent Delta="null" EndDate="2014-11-15 15:56:30.914 JST" Interest="1.0" Kind="selection" Navigation="null" OriginId="org.eclipse.ui.views.ContentOutline" StartDate="2014-11-15 15:56:30.914 JST" StructureHandle="=NDKSample/src&amp;lt;ndk.utils{CONS.java[CONS[TNActv" StructureKind="java"/><InteractionEvent Delta="null" EndDate="2014-11-15 16:03:53.711 JST" Interest="14.0" Kind="selection" Navigation="null" OriginId="org.eclipse.cdt.ui.editor.CEditor" StartDate="2014-11-15 15:18:01.58 JST" StructureHandle="/NDKSample/jni/NDKSample.cpp" StructureKind="resource" NumEvents="14" CreationCount="8"/><InteractionEvent Delta="null" EndDate="2014-11-15 16:03:53.824 JST" Interest="249.0" Kind="edit" Navigation="null" OriginId="org.eclipse.cdt.ui.editor.CEditor" StartDate="2014-11-15 15:18:02.634 JST" StructureHandle="/NDKSample/jni/NDKSample.cpp" StructureKind="resource" NumEvents="249" CreationCount="8"/><InteractionEvent Delta="null" EndDate="2014-11-15 15:49:04.700 JST" Interest="6.0" Kind="propagation" Navigation="org.eclipse.mylyn.core.model.edges.containment" OriginId="org.eclipse.mylyn.core.model.interest.propagation" StartDate="2014-11-15 15:21:23.234 JST" StructureHandle="/NDKSample/obj" StructureKind="resource" NumEvents="5" CreationCount="79"/><InteractionEvent Delta="null" EndDate="2014-11-15 15:49:42.512 JST" Interest="2.8530002" Kind="manipulation" Navigation="null" OriginId="org.eclipse.mylyn.core.model.interest.decay.correction" StartDate="2014-11-15 15:49:42.512 JST" StructureHandle="=NDKSample/src&amp;lt;ndk.main{MainActv.java[MainActv~_test" StructureKind="java"/><InteractionEvent Delta="null" EndDate="2014-11-15 16:05:58.843 JST" Interest="9.0" Kind="selection" Navigation="null" OriginId="org.eclipse.jdt.ui.CompilationUnitEditor" StartDate="2014-11-15 15:22:20.665 JST" StructureHandle="=NDKSample/src&amp;lt;ndk.main{MainActv.java[MainActv~_test" StructureKind="java" NumEvents="9" CreationCount="100"/><InteractionEvent Delta="null" EndDate="2014-11-15 16:06:37.17 JST" Interest="349.0" Kind="edit" Navigation="null" OriginId="org.eclipse.jdt.ui.CompilationUnitEditor" StartDate="2014-11-15 15:22:23.22 JST" StructureHandle="=NDKSample/src&amp;lt;ndk.main{MainActv.java[MainActv~_test" StructureKind="java" NumEvents="349" CreationCount="100"/><InteractionEvent Delta="null" EndDate="2014-11-15 16:15:05.920 JST" Interest="1186.0509" Kind="propagation" Navigation="org.eclipse.mylyn.core.model.edges.containment" OriginId="org.eclipse.mylyn.core.model.interest.propagation" StartDate="2014-11-15 15:17:40.460 JST" StructureHandle="/" StructureKind="resource" NumEvents="1278" CreationCount="1"/><InteractionEvent Delta="null" EndDate="2014-11-15 15:58:00.126 JST" Interest="1.0" Kind="selection" Navigation="null" OriginId="org.eclipse.jdt.ui.CompilationUnitEditor" StartDate="2014-11-15 15:58:00.126 JST" StructureHandle="=NDKSample/src&amp;lt;ndk.utils{Tags.java[Tags[SwipeTags^ACTV_SHOWLIST_BASE" StructureKind="java"/><InteractionEvent Delta="null" EndDate="2014-11-15 15:58:27.565 JST" Interest="2.0" Kind="propagation" Navigation="null" OriginId="org.eclipse.ui.views.ResourceNavigator" StartDate="2014-11-15 15:58:26.802 JST" StructureHandle="/TA2/libs/commons-lang-2.6.jar" StructureKind="resource" NumEvents="2" CreationCount="1191"/><InteractionEvent Delta="null" EndDate="2014-11-15 15:55:33.810 JST" Interest="1.0" Kind="selection" Navigation="null" OriginId="org.eclipse.ui.views.ContentOutline" StartDate="2014-11-15 15:55:33.810 JST" StructureHandle="=NDKSample/src&amp;lt;ndk.utils{Methods.java[Methods~set_Pref_Int~QActivity;~QString;~QString;~I" StructureKind="java"/><InteractionEvent Delta="null" EndDate="2014-11-15 15:59:31.413 JST" Interest="1.0" Kind="selection" Navigation="null" OriginId="org.eclipse.jdt.ui.CompilationUnitEditor" StartDate="2014-11-15 15:59:31.413 JST" StructureHandle="=NDKSample/src&amp;lt;ndk.utils{Methods.java#android.database.sqlite.SQLiteDatabase" StructureKind="java"/><InteractionEvent Delta="null" EndDate="2014-11-15 15:54:51.391 JST" Interest="7.0" Kind="selection" Navigation="null" OriginId="org.eclipse.ui.views.ContentOutline" StartDate="2014-11-15 15:54:45.791 JST" StructureHandle="=NDKSample/src&amp;lt;ndk.utils{Methods.java[Methods~ftp_Remote_DB~QActivity;" StructureKind="java" NumEvents="7" CreationCount="802"/><InteractionEvent Delta="null" EndDate="2014-11-15 16:00:19.259 JST" Interest="656.79205" Kind="propagation" Navigation="org.eclipse.mylyn.core.model.edges.containment" OriginId="org.eclipse.mylyn.core.model.interest.propagation" StartDate="2014-11-15 15:17:45.63 JST" StructureHandle="/NDKSample/src/ndk" StructureKind="resource" NumEvents="659" CreationCount="3"/><InteractionEvent Delta="null" EndDate="2014-11-15 15:55:35.101 JST" Interest="1.0" Kind="selection" Navigation="null" OriginId="org.eclipse.ui.views.ContentOutline" StartDate="2014-11-15 15:55:35.101 JST" StructureHandle="=NDKSample/src&amp;lt;ndk.utils{Methods.java[Methods~sort_list_files~\[QFile;" StructureKind="java"/><InteractionEvent Delta="null" EndDate="2014-11-15 15:55:20.783 JST" Interest="5.0" Kind="selection" Navigation="null" OriginId="org.eclipse.ui.views.ContentOutline" StartDate="2014-11-15 15:55:20.23 JST" StructureHandle="=NDKSample/src&amp;lt;ndk.utils{Methods.java[Methods~playSound~QActivity;~I" StructureKind="java" NumEvents="5" CreationCount="840"/><InteractionEvent Delta="null" EndDate="2014-11-15 15:58:31.91 JST" Interest="1.0" Kind="propagation" Navigation="null" OriginId="org.eclipse.mylyn.resources.ui.interest.updater" StartDate="2014-11-15 15:58:31.91 JST" StructureHandle="/NDKSample/libs/commons-lang-2.6.jar" StructureKind="resource"/><InteractionEvent Delta="null" EndDate="2014-11-15 15:54:42.573 JST" Interest="6.0" Kind="selection" Navigation="null" OriginId="org.eclipse.ui.views.ContentOutline" StartDate="2014-11-15 15:54:41.679 JST" StructureHandle="=NDKSample/src&amp;lt;ndk.utils{Methods.java[Methods~filter_MemoList_Multiple_KW~QActivity;~QString;~\[QString;" StructureKind="java" NumEvents="6" CreationCount="720"/><InteractionEvent Delta="null" EndDate="2014-11-15 15:59:43.799 JST" Interest="1.0" Kind="selection" Navigation="null" OriginId="org.eclipse.jdt.ui.CompilationUnitEditor" StartDate="2014-11-15 15:59:43.799 JST" StructureHandle="=NDKSample/src&amp;lt;ndk.utils{Methods.java#android.content.Context" StructureKind="java"/><InteractionEvent Delta="null" EndDate="2014-11-15 16:15:05.920 JST" Interest="538.01697" Kind="propagation" Navigation="org.eclipse.mylyn.core.model.edges.containment" OriginId="org.eclipse.mylyn.core.model.interest.propagation" StartDate="2014-11-15 15:17:45.63 JST" StructureHandle="/NDKSample/src/ndk/main" StructureKind="resource" NumEvents="539" CreationCount="3"/><InteractionEvent Delta="null" EndDate="2014-11-15 15:58:31.90 JST" Interest="1.0" Kind="propagation" Navigation="null" OriginId="org.eclipse.mylyn.resources.ui.interest.updater" StartDate="2014-11-15 15:58:31.90 JST" StructureHandle="/NDKSample/libs/commons-net-3.3.jar" StructureKind="resource"/><InteractionEvent Delta="null" EndDate="2014-11-15 15:56:27.113 JST" Interest="9.0" Kind="selection" Navigation="null" OriginId="org.eclipse.ui.views.ContentOutline" StartDate="2014-11-15 15:56:20.150 JST" StructureHandle="=NDKSample/src&amp;lt;ndk.utils{CONS.java[CONS[IMageActv" StructureKind="java" NumEvents="9" CreationCount="1080"/><InteractionEvent Delta="null" EndDate="2014-11-15 15:19:28.73 JST" Interest="1.0" Kind="propagation" Navigation="null" OriginId="org.eclipse.mylyn.resources.ui.interest.updater" StartDate="2014-11-15 15:19:28.73 JST" StructureHandle="/NDKSample/jni/NDKSample.hpp" StructureKind="resource"/><InteractionEvent Delta="null" EndDate="2014-11-15 16:03:59.774 JST" Interest="16.0" Kind="selection" Navigation="null" OriginId="org.eclipse.cdt.ui.editor.CEditor" StartDate="2014-11-15 15:19:29.778 JST" StructureHandle="/NDKSample/jni/NDKSample.hpp" StructureKind="resource" NumEvents="16" CreationCount="33"/><InteractionEvent Delta="null" EndDate="2014-11-15 16:03:59.889 JST" Interest="30.0" Kind="edit" Navigation="null" OriginId="org.eclipse.cdt.ui.editor.CEditor" StartDate="2014-11-15 15:19:29.919 JST" StructureHandle="/NDKSample/jni/NDKSample.hpp" StructureKind="resource" NumEvents="30" CreationCount="33"/><InteractionEvent Delta="null" EndDate="2014-11-15 15:55:29.943 JST" Interest="6.0" Kind="selection" Navigation="null" OriginId="org.eclipse.ui.views.ContentOutline" StartDate="2014-11-15 15:55:27.984 JST" StructureHandle="=NDKSample/src&amp;lt;ndk.utils{Methods.java[Methods~restore_DB~QActivity;~QDialog;~QDialog;" StructureKind="java" NumEvents="6" CreationCount="872"/><InteractionEvent Delta="null" EndDate="2014-11-15 15:54:14.387 JST" Interest="2.0" Kind="selection" Navigation="null" OriginId="org.eclipse.ui.views.ContentOutline" StartDate="2014-11-15 15:54:12.987 JST" StructureHandle="=NDKSample/src&amp;lt;ndk.utils{Methods.java[Methods~addCol_PatternsUsed~QActivity;~QDialog;~QDialog;~QDialog;" StructureKind="java" NumEvents="2" CreationCount="610"/><InteractionEvent Delta="null" EndDate="2014-11-15 15:59:27.704 JST" Interest="22.582" Kind="propagation" Navigation="org.eclipse.mylyn.core.model.edges.containment" OriginId="org.eclipse.mylyn.core.model.interest.propagation" StartDate="2014-11-15 15:53:23.13 JST" StructureHandle="=NDKSample/src&amp;lt;ndk.utils" StructureKind="java" NumEvents="46" CreationCount="579"/><InteractionEvent Delta="null" EndDate="2014-11-15 15:56:04.447 JST" Interest="6.0" Kind="selection" Navigation="null" OriginId="org.eclipse.jdt.ui.PackageExplorer" StartDate="2014-11-15 15:53:23.70 JST" StructureHandle="=NDKSample/src&amp;lt;ndk.utils" StructureKind="java" NumEvents="6" CreationCount="579"/><InteractionEvent Delta="null" EndDate="2014-11-15 15:54:42.562 JST" Interest="16.0" Kind="selection" Navigation="null" OriginId="org.eclipse.ui.views.ContentOutline" StartDate="2014-11-15 15:54:39.38 JST" StructureHandle="=NDKSample/src&amp;lt;ndk.utils{Methods.java[Methods~createTable_Memos~QActivity;~QDialog;~QDialog;~QDialog;" StructureKind="java" NumEvents="16" CreationCount="635"/><InteractionEvent Delta="null" EndDate="2014-11-15 15:58:59.422 JST" Interest="1.0" Kind="propagation" Navigation="org.eclipse.mylyn.core.model.edges.containment" OriginId="org.eclipse.mylyn.core.model.interest.propagation" StartDate="2014-11-15 15:58:59.422 JST" StructureHandle="=NDKSample/src&amp;lt;ndk.utils{Methods.java#" StructureKind="java"/><InteractionEvent Delta="null" EndDate="2014-11-15 16:00:03.43 JST" Interest="11.0" Kind="selection" Navigation="null" OriginId="org.eclipse.jdt.ui.CompilationUnitEditor" StartDate="2014-11-15 15:59:06.179 JST" StructureHandle="=NDKSample/src&amp;lt;ndk.utils{Methods.java#" StructureKind="java" NumEvents="11" CreationCount="1219"/><InteractionEvent Delta="null" EndDate="2014-11-15 16:06:57.843 JST" Interest="5.0" Kind="prediction" Navigation="null" OriginId="org.eclipse.mylyn.resources.ui.interest.updater" StartDate="2014-11-15 15:23:37.466 JST" StructureHandle="/NDKSample/bin/classes.dex" StructureKind="resource" NumEvents="5" CreationCount="131"/><InteractionEvent Delta="null" EndDate="2014-11-15 15:54:42.579 JST" Interest="1.0" Kind="selection" Navigation="null" OriginId="org.eclipse.ui.views.ContentOutline" StartDate="2014-11-15 15:54:42.579 JST" StructureHandle="=NDKSample/src&amp;lt;ndk.utils{Methods.java[Methods~find_TI_From_TIList~QActivity;~J" StructureKind="java"/><InteractionEvent Delta="null" EndDate="2014-11-15 15:55:36.42 JST" Interest="2.0" Kind="selection" Navigation="null" OriginId="org.eclipse.ui.views.ContentOutline" StartDate="2014-11-15 15:55:35.868 JST" StructureHandle="=NDKSample/src&amp;lt;ndk.utils{Methods.java[Methods~start_Activity_MemoActv~QActivity;" StructureKind="java" NumEvents="2" CreationCount="919"/><InteractionEvent Delta="null" EndDate="2014-11-15 15:59:40.388 JST" Interest="1.0" Kind="selection" Navigation="null" OriginId="org.eclipse.jdt.ui.CompilationUnitEditor" StartDate="2014-11-15 15:59:40.388 JST" StructureHandle="=NDKSample/src&amp;lt;ndk.utils{Methods.java#android.app.AlertDialog" StructureKind="java"/><InteractionEvent Delta="null" EndDate="2014-11-15 16:00:08.231 JST" Interest="1.0" Kind="selection" Navigation="null" OriginId="org.eclipse.jdt.ui.CompilationUnitEditor" StartDate="2014-11-15 16:00:08.231 JST" StructureHandle="=NDKSample/src&amp;lt;ndk.utils{Methods.java#java.util.Locale" StructureKind="java"/><InteractionEvent Delta="null" EndDate="2014-11-15 15:54:04.501 JST" Interest="1.0" Kind="selection" Navigation="null" OriginId="org.eclipse.ui.views.ContentOutline" StartDate="2014-11-15 15:54:04.501 JST" StructureHandle="=NDKSample/src&amp;lt;ndk.utils{Methods.java[Methods~_import_Patterns__Get_PatternsList~QActivity;" StructureKind="java"/><InteractionEvent Delta="null" EndDate="2014-11-15 15:56:30.913 JST" Interest="2.0" Kind="selection" Navigation="null" OriginId="org.eclipse.ui.views.ContentOutline" StartDate="2014-11-15 15:56:30.736 JST" StructureHandle="=NDKSample/src&amp;lt;ndk.utils{CONS.java[CONS[ShowLogActv" StructureKind="java" NumEvents="2" CreationCount="1126"/><InteractionEvent Delta="null" EndDate="2014-11-15 15:54:46.583 JST" Interest="1.0" Kind="selection" Navigation="null" OriginId="org.eclipse.ui.views.ContentOutline" StartDate="2014-11-15 15:54:46.583 JST" StructureHandle="=NDKSample/src&amp;lt;ndk.utils{Methods.java[Methods~get_DirList~QString;[" StructureKind="java"/><InteractionEvent Delta="null" EndDate="2014-11-15 15:55:00.389 JST" Interest="1.0" Kind="selection" Navigation="null" OriginId="org.eclipse.ui.views.ContentOutline" StartDate="2014-11-15 15:55:00.389 JST" StructureHandle="=NDKSample/src&amp;lt;ndk.utils{Methods.java[Methods~get_Filename~QActivity;~QString;" StructureKind="java"/><InteractionEvent Delta="null" EndDate="2014-11-15 15:56:27.114 JST" Interest="7.0850005" Kind="propagation" Navigation="org.eclipse.mylyn.core.model.edges.containment" OriginId="org.eclipse.mylyn.core.model.interest.propagation" StartDate="2014-11-15 15:56:07.262 JST" StructureHandle="=NDKSample/src&amp;lt;ndk.utils{CONS.java" StructureKind="java" NumEvents="18" CreationCount="1075"/><InteractionEvent Delta="null" EndDate="2014-11-15 15:56:57.446 JST" Interest="3.0" Kind="selection" Navigation="null" OriginId="org.eclipse.jdt.ui.PackageExplorer" StartDate="2014-11-15 15:56:10.912 JST" StructureHandle="=NDKSample/src&amp;lt;ndk.utils{CONS.java" StructureKind="java" NumEvents="3" CreationCount="1075"/><InteractionEvent Delta="null" EndDate="2014-11-15 15:55:20.787 JST" Interest="1.0" Kind="selection" Navigation="null" OriginId="org.eclipse.ui.views.ContentOutline" StartDate="2014-11-15 15:55:20.787 JST" StructureHandle="=NDKSample/src&amp;lt;ndk.utils{Methods.java[Methods~recActv_Stop_2~QActivity;" StructureKind="java"/><InteractionEvent Delta="null" EndDate="2014-11-15 16:00:19.259 JST" Interest="554.0" Kind="propagation" Navigation="null" OriginId="org.eclipse.jdt.ui.CompilationUnitEditor" StartDate="2014-11-15 15:53:50.158 JST" StructureHandle="/NDKSample/src/ndk/utils/Methods.java" StructureKind="resource" NumEvents="554" CreationCount="590"/><InteractionEvent Delta="null" EndDate="2014-11-15 15:56:27.114 JST" Interest="9.034" Kind="propagation" Navigation="org.eclipse.mylyn.core.model.edges.containment" OriginId="org.eclipse.mylyn.core.model.interest.propagation" StartDate="2014-11-15 15:56:17.867 JST" StructureHandle="=NDKSample/src&amp;lt;ndk.utils{CONS.java[CONS" StructureKind="java" NumEvents="17" CreationCount="1078"/><InteractionEvent Delta="null" EndDate="2014-11-15 15:49:04.700 JST" Interest="6.0" Kind="propagation" Navigation="org.eclipse.mylyn.core.model.edges.containment" OriginId="org.eclipse.mylyn.core.model.interest.propagation" StartDate="2014-11-15 15:21:23.234 JST" StructureHandle="/NDKSample/obj/local" StructureKind="resource" NumEvents="5" CreationCount="79"/><InteractionEvent Delta="null" EndDate="2014-11-15 15:54:42.578 JST" Interest="2.0" Kind="selection" Navigation="null" OriginId="org.eclipse.ui.views.ContentOutline" StartDate="2014-11-15 15:54:42.422 JST" StructureHandle="=NDKSample/src&amp;lt;ndk.utils{Methods.java[Methods~find_Memo_from_ListView~QActivity;~J" StructureKind="java" NumEvents="2" CreationCount="782"/><InteractionEvent Delta="null" EndDate="2014-11-15 15:54:04.498 JST" Interest="1.0" Kind="selection" Navigation="null" OriginId="org.eclipse.ui.views.ContentOutline" StartDate="2014-11-15 15:54:04.498 JST" StructureHandle="=NDKSample/src&amp;lt;ndk.utils{Methods.java[Methods~_filter_MemoList_Multiple_KW__AND~QActivity;~\[QString;" StructureKind="java"/><InteractionEvent Delta="null" EndDate="2014-11-15 15:17:40.460 JST" Interest="1.0" Kind="propagation" Navigation="org.eclipse.mylyn.core.model.edges.containment" OriginId="org.eclipse.mylyn.core.model.interest.propagation" StartDate="2014-11-15 15:17:40.460 JST" StructureHandle="/IFM11/src" StructureKind="resource"/><InteractionEvent Delta="null" EndDate="2014-11-15 15:19:16.802 JST" Interest="1.0" Kind="propagation" Navigation="null" OriginId="org.eclipse.mylyn.resources.ui.interest.updater" StartDate="2014-11-15 15:19:16.802 JST" StructureHandle="/NDKSample/jni/NDKSample.hpp~" StructureKind="resource"/><InteractionEvent Delta="null" EndDate="2014-11-15 15:17:40.460 JST" Interest="1.0" Kind="propagation" Navigation="org.eclipse.mylyn.core.model.edges.containment" OriginId="org.eclipse.mylyn.core.model.interest.propagation" StartDate="2014-11-15 15:17:40.460 JST" StructureHandle="/IFM11/src/ifm11" StructureKind="resource"/><InteractionEvent Delta="null" EndDate="2014-11-15 15:55:20.785 JST" Interest="3.0" Kind="selection" Navigation="null" OriginId="org.eclipse.ui.views.ContentOutline" StartDate="2014-11-15 15:55:20.419 JST" StructureHandle="=NDKSample/src&amp;lt;ndk.utils{Methods.java[Methods~recActv_Rec_2~QActivity;" StructureKind="java" NumEvents="3" CreationCount="847"/><InteractionEvent Delta="null" EndDate="2014-11-15 15:17:40.460 JST" Interest="1.0" Kind="propagation" Navigation="org.eclipse.mylyn.core.model.edges.containment" OriginId="org.eclipse.mylyn.core.model.interest.propagation" StartDate="2014-11-15 15:17:40.460 JST" StructureHandle="=IFM11/src" StructureKind="java"/><InteractionEvent Delta="null" EndDate="2014-11-15 15:55:47.882 JST" Interest="2.0" Kind="selection" Navigation="null" OriginId="org.eclipse.ui.views.ContentOutline" StartDate="2014-11-15 15:55:47.263 JST" StructureHandle="=NDKSample/src&amp;lt;ndk.utils{Methods.java[Methods~update_Pattern_Used~QActivity;~J" StructureKind="java" NumEvents="2" CreationCount="1056"/><InteractionEvent Delta="null" EndDate="2014-11-15 15:57:55.350 JST" Interest="1.0" Kind="selection" Navigation="null" OriginId="org.eclipse.jdt.ui.CompilationUnitEditor" StartDate="2014-11-15 15:57:55.350 JST" StructureHandle="=NDKSample/src&amp;lt;ndk.utils{Tags.java[Tags[ButtonTags" StructureKind="java"/><InteractionEvent Delta="null" EndDate="2014-11-15 15:21:23.234 JST" Interest="1.0" Kind="propagation" Navigation="org.eclipse.mylyn.core.model.edges.containment" OriginId="org.eclipse.mylyn.core.model.interest.propagation" StartDate="2014-11-15 15:21:23.234 JST" StructureHandle="/NDKSample/libs/armeabi" StructureKind="resource"/><InteractionEvent Delta="null" EndDate="2014-11-15 15:54:42.559 JST" Interest="18.0" Kind="selection" Navigation="null" OriginId="org.eclipse.ui.views.ContentOutline" StartDate="2014-11-15 15:54:36.108 JST" StructureHandle="=NDKSample/src&amp;lt;ndk.utils{Methods.java[Methods~convert_intSec2Digits_lessThanHour~I" StructureKind="java" NumEvents="18" CreationCount="630"/><InteractionEvent Delta="null" EndDate="2014-11-15 16:00:10.569 JST" Interest="1.0" Kind="selection" Navigation="null" OriginId="org.eclipse.jdt.ui.CompilationUnitEditor" StartDate="2014-11-15 16:00:10.569 JST" StructureHandle="=NDKSample/src&amp;lt;ndk.utils{Methods.java#java.io.InputStreamReader" StructureKind="java"/><InteractionEvent Delta="null" EndDate="2014-11-15 15:57:20.886 JST" Interest="0.3770001" Kind="manipulation" Navigation="null" OriginId="org.eclipse.mylyn.core.model.interest.decay.correction" StartDate="2014-11-15 15:57:20.886 JST" StructureHandle="/TA2/src/ta2/utils/Tags.java" StructureKind="resource"/><InteractionEvent Delta="null" EndDate="2014-11-15 15:57:20.886 JST" Interest="2.0" Kind="propagation" Navigation="null" OriginId="org.eclipse.ui.views.ResourceNavigator" StartDate="2014-11-15 15:56:01.73 JST" StructureHandle="/TA2/src/ta2/utils/Tags.java" StructureKind="resource" NumEvents="2" CreationCount="1073"/><InteractionEvent Delta="null" EndDate="2014-11-15 15:57:33.178 JST" Interest="1.017" Kind="propagation" Navigation="org.eclipse.mylyn.core.model.edges.containment" OriginId="org.eclipse.mylyn.core.model.interest.propagation" StartDate="2014-11-15 15:56:58.972 JST" StructureHandle="=NDKSample/gen" StructureKind="java" NumEvents="2" CreationCount="1142"/><InteractionEvent Delta="null" EndDate="2014-11-15 15:56:57.767 JST" Interest="1.0" Kind="selection" Navigation="null" OriginId="org.eclipse.jdt.ui.PackageExplorer" StartDate="2014-11-15 15:56:57.767 JST" StructureHandle="=NDKSample/gen" StructureKind="java"/><InteractionEvent Delta="null" EndDate="2014-11-15 15:54:04.502 JST" Interest="1.0" Kind="selection" Navigation="null" OriginId="org.eclipse.ui.views.ContentOutline" StartDate="2014-11-15 15:54:04.502 JST" StructureHandle="=NDKSample/src&amp;lt;ndk.utils{Methods.java[Methods~_import_Patterns__SavePatterns~QActivity;~QList\&amp;lt;QString;&amp;gt;;" StructureKind="java"/><InteractionEvent Delta="null" EndDate="2014-11-15 16:03:53.824 JST" Interest="187.317" Kind="propagation" Navigation="org.eclipse.mylyn.core.model.edges.containment" OriginId="org.eclipse.mylyn.core.model.interest.propagation" StartDate="2014-11-15 15:18:01.74 JST" StructureHandle="/NDKSample/jni" StructureKind="resource" NumEvents="263" CreationCount="7"/><InteractionEvent Delta="null" EndDate="2014-11-15 15:17:59.27 JST" Interest="1.0" Kind="selection" Navigation="null" OriginId="org.eclipse.jdt.ui.PackageExplorer" StartDate="2014-11-15 15:17:59.27 JST" StructureHandle="/NDKSample/jni" StructureKind="resource"/><InteractionEvent Delta="null" EndDate="2014-11-15 15:57:48.850 JST" Interest="1.0339999" Kind="propagation" Navigation="org.eclipse.mylyn.core.model.edges.containment" OriginId="org.eclipse.mylyn.core.model.interest.propagation" StartDate="2014-11-15 15:57:38.958 JST" StructureHandle="/NDKSample/res" StructureKind="resource" NumEvents="3" CreationCount="1160"/><InteractionEvent Delta="null" EndDate="2014-11-15 15:57:37.37 JST" Interest="1.0" Kind="selection" Navigation="null" OriginId="org.eclipse.jdt.ui.PackageExplorer" StartDate="2014-11-15 15:57:37.37 JST" StructureHandle="/NDKSample/res" StructureKind="resource"/><InteractionEvent Delta="null" EndDate="2014-11-15 15:54:42.566 JST" Interest="12.0" Kind="selection" Navigation="null" OriginId="org.eclipse.ui.views.ContentOutline" StartDate="2014-11-15 15:54:40.535 JST" StructureHandle="=NDKSample/src&amp;lt;ndk.utils{Methods.java[Methods~deleteDirectory~QFile;" StructureKind="java" NumEvents="12" CreationCount="657"/><InteractionEvent Delta="null" EndDate="2014-11-15 15:55:47.878 JST" Interest="4.0" Kind="selection" Navigation="null" OriginId="org.eclipse.ui.views.ContentOutline" StartDate="2014-11-15 15:55:46.907 JST" StructureHandle="=NDKSample/src&amp;lt;ndk.utils{Methods.java[Methods~update_Memo_PlayActv~QActivity;~QDialog;" StructureKind="java" NumEvents="4" CreationCount="1047"/><InteractionEvent Delta="null" EndDate="2014-11-15 15:55:42.288 JST" Interest="17.0" Kind="selection" Navigation="null" OriginId="org.eclipse.ui.views.ContentOutline" StartDate="2014-11-15 15:55:38.790 JST" StructureHandle="=NDKSample/src&amp;lt;ndk.utils{Methods.java[Methods~start_Activity_PhotoActv~QActivity;" StructureKind="java" NumEvents="17" CreationCount="925"/><InteractionEvent Delta="null" EndDate="2014-11-15 15:57:20.886 JST" Interest="12.245" Kind="propagation" Navigation="org.eclipse.mylyn.core.model.edges.containment" OriginId="org.eclipse.mylyn.core.model.interest.propagation" StartDate="2014-11-15 15:53:40.91 JST" StructureHandle="/TA2/src" StructureKind="resource" NumEvents="10" CreationCount="586"/><InteractionEvent Delta="null" EndDate="2014-11-15 15:49:04.700 JST" Interest="2.0" Kind="prediction" Navigation="null" OriginId="org.eclipse.mylyn.resources.ui.interest.updater" StartDate="2014-11-15 15:21:23.234 JST" StructureHandle="/NDKSample/obj/local/armeabi/objs/NDKSample/NDKSample.o" StructureKind="resource" NumEvents="2" CreationCount="79"/><InteractionEvent Delta="null" EndDate="2014-11-15 15:54:42.577 JST" Interest="3.0" Kind="selection" Navigation="null" OriginId="org.eclipse.ui.views.ContentOutline" StartDate="2014-11-15 15:54:42.220 JST" StructureHandle="=NDKSample/src&amp;lt;ndk.utils{Methods.java[Methods~filter_MemoList_Single_KW~QActivity;~QString;~QString;" StructureKind="java" NumEvents="3" CreationCount="765"/><InteractionEvent Delta="null" EndDate="2014-11-15 15:19:26.263 JST" Interest="2.0" Kind="selection" Navigation="null" OriginId="org.eclipse.jdt.ui.CompilationUnitEditor" StartDate="2014-11-15 15:18:50.523 JST" StructureHandle="=NDKSample/src&amp;lt;ndk.main{MainActv.java[MainActv|1" StructureKind="java" NumEvents="2" CreationCount="22"/><InteractionEvent Delta="null" EndDate="2014-11-15 15:21:46.68 JST" Interest="2.0" Kind="edit" Navigation="null" OriginId="org.eclipse.jdt.ui.CompilationUnitEditor" StartDate="2014-11-15 15:19:19.597 JST" StructureHandle="=NDKSample/src&amp;lt;ndk.main{MainActv.java[MainActv|1" StructureKind="java" NumEvents="2" CreationCount="22"/><InteractionEvent Delta="null" EndDate="2014-11-15 15:55:42.290 JST" Interest="16.0" Kind="selection" Navigation="null" OriginId="org.eclipse.ui.views.ContentOutline" StartDate="2014-11-15 15:55:38.952 JST" StructureHandle="=NDKSample/src&amp;lt;ndk.utils{Methods.java[Methods~start_Activity_PlatyActv~QActivity;~QMemo;" StructureKind="java" NumEvents="16" CreationCount="928"/><InteractionEvent Delta="null" EndDate="2014-11-15 15:54:35.442 JST" Interest="1.0" Kind="selection" Navigation="null" OriginId="org.eclipse.ui.views.ContentOutline" StartDate="2014-11-15 15:54:35.442 JST" StructureHandle="=NDKSample/src&amp;lt;ndk.utils{Methods.java[Methods~conv_TimeLabel_to_MillSec~QString;" StructureKind="java"/><InteractionEvent Delta="null" EndDate="2014-11-15 15:49:30.741 JST" Interest="2.4060001" Kind="manipulation" Navigation="null" OriginId="org.eclipse.mylyn.core.model.interest.decay.correction" StartDate="2014-11-15 15:49:30.741 JST" StructureHandle="=NDKSample/src&amp;lt;ndk.main{MainActv.java[MainActv~onCreate~QBundle;" StructureKind="java"/><InteractionEvent Delta="null" EndDate="2014-11-15 15:28:46.454 JST" Interest="3.0" Kind="selection" Navigation="null" OriginId="org.eclipse.jdt.ui.CompilationUnitEditor" StartDate="2014-11-15 15:21:51.608 JST" StructureHandle="=NDKSample/src&amp;lt;ndk.main{MainActv.java[MainActv~onCreate~QBundle;" StructureKind="java" NumEvents="3" CreationCount="87"/><InteractionEvent Delta="null" EndDate="2014-11-15 15:49:30.741 JST" Interest="1.0" Kind="edit" Navigation="null" OriginId="org.eclipse.jdt.ui.CompilationUnitEditor" StartDate="2014-11-15 15:49:30.741 JST" StructureHandle="=NDKSample/src&amp;lt;ndk.main{MainActv.java[MainActv~onCreate~QBundle;" StructureKind="java"/><InteractionEvent Delta="null" EndDate="2014-11-15 15:59:31.996 JST" Interest="1.0" Kind="selection" Navigation="null" OriginId="org.eclipse.jdt.ui.CompilationUnitEditor" StartDate="2014-11-15 15:59:31.996 JST" StructureHandle="=NDKSample/src&amp;lt;ndk.utils{Methods.java#android.media.AudioTrack" StructureKind="java"/><InteractionEvent Delta="null" EndDate="2014-11-15 15:54:57.242 JST" Interest="4.0" Kind="selection" Navigation="null" OriginId="org.eclipse.ui.views.ContentOutline" StartDate="2014-11-15 15:54:46.402 JST" StructureHandle="=NDKSample/src&amp;lt;ndk.utils{Methods.java[Methods~get_DirList~QString;" StructureKind="java" NumEvents="4" CreationCount="814"/><InteractionEvent Delta="null" EndDate="2014-11-15 15:54:14.390 JST" Interest="2.0" Kind="selection" Navigation="null" OriginId="org.eclipse.ui.views.ContentOutline" StartDate="2014-11-15 15:54:12.991 JST" StructureHandle="=NDKSample/src&amp;lt;ndk.utils{Methods.java[Methods~conf_DirExists~QActivity;~QString;" StructureKind="java" NumEvents="2" CreationCount="612"/><InteractionEvent Delta="null" EndDate="2014-11-15 15:58:21.115 JST" Interest="3.0" Kind="selection" Navigation="null" OriginId="org.eclipse.ui.views.ResourceNavigator" StartDate="2014-11-15 15:57:30.587 JST" StructureHandle="/TA2/res/values/colors.xml" StructureKind="resource" NumEvents="3" CreationCount="1157"/><InteractionEvent Delta="null" EndDate="2014-11-15 15:57:50.521 JST" Interest="0.59800005" Kind="manipulation" Navigation="null" OriginId="org.eclipse.mylyn.core.model.interest.decay.correction" StartDate="2014-11-15 15:57:50.521 JST" StructureHandle="=NDKSample/src&amp;lt;ndk.utils{Tags.java" StructureKind="java"/><InteractionEvent Delta="null" EndDate="2014-11-15 15:58:07.391 JST" Interest="2.085" Kind="propagation" Navigation="org.eclipse.mylyn.core.model.edges.containment" OriginId="org.eclipse.mylyn.core.model.interest.propagation" StartDate="2014-11-15 15:56:07.262 JST" StructureHandle="=NDKSample/src&amp;lt;ndk.utils{Tags.java" StructureKind="java" NumEvents="4" CreationCount="1075"/><InteractionEvent Delta="null" EndDate="2014-11-15 15:57:50.746 JST" Interest="2.0" Kind="selection" Navigation="null" OriginId="org.eclipse.jdt.ui.CompilationUnitEditor" StartDate="2014-11-15 15:57:50.521 JST" StructureHandle="=NDKSample/src&amp;lt;ndk.utils{Tags.java" StructureKind="java" NumEvents="2" CreationCount="1075"/><InteractionEvent Delta="null" EndDate="2014-11-15 15:17:40.460 JST" Interest="1.0" Kind="propagation" Navigation="org.eclipse.mylyn.core.model.edges.containment" OriginId="org.eclipse.mylyn.core.model.interest.propagation" StartDate="2014-11-15 15:17:40.460 JST" StructureHandle="/IFM11/src/ifm11/main" StructureKind="resource"/><InteractionEvent Delta="null" EndDate="2014-11-15 16:00:09.758 JST" Interest="1.0" Kind="selection" Navigation="null" OriginId="org.eclipse.jdt.ui.CompilationUnitEditor" StartDate="2014-11-15 16:00:09.758 JST" StructureHandle="=NDKSample/src&amp;lt;ndk.utils{Methods.java#java.io.FileNotFoundException" StructureKind="java"/><InteractionEvent Delta="null" EndDate="2014-11-15 15:58:31.90 JST" Interest="1.0" Kind="propagation" Navigation="null" OriginId="org.eclipse.mylyn.resources.ui.interest.updater" StartDate="2014-11-15 15:58:31.90 JST" StructureHandle="=NDKSample/libs\/commons-net-3.3.jar" StructureKind="java"/><InteractionEvent Delta="null" EndDate="2014-11-15 15:54:42.563 JST" Interest="15.0" Kind="selection" Navigation="null" OriginId="org.eclipse.ui.views.ContentOutline" StartDate="2014-11-15 15:54:39.234 JST" StructureHandle="=NDKSample/src&amp;lt;ndk.utils{Methods.java[Methods~createTable_Patterns~QActivity;~QDialog;~QDialog;~QDialog;" StructureKind="java" NumEvents="15" CreationCount="639"/><InteractionEvent Delta="null" EndDate="2014-11-15 16:01:09.289 JST" Interest="11.5060005" Kind="manipulation" Navigation="null" OriginId="org.eclipse.mylyn.core.model.interest.decay.correction" StartDate="2014-11-15 16:01:09.289 JST" StructureHandle="=NDKSample/src&amp;lt;ndk.main{MainActv.java[MainActv~_Setup__SetListener" StructureKind="java"/><InteractionEvent Delta="null" EndDate="2014-11-15 16:01:09.289 JST" Interest="2.0" Kind="selection" Navigation="null" OriginId="org.eclipse.jdt.ui.CompilationUnitEditor" StartDate="2014-11-15 15:51:10.479 JST" StructureHandle="=NDKSample/src&amp;lt;ndk.main{MainActv.java[MainActv~_Setup__SetListener" StructureKind="java" NumEvents="2" CreationCount="490"/><InteractionEvent Delta="null" EndDate="2014-11-15 16:01:09.294 JST" Interest="3.0" Kind="edit" Navigation="null" OriginId="org.eclipse.jdt.ui.CompilationUnitEditor" StartDate="2014-11-15 15:51:10.483 JST" StructureHandle="=NDKSample/src&amp;lt;ndk.main{MainActv.java[MainActv~_Setup__SetListener" StructureKind="java" NumEvents="3" CreationCount="490"/><InteractionEvent Delta="null" EndDate="2014-11-15 15:55:29.945 JST" Interest="4.0" Kind="selection" Navigation="null" OriginId="org.eclipse.ui.views.ContentOutline" StartDate="2014-11-15 15:55:28.444 JST" StructureHandle="=NDKSample/src&amp;lt;ndk.utils{Methods.java[Methods~save_Filter~QActivity;~QString;~I~QString;" StructureKind="java" NumEvents="4" CreationCount="885"/><InteractionEvent Delta="null" EndDate="2014-11-15 15:57:00.427 JST" Interest="2.0" Kind="selection" Navigation="null" OriginId="org.eclipse.jdt.ui.CompilationUnitEditor" StartDate="2014-11-15 15:56:54.45 JST" StructureHandle="=NDKSample/src&amp;lt;ndk.utils{CONS.java[CONS[Admin^special_Chars" StructureKind="java" NumEvents="2" CreationCount="1140"/><InteractionEvent Delta="null" EndDate="2014-11-15 15:57:00.982 JST" Interest="1.0" Kind="edit" Navigation="null" OriginId="org.eclipse.jdt.ui.CompilationUnitEditor" StartDate="2014-11-15 15:57:00.982 JST" StructureHandle="=NDKSample/src&amp;lt;ndk.utils{CONS.java[CONS[Admin^special_Chars" StructureKind="java"/><InteractionEvent Delta="null" EndDate="2014-11-15 15:59:57.662 JST" Interest="1.0" Kind="selection" Navigation="null" OriginId="org.eclipse.jdt.ui.CompilationUnitEditor" StartDate="2014-11-15 15:59:57.662 JST" StructureHandle="=NDKSample/src&amp;lt;ndk.utils{Methods.java#android.util.Log" StructureKind="java"/><InteractionEvent Delta="null" EndDate="2014-11-15 15:55:57.146 JST" Interest="3.2450008" Kind="manipulation" Navigation="null" OriginId="org.eclipse.mylyn.core.model.interest.decay.correction" StartDate="2014-11-15 15:55:57.146 JST" StructureHandle="/TA2" StructureKind="resource"/><InteractionEvent Delta="null" EndDate="2014-11-15 15:58:27.565 JST" Interest="19.0" Kind="propagation" Navigation="null" OriginId="org.eclipse.ui.views.ResourceNavigator" StartDate="2014-11-15 15:53:38.184 JST" StructureHandle="/TA2" StructureKind="resource" NumEvents="19" CreationCount="585"/><InteractionEvent Delta="null" EndDate="2014-11-15 16:15:05.920 JST" Interest="1168.0339" Kind="propagation" Navigation="org.eclipse.mylyn.core.model.edges.containment" OriginId="org.eclipse.mylyn.core.model.interest.propagation" StartDate="2014-11-15 15:17:43.783 JST" StructureHandle="=NDKSample" StructureKind="resource" NumEvents="1230" CreationCount="2"/><InteractionEvent Delta="null" EndDate="2014-11-15 15:53:34.860 JST" Interest="19.0" Kind="selection" Navigation="null" OriginId="org.eclipse.ui.views.ResourceNavigator" StartDate="2014-11-15 15:18:24.382 JST" StructureHandle="=NDKSample" StructureKind="java" NumEvents="19" CreationCount="2"/><InteractionEvent Delta="null" EndDate="2014-11-15 15:19:10.773 JST" Interest="5.0" Kind="selection" Navigation="null" OriginId="org.eclipse.ui.navigator.ProjectExplorer" StartDate="2014-11-15 15:19:08.292 JST" StructureHandle="/NDKSample/jni/ndksample.hpp~" StructureKind="resource" NumEvents="5" CreationCount="24"/><InteractionEvent Delta="null" EndDate="2014-11-15 15:19:08.775 JST" Interest="1.0" Kind="edit" Navigation="null" OriginId="org.eclipse.ui.DefaultTextEditor" StartDate="2014-11-15 15:19:08.775 JST" StructureHandle="/NDKSample/jni/ndksample.hpp~" StructureKind="resource"/><InteractionEvent Delta="null" EndDate="2014-11-15 15:57:36.640 JST" Interest="1.0" Kind="selection" Navigation="null" OriginId="org.eclipse.jdt.ui.PackageExplorer" StartDate="2014-11-15 15:57:36.640 JST" StructureHandle="/NDKSample/a.bat" StructureKind="resource"/><InteractionEvent Delta="null" EndDate="2014-11-15 16:02:22.224 JST" Interest="1.0" Kind="propagation" Navigation="org.eclipse.mylyn.core.model.edges.containment" OriginId="org.eclipse.mylyn.core.model.interest.propagation" StartDate="2014-11-15 16:02:22.224 JST" StructureHandle="/NDKSample/bin/dexedLibs" StructureKind="resource"/><InteractionEvent Delta="null" EndDate="2014-11-15 15:49:04.700 JST" Interest="6.0" Kind="prediction" Navigation="null" OriginId="org.eclipse.mylyn.resources.ui.interest.updater" StartDate="2014-11-15 15:21:23.234 JST" StructureHandle="/NDKSample/obj/local/armeabi/objs/NDKSample/NDKSample.o.d" StructureKind="resource" NumEvents="6" CreationCount="79"/><InteractionEvent Delta="null" EndDate="2014-11-15 15:57:50.521 JST" Interest="0.6150001" Kind="manipulation" Navigation="null" OriginId="org.eclipse.mylyn.core.model.interest.decay.correction" StartDate="2014-11-15 15:57:50.521 JST" StructureHandle="/NDKSample/src/ndk/utils/Tags.java" StructureKind="resource"/><InteractionEvent Delta="null" EndDate="2014-11-15 15:58:07.391 JST" Interest="8.0" Kind="propagation" Navigation="null" OriginId="org.eclipse.ui.views.ContentOutline" StartDate="2014-11-15 15:56:07.262 JST" StructureHandle="/NDKSample/src/ndk/utils/Tags.java" StructureKind="resource" NumEvents="8" CreationCount="1075"/><InteractionEvent Delta="null" EndDate="2014-11-15 15:54:42.569 JST" Interest="10.0" Kind="selection" Navigation="null" OriginId="org.eclipse.ui.views.ContentOutline" StartDate="2014-11-15 15:54:40.944 JST" StructureHandle="=NDKSample/src&amp;lt;ndk.utils{Methods.java[Methods~drop_Table~QActivity;~QString;~QDialog;~QDialog;~QDialog;" StructureKind="java" NumEvents="10" CreationCount="674"/><InteractionEvent Delta="null" EndDate="2014-11-15 15:49:04.700 JST" Interest="6.0" Kind="propagation" Navigation="org.eclipse.mylyn.core.model.edges.containment" OriginId="org.eclipse.mylyn.core.model.interest.propagation" StartDate="2014-11-15 15:21:23.234 JST" StructureHandle="/NDKSample/obj/local/armeabi" StructureKind="resource" NumEvents="5" CreationCount="79"/><InteractionEvent Delta="null" EndDate="2014-11-15 15:56:27.112 JST" Interest="8.0" Kind="selection" Navigation="null" OriginId="org.eclipse.ui.views.ContentOutline" StartDate="2014-11-15 15:56:21.646 JST" StructureHandle="=NDKSample/src&amp;lt;ndk.utils{CONS.java[CONS[Audio" StructureKind="java" NumEvents="8" CreationCount="1081"/><InteractionEvent Delta="null" EndDate="2014-11-15 16:06:54.556 JST" Interest="257.51904" Kind="propagation" Navigation="org.eclipse.mylyn.core.model.edges.containment" OriginId="org.eclipse.mylyn.core.model.interest.propagation" StartDate="2014-11-15 15:17:45.63 JST" StructureHandle="=NDKSample/src" StructureKind="java" NumEvents="380" CreationCount="2"/><InteractionEvent Delta="null" EndDate="2014-11-15 15:53:16.645 JST" Interest="2.0" Kind="selection" Navigation="null" OriginId="org.eclipse.jdt.ui.PackageExplorer" StartDate="2014-11-15 15:17:43.783 JST" StructureHandle="=NDKSample/src" StructureKind="java" NumEvents="2" CreationCount="2"/><InteractionEvent Delta="null" EndDate="2014-11-15 15:57:20.885 JST" Interest="10.245001" Kind="propagation" Navigation="org.eclipse.mylyn.core.model.edges.containment" OriginId="org.eclipse.mylyn.core.model.interest.propagation" StartDate="2014-11-15 15:53:40.593 JST" StructureHandle="=TA2/src" StructureKind="java" NumEvents="7" CreationCount="586"/><InteractionEvent Delta="null" EndDate="2014-11-15 15:53:40.91 JST" Interest="1.0" Kind="selection" Navigation="null" OriginId="org.eclipse.ui.views.ResourceNavigator" StartDate="2014-11-15 15:53:40.91 JST" StructureHandle="=TA2/src" StructureKind="java"/><InteractionEvent Delta="null" EndDate="2014-11-15 16:06:37.18 JST" Interest="247.251" Kind="propagation" Navigation="org.eclipse.mylyn.core.model.edges.containment" OriginId="org.eclipse.mylyn.core.model.interest.propagation" StartDate="2014-11-15 15:17:57.388 JST" StructureHandle="=NDKSample/src&amp;lt;ndk.main{MainActv.java[MainActv" StructureKind="java" NumEvents="355" CreationCount="6"/><InteractionEvent Delta="null" EndDate="2014-11-15 16:06:44.847 JST" Interest="8.0" Kind="selection" Navigation="null" OriginId="org.eclipse.jdt.ui.CompilationUnitEditor" StartDate="2014-11-15 15:22:34.25 JST" StructureHandle="=NDKSample/src&amp;lt;ndk.main{MainActv.java[MainActv" StructureKind="java" NumEvents="8" CreationCount="6"/><InteractionEvent Delta="null" EndDate="2014-11-15 16:06:44.850 JST" Interest="6.0" Kind="edit" Navigation="null" OriginId="org.eclipse.jdt.ui.CompilationUnitEditor" StartDate="2014-11-15 15:27:16.782 JST" StructureHandle="=NDKSample/src&amp;lt;ndk.main{MainActv.java[MainActv" StructureKind="java" NumEvents="6" CreationCount="6"/><InteractionEvent Delta="null" EndDate="2014-11-15 15:56:27.116 JST" Interest="6.0" Kind="selection" Navigation="null" OriginId="org.eclipse.ui.views.ContentOutline" StartDate="2014-11-15 15:56:23.762 JST" StructureHandle="=NDKSample/src&amp;lt;ndk.utils{CONS.java[CONS[MainActv" StructureKind="java" NumEvents="6" CreationCount="1089"/><InteractionEvent Delta="null" EndDate="2014-11-15 15:54:51.395 JST" Interest="5.0" Kind="selection" Navigation="null" OriginId="org.eclipse.ui.views.ContentOutline" StartDate="2014-11-15 15:54:46.189 JST" StructureHandle="=NDKSample/src&amp;lt;ndk.utils{Methods.java[Methods~get_Content~QActivity;~QString;~\[QString;~QString;" StructureKind="java" NumEvents="5" CreationCount="809"/><InteractionEvent Delta="null" EndDate="2014-11-15 15:57:46.70 JST" Interest="2.0" Kind="selection" Navigation="null" OriginId="org.eclipse.jdt.ui.CompilationUnitEditor" StartDate="2014-11-15 15:57:14.327 JST" StructureHandle="=NDKSample/src&amp;lt;ndk.utils{CONS.java[CONS[Admin^dflt_Background_Color" StructureKind="java" NumEvents="2" CreationCount="1150"/><InteractionEvent Delta="null" EndDate="2014-11-15 15:57:17.763 JST" Interest="1.0" Kind="edit" Navigation="null" OriginId="org.eclipse.jdt.ui.CompilationUnitEditor" StartDate="2014-11-15 15:57:17.763 JST" StructureHandle="=NDKSample/src&amp;lt;ndk.utils{CONS.java[CONS[Admin^dflt_Background_Color" StructureKind="java"/><InteractionEvent Delta="null" EndDate="2014-11-15 15:56:27.119 JST" Interest="4.0" Kind="selection" Navigation="null" OriginId="org.eclipse.ui.views.ContentOutline" StartDate="2014-11-15 15:56:25.136 JST" StructureHandle="=NDKSample/src&amp;lt;ndk.utils{CONS.java[CONS[MemoEditActv" StructureKind="java" NumEvents="4" CreationCount="1100"/><InteractionEvent Delta="null" EndDate="2014-11-15 15:55:29.939 JST" Interest="9.0" Kind="selection" Navigation="null" OriginId="org.eclipse.ui.views.ContentOutline" StartDate="2014-11-15 15:55:25.157 JST" StructureHandle="=NDKSample/src&amp;lt;ndk.utils{Methods.java[Methods~report_DropTable_Memos~QActivity;~I~QDialog;~QDialog;~QDialog;" StructureKind="java" NumEvents="9" CreationCount="859"/><InteractionEvent Delta="null" EndDate="2014-11-15 15:55:20.784 JST" Interest="4.0" Kind="selection" Navigation="null" OriginId="org.eclipse.ui.views.ContentOutline" StartDate="2014-11-15 15:55:20.247 JST" StructureHandle="=NDKSample/src&amp;lt;ndk.utils{Methods.java[Methods~recActv_Rec~QActivity;" StructureKind="java" NumEvents="4" CreationCount="843"/><InteractionEvent Delta="null" EndDate="2014-11-15 15:54:14.385 JST" Interest="2.0" Kind="selection" Navigation="null" OriginId="org.eclipse.ui.views.ContentOutline" StartDate="2014-11-15 15:54:12.985 JST" StructureHandle="=NDKSample/src&amp;lt;ndk.utils{Methods.java[Methods~add_WP_to_Memo_SpecialChars_RecActv~QActivity;~QEditText;~QWordPattern;" StructureKind="java" NumEvents="2" CreationCount="609"/><InteractionEvent Delta="null" EndDate="2014-11-15 15:55:42.304 JST" Interest="0.0710001" Kind="manipulation" Navigation="null" OriginId="org.eclipse.mylyn.core.model.interest.decay.correction" StartDate="2014-11-15 15:55:42.304 JST" StructureHandle="=NDKSample/src&amp;lt;ndk.utils{Methods.java[Methods~start_SE_new~QActivity;~I" StructureKind="java"/><InteractionEvent Delta="null" EndDate="2014-11-15 15:55:42.304 JST" Interest="2.0" Kind="selection" Navigation="null" OriginId="org.eclipse.ui.views.ContentOutline" StartDate="2014-11-15 15:55:40.541 JST" StructureHandle="=NDKSample/src&amp;lt;ndk.utils{Methods.java[Methods~start_SE_new~QActivity;~I" StructureKind="java" NumEvents="2" CreationCount="977"/><InteractionEvent Delta="null" EndDate="2014-11-15 15:57:20.886 JST" Interest="13.211" Kind="propagation" Navigation="null" OriginId="org.eclipse.ui.views.ResourceNavigator" StartDate="2014-11-15 15:53:41.823 JST" StructureHandle="/TA2/src/ta2/utils" StructureKind="resource" NumEvents="8" CreationCount="588"/><InteractionEvent Delta="null" EndDate="2014-11-15 16:02:13.542 JST" Interest="1.0" Kind="prediction" Navigation="null" OriginId="org.eclipse.mylyn.resources.ui.interest.updater" StartDate="2014-11-15 16:02:13.542 JST" StructureHandle="/NDKSample/bin/jarlist.cache" StructureKind="resource"/><InteractionEvent Delta="null" EndDate="2014-11-15 15:55:47.884 JST" Interest="1.0" Kind="selection" Navigation="null" OriginId="org.eclipse.ui.views.ContentOutline" StartDate="2014-11-15 15:55:47.884 JST" StructureHandle="=NDKSample/src&amp;lt;ndk.utils{Methods.java[Methods~update_ProgressLable" StructureKind="java"/><InteractionEvent Delta="null" EndDate="2014-11-15 15:56:36.571 JST" Interest="1.0" Kind="selection" Navigation="null" OriginId="org.eclipse.ui.views.ContentOutline" StartDate="2014-11-15 15:56:36.571 JST" StructureHandle="=NDKSample/src&amp;lt;ndk.utils{CONS.java[CONS[Pref" StructureKind="java"/><InteractionEvent Delta="null" EndDate="2014-11-15 15:59:45.542 JST" Interest="3.0" Kind="selection" Navigation="null" OriginId="org.eclipse.jdt.ui.CompilationUnitEditor" StartDate="2014-11-15 15:59:28.772 JST" StructureHandle="=NDKSample/src&amp;lt;ndk.utils{Methods.java#android.content.SharedPreferences" StructureKind="java" NumEvents="3" CreationCount="1227"/><InteractionEvent Delta="null" EndDate="2014-11-15 15:57:20.886 JST" Interest="0.36000013" Kind="manipulation" Navigation="null" OriginId="org.eclipse.mylyn.core.model.interest.decay.correction" StartDate="2014-11-15 15:57:20.886 JST" StructureHandle="=TA2/src&amp;lt;ta2.utils{Tags.java" StructureKind="java"/><InteractionEvent Delta="null" EndDate="2014-11-15 15:57:20.886 JST" Interest="2.0" Kind="selection" Navigation="null" OriginId="org.eclipse.ui.views.ResourceNavigator" StartDate="2014-11-15 15:56:01.73 JST" StructureHandle="=TA2/src&amp;lt;ta2.utils{Tags.java" StructureKind="java" NumEvents="2" CreationCount="1073"/><InteractionEvent Delta="null" EndDate="2014-11-15 15:56:35.139 JST" Interest="1.0" Kind="selection" Navigation="null" OriginId="org.eclipse.ui.views.ContentOutline" StartDate="2014-11-15 15:56:35.139 JST" StructureHandle="=NDKSample/src&amp;lt;ndk.utils{CONS.java[CONS[PrefActv" StructureKind="java"/><InteractionEvent Delta="null" EndDate="2014-11-15 15:58:44.791 JST" Interest="2.0" Kind="selection" Navigation="null" OriginId="org.eclipse.jdt.ui.CompilationUnitEditor" StartDate="2014-11-15 15:58:44.790 JST" StructureHandle="=NDKSample/src&amp;lt;ndk.utils{Methods.java[Methods~conv_MillSec_to_TimeLabel~J" StructureKind="java" NumEvents="2" CreationCount="1210"/><InteractionEvent Delta="null" EndDate="2014-11-15 15:18:48.523 JST" Interest="1.0" Kind="propagation" Navigation="null" OriginId="org.eclipse.mylyn.resources.ui.interest.updater" StartDate="2014-11-15 15:18:48.523 JST" StructureHandle="/NDKSample/jni/NDKSample.cpp~" StructureKind="resource"/><InteractionEvent Delta="null" EndDate="2014-11-15 15:18:53.191 JST" Interest="1.0" Kind="selection" Navigation="null" OriginId="org.eclipse.ui.navigator.ProjectExplorer" StartDate="2014-11-15 15:18:53.191 JST" StructureHandle="/NDKSample/jni/NDKSample.cpp~" StructureKind="resource"/><InteractionEvent Delta="null" EndDate="2014-11-15 15:25:23.777 JST" Interest="3.0" Kind="selection" Navigation="null" OriginId="org.eclipse.jdt.ui.CompilationUnitEditor" StartDate="2014-11-15 15:22:44.841 JST" StructureHandle="=NDKSample/src&amp;lt;ndk.main{MainActv.java[MainActv~_Setup" StructureKind="java" NumEvents="3" CreationCount="113"/><InteractionEvent Delta="null" EndDate="2014-11-15 15:25:39.789 JST" Interest="19.0" Kind="edit" Navigation="null" OriginId="org.eclipse.jdt.ui.CompilationUnitEditor" StartDate="2014-11-15 15:22:46.308 JST" StructureHandle="=NDKSample/src&amp;lt;ndk.main{MainActv.java[MainActv~_Setup" StructureKind="java" NumEvents="19" CreationCount="113"/><InteractionEvent Delta="null" EndDate="2014-11-15 15:22:35.929 JST" Interest="0.06800008" Kind="manipulation" Navigation="null" OriginId="org.eclipse.mylyn.core.model.interest.decay.correction" StartDate="2014-11-15 15:22:35.929 JST" StructureHandle="=NDKSample/src&amp;lt;ndk.main{MainActv.java[MainActv~get_Number" StructureKind="java"/><InteractionEvent Delta="null" EndDate="2014-11-15 15:22:35.929 JST" Interest="2.0" Kind="selection" Navigation="null" OriginId="org.eclipse.jdt.ui.CompilationUnitEditor" StartDate="2014-11-15 15:17:57.388 JST" StructureHandle="=NDKSample/src&amp;lt;ndk.main{MainActv.java[MainActv~get_Number" StructureKind="java" NumEvents="2" CreationCount="6"/><InteractionEvent Delta="null" EndDate="2014-11-15 15:22:41.142 JST" Interest="2.0" Kind="edit" Navigation="null" OriginId="org.eclipse.jdt.ui.CompilationUnitEditor" StartDate="2014-11-15 15:18:49.758 JST" StructureHandle="=NDKSample/src&amp;lt;ndk.main{MainActv.java[MainActv~get_Number" StructureKind="java" NumEvents="2" CreationCount="6"/><InteractionEvent Delta="null" EndDate="2014-11-15 15:58:07.391 JST" Interest="2.034" Kind="propagation" Navigation="org.eclipse.mylyn.core.model.edges.containment" OriginId="org.eclipse.mylyn.core.model.interest.propagation" StartDate="2014-11-15 15:57:55.351 JST" StructureHandle="=NDKSample/src&amp;lt;ndk.utils{Tags.java[Tags" StructureKind="java" NumEvents="3" CreationCount="1172"/><InteractionEvent Delta="null" EndDate="2014-11-15 15:57:58.486 JST" Interest="1.0" Kind="selection" Navigation="null" OriginId="org.eclipse.jdt.ui.CompilationUnitEditor" StartDate="2014-11-15 15:57:58.486 JST" StructureHandle="=NDKSample/src&amp;lt;ndk.utils{Tags.java[Tags" StructureKind="java"/><InteractionEvent Delta="null" EndDate="2014-11-15 15:54:28.617 JST" Interest="2.0" Kind="selection" Navigation="null" OriginId="org.eclipse.ui.views.ContentOutline" StartDate="2014-11-15 15:54:26.436 JST" StructureHandle="=NDKSample/src&amp;lt;ndk.utils{Methods.java[Methods~conv_LogLinesList_to_LogItemList~QActivity;~QList\&amp;lt;QString;&amp;gt;;" StructureKind="java" NumEvents="2" CreationCount="624"/><InteractionEvent Delta="null" EndDate="2014-11-15 15:54:42.570 JST" Interest="9.0" Kind="selection" Navigation="null" OriginId="org.eclipse.ui.views.ContentOutline" StartDate="2014-11-15 15:54:41.135 JST" StructureHandle="=NDKSample/src&amp;lt;ndk.utils{Methods.java[Methods~file_Exists~QActivity;~QString;" StructureKind="java" NumEvents="9" CreationCount="684"/><InteractionEvent Delta="null" EndDate="2014-11-15 15:55:29.944 JST" Interest="5.0" Kind="selection" Navigation="null" OriginId="org.eclipse.ui.views.ContentOutline" StartDate="2014-11-15 15:55:28.211 JST" StructureHandle="=NDKSample/src&amp;lt;ndk.utils{Methods.java[Methods~restore_DB~QActivity;~QString;~QString;~QString;" StructureKind="java" NumEvents="5" CreationCount="878"/><InteractionEvent Delta="null" EndDate="2014-11-15 16:02:22.224 JST" Interest="1.0" Kind="propagation" Navigation="null" OriginId="org.eclipse.mylyn.resources.ui.interest.updater" StartDate="2014-11-15 16:02:22.224 JST" StructureHandle="/NDKSample/bin/dexedLibs/commons-lang-2.6-d124a70b1b0f01c68c217ae1f369b86b.jar" StructureKind="resource"/><InteractionEvent Delta="null" EndDate="2014-11-15 16:06:57.843 JST" Interest="5.0" Kind="prediction" Navigation="null" OriginId="org.eclipse.mylyn.resources.ui.interest.updater" StartDate="2014-11-15 15:23:37.466 JST" StructureHandle="/NDKSample/bin/NDKSample.apk" StructureKind="resource" NumEvents="5" CreationCount="131"/><InteractionEvent Delta="null" EndDate="2014-11-15 15:56:27.122 JST" Interest="2.0" Kind="selection" Navigation="null" OriginId="org.eclipse.ui.views.ContentOutline" StartDate="2014-11-15 15:56:26.383 JST" StructureHandle="=NDKSample/src&amp;lt;ndk.utils{CONS.java[CONS[PlayActv" StructureKind="java" NumEvents="2" CreationCount="1115"/><InteractionEvent Delta="null" EndDate="2014-11-15 15:55:57.145 JST" Interest="7.177" Kind="manipulation" Navigation="null" OriginId="org.eclipse.mylyn.core.model.interest.decay.correction" StartDate="2014-11-15 15:55:57.145 JST" StructureHandle="/TA2/src/ta2/utils/Methods.java" StructureKind="resource"/><InteractionEvent Delta="null" EndDate="2014-11-15 15:55:57.145 JST" Interest="2.0" Kind="propagation" Navigation="null" OriginId="org.eclipse.ui.views.ResourceNavigator" StartDate="2014-11-15 15:53:43.501 JST" StructureHandle="/TA2/src/ta2/utils/Methods.java" StructureKind="resource" NumEvents="2" CreationCount="589"/><InteractionEvent Delta="null" EndDate="2014-11-15 15:56:39.950 JST" Interest="4.0" Kind="selection" Navigation="null" OriginId="org.eclipse.jdt.ui.CompilationUnitEditor" StartDate="2014-11-15 15:56:17.866 JST" StructureHandle="=NDKSample/src&amp;lt;ndk.utils{CONS.java[CONS[Intent" StructureKind="java" NumEvents="4" CreationCount="1078"/><InteractionEvent Delta="null" EndDate="2014-11-15 15:57:49.26 JST" Interest="1.0" Kind="selection" Navigation="null" OriginId="org.eclipse.jdt.ui.PackageExplorer" StartDate="2014-11-15 15:57:49.26 JST" StructureHandle="/NDKSample/assets" StructureKind="resource"/><InteractionEvent Delta="null" EndDate="2014-11-15 15:54:42.567 JST" Interest="11.0" Kind="selection" Navigation="null" OriginId="org.eclipse.ui.views.ContentOutline" StartDate="2014-11-15 15:54:40.750 JST" StructureHandle="=NDKSample/src&amp;lt;ndk.utils{Methods.java[Methods~drop_Table~QActivity;~QString;" StructureKind="java" NumEvents="11" CreationCount="665"/><InteractionEvent Delta="null" EndDate="2014-11-15 16:15:05.920 JST" Interest="538.0" Kind="propagation" Navigation="null" OriginId="org.eclipse.jdt.ui.CompilationUnitEditor" StartDate="2014-11-15 15:17:46.624 JST" StructureHandle="/NDKSample/src/ndk/main/MainActv.java" StructureKind="resource" NumEvents="538" CreationCount="4"/><InteractionEvent Delta="null" EndDate="2014-11-15 15:57:42.168 JST" Interest="1.0" Kind="propagation" Navigation="null" OriginId="org.eclipse.mylyn.resources.ui.interest.updater" StartDate="2014-11-15 15:57:42.168 JST" StructureHandle="/NDKSample/res/values/colors.xml" StructureKind="resource"/><InteractionEvent Delta="null" EndDate="2014-11-15 15:49:04.700 JST" Interest="6.0" Kind="propagation" Navigation="org.eclipse.mylyn.core.model.edges.containment" OriginId="org.eclipse.mylyn.core.model.interest.propagation" StartDate="2014-11-15 15:21:23.234 JST" StructureHandle="/NDKSample/obj/local/armeabi/objs" StructureKind="resource" NumEvents="5" CreationCount="79"/><InteractionEvent Delta="null" EndDate="2014-11-15 15:55:42.302 JST" Interest="5.0" Kind="selection" Navigation="null" OriginId="org.eclipse.ui.views.ContentOutline" StartDate="2014-11-15 15:55:40.364 JST" StructureHandle="=NDKSample/src&amp;lt;ndk.utils{Methods.java[Methods~start_SE~QActivity;~I" StructureKind="java" NumEvents="5" CreationCount="967"/><InteractionEvent Delta="null" EndDate="2014-11-15 15:56:27.121 JST" Interest="3.0" Kind="selection" Navigation="null" OriginId="org.eclipse.ui.views.ContentOutline" StartDate="2014-11-15 15:56:25.817 JST" StructureHandle="=NDKSample/src&amp;lt;ndk.utils{CONS.java[CONS[PhotoActv" StructureKind="java" NumEvents="3" CreationCount="1107"/><InteractionEvent Delta="null" EndDate="2014-11-15 15:55:47.876 JST" Interest="5.0" Kind="selection" Navigation="null" OriginId="org.eclipse.ui.views.ContentOutline" StartDate="2014-11-15 15:55:46.707 JST" StructureHandle="=NDKSample/src&amp;lt;ndk.utils{Methods.java[Methods~update_Memo~QActivity;" StructureKind="java" NumEvents="5" CreationCount="1044"/><InteractionEvent Delta="null" EndDate="2014-11-15 15:57:03.400 JST" Interest="1.0" Kind="selection" Navigation="null" OriginId="org.eclipse.jdt.ui.CompilationUnitEditor" StartDate="2014-11-15 15:57:03.400 JST" StructureHandle="=NDKSample/src&amp;lt;ndk.utils{CONS.java#java.util.ArrayList" StructureKind="java"/><InteractionEvent Delta="null" EndDate="2014-11-15 15:56:27.115 JST" Interest="7.0" Kind="selection" Navigation="null" OriginId="org.eclipse.ui.views.ContentOutline" StartDate="2014-11-15 15:56:23.291 JST" StructureHandle="=NDKSample/src&amp;lt;ndk.utils{CONS.java[CONS[LogActv" StructureKind="java" NumEvents="7" CreationCount="1085"/><InteractionEvent Delta="null" EndDate="2014-11-15 15:57:48.850 JST" Interest="2.0" Kind="selection" Navigation="null" OriginId="org.eclipse.jdt.ui.PackageExplorer" StartDate="2014-11-15 15:57:39.423 JST" StructureHandle="/NDKSample/res/values" StructureKind="resource" NumEvents="2" CreationCount="1162"/><InteractionEvent Delta="null" EndDate="2014-11-15 15:55:55.265 JST" Interest="3.0" Kind="selection" Navigation="null" OriginId="org.eclipse.jdt.ui.CompilationUnitEditor" StartDate="2014-11-15 15:55:51.612 JST" StructureHandle="=NDKSample/src&amp;lt;ndk.utils{Methods.java[Methods~setPref_Long~QActivity;~QString;~QString;~J" StructureKind="java" NumEvents="3" CreationCount="1063"/><InteractionEvent Delta="null" EndDate="2014-11-15 15:58:27.565 JST" Interest="1.0" Kind="propagation" Navigation="null" OriginId="org.eclipse.ui.views.ResourceNavigator" StartDate="2014-11-15 15:58:27.565 JST" StructureHandle="/TA2/libs/commons-net-3.3.jar" StructureKind="resource"/><InteractionEvent Delta="null" EndDate="2014-11-15 15:58:27.565 JST" Interest="2.0" Kind="propagation" Navigation="org.eclipse.mylyn.core.model.edges.containment" OriginId="org.eclipse.mylyn.core.model.interest.propagation" StartDate="2014-11-15 15:58:26.802 JST" StructureHandle="/TA2/libs" StructureKind="resource" NumEvents="2" CreationCount="1191"/><InteractionEvent Delta="null" EndDate="2014-11-15 15:57:33.177 JST" Interest="2.0" Kind="propagation" Navigation="null" OriginId="org.eclipse.jdt.ui.PackageExplorer" StartDate="2014-11-15 15:56:58.971 JST" StructureHandle="/NDKSample/gen/ndk/main" StructureKind="resource" NumEvents="2" CreationCount="1143"/><InteractionEvent Delta="null" EndDate="2014-11-15 16:03:11.891 JST" Interest="4.4610004" Kind="manipulation" Navigation="null" OriginId="org.eclipse.mylyn.core.model.interest.decay.correction" StartDate="2014-11-15 16:03:11.891 JST" StructureHandle="=NDKSample/src&amp;lt;ndk.main{MainActv.java[MainActv~add_Array~\[I" StructureKind="java"/><InteractionEvent Delta="null" EndDate="2014-11-15 16:03:11.891 JST" Interest="7.0" Kind="selection" Navigation="null" OriginId="org.eclipse.jdt.ui.CompilationUnitEditor" StartDate="2014-11-15 15:27:20.377 JST" StructureHandle="=NDKSample/src&amp;lt;ndk.main{MainActv.java[MainActv~add_Array~\[I" StructureKind="java" NumEvents="7" CreationCount="150"/><InteractionEvent Delta="null" EndDate="2014-11-15 16:03:11.895 JST" Interest="16.0" Kind="edit" Navigation="null" OriginId="org.eclipse.jdt.ui.CompilationUnitEditor" StartDate="2014-11-15 15:27:27.394 JST" StructureHandle="=NDKSample/src&amp;lt;ndk.main{MainActv.java[MainActv~add_Array~\[I" StructureKind="java" NumEvents="16" CreationCount="150"/><InteractionEvent Delta="null" EndDate="2014-11-15 15:57:33.178 JST" Interest="2.0" Kind="propagation" Navigation="org.eclipse.mylyn.core.model.edges.containment" OriginId="org.eclipse.mylyn.core.model.interest.propagation" StartDate="2014-11-15 15:56:58.971 JST" StructureHandle="/NDKSample/gen/ndk" StructureKind="resource" NumEvents="2" CreationCount="1143"/><InteractionEvent Delta="null" EndDate="2014-11-15 15:55:42.297 JST" Interest="11.0" Kind="selection" Navigation="null" OriginId="org.eclipse.ui.views.ContentOutline" StartDate="2014-11-15 15:55:39.767 JST" StructureHandle="=NDKSample/src&amp;lt;ndk.utils{Methods.java[Methods~start_Activity_ShowListActv~QActivity;" StructureKind="java" NumEvents="11" CreationCount="950"/><InteractionEvent Delta="null" EndDate="2014-11-15 15:57:03.401 JST" Interest="1.0" Kind="propagation" Navigation="org.eclipse.mylyn.core.model.edges.containment" OriginId="org.eclipse.mylyn.core.model.interest.propagation" StartDate="2014-11-15 15:57:03.401 JST" StructureHandle="=NDKSample/src&amp;lt;ndk.utils{CONS.java#" StructureKind="java"/><InteractionEvent Delta="null" EndDate="2014-11-15 15:57:07.545 JST" Interest="2.0" Kind="selection" Navigation="null" OriginId="org.eclipse.jdt.ui.CompilationUnitEditor" StartDate="2014-11-15 15:57:04.290 JST" StructureHandle="=NDKSample/src&amp;lt;ndk.utils{CONS.java#" StructureKind="java" NumEvents="2" CreationCount="1146"/><InteractionEvent Delta="null" EndDate="2014-11-15 15:55:42.295 JST" Interest="13.0" Kind="selection" Navigation="null" OriginId="org.eclipse.ui.views.ContentOutline" StartDate="2014-11-15 15:55:39.509 JST" StructureHandle="=NDKSample/src&amp;lt;ndk.utils{Methods.java[Methods~start_Activity_RecActv~QActivity;" StructureKind="java" NumEvents="13" CreationCount="943"/><InteractionEvent Delta="null" EndDate="2014-11-15 15:53:40.592 JST" Interest="1.0" Kind="selection" Navigation="null" OriginId="org.eclipse.ui.views.ResourceNavigator" StartDate="2014-11-15 15:53:40.592 JST" StructureHandle="=TA2/src&amp;lt;ta2" StructureKind="java"/><InteractionEvent Delta="null" EndDate="2014-11-15 16:02:13.542 JST" Interest="22.029001" Kind="propagation" Navigation="org.eclipse.mylyn.core.model.edges.containment" OriginId="org.eclipse.mylyn.core.model.interest.propagation" StartDate="2014-11-15 15:23:37.466 JST" StructureHandle="/NDKSample/bin" StructureKind="resource" NumEvents="2" CreationCount="131"/><InteractionEvent Delta="null" EndDate="2014-11-15 15:55:29.940 JST" Interest="9.0" Kind="selection" Navigation="null" OriginId="org.eclipse.ui.views.ContentOutline" StartDate="2014-11-15 15:55:25.159 JST" StructureHandle="=NDKSample/src&amp;lt;ndk.utils{Methods.java[Methods~report_Save_Memos~QActivity;~I" StructureKind="java" NumEvents="9" CreationCount="860"/><InteractionEvent Delta="null" EndDate="2014-11-15 16:02:22.224 JST" Interest="1.0" Kind="propagation" Navigation="null" OriginId="org.eclipse.mylyn.resources.ui.interest.updater" StartDate="2014-11-15 16:02:22.224 JST" StructureHandle="/NDKSample/bin/dexedLibs/commons-net-3.3-4b5cffe15a4baf443001a70bc282cd23.jar" StructureKind="resource"/><InteractionEvent Delta="null" EndDate="2014-11-15 15:55:04.779 JST" Interest="2.0" Kind="selection" Navigation="null" OriginId="org.eclipse.ui.views.ContentOutline" StartDate="2014-11-15 15:55:03.512 JST" StructureHandle="=NDKSample/src&amp;lt;ndk.utils{Methods.java[Methods~get_LogItem_List~QActivity;" StructureKind="java" NumEvents="2" CreationCount="833"/><InteractionEvent Delta="null" EndDate="2014-11-15 15:58:21.116 JST" Interest="2.017" Kind="propagation" Navigation="org.eclipse.mylyn.core.model.edges.containment" OriginId="org.eclipse.mylyn.core.model.interest.propagation" StartDate="2014-11-15 15:57:30.588 JST" StructureHandle="/TA2/res/values" StructureKind="resource" NumEvents="3" CreationCount="1156"/><InteractionEvent Delta="null" EndDate="2014-11-15 15:57:28.427 JST" Interest="1.0" Kind="selection" Navigation="null" OriginId="org.eclipse.ui.views.ResourceNavigator" StartDate="2014-11-15 15:57:28.427 JST" StructureHandle="/TA2/res/values" StructureKind="resource"/><InteractionEvent Delta="null" EndDate="2014-11-15 16:02:22.197 JST" Interest="2.0" Kind="prediction" Navigation="null" OriginId="org.eclipse.mylyn.resources.ui.interest.updater" StartDate="2014-11-15 15:23:37.466 JST" StructureHandle="/NDKSample/bin/resources.ap_" StructureKind="resource" NumEvents="2" CreationCount="131"/><InteractionEvent Delta="null" EndDate="2014-11-15 15:21:57.31 JST" Interest="1.0" Kind="selection" Navigation="null" OriginId="org.eclipse.ui.views.ContentOutline" StartDate="2014-11-15 15:21:57.31 JST" StructureHandle="=NDKSample/src&amp;lt;ndk.main{MainActv.java[MainActv~onStart" StructureKind="java"/><InteractionEvent Delta="null" EndDate="2014-11-15 15:22:15.210 JST" Interest="10.0" Kind="edit" Navigation="null" OriginId="org.eclipse.jdt.ui.CompilationUnitEditor" StartDate="2014-11-15 15:21:58.484 JST" StructureHandle="=NDKSample/src&amp;lt;ndk.main{MainActv.java[MainActv~onStart" StructureKind="java" NumEvents="10" CreationCount="89"/><InteractionEvent Delta="null" EndDate="2014-11-15 15:55:29.942 JST" Interest="7.0" Kind="selection" Navigation="null" OriginId="org.eclipse.ui.views.ContentOutline" StartDate="2014-11-15 15:55:27.709 JST" StructureHandle="=NDKSample/src&amp;lt;ndk.utils{Methods.java[Methods~restore_DB~QActivity;" StructureKind="java" NumEvents="7" CreationCount="867"/><InteractionEvent Delta="null" EndDate="2014-11-15 15:17:40.460 JST" Interest="1.0" Kind="propagation" Navigation="org.eclipse.mylyn.core.model.edges.containment" OriginId="org.eclipse.mylyn.core.model.interest.propagation" StartDate="2014-11-15 15:17:40.460 JST" StructureHandle="=IFM11/src&amp;lt;ifm11.main" StructureKind="java"/><InteractionEvent Delta="null" EndDate="2014-11-15 15:56:27.118 JST" Interest="5.0" Kind="selection" Navigation="null" OriginId="org.eclipse.ui.views.ContentOutline" StartDate="2014-11-15 15:56:24.537 JST" StructureHandle="=NDKSample/src&amp;lt;ndk.utils{CONS.java[CONS[MemoActv" StructureKind="java" NumEvents="5" CreationCount="1094"/><InteractionEvent Delta="null" EndDate="2014-11-15 15:58:00.127 JST" Interest="1.0" Kind="propagation" Navigation="org.eclipse.mylyn.core.model.edges.containment" OriginId="org.eclipse.mylyn.core.model.interest.propagation" StartDate="2014-11-15 15:58:00.127 JST" StructureHandle="=NDKSample/src&amp;lt;ndk.utils{Tags.java[Tags[SwipeTags" StructureKind="java"/><InteractionEvent Delta="null" EndDate="2014-11-15 15:58:07.382 JST" Interest="2.0" Kind="selection" Navigation="null" OriginId="org.eclipse.ui.views.ContentOutline" StartDate="2014-11-15 15:58:01.962 JST" StructureHandle="=NDKSample/src&amp;lt;ndk.utils{Tags.java[Tags[SwipeTags" StructureKind="java" NumEvents="2" CreationCount="1174"/><InteractionEvent Delta="null" EndDate="2014-11-15 15:17:40.460 JST" Interest="1.0" Kind="propagation" Navigation="null" OriginId="org.eclipse.ui.views.ResourceNavigator" StartDate="2014-11-15 15:17:40.460 JST" StructureHandle="/IFM11/src/ifm11/main/TNActv.java" StructureKind="resource"/><InteractionEvent Delta="null" EndDate="2014-11-15 16:00:17.593 JST" Interest="1.0" Kind="selection" Navigation="null" OriginId="org.eclipse.jdt.ui.CompilationUnitEditor" StartDate="2014-11-15 16:00:17.593 JST" StructureHandle="=NDKSample/src&amp;lt;ndk.utils{Methods.java#java.io.File" StructureKind="java"/><InteractionEvent Delta="null" EndDate="2014-11-15 15:57:20.885 JST" Interest="10.211" Kind="propagation" Navigation="org.eclipse.mylyn.core.model.edges.containment" OriginId="org.eclipse.mylyn.core.model.interest.propagation" StartDate="2014-11-15 15:53:43.502 JST" StructureHandle="=TA2/src&amp;lt;ta2.utils" StructureKind="java" NumEvents="5" CreationCount="588"/><InteractionEvent Delta="null" EndDate="2014-11-15 15:53:41.823 JST" Interest="1.0" Kind="selection" Navigation="null" OriginId="org.eclipse.ui.views.ResourceNavigator" StartDate="2014-11-15 15:53:41.823 JST" StructureHandle="=TA2/src&amp;lt;ta2.utils" StructureKind="java"/><InteractionEvent Delta="null" EndDate="2014-11-15 15:58:44.809 JST" Interest="3.0" Kind="selection" Navigation="null" OriginId="org.eclipse.jdt.ui.CompilationUnitEditor" StartDate="2014-11-15 15:58:44.733 JST" StructureHandle="=NDKSample/src&amp;lt;ndk.utils{Methods.java[Methods~write_Log~QActivity;~QString;~QString;~I" StructureKind="java" NumEvents="3" CreationCount="1209"/><InteractionEvent Delta="null" EndDate="2014-11-15 15:58:55.977 JST" Interest="5.0" Kind="edit" Navigation="null" OriginId="org.eclipse.jdt.ui.CompilationUnitEditor" StartDate="2014-11-15 15:58:45.301 JST" StructureHandle="=NDKSample/src&amp;lt;ndk.utils{Methods.java[Methods~write_Log~QActivity;~QString;~QString;~I" StructureKind="java" NumEvents="5" CreationCount="1209"/><InteractionEvent Delta="null" EndDate="2014-11-15 15:54:42.572 JST" Interest="7.0" Kind="selection" Navigation="null" OriginId="org.eclipse.ui.views.ContentOutline" StartDate="2014-11-15 15:54:41.499 JST" StructureHandle="=NDKSample/src&amp;lt;ndk.utils{Methods.java[Methods~filter_MemoList_Multiple_KW~QActivity;~I~\[QString;" StructureKind="java" NumEvents="7" CreationCount="707"/><InteractionEvent Delta="null" EndDate="2014-11-15 16:15:05.920 JST" Interest="258.502" Kind="propagation" Navigation="org.eclipse.mylyn.core.model.edges.containment" OriginId="org.eclipse.mylyn.core.model.interest.propagation" StartDate="2014-11-15 15:17:46.624 JST" StructureHandle="=NDKSample/src&amp;lt;ndk.main" StructureKind="java" NumEvents="374" CreationCount="3"/><InteractionEvent Delta="null" EndDate="2014-11-15 15:17:45.63 JST" Interest="1.0" Kind="selection" Navigation="null" OriginId="org.eclipse.jdt.ui.PackageExplorer" StartDate="2014-11-15 15:17:45.63 JST" StructureHandle="=NDKSample/src&amp;lt;ndk.main" StructureKind="java"/><InteractionEvent Delta="null" EndDate="2014-11-15 15:58:27.565 JST" Interest="1.0" Kind="selection" Navigation="null" OriginId="org.eclipse.ui.views.ResourceNavigator" StartDate="2014-11-15 15:58:27.565 JST" StructureHandle="=TA2/libs\/commons-net-3.3.jar" StructureKind="java"/><InteractionEvent Delta="null" EndDate="2014-11-15 15:49:04.700 JST" Interest="6.0" Kind="propagation" Navigation="org.eclipse.mylyn.core.model.edges.containment" OriginId="org.eclipse.mylyn.core.model.interest.propagation" StartDate="2014-11-15 15:21:23.234 JST" StructureHandle="/NDKSample/obj/local/armeabi/objs/NDKSample" StructureKind="resource" NumEvents="5" CreationCount="79"/><InteractionEvent Delta="null" EndDate="2014-11-15 15:56:37.709 JST" Interest="1.0" Kind="selection" Navigation="null" OriginId="org.eclipse.ui.views.ContentOutline" StartDate="2014-11-15 15:56:37.709 JST" StructureHandle="=NDKSample/src&amp;lt;ndk.utils{CONS.java[CONS[Paths" StructureKind="java"/><InteractionEvent Delta="null" EndDate="2014-11-15 15:55:42.299 JST" Interest="8.0" Kind="selection" Navigation="null" OriginId="org.eclipse.ui.views.ContentOutline" StartDate="2014-11-15 15:55:40.174 JST" StructureHandle="=NDKSample/src&amp;lt;ndk.utils{Methods.java[Methods~start_Activity_ShowLogActv~QActivity;~QString;" StructureKind="java" NumEvents="8" CreationCount="958"/><InteractionEvent Delta="null" EndDate="2014-11-15 15:55:29.941 JST" Interest="8.0" Kind="selection" Navigation="null" OriginId="org.eclipse.ui.views.ContentOutline" StartDate="2014-11-15 15:55:25.846 JST" StructureHandle="=NDKSample/src&amp;lt;ndk.utils{Methods.java[Methods~report_Update_Memos~QActivity;~I" StructureKind="java" NumEvents="8" CreationCount="863"/><InteractionEvent Delta="null" EndDate="2014-11-15 15:55:42.294 JST" Interest="14.0" Kind="selection" Navigation="null" OriginId="org.eclipse.ui.views.ContentOutline" StartDate="2014-11-15 15:55:39.321 JST" StructureHandle="=NDKSample/src&amp;lt;ndk.utils{Methods.java[Methods~start_Activity_PrefActv__ForResult~QActivity;" StructureKind="java" NumEvents="14" CreationCount="937"/><InteractionEvent Delta="null" EndDate="2014-11-15 15:55:36.41 JST" Interest="3.0" Kind="selection" Navigation="null" OriginId="org.eclipse.ui.views.ContentOutline" StartDate="2014-11-15 15:55:35.721 JST" StructureHandle="=NDKSample/src&amp;lt;ndk.utils{Methods.java[Methods~start_Activity_LogActv~QActivity;~QDialog;" StructureKind="java" NumEvents="3" CreationCount="916"/><InteractionEvent Delta="null" EndDate="2014-11-15 15:54:04.499 JST" Interest="1.0" Kind="selection" Navigation="null" OriginId="org.eclipse.ui.views.ContentOutline" StartDate="2014-11-15 15:54:04.499 JST" StructureHandle="=NDKSample/src&amp;lt;ndk.utils{Methods.java[Methods~_filter_MemoList_Multiple_KW__OR~QActivity;~\[QString;" StructureKind="java"/><InteractionEvent Delta="null" EndDate="2014-11-15 15:17:40.460 JST" Interest="1.0" Kind="selection" Navigation="null" OriginId="org.eclipse.ui.views.ResourceNavigator" StartDate="2014-11-15 15:17:40.460 JST" StructureHandle="=IFM11/src&amp;lt;ifm11.main{TNActv.java" StructureKind="java"/><InteractionEvent Delta="null" EndDate="2014-11-15 15:55:55.207 JST" Interest="2.9440002" Kind="manipulation" Navigation="null" OriginId="org.eclipse.mylyn.core.model.interest.decay.correction" StartDate="2014-11-15 15:55:55.207 JST" StructureHandle="=NDKSample/src&amp;lt;ndk.utils{Methods.java[Methods~get_Dirname~QActivity;~QString;" StructureKind="java"/><InteractionEvent Delta="null" EndDate="2014-11-15 15:58:39.224 JST" Interest="13.0" Kind="selection" Navigation="null" OriginId="org.eclipse.jdt.ui.CompilationUnitEditor" StartDate="2014-11-15 15:54:58.207 JST" StructureHandle="=NDKSample/src&amp;lt;ndk.utils{Methods.java[Methods~get_Dirname~QActivity;~QString;" StructureKind="java" NumEvents="13" CreationCount="831"/><InteractionEvent Delta="null" EndDate="2014-11-15 15:58:33.838 JST" Interest="7.0" Kind="edit" Navigation="null" OriginId="org.eclipse.jdt.ui.CompilationUnitEditor" StartDate="2014-11-15 15:55:55.788 JST" StructureHandle="=NDKSample/src&amp;lt;ndk.utils{Methods.java[Methods~get_Dirname~QActivity;~QString;" StructureKind="java" NumEvents="7" CreationCount="831"/><InteractionEvent Delta="null" EndDate="2014-11-15 15:59:59.321 JST" Interest="1.0" Kind="selection" Navigation="null" OriginId="org.eclipse.jdt.ui.CompilationUnitEditor" StartDate="2014-11-15 15:59:59.321 JST" StructureHandle="=NDKSample/src&amp;lt;ndk.utils{Methods.java#java.text.DateFormat" StructureKind="java"/><InteractionEvent Delta="null" EndDate="2014-11-15 15:55:47.874 JST" Interest="6.0" Kind="selection" Navigation="null" OriginId="org.eclipse.ui.views.ContentOutline" StartDate="2014-11-15 15:55:46.560 JST" StructureHandle="=NDKSample/src&amp;lt;ndk.utils{Methods.java[Methods~stop_Player~QActivity;" StructureKind="java" NumEvents="6" CreationCount="1042"/><InteractionEvent Delta="null" EndDate="2014-11-15 15:55:29.946 JST" Interest="3.0" Kind="selection" Navigation="null" OriginId="org.eclipse.ui.views.ContentOutline" StartDate="2014-11-15 15:55:29.541 JST" StructureHandle="=NDKSample/src&amp;lt;ndk.utils{Methods.java[Methods~save_Memo~QActivity;" StructureKind="java" NumEvents="3" CreationCount="893"/><InteractionEvent Delta="null" EndDate="2014-11-15 15:58:21.116 JST" Interest="11.724001" Kind="propagation" Navigation="org.eclipse.mylyn.core.model.edges.containment" OriginId="org.eclipse.mylyn.core.model.interest.propagation" StartDate="2014-11-15 15:53:40.91 JST" StructureHandle="=TA2" StructureKind="java" NumEvents="11" CreationCount="585"/><InteractionEvent Delta="null" EndDate="2014-11-15 15:53:38.184 JST" Interest="1.0" Kind="selection" Navigation="null" OriginId="org.eclipse.ui.views.ResourceNavigator" StartDate="2014-11-15 15:53:38.184 JST" StructureHandle="=TA2" StructureKind="java"/><InteractionEvent Delta="null" EndDate="2014-11-15 15:58:18.389 JST" Interest="17.853" Kind="manipulation" Navigation="null" OriginId="org.eclipse.mylyn.core.model.interest.decay.correction" StartDate="2014-11-15 15:58:18.389 JST" StructureHandle="/NDKSample/libs" StructureKind="resource"/><InteractionEvent Delta="null" EndDate="2014-11-15 15:21:23.234 JST" Interest="1.0" Kind="propagation" Navigation="org.eclipse.mylyn.core.model.edges.containment" OriginId="org.eclipse.mylyn.core.model.interest.propagation" StartDate="2014-11-15 15:21:23.234 JST" StructureHandle="/NDKSample/libs" StructureKind="resource"/><InteractionEvent Delta="null" EndDate="2014-11-15 15:58:29.351 JST" Interest="2.0" Kind="selection" Navigation="null" OriginId="org.eclipse.jdt.ui.PackageExplorer" StartDate="2014-11-15 15:58:18.389 JST" StructureHandle="/NDKSample/libs" StructureKind="resource" NumEvents="2" CreationCount="79"/><InteractionEvent Delta="null" EndDate="2014-11-15 15:54:28.620 JST" Interest="1.0" Kind="selection" Navigation="null" OriginId="org.eclipse.ui.views.ContentOutline" StartDate="2014-11-15 15:54:28.620 JST" StructureHandle="=NDKSample/src&amp;lt;ndk.utils{Methods.java[Methods~conv_MillSec_to_AudioFileLabel~J" StructureKind="java"/><InteractionEvent Delta="null" EndDate="2014-11-15 15:58:31.90 JST" Interest="1.0" Kind="propagation" Navigation="null" OriginId="org.eclipse.mylyn.resources.ui.interest.updater" StartDate="2014-11-15 15:58:31.90 JST" StructureHandle="=NDKSample/libs\/commons-lang-2.6.jar" StructureKind="java"/><InteractionEvent Delta="null" EndDate="2014-11-15 16:06:51.779 JST" Interest="241.08502" Kind="propagation" Navigation="org.eclipse.mylyn.core.model.edges.containment" OriginId="org.eclipse.mylyn.core.model.interest.propagation" StartDate="2014-11-15 15:22:07.616 JST" StructureHandle="=NDKSample/src&amp;lt;ndk.main{MainActv.java" StructureKind="java" NumEvents="347" CreationCount="4"/><InteractionEvent Delta="null" EndDate="2014-11-15 16:04:00.883 JST" Interest="17.0" Kind="selection" Navigation="null" OriginId="org.eclipse.jdt.ui.CompilationUnitEditor" StartDate="2014-11-15 15:17:46.624 JST" StructureHandle="=NDKSample/src&amp;lt;ndk.main{MainActv.java" StructureKind="java" NumEvents="17" CreationCount="4"/><InteractionEvent Delta="null" EndDate="2014-11-15 16:03:13.607 JST" Interest="2.0" Kind="edit" Navigation="null" OriginId="org.eclipse.jdt.ui.CompilationUnitEditor" StartDate="2014-11-15 16:03:08.506 JST" StructureHandle="=NDKSample/src&amp;lt;ndk.main{MainActv.java" StructureKind="java" NumEvents="2" CreationCount="4"/><InteractionEvent Delta="null" EndDate="2014-11-15 15:54:42.564 JST" Interest="14.0" Kind="selection" Navigation="null" OriginId="org.eclipse.ui.views.ContentOutline" StartDate="2014-11-15 15:54:39.686 JST" StructureHandle="=NDKSample/src&amp;lt;ndk.utils{Methods.java[Methods~delete_Memo~QActivity;~QDialog;~QDialog;~QMemo;" StructureKind="java" NumEvents="14" CreationCount="644"/><InteractionEvent Delta="null" EndDate="2014-11-15 15:58:21.116 JST" Interest="2.034" Kind="propagation" Navigation="org.eclipse.mylyn.core.model.edges.containment" OriginId="org.eclipse.mylyn.core.model.interest.propagation" StartDate="2014-11-15 15:57:28.427 JST" StructureHandle="/TA2/res" StructureKind="resource" NumEvents="4" CreationCount="1155"/><InteractionEvent Delta="null" EndDate="2014-11-15 15:57:25.89 JST" Interest="1.0" Kind="selection" Navigation="null" OriginId="org.eclipse.ui.views.ResourceNavigator" StartDate="2014-11-15 15:57:25.89 JST" StructureHandle="/TA2/res" StructureKind="resource"/><InteractionEvent Delta="null" EndDate="2014-11-15 15:54:42.560 JST" Interest="17.0" Kind="selection" Navigation="null" OriginId="org.eclipse.ui.views.ContentOutline" StartDate="2014-11-15 15:54:38.790 JST" StructureHandle="=NDKSample/src&amp;lt;ndk.utils{Methods.java[Methods~convert_sec2digits~I~I" StructureKind="java" NumEvents="17" CreationCount="632"/><InteractionEvent Delta="null" EndDate="2014-11-15 16:00:19.259 JST" Interest="648.0" Kind="propagation" Navigation="null" OriginId="org.eclipse.jdt.ui.CompilationUnitEditor" StartDate="2014-11-15 15:53:23.14 JST" StructureHandle="/NDKSample/src/ndk/utils" StructureKind="resource" NumEvents="648" CreationCount="579"/><InteractionEvent Delta="null" EndDate="2014-11-15 15:57:20.884 JST" Interest="3.0" Kind="selection" Navigation="null" OriginId="org.eclipse.ui.views.ResourceNavigator" StartDate="2014-11-15 15:55:58.540 JST" StructureHandle="=TA2/src&amp;lt;ta2.utils{CONS.java" StructureKind="java" NumEvents="3" CreationCount="1071"/><InteractionEvent Delta="null" EndDate="2014-11-15 15:54:42.576 JST" Interest="4.0" Kind="selection" Navigation="null" OriginId="org.eclipse.ui.views.ContentOutline" StartDate="2014-11-15 15:54:42.25 JST" StructureHandle="=NDKSample/src&amp;lt;ndk.utils{Methods.java[Methods~filter_MemoList_Single_KW~QActivity;~I~QString;" StructureKind="java" NumEvents="4" CreationCount="749"/><InteractionEvent Delta="null" EndDate="2014-11-15 15:59:54.971 JST" Interest="1.0" Kind="selection" Navigation="null" OriginId="org.eclipse.jdt.ui.CompilationUnitEditor" StartDate="2014-11-15 15:59:54.971 JST" StructureHandle="=NDKSample/src&amp;lt;ndk.utils{Methods.java#android.view.KeyEvent" StructureKind="java"/><InteractionEvent Delta="null" EndDate="2014-11-15 15:57:09.471 JST" Interest="1.0" Kind="selection" Navigation="null" OriginId="org.eclipse.jdt.ui.CompilationUnitEditor" StartDate="2014-11-15 15:57:09.471 JST" StructureHandle="=NDKSample/src&amp;lt;ndk.utils{CONS.java#android.content.SharedPreferences" StructureKind="java"/><InteractionEvent Delta="null" EndDate="2014-11-15 15:49:04.701 JST" Interest="2.0" Kind="propagation" Navigation="null" OriginId="org.eclipse.mylyn.resources.ui.interest.updater" StartDate="2014-11-15 15:21:23.234 JST" StructureHandle="/NDKSample/libs/armeabi/libNDKSample.so" StructureKind="resource" NumEvents="2" CreationCount="79"/><InteractionEvent Delta="null" EndDate="2014-11-15 16:06:57.231 JST" Interest="6.0" Kind="prediction" Navigation="null" OriginId="org.eclipse.mylyn.resources.ui.interest.updater" StartDate="2014-11-15 15:51:00.868 JST" StructureHandle="/NDKSample/libs/armeabi/libNDKSample.so" StructureKind="resource" NumEvents="6" CreationCount="79"/><InteractionEvent Delta="null" EndDate="2014-11-15 15:54:14.384 JST" Interest="2.0" Kind="selection" Navigation="null" OriginId="org.eclipse.ui.views.ContentOutline" StartDate="2014-11-15 15:54:12.983 JST" StructureHandle="=NDKSample/src&amp;lt;ndk.utils{Methods.java[Methods~add_WP_to_Memo_SpecialChars~QActivity;~QEditText;~QWordPattern;" StructureKind="java" NumEvents="2" CreationCount="608"/><InteractionEvent Delta="null" EndDate="2014-11-15 15:54:14.388 JST" Interest="2.0" Kind="selection" Navigation="null" OriginId="org.eclipse.ui.views.ContentOutline" StartDate="2014-11-15 15:54:12.989 JST" StructureHandle="=NDKSample/src&amp;lt;ndk.utils{Methods.java[Methods~backup_DB~QActivity;" StructureKind="java" NumEvents="2" CreationCount="611"/><InteractionEvent Delta="null" EndDate="2014-11-15 15:58:27.565 JST" Interest="2.0" Kind="selection" Navigation="null" OriginId="org.eclipse.ui.views.ResourceNavigator" StartDate="2014-11-15 15:58:26.802 JST" StructureHandle="=TA2/libs\/commons-lang-2.6.jar" StructureKind="java" NumEvents="2" CreationCount="1191"/><InteractionEvent Delta="null" EndDate="2014-11-15 15:54:42.565 JST" Interest="13.0" Kind="selection" Navigation="null" OriginId="org.eclipse.ui.views.ContentOutline" StartDate="2014-11-15 15:54:40.247 JST" StructureHandle="=NDKSample/src&amp;lt;ndk.utils{Methods.java[Methods~delete_Pattern~QActivity;~QDialog;~QDialog;~QWordPattern;" StructureKind="java" NumEvents="13" CreationCount="650"/><InteractionEvent Delta="null" EndDate="2014-11-15 15:54:51.389 JST" Interest="7.0" Kind="selection" Navigation="null" OriginId="org.eclipse.ui.views.ContentOutline" StartDate="2014-11-15 15:54:45.789 JST" StructureHandle="=NDKSample/src&amp;lt;ndk.utils{Methods.java[Methods~ftp_connect_disconnect~QActivity;" StructureKind="java" NumEvents="7" CreationCount="801"/><InteractionEvent Delta="null" EndDate="2014-11-15 15:55:20.781 JST" Interest="6.0" Kind="selection" Navigation="null" OriginId="org.eclipse.ui.views.ContentOutline" StartDate="2014-11-15 15:55:18.252 JST" StructureHandle="=NDKSample/src&amp;lt;ndk.utils{Methods.java[Methods~play_File~QActivity;" StructureKind="java" NumEvents="6" CreationCount="838"/><InteractionEvent Delta="null" EndDate="2014-11-15 15:58:39.224 JST" Interest="21.105" Kind="propagation" Navigation="org.eclipse.mylyn.core.model.edges.containment" OriginId="org.eclipse.mylyn.core.model.interest.propagation" StartDate="2014-11-15 15:54:04.497 JST" StructureHandle="=NDKSample/src&amp;lt;ndk.utils{Methods.java[Methods" StructureKind="java" NumEvents="29" CreationCount="598"/><InteractionEvent Delta="null" EndDate="2014-11-15 15:59:08.124 JST" Interest="4.0" Kind="selection" Navigation="null" OriginId="org.eclipse.jdt.ui.CompilationUnitEditor" StartDate="2014-11-15 15:54:00.357 JST" StructureHandle="=NDKSample/src&amp;lt;ndk.utils{Methods.java[Methods" StructureKind="java" NumEvents="4" CreationCount="598"/><InteractionEvent Delta="null" EndDate="2014-11-15 15:59:09.931 JST" Interest="2.0" Kind="edit" Navigation="null" OriginId="org.eclipse.jdt.ui.CompilationUnitEditor" StartDate="2014-11-15 15:58:33.229 JST" StructureHandle="=NDKSample/src&amp;lt;ndk.utils{Methods.java[Methods" StructureKind="java" NumEvents="2" CreationCount="598"/><InteractionEvent Delta="null" EndDate="2014-11-15 15:55:55.788 JST" Interest="17.195" Kind="propagation" Navigation="org.eclipse.mylyn.core.model.edges.containment" OriginId="org.eclipse.mylyn.core.model.interest.propagation" StartDate="2014-11-15 15:53:50.157 JST" StructureHandle="=NDKSample/src&amp;lt;ndk.utils{Methods.java" StructureKind="java" NumEvents="47" CreationCount="590"/><InteractionEvent Delta="null" EndDate="2014-11-15 15:58:15.206 JST" Interest="7.0" Kind="selection" Navigation="null" OriginId="org.eclipse.jdt.ui.PackageExplorer" StartDate="2014-11-15 15:53:51.987 JST" StructureHandle="=NDKSample/src&amp;lt;ndk.utils{Methods.java" StructureKind="java" NumEvents="7" CreationCount="590"/><InteractionEvent Delta="null" EndDate="2014-11-15 15:59:18.229 JST" Interest="6.0" Kind="edit" Navigation="null" OriginId="org.eclipse.jdt.ui.CompilationUnitEditor" StartDate="2014-11-15 15:53:53.203 JST" StructureHandle="=NDKSample/src&amp;lt;ndk.utils{Methods.java" StructureKind="java" NumEvents="6" CreationCount="590"/><InteractionEvent Delta="null" EndDate="2014-11-15 16:06:51.775 JST" Interest="3.0" Kind="selection" Navigation="null" OriginId="org.eclipse.jdt.ui.CompilationUnitEditor" StartDate="2014-11-15 16:03:15.456 JST" StructureHandle="=NDKSample/src&amp;lt;ndk.main{MainActv.java[MainActv~add_Array_java~\[I" StructureKind="java" NumEvents="3" CreationCount="1388"/><InteractionEvent Delta="null" EndDate="2014-11-15 16:15:05.920 JST" Interest="66.0" Kind="edit" Navigation="null" OriginId="org.eclipse.jdt.ui.CompilationUnitEditor" StartDate="2014-11-15 16:03:15.459 JST" StructureHandle="=NDKSample/src&amp;lt;ndk.main{MainActv.java[MainActv~add_Array_java~\[I" StructureKind="java" NumEvents="66" CreationCount="1388"/></InteractionHistory>