<?xml version="1.0" encoding="UTF-8"?><InteractionHistory Id="local-187" Version="1"><InteractionEvent Delta="null" EndDate="2014-11-03 21:06:31.856 JST" Interest="1.0" Kind="selection" Navigation="null" OriginId="org.eclipse.jdt.ui.CompilationUnitEditor" StartDate="2014-11-03 21:06:31.856 JST" StructureHandle="=IFM11/src&amp;lt;ifm11.adapters{Adp_TIList.java[Adp_TIList|1" StructureKind="java"/><InteractionEvent Delta="null" EndDate="2014-11-03 21:06:36.59 JST" Interest="3.0" Kind="edit" Navigation="null" OriginId="org.eclipse.jdt.ui.CompilationUnitEditor" StartDate="2014-11-03 21:06:31.869 JST" StructureHandle="=IFM11/src&amp;lt;ifm11.adapters{Adp_TIList.java[Adp_TIList|1" StructureKind="java" NumEvents="3" CreationCount="647"/><InteractionEvent Delta="null" EndDate="2014-11-03 20:58:26.670 JST" Interest="11.802" Kind="propagation" Navigation="org.eclipse.mylyn.core.model.edges.containment" OriginId="org.eclipse.mylyn.core.model.interest.propagation" StartDate="2014-11-03 20:43:41.413 JST" StructureHandle="=IFM11/src&amp;lt;ifm11.main{ImageActv.java[ImageActv" StructureKind="java" NumEvents="16" CreationCount="66"/><InteractionEvent Delta="null" EndDate="2014-11-03 20:26:22.976 JST" Interest="1.0" Kind="propagation" Navigation="org.eclipse.mylyn.core.model.edges.containment" OriginId="org.eclipse.mylyn.core.model.interest.propagation" StartDate="2014-11-03 20:26:22.976 JST" StructureHandle="" StructureKind="java"/><InteractionEvent Delta="null" EndDate="2014-11-03 20:26:22.976 JST" Interest="1.0" Kind="propagation" Navigation="org.eclipse.mylyn.core.model.edges.containment" OriginId="org.eclipse.mylyn.core.model.interest.propagation" StartDate="2014-11-03 20:26:22.976 JST" StructureHandle="=freemind_1.0.1" StructureKind="java"/><InteractionEvent Delta="null" EndDate="2014-11-03 20:58:27.119 JST" Interest="8.0" Kind="selection" Navigation="null" OriginId="org.eclipse.jdt.ui.CompilationUnitEditor" StartDate="2014-11-03 20:38:27.510 JST" StructureHandle="=IFM11/src&amp;lt;ifm11.adapters{Adp_TIList.java" StructureKind="java" NumEvents="8" CreationCount="19"/><InteractionEvent Delta="null" EndDate="2014-11-03 20:53:23.133 JST" Interest="2.0" Kind="edit" Navigation="null" OriginId="org.eclipse.jdt.ui.CompilationUnitEditor" StartDate="2014-11-03 20:49:06.577 JST" StructureHandle="=IFM11/src&amp;lt;ifm11.adapters{Adp_TIList.java" StructureKind="java" NumEvents="2" CreationCount="19"/><InteractionEvent Delta="null" EndDate="2014-11-03 21:12:10.42 JST" Interest="323.372" Kind="propagation" Navigation="org.eclipse.mylyn.core.model.edges.containment" OriginId="org.eclipse.mylyn.core.model.interest.propagation" StartDate="2014-11-03 20:38:28.483 JST" StructureHandle="=IFM11/src&amp;lt;ifm11.adapters{Adp_TIList.java" StructureKind="java" NumEvents="464" CreationCount="19"/><InteractionEvent Delta="null" EndDate="2014-11-03 20:26:22.976 JST" Interest="1.0" Kind="propagation" Navigation="null" OriginId="org.eclipse.ui.views.ResourceNavigator" StartDate="2014-11-03 20:26:22.976 JST" StructureHandle="/freemind_1.0.1" StructureKind="resource"/><InteractionEvent Delta="null" EndDate="2014-11-03 20:50:39.681 JST" Interest="2.0" Kind="selection" Navigation="null" OriginId="org.eclipse.jdt.ui.CompilationUnitEditor" StartDate="2014-11-03 20:50:39.678 JST" StructureHandle="=IFM11/src&amp;lt;ifm11.adapters{Adp_TIList.java#ifm11.items.TI" StructureKind="java" NumEvents="2" CreationCount="167"/><InteractionEvent Delta="null" EndDate="2014-11-03 20:37:42.187 JST" Interest="1.0" Kind="selection" Navigation="null" OriginId="org.eclipse.jdt.ui.PackageExplorer" StartDate="2014-11-03 20:37:42.187 JST" StructureHandle="=IFM11/src&amp;lt;ifm11.main{ShowLogActv.java" StructureKind="java"/><InteractionEvent Delta="null" EndDate="2014-11-03 20:38:06.939 JST" Interest="4.0" Kind="selection" Navigation="null" OriginId="org.eclipse.jdt.ui.CompilationUnitEditor" StartDate="2014-11-03 20:38:00.844 JST" StructureHandle="=IFM11/src&amp;lt;ifm11.main{TNActv.java[TNActv~onCreate~QBundle;" StructureKind="java" NumEvents="4" CreationCount="7"/><InteractionEvent Delta="null" EndDate="2014-11-03 20:58:26.671 JST" Interest="26.0" Kind="propagation" Navigation="null" OriginId="org.eclipse.jdt.ui.CompilationUnitEditor" StartDate="2014-11-03 20:43:34.300 JST" StructureHandle="/IFM11/src/ifm11/main/ImageActv.java" StructureKind="resource" NumEvents="26" CreationCount="64"/><InteractionEvent Delta="null" EndDate="2014-11-03 21:12:10.42 JST" Interest="332.772" Kind="propagation" Navigation="org.eclipse.mylyn.core.model.edges.containment" OriginId="org.eclipse.mylyn.core.model.interest.propagation" StartDate="2014-11-03 20:38:27.511 JST" StructureHandle="=IFM11/src&amp;lt;ifm11.adapters" StructureKind="java" NumEvents="475" CreationCount="19"/><InteractionEvent Delta="null" EndDate="2014-11-03 20:26:22.975 JST" Interest="1.0" Kind="propagation" Navigation="org.eclipse.mylyn.core.model.edges.containment" OriginId="org.eclipse.mylyn.core.model.interest.propagation" StartDate="2014-11-03 20:26:22.975 JST" StructureHandle="/freemind_1.0.1/freemind" StructureKind="resource"/><InteractionEvent Delta="null" EndDate="2014-11-03 21:12:10.42 JST" Interest="615.0" Kind="propagation" Navigation="org.eclipse.mylyn.core.model.edges.containment" OriginId="org.eclipse.mylyn.core.model.interest.propagation" StartDate="2014-11-03 20:38:27.511 JST" StructureHandle="/IFM11/src/ifm11/adapters" StructureKind="resource" NumEvents="615" CreationCount="19"/><InteractionEvent Delta="null" EndDate="2014-11-03 21:12:10.42 JST" Interest="615.0" Kind="propagation" Navigation="null" OriginId="org.eclipse.jdt.ui.CompilationUnitEditor" StartDate="2014-11-03 20:38:27.511 JST" StructureHandle="/IFM11/src/ifm11/adapters/Adp_TIList.java" StructureKind="resource" NumEvents="615" CreationCount="19"/><InteractionEvent Delta="null" EndDate="2014-11-03 20:50:54.106 JST" Interest="1.0" Kind="selection" Navigation="null" OriginId="org.eclipse.jdt.ui.CompilationUnitEditor" StartDate="2014-11-03 20:50:54.106 JST" StructureHandle="=IFM11/src&amp;lt;ifm11.adapters{Adp_TIList.java[Adp_TIList^fis" StructureKind="java"/><InteractionEvent Delta="null" EndDate="2014-11-03 20:50:58.620 JST" Interest="7.0" Kind="edit" Navigation="null" OriginId="org.eclipse.jdt.ui.CompilationUnitEditor" StartDate="2014-11-03 20:50:54.114 JST" StructureHandle="=IFM11/src&amp;lt;ifm11.adapters{Adp_TIList.java[Adp_TIList^fis" StructureKind="java" NumEvents="7" CreationCount="181"/><InteractionEvent Delta="null" EndDate="2014-11-03 20:53:33.233 JST" Interest="1.0" Kind="selection" Navigation="null" OriginId="org.eclipse.jdt.ui.CompilationUnitEditor" StartDate="2014-11-03 20:53:33.233 JST" StructureHandle="=IFM11/src&amp;lt;ifm11.adapters{Adp_TIList.java[Adp_TIList^fname_Image" StructureKind="java"/><InteractionEvent Delta="null" EndDate="2014-11-03 20:53:35.416 JST" Interest="5.0" Kind="edit" Navigation="null" OriginId="org.eclipse.jdt.ui.CompilationUnitEditor" StartDate="2014-11-03 20:53:33.236 JST" StructureHandle="=IFM11/src&amp;lt;ifm11.adapters{Adp_TIList.java[Adp_TIList^fname_Image" StructureKind="java" NumEvents="5" CreationCount="305"/><InteractionEvent Delta="null" EndDate="2014-11-03 20:43:36.707 JST" Interest="1.0" Kind="selection" Navigation="null" OriginId="org.eclipse.ui.views.ContentOutline" StartDate="2014-11-03 20:43:36.707 JST" StructureHandle="=IFM11/src&amp;lt;ifm11.main{ImageActv.java%ifm11.main" StructureKind="java"/><InteractionEvent Delta="null" EndDate="2014-11-03 20:49:21.213 JST" Interest="4.0" Kind="selection" Navigation="null" OriginId="org.eclipse.jdt.ui.CompilationUnitEditor" StartDate="2014-11-03 20:38:06.756 JST" StructureHandle="=IFM11/src&amp;lt;ifm11.main{TNActv.java[TNActv~_Setup_Adapter" StructureKind="java" NumEvents="4" CreationCount="9"/><InteractionEvent Delta="null" EndDate="2014-11-03 20:49:45.849 JST" Interest="27.0" Kind="edit" Navigation="null" OriginId="org.eclipse.jdt.ui.CompilationUnitEditor" StartDate="2014-11-03 20:38:07.484 JST" StructureHandle="=IFM11/src&amp;lt;ifm11.main{TNActv.java[TNActv~_Setup_Adapter" StructureKind="java" NumEvents="27" CreationCount="9"/><InteractionEvent Delta="null" EndDate="2014-11-03 20:50:39.681 JST" Interest="2.0" Kind="propagation" Navigation="org.eclipse.mylyn.core.model.edges.containment" OriginId="org.eclipse.mylyn.core.model.interest.propagation" StartDate="2014-11-03 20:50:39.678 JST" StructureHandle="=IFM11/src&amp;lt;ifm11.adapters{Adp_TIList.java#" StructureKind="java" NumEvents="2" CreationCount="167"/><InteractionEvent Delta="null" EndDate="2014-11-03 20:58:26.672 JST" Interest="65.034" Kind="propagation" Navigation="null" OriginId="org.eclipse.jdt.ui.CompilationUnitEditor" StartDate="2014-11-03 20:37:39.494 JST" StructureHandle="/IFM11/src/ifm11/main" StructureKind="resource" NumEvents="67" CreationCount="3"/><InteractionEvent Delta="null" EndDate="2014-11-03 20:37:39.493 JST" Interest="1.0" Kind="selection" Navigation="null" OriginId="org.eclipse.jdt.ui.PackageExplorer" StartDate="2014-11-03 20:37:39.493 JST" StructureHandle="=IFM11/src&amp;lt;ifm11.main" StructureKind="java"/><InteractionEvent Delta="null" EndDate="2014-11-03 20:49:45.852 JST" Interest="22.002" Kind="propagation" Navigation="org.eclipse.mylyn.core.model.edges.containment" OriginId="org.eclipse.mylyn.core.model.interest.propagation" StartDate="2014-11-03 20:37:42.188 JST" StructureHandle="=IFM11/src&amp;lt;ifm11.main" StructureKind="java" NumEvents="36" CreationCount="3"/><InteractionEvent Delta="null" EndDate="2014-11-03 21:06:36.674 JST" Interest="9.0" Kind="selection" Navigation="null" OriginId="org.eclipse.jdt.ui.CompilationUnitEditor" StartDate="2014-11-03 20:49:08.605 JST" StructureHandle="=IFM11/src&amp;lt;ifm11.adapters{Adp_TIList.java[Adp_TIList" StructureKind="java" NumEvents="9" CreationCount="20"/><InteractionEvent Delta="null" EndDate="2014-11-03 21:06:36.698 JST" Interest="17.0" Kind="edit" Navigation="null" OriginId="org.eclipse.jdt.ui.CompilationUnitEditor" StartDate="2014-11-03 20:49:08.630 JST" StructureHandle="=IFM11/src&amp;lt;ifm11.adapters{Adp_TIList.java[Adp_TIList" StructureKind="java" NumEvents="17" CreationCount="20"/><InteractionEvent Delta="null" EndDate="2014-11-03 21:12:10.42 JST" Interest="311.855" Kind="propagation" Navigation="org.eclipse.mylyn.core.model.edges.containment" OriginId="org.eclipse.mylyn.core.model.interest.propagation" StartDate="2014-11-03 20:38:28.482 JST" StructureHandle="=IFM11/src&amp;lt;ifm11.adapters{Adp_TIList.java[Adp_TIList" StructureKind="java" NumEvents="445" CreationCount="20"/><InteractionEvent Delta="null" EndDate="2014-11-03 20:51:23.553 JST" Interest="1.0" Kind="selection" Navigation="null" OriginId="org.eclipse.jdt.ui.CompilationUnitEditor" StartDate="2014-11-03 20:51:23.553 JST" StructureHandle="=IFM11/src&amp;lt;ifm11.adapters{Adp_TIList.java[Adp_TIList^imageBitmap" StructureKind="java"/><InteractionEvent Delta="null" EndDate="2014-11-03 20:51:23.557 JST" Interest="1.0" Kind="edit" Navigation="null" OriginId="org.eclipse.jdt.ui.CompilationUnitEditor" StartDate="2014-11-03 20:51:23.557 JST" StructureHandle="=IFM11/src&amp;lt;ifm11.adapters{Adp_TIList.java[Adp_TIList^imageBitmap" StructureKind="java"/><InteractionEvent Delta="null" EndDate="2014-11-03 21:06:50.332 JST" Interest="2.0" Kind="propagation" Navigation="org.eclipse.mylyn.core.model.edges.containment" OriginId="org.eclipse.mylyn.core.model.interest.propagation" StartDate="2014-11-03 20:58:53.99 JST" StructureHandle="/IFM11/bin" StructureKind="resource" NumEvents="2" CreationCount="575"/><InteractionEvent Delta="null" EndDate="2014-11-03 20:49:45.850 JST" Interest="22.934" Kind="propagation" Navigation="org.eclipse.mylyn.core.model.edges.containment" OriginId="org.eclipse.mylyn.core.model.interest.propagation" StartDate="2014-11-03 20:38:00.845 JST" StructureHandle="=IFM11/src&amp;lt;ifm11.main{TNActv.java[TNActv" StructureKind="java" NumEvents="31" CreationCount="7"/><InteractionEvent Delta="null" EndDate="2014-11-03 20:43:41.412 JST" Interest="1.0" Kind="selection" Navigation="null" OriginId="org.eclipse.ui.views.ContentOutline" StartDate="2014-11-03 20:43:41.412 JST" StructureHandle="=IFM11/src&amp;lt;ifm11.main{ImageActv.java[ImageActv~set_image~QString;" StructureKind="java"/><InteractionEvent Delta="null" EndDate="2014-11-03 20:43:42.805 JST" Interest="5.0" Kind="edit" Navigation="null" OriginId="org.eclipse.jdt.ui.CompilationUnitEditor" StartDate="2014-11-03 20:43:41.543 JST" StructureHandle="=IFM11/src&amp;lt;ifm11.main{ImageActv.java[ImageActv~set_image~QString;" StructureKind="java" NumEvents="5" CreationCount="66"/><InteractionEvent Delta="null" EndDate="2014-11-03 20:49:45.850 JST" Interest="39.0" Kind="propagation" Navigation="null" OriginId="org.eclipse.jdt.ui.CompilationUnitEditor" StartDate="2014-11-03 20:37:44.611 JST" StructureHandle="/IFM11/src/ifm11/main/TNActv.java" StructureKind="resource" NumEvents="39" CreationCount="5"/><InteractionEvent Delta="null" EndDate="2014-11-03 20:50:41.393 JST" Interest="1.0" Kind="selection" Navigation="null" OriginId="org.eclipse.jdt.ui.CompilationUnitEditor" StartDate="2014-11-03 20:50:41.393 JST" StructureHandle="=IFM11/src&amp;lt;ifm11.adapters{Adp_TIList.java[Adp_TIList^moveMode" StructureKind="java"/><InteractionEvent Delta="null" EndDate="2014-11-03 20:50:41.396 JST" Interest="1.0" Kind="edit" Navigation="null" OriginId="org.eclipse.jdt.ui.CompilationUnitEditor" StartDate="2014-11-03 20:50:41.396 JST" StructureHandle="=IFM11/src&amp;lt;ifm11.adapters{Adp_TIList.java[Adp_TIList^moveMode" StructureKind="java"/><InteractionEvent Delta="null" EndDate="2014-11-03 20:26:22.974 JST" Interest="1.0" Kind="selection" Navigation="null" OriginId="org.eclipse.ui.views.ResourceNavigator" StartDate="2014-11-03 20:26:22.974 JST" StructureHandle="/freemind_1.0.1/freemind/freemind" StructureKind="resource"/><InteractionEvent Delta="null" EndDate="2014-11-03 21:12:10.42 JST" Interest="679.051" Kind="propagation" Navigation="org.eclipse.mylyn.core.model.edges.containment" OriginId="org.eclipse.mylyn.core.model.interest.propagation" StartDate="2014-11-03 20:26:25.954 JST" StructureHandle="=IFM11" StructureKind="resource" NumEvents="683" CreationCount="2"/><InteractionEvent Delta="null" EndDate="2014-11-03 20:49:13.861 JST" Interest="1.0" Kind="selection" Navigation="null" OriginId="org.eclipse.jdt.ui.CompilationUnitEditor" StartDate="2014-11-03 20:49:13.861 JST" StructureHandle="=IFM11/src&amp;lt;ifm11.adapters{Adp_TIList.java[Adp_TIList~Adp_TIList~QContext;~I~QList\&amp;lt;QTI;&amp;gt;;~QCONS.Enums.MoveMode;" StructureKind="java"/><InteractionEvent Delta="null" EndDate="2014-11-03 20:49:13.864 JST" Interest="1.0" Kind="edit" Navigation="null" OriginId="org.eclipse.jdt.ui.CompilationUnitEditor" StartDate="2014-11-03 20:49:13.864 JST" StructureHandle="=IFM11/src&amp;lt;ifm11.adapters{Adp_TIList.java[Adp_TIList~Adp_TIList~QContext;~I~QList\&amp;lt;QTI;&amp;gt;;~QCONS.Enums.MoveMode;" StructureKind="java"/><InteractionEvent Delta="null" EndDate="2014-11-03 20:53:36.288 JST" Interest="6.0" Kind="selection" Navigation="null" OriginId="org.eclipse.jdt.ui.CompilationUnitEditor" StartDate="2014-11-03 20:38:36.92 JST" StructureHandle="=IFM11/src&amp;lt;ifm11.adapters{Adp_TIList.java[Adp_TIList~getView~I~QView;~QViewGroup;" StructureKind="java" NumEvents="6" CreationCount="24"/><InteractionEvent Delta="null" EndDate="2014-11-03 20:53:36.292 JST" Interest="11.0" Kind="edit" Navigation="null" OriginId="org.eclipse.jdt.ui.CompilationUnitEditor" StartDate="2014-11-03 20:38:36.720 JST" StructureHandle="=IFM11/src&amp;lt;ifm11.adapters{Adp_TIList.java[Adp_TIList~getView~I~QView;~QViewGroup;" StructureKind="java" NumEvents="11" CreationCount="24"/><InteractionEvent Delta="null" EndDate="2014-11-03 21:12:10.42 JST" Interest="679.06805" Kind="propagation" Navigation="org.eclipse.mylyn.core.model.edges.containment" OriginId="org.eclipse.mylyn.core.model.interest.propagation" StartDate="2014-11-03 20:26:22.976 JST" StructureHandle="/" StructureKind="resource" NumEvents="684" CreationCount="1"/><InteractionEvent Delta="null" EndDate="2014-11-03 20:51:04.928 JST" Interest="8.0" Kind="selection" Navigation="null" OriginId="org.eclipse.jdt.ui.CompilationUnitEditor" StartDate="2014-11-03 20:38:28.481 JST" StructureHandle="=IFM11/src&amp;lt;ifm11.adapters{Adp_TIList.java[Adp_TIList~Adp_TIList~QContext;~I~QList\&amp;lt;QTI;&amp;gt;;" StructureKind="java" NumEvents="8" CreationCount="20"/><InteractionEvent Delta="null" EndDate="2014-11-03 20:51:19.863 JST" Interest="54.0" Kind="edit" Navigation="null" OriginId="org.eclipse.jdt.ui.CompilationUnitEditor" StartDate="2014-11-03 20:38:33.383 JST" StructureHandle="=IFM11/src&amp;lt;ifm11.adapters{Adp_TIList.java[Adp_TIList~Adp_TIList~QContext;~I~QList\&amp;lt;QTI;&amp;gt;;" StructureKind="java" NumEvents="54" CreationCount="20"/><InteractionEvent Delta="null" EndDate="2014-11-03 20:37:52.272 JST" Interest="1.0" Kind="selection" Navigation="null" OriginId="org.eclipse.ui.views.ContentOutline" StartDate="2014-11-03 20:37:52.272 JST" StructureHandle="=IFM11/src&amp;lt;ifm11.main{TNActv.java%ifm11.main" StructureKind="java"/><InteractionEvent Delta="null" EndDate="2014-11-03 20:58:26.426 JST" Interest="4.0" Kind="selection" Navigation="null" OriginId="org.eclipse.jdt.ui.CompilationUnitEditor" StartDate="2014-11-03 20:43:34.300 JST" StructureHandle="=IFM11/src&amp;lt;ifm11.main{ImageActv.java" StructureKind="java" NumEvents="4" CreationCount="64"/><InteractionEvent Delta="null" EndDate="2014-11-03 20:44:40.345 JST" Interest="7.8360004" Kind="propagation" Navigation="org.eclipse.mylyn.core.model.edges.containment" OriginId="org.eclipse.mylyn.core.model.interest.propagation" StartDate="2014-11-03 20:43:36.707 JST" StructureHandle="=IFM11/src&amp;lt;ifm11.main{ImageActv.java" StructureKind="java" NumEvents="14" CreationCount="64"/><InteractionEvent Delta="null" EndDate="2014-11-03 21:12:10.42 JST" Interest="680.051" Kind="propagation" Navigation="null" OriginId="org.eclipse.jdt.ui.CompilationUnitEditor" StartDate="2014-11-03 20:26:25.953 JST" StructureHandle="/IFM11/src" StructureKind="resource" NumEvents="683" CreationCount="2"/><InteractionEvent Delta="null" EndDate="2014-11-03 20:37:42.187 JST" Interest="1.0" Kind="propagation" Navigation="null" OriginId="org.eclipse.jdt.ui.PackageExplorer" StartDate="2014-11-03 20:37:42.187 JST" StructureHandle="/IFM11/src/ifm11/main/ShowLogActv.java" StructureKind="resource"/><InteractionEvent Delta="null" EndDate="2014-11-03 21:12:10.42 JST" Interest="615.27203" Kind="propagation" Navigation="org.eclipse.mylyn.core.model.edges.containment" OriginId="org.eclipse.mylyn.core.model.interest.propagation" StartDate="2014-11-03 20:37:39.494 JST" StructureHandle="/IFM11/src/ifm11" StructureKind="resource" NumEvents="618" CreationCount="3"/><InteractionEvent Delta="null" EndDate="2014-11-03 20:49:20.881 JST" Interest="3.0" Kind="selection" Navigation="null" OriginId="org.eclipse.jdt.ui.CompilationUnitEditor" StartDate="2014-11-03 20:37:44.611 JST" StructureHandle="=IFM11/src&amp;lt;ifm11.main{TNActv.java" StructureKind="java" NumEvents="3" CreationCount="5"/><InteractionEvent Delta="null" EndDate="2014-11-03 20:49:45.851 JST" Interest="19.968" Kind="propagation" Navigation="org.eclipse.mylyn.core.model.edges.containment" OriginId="org.eclipse.mylyn.core.model.interest.propagation" StartDate="2014-11-03 20:37:52.273 JST" StructureHandle="=IFM11/src&amp;lt;ifm11.main{TNActv.java" StructureKind="java" NumEvents="32" CreationCount="5"/><InteractionEvent Delta="null" EndDate="2014-11-03 21:06:50.332 JST" Interest="2.0" Kind="prediction" Navigation="null" OriginId="org.eclipse.mylyn.resources.ui.interest.updater" StartDate="2014-11-03 20:58:53.99 JST" StructureHandle="/IFM11/bin/IFM11.apk" StructureKind="resource" NumEvents="2" CreationCount="575"/><InteractionEvent Delta="null" EndDate="2014-11-03 20:51:21.488 JST" Interest="1.0" Kind="selection" Navigation="null" OriginId="org.eclipse.jdt.ui.CompilationUnitEditor" StartDate="2014-11-03 20:51:21.488 JST" StructureHandle="=IFM11/src&amp;lt;ifm11.adapters{Adp_TIList.java[Adp_TIList^con" StructureKind="java"/><InteractionEvent Delta="null" EndDate="2014-11-03 20:51:21.492 JST" Interest="1.0" Kind="edit" Navigation="null" OriginId="org.eclipse.jdt.ui.CompilationUnitEditor" StartDate="2014-11-03 20:51:21.492 JST" StructureHandle="=IFM11/src&amp;lt;ifm11.adapters{Adp_TIList.java[Adp_TIList^con" StructureKind="java"/><InteractionEvent Delta="null" EndDate="2014-11-03 20:58:26.669 JST" Interest="4.0" Kind="selection" Navigation="null" OriginId="org.eclipse.jdt.ui.CompilationUnitEditor" StartDate="2014-11-03 20:43:47.291 JST" StructureHandle="=IFM11/src&amp;lt;ifm11.main{ImageActv.java[ImageActv~set_image_1_modify_bitmap~QBitmap;" StructureKind="java" NumEvents="4" CreationCount="72"/><InteractionEvent Delta="null" EndDate="2014-11-03 20:44:40.343 JST" Interest="11.0" Kind="edit" Navigation="null" OriginId="org.eclipse.jdt.ui.CompilationUnitEditor" StartDate="2014-11-03 20:43:47.297 JST" StructureHandle="=IFM11/src&amp;lt;ifm11.main{ImageActv.java[ImageActv~set_image_1_modify_bitmap~QBitmap;" StructureKind="java" NumEvents="11" CreationCount="72"/><InteractionEvent Delta="null" EndDate="2014-11-03 21:06:50.332 JST" Interest="2.0" Kind="prediction" Navigation="null" OriginId="org.eclipse.mylyn.resources.ui.interest.updater" StartDate="2014-11-03 20:58:53.99 JST" StructureHandle="/IFM11/bin/classes.dex" StructureKind="resource" NumEvents="2" CreationCount="575"/><InteractionEvent Delta="null" EndDate="2014-11-03 20:26:25.953 JST" Interest="1.0" Kind="selection" Navigation="null" OriginId="org.eclipse.jdt.ui.PackageExplorer" StartDate="2014-11-03 20:26:25.953 JST" StructureHandle="=IFM11/src" StructureKind="java"/><InteractionEvent Delta="null" EndDate="2014-11-03 21:12:10.42 JST" Interest="332.061" Kind="propagation" Navigation="org.eclipse.mylyn.core.model.edges.containment" OriginId="org.eclipse.mylyn.core.model.interest.propagation" StartDate="2014-11-03 20:37:39.494 JST" StructureHandle="=IFM11/src" StructureKind="java" NumEvents="482" CreationCount="2"/><InteractionEvent Delta="null" EndDate="2014-11-03 21:06:37.661 JST" Interest="7.0" Kind="selection" Navigation="null" OriginId="org.eclipse.jdt.ui.CompilationUnitEditor" StartDate="2014-11-03 20:39:00.233 JST" StructureHandle="=IFM11/src&amp;lt;ifm11.adapters{Adp_TIList.java[Adp_TIList~move_ModeOff~QView;~I~QView;" StructureKind="java" NumEvents="7" CreationCount="35"/><InteractionEvent Delta="null" EndDate="2014-11-03 21:12:10.41 JST" Interest="465.0" Kind="edit" Navigation="null" OriginId="org.eclipse.jdt.ui.CompilationUnitEditor" StartDate="2014-11-03 20:39:00.244 JST" StructureHandle="=IFM11/src&amp;lt;ifm11.adapters{Adp_TIList.java[Adp_TIList~move_ModeOff~QView;~I~QView;" StructureKind="java" NumEvents="465" CreationCount="35"/></InteractionHistory>