<?xml version="1.0" encoding="UTF-8"?><InteractionHistory Id="local-33" Version="1"><InteractionEvent Delta="null" EndDate="2014-08-29 08:58:18.594 JST" Interest="3.0" Kind="selection" Navigation="null" OriginId="org.eclipse.jdt.ui.CompilationUnitEditor" StartDate="2014-08-29 08:56:45.99 JST" StructureHandle="=TA2/src&amp;lt;ta2.listeners.button{BO_CL.java[BO_CL~case_ACTV_SHOWLIST_UP" StructureKind="java" NumEvents="3" CreationCount="979"/><InteractionEvent Delta="null" EndDate="2014-08-29 08:56:50.773 JST" Interest="2.0" Kind="edit" Navigation="null" OriginId="org.eclipse.jdt.ui.CompilationUnitEditor" StartDate="2014-08-29 08:56:49.307 JST" StructureHandle="=TA2/src&amp;lt;ta2.listeners.button{BO_CL.java[BO_CL~case_ACTV_SHOWLIST_UP" StructureKind="java" NumEvents="2" CreationCount="979"/><InteractionEvent Delta="null" EndDate="2014-08-29 09:01:37.553 JST" Interest="817.01697" Kind="propagation" Navigation="org.eclipse.mylyn.core.model.edges.containment" OriginId="org.eclipse.mylyn.core.model.interest.propagation" StartDate="2014-08-29 08:10:26.672 JST" StructureHandle="" StructureKind="java" NumEvents="822" CreationCount="1"/><InteractionEvent Delta="null" EndDate="2014-08-29 08:30:30.265 JST" Interest="1.0" Kind="selection" Navigation="null" OriginId="org.eclipse.jdt.ui.PackageExplorer" StartDate="2014-08-29 08:30:30.265 JST" StructureHandle="/cm7/res/drawable/ifm8_thumb_down_50x50.png" StructureKind="resource"/><InteractionEvent Delta="null" EndDate="2014-08-29 08:13:00.673 JST" Interest="1.0" Kind="selection" Navigation="null" OriginId="org.eclipse.ui.views.ResourceNavigator" StartDate="2014-08-29 08:13:00.673 JST" StructureHandle="/IFM11/res/drawable/actv_tn_bt_top_45x45.png" StructureKind="resource"/><InteractionEvent Delta="null" EndDate="2014-08-29 08:17:50.738 JST" Interest="1.0" Kind="selection" Navigation="null" OriginId="org.eclipse.jdt.ui.PackageExplorer" StartDate="2014-08-29 08:17:50.738 JST" StructureHandle="/cm7/res/drawable/main_back_disenabled.png" StructureKind="resource"/><InteractionEvent Delta="null" EndDate="2014-08-29 08:32:47.466 JST" Interest="2.0" Kind="selection" Navigation="null" OriginId="org.eclipse.jdt.ui.PackageExplorer" StartDate="2014-08-29 08:31:15.710 JST" StructureHandle="/cm7/res/drawable/actv_showlist_bt_top_45x45_disabled.png" StructureKind="resource" NumEvents="2" CreationCount="48"/><InteractionEvent Delta="null" EndDate="2014-08-29 08:31:15.710 JST" Interest="4.0660005" Kind="manipulation" Navigation="null" OriginId="org.eclipse.mylyn.core.model.interest.decay.correction" StartDate="2014-08-29 08:31:15.710 JST" StructureHandle="/cm7/res/drawable/actv_showlist_bt_top_45x45_disabled.png" StructureKind="resource"/><InteractionEvent Delta="null" EndDate="2014-08-29 08:13:51.986 JST" Interest="1.0" Kind="propagation" Navigation="null" OriginId="org.eclipse.mylyn.resources.ui.interest.updater" StartDate="2014-08-29 08:13:51.986 JST" StructureHandle="/cm7/res/drawable/actv_showlist_bt_top_45x45_disabled.png" StructureKind="resource"/><InteractionEvent Delta="null" EndDate="2014-08-29 08:36:27.327 JST" Interest="6.3040004" Kind="propagation" Navigation="org.eclipse.mylyn.core.model.edges.containment" OriginId="org.eclipse.mylyn.core.model.interest.propagation" StartDate="2014-08-29 08:24:07.479 JST" StructureHandle="/cm7/bin/res/crunch" StructureKind="resource" NumEvents="2" CreationCount="191"/><InteractionEvent Delta="null" EndDate="2014-08-29 08:45:40.359 JST" Interest="5.0" Kind="selection" Navigation="null" OriginId="org.eclipse.jdt.ui.PackageExplorer" StartDate="2014-08-29 08:43:01.180 JST" StructureHandle="/cm7/res/values/styles.xml" StructureKind="resource" NumEvents="5" CreationCount="655"/><InteractionEvent Delta="null" EndDate="2014-08-29 08:44:44.927 JST" Interest="24.0" Kind="edit" Navigation="null" OriginId="com.android.ide.eclipse.editors.CommonXmlEditor" StartDate="2014-08-29 08:43:01.813 JST" StructureHandle="/cm7/res/values/styles.xml" StructureKind="resource" NumEvents="24" CreationCount="655"/><InteractionEvent Delta="null" EndDate="2014-08-29 08:29:13.962 JST" Interest="4.0" Kind="selection" Navigation="null" OriginId="org.eclipse.jdt.ui.PackageExplorer" StartDate="2014-08-29 08:17:49.942 JST" StructureHandle="/cm7/res/drawable/ifm8_thumb_up_50x50.png" StructureKind="resource" NumEvents="4" CreationCount="69"/><InteractionEvent Delta="null" EndDate="2014-08-29 08:28:50.852 JST" Interest="3.3520002" Kind="manipulation" Navigation="null" OriginId="org.eclipse.mylyn.core.model.interest.decay.correction" StartDate="2014-08-29 08:28:50.852 JST" StructureHandle="/cm7/res/drawable/ifm8_thumb_up_50x50.png" StructureKind="resource"/><InteractionEvent Delta="null" EndDate="2014-08-29 08:57:11.429 JST" Interest="10.0" Kind="selection" Navigation="null" OriginId="org.eclipse.jdt.ui.CompilationUnitEditor" StartDate="2014-08-29 08:25:02.463 JST" StructureHandle="=cm7/src&amp;lt;app.listeners.button{BO_CL.java[BO_CL~onClick~QView;" StructureKind="java" NumEvents="10" CreationCount="207"/><InteractionEvent Delta="null" EndDate="2014-08-29 08:53:03.959 JST" Interest="53.0" Kind="edit" Navigation="null" OriginId="org.eclipse.jdt.ui.CompilationUnitEditor" StartDate="2014-08-29 08:25:03.395 JST" StructureHandle="=cm7/src&amp;lt;app.listeners.button{BO_CL.java[BO_CL~onClick~QView;" StructureKind="java" NumEvents="53" CreationCount="207"/><InteractionEvent Delta="null" EndDate="2014-08-29 08:47:53.821 JST" Interest="1.1120005" Kind="manipulation" Navigation="null" OriginId="org.eclipse.mylyn.core.model.interest.decay.correction" StartDate="2014-08-29 08:47:53.821 JST" StructureHandle="=cm7/src&amp;lt;app.listeners.button{BO_CL.java[BO_CL~onClick~QView;" StructureKind="java"/><InteractionEvent Delta="null" EndDate="2014-08-29 08:12:30.919 JST" Interest="3.0" Kind="selection" Navigation="null" OriginId="org.eclipse.ui.views.ResourceNavigator" StartDate="2014-08-29 08:12:24.913 JST" StructureHandle="=TA2/src&amp;lt;ta2.main{MemoActv.java" StructureKind="java" NumEvents="3" CreationCount="23"/><InteractionEvent Delta="null" EndDate="2014-08-29 08:58:28.744 JST" Interest="53.628002" Kind="propagation" Navigation="org.eclipse.mylyn.core.model.edges.containment" OriginId="org.eclipse.mylyn.core.model.interest.propagation" StartDate="2014-08-29 08:12:24.914 JST" StructureHandle="/TA2/src/ta2" StructureKind="resource" NumEvents="47" CreationCount="23"/><InteractionEvent Delta="null" EndDate="2014-08-29 09:00:29.778 JST" Interest="6.0" Kind="prediction" Navigation="null" OriginId="org.eclipse.mylyn.resources.ui.interest.updater" StartDate="2014-08-29 08:24:07.475 JST" StructureHandle="/cm7/bin/classes.dex" StructureKind="resource" NumEvents="6" CreationCount="191"/><InteractionEvent Delta="null" EndDate="2014-08-29 08:11:20.825 JST" Interest="1.0" Kind="selection" Navigation="null" OriginId="org.eclipse.ui.views.ContentOutline" StartDate="2014-08-29 08:11:20.825 JST" StructureHandle="=cm7/src&amp;lt;app.items{WavFile.java[WavFile~readFrames~\[D~I~I" StructureKind="java"/><InteractionEvent Delta="null" EndDate="2014-08-29 08:30:30.94 JST" Interest="2.0" Kind="selection" Navigation="null" OriginId="org.eclipse.jdt.ui.PackageExplorer" StartDate="2014-08-29 08:30:17.718 JST" StructureHandle="/cm7/res/drawable/ifm8_thumb_bottom_50x50_disenabled.png" StructureKind="resource" NumEvents="2" CreationCount="337"/><InteractionEvent Delta="null" EndDate="2014-08-29 08:12:30.919 JST" Interest="3.0" Kind="propagation" Navigation="null" OriginId="org.eclipse.ui.views.ResourceNavigator" StartDate="2014-08-29 08:12:24.913 JST" StructureHandle="/TA2/src/ta2/main/MemoActv.java" StructureKind="resource" NumEvents="3" CreationCount="23"/><InteractionEvent Delta="null" EndDate="2014-08-29 08:21:01.257 JST" Interest="1.0" Kind="selection" Navigation="null" OriginId="org.eclipse.jdt.ui.CompilationUnitEditor" StartDate="2014-08-29 08:21:01.257 JST" StructureHandle="=cm7/src&amp;lt;app.utils{Tags.java[Tags[ButtonTags^actv_hist_ib_top" StructureKind="java"/><InteractionEvent Delta="null" EndDate="2014-08-29 08:24:07.478 JST" Interest="1.0" Kind="propagation" Navigation="null" OriginId="org.eclipse.mylyn.resources.ui.interest.updater" StartDate="2014-08-29 08:24:07.478 JST" StructureHandle="/cm7/bin/res/crunch/drawable/actv_showlist_bt_top_45x45_disabled.png" StructureKind="resource"/><InteractionEvent Delta="null" EndDate="2014-08-29 08:56:42.208 JST" Interest="3.0" Kind="selection" Navigation="null" OriginId="org.eclipse.jdt.ui.CompilationUnitEditor" StartDate="2014-08-29 08:55:36.66 JST" StructureHandle="=TA2/src&amp;lt;ta2.listeners.button{BO_CL.java[BO_CL~case_ACTV_SHOWLIST_TOP" StructureKind="java" NumEvents="3" CreationCount="940"/><InteractionEvent Delta="null" EndDate="2014-08-29 08:56:28.824 JST" Interest="2.0" Kind="edit" Navigation="null" OriginId="org.eclipse.jdt.ui.CompilationUnitEditor" StartDate="2014-08-29 08:56:27.420 JST" StructureHandle="=TA2/src&amp;lt;ta2.listeners.button{BO_CL.java[BO_CL~case_ACTV_SHOWLIST_TOP" StructureKind="java" NumEvents="2" CreationCount="940"/><InteractionEvent Delta="null" EndDate="2014-08-29 08:21:03.485 JST" Interest="2.0" Kind="selection" Navigation="null" OriginId="org.eclipse.jdt.ui.CompilationUnitEditor" StartDate="2014-08-29 08:20:59.584 JST" StructureHandle="=cm7/src&amp;lt;app.utils{Tags.java[Tags[ButtonTags" StructureKind="java" NumEvents="2" CreationCount="116"/><InteractionEvent Delta="null" EndDate="2014-08-29 08:38:21.525 JST" Interest="6.905" Kind="propagation" Navigation="org.eclipse.mylyn.core.model.edges.containment" OriginId="org.eclipse.mylyn.core.model.interest.propagation" StartDate="2014-08-29 08:20:55.26 JST" StructureHandle="=cm7/src&amp;lt;app.utils{Tags.java[Tags[ButtonTags" StructureKind="java" NumEvents="5" CreationCount="116"/><InteractionEvent Delta="null" EndDate="2014-08-29 08:47:47.922 JST" Interest="9.0" Kind="selection" Navigation="null" OriginId="org.eclipse.jdt.ui.CompilationUnitEditor" StartDate="2014-08-29 08:21:47.234 JST" StructureHandle="=cm7/src&amp;lt;app.listeners.button{BO_TL.java" StructureKind="java" NumEvents="9" CreationCount="131"/><InteractionEvent Delta="null" EndDate="2014-08-29 08:43:04.509 JST" Interest="93.633995" Kind="propagation" Navigation="org.eclipse.mylyn.core.model.edges.containment" OriginId="org.eclipse.mylyn.core.model.interest.propagation" StartDate="2014-08-29 08:21:47.958 JST" StructureHandle="=cm7/src&amp;lt;app.listeners.button{BO_TL.java" StructureKind="java" NumEvents="136" CreationCount="131"/><InteractionEvent Delta="null" EndDate="2014-08-29 08:36:27.327 JST" Interest="6.3040004" Kind="propagation" Navigation="org.eclipse.mylyn.core.model.edges.containment" OriginId="org.eclipse.mylyn.core.model.interest.propagation" StartDate="2014-08-29 08:24:07.479 JST" StructureHandle="/cm7/bin/res" StructureKind="resource" NumEvents="2" CreationCount="191"/><InteractionEvent Delta="null" EndDate="2014-08-29 08:42:55.719 JST" Interest="3.0" Kind="selection" Navigation="null" OriginId="org.eclipse.jdt.ui.PackageExplorer" StartDate="2014-08-29 08:30:01.390 JST" StructureHandle="/cm7/res/drawable/actv_al_up_50x50.png" StructureKind="resource" NumEvents="3" CreationCount="329"/><InteractionEvent Delta="null" EndDate="2014-08-29 08:42:55.719 JST" Interest="2.4910002" Kind="manipulation" Navigation="null" OriginId="org.eclipse.mylyn.core.model.interest.decay.correction" StartDate="2014-08-29 08:42:55.719 JST" StructureHandle="/cm7/res/drawable/actv_al_up_50x50.png" StructureKind="resource"/><InteractionEvent Delta="null" EndDate="2014-08-29 08:29:33.269 JST" Interest="1.0" Kind="propagation" Navigation="null" OriginId="org.eclipse.mylyn.resources.ui.interest.updater" StartDate="2014-08-29 08:29:33.269 JST" StructureHandle="/cm7/res/drawable/actv_al_up_50x50.png" StructureKind="resource"/><InteractionEvent Delta="null" EndDate="2014-08-29 08:45:48.594 JST" Interest="4.0" Kind="selection" Navigation="null" OriginId="org.eclipse.ui.views.ResourceNavigator" StartDate="2014-08-29 08:12:43.450 JST" StructureHandle="=IFM11" StructureKind="java" NumEvents="4" CreationCount="28"/><InteractionEvent Delta="null" EndDate="2014-08-29 08:45:48.539 JST" Interest="15.057" Kind="propagation" Navigation="org.eclipse.mylyn.core.model.edges.containment" OriginId="org.eclipse.mylyn.core.model.interest.propagation" StartDate="2014-08-29 08:12:45.535 JST" StructureHandle="=IFM11" StructureKind="resource" NumEvents="21" CreationCount="28"/><InteractionEvent Delta="null" EndDate="2014-08-29 09:01:37.552 JST" Interest="410.176" Kind="propagation" Navigation="null" OriginId="org.eclipse.jdt.ui.CompilationUnitEditor" StartDate="2014-08-29 08:10:50.770 JST" StructureHandle="/cm7/src/app/listeners/button" StructureKind="resource" NumEvents="409" CreationCount="3"/><InteractionEvent Delta="null" EndDate="2014-08-29 09:01:37.553 JST" Interest="1011.0" Kind="propagation" Navigation="null" OriginId="org.eclipse.jdt.ui.CompilationUnitEditor" StartDate="2014-08-29 08:10:26.672 JST" StructureHandle="/" StructureKind="resource" NumEvents="1011" CreationCount="1"/><InteractionEvent Delta="null" EndDate="2014-08-29 08:26:56.787 JST" Interest="4.0" Kind="selection" Navigation="null" OriginId="org.eclipse.jdt.ui.CompilationUnitEditor" StartDate="2014-08-29 08:25:32.620 JST" StructureHandle="=cm7/src&amp;lt;app.main{ALActv.java[ALActv~onBackPressed" StructureKind="java" NumEvents="4" CreationCount="227"/><InteractionEvent Delta="null" EndDate="2014-08-29 08:26:49.117 JST" Interest="8.0" Kind="edit" Navigation="null" OriginId="org.eclipse.jdt.ui.CompilationUnitEditor" StartDate="2014-08-29 08:25:33.590 JST" StructureHandle="=cm7/src&amp;lt;app.main{ALActv.java[ALActv~onBackPressed" StructureKind="java" NumEvents="8" CreationCount="227"/><InteractionEvent Delta="null" EndDate="2014-08-29 08:11:20.838 JST" Interest="1.0" Kind="propagation" Navigation="null" OriginId="org.eclipse.ui.views.ContentOutline" StartDate="2014-08-29 08:11:20.838 JST" StructureHandle="/cm7/src/app/items/WavFile.java" StructureKind="resource"/><InteractionEvent Delta="null" EndDate="2014-08-29 08:44:58.864 JST" Interest="3.0" Kind="prediction" Navigation="null" OriginId="org.eclipse.mylyn.resources.ui.interest.updater" StartDate="2014-08-29 08:24:07.475 JST" StructureHandle="/cm7/bin/resources.ap_" StructureKind="resource" NumEvents="3" CreationCount="191"/><InteractionEvent Delta="null" EndDate="2014-08-29 08:32:20.874 JST" Interest="3.0" Kind="selection" Navigation="null" OriginId="org.eclipse.jdt.ui.PackageExplorer" StartDate="2014-08-29 08:32:08.274 JST" StructureHandle="/cm7/res/drawable/actv_showlist_bt_bottom_45x45.png" StructureKind="resource" NumEvents="3" CreationCount="48"/><InteractionEvent Delta="null" EndDate="2014-08-29 08:32:08.274 JST" Interest="4.117" Kind="manipulation" Navigation="null" OriginId="org.eclipse.mylyn.core.model.interest.decay.correction" StartDate="2014-08-29 08:32:08.274 JST" StructureHandle="/cm7/res/drawable/actv_showlist_bt_bottom_45x45.png" StructureKind="resource"/><InteractionEvent Delta="null" EndDate="2014-08-29 08:13:51.986 JST" Interest="1.0" Kind="propagation" Navigation="null" OriginId="org.eclipse.mylyn.resources.ui.interest.updater" StartDate="2014-08-29 08:13:51.986 JST" StructureHandle="/cm7/res/drawable/actv_showlist_bt_bottom_45x45.png" StructureKind="resource"/><InteractionEvent Delta="null" EndDate="2014-08-29 08:17:07.37 JST" Interest="2.0" Kind="selection" Navigation="null" OriginId="org.eclipse.ui.views.ResourceNavigator" StartDate="2014-08-29 08:17:05.748 JST" StructureHandle="/IFM11/res/drawable/ifm8_back.png" StructureKind="resource" NumEvents="2" CreationCount="61"/><InteractionEvent Delta="null" EndDate="2014-08-29 08:46:20.439 JST" Interest="1.0" Kind="propagation" Navigation="org.eclipse.mylyn.core.model.edges.containment" OriginId="org.eclipse.mylyn.core.model.interest.propagation" StartDate="2014-08-29 08:46:20.439 JST" StructureHandle="=TA2/src&amp;lt;ta2.listeners.button{BO_CL.java#" StructureKind="java"/><InteractionEvent Delta="null" EndDate="2014-08-29 08:29:36.736 JST" Interest="1.0" Kind="selection" Navigation="null" OriginId="org.eclipse.jdt.ui.PackageExplorer" StartDate="2014-08-29 08:29:36.736 JST" StructureHandle="/cm7/res/drawable/ifm8_thumb_up_50x50_disenabled.png" StructureKind="resource"/><InteractionEvent Delta="null" EndDate="2014-08-29 08:30:45.759 JST" Interest="3.0" Kind="prediction" Navigation="null" OriginId="org.eclipse.mylyn.resources.ui.interest.updater" StartDate="2014-08-29 08:18:29.205 JST" StructureHandle="/cm7/res/layout/actv_bm.xml" StructureKind="resource" NumEvents="3" CreationCount="75"/><InteractionEvent Delta="null" EndDate="2014-08-29 08:45:48.538 JST" Interest="8.0" Kind="selection" Navigation="null" OriginId="org.eclipse.ui.views.ResourceNavigator" StartDate="2014-08-29 08:22:50.323 JST" StructureHandle="=IFM11/src&amp;lt;ifm11.listeners.button{BO_TL.java" StructureKind="java" NumEvents="8" CreationCount="149"/><InteractionEvent Delta="null" EndDate="2014-08-29 08:45:41.462 JST" Interest="2.182001" Kind="manipulation" Navigation="null" OriginId="org.eclipse.mylyn.core.model.interest.decay.correction" StartDate="2014-08-29 08:45:41.462 JST" StructureHandle="=IFM11/src&amp;lt;ifm11.listeners.button{BO_TL.java" StructureKind="java"/><InteractionEvent Delta="null" EndDate="2014-08-29 08:23:12.122 JST" Interest="1.1339998" Kind="propagation" Navigation="org.eclipse.mylyn.core.model.edges.containment" OriginId="org.eclipse.mylyn.core.model.interest.propagation" StartDate="2014-08-29 08:23:10.225 JST" StructureHandle="=IFM11/src&amp;lt;ifm11.listeners.button{BO_TL.java" StructureKind="java" NumEvents="2" CreationCount="149"/><InteractionEvent Delta="null" EndDate="2014-08-29 08:10:50.770 JST" Interest="1.0" Kind="selection" Navigation="null" OriginId="org.eclipse.jdt.ui.PackageExplorer" StartDate="2014-08-29 08:10:50.770 JST" StructureHandle="=cm7/src&amp;lt;app.listeners.button" StructureKind="java"/><InteractionEvent Delta="null" EndDate="2014-08-29 08:47:47.922 JST" Interest="103.81" Kind="propagation" Navigation="org.eclipse.mylyn.core.model.edges.containment" OriginId="org.eclipse.mylyn.core.model.interest.propagation" StartDate="2014-08-29 08:21:47.235 JST" StructureHandle="=cm7/src&amp;lt;app.listeners.button" StructureKind="java" NumEvents="145" CreationCount="3"/><InteractionEvent Delta="null" EndDate="2014-08-29 08:46:13.850 JST" Interest="1.0" Kind="selection" Navigation="null" OriginId="org.eclipse.ui.views.ResourceNavigator" StartDate="2014-08-29 08:46:13.850 JST" StructureHandle="=TA2/src&amp;lt;ta2.listeners.button" StructureKind="java"/><InteractionEvent Delta="null" EndDate="2014-08-29 08:58:18.461 JST" Interest="12.285001" Kind="propagation" Navigation="org.eclipse.mylyn.core.model.edges.containment" OriginId="org.eclipse.mylyn.core.model.interest.propagation" StartDate="2014-08-29 08:46:14.831 JST" StructureHandle="=TA2/src&amp;lt;ta2.listeners.button" StructureKind="java" NumEvents="17" CreationCount="706"/><InteractionEvent Delta="null" EndDate="2014-08-29 08:12:30.919 JST" Interest="3.0" Kind="propagation" Navigation="org.eclipse.mylyn.core.model.edges.containment" OriginId="org.eclipse.mylyn.core.model.interest.propagation" StartDate="2014-08-29 08:12:24.914 JST" StructureHandle="/TA2/src/ta2/main" StructureKind="resource" NumEvents="3" CreationCount="23"/><InteractionEvent Delta="null" EndDate="2014-08-29 08:18:16.814 JST" Interest="3.0" Kind="selection" Navigation="null" OriginId="org.eclipse.jdt.ui.PackageExplorer" StartDate="2014-08-29 08:17:55.181 JST" StructureHandle="/cm7/res/drawable/ifm8_thumb_back_50x50.png" StructureKind="resource" NumEvents="3" CreationCount="71"/><InteractionEvent Delta="null" EndDate="2014-08-29 09:01:37.551 JST" Interest="409.176" Kind="propagation" Navigation="org.eclipse.mylyn.core.model.edges.containment" OriginId="org.eclipse.mylyn.core.model.interest.propagation" StartDate="2014-08-29 08:10:50.770 JST" StructureHandle="/cm7/src/app/listeners" StructureKind="resource" NumEvents="410" CreationCount="3"/><InteractionEvent Delta="null" EndDate="2014-08-29 08:46:06.76 JST" Interest="2.0" Kind="selection" Navigation="null" OriginId="org.eclipse.ui.views.ResourceNavigator" StartDate="2014-08-29 08:16:35.981 JST" StructureHandle="/TA2/res/layout" StructureKind="resource" NumEvents="2" CreationCount="56"/><InteractionEvent Delta="null" EndDate="2014-08-29 08:46:06.76 JST" Interest="6.2650003" Kind="manipulation" Navigation="null" OriginId="org.eclipse.mylyn.core.model.interest.decay.correction" StartDate="2014-08-29 08:46:06.76 JST" StructureHandle="/TA2/res/layout" StructureKind="resource"/><InteractionEvent Delta="null" EndDate="2014-08-29 08:19:25.660 JST" Interest="3.7169998" Kind="propagation" Navigation="org.eclipse.mylyn.core.model.edges.containment" OriginId="org.eclipse.mylyn.core.model.interest.propagation" StartDate="2014-08-29 08:16:38.499 JST" StructureHandle="/TA2/res/layout" StructureKind="resource" NumEvents="5" CreationCount="56"/><InteractionEvent Delta="null" EndDate="2014-08-29 08:59:02.748 JST" Interest="20.0" Kind="selection" Navigation="null" OriginId="org.eclipse.jdt.ui.CompilationUnitEditor" StartDate="2014-08-29 08:25:00.690 JST" StructureHandle="=cm7/src&amp;lt;app.listeners.button{BO_CL.java" StructureKind="java" NumEvents="20" CreationCount="205"/><InteractionEvent Delta="null" EndDate="2014-08-29 08:59:35.66 JST" Interest="52.829002" Kind="propagation" Navigation="org.eclipse.mylyn.core.model.edges.containment" OriginId="org.eclipse.mylyn.core.model.interest.propagation" StartDate="2014-08-29 08:25:01.400 JST" StructureHandle="=cm7/src&amp;lt;app.listeners.button{BO_CL.java" StructureKind="java" NumEvents="83" CreationCount="205"/><InteractionEvent Delta="null" EndDate="2014-08-29 08:27:28.753 JST" Interest="2.0" Kind="selection" Navigation="null" OriginId="org.eclipse.jdt.ui.PackageExplorer" StartDate="2014-08-29 08:18:32.415 JST" StructureHandle="/cm7/res/drawable/actv_al_back_50x50.png" StructureKind="resource" NumEvents="2" CreationCount="75"/><InteractionEvent Delta="null" EndDate="2014-08-29 08:27:28.753 JST" Interest="1.5020001" Kind="manipulation" Navigation="null" OriginId="org.eclipse.mylyn.core.model.interest.decay.correction" StartDate="2014-08-29 08:27:28.753 JST" StructureHandle="/cm7/res/drawable/actv_al_back_50x50.png" StructureKind="resource"/><InteractionEvent Delta="null" EndDate="2014-08-29 08:18:29.206 JST" Interest="1.0" Kind="propagation" Navigation="null" OriginId="org.eclipse.mylyn.resources.ui.interest.updater" StartDate="2014-08-29 08:18:29.206 JST" StructureHandle="/cm7/res/drawable/actv_al_back_50x50.png" StructureKind="resource"/><InteractionEvent Delta="null" EndDate="2014-08-29 08:29:58.303 JST" Interest="1.0" Kind="selection" Navigation="null" OriginId="org.eclipse.jdt.ui.PackageExplorer" StartDate="2014-08-29 08:29:58.303 JST" StructureHandle="/cm7/res/drawable/actv_al_up_disenabled_50x50.png" StructureKind="resource"/><InteractionEvent Delta="null" EndDate="2014-08-29 08:46:16.974 JST" Interest="1.0" Kind="selection" Navigation="null" OriginId="org.eclipse.ui.views.ContentOutline" StartDate="2014-08-29 08:46:16.974 JST" StructureHandle="=TA2/src&amp;lt;ta2.listeners.button{BO_CL.java%ta2.listeners.button" StructureKind="java"/><InteractionEvent Delta="null" EndDate="2014-08-29 08:24:07.478 JST" Interest="1.0" Kind="propagation" Navigation="null" OriginId="org.eclipse.mylyn.resources.ui.interest.updater" StartDate="2014-08-29 08:24:07.478 JST" StructureHandle="/cm7/bin/res/crunch/drawable/actv_showlist_bt_bottom_45x45.png" StructureKind="resource"/><InteractionEvent Delta="null" EndDate="2014-08-29 08:11:20.839 JST" Interest="1.0" Kind="propagation" Navigation="org.eclipse.mylyn.core.model.edges.containment" OriginId="org.eclipse.mylyn.core.model.interest.propagation" StartDate="2014-08-29 08:11:20.839 JST" StructureHandle="/cm7/src/app/items" StructureKind="resource"/><InteractionEvent Delta="null" EndDate="2014-08-29 08:56:24.864 JST" Interest="6.0" Kind="selection" Navigation="null" OriginId="org.eclipse.jdt.ui.CompilationUnitEditor" StartDate="2014-08-29 08:54:09.722 JST" StructureHandle="=cm7/src&amp;lt;app.main{ALActv.java[ALActv~_onCreate_Get_AIList" StructureKind="java" NumEvents="6" CreationCount="871"/><InteractionEvent Delta="null" EndDate="2014-08-29 08:54:36.948 JST" Interest="21.0" Kind="edit" Navigation="null" OriginId="org.eclipse.jdt.ui.CompilationUnitEditor" StartDate="2014-08-29 08:54:10.390 JST" StructureHandle="=cm7/src&amp;lt;app.main{ALActv.java[ALActv~_onCreate_Get_AIList" StructureKind="java" NumEvents="21" CreationCount="871"/><InteractionEvent Delta="null" EndDate="2014-08-29 08:58:24.204 JST" Interest="6.0" Kind="selection" Navigation="null" OriginId="org.eclipse.jdt.ui.CompilationUnitEditor" StartDate="2014-08-29 08:46:38.988 JST" StructureHandle="=TA2/src&amp;lt;ta2.listeners.button{BO_CL.java[BO_CL" StructureKind="java" NumEvents="6" CreationCount="711"/><InteractionEvent Delta="null" EndDate="2014-08-29 08:58:21.748 JST" Interest="3.0" Kind="edit" Navigation="null" OriginId="org.eclipse.jdt.ui.CompilationUnitEditor" StartDate="2014-08-29 08:46:40.90 JST" StructureHandle="=TA2/src&amp;lt;ta2.listeners.button{BO_CL.java[BO_CL" StructureKind="java" NumEvents="3" CreationCount="711"/><InteractionEvent Delta="null" EndDate="2014-08-29 08:55:27.656 JST" Interest="4.8" Kind="propagation" Navigation="org.eclipse.mylyn.core.model.edges.containment" OriginId="org.eclipse.mylyn.core.model.interest.propagation" StartDate="2014-08-29 08:46:32.323 JST" StructureHandle="=TA2/src&amp;lt;ta2.listeners.button{BO_CL.java[BO_CL" StructureKind="java" NumEvents="7" CreationCount="711"/><InteractionEvent Delta="null" EndDate="2014-08-29 08:27:54.424 JST" Interest="1.0" Kind="selection" Navigation="null" OriginId="org.eclipse.jdt.ui.CompilationUnitEditor" StartDate="2014-08-29 08:27:54.424 JST" StructureHandle="=cm7/src&amp;lt;app.utils{Tags.java[Tags[ButtonTags^ACTV_AL_IB_UP" StructureKind="java"/><InteractionEvent Delta="null" EndDate="2014-08-29 08:38:20.791 JST" Interest="5.0" Kind="selection" Navigation="null" OriginId="org.eclipse.jdt.ui.CompilationUnitEditor" StartDate="2014-08-29 08:20:54.66 JST" StructureHandle="=cm7/src&amp;lt;app.utils{Tags.java" StructureKind="java" NumEvents="5" CreationCount="115"/><InteractionEvent Delta="null" EndDate="2014-08-29 08:37:26.270 JST" Interest="2.1820006" Kind="manipulation" Navigation="null" OriginId="org.eclipse.mylyn.core.model.interest.decay.correction" StartDate="2014-08-29 08:35:28.376 JST" StructureHandle="=cm7/src&amp;lt;app.utils{Tags.java" StructureKind="java" NumEvents="2" CreationCount="115"/><InteractionEvent Delta="null" EndDate="2014-08-29 08:37:27.64 JST" Interest="2.0940003" Kind="propagation" Navigation="org.eclipse.mylyn.core.model.edges.containment" OriginId="org.eclipse.mylyn.core.model.interest.propagation" StartDate="2014-08-29 08:20:55.28 JST" StructureHandle="=cm7/src&amp;lt;app.utils{Tags.java" StructureKind="java" NumEvents="6" CreationCount="115"/><InteractionEvent Delta="null" EndDate="2014-08-29 09:01:37.553 JST" Interest="978.0" Kind="propagation" Navigation="null" OriginId="org.eclipse.jdt.ui.CompilationUnitEditor" StartDate="2014-08-29 08:10:26.672 JST" StructureHandle="/cm7" StructureKind="resource" NumEvents="978" CreationCount="1"/><InteractionEvent Delta="null" EndDate="2014-08-29 08:45:48.539 JST" Interest="15.0" Kind="propagation" Navigation="null" OriginId="org.eclipse.ui.views.ResourceNavigator" StartDate="2014-08-29 08:22:50.323 JST" StructureHandle="/IFM11/src/ifm11/listeners/button/BO_TL.java" StructureKind="resource" NumEvents="15" CreationCount="149"/><InteractionEvent Delta="null" EndDate="2014-08-29 08:39:36.832 JST" Interest="1.0" Kind="selection" Navigation="null" OriginId="org.eclipse.jdt.ui.CompilationUnitEditor" StartDate="2014-08-29 08:39:36.832 JST" StructureHandle="=cm7/src&amp;lt;app.listeners.button{BO_TL.java[BO_TL~case_BMActv_Ib_Bottom_Up~QView;" StructureKind="java"/><InteractionEvent Delta="null" EndDate="2014-08-29 08:32:55.24 JST" Interest="1.0" Kind="propagation" Navigation="null" OriginId="org.eclipse.mylyn.resources.ui.interest.updater" StartDate="2014-08-29 08:32:55.24 JST" StructureHandle="/cm7/res/drawable/actv_al_ib_top_45x45_disabled.png" StructureKind="resource"/><InteractionEvent Delta="null" EndDate="2014-08-29 08:53:57.200 JST" Interest="1.0" Kind="selection" Navigation="null" OriginId="org.eclipse.jdt.ui.PackageExplorer" StartDate="2014-08-29 08:53:57.200 JST" StructureHandle="/cm7/res/drawable/main_up_disenabled.png" StructureKind="resource"/><InteractionEvent Delta="null" EndDate="2014-08-29 08:36:27.326 JST" Interest="1.0" Kind="propagation" Navigation="null" OriginId="org.eclipse.mylyn.resources.ui.interest.updater" StartDate="2014-08-29 08:36:27.326 JST" StructureHandle="/cm7/bin/res/crunch/drawable/actv_al_up_50x50.png" StructureKind="resource"/><InteractionEvent Delta="null" EndDate="2014-08-29 08:32:28.410 JST" Interest="1.0" Kind="propagation" Navigation="null" OriginId="org.eclipse.mylyn.resources.ui.interest.updater" StartDate="2014-08-29 08:32:28.410 JST" StructureHandle="/cm7/res/drawable/actv_al_ib_bottom_45x45.png" StructureKind="resource"/><InteractionEvent Delta="null" EndDate="2014-08-29 08:21:47.955 JST" Interest="1.0" Kind="selection" Navigation="null" OriginId="org.eclipse.jdt.ui.CompilationUnitEditor" StartDate="2014-08-29 08:21:47.955 JST" StructureHandle="=cm7/src&amp;lt;app.listeners.button{BO_TL.java[BO_TL~BO_TL~QActivity;" StructureKind="java"/><InteractionEvent Delta="null" EndDate="2014-08-29 08:58:28.743 JST" Interest="42.017002" Kind="propagation" Navigation="org.eclipse.mylyn.core.model.edges.containment" OriginId="org.eclipse.mylyn.core.model.interest.propagation" StartDate="2014-08-29 08:46:13.850 JST" StructureHandle="/TA2/src/ta2/listeners/button" StructureKind="resource" NumEvents="43" CreationCount="706"/><InteractionEvent Delta="null" EndDate="2014-08-29 08:36:27.326 JST" Interest="1.0" Kind="propagation" Navigation="null" OriginId="org.eclipse.mylyn.resources.ui.interest.updater" StartDate="2014-08-29 08:36:27.326 JST" StructureHandle="/cm7/bin/res/crunch/drawable/actv_al_ib_top_45x45.png" StructureKind="resource"/><InteractionEvent Delta="null" EndDate="2014-08-29 08:38:21.525 JST" Interest="13.0" Kind="propagation" Navigation="null" OriginId="org.eclipse.jdt.ui.CompilationUnitEditor" StartDate="2014-08-29 08:20:54.67 JST" StructureHandle="/cm7/src/app/utils/Tags.java" StructureKind="resource" NumEvents="13" CreationCount="115"/><InteractionEvent Delta="null" EndDate="2014-08-29 08:38:21.524 JST" Interest="1.0" Kind="selection" Navigation="null" OriginId="org.eclipse.jdt.ui.CompilationUnitEditor" StartDate="2014-08-29 08:38:21.524 JST" StructureHandle="=cm7/src&amp;lt;app.utils{Tags.java[Tags[ButtonTags^ACTV_AL_IB_BOTTOM" StructureKind="java"/><InteractionEvent Delta="null" EndDate="2014-08-29 08:45:48.539 JST" Interest="15.068" Kind="propagation" Navigation="org.eclipse.mylyn.core.model.edges.containment" OriginId="org.eclipse.mylyn.core.model.interest.propagation" StartDate="2014-08-29 08:22:18.317 JST" StructureHandle="/IFM11/src" StructureKind="resource" NumEvents="19" CreationCount="145"/><InteractionEvent Delta="null" EndDate="2014-08-29 08:11:12.898 JST" Interest="2.0" Kind="selection" Navigation="null" OriginId="org.eclipse.jdt.ui.PackageExplorer" StartDate="2014-08-29 08:10:32.661 JST" StructureHandle="=cm7/src&amp;lt;app.main" StructureKind="java" NumEvents="2" CreationCount="2"/><InteractionEvent Delta="null" EndDate="2014-08-29 08:56:24.736 JST" Interest="234.47002" Kind="propagation" Navigation="org.eclipse.mylyn.core.model.edges.containment" OriginId="org.eclipse.mylyn.core.model.interest.propagation" StartDate="2014-08-29 08:11:18.589 JST" StructureHandle="=cm7/src&amp;lt;app.main" StructureKind="java" NumEvents="334" CreationCount="2"/><InteractionEvent Delta="null" EndDate="2014-08-29 08:25:52.347 JST" Interest="4.0" Kind="selection" Navigation="null" OriginId="org.eclipse.jdt.ui.CompilationUnitEditor" StartDate="2014-08-29 08:22:54.275 JST" StructureHandle="=IFM11/src&amp;lt;ifm11.listeners.button{BO_TL.java[BO_TL~onTouch~QView;~QMotionEvent;" StructureKind="java" NumEvents="4" CreationCount="151"/><InteractionEvent Delta="null" EndDate="2014-08-29 08:23:12.119 JST" Interest="3.0" Kind="edit" Navigation="null" OriginId="org.eclipse.jdt.ui.CompilationUnitEditor" StartDate="2014-08-29 08:23:09.524 JST" StructureHandle="=IFM11/src&amp;lt;ifm11.listeners.button{BO_TL.java[BO_TL~onTouch~QView;~QMotionEvent;" StructureKind="java" NumEvents="3" CreationCount="151"/><InteractionEvent Delta="null" EndDate="2014-08-29 08:38:21.526 JST" Interest="13.0" Kind="propagation" Navigation="org.eclipse.mylyn.core.model.edges.containment" OriginId="org.eclipse.mylyn.core.model.interest.propagation" StartDate="2014-08-29 08:20:54.67 JST" StructureHandle="/cm7/src/app/utils" StructureKind="resource" NumEvents="13" CreationCount="115"/><InteractionEvent Delta="null" EndDate="2014-08-29 08:45:48.539 JST" Interest="15.051001" Kind="propagation" Navigation="org.eclipse.mylyn.core.model.edges.containment" OriginId="org.eclipse.mylyn.core.model.interest.propagation" StartDate="2014-08-29 08:22:44.329 JST" StructureHandle="/IFM11/src/ifm11" StructureKind="resource" NumEvents="18" CreationCount="146"/><InteractionEvent Delta="null" EndDate="2014-08-29 08:32:46.226 JST" Interest="1.0" Kind="propagation" Navigation="null" OriginId="org.eclipse.mylyn.resources.ui.interest.updater" StartDate="2014-08-29 08:32:46.226 JST" StructureHandle="/cm7/res/drawable/actv_al_ib_top_45x45.png" StructureKind="resource"/><InteractionEvent Delta="null" EndDate="2014-08-29 08:55:24.214 JST" Interest="4.0" Kind="selection" Navigation="null" OriginId="org.eclipse.jdt.ui.CompilationUnitEditor" StartDate="2014-08-29 08:46:32.323 JST" StructureHandle="=TA2/src&amp;lt;ta2.listeners.button{BO_CL.java[BO_CL~case_ACTV_SHOWLIST_BOTTOM" StructureKind="java" NumEvents="4" CreationCount="711"/><InteractionEvent Delta="null" EndDate="2014-08-29 08:55:27.656 JST" Interest="5.0" Kind="edit" Navigation="null" OriginId="org.eclipse.jdt.ui.CompilationUnitEditor" StartDate="2014-08-29 08:46:33.192 JST" StructureHandle="=TA2/src&amp;lt;ta2.listeners.button{BO_CL.java[BO_CL~case_ACTV_SHOWLIST_BOTTOM" StructureKind="java" NumEvents="5" CreationCount="711"/><InteractionEvent Delta="null" EndDate="2014-08-29 09:01:37.553 JST" Interest="818.0" Kind="propagation" Navigation="null" OriginId="org.eclipse.jdt.ui.CompilationUnitEditor" StartDate="2014-08-29 08:10:32.662 JST" StructureHandle="/cm7/src" StructureKind="resource" NumEvents="819" CreationCount="2"/><InteractionEvent Delta="null" EndDate="2014-08-29 08:56:24.736 JST" Interest="32.0" Kind="selection" Navigation="null" OriginId="org.eclipse.jdt.ui.CompilationUnitEditor" StartDate="2014-08-29 08:11:17.449 JST" StructureHandle="=cm7/src&amp;lt;app.main{ALActv.java" StructureKind="java" NumEvents="32" CreationCount="7"/><InteractionEvent Delta="null" EndDate="2014-08-29 08:11:19.508 JST" Interest="2.0" Kind="edit" Navigation="null" OriginId="org.eclipse.jdt.ui.CompilationUnitEditor" StartDate="2014-08-29 08:11:18.788 JST" StructureHandle="=cm7/src&amp;lt;app.main{ALActv.java" StructureKind="java" NumEvents="2" CreationCount="7"/><InteractionEvent Delta="null" EndDate="2014-08-29 08:54:11.439 JST" Interest="202.98502" Kind="propagation" Navigation="org.eclipse.mylyn.core.model.edges.containment" OriginId="org.eclipse.mylyn.core.model.interest.propagation" StartDate="2014-08-29 08:19:30.383 JST" StructureHandle="=cm7/src&amp;lt;app.main{ALActv.java" StructureKind="java" NumEvents="296" CreationCount="7"/><InteractionEvent Delta="null" EndDate="2014-08-29 08:22:06.935 JST" Interest="3.0" Kind="selection" Navigation="null" OriginId="org.eclipse.ui.views.ResourceNavigator" StartDate="2014-08-29 08:17:15.350 JST" StructureHandle="/IFM11/res/drawable/ifm8_thumb_back_50x50.png" StructureKind="resource" NumEvents="3" CreationCount="63"/><InteractionEvent Delta="null" EndDate="2014-08-29 08:53:55.827 JST" Interest="2.0" Kind="selection" Navigation="null" OriginId="org.eclipse.jdt.ui.PackageExplorer" StartDate="2014-08-29 08:11:33.187 JST" StructureHandle="/cm7/res/layout" StructureKind="resource" NumEvents="2" CreationCount="18"/><InteractionEvent Delta="null" EndDate="2014-08-29 08:44:43.293 JST" Interest="39.617" Kind="propagation" Navigation="org.eclipse.mylyn.core.model.edges.containment" OriginId="org.eclipse.mylyn.core.model.interest.propagation" StartDate="2014-08-29 08:11:36.424 JST" StructureHandle="/cm7/res/layout" StructureKind="resource" NumEvents="52" CreationCount="18"/><InteractionEvent Delta="null" EndDate="2014-08-29 08:46:12.255 JST" Interest="1.0" Kind="selection" Navigation="null" OriginId="org.eclipse.ui.views.ResourceNavigator" StartDate="2014-08-29 08:46:12.255 JST" StructureHandle="=TA2/src&amp;lt;ta2.listeners" StructureKind="java"/><InteractionEvent Delta="null" EndDate="2014-08-29 08:22:18.317 JST" Interest="1.0" Kind="selection" Navigation="null" OriginId="org.eclipse.ui.views.ResourceNavigator" StartDate="2014-08-29 08:22:18.317 JST" StructureHandle="=IFM11/src" StructureKind="java"/><InteractionEvent Delta="null" EndDate="2014-08-29 08:45:48.539 JST" Interest="10.384001" Kind="propagation" Navigation="org.eclipse.mylyn.core.model.edges.containment" OriginId="org.eclipse.mylyn.core.model.interest.propagation" StartDate="2014-08-29 08:22:44.329 JST" StructureHandle="=IFM11/src" StructureKind="java" NumEvents="13" CreationCount="145"/><InteractionEvent Delta="null" EndDate="2014-08-29 08:35:29.99 JST" Interest="1.0" Kind="selection" Navigation="null" OriginId="org.eclipse.jdt.ui.CompilationUnitEditor" StartDate="2014-08-29 08:35:29.99 JST" StructureHandle="=cm7/src&amp;lt;app.utils{Tags.java[Tags[ButtonTags^ACTV_AL_IB_DOWN" StructureKind="java"/><InteractionEvent Delta="null" EndDate="2014-08-29 08:38:21.525 JST" Interest="8.905001" Kind="propagation" Navigation="org.eclipse.mylyn.core.model.edges.containment" OriginId="org.eclipse.mylyn.core.model.interest.propagation" StartDate="2014-08-29 08:20:55.27 JST" StructureHandle="=cm7/src&amp;lt;app.utils{Tags.java[Tags" StructureKind="java" NumEvents="8" CreationCount="116"/><InteractionEvent Delta="null" EndDate="2014-08-29 08:54:09.884 JST" Interest="31.0" Kind="selection" Navigation="null" OriginId="org.eclipse.jdt.ui.CompilationUnitEditor" StartDate="2014-08-29 08:11:23.257 JST" StructureHandle="=cm7/src&amp;lt;app.main{ALActv.java[ALActv~_onCreate_SetListeners" StructureKind="java" NumEvents="31" CreationCount="12"/><InteractionEvent Delta="null" EndDate="2014-08-29 08:52:17.624 JST" Interest="289.0" Kind="edit" Navigation="null" OriginId="org.eclipse.jdt.ui.CompilationUnitEditor" StartDate="2014-08-29 08:11:28.668 JST" StructureHandle="=cm7/src&amp;lt;app.main{ALActv.java[ALActv~_onCreate_SetListeners" StructureKind="java" NumEvents="289" CreationCount="12"/><InteractionEvent Delta="null" EndDate="2014-08-29 08:57:56.296 JST" Interest="11.0" Kind="selection" Navigation="null" OriginId="org.eclipse.jdt.ui.CompilationUnitEditor" StartDate="2014-08-29 08:25:21.138 JST" StructureHandle="=cm7/src&amp;lt;app.listeners.button{BO_CL.java[BO_CL~case_ACTV_AL_IB_BACK" StructureKind="java" NumEvents="11" CreationCount="218"/><InteractionEvent Delta="null" EndDate="2014-08-29 08:57:06.389 JST" Interest="8.0" Kind="edit" Navigation="null" OriginId="org.eclipse.jdt.ui.CompilationUnitEditor" StartDate="2014-08-29 08:25:22.116 JST" StructureHandle="=cm7/src&amp;lt;app.listeners.button{BO_CL.java[BO_CL~case_ACTV_AL_IB_BACK" StructureKind="java" NumEvents="8" CreationCount="218"/><InteractionEvent Delta="null" EndDate="2014-08-29 08:57:05.424 JST" Interest="0.20700073" Kind="manipulation" Navigation="null" OriginId="org.eclipse.mylyn.core.model.interest.decay.correction" StartDate="2014-08-29 08:57:05.424 JST" StructureHandle="=cm7/src&amp;lt;app.listeners.button{BO_CL.java[BO_CL~case_ACTV_AL_IB_BACK" StructureKind="java"/><InteractionEvent Delta="null" EndDate="2014-08-29 08:24:07.478 JST" Interest="1.0" Kind="propagation" Navigation="null" OriginId="org.eclipse.mylyn.resources.ui.interest.updater" StartDate="2014-08-29 08:24:07.478 JST" StructureHandle="/cm7/bin/res/crunch/drawable/actv_showlist_bt_bottom_45x45_disabled.png" StructureKind="resource"/><InteractionEvent Delta="null" EndDate="2014-08-29 08:42:59.163 JST" Interest="1.0" Kind="selection" Navigation="null" OriginId="org.eclipse.jdt.ui.PackageExplorer" StartDate="2014-08-29 08:42:59.163 JST" StructureHandle="/cm7/res/values" StructureKind="resource"/><InteractionEvent Delta="null" EndDate="2014-08-29 08:45:40.360 JST" Interest="20.817" Kind="propagation" Navigation="org.eclipse.mylyn.core.model.edges.containment" OriginId="org.eclipse.mylyn.core.model.interest.propagation" StartDate="2014-08-29 08:43:01.181 JST" StructureHandle="/cm7/res/values" StructureKind="resource" NumEvents="29" CreationCount="654"/><InteractionEvent Delta="null" EndDate="2014-08-29 08:36:27.326 JST" Interest="1.0" Kind="propagation" Navigation="null" OriginId="org.eclipse.mylyn.resources.ui.interest.updater" StartDate="2014-08-29 08:36:27.326 JST" StructureHandle="/cm7/bin/res/crunch/drawable/actv_al_ib_top_45x45_disabled.png" StructureKind="resource"/><InteractionEvent Delta="null" EndDate="2014-08-29 08:28:43.417 JST" Interest="1.0" Kind="selection" Navigation="null" OriginId="org.eclipse.jdt.ui.PackageExplorer" StartDate="2014-08-29 08:28:43.417 JST" StructureHandle="/cm7/res/layout/dlg_tmpl_cancel_lv_2.xml" StructureKind="resource"/><InteractionEvent Delta="null" EndDate="2014-08-29 08:36:27.327 JST" Interest="6.3040004" Kind="propagation" Navigation="org.eclipse.mylyn.core.model.edges.containment" OriginId="org.eclipse.mylyn.core.model.interest.propagation" StartDate="2014-08-29 08:24:07.479 JST" StructureHandle="/cm7/bin/res/crunch/drawable" StructureKind="resource" NumEvents="2" CreationCount="191"/><InteractionEvent Delta="null" EndDate="2014-08-29 08:22:49.69 JST" Interest="1.0" Kind="selection" Navigation="null" OriginId="org.eclipse.ui.views.ResourceNavigator" StartDate="2014-08-29 08:22:49.69 JST" StructureHandle="=IFM11/src&amp;lt;ifm11.listeners.button" StructureKind="java"/><InteractionEvent Delta="null" EndDate="2014-08-29 08:45:48.539 JST" Interest="10.333001" Kind="propagation" Navigation="org.eclipse.mylyn.core.model.edges.containment" OriginId="org.eclipse.mylyn.core.model.interest.propagation" StartDate="2014-08-29 08:22:50.323 JST" StructureHandle="=IFM11/src&amp;lt;ifm11.listeners.button" StructureKind="java" NumEvents="11" CreationCount="148"/><InteractionEvent Delta="null" EndDate="2014-08-29 08:53:57.491 JST" Interest="5.0" Kind="selection" Navigation="null" OriginId="org.eclipse.jdt.ui.PackageExplorer" StartDate="2014-08-29 08:10:54.613 JST" StructureHandle="/cm7/res/drawable" StructureKind="resource" NumEvents="5" CreationCount="5"/><InteractionEvent Delta="null" EndDate="2014-08-29 08:53:57.201 JST" Interest="11.603001" Kind="propagation" Navigation="org.eclipse.mylyn.core.model.edges.containment" OriginId="org.eclipse.mylyn.core.model.interest.propagation" StartDate="2014-08-29 08:18:07.55 JST" StructureHandle="/cm7/res/drawable" StructureKind="resource" NumEvents="14" CreationCount="5"/><InteractionEvent Delta="null" EndDate="2014-08-29 08:24:07.478 JST" Interest="1.0" Kind="propagation" Navigation="null" OriginId="org.eclipse.mylyn.resources.ui.interest.updater" StartDate="2014-08-29 08:24:07.478 JST" StructureHandle="/cm7/bin/res/crunch/drawable/actv_al_back_50x50.png" StructureKind="resource"/><InteractionEvent Delta="null" EndDate="2014-08-29 08:58:09.852 JST" Interest="5.0" Kind="selection" Navigation="null" OriginId="org.eclipse.jdt.ui.CompilationUnitEditor" StartDate="2014-08-29 08:56:59.407 JST" StructureHandle="=cm7/src&amp;lt;app.listeners.button{BO_CL.java[BO_CL~case_ACTV_AL_IB_UP" StructureKind="java" NumEvents="5" CreationCount="987"/><InteractionEvent Delta="null" EndDate="2014-08-29 08:58:11.565 JST" Interest="14.0" Kind="edit" Navigation="null" OriginId="org.eclipse.jdt.ui.CompilationUnitEditor" StartDate="2014-08-29 08:57:00.461 JST" StructureHandle="=cm7/src&amp;lt;app.listeners.button{BO_CL.java[BO_CL~case_ACTV_AL_IB_UP" StructureKind="java" NumEvents="14" CreationCount="987"/><InteractionEvent Delta="null" EndDate="2014-08-29 08:12:30.920 JST" Interest="3.0" Kind="propagation" Navigation="org.eclipse.mylyn.core.model.edges.containment" OriginId="org.eclipse.mylyn.core.model.interest.propagation" StartDate="2014-08-29 08:12:24.914 JST" StructureHandle="=TA2/src&amp;lt;ta2.main" StructureKind="java" NumEvents="3" CreationCount="23"/><InteractionEvent Delta="null" EndDate="2014-08-29 08:16:13.757 JST" Interest="5.0" Kind="selection" Navigation="null" OriginId="org.eclipse.ui.views.ResourceNavigator" StartDate="2014-08-29 08:13:30.916 JST" StructureHandle="/TA2/res/drawable/actv_showlist_bt_top_45x45.png" StructureKind="resource" NumEvents="5" CreationCount="36"/><InteractionEvent Delta="null" EndDate="2014-08-29 08:11:20.839 JST" Interest="1.0" Kind="propagation" Navigation="org.eclipse.mylyn.core.model.edges.containment" OriginId="org.eclipse.mylyn.core.model.interest.propagation" StartDate="2014-08-29 08:11:20.839 JST" StructureHandle="=cm7/src&amp;lt;app.items{WavFile.java" StructureKind="java"/><InteractionEvent Delta="null" EndDate="2014-08-29 08:58:28.744 JST" Interest="42.034" Kind="propagation" Navigation="org.eclipse.mylyn.core.model.edges.containment" OriginId="org.eclipse.mylyn.core.model.interest.propagation" StartDate="2014-08-29 08:46:12.256 JST" StructureHandle="/TA2/src/ta2/listeners" StructureKind="resource" NumEvents="44" CreationCount="705"/><InteractionEvent Delta="null" EndDate="2014-08-29 08:36:27.326 JST" Interest="1.0" Kind="propagation" Navigation="null" OriginId="org.eclipse.mylyn.resources.ui.interest.updater" StartDate="2014-08-29 08:36:27.326 JST" StructureHandle="/cm7/bin/res/crunch/drawable/actv_al_down_50x50_disenabled.png" StructureKind="resource"/><InteractionEvent Delta="null" EndDate="2014-08-29 08:22:09.59 JST" Interest="2.0" Kind="selection" Navigation="null" OriginId="org.eclipse.ui.views.ResourceNavigator" StartDate="2014-08-29 08:12:46.213 JST" StructureHandle="/IFM11/res/drawable" StructureKind="resource" NumEvents="2" CreationCount="30"/><InteractionEvent Delta="null" EndDate="2014-08-29 08:22:06.935 JST" Interest="2.5609999" Kind="propagation" Navigation="org.eclipse.mylyn.core.model.edges.containment" OriginId="org.eclipse.mylyn.core.model.interest.propagation" StartDate="2014-08-29 08:12:51.636 JST" StructureHandle="/IFM11/res/drawable" StructureKind="resource" NumEvents="6" CreationCount="30"/><InteractionEvent Delta="null" EndDate="2014-08-29 08:56:24.865 JST" Interest="395.0" Kind="propagation" Navigation="null" OriginId="org.eclipse.jdt.ui.CompilationUnitEditor" StartDate="2014-08-29 08:10:32.661 JST" StructureHandle="/cm7/src/app/main" StructureKind="resource" NumEvents="395" CreationCount="2"/><InteractionEvent Delta="null" EndDate="2014-08-29 08:47:48.107 JST" Interest="159.0" Kind="propagation" Navigation="null" OriginId="org.eclipse.jdt.ui.CompilationUnitEditor" StartDate="2014-08-29 08:21:47.234 JST" StructureHandle="/cm7/src/app/listeners/button/BO_TL.java" StructureKind="resource" NumEvents="159" CreationCount="131"/><InteractionEvent Delta="null" EndDate="2014-08-29 08:32:31.672 JST" Interest="1.0" Kind="selection" Navigation="null" OriginId="org.eclipse.jdt.ui.PackageExplorer" StartDate="2014-08-29 08:32:31.672 JST" StructureHandle="/cm7/res/drawable/actv_showlist_bt_top_45x45.png" StructureKind="resource"/><InteractionEvent Delta="null" EndDate="2014-08-29 08:32:31.672 JST" Interest="4.1850004" Kind="manipulation" Navigation="null" OriginId="org.eclipse.mylyn.core.model.interest.decay.correction" StartDate="2014-08-29 08:32:31.672 JST" StructureHandle="/cm7/res/drawable/actv_showlist_bt_top_45x45.png" StructureKind="resource"/><InteractionEvent Delta="null" EndDate="2014-08-29 08:13:51.986 JST" Interest="1.0" Kind="propagation" Navigation="null" OriginId="org.eclipse.mylyn.resources.ui.interest.updater" StartDate="2014-08-29 08:13:51.986 JST" StructureHandle="/cm7/res/drawable/actv_showlist_bt_top_45x45.png" StructureKind="resource"/><InteractionEvent Delta="null" EndDate="2014-08-29 08:45:48.539 JST" Interest="15.034" Kind="propagation" Navigation="org.eclipse.mylyn.core.model.edges.containment" OriginId="org.eclipse.mylyn.core.model.interest.propagation" StartDate="2014-08-29 08:22:47.473 JST" StructureHandle="/IFM11/src/ifm11/listeners" StructureKind="resource" NumEvents="17" CreationCount="147"/><InteractionEvent Delta="null" EndDate="2014-08-29 08:23:46.660 JST" Interest="1.0" Kind="selection" Navigation="null" OriginId="org.eclipse.jdt.ui.CompilationUnitEditor" StartDate="2014-08-29 08:23:46.660 JST" StructureHandle="=cm7/src&amp;lt;app.listeners.button{BO_TL.java[BO_TL~case_BMActv_Ib_Top_Up~QView;" StructureKind="java"/><InteractionEvent Delta="null" EndDate="2014-08-29 08:47:49.618 JST" Interest="2.0" Kind="selection" Navigation="null" OriginId="org.eclipse.jdt.ui.CompilationUnitEditor" StartDate="2014-08-29 08:47:36.254 JST" StructureHandle="=cm7/src&amp;lt;app.listeners.button{BO_CL.java[BO_CL~case_BMActv_Ib_Down" StructureKind="java" NumEvents="2" CreationCount="731"/><InteractionEvent Delta="null" EndDate="2014-08-29 08:36:27.326 JST" Interest="1.0" Kind="propagation" Navigation="null" OriginId="org.eclipse.mylyn.resources.ui.interest.updater" StartDate="2014-08-29 08:36:27.326 JST" StructureHandle="/cm7/bin/res/crunch/drawable/actv_al_down_50x50.png" StructureKind="resource"/><InteractionEvent Delta="null" EndDate="2014-08-29 08:11:29.806 JST" Interest="1.0" Kind="selection" Navigation="null" OriginId="org.eclipse.jdt.ui.PackageExplorer" StartDate="2014-08-29 08:11:29.806 JST" StructureHandle="=cm7/src&amp;lt;app.listeners.dialog" StructureKind="java"/><InteractionEvent Delta="null" EndDate="2014-08-29 08:10:26.671 JST" Interest="1.0" Kind="selection" Navigation="null" OriginId="org.eclipse.jdt.ui.PackageExplorer" StartDate="2014-08-29 08:10:26.671 JST" StructureHandle="=cm7" StructureKind="java"/><InteractionEvent Delta="null" EndDate="2014-08-29 09:01:37.551 JST" Interest="816.01697" Kind="propagation" Navigation="org.eclipse.mylyn.core.model.edges.containment" OriginId="org.eclipse.mylyn.core.model.interest.propagation" StartDate="2014-08-29 08:10:32.662 JST" StructureHandle="=cm7" StructureKind="resource" NumEvents="821" CreationCount="1"/><InteractionEvent Delta="null" EndDate="2014-08-29 08:12:45.534 JST" Interest="1.0" Kind="selection" Navigation="null" OriginId="org.eclipse.ui.views.ResourceNavigator" StartDate="2014-08-29 08:12:45.534 JST" StructureHandle="/IFM11/res" StructureKind="resource"/><InteractionEvent Delta="null" EndDate="2014-08-29 08:22:09.59 JST" Interest="3.578" Kind="propagation" Navigation="org.eclipse.mylyn.core.model.edges.containment" OriginId="org.eclipse.mylyn.core.model.interest.propagation" StartDate="2014-08-29 08:12:46.213 JST" StructureHandle="/IFM11/res" StructureKind="resource" NumEvents="8" CreationCount="29"/><InteractionEvent Delta="null" EndDate="2014-08-29 08:56:24.737 JST" Interest="236.47002" Kind="propagation" Navigation="org.eclipse.mylyn.core.model.edges.containment" OriginId="org.eclipse.mylyn.core.model.interest.propagation" StartDate="2014-08-29 08:10:32.662 JST" StructureHandle="=cm7/src" StructureKind="java" NumEvents="335" CreationCount="2"/><InteractionEvent Delta="null" EndDate="2014-08-29 08:45:48.594 JST" Interest="33.0" Kind="propagation" Navigation="null" OriginId="org.eclipse.ui.views.ResourceNavigator" StartDate="2014-08-29 08:12:43.450 JST" StructureHandle="/IFM11" StructureKind="resource" NumEvents="33" CreationCount="28"/><InteractionEvent Delta="null" EndDate="2014-08-29 08:11:20.838 JST" Interest="1.0" Kind="propagation" Navigation="org.eclipse.mylyn.core.model.edges.containment" OriginId="org.eclipse.mylyn.core.model.interest.propagation" StartDate="2014-08-29 08:11:20.838 JST" StructureHandle="=cm7/src&amp;lt;app.items{WavFile.java[WavFile" StructureKind="java"/><InteractionEvent Delta="null" EndDate="2014-08-29 08:58:18.460 JST" Interest="9.0" Kind="selection" Navigation="null" OriginId="org.eclipse.jdt.ui.CompilationUnitEditor" StartDate="2014-08-29 08:46:14.831 JST" StructureHandle="=TA2/src&amp;lt;ta2.listeners.button{BO_CL.java" StructureKind="java" NumEvents="9" CreationCount="707"/><InteractionEvent Delta="null" EndDate="2014-08-29 08:55:31.523 JST" Interest="4.2680006" Kind="propagation" Navigation="org.eclipse.mylyn.core.model.edges.containment" OriginId="org.eclipse.mylyn.core.model.interest.propagation" StartDate="2014-08-29 08:46:33.210 JST" StructureHandle="=TA2/src&amp;lt;ta2.listeners.button{BO_CL.java" StructureKind="java" NumEvents="6" CreationCount="707"/><InteractionEvent Delta="null" EndDate="2014-08-29 09:01:37.551 JST" Interest="409.193" Kind="propagation" Navigation="org.eclipse.mylyn.core.model.edges.containment" OriginId="org.eclipse.mylyn.core.model.interest.propagation" StartDate="2014-08-29 08:10:32.661 JST" StructureHandle="/cm7/src/app" StructureKind="resource" NumEvents="413" CreationCount="2"/><InteractionEvent Delta="null" EndDate="2014-08-29 08:25:01.399 JST" Interest="1.0" Kind="selection" Navigation="null" OriginId="org.eclipse.jdt.ui.CompilationUnitEditor" StartDate="2014-08-29 08:25:01.399 JST" StructureHandle="=cm7/src&amp;lt;app.listeners.button{BO_CL.java[BO_CL~BO_CL~QActivity;" StructureKind="java"/><InteractionEvent Delta="null" EndDate="2014-08-29 08:42:55.590 JST" Interest="4.0" Kind="selection" Navigation="null" OriginId="org.eclipse.jdt.ui.PackageExplorer" StartDate="2014-08-29 08:31:57.451 JST" StructureHandle="/cm7/res/drawable/actv_al_ib_bottom_45x45_disabled.png" StructureKind="resource" NumEvents="4" CreationCount="348"/><InteractionEvent Delta="null" EndDate="2014-08-29 08:42:55.590 JST" Interest="1.1510005" Kind="manipulation" Navigation="null" OriginId="org.eclipse.mylyn.core.model.interest.decay.correction" StartDate="2014-08-29 08:42:55.590 JST" StructureHandle="/cm7/res/drawable/actv_al_ib_bottom_45x45_disabled.png" StructureKind="resource"/><InteractionEvent Delta="null" EndDate="2014-08-29 08:31:52.367 JST" Interest="1.0" Kind="propagation" Navigation="null" OriginId="org.eclipse.mylyn.resources.ui.interest.updater" StartDate="2014-08-29 08:31:52.367 JST" StructureHandle="/cm7/res/drawable/actv_al_ib_bottom_45x45_disabled.png" StructureKind="resource"/><InteractionEvent Delta="null" EndDate="2014-08-29 08:30:45.759 JST" Interest="1.0" Kind="propagation" Navigation="null" OriginId="org.eclipse.mylyn.resources.ui.interest.updater" StartDate="2014-08-29 08:30:45.759 JST" StructureHandle="/cm7/res/drawable/actv_al_down_50x50.png" StructureKind="resource"/><InteractionEvent Delta="null" EndDate="2014-08-29 08:53:53.997 JST" Interest="2.0" Kind="selection" Navigation="null" OriginId="org.eclipse.jdt.ui.PackageExplorer" StartDate="2014-08-29 08:45:40.472 JST" StructureHandle="/cm7/res/layout/dlg_tmpl_list_cancel.xml" StructureKind="resource" NumEvents="2" CreationCount="697"/><InteractionEvent Delta="null" EndDate="2014-08-29 08:53:53.997 JST" Interest="1.7880001" Kind="manipulation" Navigation="null" OriginId="org.eclipse.mylyn.core.model.interest.decay.correction" StartDate="2014-08-29 08:53:53.997 JST" StructureHandle="/cm7/res/layout/dlg_tmpl_list_cancel.xml" StructureKind="resource"/><InteractionEvent Delta="null" EndDate="2014-08-29 08:36:27.326 JST" Interest="1.0" Kind="propagation" Navigation="null" OriginId="org.eclipse.mylyn.resources.ui.interest.updater" StartDate="2014-08-29 08:36:27.326 JST" StructureHandle="/cm7/bin/res/crunch/drawable/actv_al_ib_bottom_45x45.png" StructureKind="resource"/><InteractionEvent Delta="null" EndDate="2014-08-29 08:58:28.744 JST" Interest="53.628002" Kind="propagation" Navigation="org.eclipse.mylyn.core.model.edges.containment" OriginId="org.eclipse.mylyn.core.model.interest.propagation" StartDate="2014-08-29 08:12:24.914 JST" StructureHandle="/TA2/src" StructureKind="resource" NumEvents="47" CreationCount="23"/><InteractionEvent Delta="null" EndDate="2014-08-29 08:16:13.756 JST" Interest="5.0" Kind="selection" Navigation="null" OriginId="org.eclipse.ui.views.ResourceNavigator" StartDate="2014-08-29 08:13:34.346 JST" StructureHandle="/TA2/res/drawable/actv_showlist_bt_top_45x45_disabled.png" StructureKind="resource" NumEvents="5" CreationCount="37"/><InteractionEvent Delta="null" EndDate="2014-08-29 08:45:48.539 JST" Interest="15.017" Kind="propagation" Navigation="org.eclipse.mylyn.core.model.edges.containment" OriginId="org.eclipse.mylyn.core.model.interest.propagation" StartDate="2014-08-29 08:22:49.69 JST" StructureHandle="/IFM11/src/ifm11/listeners/button" StructureKind="resource" NumEvents="16" CreationCount="148"/><InteractionEvent Delta="null" EndDate="2014-08-29 08:25:52.347 JST" Interest="6.1" Kind="propagation" Navigation="org.eclipse.mylyn.core.model.edges.containment" OriginId="org.eclipse.mylyn.core.model.interest.propagation" StartDate="2014-08-29 08:22:54.276 JST" StructureHandle="=IFM11/src&amp;lt;ifm11.listeners.button{BO_TL.java[BO_TL" StructureKind="java" NumEvents="7" CreationCount="151"/><InteractionEvent Delta="null" EndDate="2014-08-29 08:13:18.116 JST" Interest="1.0" Kind="selection" Navigation="null" OriginId="org.eclipse.ui.views.ResourceNavigator" StartDate="2014-08-29 08:13:18.116 JST" StructureHandle="/TA2/res/drawable" StructureKind="resource"/><InteractionEvent Delta="null" EndDate="2014-08-29 08:16:13.756 JST" Interest="4.0340004" Kind="propagation" Navigation="org.eclipse.mylyn.core.model.edges.containment" OriginId="org.eclipse.mylyn.core.model.interest.propagation" StartDate="2014-08-29 08:13:30.916 JST" StructureHandle="/TA2/res/drawable" StructureKind="resource" NumEvents="6" CreationCount="35"/><InteractionEvent Delta="null" EndDate="2014-08-29 08:46:02.556 JST" Interest="4.0" Kind="selection" Navigation="null" OriginId="org.eclipse.ui.views.ResourceNavigator" StartDate="2014-08-29 08:12:30.933 JST" StructureHandle="=TA2" StructureKind="java" NumEvents="4" CreationCount="23"/><InteractionEvent Delta="null" EndDate="2014-08-29 08:46:02.556 JST" Interest="5.526001" Kind="manipulation" Navigation="null" OriginId="org.eclipse.mylyn.core.model.interest.decay.correction" StartDate="2014-08-29 08:46:02.556 JST" StructureHandle="=TA2" StructureKind="java"/><InteractionEvent Delta="null" EndDate="2014-08-29 08:58:28.744 JST" Interest="44.102" Kind="propagation" Navigation="org.eclipse.mylyn.core.model.edges.containment" OriginId="org.eclipse.mylyn.core.model.interest.propagation" StartDate="2014-08-29 08:12:24.914 JST" StructureHandle="=TA2" StructureKind="resource" NumEvents="46" CreationCount="23"/><InteractionEvent Delta="null" EndDate="2014-08-29 08:46:56.624 JST" Interest="1.0" Kind="selection" Navigation="null" OriginId="org.eclipse.ui.views.ContentOutline" StartDate="2014-08-29 08:46:56.624 JST" StructureHandle="=cm7/src&amp;lt;app.listeners.button{BO_CL.java[BO_CL~case_BMActv_Ib_Bottom" StructureKind="java"/><InteractionEvent Delta="null" EndDate="2014-08-29 08:47:35.645 JST" Interest="4.0" Kind="edit" Navigation="null" OriginId="org.eclipse.jdt.ui.CompilationUnitEditor" StartDate="2014-08-29 08:46:59.259 JST" StructureHandle="=cm7/src&amp;lt;app.listeners.button{BO_CL.java[BO_CL~case_BMActv_Ib_Bottom" StructureKind="java" NumEvents="4" CreationCount="726"/><InteractionEvent Delta="null" EndDate="2014-08-29 08:12:51.635 JST" Interest="1.0" Kind="selection" Navigation="null" OriginId="org.eclipse.ui.views.ResourceNavigator" StartDate="2014-08-29 08:12:51.635 JST" StructureHandle="/IFM11/res/drawable/ifm8_thumb_top_50x50.png" StructureKind="resource"/><InteractionEvent Delta="null" EndDate="2014-08-29 08:24:07.478 JST" Interest="1.0" Kind="propagation" Navigation="null" OriginId="org.eclipse.mylyn.resources.ui.interest.updater" StartDate="2014-08-29 08:24:07.478 JST" StructureHandle="/cm7/bin/res/crunch/drawable/actv_showlist_bt_top_45x45.png" StructureKind="resource"/><InteractionEvent Delta="null" EndDate="2014-08-29 08:19:25.659 JST" Interest="4.0" Kind="selection" Navigation="null" OriginId="com.android.ide.eclipse.editors.CommonXmlEditor" StartDate="2014-08-29 08:16:38.498 JST" StructureHandle="/TA2/res/layout/actv_showlist.xml" StructureKind="resource" NumEvents="4" CreationCount="57"/><InteractionEvent Delta="null" EndDate="2014-08-29 08:16:39.107 JST" Interest="1.0" Kind="edit" Navigation="null" OriginId="com.android.ide.eclipse.editors.CommonXmlEditor" StartDate="2014-08-29 08:16:39.107 JST" StructureHandle="/TA2/res/layout/actv_showlist.xml" StructureKind="resource"/><InteractionEvent Delta="null" EndDate="2014-08-29 08:22:47.473 JST" Interest="1.0" Kind="selection" Navigation="null" OriginId="org.eclipse.ui.views.ResourceNavigator" StartDate="2014-08-29 08:22:47.473 JST" StructureHandle="=IFM11/src&amp;lt;ifm11.listeners" StructureKind="java"/><InteractionEvent Delta="null" EndDate="2014-08-29 08:47:48.106 JST" Interest="13.0" Kind="selection" Navigation="null" OriginId="org.eclipse.jdt.ui.CompilationUnitEditor" StartDate="2014-08-29 08:21:49.133 JST" StructureHandle="=cm7/src&amp;lt;app.listeners.button{BO_TL.java[BO_TL~onTouch~QView;~QMotionEvent;" StructureKind="java" NumEvents="13" CreationCount="133"/><InteractionEvent Delta="null" EndDate="2014-08-29 08:42:30.460 JST" Interest="128.0" Kind="edit" Navigation="null" OriginId="org.eclipse.jdt.ui.CompilationUnitEditor" StartDate="2014-08-29 08:21:51.905 JST" StructureHandle="=cm7/src&amp;lt;app.listeners.button{BO_TL.java[BO_TL~onTouch~QView;~QMotionEvent;" StructureKind="java" NumEvents="128" CreationCount="133"/><InteractionEvent Delta="null" EndDate="2014-08-29 08:10:53.149 JST" Interest="1.0" Kind="selection" Navigation="null" OriginId="org.eclipse.jdt.ui.PackageExplorer" StartDate="2014-08-29 08:10:53.149 JST" StructureHandle="/cm7/res" StructureKind="resource"/><InteractionEvent Delta="null" EndDate="2014-08-29 08:53:55.827 JST" Interest="40.855" Kind="propagation" Navigation="org.eclipse.mylyn.core.model.edges.containment" OriginId="org.eclipse.mylyn.core.model.interest.propagation" StartDate="2014-08-29 08:10:54.613 JST" StructureHandle="/cm7/res" StructureKind="resource" NumEvents="57" CreationCount="4"/><InteractionEvent Delta="null" EndDate="2014-08-29 09:01:37.551 JST" Interest="249.0" Kind="propagation" Navigation="null" OriginId="org.eclipse.jdt.ui.CompilationUnitEditor" StartDate="2014-08-29 08:25:00.690 JST" StructureHandle="/cm7/src/app/listeners/button/BO_CL.java" StructureKind="resource" NumEvents="249" CreationCount="205"/><InteractionEvent Delta="null" EndDate="2014-08-29 08:46:20.438 JST" Interest="1.0" Kind="selection" Navigation="null" OriginId="org.eclipse.jdt.ui.CompilationUnitEditor" StartDate="2014-08-29 08:46:20.438 JST" StructureHandle="=TA2/src&amp;lt;ta2.listeners.button{BO_CL.java#ta2.main.R" StructureKind="java"/><InteractionEvent Delta="null" EndDate="2014-08-29 08:59:32.564 JST" Interest="11.0" Kind="selection" Navigation="null" OriginId="org.eclipse.jdt.ui.CompilationUnitEditor" StartDate="2014-08-29 08:55:19.822 JST" StructureHandle="=cm7/src&amp;lt;app.listeners.button{BO_CL.java[BO_CL" StructureKind="java" NumEvents="11" CreationCount="206"/><InteractionEvent Delta="null" EndDate="2014-08-29 08:59:26.993 JST" Interest="10.0" Kind="edit" Navigation="null" OriginId="org.eclipse.jdt.ui.CompilationUnitEditor" StartDate="2014-08-29 08:56:56.639 JST" StructureHandle="=cm7/src&amp;lt;app.listeners.button{BO_CL.java[BO_CL" StructureKind="java" NumEvents="10" CreationCount="206"/><InteractionEvent Delta="null" EndDate="2014-08-29 08:56:03.334 JST" Interest="54.812" Kind="propagation" Navigation="org.eclipse.mylyn.core.model.edges.containment" OriginId="org.eclipse.mylyn.core.model.interest.propagation" StartDate="2014-08-29 08:25:01.399 JST" StructureHandle="=cm7/src&amp;lt;app.listeners.button{BO_CL.java[BO_CL" StructureKind="java" NumEvents="74" CreationCount="206"/><InteractionEvent Delta="null" EndDate="2014-08-29 08:31:01.617 JST" Interest="1.0" Kind="propagation" Navigation="null" OriginId="org.eclipse.mylyn.resources.ui.interest.updater" StartDate="2014-08-29 08:31:01.617 JST" StructureHandle="/cm7/res/drawable/actv_al_down_50x50_disenabled.png" StructureKind="resource"/><InteractionEvent Delta="null" EndDate="2014-08-29 08:46:08.72 JST" Interest="2.0" Kind="selection" Navigation="null" OriginId="org.eclipse.ui.views.ResourceNavigator" StartDate="2014-08-29 08:13:17.633 JST" StructureHandle="/TA2/res" StructureKind="resource" NumEvents="2" CreationCount="34"/><InteractionEvent Delta="null" EndDate="2014-08-29 08:46:06.76 JST" Interest="11.356" Kind="propagation" Navigation="org.eclipse.mylyn.core.model.edges.containment" OriginId="org.eclipse.mylyn.core.model.interest.propagation" StartDate="2014-08-29 08:13:18.116 JST" StructureHandle="/TA2/res" StructureKind="resource" NumEvents="10" CreationCount="34"/><InteractionEvent Delta="null" EndDate="2014-08-29 08:58:25.233 JST" Interest="2.0" Kind="selection" Navigation="null" OriginId="org.eclipse.jdt.ui.CompilationUnitEditor" StartDate="2014-08-29 08:58:22.425 JST" StructureHandle="=TA2/src&amp;lt;ta2.listeners.button{BO_CL.java[BO_CL~case_ACTV_SHOWLIST_DOWN" StructureKind="java" NumEvents="2" CreationCount="1030"/><InteractionEvent Delta="null" EndDate="2014-08-29 08:58:28.743 JST" Interest="1.0" Kind="edit" Navigation="null" OriginId="org.eclipse.jdt.ui.CompilationUnitEditor" StartDate="2014-08-29 08:58:28.743 JST" StructureHandle="=TA2/src&amp;lt;ta2.listeners.button{BO_CL.java[BO_CL~case_ACTV_SHOWLIST_DOWN" StructureKind="java"/><InteractionEvent Delta="null" EndDate="2014-08-29 08:11:29.806 JST" Interest="1.0" Kind="propagation" Navigation="null" OriginId="org.eclipse.jdt.ui.PackageExplorer" StartDate="2014-08-29 08:11:29.806 JST" StructureHandle="/cm7/src/app/listeners/dialog" StructureKind="resource"/><InteractionEvent Delta="null" EndDate="2014-08-29 08:38:20.791 JST" Interest="9.276001" Kind="propagation" Navigation="org.eclipse.mylyn.core.model.edges.containment" OriginId="org.eclipse.mylyn.core.model.interest.propagation" StartDate="2014-08-29 08:20:54.67 JST" StructureHandle="=cm7/src&amp;lt;app.utils" StructureKind="java" NumEvents="11" CreationCount="115"/><InteractionEvent Delta="null" EndDate="2014-08-29 08:59:31.223 JST" Interest="12.0" Kind="selection" Navigation="null" OriginId="org.eclipse.jdt.ui.CompilationUnitEditor" StartDate="2014-08-29 08:53:14.667 JST" StructureHandle="=cm7/src&amp;lt;app.listeners.button{BO_CL.java[BO_CL~case_ACTV_AL_IB_BOTTOM" StructureKind="java" NumEvents="12" CreationCount="842"/><InteractionEvent Delta="null" EndDate="2014-08-29 08:57:36.731 JST" Interest="51.0" Kind="edit" Navigation="null" OriginId="org.eclipse.jdt.ui.CompilationUnitEditor" StartDate="2014-08-29 08:53:17.288 JST" StructureHandle="=cm7/src&amp;lt;app.listeners.button{BO_CL.java[BO_CL~case_ACTV_AL_IB_BOTTOM" StructureKind="java" NumEvents="51" CreationCount="842"/><InteractionEvent Delta="null" EndDate="2014-08-29 08:56:24.864 JST" Interest="393.0" Kind="propagation" Navigation="null" OriginId="org.eclipse.jdt.ui.CompilationUnitEditor" StartDate="2014-08-29 08:11:17.449 JST" StructureHandle="/cm7/src/app/main/ALActv.java" StructureKind="resource" NumEvents="393" CreationCount="7"/><InteractionEvent Delta="null" EndDate="2014-08-29 09:00:29.778 JST" Interest="6.0" Kind="prediction" Navigation="null" OriginId="org.eclipse.mylyn.resources.ui.interest.updater" StartDate="2014-08-29 08:24:07.475 JST" StructureHandle="/cm7/bin/cm7.apk" StructureKind="resource" NumEvents="6" CreationCount="191"/><InteractionEvent Delta="null" EndDate="2014-08-29 08:47:48.106 JST" Interest="102.617" Kind="propagation" Navigation="org.eclipse.mylyn.core.model.edges.containment" OriginId="org.eclipse.mylyn.core.model.interest.propagation" StartDate="2014-08-29 08:21:47.957 JST" StructureHandle="=cm7/src&amp;lt;app.listeners.button{BO_TL.java[BO_TL" StructureKind="java" NumEvents="142" CreationCount="132"/><InteractionEvent Delta="null" EndDate="2014-08-29 08:44:26.712 JST" Interest="14.0" Kind="selection" Navigation="null" OriginId="com.android.ide.eclipse.editors.CommonXmlEditor" StartDate="2014-08-29 08:11:36.424 JST" StructureHandle="/cm7/res/layout/actv_al.xml" StructureKind="resource" NumEvents="14" CreationCount="19"/><InteractionEvent Delta="null" EndDate="2014-08-29 08:44:43.293 JST" Interest="38.0" Kind="edit" Navigation="null" OriginId="com.android.ide.eclipse.editors.CommonXmlEditor" StartDate="2014-08-29 08:12:06.281 JST" StructureHandle="/cm7/res/layout/actv_al.xml" StructureKind="resource" NumEvents="38" CreationCount="19"/><InteractionEvent Delta="null" EndDate="2014-08-29 08:36:27.327 JST" Interest="6.3040004" Kind="propagation" Navigation="org.eclipse.mylyn.core.model.edges.containment" OriginId="org.eclipse.mylyn.core.model.interest.propagation" StartDate="2014-08-29 08:24:07.475 JST" StructureHandle="/cm7/bin" StructureKind="resource" NumEvents="3" CreationCount="191"/><InteractionEvent Delta="null" EndDate="2014-08-29 08:30:47.328 JST" Interest="1.0" Kind="selection" Navigation="null" OriginId="org.eclipse.jdt.ui.PackageExplorer" StartDate="2014-08-29 08:30:47.328 JST" StructureHandle="/cm7/res/drawable/ifm8_thumb_down_50x50_disenabled.png" StructureKind="resource"/><InteractionEvent Delta="null" EndDate="2014-08-29 08:54:09.884 JST" Interest="233.3" Kind="propagation" Navigation="org.eclipse.mylyn.core.model.edges.containment" OriginId="org.eclipse.mylyn.core.model.interest.propagation" StartDate="2014-08-29 08:11:23.257 JST" StructureHandle="=cm7/src&amp;lt;app.main{ALActv.java[ALActv" StructureKind="java" NumEvents="320" CreationCount="12"/><InteractionEvent Delta="null" EndDate="2014-08-29 08:36:27.326 JST" Interest="1.0" Kind="propagation" Navigation="null" OriginId="org.eclipse.mylyn.resources.ui.interest.updater" StartDate="2014-08-29 08:36:27.326 JST" StructureHandle="/cm7/bin/res/crunch/drawable/actv_al_ib_bottom_45x45_disabled.png" StructureKind="resource"/><InteractionEvent Delta="null" EndDate="2014-08-29 08:37:27.63 JST" Interest="1.0" Kind="selection" Navigation="null" OriginId="org.eclipse.jdt.ui.CompilationUnitEditor" StartDate="2014-08-29 08:37:27.63 JST" StructureHandle="=cm7/src&amp;lt;app.utils{Tags.java[Tags[ButtonTags^ACTV_AL_IB_TOP" StructureKind="java"/><InteractionEvent Delta="null" EndDate="2014-08-29 08:16:13.756 JST" Interest="3.0" Kind="selection" Navigation="null" OriginId="org.eclipse.ui.views.ResourceNavigator" StartDate="2014-08-29 08:13:40.302 JST" StructureHandle="/TA2/res/drawable/actv_showlist_bt_bottom_45x45.png" StructureKind="resource" NumEvents="3" CreationCount="40"/><InteractionEvent Delta="null" EndDate="2014-08-29 08:22:44.329 JST" Interest="1.0" Kind="selection" Navigation="null" OriginId="org.eclipse.ui.views.ResourceNavigator" StartDate="2014-08-29 08:22:44.329 JST" StructureHandle="=IFM11/src&amp;lt;ifm11" StructureKind="java"/><InteractionEvent Delta="null" EndDate="2014-08-29 08:16:13.755 JST" Interest="2.0" Kind="selection" Navigation="null" OriginId="org.eclipse.ui.views.ResourceNavigator" StartDate="2014-08-29 08:13:41.154 JST" StructureHandle="/TA2/res/drawable/actv_showlist_bt_bottom_45x45_disabled.png" StructureKind="resource" NumEvents="2" CreationCount="43"/><InteractionEvent Delta="null" EndDate="2014-08-29 08:11:20.841 JST" Interest="1.0" Kind="propagation" Navigation="org.eclipse.mylyn.core.model.edges.containment" OriginId="org.eclipse.mylyn.core.model.interest.propagation" StartDate="2014-08-29 08:11:20.841 JST" StructureHandle="=cm7/src&amp;lt;app.items" StructureKind="java"/><InteractionEvent Delta="null" EndDate="2014-08-29 08:18:07.54 JST" Interest="3.0" Kind="selection" Navigation="null" OriginId="org.eclipse.jdt.ui.PackageExplorer" StartDate="2014-08-29 08:17:28.589 JST" StructureHandle="/cm7/res/drawable/actv_al_back_50x50_disenabled.png" StructureKind="resource" NumEvents="3" CreationCount="66"/><InteractionEvent Delta="null" EndDate="2014-08-29 08:39:40.872 JST" Interest="6.0" Kind="selection" Navigation="null" OriginId="org.eclipse.jdt.ui.CompilationUnitEditor" StartDate="2014-08-29 08:24:33.747 JST" StructureHandle="=cm7/src&amp;lt;app.listeners.button{BO_TL.java[BO_TL~case_BMActv_Ib_Top_Down~QView;" StructureKind="java" NumEvents="6" CreationCount="193"/><InteractionEvent Delta="null" EndDate="2014-08-29 08:39:40.873 JST" Interest="2.3610008" Kind="manipulation" Navigation="null" OriginId="org.eclipse.mylyn.core.model.interest.decay.correction" StartDate="2014-08-29 08:33:12.111 JST" StructureHandle="=cm7/src&amp;lt;app.listeners.button{BO_TL.java[BO_TL~case_BMActv_Ib_Top_Down~QView;" StructureKind="java" NumEvents="2" CreationCount="193"/><InteractionEvent Delta="null" EndDate="2014-08-29 08:28:57.206 JST" Interest="1.0" Kind="selection" Navigation="null" OriginId="org.eclipse.jdt.ui.PackageExplorer" StartDate="2014-08-29 08:28:57.206 JST" StructureHandle="/cm7/res/drawable/actv_al_bottom_disenabled_50x50.png" StructureKind="resource"/><InteractionEvent Delta="null" EndDate="2014-08-29 08:31:34.867 JST" Interest="1.0" Kind="selection" Navigation="null" OriginId="org.eclipse.jdt.ui.PackageExplorer" StartDate="2014-08-29 08:31:34.867 JST" StructureHandle="/cm7/res/drawable/actv_showlist_bt_bottom_45x45_disabled.png" StructureKind="resource"/><InteractionEvent Delta="null" EndDate="2014-08-29 08:31:34.867 JST" Interest="4.083" Kind="manipulation" Navigation="null" OriginId="org.eclipse.mylyn.core.model.interest.decay.correction" StartDate="2014-08-29 08:31:34.867 JST" StructureHandle="/cm7/res/drawable/actv_showlist_bt_bottom_45x45_disabled.png" StructureKind="resource"/><InteractionEvent Delta="null" EndDate="2014-08-29 08:13:51.985 JST" Interest="1.0" Kind="propagation" Navigation="null" OriginId="org.eclipse.mylyn.resources.ui.interest.updater" StartDate="2014-08-29 08:13:51.985 JST" StructureHandle="/cm7/res/drawable/actv_showlist_bt_bottom_45x45_disabled.png" StructureKind="resource"/><InteractionEvent Delta="null" EndDate="2014-08-29 08:58:28.743 JST" Interest="42.0" Kind="propagation" Navigation="null" OriginId="org.eclipse.jdt.ui.CompilationUnitEditor" StartDate="2014-08-29 08:46:14.831 JST" StructureHandle="/TA2/src/ta2/listeners/button/BO_CL.java" StructureKind="resource" NumEvents="42" CreationCount="707"/><InteractionEvent Delta="null" EndDate="2014-08-29 08:58:25.235 JST" Interest="24.896002" Kind="propagation" Navigation="org.eclipse.mylyn.core.model.edges.containment" OriginId="org.eclipse.mylyn.core.model.interest.propagation" StartDate="2014-08-29 08:12:24.915 JST" StructureHandle="=TA2/src" StructureKind="java" NumEvents="31" CreationCount="23"/><InteractionEvent Delta="null" EndDate="2014-08-29 08:16:15.456 JST" Interest="1.0" Kind="selection" Navigation="null" OriginId="org.eclipse.ui.views.ResourceNavigator" StartDate="2014-08-29 08:16:15.456 JST" StructureHandle="/TA2/res/drawable/actv_showlist_bt_up_50x50.png" StructureKind="resource"/><InteractionEvent Delta="null" EndDate="2014-08-29 08:56:34.494 JST" Interest="4.0" Kind="selection" Navigation="null" OriginId="org.eclipse.jdt.ui.CompilationUnitEditor" StartDate="2014-08-29 08:55:40.706 JST" StructureHandle="=cm7/src&amp;lt;app.listeners.button{BO_CL.java[BO_CL~case_ACTV_AL_IB_TOP" StructureKind="java" NumEvents="4" CreationCount="943"/><InteractionEvent Delta="null" EndDate="2014-08-29 08:56:39.945 JST" Interest="11.0" Kind="edit" Navigation="null" OriginId="org.eclipse.jdt.ui.CompilationUnitEditor" StartDate="2014-08-29 08:55:42.447 JST" StructureHandle="=cm7/src&amp;lt;app.listeners.button{BO_CL.java[BO_CL~case_ACTV_AL_IB_TOP" StructureKind="java" NumEvents="11" CreationCount="943"/><InteractionEvent Delta="null" EndDate="2014-08-29 08:59:35.65 JST" Interest="4.0" Kind="selection" Navigation="null" OriginId="org.eclipse.jdt.ui.CompilationUnitEditor" StartDate="2014-08-29 08:56:04.583 JST" StructureHandle="=cm7/src&amp;lt;app.listeners.button{BO_CL.java[BO_CL~case_ACTV_AL_IB_DOWN" StructureKind="java" NumEvents="4" CreationCount="957"/><InteractionEvent Delta="null" EndDate="2014-08-29 09:01:37.550 JST" Interest="17.0" Kind="edit" Navigation="null" OriginId="org.eclipse.jdt.ui.CompilationUnitEditor" StartDate="2014-08-29 08:58:18.220 JST" StructureHandle="=cm7/src&amp;lt;app.listeners.button{BO_CL.java[BO_CL~case_ACTV_AL_IB_DOWN" StructureKind="java" NumEvents="17" CreationCount="957"/><InteractionEvent Delta="null" EndDate="2014-08-29 08:58:16.421 JST" Interest="0.1220001" Kind="manipulation" Navigation="null" OriginId="org.eclipse.mylyn.core.model.interest.decay.correction" StartDate="2014-08-29 08:58:16.421 JST" StructureHandle="=cm7/src&amp;lt;app.listeners.button{BO_CL.java[BO_CL~case_ACTV_AL_IB_DOWN" StructureKind="java"/></InteractionHistory>