<?xml version="1.0" encoding="UTF-8"?><InteractionHistory Id="local-78" Version="1"><InteractionEvent Delta="null" EndDate="2014-09-16 16:17:31.327 JST" Interest="1.0" Kind="selection" Navigation="null" OriginId="org.eclipse.jdt.ui.PackageExplorer" StartDate="2014-09-16 16:17:31.327 JST" StructureHandle="=SL3/src&amp;lt;sl.main" StructureKind="java"/><InteractionEvent Delta="null" EndDate="2014-09-16 16:24:47.986 JST" Interest="1.0" Kind="prediction" Navigation="null" OriginId="org.eclipse.mylyn.resources.ui.interest.updater" StartDate="2014-09-16 16:24:47.986 JST" StructureHandle="/SL3/bin/classes.dex" StructureKind="resource"/><InteractionEvent Delta="null" EndDate="2014-09-16 16:26:24.903 JST" Interest="63.767998" Kind="propagation" Navigation="org.eclipse.mylyn.core.model.edges.containment" OriginId="org.eclipse.mylyn.core.model.interest.propagation" StartDate="2014-09-16 16:16:43.551 JST" StructureHandle="=SL3/src" StructureKind="java" NumEvents="94" CreationCount="1"/><InteractionEvent Delta="null" EndDate="2014-09-16 16:26:24.904 JST" Interest="182.017" Kind="propagation" Navigation="org.eclipse.mylyn.core.model.edges.containment" OriginId="org.eclipse.mylyn.core.model.interest.propagation" StartDate="2014-09-16 16:16:43.551 JST" StructureHandle="=SL3" StructureKind="resource" NumEvents="187" CreationCount="1"/><InteractionEvent Delta="null" EndDate="2014-09-16 16:21:25.175 JST" Interest="1.0" Kind="edit" Navigation="null" OriginId="org.eclipse.jdt.ui.CompilationUnitEditor" StartDate="2014-09-16 16:21:25.175 JST" StructureHandle="=SL3/src&amp;lt;sl.items{MI.java[MI[Builder~setId_Item~I" StructureKind="java"/><InteractionEvent Delta="null" EndDate="2014-09-16 16:21:24.84 JST" Interest="1.0" Kind="selection" Navigation="null" OriginId="org.eclipse.jdt.ui.CompilationUnitEditor" StartDate="2014-09-16 16:21:24.84 JST" StructureHandle="=SL3/src&amp;lt;sl.items{MI.java[MI[Builder~setId_Item~I" StructureKind="java"/><InteractionEvent Delta="null" EndDate="2014-09-16 16:17:31.327 JST" Interest="1.0" Kind="propagation" Navigation="null" OriginId="org.eclipse.jdt.ui.PackageExplorer" StartDate="2014-09-16 16:17:31.327 JST" StructureHandle="/SL3/src/sl/main" StructureKind="resource"/><InteractionEvent Delta="null" EndDate="2014-09-16 16:23:49.867 JST" Interest="3.0" Kind="selection" Navigation="null" OriginId="org.eclipse.jdt.ui.CompilationUnitEditor" StartDate="2014-09-16 16:16:48.291 JST" StructureHandle="=SL3/src&amp;lt;sl.listeners{TCL.java[TCL" StructureKind="java" NumEvents="3" CreationCount="4"/><InteractionEvent Delta="null" EndDate="2014-09-16 16:26:24.902 JST" Interest="60.717" Kind="propagation" Navigation="org.eclipse.mylyn.core.model.edges.containment" OriginId="org.eclipse.mylyn.core.model.interest.propagation" StartDate="2014-09-16 16:16:52.997 JST" StructureHandle="=SL3/src&amp;lt;sl.listeners{TCL.java[TCL" StructureKind="java" NumEvents="86" CreationCount="4"/><InteractionEvent Delta="null" EndDate="2014-09-16 16:17:35.145 JST" Interest="3.0" Kind="selection" Navigation="null" OriginId="org.eclipse.jdt.ui.PackageExplorer" StartDate="2014-09-16 16:17:35.144 JST" StructureHandle="/SL3/res/menu" StructureKind="resource" NumEvents="3" CreationCount="25"/><InteractionEvent Delta="null" EndDate="2014-09-16 16:19:04.538 JST" Interest="19.351" Kind="propagation" Navigation="org.eclipse.mylyn.core.model.edges.containment" OriginId="org.eclipse.mylyn.core.model.interest.propagation" StartDate="2014-09-16 16:17:36.920 JST" StructureHandle="/SL3/res/menu" StructureKind="resource" NumEvents="26" CreationCount="25"/><InteractionEvent Delta="null" EndDate="2014-09-16 16:19:05.818 JST" Interest="13.0" Kind="edit" Navigation="null" OriginId="com.android.ide.eclipse.editors.CommonXmlEditor" StartDate="2014-09-16 16:18:26.61 JST" StructureHandle="/SL3/res/values/strings.xml" StructureKind="resource" NumEvents="13" CreationCount="55"/><InteractionEvent Delta="null" EndDate="2014-09-16 16:21:33.378 JST" Interest="7.0" Kind="selection" Navigation="null" OriginId="com.android.ide.eclipse.editors.CommonXmlEditor" StartDate="2014-09-16 16:18:25.616 JST" StructureHandle="/SL3/res/values/strings.xml" StructureKind="resource" NumEvents="7" CreationCount="55"/><InteractionEvent Delta="null" EndDate="2014-09-16 16:21:27.237 JST" Interest="27.017" Kind="propagation" Navigation="org.eclipse.mylyn.core.model.edges.containment" OriginId="org.eclipse.mylyn.core.model.interest.propagation" StartDate="2014-09-16 16:20:16.438 JST" StructureHandle="/SL3/src/sl/items" StructureKind="resource" NumEvents="28" CreationCount="111"/><InteractionEvent Delta="null" EndDate="2014-09-16 16:21:15.952 JST" Interest="2.0" Kind="edit" Navigation="null" OriginId="org.eclipse.jdt.ui.CompilationUnitEditor" StartDate="2014-09-16 16:21:02.901 JST" StructureHandle="=SL3/src&amp;lt;sl.items{MI.java[MI[Builder" StructureKind="java" NumEvents="2" CreationCount="131"/><InteractionEvent Delta="null" EndDate="2014-09-16 16:21:00.481 JST" Interest="1.0" Kind="selection" Navigation="null" OriginId="org.eclipse.jdt.ui.CompilationUnitEditor" StartDate="2014-09-16 16:21:00.481 JST" StructureHandle="=SL3/src&amp;lt;sl.items{MI.java[MI[Builder" StructureKind="java"/><InteractionEvent Delta="null" EndDate="2014-09-16 16:21:27.237 JST" Interest="0.35099983" Kind="propagation" Navigation="org.eclipse.mylyn.core.model.edges.containment" OriginId="org.eclipse.mylyn.core.model.interest.propagation" StartDate="2014-09-16 16:21:27.237 JST" StructureHandle="=SL3/src&amp;lt;sl.items{MI.java[MI[Builder" StructureKind="java"/><InteractionEvent Delta="null" EndDate="2014-09-16 16:26:24.903 JST" Interest="154.01701" Kind="propagation" Navigation="org.eclipse.mylyn.core.model.edges.containment" OriginId="org.eclipse.mylyn.core.model.interest.propagation" StartDate="2014-09-16 16:16:43.551 JST" StructureHandle="/SL3/src/sl/listeners" StructureKind="resource" NumEvents="155" CreationCount="1"/><InteractionEvent Delta="null" EndDate="2014-09-16 16:26:24.903 JST" Interest="154.0" Kind="propagation" Navigation="null" OriginId="org.eclipse.jdt.ui.CompilationUnitEditor" StartDate="2014-09-16 16:16:44.848 JST" StructureHandle="/SL3/src/sl/listeners/TCL.java" StructureKind="resource" NumEvents="154" CreationCount="2"/><InteractionEvent Delta="null" EndDate="2014-09-16 16:17:29.342 JST" Interest="3.0" Kind="selection" Navigation="null" OriginId="org.eclipse.jdt.ui.PackageExplorer" StartDate="2014-09-16 16:17:29.341 JST" StructureHandle="/SL3/d.bat" StructureKind="resource" NumEvents="3" CreationCount="18"/><InteractionEvent Delta="null" EndDate="2014-09-16 16:20:41.240 JST" Interest="1.0" Kind="edit" Navigation="null" OriginId="org.eclipse.jdt.ui.CompilationUnitEditor" StartDate="2014-09-16 16:20:41.240 JST" StructureHandle="=SL3/src&amp;lt;sl.items{MI.java[MI^order" StructureKind="java"/><InteractionEvent Delta="null" EndDate="2014-09-16 16:20:58.610 JST" Interest="2.0" Kind="selection" Navigation="null" OriginId="org.eclipse.jdt.ui.CompilationUnitEditor" StartDate="2014-09-16 16:20:24.679 JST" StructureHandle="=SL3/src&amp;lt;sl.items{MI.java[MI^order" StructureKind="java" NumEvents="2" CreationCount="117"/><InteractionEvent Delta="null" EndDate="2014-09-16 16:20:18.381 JST" Interest="2.0" Kind="selection" Navigation="null" OriginId="org.eclipse.jdt.ui.CompilationUnitEditor" StartDate="2014-09-16 16:20:18.176 JST" StructureHandle="=SL3/src&amp;lt;sl.items{MI.java" StructureKind="java" NumEvents="2" CreationCount="112"/><InteractionEvent Delta="null" EndDate="2014-09-16 16:20:59.734 JST" Interest="6.419" Kind="propagation" Navigation="org.eclipse.mylyn.core.model.edges.containment" OriginId="org.eclipse.mylyn.core.model.interest.propagation" StartDate="2014-09-16 16:20:22.338 JST" StructureHandle="=SL3/src&amp;lt;sl.items{MI.java" StructureKind="java" NumEvents="10" CreationCount="112"/><InteractionEvent Delta="null" EndDate="2014-09-16 16:17:32.714 JST" Interest="3.0" Kind="selection" Navigation="null" OriginId="org.eclipse.jdt.ui.PackageExplorer" StartDate="2014-09-16 16:17:32.713 JST" StructureHandle="/SL3/res" StructureKind="resource" NumEvents="3" CreationCount="22"/><InteractionEvent Delta="null" EndDate="2014-09-16 16:19:04.539 JST" Interest="19.402" Kind="propagation" Navigation="org.eclipse.mylyn.core.model.edges.containment" OriginId="org.eclipse.mylyn.core.model.interest.propagation" StartDate="2014-09-16 16:17:35.145 JST" StructureHandle="/SL3/res" StructureKind="resource" NumEvents="27" CreationCount="22"/><InteractionEvent Delta="null" EndDate="2014-09-16 16:26:24.904 JST" Interest="182.017" Kind="propagation" Navigation="null" OriginId="org.eclipse.jdt.ui.CompilationUnitEditor" StartDate="2014-09-16 16:16:43.551 JST" StructureHandle="/SL3/src" StructureKind="resource" NumEvents="184" CreationCount="1"/><InteractionEvent Delta="null" EndDate="2014-09-16 16:20:22.338 JST" Interest="2.0" Kind="edit" Navigation="null" OriginId="org.eclipse.jdt.ui.CompilationUnitEditor" StartDate="2014-09-16 16:20:21.294 JST" StructureHandle="=SL3/src&amp;lt;sl.items{MI.java[MI" StructureKind="java" NumEvents="2" CreationCount="114"/><InteractionEvent Delta="null" EndDate="2014-09-16 16:20:59.733 JST" Interest="2.0" Kind="selection" Navigation="null" OriginId="org.eclipse.jdt.ui.CompilationUnitEditor" StartDate="2014-09-16 16:20:20.29 JST" StructureHandle="=SL3/src&amp;lt;sl.items{MI.java[MI" StructureKind="java" NumEvents="2" CreationCount="114"/><InteractionEvent Delta="null" EndDate="2014-09-16 16:20:56.322 JST" Interest="4.9849997" Kind="propagation" Navigation="org.eclipse.mylyn.core.model.edges.containment" OriginId="org.eclipse.mylyn.core.model.interest.propagation" StartDate="2014-09-16 16:20:47.579 JST" StructureHandle="=SL3/src&amp;lt;sl.items{MI.java[MI" StructureKind="java" NumEvents="8" CreationCount="114"/><InteractionEvent Delta="null" EndDate="2014-09-16 16:20:10.192 JST" Interest="3.0" Kind="selection" Navigation="null" OriginId="org.eclipse.jdt.ui.PackageExplorer" StartDate="2014-09-16 16:20:10.191 JST" StructureHandle="/SL3/libs" StructureKind="resource" NumEvents="3" CreationCount="108"/><InteractionEvent Delta="null" EndDate="2014-09-16 16:24:47.986 JST" Interest="1.0" Kind="prediction" Navigation="null" OriginId="org.eclipse.mylyn.resources.ui.interest.updater" StartDate="2014-09-16 16:24:47.986 JST" StructureHandle="/SL3/bin/SL3.apk" StructureKind="resource"/><InteractionEvent Delta="null" EndDate="2014-09-16 16:22:18.700 JST" Interest="44.0" Kind="edit" Navigation="null" OriginId="org.eclipse.jdt.ui.CompilationUnitEditor" StartDate="2014-09-16 16:17:11.659 JST" StructureHandle="=SL3/src&amp;lt;sl.listeners{TCL.java[TCL~_onTabChanged__ChangeItems__ToSecond" StructureKind="java" NumEvents="44" CreationCount="12"/><InteractionEvent Delta="null" EndDate="2014-09-16 16:22:37.327 JST" Interest="8.0" Kind="selection" Navigation="null" OriginId="org.eclipse.jdt.ui.CompilationUnitEditor" StartDate="2014-09-16 16:17:07.749 JST" StructureHandle="=SL3/src&amp;lt;sl.listeners{TCL.java[TCL~_onTabChanged__ChangeItems__ToSecond" StructureKind="java" NumEvents="8" CreationCount="12"/><InteractionEvent Delta="null" EndDate="2014-09-16 16:22:33.410 JST" Interest="5.0" Kind="selection" Navigation="null" OriginId="org.eclipse.jdt.ui.CompilationUnitEditor" StartDate="2014-09-16 16:16:44.848 JST" StructureHandle="=SL3/src&amp;lt;sl.listeners{TCL.java" StructureKind="java" NumEvents="5" CreationCount="2"/><InteractionEvent Delta="null" EndDate="2014-09-16 16:26:24.903 JST" Interest="58.751" Kind="propagation" Navigation="org.eclipse.mylyn.core.model.edges.containment" OriginId="org.eclipse.mylyn.core.model.interest.propagation" StartDate="2014-09-16 16:16:56.329 JST" StructureHandle="=SL3/src&amp;lt;sl.listeners{TCL.java" StructureKind="java" NumEvents="84" CreationCount="2"/><InteractionEvent Delta="null" EndDate="2014-09-16 16:26:24.904 JST" Interest="182.017" Kind="propagation" Navigation="org.eclipse.mylyn.core.model.edges.containment" OriginId="org.eclipse.mylyn.core.model.interest.propagation" StartDate="2014-09-16 16:16:43.551 JST" StructureHandle="/" StructureKind="resource" NumEvents="187" CreationCount="1"/><InteractionEvent Delta="null" EndDate="2014-09-16 16:26:24.903 JST" Interest="154.01701" Kind="propagation" Navigation="org.eclipse.mylyn.core.model.edges.containment" OriginId="org.eclipse.mylyn.core.model.interest.propagation" StartDate="2014-09-16 16:16:43.551 JST" StructureHandle="/SL3/src/sl" StructureKind="resource" NumEvents="155" CreationCount="1"/><InteractionEvent Delta="null" EndDate="2014-09-16 16:18:23.146 JST" Interest="3.0" Kind="selection" Navigation="null" OriginId="org.eclipse.jdt.ui.PackageExplorer" StartDate="2014-09-16 16:18:23.145 JST" StructureHandle="/SL3/res/values" StructureKind="resource" NumEvents="3" CreationCount="52"/><InteractionEvent Delta="null" EndDate="2014-09-16 16:21:33.378 JST" Interest="13.150998" Kind="propagation" Navigation="org.eclipse.mylyn.core.model.edges.containment" OriginId="org.eclipse.mylyn.core.model.interest.propagation" StartDate="2014-09-16 16:18:25.618 JST" StructureHandle="/SL3/res/values" StructureKind="resource" NumEvents="18" CreationCount="52"/><InteractionEvent Delta="null" EndDate="2014-09-16 16:20:16.438 JST" Interest="1.0" Kind="selection" Navigation="null" OriginId="org.eclipse.jdt.ui.PackageExplorer" StartDate="2014-09-16 16:20:16.438 JST" StructureHandle="=SL3/src&amp;lt;sl.items" StructureKind="java"/><InteractionEvent Delta="null" EndDate="2014-09-16 16:21:00.483 JST" Interest="7.436001" Kind="propagation" Navigation="org.eclipse.mylyn.core.model.edges.containment" OriginId="org.eclipse.mylyn.core.model.interest.propagation" StartDate="2014-09-16 16:20:18.177 JST" StructureHandle="=SL3/src&amp;lt;sl.items" StructureKind="java" NumEvents="14" CreationCount="111"/><InteractionEvent Delta="null" EndDate="2014-09-16 16:21:27.237 JST" Interest="1.0" Kind="edit" Navigation="null" OriginId="org.eclipse.jdt.ui.CompilationUnitEditor" StartDate="2014-09-16 16:21:27.237 JST" StructureHandle="=SL3/src&amp;lt;sl.items{MI.java[MI[Builder~setOrder~I" StructureKind="java"/><InteractionEvent Delta="null" EndDate="2014-09-16 16:21:26.534 JST" Interest="2.0" Kind="selection" Navigation="null" OriginId="org.eclipse.jdt.ui.CompilationUnitEditor" StartDate="2014-09-16 16:21:19.896 JST" StructureHandle="=SL3/src&amp;lt;sl.items{MI.java[MI[Builder~setOrder~I" StructureKind="java" NumEvents="2" CreationCount="134"/><InteractionEvent Delta="null" EndDate="2014-09-16 16:24:47.986 JST" Interest="1.0" Kind="propagation" Navigation="org.eclipse.mylyn.core.model.edges.containment" OriginId="org.eclipse.mylyn.core.model.interest.propagation" StartDate="2014-09-16 16:24:47.986 JST" StructureHandle="/SL3/bin" StructureKind="resource"/><InteractionEvent Delta="null" EndDate="2014-09-16 16:24:47.986 JST" Interest="1.0" Kind="prediction" Navigation="null" OriginId="org.eclipse.mylyn.resources.ui.interest.updater" StartDate="2014-09-16 16:24:47.986 JST" StructureHandle="/SL3/bin/resources.ap_" StructureKind="resource"/><InteractionEvent Delta="null" EndDate="2014-09-16 16:17:00.534 JST" Interest="5.0" Kind="edit" Navigation="null" OriginId="org.eclipse.jdt.ui.CompilationUnitEditor" StartDate="2014-09-16 16:16:55.91 JST" StructureHandle="=SL3/src&amp;lt;sl.listeners{TCL.java[TCL~onTabChanged~QString;" StructureKind="java" NumEvents="5" CreationCount="5"/><InteractionEvent Delta="null" EndDate="2014-09-16 16:16:52.996 JST" Interest="1.0" Kind="selection" Navigation="null" OriginId="org.eclipse.jdt.ui.CompilationUnitEditor" StartDate="2014-09-16 16:16:52.996 JST" StructureHandle="=SL3/src&amp;lt;sl.listeners{TCL.java[TCL~onTabChanged~QString;" StructureKind="java"/><InteractionEvent Delta="null" EndDate="2014-09-16 16:21:36.631 JST" Interest="2.0" Kind="selection" Navigation="null" OriginId="org.eclipse.jdt.ui.CompilationUnitEditor" StartDate="2014-09-16 16:17:04.234 JST" StructureHandle="=SL3/src&amp;lt;sl.listeners{TCL.java[TCL~_onTabChanged__ChangeItems~QString;" StructureKind="java" NumEvents="2" CreationCount="11"/><InteractionEvent Delta="null" EndDate="2014-09-16 16:21:36.631 JST" Interest="1.21" Kind="manipulation" Navigation="null" OriginId="org.eclipse.mylyn.core.model.interest.decay.correction" StartDate="2014-09-16 16:21:36.631 JST" StructureHandle="=SL3/src&amp;lt;sl.listeners{TCL.java[TCL~_onTabChanged__ChangeItems~QString;" StructureKind="java"/><InteractionEvent Delta="null" EndDate="2014-09-16 16:20:56.322 JST" Interest="9.0" Kind="edit" Navigation="null" OriginId="org.eclipse.jdt.ui.CompilationUnitEditor" StartDate="2014-09-16 16:20:45.834 JST" StructureHandle="=SL3/src&amp;lt;sl.items{MI.java[MI~MI~QBuilder;" StructureKind="java" NumEvents="9" CreationCount="119"/><InteractionEvent Delta="null" EndDate="2014-09-16 16:20:43.682 JST" Interest="1.0" Kind="selection" Navigation="null" OriginId="org.eclipse.jdt.ui.CompilationUnitEditor" StartDate="2014-09-16 16:20:43.682 JST" StructureHandle="=SL3/src&amp;lt;sl.items{MI.java[MI~MI~QBuilder;" StructureKind="java"/><InteractionEvent Delta="null" EndDate="2014-09-16 16:21:27.237 JST" Interest="27.0" Kind="propagation" Navigation="null" OriginId="org.eclipse.jdt.ui.CompilationUnitEditor" StartDate="2014-09-16 16:20:18.177 JST" StructureHandle="/SL3/src/sl/items/MI.java" StructureKind="resource" NumEvents="27" CreationCount="112"/><InteractionEvent Delta="null" EndDate="2014-09-16 16:19:04.538 JST" Interest="19.0" Kind="edit" Navigation="null" OriginId="com.android.ide.eclipse.editors.CommonXmlEditor" StartDate="2014-09-16 16:17:37.535 JST" StructureHandle="/SL3/res/menu/actv_tab_2.xml" StructureKind="resource" NumEvents="19" CreationCount="28"/><InteractionEvent Delta="null" EndDate="2014-09-16 16:18:59.147 JST" Interest="9.0" Kind="selection" Navigation="null" OriginId="com.android.ide.eclipse.editors.CommonXmlEditor" StartDate="2014-09-16 16:17:36.918 JST" StructureHandle="/SL3/res/menu/actv_tab_2.xml" StructureKind="resource" NumEvents="9" CreationCount="28"/><InteractionEvent Delta="null" EndDate="2014-09-16 16:16:43.551 JST" Interest="1.0" Kind="selection" Navigation="null" OriginId="org.eclipse.jdt.ui.PackageExplorer" StartDate="2014-09-16 16:16:43.551 JST" StructureHandle="=SL3/src&amp;lt;sl.listeners" StructureKind="java"/><InteractionEvent Delta="null" EndDate="2014-09-16 16:26:24.903 JST" Interest="62.767998" Kind="propagation" Navigation="org.eclipse.mylyn.core.model.edges.containment" OriginId="org.eclipse.mylyn.core.model.interest.propagation" StartDate="2014-09-16 16:16:44.849 JST" StructureHandle="=SL3/src&amp;lt;sl.listeners" StructureKind="java" NumEvents="93" CreationCount="1"/><InteractionEvent Delta="null" EndDate="2014-09-16 16:26:24.902 JST" Interest="80.0" Kind="edit" Navigation="null" OriginId="org.eclipse.jdt.ui.CompilationUnitEditor" StartDate="2014-09-16 16:22:21.740 JST" StructureHandle="=SL3/src&amp;lt;sl.listeners{TCL.java[TCL~_onTabChanged__ChangeItems__ToFirst" StructureKind="java" NumEvents="80" CreationCount="105"/><InteractionEvent Delta="null" EndDate="2014-09-16 16:23:51.696 JST" Interest="6.0" Kind="selection" Navigation="null" OriginId="org.eclipse.jdt.ui.CompilationUnitEditor" StartDate="2014-09-16 16:20:05.102 JST" StructureHandle="=SL3/src&amp;lt;sl.listeners{TCL.java[TCL~_onTabChanged__ChangeItems__ToFirst" StructureKind="java" NumEvents="6" CreationCount="105"/></InteractionHistory>