<?xml version="1.0" encoding="UTF-8"?><InteractionHistory Id="local-119" Version="1"><InteractionEvent Delta="null" EndDate="2014-10-03 10:04:42.655 JST" Interest="135.0" Kind="propagation" Navigation="null" OriginId="org.eclipse.jdt.ui.CompilationUnitEditor" StartDate="2014-10-03 07:42:28.409 JST" StructureHandle="/TA2/src/ta2/utils/CONS.java" StructureKind="resource" NumEvents="135" CreationCount="204"/><InteractionEvent Delta="null" EndDate="2014-10-03 07:43:24.324 JST" Interest="2.0" Kind="selection" Navigation="null" OriginId="org.eclipse.jdt.ui.CompilationUnitEditor" StartDate="2014-10-03 07:43:21.533 JST" StructureHandle="=TA2/src&amp;lt;ta2.utils{CONS.java[CONS[DB^col_types_Patterns_full" StructureKind="java" NumEvents="2" CreationCount="229"/><InteractionEvent Delta="null" EndDate="2014-10-03 08:38:09.963 JST" Interest="3.0" Kind="selection" Navigation="null" OriginId="org.eclipse.jdt.ui.CompilationUnitEditor" StartDate="2014-10-03 08:38:08.294 JST" StructureHandle="=TA2/src&amp;lt;ta2.utils{Methods.java[Methods~playSound~QActivity;~I" StructureKind="java" NumEvents="3" CreationCount="1570"/><InteractionEvent Delta="null" EndDate="2014-10-03 09:33:37.58 JST" Interest="1.0" Kind="propagation" Navigation="org.eclipse.mylyn.core.model.edges.containment" OriginId="org.eclipse.mylyn.core.model.interest.propagation" StartDate="2014-10-03 09:33:37.58 JST" StructureHandle="/TA2/bin/res/crunch/drawable" StructureKind="resource"/><InteractionEvent Delta="null" EndDate="2014-10-03 10:09:34.879 JST" Interest="2405.034" Kind="propagation" Navigation="null" OriginId="org.eclipse.jdt.ui.CompilationUnitEditor" StartDate="2014-10-03 07:33:16.299 JST" StructureHandle="/TA2/src/ta2/utils" StructureKind="resource" NumEvents="2407" CreationCount="1"/><InteractionEvent Delta="null" EndDate="2014-10-03 10:09:34.878 JST" Interest="2404.034" Kind="propagation" Navigation="org.eclipse.mylyn.core.model.edges.containment" OriginId="org.eclipse.mylyn.core.model.interest.propagation" StartDate="2014-10-03 07:33:16.299 JST" StructureHandle="/TA2/src/ta2" StructureKind="resource" NumEvents="2407" CreationCount="1"/><InteractionEvent Delta="null" EndDate="2014-10-03 07:43:24.363 JST" Interest="2.0" Kind="selection" Navigation="null" OriginId="org.eclipse.jdt.ui.CompilationUnitEditor" StartDate="2014-10-03 07:43:24.242 JST" StructureHandle="=TA2/src&amp;lt;ta2.utils{CONS.java[CONS[DB^dPath_Audio" StructureKind="java" NumEvents="2" CreationCount="230"/><InteractionEvent Delta="null" EndDate="2014-10-03 07:43:27.999 JST" Interest="3.0" Kind="edit" Navigation="null" OriginId="org.eclipse.jdt.ui.CompilationUnitEditor" StartDate="2014-10-03 07:43:24.832 JST" StructureHandle="=TA2/src&amp;lt;ta2.utils{CONS.java[CONS[DB^dPath_Audio" StructureKind="java" NumEvents="3" CreationCount="230"/><InteractionEvent Delta="null" EndDate="2014-10-03 08:49:10.216 JST" Interest="27.0" Kind="selection" Navigation="null" OriginId="org.eclipse.ui.views.ContentOutline" StartDate="2014-10-03 07:38:36.746 JST" StructureHandle="=TA2/src&amp;lt;ta2.utils{Recorder.java[Recorder~getFilename" StructureKind="java" NumEvents="27" CreationCount="162"/><InteractionEvent Delta="null" EndDate="2014-10-03 08:49:35.131 JST" Interest="489.0" Kind="edit" Navigation="null" OriginId="org.eclipse.jdt.ui.CompilationUnitEditor" StartDate="2014-10-03 07:38:37.328 JST" StructureHandle="=TA2/src&amp;lt;ta2.utils{Recorder.java[Recorder~getFilename" StructureKind="java" NumEvents="489" CreationCount="162"/><InteractionEvent Delta="null" EndDate="2014-10-03 10:04:42.654 JST" Interest="6.0" Kind="selection" Navigation="null" OriginId="org.eclipse.jdt.ui.CompilationUnitEditor" StartDate="2014-10-03 08:31:48.18 JST" StructureHandle="=TA2/src&amp;lt;ta2.utils{CONS.java[CONS[Paths^fpath_AudioRecorded" StructureKind="java" NumEvents="6" CreationCount="1492"/><InteractionEvent Delta="null" EndDate="2014-10-03 09:33:58.343 JST" Interest="15.0" Kind="edit" Navigation="null" OriginId="org.eclipse.jdt.ui.CompilationUnitEditor" StartDate="2014-10-03 08:31:48.25 JST" StructureHandle="=TA2/src&amp;lt;ta2.utils{CONS.java[CONS[Paths^fpath_AudioRecorded" StructureKind="java" NumEvents="15" CreationCount="1492"/><InteractionEvent Delta="null" EndDate="2014-10-03 09:33:21.548 JST" Interest="8.837" Kind="manipulation" Navigation="null" OriginId="org.eclipse.mylyn.core.model.interest.decay.correction" StartDate="2014-10-03 09:33:21.548 JST" StructureHandle="=TA2/src&amp;lt;ta2.utils{CONS.java[CONS[Paths^fpath_AudioRecorded" StructureKind="java"/><InteractionEvent Delta="null" EndDate="2014-10-03 07:33:20.45 JST" Interest="1.0" Kind="selection" Navigation="null" OriginId="org.eclipse.jdt.ui.PackageExplorer" StartDate="2014-10-03 07:33:20.45 JST" StructureHandle="=TA2/src&amp;lt;ta2.utils{Tags.java" StructureKind="java"/><InteractionEvent Delta="null" EndDate="2014-10-03 08:22:51.500 JST" Interest="1.0" Kind="selection" Navigation="null" OriginId="org.eclipse.jdt.ui.CompilationUnitEditor" StartDate="2014-10-03 08:22:51.500 JST" StructureHandle="=TA2/src&amp;lt;ta2.utils{Recorder.java[Recorder~deleteTempFile" StructureKind="java"/><InteractionEvent Delta="null" EndDate="2014-10-03 08:22:52.782 JST" Interest="11.0" Kind="edit" Navigation="null" OriginId="org.eclipse.jdt.ui.CompilationUnitEditor" StartDate="2014-10-03 08:22:51.504 JST" StructureHandle="=TA2/src&amp;lt;ta2.utils{Recorder.java[Recorder~deleteTempFile" StructureKind="java" NumEvents="11" CreationCount="1142"/><InteractionEvent Delta="null" EndDate="2014-10-03 09:33:37.57 JST" Interest="1.0" Kind="propagation" Navigation="null" OriginId="org.eclipse.mylyn.resources.ui.interest.updater" StartDate="2014-10-03 09:33:37.57 JST" StructureHandle="/TA2/bin/res/crunch/drawable/actv_rec_rec.png" StructureKind="resource"/><InteractionEvent Delta="null" EndDate="2014-10-03 09:32:13.472 JST" Interest="1.0" Kind="selection" Navigation="null" OriginId="org.eclipse.jdt.ui.PackageExplorer" StartDate="2014-10-03 09:32:13.472 JST" StructureHandle="/TA2/res/drawable/actv_rec_stop.png" StructureKind="resource"/><InteractionEvent Delta="null" EndDate="2014-10-03 09:31:21.533 JST" Interest="1.0" Kind="propagation" Navigation="null" OriginId="org.eclipse.mylyn.resources.ui.interest.updater" StartDate="2014-10-03 09:31:21.533 JST" StructureHandle="/TA2/res/drawable/actv_rec_stop.png" StructureKind="resource"/><InteractionEvent Delta="null" EndDate="2014-10-03 09:33:37.58 JST" Interest="1.0" Kind="propagation" Navigation="org.eclipse.mylyn.core.model.edges.containment" OriginId="org.eclipse.mylyn.core.model.interest.propagation" StartDate="2014-10-03 09:33:37.58 JST" StructureHandle="/TA2/bin/res" StructureKind="resource"/><InteractionEvent Delta="null" EndDate="2014-10-03 10:04:42.654 JST" Interest="25.337" Kind="propagation" Navigation="org.eclipse.mylyn.core.model.edges.containment" OriginId="org.eclipse.mylyn.core.model.interest.propagation" StartDate="2014-10-03 08:31:48.19 JST" StructureHandle="=TA2/src&amp;lt;ta2.utils{CONS.java[CONS[Paths" StructureKind="java" NumEvents="21" CreationCount="1492"/><InteractionEvent Delta="null" EndDate="2014-10-03 07:59:44.859 JST" Interest="1.0" Kind="selection" Navigation="null" OriginId="org.eclipse.jdt.ui.CompilationUnitEditor" StartDate="2014-10-03 07:59:44.859 JST" StructureHandle="=TA2/src&amp;lt;ta2.utils{CONS.java[CONS[RecActv^isRecording" StructureKind="java"/><InteractionEvent Delta="null" EndDate="2014-10-03 10:07:14.558 JST" Interest="14.0" Kind="prediction" Navigation="null" OriginId="org.eclipse.mylyn.resources.ui.interest.updater" StartDate="2014-10-03 07:34:33.578 JST" StructureHandle="/TA2/bin/TA2.apk" StructureKind="resource" NumEvents="14" CreationCount="47"/><InteractionEvent Delta="null" EndDate="2014-10-03 07:49:14.641 JST" Interest="2.0" Kind="selection" Navigation="null" OriginId="org.eclipse.jdt.ui.CompilationUnitEditor" StartDate="2014-10-03 07:44:36.506 JST" StructureHandle="=TA2/src&amp;lt;ta2.utils{Recorder.java[Recorder^bufferSize" StructureKind="java" NumEvents="2" CreationCount="274"/><InteractionEvent Delta="null" EndDate="2014-10-03 07:49:14.641 JST" Interest="0.49600005" Kind="manipulation" Navigation="null" OriginId="org.eclipse.mylyn.core.model.interest.decay.correction" StartDate="2014-10-03 07:49:14.641 JST" StructureHandle="=TA2/src&amp;lt;ta2.utils{Recorder.java[Recorder^bufferSize" StructureKind="java"/><InteractionEvent Delta="null" EndDate="2014-10-03 10:04:39.886 JST" Interest="21.0" Kind="selection" Navigation="null" OriginId="org.eclipse.jdt.ui.CompilationUnitEditor" StartDate="2014-10-03 07:48:17.32 JST" StructureHandle="=TA2/src&amp;lt;ta2.utils{Recorder.java[Recorder~stopRecording" StructureKind="java" NumEvents="21" CreationCount="347"/><InteractionEvent Delta="null" EndDate="2014-10-03 09:38:35.298 JST" Interest="100.0" Kind="edit" Navigation="null" OriginId="org.eclipse.jdt.ui.CompilationUnitEditor" StartDate="2014-10-03 07:54:53.424 JST" StructureHandle="=TA2/src&amp;lt;ta2.utils{Recorder.java[Recorder~stopRecording" StructureKind="java" NumEvents="100" CreationCount="347"/><InteractionEvent Delta="null" EndDate="2014-10-03 08:18:10.155 JST" Interest="1.6990013" Kind="manipulation" Navigation="null" OriginId="org.eclipse.mylyn.core.model.interest.decay.correction" StartDate="2014-10-03 07:54:53.418 JST" StructureHandle="=TA2/src&amp;lt;ta2.utils{Recorder.java[Recorder~stopRecording" StructureKind="java" NumEvents="2" CreationCount="347"/><InteractionEvent Delta="null" EndDate="2014-10-03 10:06:49.804 JST" Interest="32.0" Kind="selection" Navigation="null" OriginId="org.eclipse.jdt.ui.CompilationUnitEditor" StartDate="2014-10-03 07:33:26.27 JST" StructureHandle="=TA2/src&amp;lt;ta2.utils{Methods.java" StructureKind="java" NumEvents="32" CreationCount="3"/><InteractionEvent Delta="null" EndDate="2014-10-03 10:09:34.878 JST" Interest="129.45099" Kind="propagation" Navigation="org.eclipse.mylyn.core.model.edges.containment" OriginId="org.eclipse.mylyn.core.model.interest.propagation" StartDate="2014-10-03 07:33:35.736 JST" StructureHandle="=TA2/src&amp;lt;ta2.utils{Methods.java" StructureKind="java" NumEvents="190" CreationCount="3"/><InteractionEvent Delta="null" EndDate="2014-10-03 09:33:37.58 JST" Interest="1.0" Kind="propagation" Navigation="org.eclipse.mylyn.core.model.edges.containment" OriginId="org.eclipse.mylyn.core.model.interest.propagation" StartDate="2014-10-03 09:33:37.58 JST" StructureHandle="/TA2/bin/res/crunch" StructureKind="resource"/><InteractionEvent Delta="null" EndDate="2014-10-03 08:31:05.228 JST" Interest="2.0" Kind="selection" Navigation="null" OriginId="org.eclipse.jdt.ui.CompilationUnitEditor" StartDate="2014-10-03 07:59:46.89 JST" StructureHandle="=TA2/src&amp;lt;ta2.utils{CONS.java[CONS[RecActv^recordingThread" StructureKind="java" NumEvents="2" CreationCount="591"/><InteractionEvent Delta="null" EndDate="2014-10-03 08:31:05.637 JST" Interest="3.0" Kind="edit" Navigation="null" OriginId="org.eclipse.jdt.ui.CompilationUnitEditor" StartDate="2014-10-03 08:31:05.241 JST" StructureHandle="=TA2/src&amp;lt;ta2.utils{CONS.java[CONS[RecActv^recordingThread" StructureKind="java" NumEvents="3" CreationCount="591"/><InteractionEvent Delta="null" EndDate="2014-10-03 08:31:05.228 JST" Interest="13.535001" Kind="manipulation" Navigation="null" OriginId="org.eclipse.mylyn.core.model.interest.decay.correction" StartDate="2014-10-03 08:31:05.228 JST" StructureHandle="=TA2/src&amp;lt;ta2.utils{CONS.java[CONS[RecActv^recordingThread" StructureKind="java"/><InteractionEvent Delta="null" EndDate="2014-10-03 10:00:05.2 JST" Interest="92.117" Kind="propagation" Navigation="org.eclipse.mylyn.core.model.edges.containment" OriginId="org.eclipse.mylyn.core.model.interest.propagation" StartDate="2014-10-03 09:40:04.401 JST" StructureHandle="=TA2/src&amp;lt;ta2.listeners.button{BO_TL.java[BO_TL" StructureKind="java" NumEvents="130" CreationCount="2259"/><InteractionEvent Delta="null" EndDate="2014-10-03 07:45:19.229 JST" Interest="2.0" Kind="propagation" Navigation="org.eclipse.mylyn.core.model.edges.containment" OriginId="org.eclipse.mylyn.core.model.interest.propagation" StartDate="2014-10-03 07:44:54.963 JST" StructureHandle="=TA2/src&amp;lt;ta2.utils{CONS.java[CONS[Enums" StructureKind="java" NumEvents="2" CreationCount="282"/><InteractionEvent Delta="null" EndDate="2014-10-03 10:09:34.879 JST" Interest="2682.034" Kind="propagation" Navigation="org.eclipse.mylyn.core.model.edges.containment" OriginId="org.eclipse.mylyn.core.model.interest.propagation" StartDate="2014-10-03 07:33:16.300 JST" StructureHandle="/" StructureKind="resource" NumEvents="2685" CreationCount="1"/><InteractionEvent Delta="null" EndDate="2014-10-03 07:56:46.388 JST" Interest="1.0" Kind="selection" Navigation="null" OriginId="org.eclipse.jdt.ui.CompilationUnitEditor" StartDate="2014-10-03 07:56:46.388 JST" StructureHandle="=TA2/src&amp;lt;ta2.utils{CONS.java[CONS[RecActv^RECORDER_SAMPLERATE" StructureKind="java"/><InteractionEvent Delta="null" EndDate="2014-10-03 10:00:38.565 JST" Interest="4.0" Kind="selection" Navigation="null" OriginId="org.eclipse.jdt.ui.CompilationUnitEditor" StartDate="2014-10-03 08:37:53.713 JST" StructureHandle="=TA2/src&amp;lt;ta2.utils{Methods.java[Methods~get_Dirname~QActivity;~QString;" StructureKind="java" NumEvents="4" CreationCount="1562"/><InteractionEvent Delta="null" EndDate="2014-10-03 10:00:35.457 JST" Interest="14.929001" Kind="manipulation" Navigation="null" OriginId="org.eclipse.mylyn.core.model.interest.decay.correction" StartDate="2014-10-03 10:00:35.457 JST" StructureHandle="=TA2/src&amp;lt;ta2.utils{Methods.java[Methods~get_Dirname~QActivity;~QString;" StructureKind="java"/><InteractionEvent Delta="null" EndDate="2014-10-03 09:59:18.952 JST" Interest="2.0" Kind="selection" Navigation="null" OriginId="org.eclipse.jdt.ui.CompilationUnitEditor" StartDate="2014-10-03 09:40:04.400 JST" StructureHandle="=TA2/src&amp;lt;ta2.listeners.button{BO_TL.java[BO_TL~BO_TL~QActivity;" StructureKind="java" NumEvents="2" CreationCount="2259"/><InteractionEvent Delta="null" EndDate="2014-10-03 09:59:18.952 JST" Interest="2.4850001" Kind="manipulation" Navigation="null" OriginId="org.eclipse.mylyn.core.model.interest.decay.correction" StartDate="2014-10-03 09:59:18.952 JST" StructureHandle="=TA2/src&amp;lt;ta2.listeners.button{BO_TL.java[BO_TL~BO_TL~QActivity;" StructureKind="java"/><InteractionEvent Delta="null" EndDate="2014-10-03 09:31:21.533 JST" Interest="1.0" Kind="propagation" Navigation="null" OriginId="org.eclipse.mylyn.resources.ui.interest.updater" StartDate="2014-10-03 09:31:21.533 JST" StructureHandle="/TA2/res/drawable/actv_rec_stop_not_in_use.png" StructureKind="resource"/><InteractionEvent Delta="null" EndDate="2014-10-03 09:33:37.56 JST" Interest="36.819" Kind="propagation" Navigation="org.eclipse.mylyn.core.model.edges.containment" OriginId="org.eclipse.mylyn.core.model.interest.propagation" StartDate="2014-10-03 07:34:33.578 JST" StructureHandle="/TA2/bin" StructureKind="resource" NumEvents="2" CreationCount="47"/><InteractionEvent Delta="null" EndDate="2014-10-03 08:31:12.156 JST" Interest="3.0" Kind="selection" Navigation="null" OriginId="org.eclipse.jdt.ui.CompilationUnitEditor" StartDate="2014-10-03 08:31:07.386 JST" StructureHandle="=TA2/src&amp;lt;ta2.utils{CONS.java[CONS[RecActv^AUDIO_RECORDER_TEMP_FILE" StructureKind="java" NumEvents="3" CreationCount="1451"/><InteractionEvent Delta="null" EndDate="2014-10-03 08:31:07.393 JST" Interest="1.0" Kind="edit" Navigation="null" OriginId="org.eclipse.jdt.ui.CompilationUnitEditor" StartDate="2014-10-03 08:31:07.393 JST" StructureHandle="=TA2/src&amp;lt;ta2.utils{CONS.java[CONS[RecActv^AUDIO_RECORDER_TEMP_FILE" StructureKind="java"/><InteractionEvent Delta="null" EndDate="2014-10-03 09:13:54.9 JST" Interest="1.0" Kind="selection" Navigation="null" OriginId="org.eclipse.jdt.ui.PackageExplorer" StartDate="2014-10-03 09:13:54.9 JST" StructureHandle="=TA2/src&amp;lt;ta2.listeners.button" StructureKind="java"/><InteractionEvent Delta="null" EndDate="2014-10-03 10:04:30.733 JST" Interest="95.718" Kind="propagation" Navigation="org.eclipse.mylyn.core.model.edges.containment" OriginId="org.eclipse.mylyn.core.model.interest.propagation" StartDate="2014-10-03 09:40:03.438 JST" StructureHandle="=TA2/src&amp;lt;ta2.listeners.button" StructureKind="java" NumEvents="134" CreationCount="2106"/><InteractionEvent Delta="null" EndDate="2014-10-03 10:04:37.276 JST" Interest="124.0" Kind="propagation" Navigation="org.eclipse.mylyn.core.model.edges.containment" OriginId="org.eclipse.mylyn.core.model.interest.propagation" StartDate="2014-10-03 09:36:51.61 JST" StructureHandle="/TA2/src/ta2/main" StructureKind="resource" NumEvents="124" CreationCount="2172"/><InteractionEvent Delta="null" EndDate="2014-10-03 10:09:34.878 JST" Interest="548.0" Kind="propagation" Navigation="null" OriginId="org.eclipse.jdt.ui.CompilationUnitEditor" StartDate="2014-10-03 07:33:26.27 JST" StructureHandle="/TA2/src/ta2/utils/Methods.java" StructureKind="resource" NumEvents="548" CreationCount="3"/><InteractionEvent Delta="null" EndDate="2014-10-03 10:04:37.276 JST" Interest="80.517006" Kind="propagation" Navigation="org.eclipse.mylyn.core.model.edges.containment" OriginId="org.eclipse.mylyn.core.model.interest.propagation" StartDate="2014-10-03 09:36:53.389 JST" StructureHandle="=TA2/src&amp;lt;ta2.main{RecActv.java[RecActv" StructureKind="java" NumEvents="111" CreationCount="2173"/><InteractionEvent Delta="null" EndDate="2014-10-03 09:50:55.518 JST" Interest="6.0" Kind="propagation" Navigation="org.eclipse.mylyn.core.model.edges.containment" OriginId="org.eclipse.mylyn.core.model.interest.propagation" StartDate="2014-10-03 09:32:49.588 JST" StructureHandle="/TA2/res/layout" StructureKind="resource" NumEvents="6" CreationCount="2151"/><InteractionEvent Delta="null" EndDate="2014-10-03 07:46:46.257 JST" Interest="1.0" Kind="selection" Navigation="null" OriginId="org.eclipse.jdt.ui.CompilationUnitEditor" StartDate="2014-10-03 07:46:46.257 JST" StructureHandle="=TA2/src&amp;lt;ta2.utils{Recorder.java[Recorder~startRecording[~run" StructureKind="java"/><InteractionEvent Delta="null" EndDate="2014-10-03 10:04:37.276 JST" Interest="124.0" Kind="propagation" Navigation="null" OriginId="org.eclipse.jdt.ui.CompilationUnitEditor" StartDate="2014-10-03 09:36:51.61 JST" StructureHandle="/TA2/src/ta2/main/RecActv.java" StructureKind="resource" NumEvents="124" CreationCount="2172"/><InteractionEvent Delta="null" EndDate="2014-10-03 09:36:58.337 JST" Interest="3.0" Kind="selection" Navigation="null" OriginId="org.eclipse.jdt.ui.CompilationUnitEditor" StartDate="2014-10-03 09:36:53.388 JST" StructureHandle="=TA2/src&amp;lt;ta2.main{RecActv.java[RecActv~onCreate~QBundle;" StructureKind="java" NumEvents="3" CreationCount="2173"/><InteractionEvent Delta="null" EndDate="2014-10-03 10:04:31.229 JST" Interest="6.434" Kind="propagation" Navigation="org.eclipse.mylyn.core.model.edges.containment" OriginId="org.eclipse.mylyn.core.model.interest.propagation" StartDate="2014-10-03 09:51:14.204 JST" StructureHandle="=TA2/src&amp;lt;ta2.listeners.button{BO_CL.java[BO_CL" StructureKind="java" NumEvents="9" CreationCount="2400"/><InteractionEvent Delta="null" EndDate="2014-10-03 08:31:47.373 JST" Interest="21.0" Kind="selection" Navigation="null" OriginId="org.eclipse.jdt.ui.CompilationUnitEditor" StartDate="2014-10-03 07:42:36.325 JST" StructureHandle="=TA2/src&amp;lt;ta2.utils{CONS.java[CONS[RecActv" StructureKind="java" NumEvents="21" CreationCount="208"/><InteractionEvent Delta="null" EndDate="2014-10-03 08:31:05.638 JST" Interest="0.14599991" Kind="propagation" Navigation="org.eclipse.mylyn.core.model.edges.containment" OriginId="org.eclipse.mylyn.core.model.interest.propagation" StartDate="2014-10-03 08:31:05.638 JST" StructureHandle="=TA2/src&amp;lt;ta2.utils{CONS.java[CONS[RecActv" StructureKind="java"/><InteractionEvent Delta="null" EndDate="2014-10-03 08:31:22.890 JST" Interest="21.0" Kind="edit" Navigation="null" OriginId="org.eclipse.jdt.ui.CompilationUnitEditor" StartDate="2014-10-03 07:42:36.903 JST" StructureHandle="=TA2/src&amp;lt;ta2.utils{CONS.java[CONS[RecActv" StructureKind="java" NumEvents="21" CreationCount="208"/><InteractionEvent Delta="null" EndDate="2014-10-03 10:03:14.962 JST" Interest="2.0" Kind="selection" Navigation="null" OriginId="org.eclipse.jdt.ui.CompilationUnitEditor" StartDate="2014-10-03 07:37:46.692 JST" StructureHandle="=TA2/src&amp;lt;ta2.utils{Methods.java[Methods~add_WP_to_Memo~QActivity;~QEditText;~QWordPattern;" StructureKind="java" NumEvents="2" CreationCount="140"/><InteractionEvent Delta="null" EndDate="2014-10-03 07:37:46.697 JST" Interest="1.0" Kind="edit" Navigation="null" OriginId="org.eclipse.jdt.ui.CompilationUnitEditor" StartDate="2014-10-03 07:37:46.697 JST" StructureHandle="=TA2/src&amp;lt;ta2.utils{Methods.java[Methods~add_WP_to_Memo~QActivity;~QEditText;~QWordPattern;" StructureKind="java"/><InteractionEvent Delta="null" EndDate="2014-10-03 10:03:14.962 JST" Interest="39.389" Kind="manipulation" Navigation="null" OriginId="org.eclipse.mylyn.core.model.interest.decay.correction" StartDate="2014-10-03 10:03:14.962 JST" StructureHandle="=TA2/src&amp;lt;ta2.utils{Methods.java[Methods~add_WP_to_Memo~QActivity;~QEditText;~QWordPattern;" StructureKind="java"/><InteractionEvent Delta="null" EndDate="2014-10-03 07:44:28.971 JST" Interest="1.0" Kind="selection" Navigation="null" OriginId="org.eclipse.jdt.ui.CompilationUnitEditor" StartDate="2014-10-03 07:44:28.971 JST" StructureHandle="=TA2/src&amp;lt;ta2.utils{CONS.java[CONS[RecActv^RECORDER_AUDIO_ENCODING" StructureKind="java"/><InteractionEvent Delta="null" EndDate="2014-10-03 09:33:37.57 JST" Interest="1.0" Kind="propagation" Navigation="null" OriginId="org.eclipse.mylyn.resources.ui.interest.updater" StartDate="2014-10-03 09:33:37.57 JST" StructureHandle="/TA2/bin/res/crunch/drawable/actv_rec_rec_recording.png" StructureKind="resource"/><InteractionEvent Delta="null" EndDate="2014-10-03 09:51:16.765 JST" Interest="1.0" Kind="selection" Navigation="null" OriginId="org.eclipse.jdt.ui.CompilationUnitEditor" StartDate="2014-10-03 09:51:16.765 JST" StructureHandle="=TA2/src&amp;lt;ta2.listeners.button{BO_CL.java[BO_CL~onClick~QView;" StructureKind="java"/><InteractionEvent Delta="null" EndDate="2014-10-03 08:48:10.482 JST" Interest="12.0" Kind="selection" Navigation="null" OriginId="org.eclipse.jdt.ui.CompilationUnitEditor" StartDate="2014-10-03 07:49:54.50 JST" StructureHandle="=TA2/src&amp;lt;ta2.utils{Recorder.java[Recorder~getState" StructureKind="java" NumEvents="12" CreationCount="369"/><InteractionEvent Delta="null" EndDate="2014-10-03 07:53:36.3 JST" Interest="24.0" Kind="edit" Navigation="null" OriginId="org.eclipse.jdt.ui.CompilationUnitEditor" StartDate="2014-10-03 07:50:10.674 JST" StructureHandle="=TA2/src&amp;lt;ta2.utils{Recorder.java[Recorder~getState" StructureKind="java" NumEvents="24" CreationCount="369"/><InteractionEvent Delta="null" EndDate="2014-10-03 08:48:04.245 JST" Interest="2.9100018" Kind="manipulation" Navigation="null" OriginId="org.eclipse.mylyn.core.model.interest.decay.correction" StartDate="2014-10-03 08:48:04.245 JST" StructureHandle="=TA2/src&amp;lt;ta2.utils{Recorder.java[Recorder~getState" StructureKind="java"/><InteractionEvent Delta="null" EndDate="2014-10-03 10:04:31.231 JST" Interest="155.584" Kind="propagation" Navigation="null" OriginId="org.eclipse.jdt.ui.CompilationUnitEditor" StartDate="2014-10-03 09:13:54.10 JST" StructureHandle="/TA2/src/ta2/listeners/button" StructureKind="resource" NumEvents="154" CreationCount="2106"/><InteractionEvent Delta="null" EndDate="2014-10-03 09:51:14.203 JST" Interest="1.0" Kind="selection" Navigation="null" OriginId="org.eclipse.jdt.ui.CompilationUnitEditor" StartDate="2014-10-03 09:51:14.203 JST" StructureHandle="=TA2/src&amp;lt;ta2.listeners.button{BO_CL.java[BO_CL~BO_CL~QActivity;" StructureKind="java"/><InteractionEvent Delta="null" EndDate="2014-10-03 07:42:37.730 JST" Interest="1.0" Kind="selection" Navigation="null" OriginId="org.eclipse.jdt.ui.CompilationUnitEditor" StartDate="2014-10-03 07:42:37.730 JST" StructureHandle="=TA2/src&amp;lt;ta2.utils{CONS.java[CONS[RecActv^mr" StructureKind="java"/><InteractionEvent Delta="null" EndDate="2014-10-03 07:42:36.423 JST" Interest="2.034" Kind="propagation" Navigation="org.eclipse.mylyn.core.model.edges.containment" OriginId="org.eclipse.mylyn.core.model.interest.propagation" StartDate="2014-10-03 07:42:29.812 JST" StructureHandle="=TA2/src&amp;lt;ta2.utils{CONS.java[CONS[Intent" StructureKind="java" NumEvents="3" CreationCount="205"/><InteractionEvent Delta="null" EndDate="2014-10-03 08:47:41.607 JST" Interest="10.0" Kind="selection" Navigation="null" OriginId="org.eclipse.jdt.ui.CompilationUnitEditor" StartDate="2014-10-03 07:49:46.714 JST" StructureHandle="=TA2/src&amp;lt;ta2.utils{Recorder.java[Recorder~WriteWaveFileHeader~QFileOutputStream;~J~J~J~I~J" StructureKind="java" NumEvents="10" CreationCount="366"/><InteractionEvent Delta="null" EndDate="2014-10-03 08:47:47.800 JST" Interest="34.0" Kind="edit" Navigation="null" OriginId="org.eclipse.jdt.ui.CompilationUnitEditor" StartDate="2014-10-03 07:49:50.67 JST" StructureHandle="=TA2/src&amp;lt;ta2.utils{Recorder.java[Recorder~WriteWaveFileHeader~QFileOutputStream;~J~J~J~I~J" StructureKind="java" NumEvents="34" CreationCount="366"/><InteractionEvent Delta="null" EndDate="2014-10-03 08:09:32.60 JST" Interest="1.1300011" Kind="manipulation" Navigation="null" OriginId="org.eclipse.mylyn.core.model.interest.decay.correction" StartDate="2014-10-03 08:09:32.60 JST" StructureHandle="=TA2/src&amp;lt;ta2.utils{Recorder.java[Recorder~WriteWaveFileHeader~QFileOutputStream;~J~J~J~I~J" StructureKind="java"/><InteractionEvent Delta="null" EndDate="2014-10-03 10:03:39.816 JST" Interest="21.0" Kind="selection" Navigation="null" OriginId="org.eclipse.jdt.ui.CompilationUnitEditor" StartDate="2014-10-03 07:36:36.965 JST" StructureHandle="=TA2/src&amp;lt;ta2.utils{Methods.java[Methods~recActv_Rec~QActivity;" StructureKind="java" NumEvents="21" CreationCount="74"/><InteractionEvent Delta="null" EndDate="2014-10-03 08:40:26.342 JST" Interest="48.0" Kind="edit" Navigation="null" OriginId="org.eclipse.jdt.ui.CompilationUnitEditor" StartDate="2014-10-03 07:36:36.986 JST" StructureHandle="=TA2/src&amp;lt;ta2.utils{Methods.java[Methods~recActv_Rec~QActivity;" StructureKind="java" NumEvents="48" CreationCount="74"/><InteractionEvent Delta="null" EndDate="2014-10-03 08:32:15.475 JST" Interest="4.712" Kind="manipulation" Navigation="null" OriginId="org.eclipse.mylyn.core.model.interest.decay.correction" StartDate="2014-10-03 08:32:15.475 JST" StructureHandle="=TA2/src&amp;lt;ta2.utils{Methods.java[Methods~recActv_Rec~QActivity;" StructureKind="java"/><InteractionEvent Delta="null" EndDate="2014-10-03 10:00:56.328 JST" Interest="2.0" Kind="prediction" Navigation="null" OriginId="org.eclipse.mylyn.resources.ui.interest.updater" StartDate="2014-10-03 09:33:37.56 JST" StructureHandle="/TA2/bin/resources.ap_" StructureKind="resource" NumEvents="2" CreationCount="2154"/><InteractionEvent Delta="null" EndDate="2014-10-03 10:06:47.9 JST" Interest="27.0" Kind="selection" Navigation="null" OriginId="org.eclipse.jdt.ui.CompilationUnitEditor" StartDate="2014-10-03 07:33:43.60 JST" StructureHandle="=TA2/src&amp;lt;ta2.utils{Methods.java[Methods~recActv_Stop_2~QActivity;" StructureKind="java" NumEvents="27" CreationCount="13"/><InteractionEvent Delta="null" EndDate="2014-10-03 10:06:49.512 JST" Interest="95.0" Kind="edit" Navigation="null" OriginId="org.eclipse.jdt.ui.CompilationUnitEditor" StartDate="2014-10-03 07:33:43.655 JST" StructureHandle="=TA2/src&amp;lt;ta2.utils{Methods.java[Methods~recActv_Stop_2~QActivity;" StructureKind="java" NumEvents="95" CreationCount="13"/><InteractionEvent Delta="null" EndDate="2014-10-03 10:00:38.476 JST" Interest="10.579006" Kind="manipulation" Navigation="null" OriginId="org.eclipse.mylyn.core.model.interest.decay.correction" StartDate="2014-10-03 08:32:16.566 JST" StructureHandle="=TA2/src&amp;lt;ta2.utils{Methods.java[Methods~recActv_Stop_2~QActivity;" StructureKind="java" NumEvents="2" CreationCount="13"/><InteractionEvent Delta="null" EndDate="2014-10-03 08:37:55.36 JST" Interest="2.0" Kind="selection" Navigation="null" OriginId="org.eclipse.ui.views.ContentOutline" StartDate="2014-10-03 07:35:55.182 JST" StructureHandle="=TA2/src&amp;lt;ta2.utils{Methods.java[Methods~get_Filename~QActivity;~QString;" StructureKind="java" NumEvents="2" CreationCount="53"/><InteractionEvent Delta="null" EndDate="2014-10-03 08:38:05.102 JST" Interest="14.0" Kind="edit" Navigation="null" OriginId="org.eclipse.jdt.ui.CompilationUnitEditor" StartDate="2014-10-03 07:35:55.188 JST" StructureHandle="=TA2/src&amp;lt;ta2.utils{Methods.java[Methods~get_Filename~QActivity;~QString;" StructureKind="java" NumEvents="14" CreationCount="53"/><InteractionEvent Delta="null" EndDate="2014-10-03 08:37:55.36 JST" Interest="19.053001" Kind="manipulation" Navigation="null" OriginId="org.eclipse.mylyn.core.model.interest.decay.correction" StartDate="2014-10-03 08:37:55.36 JST" StructureHandle="=TA2/src&amp;lt;ta2.utils{Methods.java[Methods~get_Filename~QActivity;~QString;" StructureKind="java"/><InteractionEvent Delta="null" EndDate="2014-10-03 07:42:32.504 JST" Interest="2.0" Kind="selection" Navigation="null" OriginId="org.eclipse.ui.views.ContentOutline" StartDate="2014-10-03 07:42:29.811 JST" StructureHandle="=TA2/src&amp;lt;ta2.utils{CONS.java[CONS[Intent^dflt_LongExtra_value" StructureKind="java" NumEvents="2" CreationCount="205"/><InteractionEvent Delta="null" EndDate="2014-10-03 10:04:30.732 JST" Interest="8.0" Kind="selection" Navigation="null" OriginId="org.eclipse.jdt.ui.CompilationUnitEditor" StartDate="2014-10-03 09:40:03.437 JST" StructureHandle="=TA2/src&amp;lt;ta2.listeners.button{BO_TL.java" StructureKind="java" NumEvents="8" CreationCount="2258"/><InteractionEvent Delta="null" EndDate="2014-10-03 10:00:05.2 JST" Interest="86.133995" Kind="propagation" Navigation="org.eclipse.mylyn.core.model.edges.containment" OriginId="org.eclipse.mylyn.core.model.interest.propagation" StartDate="2014-10-03 09:40:04.402 JST" StructureHandle="=TA2/src&amp;lt;ta2.listeners.button{BO_TL.java" StructureKind="java" NumEvents="125" CreationCount="2258"/><InteractionEvent Delta="null" EndDate="2014-10-03 07:44:03.20 JST" Interest="2.0" Kind="selection" Navigation="null" OriginId="org.eclipse.jdt.ui.CompilationUnitEditor" StartDate="2014-10-03 07:43:57.539 JST" StructureHandle="=TA2/src&amp;lt;ta2.utils{Recorder.java[Recorder^AUDIO_RECORDER_FILE_EXT_WAV" StructureKind="java" NumEvents="2" CreationCount="250"/><InteractionEvent Delta="null" EndDate="2014-10-03 07:43:59.100 JST" Interest="1.0" Kind="edit" Navigation="null" OriginId="org.eclipse.jdt.ui.CompilationUnitEditor" StartDate="2014-10-03 07:43:59.100 JST" StructureHandle="=TA2/src&amp;lt;ta2.utils{Recorder.java[Recorder^AUDIO_RECORDER_FILE_EXT_WAV" StructureKind="java"/><InteractionEvent Delta="null" EndDate="2014-10-03 10:04:37.277 JST" Interest="80.534004" Kind="propagation" Navigation="org.eclipse.mylyn.core.model.edges.containment" OriginId="org.eclipse.mylyn.core.model.interest.propagation" StartDate="2014-10-03 09:36:51.61 JST" StructureHandle="=TA2/src&amp;lt;ta2.main" StructureKind="java" NumEvents="115" CreationCount="2172"/><InteractionEvent Delta="null" EndDate="2014-10-03 10:04:31.229 JST" Interest="5.0" Kind="selection" Navigation="null" OriginId="org.eclipse.jdt.ui.CompilationUnitEditor" StartDate="2014-10-03 09:51:17.875 JST" StructureHandle="=TA2/src&amp;lt;ta2.listeners.button{BO_CL.java[BO_CL~case_ACTV_REC_REC" StructureKind="java" NumEvents="5" CreationCount="2402"/><InteractionEvent Delta="null" EndDate="2014-10-03 09:51:29.340 JST" Interest="2.0" Kind="edit" Navigation="null" OriginId="org.eclipse.jdt.ui.CompilationUnitEditor" StartDate="2014-10-03 09:51:19.789 JST" StructureHandle="=TA2/src&amp;lt;ta2.listeners.button{BO_CL.java[BO_CL~case_ACTV_REC_REC" StructureKind="java" NumEvents="2" CreationCount="2402"/><InteractionEvent Delta="null" EndDate="2014-10-03 10:04:31.230 JST" Interest="154.584" Kind="propagation" Navigation="org.eclipse.mylyn.core.model.edges.containment" OriginId="org.eclipse.mylyn.core.model.interest.propagation" StartDate="2014-10-03 09:13:54.10 JST" StructureHandle="/TA2/src/ta2/listeners" StructureKind="resource" NumEvents="154" CreationCount="2106"/><InteractionEvent Delta="null" EndDate="2014-10-03 07:58:26.705 JST" Interest="1.7" Kind="propagation" Navigation="org.eclipse.mylyn.core.model.edges.containment" OriginId="org.eclipse.mylyn.core.model.interest.propagation" StartDate="2014-10-03 07:57:53.963 JST" StructureHandle="=TA2/src&amp;lt;ta2.utils{CONS.java[CONS[PrefActv" StructureKind="java" NumEvents="2" CreationCount="523"/><InteractionEvent Delta="null" EndDate="2014-10-03 07:33:20.46 JST" Interest="1.0" Kind="propagation" Navigation="null" OriginId="org.eclipse.jdt.ui.PackageExplorer" StartDate="2014-10-03 07:33:20.46 JST" StructureHandle="/TA2/src/ta2/utils/Tags.java" StructureKind="resource"/><InteractionEvent Delta="null" EndDate="2014-10-03 08:20:02.814 JST" Interest="17.0" Kind="selection" Navigation="null" OriginId="org.eclipse.jdt.ui.CompilationUnitEditor" StartDate="2014-10-03 07:48:46.530 JST" StructureHandle="=TA2/src&amp;lt;ta2.utils{Recorder.java[Recorder~writeAudioDataToFile" StructureKind="java" NumEvents="17" CreationCount="355"/><InteractionEvent Delta="null" EndDate="2014-10-03 08:20:55.713 JST" Interest="106.0" Kind="edit" Navigation="null" OriginId="org.eclipse.jdt.ui.CompilationUnitEditor" StartDate="2014-10-03 07:48:53.190 JST" StructureHandle="=TA2/src&amp;lt;ta2.utils{Recorder.java[Recorder~writeAudioDataToFile" StructureKind="java" NumEvents="106" CreationCount="355"/><InteractionEvent Delta="null" EndDate="2014-10-03 10:04:39.554 JST" Interest="377.03702" Kind="propagation" Navigation="org.eclipse.mylyn.core.model.edges.containment" OriginId="org.eclipse.mylyn.core.model.interest.propagation" StartDate="2014-10-03 07:33:16.300 JST" StructureHandle="=TA2/src&amp;lt;ta2.utils" StructureKind="java" NumEvents="558" CreationCount="1"/><InteractionEvent Delta="null" EndDate="2014-10-03 09:31:20.330 JST" Interest="1.0" Kind="selection" Navigation="null" OriginId="org.eclipse.jdt.ui.PackageExplorer" StartDate="2014-10-03 09:31:20.330 JST" StructureHandle="/TA2/res/drawable/actv_rec_rec.png" StructureKind="resource"/><InteractionEvent Delta="null" EndDate="2014-10-03 09:27:30.646 JST" Interest="1.0" Kind="propagation" Navigation="null" OriginId="org.eclipse.mylyn.resources.ui.interest.updater" StartDate="2014-10-03 09:27:30.646 JST" StructureHandle="/TA2/res/drawable/actv_rec_rec.png" StructureKind="resource"/><InteractionEvent Delta="null" EndDate="2014-10-03 09:27:30.646 JST" Interest="1.0" Kind="propagation" Navigation="null" OriginId="org.eclipse.mylyn.resources.ui.interest.updater" StartDate="2014-10-03 09:27:30.646 JST" StructureHandle="/TA2/res/drawable/actv_rec_rec_recording.png" StructureKind="resource"/><InteractionEvent Delta="null" EndDate="2014-10-03 09:31:53.917 JST" Interest="18.1" Kind="propagation" Navigation="org.eclipse.mylyn.core.model.edges.containment" OriginId="org.eclipse.mylyn.core.model.interest.propagation" StartDate="2014-10-03 09:27:20.507 JST" StructureHandle="/TA2/assets" StructureKind="resource" NumEvents="25" CreationCount="2107"/><InteractionEvent Delta="null" EndDate="2014-10-03 10:04:39.553 JST" Interest="38.0" Kind="selection" Navigation="null" OriginId="org.eclipse.jdt.ui.CompilationUnitEditor" StartDate="2014-10-03 07:33:16.298 JST" StructureHandle="=TA2/src&amp;lt;ta2.utils{Recorder.java" StructureKind="java" NumEvents="38" CreationCount="1"/><InteractionEvent Delta="null" EndDate="2014-10-03 08:49:35.131 JST" Interest="332.587" Kind="propagation" Navigation="org.eclipse.mylyn.core.model.edges.containment" OriginId="org.eclipse.mylyn.core.model.interest.propagation" StartDate="2014-10-03 07:38:19.363 JST" StructureHandle="=TA2/src&amp;lt;ta2.utils{Recorder.java" StructureKind="java" NumEvents="481" CreationCount="1"/><InteractionEvent Delta="null" EndDate="2014-10-03 08:18:09.117 JST" Interest="7.0" Kind="edit" Navigation="null" OriginId="org.eclipse.jdt.ui.CompilationUnitEditor" StartDate="2014-10-03 07:54:26.535 JST" StructureHandle="=TA2/src&amp;lt;ta2.utils{Recorder.java" StructureKind="java" NumEvents="7" CreationCount="1"/><InteractionEvent Delta="null" EndDate="2014-10-03 07:38:16.178 JST" Interest="1.5500002" Kind="manipulation" Navigation="null" OriginId="org.eclipse.mylyn.core.model.interest.decay.correction" StartDate="2014-10-03 07:38:16.178 JST" StructureHandle="=TA2/src&amp;lt;ta2.utils{Recorder.java" StructureKind="java"/><InteractionEvent Delta="null" EndDate="2014-10-03 07:57:53.963 JST" Interest="1.0" Kind="selection" Navigation="null" OriginId="org.eclipse.jdt.ui.CompilationUnitEditor" StartDate="2014-10-03 07:57:53.963 JST" StructureHandle="=TA2/src&amp;lt;ta2.utils{CONS.java[CONS[PrefActv^sp_NoSelection_value" StructureKind="java"/><InteractionEvent Delta="null" EndDate="2014-10-03 07:58:26.704 JST" Interest="1.0" Kind="edit" Navigation="null" OriginId="org.eclipse.jdt.ui.CompilationUnitEditor" StartDate="2014-10-03 07:58:26.704 JST" StructureHandle="=TA2/src&amp;lt;ta2.utils{CONS.java[CONS[PrefActv^sp_NoSelection_value" StructureKind="java"/><InteractionEvent Delta="null" EndDate="2014-10-03 10:04:31.742 JST" Interest="14.0" Kind="selection" Navigation="null" OriginId="org.eclipse.jdt.ui.CompilationUnitEditor" StartDate="2014-10-03 09:36:58.231 JST" StructureHandle="=TA2/src&amp;lt;ta2.main{RecActv.java[RecActv~_onCreate_SetListeners" StructureKind="java" NumEvents="14" CreationCount="2174"/><InteractionEvent Delta="null" EndDate="2014-10-03 10:04:37.276 JST" Interest="95.0" Kind="edit" Navigation="null" OriginId="org.eclipse.jdt.ui.CompilationUnitEditor" StartDate="2014-10-03 09:36:58.822 JST" StructureHandle="=TA2/src&amp;lt;ta2.main{RecActv.java[RecActv~_onCreate_SetListeners" StructureKind="java" NumEvents="95" CreationCount="2174"/><InteractionEvent Delta="null" EndDate="2014-10-03 10:06:21.649 JST" Interest="10.0" Kind="selection" Navigation="null" OriginId="org.eclipse.jdt.ui.CompilationUnitEditor" StartDate="2014-10-03 07:33:55.16 JST" StructureHandle="=TA2/src&amp;lt;ta2.utils{Methods.java[Methods~recActv_Stop~QActivity;" StructureKind="java" NumEvents="10" CreationCount="22"/><InteractionEvent Delta="null" EndDate="2014-10-03 10:06:28.762 JST" Interest="31.0" Kind="edit" Navigation="null" OriginId="org.eclipse.jdt.ui.CompilationUnitEditor" StartDate="2014-10-03 07:33:55.25 JST" StructureHandle="=TA2/src&amp;lt;ta2.utils{Methods.java[Methods~recActv_Stop~QActivity;" StructureKind="java" NumEvents="31" CreationCount="22"/><InteractionEvent Delta="null" EndDate="2014-10-03 10:06:21.649 JST" Interest="16.619999" Kind="manipulation" Navigation="null" OriginId="org.eclipse.mylyn.core.model.interest.decay.correction" StartDate="2014-10-03 08:31:31.987 JST" StructureHandle="=TA2/src&amp;lt;ta2.utils{Methods.java[Methods~recActv_Stop~QActivity;" StructureKind="java" NumEvents="3" CreationCount="22"/><InteractionEvent Delta="null" EndDate="2014-10-03 08:24:27.958 JST" Interest="17.0" Kind="selection" Navigation="null" OriginId="org.eclipse.jdt.ui.CompilationUnitEditor" StartDate="2014-10-03 07:38:27.735 JST" StructureHandle="=TA2/src&amp;lt;ta2.utils{Recorder.java[Recorder~getTempFilename" StructureKind="java" NumEvents="17" CreationCount="158"/><InteractionEvent Delta="null" EndDate="2014-10-03 08:24:30.47 JST" Interest="170.0" Kind="edit" Navigation="null" OriginId="org.eclipse.jdt.ui.CompilationUnitEditor" StartDate="2014-10-03 07:46:52.334 JST" StructureHandle="=TA2/src&amp;lt;ta2.utils{Recorder.java[Recorder~getTempFilename" StructureKind="java" NumEvents="170" CreationCount="158"/><InteractionEvent Delta="null" EndDate="2014-10-03 07:46:43.584 JST" Interest="1.7030001" Kind="manipulation" Navigation="null" OriginId="org.eclipse.mylyn.core.model.interest.decay.correction" StartDate="2014-10-03 07:46:43.584 JST" StructureHandle="=TA2/src&amp;lt;ta2.utils{Recorder.java[Recorder~getTempFilename" StructureKind="java"/><InteractionEvent Delta="null" EndDate="2014-10-03 08:47:49.78 JST" Interest="20.0" Kind="selection" Navigation="null" OriginId="org.eclipse.jdt.ui.CompilationUnitEditor" StartDate="2014-10-03 07:38:32.72 JST" StructureHandle="=TA2/src&amp;lt;ta2.utils{Recorder.java[Recorder" StructureKind="java" NumEvents="20" CreationCount="154"/><InteractionEvent Delta="null" EndDate="2014-10-03 08:49:35.131 JST" Interest="337.53598" Kind="propagation" Navigation="org.eclipse.mylyn.core.model.edges.containment" OriginId="org.eclipse.mylyn.core.model.interest.propagation" StartDate="2014-10-03 07:38:17.45 JST" StructureHandle="=TA2/src&amp;lt;ta2.utils{Recorder.java[Recorder" StructureKind="java" NumEvents="481" CreationCount="154"/><InteractionEvent Delta="null" EndDate="2014-10-03 08:48:02.556 JST" Interest="17.0" Kind="edit" Navigation="null" OriginId="org.eclipse.jdt.ui.CompilationUnitEditor" StartDate="2014-10-03 07:42:56.449 JST" StructureHandle="=TA2/src&amp;lt;ta2.utils{Recorder.java[Recorder" StructureKind="java" NumEvents="17" CreationCount="154"/><InteractionEvent Delta="null" EndDate="2014-10-03 07:46:01.317 JST" Interest="1.0" Kind="selection" Navigation="null" OriginId="org.eclipse.jdt.ui.CompilationUnitEditor" StartDate="2014-10-03 07:46:01.317 JST" StructureHandle="=TA2/src&amp;lt;ta2.utils{CONS.java[CONS[RecActv^RECORDER_CHANNELS" StructureKind="java"/><InteractionEvent Delta="null" EndDate="2014-10-03 07:36:34.932 JST" Interest="1.0" Kind="selection" Navigation="null" OriginId="org.eclipse.jdt.ui.CompilationUnitEditor" StartDate="2014-10-03 07:36:34.932 JST" StructureHandle="=TA2/src&amp;lt;ta2.utils{Methods.java[Methods~conf_DirExists~QActivity;~QString;" StructureKind="java"/><InteractionEvent Delta="null" EndDate="2014-10-03 07:36:34.936 JST" Interest="1.0" Kind="edit" Navigation="null" OriginId="org.eclipse.jdt.ui.CompilationUnitEditor" StartDate="2014-10-03 07:36:34.936 JST" StructureHandle="=TA2/src&amp;lt;ta2.utils{Methods.java[Methods~conf_DirExists~QActivity;~QString;" StructureKind="java"/><InteractionEvent Delta="null" EndDate="2014-10-03 07:59:35.737 JST" Interest="6.0" Kind="selection" Navigation="null" OriginId="org.eclipse.jdt.ui.CompilationUnitEditor" StartDate="2014-10-03 07:43:09.611 JST" StructureHandle="=TA2/src&amp;lt;ta2.utils{CONS.java[CONS[RecActv^AUDIO_RECORDER_FOLDER" StructureKind="java" NumEvents="6" CreationCount="224"/><InteractionEvent Delta="null" EndDate="2014-10-03 07:57:53.112 JST" Interest="10.0" Kind="edit" Navigation="null" OriginId="org.eclipse.jdt.ui.CompilationUnitEditor" StartDate="2014-10-03 07:43:36.96 JST" StructureHandle="=TA2/src&amp;lt;ta2.utils{CONS.java[CONS[RecActv^AUDIO_RECORDER_FOLDER" StructureKind="java" NumEvents="10" CreationCount="224"/><InteractionEvent Delta="null" EndDate="2014-10-03 10:04:30.977 JST" Interest="5.0" Kind="selection" Navigation="null" OriginId="org.eclipse.jdt.ui.CompilationUnitEditor" StartDate="2014-10-03 09:51:13.372 JST" StructureHandle="=TA2/src&amp;lt;ta2.listeners.button{BO_CL.java" StructureKind="java" NumEvents="5" CreationCount="2399"/><InteractionEvent Delta="null" EndDate="2014-10-03 09:58:44.98 JST" Interest="2.451" Kind="propagation" Navigation="org.eclipse.mylyn.core.model.edges.containment" OriginId="org.eclipse.mylyn.core.model.interest.propagation" StartDate="2014-10-03 09:51:14.204 JST" StructureHandle="=TA2/src&amp;lt;ta2.listeners.button{BO_CL.java" StructureKind="java" NumEvents="6" CreationCount="2399"/><InteractionEvent Delta="null" EndDate="2014-10-03 10:04:30.732 JST" Interest="139.0" Kind="propagation" Navigation="null" OriginId="org.eclipse.jdt.ui.CompilationUnitEditor" StartDate="2014-10-03 09:40:03.438 JST" StructureHandle="/TA2/src/ta2/listeners/button/BO_TL.java" StructureKind="resource" NumEvents="139" CreationCount="2258"/><InteractionEvent Delta="null" EndDate="2014-10-03 10:09:34.879 JST" Interest="2682.034" Kind="propagation" Navigation="null" OriginId="org.eclipse.jdt.ui.CompilationUnitEditor" StartDate="2014-10-03 07:33:16.299 JST" StructureHandle="/TA2/src" StructureKind="resource" NumEvents="2685" CreationCount="1"/><InteractionEvent Delta="null" EndDate="2014-10-03 09:33:37.57 JST" Interest="1.0" Kind="propagation" Navigation="null" OriginId="org.eclipse.mylyn.resources.ui.interest.updater" StartDate="2014-10-03 09:33:37.57 JST" StructureHandle="/TA2/bin/res/crunch/drawable/actv_rec_stop_not_in_use.png" StructureKind="resource"/><InteractionEvent Delta="null" EndDate="2014-10-03 10:09:34.879 JST" Interest="2682.034" Kind="propagation" Navigation="org.eclipse.mylyn.core.model.edges.containment" OriginId="org.eclipse.mylyn.core.model.interest.propagation" StartDate="2014-10-03 07:33:16.300 JST" StructureHandle="=TA2" StructureKind="resource" NumEvents="2685" CreationCount="1"/><InteractionEvent Delta="null" EndDate="2014-10-03 09:32:13.472 JST" Interest="2.187" Kind="propagation" Navigation="org.eclipse.mylyn.core.model.edges.containment" OriginId="org.eclipse.mylyn.core.model.interest.propagation" StartDate="2014-10-03 09:27:30.646 JST" StructureHandle="/TA2/res/drawable" StructureKind="resource" NumEvents="3" CreationCount="2111"/><InteractionEvent Delta="null" EndDate="2014-10-03 07:45:36.510 JST" Interest="1.0" Kind="selection" Navigation="null" OriginId="org.eclipse.jdt.ui.CompilationUnitEditor" StartDate="2014-10-03 07:45:36.510 JST" StructureHandle="=TA2/src&amp;lt;ta2.utils{Recorder.java[Recorder~Recorder" StructureKind="java"/><InteractionEvent Delta="null" EndDate="2014-10-03 09:31:55.688 JST" Interest="25.0" Kind="selection" Navigation="null" OriginId="org.eclipse.jdt.ui.CompilationUnitEditor" StartDate="2014-10-03 07:38:34.974 JST" StructureHandle="=TA2/src&amp;lt;ta2.utils{Recorder.java[Recorder~copyWaveFile~QString;~QString;" StructureKind="java" NumEvents="25" CreationCount="161"/><InteractionEvent Delta="null" EndDate="2014-10-03 09:32:02.872 JST" Interest="319.0" Kind="edit" Navigation="null" OriginId="org.eclipse.jdt.ui.CompilationUnitEditor" StartDate="2014-10-03 07:54:27.539 JST" StructureHandle="=TA2/src&amp;lt;ta2.utils{Recorder.java[Recorder~copyWaveFile~QString;~QString;" StructureKind="java" NumEvents="319" CreationCount="161"/><InteractionEvent Delta="null" EndDate="2014-10-03 07:54:27.534 JST" Interest="1.7770004" Kind="manipulation" Navigation="null" OriginId="org.eclipse.mylyn.core.model.interest.decay.correction" StartDate="2014-10-03 07:54:27.534 JST" StructureHandle="=TA2/src&amp;lt;ta2.utils{Recorder.java[Recorder~copyWaveFile~QString;~QString;" StructureKind="java"/><InteractionEvent Delta="null" EndDate="2014-10-03 10:04:42.654 JST" Interest="47.216" Kind="propagation" Navigation="org.eclipse.mylyn.core.model.edges.containment" OriginId="org.eclipse.mylyn.core.model.interest.propagation" StartDate="2014-10-03 07:42:29.812 JST" StructureHandle="=TA2/src&amp;lt;ta2.utils{CONS.java[CONS" StructureKind="java" NumEvents="63" CreationCount="205"/><InteractionEvent Delta="null" EndDate="2014-10-03 08:31:14.275 JST" Interest="2.0" Kind="selection" Navigation="null" OriginId="org.eclipse.jdt.ui.CompilationUnitEditor" StartDate="2014-10-03 07:56:49.734 JST" StructureHandle="=TA2/src&amp;lt;ta2.utils{CONS.java[CONS[RecActv^AUDIO_RECORDER_FILE_EXT_WAV" StructureKind="java" NumEvents="2" CreationCount="518"/><InteractionEvent Delta="null" EndDate="2014-10-03 08:31:14.305 JST" Interest="2.0" Kind="edit" Navigation="null" OriginId="org.eclipse.jdt.ui.CompilationUnitEditor" StartDate="2014-10-03 08:31:14.292 JST" StructureHandle="=TA2/src&amp;lt;ta2.utils{CONS.java[CONS[RecActv^AUDIO_RECORDER_FILE_EXT_WAV" StructureKind="java" NumEvents="2" CreationCount="518"/><InteractionEvent Delta="null" EndDate="2014-10-03 08:31:14.275 JST" Interest="15.048" Kind="manipulation" Navigation="null" OriginId="org.eclipse.mylyn.core.model.interest.decay.correction" StartDate="2014-10-03 08:31:14.275 JST" StructureHandle="=TA2/src&amp;lt;ta2.utils{CONS.java[CONS[RecActv^AUDIO_RECORDER_FILE_EXT_WAV" StructureKind="java"/><InteractionEvent Delta="null" EndDate="2014-10-03 10:04:31.440 JST" Interest="12.0" Kind="selection" Navigation="null" OriginId="org.eclipse.jdt.ui.CompilationUnitEditor" StartDate="2014-10-03 09:36:51.61 JST" StructureHandle="=TA2/src&amp;lt;ta2.main{RecActv.java" StructureKind="java" NumEvents="12" CreationCount="2172"/><InteractionEvent Delta="null" EndDate="2014-10-03 10:04:37.277 JST" Interest="68.534004" Kind="propagation" Navigation="org.eclipse.mylyn.core.model.edges.containment" OriginId="org.eclipse.mylyn.core.model.interest.propagation" StartDate="2014-10-03 09:36:53.389 JST" StructureHandle="=TA2/src&amp;lt;ta2.main{RecActv.java" StructureKind="java" NumEvents="102" CreationCount="2172"/><InteractionEvent Delta="null" EndDate="2014-10-03 09:27:23.611 JST" Interest="2.0" Kind="selection" Navigation="null" OriginId="org.eclipse.jdt.ui.PackageExplorer" StartDate="2014-10-03 09:27:20.506 JST" StructureHandle="/TA2/assets/image_list.txt" StructureKind="resource" NumEvents="2" CreationCount="2107"/><InteractionEvent Delta="null" EndDate="2014-10-03 09:31:53.916 JST" Interest="23.0" Kind="edit" Navigation="null" OriginId="org.eclipse.ui.DefaultTextEditor" StartDate="2014-10-03 09:27:20.551 JST" StructureHandle="/TA2/assets/image_list.txt" StructureKind="resource" NumEvents="23" CreationCount="2107"/><InteractionEvent Delta="null" EndDate="2014-10-03 10:07:14.558 JST" Interest="14.0" Kind="prediction" Navigation="null" OriginId="org.eclipse.mylyn.resources.ui.interest.updater" StartDate="2014-10-03 07:34:33.577 JST" StructureHandle="/TA2/bin/classes.dex" StructureKind="resource" NumEvents="14" CreationCount="47"/><InteractionEvent Delta="null" EndDate="2014-10-03 09:33:37.57 JST" Interest="1.0" Kind="propagation" Navigation="null" OriginId="org.eclipse.mylyn.resources.ui.interest.updater" StartDate="2014-10-03 09:33:37.57 JST" StructureHandle="/TA2/bin/res/crunch/drawable/actv_rec_stop.png" StructureKind="resource"/><InteractionEvent Delta="null" EndDate="2014-10-03 09:59:22.964 JST" Interest="6.0" Kind="selection" Navigation="null" OriginId="org.eclipse.jdt.ui.CompilationUnitEditor" StartDate="2014-10-03 09:40:06.618 JST" StructureHandle="=TA2/src&amp;lt;ta2.listeners.button{BO_TL.java[BO_TL~onTouch~QView;~QMotionEvent;" StructureKind="java" NumEvents="6" CreationCount="2260"/><InteractionEvent Delta="null" EndDate="2014-10-03 10:00:04.998 JST" Interest="123.0" Kind="edit" Navigation="null" OriginId="org.eclipse.jdt.ui.CompilationUnitEditor" StartDate="2014-10-03 09:40:11.376 JST" StructureHandle="=TA2/src&amp;lt;ta2.listeners.button{BO_TL.java[BO_TL~onTouch~QView;~QMotionEvent;" StructureKind="java" NumEvents="123" CreationCount="2260"/><InteractionEvent Delta="null" EndDate="2014-10-03 07:45:19.229 JST" Interest="2.0" Kind="selection" Navigation="null" OriginId="org.eclipse.jdt.ui.CompilationUnitEditor" StartDate="2014-10-03 07:44:54.963 JST" StructureHandle="=TA2/src&amp;lt;ta2.utils{CONS.java[CONS[Enums[ListType" StructureKind="java" NumEvents="2" CreationCount="282"/><InteractionEvent Delta="null" EndDate="2014-10-03 09:50:55.518 JST" Interest="6.68" Kind="propagation" Navigation="org.eclipse.mylyn.core.model.edges.containment" OriginId="org.eclipse.mylyn.core.model.interest.propagation" StartDate="2014-10-03 09:27:30.646 JST" StructureHandle="/TA2/res" StructureKind="resource" NumEvents="8" CreationCount="2111"/><InteractionEvent Delta="null" EndDate="2014-10-03 07:44:09.689 JST" Interest="2.0" Kind="selection" Navigation="null" OriginId="org.eclipse.jdt.ui.CompilationUnitEditor" StartDate="2014-10-03 07:44:06.13 JST" StructureHandle="=TA2/src&amp;lt;ta2.utils{Recorder.java[Recorder^AUDIO_RECORDER_TEMP_FILE" StructureKind="java" NumEvents="2" CreationCount="258"/><InteractionEvent Delta="null" EndDate="2014-10-03 07:44:06.975 JST" Interest="1.0" Kind="edit" Navigation="null" OriginId="org.eclipse.jdt.ui.CompilationUnitEditor" StartDate="2014-10-03 07:44:06.975 JST" StructureHandle="=TA2/src&amp;lt;ta2.utils{Recorder.java[Recorder^AUDIO_RECORDER_TEMP_FILE" StructureKind="java"/><InteractionEvent Delta="null" EndDate="2014-10-03 07:42:36.422 JST" Interest="2.0" Kind="selection" Navigation="null" OriginId="org.eclipse.jdt.ui.CompilationUnitEditor" StartDate="2014-10-03 07:42:33.728 JST" StructureHandle="=TA2/src&amp;lt;ta2.utils{CONS.java[CONS[Intent^REQUEST_CODE_SEE_BOOKMARKS" StructureKind="java" NumEvents="2" CreationCount="207"/><InteractionEvent Delta="null" EndDate="2014-10-03 09:50:55.518 JST" Interest="6.0" Kind="selection" Navigation="null" OriginId="com.android.ide.eclipse.editors.CommonXmlEditor" StartDate="2014-10-03 09:32:49.588 JST" StructureHandle="/TA2/res/layout/actv_rec.xml" StructureKind="resource" NumEvents="6" CreationCount="2151"/><InteractionEvent Delta="null" EndDate="2014-10-03 10:04:42.378 JST" Interest="18.0" Kind="selection" Navigation="null" OriginId="org.eclipse.jdt.ui.CompilationUnitEditor" StartDate="2014-10-03 07:42:28.408 JST" StructureHandle="=TA2/src&amp;lt;ta2.utils{CONS.java" StructureKind="java" NumEvents="18" CreationCount="204"/><InteractionEvent Delta="null" EndDate="2014-10-03 09:34:17.46 JST" Interest="30.233002" Kind="propagation" Navigation="org.eclipse.mylyn.core.model.edges.containment" OriginId="org.eclipse.mylyn.core.model.interest.propagation" StartDate="2014-10-03 07:42:29.812 JST" StructureHandle="=TA2/src&amp;lt;ta2.utils{CONS.java" StructureKind="java" NumEvents="47" CreationCount="204"/><InteractionEvent Delta="null" EndDate="2014-10-03 07:43:18.872 JST" Interest="1.0" Kind="selection" Navigation="null" OriginId="org.eclipse.ui.views.ContentOutline" StartDate="2014-10-03 07:43:18.872 JST" StructureHandle="=TA2/src&amp;lt;ta2.utils{CONS.java[CONS[DB" StructureKind="java"/><InteractionEvent Delta="null" EndDate="2014-10-03 07:43:27.999 JST" Interest="3.1339998" Kind="propagation" Navigation="org.eclipse.mylyn.core.model.edges.containment" OriginId="org.eclipse.mylyn.core.model.interest.propagation" StartDate="2014-10-03 07:43:21.534 JST" StructureHandle="=TA2/src&amp;lt;ta2.utils{CONS.java[CONS[DB" StructureKind="java" NumEvents="7" CreationCount="228"/><InteractionEvent Delta="null" EndDate="2014-10-03 08:37:39.589 JST" Interest="22.0" Kind="selection" Navigation="null" OriginId="org.eclipse.jdt.ui.CompilationUnitEditor" StartDate="2014-10-03 07:38:17.44 JST" StructureHandle="=TA2/src&amp;lt;ta2.utils{Recorder.java[Recorder~startRecording" StructureKind="java" NumEvents="22" CreationCount="154"/><InteractionEvent Delta="null" EndDate="2014-10-03 07:46:46.259 JST" Interest="1.1220002" Kind="propagation" Navigation="org.eclipse.mylyn.core.model.edges.containment" OriginId="org.eclipse.mylyn.core.model.interest.propagation" StartDate="2014-10-03 07:38:18.736 JST" StructureHandle="=TA2/src&amp;lt;ta2.utils{Recorder.java[Recorder~startRecording" StructureKind="java" NumEvents="3" CreationCount="154"/><InteractionEvent Delta="null" EndDate="2014-10-03 08:37:35.592 JST" Interest="214.0" Kind="edit" Navigation="null" OriginId="org.eclipse.jdt.ui.CompilationUnitEditor" StartDate="2014-10-03 07:38:20.651 JST" StructureHandle="=TA2/src&amp;lt;ta2.utils{Recorder.java[Recorder~startRecording" StructureKind="java" NumEvents="214" CreationCount="154"/><InteractionEvent Delta="null" EndDate="2014-10-03 07:53:44.659 JST" Interest="0.615" Kind="manipulation" Navigation="null" OriginId="org.eclipse.mylyn.core.model.interest.decay.correction" StartDate="2014-10-03 07:53:44.659 JST" StructureHandle="=TA2/src&amp;lt;ta2.utils{Recorder.java[Recorder~startRecording" StructureKind="java"/><InteractionEvent Delta="null" EndDate="2014-10-03 10:04:39.886 JST" Interest="1723.0" Kind="propagation" Navigation="null" OriginId="org.eclipse.jdt.ui.CompilationUnitEditor" StartDate="2014-10-03 07:33:16.299 JST" StructureHandle="/TA2/src/ta2/utils/Recorder.java" StructureKind="resource" NumEvents="1723" CreationCount="1"/><InteractionEvent Delta="null" EndDate="2014-10-03 07:38:16.179 JST" Interest="1.5670002" Kind="manipulation" Navigation="null" OriginId="org.eclipse.mylyn.core.model.interest.decay.correction" StartDate="2014-10-03 07:38:16.179 JST" StructureHandle="/TA2/src/ta2/utils/Recorder.java" StructureKind="resource"/><InteractionEvent Delta="null" EndDate="2014-10-03 10:00:26.712 JST" Interest="1.0" Kind="selection" Navigation="null" OriginId="org.eclipse.ui.views.ContentOutline" StartDate="2014-10-03 10:00:26.712 JST" StructureHandle="=TA2/src&amp;lt;ta2.utils{Methods.java[Methods~conv_MillSec_to_AudioFileLabel~J" StructureKind="java"/><InteractionEvent Delta="null" EndDate="2014-10-03 07:44:21.17 JST" Interest="1.0" Kind="selection" Navigation="null" OriginId="org.eclipse.jdt.ui.CompilationUnitEditor" StartDate="2014-10-03 07:44:21.17 JST" StructureHandle="=TA2/src&amp;lt;ta2.utils{Recorder.java[Recorder^RECORDER_SAMPLERATE" StructureKind="java"/><InteractionEvent Delta="null" EndDate="2014-10-03 10:04:31.229 JST" Interest="14.0" Kind="propagation" Navigation="null" OriginId="org.eclipse.jdt.ui.CompilationUnitEditor" StartDate="2014-10-03 09:51:13.373 JST" StructureHandle="/TA2/src/ta2/listeners/button/BO_CL.java" StructureKind="resource" NumEvents="14" CreationCount="2399"/><InteractionEvent Delta="null" EndDate="2014-10-03 07:33:35.739 JST" Interest="3.0" Kind="selection" Navigation="null" OriginId="org.eclipse.jdt.ui.CompilationUnitEditor" StartDate="2014-10-03 07:33:32.416 JST" StructureHandle="=TA2/src&amp;lt;ta2.utils{Methods.java[Methods~delete_Memo~QActivity;~QDialog;~QDialog;~QMemo;" StructureKind="java" NumEvents="3" CreationCount="5"/><InteractionEvent Delta="null" EndDate="2014-10-03 07:44:04.327 JST" Interest="3.0" Kind="selection" Navigation="null" OriginId="org.eclipse.jdt.ui.CompilationUnitEditor" StartDate="2014-10-03 07:42:59.108 JST" StructureHandle="=TA2/src&amp;lt;ta2.utils{Recorder.java[Recorder^AUDIO_RECORDER_FOLDER" StructureKind="java" NumEvents="3" CreationCount="220"/><InteractionEvent Delta="null" EndDate="2014-10-03 07:43:06.617 JST" Interest="1.0" Kind="edit" Navigation="null" OriginId="org.eclipse.jdt.ui.CompilationUnitEditor" StartDate="2014-10-03 07:43:06.617 JST" StructureHandle="=TA2/src&amp;lt;ta2.utils{Recorder.java[Recorder^AUDIO_RECORDER_FOLDER" StructureKind="java"/><InteractionEvent Delta="null" EndDate="2014-10-03 10:04:39.555 JST" Interest="377.03702" Kind="propagation" Navigation="org.eclipse.mylyn.core.model.edges.containment" OriginId="org.eclipse.mylyn.core.model.interest.propagation" StartDate="2014-10-03 07:33:16.301 JST" StructureHandle="=TA2/src" StructureKind="java" NumEvents="555" CreationCount="1"/><InteractionEvent Delta="null" EndDate="2014-10-03 10:06:12.191 JST" Interest="16.0" Kind="selection" Navigation="null" OriginId="org.eclipse.jdt.ui.CompilationUnitEditor" StartDate="2014-10-03 07:36:31.455 JST" StructureHandle="=TA2/src&amp;lt;ta2.utils{Methods.java[Methods" StructureKind="java" NumEvents="16" CreationCount="5"/><InteractionEvent Delta="null" EndDate="2014-10-03 10:09:34.878 JST" Interest="129.31699" Kind="propagation" Navigation="org.eclipse.mylyn.core.model.edges.containment" OriginId="org.eclipse.mylyn.core.model.interest.propagation" StartDate="2014-10-03 07:33:32.417 JST" StructureHandle="=TA2/src&amp;lt;ta2.utils{Methods.java[Methods" StructureKind="java" NumEvents="179" CreationCount="5"/><InteractionEvent Delta="null" EndDate="2014-10-03 10:06:01.185 JST" Interest="23.0" Kind="edit" Navigation="null" OriginId="org.eclipse.jdt.ui.CompilationUnitEditor" StartDate="2014-10-03 07:36:31.460 JST" StructureHandle="=TA2/src&amp;lt;ta2.utils{Methods.java[Methods" StructureKind="java" NumEvents="23" CreationCount="5"/><InteractionEvent Delta="null" EndDate="2014-10-03 07:45:58.243 JST" Interest="4.0" Kind="selection" Navigation="null" OriginId="org.eclipse.jdt.ui.CompilationUnitEditor" StartDate="2014-10-03 07:42:39.555 JST" StructureHandle="=TA2/src&amp;lt;ta2.utils{CONS.java[CONS[RecActv^rc" StructureKind="java" NumEvents="4" CreationCount="213"/><InteractionEvent Delta="null" EndDate="2014-10-03 07:45:19.837 JST" Interest="0.20700002" Kind="manipulation" Navigation="null" OriginId="org.eclipse.mylyn.core.model.interest.decay.correction" StartDate="2014-10-03 07:45:19.837 JST" StructureHandle="=TA2/src&amp;lt;ta2.utils{CONS.java[CONS[RecActv^rc" StructureKind="java"/><InteractionEvent Delta="null" EndDate="2014-10-03 10:06:50.79 JST" Interest="41.0" Kind="selection" Navigation="null" OriginId="org.eclipse.jdt.ui.CompilationUnitEditor" StartDate="2014-10-03 07:33:35.534 JST" StructureHandle="=TA2/src&amp;lt;ta2.utils{Methods.java[Methods~recActv_Rec_2~QActivity;" StructureKind="java" NumEvents="41" CreationCount="6"/><InteractionEvent Delta="null" EndDate="2014-10-03 10:09:34.877 JST" Interest="172.0" Kind="edit" Navigation="null" OriginId="org.eclipse.jdt.ui.CompilationUnitEditor" StartDate="2014-10-03 07:33:36.337 JST" StructureHandle="=TA2/src&amp;lt;ta2.utils{Methods.java[Methods~recActv_Rec_2~QActivity;" StructureKind="java" NumEvents="172" CreationCount="6"/></InteractionHistory>