<?xml version="1.0" encoding="UTF-8"?><InteractionHistory Id="local-99" Version="1"><InteractionEvent Delta="null" EndDate="2014-09-24 14:02:47.576 JST" Interest="18.468" Kind="propagation" Navigation="org.eclipse.mylyn.core.model.edges.containment" OriginId="org.eclipse.mylyn.core.model.interest.propagation" StartDate="2014-09-24 12:53:09.81 JST" StructureHandle="" StructureKind="java" NumEvents="13" CreationCount="1"/><InteractionEvent Delta="null" EndDate="2014-09-24 15:34:53.860 JST" Interest="988.051" Kind="propagation" Navigation="org.eclipse.mylyn.core.model.edges.containment" OriginId="org.eclipse.mylyn.core.model.interest.propagation" StartDate="2014-09-24 12:53:12.388 JST" StructureHandle="=SL3" StructureKind="resource" NumEvents="991" CreationCount="2"/><InteractionEvent Delta="null" EndDate="2014-09-24 15:28:25.977 JST" Interest="2.0" Kind="selection" Navigation="null" OriginId="org.eclipse.jdt.ui.PackageExplorer" StartDate="2014-09-24 13:53:51.66 JST" StructureHandle="=SL3" StructureKind="java" NumEvents="2" CreationCount="2"/><InteractionEvent Delta="null" EndDate="2014-09-24 15:34:53.859 JST" Interest="199.875" Kind="propagation" Navigation="org.eclipse.mylyn.core.model.edges.containment" OriginId="org.eclipse.mylyn.core.model.interest.propagation" StartDate="2014-09-24 12:53:14.947 JST" StructureHandle="=SL3/src" StructureKind="java" NumEvents="305" CreationCount="2"/><InteractionEvent Delta="null" EndDate="2014-09-24 12:53:12.388 JST" Interest="1.0" Kind="selection" Navigation="null" OriginId="org.eclipse.jdt.ui.PackageExplorer" StartDate="2014-09-24 12:53:12.388 JST" StructureHandle="=SL3/src" StructureKind="java"/><InteractionEvent Delta="null" EndDate="2014-09-24 15:22:41.582 JST" Interest="123.0" Kind="edit" Navigation="null" OriginId="org.eclipse.jdt.ui.CompilationUnitEditor" StartDate="2014-09-24 13:26:45.715 JST" StructureHandle="=SL3/src&amp;lt;sl3.utils{DBUtils.java[DBUtils~_update_SIs_All__CV~QSI;" StructureKind="java" NumEvents="123" CreationCount="369"/><InteractionEvent Delta="null" EndDate="2014-09-24 15:23:12.348 JST" Interest="8.0" Kind="selection" Navigation="null" OriginId="org.eclipse.jdt.ui.CompilationUnitEditor" StartDate="2014-09-24 13:26:45.710 JST" StructureHandle="=SL3/src&amp;lt;sl3.utils{DBUtils.java[DBUtils~_update_SIs_All__CV~QSI;" StructureKind="java" NumEvents="8" CreationCount="369"/><InteractionEvent Delta="null" EndDate="2014-09-24 13:06:34.166 JST" Interest="3.0" Kind="propagation" Navigation="null" OriginId="org.eclipse.mylyn.resources.ui.interest.updater" StartDate="2014-09-24 13:04:14.745 JST" StructureHandle="/SL3/src/sl3/utils/Tags.java" StructureKind="resource" NumEvents="3" CreationCount="82"/><InteractionEvent Delta="null" EndDate="2014-09-24 14:08:23.968 JST" Interest="2.0" Kind="propagation" Navigation="org.eclipse.mylyn.core.model.edges.containment" OriginId="org.eclipse.mylyn.core.model.interest.propagation" StartDate="2014-09-24 14:08:23.967 JST" StructureHandle="=SL3/gen" StructureKind="java" NumEvents="2" CreationCount="913"/><InteractionEvent Delta="null" EndDate="2014-09-24 15:23:11.911 JST" Interest="24.468" Kind="propagation" Navigation="org.eclipse.mylyn.core.model.edges.containment" OriginId="org.eclipse.mylyn.core.model.interest.propagation" StartDate="2014-09-24 13:15:09.311 JST" StructureHandle="=SL3/src&amp;lt;sl.main{TabActv.java[TabActv" StructureKind="java" NumEvents="32" CreationCount="212"/><InteractionEvent Delta="null" EndDate="2014-09-24 13:01:49.224 JST" Interest="1.0" Kind="selection" Navigation="null" OriginId="org.eclipse.jdt.ui.CompilationUnitEditor" StartDate="2014-09-24 13:01:49.224 JST" StructureHandle="=SL3/src&amp;lt;sl3.listeners.list{ListViewCL.java[ListViewCL^si" StructureKind="java"/><InteractionEvent Delta="null" EndDate="2014-09-24 13:08:20.378 JST" Interest="4.0" Kind="edit" Navigation="null" OriginId="org.eclipse.jdt.ui.CompilationUnitEditor" StartDate="2014-09-24 13:08:12.799 JST" StructureHandle="=SL3/src&amp;lt;sl3.utils{DBUtils.java[DBUtils~find_ALL_Stores_from_Previous~QActivity;" StructureKind="java" NumEvents="4" CreationCount="179"/><InteractionEvent Delta="null" EndDate="2014-09-24 13:25:31.774 JST" Interest="10.0" Kind="selection" Navigation="null" OriginId="org.eclipse.jdt.ui.CompilationUnitEditor" StartDate="2014-09-24 13:08:12.250 JST" StructureHandle="=SL3/src&amp;lt;sl3.utils{DBUtils.java[DBUtils~find_ALL_Stores_from_Previous~QActivity;" StructureKind="java" NumEvents="10" CreationCount="179"/><InteractionEvent Delta="null" EndDate="2014-09-24 14:08:23.965 JST" Interest="1.0" Kind="propagation" Navigation="null" OriginId="org.eclipse.mylyn.resources.ui.interest.updater" StartDate="2014-09-24 14:08:23.965 JST" StructureHandle="=SL3/gen&amp;lt;sl3.main{BuildConfig.java" StructureKind="java"/><InteractionEvent Delta="null" EndDate="2014-09-24 15:13:36.141 JST" Interest="5.0210004" Kind="manipulation" Navigation="null" OriginId="org.eclipse.mylyn.core.model.interest.decay.correction" StartDate="2014-09-24 13:32:23.30 JST" StructureHandle="=SL3/src&amp;lt;sl3.utils{DBUtils.java[DBUtils~search_Items~QActivity;~QString;~QString;" StructureKind="java" NumEvents="2" CreationCount="515"/><InteractionEvent Delta="null" EndDate="2014-09-24 15:13:36.141 JST" Interest="3.0" Kind="selection" Navigation="null" OriginId="org.eclipse.jdt.ui.CompilationUnitEditor" StartDate="2014-09-24 13:29:36.319 JST" StructureHandle="=SL3/src&amp;lt;sl3.utils{DBUtils.java[DBUtils~search_Items~QActivity;~QString;~QString;" StructureKind="java" NumEvents="3" CreationCount="515"/><InteractionEvent Delta="null" EndDate="2014-09-24 14:08:37.258 JST" Interest="1.0" Kind="propagation" Navigation="org.eclipse.mylyn.core.model.edges.containment" OriginId="org.eclipse.mylyn.core.model.interest.propagation" StartDate="2014-09-24 14:08:37.258 JST" StructureHandle="/SL3/bin/dexedLibs" StructureKind="resource"/><InteractionEvent Delta="null" EndDate="2014-09-24 15:22:44.249 JST" Interest="69.0" Kind="propagation" Navigation="null" OriginId="org.eclipse.jdt.ui.CompilationUnitEditor" StartDate="2014-09-24 13:03:42.232 JST" StructureHandle="/SL3/src/sl3/listeners/dialog/DOI_CL.java" StructureKind="resource" NumEvents="69" CreationCount="62"/><InteractionEvent Delta="null" EndDate="2014-09-24 15:34:53.859 JST" Interest="199.855" Kind="propagation" Navigation="org.eclipse.mylyn.core.model.edges.containment" OriginId="org.eclipse.mylyn.core.model.interest.propagation" StartDate="2014-09-24 13:03:42.244 JST" StructureHandle="=SL3/src&amp;lt;sl3.listeners.dialog" StructureKind="java" NumEvents="280" CreationCount="62"/><InteractionEvent Delta="null" EndDate="2014-09-24 13:06:42.386 JST" Interest="1.0" Kind="selection" Navigation="null" OriginId="org.eclipse.jdt.ui.CompilationUnitEditor" StartDate="2014-09-24 13:06:42.386 JST" StructureHandle="=SL3/src&amp;lt;sl3.utils{Methods_dlg.java[Methods_dlg~case_tab_itemList__setItemNameAndYomi~QSI;~QDialog;" StructureKind="java"/><InteractionEvent Delta="null" EndDate="2014-09-24 13:05:06.17 JST" Interest="24.0" Kind="edit" Navigation="null" OriginId="org.eclipse.jdt.ui.CompilationUnitEditor" StartDate="2014-09-24 13:01:56.724 JST" StructureHandle="=SL3/src&amp;lt;sl3.listeners.list{ListViewCL.java[ListViewCL~onItemClick~QAdapterView\&amp;lt;*&amp;gt;;~QView;~I~J" StructureKind="java" NumEvents="24" CreationCount="14"/><InteractionEvent Delta="null" EndDate="2014-09-24 13:05:04.272 JST" Interest="5.0" Kind="selection" Navigation="null" OriginId="org.eclipse.jdt.ui.CompilationUnitEditor" StartDate="2014-09-24 13:01:53.24 JST" StructureHandle="=SL3/src&amp;lt;sl3.listeners.list{ListViewCL.java[ListViewCL~onItemClick~QAdapterView\&amp;lt;*&amp;gt;;~QView;~I~J" StructureKind="java" NumEvents="5" CreationCount="14"/><InteractionEvent Delta="null" EndDate="2014-09-24 15:13:05.539 JST" Interest="33.014" Kind="propagation" Navigation="org.eclipse.mylyn.core.model.edges.containment" OriginId="org.eclipse.mylyn.core.model.interest.propagation" StartDate="2014-09-24 12:53:31.982 JST" StructureHandle="=SL3/src&amp;lt;sl3.utils{Methods_dlg.java[Methods_dlg" StructureKind="java" NumEvents="41" CreationCount="8"/><InteractionEvent Delta="null" EndDate="2014-09-24 13:53:49.621 JST" Interest="10.866" Kind="manipulation" Navigation="null" OriginId="org.eclipse.mylyn.core.model.interest.decay.correction" StartDate="2014-09-24 13:53:49.621 JST" StructureHandle="=IFM11" StructureKind="java"/><InteractionEvent Delta="null" EndDate="2014-09-24 13:53:49.621 JST" Interest="2.0" Kind="selection" Navigation="null" OriginId="org.eclipse.ui.views.ResourceNavigator" StartDate="2014-09-24 12:53:09.81 JST" StructureHandle="=IFM11" StructureKind="java" NumEvents="2" CreationCount="1"/><InteractionEvent Delta="null" EndDate="2014-09-24 13:18:54.919 JST" Interest="0.8700001" Kind="manipulation" Navigation="null" OriginId="org.eclipse.mylyn.core.model.interest.decay.correction" StartDate="2014-09-24 13:18:54.919 JST" StructureHandle="/SL3/src/sl3/listeners/dialog/DB_OCL.java" StructureKind="resource"/><InteractionEvent Delta="null" EndDate="2014-09-24 15:34:53.857 JST" Interest="310.0" Kind="propagation" Navigation="null" OriginId="org.eclipse.jdt.ui.CompilationUnitEditor" StartDate="2014-09-24 13:06:34.168 JST" StructureHandle="/SL3/src/sl3/listeners/dialog/DB_OCL.java" StructureKind="resource" NumEvents="310" CreationCount="160"/><InteractionEvent Delta="null" EndDate="2014-09-24 15:34:53.858 JST" Interest="989.06805" Kind="propagation" Navigation="org.eclipse.mylyn.core.model.edges.containment" OriginId="org.eclipse.mylyn.core.model.interest.propagation" StartDate="2014-09-24 12:53:09.81 JST" StructureHandle="/" StructureKind="resource" NumEvents="1006" CreationCount="1"/><InteractionEvent Delta="null" EndDate="2014-09-24 14:02:36.784 JST" Interest="37.4" Kind="propagation" Navigation="org.eclipse.mylyn.core.model.edges.containment" OriginId="org.eclipse.mylyn.core.model.interest.propagation" StartDate="2014-09-24 13:53:40.223 JST" StructureHandle="/SL3/res/values" StructureKind="resource" NumEvents="50" CreationCount="694"/><InteractionEvent Delta="null" EndDate="2014-09-24 14:08:23.968 JST" Interest="1.0" Kind="propagation" Navigation="null" OriginId="org.eclipse.mylyn.resources.ui.interest.updater" StartDate="2014-09-24 14:08:23.968 JST" StructureHandle="/SL3/gen/sl3/main/BuildConfig.java" StructureKind="resource"/><InteractionEvent Delta="null" EndDate="2014-09-24 14:08:23.969 JST" Interest="11.693001" Kind="propagation" Navigation="org.eclipse.mylyn.core.model.edges.containment" OriginId="org.eclipse.mylyn.core.model.interest.propagation" StartDate="2014-09-24 13:20:02.321 JST" StructureHandle="/SL3/bin" StructureKind="resource" NumEvents="2" CreationCount="284"/><InteractionEvent Delta="null" EndDate="2014-09-24 13:05:34.98 JST" Interest="1.0" Kind="selection" Navigation="null" OriginId="org.eclipse.jdt.ui.CompilationUnitEditor" StartDate="2014-09-24 13:05:34.98 JST" StructureHandle="=SL3/src&amp;lt;sl3.listeners.dialog{DOI_CL.java[DOI_CL^si" StructureKind="java"/><InteractionEvent Delta="null" EndDate="2014-09-24 15:13:05.538 JST" Interest="28.0" Kind="edit" Navigation="null" OriginId="org.eclipse.jdt.ui.CompilationUnitEditor" StartDate="2014-09-24 13:06:13.479 JST" StructureHandle="=SL3/src&amp;lt;sl3.utils{Methods_dlg.java[Methods_dlg~dlg_Tab1_Edit_Item~QActivity;~QSI;~QDialog;" StructureKind="java" NumEvents="28" CreationCount="150"/><InteractionEvent Delta="null" EndDate="2014-09-24 14:04:59.515 JST" Interest="11.0" Kind="selection" Navigation="null" OriginId="org.eclipse.jdt.ui.CompilationUnitEditor" StartDate="2014-09-24 13:06:12.679 JST" StructureHandle="=SL3/src&amp;lt;sl3.utils{Methods_dlg.java[Methods_dlg~dlg_Tab1_Edit_Item~QActivity;~QSI;~QDialog;" StructureKind="java" NumEvents="11" CreationCount="150"/><InteractionEvent Delta="null" EndDate="2014-09-24 14:08:23.970 JST" Interest="4.0" Kind="propagation" Navigation="null" OriginId="org.eclipse.mylyn.resources.ui.interest.updater" StartDate="2014-09-24 14:08:23.966 JST" StructureHandle="/SL3/gen/sl3" StructureKind="resource" NumEvents="4" CreationCount="913"/><InteractionEvent Delta="null" EndDate="2014-09-24 13:04:15.612 JST" Interest="1.0" Kind="propagation" Navigation="org.eclipse.mylyn.core.model.edges.containment" OriginId="org.eclipse.mylyn.core.model.interest.propagation" StartDate="2014-09-24 13:04:15.612 JST" StructureHandle="=SL3/src&amp;lt;sl3.utils{Tags.java[Tags" StructureKind="java"/><InteractionEvent Delta="null" EndDate="2014-09-24 13:16:02.223 JST" Interest="4.0" Kind="selection" Navigation="null" OriginId="org.eclipse.jdt.ui.CompilationUnitEditor" StartDate="2014-09-24 13:08:23.209 JST" StructureHandle="=SL3/src&amp;lt;sl3.utils{Methods_dlg.java[Methods_dlg~case_tab_itemList__setStoreName~QSI;~QDialog;~QActivity;" StructureKind="java" NumEvents="4" CreationCount="207"/><InteractionEvent Delta="null" EndDate="2014-09-24 15:23:11.746 JST" Interest="32.021" Kind="propagation" Navigation="org.eclipse.mylyn.core.model.edges.containment" OriginId="org.eclipse.mylyn.core.model.interest.propagation" StartDate="2014-09-24 13:15:03.401 JST" StructureHandle="=SL3/src&amp;lt;sl.main" StructureKind="java" NumEvents="41" CreationCount="3"/><InteractionEvent Delta="null" EndDate="2014-09-24 12:53:14.947 JST" Interest="1.0" Kind="selection" Navigation="null" OriginId="org.eclipse.jdt.ui.PackageExplorer" StartDate="2014-09-24 12:53:14.947 JST" StructureHandle="=SL3/src&amp;lt;sl.main" StructureKind="java"/><InteractionEvent Delta="null" EndDate="2014-09-24 13:15:06.700 JST" Interest="1.0" Kind="selection" Navigation="null" OriginId="org.eclipse.ui.views.ContentOutline" StartDate="2014-09-24 13:15:06.700 JST" StructureHandle="=SL3/src&amp;lt;sl.main{TabActv.java%sl.main" StructureKind="java"/><InteractionEvent Delta="null" EndDate="2014-09-24 15:32:20.650 JST" Interest="11.0" Kind="prediction" Navigation="null" OriginId="org.eclipse.mylyn.resources.ui.interest.updater" StartDate="2014-09-24 13:20:02.321 JST" StructureHandle="/SL3/bin/classes.dex" StructureKind="resource" NumEvents="11" CreationCount="284"/><InteractionEvent Delta="null" EndDate="2014-09-24 15:23:11.911 JST" Interest="54.518997" Kind="propagation" Navigation="org.eclipse.mylyn.core.model.edges.containment" OriginId="org.eclipse.mylyn.core.model.interest.propagation" StartDate="2014-09-24 12:53:14.947 JST" StructureHandle="/SL3/src/sl/main" StructureKind="resource" NumEvents="52" CreationCount="3"/><InteractionEvent Delta="null" EndDate="2014-09-24 13:18:49.204 JST" Interest="10.0" Kind="edit" Navigation="null" OriginId="org.eclipse.jdt.ui.CompilationUnitEditor" StartDate="2014-09-24 13:18:36.456 JST" StructureHandle="=SL3/src&amp;lt;sl3.listeners.dialog{DB_OTL.java[DB_OTL~onTouch~QView;~QMotionEvent;" StructureKind="java" NumEvents="10" CreationCount="256"/><InteractionEvent Delta="null" EndDate="2014-09-24 13:18:34.291 JST" Interest="1.0" Kind="selection" Navigation="null" OriginId="org.eclipse.jdt.ui.CompilationUnitEditor" StartDate="2014-09-24 13:18:34.291 JST" StructureHandle="=SL3/src&amp;lt;sl3.listeners.dialog{DB_OTL.java[DB_OTL~onTouch~QView;~QMotionEvent;" StructureKind="java"/><InteractionEvent Delta="null" EndDate="2014-09-24 13:18:49.205 JST" Interest="8.0" Kind="propagation" Navigation="org.eclipse.mylyn.core.model.edges.containment" OriginId="org.eclipse.mylyn.core.model.interest.propagation" StartDate="2014-09-24 13:18:34.291 JST" StructureHandle="=SL3/src&amp;lt;sl3.listeners.dialog{DB_OTL.java[DB_OTL" StructureKind="java" NumEvents="11" CreationCount="256"/><InteractionEvent Delta="null" EndDate="2014-09-24 14:08:23.965 JST" Interest="1.0" Kind="propagation" Navigation="null" OriginId="org.eclipse.mylyn.resources.ui.interest.updater" StartDate="2014-09-24 14:08:23.965 JST" StructureHandle="=SL3/gen&amp;lt;sl3.main{R.java" StructureKind="java"/><InteractionEvent Delta="null" EndDate="2014-09-24 13:04:15.611 JST" Interest="1.0" Kind="propagation" Navigation="org.eclipse.mylyn.core.model.edges.containment" OriginId="org.eclipse.mylyn.core.model.interest.propagation" StartDate="2014-09-24 13:04:15.611 JST" StructureHandle="=SL3/src&amp;lt;sl3.utils{Tags.java[Tags[DialogTags" StructureKind="java"/><InteractionEvent Delta="null" EndDate="2014-09-24 13:08:12.325 JST" Interest="3.0" Kind="selection" Navigation="null" OriginId="org.eclipse.jdt.ui.CompilationUnitEditor" StartDate="2014-09-24 13:08:10.812 JST" StructureHandle="=SL3/src&amp;lt;sl3.utils{DBUtils.java[DBUtils~find_ALL_SI_from_Previous~QActivity;" StructureKind="java" NumEvents="3" CreationCount="178"/><InteractionEvent Delta="null" EndDate="2014-09-24 15:28:28.938 JST" Interest="89.699005" Kind="propagation" Navigation="org.eclipse.mylyn.core.model.edges.containment" OriginId="org.eclipse.mylyn.core.model.interest.propagation" StartDate="2014-09-24 13:08:08.573 JST" StructureHandle="=SL3/src&amp;lt;sl3.utils{DBUtils.java[DBUtils" StructureKind="java" NumEvents="125" CreationCount="176"/><InteractionEvent Delta="null" EndDate="2014-09-24 13:29:04.601 JST" Interest="2.0" Kind="edit" Navigation="null" OriginId="org.eclipse.jdt.ui.CompilationUnitEditor" StartDate="2014-09-24 13:26:43.40 JST" StructureHandle="=SL3/src&amp;lt;sl3.utils{DBUtils.java[DBUtils" StructureKind="java" NumEvents="2" CreationCount="176"/><InteractionEvent Delta="null" EndDate="2014-09-24 15:15:04.900 JST" Interest="14.0" Kind="selection" Navigation="null" OriginId="org.eclipse.jdt.ui.CompilationUnitEditor" StartDate="2014-09-24 13:26:07.957 JST" StructureHandle="=SL3/src&amp;lt;sl3.utils{DBUtils.java[DBUtils" StructureKind="java" NumEvents="14" CreationCount="176"/><InteractionEvent Delta="null" EndDate="2014-09-24 13:05:12.818 JST" Interest="13.0" Kind="edit" Navigation="null" OriginId="org.eclipse.jdt.ui.CompilationUnitEditor" StartDate="2014-09-24 13:03:54.376 JST" StructureHandle="=SL3/src&amp;lt;sl3.listeners.dialog{DOI_CL.java[DOI_CL~onItemClick~QAdapterView\&amp;lt;*&amp;gt;;~QView;~I~J" StructureKind="java" NumEvents="13" CreationCount="71"/><InteractionEvent Delta="null" EndDate="2014-09-24 13:05:11.34 JST" Interest="4.0" Kind="selection" Navigation="null" OriginId="org.eclipse.jdt.ui.CompilationUnitEditor" StartDate="2014-09-24 13:03:50.812 JST" StructureHandle="=SL3/src&amp;lt;sl3.listeners.dialog{DOI_CL.java[DOI_CL~onItemClick~QAdapterView\&amp;lt;*&amp;gt;;~QView;~I~J" StructureKind="java" NumEvents="4" CreationCount="71"/><InteractionEvent Delta="null" EndDate="2014-09-24 14:08:23.966 JST" Interest="1.0" Kind="propagation" Navigation="null" OriginId="org.eclipse.mylyn.resources.ui.interest.updater" StartDate="2014-09-24 14:08:23.966 JST" StructureHandle="/SL3/bin/res" StructureKind="resource"/><InteractionEvent Delta="null" EndDate="2014-09-24 14:08:23.965 JST" Interest="1.0" Kind="propagation" Navigation="null" OriginId="org.eclipse.mylyn.resources.ui.interest.updater" StartDate="2014-09-24 14:08:23.965 JST" StructureHandle="/SL3/bin/AndroidManifest.xml" StructureKind="resource"/><InteractionEvent Delta="null" EndDate="2014-09-24 15:28:28.938 JST" Interest="90.11601" Kind="propagation" Navigation="org.eclipse.mylyn.core.model.edges.containment" OriginId="org.eclipse.mylyn.core.model.interest.propagation" StartDate="2014-09-24 13:08:08.574 JST" StructureHandle="=SL3/src&amp;lt;sl3.utils{DBUtils.java" StructureKind="java" NumEvents="133" CreationCount="175"/><InteractionEvent Delta="null" EndDate="2014-09-24 15:23:12.186 JST" Interest="15.0" Kind="selection" Navigation="null" OriginId="org.eclipse.jdt.ui.CompilationUnitEditor" StartDate="2014-09-24 13:08:07.821 JST" StructureHandle="=SL3/src&amp;lt;sl3.utils{DBUtils.java" StructureKind="java" NumEvents="15" CreationCount="175"/><InteractionEvent Delta="null" EndDate="2014-09-24 13:26:06.630 JST" Interest="5.0" Kind="edit" Navigation="null" OriginId="org.eclipse.jdt.ui.CompilationUnitEditor" StartDate="2014-09-24 13:25:54.972 JST" StructureHandle="=SL3/src&amp;lt;sl3.utils{DBUtils.java[DBUtils~update_SIs_Num~QActivity;~QList\&amp;lt;QSI;&amp;gt;;" StructureKind="java" NumEvents="5" CreationCount="335"/><InteractionEvent Delta="null" EndDate="2014-09-24 13:26:09.673 JST" Interest="2.0" Kind="selection" Navigation="null" OriginId="org.eclipse.jdt.ui.CompilationUnitEditor" StartDate="2014-09-24 13:25:51.613 JST" StructureHandle="=SL3/src&amp;lt;sl3.utils{DBUtils.java[DBUtils~update_SIs_Num~QActivity;~QList\&amp;lt;QSI;&amp;gt;;" StructureKind="java" NumEvents="2" CreationCount="335"/><InteractionEvent Delta="null" EndDate="2014-09-24 13:04:15.611 JST" Interest="1.0" Kind="selection" Navigation="null" OriginId="org.eclipse.jdt.ui.CompilationUnitEditor" StartDate="2014-09-24 13:04:15.611 JST" StructureHandle="=SL3/src&amp;lt;sl3.utils{Tags.java[Tags[DialogTags^TAB1_LONG_CLICK" StructureKind="java"/><InteractionEvent Delta="null" EndDate="2014-09-24 15:23:11.911 JST" Interest="51.0" Kind="propagation" Navigation="null" OriginId="org.eclipse.jdt.ui.CompilationUnitEditor" StartDate="2014-09-24 13:15:03.400 JST" StructureHandle="/SL3/src/sl/main/TabActv.java" StructureKind="resource" NumEvents="51" CreationCount="210"/><InteractionEvent Delta="null" EndDate="2014-09-24 13:05:33.443 JST" Interest="1.0" Kind="propagation" Navigation="org.eclipse.mylyn.core.model.edges.containment" OriginId="org.eclipse.mylyn.core.model.interest.propagation" StartDate="2014-09-24 13:05:33.443 JST" StructureHandle="=SL3/src&amp;lt;sl3.listeners.dialog{DOI_CL.java#" StructureKind="java"/><InteractionEvent Delta="null" EndDate="2014-09-24 15:23:11.911 JST" Interest="54.518993" Kind="propagation" Navigation="org.eclipse.mylyn.core.model.edges.containment" OriginId="org.eclipse.mylyn.core.model.interest.propagation" StartDate="2014-09-24 12:53:14.947 JST" StructureHandle="/SL3/src/sl" StructureKind="resource" NumEvents="52" CreationCount="3"/><InteractionEvent Delta="null" EndDate="2014-09-24 13:22:29.44 JST" Interest="22.0" Kind="edit" Navigation="null" OriginId="org.eclipse.jdt.ui.CompilationUnitEditor" StartDate="2014-09-24 13:15:23.635 JST" StructureHandle="=SL3/src&amp;lt;sl.main{TabActv.java[TabActv~_SetupTabs__first" StructureKind="java" NumEvents="22" CreationCount="216"/><InteractionEvent Delta="null" EndDate="2014-09-24 15:23:11.910 JST" Interest="9.0" Kind="selection" Navigation="null" OriginId="org.eclipse.jdt.ui.CompilationUnitEditor" StartDate="2014-09-24 13:15:22.527 JST" StructureHandle="=SL3/src&amp;lt;sl.main{TabActv.java[TabActv~_SetupTabs__first" StructureKind="java" NumEvents="9" CreationCount="216"/><InteractionEvent Delta="null" EndDate="2014-09-24 15:34:53.858 JST" Interest="392.867" Kind="propagation" Navigation="org.eclipse.mylyn.core.model.edges.containment" OriginId="org.eclipse.mylyn.core.model.interest.propagation" StartDate="2014-09-24 12:56:14.37 JST" StructureHandle="/SL3/src/sl3/listeners" StructureKind="resource" NumEvents="394" CreationCount="11"/><InteractionEvent Delta="null" EndDate="2014-09-24 13:25:43.558 JST" Interest="1.0" Kind="selection" Navigation="null" OriginId="org.eclipse.jdt.ui.CompilationUnitEditor" StartDate="2014-09-24 13:25:43.558 JST" StructureHandle="=SL3/src&amp;lt;sl3.utils{DBUtils.java[DBUtils~deleteItem~QString;~J" StructureKind="java"/><InteractionEvent Delta="null" EndDate="2014-09-24 15:28:28.938 JST" Interest="475.017" Kind="propagation" Navigation="org.eclipse.mylyn.core.model.edges.containment" OriginId="org.eclipse.mylyn.core.model.interest.propagation" StartDate="2014-09-24 12:53:17.599 JST" StructureHandle="/SL3/src/sl3" StructureKind="resource" NumEvents="482" CreationCount="4"/><InteractionEvent Delta="null" EndDate="2014-09-24 12:56:14.754 JST" Interest="1.0" Kind="selection" Navigation="null" OriginId="org.eclipse.jdt.ui.CompilationUnitEditor" StartDate="2014-09-24 12:56:14.754 JST" StructureHandle="=SL3/src&amp;lt;sl3.listeners.list{ListViewCL.java[ListViewCL~ListViewCL~QActivity;~QDialog;~QSI;" StructureKind="java"/><InteractionEvent Delta="null" EndDate="2014-09-24 13:18:52.704 JST" Interest="14.0" Kind="propagation" Navigation="null" OriginId="org.eclipse.jdt.ui.PackageExplorer" StartDate="2014-09-24 13:18:25.230 JST" StructureHandle="/SL3/src/sl3/listeners/dialog/DB_OTL.java" StructureKind="resource" NumEvents="14" CreationCount="252"/><InteractionEvent Delta="null" EndDate="2014-09-24 14:02:47.576 JST" Interest="5.517" Kind="propagation" Navigation="org.eclipse.mylyn.core.model.edges.containment" OriginId="org.eclipse.mylyn.core.model.interest.propagation" StartDate="2014-09-24 13:53:57.476 JST" StructureHandle="/TA2/res/values" StructureKind="resource" NumEvents="8" CreationCount="704"/><InteractionEvent Delta="null" EndDate="2014-09-24 13:53:55.971 JST" Interest="1.0" Kind="selection" Navigation="null" OriginId="org.eclipse.ui.views.ResourceNavigator" StartDate="2014-09-24 13:53:55.971 JST" StructureHandle="/TA2/res/values" StructureKind="resource"/><InteractionEvent Delta="null" EndDate="2014-09-24 14:08:37.257 JST" Interest="1.0" Kind="propagation" Navigation="null" OriginId="org.eclipse.mylyn.resources.ui.interest.updater" StartDate="2014-09-24 14:08:37.257 JST" StructureHandle="/SL3/bin/dexedLibs/annotations-d288b20aa2286e3172641d3161bdbc70.jar" StructureKind="resource"/><InteractionEvent Delta="null" EndDate="2014-09-24 13:06:12.79 JST" Interest="11.0" Kind="edit" Navigation="null" OriginId="org.eclipse.jdt.ui.CompilationUnitEditor" StartDate="2014-09-24 12:53:32.965 JST" StructureHandle="=SL3/src&amp;lt;sl3.utils{Methods_dlg.java[Methods_dlg~dlg_Admin_ShoppingItem~QActivity;~QSI;" StructureKind="java" NumEvents="11" CreationCount="8"/><InteractionEvent Delta="null" EndDate="2014-09-24 13:06:12.54 JST" Interest="6.0" Kind="selection" Navigation="null" OriginId="org.eclipse.jdt.ui.CompilationUnitEditor" StartDate="2014-09-24 12:53:31.982 JST" StructureHandle="=SL3/src&amp;lt;sl3.utils{Methods_dlg.java[Methods_dlg~dlg_Admin_ShoppingItem~QActivity;~QSI;" StructureKind="java" NumEvents="6" CreationCount="8"/><InteractionEvent Delta="null" EndDate="2014-09-24 13:22:30.779 JST" Interest="0.05400002" Kind="manipulation" Navigation="null" OriginId="org.eclipse.mylyn.core.model.interest.decay.correction" StartDate="2014-09-24 13:22:30.779 JST" StructureHandle="=SL3/src&amp;lt;sl3.utils{Methods_dlg.java[Methods_dlg~case_tab_itemList__setGenre~QActivity;~QSI;~QDialog;" StructureKind="java"/><InteractionEvent Delta="null" EndDate="2014-09-24 13:22:30.779 JST" Interest="2.0" Kind="selection" Navigation="null" OriginId="org.eclipse.jdt.ui.CompilationUnitEditor" StartDate="2014-09-24 13:17:26.909 JST" StructureHandle="=SL3/src&amp;lt;sl3.utils{Methods_dlg.java[Methods_dlg~case_tab_itemList__setGenre~QActivity;~QSI;~QDialog;" StructureKind="java" NumEvents="2" CreationCount="246"/><InteractionEvent Delta="null" EndDate="2014-09-24 14:02:49.303 JST" Interest="10.0" Kind="edit" Navigation="null" OriginId="com.android.ide.eclipse.editors.CommonXmlEditor" StartDate="2014-09-24 14:00:12.227 JST" StructureHandle="/SL3/res/values/strings.xml" StructureKind="resource" NumEvents="10" CreationCount="855"/><InteractionEvent Delta="null" EndDate="2014-09-24 14:04:42.547 JST" Interest="3.0" Kind="selection" Navigation="null" OriginId="org.eclipse.jdt.ui.PackageExplorer" StartDate="2014-09-24 14:00:12.130 JST" StructureHandle="/SL3/res/values/strings.xml" StructureKind="resource" NumEvents="3" CreationCount="855"/><InteractionEvent Delta="null" EndDate="2014-09-24 13:05:06.17 JST" Interest="21.834" Kind="propagation" Navigation="org.eclipse.mylyn.core.model.edges.containment" OriginId="org.eclipse.mylyn.core.model.interest.propagation" StartDate="2014-09-24 12:56:14.754 JST" StructureHandle="=SL3/src&amp;lt;sl3.listeners.list{ListViewCL.java[ListViewCL" StructureKind="java" NumEvents="31" CreationCount="12"/><InteractionEvent Delta="null" EndDate="2014-09-24 13:05:07.392 JST" Interest="1.0" Kind="selection" Navigation="null" OriginId="org.eclipse.jdt.ui.CompilationUnitEditor" StartDate="2014-09-24 13:05:07.392 JST" StructureHandle="=SL3/src&amp;lt;sl3.listeners.list{ListViewCL.java[ListViewCL" StructureKind="java"/><InteractionEvent Delta="null" EndDate="2014-09-24 15:28:28.939 JST" Interest="476.017" Kind="propagation" Navigation="null" OriginId="org.eclipse.jdt.ui.CompilationUnitEditor" StartDate="2014-09-24 12:53:17.599 JST" StructureHandle="/SL3/src/sl3/utils" StructureKind="resource" NumEvents="477" CreationCount="4"/><InteractionEvent Delta="null" EndDate="2014-09-24 13:04:15.612 JST" Interest="0.01700002" Kind="propagation" Navigation="org.eclipse.mylyn.core.model.edges.containment" OriginId="org.eclipse.mylyn.core.model.interest.propagation" StartDate="2014-09-24 13:04:15.612 JST" StructureHandle="=SL3/src&amp;lt;sl3.utils{Tags.java" StructureKind="java"/><InteractionEvent Delta="null" EndDate="2014-09-24 13:06:34.166 JST" Interest="1.0" Kind="prediction" Navigation="null" OriginId="org.eclipse.mylyn.resources.ui.interest.updater" StartDate="2014-09-24 13:06:34.166 JST" StructureHandle="=SL3/src&amp;lt;sl3.utils{Tags.java" StructureKind="java"/><InteractionEvent Delta="null" EndDate="2014-09-24 13:04:14.745 JST" Interest="1.0" Kind="selection" Navigation="null" OriginId="org.eclipse.jdt.ui.CompilationUnitEditor" StartDate="2014-09-24 13:04:14.745 JST" StructureHandle="=SL3/src&amp;lt;sl3.utils{Tags.java" StructureKind="java"/><InteractionEvent Delta="null" EndDate="2014-09-24 13:18:49.206 JST" Interest="6.068" Kind="propagation" Navigation="org.eclipse.mylyn.core.model.edges.containment" OriginId="org.eclipse.mylyn.core.model.interest.propagation" StartDate="2014-09-24 13:18:37.100 JST" StructureHandle="=SL3/src&amp;lt;sl3.listeners.dialog{DB_OTL.java" StructureKind="java" NumEvents="9" CreationCount="252"/><InteractionEvent Delta="null" EndDate="2014-09-24 13:18:52.704 JST" Interest="3.0" Kind="selection" Navigation="null" OriginId="org.eclipse.jdt.ui.PackageExplorer" StartDate="2014-09-24 13:18:25.230 JST" StructureHandle="=SL3/src&amp;lt;sl3.listeners.dialog{DB_OTL.java" StructureKind="java" NumEvents="3" CreationCount="252"/><InteractionEvent Delta="null" EndDate="2014-09-24 12:53:27.318 JST" Interest="1.0" Kind="propagation" Navigation="org.eclipse.mylyn.core.model.edges.containment" OriginId="org.eclipse.mylyn.core.model.interest.propagation" StartDate="2014-09-24 12:53:27.318 JST" StructureHandle="=SL3/src&amp;lt;sl3.utils{Methods_dlg.java#" StructureKind="java"/><InteractionEvent Delta="null" EndDate="2014-09-24 13:08:21.806 JST" Interest="70.0" Kind="propagation" Navigation="org.eclipse.mylyn.core.model.edges.containment" OriginId="org.eclipse.mylyn.core.model.interest.propagation" StartDate="2014-09-24 12:56:14.37 JST" StructureHandle="/SL3/src/sl3/listeners/list" StructureKind="resource" NumEvents="70" CreationCount="11"/><InteractionEvent Delta="null" EndDate="2014-09-24 13:29:45.660 JST" Interest="31.0" Kind="edit" Navigation="null" OriginId="org.eclipse.jdt.ui.CompilationUnitEditor" StartDate="2014-09-24 13:26:15.55 JST" StructureHandle="=SL3/src&amp;lt;sl3.utils{DBUtils.java[DBUtils~update_SIs_All~QActivity;~QList\&amp;lt;QSI;&amp;gt;;" StructureKind="java" NumEvents="31" CreationCount="344"/><InteractionEvent Delta="null" EndDate="2014-09-24 13:29:53.791 JST" Interest="10.0" Kind="selection" Navigation="null" OriginId="org.eclipse.jdt.ui.CompilationUnitEditor" StartDate="2014-09-24 13:26:14.496 JST" StructureHandle="=SL3/src&amp;lt;sl3.utils{DBUtils.java[DBUtils~update_SIs_All~QActivity;~QList\&amp;lt;QSI;&amp;gt;;" StructureKind="java" NumEvents="10" CreationCount="344"/><InteractionEvent Delta="null" EndDate="2014-09-24 13:29:11.396 JST" Interest="3.0" Kind="selection" Navigation="null" OriginId="org.eclipse.jdt.ui.CompilationUnitEditor" StartDate="2014-09-24 13:29:09.50 JST" StructureHandle="=SL3/src&amp;lt;sl3.utils{DBUtils.java[DBUtils~find_ALL_PSs~QActivity;" StructureKind="java" NumEvents="3" CreationCount="494"/><InteractionEvent Delta="null" EndDate="2014-09-24 14:08:23.969 JST" Interest="3.0" Kind="propagation" Navigation="null" OriginId="org.eclipse.mylyn.resources.ui.interest.updater" StartDate="2014-09-24 14:08:23.966 JST" StructureHandle="/SL3/gen/sl3/main" StructureKind="resource" NumEvents="3" CreationCount="913"/><InteractionEvent Delta="null" EndDate="2014-09-24 13:05:35.205 JST" Interest="1.0" Kind="selection" Navigation="null" OriginId="org.eclipse.jdt.ui.CompilationUnitEditor" StartDate="2014-09-24 13:05:35.205 JST" StructureHandle="=SL3/src&amp;lt;sl3.listeners.dialog{DOI_CL.java[DOI_CL~DOI_CL~QActivity;~QDialog;~QSI;" StructureKind="java"/><InteractionEvent Delta="null" EndDate="2014-09-24 13:25:41.933 JST" Interest="3.0" Kind="edit" Navigation="null" OriginId="org.eclipse.jdt.ui.CompilationUnitEditor" StartDate="2014-09-24 13:25:33.178 JST" StructureHandle="=SL3/src&amp;lt;sl3.utils{DBUtils.java[DBUtils~updateData_SI_all~QSI;" StructureKind="java" NumEvents="3" CreationCount="328"/><InteractionEvent Delta="null" EndDate="2014-09-24 13:25:48.185 JST" Interest="3.0" Kind="selection" Navigation="null" OriginId="org.eclipse.ui.views.ContentOutline" StartDate="2014-09-24 13:25:32.405 JST" StructureHandle="=SL3/src&amp;lt;sl3.utils{DBUtils.java[DBUtils~updateData_SI_all~QSI;" StructureKind="java" NumEvents="3" CreationCount="328"/><InteractionEvent Delta="null" EndDate="2014-09-24 13:05:10.498 JST" Interest="20.0" Kind="edit" Navigation="null" OriginId="org.eclipse.jdt.ui.CompilationUnitEditor" StartDate="2014-09-24 13:02:15.211 JST" StructureHandle="=SL3/src&amp;lt;sl3.listeners.list{ListViewCL.java[ListViewCL~case_TAB1_LONG_CLICK~QListItem;" StructureKind="java" NumEvents="20" CreationCount="20"/><InteractionEvent Delta="null" EndDate="2014-09-24 13:05:08.293 JST" Interest="8.0" Kind="selection" Navigation="null" OriginId="org.eclipse.jdt.ui.CompilationUnitEditor" StartDate="2014-09-24 13:02:14.338 JST" StructureHandle="=SL3/src&amp;lt;sl3.listeners.list{ListViewCL.java[ListViewCL~case_TAB1_LONG_CLICK~QListItem;" StructureKind="java" NumEvents="8" CreationCount="20"/><InteractionEvent Delta="null" EndDate="2014-09-24 13:05:33.442 JST" Interest="1.0" Kind="selection" Navigation="null" OriginId="org.eclipse.jdt.ui.CompilationUnitEditor" StartDate="2014-09-24 13:05:33.442 JST" StructureHandle="=SL3/src&amp;lt;sl3.listeners.dialog{DOI_CL.java#sl3.items.SI" StructureKind="java"/><InteractionEvent Delta="null" EndDate="2014-09-24 13:08:21.652 JST" Interest="11.971001" Kind="propagation" Navigation="org.eclipse.mylyn.core.model.edges.containment" OriginId="org.eclipse.mylyn.core.model.interest.propagation" StartDate="2014-09-24 13:03:57.61 JST" StructureHandle="=SL3/src&amp;lt;sl3.listeners.dialog{DOI_CL.java" StructureKind="java" NumEvents="19" CreationCount="62"/><InteractionEvent Delta="null" EndDate="2014-09-24 15:22:44.192 JST" Interest="15.0" Kind="selection" Navigation="null" OriginId="org.eclipse.jdt.ui.CompilationUnitEditor" StartDate="2014-09-24 13:03:42.231 JST" StructureHandle="=SL3/src&amp;lt;sl3.listeners.dialog{DOI_CL.java" StructureKind="java" NumEvents="15" CreationCount="62"/><InteractionEvent Delta="null" EndDate="2014-09-24 15:28:28.938 JST" Interest="385.0" Kind="propagation" Navigation="null" OriginId="org.eclipse.jdt.ui.CompilationUnitEditor" StartDate="2014-09-24 13:08:07.822 JST" StructureHandle="/SL3/src/sl3/utils/DBUtils.java" StructureKind="resource" NumEvents="385" CreationCount="175"/><InteractionEvent Delta="null" EndDate="2014-09-24 13:07:12.175 JST" Interest="17.0" Kind="edit" Navigation="null" OriginId="org.eclipse.jdt.ui.CompilationUnitEditor" StartDate="2014-09-24 13:05:21.9 JST" StructureHandle="=SL3/src&amp;lt;sl3.listeners.dialog{DOI_CL.java[DOI_CL~case_TAB1_LONG_CLICK~QListItem;" StructureKind="java" NumEvents="17" CreationCount="125"/><InteractionEvent Delta="null" EndDate="2014-09-24 15:22:44.248 JST" Interest="13.0" Kind="selection" Navigation="null" OriginId="org.eclipse.jdt.ui.CompilationUnitEditor" StartDate="2014-09-24 13:05:19.59 JST" StructureHandle="=SL3/src&amp;lt;sl3.listeners.dialog{DOI_CL.java[DOI_CL~case_TAB1_LONG_CLICK~QListItem;" StructureKind="java" NumEvents="13" CreationCount="125"/><InteractionEvent Delta="null" EndDate="2014-09-24 13:15:10.895 JST" Interest="3.0" Kind="edit" Navigation="null" OriginId="org.eclipse.jdt.ui.CompilationUnitEditor" StartDate="2014-09-24 13:15:10.240 JST" StructureHandle="=SL3/src&amp;lt;sl.main{TabActv.java[TabActv~_Setup_ItemListView" StructureKind="java" NumEvents="3" CreationCount="212"/><InteractionEvent Delta="null" EndDate="2014-09-24 13:15:23.33 JST" Interest="3.0" Kind="selection" Navigation="null" OriginId="org.eclipse.jdt.ui.CompilationUnitEditor" StartDate="2014-09-24 13:15:09.309 JST" StructureHandle="=SL3/src&amp;lt;sl.main{TabActv.java[TabActv~_Setup_ItemListView" StructureKind="java" NumEvents="3" CreationCount="212"/><InteractionEvent Delta="null" EndDate="2014-09-24 13:08:21.806 JST" Interest="25.453" Kind="propagation" Navigation="org.eclipse.mylyn.core.model.edges.containment" OriginId="org.eclipse.mylyn.core.model.interest.propagation" StartDate="2014-09-24 12:56:14.37 JST" StructureHandle="=SL3/src&amp;lt;sl3.listeners.list" StructureKind="java" NumEvents="37" CreationCount="11"/><InteractionEvent Delta="null" EndDate="2014-09-24 14:08:23.966 JST" Interest="1.0" Kind="propagation" Navigation="null" OriginId="org.eclipse.mylyn.resources.ui.interest.updater" StartDate="2014-09-24 14:08:23.966 JST" StructureHandle="=SL3/gen&amp;lt;sl3" StructureKind="java"/><InteractionEvent Delta="null" EndDate="2014-09-24 15:28:24.365 JST" Interest="1.0" Kind="prediction" Navigation="null" OriginId="org.eclipse.mylyn.resources.ui.interest.updater" StartDate="2014-09-24 15:28:24.365 JST" StructureHandle="/SL3/res/values/colors.xml" StructureKind="resource"/><InteractionEvent Delta="null" EndDate="2014-09-24 13:53:49.663 JST" Interest="10.883" Kind="manipulation" Navigation="null" OriginId="org.eclipse.mylyn.core.model.interest.decay.correction" StartDate="2014-09-24 13:53:49.663 JST" StructureHandle="/IFM11" StructureKind="resource"/><InteractionEvent Delta="null" EndDate="2014-09-24 13:53:49.663 JST" Interest="2.0" Kind="propagation" Navigation="null" OriginId="org.eclipse.ui.views.ResourceNavigator" StartDate="2014-09-24 12:53:09.81 JST" StructureHandle="/IFM11" StructureKind="resource" NumEvents="2" CreationCount="1"/><InteractionEvent Delta="null" EndDate="2014-09-24 14:08:23.966 JST" Interest="1.0" Kind="propagation" Navigation="null" OriginId="org.eclipse.mylyn.resources.ui.interest.updater" StartDate="2014-09-24 14:08:23.966 JST" StructureHandle="/SL3/gen/sl3/main/R.java" StructureKind="resource"/><InteractionEvent Delta="null" EndDate="2014-09-24 13:05:17.529 JST" Interest="1.0" Kind="selection" Navigation="null" OriginId="org.eclipse.jdt.ui.CompilationUnitEditor" StartDate="2014-09-24 13:05:17.529 JST" StructureHandle="=SL3/src&amp;lt;sl3.listeners.dialog{DOI_CL.java[DOI_CL~case_ACTV_TAB_OPT_DB~QListItem;" StructureKind="java"/><InteractionEvent Delta="null" EndDate="2014-09-24 14:08:23.970 JST" Interest="4.0" Kind="propagation" Navigation="org.eclipse.mylyn.core.model.edges.containment" OriginId="org.eclipse.mylyn.core.model.interest.propagation" StartDate="2014-09-24 14:08:23.966 JST" StructureHandle="/SL3/gen" StructureKind="resource" NumEvents="4" CreationCount="913"/><InteractionEvent Delta="null" EndDate="2014-09-24 13:50:32.382 JST" Interest="3.7040005" Kind="manipulation" Navigation="null" OriginId="org.eclipse.mylyn.core.model.interest.decay.correction" StartDate="2014-09-24 13:50:32.382 JST" StructureHandle="/SL3/res/layout/dlg_edit_items.xml" StructureKind="resource"/><InteractionEvent Delta="null" EndDate="2014-09-24 14:09:00.277 JST" Interest="118.0" Kind="edit" Navigation="null" OriginId="com.android.ide.eclipse.editors.CommonXmlEditor" StartDate="2014-09-24 13:51:06.631 JST" StructureHandle="/SL3/res/layout/dlg_edit_items.xml" StructureKind="resource" NumEvents="118" CreationCount="169"/><InteractionEvent Delta="null" EndDate="2014-09-24 14:08:47.426 JST" Interest="17.0" Kind="selection" Navigation="null" OriginId="com.android.ide.eclipse.editors.CommonXmlEditor" StartDate="2014-09-24 13:07:03.1 JST" StructureHandle="/SL3/res/layout/dlg_edit_items.xml" StructureKind="resource" NumEvents="17" CreationCount="169"/><InteractionEvent Delta="null" EndDate="2014-09-24 15:34:53.857 JST" Interest="194.302" Kind="propagation" Navigation="org.eclipse.mylyn.core.model.edges.containment" OriginId="org.eclipse.mylyn.core.model.interest.propagation" StartDate="2014-09-24 13:18:57.589 JST" StructureHandle="=SL3/src&amp;lt;sl3.listeners.dialog{DB_OCL.java[DB_OCL" StructureKind="java" NumEvents="273" CreationCount="271"/><InteractionEvent Delta="null" EndDate="2014-09-24 15:28:41.172 JST" Interest="2.0" Kind="selection" Navigation="null" OriginId="org.eclipse.jdt.ui.CompilationUnitEditor" StartDate="2014-09-24 15:20:15.185 JST" StructureHandle="=SL3/src&amp;lt;sl3.listeners.dialog{DB_OCL.java[DB_OCL" StructureKind="java" NumEvents="2" CreationCount="271"/><InteractionEvent Delta="null" EndDate="2014-09-24 14:08:23.965 JST" Interest="2.0" Kind="propagation" Navigation="null" OriginId="org.eclipse.mylyn.resources.ui.interest.updater" StartDate="2014-09-24 14:08:23.966 JST" StructureHandle="=SL3/gen&amp;lt;sl3.main" StructureKind="java" NumEvents="2" CreationCount="913"/><InteractionEvent Delta="null" EndDate="2014-09-24 13:08:21.806 JST" Interest="70.0" Kind="propagation" Navigation="null" OriginId="org.eclipse.jdt.ui.CompilationUnitEditor" StartDate="2014-09-24 12:56:14.37 JST" StructureHandle="/SL3/src/sl3/listeners/list/ListViewCL.java" StructureKind="resource" NumEvents="70" CreationCount="11"/><InteractionEvent Delta="null" EndDate="2014-09-24 14:02:47.576 JST" Interest="5.5510006" Kind="propagation" Navigation="org.eclipse.mylyn.core.model.edges.containment" OriginId="org.eclipse.mylyn.core.model.interest.propagation" StartDate="2014-09-24 13:53:54.499 JST" StructureHandle="=TA2" StructureKind="java" NumEvents="10" CreationCount="702"/><InteractionEvent Delta="null" EndDate="2014-09-24 13:53:52.496 JST" Interest="1.0" Kind="selection" Navigation="null" OriginId="org.eclipse.ui.views.ResourceNavigator" StartDate="2014-09-24 13:53:52.496 JST" StructureHandle="=TA2" StructureKind="java"/><InteractionEvent Delta="null" EndDate="2014-09-24 13:26:40.628 JST" Interest="2.0" Kind="edit" Navigation="null" OriginId="org.eclipse.jdt.ui.CompilationUnitEditor" StartDate="2014-09-24 13:26:40.608 JST" StructureHandle="=SL3/src&amp;lt;sl3.utils{DBUtils.java[DBUtils~_update_SIs_Num__CV~QSI;" StructureKind="java" NumEvents="2" CreationCount="360"/><InteractionEvent Delta="null" EndDate="2014-09-24 13:26:40.19 JST" Interest="3.0" Kind="selection" Navigation="null" OriginId="org.eclipse.jdt.ui.CompilationUnitEditor" StartDate="2014-09-24 13:26:39.420 JST" StructureHandle="=SL3/src&amp;lt;sl3.utils{DBUtils.java[DBUtils~_update_SIs_Num__CV~QSI;" StructureKind="java" NumEvents="3" CreationCount="360"/><InteractionEvent Delta="null" EndDate="2014-09-24 15:28:28.939 JST" Interest="107.02301" Kind="propagation" Navigation="org.eclipse.mylyn.core.model.edges.containment" OriginId="org.eclipse.mylyn.core.model.interest.propagation" StartDate="2014-09-24 12:53:20.797 JST" StructureHandle="=SL3/src&amp;lt;sl3.utils" StructureKind="java" NumEvents="156" CreationCount="4"/><InteractionEvent Delta="null" EndDate="2014-09-24 12:53:17.599 JST" Interest="1.0" Kind="selection" Navigation="null" OriginId="org.eclipse.jdt.ui.PackageExplorer" StartDate="2014-09-24 12:53:17.599 JST" StructureHandle="=SL3/src&amp;lt;sl3.utils" StructureKind="java"/><InteractionEvent Delta="null" EndDate="2014-09-24 15:28:21.725 JST" Interest="116.0" Kind="edit" Navigation="null" OriginId="org.eclipse.jdt.ui.CompilationUnitEditor" StartDate="2014-09-24 13:30:05.849 JST" StructureHandle="=SL3/src&amp;lt;sl3.utils{DBUtils.java[DBUtils~update_SI_All~QActivity;~QSI;" StructureKind="java" NumEvents="116" CreationCount="523"/><InteractionEvent Delta="null" EndDate="2014-09-24 15:28:28.937 JST" Interest="18.0" Kind="selection" Navigation="null" OriginId="org.eclipse.jdt.ui.CompilationUnitEditor" StartDate="2014-09-24 13:30:02.271 JST" StructureHandle="=SL3/src&amp;lt;sl3.utils{DBUtils.java[DBUtils~update_SI_All~QActivity;~QSI;" StructureKind="java" NumEvents="18" CreationCount="523"/><InteractionEvent Delta="null" EndDate="2014-09-24 14:00:09.711 JST" Interest="1.0" Kind="selection" Navigation="null" OriginId="org.eclipse.jdt.ui.PackageExplorer" StartDate="2014-09-24 14:00:09.711 JST" StructureHandle="/SL3/assets" StructureKind="resource"/><InteractionEvent Delta="null" EndDate="2014-09-24 12:53:27.318 JST" Interest="1.0" Kind="selection" Navigation="null" OriginId="org.eclipse.jdt.ui.CompilationUnitEditor" StartDate="2014-09-24 12:53:27.318 JST" StructureHandle="=SL3/src&amp;lt;sl3.utils{Methods_dlg.java#java.util.ArrayList" StructureKind="java"/><InteractionEvent Delta="null" EndDate="2014-09-24 13:53:46.762 JST" Interest="1.0" Kind="selection" Navigation="null" OriginId="org.eclipse.ui.views.ResourceNavigator" StartDate="2014-09-24 13:53:46.762 JST" StructureHandle="/SL3/res/layout/dlg_add_genre.xml" StructureKind="resource"/><InteractionEvent Delta="null" EndDate="2014-09-24 14:02:47.576 JST" Interest="5.5340004" Kind="propagation" Navigation="org.eclipse.mylyn.core.model.edges.containment" OriginId="org.eclipse.mylyn.core.model.interest.propagation" StartDate="2014-09-24 13:53:55.971 JST" StructureHandle="/TA2/res" StructureKind="resource" NumEvents="9" CreationCount="703"/><InteractionEvent Delta="null" EndDate="2014-09-24 13:53:54.499 JST" Interest="1.0" Kind="selection" Navigation="null" OriginId="org.eclipse.ui.views.ResourceNavigator" StartDate="2014-09-24 13:53:54.499 JST" StructureHandle="/TA2/res" StructureKind="resource"/><InteractionEvent Delta="null" EndDate="2014-09-24 13:03:34.741 JST" Interest="16.453" Kind="propagation" Navigation="org.eclipse.mylyn.core.model.edges.containment" OriginId="org.eclipse.mylyn.core.model.interest.propagation" StartDate="2014-09-24 12:56:14.754 JST" StructureHandle="=SL3/src&amp;lt;sl3.listeners.list{ListViewCL.java" StructureKind="java" NumEvents="27" CreationCount="11"/><InteractionEvent Delta="null" EndDate="2014-09-24 13:08:21.805 JST" Interest="9.0" Kind="selection" Navigation="null" OriginId="org.eclipse.jdt.ui.CompilationUnitEditor" StartDate="2014-09-24 12:56:14.37 JST" StructureHandle="=SL3/src&amp;lt;sl3.listeners.list{ListViewCL.java" StructureKind="java" NumEvents="9" CreationCount="11"/><InteractionEvent Delta="null" EndDate="2014-09-24 15:13:05.539 JST" Interest="88.0" Kind="propagation" Navigation="null" OriginId="org.eclipse.jdt.ui.CompilationUnitEditor" StartDate="2014-09-24 12:53:20.797 JST" StructureHandle="/SL3/src/sl3/utils/Methods_dlg.java" StructureKind="resource" NumEvents="88" CreationCount="5"/><InteractionEvent Delta="null" EndDate="2014-09-24 15:28:24.364 JST" Interest="1.0" Kind="prediction" Navigation="null" OriginId="org.eclipse.mylyn.resources.ui.interest.updater" StartDate="2014-09-24 15:28:24.364 JST" StructureHandle="/SL3/res/layout/dlg_register_main.xml" StructureKind="resource"/><InteractionEvent Delta="null" EndDate="2014-09-24 14:02:36.784 JST" Interest="42.0" Kind="edit" Navigation="null" OriginId="com.android.ide.eclipse.editors.CommonXmlEditor" StartDate="2014-09-24 13:54:25.850 JST" StructureHandle="/SL3/res/values/styles.xml" StructureKind="resource" NumEvents="42" CreationCount="694"/><InteractionEvent Delta="null" EndDate="2014-09-24 14:02:36.723 JST" Interest="8.0" Kind="selection" Navigation="null" OriginId="com.android.ide.eclipse.editors.CommonXmlEditor" StartDate="2014-09-24 13:53:40.223 JST" StructureHandle="/SL3/res/values/styles.xml" StructureKind="resource" NumEvents="8" CreationCount="694"/><InteractionEvent Delta="null" EndDate="2014-09-24 14:02:47.576 JST" Interest="5.0" Kind="edit" Navigation="null" OriginId="com.android.ide.eclipse.editors.CommonXmlEditor" StartDate="2014-09-24 13:53:57.997 JST" StructureHandle="/TA2/res/values/styles.xml" StructureKind="resource" NumEvents="5" CreationCount="705"/><InteractionEvent Delta="null" EndDate="2014-09-24 14:02:47.526 JST" Interest="3.0" Kind="selection" Navigation="null" OriginId="com.android.ide.eclipse.editors.CommonXmlEditor" StartDate="2014-09-24 13:53:57.476 JST" StructureHandle="/TA2/res/values/styles.xml" StructureKind="resource" NumEvents="3" CreationCount="705"/><InteractionEvent Delta="null" EndDate="2014-09-24 15:13:05.539 JST" Interest="9.364998" Kind="propagation" Navigation="org.eclipse.mylyn.core.model.edges.containment" OriginId="org.eclipse.mylyn.core.model.interest.propagation" StartDate="2014-09-24 12:53:27.318 JST" StructureHandle="=SL3/src&amp;lt;sl3.utils{Methods_dlg.java" StructureKind="java" NumEvents="18" CreationCount="5"/><InteractionEvent Delta="null" EndDate="2014-09-24 12:53:28.269 JST" Interest="1.0" Kind="edit" Navigation="null" OriginId="org.eclipse.jdt.ui.CompilationUnitEditor" StartDate="2014-09-24 12:53:28.269 JST" StructureHandle="=SL3/src&amp;lt;sl3.utils{Methods_dlg.java" StructureKind="java"/><InteractionEvent Delta="null" EndDate="2014-09-24 14:09:01.51 JST" Interest="23.0" Kind="selection" Navigation="null" OriginId="org.eclipse.jdt.ui.CompilationUnitEditor" StartDate="2014-09-24 12:53:20.797 JST" StructureHandle="=SL3/src&amp;lt;sl3.utils{Methods_dlg.java" StructureKind="java" NumEvents="23" CreationCount="5"/><InteractionEvent Delta="null" EndDate="2014-09-24 15:34:53.859 JST" Interest="393.0" Kind="propagation" Navigation="null" OriginId="org.eclipse.jdt.ui.CompilationUnitEditor" StartDate="2014-09-24 13:03:42.232 JST" StructureHandle="/SL3/src/sl3/listeners/dialog" StructureKind="resource" NumEvents="393" CreationCount="62"/><InteractionEvent Delta="null" EndDate="2014-09-24 14:09:00.277 JST" Interest="103.304" Kind="propagation" Navigation="org.eclipse.mylyn.core.model.edges.containment" OriginId="org.eclipse.mylyn.core.model.interest.propagation" StartDate="2014-09-24 13:07:03.2 JST" StructureHandle="/SL3/res" StructureKind="resource" NumEvents="136" CreationCount="169"/><InteractionEvent Delta="null" EndDate="2014-09-24 14:02:47.576 JST" Interest="11.0" Kind="propagation" Navigation="null" OriginId="com.android.ide.eclipse.editors.CommonXmlEditor" StartDate="2014-09-24 13:53:52.497 JST" StructureHandle="/TA2" StructureKind="resource" NumEvents="11" CreationCount="702"/><InteractionEvent Delta="null" EndDate="2014-09-24 14:08:37.257 JST" Interest="1.0" Kind="propagation" Navigation="null" OriginId="org.eclipse.mylyn.resources.ui.interest.updater" StartDate="2014-09-24 14:08:37.257 JST" StructureHandle="/SL3/bin/dexedLibs/commons-lang-2.1-dce7c806b9889e4e2c39b91189f98002.jar" StructureKind="resource"/><InteractionEvent Delta="null" EndDate="2014-09-24 15:34:53.860 JST" Interest="990.051" Kind="propagation" Navigation="null" OriginId="org.eclipse.jdt.ui.CompilationUnitEditor" StartDate="2014-09-24 12:53:12.388 JST" StructureHandle="/SL3/src" StructureKind="resource" NumEvents="993" CreationCount="2"/><InteractionEvent Delta="null" EndDate="2014-09-24 13:18:54.919 JST" Interest="0.85300004" Kind="manipulation" Navigation="null" OriginId="org.eclipse.mylyn.core.model.interest.decay.correction" StartDate="2014-09-24 13:18:54.919 JST" StructureHandle="=SL3/src&amp;lt;sl3.listeners.dialog{DB_OCL.java" StructureKind="java"/><InteractionEvent Delta="null" EndDate="2014-09-24 15:34:53.858 JST" Interest="176.336" Kind="propagation" Navigation="org.eclipse.mylyn.core.model.edges.containment" OriginId="org.eclipse.mylyn.core.model.interest.propagation" StartDate="2014-09-24 13:18:57.591 JST" StructureHandle="=SL3/src&amp;lt;sl3.listeners.dialog{DB_OCL.java" StructureKind="java" NumEvents="255" CreationCount="160"/><InteractionEvent Delta="null" EndDate="2014-09-24 13:06:34.166 JST" Interest="1.0" Kind="prediction" Navigation="null" OriginId="org.eclipse.mylyn.resources.ui.interest.updater" StartDate="2014-09-24 13:06:34.166 JST" StructureHandle="=SL3/src&amp;lt;sl3.listeners.dialog{DB_OCL.java" StructureKind="java"/><InteractionEvent Delta="null" EndDate="2014-09-24 15:28:34.225 JST" Interest="20.0" Kind="selection" Navigation="null" OriginId="org.eclipse.jdt.ui.CompilationUnitEditor" StartDate="2014-09-24 13:18:54.919 JST" StructureHandle="=SL3/src&amp;lt;sl3.listeners.dialog{DB_OCL.java" StructureKind="java" NumEvents="20" CreationCount="160"/><InteractionEvent Delta="null" EndDate="2014-09-24 15:15:36.894 JST" Interest="7.757001" Kind="manipulation" Navigation="null" OriginId="org.eclipse.mylyn.core.model.interest.decay.correction" StartDate="2014-09-24 15:15:36.894 JST" StructureHandle="=SL3/src&amp;lt;sl3.listeners.dialog{DB_OCL.java[DB_OCL~onClick~QView;" StructureKind="java"/><InteractionEvent Delta="null" EndDate="2014-09-24 13:19:09.631 JST" Interest="5.0" Kind="edit" Navigation="null" OriginId="org.eclipse.jdt.ui.CompilationUnitEditor" StartDate="2014-09-24 13:19:00.721 JST" StructureHandle="=SL3/src&amp;lt;sl3.listeners.dialog{DB_OCL.java[DB_OCL~onClick~QView;" StructureKind="java" NumEvents="5" CreationCount="271"/><InteractionEvent Delta="null" EndDate="2014-09-24 15:15:36.894 JST" Interest="2.0" Kind="selection" Navigation="null" OriginId="org.eclipse.jdt.ui.CompilationUnitEditor" StartDate="2014-09-24 13:18:57.589 JST" StructureHandle="=SL3/src&amp;lt;sl3.listeners.dialog{DB_OCL.java[DB_OCL~onClick~QView;" StructureKind="java" NumEvents="2" CreationCount="271"/><InteractionEvent Delta="null" EndDate="2014-09-24 13:08:09.894 JST" Interest="2.0" Kind="selection" Navigation="null" OriginId="org.eclipse.ui.views.ContentOutline" StartDate="2014-09-24 13:08:08.573 JST" StructureHandle="=SL3/src&amp;lt;sl3.utils{DBUtils.java[DBUtils~DBUtils~QContext;" StructureKind="java" NumEvents="2" CreationCount="176"/><InteractionEvent Delta="null" EndDate="2014-09-24 15:32:20.650 JST" Interest="11.0" Kind="prediction" Navigation="null" OriginId="org.eclipse.mylyn.resources.ui.interest.updater" StartDate="2014-09-24 13:20:02.321 JST" StructureHandle="/SL3/bin/SL3.apk" StructureKind="resource" NumEvents="11" CreationCount="284"/><InteractionEvent Delta="null" EndDate="2014-09-24 13:22:29.45 JST" Interest="16.501999" Kind="propagation" Navigation="org.eclipse.mylyn.core.model.edges.containment" OriginId="org.eclipse.mylyn.core.model.interest.propagation" StartDate="2014-09-24 13:15:06.701 JST" StructureHandle="=SL3/src&amp;lt;sl.main{TabActv.java" StructureKind="java" NumEvents="26" CreationCount="210"/><InteractionEvent Delta="null" EndDate="2014-09-24 15:23:11.745 JST" Interest="13.0" Kind="selection" Navigation="null" OriginId="org.eclipse.jdt.ui.CompilationUnitEditor" StartDate="2014-09-24 13:15:03.400 JST" StructureHandle="=SL3/src&amp;lt;sl.main{TabActv.java" StructureKind="java" NumEvents="13" CreationCount="210"/><InteractionEvent Delta="null" EndDate="2014-09-24 15:22:44.249 JST" Interest="22.835" Kind="propagation" Navigation="org.eclipse.mylyn.core.model.edges.containment" OriginId="org.eclipse.mylyn.core.model.interest.propagation" StartDate="2014-09-24 13:03:50.812 JST" StructureHandle="=SL3/src&amp;lt;sl3.listeners.dialog{DOI_CL.java[DOI_CL" StructureKind="java" NumEvents="30" CreationCount="70"/><InteractionEvent Delta="null" EndDate="2014-09-24 13:05:14.182 JST" Interest="3.0" Kind="selection" Navigation="null" OriginId="org.eclipse.jdt.ui.CompilationUnitEditor" StartDate="2014-09-24 13:03:49.565 JST" StructureHandle="=SL3/src&amp;lt;sl3.listeners.dialog{DOI_CL.java[DOI_CL" StructureKind="java" NumEvents="3" CreationCount="70"/><InteractionEvent Delta="null" EndDate="2014-09-24 15:20:04.181 JST" Interest="1.0" Kind="selection" Navigation="null" OriginId="org.eclipse.jdt.ui.CompilationUnitEditor" StartDate="2014-09-24 15:20:04.181 JST" StructureHandle="=SL3/src&amp;lt;sl3.listeners.dialog{DB_OCL.java[DB_OCL~case_ACTV_TAB_OPT_DROP_TABLE~QDialogTags;" StructureKind="java"/><InteractionEvent Delta="null" EndDate="2014-09-24 14:09:00.277 JST" Interest="102.304" Kind="propagation" Navigation="org.eclipse.mylyn.core.model.edges.containment" OriginId="org.eclipse.mylyn.core.model.interest.propagation" StartDate="2014-09-24 13:07:03.2 JST" StructureHandle="/SL3/res/layout" StructureKind="resource" NumEvents="134" CreationCount="169"/><InteractionEvent Delta="null" EndDate="2014-09-24 13:53:47.330 JST" Interest="1.0" Kind="selection" Navigation="null" OriginId="org.eclipse.ui.views.ResourceNavigator" StartDate="2014-09-24 13:53:47.330 JST" StructureHandle="/SL3/res/layout" StructureKind="resource"/><InteractionEvent Delta="null" EndDate="2014-09-24 15:29:45.478 JST" Interest="3.0" Kind="prediction" Navigation="null" OriginId="org.eclipse.mylyn.resources.ui.interest.updater" StartDate="2014-09-24 13:20:02.321 JST" StructureHandle="/SL3/bin/resources.ap_" StructureKind="resource" NumEvents="3" CreationCount="284"/><InteractionEvent Delta="null" EndDate="2014-09-24 15:15:40.918 JST" Interest="4.0" Kind="edit" Navigation="null" OriginId="org.eclipse.jdt.ui.CompilationUnitEditor" StartDate="2014-09-24 15:15:34.900 JST" StructureHandle="=SL3/src&amp;lt;sl3.listeners.dialog{DB_OCL.java[DB_OCL~case_ACTV_TAB_SEARCH_OK" StructureKind="java" NumEvents="4" CreationCount="990"/><InteractionEvent Delta="null" EndDate="2014-09-24 15:15:38.17 JST" Interest="2.0" Kind="selection" Navigation="null" OriginId="org.eclipse.jdt.ui.CompilationUnitEditor" StartDate="2014-09-24 15:15:33.938 JST" StructureHandle="=SL3/src&amp;lt;sl3.listeners.dialog{DB_OCL.java[DB_OCL~case_ACTV_TAB_SEARCH_OK" StructureKind="java" NumEvents="2" CreationCount="990"/><InteractionEvent Delta="null" EndDate="2014-09-24 15:34:53.857 JST" Interest="256.0" Kind="edit" Navigation="null" OriginId="org.eclipse.jdt.ui.CompilationUnitEditor" StartDate="2014-09-24 13:19:15.49 JST" StructureHandle="=SL3/src&amp;lt;sl3.listeners.dialog{DB_OCL.java[DB_OCL~case_DLG_EDIT_ITEMS_BT_OK" StructureKind="java" NumEvents="256" CreationCount="277"/><InteractionEvent Delta="null" EndDate="2014-09-24 15:28:42.523 JST" Interest="17.0" Kind="selection" Navigation="null" OriginId="org.eclipse.jdt.ui.CompilationUnitEditor" StartDate="2014-09-24 13:19:14.241 JST" StructureHandle="=SL3/src&amp;lt;sl3.listeners.dialog{DB_OCL.java[DB_OCL~case_DLG_EDIT_ITEMS_BT_OK" StructureKind="java" NumEvents="17" CreationCount="277"/></InteractionHistory>