<?xml version="1.0" encoding="UTF-8"?><InteractionHistory Id="local-115" Version="1"><InteractionEvent Delta="null" EndDate="2014-10-02 13:43:53.981 JST" Interest="195.71399" Kind="propagation" Navigation="org.eclipse.mylyn.core.model.edges.containment" OriginId="org.eclipse.mylyn.core.model.interest.propagation" StartDate="2014-10-02 12:47:03.697 JST" StructureHandle="" StructureKind="java" NumEvents="208" CreationCount="1"/><InteractionEvent Delta="null" EndDate="2014-10-02 13:24:54.469 JST" Interest="2.0" Kind="selection" Navigation="null" OriginId="org.eclipse.jdt.ui.PackageExplorer" StartDate="2014-10-02 13:24:30.466 JST" StructureHandle="/TA2/res/drawable-mdpi" StructureKind="resource" NumEvents="2" CreationCount="56"/><InteractionEvent Delta="null" EndDate="2014-10-02 13:25:08.897 JST" Interest="1.0" Kind="selection" Navigation="null" OriginId="org.eclipse.jdt.ui.CompilationUnitEditor" StartDate="2014-10-02 13:25:08.897 JST" StructureHandle="=TA2/src&amp;lt;ta2.main{PlayActv.java#java.io.IOException" StructureKind="java"/><InteractionEvent Delta="null" EndDate="2014-10-02 12:58:42.421 JST" Interest="1.0" Kind="propagation" Navigation="null" OriginId="org.eclipse.mylyn.resources.ui.interest.updater" StartDate="2014-10-02 12:58:42.421 JST" StructureHandle="/TA2/bin/res/crunch/drawable/actv_main_bt_voice_128x128_disabled.png" StructureKind="resource"/><InteractionEvent Delta="null" EndDate="2014-10-02 12:58:42.422 JST" Interest="1.0" Kind="propagation" Navigation="org.eclipse.mylyn.core.model.edges.containment" OriginId="org.eclipse.mylyn.core.model.interest.propagation" StartDate="2014-10-02 12:58:42.422 JST" StructureHandle="/TA2/bin/res/crunch/drawable" StructureKind="resource"/><InteractionEvent Delta="null" EndDate="2014-10-02 13:29:12.881 JST" Interest="8.0" Kind="selection" Navigation="null" OriginId="org.eclipse.jdt.ui.CompilationUnitEditor" StartDate="2014-10-02 13:25:42.374 JST" StructureHandle="=TA2/src&amp;lt;ta2.main{PlayActv.java[PlayActv" StructureKind="java" NumEvents="8" CreationCount="78"/><InteractionEvent Delta="null" EndDate="2014-10-02 13:29:39.304 JST" Interest="19.756" Kind="propagation" Navigation="org.eclipse.mylyn.core.model.edges.containment" OriginId="org.eclipse.mylyn.core.model.interest.propagation" StartDate="2014-10-02 13:25:25.711 JST" StructureHandle="=TA2/src&amp;lt;ta2.main{PlayActv.java[PlayActv" StructureKind="java" NumEvents="30" CreationCount="78"/><InteractionEvent Delta="null" EndDate="2014-10-02 13:30:38.807 JST" Interest="5.0" Kind="propagation" Navigation="null" OriginId="org.eclipse.ui.views.ResourceNavigator" StartDate="2014-10-02 13:24:48.847 JST" StructureHandle="/cm7/src/app/main/PlayActv.java" StructureKind="resource" NumEvents="5" CreationCount="61"/><InteractionEvent Delta="null" EndDate="2014-10-02 13:43:53.979 JST" Interest="194.051" Kind="propagation" Navigation="org.eclipse.mylyn.core.model.edges.containment" OriginId="org.eclipse.mylyn.core.model.interest.propagation" StartDate="2014-10-02 12:58:20.391 JST" StructureHandle="/TA2/src/ta2" StructureKind="resource" NumEvents="198" CreationCount="40"/><InteractionEvent Delta="null" EndDate="2014-10-02 12:53:09.266 JST" Interest="1.0" Kind="selection" Navigation="null" OriginId="org.eclipse.jdt.ui.PackageExplorer" StartDate="2014-10-02 12:53:09.266 JST" StructureHandle="/TA2/res/layout/actv_memo.xml" StructureKind="resource"/><InteractionEvent Delta="null" EndDate="2014-10-02 12:58:42.421 JST" Interest="1.0" Kind="propagation" Navigation="null" OriginId="org.eclipse.mylyn.resources.ui.interest.updater" StartDate="2014-10-02 12:58:42.421 JST" StructureHandle="/TA2/bin/res/crunch/drawable/actv_main_bt_voice_128x128.png" StructureKind="resource"/><InteractionEvent Delta="null" EndDate="2014-10-02 13:25:00.750 JST" Interest="2.0" Kind="propagation" Navigation="null" OriginId="org.eclipse.jdt.ui.PackageExplorer" StartDate="2014-10-02 12:58:22.105 JST" StructureHandle="/TA2/src/ta2/main/MemoEditActv.java" StructureKind="resource" NumEvents="2" CreationCount="41"/><InteractionEvent Delta="null" EndDate="2014-10-02 13:26:49.667 JST" Interest="5.0" Kind="edit" Navigation="null" OriginId="org.eclipse.jdt.ui.CompilationUnitEditor" StartDate="2014-10-02 13:26:45.0 JST" StructureHandle="=TA2/src&amp;lt;ta2.main{PlayActv.java[PlayActv~onStart" StructureKind="java" NumEvents="5" CreationCount="122"/><InteractionEvent Delta="null" EndDate="2014-10-02 13:26:43.583 JST" Interest="1.0" Kind="selection" Navigation="null" OriginId="org.eclipse.jdt.ui.CompilationUnitEditor" StartDate="2014-10-02 13:26:43.583 JST" StructureHandle="=TA2/src&amp;lt;ta2.main{PlayActv.java[PlayActv~onStart" StructureKind="java"/><InteractionEvent Delta="null" EndDate="2014-10-02 13:24:57.954 JST" Interest="2.0" Kind="selection" Navigation="null" OriginId="org.eclipse.jdt.ui.PackageExplorer" StartDate="2014-10-02 12:58:20.390 JST" StructureHandle="=TA2/src&amp;lt;ta2.main" StructureKind="java" NumEvents="2" CreationCount="40"/><InteractionEvent Delta="null" EndDate="2014-10-02 13:30:50.99 JST" Interest="29.402" Kind="propagation" Navigation="org.eclipse.mylyn.core.model.edges.containment" OriginId="org.eclipse.mylyn.core.model.interest.propagation" StartDate="2014-10-02 12:58:22.106 JST" StructureHandle="=TA2/src&amp;lt;ta2.main" StructureKind="java" NumEvents="47" CreationCount="40"/><InteractionEvent Delta="null" EndDate="2014-10-02 13:25:15.908 JST" Interest="2.0" Kind="selection" Navigation="null" OriginId="org.eclipse.jdt.ui.CompilationUnitEditor" StartDate="2014-10-02 13:25:13.237 JST" StructureHandle="=TA2/src&amp;lt;ta2.main{PlayActv.java#" StructureKind="java" NumEvents="2" CreationCount="71"/><InteractionEvent Delta="null" EndDate="2014-10-02 13:25:10.192 JST" Interest="1.0339999" Kind="propagation" Navigation="org.eclipse.mylyn.core.model.edges.containment" OriginId="org.eclipse.mylyn.core.model.interest.propagation" StartDate="2014-10-02 13:25:07.503 JST" StructureHandle="=TA2/src&amp;lt;ta2.main{PlayActv.java#" StructureKind="java" NumEvents="3" CreationCount="71"/><InteractionEvent Delta="null" EndDate="2014-10-02 12:58:42.422 JST" Interest="1.0" Kind="propagation" Navigation="org.eclipse.mylyn.core.model.edges.containment" OriginId="org.eclipse.mylyn.core.model.interest.propagation" StartDate="2014-10-02 12:58:42.422 JST" StructureHandle="/TA2/bin/res" StructureKind="resource"/><InteractionEvent Delta="null" EndDate="2014-10-02 12:52:51.753 JST" Interest="1.0" Kind="propagation" Navigation="null" OriginId="org.eclipse.mylyn.resources.ui.interest.updater" StartDate="2014-10-02 12:52:51.753 JST" StructureHandle="/TA2/res/drawable/actv_main_bt_voice_128x128.png" StructureKind="resource"/><InteractionEvent Delta="null" EndDate="2014-10-02 12:58:42.419 JST" Interest="1.0" Kind="prediction" Navigation="null" OriginId="org.eclipse.mylyn.resources.ui.interest.updater" StartDate="2014-10-02 12:58:42.419 JST" StructureHandle="/TA2/bin/TA2.apk" StructureKind="resource"/><InteractionEvent Delta="null" EndDate="2014-10-02 13:30:38.807 JST" Interest="5.0" Kind="selection" Navigation="null" OriginId="org.eclipse.ui.views.ResourceNavigator" StartDate="2014-10-02 13:24:48.846 JST" StructureHandle="=cm7/src&amp;lt;app.main{PlayActv.java" StructureKind="java" NumEvents="5" CreationCount="61"/><InteractionEvent Delta="null" EndDate="2014-10-02 13:25:07.503 JST" Interest="1.0" Kind="selection" Navigation="null" OriginId="org.eclipse.jdt.ui.CompilationUnitEditor" StartDate="2014-10-02 13:25:07.503 JST" StructureHandle="=TA2/src&amp;lt;ta2.main{PlayActv.java#java.io.File" StructureKind="java"/><InteractionEvent Delta="null" EndDate="2014-10-02 13:30:38.807 JST" Interest="5.017" Kind="propagation" Navigation="org.eclipse.mylyn.core.model.edges.containment" OriginId="org.eclipse.mylyn.core.model.interest.propagation" StartDate="2014-10-02 13:24:45.685 JST" StructureHandle="/cm7/src/app/main" StructureKind="resource" NumEvents="6" CreationCount="60"/><InteractionEvent Delta="null" EndDate="2014-10-02 12:53:22.846 JST" Interest="1.0" Kind="selection" Navigation="null" OriginId="org.eclipse.ui.views.ContentOutline" StartDate="2014-10-02 12:53:22.846 JST" StructureHandle="=IFM11/src&amp;lt;ifm11.tasks{Task_FTP.java[Task_FTP~_onPostExecute__Upload_Image_Multiple~QInteger;" StructureKind="java"/><InteractionEvent Delta="null" EndDate="2014-10-02 13:25:00.749 JST" Interest="2.0" Kind="selection" Navigation="null" OriginId="org.eclipse.jdt.ui.PackageExplorer" StartDate="2014-10-02 12:58:22.105 JST" StructureHandle="=TA2/src&amp;lt;ta2.main{MemoEditActv.java" StructureKind="java" NumEvents="2" CreationCount="41"/><InteractionEvent Delta="null" EndDate="2014-10-02 13:24:38.940 JST" Interest="1.0" Kind="selection" Navigation="null" OriginId="org.eclipse.ui.views.ResourceNavigator" StartDate="2014-10-02 13:24:38.940 JST" StructureHandle="=IFM11" StructureKind="java"/><InteractionEvent Delta="null" EndDate="2014-10-02 12:53:22.887 JST" Interest="1.0" Kind="propagation" Navigation="org.eclipse.mylyn.core.model.edges.containment" OriginId="org.eclipse.mylyn.core.model.interest.propagation" StartDate="2014-10-02 12:53:22.887 JST" StructureHandle="=IFM11" StructureKind="resource"/><InteractionEvent Delta="null" EndDate="2014-10-02 12:58:42.422 JST" Interest="1.0" Kind="propagation" Navigation="org.eclipse.mylyn.core.model.edges.containment" OriginId="org.eclipse.mylyn.core.model.interest.propagation" StartDate="2014-10-02 12:58:42.422 JST" StructureHandle="/TA2/bin/res/crunch" StructureKind="resource"/><InteractionEvent Delta="null" EndDate="2014-10-02 12:53:22.886 JST" Interest="1.0" Kind="propagation" Navigation="org.eclipse.mylyn.core.model.edges.containment" OriginId="org.eclipse.mylyn.core.model.interest.propagation" StartDate="2014-10-02 12:53:22.886 JST" StructureHandle="/IFM11/src/ifm11/tasks" StructureKind="resource"/><InteractionEvent Delta="null" EndDate="2014-10-02 12:53:22.886 JST" Interest="1.0" Kind="propagation" Navigation="null" OriginId="org.eclipse.ui.views.ContentOutline" StartDate="2014-10-02 12:53:22.886 JST" StructureHandle="/IFM11/src/ifm11/tasks/Task_FTP.java" StructureKind="resource"/><InteractionEvent Delta="null" EndDate="2014-10-02 13:43:53.981 JST" Interest="265.0" Kind="propagation" Navigation="null" OriginId="org.eclipse.jdt.ui.PackageExplorer" StartDate="2014-10-02 12:47:03.697 JST" StructureHandle="/" StructureKind="resource" NumEvents="265" CreationCount="1"/><InteractionEvent Delta="null" EndDate="2014-10-02 13:26:38.129 JST" Interest="4.0" Kind="edit" Navigation="null" OriginId="org.eclipse.jdt.ui.CompilationUnitEditor" StartDate="2014-10-02 13:26:34.128 JST" StructureHandle="=TA2/src&amp;lt;ta2.main{PlayActv.java[PlayActv~onOptionsItemSelected~QMenuItem;" StructureKind="java" NumEvents="4" CreationCount="117"/><InteractionEvent Delta="null" EndDate="2014-10-02 13:26:31.562 JST" Interest="1.0" Kind="selection" Navigation="null" OriginId="org.eclipse.jdt.ui.CompilationUnitEditor" StartDate="2014-10-02 13:26:31.562 JST" StructureHandle="=TA2/src&amp;lt;ta2.main{PlayActv.java[PlayActv~onOptionsItemSelected~QMenuItem;" StructureKind="java"/><InteractionEvent Delta="null" EndDate="2014-10-02 13:24:40.182 JST" Interest="1.0" Kind="selection" Navigation="null" OriginId="org.eclipse.ui.views.ResourceNavigator" StartDate="2014-10-02 13:24:40.182 JST" StructureHandle="=cm7" StructureKind="java"/><InteractionEvent Delta="null" EndDate="2014-10-02 13:30:39.906 JST" Interest="5.0510006" Kind="propagation" Navigation="org.eclipse.mylyn.core.model.edges.containment" OriginId="org.eclipse.mylyn.core.model.interest.propagation" StartDate="2014-10-02 13:24:43.840 JST" StructureHandle="=cm7" StructureKind="resource" NumEvents="8" CreationCount="58"/><InteractionEvent Delta="null" EndDate="2014-10-02 12:52:40.948 JST" Interest="2.0" Kind="selection" Navigation="null" OriginId="org.eclipse.jdt.ui.PackageExplorer" StartDate="2014-10-02 12:50:45.454 JST" StructureHandle="/TA2/res/drawable/actv_main_bt_voice.png" StructureKind="resource" NumEvents="2" CreationCount="11"/><InteractionEvent Delta="null" EndDate="2014-10-02 12:50:43.997 JST" Interest="1.0" Kind="propagation" Navigation="null" OriginId="org.eclipse.mylyn.resources.ui.interest.updater" StartDate="2014-10-02 12:50:43.997 JST" StructureHandle="/TA2/res/drawable/actv_main_bt_voice.png" StructureKind="resource"/><InteractionEvent Delta="null" EndDate="2014-10-02 13:30:17.867 JST" Interest="4.0" Kind="propagation" Navigation="null" OriginId="org.eclipse.jdt.ui.PackageExplorer" StartDate="2014-10-02 13:30:10.26 JST" StructureHandle="/TA2/src/ta2/main/TEMPLATEActv.java" StructureKind="resource" NumEvents="4" CreationCount="224"/><InteractionEvent Delta="null" EndDate="2014-10-02 13:30:24.839 JST" Interest="1.0" Kind="edit" Navigation="null" OriginId="org.eclipse.jdt.ui.CompilationUnitEditor" StartDate="2014-10-02 13:30:24.839 JST" StructureHandle="=TA2/src&amp;lt;ta2.main{RecActv.java[RecActv~_onCreate_SetupViews" StructureKind="java"/><InteractionEvent Delta="null" EndDate="2014-10-02 13:30:24.822 JST" Interest="1.0" Kind="selection" Navigation="null" OriginId="org.eclipse.jdt.ui.CompilationUnitEditor" StartDate="2014-10-02 13:30:24.822 JST" StructureHandle="=TA2/src&amp;lt;ta2.main{RecActv.java[RecActv~_onCreate_SetupViews" StructureKind="java"/><InteractionEvent Delta="null" EndDate="2014-10-02 13:30:38.824 JST" Interest="5.0340004" Kind="propagation" Navigation="org.eclipse.mylyn.core.model.edges.containment" OriginId="org.eclipse.mylyn.core.model.interest.propagation" StartDate="2014-10-02 13:24:43.840 JST" StructureHandle="=cm7/src" StructureKind="java" NumEvents="7" CreationCount="59"/><InteractionEvent Delta="null" EndDate="2014-10-02 12:58:32.14 JST" Interest="1.0" Kind="selection" Navigation="null" OriginId="org.eclipse.jdt.ui.CompilationUnitEditor" StartDate="2014-10-02 12:58:32.14 JST" StructureHandle="=TA2/src&amp;lt;ta2.main{MainActv.java#" StructureKind="java"/><InteractionEvent Delta="null" EndDate="2014-10-02 13:24:51.75 JST" Interest="2.034" Kind="propagation" Navigation="org.eclipse.mylyn.core.model.edges.containment" OriginId="org.eclipse.mylyn.core.model.interest.propagation" StartDate="2014-10-02 13:00:36.586 JST" StructureHandle="=TA2/src&amp;lt;ta2.main{MainActv.java#" StructureKind="java" NumEvents="4" CreationCount="47"/><InteractionEvent Delta="null" EndDate="2014-10-02 12:53:22.888 JST" Interest="1.0" Kind="propagation" Navigation="org.eclipse.mylyn.core.model.edges.containment" OriginId="org.eclipse.mylyn.core.model.interest.propagation" StartDate="2014-10-02 12:53:22.888 JST" StructureHandle="=IFM11/src&amp;lt;ifm11.tasks{Task_FTP.java" StructureKind="java"/><InteractionEvent Delta="null" EndDate="2014-10-02 12:58:42.419 JST" Interest="1.0" Kind="propagation" Navigation="org.eclipse.mylyn.core.model.edges.containment" OriginId="org.eclipse.mylyn.core.model.interest.propagation" StartDate="2014-10-02 12:58:42.419 JST" StructureHandle="/TA2/bin" StructureKind="resource"/><InteractionEvent Delta="null" EndDate="2014-10-02 13:04:21.73 JST" Interest="2.0" Kind="selection" Navigation="null" OriginId="org.eclipse.jdt.ui.PackageExplorer" StartDate="2014-10-02 12:58:22.898 JST" StructureHandle="=TA2/src&amp;lt;ta2.main{ShowListActv.java" StructureKind="java" NumEvents="2" CreationCount="42"/><InteractionEvent Delta="null" EndDate="2014-10-02 13:30:38.823 JST" Interest="5.0340004" Kind="propagation" Navigation="org.eclipse.mylyn.core.model.edges.containment" OriginId="org.eclipse.mylyn.core.model.interest.propagation" StartDate="2014-10-02 13:24:43.840 JST" StructureHandle="/cm7/src/app" StructureKind="resource" NumEvents="7" CreationCount="59"/><InteractionEvent Delta="null" EndDate="2014-10-02 13:43:53.979 JST" Interest="194.051" Kind="propagation" Navigation="null" OriginId="org.eclipse.jdt.ui.PackageExplorer" StartDate="2014-10-02 12:58:20.390 JST" StructureHandle="/TA2/src/ta2/main" StructureKind="resource" NumEvents="198" CreationCount="40"/><InteractionEvent Delta="null" EndDate="2014-10-02 13:30:17.867 JST" Interest="3.0" Kind="selection" Navigation="null" OriginId="org.eclipse.jdt.ui.PackageExplorer" StartDate="2014-10-02 13:30:12.613 JST" StructureHandle="=TA2/src&amp;lt;ta2.main{TEMPLATEActv.java" StructureKind="java" NumEvents="3" CreationCount="224"/><InteractionEvent Delta="null" EndDate="2014-10-02 13:30:10.25 JST" Interest="1.0" Kind="propagation" Navigation="null" OriginId="org.eclipse.mylyn.resources.ui.interest.updater" StartDate="2014-10-02 13:30:10.25 JST" StructureHandle="=TA2/src&amp;lt;ta2.main{TEMPLATEActv.java" StructureKind="java"/><InteractionEvent Delta="null" EndDate="2014-10-02 13:43:53.976 JST" Interest="9.602" Kind="propagation" Navigation="org.eclipse.mylyn.core.model.edges.containment" OriginId="org.eclipse.mylyn.core.model.interest.propagation" StartDate="2014-10-02 13:30:24.823 JST" StructureHandle="=TA2/src&amp;lt;ta2.main{RecActv.java[RecActv" StructureKind="java" NumEvents="12" CreationCount="230"/><InteractionEvent Delta="null" EndDate="2014-10-02 13:43:53.980 JST" Interest="196.068" Kind="propagation" Navigation="null" OriginId="org.eclipse.jdt.ui.PackageExplorer" StartDate="2014-10-02 12:58:17.987 JST" StructureHandle="/TA2/src" StructureKind="resource" NumEvents="200" CreationCount="39"/><InteractionEvent Delta="null" EndDate="2014-10-02 13:30:39.906 JST" Interest="1.0" Kind="propagation" Navigation="null" OriginId="org.eclipse.ui.views.ResourceNavigator" StartDate="2014-10-02 13:30:39.906 JST" StructureHandle="/cm7/src/app/listeners" StructureKind="resource"/><InteractionEvent Delta="null" EndDate="2014-10-02 12:58:15.813 JST" Interest="5.0" Kind="selection" Navigation="null" OriginId="org.eclipse.jdt.ui.PackageExplorer" StartDate="2014-10-02 12:53:05.753 JST" StructureHandle="/TA2/res/layout" StructureKind="resource" NumEvents="5" CreationCount="20"/><InteractionEvent Delta="null" EndDate="2014-10-02 12:57:38.374 JST" Interest="5.534" Kind="propagation" Navigation="org.eclipse.mylyn.core.model.edges.containment" OriginId="org.eclipse.mylyn.core.model.interest.propagation" StartDate="2014-10-02 12:53:09.266 JST" StructureHandle="/TA2/res/layout" StructureKind="resource" NumEvents="9" CreationCount="20"/><InteractionEvent Delta="null" EndDate="2014-10-02 12:47:03.696 JST" Interest="1.0" Kind="selection" Navigation="null" OriginId="org.eclipse.jdt.ui.PackageExplorer" StartDate="2014-10-02 12:47:03.696 JST" StructureHandle="=TA2" StructureKind="java"/><InteractionEvent Delta="null" EndDate="2014-10-02 13:43:53.977 JST" Interest="193.81299" Kind="propagation" Navigation="org.eclipse.mylyn.core.model.edges.containment" OriginId="org.eclipse.mylyn.core.model.interest.propagation" StartDate="2014-10-02 12:47:07.753 JST" StructureHandle="=TA2" StructureKind="resource" NumEvents="207" CreationCount="54"/><InteractionEvent Delta="null" EndDate="2014-10-02 13:24:30.312 JST" Interest="11.0" Kind="selection" Navigation="null" OriginId="org.eclipse.jdt.ui.PackageExplorer" StartDate="2014-10-02 12:47:09.480 JST" StructureHandle="/TA2/res/drawable" StructureKind="resource" NumEvents="11" CreationCount="3"/><InteractionEvent Delta="null" EndDate="2014-10-02 12:50:07.693 JST" Interest="2.068" Kind="propagation" Navigation="org.eclipse.mylyn.core.model.edges.containment" OriginId="org.eclipse.mylyn.core.model.interest.propagation" StartDate="2014-10-02 12:47:13.518 JST" StructureHandle="/TA2/res/drawable" StructureKind="resource" NumEvents="6" CreationCount="3"/><InteractionEvent Delta="null" EndDate="2014-10-02 13:29:39.304 JST" Interest="28.0" Kind="edit" Navigation="null" OriginId="org.eclipse.jdt.ui.CompilationUnitEditor" StartDate="2014-10-02 13:27:34.858 JST" StructureHandle="=TA2/src&amp;lt;ta2.main{PlayActv.java[PlayActv~onCreate~QBundle;" StructureKind="java" NumEvents="28" CreationCount="146"/><InteractionEvent Delta="null" EndDate="2014-10-02 13:29:36.52 JST" Interest="7.0" Kind="selection" Navigation="null" OriginId="org.eclipse.jdt.ui.CompilationUnitEditor" StartDate="2014-10-02 13:27:34.295 JST" StructureHandle="=TA2/src&amp;lt;ta2.main{PlayActv.java[PlayActv~onCreate~QBundle;" StructureKind="java" NumEvents="7" CreationCount="146"/><InteractionEvent Delta="null" EndDate="2014-10-02 12:55:39.480 JST" Interest="5.0" Kind="edit" Navigation="null" OriginId="com.android.ide.eclipse.editors.CommonXmlEditor" StartDate="2014-10-02 12:53:13.0 JST" StructureHandle="/TA2/res/layout/actv_main.xml" StructureKind="resource" NumEvents="5" CreationCount="22"/><InteractionEvent Delta="null" EndDate="2014-10-02 13:04:27.968 JST" Interest="4.0" Kind="selection" Navigation="null" OriginId="com.android.ide.eclipse.editors.CommonXmlEditor" StartDate="2014-10-02 12:53:09.867 JST" StructureHandle="/TA2/res/layout/actv_main.xml" StructureKind="resource" NumEvents="4" CreationCount="22"/><InteractionEvent Delta="null" EndDate="2014-10-02 13:29:34.135 JST" Interest="2.0" Kind="edit" Navigation="null" OriginId="org.eclipse.jdt.ui.CompilationUnitEditor" StartDate="2014-10-02 13:29:32.461 JST" StructureHandle="=TA2/src&amp;lt;ta2.main{PlayActv.java[PlayActv~_onCreate_InitVars" StructureKind="java" NumEvents="2" CreationCount="80"/><InteractionEvent Delta="null" EndDate="2014-10-02 13:29:29.551 JST" Interest="4.0" Kind="selection" Navigation="null" OriginId="org.eclipse.jdt.ui.CompilationUnitEditor" StartDate="2014-10-02 13:25:29.235 JST" StructureHandle="=TA2/src&amp;lt;ta2.main{PlayActv.java[PlayActv~_onCreate_InitVars" StructureKind="java" NumEvents="4" CreationCount="80"/><InteractionEvent Delta="null" EndDate="2014-10-02 13:29:04.224 JST" Interest="0.95500016" Kind="manipulation" Navigation="null" OriginId="org.eclipse.mylyn.core.model.interest.decay.correction" StartDate="2014-10-02 13:29:04.224 JST" StructureHandle="=TA2/src&amp;lt;ta2.main{PlayActv.java[PlayActv~_onCreate_InitVars" StructureKind="java"/><InteractionEvent Delta="null" EndDate="2014-10-02 12:52:57.73 JST" Interest="4.0" Kind="selection" Navigation="null" OriginId="org.eclipse.jdt.ui.PackageExplorer" StartDate="2014-10-02 12:47:22.572 JST" StructureHandle="/TA2/res/drawable/actv_main_bt_memo.png" StructureKind="resource" NumEvents="4" CreationCount="7"/><InteractionEvent Delta="null" EndDate="2014-10-02 13:43:53.977 JST" Interest="20.0" Kind="propagation" Navigation="null" OriginId="org.eclipse.jdt.ui.PackageExplorer" StartDate="2014-10-02 13:30:24.823 JST" StructureHandle="/TA2/src/ta2/main/RecActv.java" StructureKind="resource" NumEvents="20" CreationCount="230"/><InteractionEvent Delta="null" EndDate="2014-10-02 13:30:50.98 JST" Interest="4.0" Kind="selection" Navigation="null" OriginId="org.eclipse.jdt.ui.PackageExplorer" StartDate="2014-10-02 13:25:01.710 JST" StructureHandle="=TA2/src&amp;lt;ta2.main{RecActv.java" StructureKind="java" NumEvents="4" CreationCount="68"/><InteractionEvent Delta="null" EndDate="2014-10-02 13:43:53.978 JST" Interest="8.356001" Kind="propagation" Navigation="org.eclipse.mylyn.core.model.edges.containment" OriginId="org.eclipse.mylyn.core.model.interest.propagation" StartDate="2014-10-02 13:43:51.942 JST" StructureHandle="=TA2/src&amp;lt;ta2.main{RecActv.java" StructureKind="java" NumEvents="3" CreationCount="68"/><InteractionEvent Delta="null" EndDate="2014-10-02 13:04:21.74 JST" Interest="2.0" Kind="propagation" Navigation="null" OriginId="org.eclipse.jdt.ui.PackageExplorer" StartDate="2014-10-02 12:58:22.899 JST" StructureHandle="/TA2/src/ta2/main/ShowListActv.java" StructureKind="resource" NumEvents="2" CreationCount="42"/><InteractionEvent Delta="null" EndDate="2014-10-02 13:30:44.541 JST" Interest="1.0" Kind="selection" Navigation="null" OriginId="org.eclipse.ui.views.ResourceNavigator" StartDate="2014-10-02 13:30:44.541 JST" StructureHandle="/cm7/res" StructureKind="resource"/><InteractionEvent Delta="null" EndDate="2014-10-02 13:30:48.520 JST" Interest="0.03399998" Kind="propagation" Navigation="org.eclipse.mylyn.core.model.edges.containment" OriginId="org.eclipse.mylyn.core.model.interest.propagation" StartDate="2014-10-02 13:30:46.720 JST" StructureHandle="/cm7/res" StructureKind="resource" NumEvents="2" CreationCount="248"/><InteractionEvent Delta="null" EndDate="2014-10-02 12:58:42.418 JST" Interest="1.0" Kind="prediction" Navigation="null" OriginId="org.eclipse.mylyn.resources.ui.interest.updater" StartDate="2014-10-02 12:58:42.418 JST" StructureHandle="/TA2/bin/classes.dex" StructureKind="resource"/><InteractionEvent Delta="null" EndDate="2014-10-02 12:58:25.70 JST" Interest="1.0" Kind="edit" Navigation="null" OriginId="org.eclipse.jdt.ui.CompilationUnitEditor" StartDate="2014-10-02 12:58:25.70 JST" StructureHandle="=TA2/src&amp;lt;ta2.main{MainActv.java" StructureKind="java"/><InteractionEvent Delta="null" EndDate="2014-10-02 13:24:50.951 JST" Interest="4.0" Kind="selection" Navigation="null" OriginId="org.eclipse.jdt.ui.CompilationUnitEditor" StartDate="2014-10-02 12:58:24.283 JST" StructureHandle="=TA2/src&amp;lt;ta2.main{MainActv.java" StructureKind="java" NumEvents="4" CreationCount="43"/><InteractionEvent Delta="null" EndDate="2014-10-02 12:52:40.640 JST" Interest="1.0" Kind="selection" Navigation="null" OriginId="org.eclipse.jdt.ui.PackageExplorer" StartDate="2014-10-02 12:52:40.640 JST" StructureHandle="/TA2/res/drawable/actv_main_bt_voice_128x128_disabled.png" StructureKind="resource"/><InteractionEvent Delta="null" EndDate="2014-10-02 12:52:39.406 JST" Interest="1.0" Kind="propagation" Navigation="null" OriginId="org.eclipse.mylyn.resources.ui.interest.updater" StartDate="2014-10-02 12:52:39.406 JST" StructureHandle="/TA2/res/drawable/actv_main_bt_voice_128x128_disabled.png" StructureKind="resource"/><InteractionEvent Delta="null" EndDate="2014-10-02 12:53:22.885 JST" Interest="1.0" Kind="propagation" Navigation="org.eclipse.mylyn.core.model.edges.containment" OriginId="org.eclipse.mylyn.core.model.interest.propagation" StartDate="2014-10-02 12:53:22.885 JST" StructureHandle="=IFM11/src&amp;lt;ifm11.tasks{Task_FTP.java[Task_FTP" StructureKind="java"/><InteractionEvent Delta="null" EndDate="2014-10-02 13:30:44.40 JST" Interest="1.0" Kind="selection" Navigation="null" OriginId="org.eclipse.ui.views.ResourceNavigator" StartDate="2014-10-02 13:30:44.40 JST" StructureHandle="/cm7/libs" StructureKind="resource"/><InteractionEvent Delta="null" EndDate="2014-10-02 12:52:58.861 JST" Interest="2.0" Kind="selection" Navigation="null" OriginId="org.eclipse.jdt.ui.PackageExplorer" StartDate="2014-10-02 12:47:07.753 JST" StructureHandle="/TA2/res" StructureKind="resource" NumEvents="2" CreationCount="2"/><InteractionEvent Delta="null" EndDate="2014-10-02 13:24:30.312 JST" Interest="11.085" Kind="propagation" Navigation="org.eclipse.mylyn.core.model.edges.containment" OriginId="org.eclipse.mylyn.core.model.interest.propagation" StartDate="2014-10-02 12:47:09.481 JST" StructureHandle="/TA2/res" StructureKind="resource" NumEvents="19" CreationCount="2"/><InteractionEvent Delta="null" EndDate="2014-10-02 13:29:25.515 JST" Interest="3.0" Kind="edit" Navigation="null" OriginId="org.eclipse.jdt.ui.CompilationUnitEditor" StartDate="2014-10-02 13:29:19.584 JST" StructureHandle="=TA2/src&amp;lt;ta2.main{PlayActv.java[PlayActv~_onCreate_SetListeners" StructureKind="java" NumEvents="3" CreationCount="82"/><InteractionEvent Delta="null" EndDate="2014-10-02 13:29:15.485 JST" Interest="7.0" Kind="selection" Navigation="null" OriginId="org.eclipse.jdt.ui.CompilationUnitEditor" StartDate="2014-10-02 13:25:29.241 JST" StructureHandle="=TA2/src&amp;lt;ta2.main{PlayActv.java[PlayActv~_onCreate_SetListeners" StructureKind="java" NumEvents="7" CreationCount="82"/><InteractionEvent Delta="null" EndDate="2014-10-02 13:28:51.831 JST" Interest="0.7170001" Kind="manipulation" Navigation="null" OriginId="org.eclipse.mylyn.core.model.interest.decay.correction" StartDate="2014-10-02 13:28:51.831 JST" StructureHandle="=TA2/src&amp;lt;ta2.main{PlayActv.java[PlayActv~_onCreate_SetListeners" StructureKind="java"/><InteractionEvent Delta="null" EndDate="2014-10-02 13:26:28.87 JST" Interest="5.0" Kind="edit" Navigation="null" OriginId="org.eclipse.jdt.ui.CompilationUnitEditor" StartDate="2014-10-02 13:26:22.474 JST" StructureHandle="=TA2/src&amp;lt;ta2.main{PlayActv.java[PlayActv~onDestroy" StructureKind="java" NumEvents="5" CreationCount="111"/><InteractionEvent Delta="null" EndDate="2014-10-02 13:26:18.267 JST" Interest="1.0" Kind="selection" Navigation="null" OriginId="org.eclipse.jdt.ui.CompilationUnitEditor" StartDate="2014-10-02 13:26:18.267 JST" StructureHandle="=TA2/src&amp;lt;ta2.main{PlayActv.java[PlayActv~onDestroy" StructureKind="java"/><InteractionEvent Delta="null" EndDate="2014-10-02 13:30:39.905 JST" Interest="1.0" Kind="selection" Navigation="null" OriginId="org.eclipse.ui.views.ResourceNavigator" StartDate="2014-10-02 13:30:39.905 JST" StructureHandle="=cm7/src&amp;lt;app.listeners" StructureKind="java"/><InteractionEvent Delta="null" EndDate="2014-10-02 13:30:48.521 JST" Interest="13.0" Kind="propagation" Navigation="null" OriginId="org.eclipse.ui.views.ResourceNavigator" StartDate="2014-10-02 13:24:40.182 JST" StructureHandle="/cm7" StructureKind="resource" NumEvents="13" CreationCount="58"/><InteractionEvent Delta="null" EndDate="2014-10-02 13:26:14.405 JST" Interest="2.0" Kind="edit" Navigation="null" OriginId="org.eclipse.jdt.ui.CompilationUnitEditor" StartDate="2014-10-02 13:26:11.529 JST" StructureHandle="=TA2/src&amp;lt;ta2.main{PlayActv.java[PlayActv~onCreateOptionsMenu~QMenu;" StructureKind="java" NumEvents="2" CreationCount="108"/><InteractionEvent Delta="null" EndDate="2014-10-02 13:26:10.606 JST" Interest="1.0" Kind="selection" Navigation="null" OriginId="org.eclipse.jdt.ui.CompilationUnitEditor" StartDate="2014-10-02 13:26:10.606 JST" StructureHandle="=TA2/src&amp;lt;ta2.main{PlayActv.java[PlayActv~onCreateOptionsMenu~QMenu;" StructureKind="java"/><InteractionEvent Delta="null" EndDate="2014-10-02 13:30:30.463 JST" Interest="2.0" Kind="edit" Navigation="null" OriginId="org.eclipse.jdt.ui.CompilationUnitEditor" StartDate="2014-10-02 13:30:26.879 JST" StructureHandle="=TA2/src&amp;lt;ta2.main{RecActv.java[RecActv~onCreateOptionsMenu~QMenu;" StructureKind="java" NumEvents="2" CreationCount="232"/><InteractionEvent Delta="null" EndDate="2014-10-02 13:30:34.46 JST" Interest="4.0" Kind="selection" Navigation="null" OriginId="org.eclipse.jdt.ui.CompilationUnitEditor" StartDate="2014-10-02 13:30:26.140 JST" StructureHandle="=TA2/src&amp;lt;ta2.main{RecActv.java[RecActv~onCreateOptionsMenu~QMenu;" StructureKind="java" NumEvents="4" CreationCount="232"/><InteractionEvent Delta="null" EndDate="2014-10-02 13:30:57.197 JST" Interest="1.0" Kind="selection" Navigation="null" OriginId="com.android.ide.eclipse.editors.CommonXmlEditor" StartDate="2014-10-02 13:30:57.197 JST" StructureHandle="/TA2/res/layout/actv_play.xml" StructureKind="resource"/><InteractionEvent Delta="null" EndDate="2014-10-02 13:30:54.625 JST" Interest="1.0" Kind="propagation" Navigation="null" OriginId="org.eclipse.mylyn.resources.ui.interest.updater" StartDate="2014-10-02 13:30:54.625 JST" StructureHandle="/TA2/res/layout/actv_play.xml" StructureKind="resource"/><InteractionEvent Delta="null" EndDate="2014-10-02 13:30:01.545 JST" Interest="22.0" Kind="edit" Navigation="null" OriginId="org.eclipse.jdt.ui.CompilationUnitEditor" StartDate="2014-10-02 13:25:33.678 JST" StructureHandle="=TA2/src&amp;lt;ta2.main{PlayActv.java[PlayActv~_onCreate_SetupViews" StructureKind="java" NumEvents="22" CreationCount="83"/><InteractionEvent Delta="null" EndDate="2014-10-02 13:30:14.967 JST" Interest="9.0" Kind="selection" Navigation="null" OriginId="org.eclipse.jdt.ui.CompilationUnitEditor" StartDate="2014-10-02 13:25:29.244 JST" StructureHandle="=TA2/src&amp;lt;ta2.main{PlayActv.java[PlayActv~_onCreate_SetupViews" StructureKind="java" NumEvents="9" CreationCount="83"/><InteractionEvent Delta="null" EndDate="2014-10-02 13:30:48.520 JST" Interest="1.0" Kind="selection" Navigation="null" OriginId="org.eclipse.ui.views.ResourceNavigator" StartDate="2014-10-02 13:30:48.520 JST" StructureHandle="/cm7/res/layout/actv_play.xml" StructureKind="resource"/><InteractionEvent Delta="null" EndDate="2014-10-02 13:43:53.981 JST" Interest="252.0" Kind="propagation" Navigation="null" OriginId="org.eclipse.jdt.ui.PackageExplorer" StartDate="2014-10-02 12:47:03.696 JST" StructureHandle="/TA2" StructureKind="resource" NumEvents="252" CreationCount="1"/><InteractionEvent Delta="null" EndDate="2014-10-02 12:47:13.517 JST" Interest="1.0" Kind="selection" Navigation="null" OriginId="org.eclipse.jdt.ui.PackageExplorer" StartDate="2014-10-02 12:47:13.517 JST" StructureHandle="/TA2/res/drawable/actv_main_bt_list.png" StructureKind="resource"/><InteractionEvent Delta="null" EndDate="2014-10-02 13:27:06.452 JST" Interest="9.0" Kind="edit" Navigation="null" OriginId="org.eclipse.jdt.ui.CompilationUnitEditor" StartDate="2014-10-02 13:26:56.787 JST" StructureHandle="=TA2/src&amp;lt;ta2.main{PlayActv.java[PlayActv~onBackPressed" StructureKind="java" NumEvents="9" CreationCount="128"/><InteractionEvent Delta="null" EndDate="2014-10-02 13:26:51.551 JST" Interest="1.0" Kind="selection" Navigation="null" OriginId="org.eclipse.jdt.ui.CompilationUnitEditor" StartDate="2014-10-02 13:26:51.551 JST" StructureHandle="=TA2/src&amp;lt;ta2.main{PlayActv.java[PlayActv~onBackPressed" StructureKind="java"/><InteractionEvent Delta="null" EndDate="2014-10-02 12:47:17.395 JST" Interest="1.0" Kind="selection" Navigation="null" OriginId="org.eclipse.jdt.ui.PackageExplorer" StartDate="2014-10-02 12:47:17.395 JST" StructureHandle="/TA2/res/drawable/actv_main_bt_list_128x128_disabled.png" StructureKind="resource"/><InteractionEvent Delta="null" EndDate="2014-10-02 13:30:14.967 JST" Interest="158.0" Kind="propagation" Navigation="null" OriginId="org.eclipse.jdt.ui.CompilationUnitEditor" StartDate="2014-10-02 13:24:58.956 JST" StructureHandle="/TA2/src/ta2/main/PlayActv.java" StructureKind="resource" NumEvents="158" CreationCount="68"/><InteractionEvent Delta="null" EndDate="2014-10-02 12:53:03.610 JST" Interest="2.0" Kind="selection" Navigation="null" OriginId="org.eclipse.jdt.ui.PackageExplorer" StartDate="2014-10-02 12:47:18.431 JST" StructureHandle="/TA2/res/drawable/actv_main_bt_memo_128x128_disabled.png" StructureKind="resource" NumEvents="2" CreationCount="6"/><InteractionEvent Delta="null" EndDate="2014-10-02 13:24:51.75 JST" Interest="10.0" Kind="propagation" Navigation="null" OriginId="org.eclipse.jdt.ui.CompilationUnitEditor" StartDate="2014-10-02 12:58:24.285 JST" StructureHandle="/TA2/src/ta2/main/MainActv.java" StructureKind="resource" NumEvents="10" CreationCount="43"/><InteractionEvent Delta="null" EndDate="2014-10-02 13:24:43.839 JST" Interest="1.0" Kind="selection" Navigation="null" OriginId="org.eclipse.ui.views.ResourceNavigator" StartDate="2014-10-02 13:24:43.839 JST" StructureHandle="=cm7/src&amp;lt;app" StructureKind="java"/><InteractionEvent Delta="null" EndDate="2014-10-02 13:00:36.585 JST" Interest="1.0" Kind="selection" Navigation="null" OriginId="org.eclipse.jdt.ui.CompilationUnitEditor" StartDate="2014-10-02 13:00:36.585 JST" StructureHandle="=TA2/src&amp;lt;ta2.main{MainActv.java#twitter4j.Status" StructureKind="java"/><InteractionEvent Delta="null" EndDate="2014-10-02 12:53:22.887 JST" Interest="1.0" Kind="propagation" Navigation="org.eclipse.mylyn.core.model.edges.containment" OriginId="org.eclipse.mylyn.core.model.interest.propagation" StartDate="2014-10-02 12:53:22.887 JST" StructureHandle="/IFM11/src" StructureKind="resource"/><InteractionEvent Delta="null" EndDate="2014-10-02 13:25:10.191 JST" Interest="1.0" Kind="selection" Navigation="null" OriginId="org.eclipse.jdt.ui.CompilationUnitEditor" StartDate="2014-10-02 13:25:10.191 JST" StructureHandle="=TA2/src&amp;lt;ta2.main{PlayActv.java#android.app.Activity" StructureKind="java"/><InteractionEvent Delta="null" EndDate="2014-10-02 12:53:22.890 JST" Interest="1.0" Kind="propagation" Navigation="org.eclipse.mylyn.core.model.edges.containment" OriginId="org.eclipse.mylyn.core.model.interest.propagation" StartDate="2014-10-02 12:53:22.890 JST" StructureHandle="=IFM11/src&amp;lt;ifm11.tasks" StructureKind="java"/><InteractionEvent Delta="null" EndDate="2014-10-02 13:24:45.685 JST" Interest="1.0" Kind="selection" Navigation="null" OriginId="org.eclipse.ui.views.ResourceNavigator" StartDate="2014-10-02 13:24:45.685 JST" StructureHandle="=cm7/src&amp;lt;app.main" StructureKind="java"/><InteractionEvent Delta="null" EndDate="2014-10-02 13:30:38.824 JST" Interest="4.017" Kind="propagation" Navigation="org.eclipse.mylyn.core.model.edges.containment" OriginId="org.eclipse.mylyn.core.model.interest.propagation" StartDate="2014-10-02 13:24:48.848 JST" StructureHandle="=cm7/src&amp;lt;app.main" StructureKind="java" NumEvents="5" CreationCount="60"/><InteractionEvent Delta="null" EndDate="2014-10-02 12:58:28.65 JST" Interest="2.0" Kind="selection" Navigation="null" OriginId="org.eclipse.jdt.ui.PackageExplorer" StartDate="2014-10-02 12:58:17.987 JST" StructureHandle="=TA2/src" StructureKind="java" NumEvents="2" CreationCount="39"/><InteractionEvent Delta="null" EndDate="2014-10-02 13:30:50.100 JST" Interest="29.419" Kind="propagation" Navigation="org.eclipse.mylyn.core.model.edges.containment" OriginId="org.eclipse.mylyn.core.model.interest.propagation" StartDate="2014-10-02 12:58:20.391 JST" StructureHandle="=TA2/src" StructureKind="java" NumEvents="49" CreationCount="39"/><InteractionEvent Delta="null" EndDate="2014-10-02 12:53:22.887 JST" Interest="1.0" Kind="propagation" Navigation="org.eclipse.mylyn.core.model.edges.containment" OriginId="org.eclipse.mylyn.core.model.interest.propagation" StartDate="2014-10-02 12:53:22.887 JST" StructureHandle="/IFM11/src/ifm11" StructureKind="resource"/><InteractionEvent Delta="null" EndDate="2014-10-02 13:25:19.29 JST" Interest="2.0" Kind="edit" Navigation="null" OriginId="org.eclipse.jdt.ui.CompilationUnitEditor" StartDate="2014-10-02 13:25:17.877 JST" StructureHandle="=TA2/src&amp;lt;ta2.main{PlayActv.java" StructureKind="java" NumEvents="2" CreationCount="68"/><InteractionEvent Delta="null" EndDate="2014-10-02 13:29:39.305 JST" Interest="25.526001" Kind="propagation" Navigation="org.eclipse.mylyn.core.model.edges.containment" OriginId="org.eclipse.mylyn.core.model.interest.propagation" StartDate="2014-10-02 13:24:58.956 JST" StructureHandle="=TA2/src&amp;lt;ta2.main{PlayActv.java" StructureKind="java" NumEvents="36" CreationCount="68"/><InteractionEvent Delta="null" EndDate="2014-10-02 13:30:39.906 JST" Interest="6.0340004" Kind="propagation" Navigation="null" OriginId="org.eclipse.ui.views.ResourceNavigator" StartDate="2014-10-02 13:24:43.840 JST" StructureHandle="/cm7/src" StructureKind="resource" NumEvents="8" CreationCount="59"/><InteractionEvent Delta="null" EndDate="2014-10-02 13:24:51.52 JST" Interest="3.0" Kind="selection" Navigation="null" OriginId="org.eclipse.jdt.ui.CompilationUnitEditor" StartDate="2014-10-02 13:03:09.12 JST" StructureHandle="=TA2/src&amp;lt;ta2.main{MainActv.java#twitter4j.Twitter" StructureKind="java" NumEvents="3" CreationCount="49"/><InteractionEvent Delta="null" EndDate="2014-10-02 13:30:46.720 JST" Interest="1.0" Kind="selection" Navigation="null" OriginId="org.eclipse.ui.views.ResourceNavigator" StartDate="2014-10-02 13:30:46.720 JST" StructureHandle="/cm7/res/layout" StructureKind="resource"/><InteractionEvent Delta="null" EndDate="2014-10-02 13:30:48.520 JST" Interest="0.01700002" Kind="propagation" Navigation="org.eclipse.mylyn.core.model.edges.containment" OriginId="org.eclipse.mylyn.core.model.interest.propagation" StartDate="2014-10-02 13:30:48.520 JST" StructureHandle="/cm7/res/layout" StructureKind="resource"/><InteractionEvent Delta="null" EndDate="2014-10-02 13:27:21.169 JST" Interest="5.0" Kind="edit" Navigation="null" OriginId="org.eclipse.jdt.ui.CompilationUnitEditor" StartDate="2014-10-02 13:27:09.782 JST" StructureHandle="=TA2/src&amp;lt;ta2.main{PlayActv.java[PlayActv~onActivityResult~I~I~QIntent;" StructureKind="java" NumEvents="5" CreationCount="138"/><InteractionEvent Delta="null" EndDate="2014-10-02 13:28:41.753 JST" Interest="3.0" Kind="selection" Navigation="null" OriginId="org.eclipse.jdt.ui.CompilationUnitEditor" StartDate="2014-10-02 13:27:08.781 JST" StructureHandle="=TA2/src&amp;lt;ta2.main{PlayActv.java[PlayActv~onActivityResult~I~I~QIntent;" StructureKind="java" NumEvents="3" CreationCount="138"/><InteractionEvent Delta="null" EndDate="2014-10-02 12:58:42.418 JST" Interest="1.0" Kind="prediction" Navigation="null" OriginId="org.eclipse.mylyn.resources.ui.interest.updater" StartDate="2014-10-02 12:58:42.418 JST" StructureHandle="/TA2/bin/resources.ap_" StructureKind="resource"/><InteractionEvent Delta="null" EndDate="2014-10-02 12:53:22.891 JST" Interest="1.0" Kind="propagation" Navigation="org.eclipse.mylyn.core.model.edges.containment" OriginId="org.eclipse.mylyn.core.model.interest.propagation" StartDate="2014-10-02 12:53:22.891 JST" StructureHandle="=IFM11/src" StructureKind="java"/><InteractionEvent Delta="null" EndDate="2014-10-02 13:43:53.171 JST" Interest="5.0" Kind="edit" Navigation="null" OriginId="org.eclipse.jdt.ui.CompilationUnitEditor" StartDate="2014-10-02 13:30:35.137 JST" StructureHandle="=TA2/src&amp;lt;ta2.main{RecActv.java[RecActv~onCreate~QBundle;" StructureKind="java" NumEvents="5" CreationCount="236"/><InteractionEvent Delta="null" EndDate="2014-10-02 13:43:53.976 JST" Interest="6.0" Kind="selection" Navigation="null" OriginId="org.eclipse.jdt.ui.PackageExplorer" StartDate="2014-10-02 13:30:33.956 JST" StructureHandle="=TA2/src&amp;lt;ta2.main{RecActv.java[RecActv~onCreate~QBundle;" StructureKind="java" NumEvents="6" CreationCount="236"/></InteractionHistory>