<?xml version="1.0" encoding="UTF-8"?><InteractionHistory Id="local-80" Version="1"><InteractionEvent Delta="null" EndDate="2014-09-16 21:02:33.39 JST" Interest="1.0" Kind="selection" Navigation="null" OriginId="org.eclipse.ui.views.ContentOutline" StartDate="2014-09-16 21:02:33.39 JST" StructureHandle="=SL3/src&amp;lt;sl.main{TabActv.java%sl.main" StructureKind="java"/><InteractionEvent Delta="null" EndDate="2014-09-16 21:02:17.483 JST" Interest="1.0" Kind="selection" Navigation="null" OriginId="org.eclipse.jdt.ui.PackageExplorer" StartDate="2014-09-16 21:02:17.483 JST" StructureHandle="=SL3/src&amp;lt;sl.main" StructureKind="java"/><InteractionEvent Delta="null" EndDate="2014-09-16 21:07:45.574 JST" Interest="34.385" Kind="propagation" Navigation="org.eclipse.mylyn.core.model.edges.containment" OriginId="org.eclipse.mylyn.core.model.interest.propagation" StartDate="2014-09-16 21:02:19.644 JST" StructureHandle="=SL3/src&amp;lt;sl.main" StructureKind="java" NumEvents="52" CreationCount="52"/><InteractionEvent Delta="null" EndDate="2014-09-16 21:00:50.73 JST" Interest="1.0" Kind="selection" Navigation="null" OriginId="org.eclipse.jdt.ui.CompilationUnitEditor" StartDate="2014-09-16 21:00:50.73 JST" StructureHandle="=SL3/src&amp;lt;sl.utils{Methods_dlg.java[Methods_dlg" StructureKind="java"/><InteractionEvent Delta="null" EndDate="2014-09-16 21:01:19.112 JST" Interest="8.251" Kind="propagation" Navigation="org.eclipse.mylyn.core.model.edges.containment" OriginId="org.eclipse.mylyn.core.model.interest.propagation" StartDate="2014-09-16 21:00:05.469 JST" StructureHandle="=SL3/src&amp;lt;sl.utils{Methods_dlg.java[Methods_dlg" StructureKind="java" NumEvents="12" CreationCount="9"/><InteractionEvent Delta="null" EndDate="2014-09-16 21:17:31.83 JST" Interest="147.034" Kind="propagation" Navigation="org.eclipse.mylyn.core.model.edges.containment" OriginId="org.eclipse.mylyn.core.model.interest.propagation" StartDate="2014-09-16 20:59:46.257 JST" StructureHandle="=SL3" StructureKind="resource" NumEvents="150" CreationCount="1"/><InteractionEvent Delta="null" EndDate="2014-09-16 20:59:46.257 JST" Interest="1.0" Kind="selection" Navigation="null" OriginId="org.eclipse.jdt.ui.PackageExplorer" StartDate="2014-09-16 20:59:46.257 JST" StructureHandle="=SL3/src" StructureKind="java"/><InteractionEvent Delta="null" EndDate="2014-09-16 21:07:45.574 JST" Interest="35.252" Kind="propagation" Navigation="org.eclipse.mylyn.core.model.edges.containment" OriginId="org.eclipse.mylyn.core.model.interest.propagation" StartDate="2014-09-16 20:59:49.804 JST" StructureHandle="=SL3/src" StructureKind="java" NumEvents="58" CreationCount="1"/><InteractionEvent Delta="null" EndDate="2014-09-16 21:02:09.234 JST" Interest="7.0" Kind="edit" Navigation="null" OriginId="org.eclipse.jdt.ui.CompilationUnitEditor" StartDate="2014-09-16 21:01:39.659 JST" StructureHandle="=SL3/src&amp;lt;sl.listeners.dialog{DOI_CL.java[DOI_CL~case_ACTV_TAB_OPT_DB~QListItem;" StructureKind="java" NumEvents="7" CreationCount="41"/><InteractionEvent Delta="null" EndDate="2014-09-16 21:01:38.580 JST" Interest="2.0" Kind="selection" Navigation="null" OriginId="org.eclipse.jdt.ui.CompilationUnitEditor" StartDate="2014-09-16 21:01:38.578 JST" StructureHandle="=SL3/src&amp;lt;sl.listeners.dialog{DOI_CL.java[DOI_CL~case_ACTV_TAB_OPT_DB~QListItem;" StructureKind="java" NumEvents="2" CreationCount="41"/><InteractionEvent Delta="null" EndDate="2014-09-16 21:00:02.73 JST" Interest="1.0" Kind="propagation" Navigation="null" OriginId="org.eclipse.jdt.ui.PackageExplorer" StartDate="2014-09-16 21:00:02.73 JST" StructureHandle="/SL3/src/sl/utils/Methods_sl.java" StructureKind="resource"/><InteractionEvent Delta="null" EndDate="2014-09-16 21:07:33.635 JST" Interest="1.0" Kind="prediction" Navigation="null" OriginId="org.eclipse.mylyn.resources.ui.interest.updater" StartDate="2014-09-16 21:07:33.635 JST" StructureHandle="=SL3/src&amp;lt;sl.listeners{ButtonOnTouchListener.java" StructureKind="java"/><InteractionEvent Delta="null" EndDate="2014-09-16 21:07:45.573 JST" Interest="53.034" Kind="propagation" Navigation="org.eclipse.mylyn.core.model.edges.containment" OriginId="org.eclipse.mylyn.core.model.interest.propagation" StartDate="2014-09-16 21:02:17.483 JST" StructureHandle="/SL3/src/sl/main" StructureKind="resource" NumEvents="55" CreationCount="52"/><InteractionEvent Delta="null" EndDate="2014-09-16 21:07:33.636 JST" Interest="1.0" Kind="prediction" Navigation="null" OriginId="org.eclipse.mylyn.resources.ui.interest.updater" StartDate="2014-09-16 21:07:33.636 JST" StructureHandle="=SL3/src&amp;lt;sl.utils{Tags.java" StructureKind="java"/><InteractionEvent Delta="null" EndDate="2014-09-16 21:00:00.519 JST" Interest="1.0" Kind="selection" Navigation="null" OriginId="org.eclipse.jdt.ui.PackageExplorer" StartDate="2014-09-16 21:00:00.519 JST" StructureHandle="=SL3/src&amp;lt;sl.utils" StructureKind="java"/><InteractionEvent Delta="null" EndDate="2014-09-16 21:02:13.797 JST" Interest="9.319001" Kind="propagation" Navigation="org.eclipse.mylyn.core.model.edges.containment" OriginId="org.eclipse.mylyn.core.model.interest.propagation" StartDate="2014-09-16 21:00:02.73 JST" StructureHandle="=SL3/src&amp;lt;sl.utils" StructureKind="java" NumEvents="19" CreationCount="5"/><InteractionEvent Delta="null" EndDate="2014-09-16 21:07:33.638 JST" Interest="22.033998" Kind="propagation" Navigation="null" OriginId="org.eclipse.mylyn.resources.ui.interest.updater" StartDate="2014-09-16 21:00:00.519 JST" StructureHandle="/SL3/src/sl/utils" StructureKind="resource" NumEvents="24" CreationCount="5"/><InteractionEvent Delta="null" EndDate="2014-09-16 21:02:13.797 JST" Interest="4.0" Kind="selection" Navigation="null" OriginId="org.eclipse.jdt.ui.PackageExplorer" StartDate="2014-09-16 21:00:02.582 JST" StructureHandle="=SL3/src&amp;lt;sl.utils{Methods_dlg.java" StructureKind="java" NumEvents="4" CreationCount="7"/><InteractionEvent Delta="null" EndDate="2014-09-16 21:01:19.113 JST" Interest="6.2850003" Kind="propagation" Navigation="org.eclipse.mylyn.core.model.edges.containment" OriginId="org.eclipse.mylyn.core.model.interest.propagation" StartDate="2014-09-16 21:00:06.150 JST" StructureHandle="=SL3/src&amp;lt;sl.utils{Methods_dlg.java" StructureKind="java" NumEvents="13" CreationCount="7"/><InteractionEvent Delta="null" EndDate="2014-09-16 21:17:24.141 JST" Interest="1.0" Kind="edit" Navigation="null" OriginId="org.eclipse.jdt.ui.CompilationUnitEditor" StartDate="2014-09-16 21:17:24.141 JST" StructureHandle="=SL3/src&amp;lt;sl.listeners{ButtonOnClickListener.java[ButtonOnClickListener~case_register~QView;" StructureKind="java"/><InteractionEvent Delta="null" EndDate="2014-09-16 21:11:54.941 JST" Interest="1.0" Kind="selection" Navigation="null" OriginId="org.eclipse.jdt.ui.CompilationUnitEditor" StartDate="2014-09-16 21:11:54.941 JST" StructureHandle="=SL3/src&amp;lt;sl.listeners{ButtonOnClickListener.java[ButtonOnClickListener~case_register~QView;" StructureKind="java"/><InteractionEvent Delta="null" EndDate="2014-09-16 21:08:32.746 JST" Interest="21.0" Kind="edit" Navigation="null" OriginId="org.eclipse.jdt.ui.CompilationUnitEditor" StartDate="2014-09-16 21:07:57.171 JST" StructureHandle="=SL3/src&amp;lt;sl.listeners{ButtonOnClickListener.java[ButtonOnClickListener~onClick~QView;" StructureKind="java" NumEvents="21" CreationCount="110"/><InteractionEvent Delta="null" EndDate="2014-09-16 21:07:55.573 JST" Interest="1.0" Kind="selection" Navigation="null" OriginId="org.eclipse.jdt.ui.CompilationUnitEditor" StartDate="2014-09-16 21:07:55.573 JST" StructureHandle="=SL3/src&amp;lt;sl.listeners{ButtonOnClickListener.java[ButtonOnClickListener~onClick~QView;" StructureKind="java"/><InteractionEvent Delta="null" EndDate="2014-09-16 21:07:45.573 JST" Interest="35.3" Kind="propagation" Navigation="org.eclipse.mylyn.core.model.edges.containment" OriginId="org.eclipse.mylyn.core.model.interest.propagation" StartDate="2014-09-16 21:02:34.760 JST" StructureHandle="=SL3/src&amp;lt;sl.main{TabActv.java[TabActv" StructureKind="java" NumEvents="50" CreationCount="57"/><InteractionEvent Delta="null" EndDate="2014-09-16 21:02:14.115 JST" Interest="1.0" Kind="propagation" Navigation="null" OriginId="org.eclipse.jdt.ui.PackageExplorer" StartDate="2014-09-16 21:02:14.115 JST" StructureHandle="/SL3/src/sl/listeners/dialog/DialogButtonOnTouchListener.java" StructureKind="resource"/><InteractionEvent Delta="null" EndDate="2014-09-16 21:02:14.115 JST" Interest="26.017" Kind="propagation" Navigation="null" OriginId="org.eclipse.jdt.ui.PackageExplorer" StartDate="2014-09-16 20:59:49.804 JST" StructureHandle="/SL3/src/sl/listeners/dialog" StructureKind="resource" NumEvents="27" CreationCount="2"/><InteractionEvent Delta="null" EndDate="2014-09-16 21:11:33.419 JST" Interest="9.0" Kind="edit" Navigation="null" OriginId="org.eclipse.jdt.ui.CompilationUnitEditor" StartDate="2014-09-16 21:08:37.193 JST" StructureHandle="=SL3/src&amp;lt;sl.listeners{ButtonOnClickListener.java[ButtonOnClickListener~case_ITEMLIST_TABS_BT_CHOOSE" StructureKind="java" NumEvents="9" CreationCount="132"/><InteractionEvent Delta="null" EndDate="2014-09-16 21:08:36.334 JST" Interest="2.0" Kind="selection" Navigation="null" OriginId="org.eclipse.jdt.ui.CompilationUnitEditor" StartDate="2014-09-16 21:08:36.332 JST" StructureHandle="=SL3/src&amp;lt;sl.listeners{ButtonOnClickListener.java[ButtonOnClickListener~case_ITEMLIST_TABS_BT_CHOOSE" StructureKind="java" NumEvents="2" CreationCount="132"/><InteractionEvent Delta="null" EndDate="2014-09-16 21:02:19.643 JST" Interest="1.0" Kind="selection" Navigation="null" OriginId="org.eclipse.jdt.ui.PackageExplorer" StartDate="2014-09-16 21:02:19.643 JST" StructureHandle="=SL3/src&amp;lt;sl.main{RegisterItemActv.java" StructureKind="java"/><InteractionEvent Delta="null" EndDate="2014-09-16 21:02:13.797 JST" Interest="21.0" Kind="propagation" Navigation="null" OriginId="org.eclipse.jdt.ui.PackageExplorer" StartDate="2014-09-16 21:00:02.582 JST" StructureHandle="/SL3/src/sl/utils/Methods_dlg.java" StructureKind="resource" NumEvents="21" CreationCount="7"/><InteractionEvent Delta="null" EndDate="2014-09-16 21:07:51.356 JST" Interest="1.0" Kind="selection" Navigation="null" OriginId="org.eclipse.jdt.ui.CompilationUnitEditor" StartDate="2014-09-16 21:07:51.356 JST" StructureHandle="=SL3/src&amp;lt;sl.listeners{ButtonOnClickListener.java[ButtonOnClickListener~ButtonOnClickListener~QActivity;" StructureKind="java"/><InteractionEvent Delta="null" EndDate="2014-09-16 21:07:53.632 JST" Interest="1.0" Kind="selection" Navigation="null" OriginId="org.eclipse.jdt.ui.CompilationUnitEditor" StartDate="2014-09-16 21:07:53.632 JST" StructureHandle="=SL3/src&amp;lt;sl.listeners{ButtonOnClickListener.java[ButtonOnClickListener~ButtonOnClickListener~QActivity;~QSpinner;~QSpinner;" StructureKind="java"/><InteractionEvent Delta="null" EndDate="2014-09-16 21:02:19.643 JST" Interest="1.0" Kind="propagation" Navigation="null" OriginId="org.eclipse.jdt.ui.PackageExplorer" StartDate="2014-09-16 21:02:19.643 JST" StructureHandle="/SL3/src/sl/main/RegisterItemActv.java" StructureKind="resource"/><InteractionEvent Delta="null" EndDate="2014-09-16 21:17:31.84 JST" Interest="69.017" Kind="propagation" Navigation="null" OriginId="org.eclipse.jdt.ui.CompilationUnitEditor" StartDate="2014-09-16 20:59:49.804 JST" StructureHandle="/SL3/src/sl/listeners" StructureKind="resource" NumEvents="70" CreationCount="2"/><InteractionEvent Delta="null" EndDate="2014-09-16 21:07:45.573 JST" Interest="49.0" Kind="edit" Navigation="null" OriginId="org.eclipse.jdt.ui.CompilationUnitEditor" StartDate="2014-09-16 21:02:34.858 JST" StructureHandle="=SL3/src&amp;lt;sl.main{TabActv.java[TabActv~_Setup_Listeners" StructureKind="java" NumEvents="49" CreationCount="57"/><InteractionEvent Delta="null" EndDate="2014-09-16 21:02:34.759 JST" Interest="1.0" Kind="selection" Navigation="null" OriginId="org.eclipse.ui.views.ContentOutline" StartDate="2014-09-16 21:02:34.759 JST" StructureHandle="=SL3/src&amp;lt;sl.main{TabActv.java[TabActv~_Setup_Listeners" StructureKind="java"/><InteractionEvent Delta="null" EndDate="2014-09-16 21:07:50.628 JST" Interest="1.0" Kind="selection" Navigation="null" OriginId="org.eclipse.jdt.ui.CompilationUnitEditor" StartDate="2014-09-16 21:07:50.628 JST" StructureHandle="=SL3/src&amp;lt;sl.listeners{ButtonOnClickListener.java" StructureKind="java"/><InteractionEvent Delta="null" EndDate="2014-09-16 21:17:31.83 JST" Interest="16.57" Kind="propagation" Navigation="org.eclipse.mylyn.core.model.edges.containment" OriginId="org.eclipse.mylyn.core.model.interest.propagation" StartDate="2014-09-16 21:08:06.934 JST" StructureHandle="=SL3/src&amp;lt;sl.listeners{ButtonOnClickListener.java" StructureKind="java" NumEvents="23" CreationCount="100"/><InteractionEvent Delta="null" EndDate="2014-09-16 21:07:33.636 JST" Interest="1.0" Kind="prediction" Navigation="null" OriginId="org.eclipse.mylyn.resources.ui.interest.updater" StartDate="2014-09-16 21:07:33.636 JST" StructureHandle="=SL3/src&amp;lt;sl.listeners{ButtonOnClickListener.java" StructureKind="java"/><InteractionEvent Delta="null" EndDate="2014-09-16 21:02:14.115 JST" Interest="1.0" Kind="selection" Navigation="null" OriginId="org.eclipse.jdt.ui.PackageExplorer" StartDate="2014-09-16 21:02:14.115 JST" StructureHandle="=SL3/src&amp;lt;sl.listeners.dialog{DialogButtonOnTouchListener.java" StructureKind="java"/><InteractionEvent Delta="null" EndDate="2014-09-16 20:59:49.803 JST" Interest="1.0" Kind="selection" Navigation="null" OriginId="org.eclipse.jdt.ui.PackageExplorer" StartDate="2014-09-16 20:59:49.803 JST" StructureHandle="=SL3/src&amp;lt;sl.listeners.dialog" StructureKind="java"/><InteractionEvent Delta="null" EndDate="2014-09-16 21:01:38.579 JST" Interest="7.657" Kind="propagation" Navigation="org.eclipse.mylyn.core.model.edges.containment" OriginId="org.eclipse.mylyn.core.model.interest.propagation" StartDate="2014-09-16 20:59:50.953 JST" StructureHandle="=SL3/src&amp;lt;sl.listeners.dialog" StructureKind="java" NumEvents="12" CreationCount="2"/><InteractionEvent Delta="null" EndDate="2014-09-16 21:17:31.84 JST" Interest="148.034" Kind="propagation" Navigation="null" OriginId="org.eclipse.jdt.ui.CompilationUnitEditor" StartDate="2014-09-16 20:59:46.257 JST" StructureHandle="/SL3/src" StructureKind="resource" NumEvents="150" CreationCount="1"/><InteractionEvent Delta="null" EndDate="2014-09-16 21:01:37.276 JST" Interest="9.0" Kind="edit" Navigation="null" OriginId="org.eclipse.jdt.ui.CompilationUnitEditor" StartDate="2014-09-16 21:00:27.590 JST" StructureHandle="=SL3/src&amp;lt;sl.listeners.dialog{DOI_CL.java[DOI_CL~onItemClick~QAdapterView\&amp;lt;*&amp;gt;;~QView;~I~J" StructureKind="java" NumEvents="9" CreationCount="23"/><InteractionEvent Delta="null" EndDate="2014-09-16 21:01:20.632 JST" Interest="2.0" Kind="selection" Navigation="null" OriginId="org.eclipse.jdt.ui.CompilationUnitEditor" StartDate="2014-09-16 21:00:24.927 JST" StructureHandle="=SL3/src&amp;lt;sl.listeners.dialog{DOI_CL.java[DOI_CL~onItemClick~QAdapterView\&amp;lt;*&amp;gt;;~QView;~I~J" StructureKind="java" NumEvents="2" CreationCount="23"/><InteractionEvent Delta="null" EndDate="2014-09-16 21:07:45.573 JST" Interest="53.0" Kind="propagation" Navigation="null" OriginId="org.eclipse.jdt.ui.CompilationUnitEditor" StartDate="2014-09-16 21:02:20.314 JST" StructureHandle="/SL3/src/sl/main/TabActv.java" StructureKind="resource" NumEvents="53" CreationCount="54"/><InteractionEvent Delta="null" EndDate="2014-09-16 21:00:02.73 JST" Interest="1.0" Kind="selection" Navigation="null" OriginId="org.eclipse.jdt.ui.PackageExplorer" StartDate="2014-09-16 21:00:02.73 JST" StructureHandle="=SL3/src&amp;lt;sl.utils{Methods_sl.java" StructureKind="java"/><InteractionEvent Delta="null" EndDate="2014-09-16 21:02:09.235 JST" Interest="25.0" Kind="propagation" Navigation="null" OriginId="org.eclipse.jdt.ui.CompilationUnitEditor" StartDate="2014-09-16 20:59:50.952 JST" StructureHandle="/SL3/src/sl/listeners/dialog/DOI_CL.java" StructureKind="resource" NumEvents="25" CreationCount="3"/><InteractionEvent Delta="null" EndDate="2014-09-16 21:17:31.84 JST" Interest="69.017" Kind="propagation" Navigation="org.eclipse.mylyn.core.model.edges.containment" OriginId="org.eclipse.mylyn.core.model.interest.propagation" StartDate="2014-09-16 20:59:49.804 JST" StructureHandle="/SL3/src/sl" StructureKind="resource" NumEvents="72" CreationCount="2"/><InteractionEvent Delta="null" EndDate="2014-09-16 21:17:31.83 JST" Interest="147.034" Kind="propagation" Navigation="org.eclipse.mylyn.core.model.edges.containment" OriginId="org.eclipse.mylyn.core.model.interest.propagation" StartDate="2014-09-16 20:59:46.257 JST" StructureHandle="/" StructureKind="resource" NumEvents="150" CreationCount="1"/><InteractionEvent Delta="null" EndDate="2014-09-16 21:01:19.112 JST" Interest="6.0" Kind="edit" Navigation="null" OriginId="org.eclipse.jdt.ui.CompilationUnitEditor" StartDate="2014-09-16 21:00:12.867 JST" StructureHandle="=SL3/src&amp;lt;sl.utils{Methods_dlg.java[Methods_dlg~dlg_OptMenu_DB~QActivity;" StructureKind="java" NumEvents="6" CreationCount="12"/><InteractionEvent Delta="null" EndDate="2014-09-16 21:01:05.773 JST" Interest="5.0" Kind="selection" Navigation="null" OriginId="org.eclipse.jdt.ui.CompilationUnitEditor" StartDate="2014-09-16 21:00:12.307 JST" StructureHandle="=SL3/src&amp;lt;sl.utils{Methods_dlg.java[Methods_dlg~dlg_OptMenu_DB~QActivity;" StructureKind="java" NumEvents="5" CreationCount="12"/><InteractionEvent Delta="null" EndDate="2014-09-16 21:02:20.559 JST" Interest="2.0" Kind="selection" Navigation="null" OriginId="org.eclipse.jdt.ui.CompilationUnitEditor" StartDate="2014-09-16 21:02:20.314 JST" StructureHandle="=SL3/src&amp;lt;sl.main{TabActv.java" StructureKind="java" NumEvents="2" CreationCount="54"/><InteractionEvent Delta="null" EndDate="2014-09-16 21:07:45.574 JST" Interest="33.350998" Kind="propagation" Navigation="org.eclipse.mylyn.core.model.edges.containment" OriginId="org.eclipse.mylyn.core.model.interest.propagation" StartDate="2014-09-16 21:02:37.609 JST" StructureHandle="=SL3/src&amp;lt;sl.main{TabActv.java" StructureKind="java" NumEvents="48" CreationCount="54"/><InteractionEvent Delta="null" EndDate="2014-09-16 21:07:33.637 JST" Interest="1.0" Kind="propagation" Navigation="null" OriginId="org.eclipse.mylyn.resources.ui.interest.updater" StartDate="2014-09-16 21:07:33.637 JST" StructureHandle="/SL3/src/sl/utils/Tags.java" StructureKind="resource"/><InteractionEvent Delta="null" EndDate="2014-09-16 21:00:23.449 JST" Interest="1.0" Kind="selection" Navigation="null" OriginId="org.eclipse.jdt.ui.CompilationUnitEditor" StartDate="2014-09-16 21:00:23.449 JST" StructureHandle="=SL3/src&amp;lt;sl.listeners.dialog{DOI_CL.java[DOI_CL" StructureKind="java"/><InteractionEvent Delta="null" EndDate="2014-09-16 21:01:37.277 JST" Interest="7.317" Kind="propagation" Navigation="org.eclipse.mylyn.core.model.edges.containment" OriginId="org.eclipse.mylyn.core.model.interest.propagation" StartDate="2014-09-16 21:00:24.928 JST" StructureHandle="=SL3/src&amp;lt;sl.listeners.dialog{DOI_CL.java[DOI_CL" StructureKind="java" NumEvents="11" CreationCount="22"/><InteractionEvent Delta="null" EndDate="2014-09-16 21:07:33.636 JST" Interest="1.0" Kind="propagation" Navigation="null" OriginId="org.eclipse.mylyn.resources.ui.interest.updater" StartDate="2014-09-16 21:07:33.636 JST" StructureHandle="/SL3/src/sl/listeners/ButtonOnTouchListener.java" StructureKind="resource"/><InteractionEvent Delta="null" EndDate="2014-09-16 21:01:20.125 JST" Interest="4.0" Kind="selection" Navigation="null" OriginId="org.eclipse.jdt.ui.CompilationUnitEditor" StartDate="2014-09-16 20:59:50.952 JST" StructureHandle="=SL3/src&amp;lt;sl.listeners.dialog{DOI_CL.java" StructureKind="java" NumEvents="4" CreationCount="3"/><InteractionEvent Delta="null" EndDate="2014-09-16 21:01:37.277 JST" Interest="4.64" Kind="propagation" Navigation="org.eclipse.mylyn.core.model.edges.containment" OriginId="org.eclipse.mylyn.core.model.interest.propagation" StartDate="2014-09-16 21:01:24.590 JST" StructureHandle="=SL3/src&amp;lt;sl.listeners.dialog{DOI_CL.java" StructureKind="java" NumEvents="7" CreationCount="3"/><InteractionEvent Delta="null" EndDate="2014-09-16 21:17:31.83 JST" Interest="42.0" Kind="propagation" Navigation="null" OriginId="org.eclipse.jdt.ui.CompilationUnitEditor" StartDate="2014-09-16 21:07:33.638 JST" StructureHandle="/SL3/src/sl/listeners/ButtonOnClickListener.java" StructureKind="resource" NumEvents="42" CreationCount="100"/><InteractionEvent Delta="null" EndDate="2014-09-16 21:00:06.149 JST" Interest="2.0" Kind="selection" Navigation="null" OriginId="org.eclipse.ui.views.ContentOutline" StartDate="2014-09-16 21:00:05.469 JST" StructureHandle="=SL3/src&amp;lt;sl.utils{Methods_dlg.java[Methods_dlg~dlg_db_activity~QActivity;" StructureKind="java" NumEvents="2" CreationCount="9"/><InteractionEvent Delta="null" EndDate="2014-09-16 21:00:12.384 JST" Interest="3.0" Kind="selection" Navigation="null" OriginId="org.eclipse.jdt.ui.CompilationUnitEditor" StartDate="2014-09-16 21:00:07.194 JST" StructureHandle="=SL3/src&amp;lt;sl.utils{Methods_dlg.java[Methods_dlg~dlg_OptMenu_Lists~QActivity;" StructureKind="java" NumEvents="3" CreationCount="11"/><InteractionEvent Delta="null" EndDate="2014-09-16 21:17:31.83 JST" Interest="18.57" Kind="propagation" Navigation="org.eclipse.mylyn.core.model.edges.containment" OriginId="org.eclipse.mylyn.core.model.interest.propagation" StartDate="2014-09-16 21:07:33.637 JST" StructureHandle="=SL3/src&amp;lt;sl.listeners" StructureKind="java" NumEvents="25" CreationCount="100"/><InteractionEvent Delta="null" EndDate="2014-09-16 21:17:31.83 JST" Interest="1.0" Kind="edit" Navigation="null" OriginId="org.eclipse.jdt.ui.CompilationUnitEditor" StartDate="2014-09-16 21:17:31.83 JST" StructureHandle="=SL3/src&amp;lt;sl.listeners{ButtonOnClickListener.java[ButtonOnClickListener" StructureKind="java"/><InteractionEvent Delta="null" EndDate="2014-09-16 21:17:25.874 JST" Interest="2.0" Kind="selection" Navigation="null" OriginId="org.eclipse.jdt.ui.CompilationUnitEditor" StartDate="2014-09-16 21:11:41.924 JST" StructureHandle="=SL3/src&amp;lt;sl.listeners{ButtonOnClickListener.java[ButtonOnClickListener" StructureKind="java" NumEvents="2" CreationCount="108"/><InteractionEvent Delta="null" EndDate="2014-09-16 21:08:32.746 JST" Interest="15.733999" Kind="propagation" Navigation="org.eclipse.mylyn.core.model.edges.containment" OriginId="org.eclipse.mylyn.core.model.interest.propagation" StartDate="2014-09-16 21:07:51.357 JST" StructureHandle="=SL3/src&amp;lt;sl.listeners{ButtonOnClickListener.java[ButtonOnClickListener" StructureKind="java" NumEvents="24" CreationCount="108"/></InteractionHistory>