<?xml version="1.0" encoding="UTF-8"?><InteractionHistory Id="local-27" Version="1"><InteractionEvent Delta="null" EndDate="2014-08-27 16:30:21.908 JST" Interest="11.0" Kind="edit" Navigation="null" OriginId="org.eclipse.jdt.ui.CompilationUnitEditor" StartDate="2014-08-27 16:30:16.78 JST" StructureHandle="=TA2/src&amp;lt;ta2.utils{Methods_dlg.java[Methods_dlg~conf_Import_Patterns~QActivity;~QDialog;~QDialog;" StructureKind="java" NumEvents="11" CreationCount="39"/><InteractionEvent Delta="null" EndDate="2014-08-27 16:30:15.931 JST" Interest="1.0" Kind="selection" Navigation="null" OriginId="org.eclipse.ui.views.ContentOutline" StartDate="2014-08-27 16:30:15.931 JST" StructureHandle="=TA2/src&amp;lt;ta2.utils{Methods_dlg.java[Methods_dlg~conf_Import_Patterns~QActivity;~QDialog;~QDialog;" StructureKind="java"/><InteractionEvent Delta="null" EndDate="2014-08-27 17:11:49.909 JST" Interest="661.05096" Kind="propagation" Navigation="org.eclipse.mylyn.core.model.edges.containment" OriginId="org.eclipse.mylyn.core.model.interest.propagation" StartDate="2014-08-27 16:26:14.87 JST" StructureHandle="" StructureKind="java" NumEvents="666" CreationCount="1"/><InteractionEvent Delta="null" EndDate="2014-08-27 16:35:18.96 JST" Interest="1.0" Kind="selection" Navigation="null" OriginId="org.eclipse.jdt.ui.CompilationUnitEditor" StartDate="2014-08-27 16:35:18.96 JST" StructureHandle="=cm7/src&amp;lt;app.utils{Methods.java#cm7.main.R" StructureKind="java"/><InteractionEvent Delta="null" EndDate="2014-08-27 16:35:05.674 JST" Interest="4.0" Kind="edit" Navigation="null" OriginId="org.eclipse.jdt.ui.CompilationUnitEditor" StartDate="2014-08-27 16:34:56.205 JST" StructureHandle="=TA2/src&amp;lt;ta2.utils{Methods.java[Methods~_import_Patterns__Get_PatternsList~QActivity;" StructureKind="java" NumEvents="4" CreationCount="170"/><InteractionEvent Delta="null" EndDate="2014-08-27 16:56:22.479 JST" Interest="12.0" Kind="selection" Navigation="null" OriginId="org.eclipse.jdt.ui.CompilationUnitEditor" StartDate="2014-08-27 16:34:49.64 JST" StructureHandle="=TA2/src&amp;lt;ta2.utils{Methods.java[Methods~_import_Patterns__Get_PatternsList~QActivity;" StructureKind="java" NumEvents="12" CreationCount="170"/><InteractionEvent Delta="null" EndDate="2014-08-27 16:37:36.372 JST" Interest="4.0" Kind="propagation" Navigation="null" OriginId="org.eclipse.jdt.ui.CompilationUnitEditor" StartDate="2014-08-27 16:37:31.789 JST" StructureHandle="/TA2/src/ta2/utils/CONS.java" StructureKind="resource" NumEvents="4" CreationCount="219"/><InteractionEvent Delta="null" EndDate="2014-08-27 17:11:47.70 JST" Interest="93.0" Kind="propagation" Navigation="null" OriginId="org.eclipse.jdt.ui.PackageExplorer" StartDate="2014-08-27 16:57:08.489 JST" StructureHandle="/cm7/src/app/utils/DBUtils.java" StructureKind="resource" NumEvents="93" CreationCount="635"/><InteractionEvent Delta="null" EndDate="2014-08-27 16:30:28.260 JST" Interest="1.0" Kind="selection" Navigation="null" OriginId="org.eclipse.jdt.ui.CompilationUnitEditor" StartDate="2014-08-27 16:30:28.260 JST" StructureHandle="=cm7/src&amp;lt;app.utils{Methods_dlg.java#java.io.FileFilter" StructureKind="java"/><InteractionEvent Delta="null" EndDate="2014-08-27 16:32:55.294 JST" Interest="8.0" Kind="edit" Navigation="null" OriginId="org.eclipse.jdt.ui.CompilationUnitEditor" StartDate="2014-08-27 16:32:40.96 JST" StructureHandle="=cm7/src&amp;lt;app.listeners.dialog{DB_OTL.java[DB_OTL~onTouch~QView;~QMotionEvent;" StructureKind="java" NumEvents="8" CreationCount="100"/><InteractionEvent Delta="null" EndDate="2014-08-27 16:32:46.742 JST" Interest="2.0" Kind="selection" Navigation="null" OriginId="org.eclipse.jdt.ui.CompilationUnitEditor" StartDate="2014-08-27 16:32:39.193 JST" StructureHandle="=cm7/src&amp;lt;app.listeners.dialog{DB_OTL.java[DB_OTL~onTouch~QView;~QMotionEvent;" StructureKind="java" NumEvents="2" CreationCount="100"/><InteractionEvent Delta="null" EndDate="2014-08-27 16:40:54.783 JST" Interest="1.0" Kind="selection" Navigation="null" OriginId="org.eclipse.ui.views.ResourceNavigator" StartDate="2014-08-27 16:40:54.783 JST" StructureHandle="/CM6/.git" StructureKind="resource"/><InteractionEvent Delta="null" EndDate="2014-08-27 16:42:35.630 JST" Interest="38.0" Kind="edit" Navigation="null" OriginId="org.eclipse.jdt.ui.CompilationUnitEditor" StartDate="2014-08-27 16:35:34.894 JST" StructureHandle="=cm7/src&amp;lt;app.utils{Methods.java[Methods~_import_Patterns__Get_PatternsList~QActivity;" StructureKind="java" NumEvents="38" CreationCount="192"/><InteractionEvent Delta="null" EndDate="2014-08-27 16:42:28.364 JST" Interest="6.0" Kind="selection" Navigation="null" OriginId="org.eclipse.jdt.ui.CompilationUnitEditor" StartDate="2014-08-27 16:35:22.369 JST" StructureHandle="=cm7/src&amp;lt;app.utils{Methods.java[Methods~_import_Patterns__Get_PatternsList~QActivity;" StructureKind="java" NumEvents="6" CreationCount="192"/><InteractionEvent Delta="null" EndDate="2014-08-27 16:58:51.130 JST" Interest="2.0" Kind="selection" Navigation="null" OriginId="org.eclipse.jdt.ui.CompilationUnitEditor" StartDate="2014-08-27 16:57:32.494 JST" StructureHandle="=cm7/src&amp;lt;app.utils{DBUtils.java#" StructureKind="java" NumEvents="2" CreationCount="648"/><InteractionEvent Delta="null" EndDate="2014-08-27 17:01:39.179 JST" Interest="0.30900002" Kind="propagation" Navigation="org.eclipse.mylyn.core.model.edges.containment" OriginId="org.eclipse.mylyn.core.model.interest.propagation" StartDate="2014-08-27 16:57:33.486 JST" StructureHandle="=cm7/src&amp;lt;app.utils{DBUtils.java#" StructureKind="java" NumEvents="2" CreationCount="648"/><InteractionEvent Delta="null" EndDate="2014-08-27 17:02:46.394 JST" Interest="27.0" Kind="propagation" Navigation="null" OriginId="org.eclipse.jdt.ui.CompilationUnitEditor" StartDate="2014-08-27 16:56:55.57 JST" StructureHandle="/TA2/src/ta2/utils/DBUtils.java" StructureKind="resource" NumEvents="27" CreationCount="630"/><InteractionEvent Delta="null" EndDate="2014-08-27 17:02:46.395 JST" Interest="105.017" Kind="propagation" Navigation="null" OriginId="org.eclipse.jdt.ui.CompilationUnitEditor" StartDate="2014-08-27 16:30:09.764 JST" StructureHandle="/TA2/src/ta2/utils" StructureKind="resource" NumEvents="106" CreationCount="35"/><InteractionEvent Delta="null" EndDate="2014-08-27 17:02:46.394 JST" Interest="104.034" Kind="propagation" Navigation="org.eclipse.mylyn.core.model.edges.containment" OriginId="org.eclipse.mylyn.core.model.interest.propagation" StartDate="2014-08-27 16:30:08.16 JST" StructureHandle="/TA2/src/ta2" StructureKind="resource" NumEvents="107" CreationCount="34"/><InteractionEvent Delta="null" EndDate="2014-08-27 17:05:50.548 JST" Interest="4.0" Kind="prediction" Navigation="null" OriginId="org.eclipse.mylyn.resources.ui.interest.updater" StartDate="2014-08-27 16:44:57.967 JST" StructureHandle="/cm7/bin/classes.dex" StructureKind="resource" NumEvents="4" CreationCount="430"/><InteractionEvent Delta="null" EndDate="2014-08-27 16:33:10.921 JST" Interest="1.0" Kind="selection" Navigation="null" OriginId="org.eclipse.jdt.ui.CompilationUnitEditor" StartDate="2014-08-27 16:33:10.921 JST" StructureHandle="=cm7/src&amp;lt;app.listeners.dialog{DB_OCL.java[DB_OCL~DB_OCL~QActivity;~QDialog;~J~QString;" StructureKind="java"/><InteractionEvent Delta="null" EndDate="2014-08-27 16:34:13.262 JST" Interest="1.0" Kind="selection" Navigation="null" OriginId="org.eclipse.jdt.ui.CompilationUnitEditor" StartDate="2014-08-27 16:34:13.262 JST" StructureHandle="=cm7/src&amp;lt;app.utils{Methods.java#android.app.Dialog" StructureKind="java"/><InteractionEvent Delta="null" EndDate="2014-08-27 16:40:56.850 JST" Interest="1.0" Kind="selection" Navigation="null" OriginId="org.eclipse.ui.views.ResourceNavigator" StartDate="2014-08-27 16:40:56.850 JST" StructureHandle="=CM6/src&amp;lt;cm6" StructureKind="java"/><InteractionEvent Delta="null" EndDate="2014-08-27 16:57:16.85 JST" Interest="3.0" Kind="edit" Navigation="null" OriginId="org.eclipse.jdt.ui.CompilationUnitEditor" StartDate="2014-08-27 16:57:01.528 JST" StructureHandle="=TA2/src&amp;lt;ta2.utils{DBUtils.java[DBUtils~insert_Data_Patterns~QActivity;~QList\&amp;lt;QString;&amp;gt;;" StructureKind="java" NumEvents="3" CreationCount="631"/><InteractionEvent Delta="null" EndDate="2014-08-27 17:01:26.68 JST" Interest="4.0" Kind="selection" Navigation="null" OriginId="org.eclipse.jdt.ui.CompilationUnitEditor" StartDate="2014-08-27 16:56:55.788 JST" StructureHandle="=TA2/src&amp;lt;ta2.utils{DBUtils.java[DBUtils~insert_Data_Patterns~QActivity;~QList\&amp;lt;QString;&amp;gt;;" StructureKind="java" NumEvents="4" CreationCount="631"/><InteractionEvent Delta="null" EndDate="2014-08-27 16:33:07.9 JST" Interest="0.90400004" Kind="manipulation" Navigation="null" OriginId="org.eclipse.mylyn.core.model.interest.decay.correction" StartDate="2014-08-27 16:33:07.9 JST" StructureHandle="/cm7/src/app/listeners/dialog/DB_OCL.java" StructureKind="resource"/><InteractionEvent Delta="null" EndDate="2014-08-27 17:05:22.297 JST" Interest="181.0" Kind="propagation" Navigation="null" OriginId="org.eclipse.ui.views.ContentOutline" StartDate="2014-08-27 16:26:15.523 JST" StructureHandle="/cm7/src/app/listeners/dialog/DB_OCL.java" StructureKind="resource" NumEvents="181" CreationCount="2"/><InteractionEvent Delta="null" EndDate="2014-08-27 16:34:12.308 JST" Interest="1.0" Kind="selection" Navigation="null" OriginId="org.eclipse.jdt.ui.CompilationUnitEditor" StartDate="2014-08-27 16:34:12.308 JST" StructureHandle="=cm7/src&amp;lt;app.utils{Methods.java#android.app.ListActivity" StructureKind="java"/><InteractionEvent Delta="null" EndDate="2014-08-27 17:11:16.580 JST" Interest="21.566002" Kind="propagation" Navigation="org.eclipse.mylyn.core.model.edges.containment" OriginId="org.eclipse.mylyn.core.model.interest.propagation" StartDate="2014-08-27 16:29:06.563 JST" StructureHandle="=cm7/src&amp;lt;app.listeners.dialog{DOI_CL.java[DOI_CL" StructureKind="java" NumEvents="29" CreationCount="7"/><InteractionEvent Delta="null" EndDate="2014-08-27 16:39:50.401 JST" Interest="4.0" Kind="edit" Navigation="null" OriginId="org.eclipse.jdt.ui.CompilationUnitEditor" StartDate="2014-08-27 16:37:47.860 JST" StructureHandle="=cm7/src&amp;lt;app.utils{CONS.java[CONS[DB" StructureKind="java" NumEvents="4" CreationCount="228"/><InteractionEvent Delta="null" EndDate="2014-08-27 16:41:21.618 JST" Interest="5.0" Kind="selection" Navigation="null" OriginId="org.eclipse.jdt.ui.CompilationUnitEditor" StartDate="2014-08-27 16:37:47.347 JST" StructureHandle="=cm7/src&amp;lt;app.utils{CONS.java[CONS[DB" StructureKind="java" NumEvents="5" CreationCount="228"/><InteractionEvent Delta="null" EndDate="2014-08-27 16:39:26.831 JST" Interest="28.268" Kind="propagation" Navigation="org.eclipse.mylyn.core.model.edges.containment" OriginId="org.eclipse.mylyn.core.model.interest.propagation" StartDate="2014-08-27 16:37:48.494 JST" StructureHandle="=cm7/src&amp;lt;app.utils{CONS.java[CONS[DB" StructureKind="java" NumEvents="42" CreationCount="228"/><InteractionEvent Delta="null" EndDate="2014-08-27 17:02:46.914 JST" Interest="11.0" Kind="propagation" Navigation="org.eclipse.mylyn.core.model.edges.containment" OriginId="org.eclipse.mylyn.core.model.interest.propagation" StartDate="2014-08-27 16:50:50.887 JST" StructureHandle="/TA2/src/ta2/listeners/dialog" StructureKind="resource" NumEvents="11" CreationCount="440"/><InteractionEvent Delta="null" EndDate="2014-08-27 16:57:33.486 JST" Interest="1.0" Kind="selection" Navigation="null" OriginId="org.eclipse.jdt.ui.CompilationUnitEditor" StartDate="2014-08-27 16:57:33.486 JST" StructureHandle="=cm7/src&amp;lt;app.utils{DBUtils.java#android.app.Activity" StructureKind="java"/><InteractionEvent Delta="null" EndDate="2014-08-27 17:02:46.222 JST" Interest="6.0" Kind="selection" Navigation="null" OriginId="org.eclipse.jdt.ui.CompilationUnitEditor" StartDate="2014-08-27 16:56:55.56 JST" StructureHandle="=TA2/src&amp;lt;ta2.utils{DBUtils.java" StructureKind="java" NumEvents="6" CreationCount="630"/><InteractionEvent Delta="null" EndDate="2014-08-27 17:02:46.394 JST" Interest="3.1169999" Kind="propagation" Navigation="org.eclipse.mylyn.core.model.edges.containment" OriginId="org.eclipse.mylyn.core.model.interest.propagation" StartDate="2014-08-27 16:56:55.790 JST" StructureHandle="=TA2/src&amp;lt;ta2.utils{DBUtils.java" StructureKind="java" NumEvents="6" CreationCount="630"/><InteractionEvent Delta="null" EndDate="2014-08-27 16:56:47.138 JST" Interest="14.0" Kind="selection" Navigation="null" OriginId="org.eclipse.jdt.ui.CompilationUnitEditor" StartDate="2014-08-27 16:33:43.203 JST" StructureHandle="=TA2/src&amp;lt;ta2.utils{Methods.java" StructureKind="java" NumEvents="14" CreationCount="133"/><InteractionEvent Delta="null" EndDate="2014-08-27 16:56:50.346 JST" Interest="4.1290007" Kind="propagation" Navigation="org.eclipse.mylyn.core.model.edges.containment" OriginId="org.eclipse.mylyn.core.model.interest.propagation" StartDate="2014-08-27 16:33:49.486 JST" StructureHandle="=TA2/src&amp;lt;ta2.utils{Methods.java" StructureKind="java" NumEvents="8" CreationCount="133"/><InteractionEvent Delta="null" EndDate="2014-08-27 16:33:39.326 JST" Interest="18.0" Kind="propagation" Navigation="null" OriginId="org.eclipse.ui.views.ResourceNavigator" StartDate="2014-08-27 16:30:11.819 JST" StructureHandle="/TA2/src/ta2/utils/Methods_dlg.java" StructureKind="resource" NumEvents="18" CreationCount="36"/><InteractionEvent Delta="null" EndDate="2014-08-27 16:37:45.661 JST" Interest="1.0" Kind="selection" Navigation="null" OriginId="org.eclipse.ui.views.ContentOutline" StartDate="2014-08-27 16:37:45.661 JST" StructureHandle="=cm7/src&amp;lt;app.utils{CONS.java%app.utils" StructureKind="java"/><InteractionEvent Delta="null" EndDate="2014-08-27 17:11:49.909 JST" Interest="820.0" Kind="propagation" Navigation="null" OriginId="org.eclipse.jdt.ui.PackageExplorer" StartDate="2014-08-27 16:26:14.86 JST" StructureHandle="/" StructureKind="resource" NumEvents="820" CreationCount="1"/><InteractionEvent Delta="null" EndDate="2014-08-27 16:39:43.157 JST" Interest="15.0" Kind="edit" Navigation="null" OriginId="org.eclipse.jdt.ui.CompilationUnitEditor" StartDate="2014-08-27 16:39:27.614 JST" StructureHandle="=cm7/src&amp;lt;app.utils{CONS.java[CONS[DB^tname_MemoPatterns_CM6" StructureKind="java" NumEvents="15" CreationCount="284"/><InteractionEvent Delta="null" EndDate="2014-08-27 16:39:27.609 JST" Interest="1.0" Kind="selection" Navigation="null" OriginId="org.eclipse.jdt.ui.CompilationUnitEditor" StartDate="2014-08-27 16:39:27.609 JST" StructureHandle="=cm7/src&amp;lt;app.utils{CONS.java[CONS[DB^tname_Patterns_TWT" StructureKind="java"/><InteractionEvent Delta="null" EndDate="2014-08-27 16:32:08.660 JST" Interest="4.0" Kind="edit" Navigation="null" OriginId="com.android.ide.eclipse.editors.CommonXmlEditor" StartDate="2014-08-27 16:32:00.330 JST" StructureHandle="/cm7/res/values/strings.xml" StructureKind="resource" NumEvents="4" CreationCount="78"/><InteractionEvent Delta="null" EndDate="2014-08-27 16:32:32.167 JST" Interest="3.0" Kind="selection" Navigation="null" OriginId="org.eclipse.jdt.ui.PackageExplorer" StartDate="2014-08-27 16:31:59.810 JST" StructureHandle="/cm7/res/values/strings.xml" StructureKind="resource" NumEvents="3" CreationCount="78"/><InteractionEvent Delta="null" EndDate="2014-08-27 16:29:02.816 JST" Interest="1.0" Kind="selection" Navigation="null" OriginId="org.eclipse.ui.views.ContentOutline" StartDate="2014-08-27 16:29:02.816 JST" StructureHandle="=cm7/src&amp;lt;app.listeners.dialog{DOI_CL.java%app.listeners.dialog" StructureKind="java"/><InteractionEvent Delta="null" EndDate="2014-08-27 16:56:50.349 JST" Interest="5.0" Kind="edit" Navigation="null" OriginId="org.eclipse.jdt.ui.CompilationUnitEditor" StartDate="2014-08-27 16:35:09.574 JST" StructureHandle="=TA2/src&amp;lt;ta2.utils{Methods.java[Methods~_import_Patterns__SavePatterns~QActivity;~QList\&amp;lt;QString;&amp;gt;;" StructureKind="java" NumEvents="5" CreationCount="172"/><InteractionEvent Delta="null" EndDate="2014-08-27 16:56:50.345 JST" Interest="7.0" Kind="selection" Navigation="null" OriginId="org.eclipse.jdt.ui.CompilationUnitEditor" StartDate="2014-08-27 16:34:51.928 JST" StructureHandle="=TA2/src&amp;lt;ta2.utils{Methods.java[Methods~_import_Patterns__SavePatterns~QActivity;~QList\&amp;lt;QString;&amp;gt;;" StructureKind="java" NumEvents="7" CreationCount="172"/><InteractionEvent Delta="null" EndDate="2014-08-27 16:56:21.973 JST" Interest="4.576" Kind="manipulation" Navigation="null" OriginId="org.eclipse.mylyn.core.model.interest.decay.correction" StartDate="2014-08-27 16:56:21.973 JST" StructureHandle="=TA2/src&amp;lt;ta2.utils{Methods.java[Methods~_import_Patterns__SavePatterns~QActivity;~QList\&amp;lt;QString;&amp;gt;;" StructureKind="java"/><InteractionEvent Delta="null" EndDate="2014-08-27 16:35:19.996 JST" Interest="1.0" Kind="selection" Navigation="null" OriginId="org.eclipse.jdt.ui.CompilationUnitEditor" StartDate="2014-08-27 16:35:19.996 JST" StructureHandle="=cm7/src&amp;lt;app.utils{Methods.java#" StructureKind="java"/><InteractionEvent Delta="null" EndDate="2014-08-27 16:56:38.123 JST" Interest="8.939" Kind="propagation" Navigation="org.eclipse.mylyn.core.model.edges.containment" OriginId="org.eclipse.mylyn.core.model.interest.propagation" StartDate="2014-08-27 16:34:12.309 JST" StructureHandle="=cm7/src&amp;lt;app.utils{Methods.java#" StructureKind="java" NumEvents="9" CreationCount="151"/><InteractionEvent Delta="null" EndDate="2014-08-27 17:11:47.166 JST" Interest="2.0" Kind="selection" Navigation="null" OriginId="org.eclipse.jdt.ui.PackageExplorer" StartDate="2014-08-27 16:37:40.358 JST" StructureHandle="=cm7/src&amp;lt;app.utils{Comparator_AI.java" StructureKind="java" NumEvents="2" CreationCount="224"/><InteractionEvent Delta="null" EndDate="2014-08-27 17:11:47.166 JST" Interest="9.064" Kind="manipulation" Navigation="null" OriginId="org.eclipse.mylyn.core.model.interest.decay.correction" StartDate="2014-08-27 17:11:47.166 JST" StructureHandle="=cm7/src&amp;lt;app.utils{Comparator_AI.java" StructureKind="java"/><InteractionEvent Delta="null" EndDate="2014-08-27 16:33:39.325 JST" Interest="5.0" Kind="selection" Navigation="null" OriginId="org.eclipse.ui.views.ResourceNavigator" StartDate="2014-08-27 16:30:11.818 JST" StructureHandle="=TA2/src&amp;lt;ta2.utils{Methods_dlg.java" StructureKind="java" NumEvents="5" CreationCount="36"/><InteractionEvent Delta="null" EndDate="2014-08-27 16:30:21.910 JST" Interest="6.7509985" Kind="propagation" Navigation="org.eclipse.mylyn.core.model.edges.containment" OriginId="org.eclipse.mylyn.core.model.interest.propagation" StartDate="2014-08-27 16:30:16.546 JST" StructureHandle="=TA2/src&amp;lt;ta2.utils{Methods_dlg.java" StructureKind="java" NumEvents="10" CreationCount="36"/><InteractionEvent Delta="null" EndDate="2014-08-27 16:32:18.509 JST" Interest="1.0" Kind="selection" Navigation="null" OriginId="org.eclipse.jdt.ui.CompilationUnitEditor" StartDate="2014-08-27 16:32:18.509 JST" StructureHandle="=cm7/src&amp;lt;app.utils{Methods_dlg.java[Methods_dlg" StructureKind="java"/><InteractionEvent Delta="null" EndDate="2014-08-27 16:43:49.916 JST" Interest="26.6" Kind="propagation" Navigation="org.eclipse.mylyn.core.model.edges.containment" OriginId="org.eclipse.mylyn.core.model.interest.propagation" StartDate="2014-08-27 16:29:49.317 JST" StructureHandle="=cm7/src&amp;lt;app.utils{Methods_dlg.java[Methods_dlg" StructureKind="java" NumEvents="35" CreationCount="24"/><InteractionEvent Delta="null" EndDate="2014-08-27 17:02:46.394 JST" Interest="5.0" Kind="selection" Navigation="null" OriginId="org.eclipse.jdt.ui.CompilationUnitEditor" StartDate="2014-08-27 16:58:31.446 JST" StructureHandle="=TA2/src&amp;lt;ta2.utils{DBUtils.java[DBUtils" StructureKind="java" NumEvents="5" CreationCount="631"/><InteractionEvent Delta="null" EndDate="2014-08-27 16:57:16.86 JST" Interest="4.1" Kind="propagation" Navigation="org.eclipse.mylyn.core.model.edges.containment" OriginId="org.eclipse.mylyn.core.model.interest.propagation" StartDate="2014-08-27 16:56:55.789 JST" StructureHandle="=TA2/src&amp;lt;ta2.utils{DBUtils.java[DBUtils" StructureKind="java" NumEvents="5" CreationCount="631"/><InteractionEvent Delta="null" EndDate="2014-08-27 16:56:50.350 JST" Interest="56.0" Kind="propagation" Navigation="null" OriginId="org.eclipse.jdt.ui.CompilationUnitEditor" StartDate="2014-08-27 16:33:43.203 JST" StructureHandle="/TA2/src/ta2/utils/Methods.java" StructureKind="resource" NumEvents="56" CreationCount="133"/><InteractionEvent Delta="null" EndDate="2014-08-27 17:11:16.582 JST" Interest="233.034" Kind="propagation" Navigation="org.eclipse.mylyn.core.model.edges.containment" OriginId="org.eclipse.mylyn.core.model.interest.propagation" StartDate="2014-08-27 16:26:15.524 JST" StructureHandle="/cm7/src/app/listeners" StructureKind="resource" NumEvents="234" CreationCount="2"/><InteractionEvent Delta="null" EndDate="2014-08-27 17:02:46.631 JST" Interest="6.534" Kind="propagation" Navigation="org.eclipse.mylyn.core.model.edges.containment" OriginId="org.eclipse.mylyn.core.model.interest.propagation" StartDate="2014-08-27 16:50:50.888 JST" StructureHandle="=TA2/src&amp;lt;ta2.listeners.dialog" StructureKind="java" NumEvents="8" CreationCount="440"/><InteractionEvent Delta="null" EndDate="2014-08-27 16:51:15.980 JST" Interest="3.0" Kind="selection" Navigation="null" OriginId="org.eclipse.jdt.ui.CompilationUnitEditor" StartDate="2014-08-27 16:41:19.486 JST" StructureHandle="=CM6/src&amp;lt;cm6.utils{CONS.java[CONS" StructureKind="java" NumEvents="3" CreationCount="329"/><InteractionEvent Delta="null" EndDate="2014-08-27 16:41:18.918 JST" Interest="5.9" Kind="propagation" Navigation="org.eclipse.mylyn.core.model.edges.containment" OriginId="org.eclipse.mylyn.core.model.interest.propagation" StartDate="2014-08-27 16:41:06.268 JST" StructureHandle="=CM6/src&amp;lt;cm6.utils{CONS.java[CONS" StructureKind="java" NumEvents="8" CreationCount="329"/><InteractionEvent Delta="null" EndDate="2014-08-27 17:11:16.580 JST" Interest="10.0" Kind="edit" Navigation="null" OriginId="org.eclipse.jdt.ui.CompilationUnitEditor" StartDate="2014-08-27 17:05:30.908 JST" StructureHandle="=cm7/src&amp;lt;app.listeners.dialog{DOI_CL.java[DOI_CL~case_DLG_DB_ADMIN_LV~QListItem;" StructureKind="java" NumEvents="10" CreationCount="805"/><InteractionEvent Delta="null" EndDate="2014-08-27 17:05:30.284 JST" Interest="1.0" Kind="selection" Navigation="null" OriginId="org.eclipse.ui.views.ContentOutline" StartDate="2014-08-27 17:05:30.284 JST" StructureHandle="=cm7/src&amp;lt;app.listeners.dialog{DOI_CL.java[DOI_CL~case_DLG_DB_ADMIN_LV~QListItem;" StructureKind="java"/><InteractionEvent Delta="null" EndDate="2014-08-27 16:39:17.436 JST" Interest="1.0" Kind="edit" Navigation="null" OriginId="org.eclipse.jdt.ui.CompilationUnitEditor" StartDate="2014-08-27 16:39:17.436 JST" StructureHandle="=cm7/src&amp;lt;app.utils{CONS.java[CONS[DB^col_names_CM7" StructureKind="java"/><InteractionEvent Delta="null" EndDate="2014-08-27 16:39:17.430 JST" Interest="1.0" Kind="selection" Navigation="null" OriginId="org.eclipse.jdt.ui.CompilationUnitEditor" StartDate="2014-08-27 16:39:17.430 JST" StructureHandle="=cm7/src&amp;lt;app.utils{CONS.java[CONS[DB^col_names_CM7" StructureKind="java"/><InteractionEvent Delta="null" EndDate="2014-08-27 17:11:49.908 JST" Interest="14.8550005" Kind="propagation" Navigation="org.eclipse.mylyn.core.model.edges.containment" OriginId="org.eclipse.mylyn.core.model.interest.propagation" StartDate="2014-08-27 16:26:16.973 JST" StructureHandle="/cm7/src/app/items" StructureKind="resource" NumEvents="3" CreationCount="3"/><InteractionEvent Delta="null" EndDate="2014-08-27 16:40:56.352 JST" Interest="1.0" Kind="selection" Navigation="null" OriginId="org.eclipse.ui.views.ResourceNavigator" StartDate="2014-08-27 16:40:56.352 JST" StructureHandle="=CM6/src" StructureKind="java"/><InteractionEvent Delta="null" EndDate="2014-08-27 16:51:15.982 JST" Interest="10.002001" Kind="propagation" Navigation="org.eclipse.mylyn.core.model.edges.containment" OriginId="org.eclipse.mylyn.core.model.interest.propagation" StartDate="2014-08-27 16:40:56.851 JST" StructureHandle="=CM6/src" StructureKind="java" NumEvents="17" CreationCount="323"/><InteractionEvent Delta="null" EndDate="2014-08-27 16:32:32.380 JST" Interest="1.0" Kind="selection" Navigation="null" OriginId="org.eclipse.jdt.ui.PackageExplorer" StartDate="2014-08-27 16:32:32.380 JST" StructureHandle="/cm7/libs" StructureKind="resource"/><InteractionEvent Delta="null" EndDate="2014-08-27 16:32:45.180 JST" Interest="3.0" Kind="selection" Navigation="null" OriginId="org.eclipse.jdt.ui.CompilationUnitEditor" StartDate="2014-08-27 16:32:36.305 JST" StructureHandle="=cm7/src&amp;lt;app.listeners.dialog{DB_OTL.java" StructureKind="java" NumEvents="3" CreationCount="97"/><InteractionEvent Delta="null" EndDate="2014-08-27 16:32:55.295 JST" Interest="4.651" Kind="propagation" Navigation="org.eclipse.mylyn.core.model.edges.containment" OriginId="org.eclipse.mylyn.core.model.interest.propagation" StartDate="2014-08-27 16:32:41.108 JST" StructureHandle="=cm7/src&amp;lt;app.listeners.dialog{DB_OTL.java" StructureKind="java" NumEvents="7" CreationCount="97"/><InteractionEvent Delta="null" EndDate="2014-08-27 16:51:15.980 JST" Interest="18.050999" Kind="propagation" Navigation="org.eclipse.mylyn.core.model.edges.containment" OriginId="org.eclipse.mylyn.core.model.interest.propagation" StartDate="2014-08-27 16:40:56.352 JST" StructureHandle="/CM6/src" StructureKind="resource" NumEvents="21" CreationCount="323"/><InteractionEvent Delta="null" EndDate="2014-08-27 16:31:39.296 JST" Interest="1.0" Kind="selection" Navigation="null" OriginId="org.eclipse.jdt.ui.CompilationUnitEditor" StartDate="2014-08-27 16:31:39.296 JST" StructureHandle="=cm7/src&amp;lt;app.utils{Tags.java" StructureKind="java"/><InteractionEvent Delta="null" EndDate="2014-08-27 16:31:46.625 JST" Interest="2.4169998" Kind="propagation" Navigation="org.eclipse.mylyn.core.model.edges.containment" OriginId="org.eclipse.mylyn.core.model.interest.propagation" StartDate="2014-08-27 16:31:40.175 JST" StructureHandle="=cm7/src&amp;lt;app.utils{Tags.java" StructureKind="java" NumEvents="4" CreationCount="69"/><InteractionEvent Delta="null" EndDate="2014-08-27 16:33:29.558 JST" Interest="9.0" Kind="edit" Navigation="null" OriginId="org.eclipse.jdt.ui.CompilationUnitEditor" StartDate="2014-08-27 16:33:15.163 JST" StructureHandle="=cm7/src&amp;lt;app.listeners.dialog{DB_OCL.java[DB_OCL~onClick~QView;" StructureKind="java" NumEvents="9" CreationCount="119"/><InteractionEvent Delta="null" EndDate="2014-08-27 16:54:45.585 JST" Interest="2.0" Kind="selection" Navigation="null" OriginId="org.eclipse.jdt.ui.CompilationUnitEditor" StartDate="2014-08-27 16:33:13.858 JST" StructureHandle="=cm7/src&amp;lt;app.listeners.dialog{DB_OCL.java[DB_OCL~onClick~QView;" StructureKind="java" NumEvents="2" CreationCount="119"/><InteractionEvent Delta="null" EndDate="2014-08-27 16:54:45.585 JST" Interest="0.18000078" Kind="manipulation" Navigation="null" OriginId="org.eclipse.mylyn.core.model.interest.decay.correction" StartDate="2014-08-27 16:54:45.585 JST" StructureHandle="=cm7/src&amp;lt;app.listeners.dialog{DB_OCL.java[DB_OCL~onClick~QView;" StructureKind="java"/><InteractionEvent Delta="null" EndDate="2014-08-27 16:51:15.980 JST" Interest="18.0" Kind="propagation" Navigation="null" OriginId="org.eclipse.jdt.ui.CompilationUnitEditor" StartDate="2014-08-27 16:40:59.643 JST" StructureHandle="/CM6/src/cm6/utils/CONS.java" StructureKind="resource" NumEvents="18" CreationCount="326"/><InteractionEvent Delta="null" EndDate="2014-08-27 17:11:49.909 JST" Interest="676.0" Kind="propagation" Navigation="null" OriginId="org.eclipse.jdt.ui.PackageExplorer" StartDate="2014-08-27 16:26:14.86 JST" StructureHandle="/cm7" StructureKind="resource" NumEvents="676" CreationCount="1"/><InteractionEvent Delta="null" EndDate="2014-08-27 16:40:57.942 JST" Interest="1.0" Kind="selection" Navigation="null" OriginId="org.eclipse.ui.views.ResourceNavigator" StartDate="2014-08-27 16:40:57.942 JST" StructureHandle="=CM6/src&amp;lt;cm6.utils" StructureKind="java"/><InteractionEvent Delta="null" EndDate="2014-08-27 16:51:15.868 JST" Interest="9.968" Kind="propagation" Navigation="org.eclipse.mylyn.core.model.edges.containment" OriginId="org.eclipse.mylyn.core.model.interest.propagation" StartDate="2014-08-27 16:40:59.643 JST" StructureHandle="=CM6/src&amp;lt;cm6.utils" StructureKind="java" NumEvents="14" CreationCount="325"/><InteractionEvent Delta="null" EndDate="2014-08-27 17:02:04.471 JST" Interest="3.0" Kind="edit" Navigation="null" OriginId="org.eclipse.jdt.ui.CompilationUnitEditor" StartDate="2014-08-27 17:01:43.795 JST" StructureHandle="=cm7/src&amp;lt;app.utils{DBUtils.java[DBUtils~_insert_Data_Patterns__ContentValues~QString;" StructureKind="java" NumEvents="3" CreationCount="727"/><InteractionEvent Delta="null" EndDate="2014-08-27 17:01:42.961 JST" Interest="1.0" Kind="selection" Navigation="null" OriginId="org.eclipse.jdt.ui.CompilationUnitEditor" StartDate="2014-08-27 17:01:42.961 JST" StructureHandle="=cm7/src&amp;lt;app.utils{DBUtils.java[DBUtils~_insert_Data_Patterns__ContentValues~QString;" StructureKind="java"/><InteractionEvent Delta="null" EndDate="2014-08-27 16:58:43.180 JST" Interest="2.0" Kind="edit" Navigation="null" OriginId="org.eclipse.jdt.ui.CompilationUnitEditor" StartDate="2014-08-27 16:58:41.447 JST" StructureHandle="=TA2/src&amp;lt;ta2.utils{DBUtils.java[DBUtils~tableExists~QActivity;~QString;~QString;" StructureKind="java" NumEvents="2" CreationCount="677"/><InteractionEvent Delta="null" EndDate="2014-08-27 16:58:39.450 JST" Interest="1.0" Kind="selection" Navigation="null" OriginId="org.eclipse.jdt.ui.CompilationUnitEditor" StartDate="2014-08-27 16:58:39.450 JST" StructureHandle="=TA2/src&amp;lt;ta2.utils{DBUtils.java[DBUtils~tableExists~QActivity;~QString;~QString;" StructureKind="java"/><InteractionEvent Delta="null" EndDate="2014-08-27 16:43:49.915 JST" Interest="28.0" Kind="edit" Navigation="null" OriginId="org.eclipse.jdt.ui.CompilationUnitEditor" StartDate="2014-08-27 16:29:50.695 JST" StructureHandle="=cm7/src&amp;lt;app.utils{Methods_dlg.java[Methods_dlg~conf_Import_Patterns~QActivity;~QDialog;~QDialog;" StructureKind="java" NumEvents="28" CreationCount="24"/><InteractionEvent Delta="null" EndDate="2014-08-27 16:43:47.165 JST" Interest="8.0" Kind="selection" Navigation="null" OriginId="org.eclipse.jdt.ui.CompilationUnitEditor" StartDate="2014-08-27 16:29:49.316 JST" StructureHandle="=cm7/src&amp;lt;app.utils{Methods_dlg.java[Methods_dlg~conf_Import_Patterns~QActivity;~QDialog;~QDialog;" StructureKind="java" NumEvents="8" CreationCount="24"/><InteractionEvent Delta="null" EndDate="2014-08-27 17:02:46.914 JST" Interest="6.287" Kind="propagation" Navigation="org.eclipse.mylyn.core.model.edges.containment" OriginId="org.eclipse.mylyn.core.model.interest.propagation" StartDate="2014-08-27 16:50:56.280 JST" StructureHandle="=TA2/src&amp;lt;ta2.listeners.dialog{DB_OCL.java[DB_OCL" StructureKind="java" NumEvents="7" CreationCount="442"/><InteractionEvent Delta="null" EndDate="2014-08-27 16:31:46.592 JST" Interest="5.0" Kind="propagation" Navigation="null" OriginId="org.eclipse.jdt.ui.CompilationUnitEditor" StartDate="2014-08-27 16:31:39.296 JST" StructureHandle="/cm7/src/app/utils/Tags.java" StructureKind="resource" NumEvents="5" CreationCount="69"/><InteractionEvent Delta="null" EndDate="2014-08-27 16:51:15.980 JST" Interest="18.016998" Kind="propagation" Navigation="org.eclipse.mylyn.core.model.edges.containment" OriginId="org.eclipse.mylyn.core.model.interest.propagation" StartDate="2014-08-27 16:40:57.942 JST" StructureHandle="/CM6/src/cm6/utils" StructureKind="resource" NumEvents="19" CreationCount="325"/><InteractionEvent Delta="null" EndDate="2014-08-27 16:30:08.15 JST" Interest="1.0" Kind="selection" Navigation="null" OriginId="org.eclipse.ui.views.ResourceNavigator" StartDate="2014-08-27 16:30:08.15 JST" StructureHandle="=TA2/src&amp;lt;ta2" StructureKind="java"/><InteractionEvent Delta="null" EndDate="2014-08-27 16:33:11.592 JST" Interest="1.0" Kind="selection" Navigation="null" OriginId="org.eclipse.jdt.ui.CompilationUnitEditor" StartDate="2014-08-27 16:33:11.592 JST" StructureHandle="=cm7/src&amp;lt;app.listeners.dialog{DB_OCL.java[DB_OCL~DB_OCL~QActivity;~QDialog;~QDialog;~QString;" StructureKind="java"/><InteractionEvent Delta="null" EndDate="2014-08-27 17:11:47.167 JST" Interest="427.0" Kind="propagation" Navigation="null" OriginId="org.eclipse.jdt.ui.PackageExplorer" StartDate="2014-08-27 16:29:48.227 JST" StructureHandle="/cm7/src/app/utils" StructureKind="resource" NumEvents="427" CreationCount="23"/><InteractionEvent Delta="null" EndDate="2014-08-27 17:11:49.909 JST" Interest="662.034" Kind="propagation" Navigation="null" OriginId="org.eclipse.jdt.ui.PackageExplorer" StartDate="2014-08-27 16:26:15.524 JST" StructureHandle="/cm7/src" StructureKind="resource" NumEvents="664" CreationCount="2"/><InteractionEvent Delta="null" EndDate="2014-08-27 16:50:47.177 JST" Interest="1.0" Kind="propagation" Navigation="org.eclipse.mylyn.core.model.edges.containment" OriginId="org.eclipse.mylyn.core.model.interest.propagation" StartDate="2014-08-27 16:50:47.177 JST" StructureHandle="/TA2/src/ta2/items" StructureKind="resource"/><InteractionEvent Delta="null" EndDate="2014-08-27 17:01:31.754 JST" Interest="2.0" Kind="edit" Navigation="null" OriginId="org.eclipse.jdt.ui.CompilationUnitEditor" StartDate="2014-08-27 17:01:29.399 JST" StructureHandle="=TA2/src&amp;lt;ta2.utils{DBUtils.java[DBUtils~_insert_Data_Patterns__ContentValues~QString;" StructureKind="java" NumEvents="2" CreationCount="716"/><InteractionEvent Delta="null" EndDate="2014-08-27 17:01:27.203 JST" Interest="2.0" Kind="selection" Navigation="null" OriginId="org.eclipse.jdt.ui.CompilationUnitEditor" StartDate="2014-08-27 17:01:27.200 JST" StructureHandle="=TA2/src&amp;lt;ta2.utils{DBUtils.java[DBUtils~_insert_Data_Patterns__ContentValues~QString;" StructureKind="java" NumEvents="2" CreationCount="716"/><InteractionEvent Delta="null" EndDate="2014-08-27 16:26:16.972 JST" Interest="1.0" Kind="selection" Navigation="null" OriginId="org.eclipse.jdt.ui.PackageExplorer" StartDate="2014-08-27 16:26:16.972 JST" StructureHandle="=cm7/src&amp;lt;app.items{WordPattern.java" StructureKind="java"/><InteractionEvent Delta="null" EndDate="2014-08-27 16:31:46.592 JST" Interest="3.4" Kind="propagation" Navigation="org.eclipse.mylyn.core.model.edges.containment" OriginId="org.eclipse.mylyn.core.model.interest.propagation" StartDate="2014-08-27 16:31:40.174 JST" StructureHandle="=cm7/src&amp;lt;app.utils{Tags.java[Tags" StructureKind="java" NumEvents="4" CreationCount="70"/><InteractionEvent Delta="null" EndDate="2014-08-27 17:02:46.630 JST" Interest="4.0" Kind="selection" Navigation="null" OriginId="org.eclipse.jdt.ui.CompilationUnitEditor" StartDate="2014-08-27 16:50:50.886 JST" StructureHandle="=TA2/src&amp;lt;ta2.listeners.dialog{DB_OCL.java" StructureKind="java" NumEvents="4" CreationCount="440"/><InteractionEvent Delta="null" EndDate="2014-08-27 16:51:04.695 JST" Interest="2.534" Kind="propagation" Navigation="org.eclipse.mylyn.core.model.edges.containment" OriginId="org.eclipse.mylyn.core.model.interest.propagation" StartDate="2014-08-27 16:50:59.637 JST" StructureHandle="=TA2/src&amp;lt;ta2.listeners.dialog{DB_OCL.java" StructureKind="java" NumEvents="4" CreationCount="440"/><InteractionEvent Delta="null" EndDate="2014-08-27 17:05:22.296 JST" Interest="3.0" Kind="selection" Navigation="null" OriginId="org.eclipse.ui.views.ContentOutline" StartDate="2014-08-27 16:48:12.76 JST" StructureHandle="=cm7/src&amp;lt;app.listeners.dialog{DB_OCL.java[DB_OCL~dlg_DLG_CONF_IMPORT_DB_OK" StructureKind="java" NumEvents="3" CreationCount="432"/><InteractionEvent Delta="null" EndDate="2014-08-27 17:05:15.823 JST" Interest="5.2390003" Kind="manipulation" Navigation="null" OriginId="org.eclipse.mylyn.core.model.interest.decay.correction" StartDate="2014-08-27 17:05:15.823 JST" StructureHandle="=cm7/src&amp;lt;app.listeners.dialog{DB_OCL.java[DB_OCL~dlg_DLG_CONF_IMPORT_DB_OK" StructureKind="java"/><InteractionEvent Delta="null" EndDate="2014-08-27 16:43:49.916 JST" Interest="45.0" Kind="propagation" Navigation="null" OriginId="org.eclipse.jdt.ui.CompilationUnitEditor" StartDate="2014-08-27 16:29:48.227 JST" StructureHandle="/cm7/src/app/utils/Methods_dlg.java" StructureKind="resource" NumEvents="45" CreationCount="23"/><InteractionEvent Delta="null" EndDate="2014-08-27 16:50:47.177 JST" Interest="1.0" Kind="propagation" Navigation="org.eclipse.mylyn.core.model.edges.containment" OriginId="org.eclipse.mylyn.core.model.interest.propagation" StartDate="2014-08-27 16:50:47.177 JST" StructureHandle="=TA2/src&amp;lt;ta2.items" StructureKind="java"/><InteractionEvent Delta="null" EndDate="2014-08-27 17:03:37.869 JST" Interest="181.0" Kind="propagation" Navigation="null" OriginId="org.eclipse.jdt.ui.CompilationUnitEditor" StartDate="2014-08-27 16:34:00.967 JST" StructureHandle="/cm7/src/app/utils/Methods.java" StructureKind="resource" NumEvents="181" CreationCount="144"/><InteractionEvent Delta="null" EndDate="2014-08-27 16:50:47.177 JST" Interest="1.0" Kind="propagation" Navigation="null" OriginId="org.eclipse.ui.views.ResourceNavigator" StartDate="2014-08-27 16:50:47.177 JST" StructureHandle="/TA2/src/ta2/items/ListItem.java" StructureKind="resource"/><InteractionEvent Delta="null" EndDate="2014-08-27 16:32:32.168 JST" Interest="5.8" Kind="propagation" Navigation="org.eclipse.mylyn.core.model.edges.containment" OriginId="org.eclipse.mylyn.core.model.interest.propagation" StartDate="2014-08-27 16:31:59.811 JST" StructureHandle="/cm7/res/values" StructureKind="resource" NumEvents="7" CreationCount="78"/><InteractionEvent Delta="null" EndDate="2014-08-27 16:32:55.295 JST" Interest="14.0" Kind="propagation" Navigation="null" OriginId="org.eclipse.jdt.ui.CompilationUnitEditor" StartDate="2014-08-27 16:32:36.305 JST" StructureHandle="/cm7/src/app/listeners/dialog/DB_OTL.java" StructureKind="resource" NumEvents="14" CreationCount="97"/><InteractionEvent Delta="null" EndDate="2014-08-27 16:51:15.980 JST" Interest="18.033998" Kind="propagation" Navigation="org.eclipse.mylyn.core.model.edges.containment" OriginId="org.eclipse.mylyn.core.model.interest.propagation" StartDate="2014-08-27 16:40:56.851 JST" StructureHandle="/CM6/src/cm6" StructureKind="resource" NumEvents="20" CreationCount="324"/><InteractionEvent Delta="null" EndDate="2014-08-27 16:56:40.674 JST" Interest="4.0" Kind="edit" Navigation="null" OriginId="org.eclipse.jdt.ui.CompilationUnitEditor" StartDate="2014-08-27 16:34:17.532 JST" StructureHandle="=cm7/src&amp;lt;app.utils{Methods.java" StructureKind="java" NumEvents="4" CreationCount="144"/><InteractionEvent Delta="null" EndDate="2014-08-27 17:03:37.816 JST" Interest="21.0" Kind="selection" Navigation="null" OriginId="org.eclipse.jdt.ui.CompilationUnitEditor" StartDate="2014-08-27 16:34:00.967 JST" StructureHandle="=cm7/src&amp;lt;app.utils{Methods.java" StructureKind="java" NumEvents="21" CreationCount="144"/><InteractionEvent Delta="null" EndDate="2014-08-27 17:03:16.309 JST" Interest="31.186996" Kind="propagation" Navigation="org.eclipse.mylyn.core.model.edges.containment" OriginId="org.eclipse.mylyn.core.model.interest.propagation" StartDate="2014-08-27 16:34:23.696 JST" StructureHandle="=cm7/src&amp;lt;app.utils{Methods.java" StructureKind="java" NumEvents="49" CreationCount="144"/><InteractionEvent Delta="null" EndDate="2014-08-27 17:02:53.673 JST" Interest="8.0" Kind="edit" Navigation="null" OriginId="org.eclipse.jdt.ui.CompilationUnitEditor" StartDate="2014-08-27 16:56:33.263 JST" StructureHandle="=cm7/src&amp;lt;app.utils{Methods.java[Methods~_import_Patterns__SavePatterns~QActivity;~QList\&amp;lt;QString;&amp;gt;;" StructureKind="java" NumEvents="8" CreationCount="614"/><InteractionEvent Delta="null" EndDate="2014-08-27 17:02:47.382 JST" Interest="4.0" Kind="selection" Navigation="null" OriginId="org.eclipse.jdt.ui.CompilationUnitEditor" StartDate="2014-08-27 16:56:33.257 JST" StructureHandle="=cm7/src&amp;lt;app.utils{Methods.java[Methods~_import_Patterns__SavePatterns~QActivity;~QList\&amp;lt;QString;&amp;gt;;" StructureKind="java" NumEvents="4" CreationCount="614"/><InteractionEvent Delta="null" EndDate="2014-08-27 17:02:46.914 JST" Interest="11.0" Kind="propagation" Navigation="org.eclipse.mylyn.core.model.edges.containment" OriginId="org.eclipse.mylyn.core.model.interest.propagation" StartDate="2014-08-27 16:50:50.887 JST" StructureHandle="/TA2/src/ta2/listeners" StructureKind="resource" NumEvents="11" CreationCount="440"/><InteractionEvent Delta="null" EndDate="2014-08-27 17:01:25.440 JST" Interest="1.0" Kind="edit" Navigation="null" OriginId="org.eclipse.jdt.ui.CompilationUnitEditor" StartDate="2014-08-27 17:01:25.440 JST" StructureHandle="=TA2/src&amp;lt;ta2.utils{DBUtils.java[DBUtils~exec_Sql~QActivity;~QString;" StructureKind="java"/><InteractionEvent Delta="null" EndDate="2014-08-27 17:01:24.394 JST" Interest="1.0" Kind="selection" Navigation="null" OriginId="org.eclipse.jdt.ui.CompilationUnitEditor" StartDate="2014-08-27 17:01:24.394 JST" StructureHandle="=TA2/src&amp;lt;ta2.utils{DBUtils.java[DBUtils~exec_Sql~QActivity;~QString;" StructureKind="java"/><InteractionEvent Delta="null" EndDate="2014-08-27 16:30:09.764 JST" Interest="1.0" Kind="selection" Navigation="null" OriginId="org.eclipse.ui.views.ResourceNavigator" StartDate="2014-08-27 16:30:09.764 JST" StructureHandle="=TA2/src&amp;lt;ta2.utils" StructureKind="java"/><InteractionEvent Delta="null" EndDate="2014-08-27 16:56:50.351 JST" Interest="18.795002" Kind="propagation" Navigation="org.eclipse.mylyn.core.model.edges.containment" OriginId="org.eclipse.mylyn.core.model.interest.propagation" StartDate="2014-08-27 16:30:11.819 JST" StructureHandle="=TA2/src&amp;lt;ta2.utils" StructureKind="java" NumEvents="26" CreationCount="35"/><InteractionEvent Delta="null" EndDate="2014-08-27 17:05:15.237 JST" Interest="141.0" Kind="edit" Navigation="null" OriginId="org.eclipse.jdt.ui.CompilationUnitEditor" StartDate="2014-08-27 16:33:32.343 JST" StructureHandle="=cm7/src&amp;lt;app.listeners.dialog{DB_OCL.java[DB_OCL~dlg_DLG_CONF_IMPORT_PATTERNS_OK" StructureKind="java" NumEvents="141" CreationCount="129"/><InteractionEvent Delta="null" EndDate="2014-08-27 17:03:52.313 JST" Interest="13.0" Kind="selection" Navigation="null" OriginId="org.eclipse.jdt.ui.CompilationUnitEditor" StartDate="2014-08-27 16:33:31.233 JST" StructureHandle="=cm7/src&amp;lt;app.listeners.dialog{DB_OCL.java[DB_OCL~dlg_DLG_CONF_IMPORT_PATTERNS_OK" StructureKind="java" NumEvents="13" CreationCount="129"/><InteractionEvent Delta="null" EndDate="2014-08-27 16:43:52.228 JST" Interest="0.924" Kind="manipulation" Navigation="null" OriginId="org.eclipse.mylyn.core.model.interest.decay.correction" StartDate="2014-08-27 16:43:52.228 JST" StructureHandle="=cm7/src&amp;lt;app.listeners.dialog{DB_OCL.java[DB_OCL~dlg_DLG_CONF_IMPORT_PATTERNS_OK" StructureKind="java"/><InteractionEvent Delta="null" EndDate="2014-08-27 16:30:21.909 JST" Interest="8.699999" Kind="propagation" Navigation="org.eclipse.mylyn.core.model.edges.containment" OriginId="org.eclipse.mylyn.core.model.interest.propagation" StartDate="2014-08-27 16:30:15.932 JST" StructureHandle="=TA2/src&amp;lt;ta2.utils{Methods_dlg.java[Methods_dlg" StructureKind="java" NumEvents="12" CreationCount="39"/><InteractionEvent Delta="null" EndDate="2014-08-27 17:02:57.967 JST" Interest="9.0" Kind="edit" Navigation="null" OriginId="org.eclipse.jdt.ui.CompilationUnitEditor" StartDate="2014-08-27 16:34:26.81 JST" StructureHandle="=cm7/src&amp;lt;app.utils{Methods.java[Methods" StructureKind="java" NumEvents="9" CreationCount="149"/><InteractionEvent Delta="null" EndDate="2014-08-27 17:02:57.961 JST" Interest="9.0" Kind="selection" Navigation="null" OriginId="org.eclipse.jdt.ui.CompilationUnitEditor" StartDate="2014-08-27 16:34:07.368 JST" StructureHandle="=cm7/src&amp;lt;app.utils{Methods.java[Methods" StructureKind="java" NumEvents="9" CreationCount="149"/><InteractionEvent Delta="null" EndDate="2014-08-27 17:03:37.869 JST" Interest="39.601997" Kind="propagation" Navigation="org.eclipse.mylyn.core.model.edges.containment" OriginId="org.eclipse.mylyn.core.model.interest.propagation" StartDate="2014-08-27 16:34:20.678 JST" StructureHandle="=cm7/src&amp;lt;app.utils{Methods.java[Methods" StructureKind="java" NumEvents="55" CreationCount="149"/><InteractionEvent Delta="null" EndDate="2014-08-27 16:33:12.190 JST" Interest="1.0" Kind="selection" Navigation="null" OriginId="org.eclipse.jdt.ui.CompilationUnitEditor" StartDate="2014-08-27 16:33:12.190 JST" StructureHandle="=cm7/src&amp;lt;app.listeners.dialog{DB_OCL.java[DB_OCL" StructureKind="java"/><InteractionEvent Delta="null" EndDate="2014-08-27 17:05:15.237 JST" Interest="111.845" Kind="propagation" Navigation="org.eclipse.mylyn.core.model.edges.containment" OriginId="org.eclipse.mylyn.core.model.interest.propagation" StartDate="2014-08-27 16:33:10.921 JST" StructureHandle="=cm7/src&amp;lt;app.listeners.dialog{DB_OCL.java[DB_OCL" StructureKind="java" NumEvents="157" CreationCount="116"/><InteractionEvent Delta="null" EndDate="2014-08-27 17:05:15.238 JST" Interest="114.783005" Kind="propagation" Navigation="org.eclipse.mylyn.core.model.edges.containment" OriginId="org.eclipse.mylyn.core.model.interest.propagation" StartDate="2014-08-27 16:26:15.524 JST" StructureHandle="=cm7/src&amp;lt;app.listeners.dialog" StructureKind="java" NumEvents="166" CreationCount="2"/><InteractionEvent Delta="null" EndDate="2014-08-27 16:30:01.894 JST" Interest="2.0" Kind="selection" Navigation="null" OriginId="org.eclipse.ui.views.ResourceNavigator" StartDate="2014-08-27 16:26:14.85 JST" StructureHandle="=cm7" StructureKind="java" NumEvents="2" CreationCount="1"/><InteractionEvent Delta="null" EndDate="2014-08-27 17:11:49.908 JST" Interest="659.05096" Kind="propagation" Navigation="org.eclipse.mylyn.core.model.edges.containment" OriginId="org.eclipse.mylyn.core.model.interest.propagation" StartDate="2014-08-27 16:26:15.524 JST" StructureHandle="=cm7" StructureKind="resource" NumEvents="664" CreationCount="1"/><InteractionEvent Delta="null" EndDate="2014-08-27 16:30:30.289 JST" Interest="1.0" Kind="selection" Navigation="null" OriginId="org.eclipse.jdt.ui.CompilationUnitEditor" StartDate="2014-08-27 16:30:30.289 JST" StructureHandle="=cm7/src&amp;lt;app.utils{Methods_dlg.java#" StructureKind="java"/><InteractionEvent Delta="null" EndDate="2014-08-27 16:30:28.261 JST" Interest="1.0" Kind="propagation" Navigation="org.eclipse.mylyn.core.model.edges.containment" OriginId="org.eclipse.mylyn.core.model.interest.propagation" StartDate="2014-08-27 16:30:28.261 JST" StructureHandle="=cm7/src&amp;lt;app.utils{Methods_dlg.java#" StructureKind="java"/><InteractionEvent Delta="null" EndDate="2014-08-27 16:41:18.917 JST" Interest="7.0" Kind="edit" Navigation="null" OriginId="org.eclipse.jdt.ui.CompilationUnitEditor" StartDate="2014-08-27 16:41:07.194 JST" StructureHandle="=CM6/src&amp;lt;cm6.utils{CONS.java[CONS^cols_memo_patterns" StructureKind="java" NumEvents="7" CreationCount="329"/><InteractionEvent Delta="null" EndDate="2014-08-27 16:41:06.267 JST" Interest="1.0" Kind="selection" Navigation="null" OriginId="org.eclipse.ui.views.ContentOutline" StartDate="2014-08-27 16:41:06.267 JST" StructureHandle="=CM6/src&amp;lt;cm6.utils{CONS.java[CONS^cols_memo_patterns" StructureKind="java"/><InteractionEvent Delta="null" EndDate="2014-08-27 17:05:15.239 JST" Interest="114.783005" Kind="propagation" Navigation="org.eclipse.mylyn.core.model.edges.containment" OriginId="org.eclipse.mylyn.core.model.interest.propagation" StartDate="2014-08-27 16:26:15.525 JST" StructureHandle="=cm7/src" StructureKind="java" NumEvents="169" CreationCount="2"/><InteractionEvent Delta="null" EndDate="2014-08-27 16:32:55.294 JST" Interest="7.6169996" Kind="propagation" Navigation="org.eclipse.mylyn.core.model.edges.containment" OriginId="org.eclipse.mylyn.core.model.interest.propagation" StartDate="2014-08-27 16:32:38.21 JST" StructureHandle="=cm7/src&amp;lt;app.listeners.dialog{DB_OTL.java[DB_OTL" StructureKind="java" NumEvents="11" CreationCount="99"/><InteractionEvent Delta="null" EndDate="2014-08-27 17:11:49.908 JST" Interest="1.0" Kind="propagation" Navigation="null" OriginId="org.eclipse.jdt.ui.PackageExplorer" StartDate="2014-08-27 17:11:49.908 JST" StructureHandle="/cm7/src/app/items/Refresh.java" StructureKind="resource"/><InteractionEvent Delta="null" EndDate="2014-08-27 16:43:30.312 JST" Interest="2.0" Kind="selection" Navigation="null" OriginId="org.eclipse.jdt.ui.CompilationUnitEditor" StartDate="2014-08-27 16:43:22.607 JST" StructureHandle="=cm7/src&amp;lt;app.utils{Methods.java#android.database.Cursor" StructureKind="java" NumEvents="2" CreationCount="383"/><InteractionEvent Delta="null" EndDate="2014-08-27 17:11:47.166 JST" Interest="426.35703" Kind="propagation" Navigation="org.eclipse.mylyn.core.model.edges.containment" OriginId="org.eclipse.mylyn.core.model.interest.propagation" StartDate="2014-08-27 16:26:15.524 JST" StructureHandle="/cm7/src/app" StructureKind="resource" NumEvents="432" CreationCount="2"/><InteractionEvent Delta="null" EndDate="2014-08-27 16:41:31.192 JST" Interest="5.0" Kind="edit" Navigation="null" OriginId="org.eclipse.jdt.ui.CompilationUnitEditor" StartDate="2014-08-27 16:41:26.575 JST" StructureHandle="=cm7/src&amp;lt;app.utils{CONS.java[CONS[DB^cols_memo_patterns" StructureKind="java" NumEvents="5" CreationCount="340"/><InteractionEvent Delta="null" EndDate="2014-08-27 16:42:26.46 JST" Interest="2.0" Kind="selection" Navigation="null" OriginId="org.eclipse.jdt.ui.CompilationUnitEditor" StartDate="2014-08-27 16:41:26.571 JST" StructureHandle="=cm7/src&amp;lt;app.utils{CONS.java[CONS[DB^cols_memo_patterns_CM6" StructureKind="java" NumEvents="2" CreationCount="340"/><InteractionEvent Delta="null" EndDate="2014-08-27 16:51:04.693 JST" Interest="5.0" Kind="edit" Navigation="null" OriginId="org.eclipse.jdt.ui.CompilationUnitEditor" StartDate="2014-08-27 16:50:58.295 JST" StructureHandle="=TA2/src&amp;lt;ta2.listeners.dialog{DB_OCL.java[DB_OCL~case_DLG_REGISTER_PATTERNS_OK" StructureKind="java" NumEvents="5" CreationCount="442"/><InteractionEvent Delta="null" EndDate="2014-08-27 17:02:46.914 JST" Interest="2.0" Kind="selection" Navigation="null" OriginId="org.eclipse.jdt.ui.CompilationUnitEditor" StartDate="2014-08-27 16:50:56.279 JST" StructureHandle="=TA2/src&amp;lt;ta2.listeners.dialog{DB_OCL.java[DB_OCL~case_DLG_REGISTER_PATTERNS_OK" StructureKind="java" NumEvents="2" CreationCount="442"/><InteractionEvent Delta="null" EndDate="2014-08-27 17:02:46.914 JST" Interest="0.7870002" Kind="manipulation" Navigation="null" OriginId="org.eclipse.mylyn.core.model.interest.decay.correction" StartDate="2014-08-27 17:02:46.914 JST" StructureHandle="=TA2/src&amp;lt;ta2.listeners.dialog{DB_OCL.java[DB_OCL~case_DLG_REGISTER_PATTERNS_OK" StructureKind="java"/><InteractionEvent Delta="null" EndDate="2014-08-27 17:02:46.915 JST" Interest="116.050995" Kind="propagation" Navigation="null" OriginId="org.eclipse.jdt.ui.CompilationUnitEditor" StartDate="2014-08-27 16:30:07.243 JST" StructureHandle="/TA2/src" StructureKind="resource" NumEvents="120" CreationCount="33"/><InteractionEvent Delta="null" EndDate="2014-08-27 17:01:41.790 JST" Interest="1.0" Kind="edit" Navigation="null" OriginId="org.eclipse.jdt.ui.CompilationUnitEditor" StartDate="2014-08-27 17:01:41.790 JST" StructureHandle="=cm7/src&amp;lt;app.utils{DBUtils.java" StructureKind="java"/><InteractionEvent Delta="null" EndDate="2014-08-27 17:11:47.70 JST" Interest="10.0" Kind="selection" Navigation="null" OriginId="org.eclipse.jdt.ui.PackageExplorer" StartDate="2014-08-27 16:57:08.489 JST" StructureHandle="=cm7/src&amp;lt;app.utils{DBUtils.java" StructureKind="java" NumEvents="10" CreationCount="635"/><InteractionEvent Delta="null" EndDate="2014-08-27 17:02:45.91 JST" Interest="37.355" Kind="propagation" Navigation="org.eclipse.mylyn.core.model.edges.containment" OriginId="org.eclipse.mylyn.core.model.interest.propagation" StartDate="2014-08-27 16:57:25.69 JST" StructureHandle="=cm7/src&amp;lt;app.utils{DBUtils.java" StructureKind="java" NumEvents="55" CreationCount="635"/><InteractionEvent Delta="null" EndDate="2014-08-27 17:02:46.914 JST" Interest="11.0" Kind="propagation" Navigation="null" OriginId="org.eclipse.jdt.ui.CompilationUnitEditor" StartDate="2014-08-27 16:50:50.887 JST" StructureHandle="/TA2/src/ta2/listeners/dialog/DB_OCL.java" StructureKind="resource" NumEvents="11" CreationCount="440"/><InteractionEvent Delta="null" EndDate="2014-08-27 16:31:46.591 JST" Interest="2.0" Kind="edit" Navigation="null" OriginId="org.eclipse.jdt.ui.CompilationUnitEditor" StartDate="2014-08-27 16:31:44.914 JST" StructureHandle="=cm7/src&amp;lt;app.utils{Tags.java[Tags[DialogTags" StructureKind="java" NumEvents="2" CreationCount="70"/><InteractionEvent Delta="null" EndDate="2014-08-27 16:31:43.966 JST" Interest="1.0" Kind="selection" Navigation="null" OriginId="org.eclipse.jdt.ui.CompilationUnitEditor" StartDate="2014-08-27 16:31:43.966 JST" StructureHandle="=cm7/src&amp;lt;app.utils{Tags.java[Tags[DialogTags" StructureKind="java"/><InteractionEvent Delta="null" EndDate="2014-08-27 16:31:40.174 JST" Interest="1.0" Kind="propagation" Navigation="org.eclipse.mylyn.core.model.edges.containment" OriginId="org.eclipse.mylyn.core.model.interest.propagation" StartDate="2014-08-27 16:31:40.174 JST" StructureHandle="=cm7/src&amp;lt;app.utils{Tags.java[Tags[DialogTags" StructureKind="java"/><InteractionEvent Delta="null" EndDate="2014-08-27 16:30:04.825 JST" Interest="1.0" Kind="selection" Navigation="null" OriginId="org.eclipse.ui.views.ResourceNavigator" StartDate="2014-08-27 16:30:04.825 JST" StructureHandle="=TA2" StructureKind="java"/><InteractionEvent Delta="null" EndDate="2014-08-27 17:02:46.914 JST" Interest="114.06799" Kind="propagation" Navigation="org.eclipse.mylyn.core.model.edges.containment" OriginId="org.eclipse.mylyn.core.model.interest.propagation" StartDate="2014-08-27 16:30:07.243 JST" StructureHandle="=TA2" StructureKind="resource" NumEvents="120" CreationCount="32"/><InteractionEvent Delta="null" EndDate="2014-08-27 16:41:21.618 JST" Interest="36.068" Kind="propagation" Navigation="org.eclipse.mylyn.core.model.edges.containment" OriginId="org.eclipse.mylyn.core.model.interest.propagation" StartDate="2014-08-27 16:37:47.349 JST" StructureHandle="=cm7/src&amp;lt;app.utils{CONS.java[CONS" StructureKind="java" NumEvents="54" CreationCount="228"/><InteractionEvent Delta="null" EndDate="2014-08-27 17:02:43.683 JST" Interest="54.0" Kind="edit" Navigation="null" OriginId="org.eclipse.jdt.ui.CompilationUnitEditor" StartDate="2014-08-27 16:57:36.752 JST" StructureHandle="=cm7/src&amp;lt;app.utils{DBUtils.java[DBUtils~insert_Data_Patterns~QActivity;~QList\&amp;lt;QString;&amp;gt;;" StructureKind="java" NumEvents="54" CreationCount="650"/><InteractionEvent Delta="null" EndDate="2014-08-27 17:02:11.315 JST" Interest="8.0" Kind="selection" Navigation="null" OriginId="org.eclipse.jdt.ui.CompilationUnitEditor" StartDate="2014-08-27 16:57:35.476 JST" StructureHandle="=cm7/src&amp;lt;app.utils{DBUtils.java[DBUtils~insert_Data_Patterns~QActivity;~QList\&amp;lt;QString;&amp;gt;;" StructureKind="java" NumEvents="8" CreationCount="650"/><InteractionEvent Delta="null" EndDate="2014-08-27 16:37:36.372 JST" Interest="2.4" Kind="propagation" Navigation="org.eclipse.mylyn.core.model.edges.containment" OriginId="org.eclipse.mylyn.core.model.interest.propagation" StartDate="2014-08-27 16:37:32.619 JST" StructureHandle="=TA2/src&amp;lt;ta2.utils{CONS.java[CONS" StructureKind="java" NumEvents="3" CreationCount="220"/><InteractionEvent Delta="null" EndDate="2014-08-27 17:03:16.308 JST" Interest="54.0" Kind="edit" Navigation="null" OriginId="org.eclipse.jdt.ui.CompilationUnitEditor" StartDate="2014-08-27 16:34:19.529 JST" StructureHandle="=cm7/src&amp;lt;app.utils{Methods.java[Methods~import_Patterns~QActivity;" StructureKind="java" NumEvents="54" CreationCount="155"/><InteractionEvent Delta="null" EndDate="2014-08-27 17:03:37.869 JST" Interest="17.0" Kind="selection" Navigation="null" OriginId="org.eclipse.jdt.ui.CompilationUnitEditor" StartDate="2014-08-27 16:34:18.689 JST" StructureHandle="=cm7/src&amp;lt;app.utils{Methods.java[Methods~import_Patterns~QActivity;" StructureKind="java" NumEvents="17" CreationCount="155"/><InteractionEvent Delta="null" EndDate="2014-08-27 16:32:32.168 JST" Interest="5.8" Kind="propagation" Navigation="org.eclipse.mylyn.core.model.edges.containment" OriginId="org.eclipse.mylyn.core.model.interest.propagation" StartDate="2014-08-27 16:31:59.811 JST" StructureHandle="/cm7/res" StructureKind="resource" NumEvents="7" CreationCount="78"/><InteractionEvent Delta="null" EndDate="2014-08-27 16:30:13.795 JST" Interest="1.0" Kind="selection" Navigation="null" OriginId="org.eclipse.ui.views.ContentOutline" StartDate="2014-08-27 16:30:13.795 JST" StructureHandle="=TA2/src&amp;lt;ta2.utils{Methods_dlg.java%ta2.utils" StructureKind="java"/><InteractionEvent Delta="null" EndDate="2014-08-27 16:43:44.325 JST" Interest="17.0" Kind="edit" Navigation="null" OriginId="org.eclipse.jdt.ui.CompilationUnitEditor" StartDate="2014-08-27 16:29:06.663 JST" StructureHandle="=cm7/src&amp;lt;app.listeners.dialog{DOI_CL.java[DOI_CL~case_DLG_ACTV_MAIN_OPERATIONS~QListItem;" StructureKind="java" NumEvents="17" CreationCount="7"/><InteractionEvent Delta="null" EndDate="2014-08-27 17:05:22.306 JST" Interest="5.0" Kind="selection" Navigation="null" OriginId="org.eclipse.ui.views.ContentOutline" StartDate="2014-08-27 16:29:06.562 JST" StructureHandle="=cm7/src&amp;lt;app.listeners.dialog{DOI_CL.java[DOI_CL~case_DLG_ACTV_MAIN_OPERATIONS~QListItem;" StructureKind="java" NumEvents="5" CreationCount="7"/><InteractionEvent Delta="null" EndDate="2014-08-27 16:33:03.223 JST" Interest="1.0" Kind="selection" Navigation="null" OriginId="org.eclipse.jdt.ui.PackageExplorer" StartDate="2014-08-27 16:33:03.223 JST" StructureHandle="=cm7/src&amp;lt;app.items{ListItem.java" StructureKind="java"/><InteractionEvent Delta="null" EndDate="2014-08-27 16:51:07.346 JST" Interest="7.0" Kind="selection" Navigation="null" OriginId="org.eclipse.jdt.ui.CompilationUnitEditor" StartDate="2014-08-27 16:37:43.665 JST" StructureHandle="=cm7/src&amp;lt;app.utils{CONS.java" StructureKind="java" NumEvents="7" CreationCount="225"/><InteractionEvent Delta="null" EndDate="2014-08-27 16:39:50.403 JST" Interest="32.119" Kind="propagation" Navigation="org.eclipse.mylyn.core.model.edges.containment" OriginId="org.eclipse.mylyn.core.model.interest.propagation" StartDate="2014-08-27 16:37:57.324 JST" StructureHandle="=cm7/src&amp;lt;app.utils{CONS.java" StructureKind="java" NumEvents="49" CreationCount="225"/><InteractionEvent Delta="null" EndDate="2014-08-27 16:51:07.347 JST" Interest="99.0" Kind="propagation" Navigation="null" OriginId="org.eclipse.jdt.ui.CompilationUnitEditor" StartDate="2014-08-27 16:37:43.665 JST" StructureHandle="/cm7/src/app/utils/CONS.java" StructureKind="resource" NumEvents="99" CreationCount="225"/><InteractionEvent Delta="null" EndDate="2014-08-27 16:57:04.318 JST" Interest="2.0" Kind="selection" Navigation="null" OriginId="org.eclipse.jdt.ui.PackageExplorer" StartDate="2014-08-27 16:40:50.14 JST" StructureHandle="=cm7/src&amp;lt;app.utils" StructureKind="java" NumEvents="2" CreationCount="23"/><InteractionEvent Delta="null" EndDate="2014-08-27 17:11:47.70 JST" Interest="56.459003" Kind="propagation" Navigation="org.eclipse.mylyn.core.model.edges.containment" OriginId="org.eclipse.mylyn.core.model.interest.propagation" StartDate="2014-08-27 16:29:48.228 JST" StructureHandle="=cm7/src&amp;lt;app.utils" StructureKind="java" NumEvents="86" CreationCount="23"/><InteractionEvent Delta="null" EndDate="2014-08-27 17:11:16.582 JST" Interest="233.034" Kind="propagation" Navigation="null" OriginId="org.eclipse.jdt.ui.CompilationUnitEditor" StartDate="2014-08-27 16:26:15.523 JST" StructureHandle="/cm7/src/app/listeners/dialog" StructureKind="resource" NumEvents="234" CreationCount="2"/><InteractionEvent Delta="null" EndDate="2014-08-27 17:05:20.856 JST" Interest="5.0" Kind="selection" Navigation="null" OriginId="org.eclipse.jdt.ui.CompilationUnitEditor" StartDate="2014-08-27 16:28:59.677 JST" StructureHandle="=cm7/src&amp;lt;app.listeners.dialog{DOI_CL.java" StructureKind="java" NumEvents="5" CreationCount="4"/><InteractionEvent Delta="null" EndDate="2014-08-27 17:11:16.581 JST" Interest="16.617" Kind="propagation" Navigation="org.eclipse.mylyn.core.model.edges.containment" OriginId="org.eclipse.mylyn.core.model.interest.propagation" StartDate="2014-08-27 16:29:07.140 JST" StructureHandle="=cm7/src&amp;lt;app.listeners.dialog{DOI_CL.java" StructureKind="java" NumEvents="27" CreationCount="4"/><InteractionEvent Delta="null" EndDate="2014-08-27 16:33:03.223 JST" Interest="1.0" Kind="propagation" Navigation="null" OriginId="org.eclipse.jdt.ui.PackageExplorer" StartDate="2014-08-27 16:33:03.223 JST" StructureHandle="/cm7/src/app/items/ListItem.java" StructureKind="resource"/><InteractionEvent Delta="null" EndDate="2014-08-27 17:05:50.548 JST" Interest="4.0" Kind="prediction" Navigation="null" OriginId="org.eclipse.mylyn.resources.ui.interest.updater" StartDate="2014-08-27 16:44:57.967 JST" StructureHandle="/cm7/bin/cm7.apk" StructureKind="resource" NumEvents="4" CreationCount="430"/><InteractionEvent Delta="null" EndDate="2014-08-27 16:37:31.789 JST" Interest="1.0" Kind="selection" Navigation="null" OriginId="org.eclipse.jdt.ui.CompilationUnitEditor" StartDate="2014-08-27 16:37:31.789 JST" StructureHandle="=TA2/src&amp;lt;ta2.utils{CONS.java" StructureKind="java"/><InteractionEvent Delta="null" EndDate="2014-08-27 16:37:36.372 JST" Interest="1.417" Kind="propagation" Navigation="org.eclipse.mylyn.core.model.edges.containment" OriginId="org.eclipse.mylyn.core.model.interest.propagation" StartDate="2014-08-27 16:37:32.619 JST" StructureHandle="=TA2/src&amp;lt;ta2.utils{CONS.java" StructureKind="java" NumEvents="3" CreationCount="219"/><InteractionEvent Delta="null" EndDate="2014-08-27 17:11:47.166 JST" Interest="9.081" Kind="manipulation" Navigation="null" OriginId="org.eclipse.mylyn.core.model.interest.decay.correction" StartDate="2014-08-27 17:11:47.166 JST" StructureHandle="/cm7/src/app/utils/Comparator_AI.java" StructureKind="resource"/><InteractionEvent Delta="null" EndDate="2014-08-27 17:11:47.166 JST" Interest="2.0" Kind="propagation" Navigation="null" OriginId="org.eclipse.jdt.ui.PackageExplorer" StartDate="2014-08-27 16:37:40.358 JST" StructureHandle="/cm7/src/app/utils/Comparator_AI.java" StructureKind="resource" NumEvents="2" CreationCount="224"/><InteractionEvent Delta="null" EndDate="2014-08-27 16:37:36.372 JST" Interest="2.4" Kind="propagation" Navigation="org.eclipse.mylyn.core.model.edges.containment" OriginId="org.eclipse.mylyn.core.model.interest.propagation" StartDate="2014-08-27 16:37:32.618 JST" StructureHandle="=TA2/src&amp;lt;ta2.utils{CONS.java[CONS[DB" StructureKind="java" NumEvents="3" CreationCount="220"/><InteractionEvent Delta="null" EndDate="2014-08-27 16:44:57.967 JST" Interest="1.0" Kind="propagation" Navigation="org.eclipse.mylyn.core.model.edges.containment" OriginId="org.eclipse.mylyn.core.model.interest.propagation" StartDate="2014-08-27 16:44:57.967 JST" StructureHandle="/cm7/bin" StructureKind="resource"/><InteractionEvent Delta="null" EndDate="2014-08-27 16:41:01.488 JST" Interest="1.0" Kind="selection" Navigation="null" OriginId="org.eclipse.ui.views.ContentOutline" StartDate="2014-08-27 16:41:01.488 JST" StructureHandle="=CM6/src&amp;lt;cm6.utils{CONS.java%cm6.utils" StructureKind="java"/><InteractionEvent Delta="null" EndDate="2014-08-27 17:02:46.915 JST" Interest="121.0" Kind="propagation" Navigation="null" OriginId="org.eclipse.jdt.ui.CompilationUnitEditor" StartDate="2014-08-27 16:30:04.825 JST" StructureHandle="/TA2" StructureKind="resource" NumEvents="121" CreationCount="32"/><InteractionEvent Delta="null" EndDate="2014-08-27 16:26:16.972 JST" Interest="1.0" Kind="propagation" Navigation="null" OriginId="org.eclipse.jdt.ui.PackageExplorer" StartDate="2014-08-27 16:26:16.972 JST" StructureHandle="/cm7/src/app/items/WordPattern.java" StructureKind="resource"/><InteractionEvent Delta="null" EndDate="2014-08-27 16:51:15.982 JST" Interest="23.0" Kind="propagation" Navigation="null" OriginId="org.eclipse.jdt.ui.CompilationUnitEditor" StartDate="2014-08-27 16:40:53.518 JST" StructureHandle="/CM6" StructureKind="resource" NumEvents="23" CreationCount="321"/><InteractionEvent Delta="null" EndDate="2014-08-27 17:11:16.581 JST" Interest="39.0" Kind="propagation" Navigation="null" OriginId="org.eclipse.jdt.ui.CompilationUnitEditor" StartDate="2014-08-27 16:28:59.678 JST" StructureHandle="/cm7/src/app/listeners/dialog/DOI_CL.java" StructureKind="resource" NumEvents="39" CreationCount="4"/><InteractionEvent Delta="null" EndDate="2014-08-27 16:33:53.528 JST" Interest="5.0" Kind="edit" Navigation="null" OriginId="org.eclipse.jdt.ui.CompilationUnitEditor" StartDate="2014-08-27 16:33:48.822 JST" StructureHandle="=TA2/src&amp;lt;ta2.utils{Methods.java[Methods~import_Patterns~QActivity;" StructureKind="java" NumEvents="5" CreationCount="137"/><InteractionEvent Delta="null" EndDate="2014-08-27 16:33:48.249 JST" Interest="1.0" Kind="selection" Navigation="null" OriginId="org.eclipse.ui.views.ContentOutline" StartDate="2014-08-27 16:33:48.249 JST" StructureHandle="=TA2/src&amp;lt;ta2.utils{Methods.java[Methods~import_Patterns~QActivity;" StructureKind="java"/><InteractionEvent Delta="null" EndDate="2014-08-27 17:11:49.908 JST" Interest="14.8550005" Kind="propagation" Navigation="org.eclipse.mylyn.core.model.edges.containment" OriginId="org.eclipse.mylyn.core.model.interest.propagation" StartDate="2014-08-27 16:26:16.974 JST" StructureHandle="=cm7/src&amp;lt;app.items" StructureKind="java" NumEvents="3" CreationCount="3"/><InteractionEvent Delta="null" EndDate="2014-08-27 16:32:38.21 JST" Interest="1.0" Kind="selection" Navigation="null" OriginId="org.eclipse.jdt.ui.CompilationUnitEditor" StartDate="2014-08-27 16:32:38.21 JST" StructureHandle="=cm7/src&amp;lt;app.listeners.dialog{DB_OTL.java[DB_OTL~DB_OTL~QActivity;~QDialog;" StructureKind="java"/><InteractionEvent Delta="null" EndDate="2014-08-27 16:43:47.33 JST" Interest="6.0" Kind="selection" Navigation="null" OriginId="org.eclipse.jdt.ui.CompilationUnitEditor" StartDate="2014-08-27 16:29:48.226 JST" StructureHandle="=cm7/src&amp;lt;app.utils{Methods_dlg.java" StructureKind="java" NumEvents="6" CreationCount="23"/><InteractionEvent Delta="null" EndDate="2014-08-27 16:43:49.917 JST" Interest="21.617" Kind="propagation" Navigation="org.eclipse.mylyn.core.model.edges.containment" OriginId="org.eclipse.mylyn.core.model.interest.propagation" StartDate="2014-08-27 16:29:49.318 JST" StructureHandle="=cm7/src&amp;lt;app.utils{Methods_dlg.java" StructureKind="java" NumEvents="31" CreationCount="23"/><InteractionEvent Delta="null" EndDate="2014-08-27 16:37:36.371 JST" Interest="2.0" Kind="edit" Navigation="null" OriginId="org.eclipse.jdt.ui.CompilationUnitEditor" StartDate="2014-08-27 16:37:34.82 JST" StructureHandle="=TA2/src&amp;lt;ta2.utils{CONS.java[CONS[DB^tname_Patterns_TWT" StructureKind="java" NumEvents="2" CreationCount="220"/><InteractionEvent Delta="null" EndDate="2014-08-27 16:37:32.618 JST" Interest="1.0" Kind="selection" Navigation="null" OriginId="org.eclipse.jdt.ui.CompilationUnitEditor" StartDate="2014-08-27 16:37:32.618 JST" StructureHandle="=TA2/src&amp;lt;ta2.utils{CONS.java[CONS[DB^tname_Patterns_TWT" StructureKind="java"/><InteractionEvent Delta="null" EndDate="2014-08-27 16:51:15.867 JST" Interest="6.0" Kind="selection" Navigation="null" OriginId="org.eclipse.jdt.ui.CompilationUnitEditor" StartDate="2014-08-27 16:40:59.642 JST" StructureHandle="=CM6/src&amp;lt;cm6.utils{CONS.java" StructureKind="java" NumEvents="6" CreationCount="326"/><InteractionEvent Delta="null" EndDate="2014-08-27 16:41:19.487 JST" Interest="4.951" Kind="propagation" Navigation="org.eclipse.mylyn.core.model.edges.containment" OriginId="org.eclipse.mylyn.core.model.interest.propagation" StartDate="2014-08-27 16:41:07.226 JST" StructureHandle="=CM6/src&amp;lt;cm6.utils{CONS.java" StructureKind="java" NumEvents="7" CreationCount="326"/><InteractionEvent Delta="null" EndDate="2014-08-27 16:30:07.243 JST" Interest="1.0" Kind="selection" Navigation="null" OriginId="org.eclipse.ui.views.ResourceNavigator" StartDate="2014-08-27 16:30:07.243 JST" StructureHandle="=TA2/src" StructureKind="java"/><InteractionEvent Delta="null" EndDate="2014-08-27 16:56:50.351 JST" Interest="18.829002" Kind="propagation" Navigation="org.eclipse.mylyn.core.model.edges.containment" OriginId="org.eclipse.mylyn.core.model.interest.propagation" StartDate="2014-08-27 16:30:08.16 JST" StructureHandle="=TA2/src" StructureKind="java" NumEvents="30" CreationCount="33"/><InteractionEvent Delta="null" EndDate="2014-08-27 16:39:26.831 JST" Interest="39.0" Kind="edit" Navigation="null" OriginId="org.eclipse.jdt.ui.CompilationUnitEditor" StartDate="2014-08-27 16:37:56.174 JST" StructureHandle="=cm7/src&amp;lt;app.utils{CONS.java[CONS[DB^tname_CM7" StructureKind="java" NumEvents="39" CreationCount="232"/><InteractionEvent Delta="null" EndDate="2014-08-27 16:39:19.625 JST" Interest="6.0" Kind="selection" Navigation="null" OriginId="org.eclipse.jdt.ui.CompilationUnitEditor" StartDate="2014-08-27 16:37:56.170 JST" StructureHandle="=cm7/src&amp;lt;app.utils{CONS.java[CONS[DB^tname_CM7" StructureKind="java" NumEvents="6" CreationCount="232"/><InteractionEvent Delta="null" EndDate="2014-08-27 16:56:25.701 JST" Interest="1.0" Kind="edit" Navigation="null" OriginId="org.eclipse.jdt.ui.CompilationUnitEditor" StartDate="2014-08-27 16:56:25.701 JST" StructureHandle="=TA2/src&amp;lt;ta2.utils{Methods.java[Methods" StructureKind="java"/><InteractionEvent Delta="null" EndDate="2014-08-27 16:56:47.202 JST" Interest="7.0" Kind="selection" Navigation="null" OriginId="org.eclipse.jdt.ui.CompilationUnitEditor" StartDate="2014-08-27 16:34:03.373 JST" StructureHandle="=TA2/src&amp;lt;ta2.utils{Methods.java[Methods" StructureKind="java" NumEvents="7" CreationCount="137"/><InteractionEvent Delta="null" EndDate="2014-08-27 16:56:22.479 JST" Interest="10.361" Kind="propagation" Navigation="org.eclipse.mylyn.core.model.edges.containment" OriginId="org.eclipse.mylyn.core.model.interest.propagation" StartDate="2014-08-27 16:33:48.250 JST" StructureHandle="=TA2/src&amp;lt;ta2.utils{Methods.java[Methods" StructureKind="java" NumEvents="12" CreationCount="137"/><InteractionEvent Delta="null" EndDate="2014-08-27 16:57:28.114 JST" Interest="5.0" Kind="edit" Navigation="null" OriginId="org.eclipse.jdt.ui.CompilationUnitEditor" StartDate="2014-08-27 16:57:22.994 JST" StructureHandle="=cm7/src&amp;lt;app.utils{DBUtils.java[DBUtils" StructureKind="java" NumEvents="5" CreationCount="642"/><InteractionEvent Delta="null" EndDate="2014-08-27 17:02:45.90 JST" Interest="5.0" Kind="selection" Navigation="null" OriginId="org.eclipse.jdt.ui.CompilationUnitEditor" StartDate="2014-08-27 16:57:20.78 JST" StructureHandle="=cm7/src&amp;lt;app.utils{DBUtils.java[DBUtils" StructureKind="java" NumEvents="5" CreationCount="642"/><InteractionEvent Delta="null" EndDate="2014-08-27 17:02:43.684 JST" Interest="38.436" Kind="propagation" Navigation="org.eclipse.mylyn.core.model.edges.containment" OriginId="org.eclipse.mylyn.core.model.interest.propagation" StartDate="2014-08-27 16:57:44.169 JST" StructureHandle="=cm7/src&amp;lt;app.utils{DBUtils.java[DBUtils" StructureKind="java" NumEvents="54" CreationCount="642"/><InteractionEvent Delta="null" EndDate="2014-08-27 17:00:51.246 JST" Interest="2.0" Kind="selection" Navigation="null" OriginId="org.eclipse.jdt.ui.CompilationUnitEditor" StartDate="2014-08-27 17:00:32.318 JST" StructureHandle="=cm7/src&amp;lt;app.utils{DBUtils.java[DBUtils~tableExists~QActivity;~QString;~QString;" StructureKind="java" NumEvents="2" CreationCount="686"/><InteractionEvent Delta="null" EndDate="2014-08-27 17:03:52.219 JST" Interest="10.0" Kind="selection" Navigation="null" OriginId="org.eclipse.jdt.ui.CompilationUnitEditor" StartDate="2014-08-27 16:26:15.523 JST" StructureHandle="=cm7/src&amp;lt;app.listeners.dialog{DB_OCL.java" StructureKind="java" NumEvents="10" CreationCount="2"/><InteractionEvent Delta="null" EndDate="2014-08-27 16:33:07.9 JST" Interest="0.8870001" Kind="manipulation" Navigation="null" OriginId="org.eclipse.mylyn.core.model.interest.decay.correction" StartDate="2014-08-27 16:33:07.9 JST" StructureHandle="=cm7/src&amp;lt;app.listeners.dialog{DB_OCL.java" StructureKind="java"/><InteractionEvent Delta="null" EndDate="2014-08-27 17:05:15.238 JST" Interest="103.896" Kind="propagation" Navigation="org.eclipse.mylyn.core.model.edges.containment" OriginId="org.eclipse.mylyn.core.model.interest.propagation" StartDate="2014-08-27 16:33:12.191 JST" StructureHandle="=cm7/src&amp;lt;app.listeners.dialog{DB_OCL.java" StructureKind="java" NumEvents="149" CreationCount="2"/><InteractionEvent Delta="null" EndDate="2014-08-27 16:37:48.493 JST" Interest="1.0" Kind="edit" Navigation="null" OriginId="org.eclipse.jdt.ui.CompilationUnitEditor" StartDate="2014-08-27 16:37:48.493 JST" StructureHandle="=cm7/src&amp;lt;app.utils{CONS.java[CONS[DB^dbName_Importing" StructureKind="java"/><InteractionEvent Delta="null" EndDate="2014-08-27 16:37:48.486 JST" Interest="1.0" Kind="selection" Navigation="null" OriginId="org.eclipse.jdt.ui.CompilationUnitEditor" StartDate="2014-08-27 16:37:48.486 JST" StructureHandle="=cm7/src&amp;lt;app.utils{CONS.java[CONS[DB^dbName_Importing" StructureKind="java"/><InteractionEvent Delta="null" EndDate="2014-08-27 16:50:47.176 JST" Interest="1.0" Kind="selection" Navigation="null" OriginId="org.eclipse.ui.views.ResourceNavigator" StartDate="2014-08-27 16:50:47.176 JST" StructureHandle="=TA2/src&amp;lt;ta2.items{ListItem.java" StructureKind="java"/><InteractionEvent Delta="null" EndDate="2014-08-27 16:40:53.518 JST" Interest="1.0" Kind="selection" Navigation="null" OriginId="org.eclipse.ui.views.ResourceNavigator" StartDate="2014-08-27 16:40:53.518 JST" StructureHandle="=CM6" StructureKind="java"/><InteractionEvent Delta="null" EndDate="2014-08-27 16:51:15.981 JST" Interest="17.085" Kind="propagation" Navigation="org.eclipse.mylyn.core.model.edges.containment" OriginId="org.eclipse.mylyn.core.model.interest.propagation" StartDate="2014-08-27 16:40:54.784 JST" StructureHandle="=CM6" StructureKind="resource" NumEvents="22" CreationCount="321"/><InteractionEvent Delta="null" EndDate="2014-08-27 17:11:49.908 JST" Interest="1.0" Kind="selection" Navigation="null" OriginId="org.eclipse.jdt.ui.PackageExplorer" StartDate="2014-08-27 17:11:49.908 JST" StructureHandle="=cm7/src&amp;lt;app.items{Refresh.java" StructureKind="java"/></InteractionHistory>