<?xml version="1.0" encoding="UTF-8"?><InteractionHistory Id="local-221" Version="1"><InteractionEvent Delta="null" EndDate="2014-11-20 20:24:36.495 JST" Interest="1.0" Kind="selection" Navigation="null" OriginId="org.eclipse.jdt.ui.CompilationUnitEditor" StartDate="2014-11-20 20:24:36.495 JST" StructureHandle="=CutPlanner_A/src&amp;lt;cp.utils{CONS.java[CONS[Canvas^LineWidth_Rect_A" StructureKind="java"/><InteractionEvent Delta="null" EndDate="2014-11-20 20:34:37.597 JST" Interest="377.0" Kind="propagation" Navigation="org.eclipse.mylyn.core.model.edges.containment" OriginId="org.eclipse.mylyn.core.model.interest.propagation" StartDate="2014-11-20 20:15:11.168 JST" StructureHandle="=CutPlanner_A" StructureKind="resource" NumEvents="377" CreationCount="1"/><InteractionEvent Delta="null" EndDate="2014-11-20 20:34:11.560 JST" Interest="1.0" Kind="edit" Navigation="null" OriginId="org.eclipse.jdt.ui.CompilationUnitEditor" StartDate="2014-11-20 20:34:11.560 JST" StructureHandle="=CutPlanner_A/src&amp;lt;cp.listeners.view{V_OCL.java[V_OCL" StructureKind="java"/><InteractionEvent Delta="null" EndDate="2014-11-20 20:34:10.532 JST" Interest="1.0" Kind="selection" Navigation="null" OriginId="org.eclipse.jdt.ui.CompilationUnitEditor" StartDate="2014-11-20 20:34:10.532 JST" StructureHandle="=CutPlanner_A/src&amp;lt;cp.listeners.view{V_OCL.java[V_OCL" StructureKind="java"/><InteractionEvent Delta="null" EndDate="2014-11-20 20:34:06.733 JST" Interest="134.55798" Kind="propagation" Navigation="org.eclipse.mylyn.core.model.edges.containment" OriginId="org.eclipse.mylyn.core.model.interest.propagation" StartDate="2014-11-20 20:15:18.662 JST" StructureHandle="=CutPlanner_A/src&amp;lt;cp.listeners.view{V_OCL.java[V_OCL" StructureKind="java" NumEvents="188" CreationCount="4"/><InteractionEvent Delta="null" EndDate="2014-11-20 20:34:11.560 JST" Interest="124.27499" Kind="propagation" Navigation="org.eclipse.mylyn.core.model.edges.containment" OriginId="org.eclipse.mylyn.core.model.interest.propagation" StartDate="2014-11-20 20:15:18.663 JST" StructureHandle="=CutPlanner_A/src&amp;lt;cp.listeners.view{V_OCL.java" StructureKind="java" NumEvents="183" CreationCount="3"/><InteractionEvent Delta="null" EndDate="2014-11-20 20:29:30.533 JST" Interest="12.0" Kind="selection" Navigation="null" OriginId="org.eclipse.jdt.ui.CompilationUnitEditor" StartDate="2014-11-20 20:15:17.957 JST" StructureHandle="=CutPlanner_A/src&amp;lt;cp.listeners.view{V_OCL.java" StructureKind="java" NumEvents="12" CreationCount="3"/><InteractionEvent Delta="null" EndDate="2014-11-20 20:26:30.521 JST" Interest="3.0" Kind="selection" Navigation="null" OriginId="org.eclipse.jdt.ui.CompilationUnitEditor" StartDate="2014-11-20 20:26:10.784 JST" StructureHandle="=CutPlanner_A/src&amp;lt;cp.utils{CONS.java[CONS[Canvas^Rect_A_X1_prev" StructureKind="java" NumEvents="3" CreationCount="208"/><InteractionEvent Delta="null" EndDate="2014-11-20 20:20:24.294 JST" Interest="11.0" Kind="edit" Navigation="null" OriginId="org.eclipse.jdt.ui.CompilationUnitEditor" StartDate="2014-11-20 20:15:23.4 JST" StructureHandle="=CutPlanner_A/src&amp;lt;cp.listeners.view{V_OTL.java[V_OTL~onTouch~QView;~QMotionEvent;" StructureKind="java" NumEvents="11" CreationCount="2"/><InteractionEvent Delta="null" EndDate="2014-11-20 20:29:09.45 JST" Interest="6.0" Kind="selection" Navigation="null" OriginId="org.eclipse.jdt.ui.CompilationUnitEditor" StartDate="2014-11-20 20:15:12.795 JST" StructureHandle="=CutPlanner_A/src&amp;lt;cp.listeners.view{V_OTL.java[V_OTL~onTouch~QView;~QMotionEvent;" StructureKind="java" NumEvents="6" CreationCount="2"/><InteractionEvent Delta="null" EndDate="2014-11-20 20:28:48.716 JST" Interest="40.0" Kind="edit" Navigation="null" OriginId="org.eclipse.jdt.ui.CompilationUnitEditor" StartDate="2014-11-20 20:24:16.10 JST" StructureHandle="=CutPlanner_A/src&amp;lt;cp.listeners.view{V_OCL.java[V_OCL~_case_Rect_A~QView;" StructureKind="java" NumEvents="40" CreationCount="194"/><InteractionEvent Delta="null" EndDate="2014-11-20 20:34:08.352 JST" Interest="8.0" Kind="selection" Navigation="null" OriginId="org.eclipse.jdt.ui.CompilationUnitEditor" StartDate="2014-11-20 20:24:13.547 JST" StructureHandle="=CutPlanner_A/src&amp;lt;cp.listeners.view{V_OCL.java[V_OCL~_case_Rect_A~QView;" StructureKind="java" NumEvents="8" CreationCount="194"/><InteractionEvent Delta="null" EndDate="2014-11-20 20:24:35.171 JST" Interest="1.0" Kind="selection" Navigation="null" OriginId="org.eclipse.jdt.ui.CompilationUnitEditor" StartDate="2014-11-20 20:24:35.171 JST" StructureHandle="=CutPlanner_A/src&amp;lt;cp.utils{CONS.java[CONS[Canvas^Rect_A_H" StructureKind="java"/><InteractionEvent Delta="null" EndDate="2014-11-20 20:34:28.423 JST" Interest="6.0" Kind="prediction" Navigation="null" OriginId="org.eclipse.mylyn.resources.ui.interest.updater" StartDate="2014-11-20 20:17:33.209 JST" StructureHandle="/CutPlanner_A/bin/CutPlanner_A.apk" StructureKind="resource" NumEvents="6" CreationCount="72"/><InteractionEvent Delta="null" EndDate="2014-11-20 20:34:37.596 JST" Interest="263.0" Kind="propagation" Navigation="null" OriginId="org.eclipse.jdt.ui.CompilationUnitEditor" StartDate="2014-11-20 20:15:17.957 JST" StructureHandle="/CutPlanner_A/src/cp/listeners/view/V_OCL.java" StructureKind="resource" NumEvents="263" CreationCount="3"/><InteractionEvent Delta="null" EndDate="2014-11-20 20:20:04.851 JST" Interest="2.0" Kind="selection" Navigation="null" OriginId="org.eclipse.jdt.ui.CompilationUnitEditor" StartDate="2014-11-20 20:16:40.257 JST" StructureHandle="=CutPlanner_A/src&amp;lt;cp.utils{CONS.java[CONS[Canvas^diff_Y" StructureKind="java" NumEvents="2" CreationCount="40"/><InteractionEvent Delta="null" EndDate="2014-11-20 20:20:04.851 JST" Interest="0.13900006" Kind="manipulation" Navigation="null" OriginId="org.eclipse.mylyn.core.model.interest.decay.correction" StartDate="2014-11-20 20:20:04.851 JST" StructureHandle="=CutPlanner_A/src&amp;lt;cp.utils{CONS.java[CONS[Canvas^diff_Y" StructureKind="java"/><InteractionEvent Delta="null" EndDate="2014-11-20 20:26:30.336 JST" Interest="14.617001" Kind="propagation" Navigation="org.eclipse.mylyn.core.model.edges.containment" OriginId="org.eclipse.mylyn.core.model.interest.propagation" StartDate="2014-11-20 20:16:03.53 JST" StructureHandle="=CutPlanner_A/src&amp;lt;cp.utils" StructureKind="java" NumEvents="22" CreationCount="14"/><InteractionEvent Delta="null" EndDate="2014-11-20 20:29:30.48 JST" Interest="73.0" Kind="propagation" Navigation="null" OriginId="org.eclipse.jdt.ui.CompilationUnitEditor" StartDate="2014-11-20 20:15:11.167 JST" StructureHandle="/CutPlanner_A/src/cp/listeners/view/V_OTL.java" StructureKind="resource" NumEvents="73" CreationCount="1"/><InteractionEvent Delta="null" EndDate="2014-11-20 20:24:31.737 JST" Interest="1.0" Kind="edit" Navigation="null" OriginId="org.eclipse.jdt.ui.CompilationUnitEditor" StartDate="2014-11-20 20:24:31.737 JST" StructureHandle="=CutPlanner_A/src&amp;lt;cp.utils{CONS.java[CONS[Canvas^Cir_A_X" StructureKind="java"/><InteractionEvent Delta="null" EndDate="2014-11-20 20:24:29.187 JST" Interest="1.0" Kind="selection" Navigation="null" OriginId="org.eclipse.jdt.ui.CompilationUnitEditor" StartDate="2014-11-20 20:24:29.187 JST" StructureHandle="=CutPlanner_A/src&amp;lt;cp.utils{CONS.java[CONS[Canvas^Cir_A_X" StructureKind="java"/><InteractionEvent Delta="null" EndDate="2014-11-20 20:29:30.48 JST" Interest="32.97" Kind="propagation" Navigation="org.eclipse.mylyn.core.model.edges.containment" OriginId="org.eclipse.mylyn.core.model.interest.propagation" StartDate="2014-11-20 20:15:12.795 JST" StructureHandle="=CutPlanner_A/src&amp;lt;cp.listeners.view{V_OTL.java[V_OTL" StructureKind="java" NumEvents="44" CreationCount="2"/><InteractionEvent Delta="null" EndDate="2014-11-20 20:16:31.870 JST" Interest="1.0" Kind="edit" Navigation="null" OriginId="org.eclipse.jdt.ui.CompilationUnitEditor" StartDate="2014-11-20 20:16:31.870 JST" StructureHandle="=CutPlanner_A/src&amp;lt;cp.utils{CONS.java[CONS[Canvas^x_Up!2" StructureKind="java"/><InteractionEvent Delta="null" EndDate="2014-11-20 20:16:38.571 JST" Interest="3.0" Kind="selection" Navigation="null" OriginId="org.eclipse.jdt.ui.CompilationUnitEditor" StartDate="2014-11-20 20:16:31.336 JST" StructureHandle="=CutPlanner_A/src&amp;lt;cp.utils{CONS.java[CONS[Canvas^diff_x" StructureKind="java" NumEvents="3" CreationCount="28"/><InteractionEvent Delta="null" EndDate="2014-11-20 20:16:25.636 JST" Interest="6.0" Kind="edit" Navigation="null" OriginId="org.eclipse.jdt.ui.CompilationUnitEditor" StartDate="2014-11-20 20:16:10.705 JST" StructureHandle="=CutPlanner_A/src&amp;lt;cp.utils{CONS.java[CONS[Canvas^x_Down" StructureKind="java" NumEvents="6" CreationCount="15"/><InteractionEvent Delta="null" EndDate="2014-11-20 20:16:24.169 JST" Interest="2.0" Kind="selection" Navigation="null" OriginId="org.eclipse.jdt.ui.CompilationUnitEditor" StartDate="2014-11-20 20:16:03.805 JST" StructureHandle="=CutPlanner_A/src&amp;lt;cp.utils{CONS.java[CONS[Canvas^x_Down" StructureKind="java" NumEvents="2" CreationCount="15"/><InteractionEvent Delta="null" EndDate="2014-11-20 20:34:28.423 JST" Interest="6.0" Kind="propagation" Navigation="org.eclipse.mylyn.core.model.edges.containment" OriginId="org.eclipse.mylyn.core.model.interest.propagation" StartDate="2014-11-20 20:17:33.209 JST" StructureHandle="/CutPlanner_A/bin" StructureKind="resource" NumEvents="5" CreationCount="72"/><InteractionEvent Delta="null" EndDate="2014-11-20 20:34:16.495 JST" Interest="136.30899" Kind="propagation" Navigation="org.eclipse.mylyn.core.model.edges.containment" OriginId="org.eclipse.mylyn.core.model.interest.propagation" StartDate="2014-11-20 20:15:11.170 JST" StructureHandle="=CutPlanner_A/src" StructureKind="java" NumEvents="200" CreationCount="1"/><InteractionEvent Delta="null" EndDate="2014-11-20 20:34:37.597 JST" Interest="377.0" Kind="propagation" Navigation="null" OriginId="org.eclipse.jdt.ui.CompilationUnitEditor" StartDate="2014-11-20 20:15:11.168 JST" StructureHandle="/CutPlanner_A/src" StructureKind="resource" NumEvents="377" CreationCount="1"/><InteractionEvent Delta="null" EndDate="2014-11-20 20:34:37.597 JST" Interest="336.0" Kind="propagation" Navigation="null" OriginId="org.eclipse.jdt.ui.CompilationUnitEditor" StartDate="2014-11-20 20:15:11.168 JST" StructureHandle="/CutPlanner_A/src/cp/listeners/view" StructureKind="resource" NumEvents="336" CreationCount="1"/><InteractionEvent Delta="null" EndDate="2014-11-20 20:16:31.338 JST" Interest="7.617001" Kind="propagation" Navigation="org.eclipse.mylyn.core.model.edges.containment" OriginId="org.eclipse.mylyn.core.model.interest.propagation" StartDate="2014-11-20 20:16:03.808 JST" StructureHandle="=CutPlanner_A/src&amp;lt;cp.utils{CONS.java" StructureKind="java" NumEvents="12" CreationCount="14"/><InteractionEvent Delta="null" EndDate="2014-11-20 20:26:30.335 JST" Interest="7.0" Kind="selection" Navigation="null" OriginId="org.eclipse.jdt.ui.CompilationUnitEditor" StartDate="2014-11-20 20:16:03.51 JST" StructureHandle="=CutPlanner_A/src&amp;lt;cp.utils{CONS.java" StructureKind="java" NumEvents="7" CreationCount="14"/><InteractionEvent Delta="null" EndDate="2014-11-20 20:16:29.167 JST" Interest="3.0" Kind="edit" Navigation="null" OriginId="org.eclipse.jdt.ui.CompilationUnitEditor" StartDate="2014-11-20 20:16:21.824 JST" StructureHandle="=CutPlanner_A/src&amp;lt;cp.utils{CONS.java[CONS[Canvas" StructureKind="java" NumEvents="3" CreationCount="15"/><InteractionEvent Delta="null" EndDate="2014-11-20 20:24:32.814 JST" Interest="3.0" Kind="selection" Navigation="null" OriginId="org.eclipse.jdt.ui.CompilationUnitEditor" StartDate="2014-11-20 20:16:18.627 JST" StructureHandle="=CutPlanner_A/src&amp;lt;cp.utils{CONS.java[CONS[Canvas" StructureKind="java" NumEvents="3" CreationCount="15"/><InteractionEvent Delta="null" EndDate="2014-11-20 20:16:16.790 JST" Interest="4.5" Kind="propagation" Navigation="org.eclipse.mylyn.core.model.edges.containment" OriginId="org.eclipse.mylyn.core.model.interest.propagation" StartDate="2014-11-20 20:16:03.806 JST" StructureHandle="=CutPlanner_A/src&amp;lt;cp.utils{CONS.java[CONS[Canvas" StructureKind="java" NumEvents="6" CreationCount="15"/><InteractionEvent Delta="null" EndDate="2014-11-20 20:24:26.480 JST" Interest="1.0" Kind="selection" Navigation="null" OriginId="org.eclipse.jdt.ui.CompilationUnitEditor" StartDate="2014-11-20 20:24:26.480 JST" StructureHandle="=CutPlanner_A/src&amp;lt;cp.utils{CONS.java[CONS[Canvas^Ax1" StructureKind="java"/><InteractionEvent Delta="null" EndDate="2014-11-20 20:24:32.815 JST" Interest="9.6" Kind="propagation" Navigation="org.eclipse.mylyn.core.model.edges.containment" OriginId="org.eclipse.mylyn.core.model.interest.propagation" StartDate="2014-11-20 20:16:03.807 JST" StructureHandle="=CutPlanner_A/src&amp;lt;cp.utils{CONS.java[CONS" StructureKind="java" NumEvents="12" CreationCount="15"/><InteractionEvent Delta="null" EndDate="2014-11-20 20:29:20.853 JST" Interest="5.0" Kind="edit" Navigation="null" OriginId="org.eclipse.jdt.ui.CompilationUnitEditor" StartDate="2014-11-20 20:29:15.931 JST" StructureHandle="=CutPlanner_A/src&amp;lt;cp.listeners.view{V_OTL.java[V_OTL~onTouchEvent~QMotionEvent;" StructureKind="java" NumEvents="5" CreationCount="273"/><InteractionEvent Delta="null" EndDate="2014-11-20 20:29:15.922 JST" Interest="1.0" Kind="selection" Navigation="null" OriginId="org.eclipse.jdt.ui.CompilationUnitEditor" StartDate="2014-11-20 20:29:15.922 JST" StructureHandle="=CutPlanner_A/src&amp;lt;cp.listeners.view{V_OTL.java[V_OTL~onTouchEvent~QMotionEvent;" StructureKind="java"/><InteractionEvent Delta="null" EndDate="2014-11-20 20:34:37.597 JST" Interest="377.0" Kind="propagation" Navigation="org.eclipse.mylyn.core.model.edges.containment" OriginId="org.eclipse.mylyn.core.model.interest.propagation" StartDate="2014-11-20 20:15:11.168 JST" StructureHandle="/" StructureKind="resource" NumEvents="377" CreationCount="1"/><InteractionEvent Delta="null" EndDate="2014-11-20 20:34:37.597 JST" Interest="336.0" Kind="propagation" Navigation="org.eclipse.mylyn.core.model.edges.containment" OriginId="org.eclipse.mylyn.core.model.interest.propagation" StartDate="2014-11-20 20:15:11.168 JST" StructureHandle="/CutPlanner_A/src/cp/listeners" StructureKind="resource" NumEvents="336" CreationCount="1"/><InteractionEvent Delta="null" EndDate="2014-11-20 20:24:02.895 JST" Interest="1.0" Kind="selection" Navigation="null" OriginId="org.eclipse.jdt.ui.CompilationUnitEditor" StartDate="2014-11-20 20:24:02.895 JST" StructureHandle="=CutPlanner_A/src&amp;lt;cp.listeners.view{V_OCL.java[V_OCL^actv" StructureKind="java"/><InteractionEvent Delta="null" EndDate="2014-11-20 20:26:30.522 JST" Interest="41.0" Kind="propagation" Navigation="null" OriginId="org.eclipse.jdt.ui.CompilationUnitEditor" StartDate="2014-11-20 20:16:03.52 JST" StructureHandle="/CutPlanner_A/src/cp/utils/CONS.java" StructureKind="resource" NumEvents="41" CreationCount="14"/><InteractionEvent Delta="null" EndDate="2014-11-20 20:18:31.624 JST" Interest="1.0" Kind="edit" Navigation="null" OriginId="org.eclipse.jdt.ui.CompilationUnitEditor" StartDate="2014-11-20 20:18:31.624 JST" StructureHandle="=CutPlanner_A/src&amp;lt;cp.listeners.view{V_OCL.java[V_OCL~V_OCL~QActivity;~QCV;" StructureKind="java"/><InteractionEvent Delta="null" EndDate="2014-11-20 20:18:29.152 JST" Interest="5.0" Kind="selection" Navigation="null" OriginId="org.eclipse.jdt.ui.CompilationUnitEditor" StartDate="2014-11-20 20:15:18.661 JST" StructureHandle="=CutPlanner_A/src&amp;lt;cp.listeners.view{V_OCL.java[V_OCL~V_OCL~QActivity;~QCV;" StructureKind="java" NumEvents="5" CreationCount="4"/><InteractionEvent Delta="null" EndDate="2014-11-20 20:34:16.494 JST" Interest="136.30899" Kind="propagation" Navigation="org.eclipse.mylyn.core.model.edges.containment" OriginId="org.eclipse.mylyn.core.model.interest.propagation" StartDate="2014-11-20 20:15:11.169 JST" StructureHandle="=CutPlanner_A/src&amp;lt;cp.listeners.view" StructureKind="java" NumEvents="199" CreationCount="1"/><InteractionEvent Delta="null" EndDate="2014-11-20 20:29:30.47 JST" Interest="34.0" Kind="edit" Navigation="null" OriginId="org.eclipse.jdt.ui.CompilationUnitEditor" StartDate="2014-11-20 20:15:43.688 JST" StructureHandle="=CutPlanner_A/src&amp;lt;cp.listeners.view{V_OTL.java[V_OTL~_case_ACTION_UP~F~F" StructureKind="java" NumEvents="34" CreationCount="12"/><InteractionEvent Delta="null" EndDate="2014-11-20 20:29:25.265 JST" Interest="9.0" Kind="selection" Navigation="null" OriginId="org.eclipse.jdt.ui.CompilationUnitEditor" StartDate="2014-11-20 20:15:38.901 JST" StructureHandle="=CutPlanner_A/src&amp;lt;cp.listeners.view{V_OTL.java[V_OTL~_case_ACTION_UP~F~F" StructureKind="java" NumEvents="9" CreationCount="12"/><InteractionEvent Delta="null" EndDate="2014-11-20 20:29:30.48 JST" Interest="25.987001" Kind="propagation" Navigation="org.eclipse.mylyn.core.model.edges.containment" OriginId="org.eclipse.mylyn.core.model.interest.propagation" StartDate="2014-11-20 20:15:12.797 JST" StructureHandle="=CutPlanner_A/src&amp;lt;cp.listeners.view{V_OTL.java" StructureKind="java" NumEvents="39" CreationCount="1"/><InteractionEvent Delta="null" EndDate="2014-11-20 20:29:08.807 JST" Interest="7.0" Kind="selection" Navigation="null" OriginId="org.eclipse.jdt.ui.CompilationUnitEditor" StartDate="2014-11-20 20:15:11.167 JST" StructureHandle="=CutPlanner_A/src&amp;lt;cp.listeners.view{V_OTL.java" StructureKind="java" NumEvents="7" CreationCount="1"/><InteractionEvent Delta="null" EndDate="2014-11-20 20:34:37.597 JST" Interest="336.0" Kind="propagation" Navigation="org.eclipse.mylyn.core.model.edges.containment" OriginId="org.eclipse.mylyn.core.model.interest.propagation" StartDate="2014-11-20 20:15:11.168 JST" StructureHandle="/CutPlanner_A/src/cp" StructureKind="resource" NumEvents="338" CreationCount="1"/><InteractionEvent Delta="null" EndDate="2014-11-20 20:24:23.899 JST" Interest="4.0" Kind="selection" Navigation="null" OriginId="org.eclipse.jdt.ui.CompilationUnitEditor" StartDate="2014-11-20 20:20:10.924 JST" StructureHandle="=CutPlanner_A/src&amp;lt;cp.utils{CONS.java[CONS[Canvas[ChosenObj" StructureKind="java" NumEvents="4" CreationCount="109"/><InteractionEvent Delta="null" EndDate="2014-11-20 20:34:28.423 JST" Interest="6.0" Kind="prediction" Navigation="null" OriginId="org.eclipse.mylyn.resources.ui.interest.updater" StartDate="2014-11-20 20:17:33.209 JST" StructureHandle="/CutPlanner_A/bin/classes.dex" StructureKind="resource" NumEvents="6" CreationCount="72"/><InteractionEvent Delta="null" EndDate="2014-11-20 20:34:06.732 JST" Interest="179.0" Kind="edit" Navigation="null" OriginId="org.eclipse.jdt.ui.CompilationUnitEditor" StartDate="2014-11-20 20:18:35.617 JST" StructureHandle="=CutPlanner_A/src&amp;lt;cp.listeners.view{V_OCL.java[V_OCL~onClick~QView;" StructureKind="java" NumEvents="179" CreationCount="78"/><InteractionEvent Delta="null" EndDate="2014-11-20 20:29:30.754 JST" Interest="8.0" Kind="selection" Navigation="null" OriginId="org.eclipse.jdt.ui.CompilationUnitEditor" StartDate="2014-11-20 20:18:34.42 JST" StructureHandle="=CutPlanner_A/src&amp;lt;cp.listeners.view{V_OCL.java[V_OCL~onClick~QView;" StructureKind="java" NumEvents="8" CreationCount="78"/><InteractionEvent Delta="null" EndDate="2014-11-20 20:26:30.522 JST" Interest="41.0" Kind="propagation" Navigation="org.eclipse.mylyn.core.model.edges.containment" OriginId="org.eclipse.mylyn.core.model.interest.propagation" StartDate="2014-11-20 20:16:03.52 JST" StructureHandle="/CutPlanner_A/src/cp/utils" StructureKind="resource" NumEvents="41" CreationCount="14"/><InteractionEvent Delta="null" EndDate="2014-11-20 20:34:37.596 JST" Interest="5.0" Kind="edit" Navigation="null" OriginId="org.eclipse.jdt.ui.CompilationUnitEditor" StartDate="2014-11-20 20:34:19.189 JST" StructureHandle="=CutPlanner_A/src&amp;lt;cp.listeners.view{V_OCL.java[V_OCL~_case_Rect_B~QView;" StructureKind="java" NumEvents="5" CreationCount="371"/><InteractionEvent Delta="null" EndDate="2014-11-20 20:34:16.493 JST" Interest="2.0" Kind="selection" Navigation="null" OriginId="org.eclipse.jdt.ui.CompilationUnitEditor" StartDate="2014-11-20 20:34:14.810 JST" StructureHandle="=CutPlanner_A/src&amp;lt;cp.listeners.view{V_OCL.java[V_OCL~_case_Rect_B~QView;" StructureKind="java" NumEvents="2" CreationCount="371"/></InteractionHistory>