<?xml version="1.0" encoding="UTF-8"?><InteractionHistory Id="local-132" Version="1"><InteractionEvent Delta="null" EndDate="2014-10-07 08:58:21.588 JST" Interest="12.0" Kind="selection" Navigation="null" OriginId="org.eclipse.jdt.ui.CompilationUnitEditor" StartDate="2014-10-07 07:45:49.727 JST" StructureHandle="=TA2/src&amp;lt;ta2.listeners.dialog{DB_OCL.java" StructureKind="java" NumEvents="12" CreationCount="22"/><InteractionEvent Delta="null" EndDate="2014-10-07 08:59:23.730 JST" Interest="334.92197" Kind="propagation" Navigation="org.eclipse.mylyn.core.model.edges.containment" OriginId="org.eclipse.mylyn.core.model.interest.propagation" StartDate="2014-10-07 07:45:51.344 JST" StructureHandle="=TA2/src&amp;lt;ta2.listeners.dialog{DB_OCL.java" StructureKind="java" NumEvents="483" CreationCount="22"/><InteractionEvent Delta="null" EndDate="2014-10-07 07:45:08.118 JST" Interest="1.0" Kind="selection" Navigation="null" OriginId="org.eclipse.ui.views.ContentOutline" StartDate="2014-10-07 07:45:08.118 JST" StructureHandle="=TA2/src&amp;lt;ta2.main{ShowListActv.java%ta2.main" StructureKind="java"/><InteractionEvent Delta="null" EndDate="2014-10-07 09:04:22.192 JST" Interest="5.0" Kind="selection" Navigation="null" OriginId="org.eclipse.jdt.ui.CompilationUnitEditor" StartDate="2014-10-07 09:01:34.474 JST" StructureHandle="=TA2/src&amp;lt;ta2.main{ShowListActv.java[ShowListActv~onCreate~QBundle;" StructureKind="java" NumEvents="5" CreationCount="1307"/><InteractionEvent Delta="null" EndDate="2014-10-07 09:04:13.636 JST" Interest="1.0" Kind="edit" Navigation="null" OriginId="org.eclipse.jdt.ui.CompilationUnitEditor" StartDate="2014-10-07 09:04:13.636 JST" StructureHandle="=TA2/src&amp;lt;ta2.main{ShowListActv.java[ShowListActv~onCreate~QBundle;" StructureKind="java"/><InteractionEvent Delta="null" EndDate="2014-10-07 07:45:51.343 JST" Interest="1.0" Kind="selection" Navigation="null" OriginId="org.eclipse.ui.views.ContentOutline" StartDate="2014-10-07 07:45:51.343 JST" StructureHandle="=TA2/src&amp;lt;ta2.listeners.dialog{DB_OCL.java%ta2.listeners.dialog" StructureKind="java"/><InteractionEvent Delta="null" EndDate="2014-10-07 09:00:02.60 JST" Interest="636.0" Kind="propagation" Navigation="null" OriginId="org.eclipse.jdt.ui.CompilationUnitEditor" StartDate="2014-10-07 07:45:05.289 JST" StructureHandle="/TA2/src/ta2/utils" StructureKind="resource" NumEvents="636" CreationCount="5"/><InteractionEvent Delta="null" EndDate="2014-10-07 08:56:26.466 JST" Interest="1.0" Kind="propagation" Navigation="null" OriginId="org.eclipse.jdt.ui.PackageExplorer" StartDate="2014-10-07 08:56:26.466 JST" StructureHandle="/TA2/src/ta2/utils/DBUtils.java" StructureKind="resource"/><InteractionEvent Delta="null" EndDate="2014-10-07 09:00:02.59 JST" Interest="635.05096" Kind="propagation" Navigation="org.eclipse.mylyn.core.model.edges.containment" OriginId="org.eclipse.mylyn.core.model.interest.propagation" StartDate="2014-10-07 07:44:50.85 JST" StructureHandle="/TA2/src/ta2" StructureKind="resource" NumEvents="639" CreationCount="2"/><InteractionEvent Delta="null" EndDate="2014-10-07 07:45:25.232 JST" Interest="3.0" Kind="selection" Navigation="null" OriginId="org.eclipse.jdt.ui.CompilationUnitEditor" StartDate="2014-10-07 07:45:16.326 JST" StructureHandle="=TA2/src&amp;lt;ta2.utils{Methods_dlg.java[Methods_dlg~dlg_ShowListActv_LongClick~QActivity;~QMemo;" StructureKind="java" NumEvents="3" CreationCount="8"/><InteractionEvent Delta="null" EndDate="2014-10-07 09:00:02.58 JST" Interest="10.0" Kind="selection" Navigation="null" OriginId="org.eclipse.jdt.ui.CompilationUnitEditor" StartDate="2014-10-07 08:16:49.797 JST" StructureHandle="=TA2/src&amp;lt;ta2.utils{Methods.java[Methods~filter_MemoList_Multiple_KW~QActivity;~I~\[QString;" StructureKind="java" NumEvents="10" CreationCount="787"/><InteractionEvent Delta="null" EndDate="2014-10-07 08:56:24.250 JST" Interest="392.0" Kind="edit" Navigation="null" OriginId="org.eclipse.jdt.ui.CompilationUnitEditor" StartDate="2014-10-07 08:16:50.774 JST" StructureHandle="=TA2/src&amp;lt;ta2.utils{Methods.java[Methods~filter_MemoList_Multiple_KW~QActivity;~I~\[QString;" StructureKind="java" NumEvents="392" CreationCount="787"/><InteractionEvent Delta="null" EndDate="2014-10-07 07:51:02.128 JST" Interest="4.0" Kind="selection" Navigation="null" OriginId="org.eclipse.jdt.ui.CompilationUnitEditor" StartDate="2014-10-07 07:50:28.472 JST" StructureHandle="=TA2/src&amp;lt;ta2.listeners.dialog{DB_OCL.java[DB_OCL~case_DLG_FILTER_SHOWLIST_RESET" StructureKind="java" NumEvents="4" CreationCount="30"/><InteractionEvent Delta="null" EndDate="2014-10-07 07:50:33.983 JST" Interest="3.0" Kind="edit" Navigation="null" OriginId="org.eclipse.jdt.ui.CompilationUnitEditor" StartDate="2014-10-07 07:50:28.504 JST" StructureHandle="=TA2/src&amp;lt;ta2.listeners.dialog{DB_OCL.java[DB_OCL~case_DLG_FILTER_SHOWLIST_RESET" StructureKind="java" NumEvents="3" CreationCount="30"/><InteractionEvent Delta="null" EndDate="2014-10-07 07:44:50.84 JST" Interest="1.0" Kind="selection" Navigation="null" OriginId="org.eclipse.jdt.ui.PackageExplorer" StartDate="2014-10-07 07:44:50.84 JST" StructureHandle="=TA2/src&amp;lt;ta2.main" StructureKind="java"/><InteractionEvent Delta="null" EndDate="2014-10-07 09:06:17.718 JST" Interest="80.94301" Kind="propagation" Navigation="org.eclipse.mylyn.core.model.edges.containment" OriginId="org.eclipse.mylyn.core.model.interest.propagation" StartDate="2014-10-07 07:44:56.487 JST" StructureHandle="=TA2/src&amp;lt;ta2.main" StructureKind="java" NumEvents="101" CreationCount="2"/><InteractionEvent Delta="null" EndDate="2014-10-07 08:17:30.418 JST" Interest="11.0" Kind="selection" Navigation="null" OriginId="org.eclipse.jdt.ui.CompilationUnitEditor" StartDate="2014-10-07 07:58:27.294 JST" StructureHandle="=TA2/src&amp;lt;ta2.utils{Methods.java[Methods~filter_MemoList_Single_KW~QActivity;~I~QEditText;" StructureKind="java" NumEvents="11" CreationCount="426"/><InteractionEvent Delta="null" EndDate="2014-10-07 08:17:34.113 JST" Interest="178.0" Kind="edit" Navigation="null" OriginId="org.eclipse.jdt.ui.CompilationUnitEditor" StartDate="2014-10-07 07:58:31.953 JST" StructureHandle="=TA2/src&amp;lt;ta2.utils{Methods.java[Methods~filter_MemoList_Single_KW~QActivity;~I~QEditText;" StructureKind="java" NumEvents="178" CreationCount="426"/><InteractionEvent Delta="null" EndDate="2014-10-07 08:59:23.730 JST" Interest="598.0" Kind="propagation" Navigation="org.eclipse.mylyn.core.model.edges.containment" OriginId="org.eclipse.mylyn.core.model.interest.propagation" StartDate="2014-10-07 07:45:49.728 JST" StructureHandle="/TA2/src/ta2/listeners" StructureKind="resource" NumEvents="598" CreationCount="22"/><InteractionEvent Delta="null" EndDate="2014-10-07 08:59:55.149 JST" Interest="3.0" Kind="selection" Navigation="null" OriginId="org.eclipse.jdt.ui.CompilationUnitEditor" StartDate="2014-10-07 08:57:05.220 JST" StructureHandle="=TA2/src&amp;lt;ta2.main{ShowListActv.java[ShowListActv" StructureKind="java" NumEvents="3" CreationCount="1230"/><InteractionEvent Delta="null" EndDate="2014-10-07 09:06:17.690 JST" Interest="58.067" Kind="propagation" Navigation="org.eclipse.mylyn.core.model.edges.containment" OriginId="org.eclipse.mylyn.core.model.interest.propagation" StartDate="2014-10-07 08:56:31.430 JST" StructureHandle="=TA2/src&amp;lt;ta2.main{ShowListActv.java[ShowListActv" StructureKind="java" NumEvents="83" CreationCount="1230"/><InteractionEvent Delta="null" EndDate="2014-10-07 09:06:40.134 JST" Interest="11.0" Kind="prediction" Navigation="null" OriginId="org.eclipse.mylyn.resources.ui.interest.updater" StartDate="2014-10-07 08:05:49.912 JST" StructureHandle="/TA2/bin/TA2.apk" StructureKind="resource" NumEvents="11" CreationCount="679"/><InteractionEvent Delta="null" EndDate="2014-10-07 07:45:37.111 JST" Interest="5.0" Kind="selection" Navigation="null" OriginId="org.eclipse.jdt.ui.CompilationUnitEditor" StartDate="2014-10-07 07:45:24.957 JST" StructureHandle="=TA2/src&amp;lt;ta2.utils{Methods_dlg.java[Methods_dlg~dlg_filter_ShowList~QActivity;" StructureKind="java" NumEvents="5" CreationCount="9"/><InteractionEvent Delta="null" EndDate="2014-10-07 07:45:38.650 JST" Interest="5.0" Kind="edit" Navigation="null" OriginId="org.eclipse.jdt.ui.CompilationUnitEditor" StartDate="2014-10-07 07:45:25.832 JST" StructureHandle="=TA2/src&amp;lt;ta2.utils{Methods_dlg.java[Methods_dlg~dlg_filter_ShowList~QActivity;" StructureKind="java" NumEvents="5" CreationCount="9"/><InteractionEvent Delta="null" EndDate="2014-10-07 08:59:23.730 JST" Interest="598.0" Kind="propagation" Navigation="org.eclipse.mylyn.core.model.edges.containment" OriginId="org.eclipse.mylyn.core.model.interest.propagation" StartDate="2014-10-07 07:45:49.728 JST" StructureHandle="/TA2/src/ta2/listeners/dialog" StructureKind="resource" NumEvents="598" CreationCount="22"/><InteractionEvent Delta="null" EndDate="2014-10-07 09:00:01.803 JST" Interest="297.69397" Kind="propagation" Navigation="org.eclipse.mylyn.core.model.edges.containment" OriginId="org.eclipse.mylyn.core.model.interest.propagation" StartDate="2014-10-07 07:45:05.289 JST" StructureHandle="=TA2/src&amp;lt;ta2.utils" StructureKind="java" NumEvents="426" CreationCount="5"/><InteractionEvent Delta="null" EndDate="2014-10-07 08:56:26.466 JST" Interest="1.0" Kind="selection" Navigation="null" OriginId="org.eclipse.jdt.ui.PackageExplorer" StartDate="2014-10-07 08:56:26.466 JST" StructureHandle="=TA2/src&amp;lt;ta2.utils{DBUtils.java" StructureKind="java"/><InteractionEvent Delta="null" EndDate="2014-10-07 07:45:38.650 JST" Interest="8.534" Kind="propagation" Navigation="org.eclipse.mylyn.core.model.edges.containment" OriginId="org.eclipse.mylyn.core.model.interest.propagation" StartDate="2014-10-07 07:45:09.416 JST" StructureHandle="=TA2/src&amp;lt;ta2.utils{Methods_dlg.java[Methods_dlg" StructureKind="java" NumEvents="13" CreationCount="7"/><InteractionEvent Delta="null" EndDate="2014-10-07 09:00:01.803 JST" Interest="15.0" Kind="selection" Navigation="null" OriginId="org.eclipse.jdt.ui.CompilationUnitEditor" StartDate="2014-10-07 07:58:24.711 JST" StructureHandle="=TA2/src&amp;lt;ta2.utils{Methods.java" StructureKind="java" NumEvents="15" CreationCount="424"/><InteractionEvent Delta="null" EndDate="2014-10-07 08:56:24.251 JST" Interest="275.57098" Kind="propagation" Navigation="org.eclipse.mylyn.core.model.edges.containment" OriginId="org.eclipse.mylyn.core.model.interest.propagation" StartDate="2014-10-07 07:58:33.437 JST" StructureHandle="=TA2/src&amp;lt;ta2.utils{Methods.java" StructureKind="java" NumEvents="397" CreationCount="424"/><InteractionEvent Delta="null" EndDate="2014-10-07 07:45:44.721 JST" Interest="16.0" Kind="propagation" Navigation="null" OriginId="org.eclipse.jdt.ui.PackageExplorer" StartDate="2014-10-07 07:45:05.289 JST" StructureHandle="/TA2/src/ta2/utils/Methods_dlg.java" StructureKind="resource" NumEvents="16" CreationCount="5"/><InteractionEvent Delta="null" EndDate="2014-10-07 09:07:22.282 JST" Interest="1427.0339" Kind="propagation" Navigation="org.eclipse.mylyn.core.model.edges.containment" OriginId="org.eclipse.mylyn.core.model.interest.propagation" StartDate="2014-10-07 07:44:32.828 JST" StructureHandle="/" StructureKind="resource" NumEvents="1430" CreationCount="1"/><InteractionEvent Delta="null" EndDate="2014-10-07 08:05:49.913 JST" Interest="1.0" Kind="propagation" Navigation="org.eclipse.mylyn.core.model.edges.containment" OriginId="org.eclipse.mylyn.core.model.interest.propagation" StartDate="2014-10-07 08:05:49.913 JST" StructureHandle="/TA2/bin" StructureKind="resource"/><InteractionEvent Delta="null" EndDate="2014-10-07 09:00:03.641 JST" Interest="5.0" Kind="selection" Navigation="null" OriginId="org.eclipse.jdt.ui.CompilationUnitEditor" StartDate="2014-10-07 07:44:56.486 JST" StructureHandle="=TA2/src&amp;lt;ta2.main{ShowListActv.java" StructureKind="java" NumEvents="5" CreationCount="3"/><InteractionEvent Delta="null" EndDate="2014-10-07 09:06:18.177 JST" Interest="58.101006" Kind="propagation" Navigation="org.eclipse.mylyn.core.model.edges.containment" OriginId="org.eclipse.mylyn.core.model.interest.propagation" StartDate="2014-10-07 08:56:31.431 JST" StructureHandle="=TA2/src&amp;lt;ta2.main{ShowListActv.java" StructureKind="java" NumEvents="92" CreationCount="3"/><InteractionEvent Delta="null" EndDate="2014-10-07 08:56:29.963 JST" Interest="18.825" Kind="manipulation" Navigation="null" OriginId="org.eclipse.mylyn.core.model.interest.decay.correction" StartDate="2014-10-07 08:56:29.963 JST" StructureHandle="=TA2/src&amp;lt;ta2.main{ShowListActv.java" StructureKind="java"/><InteractionEvent Delta="null" EndDate="2014-10-07 07:45:44.721 JST" Interest="2.0" Kind="selection" Navigation="null" OriginId="org.eclipse.jdt.ui.PackageExplorer" StartDate="2014-10-07 07:45:05.288 JST" StructureHandle="=TA2/src&amp;lt;ta2.utils{Methods_dlg.java" StructureKind="java" NumEvents="2" CreationCount="5"/><InteractionEvent Delta="null" EndDate="2014-10-07 07:45:38.651 JST" Interest="7.568001" Kind="propagation" Navigation="org.eclipse.mylyn.core.model.edges.containment" OriginId="org.eclipse.mylyn.core.model.interest.propagation" StartDate="2014-10-07 07:45:09.417 JST" StructureHandle="=TA2/src&amp;lt;ta2.utils{Methods_dlg.java" StructureKind="java" NumEvents="13" CreationCount="5"/><InteractionEvent Delta="null" EndDate="2014-10-07 08:05:23.26 JST" Interest="6.0" Kind="selection" Navigation="null" OriginId="org.eclipse.jdt.ui.CompilationUnitEditor" StartDate="2014-10-07 07:46:00.202 JST" StructureHandle="=TA2/src&amp;lt;ta2.listeners.dialog{DB_OCL.java[DB_OCL~case_DLG_FILTER_SHOWLIST_OK" StructureKind="java" NumEvents="6" CreationCount="24"/><InteractionEvent Delta="null" EndDate="2014-10-07 08:05:23.36 JST" Interest="45.0" Kind="edit" Navigation="null" OriginId="org.eclipse.jdt.ui.CompilationUnitEditor" StartDate="2014-10-07 07:46:00.246 JST" StructureHandle="=TA2/src&amp;lt;ta2.listeners.dialog{DB_OCL.java[DB_OCL~case_DLG_FILTER_SHOWLIST_OK" StructureKind="java" NumEvents="45" CreationCount="24"/><InteractionEvent Delta="null" EndDate="2014-10-07 09:07:22.282 JST" Interest="211.85901" Kind="propagation" Navigation="org.eclipse.mylyn.core.model.edges.containment" OriginId="org.eclipse.mylyn.core.model.interest.propagation" StartDate="2014-10-07 07:44:50.84 JST" StructureHandle="/TA2/src/ta2/main" StructureKind="resource" NumEvents="195" CreationCount="2"/><InteractionEvent Delta="null" EndDate="2014-10-07 09:00:02.59 JST" Interest="619.0" Kind="propagation" Navigation="null" OriginId="org.eclipse.jdt.ui.CompilationUnitEditor" StartDate="2014-10-07 07:58:24.712 JST" StructureHandle="/TA2/src/ta2/utils/Methods.java" StructureKind="resource" NumEvents="619" CreationCount="424"/><InteractionEvent Delta="null" EndDate="2014-10-07 09:07:22.283 JST" Interest="1428.0339" Kind="propagation" Navigation="null" OriginId="org.eclipse.jdt.ui.CompilationUnitEditor" StartDate="2014-10-07 07:44:32.828 JST" StructureHandle="/TA2/src" StructureKind="resource" NumEvents="1430" CreationCount="1"/><InteractionEvent Delta="null" EndDate="2014-10-07 09:06:17.689 JST" Interest="7.0" Kind="selection" Navigation="null" OriginId="org.eclipse.jdt.ui.CompilationUnitEditor" StartDate="2014-10-07 08:59:36.199 JST" StructureHandle="=TA2/src&amp;lt;ta2.main{ShowListActv.java[ShowListActv~_Setup_List" StructureKind="java" NumEvents="7" CreationCount="1281"/><InteractionEvent Delta="null" EndDate="2014-10-07 09:06:13.141 JST" Interest="76.0" Kind="edit" Navigation="null" OriginId="org.eclipse.jdt.ui.CompilationUnitEditor" StartDate="2014-10-07 09:04:23.64 JST" StructureHandle="=TA2/src&amp;lt;ta2.main{ShowListActv.java[ShowListActv~_Setup_List" StructureKind="java" NumEvents="76" CreationCount="1281"/><InteractionEvent Delta="null" EndDate="2014-10-07 08:59:23.729 JST" Interest="598.0" Kind="propagation" Navigation="null" OriginId="org.eclipse.jdt.ui.CompilationUnitEditor" StartDate="2014-10-07 07:45:49.728 JST" StructureHandle="/TA2/src/ta2/listeners/dialog/DB_OCL.java" StructureKind="resource" NumEvents="598" CreationCount="22"/><InteractionEvent Delta="null" EndDate="2014-10-07 08:56:34.310 JST" Interest="3.0" Kind="selection" Navigation="null" OriginId="org.eclipse.jdt.ui.CompilationUnitEditor" StartDate="2014-10-07 08:56:33.691 JST" StructureHandle="=TA2/src&amp;lt;ta2.main{ShowListActv.java[ShowListActv~onOptionsItemSelected~QMenuItem;" StructureKind="java" NumEvents="3" CreationCount="1232"/><InteractionEvent Delta="null" EndDate="2014-10-07 08:59:23.730 JST" Interest="346.92197" Kind="propagation" Navigation="org.eclipse.mylyn.core.model.edges.containment" OriginId="org.eclipse.mylyn.core.model.interest.propagation" StartDate="2014-10-07 07:45:49.728 JST" StructureHandle="=TA2/src&amp;lt;ta2.listeners.dialog" StructureKind="java" NumEvents="495" CreationCount="22"/><InteractionEvent Delta="null" EndDate="2014-10-07 09:07:22.282 JST" Interest="1427.0339" Kind="propagation" Navigation="org.eclipse.mylyn.core.model.edges.containment" OriginId="org.eclipse.mylyn.core.model.interest.propagation" StartDate="2014-10-07 07:44:32.828 JST" StructureHandle="=TA2" StructureKind="resource" NumEvents="1430" CreationCount="1"/><InteractionEvent Delta="null" EndDate="2014-10-07 09:07:22.282 JST" Interest="194.0" Kind="propagation" Navigation="null" OriginId="org.eclipse.jdt.ui.CompilationUnitEditor" StartDate="2014-10-07 07:44:56.487 JST" StructureHandle="/TA2/src/ta2/main/ShowListActv.java" StructureKind="resource" NumEvents="194" CreationCount="3"/><InteractionEvent Delta="null" EndDate="2014-10-07 08:56:29.963 JST" Interest="17.842001" Kind="manipulation" Navigation="null" OriginId="org.eclipse.mylyn.core.model.interest.decay.correction" StartDate="2014-10-07 08:56:29.963 JST" StructureHandle="/TA2/src/ta2/main/ShowListActv.java" StructureKind="resource"/><InteractionEvent Delta="null" EndDate="2014-10-07 08:07:39.75 JST" Interest="3.0" Kind="selection" Navigation="null" OriginId="org.eclipse.jdt.ui.CompilationUnitEditor" StartDate="2014-10-07 08:05:25.672 JST" StructureHandle="=TA2/src&amp;lt;ta2.listeners.dialog{DB_OCL.java[DB_OCL~onClick~QView;" StructureKind="java" NumEvents="3" CreationCount="667"/><InteractionEvent Delta="null" EndDate="2014-10-07 08:07:39.787 JST" Interest="21.0" Kind="edit" Navigation="null" OriginId="org.eclipse.jdt.ui.CompilationUnitEditor" StartDate="2014-10-07 08:05:25.687 JST" StructureHandle="=TA2/src&amp;lt;ta2.listeners.dialog{DB_OCL.java[DB_OCL~onClick~QView;" StructureKind="java" NumEvents="21" CreationCount="667"/><InteractionEvent Delta="null" EndDate="2014-10-07 09:04:14.454 JST" Interest="1.0" Kind="selection" Navigation="null" OriginId="org.eclipse.jdt.ui.CompilationUnitEditor" StartDate="2014-10-07 09:04:14.454 JST" StructureHandle="=TA2/src&amp;lt;ta2.main{ShowListActv.java[ShowListActv~case_OPT_Filter" StructureKind="java"/><InteractionEvent Delta="null" EndDate="2014-10-07 09:06:40.134 JST" Interest="11.0" Kind="prediction" Navigation="null" OriginId="org.eclipse.mylyn.resources.ui.interest.updater" StartDate="2014-10-07 08:05:49.912 JST" StructureHandle="/TA2/bin/classes.dex" StructureKind="resource" NumEvents="11" CreationCount="679"/><InteractionEvent Delta="null" EndDate="2014-10-07 09:01:20.136 JST" Interest="2.0" Kind="selection" Navigation="null" OriginId="org.eclipse.jdt.ui.CompilationUnitEditor" StartDate="2014-10-07 08:57:27.681 JST" StructureHandle="=TA2/src&amp;lt;ta2.main{ShowListActv.java[ShowListActv~onResume" StructureKind="java" NumEvents="2" CreationCount="1265"/><InteractionEvent Delta="null" EndDate="2014-10-07 09:01:24.440 JST" Interest="4.0" Kind="edit" Navigation="null" OriginId="org.eclipse.jdt.ui.CompilationUnitEditor" StartDate="2014-10-07 08:57:28.709 JST" StructureHandle="=TA2/src&amp;lt;ta2.main{ShowListActv.java[ShowListActv~onResume" StructureKind="java" NumEvents="4" CreationCount="1265"/><InteractionEvent Delta="null" EndDate="2014-10-07 08:56:50.572 JST" Interest="4.0" Kind="selection" Navigation="null" OriginId="org.eclipse.jdt.ui.CompilationUnitEditor" StartDate="2014-10-07 08:56:34.242 JST" StructureHandle="=TA2/src&amp;lt;ta2.main{ShowListActv.java[ShowListActv~onPause" StructureKind="java" NumEvents="4" CreationCount="1233"/><InteractionEvent Delta="null" EndDate="2014-10-07 08:56:54.92 JST" Interest="9.0" Kind="edit" Navigation="null" OriginId="org.eclipse.jdt.ui.CompilationUnitEditor" StartDate="2014-10-07 08:56:34.856 JST" StructureHandle="=TA2/src&amp;lt;ta2.main{ShowListActv.java[ShowListActv~onPause" StructureKind="java" NumEvents="9" CreationCount="1233"/><InteractionEvent Delta="null" EndDate="2014-10-07 07:45:09.415 JST" Interest="1.0" Kind="selection" Navigation="null" OriginId="org.eclipse.ui.views.ContentOutline" StartDate="2014-10-07 07:45:09.415 JST" StructureHandle="=TA2/src&amp;lt;ta2.utils{Methods_dlg.java[Methods_dlg~conf_Delete_Pattern~QActivity;~QDialog;~QWordPattern;" StructureKind="java"/><InteractionEvent Delta="null" EndDate="2014-10-07 08:59:23.729 JST" Interest="4.0" Kind="selection" Navigation="null" OriginId="org.eclipse.jdt.ui.CompilationUnitEditor" StartDate="2014-10-07 07:52:42.572 JST" StructureHandle="=TA2/src&amp;lt;ta2.listeners.dialog{DB_OCL.java[DB_OCL" StructureKind="java" NumEvents="4" CreationCount="24"/><InteractionEvent Delta="null" EndDate="2014-10-07 08:05:20.259 JST" Interest="9.0" Kind="edit" Navigation="null" OriginId="org.eclipse.jdt.ui.CompilationUnitEditor" StartDate="2014-10-07 07:52:42.583 JST" StructureHandle="=TA2/src&amp;lt;ta2.listeners.dialog{DB_OCL.java[DB_OCL" StructureKind="java" NumEvents="9" CreationCount="24"/><InteractionEvent Delta="null" EndDate="2014-10-07 08:59:21.280 JST" Interest="336.58798" Kind="propagation" Navigation="org.eclipse.mylyn.core.model.edges.containment" OriginId="org.eclipse.mylyn.core.model.interest.propagation" StartDate="2014-10-07 07:46:00.202 JST" StructureHandle="=TA2/src&amp;lt;ta2.listeners.dialog{DB_OCL.java[DB_OCL" StructureKind="java" NumEvents="476" CreationCount="24"/><InteractionEvent Delta="null" EndDate="2014-10-07 08:58:21.706 JST" Interest="13.0" Kind="selection" Navigation="null" OriginId="org.eclipse.jdt.ui.CompilationUnitEditor" StartDate="2014-10-07 07:53:02.24 JST" StructureHandle="=TA2/src&amp;lt;ta2.listeners.dialog{DB_OCL.java[DB_OCL~case_DLG_FILTER_SHOWLIST_OK_2" StructureKind="java" NumEvents="13" CreationCount="88"/><InteractionEvent Delta="null" EndDate="2014-10-07 08:59:21.279 JST" Interest="474.0" Kind="edit" Navigation="null" OriginId="org.eclipse.jdt.ui.CompilationUnitEditor" StartDate="2014-10-07 07:53:02.32 JST" StructureHandle="=TA2/src&amp;lt;ta2.listeners.dialog{DB_OCL.java[DB_OCL~case_DLG_FILTER_SHOWLIST_OK_2" StructureKind="java" NumEvents="474" CreationCount="88"/><InteractionEvent Delta="null" EndDate="2014-10-07 08:59:27.381 JST" Interest="3.0" Kind="selection" Navigation="null" OriginId="org.eclipse.jdt.ui.CompilationUnitEditor" StartDate="2014-10-07 08:57:07.856 JST" StructureHandle="=TA2/src&amp;lt;ta2.main{ShowListActv.java[ShowListActv~onRestart" StructureKind="java" NumEvents="3" CreationCount="1255"/><InteractionEvent Delta="null" EndDate="2014-10-07 08:59:33.13 JST" Interest="4.0" Kind="edit" Navigation="null" OriginId="org.eclipse.jdt.ui.CompilationUnitEditor" StartDate="2014-10-07 08:57:08.652 JST" StructureHandle="=TA2/src&amp;lt;ta2.main{ShowListActv.java[ShowListActv~onRestart" StructureKind="java" NumEvents="4" CreationCount="1255"/><InteractionEvent Delta="null" EndDate="2014-10-07 07:44:32.827 JST" Interest="1.0" Kind="selection" Navigation="null" OriginId="org.eclipse.jdt.ui.PackageExplorer" StartDate="2014-10-07 07:44:32.827 JST" StructureHandle="=TA2/src" StructureKind="java"/><InteractionEvent Delta="null" EndDate="2014-10-07 08:59:23.730 JST" Interest="346.27896" Kind="propagation" Navigation="org.eclipse.mylyn.core.model.edges.containment" OriginId="org.eclipse.mylyn.core.model.interest.propagation" StartDate="2014-10-07 07:44:50.85 JST" StructureHandle="=TA2/src" StructureKind="java" NumEvents="499" CreationCount="1"/><InteractionEvent Delta="null" EndDate="2014-10-07 08:52:02.467 JST" Interest="7.0" Kind="selection" Navigation="null" OriginId="org.eclipse.jdt.ui.CompilationUnitEditor" StartDate="2014-10-07 08:04:18.823 JST" StructureHandle="=TA2/src&amp;lt;ta2.utils{Methods.java[Methods" StructureKind="java" NumEvents="7" CreationCount="426"/><InteractionEvent Delta="null" EndDate="2014-10-07 08:04:39.575 JST" Interest="3.0" Kind="edit" Navigation="null" OriginId="org.eclipse.jdt.ui.CompilationUnitEditor" StartDate="2014-10-07 08:04:33.785 JST" StructureHandle="=TA2/src&amp;lt;ta2.utils{Methods.java[Methods" StructureKind="java" NumEvents="3" CreationCount="426"/><InteractionEvent Delta="null" EndDate="2014-10-07 09:00:02.59 JST" Interest="281.43698" Kind="propagation" Navigation="org.eclipse.mylyn.core.model.edges.containment" OriginId="org.eclipse.mylyn.core.model.interest.propagation" StartDate="2014-10-07 07:58:27.295 JST" StructureHandle="=TA2/src&amp;lt;ta2.utils{Methods.java[Methods" StructureKind="java" NumEvents="397" CreationCount="426"/><InteractionEvent Delta="null" EndDate="2014-10-07 08:57:16.72 JST" Interest="1.0" Kind="selection" Navigation="null" OriginId="org.eclipse.jdt.ui.CompilationUnitEditor" StartDate="2014-10-07 08:57:16.72 JST" StructureHandle="=TA2/src&amp;lt;ta2.main{ShowListActv.java[ShowListActv~onStop" StructureKind="java"/><InteractionEvent Delta="null" EndDate="2014-10-07 08:57:23.807 JST" Interest="5.0" Kind="edit" Navigation="null" OriginId="org.eclipse.jdt.ui.CompilationUnitEditor" StartDate="2014-10-07 08:57:16.951 JST" StructureHandle="=TA2/src&amp;lt;ta2.main{ShowListActv.java[ShowListActv~onStop" StructureKind="java" NumEvents="5" CreationCount="1259"/><InteractionEvent Delta="null" EndDate="2014-10-07 09:00:03.866 JST" Interest="7.0" Kind="selection" Navigation="null" OriginId="org.eclipse.jdt.ui.CompilationUnitEditor" StartDate="2014-10-07 08:56:31.429 JST" StructureHandle="=TA2/src&amp;lt;ta2.main{ShowListActv.java[ShowListActv~onStart" StructureKind="java" NumEvents="7" CreationCount="1230"/><InteractionEvent Delta="null" EndDate="2014-10-07 09:01:16.829 JST" Interest="11.0" Kind="edit" Navigation="null" OriginId="org.eclipse.jdt.ui.CompilationUnitEditor" StartDate="2014-10-07 08:59:47.200 JST" StructureHandle="=TA2/src&amp;lt;ta2.main{ShowListActv.java[ShowListActv~onStart" StructureKind="java" NumEvents="11" CreationCount="1230"/><InteractionEvent Delta="null" EndDate="2014-10-07 08:05:49.912 JST" Interest="1.0" Kind="prediction" Navigation="null" OriginId="org.eclipse.mylyn.resources.ui.interest.updater" StartDate="2014-10-07 08:05:49.912 JST" StructureHandle="/TA2/bin/resources.ap_" StructureKind="resource"/><InteractionEvent Delta="null" EndDate="2014-10-07 09:06:17.718 JST" Interest="5.0" Kind="selection" Navigation="null" OriginId="org.eclipse.jdt.ui.CompilationUnitEditor" StartDate="2014-10-07 08:56:47.949 JST" StructureHandle="=TA2/src&amp;lt;ta2.main{ShowListActv.java[ShowListActv~onDestroy" StructureKind="java" NumEvents="5" CreationCount="1245"/><InteractionEvent Delta="null" EndDate="2014-10-07 09:07:22.282 JST" Interest="37.0" Kind="edit" Navigation="null" OriginId="org.eclipse.jdt.ui.CompilationUnitEditor" StartDate="2014-10-07 08:56:59.368 JST" StructureHandle="=TA2/src&amp;lt;ta2.main{ShowListActv.java[ShowListActv~onDestroy" StructureKind="java" NumEvents="37" CreationCount="1245"/></InteractionHistory>