<?xml version="1.0" encoding="UTF-8"?><InteractionHistory Id="local-161" Version="1"><InteractionEvent Delta="null" EndDate="2014-10-16 09:26:19.978 JST" Interest="1.0" Kind="propagation" Navigation="null" OriginId="org.eclipse.mylyn.resources.ui.interest.updater" StartDate="2014-10-16 09:26:19.978 JST" StructureHandle="/TA2/bin/dexedLibs/commons-lang-2.6-986548f769e99989e5ff8b3dec32ef6a.jar" StructureKind="resource"/><InteractionEvent Delta="null" EndDate="2014-10-16 09:16:50.399 JST" Interest="20.0" Kind="propagation" Navigation="null" OriginId="org.eclipse.jdt.ui.CompilationUnitEditor" StartDate="2014-10-16 09:07:00.515 JST" StructureHandle="/TA2/src/ta2/utils/CONS.java" StructureKind="resource" NumEvents="20" CreationCount="104"/><InteractionEvent Delta="null" EndDate="2014-10-16 09:14:50.715 JST" Interest="7.8340006" Kind="propagation" Navigation="org.eclipse.mylyn.core.model.edges.containment" OriginId="org.eclipse.mylyn.core.model.interest.propagation" StartDate="2014-10-16 09:11:32.457 JST" StructureHandle="=IFM11/src&amp;lt;ifm11.main{LogActv.java[LogActv" StructureKind="java" NumEvents="9" CreationCount="158"/><InteractionEvent Delta="null" EndDate="2014-10-16 09:25:53.113 JST" Interest="2.0" Kind="propagation" Navigation="null" OriginId="org.eclipse.mylyn.resources.ui.interest.updater" StartDate="2014-10-16 09:25:53.117 JST" StructureHandle="=TA2/gen&amp;lt;ta2.main" StructureKind="java" NumEvents="2" CreationCount="528"/><InteractionEvent Delta="null" EndDate="2014-10-16 09:11:11.110 JST" Interest="8.0" Kind="edit" Navigation="null" OriginId="org.eclipse.jdt.ui.CompilationUnitEditor" StartDate="2014-10-16 09:11:02.931 JST" StructureHandle="=TA2/src&amp;lt;ta2.main{LogActv.java[LogActv~onListItemClick~QListView;~QView;~I~J" StructureKind="java" NumEvents="8" CreationCount="136"/><InteractionEvent Delta="null" EndDate="2014-10-16 09:11:02.465 JST" Interest="3.0" Kind="selection" Navigation="null" OriginId="org.eclipse.jdt.ui.CompilationUnitEditor" StartDate="2014-10-16 09:11:02.338 JST" StructureHandle="=TA2/src&amp;lt;ta2.main{LogActv.java[LogActv~onListItemClick~QListView;~QView;~I~J" StructureKind="java" NumEvents="3" CreationCount="136"/><InteractionEvent Delta="null" EndDate="2014-10-16 09:19:46.208 JST" Interest="6.0" Kind="edit" Navigation="null" OriginId="org.eclipse.jdt.ui.CompilationUnitEditor" StartDate="2014-10-16 09:18:57.37 JST" StructureHandle="=IFM11/src&amp;lt;ifm11.utils{Methods.java[Methods~get_LogItem_List~QActivity;" StructureKind="java" NumEvents="6" CreationCount="372"/><InteractionEvent Delta="null" EndDate="2014-10-16 09:19:40.918 JST" Interest="3.0" Kind="selection" Navigation="null" OriginId="org.eclipse.jdt.ui.CompilationUnitEditor" StartDate="2014-10-16 09:18:55.529 JST" StructureHandle="=IFM11/src&amp;lt;ifm11.utils{Methods.java[Methods~get_LogItem_List~QActivity;" StructureKind="java" NumEvents="3" CreationCount="372"/><InteractionEvent Delta="null" EndDate="2014-10-16 09:04:47.787 JST" Interest="1.0" Kind="selection" Navigation="null" OriginId="org.eclipse.jdt.ui.PackageExplorer" StartDate="2014-10-16 09:04:47.787 JST" StructureHandle="/TA2/memos.txt" StructureKind="resource"/><InteractionEvent Delta="null" EndDate="2014-10-16 09:22:30.144 JST" Interest="1.0" Kind="selection" Navigation="null" OriginId="org.eclipse.jdt.ui.PackageExplorer" StartDate="2014-10-16 09:22:30.144 JST" StructureHandle="=TA2/src&amp;lt;ta2.main{MemoActv.java" StructureKind="java"/><InteractionEvent Delta="null" EndDate="2014-10-16 09:20:16.583 JST" Interest="110.0" Kind="propagation" Navigation="null" OriginId="org.eclipse.jdt.ui.CompilationUnitEditor" StartDate="2014-10-16 09:05:47.928 JST" StructureHandle="/TA2/src/ta2/utils" StructureKind="resource" NumEvents="110" CreationCount="63"/><InteractionEvent Delta="null" EndDate="2014-10-16 09:21:39.198 JST" Interest="12.0" Kind="propagation" Navigation="null" OriginId="org.eclipse.ui.views.ResourceNavigator" StartDate="2014-10-16 09:06:47.119 JST" StructureHandle="/IFM11/src/ifm11/utils/CONS.java" StructureKind="resource" NumEvents="12" CreationCount="97"/><InteractionEvent Delta="null" EndDate="2014-10-16 09:22:30.144 JST" Interest="134.0" Kind="propagation" Navigation="org.eclipse.mylyn.core.model.edges.containment" OriginId="org.eclipse.mylyn.core.model.interest.propagation" StartDate="2014-10-16 09:04:01.566 JST" StructureHandle="/TA2/src/ta2" StructureKind="resource" NumEvents="136" CreationCount="4"/><InteractionEvent Delta="null" EndDate="2014-10-16 09:10:48.476 JST" Interest="3.0" Kind="selection" Navigation="null" OriginId="org.eclipse.jdt.ui.PackageExplorer" StartDate="2014-10-16 09:07:29.950 JST" StructureHandle="/TA2/AndroidManifest.xml" StructureKind="resource" NumEvents="3" CreationCount="119"/><InteractionEvent Delta="null" EndDate="2014-10-16 09:25:35.987 JST" Interest="8.584999" Kind="propagation" Navigation="org.eclipse.mylyn.core.model.edges.containment" OriginId="org.eclipse.mylyn.core.model.interest.propagation" StartDate="2014-10-16 09:04:39.636 JST" StructureHandle="/IFM11/res/layout" StructureKind="resource" NumEvents="12" CreationCount="22"/><InteractionEvent Delta="null" EndDate="2014-10-16 09:23:25.521 JST" Interest="2.1230006" Kind="manipulation" Navigation="null" OriginId="org.eclipse.mylyn.core.model.interest.decay.correction" StartDate="2014-10-16 09:23:25.521 JST" StructureHandle="/IFM11/res/layout" StructureKind="resource"/><InteractionEvent Delta="null" EndDate="2014-10-16 09:23:25.522 JST" Interest="6.0" Kind="selection" Navigation="null" OriginId="org.eclipse.ui.views.ResourceNavigator" StartDate="2014-10-16 09:04:37.816 JST" StructureHandle="/IFM11/res/layout" StructureKind="resource" NumEvents="6" CreationCount="22"/><InteractionEvent Delta="null" EndDate="2014-10-16 09:22:30.144 JST" Interest="1.0" Kind="propagation" Navigation="null" OriginId="org.eclipse.jdt.ui.PackageExplorer" StartDate="2014-10-16 09:22:30.144 JST" StructureHandle="/TA2/src/ta2/main/MemoActv.java" StructureKind="resource"/><InteractionEvent Delta="null" EndDate="2014-10-16 09:21:38.774 JST" Interest="14.0" Kind="edit" Navigation="null" OriginId="org.eclipse.jdt.ui.CompilationUnitEditor" StartDate="2014-10-16 09:17:03.512 JST" StructureHandle="=TA2/src&amp;lt;ta2.main{ShowLogActv.java[ShowLogActv~_Setup_List" StructureKind="java" NumEvents="14" CreationCount="305"/><InteractionEvent Delta="null" EndDate="2014-10-16 09:20:18.302 JST" Interest="4.0" Kind="selection" Navigation="null" OriginId="org.eclipse.jdt.ui.CompilationUnitEditor" StartDate="2014-10-16 09:17:01.937 JST" StructureHandle="=TA2/src&amp;lt;ta2.main{ShowLogActv.java[ShowLogActv~_Setup_List" StructureKind="java" NumEvents="4" CreationCount="305"/><InteractionEvent Delta="null" EndDate="2014-10-16 09:16:36.561 JST" Interest="1.0" Kind="selection" Navigation="null" OriginId="org.eclipse.jdt.ui.CompilationUnitEditor" StartDate="2014-10-16 09:16:36.561 JST" StructureHandle="=TA2/src&amp;lt;ta2.utils{CONS.java#" StructureKind="java"/><InteractionEvent Delta="null" EndDate="2014-10-16 09:15:13.87 JST" Interest="0.017000139" Kind="propagation" Navigation="org.eclipse.mylyn.core.model.edges.containment" OriginId="org.eclipse.mylyn.core.model.interest.propagation" StartDate="2014-10-16 09:14:44.784 JST" StructureHandle="=TA2/src&amp;lt;ta2.utils{Tags.java" StructureKind="java" NumEvents="2" CreationCount="236"/><InteractionEvent Delta="null" EndDate="2014-10-16 09:15:35.592 JST" Interest="5.0" Kind="selection" Navigation="null" OriginId="org.eclipse.jdt.ui.CompilationUnitEditor" StartDate="2014-10-16 09:14:43.895 JST" StructureHandle="=TA2/src&amp;lt;ta2.utils{Tags.java" StructureKind="java" NumEvents="5" CreationCount="236"/><InteractionEvent Delta="null" EndDate="2014-10-16 09:17:14.791 JST" Interest="5.3780003" Kind="propagation" Navigation="org.eclipse.mylyn.core.model.edges.containment" OriginId="org.eclipse.mylyn.core.model.interest.propagation" StartDate="2014-10-16 09:05:56.645 JST" StructureHandle="=IFM11/src&amp;lt;ifm11.utils{Methods.java[Methods" StructureKind="java" NumEvents="7" CreationCount="74"/><InteractionEvent Delta="null" EndDate="2014-10-16 09:18:52.927 JST" Interest="7.0" Kind="selection" Navigation="null" OriginId="org.eclipse.jdt.ui.CompilationUnitEditor" StartDate="2014-10-16 09:06:01.70 JST" StructureHandle="=IFM11/src&amp;lt;ifm11.utils{Methods.java[Methods" StructureKind="java" NumEvents="7" CreationCount="74"/><InteractionEvent Delta="null" EndDate="2014-10-16 09:16:22.269 JST" Interest="4.196" Kind="propagation" Navigation="org.eclipse.mylyn.core.model.edges.containment" OriginId="org.eclipse.mylyn.core.model.interest.propagation" StartDate="2014-10-16 09:06:47.872 JST" StructureHandle="=IFM11/src&amp;lt;ifm11.utils{CONS.java[CONS" StructureKind="java" NumEvents="5" CreationCount="98"/><InteractionEvent Delta="null" EndDate="2014-10-16 09:16:25.822 JST" Interest="1.0" Kind="selection" Navigation="null" OriginId="org.eclipse.jdt.ui.CompilationUnitEditor" StartDate="2014-10-16 09:16:25.822 JST" StructureHandle="=IFM11/src&amp;lt;ifm11.utils{CONS.java[CONS" StructureKind="java"/><InteractionEvent Delta="null" EndDate="2014-10-16 09:04:56.781 JST" Interest="2.0" Kind="selection" Navigation="null" OriginId="org.eclipse.jdt.ui.CompilationUnitEditor" StartDate="2014-10-16 09:04:31.143 JST" StructureHandle="=TA2/src&amp;lt;ta2.main{ShowLogActv.java[ShowLogActv~onCreate~QBundle;" StructureKind="java" NumEvents="2" CreationCount="18"/><InteractionEvent Delta="null" EndDate="2014-10-16 09:13:20.838 JST" Interest="1.0" Kind="propagation" Navigation="org.eclipse.mylyn.core.model.edges.containment" OriginId="org.eclipse.mylyn.core.model.interest.propagation" StartDate="2014-10-16 09:13:20.838 JST" StructureHandle="/IFM11/bin" StructureKind="resource"/><InteractionEvent Delta="null" EndDate="2014-10-16 09:25:50.423 JST" Interest="1.0" Kind="propagation" Navigation="null" OriginId="org.eclipse.mylyn.resources.ui.interest.updater" StartDate="2014-10-16 09:25:50.423 JST" StructureHandle="/TA2/bin/res" StructureKind="resource"/><InteractionEvent Delta="null" EndDate="2014-10-16 09:18:37.757 JST" Interest="2.0" Kind="edit" Navigation="null" OriginId="org.eclipse.jdt.ui.CompilationUnitEditor" StartDate="2014-10-16 09:18:35.100 JST" StructureHandle="=IFM11/src&amp;lt;ifm11.utils{Methods.java[Methods~_build_LogItem_from_Matcher~QActivity;~QMatcher;" StructureKind="java" NumEvents="2" CreationCount="360"/><InteractionEvent Delta="null" EndDate="2014-10-16 09:18:33.979 JST" Interest="1.0" Kind="selection" Navigation="null" OriginId="org.eclipse.jdt.ui.CompilationUnitEditor" StartDate="2014-10-16 09:18:33.979 JST" StructureHandle="=IFM11/src&amp;lt;ifm11.utils{Methods.java[Methods~_build_LogItem_from_Matcher~QActivity;~QMatcher;" StructureKind="java"/><InteractionEvent Delta="null" EndDate="2014-10-16 09:20:43.724 JST" Interest="1.0" Kind="prediction" Navigation="null" OriginId="org.eclipse.mylyn.resources.ui.interest.updater" StartDate="2014-10-16 09:20:43.724 JST" StructureHandle="/TA2/bin/TA2.apk" StructureKind="resource"/><InteractionEvent Delta="null" EndDate="2014-10-16 09:26:19.979 JST" Interest="1.0" Kind="propagation" Navigation="org.eclipse.mylyn.core.model.edges.containment" OriginId="org.eclipse.mylyn.core.model.interest.propagation" StartDate="2014-10-16 09:26:19.979 JST" StructureHandle="/TA2/bin/dexedLibs" StructureKind="resource"/><InteractionEvent Delta="null" EndDate="2014-10-16 09:23:23.133 JST" Interest="153.0" Kind="propagation" Navigation="org.eclipse.mylyn.core.model.edges.containment" OriginId="org.eclipse.mylyn.core.model.interest.propagation" StartDate="2014-10-16 09:03:56.545 JST" StructureHandle="=IFM11" StructureKind="resource" NumEvents="153" CreationCount="1"/><InteractionEvent Delta="null" EndDate="2014-10-16 09:23:56.523 JST" Interest="1.0" Kind="selection" Navigation="null" OriginId="org.eclipse.jdt.ui.PackageExplorer" StartDate="2014-10-16 09:23:56.523 JST" StructureHandle="/TA2/res/values/strings.xml" StructureKind="resource"/><InteractionEvent Delta="null" EndDate="2014-10-16 09:17:27.565 JST" Interest="5.107999" Kind="propagation" Navigation="org.eclipse.mylyn.core.model.edges.containment" OriginId="org.eclipse.mylyn.core.model.interest.propagation" StartDate="2014-10-16 09:06:01.953 JST" StructureHandle="=TA2/src&amp;lt;ta2.utils{Methods.java" StructureKind="java" NumEvents="9" CreationCount="63"/><InteractionEvent Delta="null" EndDate="2014-10-16 09:20:03.145 JST" Interest="5.0" Kind="edit" Navigation="null" OriginId="org.eclipse.jdt.ui.CompilationUnitEditor" StartDate="2014-10-16 09:06:18.929 JST" StructureHandle="=TA2/src&amp;lt;ta2.utils{Methods.java" StructureKind="java" NumEvents="5" CreationCount="63"/><InteractionEvent Delta="null" EndDate="2014-10-16 09:19:47.115 JST" Interest="20.0" Kind="selection" Navigation="null" OriginId="org.eclipse.jdt.ui.CompilationUnitEditor" StartDate="2014-10-16 09:05:47.928 JST" StructureHandle="=TA2/src&amp;lt;ta2.utils{Methods.java" StructureKind="java" NumEvents="20" CreationCount="63"/><InteractionEvent Delta="null" EndDate="2014-10-16 09:17:11.384 JST" Interest="0.57800007" Kind="manipulation" Navigation="null" OriginId="org.eclipse.mylyn.core.model.interest.decay.correction" StartDate="2014-10-16 09:17:11.384 JST" StructureHandle="=IFM11/src&amp;lt;ifm11.utils{Methods.java[Methods~start_Activity_ShowLogActv~QActivity;~QString;" StructureKind="java"/><InteractionEvent Delta="null" EndDate="2014-10-16 09:17:14.791 JST" Interest="4.0" Kind="edit" Navigation="null" OriginId="org.eclipse.jdt.ui.CompilationUnitEditor" StartDate="2014-10-16 09:05:58.809 JST" StructureHandle="=IFM11/src&amp;lt;ifm11.utils{Methods.java[Methods~start_Activity_ShowLogActv~QActivity;~QString;" StructureKind="java" NumEvents="4" CreationCount="74"/><InteractionEvent Delta="null" EndDate="2014-10-16 09:17:12.672 JST" Interest="4.0" Kind="selection" Navigation="null" OriginId="org.eclipse.ui.views.ContentOutline" StartDate="2014-10-16 09:05:56.645 JST" StructureHandle="=IFM11/src&amp;lt;ifm11.utils{Methods.java[Methods~start_Activity_ShowLogActv~QActivity;~QString;" StructureKind="java" NumEvents="4" CreationCount="74"/><InteractionEvent Delta="null" EndDate="2014-10-16 09:16:21.240 JST" Interest="1.4620001" Kind="manipulation" Navigation="null" OriginId="org.eclipse.mylyn.core.model.interest.decay.correction" StartDate="2014-10-16 09:16:21.240 JST" StructureHandle="=IFM11/src&amp;lt;ifm11.utils{CONS.java[CONS[Intent^iKey_LogActv_LogFileName" StructureKind="java"/><InteractionEvent Delta="null" EndDate="2014-10-16 09:06:50.208 JST" Interest="1.0" Kind="edit" Navigation="null" OriginId="org.eclipse.jdt.ui.CompilationUnitEditor" StartDate="2014-10-16 09:06:50.208 JST" StructureHandle="=IFM11/src&amp;lt;ifm11.utils{CONS.java[CONS[Intent^iKey_LogActv_LogFileName" StructureKind="java"/><InteractionEvent Delta="null" EndDate="2014-10-16 09:16:21.240 JST" Interest="2.0" Kind="selection" Navigation="null" OriginId="org.eclipse.jdt.ui.CompilationUnitEditor" StartDate="2014-10-16 09:06:47.871 JST" StructureHandle="=IFM11/src&amp;lt;ifm11.utils{CONS.java[CONS[Intent^iKey_LogActv_LogFileName" StructureKind="java" NumEvents="2" CreationCount="98"/><InteractionEvent Delta="null" EndDate="2014-10-16 09:27:15.425 JST" Interest="275.051" Kind="propagation" Navigation="org.eclipse.mylyn.core.model.edges.containment" OriginId="org.eclipse.mylyn.core.model.interest.propagation" StartDate="2014-10-16 09:03:56.545 JST" StructureHandle="/" StructureKind="resource" NumEvents="290" CreationCount="1"/><InteractionEvent Delta="null" EndDate="2014-10-16 09:11:43.557 JST" Interest="4.0" Kind="edit" Navigation="null" OriginId="org.eclipse.jdt.ui.CompilationUnitEditor" StartDate="2014-10-16 09:11:42.852 JST" StructureHandle="=IFM11/src&amp;lt;ifm11.main{LogActv.java[LogActv~onListItemClick~QListView;~QView;~I~J" StructureKind="java" NumEvents="4" CreationCount="160"/><InteractionEvent Delta="null" EndDate="2014-10-16 09:14:50.714 JST" Interest="5.0" Kind="selection" Navigation="null" OriginId="org.eclipse.jdt.ui.CompilationUnitEditor" StartDate="2014-10-16 09:11:42.198 JST" StructureHandle="=IFM11/src&amp;lt;ifm11.main{LogActv.java[LogActv~onListItemClick~QListView;~QView;~I~J" StructureKind="java" NumEvents="5" CreationCount="160"/><InteractionEvent Delta="null" EndDate="2014-10-16 09:21:45.407 JST" Interest="1.0" Kind="selection" Navigation="null" OriginId="org.eclipse.jdt.ui.PackageExplorer" StartDate="2014-10-16 09:21:45.407 JST" StructureHandle="=TA2/src&amp;lt;ta2.adapters{Adp_WordPatterns.java" StructureKind="java"/><InteractionEvent Delta="null" EndDate="2014-10-16 09:26:19.978 JST" Interest="1.0" Kind="propagation" Navigation="null" OriginId="org.eclipse.mylyn.resources.ui.interest.updater" StartDate="2014-10-16 09:26:19.978 JST" StructureHandle="/TA2/bin/dexedLibs/android-support-v4-2c6d411d00e9f139482cae35f246af4c.jar" StructureKind="resource"/><InteractionEvent Delta="null" EndDate="2014-10-16 09:11:11.110 JST" Interest="8.634" Kind="propagation" Navigation="org.eclipse.mylyn.core.model.edges.containment" OriginId="org.eclipse.mylyn.core.model.interest.propagation" StartDate="2014-10-16 09:10:57.723 JST" StructureHandle="=TA2/src&amp;lt;ta2.main{LogActv.java[LogActv" StructureKind="java" NumEvents="11" CreationCount="134"/><InteractionEvent Delta="null" EndDate="2014-10-16 09:27:15.425 JST" Interest="31.0" Kind="propagation" Navigation="null" OriginId="org.eclipse.jdt.ui.CompilationUnitEditor" StartDate="2014-10-16 09:21:46.353 JST" StructureHandle="/TA2/src/ta2/adapters/Adp_ShowLogFile_List.java" StructureKind="resource" NumEvents="31" CreationCount="418"/><InteractionEvent Delta="null" EndDate="2014-10-16 09:16:10.476 JST" Interest="45.0" Kind="propagation" Navigation="null" OriginId="org.eclipse.ui.views.ResourceNavigator" StartDate="2014-10-16 09:04:13.75 JST" StructureHandle="/IFM11/src/ifm11/main/ShowLogActv.java" StructureKind="resource" NumEvents="45" CreationCount="10"/><InteractionEvent Delta="null" EndDate="2014-10-16 09:18:04.844 JST" Interest="2.0" Kind="edit" Navigation="null" OriginId="org.eclipse.jdt.ui.CompilationUnitEditor" StartDate="2014-10-16 09:18:03.279 JST" StructureHandle="=IFM11/src&amp;lt;ifm11.utils{Methods.java[Methods~conv_LogLinesList_to_LogItemList~QActivity;~QList\&amp;lt;QString;&amp;gt;;" StructureKind="java" NumEvents="2" CreationCount="345"/><InteractionEvent Delta="null" EndDate="2014-10-16 09:18:01.910 JST" Interest="1.0" Kind="selection" Navigation="null" OriginId="org.eclipse.jdt.ui.CompilationUnitEditor" StartDate="2014-10-16 09:18:01.910 JST" StructureHandle="=IFM11/src&amp;lt;ifm11.utils{Methods.java[Methods~conv_LogLinesList_to_LogItemList~QActivity;~QList\&amp;lt;QString;&amp;gt;;" StructureKind="java"/><InteractionEvent Delta="null" EndDate="2014-10-16 09:26:19.979 JST" Interest="7.9700003" Kind="propagation" Navigation="org.eclipse.mylyn.core.model.edges.containment" OriginId="org.eclipse.mylyn.core.model.interest.propagation" StartDate="2014-10-16 09:07:44.982 JST" StructureHandle="/TA2/bin" StructureKind="resource" NumEvents="4" CreationCount="120"/><InteractionEvent Delta="null" EndDate="2014-10-16 09:17:38.221 JST" Interest="2.0" Kind="edit" Navigation="null" OriginId="org.eclipse.jdt.ui.CompilationUnitEditor" StartDate="2014-10-16 09:17:36.247 JST" StructureHandle="=TA2/src&amp;lt;ta2.utils{Methods.java[Methods~get_LogLines~QActivity;~QString;" StructureKind="java" NumEvents="2" CreationCount="323"/><InteractionEvent Delta="null" EndDate="2014-10-16 09:17:34.887 JST" Interest="2.0" Kind="selection" Navigation="null" OriginId="org.eclipse.jdt.ui.CompilationUnitEditor" StartDate="2014-10-16 09:17:28.739 JST" StructureHandle="=TA2/src&amp;lt;ta2.utils{Methods.java[Methods~get_LogLines~QActivity;~QString;" StructureKind="java" NumEvents="2" CreationCount="323"/><InteractionEvent Delta="null" EndDate="2014-10-16 09:22:30.144 JST" Interest="134.0" Kind="propagation" Navigation="null" OriginId="org.eclipse.jdt.ui.PackageExplorer" StartDate="2014-10-16 09:04:01.566 JST" StructureHandle="/TA2/src/ta2/main" StructureKind="resource" NumEvents="134" CreationCount="4"/><InteractionEvent Delta="null" EndDate="2014-10-16 09:13:20.837 JST" Interest="1.0" Kind="prediction" Navigation="null" OriginId="org.eclipse.mylyn.resources.ui.interest.updater" StartDate="2014-10-16 09:13:20.837 JST" StructureHandle="/IFM11/bin/IFM11.apk" StructureKind="resource"/><InteractionEvent Delta="null" EndDate="2014-10-16 09:15:12.414 JST" Interest="2.0" Kind="selection" Navigation="null" OriginId="org.eclipse.jdt.ui.CompilationUnitEditor" StartDate="2014-10-16 09:14:44.782 JST" StructureHandle="=TA2/src&amp;lt;ta2.utils{Tags.java[Tags[ButtonTags^ACTV_SHOWLOG_IB_BACK" StructureKind="java" NumEvents="2" CreationCount="237"/><InteractionEvent Delta="null" EndDate="2014-10-16 09:20:16.582 JST" Interest="76.0" Kind="propagation" Navigation="null" OriginId="org.eclipse.jdt.ui.CompilationUnitEditor" StartDate="2014-10-16 09:05:47.928 JST" StructureHandle="/TA2/src/ta2/utils/Methods.java" StructureKind="resource" NumEvents="76" CreationCount="63"/><InteractionEvent Delta="null" EndDate="2014-10-16 09:23:23.999 JST" Interest="2.0" Kind="selection" Navigation="null" OriginId="org.eclipse.ui.views.ResourceNavigator" StartDate="2014-10-16 09:23:23.998 JST" StructureHandle="/IFM11/res/drawable-ldpi" StructureKind="resource" NumEvents="2" CreationCount="442"/><InteractionEvent Delta="null" EndDate="2014-10-16 09:25:41.754 JST" Interest="18.433998" Kind="propagation" Navigation="org.eclipse.mylyn.core.model.edges.containment" OriginId="org.eclipse.mylyn.core.model.interest.propagation" StartDate="2014-10-16 09:04:54.525 JST" StructureHandle="/TA2/res/layout" StructureKind="resource" NumEvents="23" CreationCount="29"/><InteractionEvent Delta="null" EndDate="2014-10-16 09:22:32.805 JST" Interest="2.9020004" Kind="manipulation" Navigation="null" OriginId="org.eclipse.mylyn.core.model.interest.decay.correction" StartDate="2014-10-16 09:22:32.805 JST" StructureHandle="/TA2/res/layout" StructureKind="resource"/><InteractionEvent Delta="null" EndDate="2014-10-16 09:22:32.805 JST" Interest="4.0" Kind="selection" Navigation="null" OriginId="org.eclipse.jdt.ui.PackageExplorer" StartDate="2014-10-16 09:04:51.738 JST" StructureHandle="/TA2/res/layout" StructureKind="resource" NumEvents="4" CreationCount="29"/><InteractionEvent Delta="null" EndDate="2014-10-16 09:21:45.408 JST" Interest="1.0" Kind="propagation" Navigation="null" OriginId="org.eclipse.jdt.ui.PackageExplorer" StartDate="2014-10-16 09:21:45.408 JST" StructureHandle="/TA2/src/ta2/adapters/Adp_WordPatterns.java" StructureKind="resource"/><InteractionEvent Delta="null" EndDate="2014-10-16 09:07:01.769 JST" Interest="1.0" Kind="selection" Navigation="null" OriginId="org.eclipse.jdt.ui.CompilationUnitEditor" StartDate="2014-10-16 09:07:01.769 JST" StructureHandle="=TA2/src&amp;lt;ta2.utils{CONS.java[CONS[Intent^iKey_Memo_Id" StructureKind="java"/><InteractionEvent Delta="null" EndDate="2014-10-16 09:16:59.463 JST" Interest="6.0" Kind="edit" Navigation="null" OriginId="org.eclipse.jdt.ui.CompilationUnitEditor" StartDate="2014-10-16 09:15:53.441 JST" StructureHandle="=TA2/src&amp;lt;ta2.main{ShowLogActv.java[ShowLogActv~_Setup_Adapter" StructureKind="java" NumEvents="6" CreationCount="271"/><InteractionEvent Delta="null" EndDate="2014-10-16 09:16:51.476 JST" Interest="3.0" Kind="selection" Navigation="null" OriginId="org.eclipse.jdt.ui.CompilationUnitEditor" StartDate="2014-10-16 09:15:51.925 JST" StructureHandle="=TA2/src&amp;lt;ta2.main{ShowLogActv.java[ShowLogActv~_Setup_Adapter" StructureKind="java" NumEvents="3" CreationCount="271"/><InteractionEvent Delta="null" EndDate="2014-10-16 09:13:45.35 JST" Interest="23.634" Kind="propagation" Navigation="org.eclipse.mylyn.core.model.edges.containment" OriginId="org.eclipse.mylyn.core.model.interest.propagation" StartDate="2014-10-16 09:11:52.876 JST" StructureHandle="=IFM11/src&amp;lt;ifm11.main{ShowLogActv.java[ShowLogActv" StructureKind="java" NumEvents="32" CreationCount="173"/><InteractionEvent Delta="null" EndDate="2014-10-16 09:27:15.425 JST" Interest="11.434" Kind="propagation" Navigation="org.eclipse.mylyn.core.model.edges.containment" OriginId="org.eclipse.mylyn.core.model.interest.propagation" StartDate="2014-10-16 09:21:50.257 JST" StructureHandle="=TA2/src&amp;lt;ta2.adapters{Adp_ShowLogFile_List.java[Adp_ShowLogFile_List" StructureKind="java" NumEvents="15" CreationCount="420"/><InteractionEvent Delta="null" EndDate="2014-10-16 09:25:53.120 JST" Interest="3.0" Kind="propagation" Navigation="null" OriginId="org.eclipse.mylyn.resources.ui.interest.updater" StartDate="2014-10-16 09:25:53.116 JST" StructureHandle="/TA2/gen/ta2/main" StructureKind="resource" NumEvents="3" CreationCount="528"/><InteractionEvent Delta="null" EndDate="2014-10-16 09:16:50.399 JST" Interest="3.0" Kind="edit" Navigation="null" OriginId="org.eclipse.jdt.ui.CompilationUnitEditor" StartDate="2014-10-16 09:16:44.463 JST" StructureHandle="=TA2/src&amp;lt;ta2.utils{CONS.java[CONS[ShowLogActv" StructureKind="java" NumEvents="3" CreationCount="296"/><InteractionEvent Delta="null" EndDate="2014-10-16 09:16:39.763 JST" Interest="1.0" Kind="selection" Navigation="null" OriginId="org.eclipse.jdt.ui.CompilationUnitEditor" StartDate="2014-10-16 09:16:39.763 JST" StructureHandle="=TA2/src&amp;lt;ta2.utils{CONS.java[CONS[ShowLogActv" StructureKind="java"/><InteractionEvent Delta="null" EndDate="2014-10-16 09:11:11.111 JST" Interest="6.668" Kind="propagation" Navigation="org.eclipse.mylyn.core.model.edges.containment" OriginId="org.eclipse.mylyn.core.model.interest.propagation" StartDate="2014-10-16 09:11:00.307 JST" StructureHandle="=TA2/src&amp;lt;ta2.main{LogActv.java" StructureKind="java" NumEvents="11" CreationCount="132"/><InteractionEvent Delta="null" EndDate="2014-10-16 09:21:41.857 JST" Interest="3.0" Kind="selection" Navigation="null" OriginId="org.eclipse.jdt.ui.PackageExplorer" StartDate="2014-10-16 09:10:56.90 JST" StructureHandle="=TA2/src&amp;lt;ta2.main{LogActv.java" StructureKind="java" NumEvents="3" CreationCount="132"/><InteractionEvent Delta="null" EndDate="2014-10-16 09:25:53.119 JST" Interest="1.0" Kind="propagation" Navigation="null" OriginId="org.eclipse.mylyn.resources.ui.interest.updater" StartDate="2014-10-16 09:25:53.119 JST" StructureHandle="/TA2/gen/ta2/main/R.java" StructureKind="resource"/><InteractionEvent Delta="null" EndDate="2014-10-16 09:23:23.132 JST" Interest="22.0" Kind="propagation" Navigation="null" OriginId="org.eclipse.ui.views.ResourceNavigator" StartDate="2014-10-16 09:11:30.691 JST" StructureHandle="/IFM11/src/ifm11/main/LogActv.java" StructureKind="resource" NumEvents="22" CreationCount="155"/><InteractionEvent Delta="null" EndDate="2014-10-16 09:14:20.498 JST" Interest="5.0" Kind="edit" Navigation="null" OriginId="org.eclipse.jdt.ui.CompilationUnitEditor" StartDate="2014-10-16 09:14:12.896 JST" StructureHandle="=TA2/src&amp;lt;ta2.main{ShowLogActv.java[ShowLogActv~onOptionsItemSelected~QMenuItem;" StructureKind="java" NumEvents="5" CreationCount="225"/><InteractionEvent Delta="null" EndDate="2014-10-16 09:14:10.841 JST" Interest="1.0" Kind="selection" Navigation="null" OriginId="org.eclipse.jdt.ui.CompilationUnitEditor" StartDate="2014-10-16 09:14:10.841 JST" StructureHandle="=TA2/src&amp;lt;ta2.main{ShowLogActv.java[ShowLogActv~onOptionsItemSelected~QMenuItem;" StructureKind="java"/><InteractionEvent Delta="null" EndDate="2014-10-16 09:11:02.440 JST" Interest="4.0" Kind="selection" Navigation="null" OriginId="org.eclipse.jdt.ui.CompilationUnitEditor" StartDate="2014-10-16 09:10:57.723 JST" StructureHandle="=TA2/src&amp;lt;ta2.main{LogActv.java[LogActv~onCreate~QBundle;" StructureKind="java" NumEvents="4" CreationCount="134"/><InteractionEvent Delta="null" EndDate="2014-10-16 09:07:49.503 JST" Interest="12.0" Kind="edit" Navigation="null" OriginId="org.eclipse.jdt.ui.CompilationUnitEditor" StartDate="2014-10-16 09:06:24.486 JST" StructureHandle="=TA2/src&amp;lt;ta2.utils{Methods.java[Methods~start_Activity_ShowLogActv~QActivity;~QString;" StructureKind="java" NumEvents="12" CreationCount="87"/><InteractionEvent Delta="null" EndDate="2014-10-16 09:17:22.214 JST" Interest="4.0" Kind="selection" Navigation="null" OriginId="org.eclipse.jdt.ui.CompilationUnitEditor" StartDate="2014-10-16 09:06:23.280 JST" StructureHandle="=TA2/src&amp;lt;ta2.utils{Methods.java[Methods~start_Activity_ShowLogActv~QActivity;~QString;" StructureKind="java" NumEvents="4" CreationCount="87"/><InteractionEvent Delta="null" EndDate="2014-10-16 09:24:49.440 JST" Interest="5.0" Kind="edit" Navigation="null" OriginId="org.eclipse.jdt.ui.CompilationUnitEditor" StartDate="2014-10-16 09:22:17.836 JST" StructureHandle="=TA2/src&amp;lt;ta2.adapters{Adp_ShowLogFile_List.java[Adp_ShowLogFile_List~_getView__Date_Time~QView;~QLogItem;" StructureKind="java" NumEvents="5" CreationCount="428"/><InteractionEvent Delta="null" EndDate="2014-10-16 09:23:58.824 JST" Interest="4.0" Kind="selection" Navigation="null" OriginId="org.eclipse.ui.views.ContentOutline" StartDate="2014-10-16 09:22:17.156 JST" StructureHandle="=TA2/src&amp;lt;ta2.adapters{Adp_ShowLogFile_List.java[Adp_ShowLogFile_List~_getView__Date_Time~QView;~QLogItem;" StructureKind="java" NumEvents="4" CreationCount="428"/><InteractionEvent Delta="null" EndDate="2014-10-16 09:11:42.375 JST" Interest="4.0" Kind="selection" Navigation="null" OriginId="org.eclipse.jdt.ui.CompilationUnitEditor" StartDate="2014-10-16 09:11:32.457 JST" StructureHandle="=IFM11/src&amp;lt;ifm11.main{LogActv.java[LogActv~onCreate~QBundle;" StructureKind="java" NumEvents="4" CreationCount="158"/><InteractionEvent Delta="null" EndDate="2014-10-16 09:04:22.385 JST" Interest="1.0" Kind="selection" Navigation="null" OriginId="org.eclipse.jdt.ui.CompilationUnitEditor" StartDate="2014-10-16 09:04:22.385 JST" StructureHandle="=TA2/src&amp;lt;ta2.main{ShowLogActv.java#ifm11.adapters.Adp_LogFileList" StructureKind="java"/><InteractionEvent Delta="null" EndDate="2014-10-16 09:27:15.425 JST" Interest="6.4680004" Kind="propagation" Navigation="org.eclipse.mylyn.core.model.edges.containment" OriginId="org.eclipse.mylyn.core.model.interest.propagation" StartDate="2014-10-16 09:21:52.204 JST" StructureHandle="=TA2/src&amp;lt;ta2.adapters{Adp_ShowLogFile_List.java" StructureKind="java" NumEvents="12" CreationCount="418"/><InteractionEvent Delta="null" EndDate="2014-10-16 09:25:53.794 JST" Interest="5.0" Kind="selection" Navigation="null" OriginId="org.eclipse.jdt.ui.CompilationUnitEditor" StartDate="2014-10-16 09:21:46.352 JST" StructureHandle="=TA2/src&amp;lt;ta2.adapters{Adp_ShowLogFile_List.java" StructureKind="java" NumEvents="5" CreationCount="418"/><InteractionEvent Delta="null" EndDate="2014-10-16 09:25:29.804 JST" Interest="12.0" Kind="edit" Navigation="null" OriginId="com.android.ide.eclipse.editors.CommonXmlEditor" StartDate="2014-10-16 09:23:45.260 JST" StructureHandle="/TA2/res/layout/list_row_logitem.xml" StructureKind="resource" NumEvents="12" CreationCount="437"/><InteractionEvent Delta="null" EndDate="2014-10-16 09:25:41.754 JST" Interest="10.0" Kind="selection" Navigation="null" OriginId="com.android.ide.eclipse.editors.CommonXmlEditor" StartDate="2014-10-16 09:22:35.583 JST" StructureHandle="/TA2/res/layout/list_row_logitem.xml" StructureKind="resource" NumEvents="10" CreationCount="437"/><InteractionEvent Delta="null" EndDate="2014-10-16 09:18:57.747 JST" Interest="2.0" Kind="selection" Navigation="null" OriginId="org.eclipse.jdt.ui.CompilationUnitEditor" StartDate="2014-10-16 09:18:52.738 JST" StructureHandle="=TA2/src&amp;lt;ta2.utils{Methods.java[Methods~_build_LogItem_from_Matcher~QActivity;~QMatcher;" StructureKind="java" NumEvents="2" CreationCount="370"/><InteractionEvent Delta="null" EndDate="2014-10-16 09:25:53.121 JST" Interest="4.0" Kind="propagation" Navigation="null" OriginId="org.eclipse.mylyn.resources.ui.interest.updater" StartDate="2014-10-16 09:25:53.116 JST" StructureHandle="/TA2/gen/ta2" StructureKind="resource" NumEvents="4" CreationCount="528"/><InteractionEvent Delta="null" EndDate="2014-10-16 09:23:23.133 JST" Interest="153.0" Kind="propagation" Navigation="null" OriginId="org.eclipse.ui.views.ResourceNavigator" StartDate="2014-10-16 09:03:56.545 JST" StructureHandle="/IFM11/src" StructureKind="resource" NumEvents="153" CreationCount="1"/><InteractionEvent Delta="null" EndDate="2014-10-16 09:07:01.770 JST" Interest="1.0" Kind="propagation" Navigation="org.eclipse.mylyn.core.model.edges.containment" OriginId="org.eclipse.mylyn.core.model.interest.propagation" StartDate="2014-10-16 09:07:01.770 JST" StructureHandle="=TA2/src&amp;lt;ta2.utils{CONS.java[CONS[Intent" StructureKind="java"/><InteractionEvent Delta="null" EndDate="2014-10-16 09:07:06.231 JST" Interest="2.0" Kind="edit" Navigation="null" OriginId="org.eclipse.jdt.ui.CompilationUnitEditor" StartDate="2014-10-16 09:07:05.712 JST" StructureHandle="=TA2/src&amp;lt;ta2.utils{CONS.java[CONS[Intent" StructureKind="java" NumEvents="2" CreationCount="105"/><InteractionEvent Delta="null" EndDate="2014-10-16 09:07:04.858 JST" Interest="1.0" Kind="selection" Navigation="null" OriginId="org.eclipse.jdt.ui.CompilationUnitEditor" StartDate="2014-10-16 09:07:04.858 JST" StructureHandle="=TA2/src&amp;lt;ta2.utils{CONS.java[CONS[Intent" StructureKind="java"/><InteractionEvent Delta="null" EndDate="2014-10-16 09:21:39.198 JST" Interest="73.799" Kind="propagation" Navigation="org.eclipse.mylyn.core.model.edges.containment" OriginId="org.eclipse.mylyn.core.model.interest.propagation" StartDate="2014-10-16 09:04:09.750 JST" StructureHandle="/IFM11/src/ifm11" StructureKind="resource" NumEvents="79" CreationCount="6"/><InteractionEvent Delta="null" EndDate="2014-10-16 09:20:05.376 JST" Interest="1.0" Kind="selection" Navigation="null" OriginId="org.eclipse.jdt.ui.CompilationUnitEditor" StartDate="2014-10-16 09:20:05.376 JST" StructureHandle="=TA2/src&amp;lt;ta2.utils{Methods.java[Methods~get_LogItem_List~QActivity;" StructureKind="java"/><InteractionEvent Delta="null" EndDate="2014-10-16 09:20:43.724 JST" Interest="1.0" Kind="prediction" Navigation="null" OriginId="org.eclipse.mylyn.resources.ui.interest.updater" StartDate="2014-10-16 09:20:43.724 JST" StructureHandle="/TA2/bin/resources.ap_" StructureKind="resource"/><InteractionEvent Delta="null" EndDate="2014-10-16 09:23:23.133 JST" Interest="24.558002" Kind="propagation" Navigation="org.eclipse.mylyn.core.model.edges.containment" OriginId="org.eclipse.mylyn.core.model.interest.propagation" StartDate="2014-10-16 09:04:33.309 JST" StructureHandle="=IFM11/src" StructureKind="java" NumEvents="35" CreationCount="1"/><InteractionEvent Delta="null" EndDate="2014-10-16 09:04:08.356 JST" Interest="3.0" Kind="selection" Navigation="null" OriginId="org.eclipse.ui.views.ResourceNavigator" StartDate="2014-10-16 09:03:56.545 JST" StructureHandle="=IFM11/src" StructureKind="java" NumEvents="3" CreationCount="1"/><InteractionEvent Delta="null" EndDate="2014-10-16 09:25:40.70 JST" Interest="18.234001" Kind="propagation" Navigation="org.eclipse.mylyn.core.model.edges.containment" OriginId="org.eclipse.mylyn.core.model.interest.propagation" StartDate="2014-10-16 09:23:56.524 JST" StructureHandle="/TA2/res/values" StructureKind="resource" NumEvents="25" CreationCount="457"/><InteractionEvent Delta="null" EndDate="2014-10-16 09:23:54.558 JST" Interest="1.0" Kind="selection" Navigation="null" OriginId="org.eclipse.jdt.ui.PackageExplorer" StartDate="2014-10-16 09:23:54.558 JST" StructureHandle="/TA2/res/values" StructureKind="resource"/><InteractionEvent Delta="null" EndDate="2014-10-16 09:11:25.759 JST" Interest="2.0" Kind="selection" Navigation="null" OriginId="org.eclipse.ui.views.ResourceNavigator" StartDate="2014-10-16 09:11:25.757 JST" StructureHandle="=IFM11/src&amp;lt;ifm11.main{PrefActv.java" StructureKind="java" NumEvents="2" CreationCount="153"/><InteractionEvent Delta="null" EndDate="2014-10-16 09:15:24.752 JST" Interest="2.0" Kind="selection" Navigation="null" OriginId="org.eclipse.jdt.ui.CompilationUnitEditor" StartDate="2014-10-16 09:15:18.542 JST" StructureHandle="=TA2/src&amp;lt;ta2.utils{Tags.java[Tags[ButtonTags^ACTV_SHOWLOG_IB_BOTTOM" StructureKind="java" NumEvents="2" CreationCount="257"/><InteractionEvent Delta="null" EndDate="2014-10-16 09:15:36.449 JST" Interest="1.0" Kind="selection" Navigation="null" OriginId="org.eclipse.jdt.ui.CompilationUnitEditor" StartDate="2014-10-16 09:15:36.449 JST" StructureHandle="=TA2/src&amp;lt;ta2.utils{Tags.java[Tags[ButtonTags^ACTV_SHOWLOG_IB_UP" StructureKind="java"/><InteractionEvent Delta="null" EndDate="2014-10-16 09:13:20.837 JST" Interest="1.0" Kind="prediction" Navigation="null" OriginId="org.eclipse.mylyn.resources.ui.interest.updater" StartDate="2014-10-16 09:13:20.837 JST" StructureHandle="/IFM11/bin/resources.ap_" StructureKind="resource"/><InteractionEvent Delta="null" EndDate="2014-10-16 09:19:26.498 JST" Interest="2.017" Kind="propagation" Navigation="org.eclipse.mylyn.core.model.edges.containment" OriginId="org.eclipse.mylyn.core.model.interest.propagation" StartDate="2014-10-16 09:19:25.717 JST" StructureHandle="=IFM11/src&amp;lt;ifm11.listeners.button" StructureKind="java" NumEvents="3" CreationCount="382"/><InteractionEvent Delta="null" EndDate="2014-10-16 09:16:22.268 JST" Interest="1.0" Kind="selection" Navigation="null" OriginId="org.eclipse.jdt.ui.CompilationUnitEditor" StartDate="2014-10-16 09:16:22.268 JST" StructureHandle="=IFM11/src&amp;lt;ifm11.utils{CONS.java[CONS[ShowLogActv" StructureKind="java"/><InteractionEvent Delta="null" EndDate="2014-10-16 09:19:26.497 JST" Interest="3.0" Kind="propagation" Navigation="null" OriginId="org.eclipse.jdt.ui.CompilationUnitEditor" StartDate="2014-10-16 09:19:25.717 JST" StructureHandle="/IFM11/src/ifm11/listeners/button/BO_CL.java" StructureKind="resource" NumEvents="3" CreationCount="382"/><InteractionEvent Delta="null" EndDate="2014-10-16 09:26:19.978 JST" Interest="1.0" Kind="propagation" Navigation="null" OriginId="org.eclipse.mylyn.resources.ui.interest.updater" StartDate="2014-10-16 09:26:19.978 JST" StructureHandle="/TA2/bin/dexedLibs/annotations-d288b20aa2286e3172641d3161bdbc70.jar" StructureKind="resource"/><InteractionEvent Delta="null" EndDate="2014-10-16 09:16:10.476 JST" Interest="25.439001" Kind="propagation" Navigation="org.eclipse.mylyn.core.model.edges.containment" OriginId="org.eclipse.mylyn.core.model.interest.propagation" StartDate="2014-10-16 09:04:13.78 JST" StructureHandle="=IFM11/src&amp;lt;ifm11.main" StructureKind="java" NumEvents="37" CreationCount="8"/><InteractionEvent Delta="null" EndDate="2014-10-16 09:04:11.129 JST" Interest="2.0" Kind="selection" Navigation="null" OriginId="org.eclipse.ui.views.ResourceNavigator" StartDate="2014-10-16 09:04:11.127 JST" StructureHandle="=IFM11/src&amp;lt;ifm11.main" StructureKind="java" NumEvents="2" CreationCount="8"/><InteractionEvent Delta="null" EndDate="2014-10-16 09:04:57.375 JST" Interest="1.0" Kind="selection" Navigation="null" OriginId="org.eclipse.jdt.ui.CompilationUnitEditor" StartDate="2014-10-16 09:04:57.375 JST" StructureHandle="=TA2/src&amp;lt;ta2.main{ShowLogActv.java[ShowLogActv~do_debug" StructureKind="java"/><InteractionEvent Delta="null" EndDate="2014-10-16 09:11:24.65 JST" Interest="3.0" Kind="selection" Navigation="null" OriginId="org.eclipse.ui.views.ResourceNavigator" StartDate="2014-10-16 09:07:26.495 JST" StructureHandle="=IFM11/src&amp;lt;ifm11.utils{Methods_dlg.java" StructureKind="java" NumEvents="3" CreationCount="116"/><InteractionEvent Delta="null" EndDate="2014-10-16 09:21:41.858 JST" Interest="18.0" Kind="propagation" Navigation="null" OriginId="org.eclipse.jdt.ui.PackageExplorer" StartDate="2014-10-16 09:10:56.90 JST" StructureHandle="/TA2/src/ta2/main/LogActv.java" StructureKind="resource" NumEvents="18" CreationCount="132"/><InteractionEvent Delta="null" EndDate="2014-10-16 09:25:53.114 JST" Interest="1.0" Kind="propagation" Navigation="null" OriginId="org.eclipse.mylyn.resources.ui.interest.updater" StartDate="2014-10-16 09:25:53.114 JST" StructureHandle="/TA2/gen/ta2/main/BuildConfig.java" StructureKind="resource"/><InteractionEvent Delta="null" EndDate="2014-10-16 09:20:19.887 JST" Interest="32.910004" Kind="propagation" Navigation="org.eclipse.mylyn.core.model.edges.containment" OriginId="org.eclipse.mylyn.core.model.interest.propagation" StartDate="2014-10-16 09:04:17.471 JST" StructureHandle="=TA2/src&amp;lt;ta2.main" StructureKind="java" NumEvents="49" CreationCount="4"/><InteractionEvent Delta="null" EndDate="2014-10-16 09:04:14.852 JST" Interest="2.0" Kind="selection" Navigation="null" OriginId="org.eclipse.jdt.ui.PackageExplorer" StartDate="2014-10-16 09:04:01.565 JST" StructureHandle="=TA2/src&amp;lt;ta2.main" StructureKind="java" NumEvents="2" CreationCount="4"/><InteractionEvent Delta="null" EndDate="2014-10-16 09:21:39.198 JST" Interest="74.0" Kind="propagation" Navigation="null" OriginId="org.eclipse.ui.views.ResourceNavigator" StartDate="2014-10-16 09:05:34.482 JST" StructureHandle="/IFM11/src/ifm11/utils" StructureKind="resource" NumEvents="74" CreationCount="53"/><InteractionEvent Delta="null" EndDate="2014-10-16 09:12:05.818 JST" Interest="4.0" Kind="selection" Navigation="null" OriginId="org.eclipse.jdt.ui.CompilationUnitEditor" StartDate="2014-10-16 09:11:52.875 JST" StructureHandle="=IFM11/src&amp;lt;ifm11.main{ShowLogActv.java[ShowLogActv~onCreate~QBundle;" StructureKind="java" NumEvents="4" CreationCount="173"/><InteractionEvent Delta="null" EndDate="2014-10-16 09:25:50.423 JST" Interest="1.0" Kind="propagation" Navigation="null" OriginId="org.eclipse.mylyn.resources.ui.interest.updater" StartDate="2014-10-16 09:25:50.423 JST" StructureHandle="/TA2/bin/AndroidManifest.xml" StructureKind="resource"/><InteractionEvent Delta="null" EndDate="2014-10-16 09:07:44.981 JST" Interest="1.0" Kind="prediction" Navigation="null" OriginId="org.eclipse.mylyn.resources.ui.interest.updater" StartDate="2014-10-16 09:07:44.981 JST" StructureHandle="/TA2/bin/AndroidManifest.xml" StructureKind="resource"/><InteractionEvent Delta="null" EndDate="2014-10-16 09:15:36.450 JST" Interest="14.0" Kind="propagation" Navigation="null" OriginId="org.eclipse.jdt.ui.CompilationUnitEditor" StartDate="2014-10-16 09:14:43.896 JST" StructureHandle="/TA2/src/ta2/utils/Tags.java" StructureKind="resource" NumEvents="14" CreationCount="236"/><InteractionEvent Delta="null" EndDate="2014-10-16 09:15:35.669 JST" Interest="2.4250002" Kind="propagation" Navigation="org.eclipse.mylyn.core.model.edges.containment" OriginId="org.eclipse.mylyn.core.model.interest.propagation" StartDate="2014-10-16 09:14:44.783 JST" StructureHandle="=TA2/src&amp;lt;ta2.utils{Tags.java[Tags" StructureKind="java" NumEvents="5" CreationCount="237"/><InteractionEvent Delta="null" EndDate="2014-10-16 09:19:26.497 JST" Interest="2.0" Kind="selection" Navigation="null" OriginId="org.eclipse.jdt.ui.CompilationUnitEditor" StartDate="2014-10-16 09:19:26.494 JST" StructureHandle="=IFM11/src&amp;lt;ifm11.listeners.button{BO_CL.java[BO_CL~case_ACTV_SHOWLOG_IB_BOTTOM" StructureKind="java" NumEvents="2" CreationCount="383"/><InteractionEvent Delta="null" EndDate="2014-10-16 09:11:43.558 JST" Interest="2.885" Kind="propagation" Navigation="org.eclipse.mylyn.core.model.edges.containment" OriginId="org.eclipse.mylyn.core.model.interest.propagation" StartDate="2014-10-16 09:11:42.374 JST" StructureHandle="=IFM11/src&amp;lt;ifm11.main{LogActv.java" StructureKind="java" NumEvents="6" CreationCount="155"/><InteractionEvent Delta="null" EndDate="2014-10-16 09:23:23.132 JST" Interest="9.0" Kind="selection" Navigation="null" OriginId="org.eclipse.ui.views.ResourceNavigator" StartDate="2014-10-16 09:11:30.691 JST" StructureHandle="=IFM11/src&amp;lt;ifm11.main{LogActv.java" StructureKind="java" NumEvents="9" CreationCount="155"/><InteractionEvent Delta="null" EndDate="2014-10-16 09:14:07.455 JST" Interest="4.0" Kind="edit" Navigation="null" OriginId="org.eclipse.jdt.ui.CompilationUnitEditor" StartDate="2014-10-16 09:14:02.252 JST" StructureHandle="=TA2/src&amp;lt;ta2.main{ShowLogActv.java[ShowLogActv~onCreateOptionsMenu~QMenu;" StructureKind="java" NumEvents="4" CreationCount="220"/><InteractionEvent Delta="null" EndDate="2014-10-16 09:14:01.680 JST" Interest="1.0" Kind="selection" Navigation="null" OriginId="org.eclipse.jdt.ui.CompilationUnitEditor" StartDate="2014-10-16 09:14:01.680 JST" StructureHandle="=TA2/src&amp;lt;ta2.main{ShowLogActv.java[ShowLogActv~onCreateOptionsMenu~QMenu;" StructureKind="java"/><InteractionEvent Delta="null" EndDate="2014-10-16 09:20:05.378 JST" Interest="28.608" Kind="propagation" Navigation="org.eclipse.mylyn.core.model.edges.containment" OriginId="org.eclipse.mylyn.core.model.interest.propagation" StartDate="2014-10-16 09:05:47.929 JST" StructureHandle="=TA2/src&amp;lt;ta2.utils" StructureKind="java" NumEvents="38" CreationCount="63"/><InteractionEvent Delta="null" EndDate="2014-10-16 09:19:26.498 JST" Interest="3.0" Kind="propagation" Navigation="org.eclipse.mylyn.core.model.edges.containment" OriginId="org.eclipse.mylyn.core.model.interest.propagation" StartDate="2014-10-16 09:19:25.717 JST" StructureHandle="/IFM11/src/ifm11/listeners" StructureKind="resource" NumEvents="3" CreationCount="382"/><InteractionEvent Delta="null" EndDate="2014-10-16 09:15:35.668 JST" Interest="2.0" Kind="selection" Navigation="null" OriginId="org.eclipse.jdt.ui.CompilationUnitEditor" StartDate="2014-10-16 09:15:25.490 JST" StructureHandle="=TA2/src&amp;lt;ta2.utils{Tags.java[Tags[ButtonTags^ACTV_SHOWLOG_IB_DOWN" StructureKind="java" NumEvents="2" CreationCount="262"/><InteractionEvent Delta="null" EndDate="2014-10-16 09:25:53.113 JST" Interest="1.0" Kind="propagation" Navigation="null" OriginId="org.eclipse.mylyn.resources.ui.interest.updater" StartDate="2014-10-16 09:25:53.113 JST" StructureHandle="=TA2/gen&amp;lt;ta2.main{BuildConfig.java" StructureKind="java"/><InteractionEvent Delta="null" EndDate="2014-10-16 09:05:29.622 JST" Interest="2.0" Kind="selection" Navigation="null" OriginId="org.eclipse.ui.views.ResourceNavigator" StartDate="2014-10-16 09:05:29.621 JST" StructureHandle="/IFM11/res/layout/dlg_tmpl_cancel_lv_with_btn.xml" StructureKind="resource" NumEvents="2" CreationCount="49"/><InteractionEvent Delta="null" EndDate="2014-10-16 09:13:57.652 JST" Interest="14.073999" Kind="propagation" Navigation="org.eclipse.mylyn.core.model.edges.containment" OriginId="org.eclipse.mylyn.core.model.interest.propagation" StartDate="2014-10-16 09:04:16.267 JST" StructureHandle="=TA2/src&amp;lt;ta2.main{ShowLogActv.java" StructureKind="java" NumEvents="21" CreationCount="12"/><InteractionEvent Delta="null" EndDate="2014-10-16 09:04:27.666 JST" Interest="1.0" Kind="edit" Navigation="null" OriginId="org.eclipse.jdt.ui.CompilationUnitEditor" StartDate="2014-10-16 09:04:27.666 JST" StructureHandle="=TA2/src&amp;lt;ta2.main{ShowLogActv.java" StructureKind="java"/><InteractionEvent Delta="null" EndDate="2014-10-16 09:20:18.215 JST" Interest="20.0" Kind="selection" Navigation="null" OriginId="org.eclipse.jdt.ui.CompilationUnitEditor" StartDate="2014-10-16 09:04:17.471 JST" StructureHandle="=TA2/src&amp;lt;ta2.main{ShowLogActv.java" StructureKind="java" NumEvents="20" CreationCount="12"/><InteractionEvent Delta="null" EndDate="2014-10-16 09:25:53.113 JST" Interest="1.0" Kind="propagation" Navigation="null" OriginId="org.eclipse.mylyn.resources.ui.interest.updater" StartDate="2014-10-16 09:25:53.113 JST" StructureHandle="=TA2/gen&amp;lt;ta2.main{R.java" StructureKind="java"/><InteractionEvent Delta="null" EndDate="2014-10-16 09:19:01.266 JST" Interest="19.734001" Kind="propagation" Navigation="org.eclipse.mylyn.core.model.edges.containment" OriginId="org.eclipse.mylyn.core.model.interest.propagation" StartDate="2014-10-16 09:05:36.469 JST" StructureHandle="=IFM11/src&amp;lt;ifm11.utils" StructureKind="java" NumEvents="24" CreationCount="53"/><InteractionEvent Delta="null" EndDate="2014-10-16 09:19:22.696 JST" Interest="3.0" Kind="selection" Navigation="null" OriginId="org.eclipse.search.ui.views.SearchView" StartDate="2014-10-16 09:05:34.481 JST" StructureHandle="=IFM11/src&amp;lt;ifm11.utils" StructureKind="java" NumEvents="3" CreationCount="53"/><InteractionEvent Delta="null" EndDate="2014-10-16 09:17:18.775 JST" Interest="1.0" Kind="edit" Navigation="null" OriginId="org.eclipse.jdt.ui.CompilationUnitEditor" StartDate="2014-10-16 09:17:18.775 JST" StructureHandle="=IFM11/src&amp;lt;ifm11.utils{Methods.java[Methods~get_LogLines~QActivity;~QString;" StructureKind="java"/><InteractionEvent Delta="null" EndDate="2014-10-16 09:17:21.406 JST" Interest="2.0" Kind="selection" Navigation="null" OriginId="org.eclipse.jdt.ui.CompilationUnitEditor" StartDate="2014-10-16 09:17:16.935 JST" StructureHandle="=IFM11/src&amp;lt;ifm11.utils{Methods.java[Methods~get_LogLines~QActivity;~QString;" StructureKind="java" NumEvents="2" CreationCount="315"/><InteractionEvent Delta="null" EndDate="2014-10-16 09:26:19.979 JST" Interest="1.0" Kind="propagation" Navigation="null" OriginId="org.eclipse.mylyn.resources.ui.interest.updater" StartDate="2014-10-16 09:26:19.979 JST" StructureHandle="/TA2/bin/dexedLibs/twitter4j-core-android-2.2.6-796701d8192f6e7dc926b1fe5727c893.jar" StructureKind="resource"/><InteractionEvent Delta="null" EndDate="2014-10-16 09:26:19.978 JST" Interest="1.0" Kind="propagation" Navigation="null" OriginId="org.eclipse.mylyn.resources.ui.interest.updater" StartDate="2014-10-16 09:26:19.978 JST" StructureHandle="/TA2/bin/dexedLibs/commons-net-3.3-8fd943db0e7f4cec18e60738e70ce092.jar" StructureKind="resource"/><InteractionEvent Delta="null" EndDate="2014-10-16 09:05:55.236 JST" Interest="1.0" Kind="edit" Navigation="null" OriginId="org.eclipse.jdt.ui.CompilationUnitEditor" StartDate="2014-10-16 09:05:55.236 JST" StructureHandle="=IFM11/src&amp;lt;ifm11.utils{Methods.java" StructureKind="java"/><InteractionEvent Delta="null" EndDate="2014-10-16 09:19:40.566 JST" Interest="22.0" Kind="selection" Navigation="null" OriginId="org.eclipse.jdt.ui.CompilationUnitEditor" StartDate="2014-10-16 09:05:36.467 JST" StructureHandle="=IFM11/src&amp;lt;ifm11.utils{Methods.java" StructureKind="java" NumEvents="22" CreationCount="55"/><InteractionEvent Delta="null" EndDate="2014-10-16 09:25:16.958 JST" Interest="21.45" Kind="propagation" Navigation="org.eclipse.mylyn.core.model.edges.containment" OriginId="org.eclipse.mylyn.core.model.interest.propagation" StartDate="2014-10-16 09:04:37.817 JST" StructureHandle="/IFM11/res" StructureKind="resource" NumEvents="29" CreationCount="20"/><InteractionEvent Delta="null" EndDate="2014-10-16 09:04:35.944 JST" Interest="2.0" Kind="selection" Navigation="null" OriginId="org.eclipse.ui.views.ResourceNavigator" StartDate="2014-10-16 09:04:35.944 JST" StructureHandle="/IFM11/res" StructureKind="resource" NumEvents="2" CreationCount="20"/><InteractionEvent Delta="null" EndDate="2014-10-16 09:06:53.217 JST" Interest="1.7170002" Kind="propagation" Navigation="org.eclipse.mylyn.core.model.edges.containment" OriginId="org.eclipse.mylyn.core.model.interest.propagation" StartDate="2014-10-16 09:06:47.872 JST" StructureHandle="=IFM11/src&amp;lt;ifm11.utils{CONS.java" StructureKind="java" NumEvents="3" CreationCount="97"/><InteractionEvent Delta="null" EndDate="2014-10-16 09:16:13.541 JST" Interest="0.34299994" Kind="manipulation" Navigation="null" OriginId="org.eclipse.mylyn.core.model.interest.decay.correction" StartDate="2014-10-16 09:16:13.541 JST" StructureHandle="=IFM11/src&amp;lt;ifm11.utils{CONS.java" StructureKind="java"/><InteractionEvent Delta="null" EndDate="2014-10-16 09:21:39.198 JST" Interest="6.0" Kind="selection" Navigation="null" OriginId="org.eclipse.ui.views.ResourceNavigator" StartDate="2014-10-16 09:06:47.119 JST" StructureHandle="=IFM11/src&amp;lt;ifm11.utils{CONS.java" StructureKind="java" NumEvents="6" CreationCount="97"/><InteractionEvent Delta="null" EndDate="2014-10-16 09:19:26.498 JST" Interest="1.017" Kind="propagation" Navigation="org.eclipse.mylyn.core.model.edges.containment" OriginId="org.eclipse.mylyn.core.model.interest.propagation" StartDate="2014-10-16 09:19:26.495 JST" StructureHandle="=IFM11/src&amp;lt;ifm11.listeners.button{BO_CL.java" StructureKind="java" NumEvents="2" CreationCount="382"/><InteractionEvent Delta="null" EndDate="2014-10-16 09:19:25.717 JST" Interest="1.0" Kind="selection" Navigation="null" OriginId="org.eclipse.jdt.ui.CompilationUnitEditor" StartDate="2014-10-16 09:19:25.717 JST" StructureHandle="=IFM11/src&amp;lt;ifm11.listeners.button{BO_CL.java" StructureKind="java"/><InteractionEvent Delta="null" EndDate="2014-10-16 09:25:53.119 JST" Interest="2.0" Kind="propagation" Navigation="org.eclipse.mylyn.core.model.edges.containment" OriginId="org.eclipse.mylyn.core.model.interest.propagation" StartDate="2014-10-16 09:25:53.117 JST" StructureHandle="=TA2/gen" StructureKind="java" NumEvents="2" CreationCount="528"/><InteractionEvent Delta="null" EndDate="2014-10-16 09:05:28.709 JST" Interest="3.0" Kind="selection" Navigation="null" OriginId="org.eclipse.ui.views.ResourceNavigator" StartDate="2014-10-16 09:04:39.635 JST" StructureHandle="/IFM11/res/layout/actv_showlog.xml" StructureKind="resource" NumEvents="3" CreationCount="24"/><InteractionEvent Delta="null" EndDate="2014-10-16 09:13:20.837 JST" Interest="1.0" Kind="prediction" Navigation="null" OriginId="org.eclipse.mylyn.resources.ui.interest.updater" StartDate="2014-10-16 09:13:20.837 JST" StructureHandle="/IFM11/bin/classes.dex" StructureKind="resource"/><InteractionEvent Delta="null" EndDate="2014-10-16 09:11:24.66 JST" Interest="3.0" Kind="propagation" Navigation="null" OriginId="org.eclipse.ui.views.ResourceNavigator" StartDate="2014-10-16 09:07:26.495 JST" StructureHandle="/IFM11/src/ifm11/utils/Methods_dlg.java" StructureKind="resource" NumEvents="3" CreationCount="116"/><InteractionEvent Delta="null" EndDate="2014-10-16 09:27:15.426 JST" Interest="276.017" Kind="propagation" Navigation="null" OriginId="org.eclipse.jdt.ui.CompilationUnitEditor" StartDate="2014-10-16 09:03:58.810 JST" StructureHandle="/TA2/src" StructureKind="resource" NumEvents="278" CreationCount="3"/><InteractionEvent Delta="null" EndDate="2014-10-16 09:19:26.498 JST" Interest="3.0" Kind="propagation" Navigation="org.eclipse.mylyn.core.model.edges.containment" OriginId="org.eclipse.mylyn.core.model.interest.propagation" StartDate="2014-10-16 09:19:25.717 JST" StructureHandle="/IFM11/src/ifm11/listeners/button" StructureKind="resource" NumEvents="3" CreationCount="382"/><InteractionEvent Delta="null" EndDate="2014-10-16 09:27:15.425 JST" Interest="275.017" Kind="propagation" Navigation="org.eclipse.mylyn.core.model.edges.containment" OriginId="org.eclipse.mylyn.core.model.interest.propagation" StartDate="2014-10-16 09:03:58.810 JST" StructureHandle="=TA2" StructureKind="resource" NumEvents="278" CreationCount="3"/><InteractionEvent Delta="null" EndDate="2014-10-16 09:13:45.35 JST" Interest="20.405" Kind="propagation" Navigation="org.eclipse.mylyn.core.model.edges.containment" OriginId="org.eclipse.mylyn.core.model.interest.propagation" StartDate="2014-10-16 09:12:05.819 JST" StructureHandle="=IFM11/src&amp;lt;ifm11.main{ShowLogActv.java" StructureKind="java" NumEvents="29" CreationCount="10"/><InteractionEvent Delta="null" EndDate="2014-10-16 09:16:10.476 JST" Interest="7.0" Kind="selection" Navigation="null" OriginId="org.eclipse.ui.views.ResourceNavigator" StartDate="2014-10-16 09:04:13.75 JST" StructureHandle="=IFM11/src&amp;lt;ifm11.main{ShowLogActv.java" StructureKind="java" NumEvents="7" CreationCount="10"/><InteractionEvent Delta="null" EndDate="2014-10-16 09:25:16.958 JST" Interest="14.0" Kind="edit" Navigation="null" OriginId="com.android.ide.eclipse.editors.CommonXmlEditor" StartDate="2014-10-16 09:24:09.937 JST" StructureHandle="/IFM11/res/values/styles.xml" StructureKind="resource" NumEvents="14" CreationCount="470"/><InteractionEvent Delta="null" EndDate="2014-10-16 09:25:09.360 JST" Interest="6.0" Kind="selection" Navigation="null" OriginId="com.android.ide.eclipse.editors.CommonXmlEditor" StartDate="2014-10-16 09:24:09.549 JST" StructureHandle="/IFM11/res/values/styles.xml" StructureKind="resource" NumEvents="6" CreationCount="470"/><InteractionEvent Delta="null" EndDate="2014-10-16 09:13:57.651 JST" Interest="22.0" Kind="edit" Navigation="null" OriginId="org.eclipse.jdt.ui.CompilationUnitEditor" StartDate="2014-10-16 09:05:00.999 JST" StructureHandle="=TA2/src&amp;lt;ta2.main{ShowLogActv.java[ShowLogActv~onListItemClick~QListView;~QView;~I~J" StructureKind="java" NumEvents="22" CreationCount="34"/><InteractionEvent Delta="null" EndDate="2014-10-16 09:13:47.217 JST" Interest="8.0" Kind="selection" Navigation="null" OriginId="org.eclipse.jdt.ui.CompilationUnitEditor" StartDate="2014-10-16 09:04:59.106 JST" StructureHandle="=TA2/src&amp;lt;ta2.main{ShowLogActv.java[ShowLogActv~onListItemClick~QListView;~QView;~I~J" StructureKind="java" NumEvents="8" CreationCount="34"/><InteractionEvent Delta="null" EndDate="2014-10-16 09:04:22.385 JST" Interest="1.0" Kind="propagation" Navigation="org.eclipse.mylyn.core.model.edges.containment" OriginId="org.eclipse.mylyn.core.model.interest.propagation" StartDate="2014-10-16 09:04:22.385 JST" StructureHandle="=TA2/src&amp;lt;ta2.main{ShowLogActv.java#" StructureKind="java"/><InteractionEvent Delta="null" EndDate="2014-10-16 09:04:25.328 JST" Interest="1.0" Kind="selection" Navigation="null" OriginId="org.eclipse.jdt.ui.CompilationUnitEditor" StartDate="2014-10-16 09:04:25.328 JST" StructureHandle="=TA2/src&amp;lt;ta2.main{ShowLogActv.java#" StructureKind="java"/><InteractionEvent Delta="null" EndDate="2014-10-16 09:07:06.231 JST" Interest="3.4" Kind="propagation" Navigation="org.eclipse.mylyn.core.model.edges.containment" OriginId="org.eclipse.mylyn.core.model.interest.propagation" StartDate="2014-10-16 09:07:01.770 JST" StructureHandle="=TA2/src&amp;lt;ta2.utils{CONS.java[CONS" StructureKind="java" NumEvents="5" CreationCount="105"/><InteractionEvent Delta="null" EndDate="2014-10-16 09:16:32.661 JST" Interest="3.0" Kind="edit" Navigation="null" OriginId="org.eclipse.jdt.ui.CompilationUnitEditor" StartDate="2014-10-16 09:16:28.602 JST" StructureHandle="=TA2/src&amp;lt;ta2.utils{CONS.java[CONS" StructureKind="java" NumEvents="3" CreationCount="105"/><InteractionEvent Delta="null" EndDate="2014-10-16 09:16:38.694 JST" Interest="4.0" Kind="selection" Navigation="null" OriginId="org.eclipse.jdt.ui.CompilationUnitEditor" StartDate="2014-10-16 09:15:56.428 JST" StructureHandle="=TA2/src&amp;lt;ta2.utils{CONS.java[CONS" StructureKind="java" NumEvents="4" CreationCount="105"/><InteractionEvent Delta="null" EndDate="2014-10-16 09:18:11.78 JST" Interest="4.539" Kind="propagation" Navigation="org.eclipse.mylyn.core.model.edges.containment" OriginId="org.eclipse.mylyn.core.model.interest.propagation" StartDate="2014-10-16 09:17:31.797 JST" StructureHandle="=TA2/src&amp;lt;ta2.utils{Methods.java#" StructureKind="java" NumEvents="2" CreationCount="84"/><InteractionEvent Delta="null" EndDate="2014-10-16 09:20:00.939 JST" Interest="2.0" Kind="selection" Navigation="null" OriginId="org.eclipse.jdt.ui.CompilationUnitEditor" StartDate="2014-10-16 09:06:17.565 JST" StructureHandle="=TA2/src&amp;lt;ta2.utils{Methods.java#" StructureKind="java" NumEvents="2" CreationCount="84"/><InteractionEvent Delta="null" EndDate="2014-10-16 09:11:25.759 JST" Interest="2.0" Kind="propagation" Navigation="null" OriginId="org.eclipse.ui.views.ResourceNavigator" StartDate="2014-10-16 09:11:25.758 JST" StructureHandle="/IFM11/src/ifm11/main/PrefActv.java" StructureKind="resource" NumEvents="2" CreationCount="153"/><InteractionEvent Delta="null" EndDate="2014-10-16 09:16:21.240 JST" Interest="3.1620002" Kind="propagation" Navigation="org.eclipse.mylyn.core.model.edges.containment" OriginId="org.eclipse.mylyn.core.model.interest.propagation" StartDate="2014-10-16 09:06:47.872 JST" StructureHandle="=IFM11/src&amp;lt;ifm11.utils{CONS.java[CONS[Intent" StructureKind="java" NumEvents="3" CreationCount="98"/><InteractionEvent Delta="null" EndDate="2014-10-16 09:06:53.216 JST" Interest="1.0" Kind="selection" Navigation="null" OriginId="org.eclipse.jdt.ui.CompilationUnitEditor" StartDate="2014-10-16 09:06:53.216 JST" StructureHandle="=IFM11/src&amp;lt;ifm11.utils{CONS.java[CONS[Intent" StructureKind="java"/><InteractionEvent Delta="null" EndDate="2014-10-16 09:20:43.724 JST" Interest="1.0" Kind="prediction" Navigation="null" OriginId="org.eclipse.mylyn.resources.ui.interest.updater" StartDate="2014-10-16 09:20:43.724 JST" StructureHandle="/TA2/bin/classes.dex" StructureKind="resource"/><InteractionEvent Delta="null" EndDate="2014-10-16 09:15:39.542 JST" Interest="11.0" Kind="edit" Navigation="null" OriginId="org.eclipse.jdt.ui.CompilationUnitEditor" StartDate="2014-10-16 09:14:29.192 JST" StructureHandle="=TA2/src&amp;lt;ta2.main{ShowLogActv.java[ShowLogActv~_Setup_SetListeners_Navigation" StructureKind="java" NumEvents="11" CreationCount="231"/><InteractionEvent Delta="null" EndDate="2014-10-16 09:15:37.858 JST" Interest="7.0" Kind="selection" Navigation="null" OriginId="org.eclipse.jdt.ui.CompilationUnitEditor" StartDate="2014-10-16 09:14:27.55 JST" StructureHandle="=TA2/src&amp;lt;ta2.main{ShowLogActv.java[ShowLogActv~_Setup_SetListeners_Navigation" StructureKind="java" NumEvents="7" CreationCount="231"/><InteractionEvent Delta="null" EndDate="2014-10-16 09:27:15.426 JST" Interest="10.502" Kind="propagation" Navigation="org.eclipse.mylyn.core.model.edges.containment" OriginId="org.eclipse.mylyn.core.model.interest.propagation" StartDate="2014-10-16 09:21:45.408 JST" StructureHandle="=TA2/src&amp;lt;ta2.adapters" StructureKind="java" NumEvents="24" CreationCount="416"/><InteractionEvent Delta="null" EndDate="2014-10-16 09:21:43.113 JST" Interest="1.0" Kind="selection" Navigation="null" OriginId="org.eclipse.jdt.ui.PackageExplorer" StartDate="2014-10-16 09:21:43.113 JST" StructureHandle="=TA2/src&amp;lt;ta2.adapters" StructureKind="java"/><InteractionEvent Delta="null" EndDate="2014-10-16 09:13:57.651 JST" Interest="23.671999" Kind="propagation" Navigation="org.eclipse.mylyn.core.model.edges.containment" OriginId="org.eclipse.mylyn.core.model.interest.propagation" StartDate="2014-10-16 09:04:31.143 JST" StructureHandle="=TA2/src&amp;lt;ta2.main{ShowLogActv.java[ShowLogActv" StructureKind="java" NumEvents="30" CreationCount="18"/><InteractionEvent Delta="null" EndDate="2014-10-16 09:23:23.133 JST" Interest="71.0" Kind="propagation" Navigation="null" OriginId="org.eclipse.ui.views.ResourceNavigator" StartDate="2014-10-16 09:04:11.128 JST" StructureHandle="/IFM11/src/ifm11/main" StructureKind="resource" NumEvents="71" CreationCount="8"/><InteractionEvent Delta="null" EndDate="2014-10-16 09:25:40.70 JST" Interest="25.527002" Kind="propagation" Navigation="org.eclipse.mylyn.core.model.edges.containment" OriginId="org.eclipse.mylyn.core.model.interest.propagation" StartDate="2014-10-16 09:04:51.740 JST" StructureHandle="/TA2/res" StructureKind="resource" NumEvents="31" CreationCount="28"/><InteractionEvent Delta="null" EndDate="2014-10-16 09:04:48.940 JST" Interest="1.0" Kind="selection" Navigation="null" OriginId="org.eclipse.jdt.ui.PackageExplorer" StartDate="2014-10-16 09:04:48.940 JST" StructureHandle="/TA2/res" StructureKind="resource"/><InteractionEvent Delta="null" EndDate="2014-10-16 09:15:17.805 JST" Interest="2.0" Kind="selection" Navigation="null" OriginId="org.eclipse.jdt.ui.CompilationUnitEditor" StartDate="2014-10-16 09:15:13.86 JST" StructureHandle="=TA2/src&amp;lt;ta2.utils{Tags.java[Tags[ButtonTags^ACTV_SHOWLOG_IB_TOP" StructureKind="java" NumEvents="2" CreationCount="252"/><InteractionEvent Delta="null" EndDate="2014-10-16 09:25:35.987 JST" Interest="5.0" Kind="edit" Navigation="null" OriginId="com.android.ide.eclipse.editors.CommonXmlEditor" StartDate="2014-10-16 09:23:37.43 JST" StructureHandle="/IFM11/res/layout/list_row_logitem.xml" StructureKind="resource" NumEvents="5" CreationCount="446"/><InteractionEvent Delta="null" EndDate="2014-10-16 09:25:35.884 JST" Interest="6.0" Kind="selection" Navigation="null" OriginId="com.android.ide.eclipse.editors.CommonXmlEditor" StartDate="2014-10-16 09:23:28.347 JST" StructureHandle="/IFM11/res/layout/list_row_logitem.xml" StructureKind="resource" NumEvents="6" CreationCount="446"/><InteractionEvent Delta="null" EndDate="2014-10-16 09:19:26.497 JST" Interest="2.0" Kind="propagation" Navigation="org.eclipse.mylyn.core.model.edges.containment" OriginId="org.eclipse.mylyn.core.model.interest.propagation" StartDate="2014-10-16 09:19:26.494 JST" StructureHandle="=IFM11/src&amp;lt;ifm11.listeners.button{BO_CL.java[BO_CL" StructureKind="java" NumEvents="2" CreationCount="383"/><InteractionEvent Delta="null" EndDate="2014-10-16 09:15:35.669 JST" Interest="2.4250002" Kind="propagation" Navigation="org.eclipse.mylyn.core.model.edges.containment" OriginId="org.eclipse.mylyn.core.model.interest.propagation" StartDate="2014-10-16 09:14:44.783 JST" StructureHandle="=TA2/src&amp;lt;ta2.utils{Tags.java[Tags[ButtonTags" StructureKind="java" NumEvents="5" CreationCount="237"/><InteractionEvent Delta="null" EndDate="2014-10-16 09:25:40.70 JST" Interest="16.0" Kind="edit" Navigation="null" OriginId="com.android.ide.eclipse.editors.CommonXmlEditor" StartDate="2014-10-16 09:23:57.592 JST" StructureHandle="/TA2/res/values/styles.xml" StructureKind="resource" NumEvents="16" CreationCount="459"/><InteractionEvent Delta="null" EndDate="2014-10-16 09:25:39.993 JST" Interest="8.0" Kind="selection" Navigation="null" OriginId="com.android.ide.eclipse.editors.CommonXmlEditor" StartDate="2014-10-16 09:23:57.167 JST" StructureHandle="/TA2/res/values/styles.xml" StructureKind="resource" NumEvents="8" CreationCount="459"/><InteractionEvent Delta="null" EndDate="2014-10-16 09:25:53.114 JST" Interest="1.0" Kind="propagation" Navigation="null" OriginId="org.eclipse.mylyn.resources.ui.interest.updater" StartDate="2014-10-16 09:25:53.114 JST" StructureHandle="=TA2/gen&amp;lt;ta2" StructureKind="java"/><InteractionEvent Delta="null" EndDate="2014-10-16 09:16:39.763 JST" Interest="6.517" Kind="propagation" Navigation="org.eclipse.mylyn.core.model.edges.containment" OriginId="org.eclipse.mylyn.core.model.interest.propagation" StartDate="2014-10-16 09:07:01.771 JST" StructureHandle="=TA2/src&amp;lt;ta2.utils{CONS.java" StructureKind="java" NumEvents="11" CreationCount="104"/><InteractionEvent Delta="null" EndDate="2014-10-16 09:16:26.649 JST" Interest="3.0" Kind="selection" Navigation="null" OriginId="org.eclipse.jdt.ui.CompilationUnitEditor" StartDate="2014-10-16 09:07:00.515 JST" StructureHandle="=TA2/src&amp;lt;ta2.utils{CONS.java" StructureKind="java" NumEvents="3" CreationCount="104"/><InteractionEvent Delta="null" EndDate="2014-10-16 09:07:03.345 JST" Interest="1.0" Kind="selection" Navigation="null" OriginId="org.eclipse.jdt.ui.CompilationUnitEditor" StartDate="2014-10-16 09:07:03.345 JST" StructureHandle="=TA2/src&amp;lt;ta2.utils{CONS.java[CONS[DB" StructureKind="java"/><InteractionEvent Delta="null" EndDate="2014-10-16 09:13:45.35 JST" Interest="28.0" Kind="edit" Navigation="null" OriginId="org.eclipse.jdt.ui.CompilationUnitEditor" StartDate="2014-10-16 09:12:06.304 JST" StructureHandle="=IFM11/src&amp;lt;ifm11.main{ShowLogActv.java[ShowLogActv~onListItemClick~QListView;~QView;~I~J" StructureKind="java" NumEvents="28" CreationCount="175"/><InteractionEvent Delta="null" EndDate="2014-10-16 09:12:32.135 JST" Interest="4.0" Kind="selection" Navigation="null" OriginId="org.eclipse.jdt.ui.CompilationUnitEditor" StartDate="2014-10-16 09:12:05.711 JST" StructureHandle="=IFM11/src&amp;lt;ifm11.main{ShowLogActv.java[ShowLogActv~onListItemClick~QListView;~QView;~I~J" StructureKind="java" NumEvents="4" CreationCount="175"/><InteractionEvent Delta="null" EndDate="2014-10-16 09:04:53.102 JST" Interest="1.0" Kind="propagation" Navigation="null" OriginId="org.eclipse.mylyn.resources.ui.interest.updater" StartDate="2014-10-16 09:04:53.102 JST" StructureHandle="/TA2/res/layout/actv_showlog.xml" StructureKind="resource"/><InteractionEvent Delta="null" EndDate="2014-10-16 09:04:54.525 JST" Interest="1.0" Kind="selection" Navigation="null" OriginId="org.eclipse.jdt.ui.PackageExplorer" StartDate="2014-10-16 09:04:54.525 JST" StructureHandle="/TA2/res/layout/actv_showlog.xml" StructureKind="resource"/><InteractionEvent Delta="null" EndDate="2014-10-16 09:18:30.231 JST" Interest="4.0" Kind="edit" Navigation="null" OriginId="org.eclipse.jdt.ui.CompilationUnitEditor" StartDate="2014-10-16 09:18:22.368 JST" StructureHandle="=TA2/src&amp;lt;ta2.utils{Methods.java[Methods~conv_LogLinesList_to_LogItemList~QActivity;~QList\&amp;lt;QString;&amp;gt;;" StructureKind="java" NumEvents="4" CreationCount="353"/><InteractionEvent Delta="null" EndDate="2014-10-16 09:18:40.497 JST" Interest="2.0" Kind="selection" Navigation="null" OriginId="org.eclipse.jdt.ui.CompilationUnitEditor" StartDate="2014-10-16 09:18:14.328 JST" StructureHandle="=TA2/src&amp;lt;ta2.utils{Methods.java[Methods~conv_LogLinesList_to_LogItemList~QActivity;~QList\&amp;lt;QString;&amp;gt;;" StructureKind="java" NumEvents="2" CreationCount="353"/><InteractionEvent Delta="null" EndDate="2014-10-16 09:25:53.121 JST" Interest="4.0" Kind="propagation" Navigation="org.eclipse.mylyn.core.model.edges.containment" OriginId="org.eclipse.mylyn.core.model.interest.propagation" StartDate="2014-10-16 09:25:53.116 JST" StructureHandle="/TA2/gen" StructureKind="resource" NumEvents="4" CreationCount="528"/><InteractionEvent Delta="null" EndDate="2014-10-16 09:04:09.752 JST" Interest="2.0" Kind="selection" Navigation="null" OriginId="org.eclipse.ui.views.ResourceNavigator" StartDate="2014-10-16 09:04:09.750 JST" StructureHandle="=IFM11/src&amp;lt;ifm11" StructureKind="java" NumEvents="2" CreationCount="6"/><InteractionEvent Delta="null" EndDate="2014-10-16 09:21:52.203 JST" Interest="2.0" Kind="selection" Navigation="null" OriginId="org.eclipse.ui.views.ContentOutline" StartDate="2014-10-16 09:21:50.257 JST" StructureHandle="=TA2/src&amp;lt;ta2.adapters{Adp_ShowLogFile_List.java[Adp_ShowLogFile_List^con" StructureKind="java" NumEvents="2" CreationCount="420"/><InteractionEvent Delta="null" EndDate="2014-10-16 09:25:16.958 JST" Interest="13.834001" Kind="propagation" Navigation="org.eclipse.mylyn.core.model.edges.containment" OriginId="org.eclipse.mylyn.core.model.interest.propagation" StartDate="2014-10-16 09:24:09.551 JST" StructureHandle="/IFM11/res/values" StructureKind="resource" NumEvents="19" CreationCount="468"/><InteractionEvent Delta="null" EndDate="2014-10-16 09:24:08.396 JST" Interest="2.0" Kind="selection" Navigation="null" OriginId="org.eclipse.ui.views.ResourceNavigator" StartDate="2014-10-16 09:24:08.395 JST" StructureHandle="/IFM11/res/values" StructureKind="resource" NumEvents="2" CreationCount="468"/><InteractionEvent Delta="null" EndDate="2014-10-16 09:22:30.145 JST" Interest="33.927002" Kind="propagation" Navigation="org.eclipse.mylyn.core.model.edges.containment" OriginId="org.eclipse.mylyn.core.model.interest.propagation" StartDate="2014-10-16 09:04:01.566 JST" StructureHandle="=TA2/src" StructureKind="java" NumEvents="59" CreationCount="3"/><InteractionEvent Delta="null" EndDate="2014-10-16 09:03:58.809 JST" Interest="1.0" Kind="selection" Navigation="null" OriginId="org.eclipse.jdt.ui.PackageExplorer" StartDate="2014-10-16 09:03:58.809 JST" StructureHandle="=TA2/src" StructureKind="java"/><InteractionEvent Delta="null" EndDate="2014-10-16 09:17:22.215 JST" Interest="8.373999" Kind="propagation" Navigation="org.eclipse.mylyn.core.model.edges.containment" OriginId="org.eclipse.mylyn.core.model.interest.propagation" StartDate="2014-10-16 09:06:38.262 JST" StructureHandle="=TA2/src&amp;lt;ta2.utils{Methods.java[Methods" StructureKind="java" NumEvents="11" CreationCount="65"/><InteractionEvent Delta="null" EndDate="2014-10-16 09:19:56.44 JST" Interest="10.0" Kind="edit" Navigation="null" OriginId="org.eclipse.jdt.ui.CompilationUnitEditor" StartDate="2014-10-16 09:06:03.786 JST" StructureHandle="=TA2/src&amp;lt;ta2.utils{Methods.java[Methods" StructureKind="java" NumEvents="10" CreationCount="65"/><InteractionEvent Delta="null" EndDate="2014-10-16 09:20:16.582 JST" Interest="8.0" Kind="selection" Navigation="null" OriginId="org.eclipse.jdt.ui.CompilationUnitEditor" StartDate="2014-10-16 09:05:48.764 JST" StructureHandle="=TA2/src&amp;lt;ta2.utils{Methods.java[Methods" StructureKind="java" NumEvents="8" CreationCount="65"/><InteractionEvent Delta="null" EndDate="2014-10-16 09:27:15.425 JST" Interest="31.034" Kind="propagation" Navigation="org.eclipse.mylyn.core.model.edges.containment" OriginId="org.eclipse.mylyn.core.model.interest.propagation" StartDate="2014-10-16 09:21:43.113 JST" StructureHandle="/TA2/src/ta2/adapters" StructureKind="resource" NumEvents="33" CreationCount="416"/><InteractionEvent Delta="null" EndDate="2014-10-16 09:19:46.210 JST" Interest="56.0" Kind="propagation" Navigation="null" OriginId="org.eclipse.jdt.ui.CompilationUnitEditor" StartDate="2014-10-16 09:05:36.467 JST" StructureHandle="/IFM11/src/ifm11/utils/Methods.java" StructureKind="resource" NumEvents="56" CreationCount="55"/><InteractionEvent Delta="null" EndDate="2014-10-16 09:21:38.775 JST" Interest="113.0" Kind="propagation" Navigation="null" OriginId="org.eclipse.jdt.ui.CompilationUnitEditor" StartDate="2014-10-16 09:04:16.268 JST" StructureHandle="/TA2/src/ta2/main/ShowLogActv.java" StructureKind="resource" NumEvents="113" CreationCount="12"/><InteractionEvent Delta="null" EndDate="2014-10-16 09:12:31.404 JST" Interest="1.0" Kind="edit" Navigation="null" OriginId="org.eclipse.jdt.ui.CompilationUnitEditor" StartDate="2014-10-16 09:12:31.404 JST" StructureHandle="=IFM11/src&amp;lt;ifm11.main{ShowLogActv.java[ShowLogActv~onDestroy" StructureKind="java"/><InteractionEvent Delta="null" EndDate="2014-10-16 09:12:31.392 JST" Interest="1.0" Kind="selection" Navigation="null" OriginId="org.eclipse.jdt.ui.CompilationUnitEditor" StartDate="2014-10-16 09:12:31.392 JST" StructureHandle="=IFM11/src&amp;lt;ifm11.main{ShowLogActv.java[ShowLogActv~onDestroy" StructureKind="java"/><InteractionEvent Delta="null" EndDate="2014-10-16 09:27:15.424 JST" Interest="12.0" Kind="edit" Navigation="null" OriginId="org.eclipse.jdt.ui.CompilationUnitEditor" StartDate="2014-10-16 09:21:55.3 JST" StructureHandle="=TA2/src&amp;lt;ta2.adapters{Adp_ShowLogFile_List.java[Adp_ShowLogFile_List~getView~I~QView;~QViewGroup;" StructureKind="java" NumEvents="12" CreationCount="422"/><InteractionEvent Delta="null" EndDate="2014-10-16 09:27:11.934 JST" Interest="3.0" Kind="selection" Navigation="null" OriginId="org.eclipse.ui.views.ContentOutline" StartDate="2014-10-16 09:21:53.713 JST" StructureHandle="=TA2/src&amp;lt;ta2.adapters{Adp_ShowLogFile_List.java[Adp_ShowLogFile_List~getView~I~QView;~QViewGroup;" StructureKind="java" NumEvents="3" CreationCount="422"/></InteractionHistory>