<?xml version="1.0" encoding="UTF-8"?><InteractionHistory Id="local-112" Version="1"><InteractionEvent Delta="null" EndDate="2014-09-28 10:03:17.159 JST" Interest="2.0" Kind="propagation" Navigation="org.eclipse.mylyn.core.model.edges.containment" OriginId="org.eclipse.mylyn.core.model.interest.propagation" StartDate="2014-09-28 10:03:17.158 JST" StructureHandle="" StructureKind="java" NumEvents="2" CreationCount="1"/><InteractionEvent Delta="null" EndDate="2014-09-28 10:11:04.158 JST" Interest="3.0" Kind="selection" Navigation="null" OriginId="org.eclipse.jdt.ui.CompilationUnitEditor" StartDate="2014-09-28 10:10:58.678 JST" StructureHandle="=IFM11/src&amp;lt;ifm11.utils{DBUtils.java[DBUtils~update_TI_All__TableName~QActivity;~QList\&amp;lt;QTI;&amp;gt;;" StructureKind="java" NumEvents="3" CreationCount="175"/><InteractionEvent Delta="null" EndDate="2014-09-28 10:08:32.408 JST" Interest="1.0" Kind="selection" Navigation="null" OriginId="org.eclipse.jdt.ui.CompilationUnitEditor" StartDate="2014-09-28 10:08:32.408 JST" StructureHandle="=IFM11/src&amp;lt;ifm11.utils{Methods.java[Methods~confirm_quit~QActivity;~I" StructureKind="java"/><InteractionEvent Delta="null" EndDate="2014-09-28 11:19:11.467 JST" Interest="6.0" Kind="edit" Navigation="null" OriginId="org.eclipse.jdt.ui.CompilationUnitEditor" StartDate="2014-09-28 11:18:58.524 JST" StructureHandle="=IFM11/src&amp;lt;ifm11.utils{DBUtils.java[DBUtils~updateData_generic_static~QActivity;~QString;~QContentValues;~QString;~\[QString;" StructureKind="java" NumEvents="6" CreationCount="1716"/><InteractionEvent Delta="null" EndDate="2014-09-28 11:18:56.774 JST" Interest="1.0" Kind="selection" Navigation="null" OriginId="org.eclipse.jdt.ui.CompilationUnitEditor" StartDate="2014-09-28 11:18:56.774 JST" StructureHandle="=IFM11/src&amp;lt;ifm11.utils{DBUtils.java[DBUtils~updateData_generic_static~QActivity;~QString;~QString;~QString;~QString;~\[QString;!2" StructureKind="java"/><InteractionEvent Delta="null" EndDate="2014-09-28 12:09:11.217 JST" Interest="57.0" Kind="propagation" Navigation="null" OriginId="org.eclipse.mylyn.resources.ui.interest.updater" StartDate="2014-09-28 10:19:08.671 JST" StructureHandle="/IFM11/src/ifm11/utils/CONS.java" StructureKind="resource" NumEvents="57" CreationCount="505"/><InteractionEvent Delta="null" EndDate="2014-09-28 10:42:01.614 JST" Interest="7.2200003" Kind="manipulation" Navigation="null" OriginId="org.eclipse.mylyn.core.model.interest.decay.correction" StartDate="2014-09-28 10:42:01.614 JST" StructureHandle="/IFM11/src/ifm11/utils/CONS.java" StructureKind="resource"/><InteractionEvent Delta="null" EndDate="2014-09-28 11:50:03.621 JST" Interest="31.488" Kind="propagation" Navigation="org.eclipse.mylyn.core.model.edges.containment" OriginId="org.eclipse.mylyn.core.model.interest.propagation" StartDate="2014-09-28 10:19:09.328 JST" StructureHandle="=IFM11/src&amp;lt;ifm11.utils{CONS.java[CONS[DB" StructureKind="java" NumEvents="29" CreationCount="506"/><InteractionEvent Delta="null" EndDate="2014-09-28 10:45:44.672 JST" Interest="1.0" Kind="selection" Navigation="null" OriginId="org.eclipse.jdt.ui.CompilationUnitEditor" StartDate="2014-09-28 10:45:44.672 JST" StructureHandle="=IFM11/src&amp;lt;ifm11.utils{CONS.java[CONS[DB" StructureKind="java"/><InteractionEvent Delta="null" EndDate="2014-09-28 10:11:43.722 JST" Interest="3.0" Kind="selection" Navigation="null" OriginId="org.eclipse.jdt.ui.CompilationUnitEditor" StartDate="2014-09-28 10:11:41.529 JST" StructureHandle="=IFM11/src&amp;lt;ifm11.utils{DBUtils.java[DBUtils~getNumOfEntries_BM~QActivity;~QString;~J" StructureKind="java" NumEvents="3" CreationCount="188"/><InteractionEvent Delta="null" EndDate="2014-09-28 10:10:15.846 JST" Interest="1.0" Kind="edit" Navigation="null" OriginId="org.eclipse.jdt.ui.CompilationUnitEditor" StartDate="2014-09-28 10:10:15.846 JST" StructureHandle="=IFM11/src&amp;lt;ifm11.utils{Methods.java[Methods" StructureKind="java"/><InteractionEvent Delta="null" EndDate="2014-09-28 12:00:19.514 JST" Interest="116.59999" Kind="propagation" Navigation="org.eclipse.mylyn.core.model.edges.containment" OriginId="org.eclipse.mylyn.core.model.interest.propagation" StartDate="2014-09-28 10:04:09.195 JST" StructureHandle="=IFM11/src&amp;lt;ifm11.utils{Methods.java[Methods" StructureKind="java" NumEvents="161" CreationCount="23"/><InteractionEvent Delta="null" EndDate="2014-09-28 12:00:20.410 JST" Interest="6.0" Kind="selection" Navigation="null" OriginId="org.eclipse.jdt.ui.CompilationUnitEditor" StartDate="2014-09-28 10:04:17.240 JST" StructureHandle="=IFM11/src&amp;lt;ifm11.utils{Methods.java[Methods" StructureKind="java" NumEvents="6" CreationCount="23"/><InteractionEvent Delta="null" EndDate="2014-09-28 11:50:03.621 JST" Interest="32.488" Kind="propagation" Navigation="org.eclipse.mylyn.core.model.edges.containment" OriginId="org.eclipse.mylyn.core.model.interest.propagation" StartDate="2014-09-28 10:19:09.328 JST" StructureHandle="=IFM11/src&amp;lt;ifm11.utils{CONS.java[CONS" StructureKind="java" NumEvents="30" CreationCount="506"/><InteractionEvent Delta="null" EndDate="2014-09-28 10:45:46.51 JST" Interest="1.0" Kind="selection" Navigation="null" OriginId="org.eclipse.jdt.ui.CompilationUnitEditor" StartDate="2014-09-28 10:45:46.51 JST" StructureHandle="=IFM11/src&amp;lt;ifm11.utils{CONS.java[CONS[DB^fname_Log" StructureKind="java"/><InteractionEvent Delta="null" EndDate="2014-09-28 11:07:27.275 JST" Interest="1.0" Kind="propagation" Navigation="org.eclipse.mylyn.core.model.edges.containment" OriginId="org.eclipse.mylyn.core.model.interest.propagation" StartDate="2014-09-28 11:07:27.275 JST" StructureHandle="/IFM11/bin" StructureKind="resource"/><InteractionEvent Delta="null" EndDate="2014-09-28 12:09:07.367 JST" Interest="197.002" Kind="propagation" Navigation="org.eclipse.mylyn.core.model.edges.containment" OriginId="org.eclipse.mylyn.core.model.interest.propagation" StartDate="2014-09-28 11:36:00.226 JST" StructureHandle="=IFM11/src&amp;lt;ifm11.main{MainActv.java" StructureKind="java" NumEvents="284" CreationCount="1909"/><InteractionEvent Delta="null" EndDate="2014-09-28 12:09:08.251 JST" Interest="7.0" Kind="selection" Navigation="null" OriginId="org.eclipse.jdt.ui.PackageExplorer" StartDate="2014-09-28 11:35:35.361 JST" StructureHandle="=IFM11/src&amp;lt;ifm11.main{MainActv.java" StructureKind="java" NumEvents="7" CreationCount="1909"/><InteractionEvent Delta="null" EndDate="2014-09-28 12:09:07.43 JST" Interest="1.0" Kind="prediction" Navigation="null" OriginId="org.eclipse.mylyn.resources.ui.interest.updater" StartDate="2014-09-28 12:09:07.43 JST" StructureHandle="/IFM11/res/values/strings.xml" StructureKind="resource"/><InteractionEvent Delta="null" EndDate="2014-09-28 10:03:28.355 JST" Interest="1.0" Kind="selection" Navigation="null" OriginId="org.eclipse.jdt.ui.PackageExplorer" StartDate="2014-09-28 10:03:28.355 JST" StructureHandle="=IFM11/src&amp;lt;ifm11.tasks{Task_RefreshDB.java" StructureKind="java"/><InteractionEvent Delta="null" EndDate="2014-09-28 11:36:00.227 JST" Interest="3.0" Kind="selection" Navigation="null" OriginId="org.eclipse.jdt.ui.CompilationUnitEditor" StartDate="2014-09-28 11:35:58.157 JST" StructureHandle="=IFM11/src&amp;lt;ifm11.main{MainActv.java[MainActv~_Setup_SetListeners" StructureKind="java" NumEvents="3" CreationCount="1914"/><InteractionEvent Delta="null" EndDate="2014-09-28 12:09:07.366 JST" Interest="277.0" Kind="edit" Navigation="null" OriginId="org.eclipse.jdt.ui.CompilationUnitEditor" StartDate="2014-09-28 11:36:00.732 JST" StructureHandle="=IFM11/src&amp;lt;ifm11.main{MainActv.java[MainActv~_Setup_AutoBK" StructureKind="java" NumEvents="277" CreationCount="1915"/><InteractionEvent Delta="null" EndDate="2014-09-28 12:00:21.752 JST" Interest="8.0" Kind="selection" Navigation="null" OriginId="org.eclipse.jdt.ui.CompilationUnitEditor" StartDate="2014-09-28 11:36:00.166 JST" StructureHandle="=IFM11/src&amp;lt;ifm11.main{MainActv.java[MainActv~_Setup_AutoBK" StructureKind="java" NumEvents="8" CreationCount="1915"/><InteractionEvent Delta="null" EndDate="2014-09-28 11:38:33.783 JST" Interest="1.0" Kind="selection" Navigation="null" OriginId="org.eclipse.ui.views.ContentOutline" StartDate="2014-09-28 11:38:33.783 JST" StructureHandle="=IFM11/src&amp;lt;ifm11.utils{DBUtils.java[DBUtils~find_Pattern_From_Id~QActivity;~J" StructureKind="java"/><InteractionEvent Delta="null" EndDate="2014-09-28 11:22:25.611 JST" Interest="6.863001" Kind="manipulation" Navigation="null" OriginId="org.eclipse.mylyn.core.model.interest.decay.correction" StartDate="2014-09-28 11:05:56.831 JST" StructureHandle="=IFM11/src&amp;lt;ifm11.utils{DBUtils.java[DBUtils~find_All_WP_literals~QActivity;" StructureKind="java" NumEvents="2" CreationCount="1178"/><InteractionEvent Delta="null" EndDate="2014-09-28 11:24:31.559 JST" Interest="6.0" Kind="selection" Navigation="null" OriginId="org.eclipse.jdt.ui.CompilationUnitEditor" StartDate="2014-09-28 10:42:18.470 JST" StructureHandle="=IFM11/src&amp;lt;ifm11.utils{DBUtils.java[DBUtils~find_All_WP_literals~QActivity;" StructureKind="java" NumEvents="6" CreationCount="1178"/><InteractionEvent Delta="null" EndDate="2014-09-28 11:35:27.347 JST" Interest="619.0" Kind="edit" Navigation="null" OriginId="org.eclipse.jdt.ui.CompilationUnitEditor" StartDate="2014-09-28 10:10:35.647 JST" StructureHandle="=IFM11/src&amp;lt;ifm11.utils{DBUtils.java[DBUtils~_backup_DB_SaveDate~QActivity;" StructureKind="java" NumEvents="619" CreationCount="167"/><InteractionEvent Delta="null" EndDate="2014-09-28 11:44:00.904 JST" Interest="58.0" Kind="selection" Navigation="null" OriginId="org.eclipse.jdt.ui.CompilationUnitEditor" StartDate="2014-09-28 10:10:34.826 JST" StructureHandle="=IFM11/src&amp;lt;ifm11.utils{DBUtils.java[DBUtils~_backup_DB_SaveDate~QActivity;" StructureKind="java" NumEvents="58" CreationCount="167"/><InteractionEvent Delta="null" EndDate="2014-09-28 12:09:07.43 JST" Interest="1.0" Kind="prediction" Navigation="null" OriginId="org.eclipse.mylyn.resources.ui.interest.updater" StartDate="2014-09-28 12:09:07.43 JST" StructureHandle="/IFM11/res/xml/preferences.xml" StructureKind="resource"/><InteractionEvent Delta="null" EndDate="2014-09-28 12:09:11.220 JST" Interest="2475.1362" Kind="propagation" Navigation="org.eclipse.mylyn.core.model.edges.containment" OriginId="org.eclipse.mylyn.core.model.interest.propagation" StartDate="2014-09-28 10:03:17.158 JST" StructureHandle="/" StructureKind="resource" NumEvents="2479" CreationCount="1"/><InteractionEvent Delta="null" EndDate="2014-09-28 12:09:11.216 JST" Interest="42.024002" Kind="propagation" Navigation="org.eclipse.mylyn.core.model.edges.containment" OriginId="org.eclipse.mylyn.core.model.interest.propagation" StartDate="2014-09-28 10:03:42.47 JST" StructureHandle="=IFM11/src&amp;lt;ifm11.listeners.dialog" StructureKind="java" NumEvents="10" CreationCount="8"/><InteractionEvent Delta="null" EndDate="2014-09-28 10:03:39.656 JST" Interest="1.0" Kind="selection" Navigation="null" OriginId="org.eclipse.jdt.ui.PackageExplorer" StartDate="2014-09-28 10:03:39.656 JST" StructureHandle="=IFM11/src&amp;lt;ifm11.listeners.dialog" StructureKind="java"/><InteractionEvent Delta="null" EndDate="2014-09-28 12:09:11.219 JST" Interest="44.024002" Kind="propagation" Navigation="null" OriginId="org.eclipse.mylyn.resources.ui.interest.updater" StartDate="2014-09-28 10:03:39.656 JST" StructureHandle="/IFM11/src/ifm11/listeners/dialog" StructureKind="resource" NumEvents="18" CreationCount="8"/><InteractionEvent Delta="null" EndDate="2014-09-28 12:05:46.445 JST" Interest="13.0" Kind="prediction" Navigation="null" OriginId="org.eclipse.mylyn.resources.ui.interest.updater" StartDate="2014-09-28 11:07:27.275 JST" StructureHandle="/IFM11/bin/IFM11.apk" StructureKind="resource" NumEvents="13" CreationCount="1620"/><InteractionEvent Delta="null" EndDate="2014-09-28 10:45:43.940 JST" Interest="1.0" Kind="selection" Navigation="null" OriginId="org.eclipse.jdt.ui.CompilationUnitEditor" StartDate="2014-09-28 10:45:43.940 JST" StructureHandle="=IFM11/src&amp;lt;ifm11.utils{CONS.java[CONS[DB^col_types_refresh_log" StructureKind="java"/><InteractionEvent Delta="null" EndDate="2014-09-28 11:18:47.788 JST" Interest="36.0" Kind="edit" Navigation="null" OriginId="org.eclipse.jdt.ui.CompilationUnitEditor" StartDate="2014-09-28 10:40:54.598 JST" StructureHandle="=IFM11/src&amp;lt;ifm11.utils{DBUtils.java[DBUtils~updateData_generic_static~QActivity;~QString;~QString;~QString;~QString;~\[QString;" StructureKind="java" NumEvents="36" CreationCount="1134"/><InteractionEvent Delta="null" EndDate="2014-09-28 11:18:54.775 JST" Interest="14.0" Kind="selection" Navigation="null" OriginId="org.eclipse.jdt.ui.CompilationUnitEditor" StartDate="2014-09-28 10:40:48.356 JST" StructureHandle="=IFM11/src&amp;lt;ifm11.utils{DBUtils.java[DBUtils~updateData_generic_static~QActivity;~QString;~QString;~QString;~QString;~\[QString;" StructureKind="java" NumEvents="14" CreationCount="1134"/><InteractionEvent Delta="null" EndDate="2014-09-28 10:03:17.159 JST" Interest="2.0" Kind="propagation" Navigation="null" OriginId="org.eclipse.ui.views.ResourceNavigator" StartDate="2014-09-28 10:03:17.158 JST" StructureHandle="/cm7" StructureKind="resource" NumEvents="2" CreationCount="1"/><InteractionEvent Delta="null" EndDate="2014-09-28 12:09:08.251 JST" Interest="300.0" Kind="propagation" Navigation="null" OriginId="org.eclipse.jdt.ui.PackageExplorer" StartDate="2014-09-28 11:35:35.362 JST" StructureHandle="/IFM11/src/ifm11/main/MainActv.java" StructureKind="resource" NumEvents="300" CreationCount="1909"/><InteractionEvent Delta="null" EndDate="2014-09-28 12:09:11.217 JST" Interest="1.0" Kind="propagation" Navigation="null" OriginId="org.eclipse.mylyn.resources.ui.interest.updater" StartDate="2014-09-28 12:09:11.217 JST" StructureHandle="/IFM11/src/ifm11/utils/Tags.java" StructureKind="resource"/><InteractionEvent Delta="null" EndDate="2014-09-28 11:38:37.726 JST" Interest="1.0" Kind="selection" Navigation="null" OriginId="org.eclipse.ui.views.ContentOutline" StartDate="2014-09-28 11:38:37.726 JST" StructureHandle="=IFM11/src&amp;lt;ifm11.utils{DBUtils.java[DBUtils~find_TIs_History~QActivity;~I" StructureKind="java"/><InteractionEvent Delta="null" EndDate="2014-09-28 10:45:52.570 JST" Interest="1.0" Kind="edit" Navigation="null" OriginId="org.eclipse.jdt.ui.CompilationUnitEditor" StartDate="2014-09-28 10:45:52.570 JST" StructureHandle="=IFM11/src&amp;lt;ifm11.utils{CONS.java[CONS[DB^admin_LastBackup" StructureKind="java"/><InteractionEvent Delta="null" EndDate="2014-09-28 10:46:29.689 JST" Interest="3.0" Kind="selection" Navigation="null" OriginId="org.eclipse.jdt.ui.CompilationUnitEditor" StartDate="2014-09-28 10:45:48.59 JST" StructureHandle="=IFM11/src&amp;lt;ifm11.utils{CONS.java[CONS[DB^admin_LastBackup" StructureKind="java" NumEvents="3" CreationCount="1331"/><InteractionEvent Delta="null" EndDate="2014-09-28 10:46:56.778 JST" Interest="5.0" Kind="edit" Navigation="null" OriginId="org.eclipse.jdt.ui.CompilationUnitEditor" StartDate="2014-09-28 10:42:03.342 JST" StructureHandle="=IFM11/src&amp;lt;ifm11.utils{CONS.java[CONS[DB^col_names_Admin" StructureKind="java" NumEvents="5" CreationCount="1167"/><InteractionEvent Delta="null" EndDate="2014-09-28 11:20:42.829 JST" Interest="0.71700096" Kind="manipulation" Navigation="null" OriginId="org.eclipse.mylyn.core.model.interest.decay.correction" StartDate="2014-09-28 11:20:42.829 JST" StructureHandle="=IFM11/src&amp;lt;ifm11.utils{CONS.java[CONS[DB^col_names_Admin" StructureKind="java"/><InteractionEvent Delta="null" EndDate="2014-09-28 11:20:42.829 JST" Interest="7.0" Kind="selection" Navigation="null" OriginId="org.eclipse.jdt.ui.CompilationUnitEditor" StartDate="2014-09-28 10:42:02.278 JST" StructureHandle="=IFM11/src&amp;lt;ifm11.utils{CONS.java[CONS[DB^col_names_Admin" StructureKind="java" NumEvents="7" CreationCount="1167"/><InteractionEvent Delta="null" EndDate="2014-09-28 11:51:44.662 JST" Interest="198.0" Kind="edit" Navigation="null" OriginId="org.eclipse.jdt.ui.CompilationUnitEditor" StartDate="2014-09-28 11:37:44.304 JST" StructureHandle="=IFM11/src&amp;lt;ifm11.utils{DBUtils.java[DBUtils~find_LastBK~QActivity;" StructureKind="java" NumEvents="198" CreationCount="1949"/><InteractionEvent Delta="null" EndDate="2014-09-28 11:50:54.561 JST" Interest="14.0" Kind="selection" Navigation="null" OriginId="org.eclipse.jdt.ui.CompilationUnitEditor" StartDate="2014-09-28 11:37:43.257 JST" StructureHandle="=IFM11/src&amp;lt;ifm11.utils{DBUtils.java[DBUtils~find_LastBK~QActivity;" StructureKind="java" NumEvents="14" CreationCount="1949"/><InteractionEvent Delta="null" EndDate="2014-09-28 12:09:11.220 JST" Interest="2475.102" Kind="propagation" Navigation="null" OriginId="org.eclipse.mylyn.resources.ui.interest.updater" StartDate="2014-09-28 10:03:18.455 JST" StructureHandle="/IFM11/src" StructureKind="resource" NumEvents="2482" CreationCount="3"/><InteractionEvent Delta="null" EndDate="2014-09-28 11:35:30.524 JST" Interest="32.317" Kind="propagation" Navigation="org.eclipse.mylyn.core.model.edges.containment" OriginId="org.eclipse.mylyn.core.model.interest.propagation" StartDate="2014-09-28 10:03:28.356 JST" StructureHandle="=IFM11/src&amp;lt;ifm11.tasks" StructureKind="java" NumEvents="2" CreationCount="5"/><InteractionEvent Delta="null" EndDate="2014-09-28 10:03:26.485 JST" Interest="1.0" Kind="selection" Navigation="null" OriginId="org.eclipse.jdt.ui.PackageExplorer" StartDate="2014-09-28 10:03:26.485 JST" StructureHandle="=IFM11/src&amp;lt;ifm11.tasks" StructureKind="java"/><InteractionEvent Delta="null" EndDate="2014-09-28 11:35:37.445 JST" Interest="1.0" Kind="selection" Navigation="null" OriginId="org.eclipse.ui.views.ContentOutline" StartDate="2014-09-28 11:35:37.445 JST" StructureHandle="=IFM11/src&amp;lt;ifm11.main{MainActv.java%ifm11.main" StructureKind="java"/><InteractionEvent Delta="null" EndDate="2014-09-28 12:09:11.218 JST" Interest="2154.289" Kind="propagation" Navigation="org.eclipse.mylyn.core.model.edges.containment" OriginId="org.eclipse.mylyn.core.model.interest.propagation" StartDate="2014-09-28 10:03:22.391 JST" StructureHandle="/IFM11/src/ifm11" StructureKind="resource" NumEvents="2161" CreationCount="4"/><InteractionEvent Delta="null" EndDate="2014-09-28 11:06:00.710 JST" Interest="226.0" Kind="edit" Navigation="null" OriginId="org.eclipse.jdt.ui.CompilationUnitEditor" StartDate="2014-09-28 10:31:14.417 JST" StructureHandle="=IFM11/src&amp;lt;ifm11.utils{DBUtils.java[DBUtils~count_Entry~QActivity;~QString;~\[QString;" StructureKind="java" NumEvents="226" CreationCount="691"/><InteractionEvent Delta="null" EndDate="2014-09-28 11:22:17.548 JST" Interest="15.0" Kind="selection" Navigation="null" OriginId="org.eclipse.jdt.ui.CompilationUnitEditor" StartDate="2014-09-28 10:31:14.409 JST" StructureHandle="=IFM11/src&amp;lt;ifm11.utils{DBUtils.java[DBUtils~count_Entry~QActivity;~QString;~\[QString;" StructureKind="java" NumEvents="15" CreationCount="691"/><InteractionEvent Delta="null" EndDate="2014-09-28 11:35:38.431 JST" Interest="1.0" Kind="selection" Navigation="null" OriginId="org.eclipse.ui.views.ContentOutline" StartDate="2014-09-28 11:35:38.431 JST" StructureHandle="=IFM11/src&amp;lt;ifm11.main{MainActv.java[MainActv~_Setup_SetAdapter" StructureKind="java"/><InteractionEvent Delta="null" EndDate="2014-09-28 10:33:01.879 JST" Interest="5.0" Kind="edit" Navigation="null" OriginId="org.eclipse.jdt.ui.CompilationUnitEditor" StartDate="2014-09-28 10:32:52.813 JST" StructureHandle="=IFM11/src&amp;lt;ifm11.utils{DBUtils.java[DBUtils~tableExists~QActivity;~QString;~QString;" StructureKind="java" NumEvents="5" CreationCount="793"/><InteractionEvent Delta="null" EndDate="2014-09-28 10:32:52.809 JST" Interest="1.0" Kind="selection" Navigation="null" OriginId="org.eclipse.jdt.ui.CompilationUnitEditor" StartDate="2014-09-28 10:32:52.809 JST" StructureHandle="=IFM11/src&amp;lt;ifm11.utils{DBUtils.java[DBUtils~tableExists~QActivity;~QString;~QString;" StructureKind="java"/><InteractionEvent Delta="null" EndDate="2014-09-28 10:03:58.332 JST" Interest="1.0" Kind="selection" Navigation="null" OriginId="org.eclipse.ui.views.ContentOutline" StartDate="2014-09-28 10:03:58.332 JST" StructureHandle="=IFM11/src&amp;lt;ifm11.listeners.dialog{DOI_CL.java[DOI_CL~case_DLG_ADMIN_PATTERNS_LV~QString;" StructureKind="java"/><InteractionEvent Delta="null" EndDate="2014-09-28 11:50:54.506 JST" Interest="499.08804" Kind="propagation" Navigation="org.eclipse.mylyn.core.model.edges.containment" OriginId="org.eclipse.mylyn.core.model.interest.propagation" StartDate="2014-09-28 10:03:22.391 JST" StructureHandle="=IFM11/src" StructureKind="java" NumEvents="751" CreationCount="3"/><InteractionEvent Delta="null" EndDate="2014-09-28 10:03:18.455 JST" Interest="1.0" Kind="selection" Navigation="null" OriginId="org.eclipse.jdt.ui.PackageExplorer" StartDate="2014-09-28 10:03:18.455 JST" StructureHandle="=IFM11/src" StructureKind="java"/><InteractionEvent Delta="null" EndDate="2014-09-28 10:16:36.766 JST" Interest="1.0" Kind="edit" Navigation="null" OriginId="org.eclipse.jdt.ui.CompilationUnitEditor" StartDate="2014-09-28 10:16:36.766 JST" StructureHandle="=IFM11/src&amp;lt;ifm11.utils{DBUtils.java[DBUtils~getNumOfEntries~QActivity;~QString;" StructureKind="java"/><InteractionEvent Delta="null" EndDate="2014-09-28 10:16:36.752 JST" Interest="1.0" Kind="selection" Navigation="null" OriginId="org.eclipse.jdt.ui.CompilationUnitEditor" StartDate="2014-09-28 10:16:36.752 JST" StructureHandle="=IFM11/src&amp;lt;ifm11.utils{DBUtils.java[DBUtils~getNumOfEntries~QActivity;~QString;" StructureKind="java"/><InteractionEvent Delta="null" EndDate="2014-09-28 10:48:50.33 JST" Interest="20.403002" Kind="manipulation" Navigation="null" OriginId="org.eclipse.mylyn.core.model.interest.decay.correction" StartDate="2014-09-28 10:48:50.33 JST" StructureHandle="=IFM11/src&amp;lt;ifm11.utils{DBUtils.java[DBUtils~update_Data_AI~QActivity;~QString;~QString;~J~QString;~QString;" StructureKind="java"/><InteractionEvent Delta="null" EndDate="2014-09-28 10:48:50.33 JST" Interest="2.0" Kind="selection" Navigation="null" OriginId="org.eclipse.ui.views.ContentOutline" StartDate="2014-09-28 10:12:00.404 JST" StructureHandle="=IFM11/src&amp;lt;ifm11.utils{DBUtils.java[DBUtils~update_Data_AI~QActivity;~QString;~QString;~J~QString;~QString;" StructureKind="java" NumEvents="2" CreationCount="197"/><InteractionEvent Delta="null" EndDate="2014-09-28 10:17:00.409 JST" Interest="21.0" Kind="edit" Navigation="null" OriginId="org.eclipse.jdt.ui.CompilationUnitEditor" StartDate="2014-09-28 10:16:45.101 JST" StructureHandle="=IFM11/src&amp;lt;ifm11.utils{DBUtils.java[DBUtils~update_TI__Memo~QActivity;~QTI;" StructureKind="java" NumEvents="21" CreationCount="369"/><InteractionEvent Delta="null" EndDate="2014-09-28 10:40:37.998 JST" Interest="4.0" Kind="selection" Navigation="null" OriginId="org.eclipse.jdt.ui.CompilationUnitEditor" StartDate="2014-09-28 10:16:45.87 JST" StructureHandle="=IFM11/src&amp;lt;ifm11.utils{DBUtils.java[DBUtils~update_TI__Memo~QActivity;~QTI;" StructureKind="java" NumEvents="4" CreationCount="369"/><InteractionEvent Delta="null" EndDate="2014-09-28 12:09:11.216 JST" Interest="1.0" Kind="prediction" Navigation="null" OriginId="org.eclipse.mylyn.resources.ui.interest.updater" StartDate="2014-09-28 12:09:11.216 JST" StructureHandle="=IFM11/src&amp;lt;ifm11.main{PrefActv.java" StructureKind="java"/><InteractionEvent Delta="null" EndDate="2014-09-28 11:35:34.462 JST" Interest="1.0" Kind="selection" Navigation="null" OriginId="org.eclipse.jdt.ui.PackageExplorer" StartDate="2014-09-28 11:35:34.462 JST" StructureHandle="=IFM11/src&amp;lt;ifm11.main{PrefActv.java" StructureKind="java"/><InteractionEvent Delta="null" EndDate="2014-09-28 10:33:59.672 JST" Interest="6.0" Kind="edit" Navigation="null" OriginId="org.eclipse.jdt.ui.CompilationUnitEditor" StartDate="2014-09-28 10:33:23.673 JST" StructureHandle="=IFM11/src&amp;lt;ifm11.utils{DBUtils.java[DBUtils~createTable_static~QActivity;~QString;~\[QString;~\[QString;" StructureKind="java" NumEvents="6" CreationCount="813"/><InteractionEvent Delta="null" EndDate="2014-09-28 10:33:59.84 JST" Interest="2.0" Kind="selection" Navigation="null" OriginId="org.eclipse.jdt.ui.CompilationUnitEditor" StartDate="2014-09-28 10:33:23.668 JST" StructureHandle="=IFM11/src&amp;lt;ifm11.utils{DBUtils.java[DBUtils~createTable_static~QActivity;~QString;~\[QString;~\[QString;" StructureKind="java" NumEvents="2" CreationCount="813"/><InteractionEvent Delta="null" EndDate="2014-09-28 11:51:44.663 JST" Interest="1903.0" Kind="propagation" Navigation="null" OriginId="org.eclipse.jdt.ui.CompilationUnitEditor" StartDate="2014-09-28 10:10:33.821 JST" StructureHandle="/IFM11/src/ifm11/utils/DBUtils.java" StructureKind="resource" NumEvents="1903" CreationCount="166"/><InteractionEvent Delta="null" EndDate="2014-09-28 11:59:44.56 JST" Interest="6.905" Kind="manipulation" Navigation="null" OriginId="org.eclipse.mylyn.core.model.interest.decay.correction" StartDate="2014-09-28 11:59:44.56 JST" StructureHandle="=IFM11/src&amp;lt;ifm11.main{MainActv.java[MainActv~onStart" StructureKind="java"/><InteractionEvent Delta="null" EndDate="2014-09-28 11:59:44.56 JST" Interest="2.0" Kind="selection" Navigation="null" OriginId="org.eclipse.jdt.ui.CompilationUnitEditor" StartDate="2014-09-28 11:35:41.13 JST" StructureHandle="=IFM11/src&amp;lt;ifm11.main{MainActv.java[MainActv~onStart" StructureKind="java" NumEvents="2" CreationCount="1913"/><InteractionEvent Delta="null" EndDate="2014-09-28 10:44:56.485 JST" Interest="9.0" Kind="edit" Navigation="null" OriginId="org.eclipse.jdt.ui.CompilationUnitEditor" StartDate="2014-09-28 10:30:03.409 JST" StructureHandle="=IFM11/src&amp;lt;ifm11.utils{DBUtils.java" StructureKind="java" NumEvents="9" CreationCount="166"/><InteractionEvent Delta="null" EndDate="2014-09-28 11:44:53.767 JST" Interest="458.01703" Kind="propagation" Navigation="org.eclipse.mylyn.core.model.edges.containment" OriginId="org.eclipse.mylyn.core.model.interest.propagation" StartDate="2014-09-28 10:10:34.827 JST" StructureHandle="=IFM11/src&amp;lt;ifm11.utils{DBUtils.java" StructureKind="java" NumEvents="656" CreationCount="166"/><InteractionEvent Delta="null" EndDate="2014-09-28 11:50:54.505 JST" Interest="33.0" Kind="selection" Navigation="null" OriginId="org.eclipse.jdt.ui.CompilationUnitEditor" StartDate="2014-09-28 10:10:33.821 JST" StructureHandle="=IFM11/src&amp;lt;ifm11.utils{DBUtils.java" StructureKind="java" NumEvents="33" CreationCount="166"/><InteractionEvent Delta="null" EndDate="2014-09-28 12:09:08.251 JST" Interest="203.053" Kind="propagation" Navigation="org.eclipse.mylyn.core.model.edges.containment" OriginId="org.eclipse.mylyn.core.model.interest.propagation" StartDate="2014-09-28 11:35:34.462 JST" StructureHandle="=IFM11/src&amp;lt;ifm11.main" StructureKind="java" NumEvents="296" CreationCount="4"/><InteractionEvent Delta="null" EndDate="2014-09-28 11:35:31.339 JST" Interest="31.334003" Kind="manipulation" Navigation="null" OriginId="org.eclipse.mylyn.core.model.interest.decay.correction" StartDate="2014-09-28 11:35:31.339 JST" StructureHandle="=IFM11/src&amp;lt;ifm11.main" StructureKind="java"/><InteractionEvent Delta="null" EndDate="2014-09-28 11:35:31.339 JST" Interest="2.0" Kind="selection" Navigation="null" OriginId="org.eclipse.jdt.ui.PackageExplorer" StartDate="2014-09-28 10:03:22.391 JST" StructureHandle="=IFM11/src&amp;lt;ifm11.main" StructureKind="java" NumEvents="2" CreationCount="4"/><InteractionEvent Delta="null" EndDate="2014-09-28 11:38:25.584 JST" Interest="1.0" Kind="selection" Navigation="null" OriginId="org.eclipse.jdt.ui.CompilationUnitEditor" StartDate="2014-09-28 11:38:25.584 JST" StructureHandle="=IFM11/src&amp;lt;ifm11.utils{DBUtils.java[DBUtils~insertDataIntoDB~QActivity;~QString;~QCursor;" StructureKind="java"/><InteractionEvent Delta="null" EndDate="2014-09-28 12:09:11.216 JST" Interest="1.0" Kind="prediction" Navigation="null" OriginId="org.eclipse.mylyn.resources.ui.interest.updater" StartDate="2014-09-28 12:09:11.216 JST" StructureHandle="=IFM11/src&amp;lt;ifm11.utils{Methods_dlg.java" StructureKind="java"/><InteractionEvent Delta="null" EndDate="2014-09-28 10:03:56.69 JST" Interest="1.0" Kind="selection" Navigation="null" OriginId="org.eclipse.ui.views.ContentOutline" StartDate="2014-09-28 10:03:56.69 JST" StructureHandle="=IFM11/src&amp;lt;ifm11.listeners.dialog{DOI_CL.java[DOI_CL~case_DLG_ACTVMAIN_LONGCLICK~QString;" StructureKind="java"/><InteractionEvent Delta="null" EndDate="2014-09-28 12:09:11.219 JST" Interest="2155.238" Kind="propagation" Navigation="null" OriginId="org.eclipse.mylyn.resources.ui.interest.updater" StartDate="2014-09-28 10:03:32.147 JST" StructureHandle="/IFM11/src/ifm11/utils" StructureKind="resource" NumEvents="2156" CreationCount="7"/><InteractionEvent Delta="null" EndDate="2014-09-28 12:09:07.366 JST" Interest="200.95099" Kind="propagation" Navigation="org.eclipse.mylyn.core.model.edges.containment" OriginId="org.eclipse.mylyn.core.model.interest.propagation" StartDate="2014-09-28 11:35:38.431 JST" StructureHandle="=IFM11/src&amp;lt;ifm11.main{MainActv.java[MainActv" StructureKind="java" NumEvents="289" CreationCount="1912"/><InteractionEvent Delta="null" EndDate="2014-09-28 11:56:13.670 JST" Interest="1.0" Kind="selection" Navigation="null" OriginId="org.eclipse.jdt.ui.CompilationUnitEditor" StartDate="2014-09-28 11:56:13.670 JST" StructureHandle="=IFM11/src&amp;lt;ifm11.main{MainActv.java[MainActv" StructureKind="java"/><InteractionEvent Delta="null" EndDate="2014-09-28 12:09:11.216 JST" Interest="1.0" Kind="propagation" Navigation="null" OriginId="org.eclipse.mylyn.resources.ui.interest.updater" StartDate="2014-09-28 12:09:11.216 JST" StructureHandle="/IFM11/src/ifm11/listeners/dialog/DB_OTL.java" StructureKind="resource"/><InteractionEvent Delta="null" EndDate="2014-09-28 10:07:31.882 JST" Interest="1.919" Kind="propagation" Navigation="org.eclipse.mylyn.core.model.edges.containment" OriginId="org.eclipse.mylyn.core.model.interest.propagation" StartDate="2014-09-28 10:04:00.731 JST" StructureHandle="=IFM11/src&amp;lt;ifm11.listeners.dialog{DOI_CL.java" StructureKind="java" NumEvents="4" CreationCount="9"/><InteractionEvent Delta="null" EndDate="2014-09-28 12:09:11.216 JST" Interest="1.0" Kind="prediction" Navigation="null" OriginId="org.eclipse.mylyn.resources.ui.interest.updater" StartDate="2014-09-28 12:09:11.216 JST" StructureHandle="=IFM11/src&amp;lt;ifm11.listeners.dialog{DOI_CL.java" StructureKind="java"/><InteractionEvent Delta="null" EndDate="2014-09-28 11:35:28.243 JST" Interest="27.279001" Kind="manipulation" Navigation="null" OriginId="org.eclipse.mylyn.core.model.interest.decay.correction" StartDate="2014-09-28 11:35:28.243 JST" StructureHandle="=IFM11/src&amp;lt;ifm11.listeners.dialog{DOI_CL.java" StructureKind="java"/><InteractionEvent Delta="null" EndDate="2014-09-28 11:35:28.243 JST" Interest="4.0" Kind="selection" Navigation="null" OriginId="org.eclipse.jdt.ui.PackageExplorer" StartDate="2014-09-28 10:03:42.46 JST" StructureHandle="=IFM11/src&amp;lt;ifm11.listeners.dialog{DOI_CL.java" StructureKind="java" NumEvents="4" CreationCount="9"/><InteractionEvent Delta="null" EndDate="2014-09-28 12:09:07.43 JST" Interest="1.0" Kind="propagation" Navigation="org.eclipse.mylyn.core.model.edges.containment" OriginId="org.eclipse.mylyn.core.model.interest.propagation" StartDate="2014-09-28 12:09:07.43 JST" StructureHandle="/IFM11/res/xml" StructureKind="resource"/><InteractionEvent Delta="null" EndDate="2014-09-28 11:18:03.575 JST" Interest="19.0" Kind="edit" Navigation="null" OriginId="org.eclipse.jdt.ui.CompilationUnitEditor" StartDate="2014-09-28 10:13:42.816 JST" StructureHandle="=IFM11/src&amp;lt;ifm11.utils{DBUtils.java[DBUtils" StructureKind="java" NumEvents="19" CreationCount="167"/><InteractionEvent Delta="null" EndDate="2014-09-28 11:37:47.955 JST" Interest="448.0" Kind="propagation" Navigation="org.eclipse.mylyn.core.model.edges.containment" OriginId="org.eclipse.mylyn.core.model.interest.propagation" StartDate="2014-09-28 10:10:34.826 JST" StructureHandle="=IFM11/src&amp;lt;ifm11.utils{DBUtils.java[DBUtils" StructureKind="java" NumEvents="632" CreationCount="167"/><InteractionEvent Delta="null" EndDate="2014-09-28 11:48:50.816 JST" Interest="34.0" Kind="selection" Navigation="null" OriginId="org.eclipse.jdt.ui.CompilationUnitEditor" StartDate="2014-09-28 10:13:40.984 JST" StructureHandle="=IFM11/src&amp;lt;ifm11.utils{DBUtils.java[DBUtils" StructureKind="java" NumEvents="34" CreationCount="167"/><InteractionEvent Delta="null" EndDate="2014-09-28 10:03:46.275 JST" Interest="1.0" Kind="selection" Navigation="null" OriginId="org.eclipse.ui.views.ContentOutline" StartDate="2014-09-28 10:03:46.275 JST" StructureHandle="=IFM11/src&amp;lt;ifm11.listeners.dialog{DOI_CL.java[DOI_CL~case_ACTV_MAIN_ADMIN_LV_OPS~QListItem;" StructureKind="java"/><InteractionEvent Delta="null" EndDate="2014-09-28 12:09:11.219 JST" Interest="44.024002" Kind="propagation" Navigation="org.eclipse.mylyn.core.model.edges.containment" OriginId="org.eclipse.mylyn.core.model.interest.propagation" StartDate="2014-09-28 10:03:39.656 JST" StructureHandle="/IFM11/src/ifm11/listeners" StructureKind="resource" NumEvents="19" CreationCount="8"/><InteractionEvent Delta="null" EndDate="2014-09-28 10:03:44.103 JST" Interest="1.0" Kind="selection" Navigation="null" OriginId="org.eclipse.ui.views.ContentOutline" StartDate="2014-09-28 10:03:44.103 JST" StructureHandle="=IFM11/src&amp;lt;ifm11.listeners.dialog{DOI_CL.java%ifm11.listeners.dialog" StructureKind="java"/><InteractionEvent Delta="null" EndDate="2014-09-28 11:35:30.524 JST" Interest="33.317" Kind="propagation" Navigation="org.eclipse.mylyn.core.model.edges.containment" OriginId="org.eclipse.mylyn.core.model.interest.propagation" StartDate="2014-09-28 10:03:26.485 JST" StructureHandle="/IFM11/src/ifm11/tasks" StructureKind="resource" NumEvents="3" CreationCount="5"/><InteractionEvent Delta="null" EndDate="2014-09-28 11:50:54.506 JST" Interest="499.02005" Kind="propagation" Navigation="org.eclipse.mylyn.core.model.edges.containment" OriginId="org.eclipse.mylyn.core.model.interest.propagation" StartDate="2014-09-28 10:04:07.779 JST" StructureHandle="=IFM11/src&amp;lt;ifm11.utils" StructureKind="java" NumEvents="711" CreationCount="7"/><InteractionEvent Delta="null" EndDate="2014-09-28 10:03:32.146 JST" Interest="1.0" Kind="selection" Navigation="null" OriginId="org.eclipse.jdt.ui.PackageExplorer" StartDate="2014-09-28 10:03:32.146 JST" StructureHandle="=IFM11/src&amp;lt;ifm11.utils" StructureKind="java"/><InteractionEvent Delta="null" EndDate="2014-09-28 11:39:17.184 JST" Interest="35.0" Kind="edit" Navigation="null" OriginId="org.eclipse.jdt.ui.CompilationUnitEditor" StartDate="2014-09-28 10:34:09.164 JST" StructureHandle="=IFM11/src&amp;lt;ifm11.utils{DBUtils.java[DBUtils~find_All_TI~QActivity;~QString;" StructureKind="java" NumEvents="35" CreationCount="831"/><InteractionEvent Delta="null" EndDate="2014-09-28 11:38:18.906 JST" Interest="0.44400215" Kind="manipulation" Navigation="null" OriginId="org.eclipse.mylyn.core.model.interest.decay.correction" StartDate="2014-09-28 11:38:18.906 JST" StructureHandle="=IFM11/src&amp;lt;ifm11.utils{DBUtils.java[DBUtils~find_All_TI~QActivity;~QString;" StructureKind="java"/><InteractionEvent Delta="null" EndDate="2014-09-28 11:39:22.117 JST" Interest="11.0" Kind="selection" Navigation="null" OriginId="org.eclipse.jdt.ui.CompilationUnitEditor" StartDate="2014-09-28 10:34:09.159 JST" StructureHandle="=IFM11/src&amp;lt;ifm11.utils{DBUtils.java[DBUtils~find_All_TI~QActivity;~QString;" StructureKind="java" NumEvents="11" CreationCount="831"/><InteractionEvent Delta="null" EndDate="2014-09-28 10:03:17.159 JST" Interest="2.0" Kind="selection" Navigation="null" OriginId="org.eclipse.ui.views.ResourceNavigator" StartDate="2014-09-28 10:03:17.158 JST" StructureHandle="=cm7" StructureKind="java" NumEvents="2" CreationCount="1"/><InteractionEvent Delta="null" EndDate="2014-09-28 10:19:13.161 JST" Interest="2.0" Kind="edit" Navigation="null" OriginId="org.eclipse.jdt.ui.CompilationUnitEditor" StartDate="2014-09-28 10:19:11.199 JST" StructureHandle="=IFM11/src&amp;lt;ifm11.utils{CONS.java[CONS[DB^col_names_IFM11_full" StructureKind="java" NumEvents="2" CreationCount="506"/><InteractionEvent Delta="null" EndDate="2014-09-28 10:45:45.348 JST" Interest="10.574001" Kind="manipulation" Navigation="null" OriginId="org.eclipse.mylyn.core.model.interest.decay.correction" StartDate="2014-09-28 10:42:01.673 JST" StructureHandle="=IFM11/src&amp;lt;ifm11.utils{CONS.java[CONS[DB^col_names_IFM11_full" StructureKind="java" NumEvents="2" CreationCount="506"/><InteractionEvent Delta="null" EndDate="2014-09-28 10:46:30.706 JST" Interest="4.0" Kind="selection" Navigation="null" OriginId="org.eclipse.jdt.ui.CompilationUnitEditor" StartDate="2014-09-28 10:19:09.328 JST" StructureHandle="=IFM11/src&amp;lt;ifm11.utils{CONS.java[CONS[DB^col_names_IFM11_full" StructureKind="java" NumEvents="4" CreationCount="506"/><InteractionEvent Delta="null" EndDate="2014-09-28 12:00:20.411 JST" Interest="115.33399" Kind="propagation" Navigation="org.eclipse.mylyn.core.model.edges.containment" OriginId="org.eclipse.mylyn.core.model.interest.propagation" StartDate="2014-09-28 10:04:15.565 JST" StructureHandle="=IFM11/src&amp;lt;ifm11.utils{Methods.java" StructureKind="java" NumEvents="165" CreationCount="21"/><InteractionEvent Delta="null" EndDate="2014-09-28 12:00:15.702 JST" Interest="8.0" Kind="selection" Navigation="null" OriginId="org.eclipse.jdt.ui.CompilationUnitEditor" StartDate="2014-09-28 10:04:07.778 JST" StructureHandle="=IFM11/src&amp;lt;ifm11.utils{Methods.java" StructureKind="java" NumEvents="8" CreationCount="21"/><InteractionEvent Delta="null" EndDate="2014-09-28 12:09:07.43 JST" Interest="1.0" Kind="propagation" Navigation="org.eclipse.mylyn.core.model.edges.containment" OriginId="org.eclipse.mylyn.core.model.interest.propagation" StartDate="2014-09-28 12:09:07.43 JST" StructureHandle="/IFM11/res" StructureKind="resource"/><InteractionEvent Delta="null" EndDate="2014-09-28 11:46:05.160 JST" Interest="10.219" Kind="propagation" Navigation="org.eclipse.mylyn.core.model.edges.containment" OriginId="org.eclipse.mylyn.core.model.interest.propagation" StartDate="2014-09-28 10:19:09.329 JST" StructureHandle="=IFM11/src&amp;lt;ifm11.utils{CONS.java" StructureKind="java" NumEvents="19" CreationCount="505"/><InteractionEvent Delta="null" EndDate="2014-09-28 12:09:11.216 JST" Interest="1.0" Kind="prediction" Navigation="null" OriginId="org.eclipse.mylyn.resources.ui.interest.updater" StartDate="2014-09-28 12:09:11.216 JST" StructureHandle="=IFM11/src&amp;lt;ifm11.utils{CONS.java" StructureKind="java"/><InteractionEvent Delta="null" EndDate="2014-09-28 11:20:42.646 JST" Interest="9.286001" Kind="manipulation" Navigation="null" OriginId="org.eclipse.mylyn.core.model.interest.decay.correction" StartDate="2014-09-28 10:42:01.614 JST" StructureHandle="=IFM11/src&amp;lt;ifm11.utils{CONS.java" StructureKind="java" NumEvents="2" CreationCount="505"/><InteractionEvent Delta="null" EndDate="2014-09-28 11:51:47.914 JST" Interest="14.0" Kind="selection" Navigation="null" OriginId="org.eclipse.jdt.ui.CompilationUnitEditor" StartDate="2014-09-28 10:19:08.671 JST" StructureHandle="=IFM11/src&amp;lt;ifm11.utils{CONS.java" StructureKind="java" NumEvents="14" CreationCount="505"/><InteractionEvent Delta="null" EndDate="2014-09-28 11:02:38.510 JST" Interest="13.0" Kind="edit" Navigation="null" OriginId="org.eclipse.jdt.ui.CompilationUnitEditor" StartDate="2014-09-28 10:49:02.355 JST" StructureHandle="=IFM11/src&amp;lt;ifm11.utils{DBUtils.java[DBUtils~insert_Data_RefreshDate~QActivity;~QString;~I" StructureKind="java" NumEvents="13" CreationCount="1458"/><InteractionEvent Delta="null" EndDate="2014-09-28 11:02:26.402 JST" Interest="3.0" Kind="selection" Navigation="null" OriginId="org.eclipse.jdt.ui.CompilationUnitEditor" StartDate="2014-09-28 10:48:53.254 JST" StructureHandle="=IFM11/src&amp;lt;ifm11.utils{DBUtils.java[DBUtils~insert_Data_RefreshDate~QActivity;~QString;~I" StructureKind="java" NumEvents="3" CreationCount="1458"/><InteractionEvent Delta="null" EndDate="2014-09-28 10:04:04.177 JST" Interest="4.0" Kind="edit" Navigation="null" OriginId="org.eclipse.jdt.ui.CompilationUnitEditor" StartDate="2014-09-28 10:04:00.706 JST" StructureHandle="=IFM11/src&amp;lt;ifm11.listeners.dialog{DOI_CL.java[DOI_CL~case_DLG_DB_ADMIN_LV~QListItem;" StructureKind="java" NumEvents="4" CreationCount="16"/><InteractionEvent Delta="null" EndDate="2014-09-28 10:07:31.882 JST" Interest="2.0" Kind="selection" Navigation="null" OriginId="org.eclipse.jdt.ui.CompilationUnitEditor" StartDate="2014-09-28 10:03:59.762 JST" StructureHandle="=IFM11/src&amp;lt;ifm11.listeners.dialog{DOI_CL.java[DOI_CL~case_DLG_DB_ADMIN_LV~QListItem;" StructureKind="java" NumEvents="2" CreationCount="16"/><InteractionEvent Delta="null" EndDate="2014-09-28 10:07:31.882 JST" Interest="4.868" Kind="propagation" Navigation="org.eclipse.mylyn.core.model.edges.containment" OriginId="org.eclipse.mylyn.core.model.interest.propagation" StartDate="2014-09-28 10:03:46.275 JST" StructureHandle="=IFM11/src&amp;lt;ifm11.listeners.dialog{DOI_CL.java[DOI_CL" StructureKind="java" NumEvents="10" CreationCount="12"/><InteractionEvent Delta="null" EndDate="2014-09-28 11:35:30.524 JST" Interest="1.0" Kind="selection" Navigation="null" OriginId="org.eclipse.jdt.ui.PackageExplorer" StartDate="2014-09-28 11:35:30.524 JST" StructureHandle="=IFM11/src&amp;lt;ifm11.tasks{Task_HTTP.java" StructureKind="java"/><InteractionEvent Delta="null" EndDate="2014-09-28 12:05:46.445 JST" Interest="13.0" Kind="prediction" Navigation="null" OriginId="org.eclipse.mylyn.resources.ui.interest.updater" StartDate="2014-09-28 11:07:27.275 JST" StructureHandle="/IFM11/bin/classes.dex" StructureKind="resource" NumEvents="13" CreationCount="1620"/><InteractionEvent Delta="null" EndDate="2014-09-28 12:09:11.218 JST" Interest="1.0" Kind="propagation" Navigation="null" OriginId="org.eclipse.mylyn.resources.ui.interest.updater" StartDate="2014-09-28 12:09:11.218 JST" StructureHandle="/IFM11/src/ifm11/utils/Methods_dlg.java" StructureKind="resource"/><InteractionEvent Delta="null" EndDate="2014-09-28 10:31:49.9 JST" Interest="83.0" Kind="edit" Navigation="null" OriginId="org.eclipse.jdt.ui.CompilationUnitEditor" StartDate="2014-09-28 10:11:04.664 JST" StructureHandle="=IFM11/src&amp;lt;ifm11.utils{DBUtils.java[DBUtils~updateData_generic~QActivity;~QString;~J~QString;~QString;" StructureKind="java" NumEvents="83" CreationCount="176"/><InteractionEvent Delta="null" EndDate="2014-09-28 10:43:20.840 JST" Interest="12.0" Kind="selection" Navigation="null" OriginId="org.eclipse.ui.views.ContentOutline" StartDate="2014-09-28 10:11:04.45 JST" StructureHandle="=IFM11/src&amp;lt;ifm11.utils{DBUtils.java[DBUtils~updateData_generic~QActivity;~QString;~J~QString;~QString;" StructureKind="java" NumEvents="12" CreationCount="176"/><InteractionEvent Delta="null" EndDate="2014-09-28 11:07:05.70 JST" Interest="24.262001" Kind="manipulation" Navigation="null" OriginId="org.eclipse.mylyn.core.model.interest.decay.correction" StartDate="2014-09-28 11:07:05.70 JST" StructureHandle="=IFM11/src&amp;lt;ifm11.utils{Methods.java[Methods~getMillSeconds_now" StructureKind="java"/><InteractionEvent Delta="null" EndDate="2014-09-28 11:07:05.70 JST" Interest="2.0" Kind="selection" Navigation="null" OriginId="org.eclipse.jdt.ui.CompilationUnitEditor" StartDate="2014-09-28 10:08:51.72 JST" StructureHandle="=IFM11/src&amp;lt;ifm11.utils{Methods.java[Methods~getMillSeconds_now" StructureKind="java" NumEvents="2" CreationCount="127"/><InteractionEvent Delta="null" EndDate="2014-09-28 10:46:35.828 JST" Interest="2.0" Kind="selection" Navigation="null" OriginId="org.eclipse.jdt.ui.CompilationUnitEditor" StartDate="2014-09-28 10:46:31.689 JST" StructureHandle="=IFM11/src&amp;lt;ifm11.utils{CONS.java[CONS[DB^col_types_refresh_log_full" StructureKind="java" NumEvents="2" CreationCount="1381"/><InteractionEvent Delta="null" EndDate="2014-09-28 10:03:28.355 JST" Interest="1.0" Kind="propagation" Navigation="null" OriginId="org.eclipse.jdt.ui.PackageExplorer" StartDate="2014-09-28 10:03:28.355 JST" StructureHandle="/IFM11/src/ifm11/tasks/Task_RefreshDB.java" StructureKind="resource"/><InteractionEvent Delta="null" EndDate="2014-09-28 11:46:05.159 JST" Interest="10.0" Kind="edit" Navigation="null" OriginId="org.eclipse.jdt.ui.CompilationUnitEditor" StartDate="2014-09-28 11:20:47.315 JST" StructureHandle="=IFM11/src&amp;lt;ifm11.utils{CONS.java[CONS[DB^col_names_Admin_full" StructureKind="java" NumEvents="10" CreationCount="1770"/><InteractionEvent Delta="null" EndDate="2014-09-28 11:50:03.621 JST" Interest="4.0" Kind="selection" Navigation="null" OriginId="org.eclipse.jdt.ui.CompilationUnitEditor" StartDate="2014-09-28 11:20:45.427 JST" StructureHandle="=IFM11/src&amp;lt;ifm11.utils{CONS.java[CONS[DB^col_names_Admin_full" StructureKind="java" NumEvents="4" CreationCount="1770"/><InteractionEvent Delta="null" EndDate="2014-09-28 11:35:28.329 JST" Interest="1.0" Kind="selection" Navigation="null" OriginId="org.eclipse.jdt.ui.PackageExplorer" StartDate="2014-09-28 11:35:28.329 JST" StructureHandle="=IFM11/src&amp;lt;ifm11.listeners" StructureKind="java"/><InteractionEvent Delta="null" EndDate="2014-09-28 11:35:34.462 JST" Interest="1.0" Kind="propagation" Navigation="null" OriginId="org.eclipse.jdt.ui.PackageExplorer" StartDate="2014-09-28 11:35:34.462 JST" StructureHandle="/IFM11/src/ifm11/main/PrefActv.java" StructureKind="resource"/><InteractionEvent Delta="null" EndDate="2014-09-28 12:09:11.215 JST" Interest="1.0" Kind="prediction" Navigation="null" OriginId="org.eclipse.mylyn.resources.ui.interest.updater" StartDate="2014-09-28 12:09:11.215 JST" StructureHandle="=IFM11/src&amp;lt;ifm11.utils{Tags.java" StructureKind="java"/><InteractionEvent Delta="null" EndDate="2014-09-28 12:09:11.215 JST" Interest="1.0" Kind="prediction" Navigation="null" OriginId="org.eclipse.mylyn.resources.ui.interest.updater" StartDate="2014-09-28 12:09:11.215 JST" StructureHandle="=IFM11/src&amp;lt;ifm11.listeners.dialog{DB_OTL.java" StructureKind="java"/><InteractionEvent Delta="null" EndDate="2014-09-28 12:09:08.251 JST" Interest="301.034" Kind="propagation" Navigation="org.eclipse.mylyn.core.model.edges.containment" OriginId="org.eclipse.mylyn.core.model.interest.propagation" StartDate="2014-09-28 10:03:22.391 JST" StructureHandle="/IFM11/src/ifm11/main" StructureKind="resource" NumEvents="303" CreationCount="4"/><InteractionEvent Delta="null" EndDate="2014-09-28 11:35:31.339 JST" Interest="31.351002" Kind="manipulation" Navigation="null" OriginId="org.eclipse.mylyn.core.model.interest.decay.correction" StartDate="2014-09-28 11:35:31.339 JST" StructureHandle="/IFM11/src/ifm11/main" StructureKind="resource"/><InteractionEvent Delta="null" EndDate="2014-09-28 10:48:47.79 JST" Interest="1.0" Kind="selection" Navigation="null" OriginId="org.eclipse.ui.views.ContentOutline" StartDate="2014-09-28 10:48:47.79 JST" StructureHandle="=IFM11/src&amp;lt;ifm11.utils{DBUtils.java[DBUtils~delete_TI~QActivity;~QTI;~Z" StructureKind="java"/><InteractionEvent Delta="null" EndDate="2014-09-28 11:35:30.524 JST" Interest="1.0" Kind="propagation" Navigation="null" OriginId="org.eclipse.jdt.ui.PackageExplorer" StartDate="2014-09-28 11:35:30.524 JST" StructureHandle="/IFM11/src/ifm11/tasks/Task_HTTP.java" StructureKind="resource"/><InteractionEvent Delta="null" EndDate="2014-09-28 10:33:56.353 JST" Interest="11.0" Kind="edit" Navigation="null" OriginId="org.eclipse.jdt.ui.CompilationUnitEditor" StartDate="2014-09-28 10:10:51.357 JST" StructureHandle="=IFM11/src&amp;lt;ifm11.utils{DBUtils.java[DBUtils~createTable~QActivity;~QString;~\[QString;~\[QString;" StructureKind="java" NumEvents="11" CreationCount="172"/><InteractionEvent Delta="null" EndDate="2014-09-28 10:33:56.342 JST" Interest="8.0" Kind="selection" Navigation="null" OriginId="org.eclipse.jdt.ui.CompilationUnitEditor" StartDate="2014-09-28 10:10:48.426 JST" StructureHandle="=IFM11/src&amp;lt;ifm11.utils{DBUtils.java[DBUtils~createTable~QActivity;~QString;~\[QString;~\[QString;" StructureKind="java" NumEvents="8" CreationCount="172"/><InteractionEvent Delta="null" EndDate="2014-09-28 10:03:47.787 JST" Interest="1.0" Kind="selection" Navigation="null" OriginId="org.eclipse.ui.views.ContentOutline" StartDate="2014-09-28 10:03:47.787 JST" StructureHandle="=IFM11/src&amp;lt;ifm11.listeners.dialog{DOI_CL.java[DOI_CL~_case_Dlg_Db_Admin_lv__UploadDB" StructureKind="java"/><InteractionEvent Delta="null" EndDate="2014-09-28 10:45:43.315 JST" Interest="1.0" Kind="selection" Navigation="null" OriginId="org.eclipse.jdt.ui.CompilationUnitEditor" StartDate="2014-09-28 10:45:43.315 JST" StructureHandle="=IFM11/src&amp;lt;ifm11.utils{CONS.java[CONS[DB^col_names_MemoPatterns_full" StructureKind="java"/><InteractionEvent Delta="null" EndDate="2014-09-28 11:35:28.243 JST" Interest="15.0" Kind="propagation" Navigation="null" OriginId="org.eclipse.jdt.ui.PackageExplorer" StartDate="2014-09-28 10:03:42.47 JST" StructureHandle="/IFM11/src/ifm11/listeners/dialog/DOI_CL.java" StructureKind="resource" NumEvents="15" CreationCount="9"/><InteractionEvent Delta="null" EndDate="2014-09-28 11:35:28.243 JST" Interest="18.215" Kind="manipulation" Navigation="null" OriginId="org.eclipse.mylyn.core.model.interest.decay.correction" StartDate="2014-09-28 11:35:28.243 JST" StructureHandle="/IFM11/src/ifm11/listeners/dialog/DOI_CL.java" StructureKind="resource"/><InteractionEvent Delta="null" EndDate="2014-09-28 11:16:45.514 JST" Interest="44.0" Kind="edit" Navigation="null" OriginId="org.eclipse.jdt.ui.CompilationUnitEditor" StartDate="2014-09-28 11:02:43.820 JST" StructureHandle="=IFM11/src&amp;lt;ifm11.utils{DBUtils.java[DBUtils~insert_Data_generic~QActivity;~QString;~QContentValues;" StructureKind="java" NumEvents="44" CreationCount="1476"/><InteractionEvent Delta="null" EndDate="2014-09-28 11:15:40.778 JST" Interest="2.0" Kind="selection" Navigation="null" OriginId="org.eclipse.jdt.ui.CompilationUnitEditor" StartDate="2014-09-28 11:02:40.208 JST" StructureHandle="=IFM11/src&amp;lt;ifm11.utils{DBUtils.java[DBUtils~insert_Data_generic~QActivity;~QString;~QContentValues;" StructureKind="java" NumEvents="2" CreationCount="1476"/><InteractionEvent Delta="null" EndDate="2014-09-28 10:33:51.661 JST" Interest="1.0" Kind="edit" Navigation="null" OriginId="org.eclipse.jdt.ui.CompilationUnitEditor" StartDate="2014-09-28 10:33:51.661 JST" StructureHandle="=IFM11/src&amp;lt;ifm11.utils{DBUtils.java[DBUtils~createTable~QSQLiteDatabase;~QString;~\[QString;~\[QString;" StructureKind="java"/><InteractionEvent Delta="null" EndDate="2014-09-28 10:33:51.647 JST" Interest="1.0" Kind="selection" Navigation="null" OriginId="org.eclipse.jdt.ui.CompilationUnitEditor" StartDate="2014-09-28 10:33:51.647 JST" StructureHandle="=IFM11/src&amp;lt;ifm11.utils{DBUtils.java[DBUtils~createTable~QSQLiteDatabase;~QString;~\[QString;~\[QString;" StructureKind="java"/><InteractionEvent Delta="null" EndDate="2014-09-28 11:39:10.277 JST" Interest="20.505001" Kind="manipulation" Navigation="null" OriginId="org.eclipse.mylyn.core.model.interest.decay.correction" StartDate="2014-09-28 11:39:10.277 JST" StructureHandle="=IFM11/src&amp;lt;ifm11.utils{DBUtils.java%ifm11.utils" StructureKind="java"/><InteractionEvent Delta="null" EndDate="2014-09-28 11:39:10.277 JST" Interest="2.0" Kind="selection" Navigation="null" OriginId="org.eclipse.ui.views.ContentOutline" StartDate="2014-09-28 10:31:44.856 JST" StructureHandle="=IFM11/src&amp;lt;ifm11.utils{DBUtils.java%ifm11.utils" StructureKind="java" NumEvents="2" CreationCount="720"/><InteractionEvent Delta="null" EndDate="2014-09-28 11:38:09.469 JST" Interest="304.0" Kind="edit" Navigation="null" OriginId="org.eclipse.jdt.ui.CompilationUnitEditor" StartDate="2014-09-28 10:15:29.29 JST" StructureHandle="=IFM11/src&amp;lt;ifm11.utils{DBUtils.java[DBUtils~updateData_generic_static~QActivity;~QString;~J~QString;~QString;" StructureKind="java" NumEvents="304" CreationCount="291"/><InteractionEvent Delta="null" EndDate="2014-09-28 11:38:07.54 JST" Interest="17.0" Kind="selection" Navigation="null" OriginId="org.eclipse.jdt.ui.CompilationUnitEditor" StartDate="2014-09-28 10:15:29.25 JST" StructureHandle="=IFM11/src&amp;lt;ifm11.utils{DBUtils.java[DBUtils~updateData_generic_static~QActivity;~QString;~J~QString;~QString;" StructureKind="java" NumEvents="17" CreationCount="291"/><InteractionEvent Delta="null" EndDate="2014-09-28 12:00:19.514 JST" Interest="149.0" Kind="edit" Navigation="null" OriginId="org.eclipse.jdt.ui.CompilationUnitEditor" StartDate="2014-09-28 10:04:12.243 JST" StructureHandle="=IFM11/src&amp;lt;ifm11.utils{Methods.java[Methods~backup_DB~QActivity;" StructureKind="java" NumEvents="149" CreationCount="23"/><InteractionEvent Delta="null" EndDate="2014-09-28 12:00:15.888 JST" Interest="18.0" Kind="selection" Navigation="null" OriginId="org.eclipse.jdt.ui.CompilationUnitEditor" StartDate="2014-09-28 10:04:09.195 JST" StructureHandle="=IFM11/src&amp;lt;ifm11.utils{Methods.java[Methods~backup_DB~QActivity;" StructureKind="java" NumEvents="18" CreationCount="23"/><InteractionEvent Delta="null" EndDate="2014-09-28 12:09:11.219 JST" Interest="1.0" Kind="propagation" Navigation="null" OriginId="org.eclipse.mylyn.resources.ui.interest.updater" StartDate="2014-09-28 12:09:11.219 JST" StructureHandle="/IFM11/src/ifm11/listeners/dialog/DB_OCL.java" StructureKind="resource"/><InteractionEvent Delta="null" EndDate="2014-09-28 12:09:07.43 JST" Interest="1.0" Kind="propagation" Navigation="org.eclipse.mylyn.core.model.edges.containment" OriginId="org.eclipse.mylyn.core.model.interest.propagation" StartDate="2014-09-28 12:09:07.43 JST" StructureHandle="/IFM11/res/values" StructureKind="resource"/><InteractionEvent Delta="null" EndDate="2014-09-28 12:00:20.411 JST" Interest="193.0" Kind="propagation" Navigation="null" OriginId="org.eclipse.jdt.ui.CompilationUnitEditor" StartDate="2014-09-28 10:04:07.778 JST" StructureHandle="/IFM11/src/ifm11/utils/Methods.java" StructureKind="resource" NumEvents="193" CreationCount="21"/><InteractionEvent Delta="null" EndDate="2014-09-28 12:09:11.216 JST" Interest="1.0" Kind="prediction" Navigation="null" OriginId="org.eclipse.mylyn.resources.ui.interest.updater" StartDate="2014-09-28 12:09:11.216 JST" StructureHandle="=IFM11/src&amp;lt;ifm11.listeners.dialog{DB_OCL.java" StructureKind="java"/><InteractionEvent Delta="null" EndDate="2014-09-28 12:09:11.220 JST" Interest="2474.102" Kind="propagation" Navigation="org.eclipse.mylyn.core.model.edges.containment" OriginId="org.eclipse.mylyn.core.model.interest.propagation" StartDate="2014-09-28 10:03:18.455 JST" StructureHandle="=IFM11" StructureKind="resource" NumEvents="2481" CreationCount="3"/><InteractionEvent Delta="null" EndDate="2014-09-28 12:09:09.460 JST" Interest="1.0" Kind="selection" Navigation="null" OriginId="org.eclipse.jdt.ui.PackageExplorer" StartDate="2014-09-28 12:09:09.460 JST" StructureHandle="=IFM11" StructureKind="java"/></InteractionHistory>