<?xml version="1.0" encoding="UTF-8"?><InteractionHistory Id="local-146" Version="1"><InteractionEvent Delta="null" EndDate="2014-10-10 08:27:47.335 JST" Interest="8.0" Kind="selection" Navigation="null" OriginId="org.eclipse.jdt.ui.CompilationUnitEditor" StartDate="2014-10-10 08:15:19.423 JST" StructureHandle="=TA2/src&amp;lt;ta2.main{PhotoActv.java" StructureKind="java" NumEvents="8" CreationCount="4"/><InteractionEvent Delta="null" EndDate="2014-10-10 08:27:49.31 JST" Interest="147.493" Kind="propagation" Navigation="org.eclipse.mylyn.core.model.edges.containment" OriginId="org.eclipse.mylyn.core.model.interest.propagation" StartDate="2014-10-10 08:15:25.309 JST" StructureHandle="=TA2/src&amp;lt;ta2.main{PhotoActv.java" StructureKind="java" NumEvents="214" CreationCount="4"/><InteractionEvent Delta="null" EndDate="2014-10-10 08:26:11.835 JST" Interest="14.0" Kind="propagation" Navigation="null" OriginId="org.eclipse.jdt.ui.CompilationUnitEditor" StartDate="2014-10-10 08:18:02.2 JST" StructureHandle="/TA2/src/ta2/utils/CONS.java" StructureKind="resource" NumEvents="14" CreationCount="139"/><InteractionEvent Delta="null" EndDate="2014-10-10 08:17:32.142 JST" Interest="1.0" Kind="selection" Navigation="null" OriginId="org.eclipse.ui.views.ContentOutline" StartDate="2014-10-10 08:17:32.142 JST" StructureHandle="=TA2/src&amp;lt;ta2.main{ShowListActv.java%ta2.main" StructureKind="java"/><InteractionEvent Delta="null" EndDate="2014-10-10 08:26:10.693 JST" Interest="11.0" Kind="propagation" Navigation="null" OriginId="org.eclipse.jdt.ui.CompilationUnitEditor" StartDate="2014-10-10 08:19:33.206 JST" StructureHandle="/TA2/src/ta2/adapters/Adp_TIList.java" StructureKind="resource" NumEvents="11" CreationCount="196"/><InteractionEvent Delta="null" EndDate="2014-10-10 08:15:18.625 JST" Interest="1.0" Kind="selection" Navigation="null" OriginId="org.eclipse.jdt.ui.PackageExplorer" StartDate="2014-10-10 08:15:18.625 JST" StructureHandle="=TA2/src&amp;lt;ta2.main{MemoActv.java" StructureKind="java"/><InteractionEvent Delta="null" EndDate="2014-10-10 08:26:11.835 JST" Interest="14.0" Kind="propagation" Navigation="org.eclipse.mylyn.core.model.edges.containment" OriginId="org.eclipse.mylyn.core.model.interest.propagation" StartDate="2014-10-10 08:18:02.2 JST" StructureHandle="/TA2/src/ta2/utils" StructureKind="resource" NumEvents="14" CreationCount="139"/><InteractionEvent Delta="null" EndDate="2014-10-10 08:26:38.11 JST" Interest="1.0" Kind="prediction" Navigation="null" OriginId="org.eclipse.mylyn.resources.ui.interest.updater" StartDate="2014-10-10 08:26:38.11 JST" StructureHandle="/IFM11/bin/resources.ap_" StructureKind="resource"/><InteractionEvent Delta="null" EndDate="2014-10-10 08:27:49.31 JST" Interest="282.051" Kind="propagation" Navigation="org.eclipse.mylyn.core.model.edges.containment" OriginId="org.eclipse.mylyn.core.model.interest.propagation" StartDate="2014-10-10 08:15:15.567 JST" StructureHandle="/TA2/src/ta2" StructureKind="resource" NumEvents="286" CreationCount="1"/><InteractionEvent Delta="null" EndDate="2014-10-10 08:15:18.626 JST" Interest="1.0" Kind="propagation" Navigation="null" OriginId="org.eclipse.jdt.ui.PackageExplorer" StartDate="2014-10-10 08:15:18.626 JST" StructureHandle="/TA2/src/ta2/main/MemoActv.java" StructureKind="resource"/><InteractionEvent Delta="null" EndDate="2014-10-10 08:26:29.326 JST" Interest="19.0" Kind="edit" Navigation="null" OriginId="org.eclipse.jdt.ui.CompilationUnitEditor" StartDate="2014-10-10 08:26:03.658 JST" StructureHandle="=IFM11/src&amp;lt;ifm11.main{TNActv.java[TNActv~_Setup_SetSelection" StructureKind="java" NumEvents="19" CreationCount="322"/><InteractionEvent Delta="null" EndDate="2014-10-10 08:26:20.406 JST" Interest="2.0" Kind="selection" Navigation="null" OriginId="org.eclipse.jdt.ui.CompilationUnitEditor" StartDate="2014-10-10 08:26:03.581 JST" StructureHandle="=IFM11/src&amp;lt;ifm11.main{TNActv.java[TNActv~_Setup_SetSelection" StructureKind="java" NumEvents="2" CreationCount="322"/><InteractionEvent Delta="null" EndDate="2014-10-10 08:25:58.168 JST" Interest="1.0" Kind="selection" Navigation="null" OriginId="org.eclipse.ui.views.ResourceNavigator" StartDate="2014-10-10 08:25:58.168 JST" StructureHandle="=IFM11/src&amp;lt;ifm11.main" StructureKind="java"/><InteractionEvent Delta="null" EndDate="2014-10-10 08:26:29.328 JST" Interest="14.368" Kind="propagation" Navigation="org.eclipse.mylyn.core.model.edges.containment" OriginId="org.eclipse.mylyn.core.model.interest.propagation" StartDate="2014-10-10 08:25:59.704 JST" StructureHandle="=IFM11/src&amp;lt;ifm11.main" StructureKind="java" NumEvents="22" CreationCount="318"/><InteractionEvent Delta="null" EndDate="2014-10-10 08:15:16.987 JST" Interest="1.0" Kind="selection" Navigation="null" OriginId="org.eclipse.jdt.ui.PackageExplorer" StartDate="2014-10-10 08:15:16.987 JST" StructureHandle="=TA2/src&amp;lt;ta2.main" StructureKind="java"/><InteractionEvent Delta="null" EndDate="2014-10-10 08:27:49.31 JST" Interest="154.527" Kind="propagation" Navigation="org.eclipse.mylyn.core.model.edges.containment" OriginId="org.eclipse.mylyn.core.model.interest.propagation" StartDate="2014-10-10 08:15:18.627 JST" StructureHandle="=TA2/src&amp;lt;ta2.main" StructureKind="java" NumEvents="225" CreationCount="2"/><InteractionEvent Delta="null" EndDate="2014-10-10 08:26:38.11 JST" Interest="1.0" Kind="propagation" Navigation="org.eclipse.mylyn.core.model.edges.containment" OriginId="org.eclipse.mylyn.core.model.interest.propagation" StartDate="2014-10-10 08:26:38.11 JST" StructureHandle="/IFM11/bin" StructureKind="resource"/><InteractionEvent Delta="null" EndDate="2014-10-10 08:15:15.567 JST" Interest="1.0" Kind="propagation" Navigation="org.eclipse.mylyn.core.model.edges.containment" OriginId="org.eclipse.mylyn.core.model.interest.propagation" StartDate="2014-10-10 08:15:15.567 JST" StructureHandle="/TA2/src/ta2/listeners" StructureKind="resource"/><InteractionEvent Delta="null" EndDate="2014-10-10 08:18:51.221 JST" Interest="12.299999" Kind="propagation" Navigation="org.eclipse.mylyn.core.model.edges.containment" OriginId="org.eclipse.mylyn.core.model.interest.propagation" StartDate="2014-10-10 08:17:34.784 JST" StructureHandle="=TA2/src&amp;lt;ta2.main{ShowListActv.java[ShowListActv" StructureKind="java" NumEvents="15" CreationCount="129"/><InteractionEvent Delta="null" EndDate="2014-10-10 08:19:05.253 JST" Interest="1.0" Kind="edit" Navigation="null" OriginId="org.eclipse.jdt.ui.CompilationUnitEditor" StartDate="2014-10-10 08:19:05.253 JST" StructureHandle="=TA2/src&amp;lt;ta2.utils{CONS.java[CONS[PhotoActv^list_Pos_Current" StructureKind="java"/><InteractionEvent Delta="null" EndDate="2014-10-10 08:26:11.834 JST" Interest="4.0" Kind="selection" Navigation="null" OriginId="org.eclipse.jdt.ui.CompilationUnitEditor" StartDate="2014-10-10 08:18:21.245 JST" StructureHandle="=TA2/src&amp;lt;ta2.utils{CONS.java[CONS[PhotoActv^list_Pos_Current" StructureKind="java" NumEvents="4" CreationCount="146"/><InteractionEvent Delta="null" EndDate="2014-10-10 08:26:29.327 JST" Interest="15.3" Kind="propagation" Navigation="org.eclipse.mylyn.core.model.edges.containment" OriginId="org.eclipse.mylyn.core.model.interest.propagation" StartDate="2014-10-10 08:26:03.581 JST" StructureHandle="=IFM11/src&amp;lt;ifm11.main{TNActv.java[TNActv" StructureKind="java" NumEvents="21" CreationCount="322"/><InteractionEvent Delta="null" EndDate="2014-10-10 08:26:29.328 JST" Interest="25.0" Kind="propagation" Navigation="null" OriginId="org.eclipse.jdt.ui.CompilationUnitEditor" StartDate="2014-10-10 08:25:59.703 JST" StructureHandle="/IFM11/src/ifm11/main/TNActv.java" StructureKind="resource" NumEvents="25" CreationCount="319"/><InteractionEvent Delta="null" EndDate="2014-10-10 08:23:38.116 JST" Interest="2.0" Kind="prediction" Navigation="null" OriginId="org.eclipse.mylyn.resources.ui.interest.updater" StartDate="2014-10-10 08:20:22.836 JST" StructureHandle="/TA2/bin/TA2.apk" StructureKind="resource" NumEvents="2" CreationCount="242"/><InteractionEvent Delta="null" EndDate="2014-10-10 08:15:15.567 JST" Interest="1.0" Kind="propagation" Navigation="null" OriginId="org.eclipse.jdt.ui.PackageExplorer" StartDate="2014-10-10 08:15:15.567 JST" StructureHandle="/TA2/src/ta2/listeners/dialog" StructureKind="resource"/><InteractionEvent Delta="null" EndDate="2014-10-10 08:26:11.591 JST" Interest="6.017" Kind="propagation" Navigation="org.eclipse.mylyn.core.model.edges.containment" OriginId="org.eclipse.mylyn.core.model.interest.propagation" StartDate="2014-10-10 08:18:02.2 JST" StructureHandle="=TA2/src&amp;lt;ta2.utils" StructureKind="java" NumEvents="7" CreationCount="139"/><InteractionEvent Delta="null" EndDate="2014-10-10 08:18:05.645 JST" Interest="1.0" Kind="selection" Navigation="null" OriginId="org.eclipse.jdt.ui.CompilationUnitEditor" StartDate="2014-10-10 08:18:05.645 JST" StructureHandle="=TA2/src&amp;lt;ta2.utils{CONS.java[CONS[ShowListActv" StructureKind="java"/><InteractionEvent Delta="null" EndDate="2014-10-10 08:18:02.769 JST" Interest="1.0" Kind="propagation" Navigation="org.eclipse.mylyn.core.model.edges.containment" OriginId="org.eclipse.mylyn.core.model.interest.propagation" StartDate="2014-10-10 08:18:02.769 JST" StructureHandle="=TA2/src&amp;lt;ta2.utils{CONS.java[CONS[ShowListActv" StructureKind="java"/><InteractionEvent Delta="null" EndDate="2014-10-10 08:26:29.328 JST" Interest="25.051" Kind="propagation" Navigation="org.eclipse.mylyn.core.model.edges.containment" OriginId="org.eclipse.mylyn.core.model.interest.propagation" StartDate="2014-10-10 08:25:54.261 JST" StructureHandle="=IFM11" StructureKind="resource" NumEvents="28" CreationCount="316"/><InteractionEvent Delta="null" EndDate="2014-10-10 08:18:13.197 JST" Interest="1.0" Kind="selection" Navigation="null" OriginId="org.eclipse.jdt.ui.CompilationUnitEditor" StartDate="2014-10-10 08:18:13.197 JST" StructureHandle="=TA2/src&amp;lt;ta2.utils{CONS.java[CONS[PhotoActv" StructureKind="java"/><InteractionEvent Delta="null" EndDate="2014-10-10 08:26:11.834 JST" Interest="3.751" Kind="propagation" Navigation="org.eclipse.mylyn.core.model.edges.containment" OriginId="org.eclipse.mylyn.core.model.interest.propagation" StartDate="2014-10-10 08:18:18.154 JST" StructureHandle="=TA2/src&amp;lt;ta2.utils{CONS.java[CONS[PhotoActv" StructureKind="java" NumEvents="6" CreationCount="143"/><InteractionEvent Delta="null" EndDate="2014-10-10 08:19:37.671 JST" Interest="1.0" Kind="selection" Navigation="null" OriginId="org.eclipse.ui.views.ContentOutline" StartDate="2014-10-10 08:19:37.671 JST" StructureHandle="=TA2/src&amp;lt;ta2.adapters{Adp_TIList.java%ta2.adapters" StructureKind="java"/><InteractionEvent Delta="null" EndDate="2014-10-10 08:27:49.32 JST" Interest="327.051" Kind="propagation" Navigation="org.eclipse.mylyn.core.model.edges.containment" OriginId="org.eclipse.mylyn.core.model.interest.propagation" StartDate="2014-10-10 08:15:15.567 JST" StructureHandle="/" StructureKind="resource" NumEvents="331" CreationCount="1"/><InteractionEvent Delta="null" EndDate="2014-10-10 08:26:01.663 JST" Interest="1.0" Kind="selection" Navigation="null" OriginId="org.eclipse.ui.views.ContentOutline" StartDate="2014-10-10 08:26:01.663 JST" StructureHandle="=IFM11/src&amp;lt;ifm11.main{TNActv.java%ifm11.main" StructureKind="java"/><InteractionEvent Delta="null" EndDate="2014-10-10 08:26:10.375 JST" Interest="3.0" Kind="selection" Navigation="null" OriginId="org.eclipse.jdt.ui.CompilationUnitEditor" StartDate="2014-10-10 08:19:33.206 JST" StructureHandle="=TA2/src&amp;lt;ta2.adapters{Adp_TIList.java" StructureKind="java" NumEvents="3" CreationCount="196"/><InteractionEvent Delta="null" EndDate="2014-10-10 08:19:42.401 JST" Interest="2.551" Kind="propagation" Navigation="org.eclipse.mylyn.core.model.edges.containment" OriginId="org.eclipse.mylyn.core.model.interest.propagation" StartDate="2014-10-10 08:19:39.899 JST" StructureHandle="=TA2/src&amp;lt;ta2.adapters{Adp_TIList.java" StructureKind="java" NumEvents="4" CreationCount="196"/><InteractionEvent Delta="null" EndDate="2014-10-10 08:23:38.117 JST" Interest="2.0" Kind="propagation" Navigation="org.eclipse.mylyn.core.model.edges.containment" OriginId="org.eclipse.mylyn.core.model.interest.propagation" StartDate="2014-10-10 08:20:22.836 JST" StructureHandle="/TA2/bin" StructureKind="resource" NumEvents="2" CreationCount="242"/><InteractionEvent Delta="null" EndDate="2014-10-10 08:26:12.276 JST" Interest="6.0" Kind="selection" Navigation="null" OriginId="org.eclipse.jdt.ui.CompilationUnitEditor" StartDate="2014-10-10 08:17:30.63 JST" StructureHandle="=TA2/src&amp;lt;ta2.main{ShowListActv.java" StructureKind="java" NumEvents="6" CreationCount="126"/><InteractionEvent Delta="null" EndDate="2014-10-10 08:18:51.222 JST" Interest="7.3509994" Kind="propagation" Navigation="org.eclipse.mylyn.core.model.edges.containment" OriginId="org.eclipse.mylyn.core.model.interest.propagation" StartDate="2014-10-10 08:17:35.395 JST" StructureHandle="=TA2/src&amp;lt;ta2.main{ShowListActv.java" StructureKind="java" NumEvents="10" CreationCount="126"/><InteractionEvent Delta="null" EndDate="2014-10-10 08:26:20.114 JST" Interest="3.0" Kind="selection" Navigation="null" OriginId="org.eclipse.jdt.ui.CompilationUnitEditor" StartDate="2014-10-10 08:25:59.703 JST" StructureHandle="=IFM11/src&amp;lt;ifm11.main{TNActv.java" StructureKind="java" NumEvents="3" CreationCount="319"/><InteractionEvent Delta="null" EndDate="2014-10-10 08:26:29.328 JST" Interest="12.351" Kind="propagation" Navigation="org.eclipse.mylyn.core.model.edges.containment" OriginId="org.eclipse.mylyn.core.model.interest.propagation" StartDate="2014-10-10 08:26:04.131 JST" StructureHandle="=IFM11/src&amp;lt;ifm11.main{TNActv.java" StructureKind="java" NumEvents="18" CreationCount="319"/><InteractionEvent Delta="null" EndDate="2014-10-10 08:19:32.315 JST" Interest="1.0" Kind="selection" Navigation="null" OriginId="org.eclipse.jdt.ui.PackageExplorer" StartDate="2014-10-10 08:19:32.315 JST" StructureHandle="=TA2/src&amp;lt;ta2.adapters{Adp_ListItems.java" StructureKind="java"/><InteractionEvent Delta="null" EndDate="2014-10-10 08:26:38.11 JST" Interest="1.0" Kind="prediction" Navigation="null" OriginId="org.eclipse.mylyn.resources.ui.interest.updater" StartDate="2014-10-10 08:26:38.11 JST" StructureHandle="/IFM11/bin/IFM11.apk" StructureKind="resource"/><InteractionEvent Delta="null" EndDate="2014-10-10 08:27:49.32 JST" Interest="283.034" Kind="propagation" Navigation="null" OriginId="org.eclipse.ui.views.ContentOutline" StartDate="2014-10-10 08:15:16.988 JST" StructureHandle="/TA2/src/ta2/main" StructureKind="resource" NumEvents="285" CreationCount="2"/><InteractionEvent Delta="null" EndDate="2014-10-10 08:18:02.768 JST" Interest="1.0" Kind="selection" Navigation="null" OriginId="org.eclipse.jdt.ui.CompilationUnitEditor" StartDate="2014-10-10 08:18:02.768 JST" StructureHandle="=TA2/src&amp;lt;ta2.utils{CONS.java[CONS[ShowListActv^list_Pos_Current" StructureKind="java"/><InteractionEvent Delta="null" EndDate="2014-10-10 08:26:38.11 JST" Interest="1.0" Kind="prediction" Navigation="null" OriginId="org.eclipse.mylyn.resources.ui.interest.updater" StartDate="2014-10-10 08:26:38.11 JST" StructureHandle="/IFM11/bin/classes.dex" StructureKind="resource"/><InteractionEvent Delta="null" EndDate="2014-10-10 08:27:49.32 JST" Interest="327.051" Kind="propagation" Navigation="null" OriginId="org.eclipse.ui.views.ContentOutline" StartDate="2014-10-10 08:15:15.567 JST" StructureHandle="/TA2/src" StructureKind="resource" NumEvents="331" CreationCount="1"/><InteractionEvent Delta="null" EndDate="2014-10-10 08:15:15.567 JST" Interest="1.0" Kind="selection" Navigation="null" OriginId="org.eclipse.jdt.ui.PackageExplorer" StartDate="2014-10-10 08:15:15.567 JST" StructureHandle="=TA2/src&amp;lt;ta2.listeners.dialog" StructureKind="java"/><InteractionEvent Delta="null" EndDate="2014-10-10 08:27:49.32 JST" Interest="327.051" Kind="propagation" Navigation="org.eclipse.mylyn.core.model.edges.containment" OriginId="org.eclipse.mylyn.core.model.interest.propagation" StartDate="2014-10-10 08:15:15.567 JST" StructureHandle="=TA2" StructureKind="resource" NumEvents="331" CreationCount="1"/><InteractionEvent Delta="null" EndDate="2014-10-10 08:26:11.304 JST" Interest="17.0" Kind="propagation" Navigation="null" OriginId="org.eclipse.jdt.ui.CompilationUnitEditor" StartDate="2014-10-10 08:18:57.809 JST" StructureHandle="/TA2/src/ta2/adapters/Adp_MemoList.java" StructureKind="resource" NumEvents="17" CreationCount="175"/><InteractionEvent Delta="null" EndDate="2014-10-10 08:18:51.737 JST" Interest="3.0" Kind="edit" Navigation="null" OriginId="org.eclipse.jdt.ui.CompilationUnitEditor" StartDate="2014-10-10 08:18:51.730 JST" StructureHandle="=TA2/src&amp;lt;ta2.main{ShowListActv.java[ShowListActv~_Setup_Adapter" StructureKind="java" NumEvents="3" CreationCount="167"/><InteractionEvent Delta="null" EndDate="2014-10-10 08:26:12.554 JST" Interest="4.0" Kind="selection" Navigation="null" OriginId="org.eclipse.jdt.ui.CompilationUnitEditor" StartDate="2014-10-10 08:18:51.119 JST" StructureHandle="=TA2/src&amp;lt;ta2.main{ShowListActv.java[ShowListActv~_Setup_Adapter" StructureKind="java" NumEvents="4" CreationCount="167"/><InteractionEvent Delta="null" EndDate="2014-10-10 08:17:29.511 JST" Interest="1.0" Kind="propagation" Navigation="null" OriginId="org.eclipse.jdt.ui.PackageExplorer" StartDate="2014-10-10 08:17:29.511 JST" StructureHandle="/TA2/src/ta2/main/RecActv.java" StructureKind="resource"/><InteractionEvent Delta="null" EndDate="2014-10-10 08:26:11.834 JST" Interest="4.802" Kind="propagation" Navigation="org.eclipse.mylyn.core.model.edges.containment" OriginId="org.eclipse.mylyn.core.model.interest.propagation" StartDate="2014-10-10 08:18:02.770 JST" StructureHandle="=TA2/src&amp;lt;ta2.utils{CONS.java[CONS" StructureKind="java" NumEvents="6" CreationCount="140"/><InteractionEvent Delta="null" EndDate="2014-10-10 08:17:29.511 JST" Interest="1.0" Kind="selection" Navigation="null" OriginId="org.eclipse.jdt.ui.PackageExplorer" StartDate="2014-10-10 08:17:29.511 JST" StructureHandle="=TA2/src&amp;lt;ta2.main{RecActv.java" StructureKind="java"/><InteractionEvent Delta="null" EndDate="2014-10-10 08:26:12.556 JST" Interest="29.0" Kind="propagation" Navigation="null" OriginId="org.eclipse.jdt.ui.CompilationUnitEditor" StartDate="2014-10-10 08:17:30.64 JST" StructureHandle="/TA2/src/ta2/main/ShowListActv.java" StructureKind="resource" NumEvents="29" CreationCount="126"/><InteractionEvent Delta="null" EndDate="2014-10-10 08:23:38.116 JST" Interest="2.0" Kind="prediction" Navigation="null" OriginId="org.eclipse.mylyn.resources.ui.interest.updater" StartDate="2014-10-10 08:20:22.836 JST" StructureHandle="/TA2/bin/classes.dex" StructureKind="resource" NumEvents="2" CreationCount="242"/><InteractionEvent Delta="null" EndDate="2014-10-10 08:19:06.431 JST" Interest="3.0" Kind="selection" Navigation="null" OriginId="org.eclipse.jdt.ui.CompilationUnitEditor" StartDate="2014-10-10 08:18:58.623 JST" StructureHandle="=TA2/src&amp;lt;ta2.adapters{Adp_MemoList.java[Adp_MemoList~Adp_MemoList~QContext;~I~QList\&amp;lt;QMemo;&amp;gt;;" StructureKind="java" NumEvents="3" CreationCount="176"/><InteractionEvent Delta="null" EndDate="2014-10-10 08:19:31.48 JST" Interest="2.0" Kind="selection" Navigation="null" OriginId="org.eclipse.jdt.ui.PackageExplorer" StartDate="2014-10-10 08:17:46.618 JST" StructureHandle="=TA2/src&amp;lt;ta2.adapters" StructureKind="java" NumEvents="2" CreationCount="138"/><InteractionEvent Delta="null" EndDate="2014-10-10 08:19:26.577 JST" Interest="7.3649993" Kind="propagation" Navigation="org.eclipse.mylyn.core.model.edges.containment" OriginId="org.eclipse.mylyn.core.model.interest.propagation" StartDate="2014-10-10 08:18:57.810 JST" StructureHandle="=TA2/src&amp;lt;ta2.adapters" StructureKind="java" NumEvents="14" CreationCount="138"/><InteractionEvent Delta="null" EndDate="2014-10-10 08:26:29.328 JST" Interest="25.017" Kind="propagation" Navigation="org.eclipse.mylyn.core.model.edges.containment" OriginId="org.eclipse.mylyn.core.model.interest.propagation" StartDate="2014-10-10 08:25:58.168 JST" StructureHandle="/IFM11/src/ifm11/main" StructureKind="resource" NumEvents="26" CreationCount="318"/><InteractionEvent Delta="null" EndDate="2014-10-10 08:19:42.400 JST" Interest="5.0" Kind="edit" Navigation="null" OriginId="org.eclipse.jdt.ui.CompilationUnitEditor" StartDate="2014-10-10 08:19:39.420 JST" StructureHandle="=TA2/src&amp;lt;ta2.adapters{Adp_TIList.java[Adp_TIList~getView~I~QView;~QViewGroup;" StructureKind="java" NumEvents="5" CreationCount="199"/><InteractionEvent Delta="null" EndDate="2014-10-10 08:26:10.692 JST" Interest="2.0" Kind="selection" Navigation="null" OriginId="org.eclipse.jdt.ui.CompilationUnitEditor" StartDate="2014-10-10 08:19:39.314 JST" StructureHandle="=TA2/src&amp;lt;ta2.adapters{Adp_TIList.java[Adp_TIList~getView~I~QView;~QViewGroup;" StructureKind="java" NumEvents="2" CreationCount="199"/><InteractionEvent Delta="null" EndDate="2014-10-10 08:26:11.303 JST" Interest="3.0" Kind="selection" Navigation="null" OriginId="org.eclipse.jdt.ui.CompilationUnitEditor" StartDate="2014-10-10 08:18:57.809 JST" StructureHandle="=TA2/src&amp;lt;ta2.adapters{Adp_MemoList.java" StructureKind="java" NumEvents="3" CreationCount="175"/><InteractionEvent Delta="null" EndDate="2014-10-10 08:19:26.577 JST" Interest="5.7359996" Kind="propagation" Navigation="org.eclipse.mylyn.core.model.edges.containment" OriginId="org.eclipse.mylyn.core.model.interest.propagation" StartDate="2014-10-10 08:18:58.624 JST" StructureHandle="=TA2/src&amp;lt;ta2.adapters{Adp_MemoList.java" StructureKind="java" NumEvents="11" CreationCount="175"/><InteractionEvent Delta="null" EndDate="2014-10-10 08:26:11.590 JST" Interest="5.0" Kind="selection" Navigation="null" OriginId="org.eclipse.jdt.ui.CompilationUnitEditor" StartDate="2014-10-10 08:18:02.1 JST" StructureHandle="=TA2/src&amp;lt;ta2.utils{CONS.java" StructureKind="java" NumEvents="5" CreationCount="139"/><InteractionEvent Delta="null" EndDate="2014-10-10 08:18:05.646 JST" Interest="1.017" Kind="propagation" Navigation="org.eclipse.mylyn.core.model.edges.containment" OriginId="org.eclipse.mylyn.core.model.interest.propagation" StartDate="2014-10-10 08:18:02.770 JST" StructureHandle="=TA2/src&amp;lt;ta2.utils{CONS.java" StructureKind="java" NumEvents="2" CreationCount="139"/><InteractionEvent Delta="null" EndDate="2014-10-10 08:19:13.959 JST" Interest="1.0" Kind="selection" Navigation="null" OriginId="org.eclipse.jdt.ui.CompilationUnitEditor" StartDate="2014-10-10 08:19:13.959 JST" StructureHandle="=TA2/src&amp;lt;ta2.adapters{Adp_MemoList.java[Adp_MemoList" StructureKind="java"/><InteractionEvent Delta="null" EndDate="2014-10-10 08:19:26.577 JST" Interest="6.719" Kind="propagation" Navigation="org.eclipse.mylyn.core.model.edges.containment" OriginId="org.eclipse.mylyn.core.model.interest.propagation" StartDate="2014-10-10 08:18:58.623 JST" StructureHandle="=TA2/src&amp;lt;ta2.adapters{Adp_MemoList.java[Adp_MemoList" StructureKind="java" NumEvents="9" CreationCount="176"/><InteractionEvent Delta="null" EndDate="2014-10-10 08:27:49.30 JST" Interest="155.44199" Kind="propagation" Navigation="org.eclipse.mylyn.core.model.edges.containment" OriginId="org.eclipse.mylyn.core.model.interest.propagation" StartDate="2014-10-10 08:15:24.691 JST" StructureHandle="=TA2/src&amp;lt;ta2.main{PhotoActv.java[PhotoActv" StructureKind="java" NumEvents="220" CreationCount="7"/><InteractionEvent Delta="null" EndDate="2014-10-10 08:19:26.576 JST" Interest="8.0" Kind="edit" Navigation="null" OriginId="org.eclipse.jdt.ui.CompilationUnitEditor" StartDate="2014-10-10 08:19:09.998 JST" StructureHandle="=TA2/src&amp;lt;ta2.adapters{Adp_MemoList.java[Adp_MemoList~getView~I~QView;~QViewGroup;" StructureKind="java" NumEvents="8" CreationCount="183"/><InteractionEvent Delta="null" EndDate="2014-10-10 08:19:14.523 JST" Interest="2.0" Kind="selection" Navigation="null" OriginId="org.eclipse.jdt.ui.CompilationUnitEditor" StartDate="2014-10-10 08:19:08.363 JST" StructureHandle="=TA2/src&amp;lt;ta2.adapters{Adp_MemoList.java[Adp_MemoList~getView~I~QView;~QViewGroup;" StructureKind="java" NumEvents="2" CreationCount="183"/><InteractionEvent Delta="null" EndDate="2014-10-10 08:25:56.816 JST" Interest="1.0" Kind="selection" Navigation="null" OriginId="org.eclipse.ui.views.ResourceNavigator" StartDate="2014-10-10 08:25:56.816 JST" StructureHandle="=IFM11/src&amp;lt;ifm11" StructureKind="java"/><InteractionEvent Delta="null" EndDate="2014-10-10 08:27:49.31 JST" Interest="253.0" Kind="propagation" Navigation="null" OriginId="org.eclipse.ui.views.ContentOutline" StartDate="2014-10-10 08:15:19.423 JST" StructureHandle="/TA2/src/ta2/main/PhotoActv.java" StructureKind="resource" NumEvents="253" CreationCount="4"/><InteractionEvent Delta="null" EndDate="2014-10-10 08:18:28.157 JST" Interest="9.0" Kind="edit" Navigation="null" OriginId="org.eclipse.jdt.ui.CompilationUnitEditor" StartDate="2014-10-10 08:17:34.892 JST" StructureHandle="=TA2/src&amp;lt;ta2.main{ShowListActv.java[ShowListActv~_Setup_SetSelection" StructureKind="java" NumEvents="9" CreationCount="129"/><InteractionEvent Delta="null" EndDate="2014-10-10 08:18:51.221 JST" Interest="6.0" Kind="selection" Navigation="null" OriginId="org.eclipse.jdt.ui.CompilationUnitEditor" StartDate="2014-10-10 08:17:34.783 JST" StructureHandle="=TA2/src&amp;lt;ta2.main{ShowListActv.java[ShowListActv~_Setup_SetSelection" StructureKind="java" NumEvents="6" CreationCount="129"/><InteractionEvent Delta="null" EndDate="2014-10-10 08:26:10.693 JST" Interest="5.5" Kind="propagation" Navigation="org.eclipse.mylyn.core.model.edges.containment" OriginId="org.eclipse.mylyn.core.model.interest.propagation" StartDate="2014-10-10 08:19:39.315 JST" StructureHandle="=TA2/src&amp;lt;ta2.adapters{Adp_TIList.java[Adp_TIList" StructureKind="java" NumEvents="7" CreationCount="199"/><InteractionEvent Delta="null" EndDate="2014-10-10 08:19:32.316 JST" Interest="1.0" Kind="propagation" Navigation="null" OriginId="org.eclipse.jdt.ui.PackageExplorer" StartDate="2014-10-10 08:19:32.316 JST" StructureHandle="/TA2/src/ta2/adapters/Adp_ListItems.java" StructureKind="resource"/><InteractionEvent Delta="null" EndDate="2014-10-10 08:26:29.328 JST" Interest="25.051" Kind="propagation" Navigation="org.eclipse.mylyn.core.model.edges.containment" OriginId="org.eclipse.mylyn.core.model.interest.propagation" StartDate="2014-10-10 08:25:54.261 JST" StructureHandle="/IFM11/src" StructureKind="resource" NumEvents="28" CreationCount="316"/><InteractionEvent Delta="null" EndDate="2014-10-10 08:15:48.816 JST" Interest="25.0" Kind="edit" Navigation="null" OriginId="org.eclipse.jdt.ui.CompilationUnitEditor" StartDate="2014-10-10 08:15:24.816 JST" StructureHandle="=TA2/src&amp;lt;ta2.main{PhotoActv.java[PhotoActv~onStart" StructureKind="java" NumEvents="25" CreationCount="7"/><InteractionEvent Delta="null" EndDate="2014-10-10 08:15:24.691 JST" Interest="1.0" Kind="selection" Navigation="null" OriginId="org.eclipse.ui.views.ContentOutline" StartDate="2014-10-10 08:15:24.691 JST" StructureHandle="=TA2/src&amp;lt;ta2.main{PhotoActv.java[PhotoActv~onStart" StructureKind="java"/><InteractionEvent Delta="null" EndDate="2014-10-10 08:26:29.328 JST" Interest="25.034" Kind="propagation" Navigation="org.eclipse.mylyn.core.model.edges.containment" OriginId="org.eclipse.mylyn.core.model.interest.propagation" StartDate="2014-10-10 08:25:56.816 JST" StructureHandle="/IFM11/src/ifm11" StructureKind="resource" NumEvents="27" CreationCount="317"/><InteractionEvent Delta="null" EndDate="2014-10-10 08:27:49.32 JST" Interest="155.54399" Kind="propagation" Navigation="org.eclipse.mylyn.core.model.edges.containment" OriginId="org.eclipse.mylyn.core.model.interest.propagation" StartDate="2014-10-10 08:15:15.567 JST" StructureHandle="=TA2/src" StructureKind="java" NumEvents="232" CreationCount="1"/><InteractionEvent Delta="null" EndDate="2014-10-10 08:18:18.154 JST" Interest="1.0" Kind="selection" Navigation="null" OriginId="org.eclipse.jdt.ui.CompilationUnitEditor" StartDate="2014-10-10 08:18:18.154 JST" StructureHandle="=TA2/src&amp;lt;ta2.utils{CONS.java[CONS[PhotoActv^list_Pos_Prev" StructureKind="java"/><InteractionEvent Delta="null" EndDate="2014-10-10 08:15:22.369 JST" Interest="1.0" Kind="selection" Navigation="null" OriginId="org.eclipse.ui.views.ContentOutline" StartDate="2014-10-10 08:15:22.369 JST" StructureHandle="=TA2/src&amp;lt;ta2.main{PhotoActv.java%ta2.main" StructureKind="java"/><InteractionEvent Delta="null" EndDate="2014-10-10 08:26:11.304 JST" Interest="30.629002" Kind="propagation" Navigation="null" OriginId="org.eclipse.jdt.ui.CompilationUnitEditor" StartDate="2014-10-10 08:17:46.618 JST" StructureHandle="/TA2/src/ta2/adapters" StructureKind="resource" NumEvents="31" CreationCount="138"/><InteractionEvent Delta="null" EndDate="2014-10-10 08:25:54.261 JST" Interest="1.0" Kind="selection" Navigation="null" OriginId="org.eclipse.ui.views.ResourceNavigator" StartDate="2014-10-10 08:25:54.261 JST" StructureHandle="=IFM11/src" StructureKind="java"/><InteractionEvent Delta="null" EndDate="2014-10-10 08:26:29.329 JST" Interest="14.402" Kind="propagation" Navigation="org.eclipse.mylyn.core.model.edges.containment" OriginId="org.eclipse.mylyn.core.model.interest.propagation" StartDate="2014-10-10 08:25:56.816 JST" StructureHandle="=IFM11/src" StructureKind="java" NumEvents="24" CreationCount="316"/><InteractionEvent Delta="null" EndDate="2014-10-10 08:26:19.434 JST" Interest="210.0" Kind="edit" Navigation="null" OriginId="org.eclipse.jdt.ui.CompilationUnitEditor" StartDate="2014-10-10 08:15:55.191 JST" StructureHandle="=TA2/src&amp;lt;ta2.main{PhotoActv.java[PhotoActv~_Setup_Set_Selection" StructureKind="java" NumEvents="210" CreationCount="33"/><InteractionEvent Delta="null" EndDate="2014-10-10 08:27:49.29 JST" Interest="8.0" Kind="selection" Navigation="null" OriginId="org.eclipse.ui.views.ContentOutline" StartDate="2014-10-10 08:15:55.182 JST" StructureHandle="=TA2/src&amp;lt;ta2.main{PhotoActv.java[PhotoActv~_Setup_Set_Selection" StructureKind="java" NumEvents="8" CreationCount="33"/></InteractionHistory>