<?xml version="1.0" encoding="UTF-8"?><InteractionHistory Id="local-201" Version="1"><InteractionEvent Delta="null" EndDate="2014-11-09 09:29:14.109 JST" Interest="2.4" Kind="propagation" Navigation="org.eclipse.mylyn.core.model.edges.containment" OriginId="org.eclipse.mylyn.core.model.interest.propagation" StartDate="2014-11-09 09:29:08.291 JST" StructureHandle="=IFM11/src&amp;lt;ifm11.utils{Methods_dlg.java[Methods_dlg" StructureKind="java" NumEvents="3" CreationCount="12"/><InteractionEvent Delta="null" EndDate="2014-11-09 09:31:58.100 JST" Interest="20.0" Kind="edit" Navigation="null" OriginId="org.eclipse.jdt.ui.CompilationUnitEditor" StartDate="2014-11-09 09:29:38.371 JST" StructureHandle="=IFM11/src&amp;lt;ifm11.utils{Methods.java[Methods~add_Memo~QActivity;~QDialog;~J" StructureKind="java" NumEvents="20" CreationCount="21"/><InteractionEvent Delta="null" EndDate="2014-11-09 09:29:36.566 JST" Interest="1.0" Kind="selection" Navigation="null" OriginId="org.eclipse.jdt.ui.CompilationUnitEditor" StartDate="2014-11-09 09:29:36.566 JST" StructureHandle="=IFM11/src&amp;lt;ifm11.utils{Methods.java[Methods~add_Memo~QActivity;~QDialog;~J" StructureKind="java"/><InteractionEvent Delta="null" EndDate="2014-11-09 09:35:01.31 JST" Interest="20.359" Kind="propagation" Navigation="org.eclipse.mylyn.core.model.edges.containment" OriginId="org.eclipse.mylyn.core.model.interest.propagation" StartDate="2014-11-09 09:29:36.566 JST" StructureHandle="=IFM11/src&amp;lt;ifm11.utils{Methods.java[Methods" StructureKind="java" NumEvents="29" CreationCount="21"/><InteractionEvent Delta="null" EndDate="2014-11-09 09:29:27.607 JST" Interest="1.0339999" Kind="propagation" Navigation="org.eclipse.mylyn.core.model.edges.containment" OriginId="org.eclipse.mylyn.core.model.interest.propagation" StartDate="2014-11-09 09:29:25.172 JST" StructureHandle="=IFM11/src&amp;lt;ifm11.listeners.dialog{DB_OCL.java[DB_OCL" StructureKind="java" NumEvents="3" CreationCount="16"/><InteractionEvent Delta="null" EndDate="2014-11-09 09:29:07.456 JST" Interest="1.0" Kind="selection" Navigation="null" OriginId="org.eclipse.jdt.ui.CompilationUnitEditor" StartDate="2014-11-09 09:29:07.456 JST" StructureHandle="=IFM11/src&amp;lt;ifm11.utils{Methods_dlg.java" StructureKind="java"/><InteractionEvent Delta="null" EndDate="2014-11-09 09:29:14.112 JST" Interest="1.417" Kind="propagation" Navigation="org.eclipse.mylyn.core.model.edges.containment" OriginId="org.eclipse.mylyn.core.model.interest.propagation" StartDate="2014-11-09 09:29:08.291 JST" StructureHandle="=IFM11/src&amp;lt;ifm11.utils{Methods_dlg.java" StructureKind="java" NumEvents="3" CreationCount="11"/><InteractionEvent Delta="null" EndDate="2014-11-09 09:30:16.966 JST" Interest="1.0" Kind="propagation" Navigation="org.eclipse.mylyn.core.model.edges.containment" OriginId="org.eclipse.mylyn.core.model.interest.propagation" StartDate="2014-11-09 09:30:16.966 JST" StructureHandle="/IFM11/bin" StructureKind="resource"/><InteractionEvent Delta="null" EndDate="2014-11-09 09:35:01.33 JST" Interest="57.0" Kind="propagation" Navigation="null" OriginId="org.eclipse.jdt.ui.CompilationUnitEditor" StartDate="2014-11-09 09:29:07.457 JST" StructureHandle="/IFM11/src/ifm11/utils" StructureKind="resource" NumEvents="57" CreationCount="11"/><InteractionEvent Delta="null" EndDate="2014-11-09 09:29:14.108 JST" Interest="2.0" Kind="edit" Navigation="null" OriginId="org.eclipse.jdt.ui.CompilationUnitEditor" StartDate="2014-11-09 09:29:09.167 JST" StructureHandle="=IFM11/src&amp;lt;ifm11.utils{Methods_dlg.java[Methods_dlg~_dlg_AddMemo_GetDialog~QActivity;~J" StructureKind="java" NumEvents="2" CreationCount="12"/><InteractionEvent Delta="null" EndDate="2014-11-09 09:29:08.290 JST" Interest="1.0" Kind="selection" Navigation="null" OriginId="org.eclipse.jdt.ui.CompilationUnitEditor" StartDate="2014-11-09 09:29:08.290 JST" StructureHandle="=IFM11/src&amp;lt;ifm11.utils{Methods_dlg.java[Methods_dlg~_dlg_AddMemo_GetDialog~QActivity;~J" StructureKind="java"/><InteractionEvent Delta="null" EndDate="2014-11-09 09:31:43.498 JST" Interest="5.0" Kind="edit" Navigation="null" OriginId="com.android.ide.eclipse.editors.CommonXmlEditor" StartDate="2014-11-09 09:28:33.389 JST" StructureHandle="/IFM11/res/values/strings.xml" StructureKind="resource" NumEvents="5" CreationCount="5"/><InteractionEvent Delta="null" EndDate="2014-11-09 09:31:43.476 JST" Interest="4.0" Kind="selection" Navigation="null" OriginId="com.android.ide.eclipse.editors.CommonXmlEditor" StartDate="2014-11-09 09:28:33.39 JST" StructureHandle="/IFM11/res/values/strings.xml" StructureKind="resource" NumEvents="4" CreationCount="5"/><InteractionEvent Delta="null" EndDate="2014-11-09 09:29:27.608 JST" Interest="4.2209997" Kind="propagation" Navigation="org.eclipse.mylyn.core.model.edges.containment" OriginId="org.eclipse.mylyn.core.model.interest.propagation" StartDate="2014-11-09 09:28:26.417 JST" StructureHandle="/IFM11/src/ifm11/listeners" StructureKind="resource" NumEvents="5" CreationCount="2"/><InteractionEvent Delta="null" EndDate="2014-11-09 09:35:01.34 JST" Interest="61.17" Kind="propagation" Navigation="org.eclipse.mylyn.core.model.edges.containment" OriginId="org.eclipse.mylyn.core.model.interest.propagation" StartDate="2014-11-09 09:28:12.103 JST" StructureHandle="=IFM11" StructureKind="resource" NumEvents="67" CreationCount="1"/><InteractionEvent Delta="null" EndDate="2014-11-09 09:29:27.607 JST" Interest="1.0" Kind="selection" Navigation="null" OriginId="org.eclipse.jdt.ui.CompilationUnitEditor" StartDate="2014-11-09 09:29:27.607 JST" StructureHandle="=IFM11/src&amp;lt;ifm11.listeners.dialog{DB_OCL.java[DB_OCL~case_DLG_ADD_MEMOS_BT_ADD" StructureKind="java"/><InteractionEvent Delta="null" EndDate="2014-11-09 09:35:01.33 JST" Interest="20.529001" Kind="propagation" Navigation="org.eclipse.mylyn.core.model.edges.containment" OriginId="org.eclipse.mylyn.core.model.interest.propagation" StartDate="2014-11-09 09:29:07.457 JST" StructureHandle="=IFM11/src&amp;lt;ifm11.utils" StructureKind="java" NumEvents="31" CreationCount="11"/><InteractionEvent Delta="null" EndDate="2014-11-09 09:35:01.34 JST" Interest="61.17" Kind="propagation" Navigation="org.eclipse.mylyn.core.model.edges.containment" OriginId="org.eclipse.mylyn.core.model.interest.propagation" StartDate="2014-11-09 09:28:12.103 JST" StructureHandle="/" StructureKind="resource" NumEvents="67" CreationCount="1"/><InteractionEvent Delta="null" EndDate="2014-11-09 09:31:39.220 JST" Interest="1.0" Kind="selection" Navigation="null" OriginId="org.eclipse.jdt.ui.PackageExplorer" StartDate="2014-11-09 09:31:39.220 JST" StructureHandle="/IFM11/res/drawable-xhdpi" StructureKind="resource"/><InteractionEvent Delta="null" EndDate="2014-11-09 09:28:26.417 JST" Interest="1.0" Kind="selection" Navigation="null" OriginId="org.eclipse.jdt.ui.PackageExplorer" StartDate="2014-11-09 09:28:26.417 JST" StructureHandle="=IFM11/src&amp;lt;ifm11.listeners.dialog" StructureKind="java"/><InteractionEvent Delta="null" EndDate="2014-11-09 09:29:27.608 JST" Interest="0.27199996" Kind="propagation" Navigation="org.eclipse.mylyn.core.model.edges.containment" OriginId="org.eclipse.mylyn.core.model.interest.propagation" StartDate="2014-11-09 09:29:24.369 JST" StructureHandle="=IFM11/src&amp;lt;ifm11.listeners.dialog" StructureKind="java" NumEvents="4" CreationCount="2"/><InteractionEvent Delta="null" EndDate="2014-11-09 09:31:58.3 JST" Interest="4.0" Kind="selection" Navigation="null" OriginId="org.eclipse.jdt.ui.CompilationUnitEditor" StartDate="2014-11-09 09:29:35.730 JST" StructureHandle="=IFM11/src&amp;lt;ifm11.utils{Methods.java" StructureKind="java" NumEvents="4" CreationCount="19"/><InteractionEvent Delta="null" EndDate="2014-11-09 09:35:01.32 JST" Interest="16.393002" Kind="propagation" Navigation="org.eclipse.mylyn.core.model.edges.containment" OriginId="org.eclipse.mylyn.core.model.interest.propagation" StartDate="2014-11-09 09:29:43.333 JST" StructureHandle="=IFM11/src&amp;lt;ifm11.utils{Methods.java" StructureKind="java" NumEvents="24" CreationCount="19"/><InteractionEvent Delta="null" EndDate="2014-11-09 09:29:27.607 JST" Interest="4.2209997" Kind="propagation" Navigation="org.eclipse.mylyn.core.model.edges.containment" OriginId="org.eclipse.mylyn.core.model.interest.propagation" StartDate="2014-11-09 09:28:26.417 JST" StructureHandle="/IFM11/src/ifm11/listeners/dialog" StructureKind="resource" NumEvents="5" CreationCount="2"/><InteractionEvent Delta="null" EndDate="2014-11-09 09:29:26.694 JST" Interest="1.0" Kind="selection" Navigation="null" OriginId="org.eclipse.jdt.ui.CompilationUnitEditor" StartDate="2014-11-09 09:29:26.694 JST" StructureHandle="=IFM11/src&amp;lt;ifm11.listeners.dialog{DB_OCL.java[DB_OCL~onClick~QView;" StructureKind="java"/><InteractionEvent Delta="null" EndDate="2014-11-09 09:28:31.462 JST" Interest="1.0" Kind="selection" Navigation="null" OriginId="org.eclipse.jdt.ui.PackageExplorer" StartDate="2014-11-09 09:28:31.462 JST" StructureHandle="/IFM11/res/values" StructureKind="resource"/><InteractionEvent Delta="null" EndDate="2014-11-09 09:31:43.499 JST" Interest="6.5169997" Kind="propagation" Navigation="org.eclipse.mylyn.core.model.edges.containment" OriginId="org.eclipse.mylyn.core.model.interest.propagation" StartDate="2014-11-09 09:28:33.39 JST" StructureHandle="/IFM11/res/values" StructureKind="resource" NumEvents="9" CreationCount="4"/><InteractionEvent Delta="null" EndDate="2014-11-09 09:28:28.358 JST" Interest="1.0" Kind="selection" Navigation="null" OriginId="org.eclipse.jdt.ui.PackageExplorer" StartDate="2014-11-09 09:28:28.358 JST" StructureHandle="/IFM11/res" StructureKind="resource"/><InteractionEvent Delta="null" EndDate="2014-11-09 09:31:43.499 JST" Interest="6.534" Kind="propagation" Navigation="org.eclipse.mylyn.core.model.edges.containment" OriginId="org.eclipse.mylyn.core.model.interest.propagation" StartDate="2014-11-09 09:28:31.462 JST" StructureHandle="/IFM11/res" StructureKind="resource" NumEvents="10" CreationCount="3"/><InteractionEvent Delta="null" EndDate="2014-11-09 09:29:27.607 JST" Interest="4.0" Kind="propagation" Navigation="null" OriginId="org.eclipse.jdt.ui.CompilationUnitEditor" StartDate="2014-11-09 09:29:24.368 JST" StructureHandle="/IFM11/src/ifm11/listeners/dialog/DB_OCL.java" StructureKind="resource" NumEvents="4" CreationCount="15"/><InteractionEvent Delta="null" EndDate="2014-11-09 09:29:25.172 JST" Interest="1.0" Kind="selection" Navigation="null" OriginId="org.eclipse.jdt.ui.CompilationUnitEditor" StartDate="2014-11-09 09:29:25.172 JST" StructureHandle="=IFM11/src&amp;lt;ifm11.listeners.dialog{DB_OCL.java[DB_OCL~DB_OCL~QActivity;~QDialog;~J" StructureKind="java"/><InteractionEvent Delta="null" EndDate="2014-11-09 09:35:01.34 JST" Interest="61.17" Kind="propagation" Navigation="null" OriginId="org.eclipse.jdt.ui.CompilationUnitEditor" StartDate="2014-11-09 09:28:12.103 JST" StructureHandle="/IFM11/src" StructureKind="resource" NumEvents="63" CreationCount="1"/><InteractionEvent Delta="null" EndDate="2014-11-09 09:35:01.31 JST" Interest="56.153" Kind="propagation" Navigation="org.eclipse.mylyn.core.model.edges.containment" OriginId="org.eclipse.mylyn.core.model.interest.propagation" StartDate="2014-11-09 09:28:26.417 JST" StructureHandle="/IFM11/src/ifm11" StructureKind="resource" NumEvents="59" CreationCount="2"/><InteractionEvent Delta="null" EndDate="2014-11-09 09:35:01.31 JST" Interest="53.0" Kind="propagation" Navigation="null" OriginId="org.eclipse.jdt.ui.CompilationUnitEditor" StartDate="2014-11-09 09:29:35.730 JST" StructureHandle="/IFM11/src/ifm11/utils/Methods.java" StructureKind="resource" NumEvents="53" CreationCount="19"/><InteractionEvent Delta="null" EndDate="2014-11-09 09:30:16.966 JST" Interest="1.0" Kind="prediction" Navigation="null" OriginId="org.eclipse.mylyn.resources.ui.interest.updater" StartDate="2014-11-09 09:30:16.966 JST" StructureHandle="/IFM11/bin/IFM11.apk" StructureKind="resource"/><InteractionEvent Delta="null" EndDate="2014-11-09 09:30:16.966 JST" Interest="1.0" Kind="prediction" Navigation="null" OriginId="org.eclipse.mylyn.resources.ui.interest.updater" StartDate="2014-11-09 09:30:16.966 JST" StructureHandle="/IFM11/bin/classes.dex" StructureKind="resource"/><InteractionEvent Delta="null" EndDate="2014-11-09 09:29:14.109 JST" Interest="4.0" Kind="propagation" Navigation="null" OriginId="org.eclipse.jdt.ui.CompilationUnitEditor" StartDate="2014-11-09 09:29:07.456 JST" StructureHandle="/IFM11/src/ifm11/utils/Methods_dlg.java" StructureKind="resource" NumEvents="4" CreationCount="11"/><InteractionEvent Delta="null" EndDate="2014-11-09 09:29:24.368 JST" Interest="1.0" Kind="selection" Navigation="null" OriginId="org.eclipse.jdt.ui.CompilationUnitEditor" StartDate="2014-11-09 09:29:24.368 JST" StructureHandle="=IFM11/src&amp;lt;ifm11.listeners.dialog{DB_OCL.java" StructureKind="java"/><InteractionEvent Delta="null" EndDate="2014-11-09 09:29:27.608 JST" Interest="0.05099994" Kind="propagation" Navigation="org.eclipse.mylyn.core.model.edges.containment" OriginId="org.eclipse.mylyn.core.model.interest.propagation" StartDate="2014-11-09 09:29:25.173 JST" StructureHandle="=IFM11/src&amp;lt;ifm11.listeners.dialog{DB_OCL.java" StructureKind="java" NumEvents="3" CreationCount="15"/><InteractionEvent Delta="null" EndDate="2014-11-09 09:28:12.103 JST" Interest="1.0" Kind="selection" Navigation="null" OriginId="org.eclipse.jdt.ui.PackageExplorer" StartDate="2014-11-09 09:28:12.103 JST" StructureHandle="=IFM11/src" StructureKind="java"/><InteractionEvent Delta="null" EndDate="2014-11-09 09:35:01.34 JST" Interest="19.699001" Kind="propagation" Navigation="org.eclipse.mylyn.core.model.edges.containment" OriginId="org.eclipse.mylyn.core.model.interest.propagation" StartDate="2014-11-09 09:28:26.418 JST" StructureHandle="=IFM11/src" StructureKind="java" NumEvents="33" CreationCount="1"/><InteractionEvent Delta="null" EndDate="2014-11-09 09:35:01.30 JST" Interest="27.0" Kind="edit" Navigation="null" OriginId="org.eclipse.jdt.ui.CompilationUnitEditor" StartDate="2014-11-09 09:31:59.852 JST" StructureHandle="=IFM11/src&amp;lt;ifm11.utils{Methods.java[Methods~edit_TI~QActivity;~QDialog;~QDialog;~QTI;" StructureKind="java" NumEvents="27" CreationCount="48"/><InteractionEvent Delta="null" EndDate="2014-11-09 09:31:58.743 JST" Interest="1.0" Kind="selection" Navigation="null" OriginId="org.eclipse.jdt.ui.CompilationUnitEditor" StartDate="2014-11-09 09:31:58.743 JST" StructureHandle="=IFM11/src&amp;lt;ifm11.utils{Methods.java[Methods~edit_TI~QActivity;~QDialog;~QDialog;~QTI;" StructureKind="java"/></InteractionHistory>