<?xml version="1.0" encoding="UTF-8"?><InteractionHistory Id="local-129" Version="1"><InteractionEvent Delta="null" EndDate="2014-10-06 09:34:57.399 JST" Interest="1043.0339" Kind="propagation" Navigation="org.eclipse.mylyn.core.model.edges.containment" OriginId="org.eclipse.mylyn.core.model.interest.propagation" StartDate="2014-10-06 08:31:55.361 JST" StructureHandle="" StructureKind="java" NumEvents="1051" CreationCount="1"/><InteractionEvent Delta="null" EndDate="2014-10-06 09:06:11.901 JST" Interest="0.8700001" Kind="manipulation" Navigation="null" OriginId="org.eclipse.mylyn.core.model.interest.decay.correction" StartDate="2014-10-06 09:06:11.901 JST" StructureHandle="=TA2/src&amp;lt;ta2.main{MemoActv.java" StructureKind="java"/><InteractionEvent Delta="null" EndDate="2014-10-06 08:54:06.706 JST" Interest="1.0" Kind="prediction" Navigation="null" OriginId="org.eclipse.mylyn.resources.ui.interest.updater" StartDate="2014-10-06 08:54:06.706 JST" StructureHandle="=TA2/src&amp;lt;ta2.main{MemoActv.java" StructureKind="java"/><InteractionEvent Delta="null" EndDate="2014-10-06 09:07:02.746 JST" Interest="17.968" Kind="propagation" Navigation="org.eclipse.mylyn.core.model.edges.containment" OriginId="org.eclipse.mylyn.core.model.interest.propagation" StartDate="2014-10-06 09:06:19.327 JST" StructureHandle="=TA2/src&amp;lt;ta2.main{MemoActv.java" StructureKind="java" NumEvents="26" CreationCount="88"/><InteractionEvent Delta="null" EndDate="2014-10-06 09:20:11.744 JST" Interest="5.0" Kind="selection" Navigation="null" OriginId="org.eclipse.jdt.ui.PackageExplorer" StartDate="2014-10-06 09:06:11.900 JST" StructureHandle="=TA2/src&amp;lt;ta2.main{MemoActv.java" StructureKind="java" NumEvents="5" CreationCount="88"/><InteractionEvent Delta="null" EndDate="2014-10-06 09:24:38.276 JST" Interest="74.0" Kind="propagation" Navigation="null" OriginId="org.eclipse.jdt.ui.CompilationUnitEditor" StartDate="2014-10-06 09:09:34.142 JST" StructureHandle="/TA2/src/ta2/utils" StructureKind="resource" NumEvents="74" CreationCount="353"/><InteractionEvent Delta="null" EndDate="2014-10-06 09:34:57.398 JST" Interest="801.0" Kind="propagation" Navigation="org.eclipse.mylyn.core.model.edges.containment" OriginId="org.eclipse.mylyn.core.model.interest.propagation" StartDate="2014-10-06 08:32:06.70 JST" StructureHandle="/TA2/src/ta2" StructureKind="resource" NumEvents="802" CreationCount="3"/><InteractionEvent Delta="null" EndDate="2014-10-06 09:28:40.214 JST" Interest="100.0" Kind="edit" Navigation="null" OriginId="org.eclipse.jdt.ui.CompilationUnitEditor" StartDate="2014-10-06 09:08:52.87 JST" StructureHandle="=TA2/src&amp;lt;ta2.main{PlayActv.java[PlayActv" StructureKind="java" NumEvents="100" CreationCount="21"/><InteractionEvent Delta="null" EndDate="2014-10-06 09:28:39.283 JST" Interest="9.0" Kind="selection" Navigation="null" OriginId="org.eclipse.jdt.ui.CompilationUnitEditor" StartDate="2014-10-06 09:07:32.352 JST" StructureHandle="=TA2/src&amp;lt;ta2.main{PlayActv.java[PlayActv" StructureKind="java" NumEvents="9" CreationCount="21"/><InteractionEvent Delta="null" EndDate="2014-10-06 09:25:03.270 JST" Interest="150.678" Kind="propagation" Navigation="org.eclipse.mylyn.core.model.edges.containment" OriginId="org.eclipse.mylyn.core.model.interest.propagation" StartDate="2014-10-06 08:35:13.699 JST" StructureHandle="=TA2/src&amp;lt;ta2.main{PlayActv.java[PlayActv" StructureKind="java" NumEvents="208" CreationCount="21"/><InteractionEvent Delta="null" EndDate="2014-10-06 09:05:52.278 JST" Interest="2.0" Kind="edit" Navigation="null" OriginId="org.eclipse.jdt.ui.CompilationUnitEditor" StartDate="2014-10-06 09:05:51.354 JST" StructureHandle="=TA2/src&amp;lt;ta2.main{RecActv.java[RecActv~_Setup_Listeners_LVs" StructureKind="java" NumEvents="2" CreationCount="182"/><InteractionEvent Delta="null" EndDate="2014-10-06 09:32:05.406 JST" Interest="9.036001" Kind="manipulation" Navigation="null" OriginId="org.eclipse.mylyn.core.model.interest.decay.correction" StartDate="2014-10-06 09:32:05.406 JST" StructureHandle="=TA2/src&amp;lt;ta2.main{RecActv.java[RecActv~_Setup_Listeners_LVs" StructureKind="java"/><InteractionEvent Delta="null" EndDate="2014-10-06 09:32:05.406 JST" Interest="6.0" Kind="selection" Navigation="null" OriginId="org.eclipse.jdt.ui.CompilationUnitEditor" StartDate="2014-10-06 09:05:50.763 JST" StructureHandle="=TA2/src&amp;lt;ta2.main{RecActv.java[RecActv~_Setup_Listeners_LVs" StructureKind="java" NumEvents="6" CreationCount="182"/><InteractionEvent Delta="null" EndDate="2014-10-06 09:05:29.195 JST" Interest="3.0" Kind="selection" Navigation="null" OriginId="org.eclipse.jdt.ui.PackageExplorer" StartDate="2014-10-06 08:52:53.662 JST" StructureHandle="/TA2/res/layout/actv_memo.xml" StructureKind="resource" NumEvents="3" CreationCount="84"/><InteractionEvent Delta="null" EndDate="2014-10-06 09:27:03.981 JST" Interest="2.0" Kind="edit" Navigation="null" OriginId="org.eclipse.jdt.ui.CompilationUnitEditor" StartDate="2014-10-06 09:27:00.499 JST" StructureHandle="=TA2/src&amp;lt;ta2.main{RecActv.java[RecActv~_Setup_Lists" StructureKind="java" NumEvents="2" CreationCount="808"/><InteractionEvent Delta="null" EndDate="2014-10-06 09:26:59.616 JST" Interest="2.0" Kind="selection" Navigation="null" OriginId="org.eclipse.jdt.ui.CompilationUnitEditor" StartDate="2014-10-06 09:26:59.613 JST" StructureHandle="=TA2/src&amp;lt;ta2.main{RecActv.java[RecActv~_Setup_Lists" StructureKind="java" NumEvents="2" CreationCount="808"/><InteractionEvent Delta="null" EndDate="2014-10-06 09:06:11.901 JST" Interest="0.8870001" Kind="manipulation" Navigation="null" OriginId="org.eclipse.mylyn.core.model.interest.decay.correction" StartDate="2014-10-06 09:06:11.901 JST" StructureHandle="/TA2/src/ta2/main/MemoActv.java" StructureKind="resource"/><InteractionEvent Delta="null" EndDate="2014-10-06 09:20:11.744 JST" Interest="36.0" Kind="propagation" Navigation="null" OriginId="org.eclipse.jdt.ui.PackageExplorer" StartDate="2014-10-06 08:54:06.706 JST" StructureHandle="/TA2/src/ta2/main/MemoActv.java" StructureKind="resource" NumEvents="36" CreationCount="88"/><InteractionEvent Delta="null" EndDate="2014-10-06 09:25:00.148 JST" Interest="196.0" Kind="edit" Navigation="null" OriginId="org.eclipse.jdt.ui.CompilationUnitEditor" StartDate="2014-10-06 09:07:52.582 JST" StructureHandle="=TA2/src&amp;lt;ta2.main{PlayActv.java[PlayActv~_Setup_Listeners_Memo" StructureKind="java" NumEvents="196" CreationCount="255"/><InteractionEvent Delta="null" EndDate="2014-10-06 09:25:03.270 JST" Interest="15.0" Kind="selection" Navigation="null" OriginId="org.eclipse.jdt.ui.CompilationUnitEditor" StartDate="2014-10-06 09:07:43.559 JST" StructureHandle="=TA2/src&amp;lt;ta2.main{PlayActv.java[PlayActv~_Setup_Listeners_Memo" StructureKind="java" NumEvents="15" CreationCount="255"/><InteractionEvent Delta="null" EndDate="2014-10-06 09:16:05.17 JST" Interest="1.0" Kind="edit" Navigation="null" OriginId="org.eclipse.jdt.ui.CompilationUnitEditor" StartDate="2014-10-06 09:16:05.17 JST" StructureHandle="=TA2/src&amp;lt;ta2.listeners.button{BO_CL.java[BO_CL~case_ACTV_MEMO_SAVE" StructureKind="java"/><InteractionEvent Delta="null" EndDate="2014-10-06 09:16:03.721 JST" Interest="1.9980001" Kind="manipulation" Navigation="null" OriginId="org.eclipse.mylyn.core.model.interest.decay.correction" StartDate="2014-10-06 09:16:03.721 JST" StructureHandle="=TA2/src&amp;lt;ta2.listeners.button{BO_CL.java[BO_CL~case_ACTV_MEMO_SAVE" StructureKind="java"/><InteractionEvent Delta="null" EndDate="2014-10-06 09:16:03.725 JST" Interest="5.0" Kind="selection" Navigation="null" OriginId="org.eclipse.jdt.ui.CompilationUnitEditor" StartDate="2014-10-06 09:06:52.961 JST" StructureHandle="=TA2/src&amp;lt;ta2.listeners.button{BO_CL.java[BO_CL~case_ACTV_MEMO_SAVE" StructureKind="java" NumEvents="5" CreationCount="227"/><InteractionEvent Delta="null" EndDate="2014-10-06 09:22:43.981 JST" Interest="2.6100004" Kind="manipulation" Navigation="null" OriginId="org.eclipse.mylyn.core.model.interest.decay.correction" StartDate="2014-10-06 09:10:27.322 JST" StructureHandle="=TA2/src&amp;lt;ta2.utils{Tags.java" StructureKind="java" NumEvents="2" CreationCount="353"/><InteractionEvent Delta="null" EndDate="2014-10-06 09:22:44.782 JST" Interest="1.0849996" Kind="propagation" Navigation="org.eclipse.mylyn.core.model.edges.containment" OriginId="org.eclipse.mylyn.core.model.interest.propagation" StartDate="2014-10-06 09:09:35.87 JST" StructureHandle="=TA2/src&amp;lt;ta2.utils{Tags.java" StructureKind="java" NumEvents="4" CreationCount="353"/><InteractionEvent Delta="null" EndDate="2014-10-06 09:22:43.981 JST" Interest="3.0" Kind="selection" Navigation="null" OriginId="org.eclipse.jdt.ui.CompilationUnitEditor" StartDate="2014-10-06 09:09:34.142 JST" StructureHandle="=TA2/src&amp;lt;ta2.utils{Tags.java" StructureKind="java" NumEvents="3" CreationCount="353"/><InteractionEvent Delta="null" EndDate="2014-10-06 09:07:02.745 JST" Interest="20.9" Kind="propagation" Navigation="org.eclipse.mylyn.core.model.edges.containment" OriginId="org.eclipse.mylyn.core.model.interest.propagation" StartDate="2014-10-06 09:06:18.706 JST" StructureHandle="=TA2/src&amp;lt;ta2.main{MemoActv.java[MemoActv" StructureKind="java" NumEvents="29" CreationCount="202"/><InteractionEvent Delta="null" EndDate="2014-10-06 09:27:30.851 JST" Interest="3.0" Kind="edit" Navigation="null" OriginId="org.eclipse.jdt.ui.CompilationUnitEditor" StartDate="2014-10-06 09:27:30.847 JST" StructureHandle="=TA2/src&amp;lt;ta2.main{PlayActv.java[PlayActv~_Setup_Lists" StructureKind="java" NumEvents="3" CreationCount="833"/><InteractionEvent Delta="null" EndDate="2014-10-06 09:27:40.669 JST" Interest="2.0" Kind="selection" Navigation="null" OriginId="org.eclipse.jdt.ui.CompilationUnitEditor" StartDate="2014-10-06 09:27:30.844 JST" StructureHandle="=TA2/src&amp;lt;ta2.main{PlayActv.java[PlayActv~_Setup_Lists" StructureKind="java" NumEvents="2" CreationCount="833"/><InteractionEvent Delta="null" EndDate="2014-10-06 09:05:59.616 JST" Interest="4.0" Kind="edit" Navigation="null" OriginId="org.eclipse.jdt.ui.CompilationUnitEditor" StartDate="2014-10-06 09:05:59.30 JST" StructureHandle="=TA2/src&amp;lt;ta2.main{RecActv.java[RecActv~_Setup_Listeners" StructureKind="java" NumEvents="4" CreationCount="181"/><InteractionEvent Delta="null" EndDate="2014-10-06 09:26:38.600 JST" Interest="1.7060003" Kind="manipulation" Navigation="null" OriginId="org.eclipse.mylyn.core.model.interest.decay.correction" StartDate="2014-10-06 09:26:38.600 JST" StructureHandle="=TA2/src&amp;lt;ta2.main{RecActv.java[RecActv~_Setup_Listeners" StructureKind="java"/><InteractionEvent Delta="null" EndDate="2014-10-06 09:26:40.963 JST" Interest="8.0" Kind="selection" Navigation="null" OriginId="org.eclipse.ui.views.ContentOutline" StartDate="2014-10-06 09:05:50.129 JST" StructureHandle="=TA2/src&amp;lt;ta2.main{RecActv.java[RecActv~_Setup_Listeners" StructureKind="java" NumEvents="8" CreationCount="181"/><InteractionEvent Delta="null" EndDate="2014-10-06 09:31:44.345 JST" Interest="7.0" Kind="prediction" Navigation="null" OriginId="org.eclipse.mylyn.resources.ui.interest.updater" StartDate="2014-10-06 08:56:32.298 JST" StructureHandle="/TA2/bin/TA2.apk" StructureKind="resource" NumEvents="7" CreationCount="108"/><InteractionEvent Delta="null" EndDate="2014-10-06 09:25:01.285 JST" Interest="44.017002" Kind="propagation" Navigation="org.eclipse.mylyn.core.model.edges.containment" OriginId="org.eclipse.mylyn.core.model.interest.propagation" StartDate="2014-10-06 09:20:13.231 JST" StructureHandle="/TA2/src/ta2/listeners/dialog" StructureKind="resource" NumEvents="45" CreationCount="635"/><InteractionEvent Delta="null" EndDate="2014-10-06 08:54:40.551 JST" Interest="1.0" Kind="prediction" Navigation="null" OriginId="org.eclipse.mylyn.resources.ui.interest.updater" StartDate="2014-10-06 08:54:40.551 JST" StructureHandle="=TA2/src&amp;lt;ta2.main{MemoEditActv.java" StructureKind="java"/><InteractionEvent Delta="null" EndDate="2014-10-06 09:22:44.781 JST" Interest="1.0" Kind="propagation" Navigation="org.eclipse.mylyn.core.model.edges.containment" OriginId="org.eclipse.mylyn.core.model.interest.propagation" StartDate="2014-10-06 09:22:44.781 JST" StructureHandle="=TA2/src&amp;lt;ta2.utils{Tags.java[Tags[DialogTags" StructureKind="java"/><InteractionEvent Delta="null" EndDate="2014-10-06 09:18:26.26 JST" Interest="6.719" Kind="propagation" Navigation="org.eclipse.mylyn.core.model.edges.containment" OriginId="org.eclipse.mylyn.core.model.interest.propagation" StartDate="2014-10-06 09:16:51.911 JST" StructureHandle="=TA2/src&amp;lt;ta2.utils{Methods.java" StructureKind="java" NumEvents="10" CreationCount="545"/><InteractionEvent Delta="null" EndDate="2014-10-06 09:22:13.590 JST" Interest="5.0" Kind="selection" Navigation="null" OriginId="org.eclipse.jdt.ui.CompilationUnitEditor" StartDate="2014-10-06 09:16:47.939 JST" StructureHandle="=TA2/src&amp;lt;ta2.utils{Methods.java" StructureKind="java" NumEvents="5" CreationCount="545"/><InteractionEvent Delta="null" EndDate="2014-10-06 09:24:38.275 JST" Interest="39.0" Kind="propagation" Navigation="null" OriginId="org.eclipse.jdt.ui.CompilationUnitEditor" StartDate="2014-10-06 09:19:34.749 JST" StructureHandle="/TA2/src/ta2/utils/Methods_dlg.java" StructureKind="resource" NumEvents="39" CreationCount="626"/><InteractionEvent Delta="null" EndDate="2014-10-06 09:15:22.79 JST" Interest="16.717001" Kind="propagation" Navigation="org.eclipse.mylyn.core.model.edges.containment" OriginId="org.eclipse.mylyn.core.model.interest.propagation" StartDate="2014-10-06 09:10:51.61 JST" StructureHandle="=TA2/src&amp;lt;ta2.listeners.button{BO_TL.java[BO_TL" StructureKind="java" NumEvents="24" CreationCount="445"/><InteractionEvent Delta="null" EndDate="2014-10-06 09:34:57.399 JST" Interest="1101.0" Kind="propagation" Navigation="org.eclipse.mylyn.core.model.edges.containment" OriginId="org.eclipse.mylyn.core.model.interest.propagation" StartDate="2014-10-06 08:31:55.361 JST" StructureHandle="/" StructureKind="resource" NumEvents="1101" CreationCount="1"/><InteractionEvent Delta="null" EndDate="2014-10-06 09:15:03.75 JST" Interest="3.0" Kind="selection" Navigation="null" OriginId="org.eclipse.jdt.ui.CompilationUnitEditor" StartDate="2014-10-06 09:10:51.61 JST" StructureHandle="=TA2/src&amp;lt;ta2.listeners.button{BO_TL.java[BO_TL~BO_TL~QActivity;" StructureKind="java" NumEvents="3" CreationCount="445"/><InteractionEvent Delta="null" EndDate="2014-10-06 09:18:24.565 JST" Interest="2.0" Kind="edit" Navigation="null" OriginId="org.eclipse.jdt.ui.CompilationUnitEditor" StartDate="2014-10-06 09:18:20.801 JST" StructureHandle="=TA2/src&amp;lt;ta2.utils{Methods.java[Methods~report_Save_Memos~QActivity;~I" StructureKind="java" NumEvents="2" CreationCount="581"/><InteractionEvent Delta="null" EndDate="2014-10-06 09:18:19.694 JST" Interest="1.0" Kind="selection" Navigation="null" OriginId="org.eclipse.jdt.ui.CompilationUnitEditor" StartDate="2014-10-06 09:18:19.694 JST" StructureHandle="=TA2/src&amp;lt;ta2.utils{Methods.java[Methods~report_Save_Memos~QActivity;~I" StructureKind="java"/><InteractionEvent Delta="null" EndDate="2014-10-06 09:09:35.86 JST" Interest="1.0" Kind="selection" Navigation="null" OriginId="org.eclipse.jdt.ui.CompilationUnitEditor" StartDate="2014-10-06 09:09:35.86 JST" StructureHandle="=TA2/src&amp;lt;ta2.utils{Tags.java[Tags[ButtonTags^ACTV_PLAY_SAVE" StructureKind="java"/><InteractionEvent Delta="null" EndDate="2014-10-06 09:10:39.138 JST" Interest="2.0" Kind="selection" Navigation="null" OriginId="org.eclipse.jdt.ui.CompilationUnitEditor" StartDate="2014-10-06 09:10:28.224 JST" StructureHandle="=TA2/src&amp;lt;ta2.utils{Tags.java[Tags[ButtonTags^ACTV_PLAT_CLEAR" StructureKind="java" NumEvents="2" CreationCount="430"/><InteractionEvent Delta="null" EndDate="2014-10-06 08:32:45.401 JST" Interest="1.0" Kind="propagation" Navigation="null" OriginId="org.eclipse.jdt.ui.PackageExplorer" StartDate="2014-10-06 08:32:45.401 JST" StructureHandle="/TA2/src/ta2/tasks" StructureKind="resource"/><InteractionEvent Delta="null" EndDate="2014-10-06 09:01:41.647 JST" Interest="2.0" Kind="propagation" Navigation="org.eclipse.mylyn.core.model.edges.containment" OriginId="org.eclipse.mylyn.core.model.interest.propagation" StartDate="2014-10-06 08:56:32.299 JST" StructureHandle="/TA2/bin" StructureKind="resource" NumEvents="2" CreationCount="108"/><InteractionEvent Delta="null" EndDate="2014-10-06 09:24:38.275 JST" Interest="12.962999" Kind="propagation" Navigation="org.eclipse.mylyn.core.model.edges.containment" OriginId="org.eclipse.mylyn.core.model.interest.propagation" StartDate="2014-10-06 09:19:35.506 JST" StructureHandle="=TA2/src&amp;lt;ta2.utils{Methods_dlg.java" StructureKind="java" NumEvents="21" CreationCount="626"/><InteractionEvent Delta="null" EndDate="2014-10-06 09:23:55.123 JST" Interest="6.0" Kind="selection" Navigation="null" OriginId="org.eclipse.jdt.ui.CompilationUnitEditor" StartDate="2014-10-06 09:19:34.749 JST" StructureHandle="=TA2/src&amp;lt;ta2.utils{Methods_dlg.java" StructureKind="java" NumEvents="6" CreationCount="626"/><InteractionEvent Delta="null" EndDate="2014-10-06 09:07:02.744 JST" Interest="27.0" Kind="edit" Navigation="null" OriginId="org.eclipse.jdt.ui.CompilationUnitEditor" StartDate="2014-10-06 09:06:18.875 JST" StructureHandle="=TA2/src&amp;lt;ta2.main{MemoActv.java[MemoActv~_Setup_Listeners" StructureKind="java" NumEvents="27" CreationCount="202"/><InteractionEvent Delta="null" EndDate="2014-10-06 09:06:58.745 JST" Interest="2.0" Kind="selection" Navigation="null" OriginId="org.eclipse.jdt.ui.CompilationUnitEditor" StartDate="2014-10-06 09:06:18.705 JST" StructureHandle="=TA2/src&amp;lt;ta2.main{MemoActv.java[MemoActv~_Setup_Listeners" StructureKind="java" NumEvents="2" CreationCount="202"/><InteractionEvent Delta="null" EndDate="2014-10-06 09:22:13.158 JST" Interest="35.434" Kind="propagation" Navigation="org.eclipse.mylyn.core.model.edges.containment" OriginId="org.eclipse.mylyn.core.model.interest.propagation" StartDate="2014-10-06 09:06:48.903 JST" StructureHandle="=TA2/src&amp;lt;ta2.listeners.button" StructureKind="java" NumEvents="58" CreationCount="224"/><InteractionEvent Delta="null" EndDate="2014-10-06 09:34:57.398 JST" Interest="801.0" Kind="propagation" Navigation="null" OriginId="org.eclipse.jdt.ui.CompilationUnitEditor" StartDate="2014-10-06 08:32:06.70 JST" StructureHandle="/TA2/src/ta2/main" StructureKind="resource" NumEvents="801" CreationCount="3"/><InteractionEvent Delta="null" EndDate="2014-10-06 09:22:13.591 JST" Interest="27.0" Kind="propagation" Navigation="null" OriginId="org.eclipse.jdt.ui.CompilationUnitEditor" StartDate="2014-10-06 09:16:47.940 JST" StructureHandle="/TA2/src/ta2/utils/Methods.java" StructureKind="resource" NumEvents="27" CreationCount="545"/><InteractionEvent Delta="null" EndDate="2014-10-06 09:17:05.419 JST" Interest="3.0" Kind="edit" Navigation="null" OriginId="org.eclipse.jdt.ui.CompilationUnitEditor" StartDate="2014-10-06 09:16:49.825 JST" StructureHandle="=TA2/src&amp;lt;ta2.utils{Methods.java[Methods~save_Memo~QActivity;" StructureKind="java" NumEvents="3" CreationCount="547"/><InteractionEvent Delta="null" EndDate="2014-10-06 09:16:48.800 JST" Interest="1.0" Kind="selection" Navigation="null" OriginId="org.eclipse.jdt.ui.CompilationUnitEditor" StartDate="2014-10-06 09:16:48.800 JST" StructureHandle="=TA2/src&amp;lt;ta2.utils{Methods.java[Methods~save_Memo~QActivity;" StructureKind="java"/><InteractionEvent Delta="null" EndDate="2014-10-06 09:31:25.410 JST" Interest="28.017" Kind="propagation" Navigation="org.eclipse.mylyn.core.model.edges.containment" OriginId="org.eclipse.mylyn.core.model.interest.propagation" StartDate="2014-10-06 08:32:58.561 JST" StructureHandle="/TA2/res/layout" StructureKind="resource" NumEvents="32" CreationCount="9"/><InteractionEvent Delta="null" EndDate="2014-10-06 09:05:29.909 JST" Interest="2.0" Kind="selection" Navigation="null" OriginId="org.eclipse.jdt.ui.PackageExplorer" StartDate="2014-10-06 08:32:56.221 JST" StructureHandle="/TA2/res/layout" StructureKind="resource" NumEvents="2" CreationCount="9"/><InteractionEvent Delta="null" EndDate="2014-10-06 09:28:04.500 JST" Interest="4.0" Kind="edit" Navigation="null" OriginId="org.eclipse.jdt.ui.CompilationUnitEditor" StartDate="2014-10-06 09:07:35.125 JST" StructureHandle="=TA2/src&amp;lt;ta2.main{PlayActv.java[PlayActv~_Setup_AudioLen" StructureKind="java" NumEvents="4" CreationCount="21"/><InteractionEvent Delta="null" EndDate="2014-10-06 09:28:04.492 JST" Interest="10.481001" Kind="manipulation" Navigation="null" OriginId="org.eclipse.mylyn.core.model.interest.decay.correction" StartDate="2014-10-06 09:07:34.486 JST" StructureHandle="=TA2/src&amp;lt;ta2.main{PlayActv.java[PlayActv~_Setup_AudioLen" StructureKind="java" NumEvents="2" CreationCount="21"/><InteractionEvent Delta="null" EndDate="2014-10-06 09:28:04.492 JST" Interest="5.0" Kind="selection" Navigation="null" OriginId="org.eclipse.jdt.ui.CompilationUnitEditor" StartDate="2014-10-06 08:35:13.699 JST" StructureHandle="=TA2/src&amp;lt;ta2.main{PlayActv.java[PlayActv~_Setup_AudioLen" StructureKind="java" NumEvents="5" CreationCount="21"/><InteractionEvent Delta="null" EndDate="2014-10-06 09:25:01.286 JST" Interest="11.342999" Kind="propagation" Navigation="org.eclipse.mylyn.core.model.edges.containment" OriginId="org.eclipse.mylyn.core.model.interest.propagation" StartDate="2014-10-06 09:20:15.572 JST" StructureHandle="=TA2/src&amp;lt;ta2.listeners.dialog" StructureKind="java" NumEvents="20" CreationCount="635"/><InteractionEvent Delta="null" EndDate="2014-10-06 09:20:13.231 JST" Interest="1.0" Kind="selection" Navigation="null" OriginId="org.eclipse.jdt.ui.PackageExplorer" StartDate="2014-10-06 09:20:13.231 JST" StructureHandle="=TA2/src&amp;lt;ta2.listeners.dialog" StructureKind="java"/><InteractionEvent Delta="null" EndDate="2014-10-06 09:28:32.256 JST" Interest="21.0" Kind="edit" Navigation="null" OriginId="org.eclipse.jdt.ui.CompilationUnitEditor" StartDate="2014-10-06 09:28:16.494 JST" StructureHandle="=TA2/src&amp;lt;ta2.main{PlayActv.java[PlayActv~_Setup_Listeners_LVs" StructureKind="java" NumEvents="21" CreationCount="943"/><InteractionEvent Delta="null" EndDate="2014-10-06 09:28:32.119 JST" Interest="3.0" Kind="selection" Navigation="null" OriginId="org.eclipse.ui.views.ContentOutline" StartDate="2014-10-06 09:28:16.490 JST" StructureHandle="=TA2/src&amp;lt;ta2.main{PlayActv.java[PlayActv~_Setup_Listeners_LVs" StructureKind="java" NumEvents="3" CreationCount="943"/><InteractionEvent Delta="null" EndDate="2014-10-06 09:17:28.162 JST" Interest="8.0" Kind="edit" Navigation="null" OriginId="org.eclipse.jdt.ui.CompilationUnitEditor" StartDate="2014-10-06 09:17:12.213 JST" StructureHandle="=TA2/src&amp;lt;ta2.utils{Methods.java[Methods~save_Memo~QActivity;~I" StructureKind="java" NumEvents="8" CreationCount="552"/><InteractionEvent Delta="null" EndDate="2014-10-06 09:17:11.224 JST" Interest="1.0" Kind="selection" Navigation="null" OriginId="org.eclipse.jdt.ui.CompilationUnitEditor" StartDate="2014-10-06 09:17:11.224 JST" StructureHandle="=TA2/src&amp;lt;ta2.utils{Methods.java[Methods~save_Memo~QActivity;!2" StructureKind="java"/><InteractionEvent Delta="null" EndDate="2014-10-06 09:22:13.156 JST" Interest="16.0" Kind="edit" Navigation="null" OriginId="org.eclipse.jdt.ui.CompilationUnitEditor" StartDate="2014-10-06 09:19:18.560 JST" StructureHandle="=TA2/src&amp;lt;ta2.listeners.button{BO_CL.java[BO_CL~case_ACTV_PLAY_CLEAR" StructureKind="java" NumEvents="16" CreationCount="616"/><InteractionEvent Delta="null" EndDate="2014-10-06 09:22:11.822 JST" Interest="6.0" Kind="selection" Navigation="null" OriginId="org.eclipse.jdt.ui.CompilationUnitEditor" StartDate="2014-10-06 09:19:14.604 JST" StructureHandle="=TA2/src&amp;lt;ta2.listeners.button{BO_CL.java[BO_CL~case_ACTV_PLAY_CLEAR" StructureKind="java" NumEvents="6" CreationCount="616"/><InteractionEvent Delta="null" EndDate="2014-10-06 09:05:35.876 JST" Interest="1.4480002" Kind="manipulation" Navigation="null" OriginId="org.eclipse.mylyn.core.model.interest.decay.correction" StartDate="2014-10-06 09:05:35.876 JST" StructureHandle="/TA2/src/ta2/main/RecActv.java" StructureKind="resource"/><InteractionEvent Delta="null" EndDate="2014-10-06 09:34:57.397 JST" Interest="52.0" Kind="propagation" Navigation="null" OriginId="org.eclipse.jdt.ui.CompilationUnitEditor" StartDate="2014-10-06 08:39:45.759 JST" StructureHandle="/TA2/src/ta2/main/RecActv.java" StructureKind="resource" NumEvents="52" CreationCount="32"/><InteractionEvent Delta="null" EndDate="2014-10-06 08:56:34.275 JST" Interest="1.0" Kind="prediction" Navigation="null" OriginId="org.eclipse.mylyn.resources.ui.interest.updater" StartDate="2014-10-06 08:56:34.275 JST" StructureHandle="=TA2/src&amp;lt;ta2.main{MainActv.java" StructureKind="java"/><InteractionEvent Delta="null" EndDate="2014-10-06 09:19:11.425 JST" Interest="3.0" Kind="selection" Navigation="null" OriginId="org.eclipse.jdt.ui.CompilationUnitEditor" StartDate="2014-10-06 09:16:08.796 JST" StructureHandle="=TA2/src&amp;lt;ta2.listeners.button{BO_CL.java[BO_CL" StructureKind="java" NumEvents="3" CreationCount="225"/><InteractionEvent Delta="null" EndDate="2014-10-06 09:18:43.21 JST" Interest="29.417" Kind="propagation" Navigation="org.eclipse.mylyn.core.model.edges.containment" OriginId="org.eclipse.mylyn.core.model.interest.propagation" StartDate="2014-10-06 09:06:49.714 JST" StructureHandle="=TA2/src&amp;lt;ta2.listeners.button{BO_CL.java[BO_CL" StructureKind="java" NumEvents="39" CreationCount="225"/><InteractionEvent Delta="null" EndDate="2014-10-06 09:05:29.370 JST" Interest="1.0" Kind="selection" Navigation="null" OriginId="org.eclipse.jdt.ui.PackageExplorer" StartDate="2014-10-06 09:05:29.370 JST" StructureHandle="/TA2/res/layout/dlg_tmpl_cancel_lv_2.xml" StructureKind="resource"/><InteractionEvent Delta="null" EndDate="2014-10-06 09:22:44.781 JST" Interest="1.0" Kind="selection" Navigation="null" OriginId="org.eclipse.jdt.ui.CompilationUnitEditor" StartDate="2014-10-06 09:22:44.781 JST" StructureHandle="=TA2/src&amp;lt;ta2.utils{Tags.java[Tags[DialogTags^DLG_CONF_CLEAR_VIEW_PLAY_ACTV_OK" StructureKind="java"/><InteractionEvent Delta="null" EndDate="2014-10-06 09:29:45.536 JST" Interest="10.0" Kind="edit" Navigation="null" OriginId="com.android.ide.eclipse.editors.CommonXmlEditor" StartDate="2014-10-06 08:34:46.67 JST" StructureHandle="/TA2/res/layout/actv_play.xml" StructureKind="resource" NumEvents="10" CreationCount="10"/><InteractionEvent Delta="null" EndDate="2014-10-06 09:31:25.409 JST" Interest="23.0" Kind="selection" Navigation="null" OriginId="com.android.ide.eclipse.editors.CommonXmlEditor" StartDate="2014-10-06 08:32:58.560 JST" StructureHandle="/TA2/res/layout/actv_play.xml" StructureKind="resource" NumEvents="23" CreationCount="10"/><InteractionEvent Delta="null" EndDate="2014-10-06 09:08:14.636 JST" Interest="7.0" Kind="edit" Navigation="null" OriginId="org.eclipse.jdt.ui.CompilationUnitEditor" StartDate="2014-10-06 09:07:15.736 JST" StructureHandle="=TA2/src&amp;lt;ta2.main{PlayActv.java[PlayActv~_Setup_Listeners" StructureKind="java" NumEvents="7" CreationCount="247"/><InteractionEvent Delta="null" EndDate="2014-10-06 09:08:19.570 JST" Interest="7.0" Kind="selection" Navigation="null" OriginId="org.eclipse.jdt.ui.CompilationUnitEditor" StartDate="2014-10-06 09:07:14.877 JST" StructureHandle="=TA2/src&amp;lt;ta2.main{PlayActv.java[PlayActv~_Setup_Listeners" StructureKind="java" NumEvents="7" CreationCount="247"/><InteractionEvent Delta="null" EndDate="2014-10-06 08:32:45.400 JST" Interest="1.0" Kind="selection" Navigation="null" OriginId="org.eclipse.jdt.ui.PackageExplorer" StartDate="2014-10-06 08:32:45.400 JST" StructureHandle="=TA2/src&amp;lt;ta2.tasks" StructureKind="java"/><InteractionEvent Delta="null" EndDate="2014-10-06 09:25:01.285 JST" Interest="12.292" Kind="propagation" Navigation="org.eclipse.mylyn.core.model.edges.containment" OriginId="org.eclipse.mylyn.core.model.interest.propagation" StartDate="2014-10-06 09:20:19.111 JST" StructureHandle="=TA2/src&amp;lt;ta2.listeners.dialog{DB_OCL.java[DB_OCL" StructureKind="java" NumEvents="16" CreationCount="638"/><InteractionEvent Delta="null" EndDate="2014-10-06 09:31:23.522 JST" Interest="709.0" Kind="propagation" Navigation="null" OriginId="org.eclipse.jdt.ui.CompilationUnitEditor" StartDate="2014-10-06 08:32:50.457 JST" StructureHandle="/TA2/src/ta2/main/PlayActv.java" StructureKind="resource" NumEvents="709" CreationCount="6"/><InteractionEvent Delta="null" EndDate="2014-10-06 09:06:13.911 JST" Interest="1.0" Kind="selection" Navigation="null" OriginId="org.eclipse.ui.views.ContentOutline" StartDate="2014-10-06 09:06:13.911 JST" StructureHandle="=TA2/src&amp;lt;ta2.main{MemoActv.java%ta2.main" StructureKind="java"/><InteractionEvent Delta="null" EndDate="2014-10-06 09:22:05.914 JST" Interest="5.0" Kind="edit" Navigation="null" OriginId="org.eclipse.jdt.ui.CompilationUnitEditor" StartDate="2014-10-06 09:19:40.826 JST" StructureHandle="=TA2/src&amp;lt;ta2.utils{Methods_dlg.java[Methods_dlg~conf_Clear_View~QActivity;" StructureKind="java" NumEvents="5" CreationCount="627"/><InteractionEvent Delta="null" EndDate="2014-10-06 09:22:04.618 JST" Interest="3.0" Kind="selection" Navigation="null" OriginId="org.eclipse.jdt.ui.CompilationUnitEditor" StartDate="2014-10-06 09:19:35.505 JST" StructureHandle="=TA2/src&amp;lt;ta2.utils{Methods_dlg.java[Methods_dlg~conf_Clear_View~QActivity;" StructureKind="java" NumEvents="3" CreationCount="627"/><InteractionEvent Delta="null" EndDate="2014-10-06 09:19:01.243 JST" Interest="10.0" Kind="edit" Navigation="null" OriginId="org.eclipse.jdt.ui.CompilationUnitEditor" StartDate="2014-10-06 09:15:52.660 JST" StructureHandle="=TA2/src&amp;lt;ta2.listeners.button{BO_CL.java[BO_CL~onClick~QView;" StructureKind="java" NumEvents="10" CreationCount="226"/><InteractionEvent Delta="null" EndDate="2014-10-06 09:15:47.210 JST" Interest="3.9300003" Kind="manipulation" Navigation="null" OriginId="org.eclipse.mylyn.core.model.interest.decay.correction" StartDate="2014-10-06 09:15:47.210 JST" StructureHandle="=TA2/src&amp;lt;ta2.listeners.button{BO_CL.java[BO_CL~onClick~QView;" StructureKind="java"/><InteractionEvent Delta="null" EndDate="2014-10-06 09:18:51.756 JST" Interest="3.0" Kind="selection" Navigation="null" OriginId="org.eclipse.jdt.ui.CompilationUnitEditor" StartDate="2014-10-06 09:06:51.747 JST" StructureHandle="=TA2/src&amp;lt;ta2.listeners.button{BO_CL.java[BO_CL~onClick~QView;" StructureKind="java" NumEvents="3" CreationCount="226"/><InteractionEvent Delta="null" EndDate="2014-10-06 09:22:13.158 JST" Interest="125.0" Kind="propagation" Navigation="null" OriginId="org.eclipse.jdt.ui.CompilationUnitEditor" StartDate="2014-10-06 09:06:48.903 JST" StructureHandle="/TA2/src/ta2/listeners/button" StructureKind="resource" NumEvents="125" CreationCount="224"/><InteractionEvent Delta="null" EndDate="2014-10-06 08:56:34.276 JST" Interest="1.0" Kind="propagation" Navigation="null" OriginId="org.eclipse.mylyn.resources.ui.interest.updater" StartDate="2014-10-06 08:56:34.276 JST" StructureHandle="/TA2/src/ta2/main/MainActv.java" StructureKind="resource"/><InteractionEvent Delta="null" EndDate="2014-10-06 09:15:40.835 JST" Interest="3.9300003" Kind="manipulation" Navigation="null" OriginId="org.eclipse.mylyn.core.model.interest.decay.correction" StartDate="2014-10-06 09:15:40.835 JST" StructureHandle="=TA2/src&amp;lt;ta2.listeners.button{BO_CL.java[BO_CL~BO_CL~QActivity;" StructureKind="java"/><InteractionEvent Delta="null" EndDate="2014-10-06 09:15:40.835 JST" Interest="2.0" Kind="selection" Navigation="null" OriginId="org.eclipse.jdt.ui.CompilationUnitEditor" StartDate="2014-10-06 09:06:49.714 JST" StructureHandle="=TA2/src&amp;lt;ta2.listeners.button{BO_CL.java[BO_CL~BO_CL~QActivity;" StructureKind="java" NumEvents="2" CreationCount="225"/><InteractionEvent Delta="null" EndDate="2014-10-06 09:18:29.989 JST" Interest="29.0" Kind="edit" Navigation="null" OriginId="org.eclipse.jdt.ui.CompilationUnitEditor" StartDate="2014-10-06 09:16:12.674 JST" StructureHandle="=TA2/src&amp;lt;ta2.listeners.button{BO_CL.java[BO_CL~case_ACTV_PLAY_SAVE" StructureKind="java" NumEvents="29" CreationCount="526"/><InteractionEvent Delta="null" EndDate="2014-10-06 09:18:43.21 JST" Interest="6.0" Kind="selection" Navigation="null" OriginId="org.eclipse.jdt.ui.CompilationUnitEditor" StartDate="2014-10-06 09:16:11.225 JST" StructureHandle="=TA2/src&amp;lt;ta2.listeners.button{BO_CL.java[BO_CL~case_ACTV_PLAY_SAVE" StructureKind="java" NumEvents="6" CreationCount="526"/><InteractionEvent Delta="null" EndDate="2014-10-06 09:23:24.892 JST" Interest="7.0" Kind="edit" Navigation="null" OriginId="org.eclipse.jdt.ui.CompilationUnitEditor" StartDate="2014-10-06 09:20:23.617 JST" StructureHandle="=TA2/src&amp;lt;ta2.listeners.dialog{DB_OCL.java[DB_OCL~case_DLG_CONF_CLEAR_VIEW_OK" StructureKind="java" NumEvents="7" CreationCount="639"/><InteractionEvent Delta="null" EndDate="2014-10-06 09:23:24.37 JST" Interest="7.0" Kind="selection" Navigation="null" OriginId="org.eclipse.jdt.ui.CompilationUnitEditor" StartDate="2014-10-06 09:20:20.531 JST" StructureHandle="=TA2/src&amp;lt;ta2.listeners.dialog{DB_OCL.java[DB_OCL~case_DLG_CONF_CLEAR_VIEW_OK" StructureKind="java" NumEvents="7" CreationCount="639"/><InteractionEvent Delta="null" EndDate="2014-10-06 09:28:40.215 JST" Interest="207.933" Kind="propagation" Navigation="org.eclipse.mylyn.core.model.edges.containment" OriginId="org.eclipse.mylyn.core.model.interest.propagation" StartDate="2014-10-06 08:35:16.0 JST" StructureHandle="=TA2/src&amp;lt;ta2.main{PlayActv.java" StructureKind="java" NumEvents="298" CreationCount="6"/><InteractionEvent Delta="null" EndDate="2014-10-06 09:30:24.779 JST" Interest="24.0" Kind="selection" Navigation="null" OriginId="org.eclipse.jdt.ui.CompilationUnitEditor" StartDate="2014-10-06 08:32:50.457 JST" StructureHandle="=TA2/src&amp;lt;ta2.main{PlayActv.java" StructureKind="java" NumEvents="24" CreationCount="6"/><InteractionEvent Delta="null" EndDate="2014-10-06 08:35:13.539 JST" Interest="2.0" Kind="selection" Navigation="null" OriginId="org.eclipse.ui.views.ContentOutline" StartDate="2014-10-06 08:33:09.554 JST" StructureHandle="=TA2/src&amp;lt;ta2.main{PlayActv.java%ta2.main" StructureKind="java" NumEvents="2" CreationCount="12"/><InteractionEvent Delta="null" EndDate="2014-10-06 09:31:44.345 JST" Interest="4.0" Kind="prediction" Navigation="null" OriginId="org.eclipse.mylyn.resources.ui.interest.updater" StartDate="2014-10-06 08:56:32.297 JST" StructureHandle="/TA2/bin/resources.ap_" StructureKind="resource" NumEvents="4" CreationCount="108"/><InteractionEvent Delta="null" EndDate="2014-10-06 09:25:01.286 JST" Interest="7.3259997" Kind="propagation" Navigation="org.eclipse.mylyn.core.model.edges.containment" OriginId="org.eclipse.mylyn.core.model.interest.propagation" StartDate="2014-10-06 09:20:37.3 JST" StructureHandle="=TA2/src&amp;lt;ta2.listeners.dialog{DB_OCL.java" StructureKind="java" NumEvents="10" CreationCount="636"/><InteractionEvent Delta="null" EndDate="2014-10-06 09:23:10.32 JST" Interest="5.0" Kind="selection" Navigation="null" OriginId="org.eclipse.jdt.ui.CompilationUnitEditor" StartDate="2014-10-06 09:20:15.571 JST" StructureHandle="=TA2/src&amp;lt;ta2.listeners.dialog{DB_OCL.java" StructureKind="java" NumEvents="5" CreationCount="636"/><InteractionEvent Delta="null" EndDate="2014-10-06 09:05:46.694 JST" Interest="1.0" Kind="selection" Navigation="null" OriginId="org.eclipse.ui.views.ContentOutline" StartDate="2014-10-06 09:05:46.694 JST" StructureHandle="=TA2/src&amp;lt;ta2.main{RecActv.java%ta2.main" StructureKind="java"/><InteractionEvent Delta="null" EndDate="2014-10-06 09:15:22.80 JST" Interest="13.734" Kind="propagation" Navigation="org.eclipse.mylyn.core.model.edges.containment" OriginId="org.eclipse.mylyn.core.model.interest.propagation" StartDate="2014-10-06 09:10:51.62 JST" StructureHandle="=TA2/src&amp;lt;ta2.listeners.button{BO_TL.java" StructureKind="java" NumEvents="22" CreationCount="444"/><InteractionEvent Delta="null" EndDate="2014-10-06 09:15:02.873 JST" Interest="3.0" Kind="selection" Navigation="null" OriginId="org.eclipse.jdt.ui.CompilationUnitEditor" StartDate="2014-10-06 09:10:50.216 JST" StructureHandle="=TA2/src&amp;lt;ta2.listeners.button{BO_TL.java" StructureKind="java" NumEvents="3" CreationCount="444"/><InteractionEvent Delta="null" EndDate="2014-10-06 09:28:11.322 JST" Interest="15.0" Kind="edit" Navigation="null" OriginId="org.eclipse.jdt.ui.CompilationUnitEditor" StartDate="2014-10-06 09:28:06.402 JST" StructureHandle="=TA2/src&amp;lt;ta2.main{PlayActv.java[PlayActv~_Setup_List_1" StructureKind="java" NumEvents="15" CreationCount="923"/><InteractionEvent Delta="null" EndDate="2014-10-06 09:28:06.397 JST" Interest="1.0" Kind="selection" Navigation="null" OriginId="org.eclipse.jdt.ui.CompilationUnitEditor" StartDate="2014-10-06 09:28:06.397 JST" StructureHandle="=TA2/src&amp;lt;ta2.main{PlayActv.java[PlayActv~_Setup_List_1" StructureKind="java"/><InteractionEvent Delta="null" EndDate="2014-10-06 08:54:40.552 JST" Interest="1.0" Kind="propagation" Navigation="null" OriginId="org.eclipse.mylyn.resources.ui.interest.updater" StartDate="2014-10-06 08:54:40.552 JST" StructureHandle="/TA2/src/ta2/main/MemoEditActv.java" StructureKind="resource"/><InteractionEvent Delta="null" EndDate="2014-10-06 09:31:23.521 JST" Interest="136.0" Kind="edit" Navigation="null" OriginId="org.eclipse.jdt.ui.CompilationUnitEditor" StartDate="2014-10-06 09:25:03.749 JST" StructureHandle="=TA2/src&amp;lt;ta2.main{PlayActv.java[PlayActv~onStart" StructureKind="java" NumEvents="136" CreationCount="245"/><InteractionEvent Delta="null" EndDate="2014-10-06 09:25:03.186 JST" Interest="7.5" Kind="manipulation" Navigation="null" OriginId="org.eclipse.mylyn.core.model.interest.decay.correction" StartDate="2014-10-06 09:25:03.186 JST" StructureHandle="=TA2/src&amp;lt;ta2.main{PlayActv.java[PlayActv~onStart" StructureKind="java"/><InteractionEvent Delta="null" EndDate="2014-10-06 09:30:44.535 JST" Interest="12.0" Kind="selection" Navigation="null" OriginId="org.eclipse.ui.views.ContentOutline" StartDate="2014-10-06 09:07:09.107 JST" StructureHandle="=TA2/src&amp;lt;ta2.main{PlayActv.java[PlayActv~onStart" StructureKind="java" NumEvents="12" CreationCount="245"/><InteractionEvent Delta="null" EndDate="2014-10-06 09:08:47.659 JST" Interest="127.0" Kind="edit" Navigation="null" OriginId="org.eclipse.jdt.ui.CompilationUnitEditor" StartDate="2014-10-06 08:35:16.375 JST" StructureHandle="=TA2/src&amp;lt;ta2.main{PlayActv.java[PlayActv~_Setup_Views" StructureKind="java" NumEvents="127" CreationCount="22"/><InteractionEvent Delta="null" EndDate="2014-10-06 09:08:36.958 JST" Interest="15.0" Kind="selection" Navigation="null" OriginId="org.eclipse.ui.views.ContentOutline" StartDate="2014-10-06 08:35:15.657 JST" StructureHandle="=TA2/src&amp;lt;ta2.main{PlayActv.java[PlayActv~_Setup_Views" StructureKind="java" NumEvents="15" CreationCount="22"/><InteractionEvent Delta="null" EndDate="2014-10-06 09:30:24.779 JST" Interest="229.984" Kind="propagation" Navigation="org.eclipse.mylyn.core.model.edges.containment" OriginId="org.eclipse.mylyn.core.model.interest.propagation" StartDate="2014-10-06 08:32:50.806 JST" StructureHandle="=TA2/src&amp;lt;ta2.main" StructureKind="java" NumEvents="334" CreationCount="3"/><InteractionEvent Delta="null" EndDate="2014-10-06 08:32:48.135 JST" Interest="2.0" Kind="selection" Navigation="null" OriginId="org.eclipse.jdt.ui.PackageExplorer" StartDate="2014-10-06 08:32:06.70 JST" StructureHandle="=TA2/src&amp;lt;ta2.main" StructureKind="java" NumEvents="2" CreationCount="3"/><InteractionEvent Delta="null" EndDate="2014-10-06 09:22:13.158 JST" Interest="125.0" Kind="propagation" Navigation="org.eclipse.mylyn.core.model.edges.containment" OriginId="org.eclipse.mylyn.core.model.interest.propagation" StartDate="2014-10-06 09:06:48.903 JST" StructureHandle="/TA2/src/ta2/listeners" StructureKind="resource" NumEvents="125" CreationCount="224"/><InteractionEvent Delta="null" EndDate="2014-10-06 09:22:44.782 JST" Interest="8.0" Kind="propagation" Navigation="null" OriginId="org.eclipse.jdt.ui.CompilationUnitEditor" StartDate="2014-10-06 09:09:34.142 JST" StructureHandle="/TA2/src/ta2/utils/Tags.java" StructureKind="resource" NumEvents="8" CreationCount="353"/><InteractionEvent Delta="null" EndDate="2014-10-06 09:22:44.782 JST" Interest="6.6780005" Kind="propagation" Navigation="org.eclipse.mylyn.core.model.edges.containment" OriginId="org.eclipse.mylyn.core.model.interest.propagation" StartDate="2014-10-06 09:09:35.87 JST" StructureHandle="=TA2/src&amp;lt;ta2.utils{Tags.java[Tags" StructureKind="java" NumEvents="4" CreationCount="354"/><InteractionEvent Delta="null" EndDate="2014-10-06 09:24:38.276 JST" Interest="23.604" Kind="propagation" Navigation="org.eclipse.mylyn.core.model.edges.containment" OriginId="org.eclipse.mylyn.core.model.interest.propagation" StartDate="2014-10-06 09:09:34.142 JST" StructureHandle="=TA2/src&amp;lt;ta2.utils" StructureKind="java" NumEvents="37" CreationCount="353"/><InteractionEvent Delta="null" EndDate="2014-10-06 09:24:38.275 JST" Interest="18.946" Kind="propagation" Navigation="org.eclipse.mylyn.core.model.edges.containment" OriginId="org.eclipse.mylyn.core.model.interest.propagation" StartDate="2014-10-06 09:19:35.506 JST" StructureHandle="=TA2/src&amp;lt;ta2.utils{Methods_dlg.java[Methods_dlg" StructureKind="java" NumEvents="25" CreationCount="627"/><InteractionEvent Delta="null" EndDate="2014-10-06 09:15:40.96 JST" Interest="1.8790002" Kind="manipulation" Navigation="null" OriginId="org.eclipse.mylyn.core.model.interest.decay.correction" StartDate="2014-10-06 09:15:40.96 JST" StructureHandle="=TA2/src&amp;lt;ta2.listeners.button{BO_CL.java" StructureKind="java"/><InteractionEvent Delta="null" EndDate="2014-10-06 09:19:11.426 JST" Interest="23.555" Kind="propagation" Navigation="org.eclipse.mylyn.core.model.edges.containment" OriginId="org.eclipse.mylyn.core.model.interest.propagation" StartDate="2014-10-06 09:06:49.715 JST" StructureHandle="=TA2/src&amp;lt;ta2.listeners.button{BO_CL.java" StructureKind="java" NumEvents="41" CreationCount="224"/><InteractionEvent Delta="null" EndDate="2014-10-06 09:22:11.543 JST" Interest="10.0" Kind="selection" Navigation="null" OriginId="org.eclipse.jdt.ui.CompilationUnitEditor" StartDate="2014-10-06 09:06:48.902 JST" StructureHandle="=TA2/src&amp;lt;ta2.listeners.button{BO_CL.java" StructureKind="java" NumEvents="10" CreationCount="224"/><InteractionEvent Delta="null" EndDate="2014-10-06 09:34:57.398 JST" Interest="1044.017" Kind="propagation" Navigation="null" OriginId="org.eclipse.jdt.ui.CompilationUnitEditor" StartDate="2014-10-06 08:32:02.877 JST" StructureHandle="/TA2/src" StructureKind="resource" NumEvents="1047" CreationCount="2"/><InteractionEvent Delta="null" EndDate="2014-10-06 09:15:22.80 JST" Interest="29.0" Kind="propagation" Navigation="null" OriginId="org.eclipse.jdt.ui.CompilationUnitEditor" StartDate="2014-10-06 09:10:50.216 JST" StructureHandle="/TA2/src/ta2/listeners/button/BO_TL.java" StructureKind="resource" NumEvents="29" CreationCount="444"/><InteractionEvent Delta="null" EndDate="2014-10-06 09:25:01.285 JST" Interest="44.0" Kind="propagation" Navigation="null" OriginId="org.eclipse.ui.views.ContentOutline" StartDate="2014-10-06 09:20:15.571 JST" StructureHandle="/TA2/src/ta2/listeners/dialog/DB_OCL.java" StructureKind="resource" NumEvents="44" CreationCount="636"/><InteractionEvent Delta="null" EndDate="2014-10-06 09:34:57.397 JST" Interest="1042.0339" Kind="propagation" Navigation="org.eclipse.mylyn.core.model.edges.containment" OriginId="org.eclipse.mylyn.core.model.interest.propagation" StartDate="2014-10-06 08:32:02.877 JST" StructureHandle="=TA2" StructureKind="resource" NumEvents="1049" CreationCount="1"/><InteractionEvent Delta="null" EndDate="2014-10-06 08:31:55.361 JST" Interest="1.0" Kind="selection" Navigation="null" OriginId="org.eclipse.jdt.ui.PackageExplorer" StartDate="2014-10-06 08:31:55.361 JST" StructureHandle="=TA2" StructureKind="java"/><InteractionEvent Delta="null" EndDate="2014-10-06 09:05:35.875 JST" Interest="1.4310002" Kind="manipulation" Navigation="null" OriginId="org.eclipse.mylyn.core.model.interest.decay.correction" StartDate="2014-10-06 09:05:35.875 JST" StructureHandle="=TA2/src&amp;lt;ta2.main{RecActv.java" StructureKind="java"/><InteractionEvent Delta="null" EndDate="2014-10-06 08:39:45.759 JST" Interest="1.0" Kind="prediction" Navigation="null" OriginId="org.eclipse.mylyn.resources.ui.interest.updater" StartDate="2014-10-06 08:39:45.759 JST" StructureHandle="=TA2/src&amp;lt;ta2.main{RecActv.java" StructureKind="java"/><InteractionEvent Delta="null" EndDate="2014-10-06 09:34:57.397 JST" Interest="10.259" Kind="propagation" Navigation="org.eclipse.mylyn.core.model.edges.containment" OriginId="org.eclipse.mylyn.core.model.interest.propagation" StartDate="2014-10-06 09:05:50.869 JST" StructureHandle="=TA2/src&amp;lt;ta2.main{RecActv.java" StructureKind="java" NumEvents="18" CreationCount="32"/><InteractionEvent Delta="null" EndDate="2014-10-06 09:31:42.84 JST" Interest="12.0" Kind="selection" Navigation="null" OriginId="org.eclipse.jdt.ui.CompilationUnitEditor" StartDate="2014-10-06 09:05:35.875 JST" StructureHandle="=TA2/src&amp;lt;ta2.main{RecActv.java" StructureKind="java" NumEvents="12" CreationCount="32"/><InteractionEvent Delta="null" EndDate="2014-10-06 09:23:17.987 JST" Interest="7.0" Kind="edit" Navigation="null" OriginId="org.eclipse.jdt.ui.CompilationUnitEditor" StartDate="2014-10-06 09:23:05.655 JST" StructureHandle="=TA2/src&amp;lt;ta2.listeners.dialog{DB_OCL.java[DB_OCL~onClick~QView;" StructureKind="java" NumEvents="7" CreationCount="638"/><InteractionEvent Delta="null" EndDate="2014-10-06 09:23:03.221 JST" Interest="0.003000021" Kind="manipulation" Navigation="null" OriginId="org.eclipse.mylyn.core.model.interest.decay.correction" StartDate="2014-10-06 09:23:03.221 JST" StructureHandle="=TA2/src&amp;lt;ta2.listeners.dialog{DB_OCL.java[DB_OCL~onClick~QView;" StructureKind="java"/><InteractionEvent Delta="null" EndDate="2014-10-06 09:23:10.293 JST" Interest="4.0" Kind="selection" Navigation="null" OriginId="org.eclipse.jdt.ui.CompilationUnitEditor" StartDate="2014-10-06 09:20:19.110 JST" StructureHandle="=TA2/src&amp;lt;ta2.listeners.dialog{DB_OCL.java[DB_OCL~onClick~QView;" StructureKind="java" NumEvents="4" CreationCount="638"/><InteractionEvent Delta="null" EndDate="2014-10-06 09:29:31.702 JST" Interest="5.0" Kind="prediction" Navigation="null" OriginId="org.eclipse.mylyn.resources.ui.interest.updater" StartDate="2014-10-06 08:56:32.297 JST" StructureHandle="/TA2/bin/classes.dex" StructureKind="resource" NumEvents="5" CreationCount="108"/><InteractionEvent Delta="null" EndDate="2014-10-06 09:15:22.79 JST" Interest="21.0" Kind="edit" Navigation="null" OriginId="org.eclipse.jdt.ui.CompilationUnitEditor" StartDate="2014-10-06 09:11:05.841 JST" StructureHandle="=TA2/src&amp;lt;ta2.listeners.button{BO_TL.java[BO_TL~onTouch~QView;~QMotionEvent;" StructureKind="java" NumEvents="21" CreationCount="446"/><InteractionEvent Delta="null" EndDate="2014-10-06 09:15:09.406 JST" Interest="2.0" Kind="selection" Navigation="null" OriginId="org.eclipse.jdt.ui.CompilationUnitEditor" StartDate="2014-10-06 09:10:53.31 JST" StructureHandle="=TA2/src&amp;lt;ta2.listeners.button{BO_TL.java[BO_TL~onTouch~QView;~QMotionEvent;" StructureKind="java" NumEvents="2" CreationCount="446"/><InteractionEvent Delta="null" EndDate="2014-10-06 09:28:41.561 JST" Interest="3.0" Kind="edit" Navigation="null" OriginId="org.eclipse.jdt.ui.CompilationUnitEditor" StartDate="2014-10-06 09:28:41.550 JST" StructureHandle="=TA2/src&amp;lt;ta2.main{PlayActv.java[PlayActv~onDestroy" StructureKind="java" NumEvents="3" CreationCount="978"/><InteractionEvent Delta="null" EndDate="2014-10-06 09:28:41.544 JST" Interest="1.0" Kind="selection" Navigation="null" OriginId="org.eclipse.jdt.ui.CompilationUnitEditor" StartDate="2014-10-06 09:28:41.544 JST" StructureHandle="=TA2/src&amp;lt;ta2.main{PlayActv.java[PlayActv~onDestroy" StructureKind="java"/><InteractionEvent Delta="null" EndDate="2014-10-06 09:31:25.410 JST" Interest="29.033998" Kind="propagation" Navigation="org.eclipse.mylyn.core.model.edges.containment" OriginId="org.eclipse.mylyn.core.model.interest.propagation" StartDate="2014-10-06 08:32:56.222 JST" StructureHandle="/TA2/res" StructureKind="resource" NumEvents="35" CreationCount="8"/><InteractionEvent Delta="null" EndDate="2014-10-06 08:32:54.377 JST" Interest="1.0" Kind="selection" Navigation="null" OriginId="org.eclipse.jdt.ui.PackageExplorer" StartDate="2014-10-06 08:32:54.377 JST" StructureHandle="/TA2/res" StructureKind="resource"/><InteractionEvent Delta="null" EndDate="2014-10-06 08:34:29.528 JST" Interest="1.0" Kind="edit" Navigation="null" OriginId="com.android.ide.eclipse.editors.CommonXmlEditor" StartDate="2014-10-06 08:34:29.528 JST" StructureHandle="/TA2/res/layout/actv_rec.xml" StructureKind="resource"/><InteractionEvent Delta="null" EndDate="2014-10-06 08:52:53.547 JST" Interest="7.0" Kind="selection" Navigation="null" OriginId="org.eclipse.jdt.ui.PackageExplorer" StartDate="2014-10-06 08:34:29.9 JST" StructureHandle="/TA2/res/layout/actv_rec.xml" StructureKind="resource" NumEvents="7" CreationCount="14"/><InteractionEvent Delta="null" EndDate="2014-10-06 09:10:30.631 JST" Interest="1.0" Kind="selection" Navigation="null" OriginId="org.eclipse.jdt.ui.CompilationUnitEditor" StartDate="2014-10-06 09:10:30.631 JST" StructureHandle="=TA2/src&amp;lt;ta2.utils{Tags.java[Tags[ButtonTags" StructureKind="java"/><InteractionEvent Delta="null" EndDate="2014-10-06 09:10:28.224 JST" Interest="2.292" Kind="propagation" Navigation="org.eclipse.mylyn.core.model.edges.containment" OriginId="org.eclipse.mylyn.core.model.interest.propagation" StartDate="2014-10-06 09:09:35.86 JST" StructureHandle="=TA2/src&amp;lt;ta2.utils{Tags.java[Tags[ButtonTags" StructureKind="java" NumEvents="2" CreationCount="354"/><InteractionEvent Delta="null" EndDate="2014-10-06 09:26:55.390 JST" Interest="5.0" Kind="edit" Navigation="null" OriginId="org.eclipse.jdt.ui.CompilationUnitEditor" StartDate="2014-10-06 09:26:45.53 JST" StructureHandle="=TA2/src&amp;lt;ta2.main{RecActv.java[RecActv~onStart" StructureKind="java" NumEvents="5" CreationCount="802"/><InteractionEvent Delta="null" EndDate="2014-10-06 09:26:44.121 JST" Interest="1.0" Kind="selection" Navigation="null" OriginId="org.eclipse.ui.views.ContentOutline" StartDate="2014-10-06 09:26:44.121 JST" StructureHandle="=TA2/src&amp;lt;ta2.main{RecActv.java[RecActv~onStart" StructureKind="java"/><InteractionEvent Delta="null" EndDate="2014-10-06 09:34:57.399 JST" Interest="1101.0" Kind="propagation" Navigation="null" OriginId="org.eclipse.jdt.ui.CompilationUnitEditor" StartDate="2014-10-06 08:31:55.361 JST" StructureHandle="/TA2" StructureKind="resource" NumEvents="1101" CreationCount="1"/><InteractionEvent Delta="null" EndDate="2014-10-06 09:24:38.274 JST" Interest="19.0" Kind="edit" Navigation="null" OriginId="org.eclipse.jdt.ui.CompilationUnitEditor" StartDate="2014-10-06 09:22:15.940 JST" StructureHandle="=TA2/src&amp;lt;ta2.utils{Methods_dlg.java[Methods_dlg~conf_Clear_View_PlayActv~QActivity;" StructureKind="java" NumEvents="19" CreationCount="665"/><InteractionEvent Delta="null" EndDate="2014-10-06 09:23:55.382 JST" Interest="5.0" Kind="selection" Navigation="null" OriginId="org.eclipse.jdt.ui.CompilationUnitEditor" StartDate="2014-10-06 09:22:11.331 JST" StructureHandle="=TA2/src&amp;lt;ta2.utils{Methods_dlg.java[Methods_dlg~conf_Clear_View_PlayActv~QActivity;" StructureKind="java" NumEvents="5" CreationCount="665"/><InteractionEvent Delta="null" EndDate="2014-10-06 09:23:50.426 JST" Interest="10.0" Kind="edit" Navigation="null" OriginId="org.eclipse.jdt.ui.CompilationUnitEditor" StartDate="2014-10-06 09:23:30.873 JST" StructureHandle="=TA2/src&amp;lt;ta2.listeners.dialog{DB_OCL.java[DB_OCL~case_DLG_CONF_CLEAR_VIEW_PLAY_ACTV_OK" StructureKind="java" NumEvents="10" CreationCount="714"/><InteractionEvent Delta="null" EndDate="2014-10-06 09:25:01.285 JST" Interest="4.0" Kind="selection" Navigation="null" OriginId="org.eclipse.ui.views.ContentOutline" StartDate="2014-10-06 09:23:29.525 JST" StructureHandle="=TA2/src&amp;lt;ta2.listeners.dialog{DB_OCL.java[DB_OCL~case_DLG_CONF_CLEAR_VIEW_PLAY_ACTV_OK" StructureKind="java" NumEvents="4" CreationCount="714"/><InteractionEvent Delta="null" EndDate="2014-10-06 09:22:13.157 JST" Interest="96.0" Kind="propagation" Navigation="null" OriginId="org.eclipse.jdt.ui.CompilationUnitEditor" StartDate="2014-10-06 09:06:48.903 JST" StructureHandle="/TA2/src/ta2/listeners/button/BO_CL.java" StructureKind="resource" NumEvents="96" CreationCount="224"/><InteractionEvent Delta="null" EndDate="2014-10-06 09:31:42.86 JST" Interest="231.001" Kind="propagation" Navigation="org.eclipse.mylyn.core.model.edges.containment" OriginId="org.eclipse.mylyn.core.model.interest.propagation" StartDate="2014-10-06 08:32:06.70 JST" StructureHandle="=TA2/src" StructureKind="java" NumEvents="347" CreationCount="2"/><InteractionEvent Delta="null" EndDate="2014-10-06 08:32:02.876 JST" Interest="1.0" Kind="selection" Navigation="null" OriginId="org.eclipse.jdt.ui.PackageExplorer" StartDate="2014-10-06 08:32:02.876 JST" StructureHandle="=TA2/src" StructureKind="java"/><InteractionEvent Delta="null" EndDate="2014-10-06 09:22:11.354 JST" Interest="5.0" Kind="selection" Navigation="null" OriginId="org.eclipse.jdt.ui.CompilationUnitEditor" StartDate="2014-10-06 09:17:07.956 JST" StructureHandle="=TA2/src&amp;lt;ta2.utils{Methods.java[Methods" StructureKind="java" NumEvents="5" CreationCount="547"/><InteractionEvent Delta="null" EndDate="2014-10-06 09:17:28.162 JST" Interest="5.685" Kind="propagation" Navigation="org.eclipse.mylyn.core.model.edges.containment" OriginId="org.eclipse.mylyn.core.model.interest.propagation" StartDate="2014-10-06 09:16:48.801 JST" StructureHandle="=TA2/src&amp;lt;ta2.utils{Methods.java[Methods" StructureKind="java" NumEvents="8" CreationCount="547"/><InteractionEvent Delta="null" EndDate="2014-10-06 09:19:09.612 JST" Interest="1.0" Kind="edit" Navigation="null" OriginId="org.eclipse.jdt.ui.CompilationUnitEditor" StartDate="2014-10-06 09:19:09.612 JST" StructureHandle="=TA2/src&amp;lt;ta2.listeners.button{BO_CL.java[BO_CL~case_ACTV_MEMO_CLEAR" StructureKind="java"/><InteractionEvent Delta="null" EndDate="2014-10-06 09:19:08.256 JST" Interest="3.0" Kind="selection" Navigation="null" OriginId="org.eclipse.jdt.ui.CompilationUnitEditor" StartDate="2014-10-06 09:18:01.674 JST" StructureHandle="=TA2/src&amp;lt;ta2.listeners.button{BO_CL.java[BO_CL~case_ACTV_MEMO_CLEAR" StructureKind="java" NumEvents="3" CreationCount="572"/><InteractionEvent Delta="null" EndDate="2014-10-06 09:32:03.587 JST" Interest="3.0" Kind="edit" Navigation="null" OriginId="org.eclipse.jdt.ui.CompilationUnitEditor" StartDate="2014-10-06 09:27:36.444 JST" StructureHandle="=TA2/src&amp;lt;ta2.main{RecActv.java[RecActv" StructureKind="java" NumEvents="3" CreationCount="181"/><InteractionEvent Delta="null" EndDate="2014-10-06 09:34:57.396 JST" Interest="5.0" Kind="selection" Navigation="null" OriginId="org.eclipse.jdt.ui.CompilationUnitEditor" StartDate="2014-10-06 09:27:23.573 JST" StructureHandle="=TA2/src&amp;lt;ta2.main{RecActv.java[RecActv" StructureKind="java" NumEvents="5" CreationCount="181"/><InteractionEvent Delta="null" EndDate="2014-10-06 09:26:55.390 JST" Interest="15.057" Kind="propagation" Navigation="org.eclipse.mylyn.core.model.edges.containment" OriginId="org.eclipse.mylyn.core.model.interest.propagation" StartDate="2014-10-06 09:05:50.130 JST" StructureHandle="=TA2/src&amp;lt;ta2.main{RecActv.java[RecActv" StructureKind="java" NumEvents="19" CreationCount="181"/></InteractionHistory>