<?xml version="1.0" encoding="UTF-8"?><InteractionHistory Id="local-18" Version="1"><InteractionEvent Delta="null" EndDate="2014-08-23 22:00:43.81 JST" Interest="29.578001" Kind="propagation" Navigation="org.eclipse.mylyn.core.model.edges.containment" OriginId="org.eclipse.mylyn.core.model.interest.propagation" StartDate="2014-08-23 21:54:29.745 JST" StructureHandle="" StructureKind="java" NumEvents="30" CreationCount="1"/><InteractionEvent Delta="null" EndDate="2014-08-23 22:00:40.13 JST" Interest="58.0" Kind="propagation" Navigation="null" OriginId="org.eclipse.jdt.ui.CompilationUnitEditor" StartDate="2014-08-23 21:54:40.133 JST" StructureHandle="/TA2/src/ta2/utils/CONS.java" StructureKind="resource" NumEvents="58" CreationCount="6"/><InteractionEvent Delta="null" EndDate="2014-08-23 22:16:24.91 JST" Interest="1.0" Kind="propagation" Navigation="org.eclipse.mylyn.core.model.edges.containment" OriginId="org.eclipse.mylyn.core.model.interest.propagation" StartDate="2014-08-23 22:16:24.91 JST" StructureHandle="/TA2/res/values" StructureKind="resource"/><InteractionEvent Delta="null" EndDate="2014-08-23 21:56:54.83 JST" Interest="6.5" Kind="propagation" Navigation="org.eclipse.mylyn.core.model.edges.containment" OriginId="org.eclipse.mylyn.core.model.interest.propagation" StartDate="2014-08-23 21:55:16.577 JST" StructureHandle="=app.twitter/src&amp;lt;app.twitter{TwtActv.java[TwtActv" StructureKind="java" NumEvents="8" CreationCount="49"/><InteractionEvent Delta="null" EndDate="2014-08-23 21:57:11.169 JST" Interest="1.0" Kind="selection" Navigation="null" OriginId="org.eclipse.jdt.ui.CompilationUnitEditor" StartDate="2014-08-23 21:57:11.169 JST" StructureHandle="=TA2/src&amp;lt;ta2.utils{Methods.java#java.io.File" StructureKind="java"/><InteractionEvent Delta="null" EndDate="2014-08-23 22:05:14.695 JST" Interest="210.017" Kind="propagation" Navigation="null" OriginId="org.eclipse.jdt.ui.CompilationUnitEditor" StartDate="2014-08-23 21:54:38.58 JST" StructureHandle="/TA2/src/ta2/utils" StructureKind="resource" NumEvents="211" CreationCount="5"/><InteractionEvent Delta="null" EndDate="2014-08-23 22:16:24.442 JST" Interest="79.144005" Kind="propagation" Navigation="org.eclipse.mylyn.core.model.edges.containment" OriginId="org.eclipse.mylyn.core.model.interest.propagation" StartDate="2014-08-23 21:55:34.31 JST" StructureHandle="=TA2/src&amp;lt;ta2.main{MemoActv.java" StructureKind="java" NumEvents="113" CreationCount="59"/><InteractionEvent Delta="null" EndDate="2014-08-23 22:08:05.144 JST" Interest="13.0" Kind="selection" Navigation="null" OriginId="org.eclipse.jdt.ui.CompilationUnitEditor" StartDate="2014-08-23 21:55:29.245 JST" StructureHandle="=TA2/src&amp;lt;ta2.main{MemoActv.java" StructureKind="java" NumEvents="13" CreationCount="59"/><InteractionEvent Delta="null" EndDate="2014-08-23 22:16:24.442 JST" Interest="256.918" Kind="propagation" Navigation="org.eclipse.mylyn.core.model.edges.containment" OriginId="org.eclipse.mylyn.core.model.interest.propagation" StartDate="2014-08-23 21:54:38.58 JST" StructureHandle="/TA2/src/ta2" StructureKind="resource" NumEvents="259" CreationCount="5"/><InteractionEvent Delta="null" EndDate="2014-08-23 22:16:24.90 JST" Interest="1.0" Kind="prediction" Navigation="null" OriginId="org.eclipse.mylyn.resources.ui.interest.updater" StartDate="2014-08-23 22:16:24.90 JST" StructureHandle="/TA2/res/layout/actv_memo.xml" StructureKind="resource"/><InteractionEvent Delta="null" EndDate="2014-08-23 22:16:24.442 JST" Interest="256.0" Kind="propagation" Navigation="null" OriginId="org.eclipse.jdt.ui.CompilationUnitEditor" StartDate="2014-08-23 21:55:29.245 JST" StructureHandle="/TA2/src/ta2/main/MemoActv.java" StructureKind="resource" NumEvents="256" CreationCount="59"/><InteractionEvent Delta="null" EndDate="2014-08-23 21:55:14.741 JST" Interest="1.0" Kind="selection" Navigation="null" OriginId="org.eclipse.ui.views.ContentOutline" StartDate="2014-08-23 21:55:14.741 JST" StructureHandle="=app.twitter/src&amp;lt;app.twitter{TwtActv.java%app.twitter" StructureKind="java"/><InteractionEvent Delta="null" EndDate="2014-08-23 22:10:25.105 JST" Interest="44.0" Kind="edit" Navigation="null" OriginId="org.eclipse.jdt.ui.CompilationUnitEditor" StartDate="2014-08-23 22:08:14.657 JST" StructureHandle="=TA2/src&amp;lt;ta2.main{MemoActv.java[MemoActv~_Setup_Layout" StructureKind="java" NumEvents="44" CreationCount="441"/><InteractionEvent Delta="null" EndDate="2014-08-23 22:10:28.821 JST" Interest="5.0" Kind="selection" Navigation="null" OriginId="org.eclipse.jdt.ui.CompilationUnitEditor" StartDate="2014-08-23 22:08:14.115 JST" StructureHandle="=TA2/src&amp;lt;ta2.main{MemoActv.java[MemoActv~_Setup_Layout" StructureKind="java" NumEvents="5" CreationCount="441"/><InteractionEvent Delta="null" EndDate="2014-08-23 22:16:24.442 JST" Interest="92.093" Kind="propagation" Navigation="org.eclipse.mylyn.core.model.edges.containment" OriginId="org.eclipse.mylyn.core.model.interest.propagation" StartDate="2014-08-23 21:55:33.487 JST" StructureHandle="=TA2/src&amp;lt;ta2.main{MemoActv.java[MemoActv" StructureKind="java" NumEvents="126" CreationCount="62"/><InteractionEvent Delta="null" EndDate="2014-08-23 22:16:24.442 JST" Interest="91.161" Kind="propagation" Navigation="org.eclipse.mylyn.core.model.edges.containment" OriginId="org.eclipse.mylyn.core.model.interest.propagation" StartDate="2014-08-23 21:55:29.245 JST" StructureHandle="=TA2/src&amp;lt;ta2.main" StructureKind="java" NumEvents="132" CreationCount="58"/><InteractionEvent Delta="null" EndDate="2014-08-23 21:55:26.928 JST" Interest="1.0" Kind="selection" Navigation="null" OriginId="org.eclipse.jdt.ui.PackageExplorer" StartDate="2014-08-23 21:55:26.928 JST" StructureHandle="=TA2/src&amp;lt;ta2.main" StructureKind="java"/><InteractionEvent Delta="null" EndDate="2014-08-23 22:16:24.853 JST" Interest="30.017" Kind="propagation" Navigation="org.eclipse.mylyn.core.model.edges.containment" OriginId="org.eclipse.mylyn.core.model.interest.propagation" StartDate="2014-08-23 22:06:58.404 JST" StructureHandle="/TA2/src/ta2/listeners" StructureKind="resource" NumEvents="31" CreationCount="408"/><InteractionEvent Delta="null" EndDate="2014-08-23 22:03:17.228 JST" Interest="18.0" Kind="edit" Navigation="null" OriginId="org.eclipse.jdt.ui.CompilationUnitEditor" StartDate="2014-08-23 22:02:39.795 JST" StructureHandle="=TA2/src&amp;lt;ta2.main{MemoActv.java[MemoActv~onStart" StructureKind="java" NumEvents="18" CreationCount="272"/><InteractionEvent Delta="null" EndDate="2014-08-23 22:02:39.263 JST" Interest="1.0" Kind="selection" Navigation="null" OriginId="org.eclipse.ui.views.ContentOutline" StartDate="2014-08-23 22:02:39.263 JST" StructureHandle="=TA2/src&amp;lt;ta2.main{MemoActv.java[MemoActv~onStart" StructureKind="java"/><InteractionEvent Delta="null" EndDate="2014-08-23 21:54:44.940 JST" Interest="1.0" Kind="edit" Navigation="null" OriginId="org.eclipse.jdt.ui.CompilationUnitEditor" StartDate="2014-08-23 21:54:44.940 JST" StructureHandle="=TA2/src&amp;lt;ta2.utils{CONS.java[CONS[Pref^prefs_MainActv" StructureKind="java"/><InteractionEvent Delta="null" EndDate="2014-08-23 21:54:44.937 JST" Interest="1.0" Kind="selection" Navigation="null" OriginId="org.eclipse.jdt.ui.CompilationUnitEditor" StartDate="2014-08-23 21:54:44.937 JST" StructureHandle="=TA2/src&amp;lt;ta2.utils{CONS.java[CONS[Pref^prefs_MainActv" StructureKind="java"/><InteractionEvent Delta="null" EndDate="2014-08-23 21:57:13.339 JST" Interest="1.0" Kind="selection" Navigation="null" OriginId="org.eclipse.jdt.ui.CompilationUnitEditor" StartDate="2014-08-23 21:57:13.339 JST" StructureHandle="=TA2/src&amp;lt;ta2.utils{Methods.java#android.content.SharedPreferences" StructureKind="java"/><InteractionEvent Delta="null" EndDate="2014-08-23 21:54:42.177 JST" Interest="1.0" Kind="selection" Navigation="null" OriginId="org.eclipse.ui.views.ContentOutline" StartDate="2014-08-23 21:54:42.177 JST" StructureHandle="=TA2/src&amp;lt;ta2.utils{CONS.java%ta2.utils" StructureKind="java"/><InteractionEvent Delta="null" EndDate="2014-08-23 22:11:02.505 JST" Interest="3.0" Kind="prediction" Navigation="null" OriginId="org.eclipse.mylyn.resources.ui.interest.updater" StartDate="2014-08-23 22:05:58.507 JST" StructureHandle="/TA2/bin/TA2.apk" StructureKind="resource" NumEvents="3" CreationCount="386"/><InteractionEvent Delta="null" EndDate="2014-08-23 21:57:00.435 JST" Interest="1.0" Kind="edit" Navigation="null" OriginId="org.eclipse.jdt.ui.CompilationUnitEditor" StartDate="2014-08-23 21:57:00.435 JST" StructureHandle="=app.twitter/src&amp;lt;app.twitter.utils{Methods_twt.java[Methods_twt~saveTempText~QActivity;" StructureKind="java"/><InteractionEvent Delta="null" EndDate="2014-08-23 21:56:59.832 JST" Interest="1.0" Kind="selection" Navigation="null" OriginId="org.eclipse.jdt.ui.CompilationUnitEditor" StartDate="2014-08-23 21:56:59.832 JST" StructureHandle="=app.twitter/src&amp;lt;app.twitter.utils{Methods_twt.java[Methods_twt~saveTempText~QActivity;" StructureKind="java"/><InteractionEvent Delta="null" EndDate="2014-08-23 22:05:14.695 JST" Interest="88.713" Kind="propagation" Navigation="org.eclipse.mylyn.core.model.edges.containment" OriginId="org.eclipse.mylyn.core.model.interest.propagation" StartDate="2014-08-23 21:54:40.134 JST" StructureHandle="=TA2/src&amp;lt;ta2.utils" StructureKind="java" NumEvents="125" CreationCount="5"/><InteractionEvent Delta="null" EndDate="2014-08-23 21:54:38.57 JST" Interest="1.0" Kind="selection" Navigation="null" OriginId="org.eclipse.jdt.ui.PackageExplorer" StartDate="2014-08-23 21:54:38.57 JST" StructureHandle="=TA2/src&amp;lt;ta2.utils" StructureKind="java"/><InteractionEvent Delta="null" EndDate="2014-08-23 22:05:14.694 JST" Interest="106.0" Kind="edit" Navigation="null" OriginId="org.eclipse.jdt.ui.CompilationUnitEditor" StartDate="2014-08-23 21:56:38.833 JST" StructureHandle="=TA2/src&amp;lt;ta2.utils{Methods.java[Methods~save_Memo_Temporary~QActivity;" StructureKind="java" NumEvents="106" CreationCount="94"/><InteractionEvent Delta="null" EndDate="2014-08-23 22:05:10.11 JST" Interest="14.0" Kind="selection" Navigation="null" OriginId="org.eclipse.jdt.ui.CompilationUnitEditor" StartDate="2014-08-23 21:56:37.765 JST" StructureHandle="=TA2/src&amp;lt;ta2.utils{Methods.java[Methods~save_Memo_Temporary~QActivity;" StructureKind="java" NumEvents="14" CreationCount="94"/><InteractionEvent Delta="null" EndDate="2014-08-23 21:55:02.934 JST" Interest="4.0" Kind="selection" Navigation="null" OriginId="org.eclipse.ui.views.ResourceNavigator" StartDate="2014-08-23 21:54:29.745 JST" StructureHandle="=IFM11" StructureKind="java" NumEvents="4" CreationCount="1"/><InteractionEvent Delta="null" EndDate="2014-08-23 22:16:24.90 JST" Interest="1.0" Kind="prediction" Navigation="null" OriginId="org.eclipse.mylyn.resources.ui.interest.updater" StartDate="2014-08-23 22:16:24.90 JST" StructureHandle="/TA2/res/values/strings.xml" StructureKind="resource"/><InteractionEvent Delta="null" EndDate="2014-08-23 22:05:14.695 JST" Interest="77.234" Kind="propagation" Navigation="org.eclipse.mylyn.core.model.edges.containment" OriginId="org.eclipse.mylyn.core.model.interest.propagation" StartDate="2014-08-23 21:56:40.169 JST" StructureHandle="=TA2/src&amp;lt;ta2.utils{Methods.java" StructureKind="java" NumEvents="110" CreationCount="92"/><InteractionEvent Delta="null" EndDate="2014-08-23 22:05:09.840 JST" Interest="11.0" Kind="selection" Navigation="null" OriginId="org.eclipse.jdt.ui.CompilationUnitEditor" StartDate="2014-08-23 21:56:36.958 JST" StructureHandle="=TA2/src&amp;lt;ta2.utils{Methods.java" StructureKind="java" NumEvents="11" CreationCount="92"/><InteractionEvent Delta="null" EndDate="2014-08-23 22:00:43.81 JST" Interest="19.0" Kind="propagation" Navigation="null" OriginId="org.eclipse.jdt.ui.CompilationUnitEditor" StartDate="2014-08-23 21:55:08.133 JST" StructureHandle="/app.twitter/src/app/twitter" StructureKind="resource" NumEvents="19" CreationCount="41"/><InteractionEvent Delta="null" EndDate="2014-08-23 22:16:24.991 JST" Interest="500.085" Kind="propagation" Navigation="org.eclipse.mylyn.core.model.edges.containment" OriginId="org.eclipse.mylyn.core.model.interest.propagation" StartDate="2014-08-23 21:54:29.745 JST" StructureHandle="/" StructureKind="resource" NumEvents="506" CreationCount="1"/><InteractionEvent Delta="null" EndDate="2014-08-23 21:57:03.604 JST" Interest="3.417" Kind="propagation" Navigation="org.eclipse.mylyn.core.model.edges.containment" OriginId="org.eclipse.mylyn.core.model.interest.propagation" StartDate="2014-08-23 21:56:59.131 JST" StructureHandle="=app.twitter/src&amp;lt;app.twitter.utils" StructureKind="java" NumEvents="5" CreationCount="107"/><InteractionEvent Delta="null" EndDate="2014-08-23 22:11:02.505 JST" Interest="3.0" Kind="propagation" Navigation="org.eclipse.mylyn.core.model.edges.containment" OriginId="org.eclipse.mylyn.core.model.interest.propagation" StartDate="2014-08-23 22:05:58.507 JST" StructureHandle="/TA2/bin" StructureKind="resource" NumEvents="3" CreationCount="386"/><InteractionEvent Delta="null" EndDate="2014-08-23 22:00:43.81 JST" Interest="33.0" Kind="propagation" Navigation="null" OriginId="org.eclipse.jdt.ui.CompilationUnitEditor" StartDate="2014-08-23 21:55:04.235 JST" StructureHandle="/app.twitter" StructureKind="resource" NumEvents="33" CreationCount="32"/><InteractionEvent Delta="null" EndDate="2014-08-23 22:00:43.81 JST" Interest="4.738" Kind="propagation" Navigation="org.eclipse.mylyn.core.model.edges.containment" OriginId="org.eclipse.mylyn.core.model.interest.propagation" StartDate="2014-08-23 21:55:07.600 JST" StructureHandle="=app.twitter/src" StructureKind="java" NumEvents="9" CreationCount="35"/><InteractionEvent Delta="null" EndDate="2014-08-23 21:55:06.383 JST" Interest="3.0" Kind="selection" Navigation="null" OriginId="org.eclipse.ui.views.ResourceNavigator" StartDate="2014-08-23 21:55:06.382 JST" StructureHandle="=app.twitter/src" StructureKind="java" NumEvents="3" CreationCount="35"/><InteractionEvent Delta="null" EndDate="2014-08-23 21:55:02.934 JST" Interest="4.0" Kind="propagation" Navigation="null" OriginId="org.eclipse.ui.views.ResourceNavigator" StartDate="2014-08-23 21:54:29.745 JST" StructureHandle="/IFM11" StructureKind="resource" NumEvents="4" CreationCount="1"/><InteractionEvent Delta="null" EndDate="2014-08-23 22:08:06.633 JST" Interest="14.450998" Kind="propagation" Navigation="org.eclipse.mylyn.core.model.edges.containment" OriginId="org.eclipse.mylyn.core.model.interest.propagation" StartDate="2014-08-23 22:07:04.158 JST" StructureHandle="=TA2/src&amp;lt;ta2.listeners.button{BO_CL.java" StructureKind="java" NumEvents="22" CreationCount="409"/><InteractionEvent Delta="null" EndDate="2014-08-23 22:16:24.852 JST" Interest="3.0" Kind="selection" Navigation="null" OriginId="org.eclipse.jdt.ui.PackageExplorer" StartDate="2014-08-23 22:06:59.836 JST" StructureHandle="=TA2/src&amp;lt;ta2.listeners.button{BO_CL.java" StructureKind="java" NumEvents="3" CreationCount="409"/><InteractionEvent Delta="null" EndDate="2014-08-23 22:16:24.853 JST" Interest="16.467999" Kind="propagation" Navigation="org.eclipse.mylyn.core.model.edges.containment" OriginId="org.eclipse.mylyn.core.model.interest.propagation" StartDate="2014-08-23 22:06:59.836 JST" StructureHandle="=TA2/src&amp;lt;ta2.listeners.button" StructureKind="java" NumEvents="26" CreationCount="408"/><InteractionEvent Delta="null" EndDate="2014-08-23 22:06:58.404 JST" Interest="1.0" Kind="selection" Navigation="null" OriginId="org.eclipse.jdt.ui.PackageExplorer" StartDate="2014-08-23 22:06:58.404 JST" StructureHandle="=TA2/src&amp;lt;ta2.listeners.button" StructureKind="java"/><InteractionEvent Delta="null" EndDate="2014-08-23 22:16:24.442 JST" Interest="256.017" Kind="propagation" Navigation="org.eclipse.mylyn.core.model.edges.containment" OriginId="org.eclipse.mylyn.core.model.interest.propagation" StartDate="2014-08-23 21:55:26.929 JST" StructureHandle="/TA2/src/ta2/main" StructureKind="resource" NumEvents="258" CreationCount="58"/><InteractionEvent Delta="null" EndDate="2014-08-23 21:55:18.565 JST" Interest="0.58500004" Kind="propagation" Navigation="org.eclipse.mylyn.core.model.edges.containment" OriginId="org.eclipse.mylyn.core.model.interest.propagation" StartDate="2014-08-23 21:55:18.565 JST" StructureHandle="=app.twitter/src&amp;lt;app.twitter{TwtActv.java" StructureKind="java"/><InteractionEvent Delta="null" EndDate="2014-08-23 22:00:43.81 JST" Interest="7.0" Kind="selection" Navigation="null" OriginId="org.eclipse.jdt.ui.CompilationUnitEditor" StartDate="2014-08-23 21:55:12.118 JST" StructureHandle="=app.twitter/src&amp;lt;app.twitter{TwtActv.java" StructureKind="java" NumEvents="7" CreationCount="44"/><InteractionEvent Delta="null" EndDate="2014-08-23 22:05:14.695 JST" Interest="152.0" Kind="propagation" Navigation="null" OriginId="org.eclipse.jdt.ui.CompilationUnitEditor" StartDate="2014-08-23 21:56:36.958 JST" StructureHandle="/TA2/src/ta2/utils/Methods.java" StructureKind="resource" NumEvents="152" CreationCount="92"/><InteractionEvent Delta="null" EndDate="2014-08-23 21:59:35.858 JST" Interest="2.0" Kind="edit" Navigation="null" OriginId="org.eclipse.jdt.ui.CompilationUnitEditor" StartDate="2014-08-23 21:59:30.727 JST" StructureHandle="=TA2/src&amp;lt;ta2.utils{Methods.java[Methods~save_Memo~QActivity;" StructureKind="java" NumEvents="2" CreationCount="176"/><InteractionEvent Delta="null" EndDate="2014-08-23 22:02:11.785 JST" Interest="2.0" Kind="selection" Navigation="null" OriginId="org.eclipse.jdt.ui.CompilationUnitEditor" StartDate="2014-08-23 21:59:28.495 JST" StructureHandle="=TA2/src&amp;lt;ta2.utils{Methods.java[Methods~save_Memo~QActivity;" StructureKind="java" NumEvents="2" CreationCount="176"/><InteractionEvent Delta="null" EndDate="2014-08-23 21:54:48.670 JST" Interest="0.06800008" Kind="propagation" Navigation="org.eclipse.mylyn.core.model.edges.containment" OriginId="org.eclipse.mylyn.core.model.interest.propagation" StartDate="2014-08-23 21:54:44.941 JST" StructureHandle="=TA2/src&amp;lt;ta2.utils{CONS.java[CONS[Pref" StructureKind="java" NumEvents="2" CreationCount="9"/><InteractionEvent Delta="null" EndDate="2014-08-23 22:00:17.94 JST" Interest="23.0" Kind="edit" Navigation="null" OriginId="org.eclipse.jdt.ui.CompilationUnitEditor" StartDate="2014-08-23 21:54:44.356 JST" StructureHandle="=TA2/src&amp;lt;ta2.utils{CONS.java[CONS[Pref" StructureKind="java" NumEvents="23" CreationCount="9"/><InteractionEvent Delta="null" EndDate="2014-08-23 22:00:13.82 JST" Interest="5.0" Kind="selection" Navigation="null" OriginId="org.eclipse.jdt.ui.CompilationUnitEditor" StartDate="2014-08-23 21:54:43.861 JST" StructureHandle="=TA2/src&amp;lt;ta2.utils{CONS.java[CONS[Pref" StructureKind="java" NumEvents="5" CreationCount="9"/><InteractionEvent Delta="null" EndDate="2014-08-23 22:08:01.214 JST" Interest="22.0" Kind="edit" Navigation="null" OriginId="org.eclipse.jdt.ui.CompilationUnitEditor" StartDate="2014-08-23 22:07:03.590 JST" StructureHandle="=TA2/src&amp;lt;ta2.listeners.button{BO_CL.java[BO_CL~case_ACTV_MEMO_BACK" StructureKind="java" NumEvents="22" CreationCount="412"/><InteractionEvent Delta="null" EndDate="2014-08-23 22:07:03.79 JST" Interest="1.0" Kind="selection" Navigation="null" OriginId="org.eclipse.ui.views.ContentOutline" StartDate="2014-08-23 22:07:03.79 JST" StructureHandle="=TA2/src&amp;lt;ta2.listeners.button{BO_CL.java[BO_CL~case_ACTV_MEMO_BACK" StructureKind="java"/><InteractionEvent Delta="null" EndDate="2014-08-23 22:16:24.991 JST" Interest="500.034" Kind="propagation" Navigation="null" OriginId="org.eclipse.jdt.ui.PackageExplorer" StartDate="2014-08-23 21:54:31.275 JST" StructureHandle="/TA2/src" StructureKind="resource" NumEvents="502" CreationCount="4"/><InteractionEvent Delta="null" EndDate="2014-08-23 22:16:24.91 JST" Interest="1.0" Kind="propagation" Navigation="org.eclipse.mylyn.core.model.edges.containment" OriginId="org.eclipse.mylyn.core.model.interest.propagation" StartDate="2014-08-23 22:16:24.91 JST" StructureHandle="/TA2/res/layout" StructureKind="resource"/><InteractionEvent Delta="null" EndDate="2014-08-23 22:02:25.792 JST" Interest="1.0" Kind="selection" Navigation="null" OriginId="org.eclipse.ui.views.ContentOutline" StartDate="2014-08-23 22:02:25.792 JST" StructureHandle="=TA2/src&amp;lt;ta2.main{MemoActv.java[MemoActv~onOptionsItemSelected~QMenuItem;" StructureKind="java"/><InteractionEvent Delta="null" EndDate="2014-08-23 22:00:09.301 JST" Interest="3.0" Kind="edit" Navigation="null" OriginId="org.eclipse.jdt.ui.CompilationUnitEditor" StartDate="2014-08-23 22:00:06.549 JST" StructureHandle="=TA2/src&amp;lt;ta2.utils{CONS.java[CONS[Pref^pkey_CurrentPosition_MainActv" StructureKind="java" NumEvents="3" CreationCount="195"/><InteractionEvent Delta="null" EndDate="2014-08-23 22:00:06.538 JST" Interest="1.0" Kind="selection" Navigation="null" OriginId="org.eclipse.jdt.ui.CompilationUnitEditor" StartDate="2014-08-23 22:00:06.538 JST" StructureHandle="=TA2/src&amp;lt;ta2.utils{CONS.java[CONS[Pref^pkey_CurrentPosition_MainActv" StructureKind="java"/><InteractionEvent Delta="null" EndDate="2014-08-23 22:16:24.991 JST" Interest="500.034" Kind="propagation" Navigation="org.eclipse.mylyn.core.model.edges.containment" OriginId="org.eclipse.mylyn.core.model.interest.propagation" StartDate="2014-08-23 21:54:31.275 JST" StructureHandle="=TA2" StructureKind="resource" NumEvents="502" CreationCount="4"/><InteractionEvent Delta="null" EndDate="2014-08-23 22:00:17.94 JST" Interest="21.168001" Kind="propagation" Navigation="org.eclipse.mylyn.core.model.edges.containment" OriginId="org.eclipse.mylyn.core.model.interest.propagation" StartDate="2014-08-23 21:54:43.861 JST" StructureHandle="=TA2/src&amp;lt;ta2.utils{CONS.java[CONS" StructureKind="java" NumEvents="31" CreationCount="9"/><InteractionEvent Delta="null" EndDate="2014-08-23 22:00:43.81 JST" Interest="19.051" Kind="propagation" Navigation="org.eclipse.mylyn.core.model.edges.containment" OriginId="org.eclipse.mylyn.core.model.interest.propagation" StartDate="2014-08-23 21:55:07.597 JST" StructureHandle="/app.twitter/src/app" StructureKind="resource" NumEvents="21" CreationCount="38"/><InteractionEvent Delta="null" EndDate="2014-08-23 21:57:15.693 JST" Interest="1.0339999" Kind="propagation" Navigation="org.eclipse.mylyn.core.model.edges.containment" OriginId="org.eclipse.mylyn.core.model.interest.propagation" StartDate="2014-08-23 21:57:11.170 JST" StructureHandle="=TA2/src&amp;lt;ta2.utils{Methods.java#" StructureKind="java" NumEvents="3" CreationCount="116"/><InteractionEvent Delta="null" EndDate="2014-08-23 22:07:01.640 JST" Interest="1.0" Kind="selection" Navigation="null" OriginId="org.eclipse.ui.views.ContentOutline" StartDate="2014-08-23 22:07:01.640 JST" StructureHandle="=TA2/src&amp;lt;ta2.listeners.button{BO_CL.java%ta2.listeners.button" StructureKind="java"/><InteractionEvent Delta="null" EndDate="2014-08-23 22:00:43.81 JST" Interest="26.051" Kind="propagation" Navigation="org.eclipse.mylyn.core.model.edges.containment" OriginId="org.eclipse.mylyn.core.model.interest.propagation" StartDate="2014-08-23 21:55:06.383 JST" StructureHandle="=app.twitter" StructureKind="resource" NumEvents="28" CreationCount="32"/><InteractionEvent Delta="null" EndDate="2014-08-23 21:55:04.236 JST" Interest="3.0" Kind="selection" Navigation="null" OriginId="org.eclipse.ui.views.ResourceNavigator" StartDate="2014-08-23 21:55:04.235 JST" StructureHandle="=app.twitter" StructureKind="java" NumEvents="3" CreationCount="32"/><InteractionEvent Delta="null" EndDate="2014-08-23 22:06:57.244 JST" Interest="1.0" Kind="selection" Navigation="null" OriginId="org.eclipse.jdt.ui.PackageExplorer" StartDate="2014-08-23 22:06:57.244 JST" StructureHandle="=TA2/src&amp;lt;ta2.main{MainActv.java" StructureKind="java"/><InteractionEvent Delta="null" EndDate="2014-08-23 22:11:02.505 JST" Interest="3.0" Kind="prediction" Navigation="null" OriginId="org.eclipse.mylyn.resources.ui.interest.updater" StartDate="2014-08-23 22:05:58.507 JST" StructureHandle="/TA2/bin/classes.dex" StructureKind="resource" NumEvents="3" CreationCount="386"/><InteractionEvent Delta="null" EndDate="2014-08-23 22:08:01.215 JST" Interest="16.399998" Kind="propagation" Navigation="org.eclipse.mylyn.core.model.edges.containment" OriginId="org.eclipse.mylyn.core.model.interest.propagation" StartDate="2014-08-23 22:07:03.79 JST" StructureHandle="=TA2/src&amp;lt;ta2.listeners.button{BO_CL.java[BO_CL" StructureKind="java" NumEvents="23" CreationCount="412"/><InteractionEvent Delta="null" EndDate="2014-08-23 22:16:24.91 JST" Interest="1.0" Kind="propagation" Navigation="org.eclipse.mylyn.core.model.edges.containment" OriginId="org.eclipse.mylyn.core.model.interest.propagation" StartDate="2014-08-23 22:16:24.91 JST" StructureHandle="/TA2/res" StructureKind="resource"/><InteractionEvent Delta="null" EndDate="2014-08-23 22:00:40.12 JST" Interest="12.0" Kind="edit" Navigation="null" OriginId="org.eclipse.jdt.ui.CompilationUnitEditor" StartDate="2014-08-23 22:00:18.550 JST" StructureHandle="=TA2/src&amp;lt;ta2.utils{CONS.java[CONS[Pref^pkey_Saved_Memo" StructureKind="java" NumEvents="12" CreationCount="207"/><InteractionEvent Delta="null" EndDate="2014-08-23 22:00:20.196 JST" Interest="2.0" Kind="selection" Navigation="null" OriginId="org.eclipse.jdt.ui.CompilationUnitEditor" StartDate="2014-08-23 22:00:18.543 JST" StructureHandle="=TA2/src&amp;lt;ta2.utils{CONS.java[CONS[Pref^pkey_" StructureKind="java" NumEvents="2" CreationCount="207"/><InteractionEvent Delta="null" EndDate="2014-08-23 22:08:30.671 JST" Interest="1.0" Kind="selection" Navigation="null" OriginId="org.eclipse.ui.views.ContentOutline" StartDate="2014-08-23 22:08:30.671 JST" StructureHandle="=TA2/src&amp;lt;ta2.main{MemoActv.java[MemoActv~onCreate~QBundle;" StructureKind="java"/><InteractionEvent Delta="null" EndDate="2014-08-23 21:55:18.563 JST" Interest="5.0" Kind="edit" Navigation="null" OriginId="org.eclipse.jdt.ui.CompilationUnitEditor" StartDate="2014-08-23 21:55:16.996 JST" StructureHandle="=app.twitter/src&amp;lt;app.twitter{TwtActv.java[TwtActv~onBackPressed" StructureKind="java" NumEvents="5" CreationCount="49"/><InteractionEvent Delta="null" EndDate="2014-08-23 21:56:54.82 JST" Interest="3.0" Kind="selection" Navigation="null" OriginId="org.eclipse.jdt.ui.CompilationUnitEditor" StartDate="2014-08-23 21:55:16.577 JST" StructureHandle="=app.twitter/src&amp;lt;app.twitter{TwtActv.java[TwtActv~onBackPressed" StructureKind="java" NumEvents="3" CreationCount="49"/><InteractionEvent Delta="null" EndDate="2014-08-23 22:16:24.442 JST" Interest="106.0" Kind="edit" Navigation="null" OriginId="org.eclipse.jdt.ui.CompilationUnitEditor" StartDate="2014-08-23 22:03:19.976 JST" StructureHandle="=TA2/src&amp;lt;ta2.main{MemoActv.java[MemoActv~_Setup_Set_PrefText" StructureKind="java" NumEvents="106" CreationCount="291"/><InteractionEvent Delta="null" EndDate="2014-08-23 22:10:28.840 JST" Interest="14.0" Kind="selection" Navigation="null" OriginId="org.eclipse.jdt.ui.CompilationUnitEditor" StartDate="2014-08-23 22:03:18.805 JST" StructureHandle="=TA2/src&amp;lt;ta2.main{MemoActv.java[MemoActv~_Setup_Set_PrefText" StructureKind="java" NumEvents="14" CreationCount="291"/><InteractionEvent Delta="null" EndDate="2014-08-23 22:00:17.95 JST" Interest="16.219002" Kind="propagation" Navigation="org.eclipse.mylyn.core.model.edges.containment" OriginId="org.eclipse.mylyn.core.model.interest.propagation" StartDate="2014-08-23 21:54:50.541 JST" StructureHandle="=TA2/src&amp;lt;ta2.utils{CONS.java" StructureKind="java" NumEvents="24" CreationCount="6"/><InteractionEvent Delta="null" EndDate="2014-08-23 22:00:02.640 JST" Interest="5.0" Kind="selection" Navigation="null" OriginId="org.eclipse.jdt.ui.CompilationUnitEditor" StartDate="2014-08-23 21:54:40.133 JST" StructureHandle="=TA2/src&amp;lt;ta2.utils{CONS.java" StructureKind="java" NumEvents="5" CreationCount="6"/><InteractionEvent Delta="null" EndDate="2014-08-23 21:57:00.435 JST" Interest="1.7" Kind="propagation" Navigation="org.eclipse.mylyn.core.model.edges.containment" OriginId="org.eclipse.mylyn.core.model.interest.propagation" StartDate="2014-08-23 21:56:59.832 JST" StructureHandle="=app.twitter/src&amp;lt;app.twitter.utils{Methods_twt.java[Methods_twt" StructureKind="java" NumEvents="2" CreationCount="108"/><InteractionEvent Delta="null" EndDate="2014-08-23 21:57:03.603 JST" Interest="1.0" Kind="edit" Navigation="null" OriginId="org.eclipse.jdt.ui.CompilationUnitEditor" StartDate="2014-08-23 21:57:03.603 JST" StructureHandle="=app.twitter/src&amp;lt;app.twitter.utils{Methods_twt.java[Methods_twt" StructureKind="java"/><InteractionEvent Delta="null" EndDate="2014-08-23 21:57:01.796 JST" Interest="1.0" Kind="selection" Navigation="null" OriginId="org.eclipse.jdt.ui.CompilationUnitEditor" StartDate="2014-08-23 21:57:01.796 JST" StructureHandle="=app.twitter/src&amp;lt;app.twitter.utils{Methods_twt.java[Methods_twt" StructureKind="java"/><InteractionEvent Delta="null" EndDate="2014-08-23 22:00:43.81 JST" Interest="4.6359997" Kind="propagation" Navigation="org.eclipse.mylyn.core.model.edges.containment" OriginId="org.eclipse.mylyn.core.model.interest.propagation" StartDate="2014-08-23 21:55:12.120 JST" StructureHandle="=app.twitter/src&amp;lt;app.twitter" StructureKind="java" NumEvents="7" CreationCount="41"/><InteractionEvent Delta="null" EndDate="2014-08-23 21:55:08.136 JST" Interest="3.0" Kind="selection" Navigation="null" OriginId="org.eclipse.ui.views.ResourceNavigator" StartDate="2014-08-23 21:55:08.133 JST" StructureHandle="=app.twitter/src&amp;lt;app.twitter" StructureKind="java" NumEvents="3" CreationCount="41"/><InteractionEvent Delta="null" EndDate="2014-08-23 21:57:03.604 JST" Interest="2.417" Kind="propagation" Navigation="org.eclipse.mylyn.core.model.edges.containment" OriginId="org.eclipse.mylyn.core.model.interest.propagation" StartDate="2014-08-23 21:56:59.833 JST" StructureHandle="=app.twitter/src&amp;lt;app.twitter.utils{Methods_twt.java" StructureKind="java" NumEvents="4" CreationCount="107"/><InteractionEvent Delta="null" EndDate="2014-08-23 21:56:59.130 JST" Interest="1.0" Kind="selection" Navigation="null" OriginId="org.eclipse.jdt.ui.CompilationUnitEditor" StartDate="2014-08-23 21:56:59.130 JST" StructureHandle="=app.twitter/src&amp;lt;app.twitter.utils{Methods_twt.java" StructureKind="java"/><InteractionEvent Delta="null" EndDate="2014-08-23 21:57:03.604 JST" Interest="5.0" Kind="propagation" Navigation="org.eclipse.mylyn.core.model.edges.containment" OriginId="org.eclipse.mylyn.core.model.interest.propagation" StartDate="2014-08-23 21:56:59.131 JST" StructureHandle="/app.twitter/src/app/twitter/utils" StructureKind="resource" NumEvents="5" CreationCount="107"/><InteractionEvent Delta="null" EndDate="2014-08-23 22:00:43.81 JST" Interest="16.0" Kind="propagation" Navigation="null" OriginId="org.eclipse.jdt.ui.CompilationUnitEditor" StartDate="2014-08-23 21:55:12.118 JST" StructureHandle="/app.twitter/src/app/twitter/TwtActv.java" StructureKind="resource" NumEvents="16" CreationCount="44"/><InteractionEvent Delta="null" EndDate="2014-08-23 21:55:31.383 JST" Interest="1.0" Kind="selection" Navigation="null" OriginId="org.eclipse.ui.views.ContentOutline" StartDate="2014-08-23 21:55:31.383 JST" StructureHandle="=TA2/src&amp;lt;ta2.main{MemoActv.java%ta2.main" StructureKind="java"/><InteractionEvent Delta="null" EndDate="2014-08-23 22:16:24.853 JST" Interest="30.017" Kind="propagation" Navigation="org.eclipse.mylyn.core.model.edges.containment" OriginId="org.eclipse.mylyn.core.model.interest.propagation" StartDate="2014-08-23 22:06:58.404 JST" StructureHandle="/TA2/src/ta2/listeners/button" StructureKind="resource" NumEvents="31" CreationCount="408"/><InteractionEvent Delta="null" EndDate="2014-08-23 22:06:57.245 JST" Interest="1.0" Kind="propagation" Navigation="null" OriginId="org.eclipse.jdt.ui.PackageExplorer" StartDate="2014-08-23 22:06:57.245 JST" StructureHandle="/TA2/src/ta2/main/MainActv.java" StructureKind="resource"/><InteractionEvent Delta="null" EndDate="2014-08-23 21:55:07.600 JST" Interest="3.0" Kind="selection" Navigation="null" OriginId="org.eclipse.ui.views.ResourceNavigator" StartDate="2014-08-23 21:55:07.596 JST" StructureHandle="=app.twitter/src&amp;lt;app" StructureKind="java" NumEvents="3" CreationCount="38"/><InteractionEvent Delta="null" EndDate="2014-08-23 22:08:01.793 JST" Interest="1.0" Kind="edit" Navigation="null" OriginId="org.eclipse.jdt.ui.CompilationUnitEditor" StartDate="2014-08-23 22:08:01.793 JST" StructureHandle="=TA2/src&amp;lt;ta2.listeners.button{BO_CL.java[BO_CL~case_MEMO" StructureKind="java"/><InteractionEvent Delta="null" EndDate="2014-08-23 22:08:06.632 JST" Interest="2.0" Kind="selection" Navigation="null" OriginId="org.eclipse.ui.views.ContentOutline" StartDate="2014-08-23 22:08:01.788 JST" StructureHandle="=TA2/src&amp;lt;ta2.listeners.button{BO_CL.java[BO_CL~case_MEMO" StructureKind="java" NumEvents="2" CreationCount="435"/><InteractionEvent Delta="null" EndDate="2014-08-23 22:06:52.337 JST" Interest="39.0" Kind="edit" Navigation="null" OriginId="org.eclipse.jdt.ui.CompilationUnitEditor" StartDate="2014-08-23 21:55:34.16 JST" StructureHandle="=TA2/src&amp;lt;ta2.main{MemoActv.java[MemoActv~onBackPressed" StructureKind="java" NumEvents="39" CreationCount="62"/><InteractionEvent Delta="null" EndDate="2014-08-23 22:08:31.598 JST" Interest="13.0" Kind="selection" Navigation="null" OriginId="org.eclipse.ui.views.ContentOutline" StartDate="2014-08-23 21:55:33.487 JST" StructureHandle="=TA2/src&amp;lt;ta2.main{MemoActv.java[MemoActv~onBackPressed" StructureKind="java" NumEvents="13" CreationCount="62"/><InteractionEvent Delta="null" EndDate="2014-08-23 22:00:43.81 JST" Interest="30.0" Kind="propagation" Navigation="null" OriginId="org.eclipse.jdt.ui.CompilationUnitEditor" StartDate="2014-08-23 21:55:06.382 JST" StructureHandle="/app.twitter/src" StructureKind="resource" NumEvents="30" CreationCount="35"/><InteractionEvent Delta="null" EndDate="2014-08-23 22:16:24.852 JST" Interest="30.0" Kind="propagation" Navigation="null" OriginId="org.eclipse.jdt.ui.PackageExplorer" StartDate="2014-08-23 22:06:59.836 JST" StructureHandle="/TA2/src/ta2/listeners/button/BO_CL.java" StructureKind="resource" NumEvents="30" CreationCount="409"/><InteractionEvent Delta="null" EndDate="2014-08-23 21:57:03.604 JST" Interest="5.0" Kind="propagation" Navigation="null" OriginId="org.eclipse.jdt.ui.CompilationUnitEditor" StartDate="2014-08-23 21:56:59.131 JST" StructureHandle="/app.twitter/src/app/twitter/utils/Methods_twt.java" StructureKind="resource" NumEvents="5" CreationCount="107"/><InteractionEvent Delta="null" EndDate="2014-08-23 22:05:14.695 JST" Interest="83.5" Kind="propagation" Navigation="org.eclipse.mylyn.core.model.edges.containment" OriginId="org.eclipse.mylyn.core.model.interest.propagation" StartDate="2014-08-23 21:56:37.765 JST" StructureHandle="=TA2/src&amp;lt;ta2.utils{Methods.java[Methods" StructureKind="java" NumEvents="115" CreationCount="94"/><InteractionEvent Delta="null" EndDate="2014-08-23 21:57:09.623 JST" Interest="1.0" Kind="edit" Navigation="null" OriginId="org.eclipse.jdt.ui.CompilationUnitEditor" StartDate="2014-08-23 21:57:09.623 JST" StructureHandle="=TA2/src&amp;lt;ta2.utils{Methods.java[Methods" StructureKind="java"/><InteractionEvent Delta="null" EndDate="2014-08-23 21:59:38.312 JST" Interest="4.0" Kind="selection" Navigation="null" OriginId="org.eclipse.jdt.ui.CompilationUnitEditor" StartDate="2014-08-23 21:57:07.708 JST" StructureHandle="=TA2/src&amp;lt;ta2.utils{Methods.java[Methods" StructureKind="java" NumEvents="4" CreationCount="94"/><InteractionEvent Delta="null" EndDate="2014-08-23 22:16:24.442 JST" Interest="92.07901" Kind="propagation" Navigation="org.eclipse.mylyn.core.model.edges.containment" OriginId="org.eclipse.mylyn.core.model.interest.propagation" StartDate="2014-08-23 21:54:38.58 JST" StructureHandle="=TA2/src" StructureKind="java" NumEvents="135" CreationCount="4"/><InteractionEvent Delta="null" EndDate="2014-08-23 22:16:24.991 JST" Interest="2.0" Kind="selection" Navigation="null" OriginId="org.eclipse.jdt.ui.PackageExplorer" StartDate="2014-08-23 21:54:31.275 JST" StructureHandle="=TA2/src" StructureKind="java" NumEvents="2" CreationCount="4"/></InteractionHistory>