<?xml version="1.0" encoding="UTF-8"?><InteractionHistory Id="local-76" Version="1"><InteractionEvent Delta="null" EndDate="2014-09-16 15:57:05.285 JST" Interest="1963.0339" Kind="propagation" Navigation="org.eclipse.mylyn.core.model.edges.containment" OriginId="org.eclipse.mylyn.core.model.interest.propagation" StartDate="2014-09-16 12:13:31.855 JST" StructureHandle="=SL3" StructureKind="resource" NumEvents="1965" CreationCount="5"/><InteractionEvent Delta="null" EndDate="2014-09-16 12:50:36.876 JST" Interest="2.0" Kind="selection" Navigation="null" OriginId="org.eclipse.jdt.ui.PackageExplorer" StartDate="2014-09-16 12:13:31.855 JST" StructureHandle="=SL3/src" StructureKind="java" NumEvents="2" CreationCount="5"/><InteractionEvent Delta="null" EndDate="2014-09-16 15:54:14.574 JST" Interest="246.211" Kind="propagation" Navigation="org.eclipse.mylyn.core.model.edges.containment" OriginId="org.eclipse.mylyn.core.model.interest.propagation" StartDate="2014-09-16 12:13:35.162 JST" StructureHandle="=SL3/src" StructureKind="java" NumEvents="366" CreationCount="5"/><InteractionEvent Delta="null" EndDate="2014-09-16 12:14:12.24 JST" Interest="1.0" Kind="propagation" Navigation="org.eclipse.mylyn.core.model.edges.containment" OriginId="org.eclipse.mylyn.core.model.interest.propagation" StartDate="2014-09-16 12:14:12.24 JST" StructureHandle="=SL3/src&amp;lt;sl.utils{Tags.java[Tags[DialogTags" StructureKind="java"/><InteractionEvent Delta="null" EndDate="2014-09-16 13:09:04.568 JST" Interest="1.0" Kind="selection" Navigation="null" OriginId="org.eclipse.jdt.ui.PackageExplorer" StartDate="2014-09-16 13:09:04.568 JST" StructureHandle="/SL3/res/menu/menu_main.xml" StructureKind="resource"/><InteractionEvent Delta="null" EndDate="2014-09-16 12:13:41.647 JST" Interest="1.0" Kind="selection" Navigation="null" OriginId="org.eclipse.ui.views.ContentOutline" StartDate="2014-09-16 12:13:41.647 JST" StructureHandle="=SL3/src&amp;lt;sl.listeners.dialog{DOI_CL.java[DOI_CL~case_dlg_item_list_long_click~QString;" StructureKind="java"/><InteractionEvent Delta="null" EndDate="2014-09-16 12:50:30.603 JST" Interest="1.0" Kind="selection" Navigation="null" OriginId="org.eclipse.jdt.ui.PackageExplorer" StartDate="2014-09-16 12:50:30.603 JST" StructureHandle="=SL3/src&amp;lt;sl.utils" StructureKind="java"/><InteractionEvent Delta="null" EndDate="2014-09-16 14:35:33.848 JST" Interest="73.076996" Kind="propagation" Navigation="org.eclipse.mylyn.core.model.edges.containment" OriginId="org.eclipse.mylyn.core.model.interest.propagation" StartDate="2014-09-16 12:14:11.288 JST" StructureHandle="=SL3/src&amp;lt;sl.utils" StructureKind="java" NumEvents="102" CreationCount="25"/><InteractionEvent Delta="null" EndDate="2014-09-16 13:09:31.18 JST" Interest="4.0" Kind="selection" Navigation="null" OriginId="org.eclipse.jdt.ui.PackageExplorer" StartDate="2014-09-16 13:08:46.22 JST" StructureHandle="/SL3/res/menu" StructureKind="resource" NumEvents="4" CreationCount="937"/><InteractionEvent Delta="null" EndDate="2014-09-16 14:47:59.26 JST" Interest="80.620995" Kind="propagation" Navigation="org.eclipse.mylyn.core.model.edges.containment" OriginId="org.eclipse.mylyn.core.model.interest.propagation" StartDate="2014-09-16 13:09:44.205 JST" StructureHandle="/SL3/res/menu" StructureKind="resource" NumEvents="104" CreationCount="937"/><InteractionEvent Delta="null" EndDate="2014-09-16 15:08:59.26 JST" Interest="1.0" Kind="selection" Navigation="null" OriginId="org.eclipse.jdt.ui.PackageExplorer" StartDate="2014-09-16 15:08:59.26 JST" StructureHandle="=SL3/gen" StructureKind="java"/><InteractionEvent Delta="null" EndDate="2014-09-16 12:17:35.418 JST" Interest="1.0" Kind="selection" Navigation="null" OriginId="org.eclipse.jdt.ui.CompilationUnitEditor" StartDate="2014-09-16 12:17:35.418 JST" StructureHandle="=SL3/src&amp;lt;sl.utils{CONS.java[CONS[DB^columns_for_table_stores_with_index" StructureKind="java"/><InteractionEvent Delta="null" EndDate="2014-09-16 14:46:56.730 JST" Interest="111.0" Kind="edit" Navigation="null" OriginId="org.eclipse.jdt.ui.CompilationUnitEditor" StartDate="2014-09-16 14:40:20.574 JST" StructureHandle="=SL3/src&amp;lt;sl.listeners{TCL.java[TCL~_onTabChanged__ChangeItems__ToFirst" StructureKind="java" NumEvents="111" CreationCount="1664"/><InteractionEvent Delta="null" EndDate="2014-09-16 14:46:46.302 JST" Interest="3.0" Kind="selection" Navigation="null" OriginId="org.eclipse.jdt.ui.CompilationUnitEditor" StartDate="2014-09-16 14:40:18.453 JST" StructureHandle="=SL3/src&amp;lt;sl.listeners{TCL.java[TCL~_onTabChanged__ChangeItems__ToFirst" StructureKind="java" NumEvents="3" CreationCount="1664"/><InteractionEvent Delta="null" EndDate="2014-09-16 12:42:07.836 JST" Interest="4.0" Kind="edit" Navigation="null" OriginId="org.eclipse.jdt.ui.CompilationUnitEditor" StartDate="2014-09-16 12:28:25.275 JST" StructureHandle="=SL3/src&amp;lt;sl.main{TabActv.java[TabActv" StructureKind="java" NumEvents="4" CreationCount="378"/><InteractionEvent Delta="null" EndDate="2014-09-16 12:42:07.820 JST" Interest="4.0" Kind="selection" Navigation="null" OriginId="org.eclipse.jdt.ui.CompilationUnitEditor" StartDate="2014-09-16 12:28:25.272 JST" StructureHandle="=SL3/src&amp;lt;sl.main{TabActv.java[TabActv" StructureKind="java" NumEvents="4" CreationCount="378"/><InteractionEvent Delta="null" EndDate="2014-09-16 14:39:38.172 JST" Interest="153.033" Kind="propagation" Navigation="org.eclipse.mylyn.core.model.edges.containment" OriginId="org.eclipse.mylyn.core.model.interest.propagation" StartDate="2014-09-16 12:26:23.782 JST" StructureHandle="=SL3/src&amp;lt;sl.main{TabActv.java[TabActv" StructureKind="java" NumEvents="215" CreationCount="378"/><InteractionEvent Delta="null" EndDate="2014-09-16 12:46:45.536 JST" Interest="91.0" Kind="edit" Navigation="null" OriginId="org.eclipse.jdt.ui.CompilationUnitEditor" StartDate="2014-09-16 12:43:33.484 JST" StructureHandle="=SL3/src&amp;lt;sl.main{TabActv.java[TabActv~do_test" StructureKind="java" NumEvents="91" CreationCount="536"/><InteractionEvent Delta="null" EndDate="2014-09-16 12:46:46.987 JST" Interest="9.0" Kind="selection" Navigation="null" OriginId="org.eclipse.ui.views.ContentOutline" StartDate="2014-09-16 12:43:33.478 JST" StructureHandle="=SL3/src&amp;lt;sl.main{TabActv.java[TabActv~do_test" StructureKind="java" NumEvents="9" CreationCount="536"/><InteractionEvent Delta="null" EndDate="2014-09-16 13:09:11.535 JST" Interest="1.0" Kind="selection" Navigation="null" OriginId="org.eclipse.jdt.ui.PackageExplorer" StartDate="2014-09-16 13:09:11.535 JST" StructureHandle="/SL3/res/menu/itemlist.xml" StructureKind="resource"/><InteractionEvent Delta="null" EndDate="2014-09-16 15:09:13.70 JST" Interest="1.0" Kind="propagation" Navigation="org.eclipse.mylyn.core.model.edges.containment" OriginId="org.eclipse.mylyn.core.model.interest.propagation" StartDate="2014-09-16 15:09:13.70 JST" StructureHandle="/SL3/src/sl/libs/xml" StructureKind="resource"/><InteractionEvent Delta="null" EndDate="2014-09-16 14:35:33.649 JST" Interest="19.0" Kind="selection" Navigation="null" OriginId="org.eclipse.jdt.ui.CompilationUnitEditor" StartDate="2014-09-16 12:16:04.598 JST" StructureHandle="=SL3/src&amp;lt;sl.utils{Methods.java" StructureKind="java" NumEvents="19" CreationCount="76"/><InteractionEvent Delta="null" EndDate="2014-09-16 12:27:52.444 JST" Interest="31.985003" Kind="propagation" Navigation="org.eclipse.mylyn.core.model.edges.containment" OriginId="org.eclipse.mylyn.core.model.interest.propagation" StartDate="2014-09-16 12:16:05.299 JST" StructureHandle="=SL3/src&amp;lt;sl.utils{Methods.java" StructureKind="java" NumEvents="46" CreationCount="76"/><InteractionEvent Delta="null" EndDate="2014-09-16 13:25:37.291 JST" Interest="1.0" Kind="selection" Navigation="null" OriginId="org.eclipse.jdt.ui.PackageExplorer" StartDate="2014-09-16 13:25:37.291 JST" StructureHandle="/SL3/res/values" StructureKind="resource"/><InteractionEvent Delta="null" EndDate="2014-09-16 15:08:58.905 JST" Interest="15.419001" Kind="propagation" Navigation="org.eclipse.mylyn.core.model.edges.containment" OriginId="org.eclipse.mylyn.core.model.interest.propagation" StartDate="2014-09-16 13:25:38.710 JST" StructureHandle="/SL3/res/values" StructureKind="resource" NumEvents="6" CreationCount="1226"/><InteractionEvent Delta="null" EndDate="2014-09-16 15:57:05.285 JST" Interest="1963.1019" Kind="propagation" Navigation="org.eclipse.mylyn.core.model.edges.containment" OriginId="org.eclipse.mylyn.core.model.interest.propagation" StartDate="2014-09-16 12:13:04.177 JST" StructureHandle="/" StructureKind="resource" NumEvents="1993" CreationCount="1"/><InteractionEvent Delta="null" EndDate="2014-09-16 13:18:40.57 JST" Interest="8.0" Kind="edit" Navigation="null" OriginId="org.eclipse.jdt.ui.CompilationUnitEditor" StartDate="2014-09-16 12:50:43.762 JST" StructureHandle="=SL3/src&amp;lt;sl.utils{CONS.java[CONS[TabActv" StructureKind="java" NumEvents="8" CreationCount="744"/><InteractionEvent Delta="null" EndDate="2014-09-16 13:33:04.505 JST" Interest="10.0" Kind="selection" Navigation="null" OriginId="org.eclipse.jdt.ui.CompilationUnitEditor" StartDate="2014-09-16 12:50:42.830 JST" StructureHandle="=SL3/src&amp;lt;sl.utils{CONS.java[CONS[TabActv" StructureKind="java" NumEvents="10" CreationCount="744"/><InteractionEvent Delta="null" EndDate="2014-09-16 13:19:05.564 JST" Interest="2.309" Kind="propagation" Navigation="org.eclipse.mylyn.core.model.edges.containment" OriginId="org.eclipse.mylyn.core.model.interest.propagation" StartDate="2014-09-16 13:18:56.186 JST" StructureHandle="=SL3/src&amp;lt;sl.utils{CONS.java[CONS[TabActv" StructureKind="java" NumEvents="3" CreationCount="744"/><InteractionEvent Delta="null" EndDate="2014-09-16 12:14:55.968 JST" Interest="10.0" Kind="edit" Navigation="null" OriginId="org.eclipse.jdt.ui.CompilationUnitEditor" StartDate="2014-09-16 12:14:23.910 JST" StructureHandle="=SL3/src&amp;lt;sl.utils{Methods_dlg.java[Methods_dlg~conf_ImportData_SI~QActivity;~QDialog;~QDialog;~QDialogTags;" StructureKind="java" NumEvents="10" CreationCount="31"/><InteractionEvent Delta="null" EndDate="2014-09-16 12:14:48.406 JST" Interest="2.0" Kind="selection" Navigation="null" OriginId="org.eclipse.jdt.ui.CompilationUnitEditor" StartDate="2014-09-16 12:14:21.539 JST" StructureHandle="=SL3/src&amp;lt;sl.utils{Methods_dlg.java[Methods_dlg~conf_ImportData_SI~QActivity;~QDialog;~QDialog;~QDialogTags;" StructureKind="java" NumEvents="2" CreationCount="31"/><InteractionEvent Delta="null" EndDate="2014-09-16 13:19:25.654 JST" Interest="49.0" Kind="edit" Navigation="null" OriginId="org.eclipse.jdt.ui.CompilationUnitEditor" StartDate="2014-09-16 12:21:11.370 JST" StructureHandle="=SL3/src&amp;lt;sl.utils{DBUtils.java[DBUtils~_insert_Genres__ContentValues~QGenre;" StructureKind="java" NumEvents="49" CreationCount="269"/><InteractionEvent Delta="null" EndDate="2014-09-16 13:19:25.640 JST" Interest="3.0" Kind="selection" Navigation="null" OriginId="org.eclipse.jdt.ui.CompilationUnitEditor" StartDate="2014-09-16 12:21:11.367 JST" StructureHandle="=SL3/src&amp;lt;sl.utils{DBUtils.java[DBUtils~_insert_Genres__ContentValues~QGenre;" StructureKind="java" NumEvents="3" CreationCount="269"/><InteractionEvent Delta="null" EndDate="2014-09-16 13:09:23.75 JST" Interest="1.0" Kind="prediction" Navigation="null" OriginId="org.eclipse.mylyn.resources.ui.interest.updater" StartDate="2014-09-16 13:09:23.75 JST" StructureHandle="=SL3/src&amp;lt;sl.main{ItemListActv.java" StructureKind="java"/><InteractionEvent Delta="null" EndDate="2014-09-16 13:18:13.216 JST" Interest="13.682001" Kind="propagation" Navigation="org.eclipse.mylyn.core.model.edges.containment" OriginId="org.eclipse.mylyn.core.model.interest.propagation" StartDate="2014-09-16 12:25:30.817 JST" StructureHandle="/SL3/bin" StructureKind="resource" NumEvents="3" CreationCount="367"/><InteractionEvent Delta="null" EndDate="2014-09-16 12:50:17.481 JST" Interest="5.0" Kind="selection" Navigation="null" OriginId="org.eclipse.jdt.ui.PackageExplorer" StartDate="2014-09-16 12:13:36.319 JST" StructureHandle="=SL3/src&amp;lt;sl.listeners.dialog{DOI_CL.java" StructureKind="java" NumEvents="5" CreationCount="7"/><InteractionEvent Delta="null" EndDate="2014-09-16 12:14:17.258 JST" Interest="8.868" Kind="propagation" Navigation="org.eclipse.mylyn.core.model.edges.containment" OriginId="org.eclipse.mylyn.core.model.interest.propagation" StartDate="2014-09-16 12:13:44.513 JST" StructureHandle="=SL3/src&amp;lt;sl.listeners.dialog{DOI_CL.java" StructureKind="java" NumEvents="13" CreationCount="7"/><InteractionEvent Delta="null" EndDate="2014-09-16 12:27:43.634 JST" Interest="60.0" Kind="edit" Navigation="null" OriginId="org.eclipse.jdt.ui.CompilationUnitEditor" StartDate="2014-09-16 12:20:22.794 JST" StructureHandle="=SL3/src&amp;lt;sl.utils{DBUtils.java[DBUtils~insert_Genres~QActivity;~QList\&amp;lt;QGenre;&amp;gt;;" StructureKind="java" NumEvents="60" CreationCount="212"/><InteractionEvent Delta="null" EndDate="2014-09-16 12:27:42.953 JST" Interest="8.0" Kind="selection" Navigation="null" OriginId="org.eclipse.jdt.ui.CompilationUnitEditor" StartDate="2014-09-16 12:20:22.791 JST" StructureHandle="=SL3/src&amp;lt;sl.utils{DBUtils.java[DBUtils~insert_Genres~QActivity;~QList\&amp;lt;QGenre;&amp;gt;;" StructureKind="java" NumEvents="8" CreationCount="212"/><InteractionEvent Delta="null" EndDate="2014-09-16 12:15:16.469 JST" Interest="7.0" Kind="edit" Navigation="null" OriginId="org.eclipse.jdt.ui.CompilationUnitEditor" StartDate="2014-09-16 12:15:07.998 JST" StructureHandle="=SL3/src&amp;lt;sl.listeners.dialog{DB_OTL.java[DB_OTL~onTouch~QView;~QMotionEvent;" StructureKind="java" NumEvents="7" CreationCount="52"/><InteractionEvent Delta="null" EndDate="2014-09-16 12:15:05.347 JST" Interest="1.0" Kind="selection" Navigation="null" OriginId="org.eclipse.jdt.ui.CompilationUnitEditor" StartDate="2014-09-16 12:15:05.347 JST" StructureHandle="=SL3/src&amp;lt;sl.listeners.dialog{DB_OTL.java[DB_OTL~onTouch~QView;~QMotionEvent;" StructureKind="java"/><InteractionEvent Delta="null" EndDate="2014-09-16 15:57:05.285 JST" Interest="1.0" Kind="propagation" Navigation="null" OriginId="org.eclipse.jdt.ui.PackageExplorer" StartDate="2014-09-16 15:57:05.285 JST" StructureHandle="/SL3/src/sl/adapters" StructureKind="resource"/><InteractionEvent Delta="null" EndDate="2014-09-16 15:54:14.574 JST" Interest="235.18901" Kind="propagation" Navigation="org.eclipse.mylyn.core.model.edges.containment" OriginId="org.eclipse.mylyn.core.model.interest.propagation" StartDate="2014-09-16 12:52:21.328 JST" StructureHandle="=SL3/src&amp;lt;sl.listeners" StructureKind="java" NumEvents="337" CreationCount="771"/><InteractionEvent Delta="null" EndDate="2014-09-16 12:14:55.968 JST" Interest="9.0" Kind="propagation" Navigation="org.eclipse.mylyn.core.model.edges.containment" OriginId="org.eclipse.mylyn.core.model.interest.propagation" StartDate="2014-09-16 12:14:21.539 JST" StructureHandle="=SL3/src&amp;lt;sl.utils{Methods_dlg.java[Methods_dlg" StructureKind="java" NumEvents="12" CreationCount="31"/><InteractionEvent Delta="null" EndDate="2014-09-16 12:26:15.953 JST" Interest="1.0" Kind="selection" Navigation="null" OriginId="org.eclipse.jdt.ui.PackageExplorer" StartDate="2014-09-16 12:26:15.953 JST" StructureHandle="=SL3/src&amp;lt;sl.main" StructureKind="java"/><InteractionEvent Delta="null" EndDate="2014-09-16 14:39:38.172 JST" Interest="158.901" Kind="propagation" Navigation="org.eclipse.mylyn.core.model.edges.containment" OriginId="org.eclipse.mylyn.core.model.interest.propagation" StartDate="2014-09-16 12:26:18.776 JST" StructureHandle="=SL3/src&amp;lt;sl.main" StructureKind="java" NumEvents="230" CreationCount="374"/><InteractionEvent Delta="null" EndDate="2014-09-16 13:19:45.216 JST" Interest="3.0" Kind="selection" Navigation="null" OriginId="org.eclipse.ui.views.ContentOutline" StartDate="2014-09-16 12:26:21.151 JST" StructureHandle="=SL3/src&amp;lt;sl.main{TabActv.java%sl.main" StructureKind="java" NumEvents="3" CreationCount="377"/><InteractionEvent Delta="null" EndDate="2014-09-16 13:19:45.216 JST" Interest="11.362001" Kind="manipulation" Navigation="null" OriginId="org.eclipse.mylyn.core.model.interest.decay.correction" StartDate="2014-09-16 12:41:46.723 JST" StructureHandle="=SL3/src&amp;lt;sl.main{TabActv.java%sl.main" StructureKind="java" NumEvents="2" CreationCount="377"/><InteractionEvent Delta="null" EndDate="2014-09-16 15:09:37.830 JST" Interest="26.0" Kind="prediction" Navigation="null" OriginId="org.eclipse.mylyn.resources.ui.interest.updater" StartDate="2014-09-16 12:25:30.817 JST" StructureHandle="/SL3/bin/classes.dex" StructureKind="resource" NumEvents="26" CreationCount="367"/><InteractionEvent Delta="null" EndDate="2014-09-16 13:19:16.142 JST" Interest="2.0" Kind="edit" Navigation="null" OriginId="org.eclipse.jdt.ui.CompilationUnitEditor" StartDate="2014-09-16 13:19:15.480 JST" StructureHandle="=SL3/src&amp;lt;sl.utils{CONS.java[CONS[TabActv^tabID_2nd" StructureKind="java" NumEvents="2" CreationCount="1144"/><InteractionEvent Delta="null" EndDate="2014-09-16 13:19:21.367 JST" Interest="2.0" Kind="selection" Navigation="null" OriginId="org.eclipse.jdt.ui.CompilationUnitEditor" StartDate="2014-09-16 13:19:12.62 JST" StructureHandle="=SL3/src&amp;lt;sl.utils{CONS.java[CONS[TabActv^tabID_2nd" StructureKind="java" NumEvents="2" CreationCount="1144"/><InteractionEvent Delta="null" EndDate="2014-09-16 12:45:28.390 JST" Interest="42.0" Kind="edit" Navigation="null" OriginId="org.eclipse.jdt.ui.CompilationUnitEditor" StartDate="2014-09-16 12:28:31.26 JST" StructureHandle="=SL3/src&amp;lt;sl.main{TabActv.java[TabActv~onStart" StructureKind="java" NumEvents="42" CreationCount="435"/><InteractionEvent Delta="null" EndDate="2014-09-16 12:45:28.375 JST" Interest="10.0" Kind="selection" Navigation="null" OriginId="org.eclipse.jdt.ui.CompilationUnitEditor" StartDate="2014-09-16 12:28:29.817 JST" StructureHandle="=SL3/src&amp;lt;sl.main{TabActv.java[TabActv~onStart" StructureKind="java" NumEvents="10" CreationCount="435"/><InteractionEvent Delta="null" EndDate="2014-09-16 12:22:26.360 JST" Interest="1.0" Kind="selection" Navigation="null" OriginId="org.eclipse.jdt.ui.CompilationUnitEditor" StartDate="2014-09-16 12:22:26.360 JST" StructureHandle="=SL3/src&amp;lt;sl.utils{Methods.java[Methods~get_Dirname~QActivity;~QString;" StructureKind="java"/><InteractionEvent Delta="null" EndDate="2014-09-16 14:39:38.172 JST" Interest="580.01697" Kind="propagation" Navigation="org.eclipse.mylyn.core.model.edges.containment" OriginId="org.eclipse.mylyn.core.model.interest.propagation" StartDate="2014-09-16 12:26:15.953 JST" StructureHandle="/SL3/src/sl/main" StructureKind="resource" NumEvents="582" CreationCount="374"/><InteractionEvent Delta="null" EndDate="2014-09-16 12:14:17.257 JST" Interest="14.0" Kind="edit" Navigation="null" OriginId="org.eclipse.jdt.ui.CompilationUnitEditor" StartDate="2014-09-16 12:13:44.493 JST" StructureHandle="=SL3/src&amp;lt;sl.listeners.dialog{DOI_CL.java[DOI_CL~case_ACTV_TAB_OPT_OPERATIONS~QListItem;" StructureKind="java" NumEvents="14" CreationCount="11"/><InteractionEvent Delta="null" EndDate="2014-09-16 12:14:13.546 JST" Interest="2.0" Kind="selection" Navigation="null" OriginId="org.eclipse.jdt.ui.CompilationUnitEditor" StartDate="2014-09-16 12:13:43.665 JST" StructureHandle="=SL3/src&amp;lt;sl.listeners.dialog{DOI_CL.java[DOI_CL~case_ACTV_TAB_OPT_OPERATIONS~QListItem;" StructureKind="java" NumEvents="2" CreationCount="11"/><InteractionEvent Delta="null" EndDate="2014-09-16 12:14:12.24 JST" Interest="1.0" Kind="selection" Navigation="null" OriginId="org.eclipse.jdt.ui.CompilationUnitEditor" StartDate="2014-09-16 12:14:12.24 JST" StructureHandle="=SL3/src&amp;lt;sl.utils{Tags.java[Tags[DialogTags^ACTV_TAB_OPT_IMP_DATA_Genres" StructureKind="java"/><InteractionEvent Delta="null" EndDate="2014-09-16 12:14:48.337 JST" Interest="2.0" Kind="selection" Navigation="null" OriginId="org.eclipse.jdt.ui.CompilationUnitEditor" StartDate="2014-09-16 12:14:20.848 JST" StructureHandle="=SL3/src&amp;lt;sl.utils{Methods_dlg.java" StructureKind="java" NumEvents="2" CreationCount="30"/><InteractionEvent Delta="null" EndDate="2014-09-16 12:14:55.969 JST" Interest="7.017" Kind="propagation" Navigation="org.eclipse.mylyn.core.model.edges.containment" OriginId="org.eclipse.mylyn.core.model.interest.propagation" StartDate="2014-09-16 12:14:21.540 JST" StructureHandle="=SL3/src&amp;lt;sl.utils{Methods_dlg.java" StructureKind="java" NumEvents="11" CreationCount="30"/><InteractionEvent Delta="null" EndDate="2014-09-16 14:39:38.172 JST" Interest="187.0" Kind="edit" Navigation="null" OriginId="org.eclipse.jdt.ui.CompilationUnitEditor" StartDate="2014-09-16 12:47:46.382 JST" StructureHandle="=SL3/src&amp;lt;sl.main{TabActv.java[TabActv~onCreateOptionsMenu~QMenu;" StructureKind="java" NumEvents="187" CreationCount="727"/><InteractionEvent Delta="null" EndDate="2014-09-16 14:39:20.362 JST" Interest="23.0" Kind="selection" Navigation="null" OriginId="org.eclipse.ui.views.ContentOutline" StartDate="2014-09-16 12:47:45.390 JST" StructureHandle="=SL3/src&amp;lt;sl.main{TabActv.java[TabActv~onCreateOptionsMenu~QMenu;" StructureKind="java" NumEvents="23" CreationCount="727"/><InteractionEvent Delta="null" EndDate="2014-09-16 15:09:13.47 JST" Interest="1.0" Kind="selection" Navigation="null" OriginId="org.eclipse.jdt.ui.PackageExplorer" StartDate="2014-09-16 15:09:13.47 JST" StructureHandle="=SL3/src&amp;lt;sl.libs.xml.domsample" StructureKind="java"/><InteractionEvent Delta="null" EndDate="2014-09-16 12:56:20.100 JST" Interest="1.0" Kind="propagation" Navigation="null" OriginId="org.eclipse.jdt.ui.PackageExplorer" StartDate="2014-09-16 12:56:20.100 JST" StructureHandle="/SL3/src/sl/listeners/dialog/DialogButtonOnTouchListener.java" StructureKind="resource"/><InteractionEvent Delta="null" EndDate="2014-09-16 14:35:33.848 JST" Interest="16.0" Kind="selection" Navigation="null" OriginId="org.eclipse.jdt.ui.CompilationUnitEditor" StartDate="2014-09-16 12:16:40.112 JST" StructureHandle="=SL3/src&amp;lt;sl.utils{DBUtils.java" StructureKind="java" NumEvents="16" CreationCount="94"/><InteractionEvent Delta="null" EndDate="2014-09-16 12:22:07.468 JST" Interest="56.904003" Kind="propagation" Navigation="org.eclipse.mylyn.core.model.edges.containment" OriginId="org.eclipse.mylyn.core.model.interest.propagation" StartDate="2014-09-16 12:16:40.805 JST" StructureHandle="=SL3/src&amp;lt;sl.utils{DBUtils.java" StructureKind="java" NumEvents="87" CreationCount="94"/><InteractionEvent Delta="null" EndDate="2014-09-16 12:15:47.65 JST" Interest="3.0" Kind="edit" Navigation="null" OriginId="org.eclipse.jdt.ui.CompilationUnitEditor" StartDate="2014-09-16 12:15:38.228 JST" StructureHandle="=SL3/src&amp;lt;sl.listeners.dialog{DB_OCL.java[DB_OCL~onClick~QView;" StructureKind="java" NumEvents="3" CreationCount="64"/><InteractionEvent Delta="null" EndDate="2014-09-16 12:15:42.916 JST" Interest="2.0" Kind="selection" Navigation="null" OriginId="org.eclipse.jdt.ui.CompilationUnitEditor" StartDate="2014-09-16 12:15:36.705 JST" StructureHandle="=SL3/src&amp;lt;sl.listeners.dialog{DB_OCL.java[DB_OCL~onClick~QView;" StructureKind="java" NumEvents="2" CreationCount="64"/><InteractionEvent Delta="null" EndDate="2014-09-16 13:25:31.844 JST" Interest="55.017" Kind="propagation" Navigation="null" OriginId="org.eclipse.jdt.ui.PackageExplorer" StartDate="2014-09-16 12:13:35.161 JST" StructureHandle="/SL3/src/sl/listeners/dialog" StructureKind="resource" NumEvents="56" CreationCount="6"/><InteractionEvent Delta="null" EndDate="2014-09-16 15:09:13.70 JST" Interest="30.971003" Kind="propagation" Navigation="org.eclipse.mylyn.core.model.edges.containment" OriginId="org.eclipse.mylyn.core.model.interest.propagation" StartDate="2014-09-16 12:26:08.531 JST" StructureHandle="/SL3/src/sl/libs" StructureKind="resource" NumEvents="2" CreationCount="373"/><InteractionEvent Delta="null" EndDate="2014-09-16 12:27:34.852 JST" Interest="3.0" Kind="selection" Navigation="null" OriginId="org.eclipse.jdt.ui.CompilationUnitEditor" StartDate="2014-09-16 12:27:27.402 JST" StructureHandle="=SL3/src&amp;lt;sl.utils{Methods.java[Methods~dlg_reconfirm_genre_name~QActivity;~QDialog;~QString;~QString;" StructureKind="java" NumEvents="3" CreationCount="399"/><InteractionEvent Delta="null" EndDate="2014-09-16 13:09:23.76 JST" Interest="1.0" Kind="propagation" Navigation="null" OriginId="org.eclipse.mylyn.resources.ui.interest.updater" StartDate="2014-09-16 13:09:23.76 JST" StructureHandle="/SL3/src/sl/main/ItemListActv.java" StructureKind="resource"/><InteractionEvent Delta="null" EndDate="2014-09-16 12:50:33.482 JST" Interest="1.0" Kind="edit" Navigation="null" OriginId="org.eclipse.jdt.ui.CompilationUnitEditor" StartDate="2014-09-16 12:50:33.482 JST" StructureHandle="=SL3/src&amp;lt;sl.utils{CONS.java" StructureKind="java"/><InteractionEvent Delta="null" EndDate="2014-09-16 14:35:34.59 JST" Interest="15.0" Kind="selection" Navigation="null" OriginId="org.eclipse.jdt.ui.CompilationUnitEditor" StartDate="2014-09-16 12:14:43.97 JST" StructureHandle="=SL3/src&amp;lt;sl.utils{CONS.java" StructureKind="java" NumEvents="15" CreationCount="39"/><InteractionEvent Delta="null" EndDate="2014-09-16 13:19:23.223 JST" Interest="10.247002" Kind="propagation" Navigation="org.eclipse.mylyn.core.model.edges.containment" OriginId="org.eclipse.mylyn.core.model.interest.propagation" StartDate="2014-09-16 12:14:44.443 JST" StructureHandle="=SL3/src&amp;lt;sl.utils{CONS.java" StructureKind="java" NumEvents="21" CreationCount="39"/><InteractionEvent Delta="null" EndDate="2014-09-16 12:50:33.85 JST" Interest="5.947" Kind="manipulation" Navigation="null" OriginId="org.eclipse.mylyn.core.model.interest.decay.correction" StartDate="2014-09-16 12:17:34.763 JST" StructureHandle="=SL3/src&amp;lt;sl.utils{CONS.java" StructureKind="java" NumEvents="2" CreationCount="39"/><InteractionEvent Delta="null" EndDate="2014-09-16 12:13:35.161 JST" Interest="1.0" Kind="selection" Navigation="null" OriginId="org.eclipse.jdt.ui.PackageExplorer" StartDate="2014-09-16 12:13:35.161 JST" StructureHandle="=SL3/src&amp;lt;sl.listeners.dialog" StructureKind="java"/><InteractionEvent Delta="null" EndDate="2014-09-16 13:25:31.844 JST" Interest="20.672" Kind="propagation" Navigation="org.eclipse.mylyn.core.model.edges.containment" OriginId="org.eclipse.mylyn.core.model.interest.propagation" StartDate="2014-09-16 12:13:36.320 JST" StructureHandle="=SL3/src&amp;lt;sl.listeners.dialog" StructureKind="java" NumEvents="22" CreationCount="6"/><InteractionEvent Delta="null" EndDate="2014-09-16 14:39:38.172 JST" Interest="580.0" Kind="propagation" Navigation="null" OriginId="org.eclipse.jdt.ui.CompilationUnitEditor" StartDate="2014-09-16 12:26:18.776 JST" StructureHandle="/SL3/src/sl/main/TabActv.java" StructureKind="resource" NumEvents="580" CreationCount="375"/><InteractionEvent Delta="null" EndDate="2014-09-16 12:50:17.481 JST" Interest="23.0" Kind="propagation" Navigation="null" OriginId="org.eclipse.jdt.ui.PackageExplorer" StartDate="2014-09-16 12:13:36.320 JST" StructureHandle="/SL3/src/sl/listeners/dialog/DOI_CL.java" StructureKind="resource" NumEvents="23" CreationCount="7"/><InteractionEvent Delta="null" EndDate="2014-09-16 13:08:40.857 JST" Interest="1.0" Kind="selection" Navigation="null" OriginId="org.eclipse.jdt.ui.PackageExplorer" StartDate="2014-09-16 13:08:40.857 JST" StructureHandle="=SL3/src&amp;lt;sl.listeners.list" StructureKind="java"/><InteractionEvent Delta="null" EndDate="2014-09-16 15:54:14.574 JST" Interest="890.01697" Kind="propagation" Navigation="org.eclipse.mylyn.core.model.edges.containment" OriginId="org.eclipse.mylyn.core.model.interest.propagation" StartDate="2014-09-16 12:13:35.161 JST" StructureHandle="/SL3/src/sl" StructureKind="resource" NumEvents="895" CreationCount="6"/><InteractionEvent Delta="null" EndDate="2014-09-16 13:08:57.274 JST" Interest="27.0" Kind="edit" Navigation="null" OriginId="org.eclipse.jdt.ui.CompilationUnitEditor" StartDate="2014-09-16 12:26:23.898 JST" StructureHandle="=SL3/src&amp;lt;sl.main{TabActv.java[TabActv~_SetupTabs__first" StructureKind="java" NumEvents="27" CreationCount="378"/><InteractionEvent Delta="null" EndDate="2014-09-16 13:08:51.323 JST" Interest="5.0" Kind="selection" Navigation="null" OriginId="org.eclipse.ui.views.ContentOutline" StartDate="2014-09-16 12:26:23.782 JST" StructureHandle="=SL3/src&amp;lt;sl.main{TabActv.java[TabActv~_SetupTabs__first" StructureKind="java" NumEvents="5" CreationCount="378"/><InteractionEvent Delta="null" EndDate="2014-09-16 12:14:17.258 JST" Interest="11.817" Kind="propagation" Navigation="org.eclipse.mylyn.core.model.edges.containment" OriginId="org.eclipse.mylyn.core.model.interest.propagation" StartDate="2014-09-16 12:13:41.648 JST" StructureHandle="=SL3/src&amp;lt;sl.listeners.dialog{DOI_CL.java[DOI_CL" StructureKind="java" NumEvents="17" CreationCount="10"/><InteractionEvent Delta="null" EndDate="2014-09-16 14:35:34.59 JST" Interest="71.0" Kind="propagation" Navigation="null" OriginId="org.eclipse.jdt.ui.CompilationUnitEditor" StartDate="2014-09-16 12:14:43.98 JST" StructureHandle="/SL3/src/sl/utils/CONS.java" StructureKind="resource" NumEvents="71" CreationCount="39"/><InteractionEvent Delta="null" EndDate="2014-09-16 14:38:33.544 JST" Interest="11.0" Kind="edit" Navigation="null" OriginId="org.eclipse.jdt.ui.CompilationUnitEditor" StartDate="2014-09-16 12:53:09.931 JST" StructureHandle="=SL3/src&amp;lt;sl.listeners{TCL.java[TCL~TCL~QActivity;" StructureKind="java" NumEvents="11" CreationCount="778"/><InteractionEvent Delta="null" EndDate="2014-09-16 14:38:07.915 JST" Interest="6.0" Kind="selection" Navigation="null" OriginId="org.eclipse.jdt.ui.CompilationUnitEditor" StartDate="2014-09-16 12:53:07.49 JST" StructureHandle="=SL3/src&amp;lt;sl.listeners{TCL.java[TCL~TCL~QActivity;" StructureKind="java" NumEvents="6" CreationCount="778"/><InteractionEvent Delta="null" EndDate="2014-09-16 14:38:07.915 JST" Interest="3.2010012" Kind="manipulation" Navigation="null" OriginId="org.eclipse.mylyn.core.model.interest.decay.correction" StartDate="2014-09-16 14:33:52.228 JST" StructureHandle="=SL3/src&amp;lt;sl.listeners{TCL.java[TCL~TCL~QActivity;" StructureKind="java" NumEvents="2" CreationCount="778"/><InteractionEvent Delta="null" EndDate="2014-09-16 12:50:11.86 JST" Interest="11.0" Kind="propagation" Navigation="null" OriginId="org.eclipse.jdt.ui.PackageExplorer" StartDate="2014-09-16 12:15:01.88 JST" StructureHandle="/SL3/src/sl/listeners/dialog/DB_OTL.java" StructureKind="resource" NumEvents="11" CreationCount="50"/><InteractionEvent Delta="null" EndDate="2014-09-16 12:50:11.86 JST" Interest="1.6280003" Kind="manipulation" Navigation="null" OriginId="org.eclipse.mylyn.core.model.interest.decay.correction" StartDate="2014-09-16 12:50:11.86 JST" StructureHandle="/SL3/src/sl/listeners/dialog/DB_OTL.java" StructureKind="resource"/><InteractionEvent Delta="null" EndDate="2014-09-16 12:43:06.303 JST" Interest="3.0" Kind="edit" Navigation="null" OriginId="org.eclipse.jdt.ui.CompilationUnitEditor" StartDate="2014-09-16 12:43:06.293 JST" StructureHandle="=SL3/src&amp;lt;sl.main{TabActv.java[TabActv~onCreate~QBundle;" StructureKind="java" NumEvents="3" CreationCount="501"/><InteractionEvent Delta="null" EndDate="2014-09-16 13:19:48.278 JST" Interest="7.0" Kind="selection" Navigation="null" OriginId="org.eclipse.jdt.ui.CompilationUnitEditor" StartDate="2014-09-16 12:43:06.289 JST" StructureHandle="=SL3/src&amp;lt;sl.main{TabActv.java[TabActv~onCreate~QBundle;" StructureKind="java" NumEvents="7" CreationCount="501"/><InteractionEvent Delta="null" EndDate="2014-09-16 13:19:45.858 JST" Interest="5.171001" Kind="manipulation" Navigation="null" OriginId="org.eclipse.mylyn.core.model.interest.decay.correction" StartDate="2014-09-16 13:19:45.858 JST" StructureHandle="=SL3/src&amp;lt;sl.main{TabActv.java[TabActv~onCreate~QBundle;" StructureKind="java"/><InteractionEvent Delta="null" EndDate="2014-09-16 12:59:03.759 JST" Interest="1.0" Kind="selection" Navigation="null" OriginId="org.eclipse.jdt.ui.CompilationUnitEditor" StartDate="2014-09-16 12:59:03.759 JST" StructureHandle="=SL3/src&amp;lt;sl.main{TabActv.java[TabActv~onOptionsItemSelected~QMenuItem;" StructureKind="java"/><InteractionEvent Delta="null" EndDate="2014-09-16 12:20:15.905 JST" Interest="4.0" Kind="edit" Navigation="null" OriginId="org.eclipse.jdt.ui.CompilationUnitEditor" StartDate="2014-09-16 12:20:15.208 JST" StructureHandle="=SL3/src&amp;lt;sl.utils{DBUtils.java[DBUtils~insert_Stores~QActivity;~QList\&amp;lt;QStore;&amp;gt;;" StructureKind="java" NumEvents="4" CreationCount="205"/><InteractionEvent Delta="null" EndDate="2014-09-16 12:20:14.737 JST" Interest="2.0" Kind="selection" Navigation="null" OriginId="org.eclipse.jdt.ui.CompilationUnitEditor" StartDate="2014-09-16 12:20:14.620 JST" StructureHandle="=SL3/src&amp;lt;sl.utils{DBUtils.java[DBUtils~insert_Stores~QActivity;~QList\&amp;lt;QStore;&amp;gt;;" StructureKind="java" NumEvents="2" CreationCount="205"/><InteractionEvent Delta="null" EndDate="2014-09-16 13:25:31.844 JST" Interest="20.0" Kind="propagation" Navigation="null" OriginId="org.eclipse.jdt.ui.PackageExplorer" StartDate="2014-09-16 12:14:59.707 JST" StructureHandle="/SL3/src/sl/listeners/dialog/DB_OCL.java" StructureKind="resource" NumEvents="20" CreationCount="48"/><InteractionEvent Delta="null" EndDate="2014-09-16 13:25:31.843 JST" Interest="0.9750004" Kind="manipulation" Navigation="null" OriginId="org.eclipse.mylyn.core.model.interest.decay.correction" StartDate="2014-09-16 13:25:31.843 JST" StructureHandle="/SL3/src/sl/listeners/dialog/DB_OCL.java" StructureKind="resource"/><InteractionEvent Delta="null" EndDate="2014-09-16 13:14:04.388 JST" Interest="1.0" Kind="edit" Navigation="null" OriginId="org.eclipse.jdt.ui.CompilationUnitEditor" StartDate="2014-09-16 13:14:04.388 JST" StructureHandle="=SL3/src&amp;lt;sl.utils{Methods.java[Methods~getSmallerNumber~I~I" StructureKind="java"/><InteractionEvent Delta="null" EndDate="2014-09-16 14:35:25.323 JST" Interest="6.0" Kind="selection" Navigation="null" OriginId="org.eclipse.jdt.ui.CompilationUnitEditor" StartDate="2014-09-16 12:57:36.433 JST" StructureHandle="=SL3/src&amp;lt;sl.utils{Methods.java[Methods~getSmallerNumber~I~I" StructureKind="java" NumEvents="6" CreationCount="884"/><InteractionEvent Delta="null" EndDate="2014-09-16 14:35:25.320 JST" Interest="6.605" Kind="manipulation" Navigation="null" OriginId="org.eclipse.mylyn.core.model.interest.decay.correction" StartDate="2014-09-16 13:14:04.370 JST" StructureHandle="=SL3/src&amp;lt;sl.utils{Methods.java[Methods~getSmallerNumber~I~I" StructureKind="java" NumEvents="3" CreationCount="884"/><InteractionEvent Delta="null" EndDate="2014-09-16 15:05:51.86 JST" Interest="12.0" Kind="selection" Navigation="null" OriginId="org.eclipse.jdt.ui.CompilationUnitEditor" StartDate="2014-09-16 13:13:31.374 JST" StructureHandle="=SL3/src&amp;lt;sl.listeners{TCL.java[TCL" StructureKind="java" NumEvents="12" CreationCount="773"/><InteractionEvent Delta="null" EndDate="2014-09-16 15:54:14.574 JST" Interest="223.155" Kind="propagation" Navigation="org.eclipse.mylyn.core.model.edges.containment" OriginId="org.eclipse.mylyn.core.model.interest.propagation" StartDate="2014-09-16 12:52:30.230 JST" StructureHandle="=SL3/src&amp;lt;sl.listeners{TCL.java[TCL" StructureKind="java" NumEvents="315" CreationCount="773"/><InteractionEvent Delta="null" EndDate="2014-09-16 14:35:34.59 JST" Interest="484.0" Kind="propagation" Navigation="null" OriginId="org.eclipse.jdt.ui.CompilationUnitEditor" StartDate="2014-09-16 12:14:11.288 JST" StructureHandle="/SL3/src/sl/utils" StructureKind="resource" NumEvents="484" CreationCount="25"/><InteractionEvent Delta="null" EndDate="2014-09-16 12:51:35.808 JST" Interest="1.0" Kind="edit" Navigation="null" OriginId="org.eclipse.jdt.ui.CompilationUnitEditor" StartDate="2014-09-16 12:51:35.808 JST" StructureHandle="=SL3/src&amp;lt;sl.utils{CONS.java[CONS[TabActv^tabID_Current" StructureKind="java"/><InteractionEvent Delta="null" EndDate="2014-09-16 13:18:36.108 JST" Interest="4.0" Kind="selection" Navigation="null" OriginId="org.eclipse.jdt.ui.CompilationUnitEditor" StartDate="2014-09-16 12:51:30.125 JST" StructureHandle="=SL3/src&amp;lt;sl.utils{CONS.java[CONS[TabActv^tabID_Current" StructureKind="java" NumEvents="4" CreationCount="758"/><InteractionEvent Delta="null" EndDate="2014-09-16 13:16:34.644 JST" Interest="2.4850004" Kind="manipulation" Navigation="null" OriginId="org.eclipse.mylyn.core.model.interest.decay.correction" StartDate="2014-09-16 13:16:34.644 JST" StructureHandle="=SL3/src&amp;lt;sl.utils{CONS.java[CONS[TabActv^tabID_Current" StructureKind="java"/><InteractionEvent Delta="null" EndDate="2014-09-16 12:42:03.887 JST" Interest="18.0" Kind="edit" Navigation="null" OriginId="org.eclipse.jdt.ui.CompilationUnitEditor" StartDate="2014-09-16 12:41:50.522 JST" StructureHandle="=SL3/src&amp;lt;sl.main{TabActv.java[TabActv~createTabContent~QString;" StructureKind="java" NumEvents="18" CreationCount="478"/><InteractionEvent Delta="null" EndDate="2014-09-16 12:41:50.422 JST" Interest="1.0" Kind="selection" Navigation="null" OriginId="org.eclipse.ui.views.ContentOutline" StartDate="2014-09-16 12:41:50.422 JST" StructureHandle="=SL3/src&amp;lt;sl.main{TabActv.java[TabActv~createTabContent~QString;" StructureKind="java"/><InteractionEvent Delta="null" EndDate="2014-09-16 13:25:41.128 JST" Interest="3.0" Kind="edit" Navigation="null" OriginId="com.android.ide.eclipse.editors.CommonXmlEditor" StartDate="2014-09-16 13:25:39.121 JST" StructureHandle="/SL3/res/values/strings.xml" StructureKind="resource" NumEvents="3" CreationCount="1227"/><InteractionEvent Delta="null" EndDate="2014-09-16 15:08:58.905 JST" Interest="3.0" Kind="selection" Navigation="null" OriginId="org.eclipse.jdt.ui.PackageExplorer" StartDate="2014-09-16 13:25:38.710 JST" StructureHandle="/SL3/res/values/strings.xml" StructureKind="resource" NumEvents="3" CreationCount="1227"/><InteractionEvent Delta="null" EndDate="2014-09-16 15:08:58.905 JST" Interest="11.302" Kind="manipulation" Navigation="null" OriginId="org.eclipse.mylyn.core.model.interest.decay.correction" StartDate="2014-09-16 15:08:58.905 JST" StructureHandle="/SL3/res/values/strings.xml" StructureKind="resource"/><InteractionEvent Delta="null" EndDate="2014-09-16 12:13:38.165 JST" Interest="1.0" Kind="selection" Navigation="null" OriginId="org.eclipse.ui.views.ContentOutline" StartDate="2014-09-16 12:13:38.165 JST" StructureHandle="=SL3/src&amp;lt;sl.listeners.dialog{DOI_CL.java%sl.listeners.dialog" StructureKind="java"/><InteractionEvent Delta="null" EndDate="2014-09-16 12:54:10.4 JST" Interest="21.0" Kind="edit" Navigation="null" OriginId="org.eclipse.jdt.ui.CompilationUnitEditor" StartDate="2014-09-16 12:36:04.948 JST" StructureHandle="=SL3/src&amp;lt;sl.utils{Methods.java[Methods~filterList2__buildQuery_Cursor~QActivity;~QSQLiteDatabase;~QString;~QString;" StructureKind="java" NumEvents="21" CreationCount="454"/><InteractionEvent Delta="null" EndDate="2014-09-16 12:56:22.433 JST" Interest="3.0" Kind="selection" Navigation="null" OriginId="org.eclipse.jdt.ui.CompilationUnitEditor" StartDate="2014-09-16 12:35:56.911 JST" StructureHandle="=SL3/src&amp;lt;sl.utils{Methods.java[Methods~filterList2__buildQuery_Cursor~QActivity;~QSQLiteDatabase;~QString;~QString;" StructureKind="java" NumEvents="3" CreationCount="454"/><InteractionEvent Delta="null" EndDate="2014-09-16 12:16:06.327 JST" Interest="1.0" Kind="edit" Navigation="null" OriginId="org.eclipse.jdt.ui.CompilationUnitEditor" StartDate="2014-09-16 12:16:06.327 JST" StructureHandle="=SL3/src&amp;lt;sl.utils{Methods.java[Methods~import_Data_Stores~QActivity;~QDialog;~QDialog;~QDialog;" StructureKind="java"/><InteractionEvent Delta="null" EndDate="2014-09-16 12:16:05.301 JST" Interest="2.0" Kind="selection" Navigation="null" OriginId="org.eclipse.jdt.ui.CompilationUnitEditor" StartDate="2014-09-16 12:16:05.299 JST" StructureHandle="=SL3/src&amp;lt;sl.utils{Methods.java[Methods~import_Data_Stores~QActivity;~QDialog;~QDialog;~QDialog;" StructureKind="java" NumEvents="2" CreationCount="77"/><InteractionEvent Delta="null" EndDate="2014-09-16 12:53:38.764 JST" Interest="1.0" Kind="selection" Navigation="null" OriginId="org.eclipse.jdt.ui.CompilationUnitEditor" StartDate="2014-09-16 12:53:38.764 JST" StructureHandle="=SL3/src&amp;lt;sl.listeners{TCL.java[TCL^actv" StructureKind="java"/><InteractionEvent Delta="null" EndDate="2014-09-16 12:46:40.721 JST" Interest="54.0" Kind="edit" Navigation="null" OriginId="org.eclipse.jdt.ui.CompilationUnitEditor" StartDate="2014-09-16 12:45:55.998 JST" StructureHandle="=SL3/src&amp;lt;sl.main{TabActv.java[TabActv~_do_test_D_4_V_1_0" StructureKind="java" NumEvents="54" CreationCount="636"/><InteractionEvent Delta="null" EndDate="2014-09-16 12:45:55.994 JST" Interest="2.0" Kind="selection" Navigation="null" OriginId="org.eclipse.jdt.ui.CompilationUnitEditor" StartDate="2014-09-16 12:45:55.991 JST" StructureHandle="=SL3/src&amp;lt;sl.main{TabActv.java[TabActv~_do_test_D_4_V_1_0" StructureKind="java" NumEvents="2" CreationCount="636"/><InteractionEvent Delta="null" EndDate="2014-09-16 12:50:45.6 JST" Interest="1.0" Kind="selection" Navigation="null" OriginId="org.eclipse.jdt.ui.CompilationUnitEditor" StartDate="2014-09-16 12:50:45.6 JST" StructureHandle="=SL3/src&amp;lt;sl.utils{CONS.java[CONS[TabActv^adp_List_Store" StructureKind="java"/><InteractionEvent Delta="null" EndDate="2014-09-16 13:14:01.504 JST" Interest="44.0" Kind="edit" Navigation="null" OriginId="org.eclipse.jdt.ui.CompilationUnitEditor" StartDate="2014-09-16 12:46:51.612 JST" StructureHandle="=SL3/src&amp;lt;sl.main{TabActv.java[TabActv~_Setup_Listeners" StructureKind="java" NumEvents="44" CreationCount="705"/><InteractionEvent Delta="null" EndDate="2014-09-16 13:17:24.768 JST" Interest="14.0" Kind="selection" Navigation="null" OriginId="org.eclipse.jdt.ui.CompilationUnitEditor" StartDate="2014-09-16 12:46:50.496 JST" StructureHandle="=SL3/src&amp;lt;sl.main{TabActv.java[TabActv~_Setup_Listeners" StructureKind="java" NumEvents="14" CreationCount="705"/><InteractionEvent Delta="null" EndDate="2014-09-16 15:54:14.574 JST" Interest="837.0" Kind="propagation" Navigation="null" OriginId="org.eclipse.jdt.ui.CompilationUnitEditor" StartDate="2014-09-16 12:52:21.328 JST" StructureHandle="/SL3/src/sl/listeners/TCL.java" StructureKind="resource" NumEvents="837" CreationCount="771"/><InteractionEvent Delta="null" EndDate="2014-09-16 12:26:08.531 JST" Interest="1.0" Kind="propagation" Navigation="null" OriginId="org.eclipse.jdt.ui.PackageExplorer" StartDate="2014-09-16 12:26:08.531 JST" StructureHandle="/SL3/src/sl/libs/json" StructureKind="resource"/><InteractionEvent Delta="null" EndDate="2014-09-16 12:26:08.531 JST" Interest="1.0" Kind="selection" Navigation="null" OriginId="org.eclipse.jdt.ui.PackageExplorer" StartDate="2014-09-16 12:26:08.531 JST" StructureHandle="=SL3/src&amp;lt;sl.libs.json" StructureKind="java"/><InteractionEvent Delta="null" EndDate="2014-09-16 14:47:59.781 JST" Interest="37.0" Kind="selection" Navigation="null" OriginId="org.eclipse.jdt.ui.CompilationUnitEditor" StartDate="2014-09-16 12:52:21.802 JST" StructureHandle="=SL3/src&amp;lt;sl.listeners{TCL.java" StructureKind="java" NumEvents="37" CreationCount="771"/><InteractionEvent Delta="null" EndDate="2014-09-16 15:54:14.574 JST" Interest="198.18901" Kind="propagation" Navigation="org.eclipse.mylyn.core.model.edges.containment" OriginId="org.eclipse.mylyn.core.model.interest.propagation" StartDate="2014-09-16 12:52:21.328 JST" StructureHandle="=SL3/src&amp;lt;sl.listeners{TCL.java" StructureKind="java" NumEvents="293" CreationCount="771"/><InteractionEvent Delta="null" EndDate="2014-09-16 13:25:35.667 JST" Interest="1.0" Kind="selection" Navigation="null" OriginId="org.eclipse.jdt.ui.PackageExplorer" StartDate="2014-09-16 13:25:35.667 JST" StructureHandle="/SL3/res/xml" StructureKind="resource"/><InteractionEvent Delta="null" EndDate="2014-09-16 12:16:47.803 JST" Interest="3.0" Kind="selection" Navigation="null" OriginId="org.eclipse.jdt.ui.CompilationUnitEditor" StartDate="2014-09-16 12:16:42.965 JST" StructureHandle="=SL3/src&amp;lt;sl.utils{DBUtils.java[DBUtils~tableExists~QActivity;~QString;~QString;" StructureKind="java" NumEvents="3" CreationCount="97"/><InteractionEvent Delta="null" EndDate="2014-09-16 14:47:59.26 JST" Interest="82.0" Kind="edit" Navigation="null" OriginId="com.android.ide.eclipse.editors.CommonXmlEditor" StartDate="2014-09-16 13:11:09.339 JST" StructureHandle="/SL3/res/menu/actv_tab_1.xml" StructureKind="resource" NumEvents="82" CreationCount="950"/><InteractionEvent Delta="null" EndDate="2014-09-16 14:47:58.814 JST" Interest="26.0" Kind="selection" Navigation="null" OriginId="com.android.ide.eclipse.editors.CommonXmlEditor" StartDate="2014-09-16 13:09:30.708 JST" StructureHandle="/SL3/res/menu/actv_tab_1.xml" StructureKind="resource" NumEvents="26" CreationCount="950"/><InteractionEvent Delta="null" EndDate="2014-09-16 13:09:23.77 JST" Interest="1.0" Kind="propagation" Navigation="null" OriginId="org.eclipse.mylyn.resources.ui.interest.updater" StartDate="2014-09-16 13:09:23.77 JST" StructureHandle="/SL3/res/menu/actv_tab_1.xml" StructureKind="resource"/><InteractionEvent Delta="null" EndDate="2014-09-16 12:35:56.353 JST" Interest="16.0" Kind="edit" Navigation="null" OriginId="org.eclipse.jdt.ui.CompilationUnitEditor" StartDate="2014-09-16 12:26:39.206 JST" StructureHandle="=SL3/src&amp;lt;sl.utils{Methods.java[Methods~get_Adp_List_Genre~QActivity;" StructureKind="java" NumEvents="16" CreationCount="389"/><InteractionEvent Delta="null" EndDate="2014-09-16 12:28:37.945 JST" Interest="6.0" Kind="selection" Navigation="null" OriginId="org.eclipse.jdt.ui.CompilationUnitEditor" StartDate="2014-09-16 12:26:38.349 JST" StructureHandle="=SL3/src&amp;lt;sl.utils{Methods.java[Methods~get_Adp_List_Genre~QActivity;" StructureKind="java" NumEvents="6" CreationCount="389"/><InteractionEvent Delta="null" EndDate="2014-09-16 12:16:48.944 JST" Interest="2.0" Kind="edit" Navigation="null" OriginId="org.eclipse.jdt.ui.CompilationUnitEditor" StartDate="2014-09-16 12:16:48.306 JST" StructureHandle="=SL3/src&amp;lt;sl.utils{DBUtils.java[DBUtils~find_ALL_Stores_from_Previous~QActivity;" StructureKind="java" NumEvents="2" CreationCount="98"/><InteractionEvent Delta="null" EndDate="2014-09-16 12:16:47.821 JST" Interest="3.0" Kind="selection" Navigation="null" OriginId="org.eclipse.jdt.ui.CompilationUnitEditor" StartDate="2014-09-16 12:16:47.698 JST" StructureHandle="=SL3/src&amp;lt;sl.utils{DBUtils.java[DBUtils~find_ALL_Stores_from_Previous~QActivity;" StructureKind="java" NumEvents="3" CreationCount="98"/><InteractionEvent Delta="null" EndDate="2014-09-16 13:08:40.857 JST" Interest="1.0" Kind="propagation" Navigation="null" OriginId="org.eclipse.jdt.ui.PackageExplorer" StartDate="2014-09-16 13:08:40.857 JST" StructureHandle="/SL3/src/sl/listeners/list" StructureKind="resource"/><InteractionEvent Delta="null" EndDate="2014-09-16 12:19:45.806 JST" Interest="2.0" Kind="selection" Navigation="null" OriginId="org.eclipse.jdt.ui.CompilationUnitEditor" StartDate="2014-09-16 12:16:08.562 JST" StructureHandle="=SL3/src&amp;lt;sl.utils{Methods.java[Methods" StructureKind="java" NumEvents="2" CreationCount="77"/><InteractionEvent Delta="null" EndDate="2014-09-16 12:27:52.443 JST" Interest="34.968002" Kind="propagation" Navigation="org.eclipse.mylyn.core.model.edges.containment" OriginId="org.eclipse.mylyn.core.model.interest.propagation" StartDate="2014-09-16 12:16:05.299 JST" StructureHandle="=SL3/src&amp;lt;sl.utils{Methods.java[Methods" StructureKind="java" NumEvents="46" CreationCount="77"/><InteractionEvent Delta="null" EndDate="2014-09-16 14:46:45.62 JST" Interest="54.0" Kind="edit" Navigation="null" OriginId="org.eclipse.jdt.ui.CompilationUnitEditor" StartDate="2014-09-16 14:34:58.72 JST" StructureHandle="=SL3/src&amp;lt;sl.listeners{TCL.java[TCL~_onTabChanged__ChangeItems~QString;" StructureKind="java" NumEvents="54" CreationCount="1528"/><InteractionEvent Delta="null" EndDate="2014-09-16 14:46:14.245 JST" Interest="15.0" Kind="selection" Navigation="null" OriginId="org.eclipse.jdt.ui.CompilationUnitEditor" StartDate="2014-09-16 14:34:56.952 JST" StructureHandle="=SL3/src&amp;lt;sl.listeners{TCL.java[TCL~_onTabChanged__ChangeItems~QString;" StructureKind="java" NumEvents="15" CreationCount="1528"/><InteractionEvent Delta="null" EndDate="2014-09-16 12:18:34.88 JST" Interest="6.2620006" Kind="propagation" Navigation="org.eclipse.mylyn.core.model.edges.containment" OriginId="org.eclipse.mylyn.core.model.interest.propagation" StartDate="2014-09-16 12:14:44.442 JST" StructureHandle="=SL3/src&amp;lt;sl.utils{CONS.java[CONS[DB" StructureKind="java" NumEvents="10" CreationCount="40"/><InteractionEvent Delta="null" EndDate="2014-09-16 14:35:33.848 JST" Interest="253.0" Kind="propagation" Navigation="null" OriginId="org.eclipse.jdt.ui.CompilationUnitEditor" StartDate="2014-09-16 12:16:40.112 JST" StructureHandle="/SL3/src/sl/utils/DBUtils.java" StructureKind="resource" NumEvents="253" CreationCount="94"/><InteractionEvent Delta="null" EndDate="2014-09-16 12:21:00.687 JST" Interest="3.0" Kind="edit" Navigation="null" OriginId="org.eclipse.jdt.ui.CompilationUnitEditor" StartDate="2014-09-16 12:21:00.682 JST" StructureHandle="=SL3/src&amp;lt;sl.utils{DBUtils.java[DBUtils~_insert_Stores__ContentValues~QStore;" StructureKind="java" NumEvents="3" CreationCount="249"/><InteractionEvent Delta="null" EndDate="2014-09-16 12:20:59.694 JST" Interest="3.0" Kind="selection" Navigation="null" OriginId="org.eclipse.jdt.ui.CompilationUnitEditor" StartDate="2014-09-16 12:20:59.592 JST" StructureHandle="=SL3/src&amp;lt;sl.utils{DBUtils.java[DBUtils~_insert_Stores__ContentValues~QStore;" StructureKind="java" NumEvents="3" CreationCount="249"/><InteractionEvent Delta="null" EndDate="2014-09-16 15:08:59.29 JST" Interest="1.0" Kind="propagation" Navigation="null" OriginId="org.eclipse.jdt.ui.PackageExplorer" StartDate="2014-09-16 15:08:59.29 JST" StructureHandle="/SL3/gen" StructureKind="resource"/><InteractionEvent Delta="null" EndDate="2014-09-16 13:13:21.831 JST" Interest="1.0" Kind="selection" Navigation="null" OriginId="org.eclipse.jdt.ui.PackageExplorer" StartDate="2014-09-16 13:13:21.831 JST" StructureHandle="/SL3/res/drawable-mdpi" StructureKind="resource"/><InteractionEvent Delta="null" EndDate="2014-09-16 13:48:19.770 JST" Interest="42.0" Kind="edit" Navigation="null" OriginId="com.android.ide.eclipse.editors.CommonXmlEditor" StartDate="2014-09-16 13:09:42.15 JST" StructureHandle="/SL3/res/menu/actv_tab_2.xml" StructureKind="resource" NumEvents="42" CreationCount="953"/><InteractionEvent Delta="null" EndDate="2014-09-16 14:43:05.990 JST" Interest="18.0" Kind="selection" Navigation="null" OriginId="com.android.ide.eclipse.editors.CommonXmlEditor" StartDate="2014-09-16 13:09:39.44 JST" StructureHandle="/SL3/res/menu/actv_tab_2.xml" StructureKind="resource" NumEvents="18" CreationCount="953"/><InteractionEvent Delta="null" EndDate="2014-09-16 13:09:36.338 JST" Interest="1.0" Kind="propagation" Navigation="null" OriginId="org.eclipse.mylyn.resources.ui.interest.updater" StartDate="2014-09-16 13:09:36.338 JST" StructureHandle="/SL3/res/menu/actv_tab_2.xml" StructureKind="resource"/><InteractionEvent Delta="null" EndDate="2014-09-16 12:13:30.480 JST" Interest="4.0" Kind="propagation" Navigation="null" OriginId="org.eclipse.ui.views.ResourceNavigator" StartDate="2014-09-16 12:13:04.177 JST" StructureHandle="/TA2/src" StructureKind="resource" NumEvents="4" CreationCount="1"/><InteractionEvent Delta="null" EndDate="2014-09-16 12:50:11.86 JST" Interest="3.0" Kind="selection" Navigation="null" OriginId="org.eclipse.jdt.ui.PackageExplorer" StartDate="2014-09-16 12:15:01.88 JST" StructureHandle="=SL3/src&amp;lt;sl.listeners.dialog{DB_OTL.java" StructureKind="java" NumEvents="3" CreationCount="50"/><InteractionEvent Delta="null" EndDate="2014-09-16 12:15:16.470 JST" Interest="3.934" Kind="propagation" Navigation="org.eclipse.mylyn.core.model.edges.containment" OriginId="org.eclipse.mylyn.core.model.interest.propagation" StartDate="2014-09-16 12:15:09.498 JST" StructureHandle="=SL3/src&amp;lt;sl.listeners.dialog{DB_OTL.java" StructureKind="java" NumEvents="6" CreationCount="50"/><InteractionEvent Delta="null" EndDate="2014-09-16 12:50:11.86 JST" Interest="5.677001" Kind="manipulation" Navigation="null" OriginId="org.eclipse.mylyn.core.model.interest.decay.correction" StartDate="2014-09-16 12:50:11.86 JST" StructureHandle="=SL3/src&amp;lt;sl.listeners.dialog{DB_OTL.java" StructureKind="java"/><InteractionEvent Delta="null" EndDate="2014-09-16 12:13:30.480 JST" Interest="4.0" Kind="propagation" Navigation="org.eclipse.mylyn.core.model.edges.containment" OriginId="org.eclipse.mylyn.core.model.interest.propagation" StartDate="2014-09-16 12:13:04.177 JST" StructureHandle="=TA2" StructureKind="resource" NumEvents="4" CreationCount="1"/><InteractionEvent Delta="null" EndDate="2014-09-16 12:15:16.469 JST" Interest="5.9" Kind="propagation" Navigation="org.eclipse.mylyn.core.model.edges.containment" OriginId="org.eclipse.mylyn.core.model.interest.propagation" StartDate="2014-09-16 12:15:05.347 JST" StructureHandle="=SL3/src&amp;lt;sl.listeners.dialog{DB_OTL.java[DB_OTL" StructureKind="java" NumEvents="8" CreationCount="52"/><InteractionEvent Delta="null" EndDate="2014-09-16 12:19:31.136 JST" Interest="56.0" Kind="edit" Navigation="null" OriginId="org.eclipse.jdt.ui.CompilationUnitEditor" StartDate="2014-09-16 12:17:02.503 JST" StructureHandle="=SL3/src&amp;lt;sl.utils{DBUtils.java[DBUtils~find_ALL_Genres_from_Previous~QActivity;" StructureKind="java" NumEvents="56" CreationCount="106"/><InteractionEvent Delta="null" EndDate="2014-09-16 12:19:34.635 JST" Interest="4.0" Kind="selection" Navigation="null" OriginId="org.eclipse.jdt.ui.CompilationUnitEditor" StartDate="2014-09-16 12:16:59.945 JST" StructureHandle="=SL3/src&amp;lt;sl.utils{DBUtils.java[DBUtils~find_ALL_Genres_from_Previous~QActivity;" StructureKind="java" NumEvents="4" CreationCount="106"/><InteractionEvent Delta="null" EndDate="2014-09-16 12:14:11.288 JST" Interest="1.0" Kind="selection" Navigation="null" OriginId="org.eclipse.jdt.ui.CompilationUnitEditor" StartDate="2014-09-16 12:14:11.288 JST" StructureHandle="=SL3/src&amp;lt;sl.utils{Tags.java" StructureKind="java"/><InteractionEvent Delta="null" EndDate="2014-09-16 12:14:12.25 JST" Interest="0.01700002" Kind="propagation" Navigation="org.eclipse.mylyn.core.model.edges.containment" OriginId="org.eclipse.mylyn.core.model.interest.propagation" StartDate="2014-09-16 12:14:12.25 JST" StructureHandle="=SL3/src&amp;lt;sl.utils{Tags.java" StructureKind="java"/><InteractionEvent Delta="null" EndDate="2014-09-16 13:25:31.843 JST" Interest="6.0" Kind="selection" Navigation="null" OriginId="org.eclipse.jdt.ui.PackageExplorer" StartDate="2014-09-16 12:14:59.706 JST" StructureHandle="=SL3/src&amp;lt;sl.listeners.dialog{DB_OCL.java" StructureKind="java" NumEvents="6" CreationCount="48"/><InteractionEvent Delta="null" EndDate="2014-09-16 12:15:58.335 JST" Interest="1.8060002" Kind="propagation" Navigation="org.eclipse.mylyn.core.model.edges.containment" OriginId="org.eclipse.mylyn.core.model.interest.propagation" StartDate="2014-09-16 12:15:47.65 JST" StructureHandle="=SL3/src&amp;lt;sl.listeners.dialog{DB_OCL.java" StructureKind="java" NumEvents="4" CreationCount="48"/><InteractionEvent Delta="null" EndDate="2014-09-16 13:25:31.843 JST" Interest="13.152" Kind="manipulation" Navigation="null" OriginId="org.eclipse.mylyn.core.model.interest.decay.correction" StartDate="2014-09-16 13:25:31.843 JST" StructureHandle="=SL3/src&amp;lt;sl.listeners.dialog{DB_OCL.java" StructureKind="java"/><InteractionEvent Delta="null" EndDate="2014-09-16 12:18:34.88 JST" Interest="4.0" Kind="edit" Navigation="null" OriginId="org.eclipse.jdt.ui.CompilationUnitEditor" StartDate="2014-09-16 12:18:01.954 JST" StructureHandle="=SL3/src&amp;lt;sl.utils{CONS.java[CONS[DB^columns_for_table_genres_with_index" StructureKind="java" NumEvents="4" CreationCount="126"/><InteractionEvent Delta="null" EndDate="2014-09-16 12:18:31.159 JST" Interest="2.0" Kind="selection" Navigation="null" OriginId="org.eclipse.jdt.ui.CompilationUnitEditor" StartDate="2014-09-16 12:18:01.178 JST" StructureHandle="=SL3/src&amp;lt;sl.utils{CONS.java[CONS[DB^columns_for_table_genres_with_index" StructureKind="java" NumEvents="2" CreationCount="126"/><InteractionEvent Delta="null" EndDate="2014-09-16 15:09:13.47 JST" Interest="1.0" Kind="propagation" Navigation="null" OriginId="org.eclipse.jdt.ui.PackageExplorer" StartDate="2014-09-16 15:09:13.47 JST" StructureHandle="/SL3/src/sl/libs/xml/domsample" StructureKind="resource"/><InteractionEvent Delta="null" EndDate="2014-09-16 12:15:58.334 JST" Interest="5.0" Kind="edit" Navigation="null" OriginId="org.eclipse.jdt.ui.CompilationUnitEditor" StartDate="2014-09-16 12:15:51.442 JST" StructureHandle="=SL3/src&amp;lt;sl.listeners.dialog{DB_OCL.java[DB_OCL~case_ACTV_TAB_OPT_IMP_DATA~QDialogTags;" StructureKind="java" NumEvents="5" CreationCount="66"/><InteractionEvent Delta="null" EndDate="2014-09-16 12:15:49.674 JST" Interest="2.0" Kind="selection" Navigation="null" OriginId="org.eclipse.jdt.ui.CompilationUnitEditor" StartDate="2014-09-16 12:15:39.992 JST" StructureHandle="=SL3/src&amp;lt;sl.listeners.dialog{DB_OCL.java[DB_OCL~case_ACTV_TAB_OPT_IMP_DATA~QDialogTags;" StructureKind="java" NumEvents="2" CreationCount="66"/><InteractionEvent Delta="null" EndDate="2014-09-16 12:14:55.968 JST" Interest="14.0" Kind="propagation" Navigation="null" OriginId="org.eclipse.jdt.ui.CompilationUnitEditor" StartDate="2014-09-16 12:14:20.848 JST" StructureHandle="/SL3/src/sl/utils/Methods_dlg.java" StructureKind="resource" NumEvents="14" CreationCount="30"/><InteractionEvent Delta="null" EndDate="2014-09-16 12:27:36.176 JST" Interest="37.0" Kind="edit" Navigation="null" OriginId="org.eclipse.jdt.ui.CompilationUnitEditor" StartDate="2014-09-16 12:16:12.926 JST" StructureHandle="=SL3/src&amp;lt;sl.utils{Methods.java[Methods~import_Data_Genres~QActivity;~QDialog;~QDialog;~QDialog;" StructureKind="java" NumEvents="37" CreationCount="81"/><InteractionEvent Delta="null" EndDate="2014-09-16 12:27:52.443 JST" Interest="11.0" Kind="selection" Navigation="null" OriginId="org.eclipse.jdt.ui.CompilationUnitEditor" StartDate="2014-09-16 12:16:10.817 JST" StructureHandle="=SL3/src&amp;lt;sl.utils{Methods.java[Methods~import_Data_Genres~QActivity;~QDialog;~QDialog;~QDialog;" StructureKind="java" NumEvents="11" CreationCount="81"/><InteractionEvent Delta="null" EndDate="2014-09-16 15:54:14.574 JST" Interest="890.01697" Kind="propagation" Navigation="null" OriginId="org.eclipse.jdt.ui.CompilationUnitEditor" StartDate="2014-09-16 12:13:35.161 JST" StructureHandle="/SL3/src/sl/listeners" StructureKind="resource" NumEvents="891" CreationCount="6"/><InteractionEvent Delta="null" EndDate="2014-09-16 12:17:38.305 JST" Interest="2.0" Kind="selection" Navigation="null" OriginId="org.eclipse.jdt.ui.CompilationUnitEditor" StartDate="2014-09-16 12:14:44.442 JST" StructureHandle="=SL3/src&amp;lt;sl.utils{CONS.java[CONS[DB^col_Names_Genre" StructureKind="java" NumEvents="2" CreationCount="40"/><InteractionEvent Delta="null" EndDate="2014-09-16 12:17:38.305 JST" Interest="0.41100013" Kind="manipulation" Navigation="null" OriginId="org.eclipse.mylyn.core.model.interest.decay.correction" StartDate="2014-09-16 12:17:38.305 JST" StructureHandle="=SL3/src&amp;lt;sl.utils{CONS.java[CONS[DB^col_Names_Genre" StructureKind="java"/><InteractionEvent Delta="null" EndDate="2014-09-16 12:15:33.443 JST" Interest="1.0" Kind="edit" Navigation="null" OriginId="org.eclipse.jdt.ui.CompilationUnitEditor" StartDate="2014-09-16 12:15:33.443 JST" StructureHandle="=SL3/src&amp;lt;sl.listeners.dialog{DB_OCL.java[DB_OCL" StructureKind="java"/><InteractionEvent Delta="null" EndDate="2014-09-16 12:15:31.678 JST" Interest="1.0" Kind="selection" Navigation="null" OriginId="org.eclipse.jdt.ui.CompilationUnitEditor" StartDate="2014-09-16 12:15:31.678 JST" StructureHandle="=SL3/src&amp;lt;sl.listeners.dialog{DB_OCL.java[DB_OCL" StructureKind="java"/><InteractionEvent Delta="null" EndDate="2014-09-16 12:15:58.334 JST" Interest="3.8679998" Kind="propagation" Navigation="org.eclipse.mylyn.core.model.edges.containment" OriginId="org.eclipse.mylyn.core.model.interest.propagation" StartDate="2014-09-16 12:15:38.229 JST" StructureHandle="=SL3/src&amp;lt;sl.listeners.dialog{DB_OCL.java[DB_OCL" StructureKind="java" NumEvents="7" CreationCount="62"/><InteractionEvent Delta="null" EndDate="2014-09-16 12:56:20.100 JST" Interest="1.0" Kind="selection" Navigation="null" OriginId="org.eclipse.jdt.ui.PackageExplorer" StartDate="2014-09-16 12:56:20.100 JST" StructureHandle="=SL3/src&amp;lt;sl.listeners.dialog{DialogButtonOnTouchListener.java" StructureKind="java"/><InteractionEvent Delta="null" EndDate="2014-09-16 14:35:33.649 JST" Interest="143.0" Kind="propagation" Navigation="null" OriginId="org.eclipse.jdt.ui.CompilationUnitEditor" StartDate="2014-09-16 12:16:04.599 JST" StructureHandle="/SL3/src/sl/utils/Methods.java" StructureKind="resource" NumEvents="143" CreationCount="76"/><InteractionEvent Delta="null" EndDate="2014-09-16 13:08:43.516 JST" Interest="1.0" Kind="selection" Navigation="null" OriginId="org.eclipse.jdt.ui.PackageExplorer" StartDate="2014-09-16 13:08:43.516 JST" StructureHandle="/SL3/res" StructureKind="resource"/><InteractionEvent Delta="null" EndDate="2014-09-16 14:47:59.26 JST" Interest="83.63799" Kind="propagation" Navigation="org.eclipse.mylyn.core.model.edges.containment" OriginId="org.eclipse.mylyn.core.model.interest.propagation" StartDate="2014-09-16 13:08:46.22 JST" StructureHandle="/SL3/res" StructureKind="resource" NumEvents="113" CreationCount="936"/><InteractionEvent Delta="null" EndDate="2014-09-16 12:56:07.426 JST" Interest="3.0" Kind="selection" Navigation="null" OriginId="org.eclipse.jdt.ui.CompilationUnitEditor" StartDate="2014-09-16 12:56:05.320 JST" StructureHandle="=SL3/src&amp;lt;sl.main{TabActv.java[TabActv~_Setup_InitVars" StructureKind="java" NumEvents="3" CreationCount="856"/><InteractionEvent Delta="null" EndDate="2014-09-16 12:14:47.405 JST" Interest="1.0" Kind="selection" Navigation="null" OriginId="org.eclipse.jdt.ui.CompilationUnitEditor" StartDate="2014-09-16 12:14:47.405 JST" StructureHandle="=SL3/src&amp;lt;sl.utils{CONS.java[CONS[DB^col_Names_Genre_full" StructureKind="java"/><InteractionEvent Delta="null" EndDate="2014-09-16 15:57:05.285 JST" Interest="1963.0339" Kind="propagation" Navigation="null" OriginId="org.eclipse.jdt.ui.PackageExplorer" StartDate="2014-09-16 12:13:31.855 JST" StructureHandle="/SL3/src" StructureKind="resource" NumEvents="1965" CreationCount="5"/><InteractionEvent Delta="null" EndDate="2014-09-16 13:25:36.1 JST" Interest="1.0" Kind="selection" Navigation="null" OriginId="org.eclipse.jdt.ui.PackageExplorer" StartDate="2014-09-16 13:25:36.1 JST" StructureHandle="/SL3/res/raw" StructureKind="resource"/><InteractionEvent Delta="null" EndDate="2014-09-16 12:50:43.274 JST" Interest="2.0" Kind="selection" Navigation="null" OriginId="org.eclipse.jdt.ui.CompilationUnitEditor" StartDate="2014-09-16 12:50:41.396 JST" StructureHandle="=SL3/src&amp;lt;sl.utils{CONS.java[CONS" StructureKind="java" NumEvents="2" CreationCount="40"/><InteractionEvent Delta="null" EndDate="2014-09-16 13:33:04.505 JST" Interest="22.205" Kind="propagation" Navigation="org.eclipse.mylyn.core.model.edges.containment" OriginId="org.eclipse.mylyn.core.model.interest.propagation" StartDate="2014-09-16 12:14:44.442 JST" StructureHandle="=SL3/src&amp;lt;sl.utils{CONS.java[CONS" StructureKind="java" NumEvents="38" CreationCount="40"/><InteractionEvent Delta="null" EndDate="2014-09-16 12:50:41.396 JST" Interest="5.6720004" Kind="manipulation" Navigation="null" OriginId="org.eclipse.mylyn.core.model.interest.decay.correction" StartDate="2014-09-16 12:50:41.396 JST" StructureHandle="=SL3/src&amp;lt;sl.utils{CONS.java[CONS" StructureKind="java"/><InteractionEvent Delta="null" EndDate="2014-09-16 12:46:50.600 JST" Interest="3.0" Kind="selection" Navigation="null" OriginId="org.eclipse.jdt.ui.CompilationUnitEditor" StartDate="2014-09-16 12:46:47.575 JST" StructureHandle="=SL3/src&amp;lt;sl.main{TabActv.java[TabActv~prepareItemList" StructureKind="java" NumEvents="3" CreationCount="704"/><InteractionEvent Delta="null" EndDate="2014-09-16 15:54:14.574 JST" Interest="299.0" Kind="edit" Navigation="null" OriginId="org.eclipse.jdt.ui.CompilationUnitEditor" StartDate="2014-09-16 14:36:42.704 JST" StructureHandle="=SL3/src&amp;lt;sl.listeners{TCL.java[TCL~_onTabChanged__ChangeItems__ToSecond" StructureKind="java" NumEvents="299" CreationCount="1588"/><InteractionEvent Delta="null" EndDate="2014-09-16 15:09:13.642 JST" Interest="12.0" Kind="selection" Navigation="null" OriginId="org.eclipse.jdt.ui.CompilationUnitEditor" StartDate="2014-09-16 14:36:41.674 JST" StructureHandle="=SL3/src&amp;lt;sl.listeners{TCL.java[TCL~_onTabChanged__ChangeItems__ToSecond" StructureKind="java" NumEvents="12" CreationCount="1588"/><InteractionEvent Delta="null" EndDate="2014-09-16 15:09:37.830 JST" Interest="27.0" Kind="prediction" Navigation="null" OriginId="org.eclipse.mylyn.resources.ui.interest.updater" StartDate="2014-09-16 12:25:30.817 JST" StructureHandle="/SL3/bin/SL3.apk" StructureKind="resource" NumEvents="27" CreationCount="367"/><InteractionEvent Delta="null" EndDate="2014-09-16 13:17:29.330 JST" Interest="2.0" Kind="edit" Navigation="null" OriginId="org.eclipse.jdt.ui.CompilationUnitEditor" StartDate="2014-09-16 13:17:29.326 JST" StructureHandle="=SL3/src&amp;lt;sl.main{TabActv.java" StructureKind="java" NumEvents="2" CreationCount="375"/><InteractionEvent Delta="null" EndDate="2014-09-16 14:39:10.156 JST" Interest="23.0" Kind="selection" Navigation="null" OriginId="org.eclipse.jdt.ui.CompilationUnitEditor" StartDate="2014-09-16 12:26:18.776 JST" StructureHandle="=SL3/src&amp;lt;sl.main{TabActv.java" StructureKind="java" NumEvents="23" CreationCount="375"/><InteractionEvent Delta="null" EndDate="2014-09-16 14:39:38.172 JST" Interest="135.484" Kind="propagation" Navigation="org.eclipse.mylyn.core.model.edges.containment" OriginId="org.eclipse.mylyn.core.model.interest.propagation" StartDate="2014-09-16 12:26:24.867 JST" StructureHandle="=SL3/src&amp;lt;sl.main{TabActv.java" StructureKind="java" NumEvents="194" CreationCount="375"/><InteractionEvent Delta="null" EndDate="2014-09-16 12:14:12.25 JST" Interest="2.0" Kind="propagation" Navigation="null" OriginId="org.eclipse.jdt.ui.CompilationUnitEditor" StartDate="2014-09-16 12:14:11.288 JST" StructureHandle="/SL3/src/sl/utils/Tags.java" StructureKind="resource" NumEvents="2" CreationCount="25"/><InteractionEvent Delta="null" EndDate="2014-09-16 12:51:22.218 JST" Interest="1.0" Kind="selection" Navigation="null" OriginId="org.eclipse.jdt.ui.CompilationUnitEditor" StartDate="2014-09-16 12:51:22.218 JST" StructureHandle="=SL3/src&amp;lt;sl.utils{CONS.java[CONS[TabActv^menu" StructureKind="java"/><InteractionEvent Delta="null" EndDate="2014-09-16 12:17:44.981 JST" Interest="1.0" Kind="selection" Navigation="null" OriginId="org.eclipse.jdt.ui.CompilationUnitEditor" StartDate="2014-09-16 12:17:44.981 JST" StructureHandle="=SL3/src&amp;lt;sl.utils{CONS.java[CONS[DB^columns_for_table_genres" StructureKind="java"/><InteractionEvent Delta="null" EndDate="2014-09-16 13:19:05.564 JST" Interest="5.0" Kind="edit" Navigation="null" OriginId="org.eclipse.jdt.ui.CompilationUnitEditor" StartDate="2014-09-16 13:18:42.305 JST" StructureHandle="=SL3/src&amp;lt;sl.utils{CONS.java[CONS[TabActv^tabID_1st" StructureKind="java" NumEvents="5" CreationCount="1121"/><InteractionEvent Delta="null" EndDate="2014-09-16 13:18:56.186 JST" Interest="3.0" Kind="selection" Navigation="null" OriginId="org.eclipse.jdt.ui.CompilationUnitEditor" StartDate="2014-09-16 13:18:41.98 JST" StructureHandle="=SL3/src&amp;lt;sl.utils{CONS.java[CONS[TabActv^tabID_Current!2" StructureKind="java" NumEvents="3" CreationCount="1121"/><InteractionEvent Delta="null" EndDate="2014-09-16 13:48:24.680 JST" Interest="3.0" Kind="prediction" Navigation="null" OriginId="org.eclipse.mylyn.resources.ui.interest.updater" StartDate="2014-09-16 13:18:13.215 JST" StructureHandle="/SL3/bin/resources.ap_" StructureKind="resource" NumEvents="3" CreationCount="1113"/><InteractionEvent Delta="null" EndDate="2014-09-16 12:57:32.162 JST" Interest="11.0" Kind="edit" Navigation="null" OriginId="org.eclipse.jdt.ui.CompilationUnitEditor" StartDate="2014-09-16 12:56:30.269 JST" StructureHandle="=SL3/src&amp;lt;sl.utils{Methods.java[Methods~get_Adp_List_Store~QActivity;" StructureKind="java" NumEvents="11" CreationCount="871"/><InteractionEvent Delta="null" EndDate="2014-09-16 12:56:56.833 JST" Interest="2.0" Kind="selection" Navigation="null" OriginId="org.eclipse.ui.views.ContentOutline" StartDate="2014-09-16 12:56:29.302 JST" StructureHandle="=SL3/src&amp;lt;sl.utils{Methods.java[Methods~get_Adp_List_Store~QActivity;" StructureKind="java" NumEvents="2" CreationCount="871"/><InteractionEvent Delta="null" EndDate="2014-09-16 12:13:30.480 JST" Interest="4.0" Kind="selection" Navigation="null" OriginId="org.eclipse.ui.views.ResourceNavigator" StartDate="2014-09-16 12:13:04.176 JST" StructureHandle="=TA2/src" StructureKind="java" NumEvents="4" CreationCount="1"/><InteractionEvent Delta="null" EndDate="2014-09-16 14:38:38.673 JST" Interest="251.0" Kind="edit" Navigation="null" OriginId="org.eclipse.jdt.ui.CompilationUnitEditor" StartDate="2014-09-16 12:53:16.81 JST" StructureHandle="=SL3/src&amp;lt;sl.listeners{TCL.java[TCL~onTabChanged~QString;" StructureKind="java" NumEvents="251" CreationCount="773"/><InteractionEvent Delta="null" EndDate="2014-09-16 14:38:34.311 JST" Interest="19.0" Kind="selection" Navigation="null" OriginId="org.eclipse.jdt.ui.CompilationUnitEditor" StartDate="2014-09-16 12:52:30.230 JST" StructureHandle="=SL3/src&amp;lt;sl.listeners{TCL.java[TCL~onTabChanged~QString;" StructureKind="java" NumEvents="19" CreationCount="773"/><InteractionEvent Delta="null" EndDate="2014-09-16 12:14:12.25 JST" Interest="1.0" Kind="propagation" Navigation="org.eclipse.mylyn.core.model.edges.containment" OriginId="org.eclipse.mylyn.core.model.interest.propagation" StartDate="2014-09-16 12:14:12.25 JST" StructureHandle="=SL3/src&amp;lt;sl.utils{Tags.java[Tags" StructureKind="java"/><InteractionEvent Delta="null" EndDate="2014-09-16 12:22:05.725 JST" Interest="15.0" Kind="edit" Navigation="null" OriginId="org.eclipse.jdt.ui.CompilationUnitEditor" StartDate="2014-09-16 12:21:01.673 JST" StructureHandle="=SL3/src&amp;lt;sl.utils{DBUtils.java[DBUtils" StructureKind="java" NumEvents="15" CreationCount="95"/><InteractionEvent Delta="null" EndDate="2014-09-16 12:22:05.720 JST" Interest="11.0" Kind="selection" Navigation="null" OriginId="org.eclipse.jdt.ui.CompilationUnitEditor" StartDate="2014-09-16 12:16:40.804 JST" StructureHandle="=SL3/src&amp;lt;sl.utils{DBUtils.java[DBUtils" StructureKind="java" NumEvents="11" CreationCount="95"/><InteractionEvent Delta="null" EndDate="2014-09-16 12:19:31.137 JST" Interest="39.387" Kind="propagation" Navigation="org.eclipse.mylyn.core.model.edges.containment" OriginId="org.eclipse.mylyn.core.model.interest.propagation" StartDate="2014-09-16 12:16:47.802 JST" StructureHandle="=SL3/src&amp;lt;sl.utils{DBUtils.java[DBUtils" StructureKind="java" NumEvents="57" CreationCount="95"/><InteractionEvent Delta="null" EndDate="2014-09-16 15:57:05.285 JST" Interest="1.0" Kind="selection" Navigation="null" OriginId="org.eclipse.jdt.ui.PackageExplorer" StartDate="2014-09-16 15:57:05.285 JST" StructureHandle="=SL3/src&amp;lt;sl.adapters" StructureKind="java"/></InteractionHistory>