<?xml version="1.0" encoding="UTF-8"?><InteractionHistory Id="local-238" Version="1"><InteractionEvent Delta="null" EndDate="2014-12-06 16:47:04.649 JST" Interest="1.0" Kind="propagation" Navigation="org.eclipse.mylyn.core.model.edges.containment" OriginId="org.eclipse.mylyn.core.model.interest.propagation" StartDate="2014-12-06 16:47:04.649 JST" StructureHandle="=CutPlanner_A" StructureKind="resource"/><InteractionEvent Delta="null" EndDate="2014-12-06 16:51:47.455 JST" Interest="1.0" Kind="selection" Navigation="null" OriginId="org.eclipse.jdt.ui.CompilationUnitEditor" StartDate="2014-12-06 16:51:47.455 JST" StructureHandle="=IFM11/src&amp;lt;ifm11.utils{Methods_dlg.java[Methods_dlg" StructureKind="java"/><InteractionEvent Delta="null" EndDate="2014-12-06 18:48:32.664 JST" Interest="1.0" Kind="selection" Navigation="null" OriginId="org.eclipse.ui.views.ContentOutline" StartDate="2014-12-06 18:48:32.664 JST" StructureHandle="=IFM11/src&amp;lt;ifm11.utils{Methods.java[Methods~confirm_quit~QActivity;~I" StructureKind="java"/><InteractionEvent Delta="null" EndDate="2014-12-07 08:46:08.219 JST" Interest="233.448" Kind="propagation" Navigation="org.eclipse.mylyn.core.model.edges.containment" OriginId="org.eclipse.mylyn.core.model.interest.propagation" StartDate="2014-12-06 16:47:11.514 JST" StructureHandle="=IFM11/src&amp;lt;ifm11.views" StructureKind="java" NumEvents="338" CreationCount="214"/><InteractionEvent Delta="null" EndDate="2014-12-06 16:47:09.911 JST" Interest="1.0" Kind="selection" Navigation="null" OriginId="org.eclipse.jdt.ui.PackageExplorer" StartDate="2014-12-06 16:47:09.911 JST" StructureHandle="=IFM11/src&amp;lt;ifm11.views" StructureKind="java"/><InteractionEvent Delta="null" EndDate="2014-12-06 19:13:23.336 JST" Interest="5.0" Kind="selection" Navigation="null" OriginId="org.eclipse.jdt.ui.CompilationUnitEditor" StartDate="2014-12-06 08:50:44.410 JST" StructureHandle="=IFM11/src&amp;lt;ifm11.utils{Methods.java[Methods~adj_Pixel_Values~QActivity;~\[I~I~I" StructureKind="java" NumEvents="5" CreationCount="112"/><InteractionEvent Delta="null" EndDate="2014-12-06 19:13:25.196 JST" Interest="68.0" Kind="edit" Navigation="null" OriginId="org.eclipse.jdt.ui.CompilationUnitEditor" StartDate="2014-12-06 08:50:46.296 JST" StructureHandle="=IFM11/src&amp;lt;ifm11.utils{Methods.java[Methods~adj_Pixel_Values~QActivity;~\[I~I~I" StructureKind="java" NumEvents="68" CreationCount="112"/><InteractionEvent Delta="null" EndDate="2014-12-06 19:03:17.296 JST" Interest="115.0" Kind="propagation" Navigation="null" OriginId="org.eclipse.jdt.ui.CompilationUnitEditor" StartDate="2014-12-06 16:49:29.359 JST" StructureHandle="/IFM11/src/ifm11/utils/CONS.java" StructureKind="resource" NumEvents="115" CreationCount="264"/><InteractionEvent Delta="null" EndDate="2014-12-07 08:46:08.217 JST" Interest="443.017" Kind="propagation" Navigation="org.eclipse.mylyn.core.model.edges.containment" OriginId="org.eclipse.mylyn.core.model.interest.propagation" StartDate="2014-12-06 16:47:09.911 JST" StructureHandle="/IFM11/src/ifm11/views" StructureKind="resource" NumEvents="444" CreationCount="214"/><InteractionEvent Delta="null" EndDate="2014-12-06 08:49:03.358 JST" Interest="4.0" Kind="selection" Navigation="null" OriginId="org.eclipse.jdt.ui.CompilationUnitEditor" StartDate="2014-12-06 08:46:21.704 JST" StructureHandle="=IFM11/src&amp;lt;ifm11.utils{Methods.java[Methods~get_Max~\[I" StructureKind="java" NumEvents="4" CreationCount="27"/><InteractionEvent Delta="null" EndDate="2014-12-06 08:47:14.672 JST" Interest="20.0" Kind="edit" Navigation="null" OriginId="org.eclipse.jdt.ui.CompilationUnitEditor" StartDate="2014-12-06 08:46:23.909 JST" StructureHandle="=IFM11/src&amp;lt;ifm11.utils{Methods.java[Methods~get_Max~\[I" StructureKind="java" NumEvents="20" CreationCount="27"/><InteractionEvent Delta="null" EndDate="2014-12-06 18:48:53.498 JST" Interest="2.0" Kind="selection" Navigation="null" OriginId="org.eclipse.jdt.ui.CompilationUnitEditor" StartDate="2014-12-06 18:48:53.495 JST" StructureHandle="=IFM11/src&amp;lt;ifm11.listeners.dialog{DOI_CL.java[DOI_CL~case_ACTV_CANVAS_OPS~QListItem;" StructureKind="java" NumEvents="2" CreationCount="658"/><InteractionEvent Delta="null" EndDate="2014-12-06 18:48:54.742 JST" Interest="1.0" Kind="edit" Navigation="null" OriginId="org.eclipse.jdt.ui.CompilationUnitEditor" StartDate="2014-12-06 18:48:54.742 JST" StructureHandle="=IFM11/src&amp;lt;ifm11.listeners.dialog{DOI_CL.java[DOI_CL~case_ACTV_CANVAS_OPS~QListItem;" StructureKind="java"/><InteractionEvent Delta="null" EndDate="2014-12-06 16:50:15.780 JST" Interest="1.0" Kind="selection" Navigation="null" OriginId="org.eclipse.jdt.ui.CompilationUnitEditor" StartDate="2014-12-06 16:50:15.780 JST" StructureHandle="=IFM11/src&amp;lt;ifm11.utils{CONS.java[CONS[Canvas^DrawA" StructureKind="java"/><InteractionEvent Delta="null" EndDate="2014-12-06 16:50:15.780 JST" Interest="1.0" Kind="edit" Navigation="null" OriginId="org.eclipse.jdt.ui.CompilationUnitEditor" StartDate="2014-12-06 16:50:15.780 JST" StructureHandle="=IFM11/src&amp;lt;ifm11.utils{CONS.java[CONS[Canvas^DrawA" StructureKind="java"/><InteractionEvent Delta="null" EndDate="2014-12-06 19:13:35.490 JST" Interest="201.9" Kind="propagation" Navigation="org.eclipse.mylyn.core.model.edges.containment" OriginId="org.eclipse.mylyn.core.model.interest.propagation" StartDate="2014-12-06 08:45:08.763 JST" StructureHandle="=IFM11/src&amp;lt;ifm11.utils{Methods.java[Methods" StructureKind="java" NumEvents="279" CreationCount="3"/><InteractionEvent Delta="null" EndDate="2014-12-06 08:46:28.925 JST" Interest="1.0" Kind="selection" Navigation="null" OriginId="org.eclipse.jdt.ui.CompilationUnitEditor" StartDate="2014-12-06 08:46:28.925 JST" StructureHandle="=IFM11/src&amp;lt;ifm11.utils{Methods.java[Methods" StructureKind="java"/><InteractionEvent Delta="null" EndDate="2014-12-06 18:38:57.356 JST" Interest="8.019" Kind="propagation" Navigation="org.eclipse.mylyn.core.model.edges.containment" OriginId="org.eclipse.mylyn.core.model.interest.propagation" StartDate="2014-12-06 16:52:02.715 JST" StructureHandle="=IFM11/src&amp;lt;ifm11.main" StructureKind="java" NumEvents="10" CreationCount="370"/><InteractionEvent Delta="null" EndDate="2014-12-06 16:52:58.676 JST" Interest="42.000004" Kind="propagation" Navigation="org.eclipse.mylyn.core.model.edges.containment" OriginId="org.eclipse.mylyn.core.model.interest.propagation" StartDate="2014-12-06 16:49:34.91 JST" StructureHandle="=IFM11/src&amp;lt;ifm11.utils{CONS.java[CONS" StructureKind="java" NumEvents="58" CreationCount="267"/><InteractionEvent Delta="null" EndDate="2014-12-06 16:52:54.586 JST" Interest="1.0" Kind="selection" Navigation="null" OriginId="org.eclipse.jdt.ui.CompilationUnitEditor" StartDate="2014-12-06 16:52:54.586 JST" StructureHandle="=IFM11/src&amp;lt;ifm11.utils{CONS.java[CONS" StructureKind="java"/><InteractionEvent Delta="null" EndDate="2014-12-06 16:52:54.586 JST" Interest="1.0" Kind="edit" Navigation="null" OriginId="org.eclipse.jdt.ui.CompilationUnitEditor" StartDate="2014-12-06 16:52:54.586 JST" StructureHandle="=IFM11/src&amp;lt;ifm11.utils{CONS.java[CONS" StructureKind="java"/><InteractionEvent Delta="null" EndDate="2014-12-06 16:51:47.455 JST" Interest="0.01700002" Kind="propagation" Navigation="org.eclipse.mylyn.core.model.edges.containment" OriginId="org.eclipse.mylyn.core.model.interest.propagation" StartDate="2014-12-06 16:51:47.455 JST" StructureHandle="=IFM11/src&amp;lt;ifm11.utils{Methods_dlg.java" StructureKind="java"/><InteractionEvent Delta="null" EndDate="2014-12-06 16:52:36.563 JST" Interest="3.0" Kind="selection" Navigation="null" OriginId="org.eclipse.jdt.ui.CompilationUnitEditor" StartDate="2014-12-06 16:51:46.363 JST" StructureHandle="=IFM11/src&amp;lt;ifm11.utils{Methods_dlg.java" StructureKind="java" NumEvents="3" CreationCount="368"/><InteractionEvent Delta="null" EndDate="2014-12-07 08:46:08.217 JST" Interest="443.0" Kind="propagation" Navigation="null" OriginId="org.eclipse.jdt.ui.CompilationUnitEditor" StartDate="2014-12-06 16:47:11.514 JST" StructureHandle="/IFM11/src/ifm11/views/CV.java" StructureKind="resource" NumEvents="443" CreationCount="215"/><InteractionEvent Delta="null" EndDate="2014-12-06 19:13:35.491 JST" Interest="532.0" Kind="propagation" Navigation="null" OriginId="org.eclipse.jdt.ui.CompilationUnitEditor" StartDate="2014-12-06 08:45:07.175 JST" StructureHandle="/IFM11/src/ifm11/utils" StructureKind="resource" NumEvents="532" CreationCount="1"/><InteractionEvent Delta="null" EndDate="2014-12-06 08:47:45.656 JST" Interest="1.0" Kind="propagation" Navigation="org.eclipse.mylyn.core.model.edges.containment" OriginId="org.eclipse.mylyn.core.model.interest.propagation" StartDate="2014-12-06 08:47:45.656 JST" StructureHandle="/IFM11/bin" StructureKind="resource"/><InteractionEvent Delta="null" EndDate="2014-12-06 18:38:40.151 JST" Interest="1.0" Kind="propagation" Navigation="org.eclipse.mylyn.core.model.edges.containment" OriginId="org.eclipse.mylyn.core.model.interest.propagation" StartDate="2014-12-06 18:38:40.151 JST" StructureHandle="=IFM11/src&amp;lt;ifm11.views{CV.java#" StructureKind="java"/><InteractionEvent Delta="null" EndDate="2014-12-06 18:48:54.743 JST" Interest="1.7170004" Kind="propagation" Navigation="org.eclipse.mylyn.core.model.edges.containment" OriginId="org.eclipse.mylyn.core.model.interest.propagation" StartDate="2014-12-06 18:48:53.496 JST" StructureHandle="=IFM11/src&amp;lt;ifm11.listeners.dialog{DOI_CL.java" StructureKind="java" NumEvents="3" CreationCount="657"/><InteractionEvent Delta="null" EndDate="2014-12-06 18:48:52.574 JST" Interest="1.0" Kind="selection" Navigation="null" OriginId="org.eclipse.jdt.ui.CompilationUnitEditor" StartDate="2014-12-06 18:48:52.574 JST" StructureHandle="=IFM11/src&amp;lt;ifm11.listeners.dialog{DOI_CL.java" StructureKind="java"/><InteractionEvent Delta="null" EndDate="2014-12-06 18:38:49.431 JST" Interest="0.5190003" Kind="manipulation" Navigation="null" OriginId="org.eclipse.mylyn.core.model.interest.decay.correction" StartDate="2014-12-06 18:38:49.431 JST" StructureHandle="/IFM11/src/ifm11/main/CanvasActv.java" StructureKind="resource"/><InteractionEvent Delta="null" EndDate="2014-12-06 18:38:57.355 JST" Interest="10.0" Kind="propagation" Navigation="null" OriginId="org.eclipse.jdt.ui.CompilationUnitEditor" StartDate="2014-12-06 16:52:02.715 JST" StructureHandle="/IFM11/src/ifm11/main/CanvasActv.java" StructureKind="resource" NumEvents="10" CreationCount="370"/><InteractionEvent Delta="null" EndDate="2014-12-06 18:48:54.743 JST" Interest="4.0" Kind="propagation" Navigation="org.eclipse.mylyn.core.model.edges.containment" OriginId="org.eclipse.mylyn.core.model.interest.propagation" StartDate="2014-12-06 18:48:52.574 JST" StructureHandle="/IFM11/src/ifm11/listeners" StructureKind="resource" NumEvents="4" CreationCount="657"/><InteractionEvent Delta="null" EndDate="2014-12-07 08:46:08.220 JST" Interest="991.0" Kind="propagation" Navigation="org.eclipse.mylyn.core.model.edges.containment" OriginId="org.eclipse.mylyn.core.model.interest.propagation" StartDate="2014-12-06 08:45:07.175 JST" StructureHandle="=IFM11" StructureKind="resource" NumEvents="991" CreationCount="1"/><InteractionEvent Delta="null" EndDate="2014-12-06 19:06:40.356 JST" Interest="4.9870005" Kind="manipulation" Navigation="null" OriginId="org.eclipse.mylyn.core.model.interest.decay.correction" StartDate="2014-12-06 18:42:29.406 JST" StructureHandle="=IFM11/src&amp;lt;ifm11.views{CV.java[CV~_go" StructureKind="java" NumEvents="2" CreationCount="479"/><InteractionEvent Delta="null" EndDate="2014-12-06 19:06:40.356 JST" Interest="3.0" Kind="selection" Navigation="null" OriginId="org.eclipse.jdt.ui.CompilationUnitEditor" StartDate="2014-12-06 16:54:53.890 JST" StructureHandle="=IFM11/src&amp;lt;ifm11.views{CV.java[CV~_go" StructureKind="java" NumEvents="3" CreationCount="479"/><InteractionEvent Delta="null" EndDate="2014-12-06 18:38:49.554 JST" Interest="1.802" Kind="manipulation" Navigation="null" OriginId="org.eclipse.mylyn.core.model.interest.decay.correction" StartDate="2014-12-06 18:38:49.554 JST" StructureHandle="=IFM11/src&amp;lt;ifm11.main{CanvasActv.java[CanvasActv~_Setup_Draw" StructureKind="java"/><InteractionEvent Delta="null" EndDate="2014-12-06 18:38:49.554 JST" Interest="2.0" Kind="selection" Navigation="null" OriginId="org.eclipse.jdt.ui.CompilationUnitEditor" StartDate="2014-12-06 16:52:05.477 JST" StructureHandle="=IFM11/src&amp;lt;ifm11.main{CanvasActv.java[CanvasActv~_Setup_Draw" StructureKind="java" NumEvents="2" CreationCount="371"/><InteractionEvent Delta="null" EndDate="2014-12-06 18:38:57.354 JST" Interest="6.0" Kind="edit" Navigation="null" OriginId="org.eclipse.jdt.ui.CompilationUnitEditor" StartDate="2014-12-06 16:52:07.345 JST" StructureHandle="=IFM11/src&amp;lt;ifm11.main{CanvasActv.java[CanvasActv~_Setup_Draw" StructureKind="java" NumEvents="6" CreationCount="371"/><InteractionEvent Delta="null" EndDate="2014-12-06 19:13:35.491 JST" Interest="201.93399" Kind="propagation" Navigation="org.eclipse.mylyn.core.model.edges.containment" OriginId="org.eclipse.mylyn.core.model.interest.propagation" StartDate="2014-12-06 08:45:07.175 JST" StructureHandle="=IFM11/src&amp;lt;ifm11.utils" StructureKind="java" NumEvents="285" CreationCount="1"/><InteractionEvent Delta="null" EndDate="2014-12-06 16:49:27.344 JST" Interest="1.0" Kind="selection" Navigation="null" OriginId="org.eclipse.jdt.ui.PackageExplorer" StartDate="2014-12-06 16:49:27.344 JST" StructureHandle="=IFM11/src&amp;lt;ifm11.utils" StructureKind="java"/><InteractionEvent Delta="null" EndDate="2014-12-07 08:46:08.220 JST" Interest="991.0" Kind="propagation" Navigation="org.eclipse.mylyn.core.model.edges.containment" OriginId="org.eclipse.mylyn.core.model.interest.propagation" StartDate="2014-12-06 08:45:07.175 JST" StructureHandle="/" StructureKind="resource" NumEvents="991" CreationCount="1"/><InteractionEvent Delta="null" EndDate="2014-12-06 18:48:54.744 JST" Interest="2.7170005" Kind="propagation" Navigation="org.eclipse.mylyn.core.model.edges.containment" OriginId="org.eclipse.mylyn.core.model.interest.propagation" StartDate="2014-12-06 18:48:52.574 JST" StructureHandle="=IFM11/src&amp;lt;ifm11.listeners.dialog" StructureKind="java" NumEvents="4" CreationCount="657"/><InteractionEvent Delta="null" EndDate="2014-12-06 18:38:40.697 JST" Interest="1.0" Kind="selection" Navigation="null" OriginId="org.eclipse.jdt.ui.CompilationUnitEditor" StartDate="2014-12-06 18:38:40.697 JST" StructureHandle="=IFM11/src&amp;lt;ifm11.views{CV.java[CV^paint" StructureKind="java"/><InteractionEvent Delta="null" EndDate="2014-12-06 19:13:35.490 JST" Interest="180.234" Kind="propagation" Navigation="org.eclipse.mylyn.core.model.edges.containment" OriginId="org.eclipse.mylyn.core.model.interest.propagation" StartDate="2014-12-06 08:45:12.540 JST" StructureHandle="=IFM11/src&amp;lt;ifm11.utils{Methods.java" StructureKind="java" NumEvents="258" CreationCount="1"/><InteractionEvent Delta="null" EndDate="2014-12-06 19:13:23.153 JST" Interest="22.0" Kind="selection" Navigation="null" OriginId="org.eclipse.jdt.ui.CompilationUnitEditor" StartDate="2014-12-06 08:45:07.174 JST" StructureHandle="=IFM11/src&amp;lt;ifm11.utils{Methods.java" StructureKind="java" NumEvents="22" CreationCount="1"/><InteractionEvent Delta="null" EndDate="2014-12-06 16:52:14.166 JST" Interest="1.0" Kind="edit" Navigation="null" OriginId="org.eclipse.jdt.ui.CompilationUnitEditor" StartDate="2014-12-06 16:52:14.166 JST" StructureHandle="=IFM11/src&amp;lt;ifm11.utils{Methods.java" StructureKind="java"/><InteractionEvent Delta="null" EndDate="2014-12-06 18:48:54.743 JST" Interest="4.0" Kind="propagation" Navigation="org.eclipse.mylyn.core.model.edges.containment" OriginId="org.eclipse.mylyn.core.model.interest.propagation" StartDate="2014-12-06 18:48:52.574 JST" StructureHandle="/IFM11/src/ifm11/listeners/dialog" StructureKind="resource" NumEvents="4" CreationCount="657"/><InteractionEvent Delta="null" EndDate="2014-12-06 19:03:15.590 JST" Interest="1.0" Kind="selection" Navigation="null" OriginId="org.eclipse.jdt.ui.CompilationUnitEditor" StartDate="2014-12-06 19:03:15.590 JST" StructureHandle="=IFM11/src&amp;lt;ifm11.utils{CONS.java[CONS[Canvas^col_R_adj!2" StructureKind="java"/><InteractionEvent Delta="null" EndDate="2014-12-06 19:03:16.598 JST" Interest="3.0" Kind="edit" Navigation="null" OriginId="org.eclipse.jdt.ui.CompilationUnitEditor" StartDate="2014-12-06 19:03:15.595 JST" StructureHandle="=IFM11/src&amp;lt;ifm11.utils{CONS.java[CONS[Canvas^col_R_adj!2" StructureKind="java" NumEvents="3" CreationCount="812"/><InteractionEvent Delta="null" EndDate="2014-12-06 16:51:10.472 JST" Interest="37.351" Kind="propagation" Navigation="org.eclipse.mylyn.core.model.edges.containment" OriginId="org.eclipse.mylyn.core.model.interest.propagation" StartDate="2014-12-06 16:49:34.700 JST" StructureHandle="=IFM11/src&amp;lt;ifm11.utils{CONS.java" StructureKind="java" NumEvents="53" CreationCount="264"/><InteractionEvent Delta="null" EndDate="2014-12-06 19:03:10.645 JST" Interest="14.0" Kind="selection" Navigation="null" OriginId="org.eclipse.jdt.ui.CompilationUnitEditor" StartDate="2014-12-06 16:49:29.359 JST" StructureHandle="=IFM11/src&amp;lt;ifm11.utils{CONS.java" StructureKind="java" NumEvents="14" CreationCount="264"/><InteractionEvent Delta="null" EndDate="2014-12-06 19:03:13.562 JST" Interest="1.0" Kind="selection" Navigation="null" OriginId="org.eclipse.jdt.ui.CompilationUnitEditor" StartDate="2014-12-06 19:03:13.562 JST" StructureHandle="=IFM11/src&amp;lt;ifm11.utils{CONS.java[CONS[Canvas^col_R_adj!3" StructureKind="java"/><InteractionEvent Delta="null" EndDate="2014-12-06 19:03:13.565 JST" Interest="1.0" Kind="edit" Navigation="null" OriginId="org.eclipse.jdt.ui.CompilationUnitEditor" StartDate="2014-12-06 19:03:13.565 JST" StructureHandle="=IFM11/src&amp;lt;ifm11.utils{CONS.java[CONS[Canvas^col_R_adj!3" StructureKind="java"/><InteractionEvent Delta="null" EndDate="2014-12-06 16:49:32.344 JST" Interest="1.0" Kind="selection" Navigation="null" OriginId="org.eclipse.ui.views.ContentOutline" StartDate="2014-12-06 16:49:32.344 JST" StructureHandle="=IFM11/src&amp;lt;ifm11.utils{CONS.java%ifm11.utils" StructureKind="java"/><InteractionEvent Delta="null" EndDate="2014-12-06 18:38:49.431 JST" Interest="1.7850001" Kind="manipulation" Navigation="null" OriginId="org.eclipse.mylyn.core.model.interest.decay.correction" StartDate="2014-12-06 18:38:49.431 JST" StructureHandle="=IFM11/src&amp;lt;ifm11.main{CanvasActv.java" StructureKind="java"/><InteractionEvent Delta="null" EndDate="2014-12-06 18:38:57.355 JST" Interest="4.234" Kind="propagation" Navigation="org.eclipse.mylyn.core.model.edges.containment" OriginId="org.eclipse.mylyn.core.model.interest.propagation" StartDate="2014-12-06 16:52:05.477 JST" StructureHandle="=IFM11/src&amp;lt;ifm11.main{CanvasActv.java" StructureKind="java" NumEvents="8" CreationCount="370"/><InteractionEvent Delta="null" EndDate="2014-12-06 18:38:49.431 JST" Interest="2.0" Kind="selection" Navigation="null" OriginId="org.eclipse.jdt.ui.CompilationUnitEditor" StartDate="2014-12-06 16:52:02.715 JST" StructureHandle="=IFM11/src&amp;lt;ifm11.main{CanvasActv.java" StructureKind="java" NumEvents="2" CreationCount="370"/><InteractionEvent Delta="null" EndDate="2014-12-06 18:48:54.743 JST" Interest="2.7000003" Kind="propagation" Navigation="org.eclipse.mylyn.core.model.edges.containment" OriginId="org.eclipse.mylyn.core.model.interest.propagation" StartDate="2014-12-06 18:48:53.496 JST" StructureHandle="=IFM11/src&amp;lt;ifm11.listeners.dialog{DOI_CL.java[DOI_CL" StructureKind="java" NumEvents="3" CreationCount="658"/><InteractionEvent Delta="null" EndDate="2014-12-06 19:15:32.320 JST" Interest="15.0" Kind="prediction" Navigation="null" OriginId="org.eclipse.mylyn.resources.ui.interest.updater" StartDate="2014-12-06 08:47:45.655 JST" StructureHandle="/IFM11/bin/IFM11.apk" StructureKind="resource" NumEvents="15" CreationCount="59"/><InteractionEvent Delta="null" EndDate="2014-12-06 19:03:00.809 JST" Interest="1.5300007" Kind="manipulation" Navigation="null" OriginId="org.eclipse.mylyn.core.model.interest.decay.correction" StartDate="2014-12-06 19:03:00.809 JST" StructureHandle="=IFM11/src&amp;lt;ifm11.utils{CONS.java[CONS[Canvas^f_RGB_Lines" StructureKind="java"/><InteractionEvent Delta="null" EndDate="2014-12-06 19:03:10.703 JST" Interest="5.0" Kind="selection" Navigation="null" OriginId="org.eclipse.jdt.ui.CompilationUnitEditor" StartDate="2014-12-06 16:52:57.785 JST" StructureHandle="=IFM11/src&amp;lt;ifm11.utils{CONS.java[CONS[Canvas^f_RGB_Lines" StructureKind="java" NumEvents="5" CreationCount="410"/><InteractionEvent Delta="null" EndDate="2014-12-06 19:15:32.320 JST" Interest="15.0" Kind="prediction" Navigation="null" OriginId="org.eclipse.mylyn.resources.ui.interest.updater" StartDate="2014-12-06 08:47:45.655 JST" StructureHandle="/IFM11/bin/classes.dex" StructureKind="resource" NumEvents="15" CreationCount="59"/><InteractionEvent Delta="null" EndDate="2014-12-06 16:52:36.563 JST" Interest="4.0" Kind="propagation" Navigation="null" OriginId="org.eclipse.jdt.ui.CompilationUnitEditor" StartDate="2014-12-06 16:51:46.363 JST" StructureHandle="/IFM11/src/ifm11/utils/Methods_dlg.java" StructureKind="resource" NumEvents="4" CreationCount="368"/><InteractionEvent Delta="null" EndDate="2014-12-06 19:03:11.301 JST" Interest="7.0" Kind="selection" Navigation="null" OriginId="org.eclipse.jdt.ui.CompilationUnitEditor" StartDate="2014-12-06 16:50:59.898 JST" StructureHandle="=IFM11/src&amp;lt;ifm11.utils{CONS.java[CONS[Canvas^col_R_adj" StructureKind="java" NumEvents="7" CreationCount="339"/><InteractionEvent Delta="null" EndDate="2014-12-06 19:03:11.311 JST" Interest="8.0" Kind="edit" Navigation="null" OriginId="org.eclipse.jdt.ui.CompilationUnitEditor" StartDate="2014-12-06 16:50:59.898 JST" StructureHandle="=IFM11/src&amp;lt;ifm11.utils{CONS.java[CONS[Canvas^col_R_adj" StructureKind="java" NumEvents="8" CreationCount="339"/><InteractionEvent Delta="null" EndDate="2014-12-06 18:49:06.823 JST" Interest="5.0" Kind="selection" Navigation="null" OriginId="org.eclipse.jdt.ui.CompilationUnitEditor" StartDate="2014-12-06 18:48:39.950 JST" StructureHandle="=IFM11/src&amp;lt;ifm11.utils{Methods.java[Methods~get_DirList~QString;" StructureKind="java" NumEvents="5" CreationCount="651"/><InteractionEvent Delta="null" EndDate="2014-12-06 18:48:40.874 JST" Interest="1.0" Kind="edit" Navigation="null" OriginId="org.eclipse.jdt.ui.CompilationUnitEditor" StartDate="2014-12-06 18:48:40.874 JST" StructureHandle="=IFM11/src&amp;lt;ifm11.utils{Methods.java[Methods~get_DirList~QString;" StructureKind="java"/><InteractionEvent Delta="null" EndDate="2014-12-06 16:49:39.194 JST" Interest="1.0" Kind="selection" Navigation="null" OriginId="org.eclipse.jdt.ui.CompilationUnitEditor" StartDate="2014-12-06 16:49:39.194 JST" StructureHandle="=IFM11/src&amp;lt;ifm11.utils{CONS.java[CONS[Canvas[ChosenObj^Cir_A" StructureKind="java"/><InteractionEvent Delta="null" EndDate="2014-12-06 16:49:39.194 JST" Interest="1.0" Kind="edit" Navigation="null" OriginId="org.eclipse.jdt.ui.CompilationUnitEditor" StartDate="2014-12-06 16:49:39.194 JST" StructureHandle="=IFM11/src&amp;lt;ifm11.utils{CONS.java[CONS[Canvas[ChosenObj^Cir_A" StructureKind="java"/><InteractionEvent Delta="null" EndDate="2014-12-06 18:38:57.355 JST" Interest="8.002" Kind="propagation" Navigation="org.eclipse.mylyn.core.model.edges.containment" OriginId="org.eclipse.mylyn.core.model.interest.propagation" StartDate="2014-12-06 16:52:05.477 JST" StructureHandle="=IFM11/src&amp;lt;ifm11.main{CanvasActv.java[CanvasActv" StructureKind="java" NumEvents="8" CreationCount="371"/><InteractionEvent Delta="null" EndDate="2014-12-06 08:50:09.555 JST" Interest="1.0" Kind="selection" Navigation="null" OriginId="org.eclipse.jdt.ui.CompilationUnitEditor" StartDate="2014-12-06 08:50:09.555 JST" StructureHandle="=IFM11/src&amp;lt;ifm11.utils{Methods.java[Methods~importData_From_IFM10~QActivity;~QDialog;" StructureKind="java"/><InteractionEvent Delta="null" EndDate="2014-12-06 18:38:42.181 JST" Interest="2.0" Kind="selection" Navigation="null" OriginId="org.eclipse.jdt.ui.CompilationUnitEditor" StartDate="2014-12-06 18:38:08.810 JST" StructureHandle="=IFM11/src&amp;lt;ifm11.views{CV.java[CV~CV~QContext;~QAttributeSet;" StructureKind="java" NumEvents="2" CreationCount="565"/><InteractionEvent Delta="null" EndDate="2014-12-06 18:38:57.355 JST" Interest="10.519" Kind="propagation" Navigation="org.eclipse.mylyn.core.model.edges.containment" OriginId="org.eclipse.mylyn.core.model.interest.propagation" StartDate="2014-12-06 16:52:02.715 JST" StructureHandle="/IFM11/src/ifm11/main" StructureKind="resource" NumEvents="10" CreationCount="370"/><InteractionEvent Delta="null" EndDate="2014-12-07 08:46:08.218 JST" Interest="208.431" Kind="propagation" Navigation="org.eclipse.mylyn.core.model.edges.containment" OriginId="org.eclipse.mylyn.core.model.interest.propagation" StartDate="2014-12-06 16:47:17.366 JST" StructureHandle="=IFM11/src&amp;lt;ifm11.views{CV.java" StructureKind="java" NumEvents="301" CreationCount="215"/><InteractionEvent Delta="null" EndDate="2014-12-06 19:13:36.53 JST" Interest="26.0" Kind="selection" Navigation="null" OriginId="org.eclipse.jdt.ui.CompilationUnitEditor" StartDate="2014-12-06 16:47:11.514 JST" StructureHandle="=IFM11/src&amp;lt;ifm11.views{CV.java" StructureKind="java" NumEvents="26" CreationCount="215"/><InteractionEvent Delta="null" EndDate="2014-12-06 18:38:36.386 JST" Interest="13.0" Kind="selection" Navigation="null" OriginId="org.eclipse.jdt.ui.CompilationUnitEditor" StartDate="2014-12-06 16:47:16.602 JST" StructureHandle="=IFM11/src&amp;lt;ifm11.views{CV.java[CV~onDraw~QCanvas;" StructureKind="java" NumEvents="13" CreationCount="218"/><InteractionEvent Delta="null" EndDate="2014-12-06 18:38:06.17 JST" Interest="57.0" Kind="edit" Navigation="null" OriginId="org.eclipse.jdt.ui.CompilationUnitEditor" StartDate="2014-12-06 16:47:17.335 JST" StructureHandle="=IFM11/src&amp;lt;ifm11.views{CV.java[CV~onDraw~QCanvas;" StructureKind="java" NumEvents="57" CreationCount="218"/><InteractionEvent Delta="null" EndDate="2014-12-06 18:38:58.739 JST" Interest="2.0" Kind="selection" Navigation="null" OriginId="org.eclipse.jdt.ui.CompilationUnitEditor" StartDate="2014-12-06 18:38:44.189 JST" StructureHandle="=IFM11/src&amp;lt;ifm11.views{CV.java[CV~drawLine~F~F~F~F~QPaint;" StructureKind="java" NumEvents="2" CreationCount="574"/><InteractionEvent Delta="null" EndDate="2014-12-06 18:48:54.743 JST" Interest="4.0" Kind="propagation" Navigation="null" OriginId="org.eclipse.jdt.ui.CompilationUnitEditor" StartDate="2014-12-06 18:48:52.574 JST" StructureHandle="/IFM11/src/ifm11/listeners/dialog/DOI_CL.java" StructureKind="resource" NumEvents="4" CreationCount="657"/><InteractionEvent Delta="null" EndDate="2014-12-06 16:49:49.634 JST" Interest="1.0" Kind="selection" Navigation="null" OriginId="org.eclipse.jdt.ui.CompilationUnitEditor" StartDate="2014-12-06 16:49:49.634 JST" StructureHandle="=IFM11/src&amp;lt;ifm11.utils{CONS.java[CONS[Canvas^x_Down" StructureKind="java"/><InteractionEvent Delta="null" EndDate="2014-12-06 16:49:49.634 JST" Interest="1.0" Kind="edit" Navigation="null" OriginId="org.eclipse.jdt.ui.CompilationUnitEditor" StartDate="2014-12-06 16:49:49.634 JST" StructureHandle="=IFM11/src&amp;lt;ifm11.utils{CONS.java[CONS[Canvas^x_Down" StructureKind="java"/><InteractionEvent Delta="null" EndDate="2014-12-06 16:52:55.897 JST" Interest="8.0" Kind="selection" Navigation="null" OriginId="org.eclipse.jdt.ui.CompilationUnitEditor" StartDate="2014-12-06 16:49:34.91 JST" StructureHandle="=IFM11/src&amp;lt;ifm11.utils{CONS.java[CONS[Canvas" StructureKind="java" NumEvents="8" CreationCount="267"/><InteractionEvent Delta="null" EndDate="2014-12-06 16:52:55.897 JST" Interest="51.0" Kind="edit" Navigation="null" OriginId="org.eclipse.jdt.ui.CompilationUnitEditor" StartDate="2014-12-06 16:49:34.232 JST" StructureHandle="=IFM11/src&amp;lt;ifm11.utils{CONS.java[CONS[Canvas" StructureKind="java" NumEvents="51" CreationCount="267"/><InteractionEvent Delta="null" EndDate="2014-12-06 19:13:28.509 JST" Interest="23.0" Kind="selection" Navigation="null" OriginId="org.eclipse.jdt.ui.CompilationUnitEditor" StartDate="2014-12-06 08:45:08.763 JST" StructureHandle="=IFM11/src&amp;lt;ifm11.utils{Methods.java[Methods~show_RGB~QActivity;" StructureKind="java" NumEvents="23" CreationCount="3"/><InteractionEvent Delta="null" EndDate="2014-12-06 19:13:35.489 JST" Interest="257.0" Kind="edit" Navigation="null" OriginId="org.eclipse.jdt.ui.CompilationUnitEditor" StartDate="2014-12-06 08:45:11.594 JST" StructureHandle="=IFM11/src&amp;lt;ifm11.utils{Methods.java[Methods~show_RGB~QActivity;" StructureKind="java" NumEvents="257" CreationCount="3"/><InteractionEvent Delta="null" EndDate="2014-12-06 16:47:04.649 JST" Interest="1.0" Kind="selection" Navigation="null" OriginId="org.eclipse.ui.views.ResourceNavigator" StartDate="2014-12-06 16:47:04.649 JST" StructureHandle="=CutPlanner_A/gen" StructureKind="java"/><InteractionEvent Delta="null" EndDate="2014-12-06 16:47:14.324 JST" Interest="1.0" Kind="selection" Navigation="null" OriginId="org.eclipse.ui.views.ContentOutline" StartDate="2014-12-06 16:47:14.324 JST" StructureHandle="=IFM11/src&amp;lt;ifm11.views{CV.java%ifm11.views" StructureKind="java"/><InteractionEvent Delta="null" EndDate="2014-12-07 08:46:08.217 JST" Interest="219.37999" Kind="propagation" Navigation="org.eclipse.mylyn.core.model.edges.containment" OriginId="org.eclipse.mylyn.core.model.interest.propagation" StartDate="2014-12-06 16:47:16.602 JST" StructureHandle="=IFM11/src&amp;lt;ifm11.views{CV.java[CV" StructureKind="java" NumEvents="308" CreationCount="218"/><InteractionEvent Delta="null" EndDate="2014-12-06 19:08:53.414 JST" Interest="15.0" Kind="selection" Navigation="null" OriginId="org.eclipse.jdt.ui.CompilationUnitEditor" StartDate="2014-12-06 16:53:24.343 JST" StructureHandle="=IFM11/src&amp;lt;ifm11.views{CV.java[CV" StructureKind="java" NumEvents="15" CreationCount="218"/><InteractionEvent Delta="null" EndDate="2014-12-06 18:38:40.123 JST" Interest="1.0" Kind="selection" Navigation="null" OriginId="org.eclipse.jdt.ui.CompilationUnitEditor" StartDate="2014-12-06 18:38:40.123 JST" StructureHandle="=IFM11/src&amp;lt;ifm11.views{CV.java#android.graphics.Paint" StructureKind="java"/><InteractionEvent Delta="null" EndDate="2014-12-07 08:46:08.220 JST" Interest="991.0" Kind="propagation" Navigation="null" OriginId="org.eclipse.jdt.ui.CompilationUnitEditor" StartDate="2014-12-06 08:45:07.175 JST" StructureHandle="/IFM11/src" StructureKind="resource" NumEvents="991" CreationCount="1"/><InteractionEvent Delta="null" EndDate="2014-12-06 16:48:07.703 JST" Interest="1.0" Kind="selection" Navigation="null" OriginId="org.eclipse.jdt.ui.CompilationUnitEditor" StartDate="2014-12-06 16:48:07.703 JST" StructureHandle="=IFM11/src&amp;lt;ifm11.views{CV.java[CV^f_RGB_Lines" StructureKind="java"/><InteractionEvent Delta="null" EndDate="2014-12-06 18:48:40.276 JST" Interest="3.0" Kind="selection" Navigation="null" OriginId="org.eclipse.jdt.ui.CompilationUnitEditor" StartDate="2014-12-06 18:48:34.18 JST" StructureHandle="=IFM11/src&amp;lt;ifm11.utils{Methods.java[Methods~add_Memo_to_GridView~QActivity;~QDialog;~QString;" StructureKind="java" NumEvents="3" CreationCount="650"/><InteractionEvent Delta="null" EndDate="2014-12-06 19:13:35.491 JST" Interest="532.0" Kind="propagation" Navigation="org.eclipse.mylyn.core.model.edges.containment" OriginId="org.eclipse.mylyn.core.model.interest.propagation" StartDate="2014-12-06 08:45:07.175 JST" StructureHandle="/IFM11/src/ifm11" StructureKind="resource" NumEvents="532" CreationCount="1"/><InteractionEvent Delta="null" EndDate="2014-12-06 19:13:35.490 JST" Interest="412.0" Kind="propagation" Navigation="null" OriginId="org.eclipse.jdt.ui.CompilationUnitEditor" StartDate="2014-12-06 08:45:07.175 JST" StructureHandle="/IFM11/src/ifm11/utils/Methods.java" StructureKind="resource" NumEvents="412" CreationCount="1"/><InteractionEvent Delta="null" EndDate="2014-12-06 16:52:58.676 JST" Interest="3.0" Kind="edit" Navigation="null" OriginId="org.eclipse.jdt.ui.CompilationUnitEditor" StartDate="2014-12-06 16:52:57.785 JST" StructureHandle="=IFM11/src&amp;lt;ifm11.utils{CONS.java[CONS[Canvas^Draw_Rect_A" StructureKind="java" NumEvents="3" CreationCount="410"/><InteractionEvent Delta="null" EndDate="2014-12-06 16:47:04.649 JST" Interest="1.0" Kind="propagation" Navigation="null" OriginId="org.eclipse.ui.views.ResourceNavigator" StartDate="2014-12-06 16:47:04.649 JST" StructureHandle="/CutPlanner_A/gen" StructureKind="resource"/><InteractionEvent Delta="null" EndDate="2014-12-07 08:46:08.219 JST" Interest="237.069" Kind="propagation" Navigation="org.eclipse.mylyn.core.model.edges.containment" OriginId="org.eclipse.mylyn.core.model.interest.propagation" StartDate="2014-12-06 08:45:07.176 JST" StructureHandle="=IFM11/src" StructureKind="java" NumEvents="335" CreationCount="1"/><InteractionEvent Delta="null" EndDate="2014-12-06 16:47:07.366 JST" Interest="1.0" Kind="selection" Navigation="null" OriginId="org.eclipse.jdt.ui.PackageExplorer" StartDate="2014-12-06 16:47:07.366 JST" StructureHandle="=IFM11/src" StructureKind="java"/><InteractionEvent Delta="null" EndDate="2014-12-07 08:07:14.43 JST" Interest="30.0" Kind="selection" Navigation="null" OriginId="org.eclipse.jdt.ui.CompilationUnitEditor" StartDate="2014-12-06 16:49:06.372 JST" StructureHandle="=IFM11/src&amp;lt;ifm11.views{CV.java[CV~_Draw_RGB_Lines~QCanvas;" StructureKind="java" NumEvents="30" CreationCount="258"/><InteractionEvent Delta="null" EndDate="2014-12-07 08:46:08.216 JST" Interest="291.0" Kind="edit" Navigation="null" OriginId="org.eclipse.jdt.ui.CompilationUnitEditor" StartDate="2014-12-06 16:49:10.168 JST" StructureHandle="=IFM11/src&amp;lt;ifm11.views{CV.java[CV~_Draw_RGB_Lines~QCanvas;" StructureKind="java" NumEvents="291" CreationCount="258"/></InteractionHistory>