<?xml version="1.0" encoding="UTF-8"?><InteractionHistory Id="local-96" Version="1"><InteractionEvent Delta="null" EndDate="2014-09-20 21:01:47.754 JST" Interest="1.0" Kind="propagation" Navigation="org.eclipse.mylyn.core.model.edges.containment" OriginId="org.eclipse.mylyn.core.model.interest.propagation" StartDate="2014-09-20 21:01:47.754 JST" StructureHandle="" StructureKind="java"/><InteractionEvent Delta="null" EndDate="2014-09-20 21:15:55.930 JST" Interest="28.0" Kind="edit" Navigation="null" OriginId="org.eclipse.jdt.ui.CompilationUnitEditor" StartDate="2014-09-20 21:05:34.761 JST" StructureHandle="=TA2/src&amp;lt;ta2.main{MemoActv.java[MemoActv~_do_test" StructureKind="java" NumEvents="28" CreationCount="113"/><InteractionEvent Delta="null" EndDate="2014-09-20 21:15:54.23 JST" Interest="3.0" Kind="selection" Navigation="null" OriginId="org.eclipse.jdt.ui.CompilationUnitEditor" StartDate="2014-09-20 21:05:34.750 JST" StructureHandle="=TA2/src&amp;lt;ta2.main{MemoActv.java[MemoActv~_do_test" StructureKind="java" NumEvents="3" CreationCount="113"/><InteractionEvent Delta="null" EndDate="2014-09-20 21:19:02.102 JST" Interest="229.034" Kind="propagation" Navigation="null" OriginId="org.eclipse.jdt.ui.CompilationUnitEditor" StartDate="2014-09-20 21:01:50.834 JST" StructureHandle="/TA2/src" StructureKind="resource" NumEvents="231" CreationCount="2"/><InteractionEvent Delta="null" EndDate="2014-09-20 21:04:50.563 JST" Interest="0.3770001" Kind="manipulation" Navigation="null" OriginId="org.eclipse.mylyn.core.model.interest.decay.correction" StartDate="2014-09-20 21:04:50.563 JST" StructureHandle="/TA2/src" StructureKind="resource"/><InteractionEvent Delta="null" EndDate="2014-09-20 21:03:41.460 JST" Interest="31.033998" Kind="propagation" Navigation="org.eclipse.mylyn.core.model.edges.containment" OriginId="org.eclipse.mylyn.core.model.interest.propagation" StartDate="2014-09-20 21:01:55.85 JST" StructureHandle="/TA2/res/values" StructureKind="resource" NumEvents="45" CreationCount="4"/><InteractionEvent Delta="null" EndDate="2014-09-20 21:01:54.135 JST" Interest="1.0" Kind="selection" Navigation="null" OriginId="org.eclipse.jdt.ui.PackageExplorer" StartDate="2014-09-20 21:01:54.135 JST" StructureHandle="/TA2/res/values" StructureKind="resource"/><InteractionEvent Delta="null" EndDate="2014-09-20 21:19:02.101 JST" Interest="228.411" Kind="propagation" Navigation="org.eclipse.mylyn.core.model.edges.containment" OriginId="org.eclipse.mylyn.core.model.interest.propagation" StartDate="2014-09-20 21:01:50.834 JST" StructureHandle="=TA2" StructureKind="resource" NumEvents="246" CreationCount="2"/><InteractionEvent Delta="null" EndDate="2014-09-20 21:04:37.174 JST" Interest="1.0" Kind="selection" Navigation="null" OriginId="org.eclipse.jdt.ui.PackageExplorer" StartDate="2014-09-20 21:04:37.174 JST" StructureHandle="/TA2/res/drawable" StructureKind="resource"/><InteractionEvent Delta="null" EndDate="2014-09-20 21:15:52.487 JST" Interest="56.601" Kind="propagation" Navigation="org.eclipse.mylyn.core.model.edges.containment" OriginId="org.eclipse.mylyn.core.model.interest.propagation" StartDate="2014-09-20 21:05:08.2 JST" StructureHandle="=TA2/src&amp;lt;ta2.main{MemoActv.java" StructureKind="java" NumEvents="82" CreationCount="85"/><InteractionEvent Delta="null" EndDate="2014-09-20 21:15:45.339 JST" Interest="4.0" Kind="selection" Navigation="null" OriginId="org.eclipse.jdt.ui.CompilationUnitEditor" StartDate="2014-09-20 21:04:54.981 JST" StructureHandle="=TA2/src&amp;lt;ta2.main{MemoActv.java" StructureKind="java" NumEvents="4" CreationCount="85"/><InteractionEvent Delta="null" EndDate="2014-09-20 21:19:00.193 JST" Interest="8.734" Kind="propagation" Navigation="org.eclipse.mylyn.core.model.edges.containment" OriginId="org.eclipse.mylyn.core.model.interest.propagation" StartDate="2014-09-20 21:18:12.463 JST" StructureHandle="/TA2/res/menu" StructureKind="resource" NumEvents="13" CreationCount="50"/><InteractionEvent Delta="null" EndDate="2014-09-20 21:18:09.240 JST" Interest="3.0" Kind="selection" Navigation="null" OriginId="org.eclipse.jdt.ui.PackageExplorer" StartDate="2014-09-20 21:03:41.588 JST" StructureHandle="/TA2/res/menu" StructureKind="resource" NumEvents="3" CreationCount="50"/><InteractionEvent Delta="null" EndDate="2014-09-20 21:18:09.240 JST" Interest="2.42" Kind="manipulation" Navigation="null" OriginId="org.eclipse.mylyn.core.model.interest.decay.correction" StartDate="2014-09-20 21:18:09.240 JST" StructureHandle="/TA2/res/menu" StructureKind="resource"/><InteractionEvent Delta="null" EndDate="2014-09-20 21:03:43.670 JST" Interest="1.0" Kind="selection" Navigation="null" OriginId="org.eclipse.jdt.ui.PackageExplorer" StartDate="2014-09-20 21:03:43.670 JST" StructureHandle="/TA2/res/raw" StructureKind="resource"/><InteractionEvent Delta="null" EndDate="2014-09-20 21:15:55.931 JST" Interest="148.017" Kind="propagation" Navigation="org.eclipse.mylyn.core.model.edges.containment" OriginId="org.eclipse.mylyn.core.model.interest.propagation" StartDate="2014-09-20 21:04:52.224 JST" StructureHandle="/TA2/src/ta2" StructureKind="resource" NumEvents="150" CreationCount="84"/><InteractionEvent Delta="null" EndDate="2014-09-20 21:03:44.653 JST" Interest="2.0" Kind="selection" Navigation="null" OriginId="org.eclipse.jdt.ui.PackageExplorer" StartDate="2014-09-20 21:01:55.85 JST" StructureHandle="/TA2/res/values/colors.xml" StructureKind="resource" NumEvents="2" CreationCount="5"/><InteractionEvent Delta="null" EndDate="2014-09-20 21:09:29.194 JST" Interest="1.0" Kind="selection" Navigation="null" OriginId="org.eclipse.jdt.ui.PackageExplorer" StartDate="2014-09-20 21:09:29.194 JST" StructureHandle="=TA2/src&amp;lt;ta2.main{MainActv.java" StructureKind="java"/><InteractionEvent Delta="null" EndDate="2014-09-20 21:16:43.618 JST" Interest="2.0" Kind="prediction" Navigation="null" OriginId="org.eclipse.mylyn.resources.ui.interest.updater" StartDate="2014-09-20 21:08:32.332 JST" StructureHandle="/TA2/bin/classes.dex" StructureKind="resource" NumEvents="2" CreationCount="214"/><InteractionEvent Delta="null" EndDate="2014-09-20 21:04:45.399 JST" Interest="1.0" Kind="selection" Navigation="null" OriginId="org.eclipse.jdt.ui.PackageExplorer" StartDate="2014-09-20 21:04:45.399 JST" StructureHandle="/TA2/res/drawable-hdpi" StructureKind="resource"/><InteractionEvent Delta="null" EndDate="2014-09-20 21:15:55.931 JST" Interest="148.0" Kind="propagation" Navigation="null" OriginId="org.eclipse.jdt.ui.CompilationUnitEditor" StartDate="2014-09-20 21:04:54.982 JST" StructureHandle="/TA2/src/ta2/main/MemoActv.java" StructureKind="resource" NumEvents="148" CreationCount="85"/><InteractionEvent Delta="null" EndDate="2014-09-20 21:19:02.100 JST" Interest="50.534" Kind="propagation" Navigation="org.eclipse.mylyn.core.model.edges.containment" OriginId="org.eclipse.mylyn.core.model.interest.propagation" StartDate="2014-09-20 21:09:35.816 JST" StructureHandle="=TA2/src&amp;lt;ta2.listeners.button{BO_CL.java[BO_CL" StructureKind="java" NumEvents="70" CreationCount="223"/><InteractionEvent Delta="null" EndDate="2014-09-20 21:15:52.487 JST" Interest="57.850002" Kind="propagation" Navigation="org.eclipse.mylyn.core.model.edges.containment" OriginId="org.eclipse.mylyn.core.model.interest.propagation" StartDate="2014-09-20 21:05:07.577 JST" StructureHandle="=TA2/src&amp;lt;ta2.main{MemoActv.java[MemoActv" StructureKind="java" NumEvents="83" CreationCount="88"/><InteractionEvent Delta="null" EndDate="2014-09-20 21:09:28.504 JST" Interest="1.0" Kind="edit" Navigation="null" OriginId="org.eclipse.jdt.ui.CompilationUnitEditor" StartDate="2014-09-20 21:09:28.504 JST" StructureHandle="=TA2/src&amp;lt;ta2.main{MemoActv.java[MemoActv" StructureKind="java"/><InteractionEvent Delta="null" EndDate="2014-09-20 21:15:45.571 JST" Interest="2.0" Kind="selection" Navigation="null" OriginId="org.eclipse.jdt.ui.CompilationUnitEditor" StartDate="2014-09-20 21:09:28.500 JST" StructureHandle="=TA2/src&amp;lt;ta2.main{MemoActv.java[MemoActv" StructureKind="java" NumEvents="2" CreationCount="88"/><InteractionEvent Delta="null" EndDate="2014-09-20 21:03:41.460 JST" Interest="31.050999" Kind="propagation" Navigation="org.eclipse.mylyn.core.model.edges.containment" OriginId="org.eclipse.mylyn.core.model.interest.propagation" StartDate="2014-09-20 21:01:54.135 JST" StructureHandle="/TA2/res" StructureKind="resource" NumEvents="46" CreationCount="3"/><InteractionEvent Delta="null" EndDate="2014-09-20 21:01:52.502 JST" Interest="1.0" Kind="selection" Navigation="null" OriginId="org.eclipse.jdt.ui.PackageExplorer" StartDate="2014-09-20 21:01:52.502 JST" StructureHandle="/TA2/res" StructureKind="resource"/><InteractionEvent Delta="null" EndDate="2014-09-20 21:15:54.24 JST" Interest="59.618004" Kind="propagation" Navigation="org.eclipse.mylyn.core.model.edges.containment" OriginId="org.eclipse.mylyn.core.model.interest.propagation" StartDate="2014-09-20 21:04:54.983 JST" StructureHandle="=TA2/src&amp;lt;ta2.main" StructureKind="java" NumEvents="90" CreationCount="84"/><InteractionEvent Delta="null" EndDate="2014-09-20 21:04:52.224 JST" Interest="1.0" Kind="selection" Navigation="null" OriginId="org.eclipse.jdt.ui.PackageExplorer" StartDate="2014-09-20 21:04:52.224 JST" StructureHandle="=TA2/src&amp;lt;ta2.main" StructureKind="java"/><InteractionEvent Delta="null" EndDate="2014-09-20 21:19:00.193 JST" Interest="11.0" Kind="edit" Navigation="null" OriginId="com.android.ide.eclipse.editors.CommonXmlEditor" StartDate="2014-09-20 21:18:12.872 JST" StructureHandle="/TA2/res/menu/menu_actv_main.xml" StructureKind="resource" NumEvents="11" CreationCount="312"/><InteractionEvent Delta="null" EndDate="2014-09-20 21:18:12.761 JST" Interest="2.0" Kind="selection" Navigation="null" OriginId="com.android.ide.eclipse.editors.CommonXmlEditor" StartDate="2014-09-20 21:18:12.463 JST" StructureHandle="/TA2/res/menu/menu_actv_main.xml" StructureKind="resource" NumEvents="2" CreationCount="312"/><InteractionEvent Delta="null" EndDate="2014-09-20 21:19:02.101 JST" Interest="78.017" Kind="propagation" Navigation="org.eclipse.mylyn.core.model.edges.containment" OriginId="org.eclipse.mylyn.core.model.interest.propagation" StartDate="2014-09-20 21:09:31.526 JST" StructureHandle="/TA2/src/ta2/listeners" StructureKind="resource" NumEvents="79" CreationCount="220"/><InteractionEvent Delta="null" EndDate="2014-09-20 21:05:33.348 JST" Interest="23.0" Kind="edit" Navigation="null" OriginId="org.eclipse.jdt.ui.CompilationUnitEditor" StartDate="2014-09-20 21:05:07.887 JST" StructureHandle="=TA2/src&amp;lt;ta2.main{MemoActv.java[MemoActv~onStart" StructureKind="java" NumEvents="23" CreationCount="88"/><InteractionEvent Delta="null" EndDate="2014-09-20 21:05:14.170 JST" Interest="2.0" Kind="selection" Navigation="null" OriginId="org.eclipse.ui.views.ContentOutline" StartDate="2014-09-20 21:05:07.577 JST" StructureHandle="=TA2/src&amp;lt;ta2.main{MemoActv.java[MemoActv~onStart" StructureKind="java" NumEvents="2" CreationCount="88"/><InteractionEvent Delta="null" EndDate="2014-09-20 21:01:47.753 JST" Interest="1.0" Kind="selection" Navigation="null" OriginId="org.eclipse.ui.views.ResourceNavigator" StartDate="2014-09-20 21:01:47.753 JST" StructureHandle="=ShoppingList" StructureKind="java"/><InteractionEvent Delta="null" EndDate="2014-09-20 21:09:39.604 JST" Interest="3.0" Kind="selection" Navigation="null" OriginId="org.eclipse.jdt.ui.CompilationUnitEditor" StartDate="2014-09-20 21:09:35.815 JST" StructureHandle="=TA2/src&amp;lt;ta2.listeners.button{BO_CL.java[BO_CL^actv" StructureKind="java" NumEvents="3" CreationCount="223"/><InteractionEvent Delta="null" EndDate="2014-09-20 21:16:43.618 JST" Interest="2.0" Kind="prediction" Navigation="null" OriginId="org.eclipse.mylyn.resources.ui.interest.updater" StartDate="2014-09-20 21:08:32.332 JST" StructureHandle="/TA2/bin/TA2.apk" StructureKind="resource" NumEvents="2" CreationCount="214"/><InteractionEvent Delta="null" EndDate="2014-09-20 21:03:35.59 JST" Interest="40.0" Kind="edit" Navigation="null" OriginId="com.android.ide.eclipse.editors.CommonXmlEditor" StartDate="2014-09-20 21:01:58.902 JST" StructureHandle="/TA2/res/values/strings.xml" StructureKind="resource" NumEvents="40" CreationCount="6"/><InteractionEvent Delta="null" EndDate="2014-09-20 21:03:41.459 JST" Interest="4.0" Kind="selection" Navigation="null" OriginId="org.eclipse.jdt.ui.PackageExplorer" StartDate="2014-09-20 21:01:55.480 JST" StructureHandle="/TA2/res/values/strings.xml" StructureKind="resource" NumEvents="4" CreationCount="6"/><InteractionEvent Delta="null" EndDate="2014-09-20 21:05:05.121 JST" Interest="1.0" Kind="selection" Navigation="null" OriginId="org.eclipse.ui.views.ContentOutline" StartDate="2014-09-20 21:05:05.121 JST" StructureHandle="=TA2/src&amp;lt;ta2.main{MemoActv.java%ta2.main" StructureKind="java"/><InteractionEvent Delta="null" EndDate="2014-09-20 21:04:36.894 JST" Interest="18.117" Kind="propagation" Navigation="org.eclipse.mylyn.core.model.edges.containment" OriginId="org.eclipse.mylyn.core.model.interest.propagation" StartDate="2014-09-20 21:03:47.381 JST" StructureHandle="/TA2/res/xml" StructureKind="resource" NumEvents="26" CreationCount="53"/><InteractionEvent Delta="null" EndDate="2014-09-20 21:03:45.244 JST" Interest="1.0" Kind="selection" Navigation="null" OriginId="org.eclipse.jdt.ui.PackageExplorer" StartDate="2014-09-20 21:03:45.244 JST" StructureHandle="/TA2/res/xml" StructureKind="resource"/><InteractionEvent Delta="null" EndDate="2014-09-20 21:19:02.101 JST" Interest="228.428" Kind="propagation" Navigation="org.eclipse.mylyn.core.model.edges.containment" OriginId="org.eclipse.mylyn.core.model.interest.propagation" StartDate="2014-09-20 21:01:47.754 JST" StructureHandle="/" StructureKind="resource" NumEvents="305" CreationCount="1"/><InteractionEvent Delta="null" EndDate="2014-09-20 21:19:02.101 JST" Interest="78.017" Kind="propagation" Navigation="org.eclipse.mylyn.core.model.edges.containment" OriginId="org.eclipse.mylyn.core.model.interest.propagation" StartDate="2014-09-20 21:09:31.526 JST" StructureHandle="/TA2/src/ta2/listeners/button" StructureKind="resource" NumEvents="79" CreationCount="220"/><InteractionEvent Delta="null" EndDate="2014-09-20 21:09:29.194 JST" Interest="1.0" Kind="propagation" Navigation="null" OriginId="org.eclipse.jdt.ui.PackageExplorer" StartDate="2014-09-20 21:09:29.194 JST" StructureHandle="/TA2/src/ta2/main/MainActv.java" StructureKind="resource"/><InteractionEvent Delta="null" EndDate="2014-09-20 21:04:35.244 JST" Interest="23.0" Kind="edit" Navigation="null" OriginId="com.android.ide.eclipse.editors.CommonXmlEditor" StartDate="2014-09-20 21:03:50.211 JST" StructureHandle="/TA2/res/xml/pref_main.xml" StructureKind="resource" NumEvents="23" CreationCount="54"/><InteractionEvent Delta="null" EndDate="2014-09-20 21:04:36.893 JST" Interest="3.0" Kind="selection" Navigation="null" OriginId="org.eclipse.jdt.ui.PackageExplorer" StartDate="2014-09-20 21:03:47.380 JST" StructureHandle="/TA2/res/xml/pref_main.xml" StructureKind="resource" NumEvents="3" CreationCount="54"/><InteractionEvent Delta="null" EndDate="2014-09-20 21:19:02.101 JST" Interest="78.0" Kind="propagation" Navigation="null" OriginId="org.eclipse.jdt.ui.CompilationUnitEditor" StartDate="2014-09-20 21:09:33.797 JST" StructureHandle="/TA2/src/ta2/listeners/button/BO_CL.java" StructureKind="resource" NumEvents="78" CreationCount="221"/><InteractionEvent Delta="null" EndDate="2014-09-20 21:16:43.618 JST" Interest="2.0" Kind="propagation" Navigation="org.eclipse.mylyn.core.model.edges.containment" OriginId="org.eclipse.mylyn.core.model.interest.propagation" StartDate="2014-09-20 21:08:32.333 JST" StructureHandle="/TA2/bin" StructureKind="resource" NumEvents="2" CreationCount="214"/><InteractionEvent Delta="null" EndDate="2014-09-20 21:15:54.24 JST" Interest="59.652004" Kind="propagation" Navigation="org.eclipse.mylyn.core.model.edges.containment" OriginId="org.eclipse.mylyn.core.model.interest.propagation" StartDate="2014-09-20 21:04:52.225 JST" StructureHandle="=TA2/src" StructureKind="java" NumEvents="92" CreationCount="2"/><InteractionEvent Delta="null" EndDate="2014-09-20 21:04:50.562 JST" Interest="2.0" Kind="selection" Navigation="null" OriginId="org.eclipse.jdt.ui.PackageExplorer" StartDate="2014-09-20 21:01:50.833 JST" StructureHandle="=TA2/src" StructureKind="java" NumEvents="2" CreationCount="2"/><InteractionEvent Delta="null" EndDate="2014-09-20 21:04:50.562 JST" Interest="0.36000013" Kind="manipulation" Navigation="null" OriginId="org.eclipse.mylyn.core.model.interest.decay.correction" StartDate="2014-09-20 21:04:50.562 JST" StructureHandle="=TA2/src" StructureKind="java"/><InteractionEvent Delta="null" EndDate="2014-09-20 21:17:59.374 JST" Interest="46.567997" Kind="propagation" Navigation="org.eclipse.mylyn.core.model.edges.containment" OriginId="org.eclipse.mylyn.core.model.interest.propagation" StartDate="2014-09-20 21:09:36.677 JST" StructureHandle="=TA2/src&amp;lt;ta2.listeners.button{BO_CL.java" StructureKind="java" NumEvents="67" CreationCount="221"/><InteractionEvent Delta="null" EndDate="2014-09-20 21:19:01.793 JST" Interest="5.0" Kind="selection" Navigation="null" OriginId="org.eclipse.jdt.ui.CompilationUnitEditor" StartDate="2014-09-20 21:09:33.797 JST" StructureHandle="=TA2/src&amp;lt;ta2.listeners.button{BO_CL.java" StructureKind="java" NumEvents="5" CreationCount="221"/><InteractionEvent Delta="null" EndDate="2014-09-20 21:19:01.794 JST" Interest="50.584995" Kind="propagation" Navigation="org.eclipse.mylyn.core.model.edges.containment" OriginId="org.eclipse.mylyn.core.model.interest.propagation" StartDate="2014-09-20 21:09:33.798 JST" StructureHandle="=TA2/src&amp;lt;ta2.listeners.button" StructureKind="java" NumEvents="72" CreationCount="220"/><InteractionEvent Delta="null" EndDate="2014-09-20 21:09:31.526 JST" Interest="1.0" Kind="selection" Navigation="null" OriginId="org.eclipse.jdt.ui.PackageExplorer" StartDate="2014-09-20 21:09:31.526 JST" StructureHandle="=TA2/src&amp;lt;ta2.listeners.button" StructureKind="java"/><InteractionEvent Delta="null" EndDate="2014-09-20 21:15:52.486 JST" Interest="81.0" Kind="edit" Navigation="null" OriginId="org.eclipse.jdt.ui.CompilationUnitEditor" StartDate="2014-09-20 21:05:58.753 JST" StructureHandle="=TA2/src&amp;lt;ta2.main{MemoActv.java[MemoActv~_do_test__D_13_V_1_0_Pref" StructureKind="java" NumEvents="81" CreationCount="138"/><InteractionEvent Delta="null" EndDate="2014-09-20 21:15:46.381 JST" Interest="3.0" Kind="selection" Navigation="null" OriginId="org.eclipse.jdt.ui.CompilationUnitEditor" StartDate="2014-09-20 21:05:58.746 JST" StructureHandle="=TA2/src&amp;lt;ta2.main{MemoActv.java[MemoActv~_do_test__D_13_V_1_0_Pref" StructureKind="java" NumEvents="3" CreationCount="138"/><InteractionEvent Delta="null" EndDate="2014-09-20 21:15:55.931 JST" Interest="148.017" Kind="propagation" Navigation="org.eclipse.mylyn.core.model.edges.containment" OriginId="org.eclipse.mylyn.core.model.interest.propagation" StartDate="2014-09-20 21:04:52.224 JST" StructureHandle="/TA2/src/ta2/main" StructureKind="resource" NumEvents="150" CreationCount="84"/><InteractionEvent Delta="null" EndDate="2014-09-20 21:19:03.877 JST" Interest="2.0" Kind="prediction" Navigation="null" OriginId="org.eclipse.mylyn.resources.ui.interest.updater" StartDate="2014-09-20 21:08:32.332 JST" StructureHandle="/TA2/bin/resources.ap_" StructureKind="resource" NumEvents="2" CreationCount="214"/><InteractionEvent Delta="null" EndDate="2014-09-20 21:01:47.754 JST" Interest="1.0" Kind="propagation" Navigation="null" OriginId="org.eclipse.ui.views.ResourceNavigator" StartDate="2014-09-20 21:01:47.754 JST" StructureHandle="/ShoppingList" StructureKind="resource"/><InteractionEvent Delta="null" EndDate="2014-09-20 21:17:59.372 JST" Interest="65.0" Kind="edit" Navigation="null" OriginId="org.eclipse.jdt.ui.CompilationUnitEditor" StartDate="2014-09-20 21:09:40.103 JST" StructureHandle="=TA2/src&amp;lt;ta2.listeners.button{BO_CL.java[BO_CL~case_ACTV_MEMO_SAVE" StructureKind="java" NumEvents="65" CreationCount="225"/><InteractionEvent Delta="null" EndDate="2014-09-20 21:19:02.100 JST" Interest="5.0" Kind="selection" Navigation="null" OriginId="org.eclipse.jdt.ui.CompilationUnitEditor" StartDate="2014-09-20 21:09:39.511 JST" StructureHandle="=TA2/src&amp;lt;ta2.listeners.button{BO_CL.java[BO_CL~case_ACTV_MEMO_SAVE" StructureKind="java" NumEvents="5" CreationCount="225"/></InteractionHistory>