<?xml version="1.0" encoding="UTF-8"?><InteractionHistory Id="local-49" Version="1"><InteractionEvent Delta="null" EndDate="2014-09-03 16:11:47.698 JST" Interest="285.068" Kind="propagation" Navigation="org.eclipse.mylyn.core.model.edges.containment" OriginId="org.eclipse.mylyn.core.model.interest.propagation" StartDate="2014-09-03 15:52:57.678 JST" StructureHandle="" StructureKind="java" NumEvents="289" CreationCount="1"/><InteractionEvent Delta="null" EndDate="2014-09-03 15:56:59.480 JST" Interest="1.0" Kind="selection" Navigation="null" OriginId="org.eclipse.ui.views.ContentOutline" StartDate="2014-09-03 15:56:59.480 JST" StructureHandle="=TA2/src&amp;lt;ta2.main{ShowListActv.java%ta2.main" StructureKind="java"/><InteractionEvent Delta="null" EndDate="2014-09-03 16:02:44.440 JST" Interest="1.0" Kind="selection" Navigation="null" OriginId="org.eclipse.jdt.ui.PackageExplorer" StartDate="2014-09-03 16:02:44.440 JST" StructureHandle="/TA2/res/values" StructureKind="resource"/><InteractionEvent Delta="null" EndDate="2014-09-03 16:11:47.697 JST" Interest="149.48499" Kind="propagation" Navigation="org.eclipse.mylyn.core.model.edges.containment" OriginId="org.eclipse.mylyn.core.model.interest.propagation" StartDate="2014-09-03 15:53:02.941 JST" StructureHandle="=TA2/src&amp;lt;ta2.items" StructureKind="java" NumEvents="217" CreationCount="4"/><InteractionEvent Delta="null" EndDate="2014-09-03 15:53:01.786 JST" Interest="1.0" Kind="selection" Navigation="null" OriginId="org.eclipse.jdt.ui.PackageExplorer" StartDate="2014-09-03 15:53:01.786 JST" StructureHandle="=TA2/src&amp;lt;ta2.items" StructureKind="java"/><InteractionEvent Delta="null" EndDate="2014-09-03 16:11:47.698 JST" Interest="272.017" Kind="propagation" Navigation="org.eclipse.mylyn.core.model.edges.containment" OriginId="org.eclipse.mylyn.core.model.interest.propagation" StartDate="2014-09-03 15:53:01.787 JST" StructureHandle="/TA2/src/ta2" StructureKind="resource" NumEvents="273" CreationCount="4"/><InteractionEvent Delta="null" EndDate="2014-09-03 16:11:47.697 JST" Interest="251.0" Kind="propagation" Navigation="null" OriginId="org.eclipse.jdt.ui.CompilationUnitEditor" StartDate="2014-09-03 15:53:02.941 JST" StructureHandle="/TA2/src/ta2/items/Pref_Dropdown.java" StructureKind="resource" NumEvents="251" CreationCount="5"/><InteractionEvent Delta="null" EndDate="2014-09-03 16:00:13.552 JST" Interest="27.452997" Kind="propagation" Navigation="org.eclipse.mylyn.core.model.edges.containment" OriginId="org.eclipse.mylyn.core.model.interest.propagation" StartDate="2014-09-03 15:55:01.698 JST" StructureHandle="=ShoppingList/src&amp;lt;sl.main{TabActv.java" StructureKind="java" NumEvents="43" CreationCount="79"/><InteractionEvent Delta="null" EndDate="2014-09-03 15:59:58.891 JST" Interest="7.0" Kind="selection" Navigation="null" OriginId="org.eclipse.jdt.ui.CompilationUnitEditor" StartDate="2014-09-03 15:55:00.992 JST" StructureHandle="=ShoppingList/src&amp;lt;sl.main{TabActv.java" StructureKind="java" NumEvents="7" CreationCount="79"/><InteractionEvent Delta="null" EndDate="2014-09-03 15:53:46.890 JST" Interest="3.0" Kind="edit" Navigation="null" OriginId="org.eclipse.jdt.ui.CompilationUnitEditor" StartDate="2014-09-03 15:53:45.911 JST" StructureHandle="=TA2/src&amp;lt;ta2.items{SeekBarPreference.java[SeekBarPreference~onBindView~QView;" StructureKind="java" NumEvents="3" CreationCount="24"/><InteractionEvent Delta="null" EndDate="2014-09-03 15:55:49.403 JST" Interest="3.0" Kind="selection" Navigation="null" OriginId="org.eclipse.jdt.ui.CompilationUnitEditor" StartDate="2014-09-03 15:53:45.363 JST" StructureHandle="=TA2/src&amp;lt;ta2.items{SeekBarPreference.java[SeekBarPreference~onBindView~QView;" StructureKind="java" NumEvents="3" CreationCount="24"/><InteractionEvent Delta="null" EndDate="2014-09-03 16:11:47.697 JST" Interest="145.63399" Kind="propagation" Navigation="org.eclipse.mylyn.core.model.edges.containment" OriginId="org.eclipse.mylyn.core.model.interest.propagation" StartDate="2014-09-03 15:53:06.684 JST" StructureHandle="=TA2/src&amp;lt;ta2.items{Pref_Dropdown.java[Pref_Dropdown" StructureKind="java" NumEvents="202" CreationCount="7"/><InteractionEvent Delta="null" EndDate="2014-09-03 15:57:51.858 JST" Interest="4.0" Kind="edit" Navigation="null" OriginId="org.eclipse.jdt.ui.CompilationUnitEditor" StartDate="2014-09-03 15:57:32.159 JST" StructureHandle="=TA2/src&amp;lt;ta2.items{Pref_Dropdown.java[Pref_Dropdown" StructureKind="java" NumEvents="4" CreationCount="7"/><InteractionEvent Delta="null" EndDate="2014-09-03 15:57:50.313 JST" Interest="2.0" Kind="selection" Navigation="null" OriginId="org.eclipse.jdt.ui.CompilationUnitEditor" StartDate="2014-09-03 15:57:32.155 JST" StructureHandle="=TA2/src&amp;lt;ta2.items{Pref_Dropdown.java[Pref_Dropdown" StructureKind="java" NumEvents="2" CreationCount="7"/><InteractionEvent Delta="null" EndDate="2014-09-03 15:56:43.79 JST" Interest="1.0339999" Kind="propagation" Navigation="org.eclipse.mylyn.core.model.edges.containment" OriginId="org.eclipse.mylyn.core.model.interest.propagation" StartDate="2014-09-03 15:55:35.803 JST" StructureHandle="/ShoppingList/res/layout" StructureKind="resource" NumEvents="3" CreationCount="97"/><InteractionEvent Delta="null" EndDate="2014-09-03 15:55:31.167 JST" Interest="1.0" Kind="selection" Navigation="null" OriginId="org.eclipse.ui.views.ResourceNavigator" StartDate="2014-09-03 15:55:31.167 JST" StructureHandle="/ShoppingList/res/layout" StructureKind="resource"/><InteractionEvent Delta="null" EndDate="2014-09-03 15:55:35.802 JST" Interest="1.0" Kind="selection" Navigation="null" OriginId="org.eclipse.ui.views.ResourceNavigator" StartDate="2014-09-03 15:55:35.802 JST" StructureHandle="/ShoppingList/res/layout/itemlist_tabs.xml" StructureKind="resource"/><InteractionEvent Delta="null" EndDate="2014-09-03 16:02:40.856 JST" Interest="5.868" Kind="propagation" Navigation="org.eclipse.mylyn.core.model.edges.containment" OriginId="org.eclipse.mylyn.core.model.interest.propagation" StartDate="2014-09-03 15:56:57.526 JST" StructureHandle="=TA2/src&amp;lt;ta2.main" StructureKind="java" NumEvents="10" CreationCount="123"/><InteractionEvent Delta="null" EndDate="2014-09-03 15:56:52.85 JST" Interest="1.0" Kind="selection" Navigation="null" OriginId="org.eclipse.jdt.ui.PackageExplorer" StartDate="2014-09-03 15:56:52.85 JST" StructureHandle="=TA2/src&amp;lt;ta2.main" StructureKind="java"/><InteractionEvent Delta="null" EndDate="2014-09-03 16:04:12.358 JST" Interest="63.0" Kind="propagation" Navigation="null" OriginId="org.eclipse.ui.views.ContentOutline" StartDate="2014-09-03 15:55:00.993 JST" StructureHandle="/ShoppingList/src/sl/main/TabActv.java" StructureKind="resource" NumEvents="63" CreationCount="79"/><InteractionEvent Delta="null" EndDate="2014-09-03 15:59:02.528 JST" Interest="5.8" Kind="propagation" Navigation="org.eclipse.mylyn.core.model.edges.containment" OriginId="org.eclipse.mylyn.core.model.interest.propagation" StartDate="2014-09-03 15:57:01.289 JST" StructureHandle="=TA2/src&amp;lt;ta2.main{ShowListActv.java[ShowListActv" StructureKind="java" NumEvents="7" CreationCount="127"/><InteractionEvent Delta="null" EndDate="2014-09-03 15:54:14.152 JST" Interest="1.0" Kind="propagation" Navigation="null" OriginId="org.eclipse.jdt.ui.PackageExplorer" StartDate="2014-09-03 15:54:14.152 JST" StructureHandle="/TA2/src/ta2/listeners" StructureKind="resource"/><InteractionEvent Delta="null" EndDate="2014-09-03 15:54:48.49 JST" Interest="1.0" Kind="selection" Navigation="null" OriginId="org.eclipse.ui.views.ResourceNavigator" StartDate="2014-09-03 15:54:48.49 JST" StructureHandle="/ShoppingList/.classpath" StructureKind="resource"/><InteractionEvent Delta="null" EndDate="2014-09-03 16:04:12.358 JST" Interest="63.0" Kind="propagation" Navigation="org.eclipse.mylyn.core.model.edges.containment" OriginId="org.eclipse.mylyn.core.model.interest.propagation" StartDate="2014-09-03 15:55:00.993 JST" StructureHandle="/ShoppingList/src/sl" StructureKind="resource" NumEvents="63" CreationCount="79"/><InteractionEvent Delta="null" EndDate="2014-09-03 16:05:26.971 JST" Interest="2.0" Kind="prediction" Navigation="null" OriginId="org.eclipse.mylyn.resources.ui.interest.updater" StartDate="2014-09-03 16:00:20.394 JST" StructureHandle="/TA2/bin/TA2.apk" StructureKind="resource" NumEvents="2" CreationCount="289"/><InteractionEvent Delta="null" EndDate="2014-09-03 15:53:10.276 JST" Interest="4.0" Kind="selection" Navigation="null" OriginId="org.eclipse.jdt.ui.CompilationUnitEditor" StartDate="2014-09-03 15:53:06.684 JST" StructureHandle="=TA2/src&amp;lt;ta2.items{Pref_Dropdown.java[Pref_Dropdown~onGetDefaultValue~QTypedArray;~I" StructureKind="java" NumEvents="4" CreationCount="7"/><InteractionEvent Delta="null" EndDate="2014-09-03 15:56:43.159 JST" Interest="1.0" Kind="selection" Navigation="null" OriginId="org.eclipse.ui.views.ResourceNavigator" StartDate="2014-09-03 15:56:43.159 JST" StructureHandle="/ShoppingList/res/layout/dlg_register_genre.xml" StructureKind="resource"/><InteractionEvent Delta="null" EndDate="2014-09-03 16:11:47.698 JST" Interest="399.0" Kind="propagation" Navigation="null" OriginId="org.eclipse.jdt.ui.CompilationUnitEditor" StartDate="2014-09-03 15:52:57.678 JST" StructureHandle="/" StructureKind="resource" NumEvents="399" CreationCount="1"/><InteractionEvent Delta="null" EndDate="2014-09-03 15:55:10.155 JST" Interest="4.0" Kind="edit" Navigation="null" OriginId="org.eclipse.jdt.ui.CompilationUnitEditor" StartDate="2014-09-03 15:55:02.410 JST" StructureHandle="=ShoppingList/src&amp;lt;sl.main{TabActv.java[TabActv~setupListeners" StructureKind="java" NumEvents="4" CreationCount="80"/><InteractionEvent Delta="null" EndDate="2014-09-03 15:55:13.155 JST" Interest="3.0" Kind="selection" Navigation="null" OriginId="org.eclipse.jdt.ui.CompilationUnitEditor" StartDate="2014-09-03 15:55:01.697 JST" StructureHandle="=ShoppingList/src&amp;lt;sl.main{TabActv.java[TabActv~setupListeners" StructureKind="java" NumEvents="3" CreationCount="80"/><InteractionEvent Delta="null" EndDate="2014-09-03 15:53:46.891 JST" Interest="1.1509998" Kind="propagation" Navigation="org.eclipse.mylyn.core.model.edges.containment" OriginId="org.eclipse.mylyn.core.model.interest.propagation" StartDate="2014-09-03 15:53:45.926 JST" StructureHandle="=TA2/src&amp;lt;ta2.items{SeekBarPreference.java" StructureKind="java" NumEvents="2" CreationCount="21"/><InteractionEvent Delta="null" EndDate="2014-09-03 16:00:16.823 JST" Interest="14.0" Kind="selection" Navigation="null" OriginId="org.eclipse.jdt.ui.CompilationUnitEditor" StartDate="2014-09-03 15:53:15.409 JST" StructureHandle="=TA2/src&amp;lt;ta2.items{SeekBarPreference.java" StructureKind="java" NumEvents="14" CreationCount="21"/><InteractionEvent Delta="null" EndDate="2014-09-03 16:04:12.357 JST" Interest="0.03700006" Kind="manipulation" Navigation="null" OriginId="org.eclipse.mylyn.core.model.interest.decay.correction" StartDate="2014-09-03 16:04:12.357 JST" StructureHandle="=ShoppingList/src&amp;lt;sl.main{TabActv.java[TabActv~setupItemListView" StructureKind="java"/><InteractionEvent Delta="null" EndDate="2014-09-03 16:04:12.357 JST" Interest="2.0" Kind="selection" Navigation="null" OriginId="org.eclipse.ui.views.ContentOutline" StartDate="2014-09-03 16:00:15.427 JST" StructureHandle="=ShoppingList/src&amp;lt;sl.main{TabActv.java[TabActv~setupItemListView" StructureKind="java" NumEvents="2" CreationCount="286"/><InteractionEvent Delta="null" EndDate="2014-09-03 16:02:40.937 JST" Interest="1.0" Kind="propagation" Navigation="null" OriginId="org.eclipse.jdt.ui.PackageExplorer" StartDate="2014-09-03 16:02:40.937 JST" StructureHandle="/TA2/src/ta2/tasks" StructureKind="resource"/><InteractionEvent Delta="null" EndDate="2014-09-03 16:05:26.971 JST" Interest="2.0" Kind="propagation" Navigation="org.eclipse.mylyn.core.model.edges.containment" OriginId="org.eclipse.mylyn.core.model.interest.propagation" StartDate="2014-09-03 16:00:20.395 JST" StructureHandle="/TA2/bin" StructureKind="resource" NumEvents="2" CreationCount="289"/><InteractionEvent Delta="null" EndDate="2014-09-03 15:58:23.361 JST" Interest="1.8510003" Kind="propagation" Navigation="org.eclipse.mylyn.core.model.edges.containment" OriginId="org.eclipse.mylyn.core.model.interest.propagation" StartDate="2014-09-03 15:57:02.141 JST" StructureHandle="=TA2/src&amp;lt;ta2.main{ShowListActv.java" StructureKind="java" NumEvents="4" CreationCount="124"/><InteractionEvent Delta="null" EndDate="2014-09-03 16:02:40.856 JST" Interest="5.0" Kind="selection" Navigation="null" OriginId="org.eclipse.jdt.ui.PackageExplorer" StartDate="2014-09-03 15:56:57.525 JST" StructureHandle="=TA2/src&amp;lt;ta2.main{ShowListActv.java" StructureKind="java" NumEvents="5" CreationCount="124"/><InteractionEvent Delta="null" EndDate="2014-09-03 15:56:43.79 JST" Interest="2.0" Kind="selection" Navigation="null" OriginId="org.eclipse.ui.views.ResourceNavigator" StartDate="2014-09-03 15:55:40.779 JST" StructureHandle="/ShoppingList/res/layout/listrow_load_tobuy_list.xml" StructureKind="resource" NumEvents="2" CreationCount="99"/><InteractionEvent Delta="null" EndDate="2014-09-03 15:56:44.892 JST" Interest="1.0" Kind="selection" Navigation="null" OriginId="org.eclipse.jdt.ui.PackageExplorer" StartDate="2014-09-03 15:56:44.892 JST" StructureHandle="/TA2/res/layout/list_row_simple_1.xml" StructureKind="resource"/><InteractionEvent Delta="null" EndDate="2014-09-03 16:02:40.856 JST" Interest="13.017" Kind="propagation" Navigation="org.eclipse.mylyn.core.model.edges.containment" OriginId="org.eclipse.mylyn.core.model.interest.propagation" StartDate="2014-09-03 15:56:52.85 JST" StructureHandle="/TA2/src/ta2/main" StructureKind="resource" NumEvents="14" CreationCount="123"/><InteractionEvent Delta="null" EndDate="2014-09-03 15:56:44.24 JST" Interest="4.0" Kind="selection" Navigation="null" OriginId="org.eclipse.jdt.ui.PackageExplorer" StartDate="2014-09-03 15:54:20.952 JST" StructureHandle="/TA2/res/layout/pref_dropdown.xml" StructureKind="resource" NumEvents="4" CreationCount="54"/><InteractionEvent Delta="null" EndDate="2014-09-03 15:55:29.416 JST" Interest="1.0" Kind="selection" Navigation="null" OriginId="org.eclipse.ui.views.ResourceNavigator" StartDate="2014-09-03 15:55:29.416 JST" StructureHandle="/ShoppingList/res/drawable" StructureKind="resource"/><InteractionEvent Delta="null" EndDate="2014-09-03 15:55:49.403 JST" Interest="5.1" Kind="propagation" Navigation="org.eclipse.mylyn.core.model.edges.containment" OriginId="org.eclipse.mylyn.core.model.interest.propagation" StartDate="2014-09-03 15:53:45.364 JST" StructureHandle="=TA2/src&amp;lt;ta2.items{SeekBarPreference.java[SeekBarPreference" StructureKind="java" NumEvents="6" CreationCount="24"/><InteractionEvent Delta="null" EndDate="2014-09-03 16:11:47.698 JST" Interest="286.034" Kind="propagation" Navigation="null" OriginId="org.eclipse.jdt.ui.CompilationUnitEditor" StartDate="2014-09-03 15:52:57.769 JST" StructureHandle="/TA2/src" StructureKind="resource" NumEvents="290" CreationCount="3"/><InteractionEvent Delta="null" EndDate="2014-09-03 16:05:02.848 JST" Interest="8.513" Kind="propagation" Navigation="org.eclipse.mylyn.core.model.edges.containment" OriginId="org.eclipse.mylyn.core.model.interest.propagation" StartDate="2014-09-03 15:54:20.952 JST" StructureHandle="/TA2/res/layout" StructureKind="resource" NumEvents="12" CreationCount="53"/><InteractionEvent Delta="null" EndDate="2014-09-03 16:03:51.579 JST" Interest="5.0" Kind="selection" Navigation="null" OriginId="org.eclipse.jdt.ui.PackageExplorer" StartDate="2014-09-03 15:54:18.473 JST" StructureHandle="/TA2/res/layout" StructureKind="resource" NumEvents="5" CreationCount="53"/><InteractionEvent Delta="null" EndDate="2014-09-03 16:11:47.697 JST" Interest="285.068" Kind="propagation" Navigation="org.eclipse.mylyn.core.model.edges.containment" OriginId="org.eclipse.mylyn.core.model.interest.propagation" StartDate="2014-09-03 15:52:57.678 JST" StructureHandle="=TA2" StructureKind="resource" NumEvents="289" CreationCount="1"/><InteractionEvent Delta="null" EndDate="2014-09-03 15:57:08.706 JST" Interest="4.0" Kind="edit" Navigation="null" OriginId="org.eclipse.jdt.ui.CompilationUnitEditor" StartDate="2014-09-03 15:57:02.118 JST" StructureHandle="=TA2/src&amp;lt;ta2.main{ShowListActv.java[ShowListActv~_Setup_Adapter" StructureKind="java" NumEvents="4" CreationCount="127"/><InteractionEvent Delta="null" EndDate="2014-09-03 15:59:02.528 JST" Interest="3.0" Kind="selection" Navigation="null" OriginId="org.eclipse.jdt.ui.CompilationUnitEditor" StartDate="2014-09-03 15:57:01.288 JST" StructureHandle="=TA2/src&amp;lt;ta2.main{ShowListActv.java[ShowListActv~_Setup_Adapter" StructureKind="java" NumEvents="3" CreationCount="127"/><InteractionEvent Delta="null" EndDate="2014-09-03 15:53:44.29 JST" Interest="1.0" Kind="selection" Navigation="null" OriginId="org.eclipse.ui.views.ContentOutline" StartDate="2014-09-03 15:53:44.29 JST" StructureHandle="=TA2/src&amp;lt;ta2.items{SeekBarPreference.java%ta2.items" StructureKind="java"/><InteractionEvent Delta="null" EndDate="2014-09-03 16:02:40.856 JST" Interest="13.0" Kind="propagation" Navigation="null" OriginId="org.eclipse.jdt.ui.PackageExplorer" StartDate="2014-09-03 15:56:57.526 JST" StructureHandle="/TA2/src/ta2/main/ShowListActv.java" StructureKind="resource" NumEvents="13" CreationCount="124"/><InteractionEvent Delta="null" EndDate="2014-09-03 16:11:47.697 JST" Interest="135.46799" Kind="propagation" Navigation="org.eclipse.mylyn.core.model.edges.containment" OriginId="org.eclipse.mylyn.core.model.interest.propagation" StartDate="2014-09-03 15:53:08.220 JST" StructureHandle="=TA2/src&amp;lt;ta2.items{Pref_Dropdown.java" StructureKind="java" NumEvents="196" CreationCount="5"/><InteractionEvent Delta="null" EndDate="2014-09-03 16:05:03.831 JST" Interest="15.0" Kind="selection" Navigation="null" OriginId="org.eclipse.jdt.ui.CompilationUnitEditor" StartDate="2014-09-03 15:53:02.940 JST" StructureHandle="=TA2/src&amp;lt;ta2.items{Pref_Dropdown.java" StructureKind="java" NumEvents="15" CreationCount="5"/><InteractionEvent Delta="null" EndDate="2014-09-03 16:05:26.971 JST" Interest="2.0" Kind="prediction" Navigation="null" OriginId="org.eclipse.mylyn.resources.ui.interest.updater" StartDate="2014-09-03 16:00:20.394 JST" StructureHandle="/TA2/bin/classes.dex" StructureKind="resource" NumEvents="2" CreationCount="289"/><InteractionEvent Delta="null" EndDate="2014-09-03 16:03:50.465 JST" Interest="1.0" Kind="propagation" Navigation="null" OriginId="org.eclipse.mylyn.resources.ui.interest.updater" StartDate="2014-09-03 16:03:50.465 JST" StructureHandle="/TA2/res/layout/spinner_item_simple_1.xml" StructureKind="resource"/><InteractionEvent Delta="null" EndDate="2014-09-03 16:05:02.848 JST" Interest="8.0" Kind="edit" Navigation="null" OriginId="com.android.ide.eclipse.editors.CommonXmlEditor" StartDate="2014-09-03 16:03:59.384 JST" StructureHandle="/TA2/res/layout/spinner_item_simple_1.xml" StructureKind="resource" NumEvents="8" CreationCount="342"/><InteractionEvent Delta="null" EndDate="2014-09-03 16:04:53.159 JST" Interest="2.0" Kind="selection" Navigation="null" OriginId="com.android.ide.eclipse.editors.CommonXmlEditor" StartDate="2014-09-03 16:03:51.135 JST" StructureHandle="/TA2/res/layout/spinner_item_simple_1.xml" StructureKind="resource" NumEvents="2" CreationCount="342"/><InteractionEvent Delta="null" EndDate="2014-09-03 16:05:02.848 JST" Interest="11.396999" Kind="propagation" Navigation="org.eclipse.mylyn.core.model.edges.containment" OriginId="org.eclipse.mylyn.core.model.interest.propagation" StartDate="2014-09-03 15:54:27.737 JST" StructureHandle="/TA2/res" StructureKind="resource" NumEvents="16" CreationCount="1"/><InteractionEvent Delta="null" EndDate="2014-09-03 15:54:15.826 JST" Interest="3.0" Kind="selection" Navigation="null" OriginId="org.eclipse.jdt.ui.PackageExplorer" StartDate="2014-09-03 15:52:57.678 JST" StructureHandle="/TA2/res" StructureKind="resource" NumEvents="3" CreationCount="1"/><InteractionEvent Delta="null" EndDate="2014-09-03 16:04:12.359 JST" Interest="32.469994" Kind="propagation" Navigation="org.eclipse.mylyn.core.model.edges.containment" OriginId="org.eclipse.mylyn.core.model.interest.propagation" StartDate="2014-09-03 15:55:00.993 JST" StructureHandle="=ShoppingList/src" StructureKind="java" NumEvents="49" CreationCount="78"/><InteractionEvent Delta="null" EndDate="2014-09-03 15:55:26.813 JST" Interest="2.0" Kind="selection" Navigation="null" OriginId="org.eclipse.ui.views.ResourceNavigator" StartDate="2014-09-03 15:54:48.651 JST" StructureHandle="=ShoppingList/src" StructureKind="java" NumEvents="2" CreationCount="78"/><InteractionEvent Delta="null" EndDate="2014-09-03 16:03:12.163 JST" Interest="1.0" Kind="selection" Navigation="null" OriginId="org.eclipse.jdt.ui.PackageExplorer" StartDate="2014-09-03 16:03:12.163 JST" StructureHandle="/TA2/res/layout/preference_widget_seekbar.xml" StructureKind="resource"/><InteractionEvent Delta="null" EndDate="2014-09-03 16:04:12.358 JST" Interest="60.085" Kind="propagation" Navigation="org.eclipse.mylyn.core.model.edges.containment" OriginId="org.eclipse.mylyn.core.model.interest.propagation" StartDate="2014-09-03 15:55:02.411 JST" StructureHandle="=ShoppingList" StructureKind="resource" NumEvents="62" CreationCount="74"/><InteractionEvent Delta="null" EndDate="2014-09-03 15:54:44.948 JST" Interest="3.0" Kind="selection" Navigation="null" OriginId="org.eclipse.ui.views.ResourceNavigator" StartDate="2014-09-03 15:54:43.686 JST" StructureHandle="=ShoppingList" StructureKind="java" NumEvents="3" CreationCount="74"/><InteractionEvent Delta="null" EndDate="2014-09-03 15:58:02.578 JST" Interest="14.0" Kind="edit" Navigation="null" OriginId="org.eclipse.jdt.ui.CompilationUnitEditor" StartDate="2014-09-03 15:57:45.451 JST" StructureHandle="=TA2/src&amp;lt;ta2.items{Pref_Dropdown.java[Pref_Dropdown~Pref_Dropdown~QContext;~QAttributeSet;" StructureKind="java" NumEvents="14" CreationCount="146"/><InteractionEvent Delta="null" EndDate="2014-09-03 15:57:56.382 JST" Interest="2.0" Kind="selection" Navigation="null" OriginId="org.eclipse.jdt.ui.CompilationUnitEditor" StartDate="2014-09-03 15:57:45.447 JST" StructureHandle="=TA2/src&amp;lt;ta2.items{Pref_Dropdown.java[Pref_Dropdown~Pref_Dropdown~QContext;~QAttributeSet;" StructureKind="java" NumEvents="2" CreationCount="146"/><InteractionEvent Delta="null" EndDate="2014-09-03 16:00:13.551 JST" Interest="34.435997" Kind="propagation" Navigation="org.eclipse.mylyn.core.model.edges.containment" OriginId="org.eclipse.mylyn.core.model.interest.propagation" StartDate="2014-09-03 15:55:01.697 JST" StructureHandle="=ShoppingList/src&amp;lt;sl.main{TabActv.java[TabActv" StructureKind="java" NumEvents="46" CreationCount="80"/><InteractionEvent Delta="null" EndDate="2014-09-03 16:02:40.937 JST" Interest="1.0" Kind="selection" Navigation="null" OriginId="org.eclipse.jdt.ui.PackageExplorer" StartDate="2014-09-03 16:02:40.937 JST" StructureHandle="=TA2/src&amp;lt;ta2.tasks" StructureKind="java"/><InteractionEvent Delta="null" EndDate="2014-09-03 16:11:47.698 JST" Interest="322.0" Kind="propagation" Navigation="null" OriginId="org.eclipse.jdt.ui.CompilationUnitEditor" StartDate="2014-09-03 15:52:57.678 JST" StructureHandle="/TA2" StructureKind="resource" NumEvents="322" CreationCount="1"/><InteractionEvent Delta="null" EndDate="2014-09-03 15:56:43.79 JST" Interest="1.0849999" Kind="propagation" Navigation="org.eclipse.mylyn.core.model.edges.containment" OriginId="org.eclipse.mylyn.core.model.interest.propagation" StartDate="2014-09-03 15:55:29.417 JST" StructureHandle="/ShoppingList/res" StructureKind="resource" NumEvents="6" CreationCount="94"/><InteractionEvent Delta="null" EndDate="2014-09-03 15:55:28.343 JST" Interest="1.0" Kind="selection" Navigation="null" OriginId="org.eclipse.ui.views.ResourceNavigator" StartDate="2014-09-03 15:55:28.343 JST" StructureHandle="/ShoppingList/res" StructureKind="resource"/><InteractionEvent Delta="null" EndDate="2014-09-03 15:55:12.411 JST" Interest="1.0" Kind="selection" Navigation="null" OriginId="org.eclipse.jdt.ui.CompilationUnitEditor" StartDate="2014-09-03 15:55:12.411 JST" StructureHandle="=ShoppingList/src&amp;lt;sl.main{TabActv.java[TabActv^spStore" StructureKind="java"/><InteractionEvent Delta="null" EndDate="2014-09-03 16:00:13.551 JST" Interest="39.0" Kind="edit" Navigation="null" OriginId="org.eclipse.jdt.ui.CompilationUnitEditor" StartDate="2014-09-03 15:55:17.3 JST" StructureHandle="=ShoppingList/src&amp;lt;sl.main{TabActv.java[TabActv~setupTabs__first" StructureKind="java" NumEvents="39" CreationCount="88"/><InteractionEvent Delta="null" EndDate="2014-09-03 15:59:59.128 JST" Interest="7.0" Kind="selection" Navigation="null" OriginId="org.eclipse.jdt.ui.CompilationUnitEditor" StartDate="2014-09-03 15:55:15.26 JST" StructureHandle="=ShoppingList/src&amp;lt;sl.main{TabActv.java[TabActv~setupTabs__first" StructureKind="java" NumEvents="7" CreationCount="88"/><InteractionEvent Delta="null" EndDate="2014-09-03 16:04:12.358 JST" Interest="63.017" Kind="propagation" Navigation="org.eclipse.mylyn.core.model.edges.containment" OriginId="org.eclipse.mylyn.core.model.interest.propagation" StartDate="2014-09-03 15:54:48.652 JST" StructureHandle="/ShoppingList/src" StructureKind="resource" NumEvents="65" CreationCount="78"/><InteractionEvent Delta="null" EndDate="2014-09-03 15:55:30.440 JST" Interest="1.0" Kind="selection" Navigation="null" OriginId="org.eclipse.ui.views.ResourceNavigator" StartDate="2014-09-03 15:55:30.440 JST" StructureHandle="/ShoppingList/res/drawable-xhdpi" StructureKind="resource"/><InteractionEvent Delta="null" EndDate="2014-09-03 15:57:54.889 JST" Interest="1.0" Kind="edit" Navigation="null" OriginId="org.eclipse.jdt.ui.CompilationUnitEditor" StartDate="2014-09-03 15:57:54.889 JST" StructureHandle="=TA2/src&amp;lt;ta2.items{Pref_Dropdown.java[Pref_Dropdown^con" StructureKind="java"/><InteractionEvent Delta="null" EndDate="2014-09-03 15:57:54.886 JST" Interest="1.0" Kind="selection" Navigation="null" OriginId="org.eclipse.jdt.ui.CompilationUnitEditor" StartDate="2014-09-03 15:57:54.886 JST" StructureHandle="=TA2/src&amp;lt;ta2.items{Pref_Dropdown.java[Pref_Dropdown^con" StructureKind="java"/><InteractionEvent Delta="null" EndDate="2014-09-03 16:11:47.698 JST" Interest="149.502" Kind="propagation" Navigation="org.eclipse.mylyn.core.model.edges.containment" OriginId="org.eclipse.mylyn.core.model.interest.propagation" StartDate="2014-09-03 15:53:01.787 JST" StructureHandle="=TA2/src" StructureKind="java" NumEvents="221" CreationCount="3"/><InteractionEvent Delta="null" EndDate="2014-09-03 15:52:57.769 JST" Interest="1.0" Kind="selection" Navigation="null" OriginId="org.eclipse.jdt.ui.PackageExplorer" StartDate="2014-09-03 15:52:57.769 JST" StructureHandle="=TA2/src" StructureKind="java"/><InteractionEvent Delta="null" EndDate="2014-09-03 16:00:16.823 JST" Interest="21.0" Kind="propagation" Navigation="null" OriginId="org.eclipse.jdt.ui.CompilationUnitEditor" StartDate="2014-09-03 15:53:15.410 JST" StructureHandle="/TA2/src/ta2/items/SeekBarPreference.java" StructureKind="resource" NumEvents="21" CreationCount="21"/><InteractionEvent Delta="null" EndDate="2014-09-03 16:11:47.698 JST" Interest="272.017" Kind="propagation" Navigation="null" OriginId="org.eclipse.jdt.ui.CompilationUnitEditor" StartDate="2014-09-03 15:53:01.787 JST" StructureHandle="/TA2/src/ta2/items" StructureKind="resource" NumEvents="273" CreationCount="4"/><InteractionEvent Delta="null" EndDate="2014-09-03 16:04:12.358 JST" Interest="63.0" Kind="propagation" Navigation="org.eclipse.mylyn.core.model.edges.containment" OriginId="org.eclipse.mylyn.core.model.interest.propagation" StartDate="2014-09-03 15:55:00.993 JST" StructureHandle="/ShoppingList/src/sl/main" StructureKind="resource" NumEvents="63" CreationCount="79"/><InteractionEvent Delta="null" EndDate="2014-09-03 15:54:14.152 JST" Interest="1.0" Kind="selection" Navigation="null" OriginId="org.eclipse.jdt.ui.PackageExplorer" StartDate="2014-09-03 15:54:14.152 JST" StructureHandle="=TA2/src&amp;lt;ta2.listeners" StructureKind="java"/><InteractionEvent Delta="null" EndDate="2014-09-03 16:04:12.359 JST" Interest="34.452995" Kind="propagation" Navigation="org.eclipse.mylyn.core.model.edges.containment" OriginId="org.eclipse.mylyn.core.model.interest.propagation" StartDate="2014-09-03 15:55:00.993 JST" StructureHandle="=ShoppingList/src&amp;lt;sl.main" StructureKind="java" NumEvents="52" CreationCount="79"/><InteractionEvent Delta="null" EndDate="2014-09-03 16:05:26.971 JST" Interest="2.0" Kind="prediction" Navigation="null" OriginId="org.eclipse.mylyn.resources.ui.interest.updater" StartDate="2014-09-03 16:00:20.394 JST" StructureHandle="/TA2/bin/resources.ap_" StructureKind="resource" NumEvents="2" CreationCount="289"/><InteractionEvent Delta="null" EndDate="2014-09-03 16:04:12.360 JST" Interest="77.0" Kind="propagation" Navigation="null" OriginId="org.eclipse.ui.views.ContentOutline" StartDate="2014-09-03 15:54:43.686 JST" StructureHandle="/ShoppingList" StructureKind="resource" NumEvents="77" CreationCount="74"/><InteractionEvent Delta="null" EndDate="2014-09-03 16:11:47.696 JST" Interest="192.0" Kind="edit" Navigation="null" OriginId="org.eclipse.jdt.ui.CompilationUnitEditor" StartDate="2014-09-03 15:53:10.775 JST" StructureHandle="=TA2/src&amp;lt;ta2.items{Pref_Dropdown.java[Pref_Dropdown~onBindView~QView;" StructureKind="java" NumEvents="192" CreationCount="9"/><InteractionEvent Delta="null" EndDate="2014-09-03 16:04:41.691 JST" Interest="16.0" Kind="selection" Navigation="null" OriginId="org.eclipse.ui.views.ContentOutline" StartDate="2014-09-03 15:53:10.201 JST" StructureHandle="=TA2/src&amp;lt;ta2.items{Pref_Dropdown.java[Pref_Dropdown~onBindView~QView;" StructureKind="java" NumEvents="16" CreationCount="9"/></InteractionHistory>