<?xml version="1.0" encoding="UTF-8"?><InteractionHistory Id="local-91" Version="1"><InteractionEvent Delta="null" EndDate="2014-09-19 08:08:42.443 JST" Interest="1705.0509" Kind="propagation" Navigation="org.eclipse.mylyn.core.model.edges.containment" OriginId="org.eclipse.mylyn.core.model.interest.propagation" StartDate="2014-09-19 06:58:00.899 JST" StructureHandle="" StructureKind="java" NumEvents="1710" CreationCount="1"/><InteractionEvent Delta="null" EndDate="2014-09-19 07:24:03.221 JST" Interest="7.834" Kind="propagation" Navigation="org.eclipse.mylyn.core.model.edges.containment" OriginId="org.eclipse.mylyn.core.model.interest.propagation" StartDate="2014-09-19 07:19:47.467 JST" StructureHandle="=SL3/src&amp;lt;sl3.adapters{ItemListAdapter2.java[ItemListAdapter2" StructureKind="java" NumEvents="9" CreationCount="358"/><InteractionEvent Delta="null" EndDate="2014-09-19 07:20:48.392 JST" Interest="2.0" Kind="selection" Navigation="null" OriginId="org.eclipse.ui.views.ResourceNavigator" StartDate="2014-09-19 06:58:00.899 JST" StructureHandle="=SL3" StructureKind="java" NumEvents="2" CreationCount="1"/><InteractionEvent Delta="null" EndDate="2014-09-19 08:08:42.442 JST" Interest="1703.0509" Kind="propagation" Navigation="org.eclipse.mylyn.core.model.edges.containment" OriginId="org.eclipse.mylyn.core.model.interest.propagation" StartDate="2014-09-19 06:58:05.497 JST" StructureHandle="=SL3" StructureKind="resource" NumEvents="1708" CreationCount="1"/><InteractionEvent Delta="null" EndDate="2014-09-19 06:58:05.497 JST" Interest="1.0" Kind="selection" Navigation="null" OriginId="org.eclipse.jdt.ui.PackageExplorer" StartDate="2014-09-19 06:58:05.497 JST" StructureHandle="=SL3/src" StructureKind="java"/><InteractionEvent Delta="null" EndDate="2014-09-19 08:02:05.339 JST" Interest="247.58304" Kind="propagation" Navigation="org.eclipse.mylyn.core.model.edges.containment" OriginId="org.eclipse.mylyn.core.model.interest.propagation" StartDate="2014-09-19 06:58:11.281 JST" StructureHandle="=SL3/src" StructureKind="java" NumEvents="391" CreationCount="2"/><InteractionEvent Delta="null" EndDate="2014-09-19 07:15:02.254 JST" Interest="1.0" Kind="propagation" Navigation="null" OriginId="org.eclipse.jdt.ui.PackageExplorer" StartDate="2014-09-19 07:15:02.254 JST" StructureHandle="/SL3/src/sl3/tasks" StructureKind="resource"/><InteractionEvent Delta="null" EndDate="2014-09-19 07:17:45.610 JST" Interest="1.0" Kind="selection" Navigation="null" OriginId="org.eclipse.jdt.ui.CompilationUnitEditor" StartDate="2014-09-19 07:17:45.610 JST" StructureHandle="=SL3/src&amp;lt;sl3.utils{Methods.java[Methods~registerGenreName_final~QActivity;~QDialog;~QDialog;~QString;" StructureKind="java"/><InteractionEvent Delta="null" EndDate="2014-09-19 07:27:07.936 JST" Interest="8.851" Kind="propagation" Navigation="org.eclipse.mylyn.core.model.edges.containment" OriginId="org.eclipse.mylyn.core.model.interest.propagation" StartDate="2014-09-19 07:19:46.611 JST" StructureHandle="=SL3/src&amp;lt;sl3.adapters" StructureKind="java" NumEvents="11" CreationCount="357"/><InteractionEvent Delta="null" EndDate="2014-09-19 07:29:08.844 JST" Interest="7.0" Kind="selection" Navigation="null" OriginId="org.eclipse.jdt.ui.CompilationUnitEditor" StartDate="2014-09-19 07:15:30.470 JST" StructureHandle="=SL3/src&amp;lt;sl3.listeners.list{LOI_CL.java[LOI_CL~tab_itemList~QAdapterView\&amp;lt;*&amp;gt;;~I" StructureKind="java" NumEvents="7" CreationCount="308"/><InteractionEvent Delta="null" EndDate="2014-09-19 07:23:49.410 JST" Interest="12.0" Kind="edit" Navigation="null" OriginId="org.eclipse.jdt.ui.CompilationUnitEditor" StartDate="2014-09-19 07:15:35.923 JST" StructureHandle="=SL3/src&amp;lt;sl3.listeners.list{LOI_CL.java[LOI_CL~tab_itemList~QAdapterView\&amp;lt;*&amp;gt;;~I" StructureKind="java" NumEvents="12" CreationCount="308"/><InteractionEvent Delta="null" EndDate="2014-09-19 07:29:08.696 JST" Interest="8.0" Kind="selection" Navigation="null" OriginId="org.eclipse.jdt.ui.CompilationUnitEditor" StartDate="2014-09-19 07:15:17.224 JST" StructureHandle="=SL3/src&amp;lt;sl3.listeners.list{LOI_CL.java" StructureKind="java" NumEvents="8" CreationCount="304"/><InteractionEvent Delta="null" EndDate="2014-09-19 07:23:49.412 JST" Interest="7.4680004" Kind="propagation" Navigation="org.eclipse.mylyn.core.model.edges.containment" OriginId="org.eclipse.mylyn.core.model.interest.propagation" StartDate="2014-09-19 07:15:38.6 JST" StructureHandle="=SL3/src&amp;lt;sl3.listeners.list{LOI_CL.java" StructureKind="java" NumEvents="11" CreationCount="304"/><InteractionEvent Delta="null" EndDate="2014-09-19 07:15:10.74 JST" Interest="1.0" Kind="selection" Navigation="null" OriginId="org.eclipse.jdt.ui.PackageExplorer" StartDate="2014-09-19 07:15:10.74 JST" StructureHandle="=SL3/src&amp;lt;sl3.listeners" StructureKind="java"/><InteractionEvent Delta="null" EndDate="2014-09-19 07:58:10.780 JST" Interest="9.0" Kind="selection" Navigation="null" OriginId="org.eclipse.jdt.ui.CompilationUnitEditor" StartDate="2014-09-19 07:37:23.518 JST" StructureHandle="=SL3/src&amp;lt;sl3.utils{Methods.java[Methods~_save_ItemIds__CheckedIds~QActivity;" StructureKind="java" NumEvents="9" CreationCount="779"/><InteractionEvent Delta="null" EndDate="2014-09-19 08:01:43.768 JST" Interest="79.0" Kind="edit" Navigation="null" OriginId="org.eclipse.jdt.ui.CompilationUnitEditor" StartDate="2014-09-19 07:37:23.529 JST" StructureHandle="=SL3/src&amp;lt;sl3.utils{Methods.java[Methods~_save_ItemIds__CheckedIds~QActivity;" StructureKind="java" NumEvents="79" CreationCount="779"/><InteractionEvent Delta="null" EndDate="2014-09-19 07:27:03.863 JST" Interest="40.9" Kind="propagation" Navigation="org.eclipse.mylyn.core.model.edges.containment" OriginId="org.eclipse.mylyn.core.model.interest.propagation" StartDate="2014-09-19 06:58:25.610 JST" StructureHandle="=SL3/src&amp;lt;sl.main{TabActv.java[TabActv" StructureKind="java" NumEvents="54" CreationCount="7"/><InteractionEvent Delta="null" EndDate="2014-09-19 08:08:42.443 JST" Interest="1508.0" Kind="propagation" Navigation="null" OriginId="org.eclipse.jdt.ui.CompilationUnitEditor" StartDate="2014-09-19 06:59:33.535 JST" StructureHandle="/SL3/src/sl3/utils" StructureKind="resource" NumEvents="1508" CreationCount="39"/><InteractionEvent Delta="null" EndDate="2014-09-19 07:45:24.518 JST" Interest="2.0" Kind="propagation" Navigation="org.eclipse.mylyn.core.model.edges.containment" OriginId="org.eclipse.mylyn.core.model.interest.propagation" StartDate="2014-09-19 07:45:19.245 JST" StructureHandle="=SL3/src&amp;lt;sl3.utils{CONS.java[CONS" StructureKind="java" NumEvents="3" CreationCount="1238"/><InteractionEvent Delta="null" EndDate="2014-09-19 07:57:16.506 JST" Interest="2.0" Kind="selection" Navigation="null" OriginId="org.eclipse.jdt.ui.CompilationUnitEditor" StartDate="2014-09-19 07:29:50.481 JST" StructureHandle="=SL3/src&amp;lt;sl3.utils{Methods.java[Methods~set_Pref_Clear~QActivity;~QString;~QString;" StructureKind="java" NumEvents="2" CreationCount="538"/><InteractionEvent Delta="null" EndDate="2014-09-19 07:57:19.793 JST" Interest="48.0" Kind="edit" Navigation="null" OriginId="org.eclipse.jdt.ui.CompilationUnitEditor" StartDate="2014-09-19 07:29:50.494 JST" StructureHandle="=SL3/src&amp;lt;sl3.utils{Methods.java[Methods~set_Pref_Clear~QActivity;~QString;~QString;" StructureKind="java" NumEvents="48" CreationCount="538"/><InteractionEvent Delta="null" EndDate="2014-09-19 07:56:02.562 JST" Interest="6.0" Kind="selection" Navigation="null" OriginId="org.eclipse.ui.views.ContentOutline" StartDate="2014-09-19 07:01:42.984 JST" StructureHandle="=SL3/src&amp;lt;sl3.utils{Methods.java[Methods~conv_IdsList_to_IdsString~QActivity;~QList\&amp;lt;QInteger;&amp;gt;;" StructureKind="java" NumEvents="6" CreationCount="121"/><InteractionEvent Delta="null" EndDate="2014-09-19 07:56:08.678 JST" Interest="8.0" Kind="edit" Navigation="null" OriginId="org.eclipse.jdt.ui.CompilationUnitEditor" StartDate="2014-09-19 07:28:23.993 JST" StructureHandle="=SL3/src&amp;lt;sl3.utils{Methods.java[Methods~conv_IdsList_to_IdsString~QActivity;~QList\&amp;lt;QInteger;&amp;gt;;" StructureKind="java" NumEvents="8" CreationCount="121"/><InteractionEvent Delta="null" EndDate="2014-09-19 07:55:57.315 JST" Interest="18.173" Kind="manipulation" Navigation="null" OriginId="org.eclipse.mylyn.core.model.interest.decay.correction" StartDate="2014-09-19 07:28:11.865 JST" StructureHandle="=SL3/src&amp;lt;sl3.utils{Methods.java[Methods~conv_IdsList_to_IdsString~QActivity;~QList\&amp;lt;QInteger;&amp;gt;;" StructureKind="java" NumEvents="3" CreationCount="121"/><InteractionEvent Delta="null" EndDate="2014-09-19 07:26:42.150 JST" Interest="1.0" Kind="selection" Navigation="null" OriginId="org.eclipse.jdt.ui.CompilationUnitEditor" StartDate="2014-09-19 07:26:42.150 JST" StructureHandle="=SL3/src&amp;lt;sl.main{TabActv.java[TabActv~do_test" StructureKind="java"/><InteractionEvent Delta="null" EndDate="2014-09-19 07:45:24.519 JST" Interest="4.0" Kind="propagation" Navigation="null" OriginId="org.eclipse.jdt.ui.CompilationUnitEditor" StartDate="2014-09-19 07:45:18.584 JST" StructureHandle="/SL3/src/sl3/utils/CONS.java" StructureKind="resource" NumEvents="4" CreationCount="1237"/><InteractionEvent Delta="null" EndDate="2014-09-19 07:57:28.891 JST" Interest="40.0" Kind="selection" Navigation="null" OriginId="org.eclipse.jdt.ui.CompilationUnitEditor" StartDate="2014-09-19 06:59:33.535 JST" StructureHandle="=SL3/src&amp;lt;sl3.utils{Methods.java" StructureKind="java" NumEvents="40" CreationCount="39"/><InteractionEvent Delta="null" EndDate="2014-09-19 07:48:16.59 JST" Interest="6.0" Kind="edit" Navigation="null" OriginId="org.eclipse.jdt.ui.CompilationUnitEditor" StartDate="2014-09-19 07:02:03.399 JST" StructureHandle="=SL3/src&amp;lt;sl3.utils{Methods.java" StructureKind="java" NumEvents="6" CreationCount="39"/><InteractionEvent Delta="null" EndDate="2014-09-19 08:01:48.883 JST" Interest="203.75401" Kind="propagation" Navigation="org.eclipse.mylyn.core.model.edges.containment" OriginId="org.eclipse.mylyn.core.model.interest.propagation" StartDate="2014-09-19 06:59:35.906 JST" StructureHandle="=SL3/src&amp;lt;sl3.utils{Methods.java" StructureKind="java" NumEvents="302" CreationCount="39"/><InteractionEvent Delta="null" EndDate="2014-09-19 07:15:03.18 JST" Interest="1.0" Kind="selection" Navigation="null" OriginId="org.eclipse.jdt.ui.PackageExplorer" StartDate="2014-09-19 07:15:03.18 JST" StructureHandle="=SL3/src&amp;lt;sl3.listeners.dialog" StructureKind="java"/><InteractionEvent Delta="null" EndDate="2014-09-19 07:29:08.845 JST" Interest="29.034" Kind="propagation" Navigation="org.eclipse.mylyn.core.model.edges.containment" OriginId="org.eclipse.mylyn.core.model.interest.propagation" StartDate="2014-09-19 07:15:14.265 JST" StructureHandle="/SL3/src/sl3/listeners/list" StructureKind="resource" NumEvents="31" CreationCount="302"/><InteractionEvent Delta="null" EndDate="2014-09-19 07:19:51.289 JST" Interest="4.0" Kind="selection" Navigation="null" OriginId="org.eclipse.jdt.ui.CompilationUnitEditor" StartDate="2014-09-19 07:19:47.466 JST" StructureHandle="=SL3/src&amp;lt;sl3.adapters{ItemListAdapter2.java[ItemListAdapter2~ItemListAdapter2~QContext;~I~QList\&amp;lt;QSI;&amp;gt;;" StructureKind="java" NumEvents="4" CreationCount="358"/><InteractionEvent Delta="null" EndDate="2014-09-19 07:45:24.518 JST" Interest="2.0" Kind="selection" Navigation="null" OriginId="org.eclipse.jdt.ui.CompilationUnitEditor" StartDate="2014-09-19 07:45:19.245 JST" StructureHandle="=SL3/src&amp;lt;sl3.utils{CONS.java[CONS[Pref^pkey_TabActv_CheckedIds" StructureKind="java" NumEvents="2" CreationCount="1238"/><InteractionEvent Delta="null" EndDate="2014-09-19 07:29:46.281 JST" Interest="8.0" Kind="selection" Navigation="null" OriginId="org.eclipse.jdt.ui.CompilationUnitEditor" StartDate="2014-09-19 07:11:47.460 JST" StructureHandle="=SL3/src&amp;lt;sl3.utils{Methods.java[Methods~set_Pref_String~QActivity;~QString;~QString;~QString;" StructureKind="java" NumEvents="8" CreationCount="284"/><InteractionEvent Delta="null" EndDate="2014-09-19 07:29:47.151 JST" Interest="18.0" Kind="edit" Navigation="null" OriginId="org.eclipse.jdt.ui.CompilationUnitEditor" StartDate="2014-09-19 07:29:17.766 JST" StructureHandle="=SL3/src&amp;lt;sl3.utils{Methods.java[Methods~set_Pref_String~QActivity;~QString;~QString;~QString;" StructureKind="java" NumEvents="18" CreationCount="284"/><InteractionEvent Delta="null" EndDate="2014-09-19 07:29:17.185 JST" Interest="0.77400017" Kind="manipulation" Navigation="null" OriginId="org.eclipse.mylyn.core.model.interest.decay.correction" StartDate="2014-09-19 07:29:17.185 JST" StructureHandle="=SL3/src&amp;lt;sl3.utils{Methods.java[Methods~set_Pref_String~QActivity;~QString;~QString;~QString;" StructureKind="java"/><InteractionEvent Delta="null" EndDate="2014-09-19 08:08:42.443 JST" Interest="1712.0" Kind="propagation" Navigation="org.eclipse.mylyn.core.model.edges.containment" OriginId="org.eclipse.mylyn.core.model.interest.propagation" StartDate="2014-09-19 06:58:00.899 JST" StructureHandle="/" StructureKind="resource" NumEvents="1712" CreationCount="1"/><InteractionEvent Delta="null" EndDate="2014-09-19 07:15:15.697 JST" Interest="1.0" Kind="propagation" Navigation="null" OriginId="org.eclipse.jdt.ui.PackageExplorer" StartDate="2014-09-19 07:15:15.697 JST" StructureHandle="/SL3/src/sl3/listeners/list/LOI_LCL.java" StructureKind="resource"/><InteractionEvent Delta="null" EndDate="2014-09-19 07:25:11.945 JST" Interest="11.0" Kind="selection" Navigation="null" OriginId="org.eclipse.ui.views.ContentOutline" StartDate="2014-09-19 07:16:59.417 JST" StructureHandle="=SL3/src&amp;lt;sl.main{TabActv.java[TabActv~_Setup_ItemListView" StructureKind="java" NumEvents="11" CreationCount="319"/><InteractionEvent Delta="null" EndDate="2014-09-19 07:25:08.881 JST" Interest="15.0" Kind="edit" Navigation="null" OriginId="org.eclipse.jdt.ui.CompilationUnitEditor" StartDate="2014-09-19 07:16:59.969 JST" StructureHandle="=SL3/src&amp;lt;sl.main{TabActv.java[TabActv~_Setup_ItemListView" StructureKind="java" NumEvents="15" CreationCount="319"/><InteractionEvent Delta="null" EndDate="2014-09-19 07:08:45.803 JST" Interest="1.0" Kind="propagation" Navigation="org.eclipse.mylyn.core.model.edges.containment" OriginId="org.eclipse.mylyn.core.model.interest.propagation" StartDate="2014-09-19 07:08:45.803 JST" StructureHandle="/SL3/bin" StructureKind="resource"/><InteractionEvent Delta="null" EndDate="2014-09-19 07:15:14.264 JST" Interest="1.0" Kind="selection" Navigation="null" OriginId="org.eclipse.jdt.ui.PackageExplorer" StartDate="2014-09-19 07:15:14.264 JST" StructureHandle="=SL3/src&amp;lt;sl3.listeners.list" StructureKind="java"/><InteractionEvent Delta="null" EndDate="2014-09-19 07:29:08.845 JST" Interest="14.502001" Kind="propagation" Navigation="org.eclipse.mylyn.core.model.edges.containment" OriginId="org.eclipse.mylyn.core.model.interest.propagation" StartDate="2014-09-19 07:15:15.697 JST" StructureHandle="=SL3/src&amp;lt;sl3.listeners.list" StructureKind="java" NumEvents="23" CreationCount="302"/><InteractionEvent Delta="null" EndDate="2014-09-19 07:45:18.583 JST" Interest="1.0" Kind="selection" Navigation="null" OriginId="org.eclipse.jdt.ui.CompilationUnitEditor" StartDate="2014-09-19 07:45:18.583 JST" StructureHandle="=SL3/src&amp;lt;sl3.utils{CONS.java" StructureKind="java"/><InteractionEvent Delta="null" EndDate="2014-09-19 07:45:21.37 JST" Interest="1.017" Kind="propagation" Navigation="org.eclipse.mylyn.core.model.edges.containment" OriginId="org.eclipse.mylyn.core.model.interest.propagation" StartDate="2014-09-19 07:45:19.246 JST" StructureHandle="=SL3/src&amp;lt;sl3.utils{CONS.java" StructureKind="java" NumEvents="2" CreationCount="1237"/><InteractionEvent Delta="null" EndDate="2014-09-19 08:01:44.515 JST" Interest="31.0" Kind="selection" Navigation="null" OriginId="org.eclipse.jdt.ui.CompilationUnitEditor" StartDate="2014-09-19 07:03:45.399 JST" StructureHandle="=SL3/src&amp;lt;sl3.utils{Methods.java[Methods" StructureKind="java" NumEvents="31" CreationCount="40"/><InteractionEvent Delta="null" EndDate="2014-09-19 08:01:44.531 JST" Interest="32.0" Kind="edit" Navigation="null" OriginId="org.eclipse.jdt.ui.CompilationUnitEditor" StartDate="2014-09-19 07:04:22.162 JST" StructureHandle="=SL3/src&amp;lt;sl3.utils{Methods.java[Methods" StructureKind="java" NumEvents="32" CreationCount="40"/><InteractionEvent Delta="null" EndDate="2014-09-19 07:53:33.269 JST" Interest="194.537" Kind="propagation" Navigation="org.eclipse.mylyn.core.model.edges.containment" OriginId="org.eclipse.mylyn.core.model.interest.propagation" StartDate="2014-09-19 06:59:35.905 JST" StructureHandle="=SL3/src&amp;lt;sl3.utils{Methods.java[Methods" StructureKind="java" NumEvents="270" CreationCount="40"/><InteractionEvent Delta="null" EndDate="2014-09-19 07:27:07.935 JST" Interest="4.0" Kind="selection" Navigation="null" OriginId="org.eclipse.jdt.ui.CompilationUnitEditor" StartDate="2014-09-19 07:19:46.610 JST" StructureHandle="=SL3/src&amp;lt;sl3.adapters{ItemListAdapter2.java" StructureKind="java" NumEvents="4" CreationCount="357"/><InteractionEvent Delta="null" EndDate="2014-09-19 07:19:52.417 JST" Interest="4.8510003" Kind="propagation" Navigation="org.eclipse.mylyn.core.model.edges.containment" OriginId="org.eclipse.mylyn.core.model.interest.propagation" StartDate="2014-09-19 07:19:47.468 JST" StructureHandle="=SL3/src&amp;lt;sl3.adapters{ItemListAdapter2.java" StructureKind="java" NumEvents="7" CreationCount="357"/><InteractionEvent Delta="null" EndDate="2014-09-19 07:27:02.766 JST" Interest="15.0" Kind="selection" Navigation="null" OriginId="org.eclipse.jdt.ui.CompilationUnitEditor" StartDate="2014-09-19 06:58:25.609 JST" StructureHandle="=SL3/src&amp;lt;sl.main{TabActv.java[TabActv~onStop" StructureKind="java" NumEvents="15" CreationCount="7"/><InteractionEvent Delta="null" EndDate="2014-09-19 07:27:03.863 JST" Interest="37.0" Kind="edit" Navigation="null" OriginId="org.eclipse.jdt.ui.CompilationUnitEditor" StartDate="2014-09-19 06:58:25.710 JST" StructureHandle="=SL3/src&amp;lt;sl.main{TabActv.java[TabActv~onStop" StructureKind="java" NumEvents="37" CreationCount="7"/><InteractionEvent Delta="null" EndDate="2014-09-19 06:58:11.279 JST" Interest="1.0" Kind="selection" Navigation="null" OriginId="org.eclipse.jdt.ui.PackageExplorer" StartDate="2014-09-19 06:58:11.279 JST" StructureHandle="=SL3/src&amp;lt;sl.main" StructureKind="java"/><InteractionEvent Delta="null" EndDate="2014-09-19 07:25:06.625 JST" Interest="45.168003" Kind="propagation" Navigation="org.eclipse.mylyn.core.model.edges.containment" OriginId="org.eclipse.mylyn.core.model.interest.propagation" StartDate="2014-09-19 06:58:13.181 JST" StructureHandle="=SL3/src&amp;lt;sl.main" StructureKind="java" NumEvents="68" CreationCount="3"/><InteractionEvent Delta="null" EndDate="2014-09-19 06:58:23.440 JST" Interest="1.0" Kind="selection" Navigation="null" OriginId="org.eclipse.ui.views.ContentOutline" StartDate="2014-09-19 06:58:23.440 JST" StructureHandle="=SL3/src&amp;lt;sl.main{TabActv.java%sl.main" StructureKind="java"/><InteractionEvent Delta="null" EndDate="2014-09-19 08:02:12.372 JST" Interest="9.0" Kind="prediction" Navigation="null" OriginId="org.eclipse.mylyn.resources.ui.interest.updater" StartDate="2014-09-19 07:08:45.803 JST" StructureHandle="/SL3/bin/classes.dex" StructureKind="resource" NumEvents="9" CreationCount="271"/><InteractionEvent Delta="null" EndDate="2014-09-19 07:24:03.220 JST" Interest="5.0" Kind="selection" Navigation="null" OriginId="org.eclipse.jdt.ui.CompilationUnitEditor" StartDate="2014-09-19 07:19:51.196 JST" StructureHandle="=SL3/src&amp;lt;sl3.adapters{ItemListAdapter2.java[ItemListAdapter2~_getView__SetBackground~QView;~QSI;~I" StructureKind="java" NumEvents="5" CreationCount="360"/><InteractionEvent Delta="null" EndDate="2014-09-19 07:19:52.416 JST" Interest="4.0" Kind="edit" Navigation="null" OriginId="org.eclipse.jdt.ui.CompilationUnitEditor" StartDate="2014-09-19 07:19:51.788 JST" StructureHandle="=SL3/src&amp;lt;sl3.adapters{ItemListAdapter2.java[ItemListAdapter2~_getView__SetBackground~QView;~QSI;~I" StructureKind="java" NumEvents="4" CreationCount="360"/><InteractionEvent Delta="null" EndDate="2014-09-19 07:27:07.936 JST" Interest="17.0" Kind="propagation" Navigation="org.eclipse.mylyn.core.model.edges.containment" OriginId="org.eclipse.mylyn.core.model.interest.propagation" StartDate="2014-09-19 07:19:46.610 JST" StructureHandle="/SL3/src/sl3/adapters" StructureKind="resource" NumEvents="17" CreationCount="357"/><InteractionEvent Delta="null" EndDate="2014-09-19 07:27:02.738 JST" Interest="17.0" Kind="selection" Navigation="null" OriginId="org.eclipse.jdt.ui.CompilationUnitEditor" StartDate="2014-09-19 07:00:28.590 JST" StructureHandle="=SL3/src&amp;lt;sl.main{TabActv.java[TabActv~onStart" StructureKind="java" NumEvents="17" CreationCount="77"/><InteractionEvent Delta="null" EndDate="2014-09-19 07:26:45.237 JST" Interest="28.0" Kind="edit" Navigation="null" OriginId="org.eclipse.jdt.ui.CompilationUnitEditor" StartDate="2014-09-19 07:00:29.192 JST" StructureHandle="=SL3/src&amp;lt;sl.main{TabActv.java[TabActv~onStart" StructureKind="java" NumEvents="28" CreationCount="77"/><InteractionEvent Delta="null" EndDate="2014-09-19 07:27:03.863 JST" Interest="147.017" Kind="propagation" Navigation="org.eclipse.mylyn.core.model.edges.containment" OriginId="org.eclipse.mylyn.core.model.interest.propagation" StartDate="2014-09-19 06:58:11.279 JST" StructureHandle="/SL3/src/sl/main" StructureKind="resource" NumEvents="148" CreationCount="3"/><InteractionEvent Delta="null" EndDate="2014-09-19 07:20:51.499 JST" Interest="1.0" Kind="selection" Navigation="null" OriginId="org.eclipse.jdt.ui.PackageExplorer" StartDate="2014-09-19 07:20:51.499 JST" StructureHandle="=SL3/src&amp;lt;sl3.utils" StructureKind="java"/><InteractionEvent Delta="null" EndDate="2014-09-19 08:01:57.702 JST" Interest="246.95403" Kind="propagation" Navigation="org.eclipse.mylyn.core.model.edges.containment" OriginId="org.eclipse.mylyn.core.model.interest.propagation" StartDate="2014-09-19 06:59:33.536 JST" StructureHandle="=SL3/src&amp;lt;sl3.utils" StructureKind="java" NumEvents="372" CreationCount="39"/><InteractionEvent Delta="null" EndDate="2014-09-19 07:53:39.497 JST" Interest="32.0" Kind="selection" Navigation="null" OriginId="org.eclipse.jdt.ui.CompilationUnitEditor" StartDate="2014-09-19 06:59:35.904 JST" StructureHandle="=SL3/src&amp;lt;sl3.utils{Methods.java[Methods~save_ItemIds~QActivity;" StructureKind="java" NumEvents="32" CreationCount="40"/><InteractionEvent Delta="null" EndDate="2014-09-19 07:54:14.217 JST" Interest="275.0" Kind="edit" Navigation="null" OriginId="org.eclipse.jdt.ui.CompilationUnitEditor" StartDate="2014-09-19 06:59:37.24 JST" StructureHandle="=SL3/src&amp;lt;sl3.utils{Methods.java[Methods~save_ItemIds~QActivity;" StructureKind="java" NumEvents="275" CreationCount="40"/><InteractionEvent Delta="null" EndDate="2014-09-19 08:08:42.443 JST" Interest="1712.0" Kind="propagation" Navigation="null" OriginId="org.eclipse.jdt.ui.CompilationUnitEditor" StartDate="2014-09-19 06:58:00.899 JST" StructureHandle="/SL3" StructureKind="resource" NumEvents="1712" CreationCount="1"/><InteractionEvent Delta="null" EndDate="2014-09-19 07:15:15.696 JST" Interest="1.0" Kind="selection" Navigation="null" OriginId="org.eclipse.jdt.ui.PackageExplorer" StartDate="2014-09-19 07:15:15.696 JST" StructureHandle="=SL3/src&amp;lt;sl3.listeners.list{LOI_LCL.java" StructureKind="java"/><InteractionEvent Delta="null" EndDate="2014-09-19 07:27:07.935 JST" Interest="17.0" Kind="propagation" Navigation="null" OriginId="org.eclipse.jdt.ui.CompilationUnitEditor" StartDate="2014-09-19 07:19:46.610 JST" StructureHandle="/SL3/src/sl3/adapters/ItemListAdapter2.java" StructureKind="resource" NumEvents="17" CreationCount="357"/><InteractionEvent Delta="null" EndDate="2014-09-19 07:53:31.504 JST" Interest="41.0" Kind="selection" Navigation="null" OriginId="org.eclipse.jdt.ui.CompilationUnitEditor" StartDate="2014-09-19 07:01:09.682 JST" StructureHandle="=SL3/src&amp;lt;sl3.utils{Methods.java[Methods~restore_ItemIds~QActivity;" StructureKind="java" NumEvents="41" CreationCount="101"/><InteractionEvent Delta="null" EndDate="2014-09-19 07:53:33.269 JST" Interest="279.0" Kind="edit" Navigation="null" OriginId="org.eclipse.jdt.ui.CompilationUnitEditor" StartDate="2014-09-19 07:01:11.66 JST" StructureHandle="=SL3/src&amp;lt;sl3.utils{Methods.java[Methods~restore_ItemIds~QActivity;" StructureKind="java" NumEvents="279" CreationCount="101"/><InteractionEvent Delta="null" EndDate="2014-09-19 08:08:42.440 JST" Interest="1503.0" Kind="propagation" Navigation="null" OriginId="org.eclipse.jdt.ui.CompilationUnitEditor" StartDate="2014-09-19 06:59:33.535 JST" StructureHandle="/SL3/src/sl3/utils/Methods.java" StructureKind="resource" NumEvents="1503" CreationCount="39"/><InteractionEvent Delta="null" EndDate="2014-09-19 07:45:21.36 JST" Interest="1.0" Kind="selection" Navigation="null" OriginId="org.eclipse.jdt.ui.CompilationUnitEditor" StartDate="2014-09-19 07:45:21.36 JST" StructureHandle="=SL3/src&amp;lt;sl3.utils{CONS.java[CONS[Pref" StructureKind="java"/><InteractionEvent Delta="null" EndDate="2014-09-19 07:45:19.245 JST" Interest="1.0" Kind="propagation" Navigation="org.eclipse.mylyn.core.model.edges.containment" OriginId="org.eclipse.mylyn.core.model.interest.propagation" StartDate="2014-09-19 07:45:19.245 JST" StructureHandle="=SL3/src&amp;lt;sl3.utils{CONS.java[CONS[Pref" StructureKind="java"/><InteractionEvent Delta="null" EndDate="2014-09-19 07:20:55.457 JST" Interest="1.0" Kind="selection" Navigation="null" OriginId="org.eclipse.jdt.ui.CompilationUnitEditor" StartDate="2014-09-19 07:20:55.457 JST" StructureHandle="=SL3/src&amp;lt;sl3.utils{Methods.java[Methods~register_store~QActivity;" StructureKind="java"/><InteractionEvent Delta="null" EndDate="2014-09-19 07:52:23.404 JST" Interest="3.0" Kind="selection" Navigation="null" OriginId="org.eclipse.jdt.ui.CompilationUnitEditor" StartDate="2014-09-19 07:45:54.846 JST" StructureHandle="=SL3/src&amp;lt;sl3.utils{Methods.java[Methods~_restore_ItemIds__ToBuyIds~QActivity;" StructureKind="java" NumEvents="3" CreationCount="1271"/><InteractionEvent Delta="null" EndDate="2014-09-19 07:53:06.637 JST" Interest="181.0" Kind="edit" Navigation="null" OriginId="org.eclipse.jdt.ui.CompilationUnitEditor" StartDate="2014-09-19 07:45:54.859 JST" StructureHandle="=SL3/src&amp;lt;sl3.utils{Methods.java[Methods~_restore_ItemIds__ToBuyIds~QActivity;" StructureKind="java" NumEvents="181" CreationCount="1271"/><InteractionEvent Delta="null" EndDate="2014-09-19 07:15:03.18 JST" Interest="1.0" Kind="propagation" Navigation="null" OriginId="org.eclipse.jdt.ui.PackageExplorer" StartDate="2014-09-19 07:15:03.18 JST" StructureHandle="/SL3/src/sl3/listeners/dialog" StructureKind="resource"/><InteractionEvent Delta="null" EndDate="2014-09-19 07:29:08.845 JST" Interest="29.0" Kind="propagation" Navigation="null" OriginId="org.eclipse.jdt.ui.CompilationUnitEditor" StartDate="2014-09-19 07:15:17.225 JST" StructureHandle="/SL3/src/sl3/listeners/list/LOI_CL.java" StructureKind="resource" NumEvents="29" CreationCount="304"/><InteractionEvent Delta="null" EndDate="2014-09-19 07:15:20.824 JST" Interest="1.0" Kind="selection" Navigation="null" OriginId="org.eclipse.ui.views.ContentOutline" StartDate="2014-09-19 07:15:20.824 JST" StructureHandle="=SL3/src&amp;lt;sl3.listeners.list{LOI_CL.java%sl3.listeners.list" StructureKind="java"/><InteractionEvent Delta="null" EndDate="2014-09-19 08:08:42.443 JST" Interest="1706.0339" Kind="propagation" Navigation="null" OriginId="org.eclipse.jdt.ui.CompilationUnitEditor" StartDate="2014-09-19 06:58:05.497 JST" StructureHandle="/SL3/src" StructureKind="resource" NumEvents="1708" CreationCount="2"/><InteractionEvent Delta="null" EndDate="2014-09-19 07:27:03.863 JST" Interest="147.0" Kind="propagation" Navigation="null" OriginId="org.eclipse.jdt.ui.CompilationUnitEditor" StartDate="2014-09-19 06:58:13.179 JST" StructureHandle="/SL3/src/sl/main/TabActv.java" StructureKind="resource" NumEvents="147" CreationCount="4"/><InteractionEvent Delta="null" EndDate="2014-09-19 07:15:02.253 JST" Interest="1.0" Kind="selection" Navigation="null" OriginId="org.eclipse.jdt.ui.PackageExplorer" StartDate="2014-09-19 07:15:02.253 JST" StructureHandle="=SL3/src&amp;lt;sl3.tasks" StructureKind="java"/><InteractionEvent Delta="null" EndDate="2014-09-19 08:02:12.372 JST" Interest="9.0" Kind="prediction" Navigation="null" OriginId="org.eclipse.mylyn.resources.ui.interest.updater" StartDate="2014-09-19 07:08:45.803 JST" StructureHandle="/SL3/bin/SL3.apk" StructureKind="resource" NumEvents="9" CreationCount="271"/><InteractionEvent Delta="null" EndDate="2014-09-19 07:27:03.864 JST" Interest="147.017" Kind="propagation" Navigation="org.eclipse.mylyn.core.model.edges.containment" OriginId="org.eclipse.mylyn.core.model.interest.propagation" StartDate="2014-09-19 06:58:11.280 JST" StructureHandle="/SL3/src/sl" StructureKind="resource" NumEvents="148" CreationCount="3"/><InteractionEvent Delta="null" EndDate="2014-09-19 07:25:06.624 JST" Interest="21.0" Kind="selection" Navigation="null" OriginId="org.eclipse.jdt.ui.CompilationUnitEditor" StartDate="2014-09-19 06:58:13.179 JST" StructureHandle="=SL3/src&amp;lt;sl.main{TabActv.java" StructureKind="java" NumEvents="21" CreationCount="4"/><InteractionEvent Delta="null" EndDate="2014-09-19 07:00:28.723 JST" Interest="25.151001" Kind="propagation" Navigation="org.eclipse.mylyn.core.model.edges.containment" OriginId="org.eclipse.mylyn.core.model.interest.propagation" StartDate="2014-09-19 06:58:26.190 JST" StructureHandle="=SL3/src&amp;lt;sl.main{TabActv.java" StructureKind="java" NumEvents="36" CreationCount="4"/><InteractionEvent Delta="null" EndDate="2014-09-19 07:29:08.845 JST" Interest="29.068" Kind="propagation" Navigation="org.eclipse.mylyn.core.model.edges.containment" OriginId="org.eclipse.mylyn.core.model.interest.propagation" StartDate="2014-09-19 07:15:03.19 JST" StructureHandle="/SL3/src/sl3/listeners" StructureKind="resource" NumEvents="30" CreationCount="300"/><InteractionEvent Delta="null" EndDate="2014-09-19 07:25:33.462 JST" Interest="1.0" Kind="selection" Navigation="null" OriginId="org.eclipse.jdt.ui.CompilationUnitEditor" StartDate="2014-09-19 07:25:33.462 JST" StructureHandle="=SL3/src&amp;lt;sl.main{TabActv.java[TabActv~_do_test_D_4_SEG_1_V_3_0" StructureKind="java"/><InteractionEvent Delta="null" EndDate="2014-09-19 07:15:27.462 JST" Interest="1.0" Kind="selection" Navigation="null" OriginId="org.eclipse.jdt.ui.CompilationUnitEditor" StartDate="2014-09-19 07:15:27.462 JST" StructureHandle="=SL3/src&amp;lt;sl3.listeners.list{LOI_CL.java[LOI_CL" StructureKind="java"/><InteractionEvent Delta="null" EndDate="2014-09-19 07:29:08.845 JST" Interest="14.417" Kind="propagation" Navigation="org.eclipse.mylyn.core.model.edges.containment" OriginId="org.eclipse.mylyn.core.model.interest.propagation" StartDate="2014-09-19 07:15:30.471 JST" StructureHandle="=SL3/src&amp;lt;sl3.listeners.list{LOI_CL.java[LOI_CL" StructureKind="java" NumEvents="19" CreationCount="307"/><InteractionEvent Delta="null" EndDate="2014-09-19 07:57:50.565 JST" Interest="12.0" Kind="selection" Navigation="null" OriginId="org.eclipse.jdt.ui.CompilationUnitEditor" StartDate="2014-09-19 07:38:48.382 JST" StructureHandle="=SL3/src&amp;lt;sl3.utils{Methods.java[Methods~_restore_ItemIds__CheckedIds~QActivity;" StructureKind="java" NumEvents="12" CreationCount="873"/><InteractionEvent Delta="null" EndDate="2014-09-19 07:57:56.99 JST" Interest="235.0" Kind="edit" Navigation="null" OriginId="org.eclipse.jdt.ui.CompilationUnitEditor" StartDate="2014-09-19 07:38:48.393 JST" StructureHandle="=SL3/src&amp;lt;sl3.utils{Methods.java[Methods~_restore_ItemIds__CheckedIds~QActivity;" StructureKind="java" NumEvents="235" CreationCount="873"/><InteractionEvent Delta="null" EndDate="2014-09-19 08:08:42.443 JST" Interest="1508.0" Kind="propagation" Navigation="org.eclipse.mylyn.core.model.edges.containment" OriginId="org.eclipse.mylyn.core.model.interest.propagation" StartDate="2014-09-19 06:59:33.535 JST" StructureHandle="/SL3/src/sl3" StructureKind="resource" NumEvents="1508" CreationCount="39"/><InteractionEvent Delta="null" EndDate="2014-09-19 08:01:48.882 JST" Interest="11.0" Kind="selection" Navigation="null" OriginId="org.eclipse.jdt.ui.CompilationUnitEditor" StartDate="2014-09-19 07:43:52.914 JST" StructureHandle="=SL3/src&amp;lt;sl3.utils{Methods.java[Methods~_save_ItemIds__ToBuyIds~QActivity;" StructureKind="java" NumEvents="11" CreationCount="1169"/><InteractionEvent Delta="null" EndDate="2014-09-19 08:08:42.440 JST" Interest="127.0" Kind="edit" Navigation="null" OriginId="org.eclipse.jdt.ui.CompilationUnitEditor" StartDate="2014-09-19 07:43:52.926 JST" StructureHandle="=SL3/src&amp;lt;sl3.utils{Methods.java[Methods~_save_ItemIds__ToBuyIds~QActivity;" StructureKind="java" NumEvents="127" CreationCount="1169"/></InteractionHistory>