<?xml version="1.0" encoding="UTF-8"?><InteractionHistory Id="local-137" Version="1"><InteractionEvent Delta="null" EndDate="2014-10-09 09:32:54.240 JST" Interest="1374.085" Kind="propagation" Navigation="org.eclipse.mylyn.core.model.edges.containment" OriginId="org.eclipse.mylyn.core.model.interest.propagation" StartDate="2014-10-09 08:24:39.573 JST" StructureHandle="" StructureKind="java" NumEvents="1376" CreationCount="1"/><InteractionEvent Delta="null" EndDate="2014-10-09 08:54:12.444 JST" Interest="1.0" Kind="edit" Navigation="null" OriginId="org.eclipse.jdt.ui.CompilationUnitEditor" StartDate="2014-10-09 08:54:12.444 JST" StructureHandle="=TA2/src&amp;lt;ta2.items{TI.java[TI^db_Id" StructureKind="java"/><InteractionEvent Delta="null" EndDate="2014-10-09 08:54:11.355 JST" Interest="1.0" Kind="selection" Navigation="null" OriginId="org.eclipse.jdt.ui.CompilationUnitEditor" StartDate="2014-10-09 08:54:11.355 JST" StructureHandle="=TA2/src&amp;lt;ta2.items{TI.java[TI^db_Id" StructureKind="java"/><InteractionEvent Delta="null" EndDate="2014-10-09 09:18:49.282 JST" Interest="96.0" Kind="propagation" Navigation="null" OriginId="org.eclipse.jdt.ui.PackageExplorer" StartDate="2014-10-09 08:25:19.51 JST" StructureHandle="/TA2/src/ta2/utils/CONS.java" StructureKind="resource" NumEvents="96" CreationCount="17"/><InteractionEvent Delta="null" EndDate="2014-10-09 09:26:47.208 JST" Interest="2.0" Kind="edit" Navigation="null" OriginId="org.eclipse.jdt.ui.CompilationUnitEditor" StartDate="2014-10-09 09:26:47.204 JST" StructureHandle="=TA2/src&amp;lt;ta2.main{ImageActv.java[ImageActv~onPause" StructureKind="java" NumEvents="2" CreationCount="1582"/><InteractionEvent Delta="null" EndDate="2014-10-09 09:26:47.201 JST" Interest="1.0" Kind="selection" Navigation="null" OriginId="org.eclipse.jdt.ui.CompilationUnitEditor" StartDate="2014-10-09 09:26:47.201 JST" StructureHandle="=TA2/src&amp;lt;ta2.main{ImageActv.java[ImageActv~onPause" StructureKind="java"/><InteractionEvent Delta="null" EndDate="2014-10-09 09:32:54.240 JST" Interest="1215.017" Kind="propagation" Navigation="org.eclipse.mylyn.core.model.edges.containment" OriginId="org.eclipse.mylyn.core.model.interest.propagation" StartDate="2014-10-09 08:24:53.452 JST" StructureHandle="/TA2/src/ta2" StructureKind="resource" NumEvents="1219" CreationCount="5"/><InteractionEvent Delta="null" EndDate="2014-10-09 09:15:17.622 JST" Interest="59.0" Kind="edit" Navigation="null" OriginId="org.eclipse.jdt.ui.CompilationUnitEditor" StartDate="2014-10-09 08:53:04.508 JST" StructureHandle="=TA2/src&amp;lt;ta2.main{ImageActv.java[ImageActv~_Setup_Initial" StructureKind="java" NumEvents="59" CreationCount="357"/><InteractionEvent Delta="null" EndDate="2014-10-09 09:10:36.127 JST" Interest="13.0" Kind="selection" Navigation="null" OriginId="org.eclipse.jdt.ui.CompilationUnitEditor" StartDate="2014-10-09 08:52:54.976 JST" StructureHandle="=TA2/src&amp;lt;ta2.main{ImageActv.java[ImageActv~_Setup_Initial" StructureKind="java" NumEvents="13" CreationCount="357"/><InteractionEvent Delta="null" EndDate="2014-10-09 09:18:55.325 JST" Interest="1.0" Kind="selection" Navigation="null" OriginId="com.android.ide.eclipse.editors.manifest.ManifestEditor" StartDate="2014-10-09 09:18:55.325 JST" StructureHandle="/TA2/AndroidManifest.xml" StructureKind="resource"/><InteractionEvent Delta="null" EndDate="2014-10-09 08:49:11.390 JST" Interest="0.90400004" Kind="manipulation" Navigation="null" OriginId="org.eclipse.mylyn.core.model.interest.decay.correction" StartDate="2014-10-09 08:49:11.390 JST" StructureHandle="/IFM11/res/layout" StructureKind="resource"/><InteractionEvent Delta="null" EndDate="2014-10-09 08:49:38.948 JST" Interest="1.0339999" Kind="propagation" Navigation="org.eclipse.mylyn.core.model.edges.containment" OriginId="org.eclipse.mylyn.core.model.interest.propagation" StartDate="2014-10-09 08:49:13.682 JST" StructureHandle="/IFM11/res/layout" StructureKind="resource" NumEvents="2" CreationCount="146"/><InteractionEvent Delta="null" EndDate="2014-10-09 08:52:07.734 JST" Interest="4.0" Kind="selection" Navigation="null" OriginId="org.eclipse.ui.views.ResourceNavigator" StartDate="2014-10-09 08:35:06.523 JST" StructureHandle="/IFM11/res/layout" StructureKind="resource" NumEvents="4" CreationCount="146"/><InteractionEvent Delta="null" EndDate="2014-10-09 08:54:38.79 JST" Interest="1.017" Kind="propagation" Navigation="org.eclipse.mylyn.core.model.edges.containment" OriginId="org.eclipse.mylyn.core.model.interest.propagation" StartDate="2014-10-09 08:54:31.994 JST" StructureHandle="=TA2/src&amp;lt;ta2.utils{CONS.java#" StructureKind="java" NumEvents="2" CreationCount="401"/><InteractionEvent Delta="null" EndDate="2014-10-09 09:23:48.198 JST" Interest="28.0" Kind="edit" Navigation="null" OriginId="org.eclipse.jdt.ui.CompilationUnitEditor" StartDate="2014-10-09 09:22:08.497 JST" StructureHandle="=TA2/src&amp;lt;ta2.main{ImageActv.java[ImageActv~do_test" StructureKind="java" NumEvents="28" CreationCount="1208"/><InteractionEvent Delta="null" EndDate="2014-10-09 09:23:46.944 JST" Interest="3.0" Kind="selection" Navigation="null" OriginId="org.eclipse.jdt.ui.CompilationUnitEditor" StartDate="2014-10-09 09:22:08.491 JST" StructureHandle="=TA2/src&amp;lt;ta2.main{ImageActv.java[ImageActv~do_test" StructureKind="java" NumEvents="3" CreationCount="1208"/><InteractionEvent Delta="null" EndDate="2014-10-09 08:52:27.985 JST" Interest="1.8560002" Kind="manipulation" Navigation="null" OriginId="org.eclipse.mylyn.core.model.interest.decay.correction" StartDate="2014-10-09 08:52:27.985 JST" StructureHandle="=TA2/src&amp;lt;ta2.utils{CONS.java[CONS[IFM11^col_names_IFM11_full" StructureKind="java"/><InteractionEvent Delta="null" EndDate="2014-10-09 08:52:27.985 JST" Interest="2.0" Kind="selection" Navigation="null" OriginId="org.eclipse.jdt.ui.CompilationUnitEditor" StartDate="2014-10-09 08:35:56.900 JST" StructureHandle="=TA2/src&amp;lt;ta2.utils{CONS.java[CONS[IFM11^col_names_IFM11_full" StructureKind="java" NumEvents="2" CreationCount="179"/><InteractionEvent Delta="null" EndDate="2014-10-09 08:25:43.169 JST" Interest="1.0" Kind="selection" Navigation="null" OriginId="org.eclipse.jdt.ui.CompilationUnitEditor" StartDate="2014-10-09 08:25:43.169 JST" StructureHandle="=TA2/src&amp;lt;ta2.utils{CONS.java[CONS[PrefActv^sp_NoSelection_label" StructureKind="java"/><InteractionEvent Delta="null" EndDate="2014-10-09 08:49:05.925 JST" Interest="2.0" Kind="selection" Navigation="null" OriginId="org.eclipse.ui.views.ResourceNavigator" StartDate="2014-10-09 08:48:38.819 JST" StructureHandle="=IFM11/src&amp;lt;ifm11.items{MyView.java" StructureKind="java" NumEvents="2" CreationCount="247"/><InteractionEvent Delta="null" EndDate="2014-10-09 09:27:20.0 JST" Interest="3.0" Kind="prediction" Navigation="null" OriginId="org.eclipse.mylyn.resources.ui.interest.updater" StartDate="2014-10-09 08:28:02.805 JST" StructureHandle="/TA2/bin/TA2.apk" StructureKind="resource" NumEvents="3" CreationCount="105"/><InteractionEvent Delta="null" EndDate="2014-10-09 09:01:55.774 JST" Interest="7.0" Kind="edit" Navigation="null" OriginId="com.android.ide.eclipse.editors.CommonXmlEditor" StartDate="2014-10-09 09:01:30.12 JST" StructureHandle="/IFM11/res/values/strings.xml" StructureKind="resource" NumEvents="7" CreationCount="597"/><InteractionEvent Delta="null" EndDate="2014-10-09 09:01:55.721 JST" Interest="4.0" Kind="selection" Navigation="null" OriginId="com.android.ide.eclipse.editors.CommonXmlEditor" StartDate="2014-10-09 09:01:29.474 JST" StructureHandle="/IFM11/res/values/strings.xml" StructureKind="resource" NumEvents="4" CreationCount="597"/><InteractionEvent Delta="null" EndDate="2014-10-09 08:35:02.237 JST" Interest="2.0" Kind="propagation" Navigation="null" OriginId="org.eclipse.ui.views.ResourceNavigator" StartDate="2014-10-09 08:34:23.683 JST" StructureHandle="/IFM11/gen" StructureKind="resource" NumEvents="2" CreationCount="128"/><InteractionEvent Delta="null" EndDate="2014-10-09 09:24:37.931 JST" Interest="140.44199" Kind="propagation" Navigation="org.eclipse.mylyn.core.model.edges.containment" OriginId="org.eclipse.mylyn.core.model.interest.propagation" StartDate="2014-10-09 08:34:23.683 JST" StructureHandle="=IFM11" StructureKind="resource" NumEvents="144" CreationCount="127"/><InteractionEvent Delta="null" EndDate="2014-10-09 08:33:55.194 JST" Interest="1.0" Kind="selection" Navigation="null" OriginId="org.eclipse.ui.views.ResourceNavigator" StartDate="2014-10-09 08:33:55.194 JST" StructureHandle="=IFM11" StructureKind="java"/><InteractionEvent Delta="null" EndDate="2014-10-09 08:52:58.278 JST" Interest="1.0910001" Kind="manipulation" Navigation="null" OriginId="org.eclipse.mylyn.core.model.interest.decay.correction" StartDate="2014-10-09 08:52:58.278 JST" StructureHandle="=IFM11/src&amp;lt;ifm11.main{ImageActv.java[ImageActv^file_Id" StructureKind="java"/><InteractionEvent Delta="null" EndDate="2014-10-09 08:52:58.278 JST" Interest="2.0" Kind="selection" Navigation="null" OriginId="org.eclipse.jdt.ui.CompilationUnitEditor" StartDate="2014-10-09 08:48:06.718 JST" StructureHandle="=IFM11/src&amp;lt;ifm11.main{ImageActv.java[ImageActv^file_Id" StructureKind="java" NumEvents="2" CreationCount="235"/><InteractionEvent Delta="null" EndDate="2014-10-09 09:01:53.365 JST" Interest="4.0" Kind="edit" Navigation="null" OriginId="com.android.ide.eclipse.editors.CommonXmlEditor" StartDate="2014-10-09 09:01:47.698 JST" StructureHandle="/TA2/res/values/strings.xml" StructureKind="resource" NumEvents="4" CreationCount="610"/><InteractionEvent Delta="null" EndDate="2014-10-09 09:06:31.400 JST" Interest="2.0" Kind="selection" Navigation="null" OriginId="org.eclipse.jdt.ui.PackageExplorer" StartDate="2014-10-09 09:01:47.635 JST" StructureHandle="/TA2/res/values/strings.xml" StructureKind="resource" NumEvents="2" CreationCount="610"/><InteractionEvent Delta="null" EndDate="2014-10-09 09:17:46.705 JST" Interest="26.333998" Kind="propagation" Navigation="org.eclipse.mylyn.core.model.edges.containment" OriginId="org.eclipse.mylyn.core.model.interest.propagation" StartDate="2014-10-09 09:16:15.979 JST" StructureHandle="=TA2/src&amp;lt;ta2.utils{Methods.java" StructureKind="java" NumEvents="39" CreationCount="1012"/><InteractionEvent Delta="null" EndDate="2014-10-09 09:16:12.618 JST" Interest="2.0" Kind="selection" Navigation="null" OriginId="org.eclipse.jdt.ui.CompilationUnitEditor" StartDate="2014-10-09 09:16:12.403 JST" StructureHandle="=TA2/src&amp;lt;ta2.utils{Methods.java" StructureKind="java" NumEvents="2" CreationCount="1012"/><InteractionEvent Delta="null" EndDate="2014-10-09 08:34:30.801 JST" Interest="3.0" Kind="edit" Navigation="null" OriginId="org.eclipse.jdt.ui.CompilationUnitEditor" StartDate="2014-10-09 08:25:40.71 JST" StructureHandle="=TA2/src&amp;lt;ta2.utils{CONS.java[CONS[PhotoActv" StructureKind="java" NumEvents="3" CreationCount="25"/><InteractionEvent Delta="null" EndDate="2014-10-09 09:06:45.864 JST" Interest="3.0350006" Kind="manipulation" Navigation="null" OriginId="org.eclipse.mylyn.core.model.interest.decay.correction" StartDate="2014-10-09 09:06:45.864 JST" StructureHandle="=TA2/src&amp;lt;ta2.utils{CONS.java[CONS[PhotoActv" StructureKind="java"/><InteractionEvent Delta="null" EndDate="2014-10-09 09:07:01.612 JST" Interest="2.9699998" Kind="propagation" Navigation="org.eclipse.mylyn.core.model.edges.containment" OriginId="org.eclipse.mylyn.core.model.interest.propagation" StartDate="2014-10-09 08:25:58.264 JST" StructureHandle="=TA2/src&amp;lt;ta2.utils{CONS.java[CONS[PhotoActv" StructureKind="java" NumEvents="6" CreationCount="25"/><InteractionEvent Delta="null" EndDate="2014-10-09 09:06:49.567 JST" Interest="9.0" Kind="selection" Navigation="null" OriginId="org.eclipse.jdt.ui.CompilationUnitEditor" StartDate="2014-10-09 08:25:38.4 JST" StructureHandle="=TA2/src&amp;lt;ta2.utils{CONS.java[CONS[PhotoActv" StructureKind="java" NumEvents="9" CreationCount="25"/><InteractionEvent Delta="null" EndDate="2014-10-09 09:18:51.921 JST" Interest="1.0" Kind="propagation" Navigation="null" OriginId="org.eclipse.jdt.ui.PackageExplorer" StartDate="2014-10-09 09:18:51.921 JST" StructureHandle="/TA2/src/ta2/utils/Methods_dlg.java" StructureKind="resource"/><InteractionEvent Delta="null" EndDate="2014-10-09 09:32:54.240 JST" Interest="1655.0" Kind="propagation" Navigation="null" OriginId="org.eclipse.jdt.ui.CompilationUnitEditor" StartDate="2014-10-09 08:24:39.573 JST" StructureHandle="/" StructureKind="resource" NumEvents="1655" CreationCount="1"/><InteractionEvent Delta="null" EndDate="2014-10-09 09:18:51.921 JST" Interest="1.0" Kind="selection" Navigation="null" OriginId="org.eclipse.jdt.ui.PackageExplorer" StartDate="2014-10-09 09:18:51.921 JST" StructureHandle="=TA2/src&amp;lt;ta2.utils{Methods_dlg.java" StructureKind="java"/><InteractionEvent Delta="null" EndDate="2014-10-09 09:03:26.785 JST" Interest="4.0" Kind="edit" Navigation="null" OriginId="org.eclipse.jdt.ui.CompilationUnitEditor" StartDate="2014-10-09 09:03:20.383 JST" StructureHandle="=TA2/src&amp;lt;ta2.main{ImageActv.java[ImageActv~_case_AddMemo" StructureKind="java" NumEvents="4" CreationCount="647"/><InteractionEvent Delta="null" EndDate="2014-10-09 09:03:19.793 JST" Interest="1.0" Kind="selection" Navigation="null" OriginId="org.eclipse.jdt.ui.CompilationUnitEditor" StartDate="2014-10-09 09:03:19.793 JST" StructureHandle="=TA2/src&amp;lt;ta2.main{ImageActv.java[ImageActv~_case_AddMemo" StructureKind="java"/><InteractionEvent Delta="null" EndDate="2014-10-09 08:53:35.230 JST" Interest="4.893" Kind="propagation" Navigation="org.eclipse.mylyn.core.model.edges.containment" OriginId="org.eclipse.mylyn.core.model.interest.propagation" StartDate="2014-10-09 08:48:06.719 JST" StructureHandle="=IFM11/src&amp;lt;ifm11.main{ImageActv.java[ImageActv" StructureKind="java" NumEvents="5" CreationCount="235"/><InteractionEvent Delta="null" EndDate="2014-10-09 08:51:40.936 JST" Interest="9.9" Kind="propagation" Navigation="org.eclipse.mylyn.core.model.edges.containment" OriginId="org.eclipse.mylyn.core.model.interest.propagation" StartDate="2014-10-09 08:49:24.203 JST" StructureHandle="/TA2/res/layout" StructureKind="resource" NumEvents="12" CreationCount="261"/><InteractionEvent Delta="null" EndDate="2014-10-09 09:02:23.537 JST" Interest="1.0" Kind="selection" Navigation="null" OriginId="org.eclipse.jdt.ui.CompilationUnitEditor" StartDate="2014-10-09 09:02:23.537 JST" StructureHandle="=TA2/src&amp;lt;ta2.utils{Tags.java[Tags[ButtonTags^image_activity_next" StructureKind="java"/><InteractionEvent Delta="null" EndDate="2014-10-09 09:15:24.952 JST" Interest="2.0" Kind="edit" Navigation="null" OriginId="org.eclipse.jdt.ui.CompilationUnitEditor" StartDate="2014-10-09 09:15:24.949 JST" StructureHandle="=TA2/src&amp;lt;ta2.main{ImageActv.java" StructureKind="java" NumEvents="2" CreationCount="238"/><InteractionEvent Delta="null" EndDate="2014-10-09 09:26:43.384 JST" Interest="33.0" Kind="selection" Navigation="null" OriginId="org.eclipse.jdt.ui.CompilationUnitEditor" StartDate="2014-10-09 08:48:13.756 JST" StructureHandle="=TA2/src&amp;lt;ta2.main{ImageActv.java" StructureKind="java" NumEvents="33" CreationCount="238"/><InteractionEvent Delta="null" EndDate="2014-10-09 09:26:57.240 JST" Interest="88.63699" Kind="propagation" Navigation="org.eclipse.mylyn.core.model.edges.containment" OriginId="org.eclipse.mylyn.core.model.interest.propagation" StartDate="2014-10-09 08:48:11.797 JST" StructureHandle="=TA2/src&amp;lt;ta2.main{ImageActv.java" StructureKind="java" NumEvents="131" CreationCount="238"/><InteractionEvent Delta="null" EndDate="2014-10-09 08:52:07.487 JST" Interest="1.0" Kind="selection" Navigation="null" OriginId="org.eclipse.ui.views.ResourceNavigator" StartDate="2014-10-09 08:52:07.487 JST" StructureHandle="/IFM11/res/layout/add_memo_grid_view.xml" StructureKind="resource"/><InteractionEvent Delta="null" EndDate="2014-10-09 09:26:51.374 JST" Interest="2.0" Kind="edit" Navigation="null" OriginId="org.eclipse.jdt.ui.CompilationUnitEditor" StartDate="2014-10-09 09:26:51.371 JST" StructureHandle="=TA2/src&amp;lt;ta2.main{ImageActv.java[ImageActv^vib" StructureKind="java" NumEvents="2" CreationCount="1585"/><InteractionEvent Delta="null" EndDate="2014-10-09 09:26:51.368 JST" Interest="1.0" Kind="selection" Navigation="null" OriginId="org.eclipse.jdt.ui.CompilationUnitEditor" StartDate="2014-10-09 09:26:51.368 JST" StructureHandle="=TA2/src&amp;lt;ta2.main{ImageActv.java[ImageActv^vib" StructureKind="java"/><InteractionEvent Delta="null" EndDate="2014-10-09 09:06:40.376 JST" Interest="8.0" Kind="edit" Navigation="null" OriginId="org.eclipse.jdt.ui.CompilationUnitEditor" StartDate="2014-10-09 08:34:42.138 JST" StructureHandle="=TA2/src&amp;lt;ta2.utils{CONS.java[CONS[IFM11" StructureKind="java" NumEvents="8" CreationCount="138"/><InteractionEvent Delta="null" EndDate="2014-10-09 09:06:39.725 JST" Interest="0.04800129" Kind="manipulation" Navigation="null" OriginId="org.eclipse.mylyn.core.model.interest.decay.correction" StartDate="2014-10-09 09:06:39.725 JST" StructureHandle="=TA2/src&amp;lt;ta2.utils{CONS.java[CONS[IFM11" StructureKind="java"/><InteractionEvent Delta="null" EndDate="2014-10-09 09:06:39.725 JST" Interest="7.0" Kind="selection" Navigation="null" OriginId="org.eclipse.jdt.ui.CompilationUnitEditor" StartDate="2014-10-09 08:34:40.266 JST" StructureHandle="=TA2/src&amp;lt;ta2.utils{CONS.java[CONS[IFM11" StructureKind="java" NumEvents="7" CreationCount="138"/><InteractionEvent Delta="null" EndDate="2014-10-09 08:26:00.224 JST" Interest="2.0" Kind="edit" Navigation="null" OriginId="org.eclipse.jdt.ui.CompilationUnitEditor" StartDate="2014-10-09 08:25:52.383 JST" StructureHandle="=TA2/src&amp;lt;ta2.utils{CONS.java[CONS[PhotoActv^content_Uri" StructureKind="java" NumEvents="2" CreationCount="30"/><InteractionEvent Delta="null" EndDate="2014-10-09 08:25:58.263 JST" Interest="2.0" Kind="selection" Navigation="null" OriginId="org.eclipse.jdt.ui.CompilationUnitEditor" StartDate="2014-10-09 08:25:51.885 JST" StructureHandle="=TA2/src&amp;lt;ta2.utils{CONS.java[CONS[PhotoActv^content_Uri" StructureKind="java" NumEvents="2" CreationCount="30"/><InteractionEvent Delta="null" EndDate="2014-10-09 08:50:50.232 JST" Interest="1.0" Kind="propagation" Navigation="null" OriginId="org.eclipse.mylyn.resources.ui.interest.updater" StartDate="2014-10-09 08:50:50.232 JST" StructureHandle="/TA2/res/drawable/ifm8_back.png" StructureKind="resource"/><InteractionEvent Delta="null" EndDate="2014-10-09 08:51:36.630 JST" Interest="1.0" Kind="propagation" Navigation="null" OriginId="org.eclipse.mylyn.resources.ui.interest.updater" StartDate="2014-10-09 08:51:36.630 JST" StructureHandle="/TA2/res/drawable/ifm8_forward_disenabled.png" StructureKind="resource"/><InteractionEvent Delta="null" EndDate="2014-10-09 09:17:46.704 JST" Interest="39.0" Kind="edit" Navigation="null" OriginId="org.eclipse.jdt.ui.CompilationUnitEditor" StartDate="2014-10-09 09:16:15.138 JST" StructureHandle="=TA2/src&amp;lt;ta2.utils{Methods.java[Methods~find_TI_From_TIList~QActivity;~J" StructureKind="java" NumEvents="39" CreationCount="1014"/><InteractionEvent Delta="null" EndDate="2014-10-09 09:16:14.280 JST" Interest="1.0" Kind="selection" Navigation="null" OriginId="org.eclipse.jdt.ui.CompilationUnitEditor" StartDate="2014-10-09 09:16:14.280 JST" StructureHandle="=TA2/src&amp;lt;ta2.utils{Methods.java[Methods~find_TI_From_TIList~QImageActv;~J" StructureKind="java"/><InteractionEvent Delta="null" EndDate="2014-10-09 09:28:36.318 JST" Interest="14.0" Kind="edit" Navigation="null" OriginId="org.eclipse.jdt.ui.CompilationUnitEditor" StartDate="2014-10-09 09:05:16.255 JST" StructureHandle="=TA2/src&amp;lt;ta2.main{PhotoActv.java[PhotoActv" StructureKind="java" NumEvents="14" CreationCount="47"/><InteractionEvent Delta="null" EndDate="2014-10-09 09:28:36.310 JST" Interest="18.0" Kind="selection" Navigation="null" OriginId="org.eclipse.jdt.ui.CompilationUnitEditor" StartDate="2014-10-09 08:26:45.999 JST" StructureHandle="=TA2/src&amp;lt;ta2.main{PhotoActv.java[PhotoActv" StructureKind="java" NumEvents="18" CreationCount="47"/><InteractionEvent Delta="null" EndDate="2014-10-09 09:32:54.239 JST" Interest="137.321" Kind="propagation" Navigation="org.eclipse.mylyn.core.model.edges.containment" OriginId="org.eclipse.mylyn.core.model.interest.propagation" StartDate="2014-10-09 08:26:15.919 JST" StructureHandle="=TA2/src&amp;lt;ta2.main{PhotoActv.java[PhotoActv" StructureKind="java" NumEvents="195" CreationCount="47"/><InteractionEvent Delta="null" EndDate="2014-10-09 09:07:02.646 JST" Interest="46.0" Kind="propagation" Navigation="null" OriginId="org.eclipse.jdt.ui.CompilationUnitEditor" StartDate="2014-10-09 08:24:55.299 JST" StructureHandle="/TA2/src/ta2/main/MainActv.java" StructureKind="resource" NumEvents="46" CreationCount="6"/><InteractionEvent Delta="null" EndDate="2014-10-09 09:24:37.932 JST" Interest="142.068" Kind="propagation" Navigation="null" OriginId="org.eclipse.jdt.ui.CompilationUnitEditor" StartDate="2014-10-09 08:35:09.300 JST" StructureHandle="/IFM11/src" StructureKind="resource" NumEvents="146" CreationCount="149"/><InteractionEvent Delta="null" EndDate="2014-10-09 08:35:11.530 JST" Interest="1.0" Kind="selection" Navigation="null" OriginId="org.eclipse.ui.views.ResourceNavigator" StartDate="2014-10-09 08:35:11.530 JST" StructureHandle="=IFM11/src&amp;lt;ifm11.tasks" StructureKind="java"/><InteractionEvent Delta="null" EndDate="2014-10-09 09:24:37.931 JST" Interest="72.410995" Kind="propagation" Navigation="org.eclipse.mylyn.core.model.edges.containment" OriginId="org.eclipse.mylyn.core.model.interest.propagation" StartDate="2014-10-09 08:35:09.382 JST" StructureHandle="/IFM11/src/ifm11" StructureKind="resource" NumEvents="78" CreationCount="150"/><InteractionEvent Delta="null" EndDate="2014-10-09 09:24:37.673 JST" Interest="34.436" Kind="propagation" Navigation="org.eclipse.mylyn.core.model.edges.containment" OriginId="org.eclipse.mylyn.core.model.interest.propagation" StartDate="2014-10-09 08:35:09.382 JST" StructureHandle="=IFM11/src" StructureKind="java" NumEvents="57" CreationCount="149"/><InteractionEvent Delta="null" EndDate="2014-10-09 08:35:09.300 JST" Interest="1.0" Kind="selection" Navigation="null" OriginId="org.eclipse.ui.views.ResourceNavigator" StartDate="2014-10-09 08:35:09.300 JST" StructureHandle="=IFM11/src" StructureKind="java"/><InteractionEvent Delta="null" EndDate="2014-10-09 08:48:18.949 JST" Interest="1.0" Kind="selection" Navigation="null" OriginId="org.eclipse.jdt.ui.CompilationUnitEditor" StartDate="2014-10-09 08:48:18.949 JST" StructureHandle="=TA2/src&amp;lt;ta2.main{ImageActv.java#ifm11.items.MyView" StructureKind="java"/><InteractionEvent Delta="null" EndDate="2014-10-09 08:57:21.932 JST" Interest="6.0" Kind="edit" Navigation="null" OriginId="org.eclipse.jdt.ui.CompilationUnitEditor" StartDate="2014-10-09 08:26:27.32 JST" StructureHandle="=TA2/src&amp;lt;ta2.main{PhotoActv.java[PhotoActv~_Setup_Init_Vars" StructureKind="java" NumEvents="6" CreationCount="48"/><InteractionEvent Delta="null" EndDate="2014-10-09 08:57:21.927 JST" Interest="0.5210004" Kind="manipulation" Navigation="null" OriginId="org.eclipse.mylyn.core.model.interest.decay.correction" StartDate="2014-10-09 08:57:21.927 JST" StructureHandle="=TA2/src&amp;lt;ta2.main{PhotoActv.java[PhotoActv~_Setup_Init_Vars" StructureKind="java"/><InteractionEvent Delta="null" EndDate="2014-10-09 08:57:21.927 JST" Interest="4.0" Kind="selection" Navigation="null" OriginId="org.eclipse.jdt.ui.CompilationUnitEditor" StartDate="2014-10-09 08:26:24.626 JST" StructureHandle="=TA2/src&amp;lt;ta2.main{PhotoActv.java[PhotoActv~_Setup_Init_Vars" StructureKind="java" NumEvents="4" CreationCount="48"/><InteractionEvent Delta="null" EndDate="2014-10-09 08:57:27.144 JST" Interest="3.7400002" Kind="propagation" Navigation="org.eclipse.mylyn.core.model.edges.containment" OriginId="org.eclipse.mylyn.core.model.interest.propagation" StartDate="2014-10-09 08:48:38.820 JST" StructureHandle="=IFM11/src&amp;lt;ifm11.items" StructureKind="java" NumEvents="4" CreationCount="246"/><InteractionEvent Delta="null" EndDate="2014-10-09 08:48:36.328 JST" Interest="1.0" Kind="selection" Navigation="null" OriginId="org.eclipse.ui.views.ResourceNavigator" StartDate="2014-10-09 08:48:36.328 JST" StructureHandle="=IFM11/src&amp;lt;ifm11.items" StructureKind="java"/><InteractionEvent Delta="null" EndDate="2014-10-09 09:00:19.594 JST" Interest="6.6610003" Kind="propagation" Navigation="org.eclipse.mylyn.core.model.edges.containment" OriginId="org.eclipse.mylyn.core.model.interest.propagation" StartDate="2014-10-09 08:48:45.569 JST" StructureHandle="=TA2/src&amp;lt;ta2.items" StructureKind="java" NumEvents="8" CreationCount="248"/><InteractionEvent Delta="null" EndDate="2014-10-09 09:00:10.890 JST" Interest="1.0" Kind="selection" Navigation="null" OriginId="org.eclipse.ui.views.ResourceNavigator" StartDate="2014-10-09 09:00:10.890 JST" StructureHandle="=IFM11/src&amp;lt;ifm11.main{PrefActv.java" StructureKind="java"/><InteractionEvent Delta="null" EndDate="2014-10-09 08:24:57.974 JST" Interest="1.0" Kind="selection" Navigation="null" OriginId="org.eclipse.ui.views.ContentOutline" StartDate="2014-10-09 08:24:57.974 JST" StructureHandle="=TA2/src&amp;lt;ta2.main{MainActv.java%ta2.main" StructureKind="java"/><InteractionEvent Delta="null" EndDate="2014-10-09 09:03:57.59 JST" Interest="6.0" Kind="edit" Navigation="null" OriginId="org.eclipse.jdt.ui.CompilationUnitEditor" StartDate="2014-10-09 09:03:31.3 JST" StructureHandle="=TA2/src&amp;lt;ta2.main{ImageActv.java[ImageActv~_Setup_Update_LastViewed" StructureKind="java" NumEvents="6" CreationCount="652"/><InteractionEvent Delta="null" EndDate="2014-10-09 09:09:14.516 JST" Interest="5.0" Kind="selection" Navigation="null" OriginId="org.eclipse.jdt.ui.CompilationUnitEditor" StartDate="2014-10-09 09:03:30.228 JST" StructureHandle="=TA2/src&amp;lt;ta2.main{ImageActv.java[ImageActv~_Setup_Update_LastViewed" StructureKind="java" NumEvents="5" CreationCount="652"/><InteractionEvent Delta="null" EndDate="2014-10-09 08:52:01.814 JST" Interest="5.0" Kind="selection" Navigation="null" OriginId="org.eclipse.ui.views.ResourceNavigator" StartDate="2014-10-09 08:51:13.87 JST" StructureHandle="/IFM11/res/drawable/ifm8_image_actv_back_70x70.png" StructureKind="resource" NumEvents="5" CreationCount="296"/><InteractionEvent Delta="null" EndDate="2014-10-09 09:18:27.888 JST" Interest="24.0" Kind="propagation" Navigation="null" OriginId="org.eclipse.jdt.ui.CompilationUnitEditor" StartDate="2014-10-09 08:58:01.290 JST" StructureHandle="/IFM11/src/ifm11/utils/DBUtils.java" StructureKind="resource" NumEvents="24" CreationCount="485"/><InteractionEvent Delta="null" EndDate="2014-10-09 08:58:40.536 JST" Interest="13.617" Kind="propagation" Navigation="org.eclipse.mylyn.core.model.edges.containment" OriginId="org.eclipse.mylyn.core.model.interest.propagation" StartDate="2014-10-09 08:58:02.223 JST" StructureHandle="=IFM11/src&amp;lt;ifm11.utils{DBUtils.java" StructureKind="java" NumEvents="20" CreationCount="485"/><InteractionEvent Delta="null" EndDate="2014-10-09 09:18:27.798 JST" Interest="3.0" Kind="selection" Navigation="null" OriginId="org.eclipse.jdt.ui.CompilationUnitEditor" StartDate="2014-10-09 08:58:01.289 JST" StructureHandle="=IFM11/src&amp;lt;ifm11.utils{DBUtils.java" StructureKind="java" NumEvents="3" CreationCount="485"/><InteractionEvent Delta="null" EndDate="2014-10-09 08:57:25.980 JST" Interest="2.0" Kind="selection" Navigation="null" OriginId="org.eclipse.jdt.ui.PackageExplorer" StartDate="2014-10-09 08:54:07.309 JST" StructureHandle="=TA2/src&amp;lt;ta2.items{TI.java" StructureKind="java" NumEvents="2" CreationCount="389"/><InteractionEvent Delta="null" EndDate="2014-10-09 08:54:05.476 JST" Interest="1.0" Kind="propagation" Navigation="null" OriginId="org.eclipse.mylyn.resources.ui.interest.updater" StartDate="2014-10-09 08:54:05.476 JST" StructureHandle="=TA2/src&amp;lt;ta2.items{TI.java" StructureKind="java"/><InteractionEvent Delta="null" EndDate="2014-10-09 08:35:36.331 JST" Interest="1.0" Kind="selection" Navigation="null" OriginId="org.eclipse.jdt.ui.CompilationUnitEditor" StartDate="2014-10-09 08:35:36.331 JST" StructureHandle="=TA2/src&amp;lt;ta2.utils{CONS.java[CONS[IFM11^col_types_IFM11" StructureKind="java"/><InteractionEvent Delta="null" EndDate="2014-10-09 09:32:54.240 JST" Interest="163.835" Kind="propagation" Navigation="org.eclipse.mylyn.core.model.edges.containment" OriginId="org.eclipse.mylyn.core.model.interest.propagation" StartDate="2014-10-09 08:24:55.300 JST" StructureHandle="=TA2/src&amp;lt;ta2.main" StructureKind="java" NumEvents="244" CreationCount="5"/><InteractionEvent Delta="null" EndDate="2014-10-09 08:48:09.136 JST" Interest="2.0" Kind="selection" Navigation="null" OriginId="org.eclipse.jdt.ui.PackageExplorer" StartDate="2014-10-09 08:24:53.451 JST" StructureHandle="=TA2/src&amp;lt;ta2.main" StructureKind="java" NumEvents="2" CreationCount="5"/><InteractionEvent Delta="null" EndDate="2014-10-09 08:33:12.562 JST" Interest="1.0" Kind="edit" Navigation="null" OriginId="org.eclipse.jdt.ui.CompilationUnitEditor" StartDate="2014-10-09 08:33:12.562 JST" StructureHandle="=TA2/src&amp;lt;ta2.main{MainActv.java[MainActv" StructureKind="java"/><InteractionEvent Delta="null" EndDate="2014-10-09 08:33:12.558 JST" Interest="1.0" Kind="selection" Navigation="null" OriginId="org.eclipse.jdt.ui.CompilationUnitEditor" StartDate="2014-10-09 08:33:12.558 JST" StructureHandle="=TA2/src&amp;lt;ta2.main{MainActv.java[MainActv" StructureKind="java"/><InteractionEvent Delta="null" EndDate="2014-10-09 08:33:11.257 JST" Interest="20.7" Kind="propagation" Navigation="org.eclipse.mylyn.core.model.edges.containment" OriginId="org.eclipse.mylyn.core.model.interest.propagation" StartDate="2014-10-09 08:25:00.753 JST" StructureHandle="=TA2/src&amp;lt;ta2.main{MainActv.java[MainActv" StructureKind="java" NumEvents="27" CreationCount="9"/><InteractionEvent Delta="null" EndDate="2014-10-09 08:50:32.530 JST" Interest="1.3800001" Kind="manipulation" Navigation="null" OriginId="org.eclipse.mylyn.core.model.interest.decay.correction" StartDate="2014-10-09 08:50:32.530 JST" StructureHandle="/IFM11/res/drawable" StructureKind="resource"/><InteractionEvent Delta="null" EndDate="2014-10-09 09:01:24.239 JST" Interest="6.151" Kind="propagation" Navigation="org.eclipse.mylyn.core.model.edges.containment" OriginId="org.eclipse.mylyn.core.model.interest.propagation" StartDate="2014-10-09 08:50:40.512 JST" StructureHandle="/IFM11/res/drawable" StructureKind="resource" NumEvents="10" CreationCount="145"/><InteractionEvent Delta="null" EndDate="2014-10-09 09:01:26.826 JST" Interest="5.0" Kind="selection" Navigation="null" OriginId="org.eclipse.ui.views.ResourceNavigator" StartDate="2014-10-09 08:35:03.996 JST" StructureHandle="/IFM11/res/drawable" StructureKind="resource" NumEvents="5" CreationCount="145"/><InteractionEvent Delta="null" EndDate="2014-10-09 08:48:24.180 JST" Interest="1.0" Kind="selection" Navigation="null" OriginId="org.eclipse.jdt.ui.CompilationUnitEditor" StartDate="2014-10-09 08:48:24.180 JST" StructureHandle="=TA2/src&amp;lt;ta2.main{ImageActv.java#android.app.Activity" StructureKind="java"/><InteractionEvent Delta="null" EndDate="2014-10-09 08:35:46.181 JST" Interest="1.0" Kind="selection" Navigation="null" OriginId="org.eclipse.jdt.ui.CompilationUnitEditor" StartDate="2014-10-09 08:35:46.181 JST" StructureHandle="=TA2/src&amp;lt;ta2.utils{CONS.java[CONS[IFM11^col_names_IFM11" StructureKind="java"/><InteractionEvent Delta="null" EndDate="2014-10-09 08:25:29.774 JST" Interest="1.0" Kind="edit" Navigation="null" OriginId="org.eclipse.jdt.ui.CompilationUnitEditor" StartDate="2014-10-09 08:25:29.774 JST" StructureHandle="=TA2/src&amp;lt;ta2.utils{CONS.java[CONS[PrefActv" StructureKind="java"/><InteractionEvent Delta="null" EndDate="2014-10-09 08:25:28.139 JST" Interest="1.0" Kind="selection" Navigation="null" OriginId="org.eclipse.jdt.ui.CompilationUnitEditor" StartDate="2014-10-09 08:25:28.139 JST" StructureHandle="=TA2/src&amp;lt;ta2.utils{CONS.java[CONS[PrefActv" StructureKind="java"/><InteractionEvent Delta="null" EndDate="2014-10-09 09:24:37.931 JST" Interest="29.979" Kind="propagation" Navigation="org.eclipse.mylyn.core.model.edges.containment" OriginId="org.eclipse.mylyn.core.model.interest.propagation" StartDate="2014-10-09 08:57:31.853 JST" StructureHandle="=IFM11/src&amp;lt;ifm11.main{TNActv.java[TNActv" StructureKind="java" NumEvents="37" CreationCount="470"/><InteractionEvent Delta="null" EndDate="2014-10-09 09:19:31.988 JST" Interest="1.0" Kind="prediction" Navigation="null" OriginId="org.eclipse.mylyn.resources.ui.interest.updater" StartDate="2014-10-09 09:19:31.988 JST" StructureHandle="/TA2/bin/AndroidManifest.xml" StructureKind="resource"/><InteractionEvent Delta="null" EndDate="2014-10-09 08:52:13.641 JST" Interest="1.0" Kind="selection" Navigation="null" OriginId="org.eclipse.ui.views.ContentOutline" StartDate="2014-10-09 08:52:13.641 JST" StructureHandle="=IFM11/src&amp;lt;ifm11.utils{CONS.java[CONS[DB^col_types_IFM11" StructureKind="java"/><InteractionEvent Delta="null" EndDate="2014-10-09 09:07:01.611 JST" Interest="3.0" Kind="edit" Navigation="null" OriginId="org.eclipse.jdt.ui.CompilationUnitEditor" StartDate="2014-10-09 09:06:57.294 JST" StructureHandle="=TA2/src&amp;lt;ta2.utils{CONS.java[CONS[PhotoActv^ti_List" StructureKind="java" NumEvents="3" CreationCount="790"/><InteractionEvent Delta="null" EndDate="2014-10-09 09:06:55.607 JST" Interest="2.0" Kind="selection" Navigation="null" OriginId="org.eclipse.jdt.ui.CompilationUnitEditor" StartDate="2014-10-09 09:06:54.796 JST" StructureHandle="=TA2/src&amp;lt;ta2.utils{CONS.java[CONS[PhotoActv^ti_List" StructureKind="java" NumEvents="2" CreationCount="790"/><InteractionEvent Delta="null" EndDate="2014-10-09 09:03:04.405 JST" Interest="6.0" Kind="propagation" Navigation="null" OriginId="org.eclipse.jdt.ui.CompilationUnitEditor" StartDate="2014-10-09 09:02:22.597 JST" StructureHandle="/TA2/src/ta2/utils/Tags.java" StructureKind="resource" NumEvents="6" CreationCount="624"/><InteractionEvent Delta="null" EndDate="2014-10-09 09:03:04.405 JST" Interest="1.2720001" Kind="propagation" Navigation="org.eclipse.mylyn.core.model.edges.containment" OriginId="org.eclipse.mylyn.core.model.interest.propagation" StartDate="2014-10-09 09:02:23.543 JST" StructureHandle="=TA2/src&amp;lt;ta2.utils{Tags.java[Tags" StructureKind="java" NumEvents="3" CreationCount="625"/><InteractionEvent Delta="null" EndDate="2014-10-09 08:52:01.813 JST" Interest="6.0" Kind="selection" Navigation="null" OriginId="org.eclipse.ui.views.ResourceNavigator" StartDate="2014-10-09 08:51:07.182 JST" StructureHandle="/IFM11/res/drawable/ifm8_image_actv_back_70x70_touched.png" StructureKind="resource" NumEvents="6" CreationCount="294"/><InteractionEvent Delta="null" EndDate="2014-10-09 09:03:00.457 JST" Interest="1.0" Kind="edit" Navigation="null" OriginId="org.eclipse.jdt.ui.CompilationUnitEditor" StartDate="2014-10-09 09:03:00.457 JST" StructureHandle="=TA2/src&amp;lt;ta2.main{ImageActv.java[ImageActv~set_listeners" StructureKind="java"/><InteractionEvent Delta="null" EndDate="2014-10-09 09:03:04.644 JST" Interest="7.0" Kind="selection" Navigation="null" OriginId="org.eclipse.jdt.ui.CompilationUnitEditor" StartDate="2014-10-09 08:56:33.550 JST" StructureHandle="=TA2/src&amp;lt;ta2.main{ImageActv.java[ImageActv~set_listeners" StructureKind="java" NumEvents="7" CreationCount="428"/><InteractionEvent Delta="null" EndDate="2014-10-09 09:18:27.887 JST" Interest="15.599999" Kind="propagation" Navigation="org.eclipse.mylyn.core.model.edges.containment" OriginId="org.eclipse.mylyn.core.model.interest.propagation" StartDate="2014-10-09 08:58:02.223 JST" StructureHandle="=IFM11/src&amp;lt;ifm11.utils{DBUtils.java[DBUtils" StructureKind="java" NumEvents="21" CreationCount="486"/><InteractionEvent Delta="null" EndDate="2014-10-09 09:01:58.254 JST" Interest="5.0" Kind="edit" Navigation="null" OriginId="com.android.ide.eclipse.editors.CommonXmlEditor" StartDate="2014-10-09 09:00:30.217 JST" StructureHandle="/TA2/res/menu/image_actv_menu.xml" StructureKind="resource" NumEvents="5" CreationCount="581"/><InteractionEvent Delta="null" EndDate="2014-10-09 09:01:58.179 JST" Interest="4.0" Kind="selection" Navigation="null" OriginId="com.android.ide.eclipse.editors.CommonXmlEditor" StartDate="2014-10-09 09:00:30.146 JST" StructureHandle="/TA2/res/menu/image_actv_menu.xml" StructureKind="resource" NumEvents="4" CreationCount="581"/><InteractionEvent Delta="null" EndDate="2014-10-09 09:00:28.87 JST" Interest="1.0" Kind="propagation" Navigation="null" OriginId="org.eclipse.mylyn.resources.ui.interest.updater" StartDate="2014-10-09 09:00:28.87 JST" StructureHandle="/TA2/res/menu/image_actv_menu.xml" StructureKind="resource"/><InteractionEvent Delta="null" EndDate="2014-10-09 08:26:09.367 JST" Interest="1.0" Kind="selection" Navigation="null" OriginId="org.eclipse.jdt.ui.PackageExplorer" StartDate="2014-10-09 08:26:09.367 JST" StructureHandle="=TA2/src&amp;lt;ta2.main{PrefActv.java" StructureKind="java"/><InteractionEvent Delta="null" EndDate="2014-10-09 09:26:53.2 JST" Interest="19.0" Kind="edit" Navigation="null" OriginId="org.eclipse.jdt.ui.CompilationUnitEditor" StartDate="2014-10-09 09:10:29.235 JST" StructureHandle="=TA2/src&amp;lt;ta2.main{ImageActv.java[ImageActv" StructureKind="java" NumEvents="19" CreationCount="243"/><InteractionEvent Delta="null" EndDate="2014-10-09 09:26:57.240 JST" Interest="10.0" Kind="selection" Navigation="null" OriginId="org.eclipse.jdt.ui.CompilationUnitEditor" StartDate="2014-10-09 09:10:29.232 JST" StructureHandle="=TA2/src&amp;lt;ta2.main{ImageActv.java[ImageActv" StructureKind="java" NumEvents="10" CreationCount="243"/><InteractionEvent Delta="null" EndDate="2014-10-09 09:21:46.100 JST" Interest="99.65199" Kind="propagation" Navigation="org.eclipse.mylyn.core.model.edges.containment" OriginId="org.eclipse.mylyn.core.model.interest.propagation" StartDate="2014-10-09 08:48:28.527 JST" StructureHandle="=TA2/src&amp;lt;ta2.main{ImageActv.java[ImageActv" StructureKind="java" NumEvents="138" CreationCount="243"/><InteractionEvent Delta="null" EndDate="2014-10-09 09:18:27.799 JST" Interest="21.278" Kind="propagation" Navigation="org.eclipse.mylyn.core.model.edges.containment" OriginId="org.eclipse.mylyn.core.model.interest.propagation" StartDate="2014-10-09 08:35:13.232 JST" StructureHandle="=IFM11/src&amp;lt;ifm11.utils" StructureKind="java" NumEvents="32" CreationCount="152"/><InteractionEvent Delta="null" EndDate="2014-10-09 08:35:12.451 JST" Interest="1.0" Kind="selection" Navigation="null" OriginId="org.eclipse.ui.views.ResourceNavigator" StartDate="2014-10-09 08:35:12.451 JST" StructureHandle="=IFM11/src&amp;lt;ifm11.utils" StructureKind="java"/><InteractionEvent Delta="null" EndDate="2014-10-09 08:35:07.272 JST" Interest="1.0" Kind="selection" Navigation="null" OriginId="org.eclipse.ui.views.ResourceNavigator" StartDate="2014-10-09 08:35:07.272 JST" StructureHandle="/IFM11/res/drawable-xhdpi" StructureKind="resource"/><InteractionEvent Delta="null" EndDate="2014-10-09 08:25:44.18 JST" Interest="1.0" Kind="selection" Navigation="null" OriginId="org.eclipse.jdt.ui.CompilationUnitEditor" StartDate="2014-10-09 08:25:44.18 JST" StructureHandle="=TA2/src&amp;lt;ta2.utils{CONS.java[CONS[PrefActv^sp_NoSelection_value" StructureKind="java"/><InteractionEvent Delta="null" EndDate="2014-10-09 09:05:17.762 JST" Interest="167.0" Kind="edit" Navigation="null" OriginId="org.eclipse.jdt.ui.CompilationUnitEditor" StartDate="2014-10-09 08:27:20.518 JST" StructureHandle="=TA2/src&amp;lt;ta2.main{PhotoActv.java[PhotoActv~_Setup_Get_Content" StructureKind="java" NumEvents="167" CreationCount="84"/><InteractionEvent Delta="null" EndDate="2014-10-09 09:05:17.759 JST" Interest="14.0" Kind="selection" Navigation="null" OriginId="org.eclipse.jdt.ui.CompilationUnitEditor" StartDate="2014-10-09 08:27:19.537 JST" StructureHandle="=TA2/src&amp;lt;ta2.main{PhotoActv.java[PhotoActv~_Setup_Get_Content" StructureKind="java" NumEvents="14" CreationCount="84"/><InteractionEvent Delta="null" EndDate="2014-10-09 09:03:16.621 JST" Interest="2.0" Kind="edit" Navigation="null" OriginId="org.eclipse.jdt.ui.CompilationUnitEditor" StartDate="2014-10-09 09:03:13.921 JST" StructureHandle="=TA2/src&amp;lt;ta2.main{ImageActv.java[ImageActv~onOptionsItemSelected~QMenuItem;" StructureKind="java" NumEvents="2" CreationCount="644"/><InteractionEvent Delta="null" EndDate="2014-10-09 09:03:09.521 JST" Interest="1.0" Kind="selection" Navigation="null" OriginId="org.eclipse.jdt.ui.CompilationUnitEditor" StartDate="2014-10-09 09:03:09.521 JST" StructureHandle="=TA2/src&amp;lt;ta2.main{ImageActv.java[ImageActv~onOptionsItemSelected~QMenuItem;" StructureKind="java"/><InteractionEvent Delta="null" EndDate="2014-10-09 08:49:08.700 JST" Interest="2.0" Kind="selection" Navigation="null" OriginId="org.eclipse.ui.views.ResourceNavigator" StartDate="2014-10-09 08:35:08.676 JST" StructureHandle="/IFM11/res" StructureKind="resource" NumEvents="2" CreationCount="145"/><InteractionEvent Delta="null" EndDate="2014-10-09 09:01:55.775 JST" Interest="14.584" Kind="propagation" Navigation="org.eclipse.mylyn.core.model.edges.containment" OriginId="org.eclipse.mylyn.core.model.interest.propagation" StartDate="2014-10-09 08:35:03.996 JST" StructureHandle="/IFM11/res" StructureKind="resource" NumEvents="22" CreationCount="145"/><InteractionEvent Delta="null" EndDate="2014-10-09 08:49:05.925 JST" Interest="2.0" Kind="propagation" Navigation="null" OriginId="org.eclipse.ui.views.ResourceNavigator" StartDate="2014-10-09 08:48:38.819 JST" StructureHandle="/IFM11/src/ifm11/items/MyView.java" StructureKind="resource" NumEvents="2" CreationCount="247"/><InteractionEvent Delta="null" EndDate="2014-10-09 08:52:21.125 JST" Interest="4.4680004" Kind="propagation" Navigation="org.eclipse.mylyn.core.model.edges.containment" OriginId="org.eclipse.mylyn.core.model.interest.propagation" StartDate="2014-10-09 08:35:21.349 JST" StructureHandle="=IFM11/src&amp;lt;ifm11.utils{CONS.java" StructureKind="java" NumEvents="8" CreationCount="153"/><InteractionEvent Delta="null" EndDate="2014-10-09 09:06:26.988 JST" Interest="10.0" Kind="selection" Navigation="null" OriginId="org.eclipse.jdt.ui.CompilationUnitEditor" StartDate="2014-10-09 08:35:13.231 JST" StructureHandle="=IFM11/src&amp;lt;ifm11.utils{CONS.java" StructureKind="java" NumEvents="10" CreationCount="153"/><InteractionEvent Delta="null" EndDate="2014-10-09 08:33:16.776 JST" Interest="22.0" Kind="edit" Navigation="null" OriginId="org.eclipse.jdt.ui.CompilationUnitEditor" StartDate="2014-10-09 08:25:00.832 JST" StructureHandle="=TA2/src&amp;lt;ta2.main{MainActv.java[MainActv~_test_Content_Provider" StructureKind="java" NumEvents="22" CreationCount="9"/><InteractionEvent Delta="null" EndDate="2014-10-09 08:33:16.768 JST" Interest="7.0" Kind="selection" Navigation="null" OriginId="org.eclipse.jdt.ui.CompilationUnitEditor" StartDate="2014-10-09 08:25:00.753 JST" StructureHandle="=TA2/src&amp;lt;ta2.main{MainActv.java[MainActv~_test_Content_Provider" StructureKind="java" NumEvents="7" CreationCount="9"/><InteractionEvent Delta="null" EndDate="2014-10-09 08:51:58.61 JST" Interest="7.0" Kind="edit" Navigation="null" OriginId="org.eclipse.jdt.ui.CompilationUnitEditor" StartDate="2014-10-09 08:49:03.563 JST" StructureHandle="=TA2/src&amp;lt;ta2.main{ImageActv.java[ImageActv~onCreate~QBundle;" StructureKind="java" NumEvents="7" CreationCount="255"/><InteractionEvent Delta="null" EndDate="2014-10-09 08:52:51.94 JST" Interest="3.0" Kind="selection" Navigation="null" OriginId="org.eclipse.jdt.ui.CompilationUnitEditor" StartDate="2014-10-09 08:49:01.561 JST" StructureHandle="=TA2/src&amp;lt;ta2.main{ImageActv.java[ImageActv~onCreate~QBundle;" StructureKind="java" NumEvents="3" CreationCount="255"/><InteractionEvent Delta="null" EndDate="2014-10-09 09:32:54.240 JST" Interest="1375.0339" Kind="propagation" Navigation="null" OriginId="org.eclipse.jdt.ui.CompilationUnitEditor" StartDate="2014-10-09 08:24:40.482 JST" StructureHandle="/TA2/src" StructureKind="resource" NumEvents="1377" CreationCount="4"/><InteractionEvent Delta="null" EndDate="2014-10-09 08:57:34.413 JST" Interest="4.0" Kind="selection" Navigation="null" OriginId="org.eclipse.jdt.ui.CompilationUnitEditor" StartDate="2014-10-09 08:57:31.852 JST" StructureHandle="=IFM11/src&amp;lt;ifm11.main{TNActv.java[TNActv~onCreate~QBundle;" StructureKind="java" NumEvents="4" CreationCount="470"/><InteractionEvent Delta="null" EndDate="2014-10-09 09:06:37.960 JST" Interest="6.0" Kind="edit" Navigation="null" OriginId="org.eclipse.jdt.ui.CompilationUnitEditor" StartDate="2014-10-09 08:25:33.191 JST" StructureHandle="=TA2/src&amp;lt;ta2.utils{CONS.java[CONS" StructureKind="java" NumEvents="6" CreationCount="20"/><InteractionEvent Delta="null" EndDate="2014-10-09 09:06:47.961 JST" Interest="13.0" Kind="selection" Navigation="null" OriginId="org.eclipse.jdt.ui.CompilationUnitEditor" StartDate="2014-10-09 08:25:32.700 JST" StructureHandle="=TA2/src&amp;lt;ta2.utils{CONS.java[CONS" StructureKind="java" NumEvents="13" CreationCount="20"/><InteractionEvent Delta="null" EndDate="2014-10-09 08:34:30.801 JST" Interest="8.27" Kind="propagation" Navigation="org.eclipse.mylyn.core.model.edges.containment" OriginId="org.eclipse.mylyn.core.model.interest.propagation" StartDate="2014-10-09 08:25:26.66 JST" StructureHandle="=TA2/src&amp;lt;ta2.utils{CONS.java[CONS" StructureKind="java" NumEvents="11" CreationCount="20"/><InteractionEvent Delta="null" EndDate="2014-10-09 08:47:53.864 JST" Interest="2.0" Kind="selection" Navigation="null" OriginId="org.eclipse.ui.views.ResourceNavigator" StartDate="2014-10-09 08:41:09.412 JST" StructureHandle="=IFM11/src&amp;lt;ifm11.listeners" StructureKind="java" NumEvents="2" CreationCount="224"/><InteractionEvent Delta="null" EndDate="2014-10-09 09:00:10.891 JST" Interest="1.0" Kind="propagation" Navigation="null" OriginId="org.eclipse.ui.views.ResourceNavigator" StartDate="2014-10-09 09:00:10.891 JST" StructureHandle="/IFM11/src/ifm11/main/PrefActv.java" StructureKind="resource"/><InteractionEvent Delta="null" EndDate="2014-10-09 08:52:01.811 JST" Interest="4.0" Kind="selection" Navigation="null" OriginId="org.eclipse.ui.views.ResourceNavigator" StartDate="2014-10-09 08:51:22.260 JST" StructureHandle="/IFM11/res/drawable/ifm8_forward_disenabled.png" StructureKind="resource" NumEvents="4" CreationCount="297"/><InteractionEvent Delta="null" EndDate="2014-10-09 08:48:59.819 JST" Interest="1.0" Kind="edit" Navigation="null" OriginId="org.eclipse.jdt.ui.CompilationUnitEditor" StartDate="2014-10-09 08:48:59.819 JST" StructureHandle="=TA2/src&amp;lt;ta2.main{ImageActv.java[ImageActv^LL" StructureKind="java"/><InteractionEvent Delta="null" EndDate="2014-10-09 08:48:57.216 JST" Interest="1.0" Kind="selection" Navigation="null" OriginId="org.eclipse.jdt.ui.CompilationUnitEditor" StartDate="2014-10-09 08:48:57.216 JST" StructureHandle="=TA2/src&amp;lt;ta2.main{ImageActv.java[ImageActv^LL" StructureKind="java"/><InteractionEvent Delta="null" EndDate="2014-10-09 09:24:37.932 JST" Interest="72.017" Kind="propagation" Navigation="null" OriginId="org.eclipse.jdt.ui.CompilationUnitEditor" StartDate="2014-10-09 08:47:57.996 JST" StructureHandle="/IFM11/src/ifm11/main" StructureKind="resource" NumEvents="73" CreationCount="232"/><InteractionEvent Delta="null" EndDate="2014-10-09 09:03:04.404 JST" Interest="1.2720001" Kind="propagation" Navigation="org.eclipse.mylyn.core.model.edges.containment" OriginId="org.eclipse.mylyn.core.model.interest.propagation" StartDate="2014-10-09 09:02:23.543 JST" StructureHandle="=TA2/src&amp;lt;ta2.utils{Tags.java[Tags[ButtonTags" StructureKind="java" NumEvents="3" CreationCount="625"/><InteractionEvent Delta="null" EndDate="2014-10-09 08:51:45.748 JST" Interest="3.0" Kind="edit" Navigation="null" OriginId="com.android.ide.eclipse.editors.CommonXmlEditor" StartDate="2014-10-09 08:50:01.968 JST" StructureHandle="/TA2/res/values/styles.xml" StructureKind="resource" NumEvents="3" CreationCount="273"/><InteractionEvent Delta="null" EndDate="2014-10-09 08:51:45.694 JST" Interest="3.0" Kind="selection" Navigation="null" OriginId="com.android.ide.eclipse.editors.CommonXmlEditor" StartDate="2014-10-09 08:50:01.761 JST" StructureHandle="/TA2/res/values/styles.xml" StructureKind="resource" NumEvents="3" CreationCount="273"/><InteractionEvent Delta="null" EndDate="2014-10-09 09:23:08.866 JST" Interest="18.0" Kind="edit" Navigation="null" OriginId="org.eclipse.jdt.ui.CompilationUnitEditor" StartDate="2014-10-09 09:22:49.988 JST" StructureHandle="=IFM11/src&amp;lt;ifm11.main{TNActv.java[TNActv~onListItemClick~QListView;~QView;~I~J" StructureKind="java" NumEvents="18" CreationCount="1257"/><InteractionEvent Delta="null" EndDate="2014-10-09 09:24:37.931 JST" Interest="4.0" Kind="selection" Navigation="null" OriginId="org.eclipse.jdt.ui.CompilationUnitEditor" StartDate="2014-10-09 09:22:49.456 JST" StructureHandle="=IFM11/src&amp;lt;ifm11.main{TNActv.java[TNActv~onListItemClick~QListView;~QView;~I~J" StructureKind="java" NumEvents="4" CreationCount="1257"/><InteractionEvent Delta="null" EndDate="2014-10-09 08:25:26.64 JST" Interest="1.0" Kind="selection" Navigation="null" OriginId="org.eclipse.jdt.ui.CompilationUnitEditor" StartDate="2014-10-09 08:25:26.64 JST" StructureHandle="=TA2/src&amp;lt;ta2.utils{CONS.java[CONS[Intent^iKey_CurrentPath_MainActv" StructureKind="java"/><InteractionEvent Delta="null" EndDate="2014-10-09 08:33:20.966 JST" Interest="3.0" Kind="edit" Navigation="null" OriginId="org.eclipse.jdt.ui.CompilationUnitEditor" StartDate="2014-10-09 08:33:19.173 JST" StructureHandle="=TA2/src&amp;lt;ta2.main{MainActv.java[MainActv~do_test" StructureKind="java" NumEvents="3" CreationCount="117"/><InteractionEvent Delta="null" EndDate="2014-10-09 08:33:19.163 JST" Interest="2.0" Kind="selection" Navigation="null" OriginId="org.eclipse.jdt.ui.CompilationUnitEditor" StartDate="2014-10-09 08:33:19.158 JST" StructureHandle="=TA2/src&amp;lt;ta2.main{MainActv.java[MainActv~do_test" StructureKind="java" NumEvents="2" CreationCount="117"/><InteractionEvent Delta="null" EndDate="2014-10-09 09:32:54.240 JST" Interest="1433.0" Kind="propagation" Navigation="null" OriginId="org.eclipse.jdt.ui.CompilationUnitEditor" StartDate="2014-10-09 08:24:39.573 JST" StructureHandle="/TA2" StructureKind="resource" NumEvents="1433" CreationCount="1"/><InteractionEvent Delta="null" EndDate="2014-10-09 08:54:17.828 JST" Interest="1.0" Kind="edit" Navigation="null" OriginId="org.eclipse.jdt.ui.CompilationUnitEditor" StartDate="2014-10-09 08:54:17.828 JST" StructureHandle="=TA2/src&amp;lt;ta2.utils{CONS.java[CONS[IMageActv" StructureKind="java"/><InteractionEvent Delta="null" EndDate="2014-10-09 08:54:23.652 JST" Interest="4.0" Kind="selection" Navigation="null" OriginId="org.eclipse.jdt.ui.CompilationUnitEditor" StartDate="2014-10-09 08:53:33.788 JST" StructureHandle="=TA2/src&amp;lt;ta2.utils{CONS.java[CONS[IMageActv" StructureKind="java" NumEvents="4" CreationCount="375"/><InteractionEvent Delta="null" EndDate="2014-10-09 08:53:32.367 JST" Interest="1.0" Kind="propagation" Navigation="org.eclipse.mylyn.core.model.edges.containment" OriginId="org.eclipse.mylyn.core.model.interest.propagation" StartDate="2014-10-09 08:53:32.367 JST" StructureHandle="=TA2/src&amp;lt;ta2.utils{CONS.java[CONS[IMageActv" StructureKind="java"/><InteractionEvent Delta="null" EndDate="2014-10-09 08:49:15.702 JST" Interest="2.0" Kind="selection" Navigation="null" OriginId="org.eclipse.jdt.ui.PackageExplorer" StartDate="2014-10-09 08:48:47.228 JST" StructureHandle="=TA2/src&amp;lt;ta2.items{MyView.java" StructureKind="java" NumEvents="2" CreationCount="248"/><InteractionEvent Delta="null" EndDate="2014-10-09 08:48:45.569 JST" Interest="1.0" Kind="propagation" Navigation="null" OriginId="org.eclipse.mylyn.resources.ui.interest.updater" StartDate="2014-10-09 08:48:45.569 JST" StructureHandle="=TA2/src&amp;lt;ta2.items{MyView.java" StructureKind="java"/><InteractionEvent Delta="null" EndDate="2014-10-09 09:27:08.242 JST" Interest="515.0" Kind="propagation" Navigation="null" OriginId="org.eclipse.jdt.ui.CompilationUnitEditor" StartDate="2014-10-09 08:48:11.798 JST" StructureHandle="/TA2/src/ta2/main/ImageActv.java" StructureKind="resource" NumEvents="515" CreationCount="238"/><InteractionEvent Delta="null" EndDate="2014-10-09 09:06:27.229 JST" Interest="3.9020004" Kind="manipulation" Navigation="null" OriginId="org.eclipse.mylyn.core.model.interest.decay.correction" StartDate="2014-10-09 08:58:43.205 JST" StructureHandle="=IFM11/src&amp;lt;ifm11.utils{CONS.java[CONS[IMageActv^ti" StructureKind="java" NumEvents="2" CreationCount="368"/><InteractionEvent Delta="null" EndDate="2014-10-09 09:06:27.228 JST" Interest="4.0" Kind="selection" Navigation="null" OriginId="org.eclipse.jdt.ui.CompilationUnitEditor" StartDate="2014-10-09 08:53:17.472 JST" StructureHandle="=IFM11/src&amp;lt;ifm11.utils{CONS.java[CONS[IMageActv^ti" StructureKind="java" NumEvents="4" CreationCount="368"/><InteractionEvent Delta="null" EndDate="2014-10-09 09:01:55.774 JST" Interest="14.527" Kind="propagation" Navigation="org.eclipse.mylyn.core.model.edges.containment" OriginId="org.eclipse.mylyn.core.model.interest.propagation" StartDate="2014-10-09 08:49:43.423 JST" StructureHandle="/IFM11/res/values" StructureKind="resource" NumEvents="19" CreationCount="266"/><InteractionEvent Delta="null" EndDate="2014-10-09 09:32:54.240 JST" Interest="164.852" Kind="propagation" Navigation="org.eclipse.mylyn.core.model.edges.containment" OriginId="org.eclipse.mylyn.core.model.interest.propagation" StartDate="2014-10-09 08:24:53.452 JST" StructureHandle="=TA2/src" StructureKind="java" NumEvents="366" CreationCount="4"/><InteractionEvent Delta="null" EndDate="2014-10-09 08:24:40.482 JST" Interest="1.0" Kind="selection" Navigation="null" OriginId="org.eclipse.jdt.ui.PackageExplorer" StartDate="2014-10-09 08:24:40.482 JST" StructureHandle="=TA2/src" StructureKind="java"/><InteractionEvent Delta="null" EndDate="2014-10-09 09:01:22.25 JST" Interest="1.0" Kind="propagation" Navigation="null" OriginId="org.eclipse.mylyn.resources.ui.interest.updater" StartDate="2014-10-09 09:01:22.25 JST" StructureHandle="/TA2/res/drawable/ifm8_image_actv_opt_menu_add_memo.png" StructureKind="resource"/><InteractionEvent Delta="null" EndDate="2014-10-09 08:35:21.830 JST" Interest="1.0" Kind="edit" Navigation="null" OriginId="org.eclipse.jdt.ui.CompilationUnitEditor" StartDate="2014-10-09 08:35:21.830 JST" StructureHandle="=IFM11/src&amp;lt;ifm11.utils{CONS.java[CONS[DB^col_names_IFM11" StructureKind="java"/><InteractionEvent Delta="null" EndDate="2014-10-09 08:35:21.383 JST" Interest="2.0" Kind="selection" Navigation="null" OriginId="org.eclipse.jdt.ui.CompilationUnitEditor" StartDate="2014-10-09 08:35:21.270 JST" StructureHandle="=IFM11/src&amp;lt;ifm11.utils{CONS.java[CONS[DB^col_names_IFM11" StructureKind="java" NumEvents="2" CreationCount="157"/><InteractionEvent Delta="null" EndDate="2014-10-09 08:58:42.733 JST" Interest="14.0" Kind="propagation" Navigation="null" OriginId="org.eclipse.jdt.ui.CompilationUnitEditor" StartDate="2014-10-09 08:48:04.441 JST" StructureHandle="/IFM11/src/ifm11/main/ImageActv.java" StructureKind="resource" NumEvents="14" CreationCount="233"/><InteractionEvent Delta="null" EndDate="2014-10-09 08:52:02.929 JST" Interest="1.0" Kind="selection" Navigation="null" OriginId="org.eclipse.ui.views.ResourceNavigator" StartDate="2014-10-09 08:52:02.929 JST" StructureHandle="/IFM11/res/drawable/ifm8_main_actv_opt_menu_search_30x30.png" StructureKind="resource"/><InteractionEvent Delta="null" EndDate="2014-10-09 09:18:51.921 JST" Interest="148.017" Kind="propagation" Navigation="null" OriginId="org.eclipse.jdt.ui.PackageExplorer" StartDate="2014-10-09 08:25:17.105 JST" StructureHandle="/TA2/src/ta2/utils" StructureKind="resource" NumEvents="149" CreationCount="16"/><InteractionEvent Delta="null" EndDate="2014-10-09 09:06:27.229 JST" Interest="38.0" Kind="propagation" Navigation="null" OriginId="org.eclipse.jdt.ui.CompilationUnitEditor" StartDate="2014-10-09 08:35:13.232 JST" StructureHandle="/IFM11/src/ifm11/utils/CONS.java" StructureKind="resource" NumEvents="38" CreationCount="153"/><InteractionEvent Delta="null" EndDate="2014-10-09 08:57:25.981 JST" Interest="5.0" Kind="propagation" Navigation="null" OriginId="org.eclipse.jdt.ui.PackageExplorer" StartDate="2014-10-09 08:54:05.477 JST" StructureHandle="/TA2/src/ta2/items/TI.java" StructureKind="resource" NumEvents="5" CreationCount="389"/><InteractionEvent Delta="null" EndDate="2014-10-09 08:57:27.144 JST" Interest="0.34300005" Kind="manipulation" Navigation="null" OriginId="org.eclipse.mylyn.core.model.interest.decay.correction" StartDate="2014-10-09 08:57:27.144 JST" StructureHandle="/IFM11/src/ifm11/items/TI.java" StructureKind="resource"/><InteractionEvent Delta="null" EndDate="2014-10-09 08:57:27.144 JST" Interest="2.0" Kind="propagation" Navigation="null" OriginId="org.eclipse.ui.views.ResourceNavigator" StartDate="2014-10-09 08:53:56.692 JST" StructureHandle="/IFM11/src/ifm11/items/TI.java" StructureKind="resource" NumEvents="2" CreationCount="388"/><InteractionEvent Delta="null" EndDate="2014-10-09 08:35:31.237 JST" Interest="1.0" Kind="edit" Navigation="null" OriginId="org.eclipse.jdt.ui.CompilationUnitEditor" StartDate="2014-10-09 08:35:31.237 JST" StructureHandle="=IFM11/src&amp;lt;ifm11.utils{CONS.java[CONS[DB" StructureKind="java"/><InteractionEvent Delta="null" EndDate="2014-10-09 08:35:21.830 JST" Interest="0.7169998" Kind="propagation" Navigation="org.eclipse.mylyn.core.model.edges.containment" OriginId="org.eclipse.mylyn.core.model.interest.propagation" StartDate="2014-10-09 08:35:21.270 JST" StructureHandle="=IFM11/src&amp;lt;ifm11.utils{CONS.java[CONS[DB" StructureKind="java" NumEvents="2" CreationCount="156"/><InteractionEvent Delta="null" EndDate="2014-10-09 08:52:17.829 JST" Interest="7.0" Kind="selection" Navigation="null" OriginId="org.eclipse.jdt.ui.CompilationUnitEditor" StartDate="2014-10-09 08:35:18.397 JST" StructureHandle="=IFM11/src&amp;lt;ifm11.utils{CONS.java[CONS[DB" StructureKind="java" NumEvents="7" CreationCount="156"/><InteractionEvent Delta="null" EndDate="2014-10-09 08:49:38.948 JST" Interest="2.0" Kind="selection" Navigation="null" OriginId="org.eclipse.ui.views.ResourceNavigator" StartDate="2014-10-09 08:49:13.682 JST" StructureHandle="/IFM11/res/layout/image_activity_for_myview.xml" StructureKind="resource" NumEvents="2" CreationCount="260"/><InteractionEvent Delta="null" EndDate="2014-10-09 09:02:23.544 JST" Interest="0.01700002" Kind="propagation" Navigation="org.eclipse.mylyn.core.model.edges.containment" OriginId="org.eclipse.mylyn.core.model.interest.propagation" StartDate="2014-10-09 09:02:23.544 JST" StructureHandle="=TA2/src&amp;lt;ta2.utils{Tags.java" StructureKind="java"/><InteractionEvent Delta="null" EndDate="2014-10-09 09:03:03.431 JST" Interest="3.0" Kind="selection" Navigation="null" OriginId="org.eclipse.jdt.ui.CompilationUnitEditor" StartDate="2014-10-09 09:02:22.596 JST" StructureHandle="=TA2/src&amp;lt;ta2.utils{Tags.java" StructureKind="java" NumEvents="3" CreationCount="624"/><InteractionEvent Delta="null" EndDate="2014-10-09 09:00:19.594 JST" Interest="1.0" Kind="selection" Navigation="null" OriginId="org.eclipse.jdt.ui.PackageExplorer" StartDate="2014-10-09 09:00:19.594 JST" StructureHandle="=TA2/src&amp;lt;ta2.items{Memo.java" StructureKind="java"/><InteractionEvent Delta="null" EndDate="2014-10-09 08:53:16.704 JST" Interest="2.0" Kind="selection" Navigation="null" OriginId="org.eclipse.jdt.ui.CompilationUnitEditor" StartDate="2014-10-09 08:52:21.124 JST" StructureHandle="=IFM11/src&amp;lt;ifm11.utils{CONS.java[CONS" StructureKind="java" NumEvents="2" CreationCount="156"/><InteractionEvent Delta="null" EndDate="2014-10-09 09:06:27.229 JST" Interest="9.5060005" Kind="propagation" Navigation="org.eclipse.mylyn.core.model.edges.containment" OriginId="org.eclipse.mylyn.core.model.interest.propagation" StartDate="2014-10-09 08:35:18.397 JST" StructureHandle="=IFM11/src&amp;lt;ifm11.utils{CONS.java[CONS" StructureKind="java" NumEvents="12" CreationCount="156"/><InteractionEvent Delta="null" EndDate="2014-10-09 08:52:01.812 JST" Interest="3.0" Kind="selection" Navigation="null" OriginId="org.eclipse.ui.views.ResourceNavigator" StartDate="2014-10-09 08:51:23.181 JST" StructureHandle="/IFM11/res/drawable/ifm8_forward.png" StructureKind="resource" NumEvents="3" CreationCount="301"/><InteractionEvent Delta="null" EndDate="2014-10-09 09:24:49.5 JST" Interest="18.164001" Kind="propagation" Navigation="org.eclipse.mylyn.core.model.edges.containment" OriginId="org.eclipse.mylyn.core.model.interest.propagation" StartDate="2014-10-09 08:58:59.319 JST" StructureHandle="=TA2/src&amp;lt;ta2.main{PhotoActv.java#" StructureKind="java" NumEvents="5" CreationCount="526"/><InteractionEvent Delta="null" EndDate="2014-10-09 08:25:22.942 JST" Interest="1.0" Kind="selection" Navigation="null" OriginId="org.eclipse.ui.views.ContentOutline" StartDate="2014-10-09 08:25:22.942 JST" StructureHandle="=TA2/src&amp;lt;ta2.utils{CONS.java%ta2.utils" StructureKind="java"/><InteractionEvent Delta="null" EndDate="2014-10-09 09:01:24.239 JST" Interest="4.0" Kind="selection" Navigation="null" OriginId="org.eclipse.ui.views.ResourceNavigator" StartDate="2014-10-09 09:00:44.160 JST" StructureHandle="/IFM11/res/drawable/ifm8_image_actv_opt_menu_add_memo.png" StructureKind="resource" NumEvents="4" CreationCount="588"/><InteractionEvent Delta="null" EndDate="2014-10-09 08:48:52.151 JST" Interest="1.0" Kind="propagation" Navigation="org.eclipse.mylyn.core.model.edges.containment" OriginId="org.eclipse.mylyn.core.model.interest.propagation" StartDate="2014-10-09 08:48:52.151 JST" StructureHandle="=TA2/src&amp;lt;ta2.items{MyView.java#" StructureKind="java"/><InteractionEvent Delta="null" EndDate="2014-10-09 09:01:26.195 JST" Interest="1.0" Kind="selection" Navigation="null" OriginId="org.eclipse.ui.views.ResourceNavigator" StartDate="2014-10-09 09:01:26.195 JST" StructureHandle="/IFM11/res/drawable/ifm8_opt_menu_db_activity.png" StructureKind="resource"/><InteractionEvent Delta="null" EndDate="2014-10-09 08:57:27.144 JST" Interest="0.3260001" Kind="manipulation" Navigation="null" OriginId="org.eclipse.mylyn.core.model.interest.decay.correction" StartDate="2014-10-09 08:57:27.144 JST" StructureHandle="=IFM11/src&amp;lt;ifm11.items{TI.java" StructureKind="java"/><InteractionEvent Delta="null" EndDate="2014-10-09 08:57:27.144 JST" Interest="2.0" Kind="selection" Navigation="null" OriginId="org.eclipse.ui.views.ResourceNavigator" StartDate="2014-10-09 08:53:56.692 JST" StructureHandle="=IFM11/src&amp;lt;ifm11.items{TI.java" StructureKind="java" NumEvents="2" CreationCount="388"/><InteractionEvent Delta="null" EndDate="2014-10-09 08:53:09.345 JST" Interest="1.0" Kind="edit" Navigation="null" OriginId="org.eclipse.jdt.ui.CompilationUnitEditor" StartDate="2014-10-09 08:53:09.345 JST" StructureHandle="=IFM11/src&amp;lt;ifm11.main{ImageActv.java[ImageActv~_Setup_Initial" StructureKind="java"/><InteractionEvent Delta="null" EndDate="2014-10-09 08:53:35.230 JST" Interest="2.0" Kind="selection" Navigation="null" OriginId="org.eclipse.jdt.ui.CompilationUnitEditor" StartDate="2014-10-09 08:53:07.105 JST" StructureHandle="=IFM11/src&amp;lt;ifm11.main{ImageActv.java[ImageActv~_Setup_Initial" StructureKind="java" NumEvents="2" CreationCount="364"/><InteractionEvent Delta="null" EndDate="2014-10-09 08:58:42.732 JST" Interest="9.0" Kind="selection" Navigation="null" OriginId="org.eclipse.jdt.ui.CompilationUnitEditor" StartDate="2014-10-09 08:48:04.441 JST" StructureHandle="=IFM11/src&amp;lt;ifm11.main{ImageActv.java" StructureKind="java" NumEvents="9" CreationCount="233"/><InteractionEvent Delta="null" EndDate="2014-10-09 09:27:20.0 JST" Interest="26.704" Kind="propagation" Navigation="org.eclipse.mylyn.core.model.edges.containment" OriginId="org.eclipse.mylyn.core.model.interest.propagation" StartDate="2014-10-09 08:28:02.806 JST" StructureHandle="/TA2/bin" StructureKind="resource" NumEvents="4" CreationCount="105"/><InteractionEvent Delta="null" EndDate="2014-10-09 08:50:57.591 JST" Interest="4.0" Kind="selection" Navigation="null" OriginId="org.eclipse.ui.views.ResourceNavigator" StartDate="2014-10-09 08:50:40.512 JST" StructureHandle="/IFM11/res/drawable/ifm8_back.png" StructureKind="resource" NumEvents="4" CreationCount="287"/><InteractionEvent Delta="null" EndDate="2014-10-09 09:32:54.240 JST" Interest="1216.017" Kind="propagation" Navigation="null" OriginId="org.eclipse.jdt.ui.CompilationUnitEditor" StartDate="2014-10-09 08:24:53.451 JST" StructureHandle="/TA2/src/ta2/main" StructureKind="resource" NumEvents="1217" CreationCount="5"/><InteractionEvent Delta="null" EndDate="2014-10-09 09:17:46.705 JST" Interest="45.0" Kind="propagation" Navigation="null" OriginId="org.eclipse.jdt.ui.CompilationUnitEditor" StartDate="2014-10-09 09:16:12.403 JST" StructureHandle="/TA2/src/ta2/utils/Methods.java" StructureKind="resource" NumEvents="45" CreationCount="1012"/><InteractionEvent Delta="null" EndDate="2014-10-09 08:35:02.237 JST" Interest="2.0" Kind="selection" Navigation="null" OriginId="org.eclipse.ui.views.ResourceNavigator" StartDate="2014-10-09 08:34:23.682 JST" StructureHandle="=IFM11/gen" StructureKind="java" NumEvents="2" CreationCount="128"/><InteractionEvent Delta="null" EndDate="2014-10-09 08:56:49.24 JST" Interest="3.0" Kind="selection" Navigation="null" OriginId="org.eclipse.jdt.ui.CompilationUnitEditor" StartDate="2014-10-09 08:56:47.216 JST" StructureHandle="=TA2/src&amp;lt;ta2.main{PhotoActv.java[PhotoActv~onCreateOptionsMenu~QMenu;" StructureKind="java" NumEvents="3" CreationCount="433"/><InteractionEvent Delta="null" EndDate="2014-10-09 09:01:58.254 JST" Interest="8.5" Kind="propagation" Navigation="org.eclipse.mylyn.core.model.edges.containment" OriginId="org.eclipse.mylyn.core.model.interest.propagation" StartDate="2014-10-09 09:00:28.87 JST" StructureHandle="/TA2/res/menu" StructureKind="resource" NumEvents="10" CreationCount="581"/><InteractionEvent Delta="null" EndDate="2014-10-09 08:52:19.671 JST" Interest="1.0" Kind="selection" Navigation="null" OriginId="org.eclipse.jdt.ui.CompilationUnitEditor" StartDate="2014-10-09 08:52:19.671 JST" StructureHandle="=IFM11/src&amp;lt;ifm11.utils{CONS.java[CONS[IMageActv^adapter" StructureKind="java"/><InteractionEvent Delta="null" EndDate="2014-10-09 08:33:12.563 JST" Interest="14.451002" Kind="propagation" Navigation="org.eclipse.mylyn.core.model.edges.containment" OriginId="org.eclipse.mylyn.core.model.interest.propagation" StartDate="2014-10-09 08:25:01.320 JST" StructureHandle="=TA2/src&amp;lt;ta2.main{MainActv.java" StructureKind="java" NumEvents="21" CreationCount="6"/><InteractionEvent Delta="null" EndDate="2014-10-09 09:07:02.646 JST" Interest="9.0" Kind="selection" Navigation="null" OriginId="org.eclipse.jdt.ui.CompilationUnitEditor" StartDate="2014-10-09 08:24:55.299 JST" StructureHandle="=TA2/src&amp;lt;ta2.main{MainActv.java" StructureKind="java" NumEvents="9" CreationCount="6"/><InteractionEvent Delta="null" EndDate="2014-10-09 09:01:22.25 JST" Interest="1.0" Kind="propagation" Navigation="null" OriginId="org.eclipse.mylyn.resources.ui.interest.updater" StartDate="2014-10-09 09:01:22.25 JST" StructureHandle="/TA2/res/drawable/ifm8_image_actv_opt_menu_add_pattern_30x30_v3.png" StructureKind="resource"/><InteractionEvent Delta="null" EndDate="2014-10-09 09:05:54.84 JST" Interest="1.0" Kind="edit" Navigation="null" OriginId="org.eclipse.jdt.ui.CompilationUnitEditor" StartDate="2014-10-09 09:05:54.84 JST" StructureHandle="=TA2/src&amp;lt;ta2.main{PhotoActv.java[PhotoActv~_Setup_Adapter" StructureKind="java"/><InteractionEvent Delta="null" EndDate="2014-10-09 09:05:54.78 JST" Interest="1.0" Kind="selection" Navigation="null" OriginId="org.eclipse.jdt.ui.CompilationUnitEditor" StartDate="2014-10-09 09:05:54.78 JST" StructureHandle="=TA2/src&amp;lt;ta2.main{PhotoActv.java[PhotoActv~_Setup_Adapter" StructureKind="java"/><InteractionEvent Delta="null" EndDate="2014-10-09 09:18:21.854 JST" Interest="12.0" Kind="edit" Navigation="null" OriginId="org.eclipse.jdt.ui.CompilationUnitEditor" StartDate="2014-10-09 08:57:34.905 JST" StructureHandle="=IFM11/src&amp;lt;ifm11.main{TNActv.java[TNActv~_Setup_SetList" StructureKind="java" NumEvents="12" CreationCount="472"/><InteractionEvent Delta="null" EndDate="2014-10-09 09:17:51.959 JST" Interest="1.3789997" Kind="manipulation" Navigation="null" OriginId="org.eclipse.mylyn.core.model.interest.decay.correction" StartDate="2014-10-09 09:17:51.959 JST" StructureHandle="=IFM11/src&amp;lt;ifm11.main{TNActv.java[TNActv~_Setup_SetList" StructureKind="java"/><InteractionEvent Delta="null" EndDate="2014-10-09 09:22:49.515 JST" Interest="10.0" Kind="selection" Navigation="null" OriginId="org.eclipse.jdt.ui.CompilationUnitEditor" StartDate="2014-10-09 08:57:34.329 JST" StructureHandle="=IFM11/src&amp;lt;ifm11.main{TNActv.java[TNActv~_Setup_SetList" StructureKind="java" NumEvents="10" CreationCount="472"/><InteractionEvent Delta="null" EndDate="2014-10-09 08:49:15.702 JST" Interest="4.0" Kind="propagation" Navigation="null" OriginId="org.eclipse.jdt.ui.PackageExplorer" StartDate="2014-10-09 08:48:45.569 JST" StructureHandle="/TA2/src/ta2/items/MyView.java" StructureKind="resource" NumEvents="4" CreationCount="248"/><InteractionEvent Delta="null" EndDate="2014-10-09 09:24:17.884 JST" Interest="22.0" Kind="edit" Navigation="null" OriginId="org.eclipse.jdt.ui.CompilationUnitEditor" StartDate="2014-10-09 09:22:30.747 JST" StructureHandle="=TA2/src&amp;lt;ta2.main{ImageActv.java[ImageActv~_test_Start_ImageActv" StructureKind="java" NumEvents="22" CreationCount="1233"/><InteractionEvent Delta="null" EndDate="2014-10-09 09:24:15.839 JST" Interest="7.0" Kind="selection" Navigation="null" OriginId="org.eclipse.jdt.ui.CompilationUnitEditor" StartDate="2014-10-09 09:22:30.740 JST" StructureHandle="=TA2/src&amp;lt;ta2.main{ImageActv.java[ImageActv~_test_Start_ImageActv" StructureKind="java" NumEvents="7" CreationCount="1233"/><InteractionEvent Delta="null" EndDate="2014-10-09 09:02:55.736 JST" Interest="1.0" Kind="selection" Navigation="null" OriginId="org.eclipse.jdt.ui.CompilationUnitEditor" StartDate="2014-10-09 09:02:55.736 JST" StructureHandle="=TA2/src&amp;lt;ta2.utils{Tags.java[Tags[ButtonTags^image_activity_back" StructureKind="java"/><InteractionEvent Delta="null" EndDate="2014-10-09 09:32:54.240 JST" Interest="653.0" Kind="propagation" Navigation="null" OriginId="org.eclipse.jdt.ui.CompilationUnitEditor" StartDate="2014-10-09 08:26:10.532 JST" StructureHandle="/TA2/src/ta2/main/PhotoActv.java" StructureKind="resource" NumEvents="653" CreationCount="46"/><InteractionEvent Delta="null" EndDate="2014-10-09 09:27:08.241 JST" Interest="139.0" Kind="edit" Navigation="null" OriginId="org.eclipse.jdt.ui.CompilationUnitEditor" StartDate="2014-10-09 09:10:09.287 JST" StructureHandle="=TA2/src&amp;lt;ta2.main{ImageActv.java[ImageActv~_Setup_Get_TI" StructureKind="java" NumEvents="139" CreationCount="899"/><InteractionEvent Delta="null" EndDate="2014-10-09 09:27:02.507 JST" Interest="13.0" Kind="selection" Navigation="null" OriginId="org.eclipse.jdt.ui.CompilationUnitEditor" StartDate="2014-10-09 09:10:09.281 JST" StructureHandle="=TA2/src&amp;lt;ta2.main{ImageActv.java[ImageActv~_Setup_Get_TI" StructureKind="java" NumEvents="13" CreationCount="899"/><InteractionEvent Delta="null" EndDate="2014-10-09 09:06:36.152 JST" Interest="11.903001" Kind="manipulation" Navigation="null" OriginId="org.eclipse.mylyn.core.model.interest.decay.correction" StartDate="2014-10-09 09:06:36.152 JST" StructureHandle="=TA2/src&amp;lt;ta2.utils{CONS.java[CONS[Intent" StructureKind="java"/><InteractionEvent Delta="null" EndDate="2014-10-09 09:06:36.152 JST" Interest="1.0" Kind="selection" Navigation="null" OriginId="org.eclipse.jdt.ui.CompilationUnitEditor" StartDate="2014-10-09 09:06:36.152 JST" StructureHandle="=TA2/src&amp;lt;ta2.utils{CONS.java[CONS[Intent" StructureKind="java"/><InteractionEvent Delta="null" EndDate="2014-10-09 08:25:26.66 JST" Interest="1.0" Kind="propagation" Navigation="org.eclipse.mylyn.core.model.edges.containment" OriginId="org.eclipse.mylyn.core.model.interest.propagation" StartDate="2014-10-09 08:25:26.66 JST" StructureHandle="=TA2/src&amp;lt;ta2.utils{CONS.java[CONS[Intent" StructureKind="java"/><InteractionEvent Delta="null" EndDate="2014-10-09 09:24:07.467 JST" Interest="47.0" Kind="edit" Navigation="null" OriginId="org.eclipse.jdt.ui.CompilationUnitEditor" StartDate="2014-10-09 08:27:00.866 JST" StructureHandle="=TA2/src&amp;lt;ta2.main{PhotoActv.java[PhotoActv~onStart" StructureKind="java" NumEvents="47" CreationCount="47"/><InteractionEvent Delta="null" EndDate="2014-10-09 09:24:07.459 JST" Interest="20.0" Kind="selection" Navigation="null" OriginId="org.eclipse.jdt.ui.CompilationUnitEditor" StartDate="2014-10-09 08:26:15.919 JST" StructureHandle="=TA2/src&amp;lt;ta2.main{PhotoActv.java[PhotoActv~onStart" StructureKind="java" NumEvents="20" CreationCount="47"/><InteractionEvent Delta="null" EndDate="2014-10-09 09:00:19.595 JST" Interest="10.0" Kind="propagation" Navigation="null" OriginId="org.eclipse.jdt.ui.PackageExplorer" StartDate="2014-10-09 08:48:45.569 JST" StructureHandle="/TA2/src/ta2/items" StructureKind="resource" NumEvents="10" CreationCount="248"/><InteractionEvent Delta="null" EndDate="2014-10-09 09:27:20.0 JST" Interest="1.0" Kind="prediction" Navigation="null" OriginId="org.eclipse.mylyn.resources.ui.interest.updater" StartDate="2014-10-09 09:27:20.0 JST" StructureHandle="/TA2/bin/resources.ap_" StructureKind="resource"/><InteractionEvent Delta="null" EndDate="2014-10-09 09:32:54.240 JST" Interest="141.138" Kind="propagation" Navigation="org.eclipse.mylyn.core.model.edges.containment" OriginId="org.eclipse.mylyn.core.model.interest.propagation" StartDate="2014-10-09 08:26:15.920 JST" StructureHandle="=TA2/src&amp;lt;ta2.main{PhotoActv.java" StructureKind="java" NumEvents="207" CreationCount="46"/><InteractionEvent Delta="null" EndDate="2014-10-09 09:27:11.591 JST" Interest="24.0" Kind="selection" Navigation="null" OriginId="org.eclipse.jdt.ui.CompilationUnitEditor" StartDate="2014-10-09 08:26:10.532 JST" StructureHandle="=TA2/src&amp;lt;ta2.main{PhotoActv.java" StructureKind="java" NumEvents="24" CreationCount="46"/><InteractionEvent Delta="null" EndDate="2014-10-09 09:06:31.400 JST" Interest="10.529" Kind="propagation" Navigation="org.eclipse.mylyn.core.model.edges.containment" OriginId="org.eclipse.mylyn.core.model.interest.propagation" StartDate="2014-10-09 08:50:01.762 JST" StructureHandle="/TA2/res/values" StructureKind="resource" NumEvents="12" CreationCount="273"/><InteractionEvent Delta="null" EndDate="2014-10-09 09:00:34.945 JST" Interest="1.017" Kind="propagation" Navigation="org.eclipse.mylyn.core.model.edges.containment" OriginId="org.eclipse.mylyn.core.model.interest.propagation" StartDate="2014-10-09 09:00:17.488 JST" StructureHandle="/IFM11/res/menu" StructureKind="resource" NumEvents="2" CreationCount="579"/><InteractionEvent Delta="null" EndDate="2014-10-09 09:00:14.729 JST" Interest="1.0" Kind="selection" Navigation="null" OriginId="org.eclipse.ui.views.ResourceNavigator" StartDate="2014-10-09 09:00:14.729 JST" StructureHandle="/IFM11/res/menu" StructureKind="resource"/><InteractionEvent Delta="null" EndDate="2014-10-09 09:24:37.673 JST" Interest="32.025" Kind="propagation" Navigation="org.eclipse.mylyn.core.model.edges.containment" OriginId="org.eclipse.mylyn.core.model.interest.propagation" StartDate="2014-10-09 08:48:04.441 JST" StructureHandle="=IFM11/src&amp;lt;ifm11.main" StructureKind="java" NumEvents="46" CreationCount="232"/><InteractionEvent Delta="null" EndDate="2014-10-09 08:48:34.535 JST" Interest="2.0" Kind="selection" Navigation="null" OriginId="org.eclipse.ui.views.ResourceNavigator" StartDate="2014-10-09 08:47:57.996 JST" StructureHandle="=IFM11/src&amp;lt;ifm11.main" StructureKind="java" NumEvents="2" CreationCount="232"/><InteractionEvent Delta="null" EndDate="2014-10-09 08:48:52.151 JST" Interest="1.0" Kind="selection" Navigation="null" OriginId="org.eclipse.jdt.ui.CompilationUnitEditor" StartDate="2014-10-09 08:48:52.151 JST" StructureHandle="=TA2/src&amp;lt;ta2.items{MyView.java#android.content.Context" StructureKind="java"/><InteractionEvent Delta="null" EndDate="2014-10-09 08:48:55.295 JST" Interest="2.0" Kind="selection" Navigation="null" OriginId="org.eclipse.jdt.ui.CompilationUnitEditor" StartDate="2014-10-09 08:48:28.527 JST" StructureHandle="=TA2/src&amp;lt;ta2.main{ImageActv.java[ImageActv^v" StructureKind="java" NumEvents="2" CreationCount="243"/><InteractionEvent Delta="null" EndDate="2014-10-09 09:18:27.888 JST" Interest="62.017" Kind="propagation" Navigation="null" OriginId="org.eclipse.jdt.ui.CompilationUnitEditor" StartDate="2014-10-09 08:35:12.452 JST" StructureHandle="/IFM11/src/ifm11/utils" StructureKind="resource" NumEvents="63" CreationCount="152"/><InteractionEvent Delta="null" EndDate="2014-10-09 08:54:29.763 JST" Interest="2.0" Kind="selection" Navigation="null" OriginId="org.eclipse.jdt.ui.CompilationUnitEditor" StartDate="2014-10-09 08:53:32.367 JST" StructureHandle="=TA2/src&amp;lt;ta2.utils{CONS.java[CONS[IMageActv^ti" StructureKind="java" NumEvents="2" CreationCount="375"/><InteractionEvent Delta="null" EndDate="2014-10-09 09:24:34.108 JST" Interest="27.0" Kind="edit" Navigation="null" OriginId="org.eclipse.jdt.ui.CompilationUnitEditor" StartDate="2014-10-09 09:23:16.920 JST" StructureHandle="=TA2/src&amp;lt;ta2.main{PhotoActv.java[PhotoActv~do_test" StructureKind="java" NumEvents="27" CreationCount="1286"/><InteractionEvent Delta="null" EndDate="2014-10-09 09:24:29.97 JST" Interest="7.0" Kind="selection" Navigation="null" OriginId="org.eclipse.jdt.ui.CompilationUnitEditor" StartDate="2014-10-09 09:23:16.915 JST" StructureHandle="=TA2/src&amp;lt;ta2.main{PhotoActv.java[PhotoActv~do_test" StructureKind="java" NumEvents="7" CreationCount="1286"/><InteractionEvent Delta="null" EndDate="2014-10-09 09:24:37.931 JST" Interest="56.0" Kind="propagation" Navigation="null" OriginId="org.eclipse.jdt.ui.CompilationUnitEditor" StartDate="2014-10-09 08:57:30.124 JST" StructureHandle="/IFM11/src/ifm11/main/TNActv.java" StructureKind="resource" NumEvents="56" CreationCount="468"/><InteractionEvent Delta="null" EndDate="2014-10-09 09:21:18.808 JST" Interest="78.0" Kind="edit" Navigation="null" OriginId="org.eclipse.jdt.ui.CompilationUnitEditor" StartDate="2014-10-09 09:05:36.280 JST" StructureHandle="=TA2/src&amp;lt;ta2.main{PhotoActv.java[PhotoActv~_Setup_List~QCursor;" StructureKind="java" NumEvents="78" CreationCount="722"/><InteractionEvent Delta="null" EndDate="2014-10-09 09:23:10.163 JST" Interest="9.0" Kind="selection" Navigation="null" OriginId="org.eclipse.jdt.ui.CompilationUnitEditor" StartDate="2014-10-09 09:05:36.268 JST" StructureHandle="=TA2/src&amp;lt;ta2.main{PhotoActv.java[PhotoActv~_Setup_List~QCursor;" StructureKind="java" NumEvents="9" CreationCount="722"/><InteractionEvent Delta="null" EndDate="2014-10-09 09:17:46.705 JST" Interest="44.266" Kind="propagation" Navigation="org.eclipse.mylyn.core.model.edges.containment" OriginId="org.eclipse.mylyn.core.model.interest.propagation" StartDate="2014-10-09 08:25:19.51 JST" StructureHandle="=TA2/src&amp;lt;ta2.utils" StructureKind="java" NumEvents="60" CreationCount="16"/><InteractionEvent Delta="null" EndDate="2014-10-09 08:25:17.105 JST" Interest="1.0" Kind="selection" Navigation="null" OriginId="org.eclipse.jdt.ui.PackageExplorer" StartDate="2014-10-09 08:25:17.105 JST" StructureHandle="=TA2/src&amp;lt;ta2.utils" StructureKind="java"/><InteractionEvent Delta="null" EndDate="2014-10-09 08:47:53.865 JST" Interest="2.0" Kind="propagation" Navigation="null" OriginId="org.eclipse.ui.views.ResourceNavigator" StartDate="2014-10-09 08:41:09.412 JST" StructureHandle="/IFM11/src/ifm11/listeners" StructureKind="resource" NumEvents="2" CreationCount="224"/><InteractionEvent Delta="null" EndDate="2014-10-09 08:50:55.641 JST" Interest="2.0" Kind="selection" Navigation="null" OriginId="org.eclipse.ui.views.ResourceNavigator" StartDate="2014-10-09 08:50:41.441 JST" StructureHandle="/IFM11/res/drawable/ifm8_back_disenabled.png" StructureKind="resource" NumEvents="2" CreationCount="288"/><InteractionEvent Delta="null" EndDate="2014-10-09 08:35:11.531 JST" Interest="1.0" Kind="propagation" Navigation="null" OriginId="org.eclipse.ui.views.ResourceNavigator" StartDate="2014-10-09 08:35:11.531 JST" StructureHandle="/IFM11/src/ifm11/tasks" StructureKind="resource"/><InteractionEvent Delta="null" EndDate="2014-10-09 08:52:45.920 JST" Interest="1.0" Kind="selection" Navigation="null" OriginId="org.eclipse.jdt.ui.CompilationUnitEditor" StartDate="2014-10-09 08:52:45.920 JST" StructureHandle="=TA2/src&amp;lt;ta2.utils{CONS.java[CONS[IMageActv!2^adapter" StructureKind="java"/><InteractionEvent Delta="null" EndDate="2014-10-09 08:58:40.535 JST" Interest="18.0" Kind="edit" Navigation="null" OriginId="org.eclipse.jdt.ui.CompilationUnitEditor" StartDate="2014-10-09 08:58:02.995 JST" StructureHandle="=IFM11/src&amp;lt;ifm11.utils{DBUtils.java[DBUtils~find_All_TI~QActivity;~QString;" StructureKind="java" NumEvents="18" CreationCount="486"/><InteractionEvent Delta="null" EndDate="2014-10-09 09:18:27.887 JST" Interest="3.0" Kind="selection" Navigation="null" OriginId="org.eclipse.jdt.ui.CompilationUnitEditor" StartDate="2014-10-09 08:58:02.222 JST" StructureHandle="=IFM11/src&amp;lt;ifm11.utils{DBUtils.java[DBUtils~find_All_TI~QActivity;~QString;" StructureKind="java" NumEvents="3" CreationCount="486"/><InteractionEvent Delta="null" EndDate="2014-10-09 08:51:40.936 JST" Interest="7.0" Kind="edit" Navigation="null" OriginId="com.android.ide.eclipse.editors.CommonXmlEditor" StartDate="2014-10-09 08:49:31.597 JST" StructureHandle="/TA2/res/layout/image_activity_for_myview.xml" StructureKind="resource" NumEvents="7" CreationCount="261"/><InteractionEvent Delta="null" EndDate="2014-10-09 08:50:44.891 JST" Interest="4.0" Kind="selection" Navigation="null" OriginId="org.eclipse.jdt.ui.PackageExplorer" StartDate="2014-10-09 08:49:29.135 JST" StructureHandle="/TA2/res/layout/image_activity_for_myview.xml" StructureKind="resource" NumEvents="4" CreationCount="261"/><InteractionEvent Delta="null" EndDate="2014-10-09 08:49:24.203 JST" Interest="1.0" Kind="propagation" Navigation="null" OriginId="org.eclipse.mylyn.resources.ui.interest.updater" StartDate="2014-10-09 08:49:24.203 JST" StructureHandle="/TA2/res/layout/image_activity_for_myview.xml" StructureKind="resource"/><InteractionEvent Delta="null" EndDate="2014-10-09 09:02:19.598 JST" Interest="5.0" Kind="edit" Navigation="null" OriginId="org.eclipse.jdt.ui.CompilationUnitEditor" StartDate="2014-10-09 08:56:32.941 JST" StructureHandle="=TA2/src&amp;lt;ta2.main{ImageActv.java[ImageActv~onCreateOptionsMenu~QMenu;" StructureKind="java" NumEvents="5" CreationCount="425"/><InteractionEvent Delta="null" EndDate="2014-10-09 09:00:06.198 JST" Interest="0.1500001" Kind="manipulation" Navigation="null" OriginId="org.eclipse.mylyn.core.model.interest.decay.correction" StartDate="2014-10-09 09:00:06.198 JST" StructureHandle="=TA2/src&amp;lt;ta2.main{ImageActv.java[ImageActv~onCreateOptionsMenu~QMenu;" StructureKind="java"/><InteractionEvent Delta="null" EndDate="2014-10-09 09:02:24.631 JST" Interest="4.0" Kind="selection" Navigation="null" OriginId="org.eclipse.jdt.ui.CompilationUnitEditor" StartDate="2014-10-09 08:56:25.226 JST" StructureHandle="=TA2/src&amp;lt;ta2.main{ImageActv.java[ImageActv~onCreateOptionsMenu~QMenu;" StructureKind="java" NumEvents="4" CreationCount="425"/><InteractionEvent Delta="null" EndDate="2014-10-09 08:35:16.942 JST" Interest="1.0" Kind="selection" Navigation="null" OriginId="org.eclipse.ui.views.ContentOutline" StartDate="2014-10-09 08:35:16.942 JST" StructureHandle="=IFM11/src&amp;lt;ifm11.utils{CONS.java%ifm11.utils" StructureKind="java"/><InteractionEvent Delta="null" EndDate="2014-10-09 08:54:38.78 JST" Interest="1.0" Kind="selection" Navigation="null" OriginId="org.eclipse.jdt.ui.CompilationUnitEditor" StartDate="2014-10-09 08:54:38.78 JST" StructureHandle="=TA2/src&amp;lt;ta2.utils{CONS.java#java.io.File" StructureKind="java"/><InteractionEvent Delta="null" EndDate="2014-10-09 09:24:37.932 JST" Interest="222.0" Kind="propagation" Navigation="null" OriginId="org.eclipse.jdt.ui.CompilationUnitEditor" StartDate="2014-10-09 08:33:55.194 JST" StructureHandle="/IFM11" StructureKind="resource" NumEvents="222" CreationCount="127"/><InteractionEvent Delta="null" EndDate="2014-10-09 09:00:34.945 JST" Interest="2.0" Kind="selection" Navigation="null" OriginId="org.eclipse.ui.views.ResourceNavigator" StartDate="2014-10-09 09:00:17.487 JST" StructureHandle="/IFM11/res/menu/image_actv_menu.xml" StructureKind="resource" NumEvents="2" CreationCount="580"/><InteractionEvent Delta="null" EndDate="2014-10-09 09:23:08.869 JST" Interest="22.013" Kind="propagation" Navigation="org.eclipse.mylyn.core.model.edges.containment" OriginId="org.eclipse.mylyn.core.model.interest.propagation" StartDate="2014-10-09 08:57:32.354 JST" StructureHandle="=IFM11/src&amp;lt;ifm11.main{TNActv.java" StructureKind="java" NumEvents="34" CreationCount="468"/><InteractionEvent Delta="null" EndDate="2014-10-09 09:24:37.672 JST" Interest="8.0" Kind="selection" Navigation="null" OriginId="org.eclipse.jdt.ui.CompilationUnitEditor" StartDate="2014-10-09 08:57:30.124 JST" StructureHandle="=IFM11/src&amp;lt;ifm11.main{TNActv.java" StructureKind="java" NumEvents="8" CreationCount="468"/><InteractionEvent Delta="null" EndDate="2014-10-09 09:00:19.594 JST" Interest="1.0" Kind="propagation" Navigation="null" OriginId="org.eclipse.jdt.ui.PackageExplorer" StartDate="2014-10-09 09:00:19.594 JST" StructureHandle="/TA2/src/ta2/items/Memo.java" StructureKind="resource"/><InteractionEvent Delta="null" EndDate="2014-10-09 09:26:57.741 JST" Interest="90.0" Kind="edit" Navigation="null" OriginId="org.eclipse.jdt.ui.CompilationUnitEditor" StartDate="2014-10-09 09:09:14.990 JST" StructureHandle="=TA2/src&amp;lt;ta2.main{ImageActv.java[ImageActv~onStart" StructureKind="java" NumEvents="90" CreationCount="843"/><InteractionEvent Delta="null" EndDate="2014-10-09 09:26:57.263 JST" Interest="17.0" Kind="selection" Navigation="null" OriginId="org.eclipse.jdt.ui.CompilationUnitEditor" StartDate="2014-10-09 09:09:14.462 JST" StructureHandle="=TA2/src&amp;lt;ta2.main{ImageActv.java[ImageActv~onStart" StructureKind="java" NumEvents="17" CreationCount="843"/><InteractionEvent Delta="null" EndDate="2014-10-09 08:57:27.144 JST" Interest="4.757" Kind="propagation" Navigation="org.eclipse.mylyn.core.model.edges.containment" OriginId="org.eclipse.mylyn.core.model.interest.propagation" StartDate="2014-10-09 08:48:36.328 JST" StructureHandle="/IFM11/src/ifm11/items" StructureKind="resource" NumEvents="5" CreationCount="246"/><InteractionEvent Delta="null" EndDate="2014-10-09 09:32:54.240 JST" Interest="1374.085" Kind="propagation" Navigation="org.eclipse.mylyn.core.model.edges.containment" OriginId="org.eclipse.mylyn.core.model.interest.propagation" StartDate="2014-10-09 08:24:39.573 JST" StructureHandle="=TA2" StructureKind="resource" NumEvents="1376" CreationCount="1"/><InteractionEvent Delta="null" EndDate="2014-10-09 09:01:43.929 JST" Interest="4.0" Kind="selection" Navigation="null" OriginId="org.eclipse.jdt.ui.PackageExplorer" StartDate="2014-10-09 08:51:32.133 JST" StructureHandle="/TA2/res/drawable" StructureKind="resource" NumEvents="4" CreationCount="290"/><InteractionEvent Delta="null" EndDate="2014-10-09 09:01:22.26 JST" Interest="3.1340003" Kind="propagation" Navigation="org.eclipse.mylyn.core.model.edges.containment" OriginId="org.eclipse.mylyn.core.model.interest.propagation" StartDate="2014-10-09 08:50:50.232 JST" StructureHandle="/TA2/res/drawable" StructureKind="resource" NumEvents="2" CreationCount="290"/><InteractionEvent Delta="null" EndDate="2014-10-09 08:51:44.23 JST" Interest="6.0" Kind="edit" Navigation="null" OriginId="com.android.ide.eclipse.editors.CommonXmlEditor" StartDate="2014-10-09 08:49:43.845 JST" StructureHandle="/IFM11/res/values/styles.xml" StructureKind="resource" NumEvents="6" CreationCount="266"/><InteractionEvent Delta="null" EndDate="2014-10-09 08:51:43.953 JST" Interest="5.0" Kind="selection" Navigation="null" OriginId="com.android.ide.eclipse.editors.CommonXmlEditor" StartDate="2014-10-09 08:49:43.423 JST" StructureHandle="/IFM11/res/values/styles.xml" StructureKind="resource" NumEvents="5" CreationCount="266"/><InteractionEvent Delta="null" EndDate="2014-10-09 08:26:09.367 JST" Interest="1.0" Kind="propagation" Navigation="null" OriginId="org.eclipse.jdt.ui.PackageExplorer" StartDate="2014-10-09 08:26:09.367 JST" StructureHandle="/TA2/src/ta2/main/PrefActv.java" StructureKind="resource"/><InteractionEvent Delta="null" EndDate="2014-10-09 08:51:36.630 JST" Interest="1.0" Kind="propagation" Navigation="null" OriginId="org.eclipse.mylyn.resources.ui.interest.updater" StartDate="2014-10-09 08:51:36.630 JST" StructureHandle="/TA2/res/drawable/ifm8_image_actv_back_70x70.png" StructureKind="resource"/><InteractionEvent Delta="null" EndDate="2014-10-09 09:27:20.0 JST" Interest="3.0" Kind="prediction" Navigation="null" OriginId="org.eclipse.mylyn.resources.ui.interest.updater" StartDate="2014-10-09 08:28:02.805 JST" StructureHandle="/TA2/bin/classes.dex" StructureKind="resource" NumEvents="3" CreationCount="105"/><InteractionEvent Delta="null" EndDate="2014-10-09 08:51:36.630 JST" Interest="1.0" Kind="propagation" Navigation="null" OriginId="org.eclipse.mylyn.resources.ui.interest.updater" StartDate="2014-10-09 08:51:36.630 JST" StructureHandle="/TA2/res/drawable/ifm8_image_actv_back_70x70_touched.png" StructureKind="resource"/><InteractionEvent Delta="null" EndDate="2014-10-09 08:56:52.985 JST" Interest="2.0" Kind="edit" Navigation="null" OriginId="org.eclipse.jdt.ui.CompilationUnitEditor" StartDate="2014-10-09 08:56:49.508 JST" StructureHandle="=TA2/src&amp;lt;ta2.main{PhotoActv.java[PhotoActv~onListItemClick~QListView;~QView;~I~J" StructureKind="java" NumEvents="2" CreationCount="434"/><InteractionEvent Delta="null" EndDate="2014-10-09 08:56:57.934 JST" Interest="5.0" Kind="selection" Navigation="null" OriginId="org.eclipse.jdt.ui.CompilationUnitEditor" StartDate="2014-10-09 08:56:49.0 JST" StructureHandle="=TA2/src&amp;lt;ta2.main{PhotoActv.java[PhotoActv~onListItemClick~QListView;~QView;~I~J" StructureKind="java" NumEvents="5" CreationCount="434"/><InteractionEvent Delta="null" EndDate="2014-10-09 09:01:58.254 JST" Interest="15.360001" Kind="propagation" Navigation="org.eclipse.mylyn.core.model.edges.containment" OriginId="org.eclipse.mylyn.core.model.interest.propagation" StartDate="2014-10-09 08:49:24.203 JST" StructureHandle="/TA2/res" StructureKind="resource" NumEvents="17" CreationCount="1"/><InteractionEvent Delta="null" EndDate="2014-10-09 08:24:40.419 JST" Interest="3.0" Kind="selection" Navigation="null" OriginId="org.eclipse.jdt.ui.PackageExplorer" StartDate="2014-10-09 08:24:39.572 JST" StructureHandle="/TA2/res" StructureKind="resource" NumEvents="3" CreationCount="1"/><InteractionEvent Delta="null" EndDate="2014-10-09 09:00:36.415 JST" Interest="1.0" Kind="selection" Navigation="null" OriginId="org.eclipse.ui.views.ResourceNavigator" StartDate="2014-10-09 09:00:36.415 JST" StructureHandle="/IFM11/res/drawable-hdpi" StructureKind="resource"/><InteractionEvent Delta="null" EndDate="2014-10-09 08:52:22.779 JST" Interest="2.0" Kind="edit" Navigation="null" OriginId="org.eclipse.jdt.ui.CompilationUnitEditor" StartDate="2014-10-09 08:52:18.344 JST" StructureHandle="=IFM11/src&amp;lt;ifm11.utils{CONS.java[CONS[IMageActv" StructureKind="java" NumEvents="2" CreationCount="338"/><InteractionEvent Delta="null" EndDate="2014-10-09 09:06:27.229 JST" Interest="3.0120006" Kind="propagation" Navigation="org.eclipse.mylyn.core.model.edges.containment" OriginId="org.eclipse.mylyn.core.model.interest.propagation" StartDate="2014-10-09 09:06:27.229 JST" StructureHandle="=IFM11/src&amp;lt;ifm11.utils{CONS.java[CONS[IMageActv" StructureKind="java"/><InteractionEvent Delta="null" EndDate="2014-10-09 08:53:20.374 JST" Interest="4.0" Kind="selection" Navigation="null" OriginId="org.eclipse.jdt.ui.CompilationUnitEditor" StartDate="2014-10-09 08:52:17.754 JST" StructureHandle="=IFM11/src&amp;lt;ifm11.utils{CONS.java[CONS[IMageActv" StructureKind="java" NumEvents="4" CreationCount="338"/><InteractionEvent Delta="null" EndDate="2014-10-09 09:06:45.864 JST" Interest="7.521002" Kind="propagation" Navigation="org.eclipse.mylyn.core.model.edges.containment" OriginId="org.eclipse.mylyn.core.model.interest.propagation" StartDate="2014-10-09 08:25:32.701 JST" StructureHandle="=TA2/src&amp;lt;ta2.utils{CONS.java" StructureKind="java" NumEvents="14" CreationCount="17"/><InteractionEvent Delta="null" EndDate="2014-10-09 09:18:49.281 JST" Interest="20.0" Kind="selection" Navigation="null" OriginId="org.eclipse.jdt.ui.PackageExplorer" StartDate="2014-10-09 08:25:19.50 JST" StructureHandle="=TA2/src&amp;lt;ta2.utils{CONS.java" StructureKind="java" NumEvents="20" CreationCount="17"/><InteractionEvent Delta="null" EndDate="2014-10-09 08:51:36.630 JST" Interest="1.0" Kind="propagation" Navigation="null" OriginId="org.eclipse.mylyn.resources.ui.interest.updater" StartDate="2014-10-09 08:51:36.630 JST" StructureHandle="/TA2/res/drawable/ifm8_forward.png" StructureKind="resource"/><InteractionEvent Delta="null" EndDate="2014-10-09 09:03:04.404 JST" Interest="1.0" Kind="selection" Navigation="null" OriginId="org.eclipse.jdt.ui.CompilationUnitEditor" StartDate="2014-10-09 09:03:04.404 JST" StructureHandle="=TA2/src&amp;lt;ta2.utils{Tags.java[Tags[ButtonTags^image_activity_prev" StructureKind="java"/><InteractionEvent Delta="null" EndDate="2014-10-09 08:54:12.444 JST" Interest="1.7" Kind="propagation" Navigation="org.eclipse.mylyn.core.model.edges.containment" OriginId="org.eclipse.mylyn.core.model.interest.propagation" StartDate="2014-10-09 08:54:11.356 JST" StructureHandle="=TA2/src&amp;lt;ta2.items{TI.java[TI" StructureKind="java" NumEvents="2" CreationCount="391"/><InteractionEvent Delta="null" EndDate="2014-10-09 09:01:24.239 JST" Interest="2.0" Kind="selection" Navigation="null" OriginId="org.eclipse.ui.views.ResourceNavigator" StartDate="2014-10-09 09:01:17.51 JST" StructureHandle="/IFM11/res/drawable/ifm8_image_actv_opt_menu_add_pattern_30x30_v3.png" StructureKind="resource" NumEvents="2" CreationCount="591"/><InteractionEvent Delta="null" EndDate="2014-10-09 08:35:25.734 JST" Interest="1.0" Kind="edit" Navigation="null" OriginId="org.eclipse.jdt.ui.CompilationUnitEditor" StartDate="2014-10-09 08:35:25.734 JST" StructureHandle="=IFM11/src&amp;lt;ifm11.utils{CONS.java[CONS[DB^tname_IFM11" StructureKind="java"/><InteractionEvent Delta="null" EndDate="2014-10-09 08:35:24.273 JST" Interest="1.0" Kind="selection" Navigation="null" OriginId="org.eclipse.jdt.ui.CompilationUnitEditor" StartDate="2014-10-09 08:35:24.273 JST" StructureHandle="=IFM11/src&amp;lt;ifm11.utils{CONS.java[CONS[DB^tname_IFM11" StructureKind="java"/><InteractionEvent Delta="null" EndDate="2014-10-09 08:35:09.382 JST" Interest="1.0" Kind="selection" Navigation="null" OriginId="org.eclipse.ui.views.ResourceNavigator" StartDate="2014-10-09 08:35:09.382 JST" StructureHandle="=IFM11/src&amp;lt;ifm11" StructureKind="java"/><InteractionEvent Delta="null" EndDate="2014-10-09 08:48:22.463 JST" Interest="1.0" Kind="selection" Navigation="null" OriginId="org.eclipse.jdt.ui.CompilationUnitEditor" StartDate="2014-10-09 08:48:22.463 JST" StructureHandle="=TA2/src&amp;lt;ta2.main{ImageActv.java#" StructureKind="java"/><InteractionEvent Delta="null" EndDate="2014-10-09 08:48:18.972 JST" Interest="1.0" Kind="propagation" Navigation="org.eclipse.mylyn.core.model.edges.containment" OriginId="org.eclipse.mylyn.core.model.interest.propagation" StartDate="2014-10-09 08:48:18.972 JST" StructureHandle="=TA2/src&amp;lt;ta2.main{ImageActv.java#" StructureKind="java"/><InteractionEvent Delta="null" EndDate="2014-10-09 09:17:46.705 JST" Interest="28.3" Kind="propagation" Navigation="org.eclipse.mylyn.core.model.edges.containment" OriginId="org.eclipse.mylyn.core.model.interest.propagation" StartDate="2014-10-09 09:16:14.281 JST" StructureHandle="=TA2/src&amp;lt;ta2.utils{Methods.java[Methods" StructureKind="java" NumEvents="40" CreationCount="1014"/><InteractionEvent Delta="null" EndDate="2014-10-09 08:50:50.232 JST" Interest="1.0" Kind="propagation" Navigation="null" OriginId="org.eclipse.mylyn.resources.ui.interest.updater" StartDate="2014-10-09 08:50:50.232 JST" StructureHandle="/TA2/res/drawable/ifm8_back_disenabled.png" StructureKind="resource"/><InteractionEvent Delta="null" EndDate="2014-10-09 09:32:54.239 JST" Interest="194.0" Kind="edit" Navigation="null" OriginId="org.eclipse.jdt.ui.CompilationUnitEditor" StartDate="2014-10-09 09:24:21.109 JST" StructureHandle="=TA2/src&amp;lt;ta2.main{PhotoActv.java[PhotoActv~_test_Start_ImageActv" StructureKind="java" NumEvents="194" CreationCount="1360"/><InteractionEvent Delta="null" EndDate="2014-10-09 09:28:37.614 JST" Interest="7.0" Kind="selection" Navigation="null" OriginId="org.eclipse.jdt.ui.CompilationUnitEditor" StartDate="2014-10-09 09:24:21.103 JST" StructureHandle="=TA2/src&amp;lt;ta2.main{PhotoActv.java[PhotoActv~_test_Start_ImageActv" StructureKind="java" NumEvents="7" CreationCount="1360"/></InteractionHistory>