<?xml version="1.0" encoding="UTF-8"?><InteractionHistory Id="local-22" Version="1"><InteractionEvent Delta="null" EndDate="2014-08-24 17:00:04.694 JST" Interest="2.0" Kind="propagation" Navigation="org.eclipse.mylyn.core.model.edges.containment" OriginId="org.eclipse.mylyn.core.model.interest.propagation" StartDate="2014-08-24 17:00:04.688 JST" StructureHandle="" StructureKind="java" NumEvents="2" CreationCount="5"/><InteractionEvent Delta="null" EndDate="2014-08-24 17:04:05.422 JST" Interest="1.0" Kind="selection" Navigation="null" OriginId="org.eclipse.jdt.ui.PackageExplorer" StartDate="2014-08-24 17:04:05.422 JST" StructureHandle="/TA2/res/layout/dlg_tmpl_cancel_lv_with_btn.xml" StructureKind="resource"/><InteractionEvent Delta="null" EndDate="2014-08-24 17:32:06.48 JST" Interest="100.568" Kind="propagation" Navigation="org.eclipse.mylyn.core.model.edges.containment" OriginId="org.eclipse.mylyn.core.model.interest.propagation" StartDate="2014-08-24 17:11:19.464 JST" StructureHandle="=TA2/src&amp;lt;ta2.listeners.dialog{DB_OCL.java" StructureKind="java" NumEvents="147" CreationCount="59"/><InteractionEvent Delta="null" EndDate="2014-08-24 21:50:49.845 JST" Interest="8.0" Kind="selection" Navigation="null" OriginId="org.eclipse.jdt.ui.CompilationUnitEditor" StartDate="2014-08-24 17:11:08.698 JST" StructureHandle="=TA2/src&amp;lt;ta2.listeners.dialog{DB_OCL.java" StructureKind="java" NumEvents="8" CreationCount="59"/><InteractionEvent Delta="null" EndDate="2014-08-24 17:14:51.708 JST" Interest="1.0" Kind="prediction" Navigation="null" OriginId="org.eclipse.mylyn.resources.ui.interest.updater" StartDate="2014-08-24 17:14:51.708 JST" StructureHandle="/TA2/bin/res/crunch/drawable/general_ib_clear_yellow_64x64.png" StructureKind="resource"/><InteractionEvent Delta="null" EndDate="2014-08-24 17:18:37.731 JST" Interest="13.517" Kind="propagation" Navigation="org.eclipse.mylyn.core.model.edges.containment" OriginId="org.eclipse.mylyn.core.model.interest.propagation" StartDate="2014-08-24 17:04:08.277 JST" StructureHandle="/TA2/res/values" StructureKind="resource" NumEvents="19" CreationCount="27"/><InteractionEvent Delta="null" EndDate="2014-08-24 17:04:06.864 JST" Interest="1.0" Kind="selection" Navigation="null" OriginId="org.eclipse.jdt.ui.PackageExplorer" StartDate="2014-08-24 17:04:06.864 JST" StructureHandle="/TA2/res/values" StructureKind="resource"/><InteractionEvent Delta="null" EndDate="2014-08-24 17:14:51.708 JST" Interest="1.0" Kind="propagation" Navigation="org.eclipse.mylyn.core.model.edges.containment" OriginId="org.eclipse.mylyn.core.model.interest.propagation" StartDate="2014-08-24 17:14:51.708 JST" StructureHandle="/TA2/bin/res/crunch/drawable" StructureKind="resource"/><InteractionEvent Delta="null" EndDate="2014-08-24 17:11:12.457 JST" Interest="1.0" Kind="selection" Navigation="null" OriginId="org.eclipse.ui.views.ContentOutline" StartDate="2014-08-24 17:11:12.457 JST" StructureHandle="=TA2/src&amp;lt;ta2.listeners.dialog{DB_OCL.java%ta2.listeners.dialog" StructureKind="java"/><InteractionEvent Delta="null" EndDate="2014-08-24 21:50:52.299 JST" Interest="1.417" Kind="propagation" Navigation="org.eclipse.mylyn.core.model.edges.containment" OriginId="org.eclipse.mylyn.core.model.interest.propagation" StartDate="2014-08-24 21:50:49.135 JST" StructureHandle="=TA2/src&amp;lt;ta2.main{MemoActv.java" StructureKind="java" NumEvents="3" CreationCount="316"/><InteractionEvent Delta="null" EndDate="2014-08-24 21:50:51.25 JST" Interest="2.0" Kind="selection" Navigation="null" OriginId="org.eclipse.jdt.ui.CompilationUnitEditor" StartDate="2014-08-24 21:50:49.28 JST" StructureHandle="=TA2/src&amp;lt;ta2.main{MemoActv.java" StructureKind="java" NumEvents="2" CreationCount="316"/><InteractionEvent Delta="null" EndDate="2014-08-24 21:50:49.910 JST" Interest="236.95201" Kind="propagation" Navigation="org.eclipse.mylyn.core.model.edges.containment" OriginId="org.eclipse.mylyn.core.model.interest.propagation" StartDate="2014-08-24 16:59:56.429 JST" StructureHandle="/TA2/src/ta2" StructureKind="resource" NumEvents="238" CreationCount="3"/><InteractionEvent Delta="null" EndDate="2014-08-24 17:14:51.708 JST" Interest="1.0" Kind="prediction" Navigation="null" OriginId="org.eclipse.mylyn.resources.ui.interest.updater" StartDate="2014-08-24 17:14:51.708 JST" StructureHandle="/TA2/bin/res/crunch/drawable/menu_timeline_filter.png" StructureKind="resource"/><InteractionEvent Delta="null" EndDate="2014-08-24 21:50:52.298 JST" Interest="6.0" Kind="propagation" Navigation="null" OriginId="org.eclipse.jdt.ui.CompilationUnitEditor" StartDate="2014-08-24 21:50:49.29 JST" StructureHandle="/TA2/src/ta2/main/MemoActv.java" StructureKind="resource" NumEvents="6" CreationCount="316"/><InteractionEvent Delta="null" EndDate="2014-08-24 17:14:51.708 JST" Interest="1.0" Kind="prediction" Navigation="null" OriginId="org.eclipse.mylyn.resources.ui.interest.updater" StartDate="2014-08-24 17:14:51.708 JST" StructureHandle="/TA2/bin/res/crunch/drawable/general_ib_cancel_red_64x64_disdabled.png" StructureKind="resource"/><InteractionEvent Delta="null" EndDate="2014-08-24 21:50:52.298 JST" Interest="3.4" Kind="propagation" Navigation="org.eclipse.mylyn.core.model.edges.containment" OriginId="org.eclipse.mylyn.core.model.interest.propagation" StartDate="2014-08-24 21:50:49.134 JST" StructureHandle="=TA2/src&amp;lt;ta2.main{MemoActv.java[MemoActv" StructureKind="java" NumEvents="4" CreationCount="317"/><InteractionEvent Delta="null" EndDate="2014-08-24 17:31:42.427 JST" Interest="1.0" Kind="edit" Navigation="null" OriginId="org.eclipse.jdt.ui.CompilationUnitEditor" StartDate="2014-08-24 17:31:42.427 JST" StructureHandle="=TA2/src&amp;lt;ta2.listeners.dialog{DB_OCL.java[DB_OCL~case_DLG_FILTER_SHOWLIST_RESET" StructureKind="java"/><InteractionEvent Delta="null" EndDate="2014-08-24 17:31:45.834 JST" Interest="2.0" Kind="selection" Navigation="null" OriginId="org.eclipse.jdt.ui.CompilationUnitEditor" StartDate="2014-08-24 17:31:41.384 JST" StructureHandle="=TA2/src&amp;lt;ta2.listeners.dialog{DB_OCL.java[DB_OCL~case_DLG_FILTER_SHOWLIST_RESET" StructureKind="java" NumEvents="2" CreationCount="291"/><InteractionEvent Delta="null" EndDate="2014-08-24 21:50:52.300 JST" Interest="3.417" Kind="propagation" Navigation="org.eclipse.mylyn.core.model.edges.containment" OriginId="org.eclipse.mylyn.core.model.interest.propagation" StartDate="2014-08-24 21:50:49.29 JST" StructureHandle="=TA2/src&amp;lt;ta2.main" StructureKind="java" NumEvents="5" CreationCount="316"/><InteractionEvent Delta="null" EndDate="2014-08-24 21:50:49.910 JST" Interest="236.017" Kind="propagation" Navigation="org.eclipse.mylyn.core.model.edges.containment" OriginId="org.eclipse.mylyn.core.model.interest.propagation" StartDate="2014-08-24 17:11:06.428 JST" StructureHandle="/TA2/src/ta2/listeners" StructureKind="resource" NumEvents="237" CreationCount="58"/><InteractionEvent Delta="null" EndDate="2014-08-24 17:14:51.708 JST" Interest="1.0" Kind="propagation" Navigation="org.eclipse.mylyn.core.model.edges.containment" OriginId="org.eclipse.mylyn.core.model.interest.propagation" StartDate="2014-08-24 17:14:51.708 JST" StructureHandle="/TA2/bin/res" StructureKind="resource"/><InteractionEvent Delta="null" EndDate="2014-08-24 17:14:51.708 JST" Interest="1.0" Kind="prediction" Navigation="null" OriginId="org.eclipse.mylyn.resources.ui.interest.updater" StartDate="2014-08-24 17:14:51.708 JST" StructureHandle="/TA2/bin/res/crunch/drawable/general_ib_ok_green_64x64.png" StructureKind="resource"/><InteractionEvent Delta="null" EndDate="2014-08-24 21:50:49.909 JST" Interest="4.0" Kind="selection" Navigation="null" OriginId="org.eclipse.jdt.ui.CompilationUnitEditor" StartDate="2014-08-24 17:30:29.733 JST" StructureHandle="=TA2/src&amp;lt;ta2.listeners.dialog{DB_OCL.java[DB_OCL~case_DLG_FILTER_SHOWLIST_CLEAR" StructureKind="java" NumEvents="4" CreationCount="260"/><InteractionEvent Delta="null" EndDate="2014-08-24 17:14:51.708 JST" Interest="1.0" Kind="prediction" Navigation="null" OriginId="org.eclipse.mylyn.resources.ui.interest.updater" StartDate="2014-08-24 17:14:51.708 JST" StructureHandle="/TA2/bin/TA2.apk" StructureKind="resource"/><InteractionEvent Delta="null" EndDate="2014-08-24 17:32:18.869 JST" Interest="61.0" Kind="edit" Navigation="null" OriginId="org.eclipse.jdt.ui.CompilationUnitEditor" StartDate="2014-08-24 17:27:13.47 JST" StructureHandle="=TA2/src&amp;lt;ta2.listeners.dialog{DB_OCL.java[DB_OCL~_Filter_ShowList_Build_Conditions~QActivity;~QDialog;" StructureKind="java" NumEvents="61" CreationCount="228"/><InteractionEvent Delta="null" EndDate="2014-08-24 17:32:06.48 JST" Interest="6.0" Kind="selection" Navigation="null" OriginId="org.eclipse.jdt.ui.CompilationUnitEditor" StartDate="2014-08-24 17:27:11.957 JST" StructureHandle="=TA2/src&amp;lt;ta2.listeners.dialog{DB_OCL.java[DB_OCL~_Filter_ShowList_Build_Conditions~QActivity;~QDialog;" StructureKind="java" NumEvents="6" CreationCount="228"/><InteractionEvent Delta="null" EndDate="2014-08-24 17:25:20.568 JST" Interest="41.0" Kind="edit" Navigation="null" OriginId="com.android.ide.eclipse.editors.CommonXmlEditor" StartDate="2014-08-24 17:00:56.984 JST" StructureHandle="/TA2/res/layout/dlg_filter_showlist.xml" StructureKind="resource" NumEvents="41" CreationCount="8"/><InteractionEvent Delta="null" EndDate="2014-08-24 17:24:21.352 JST" Interest="10.0" Kind="selection" Navigation="null" OriginId="com.android.ide.eclipse.editors.CommonXmlEditor" StartDate="2014-08-24 17:00:41.705 JST" StructureHandle="/TA2/res/layout/dlg_filter_showlist.xml" StructureKind="resource" NumEvents="10" CreationCount="8"/><InteractionEvent Delta="null" EndDate="2014-08-24 21:50:49.910 JST" Interest="236.017" Kind="propagation" Navigation="org.eclipse.mylyn.core.model.edges.containment" OriginId="org.eclipse.mylyn.core.model.interest.propagation" StartDate="2014-08-24 17:11:06.428 JST" StructureHandle="/TA2/src/ta2/listeners/dialog" StructureKind="resource" NumEvents="237" CreationCount="58"/><InteractionEvent Delta="null" EndDate="2014-08-24 17:00:04.694 JST" Interest="2.0" Kind="selection" Navigation="null" OriginId="org.eclipse.ui.views.ResourceNavigator" StartDate="2014-08-24 17:00:04.688 JST" StructureHandle="=IFM11" StructureKind="java" NumEvents="2" CreationCount="5"/><InteractionEvent Delta="null" EndDate="2014-08-24 17:14:51.708 JST" Interest="1.0" Kind="propagation" Navigation="org.eclipse.mylyn.core.model.edges.containment" OriginId="org.eclipse.mylyn.core.model.interest.propagation" StartDate="2014-08-24 17:14:51.708 JST" StructureHandle="/TA2/bin/res/crunch" StructureKind="resource"/><InteractionEvent Delta="null" EndDate="2014-08-24 17:18:37.731 JST" Interest="15.0" Kind="edit" Navigation="null" OriginId="com.android.ide.eclipse.editors.CommonXmlEditor" StartDate="2014-08-24 17:04:09.71 JST" StructureHandle="/TA2/res/values/strings.xml" StructureKind="resource" NumEvents="15" CreationCount="28"/><InteractionEvent Delta="null" EndDate="2014-08-24 17:18:37.690 JST" Interest="4.0" Kind="selection" Navigation="null" OriginId="com.android.ide.eclipse.editors.CommonXmlEditor" StartDate="2014-08-24 17:04:08.277 JST" StructureHandle="/TA2/res/values/strings.xml" StructureKind="resource" NumEvents="4" CreationCount="28"/><InteractionEvent Delta="null" EndDate="2014-08-24 17:11:03.576 JST" Interest="1.0" Kind="selection" Navigation="null" OriginId="org.eclipse.jdt.ui.PackageExplorer" StartDate="2014-08-24 17:11:03.576 JST" StructureHandle="/TA2/res/layout/dlg_tmpl_edittext_simple.xml" StructureKind="resource"/><InteractionEvent Delta="null" EndDate="2014-08-24 21:50:52.302 JST" Interest="242.986" Kind="propagation" Navigation="org.eclipse.mylyn.core.model.edges.containment" OriginId="org.eclipse.mylyn.core.model.interest.propagation" StartDate="2014-08-24 16:57:14.111 JST" StructureHandle="/" StructureKind="resource" NumEvents="257" CreationCount="1"/><InteractionEvent Delta="null" EndDate="2014-08-24 17:14:51.708 JST" Interest="1.0" Kind="prediction" Navigation="null" OriginId="org.eclipse.mylyn.resources.ui.interest.updater" StartDate="2014-08-24 17:14:51.708 JST" StructureHandle="/TA2/bin/res/crunch/drawable/general_ib_ok_green_48x48_disabled.png" StructureKind="resource"/><InteractionEvent Delta="null" EndDate="2014-08-24 16:59:56.429 JST" Interest="1.0" Kind="propagation" Navigation="null" OriginId="org.eclipse.jdt.ui.PackageExplorer" StartDate="2014-08-24 16:59:56.429 JST" StructureHandle="/TA2/src/ta2/tasks" StructureKind="resource"/><InteractionEvent Delta="null" EndDate="2014-08-24 17:14:51.708 JST" Interest="1.0" Kind="propagation" Navigation="org.eclipse.mylyn.core.model.edges.containment" OriginId="org.eclipse.mylyn.core.model.interest.propagation" StartDate="2014-08-24 17:14:51.708 JST" StructureHandle="/TA2/bin" StructureKind="resource"/><InteractionEvent Delta="null" EndDate="2014-08-24 17:00:04.694 JST" Interest="2.0" Kind="propagation" Navigation="null" OriginId="org.eclipse.ui.views.ResourceNavigator" StartDate="2014-08-24 17:00:04.688 JST" StructureHandle="/IFM11" StructureKind="resource" NumEvents="2" CreationCount="5"/><InteractionEvent Delta="null" EndDate="2014-08-24 17:32:03.629 JST" Interest="145.0" Kind="edit" Navigation="null" OriginId="org.eclipse.jdt.ui.CompilationUnitEditor" StartDate="2014-08-24 17:11:19.441 JST" StructureHandle="=TA2/src&amp;lt;ta2.listeners.dialog{DB_OCL.java[DB_OCL~case_DLG_FILTER_SHOWLIST_OK" StructureKind="java" NumEvents="145" CreationCount="63"/><InteractionEvent Delta="null" EndDate="2014-08-24 17:32:03.70 JST" Interest="5.0" Kind="selection" Navigation="null" OriginId="org.eclipse.jdt.ui.CompilationUnitEditor" StartDate="2014-08-24 17:11:18.723 JST" StructureHandle="=TA2/src&amp;lt;ta2.listeners.dialog{DB_OCL.java[DB_OCL~case_DLG_FILTER_SHOWLIST_OK" StructureKind="java" NumEvents="5" CreationCount="63"/><InteractionEvent Delta="null" EndDate="2014-08-24 21:50:52.299 JST" Interest="6.0" Kind="propagation" Navigation="org.eclipse.mylyn.core.model.edges.containment" OriginId="org.eclipse.mylyn.core.model.interest.propagation" StartDate="2014-08-24 21:50:49.29 JST" StructureHandle="/TA2/src/ta2/main" StructureKind="resource" NumEvents="6" CreationCount="316"/><InteractionEvent Delta="null" EndDate="2014-08-24 17:14:51.708 JST" Interest="1.0" Kind="prediction" Navigation="null" OriginId="org.eclipse.mylyn.resources.ui.interest.updater" StartDate="2014-08-24 17:14:51.708 JST" StructureHandle="/TA2/bin/res/crunch/drawable/general_ib_cancel_red_64x64.png" StructureKind="resource"/><InteractionEvent Delta="null" EndDate="2014-08-24 21:50:52.301 JST" Interest="242.986" Kind="propagation" Navigation="null" OriginId="org.eclipse.jdt.ui.CompilationUnitEditor" StartDate="2014-08-24 16:57:14.111 JST" StructureHandle="/TA2/src" StructureKind="resource" NumEvents="245" CreationCount="1"/><InteractionEvent Delta="null" EndDate="2014-08-24 21:50:49.910 JST" Interest="236.0" Kind="propagation" Navigation="null" OriginId="org.eclipse.jdt.ui.CompilationUnitEditor" StartDate="2014-08-24 17:11:08.699 JST" StructureHandle="/TA2/src/ta2/listeners/dialog/DB_OCL.java" StructureKind="resource" NumEvents="236" CreationCount="59"/><InteractionEvent Delta="null" EndDate="2014-08-24 17:25:20.568 JST" Interest="36.767998" Kind="propagation" Navigation="org.eclipse.mylyn.core.model.edges.containment" OriginId="org.eclipse.mylyn.core.model.interest.propagation" StartDate="2014-08-24 17:00:43.573 JST" StructureHandle="/TA2/res/layout" StructureKind="resource" NumEvents="50" CreationCount="4"/><InteractionEvent Delta="null" EndDate="2014-08-24 17:00:38.88 JST" Interest="2.0" Kind="selection" Navigation="null" OriginId="org.eclipse.jdt.ui.PackageExplorer" StartDate="2014-08-24 17:00:00.737 JST" StructureHandle="/TA2/res/layout" StructureKind="resource" NumEvents="2" CreationCount="4"/><InteractionEvent Delta="null" EndDate="2014-08-24 21:50:52.301 JST" Interest="242.986" Kind="propagation" Navigation="org.eclipse.mylyn.core.model.edges.containment" OriginId="org.eclipse.mylyn.core.model.interest.propagation" StartDate="2014-08-24 16:57:14.111 JST" StructureHandle="=TA2" StructureKind="resource" NumEvents="257" CreationCount="1"/><InteractionEvent Delta="null" EndDate="2014-08-24 21:50:49.847 JST" Interest="107.585" Kind="propagation" Navigation="org.eclipse.mylyn.core.model.edges.containment" OriginId="org.eclipse.mylyn.core.model.interest.propagation" StartDate="2014-08-24 17:11:08.699 JST" StructureHandle="=TA2/src&amp;lt;ta2.listeners.dialog" StructureKind="java" NumEvents="158" CreationCount="58"/><InteractionEvent Delta="null" EndDate="2014-08-24 17:11:06.427 JST" Interest="1.0" Kind="selection" Navigation="null" OriginId="org.eclipse.jdt.ui.PackageExplorer" StartDate="2014-08-24 17:11:06.427 JST" StructureHandle="=TA2/src&amp;lt;ta2.listeners.dialog" StructureKind="java"/><InteractionEvent Delta="null" EndDate="2014-08-24 17:14:51.708 JST" Interest="1.0" Kind="prediction" Navigation="null" OriginId="org.eclipse.mylyn.resources.ui.interest.updater" StartDate="2014-08-24 17:14:51.708 JST" StructureHandle="/TA2/bin/classes.dex" StructureKind="resource"/><InteractionEvent Delta="null" EndDate="2014-08-24 17:25:20.569 JST" Interest="37.802" Kind="propagation" Navigation="org.eclipse.mylyn.core.model.edges.containment" OriginId="org.eclipse.mylyn.core.model.interest.propagation" StartDate="2014-08-24 17:00:00.737 JST" StructureHandle="/TA2/res" StructureKind="resource" NumEvents="54" CreationCount="2"/><InteractionEvent Delta="null" EndDate="2014-08-24 16:57:25.545 JST" Interest="1.0" Kind="selection" Navigation="null" OriginId="org.eclipse.jdt.ui.PackageExplorer" StartDate="2014-08-24 16:57:25.545 JST" StructureHandle="/TA2/res" StructureKind="resource"/><InteractionEvent Delta="null" EndDate="2014-08-24 16:59:56.428 JST" Interest="1.0" Kind="selection" Navigation="null" OriginId="org.eclipse.jdt.ui.PackageExplorer" StartDate="2014-08-24 16:59:56.428 JST" StructureHandle="=TA2/src&amp;lt;ta2.tasks" StructureKind="java"/><InteractionEvent Delta="null" EndDate="2014-08-24 17:11:15.927 JST" Interest="1.0" Kind="selection" Navigation="null" OriginId="org.eclipse.ui.views.ContentOutline" StartDate="2014-08-24 17:11:15.927 JST" StructureHandle="=TA2/src&amp;lt;ta2.listeners.dialog{DB_OCL.java[DB_OCL~_Init_SoundEffect~QActivity;" StructureKind="java"/><InteractionEvent Delta="null" EndDate="2014-08-24 17:32:03.629 JST" Interest="105.517" Kind="propagation" Navigation="org.eclipse.mylyn.core.model.edges.containment" OriginId="org.eclipse.mylyn.core.model.interest.propagation" StartDate="2014-08-24 17:11:15.927 JST" StructureHandle="=TA2/src&amp;lt;ta2.listeners.dialog{DB_OCL.java[DB_OCL" StructureKind="java" NumEvents="150" CreationCount="62"/><InteractionEvent Delta="null" EndDate="2014-08-24 17:32:04.519 JST" Interest="2.0" Kind="selection" Navigation="null" OriginId="org.eclipse.jdt.ui.CompilationUnitEditor" StartDate="2014-08-24 17:30:03.639 JST" StructureHandle="=TA2/src&amp;lt;ta2.listeners.dialog{DB_OCL.java[DB_OCL" StructureKind="java" NumEvents="2" CreationCount="62"/><InteractionEvent Delta="null" EndDate="2014-08-24 17:14:51.708 JST" Interest="1.0" Kind="prediction" Navigation="null" OriginId="org.eclipse.mylyn.resources.ui.interest.updater" StartDate="2014-08-24 17:14:51.708 JST" StructureHandle="/TA2/bin/res/crunch/drawable/general_ib_clear_yellow_64x64_disabled.png" StructureKind="resource"/><InteractionEvent Delta="null" EndDate="2014-08-24 21:50:49.848 JST" Interest="108.55399" Kind="propagation" Navigation="org.eclipse.mylyn.core.model.edges.containment" OriginId="org.eclipse.mylyn.core.model.interest.propagation" StartDate="2014-08-24 16:59:56.429 JST" StructureHandle="=TA2/src" StructureKind="java" NumEvents="162" CreationCount="1"/><InteractionEvent Delta="null" EndDate="2014-08-24 16:57:14.111 JST" Interest="1.0" Kind="selection" Navigation="null" OriginId="org.eclipse.jdt.ui.PackageExplorer" StartDate="2014-08-24 16:57:14.111 JST" StructureHandle="=TA2/src" StructureKind="java"/><InteractionEvent Delta="null" EndDate="2014-08-24 17:14:51.708 JST" Interest="1.0" Kind="prediction" Navigation="null" OriginId="org.eclipse.mylyn.resources.ui.interest.updater" StartDate="2014-08-24 17:14:51.708 JST" StructureHandle="/TA2/bin/resources.ap_" StructureKind="resource"/><InteractionEvent Delta="null" EndDate="2014-08-24 21:50:52.297 JST" Interest="2.0" Kind="edit" Navigation="null" OriginId="org.eclipse.jdt.ui.CompilationUnitEditor" StartDate="2014-08-24 21:50:49.490 JST" StructureHandle="=TA2/src&amp;lt;ta2.main{MemoActv.java[MemoActv~_Setup_Set_PrefText" StructureKind="java" NumEvents="2" CreationCount="317"/><InteractionEvent Delta="null" EndDate="2014-08-24 21:50:51.75 JST" Interest="2.0" Kind="selection" Navigation="null" OriginId="org.eclipse.jdt.ui.CompilationUnitEditor" StartDate="2014-08-24 21:50:49.134 JST" StructureHandle="=TA2/src&amp;lt;ta2.main{MemoActv.java[MemoActv~_Setup_Set_PrefText" StructureKind="java" NumEvents="2" CreationCount="317"/></InteractionHistory>