<?xml version="1.0" encoding="UTF-8"?><InteractionHistory Id="local-120" Version="1"><InteractionEvent Delta="null" EndDate="2014-10-03 10:58:03.503 JST" Interest="1.0" Kind="selection" Navigation="null" OriginId="org.eclipse.jdt.ui.PackageExplorer" StartDate="2014-10-03 10:58:03.503 JST" StructureHandle="/TA2/res/layout/dlg_tmpl_cancel_lv_with_btn.xml" StructureKind="resource"/><InteractionEvent Delta="null" EndDate="2014-10-03 10:52:11.827 JST" Interest="8.650001" Kind="propagation" Navigation="org.eclipse.mylyn.core.model.edges.containment" OriginId="org.eclipse.mylyn.core.model.interest.propagation" StartDate="2014-10-03 10:27:51.702 JST" StructureHandle="" StructureKind="java" NumEvents="13" CreationCount="305"/><InteractionEvent Delta="null" EndDate="2014-10-03 11:02:11.904 JST" Interest="1.0" Kind="propagation" Navigation="null" OriginId="org.eclipse.mylyn.resources.ui.interest.updater" StartDate="2014-10-03 11:02:11.904 JST" StructureHandle="/TA2/bin/dexedLibs/commons-lang-2.6-986548f769e99989e5ff8b3dec32ef6a.jar" StructureKind="resource"/><InteractionEvent Delta="null" EndDate="2014-10-03 11:05:53.988 JST" Interest="161.0" Kind="propagation" Navigation="null" OriginId="org.eclipse.ui.views.ContentOutline" StartDate="2014-10-03 10:12:19.627 JST" StructureHandle="/TA2/src/ta2/utils/CONS.java" StructureKind="resource" NumEvents="161" CreationCount="40"/><InteractionEvent Delta="null" EndDate="2014-10-03 10:27:51.702 JST" Interest="1.0" Kind="selection" Navigation="null" OriginId="org.eclipse.jdt.ui.PackageExplorer" StartDate="2014-10-03 10:27:51.702 JST" StructureHandle="=SL3" StructureKind="java"/><InteractionEvent Delta="null" EndDate="2014-10-03 10:57:54.199 JST" Interest="2.0" Kind="propagation" Navigation="null" OriginId="org.eclipse.mylyn.resources.ui.interest.updater" StartDate="2014-10-03 10:57:54.200 JST" StructureHandle="=TA2/gen&amp;lt;ta2.main" StructureKind="java" NumEvents="2" CreationCount="780"/><InteractionEvent Delta="null" EndDate="2014-10-03 10:52:09.41 JST" Interest="1.0" Kind="selection" Navigation="null" OriginId="org.eclipse.ui.views.ResourceNavigator" StartDate="2014-10-03 10:52:09.41 JST" StructureHandle="/cm7/res/drawable-xxhdpi" StructureKind="resource"/><InteractionEvent Delta="null" EndDate="2014-10-03 11:01:13.506 JST" Interest="1.0" Kind="selection" Navigation="null" OriginId="org.eclipse.jdt.ui.PackageExplorer" StartDate="2014-10-03 11:01:13.506 JST" StructureHandle="=TA2/src&amp;lt;ta2.main{MemoActv.java" StructureKind="java"/><InteractionEvent Delta="null" EndDate="2014-10-03 11:07:58.750 JST" Interest="454.0" Kind="propagation" Navigation="null" OriginId="org.eclipse.ui.views.ContentOutline" StartDate="2014-10-03 10:11:26.606 JST" StructureHandle="/TA2/src/ta2/utils" StructureKind="resource" NumEvents="454" CreationCount="13"/><InteractionEvent Delta="null" EndDate="2014-10-03 10:40:52.311 JST" Interest="17.0" Kind="propagation" Navigation="null" OriginId="org.eclipse.jdt.ui.CompilationUnitEditor" StartDate="2014-10-03 10:39:32.483 JST" StructureHandle="/TA2/src/ta2/utils/DBUtils.java" StructureKind="resource" NumEvents="17" CreationCount="498"/><InteractionEvent Delta="null" EndDate="2014-10-03 10:34:31.435 JST" Interest="1.0339999" Kind="propagation" Navigation="org.eclipse.mylyn.core.model.edges.containment" OriginId="org.eclipse.mylyn.core.model.interest.propagation" StartDate="2014-10-03 10:34:19.503 JST" StructureHandle="=TA2/&amp;lt;{Test.java#" StructureKind="java" NumEvents="3" CreationCount="459"/><InteractionEvent Delta="null" EndDate="2014-10-03 11:07:58.749 JST" Interest="453.204" Kind="propagation" Navigation="org.eclipse.mylyn.core.model.edges.containment" OriginId="org.eclipse.mylyn.core.model.interest.propagation" StartDate="2014-10-03 10:10:58.112 JST" StructureHandle="/TA2/src/ta2" StructureKind="resource" NumEvents="458" CreationCount="1"/><InteractionEvent Delta="null" EndDate="2014-10-03 10:58:03.227 JST" Interest="48.069" Kind="propagation" Navigation="org.eclipse.mylyn.core.model.edges.containment" OriginId="org.eclipse.mylyn.core.model.interest.propagation" StartDate="2014-10-03 10:48:26.767 JST" StructureHandle="=TA2/src&amp;lt;ta2.main{PlayActv.java[PlayActv" StructureKind="java" NumEvents="67" CreationCount="577"/><InteractionEvent Delta="null" EndDate="2014-10-03 11:07:54.885 JST" Interest="5.0" Kind="selection" Navigation="null" OriginId="com.android.ide.eclipse.editors.CommonXmlEditor" StartDate="2014-10-03 11:05:50.401 JST" StructureHandle="/TA2/res/layout/actv_memo.xml" StructureKind="resource" NumEvents="5" CreationCount="964"/><InteractionEvent Delta="null" EndDate="2014-10-03 11:05:44.59 JST" Interest="3.0" Kind="selection" Navigation="null" OriginId="org.eclipse.jdt.ui.PackageExplorer" StartDate="2014-10-03 11:01:25.385 JST" StructureHandle="/TA2/AndroidManifest.xml" StructureKind="resource" NumEvents="3" CreationCount="944"/><InteractionEvent Delta="null" EndDate="2014-10-03 10:58:08.538 JST" Interest="12.0" Kind="selection" Navigation="null" OriginId="org.eclipse.jdt.ui.CompilationUnitEditor" StartDate="2014-10-03 10:11:27.492 JST" StructureHandle="=TA2/src&amp;lt;ta2.utils{Methods_dlg.java[Methods_dlg~dlg_ShowListActv_LongClick~QActivity;~QMemo;" StructureKind="java" NumEvents="12" CreationCount="14"/><InteractionEvent Delta="null" EndDate="2014-10-03 10:58:09.933 JST" Interest="124.0" Kind="edit" Navigation="null" OriginId="org.eclipse.jdt.ui.CompilationUnitEditor" StartDate="2014-10-03 10:11:28.595 JST" StructureHandle="=TA2/src&amp;lt;ta2.utils{Methods_dlg.java[Methods_dlg~dlg_ShowListActv_LongClick~QActivity;~QMemo;" StructureKind="java" NumEvents="124" CreationCount="14"/><InteractionEvent Delta="null" EndDate="2014-10-03 11:01:13.506 JST" Interest="1.0" Kind="propagation" Navigation="null" OriginId="org.eclipse.jdt.ui.PackageExplorer" StartDate="2014-10-03 11:01:13.506 JST" StructureHandle="/TA2/src/ta2/main/MemoActv.java" StructureKind="resource"/><InteractionEvent Delta="null" EndDate="2014-10-03 10:13:06.683 JST" Interest="3.0" Kind="selection" Navigation="null" OriginId="org.eclipse.ui.views.ContentOutline" StartDate="2014-10-03 10:12:48.695 JST" StructureHandle="=TA2/src&amp;lt;ta2.utils{Recorder.java[Recorder~getFilename" StructureKind="java" NumEvents="3" CreationCount="48"/><InteractionEvent Delta="null" EndDate="2014-10-03 10:12:59.312 JST" Interest="8.0" Kind="edit" Navigation="null" OriginId="org.eclipse.jdt.ui.CompilationUnitEditor" StartDate="2014-10-03 10:12:49.240 JST" StructureHandle="=TA2/src&amp;lt;ta2.utils{Recorder.java[Recorder~getFilename" StructureKind="java" NumEvents="8" CreationCount="48"/><InteractionEvent Delta="null" EndDate="2014-10-03 10:47:32.428 JST" Interest="76.87299" Kind="propagation" Navigation="org.eclipse.mylyn.core.model.edges.containment" OriginId="org.eclipse.mylyn.core.model.interest.propagation" StartDate="2014-10-03 10:27:10.810 JST" StructureHandle="=TA2/&amp;lt;" StructureKind="java" NumEvents="106" CreationCount="298"/><InteractionEvent Delta="null" EndDate="2014-10-03 11:00:49.68 JST" Interest="4.0" Kind="selection" Navigation="null" OriginId="org.eclipse.jdt.ui.CompilationUnitEditor" StartDate="2014-10-03 11:00:41.528 JST" StructureHandle="=TA2/src&amp;lt;ta2.utils{CONS.java[CONS[Intent^iKey_PlayActv_Memo_Id" StructureKind="java" NumEvents="4" CreationCount="901"/><InteractionEvent Delta="null" EndDate="2014-10-03 11:00:54.133 JST" Interest="17.0" Kind="edit" Navigation="null" OriginId="org.eclipse.jdt.ui.CompilationUnitEditor" StartDate="2014-10-03 11:00:41.539 JST" StructureHandle="=TA2/src&amp;lt;ta2.utils{CONS.java[CONS[Intent^iKey_PlayActv_Memo_Id" StructureKind="java" NumEvents="17" CreationCount="901"/><InteractionEvent Delta="null" EndDate="2014-10-03 10:32:59.167 JST" Interest="8.646999" Kind="propagation" Navigation="org.eclipse.mylyn.core.model.edges.containment" OriginId="org.eclipse.mylyn.core.model.interest.propagation" StartDate="2014-10-03 10:11:19.272 JST" StructureHandle="=TA2/src&amp;lt;ta2.listeners{LOI_LCL.java[LOI_LCL" StructureKind="java" NumEvents="11" CreationCount="7"/><InteractionEvent Delta="null" EndDate="2014-10-03 10:57:54.199 JST" Interest="1.0" Kind="propagation" Navigation="null" OriginId="org.eclipse.mylyn.resources.ui.interest.updater" StartDate="2014-10-03 10:57:54.199 JST" StructureHandle="/TA2/bin/res" StructureKind="resource"/><InteractionEvent Delta="null" EndDate="2014-10-03 10:12:21.872 JST" Interest="1.0" Kind="selection" Navigation="null" OriginId="org.eclipse.ui.views.ContentOutline" StartDate="2014-10-03 10:12:21.872 JST" StructureHandle="=TA2/src&amp;lt;ta2.utils{CONS.java%ta2.utils" StructureKind="java"/><InteractionEvent Delta="null" EndDate="2014-10-03 11:07:12.857 JST" Interest="4.0" Kind="prediction" Navigation="null" OriginId="org.eclipse.mylyn.resources.ui.interest.updater" StartDate="2014-10-03 10:18:32.375 JST" StructureHandle="/TA2/bin/TA2.apk" StructureKind="resource" NumEvents="4" CreationCount="229"/><InteractionEvent Delta="null" EndDate="2014-10-03 11:01:13.329 JST" Interest="48.600002" Kind="propagation" Navigation="org.eclipse.mylyn.core.model.edges.containment" OriginId="org.eclipse.mylyn.core.model.interest.propagation" StartDate="2014-10-03 10:11:06.282 JST" StructureHandle="/TA2/src/ta2/listeners/dialog" StructureKind="resource" NumEvents="36" CreationCount="3"/><InteractionEvent Delta="null" EndDate="2014-10-03 11:02:11.905 JST" Interest="1.0" Kind="propagation" Navigation="org.eclipse.mylyn.core.model.edges.containment" OriginId="org.eclipse.mylyn.core.model.interest.propagation" StartDate="2014-10-03 11:02:11.905 JST" StructureHandle="/TA2/bin/dexedLibs" StructureKind="resource"/><InteractionEvent Delta="null" EndDate="2014-10-03 10:40:43.808 JST" Interest="4.0" Kind="selection" Navigation="null" OriginId="org.eclipse.jdt.ui.CompilationUnitEditor" StartDate="2014-10-03 10:39:32.483 JST" StructureHandle="=TA2/src&amp;lt;ta2.utils{DBUtils.java" StructureKind="java" NumEvents="4" CreationCount="498"/><InteractionEvent Delta="null" EndDate="2014-10-03 10:40:52.312 JST" Interest="6.316999" Kind="propagation" Navigation="org.eclipse.mylyn.core.model.edges.containment" OriginId="org.eclipse.mylyn.core.model.interest.propagation" StartDate="2014-10-03 10:39:33.605 JST" StructureHandle="=TA2/src&amp;lt;ta2.utils{DBUtils.java" StructureKind="java" NumEvents="10" CreationCount="498"/><InteractionEvent Delta="null" EndDate="2014-10-03 10:27:58.194 JST" Interest="1.0" Kind="selection" Navigation="null" OriginId="org.eclipse.jdt.ui.PackageExplorer" StartDate="2014-10-03 10:27:58.194 JST" StructureHandle="=IFM11" StructureKind="java"/><InteractionEvent Delta="null" EndDate="2014-10-03 10:21:21.608 JST" Interest="2.0" Kind="selection" Navigation="null" OriginId="org.eclipse.jdt.ui.PackageExplorer" StartDate="2014-10-03 10:17:49.631 JST" StructureHandle="/TA2/res/values/strings.xml" StructureKind="resource" NumEvents="2" CreationCount="207"/><InteractionEvent Delta="null" EndDate="2014-10-03 10:18:14.923 JST" Interest="10.0" Kind="edit" Navigation="null" OriginId="com.android.ide.eclipse.editors.CommonXmlEditor" StartDate="2014-10-03 10:17:49.801 JST" StructureHandle="/TA2/res/values/strings.xml" StructureKind="resource" NumEvents="10" CreationCount="207"/><InteractionEvent Delta="null" EndDate="2014-10-03 11:07:05.1 JST" Interest="17.0" Kind="selection" Navigation="null" OriginId="org.eclipse.jdt.ui.CompilationUnitEditor" StartDate="2014-10-03 10:13:04.307 JST" StructureHandle="=TA2/src&amp;lt;ta2.utils{Methods.java" StructureKind="java" NumEvents="17" CreationCount="60"/><InteractionEvent Delta="null" EndDate="2014-10-03 11:07:58.749 JST" Interest="31.743004" Kind="propagation" Navigation="org.eclipse.mylyn.core.model.edges.containment" OriginId="org.eclipse.mylyn.core.model.interest.propagation" StartDate="2014-10-03 10:13:12.614 JST" StructureHandle="=TA2/src&amp;lt;ta2.utils{Methods.java" StructureKind="java" NumEvents="47" CreationCount="60"/><InteractionEvent Delta="null" EndDate="2014-10-03 10:21:38.814 JST" Interest="3.0" Kind="selection" Navigation="null" OriginId="org.eclipse.jdt.ui.CompilationUnitEditor" StartDate="2014-10-03 10:11:19.271 JST" StructureHandle="=TA2/src&amp;lt;ta2.listeners{LOI_LCL.java[LOI_LCL~case_ACTV_SHOWLIST_LV~QMemo;" StructureKind="java" NumEvents="3" CreationCount="7"/><InteractionEvent Delta="null" EndDate="2014-10-03 10:21:40.439 JST" Interest="7.0" Kind="edit" Navigation="null" OriginId="org.eclipse.jdt.ui.CompilationUnitEditor" StartDate="2014-10-03 10:11:19.370 JST" StructureHandle="=TA2/src&amp;lt;ta2.listeners{LOI_LCL.java[LOI_LCL~case_ACTV_SHOWLIST_LV~QMemo;" StructureKind="java" NumEvents="7" CreationCount="7"/><InteractionEvent Delta="null" EndDate="2014-10-03 10:58:09.934 JST" Interest="148.0" Kind="propagation" Navigation="null" OriginId="org.eclipse.jdt.ui.CompilationUnitEditor" StartDate="2014-10-03 10:11:26.606 JST" StructureHandle="/TA2/src/ta2/utils/Methods_dlg.java" StructureKind="resource" NumEvents="148" CreationCount="13"/><InteractionEvent Delta="null" EndDate="2014-10-03 11:07:58.749 JST" Interest="730.034" Kind="propagation" Navigation="org.eclipse.mylyn.core.model.edges.containment" OriginId="org.eclipse.mylyn.core.model.interest.propagation" StartDate="2014-10-03 10:10:58.112 JST" StructureHandle="/" StructureKind="resource" NumEvents="735" CreationCount="1"/><InteractionEvent Delta="null" EndDate="2014-10-03 11:02:11.904 JST" Interest="1.0" Kind="propagation" Navigation="null" OriginId="org.eclipse.mylyn.resources.ui.interest.updater" StartDate="2014-10-03 11:02:11.904 JST" StructureHandle="/TA2/bin/dexedLibs/android-support-v4-2c6d411d00e9f139482cae35f246af4c.jar" StructureKind="resource"/><InteractionEvent Delta="null" EndDate="2014-10-03 11:02:11.905 JST" Interest="13.240001" Kind="propagation" Navigation="org.eclipse.mylyn.core.model.edges.containment" OriginId="org.eclipse.mylyn.core.model.interest.propagation" StartDate="2014-10-03 10:18:32.375 JST" StructureHandle="/TA2/bin" StructureKind="resource" NumEvents="4" CreationCount="229"/><InteractionEvent Delta="null" EndDate="2014-10-03 10:58:08.453 JST" Interest="12.0" Kind="selection" Navigation="null" OriginId="org.eclipse.jdt.ui.CompilationUnitEditor" StartDate="2014-10-03 10:11:26.606 JST" StructureHandle="=TA2/src&amp;lt;ta2.utils{Methods_dlg.java" StructureKind="java" NumEvents="12" CreationCount="13"/><InteractionEvent Delta="null" EndDate="2014-10-03 10:58:09.934 JST" Interest="86.817" Kind="propagation" Navigation="org.eclipse.mylyn.core.model.edges.containment" OriginId="org.eclipse.mylyn.core.model.interest.propagation" StartDate="2014-10-03 10:11:27.493 JST" StructureHandle="=TA2/src&amp;lt;ta2.utils{Methods_dlg.java" StructureKind="java" NumEvents="128" CreationCount="13"/><InteractionEvent Delta="null" EndDate="2014-10-03 10:11:05.848 JST" Interest="1.0" Kind="selection" Navigation="null" OriginId="org.eclipse.jdt.ui.PackageExplorer" StartDate="2014-10-03 10:11:05.848 JST" StructureHandle="=TA2/src&amp;lt;ta2.listeners.button" StructureKind="java"/><InteractionEvent Delta="null" EndDate="2014-10-03 11:01:13.506 JST" Interest="218.0" Kind="propagation" Navigation="null" OriginId="org.eclipse.jdt.ui.PackageExplorer" StartDate="2014-10-03 10:10:58.112 JST" StructureHandle="/TA2/src/ta2/main" StructureKind="resource" NumEvents="219" CreationCount="1"/><InteractionEvent Delta="null" EndDate="2014-10-03 10:47:54.686 JST" Interest="8.6050005" Kind="manipulation" Navigation="null" OriginId="org.eclipse.mylyn.core.model.interest.decay.correction" StartDate="2014-10-03 10:47:54.686 JST" StructureHandle="/TA2/src/ta2/main" StructureKind="resource"/><InteractionEvent Delta="null" EndDate="2014-10-03 10:40:52.311 JST" Interest="10.299999" Kind="propagation" Navigation="org.eclipse.mylyn.core.model.edges.containment" OriginId="org.eclipse.mylyn.core.model.interest.propagation" StartDate="2014-10-03 10:39:33.604 JST" StructureHandle="=TA2/src&amp;lt;ta2.utils{DBUtils.java[DBUtils" StructureKind="java" NumEvents="13" CreationCount="499"/><InteractionEvent Delta="null" EndDate="2014-10-03 11:07:58.749 JST" Interest="103.0" Kind="propagation" Navigation="null" OriginId="org.eclipse.ui.views.ContentOutline" StartDate="2014-10-03 10:13:04.308 JST" StructureHandle="/TA2/src/ta2/utils/Methods.java" StructureKind="resource" NumEvents="103" CreationCount="60"/><InteractionEvent Delta="null" EndDate="2014-10-03 10:33:39.725 JST" Interest="23.0" Kind="propagation" Navigation="null" OriginId="org.eclipse.jdt.ui.CompilationUnitEditor" StartDate="2014-10-03 10:11:14.55 JST" StructureHandle="/TA2/src/ta2/listeners/LOI_LCL.java" StructureKind="resource" NumEvents="23" CreationCount="5"/><InteractionEvent Delta="null" EndDate="2014-10-03 11:05:47.27 JST" Interest="4.0" Kind="selection" Navigation="null" OriginId="org.eclipse.jdt.ui.PackageExplorer" StartDate="2014-10-03 10:52:17.186 JST" StructureHandle="/TA2/res/layout" StructureKind="resource" NumEvents="4" CreationCount="757"/><InteractionEvent Delta="null" EndDate="2014-10-03 11:05:15.852 JST" Interest="11.7" Kind="propagation" Navigation="org.eclipse.mylyn.core.model.edges.containment" OriginId="org.eclipse.mylyn.core.model.interest.propagation" StartDate="2014-10-03 10:52:20.860 JST" StructureHandle="/TA2/res/layout" StructureKind="resource" NumEvents="15" CreationCount="757"/><InteractionEvent Delta="null" EndDate="2014-10-03 10:52:05.0 JST" Interest="1.0" Kind="propagation" Navigation="null" OriginId="org.eclipse.ui.views.ResourceNavigator" StartDate="2014-10-03 10:52:05.0 JST" StructureHandle="/cm7/src/app/listeners" StructureKind="resource"/><InteractionEvent Delta="null" EndDate="2014-10-03 10:11:06.282 JST" Interest="1.0" Kind="selection" Navigation="null" OriginId="org.eclipse.jdt.ui.PackageExplorer" StartDate="2014-10-03 10:11:06.282 JST" StructureHandle="=TA2/src&amp;lt;ta2.listeners.dialog" StructureKind="java"/><InteractionEvent Delta="null" EndDate="2014-10-03 11:01:13.329 JST" Interest="34.168003" Kind="propagation" Navigation="org.eclipse.mylyn.core.model.edges.containment" OriginId="org.eclipse.mylyn.core.model.interest.propagation" StartDate="2014-10-03 10:58:23.375 JST" StructureHandle="=TA2/src&amp;lt;ta2.listeners.dialog" StructureKind="java" NumEvents="33" CreationCount="3"/><InteractionEvent Delta="null" EndDate="2014-10-03 10:57:54.202 JST" Interest="3.0" Kind="propagation" Navigation="null" OriginId="org.eclipse.mylyn.resources.ui.interest.updater" StartDate="2014-10-03 10:57:54.199 JST" StructureHandle="/TA2/gen/ta2/main" StructureKind="resource" NumEvents="3" CreationCount="780"/><InteractionEvent Delta="null" EndDate="2014-10-03 10:47:50.406 JST" Interest="1.0" Kind="selection" Navigation="null" OriginId="org.eclipse.jdt.ui.PackageExplorer" StartDate="2014-10-03 10:47:50.406 JST" StructureHandle="/TA2/d.bat" StructureKind="resource"/><InteractionEvent Delta="null" EndDate="2014-10-03 10:57:54.202 JST" Interest="1.0" Kind="propagation" Navigation="null" OriginId="org.eclipse.mylyn.resources.ui.interest.updater" StartDate="2014-10-03 10:57:54.202 JST" StructureHandle="/TA2/gen/ta2/main/R.java" StructureKind="resource"/><InteractionEvent Delta="null" EndDate="2014-10-03 10:45:23.293 JST" Interest="1.0" Kind="propagation" Navigation="null" OriginId="org.eclipse.mylyn.resources.ui.interest.updater" StartDate="2014-10-03 10:45:23.293 JST" StructureHandle="/TA2/Test.class" StructureKind="resource"/><InteractionEvent Delta="null" EndDate="2014-10-03 11:00:23.768 JST" Interest="11.0" Kind="selection" Navigation="null" OriginId="org.eclipse.jdt.ui.CompilationUnitEditor" StartDate="2014-10-03 10:13:29.894 JST" StructureHandle="=TA2/src&amp;lt;ta2.utils{CONS.java[CONS[RecActv" StructureKind="java" NumEvents="11" CreationCount="77"/><InteractionEvent Delta="null" EndDate="2014-10-03 10:44:37.876 JST" Interest="31.0" Kind="edit" Navigation="null" OriginId="org.eclipse.jdt.ui.CompilationUnitEditor" StartDate="2014-10-03 10:13:31.196 JST" StructureHandle="=TA2/src&amp;lt;ta2.utils{CONS.java[CONS[RecActv" StructureKind="java" NumEvents="31" CreationCount="77"/><InteractionEvent Delta="null" EndDate="2014-10-03 11:00:34.348 JST" Interest="1.0" Kind="selection" Navigation="null" OriginId="org.eclipse.jdt.ui.CompilationUnitEditor" StartDate="2014-10-03 11:00:34.348 JST" StructureHandle="=TA2/src&amp;lt;ta2.utils{CONS.java[CONS[Intent^RESULT_CODE_SEE_BOOKMARKS_CANCEL" StructureKind="java"/><InteractionEvent Delta="null" EndDate="2014-10-03 11:00:34.356 JST" Interest="2.0" Kind="edit" Navigation="null" OriginId="org.eclipse.jdt.ui.CompilationUnitEditor" StartDate="2014-10-03 11:00:34.353 JST" StructureHandle="=TA2/src&amp;lt;ta2.utils{CONS.java[CONS[Intent^RESULT_CODE_SEE_BOOKMARKS_CANCEL" StructureKind="java" NumEvents="2" CreationCount="892"/><InteractionEvent Delta="null" EndDate="2014-10-03 10:52:05.0 JST" Interest="1.0" Kind="selection" Navigation="null" OriginId="org.eclipse.ui.views.ResourceNavigator" StartDate="2014-10-03 10:52:05.0 JST" StructureHandle="=cm7/src&amp;lt;app.listeners" StructureKind="java"/><InteractionEvent Delta="null" EndDate="2014-10-03 10:28:28.358 JST" Interest="17.0" Kind="propagation" Navigation="null" OriginId="org.eclipse.jdt.ui.PackageExplorer" StartDate="2014-10-03 10:27:10.810 JST" StructureHandle="/TA2/test.java" StructureKind="resource" NumEvents="17" CreationCount="298"/><InteractionEvent Delta="null" EndDate="2014-10-03 10:26:57.342 JST" Interest="1.0" Kind="selection" Navigation="null" OriginId="org.eclipse.jdt.ui.PackageExplorer" StartDate="2014-10-03 10:26:57.342 JST" StructureHandle="/TA2/res/drawable-xhdpi" StructureKind="resource"/><InteractionEvent Delta="null" EndDate="2014-10-03 10:52:11.827 JST" Interest="11.0" Kind="propagation" Navigation="null" OriginId="org.eclipse.ui.views.ResourceNavigator" StartDate="2014-10-03 10:47:39.252 JST" StructureHandle="/cm7" StructureKind="resource" NumEvents="11" CreationCount="559"/><InteractionEvent Delta="null" EndDate="2014-10-03 11:06:54.315 JST" Interest="7.0" Kind="selection" Navigation="null" OriginId="com.android.ide.eclipse.editors.CommonXmlEditor" StartDate="2014-10-03 10:52:20.860 JST" StructureHandle="/TA2/res/layout/actv_play.xml" StructureKind="resource" NumEvents="7" CreationCount="757"/><InteractionEvent Delta="null" EndDate="2014-10-03 10:52:19.342 JST" Interest="1.0" Kind="propagation" Navigation="null" OriginId="org.eclipse.mylyn.resources.ui.interest.updater" StartDate="2014-10-03 10:52:19.342 JST" StructureHandle="/TA2/res/layout/actv_play.xml" StructureKind="resource"/><InteractionEvent Delta="null" EndDate="2014-10-03 11:05:15.851 JST" Interest="11.0" Kind="edit" Navigation="null" OriginId="com.android.ide.eclipse.editors.CommonXmlEditor" StartDate="2014-10-03 10:53:38.967 JST" StructureHandle="/TA2/res/layout/actv_play.xml" StructureKind="resource" NumEvents="11" CreationCount="757"/><InteractionEvent Delta="null" EndDate="2014-10-03 10:50:27.396 JST" Interest="1.0" Kind="selection" Navigation="null" OriginId="org.eclipse.ui.views.ContentOutline" StartDate="2014-10-03 10:50:27.396 JST" StructureHandle="=TA2/src&amp;lt;ta2.main{PlayActv.java[PlayActv~_onCreate_SetupViews" StructureKind="java"/><InteractionEvent Delta="null" EndDate="2014-10-03 10:50:40.857 JST" Interest="8.0" Kind="edit" Navigation="null" OriginId="org.eclipse.jdt.ui.CompilationUnitEditor" StartDate="2014-10-03 10:50:28.357 JST" StructureHandle="=TA2/src&amp;lt;ta2.main{PlayActv.java[PlayActv~_onCreate_SetupViews" StructureKind="java" NumEvents="8" CreationCount="649"/><InteractionEvent Delta="null" EndDate="2014-10-03 10:59:19.606 JST" Interest="20.517" Kind="propagation" Navigation="org.eclipse.mylyn.core.model.edges.containment" OriginId="org.eclipse.mylyn.core.model.interest.propagation" StartDate="2014-10-03 10:58:26.324 JST" StructureHandle="=TA2/src&amp;lt;ta2.listeners.dialog{DOI_CL.java[DOI_CL" StructureKind="java" NumEvents="30" CreationCount="806"/><InteractionEvent Delta="null" EndDate="2014-10-03 10:51:16.203 JST" Interest="5.0" Kind="selection" Navigation="null" OriginId="org.eclipse.jdt.ui.CompilationUnitEditor" StartDate="2014-10-03 10:51:05.42 JST" StructureHandle="=TA2/src&amp;lt;ta2.main{PlayActv.java[PlayActv~onBackPressed" StructureKind="java" NumEvents="5" CreationCount="668"/><InteractionEvent Delta="null" EndDate="2014-10-03 10:51:12.427 JST" Interest="6.0" Kind="edit" Navigation="null" OriginId="org.eclipse.jdt.ui.CompilationUnitEditor" StartDate="2014-10-03 10:51:05.676 JST" StructureHandle="=TA2/src&amp;lt;ta2.main{PlayActv.java[PlayActv~onBackPressed" StructureKind="java" NumEvents="6" CreationCount="668"/><InteractionEvent Delta="null" EndDate="2014-10-03 10:22:27.329 JST" Interest="4.0" Kind="selection" Navigation="null" OriginId="org.eclipse.jdt.ui.CompilationUnitEditor" StartDate="2014-10-03 10:13:36.828 JST" StructureHandle="=TA2/src&amp;lt;ta2.utils{CONS.java[CONS[RecActv^RECORDER_AUDIO_ENCODING" StructureKind="java" NumEvents="4" CreationCount="88"/><InteractionEvent Delta="null" EndDate="2014-10-03 10:21:22.916 JST" Interest="2.0" Kind="edit" Navigation="null" OriginId="org.eclipse.jdt.ui.CompilationUnitEditor" StartDate="2014-10-03 10:13:36.831 JST" StructureHandle="=TA2/src&amp;lt;ta2.utils{CONS.java[CONS[RecActv^RECORDER_AUDIO_ENCODING" StructureKind="java" NumEvents="2" CreationCount="88"/><InteractionEvent Delta="null" EndDate="2014-10-03 10:21:22.913 JST" Interest="0.901" Kind="manipulation" Navigation="null" OriginId="org.eclipse.mylyn.core.model.interest.decay.correction" StartDate="2014-10-03 10:21:22.913 JST" StructureHandle="=TA2/src&amp;lt;ta2.utils{CONS.java[CONS[RecActv^RECORDER_AUDIO_ENCODING" StructureKind="java"/><InteractionEvent Delta="null" EndDate="2014-10-03 10:58:03.227 JST" Interest="216.0" Kind="propagation" Navigation="null" OriginId="org.eclipse.jdt.ui.CompilationUnitEditor" StartDate="2014-10-03 10:47:59.776 JST" StructureHandle="/TA2/src/ta2/main/PlayActv.java" StructureKind="resource" NumEvents="216" CreationCount="566"/><InteractionEvent Delta="null" EndDate="2014-10-03 10:11:05.849 JST" Interest="1.0" Kind="propagation" Navigation="null" OriginId="org.eclipse.jdt.ui.PackageExplorer" StartDate="2014-10-03 10:11:05.849 JST" StructureHandle="/TA2/src/ta2/listeners/button" StructureKind="resource"/><InteractionEvent Delta="null" EndDate="2014-10-03 10:57:54.203 JST" Interest="4.0" Kind="propagation" Navigation="null" OriginId="org.eclipse.mylyn.resources.ui.interest.updater" StartDate="2014-10-03 10:57:54.199 JST" StructureHandle="/TA2/gen/ta2" StructureKind="resource" NumEvents="4" CreationCount="780"/><InteractionEvent Delta="null" EndDate="2014-10-03 11:05:53.986 JST" Interest="12.0" Kind="selection" Navigation="null" OriginId="org.eclipse.ui.views.ContentOutline" StartDate="2014-10-03 10:12:29.251 JST" StructureHandle="=TA2/src&amp;lt;ta2.utils{CONS.java[CONS[Intent" StructureKind="java" NumEvents="12" CreationCount="42"/><InteractionEvent Delta="null" EndDate="2014-10-03 11:00:54.133 JST" Interest="3.2250004" Kind="propagation" Navigation="org.eclipse.mylyn.core.model.edges.containment" OriginId="org.eclipse.mylyn.core.model.interest.propagation" StartDate="2014-10-03 11:00:24.877 JST" StructureHandle="=TA2/src&amp;lt;ta2.utils{CONS.java[CONS[Intent" StructureKind="java" NumEvents="5" CreationCount="42"/><InteractionEvent Delta="null" EndDate="2014-10-03 11:00:56.70 JST" Interest="15.0" Kind="edit" Navigation="null" OriginId="org.eclipse.jdt.ui.CompilationUnitEditor" StartDate="2014-10-03 11:00:26.708 JST" StructureHandle="=TA2/src&amp;lt;ta2.utils{CONS.java[CONS[Intent" StructureKind="java" NumEvents="15" CreationCount="42"/><InteractionEvent Delta="null" EndDate="2014-10-03 11:00:23.671 JST" Interest="9.178" Kind="manipulation" Navigation="null" OriginId="org.eclipse.mylyn.core.model.interest.decay.correction" StartDate="2014-10-03 11:00:23.671 JST" StructureHandle="=TA2/src&amp;lt;ta2.utils{CONS.java[CONS[Intent" StructureKind="java"/><InteractionEvent Delta="null" EndDate="2014-10-03 10:48:10.460 JST" Interest="1.0" Kind="selection" Navigation="null" OriginId="org.eclipse.jdt.ui.CompilationUnitEditor" StartDate="2014-10-03 10:48:10.460 JST" StructureHandle="=TA2/src&amp;lt;ta2.main{PlayActv.java#android.app.Activity" StructureKind="java"/><InteractionEvent Delta="null" EndDate="2014-10-03 10:47:43.117 JST" Interest="1.0" Kind="selection" Navigation="null" OriginId="org.eclipse.ui.views.ResourceNavigator" StartDate="2014-10-03 10:47:43.117 JST" StructureHandle="=cm7/src&amp;lt;app.main" StructureKind="java"/><InteractionEvent Delta="null" EndDate="2014-10-03 10:52:03.643 JST" Interest="3.1790001" Kind="propagation" Navigation="org.eclipse.mylyn.core.model.edges.containment" OriginId="org.eclipse.mylyn.core.model.interest.propagation" StartDate="2014-10-03 10:47:44.596 JST" StructureHandle="=cm7/src&amp;lt;app.main" StructureKind="java" NumEvents="2" CreationCount="562"/><InteractionEvent Delta="null" EndDate="2014-10-03 10:49:24.153 JST" Interest="3.0" Kind="selection" Navigation="null" OriginId="org.eclipse.jdt.ui.CompilationUnitEditor" StartDate="2014-10-03 10:48:52.170 JST" StructureHandle="=TA2/src&amp;lt;ta2.main{PlayActv.java[PlayActv~_onCreate_Get_IntentValues" StructureKind="java" NumEvents="3" CreationCount="594"/><InteractionEvent Delta="null" EndDate="2014-10-03 10:49:21.263 JST" Interest="13.0" Kind="edit" Navigation="null" OriginId="org.eclipse.jdt.ui.CompilationUnitEditor" StartDate="2014-10-03 10:49:02.845 JST" StructureHandle="=TA2/src&amp;lt;ta2.main{PlayActv.java[PlayActv~_onCreate_Get_IntentValues" StructureKind="java" NumEvents="13" CreationCount="594"/><InteractionEvent Delta="null" EndDate="2014-10-03 10:47:32.428 JST" Interest="76.87299" Kind="propagation" Navigation="org.eclipse.mylyn.core.model.edges.containment" OriginId="org.eclipse.mylyn.core.model.interest.propagation" StartDate="2014-10-03 10:27:10.811 JST" StructureHandle="=TA2/" StructureKind="java" NumEvents="105" CreationCount="298"/><InteractionEvent Delta="null" EndDate="2014-10-03 10:57:33.729 JST" Interest="5.0" Kind="selection" Navigation="null" OriginId="org.eclipse.jdt.ui.CompilationUnitEditor" StartDate="2014-10-03 10:48:01.381 JST" StructureHandle="=TA2/src&amp;lt;ta2.main{PlayActv.java" StructureKind="java" NumEvents="5" CreationCount="566"/><InteractionEvent Delta="null" EndDate="2014-10-03 10:58:03.227 JST" Interest="41.856" Kind="propagation" Navigation="org.eclipse.mylyn.core.model.edges.containment" OriginId="org.eclipse.mylyn.core.model.interest.propagation" StartDate="2014-10-03 10:47:59.776 JST" StructureHandle="=TA2/src&amp;lt;ta2.main{PlayActv.java" StructureKind="java" NumEvents="62" CreationCount="566"/><InteractionEvent Delta="null" EndDate="2014-10-03 10:48:18.896 JST" Interest="2.0" Kind="edit" Navigation="null" OriginId="org.eclipse.jdt.ui.CompilationUnitEditor" StartDate="2014-10-03 10:48:17.571 JST" StructureHandle="=TA2/src&amp;lt;ta2.main{PlayActv.java" StructureKind="java" NumEvents="2" CreationCount="566"/><InteractionEvent Delta="null" EndDate="2014-10-03 10:49:52.456 JST" Interest="1.0" Kind="selection" Navigation="null" OriginId="org.eclipse.ui.views.ContentOutline" StartDate="2014-10-03 10:49:52.456 JST" StructureHandle="=TA2/src&amp;lt;ta2.main{PlayActv.java[PlayActv~_onCreate_ManagePrefs" StructureKind="java"/><InteractionEvent Delta="null" EndDate="2014-10-03 10:50:09.281 JST" Interest="8.0" Kind="edit" Navigation="null" OriginId="org.eclipse.jdt.ui.CompilationUnitEditor" StartDate="2014-10-03 10:49:54.909 JST" StructureHandle="=TA2/src&amp;lt;ta2.main{PlayActv.java[PlayActv~_onCreate_ManagePrefs" StructureKind="java" NumEvents="8" CreationCount="625"/><InteractionEvent Delta="null" EndDate="2014-10-03 10:52:05.0 JST" Interest="4.2470007" Kind="propagation" Navigation="org.eclipse.mylyn.core.model.edges.containment" OriginId="org.eclipse.mylyn.core.model.interest.propagation" StartDate="2014-10-03 10:47:41.369 JST" StructureHandle="/cm7/src" StructureKind="resource" NumEvents="6" CreationCount="560"/><InteractionEvent Delta="null" EndDate="2014-10-03 10:52:09.612 JST" Interest="1.0" Kind="selection" Navigation="null" OriginId="org.eclipse.ui.views.ResourceNavigator" StartDate="2014-10-03 10:52:09.612 JST" StructureHandle="/cm7/res/layout" StructureKind="resource"/><InteractionEvent Delta="null" EndDate="2014-10-03 10:52:11.827 JST" Interest="0.01700002" Kind="propagation" Navigation="org.eclipse.mylyn.core.model.edges.containment" OriginId="org.eclipse.mylyn.core.model.interest.propagation" StartDate="2014-10-03 10:52:11.827 JST" StructureHandle="/cm7/res/layout" StructureKind="resource"/><InteractionEvent Delta="null" EndDate="2014-10-03 10:11:11.185 JST" Interest="1.0" Kind="selection" Navigation="null" OriginId="org.eclipse.jdt.ui.PackageExplorer" StartDate="2014-10-03 10:11:11.185 JST" StructureHandle="=TA2/src&amp;lt;ta2.listeners" StructureKind="java"/><InteractionEvent Delta="null" EndDate="2014-10-03 10:33:39.726 JST" Interest="10.951" Kind="propagation" Navigation="org.eclipse.mylyn.core.model.edges.containment" OriginId="org.eclipse.mylyn.core.model.interest.propagation" StartDate="2014-10-03 10:11:14.55 JST" StructureHandle="=TA2/src&amp;lt;ta2.listeners" StructureKind="java" NumEvents="18" CreationCount="4"/><InteractionEvent Delta="null" EndDate="2014-10-03 10:50:43.108 JST" Interest="1.0" Kind="selection" Navigation="null" OriginId="org.eclipse.ui.views.ContentOutline" StartDate="2014-10-03 10:50:43.108 JST" StructureHandle="=TA2/src&amp;lt;ta2.main{PlayActv.java[PlayActv~onActivityResult~I~I~QIntent;" StructureKind="java"/><InteractionEvent Delta="null" EndDate="2014-10-03 10:50:50.658 JST" Interest="6.0" Kind="edit" Navigation="null" OriginId="org.eclipse.jdt.ui.CompilationUnitEditor" StartDate="2014-10-03 10:50:44.261 JST" StructureHandle="=TA2/src&amp;lt;ta2.main{PlayActv.java[PlayActv~onActivityResult~I~I~QIntent;" StructureKind="java" NumEvents="6" CreationCount="658"/><InteractionEvent Delta="null" EndDate="2014-10-03 11:07:12.857 JST" Interest="2.0" Kind="prediction" Navigation="null" OriginId="org.eclipse.mylyn.resources.ui.interest.updater" StartDate="2014-10-03 10:18:32.375 JST" StructureHandle="/TA2/bin/resources.ap_" StructureKind="resource" NumEvents="2" CreationCount="229"/><InteractionEvent Delta="null" EndDate="2014-10-03 10:28:17.990 JST" Interest="7.0" Kind="selection" Navigation="null" OriginId="org.eclipse.jdt.ui.CompilationUnitEditor" StartDate="2014-10-03 10:13:12.528 JST" StructureHandle="=TA2/src&amp;lt;ta2.utils{Methods.java[Methods~recActv_Stop_2~QActivity;" StructureKind="java" NumEvents="7" CreationCount="64"/><InteractionEvent Delta="null" EndDate="2014-10-03 10:14:14.945 JST" Interest="13.0" Kind="edit" Navigation="null" OriginId="org.eclipse.jdt.ui.CompilationUnitEditor" StartDate="2014-10-03 10:13:13.103 JST" StructureHandle="=TA2/src&amp;lt;ta2.utils{Methods.java[Methods~recActv_Stop_2~QActivity;" StructureKind="java" NumEvents="13" CreationCount="64"/><InteractionEvent Delta="null" EndDate="2014-10-03 10:47:32.427 JST" Interest="167.0" Kind="propagation" Navigation="null" OriginId="org.eclipse.jdt.ui.PackageExplorer" StartDate="2014-10-03 10:28:41.697 JST" StructureHandle="/TA2/Test.java" StructureKind="resource" NumEvents="167" CreationCount="320"/><InteractionEvent Delta="null" EndDate="2014-10-03 10:28:23.282 JST" Interest="1.0" Kind="selection" Navigation="null" OriginId="org.eclipse.jdt.ui.CompilationUnitEditor" StartDate="2014-10-03 10:28:23.282 JST" StructureHandle="=TA2/&amp;lt;{test.java[Methods" StructureKind="java"/><InteractionEvent Delta="null" EndDate="2014-10-03 10:28:26.277 JST" Interest="1.0" Kind="edit" Navigation="null" OriginId="org.eclipse.jdt.ui.CompilationUnitEditor" StartDate="2014-10-03 10:28:26.277 JST" StructureHandle="=TA2/&amp;lt;{test.java[Methods" StructureKind="java"/><InteractionEvent Delta="null" EndDate="2014-10-03 11:05:44.162 JST" Interest="13.835001" Kind="propagation" Navigation="org.eclipse.mylyn.core.model.edges.containment" OriginId="org.eclipse.mylyn.core.model.interest.propagation" StartDate="2014-10-03 10:17:49.631 JST" StructureHandle="/TA2/res/values" StructureKind="resource" NumEvents="13" CreationCount="207"/><InteractionEvent Delta="null" EndDate="2014-10-03 10:52:03.643 JST" Interest="2.0" Kind="propagation" Navigation="null" OriginId="org.eclipse.ui.views.ResourceNavigator" StartDate="2014-10-03 10:47:44.596 JST" StructureHandle="/cm7/src/app/main/PlayActv.java" StructureKind="resource" NumEvents="2" CreationCount="563"/><InteractionEvent Delta="null" EndDate="2014-10-03 10:52:03.643 JST" Interest="2.1790001" Kind="manipulation" Navigation="null" OriginId="org.eclipse.mylyn.core.model.interest.decay.correction" StartDate="2014-10-03 10:52:03.643 JST" StructureHandle="/cm7/src/app/main/PlayActv.java" StructureKind="resource"/><InteractionEvent Delta="null" EndDate="2014-10-03 11:02:11.904 JST" Interest="1.0" Kind="propagation" Navigation="null" OriginId="org.eclipse.mylyn.resources.ui.interest.updater" StartDate="2014-10-03 11:02:11.904 JST" StructureHandle="/TA2/bin/dexedLibs/annotations-d288b20aa2286e3172641d3161bdbc70.jar" StructureKind="resource"/><InteractionEvent Delta="null" EndDate="2014-10-03 10:34:33.636 JST" Interest="3.0" Kind="selection" Navigation="null" OriginId="org.eclipse.jdt.ui.CompilationUnitEditor" StartDate="2014-10-03 10:28:53.585 JST" StructureHandle="=TA2/&amp;lt;{Test.java[Test~main~\[QString;" StructureKind="java" NumEvents="3" CreationCount="330"/><InteractionEvent Delta="null" EndDate="2014-10-03 10:31:51.658 JST" Interest="33.0" Kind="edit" Navigation="null" OriginId="org.eclipse.jdt.ui.CompilationUnitEditor" StartDate="2014-10-03 10:28:55.645 JST" StructureHandle="=TA2/&amp;lt;{Test.java[Test~main~\[QString;" StructureKind="java" NumEvents="33" CreationCount="330"/><InteractionEvent Delta="null" EndDate="2014-10-03 11:01:13.329 JST" Interest="35.0" Kind="propagation" Navigation="null" OriginId="org.eclipse.jdt.ui.PackageExplorer" StartDate="2014-10-03 10:58:23.375 JST" StructureHandle="/TA2/src/ta2/listeners/dialog/DOI_CL.java" StructureKind="resource" NumEvents="35" CreationCount="803"/><InteractionEvent Delta="null" EndDate="2014-10-03 10:40:55.285 JST" Interest="11.0" Kind="selection" Navigation="null" OriginId="org.eclipse.jdt.ui.CompilationUnitEditor" StartDate="2014-10-03 10:31:46.702 JST" StructureHandle="=TA2/&amp;lt;{Test.java[Test~test_Regex" StructureKind="java" NumEvents="11" CreationCount="367"/><InteractionEvent Delta="null" EndDate="2014-10-03 10:44:17.111 JST" Interest="91.0" Kind="edit" Navigation="null" OriginId="org.eclipse.jdt.ui.CompilationUnitEditor" StartDate="2014-10-03 10:31:48.103 JST" StructureHandle="=TA2/&amp;lt;{Test.java[Test~test_Regex" StructureKind="java" NumEvents="91" CreationCount="367"/><InteractionEvent Delta="null" EndDate="2014-10-03 10:48:26.864 JST" Interest="2.0" Kind="selection" Navigation="null" OriginId="org.eclipse.jdt.ui.CompilationUnitEditor" StartDate="2014-10-03 10:48:26.766 JST" StructureHandle="=TA2/src&amp;lt;ta2.main{PlayActv.java[PlayActv~onStart" StructureKind="java" NumEvents="2" CreationCount="577"/><InteractionEvent Delta="null" EndDate="2014-10-03 10:48:45.880 JST" Interest="14.0" Kind="edit" Navigation="null" OriginId="org.eclipse.jdt.ui.CompilationUnitEditor" StartDate="2014-10-03 10:48:27.321 JST" StructureHandle="=TA2/src&amp;lt;ta2.main{PlayActv.java[PlayActv~onStart" StructureKind="java" NumEvents="14" CreationCount="577"/><InteractionEvent Delta="null" EndDate="2014-10-03 10:57:54.199 JST" Interest="1.0" Kind="propagation" Navigation="null" OriginId="org.eclipse.mylyn.resources.ui.interest.updater" StartDate="2014-10-03 10:57:54.199 JST" StructureHandle="/TA2/gen/ta2/main/BuildConfig.java" StructureKind="resource"/><InteractionEvent Delta="null" EndDate="2014-10-03 10:47:54.685 JST" Interest="2.0" Kind="selection" Navigation="null" OriginId="org.eclipse.jdt.ui.PackageExplorer" StartDate="2014-10-03 10:10:58.112 JST" StructureHandle="=TA2/src&amp;lt;ta2.main" StructureKind="java" NumEvents="2" CreationCount="1"/><InteractionEvent Delta="null" EndDate="2014-10-03 10:58:03.227 JST" Interest="47.273" Kind="propagation" Navigation="org.eclipse.mylyn.core.model.edges.containment" OriginId="org.eclipse.mylyn.core.model.interest.propagation" StartDate="2014-10-03 10:47:59.777 JST" StructureHandle="=TA2/src&amp;lt;ta2.main" StructureKind="java" NumEvents="73" CreationCount="1"/><InteractionEvent Delta="null" EndDate="2014-10-03 10:47:54.685 JST" Interest="8.588" Kind="manipulation" Navigation="null" OriginId="org.eclipse.mylyn.core.model.interest.decay.correction" StartDate="2014-10-03 10:47:54.685 JST" StructureHandle="=TA2/src&amp;lt;ta2.main" StructureKind="java"/><InteractionEvent Delta="null" EndDate="2014-10-03 10:48:15.264 JST" Interest="3.0" Kind="selection" Navigation="null" OriginId="org.eclipse.jdt.ui.CompilationUnitEditor" StartDate="2014-10-03 10:48:12.662 JST" StructureHandle="=TA2/src&amp;lt;ta2.main{PlayActv.java#" StructureKind="java" NumEvents="3" CreationCount="569"/><InteractionEvent Delta="null" EndDate="2014-10-03 10:48:10.461 JST" Interest="1.0339999" Kind="propagation" Navigation="org.eclipse.mylyn.core.model.edges.containment" OriginId="org.eclipse.mylyn.core.model.interest.propagation" StartDate="2014-10-03 10:48:07.237 JST" StructureHandle="=TA2/src&amp;lt;ta2.main{PlayActv.java#" StructureKind="java" NumEvents="3" CreationCount="569"/><InteractionEvent Delta="null" EndDate="2014-10-03 11:01:13.329 JST" Interest="48.617" Kind="propagation" Navigation="org.eclipse.mylyn.core.model.edges.containment" OriginId="org.eclipse.mylyn.core.model.interest.propagation" StartDate="2014-10-03 10:11:05.849 JST" StructureHandle="/TA2/src/ta2/listeners" StructureKind="resource" NumEvents="50" CreationCount="2"/><InteractionEvent Delta="null" EndDate="2014-10-03 11:01:47.61 JST" Interest="1.0" Kind="prediction" Navigation="null" OriginId="org.eclipse.mylyn.resources.ui.interest.updater" StartDate="2014-10-03 11:01:47.61 JST" StructureHandle="/TA2/bin/AndroidManifest.xml" StructureKind="resource"/><InteractionEvent Delta="null" EndDate="2014-10-03 10:57:54.199 JST" Interest="1.0" Kind="propagation" Navigation="null" OriginId="org.eclipse.mylyn.resources.ui.interest.updater" StartDate="2014-10-03 10:57:54.199 JST" StructureHandle="/TA2/bin/AndroidManifest.xml" StructureKind="resource"/><InteractionEvent Delta="null" EndDate="2014-10-03 10:52:03.642 JST" Interest="2.0" Kind="selection" Navigation="null" OriginId="org.eclipse.ui.views.ResourceNavigator" StartDate="2014-10-03 10:47:44.595 JST" StructureHandle="=cm7/src&amp;lt;app.main{PlayActv.java" StructureKind="java" NumEvents="2" CreationCount="563"/><InteractionEvent Delta="null" EndDate="2014-10-03 10:52:03.642 JST" Interest="2.1620002" Kind="manipulation" Navigation="null" OriginId="org.eclipse.mylyn.core.model.interest.decay.correction" StartDate="2014-10-03 10:52:03.642 JST" StructureHandle="=cm7/src&amp;lt;app.main{PlayActv.java" StructureKind="java"/><InteractionEvent Delta="null" EndDate="2014-10-03 10:48:07.237 JST" Interest="1.0" Kind="selection" Navigation="null" OriginId="org.eclipse.jdt.ui.CompilationUnitEditor" StartDate="2014-10-03 10:48:07.237 JST" StructureHandle="=TA2/src&amp;lt;ta2.main{PlayActv.java#java.io.File" StructureKind="java"/><InteractionEvent Delta="null" EndDate="2014-10-03 10:52:03.643 JST" Interest="4.196" Kind="propagation" Navigation="org.eclipse.mylyn.core.model.edges.containment" OriginId="org.eclipse.mylyn.core.model.interest.propagation" StartDate="2014-10-03 10:47:43.117 JST" StructureHandle="/cm7/src/app/main" StructureKind="resource" NumEvents="3" CreationCount="562"/><InteractionEvent Delta="null" EndDate="2014-10-03 10:11:17.60 JST" Interest="1.0" Kind="selection" Navigation="null" OriginId="org.eclipse.ui.views.ContentOutline" StartDate="2014-10-03 10:11:17.60 JST" StructureHandle="=TA2/src&amp;lt;ta2.listeners{LOI_LCL.java%ta2.listeners" StructureKind="java"/><InteractionEvent Delta="null" EndDate="2014-10-03 10:58:09.934 JST" Interest="98.817" Kind="propagation" Navigation="org.eclipse.mylyn.core.model.edges.containment" OriginId="org.eclipse.mylyn.core.model.interest.propagation" StartDate="2014-10-03 10:11:26.606 JST" StructureHandle="=TA2/src&amp;lt;ta2.utils" StructureKind="java" NumEvents="144" CreationCount="13"/><InteractionEvent Delta="null" EndDate="2014-10-03 10:32:59.167 JST" Interest="3.0" Kind="selection" Navigation="null" OriginId="org.eclipse.jdt.ui.CompilationUnitEditor" StartDate="2014-10-03 10:21:41.330 JST" StructureHandle="=TA2/src&amp;lt;ta2.listeners{LOI_LCL.java[LOI_LCL~case_ACTV_MEMO_LV_3~QWordPattern;" StructureKind="java" NumEvents="3" CreationCount="250"/><InteractionEvent Delta="null" EndDate="2014-10-03 10:21:41.336 JST" Interest="1.0" Kind="edit" Navigation="null" OriginId="org.eclipse.jdt.ui.CompilationUnitEditor" StartDate="2014-10-03 10:21:41.336 JST" StructureHandle="=TA2/src&amp;lt;ta2.listeners{LOI_LCL.java[LOI_LCL~case_ACTV_MEMO_LV_3~QWordPattern;" StructureKind="java"/><InteractionEvent Delta="null" EndDate="2014-10-03 10:32:52.577 JST" Interest="0.816" Kind="manipulation" Navigation="null" OriginId="org.eclipse.mylyn.core.model.interest.decay.correction" StartDate="2014-10-03 10:32:52.577 JST" StructureHandle="=TA2/src&amp;lt;ta2.listeners{LOI_LCL.java[LOI_LCL~case_ACTV_MEMO_LV_3~QWordPattern;" StructureKind="java"/><InteractionEvent Delta="null" EndDate="2014-10-03 10:58:09.934 JST" Interest="98.799995" Kind="propagation" Navigation="org.eclipse.mylyn.core.model.edges.containment" OriginId="org.eclipse.mylyn.core.model.interest.propagation" StartDate="2014-10-03 10:11:27.493 JST" StructureHandle="=TA2/src&amp;lt;ta2.utils{Methods_dlg.java[Methods_dlg" StructureKind="java" NumEvents="136" CreationCount="14"/><InteractionEvent Delta="null" EndDate="2014-10-03 10:57:54.198 JST" Interest="1.0" Kind="propagation" Navigation="null" OriginId="org.eclipse.mylyn.resources.ui.interest.updater" StartDate="2014-10-03 10:57:54.198 JST" StructureHandle="=TA2/gen&amp;lt;ta2.main{BuildConfig.java" StructureKind="java"/><InteractionEvent Delta="null" EndDate="2014-10-03 10:57:54.199 JST" Interest="1.0" Kind="propagation" Navigation="null" OriginId="org.eclipse.mylyn.resources.ui.interest.updater" StartDate="2014-10-03 10:57:54.199 JST" StructureHandle="=TA2/gen&amp;lt;ta2.main{R.java" StructureKind="java"/><InteractionEvent Delta="null" EndDate="2014-10-03 10:44:24.602 JST" Interest="13.0" Kind="selection" Navigation="null" OriginId="org.eclipse.jdt.ui.CompilationUnitEditor" StartDate="2014-10-03 10:12:36.475 JST" StructureHandle="=TA2/src&amp;lt;ta2.utils{Recorder.java" StructureKind="java" NumEvents="13" CreationCount="44"/><InteractionEvent Delta="null" EndDate="2014-10-03 10:13:06.684 JST" Interest="3.9680007" Kind="propagation" Navigation="org.eclipse.mylyn.core.model.edges.containment" OriginId="org.eclipse.mylyn.core.model.interest.propagation" StartDate="2014-10-03 10:12:49.892 JST" StructureHandle="=TA2/src&amp;lt;ta2.utils{Recorder.java" StructureKind="java" NumEvents="7" CreationCount="44"/><InteractionEvent Delta="null" EndDate="2014-10-03 10:12:37.251 JST" Interest="1.0" Kind="edit" Navigation="null" OriginId="org.eclipse.jdt.ui.CompilationUnitEditor" StartDate="2014-10-03 10:12:37.251 JST" StructureHandle="=TA2/src&amp;lt;ta2.utils{Recorder.java" StructureKind="java"/><InteractionEvent Delta="null" EndDate="2014-10-03 10:34:31.435 JST" Interest="1.0" Kind="selection" Navigation="null" OriginId="org.eclipse.jdt.ui.CompilationUnitEditor" StartDate="2014-10-03 10:34:31.435 JST" StructureHandle="=TA2/&amp;lt;{Test.java#java.util.regex.Pattern" StructureKind="java"/><InteractionEvent Delta="null" EndDate="2014-10-03 10:52:00.972 JST" Interest="5.0" Kind="selection" Navigation="null" OriginId="org.eclipse.jdt.ui.CompilationUnitEditor" StartDate="2014-10-03 10:51:50.209 JST" StructureHandle="=TA2/src&amp;lt;ta2.main{PlayActv.java[PlayActv~onOptionsItemSelected~QMenuItem;" StructureKind="java" NumEvents="5" CreationCount="711"/><InteractionEvent Delta="null" EndDate="2014-10-03 10:51:58.213 JST" Interest="24.0" Kind="edit" Navigation="null" OriginId="org.eclipse.jdt.ui.CompilationUnitEditor" StartDate="2014-10-03 10:51:50.765 JST" StructureHandle="=TA2/src&amp;lt;ta2.main{PlayActv.java[PlayActv~onOptionsItemSelected~QMenuItem;" StructureKind="java" NumEvents="24" CreationCount="711"/><InteractionEvent Delta="null" EndDate="2014-10-03 10:33:39.725 JST" Interest="8.0" Kind="selection" Navigation="null" OriginId="org.eclipse.jdt.ui.CompilationUnitEditor" StartDate="2014-10-03 10:11:14.54 JST" StructureHandle="=TA2/src&amp;lt;ta2.listeners{LOI_LCL.java" StructureKind="java" NumEvents="8" CreationCount="5"/><InteractionEvent Delta="null" EndDate="2014-10-03 10:21:41.331 JST" Interest="3.9340005" Kind="propagation" Navigation="org.eclipse.mylyn.core.model.edges.containment" OriginId="org.eclipse.mylyn.core.model.interest.propagation" StartDate="2014-10-03 10:11:17.61 JST" StructureHandle="=TA2/src&amp;lt;ta2.listeners{LOI_LCL.java" StructureKind="java" NumEvents="9" CreationCount="5"/><InteractionEvent Delta="null" EndDate="2014-10-03 10:40:44.199 JST" Interest="4.0" Kind="selection" Navigation="null" OriginId="org.eclipse.jdt.ui.CompilationUnitEditor" StartDate="2014-10-03 10:39:33.604 JST" StructureHandle="=TA2/src&amp;lt;ta2.utils{DBUtils.java[DBUtils~find_All_WP_tags~QActivity;" StructureKind="java" NumEvents="4" CreationCount="499"/><InteractionEvent Delta="null" EndDate="2014-10-03 10:40:52.311 JST" Interest="9.0" Kind="edit" Navigation="null" OriginId="org.eclipse.jdt.ui.CompilationUnitEditor" StartDate="2014-10-03 10:39:35.888 JST" StructureHandle="=TA2/src&amp;lt;ta2.utils{DBUtils.java[DBUtils~find_All_WP_tags~QActivity;" StructureKind="java" NumEvents="9" CreationCount="499"/><InteractionEvent Delta="null" EndDate="2014-10-03 10:47:39.252 JST" Interest="1.0" Kind="selection" Navigation="null" OriginId="org.eclipse.ui.views.ResourceNavigator" StartDate="2014-10-03 10:47:39.252 JST" StructureHandle="=cm7" StructureKind="java"/><InteractionEvent Delta="null" EndDate="2014-10-03 10:52:11.827 JST" Interest="3.3320003" Kind="propagation" Navigation="org.eclipse.mylyn.core.model.edges.containment" OriginId="org.eclipse.mylyn.core.model.interest.propagation" StartDate="2014-10-03 10:47:41.369 JST" StructureHandle="=cm7" StructureKind="java" NumEvents="10" CreationCount="559"/><InteractionEvent Delta="null" EndDate="2014-10-03 11:02:11.904 JST" Interest="1.0" Kind="propagation" Navigation="null" OriginId="org.eclipse.mylyn.resources.ui.interest.updater" StartDate="2014-10-03 11:02:11.904 JST" StructureHandle="/TA2/bin/dexedLibs/twitter4j-core-android-2.2.6-796701d8192f6e7dc926b1fe5727c893.jar" StructureKind="resource"/><InteractionEvent Delta="null" EndDate="2014-10-03 11:02:11.904 JST" Interest="1.0" Kind="propagation" Navigation="null" OriginId="org.eclipse.mylyn.resources.ui.interest.updater" StartDate="2014-10-03 11:02:11.904 JST" StructureHandle="/TA2/bin/dexedLibs/commons-net-3.3-8fd943db0e7f4cec18e60738e70ce092.jar" StructureKind="resource"/><InteractionEvent Delta="null" EndDate="2014-10-03 10:13:06.683 JST" Interest="8.6" Kind="propagation" Navigation="org.eclipse.mylyn.core.model.edges.containment" OriginId="org.eclipse.mylyn.core.model.interest.propagation" StartDate="2014-10-03 10:12:48.695 JST" StructureHandle="=TA2/src&amp;lt;ta2.utils{Recorder.java[Recorder" StructureKind="java" NumEvents="11" CreationCount="48"/><InteractionEvent Delta="null" EndDate="2014-10-03 10:47:41.368 JST" Interest="1.0" Kind="selection" Navigation="null" OriginId="org.eclipse.ui.views.ResourceNavigator" StartDate="2014-10-03 10:47:41.368 JST" StructureHandle="=cm7/src" StructureKind="java"/><InteractionEvent Delta="null" EndDate="2014-10-03 10:52:05.1 JST" Interest="3.2470002" Kind="propagation" Navigation="org.eclipse.mylyn.core.model.edges.containment" OriginId="org.eclipse.mylyn.core.model.interest.propagation" StartDate="2014-10-03 10:47:41.711 JST" StructureHandle="=cm7/src" StructureKind="java" NumEvents="5" CreationCount="560"/><InteractionEvent Delta="null" EndDate="2014-10-03 10:19:20.218 JST" Interest="4.0" Kind="selection" Navigation="null" OriginId="org.eclipse.jdt.ui.CompilationUnitEditor" StartDate="2014-10-03 10:13:49.433 JST" StructureHandle="=TA2/src&amp;lt;ta2.utils{CONS.java[CONS[RecActv^fmt_FileName" StructureKind="java" NumEvents="4" CreationCount="100"/><InteractionEvent Delta="null" EndDate="2014-10-03 10:19:20.232 JST" Interest="4.0" Kind="edit" Navigation="null" OriginId="org.eclipse.jdt.ui.CompilationUnitEditor" StartDate="2014-10-03 10:13:49.454 JST" StructureHandle="=TA2/src&amp;lt;ta2.utils{CONS.java[CONS[RecActv^fmt_FileName" StructureKind="java" NumEvents="4" CreationCount="100"/><InteractionEvent Delta="null" EndDate="2014-10-03 10:27:58.194 JST" Interest="1.0" Kind="propagation" Navigation="null" OriginId="org.eclipse.jdt.ui.PackageExplorer" StartDate="2014-10-03 10:27:58.194 JST" StructureHandle="/IFM11" StructureKind="resource"/><InteractionEvent Delta="null" EndDate="2014-10-03 10:47:36.582 JST" Interest="1.0" Kind="selection" Navigation="null" OriginId="org.eclipse.ui.views.ResourceNavigator" StartDate="2014-10-03 10:47:36.582 JST" StructureHandle="=TA2/gen" StructureKind="java"/><InteractionEvent Delta="null" EndDate="2014-10-03 10:57:54.201 JST" Interest="4.774" Kind="propagation" Navigation="org.eclipse.mylyn.core.model.edges.containment" OriginId="org.eclipse.mylyn.core.model.interest.propagation" StartDate="2014-10-03 10:57:54.200 JST" StructureHandle="=TA2/gen" StructureKind="java" NumEvents="2" CreationCount="558"/><InteractionEvent Delta="null" EndDate="2014-10-03 10:52:05.0 JST" Interest="4.2300005" Kind="propagation" Navigation="org.eclipse.mylyn.core.model.edges.containment" OriginId="org.eclipse.mylyn.core.model.interest.propagation" StartDate="2014-10-03 10:47:41.710 JST" StructureHandle="/cm7/src/app" StructureKind="resource" NumEvents="5" CreationCount="561"/><InteractionEvent Delta="null" EndDate="2014-10-03 10:13:12.615 JST" Interest="3.0" Kind="selection" Navigation="null" OriginId="org.eclipse.jdt.ui.CompilationUnitEditor" StartDate="2014-10-03 10:13:07.818 JST" StructureHandle="=TA2/src&amp;lt;ta2.utils{Methods.java[Methods~deleteDirectory~QFile;" StructureKind="java" NumEvents="3" CreationCount="63"/><InteractionEvent Delta="null" EndDate="2014-10-03 10:32:21.144 JST" Interest="4.0" Kind="selection" Navigation="null" OriginId="org.eclipse.jdt.ui.CompilationUnitEditor" StartDate="2014-10-03 10:28:43.908 JST" StructureHandle="=TA2/&amp;lt;{Test.java[Test" StructureKind="java" NumEvents="4" CreationCount="322"/><InteractionEvent Delta="null" EndDate="2014-10-03 10:44:17.112 JST" Interest="66.564995" Kind="propagation" Navigation="org.eclipse.mylyn.core.model.edges.containment" OriginId="org.eclipse.mylyn.core.model.interest.propagation" StartDate="2014-10-03 10:29:11.728 JST" StructureHandle="=TA2/&amp;lt;{Test.java[Test" StructureKind="java" NumEvents="94" CreationCount="322"/><InteractionEvent Delta="null" EndDate="2014-10-03 10:31:45.47 JST" Interest="7.0" Kind="edit" Navigation="null" OriginId="org.eclipse.jdt.ui.CompilationUnitEditor" StartDate="2014-10-03 10:28:43.924 JST" StructureHandle="=TA2/&amp;lt;{Test.java[Test" StructureKind="java" NumEvents="7" CreationCount="322"/><InteractionEvent Delta="null" EndDate="2014-10-03 10:58:30.603 JST" Interest="3.0" Kind="selection" Navigation="null" OriginId="org.eclipse.jdt.ui.CompilationUnitEditor" StartDate="2014-10-03 10:58:30.473 JST" StructureHandle="=TA2/src&amp;lt;ta2.listeners.dialog{DOI_CL.java[DOI_CL~case_ACTV_SHOWLIST_LV~QListItem;" StructureKind="java" NumEvents="3" CreationCount="807"/><InteractionEvent Delta="null" EndDate="2014-10-03 10:59:19.606 JST" Interest="25.0" Kind="edit" Navigation="null" OriginId="org.eclipse.jdt.ui.CompilationUnitEditor" StartDate="2014-10-03 10:58:31.53 JST" StructureHandle="=TA2/src&amp;lt;ta2.listeners.dialog{DOI_CL.java[DOI_CL~case_ACTV_SHOWLIST_LV~QListItem;" StructureKind="java" NumEvents="25" CreationCount="807"/><InteractionEvent Delta="null" EndDate="2014-10-03 11:07:58.750 JST" Interest="731.034" Kind="propagation" Navigation="null" OriginId="org.eclipse.ui.views.ContentOutline" StartDate="2014-10-03 10:10:58.112 JST" StructureHandle="/TA2/src" StructureKind="resource" NumEvents="734" CreationCount="1"/><InteractionEvent Delta="null" EndDate="2014-10-03 10:47:46.506 JST" Interest="2.0" Kind="selection" Navigation="null" OriginId="org.eclipse.jdt.ui.PackageExplorer" StartDate="2014-10-03 10:47:32.568 JST" StructureHandle="=TA2" StructureKind="java" NumEvents="2" CreationCount="1"/><InteractionEvent Delta="null" EndDate="2014-10-03 11:07:58.749 JST" Interest="728.034" Kind="propagation" Navigation="org.eclipse.mylyn.core.model.edges.containment" OriginId="org.eclipse.mylyn.core.model.interest.propagation" StartDate="2014-10-03 10:10:58.112 JST" StructureHandle="=TA2" StructureKind="resource" NumEvents="733" CreationCount="1"/><InteractionEvent Delta="null" EndDate="2014-10-03 10:57:34.941 JST" Interest="17.0" Kind="selection" Navigation="null" OriginId="org.eclipse.ui.views.ContentOutline" StartDate="2014-10-03 10:50:10.205 JST" StructureHandle="=TA2/src&amp;lt;ta2.main{PlayActv.java[PlayActv~onCreate~QBundle;" StructureKind="java" NumEvents="17" CreationCount="634"/><InteractionEvent Delta="null" EndDate="2014-10-03 10:58:03.226 JST" Interest="43.0" Kind="edit" Navigation="null" OriginId="org.eclipse.jdt.ui.CompilationUnitEditor" StartDate="2014-10-03 10:51:16.691 JST" StructureHandle="=TA2/src&amp;lt;ta2.main{PlayActv.java[PlayActv~onCreate~QBundle;" StructureKind="java" NumEvents="43" CreationCount="634"/><InteractionEvent Delta="null" EndDate="2014-10-03 10:49:24.218 JST" Interest="3.0" Kind="selection" Navigation="null" OriginId="org.eclipse.jdt.ui.CompilationUnitEditor" StartDate="2014-10-03 10:49:24.79 JST" StructureHandle="=TA2/src&amp;lt;ta2.main{PlayActv.java[PlayActv~_onCreate_InitVars" StructureKind="java" NumEvents="3" CreationCount="608"/><InteractionEvent Delta="null" EndDate="2014-10-03 10:49:47.651 JST" Interest="12.0" Kind="edit" Navigation="null" OriginId="org.eclipse.jdt.ui.CompilationUnitEditor" StartDate="2014-10-03 10:49:24.685 JST" StructureHandle="=TA2/src&amp;lt;ta2.main{PlayActv.java[PlayActv~_onCreate_InitVars" StructureKind="java" NumEvents="12" CreationCount="608"/><InteractionEvent Delta="null" EndDate="2014-10-03 11:05:53.987 JST" Interest="34.903" Kind="propagation" Navigation="org.eclipse.mylyn.core.model.edges.containment" OriginId="org.eclipse.mylyn.core.model.interest.propagation" StartDate="2014-10-03 10:12:29.252 JST" StructureHandle="=TA2/src&amp;lt;ta2.utils{CONS.java[CONS" StructureKind="java" NumEvents="47" CreationCount="42"/><InteractionEvent Delta="null" EndDate="2014-10-03 10:27:51.702 JST" Interest="1.0" Kind="propagation" Navigation="null" OriginId="org.eclipse.jdt.ui.PackageExplorer" StartDate="2014-10-03 10:27:51.702 JST" StructureHandle="/SL3" StructureKind="resource"/><InteractionEvent Delta="null" EndDate="2014-10-03 10:52:07.52 JST" Interest="1.0" Kind="selection" Navigation="null" OriginId="org.eclipse.ui.views.ResourceNavigator" StartDate="2014-10-03 10:52:07.52 JST" StructureHandle="/cm7/res" StructureKind="resource"/><InteractionEvent Delta="null" EndDate="2014-10-03 10:52:11.827 JST" Interest="0.051" Kind="propagation" Navigation="org.eclipse.mylyn.core.model.edges.containment" OriginId="org.eclipse.mylyn.core.model.interest.propagation" StartDate="2014-10-03 10:52:09.41 JST" StructureHandle="/cm7/res" StructureKind="resource" NumEvents="3" CreationCount="752"/><InteractionEvent Delta="null" EndDate="2014-10-03 10:45:23.292 JST" Interest="3.0" Kind="prediction" Navigation="null" OriginId="org.eclipse.mylyn.resources.ui.interest.updater" StartDate="2014-10-03 10:18:32.375 JST" StructureHandle="/TA2/bin/classes.dex" StructureKind="resource" NumEvents="3" CreationCount="229"/><InteractionEvent Delta="null" EndDate="2014-10-03 10:59:48.224 JST" Interest="3.0" Kind="selection" Navigation="null" OriginId="org.eclipse.jdt.ui.CompilationUnitEditor" StartDate="2014-10-03 10:59:48.59 JST" StructureHandle="=TA2/src&amp;lt;ta2.utils{Methods.java[Methods~start_Activity_MemoActv~QActivity;" StructureKind="java" NumEvents="3" CreationCount="854"/><InteractionEvent Delta="null" EndDate="2014-10-03 10:59:52.227 JST" Interest="4.0" Kind="edit" Navigation="null" OriginId="org.eclipse.jdt.ui.CompilationUnitEditor" StartDate="2014-10-03 10:59:48.674 JST" StructureHandle="=TA2/src&amp;lt;ta2.utils{Methods.java[Methods~start_Activity_MemoActv~QActivity;" StructureKind="java" NumEvents="4" CreationCount="854"/><InteractionEvent Delta="null" EndDate="2014-10-03 10:50:14.737 JST" Interest="3.0" Kind="selection" Navigation="null" OriginId="org.eclipse.jdt.ui.CompilationUnitEditor" StartDate="2014-10-03 10:50:14.283 JST" StructureHandle="=TA2/src&amp;lt;ta2.main{PlayActv.java[PlayActv~_onCreate_SetListeners" StructureKind="java" NumEvents="3" CreationCount="636"/><InteractionEvent Delta="null" EndDate="2014-10-03 10:50:24.116 JST" Interest="8.0" Kind="edit" Navigation="null" OriginId="org.eclipse.jdt.ui.CompilationUnitEditor" StartDate="2014-10-03 10:50:15.384 JST" StructureHandle="=TA2/src&amp;lt;ta2.main{PlayActv.java[PlayActv~_onCreate_SetListeners" StructureKind="java" NumEvents="8" CreationCount="636"/><InteractionEvent Delta="null" EndDate="2014-10-03 11:07:54.886 JST" Interest="25.05" Kind="propagation" Navigation="org.eclipse.mylyn.core.model.edges.containment" OriginId="org.eclipse.mylyn.core.model.interest.propagation" StartDate="2014-10-03 10:17:49.631 JST" StructureHandle="/TA2/res" StructureKind="resource" NumEvents="37" CreationCount="207"/><InteractionEvent Delta="null" EndDate="2014-10-03 10:45:23.293 JST" Interest="1.0" Kind="propagation" Navigation="null" OriginId="org.eclipse.mylyn.resources.ui.interest.updater" StartDate="2014-10-03 10:45:23.293 JST" StructureHandle="=TA2/&amp;lt;(Test.class" StructureKind="java"/><InteractionEvent Delta="null" EndDate="2014-10-03 10:58:30.582 JST" Interest="3.0" Kind="selection" Navigation="null" OriginId="org.eclipse.jdt.ui.CompilationUnitEditor" StartDate="2014-10-03 10:58:26.324 JST" StructureHandle="=TA2/src&amp;lt;ta2.listeners.dialog{DOI_CL.java[DOI_CL~_case_Admin_LV__Backup" StructureKind="java" NumEvents="3" CreationCount="806"/><InteractionEvent Delta="null" EndDate="2014-10-03 11:05:44.162 JST" Interest="1.0" Kind="selection" Navigation="null" OriginId="org.eclipse.jdt.ui.PackageExplorer" StartDate="2014-10-03 11:05:44.162 JST" StructureHandle="/TA2/res/values/styles.xml" StructureKind="resource"/><InteractionEvent Delta="null" EndDate="2014-10-03 10:51:50.265 JST" Interest="5.0" Kind="selection" Navigation="null" OriginId="org.eclipse.jdt.ui.CompilationUnitEditor" StartDate="2014-10-03 10:51:42.443 JST" StructureHandle="=TA2/src&amp;lt;ta2.main{PlayActv.java[PlayActv~onCreateOptionsMenu~QMenu;" StructureKind="java" NumEvents="5" CreationCount="694"/><InteractionEvent Delta="null" EndDate="2014-10-03 10:51:45.795 JST" Interest="12.0" Kind="edit" Navigation="null" OriginId="org.eclipse.jdt.ui.CompilationUnitEditor" StartDate="2014-10-03 10:51:43.42 JST" StructureHandle="=TA2/src&amp;lt;ta2.main{PlayActv.java[PlayActv~onCreateOptionsMenu~QMenu;" StructureKind="java" NumEvents="12" CreationCount="694"/><InteractionEvent Delta="null" EndDate="2014-10-03 11:00:24.836 JST" Interest="1.0" Kind="selection" Navigation="null" OriginId="org.eclipse.jdt.ui.CompilationUnitEditor" StartDate="2014-10-03 11:00:24.836 JST" StructureHandle="=TA2/src&amp;lt;ta2.utils{CONS.java[CONS[Intent^iKey_CurrentPath_MainActv" StructureKind="java"/><InteractionEvent Delta="null" EndDate="2014-10-03 11:00:24.877 JST" Interest="2.0" Kind="edit" Navigation="null" OriginId="org.eclipse.jdt.ui.CompilationUnitEditor" StartDate="2014-10-03 11:00:24.860 JST" StructureHandle="=TA2/src&amp;lt;ta2.utils{CONS.java[CONS[Intent^iKey_CurrentPath_MainActv" StructureKind="java" NumEvents="2" CreationCount="880"/><InteractionEvent Delta="null" EndDate="2014-10-03 10:57:54.199 JST" Interest="1.0" Kind="propagation" Navigation="null" OriginId="org.eclipse.mylyn.resources.ui.interest.updater" StartDate="2014-10-03 10:57:54.199 JST" StructureHandle="=TA2/gen&amp;lt;ta2" StructureKind="java"/><InteractionEvent Delta="null" EndDate="2014-10-03 11:00:19.966 JST" Interest="12.0" Kind="selection" Navigation="null" OriginId="org.eclipse.jdt.ui.CompilationUnitEditor" StartDate="2014-10-03 10:12:19.627 JST" StructureHandle="=TA2/src&amp;lt;ta2.utils{CONS.java" StructureKind="java" NumEvents="12" CreationCount="40"/><InteractionEvent Delta="null" EndDate="2014-10-03 11:05:53.988 JST" Interest="22.937" Kind="propagation" Navigation="org.eclipse.mylyn.core.model.edges.containment" OriginId="org.eclipse.mylyn.core.model.interest.propagation" StartDate="2014-10-03 10:12:21.873 JST" StructureHandle="=TA2/src&amp;lt;ta2.utils{CONS.java" StructureKind="java" NumEvents="38" CreationCount="40"/><InteractionEvent Delta="null" EndDate="2014-10-03 10:34:19.503 JST" Interest="1.0" Kind="selection" Navigation="null" OriginId="org.eclipse.jdt.ui.CompilationUnitEditor" StartDate="2014-10-03 10:34:19.503 JST" StructureHandle="=TA2/&amp;lt;{Test.java#java.util.regex.Matcher" StructureKind="java"/><InteractionEvent Delta="null" EndDate="2014-10-03 10:52:11.827 JST" Interest="1.0" Kind="selection" Navigation="null" OriginId="org.eclipse.ui.views.ResourceNavigator" StartDate="2014-10-03 10:52:11.827 JST" StructureHandle="/cm7/res/layout/actv_play.xml" StructureKind="resource"/><InteractionEvent Delta="null" EndDate="2014-10-03 10:47:32.428 JST" Interest="185.0" Kind="propagation" Navigation="null" OriginId="org.eclipse.jdt.ui.PackageExplorer" StartDate="2014-10-03 10:27:10.811 JST" StructureHandle="/TA2" StructureKind="resource" NumEvents="185" CreationCount="298"/><InteractionEvent Delta="null" EndDate="2014-10-03 10:44:24.602 JST" Interest="25.0" Kind="propagation" Navigation="null" OriginId="org.eclipse.jdt.ui.CompilationUnitEditor" StartDate="2014-10-03 10:12:36.476 JST" StructureHandle="/TA2/src/ta2/utils/Recorder.java" StructureKind="resource" NumEvents="25" CreationCount="44"/><InteractionEvent Delta="null" EndDate="2014-10-03 10:57:54.203 JST" Interest="7.774" Kind="propagation" Navigation="org.eclipse.mylyn.core.model.edges.containment" OriginId="org.eclipse.mylyn.core.model.interest.propagation" StartDate="2014-10-03 10:47:36.582 JST" StructureHandle="/TA2/gen" StructureKind="resource" NumEvents="5" CreationCount="558"/><InteractionEvent Delta="null" EndDate="2014-10-03 10:47:32.427 JST" Interest="11.0" Kind="selection" Navigation="null" OriginId="org.eclipse.jdt.ui.PackageExplorer" StartDate="2014-10-03 10:28:43.816 JST" StructureHandle="=TA2/&amp;lt;{Test.java" StructureKind="java" NumEvents="11" CreationCount="320"/><InteractionEvent Delta="null" EndDate="2014-10-03 10:44:17.113 JST" Interest="65.49899" Kind="propagation" Navigation="org.eclipse.mylyn.core.model.edges.containment" OriginId="org.eclipse.mylyn.core.model.interest.propagation" StartDate="2014-10-03 10:28:41.697 JST" StructureHandle="=TA2/&amp;lt;{Test.java" StructureKind="java" NumEvents="96" CreationCount="320"/><InteractionEvent Delta="null" EndDate="2014-10-03 10:59:48.189 JST" Interest="3.0" Kind="selection" Navigation="null" OriginId="org.eclipse.jdt.ui.CompilationUnitEditor" StartDate="2014-10-03 10:59:46.408 JST" StructureHandle="=TA2/src&amp;lt;ta2.utils{Methods.java[Methods~set_Pref_String~QActivity;~QString;~QString;~Z" StructureKind="java" NumEvents="3" CreationCount="853"/><InteractionEvent Delta="null" EndDate="2014-10-03 10:47:41.710 JST" Interest="1.0" Kind="selection" Navigation="null" OriginId="org.eclipse.ui.views.ResourceNavigator" StartDate="2014-10-03 10:47:41.710 JST" StructureHandle="=cm7/src&amp;lt;app" StructureKind="java"/><InteractionEvent Delta="null" EndDate="2014-10-03 11:01:13.328 JST" Interest="3.0" Kind="selection" Navigation="null" OriginId="org.eclipse.jdt.ui.PackageExplorer" StartDate="2014-10-03 10:58:23.374 JST" StructureHandle="=TA2/src&amp;lt;ta2.listeners.dialog{DOI_CL.java" StructureKind="java" NumEvents="3" CreationCount="803"/><InteractionEvent Delta="null" EndDate="2014-10-03 10:59:19.607 JST" Interest="18.568" Kind="propagation" Navigation="org.eclipse.mylyn.core.model.edges.containment" OriginId="org.eclipse.mylyn.core.model.interest.propagation" StartDate="2014-10-03 10:58:30.581 JST" StructureHandle="=TA2/src&amp;lt;ta2.listeners.dialog{DOI_CL.java" StructureKind="java" NumEvents="28" CreationCount="803"/><InteractionEvent Delta="null" EndDate="2014-10-03 11:07:21.818 JST" Interest="9.0" Kind="selection" Navigation="null" OriginId="org.eclipse.ui.views.ContentOutline" StartDate="2014-10-03 10:59:23.843 JST" StructureHandle="=TA2/src&amp;lt;ta2.utils{Methods.java[Methods~start_Activity_PlatyActv~QActivity;~QMemo;" StructureKind="java" NumEvents="9" CreationCount="839"/><InteractionEvent Delta="null" EndDate="2014-10-03 11:07:52.186 JST" Interest="35.0" Kind="edit" Navigation="null" OriginId="org.eclipse.jdt.ui.CompilationUnitEditor" StartDate="2014-10-03 10:59:24.504 JST" StructureHandle="=TA2/src&amp;lt;ta2.utils{Methods.java[Methods~start_Activity_PlatyActv~QActivity;~QMemo;" StructureKind="java" NumEvents="35" CreationCount="839"/><InteractionEvent Delta="null" EndDate="2014-10-03 10:59:22.304 JST" Interest="99.021" Kind="propagation" Navigation="org.eclipse.mylyn.core.model.edges.containment" OriginId="org.eclipse.mylyn.core.model.interest.propagation" StartDate="2014-10-03 10:10:58.112 JST" StructureHandle="=TA2/src" StructureKind="java" NumEvents="157" CreationCount="1"/><InteractionEvent Delta="null" EndDate="2014-10-03 10:44:36.182 JST" Interest="8.0" Kind="selection" Navigation="null" OriginId="org.eclipse.jdt.ui.CompilationUnitEditor" StartDate="2014-10-03 10:14:26.207 JST" StructureHandle="=TA2/src&amp;lt;ta2.utils{CONS.java[CONS[RecActv^fmt_FileName_PlayMemo" StructureKind="java" NumEvents="8" CreationCount="137"/><InteractionEvent Delta="null" EndDate="2014-10-03 10:33:10.523 JST" Interest="17.0" Kind="edit" Navigation="null" OriginId="org.eclipse.jdt.ui.CompilationUnitEditor" StartDate="2014-10-03 10:14:26.221 JST" StructureHandle="=TA2/src&amp;lt;ta2.utils{CONS.java[CONS[RecActv^fmt_FileName_PlayMemo" StructureKind="java" NumEvents="17" CreationCount="137"/><InteractionEvent Delta="null" EndDate="2014-10-03 10:58:25.680 JST" Interest="1.0" Kind="selection" Navigation="null" OriginId="org.eclipse.ui.views.ContentOutline" StartDate="2014-10-03 10:58:25.680 JST" StructureHandle="=TA2/src&amp;lt;ta2.listeners.dialog{DOI_CL.java%ta2.listeners.dialog" StructureKind="java"/><InteractionEvent Delta="null" EndDate="2014-10-03 11:07:58.749 JST" Interest="8.0" Kind="selection" Navigation="null" OriginId="org.eclipse.ui.views.ContentOutline" StartDate="2014-10-03 10:28:20.950 JST" StructureHandle="=TA2/src&amp;lt;ta2.utils{Methods.java[Methods" StructureKind="java" NumEvents="8" CreationCount="63"/><InteractionEvent Delta="null" EndDate="2014-10-03 11:07:52.186 JST" Interest="39.992004" Kind="propagation" Navigation="org.eclipse.mylyn.core.model.edges.containment" OriginId="org.eclipse.mylyn.core.model.interest.propagation" StartDate="2014-10-03 10:13:07.818 JST" StructureHandle="=TA2/src&amp;lt;ta2.utils{Methods.java[Methods" StructureKind="java" NumEvents="54" CreationCount="63"/><InteractionEvent Delta="null" EndDate="2014-10-03 10:59:35.377 JST" Interest="1.0" Kind="edit" Navigation="null" OriginId="org.eclipse.jdt.ui.CompilationUnitEditor" StartDate="2014-10-03 10:59:35.377 JST" StructureHandle="=TA2/src&amp;lt;ta2.utils{Methods.java[Methods" StructureKind="java"/></InteractionHistory>