<?xml version="1.0" encoding="UTF-8"?><InteractionHistory Id="local-227" Version="1"><InteractionEvent Delta="null" EndDate="2014-11-25 11:19:20.207 JST" Interest="106.23799" Kind="propagation" Navigation="org.eclipse.mylyn.core.model.edges.containment" OriginId="org.eclipse.mylyn.core.model.interest.propagation" StartDate="2014-11-25 10:01:35.255 JST" StructureHandle="" StructureKind="java" NumEvents="109" CreationCount="1"/><InteractionEvent Delta="null" EndDate="2014-11-25 10:20:39.23 JST" Interest="3.0" Kind="propagation" Navigation="null" OriginId="org.eclipse.ui.views.ResourceNavigator" StartDate="2014-11-25 10:02:29.41 JST" StructureHandle="/BluetoothSample/src/org/japan/techbooster/sample/BlueTooth/BluetoothServerThread.java" StructureKind="resource" NumEvents="3" CreationCount="15"/><InteractionEvent Delta="null" EndDate="2014-11-25 10:41:30.687 JST" Interest="1.0" Kind="propagation" Navigation="null" OriginId="org.eclipse.jdt.ui.PackageExplorer" StartDate="2014-11-25 10:41:30.687 JST" StructureHandle="/CutPlanner_A/src/cp/utils/ReadWriteModel.java" StructureKind="resource"/><InteractionEvent Delta="null" EndDate="2014-11-25 10:30:25.198 JST" Interest="2.0" Kind="selection" Navigation="null" OriginId="org.eclipse.jdt.ui.CompilationUnitEditor" StartDate="2014-11-25 10:28:51.889 JST" StructureHandle="=CutPlanner_A/src&amp;lt;cp.main{DeviceListActv.java[DeviceListActv~_Setup" StructureKind="java" NumEvents="2" CreationCount="321"/><InteractionEvent Delta="null" EndDate="2014-11-25 10:30:25.213 JST" Interest="2.0" Kind="edit" Navigation="null" OriginId="org.eclipse.jdt.ui.CompilationUnitEditor" StartDate="2014-11-25 10:28:51.905 JST" StructureHandle="=CutPlanner_A/src&amp;lt;cp.main{DeviceListActv.java[DeviceListActv~_Setup" StructureKind="java" NumEvents="2" CreationCount="321"/><InteractionEvent Delta="null" EndDate="2014-11-25 10:15:43.553 JST" Interest="3.0" Kind="propagation" Navigation="null" OriginId="org.eclipse.ui.views.ResourceNavigator" StartDate="2014-11-25 10:02:24.894 JST" StructureHandle="/BluetoothSample/src/org/japan/techbooster/sample/BlueTooth/BluetoothClientThread.java" StructureKind="resource" NumEvents="3" CreationCount="14"/><InteractionEvent Delta="null" EndDate="2014-11-25 10:03:42.735 JST" Interest="1.0" Kind="propagation" Navigation="org.eclipse.mylyn.core.model.edges.containment" OriginId="org.eclipse.mylyn.core.model.interest.propagation" StartDate="2014-11-25 10:03:42.735 JST" StructureHandle="=CutPlanner_A/src&amp;lt;cp.main{ReadWriteModel.java#" StructureKind="java"/><InteractionEvent Delta="null" EndDate="2014-11-25 10:04:15.318 JST" Interest="3.0" Kind="selection" Navigation="null" OriginId="org.eclipse.jdt.ui.CompilationUnitEditor" StartDate="2014-11-25 10:03:44.565 JST" StructureHandle="=CutPlanner_A/src&amp;lt;cp.main{ReadWriteModel.java#" StructureKind="java" NumEvents="3" CreationCount="28"/><InteractionEvent Delta="null" EndDate="2014-11-25 10:22:25.161 JST" Interest="1.0" Kind="selection" Navigation="null" OriginId="org.eclipse.jdt.ui.CompilationUnitEditor" StartDate="2014-11-25 10:22:25.161 JST" StructureHandle="=CutPlanner_A/src&amp;lt;cp.main{DeviceListActv.java[DeviceListActv~_Setup_List_Nonpaired" StructureKind="java"/><InteractionEvent Delta="null" EndDate="2014-11-25 10:22:25.187 JST" Interest="1.0" Kind="edit" Navigation="null" OriginId="org.eclipse.jdt.ui.CompilationUnitEditor" StartDate="2014-11-25 10:22:25.187 JST" StructureHandle="=CutPlanner_A/src&amp;lt;cp.main{DeviceListActv.java[DeviceListActv~_Setup_List_Nonpaired" StructureKind="java"/><InteractionEvent Delta="null" EndDate="2014-11-25 10:30:11.648 JST" Interest="17.751001" Kind="propagation" Navigation="org.eclipse.mylyn.core.model.edges.containment" OriginId="org.eclipse.mylyn.core.model.interest.propagation" StartDate="2014-11-25 10:20:48.708 JST" StructureHandle="=BluetoothSample/src&amp;lt;org.japan.techbooster.sample.BlueTooth{DeviceListActivity.java" StructureKind="java" NumEvents="28" CreationCount="105"/><InteractionEvent Delta="null" EndDate="2014-11-25 10:41:38.602 JST" Interest="16.0" Kind="selection" Navigation="null" OriginId="org.eclipse.jdt.ui.CompilationUnitEditor" StartDate="2014-11-25 10:20:41.138 JST" StructureHandle="=BluetoothSample/src&amp;lt;org.japan.techbooster.sample.BlueTooth{DeviceListActivity.java" StructureKind="java" NumEvents="16" CreationCount="105"/><InteractionEvent Delta="null" EndDate="2014-11-25 10:31:13.348 JST" Interest="1.0" Kind="edit" Navigation="null" OriginId="org.eclipse.jdt.ui.CompilationUnitEditor" StartDate="2014-11-25 10:31:13.348 JST" StructureHandle="=BluetoothSample/src&amp;lt;org.japan.techbooster.sample.BlueTooth{DeviceListActivity.java" StructureKind="java"/><InteractionEvent Delta="null" EndDate="2014-11-25 10:30:26.803 JST" Interest="4.0" Kind="selection" Navigation="null" OriginId="org.eclipse.jdt.ui.CompilationUnitEditor" StartDate="2014-11-25 10:28:47.460 JST" StructureHandle="=CutPlanner_A/src&amp;lt;cp.main{DeviceListActv.java[DeviceListActv~_Bluetooth[~onItemClick~QAdapterView\&amp;lt;*&amp;gt;;~QView;~I~J" StructureKind="java" NumEvents="4" CreationCount="315"/><InteractionEvent Delta="null" EndDate="2014-11-25 10:30:26.810 JST" Interest="4.0" Kind="edit" Navigation="null" OriginId="org.eclipse.jdt.ui.CompilationUnitEditor" StartDate="2014-11-25 10:28:47.475 JST" StructureHandle="=CutPlanner_A/src&amp;lt;cp.main{DeviceListActv.java[DeviceListActv~_Bluetooth[~onItemClick~QAdapterView\&amp;lt;*&amp;gt;;~QView;~I~J" StructureKind="java" NumEvents="4" CreationCount="315"/><InteractionEvent Delta="null" EndDate="2014-11-25 10:47:26.863 JST" Interest="6.0" Kind="selection" Navigation="null" OriginId="org.eclipse.jdt.ui.CompilationUnitEditor" StartDate="2014-11-25 10:31:56.124 JST" StructureHandle="=CutPlanner_A/src&amp;lt;cp.main{DeviceListActv.java[DeviceListActv~onCreateOptionsMenu~QMenu;" StructureKind="java" NumEvents="6" CreationCount="441"/><InteractionEvent Delta="null" EndDate="2014-11-25 10:43:17.472 JST" Interest="2.7480001" Kind="manipulation" Navigation="null" OriginId="org.eclipse.mylyn.core.model.interest.decay.correction" StartDate="2014-11-25 10:43:17.472 JST" StructureHandle="=CutPlanner_A/src&amp;lt;cp.main{DeviceListActv.java[DeviceListActv~onCreateOptionsMenu~QMenu;" StructureKind="java"/><InteractionEvent Delta="null" EndDate="2014-11-25 10:47:27.601 JST" Interest="28.0" Kind="edit" Navigation="null" OriginId="org.eclipse.jdt.ui.CompilationUnitEditor" StartDate="2014-11-25 10:31:56.135 JST" StructureHandle="=CutPlanner_A/src&amp;lt;cp.main{DeviceListActv.java[DeviceListActv~onCreateOptionsMenu~QMenu;" StructureKind="java" NumEvents="28" CreationCount="441"/><InteractionEvent Delta="null" EndDate="2014-11-25 11:19:20.207 JST" Interest="128.0" Kind="propagation" Navigation="null" OriginId="org.eclipse.ui.views.ResourceNavigator" StartDate="2014-11-25 10:02:17.225 JST" StructureHandle="/BluetoothSample" StructureKind="resource" NumEvents="128" CreationCount="7"/><InteractionEvent Delta="null" EndDate="2014-11-25 10:25:22.833 JST" Interest="2.0" Kind="selection" Navigation="null" OriginId="org.eclipse.jdt.ui.PackageExplorer" StartDate="2014-11-25 10:25:05.687 JST" StructureHandle="=CutPlanner_A/src&amp;lt;cp.utils{Tags.java" StructureKind="java" NumEvents="2" CreationCount="258"/><InteractionEvent Delta="null" EndDate="2014-11-25 10:20:18.813 JST" Interest="1.0" Kind="selection" Navigation="null" OriginId="org.eclipse.jdt.ui.CompilationUnitEditor" StartDate="2014-11-25 10:20:18.813 JST" StructureHandle="=BluetoothSample/src&amp;lt;org.japan.techbooster.sample.BlueTooth{BlueToothSample.java[BlueToothSample~onActivityResult~I~I~QIntent;" StructureKind="java"/><InteractionEvent Delta="null" EndDate="2014-11-25 10:24:03.123 JST" Interest="1.0" Kind="selection" Navigation="null" OriginId="org.eclipse.ui.views.ContentOutline" StartDate="2014-11-25 10:24:03.123 JST" StructureHandle="=CutPlanner_A/src&amp;lt;cp.utils{CONS.java%cp.utils" StructureKind="java"/><InteractionEvent Delta="null" EndDate="2014-11-25 10:15:13.208 JST" Interest="1.0" Kind="selection" Navigation="null" OriginId="org.eclipse.jdt.ui.PackageExplorer" StartDate="2014-11-25 10:15:13.208 JST" StructureHandle="/CutPlanner_A/res/layout/devicelist.xml" StructureKind="resource"/><InteractionEvent Delta="null" EndDate="2014-11-25 11:04:54.921 JST" Interest="9.567995" Kind="propagation" Navigation="org.eclipse.mylyn.core.model.edges.containment" OriginId="org.eclipse.mylyn.core.model.interest.propagation" StartDate="2014-11-25 10:24:05.345 JST" StructureHandle="=CutPlanner_A/src&amp;lt;cp.utils{CONS.java" StructureKind="java" NumEvents="15" CreationCount="198"/><InteractionEvent Delta="null" EndDate="2014-11-25 11:04:54.796 JST" Interest="19.0" Kind="selection" Navigation="null" OriginId="org.eclipse.jdt.ui.CompilationUnitEditor" StartDate="2014-11-25 10:23:59.624 JST" StructureHandle="=CutPlanner_A/src&amp;lt;cp.utils{CONS.java" StructureKind="java" NumEvents="19" CreationCount="198"/><InteractionEvent Delta="null" EndDate="2014-11-25 11:04:54.796 JST" Interest="7.248003" Kind="manipulation" Navigation="null" OriginId="org.eclipse.mylyn.core.model.interest.decay.correction" StartDate="2014-11-25 11:00:12.581 JST" StructureHandle="=CutPlanner_A/src&amp;lt;cp.utils{CONS.java" StructureKind="java" NumEvents="2" CreationCount="198"/><InteractionEvent Delta="null" EndDate="2014-11-25 10:20:14.28 JST" Interest="2.0" Kind="selection" Navigation="null" OriginId="org.eclipse.jdt.ui.CompilationUnitEditor" StartDate="2014-11-25 10:19:51.814 JST" StructureHandle="=BluetoothSample/src&amp;lt;org.japan.techbooster.sample.BlueTooth{BlueToothSample.java[BlueToothSample~OnOffConfirm" StructureKind="java" NumEvents="2" CreationCount="93"/><InteractionEvent Delta="null" EndDate="2014-11-25 10:20:06.219 JST" Interest="2.0" Kind="edit" Navigation="null" OriginId="org.eclipse.jdt.ui.CompilationUnitEditor" StartDate="2014-11-25 10:19:53.763 JST" StructureHandle="=BluetoothSample/src&amp;lt;org.japan.techbooster.sample.BlueTooth{BlueToothSample.java[BlueToothSample~OnOffConfirm" StructureKind="java" NumEvents="2" CreationCount="93"/><InteractionEvent Delta="null" EndDate="2014-11-25 10:01:53.857 JST" Interest="3.0" Kind="selection" Navigation="null" OriginId="org.eclipse.ui.views.ResourceNavigator" StartDate="2014-11-25 10:01:35.254 JST" StructureHandle="=IFM10" StructureKind="java" NumEvents="3" CreationCount="1"/><InteractionEvent Delta="null" EndDate="2014-11-25 10:30:26.811 JST" Interest="6.8" Kind="propagation" Navigation="org.eclipse.mylyn.core.model.edges.containment" OriginId="org.eclipse.mylyn.core.model.interest.propagation" StartDate="2014-11-25 10:28:47.461 JST" StructureHandle="=CutPlanner_A/src&amp;lt;cp.main{DeviceListActv.java[DeviceListActv~_Bluetooth[" StructureKind="java" NumEvents="8" CreationCount="315"/><InteractionEvent Delta="null" EndDate="2014-11-25 10:03:48.257 JST" Interest="2.0" Kind="propagation" Navigation="null" OriginId="org.eclipse.ui.views.ResourceNavigator" StartDate="2014-11-25 10:03:18.330 JST" StructureHandle="/BluetoothSample/src/org/japan/techbooster/sample/BlueTooth/ReadWriteModel.java" StructureKind="resource" NumEvents="2" CreationCount="23"/><InteractionEvent Delta="null" EndDate="2014-11-25 10:27:56.308 JST" Interest="2.0" Kind="selection" Navigation="null" OriginId="org.eclipse.jdt.ui.CompilationUnitEditor" StartDate="2014-11-25 10:23:22.497 JST" StructureHandle="=BluetoothSample/src&amp;lt;org.japan.techbooster.sample.BlueTooth{DeviceListActivity.java[DeviceListActivity^myNumber" StructureKind="java" NumEvents="2" CreationCount="174"/><InteractionEvent Delta="null" EndDate="2014-11-25 10:27:56.308 JST" Interest="0.9720001" Kind="manipulation" Navigation="null" OriginId="org.eclipse.mylyn.core.model.interest.decay.correction" StartDate="2014-11-25 10:27:56.308 JST" StructureHandle="=BluetoothSample/src&amp;lt;org.japan.techbooster.sample.BlueTooth{DeviceListActivity.java[DeviceListActivity^myNumber" StructureKind="java"/><InteractionEvent Delta="null" EndDate="2014-11-25 10:31:55.19 JST" Interest="1.0" Kind="selection" Navigation="null" OriginId="org.eclipse.jdt.ui.CompilationUnitEditor" StartDate="2014-11-25 10:31:55.19 JST" StructureHandle="=CutPlanner_A/src&amp;lt;cp.main{DeviceListActv.java[DeviceListActv^offSet" StructureKind="java"/><InteractionEvent Delta="null" EndDate="2014-11-25 10:31:55.22 JST" Interest="1.0" Kind="edit" Navigation="null" OriginId="org.eclipse.jdt.ui.CompilationUnitEditor" StartDate="2014-11-25 10:31:55.22 JST" StructureHandle="=CutPlanner_A/src&amp;lt;cp.main{DeviceListActv.java[DeviceListActv^offSet" StructureKind="java"/><InteractionEvent Delta="null" EndDate="2014-11-25 10:02:39.982 JST" Interest="1.0" Kind="propagation" Navigation="null" OriginId="org.eclipse.mylyn.resources.ui.interest.updater" StartDate="2014-11-25 10:02:39.982 JST" StructureHandle="=CutPlanner_A/src&amp;lt;cp.main{BluetoothServerThread.java" StructureKind="java"/><InteractionEvent Delta="null" EndDate="2014-11-25 10:04:24.192 JST" Interest="4.0" Kind="selection" Navigation="null" OriginId="org.eclipse.jdt.ui.CompilationUnitEditor" StartDate="2014-11-25 10:02:41.291 JST" StructureHandle="=CutPlanner_A/src&amp;lt;cp.main{BluetoothServerThread.java" StructureKind="java" NumEvents="4" CreationCount="16"/><InteractionEvent Delta="null" EndDate="2014-11-25 10:30:27.552 JST" Interest="8.0" Kind="selection" Navigation="null" OriginId="org.eclipse.jdt.ui.CompilationUnitEditor" StartDate="2014-11-25 10:21:53.59 JST" StructureHandle="=CutPlanner_A/src&amp;lt;cp.main{DeviceListActv.java[DeviceListActv~_Bluetooth" StructureKind="java" NumEvents="8" CreationCount="127"/><InteractionEvent Delta="null" EndDate="2014-11-25 10:30:28.567 JST" Interest="55.0" Kind="edit" Navigation="null" OriginId="org.eclipse.jdt.ui.CompilationUnitEditor" StartDate="2014-11-25 10:21:53.69 JST" StructureHandle="=CutPlanner_A/src&amp;lt;cp.main{DeviceListActv.java[DeviceListActv~_Bluetooth" StructureKind="java" NumEvents="55" CreationCount="127"/><InteractionEvent Delta="null" EndDate="2014-11-25 10:28:26.943 JST" Interest="5.1" Kind="propagation" Navigation="org.eclipse.mylyn.core.model.edges.containment" OriginId="org.eclipse.mylyn.core.model.interest.propagation" StartDate="2014-11-25 10:22:48.607 JST" StructureHandle="=BluetoothSample/src&amp;lt;org.japan.techbooster.sample.BlueTooth{DeviceListActivity.java[DeviceListActivity~onCreate~QBundle;[" StructureKind="java" NumEvents="6" CreationCount="159"/><InteractionEvent Delta="null" EndDate="2014-11-25 10:28:29.595 JST" Interest="1.0" Kind="selection" Navigation="null" OriginId="org.eclipse.jdt.ui.CompilationUnitEditor" StartDate="2014-11-25 10:28:29.595 JST" StructureHandle="=BluetoothSample/src&amp;lt;org.japan.techbooster.sample.BlueTooth{DeviceListActivity.java[DeviceListActivity~onCreate~QBundle;[" StructureKind="java"/><InteractionEvent Delta="null" EndDate="2014-11-25 10:41:30.687 JST" Interest="1.0" Kind="selection" Navigation="null" OriginId="org.eclipse.jdt.ui.PackageExplorer" StartDate="2014-11-25 10:41:30.687 JST" StructureHandle="=CutPlanner_A/src&amp;lt;cp.utils{ReadWriteModel.java" StructureKind="java"/><InteractionEvent Delta="null" EndDate="2014-11-25 11:19:33.455 JST" Interest="2595.0342" Kind="propagation" Navigation="null" OriginId="com.android.ide.eclipse.editors.manifest.ManifestEditor" StartDate="2014-11-25 10:01:35.255 JST" StructureHandle="/" StructureKind="resource" NumEvents="2608" CreationCount="1"/><InteractionEvent Delta="null" EndDate="2014-11-25 10:14:49.960 JST" Interest="2.0" Kind="selection" Navigation="null" OriginId="org.eclipse.jdt.ui.CompilationUnitEditor" StartDate="2014-11-25 10:14:43.137 JST" StructureHandle="=CutPlanner_A/src&amp;lt;cp.main{BluetoothClientThread.java[BluetoothClientThread~run" StructureKind="java" NumEvents="2" CreationCount="50"/><InteractionEvent Delta="null" EndDate="2014-11-25 10:14:53.468 JST" Interest="2.0" Kind="edit" Navigation="null" OriginId="org.eclipse.jdt.ui.CompilationUnitEditor" StartDate="2014-11-25 10:14:46.620 JST" StructureHandle="=CutPlanner_A/src&amp;lt;cp.main{BluetoothClientThread.java[BluetoothClientThread~run" StructureKind="java" NumEvents="2" CreationCount="50"/><InteractionEvent Delta="null" EndDate="2014-11-25 10:21:43.466 JST" Interest="3.0" Kind="selection" Navigation="null" OriginId="org.eclipse.jdt.ui.CompilationUnitEditor" StartDate="2014-11-25 10:21:35.624 JST" StructureHandle="=CutPlanner_A/src&amp;lt;cp.main{DeviceListActv.java[DeviceListActv^REQUEST_CODE_DISCOEVERABLE" StructureKind="java" NumEvents="3" CreationCount="118"/><InteractionEvent Delta="null" EndDate="2014-11-25 10:04:55.986 JST" Interest="1.0" Kind="selection" Navigation="null" OriginId="org.eclipse.jdt.ui.CompilationUnitEditor" StartDate="2014-11-25 10:04:55.986 JST" StructureHandle="=CutPlanner_A/src&amp;lt;cp.main{BluetoothClientThread.java[BluetoothClientThread~BluetoothClientThread~QContext;~QString;~QBluetoothDevice;~QBluetoothAdapter;" StructureKind="java"/><InteractionEvent Delta="null" EndDate="2014-11-25 11:12:10.915 JST" Interest="2409.0" Kind="propagation" Navigation="org.eclipse.mylyn.core.model.edges.containment" OriginId="org.eclipse.mylyn.core.model.interest.propagation" StartDate="2014-11-25 10:01:41.907 JST" StructureHandle="/CutPlanner_A/src/cp" StructureKind="resource" NumEvents="2409" CreationCount="3"/><InteractionEvent Delta="null" EndDate="2014-11-25 10:28:33.451 JST" Interest="4.0" Kind="selection" Navigation="null" OriginId="org.eclipse.jdt.ui.CompilationUnitEditor" StartDate="2014-11-25 10:22:48.607 JST" StructureHandle="=BluetoothSample/src&amp;lt;org.japan.techbooster.sample.BlueTooth{DeviceListActivity.java[DeviceListActivity~onCreate~QBundle;[~onItemClick~QAdapterView\&amp;lt;*&amp;gt;;~QView;~I~J" StructureKind="java" NumEvents="4" CreationCount="159"/><InteractionEvent Delta="null" EndDate="2014-11-25 10:28:26.943 JST" Interest="3.0" Kind="edit" Navigation="null" OriginId="org.eclipse.jdt.ui.CompilationUnitEditor" StartDate="2014-11-25 10:23:01.78 JST" StructureHandle="=BluetoothSample/src&amp;lt;org.japan.techbooster.sample.BlueTooth{DeviceListActivity.java[DeviceListActivity~onCreate~QBundle;[~onItemClick~QAdapterView\&amp;lt;*&amp;gt;;~QView;~I~J" StructureKind="java" NumEvents="3" CreationCount="159"/><InteractionEvent Delta="null" EndDate="2014-11-25 10:41:38.660 JST" Interest="35.1" Kind="propagation" Navigation="org.eclipse.mylyn.core.model.edges.containment" OriginId="org.eclipse.mylyn.core.model.interest.propagation" StartDate="2014-11-25 10:02:23.614 JST" StructureHandle="=BluetoothSample/src" StructureKind="java" NumEvents="61" CreationCount="8"/><InteractionEvent Delta="null" EndDate="2014-11-25 10:02:23.4 JST" Interest="1.0" Kind="selection" Navigation="null" OriginId="org.eclipse.ui.views.ResourceNavigator" StartDate="2014-11-25 10:02:23.4 JST" StructureHandle="=BluetoothSample/src" StructureKind="java"/><InteractionEvent Delta="null" EndDate="2014-11-25 10:20:43.460 JST" Interest="1.0" Kind="selection" Navigation="null" OriginId="org.eclipse.jdt.ui.CompilationUnitEditor" StartDate="2014-11-25 10:20:43.460 JST" StructureHandle="=BluetoothSample/src&amp;lt;org.japan.techbooster.sample.BlueTooth{DeviceListActivity.java[DeviceListActivity^foundDeviceList" StructureKind="java"/><InteractionEvent Delta="null" EndDate="2014-11-25 11:24:13.342 JST" Interest="62.223" Kind="propagation" Navigation="org.eclipse.mylyn.core.model.edges.containment" OriginId="org.eclipse.mylyn.core.model.interest.propagation" StartDate="2014-11-25 11:00:20.953 JST" StructureHandle="=CutPlanner_A/src&amp;lt;cp.utils{BluetoothClientThread.java[BluetoothClientThread" StructureKind="java" NumEvents="90" CreationCount="2173"/><InteractionEvent Delta="null" EndDate="2014-11-25 11:00:56.677 JST" Interest="2.0" Kind="selection" Navigation="null" OriginId="org.eclipse.jdt.ui.CompilationUnitEditor" StartDate="2014-11-25 11:00:16.867 JST" StructureHandle="=CutPlanner_A/src&amp;lt;cp.utils{BluetoothClientThread.java[BluetoothClientThread" StructureKind="java" NumEvents="2" CreationCount="2173"/><InteractionEvent Delta="null" EndDate="2014-11-25 11:11:56.984 JST" Interest="360.47403" Kind="propagation" Navigation="org.eclipse.mylyn.core.model.edges.containment" OriginId="org.eclipse.mylyn.core.model.interest.propagation" StartDate="2014-11-25 10:02:41.293 JST" StructureHandle="=CutPlanner_A/src&amp;lt;cp.main" StructureKind="java" NumEvents="542" CreationCount="3"/><InteractionEvent Delta="null" EndDate="2014-11-25 10:03:55.243 JST" Interest="4.0" Kind="selection" Navigation="null" OriginId="org.eclipse.jdt.ui.PackageExplorer" StartDate="2014-11-25 10:01:41.907 JST" StructureHandle="=CutPlanner_A/src&amp;lt;cp.main" StructureKind="java" NumEvents="4" CreationCount="3"/><InteractionEvent Delta="null" EndDate="2014-11-25 10:04:20.239 JST" Interest="1.0" Kind="selection" Navigation="null" OriginId="org.eclipse.jdt.ui.CompilationUnitEditor" StartDate="2014-11-25 10:04:20.239 JST" StructureHandle="=CutPlanner_A/src&amp;lt;cp.main{ReadWriteModel.java#java.net.Socket" StructureKind="java"/><InteractionEvent Delta="null" EndDate="2014-11-25 11:12:10.243 JST" Interest="169.44499" Kind="propagation" Navigation="org.eclipse.mylyn.core.model.edges.containment" OriginId="org.eclipse.mylyn.core.model.interest.propagation" StartDate="2014-11-25 11:09:48.980 JST" StructureHandle="=CutPlanner_A/src&amp;lt;cp.main{DeviceListActv.java[DeviceListActv^DevieFoundReceiver[" StructureKind="java" NumEvents="14" CreationCount="2672"/><InteractionEvent Delta="null" EndDate="2014-11-25 10:02:23.613 JST" Interest="1.0" Kind="selection" Navigation="null" OriginId="org.eclipse.ui.views.ResourceNavigator" StartDate="2014-11-25 10:02:23.613 JST" StructureHandle="=BluetoothSample/src&amp;lt;org" StructureKind="java"/><InteractionEvent Delta="null" EndDate="2014-11-25 11:19:29.773 JST" Interest="2.0" Kind="selection" Navigation="null" OriginId="com.android.ide.eclipse.editors.manifest.ManifestEditor" StartDate="2014-11-25 11:19:29.481 JST" StructureHandle="/CP_tablet/AndroidManifest.xml" StructureKind="resource" NumEvents="2" CreationCount="2738"/><InteractionEvent Delta="null" EndDate="2014-11-25 11:19:33.455 JST" Interest="2.0" Kind="edit" Navigation="null" OriginId="com.android.ide.eclipse.editors.manifest.ManifestEditor" StartDate="2014-11-25 11:19:31.378 JST" StructureHandle="/CP_tablet/AndroidManifest.xml" StructureKind="resource" NumEvents="2" CreationCount="2738"/><InteractionEvent Delta="null" EndDate="2014-11-25 11:09:08.330 JST" Interest="318.453" Kind="propagation" Navigation="org.eclipse.mylyn.core.model.edges.containment" OriginId="org.eclipse.mylyn.core.model.interest.propagation" StartDate="2014-11-25 10:21:39.70 JST" StructureHandle="=CutPlanner_A/src&amp;lt;cp.main{DeviceListActv.java" StructureKind="java" NumEvents="469" CreationCount="116"/><InteractionEvent Delta="null" EndDate="2014-11-25 11:09:53.459 JST" Interest="35.0" Kind="selection" Navigation="null" OriginId="org.eclipse.jdt.ui.CompilationUnitEditor" StartDate="2014-11-25 10:21:32.212 JST" StructureHandle="=CutPlanner_A/src&amp;lt;cp.main{DeviceListActv.java" StructureKind="java" NumEvents="35" CreationCount="116"/><InteractionEvent Delta="null" EndDate="2014-11-25 10:36:52.62 JST" Interest="13.0" Kind="edit" Navigation="null" OriginId="org.eclipse.jdt.ui.CompilationUnitEditor" StartDate="2014-11-25 10:23:34.121 JST" StructureHandle="=CutPlanner_A/src&amp;lt;cp.main{DeviceListActv.java" StructureKind="java" NumEvents="13" CreationCount="116"/><InteractionEvent Delta="null" EndDate="2014-11-25 10:03:48.257 JST" Interest="2.0" Kind="selection" Navigation="null" OriginId="org.eclipse.ui.views.ResourceNavigator" StartDate="2014-11-25 10:03:18.329 JST" StructureHandle="=BluetoothSample/src&amp;lt;org.japan.techbooster.sample.BlueTooth{ReadWriteModel.java" StructureKind="java" NumEvents="2" CreationCount="23"/><InteractionEvent Delta="null" EndDate="2014-11-25 11:04:54.921 JST" Interest="19.265001" Kind="propagation" Navigation="org.eclipse.mylyn.core.model.edges.containment" OriginId="org.eclipse.mylyn.core.model.interest.propagation" StartDate="2014-11-25 10:49:08.755 JST" StructureHandle="=CutPlanner_A/src&amp;lt;cp.utils{CONS.java[CONS[BT" StructureKind="java" NumEvents="6" CreationCount="201"/><InteractionEvent Delta="null" EndDate="2014-11-25 10:35:54.248 JST" Interest="6.0" Kind="selection" Navigation="null" OriginId="org.eclipse.jdt.ui.CompilationUnitEditor" StartDate="2014-11-25 10:24:04.720 JST" StructureHandle="=CutPlanner_A/src&amp;lt;cp.utils{CONS.java[CONS[BT" StructureKind="java" NumEvents="6" CreationCount="201"/><InteractionEvent Delta="null" EndDate="2014-11-25 10:35:55.639 JST" Interest="15.0" Kind="edit" Navigation="null" OriginId="org.eclipse.jdt.ui.CompilationUnitEditor" StartDate="2014-11-25 10:24:04.850 JST" StructureHandle="=CutPlanner_A/src&amp;lt;cp.utils{CONS.java[CONS[BT" StructureKind="java" NumEvents="15" CreationCount="201"/><InteractionEvent Delta="null" EndDate="2014-11-25 10:56:37.232 JST" Interest="1.0" Kind="selection" Navigation="null" OriginId="org.eclipse.jdt.ui.CompilationUnitEditor" StartDate="2014-11-25 10:56:37.232 JST" StructureHandle="=CutPlanner_A/src&amp;lt;cp.main{DeviceListActv.java[DeviceListActv^registered" StructureKind="java"/><InteractionEvent Delta="null" EndDate="2014-11-25 10:56:41.551 JST" Interest="19.0" Kind="edit" Navigation="null" OriginId="org.eclipse.jdt.ui.CompilationUnitEditor" StartDate="2014-11-25 10:56:37.237 JST" StructureHandle="=CutPlanner_A/src&amp;lt;cp.main{DeviceListActv.java[DeviceListActv^registered" StructureKind="java" NumEvents="19" CreationCount="1987"/><InteractionEvent Delta="null" EndDate="2014-11-25 10:26:04.763 JST" Interest="2.0" Kind="selection" Navigation="null" OriginId="org.eclipse.jdt.ui.CompilationUnitEditor" StartDate="2014-11-25 10:24:18.130 JST" StructureHandle="=CutPlanner_A/src&amp;lt;cp.utils{CONS.java[CONS[BT^myNumber" StructureKind="java" NumEvents="2" CreationCount="219"/><InteractionEvent Delta="null" EndDate="2014-11-25 10:27:25.535 JST" Interest="2.0" Kind="edit" Navigation="null" OriginId="org.eclipse.jdt.ui.CompilationUnitEditor" StartDate="2014-11-25 10:24:18.143 JST" StructureHandle="=CutPlanner_A/src&amp;lt;cp.utils{CONS.java[CONS[BT^myNumber" StructureKind="java" NumEvents="2" CreationCount="219"/><InteractionEvent Delta="null" EndDate="2014-11-25 11:04:47.508 JST" Interest="1.7169971" Kind="propagation" Navigation="org.eclipse.mylyn.core.model.edges.containment" OriginId="org.eclipse.mylyn.core.model.interest.propagation" StartDate="2014-11-25 11:03:48.661 JST" StructureHandle="=CutPlanner_A/src&amp;lt;cp.main{MainActv.java" StructureKind="java" NumEvents="4" CreationCount="69"/><InteractionEvent Delta="null" EndDate="2014-11-25 11:03:48.535 JST" Interest="10.0" Kind="selection" Navigation="null" OriginId="org.eclipse.jdt.ui.CompilationUnitEditor" StartDate="2014-11-25 10:15:19.75 JST" StructureHandle="=CutPlanner_A/src&amp;lt;cp.main{MainActv.java" StructureKind="java" NumEvents="10" CreationCount="69"/><InteractionEvent Delta="null" EndDate="2014-11-25 11:03:48.535 JST" Interest="27.890003" Kind="manipulation" Navigation="null" OriginId="org.eclipse.mylyn.core.model.interest.decay.correction" StartDate="2014-11-25 10:41:33.913 JST" StructureHandle="=CutPlanner_A/src&amp;lt;cp.main{MainActv.java" StructureKind="java" NumEvents="3" CreationCount="69"/><InteractionEvent Delta="null" EndDate="2014-11-25 11:20:07.718 JST" Interest="12.0" Kind="prediction" Navigation="null" OriginId="org.eclipse.mylyn.resources.ui.interest.updater" StartDate="2014-11-25 10:25:11.93 JST" StructureHandle="/CutPlanner_A/bin/CutPlanner_A.apk" StructureKind="resource" NumEvents="12" CreationCount="260"/><InteractionEvent Delta="null" EndDate="2014-11-25 11:19:33.455 JST" Interest="5.0" Kind="propagation" Navigation="null" OriginId="com.android.ide.eclipse.editors.manifest.ManifestEditor" StartDate="2014-11-25 11:19:25.187 JST" StructureHandle="/CP_tablet" StructureKind="resource" NumEvents="5" CreationCount="2737"/><InteractionEvent Delta="null" EndDate="2014-11-25 11:09:56.18 JST" Interest="4.0" Kind="selection" Navigation="null" OriginId="org.eclipse.jdt.ui.CompilationUnitEditor" StartDate="2014-11-25 10:36:56.687 JST" StructureHandle="=CutPlanner_A/src&amp;lt;cp.main{DeviceListActv.java[DeviceListActv^mContext" StructureKind="java" NumEvents="4" CreationCount="702"/><InteractionEvent Delta="null" EndDate="2014-11-25 11:09:56.19 JST" Interest="27.024002" Kind="manipulation" Navigation="null" OriginId="org.eclipse.mylyn.core.model.interest.decay.correction" StartDate="2014-11-25 11:00:09.830 JST" StructureHandle="=CutPlanner_A/src&amp;lt;cp.main{DeviceListActv.java[DeviceListActv^mContext" StructureKind="java" NumEvents="2" CreationCount="702"/><InteractionEvent Delta="null" EndDate="2014-11-25 11:00:09.846 JST" Interest="5.0" Kind="edit" Navigation="null" OriginId="org.eclipse.jdt.ui.CompilationUnitEditor" StartDate="2014-11-25 10:36:56.693 JST" StructureHandle="=CutPlanner_A/src&amp;lt;cp.main{DeviceListActv.java[DeviceListActv^mContext" StructureKind="java" NumEvents="5" CreationCount="702"/><InteractionEvent Delta="null" EndDate="2014-11-25 10:31:38.971 JST" Interest="1.0" Kind="selection" Navigation="null" OriginId="org.eclipse.jdt.ui.CompilationUnitEditor" StartDate="2014-11-25 10:31:38.971 JST" StructureHandle="=CutPlanner_A/src&amp;lt;cp.main{DeviceListActv.java[DeviceListActv^mBtAdapter" StructureKind="java"/><InteractionEvent Delta="null" EndDate="2014-11-25 10:31:38.997 JST" Interest="1.0" Kind="edit" Navigation="null" OriginId="org.eclipse.jdt.ui.CompilationUnitEditor" StartDate="2014-11-25 10:31:38.997 JST" StructureHandle="=CutPlanner_A/src&amp;lt;cp.main{DeviceListActv.java[DeviceListActv^mBtAdapter" StructureKind="java"/><InteractionEvent Delta="null" EndDate="2014-11-25 10:14:46.620 JST" Interest="1.717" Kind="propagation" Navigation="org.eclipse.mylyn.core.model.edges.containment" OriginId="org.eclipse.mylyn.core.model.interest.propagation" StartDate="2014-11-25 10:04:55.987 JST" StructureHandle="=CutPlanner_A/src&amp;lt;cp.main{BluetoothClientThread.java[BluetoothClientThread" StructureKind="java" NumEvents="3" CreationCount="49"/><InteractionEvent Delta="null" EndDate="2014-11-25 10:14:48.668 JST" Interest="2.0" Kind="selection" Navigation="null" OriginId="org.eclipse.jdt.ui.CompilationUnitEditor" StartDate="2014-11-25 10:14:47.289 JST" StructureHandle="=CutPlanner_A/src&amp;lt;cp.main{BluetoothClientThread.java[BluetoothClientThread" StructureKind="java" NumEvents="2" CreationCount="49"/><InteractionEvent Delta="null" EndDate="2014-11-25 10:41:38.659 JST" Interest="106.118996" Kind="propagation" Navigation="org.eclipse.mylyn.core.model.edges.containment" OriginId="org.eclipse.mylyn.core.model.interest.propagation" StartDate="2014-11-25 10:02:23.5 JST" StructureHandle="/BluetoothSample/src" StructureKind="resource" NumEvents="114" CreationCount="8"/><InteractionEvent Delta="null" EndDate="2014-11-25 11:07:42.795 JST" Interest="15.0" Kind="selection" Navigation="null" OriginId="org.eclipse.jdt.ui.CompilationUnitEditor" StartDate="2014-11-25 10:33:50.614 JST" StructureHandle="=CutPlanner_A/src&amp;lt;cp.main{DeviceListActv.java[DeviceListActv~onResume" StructureKind="java" NumEvents="15" CreationCount="553"/><InteractionEvent Delta="null" EndDate="2014-11-25 10:47:25.522 JST" Interest="1.2550011" Kind="manipulation" Navigation="null" OriginId="org.eclipse.mylyn.core.model.interest.decay.correction" StartDate="2014-11-25 10:47:25.522 JST" StructureHandle="=CutPlanner_A/src&amp;lt;cp.main{DeviceListActv.java[DeviceListActv~onResume" StructureKind="java"/><InteractionEvent Delta="null" EndDate="2014-11-25 11:07:42.812 JST" Interest="221.0" Kind="edit" Navigation="null" OriginId="org.eclipse.jdt.ui.CompilationUnitEditor" StartDate="2014-11-25 10:33:50.626 JST" StructureHandle="=CutPlanner_A/src&amp;lt;cp.main{DeviceListActv.java[DeviceListActv~onResume" StructureKind="java" NumEvents="221" CreationCount="553"/><InteractionEvent Delta="null" EndDate="2014-11-25 10:26:08.793 JST" Interest="1.204" Kind="propagation" Navigation="org.eclipse.mylyn.core.model.edges.containment" OriginId="org.eclipse.mylyn.core.model.interest.propagation" StartDate="2014-11-25 10:25:11.93 JST" StructureHandle="/CutPlanner_A/bin" StructureKind="resource" NumEvents="3" CreationCount="260"/><InteractionEvent Delta="null" EndDate="2014-11-25 11:11:56.985 JST" Interest="363.49106" Kind="propagation" Navigation="org.eclipse.mylyn.core.model.edges.containment" OriginId="org.eclipse.mylyn.core.model.interest.propagation" StartDate="2014-11-25 10:01:41.908 JST" StructureHandle="=CutPlanner_A/src" StructureKind="java" NumEvents="569" CreationCount="2"/><InteractionEvent Delta="null" EndDate="2014-11-25 10:01:39.212 JST" Interest="1.0" Kind="selection" Navigation="null" OriginId="org.eclipse.jdt.ui.PackageExplorer" StartDate="2014-11-25 10:01:39.212 JST" StructureHandle="=CutPlanner_A/src" StructureKind="java"/><InteractionEvent Delta="null" EndDate="2014-11-25 10:41:38.660 JST" Interest="35.015" Kind="propagation" Navigation="org.eclipse.mylyn.core.model.edges.containment" OriginId="org.eclipse.mylyn.core.model.interest.propagation" StartDate="2014-11-25 10:02:24.895 JST" StructureHandle="=BluetoothSample/src&amp;lt;org.japan.techbooster.sample.BlueTooth" StructureKind="java" NumEvents="58" CreationCount="13"/><InteractionEvent Delta="null" EndDate="2014-11-25 10:02:24.825 JST" Interest="1.0" Kind="selection" Navigation="null" OriginId="org.eclipse.ui.views.ResourceNavigator" StartDate="2014-11-25 10:02:24.825 JST" StructureHandle="=BluetoothSample/src&amp;lt;org.japan.techbooster.sample.BlueTooth" StructureKind="java"/><InteractionEvent Delta="null" EndDate="2014-11-25 10:29:51.931 JST" Interest="24.717001" Kind="propagation" Navigation="org.eclipse.mylyn.core.model.edges.containment" OriginId="org.eclipse.mylyn.core.model.interest.propagation" StartDate="2014-11-25 10:20:43.460 JST" StructureHandle="=BluetoothSample/src&amp;lt;org.japan.techbooster.sample.BlueTooth{DeviceListActivity.java[DeviceListActivity" StructureKind="java" NumEvents="32" CreationCount="107"/><InteractionEvent Delta="null" EndDate="2014-11-25 10:41:38.658 JST" Interest="7.0" Kind="selection" Navigation="null" OriginId="org.eclipse.jdt.ui.CompilationUnitEditor" StartDate="2014-11-25 10:23:02.916 JST" StructureHandle="=BluetoothSample/src&amp;lt;org.japan.techbooster.sample.BlueTooth{DeviceListActivity.java[DeviceListActivity" StructureKind="java" NumEvents="7" CreationCount="107"/><InteractionEvent Delta="null" EndDate="2014-11-25 10:31:15.912 JST" Interest="1.0" Kind="edit" Navigation="null" OriginId="org.eclipse.jdt.ui.CompilationUnitEditor" StartDate="2014-11-25 10:31:15.912 JST" StructureHandle="=BluetoothSample/src&amp;lt;org.japan.techbooster.sample.BlueTooth{DeviceListActivity.java[DeviceListActivity" StructureKind="java"/><InteractionEvent Delta="null" EndDate="2014-11-25 10:02:53.107 JST" Interest="1.0" Kind="selection" Navigation="null" OriginId="org.eclipse.jdt.ui.CompilationUnitEditor" StartDate="2014-11-25 10:02:53.107 JST" StructureHandle="=CutPlanner_A/src&amp;lt;cp.main{BluetoothServerThread.java#java.io.IOException" StructureKind="java"/><InteractionEvent Delta="null" EndDate="2014-11-25 10:04:24.269 JST" Interest="9.0" Kind="propagation" Navigation="null" OriginId="org.eclipse.jdt.ui.CompilationUnitEditor" StartDate="2014-11-25 10:02:39.982 JST" StructureHandle="/CutPlanner_A/src/cp/main/BluetoothServerThread.java" StructureKind="resource" NumEvents="9" CreationCount="16"/><InteractionEvent Delta="null" EndDate="2014-11-25 10:15:43.553 JST" Interest="3.0" Kind="selection" Navigation="null" OriginId="org.eclipse.ui.views.ResourceNavigator" StartDate="2014-11-25 10:02:24.894 JST" StructureHandle="=BluetoothSample/src&amp;lt;org.japan.techbooster.sample.BlueTooth{BluetoothClientThread.java" StructureKind="java" NumEvents="3" CreationCount="14"/><InteractionEvent Delta="null" EndDate="2014-11-25 10:02:24.761 JST" Interest="1.0" Kind="selection" Navigation="null" OriginId="org.eclipse.ui.views.ResourceNavigator" StartDate="2014-11-25 10:02:24.761 JST" StructureHandle="=BluetoothSample/src&amp;lt;org.japan.techbooster.sample" StructureKind="java"/><InteractionEvent Delta="null" EndDate="2014-11-25 10:02:53.108 JST" Interest="1.0" Kind="propagation" Navigation="org.eclipse.mylyn.core.model.edges.containment" OriginId="org.eclipse.mylyn.core.model.interest.propagation" StartDate="2014-11-25 10:02:53.108 JST" StructureHandle="=CutPlanner_A/src&amp;lt;cp.main{BluetoothServerThread.java#" StructureKind="java"/><InteractionEvent Delta="null" EndDate="2014-11-25 11:04:54.921 JST" Interest="35.765" Kind="propagation" Navigation="org.eclipse.mylyn.core.model.edges.containment" OriginId="org.eclipse.mylyn.core.model.interest.propagation" StartDate="2014-11-25 10:24:04.721 JST" StructureHandle="=CutPlanner_A/src&amp;lt;cp.utils{CONS.java[CONS" StructureKind="java" NumEvents="27" CreationCount="201"/><InteractionEvent Delta="null" EndDate="2014-11-25 10:28:37.383 JST" Interest="6.0" Kind="selection" Navigation="null" OriginId="org.eclipse.jdt.ui.CompilationUnitEditor" StartDate="2014-11-25 10:23:18.26 JST" StructureHandle="=CutPlanner_A/src&amp;lt;cp.main{DeviceListActv.java[DeviceListActv~_Setup_Telephony" StructureKind="java" NumEvents="6" CreationCount="169"/><InteractionEvent Delta="null" EndDate="2014-11-25 10:25:03.137 JST" Interest="42.0" Kind="edit" Navigation="null" OriginId="org.eclipse.jdt.ui.CompilationUnitEditor" StartDate="2014-11-25 10:23:18.92 JST" StructureHandle="=CutPlanner_A/src&amp;lt;cp.main{DeviceListActv.java[DeviceListActv~_Setup_Telephony" StructureKind="java" NumEvents="42" CreationCount="169"/><InteractionEvent Delta="null" EndDate="2014-11-25 10:35:46.152 JST" Interest="1.0" Kind="selection" Navigation="null" OriginId="org.eclipse.jdt.ui.CompilationUnitEditor" StartDate="2014-11-25 10:35:46.152 JST" StructureHandle="=CutPlanner_A/src&amp;lt;cp.utils{CONS.java[CONS[MoveMode" StructureKind="java"/><InteractionEvent Delta="null" EndDate="2014-11-25 10:30:04.908 JST" Interest="3.0" Kind="selection" Navigation="null" OriginId="org.eclipse.jdt.ui.CompilationUnitEditor" StartDate="2014-11-25 10:23:03.667 JST" StructureHandle="=BluetoothSample/src&amp;lt;org.japan.techbooster.sample.BlueTooth{DeviceListActivity.java[DeviceListActivity~onResume" StructureKind="java" NumEvents="3" CreationCount="164"/><InteractionEvent Delta="null" EndDate="2014-11-25 10:30:04.908 JST" Interest="1.6380002" Kind="manipulation" Navigation="null" OriginId="org.eclipse.mylyn.core.model.interest.decay.correction" StartDate="2014-11-25 10:30:04.908 JST" StructureHandle="=BluetoothSample/src&amp;lt;org.japan.techbooster.sample.BlueTooth{DeviceListActivity.java[DeviceListActivity~onResume" StructureKind="java"/><InteractionEvent Delta="null" EndDate="2014-11-25 10:35:54.231 JST" Interest="3.0" Kind="propagation" Navigation="org.eclipse.mylyn.core.model.edges.containment" OriginId="org.eclipse.mylyn.core.model.interest.propagation" StartDate="2014-11-25 10:35:50.119 JST" StructureHandle="=CutPlanner_A/src&amp;lt;cp.utils{CONS.java[CONS[Intent" StructureKind="java" NumEvents="3" CreationCount="640"/><InteractionEvent Delta="null" EndDate="2014-11-25 10:58:35.306 JST" Interest="220.319" Kind="propagation" Navigation="org.eclipse.mylyn.core.model.edges.containment" OriginId="org.eclipse.mylyn.core.model.interest.propagation" StartDate="2014-11-25 10:21:35.624 JST" StructureHandle="=CutPlanner_A/src&amp;lt;cp.main{DeviceListActv.java[DeviceListActv" StructureKind="java" NumEvents="313" CreationCount="118"/><InteractionEvent Delta="null" EndDate="2014-11-25 11:09:08.329 JST" Interest="39.0" Kind="selection" Navigation="null" OriginId="org.eclipse.jdt.ui.CompilationUnitEditor" StartDate="2014-11-25 10:28:50.254 JST" StructureHandle="=CutPlanner_A/src&amp;lt;cp.main{DeviceListActv.java[DeviceListActv" StructureKind="java" NumEvents="39" CreationCount="118"/><InteractionEvent Delta="null" EndDate="2014-11-25 11:04:58.102 JST" Interest="146.0" Kind="edit" Navigation="null" OriginId="org.eclipse.jdt.ui.CompilationUnitEditor" StartDate="2014-11-25 10:28:50.259 JST" StructureHandle="=CutPlanner_A/src&amp;lt;cp.main{DeviceListActv.java[DeviceListActv" StructureKind="java" NumEvents="146" CreationCount="118"/><InteractionEvent Delta="null" EndDate="2014-11-25 11:04:54.921 JST" Interest="70.0" Kind="propagation" Navigation="null" OriginId="org.eclipse.jdt.ui.CompilationUnitEditor" StartDate="2014-11-25 10:23:59.624 JST" StructureHandle="/CutPlanner_A/src/cp/utils/CONS.java" StructureKind="resource" NumEvents="70" CreationCount="198"/><InteractionEvent Delta="null" EndDate="2014-11-25 10:32:34.365 JST" Interest="3.8020003" Kind="propagation" Navigation="org.eclipse.mylyn.core.model.edges.containment" OriginId="org.eclipse.mylyn.core.model.interest.propagation" StartDate="2014-11-25 10:22:26.882 JST" StructureHandle="=CutPlanner_A/src&amp;lt;cp.main{DeviceListActv.java#" StructureKind="java" NumEvents="6" CreationCount="143"/><InteractionEvent Delta="null" EndDate="2014-11-25 10:32:36.346 JST" Interest="4.0" Kind="selection" Navigation="null" OriginId="org.eclipse.jdt.ui.CompilationUnitEditor" StartDate="2014-11-25 10:31:32.964 JST" StructureHandle="=CutPlanner_A/src&amp;lt;cp.main{DeviceListActv.java#" StructureKind="java" NumEvents="4" CreationCount="143"/><InteractionEvent Delta="null" EndDate="2014-11-25 10:31:32.964 JST" Interest="2.012" Kind="manipulation" Navigation="null" OriginId="org.eclipse.mylyn.core.model.interest.decay.correction" StartDate="2014-11-25 10:31:32.964 JST" StructureHandle="=CutPlanner_A/src&amp;lt;cp.main{DeviceListActv.java#" StructureKind="java"/><InteractionEvent Delta="null" EndDate="2014-11-25 10:02:24.705 JST" Interest="1.0" Kind="selection" Navigation="null" OriginId="org.eclipse.ui.views.ResourceNavigator" StartDate="2014-11-25 10:02:24.705 JST" StructureHandle="=BluetoothSample/src&amp;lt;org.japan.techbooster" StructureKind="java"/><InteractionEvent Delta="null" EndDate="2014-11-25 10:02:24.169 JST" Interest="1.0" Kind="selection" Navigation="null" OriginId="org.eclipse.ui.views.ResourceNavigator" StartDate="2014-11-25 10:02:24.169 JST" StructureHandle="=BluetoothSample/src&amp;lt;org.japan" StructureKind="java"/><InteractionEvent Delta="null" EndDate="2014-11-25 10:15:37.859 JST" Interest="3.4" Kind="propagation" Navigation="org.eclipse.mylyn.core.model.edges.containment" OriginId="org.eclipse.mylyn.core.model.interest.propagation" StartDate="2014-11-25 10:14:59.938 JST" StructureHandle="=CutPlanner_A/src&amp;lt;cp.main{StreamActivity.java[StreamActivity" StructureKind="java" NumEvents="4" CreationCount="59"/><InteractionEvent Delta="null" EndDate="2014-11-25 11:19:33.455 JST" Interest="2.4169998" Kind="propagation" Navigation="org.eclipse.mylyn.core.model.edges.containment" OriginId="org.eclipse.mylyn.core.model.interest.propagation" StartDate="2014-11-25 11:19:29.481 JST" StructureHandle="=CP_tablet" StructureKind="java" NumEvents="4" CreationCount="2737"/><InteractionEvent Delta="null" EndDate="2014-11-25 11:19:25.187 JST" Interest="1.0" Kind="selection" Navigation="null" OriginId="org.eclipse.ui.views.ResourceNavigator" StartDate="2014-11-25 11:19:25.187 JST" StructureHandle="=CP_tablet" StructureKind="java"/><InteractionEvent Delta="null" EndDate="2014-11-25 10:41:38.659 JST" Interest="106.06799" Kind="propagation" Navigation="org.eclipse.mylyn.core.model.edges.containment" OriginId="org.eclipse.mylyn.core.model.interest.propagation" StartDate="2014-11-25 10:02:24.706 JST" StructureHandle="/BluetoothSample/src/org/japan/techbooster" StructureKind="resource" NumEvents="111" CreationCount="11"/><InteractionEvent Delta="null" EndDate="2014-11-25 11:03:56.687 JST" Interest="3.0" Kind="selection" Navigation="null" OriginId="org.eclipse.jdt.ui.CompilationUnitEditor" StartDate="2014-11-25 10:41:46.331 JST" StructureHandle="=CutPlanner_A/src&amp;lt;cp.main{MainActv.java[MainActv~onActivityResult~I~I~QIntent;" StructureKind="java" NumEvents="3" CreationCount="853"/><InteractionEvent Delta="null" EndDate="2014-11-25 11:03:48.660 JST" Interest="21.879" Kind="manipulation" Navigation="null" OriginId="org.eclipse.mylyn.core.model.interest.decay.correction" StartDate="2014-11-25 11:03:48.660 JST" StructureHandle="=CutPlanner_A/src&amp;lt;cp.main{MainActv.java[MainActv~onActivityResult~I~I~QIntent;" StructureKind="java"/><InteractionEvent Delta="null" EndDate="2014-11-25 11:04:47.507 JST" Interest="2.0" Kind="edit" Navigation="null" OriginId="org.eclipse.jdt.ui.CompilationUnitEditor" StartDate="2014-11-25 10:41:49.336 JST" StructureHandle="=CutPlanner_A/src&amp;lt;cp.main{MainActv.java[MainActv~onActivityResult~I~I~QIntent;" StructureKind="java" NumEvents="2" CreationCount="853"/><InteractionEvent Delta="null" EndDate="2014-11-25 11:20:07.718 JST" Interest="12.0" Kind="prediction" Navigation="null" OriginId="org.eclipse.mylyn.resources.ui.interest.updater" StartDate="2014-11-25 10:25:11.93 JST" StructureHandle="/CutPlanner_A/bin/classes.dex" StructureKind="resource" NumEvents="12" CreationCount="260"/><InteractionEvent Delta="null" EndDate="2014-11-25 11:24:13.343 JST" Interest="187.017" Kind="propagation" Navigation="null" OriginId="org.eclipse.jdt.ui.CompilationUnitEditor" StartDate="2014-11-25 10:23:57.111 JST" StructureHandle="/CutPlanner_A/src/cp/utils" StructureKind="resource" NumEvents="188" CreationCount="197"/><InteractionEvent Delta="null" EndDate="2014-11-25 10:39:02.57 JST" Interest="4.0" Kind="selection" Navigation="null" OriginId="org.eclipse.jdt.ui.CompilationUnitEditor" StartDate="2014-11-25 10:33:52.562 JST" StructureHandle="=CutPlanner_A/src&amp;lt;cp.main{DeviceListActv.java[DeviceListActv^DevieFoundReceiver[~onReceive~QContext;~QIntent;[~onItemClick~QAdapterView\&amp;lt;*&amp;gt;;~QView;~I~J" StructureKind="java" NumEvents="4" CreationCount="557"/><InteractionEvent Delta="null" EndDate="2014-11-25 10:39:02.65 JST" Interest="6.0" Kind="edit" Navigation="null" OriginId="org.eclipse.jdt.ui.CompilationUnitEditor" StartDate="2014-11-25 10:33:52.576 JST" StructureHandle="=CutPlanner_A/src&amp;lt;cp.main{DeviceListActv.java[DeviceListActv^DevieFoundReceiver[~onReceive~QContext;~QIntent;[~onItemClick~QAdapterView\&amp;lt;*&amp;gt;;~QView;~I~J" StructureKind="java" NumEvents="6" CreationCount="557"/><InteractionEvent Delta="null" EndDate="2014-11-25 11:24:13.343 JST" Interest="2594.017" Kind="propagation" Navigation="org.eclipse.mylyn.core.model.edges.containment" OriginId="org.eclipse.mylyn.core.model.interest.propagation" StartDate="2014-11-25 10:01:39.213 JST" StructureHandle="=CutPlanner_A" StructureKind="resource" NumEvents="2598" CreationCount="2"/><InteractionEvent Delta="null" EndDate="2014-11-25 10:02:13.71 JST" Interest="1.0" Kind="selection" Navigation="null" OriginId="org.eclipse.ui.views.ResourceNavigator" StartDate="2014-11-25 10:02:13.71 JST" StructureHandle="=CutPlanner_A" StructureKind="java"/><InteractionEvent Delta="null" EndDate="2014-11-25 11:24:13.343 JST" Interest="59.257" Kind="propagation" Navigation="org.eclipse.mylyn.core.model.edges.containment" OriginId="org.eclipse.mylyn.core.model.interest.propagation" StartDate="2014-11-25 11:00:25.790 JST" StructureHandle="=CutPlanner_A/src&amp;lt;cp.utils{BluetoothClientThread.java" StructureKind="java" NumEvents="87" CreationCount="2171"/><InteractionEvent Delta="null" EndDate="2014-11-25 11:20:17.320 JST" Interest="5.0" Kind="selection" Navigation="null" OriginId="org.eclipse.jdt.ui.CompilationUnitEditor" StartDate="2014-11-25 11:00:15.55 JST" StructureHandle="=CutPlanner_A/src&amp;lt;cp.utils{BluetoothClientThread.java" StructureKind="java" NumEvents="5" CreationCount="2171"/><InteractionEvent Delta="null" EndDate="2014-11-25 10:30:03.584 JST" Interest="12.0" Kind="selection" Navigation="null" OriginId="org.eclipse.jdt.ui.CompilationUnitEditor" StartDate="2014-11-25 10:20:45.915 JST" StructureHandle="=BluetoothSample/src&amp;lt;org.japan.techbooster.sample.BlueTooth{DeviceListActivity.java[DeviceListActivity~onCreate~QBundle;" StructureKind="java" NumEvents="12" CreationCount="108"/><InteractionEvent Delta="null" EndDate="2014-11-25 10:29:51.931 JST" Interest="21.0" Kind="edit" Navigation="null" OriginId="org.eclipse.jdt.ui.CompilationUnitEditor" StartDate="2014-11-25 10:20:47.740 JST" StructureHandle="=BluetoothSample/src&amp;lt;org.japan.techbooster.sample.BlueTooth{DeviceListActivity.java[DeviceListActivity~onCreate~QBundle;" StructureKind="java" NumEvents="21" CreationCount="108"/><InteractionEvent Delta="null" EndDate="2014-11-25 10:04:04.380 JST" Interest="1.0" Kind="propagation" Navigation="org.eclipse.mylyn.core.model.edges.containment" OriginId="org.eclipse.mylyn.core.model.interest.propagation" StartDate="2014-11-25 10:04:04.380 JST" StructureHandle="/NDKSample/libs/armeabi" StructureKind="resource"/><InteractionEvent Delta="null" EndDate="2014-11-25 11:07:51.49 JST" Interest="7.0" Kind="selection" Navigation="null" OriginId="org.eclipse.jdt.ui.CompilationUnitEditor" StartDate="2014-11-25 10:50:37.908 JST" StructureHandle="=CutPlanner_A/src&amp;lt;cp.main{DeviceListActv.java[DeviceListActv~onDestroy" StructureKind="java" NumEvents="7" CreationCount="1525"/><InteractionEvent Delta="null" EndDate="2014-11-25 10:58:35.306 JST" Interest="451.0" Kind="edit" Navigation="null" OriginId="org.eclipse.jdt.ui.CompilationUnitEditor" StartDate="2014-11-25 10:50:37.918 JST" StructureHandle="=CutPlanner_A/src&amp;lt;cp.main{DeviceListActv.java[DeviceListActv~onDestroy" StructureKind="java" NumEvents="451" CreationCount="1525"/><InteractionEvent Delta="null" EndDate="2014-11-25 10:35:27.525 JST" Interest="2.0" Kind="selection" Navigation="null" OriginId="org.eclipse.jdt.ui.CompilationUnitEditor" StartDate="2014-11-25 10:35:25.52 JST" StructureHandle="=CutPlanner_A/src&amp;lt;cp.main{DeviceListActv.java[DeviceListActv^ACTION_DISCOVERY_STARTED" StructureKind="java" NumEvents="2" CreationCount="623"/><InteractionEvent Delta="null" EndDate="2014-11-25 10:35:28.918 JST" Interest="4.0" Kind="edit" Navigation="null" OriginId="org.eclipse.jdt.ui.CompilationUnitEditor" StartDate="2014-11-25 10:35:25.58 JST" StructureHandle="=CutPlanner_A/src&amp;lt;cp.main{DeviceListActv.java[DeviceListActv^ACTION_DISCOVERY_STARTED" StructureKind="java" NumEvents="4" CreationCount="623"/><InteractionEvent Delta="null" EndDate="2014-11-25 10:35:41.298 JST" Interest="9.758" Kind="propagation" Navigation="org.eclipse.mylyn.core.model.edges.containment" OriginId="org.eclipse.mylyn.core.model.interest.propagation" StartDate="2014-11-25 10:15:13.208 JST" StructureHandle="/CutPlanner_A/res/layout" StructureKind="resource" NumEvents="2" CreationCount="62"/><InteractionEvent Delta="null" EndDate="2014-11-25 10:15:06.37 JST" Interest="1.0" Kind="selection" Navigation="null" OriginId="org.eclipse.jdt.ui.PackageExplorer" StartDate="2014-11-25 10:15:06.37 JST" StructureHandle="/CutPlanner_A/res/layout" StructureKind="resource"/><InteractionEvent Delta="null" EndDate="2014-11-25 11:05:01.844 JST" Interest="4.0" Kind="selection" Navigation="null" OriginId="org.eclipse.jdt.ui.CompilationUnitEditor" StartDate="2014-11-25 10:41:07.433 JST" StructureHandle="=CutPlanner_A/src&amp;lt;cp.main{DeviceListActv.java[DeviceListActv~Log~QString;" StructureKind="java" NumEvents="4" CreationCount="829"/><InteractionEvent Delta="null" EndDate="2014-11-25 11:05:01.745 JST" Interest="16.027002" Kind="manipulation" Navigation="null" OriginId="org.eclipse.mylyn.core.model.interest.decay.correction" StartDate="2014-11-25 10:56:07.577 JST" StructureHandle="=CutPlanner_A/src&amp;lt;cp.main{DeviceListActv.java[DeviceListActv~Log~QString;" StructureKind="java" NumEvents="2" CreationCount="829"/><InteractionEvent Delta="null" EndDate="2014-11-25 11:05:31.70 JST" Interest="93.0" Kind="edit" Navigation="null" OriginId="org.eclipse.jdt.ui.CompilationUnitEditor" StartDate="2014-11-25 10:41:07.437 JST" StructureHandle="=CutPlanner_A/src&amp;lt;cp.main{DeviceListActv.java[DeviceListActv~Log~QString;" StructureKind="java" NumEvents="93" CreationCount="829"/><InteractionEvent Delta="null" EndDate="2014-11-25 10:41:38.659 JST" Interest="105.135994" Kind="propagation" Navigation="org.eclipse.mylyn.core.model.edges.containment" OriginId="org.eclipse.mylyn.core.model.interest.propagation" StartDate="2014-11-25 10:02:23.5 JST" StructureHandle="=BluetoothSample" StructureKind="resource" NumEvents="114" CreationCount="7"/><InteractionEvent Delta="null" EndDate="2014-11-25 10:02:17.225 JST" Interest="1.0" Kind="selection" Navigation="null" OriginId="org.eclipse.ui.views.ResourceNavigator" StartDate="2014-11-25 10:02:17.225 JST" StructureHandle="=BluetoothSample" StructureKind="java"/><InteractionEvent Delta="null" EndDate="2014-11-25 10:04:24.269 JST" Interest="2.6999998" Kind="propagation" Navigation="org.eclipse.mylyn.core.model.edges.containment" OriginId="org.eclipse.mylyn.core.model.interest.propagation" StartDate="2014-11-25 10:02:56.571 JST" StructureHandle="=CutPlanner_A/src&amp;lt;cp.main{BluetoothServerThread.java[BluetoothServerThread" StructureKind="java" NumEvents="3" CreationCount="20"/><InteractionEvent Delta="null" EndDate="2014-11-25 10:39:02.66 JST" Interest="8.2" Kind="propagation" Navigation="org.eclipse.mylyn.core.model.edges.containment" OriginId="org.eclipse.mylyn.core.model.interest.propagation" StartDate="2014-11-25 10:33:52.563 JST" StructureHandle="=CutPlanner_A/src&amp;lt;cp.main{DeviceListActv.java[DeviceListActv^DevieFoundReceiver[~onReceive~QContext;~QIntent;" StructureKind="java" NumEvents="10" CreationCount="557"/><InteractionEvent Delta="null" EndDate="2014-11-25 11:11:56.983 JST" Interest="18.0" Kind="selection" Navigation="null" OriginId="org.eclipse.jdt.ui.CompilationUnitEditor" StartDate="2014-11-25 10:39:53.865 JST" StructureHandle="=CutPlanner_A/src&amp;lt;cp.main{DeviceListActv.java[DeviceListActv^DevieFoundReceiver[~onReceive~QContext;~QIntent;" StructureKind="java" NumEvents="18" CreationCount="557"/><InteractionEvent Delta="null" EndDate="2014-11-25 11:12:10.242 JST" Interest="256.0" Kind="edit" Navigation="null" OriginId="org.eclipse.jdt.ui.CompilationUnitEditor" StartDate="2014-11-25 10:39:53.887 JST" StructureHandle="=CutPlanner_A/src&amp;lt;cp.main{DeviceListActv.java[DeviceListActv^DevieFoundReceiver[~onReceive~QContext;~QIntent;" StructureKind="java" NumEvents="256" CreationCount="557"/><InteractionEvent Delta="null" EndDate="2014-11-25 10:19:28.51 JST" Interest="5.517" Kind="propagation" Navigation="org.eclipse.mylyn.core.model.edges.containment" OriginId="org.eclipse.mylyn.core.model.interest.propagation" StartDate="2014-11-25 10:15:52.781 JST" StructureHandle="=BluetoothSample/src&amp;lt;org.japan.techbooster.sample.BlueTooth{BlueToothSample.java[BlueToothSample" StructureKind="java" NumEvents="8" CreationCount="79"/><InteractionEvent Delta="null" EndDate="2014-11-25 10:20:29.570 JST" Interest="3.0" Kind="selection" Navigation="null" OriginId="org.eclipse.jdt.ui.CompilationUnitEditor" StartDate="2014-11-25 10:19:30.459 JST" StructureHandle="=BluetoothSample/src&amp;lt;org.japan.techbooster.sample.BlueTooth{BlueToothSample.java[BlueToothSample" StructureKind="java" NumEvents="3" CreationCount="79"/><InteractionEvent Delta="null" EndDate="2014-11-25 10:20:29.572 JST" Interest="5.5509996" Kind="propagation" Navigation="org.eclipse.mylyn.core.model.edges.containment" OriginId="org.eclipse.mylyn.core.model.interest.propagation" StartDate="2014-11-25 10:16:09.327 JST" StructureHandle="=BluetoothSample/src&amp;lt;org.japan.techbooster.sample.BlueTooth{BlueToothSample.java" StructureKind="java" NumEvents="8" CreationCount="77"/><InteractionEvent Delta="null" EndDate="2014-11-25 10:20:38.814 JST" Interest="5.0" Kind="selection" Navigation="null" OriginId="org.eclipse.ui.views.ResourceNavigator" StartDate="2014-11-25 10:15:50.130 JST" StructureHandle="=BluetoothSample/src&amp;lt;org.japan.techbooster.sample.BlueTooth{BlueToothSample.java" StructureKind="java" NumEvents="5" CreationCount="77"/><InteractionEvent Delta="null" EndDate="2014-11-25 11:09:57.749 JST" Interest="28.0" Kind="selection" Navigation="null" OriginId="org.eclipse.jdt.ui.CompilationUnitEditor" StartDate="2014-11-25 10:31:48.267 JST" StructureHandle="=CutPlanner_A/src&amp;lt;cp.main{DeviceListActv.java[DeviceListActv~onCreate~QBundle;" StructureKind="java" NumEvents="28" CreationCount="435"/><InteractionEvent Delta="null" EndDate="2014-11-25 11:09:58.460 JST" Interest="391.0" Kind="edit" Navigation="null" OriginId="org.eclipse.jdt.ui.CompilationUnitEditor" StartDate="2014-11-25 10:31:48.283 JST" StructureHandle="=CutPlanner_A/src&amp;lt;cp.main{DeviceListActv.java[DeviceListActv~onCreate~QBundle;" StructureKind="java" NumEvents="391" CreationCount="435"/><InteractionEvent Delta="null" EndDate="2014-11-25 11:03:53.254 JST" Interest="1.0" Kind="selection" Navigation="null" OriginId="org.eclipse.jdt.ui.CompilationUnitEditor" StartDate="2014-11-25 11:03:53.254 JST" StructureHandle="=CutPlanner_A/src&amp;lt;cp.main{MainActv.java[MainActv~onStart" StructureKind="java"/><InteractionEvent Delta="null" EndDate="2014-11-25 11:24:33.108 JST" Interest="3.0" Kind="prediction" Navigation="null" OriginId="org.eclipse.mylyn.resources.ui.interest.updater" StartDate="2014-11-25 10:25:42.311 JST" StructureHandle="/CutPlanner_A/bin/AndroidManifest.xml" StructureKind="resource" NumEvents="3" CreationCount="266"/><InteractionEvent Delta="null" EndDate="2014-11-25 10:04:20.241 JST" Interest="17.0" Kind="propagation" Navigation="null" OriginId="org.eclipse.jdt.ui.CompilationUnitEditor" StartDate="2014-11-25 10:03:25.87 JST" StructureHandle="/CutPlanner_A/src/cp/main/ReadWriteModel.java" StructureKind="resource" NumEvents="17" CreationCount="25"/><InteractionEvent Delta="null" EndDate="2014-11-25 10:04:24.268 JST" Interest="2.0" Kind="selection" Navigation="null" OriginId="org.eclipse.jdt.ui.CompilationUnitEditor" StartDate="2014-11-25 10:02:56.570 JST" StructureHandle="=CutPlanner_A/src&amp;lt;cp.main{BluetoothServerThread.java[BluetoothServerThread~run" StructureKind="java" NumEvents="2" CreationCount="20"/><InteractionEvent Delta="null" EndDate="2014-11-25 10:02:57.572 JST" Interest="1.0" Kind="edit" Navigation="null" OriginId="org.eclipse.jdt.ui.CompilationUnitEditor" StartDate="2014-11-25 10:02:57.572 JST" StructureHandle="=CutPlanner_A/src&amp;lt;cp.main{BluetoothServerThread.java[BluetoothServerThread~run" StructureKind="java"/><InteractionEvent Delta="null" EndDate="2014-11-25 10:15:31.887 JST" Interest="5.0" Kind="selection" Navigation="null" OriginId="org.eclipse.jdt.ui.CompilationUnitEditor" StartDate="2014-11-25 10:14:57.668 JST" StructureHandle="=CutPlanner_A/src&amp;lt;cp.main{StreamActivity.java" StructureKind="java" NumEvents="5" CreationCount="57"/><InteractionEvent Delta="null" EndDate="2014-11-25 11:04:48.115 JST" Interest="2.0" Kind="selection" Navigation="null" OriginId="org.eclipse.jdt.ui.CompilationUnitEditor" StartDate="2014-11-25 10:19:23.638 JST" StructureHandle="=CutPlanner_A/src&amp;lt;cp.main{MainActv.java[MainActv~_Bluetooth" StructureKind="java" NumEvents="2" CreationCount="87"/><InteractionEvent Delta="null" EndDate="2014-11-25 11:04:48.115 JST" Interest="35.669003" Kind="manipulation" Navigation="null" OriginId="org.eclipse.mylyn.core.model.interest.decay.correction" StartDate="2014-11-25 11:04:48.115 JST" StructureHandle="=CutPlanner_A/src&amp;lt;cp.main{MainActv.java[MainActv~_Bluetooth" StructureKind="java"/><InteractionEvent Delta="null" EndDate="2014-11-25 11:20:07.718 JST" Interest="2.0" Kind="prediction" Navigation="null" OriginId="org.eclipse.mylyn.resources.ui.interest.updater" StartDate="2014-11-25 10:26:08.793 JST" StructureHandle="/CutPlanner_A/bin/resources.ap_" StructureKind="resource" NumEvents="2" CreationCount="272"/><InteractionEvent Delta="null" EndDate="2014-11-25 10:03:45.942 JST" Interest="1.0510001" Kind="propagation" Navigation="org.eclipse.mylyn.core.model.edges.containment" OriginId="org.eclipse.mylyn.core.model.interest.propagation" StartDate="2014-11-25 10:03:25.86 JST" StructureHandle="=CutPlanner_A/src&amp;lt;cp.main{ReadWriteModel.java" StructureKind="java" NumEvents="2" CreationCount="25"/><InteractionEvent Delta="null" EndDate="2014-11-25 10:04:06.849 JST" Interest="4.0" Kind="selection" Navigation="null" OriginId="org.eclipse.jdt.ui.PackageExplorer" StartDate="2014-11-25 10:03:37.439 JST" StructureHandle="=CutPlanner_A/src&amp;lt;cp.main{ReadWriteModel.java" StructureKind="java" NumEvents="4" CreationCount="25"/><InteractionEvent Delta="null" EndDate="2014-11-25 10:04:12.355 JST" Interest="4.0" Kind="edit" Navigation="null" OriginId="org.eclipse.jdt.ui.CompilationUnitEditor" StartDate="2014-11-25 10:03:47.477 JST" StructureHandle="=CutPlanner_A/src&amp;lt;cp.main{ReadWriteModel.java" StructureKind="java" NumEvents="4" CreationCount="25"/><InteractionEvent Delta="null" EndDate="2014-11-25 10:41:38.659 JST" Interest="106.050995" Kind="propagation" Navigation="org.eclipse.mylyn.core.model.edges.containment" OriginId="org.eclipse.mylyn.core.model.interest.propagation" StartDate="2014-11-25 10:02:24.762 JST" StructureHandle="/BluetoothSample/src/org/japan/techbooster/sample" StructureKind="resource" NumEvents="110" CreationCount="12"/><InteractionEvent Delta="null" EndDate="2014-11-25 11:00:06.989 JST" Interest="1.0" Kind="selection" Navigation="null" OriginId="org.eclipse.jdt.ui.CompilationUnitEditor" StartDate="2014-11-25 11:00:06.989 JST" StructureHandle="=CutPlanner_A/src&amp;lt;cp.main{DeviceListActv.java[DeviceListActv^BtClientThread" StructureKind="java"/><InteractionEvent Delta="null" EndDate="2014-11-25 11:00:07.12 JST" Interest="4.0" Kind="edit" Navigation="null" OriginId="org.eclipse.jdt.ui.CompilationUnitEditor" StartDate="2014-11-25 11:00:06.996 JST" StructureHandle="=CutPlanner_A/src&amp;lt;cp.main{DeviceListActv.java[DeviceListActv^BtClientThread" StructureKind="java" NumEvents="4" CreationCount="2154"/><InteractionEvent Delta="null" EndDate="2014-11-25 11:07:51.66 JST" Interest="18.0" Kind="selection" Navigation="null" OriginId="org.eclipse.jdt.ui.CompilationUnitEditor" StartDate="2014-11-25 10:33:51.306 JST" StructureHandle="=CutPlanner_A/src&amp;lt;cp.main{DeviceListActv.java[DeviceListActv~onOptionsItemSelected~QMenuItem;" StructureKind="java" NumEvents="18" CreationCount="555"/><InteractionEvent Delta="null" EndDate="2014-11-25 11:08:52.571 JST" Interest="203.0" Kind="edit" Navigation="null" OriginId="org.eclipse.jdt.ui.CompilationUnitEditor" StartDate="2014-11-25 10:33:51.332 JST" StructureHandle="=CutPlanner_A/src&amp;lt;cp.main{DeviceListActv.java[DeviceListActv~onOptionsItemSelected~QMenuItem;" StructureKind="java" NumEvents="203" CreationCount="555"/><InteractionEvent Delta="null" EndDate="2014-11-25 11:12:10.243 JST" Interest="170.9" Kind="propagation" Navigation="org.eclipse.mylyn.core.model.edges.containment" OriginId="org.eclipse.mylyn.core.model.interest.propagation" StartDate="2014-11-25 10:33:52.563 JST" StructureHandle="=CutPlanner_A/src&amp;lt;cp.main{DeviceListActv.java[DeviceListActv^DevieFoundReceiver" StructureKind="java" NumEvents="240" CreationCount="557"/><InteractionEvent Delta="null" EndDate="2014-11-25 11:12:10.914 JST" Interest="11.0" Kind="selection" Navigation="null" OriginId="org.eclipse.jdt.ui.CompilationUnitEditor" StartDate="2014-11-25 11:06:05.675 JST" StructureHandle="=CutPlanner_A/src&amp;lt;cp.main{DeviceListActv.java[DeviceListActv^DevieFoundReceiver" StructureKind="java" NumEvents="11" CreationCount="557"/><InteractionEvent Delta="null" EndDate="2014-11-25 11:09:46.172 JST" Interest="35.0" Kind="edit" Navigation="null" OriginId="org.eclipse.jdt.ui.CompilationUnitEditor" StartDate="2014-11-25 11:06:05.692 JST" StructureHandle="=CutPlanner_A/src&amp;lt;cp.main{DeviceListActv.java[DeviceListActv^DevieFoundReceiver" StructureKind="java" NumEvents="35" CreationCount="557"/><InteractionEvent Delta="null" EndDate="2014-11-25 11:04:47.508 JST" Interest="25.517" Kind="propagation" Navigation="org.eclipse.mylyn.core.model.edges.containment" OriginId="org.eclipse.mylyn.core.model.interest.propagation" StartDate="2014-11-25 10:19:23.639 JST" StructureHandle="=CutPlanner_A/src&amp;lt;cp.main{MainActv.java[MainActv" StructureKind="java" NumEvents="5" CreationCount="87"/><InteractionEvent Delta="null" EndDate="2014-11-25 10:41:44.317 JST" Interest="2.0" Kind="selection" Navigation="null" OriginId="org.eclipse.jdt.ui.CompilationUnitEditor" StartDate="2014-11-25 10:41:35.515 JST" StructureHandle="=CutPlanner_A/src&amp;lt;cp.main{MainActv.java[MainActv" StructureKind="java" NumEvents="2" CreationCount="87"/><InteractionEvent Delta="null" EndDate="2014-11-25 10:41:35.515 JST" Interest="11.784" Kind="manipulation" Navigation="null" OriginId="org.eclipse.mylyn.core.model.interest.decay.correction" StartDate="2014-11-25 10:41:35.515 JST" StructureHandle="=CutPlanner_A/src&amp;lt;cp.main{MainActv.java[MainActv" StructureKind="java"/><InteractionEvent Delta="null" EndDate="2014-11-25 11:00:20.953 JST" Interest="1.0" Kind="selection" Navigation="null" OriginId="org.eclipse.jdt.ui.CompilationUnitEditor" StartDate="2014-11-25 11:00:20.953 JST" StructureHandle="=CutPlanner_A/src&amp;lt;cp.utils{BluetoothClientThread.java[BluetoothClientThread~BluetoothClientThread~QContext;~QString;~QBluetoothDevice;~QBluetoothAdapter;" StructureKind="java"/><InteractionEvent Delta="null" EndDate="2014-11-25 11:00:53.790 JST" Interest="16.0" Kind="edit" Navigation="null" OriginId="org.eclipse.jdt.ui.CompilationUnitEditor" StartDate="2014-11-25 11:00:24.693 JST" StructureHandle="=CutPlanner_A/src&amp;lt;cp.utils{BluetoothClientThread.java[BluetoothClientThread~BluetoothClientThread~QContext;~QString;~QBluetoothDevice;~QBluetoothAdapter;" StructureKind="java" NumEvents="16" CreationCount="2174"/><InteractionEvent Delta="null" EndDate="2014-11-25 10:41:38.659 JST" Interest="106.08499" Kind="propagation" Navigation="org.eclipse.mylyn.core.model.edges.containment" OriginId="org.eclipse.mylyn.core.model.interest.propagation" StartDate="2014-11-25 10:02:24.169 JST" StructureHandle="/BluetoothSample/src/org/japan" StructureKind="resource" NumEvents="112" CreationCount="10"/><InteractionEvent Delta="null" EndDate="2014-11-25 10:04:18.70 JST" Interest="1.0" Kind="selection" Navigation="null" OriginId="org.eclipse.jdt.ui.CompilationUnitEditor" StartDate="2014-11-25 10:04:18.70 JST" StructureHandle="=CutPlanner_A/src&amp;lt;cp.main{ReadWriteModel.java[ReadWriteModel^in" StructureKind="java"/><InteractionEvent Delta="null" EndDate="2014-11-25 10:41:38.659 JST" Interest="106.102" Kind="propagation" Navigation="org.eclipse.mylyn.core.model.edges.containment" OriginId="org.eclipse.mylyn.core.model.interest.propagation" StartDate="2014-11-25 10:02:23.613 JST" StructureHandle="/BluetoothSample/src/org" StructureKind="resource" NumEvents="113" CreationCount="9"/><InteractionEvent Delta="null" EndDate="2014-11-25 10:04:04.381 JST" Interest="1.0" Kind="propagation" Navigation="null" OriginId="org.eclipse.mylyn.resources.ui.interest.updater" StartDate="2014-11-25 10:04:04.381 JST" StructureHandle="/NDKSample" StructureKind="resource"/><InteractionEvent Delta="null" EndDate="2014-11-25 11:12:10.914 JST" Interest="2338.0" Kind="propagation" Navigation="null" OriginId="org.eclipse.jdt.ui.CompilationUnitEditor" StartDate="2014-11-25 10:21:32.213 JST" StructureHandle="/CutPlanner_A/src/cp/main/DeviceListActv.java" StructureKind="resource" NumEvents="2338" CreationCount="116"/><InteractionEvent Delta="null" EndDate="2014-11-25 10:22:52.931 JST" Interest="1.0" Kind="selection" Navigation="null" OriginId="org.eclipse.jdt.ui.CompilationUnitEditor" StartDate="2014-11-25 10:22:52.931 JST" StructureHandle="=BluetoothSample/src&amp;lt;org.japan.techbooster.sample.BlueTooth{DeviceListActivity.java[DeviceListActivity~onCreateOptionsMenu~QMenu;" StructureKind="java"/><InteractionEvent Delta="null" EndDate="2014-11-25 10:03:57.362 JST" Interest="1.0" Kind="propagation" Navigation="null" OriginId="org.eclipse.mylyn.resources.ui.interest.updater" StartDate="2014-11-25 10:03:57.362 JST" StructureHandle="=CutPlanner_A/src&amp;lt;cp.main{BluetoothClientThread.java" StructureKind="java"/><InteractionEvent Delta="null" EndDate="2014-11-25 10:15:17.532 JST" Interest="4.0" Kind="selection" Navigation="null" OriginId="org.eclipse.jdt.ui.PackageExplorer" StartDate="2014-11-25 10:04:26.806 JST" StructureHandle="=CutPlanner_A/src&amp;lt;cp.main{BluetoothClientThread.java" StructureKind="java" NumEvents="4" CreationCount="35"/><InteractionEvent Delta="null" EndDate="2014-11-25 10:01:53.857 JST" Interest="3.0" Kind="propagation" Navigation="null" OriginId="org.eclipse.ui.views.ResourceNavigator" StartDate="2014-11-25 10:01:35.254 JST" StructureHandle="/IFM10" StructureKind="resource" NumEvents="3" CreationCount="1"/><InteractionEvent Delta="null" EndDate="2014-11-25 10:20:33.445 JST" Interest="1.0" Kind="selection" Navigation="null" OriginId="org.eclipse.jdt.ui.CompilationUnitEditor" StartDate="2014-11-25 10:20:33.445 JST" StructureHandle="=BluetoothSample/src&amp;lt;org.japan.techbooster.sample.BlueTooth{BlueToothSample.java[BlueToothSample^REQUEST_ENABLE_BLUETOOTH" StructureKind="java"/><InteractionEvent Delta="null" EndDate="2014-11-25 11:24:13.342 JST" Interest="114.0" Kind="propagation" Navigation="null" OriginId="org.eclipse.jdt.ui.CompilationUnitEditor" StartDate="2014-11-25 11:00:15.55 JST" StructureHandle="/CutPlanner_A/src/cp/utils/BluetoothClientThread.java" StructureKind="resource" NumEvents="114" CreationCount="2171"/><InteractionEvent Delta="null" EndDate="2014-11-25 10:41:38.660 JST" Interest="107.034" Kind="propagation" Navigation="null" OriginId="org.eclipse.jdt.ui.CompilationUnitEditor" StartDate="2014-11-25 10:02:24.825 JST" StructureHandle="/BluetoothSample/src/org/japan/techbooster/sample/BlueTooth" StructureKind="resource" NumEvents="109" CreationCount="13"/><InteractionEvent Delta="null" EndDate="2014-11-25 10:35:41.298 JST" Interest="9.775001" Kind="propagation" Navigation="org.eclipse.mylyn.core.model.edges.containment" OriginId="org.eclipse.mylyn.core.model.interest.propagation" StartDate="2014-11-25 10:15:06.38 JST" StructureHandle="/CutPlanner_A/res" StructureKind="resource" NumEvents="3" CreationCount="61"/><InteractionEvent Delta="null" EndDate="2014-11-25 10:15:03.245 JST" Interest="1.0" Kind="selection" Navigation="null" OriginId="org.eclipse.jdt.ui.PackageExplorer" StartDate="2014-11-25 10:15:03.245 JST" StructureHandle="/CutPlanner_A/res" StructureKind="resource"/><InteractionEvent Delta="null" EndDate="2014-11-25 10:15:31.969 JST" Interest="2.0" Kind="selection" Navigation="null" OriginId="org.eclipse.jdt.ui.CompilationUnitEditor" StartDate="2014-11-25 10:14:59.938 JST" StructureHandle="=CutPlanner_A/src&amp;lt;cp.main{StreamActivity.java[StreamActivity~onCreate~QBundle;" StructureKind="java" NumEvents="2" CreationCount="59"/><InteractionEvent Delta="null" EndDate="2014-11-25 10:15:37.858 JST" Interest="2.0" Kind="edit" Navigation="null" OriginId="org.eclipse.jdt.ui.CompilationUnitEditor" StartDate="2014-11-25 10:15:00.683 JST" StructureHandle="=CutPlanner_A/src&amp;lt;cp.main{StreamActivity.java[StreamActivity~onCreate~QBundle;" StructureKind="java" NumEvents="2" CreationCount="59"/><InteractionEvent Delta="null" EndDate="2014-11-25 10:04:18.70 JST" Interest="1.0" Kind="propagation" Navigation="org.eclipse.mylyn.core.model.edges.containment" OriginId="org.eclipse.mylyn.core.model.interest.propagation" StartDate="2014-11-25 10:04:18.70 JST" StructureHandle="=CutPlanner_A/src&amp;lt;cp.main{ReadWriteModel.java[ReadWriteModel" StructureKind="java"/><InteractionEvent Delta="null" EndDate="2014-11-25 10:20:39.22 JST" Interest="3.0" Kind="selection" Navigation="null" OriginId="org.eclipse.ui.views.ResourceNavigator" StartDate="2014-11-25 10:02:29.41 JST" StructureHandle="=BluetoothSample/src&amp;lt;org.japan.techbooster.sample.BlueTooth{BluetoothServerThread.java" StructureKind="java" NumEvents="3" CreationCount="15"/><InteractionEvent Delta="null" EndDate="2014-11-25 10:19:28.51 JST" Interest="2.0" Kind="selection" Navigation="null" OriginId="org.eclipse.jdt.ui.CompilationUnitEditor" StartDate="2014-11-25 10:16:02.461 JST" StructureHandle="=BluetoothSample/src&amp;lt;org.japan.techbooster.sample.BlueTooth{BlueToothSample.java[BlueToothSample~supportConfirm" StructureKind="java" NumEvents="2" CreationCount="80"/><InteractionEvent Delta="null" EndDate="2014-11-25 10:19:19.199 JST" Interest="5.0" Kind="edit" Navigation="null" OriginId="org.eclipse.jdt.ui.CompilationUnitEditor" StartDate="2014-11-25 10:16:03.785 JST" StructureHandle="=BluetoothSample/src&amp;lt;org.japan.techbooster.sample.BlueTooth{BlueToothSample.java[BlueToothSample~supportConfirm" StructureKind="java" NumEvents="5" CreationCount="80"/><InteractionEvent Delta="null" EndDate="2014-11-25 10:04:04.381 JST" Interest="1.0" Kind="propagation" Navigation="org.eclipse.mylyn.core.model.edges.containment" OriginId="org.eclipse.mylyn.core.model.interest.propagation" StartDate="2014-11-25 10:04:04.381 JST" StructureHandle="/NDKSample/libs" StructureKind="resource"/><InteractionEvent Delta="null" EndDate="2014-11-25 10:15:37.859 JST" Interest="9.0" Kind="propagation" Navigation="null" OriginId="org.eclipse.jdt.ui.CompilationUnitEditor" StartDate="2014-11-25 10:14:57.669 JST" StructureHandle="/CutPlanner_A/src/cp/main/StreamActivity.java" StructureKind="resource" NumEvents="9" CreationCount="57"/><InteractionEvent Delta="null" EndDate="2014-11-25 10:39:02.65 JST" Interest="8.2" Kind="propagation" Navigation="org.eclipse.mylyn.core.model.edges.containment" OriginId="org.eclipse.mylyn.core.model.interest.propagation" StartDate="2014-11-25 10:33:52.563 JST" StructureHandle="=CutPlanner_A/src&amp;lt;cp.main{DeviceListActv.java[DeviceListActv^DevieFoundReceiver[~onReceive~QContext;~QIntent;[" StructureKind="java" NumEvents="10" CreationCount="557"/><InteractionEvent Delta="null" EndDate="2014-11-25 10:49:08.755 JST" Interest="6.0" Kind="selection" Navigation="null" OriginId="org.eclipse.jdt.ui.CompilationUnitEditor" StartDate="2014-11-25 10:35:56.843 JST" StructureHandle="=CutPlanner_A/src&amp;lt;cp.utils{CONS.java[CONS[BT^ACTION_DISCOVERY_STARTED" StructureKind="java" NumEvents="6" CreationCount="650"/><InteractionEvent Delta="null" EndDate="2014-11-25 10:49:08.755 JST" Interest="5.565001" Kind="manipulation" Navigation="null" OriginId="org.eclipse.mylyn.core.model.interest.decay.correction" StartDate="2014-11-25 10:49:08.755 JST" StructureHandle="=CutPlanner_A/src&amp;lt;cp.utils{CONS.java[CONS[BT^ACTION_DISCOVERY_STARTED" StructureKind="java"/><InteractionEvent Delta="null" EndDate="2014-11-25 10:36:27.73 JST" Interest="3.0" Kind="edit" Navigation="null" OriginId="org.eclipse.jdt.ui.CompilationUnitEditor" StartDate="2014-11-25 10:35:56.851 JST" StructureHandle="=CutPlanner_A/src&amp;lt;cp.utils{CONS.java[CONS[BT^ACTION_DISCOVERY_STARTED" StructureKind="java" NumEvents="3" CreationCount="650"/><InteractionEvent Delta="null" EndDate="2014-11-25 10:15:17.532 JST" Interest="12.0" Kind="propagation" Navigation="null" OriginId="org.eclipse.jdt.ui.PackageExplorer" StartDate="2014-11-25 10:03:57.362 JST" StructureHandle="/CutPlanner_A/src/cp/main/BluetoothClientThread.java" StructureKind="resource" NumEvents="12" CreationCount="35"/><InteractionEvent Delta="null" EndDate="2014-11-25 10:32:38.50 JST" Interest="4.0" Kind="selection" Navigation="null" OriginId="org.eclipse.jdt.ui.CompilationUnitEditor" StartDate="2014-11-25 10:31:34.31 JST" StructureHandle="=CutPlanner_A/src&amp;lt;cp.main{DeviceListActv.java#cp.listeners.button.BO_CL" StructureKind="java" NumEvents="4" CreationCount="423"/><InteractionEvent Delta="null" EndDate="2014-11-25 10:41:38.659 JST" Interest="75.0" Kind="propagation" Navigation="null" OriginId="org.eclipse.jdt.ui.CompilationUnitEditor" StartDate="2014-11-25 10:20:41.139 JST" StructureHandle="/BluetoothSample/src/org/japan/techbooster/sample/BlueTooth/DeviceListActivity.java" StructureKind="resource" NumEvents="75" CreationCount="105"/><InteractionEvent Delta="null" EndDate="2014-11-25 11:07:48.742 JST" Interest="27.936998" Kind="propagation" Navigation="org.eclipse.mylyn.core.model.edges.containment" OriginId="org.eclipse.mylyn.core.model.interest.propagation" StartDate="2014-11-25 10:46:14.792 JST" StructureHandle="=CutPlanner_A/src&amp;lt;cp.main{DeviceListActv.java[DeviceListActv~onCreate~QBundle;[" StructureKind="java" NumEvents="30" CreationCount="1144"/><InteractionEvent Delta="null" EndDate="2014-11-25 10:47:21.308 JST" Interest="2.0" Kind="selection" Navigation="null" OriginId="org.eclipse.jdt.ui.CompilationUnitEditor" StartDate="2014-11-25 10:47:18.624 JST" StructureHandle="=CutPlanner_A/src&amp;lt;cp.main{DeviceListActv.java[DeviceListActv~onCreate~QBundle;[" StructureKind="java" NumEvents="2" CreationCount="1144"/><InteractionEvent Delta="null" EndDate="2014-11-25 10:47:21.327 JST" Interest="8.0" Kind="edit" Navigation="null" OriginId="org.eclipse.jdt.ui.CompilationUnitEditor" StartDate="2014-11-25 10:47:18.630 JST" StructureHandle="=CutPlanner_A/src&amp;lt;cp.main{DeviceListActv.java[DeviceListActv~onCreate~QBundle;[" StructureKind="java" NumEvents="8" CreationCount="1144"/><InteractionEvent Delta="null" EndDate="2014-11-25 10:27:26.862 JST" Interest="2.0" Kind="selection" Navigation="null" OriginId="org.eclipse.jdt.ui.CompilationUnitEditor" StartDate="2014-11-25 10:24:14.577 JST" StructureHandle="=CutPlanner_A/src&amp;lt;cp.utils{CONS.java[CONS[BT^adp_FoundDeviceList" StructureKind="java" NumEvents="2" CreationCount="215"/><InteractionEvent Delta="null" EndDate="2014-11-25 10:27:26.883 JST" Interest="2.0" Kind="edit" Navigation="null" OriginId="org.eclipse.jdt.ui.CompilationUnitEditor" StartDate="2014-11-25 10:24:14.596 JST" StructureHandle="=CutPlanner_A/src&amp;lt;cp.utils{CONS.java[CONS[BT^adp_FoundDeviceList" StructureKind="java" NumEvents="2" CreationCount="215"/><InteractionEvent Delta="null" EndDate="2014-11-25 11:24:13.343 JST" Interest="96.815" Kind="propagation" Navigation="org.eclipse.mylyn.core.model.edges.containment" OriginId="org.eclipse.mylyn.core.model.interest.propagation" StartDate="2014-11-25 10:23:59.624 JST" StructureHandle="=CutPlanner_A/src&amp;lt;cp.utils" StructureKind="java" NumEvents="131" CreationCount="197"/><InteractionEvent Delta="null" EndDate="2014-11-25 10:23:57.111 JST" Interest="1.0" Kind="selection" Navigation="null" OriginId="org.eclipse.jdt.ui.PackageExplorer" StartDate="2014-11-25 10:23:57.111 JST" StructureHandle="=CutPlanner_A/src&amp;lt;cp.utils" StructureKind="java"/><InteractionEvent Delta="null" EndDate="2014-11-25 10:04:09.690 JST" Interest="2.0" Kind="selection" Navigation="null" OriginId="org.eclipse.jdt.ui.CompilationUnitEditor" StartDate="2014-11-25 10:03:42.734 JST" StructureHandle="=CutPlanner_A/src&amp;lt;cp.main{ReadWriteModel.java#java.i" StructureKind="java" NumEvents="2" CreationCount="28"/><InteractionEvent Delta="null" EndDate="2014-11-25 10:35:41.298 JST" Interest="1.0" Kind="selection" Navigation="null" OriginId="org.eclipse.jdt.ui.PackageExplorer" StartDate="2014-11-25 10:35:41.298 JST" StructureHandle="/CutPlanner_A/res/layout/dlg_tmpl_list_cancel.xml" StructureKind="resource"/><InteractionEvent Delta="null" EndDate="2014-11-25 11:24:13.343 JST" Interest="2596.017" Kind="propagation" Navigation="null" OriginId="org.eclipse.jdt.ui.CompilationUnitEditor" StartDate="2014-11-25 10:01:39.213 JST" StructureHandle="/CutPlanner_A/src" StructureKind="resource" NumEvents="2598" CreationCount="2"/><InteractionEvent Delta="null" EndDate="2014-11-25 11:06:20.61 JST" Interest="2.0" Kind="selection" Navigation="null" OriginId="org.eclipse.jdt.ui.CompilationUnitEditor" StartDate="2014-11-25 10:50:24.266 JST" StructureHandle="=CutPlanner_A/src&amp;lt;cp.main{DeviceListActv.java[DeviceListActv~sockClose" StructureKind="java" NumEvents="2" CreationCount="1510"/><InteractionEvent Delta="null" EndDate="2014-11-25 11:06:20.61 JST" Interest="12.265" Kind="manipulation" Navigation="null" OriginId="org.eclipse.mylyn.core.model.interest.decay.correction" StartDate="2014-11-25 11:06:20.61 JST" StructureHandle="=CutPlanner_A/src&amp;lt;cp.main{DeviceListActv.java[DeviceListActv~sockClose" StructureKind="java"/><InteractionEvent Delta="null" EndDate="2014-11-25 11:06:20.101 JST" Interest="9.0" Kind="edit" Navigation="null" OriginId="org.eclipse.jdt.ui.CompilationUnitEditor" StartDate="2014-11-25 10:50:24.270 JST" StructureHandle="=CutPlanner_A/src&amp;lt;cp.main{DeviceListActv.java[DeviceListActv~sockClose" StructureKind="java" NumEvents="9" CreationCount="1510"/><InteractionEvent Delta="null" EndDate="2014-11-25 10:04:04.379 JST" Interest="1.0" Kind="prediction" Navigation="null" OriginId="org.eclipse.mylyn.resources.ui.interest.updater" StartDate="2014-11-25 10:04:04.379 JST" StructureHandle="/NDKSample/libs/armeabi/libNDKSample.so" StructureKind="resource"/><InteractionEvent Delta="null" EndDate="2014-11-25 10:48:42.363 JST" Interest="14.0" Kind="selection" Navigation="null" OriginId="org.eclipse.jdt.ui.CompilationUnitEditor" StartDate="2014-11-25 10:21:43.379 JST" StructureHandle="=CutPlanner_A/src&amp;lt;cp.main{DeviceListActv.java[DeviceListActv~onStart" StructureKind="java" NumEvents="14" CreationCount="120"/><InteractionEvent Delta="null" EndDate="2014-11-25 10:48:42.374 JST" Interest="25.0" Kind="edit" Navigation="null" OriginId="org.eclipse.jdt.ui.CompilationUnitEditor" StartDate="2014-11-25 10:21:43.965 JST" StructureHandle="=CutPlanner_A/src&amp;lt;cp.main{DeviceListActv.java[DeviceListActv~onStart" StructureKind="java" NumEvents="25" CreationCount="120"/><InteractionEvent Delta="null" EndDate="2014-11-25 10:27:26.243 JST" Interest="1.0" Kind="selection" Navigation="null" OriginId="org.eclipse.jdt.ui.CompilationUnitEditor" StartDate="2014-11-25 10:27:26.243 JST" StructureHandle="=CutPlanner_A/src&amp;lt;cp.utils{CONS.java[CONS[BT^ACTION_FOUND" StructureKind="java"/><InteractionEvent Delta="null" EndDate="2014-11-25 10:27:26.257 JST" Interest="1.0" Kind="edit" Navigation="null" OriginId="org.eclipse.jdt.ui.CompilationUnitEditor" StartDate="2014-11-25 10:27:26.257 JST" StructureHandle="=CutPlanner_A/src&amp;lt;cp.utils{CONS.java[CONS[BT^ACTION_FOUND" StructureKind="java"/><InteractionEvent Delta="null" EndDate="2014-11-25 10:20:09.117 JST" Interest="3.0" Kind="selection" Navigation="null" OriginId="org.eclipse.jdt.ui.CompilationUnitEditor" StartDate="2014-11-25 10:15:52.780 JST" StructureHandle="=BluetoothSample/src&amp;lt;org.japan.techbooster.sample.BlueTooth{BlueToothSample.java[BlueToothSample~onCreate~QBundle;" StructureKind="java" NumEvents="3" CreationCount="79"/><InteractionEvent Delta="null" EndDate="2014-11-25 10:19:47.721 JST" Interest="1.0" Kind="edit" Navigation="null" OriginId="org.eclipse.jdt.ui.CompilationUnitEditor" StartDate="2014-11-25 10:19:47.721 JST" StructureHandle="=BluetoothSample/src&amp;lt;org.japan.techbooster.sample.BlueTooth{BlueToothSample.java[BlueToothSample~onCreate~QBundle;" StructureKind="java"/><InteractionEvent Delta="null" EndDate="2014-11-25 10:04:04.381 JST" Interest="1.0" Kind="propagation" Navigation="org.eclipse.mylyn.core.model.edges.containment" OriginId="org.eclipse.mylyn.core.model.interest.propagation" StartDate="2014-11-25 10:04:04.381 JST" StructureHandle="=NDKSample" StructureKind="java"/><InteractionEvent Delta="null" EndDate="2014-11-25 10:31:06.526 JST" Interest="2.0" Kind="selection" Navigation="null" OriginId="org.eclipse.jdt.ui.CompilationUnitEditor" StartDate="2014-11-25 10:30:33.758 JST" StructureHandle="=CutPlanner_A/src&amp;lt;cp.main{DeviceListActv.java[DeviceListActv~onActivityResult~I~I~QIntent;" StructureKind="java" NumEvents="2" CreationCount="393"/><InteractionEvent Delta="null" EndDate="2014-11-25 10:30:33.764 JST" Interest="1.0" Kind="edit" Navigation="null" OriginId="org.eclipse.jdt.ui.CompilationUnitEditor" StartDate="2014-11-25 10:30:33.764 JST" StructureHandle="=CutPlanner_A/src&amp;lt;cp.main{DeviceListActv.java[DeviceListActv~onActivityResult~I~I~QIntent;" StructureKind="java"/><InteractionEvent Delta="null" EndDate="2014-11-25 11:04:54.921 JST" Interest="5.0" Kind="selection" Navigation="null" OriginId="org.eclipse.jdt.ui.CompilationUnitEditor" StartDate="2014-11-25 10:49:15.982 JST" StructureHandle="=CutPlanner_A/src&amp;lt;cp.utils{CONS.java[CONS[BT^BtServerThread" StructureKind="java" NumEvents="5" CreationCount="1400"/><InteractionEvent Delta="null" EndDate="2014-11-25 11:04:54.921 JST" Interest="10.382001" Kind="manipulation" Navigation="null" OriginId="org.eclipse.mylyn.core.model.interest.decay.correction" StartDate="2014-11-25 10:51:50.772 JST" StructureHandle="=CutPlanner_A/src&amp;lt;cp.utils{CONS.java[CONS[BT^BtServerThread" StructureKind="java" NumEvents="2" CreationCount="1400"/><InteractionEvent Delta="null" EndDate="2014-11-25 10:32:34.365 JST" Interest="2.0" Kind="selection" Navigation="null" OriginId="org.eclipse.jdt.ui.CompilationUnitEditor" StartDate="2014-11-25 10:32:34.362 JST" StructureHandle="=CutPlanner_A/src&amp;lt;cp.main{DeviceListActv.java#java.util.ArrayList" StructureKind="java" NumEvents="2" CreationCount="485"/><InteractionEvent Delta="null" EndDate="2014-11-25 10:35:53.640 JST" Interest="1.0" Kind="selection" Navigation="null" OriginId="org.eclipse.ui.views.ContentOutline" StartDate="2014-11-25 10:35:53.640 JST" StructureHandle="=CutPlanner_A/src&amp;lt;cp.utils{CONS.java[CONS[Admin" StructureKind="java"/><InteractionEvent Delta="null" EndDate="2014-11-25 11:12:10.915 JST" Interest="2409.0" Kind="propagation" Navigation="null" OriginId="org.eclipse.jdt.ui.CompilationUnitEditor" StartDate="2014-11-25 10:01:41.907 JST" StructureHandle="/CutPlanner_A/src/cp/main" StructureKind="resource" NumEvents="2409" CreationCount="3"/><InteractionEvent Delta="null" EndDate="2014-11-25 10:35:54.231 JST" Interest="3.0" Kind="selection" Navigation="null" OriginId="org.eclipse.jdt.ui.CompilationUnitEditor" StartDate="2014-11-25 10:35:50.119 JST" StructureHandle="=CutPlanner_A/src&amp;lt;cp.utils{CONS.java[CONS[Intent^iKey_AI_FilePath_Full" StructureKind="java" NumEvents="3" CreationCount="640"/><InteractionEvent Delta="null" EndDate="2014-11-25 11:07:48.741 JST" Interest="11.0" Kind="selection" Navigation="null" OriginId="org.eclipse.ui.views.ContentOutline" StartDate="2014-11-25 10:33:49.490 JST" StructureHandle="=CutPlanner_A/src&amp;lt;cp.main{DeviceListActv.java[DeviceListActv~onCreate~QBundle;[~onItemClick~QAdapterView\&amp;lt;*&amp;gt;;~QView;~I~J" StructureKind="java" NumEvents="11" CreationCount="551"/><InteractionEvent Delta="null" EndDate="2014-11-25 11:06:56.337 JST" Interest="9.418003" Kind="manipulation" Navigation="null" OriginId="org.eclipse.mylyn.core.model.interest.decay.correction" StartDate="2014-11-25 10:45:32.116 JST" StructureHandle="=CutPlanner_A/src&amp;lt;cp.main{DeviceListActv.java[DeviceListActv~onCreate~QBundle;[~onItemClick~QAdapterView\&amp;lt;*&amp;gt;;~QView;~I~J" StructureKind="java" NumEvents="3" CreationCount="551"/><InteractionEvent Delta="null" EndDate="2014-11-25 11:07:43.552 JST" Interest="36.0" Kind="edit" Navigation="null" OriginId="org.eclipse.jdt.ui.CompilationUnitEditor" StartDate="2014-11-25 10:33:49.502 JST" StructureHandle="=CutPlanner_A/src&amp;lt;cp.main{DeviceListActv.java[DeviceListActv~onCreate~QBundle;[~onItemClick~QAdapterView\&amp;lt;*&amp;gt;;~QView;~I~J" StructureKind="java" NumEvents="36" CreationCount="551"/><InteractionEvent Delta="null" EndDate="2014-11-25 10:20:38.815 JST" Interest="25.0" Kind="propagation" Navigation="null" OriginId="org.eclipse.ui.views.ResourceNavigator" StartDate="2014-11-25 10:15:50.131 JST" StructureHandle="/BluetoothSample/src/org/japan/techbooster/sample/BlueTooth/BlueToothSample.java" StructureKind="resource" NumEvents="25" CreationCount="77"/><InteractionEvent Delta="null" EndDate="2014-11-25 11:19:20.206 JST" Interest="8.0" Kind="selection" Navigation="null" OriginId="org.eclipse.ui.views.ResourceNavigator" StartDate="2014-11-25 10:25:11.3 JST" StructureHandle="/BluetoothSample/AndroidManifest.xml" StructureKind="resource" NumEvents="8" CreationCount="260"/><InteractionEvent Delta="null" EndDate="2014-11-25 11:19:20.206 JST" Interest="31.575" Kind="manipulation" Navigation="null" OriginId="org.eclipse.mylyn.core.model.interest.decay.correction" StartDate="2014-11-25 11:19:20.206 JST" StructureHandle="/BluetoothSample/AndroidManifest.xml" StructureKind="resource"/><InteractionEvent Delta="null" EndDate="2014-11-25 10:27:39.553 JST" Interest="5.0" Kind="edit" Navigation="null" OriginId="com.android.ide.eclipse.editors.manifest.ManifestEditor" StartDate="2014-11-25 10:25:58.263 JST" StructureHandle="/BluetoothSample/AndroidManifest.xml" StructureKind="resource" NumEvents="5" CreationCount="260"/><InteractionEvent Delta="null" EndDate="2014-11-25 11:04:48.116 JST" Interest="20.0" Kind="propagation" Navigation="null" OriginId="org.eclipse.jdt.ui.CompilationUnitEditor" StartDate="2014-11-25 10:15:19.76 JST" StructureHandle="/CutPlanner_A/src/cp/main/MainActv.java" StructureKind="resource" NumEvents="20" CreationCount="69"/><InteractionEvent Delta="null" EndDate="2014-11-25 11:03:48.536 JST" Interest="22.907001" Kind="manipulation" Navigation="null" OriginId="org.eclipse.mylyn.core.model.interest.decay.correction" StartDate="2014-11-25 10:41:33.913 JST" StructureHandle="/CutPlanner_A/src/cp/main/MainActv.java" StructureKind="resource" NumEvents="3" CreationCount="69"/><InteractionEvent Delta="null" EndDate="2014-11-25 11:20:17.381 JST" Interest="3.0" Kind="selection" Navigation="null" OriginId="org.eclipse.jdt.ui.CompilationUnitEditor" StartDate="2014-11-25 11:00:58.844 JST" StructureHandle="=CutPlanner_A/src&amp;lt;cp.utils{BluetoothClientThread.java[BluetoothClientThread~run" StructureKind="java" NumEvents="3" CreationCount="2192"/><InteractionEvent Delta="null" EndDate="2014-11-25 11:24:13.342 JST" Interest="87.0" Kind="edit" Navigation="null" OriginId="org.eclipse.jdt.ui.CompilationUnitEditor" StartDate="2014-11-25 11:01:04.306 JST" StructureHandle="=CutPlanner_A/src&amp;lt;cp.utils{BluetoothClientThread.java[BluetoothClientThread~run" StructureKind="java" NumEvents="87" CreationCount="2192"/><InteractionEvent Delta="null" EndDate="2014-11-25 10:28:04.684 JST" Interest="1.0" Kind="selection" Navigation="null" OriginId="org.eclipse.jdt.ui.CompilationUnitEditor" StartDate="2014-11-25 10:28:04.684 JST" StructureHandle="=BluetoothSample/src&amp;lt;org.japan.techbooster.sample.BlueTooth{DeviceListActivity.java[DeviceListActivity~onStart" StructureKind="java"/><InteractionEvent Delta="null" EndDate="2014-11-25 10:28:21.374 JST" Interest="1.0" Kind="edit" Navigation="null" OriginId="org.eclipse.jdt.ui.CompilationUnitEditor" StartDate="2014-11-25 10:28:21.374 JST" StructureHandle="=BluetoothSample/src&amp;lt;org.japan.techbooster.sample.BlueTooth{DeviceListActivity.java[DeviceListActivity~onStart" StructureKind="java"/><InteractionEvent Delta="null" EndDate="2014-11-25 10:25:22.833 JST" Interest="2.0" Kind="propagation" Navigation="null" OriginId="org.eclipse.jdt.ui.PackageExplorer" StartDate="2014-11-25 10:25:05.688 JST" StructureHandle="/CutPlanner_A/src/cp/utils/Tags.java" StructureKind="resource" NumEvents="2" CreationCount="258"/><InteractionEvent Delta="null" EndDate="2014-11-25 11:24:28.891 JST" Interest="11.0" Kind="selection" Navigation="null" OriginId="com.android.ide.eclipse.editors.manifest.ManifestEditor" StartDate="2014-11-25 10:15:09.371 JST" StructureHandle="/CutPlanner_A/AndroidManifest.xml" StructureKind="resource" NumEvents="11" CreationCount="63"/><InteractionEvent Delta="null" EndDate="2014-11-25 11:24:28.929 JST" Interest="8.0" Kind="edit" Navigation="null" OriginId="com.android.ide.eclipse.editors.manifest.ManifestEditor" StartDate="2014-11-25 11:19:11.731 JST" StructureHandle="/CutPlanner_A/AndroidManifest.xml" StructureKind="resource" NumEvents="8" CreationCount="63"/><InteractionEvent Delta="null" EndDate="2014-11-25 11:18:35.482 JST" Interest="39.339" Kind="manipulation" Navigation="null" OriginId="org.eclipse.mylyn.core.model.interest.decay.correction" StartDate="2014-11-25 10:25:26.491 JST" StructureHandle="/CutPlanner_A/AndroidManifest.xml" StructureKind="resource" NumEvents="3" CreationCount="63"/></InteractionHistory>