<?xml version="1.0" encoding="UTF-8"?><InteractionHistory Id="local-133" Version="1"><InteractionEvent Delta="null" EndDate="2014-10-08 08:54:26.604 JST" Interest="1200.0509" Kind="propagation" Navigation="org.eclipse.mylyn.core.model.edges.containment" OriginId="org.eclipse.mylyn.core.model.interest.propagation" StartDate="2014-10-08 07:53:54.190 JST" StructureHandle="" StructureKind="java" NumEvents="1204" CreationCount="1"/><InteractionEvent Delta="null" EndDate="2014-10-08 08:18:18.74 JST" Interest="52.0" Kind="propagation" Navigation="null" OriginId="org.eclipse.jdt.ui.CompilationUnitEditor" StartDate="2014-10-08 07:54:11.35 JST" StructureHandle="/TA2/src/ta2/utils/CONS.java" StructureKind="resource" NumEvents="52" CreationCount="4"/><InteractionEvent Delta="null" EndDate="2014-10-08 08:09:26.751 JST" Interest="1.0" Kind="selection" Navigation="null" OriginId="org.eclipse.jdt.ui.CompilationUnitEditor" StartDate="2014-10-08 08:09:26.751 JST" StructureHandle="=TA2/src&amp;lt;ta2.items{Memo.java[Memo~getDb_Id" StructureKind="java"/><InteractionEvent Delta="null" EndDate="2014-10-08 08:09:29.131 JST" Interest="1.0" Kind="edit" Navigation="null" OriginId="org.eclipse.jdt.ui.CompilationUnitEditor" StartDate="2014-10-08 08:09:29.131 JST" StructureHandle="=TA2/src&amp;lt;ta2.items{Memo.java[Memo~getDb_Id" StructureKind="java"/><InteractionEvent Delta="null" EndDate="2014-10-08 07:57:35.696 JST" Interest="5.0" Kind="selection" Navigation="null" OriginId="org.eclipse.jdt.ui.CompilationUnitEditor" StartDate="2014-10-08 07:56:41.99 JST" StructureHandle="=IFM11/src&amp;lt;ifm11.main{MainActv.java[MainActv~_Setup_InitVars" StructureKind="java" NumEvents="5" CreationCount="69"/><InteractionEvent Delta="null" EndDate="2014-10-08 07:56:55.581 JST" Interest="5.0" Kind="edit" Navigation="null" OriginId="org.eclipse.jdt.ui.CompilationUnitEditor" StartDate="2014-10-08 07:56:41.128 JST" StructureHandle="=IFM11/src&amp;lt;ifm11.main{MainActv.java[MainActv~_Setup_InitVars" StructureKind="java" NumEvents="5" CreationCount="69"/><InteractionEvent Delta="null" EndDate="2014-10-08 07:55:55.170 JST" Interest="1.0" Kind="selection" Navigation="null" OriginId="org.eclipse.ui.views.ContentOutline" StartDate="2014-10-08 07:55:55.170 JST" StructureHandle="=TA2/src&amp;lt;ta2.main{ShowListActv.java%ta2.main" StructureKind="java"/><InteractionEvent Delta="null" EndDate="2014-10-08 08:00:31.128 JST" Interest="1.0" Kind="propagation" Navigation="null" OriginId="org.eclipse.ui.views.ResourceNavigator" StartDate="2014-10-08 08:00:31.128 JST" StructureHandle="/IFM11/src/ifm11/comps" StructureKind="resource"/><InteractionEvent Delta="null" EndDate="2014-10-08 08:28:27.51 JST" Interest="200.017" Kind="propagation" Navigation="null" OriginId="org.eclipse.jdt.ui.CompilationUnitEditor" StartDate="2014-10-08 07:54:09.56 JST" StructureHandle="/TA2/src/ta2/utils" StructureKind="resource" NumEvents="202" CreationCount="3"/><InteractionEvent Delta="null" EndDate="2014-10-08 08:52:39.255 JST" Interest="398.059" Kind="propagation" Navigation="org.eclipse.mylyn.core.model.edges.containment" OriginId="org.eclipse.mylyn.core.model.interest.propagation" StartDate="2014-10-08 07:54:09.56 JST" StructureHandle="/TA2/src/ta2" StructureKind="resource" NumEvents="401" CreationCount="3"/><InteractionEvent Delta="null" EndDate="2014-10-08 08:01:56.299 JST" Interest="6.5" Kind="propagation" Navigation="org.eclipse.mylyn.core.model.edges.containment" OriginId="org.eclipse.mylyn.core.model.interest.propagation" StartDate="2014-10-08 08:01:47.960 JST" StructureHandle="=TA2/src&amp;lt;ta2.main{PlayActv.java[PlayActv" StructureKind="java" NumEvents="8" CreationCount="345"/><InteractionEvent Delta="null" EndDate="2014-10-08 08:28:27.50 JST" Interest="7.0" Kind="selection" Navigation="null" OriginId="org.eclipse.jdt.ui.CompilationUnitEditor" StartDate="2014-10-08 08:05:23.891 JST" StructureHandle="=TA2/src&amp;lt;ta2.utils{Methods_dlg.java[Methods_dlg~dlg_ShowListActv_LongClick~QActivity;~QMemo;" StructureKind="java" NumEvents="7" CreationCount="427"/><InteractionEvent Delta="null" EndDate="2014-10-08 08:28:27.50 JST" Interest="0.50199986" Kind="manipulation" Navigation="null" OriginId="org.eclipse.mylyn.core.model.interest.decay.correction" StartDate="2014-10-08 08:28:27.50 JST" StructureHandle="=TA2/src&amp;lt;ta2.utils{Methods_dlg.java[Methods_dlg~dlg_ShowListActv_LongClick~QActivity;~QMemo;" StructureKind="java"/><InteractionEvent Delta="null" EndDate="2014-10-08 08:05:48.785 JST" Interest="3.0" Kind="edit" Navigation="null" OriginId="org.eclipse.jdt.ui.CompilationUnitEditor" StartDate="2014-10-08 08:05:24.857 JST" StructureHandle="=TA2/src&amp;lt;ta2.utils{Methods_dlg.java[Methods_dlg~dlg_ShowListActv_LongClick~QActivity;~QMemo;" StructureKind="java" NumEvents="3" CreationCount="427"/><InteractionEvent Delta="null" EndDate="2014-10-08 07:59:16.164 JST" Interest="1.0" Kind="selection" Navigation="null" OriginId="org.eclipse.jdt.ui.CompilationUnitEditor" StartDate="2014-10-08 07:59:16.164 JST" StructureHandle="=TA2/src&amp;lt;ta2.utils{CONS.java[CONS[Pref^pkey_PlayActv_CurrentFileName" StructureKind="java"/><InteractionEvent Delta="null" EndDate="2014-10-08 08:09:26.44 JST" Interest="1.0" Kind="selection" Navigation="null" OriginId="org.eclipse.jdt.ui.CompilationUnitEditor" StartDate="2014-10-08 08:09:26.44 JST" StructureHandle="=TA2/src&amp;lt;ta2.items{Memo.java" StructureKind="java"/><InteractionEvent Delta="null" EndDate="2014-10-08 08:09:29.132 JST" Interest="0.71700007" Kind="propagation" Navigation="org.eclipse.mylyn.core.model.edges.containment" OriginId="org.eclipse.mylyn.core.model.interest.propagation" StartDate="2014-10-08 08:09:26.752 JST" StructureHandle="=TA2/src&amp;lt;ta2.items{Memo.java" StructureKind="java" NumEvents="2" CreationCount="506"/><InteractionEvent Delta="null" EndDate="2014-10-08 08:01:55.397 JST" Interest="7.0" Kind="selection" Navigation="null" OriginId="org.eclipse.jdt.ui.CompilationUnitEditor" StartDate="2014-10-08 08:01:25.54 JST" StructureHandle="=TA2/src&amp;lt;ta2.listeners.button{BO_CL.java[BO_CL~case_ACTV_MEMO_EDIT_SAVE" StructureKind="java" NumEvents="7" CreationCount="324"/><InteractionEvent Delta="null" EndDate="2014-10-08 08:01:39.392 JST" Interest="7.0" Kind="edit" Navigation="null" OriginId="org.eclipse.jdt.ui.CompilationUnitEditor" StartDate="2014-10-08 08:01:25.652 JST" StructureHandle="=TA2/src&amp;lt;ta2.listeners.button{BO_CL.java[BO_CL~case_ACTV_MEMO_EDIT_SAVE" StructureKind="java" NumEvents="7" CreationCount="324"/><InteractionEvent Delta="null" EndDate="2014-10-08 07:58:41.971 JST" Interest="5.0" Kind="selection" Navigation="null" OriginId="org.eclipse.jdt.ui.CompilationUnitEditor" StartDate="2014-10-08 07:55:29.311 JST" StructureHandle="=TA2/src&amp;lt;ta2.main{ShowListActv.java[ShowListActv" StructureKind="java" NumEvents="5" CreationCount="35"/><InteractionEvent Delta="null" EndDate="2014-10-08 08:35:37.839 JST" Interest="99.654" Kind="propagation" Navigation="org.eclipse.mylyn.core.model.edges.containment" OriginId="org.eclipse.mylyn.core.model.interest.propagation" StartDate="2014-10-08 07:55:32.215 JST" StructureHandle="=TA2/src&amp;lt;ta2.main{ShowListActv.java[ShowListActv" StructureKind="java" NumEvents="138" CreationCount="35"/><InteractionEvent Delta="null" EndDate="2014-10-08 07:58:41.979 JST" Interest="6.0" Kind="edit" Navigation="null" OriginId="org.eclipse.jdt.ui.CompilationUnitEditor" StartDate="2014-10-08 07:56:51.40 JST" StructureHandle="=TA2/src&amp;lt;ta2.main{ShowListActv.java[ShowListActv" StructureKind="java" NumEvents="6" CreationCount="35"/><InteractionEvent Delta="null" EndDate="2014-10-08 08:49:38.865 JST" Interest="39.699997" Kind="propagation" Navigation="org.eclipse.mylyn.core.model.edges.containment" OriginId="org.eclipse.mylyn.core.model.interest.propagation" StartDate="2014-10-08 08:05:17.207 JST" StructureHandle="=TA2/src&amp;lt;ta2.listeners{LOI_LCL.java[LOI_LCL" StructureKind="java" NumEvents="59" CreationCount="421"/><InteractionEvent Delta="null" EndDate="2014-10-08 08:28:29.17 JST" Interest="18.0" Kind="selection" Navigation="null" OriginId="org.eclipse.jdt.ui.CompilationUnitEditor" StartDate="2014-10-08 07:56:11.983 JST" StructureHandle="=IFM11/src&amp;lt;ifm11.main{MainActv.java" StructureKind="java" NumEvents="18" CreationCount="50"/><InteractionEvent Delta="null" EndDate="2014-10-08 08:16:12.546 JST" Interest="42.350998" Kind="propagation" Navigation="org.eclipse.mylyn.core.model.edges.containment" OriginId="org.eclipse.mylyn.core.model.interest.propagation" StartDate="2014-10-08 07:56:18.162 JST" StructureHandle="=IFM11/src&amp;lt;ifm11.main{MainActv.java" StructureKind="java" NumEvents="63" CreationCount="50"/><InteractionEvent Delta="null" EndDate="2014-10-08 07:54:21.82 JST" Interest="1.0" Kind="selection" Navigation="null" OriginId="org.eclipse.jdt.ui.CompilationUnitEditor" StartDate="2014-10-08 07:54:21.82 JST" StructureHandle="=TA2/src&amp;lt;ta2.utils{CONS.java[CONS[Pref^prefs_MainActv" StructureKind="java"/><InteractionEvent Delta="null" EndDate="2014-10-08 08:23:21.549 JST" Interest="5.0" Kind="selection" Navigation="null" OriginId="org.eclipse.jdt.ui.CompilationUnitEditor" StartDate="2014-10-08 08:18:47.168 JST" StructureHandle="=TA2/src&amp;lt;ta2.main{ShowListActv.java[ShowListActv~_Setup_Listeners" StructureKind="java" NumEvents="5" CreationCount="655"/><InteractionEvent Delta="null" EndDate="2014-10-08 08:23:24.124 JST" Interest="28.0" Kind="edit" Navigation="null" OriginId="org.eclipse.jdt.ui.CompilationUnitEditor" StartDate="2014-10-08 08:18:47.730 JST" StructureHandle="=TA2/src&amp;lt;ta2.main{ShowListActv.java[ShowListActv~_Setup_Listeners" StructureKind="java" NumEvents="28" CreationCount="655"/><InteractionEvent Delta="null" EndDate="2014-10-08 07:54:16.499 JST" Interest="1.0" Kind="selection" Navigation="null" OriginId="org.eclipse.ui.views.ContentOutline" StartDate="2014-10-08 07:54:16.499 JST" StructureHandle="=TA2/src&amp;lt;ta2.utils{CONS.java%ta2.utils" StructureKind="java"/><InteractionEvent Delta="null" EndDate="2014-10-08 08:36:36.173 JST" Interest="5.0" Kind="prediction" Navigation="null" OriginId="org.eclipse.mylyn.resources.ui.interest.updater" StartDate="2014-10-08 08:03:24.336 JST" StructureHandle="/TA2/bin/TA2.apk" StructureKind="resource" NumEvents="5" CreationCount="403"/><InteractionEvent Delta="null" EndDate="2014-10-08 08:28:29.179 JST" Interest="10.0" Kind="selection" Navigation="null" OriginId="org.eclipse.jdt.ui.CompilationUnitEditor" StartDate="2014-10-08 07:56:16.971 JST" StructureHandle="=IFM11/src&amp;lt;ifm11.main{MainActv.java[MainActv~onListItemClick~QListView;~QView;~I~J" StructureKind="java" NumEvents="10" CreationCount="53"/><InteractionEvent Delta="null" EndDate="2014-10-08 08:16:12.545 JST" Interest="69.0" Kind="edit" Navigation="null" OriginId="org.eclipse.jdt.ui.CompilationUnitEditor" StartDate="2014-10-08 07:56:17.420 JST" StructureHandle="=IFM11/src&amp;lt;ifm11.main{MainActv.java[MainActv~onListItemClick~QListView;~QView;~I~J" StructureKind="java" NumEvents="69" CreationCount="53"/><InteractionEvent Delta="null" EndDate="2014-10-08 08:28:27.999 JST" Interest="133.017" Kind="propagation" Navigation="null" OriginId="org.eclipse.jdt.ui.CompilationUnitEditor" StartDate="2014-10-08 08:01:59.938 JST" StructureHandle="/TA2/src/ta2/listeners/dialog" StructureKind="resource" NumEvents="134" CreationCount="360"/><InteractionEvent Delta="null" EndDate="2014-10-08 08:28:29.180 JST" Interest="127.05101" Kind="propagation" Navigation="org.eclipse.mylyn.core.model.edges.containment" OriginId="org.eclipse.mylyn.core.model.interest.propagation" StartDate="2014-10-08 07:56:07.858 JST" StructureHandle="=IFM11" StructureKind="resource" NumEvents="131" CreationCount="47"/><InteractionEvent Delta="null" EndDate="2014-10-08 08:28:25.647 JST" Interest="10.0" Kind="selection" Navigation="null" OriginId="org.eclipse.jdt.ui.CompilationUnitEditor" StartDate="2014-10-08 08:06:13.260 JST" StructureHandle="=TA2/src&amp;lt;ta2.utils{Methods.java" StructureKind="java" NumEvents="10" CreationCount="437"/><InteractionEvent Delta="null" EndDate="2014-10-08 08:27:02.715 JST" Interest="47.883" Kind="propagation" Navigation="org.eclipse.mylyn.core.model.edges.containment" OriginId="org.eclipse.mylyn.core.model.interest.propagation" StartDate="2014-10-08 08:08:05.805 JST" StructureHandle="=TA2/src&amp;lt;ta2.utils{Methods.java" StructureKind="java" NumEvents="71" CreationCount="437"/><InteractionEvent Delta="null" EndDate="2014-10-08 07:59:22.27 JST" Interest="2.0" Kind="selection" Navigation="null" OriginId="org.eclipse.jdt.ui.CompilationUnitEditor" StartDate="2014-10-08 07:59:01.51 JST" StructureHandle="=TA2/src&amp;lt;ta2.utils{CONS.java[CONS[Pref^pname_MainActv" StructureKind="java" NumEvents="2" CreationCount="221"/><InteractionEvent Delta="null" EndDate="2014-10-08 07:59:02.56 JST" Interest="1.0" Kind="edit" Navigation="null" OriginId="org.eclipse.jdt.ui.CompilationUnitEditor" StartDate="2014-10-08 07:59:02.56 JST" StructureHandle="=TA2/src&amp;lt;ta2.utils{CONS.java[CONS[Pref^pname_MainActv" StructureKind="java"/><InteractionEvent Delta="null" EndDate="2014-10-08 08:28:27.51 JST" Interest="19.0" Kind="propagation" Navigation="null" OriginId="org.eclipse.jdt.ui.CompilationUnitEditor" StartDate="2014-10-08 08:05:23.126 JST" StructureHandle="/TA2/src/ta2/utils/Methods_dlg.java" StructureKind="resource" NumEvents="19" CreationCount="426"/><InteractionEvent Delta="null" EndDate="2014-10-08 08:18:18.73 JST" Interest="2.0" Kind="selection" Navigation="null" OriginId="org.eclipse.jdt.ui.CompilationUnitEditor" StartDate="2014-10-08 07:59:33.573 JST" StructureHandle="=TA2/src&amp;lt;ta2.utils{CONS.java[CONS[Pref^pname_ShowListActv" StructureKind="java" NumEvents="2" CreationCount="237"/><InteractionEvent Delta="null" EndDate="2014-10-08 08:18:18.74 JST" Interest="3.1530006" Kind="manipulation" Navigation="null" OriginId="org.eclipse.mylyn.core.model.interest.decay.correction" StartDate="2014-10-08 08:18:18.74 JST" StructureHandle="=TA2/src&amp;lt;ta2.utils{CONS.java[CONS[Pref^pname_ShowListActv" StructureKind="java"/><InteractionEvent Delta="null" EndDate="2014-10-08 07:59:41.871 JST" Interest="4.0" Kind="edit" Navigation="null" OriginId="org.eclipse.jdt.ui.CompilationUnitEditor" StartDate="2014-10-08 07:59:36.801 JST" StructureHandle="=TA2/src&amp;lt;ta2.utils{CONS.java[CONS[Pref^pname_ShowListActv" StructureKind="java" NumEvents="4" CreationCount="237"/><InteractionEvent Delta="null" EndDate="2014-10-08 08:54:26.604 JST" Interest="1206.0" Kind="propagation" Navigation="org.eclipse.mylyn.core.model.edges.containment" OriginId="org.eclipse.mylyn.core.model.interest.propagation" StartDate="2014-10-08 07:53:54.190 JST" StructureHandle="/" StructureKind="resource" NumEvents="1206" CreationCount="1"/><InteractionEvent Delta="null" EndDate="2014-10-08 08:05:04.152 JST" Interest="1.0" Kind="selection" Navigation="null" OriginId="org.eclipse.jdt.ui.PackageExplorer" StartDate="2014-10-08 08:05:04.152 JST" StructureHandle="=TA2/src&amp;lt;ta2.listeners.dialog{DB_OTL.java" StructureKind="java"/><InteractionEvent Delta="null" EndDate="2014-10-08 08:03:24.355 JST" Interest="1.0" Kind="propagation" Navigation="org.eclipse.mylyn.core.model.edges.containment" OriginId="org.eclipse.mylyn.core.model.interest.propagation" StartDate="2014-10-08 08:03:24.355 JST" StructureHandle="/TA2/bin" StructureKind="resource"/><InteractionEvent Delta="null" EndDate="2014-10-08 08:52:43.324 JST" Interest="21.0" Kind="selection" Navigation="null" OriginId="org.eclipse.jdt.ui.CompilationUnitEditor" StartDate="2014-10-08 07:55:06.317 JST" StructureHandle="=TA2/src&amp;lt;ta2.main{ShowListActv.java" StructureKind="java" NumEvents="21" CreationCount="30"/><InteractionEvent Delta="null" EndDate="2014-10-08 08:35:37.840 JST" Interest="87.539" Kind="propagation" Navigation="org.eclipse.mylyn.core.model.edges.containment" OriginId="org.eclipse.mylyn.core.model.interest.propagation" StartDate="2014-10-08 07:55:34.775 JST" StructureHandle="=TA2/src&amp;lt;ta2.main{ShowListActv.java" StructureKind="java" NumEvents="130" CreationCount="30"/><InteractionEvent Delta="null" EndDate="2014-10-08 07:56:59.5 JST" Interest="2.0" Kind="edit" Navigation="null" OriginId="org.eclipse.jdt.ui.CompilationUnitEditor" StartDate="2014-10-08 07:55:07.230 JST" StructureHandle="=TA2/src&amp;lt;ta2.main{ShowListActv.java" StructureKind="java" NumEvents="2" CreationCount="30"/><InteractionEvent Delta="null" EndDate="2014-10-08 08:28:26.874 JST" Interest="9.0" Kind="selection" Navigation="null" OriginId="org.eclipse.jdt.ui.CompilationUnitEditor" StartDate="2014-10-08 08:05:23.125 JST" StructureHandle="=TA2/src&amp;lt;ta2.utils{Methods_dlg.java" StructureKind="java" NumEvents="9" CreationCount="426"/><InteractionEvent Delta="null" EndDate="2014-10-08 08:23:20.795 JST" Interest="2.117" Kind="propagation" Navigation="org.eclipse.mylyn.core.model.edges.containment" OriginId="org.eclipse.mylyn.core.model.interest.propagation" StartDate="2014-10-08 08:05:23.892 JST" StructureHandle="=TA2/src&amp;lt;ta2.utils{Methods_dlg.java" StructureKind="java" NumEvents="5" CreationCount="426"/><InteractionEvent Delta="null" EndDate="2014-10-08 08:54:26.603 JST" Interest="352.017" Kind="propagation" Navigation="null" OriginId="org.eclipse.jdt.ui.CompilationUnitEditor" StartDate="2014-10-08 07:55:04.429 JST" StructureHandle="/TA2/src/ta2/main" StructureKind="resource" NumEvents="353" CreationCount="29"/><InteractionEvent Delta="null" EndDate="2014-10-08 08:16:53.752 JST" Interest="2.0" Kind="selection" Navigation="null" OriginId="org.eclipse.jdt.ui.PackageExplorer" StartDate="2014-10-08 08:00:36.869 JST" StructureHandle="=TA2/src&amp;lt;ta2.listeners.button" StructureKind="java" NumEvents="2" CreationCount="313"/><InteractionEvent Delta="null" EndDate="2014-10-08 08:01:55.297 JST" Interest="11.087" Kind="propagation" Navigation="org.eclipse.mylyn.core.model.edges.containment" OriginId="org.eclipse.mylyn.core.model.interest.propagation" StartDate="2014-10-08 08:00:46.560 JST" StructureHandle="=TA2/src&amp;lt;ta2.listeners.button" StructureKind="java" NumEvents="21" CreationCount="313"/><InteractionEvent Delta="null" EndDate="2014-10-08 08:28:25.841 JST" Interest="129.0" Kind="propagation" Navigation="null" OriginId="org.eclipse.jdt.ui.CompilationUnitEditor" StartDate="2014-10-08 08:06:13.261 JST" StructureHandle="/TA2/src/ta2/utils/Methods.java" StructureKind="resource" NumEvents="129" CreationCount="437"/><InteractionEvent Delta="null" EndDate="2014-10-08 08:49:38.865 JST" Interest="84.0" Kind="propagation" Navigation="null" OriginId="org.eclipse.jdt.ui.CompilationUnitEditor" StartDate="2014-10-08 08:05:11.485 JST" StructureHandle="/TA2/src/ta2/listeners/LOI_LCL.java" StructureKind="resource" NumEvents="84" CreationCount="418"/><InteractionEvent Delta="null" EndDate="2014-10-08 08:01:59.938 JST" Interest="1.0" Kind="selection" Navigation="null" OriginId="org.eclipse.jdt.ui.PackageExplorer" StartDate="2014-10-08 08:01:59.938 JST" StructureHandle="=TA2/src&amp;lt;ta2.listeners.dialog" StructureKind="java"/><InteractionEvent Delta="null" EndDate="2014-10-08 08:28:25.321 JST" Interest="65.485" Kind="propagation" Navigation="org.eclipse.mylyn.core.model.edges.containment" OriginId="org.eclipse.mylyn.core.model.interest.propagation" StartDate="2014-10-08 08:02:02.42 JST" StructureHandle="=TA2/src&amp;lt;ta2.listeners.dialog" StructureKind="java" NumEvents="97" CreationCount="360"/><InteractionEvent Delta="null" EndDate="2014-10-08 08:16:58.600 JST" Interest="4.0" Kind="selection" Navigation="null" OriginId="org.eclipse.ui.views.ContentOutline" StartDate="2014-10-08 08:02:04.787 JST" StructureHandle="=TA2/src&amp;lt;ta2.listeners.dialog{DB_OCL.java[DB_OCL~DB_OCL~QActivity;~QDialog;~QDialog;~QDialog;" StructureKind="java" NumEvents="4" CreationCount="364"/><InteractionEvent Delta="null" EndDate="2014-10-08 08:16:58.600 JST" Interest="1.4880004" Kind="manipulation" Navigation="null" OriginId="org.eclipse.mylyn.core.model.interest.decay.correction" StartDate="2014-10-08 08:16:58.600 JST" StructureHandle="=TA2/src&amp;lt;ta2.listeners.dialog{DB_OCL.java[DB_OCL~DB_OCL~QActivity;~QDialog;~QDialog;~QDialog;" StructureKind="java"/><InteractionEvent Delta="null" EndDate="2014-10-08 08:00:49.50 JST" Interest="1.0" Kind="selection" Navigation="null" OriginId="org.eclipse.ui.views.ContentOutline" StartDate="2014-10-08 08:00:49.50 JST" StructureHandle="=TA2/src&amp;lt;ta2.listeners.button{BO_CL.java%ta2.listeners.button" StructureKind="java"/><InteractionEvent Delta="null" EndDate="2014-10-08 08:19:33.876 JST" Interest="2.0" Kind="selection" Navigation="null" OriginId="org.eclipse.jdt.ui.CompilationUnitEditor" StartDate="2014-10-08 08:19:04.634 JST" StructureHandle="=TA2/src&amp;lt;ta2.listeners{LOI_LCL.java[LOI_LCL~LOI_LCL~QActivity;" StructureKind="java" NumEvents="2" CreationCount="677"/><InteractionEvent Delta="null" EndDate="2014-10-08 08:01:55.397 JST" Interest="12.019" Kind="propagation" Navigation="org.eclipse.mylyn.core.model.edges.containment" OriginId="org.eclipse.mylyn.core.model.interest.propagation" StartDate="2014-10-08 08:00:50.847 JST" StructureHandle="=TA2/src&amp;lt;ta2.listeners.button{BO_CL.java[BO_CL" StructureKind="java" NumEvents="16" CreationCount="317"/><InteractionEvent Delta="null" EndDate="2014-10-08 08:35:33.782 JST" Interest="13.0" Kind="selection" Navigation="null" OriginId="org.eclipse.jdt.ui.CompilationUnitEditor" StartDate="2014-10-08 07:58:44.148 JST" StructureHandle="=TA2/src&amp;lt;ta2.main{ShowListActv.java[ShowListActv~_ItemClick_SetPref_CurrentPosition~I" StructureKind="java" NumEvents="13" CreationCount="197"/><InteractionEvent Delta="null" EndDate="2014-10-08 08:35:37.839 JST" Interest="133.0" Kind="edit" Navigation="null" OriginId="org.eclipse.jdt.ui.CompilationUnitEditor" StartDate="2014-10-08 07:58:44.156 JST" StructureHandle="=TA2/src&amp;lt;ta2.main{ShowListActv.java[ShowListActv~_ItemClick_SetPref_CurrentPosition~I" StructureKind="java" NumEvents="133" CreationCount="197"/><InteractionEvent Delta="null" EndDate="2014-10-08 08:52:38.682 JST" Interest="4.0" Kind="selection" Navigation="null" OriginId="org.eclipse.jdt.ui.CompilationUnitEditor" StartDate="2014-10-08 08:52:34.598 JST" StructureHandle="=TA2/src&amp;lt;ta2.adapters{Adp_MemoList.java#" StructureKind="java" NumEvents="4" CreationCount="1304"/><InteractionEvent Delta="null" EndDate="2014-10-08 07:59:23.742 JST" Interest="2.0" Kind="selection" Navigation="null" OriginId="org.eclipse.jdt.ui.CompilationUnitEditor" StartDate="2014-10-08 07:54:26.955 JST" StructureHandle="=TA2/src&amp;lt;ta2.utils{CONS.java[CONS[Pref^pkey_ShowListActv_Filter_String" StructureKind="java" NumEvents="2" CreationCount="11"/><InteractionEvent Delta="null" EndDate="2014-10-08 07:59:23.742 JST" Interest="1.306" Kind="manipulation" Navigation="null" OriginId="org.eclipse.mylyn.core.model.interest.decay.correction" StartDate="2014-10-08 07:59:23.742 JST" StructureHandle="=TA2/src&amp;lt;ta2.utils{CONS.java[CONS[Pref^pkey_ShowListActv_Filter_String" StructureKind="java"/><InteractionEvent Delta="null" EndDate="2014-10-08 07:59:25.894 JST" Interest="4.0" Kind="edit" Navigation="null" OriginId="org.eclipse.jdt.ui.CompilationUnitEditor" StartDate="2014-10-08 07:54:28.557 JST" StructureHandle="=TA2/src&amp;lt;ta2.utils{CONS.java[CONS[Pref^pkey_ShowListActv_Filter_String" StructureKind="java" NumEvents="4" CreationCount="11"/><InteractionEvent Delta="null" EndDate="2014-10-08 08:28:29.180 JST" Interest="127.0" Kind="propagation" Navigation="null" OriginId="org.eclipse.jdt.ui.CompilationUnitEditor" StartDate="2014-10-08 07:56:11.984 JST" StructureHandle="/IFM11/src/ifm11/main/MainActv.java" StructureKind="resource" NumEvents="127" CreationCount="50"/><InteractionEvent Delta="null" EndDate="2014-10-08 08:52:30.120 JST" Interest="235.11" Kind="propagation" Navigation="org.eclipse.mylyn.core.model.edges.containment" OriginId="org.eclipse.mylyn.core.model.interest.propagation" StartDate="2014-10-08 08:26:01.503 JST" StructureHandle="=TA2/src&amp;lt;ta2.adapters{Adp_MemoList.java[Adp_MemoList" StructureKind="java" NumEvents="332" CreationCount="832"/><InteractionEvent Delta="null" EndDate="2014-10-08 08:09:29.132 JST" Interest="1.7" Kind="propagation" Navigation="org.eclipse.mylyn.core.model.edges.containment" OriginId="org.eclipse.mylyn.core.model.interest.propagation" StartDate="2014-10-08 08:09:26.751 JST" StructureHandle="=TA2/src&amp;lt;ta2.items{Memo.java[Memo" StructureKind="java" NumEvents="2" CreationCount="507"/><InteractionEvent Delta="null" EndDate="2014-10-08 08:01:56.299 JST" Interest="3.0" Kind="selection" Navigation="null" OriginId="org.eclipse.jdt.ui.CompilationUnitEditor" StartDate="2014-10-08 08:01:47.960 JST" StructureHandle="=TA2/src&amp;lt;ta2.main{PlayActv.java[PlayActv~_Setup_Listeners" StructureKind="java" NumEvents="3" CreationCount="345"/><InteractionEvent Delta="null" EndDate="2014-10-08 08:01:49.336 JST" Interest="5.0" Kind="edit" Navigation="null" OriginId="org.eclipse.jdt.ui.CompilationUnitEditor" StartDate="2014-10-08 08:01:48.100 JST" StructureHandle="=TA2/src&amp;lt;ta2.main{PlayActv.java[PlayActv~_Setup_Listeners" StructureKind="java" NumEvents="5" CreationCount="345"/><InteractionEvent Delta="null" EndDate="2014-10-08 08:28:27.998 JST" Interest="10.627001" Kind="propagation" Navigation="org.eclipse.mylyn.core.model.edges.containment" OriginId="org.eclipse.mylyn.core.model.interest.propagation" StartDate="2014-10-08 08:05:54.975 JST" StructureHandle="=TA2/src&amp;lt;ta2.listeners.dialog{DOI_CL.java[DOI_CL" StructureKind="java" NumEvents="11" CreationCount="432"/><InteractionEvent Delta="null" EndDate="2014-10-08 08:15:26.18 JST" Interest="59.417" Kind="propagation" Navigation="org.eclipse.mylyn.core.model.edges.containment" OriginId="org.eclipse.mylyn.core.model.interest.propagation" StartDate="2014-10-08 08:02:04.787 JST" StructureHandle="=TA2/src&amp;lt;ta2.listeners.dialog{DB_OCL.java[DB_OCL" StructureKind="java" NumEvents="83" CreationCount="364"/><InteractionEvent Delta="null" EndDate="2014-10-08 08:01:59.847 JST" Interest="13.0" Kind="propagation" Navigation="null" OriginId="org.eclipse.jdt.ui.PackageExplorer" StartDate="2014-10-08 08:01:44.412 JST" StructureHandle="/TA2/src/ta2/main/PlayActv.java" StructureKind="resource" NumEvents="13" CreationCount="342"/><InteractionEvent Delta="null" EndDate="2014-10-08 08:31:56.498 JST" Interest="6.0" Kind="selection" Navigation="null" OriginId="org.eclipse.jdt.ui.CompilationUnitEditor" StartDate="2014-10-08 08:27:11.612 JST" StructureHandle="=TA2/src&amp;lt;ta2.adapters{Adp_MemoList.java[Adp_MemoList~getView~I~QView;~QViewGroup;" StructureKind="java" NumEvents="6" CreationCount="851"/><InteractionEvent Delta="null" EndDate="2014-10-08 08:32:00.540 JST" Interest="28.0" Kind="edit" Navigation="null" OriginId="org.eclipse.jdt.ui.CompilationUnitEditor" StartDate="2014-10-08 08:27:12.201 JST" StructureHandle="=TA2/src&amp;lt;ta2.adapters{Adp_MemoList.java[Adp_MemoList~getView~I~QView;~QViewGroup;" StructureKind="java" NumEvents="28" CreationCount="851"/><InteractionEvent Delta="null" EndDate="2014-10-08 08:01:37.335 JST" Interest="2.0" Kind="selection" Navigation="null" OriginId="org.eclipse.jdt.ui.CompilationUnitEditor" StartDate="2014-10-08 08:01:37.332 JST" StructureHandle="=TA2/src&amp;lt;ta2.listeners.button{BO_CL.java[BO_CL~onClick~QView;" StructureKind="java" NumEvents="2" CreationCount="335"/><InteractionEvent Delta="null" EndDate="2014-10-08 08:01:37.344 JST" Interest="1.0" Kind="edit" Navigation="null" OriginId="org.eclipse.jdt.ui.CompilationUnitEditor" StartDate="2014-10-08 08:01:37.344 JST" StructureHandle="=TA2/src&amp;lt;ta2.listeners.button{BO_CL.java[BO_CL~onClick~QView;" StructureKind="java"/><InteractionEvent Delta="null" EndDate="2014-10-08 08:16:53.752 JST" Interest="32.017" Kind="propagation" Navigation="null" OriginId="org.eclipse.jdt.ui.PackageExplorer" StartDate="2014-10-08 08:00:36.869 JST" StructureHandle="/TA2/src/ta2/listeners/button" StructureKind="resource" NumEvents="33" CreationCount="313"/><InteractionEvent Delta="null" EndDate="2014-10-08 08:23:30.879 JST" Interest="5.0" Kind="selection" Navigation="null" OriginId="org.eclipse.jdt.ui.CompilationUnitEditor" StartDate="2014-10-08 07:57:04.668 JST" StructureHandle="=TA2/src&amp;lt;ta2.main{ShowListActv.java[ShowListActv~_Setup_InitVars" StructureKind="java" NumEvents="5" CreationCount="92"/><InteractionEvent Delta="null" EndDate="2014-10-08 08:23:25.361 JST" Interest="9.231001" Kind="manipulation" Navigation="null" OriginId="org.eclipse.mylyn.core.model.interest.decay.correction" StartDate="2014-10-08 08:23:25.361 JST" StructureHandle="=TA2/src&amp;lt;ta2.main{ShowListActv.java[ShowListActv~_Setup_InitVars" StructureKind="java"/><InteractionEvent Delta="null" EndDate="2014-10-08 08:23:25.371 JST" Interest="4.0" Kind="edit" Navigation="null" OriginId="org.eclipse.jdt.ui.CompilationUnitEditor" StartDate="2014-10-08 07:57:04.673 JST" StructureHandle="=TA2/src&amp;lt;ta2.main{ShowListActv.java[ShowListActv~_Setup_InitVars" StructureKind="java" NumEvents="4" CreationCount="92"/><InteractionEvent Delta="null" EndDate="2014-10-08 08:25:26.825 JST" Interest="1.0" Kind="selection" Navigation="null" OriginId="org.eclipse.jdt.ui.CompilationUnitEditor" StartDate="2014-10-08 08:25:26.825 JST" StructureHandle="=TA2/src&amp;lt;ta2.utils{Methods.java[Methods~delete_Pattern~QActivity;~QDialog;~QDialog;~QWordPattern;" StructureKind="java"/><InteractionEvent Delta="null" EndDate="2014-10-08 08:52:39.254 JST" Interest="3.0" Kind="selection" Navigation="null" OriginId="org.eclipse.jdt.ui.CompilationUnitEditor" StartDate="2014-10-08 08:52:39.248 JST" StructureHandle="=TA2/src&amp;lt;ta2.adapters{Adp_MemoList.java#android.app.Activity" StructureKind="java" NumEvents="3" CreationCount="1310"/><InteractionEvent Delta="null" EndDate="2014-10-08 08:27:11.716 JST" Interest="4.0" Kind="selection" Navigation="null" OriginId="org.eclipse.jdt.ui.CompilationUnitEditor" StartDate="2014-10-08 08:26:01.503 JST" StructureHandle="=TA2/src&amp;lt;ta2.adapters{Adp_MemoList.java[Adp_MemoList^con" StructureKind="java" NumEvents="4" CreationCount="832"/><InteractionEvent Delta="null" EndDate="2014-10-08 08:26:30.948 JST" Interest="1.0" Kind="edit" Navigation="null" OriginId="org.eclipse.jdt.ui.CompilationUnitEditor" StartDate="2014-10-08 08:26:30.948 JST" StructureHandle="=TA2/src&amp;lt;ta2.adapters{Adp_MemoList.java[Adp_MemoList^con" StructureKind="java"/><InteractionEvent Delta="null" EndDate="2014-10-08 08:28:29.180 JST" Interest="127.05101" Kind="propagation" Navigation="org.eclipse.mylyn.core.model.edges.containment" OriginId="org.eclipse.mylyn.core.model.interest.propagation" StartDate="2014-10-08 07:56:07.858 JST" StructureHandle="/IFM11/src" StructureKind="resource" NumEvents="131" CreationCount="47"/><InteractionEvent Delta="null" EndDate="2014-10-08 07:56:14.563 JST" Interest="1.0" Kind="selection" Navigation="null" OriginId="org.eclipse.ui.views.ContentOutline" StartDate="2014-10-08 07:56:14.563 JST" StructureHandle="=IFM11/src&amp;lt;ifm11.main{MainActv.java%ifm11.main" StructureKind="java"/><InteractionEvent Delta="null" EndDate="2014-10-08 07:59:12.885 JST" Interest="1.0" Kind="selection" Navigation="null" OriginId="org.eclipse.jdt.ui.CompilationUnitEditor" StartDate="2014-10-08 07:59:12.885 JST" StructureHandle="=TA2/src&amp;lt;ta2.utils{CONS.java[CONS[Pref^DEFAULT_PROGRESS" StructureKind="java"/><InteractionEvent Delta="null" EndDate="2014-10-08 08:28:29.180 JST" Interest="127.034004" Kind="propagation" Navigation="org.eclipse.mylyn.core.model.edges.containment" OriginId="org.eclipse.mylyn.core.model.interest.propagation" StartDate="2014-10-08 07:56:08.720 JST" StructureHandle="/IFM11/src/ifm11" StructureKind="resource" NumEvents="129" CreationCount="48"/><InteractionEvent Delta="null" EndDate="2014-10-08 08:05:04.153 JST" Interest="1.0" Kind="propagation" Navigation="null" OriginId="org.eclipse.jdt.ui.PackageExplorer" StartDate="2014-10-08 08:05:04.153 JST" StructureHandle="/TA2/src/ta2/listeners/dialog/DB_OTL.java" StructureKind="resource"/><InteractionEvent Delta="null" EndDate="2014-10-08 08:01:59.847 JST" Interest="4.0" Kind="selection" Navigation="null" OriginId="org.eclipse.jdt.ui.PackageExplorer" StartDate="2014-10-08 08:01:44.412 JST" StructureHandle="=TA2/src&amp;lt;ta2.main{PlayActv.java" StructureKind="java" NumEvents="4" CreationCount="342"/><InteractionEvent Delta="null" EndDate="2014-10-08 08:01:56.300 JST" Interest="3.551" Kind="propagation" Navigation="org.eclipse.mylyn.core.model.edges.containment" OriginId="org.eclipse.mylyn.core.model.interest.propagation" StartDate="2014-10-08 08:01:48.557 JST" StructureHandle="=TA2/src&amp;lt;ta2.main{PlayActv.java" StructureKind="java" NumEvents="5" CreationCount="342"/><InteractionEvent Delta="null" EndDate="2014-10-08 08:09:29.132 JST" Interest="3.0" Kind="propagation" Navigation="org.eclipse.mylyn.core.model.edges.containment" OriginId="org.eclipse.mylyn.core.model.interest.propagation" StartDate="2014-10-08 08:09:26.45 JST" StructureHandle="/TA2/src/ta2/items" StructureKind="resource" NumEvents="3" CreationCount="506"/><InteractionEvent Delta="null" EndDate="2014-10-08 07:57:47.644 JST" Interest="6.0" Kind="selection" Navigation="null" OriginId="org.eclipse.jdt.ui.CompilationUnitEditor" StartDate="2014-10-08 07:57:08.425 JST" StructureHandle="=TA2/src&amp;lt;ta2.main{ShowListActv.java[ShowListActv~onStart" StructureKind="java" NumEvents="6" CreationCount="94"/><InteractionEvent Delta="null" EndDate="2014-10-08 07:57:28.92 JST" Interest="21.0" Kind="edit" Navigation="null" OriginId="org.eclipse.jdt.ui.CompilationUnitEditor" StartDate="2014-10-08 07:57:08.431 JST" StructureHandle="=TA2/src&amp;lt;ta2.main{ShowListActv.java[ShowListActv~onStart" StructureKind="java" NumEvents="21" CreationCount="94"/><InteractionEvent Delta="null" EndDate="2014-10-08 08:00:31.128 JST" Interest="1.0" Kind="selection" Navigation="null" OriginId="org.eclipse.ui.views.ResourceNavigator" StartDate="2014-10-08 08:00:31.128 JST" StructureHandle="=IFM11/src&amp;lt;ifm11.comps" StructureKind="java"/><InteractionEvent Delta="null" EndDate="2014-10-08 08:25:42.342 JST" Interest="3.0" Kind="selection" Navigation="null" OriginId="org.eclipse.jdt.ui.PackageExplorer" StartDate="2014-10-08 08:00:36.127 JST" StructureHandle="=TA2/src&amp;lt;ta2.listeners" StructureKind="java" NumEvents="3" CreationCount="312"/><InteractionEvent Delta="null" EndDate="2014-10-08 08:05:08.330 JST" Interest="0.7680001" Kind="manipulation" Navigation="null" OriginId="org.eclipse.mylyn.core.model.interest.decay.correction" StartDate="2014-10-08 08:05:08.330 JST" StructureHandle="=TA2/src&amp;lt;ta2.listeners" StructureKind="java"/><InteractionEvent Delta="null" EndDate="2014-10-08 08:49:38.866 JST" Interest="37.784996" Kind="propagation" Navigation="org.eclipse.mylyn.core.model.edges.containment" OriginId="org.eclipse.mylyn.core.model.interest.propagation" StartDate="2014-10-08 08:05:11.485 JST" StructureHandle="=TA2/src&amp;lt;ta2.listeners" StructureKind="java" NumEvents="59" CreationCount="312"/><InteractionEvent Delta="null" EndDate="2014-10-08 08:01:46.318 JST" Interest="1.0" Kind="selection" Navigation="null" OriginId="org.eclipse.ui.views.ContentOutline" StartDate="2014-10-08 08:01:46.318 JST" StructureHandle="=TA2/src&amp;lt;ta2.main{PlayActv.java%ta2.main" StructureKind="java"/><InteractionEvent Delta="null" EndDate="2014-10-08 07:56:07.858 JST" Interest="1.0" Kind="selection" Navigation="null" OriginId="org.eclipse.ui.views.ResourceNavigator" StartDate="2014-10-08 07:56:07.858 JST" StructureHandle="=IFM11/src" StructureKind="java"/><InteractionEvent Delta="null" EndDate="2014-10-08 08:28:29.17 JST" Interest="59.401997" Kind="propagation" Navigation="org.eclipse.mylyn.core.model.edges.containment" OriginId="org.eclipse.mylyn.core.model.interest.propagation" StartDate="2014-10-08 07:56:08.721 JST" StructureHandle="=IFM11/src" StructureKind="java" NumEvents="87" CreationCount="47"/><InteractionEvent Delta="null" EndDate="2014-10-08 08:28:25.321 JST" Interest="16.0" Kind="selection" Navigation="null" OriginId="org.eclipse.jdt.ui.CompilationUnitEditor" StartDate="2014-10-08 08:02:02.41 JST" StructureHandle="=TA2/src&amp;lt;ta2.listeners.dialog{DB_OCL.java" StructureKind="java" NumEvents="16" CreationCount="361"/><InteractionEvent Delta="null" EndDate="2014-10-08 08:15:26.19 JST" Interest="50.468" Kind="propagation" Navigation="org.eclipse.mylyn.core.model.edges.containment" OriginId="org.eclipse.mylyn.core.model.interest.propagation" StartDate="2014-10-08 08:02:13.504 JST" StructureHandle="=TA2/src&amp;lt;ta2.listeners.dialog{DB_OCL.java" StructureKind="java" NumEvents="77" CreationCount="361"/><InteractionEvent Delta="null" EndDate="2014-10-08 08:09:29.133 JST" Interest="1.717" Kind="propagation" Navigation="org.eclipse.mylyn.core.model.edges.containment" OriginId="org.eclipse.mylyn.core.model.interest.propagation" StartDate="2014-10-08 08:09:26.45 JST" StructureHandle="=TA2/src&amp;lt;ta2.items" StructureKind="java" NumEvents="3" CreationCount="506"/><InteractionEvent Delta="null" EndDate="2014-10-08 07:58:33.618 JST" Interest="1.0" Kind="selection" Navigation="null" OriginId="org.eclipse.jdt.ui.CompilationUnitEditor" StartDate="2014-10-08 07:58:33.618 JST" StructureHandle="=IFM11/src&amp;lt;ifm11.main{MainActv.java[MainActv~_ItemClick_SetPref_CurrentPosition~I" StructureKind="java"/><InteractionEvent Delta="null" EndDate="2014-10-08 07:58:38.388 JST" Interest="8.0" Kind="edit" Navigation="null" OriginId="org.eclipse.jdt.ui.CompilationUnitEditor" StartDate="2014-10-08 07:58:33.626 JST" StructureHandle="=IFM11/src&amp;lt;ifm11.main{MainActv.java[MainActv~_ItemClick_SetPref_CurrentPosition~I" StructureKind="java" NumEvents="8" CreationCount="183"/><InteractionEvent Delta="null" EndDate="2014-10-08 08:16:57.714 JST" Interest="2.0" Kind="selection" Navigation="null" OriginId="org.eclipse.ui.views.ContentOutline" StartDate="2014-10-08 08:02:03.961 JST" StructureHandle="=TA2/src&amp;lt;ta2.listeners.dialog{DB_OCL.java%ta2.listeners.dialog" StructureKind="java" NumEvents="2" CreationCount="363"/><InteractionEvent Delta="null" EndDate="2014-10-08 08:16:57.714 JST" Interest="3.4880004" Kind="manipulation" Navigation="null" OriginId="org.eclipse.mylyn.core.model.interest.decay.correction" StartDate="2014-10-08 08:16:57.714 JST" StructureHandle="=TA2/src&amp;lt;ta2.listeners.dialog{DB_OCL.java%ta2.listeners.dialog" StructureKind="java"/><InteractionEvent Delta="null" EndDate="2014-10-08 07:56:40.88 JST" Interest="1.0" Kind="selection" Navigation="null" OriginId="org.eclipse.jdt.ui.CompilationUnitEditor" StartDate="2014-10-08 07:56:40.88 JST" StructureHandle="=IFM11/src&amp;lt;ifm11.main{MainActv.java[MainActv~onStart" StructureKind="java"/><InteractionEvent Delta="null" EndDate="2014-10-08 07:56:40.108 JST" Interest="1.0" Kind="edit" Navigation="null" OriginId="org.eclipse.jdt.ui.CompilationUnitEditor" StartDate="2014-10-08 07:56:40.108 JST" StructureHandle="=IFM11/src&amp;lt;ifm11.main{MainActv.java[MainActv~onStart" StructureKind="java"/><InteractionEvent Delta="null" EndDate="2014-10-08 08:25:40.405 JST" Interest="1.0" Kind="propagation" Navigation="null" OriginId="org.eclipse.jdt.ui.PackageExplorer" StartDate="2014-10-08 08:25:40.405 JST" StructureHandle="/TA2/src/ta2/listeners/MP_OCmpL.java" StructureKind="resource"/><InteractionEvent Delta="null" EndDate="2014-10-08 08:28:27.999 JST" Interest="21.0" Kind="propagation" Navigation="null" OriginId="org.eclipse.jdt.ui.CompilationUnitEditor" StartDate="2014-10-08 08:05:06.267 JST" StructureHandle="/TA2/src/ta2/listeners/dialog/DOI_CL.java" StructureKind="resource" NumEvents="21" CreationCount="416"/><InteractionEvent Delta="null" EndDate="2014-10-08 08:00:33.819 JST" Interest="1.0" Kind="propagation" Navigation="null" OriginId="org.eclipse.jdt.ui.PackageExplorer" StartDate="2014-10-08 08:00:33.819 JST" StructureHandle="/TA2/src/ta2/main/MemoEditActv.java" StructureKind="resource"/><InteractionEvent Delta="null" EndDate="2014-10-08 07:56:10.464 JST" Interest="1.0" Kind="selection" Navigation="null" OriginId="org.eclipse.ui.views.ResourceNavigator" StartDate="2014-10-08 07:56:10.464 JST" StructureHandle="=IFM11/src&amp;lt;ifm11.main" StructureKind="java"/><InteractionEvent Delta="null" EndDate="2014-10-08 08:28:29.17 JST" Interest="59.367996" Kind="propagation" Navigation="org.eclipse.mylyn.core.model.edges.containment" OriginId="org.eclipse.mylyn.core.model.interest.propagation" StartDate="2014-10-08 07:56:11.984 JST" StructureHandle="=IFM11/src&amp;lt;ifm11.main" StructureKind="java" NumEvents="83" CreationCount="49"/><InteractionEvent Delta="null" EndDate="2014-10-08 08:52:30.120 JST" Interest="12.0" Kind="selection" Navigation="null" OriginId="org.eclipse.jdt.ui.CompilationUnitEditor" StartDate="2014-10-08 08:27:20.326 JST" StructureHandle="=TA2/src&amp;lt;ta2.adapters{Adp_MemoList.java[Adp_MemoList~_Setup_Views~QView;~QMemo;~I" StructureKind="java" NumEvents="12" CreationCount="862"/><InteractionEvent Delta="null" EndDate="2014-10-08 08:34:16.644 JST" Interest="318.0" Kind="edit" Navigation="null" OriginId="org.eclipse.jdt.ui.CompilationUnitEditor" StartDate="2014-10-08 08:27:20.333 JST" StructureHandle="=TA2/src&amp;lt;ta2.adapters{Adp_MemoList.java[Adp_MemoList~_Setup_Views~QView;~QMemo;~I" StructureKind="java" NumEvents="318" CreationCount="862"/><InteractionEvent Delta="null" EndDate="2014-10-08 07:55:04.429 JST" Interest="1.0" Kind="selection" Navigation="null" OriginId="org.eclipse.jdt.ui.PackageExplorer" StartDate="2014-10-08 07:55:04.429 JST" StructureHandle="=TA2/src&amp;lt;ta2.main" StructureKind="java"/><InteractionEvent Delta="null" EndDate="2014-10-08 08:52:43.325 JST" Interest="108.956" Kind="propagation" Navigation="org.eclipse.mylyn.core.model.edges.containment" OriginId="org.eclipse.mylyn.core.model.interest.propagation" StartDate="2014-10-08 07:55:06.318 JST" StructureHandle="=TA2/src&amp;lt;ta2.main" StructureKind="java" NumEvents="156" CreationCount="29"/><InteractionEvent Delta="null" EndDate="2014-10-08 08:49:38.866 JST" Interest="186.83301" Kind="propagation" Navigation="null" OriginId="org.eclipse.jdt.ui.CompilationUnitEditor" StartDate="2014-10-08 08:00:36.127 JST" StructureHandle="/TA2/src/ta2/listeners" StructureKind="resource" NumEvents="193" CreationCount="312"/><InteractionEvent Delta="null" EndDate="2014-10-08 08:02:54.46 JST" Interest="8.0" Kind="selection" Navigation="null" OriginId="org.eclipse.jdt.ui.CompilationUnitEditor" StartDate="2014-10-08 07:57:31.81 JST" StructureHandle="=IFM11/src&amp;lt;ifm11.main{MainActv.java[MainActv" StructureKind="java" NumEvents="8" CreationCount="53"/><InteractionEvent Delta="null" EndDate="2014-10-08 08:28:29.179 JST" Interest="50.3" Kind="propagation" Navigation="org.eclipse.mylyn.core.model.edges.containment" OriginId="org.eclipse.mylyn.core.model.interest.propagation" StartDate="2014-10-08 07:56:16.972 JST" StructureHandle="=IFM11/src&amp;lt;ifm11.main{MainActv.java[MainActv" StructureKind="java" NumEvents="69" CreationCount="53"/><InteractionEvent Delta="null" EndDate="2014-10-08 08:05:13.270 JST" Interest="1.0" Kind="selection" Navigation="null" OriginId="org.eclipse.ui.views.ContentOutline" StartDate="2014-10-08 08:05:13.270 JST" StructureHandle="=TA2/src&amp;lt;ta2.listeners{LOI_LCL.java%ta2.listeners" StructureKind="java"/><InteractionEvent Delta="null" EndDate="2014-10-08 07:55:01.619 JST" Interest="2.0" Kind="selection" Navigation="null" OriginId="org.eclipse.jdt.ui.PackageExplorer" StartDate="2014-10-08 07:54:09.56 JST" StructureHandle="=TA2/src&amp;lt;ta2.utils" StructureKind="java" NumEvents="2" CreationCount="3"/><InteractionEvent Delta="null" EndDate="2014-10-08 08:28:25.647 JST" Interest="63.260998" Kind="propagation" Navigation="org.eclipse.mylyn.core.model.edges.containment" OriginId="org.eclipse.mylyn.core.model.interest.propagation" StartDate="2014-10-08 07:54:11.36 JST" StructureHandle="=TA2/src&amp;lt;ta2.utils" StructureKind="java" NumEvents="101" CreationCount="3"/><InteractionEvent Delta="null" EndDate="2014-10-08 08:05:18.3 JST" Interest="1.0" Kind="selection" Navigation="null" OriginId="org.eclipse.jdt.ui.CompilationUnitEditor" StartDate="2014-10-08 08:05:18.3 JST" StructureHandle="=TA2/src&amp;lt;ta2.listeners{LOI_LCL.java[LOI_LCL~case_ACTV_MEMO_LV_3~QWordPattern;" StructureKind="java"/><InteractionEvent Delta="null" EndDate="2014-10-08 08:05:18.8 JST" Interest="1.0" Kind="edit" Navigation="null" OriginId="org.eclipse.jdt.ui.CompilationUnitEditor" StartDate="2014-10-08 08:05:18.8 JST" StructureHandle="=TA2/src&amp;lt;ta2.listeners{LOI_LCL.java[LOI_LCL~case_ACTV_MEMO_LV_3~QWordPattern;" StructureKind="java"/><InteractionEvent Delta="null" EndDate="2014-10-08 08:28:27.51 JST" Interest="9.602" Kind="propagation" Navigation="org.eclipse.mylyn.core.model.edges.containment" OriginId="org.eclipse.mylyn.core.model.interest.propagation" StartDate="2014-10-08 08:05:23.891 JST" StructureHandle="=TA2/src&amp;lt;ta2.utils{Methods_dlg.java[Methods_dlg" StructureKind="java" NumEvents="10" CreationCount="427"/><InteractionEvent Delta="null" EndDate="2014-10-08 08:25:40.405 JST" Interest="1.0" Kind="selection" Navigation="null" OriginId="org.eclipse.jdt.ui.PackageExplorer" StartDate="2014-10-08 08:25:40.405 JST" StructureHandle="=TA2/src&amp;lt;ta2.listeners{MP_OCmpL.java" StructureKind="java"/><InteractionEvent Delta="null" EndDate="2014-10-08 07:58:57.454 JST" Interest="3.0" Kind="selection" Navigation="null" OriginId="org.eclipse.jdt.ui.CompilationUnitEditor" StartDate="2014-10-08 07:54:37.61 JST" StructureHandle="=TA2/src&amp;lt;ta2.utils{CONS.java[CONS[Pref^pkey_ShowListActv_Current_Position" StructureKind="java" NumEvents="3" CreationCount="16"/><InteractionEvent Delta="null" EndDate="2014-10-08 07:54:58.481 JST" Interest="8.0" Kind="edit" Navigation="null" OriginId="org.eclipse.jdt.ui.CompilationUnitEditor" StartDate="2014-10-08 07:54:39.477 JST" StructureHandle="=TA2/src&amp;lt;ta2.utils{CONS.java[CONS[Pref^pkey_ShowListActv_Current_Position" StructureKind="java" NumEvents="8" CreationCount="16"/><InteractionEvent Delta="null" EndDate="2014-10-08 08:35:38.942 JST" Interest="11.0" Kind="selection" Navigation="null" OriginId="org.eclipse.jdt.ui.CompilationUnitEditor" StartDate="2014-10-08 08:05:11.484 JST" StructureHandle="=TA2/src&amp;lt;ta2.listeners{LOI_LCL.java" StructureKind="java" NumEvents="11" CreationCount="418"/><InteractionEvent Delta="null" EndDate="2014-10-08 08:49:38.865 JST" Interest="28.750996" Kind="propagation" Navigation="org.eclipse.mylyn.core.model.edges.containment" OriginId="org.eclipse.mylyn.core.model.interest.propagation" StartDate="2014-10-08 08:05:19.642 JST" StructureHandle="=TA2/src&amp;lt;ta2.listeners{LOI_LCL.java" StructureKind="java" NumEvents="44" CreationCount="418"/><InteractionEvent Delta="null" EndDate="2014-10-08 08:35:47.559 JST" Interest="11.0" Kind="selection" Navigation="null" OriginId="org.eclipse.ui.views.ContentOutline" StartDate="2014-10-08 08:05:17.206 JST" StructureHandle="=TA2/src&amp;lt;ta2.listeners{LOI_LCL.java[LOI_LCL~case_ACTV_SHOWLIST_LV~QMemo;~I" StructureKind="java" NumEvents="11" CreationCount="421"/><InteractionEvent Delta="null" EndDate="2014-10-08 08:49:38.865 JST" Interest="41.0" Kind="edit" Navigation="null" OriginId="org.eclipse.jdt.ui.CompilationUnitEditor" StartDate="2014-10-08 08:05:19.644 JST" StructureHandle="=TA2/src&amp;lt;ta2.listeners{LOI_LCL.java[LOI_LCL~case_ACTV_SHOWLIST_LV~QMemo;~I" StructureKind="java" NumEvents="41" CreationCount="421"/><InteractionEvent Delta="null" EndDate="2014-10-08 08:09:29.132 JST" Interest="3.0" Kind="propagation" Navigation="null" OriginId="org.eclipse.jdt.ui.CompilationUnitEditor" StartDate="2014-10-08 08:09:26.45 JST" StructureHandle="/TA2/src/ta2/items/Memo.java" StructureKind="resource" NumEvents="3" CreationCount="506"/><InteractionEvent Delta="null" EndDate="2014-10-08 08:01:55.297 JST" Interest="4.0" Kind="selection" Navigation="null" OriginId="org.eclipse.jdt.ui.CompilationUnitEditor" StartDate="2014-10-08 08:00:46.559 JST" StructureHandle="=TA2/src&amp;lt;ta2.listeners.button{BO_CL.java" StructureKind="java" NumEvents="4" CreationCount="314"/><InteractionEvent Delta="null" EndDate="2014-10-08 08:01:39.393 JST" Interest="8.07" Kind="propagation" Navigation="org.eclipse.mylyn.core.model.edges.containment" OriginId="org.eclipse.mylyn.core.model.interest.propagation" StartDate="2014-10-08 08:01:22.573 JST" StructureHandle="=TA2/src&amp;lt;ta2.listeners.button{BO_CL.java" StructureKind="java" NumEvents="14" CreationCount="314"/><InteractionEvent Delta="null" EndDate="2014-10-08 08:09:37.830 JST" Interest="3.0" Kind="selection" Navigation="null" OriginId="org.eclipse.jdt.ui.CompilationUnitEditor" StartDate="2014-10-08 08:08:04.239 JST" StructureHandle="=TA2/src&amp;lt;ta2.utils{Methods.java[Methods~find_Memo_from_ListView~QActivity;~J" StructureKind="java" NumEvents="3" CreationCount="474"/><InteractionEvent Delta="null" EndDate="2014-10-08 08:10:13.375 JST" Interest="36.0" Kind="edit" Navigation="null" OriginId="org.eclipse.jdt.ui.CompilationUnitEditor" StartDate="2014-10-08 08:08:04.897 JST" StructureHandle="=TA2/src&amp;lt;ta2.utils{Methods.java[Methods~find_Memo_from_ListView~QActivity;~J" StructureKind="java" NumEvents="36" CreationCount="474"/><InteractionEvent Delta="null" EndDate="2014-10-08 07:59:30.813 JST" Interest="5.0" Kind="selection" Navigation="null" OriginId="org.eclipse.jdt.ui.CompilationUnitEditor" StartDate="2014-10-08 07:54:18.731 JST" StructureHandle="=TA2/src&amp;lt;ta2.utils{CONS.java[CONS[Pref" StructureKind="java" NumEvents="5" CreationCount="7"/><InteractionEvent Delta="null" EndDate="2014-10-08 07:58:57.454 JST" Interest="4.653001" Kind="propagation" Navigation="org.eclipse.mylyn.core.model.edges.containment" OriginId="org.eclipse.mylyn.core.model.interest.propagation" StartDate="2014-10-08 07:54:30.94 JST" StructureHandle="=TA2/src&amp;lt;ta2.utils{CONS.java[CONS[Pref" StructureKind="java" NumEvents="7" CreationCount="7"/><InteractionEvent Delta="null" EndDate="2014-10-08 07:59:27.396 JST" Interest="4.0" Kind="edit" Navigation="null" OriginId="org.eclipse.jdt.ui.CompilationUnitEditor" StartDate="2014-10-08 07:54:20.373 JST" StructureHandle="=TA2/src&amp;lt;ta2.utils{CONS.java[CONS[Pref" StructureKind="java" NumEvents="4" CreationCount="7"/><InteractionEvent Delta="null" EndDate="2014-10-08 08:28:27.998 JST" Interest="7.0" Kind="selection" Navigation="null" OriginId="org.eclipse.jdt.ui.CompilationUnitEditor" StartDate="2014-10-08 08:06:01.794 JST" StructureHandle="=TA2/src&amp;lt;ta2.listeners.dialog{DOI_CL.java[DOI_CL~case_ACTV_SHOWLIST_LV~QListItem;" StructureKind="java" NumEvents="7" CreationCount="434"/><InteractionEvent Delta="null" EndDate="2014-10-08 08:23:36.564 JST" Interest="2.1930003" Kind="manipulation" Navigation="null" OriginId="org.eclipse.mylyn.core.model.interest.decay.correction" StartDate="2014-10-08 08:23:36.564 JST" StructureHandle="=TA2/src&amp;lt;ta2.listeners.dialog{DOI_CL.java[DOI_CL~case_ACTV_SHOWLIST_LV~QListItem;" StructureKind="java"/><InteractionEvent Delta="null" EndDate="2014-10-08 08:06:08.763 JST" Interest="2.0" Kind="edit" Navigation="null" OriginId="org.eclipse.jdt.ui.CompilationUnitEditor" StartDate="2014-10-08 08:06:06.487 JST" StructureHandle="=TA2/src&amp;lt;ta2.listeners.dialog{DOI_CL.java[DOI_CL~case_ACTV_SHOWLIST_LV~QListItem;" StructureKind="java" NumEvents="2" CreationCount="434"/><InteractionEvent Delta="null" EndDate="2014-10-08 08:54:26.604 JST" Interest="1201.0339" Kind="propagation" Navigation="null" OriginId="org.eclipse.jdt.ui.CompilationUnitEditor" StartDate="2014-10-08 07:53:58.849 JST" StructureHandle="/TA2/src" StructureKind="resource" NumEvents="1203" CreationCount="2"/><InteractionEvent Delta="null" EndDate="2014-10-08 08:53:09.562 JST" Interest="4.0" Kind="selection" Navigation="null" OriginId="org.eclipse.ui.views.ContentOutline" StartDate="2014-10-08 08:52:43.403 JST" StructureHandle="=TA2/src&amp;lt;ta2.main{ShowListActv.java[ShowListActv~_Setup_List" StructureKind="java" NumEvents="4" CreationCount="1314"/><InteractionEvent Delta="null" EndDate="2014-10-08 08:53:11.242 JST" Interest="7.0" Kind="edit" Navigation="null" OriginId="org.eclipse.jdt.ui.CompilationUnitEditor" StartDate="2014-10-08 08:52:43.411 JST" StructureHandle="=TA2/src&amp;lt;ta2.main{ShowListActv.java[ShowListActv~_Setup_List" StructureKind="java" NumEvents="7" CreationCount="1314"/><InteractionEvent Delta="null" EndDate="2014-10-08 07:55:32.215 JST" Interest="1.0" Kind="selection" Navigation="null" OriginId="org.eclipse.ui.views.ContentOutline" StartDate="2014-10-08 07:55:32.215 JST" StructureHandle="=TA2/src&amp;lt;ta2.main{ShowListActv.java[ShowListActv~onOptionsItemSelected~QMenuItem;" StructureKind="java"/><InteractionEvent Delta="null" EndDate="2014-10-08 07:55:34.773 JST" Interest="3.0" Kind="edit" Navigation="null" OriginId="org.eclipse.jdt.ui.CompilationUnitEditor" StartDate="2014-10-08 07:55:33.971 JST" StructureHandle="=TA2/src&amp;lt;ta2.main{ShowListActv.java[ShowListActv~onOptionsItemSelected~QMenuItem;" StructureKind="java" NumEvents="3" CreationCount="36"/><InteractionEvent Delta="null" EndDate="2014-10-08 08:28:25.508 JST" Interest="111.0" Kind="propagation" Navigation="null" OriginId="org.eclipse.jdt.ui.CompilationUnitEditor" StartDate="2014-10-08 08:02:02.41 JST" StructureHandle="/TA2/src/ta2/listeners/dialog/DB_OCL.java" StructureKind="resource" NumEvents="111" CreationCount="361"/><InteractionEvent Delta="null" EndDate="2014-10-08 08:52:39.254 JST" Interest="384.0" Kind="propagation" Navigation="null" OriginId="org.eclipse.jdt.ui.CompilationUnitEditor" StartDate="2014-10-08 08:25:58.457 JST" StructureHandle="/TA2/src/ta2/adapters/Adp_MemoList.java" StructureKind="resource" NumEvents="384" CreationCount="830"/><InteractionEvent Delta="null" EndDate="2014-10-08 07:53:54.189 JST" Interest="1.0" Kind="selection" Navigation="null" OriginId="org.eclipse.jdt.ui.PackageExplorer" StartDate="2014-10-08 07:53:54.189 JST" StructureHandle="=TA2" StructureKind="java"/><InteractionEvent Delta="null" EndDate="2014-10-08 08:54:26.603 JST" Interest="1199.0509" Kind="propagation" Navigation="org.eclipse.mylyn.core.model.edges.containment" OriginId="org.eclipse.mylyn.core.model.interest.propagation" StartDate="2014-10-08 07:53:58.849 JST" StructureHandle="=TA2" StructureKind="resource" NumEvents="1203" CreationCount="1"/><InteractionEvent Delta="null" EndDate="2014-10-08 07:59:30.813 JST" Interest="12.453001" Kind="propagation" Navigation="org.eclipse.mylyn.core.model.edges.containment" OriginId="org.eclipse.mylyn.core.model.interest.propagation" StartDate="2014-10-08 07:54:18.731 JST" StructureHandle="=TA2/src&amp;lt;ta2.utils{CONS.java[CONS" StructureKind="java" NumEvents="19" CreationCount="7"/><InteractionEvent Delta="null" EndDate="2014-10-08 08:54:26.603 JST" Interest="338.0" Kind="propagation" Navigation="null" OriginId="org.eclipse.jdt.ui.CompilationUnitEditor" StartDate="2014-10-08 07:55:06.317 JST" StructureHandle="/TA2/src/ta2/main/ShowListActv.java" StructureKind="resource" NumEvents="338" CreationCount="30"/><InteractionEvent Delta="null" EndDate="2014-10-08 08:35:10.801 JST" Interest="9.0" Kind="selection" Navigation="null" OriginId="org.eclipse.jdt.ui.CompilationUnitEditor" StartDate="2014-10-08 08:19:06.748 JST" StructureHandle="=TA2/src&amp;lt;ta2.listeners{LOI_LCL.java[LOI_LCL~onItemLongClick~QAdapterView\&amp;lt;*&amp;gt;;~QView;~I~J" StructureKind="java" NumEvents="9" CreationCount="678"/><InteractionEvent Delta="null" EndDate="2014-10-08 08:34:59.11 JST" Interest="7.0" Kind="edit" Navigation="null" OriginId="org.eclipse.jdt.ui.CompilationUnitEditor" StartDate="2014-10-08 08:19:30.5 JST" StructureHandle="=TA2/src&amp;lt;ta2.listeners{LOI_LCL.java[LOI_LCL~onItemLongClick~QAdapterView\&amp;lt;*&amp;gt;;~QView;~I~J" StructureKind="java" NumEvents="7" CreationCount="678"/><InteractionEvent Delta="null" EndDate="2014-10-08 08:36:36.173 JST" Interest="5.0" Kind="prediction" Navigation="null" OriginId="org.eclipse.mylyn.resources.ui.interest.updater" StartDate="2014-10-08 08:03:24.336 JST" StructureHandle="/TA2/bin/classes.dex" StructureKind="resource" NumEvents="5" CreationCount="403"/><InteractionEvent Delta="null" EndDate="2014-10-08 08:25:55.500 JST" Interest="1.0" Kind="selection" Navigation="null" OriginId="org.eclipse.jdt.ui.PackageExplorer" StartDate="2014-10-08 08:25:55.500 JST" StructureHandle="=TA2/src&amp;lt;ta2.adapters" StructureKind="java"/><InteractionEvent Delta="null" EndDate="2014-10-08 08:52:35.800 JST" Interest="235.16101" Kind="propagation" Navigation="org.eclipse.mylyn.core.model.edges.containment" OriginId="org.eclipse.mylyn.core.model.interest.propagation" StartDate="2014-10-08 08:25:58.457 JST" StructureHandle="=TA2/src&amp;lt;ta2.adapters" StructureKind="java" NumEvents="342" CreationCount="829"/><InteractionEvent Delta="null" EndDate="2014-10-08 08:28:29.180 JST" Interest="127.017" Kind="propagation" Navigation="org.eclipse.mylyn.core.model.edges.containment" OriginId="org.eclipse.mylyn.core.model.interest.propagation" StartDate="2014-10-08 07:56:10.464 JST" StructureHandle="/IFM11/src/ifm11/main" StructureKind="resource" NumEvents="128" CreationCount="49"/><InteractionEvent Delta="null" EndDate="2014-10-08 07:59:18.449 JST" Interest="1.0" Kind="selection" Navigation="null" OriginId="org.eclipse.jdt.ui.CompilationUnitEditor" StartDate="2014-10-08 07:59:18.449 JST" StructureHandle="=TA2/src&amp;lt;ta2.utils{CONS.java[CONS[Pref^pkey_Saved_Memo" StructureKind="java"/><InteractionEvent Delta="null" EndDate="2014-10-08 08:52:35.800 JST" Interest="8.0" Kind="selection" Navigation="null" OriginId="org.eclipse.jdt.ui.PackageExplorer" StartDate="2014-10-08 08:25:58.457 JST" StructureHandle="=TA2/src&amp;lt;ta2.adapters{Adp_MemoList.java" StructureKind="java" NumEvents="8" CreationCount="830"/><InteractionEvent Delta="null" EndDate="2014-10-08 08:34:16.645 JST" Interest="228.144" Kind="propagation" Navigation="org.eclipse.mylyn.core.model.edges.containment" OriginId="org.eclipse.mylyn.core.model.interest.propagation" StartDate="2014-10-08 08:27:09.89 JST" StructureHandle="=TA2/src&amp;lt;ta2.adapters{Adp_MemoList.java" StructureKind="java" NumEvents="330" CreationCount="830"/><InteractionEvent Delta="null" EndDate="2014-10-08 08:05:58.341 JST" Interest="1.0" Kind="selection" Navigation="null" OriginId="org.eclipse.jdt.ui.CompilationUnitEditor" StartDate="2014-10-08 08:05:58.341 JST" StructureHandle="=TA2/src&amp;lt;ta2.listeners.dialog{DOI_CL.java[DOI_CL~onItemClick~QAdapterView\&amp;lt;*&amp;gt;;~QView;~I~J" StructureKind="java"/><InteractionEvent Delta="null" EndDate="2014-10-08 08:18:17.870 JST" Interest="5.0" Kind="selection" Navigation="null" OriginId="org.eclipse.jdt.ui.CompilationUnitEditor" StartDate="2014-10-08 07:54:11.34 JST" StructureHandle="=TA2/src&amp;lt;ta2.utils{CONS.java" StructureKind="java" NumEvents="5" CreationCount="4"/><InteractionEvent Delta="null" EndDate="2014-10-08 07:59:30.814 JST" Interest="8.504002" Kind="propagation" Navigation="org.eclipse.mylyn.core.model.edges.containment" OriginId="org.eclipse.mylyn.core.model.interest.propagation" StartDate="2014-10-08 07:54:20.433 JST" StructureHandle="=TA2/src&amp;lt;ta2.utils{CONS.java" StructureKind="java" NumEvents="18" CreationCount="4"/><InteractionEvent Delta="null" EndDate="2014-10-08 07:59:02.665 JST" Interest="1.0" Kind="selection" Navigation="null" OriginId="org.eclipse.jdt.ui.CompilationUnitEditor" StartDate="2014-10-08 07:59:02.665 JST" StructureHandle="=TA2/src&amp;lt;ta2.utils{CONS.java[CONS[Pref^pkey_CurrentPath" StructureKind="java"/><InteractionEvent Delta="null" EndDate="2014-10-08 08:54:26.604 JST" Interest="1206.0" Kind="propagation" Navigation="null" OriginId="org.eclipse.jdt.ui.CompilationUnitEditor" StartDate="2014-10-08 07:53:54.190 JST" StructureHandle="/TA2" StructureKind="resource" NumEvents="1206" CreationCount="1"/><InteractionEvent Delta="null" EndDate="2014-10-08 07:56:08.720 JST" Interest="1.0" Kind="selection" Navigation="null" OriginId="org.eclipse.ui.views.ResourceNavigator" StartDate="2014-10-08 07:56:08.720 JST" StructureHandle="=IFM11/src&amp;lt;ifm11" StructureKind="java"/><InteractionEvent Delta="null" EndDate="2014-10-08 07:59:03.962 JST" Interest="1.0" Kind="selection" Navigation="null" OriginId="org.eclipse.jdt.ui.CompilationUnitEditor" StartDate="2014-10-08 07:59:03.962 JST" StructureHandle="=TA2/src&amp;lt;ta2.utils{CONS.java[CONS[Pref^pname_PlayActv" StructureKind="java"/><InteractionEvent Delta="null" EndDate="2014-10-08 08:01:25.158 JST" Interest="5.0" Kind="selection" Navigation="null" OriginId="org.eclipse.jdt.ui.CompilationUnitEditor" StartDate="2014-10-08 08:01:22.415 JST" StructureHandle="=TA2/src&amp;lt;ta2.listeners.button{BO_CL.java[BO_CL~case_ACTV_MEMO_EDIT_BACK" StructureKind="java" NumEvents="5" CreationCount="318"/><InteractionEvent Delta="null" EndDate="2014-10-08 08:01:23.64 JST" Interest="1.0" Kind="edit" Navigation="null" OriginId="org.eclipse.jdt.ui.CompilationUnitEditor" StartDate="2014-10-08 08:01:23.64 JST" StructureHandle="=TA2/src&amp;lt;ta2.listeners.button{BO_CL.java[BO_CL~case_ACTV_MEMO_EDIT_BACK" StructureKind="java"/><InteractionEvent Delta="null" EndDate="2014-10-08 08:28:27.891 JST" Interest="10.0" Kind="selection" Navigation="null" OriginId="org.eclipse.jdt.ui.CompilationUnitEditor" StartDate="2014-10-08 08:05:06.267 JST" StructureHandle="=TA2/src&amp;lt;ta2.listeners.dialog{DOI_CL.java" StructureKind="java" NumEvents="10" CreationCount="416"/><InteractionEvent Delta="null" EndDate="2014-10-08 08:23:20.389 JST" Interest="0.46200025" Kind="manipulation" Navigation="null" OriginId="org.eclipse.mylyn.core.model.interest.decay.correction" StartDate="2014-10-08 08:23:20.389 JST" StructureHandle="=TA2/src&amp;lt;ta2.listeners.dialog{DOI_CL.java" StructureKind="java"/><InteractionEvent Delta="null" EndDate="2014-10-08 08:06:08.764 JST" Interest="0.706" Kind="propagation" Navigation="org.eclipse.mylyn.core.model.edges.containment" OriginId="org.eclipse.mylyn.core.model.interest.propagation" StartDate="2014-10-08 08:06:06.488 JST" StructureHandle="=TA2/src&amp;lt;ta2.listeners.dialog{DOI_CL.java" StructureKind="java" NumEvents="2" CreationCount="416"/><InteractionEvent Delta="null" EndDate="2014-10-08 08:28:25.840 JST" Interest="9.0" Kind="selection" Navigation="null" OriginId="org.eclipse.jdt.ui.CompilationUnitEditor" StartDate="2014-10-08 08:17:17.421 JST" StructureHandle="=TA2/src&amp;lt;ta2.utils{Methods.java[Methods~delete_Memo~QActivity;~QDialog;~QDialog;~QMemo;" StructureKind="java" NumEvents="9" CreationCount="636"/><InteractionEvent Delta="null" EndDate="2014-10-08 08:27:02.715 JST" Interest="65.0" Kind="edit" Navigation="null" OriginId="org.eclipse.jdt.ui.CompilationUnitEditor" StartDate="2014-10-08 08:17:18.621 JST" StructureHandle="=TA2/src&amp;lt;ta2.utils{Methods.java[Methods~delete_Memo~QActivity;~QDialog;~QDialog;~QMemo;" StructureKind="java" NumEvents="65" CreationCount="636"/><InteractionEvent Delta="null" EndDate="2014-10-08 08:08:03.123 JST" Interest="2.0" Kind="selection" Navigation="null" OriginId="org.eclipse.jdt.ui.CompilationUnitEditor" StartDate="2014-10-08 08:06:13.980 JST" StructureHandle="=TA2/src&amp;lt;ta2.utils{Methods.java[Methods~start_Activity_PlatyActv~QActivity;~QMemo;" StructureKind="java" NumEvents="2" CreationCount="439"/><InteractionEvent Delta="null" EndDate="2014-10-08 08:06:16.471 JST" Interest="1.0" Kind="edit" Navigation="null" OriginId="org.eclipse.jdt.ui.CompilationUnitEditor" StartDate="2014-10-08 08:06:16.471 JST" StructureHandle="=TA2/src&amp;lt;ta2.utils{Methods.java[Methods~start_Activity_PlatyActv~QActivity;~QMemo;" StructureKind="java"/><InteractionEvent Delta="null" EndDate="2014-10-08 08:01:55.397 JST" Interest="31.0" Kind="propagation" Navigation="null" OriginId="org.eclipse.jdt.ui.CompilationUnitEditor" StartDate="2014-10-08 08:00:46.560 JST" StructureHandle="/TA2/src/ta2/listeners/button/BO_CL.java" StructureKind="resource" NumEvents="31" CreationCount="314"/><InteractionEvent Delta="null" EndDate="2014-10-08 08:53:03.949 JST" Interest="5.0" Kind="selection" Navigation="null" OriginId="org.eclipse.jdt.ui.PackageExplorer" StartDate="2014-10-08 07:53:58.848 JST" StructureHandle="=TA2/src" StructureKind="java" NumEvents="5" CreationCount="2"/><InteractionEvent Delta="null" EndDate="2014-10-08 08:52:35.801 JST" Interest="247.22" Kind="propagation" Navigation="org.eclipse.mylyn.core.model.edges.containment" OriginId="org.eclipse.mylyn.core.model.interest.propagation" StartDate="2014-10-08 07:54:09.57 JST" StructureHandle="=TA2/src" StructureKind="java" NumEvents="367" CreationCount="2"/><InteractionEvent Delta="null" EndDate="2014-10-08 08:17:16.796 JST" Interest="2.0" Kind="selection" Navigation="null" OriginId="org.eclipse.jdt.ui.CompilationUnitEditor" StartDate="2014-10-08 08:10:15.219 JST" StructureHandle="=TA2/src&amp;lt;ta2.utils{Methods.java[Methods" StructureKind="java" NumEvents="2" CreationCount="439"/><InteractionEvent Delta="null" EndDate="2014-10-08 08:28:25.840 JST" Interest="55.849" Kind="propagation" Navigation="org.eclipse.mylyn.core.model.edges.containment" OriginId="org.eclipse.mylyn.core.model.interest.propagation" StartDate="2014-10-08 08:06:13.980 JST" StructureHandle="=TA2/src&amp;lt;ta2.utils{Methods.java[Methods" StructureKind="java" NumEvents="77" CreationCount="439"/><InteractionEvent Delta="null" EndDate="2014-10-08 08:52:39.255 JST" Interest="384.017" Kind="propagation" Navigation="org.eclipse.mylyn.core.model.edges.containment" OriginId="org.eclipse.mylyn.core.model.interest.propagation" StartDate="2014-10-08 08:25:55.501 JST" StructureHandle="/TA2/src/ta2/adapters" StructureKind="resource" NumEvents="385" CreationCount="829"/><InteractionEvent Delta="null" EndDate="2014-10-08 08:10:18.71 JST" Interest="9.0" Kind="selection" Navigation="null" OriginId="org.eclipse.jdt.ui.CompilationUnitEditor" StartDate="2014-10-08 08:02:13.438 JST" StructureHandle="=TA2/src&amp;lt;ta2.listeners.dialog{DB_OCL.java[DB_OCL~case_DLG_EDIT_MEMOS_BT_OK" StructureKind="java" NumEvents="9" CreationCount="365"/><InteractionEvent Delta="null" EndDate="2014-10-08 08:15:26.18 JST" Interest="72.0" Kind="edit" Navigation="null" OriginId="org.eclipse.jdt.ui.CompilationUnitEditor" StartDate="2014-10-08 08:02:13.986 JST" StructureHandle="=TA2/src&amp;lt;ta2.listeners.dialog{DB_OCL.java[DB_OCL~case_DLG_EDIT_MEMOS_BT_OK" StructureKind="java" NumEvents="72" CreationCount="365"/><InteractionEvent Delta="null" EndDate="2014-10-08 08:01:22.574 JST" Interest="3.0" Kind="selection" Navigation="null" OriginId="org.eclipse.jdt.ui.CompilationUnitEditor" StartDate="2014-10-08 08:00:50.847 JST" StructureHandle="=TA2/src&amp;lt;ta2.listeners.button{BO_CL.java[BO_CL~case_ACTV_MEMO_CLEAR" StructureKind="java" NumEvents="3" CreationCount="317"/><InteractionEvent Delta="null" EndDate="2014-10-08 08:28:25.507 JST" Interest="4.0" Kind="selection" Navigation="null" OriginId="org.eclipse.jdt.ui.CompilationUnitEditor" StartDate="2014-10-08 08:17:10.529 JST" StructureHandle="=TA2/src&amp;lt;ta2.listeners.dialog{DB_OCL.java[DB_OCL~case_DLG_CONF_DELETE_MEMO_OK" StructureKind="java" NumEvents="4" CreationCount="630"/><InteractionEvent Delta="null" EndDate="2014-10-08 08:22:10.886 JST" Interest="4.0" Kind="edit" Navigation="null" OriginId="org.eclipse.jdt.ui.CompilationUnitEditor" StartDate="2014-10-08 08:17:12.229 JST" StructureHandle="=TA2/src&amp;lt;ta2.listeners.dialog{DB_OCL.java[DB_OCL~case_DLG_CONF_DELETE_MEMO_OK" StructureKind="java" NumEvents="4" CreationCount="630"/><InteractionEvent Delta="null" EndDate="2014-10-08 08:53:11.257 JST" Interest="15.0" Kind="selection" Navigation="null" OriginId="org.eclipse.jdt.ui.CompilationUnitEditor" StartDate="2014-10-08 07:55:56.522 JST" StructureHandle="=TA2/src&amp;lt;ta2.main{ShowListActv.java[ShowListActv~onListItemClick~QListView;~QView;~I~J" StructureKind="java" NumEvents="15" CreationCount="41"/><InteractionEvent Delta="null" EndDate="2014-10-08 08:54:26.602 JST" Interest="58.0" Kind="edit" Navigation="null" OriginId="org.eclipse.jdt.ui.CompilationUnitEditor" StartDate="2014-10-08 07:55:56.602 JST" StructureHandle="=TA2/src&amp;lt;ta2.main{ShowListActv.java[ShowListActv~onListItemClick~QListView;~QView;~I~J" StructureKind="java" NumEvents="58" CreationCount="41"/></InteractionHistory>