<?xml version="1.0" encoding="UTF-8"?><InteractionHistory Id="local-87" Version="1"><InteractionEvent Delta="null" EndDate="2014-09-18 16:37:20.331 JST" Interest="1188.051" Kind="propagation" Navigation="org.eclipse.mylyn.core.model.edges.containment" OriginId="org.eclipse.mylyn.core.model.interest.propagation" StartDate="2014-09-18 15:32:47.489 JST" StructureHandle="" StructureKind="java" NumEvents="1190" CreationCount="1"/><InteractionEvent Delta="null" EndDate="2014-09-18 19:33:58.887 JST" Interest="13.0" Kind="selection" Navigation="null" OriginId="org.eclipse.ui.views.ContentOutline" StartDate="2014-09-18 16:52:39.361 JST" StructureHandle="=SL3/src&amp;lt;sl3.utils{Methods_dlg.java[Methods_dlg~dlg_DeleteToBuyList~QActivity;~QDialog;" StructureKind="java" NumEvents="13" CreationCount="1347"/><InteractionEvent Delta="null" EndDate="2014-09-18 19:34:10.81 JST" Interest="47.0" Kind="edit" Navigation="null" OriginId="org.eclipse.jdt.ui.CompilationUnitEditor" StartDate="2014-09-18 16:52:40.973 JST" StructureHandle="=SL3/src&amp;lt;sl3.utils{Methods_dlg.java[Methods_dlg~dlg_DeleteToBuyList~QActivity;~QDialog;" StructureKind="java" NumEvents="47" CreationCount="1347"/><InteractionEvent Delta="null" EndDate="2014-09-18 16:00:28.651 JST" Interest="1.0" Kind="selection" Navigation="null" OriginId="org.eclipse.ui.views.ContentOutline" StartDate="2014-09-18 16:00:28.651 JST" StructureHandle="=SL3/src&amp;lt;sl3.utils{DBUtils.java[DBUtils~onUpgrade~QSQLiteDatabase;~I~I" StructureKind="java"/><InteractionEvent Delta="null" EndDate="2014-09-18 16:00:29.927 JST" Interest="2.0" Kind="edit" Navigation="null" OriginId="org.eclipse.jdt.ui.CompilationUnitEditor" StartDate="2014-09-18 16:00:29.902 JST" StructureHandle="=SL3/src&amp;lt;sl3.utils{DBUtils.java[DBUtils~onUpgrade~QSQLiteDatabase;~I~I" StructureKind="java" NumEvents="2" CreationCount="250"/><InteractionEvent Delta="null" EndDate="2014-09-18 19:35:11.919 JST" Interest="490.529" Kind="propagation" Navigation="org.eclipse.mylyn.core.model.edges.containment" OriginId="org.eclipse.mylyn.core.model.interest.propagation" StartDate="2014-09-18 15:36:20.872 JST" StructureHandle="=SL3/src" StructureKind="java" NumEvents="709" CreationCount="4"/><InteractionEvent Delta="null" EndDate="2014-09-18 16:37:18.439 JST" Interest="8.0" Kind="selection" Navigation="null" OriginId="org.eclipse.jdt.ui.PackageExplorer" StartDate="2014-09-18 15:32:49.261 JST" StructureHandle="=SL3/src" StructureKind="java" NumEvents="8" CreationCount="4"/><InteractionEvent Delta="null" EndDate="2014-09-18 19:38:50.743 JST" Interest="1512.0171" Kind="propagation" Navigation="org.eclipse.mylyn.core.model.edges.containment" OriginId="org.eclipse.mylyn.core.model.interest.propagation" StartDate="2014-09-18 15:32:49.261 JST" StructureHandle="=SL3" StructureKind="resource" NumEvents="1516" CreationCount="3"/><InteractionEvent Delta="null" EndDate="2014-09-18 16:43:43.546 JST" Interest="6.0" Kind="selection" Navigation="null" OriginId="org.eclipse.ui.views.ResourceNavigator" StartDate="2014-09-18 15:32:47.688 JST" StructureHandle="=SL3" StructureKind="java" NumEvents="6" CreationCount="3"/><InteractionEvent Delta="null" EndDate="2014-09-18 16:37:14.925 JST" Interest="1.0" Kind="propagation" Navigation="org.eclipse.mylyn.core.model.edges.containment" OriginId="org.eclipse.mylyn.core.model.interest.propagation" StartDate="2014-09-18 16:37:14.925 JST" StructureHandle="=SL3/src&amp;lt;sl3.adapters" StructureKind="java"/><InteractionEvent Delta="null" EndDate="2014-09-18 16:48:36.738 JST" Interest="4.0" Kind="propagation" Navigation="null" OriginId="org.eclipse.jdt.ui.CompilationUnitEditor" StartDate="2014-09-18 16:37:14.923 JST" StructureHandle="/SL3/src/sl3/utils/Tags.java" StructureKind="resource" NumEvents="4" CreationCount="24"/><InteractionEvent Delta="null" EndDate="2014-09-18 16:48:33.599 JST" Interest="20.182001" Kind="manipulation" Navigation="null" OriginId="org.eclipse.mylyn.core.model.interest.decay.correction" StartDate="2014-09-18 16:48:33.599 JST" StructureHandle="/SL3/src/sl3/utils/Tags.java" StructureKind="resource"/><InteractionEvent Delta="null" EndDate="2014-09-18 16:37:14.922 JST" Interest="1.0" Kind="prediction" Navigation="null" OriginId="org.eclipse.mylyn.resources.ui.interest.updater" StartDate="2014-09-18 16:37:14.922 JST" StructureHandle="=SL3/src&amp;lt;sl3.listeners.list{LOI_CL.java" StructureKind="java"/><InteractionEvent Delta="null" EndDate="2014-09-18 19:34:44.411 JST" Interest="49.185" Kind="propagation" Navigation="org.eclipse.mylyn.core.model.edges.containment" OriginId="org.eclipse.mylyn.core.model.interest.propagation" StartDate="2014-09-18 16:49:27.448 JST" StructureHandle="=SL3/src&amp;lt;sl3.listeners.list{LOI_CL.java" StructureKind="java" NumEvents="73" CreationCount="24"/><InteractionEvent Delta="null" EndDate="2014-09-18 19:34:11.823 JST" Interest="4.0" Kind="selection" Navigation="null" OriginId="org.eclipse.jdt.ui.CompilationUnitEditor" StartDate="2014-09-18 16:49:26.735 JST" StructureHandle="=SL3/src&amp;lt;sl3.listeners.list{LOI_CL.java" StructureKind="java" NumEvents="4" CreationCount="24"/><InteractionEvent Delta="null" EndDate="2014-09-18 16:49:26.735 JST" Interest="20.573002" Kind="manipulation" Navigation="null" OriginId="org.eclipse.mylyn.core.model.interest.decay.correction" StartDate="2014-09-18 16:49:26.735 JST" StructureHandle="=SL3/src&amp;lt;sl3.listeners.list{LOI_CL.java" StructureKind="java"/><InteractionEvent Delta="null" EndDate="2014-09-18 16:46:46.400 JST" Interest="1.0" Kind="selection" Navigation="null" OriginId="org.eclipse.jdt.ui.CompilationUnitEditor" StartDate="2014-09-18 16:46:46.400 JST" StructureHandle="=SL3/src&amp;lt;sl3.utils{Methods_dlg.java#sl3.adapters.Adp_ListItems" StructureKind="java"/><InteractionEvent Delta="null" EndDate="2014-09-18 16:37:14.922 JST" Interest="1.0" Kind="prediction" Navigation="null" OriginId="org.eclipse.mylyn.resources.ui.interest.updater" StartDate="2014-09-18 16:37:14.922 JST" StructureHandle="=SL3/src&amp;lt;sl3.adapters{PSListAdapter.java" StructureKind="java"/><InteractionEvent Delta="null" EndDate="2014-09-18 16:53:04.715 JST" Interest="3.0" Kind="selection" Navigation="null" OriginId="org.eclipse.jdt.ui.CompilationUnitEditor" StartDate="2014-09-18 16:53:02.485 JST" StructureHandle="=SL3/src&amp;lt;sl3.utils{Methods_dlg.java[Methods_dlg~dlg_LoadToBuyList~QActivity;~QDialog;" StructureKind="java" NumEvents="3" CreationCount="1354"/><InteractionEvent Delta="null" EndDate="2014-09-18 16:37:14.922 JST" Interest="1.0" Kind="prediction" Navigation="null" OriginId="org.eclipse.mylyn.resources.ui.interest.updater" StartDate="2014-09-18 16:37:14.922 JST" StructureHandle="=SL3/src&amp;lt;sl3.utils{Methods.java" StructureKind="java"/><InteractionEvent Delta="null" EndDate="2014-09-18 16:01:17.778 JST" Interest="3.0" Kind="propagation" Navigation="null" OriginId="org.eclipse.jdt.ui.CompilationUnitEditor" StartDate="2014-09-18 16:01:15.836 JST" StructureHandle="/SL3/src/sl3/utils/CONS.java" StructureKind="resource" NumEvents="3" CreationCount="272"/><InteractionEvent Delta="null" EndDate="2014-09-18 16:50:37.506 JST" Interest="2.0" Kind="propagation" Navigation="org.eclipse.mylyn.core.model.edges.containment" OriginId="org.eclipse.mylyn.core.model.interest.propagation" StartDate="2014-09-18 16:48:10.655 JST" StructureHandle="=SL3/src&amp;lt;sl3.utils{Methods_sl.java[Methods_sl~sortPSList~QList\&amp;lt;QPS;&amp;gt;;~QSortTags;[!2" StructureKind="java" NumEvents="2" CreationCount="1265"/><InteractionEvent Delta="null" EndDate="2014-09-18 19:13:50.978 JST" Interest="16.0" Kind="propagation" Navigation="null" OriginId="org.eclipse.jdt.ui.CompilationUnitEditor" StartDate="2014-09-18 16:37:14.924 JST" StructureHandle="/SL3/src/sl3/listeners/dialog/DOI_CL.java" StructureKind="resource" NumEvents="16" CreationCount="64"/><InteractionEvent Delta="null" EndDate="2014-09-18 19:09:05.115 JST" Interest="21.729002" Kind="manipulation" Navigation="null" OriginId="org.eclipse.mylyn.core.model.interest.decay.correction" StartDate="2014-09-18 19:09:05.115 JST" StructureHandle="/SL3/src/sl3/listeners/dialog/DOI_CL.java" StructureKind="resource"/><InteractionEvent Delta="null" EndDate="2014-09-18 19:13:50.978 JST" Interest="32.149002" Kind="propagation" Navigation="org.eclipse.mylyn.core.model.edges.containment" OriginId="org.eclipse.mylyn.core.model.interest.propagation" StartDate="2014-09-18 15:36:20.12 JST" StructureHandle="=SL3/src&amp;lt;sl3.listeners.dialog" StructureKind="java" NumEvents="49" CreationCount="6"/><InteractionEvent Delta="null" EndDate="2014-09-18 15:36:18.602 JST" Interest="1.0" Kind="selection" Navigation="null" OriginId="org.eclipse.jdt.ui.PackageExplorer" StartDate="2014-09-18 15:36:18.602 JST" StructureHandle="=SL3/src&amp;lt;sl3.listeners.dialog" StructureKind="java"/><InteractionEvent Delta="null" EndDate="2014-09-18 16:37:14.926 JST" Interest="1.0" Kind="propagation" Navigation="null" OriginId="org.eclipse.mylyn.resources.ui.interest.updater" StartDate="2014-09-18 16:37:14.926 JST" StructureHandle="/SL3/src/sl3/adapters/ToBuyListAdapter.java" StructureKind="resource"/><InteractionEvent Delta="null" EndDate="2014-09-18 16:46:36.513 JST" Interest="7.0" Kind="selection" Navigation="null" OriginId="org.eclipse.jdt.ui.CompilationUnitEditor" StartDate="2014-09-18 15:47:33.751 JST" StructureHandle="=SL3/src&amp;lt;sl3.utils{Methods_dlg.java[Methods_dlg~dlg_scheduleInDb~QActivity;~QDialog;~QDialog;" StructureKind="java" NumEvents="7" CreationCount="127"/><InteractionEvent Delta="null" EndDate="2014-09-18 16:46:36.763 JST" Interest="19.0" Kind="edit" Navigation="null" OriginId="org.eclipse.jdt.ui.CompilationUnitEditor" StartDate="2014-09-18 15:47:34.862 JST" StructureHandle="=SL3/src&amp;lt;sl3.utils{Methods_dlg.java[Methods_dlg~dlg_scheduleInDb~QActivity;~QDialog;~QDialog;" StructureKind="java" NumEvents="19" CreationCount="127"/><InteractionEvent Delta="null" EndDate="2014-09-18 16:46:36.513 JST" Interest="0.08300209" Kind="manipulation" Navigation="null" OriginId="org.eclipse.mylyn.core.model.interest.decay.correction" StartDate="2014-09-18 16:46:36.513 JST" StructureHandle="=SL3/src&amp;lt;sl3.utils{Methods_dlg.java[Methods_dlg~dlg_scheduleInDb~QActivity;~QDialog;~QDialog;" StructureKind="java"/><InteractionEvent Delta="null" EndDate="2014-09-18 16:23:55.596 JST" Interest="20.0" Kind="selection" Navigation="null" OriginId="org.eclipse.jdt.ui.CompilationUnitEditor" StartDate="2014-09-18 15:48:55.805 JST" StructureHandle="=SL3/src&amp;lt;sl3.utils{DBUtils.java[DBUtils~updateData_PS_ItemIds~QActivity;~QString;~J~QString;" StructureKind="java" NumEvents="20" CreationCount="151"/><InteractionEvent Delta="null" EndDate="2014-09-18 16:23:51.542 JST" Interest="165.0" Kind="edit" Navigation="null" OriginId="org.eclipse.jdt.ui.CompilationUnitEditor" StartDate="2014-09-18 15:48:57.193 JST" StructureHandle="=SL3/src&amp;lt;sl3.utils{DBUtils.java[DBUtils~updateData_PS_ItemIds~QActivity;~QString;~J~QString;" StructureKind="java" NumEvents="165" CreationCount="151"/><InteractionEvent Delta="null" EndDate="2014-09-18 16:52:33.385 JST" Interest="56.436" Kind="propagation" Navigation="org.eclipse.mylyn.core.model.edges.containment" OriginId="org.eclipse.mylyn.core.model.interest.propagation" StartDate="2014-09-18 15:47:33.752 JST" StructureHandle="=SL3/src&amp;lt;sl3.utils{Methods_dlg.java[Methods_dlg" StructureKind="java" NumEvents="78" CreationCount="127"/><InteractionEvent Delta="null" EndDate="2014-09-18 19:08:40.830 JST" Interest="7.0" Kind="selection" Navigation="null" OriginId="org.eclipse.ui.views.ContentOutline" StartDate="2014-09-18 16:46:38.841 JST" StructureHandle="=SL3/src&amp;lt;sl3.utils{Methods_dlg.java[Methods_dlg" StructureKind="java" NumEvents="7" CreationCount="127"/><InteractionEvent Delta="null" EndDate="2014-09-18 19:08:38.851 JST" Interest="8.0" Kind="edit" Navigation="null" OriginId="org.eclipse.jdt.ui.CompilationUnitEditor" StartDate="2014-09-18 16:46:40.170 JST" StructureHandle="=SL3/src&amp;lt;sl3.utils{Methods_dlg.java[Methods_dlg" StructureKind="java" NumEvents="8" CreationCount="127"/><InteractionEvent Delta="null" EndDate="2014-09-18 19:14:31.724 JST" Interest="2.0" Kind="selection" Navigation="null" OriginId="org.eclipse.jdt.ui.CompilationUnitEditor" StartDate="2014-09-18 16:49:27.447 JST" StructureHandle="=SL3/src&amp;lt;sl3.listeners.list{LOI_CL.java[LOI_CL~LOI_CL~QActivity;~QDialog;~QDialog;" StructureKind="java" NumEvents="2" CreationCount="1295"/><InteractionEvent Delta="null" EndDate="2014-09-18 19:14:31.724 JST" Interest="1.1760001" Kind="manipulation" Navigation="null" OriginId="org.eclipse.mylyn.core.model.interest.decay.correction" StartDate="2014-09-18 19:14:31.724 JST" StructureHandle="=SL3/src&amp;lt;sl3.listeners.list{LOI_CL.java[LOI_CL~LOI_CL~QActivity;~QDialog;~QDialog;" StructureKind="java"/><InteractionEvent Delta="null" EndDate="2014-09-18 19:16:34.725 JST" Interest="3.0" Kind="selection" Navigation="null" OriginId="org.eclipse.jdt.ui.CompilationUnitEditor" StartDate="2014-09-18 19:16:32.785 JST" StructureHandle="=SL3/src&amp;lt;sl3.utils{Methods_dlg.java[Methods_dlg~conf_Restore_DB~QActivity;~QDialog;~QDialog;~QDialogTags;" StructureKind="java" NumEvents="3" CreationCount="1461"/><InteractionEvent Delta="null" EndDate="2014-09-18 19:34:48.921 JST" Interest="123.0" Kind="propagation" Navigation="null" OriginId="org.eclipse.jdt.ui.CompilationUnitEditor" StartDate="2014-09-18 15:36:20.12 JST" StructureHandle="/SL3/src/sl3/listeners/dialog/DB_OCL.java" StructureKind="resource" NumEvents="123" CreationCount="7"/><InteractionEvent Delta="null" EndDate="2014-09-18 19:38:50.743 JST" Interest="1518.051" Kind="propagation" Navigation="org.eclipse.mylyn.core.model.edges.containment" OriginId="org.eclipse.mylyn.core.model.interest.propagation" StartDate="2014-09-18 15:32:47.489 JST" StructureHandle="/" StructureKind="resource" NumEvents="1519" CreationCount="1"/><InteractionEvent Delta="null" EndDate="2014-09-18 16:37:11.302 JST" Interest="1.0" Kind="propagation" Navigation="org.eclipse.mylyn.core.model.edges.containment" OriginId="org.eclipse.mylyn.core.model.interest.propagation" StartDate="2014-09-18 16:37:11.302 JST" StructureHandle="/SL3/res/values" StructureKind="resource"/><InteractionEvent Delta="null" EndDate="2014-09-18 19:09:06.41 JST" Interest="1.0" Kind="selection" Navigation="null" OriginId="org.eclipse.jdt.ui.CompilationUnitEditor" StartDate="2014-09-18 19:09:06.41 JST" StructureHandle="=SL3/src&amp;lt;sl3.listeners.dialog{DOI_CL.java[DOI_CL~DOI_CL~QActivity;~QDialog;" StructureKind="java"/><InteractionEvent Delta="null" EndDate="2014-09-18 15:41:29.259 JST" Interest="1.0" Kind="propagation" Navigation="org.eclipse.mylyn.core.model.edges.containment" OriginId="org.eclipse.mylyn.core.model.interest.propagation" StartDate="2014-09-18 15:41:29.259 JST" StructureHandle="/SL3/bin" StructureKind="resource"/><InteractionEvent Delta="null" EndDate="2014-09-18 16:48:36.738 JST" Interest="1.017" Kind="propagation" Navigation="org.eclipse.mylyn.core.model.edges.containment" OriginId="org.eclipse.mylyn.core.model.interest.propagation" StartDate="2014-09-18 16:48:34.313 JST" StructureHandle="=SL3/src&amp;lt;sl3.utils{Tags.java[Tags" StructureKind="java" NumEvents="2" CreationCount="1271"/><InteractionEvent Delta="null" EndDate="2014-09-18 16:50:38.147 JST" Interest="1.0" Kind="selection" Navigation="null" OriginId="org.eclipse.jdt.ui.CompilationUnitEditor" StartDate="2014-09-18 16:50:38.147 JST" StructureHandle="=SL3/src&amp;lt;sl3.utils{Methods_sl.java[Methods_sl~getSIListFromItemList~QActivity;~QString;" StructureKind="java"/><InteractionEvent Delta="null" EndDate="2014-09-18 16:50:39.81 JST" Interest="1.0" Kind="edit" Navigation="null" OriginId="org.eclipse.jdt.ui.CompilationUnitEditor" StartDate="2014-09-18 16:50:39.81 JST" StructureHandle="=SL3/src&amp;lt;sl3.utils{Methods_sl.java[Methods_sl~getSIListFromItemList~QActivity;~QString;" StructureKind="java"/><InteractionEvent Delta="null" EndDate="2014-09-18 19:15:42.913 JST" Interest="11.0" Kind="prediction" Navigation="null" OriginId="org.eclipse.mylyn.resources.ui.interest.updater" StartDate="2014-09-18 15:41:29.248 JST" StructureHandle="/SL3/bin/classes.dex" StructureKind="resource" NumEvents="11" CreationCount="93"/><InteractionEvent Delta="null" EndDate="2014-09-18 16:37:14.927 JST" Interest="3.0" Kind="propagation" Navigation="null" OriginId="org.eclipse.mylyn.resources.ui.interest.updater" StartDate="2014-09-18 16:37:14.925 JST" StructureHandle="/SL3/src/sl3/adapters" StructureKind="resource" NumEvents="3" CreationCount="1182"/><InteractionEvent Delta="null" EndDate="2014-09-18 19:19:22.824 JST" Interest="1.0" Kind="selection" Navigation="null" OriginId="org.eclipse.jdt.ui.CompilationUnitEditor" StartDate="2014-09-18 19:19:22.824 JST" StructureHandle="=SL3/src&amp;lt;sl3.utils{DBUtils.java[DBUtils~storeData_PS__getContentValues~QPS;" StructureKind="java"/><InteractionEvent Delta="null" EndDate="2014-09-18 19:19:23.868 JST" Interest="1.0" Kind="edit" Navigation="null" OriginId="org.eclipse.jdt.ui.CompilationUnitEditor" StartDate="2014-09-18 19:19:23.868 JST" StructureHandle="=SL3/src&amp;lt;sl3.utils{DBUtils.java[DBUtils~storeData_PS__getContentValues~QPS;" StructureKind="java"/><InteractionEvent Delta="null" EndDate="2014-09-18 16:50:52.282 JST" Interest="15.0" Kind="selection" Navigation="null" OriginId="org.eclipse.jdt.ui.CompilationUnitEditor" StartDate="2014-09-18 16:03:37.901 JST" StructureHandle="=SL3/src&amp;lt;sl3.utils{DBUtils.java[DBUtils~getDbId_PS~QActivity;~QString;~J" StructureKind="java" NumEvents="15" CreationCount="341"/><InteractionEvent Delta="null" EndDate="2014-09-18 16:43:39.895 JST" Interest="674.0" Kind="edit" Navigation="null" OriginId="org.eclipse.jdt.ui.CompilationUnitEditor" StartDate="2014-09-18 16:08:39.166 JST" StructureHandle="=SL3/src&amp;lt;sl3.utils{DBUtils.java[DBUtils~getDbId_PS~QActivity;~QString;~J" StructureKind="java" NumEvents="674" CreationCount="341"/><InteractionEvent Delta="null" EndDate="2014-09-18 16:48:36.738 JST" Interest="0.01700002" Kind="propagation" Navigation="org.eclipse.mylyn.core.model.edges.containment" OriginId="org.eclipse.mylyn.core.model.interest.propagation" StartDate="2014-09-18 16:48:36.738 JST" StructureHandle="=SL3/src&amp;lt;sl3.utils{Tags.java[Tags[DialogTags" StructureKind="java"/><InteractionEvent Delta="null" EndDate="2014-09-18 16:48:34.312 JST" Interest="1.0" Kind="selection" Navigation="null" OriginId="org.eclipse.jdt.ui.CompilationUnitEditor" StartDate="2014-09-18 16:48:34.312 JST" StructureHandle="=SL3/src&amp;lt;sl3.utils{Tags.java[Tags[DialogTags" StructureKind="java"/><InteractionEvent Delta="null" EndDate="2014-09-18 16:51:20.421 JST" Interest="23.017" Kind="propagation" Navigation="org.eclipse.mylyn.core.model.edges.containment" OriginId="org.eclipse.mylyn.core.model.interest.propagation" StartDate="2014-09-18 16:43:52.188 JST" StructureHandle="/ShoppingList/src/sl/utils" StructureKind="resource" NumEvents="24" CreationCount="1199"/><InteractionEvent Delta="null" EndDate="2014-09-18 16:46:28.249 JST" Interest="5.0" Kind="selection" Navigation="null" OriginId="org.eclipse.jdt.ui.CompilationUnitEditor" StartDate="2014-09-18 16:44:01.872 JST" StructureHandle="=ShoppingList/src&amp;lt;sl.utils{Methods_dlg.java[Methods_dlg~dlg_DeleteToBuyList~QActivity;~QDialog;" StructureKind="java" NumEvents="5" CreationCount="1204"/><InteractionEvent Delta="null" EndDate="2014-09-18 16:46:34.428 JST" Interest="9.0" Kind="edit" Navigation="null" OriginId="org.eclipse.jdt.ui.CompilationUnitEditor" StartDate="2014-09-18 16:44:02.449 JST" StructureHandle="=ShoppingList/src&amp;lt;sl.utils{Methods_dlg.java[Methods_dlg~dlg_DeleteToBuyList~QActivity;~QDialog;" StructureKind="java" NumEvents="9" CreationCount="1204"/><InteractionEvent Delta="null" EndDate="2014-09-18 16:37:14.927 JST" Interest="1.0" Kind="propagation" Navigation="null" OriginId="org.eclipse.mylyn.resources.ui.interest.updater" StartDate="2014-09-18 16:37:14.927 JST" StructureHandle="/SL3/src/sl3/adapters/ItemListAdapter2.java" StructureKind="resource"/><InteractionEvent Delta="null" EndDate="2014-09-18 16:50:52.282 JST" Interest="489.02997" Kind="propagation" Navigation="org.eclipse.mylyn.core.model.edges.containment" OriginId="org.eclipse.mylyn.core.model.interest.propagation" StartDate="2014-09-18 15:48:55.806 JST" StructureHandle="=SL3/src&amp;lt;sl3.utils{DBUtils.java[DBUtils" StructureKind="java" NumEvents="690" CreationCount="151"/><InteractionEvent Delta="null" EndDate="2014-09-18 16:09:08.906 JST" Interest="1.0" Kind="selection" Navigation="null" OriginId="org.eclipse.jdt.ui.CompilationUnitEditor" StartDate="2014-09-18 16:09:08.906 JST" StructureHandle="=SL3/src&amp;lt;sl3.utils{DBUtils.java[DBUtils" StructureKind="java"/><InteractionEvent Delta="null" EndDate="2014-09-18 16:51:20.421 JST" Interest="23.0" Kind="propagation" Navigation="null" OriginId="org.eclipse.jdt.ui.CompilationUnitEditor" StartDate="2014-09-18 16:43:53.622 JST" StructureHandle="/ShoppingList/src/sl/utils/Methods_dlg.java" StructureKind="resource" NumEvents="23" CreationCount="1200"/><InteractionEvent Delta="null" EndDate="2014-09-18 16:37:14.923 JST" Interest="1.0" Kind="propagation" Navigation="null" OriginId="org.eclipse.mylyn.resources.ui.interest.updater" StartDate="2014-09-18 16:37:14.923 JST" StructureHandle="/SL3/src/sl3/utils/Methods.java" StructureKind="resource"/><InteractionEvent Delta="null" EndDate="2014-09-18 16:51:20.421 JST" Interest="11.419" Kind="propagation" Navigation="org.eclipse.mylyn.core.model.edges.containment" OriginId="org.eclipse.mylyn.core.model.interest.propagation" StartDate="2014-09-18 16:43:50.847 JST" StructureHandle="=ShoppingList/src" StructureKind="java" NumEvents="22" CreationCount="1197"/><InteractionEvent Delta="null" EndDate="2014-09-18 16:43:50.147 JST" Interest="1.0" Kind="selection" Navigation="null" OriginId="org.eclipse.ui.views.ResourceNavigator" StartDate="2014-09-18 16:43:50.147 JST" StructureHandle="=ShoppingList/src" StructureKind="java"/><InteractionEvent Delta="null" EndDate="2014-09-18 16:50:39.82 JST" Interest="109.0" Kind="propagation" Navigation="null" OriginId="org.eclipse.jdt.ui.CompilationUnitEditor" StartDate="2014-09-18 15:37:00.912 JST" StructureHandle="/SL3/src/sl3/utils/Methods_sl.java" StructureKind="resource" NumEvents="109" CreationCount="13"/><InteractionEvent Delta="null" EndDate="2014-09-18 16:43:39.896 JST" Interest="477.04697" Kind="propagation" Navigation="org.eclipse.mylyn.core.model.edges.containment" OriginId="org.eclipse.mylyn.core.model.interest.propagation" StartDate="2014-09-18 15:48:55.806 JST" StructureHandle="=SL3/src&amp;lt;sl3.utils{DBUtils.java" StructureKind="java" NumEvents="684" CreationCount="150"/><InteractionEvent Delta="null" EndDate="2014-09-18 19:35:08.105 JST" Interest="19.0" Kind="selection" Navigation="null" OriginId="org.eclipse.jdt.ui.CompilationUnitEditor" StartDate="2014-09-18 15:48:55.129 JST" StructureHandle="=SL3/src&amp;lt;sl3.utils{DBUtils.java" StructureKind="java" NumEvents="19" CreationCount="150"/><InteractionEvent Delta="null" EndDate="2014-09-18 15:48:14.63 JST" Interest="1.0" Kind="selection" Navigation="null" OriginId="org.eclipse.jdt.ui.CompilationUnitEditor" StartDate="2014-09-18 15:48:14.63 JST" StructureHandle="=SL3/src&amp;lt;sl3.listeners.dialog{DB_OCL.java[DB_OCL~DB_OCL~QActivity;~QDialog;~QDialog;~QDialog;" StructureKind="java"/><InteractionEvent Delta="null" EndDate="2014-09-18 19:34:44.411 JST" Interest="84.0" Kind="propagation" Navigation="null" OriginId="org.eclipse.jdt.ui.CompilationUnitEditor" StartDate="2014-09-18 16:37:14.926 JST" StructureHandle="/SL3/src/sl3/listeners/list/LOI_CL.java" StructureKind="resource" NumEvents="84" CreationCount="448"/><InteractionEvent Delta="null" EndDate="2014-09-18 16:49:26.735 JST" Interest="13.382001" Kind="manipulation" Navigation="null" OriginId="org.eclipse.mylyn.core.model.interest.decay.correction" StartDate="2014-09-18 16:49:26.735 JST" StructureHandle="/SL3/src/sl3/listeners/list/LOI_CL.java" StructureKind="resource"/><InteractionEvent Delta="null" EndDate="2014-09-18 16:05:50.689 JST" Interest="1.0" Kind="selection" Navigation="null" OriginId="org.eclipse.jdt.ui.CompilationUnitEditor" StartDate="2014-09-18 16:05:50.689 JST" StructureHandle="=SL3/src&amp;lt;sl3.utils{Methods_dlg.java[Methods_dlg~dlg_template_okCancel~QActivity;~I~I~I~I~QDialogTags;~QDialogTags;~QSI;" StructureKind="java"/><InteractionEvent Delta="null" EndDate="2014-09-18 19:13:59.660 JST" Interest="2.0" Kind="selection" Navigation="null" OriginId="org.eclipse.jdt.ui.CompilationUnitEditor" StartDate="2014-09-18 19:08:43.763 JST" StructureHandle="=SL3/src&amp;lt;sl3.utils{Methods_dlg.java[Methods_dlg~dlg_OptMenu_DB~QActivity;" StructureKind="java" NumEvents="2" CreationCount="1395"/><InteractionEvent Delta="null" EndDate="2014-09-18 19:08:52.292 JST" Interest="5.0" Kind="edit" Navigation="null" OriginId="org.eclipse.jdt.ui.CompilationUnitEditor" StartDate="2014-09-18 19:08:46.711 JST" StructureHandle="=SL3/src&amp;lt;sl3.utils{Methods_dlg.java[Methods_dlg~dlg_OptMenu_DB~QActivity;" StructureKind="java" NumEvents="5" CreationCount="1395"/><InteractionEvent Delta="null" EndDate="2014-09-18 15:47:20.497 JST" Interest="64.6" Kind="propagation" Navigation="org.eclipse.mylyn.core.model.edges.containment" OriginId="org.eclipse.mylyn.core.model.interest.propagation" StartDate="2014-09-18 15:37:18.700 JST" StructureHandle="=SL3/src&amp;lt;sl3.utils{Methods_sl.java[Methods_sl" StructureKind="java" NumEvents="91" CreationCount="22"/><InteractionEvent Delta="null" EndDate="2014-09-18 16:48:03.965 JST" Interest="4.0" Kind="selection" Navigation="null" OriginId="org.eclipse.jdt.ui.CompilationUnitEditor" StartDate="2014-09-18 15:47:22.50 JST" StructureHandle="=SL3/src&amp;lt;sl3.utils{Methods_sl.java[Methods_sl" StructureKind="java" NumEvents="4" CreationCount="22"/><InteractionEvent Delta="null" EndDate="2014-09-18 15:47:22.768 JST" Interest="1.0" Kind="edit" Navigation="null" OriginId="org.eclipse.jdt.ui.CompilationUnitEditor" StartDate="2014-09-18 15:47:22.768 JST" StructureHandle="=SL3/src&amp;lt;sl3.utils{Methods_sl.java[Methods_sl" StructureKind="java"/><InteractionEvent Delta="null" EndDate="2014-09-18 16:51:20.421 JST" Interest="11.384999" Kind="propagation" Navigation="org.eclipse.mylyn.core.model.edges.containment" OriginId="org.eclipse.mylyn.core.model.interest.propagation" StartDate="2014-09-18 16:43:53.622 JST" StructureHandle="=ShoppingList/src&amp;lt;sl.utils" StructureKind="java" NumEvents="20" CreationCount="1199"/><InteractionEvent Delta="null" EndDate="2014-09-18 16:43:52.188 JST" Interest="1.0" Kind="selection" Navigation="null" OriginId="org.eclipse.ui.views.ResourceNavigator" StartDate="2014-09-18 16:43:52.188 JST" StructureHandle="=ShoppingList/src&amp;lt;sl.utils" StructureKind="java"/><InteractionEvent Delta="null" EndDate="2014-09-18 16:05:57.77 JST" Interest="9.0" Kind="selection" Navigation="null" OriginId="org.eclipse.jdt.ui.CompilationUnitEditor" StartDate="2014-09-18 15:36:29.27 JST" StructureHandle="=SL3/src&amp;lt;sl3.listeners.dialog{DB_OCL.java[DB_OCL~case_DLG_SAVE_TOBUY_LIST_BT_OK" StructureKind="java" NumEvents="9" CreationCount="10"/><InteractionEvent Delta="null" EndDate="2014-09-18 15:59:45.748 JST" Interest="15.0" Kind="edit" Navigation="null" OriginId="org.eclipse.jdt.ui.CompilationUnitEditor" StartDate="2014-09-18 15:36:30.167 JST" StructureHandle="=SL3/src&amp;lt;sl3.listeners.dialog{DB_OCL.java[DB_OCL~case_DLG_SAVE_TOBUY_LIST_BT_OK" StructureKind="java" NumEvents="15" CreationCount="10"/><InteractionEvent Delta="null" EndDate="2014-09-18 19:34:48.921 JST" Interest="139.017" Kind="propagation" Navigation="org.eclipse.mylyn.core.model.edges.containment" OriginId="org.eclipse.mylyn.core.model.interest.propagation" StartDate="2014-09-18 15:36:18.603 JST" StructureHandle="/SL3/src/sl3/listeners" StructureKind="resource" NumEvents="140" CreationCount="6"/><InteractionEvent Delta="null" EndDate="2014-09-18 16:46:34.430 JST" Interest="8.367999" Kind="propagation" Navigation="org.eclipse.mylyn.core.model.edges.containment" OriginId="org.eclipse.mylyn.core.model.interest.propagation" StartDate="2014-09-18 16:44:01.942 JST" StructureHandle="=ShoppingList/src&amp;lt;sl.utils{Methods_dlg.java" StructureKind="java" NumEvents="13" CreationCount="1200"/><InteractionEvent Delta="null" EndDate="2014-09-18 16:51:20.340 JST" Interest="4.0" Kind="selection" Navigation="null" OriginId="org.eclipse.jdt.ui.CompilationUnitEditor" StartDate="2014-09-18 16:43:53.622 JST" StructureHandle="=ShoppingList/src&amp;lt;sl.utils{Methods_dlg.java" StructureKind="java" NumEvents="4" CreationCount="1200"/><InteractionEvent Delta="null" EndDate="2014-09-18 19:17:14.29 JST" Interest="1.0" Kind="selection" Navigation="null" OriginId="org.eclipse.jdt.ui.CompilationUnitEditor" StartDate="2014-09-18 19:17:14.29 JST" StructureHandle="=SL3/src&amp;lt;sl3.listeners.dialog{DB_OCL.java[DB_OCL~case_dlg_scheduleInDb_ok" StructureKind="java"/><InteractionEvent Delta="null" EndDate="2014-09-18 16:37:11.301 JST" Interest="1.0" Kind="prediction" Navigation="null" OriginId="org.eclipse.mylyn.resources.ui.interest.updater" StartDate="2014-09-18 16:37:11.301 JST" StructureHandle="/SL3/res/layout/dlg_tmpl_cancel_lv_with_btn.xml" StructureKind="resource"/><InteractionEvent Delta="null" EndDate="2014-09-18 19:38:50.743 JST" Interest="1283.119" Kind="propagation" Navigation="org.eclipse.mylyn.core.model.edges.containment" OriginId="org.eclipse.mylyn.core.model.interest.propagation" StartDate="2014-09-18 15:36:18.603 JST" StructureHandle="/SL3/src/sl3" StructureKind="resource" NumEvents="1286" CreationCount="6"/><InteractionEvent Delta="null" EndDate="2014-09-18 19:34:34.759 JST" Interest="9.0" Kind="selection" Navigation="null" OriginId="org.eclipse.jdt.ui.CompilationUnitEditor" StartDate="2014-09-18 16:49:32.81 JST" StructureHandle="=SL3/src&amp;lt;sl3.listeners.list{LOI_CL.java[LOI_CL~case_delete_toBuyList~QAdapterView\&amp;lt;*&amp;gt;;~I" StructureKind="java" NumEvents="9" CreationCount="1298"/><InteractionEvent Delta="null" EndDate="2014-09-18 19:34:44.411 JST" Interest="63.0" Kind="edit" Navigation="null" OriginId="org.eclipse.jdt.ui.CompilationUnitEditor" StartDate="2014-09-18 16:49:37.27 JST" StructureHandle="=SL3/src&amp;lt;sl3.listeners.list{LOI_CL.java[LOI_CL~case_delete_toBuyList~QAdapterView\&amp;lt;*&amp;gt;;~I" StructureKind="java" NumEvents="63" CreationCount="1298"/><InteractionEvent Delta="null" EndDate="2014-09-18 16:51:20.422 JST" Interest="31.0" Kind="propagation" Navigation="null" OriginId="org.eclipse.jdt.ui.CompilationUnitEditor" StartDate="2014-09-18 16:43:45.93 JST" StructureHandle="/ShoppingList" StructureKind="resource" NumEvents="31" CreationCount="1196"/><InteractionEvent Delta="null" EndDate="2014-09-18 19:34:48.920 JST" Interest="6.0" Kind="selection" Navigation="null" OriginId="org.eclipse.jdt.ui.CompilationUnitEditor" StartDate="2014-09-18 15:58:38.474 JST" StructureHandle="=SL3/src&amp;lt;sl3.listeners.dialog{DB_OCL.java[DB_OCL~_case_case_DLG_SAVE_TOBUY_LIST_BT_OK_execute~QSpinner;~QString;~QString;" StructureKind="java" NumEvents="6" CreationCount="208"/><InteractionEvent Delta="null" EndDate="2014-09-18 15:59:13.686 JST" Interest="5.0" Kind="edit" Navigation="null" OriginId="org.eclipse.jdt.ui.CompilationUnitEditor" StartDate="2014-09-18 15:58:39.64 JST" StructureHandle="=SL3/src&amp;lt;sl3.listeners.dialog{DB_OCL.java[DB_OCL~_case_case_DLG_SAVE_TOBUY_LIST_BT_OK_execute~QSpinner;~QString;~QString;" StructureKind="java" NumEvents="5" CreationCount="208"/><InteractionEvent Delta="null" EndDate="2014-09-18 19:18:47.368 JST" Interest="15.175001" Kind="manipulation" Navigation="null" OriginId="org.eclipse.mylyn.core.model.interest.decay.correction" StartDate="2014-09-18 19:18:47.368 JST" StructureHandle="=SL3/src&amp;lt;sl3.listeners.dialog{DB_OCL.java[DB_OCL~_case_case_DLG_SAVE_TOBUY_LIST_BT_OK_execute~QSpinner;~QString;~QString;" StructureKind="java"/><InteractionEvent Delta="null" EndDate="2014-09-18 19:38:50.743 JST" Interest="1284.0" Kind="propagation" Navigation="null" OriginId="org.eclipse.jdt.ui.CompilationUnitEditor" StartDate="2014-09-18 15:37:00.912 JST" StructureHandle="/SL3/src/sl3/utils" StructureKind="resource" NumEvents="1284" CreationCount="13"/><InteractionEvent Delta="null" EndDate="2014-09-18 16:01:17.778 JST" Interest="1.7" Kind="propagation" Navigation="org.eclipse.mylyn.core.model.edges.containment" OriginId="org.eclipse.mylyn.core.model.interest.propagation" StartDate="2014-09-18 16:01:16.469 JST" StructureHandle="=SL3/src&amp;lt;sl3.utils{CONS.java[CONS" StructureKind="java" NumEvents="2" CreationCount="273"/><InteractionEvent Delta="null" EndDate="2014-09-18 16:43:55.469 JST" Interest="1.0" Kind="selection" Navigation="null" OriginId="org.eclipse.ui.views.ContentOutline" StartDate="2014-09-18 16:43:55.469 JST" StructureHandle="=ShoppingList/src&amp;lt;sl.utils{Methods_dlg.java%sl.utils" StructureKind="java"/><InteractionEvent Delta="null" EndDate="2014-09-18 16:37:14.922 JST" Interest="1.0" Kind="prediction" Navigation="null" OriginId="org.eclipse.mylyn.resources.ui.interest.updater" StartDate="2014-09-18 16:37:14.922 JST" StructureHandle="=SL3/src&amp;lt;sl3.utils{Tags.java" StructureKind="java"/><InteractionEvent Delta="null" EndDate="2014-09-18 16:48:36.739 JST" Interest="0.051000535" Kind="propagation" Navigation="org.eclipse.mylyn.core.model.edges.containment" OriginId="org.eclipse.mylyn.core.model.interest.propagation" StartDate="2014-09-18 16:48:34.313 JST" StructureHandle="=SL3/src&amp;lt;sl3.utils{Tags.java" StructureKind="java" NumEvents="2" CreationCount="24"/><InteractionEvent Delta="null" EndDate="2014-09-18 16:48:33.599 JST" Interest="1.0" Kind="selection" Navigation="null" OriginId="org.eclipse.jdt.ui.CompilationUnitEditor" StartDate="2014-09-18 16:48:33.599 JST" StructureHandle="=SL3/src&amp;lt;sl3.utils{Tags.java" StructureKind="java"/><InteractionEvent Delta="null" EndDate="2014-09-18 16:48:33.599 JST" Interest="20.165" Kind="manipulation" Navigation="null" OriginId="org.eclipse.mylyn.core.model.interest.decay.correction" StartDate="2014-09-18 16:48:33.599 JST" StructureHandle="=SL3/src&amp;lt;sl3.utils{Tags.java" StructureKind="java"/><InteractionEvent Delta="null" EndDate="2014-09-18 15:56:28.262 JST" Interest="3.0" Kind="selection" Navigation="null" OriginId="org.eclipse.jdt.ui.CompilationUnitEditor" StartDate="2014-09-18 15:48:00.101 JST" StructureHandle="=SL3/src&amp;lt;sl3.utils{Methods_dlg.java[Methods_dlg~dlg_template_okCancel_3Dialogues_3Choices~QActivity;~I~I~I~I~I~QDialogTags;~QDialogTags;~QDialogTags;~QDialog;~QDialog;" StructureKind="java" NumEvents="3" CreationCount="132"/><InteractionEvent Delta="null" EndDate="2014-09-18 15:56:38.197 JST" Interest="6.0" Kind="edit" Navigation="null" OriginId="org.eclipse.jdt.ui.CompilationUnitEditor" StartDate="2014-09-18 15:55:59.177 JST" StructureHandle="=SL3/src&amp;lt;sl3.utils{Methods_dlg.java[Methods_dlg~dlg_template_okCancel_3Dialogues_3Choices~QActivity;~I~I~I~I~I~QDialogTags;~QDialogTags;~QDialogTags;~QDialog;~QDialog;" StructureKind="java" NumEvents="6" CreationCount="132"/><InteractionEvent Delta="null" EndDate="2014-09-18 19:16:59.112 JST" Interest="11.0" Kind="selection" Navigation="null" OriginId="org.eclipse.jdt.ui.CompilationUnitEditor" StartDate="2014-09-18 15:48:33.886 JST" StructureHandle="=SL3/src&amp;lt;sl3.listeners.dialog{DB_OCL.java[DB_OCL~case_dlg_scheduleInDb_update_execute~QSpinner;~QString;~J" StructureKind="java" NumEvents="11" CreationCount="145"/><InteractionEvent Delta="null" EndDate="2014-09-18 16:12:47.399 JST" Interest="21.0" Kind="edit" Navigation="null" OriginId="org.eclipse.jdt.ui.CompilationUnitEditor" StartDate="2014-09-18 15:48:34.916 JST" StructureHandle="=SL3/src&amp;lt;sl3.listeners.dialog{DB_OCL.java[DB_OCL~case_dlg_scheduleInDb_update_execute~QSpinner;~QString;~J" StructureKind="java" NumEvents="21" CreationCount="145"/><InteractionEvent Delta="null" EndDate="2014-09-18 16:51:20.421 JST" Interest="23.033998" Kind="propagation" Navigation="org.eclipse.mylyn.core.model.edges.containment" OriginId="org.eclipse.mylyn.core.model.interest.propagation" StartDate="2014-09-18 16:43:50.847 JST" StructureHandle="/ShoppingList/src/sl" StructureKind="resource" NumEvents="25" CreationCount="1198"/><InteractionEvent Delta="null" EndDate="2014-09-18 16:46:41.650 JST" Interest="1.0" Kind="propagation" Navigation="org.eclipse.mylyn.core.model.edges.containment" OriginId="org.eclipse.mylyn.core.model.interest.propagation" StartDate="2014-09-18 16:46:41.650 JST" StructureHandle="=SL3/src&amp;lt;sl3.utils{Methods_dlg.java#" StructureKind="java"/><InteractionEvent Delta="null" EndDate="2014-09-18 16:46:45.519 JST" Interest="1.0" Kind="selection" Navigation="null" OriginId="org.eclipse.jdt.ui.CompilationUnitEditor" StartDate="2014-09-18 16:46:45.519 JST" StructureHandle="=SL3/src&amp;lt;sl3.utils{Methods_dlg.java#" StructureKind="java"/><InteractionEvent Delta="null" EndDate="2014-09-18 19:34:44.411 JST" Interest="103.91" Kind="propagation" Navigation="org.eclipse.mylyn.core.model.edges.containment" OriginId="org.eclipse.mylyn.core.model.interest.propagation" StartDate="2014-09-18 16:37:14.926 JST" StructureHandle="/SL3/src/sl3/listeners/list" StructureKind="resource" NumEvents="84" CreationCount="64"/><InteractionEvent Delta="null" EndDate="2014-09-18 16:37:11.301 JST" Interest="1.0" Kind="prediction" Navigation="null" OriginId="org.eclipse.mylyn.resources.ui.interest.updater" StartDate="2014-09-18 16:37:11.301 JST" StructureHandle="/SL3/res/layout/listrow_load_tobuy_list.xml" StructureKind="resource"/><InteractionEvent Delta="null" EndDate="2014-09-18 16:17:37.513 JST" Interest="7.0" Kind="selection" Navigation="null" OriginId="org.eclipse.jdt.ui.CompilationUnitEditor" StartDate="2014-09-18 16:01:20.196 JST" StructureHandle="=SL3/src&amp;lt;sl3.utils{DBUtils.java[DBUtils~onCreate~QSQLiteDatabase;" StructureKind="java" NumEvents="7" CreationCount="276"/><InteractionEvent Delta="null" EndDate="2014-09-18 16:17:33.525 JST" Interest="2.0" Kind="edit" Navigation="null" OriginId="org.eclipse.jdt.ui.CompilationUnitEditor" StartDate="2014-09-18 16:08:26.746 JST" StructureHandle="=SL3/src&amp;lt;sl3.utils{DBUtils.java[DBUtils~onCreate~QSQLiteDatabase;" StructureKind="java" NumEvents="2" CreationCount="276"/><InteractionEvent Delta="null" EndDate="2014-09-18 16:08:26.727 JST" Interest="1.3970001" Kind="manipulation" Navigation="null" OriginId="org.eclipse.mylyn.core.model.interest.decay.correction" StartDate="2014-09-18 16:08:26.727 JST" StructureHandle="=SL3/src&amp;lt;sl3.utils{DBUtils.java[DBUtils~onCreate~QSQLiteDatabase;" StructureKind="java"/><InteractionEvent Delta="null" EndDate="2014-09-18 16:09:24.981 JST" Interest="5.0" Kind="selection" Navigation="null" OriginId="org.eclipse.ui.views.ContentOutline" StartDate="2014-09-18 15:49:16.842 JST" StructureHandle="=SL3/src&amp;lt;sl3.utils{DBUtils.java[DBUtils~updateData_SI_all~QSI;" StructureKind="java" NumEvents="5" CreationCount="153"/><InteractionEvent Delta="null" EndDate="2014-09-18 16:00:24.161 JST" Interest="8.0" Kind="edit" Navigation="null" OriginId="org.eclipse.jdt.ui.CompilationUnitEditor" StartDate="2014-09-18 16:00:11.929 JST" StructureHandle="=SL3/src&amp;lt;sl3.utils{DBUtils.java[DBUtils~updateData_SI_all~QSI;" StructureKind="java" NumEvents="8" CreationCount="153"/><InteractionEvent Delta="null" EndDate="2014-09-18 16:00:09.398 JST" Interest="0.4280001" Kind="manipulation" Navigation="null" OriginId="org.eclipse.mylyn.core.model.interest.decay.correction" StartDate="2014-09-18 16:00:09.398 JST" StructureHandle="=SL3/src&amp;lt;sl3.utils{DBUtils.java[DBUtils~updateData_SI_all~QSI;" StructureKind="java"/><InteractionEvent Delta="null" EndDate="2014-09-18 16:37:14.922 JST" Interest="1.0" Kind="prediction" Navigation="null" OriginId="org.eclipse.mylyn.resources.ui.interest.updater" StartDate="2014-09-18 16:37:14.922 JST" StructureHandle="=SL3/src&amp;lt;sl3.adapters{ToBuyListAdapter.java" StructureKind="java"/><InteractionEvent Delta="null" EndDate="2014-09-18 16:48:36.738 JST" Interest="1.0" Kind="selection" Navigation="null" OriginId="org.eclipse.jdt.ui.CompilationUnitEditor" StartDate="2014-09-18 16:48:36.738 JST" StructureHandle="=SL3/src&amp;lt;sl3.utils{Tags.java[Tags[DialogTags^DLG_GENERIC_DISMISS_SECOND_DIALOG" StructureKind="java"/><InteractionEvent Delta="null" EndDate="2014-09-18 16:08:31.8 JST" Interest="0.3770001" Kind="manipulation" Navigation="null" OriginId="org.eclipse.mylyn.core.model.interest.decay.correction" StartDate="2014-09-18 16:08:31.8 JST" StructureHandle="=SL3/src&amp;lt;sl3.utils{DBUtils.java[DBUtils~getDbId_PS~QString;~J" StructureKind="java"/><InteractionEvent Delta="null" EndDate="2014-09-18 16:37:14.925 JST" Interest="1.0" Kind="propagation" Navigation="null" OriginId="org.eclipse.mylyn.resources.ui.interest.updater" StartDate="2014-09-18 16:37:14.925 JST" StructureHandle="/SL3/src/sl3/adapters/PSListAdapter.java" StructureKind="resource"/><InteractionEvent Delta="null" EndDate="2014-09-18 16:44:34.476 JST" Interest="2.7170005" Kind="propagation" Navigation="org.eclipse.mylyn.core.model.edges.containment" OriginId="org.eclipse.mylyn.core.model.interest.propagation" StartDate="2014-09-18 16:44:31.432 JST" StructureHandle="=ShoppingList/src&amp;lt;sl.listeners.dialog" StructureKind="java" NumEvents="4" CreationCount="1214"/><InteractionEvent Delta="null" EndDate="2014-09-18 16:43:50.847 JST" Interest="1.0" Kind="selection" Navigation="null" OriginId="org.eclipse.ui.views.ResourceNavigator" StartDate="2014-09-18 16:43:50.847 JST" StructureHandle="=ShoppingList/src&amp;lt;sl" StructureKind="java"/><InteractionEvent Delta="null" EndDate="2014-09-18 16:37:14.922 JST" Interest="1.0" Kind="prediction" Navigation="null" OriginId="org.eclipse.mylyn.resources.ui.interest.updater" StartDate="2014-09-18 16:37:14.922 JST" StructureHandle="=SL3/src&amp;lt;sl3.listeners.dialog{DOI_CL.java" StructureKind="java"/><InteractionEvent Delta="null" EndDate="2014-09-18 19:13:50.978 JST" Interest="8.450998" Kind="propagation" Navigation="org.eclipse.mylyn.core.model.edges.containment" OriginId="org.eclipse.mylyn.core.model.interest.propagation" StartDate="2014-09-18 19:09:06.41 JST" StructureHandle="=SL3/src&amp;lt;sl3.listeners.dialog{DOI_CL.java" StructureKind="java" NumEvents="14" CreationCount="296"/><InteractionEvent Delta="null" EndDate="2014-09-18 19:09:05.115 JST" Interest="1.0" Kind="selection" Navigation="null" OriginId="org.eclipse.jdt.ui.CompilationUnitEditor" StartDate="2014-09-18 19:09:05.115 JST" StructureHandle="=SL3/src&amp;lt;sl3.listeners.dialog{DOI_CL.java" StructureKind="java"/><InteractionEvent Delta="null" EndDate="2014-09-18 19:09:05.115 JST" Interest="17.768002" Kind="manipulation" Navigation="null" OriginId="org.eclipse.mylyn.core.model.interest.decay.correction" StartDate="2014-09-18 19:09:05.115 JST" StructureHandle="=SL3/src&amp;lt;sl3.listeners.dialog{DOI_CL.java" StructureKind="java"/><InteractionEvent Delta="null" EndDate="2014-09-18 16:22:58.77 JST" Interest="2.0" Kind="selection" Navigation="null" OriginId="org.eclipse.jdt.ui.CompilationUnitEditor" StartDate="2014-09-18 16:04:46.276 JST" StructureHandle="=SL3/src&amp;lt;sl3.utils{DBUtils.java[DBUtils~getSI_FromItemName~QString;" StructureKind="java" NumEvents="2" CreationCount="374"/><InteractionEvent Delta="null" EndDate="2014-09-18 16:22:58.79 JST" Interest="1.0" Kind="edit" Navigation="null" OriginId="org.eclipse.jdt.ui.CompilationUnitEditor" StartDate="2014-09-18 16:22:58.79 JST" StructureHandle="=SL3/src&amp;lt;sl3.utils{DBUtils.java[DBUtils~getSI_FromItemName~QString;" StructureKind="java"/><InteractionEvent Delta="null" EndDate="2014-09-18 16:22:58.77 JST" Interest="6.412" Kind="manipulation" Navigation="null" OriginId="org.eclipse.mylyn.core.model.interest.decay.correction" StartDate="2014-09-18 16:22:58.77 JST" StructureHandle="=SL3/src&amp;lt;sl3.utils{DBUtils.java[DBUtils~getSI_FromItemName~QString;" StructureKind="java"/><InteractionEvent Delta="null" EndDate="2014-09-18 16:44:01.942 JST" Interest="3.0" Kind="selection" Navigation="null" OriginId="org.eclipse.jdt.ui.CompilationUnitEditor" StartDate="2014-09-18 16:43:56.638 JST" StructureHandle="=ShoppingList/src&amp;lt;sl.utils{Methods_dlg.java[Methods_dlg~dlg_scheduleInDb~QActivity;~QDialog;~QDialog;" StructureKind="java" NumEvents="3" CreationCount="1203"/><InteractionEvent Delta="null" EndDate="2014-09-18 19:18:34.219 JST" Interest="2.0" Kind="selection" Navigation="null" OriginId="org.eclipse.jdt.ui.CompilationUnitEditor" StartDate="2014-09-18 16:50:52.920 JST" StructureHandle="=SL3/src&amp;lt;sl3.utils{DBUtils.java[DBUtils~find_SI_from_DB_Id~QActivity;~QString;" StructureKind="java" NumEvents="2" CreationCount="1319"/><InteractionEvent Delta="null" EndDate="2014-09-18 16:51:03.11 JST" Interest="3.0" Kind="edit" Navigation="null" OriginId="org.eclipse.jdt.ui.CompilationUnitEditor" StartDate="2014-09-18 16:50:53.811 JST" StructureHandle="=SL3/src&amp;lt;sl3.utils{DBUtils.java[DBUtils~find_SI_from_DB_Id~QActivity;~QString;" StructureKind="java" NumEvents="3" CreationCount="1319"/><InteractionEvent Delta="null" EndDate="2014-09-18 19:38:50.743 JST" Interest="954.0" Kind="propagation" Navigation="null" OriginId="org.eclipse.jdt.ui.CompilationUnitEditor" StartDate="2014-09-18 15:48:55.129 JST" StructureHandle="/SL3/src/sl3/utils/DBUtils.java" StructureKind="resource" NumEvents="954" CreationCount="150"/><InteractionEvent Delta="null" EndDate="2014-09-18 16:44:34.475 JST" Interest="4.0" Kind="propagation" Navigation="org.eclipse.mylyn.core.model.edges.containment" OriginId="org.eclipse.mylyn.core.model.interest.propagation" StartDate="2014-09-18 16:44:31.432 JST" StructureHandle="/ShoppingList/src/sl/listeners" StructureKind="resource" NumEvents="4" CreationCount="1214"/><InteractionEvent Delta="null" EndDate="2014-09-18 16:01:16.468 JST" Interest="1.0" Kind="selection" Navigation="null" OriginId="org.eclipse.jdt.ui.CompilationUnitEditor" StartDate="2014-09-18 16:01:16.468 JST" StructureHandle="=SL3/src&amp;lt;sl3.utils{CONS.java[CONS[DB^col_Names_PS" StructureKind="java"/><InteractionEvent Delta="null" EndDate="2014-09-18 16:01:17.778 JST" Interest="1.0" Kind="edit" Navigation="null" OriginId="org.eclipse.jdt.ui.CompilationUnitEditor" StartDate="2014-09-18 16:01:17.778 JST" StructureHandle="=SL3/src&amp;lt;sl3.utils{CONS.java[CONS[DB^col_Names_PS" StructureKind="java"/><InteractionEvent Delta="null" EndDate="2014-09-18 19:34:44.412 JST" Interest="70.049" Kind="propagation" Navigation="org.eclipse.mylyn.core.model.edges.containment" OriginId="org.eclipse.mylyn.core.model.interest.propagation" StartDate="2014-09-18 16:37:14.926 JST" StructureHandle="=SL3/src&amp;lt;sl3.listeners.list" StructureKind="java" NumEvents="80" CreationCount="301"/><InteractionEvent Delta="null" EndDate="2014-09-18 16:01:17.779 JST" Interest="0.71700007" Kind="propagation" Navigation="org.eclipse.mylyn.core.model.edges.containment" OriginId="org.eclipse.mylyn.core.model.interest.propagation" StartDate="2014-09-18 16:01:16.469 JST" StructureHandle="=SL3/src&amp;lt;sl3.utils{CONS.java" StructureKind="java" NumEvents="2" CreationCount="272"/><InteractionEvent Delta="null" EndDate="2014-09-18 16:01:15.836 JST" Interest="1.0" Kind="selection" Navigation="null" OriginId="org.eclipse.jdt.ui.CompilationUnitEditor" StartDate="2014-09-18 16:01:15.836 JST" StructureHandle="=SL3/src&amp;lt;sl3.utils{CONS.java" StructureKind="java"/><InteractionEvent Delta="null" EndDate="2014-09-18 16:37:11.301 JST" Interest="1.0" Kind="prediction" Navigation="null" OriginId="org.eclipse.mylyn.resources.ui.interest.updater" StartDate="2014-09-18 16:37:11.301 JST" StructureHandle="/SL3/res/values/colors.xml" StructureKind="resource"/><InteractionEvent Delta="null" EndDate="2014-09-18 19:09:07.923 JST" Interest="1.0" Kind="selection" Navigation="null" OriginId="org.eclipse.jdt.ui.CompilationUnitEditor" StartDate="2014-09-18 19:09:07.923 JST" StructureHandle="=SL3/src&amp;lt;sl3.listeners.dialog{DOI_CL.java[DOI_CL~case_ACTV_TAB_OPT_DB~QListItem;" StructureKind="java"/><InteractionEvent Delta="null" EndDate="2014-09-18 19:13:50.977 JST" Interest="12.0" Kind="edit" Navigation="null" OriginId="org.eclipse.jdt.ui.CompilationUnitEditor" StartDate="2014-09-18 19:09:10.815 JST" StructureHandle="=SL3/src&amp;lt;sl3.listeners.dialog{DOI_CL.java[DOI_CL~case_ACTV_TAB_OPT_DB~QListItem;" StructureKind="java" NumEvents="12" CreationCount="1403"/><InteractionEvent Delta="null" EndDate="2014-09-18 16:50:37.506 JST" Interest="1.017" Kind="propagation" Navigation="org.eclipse.mylyn.core.model.edges.containment" OriginId="org.eclipse.mylyn.core.model.interest.propagation" StartDate="2014-09-18 16:48:10.655 JST" StructureHandle="=SL3/src&amp;lt;sl3.utils{Methods_sl.java[Methods_sl~sortPSList~QList\&amp;lt;QPS;&amp;gt;;~QSortTags;" StructureKind="java" NumEvents="2" CreationCount="1264"/><InteractionEvent Delta="null" EndDate="2014-09-18 16:48:04.580 JST" Interest="1.0" Kind="selection" Navigation="null" OriginId="org.eclipse.jdt.ui.CompilationUnitEditor" StartDate="2014-09-18 16:48:04.580 JST" StructureHandle="=SL3/src&amp;lt;sl3.utils{Methods_sl.java[Methods_sl~sortPSList~QList\&amp;lt;QPS;&amp;gt;;~QSortTags;" StructureKind="java"/><InteractionEvent Delta="null" EndDate="2014-09-18 19:34:48.921 JST" Interest="28.058" Kind="propagation" Navigation="org.eclipse.mylyn.core.model.edges.containment" OriginId="org.eclipse.mylyn.core.model.interest.propagation" StartDate="2014-09-18 15:36:26.897 JST" StructureHandle="=SL3/src&amp;lt;sl3.listeners.dialog{DB_OCL.java[DB_OCL" StructureKind="java" NumEvents="38" CreationCount="9"/><InteractionEvent Delta="null" EndDate="2014-09-18 16:37:14.922 JST" Interest="1.0" Kind="prediction" Navigation="null" OriginId="org.eclipse.mylyn.resources.ui.interest.updater" StartDate="2014-09-18 16:37:14.922 JST" StructureHandle="=SL3/src&amp;lt;sl3.adapters{ItemListAdapter2.java" StructureKind="java"/><InteractionEvent Delta="null" EndDate="2014-09-18 15:32:47.505 JST" Interest="2.0" Kind="selection" Navigation="null" OriginId="org.eclipse.ui.views.ResourceNavigator" StartDate="2014-09-18 15:32:47.489 JST" StructureHandle="=TA2" StructureKind="java" NumEvents="2" CreationCount="1"/><InteractionEvent Delta="null" EndDate="2014-09-18 15:36:26.897 JST" Interest="1.0" Kind="selection" Navigation="null" OriginId="org.eclipse.jdt.ui.CompilationUnitEditor" StartDate="2014-09-18 15:36:26.897 JST" StructureHandle="=SL3/src&amp;lt;sl3.listeners.dialog{DB_OCL.java[DB_OCL~DB_OCL~QActivity;~QDialog;" StructureKind="java"/><InteractionEvent Delta="null" EndDate="2014-09-18 16:44:34.475 JST" Interest="4.0" Kind="propagation" Navigation="null" OriginId="org.eclipse.jdt.ui.CompilationUnitEditor" StartDate="2014-09-18 16:44:31.432 JST" StructureHandle="/ShoppingList/src/sl/listeners/dialog/DialogOnItemClickListener.java" StructureKind="resource" NumEvents="4" CreationCount="1214"/><InteractionEvent Delta="null" EndDate="2014-09-18 19:35:08.106 JST" Interest="498.37598" Kind="propagation" Navigation="org.eclipse.mylyn.core.model.edges.containment" OriginId="org.eclipse.mylyn.core.model.interest.propagation" StartDate="2014-09-18 15:37:00.912 JST" StructureHandle="=SL3/src&amp;lt;sl3.utils" StructureKind="java" NumEvents="710" CreationCount="13"/><InteractionEvent Delta="null" EndDate="2014-09-18 16:44:34.475 JST" Interest="2.7000003" Kind="propagation" Navigation="org.eclipse.mylyn.core.model.edges.containment" OriginId="org.eclipse.mylyn.core.model.interest.propagation" StartDate="2014-09-18 16:44:32.175 JST" StructureHandle="=ShoppingList/src&amp;lt;sl.listeners.dialog{DialogOnItemClickListener.java[DialogOnItemClickListener" StructureKind="java" NumEvents="3" CreationCount="1215"/><InteractionEvent Delta="null" EndDate="2014-09-18 16:37:20.331 JST" Interest="1200.0" Kind="propagation" Navigation="null" OriginId="org.eclipse.jdt.ui.CompilationUnitEditor" StartDate="2014-09-18 15:32:47.688 JST" StructureHandle="/SL3" StructureKind="resource" NumEvents="1200" CreationCount="3"/><InteractionEvent Delta="null" EndDate="2014-09-18 19:14:33.497 JST" Interest="2.0" Kind="selection" Navigation="null" OriginId="org.eclipse.jdt.ui.CompilationUnitEditor" StartDate="2014-09-18 16:49:29.204 JST" StructureHandle="=SL3/src&amp;lt;sl3.listeners.list{LOI_CL.java[LOI_CL~onItemClick~QAdapterView\&amp;lt;*&amp;gt;;~QView;~I~J" StructureKind="java" NumEvents="2" CreationCount="1296"/><InteractionEvent Delta="null" EndDate="2014-09-18 19:14:34.233 JST" Interest="2.0" Kind="edit" Navigation="null" OriginId="org.eclipse.jdt.ui.CompilationUnitEditor" StartDate="2014-09-18 16:49:30.199 JST" StructureHandle="=SL3/src&amp;lt;sl3.listeners.list{LOI_CL.java[LOI_CL~onItemClick~QAdapterView\&amp;lt;*&amp;gt;;~QView;~I~J" StructureKind="java" NumEvents="2" CreationCount="1296"/><InteractionEvent Delta="null" EndDate="2014-09-18 19:14:33.497 JST" Interest="0.47600007" Kind="manipulation" Navigation="null" OriginId="org.eclipse.mylyn.core.model.interest.decay.correction" StartDate="2014-09-18 19:14:33.497 JST" StructureHandle="=SL3/src&amp;lt;sl3.listeners.list{LOI_CL.java[LOI_CL~onItemClick~QAdapterView\&amp;lt;*&amp;gt;;~QView;~I~J" StructureKind="java"/><InteractionEvent Delta="null" EndDate="2014-09-18 16:46:41.650 JST" Interest="1.0" Kind="selection" Navigation="null" OriginId="org.eclipse.jdt.ui.CompilationUnitEditor" StartDate="2014-09-18 16:46:41.650 JST" StructureHandle="=SL3/src&amp;lt;sl3.utils{Methods_dlg.java#java.util.ArrayList" StructureKind="java"/><InteractionEvent Delta="null" EndDate="2014-09-18 15:47:22.769 JST" Interest="62.453003" Kind="propagation" Navigation="org.eclipse.mylyn.core.model.edges.containment" OriginId="org.eclipse.mylyn.core.model.interest.propagation" StartDate="2014-09-18 15:37:59.837 JST" StructureHandle="=SL3/src&amp;lt;sl3.utils{Methods_sl.java" StructureKind="java" NumEvents="89" CreationCount="13"/><InteractionEvent Delta="null" EndDate="2014-09-18 16:50:37.439 JST" Interest="8.0" Kind="selection" Navigation="null" OriginId="org.eclipse.jdt.ui.CompilationUnitEditor" StartDate="2014-09-18 15:37:00.911 JST" StructureHandle="=SL3/src&amp;lt;sl3.utils{Methods_sl.java" StructureKind="java" NumEvents="8" CreationCount="13"/><InteractionEvent Delta="null" EndDate="2014-09-18 15:59:21.541 JST" Interest="3.0" Kind="selection" Navigation="null" OriginId="org.eclipse.jdt.ui.CompilationUnitEditor" StartDate="2014-09-18 15:59:19.48 JST" StructureHandle="=SL3/src&amp;lt;sl3.listeners.dialog{DB_OCL.java[DB_OCL~case_ACTV_TAB_OPT_INSERT_NUM_SI" StructureKind="java" NumEvents="3" CreationCount="218"/><InteractionEvent Delta="null" EndDate="2014-09-18 19:20:08.683 JST" Interest="5.0" Kind="selection" Navigation="null" OriginId="org.eclipse.ui.views.ContentOutline" StartDate="2014-09-18 19:16:34.705 JST" StructureHandle="=SL3/src&amp;lt;sl3.utils{Methods_dlg.java[Methods_dlg~dlg_SaveToBuyList~QActivity;~QDialog;" StructureKind="java" NumEvents="5" CreationCount="1462"/><InteractionEvent Delta="null" EndDate="2014-09-18 19:20:14.305 JST" Interest="8.0" Kind="edit" Navigation="null" OriginId="org.eclipse.jdt.ui.CompilationUnitEditor" StartDate="2014-09-18 19:16:35.243 JST" StructureHandle="=SL3/src&amp;lt;sl3.utils{Methods_dlg.java[Methods_dlg~dlg_SaveToBuyList~QActivity;~QDialog;" StructureKind="java" NumEvents="8" CreationCount="1462"/><InteractionEvent Delta="null" EndDate="2014-09-18 19:34:10.81 JST" Interest="213.0" Kind="propagation" Navigation="null" OriginId="org.eclipse.jdt.ui.CompilationUnitEditor" StartDate="2014-09-18 15:47:33.8 JST" StructureHandle="/SL3/src/sl3/utils/Methods_dlg.java" StructureKind="resource" NumEvents="213" CreationCount="126"/><InteractionEvent Delta="null" EndDate="2014-09-18 15:43:14.168 JST" Interest="3.0" Kind="selection" Navigation="null" OriginId="org.eclipse.ui.views.ContentOutline" StartDate="2014-09-18 15:37:18.699 JST" StructureHandle="=SL3/src&amp;lt;sl3.utils{Methods_sl.java[Methods_sl~isInDb_PS~QActivity;~QString;~QCalendar;" StructureKind="java" NumEvents="3" CreationCount="22"/><InteractionEvent Delta="null" EndDate="2014-09-18 15:47:20.497 JST" Interest="88.0" Kind="edit" Navigation="null" OriginId="org.eclipse.jdt.ui.CompilationUnitEditor" StartDate="2014-09-18 15:37:19.732 JST" StructureHandle="=SL3/src&amp;lt;sl3.utils{Methods_sl.java[Methods_sl~isInDb_PS~QActivity;~QString;~QCalendar;" StructureKind="java" NumEvents="88" CreationCount="22"/><InteractionEvent Delta="null" EndDate="2014-09-18 16:50:37.505 JST" Interest="2.0" Kind="selection" Navigation="null" OriginId="org.eclipse.jdt.ui.CompilationUnitEditor" StartDate="2014-09-18 16:48:10.654 JST" StructureHandle="=SL3/src&amp;lt;sl3.utils{Methods_sl.java[Methods_sl~sortPSList~QList\&amp;lt;QPS;&amp;gt;;~QSortTags;[!2~compare~QPS;~QPS;" StructureKind="java" NumEvents="2" CreationCount="1265"/><InteractionEvent Delta="null" EndDate="2014-09-18 16:51:20.421 JST" Interest="25.068" Kind="propagation" Navigation="org.eclipse.mylyn.core.model.edges.containment" OriginId="org.eclipse.mylyn.core.model.interest.propagation" StartDate="2014-09-18 16:43:50.147 JST" StructureHandle="=ShoppingList" StructureKind="resource" NumEvents="30" CreationCount="1196"/><InteractionEvent Delta="null" EndDate="2014-09-18 16:43:45.92 JST" Interest="1.0" Kind="selection" Navigation="null" OriginId="org.eclipse.ui.views.ResourceNavigator" StartDate="2014-09-18 16:43:45.92 JST" StructureHandle="=ShoppingList" StructureKind="java"/><InteractionEvent Delta="null" EndDate="2014-09-18 16:53:25.286 JST" Interest="5.0" Kind="selection" Navigation="null" OriginId="org.eclipse.jdt.ui.CompilationUnitEditor" StartDate="2014-09-18 16:53:17.0 JST" StructureHandle="=SL3/src&amp;lt;sl3.utils{Methods_dlg.java[Methods_dlg~dlg_tabActv_clearSelections~QActivity;" StructureKind="java" NumEvents="5" CreationCount="1363"/><InteractionEvent Delta="null" EndDate="2014-09-18 19:08:40.830 JST" Interest="58.287003" Kind="propagation" Navigation="org.eclipse.mylyn.core.model.edges.containment" OriginId="org.eclipse.mylyn.core.model.interest.propagation" StartDate="2014-09-18 15:47:33.752 JST" StructureHandle="=SL3/src&amp;lt;sl3.utils{Methods_dlg.java" StructureKind="java" NumEvents="88" CreationCount="126"/><InteractionEvent Delta="null" EndDate="2014-09-18 19:20:05.67 JST" Interest="13.0" Kind="selection" Navigation="null" OriginId="org.eclipse.jdt.ui.CompilationUnitEditor" StartDate="2014-09-18 15:47:33.8 JST" StructureHandle="=SL3/src&amp;lt;sl3.utils{Methods_dlg.java" StructureKind="java" NumEvents="13" CreationCount="126"/><InteractionEvent Delta="null" EndDate="2014-09-18 16:46:47.841 JST" Interest="1.0" Kind="edit" Navigation="null" OriginId="org.eclipse.jdt.ui.CompilationUnitEditor" StartDate="2014-09-18 16:46:47.841 JST" StructureHandle="=SL3/src&amp;lt;sl3.utils{Methods_dlg.java" StructureKind="java"/><InteractionEvent Delta="null" EndDate="2014-09-18 16:46:36.232 JST" Interest="0.06600189" Kind="manipulation" Navigation="null" OriginId="org.eclipse.mylyn.core.model.interest.decay.correction" StartDate="2014-09-18 16:46:36.232 JST" StructureHandle="=SL3/src&amp;lt;sl3.utils{Methods_dlg.java" StructureKind="java"/><InteractionEvent Delta="null" EndDate="2014-09-18 16:46:34.429 JST" Interest="11.316999" Kind="propagation" Navigation="org.eclipse.mylyn.core.model.edges.containment" OriginId="org.eclipse.mylyn.core.model.interest.propagation" StartDate="2014-09-18 16:43:56.638 JST" StructureHandle="=ShoppingList/src&amp;lt;sl.utils{Methods_dlg.java[Methods_dlg" StructureKind="java" NumEvents="16" CreationCount="1203"/><InteractionEvent Delta="null" EndDate="2014-09-18 16:51:20.421 JST" Interest="1.0" Kind="selection" Navigation="null" OriginId="org.eclipse.jdt.ui.CompilationUnitEditor" StartDate="2014-09-18 16:51:20.421 JST" StructureHandle="=ShoppingList/src&amp;lt;sl.utils{Methods_dlg.java[Methods_dlg" StructureKind="java"/><InteractionEvent Delta="null" EndDate="2014-09-18 16:44:34.475 JST" Interest="4.0" Kind="propagation" Navigation="org.eclipse.mylyn.core.model.edges.containment" OriginId="org.eclipse.mylyn.core.model.interest.propagation" StartDate="2014-09-18 16:44:31.432 JST" StructureHandle="/ShoppingList/src/sl/listeners/dialog" StructureKind="resource" NumEvents="4" CreationCount="1214"/><InteractionEvent Delta="null" EndDate="2014-09-18 16:11:47.472 JST" Interest="8.0" Kind="selection" Navigation="null" OriginId="org.eclipse.jdt.ui.CompilationUnitEditor" StartDate="2014-09-18 15:48:18.84 JST" StructureHandle="=SL3/src&amp;lt;sl3.listeners.dialog{DB_OCL.java[DB_OCL~case_dlg_scheduleInDb_update" StructureKind="java" NumEvents="8" CreationCount="139"/><InteractionEvent Delta="null" EndDate="2014-09-18 16:12:00.141 JST" Interest="16.0" Kind="edit" Navigation="null" OriginId="org.eclipse.jdt.ui.CompilationUnitEditor" StartDate="2014-09-18 15:48:19.487 JST" StructureHandle="=SL3/src&amp;lt;sl3.listeners.dialog{DB_OCL.java[DB_OCL~case_dlg_scheduleInDb_update" StructureKind="java" NumEvents="16" CreationCount="139"/><InteractionEvent Delta="null" EndDate="2014-09-18 19:34:48.921 JST" Interest="139.017" Kind="propagation" Navigation="null" OriginId="org.eclipse.jdt.ui.CompilationUnitEditor" StartDate="2014-09-18 15:36:18.603 JST" StructureHandle="/SL3/src/sl3/listeners/dialog" StructureKind="resource" NumEvents="140" CreationCount="6"/><InteractionEvent Delta="null" EndDate="2014-09-18 16:37:11.302 JST" Interest="1.0" Kind="propagation" Navigation="org.eclipse.mylyn.core.model.edges.containment" OriginId="org.eclipse.mylyn.core.model.interest.propagation" StartDate="2014-09-18 16:37:11.302 JST" StructureHandle="/SL3/res" StructureKind="resource"/><InteractionEvent Delta="null" EndDate="2014-09-18 15:32:47.505 JST" Interest="2.0" Kind="propagation" Navigation="null" OriginId="org.eclipse.ui.views.ResourceNavigator" StartDate="2014-09-18 15:32:47.489 JST" StructureHandle="/TA2" StructureKind="resource" NumEvents="2" CreationCount="1"/><InteractionEvent Delta="null" EndDate="2014-09-18 19:38:50.743 JST" Interest="1519.0" Kind="propagation" Navigation="null" OriginId="org.eclipse.jdt.ui.CompilationUnitEditor" StartDate="2014-09-18 15:32:49.261 JST" StructureHandle="/SL3/src" StructureKind="resource" NumEvents="1519" CreationCount="4"/><InteractionEvent Delta="null" EndDate="2014-09-18 16:12:47.400 JST" Interest="16.046001" Kind="propagation" Navigation="org.eclipse.mylyn.core.model.edges.containment" OriginId="org.eclipse.mylyn.core.model.interest.propagation" StartDate="2014-09-18 15:36:31.462 JST" StructureHandle="=SL3/src&amp;lt;sl3.listeners.dialog{DB_OCL.java" StructureKind="java" NumEvents="25" CreationCount="7"/><InteractionEvent Delta="null" EndDate="2014-09-18 19:34:48.873 JST" Interest="15.0" Kind="selection" Navigation="null" OriginId="org.eclipse.jdt.ui.CompilationUnitEditor" StartDate="2014-09-18 15:36:20.12 JST" StructureHandle="=SL3/src&amp;lt;sl3.listeners.dialog{DB_OCL.java" StructureKind="java" NumEvents="15" CreationCount="7"/><InteractionEvent Delta="null" EndDate="2014-09-18 16:05:59.620 JST" Interest="3.0" Kind="selection" Navigation="null" OriginId="org.eclipse.jdt.ui.CompilationUnitEditor" StartDate="2014-09-18 15:48:15.486 JST" StructureHandle="=SL3/src&amp;lt;sl3.listeners.dialog{DB_OCL.java[DB_OCL~onClick~QView;" StructureKind="java" NumEvents="3" CreationCount="136"/><InteractionEvent Delta="null" EndDate="2014-09-18 16:06:00.888 JST" Interest="5.0" Kind="edit" Navigation="null" OriginId="org.eclipse.jdt.ui.CompilationUnitEditor" StartDate="2014-09-18 15:48:16.467 JST" StructureHandle="=SL3/src&amp;lt;sl3.listeners.dialog{DB_OCL.java[DB_OCL~onClick~QView;" StructureKind="java" NumEvents="5" CreationCount="136"/><InteractionEvent Delta="null" EndDate="2014-09-18 16:01:17.778 JST" Interest="1.7" Kind="propagation" Navigation="org.eclipse.mylyn.core.model.edges.containment" OriginId="org.eclipse.mylyn.core.model.interest.propagation" StartDate="2014-09-18 16:01:16.469 JST" StructureHandle="=SL3/src&amp;lt;sl3.utils{CONS.java[CONS[DB" StructureKind="java" NumEvents="2" CreationCount="273"/><InteractionEvent Delta="null" EndDate="2014-09-18 19:35:08.149 JST" Interest="5.0" Kind="selection" Navigation="null" OriginId="org.eclipse.jdt.ui.CompilationUnitEditor" StartDate="2014-09-18 19:18:35.57 JST" StructureHandle="=SL3/src&amp;lt;sl3.utils{DBUtils.java[DBUtils~storeData_PS~QString;~QString;~QPS;" StructureKind="java" NumEvents="5" CreationCount="1479"/><InteractionEvent Delta="null" EndDate="2014-09-18 19:19:38.2 JST" Interest="8.0" Kind="edit" Navigation="null" OriginId="org.eclipse.jdt.ui.CompilationUnitEditor" StartDate="2014-09-18 19:18:35.791 JST" StructureHandle="=SL3/src&amp;lt;sl3.utils{DBUtils.java[DBUtils~storeData_PS~QString;~QString;~QPS;" StructureKind="java" NumEvents="8" CreationCount="1479"/><InteractionEvent Delta="null" EndDate="2014-09-18 19:15:42.913 JST" Interest="11.0" Kind="prediction" Navigation="null" OriginId="org.eclipse.mylyn.resources.ui.interest.updater" StartDate="2014-09-18 15:41:29.248 JST" StructureHandle="/SL3/bin/SL3.apk" StructureKind="resource" NumEvents="11" CreationCount="93"/><InteractionEvent Delta="null" EndDate="2014-09-18 16:51:20.421 JST" Interest="27.051" Kind="propagation" Navigation="null" OriginId="org.eclipse.jdt.ui.CompilationUnitEditor" StartDate="2014-09-18 16:43:50.147 JST" StructureHandle="/ShoppingList/src" StructureKind="resource" NumEvents="30" CreationCount="1197"/><InteractionEvent Delta="null" EndDate="2014-09-18 16:44:34.475 JST" Interest="1.7170004" Kind="propagation" Navigation="org.eclipse.mylyn.core.model.edges.containment" OriginId="org.eclipse.mylyn.core.model.interest.propagation" StartDate="2014-09-18 16:44:32.175 JST" StructureHandle="=ShoppingList/src&amp;lt;sl.listeners.dialog{DialogOnItemClickListener.java" StructureKind="java" NumEvents="3" CreationCount="1214"/><InteractionEvent Delta="null" EndDate="2014-09-18 16:44:31.431 JST" Interest="1.0" Kind="selection" Navigation="null" OriginId="org.eclipse.jdt.ui.CompilationUnitEditor" StartDate="2014-09-18 16:44:31.431 JST" StructureHandle="=ShoppingList/src&amp;lt;sl.listeners.dialog{DialogOnItemClickListener.java" StructureKind="java"/><InteractionEvent Delta="null" EndDate="2014-09-18 19:13:50.978 JST" Interest="9.416999" Kind="propagation" Navigation="org.eclipse.mylyn.core.model.edges.containment" OriginId="org.eclipse.mylyn.core.model.interest.propagation" StartDate="2014-09-18 19:09:06.41 JST" StructureHandle="=SL3/src&amp;lt;sl3.listeners.dialog{DOI_CL.java[DOI_CL" StructureKind="java" NumEvents="14" CreationCount="1402"/><InteractionEvent Delta="null" EndDate="2014-09-18 16:44:32.176 JST" Interest="2.0" Kind="selection" Navigation="null" OriginId="org.eclipse.jdt.ui.CompilationUnitEditor" StartDate="2014-09-18 16:44:32.175 JST" StructureHandle="=ShoppingList/src&amp;lt;sl.listeners.dialog{DialogOnItemClickListener.java[DialogOnItemClickListener~case_dlg_tabActv_adminDb~QString;" StructureKind="java" NumEvents="2" CreationCount="1215"/><InteractionEvent Delta="null" EndDate="2014-09-18 16:44:34.475 JST" Interest="1.0" Kind="edit" Navigation="null" OriginId="org.eclipse.jdt.ui.CompilationUnitEditor" StartDate="2014-09-18 16:44:34.475 JST" StructureHandle="=ShoppingList/src&amp;lt;sl.listeners.dialog{DialogOnItemClickListener.java[DialogOnItemClickListener~case_dlg_tabActv_adminDb~QString;" StructureKind="java"/><InteractionEvent Delta="null" EndDate="2014-09-18 16:37:11.302 JST" Interest="1.0" Kind="propagation" Navigation="org.eclipse.mylyn.core.model.edges.containment" OriginId="org.eclipse.mylyn.core.model.interest.propagation" StartDate="2014-09-18 16:37:11.302 JST" StructureHandle="/SL3/res/layout" StructureKind="resource"/><InteractionEvent Delta="null" EndDate="2014-09-18 15:58:38.556 JST" Interest="3.0" Kind="selection" Navigation="null" OriginId="org.eclipse.jdt.ui.CompilationUnitEditor" StartDate="2014-09-18 15:58:24.970 JST" StructureHandle="=SL3/src&amp;lt;sl3.listeners.dialog{DB_OCL.java[DB_OCL~case_ACTV_TAB_OPT_DROP_TABLE~QDialogTags;" StructureKind="java" NumEvents="3" CreationCount="207"/><InteractionEvent Delta="null" EndDate="2014-09-18 16:53:43.679 JST" Interest="2.0" Kind="prediction" Navigation="null" OriginId="org.eclipse.mylyn.resources.ui.interest.updater" StartDate="2014-09-18 15:41:29.248 JST" StructureHandle="/SL3/bin/resources.ap_" StructureKind="resource" NumEvents="2" CreationCount="504"/><InteractionEvent Delta="null" EndDate="2014-09-18 19:34:44.411 JST" Interest="52.151" Kind="propagation" Navigation="org.eclipse.mylyn.core.model.edges.containment" OriginId="org.eclipse.mylyn.core.model.interest.propagation" StartDate="2014-09-18 16:49:27.447 JST" StructureHandle="=SL3/src&amp;lt;sl3.listeners.list{LOI_CL.java[LOI_CL" StructureKind="java" NumEvents="73" CreationCount="1295"/><InteractionEvent Delta="null" EndDate="2014-09-18 19:34:33.840 JST" Interest="1.0" Kind="selection" Navigation="null" OriginId="org.eclipse.jdt.ui.CompilationUnitEditor" StartDate="2014-09-18 19:34:33.840 JST" StructureHandle="=SL3/src&amp;lt;sl3.listeners.list{LOI_CL.java[LOI_CL" StructureKind="java"/><InteractionEvent Delta="null" EndDate="2014-09-18 19:35:08.737 JST" Interest="4.0" Kind="selection" Navigation="null" OriginId="org.eclipse.jdt.ui.CompilationUnitEditor" StartDate="2014-09-18 16:00:18.93 JST" StructureHandle="=SL3/src&amp;lt;sl3.utils{DBUtils.java[DBUtils~deleteItem~QString;~J" StructureKind="java" NumEvents="4" CreationCount="244"/><InteractionEvent Delta="null" EndDate="2014-09-18 19:38:50.742 JST" Interest="8.0" Kind="edit" Navigation="null" OriginId="org.eclipse.jdt.ui.CompilationUnitEditor" StartDate="2014-09-18 16:23:56.692 JST" StructureHandle="=SL3/src&amp;lt;sl3.utils{DBUtils.java[DBUtils~deleteItem~QString;~J" StructureKind="java" NumEvents="8" CreationCount="244"/><InteractionEvent Delta="null" EndDate="2014-09-18 19:35:08.737 JST" Interest="17.7" Kind="manipulation" Navigation="null" OriginId="org.eclipse.mylyn.core.model.interest.decay.correction" StartDate="2014-09-18 16:23:56.687 JST" StructureHandle="=SL3/src&amp;lt;sl3.utils{DBUtils.java[DBUtils~deleteItem~QString;~J" StructureKind="java" NumEvents="2" CreationCount="244"/></InteractionHistory>