<?xml version="1.0" encoding="UTF-8"?><InteractionHistory Id="local-248" Version="1"><InteractionEvent Delta="null" EndDate="2014-12-14 17:10:00.971 JST" Interest="318.051" Kind="propagation" Navigation="org.eclipse.mylyn.core.model.edges.containment" OriginId="org.eclipse.mylyn.core.model.interest.propagation" StartDate="2014-12-14 16:38:01.495 JST" StructureHandle="" StructureKind="java" NumEvents="323" CreationCount="1"/><InteractionEvent Delta="null" EndDate="2014-12-14 16:39:43.874 JST" Interest="3.0" Kind="selection" Navigation="null" OriginId="org.eclipse.jdt.ui.PackageExplorer" StartDate="2014-12-14 16:38:53.871 JST" StructureHandle="/Proc/D-12" StructureKind="resource" NumEvents="3" CreationCount="13"/><InteractionEvent Delta="null" EndDate="2014-12-14 16:39:23.928 JST" Interest="1.0" Kind="propagation" Navigation="null" OriginId="org.eclipse.mylyn.resources.ui.interest.updater" StartDate="2014-12-14 16:39:23.928 JST" StructureHandle="/Proc/D-13" StructureKind="resource"/><InteractionEvent Delta="null" EndDate="2014-12-14 16:39:46.225 JST" Interest="3.0" Kind="selection" Navigation="null" OriginId="org.eclipse.jdt.ui.PackageExplorer" StartDate="2014-12-14 16:39:24.64 JST" StructureHandle="/Proc/D-13" StructureKind="resource" NumEvents="3" CreationCount="16"/><InteractionEvent Delta="null" EndDate="2014-12-14 16:42:06.15 JST" Interest="1.0" Kind="edit" Navigation="null" OriginId="org.eclipse.jdt.ui.CompilationUnitEditor" StartDate="2014-12-14 16:42:06.15 JST" StructureHandle="=Proc/storage\/D-13&amp;lt;{SineWave.java[SineWave^w" StructureKind="java"/><InteractionEvent Delta="null" EndDate="2014-12-14 16:42:14.35 JST" Interest="2.0" Kind="selection" Navigation="null" OriginId="org.eclipse.jdt.ui.CompilationUnitEditor" StartDate="2014-12-14 16:42:04.988 JST" StructureHandle="=Proc/storage\/D-13&amp;lt;{SineWave.java[SineWave^w" StructureKind="java" NumEvents="2" CreationCount="79"/><InteractionEvent Delta="null" EndDate="2014-12-14 16:39:44.851 JST" Interest="1.0" Kind="propagation" Navigation="null" OriginId="org.eclipse.mylyn.resources.ui.interest.updater" StartDate="2014-12-14 16:39:44.851 JST" StructureHandle="/Proc/storage/D-12/v_1_0/AndroidManifest.xml" StructureKind="resource"/><InteractionEvent Delta="null" EndDate="2014-12-14 17:10:02.227 JST" Interest="1.0" Kind="prediction" Navigation="null" OriginId="org.eclipse.mylyn.resources.ui.interest.updater" StartDate="2014-12-14 17:10:02.227 JST" StructureHandle="/Proc/storage/D-12/v_1_0/AndroidManifest.xml" StructureKind="resource"/><InteractionEvent Delta="null" EndDate="2014-12-14 16:41:55.928 JST" Interest="1.0" Kind="edit" Navigation="null" OriginId="org.eclipse.jdt.ui.CompilationUnitEditor" StartDate="2014-12-14 16:41:55.928 JST" StructureHandle="=Proc/storage\/D-13&amp;lt;{SineWave.java[SineWave^xspacing" StructureKind="java"/><InteractionEvent Delta="null" EndDate="2014-12-14 16:42:03.579 JST" Interest="2.0" Kind="selection" Navigation="null" OriginId="org.eclipse.jdt.ui.CompilationUnitEditor" StartDate="2014-12-14 16:41:54.951 JST" StructureHandle="=Proc/storage\/D-13&amp;lt;{SineWave.java[SineWave^xspacing" StructureKind="java" NumEvents="2" CreationCount="71"/><InteractionEvent Delta="null" EndDate="2014-12-14 16:52:07.471 JST" Interest="7.0" Kind="edit" Navigation="null" OriginId="org.eclipse.jdt.ui.CompilationUnitEditor" StartDate="2014-12-14 16:50:36.474 JST" StructureHandle="=Proc/src&amp;lt;proc.main{Exponential.java[Exponential^power" StructureKind="java" NumEvents="7" CreationCount="178"/><InteractionEvent Delta="null" EndDate="2014-12-14 16:51:46.70 JST" Interest="3.0" Kind="selection" Navigation="null" OriginId="org.eclipse.jdt.ui.CompilationUnitEditor" StartDate="2014-12-14 16:50:33.381 JST" StructureHandle="=Proc/src&amp;lt;proc.main{Exponential.java[Exponential^power" StructureKind="java" NumEvents="3" CreationCount="178"/><InteractionEvent Delta="null" EndDate="2014-12-14 16:45:10.923 JST" Interest="2.0" Kind="edit" Navigation="null" OriginId="org.eclipse.jdt.ui.CompilationUnitEditor" StartDate="2014-12-14 16:45:09.735 JST" StructureHandle="=Proc/storage\/D-13&amp;lt;{SineWave.java[SineWave~calcWave" StructureKind="java" NumEvents="2" CreationCount="152"/><InteractionEvent Delta="null" EndDate="2014-12-14 17:01:20.598 JST" Interest="3.0" Kind="selection" Navigation="null" OriginId="org.eclipse.jdt.ui.CompilationUnitEditor" StartDate="2014-12-14 16:45:04.193 JST" StructureHandle="=Proc/storage\/D-13&amp;lt;{SineWave.java[SineWave~calcWave" StructureKind="java" NumEvents="3" CreationCount="152"/><InteractionEvent Delta="null" EndDate="2014-12-14 17:09:59.640 JST" Interest="49.102" Kind="propagation" Navigation="null" OriginId="org.eclipse.jdt.ui.PackageExplorer" StartDate="2014-12-14 16:39:50.755 JST" StructureHandle="/Proc/storage/D-13" StructureKind="resource" NumEvents="50" CreationCount="20"/><InteractionEvent Delta="null" EndDate="2014-12-14 16:40:08.54 JST" Interest="3.0" Kind="selection" Navigation="null" OriginId="org.eclipse.jdt.ui.PackageExplorer" StartDate="2014-12-14 16:39:39.767 JST" StructureHandle="/Proc/storage/D-13" StructureKind="resource" NumEvents="3" CreationCount="20"/><InteractionEvent Delta="null" EndDate="2014-12-14 16:39:44.851 JST" Interest="1.0" Kind="propagation" Navigation="null" OriginId="org.eclipse.mylyn.resources.ui.interest.updater" StartDate="2014-12-14 16:39:44.851 JST" StructureHandle="/Proc/storage/D-12" StructureKind="resource"/><InteractionEvent Delta="null" EndDate="2014-12-14 16:41:53.129 JST" Interest="4.1169996" Kind="propagation" Navigation="org.eclipse.mylyn.core.model.edges.containment" OriginId="org.eclipse.mylyn.core.model.interest.propagation" StartDate="2014-12-14 16:41:27.667 JST" StructureHandle="=Proc/storage\/D-13&amp;lt;{SineWave.java[SineWave" StructureKind="java" NumEvents="6" CreationCount="56"/><InteractionEvent Delta="null" EndDate="2014-12-14 17:01:32.783 JST" Interest="5.0" Kind="edit" Navigation="null" OriginId="org.eclipse.jdt.ui.CompilationUnitEditor" StartDate="2014-12-14 16:42:25.131 JST" StructureHandle="=Proc/storage\/D-13&amp;lt;{SineWave.java[SineWave" StructureKind="java" NumEvents="5" CreationCount="56"/><InteractionEvent Delta="null" EndDate="2014-12-14 17:01:24.707 JST" Interest="3.0" Kind="selection" Navigation="null" OriginId="org.eclipse.jdt.ui.CompilationUnitEditor" StartDate="2014-12-14 16:42:23.888 JST" StructureHandle="=Proc/storage\/D-13&amp;lt;{SineWave.java[SineWave" StructureKind="java" NumEvents="3" CreationCount="56"/><InteractionEvent Delta="null" EndDate="2014-12-14 16:42:35.643 JST" Interest="2.0" Kind="selection" Navigation="null" OriginId="org.eclipse.jdt.ui.CompilationUnitEditor" StartDate="2014-12-14 16:42:30.872 JST" StructureHandle="=Proc/storage\/D-13&amp;lt;{SineWave.java[SineWave^amplitude" StructureKind="java" NumEvents="2" CreationCount="95"/><InteractionEvent Delta="null" EndDate="2014-12-14 17:09:59.640 JST" Interest="50.0" Kind="propagation" Navigation="null" OriginId="org.eclipse.jdt.ui.PackageExplorer" StartDate="2014-12-14 16:39:50.755 JST" StructureHandle="/Proc/storage/D-13/SineWave.java" StructureKind="resource" NumEvents="50" CreationCount="26"/><InteractionEvent Delta="null" EndDate="2014-12-14 17:06:44.711 JST" Interest="6.7630005" Kind="propagation" Navigation="org.eclipse.mylyn.core.model.edges.containment" OriginId="org.eclipse.mylyn.core.model.interest.propagation" StartDate="2014-12-14 16:40:52.63 JST" StructureHandle="=Proc/src&amp;lt;proc.main{Exponential.java#" StructureKind="java" NumEvents="4" CreationCount="39"/><InteractionEvent Delta="null" EndDate="2014-12-14 16:38:26.822 JST" Interest="1.0" Kind="selection" Navigation="null" OriginId="org.eclipse.jdt.ui.CompilationUnitEditor" StartDate="2014-12-14 16:38:26.822 JST" StructureHandle="=Proc/src&amp;lt;proc.main{SineWave.java[SineWave^theta" StructureKind="java"/><InteractionEvent Delta="null" EndDate="2014-12-14 16:55:36.885 JST" Interest="1.618" Kind="manipulation" Navigation="null" OriginId="org.eclipse.mylyn.core.model.interest.decay.correction" StartDate="2014-12-14 16:55:36.885 JST" StructureHandle="=Proc/src&amp;lt;proc.main{Exponential.java[Exponential~draw" StructureKind="java"/><InteractionEvent Delta="null" EndDate="2014-12-14 17:05:10.764 JST" Interest="21.0" Kind="edit" Navigation="null" OriginId="org.eclipse.jdt.ui.CompilationUnitEditor" StartDate="2014-12-14 16:55:57.601 JST" StructureHandle="=Proc/src&amp;lt;proc.main{Exponential.java[Exponential~draw" StructureKind="java" NumEvents="21" CreationCount="116"/><InteractionEvent Delta="null" EndDate="2014-12-14 17:06:12.485 JST" Interest="7.0" Kind="selection" Navigation="null" OriginId="org.eclipse.jdt.ui.CompilationUnitEditor" StartDate="2014-12-14 16:42:54.357 JST" StructureHandle="=Proc/src&amp;lt;proc.main{Exponential.java[Exponential~draw" StructureKind="java" NumEvents="7" CreationCount="116"/><InteractionEvent Delta="null" EndDate="2014-12-14 16:42:28.611 JST" Interest="0.72699976" Kind="propagation" Navigation="org.eclipse.mylyn.core.model.edges.containment" OriginId="org.eclipse.mylyn.core.model.interest.propagation" StartDate="2014-12-14 16:42:27.350 JST" StructureHandle="=Proc/storage\/D-13&amp;lt;{SineWave.java" StructureKind="java" NumEvents="2" CreationCount="26"/><InteractionEvent Delta="null" EndDate="2014-12-14 17:09:59.639 JST" Interest="14.0" Kind="selection" Navigation="null" OriginId="org.eclipse.jdt.ui.PackageExplorer" StartDate="2014-12-14 16:39:50.754 JST" StructureHandle="=Proc/storage\/D-13&amp;lt;{SineWave.java" StructureKind="java" NumEvents="14" CreationCount="26"/><InteractionEvent Delta="null" EndDate="2014-12-14 17:09:59.640 JST" Interest="14.726999" Kind="propagation" Navigation="org.eclipse.mylyn.core.model.edges.containment" OriginId="org.eclipse.mylyn.core.model.interest.propagation" StartDate="2014-12-14 16:39:50.755 JST" StructureHandle="=Proc/storage\/D-13&amp;lt;" StructureKind="java" NumEvents="23" CreationCount="26"/><InteractionEvent Delta="null" EndDate="2014-12-14 16:40:13.467 JST" Interest="7.0" Kind="propagation" Navigation="null" OriginId="org.eclipse.jdt.ui.PackageExplorer" StartDate="2014-12-14 16:38:09.606 JST" StructureHandle="/Proc/src/proc/main/SineWave.java" StructureKind="resource" NumEvents="7" CreationCount="4"/><InteractionEvent Delta="null" EndDate="2014-12-14 17:05:52.966 JST" Interest="1.0" Kind="edit" Navigation="null" OriginId="org.eclipse.jdt.ui.CompilationUnitEditor" StartDate="2014-12-14 17:05:52.966 JST" StructureHandle="=Proc/src&amp;lt;proc.main{Exponential.java[Exponential^xspacing" StructureKind="java"/><InteractionEvent Delta="null" EndDate="2014-12-14 17:05:51.995 JST" Interest="1.0" Kind="selection" Navigation="null" OriginId="org.eclipse.jdt.ui.CompilationUnitEditor" StartDate="2014-12-14 17:05:51.995 JST" StructureHandle="=Proc/src&amp;lt;proc.main{Exponential.java[Exponential^xspacing" StructureKind="java"/><InteractionEvent Delta="null" EndDate="2014-12-14 17:09:58.508 JST" Interest="303.0" Kind="propagation" Navigation="null" OriginId="org.eclipse.jdt.ui.CompilationUnitEditor" StartDate="2014-12-14 16:40:46.575 JST" StructureHandle="/Proc/src/proc/main/Exponential.java" StructureKind="resource" NumEvents="303" CreationCount="35"/><InteractionEvent Delta="null" EndDate="2014-12-14 16:52:28.357 JST" Interest="1.0" Kind="edit" Navigation="null" OriginId="org.eclipse.jdt.ui.CompilationUnitEditor" StartDate="2014-12-14 16:52:28.357 JST" StructureHandle="=Proc/src&amp;lt;proc.main{Exponential.java[Exponential^x" StructureKind="java"/><InteractionEvent Delta="null" EndDate="2014-12-14 16:52:27.222 JST" Interest="2.0" Kind="selection" Navigation="null" OriginId="org.eclipse.jdt.ui.CompilationUnitEditor" StartDate="2014-12-14 16:45:35.147 JST" StructureHandle="=Proc/src&amp;lt;proc.main{Exponential.java[Exponential^x" StructureKind="java" NumEvents="2" CreationCount="164"/><InteractionEvent Delta="null" EndDate="2014-12-14 16:42:09.92 JST" Interest="1.0" Kind="selection" Navigation="null" OriginId="org.eclipse.jdt.ui.CompilationUnitEditor" StartDate="2014-12-14 16:42:09.92 JST" StructureHandle="=Proc/src&amp;lt;proc.main{Exponential.java[Exponential^w" StructureKind="java"/><InteractionEvent Delta="null" EndDate="2014-12-14 17:00:45.37 JST" Interest="52.776993" Kind="propagation" Navigation="org.eclipse.mylyn.core.model.edges.containment" OriginId="org.eclipse.mylyn.core.model.interest.propagation" StartDate="2014-12-14 16:40:48.104 JST" StructureHandle="=Proc/src&amp;lt;proc.main{Exponential.java[Exponential" StructureKind="java" NumEvents="71" CreationCount="36"/><InteractionEvent Delta="null" EndDate="2014-12-14 17:05:49.253 JST" Interest="12.0" Kind="edit" Navigation="null" OriginId="org.eclipse.jdt.ui.CompilationUnitEditor" StartDate="2014-12-14 16:41:08.755 JST" StructureHandle="=Proc/src&amp;lt;proc.main{Exponential.java[Exponential" StructureKind="java" NumEvents="12" CreationCount="36"/><InteractionEvent Delta="null" EndDate="2014-12-14 17:06:45.882 JST" Interest="25.0" Kind="selection" Navigation="null" OriginId="org.eclipse.jdt.ui.CompilationUnitEditor" StartDate="2014-12-14 16:40:53.225 JST" StructureHandle="=Proc/src&amp;lt;proc.main{Exponential.java[Exponential" StructureKind="java" NumEvents="25" CreationCount="36"/><InteractionEvent Delta="null" EndDate="2014-12-14 16:41:37.795 JST" Interest="3.0" Kind="edit" Navigation="null" OriginId="org.eclipse.jdt.ui.CompilationUnitEditor" StartDate="2014-12-14 16:41:32.48 JST" StructureHandle="=Proc/storage\/D-13&amp;lt;{SineWave.java[SineWave^yvalues" StructureKind="java" NumEvents="3" CreationCount="57"/><InteractionEvent Delta="null" EndDate="2014-12-14 16:41:53.128 JST" Interest="2.0" Kind="selection" Navigation="null" OriginId="org.eclipse.jdt.ui.CompilationUnitEditor" StartDate="2014-12-14 16:41:29.664 JST" StructureHandle="=Proc/storage\/D-13&amp;lt;{SineWave.java[SineWave^yvalues" StructureKind="java" NumEvents="2" CreationCount="57"/><InteractionEvent Delta="null" EndDate="2014-12-14 17:10:02.227 JST" Interest="1.0" Kind="propagation" Navigation="org.eclipse.mylyn.core.model.edges.containment" OriginId="org.eclipse.mylyn.core.model.interest.propagation" StartDate="2014-12-14 17:10:02.227 JST" StructureHandle="/Proc/bin" StructureKind="resource"/><InteractionEvent Delta="null" EndDate="2014-12-14 17:06:44.711 JST" Interest="2.7630005" Kind="manipulation" Navigation="null" OriginId="org.eclipse.mylyn.core.model.interest.decay.correction" StartDate="2014-12-14 17:06:44.711 JST" StructureHandle="=Proc/src&amp;lt;proc.main{Exponential.java#processing.core.*" StructureKind="java"/><InteractionEvent Delta="null" EndDate="2014-12-14 17:06:44.710 JST" Interest="4.0" Kind="selection" Navigation="null" OriginId="org.eclipse.jdt.ui.CompilationUnitEditor" StartDate="2014-12-14 16:40:52.62 JST" StructureHandle="=Proc/src&amp;lt;proc.main{Exponential.java#processing.core.*" StructureKind="java" NumEvents="4" CreationCount="39"/><InteractionEvent Delta="null" EndDate="2014-12-14 17:09:58.509 JST" Interest="310.017" Kind="propagation" Navigation="null" OriginId="org.eclipse.jdt.ui.CompilationUnitEditor" StartDate="2014-12-14 16:38:08.288 JST" StructureHandle="/Proc/src/proc/main" StructureKind="resource" NumEvents="311" CreationCount="3"/><InteractionEvent Delta="null" EndDate="2014-12-14 17:10:02.227 JST" Interest="395.0" Kind="propagation" Navigation="org.eclipse.mylyn.core.model.edges.containment" OriginId="org.eclipse.mylyn.core.model.interest.propagation" StartDate="2014-12-14 16:38:01.495 JST" StructureHandle="/" StructureKind="resource" NumEvents="395" CreationCount="1"/><InteractionEvent Delta="null" EndDate="2014-12-14 16:39:44.851 JST" Interest="1.0" Kind="propagation" Navigation="null" OriginId="org.eclipse.mylyn.resources.ui.interest.updater" StartDate="2014-12-14 16:39:44.851 JST" StructureHandle="/Proc/storage/D-12/v_1_0" StructureKind="resource"/><InteractionEvent Delta="null" EndDate="2014-12-14 17:10:02.227 JST" Interest="1.0" Kind="propagation" Navigation="null" OriginId="org.eclipse.mylyn.resources.ui.interest.updater" StartDate="2014-12-14 17:10:02.227 JST" StructureHandle="/Proc/bin/java.policy.applet" StructureKind="resource"/><InteractionEvent Delta="null" EndDate="2014-12-14 16:38:28.145 JST" Interest="1.0" Kind="selection" Navigation="null" OriginId="org.eclipse.jdt.ui.CompilationUnitEditor" StartDate="2014-12-14 16:38:28.145 JST" StructureHandle="=Proc/src&amp;lt;proc.main{SineWave.java[SineWave~setup" StructureKind="java"/><InteractionEvent Delta="null" EndDate="2014-12-14 17:06:45.883 JST" Interest="72.020996" Kind="propagation" Navigation="org.eclipse.mylyn.core.model.edges.containment" OriginId="org.eclipse.mylyn.core.model.interest.propagation" StartDate="2014-12-14 16:41:09.705 JST" StructureHandle="=Proc/src&amp;lt;proc.main{Exponential.java" StructureKind="java" NumEvents="101" CreationCount="4"/><InteractionEvent Delta="null" EndDate="2014-12-14 16:38:11.638 JST" Interest="1.0" Kind="edit" Navigation="null" OriginId="org.eclipse.jdt.ui.CompilationUnitEditor" StartDate="2014-12-14 16:38:11.638 JST" StructureHandle="=Proc/src&amp;lt;proc.main{SineWave.java" StructureKind="java"/><InteractionEvent Delta="null" EndDate="2014-12-14 17:01:35.357 JST" Interest="14.0" Kind="selection" Navigation="null" OriginId="org.eclipse.jdt.ui.CompilationUnitEditor" StartDate="2014-12-14 16:38:09.606 JST" StructureHandle="=Proc/src&amp;lt;proc.main{Exponential.java" StructureKind="java" NumEvents="14" CreationCount="4"/><InteractionEvent Delta="null" EndDate="2014-12-14 16:38:28.146 JST" Interest="1.017" Kind="propagation" Navigation="org.eclipse.mylyn.core.model.edges.containment" OriginId="org.eclipse.mylyn.core.model.interest.propagation" StartDate="2014-12-14 16:38:26.822 JST" StructureHandle="=Proc/src&amp;lt;proc.main{SineWave.java[SineWave" StructureKind="java" NumEvents="2" CreationCount="11"/><InteractionEvent Delta="null" EndDate="2014-12-14 17:09:59.640 JST" Interest="48.119" Kind="propagation" Navigation="org.eclipse.mylyn.core.model.edges.containment" OriginId="org.eclipse.mylyn.core.model.interest.propagation" StartDate="2014-12-14 16:39:39.767 JST" StructureHandle="/Proc/storage" StructureKind="resource" NumEvents="52" CreationCount="19"/><InteractionEvent Delta="null" EndDate="2014-12-14 16:40:03.391 JST" Interest="3.0" Kind="selection" Navigation="null" OriginId="org.eclipse.jdt.ui.PackageExplorer" StartDate="2014-12-14 16:39:37.645 JST" StructureHandle="/Proc/storage" StructureKind="resource" NumEvents="3" CreationCount="19"/><InteractionEvent Delta="null" EndDate="2014-12-14 16:55:26.42 JST" Interest="22.0" Kind="edit" Navigation="null" OriginId="org.eclipse.jdt.ui.CompilationUnitEditor" StartDate="2014-12-14 16:40:48.123 JST" StructureHandle="=Proc/src&amp;lt;proc.main{Exponential.java[Exponential~setup" StructureKind="java" NumEvents="22" CreationCount="36"/><InteractionEvent Delta="null" EndDate="2014-12-14 17:05:39.643 JST" Interest="19.0" Kind="selection" Navigation="null" OriginId="org.eclipse.jdt.ui.CompilationUnitEditor" StartDate="2014-12-14 16:40:48.103 JST" StructureHandle="=Proc/src&amp;lt;proc.main{Exponential.java[Exponential~setup" StructureKind="java" NumEvents="19" CreationCount="36"/><InteractionEvent Delta="null" EndDate="2014-12-14 16:44:25.475 JST" Interest="1.0" Kind="selection" Navigation="null" OriginId="org.eclipse.jdt.ui.CompilationUnitEditor" StartDate="2014-12-14 16:44:25.475 JST" StructureHandle="=Proc/src&amp;lt;proc.main{Exponential.java[Exponential^serialVersionUID" StructureKind="java"/><InteractionEvent Delta="null" EndDate="2014-12-14 17:09:59.648 JST" Interest="317.034" Kind="propagation" Navigation="null" OriginId="org.eclipse.jdt.ui.PackageExplorer" StartDate="2014-12-14 16:38:05.806 JST" StructureHandle="/Proc/src" StructureKind="resource" NumEvents="319" CreationCount="2"/><InteractionEvent Delta="null" EndDate="2014-12-14 16:42:16.29 JST" Interest="3.0" Kind="selection" Navigation="null" OriginId="org.eclipse.jdt.ui.CompilationUnitEditor" StartDate="2014-12-14 16:41:27.666 JST" StructureHandle="=Proc/storage\/D-13&amp;lt;{SineWave.java[SineWave^period" StructureKind="java" NumEvents="3" CreationCount="56"/><InteractionEvent Delta="null" EndDate="2014-12-14 16:45:02.895 JST" Interest="2.0" Kind="edit" Navigation="null" OriginId="org.eclipse.jdt.ui.CompilationUnitEditor" StartDate="2014-12-14 16:45:01.678 JST" StructureHandle="=Proc/storage\/D-13&amp;lt;{SineWave.java[SineWave~setup" StructureKind="java" NumEvents="2" CreationCount="149"/><InteractionEvent Delta="null" EndDate="2014-12-14 16:45:00.325 JST" Interest="1.0" Kind="selection" Navigation="null" OriginId="org.eclipse.jdt.ui.CompilationUnitEditor" StartDate="2014-12-14 16:45:00.325 JST" StructureHandle="=Proc/storage\/D-13&amp;lt;{SineWave.java[SineWave~setup" StructureKind="java"/><InteractionEvent Delta="null" EndDate="2014-12-14 16:53:18.206 JST" Interest="2.1280003" Kind="manipulation" Navigation="null" OriginId="org.eclipse.mylyn.core.model.interest.decay.correction" StartDate="2014-12-14 16:53:18.206 JST" StructureHandle="=Proc/src&amp;lt;proc.main{Exponential.java[Exponential~renderWave" StructureKind="java"/><InteractionEvent Delta="null" EndDate="2014-12-14 17:06:20.990 JST" Interest="37.0" Kind="edit" Navigation="null" OriginId="org.eclipse.jdt.ui.CompilationUnitEditor" StartDate="2014-12-14 16:53:27.13 JST" StructureHandle="=Proc/src&amp;lt;proc.main{Exponential.java[Exponential~renderWave" StructureKind="java" NumEvents="37" CreationCount="41"/><InteractionEvent Delta="null" EndDate="2014-12-14 17:06:18.784 JST" Interest="9.0" Kind="selection" Navigation="null" OriginId="org.eclipse.jdt.ui.CompilationUnitEditor" StartDate="2014-12-14 16:40:53.940 JST" StructureHandle="=Proc/src&amp;lt;proc.main{Exponential.java[Exponential~renderWave" StructureKind="java" NumEvents="9" CreationCount="41"/><InteractionEvent Delta="null" EndDate="2014-12-14 16:52:24.320 JST" Interest="4.0" Kind="selection" Navigation="null" OriginId="org.eclipse.jdt.ui.CompilationUnitEditor" StartDate="2014-12-14 16:42:40.538 JST" StructureHandle="=Proc/src&amp;lt;proc.main{Exponential.java[Exponential^dx" StructureKind="java" NumEvents="4" CreationCount="106"/><InteractionEvent Delta="null" EndDate="2014-12-14 16:39:07.339 JST" Interest="1.0" Kind="propagation" Navigation="null" OriginId="org.eclipse.mylyn.resources.ui.interest.updater" StartDate="2014-12-14 16:39:07.339 JST" StructureHandle="/Proc/src/D-13" StructureKind="resource"/><InteractionEvent Delta="null" EndDate="2014-12-14 16:39:07.530 JST" Interest="1.0" Kind="selection" Navigation="null" OriginId="org.eclipse.jdt.ui.PackageExplorer" StartDate="2014-12-14 16:39:07.530 JST" StructureHandle="/Proc/src/D-13" StructureKind="resource"/><InteractionEvent Delta="null" EndDate="2014-12-14 17:09:58.508 JST" Interest="309.017" Kind="propagation" Navigation="org.eclipse.mylyn.core.model.edges.containment" OriginId="org.eclipse.mylyn.core.model.interest.propagation" StartDate="2014-12-14 16:38:08.288 JST" StructureHandle="/Proc/src/proc" StructureKind="resource" NumEvents="311" CreationCount="3"/><InteractionEvent Delta="null" EndDate="2014-12-14 17:06:49.110 JST" Interest="3.7940001" Kind="manipulation" Navigation="null" OriginId="org.eclipse.mylyn.core.model.interest.decay.correction" StartDate="2014-12-14 17:06:49.110 JST" StructureHandle="=Proc/src&amp;lt;proc.main{Exponential.java[Exponential^amplitude" StructureKind="java"/><InteractionEvent Delta="null" EndDate="2014-12-14 17:09:58.507 JST" Interest="2.0" Kind="edit" Navigation="null" OriginId="org.eclipse.jdt.ui.CompilationUnitEditor" StartDate="2014-12-14 17:06:50.358 JST" StructureHandle="=Proc/src&amp;lt;proc.main{Exponential.java[Exponential^amplitude" StructureKind="java" NumEvents="2" CreationCount="98"/><InteractionEvent Delta="null" EndDate="2014-12-14 17:06:49.110 JST" Interest="2.0" Kind="selection" Navigation="null" OriginId="org.eclipse.jdt.ui.CompilationUnitEditor" StartDate="2014-12-14 16:42:33.470 JST" StructureHandle="=Proc/src&amp;lt;proc.main{Exponential.java[Exponential^amplitude" StructureKind="java" NumEvents="2" CreationCount="98"/><InteractionEvent Delta="null" EndDate="2014-12-14 17:06:45.884 JST" Interest="79.755" Kind="propagation" Navigation="org.eclipse.mylyn.core.model.edges.containment" OriginId="org.eclipse.mylyn.core.model.interest.propagation" StartDate="2014-12-14 16:38:08.289 JST" StructureHandle="=Proc/src" StructureKind="java" NumEvents="135" CreationCount="2"/><InteractionEvent Delta="null" EndDate="2014-12-14 17:09:59.648 JST" Interest="8.0" Kind="selection" Navigation="null" OriginId="org.eclipse.jdt.ui.PackageExplorer" StartDate="2014-12-14 16:38:05.806 JST" StructureHandle="=Proc/src" StructureKind="java" NumEvents="8" CreationCount="2"/><InteractionEvent Delta="null" EndDate="2014-12-14 16:39:44.851 JST" Interest="1.0" Kind="propagation" Navigation="null" OriginId="org.eclipse.mylyn.resources.ui.interest.updater" StartDate="2014-12-14 16:39:44.851 JST" StructureHandle="/Proc/storage/D-12/v_1_0/sketch.properties" StructureKind="resource"/><InteractionEvent Delta="null" EndDate="2014-12-14 17:10:02.227 JST" Interest="1.0" Kind="prediction" Navigation="null" OriginId="org.eclipse.mylyn.resources.ui.interest.updater" StartDate="2014-12-14 17:10:02.227 JST" StructureHandle="/Proc/storage/D-12/v_1_0/sketch.properties" StructureKind="resource"/><InteractionEvent Delta="null" EndDate="2014-12-14 17:06:17.303 JST" Interest="2.1990004" Kind="manipulation" Navigation="null" OriginId="org.eclipse.mylyn.core.model.interest.decay.correction" StartDate="2014-12-14 16:55:43.156 JST" StructureHandle="=Proc/src&amp;lt;proc.main{Exponential.java[Exponential~setup_View" StructureKind="java" NumEvents="2" CreationCount="119"/><InteractionEvent Delta="null" EndDate="2014-12-14 17:06:17.303 JST" Interest="3.0" Kind="selection" Navigation="null" OriginId="org.eclipse.jdt.ui.CompilationUnitEditor" StartDate="2014-12-14 16:42:58.509 JST" StructureHandle="=Proc/src&amp;lt;proc.main{Exponential.java[Exponential~setup_View" StructureKind="java" NumEvents="3" CreationCount="119"/><InteractionEvent Delta="null" EndDate="2014-12-14 16:41:41.519 JST" Interest="1.0" Kind="selection" Navigation="null" OriginId="org.eclipse.jdt.ui.CompilationUnitEditor" StartDate="2014-12-14 16:41:41.519 JST" StructureHandle="=Proc/src&amp;lt;proc.main{Exponential.java[Exponential^yvalues" StructureKind="java"/><InteractionEvent Delta="null" EndDate="2014-12-14 16:39:44.851 JST" Interest="1.0" Kind="propagation" Navigation="null" OriginId="org.eclipse.mylyn.resources.ui.interest.updater" StartDate="2014-12-14 16:39:44.851 JST" StructureHandle="/Proc/storage/D-12/v_1_0/v_1_0.pde" StructureKind="resource"/><InteractionEvent Delta="null" EndDate="2014-12-14 17:10:02.226 JST" Interest="1.0" Kind="prediction" Navigation="null" OriginId="org.eclipse.mylyn.resources.ui.interest.updater" StartDate="2014-12-14 17:10:02.226 JST" StructureHandle="/Proc/storage/D-12/v_1_0/v_1_0.pde" StructureKind="resource"/><InteractionEvent Delta="null" EndDate="2014-12-14 17:06:45.883 JST" Interest="85.738" Kind="propagation" Navigation="org.eclipse.mylyn.core.model.edges.containment" OriginId="org.eclipse.mylyn.core.model.interest.propagation" StartDate="2014-12-14 16:38:09.607 JST" StructureHandle="=Proc/src&amp;lt;proc.main" StructureKind="java" NumEvents="135" CreationCount="3"/><InteractionEvent Delta="null" EndDate="2014-12-14 16:38:08.287 JST" Interest="1.0" Kind="selection" Navigation="null" OriginId="org.eclipse.jdt.ui.PackageExplorer" StartDate="2014-12-14 16:38:08.287 JST" StructureHandle="=Proc/src&amp;lt;proc.main" StructureKind="java"/><InteractionEvent Delta="null" EndDate="2014-12-14 17:10:02.227 JST" Interest="395.0" Kind="propagation" Navigation="null" OriginId="org.eclipse.mylyn.resources.ui.interest.updater" StartDate="2014-12-14 16:38:01.494 JST" StructureHandle="/Proc" StructureKind="resource" NumEvents="395" CreationCount="1"/><InteractionEvent Delta="null" EndDate="2014-12-14 17:09:59.640 JST" Interest="14.726999" Kind="propagation" Navigation="org.eclipse.mylyn.core.model.edges.containment" OriginId="org.eclipse.mylyn.core.model.interest.propagation" StartDate="2014-12-14 16:39:50.759 JST" StructureHandle="=Proc/storage\/D-13" StructureKind="java" NumEvents="16" CreationCount="26"/><InteractionEvent Delta="null" EndDate="2014-12-14 16:42:39.317 JST" Interest="1.0" Kind="edit" Navigation="null" OriginId="org.eclipse.jdt.ui.CompilationUnitEditor" StartDate="2014-12-14 16:42:39.317 JST" StructureHandle="=Proc/storage\/D-13&amp;lt;{SineWave.java[SineWave^dx" StructureKind="java"/><InteractionEvent Delta="null" EndDate="2014-12-14 16:44:57.824 JST" Interest="3.0" Kind="selection" Navigation="null" OriginId="org.eclipse.jdt.ui.CompilationUnitEditor" StartDate="2014-12-14 16:42:38.629 JST" StructureHandle="=Proc/storage\/D-13&amp;lt;{SineWave.java[SineWave^dx" StructureKind="java" NumEvents="3" CreationCount="102"/><InteractionEvent Delta="null" EndDate="2014-12-14 17:06:40.586 JST" Interest="88.0" Kind="edit" Navigation="null" OriginId="org.eclipse.jdt.ui.CompilationUnitEditor" StartDate="2014-12-14 16:42:56.856 JST" StructureHandle="=Proc/src&amp;lt;proc.main{Exponential.java[Exponential~calcWave" StructureKind="java" NumEvents="88" CreationCount="117"/><InteractionEvent Delta="null" EndDate="2014-12-14 17:06:23.249 JST" Interest="20.0" Kind="selection" Navigation="null" OriginId="org.eclipse.jdt.ui.CompilationUnitEditor" StartDate="2014-12-14 16:42:56.108 JST" StructureHandle="=Proc/src&amp;lt;proc.main{Exponential.java[Exponential~calcWave" StructureKind="java" NumEvents="20" CreationCount="117"/><InteractionEvent Delta="null" EndDate="2014-12-14 17:09:59.648 JST" Interest="313.051" Kind="propagation" Navigation="org.eclipse.mylyn.core.model.edges.containment" OriginId="org.eclipse.mylyn.core.model.interest.propagation" StartDate="2014-12-14 16:38:05.806 JST" StructureHandle="=Proc" StructureKind="resource" NumEvents="317" CreationCount="1"/><InteractionEvent Delta="null" EndDate="2014-12-14 17:10:00.971 JST" Interest="5.0" Kind="selection" Navigation="null" OriginId="org.eclipse.jdt.ui.PackageExplorer" StartDate="2014-12-14 16:38:01.494 JST" StructureHandle="=Proc" StructureKind="java" NumEvents="5" CreationCount="1"/></InteractionHistory>