<?xml version="1.0" encoding="UTF-8"?><InteractionHistory Id="local-62" Version="1"><InteractionEvent Delta="null" EndDate="2014-09-13 08:52:44.934 JST" Interest="1.0" Kind="prediction" Navigation="null" OriginId="org.eclipse.mylyn.resources.ui.interest.updater" StartDate="2014-09-13 08:52:44.934 JST" StructureHandle="/TA2/res/layout/dlg_tmpl_cancel_lv_with_btn.xml" StructureKind="resource"/><InteractionEvent Delta="null" EndDate="2014-09-13 09:13:44.290 JST" Interest="1.0" Kind="propagation" Navigation="null" OriginId="org.eclipse.mylyn.resources.ui.interest.updater" StartDate="2014-09-13 09:13:44.290 JST" StructureHandle="/TA2/bin/dexedLibs/commons-lang-2.6-986548f769e99989e5ff8b3dec32ef6a.jar" StructureKind="resource"/><InteractionEvent Delta="null" EndDate="2014-09-13 09:16:28.921 JST" Interest="15.0" Kind="selection" Navigation="null" OriginId="org.eclipse.jdt.ui.CompilationUnitEditor" StartDate="2014-09-13 08:55:06.261 JST" StructureHandle="=TA2/src&amp;lt;ta2.listeners.dialog{DB_OCL.java" StructureKind="java" NumEvents="15" CreationCount="290"/><InteractionEvent Delta="null" EndDate="2014-09-13 09:36:13.956 JST" Interest="228.051" Kind="propagation" Navigation="org.eclipse.mylyn.core.model.edges.containment" OriginId="org.eclipse.mylyn.core.model.interest.propagation" StartDate="2014-09-13 08:55:21.849 JST" StructureHandle="=TA2/src&amp;lt;ta2.listeners.dialog{DB_OCL.java" StructureKind="java" NumEvents="325" CreationCount="290"/><InteractionEvent Delta="null" EndDate="2014-09-13 08:55:00.369 JST" Interest="1.0" Kind="selection" Navigation="null" OriginId="org.eclipse.jdt.ui.PackageExplorer" StartDate="2014-09-13 08:55:00.369 JST" StructureHandle="/TA2/res/layout/dlg_tmpl_toast_duration.xml" StructureKind="resource"/><InteractionEvent Delta="null" EndDate="2014-09-13 09:08:08.272 JST" Interest="252.0" Kind="propagation" Navigation="null" OriginId="org.eclipse.ui.views.ContentOutline" StartDate="2014-09-13 08:16:57.182 JST" StructureHandle="/TA2/src/ta2/listeners/LOI_CL.java" StructureKind="resource" NumEvents="252" CreationCount="11"/><InteractionEvent Delta="null" EndDate="2014-09-13 09:13:15.740 JST" Interest="2.0" Kind="propagation" Navigation="null" OriginId="org.eclipse.mylyn.resources.ui.interest.updater" StartDate="2014-09-13 09:13:15.742 JST" StructureHandle="=TA2/gen&amp;lt;ta2.main" StructureKind="java" NumEvents="2" CreationCount="514"/><InteractionEvent Delta="null" EndDate="2014-09-13 09:36:14.208 JST" Interest="13.016999" Kind="propagation" Navigation="org.eclipse.mylyn.core.model.edges.containment" OriginId="org.eclipse.mylyn.core.model.interest.propagation" StartDate="2014-09-13 09:09:24.456 JST" StructureHandle="/TA2/src/ta2/comps" StructureKind="resource" NumEvents="14" CreationCount="472"/><InteractionEvent Delta="null" EndDate="2014-09-13 08:54:14.139 JST" Interest="1.0" Kind="selection" Navigation="null" OriginId="org.eclipse.jdt.ui.PackageExplorer" StartDate="2014-09-13 08:54:14.139 JST" StructureHandle="/TA2/res/values" StructureKind="resource"/><InteractionEvent Delta="null" EndDate="2014-09-13 08:55:00.236 JST" Interest="7.9000006" Kind="propagation" Navigation="org.eclipse.mylyn.core.model.edges.containment" OriginId="org.eclipse.mylyn.core.model.interest.propagation" StartDate="2014-09-13 08:52:44.934 JST" StructureHandle="/TA2/res/values" StructureKind="resource" NumEvents="10" CreationCount="243"/><InteractionEvent Delta="null" EndDate="2014-09-13 08:55:09.837 JST" Interest="1.0" Kind="selection" Navigation="null" OriginId="org.eclipse.ui.views.ContentOutline" StartDate="2014-09-13 08:55:09.837 JST" StructureHandle="=TA2/src&amp;lt;ta2.listeners.dialog{DB_OCL.java%ta2.listeners.dialog" StructureKind="java"/><InteractionEvent Delta="null" EndDate="2014-09-13 09:36:14.562 JST" Interest="629.034" Kind="propagation" Navigation="org.eclipse.mylyn.core.model.edges.containment" OriginId="org.eclipse.mylyn.core.model.interest.propagation" StartDate="2014-09-13 08:16:26.259 JST" StructureHandle="/TA2/src/ta2" StructureKind="resource" NumEvents="651" CreationCount="2"/><InteractionEvent Delta="null" EndDate="2014-09-13 08:52:44.934 JST" Interest="1.0" Kind="prediction" Navigation="null" OriginId="org.eclipse.mylyn.resources.ui.interest.updater" StartDate="2014-09-13 08:52:44.934 JST" StructureHandle="/TA2/AndroidManifest.xml" StructureKind="resource"/><InteractionEvent Delta="null" EndDate="2014-09-13 09:13:44.290 JST" Interest="1.0" Kind="propagation" Navigation="null" OriginId="org.eclipse.mylyn.resources.ui.interest.updater" StartDate="2014-09-13 09:13:44.290 JST" StructureHandle="/TA2/bin/dexedLibs/annotations-d288b20aa2286e3172641d3161bdbc70.jar" StructureKind="resource"/><InteractionEvent Delta="null" EndDate="2014-09-13 08:54:57.352 JST" Interest="26.0" Kind="propagation" Navigation="null" OriginId="org.eclipse.jdt.ui.CompilationUnitEditor" StartDate="2014-09-13 08:16:37.66 JST" StructureHandle="/TA2/src/ta2/listeners/dialog/DOI_CL.java" StructureKind="resource" NumEvents="26" CreationCount="4"/><InteractionEvent Delta="null" EndDate="2014-09-13 09:13:15.741 JST" Interest="1.0" Kind="propagation" Navigation="null" OriginId="org.eclipse.mylyn.resources.ui.interest.updater" StartDate="2014-09-13 09:13:15.741 JST" StructureHandle="/TA2/gen/ta2/main/BuildConfig.java" StructureKind="resource"/><InteractionEvent Delta="null" EndDate="2014-09-13 09:09:24.456 JST" Interest="1.0" Kind="selection" Navigation="null" OriginId="org.eclipse.jdt.ui.PackageExplorer" StartDate="2014-09-13 09:09:24.456 JST" StructureHandle="=TA2/src&amp;lt;ta2.comps" StructureKind="java"/><InteractionEvent Delta="null" EndDate="2014-09-13 09:36:14.208 JST" Interest="9.16" Kind="propagation" Navigation="org.eclipse.mylyn.core.model.edges.containment" OriginId="org.eclipse.mylyn.core.model.interest.propagation" StartDate="2014-09-13 09:09:25.722 JST" StructureHandle="=TA2/src&amp;lt;ta2.comps" StructureKind="java" NumEvents="12" CreationCount="472"/><InteractionEvent Delta="null" EndDate="2014-09-13 08:16:26.259 JST" Interest="1.0" Kind="selection" Navigation="null" OriginId="org.eclipse.jdt.ui.PackageExplorer" StartDate="2014-09-13 08:16:26.259 JST" StructureHandle="=TA2/src&amp;lt;ta2.main" StructureKind="java"/><InteractionEvent Delta="null" EndDate="2014-09-13 09:36:14.207 JST" Interest="4.0" Kind="selection" Navigation="null" OriginId="org.eclipse.jdt.ui.PackageExplorer" StartDate="2014-09-13 09:09:25.721 JST" StructureHandle="=TA2/src&amp;lt;ta2.comps{Comp_WP.java" StructureKind="java" NumEvents="4" CreationCount="473"/><InteractionEvent Delta="null" EndDate="2014-09-13 09:35:50.169 JST" Interest="1.2090006" Kind="manipulation" Navigation="null" OriginId="org.eclipse.mylyn.core.model.interest.decay.correction" StartDate="2014-09-13 09:35:50.169 JST" StructureHandle="=TA2/src&amp;lt;ta2.comps{Comp_WP.java" StructureKind="java"/><InteractionEvent Delta="null" EndDate="2014-09-13 09:10:18.20 JST" Interest="4.934" Kind="propagation" Navigation="org.eclipse.mylyn.core.model.edges.containment" OriginId="org.eclipse.mylyn.core.model.interest.propagation" StartDate="2014-09-13 09:09:32.631 JST" StructureHandle="=TA2/src&amp;lt;ta2.comps{Comp_WP.java" StructureKind="java" NumEvents="7" CreationCount="473"/><InteractionEvent Delta="null" EndDate="2014-09-13 09:36:14.563 JST" Interest="630.01697" Kind="propagation" Navigation="null" OriginId="org.eclipse.jdt.ui.PackageExplorer" StartDate="2014-09-13 08:16:34.945 JST" StructureHandle="/TA2/src/ta2/listeners" StructureKind="resource" NumEvents="631" CreationCount="3"/><InteractionEvent Delta="null" EndDate="2014-09-13 09:13:15.740 JST" Interest="1.0" Kind="propagation" Navigation="null" OriginId="org.eclipse.mylyn.resources.ui.interest.updater" StartDate="2014-09-13 09:13:15.740 JST" StructureHandle="/TA2/bin/res" StructureKind="resource"/><InteractionEvent Delta="null" EndDate="2014-09-13 09:13:15.740 JST" Interest="1.0" Kind="propagation" Navigation="null" OriginId="org.eclipse.mylyn.resources.ui.interest.updater" StartDate="2014-09-13 09:13:15.740 JST" StructureHandle="/TA2/bin/AndroidManifest.xml" StructureKind="resource"/><InteractionEvent Delta="null" EndDate="2014-09-13 08:42:08.659 JST" Interest="1.0" Kind="selection" Navigation="null" OriginId="org.eclipse.jdt.ui.CompilationUnitEditor" StartDate="2014-09-13 08:42:08.659 JST" StructureHandle="=TA2/src&amp;lt;ta2.listeners.dialog{DOI_CL.java#android.os.Vibrator" StructureKind="java"/><InteractionEvent Delta="null" EndDate="2014-09-13 09:08:08.270 JST" Interest="9.0" Kind="selection" Navigation="null" OriginId="org.eclipse.ui.views.ContentOutline" StartDate="2014-09-13 08:17:01.270 JST" StructureHandle="=TA2/src&amp;lt;ta2.listeners{LOI_CL.java[LOI_CL~case_ACTV_MEMO_LV_1~QWordPattern;" StructureKind="java" NumEvents="9" CreationCount="14"/><InteractionEvent Delta="null" EndDate="2014-09-13 09:00:12.560 JST" Interest="227.0" Kind="edit" Navigation="null" OriginId="org.eclipse.jdt.ui.CompilationUnitEditor" StartDate="2014-09-13 08:17:01.317 JST" StructureHandle="=TA2/src&amp;lt;ta2.listeners{LOI_CL.java[LOI_CL~case_ACTV_MEMO_LV_1~QWordPattern;" StructureKind="java" NumEvents="227" CreationCount="14"/><InteractionEvent Delta="null" EndDate="2014-09-13 08:54:57.351 JST" Interest="1.0" Kind="selection" Navigation="null" OriginId="org.eclipse.jdt.ui.CompilationUnitEditor" StartDate="2014-09-13 08:54:57.351 JST" StructureHandle="=TA2/src&amp;lt;ta2.listeners.dialog{DOI_CL.java#android.view.ViewGroup.LayoutParams" StructureKind="java"/><InteractionEvent Delta="null" EndDate="2014-09-13 09:27:11.925 JST" Interest="5.0" Kind="prediction" Navigation="null" OriginId="org.eclipse.mylyn.resources.ui.interest.updater" StartDate="2014-09-13 08:19:36.115 JST" StructureHandle="/TA2/bin/TA2.apk" StructureKind="resource" NumEvents="5" CreationCount="131"/><InteractionEvent Delta="null" EndDate="2014-09-13 09:09:20.946 JST" Interest="1.0" Kind="selection" Navigation="null" OriginId="org.eclipse.jdt.ui.PackageExplorer" StartDate="2014-09-13 09:09:20.946 JST" StructureHandle="=TA2/src&amp;lt;ta2.listeners.dialog{DB_OCL.java[DB_OCL^vib" StructureKind="java"/><InteractionEvent Delta="null" EndDate="2014-09-13 09:36:13.957 JST" Interest="629.01697" Kind="propagation" Navigation="null" OriginId="org.eclipse.jdt.ui.CompilationUnitEditor" StartDate="2014-09-13 08:16:34.945 JST" StructureHandle="/TA2/src/ta2/listeners/dialog" StructureKind="resource" NumEvents="630" CreationCount="3"/><InteractionEvent Delta="null" EndDate="2014-09-13 09:15:39.577 JST" Interest="11.0" Kind="selection" Navigation="null" OriginId="com.android.ide.eclipse.editors.CommonXmlEditor" StartDate="2014-09-13 08:53:09.983 JST" StructureHandle="/TA2/res/layout/dlg_filter_showlist.xml" StructureKind="resource" NumEvents="11" CreationCount="253"/><InteractionEvent Delta="null" EndDate="2014-09-13 09:15:39.641 JST" Interest="28.0" Kind="edit" Navigation="null" OriginId="com.android.ide.eclipse.editors.CommonXmlEditor" StartDate="2014-09-13 08:53:40.47 JST" StructureHandle="/TA2/res/layout/dlg_filter_showlist.xml" StructureKind="resource" NumEvents="28" CreationCount="253"/><InteractionEvent Delta="null" EndDate="2014-09-13 09:24:30.76 JST" Interest="5.0" Kind="selection" Navigation="null" OriginId="org.eclipse.jdt.ui.CompilationUnitEditor" StartDate="2014-09-13 09:12:54.742 JST" StructureHandle="=TA2/src&amp;lt;ta2.listeners.dialog{DB_OCL.java[DB_OCL~_Filter_ShowList_Build_Conditions_where~QActivity;~QDialog;" StructureKind="java" NumEvents="5" CreationCount="511"/><InteractionEvent Delta="null" EndDate="2014-09-13 09:24:42.365 JST" Interest="48.0" Kind="edit" Navigation="null" OriginId="org.eclipse.jdt.ui.CompilationUnitEditor" StartDate="2014-09-13 09:13:19.965 JST" StructureHandle="=TA2/src&amp;lt;ta2.listeners.dialog{DB_OCL.java[DB_OCL~_Filter_ShowList_Build_Conditions_where~QActivity;~QDialog;" StructureKind="java" NumEvents="48" CreationCount="511"/><InteractionEvent Delta="null" EndDate="2014-09-13 09:13:44.290 JST" Interest="1.0" Kind="propagation" Navigation="org.eclipse.mylyn.core.model.edges.containment" OriginId="org.eclipse.mylyn.core.model.interest.propagation" StartDate="2014-09-13 09:13:44.290 JST" StructureHandle="/TA2/bin/dexedLibs" StructureKind="resource"/><InteractionEvent Delta="null" EndDate="2014-09-13 08:55:00.235 JST" Interest="3.0" Kind="selection" Navigation="null" OriginId="org.eclipse.jdt.ui.PackageExplorer" StartDate="2014-09-13 08:54:16.55 JST" StructureHandle="/TA2/res/values/strings.xml" StructureKind="resource" NumEvents="3" CreationCount="243"/><InteractionEvent Delta="null" EndDate="2014-09-13 08:54:30.674 JST" Interest="7.0" Kind="edit" Navigation="null" OriginId="com.android.ide.eclipse.editors.CommonXmlEditor" StartDate="2014-09-13 08:54:17.509 JST" StructureHandle="/TA2/res/values/strings.xml" StructureKind="resource" NumEvents="7" CreationCount="243"/><InteractionEvent Delta="null" EndDate="2014-09-13 08:52:44.934 JST" Interest="1.0" Kind="prediction" Navigation="null" OriginId="org.eclipse.mylyn.resources.ui.interest.updater" StartDate="2014-09-13 08:52:44.934 JST" StructureHandle="/TA2/res/values/strings.xml" StructureKind="resource"/><InteractionEvent Delta="null" EndDate="2014-09-13 09:24:43.362 JST" Interest="1.0" Kind="selection" Navigation="null" OriginId="org.eclipse.jdt.ui.CompilationUnitEditor" StartDate="2014-09-13 09:24:43.362 JST" StructureHandle="=TA2/src&amp;lt;ta2.listeners.dialog{DB_OCL.java[DB_OCL~_Filter_ShowList_Build_Conditions_args~QActivity;~QDialog;" StructureKind="java"/><InteractionEvent Delta="null" EndDate="2014-09-13 09:24:43.367 JST" Interest="1.0" Kind="edit" Navigation="null" OriginId="org.eclipse.jdt.ui.CompilationUnitEditor" StartDate="2014-09-13 09:24:43.367 JST" StructureHandle="=TA2/src&amp;lt;ta2.listeners.dialog{DB_OCL.java[DB_OCL~_Filter_ShowList_Build_Conditions_args~QActivity;~QDialog;" StructureKind="java"/><InteractionEvent Delta="null" EndDate="2014-09-13 09:13:15.740 JST" Interest="1.0" Kind="propagation" Navigation="null" OriginId="org.eclipse.mylyn.resources.ui.interest.updater" StartDate="2014-09-13 09:13:15.740 JST" StructureHandle="=TA2/gen&amp;lt;ta2.main{BuildConfig.java" StructureKind="java"/><InteractionEvent Delta="null" EndDate="2014-09-13 08:54:12.754 JST" Interest="1.0" Kind="selection" Navigation="null" OriginId="org.eclipse.jdt.ui.PackageExplorer" StartDate="2014-09-13 08:54:12.754 JST" StructureHandle="/TA2/res/layout/dlg_tmpl_edittext_simple.xml" StructureKind="resource"/><InteractionEvent Delta="null" EndDate="2014-09-13 09:13:15.741 JST" Interest="1.0" Kind="propagation" Navigation="null" OriginId="org.eclipse.mylyn.resources.ui.interest.updater" StartDate="2014-09-13 09:13:15.741 JST" StructureHandle="=TA2/gen&amp;lt;ta2.main{R.java" StructureKind="java"/><InteractionEvent Delta="null" EndDate="2014-09-13 08:40:59.759 JST" Interest="2.0" Kind="selection" Navigation="null" OriginId="org.eclipse.jdt.ui.CompilationUnitEditor" StartDate="2014-09-13 08:40:20.698 JST" StructureHandle="=TA2/src&amp;lt;ta2.listeners.dialog{DOI_CL.java#android.widget.AdapterView" StructureKind="java" NumEvents="2" CreationCount="234"/><InteractionEvent Delta="null" EndDate="2014-09-13 08:52:44.938 JST" Interest="1.0" Kind="propagation" Navigation="org.eclipse.mylyn.core.model.edges.containment" OriginId="org.eclipse.mylyn.core.model.interest.propagation" StartDate="2014-09-13 08:52:44.938 JST" StructureHandle="/TA2/res/xml" StructureKind="resource"/><InteractionEvent Delta="null" EndDate="2014-09-13 08:57:20.321 JST" Interest="4.0" Kind="selection" Navigation="null" OriginId="org.eclipse.jdt.ui.CompilationUnitEditor" StartDate="2014-09-13 08:39:43.394 JST" StructureHandle="=TA2/src&amp;lt;ta2.listeners{LOI_CL.java[LOI_CL" StructureKind="java" NumEvents="4" CreationCount="14"/><InteractionEvent Delta="null" EndDate="2014-09-13 08:39:43.400 JST" Interest="1.0" Kind="edit" Navigation="null" OriginId="org.eclipse.jdt.ui.CompilationUnitEditor" StartDate="2014-09-13 08:39:43.400 JST" StructureHandle="=TA2/src&amp;lt;ta2.listeners{LOI_CL.java[LOI_CL" StructureKind="java"/><InteractionEvent Delta="null" EndDate="2014-09-13 09:08:08.272 JST" Interest="163.2" Kind="propagation" Navigation="org.eclipse.mylyn.core.model.edges.containment" OriginId="org.eclipse.mylyn.core.model.interest.propagation" StartDate="2014-09-13 08:17:01.270 JST" StructureHandle="=TA2/src&amp;lt;ta2.listeners{LOI_CL.java[LOI_CL" StructureKind="java" NumEvents="231" CreationCount="14"/><InteractionEvent Delta="null" EndDate="2014-09-13 09:36:14.563 JST" Interest="903.051" Kind="propagation" Navigation="org.eclipse.mylyn.core.model.edges.containment" OriginId="org.eclipse.mylyn.core.model.interest.propagation" StartDate="2014-09-13 08:16:23.720 JST" StructureHandle="/" StructureKind="resource" NumEvents="907" CreationCount="1"/><InteractionEvent Delta="null" EndDate="2014-09-13 09:24:13.785 JST" Interest="28.0" Kind="selection" Navigation="null" OriginId="org.eclipse.jdt.ui.CompilationUnitEditor" StartDate="2014-09-13 08:56:00.379 JST" StructureHandle="=TA2/src&amp;lt;ta2.listeners.dialog{DB_OCL.java[DB_OCL~_Filter_ShowList_Build_Conditions~QActivity;~QDialog;~QString;~\[QString;" StructureKind="java" NumEvents="28" CreationCount="313"/><InteractionEvent Delta="null" EndDate="2014-09-13 09:24:13.790 JST" Interest="138.0" Kind="edit" Navigation="null" OriginId="org.eclipse.jdt.ui.CompilationUnitEditor" StartDate="2014-09-13 08:56:00.447 JST" StructureHandle="=TA2/src&amp;lt;ta2.listeners.dialog{DB_OCL.java[DB_OCL~_Filter_ShowList_Build_Conditions~QActivity;~QDialog;~QString;~\[QString;" StructureKind="java" NumEvents="138" CreationCount="313"/><InteractionEvent Delta="null" EndDate="2014-09-13 08:54:55.690 JST" Interest="3.2380002" Kind="propagation" Navigation="org.eclipse.mylyn.core.model.edges.containment" OriginId="org.eclipse.mylyn.core.model.interest.propagation" StartDate="2014-09-13 08:40:20.699 JST" StructureHandle="=TA2/src&amp;lt;ta2.listeners.dialog{DOI_CL.java#" StructureKind="java" NumEvents="5" CreationCount="234"/><InteractionEvent Delta="null" EndDate="2014-09-13 09:13:44.290 JST" Interest="1.0" Kind="propagation" Navigation="null" OriginId="org.eclipse.mylyn.resources.ui.interest.updater" StartDate="2014-09-13 09:13:44.290 JST" StructureHandle="/TA2/bin/dexedLibs/twitter4j-core-android-2.2.6-796701d8192f6e7dc926b1fe5727c893.jar" StructureKind="resource"/><InteractionEvent Delta="null" EndDate="2014-09-13 09:13:44.290 JST" Interest="1.0" Kind="propagation" Navigation="null" OriginId="org.eclipse.mylyn.resources.ui.interest.updater" StartDate="2014-09-13 09:13:44.290 JST" StructureHandle="/TA2/bin/dexedLibs/commons-net-3.3-8fd943db0e7f4cec18e60738e70ce092.jar" StructureKind="resource"/><InteractionEvent Delta="null" EndDate="2014-09-13 08:40:20.875 JST" Interest="2.0" Kind="selection" Navigation="null" OriginId="org.eclipse.jdt.ui.PackageExplorer" StartDate="2014-09-13 08:40:14.509 JST" StructureHandle="=TA2/src&amp;lt;ta2.listeners.dialog{DB_OTL.java" StructureKind="java" NumEvents="2" CreationCount="230"/><InteractionEvent Delta="null" EndDate="2014-09-13 08:59:54.783 JST" Interest="10.0" Kind="selection" Navigation="null" OriginId="org.eclipse.jdt.ui.CompilationUnitEditor" StartDate="2014-09-13 08:16:57.181 JST" StructureHandle="=TA2/src&amp;lt;ta2.listeners{LOI_CL.java" StructureKind="java" NumEvents="10" CreationCount="11"/><InteractionEvent Delta="null" EndDate="2014-09-13 09:08:08.279 JST" Interest="157.95099" Kind="propagation" Navigation="org.eclipse.mylyn.core.model.edges.containment" OriginId="org.eclipse.mylyn.core.model.interest.propagation" StartDate="2014-09-13 08:17:01.857 JST" StructureHandle="=TA2/src&amp;lt;ta2.listeners{LOI_CL.java" StructureKind="java" NumEvents="227" CreationCount="11"/><InteractionEvent Delta="null" EndDate="2014-09-13 09:13:44.290 JST" Interest="1.0" Kind="propagation" Navigation="null" OriginId="org.eclipse.mylyn.resources.ui.interest.updater" StartDate="2014-09-13 09:13:44.290 JST" StructureHandle="/TA2/bin/dexedLibs/android-support-v4-2c6d411d00e9f139482cae35f246af4c.jar" StructureKind="resource"/><InteractionEvent Delta="null" EndDate="2014-09-13 08:52:44.934 JST" Interest="1.0" Kind="prediction" Navigation="null" OriginId="org.eclipse.mylyn.resources.ui.interest.updater" StartDate="2014-09-13 08:52:44.934 JST" StructureHandle="/TA2/res/xml/pref_main.xml" StructureKind="resource"/><InteractionEvent Delta="null" EndDate="2014-09-13 08:40:16.130 JST" Interest="1.0" Kind="propagation" Navigation="null" OriginId="org.eclipse.jdt.ui.PackageExplorer" StartDate="2014-09-13 08:40:16.130 JST" StructureHandle="/TA2/src/ta2/tasks" StructureKind="resource"/><InteractionEvent Delta="null" EndDate="2014-09-13 09:13:44.290 JST" Interest="7.5450006" Kind="propagation" Navigation="org.eclipse.mylyn.core.model.edges.containment" OriginId="org.eclipse.mylyn.core.model.interest.propagation" StartDate="2014-09-13 08:19:36.115 JST" StructureHandle="/TA2/bin" StructureKind="resource" NumEvents="4" CreationCount="131"/><InteractionEvent Delta="null" EndDate="2014-09-13 09:36:05.544 JST" Interest="19.0" Kind="selection" Navigation="null" OriginId="org.eclipse.ui.views.ContentOutline" StartDate="2014-09-13 08:55:21.273 JST" StructureHandle="=TA2/src&amp;lt;ta2.listeners.dialog{DB_OCL.java[DB_OCL~case_DLG_FILTER_SHOWLIST_OK" StructureKind="java" NumEvents="19" CreationCount="293"/><InteractionEvent Delta="null" EndDate="2014-09-13 09:36:13.954 JST" Interest="320.0" Kind="edit" Navigation="null" OriginId="org.eclipse.jdt.ui.CompilationUnitEditor" StartDate="2014-09-13 08:55:21.407 JST" StructureHandle="=TA2/src&amp;lt;ta2.listeners.dialog{DB_OCL.java[DB_OCL~case_DLG_FILTER_SHOWLIST_OK" StructureKind="java" NumEvents="320" CreationCount="293"/><InteractionEvent Delta="null" EndDate="2014-09-13 08:52:51.509 JST" Interest="1.0" Kind="selection" Navigation="null" OriginId="org.eclipse.jdt.ui.PackageExplorer" StartDate="2014-09-13 08:52:51.509 JST" StructureHandle="=TA2/gen" StructureKind="java"/><InteractionEvent Delta="null" EndDate="2014-09-13 09:13:15.744 JST" Interest="5.505" Kind="propagation" Navigation="org.eclipse.mylyn.core.model.edges.containment" OriginId="org.eclipse.mylyn.core.model.interest.propagation" StartDate="2014-09-13 09:13:15.743 JST" StructureHandle="=TA2/gen" StructureKind="java" NumEvents="2" CreationCount="249"/><InteractionEvent Delta="null" EndDate="2014-09-13 08:16:26.259 JST" Interest="1.0" Kind="propagation" Navigation="null" OriginId="org.eclipse.jdt.ui.PackageExplorer" StartDate="2014-09-13 08:16:26.259 JST" StructureHandle="/TA2/src/ta2/main" StructureKind="resource"/><InteractionEvent Delta="null" EndDate="2014-09-13 09:36:14.563 JST" Interest="903.051" Kind="propagation" Navigation="null" OriginId="org.eclipse.jdt.ui.PackageExplorer" StartDate="2014-09-13 08:16:23.720 JST" StructureHandle="/TA2/src" StructureKind="resource" NumEvents="907" CreationCount="1"/><InteractionEvent Delta="null" EndDate="2014-09-13 09:36:14.562 JST" Interest="1.0" Kind="propagation" Navigation="null" OriginId="org.eclipse.jdt.ui.PackageExplorer" StartDate="2014-09-13 09:36:14.562 JST" StructureHandle="/TA2/src/ta2/listeners/LOI_LCL.java" StructureKind="resource"/><InteractionEvent Delta="null" EndDate="2014-09-13 09:36:13.956 JST" Interest="601.0" Kind="propagation" Navigation="null" OriginId="org.eclipse.jdt.ui.CompilationUnitEditor" StartDate="2014-09-13 08:55:06.261 JST" StructureHandle="/TA2/src/ta2/listeners/dialog/DB_OCL.java" StructureKind="resource" NumEvents="601" CreationCount="290"/><InteractionEvent Delta="null" EndDate="2014-09-13 08:55:01.102 JST" Interest="2.0" Kind="selection" Navigation="null" OriginId="org.eclipse.jdt.ui.PackageExplorer" StartDate="2014-09-13 08:53:00.734 JST" StructureHandle="/TA2/res/layout" StructureKind="resource" NumEvents="2" CreationCount="243"/><InteractionEvent Delta="null" EndDate="2014-09-13 09:15:39.642 JST" Interest="28.77" Kind="propagation" Navigation="org.eclipse.mylyn.core.model.edges.containment" OriginId="org.eclipse.mylyn.core.model.interest.propagation" StartDate="2014-09-13 08:52:44.935 JST" StructureHandle="/TA2/res/layout" StructureKind="resource" NumEvents="38" CreationCount="243"/><InteractionEvent Delta="null" EndDate="2014-09-13 09:36:14.563 JST" Interest="903.051" Kind="propagation" Navigation="org.eclipse.mylyn.core.model.edges.containment" OriginId="org.eclipse.mylyn.core.model.interest.propagation" StartDate="2014-09-13 08:16:23.720 JST" StructureHandle="=TA2" StructureKind="resource" NumEvents="907" CreationCount="1"/><InteractionEvent Delta="null" EndDate="2014-09-13 08:16:34.944 JST" Interest="1.0" Kind="selection" Navigation="null" OriginId="org.eclipse.jdt.ui.PackageExplorer" StartDate="2014-09-13 08:16:34.944 JST" StructureHandle="=TA2/src&amp;lt;ta2.listeners.dialog" StructureKind="java"/><InteractionEvent Delta="null" EndDate="2014-09-13 09:36:13.957 JST" Interest="246.93" Kind="propagation" Navigation="org.eclipse.mylyn.core.model.edges.containment" OriginId="org.eclipse.mylyn.core.model.interest.propagation" StartDate="2014-09-13 08:16:37.67 JST" StructureHandle="=TA2/src&amp;lt;ta2.listeners.dialog" StructureKind="java" NumEvents="363" CreationCount="3"/><InteractionEvent Delta="null" EndDate="2014-09-13 08:52:44.941 JST" Interest="1.0" Kind="propagation" Navigation="null" OriginId="org.eclipse.mylyn.resources.ui.interest.updater" StartDate="2014-09-13 08:52:44.941 JST" StructureHandle="/TA2/res/menu/actv_showlist.xml" StructureKind="resource"/><InteractionEvent Delta="null" EndDate="2014-09-13 08:52:44.942 JST" Interest="1.0" Kind="propagation" Navigation="org.eclipse.mylyn.core.model.edges.containment" OriginId="org.eclipse.mylyn.core.model.interest.propagation" StartDate="2014-09-13 08:52:44.942 JST" StructureHandle="/TA2/res/menu" StructureKind="resource"/><InteractionEvent Delta="null" EndDate="2014-09-13 09:13:15.747 JST" Interest="3.0" Kind="propagation" Navigation="null" OriginId="org.eclipse.mylyn.resources.ui.interest.updater" StartDate="2014-09-13 09:13:15.741 JST" StructureHandle="/TA2/gen/ta2/main" StructureKind="resource" NumEvents="3" CreationCount="514"/><InteractionEvent Delta="null" EndDate="2014-09-13 08:54:55.690 JST" Interest="3.0" Kind="selection" Navigation="null" OriginId="org.eclipse.jdt.ui.CompilationUnitEditor" StartDate="2014-09-13 08:52:49.823 JST" StructureHandle="=TA2/src&amp;lt;ta2.listeners.dialog{DOI_CL.java#android.view.Display" StructureKind="java" NumEvents="3" CreationCount="248"/><InteractionEvent Delta="null" EndDate="2014-09-13 08:43:08.626 JST" Interest="2.0" Kind="selection" Navigation="null" OriginId="org.eclipse.jdt.ui.CompilationUnitEditor" StartDate="2014-09-13 08:42:14.22 JST" StructureHandle="=TA2/src&amp;lt;ta2.listeners.dialog{DOI_CL.java#android.content.Context" StructureKind="java" NumEvents="2" CreationCount="239"/><InteractionEvent Delta="null" EndDate="2014-09-13 09:13:15.746 JST" Interest="1.0" Kind="propagation" Navigation="null" OriginId="org.eclipse.mylyn.resources.ui.interest.updater" StartDate="2014-09-13 09:13:15.746 JST" StructureHandle="/TA2/gen/ta2/main/R.java" StructureKind="resource"/><InteractionEvent Delta="null" EndDate="2014-09-13 09:27:11.925 JST" Interest="4.0" Kind="prediction" Navigation="null" OriginId="org.eclipse.mylyn.resources.ui.interest.updater" StartDate="2014-09-13 08:19:36.115 JST" StructureHandle="/TA2/bin/classes.dex" StructureKind="resource" NumEvents="4" CreationCount="131"/><InteractionEvent Delta="null" EndDate="2014-09-13 08:52:58.15 JST" Interest="1.0" Kind="selection" Navigation="null" OriginId="org.eclipse.jdt.ui.PackageExplorer" StartDate="2014-09-13 08:52:58.15 JST" StructureHandle="/TA2/res" StructureKind="resource"/><InteractionEvent Delta="null" EndDate="2014-09-13 09:15:39.642 JST" Interest="29.77" Kind="propagation" Navigation="org.eclipse.mylyn.core.model.edges.containment" OriginId="org.eclipse.mylyn.core.model.interest.propagation" StartDate="2014-09-13 08:52:44.934 JST" StructureHandle="/TA2/res" StructureKind="resource" NumEvents="41" CreationCount="243"/><InteractionEvent Delta="null" EndDate="2014-09-13 08:52:44.934 JST" Interest="1.0" Kind="prediction" Navigation="null" OriginId="org.eclipse.mylyn.resources.ui.interest.updater" StartDate="2014-09-13 08:52:44.934 JST" StructureHandle="/TA2/res/values/styles.xml" StructureKind="resource"/><InteractionEvent Delta="null" EndDate="2014-09-13 08:53:00.320 JST" Interest="1.0" Kind="selection" Navigation="null" OriginId="org.eclipse.jdt.ui.PackageExplorer" StartDate="2014-09-13 08:53:00.320 JST" StructureHandle="/TA2/res/drawable-xhdpi" StructureKind="resource"/><InteractionEvent Delta="null" EndDate="2014-09-13 09:10:18.19 JST" Interest="6.9" Kind="propagation" Navigation="org.eclipse.mylyn.core.model.edges.containment" OriginId="org.eclipse.mylyn.core.model.interest.propagation" StartDate="2014-09-13 09:09:29.383 JST" StructureHandle="=TA2/src&amp;lt;ta2.comps{Comp_WP.java[Comp_WP" StructureKind="java" NumEvents="9" CreationCount="475"/><InteractionEvent Delta="null" EndDate="2014-09-13 08:42:40.562 JST" Interest="4.0" Kind="selection" Navigation="null" OriginId="org.eclipse.jdt.ui.CompilationUnitEditor" StartDate="2014-09-13 08:16:55.590 JST" StructureHandle="=TA2/src&amp;lt;ta2.listeners.dialog{DOI_CL.java[DOI_CL^actv" StructureKind="java" NumEvents="4" CreationCount="10"/><InteractionEvent Delta="null" EndDate="2014-09-13 08:40:12.983 JST" Interest="2.6890001" Kind="manipulation" Navigation="null" OriginId="org.eclipse.mylyn.core.model.interest.decay.correction" StartDate="2014-09-13 08:40:12.983 JST" StructureHandle="=TA2/src&amp;lt;ta2.listeners.dialog{DOI_CL.java[DOI_CL^actv" StructureKind="java"/><InteractionEvent Delta="null" EndDate="2014-09-13 08:40:13.52 JST" Interest="1.0" Kind="edit" Navigation="null" OriginId="org.eclipse.jdt.ui.CompilationUnitEditor" StartDate="2014-09-13 08:40:13.52 JST" StructureHandle="=TA2/src&amp;lt;ta2.listeners.dialog{DOI_CL.java[DOI_CL^actv" StructureKind="java"/><InteractionEvent Delta="null" EndDate="2014-09-13 09:13:15.741 JST" Interest="1.0" Kind="propagation" Navigation="null" OriginId="org.eclipse.mylyn.resources.ui.interest.updater" StartDate="2014-09-13 09:13:15.741 JST" StructureHandle="=TA2/gen&amp;lt;ta2" StructureKind="java"/><InteractionEvent Delta="null" EndDate="2014-09-13 08:16:59.390 JST" Interest="1.0" Kind="selection" Navigation="null" OriginId="org.eclipse.ui.views.ContentOutline" StartDate="2014-09-13 08:16:59.390 JST" StructureHandle="=TA2/src&amp;lt;ta2.listeners{LOI_CL.java%ta2.listeners" StructureKind="java"/><InteractionEvent Delta="null" EndDate="2014-09-13 08:40:16.130 JST" Interest="1.0" Kind="selection" Navigation="null" OriginId="org.eclipse.jdt.ui.PackageExplorer" StartDate="2014-09-13 08:40:16.130 JST" StructureHandle="=TA2/src&amp;lt;ta2.tasks" StructureKind="java"/><InteractionEvent Delta="null" EndDate="2014-09-13 09:36:14.207 JST" Interest="13.0" Kind="propagation" Navigation="null" OriginId="org.eclipse.jdt.ui.PackageExplorer" StartDate="2014-09-13 09:09:25.722 JST" StructureHandle="/TA2/src/ta2/comps/Comp_WP.java" StructureKind="resource" NumEvents="13" CreationCount="473"/><InteractionEvent Delta="null" EndDate="2014-09-13 09:13:15.749 JST" Interest="8.505" Kind="propagation" Navigation="org.eclipse.mylyn.core.model.edges.containment" OriginId="org.eclipse.mylyn.core.model.interest.propagation" StartDate="2014-09-13 08:52:51.509 JST" StructureHandle="/TA2/gen" StructureKind="resource" NumEvents="5" CreationCount="249"/><InteractionEvent Delta="null" EndDate="2014-09-13 08:42:45.851 JST" Interest="2.0" Kind="selection" Navigation="null" OriginId="org.eclipse.jdt.ui.CompilationUnitEditor" StartDate="2014-09-13 08:41:00.785 JST" StructureHandle="=TA2/src&amp;lt;ta2.listeners.dialog{DOI_CL.java[DOI_CL" StructureKind="java" NumEvents="2" CreationCount="10"/><InteractionEvent Delta="null" EndDate="2014-09-13 08:40:20.68 JST" Interest="6.389" Kind="propagation" Navigation="org.eclipse.mylyn.core.model.edges.containment" OriginId="org.eclipse.mylyn.core.model.interest.propagation" StartDate="2014-09-13 08:16:55.591 JST" StructureHandle="=TA2/src&amp;lt;ta2.listeners.dialog{DOI_CL.java[DOI_CL" StructureKind="java" NumEvents="4" CreationCount="10"/><InteractionEvent Delta="null" EndDate="2014-09-13 09:24:12.116 JST" Interest="11.0" Kind="selection" Navigation="null" OriginId="org.eclipse.jdt.ui.CompilationUnitEditor" StartDate="2014-09-13 09:09:21.540 JST" StructureHandle="=TA2/src&amp;lt;ta2.listeners.dialog{DB_OCL.java[DB_OCL" StructureKind="java" NumEvents="11" CreationCount="293"/><InteractionEvent Delta="null" EndDate="2014-09-13 09:24:13.198 JST" Interest="13.0" Kind="edit" Navigation="null" OriginId="org.eclipse.jdt.ui.CompilationUnitEditor" StartDate="2014-09-13 09:20:42.704 JST" StructureHandle="=TA2/src&amp;lt;ta2.listeners.dialog{DB_OCL.java[DB_OCL" StructureKind="java" NumEvents="13" CreationCount="293"/><InteractionEvent Delta="null" EndDate="2014-09-13 09:36:13.956 JST" Interest="222.9" Kind="propagation" Navigation="org.eclipse.mylyn.core.model.edges.containment" OriginId="org.eclipse.mylyn.core.model.interest.propagation" StartDate="2014-09-13 08:55:21.273 JST" StructureHandle="=TA2/src&amp;lt;ta2.listeners.dialog{DB_OCL.java[DB_OCL" StructureKind="java" NumEvents="313" CreationCount="293"/><InteractionEvent Delta="null" EndDate="2014-09-13 09:10:18.15 JST" Interest="2.0" Kind="selection" Navigation="null" OriginId="org.eclipse.ui.views.ContentOutline" StartDate="2014-09-13 09:09:29.382 JST" StructureHandle="=TA2/src&amp;lt;ta2.comps{Comp_WP.java[Comp_WP~_compare_USED~QWordPattern;~QWordPattern;" StructureKind="java" NumEvents="2" CreationCount="475"/><InteractionEvent Delta="null" EndDate="2014-09-13 09:09:58.554 JST" Interest="7.0" Kind="edit" Navigation="null" OriginId="org.eclipse.jdt.ui.CompilationUnitEditor" StartDate="2014-09-13 09:09:31.505 JST" StructureHandle="=TA2/src&amp;lt;ta2.comps{Comp_WP.java[Comp_WP~_compare_USED~QWordPattern;~QWordPattern;" StructureKind="java" NumEvents="7" CreationCount="475"/><InteractionEvent Delta="null" EndDate="2014-09-13 09:13:15.749 JST" Interest="4.0" Kind="propagation" Navigation="null" OriginId="org.eclipse.mylyn.resources.ui.interest.updater" StartDate="2014-09-13 09:13:15.741 JST" StructureHandle="/TA2/gen/ta2" StructureKind="resource" NumEvents="4" CreationCount="514"/><InteractionEvent Delta="null" EndDate="2014-09-13 08:54:54.135 JST" Interest="6.0" Kind="selection" Navigation="null" OriginId="org.eclipse.jdt.ui.CompilationUnitEditor" StartDate="2014-09-13 08:16:37.66 JST" StructureHandle="=TA2/src&amp;lt;ta2.listeners.dialog{DOI_CL.java" StructureKind="java" NumEvents="6" CreationCount="4"/><InteractionEvent Delta="null" EndDate="2014-09-13 08:40:12.801 JST" Interest="1.0740001" Kind="manipulation" Navigation="null" OriginId="org.eclipse.mylyn.core.model.interest.decay.correction" StartDate="2014-09-13 08:40:12.801 JST" StructureHandle="=TA2/src&amp;lt;ta2.listeners.dialog{DOI_CL.java" StructureKind="java"/><InteractionEvent Delta="null" EndDate="2014-09-13 08:42:45.852 JST" Interest="2.717" Kind="propagation" Navigation="org.eclipse.mylyn.core.model.edges.containment" OriginId="org.eclipse.mylyn.core.model.interest.propagation" StartDate="2014-09-13 08:40:12.985 JST" StructureHandle="=TA2/src&amp;lt;ta2.listeners.dialog{DOI_CL.java" StructureKind="java" NumEvents="4" CreationCount="4"/><InteractionEvent Delta="null" EndDate="2014-09-13 08:52:45.500 JST" Interest="4.0" Kind="edit" Navigation="null" OriginId="org.eclipse.jdt.ui.CompilationUnitEditor" StartDate="2014-09-13 08:16:39.873 JST" StructureHandle="=TA2/src&amp;lt;ta2.listeners.dialog{DOI_CL.java" StructureKind="java" NumEvents="4" CreationCount="4"/><InteractionEvent Delta="null" EndDate="2014-09-13 08:59:29.178 JST" Interest="7.0" Kind="selection" Navigation="null" OriginId="org.eclipse.jdt.ui.PackageExplorer" StartDate="2014-09-13 08:16:23.719 JST" StructureHandle="=TA2/src" StructureKind="java" NumEvents="7" CreationCount="1"/><InteractionEvent Delta="null" EndDate="2014-09-13 09:36:13.959 JST" Interest="240.96399" Kind="propagation" Navigation="org.eclipse.mylyn.core.model.edges.containment" OriginId="org.eclipse.mylyn.core.model.interest.propagation" StartDate="2014-09-13 08:16:26.260 JST" StructureHandle="=TA2/src" StructureKind="java" NumEvents="346" CreationCount="1"/><InteractionEvent Delta="null" EndDate="2014-09-13 08:40:20.876 JST" Interest="2.0" Kind="propagation" Navigation="null" OriginId="org.eclipse.jdt.ui.PackageExplorer" StartDate="2014-09-13 08:40:14.510 JST" StructureHandle="/TA2/src/ta2/listeners/dialog/DB_OTL.java" StructureKind="resource" NumEvents="2" CreationCount="230"/><InteractionEvent Delta="null" EndDate="2014-09-13 08:16:47.651 JST" Interest="1.0" Kind="selection" Navigation="null" OriginId="org.eclipse.jdt.ui.PackageExplorer" StartDate="2014-09-13 08:16:47.651 JST" StructureHandle="=TA2/src&amp;lt;ta2.listeners" StructureKind="java"/><InteractionEvent Delta="null" EndDate="2014-09-13 09:08:08.280 JST" Interest="167.002" Kind="propagation" Navigation="org.eclipse.mylyn.core.model.edges.containment" OriginId="org.eclipse.mylyn.core.model.interest.propagation" StartDate="2014-09-13 08:16:57.182 JST" StructureHandle="=TA2/src&amp;lt;ta2.listeners" StructureKind="java" NumEvents="238" CreationCount="8"/><InteractionEvent Delta="null" EndDate="2014-09-13 09:07:58.735 JST" Interest="3.0" Kind="prediction" Navigation="null" OriginId="org.eclipse.mylyn.resources.ui.interest.updater" StartDate="2014-09-13 08:19:36.114 JST" StructureHandle="/TA2/bin/resources.ap_" StructureKind="resource" NumEvents="3" CreationCount="131"/><InteractionEvent Delta="null" EndDate="2014-09-13 09:36:14.562 JST" Interest="1.0" Kind="selection" Navigation="null" OriginId="org.eclipse.jdt.ui.PackageExplorer" StartDate="2014-09-13 09:36:14.562 JST" StructureHandle="=TA2/src&amp;lt;ta2.listeners{LOI_LCL.java" StructureKind="java"/></InteractionHistory>