<?xml version="1.0" encoding="UTF-8"?><InteractionHistory Id="local-85" Version="1"><InteractionEvent Delta="null" EndDate="2014-09-18 06:51:27.768 JST" Interest="1.0" Kind="propagation" Navigation="org.eclipse.mylyn.core.model.edges.containment" OriginId="org.eclipse.mylyn.core.model.interest.propagation" StartDate="2014-09-18 06:51:27.768 JST" StructureHandle="" StructureKind="java"/><InteractionEvent Delta="null" EndDate="2014-09-18 09:18:40.446 JST" Interest="2.0" Kind="selection" Navigation="null" OriginId="org.eclipse.jdt.ui.CompilationUnitEditor" StartDate="2014-09-18 09:11:16.654 JST" StructureHandle="=SL3/src&amp;lt;sl3.items{PS.java[PS^dbId" StructureKind="java" NumEvents="2" CreationCount="577"/><InteractionEvent Delta="null" EndDate="2014-09-18 09:18:40.446 JST" Interest="2.0770001" Kind="manipulation" Navigation="null" OriginId="org.eclipse.mylyn.core.model.interest.decay.correction" StartDate="2014-09-18 09:18:40.446 JST" StructureHandle="=SL3/src&amp;lt;sl3.items{PS.java[PS^dbId" StructureKind="java"/><InteractionEvent Delta="null" EndDate="2014-09-18 10:18:14.217 JST" Interest="1769.051" Kind="propagation" Navigation="org.eclipse.mylyn.core.model.edges.containment" OriginId="org.eclipse.mylyn.core.model.interest.propagation" StartDate="2014-09-18 06:51:32.537 JST" StructureHandle="=SL3" StructureKind="resource" NumEvents="1774" CreationCount="2"/><InteractionEvent Delta="null" EndDate="2014-09-18 10:01:24.26 JST" Interest="266.47003" Kind="propagation" Navigation="org.eclipse.mylyn.core.model.edges.containment" OriginId="org.eclipse.mylyn.core.model.interest.propagation" StartDate="2014-09-18 06:51:38.298 JST" StructureHandle="=SL3/src" StructureKind="java" NumEvents="404" CreationCount="2"/><InteractionEvent Delta="null" EndDate="2014-09-18 06:51:32.536 JST" Interest="1.0" Kind="selection" Navigation="null" OriginId="org.eclipse.jdt.ui.PackageExplorer" StartDate="2014-09-18 06:51:32.536 JST" StructureHandle="=SL3/src" StructureKind="java"/><InteractionEvent Delta="null" EndDate="2014-09-18 10:14:44.678 JST" Interest="7.7660003" Kind="propagation" Navigation="org.eclipse.mylyn.core.model.edges.containment" OriginId="org.eclipse.mylyn.core.model.interest.propagation" StartDate="2014-09-18 09:52:36.316 JST" StructureHandle="=SL3/src&amp;lt;sl3.adapters" StructureKind="java" NumEvents="12" CreationCount="1343"/><InteractionEvent Delta="null" EndDate="2014-09-18 09:20:27.914 JST" Interest="2.0" Kind="selection" Navigation="null" OriginId="org.eclipse.jdt.ui.CompilationUnitEditor" StartDate="2014-09-18 09:19:25.501 JST" StructureHandle="=SL3/src&amp;lt;sl3.items{PS.java[PS~setAmount~I" StructureKind="java" NumEvents="2" CreationCount="782"/><InteractionEvent Delta="null" EndDate="2014-09-18 09:52:24.442 JST" Interest="5.753" Kind="propagation" Navigation="org.eclipse.mylyn.core.model.edges.containment" OriginId="org.eclipse.mylyn.core.model.interest.propagation" StartDate="2014-09-18 09:51:42.631 JST" StructureHandle="=SL3/src&amp;lt;sl3.listeners.list{LOI_CL.java" StructureKind="java" NumEvents="10" CreationCount="1324"/><InteractionEvent Delta="null" EndDate="2014-09-18 10:14:44.823 JST" Interest="4.0" Kind="selection" Navigation="null" OriginId="org.eclipse.jdt.ui.CompilationUnitEditor" StartDate="2014-09-18 09:51:40.224 JST" StructureHandle="=SL3/src&amp;lt;sl3.listeners.list{LOI_CL.java" StructureKind="java" NumEvents="4" CreationCount="1324"/><InteractionEvent Delta="null" EndDate="2014-09-18 10:05:45.265 JST" Interest="16.0" Kind="selection" Navigation="null" OriginId="org.eclipse.jdt.ui.CompilationUnitEditor" StartDate="2014-09-18 08:17:30.433 JST" StructureHandle="=SL3/src&amp;lt;sl3.listeners.dialog{DB_OCL.java[DB_OCL~_case_case_DLG_SAVE_TOBUY_LIST_BT_OK_execute~QSpinner;~QString;~J" StructureKind="java" NumEvents="16" CreationCount="74"/><InteractionEvent Delta="null" EndDate="2014-09-18 10:05:10.214 JST" Interest="128.0" Kind="edit" Navigation="null" OriginId="org.eclipse.jdt.ui.CompilationUnitEditor" StartDate="2014-09-18 09:25:06.454 JST" StructureHandle="=SL3/src&amp;lt;sl3.listeners.dialog{DB_OCL.java[DB_OCL~_case_case_DLG_SAVE_TOBUY_LIST_BT_OK_execute~QSpinner;~QString;~J" StructureKind="java" NumEvents="128" CreationCount="74"/><InteractionEvent Delta="null" EndDate="2014-09-18 09:25:05.192 JST" Interest="10.467001" Kind="manipulation" Navigation="null" OriginId="org.eclipse.mylyn.core.model.interest.decay.correction" StartDate="2014-09-18 08:40:49.9 JST" StructureHandle="=SL3/src&amp;lt;sl3.listeners.dialog{DB_OCL.java[DB_OCL~_case_case_DLG_SAVE_TOBUY_LIST_BT_OK_execute~QSpinner;~QString;~J" StructureKind="java" NumEvents="2" CreationCount="74"/><InteractionEvent Delta="null" EndDate="2014-09-18 09:17:19.191 JST" Interest="17.0" Kind="propagation" Navigation="null" OriginId="org.eclipse.jdt.ui.PackageExplorer" StartDate="2014-09-18 09:07:43.196 JST" StructureHandle="/SL3/src/sl3/items/MI.java" StructureKind="resource" NumEvents="17" CreationCount="514"/><InteractionEvent Delta="null" EndDate="2014-09-18 09:20:38.788 JST" Interest="12.0" Kind="selection" Navigation="null" OriginId="org.eclipse.jdt.ui.CompilationUnitEditor" StartDate="2014-09-18 09:07:55.943 JST" StructureHandle="=SL3/src&amp;lt;sl3.items{PS.java[PS[Builder" StructureKind="java" NumEvents="12" CreationCount="522"/><InteractionEvent Delta="null" EndDate="2014-09-18 09:20:45.626 JST" Interest="10.0" Kind="edit" Navigation="null" OriginId="org.eclipse.jdt.ui.CompilationUnitEditor" StartDate="2014-09-18 09:08:06.958 JST" StructureHandle="=SL3/src&amp;lt;sl3.items{PS.java[PS[Builder" StructureKind="java" NumEvents="10" CreationCount="522"/><InteractionEvent Delta="null" EndDate="2014-09-18 09:56:09.414 JST" Interest="2.0" Kind="selection" Navigation="null" OriginId="org.eclipse.jdt.ui.CompilationUnitEditor" StartDate="2014-09-18 09:55:59.207 JST" StructureHandle="=SL3/src&amp;lt;sl3.utils{Methods_sl.java[Methods_sl~playSound~QActivity;~I" StructureKind="java" NumEvents="2" CreationCount="1381"/><InteractionEvent Delta="null" EndDate="2014-09-18 09:56:10.838 JST" Interest="4.0" Kind="edit" Navigation="null" OriginId="org.eclipse.jdt.ui.CompilationUnitEditor" StartDate="2014-09-18 09:56:04.28 JST" StructureHandle="=SL3/src&amp;lt;sl3.utils{Methods_sl.java[Methods_sl~playSound~QActivity;~I" StructureKind="java" NumEvents="4" CreationCount="1381"/><InteractionEvent Delta="null" EndDate="2014-09-18 09:42:11.954 JST" Interest="5.0" Kind="selection" Navigation="null" OriginId="org.eclipse.jdt.ui.CompilationUnitEditor" StartDate="2014-09-18 08:38:25.102 JST" StructureHandle="=SL3/src&amp;lt;sl3.utils{Methods.java[Methods~conv_MillSec_to_YMD~J" StructureKind="java" NumEvents="5" CreationCount="367"/><InteractionEvent Delta="null" EndDate="2014-09-18 09:42:16.669 JST" Interest="51.0" Kind="edit" Navigation="null" OriginId="org.eclipse.jdt.ui.CompilationUnitEditor" StartDate="2014-09-18 08:38:26.97 JST" StructureHandle="=SL3/src&amp;lt;sl3.utils{Methods.java[Methods~conv_MillSec_to_YMD~J" StructureKind="java" NumEvents="51" CreationCount="367"/><InteractionEvent Delta="null" EndDate="2014-09-18 10:14:44.678 JST" Interest="4.2509995" Kind="propagation" Navigation="org.eclipse.mylyn.core.model.edges.containment" OriginId="org.eclipse.mylyn.core.model.interest.propagation" StartDate="2014-09-18 09:52:38.290 JST" StructureHandle="=SL3/src&amp;lt;sl3.adapters{PSListAdapter.java" StructureKind="java" NumEvents="9" CreationCount="1343"/><InteractionEvent Delta="null" EndDate="2014-09-18 10:14:44.486 JST" Interest="3.0" Kind="selection" Navigation="null" OriginId="org.eclipse.jdt.ui.CompilationUnitEditor" StartDate="2014-09-18 09:52:36.316 JST" StructureHandle="=SL3/src&amp;lt;sl3.adapters{PSListAdapter.java" StructureKind="java" NumEvents="3" CreationCount="1343"/><InteractionEvent Delta="null" EndDate="2014-09-18 10:14:44.486 JST" Interest="0.5150008" Kind="manipulation" Navigation="null" OriginId="org.eclipse.mylyn.core.model.interest.decay.correction" StartDate="2014-09-18 10:14:44.486 JST" StructureHandle="=SL3/src&amp;lt;sl3.adapters{PSListAdapter.java" StructureKind="java"/><InteractionEvent Delta="null" EndDate="2014-09-18 09:42:20.667 JST" Interest="1.0" Kind="selection" Navigation="null" OriginId="org.eclipse.jdt.ui.CompilationUnitEditor" StartDate="2014-09-18 09:42:20.667 JST" StructureHandle="=SL3/src&amp;lt;sl3.utils{Methods.java[Methods~conv_MillSec_to_YMD~J!2" StructureKind="java"/><InteractionEvent Delta="null" EndDate="2014-09-18 09:42:44.557 JST" Interest="9.0" Kind="edit" Navigation="null" OriginId="org.eclipse.jdt.ui.CompilationUnitEditor" StartDate="2014-09-18 09:42:24.470 JST" StructureHandle="=SL3/src&amp;lt;sl3.utils{Methods.java[Methods~conv_MillSec_to_YMD~QString;" StructureKind="java" NumEvents="9" CreationCount="1091"/><InteractionEvent Delta="null" EndDate="2014-09-18 10:12:02.399 JST" Interest="1.0" Kind="selection" Navigation="null" OriginId="org.eclipse.jdt.ui.CompilationUnitEditor" StartDate="2014-09-18 10:12:02.399 JST" StructureHandle="=SL3/src&amp;lt;sl3.utils{Methods.java[Methods~get_TimeLabel" StructureKind="java"/><InteractionEvent Delta="null" EndDate="2014-09-18 10:12:07.860 JST" Interest="4.0" Kind="edit" Navigation="null" OriginId="org.eclipse.jdt.ui.CompilationUnitEditor" StartDate="2014-09-18 10:12:03.633 JST" StructureHandle="=SL3/src&amp;lt;sl3.utils{Methods.java[Methods~get_TimeLabel" StructureKind="java" NumEvents="4" CreationCount="1689"/><InteractionEvent Delta="null" EndDate="2014-09-18 10:01:32.349 JST" Interest="39.555" Kind="propagation" Navigation="org.eclipse.mylyn.core.model.edges.containment" OriginId="org.eclipse.mylyn.core.model.interest.propagation" StartDate="2014-09-18 07:06:17.311 JST" StructureHandle="=SL3/src&amp;lt;sl3.utils{Methods.java" StructureKind="java" NumEvents="64" CreationCount="22"/><InteractionEvent Delta="null" EndDate="2014-09-18 10:12:01.95 JST" Interest="15.0" Kind="selection" Navigation="null" OriginId="org.eclipse.jdt.ui.CompilationUnitEditor" StartDate="2014-09-18 07:06:16.585 JST" StructureHandle="=SL3/src&amp;lt;sl3.utils{Methods.java" StructureKind="java" NumEvents="15" CreationCount="22"/><InteractionEvent Delta="null" EndDate="2014-09-18 08:38:23.464 JST" Interest="0.109999895" Kind="manipulation" Navigation="null" OriginId="org.eclipse.mylyn.core.model.interest.decay.correction" StartDate="2014-09-18 08:38:23.464 JST" StructureHandle="=SL3/src&amp;lt;sl3.utils{Methods.java" StructureKind="java"/><InteractionEvent Delta="null" EndDate="2014-09-18 10:14:15.767 JST" Interest="39.0" Kind="propagation" Navigation="null" OriginId="org.eclipse.jdt.ui.CompilationUnitEditor" StartDate="2014-09-18 09:17:05.288 JST" StructureHandle="/SL3/src/sl3/utils/CONS.java" StructureKind="resource" NumEvents="39" CreationCount="709"/><InteractionEvent Delta="null" EndDate="2014-09-18 10:08:06.904 JST" Interest="2.6200008" Kind="manipulation" Navigation="null" OriginId="org.eclipse.mylyn.core.model.interest.decay.correction" StartDate="2014-09-18 10:08:06.904 JST" StructureHandle="/SL3/src/sl3/utils/CONS.java" StructureKind="resource"/><InteractionEvent Delta="null" EndDate="2014-09-18 09:53:35.651 JST" Interest="33.346" Kind="propagation" Navigation="org.eclipse.mylyn.core.model.edges.containment" OriginId="org.eclipse.mylyn.core.model.interest.propagation" StartDate="2014-09-18 09:50:25.249 JST" StructureHandle="=SL3/src&amp;lt;sl3.utils{Methods_sl.java[Methods_sl~sortPSList~QList\&amp;lt;QPS;&amp;gt;;~QSortTags;[!2" StructureKind="java" NumEvents="14" CreationCount="1297"/><InteractionEvent Delta="null" EndDate="2014-09-18 09:07:44.839 JST" Interest="1.0" Kind="selection" Navigation="null" OriginId="org.eclipse.jdt.ui.CompilationUnitEditor" StartDate="2014-09-18 09:07:44.839 JST" StructureHandle="=SL3/src&amp;lt;sl3.items{MI.java[MI~getOrder" StructureKind="java"/><InteractionEvent Delta="null" EndDate="2014-09-18 08:17:15.311 JST" Interest="1.0" Kind="propagation" Navigation="null" OriginId="org.eclipse.mylyn.resources.ui.interest.updater" StartDate="2014-09-18 08:17:15.311 JST" StructureHandle="/SL3/src/sl3/listeners/dialog/DOI_CL.java" StructureKind="resource"/><InteractionEvent Delta="null" EndDate="2014-09-18 09:46:19.190 JST" Interest="1.0" Kind="selection" Navigation="null" OriginId="org.eclipse.jdt.ui.CompilationUnitEditor" StartDate="2014-09-18 09:46:19.190 JST" StructureHandle="=SL3/src&amp;lt;sl3.utils{Methods_sl.java[Methods_sl~sortItemList_GenreItemName~QList\&amp;lt;QSI;&amp;gt;;" StructureKind="java"/><InteractionEvent Delta="null" EndDate="2014-09-18 10:14:09.888 JST" Interest="121.662" Kind="propagation" Navigation="org.eclipse.mylyn.core.model.edges.containment" OriginId="org.eclipse.mylyn.core.model.interest.propagation" StartDate="2014-09-18 08:16:11.148 JST" StructureHandle="=SL3/src&amp;lt;sl3.listeners.dialog" StructureKind="java" NumEvents="215" CreationCount="39"/><InteractionEvent Delta="null" EndDate="2014-09-18 08:16:08.644 JST" Interest="1.0" Kind="selection" Navigation="null" OriginId="org.eclipse.jdt.ui.PackageExplorer" StartDate="2014-09-18 08:16:08.644 JST" StructureHandle="=SL3/src&amp;lt;sl3.listeners.dialog" StructureKind="java"/><InteractionEvent Delta="null" EndDate="2014-09-18 09:13:21.652 JST" Interest="21.517" Kind="propagation" Navigation="org.eclipse.mylyn.core.model.edges.containment" OriginId="org.eclipse.mylyn.core.model.interest.propagation" StartDate="2014-09-18 08:16:55.517 JST" StructureHandle="=SL3/src&amp;lt;sl3.utils{Methods_dlg.java[Methods_dlg" StructureKind="java" NumEvents="28" CreationCount="56"/><InteractionEvent Delta="null" EndDate="2014-09-18 06:52:03.876 JST" Interest="3.0" Kind="selection" Navigation="null" OriginId="org.eclipse.jdt.ui.CompilationUnitEditor" StartDate="2014-09-18 06:52:02.298 JST" StructureHandle="=SL3/src&amp;lt;sl3.utils{Methods_sl.java[Methods_sl~sortItemList_GenreItemName" StructureKind="java" NumEvents="3" CreationCount="11"/><InteractionEvent Delta="null" EndDate="2014-09-18 09:18:45.392 JST" Interest="1.0" Kind="selection" Navigation="null" OriginId="org.eclipse.jdt.ui.CompilationUnitEditor" StartDate="2014-09-18 09:18:45.392 JST" StructureHandle="=SL3/src&amp;lt;sl3.items{PS.java[PS^created_at" StructureKind="java"/><InteractionEvent Delta="null" EndDate="2014-09-18 09:19:09.197 JST" Interest="8.0" Kind="selection" Navigation="null" OriginId="org.eclipse.jdt.ui.CompilationUnitEditor" StartDate="2014-09-18 09:09:18.484 JST" StructureHandle="=SL3/src&amp;lt;sl3.items{PS.java[PS~PS~QBuilder;" StructureKind="java" NumEvents="8" CreationCount="556"/><InteractionEvent Delta="null" EndDate="2014-09-18 09:19:10.662 JST" Interest="56.0" Kind="edit" Navigation="null" OriginId="org.eclipse.jdt.ui.CompilationUnitEditor" StartDate="2014-09-18 09:09:19.590 JST" StructureHandle="=SL3/src&amp;lt;sl3.items{PS.java[PS~PS~QBuilder;" StructureKind="java" NumEvents="56" CreationCount="556"/><InteractionEvent Delta="null" EndDate="2014-09-18 09:21:05.121 JST" Interest="1.0" Kind="selection" Navigation="null" OriginId="org.eclipse.jdt.ui.CompilationUnitEditor" StartDate="2014-09-18 09:21:05.121 JST" StructureHandle="=SL3/src&amp;lt;sl3.items{PS.java[PS[Builder~setAmount~I" StructureKind="java"/><InteractionEvent Delta="null" EndDate="2014-09-18 10:14:09.958 JST" Interest="439.0" Kind="propagation" Navigation="null" OriginId="org.eclipse.jdt.ui.CompilationUnitEditor" StartDate="2014-09-18 08:16:11.148 JST" StructureHandle="/SL3/src/sl3/listeners/dialog/DB_OCL.java" StructureKind="resource" NumEvents="439" CreationCount="40"/><InteractionEvent Delta="null" EndDate="2014-09-18 10:18:14.215 JST" Interest="1768.068" Kind="propagation" Navigation="org.eclipse.mylyn.core.model.edges.containment" OriginId="org.eclipse.mylyn.core.model.interest.propagation" StartDate="2014-09-18 06:51:27.768 JST" StructureHandle="/" StructureKind="resource" NumEvents="1780" CreationCount="1"/><InteractionEvent Delta="null" EndDate="2014-09-18 09:11:37.653 JST" Interest="1.0" Kind="selection" Navigation="null" OriginId="org.eclipse.jdt.ui.CompilationUnitEditor" StartDate="2014-09-18 09:11:37.653 JST" StructureHandle="=SL3/src&amp;lt;sl3.items{PS.java[PS[Builder^created_at" StructureKind="java"/><InteractionEvent Delta="null" EndDate="2014-09-18 10:14:15.766 JST" Interest="7.0" Kind="selection" Navigation="null" OriginId="org.eclipse.jdt.ui.CompilationUnitEditor" StartDate="2014-09-18 09:17:05.988 JST" StructureHandle="=SL3/src&amp;lt;sl3.utils{CONS.java[CONS[DB^col_Names_PS_full" StructureKind="java" NumEvents="7" CreationCount="710"/><InteractionEvent Delta="null" EndDate="2014-09-18 10:08:52.825 JST" Interest="22.0" Kind="edit" Navigation="null" OriginId="org.eclipse.jdt.ui.CompilationUnitEditor" StartDate="2014-09-18 09:17:08.566 JST" StructureHandle="=SL3/src&amp;lt;sl3.utils{CONS.java[CONS[DB^col_Names_PS_full" StructureKind="java" NumEvents="22" CreationCount="710"/><InteractionEvent Delta="null" EndDate="2014-09-18 10:08:11.671 JST" Interest="9.220001" Kind="manipulation" Navigation="null" OriginId="org.eclipse.mylyn.core.model.interest.decay.correction" StartDate="2014-09-18 10:08:11.671 JST" StructureHandle="=SL3/src&amp;lt;sl3.utils{CONS.java[CONS[DB^col_Names_PS_full" StructureKind="java"/><InteractionEvent Delta="null" EndDate="2014-09-18 08:46:21.173 JST" Interest="7.0" Kind="propagation" Navigation="org.eclipse.mylyn.core.model.edges.containment" OriginId="org.eclipse.mylyn.core.model.interest.propagation" StartDate="2014-09-18 08:19:54.167 JST" StructureHandle="/SL3/bin" StructureKind="resource" NumEvents="5" CreationCount="119"/><InteractionEvent Delta="null" EndDate="2014-09-18 09:21:05.918 JST" Interest="1.0" Kind="selection" Navigation="null" OriginId="org.eclipse.jdt.ui.CompilationUnitEditor" StartDate="2014-09-18 09:21:05.918 JST" StructureHandle="=SL3/src&amp;lt;sl3.items{PS.java[PS[Builder~setStoreName~QString;" StructureKind="java"/><InteractionEvent Delta="null" EndDate="2014-09-18 09:21:00.161 JST" Interest="1.0" Kind="selection" Navigation="null" OriginId="org.eclipse.jdt.ui.CompilationUnitEditor" StartDate="2014-09-18 09:21:00.161 JST" StructureHandle="=SL3/src&amp;lt;sl3.items{PS.java[PS[Builder~setDueDate~QString;" StructureKind="java"/><InteractionEvent Delta="null" EndDate="2014-09-18 09:52:38.288 JST" Interest="1.0" Kind="selection" Navigation="null" OriginId="org.eclipse.jdt.ui.CompilationUnitEditor" StartDate="2014-09-18 09:52:38.288 JST" StructureHandle="=SL3/src&amp;lt;sl3.adapters{PSListAdapter.java[PSListAdapter~PSListAdapter~QContext;~I~QList\&amp;lt;QPS;&amp;gt;;" StructureKind="java"/><InteractionEvent Delta="null" EndDate="2014-09-18 09:42:16.670 JST" Interest="43.548" Kind="propagation" Navigation="org.eclipse.mylyn.core.model.edges.containment" OriginId="org.eclipse.mylyn.core.model.interest.propagation" StartDate="2014-09-18 07:06:17.310 JST" StructureHandle="=SL3/src&amp;lt;sl3.utils{Methods.java[Methods" StructureKind="java" NumEvents="62" CreationCount="23"/><InteractionEvent Delta="null" EndDate="2014-09-18 10:01:19.450 JST" Interest="6.0" Kind="selection" Navigation="null" OriginId="org.eclipse.jdt.ui.CompilationUnitEditor" StartDate="2014-09-18 08:46:51.402 JST" StructureHandle="=SL3/src&amp;lt;sl3.utils{Methods.java[Methods" StructureKind="java" NumEvents="6" CreationCount="23"/><InteractionEvent Delta="null" EndDate="2014-09-18 10:01:24.25 JST" Interest="3.0" Kind="edit" Navigation="null" OriginId="org.eclipse.jdt.ui.CompilationUnitEditor" StartDate="2014-09-18 10:01:21.183 JST" StructureHandle="=SL3/src&amp;lt;sl3.utils{Methods.java[Methods" StructureKind="java" NumEvents="3" CreationCount="23"/><InteractionEvent Delta="null" EndDate="2014-09-18 10:01:00.112 JST" Interest="3.0" Kind="selection" Navigation="null" OriginId="org.eclipse.jdt.ui.CompilationUnitEditor" StartDate="2014-09-18 08:25:14.427 JST" StructureHandle="=SL3/src&amp;lt;sl3.listeners.dialog{DB_OCL.java[DB_OCL~case_dlg_save_tobuy_list_bt_ok__getItemIdsString" StructureKind="java" NumEvents="3" CreationCount="179"/><InteractionEvent Delta="null" EndDate="2014-09-18 10:01:09.610 JST" Interest="7.0" Kind="edit" Navigation="null" OriginId="org.eclipse.jdt.ui.CompilationUnitEditor" StartDate="2014-09-18 08:25:15.770 JST" StructureHandle="=SL3/src&amp;lt;sl3.listeners.dialog{DB_OCL.java[DB_OCL~case_dlg_save_tobuy_list_bt_ok__getItemIdsString" StructureKind="java" NumEvents="7" CreationCount="179"/><InteractionEvent Delta="null" EndDate="2014-09-18 10:01:00.112 JST" Interest="16.348" Kind="manipulation" Navigation="null" OriginId="org.eclipse.mylyn.core.model.interest.decay.correction" StartDate="2014-09-18 09:51:02.681 JST" StructureHandle="=SL3/src&amp;lt;sl3.listeners.dialog{DB_OCL.java[DB_OCL~case_dlg_save_tobuy_list_bt_ok__getItemIdsString" StructureKind="java" NumEvents="2" CreationCount="179"/><InteractionEvent Delta="null" EndDate="2014-09-18 09:08:27.135 JST" Interest="1.0" Kind="selection" Navigation="null" OriginId="org.eclipse.jdt.ui.CompilationUnitEditor" StartDate="2014-09-18 09:08:27.135 JST" StructureHandle="=SL3/src&amp;lt;sl3.items{PS.java[PS[Builder~setDbId~J" StructureKind="java"/><InteractionEvent Delta="null" EndDate="2014-09-18 09:18:49.370 JST" Interest="2.0" Kind="selection" Navigation="null" OriginId="org.eclipse.jdt.ui.CompilationUnitEditor" StartDate="2014-09-18 08:48:19.874 JST" StructureHandle="=SL3/src&amp;lt;sl3.items{PS.java[PS^modified_at" StructureKind="java" NumEvents="2" CreationCount="504"/><InteractionEvent Delta="null" EndDate="2014-09-18 08:48:27.680 JST" Interest="2.0" Kind="edit" Navigation="null" OriginId="org.eclipse.jdt.ui.CompilationUnitEditor" StartDate="2014-09-18 08:48:27.665 JST" StructureHandle="=SL3/src&amp;lt;sl3.items{PS.java[PS^modified_at" StructureKind="java" NumEvents="2" CreationCount="504"/><InteractionEvent Delta="null" EndDate="2014-09-18 09:18:49.370 JST" Interest="2.02" Kind="manipulation" Navigation="null" OriginId="org.eclipse.mylyn.core.model.interest.decay.correction" StartDate="2014-09-18 09:18:49.370 JST" StructureHandle="=SL3/src&amp;lt;sl3.items{PS.java[PS^modified_at" StructureKind="java"/><InteractionEvent Delta="null" EndDate="2014-09-18 10:18:18.438 JST" Interest="15.0" Kind="prediction" Navigation="null" OriginId="org.eclipse.mylyn.resources.ui.interest.updater" StartDate="2014-09-18 08:19:54.167 JST" StructureHandle="/SL3/bin/classes.dex" StructureKind="resource" NumEvents="15" CreationCount="119"/><InteractionEvent Delta="null" EndDate="2014-09-18 10:14:44.678 JST" Interest="12.0" Kind="propagation" Navigation="org.eclipse.mylyn.core.model.edges.containment" OriginId="org.eclipse.mylyn.core.model.interest.propagation" StartDate="2014-09-18 09:52:36.316 JST" StructureHandle="/SL3/src/sl3/adapters" StructureKind="resource" NumEvents="12" CreationCount="1343"/><InteractionEvent Delta="null" EndDate="2014-09-18 08:38:23.523 JST" Interest="5.0" Kind="selection" Navigation="null" OriginId="org.eclipse.jdt.ui.CompilationUnitEditor" StartDate="2014-09-18 08:15:08.958 JST" StructureHandle="=SL3/src&amp;lt;sl3.utils{Methods.java[Methods~get_Adp_List_Store~QActivity;" StructureKind="java" NumEvents="5" CreationCount="25"/><InteractionEvent Delta="null" EndDate="2014-09-18 08:23:09.965 JST" Interest="1.0" Kind="edit" Navigation="null" OriginId="org.eclipse.jdt.ui.CompilationUnitEditor" StartDate="2014-09-18 08:23:09.965 JST" StructureHandle="=SL3/src&amp;lt;sl3.utils{Methods.java[Methods~get_Adp_List_Store~QActivity;" StructureKind="java"/><InteractionEvent Delta="null" EndDate="2014-09-18 08:38:23.524 JST" Interest="1.0800004" Kind="manipulation" Navigation="null" OriginId="org.eclipse.mylyn.core.model.interest.decay.correction" StartDate="2014-09-18 08:38:23.524 JST" StructureHandle="=SL3/src&amp;lt;sl3.utils{Methods.java[Methods~get_Adp_List_Store~QActivity;" StructureKind="java"/><InteractionEvent Delta="null" EndDate="2014-09-18 10:14:44.677 JST" Interest="7.749" Kind="propagation" Navigation="org.eclipse.mylyn.core.model.edges.containment" OriginId="org.eclipse.mylyn.core.model.interest.propagation" StartDate="2014-09-18 09:52:38.289 JST" StructureHandle="=SL3/src&amp;lt;sl3.adapters{PSListAdapter.java[PSListAdapter" StructureKind="java" NumEvents="9" CreationCount="1344"/><InteractionEvent Delta="null" EndDate="2014-09-18 09:17:14.416 JST" Interest="5.0" Kind="selection" Navigation="null" OriginId="org.eclipse.jdt.ui.CompilationUnitEditor" StartDate="2014-09-18 09:07:50.576 JST" StructureHandle="=SL3/src&amp;lt;sl3.items{MI.java[MI[Builder" StructureKind="java" NumEvents="5" CreationCount="518"/><InteractionEvent Delta="null" EndDate="2014-09-18 09:08:50.28 JST" Interest="2.0" Kind="edit" Navigation="null" OriginId="org.eclipse.jdt.ui.CompilationUnitEditor" StartDate="2014-09-18 09:07:51.152 JST" StructureHandle="=SL3/src&amp;lt;sl3.items{MI.java[MI[Builder" StructureKind="java" NumEvents="2" CreationCount="518"/><InteractionEvent Delta="null" EndDate="2014-09-18 09:17:16.135 JST" Interest="8.0" Kind="selection" Navigation="null" OriginId="org.eclipse.jdt.ui.CompilationUnitEditor" StartDate="2014-09-18 08:23:38.62 JST" StructureHandle="=SL3/src&amp;lt;sl3.utils{Methods_dlg.java[Methods_dlg~dlg_template_okCancel_2Dialogues~QActivity;~I~I~I~I~QDialogTags;~QDialogTags;~QDialog;" StructureKind="java" NumEvents="8" CreationCount="135"/><InteractionEvent Delta="null" EndDate="2014-09-18 08:24:42.849 JST" Interest="4.0" Kind="edit" Navigation="null" OriginId="org.eclipse.jdt.ui.CompilationUnitEditor" StartDate="2014-09-18 08:23:38.856 JST" StructureHandle="=SL3/src&amp;lt;sl3.utils{Methods_dlg.java[Methods_dlg~dlg_template_okCancel_2Dialogues~QActivity;~I~I~I~I~QDialogTags;~QDialogTags;~QDialog;" StructureKind="java" NumEvents="4" CreationCount="135"/><InteractionEvent Delta="null" EndDate="2014-09-18 09:17:16.135 JST" Interest="0.1789999" Kind="manipulation" Navigation="null" OriginId="org.eclipse.mylyn.core.model.interest.decay.correction" StartDate="2014-09-18 09:17:16.135 JST" StructureHandle="=SL3/src&amp;lt;sl3.utils{Methods_dlg.java[Methods_dlg~dlg_template_okCancel_2Dialogues~QActivity;~I~I~I~I~QDialogTags;~QDialogTags;~QDialog;" StructureKind="java"/><InteractionEvent Delta="null" EndDate="2014-09-18 09:08:35.88 JST" Interest="1.0" Kind="selection" Navigation="null" OriginId="org.eclipse.jdt.ui.CompilationUnitEditor" StartDate="2014-09-18 09:08:35.88 JST" StructureHandle="=SL3/src&amp;lt;sl3.items{PS.java[PS[Builder~setItems~QString;" StructureKind="java"/><InteractionEvent Delta="null" EndDate="2014-09-18 09:08:44.833 JST" Interest="2.0" Kind="edit" Navigation="null" OriginId="org.eclipse.jdt.ui.CompilationUnitEditor" StartDate="2014-09-18 09:08:42.872 JST" StructureHandle="=SL3/src&amp;lt;sl3.items{PS.java[PS[Builder~setItems~QString;" StructureKind="java" NumEvents="2" CreationCount="536"/><InteractionEvent Delta="null" EndDate="2014-09-18 10:07:33.385 JST" Interest="112.138" Kind="propagation" Navigation="org.eclipse.mylyn.core.model.edges.containment" OriginId="org.eclipse.mylyn.core.model.interest.propagation" StartDate="2014-09-18 09:14:12.692 JST" StructureHandle="=SL3/src&amp;lt;sl3.utils{DBUtils.java[DBUtils" StructureKind="java" NumEvents="159" CreationCount="648"/><InteractionEvent Delta="null" EndDate="2014-09-18 10:13:37.185 JST" Interest="10.0" Kind="selection" Navigation="null" OriginId="org.eclipse.jdt.ui.CompilationUnitEditor" StartDate="2014-09-18 09:14:08.349 JST" StructureHandle="=SL3/src&amp;lt;sl3.utils{DBUtils.java[DBUtils" StructureKind="java" NumEvents="10" CreationCount="648"/><InteractionEvent Delta="null" EndDate="2014-09-18 10:13:27.973 JST" Interest="3.0" Kind="edit" Navigation="null" OriginId="org.eclipse.jdt.ui.CompilationUnitEditor" StartDate="2014-09-18 09:24:37.424 JST" StructureHandle="=SL3/src&amp;lt;sl3.utils{DBUtils.java[DBUtils" StructureKind="java" NumEvents="3" CreationCount="648"/><InteractionEvent Delta="null" EndDate="2014-09-18 09:19:00.28 JST" Interest="1.0" Kind="selection" Navigation="null" OriginId="org.eclipse.jdt.ui.CompilationUnitEditor" StartDate="2014-09-18 09:19:00.28 JST" StructureHandle="=SL3/src&amp;lt;sl3.items{PS.java[PS^amount" StructureKind="java"/><InteractionEvent Delta="null" EndDate="2014-09-18 10:12:07.860 JST" Interest="124.0" Kind="propagation" Navigation="null" OriginId="org.eclipse.jdt.ui.CompilationUnitEditor" StartDate="2014-09-18 07:06:16.585 JST" StructureHandle="/SL3/src/sl3/utils/Methods.java" StructureKind="resource" NumEvents="124" CreationCount="22"/><InteractionEvent Delta="null" EndDate="2014-09-18 08:16:14.146 JST" Interest="1.0" Kind="selection" Navigation="null" OriginId="org.eclipse.ui.views.ContentOutline" StartDate="2014-09-18 08:16:14.146 JST" StructureHandle="=SL3/src&amp;lt;sl3.listeners.dialog{DB_OCL.java%sl3.listeners.dialog" StructureKind="java"/><InteractionEvent Delta="null" EndDate="2014-09-18 09:59:06.671 JST" Interest="513.0" Kind="propagation" Navigation="null" OriginId="org.eclipse.jdt.ui.CompilationUnitEditor" StartDate="2014-09-18 06:51:39.836 JST" StructureHandle="/SL3/src/sl3/utils/Methods_sl.java" StructureKind="resource" NumEvents="513" CreationCount="4"/><InteractionEvent Delta="null" EndDate="2014-09-18 10:13:37.186 JST" Interest="109.272" Kind="propagation" Navigation="org.eclipse.mylyn.core.model.edges.containment" OriginId="org.eclipse.mylyn.core.model.interest.propagation" StartDate="2014-09-18 09:14:08.350 JST" StructureHandle="=SL3/src&amp;lt;sl3.utils{DBUtils.java" StructureKind="java" NumEvents="160" CreationCount="5"/><InteractionEvent Delta="null" EndDate="2014-09-18 10:14:45.316 JST" Interest="19.0" Kind="selection" Navigation="null" OriginId="org.eclipse.jdt.ui.CompilationUnitEditor" StartDate="2014-09-18 06:51:42.425 JST" StructureHandle="=SL3/src&amp;lt;sl3.utils{DBUtils.java" StructureKind="java" NumEvents="19" CreationCount="5"/><InteractionEvent Delta="null" EndDate="2014-09-18 09:14:07.653 JST" Interest="8.897" Kind="manipulation" Navigation="null" OriginId="org.eclipse.mylyn.core.model.interest.decay.correction" StartDate="2014-09-18 09:14:07.653 JST" StructureHandle="=SL3/src&amp;lt;sl3.utils{DBUtils.java" StructureKind="java"/><InteractionEvent Delta="null" EndDate="2014-09-18 10:12:01.140 JST" Interest="6.0" Kind="selection" Navigation="null" OriginId="org.eclipse.jdt.ui.CompilationUnitEditor" StartDate="2014-09-18 10:01:26.368 JST" StructureHandle="=SL3/src&amp;lt;sl3.utils{Methods.java[Methods~conv_IdsString_from_ToBuy_ItemIds" StructureKind="java" NumEvents="6" CreationCount="1436"/><InteractionEvent Delta="null" EndDate="2014-09-18 10:12:01.160 JST" Interest="4.0" Kind="edit" Navigation="null" OriginId="org.eclipse.jdt.ui.CompilationUnitEditor" StartDate="2014-09-18 10:01:26.919 JST" StructureHandle="=SL3/src&amp;lt;sl3.utils{Methods.java[Methods~conv_IdsString_from_ToBuy_ItemIds" StructureKind="java" NumEvents="4" CreationCount="1436"/><InteractionEvent Delta="null" EndDate="2014-09-18 09:17:53.237 JST" Interest="38.318" Kind="propagation" Navigation="org.eclipse.mylyn.core.model.edges.containment" OriginId="org.eclipse.mylyn.core.model.interest.propagation" StartDate="2014-09-18 08:48:15.367 JST" StructureHandle="=SL3/src&amp;lt;sl3.items{PS.java[PS" StructureKind="java" NumEvents="54" CreationCount="502"/><InteractionEvent Delta="null" EndDate="2014-09-18 09:20:35.699 JST" Interest="14.0" Kind="selection" Navigation="null" OriginId="org.eclipse.jdt.ui.CompilationUnitEditor" StartDate="2014-09-18 08:48:28.340 JST" StructureHandle="=SL3/src&amp;lt;sl3.items{PS.java[PS" StructureKind="java" NumEvents="14" CreationCount="502"/><InteractionEvent Delta="null" EndDate="2014-09-18 09:18:59.94 JST" Interest="8.0" Kind="edit" Navigation="null" OriginId="org.eclipse.jdt.ui.CompilationUnitEditor" StartDate="2014-09-18 08:48:33.252 JST" StructureHandle="=SL3/src&amp;lt;sl3.items{PS.java[PS" StructureKind="java" NumEvents="8" CreationCount="502"/><InteractionEvent Delta="null" EndDate="2014-09-18 10:14:44.993 JST" Interest="23.0" Kind="propagation" Navigation="null" OriginId="org.eclipse.jdt.ui.CompilationUnitEditor" StartDate="2014-09-18 09:51:40.225 JST" StructureHandle="/SL3/src/sl3/listeners/list/LOI_CL.java" StructureKind="resource" NumEvents="23" CreationCount="1324"/><InteractionEvent Delta="null" EndDate="2014-09-18 08:21:58.849 JST" Interest="2.0" Kind="selection" Navigation="null" OriginId="org.eclipse.jdt.ui.CompilationUnitEditor" StartDate="2014-09-18 08:16:01.728 JST" StructureHandle="=SL3/src&amp;lt;sl3.utils{Methods.java[Methods~filterList2~QActivity;~QDialog;" StructureKind="java" NumEvents="2" CreationCount="34"/><InteractionEvent Delta="null" EndDate="2014-09-18 08:22:41.83 JST" Interest="5.0" Kind="edit" Navigation="null" OriginId="org.eclipse.jdt.ui.CompilationUnitEditor" StartDate="2014-09-18 08:16:03.31 JST" StructureHandle="=SL3/src&amp;lt;sl3.utils{Methods.java[Methods~filterList2~QActivity;~QDialog;" StructureKind="java" NumEvents="5" CreationCount="34"/><InteractionEvent Delta="null" EndDate="2014-09-18 08:16:57.105 JST" Interest="3.0" Kind="selection" Navigation="null" OriginId="org.eclipse.jdt.ui.CompilationUnitEditor" StartDate="2014-09-18 08:16:55.516 JST" StructureHandle="=SL3/src&amp;lt;sl3.utils{Methods_dlg.java[Methods_dlg~dlg_OptMenu_DB~QActivity;" StructureKind="java" NumEvents="3" CreationCount="56"/><InteractionEvent Delta="null" EndDate="2014-09-18 10:14:44.993 JST" Interest="3.0" Kind="selection" Navigation="null" OriginId="org.eclipse.jdt.ui.CompilationUnitEditor" StartDate="2014-09-18 09:52:07.551 JST" StructureHandle="=SL3/src&amp;lt;sl3.listeners.list{LOI_CL.java[LOI_CL~load_toBuyList~QAdapterView\&amp;lt;*&amp;gt;;~I" StructureKind="java" NumEvents="3" CreationCount="1333"/><InteractionEvent Delta="null" EndDate="2014-09-18 09:52:24.440 JST" Interest="8.0" Kind="edit" Navigation="null" OriginId="org.eclipse.jdt.ui.CompilationUnitEditor" StartDate="2014-09-18 09:52:08.989 JST" StructureHandle="=SL3/src&amp;lt;sl3.listeners.list{LOI_CL.java[LOI_CL~load_toBuyList~QAdapterView\&amp;lt;*&amp;gt;;~I" StructureKind="java" NumEvents="8" CreationCount="1333"/><InteractionEvent Delta="null" EndDate="2014-09-18 09:59:06.671 JST" Interest="256.951" Kind="propagation" Navigation="org.eclipse.mylyn.core.model.edges.containment" OriginId="org.eclipse.mylyn.core.model.interest.propagation" StartDate="2014-09-18 06:51:56.889 JST" StructureHandle="=SL3/src&amp;lt;sl3.utils{Methods_sl.java[Methods_sl" StructureKind="java" NumEvents="364" CreationCount="9"/><InteractionEvent Delta="null" EndDate="2014-09-18 09:56:12.383 JST" Interest="9.0" Kind="selection" Navigation="null" OriginId="org.eclipse.jdt.ui.CompilationUnitEditor" StartDate="2014-09-18 08:15:46.976 JST" StructureHandle="=SL3/src&amp;lt;sl3.utils{Methods_sl.java[Methods_sl" StructureKind="java" NumEvents="9" CreationCount="9"/><InteractionEvent Delta="null" EndDate="2014-09-18 08:47:22.178 JST" Interest="2.0" Kind="edit" Navigation="null" OriginId="org.eclipse.jdt.ui.CompilationUnitEditor" StartDate="2014-09-18 08:15:47.782 JST" StructureHandle="=SL3/src&amp;lt;sl3.utils{Methods_sl.java[Methods_sl" StructureKind="java" NumEvents="2" CreationCount="9"/><InteractionEvent Delta="null" EndDate="2014-09-18 10:12:11.821 JST" Interest="181.0" Kind="propagation" Navigation="null" OriginId="org.eclipse.jdt.ui.CompilationUnitEditor" StartDate="2014-09-18 08:48:10.22 JST" StructureHandle="/SL3/src/sl3/items/PS.java" StructureKind="resource" NumEvents="181" CreationCount="500"/><InteractionEvent Delta="null" EndDate="2014-09-18 08:48:17.529 JST" Interest="2.0" Kind="selection" Navigation="null" OriginId="org.eclipse.ui.views.ContentOutline" StartDate="2014-09-18 08:48:15.367 JST" StructureHandle="=SL3/src&amp;lt;sl3.items{PS.java[PS~getDbId" StructureKind="java" NumEvents="2" CreationCount="502"/><InteractionEvent Delta="null" EndDate="2014-09-18 09:19:17.80 JST" Interest="1.0" Kind="selection" Navigation="null" OriginId="org.eclipse.ui.views.ContentOutline" StartDate="2014-09-18 09:19:17.80 JST" StructureHandle="=SL3/src&amp;lt;sl3.items{PS.java[PS~getAmount" StructureKind="java"/><InteractionEvent Delta="null" EndDate="2014-09-18 09:19:24.929 JST" Interest="2.0" Kind="edit" Navigation="null" OriginId="org.eclipse.jdt.ui.CompilationUnitEditor" StartDate="2014-09-18 09:19:24.909 JST" StructureHandle="=SL3/src&amp;lt;sl3.items{PS.java[PS~getAmount" StructureKind="java" NumEvents="2" CreationCount="779"/><InteractionEvent Delta="null" EndDate="2014-09-18 09:19:59.429 JST" Interest="1.0" Kind="selection" Navigation="null" OriginId="org.eclipse.jdt.ui.CompilationUnitEditor" StartDate="2014-09-18 09:19:59.429 JST" StructureHandle="=SL3/src&amp;lt;sl3.items{PS.java[PS~getDueDate" StructureKind="java"/><InteractionEvent Delta="null" EndDate="2014-09-18 10:06:18.356 JST" Interest="30.0" Kind="selection" Navigation="null" OriginId="org.eclipse.jdt.ui.CompilationUnitEditor" StartDate="2014-09-18 08:16:24.2 JST" StructureHandle="=SL3/src&amp;lt;sl3.listeners.dialog{DB_OCL.java[DB_OCL~case_DLG_SAVE_TOBUY_LIST_BT_OK" StructureKind="java" NumEvents="30" CreationCount="44"/><InteractionEvent Delta="null" EndDate="2014-09-18 10:06:08.220 JST" Interest="67.0" Kind="edit" Navigation="null" OriginId="org.eclipse.jdt.ui.CompilationUnitEditor" StartDate="2014-09-18 08:16:24.599 JST" StructureHandle="=SL3/src&amp;lt;sl3.listeners.dialog{DB_OCL.java[DB_OCL~case_DLG_SAVE_TOBUY_LIST_BT_OK" StructureKind="java" NumEvents="67" CreationCount="44"/><InteractionEvent Delta="null" EndDate="2014-09-18 10:14:09.958 JST" Interest="439.017" Kind="propagation" Navigation="org.eclipse.mylyn.core.model.edges.containment" OriginId="org.eclipse.mylyn.core.model.interest.propagation" StartDate="2014-09-18 08:16:08.645 JST" StructureHandle="/SL3/src/sl3/listeners" StructureKind="resource" NumEvents="441" CreationCount="39"/><InteractionEvent Delta="null" EndDate="2014-09-18 09:20:09.777 JST" Interest="3.0" Kind="selection" Navigation="null" OriginId="org.eclipse.jdt.ui.CompilationUnitEditor" StartDate="2014-09-18 09:11:36.904 JST" StructureHandle="=SL3/src&amp;lt;sl3.items{PS.java[PS~setCreated_at~QString;" StructureKind="java" NumEvents="3" CreationCount="585"/><InteractionEvent Delta="null" EndDate="2014-09-18 09:20:09.777 JST" Interest="1.5530002" Kind="manipulation" Navigation="null" OriginId="org.eclipse.mylyn.core.model.interest.decay.correction" StartDate="2014-09-18 09:20:09.777 JST" StructureHandle="=SL3/src&amp;lt;sl3.items{PS.java[PS~setCreated_at~QString;" StructureKind="java"/><InteractionEvent Delta="null" EndDate="2014-09-18 10:06:21.857 JST" Interest="17.0" Kind="selection" Navigation="null" OriginId="org.eclipse.jdt.ui.CompilationUnitEditor" StartDate="2014-09-18 08:17:35.235 JST" StructureHandle="=SL3/src&amp;lt;sl3.listeners.dialog{DB_OCL.java[DB_OCL~case_dlg_scheduleInDb_ok" StructureKind="java" NumEvents="17" CreationCount="77"/><InteractionEvent Delta="null" EndDate="2014-09-18 10:07:05.277 JST" Interest="78.0" Kind="edit" Navigation="null" OriginId="org.eclipse.jdt.ui.CompilationUnitEditor" StartDate="2014-09-18 08:17:39.394 JST" StructureHandle="=SL3/src&amp;lt;sl3.listeners.dialog{DB_OCL.java[DB_OCL~case_dlg_scheduleInDb_ok" StructureKind="java" NumEvents="78" CreationCount="77"/><InteractionEvent Delta="null" EndDate="2014-09-18 10:18:14.216 JST" Interest="1096.0339" Kind="propagation" Navigation="org.eclipse.mylyn.core.model.edges.containment" OriginId="org.eclipse.mylyn.core.model.interest.propagation" StartDate="2014-09-18 06:51:38.297 JST" StructureHandle="/SL3/src/sl3" StructureKind="resource" NumEvents="1101" CreationCount="3"/><InteractionEvent Delta="null" EndDate="2014-09-18 09:51:42.630 JST" Interest="1.0" Kind="selection" Navigation="null" OriginId="org.eclipse.jdt.ui.CompilationUnitEditor" StartDate="2014-09-18 09:51:42.630 JST" StructureHandle="=SL3/src&amp;lt;sl3.listeners.list{LOI_CL.java[LOI_CL~case_delete_toBuyList~QAdapterView\&amp;lt;*&amp;gt;;~I" StructureKind="java"/><InteractionEvent Delta="null" EndDate="2014-09-18 09:52:03.538 JST" Interest="7.0" Kind="edit" Navigation="null" OriginId="org.eclipse.jdt.ui.CompilationUnitEditor" StartDate="2014-09-18 09:51:44.111 JST" StructureHandle="=SL3/src&amp;lt;sl3.listeners.list{LOI_CL.java[LOI_CL~case_delete_toBuyList~QAdapterView\&amp;lt;*&amp;gt;;~I" StructureKind="java" NumEvents="7" CreationCount="1325"/><InteractionEvent Delta="null" EndDate="2014-09-18 09:20:56.230 JST" Interest="1.0" Kind="selection" Navigation="null" OriginId="org.eclipse.jdt.ui.CompilationUnitEditor" StartDate="2014-09-18 09:20:56.230 JST" StructureHandle="=SL3/src&amp;lt;sl3.items{PS.java[PS[Builder~setModified_at~QString;" StructureKind="java"/><InteractionEvent Delta="null" EndDate="2014-09-18 06:51:27.768 JST" Interest="1.0" Kind="propagation" Navigation="null" OriginId="org.eclipse.ui.views.ResourceNavigator" StartDate="2014-09-18 06:51:27.768 JST" StructureHandle="/ShoppingList" StructureKind="resource"/><InteractionEvent Delta="null" EndDate="2014-09-18 10:14:09.958 JST" Interest="10.0" Kind="selection" Navigation="null" OriginId="org.eclipse.jdt.ui.CompilationUnitEditor" StartDate="2014-09-18 10:05:13.417 JST" StructureHandle="=SL3/src&amp;lt;sl3.listeners.dialog{DB_OCL.java[DB_OCL~_case_case_DLG_SAVE_TOBUY_LIST_BT_OK_execute~QSpinner;~QString;~QString;" StructureKind="java" NumEvents="10" CreationCount="1499"/><InteractionEvent Delta="null" EndDate="2014-09-18 10:13:48.498 JST" Interest="27.0" Kind="edit" Navigation="null" OriginId="org.eclipse.jdt.ui.CompilationUnitEditor" StartDate="2014-09-18 10:05:15.623 JST" StructureHandle="=SL3/src&amp;lt;sl3.listeners.dialog{DB_OCL.java[DB_OCL~_case_case_DLG_SAVE_TOBUY_LIST_BT_OK_execute~QSpinner;~QString;~QString;" StructureKind="java" NumEvents="27" CreationCount="1499"/><InteractionEvent Delta="null" EndDate="2014-09-18 09:19:38.902 JST" Interest="2.0" Kind="selection" Navigation="null" OriginId="org.eclipse.jdt.ui.CompilationUnitEditor" StartDate="2014-09-18 09:19:33.478 JST" StructureHandle="=SL3/src&amp;lt;sl3.items{PS.java[PS~getCreated_at" StructureKind="java" NumEvents="2" CreationCount="786"/><InteractionEvent Delta="null" EndDate="2014-09-18 09:19:51.395 JST" Interest="3.0" Kind="edit" Navigation="null" OriginId="org.eclipse.jdt.ui.CompilationUnitEditor" StartDate="2014-09-18 09:19:36.220 JST" StructureHandle="=SL3/src&amp;lt;sl3.items{PS.java[PS~getCreated_at" StructureKind="java" NumEvents="3" CreationCount="786"/><InteractionEvent Delta="null" EndDate="2014-09-18 09:17:14.416 JST" Interest="4.7510004" Kind="propagation" Navigation="org.eclipse.mylyn.core.model.edges.containment" OriginId="org.eclipse.mylyn.core.model.interest.propagation" StartDate="2014-09-18 09:07:44.840 JST" StructureHandle="=SL3/src&amp;lt;sl3.items{MI.java[MI" StructureKind="java" NumEvents="7" CreationCount="515"/><InteractionEvent Delta="null" EndDate="2014-09-18 09:07:46.664 JST" Interest="1.0" Kind="selection" Navigation="null" OriginId="org.eclipse.jdt.ui.CompilationUnitEditor" StartDate="2014-09-18 09:07:46.664 JST" StructureHandle="=SL3/src&amp;lt;sl3.items{MI.java[MI" StructureKind="java"/><InteractionEvent Delta="null" EndDate="2014-09-18 09:07:48.189 JST" Interest="1.0" Kind="edit" Navigation="null" OriginId="org.eclipse.jdt.ui.CompilationUnitEditor" StartDate="2014-09-18 09:07:48.189 JST" StructureHandle="=SL3/src&amp;lt;sl3.items{MI.java[MI" StructureKind="java"/><InteractionEvent Delta="null" EndDate="2014-09-18 06:52:00.494 JST" Interest="2.0" Kind="selection" Navigation="null" OriginId="org.eclipse.ui.views.ContentOutline" StartDate="2014-09-18 06:51:56.888 JST" StructureHandle="=SL3/src&amp;lt;sl3.utils{Methods_sl.java[Methods_sl~refactorData~QActivity;~QSQLiteDatabase;~QDBUtils;~QString;~QCursor;" StructureKind="java" NumEvents="2" CreationCount="9"/><InteractionEvent Delta="null" EndDate="2014-09-18 10:18:14.216 JST" Interest="1096.0339" Kind="propagation" Navigation="null" OriginId="org.eclipse.jdt.ui.CompilationUnitEditor" StartDate="2014-09-18 06:51:38.297 JST" StructureHandle="/SL3/src/sl3/utils" StructureKind="resource" NumEvents="1098" CreationCount="3"/><InteractionEvent Delta="null" EndDate="2014-09-18 08:16:53.537 JST" Interest="1.0" Kind="selection" Navigation="null" OriginId="org.eclipse.ui.views.ContentOutline" StartDate="2014-09-18 08:16:53.537 JST" StructureHandle="=SL3/src&amp;lt;sl3.utils{Methods_dlg.java%sl3.utils" StructureKind="java"/><InteractionEvent Delta="null" EndDate="2014-09-18 10:14:15.767 JST" Interest="31.62" Kind="propagation" Navigation="org.eclipse.mylyn.core.model.edges.containment" OriginId="org.eclipse.mylyn.core.model.interest.propagation" StartDate="2014-09-18 09:17:05.988 JST" StructureHandle="=SL3/src&amp;lt;sl3.utils{CONS.java[CONS" StructureKind="java" NumEvents="29" CreationCount="710"/><InteractionEvent Delta="null" EndDate="2014-09-18 10:12:46.503 JST" Interest="1.0" Kind="selection" Navigation="null" OriginId="org.eclipse.jdt.ui.CompilationUnitEditor" StartDate="2014-09-18 10:12:46.503 JST" StructureHandle="=SL3/src&amp;lt;sl3.utils{DBUtils.java[DBUtils~storeData_withTimeStamp~QSQLiteDatabase;~QString;~\[QString;~\[QString;" StructureKind="java"/><InteractionEvent Delta="null" EndDate="2014-09-18 09:20:17.682 JST" Interest="2.0" Kind="selection" Navigation="null" OriginId="org.eclipse.jdt.ui.CompilationUnitEditor" StartDate="2014-09-18 09:07:30.328 JST" StructureHandle="=SL3/src&amp;lt;sl3.items{PS.java[PS~setDueDate~QString;" StructureKind="java" NumEvents="2" CreationCount="510"/><InteractionEvent Delta="null" EndDate="2014-09-18 09:20:17.682 JST" Interest="3.8620005" Kind="manipulation" Navigation="null" OriginId="org.eclipse.mylyn.core.model.interest.decay.correction" StartDate="2014-09-18 09:20:17.682 JST" StructureHandle="=SL3/src&amp;lt;sl3.items{PS.java[PS~setDueDate~QString;" StructureKind="java"/><InteractionEvent Delta="null" EndDate="2014-09-18 10:14:44.993 JST" Interest="23.0" Kind="propagation" Navigation="org.eclipse.mylyn.core.model.edges.containment" OriginId="org.eclipse.mylyn.core.model.interest.propagation" StartDate="2014-09-18 09:51:40.225 JST" StructureHandle="/SL3/src/sl3/listeners/list" StructureKind="resource" NumEvents="23" CreationCount="1324"/><InteractionEvent Delta="null" EndDate="2014-09-18 10:07:33.384 JST" Interest="14.0" Kind="selection" Navigation="null" OriginId="org.eclipse.jdt.ui.CompilationUnitEditor" StartDate="2014-09-18 09:15:25.21 JST" StructureHandle="=SL3/src&amp;lt;sl3.utils{DBUtils.java[DBUtils~find_ALL_PSs~QActivity;" StructureKind="java" NumEvents="14" CreationCount="662"/><InteractionEvent Delta="null" EndDate="2014-09-18 09:41:20.790 JST" Interest="148.0" Kind="edit" Navigation="null" OriginId="org.eclipse.jdt.ui.CompilationUnitEditor" StartDate="2014-09-18 09:15:27.335 JST" StructureHandle="=SL3/src&amp;lt;sl3.utils{DBUtils.java[DBUtils~find_ALL_PSs~QActivity;" StructureKind="java" NumEvents="148" CreationCount="662"/><InteractionEvent Delta="null" EndDate="2014-09-18 09:16:05.456 JST" Interest="2.4680002" Kind="propagation" Navigation="org.eclipse.mylyn.core.model.edges.containment" OriginId="org.eclipse.mylyn.core.model.interest.propagation" StartDate="2014-09-18 09:07:44.840 JST" StructureHandle="=SL3/src&amp;lt;sl3.items{MI.java" StructureKind="java" NumEvents="6" CreationCount="514"/><InteractionEvent Delta="null" EndDate="2014-09-18 09:17:19.191 JST" Interest="6.0" Kind="selection" Navigation="null" OriginId="org.eclipse.jdt.ui.PackageExplorer" StartDate="2014-09-18 09:07:43.195 JST" StructureHandle="=SL3/src&amp;lt;sl3.items{MI.java" StructureKind="java" NumEvents="6" CreationCount="514"/><InteractionEvent Delta="null" EndDate="2014-09-18 09:19:05.954 JST" Interest="1.0" Kind="selection" Navigation="null" OriginId="org.eclipse.jdt.ui.CompilationUnitEditor" StartDate="2014-09-18 09:19:05.954 JST" StructureHandle="=SL3/src&amp;lt;sl3.items{PS.java[PS^storeName" StructureKind="java"/><InteractionEvent Delta="null" EndDate="2014-09-18 10:15:20.953 JST" Interest="1.0" Kind="selection" Navigation="null" OriginId="org.eclipse.jdt.ui.CompilationUnitEditor" StartDate="2014-09-18 10:15:20.953 JST" StructureHandle="=SL3/src&amp;lt;sl3.utils{DBUtils.java[DBUtils~getDbId_PS~QString;~J" StructureKind="java"/><InteractionEvent Delta="null" EndDate="2014-09-18 10:14:44.678 JST" Interest="12.0" Kind="propagation" Navigation="null" OriginId="org.eclipse.jdt.ui.CompilationUnitEditor" StartDate="2014-09-18 09:52:36.316 JST" StructureHandle="/SL3/src/sl3/adapters/PSListAdapter.java" StructureKind="resource" NumEvents="12" CreationCount="1343"/><InteractionEvent Delta="null" EndDate="2014-09-18 10:12:11.822 JST" Interest="198.017" Kind="propagation" Navigation="null" OriginId="org.eclipse.jdt.ui.CompilationUnitEditor" StartDate="2014-09-18 08:48:06.747 JST" StructureHandle="/SL3/src/sl3/items" StructureKind="resource" NumEvents="199" CreationCount="499"/><InteractionEvent Delta="null" EndDate="2014-09-18 08:17:15.310 JST" Interest="1.0" Kind="prediction" Navigation="null" OriginId="org.eclipse.mylyn.resources.ui.interest.updater" StartDate="2014-09-18 08:17:15.310 JST" StructureHandle="=SL3/src&amp;lt;sl3.listeners.dialog{DOI_CL.java" StructureKind="java"/><InteractionEvent Delta="null" EndDate="2014-09-18 09:18:54.889 JST" Interest="1.0" Kind="selection" Navigation="null" OriginId="org.eclipse.jdt.ui.CompilationUnitEditor" StartDate="2014-09-18 09:18:54.889 JST" StructureHandle="=SL3/src&amp;lt;sl3.items{PS.java[PS^dueDate" StructureKind="java"/><InteractionEvent Delta="null" EndDate="2014-09-18 09:18:57.350 JST" Interest="2.0" Kind="edit" Navigation="null" OriginId="org.eclipse.jdt.ui.CompilationUnitEditor" StartDate="2014-09-18 09:18:56.359 JST" StructureHandle="=SL3/src&amp;lt;sl3.items{PS.java[PS^dueDate" StructureKind="java" NumEvents="2" CreationCount="768"/><InteractionEvent Delta="null" EndDate="2014-09-18 09:46:48.674 JST" Interest="1.0" Kind="selection" Navigation="null" OriginId="org.eclipse.jdt.ui.CompilationUnitEditor" StartDate="2014-09-18 09:46:48.674 JST" StructureHandle="=SL3/src&amp;lt;sl3.utils{Methods_sl.java[Methods_sl~getPSList~QActivity;" StructureKind="java"/><InteractionEvent Delta="null" EndDate="2014-09-18 09:47:34.692 JST" Interest="25.0" Kind="edit" Navigation="null" OriginId="org.eclipse.jdt.ui.CompilationUnitEditor" StartDate="2014-09-18 09:46:49.312 JST" StructureHandle="=SL3/src&amp;lt;sl3.utils{Methods_sl.java[Methods_sl~getPSList~QActivity;" StructureKind="java" NumEvents="25" CreationCount="1209"/><InteractionEvent Delta="null" EndDate="2014-09-18 10:18:14.215 JST" Interest="369.0" Kind="propagation" Navigation="null" OriginId="org.eclipse.jdt.ui.CompilationUnitEditor" StartDate="2014-09-18 06:51:42.426 JST" StructureHandle="/SL3/src/sl3/utils/DBUtils.java" StructureKind="resource" NumEvents="369" CreationCount="5"/><InteractionEvent Delta="null" EndDate="2014-09-18 09:14:07.653 JST" Interest="8.9140005" Kind="manipulation" Navigation="null" OriginId="org.eclipse.mylyn.core.model.interest.decay.correction" StartDate="2014-09-18 09:14:07.653 JST" StructureHandle="/SL3/src/sl3/utils/DBUtils.java" StructureKind="resource"/><InteractionEvent Delta="null" EndDate="2014-09-18 07:06:17.310 JST" Interest="1.0" Kind="selection" Navigation="null" OriginId="org.eclipse.jdt.ui.CompilationUnitEditor" StartDate="2014-09-18 07:06:17.310 JST" StructureHandle="=SL3/src&amp;lt;sl3.utils{Methods.java[Methods~getDateArrayFromLongData~J" StructureKind="java"/><InteractionEvent Delta="null" EndDate="2014-09-18 08:06:12.600 JST" Interest="1.0" Kind="edit" Navigation="null" OriginId="org.eclipse.jdt.ui.CompilationUnitEditor" StartDate="2014-09-18 08:06:12.600 JST" StructureHandle="=SL3/src&amp;lt;sl3.utils{Methods.java[Methods~getDateArrayFromLongData~J" StructureKind="java"/><InteractionEvent Delta="null" EndDate="2014-09-18 09:20:53.532 JST" Interest="3.0" Kind="selection" Navigation="null" OriginId="org.eclipse.jdt.ui.CompilationUnitEditor" StartDate="2014-09-18 09:18:26.314 JST" StructureHandle="=SL3/src&amp;lt;sl3.items{PS.java[PS[Builder~setCreated_at~QString;" StructureKind="java" NumEvents="3" CreationCount="757"/><InteractionEvent Delta="null" EndDate="2014-09-18 09:20:35.699 JST" Interest="44.252003" Kind="propagation" Navigation="org.eclipse.mylyn.core.model.edges.containment" OriginId="org.eclipse.mylyn.core.model.interest.propagation" StartDate="2014-09-18 08:48:17.531 JST" StructureHandle="=SL3/src&amp;lt;sl3.items{PS.java" StructureKind="java" NumEvents="66" CreationCount="500"/><InteractionEvent Delta="null" EndDate="2014-09-18 10:12:11.821 JST" Interest="16.0" Kind="selection" Navigation="null" OriginId="org.eclipse.jdt.ui.CompilationUnitEditor" StartDate="2014-09-18 08:48:10.21 JST" StructureHandle="=SL3/src&amp;lt;sl3.items{PS.java" StructureKind="java" NumEvents="16" CreationCount="500"/><InteractionEvent Delta="null" EndDate="2014-09-18 09:08:57.640 JST" Interest="1.0" Kind="edit" Navigation="null" OriginId="org.eclipse.jdt.ui.CompilationUnitEditor" StartDate="2014-09-18 09:08:57.640 JST" StructureHandle="=SL3/src&amp;lt;sl3.items{PS.java" StructureKind="java"/><InteractionEvent Delta="null" EndDate="2014-09-18 10:08:07.585 JST" Interest="1.0" Kind="selection" Navigation="null" OriginId="org.eclipse.jdt.ui.CompilationUnitEditor" StartDate="2014-09-18 10:08:07.585 JST" StructureHandle="=SL3/src&amp;lt;sl3.utils{CONS.java[CONS[DB^col_Names_PS" StructureKind="java"/><InteractionEvent Delta="null" EndDate="2014-09-18 10:14:44.823 JST" Interest="9.753" Kind="propagation" Navigation="org.eclipse.mylyn.core.model.edges.containment" OriginId="org.eclipse.mylyn.core.model.interest.propagation" StartDate="2014-09-18 09:51:40.225 JST" StructureHandle="=SL3/src&amp;lt;sl3.listeners.list" StructureKind="java" NumEvents="14" CreationCount="1324"/><InteractionEvent Delta="null" EndDate="2014-09-18 10:14:15.767 JST" Interest="16.451" Kind="propagation" Navigation="org.eclipse.mylyn.core.model.edges.containment" OriginId="org.eclipse.mylyn.core.model.interest.propagation" StartDate="2014-09-18 09:17:05.989 JST" StructureHandle="=SL3/src&amp;lt;sl3.utils{CONS.java" StructureKind="java" NumEvents="26" CreationCount="709"/><InteractionEvent Delta="null" EndDate="2014-09-18 10:14:13.965 JST" Interest="8.0" Kind="selection" Navigation="null" OriginId="org.eclipse.jdt.ui.CompilationUnitEditor" StartDate="2014-09-18 09:17:05.288 JST" StructureHandle="=SL3/src&amp;lt;sl3.utils{CONS.java" StructureKind="java" NumEvents="8" CreationCount="709"/><InteractionEvent Delta="null" EndDate="2014-09-18 10:08:06.904 JST" Interest="7.186001" Kind="manipulation" Navigation="null" OriginId="org.eclipse.mylyn.core.model.interest.decay.correction" StartDate="2014-09-18 10:08:06.904 JST" StructureHandle="=SL3/src&amp;lt;sl3.utils{CONS.java" StructureKind="java"/><InteractionEvent Delta="null" EndDate="2014-09-18 09:20:47.424 JST" Interest="1.0" Kind="selection" Navigation="null" OriginId="org.eclipse.jdt.ui.CompilationUnitEditor" StartDate="2014-09-18 09:20:47.424 JST" StructureHandle="=SL3/src&amp;lt;sl3.items{PS.java[PS[Builder^dueDate" StructureKind="java"/><InteractionEvent Delta="null" EndDate="2014-09-18 09:41:13.671 JST" Interest="6.0" Kind="selection" Navigation="null" OriginId="org.eclipse.jdt.ui.CompilationUnitEditor" StartDate="2014-09-18 09:14:12.604 JST" StructureHandle="=SL3/src&amp;lt;sl3.utils{DBUtils.java[DBUtils~find_ALL_SIs~QActivity;" StructureKind="java" NumEvents="6" CreationCount="651"/><InteractionEvent Delta="null" EndDate="2014-09-18 09:15:23.482 JST" Interest="4.0" Kind="edit" Navigation="null" OriginId="org.eclipse.jdt.ui.CompilationUnitEditor" StartDate="2014-09-18 09:14:13.187 JST" StructureHandle="=SL3/src&amp;lt;sl3.utils{DBUtils.java[DBUtils~find_ALL_SIs~QActivity;" StructureKind="java" NumEvents="4" CreationCount="651"/><InteractionEvent Delta="null" EndDate="2014-09-18 09:53:35.651 JST" Interest="32.4" Kind="propagation" Navigation="org.eclipse.mylyn.core.model.edges.containment" OriginId="org.eclipse.mylyn.core.model.interest.propagation" StartDate="2014-09-18 09:47:39.9 JST" StructureHandle="=SL3/src&amp;lt;sl3.utils{Methods_sl.java[Methods_sl~sortPSList~QList\&amp;lt;QPS;&amp;gt;;~QSortTags;" StructureKind="java" NumEvents="45" CreationCount="1235"/><InteractionEvent Delta="null" EndDate="2014-09-18 09:49:53.51 JST" Interest="2.0" Kind="selection" Navigation="null" OriginId="org.eclipse.jdt.ui.CompilationUnitEditor" StartDate="2014-09-18 09:49:39.58 JST" StructureHandle="=SL3/src&amp;lt;sl3.utils{Methods_sl.java[Methods_sl~sortPSList~QList\&amp;lt;QPS;&amp;gt;;~QSortTags;" StructureKind="java" NumEvents="2" CreationCount="1235"/><InteractionEvent Delta="null" EndDate="2014-09-18 10:05:10.215 JST" Interest="98.594" Kind="propagation" Navigation="org.eclipse.mylyn.core.model.edges.containment" OriginId="org.eclipse.mylyn.core.model.interest.propagation" StartDate="2014-09-18 08:16:15.169 JST" StructureHandle="=SL3/src&amp;lt;sl3.listeners.dialog{DB_OCL.java[DB_OCL" StructureKind="java" NumEvents="139" CreationCount="43"/><InteractionEvent Delta="null" EndDate="2014-09-18 10:05:49.899 JST" Interest="12.0" Kind="selection" Navigation="null" OriginId="org.eclipse.jdt.ui.CompilationUnitEditor" StartDate="2014-09-18 08:24:49.839 JST" StructureHandle="=SL3/src&amp;lt;sl3.listeners.dialog{DB_OCL.java[DB_OCL" StructureKind="java" NumEvents="12" CreationCount="43"/><InteractionEvent Delta="null" EndDate="2014-09-18 10:01:17.692 JST" Interest="10.0" Kind="edit" Navigation="null" OriginId="org.eclipse.jdt.ui.CompilationUnitEditor" StartDate="2014-09-18 08:24:50.366 JST" StructureHandle="=SL3/src&amp;lt;sl3.listeners.dialog{DB_OCL.java[DB_OCL" StructureKind="java" NumEvents="10" CreationCount="43"/><InteractionEvent Delta="null" EndDate="2014-09-18 08:23:49.12 JST" Interest="1.0" Kind="selection" Navigation="null" OriginId="org.eclipse.jdt.ui.CompilationUnitEditor" StartDate="2014-09-18 08:23:49.12 JST" StructureHandle="=SL3/src&amp;lt;sl3.listeners.dialog{DB_OCL.java[DB_OCL~DB_OCL~QActivity;~QDialog;~QDialog;" StructureKind="java"/><InteractionEvent Delta="null" EndDate="2014-09-18 09:08:51.863 JST" Interest="1.0" Kind="selection" Navigation="null" OriginId="org.eclipse.jdt.ui.CompilationUnitEditor" StartDate="2014-09-18 09:08:51.863 JST" StructureHandle="=SL3/src&amp;lt;sl3.items{MI.java[MI[Builder~build" StructureKind="java"/><InteractionEvent Delta="null" EndDate="2014-09-18 09:59:06.672 JST" Interest="266.453" Kind="propagation" Navigation="org.eclipse.mylyn.core.model.edges.containment" OriginId="org.eclipse.mylyn.core.model.interest.propagation" StartDate="2014-09-18 06:51:39.837 JST" StructureHandle="=SL3/src&amp;lt;sl3.utils" StructureKind="java" NumEvents="385" CreationCount="3"/><InteractionEvent Delta="null" EndDate="2014-09-18 06:51:38.296 JST" Interest="1.0" Kind="selection" Navigation="null" OriginId="org.eclipse.jdt.ui.PackageExplorer" StartDate="2014-09-18 06:51:38.296 JST" StructureHandle="=SL3/src&amp;lt;sl3.utils" StructureKind="java"/><InteractionEvent Delta="null" EndDate="2014-09-18 09:19:55.483 JST" Interest="3.0" Kind="selection" Navigation="null" OriginId="org.eclipse.jdt.ui.CompilationUnitEditor" StartDate="2014-09-18 09:07:24.775 JST" StructureHandle="=SL3/src&amp;lt;sl3.items{PS.java[PS~getModified_at" StructureKind="java" NumEvents="3" CreationCount="509"/><InteractionEvent Delta="null" EndDate="2014-09-18 09:19:36.811 JST" Interest="3.743" Kind="manipulation" Navigation="null" OriginId="org.eclipse.mylyn.core.model.interest.decay.correction" StartDate="2014-09-18 09:19:36.811 JST" StructureHandle="=SL3/src&amp;lt;sl3.items{PS.java[PS~getModified_at" StructureKind="java"/><InteractionEvent Delta="null" EndDate="2014-09-18 10:14:44.677 JST" Interest="2.0" Kind="selection" Navigation="null" OriginId="org.eclipse.jdt.ui.CompilationUnitEditor" StartDate="2014-09-18 09:52:41.800 JST" StructureHandle="=SL3/src&amp;lt;sl3.adapters{PSListAdapter.java[PSListAdapter~getView~I~QView;~QViewGroup;" StructureKind="java" NumEvents="2" CreationCount="1345"/><InteractionEvent Delta="null" EndDate="2014-09-18 09:52:52.14 JST" Interest="6.0" Kind="edit" Navigation="null" OriginId="org.eclipse.jdt.ui.CompilationUnitEditor" StartDate="2014-09-18 09:52:43.204 JST" StructureHandle="=SL3/src&amp;lt;sl3.adapters{PSListAdapter.java[PSListAdapter~getView~I~QView;~QViewGroup;" StructureKind="java" NumEvents="6" CreationCount="1345"/><InteractionEvent Delta="null" EndDate="2014-09-18 10:14:44.677 JST" Interest="1.5320005" Kind="manipulation" Navigation="null" OriginId="org.eclipse.mylyn.core.model.interest.decay.correction" StartDate="2014-09-18 10:14:44.677 JST" StructureHandle="=SL3/src&amp;lt;sl3.adapters{PSListAdapter.java[PSListAdapter~getView~I~QView;~QViewGroup;" StructureKind="java"/><InteractionEvent Delta="null" EndDate="2014-09-18 09:59:06.672 JST" Interest="248.43599" Kind="propagation" Navigation="org.eclipse.mylyn.core.model.edges.containment" OriginId="org.eclipse.mylyn.core.model.interest.propagation" StartDate="2014-09-18 06:52:03.878 JST" StructureHandle="=SL3/src&amp;lt;sl3.utils{Methods_sl.java" StructureKind="java" NumEvents="355" CreationCount="4"/><InteractionEvent Delta="null" EndDate="2014-09-18 09:56:09.341 JST" Interest="19.0" Kind="selection" Navigation="null" OriginId="org.eclipse.jdt.ui.CompilationUnitEditor" StartDate="2014-09-18 06:51:39.835 JST" StructureHandle="=SL3/src&amp;lt;sl3.utils{Methods_sl.java" StructureKind="java" NumEvents="19" CreationCount="4"/><InteractionEvent Delta="null" EndDate="2014-09-18 09:13:21.652 JST" Interest="11.0" Kind="selection" Navigation="null" OriginId="org.eclipse.jdt.ui.CompilationUnitEditor" StartDate="2014-09-18 08:16:56.999 JST" StructureHandle="=SL3/src&amp;lt;sl3.utils{Methods_dlg.java[Methods_dlg~dlg_SaveToBuyList~QActivity;~QDialog;" StructureKind="java" NumEvents="11" CreationCount="57"/><InteractionEvent Delta="null" EndDate="2014-09-18 08:24:34.774 JST" Interest="15.0" Kind="edit" Navigation="null" OriginId="org.eclipse.jdt.ui.CompilationUnitEditor" StartDate="2014-09-18 08:16:57.608 JST" StructureHandle="=SL3/src&amp;lt;sl3.utils{Methods_dlg.java[Methods_dlg~dlg_SaveToBuyList~QActivity;~QDialog;" StructureKind="java" NumEvents="15" CreationCount="57"/><InteractionEvent Delta="null" EndDate="2014-09-18 09:17:16.136 JST" Interest="52.0" Kind="propagation" Navigation="null" OriginId="org.eclipse.jdt.ui.CompilationUnitEditor" StartDate="2014-09-18 08:16:51.248 JST" StructureHandle="/SL3/src/sl3/utils/Methods_dlg.java" StructureKind="resource" NumEvents="52" CreationCount="53"/><InteractionEvent Delta="null" EndDate="2014-09-18 09:56:16.789 JST" Interest="23.0" Kind="selection" Navigation="null" OriginId="org.eclipse.jdt.ui.CompilationUnitEditor" StartDate="2014-09-18 06:52:03.737 JST" StructureHandle="=SL3/src&amp;lt;sl3.utils{Methods_sl.java[Methods_sl~isInDb_PS~QActivity;~QString;~QCalendar;" StructureKind="java" NumEvents="23" CreationCount="12"/><InteractionEvent Delta="null" EndDate="2014-09-18 09:59:06.671 JST" Interest="349.0" Kind="edit" Navigation="null" OriginId="org.eclipse.jdt.ui.CompilationUnitEditor" StartDate="2014-09-18 06:52:04.363 JST" StructureHandle="=SL3/src&amp;lt;sl3.utils{Methods_sl.java[Methods_sl~isInDb_PS~QActivity;~QString;~QCalendar;" StructureKind="java" NumEvents="349" CreationCount="12"/><InteractionEvent Delta="null" EndDate="2014-09-18 09:53:35.651 JST" Interest="12.0" Kind="selection" Navigation="null" OriginId="org.eclipse.jdt.ui.CompilationUnitEditor" StartDate="2014-09-18 09:47:39.9 JST" StructureHandle="=SL3/src&amp;lt;sl3.utils{Methods_sl.java[Methods_sl~sortPSList~QList\&amp;lt;QPS;&amp;gt;;~QSortTags;[!2~compare~QPS;~QPS;" StructureKind="java" NumEvents="12" CreationCount="1235"/><InteractionEvent Delta="null" EndDate="2014-09-18 09:50:51.255 JST" Interest="32.0" Kind="edit" Navigation="null" OriginId="org.eclipse.jdt.ui.CompilationUnitEditor" StartDate="2014-09-18 09:47:40.493 JST" StructureHandle="=SL3/src&amp;lt;sl3.utils{Methods_sl.java[Methods_sl~sortPSList~QList\&amp;lt;QPS;&amp;gt;;~QSortTags;[!2~compare~QPS;~QPS;" StructureKind="java" NumEvents="32" CreationCount="1235"/><InteractionEvent Delta="null" EndDate="2014-09-18 06:51:27.768 JST" Interest="1.0" Kind="selection" Navigation="null" OriginId="org.eclipse.ui.views.ResourceNavigator" StartDate="2014-09-18 06:51:27.768 JST" StructureHandle="=ShoppingList" StructureKind="java"/><InteractionEvent Delta="null" EndDate="2014-09-18 08:16:24.94 JST" Interest="3.0" Kind="selection" Navigation="null" OriginId="org.eclipse.jdt.ui.CompilationUnitEditor" StartDate="2014-09-18 08:16:15.169 JST" StructureHandle="=SL3/src&amp;lt;sl3.listeners.dialog{DB_OCL.java[DB_OCL~case_ACTV_TAB_OPT_IMP_DATA~QDialogTags;" StructureKind="java" NumEvents="3" CreationCount="43"/><InteractionEvent Delta="null" EndDate="2014-09-18 08:24:42.851 JST" Interest="13.568001" Kind="propagation" Navigation="org.eclipse.mylyn.core.model.edges.containment" OriginId="org.eclipse.mylyn.core.model.interest.propagation" StartDate="2014-09-18 08:16:57.104 JST" StructureHandle="=SL3/src&amp;lt;sl3.utils{Methods_dlg.java" StructureKind="java" NumEvents="22" CreationCount="53"/><InteractionEvent Delta="null" EndDate="2014-09-18 09:17:15.976 JST" Interest="10.0" Kind="selection" Navigation="null" OriginId="org.eclipse.jdt.ui.CompilationUnitEditor" StartDate="2014-09-18 08:16:51.247 JST" StructureHandle="=SL3/src&amp;lt;sl3.utils{Methods_dlg.java" StructureKind="java" NumEvents="10" CreationCount="53"/><InteractionEvent Delta="null" EndDate="2014-09-18 09:09:05.612 JST" Interest="1.0" Kind="selection" Navigation="null" OriginId="org.eclipse.jdt.ui.CompilationUnitEditor" StartDate="2014-09-18 09:09:05.612 JST" StructureHandle="=SL3/src&amp;lt;sl3.items{PS.java[PS[Builder~build" StructureKind="java"/><InteractionEvent Delta="null" EndDate="2014-09-18 09:09:16.852 JST" Interest="4.0" Kind="edit" Navigation="null" OriginId="org.eclipse.jdt.ui.CompilationUnitEditor" StartDate="2014-09-18 09:09:06.846 JST" StructureHandle="=SL3/src&amp;lt;sl3.items{PS.java[PS[Builder~build" StructureKind="java" NumEvents="4" CreationCount="551"/><InteractionEvent Delta="null" EndDate="2014-09-18 10:14:09.958 JST" Interest="439.017" Kind="propagation" Navigation="org.eclipse.mylyn.core.model.edges.containment" OriginId="org.eclipse.mylyn.core.model.interest.propagation" StartDate="2014-09-18 08:16:08.645 JST" StructureHandle="/SL3/src/sl3/listeners/dialog" StructureKind="resource" NumEvents="441" CreationCount="39"/><InteractionEvent Delta="null" EndDate="2014-09-18 09:50:18.204 JST" Interest="11.0" Kind="selection" Navigation="null" OriginId="org.eclipse.jdt.ui.CompilationUnitEditor" StartDate="2014-09-18 09:47:53.475 JST" StructureHandle="=SL3/src&amp;lt;sl3.utils{Methods_sl.java[Methods_sl~sortPSList~QList\&amp;lt;QPS;&amp;gt;;~QSortTags;[~compare~QPS;~QPS;" StructureKind="java" NumEvents="11" CreationCount="1240"/><InteractionEvent Delta="null" EndDate="2014-09-18 09:50:15.621 JST" Interest="13.0" Kind="edit" Navigation="null" OriginId="org.eclipse.jdt.ui.CompilationUnitEditor" StartDate="2014-09-18 09:47:55.3 JST" StructureHandle="=SL3/src&amp;lt;sl3.utils{Methods_sl.java[Methods_sl~sortPSList~QList\&amp;lt;QPS;&amp;gt;;~QSortTags;[~compare~QPS;~QPS;" StructureKind="java" NumEvents="13" CreationCount="1240"/><InteractionEvent Delta="null" EndDate="2014-09-18 10:18:14.217 JST" Interest="1769.051" Kind="propagation" Navigation="null" OriginId="org.eclipse.jdt.ui.CompilationUnitEditor" StartDate="2014-09-18 06:51:32.537 JST" StructureHandle="/SL3/src" StructureKind="resource" NumEvents="1774" CreationCount="2"/><InteractionEvent Delta="null" EndDate="2014-09-18 09:20:13.80 JST" Interest="1.0" Kind="selection" Navigation="null" OriginId="org.eclipse.jdt.ui.CompilationUnitEditor" StartDate="2014-09-18 09:20:13.80 JST" StructureHandle="=SL3/src&amp;lt;sl3.items{PS.java[PS~setModified_at~QString;" StructureKind="java"/><InteractionEvent Delta="null" EndDate="2014-09-18 08:28:31.268 JST" Interest="5.0" Kind="selection" Navigation="null" OriginId="org.eclipse.jdt.ui.CompilationUnitEditor" StartDate="2014-09-18 08:17:34.235 JST" StructureHandle="=SL3/src&amp;lt;sl3.listeners.dialog{DB_OCL.java[DB_OCL~onClick~QView;" StructureKind="java" NumEvents="5" CreationCount="76"/><InteractionEvent Delta="null" EndDate="2014-09-18 08:27:19.224 JST" Interest="0.15900016" Kind="manipulation" Navigation="null" OriginId="org.eclipse.mylyn.core.model.interest.decay.correction" StartDate="2014-09-18 08:23:50.584 JST" StructureHandle="=SL3/src&amp;lt;sl3.listeners.dialog{DB_OCL.java[DB_OCL~onClick~QView;" StructureKind="java" NumEvents="2" CreationCount="76"/><InteractionEvent Delta="null" EndDate="2014-09-18 10:05:51.816 JST" Interest="99.645004" Kind="propagation" Navigation="org.eclipse.mylyn.core.model.edges.containment" OriginId="org.eclipse.mylyn.core.model.interest.propagation" StartDate="2014-09-18 08:16:24.90 JST" StructureHandle="=SL3/src&amp;lt;sl3.listeners.dialog{DB_OCL.java" StructureKind="java" NumEvents="147" CreationCount="40"/><InteractionEvent Delta="null" EndDate="2014-09-18 10:14:09.888 JST" Interest="23.0" Kind="selection" Navigation="null" OriginId="org.eclipse.jdt.ui.CompilationUnitEditor" StartDate="2014-09-18 08:16:11.147 JST" StructureHandle="=SL3/src&amp;lt;sl3.listeners.dialog{DB_OCL.java" StructureKind="java" NumEvents="23" CreationCount="40"/><InteractionEvent Delta="null" EndDate="2014-09-18 10:14:15.767 JST" Interest="31.62" Kind="propagation" Navigation="org.eclipse.mylyn.core.model.edges.containment" OriginId="org.eclipse.mylyn.core.model.interest.propagation" StartDate="2014-09-18 09:17:05.988 JST" StructureHandle="=SL3/src&amp;lt;sl3.utils{CONS.java[CONS[DB" StructureKind="java" NumEvents="29" CreationCount="710"/><InteractionEvent Delta="null" EndDate="2014-09-18 09:19:15.410 JST" Interest="2.0" Kind="selection" Navigation="null" OriginId="org.eclipse.ui.views.ContentOutline" StartDate="2014-09-18 09:19:12.786 JST" StructureHandle="=SL3/src&amp;lt;sl3.items{PS.java[PS~setStoreName~QString;" StructureKind="java" NumEvents="2" CreationCount="777"/><InteractionEvent Delta="null" EndDate="2014-09-18 10:15:41.545 JST" Interest="10.0" Kind="selection" Navigation="null" OriginId="org.eclipse.jdt.ui.CompilationUnitEditor" StartDate="2014-09-18 10:07:33.997 JST" StructureHandle="=SL3/src&amp;lt;sl3.utils{DBUtils.java[DBUtils~storeData_PS~QString;~QString;~QPS;" StructureKind="java" NumEvents="10" CreationCount="1556"/><InteractionEvent Delta="null" EndDate="2014-09-18 10:18:04.74 JST" Interest="23.0" Kind="edit" Navigation="null" OriginId="org.eclipse.jdt.ui.CompilationUnitEditor" StartDate="2014-09-18 10:07:34.809 JST" StructureHandle="=SL3/src&amp;lt;sl3.utils{DBUtils.java[DBUtils~storeData_PS~QString;~QString;~QPS;" StructureKind="java" NumEvents="23" CreationCount="1556"/><InteractionEvent Delta="null" EndDate="2014-09-18 10:18:18.438 JST" Interest="15.0" Kind="prediction" Navigation="null" OriginId="org.eclipse.mylyn.resources.ui.interest.updater" StartDate="2014-09-18 08:19:54.167 JST" StructureHandle="/SL3/bin/SL3.apk" StructureKind="resource" NumEvents="15" CreationCount="119"/><InteractionEvent Delta="null" EndDate="2014-09-18 09:11:33.363 JST" Interest="1.0" Kind="selection" Navigation="null" OriginId="org.eclipse.jdt.ui.CompilationUnitEditor" StartDate="2014-09-18 09:11:33.363 JST" StructureHandle="=SL3/src&amp;lt;sl3.items{PS.java[PS[Builder^dbId" StructureKind="java"/><InteractionEvent Delta="null" EndDate="2014-09-18 08:19:54.167 JST" Interest="1.0" Kind="prediction" Navigation="null" OriginId="org.eclipse.mylyn.resources.ui.interest.updater" StartDate="2014-09-18 08:19:54.167 JST" StructureHandle="/SL3/bin/resources.ap_" StructureKind="resource"/><InteractionEvent Delta="null" EndDate="2014-09-18 10:14:44.993 JST" Interest="8.736" Kind="propagation" Navigation="org.eclipse.mylyn.core.model.edges.containment" OriginId="org.eclipse.mylyn.core.model.interest.propagation" StartDate="2014-09-18 09:51:42.630 JST" StructureHandle="=SL3/src&amp;lt;sl3.listeners.list{LOI_CL.java[LOI_CL" StructureKind="java" NumEvents="12" CreationCount="1325"/><InteractionEvent Delta="null" EndDate="2014-09-18 09:41:12.380 JST" Interest="2.0" Kind="selection" Navigation="null" OriginId="org.eclipse.jdt.ui.CompilationUnitEditor" StartDate="2014-09-18 09:24:55.680 JST" StructureHandle="=SL3/src&amp;lt;sl3.utils{DBUtils.java[DBUtils~getSIFromDbId~QString;" StructureKind="java" NumEvents="2" CreationCount="921"/><InteractionEvent Delta="null" EndDate="2014-09-18 09:25:00.162 JST" Interest="2.0" Kind="edit" Navigation="null" OriginId="org.eclipse.jdt.ui.CompilationUnitEditor" StartDate="2014-09-18 09:24:58.256 JST" StructureHandle="=SL3/src&amp;lt;sl3.utils{DBUtils.java[DBUtils~getSIFromDbId~QString;" StructureKind="java" NumEvents="2" CreationCount="921"/><InteractionEvent Delta="null" EndDate="2014-09-18 09:14:12.694 JST" Interest="3.0" Kind="selection" Navigation="null" OriginId="org.eclipse.jdt.ui.CompilationUnitEditor" StartDate="2014-09-18 09:14:10.786 JST" StructureHandle="=SL3/src&amp;lt;sl3.utils{DBUtils.java[DBUtils~insert_Genres~QActivity;~QList\&amp;lt;QGenre;&amp;gt;;" StructureKind="java" NumEvents="3" CreationCount="650"/><InteractionEvent Delta="null" EndDate="2014-09-18 10:14:14.593 JST" Interest="1.0" Kind="selection" Navigation="null" OriginId="org.eclipse.jdt.ui.CompilationUnitEditor" StartDate="2014-09-18 10:14:14.593 JST" StructureHandle="=SL3/src&amp;lt;sl3.utils{CONS.java[CONS[DB^tname_PS" StructureKind="java"/><InteractionEvent Delta="null" EndDate="2014-09-18 09:50:18.205 JST" Interest="20.099998" Kind="propagation" Navigation="org.eclipse.mylyn.core.model.edges.containment" OriginId="org.eclipse.mylyn.core.model.interest.propagation" StartDate="2014-09-18 09:47:53.475 JST" StructureHandle="=SL3/src&amp;lt;sl3.utils{Methods_sl.java[Methods_sl~sortPSList~QList\&amp;lt;QPS;&amp;gt;;~QSortTags;[" StructureKind="java" NumEvents="24" CreationCount="1240"/><InteractionEvent Delta="null" EndDate="2014-09-18 10:12:11.822 JST" Interest="59.969" Kind="propagation" Navigation="org.eclipse.mylyn.core.model.edges.containment" OriginId="org.eclipse.mylyn.core.model.interest.propagation" StartDate="2014-09-18 08:48:10.23 JST" StructureHandle="=SL3/src&amp;lt;sl3.items" StructureKind="java" NumEvents="89" CreationCount="499"/><InteractionEvent Delta="null" EndDate="2014-09-18 08:48:06.746 JST" Interest="1.0" Kind="selection" Navigation="null" OriginId="org.eclipse.jdt.ui.PackageExplorer" StartDate="2014-09-18 08:48:06.746 JST" StructureHandle="=SL3/src&amp;lt;sl3.items" StructureKind="java"/><InteractionEvent Delta="null" EndDate="2014-09-18 10:18:08.194 JST" Interest="6.0" Kind="selection" Navigation="null" OriginId="org.eclipse.jdt.ui.CompilationUnitEditor" StartDate="2014-09-18 10:07:49.320 JST" StructureHandle="=SL3/src&amp;lt;sl3.utils{DBUtils.java[DBUtils~storeData_PS__getContentValues~QPS;" StructureKind="java" NumEvents="6" CreationCount="1565"/><InteractionEvent Delta="null" EndDate="2014-09-18 10:18:14.214 JST" Interest="108.0" Kind="edit" Navigation="null" OriginId="org.eclipse.jdt.ui.CompilationUnitEditor" StartDate="2014-09-18 10:07:50.144 JST" StructureHandle="=SL3/src&amp;lt;sl3.utils{DBUtils.java[DBUtils~storeData_PS__getContentValues~QPS;" StructureKind="java" NumEvents="108" CreationCount="1565"/></InteractionHistory>