<?xml version="1.0" encoding="UTF-8"?><InteractionHistory Id="local-218" Version="1"><InteractionEvent Delta="null" EndDate="2014-11-18 20:53:47.349 JST" Interest="2.017" Kind="propagation" Navigation="org.eclipse.mylyn.core.model.edges.containment" OriginId="org.eclipse.mylyn.core.model.interest.propagation" StartDate="2014-11-18 20:53:23.286 JST" StructureHandle="=CutPlanner_A" StructureKind="resource" NumEvents="3" CreationCount="1"/><InteractionEvent Delta="null" EndDate="2014-11-18 20:53:47.357 JST" Interest="1.0" Kind="selection" Navigation="null" OriginId="org.eclipse.jdt.ui.PackageExplorer" StartDate="2014-11-18 20:53:47.357 JST" StructureHandle="=CutPlanner_A" StructureKind="java"/><InteractionEvent Delta="null" EndDate="2014-11-18 21:30:26.390 JST" Interest="213.11899" Kind="propagation" Navigation="org.eclipse.mylyn.core.model.edges.containment" OriginId="org.eclipse.mylyn.core.model.interest.propagation" StartDate="2014-11-18 20:54:15.75 JST" StructureHandle="=freemind_1.0.1" StructureKind="resource" NumEvents="236" CreationCount="5"/><InteractionEvent Delta="null" EndDate="2014-11-18 20:53:49.363 JST" Interest="1.0" Kind="selection" Navigation="null" OriginId="org.eclipse.jdt.ui.PackageExplorer" StartDate="2014-11-18 20:53:49.363 JST" StructureHandle="=freemind_1.0.1" StructureKind="java"/><InteractionEvent Delta="null" EndDate="2014-11-18 21:30:26.391 JST" Interest="214.11899" Kind="propagation" Navigation="org.eclipse.mylyn.core.model.edges.containment" OriginId="org.eclipse.mylyn.core.model.interest.propagation" StartDate="2014-11-18 20:53:49.363 JST" StructureHandle="" StructureKind="java" NumEvents="237" CreationCount="5"/><InteractionEvent Delta="null" EndDate="2014-11-18 20:59:46.708 JST" Interest="2.0" Kind="selection" Navigation="null" OriginId="org.eclipse.jdt.ui.CompilationUnitEditor" StartDate="2014-11-18 20:59:46.704 JST" StructureHandle="=freemind_1.0.1/freemind\/freemind\/main&amp;lt;{FreeMind.java#javax.swing.JTabbedPane" StructureKind="java" NumEvents="2" CreationCount="97"/><InteractionEvent Delta="null" EndDate="2014-11-18 21:25:34.541 JST" Interest="1.0" Kind="selection" Navigation="null" OriginId="org.eclipse.jdt.ui.PackageExplorer" StartDate="2014-11-18 21:25:34.541 JST" StructureHandle="=freemind_1.0.1/freemind\/freemind\/controller&amp;lt;{FreeMindPopupMenu.java" StructureKind="java"/><InteractionEvent Delta="null" EndDate="2014-11-18 21:30:04.86 JST" Interest="37.0" Kind="propagation" Navigation="null" OriginId="org.eclipse.jdt.ui.CompilationUnitEditor" StartDate="2014-11-18 21:20:00.561 JST" StructureHandle="/freemind_1.0.1/freemind/freemind/modes/common/CommonNodeKeyListener.java" StructureKind="resource" NumEvents="37" CreationCount="269"/><InteractionEvent Delta="null" EndDate="2014-11-18 21:25:14.893 JST" Interest="0.2750001" Kind="manipulation" Navigation="null" OriginId="org.eclipse.mylyn.core.model.interest.decay.correction" StartDate="2014-11-18 21:25:14.893 JST" StructureHandle="/freemind_1.0.1/freemind/freemind/modes/common/CommonNodeKeyListener.java" StructureKind="resource"/><InteractionEvent Delta="null" EndDate="2014-11-18 21:19:46.825 JST" Interest="3.0" Kind="edit" Navigation="null" OriginId="org.eclipse.jdt.ui.CompilationUnitEditor" StartDate="2014-11-18 21:19:42.530 JST" StructureHandle="=freemind_1.0.1/freemind\/freemind\/view\/mindmapview&amp;lt;{MapView.java[MapView~getNodeKeyListener" StructureKind="java" NumEvents="3" CreationCount="260"/><InteractionEvent Delta="null" EndDate="2014-11-18 21:19:41.517 JST" Interest="1.0" Kind="selection" Navigation="null" OriginId="org.eclipse.jdt.ui.CompilationUnitEditor" StartDate="2014-11-18 21:19:41.517 JST" StructureHandle="=freemind_1.0.1/freemind\/freemind\/view\/mindmapview&amp;lt;{MapView.java[MapView~getNodeKeyListener" StructureKind="java"/><InteractionEvent Delta="null" EndDate="2014-11-18 20:58:45.337 JST" Interest="1.4189997" Kind="propagation" Navigation="org.eclipse.mylyn.core.model.edges.containment" OriginId="org.eclipse.mylyn.core.model.interest.propagation" StartDate="2014-11-18 20:58:41.112 JST" StructureHandle="=freemind_1.0.1/freemind\/freemind\/main&amp;lt;{FreeMind.java[FreeMind~main~\[QString;~QProperties;~QProperties;~QFile;" StructureKind="java" NumEvents="2" CreationCount="29"/><InteractionEvent Delta="null" EndDate="2014-11-18 20:56:08.498 JST" Interest="4.0" Kind="edit" Navigation="null" OriginId="org.eclipse.jdt.ui.CompilationUnitEditor" StartDate="2014-11-18 20:56:07.744 JST" StructureHandle="=freemind_1.0.1/freemind\/freemind\/main&amp;lt;{FreeMind.java[FreeMind~main~\[QString;~QProperties;~QProperties;~QFile;" StructureKind="java" NumEvents="4" CreationCount="29"/><InteractionEvent Delta="null" EndDate="2014-11-18 20:56:07.265 JST" Interest="2.0" Kind="selection" Navigation="null" OriginId="org.eclipse.jdt.ui.CompilationUnitEditor" StartDate="2014-11-18 20:56:07.149 JST" StructureHandle="=freemind_1.0.1/freemind\/freemind\/main&amp;lt;{FreeMind.java[FreeMind~main~\[QString;~QProperties;~QProperties;~QFile;" StructureKind="java" NumEvents="2" CreationCount="29"/><InteractionEvent Delta="null" EndDate="2014-11-18 21:26:51.755 JST" Interest="23.568" Kind="propagation" Navigation="org.eclipse.mylyn.core.model.edges.containment" OriginId="org.eclipse.mylyn.core.model.interest.propagation" StartDate="2014-11-18 21:20:06.308 JST" StructureHandle="=freemind_1.0.1/freemind\/freemind\/modes\/mindmapmode&amp;lt;" StructureKind="java" NumEvents="37" CreationCount="271"/><InteractionEvent Delta="null" EndDate="2014-11-18 21:26:01.585 JST" Interest="1.0" Kind="propagation" Navigation="org.eclipse.mylyn.core.model.edges.containment" OriginId="org.eclipse.mylyn.core.model.interest.propagation" StartDate="2014-11-18 21:26:01.585 JST" StructureHandle="=freemind_1.0.1/freemind\/freemind\/modes\/mindmapmode&amp;lt;{MindMapController.java#" StructureKind="java"/><InteractionEvent Delta="null" EndDate="2014-11-18 21:26:03.283 JST" Interest="1.0" Kind="edit" Navigation="null" OriginId="org.eclipse.jdt.ui.CompilationUnitEditor" StartDate="2014-11-18 21:26:03.283 JST" StructureHandle="=freemind_1.0.1/freemind\/freemind\/modes\/mindmapmode&amp;lt;{MindMapController.java[MindMapController~startupController[~edit~QKeyEvent;~Z~Z" StructureKind="java"/><InteractionEvent Delta="null" EndDate="2014-11-18 21:26:03.280 JST" Interest="3.0" Kind="selection" Navigation="null" OriginId="org.eclipse.jdt.ui.CompilationUnitEditor" StartDate="2014-11-18 21:20:17.589 JST" StructureHandle="=freemind_1.0.1/freemind\/freemind\/modes\/mindmapmode&amp;lt;{MindMapController.java[MindMapController~startupController[~edit~QKeyEvent;~Z~Z" StructureKind="java" NumEvents="3" CreationCount="275"/><InteractionEvent Delta="null" EndDate="2014-11-18 21:30:26.390 JST" Interest="212.068" Kind="propagation" Navigation="org.eclipse.mylyn.core.model.edges.containment" OriginId="org.eclipse.mylyn.core.model.interest.propagation" StartDate="2014-11-18 20:55:12.135 JST" StructureHandle="/freemind_1.0.1/freemind" StructureKind="resource" NumEvents="223" CreationCount="8"/><InteractionEvent Delta="null" EndDate="2014-11-18 20:55:05.780 JST" Interest="2.0" Kind="selection" Navigation="null" OriginId="org.eclipse.jdt.ui.PackageExplorer" StartDate="2014-11-18 20:54:16.961 JST" StructureHandle="/freemind_1.0.1/freemind" StructureKind="resource" NumEvents="2" CreationCount="8"/><InteractionEvent Delta="null" EndDate="2014-11-18 21:26:51.754 JST" Interest="53.0" Kind="propagation" Navigation="null" OriginId="org.eclipse.jdt.ui.CompilationUnitEditor" StartDate="2014-11-18 21:20:06.307 JST" StructureHandle="/freemind_1.0.1/freemind/freemind/modes/mindmapmode/MindMapController.java" StructureKind="resource" NumEvents="53" CreationCount="271"/><InteractionEvent Delta="null" EndDate="2014-11-18 21:19:40.901 JST" Interest="8.617001" Kind="propagation" Navigation="org.eclipse.mylyn.core.model.edges.containment" OriginId="org.eclipse.mylyn.core.model.interest.propagation" StartDate="2014-11-18 21:18:09.845 JST" StructureHandle="=freemind_1.0.1/freemind\/freemind\/view\/mindmapview&amp;lt;{MapView.java[MapView" StructureKind="java" NumEvents="12" CreationCount="243"/><InteractionEvent Delta="null" EndDate="2014-11-18 21:29:56.839 JST" Interest="103.0" Kind="edit" Navigation="null" OriginId="org.eclipse.jdt.ui.CompilationUnitEditor" StartDate="2014-11-18 20:55:37.295 JST" StructureHandle="=freemind_1.0.1/freemind\/freemind\/controller&amp;lt;{NodeKeyListener.java[NodeKeyListener~keyPressed~QKeyEvent;" StructureKind="java" NumEvents="103" CreationCount="17"/><InteractionEvent Delta="null" EndDate="2014-11-18 21:30:21.381 JST" Interest="12.0" Kind="selection" Navigation="null" OriginId="org.eclipse.jdt.ui.CompilationUnitEditor" StartDate="2014-11-18 20:55:35.107 JST" StructureHandle="=freemind_1.0.1/freemind\/freemind\/controller&amp;lt;{NodeKeyListener.java[NodeKeyListener~keyPressed~QKeyEvent;" StructureKind="java" NumEvents="12" CreationCount="17"/><InteractionEvent Delta="null" EndDate="2014-11-18 20:56:15.233 JST" Interest="3.0" Kind="edit" Navigation="null" OriginId="org.eclipse.jdt.ui.CompilationUnitEditor" StartDate="2014-11-18 20:56:12.724 JST" StructureHandle="=freemind_1.0.1/freemind\/freemind\/main&amp;lt;{FreeMind.java[FreeMind~main~\[QString;~QProperties;~QProperties;~QFile;[!2~windowLostFocus~QWindowEvent;" StructureKind="java" NumEvents="3" CreationCount="36"/><InteractionEvent Delta="null" EndDate="2014-11-18 20:58:45.336 JST" Interest="4.0" Kind="selection" Navigation="null" OriginId="org.eclipse.jdt.ui.CompilationUnitEditor" StartDate="2014-11-18 20:56:12.692 JST" StructureHandle="=freemind_1.0.1/freemind\/freemind\/main&amp;lt;{FreeMind.java[FreeMind~main~\[QString;~QProperties;~QProperties;~QFile;[!2~windowLostFocus~QWindowEvent;" StructureKind="java" NumEvents="4" CreationCount="36"/><InteractionEvent Delta="null" EndDate="2014-11-18 21:19:46.246 JST" Interest="8.634002" Kind="propagation" Navigation="org.eclipse.mylyn.core.model.edges.containment" OriginId="org.eclipse.mylyn.core.model.interest.propagation" StartDate="2014-11-18 21:18:04.575 JST" StructureHandle="=freemind_1.0.1/freemind\/freemind\/view\/mindmapview&amp;lt;" StructureKind="java" NumEvents="15" CreationCount="242"/><InteractionEvent Delta="null" EndDate="2014-11-18 21:23:48.12 JST" Interest="3.0" Kind="edit" Navigation="null" OriginId="org.eclipse.jdt.ui.CompilationUnitEditor" StartDate="2014-11-18 21:23:43.747 JST" StructureHandle="=freemind_1.0.1/freemind\/freemind\/controller&amp;lt;{NodeKeyListener.java[NodeKeyListener~register~QKeyListener;" StructureKind="java" NumEvents="3" CreationCount="318"/><InteractionEvent Delta="null" EndDate="2014-11-18 21:29:14.47 JST" Interest="4.0" Kind="selection" Navigation="null" OriginId="org.eclipse.jdt.ui.CompilationUnitEditor" StartDate="2014-11-18 21:23:43.75 JST" StructureHandle="=freemind_1.0.1/freemind\/freemind\/controller&amp;lt;{NodeKeyListener.java[NodeKeyListener~register~QKeyListener;" StructureKind="java" NumEvents="4" CreationCount="318"/><InteractionEvent Delta="null" EndDate="2014-11-18 21:19:46.246 JST" Interest="8.634002" Kind="propagation" Navigation="org.eclipse.mylyn.core.model.edges.containment" OriginId="org.eclipse.mylyn.core.model.interest.propagation" StartDate="2014-11-18 21:18:04.576 JST" StructureHandle="=freemind_1.0.1/freemind\/freemind\/view\/mindmapview" StructureKind="java" NumEvents="15" CreationCount="242"/><InteractionEvent Delta="null" EndDate="2014-11-18 21:30:04.86 JST" Interest="37.0" Kind="propagation" Navigation="null" OriginId="org.eclipse.jdt.ui.CompilationUnitEditor" StartDate="2014-11-18 21:20:00.562 JST" StructureHandle="/freemind_1.0.1/freemind/freemind/modes/common" StructureKind="resource" NumEvents="37" CreationCount="265"/><InteractionEvent Delta="null" EndDate="2014-11-18 21:19:59.769 JST" Interest="2.0" Kind="selection" Navigation="null" OriginId="org.eclipse.search.ui.views.SearchView" StartDate="2014-11-18 21:19:55.356 JST" StructureHandle="/freemind_1.0.1/freemind/freemind/modes/common" StructureKind="resource" NumEvents="2" CreationCount="265"/><InteractionEvent Delta="null" EndDate="2014-11-18 21:26:01.585 JST" Interest="1.0" Kind="selection" Navigation="null" OriginId="org.eclipse.jdt.ui.CompilationUnitEditor" StartDate="2014-11-18 21:26:01.585 JST" StructureHandle="=freemind_1.0.1/freemind\/freemind\/modes\/mindmapmode&amp;lt;{MindMapController.java#java.io.FileOutputStream" StructureKind="java"/><InteractionEvent Delta="null" EndDate="2014-11-18 21:23:28.307 JST" Interest="0.1730001" Kind="manipulation" Navigation="null" OriginId="org.eclipse.mylyn.core.model.interest.decay.correction" StartDate="2014-11-18 21:23:28.307 JST" StructureHandle="=freemind_1.0.1/freemind\/freemind\/controller&amp;lt;{Controller.java[Controller~getNodeKeyListener" StructureKind="java"/><InteractionEvent Delta="null" EndDate="2014-11-18 21:24:07.85 JST" Interest="11.0" Kind="edit" Navigation="null" OriginId="org.eclipse.jdt.ui.CompilationUnitEditor" StartDate="2014-11-18 21:23:28.393 JST" StructureHandle="=freemind_1.0.1/freemind\/freemind\/controller&amp;lt;{Controller.java[Controller~getNodeKeyListener" StructureKind="java" NumEvents="11" CreationCount="238"/><InteractionEvent Delta="null" EndDate="2014-11-18 21:25:25.916 JST" Interest="4.0" Kind="selection" Navigation="null" OriginId="org.eclipse.jdt.ui.CompilationUnitEditor" StartDate="2014-11-18 21:17:52.32 JST" StructureHandle="=freemind_1.0.1/freemind\/freemind\/controller&amp;lt;{Controller.java[Controller~getNodeKeyListener" StructureKind="java" NumEvents="4" CreationCount="238"/><InteractionEvent Delta="null" EndDate="2014-11-18 21:18:09.845 JST" Interest="1.0" Kind="selection" Navigation="null" OriginId="org.eclipse.jdt.ui.CompilationUnitEditor" StartDate="2014-11-18 21:18:09.845 JST" StructureHandle="=freemind_1.0.1/freemind\/freemind\/view\/mindmapview&amp;lt;{MapView.java[MapView~extendSelectionWithKeyMove~QNodeView;~QKeyEvent;" StructureKind="java"/><InteractionEvent Delta="null" EndDate="2014-11-18 21:00:07.140 JST" Interest="2.0" Kind="selection" Navigation="null" OriginId="org.eclipse.jdt.ui.CompilationUnitEditor" StartDate="2014-11-18 21:00:03.561 JST" StructureHandle="=freemind_1.0.1/freemind\/freemind\/controller&amp;lt;{NodeKeyListener.java#freemind.main.Methods" StructureKind="java" NumEvents="2" CreationCount="108"/><InteractionEvent Delta="null" EndDate="2014-11-18 20:56:15.236 JST" Interest="1.8850005" Kind="propagation" Navigation="org.eclipse.mylyn.core.model.edges.containment" OriginId="org.eclipse.mylyn.core.model.interest.propagation" StartDate="2014-11-18 20:56:07.242 JST" StructureHandle="=freemind_1.0.1/freemind\/freemind\/main&amp;lt;{FreeMind.java" StructureKind="java" NumEvents="6" CreationCount="24"/><InteractionEvent Delta="null" EndDate="2014-11-18 20:59:47.859 JST" Interest="3.0" Kind="edit" Navigation="null" OriginId="org.eclipse.jdt.ui.CompilationUnitEditor" StartDate="2014-11-18 20:58:46.441 JST" StructureHandle="=freemind_1.0.1/freemind\/freemind\/main&amp;lt;{FreeMind.java" StructureKind="java" NumEvents="3" CreationCount="24"/><InteractionEvent Delta="null" EndDate="2014-11-18 21:29:13.569 JST" Interest="13.0" Kind="selection" Navigation="null" OriginId="org.eclipse.jdt.ui.CompilationUnitEditor" StartDate="2014-11-18 20:55:50.737 JST" StructureHandle="=freemind_1.0.1/freemind\/freemind\/main&amp;lt;{FreeMind.java" StructureKind="java" NumEvents="13" CreationCount="24"/><InteractionEvent Delta="null" EndDate="2014-11-18 21:29:13.768 JST" Interest="10.157999" Kind="propagation" Navigation="org.eclipse.mylyn.core.model.edges.containment" OriginId="org.eclipse.mylyn.core.model.interest.propagation" StartDate="2014-11-18 20:56:01.994 JST" StructureHandle="=freemind_1.0.1/freemind\/freemind\/main&amp;lt;{FreeMind.java[FreeMind" StructureKind="java" NumEvents="15" CreationCount="27"/><InteractionEvent Delta="null" EndDate="2014-11-18 21:19:46.825 JST" Interest="22.0" Kind="propagation" Navigation="null" OriginId="org.eclipse.jdt.ui.CompilationUnitEditor" StartDate="2014-11-18 21:18:04.575 JST" StructureHandle="/freemind_1.0.1/freemind/freemind/view/mindmapview/MapView.java" StructureKind="resource" NumEvents="22" CreationCount="242"/><InteractionEvent Delta="null" EndDate="2014-11-18 20:54:15.757 JST" Interest="1.0" Kind="propagation" Navigation="null" OriginId="org.eclipse.jdt.ui.PackageExplorer" StartDate="2014-11-18 20:54:15.757 JST" StructureHandle="/freemind_1.0.1/src/freemind/main" StructureKind="resource"/><InteractionEvent Delta="null" EndDate="2014-11-18 21:29:13.569 JST" Interest="16.985" Kind="propagation" Navigation="org.eclipse.mylyn.core.model.edges.containment" OriginId="org.eclipse.mylyn.core.model.interest.propagation" StartDate="2014-11-18 20:55:50.739 JST" StructureHandle="=freemind_1.0.1/freemind\/freemind\/main" StructureKind="java" NumEvents="22" CreationCount="24"/><InteractionEvent Delta="null" EndDate="2014-11-18 20:59:46.132 JST" Interest="2.0" Kind="selection" Navigation="null" OriginId="org.eclipse.jdt.ui.CompilationUnitEditor" StartDate="2014-11-18 20:59:46.129 JST" StructureHandle="=freemind_1.0.1/freemind\/freemind\/main&amp;lt;{FreeMind.java#javax.swing.JScrollPane" StructureKind="java" NumEvents="2" CreationCount="95"/><InteractionEvent Delta="null" EndDate="2014-11-18 20:56:07.241 JST" Interest="3.0" Kind="selection" Navigation="null" OriginId="org.eclipse.jdt.ui.CompilationUnitEditor" StartDate="2014-11-18 20:56:01.994 JST" StructureHandle="=freemind_1.0.1/freemind\/freemind\/main&amp;lt;{FreeMind.java[FreeMind^PORT_FILE" StructureKind="java" NumEvents="3" CreationCount="27"/><InteractionEvent Delta="null" EndDate="2014-11-18 21:25:34.541 JST" Interest="1.0" Kind="propagation" Navigation="null" OriginId="org.eclipse.jdt.ui.PackageExplorer" StartDate="2014-11-18 21:25:34.541 JST" StructureHandle="/freemind_1.0.1/freemind/freemind/controller/FreeMindPopupMenu.java" StructureKind="resource"/><InteractionEvent Delta="null" EndDate="2014-11-18 21:00:58.592 JST" Interest="7.0" Kind="edit" Navigation="null" OriginId="org.eclipse.jdt.ui.CompilationUnitEditor" StartDate="2014-11-18 20:59:54.456 JST" StructureHandle="=freemind_1.0.1/freemind\/freemind\/main&amp;lt;{FreeMind.java[FreeMind~FreeMind~QProperties;~QProperties;~QFile;" StructureKind="java" NumEvents="7" CreationCount="101"/><InteractionEvent Delta="null" EndDate="2014-11-18 21:29:13.767 JST" Interest="4.0" Kind="selection" Navigation="null" OriginId="org.eclipse.jdt.ui.CompilationUnitEditor" StartDate="2014-11-18 20:59:54.434 JST" StructureHandle="=freemind_1.0.1/freemind\/freemind\/main&amp;lt;{FreeMind.java[FreeMind~FreeMind~QProperties;~QProperties;~QFile;" StructureKind="java" NumEvents="4" CreationCount="101"/><InteractionEvent Delta="null" EndDate="2014-11-18 21:30:04.86 JST" Interest="16.138" Kind="propagation" Navigation="org.eclipse.mylyn.core.model.edges.containment" OriginId="org.eclipse.mylyn.core.model.interest.propagation" StartDate="2014-11-18 21:20:00.561 JST" StructureHandle="=freemind_1.0.1/freemind\/freemind\/modes\/common&amp;lt;" StructureKind="java" NumEvents="21" CreationCount="269"/><InteractionEvent Delta="null" EndDate="2014-11-18 20:55:14.990 JST" Interest="1.0" Kind="selection" Navigation="null" OriginId="org.eclipse.jdt.ui.CompilationUnitEditor" StartDate="2014-11-18 20:55:14.990 JST" StructureHandle="=freemind_1.0.1/freemind\/freemind\/controller&amp;lt;{NodeKeyListener.java[NodeKeyListener^mListener" StructureKind="java"/><InteractionEvent Delta="null" EndDate="2014-11-18 21:19:12.515 JST" Interest="1.0" Kind="selection" Navigation="null" OriginId="org.eclipse.jdt.ui.CompilationUnitEditor" StartDate="2014-11-18 21:19:12.515 JST" StructureHandle="=freemind_1.0.1/freemind\/freemind\/view\/mindmapview&amp;lt;{MapView.java[MapView^shiftSelectionOrigin" StructureKind="java"/><InteractionEvent Delta="null" EndDate="2014-11-18 21:28:44.463 JST" Interest="15.0" Kind="edit" Navigation="null" OriginId="org.eclipse.jdt.ui.CompilationUnitEditor" StartDate="2014-11-18 21:27:31.876 JST" StructureHandle="=freemind_1.0.1/freemind\/freemind\/modes\/common&amp;lt;{CommonNodeKeyListener.java[CommonNodeKeyListener~keyPressed~QKeyEvent;" StructureKind="java" NumEvents="15" CreationCount="383"/><InteractionEvent Delta="null" EndDate="2014-11-18 21:29:59.925 JST" Interest="2.0" Kind="selection" Navigation="null" OriginId="org.eclipse.jdt.ui.CompilationUnitEditor" StartDate="2014-11-18 21:27:31.869 JST" StructureHandle="=freemind_1.0.1/freemind\/freemind\/modes\/common&amp;lt;{CommonNodeKeyListener.java[CommonNodeKeyListener~keyPressed~QKeyEvent;" StructureKind="java" NumEvents="2" CreationCount="383"/><InteractionEvent Delta="null" EndDate="2014-11-18 21:29:59.925 JST" Interest="11.146" Kind="propagation" Navigation="org.eclipse.mylyn.core.model.edges.containment" OriginId="org.eclipse.mylyn.core.model.interest.propagation" StartDate="2014-11-18 21:25:15.450 JST" StructureHandle="=freemind_1.0.1/freemind\/freemind\/modes\/common&amp;lt;{CommonNodeKeyListener.java[CommonNodeKeyListener" StructureKind="java" NumEvents="16" CreationCount="345"/><InteractionEvent Delta="null" EndDate="2014-11-18 21:25:28.247 JST" Interest="2.0" Kind="selection" Navigation="null" OriginId="org.eclipse.jdt.ui.CompilationUnitEditor" StartDate="2014-11-18 21:25:25.327 JST" StructureHandle="=freemind_1.0.1/freemind\/freemind\/modes\/common&amp;lt;{CommonNodeKeyListener.java[CommonNodeKeyListener" StructureKind="java" NumEvents="2" CreationCount="345"/><InteractionEvent Delta="null" EndDate="2014-11-18 21:30:26.391 JST" Interest="417.017" Kind="propagation" Navigation="null" OriginId="org.eclipse.jdt.ui.PackageExplorer" StartDate="2014-11-18 20:53:23.286 JST" StructureHandle="/" StructureKind="resource" NumEvents="418" CreationCount="1"/><InteractionEvent Delta="null" EndDate="2014-11-18 21:19:11.919 JST" Interest="2.0" Kind="edit" Navigation="null" OriginId="org.eclipse.jdt.ui.CompilationUnitEditor" StartDate="2014-11-18 21:19:11.905 JST" StructureHandle="=freemind_1.0.1/freemind\/freemind\/view\/mindmapview&amp;lt;{MapView.java[MapView^isPrinting" StructureKind="java" NumEvents="2" CreationCount="252"/><InteractionEvent Delta="null" EndDate="2014-11-18 21:18:54.146 JST" Interest="1.0" Kind="selection" Navigation="null" OriginId="org.eclipse.ui.views.ContentOutline" StartDate="2014-11-18 21:18:54.146 JST" StructureHandle="=freemind_1.0.1/freemind\/freemind\/view\/mindmapview&amp;lt;{MapView.java[MapView^isPrinting" StructureKind="java"/><InteractionEvent Delta="null" EndDate="2014-11-18 20:54:15.756 JST" Interest="1.0" Kind="selection" Navigation="null" OriginId="org.eclipse.jdt.ui.PackageExplorer" StartDate="2014-11-18 20:54:15.756 JST" StructureHandle="=freemind_1.0.1/src&amp;lt;freemind.main" StructureKind="java"/><InteractionEvent Delta="null" EndDate="2014-11-18 21:02:28.794 JST" Interest="7.0" Kind="edit" Navigation="null" OriginId="org.eclipse.ui.DefaultTextEditor" StartDate="2014-11-18 20:58:03.660 JST" StructureHandle="/freemind_1.0.1/memos.txt" StructureKind="resource" NumEvents="7" CreationCount="60"/><InteractionEvent Delta="null" EndDate="2014-11-18 21:29:13.397 JST" Interest="6.0" Kind="selection" Navigation="null" OriginId="org.eclipse.ui.DefaultTextEditor" StartDate="2014-11-18 20:58:01.534 JST" StructureHandle="/freemind_1.0.1/memos.txt" StructureKind="resource" NumEvents="6" CreationCount="60"/><InteractionEvent Delta="null" EndDate="2014-11-18 20:53:47.349 JST" Interest="2.0" Kind="selection" Navigation="null" OriginId="org.eclipse.jdt.ui.PackageExplorer" StartDate="2014-11-18 20:53:44.123 JST" StructureHandle="=CutPlanner_A/src&amp;lt;cp.listeners.view" StructureKind="java" NumEvents="2" CreationCount="2"/><InteractionEvent Delta="null" EndDate="2014-11-18 21:20:57.396 JST" Interest="1.017" Kind="propagation" Navigation="org.eclipse.mylyn.core.model.edges.containment" OriginId="org.eclipse.mylyn.core.model.interest.propagation" StartDate="2014-11-18 21:20:17.589 JST" StructureHandle="=freemind_1.0.1/freemind\/freemind\/modes\/mindmapmode&amp;lt;{MindMapController.java[MindMapController~startupController[" StructureKind="java" NumEvents="2" CreationCount="274"/><InteractionEvent Delta="null" EndDate="2014-11-18 21:26:30.203 JST" Interest="5.0" Kind="edit" Navigation="null" OriginId="org.eclipse.jdt.ui.CompilationUnitEditor" StartDate="2014-11-18 21:24:41.801 JST" StructureHandle="=freemind_1.0.1/freemind\/freemind\/modes\/mindmapmode&amp;lt;{MindMapController.java[MindMapController~startupController[" StructureKind="java" NumEvents="5" CreationCount="274"/><InteractionEvent Delta="null" EndDate="2014-11-18 21:26:20.754 JST" Interest="7.0" Kind="selection" Navigation="null" OriginId="org.eclipse.ui.views.ContentOutline" StartDate="2014-11-18 21:20:15.538 JST" StructureHandle="=freemind_1.0.1/freemind\/freemind\/modes\/mindmapmode&amp;lt;{MindMapController.java[MindMapController~startupController[" StructureKind="java" NumEvents="7" CreationCount="274"/><InteractionEvent Delta="null" EndDate="2014-11-18 21:30:04.86 JST" Interest="16.138" Kind="propagation" Navigation="org.eclipse.mylyn.core.model.edges.containment" OriginId="org.eclipse.mylyn.core.model.interest.propagation" StartDate="2014-11-18 21:20:00.562 JST" StructureHandle="=freemind_1.0.1/freemind\/freemind\/modes\/common" StructureKind="java" NumEvents="21" CreationCount="269"/><InteractionEvent Delta="null" EndDate="2014-11-18 20:53:47.349 JST" Interest="2.0" Kind="propagation" Navigation="org.eclipse.mylyn.core.model.edges.containment" OriginId="org.eclipse.mylyn.core.model.interest.propagation" StartDate="2014-11-18 20:53:44.123 JST" StructureHandle="/CutPlanner_A/src/cp" StructureKind="resource" NumEvents="2" CreationCount="2"/><InteractionEvent Delta="null" EndDate="2014-11-18 21:19:46.825 JST" Interest="21.017" Kind="propagation" Navigation="org.eclipse.mylyn.core.model.edges.containment" OriginId="org.eclipse.mylyn.core.model.interest.propagation" StartDate="2014-11-18 21:18:04.575 JST" StructureHandle="/freemind_1.0.1/freemind/freemind/view/mindmapview" StructureKind="resource" NumEvents="22" CreationCount="241"/><InteractionEvent Delta="null" EndDate="2014-11-18 21:18:03.400 JST" Interest="1.0" Kind="selection" Navigation="null" OriginId="org.eclipse.search.ui.views.SearchView" StartDate="2014-11-18 21:18:03.400 JST" StructureHandle="/freemind_1.0.1/freemind/freemind/view/mindmapview" StructureKind="resource"/><InteractionEvent Delta="null" EndDate="2014-11-18 21:25:18.459 JST" Interest="1.0" Kind="edit" Navigation="null" OriginId="org.eclipse.jdt.ui.CompilationUnitEditor" StartDate="2014-11-18 21:25:18.459 JST" StructureHandle="=freemind_1.0.1/freemind\/freemind\/modes\/common&amp;lt;{CommonNodeKeyListener.java[CommonNodeKeyListener[EditHandler" StructureKind="java"/><InteractionEvent Delta="null" EndDate="2014-11-18 21:25:15.450 JST" Interest="1.0" Kind="selection" Navigation="null" OriginId="org.eclipse.jdt.ui.CompilationUnitEditor" StartDate="2014-11-18 21:25:15.450 JST" StructureHandle="=freemind_1.0.1/freemind\/freemind\/modes\/common&amp;lt;{CommonNodeKeyListener.java[CommonNodeKeyListener[EditHandler" StructureKind="java"/><InteractionEvent Delta="null" EndDate="2014-11-18 21:19:40.900 JST" Interest="8.0" Kind="edit" Navigation="null" OriginId="org.eclipse.jdt.ui.CompilationUnitEditor" StartDate="2014-11-18 21:18:11.977 JST" StructureHandle="=freemind_1.0.1/freemind\/freemind\/view\/mindmapview&amp;lt;{MapView.java[MapView~MapView~QMindMap;~QController;" StructureKind="java" NumEvents="8" CreationCount="244"/><InteractionEvent Delta="null" EndDate="2014-11-18 21:19:18.977 JST" Interest="3.0" Kind="selection" Navigation="null" OriginId="org.eclipse.jdt.ui.CompilationUnitEditor" StartDate="2014-11-18 21:18:10.491 JST" StructureHandle="=freemind_1.0.1/freemind\/freemind\/view\/mindmapview&amp;lt;{MapView.java[MapView~MapView~QMindMap;~QController;" StructureKind="java" NumEvents="3" CreationCount="244"/><InteractionEvent Delta="null" EndDate="2014-11-18 21:26:39.213 JST" Interest="2.0" Kind="propagation" Navigation="null" OriginId="org.eclipse.jdt.ui.PackageExplorer" StartDate="2014-11-18 21:26:10.821 JST" StructureHandle="/freemind_1.0.1/freemind/freemind/controller/LastStateStorageManagement.java" StructureKind="resource" NumEvents="2" CreationCount="362"/><InteractionEvent Delta="null" EndDate="2014-11-18 21:16:44.934 JST" Interest="3.0" Kind="edit" Navigation="null" OriginId="org.eclipse.jdt.ui.CompilationUnitEditor" StartDate="2014-11-18 21:16:35.733 JST" StructureHandle="=freemind_1.0.1/freemind\/freemind\/controller&amp;lt;{Controller.java[Controller~Controller~QFreeMindMain;" StructureKind="java" NumEvents="3" CreationCount="217"/><InteractionEvent Delta="null" EndDate="2014-11-18 21:16:47.195 JST" Interest="3.0" Kind="selection" Navigation="null" OriginId="org.eclipse.jdt.ui.CompilationUnitEditor" StartDate="2014-11-18 21:15:20.483 JST" StructureHandle="=freemind_1.0.1/freemind\/freemind\/controller&amp;lt;{Controller.java[Controller~Controller~QFreeMindMain;" StructureKind="java" NumEvents="3" CreationCount="217"/><InteractionEvent Delta="null" EndDate="2014-11-18 21:30:26.391 JST" Interest="414.0" Kind="propagation" Navigation="null" OriginId="org.eclipse.jdt.ui.PackageExplorer" StartDate="2014-11-18 20:53:49.363 JST" StructureHandle="/freemind_1.0.1" StructureKind="resource" NumEvents="414" CreationCount="5"/><InteractionEvent Delta="null" EndDate="2014-11-18 20:58:45.337 JST" Interest="6.1" Kind="propagation" Navigation="org.eclipse.mylyn.core.model.edges.containment" OriginId="org.eclipse.mylyn.core.model.interest.propagation" StartDate="2014-11-18 20:56:12.692 JST" StructureHandle="=freemind_1.0.1/freemind\/freemind\/main&amp;lt;{FreeMind.java[FreeMind~main~\[QString;~QProperties;~QProperties;~QFile;[!2" StructureKind="java" NumEvents="7" CreationCount="36"/><InteractionEvent Delta="null" EndDate="2014-11-18 20:54:15.757 JST" Interest="1.017" Kind="propagation" Navigation="org.eclipse.mylyn.core.model.edges.containment" OriginId="org.eclipse.mylyn.core.model.interest.propagation" StartDate="2014-11-18 20:54:15.75 JST" StructureHandle="/freemind_1.0.1/src" StructureKind="resource" NumEvents="2" CreationCount="6"/><InteractionEvent Delta="null" EndDate="2014-11-18 21:30:26.390 JST" Interest="89.485" Kind="propagation" Navigation="org.eclipse.mylyn.core.model.edges.containment" OriginId="org.eclipse.mylyn.core.model.interest.propagation" StartDate="2014-11-18 20:55:11.602 JST" StructureHandle="=freemind_1.0.1/freemind\/freemind\/controller&amp;lt;" StructureKind="java" NumEvents="127" CreationCount="12"/><InteractionEvent Delta="null" EndDate="2014-11-18 21:29:13.768 JST" Interest="52.0" Kind="propagation" Navigation="null" OriginId="org.eclipse.jdt.ui.CompilationUnitEditor" StartDate="2014-11-18 20:55:50.737 JST" StructureHandle="/freemind_1.0.1/freemind/freemind/main/FreeMind.java" StructureKind="resource" NumEvents="52" CreationCount="24"/><InteractionEvent Delta="null" EndDate="2014-11-18 21:21:29.131 JST" Interest="0.35099983" Kind="propagation" Navigation="org.eclipse.mylyn.core.model.edges.containment" OriginId="org.eclipse.mylyn.core.model.interest.propagation" StartDate="2014-11-18 21:21:29.131 JST" StructureHandle="=freemind_1.0.1/freemind\/freemind\/modes\/mindmapmode&amp;lt;{MindMapController.java[MindMapController~startupController" StructureKind="java"/><InteractionEvent Delta="null" EndDate="2014-11-18 21:26:51.754 JST" Interest="16.0" Kind="edit" Navigation="null" OriginId="org.eclipse.jdt.ui.CompilationUnitEditor" StartDate="2014-11-18 21:20:13.913 JST" StructureHandle="=freemind_1.0.1/freemind\/freemind\/modes\/mindmapmode&amp;lt;{MindMapController.java[MindMapController~startupController" StructureKind="java" NumEvents="16" CreationCount="272"/><InteractionEvent Delta="null" EndDate="2014-11-18 21:26:30.836 JST" Interest="12.0" Kind="selection" Navigation="null" OriginId="org.eclipse.jdt.ui.CompilationUnitEditor" StartDate="2014-11-18 21:20:13.239 JST" StructureHandle="=freemind_1.0.1/freemind\/freemind\/modes\/mindmapmode&amp;lt;{MindMapController.java[MindMapController~startupController" StructureKind="java" NumEvents="12" CreationCount="272"/><InteractionEvent Delta="null" EndDate="2014-11-18 21:30:26.391 JST" Interest="89.485" Kind="propagation" Navigation="org.eclipse.mylyn.core.model.edges.containment" OriginId="org.eclipse.mylyn.core.model.interest.propagation" StartDate="2014-11-18 20:55:11.603 JST" StructureHandle="=freemind_1.0.1/freemind\/freemind\/controller" StructureKind="java" NumEvents="127" CreationCount="12"/><InteractionEvent Delta="null" EndDate="2014-11-18 20:54:15.757 JST" Interest="0.01700002" Kind="propagation" Navigation="org.eclipse.mylyn.core.model.edges.containment" OriginId="org.eclipse.mylyn.core.model.interest.propagation" StartDate="2014-11-18 20:54:15.757 JST" StructureHandle="=freemind_1.0.1/src" StructureKind="java"/><InteractionEvent Delta="null" EndDate="2014-11-18 20:54:15.74 JST" Interest="1.0" Kind="selection" Navigation="null" OriginId="org.eclipse.jdt.ui.PackageExplorer" StartDate="2014-11-18 20:54:15.74 JST" StructureHandle="=freemind_1.0.1/src" StructureKind="java"/><InteractionEvent Delta="null" EndDate="2014-11-18 21:00:07.140 JST" Interest="2.0" Kind="propagation" Navigation="org.eclipse.mylyn.core.model.edges.containment" OriginId="org.eclipse.mylyn.core.model.interest.propagation" StartDate="2014-11-18 21:00:03.561 JST" StructureHandle="=freemind_1.0.1/freemind\/freemind\/controller&amp;lt;{NodeKeyListener.java#" StructureKind="java" NumEvents="2" CreationCount="108"/><InteractionEvent Delta="null" EndDate="2014-11-18 20:54:15.757 JST" Interest="1.0" Kind="propagation" Navigation="org.eclipse.mylyn.core.model.edges.containment" OriginId="org.eclipse.mylyn.core.model.interest.propagation" StartDate="2014-11-18 20:54:15.757 JST" StructureHandle="/freemind_1.0.1/src/freemind" StructureKind="resource"/><InteractionEvent Delta="null" EndDate="2014-11-18 21:17:51.407 JST" Interest="9.0" Kind="edit" Navigation="null" OriginId="org.eclipse.jdt.ui.CompilationUnitEditor" StartDate="2014-11-18 21:15:14.132 JST" StructureHandle="=freemind_1.0.1/freemind\/freemind\/controller&amp;lt;{Controller.java[Controller~init" StructureKind="java" NumEvents="9" CreationCount="215"/><InteractionEvent Delta="null" EndDate="2014-11-18 21:16:56.717 JST" Interest="4.0" Kind="selection" Navigation="null" OriginId="org.eclipse.jdt.ui.CompilationUnitEditor" StartDate="2014-11-18 21:15:13.84 JST" StructureHandle="=freemind_1.0.1/freemind\/freemind\/controller&amp;lt;{Controller.java[Controller~init" StructureKind="java" NumEvents="4" CreationCount="215"/><InteractionEvent Delta="null" EndDate="2014-11-18 21:19:46.826 JST" Interest="21.034" Kind="propagation" Navigation="org.eclipse.mylyn.core.model.edges.containment" OriginId="org.eclipse.mylyn.core.model.interest.propagation" StartDate="2014-11-18 21:18:03.401 JST" StructureHandle="/freemind_1.0.1/freemind/freemind/view" StructureKind="resource" NumEvents="23" CreationCount="240"/><InteractionEvent Delta="null" EndDate="2014-11-18 21:18:02.519 JST" Interest="1.0" Kind="selection" Navigation="null" OriginId="org.eclipse.search.ui.views.SearchView" StartDate="2014-11-18 21:18:02.519 JST" StructureHandle="/freemind_1.0.1/freemind/freemind/view" StructureKind="resource"/><InteractionEvent Delta="null" EndDate="2014-11-18 21:30:26.390 JST" Interest="212.017" Kind="propagation" Navigation="null" OriginId="org.eclipse.jdt.ui.PackageExplorer" StartDate="2014-11-18 20:55:11.602 JST" StructureHandle="/freemind_1.0.1/freemind/freemind/controller" StructureKind="resource" NumEvents="213" CreationCount="11"/><InteractionEvent Delta="null" EndDate="2014-11-18 21:30:05.92 JST" Interest="3.0" Kind="selection" Navigation="null" OriginId="org.eclipse.jdt.ui.PackageExplorer" StartDate="2014-11-18 20:55:08.197 JST" StructureHandle="/freemind_1.0.1/freemind/freemind/controller" StructureKind="resource" NumEvents="3" CreationCount="11"/><InteractionEvent Delta="null" EndDate="2014-11-18 21:26:51.754 JST" Interest="16.868" Kind="propagation" Navigation="org.eclipse.mylyn.core.model.edges.containment" OriginId="org.eclipse.mylyn.core.model.interest.propagation" StartDate="2014-11-18 21:20:13.240 JST" StructureHandle="=freemind_1.0.1/freemind\/freemind\/modes\/mindmapmode&amp;lt;{MindMapController.java" StructureKind="java" NumEvents="28" CreationCount="271"/><InteractionEvent Delta="null" EndDate="2014-11-18 21:26:01.608 JST" Interest="1.0" Kind="edit" Navigation="null" OriginId="org.eclipse.jdt.ui.CompilationUnitEditor" StartDate="2014-11-18 21:26:01.608 JST" StructureHandle="=freemind_1.0.1/freemind\/freemind\/modes\/mindmapmode&amp;lt;{MindMapController.java" StructureKind="java"/><InteractionEvent Delta="null" EndDate="2014-11-18 21:25:57.462 JST" Interest="6.0" Kind="selection" Navigation="null" OriginId="org.eclipse.search.ui.views.SearchView" StartDate="2014-11-18 21:20:06.307 JST" StructureHandle="=freemind_1.0.1/freemind\/freemind\/modes\/mindmapmode&amp;lt;{MindMapController.java" StructureKind="java" NumEvents="6" CreationCount="271"/><InteractionEvent Delta="null" EndDate="2014-11-18 20:53:47.349 JST" Interest="1.017" Kind="propagation" Navigation="org.eclipse.mylyn.core.model.edges.containment" OriginId="org.eclipse.mylyn.core.model.interest.propagation" StartDate="2014-11-18 20:53:44.123 JST" StructureHandle="=CutPlanner_A/src" StructureKind="java" NumEvents="2" CreationCount="1"/><InteractionEvent Delta="null" EndDate="2014-11-18 20:53:23.285 JST" Interest="1.0" Kind="selection" Navigation="null" OriginId="org.eclipse.jdt.ui.PackageExplorer" StartDate="2014-11-18 20:53:23.285 JST" StructureHandle="=CutPlanner_A/src" StructureKind="java"/><InteractionEvent Delta="null" EndDate="2014-11-18 20:53:47.349 JST" Interest="2.017" Kind="propagation" Navigation="org.eclipse.mylyn.core.model.edges.containment" OriginId="org.eclipse.mylyn.core.model.interest.propagation" StartDate="2014-11-18 20:53:23.286 JST" StructureHandle="/CutPlanner_A/src" StructureKind="resource" NumEvents="3" CreationCount="1"/><InteractionEvent Delta="null" EndDate="2014-11-18 21:17:52.33 JST" Interest="4.3680005" Kind="propagation" Navigation="org.eclipse.mylyn.core.model.edges.containment" OriginId="org.eclipse.mylyn.core.model.interest.propagation" StartDate="2014-11-18 21:15:26.32 JST" StructureHandle="=freemind_1.0.1/freemind\/freemind\/controller&amp;lt;{Controller.java" StructureKind="java" NumEvents="9" CreationCount="20"/><InteractionEvent Delta="null" EndDate="2014-11-18 21:15:10.72 JST" Interest="2.2470002" Kind="manipulation" Navigation="null" OriginId="org.eclipse.mylyn.core.model.interest.decay.correction" StartDate="2014-11-18 21:15:10.72 JST" StructureHandle="=freemind_1.0.1/freemind\/freemind\/controller&amp;lt;{Controller.java" StructureKind="java"/><InteractionEvent Delta="null" EndDate="2014-11-18 21:25:25.858 JST" Interest="14.0" Kind="selection" Navigation="null" OriginId="org.eclipse.jdt.ui.CompilationUnitEditor" StartDate="2014-11-18 20:55:42.590 JST" StructureHandle="=freemind_1.0.1/freemind\/freemind\/controller&amp;lt;{Controller.java" StructureKind="java" NumEvents="14" CreationCount="20"/><InteractionEvent Delta="null" EndDate="2014-11-18 21:29:13.569 JST" Interest="16.985" Kind="propagation" Navigation="org.eclipse.mylyn.core.model.edges.containment" OriginId="org.eclipse.mylyn.core.model.interest.propagation" StartDate="2014-11-18 20:55:50.738 JST" StructureHandle="=freemind_1.0.1/freemind\/freemind\/main&amp;lt;" StructureKind="java" NumEvents="22" CreationCount="24"/><InteractionEvent Delta="null" EndDate="2014-11-18 21:19:57.338 JST" Interest="1.0" Kind="selection" Navigation="null" OriginId="org.eclipse.search.ui.views.SearchView" StartDate="2014-11-18 21:19:57.338 JST" StructureHandle="/freemind_1.0.1/freemind/freemind/modes/viewmodes" StructureKind="resource"/><InteractionEvent Delta="null" EndDate="2014-11-18 21:23:43.209 JST" Interest="3.0" Kind="selection" Navigation="null" OriginId="org.eclipse.jdt.ui.CompilationUnitEditor" StartDate="2014-11-18 21:23:41.32 JST" StructureHandle="=freemind_1.0.1/freemind\/freemind\/controller&amp;lt;{NodeKeyListener.java[NodeKeyListener~deregister" StructureKind="java" NumEvents="3" CreationCount="317"/><InteractionEvent Delta="null" EndDate="2014-11-18 20:53:47.349 JST" Interest="2.0" Kind="propagation" Navigation="null" OriginId="org.eclipse.jdt.ui.PackageExplorer" StartDate="2014-11-18 20:53:44.123 JST" StructureHandle="/CutPlanner_A/src/cp/listeners/view" StructureKind="resource" NumEvents="2" CreationCount="2"/><InteractionEvent Delta="null" EndDate="2014-11-18 21:26:51.754 JST" Interest="52.493" Kind="propagation" Navigation="org.eclipse.mylyn.core.model.edges.containment" OriginId="org.eclipse.mylyn.core.model.interest.propagation" StartDate="2014-11-18 21:19:59.769 JST" StructureHandle="/freemind_1.0.1/freemind/freemind/modes" StructureKind="resource" NumEvents="56" CreationCount="22"/><InteractionEvent Delta="null" EndDate="2014-11-18 21:18:00.357 JST" Interest="2.6720002" Kind="manipulation" Navigation="null" OriginId="org.eclipse.mylyn.core.model.interest.decay.correction" StartDate="2014-11-18 21:18:00.357 JST" StructureHandle="/freemind_1.0.1/freemind/freemind/modes" StructureKind="resource"/><InteractionEvent Delta="null" EndDate="2014-11-18 21:19:54.31 JST" Interest="3.0" Kind="selection" Navigation="null" OriginId="org.eclipse.search.ui.views.SearchView" StartDate="2014-11-18 20:55:45.919 JST" StructureHandle="/freemind_1.0.1/freemind/freemind/modes" StructureKind="resource" NumEvents="3" CreationCount="22"/><InteractionEvent Delta="null" EndDate="2014-11-18 21:27:28.582 JST" Interest="5.0" Kind="edit" Navigation="null" OriginId="org.eclipse.jdt.ui.CompilationUnitEditor" StartDate="2014-11-18 21:27:18.431 JST" StructureHandle="=freemind_1.0.1/freemind\/freemind\/modes\/common&amp;lt;{CommonNodeKeyListener.java[CommonNodeKeyListener~CommonNodeKeyListener~QModeController;~QEditHandler;" StructureKind="java" NumEvents="5" CreationCount="377"/><InteractionEvent Delta="null" EndDate="2014-11-18 21:27:18.427 JST" Interest="1.0" Kind="selection" Navigation="null" OriginId="org.eclipse.jdt.ui.CompilationUnitEditor" StartDate="2014-11-18 21:27:18.427 JST" StructureHandle="=freemind_1.0.1/freemind\/freemind\/modes\/common&amp;lt;{CommonNodeKeyListener.java[CommonNodeKeyListener~CommonNodeKeyListener~QModeController;~QEditHandler;" StructureKind="java"/><InteractionEvent Delta="null" EndDate="2014-11-18 21:25:25.917 JST" Interest="12.264" Kind="propagation" Navigation="org.eclipse.mylyn.core.model.edges.containment" OriginId="org.eclipse.mylyn.core.model.interest.propagation" StartDate="2014-11-18 21:15:13.85 JST" StructureHandle="=freemind_1.0.1/freemind\/freemind\/controller&amp;lt;{Controller.java[Controller" StructureKind="java" NumEvents="16" CreationCount="215"/><InteractionEvent Delta="null" EndDate="2014-11-18 20:59:43.889 JST" Interest="5.0" Kind="propagation" Navigation="org.eclipse.mylyn.core.model.edges.containment" OriginId="org.eclipse.mylyn.core.model.interest.propagation" StartDate="2014-11-18 20:58:47.411 JST" StructureHandle="=freemind_1.0.1/freemind\/freemind\/main&amp;lt;{FreeMind.java#" StructureKind="java" NumEvents="5" CreationCount="80"/><InteractionEvent Delta="null" EndDate="2014-11-18 21:19:41.518 JST" Interest="6.6340013" Kind="propagation" Navigation="org.eclipse.mylyn.core.model.edges.containment" OriginId="org.eclipse.mylyn.core.model.interest.propagation" StartDate="2014-11-18 21:18:09.846 JST" StructureHandle="=freemind_1.0.1/freemind\/freemind\/view\/mindmapview&amp;lt;{MapView.java" StructureKind="java" NumEvents="13" CreationCount="242"/><InteractionEvent Delta="null" EndDate="2014-11-18 21:19:17.712 JST" Interest="2.0" Kind="selection" Navigation="null" OriginId="org.eclipse.jdt.ui.CompilationUnitEditor" StartDate="2014-11-18 21:18:04.575 JST" StructureHandle="=freemind_1.0.1/freemind\/freemind\/view\/mindmapview&amp;lt;{MapView.java" StructureKind="java" NumEvents="2" CreationCount="242"/><InteractionEvent Delta="null" EndDate="2014-11-18 21:30:26.390 JST" Interest="212.034" Kind="propagation" Navigation="org.eclipse.mylyn.core.model.edges.containment" OriginId="org.eclipse.mylyn.core.model.interest.propagation" StartDate="2014-11-18 20:55:08.198 JST" StructureHandle="/freemind_1.0.1/freemind/freemind" StructureKind="resource" NumEvents="219" CreationCount="10"/><InteractionEvent Delta="null" EndDate="2014-11-18 20:57:59.608 JST" Interest="2.0" Kind="selection" Navigation="null" OriginId="org.eclipse.jdt.ui.PackageExplorer" StartDate="2014-11-18 20:55:05.992 JST" StructureHandle="/freemind_1.0.1/freemind/freemind" StructureKind="resource" NumEvents="2" CreationCount="10"/><InteractionEvent Delta="null" EndDate="2014-11-18 21:13:06.674 JST" Interest="76.633995" Kind="propagation" Navigation="org.eclipse.mylyn.core.model.edges.containment" OriginId="org.eclipse.mylyn.core.model.interest.propagation" StartDate="2014-11-18 20:55:14.991 JST" StructureHandle="=freemind_1.0.1/freemind\/freemind\/controller&amp;lt;{NodeKeyListener.java[NodeKeyListener" StructureKind="java" NumEvents="106" CreationCount="15"/><InteractionEvent Delta="null" EndDate="2014-11-18 21:22:58.403 JST" Interest="4.0" Kind="edit" Navigation="null" OriginId="org.eclipse.jdt.ui.CompilationUnitEditor" StartDate="2014-11-18 21:10:00.732 JST" StructureHandle="=freemind_1.0.1/freemind\/freemind\/controller&amp;lt;{NodeKeyListener.java[NodeKeyListener" StructureKind="java" NumEvents="4" CreationCount="15"/><InteractionEvent Delta="null" EndDate="2014-11-18 21:29:15.803 JST" Interest="7.0" Kind="selection" Navigation="null" OriginId="org.eclipse.jdt.ui.CompilationUnitEditor" StartDate="2014-11-18 20:55:28.570 JST" StructureHandle="=freemind_1.0.1/freemind\/freemind\/controller&amp;lt;{NodeKeyListener.java[NodeKeyListener" StructureKind="java" NumEvents="7" CreationCount="15"/><InteractionEvent Delta="null" EndDate="2014-11-18 20:58:01.104 JST" Interest="1.0" Kind="selection" Navigation="null" OriginId="org.eclipse.jdt.ui.PackageExplorer" StartDate="2014-11-18 20:58:01.104 JST" StructureHandle="/freemind_1.0.1/freemind/html" StructureKind="resource"/><InteractionEvent Delta="null" EndDate="2014-11-18 21:26:51.755 JST" Interest="53.0" Kind="propagation" Navigation="null" OriginId="org.eclipse.jdt.ui.CompilationUnitEditor" StartDate="2014-11-18 21:20:06.308 JST" StructureHandle="/freemind_1.0.1/freemind/freemind/modes/mindmapmode" StructureKind="resource" NumEvents="53" CreationCount="267"/><InteractionEvent Delta="null" EndDate="2014-11-18 21:20:04.750 JST" Interest="2.0" Kind="selection" Navigation="null" OriginId="org.eclipse.search.ui.views.SearchView" StartDate="2014-11-18 21:19:58.779 JST" StructureHandle="/freemind_1.0.1/freemind/freemind/modes/mindmapmode" StructureKind="resource" NumEvents="2" CreationCount="267"/><InteractionEvent Delta="null" EndDate="2014-11-18 21:30:26.390 JST" Interest="161.0" Kind="propagation" Navigation="null" OriginId="org.eclipse.jdt.ui.PackageExplorer" StartDate="2014-11-18 20:55:11.602 JST" StructureHandle="/freemind_1.0.1/freemind/freemind/controller/NodeKeyListener.java" StructureKind="resource" NumEvents="161" CreationCount="12"/><InteractionEvent Delta="null" EndDate="2014-11-18 20:58:02.414 JST" Interest="1.0" Kind="selection" Navigation="null" OriginId="org.eclipse.jdt.ui.PackageExplorer" StartDate="2014-11-18 20:58:02.414 JST" StructureHandle="/freemind_1.0.1/d.bat" StructureKind="resource"/><InteractionEvent Delta="null" EndDate="2014-11-18 20:59:43.889 JST" Interest="5.0" Kind="selection" Navigation="null" OriginId="org.eclipse.jdt.ui.CompilationUnitEditor" StartDate="2014-11-18 20:58:47.410 JST" StructureHandle="=freemind_1.0.1/freemind\/freemind\/main&amp;lt;{FreeMind.java#javax.swing.JOptionPane" StructureKind="java" NumEvents="5" CreationCount="80"/><InteractionEvent Delta="null" EndDate="2014-11-18 21:25:25.917 JST" Interest="49.0" Kind="propagation" Navigation="null" OriginId="org.eclipse.jdt.ui.CompilationUnitEditor" StartDate="2014-11-18 20:55:42.590 JST" StructureHandle="/freemind_1.0.1/freemind/freemind/controller/Controller.java" StructureKind="resource" NumEvents="49" CreationCount="20"/><InteractionEvent Delta="null" EndDate="2014-11-18 21:15:10.72 JST" Interest="2.2640002" Kind="manipulation" Navigation="null" OriginId="org.eclipse.mylyn.core.model.interest.decay.correction" StartDate="2014-11-18 21:15:10.72 JST" StructureHandle="/freemind_1.0.1/freemind/freemind/controller/Controller.java" StructureKind="resource"/><InteractionEvent Delta="null" EndDate="2014-11-18 20:53:47.349 JST" Interest="2.0" Kind="propagation" Navigation="org.eclipse.mylyn.core.model.edges.containment" OriginId="org.eclipse.mylyn.core.model.interest.propagation" StartDate="2014-11-18 20:53:44.123 JST" StructureHandle="/CutPlanner_A/src/cp/listeners" StructureKind="resource" NumEvents="2" CreationCount="2"/><InteractionEvent Delta="null" EndDate="2014-11-18 21:28:44.464 JST" Interest="6.180001" Kind="propagation" Navigation="org.eclipse.mylyn.core.model.edges.containment" OriginId="org.eclipse.mylyn.core.model.interest.propagation" StartDate="2014-11-18 21:25:15.451 JST" StructureHandle="=freemind_1.0.1/freemind\/freemind\/modes\/common&amp;lt;{CommonNodeKeyListener.java" StructureKind="java" NumEvents="10" CreationCount="269"/><InteractionEvent Delta="null" EndDate="2014-11-18 21:25:14.892 JST" Interest="0.25800002" Kind="manipulation" Navigation="null" OriginId="org.eclipse.mylyn.core.model.interest.decay.correction" StartDate="2014-11-18 21:25:14.892 JST" StructureHandle="=freemind_1.0.1/freemind\/freemind\/modes\/common&amp;lt;{CommonNodeKeyListener.java" StructureKind="java"/><InteractionEvent Delta="null" EndDate="2014-11-18 21:30:04.85 JST" Interest="1.0" Kind="edit" Navigation="null" OriginId="org.eclipse.jdt.ui.CompilationUnitEditor" StartDate="2014-11-18 21:30:04.85 JST" StructureHandle="=freemind_1.0.1/freemind\/freemind\/modes\/common&amp;lt;{CommonNodeKeyListener.java" StructureKind="java"/><InteractionEvent Delta="null" EndDate="2014-11-18 21:30:04.82 JST" Interest="9.0" Kind="selection" Navigation="null" OriginId="org.eclipse.jdt.ui.CompilationUnitEditor" StartDate="2014-11-18 21:20:00.561 JST" StructureHandle="=freemind_1.0.1/freemind\/freemind\/modes\/common&amp;lt;{CommonNodeKeyListener.java" StructureKind="java" NumEvents="9" CreationCount="269"/><InteractionEvent Delta="null" EndDate="2014-11-18 21:16:48.78 JST" Interest="1.0" Kind="selection" Navigation="null" OriginId="org.eclipse.jdt.ui.CompilationUnitEditor" StartDate="2014-11-18 21:16:48.78 JST" StructureHandle="=freemind_1.0.1/freemind\/freemind\/controller&amp;lt;{Controller.java[Controller~setFrame~QFreeMindMain;" StructureKind="java"/><InteractionEvent Delta="null" EndDate="2014-11-18 21:26:51.754 JST" Interest="22.551" Kind="propagation" Navigation="org.eclipse.mylyn.core.model.edges.containment" OriginId="org.eclipse.mylyn.core.model.interest.propagation" StartDate="2014-11-18 21:20:13.239 JST" StructureHandle="=freemind_1.0.1/freemind\/freemind\/modes\/mindmapmode&amp;lt;{MindMapController.java[MindMapController" StructureKind="java" NumEvents="30" CreationCount="272"/><InteractionEvent Delta="null" EndDate="2014-11-18 21:21:30.534 JST" Interest="1.0" Kind="selection" Navigation="null" OriginId="org.eclipse.jdt.ui.CompilationUnitEditor" StartDate="2014-11-18 21:21:30.534 JST" StructureHandle="=freemind_1.0.1/freemind\/freemind\/modes\/mindmapmode&amp;lt;{MindMapController.java[MindMapController" StructureKind="java"/><InteractionEvent Delta="null" EndDate="2014-11-18 21:26:51.755 JST" Interest="23.568" Kind="propagation" Navigation="org.eclipse.mylyn.core.model.edges.containment" OriginId="org.eclipse.mylyn.core.model.interest.propagation" StartDate="2014-11-18 21:20:06.308 JST" StructureHandle="=freemind_1.0.1/freemind\/freemind\/modes\/mindmapmode" StructureKind="java" NumEvents="36" CreationCount="271"/><InteractionEvent Delta="null" EndDate="2014-11-18 21:29:13.768 JST" Interest="50.017" Kind="propagation" Navigation="org.eclipse.mylyn.core.model.edges.containment" OriginId="org.eclipse.mylyn.core.model.interest.propagation" StartDate="2014-11-18 20:55:50.737 JST" StructureHandle="/freemind_1.0.1/freemind/freemind/main" StructureKind="resource" NumEvents="52" CreationCount="23"/><InteractionEvent Delta="null" EndDate="2014-11-18 20:57:58.207 JST" Interest="2.0" Kind="selection" Navigation="null" OriginId="org.eclipse.jdt.ui.PackageExplorer" StartDate="2014-11-18 20:55:47.161 JST" StructureHandle="/freemind_1.0.1/freemind/freemind/main" StructureKind="resource" NumEvents="2" CreationCount="23"/><InteractionEvent Delta="null" EndDate="2014-11-18 21:26:39.213 JST" Interest="2.0" Kind="selection" Navigation="null" OriginId="org.eclipse.jdt.ui.PackageExplorer" StartDate="2014-11-18 21:26:10.820 JST" StructureHandle="=freemind_1.0.1/freemind\/freemind\/controller&amp;lt;{LastStateStorageManagement.java" StructureKind="java" NumEvents="2" CreationCount="362"/><InteractionEvent Delta="null" EndDate="2014-11-18 21:29:56.33 JST" Interest="68.385" Kind="propagation" Navigation="org.eclipse.mylyn.core.model.edges.containment" OriginId="org.eclipse.mylyn.core.model.interest.propagation" StartDate="2014-11-18 20:57:02.973 JST" StructureHandle="=freemind_1.0.1/freemind\/freemind\/controller&amp;lt;{NodeKeyListener.java" StructureKind="java" NumEvents="100" CreationCount="12"/><InteractionEvent Delta="null" EndDate="2014-11-18 21:00:08.495 JST" Interest="3.0" Kind="edit" Navigation="null" OriginId="org.eclipse.jdt.ui.CompilationUnitEditor" StartDate="2014-11-18 20:59:58.870 JST" StructureHandle="=freemind_1.0.1/freemind\/freemind\/controller&amp;lt;{NodeKeyListener.java" StructureKind="java" NumEvents="3" CreationCount="12"/><InteractionEvent Delta="null" EndDate="2014-11-18 21:30:26.390 JST" Interest="19.0" Kind="selection" Navigation="null" OriginId="org.eclipse.jdt.ui.PackageExplorer" StartDate="2014-11-18 20:55:11.602 JST" StructureHandle="=freemind_1.0.1/freemind\/freemind\/controller&amp;lt;{NodeKeyListener.java" StructureKind="java" NumEvents="19" CreationCount="12"/></InteractionHistory>