<?xml version="1.0" encoding="UTF-8"?><InteractionHistory Id="local-124" Version="1"><InteractionEvent Delta="null" EndDate="2014-10-04 09:15:17.850 JST" Interest="2959.051" Kind="propagation" Navigation="org.eclipse.mylyn.core.model.edges.containment" OriginId="org.eclipse.mylyn.core.model.interest.propagation" StartDate="2014-10-04 07:34:50.220 JST" StructureHandle="" StructureKind="java" NumEvents="2965" CreationCount="1"/><InteractionEvent Delta="null" EndDate="2014-10-04 08:12:22.417 JST" Interest="4.0" Kind="selection" Navigation="null" OriginId="org.eclipse.jdt.ui.CompilationUnitEditor" StartDate="2014-10-04 08:12:19.559 JST" StructureHandle="=TA2/src&amp;lt;ta2.listeners{SBL.java[SBL~SBL~QActivity;~QSeekBar;" StructureKind="java" NumEvents="4" CreationCount="978"/><InteractionEvent Delta="null" EndDate="2014-10-04 07:59:15.72 JST" Interest="50.0" Kind="propagation" Navigation="null" OriginId="org.eclipse.jdt.ui.CompilationUnitEditor" StartDate="2014-10-04 07:48:05.132 JST" StructureHandle="/TA2/src/ta2/utils/CONS.java" StructureKind="resource" NumEvents="50" CreationCount="89"/><InteractionEvent Delta="null" EndDate="2014-10-04 08:09:30.924 JST" Interest="5.222" Kind="manipulation" Navigation="null" OriginId="org.eclipse.mylyn.core.model.interest.decay.correction" StartDate="2014-10-04 08:09:30.924 JST" StructureHandle="=cm7/src&amp;lt;app.listeners{SBL.java[SBL~onProgressChanged~QSeekBar;~I~Z" StructureKind="java"/><InteractionEvent Delta="null" EndDate="2014-10-04 07:58:06.427 JST" Interest="1.0" Kind="edit" Navigation="null" OriginId="org.eclipse.jdt.ui.CompilationUnitEditor" StartDate="2014-10-04 07:58:06.427 JST" StructureHandle="=cm7/src&amp;lt;app.listeners{SBL.java[SBL~onProgressChanged~QSeekBar;~I~Z" StructureKind="java"/><InteractionEvent Delta="null" EndDate="2014-10-04 08:09:30.924 JST" Interest="3.0" Kind="selection" Navigation="null" OriginId="org.eclipse.jdt.ui.CompilationUnitEditor" StartDate="2014-10-04 07:58:03.246 JST" StructureHandle="=cm7/src&amp;lt;app.listeners{SBL.java[SBL~onProgressChanged~QSeekBar;~I~Z" StructureKind="java" NumEvents="3" CreationCount="302"/><InteractionEvent Delta="null" EndDate="2014-10-04 07:59:15.71 JST" Interest="2.0" Kind="edit" Navigation="null" OriginId="org.eclipse.jdt.ui.CompilationUnitEditor" StartDate="2014-10-04 07:59:11.764 JST" StructureHandle="=TA2/src&amp;lt;ta2.utils{CONS.java[CONS[PlayActv^len_Audio" StructureKind="java" NumEvents="2" CreationCount="336"/><InteractionEvent Delta="null" EndDate="2014-10-04 07:59:11.73 JST" Interest="1.0" Kind="selection" Navigation="null" OriginId="org.eclipse.jdt.ui.CompilationUnitEditor" StartDate="2014-10-04 07:59:11.73 JST" StructureHandle="=TA2/src&amp;lt;ta2.utils{CONS.java[CONS[PlayActv^len_Audio" StructureKind="java"/><InteractionEvent Delta="null" EndDate="2014-10-04 07:54:08.159 JST" Interest="2.0" Kind="edit" Navigation="null" OriginId="org.eclipse.jdt.ui.CompilationUnitEditor" StartDate="2014-10-04 07:54:05.571 JST" StructureHandle="=TA2/src&amp;lt;ta2.utils{CONS.java[CONS[PlayActv^tvCurrentPosition" StructureKind="java" NumEvents="2" CreationCount="242"/><InteractionEvent Delta="null" EndDate="2014-10-04 07:59:00.901 JST" Interest="2.0" Kind="selection" Navigation="null" OriginId="org.eclipse.jdt.ui.CompilationUnitEditor" StartDate="2014-10-04 07:54:03.574 JST" StructureHandle="=TA2/src&amp;lt;ta2.utils{CONS.java[CONS[PlayActv^tvCurrentPosition" StructureKind="java" NumEvents="2" CreationCount="242"/><InteractionEvent Delta="null" EndDate="2014-10-04 07:46:19.157 JST" Interest="2.0" Kind="selection" Navigation="null" OriginId="org.eclipse.jdt.ui.CompilationUnitEditor" StartDate="2014-10-04 07:46:19.152 JST" StructureHandle="=TA2/src&amp;lt;ta2.main{PlayActv.java#java.io.IOException" StructureKind="java" NumEvents="2" CreationCount="55"/><InteractionEvent Delta="null" EndDate="2014-10-04 07:52:34.944 JST" Interest="1.0" Kind="selection" Navigation="null" OriginId="org.eclipse.jdt.ui.CompilationUnitEditor" StartDate="2014-10-04 07:52:34.944 JST" StructureHandle="=TA2/src&amp;lt;ta2.utils{Methods.java#java.io.File" StructureKind="java"/><InteractionEvent Delta="null" EndDate="2014-10-04 09:05:52.239 JST" Interest="344.0" Kind="propagation" Navigation="null" OriginId="org.eclipse.ui.views.ContentOutline" StartDate="2014-10-04 07:48:05.132 JST" StructureHandle="/TA2/src/ta2/utils" StructureKind="resource" NumEvents="344" CreationCount="89"/><InteractionEvent Delta="null" EndDate="2014-10-04 08:16:50.157 JST" Interest="43.0" Kind="edit" Navigation="null" OriginId="org.eclipse.jdt.ui.CompilationUnitEditor" StartDate="2014-10-04 08:02:07.231 JST" StructureHandle="=cm7/src&amp;lt;app.main{PlayActv.java[PlayActv~_onCreate_SetupViews" StructureKind="java" NumEvents="43" CreationCount="515"/><InteractionEvent Delta="null" EndDate="2014-10-04 08:16:44.287 JST" Interest="18.0" Kind="selection" Navigation="null" OriginId="org.eclipse.jdt.ui.CompilationUnitEditor" StartDate="2014-10-04 08:02:06.623 JST" StructureHandle="=cm7/src&amp;lt;app.main{PlayActv.java[PlayActv~_onCreate_SetupViews" StructureKind="java" NumEvents="18" CreationCount="515"/><InteractionEvent Delta="null" EndDate="2014-10-04 08:39:26.105 JST" Interest="9.0" Kind="edit" Navigation="null" OriginId="org.eclipse.jdt.ui.CompilationUnitEditor" StartDate="2014-10-04 08:07:25.823 JST" StructureHandle="=TA2/src&amp;lt;ta2.main{PlayActv.java[PlayActv" StructureKind="java" NumEvents="9" CreationCount="25"/><InteractionEvent Delta="null" EndDate="2014-10-04 08:38:13.930 JST" Interest="2.0" Kind="selection" Navigation="null" OriginId="org.eclipse.jdt.ui.CompilationUnitEditor" StartDate="2014-10-04 08:07:25.819 JST" StructureHandle="=TA2/src&amp;lt;ta2.main{PlayActv.java[PlayActv" StructureKind="java" NumEvents="2" CreationCount="25"/><InteractionEvent Delta="null" EndDate="2014-10-04 08:38:10.121 JST" Interest="843.105" Kind="propagation" Navigation="org.eclipse.mylyn.core.model.edges.containment" OriginId="org.eclipse.mylyn.core.model.interest.propagation" StartDate="2014-10-04 07:45:47.738 JST" StructureHandle="=TA2/src&amp;lt;ta2.main{PlayActv.java[PlayActv" StructureKind="java" NumEvents="1196" CreationCount="25"/><InteractionEvent Delta="null" EndDate="2014-10-04 09:01:56.961 JST" Interest="2256.017" Kind="propagation" Navigation="org.eclipse.mylyn.core.model.edges.containment" OriginId="org.eclipse.mylyn.core.model.interest.propagation" StartDate="2014-10-04 07:35:12.952 JST" StructureHandle="/TA2/src/ta2" StructureKind="resource" NumEvents="2264" CreationCount="3"/><InteractionEvent Delta="null" EndDate="2014-10-04 09:07:11.382 JST" Interest="148.0" Kind="edit" Navigation="null" OriginId="org.eclipse.jdt.ui.CompilationUnitEditor" StartDate="2014-10-04 07:50:37.423 JST" StructureHandle="=TA2/src&amp;lt;ta2.listeners{SBL.java[SBL~onProgressChanged~QSeekBar;~I~Z" StructureKind="java" NumEvents="148" CreationCount="175"/><InteractionEvent Delta="null" EndDate="2014-10-04 09:07:13.772 JST" Interest="25.0" Kind="selection" Navigation="null" OriginId="org.eclipse.jdt.ui.CompilationUnitEditor" StartDate="2014-10-04 07:50:37.410 JST" StructureHandle="=TA2/src&amp;lt;ta2.listeners{SBL.java[SBL~onProgressChanged~QSeekBar;~I~Z" StructureKind="java" NumEvents="25" CreationCount="175"/><InteractionEvent Delta="null" EndDate="2014-10-04 08:10:26.418 JST" Interest="16.0" Kind="edit" Navigation="null" OriginId="org.eclipse.jdt.ui.CompilationUnitEditor" StartDate="2014-10-04 08:08:55.808 JST" StructureHandle="=TA2/src&amp;lt;ta2.utils{Methods_dlg.java[Methods_dlg~dlg_ShowListActv_LongClick~QActivity;~QMemo;" StructureKind="java" NumEvents="16" CreationCount="750"/><InteractionEvent Delta="null" EndDate="2014-10-04 08:10:22.366 JST" Interest="5.0" Kind="selection" Navigation="null" OriginId="org.eclipse.jdt.ui.CompilationUnitEditor" StartDate="2014-10-04 08:08:54.614 JST" StructureHandle="=TA2/src&amp;lt;ta2.utils{Methods_dlg.java[Methods_dlg~dlg_ShowListActv_LongClick~QActivity;~QMemo;" StructureKind="java" NumEvents="5" CreationCount="750"/><InteractionEvent Delta="null" EndDate="2014-10-04 08:07:21.985 JST" Interest="29.0" Kind="edit" Navigation="null" OriginId="org.eclipse.jdt.ui.CompilationUnitEditor" StartDate="2014-10-04 08:00:22.462 JST" StructureHandle="=TA2/src&amp;lt;ta2.main{PlayActv.java[PlayActv~_Setup_Get_Memo" StructureKind="java" NumEvents="29" CreationCount="382"/><InteractionEvent Delta="null" EndDate="2014-10-04 08:07:05.974 JST" Interest="6.0" Kind="selection" Navigation="null" OriginId="org.eclipse.jdt.ui.CompilationUnitEditor" StartDate="2014-10-04 08:00:21.869 JST" StructureHandle="=TA2/src&amp;lt;ta2.main{PlayActv.java[PlayActv~_Setup_Get_Memo" StructureKind="java" NumEvents="6" CreationCount="382"/><InteractionEvent Delta="null" EndDate="2014-10-04 08:09:30.925 JST" Interest="31.0" Kind="propagation" Navigation="null" OriginId="org.eclipse.jdt.ui.CompilationUnitEditor" StartDate="2014-10-04 07:46:36.327 JST" StructureHandle="/cm7/src/app/listeners/SBL.java" StructureKind="resource" NumEvents="31" CreationCount="66"/><InteractionEvent Delta="null" EndDate="2014-10-04 07:49:25.744 JST" Interest="1.0" Kind="edit" Navigation="null" OriginId="org.eclipse.jdt.ui.CompilationUnitEditor" StartDate="2014-10-04 07:49:25.744 JST" StructureHandle="=TA2/src&amp;lt;ta2.utils{CONS.java[CONS[Pref^pkey_PlayActv_CurrentFileName" StructureKind="java"/><InteractionEvent Delta="null" EndDate="2014-10-04 07:49:23.684 JST" Interest="1.0" Kind="selection" Navigation="null" OriginId="org.eclipse.jdt.ui.CompilationUnitEditor" StartDate="2014-10-04 07:49:23.684 JST" StructureHandle="=TA2/src&amp;lt;ta2.utils{CONS.java[CONS[Pref^pkey_PlayActv_CurrentFileName" StructureKind="java"/><InteractionEvent Delta="null" EndDate="2014-10-04 08:17:15.770 JST" Interest="2.0" Kind="selection" Navigation="null" OriginId="org.eclipse.jdt.ui.CompilationUnitEditor" StartDate="2014-10-04 08:17:15.766 JST" StructureHandle="=TA2/src&amp;lt;ta2.main{PlayActv.java#java.util.regex.Matcher" StructureKind="java" NumEvents="2" CreationCount="1273"/><InteractionEvent Delta="null" EndDate="2014-10-04 08:24:51.482 JST" Interest="1.0" Kind="edit" Navigation="null" OriginId="org.eclipse.jdt.ui.CompilationUnitEditor" StartDate="2014-10-04 08:24:51.482 JST" StructureHandle="=TA2/src&amp;lt;ta2.listeners{SBL.java[SBL" StructureKind="java"/><InteractionEvent Delta="null" EndDate="2014-10-04 08:24:51.462 JST" Interest="1.0" Kind="selection" Navigation="null" OriginId="org.eclipse.jdt.ui.CompilationUnitEditor" StartDate="2014-10-04 08:24:51.462 JST" StructureHandle="=TA2/src&amp;lt;ta2.listeners{SBL.java[SBL" StructureKind="java"/><InteractionEvent Delta="null" EndDate="2014-10-04 09:07:13.772 JST" Interest="128.515" Kind="propagation" Navigation="org.eclipse.mylyn.core.model.edges.containment" OriginId="org.eclipse.mylyn.core.model.interest.propagation" StartDate="2014-10-04 07:47:23.8 JST" StructureHandle="=TA2/src&amp;lt;ta2.listeners{SBL.java[SBL" StructureKind="java" NumEvents="174" CreationCount="80"/><InteractionEvent Delta="null" EndDate="2014-10-04 07:58:55.773 JST" Interest="2.0" Kind="selection" Navigation="null" OriginId="org.eclipse.jdt.ui.CompilationUnitEditor" StartDate="2014-10-04 07:58:53.378 JST" StructureHandle="=TA2/src&amp;lt;ta2.utils{CONS.java[CONS[Paths" StructureKind="java" NumEvents="2" CreationCount="325"/><InteractionEvent Delta="null" EndDate="2014-10-04 08:42:31.36 JST" Interest="6.0" Kind="prediction" Navigation="null" OriginId="org.eclipse.mylyn.resources.ui.interest.updater" StartDate="2014-10-04 08:12:21.785 JST" StructureHandle="/TA2/bin/TA2.apk" StructureKind="resource" NumEvents="6" CreationCount="979"/><InteractionEvent Delta="null" EndDate="2014-10-04 08:32:34.560 JST" Interest="22.017" Kind="propagation" Navigation="org.eclipse.mylyn.core.model.edges.containment" OriginId="org.eclipse.mylyn.core.model.interest.propagation" StartDate="2014-10-04 08:07:54.872 JST" StructureHandle="/TA2/src/ta2/listeners/dialog" StructureKind="resource" NumEvents="23" CreationCount="724"/><InteractionEvent Delta="null" EndDate="2014-10-04 08:03:11.725 JST" Interest="3.0" Kind="edit" Navigation="null" OriginId="org.eclipse.jdt.ui.CompilationUnitEditor" StartDate="2014-10-04 08:03:10.765 JST" StructureHandle="=cm7/src&amp;lt;app.utils{Methods.java[Methods~set_Selection~QActivity;" StructureKind="java" NumEvents="3" CreationCount="548"/><InteractionEvent Delta="null" EndDate="2014-10-04 08:03:16.361 JST" Interest="2.0" Kind="selection" Navigation="null" OriginId="org.eclipse.ui.views.ContentOutline" StartDate="2014-10-04 08:03:10.758 JST" StructureHandle="=cm7/src&amp;lt;app.utils{Methods.java[Methods~set_Selection~QActivity;" StructureKind="java" NumEvents="2" CreationCount="548"/><InteractionEvent Delta="null" EndDate="2014-10-04 08:02:41.753 JST" Interest="1.0" Kind="propagation" Navigation="null" OriginId="org.eclipse.ui.views.ResourceNavigator" StartDate="2014-10-04 08:02:41.753 JST" StructureHandle="/cm7/src/app/main/ImpActv.java" StructureKind="resource"/><InteractionEvent Delta="null" EndDate="2014-10-04 07:53:09.571 JST" Interest="2.0" Kind="selection" Navigation="null" OriginId="org.eclipse.jdt.ui.CompilationUnitEditor" StartDate="2014-10-04 07:53:09.567 JST" StructureHandle="=cm7/src&amp;lt;app.utils{Methods.java[Methods~convert_sec2digits~I~I" StructureKind="java" NumEvents="2" CreationCount="222"/><InteractionEvent Delta="null" EndDate="2014-10-04 08:09:30.591 JST" Interest="20.0" Kind="selection" Navigation="null" OriginId="org.eclipse.jdt.ui.CompilationUnitEditor" StartDate="2014-10-04 07:46:36.326 JST" StructureHandle="=cm7/src&amp;lt;app.listeners{SBL.java" StructureKind="java" NumEvents="20" CreationCount="66"/><InteractionEvent Delta="null" EndDate="2014-10-04 08:03:22.674 JST" Interest="3.0" Kind="selection" Navigation="null" OriginId="org.eclipse.jdt.ui.CompilationUnitEditor" StartDate="2014-10-04 08:03:18.811 JST" StructureHandle="=cm7/src&amp;lt;app.utils{Methods.java[Methods~go_Down_Dir_Move~QActivity;~QString;" StructureKind="java" NumEvents="3" CreationCount="553"/><InteractionEvent Delta="null" EndDate="2014-10-04 07:52:42.99 JST" Interest="1.0" Kind="edit" Navigation="null" OriginId="org.eclipse.jdt.ui.CompilationUnitEditor" StartDate="2014-10-04 07:52:42.99 JST" StructureHandle="=TA2/src&amp;lt;ta2.utils{Methods.java" StructureKind="java"/><InteractionEvent Delta="null" EndDate="2014-10-04 09:02:53.616 JST" Interest="12.0" Kind="selection" Navigation="null" OriginId="org.eclipse.jdt.ui.CompilationUnitEditor" StartDate="2014-10-04 07:50:06.954 JST" StructureHandle="=TA2/src&amp;lt;ta2.utils{Methods.java" StructureKind="java" NumEvents="12" CreationCount="149"/><InteractionEvent Delta="null" EndDate="2014-10-04 09:05:52.238 JST" Interest="98.834" Kind="propagation" Navigation="org.eclipse.mylyn.core.model.edges.containment" OriginId="org.eclipse.mylyn.core.model.interest.propagation" StartDate="2014-10-04 07:50:20.936 JST" StructureHandle="=TA2/src&amp;lt;ta2.utils{Methods.java" StructureKind="java" NumEvents="143" CreationCount="149"/><InteractionEvent Delta="null" EndDate="2014-10-04 08:12:14.669 JST" Interest="33.0" Kind="propagation" Navigation="null" OriginId="org.eclipse.jdt.ui.PackageExplorer" StartDate="2014-10-04 08:08:36.955 JST" StructureHandle="/TA2/src/ta2/utils/Methods_dlg.java" StructureKind="resource" NumEvents="33" CreationCount="746"/><InteractionEvent Delta="null" EndDate="2014-10-04 07:46:53.812 JST" Interest="3.0" Kind="selection" Navigation="null" OriginId="org.eclipse.ui.views.ResourceNavigator" StartDate="2014-10-04 07:46:43.780 JST" StructureHandle="=cm7/src&amp;lt;app.listeners{STL.java" StructureKind="java" NumEvents="3" CreationCount="67"/><InteractionEvent Delta="null" EndDate="2014-10-04 09:15:32.518 JST" Interest="3210.0" Kind="propagation" Navigation="null" OriginId="org.eclipse.ui.views.ContentOutline" StartDate="2014-10-04 07:34:50.220 JST" StructureHandle="/" StructureKind="resource" NumEvents="3210" CreationCount="1"/><InteractionEvent Delta="null" EndDate="2014-10-04 08:12:21.786 JST" Interest="1.0" Kind="propagation" Navigation="org.eclipse.mylyn.core.model.edges.containment" OriginId="org.eclipse.mylyn.core.model.interest.propagation" StartDate="2014-10-04 08:12:21.786 JST" StructureHandle="/TA2/bin" StructureKind="resource"/><InteractionEvent Delta="null" EndDate="2014-10-04 08:12:14.668 JST" Interest="10.0" Kind="selection" Navigation="null" OriginId="org.eclipse.jdt.ui.PackageExplorer" StartDate="2014-10-04 08:08:36.954 JST" StructureHandle="=TA2/src&amp;lt;ta2.utils{Methods_dlg.java" StructureKind="java" NumEvents="10" CreationCount="746"/><InteractionEvent Delta="null" EndDate="2014-10-04 08:10:26.419 JST" Interest="7.2680006" Kind="propagation" Navigation="org.eclipse.mylyn.core.model.edges.containment" OriginId="org.eclipse.mylyn.core.model.interest.propagation" StartDate="2014-10-04 08:08:55.830 JST" StructureHandle="=TA2/src&amp;lt;ta2.utils{Methods_dlg.java" StructureKind="java" NumEvents="11" CreationCount="746"/><InteractionEvent Delta="null" EndDate="2014-10-04 09:01:56.961 JST" Interest="2256.017" Kind="propagation" Navigation="org.eclipse.mylyn.core.model.edges.containment" OriginId="org.eclipse.mylyn.core.model.interest.propagation" StartDate="2014-10-04 07:35:12.952 JST" StructureHandle="/TA2/src/ta2/main" StructureKind="resource" NumEvents="2258" CreationCount="3"/><InteractionEvent Delta="null" EndDate="2014-10-04 07:58:50.312 JST" Interest="5.0" Kind="selection" Navigation="null" OriginId="org.eclipse.ui.views.ContentOutline" StartDate="2014-10-04 07:51:17.446 JST" StructureHandle="=TA2/src&amp;lt;ta2.utils{CONS.java[CONS[PlayActv^sb" StructureKind="java" NumEvents="5" CreationCount="185"/><InteractionEvent Delta="null" EndDate="2014-10-04 09:05:52.238 JST" Interest="260.0" Kind="propagation" Navigation="null" OriginId="org.eclipse.ui.views.ContentOutline" StartDate="2014-10-04 07:50:06.955 JST" StructureHandle="/TA2/src/ta2/utils/Methods.java" StructureKind="resource" NumEvents="260" CreationCount="149"/><InteractionEvent Delta="null" EndDate="2014-10-04 08:09:30.926 JST" Interest="35.034" Kind="propagation" Navigation="null" OriginId="org.eclipse.jdt.ui.CompilationUnitEditor" StartDate="2014-10-04 07:46:33.913 JST" StructureHandle="/cm7/src/app/listeners" StructureKind="resource" NumEvents="37" CreationCount="65"/><InteractionEvent Delta="null" EndDate="2014-10-04 08:07:54.872 JST" Interest="1.0" Kind="selection" Navigation="null" OriginId="org.eclipse.jdt.ui.PackageExplorer" StartDate="2014-10-04 08:07:54.872 JST" StructureHandle="=TA2/src&amp;lt;ta2.listeners.dialog" StructureKind="java"/><InteractionEvent Delta="null" EndDate="2014-10-04 08:32:34.560 JST" Interest="18.513" Kind="propagation" Navigation="org.eclipse.mylyn.core.model.edges.containment" OriginId="org.eclipse.mylyn.core.model.interest.propagation" StartDate="2014-10-04 08:07:58.332 JST" StructureHandle="=TA2/src&amp;lt;ta2.listeners.dialog" StructureKind="java" NumEvents="20" CreationCount="724"/><InteractionEvent Delta="null" EndDate="2014-10-04 08:38:10.120 JST" Interest="1169.0" Kind="edit" Navigation="null" OriginId="org.eclipse.jdt.ui.CompilationUnitEditor" StartDate="2014-10-04 08:01:37.695 JST" StructureHandle="=TA2/src&amp;lt;ta2.main{PlayActv.java[PlayActv~_Setup_AudioLen" StructureKind="java" NumEvents="1169" CreationCount="490"/><InteractionEvent Delta="null" EndDate="2014-10-04 08:37:58.533 JST" Interest="20.0" Kind="selection" Navigation="null" OriginId="org.eclipse.jdt.ui.CompilationUnitEditor" StartDate="2014-10-04 08:01:37.688 JST" StructureHandle="=TA2/src&amp;lt;ta2.main{PlayActv.java[PlayActv~_Setup_AudioLen" StructureKind="java" NumEvents="20" CreationCount="490"/><InteractionEvent Delta="null" EndDate="2014-10-04 07:58:43.275 JST" Interest="2.0" Kind="edit" Navigation="null" OriginId="org.eclipse.jdt.ui.CompilationUnitEditor" StartDate="2014-10-04 07:58:43.260 JST" StructureHandle="=TA2/src&amp;lt;ta2.utils{Methods.java[Methods~get_DirList~QString;" StructureKind="java" NumEvents="2" CreationCount="315"/><InteractionEvent Delta="null" EndDate="2014-10-04 07:58:35.771 JST" Interest="1.0" Kind="selection" Navigation="null" OriginId="org.eclipse.ui.views.ContentOutline" StartDate="2014-10-04 07:58:35.771 JST" StructureHandle="=TA2/src&amp;lt;ta2.utils{Methods.java[Methods~get_DirList~QString;" StructureKind="java"/><InteractionEvent Delta="null" EndDate="2014-10-04 08:03:00.240 JST" Interest="4.0" Kind="edit" Navigation="null" OriginId="org.eclipse.jdt.ui.CompilationUnitEditor" StartDate="2014-10-04 08:02:58.962 JST" StructureHandle="=cm7/src&amp;lt;app.main{ALActv.java[ALActv~_onCreate_SetSelection" StructureKind="java" NumEvents="4" CreationCount="541"/><InteractionEvent Delta="null" EndDate="2014-10-04 08:02:58.59 JST" Interest="1.0" Kind="selection" Navigation="null" OriginId="org.eclipse.ui.views.ContentOutline" StartDate="2014-10-04 08:02:58.59 JST" StructureHandle="=cm7/src&amp;lt;app.main{ALActv.java[ALActv~_onCreate_SetSelection" StructureKind="java"/><InteractionEvent Delta="null" EndDate="2014-10-04 08:02:35.789 JST" Interest="1.0" Kind="selection" Navigation="null" OriginId="org.eclipse.ui.views.ResourceNavigator" StartDate="2014-10-04 08:02:35.789 JST" StructureHandle="=cm7/src&amp;lt;app.listeners.text" StructureKind="java"/><InteractionEvent Delta="null" EndDate="2014-10-04 07:46:33.913 JST" Interest="1.0" Kind="selection" Navigation="null" OriginId="org.eclipse.ui.views.ResourceNavigator" StartDate="2014-10-04 07:46:33.913 JST" StructureHandle="=cm7/src&amp;lt;app.listeners" StructureKind="java"/><InteractionEvent Delta="null" EndDate="2014-10-04 08:09:30.925 JST" Interest="19.017" Kind="propagation" Navigation="org.eclipse.mylyn.core.model.edges.containment" OriginId="org.eclipse.mylyn.core.model.interest.propagation" StartDate="2014-10-04 07:46:36.327 JST" StructureHandle="=cm7/src&amp;lt;app.listeners" StructureKind="java" NumEvents="24" CreationCount="65"/><InteractionEvent Delta="null" EndDate="2014-10-04 07:48:23.313 JST" Interest="1.0" Kind="selection" Navigation="null" OriginId="org.eclipse.jdt.ui.CompilationUnitEditor" StartDate="2014-10-04 07:48:23.313 JST" StructureHandle="=TA2/src&amp;lt;ta2.utils{CONS.java[CONS[Pref^pkey_ShowListActv_Filter_String" StructureKind="java"/><InteractionEvent Delta="null" EndDate="2014-10-04 08:02:35.659 JST" Interest="3.1650004" Kind="manipulation" Navigation="null" OriginId="org.eclipse.mylyn.core.model.interest.decay.correction" StartDate="2014-10-04 08:02:35.659 JST" StructureHandle="=cm7/src&amp;lt;app.listeners{LOI_LCL.java" StructureKind="java"/><InteractionEvent Delta="null" EndDate="2014-10-04 08:02:35.659 JST" Interest="2.0" Kind="selection" Navigation="null" OriginId="org.eclipse.ui.views.ResourceNavigator" StartDate="2014-10-04 07:57:50.637 JST" StructureHandle="=cm7/src&amp;lt;app.listeners{LOI_LCL.java" StructureKind="java" NumEvents="2" CreationCount="286"/><InteractionEvent Delta="null" EndDate="2014-10-04 07:46:30.986 JST" Interest="1.0" Kind="propagation" Navigation="null" OriginId="org.eclipse.ui.views.ResourceNavigator" StartDate="2014-10-04 07:46:30.986 JST" StructureHandle="/cm7/gen" StructureKind="resource"/><InteractionEvent Delta="null" EndDate="2014-10-04 09:15:32.518 JST" Interest="243.0" Kind="propagation" Navigation="null" OriginId="org.eclipse.ui.views.ContentOutline" StartDate="2014-10-04 07:35:31.940 JST" StructureHandle="/cm7" StructureKind="resource" NumEvents="243" CreationCount="9"/><InteractionEvent Delta="null" EndDate="2014-10-04 07:53:38.903 JST" Interest="2.0" Kind="edit" Navigation="null" OriginId="org.eclipse.jdt.ui.CompilationUnitEditor" StartDate="2014-10-04 07:53:34.923 JST" StructureHandle="=TA2/src&amp;lt;ta2.utils{Methods.java[Methods~convert_sec2digits~I~I" StructureKind="java" NumEvents="2" CreationCount="228"/><InteractionEvent Delta="null" EndDate="2014-10-04 07:54:36.58 JST" Interest="3.0" Kind="selection" Navigation="null" OriginId="org.eclipse.jdt.ui.CompilationUnitEditor" StartDate="2014-10-04 07:53:19.806 JST" StructureHandle="=TA2/src&amp;lt;ta2.utils{Methods.java[Methods~convert_sec2digits~I~I" StructureKind="java" NumEvents="3" CreationCount="228"/><InteractionEvent Delta="null" EndDate="2014-10-04 08:37:56.945 JST" Interest="16.674002" Kind="manipulation" Navigation="null" OriginId="org.eclipse.mylyn.core.model.interest.decay.correction" StartDate="2014-10-04 08:37:56.945 JST" StructureHandle="=TA2/src&amp;lt;ta2.main{PlayActv.java[PlayActv~_Setup_Listeners" StructureKind="java"/><InteractionEvent Delta="null" EndDate="2014-10-04 08:39:27.429 JST" Interest="43.0" Kind="edit" Navigation="null" OriginId="org.eclipse.jdt.ui.CompilationUnitEditor" StartDate="2014-10-04 07:45:47.927 JST" StructureHandle="=TA2/src&amp;lt;ta2.main{PlayActv.java[PlayActv~_Setup_Listeners" StructureKind="java" NumEvents="43" CreationCount="25"/><InteractionEvent Delta="null" EndDate="2014-10-04 08:39:31.650 JST" Interest="14.0" Kind="selection" Navigation="null" OriginId="org.eclipse.jdt.ui.CompilationUnitEditor" StartDate="2014-10-04 07:45:47.738 JST" StructureHandle="=TA2/src&amp;lt;ta2.main{PlayActv.java[PlayActv~_Setup_Listeners" StructureKind="java" NumEvents="14" CreationCount="25"/><InteractionEvent Delta="null" EndDate="2014-10-04 08:08:21.949 JST" Interest="10.017" Kind="propagation" Navigation="org.eclipse.mylyn.core.model.edges.containment" OriginId="org.eclipse.mylyn.core.model.interest.propagation" StartDate="2014-10-04 08:08:01.565 JST" StructureHandle="=TA2/src&amp;lt;ta2.listeners.dialog{DOI_CL.java[DOI_CL" StructureKind="java" NumEvents="15" CreationCount="728"/><InteractionEvent Delta="null" EndDate="2014-10-04 08:09:30.924 JST" Interest="12.084" Kind="propagation" Navigation="org.eclipse.mylyn.core.model.edges.containment" OriginId="org.eclipse.mylyn.core.model.interest.propagation" StartDate="2014-10-04 07:48:49.902 JST" StructureHandle="=cm7/src&amp;lt;app.listeners{SBL.java[SBL" StructureKind="java" NumEvents="8" CreationCount="116"/><InteractionEvent Delta="null" EndDate="2014-10-04 09:01:56.961 JST" Interest="2256.0" Kind="propagation" Navigation="null" OriginId="org.eclipse.jdt.ui.CompilationUnitEditor" StartDate="2014-10-04 07:35:15.199 JST" StructureHandle="/TA2/src/ta2/main/PlayActv.java" StructureKind="resource" NumEvents="2256" CreationCount="4"/><InteractionEvent Delta="null" EndDate="2014-10-04 07:52:36.222 JST" Interest="1.0" Kind="selection" Navigation="null" OriginId="org.eclipse.jdt.ui.CompilationUnitEditor" StartDate="2014-10-04 07:52:36.222 JST" StructureHandle="=TA2/src&amp;lt;ta2.utils{Methods.java#android.content.Context" StructureKind="java"/><InteractionEvent Delta="null" EndDate="2014-10-04 07:47:15.61 JST" Interest="2.0" Kind="edit" Navigation="null" OriginId="org.eclipse.jdt.ui.CompilationUnitEditor" StartDate="2014-10-04 07:47:13.869 JST" StructureHandle="=TA2/src&amp;lt;ta2.listeners{SBL.java" StructureKind="java" NumEvents="2" CreationCount="74"/><InteractionEvent Delta="null" EndDate="2014-10-04 09:05:42.76 JST" Interest="26.0" Kind="selection" Navigation="null" OriginId="org.eclipse.jdt.ui.CompilationUnitEditor" StartDate="2014-10-04 07:47:03.421 JST" StructureHandle="=TA2/src&amp;lt;ta2.listeners{SBL.java" StructureKind="java" NumEvents="26" CreationCount="74"/><InteractionEvent Delta="null" EndDate="2014-10-04 09:07:13.773 JST" Interest="102.91701" Kind="propagation" Navigation="org.eclipse.mylyn.core.model.edges.containment" OriginId="org.eclipse.mylyn.core.model.interest.propagation" StartDate="2014-10-04 07:47:01.436 JST" StructureHandle="=TA2/src&amp;lt;ta2.listeners{SBL.java" StructureKind="java" NumEvents="147" CreationCount="74"/><InteractionEvent Delta="null" EndDate="2014-10-04 07:46:30.986 JST" Interest="1.0" Kind="selection" Navigation="null" OriginId="org.eclipse.ui.views.ResourceNavigator" StartDate="2014-10-04 07:46:30.986 JST" StructureHandle="=cm7/gen" StructureKind="java"/><InteractionEvent Delta="null" EndDate="2014-10-04 08:13:40.383 JST" Interest="2.0" Kind="selection" Navigation="null" OriginId="org.eclipse.jdt.ui.CompilationUnitEditor" StartDate="2014-10-04 08:13:40.379 JST" StructureHandle="=TA2/src&amp;lt;ta2.main{PlayActv.java[PlayActv~_onCreate_Get_IntentValues" StructureKind="java" NumEvents="2" CreationCount="1085"/><InteractionEvent Delta="null" EndDate="2014-10-04 08:16:24.867 JST" Interest="2.0" Kind="selection" Navigation="null" OriginId="org.eclipse.search.ui.views.SearchView" StartDate="2014-10-04 07:35:37.436 JST" StructureHandle="=cm7/src&amp;lt;app.main" StructureKind="java" NumEvents="2" CreationCount="12"/><InteractionEvent Delta="null" EndDate="2014-10-04 08:16:50.158 JST" Interest="54.650997" Kind="propagation" Navigation="org.eclipse.mylyn.core.model.edges.containment" OriginId="org.eclipse.mylyn.core.model.interest.propagation" StartDate="2014-10-04 07:35:42.686 JST" StructureHandle="=cm7/src&amp;lt;app.main" StructureKind="java" NumEvents="75" CreationCount="12"/><InteractionEvent Delta="null" EndDate="2014-10-04 09:15:32.518 JST" Interest="74.0" Kind="propagation" Navigation="null" OriginId="org.eclipse.ui.views.ContentOutline" StartDate="2014-10-04 07:48:59.235 JST" StructureHandle="/cm7/src/app/utils" StructureKind="resource" NumEvents="74" CreationCount="117"/><InteractionEvent Delta="null" EndDate="2014-10-04 08:08:04.488 JST" Interest="3.0" Kind="selection" Navigation="null" OriginId="org.eclipse.jdt.ui.CompilationUnitEditor" StartDate="2014-10-04 08:08:01.564 JST" StructureHandle="=TA2/src&amp;lt;ta2.listeners.dialog{DOI_CL.java[DOI_CL~case_ACTV_MEMO_ADMIN_PATTERNS_GV~QListItem;" StructureKind="java" NumEvents="3" CreationCount="728"/><InteractionEvent Delta="null" EndDate="2014-10-04 07:46:53.79 JST" Interest="1.0" Kind="edit" Navigation="null" OriginId="org.eclipse.jdt.ui.CompilationUnitEditor" StartDate="2014-10-04 07:46:53.79 JST" StructureHandle="=TA2/src&amp;lt;ta2.main{PlayActv.java" StructureKind="java"/><InteractionEvent Delta="null" EndDate="2014-10-04 08:32:35.338 JST" Interest="31.0" Kind="selection" Navigation="null" OriginId="org.eclipse.jdt.ui.CompilationUnitEditor" StartDate="2014-10-04 07:35:15.198 JST" StructureHandle="=TA2/src&amp;lt;ta2.main{PlayActv.java" StructureKind="java" NumEvents="31" CreationCount="4"/><InteractionEvent Delta="null" EndDate="2014-10-04 08:39:26.721 JST" Interest="820.062" Kind="propagation" Navigation="org.eclipse.mylyn.core.model.edges.containment" OriginId="org.eclipse.mylyn.core.model.interest.propagation" StartDate="2014-10-04 07:45:51.213 JST" StructureHandle="=TA2/src&amp;lt;ta2.main{PlayActv.java" StructureKind="java" NumEvents="1173" CreationCount="4"/><InteractionEvent Delta="null" EndDate="2014-10-04 08:02:48.784 JST" Interest="1.0" Kind="selection" Navigation="null" OriginId="org.eclipse.ui.views.ContentOutline" StartDate="2014-10-04 08:02:48.784 JST" StructureHandle="=cm7/src&amp;lt;app.main{ALActv.java[ALActv~onCreate~QBundle;" StructureKind="java"/><InteractionEvent Delta="null" EndDate="2014-10-04 08:02:43.564 JST" Interest="1.0" Kind="edit" Navigation="null" OriginId="org.eclipse.jdt.ui.CompilationUnitEditor" StartDate="2014-10-04 08:02:43.564 JST" StructureHandle="=cm7/src&amp;lt;app.main{ALActv.java" StructureKind="java"/><InteractionEvent Delta="null" EndDate="2014-10-04 08:07:46.921 JST" Interest="4.0" Kind="selection" Navigation="null" OriginId="org.eclipse.ui.views.ResourceNavigator" StartDate="2014-10-04 08:02:42.846 JST" StructureHandle="=cm7/src&amp;lt;app.main{ALActv.java" StructureKind="java" NumEvents="4" CreationCount="535"/><InteractionEvent Delta="null" EndDate="2014-10-04 08:03:00.241 JST" Interest="0.2019999" Kind="propagation" Navigation="org.eclipse.mylyn.core.model.edges.containment" OriginId="org.eclipse.mylyn.core.model.interest.propagation" StartDate="2014-10-04 08:03:00.241 JST" StructureHandle="=cm7/src&amp;lt;app.main{ALActv.java" StructureKind="java"/><InteractionEvent Delta="null" EndDate="2014-10-04 09:15:32.518 JST" Interest="237.051" Kind="propagation" Navigation="null" OriginId="org.eclipse.ui.views.ContentOutline" StartDate="2014-10-04 07:35:34.54 JST" StructureHandle="/cm7/src" StructureKind="resource" NumEvents="241" CreationCount="10"/><InteractionEvent Delta="null" EndDate="2014-10-04 07:46:58.524 JST" Interest="1.0" Kind="selection" Navigation="null" OriginId="org.eclipse.jdt.ui.PackageExplorer" StartDate="2014-10-04 07:46:58.524 JST" StructureHandle="=TA2/src&amp;lt;ta2.listeners" StructureKind="java"/><InteractionEvent Delta="null" EndDate="2014-10-04 09:07:13.791 JST" Interest="129.31702" Kind="propagation" Navigation="org.eclipse.mylyn.core.model.edges.containment" OriginId="org.eclipse.mylyn.core.model.interest.propagation" StartDate="2014-10-04 07:47:03.423 JST" StructureHandle="=TA2/src&amp;lt;ta2.listeners" StructureKind="java" NumEvents="179" CreationCount="74"/><InteractionEvent Delta="null" EndDate="2014-10-04 07:45:45.299 JST" Interest="1.0" Kind="selection" Navigation="null" OriginId="org.eclipse.ui.views.ContentOutline" StartDate="2014-10-04 07:45:45.299 JST" StructureHandle="=TA2/src&amp;lt;ta2.main{PlayActv.java%ta2.main" StructureKind="java"/><InteractionEvent Delta="null" EndDate="2014-10-04 08:12:21.785 JST" Interest="1.0" Kind="prediction" Navigation="null" OriginId="org.eclipse.mylyn.resources.ui.interest.updater" StartDate="2014-10-04 08:12:21.785 JST" StructureHandle="/TA2/bin/resources.ap_" StructureKind="resource"/><InteractionEvent Delta="null" EndDate="2014-10-04 07:49:08.271 JST" Interest="1.0" Kind="edit" Navigation="null" OriginId="org.eclipse.jdt.ui.CompilationUnitEditor" StartDate="2014-10-04 07:49:08.271 JST" StructureHandle="=cm7/src&amp;lt;app.utils{CONS.java[CONS[Pref" StructureKind="java"/><InteractionEvent Delta="null" EndDate="2014-10-04 07:49:06.915 JST" Interest="1.0" Kind="selection" Navigation="null" OriginId="org.eclipse.jdt.ui.CompilationUnitEditor" StartDate="2014-10-04 07:49:06.915 JST" StructureHandle="=cm7/src&amp;lt;app.utils{CONS.java[CONS[Pref" StructureKind="java"/><InteractionEvent Delta="null" EndDate="2014-10-04 07:49:05.683 JST" Interest="3.1" Kind="propagation" Navigation="org.eclipse.mylyn.core.model.edges.containment" OriginId="org.eclipse.mylyn.core.model.interest.propagation" StartDate="2014-10-04 07:49:00.127 JST" StructureHandle="=cm7/src&amp;lt;app.utils{CONS.java[CONS[Pref" StructureKind="java" NumEvents="4" CreationCount="118"/><InteractionEvent Delta="null" EndDate="2014-10-04 09:15:32.517 JST" Interest="60.0" Kind="propagation" Navigation="null" OriginId="org.eclipse.ui.views.ContentOutline" StartDate="2014-10-04 07:49:54.258 JST" StructureHandle="/cm7/src/app/utils/Methods.java" StructureKind="resource" NumEvents="60" CreationCount="143"/><InteractionEvent Delta="null" EndDate="2014-10-04 09:15:17.847 JST" Interest="105.0" Kind="edit" Navigation="null" OriginId="org.eclipse.jdt.ui.CompilationUnitEditor" StartDate="2014-10-04 07:47:23.594 JST" StructureHandle="=TA2/src&amp;lt;ta2.listeners{SBL.java[SBL~onStopTrackingTouch~QSeekBar;" StructureKind="java" NumEvents="105" CreationCount="80"/><InteractionEvent Delta="null" EndDate="2014-10-04 09:07:13.790 JST" Interest="21.0" Kind="selection" Navigation="null" OriginId="org.eclipse.jdt.ui.CompilationUnitEditor" StartDate="2014-10-04 07:47:23.6 JST" StructureHandle="=TA2/src&amp;lt;ta2.listeners{SBL.java[SBL~onStopTrackingTouch~QSeekBar;" StructureKind="java" NumEvents="21" CreationCount="80"/><InteractionEvent Delta="null" EndDate="2014-10-04 07:52:28.914 JST" Interest="3.0" Kind="selection" Navigation="null" OriginId="org.eclipse.jdt.ui.CompilationUnitEditor" StartDate="2014-10-04 07:50:22.219 JST" StructureHandle="=TA2/src&amp;lt;ta2.utils{Methods.java[Methods~setPref_Long~QActivity;~QString;~QString;~J" StructureKind="java" NumEvents="3" CreationCount="164"/><InteractionEvent Delta="null" EndDate="2014-10-04 08:16:50.158 JST" Interest="113.0" Kind="propagation" Navigation="null" OriginId="org.eclipse.jdt.ui.CompilationUnitEditor" StartDate="2014-10-04 07:35:42.686 JST" StructureHandle="/cm7/src/app/main/PlayActv.java" StructureKind="resource" NumEvents="113" CreationCount="13"/><InteractionEvent Delta="null" EndDate="2014-10-04 09:15:26.851 JST" Interest="34.533005" Kind="manipulation" Navigation="null" OriginId="org.eclipse.mylyn.core.model.interest.decay.correction" StartDate="2014-10-04 09:15:26.851 JST" StructureHandle="=cm7/src&amp;lt;app.utils{Methods.java" StructureKind="java"/><InteractionEvent Delta="null" EndDate="2014-10-04 09:15:26.851 JST" Interest="8.0" Kind="selection" Navigation="null" OriginId="org.eclipse.jdt.ui.CompilationUnitEditor" StartDate="2014-10-04 07:49:54.258 JST" StructureHandle="=cm7/src&amp;lt;app.utils{Methods.java" StructureKind="java" NumEvents="8" CreationCount="143"/><InteractionEvent Delta="null" EndDate="2014-10-04 09:15:32.518 JST" Interest="11.503998" Kind="propagation" Navigation="org.eclipse.mylyn.core.model.edges.containment" OriginId="org.eclipse.mylyn.core.model.interest.propagation" StartDate="2014-10-04 07:49:55.371 JST" StructureHandle="=cm7/src&amp;lt;app.utils{Methods.java" StructureKind="java" NumEvents="21" CreationCount="143"/><InteractionEvent Delta="null" EndDate="2014-10-04 08:32:34.560 JST" Interest="22.0" Kind="propagation" Navigation="null" OriginId="org.eclipse.jdt.ui.CompilationUnitEditor" StartDate="2014-10-04 08:07:58.332 JST" StructureHandle="/TA2/src/ta2/listeners/dialog/DOI_CL.java" StructureKind="resource" NumEvents="22" CreationCount="725"/><InteractionEvent Delta="null" EndDate="2014-10-04 07:54:43.657 JST" Interest="1.0" Kind="selection" Navigation="null" OriginId="org.eclipse.jdt.ui.CompilationUnitEditor" StartDate="2014-10-04 07:54:43.657 JST" StructureHandle="=TA2/src&amp;lt;ta2.utils{Methods.java[Methods~conv_MillSec_to_ClockLabel~J" StructureKind="java"/><InteractionEvent Delta="null" EndDate="2014-10-04 07:50:00.225 JST" Interest="2.0" Kind="edit" Navigation="null" OriginId="org.eclipse.jdt.ui.CompilationUnitEditor" StartDate="2014-10-04 07:49:56.790 JST" StructureHandle="=cm7/src&amp;lt;app.utils{Methods.java[Methods~setPref_Long~QActivity;~QString;~QString;~J" StructureKind="java" NumEvents="2" CreationCount="144"/><InteractionEvent Delta="null" EndDate="2014-10-04 07:49:55.370 JST" Interest="1.0" Kind="selection" Navigation="null" OriginId="org.eclipse.jdt.ui.CompilationUnitEditor" StartDate="2014-10-04 07:49:55.370 JST" StructureHandle="=cm7/src&amp;lt;app.utils{Methods.java[Methods~setPref_Long~QActivity;~QString;~QString;~J" StructureKind="java"/><InteractionEvent Delta="null" EndDate="2014-10-04 09:01:56.960 JST" Interest="196.0" Kind="edit" Navigation="null" OriginId="org.eclipse.jdt.ui.CompilationUnitEditor" StartDate="2014-10-04 08:00:57.423 JST" StructureHandle="=TA2/src&amp;lt;ta2.main{PlayActv.java[PlayActv~onStart" StructureKind="java" NumEvents="196" CreationCount="405"/><InteractionEvent Delta="null" EndDate="2014-10-04 09:01:56.840 JST" Interest="14.0" Kind="selection" Navigation="null" OriginId="org.eclipse.jdt.ui.CompilationUnitEditor" StartDate="2014-10-04 08:00:56.874 JST" StructureHandle="=TA2/src&amp;lt;ta2.main{PlayActv.java[PlayActv~onStart" StructureKind="java" NumEvents="14" CreationCount="405"/><InteractionEvent Delta="null" EndDate="2014-10-04 09:01:50.220 JST" Interest="458.0" Kind="edit" Navigation="null" OriginId="org.eclipse.jdt.ui.CompilationUnitEditor" StartDate="2014-10-04 08:13:22.914 JST" StructureHandle="=TA2/src&amp;lt;ta2.main{PlayActv.java[PlayActv~_Setup_Views" StructureKind="java" NumEvents="458" CreationCount="1061"/><InteractionEvent Delta="null" EndDate="2014-10-04 08:39:47.204 JST" Interest="22.0" Kind="selection" Navigation="null" OriginId="org.eclipse.jdt.ui.CompilationUnitEditor" StartDate="2014-10-04 08:13:22.904 JST" StructureHandle="=TA2/src&amp;lt;ta2.main{PlayActv.java[PlayActv~_Setup_Views" StructureKind="java" NumEvents="22" CreationCount="1061"/><InteractionEvent Delta="null" EndDate="2014-10-04 08:12:15.318 JST" Interest="2.0" Kind="selection" Navigation="null" OriginId="org.eclipse.jdt.ui.PackageExplorer" StartDate="2014-10-04 07:35:12.952 JST" StructureHandle="=TA2/src&amp;lt;ta2.main" StructureKind="java" NumEvents="2" CreationCount="3"/><InteractionEvent Delta="null" EndDate="2014-10-04 08:39:26.758 JST" Interest="849.77905" Kind="propagation" Navigation="org.eclipse.mylyn.core.model.edges.containment" OriginId="org.eclipse.mylyn.core.model.interest.propagation" StartDate="2014-10-04 07:35:15.199 JST" StructureHandle="=TA2/src&amp;lt;ta2.main" StructureKind="java" NumEvents="1224" CreationCount="3"/><InteractionEvent Delta="null" EndDate="2014-10-04 07:46:20.649 JST" Interest="2.0" Kind="selection" Navigation="null" OriginId="org.eclipse.jdt.ui.CompilationUnitEditor" StartDate="2014-10-04 07:46:20.645 JST" StructureHandle="=TA2/src&amp;lt;ta2.main{PlayActv.java#" StructureKind="java" NumEvents="2" CreationCount="55"/><InteractionEvent Delta="null" EndDate="2014-10-04 08:17:27.767 JST" Interest="22.774" Kind="propagation" Navigation="org.eclipse.mylyn.core.model.edges.containment" OriginId="org.eclipse.mylyn.core.model.interest.propagation" StartDate="2014-10-04 07:46:19.153 JST" StructureHandle="=TA2/src&amp;lt;ta2.main{PlayActv.java#" StructureKind="java" NumEvents="11" CreationCount="55"/><InteractionEvent Delta="null" EndDate="2014-10-04 09:15:17.848 JST" Interest="336.0" Kind="propagation" Navigation="null" OriginId="org.eclipse.jdt.ui.CompilationUnitEditor" StartDate="2014-10-04 07:46:58.524 JST" StructureHandle="/TA2/src/ta2/listeners" StructureKind="resource" NumEvents="336" CreationCount="74"/><InteractionEvent Delta="null" EndDate="2014-10-04 07:58:01.190 JST" Interest="7.0" Kind="selection" Navigation="null" OriginId="org.eclipse.jdt.ui.CompilationUnitEditor" StartDate="2014-10-04 07:48:49.901 JST" StructureHandle="=cm7/src&amp;lt;app.listeners{SBL.java[SBL~onStopTrackingTouch~QSeekBar;" StructureKind="java" NumEvents="7" CreationCount="116"/><InteractionEvent Delta="null" EndDate="2014-10-04 08:15:50.407 JST" Interest="2.0" Kind="selection" Navigation="null" OriginId="org.eclipse.jdt.ui.CompilationUnitEditor" StartDate="2014-10-04 08:15:50.402 JST" StructureHandle="=TA2/src&amp;lt;ta2.main{PlayActv.java#java.io.File" StructureKind="java" NumEvents="2" CreationCount="1196"/><InteractionEvent Delta="null" EndDate="2014-10-04 08:16:44.178 JST" Interest="26.0" Kind="selection" Navigation="null" OriginId="org.eclipse.jdt.ui.CompilationUnitEditor" StartDate="2014-10-04 07:35:42.685 JST" StructureHandle="=cm7/src&amp;lt;app.main{PlayActv.java" StructureKind="java" NumEvents="26" CreationCount="13"/><InteractionEvent Delta="null" EndDate="2014-10-04 08:16:50.158 JST" Interest="30.633999" Kind="propagation" Navigation="org.eclipse.mylyn.core.model.edges.containment" OriginId="org.eclipse.mylyn.core.model.interest.propagation" StartDate="2014-10-04 07:36:24.852 JST" StructureHandle="=cm7/src&amp;lt;app.main{PlayActv.java" StructureKind="java" NumEvents="46" CreationCount="13"/><InteractionEvent Delta="null" EndDate="2014-10-04 08:16:50.159 JST" Interest="126.017" Kind="propagation" Navigation="null" OriginId="org.eclipse.jdt.ui.CompilationUnitEditor" StartDate="2014-10-04 07:35:37.436 JST" StructureHandle="/cm7/src/app/main" StructureKind="resource" NumEvents="127" CreationCount="12"/><InteractionEvent Delta="null" EndDate="2014-10-04 07:54:22.119 JST" Interest="1.0" Kind="selection" Navigation="null" OriginId="org.eclipse.jdt.ui.CompilationUnitEditor" StartDate="2014-10-04 07:54:22.119 JST" StructureHandle="=cm7/src&amp;lt;app.utils{Methods.java[Methods~_refresh_MainDB__InsertData~QActivity;~QSQLiteDatabase;~QDBUtils;~\[QFile;" StructureKind="java"/><InteractionEvent Delta="null" EndDate="2014-10-04 08:08:34.853 JST" Interest="1.0" Kind="selection" Navigation="null" OriginId="org.eclipse.jdt.ui.PackageExplorer" StartDate="2014-10-04 08:08:34.853 JST" StructureHandle="=TA2/src&amp;lt;ta2.utils" StructureKind="java"/><InteractionEvent Delta="null" EndDate="2014-10-04 09:05:52.238 JST" Interest="111.554" Kind="propagation" Navigation="org.eclipse.mylyn.core.model.edges.containment" OriginId="org.eclipse.mylyn.core.model.interest.propagation" StartDate="2014-10-04 07:48:05.133 JST" StructureHandle="=TA2/src&amp;lt;ta2.utils" StructureKind="java" NumEvents="159" CreationCount="89"/><InteractionEvent Delta="null" EndDate="2014-10-04 08:02:35.660 JST" Interest="3.1820002" Kind="manipulation" Navigation="null" OriginId="org.eclipse.mylyn.core.model.interest.decay.correction" StartDate="2014-10-04 08:02:35.660 JST" StructureHandle="/cm7/src/app/listeners/LOI_LCL.java" StructureKind="resource"/><InteractionEvent Delta="null" EndDate="2014-10-04 08:02:35.660 JST" Interest="2.0" Kind="propagation" Navigation="null" OriginId="org.eclipse.ui.views.ResourceNavigator" StartDate="2014-10-04 07:57:50.637 JST" StructureHandle="/cm7/src/app/listeners/LOI_LCL.java" StructureKind="resource" NumEvents="2" CreationCount="286"/><InteractionEvent Delta="null" EndDate="2014-10-04 08:03:28.280 JST" Interest="3.0" Kind="edit" Navigation="null" OriginId="org.eclipse.jdt.ui.CompilationUnitEditor" StartDate="2014-10-04 08:03:23.160 JST" StructureHandle="=cm7/src&amp;lt;app.utils{Methods.java[Methods~get_AudioLength~QString;" StructureKind="java" NumEvents="3" CreationCount="554"/><InteractionEvent Delta="null" EndDate="2014-10-04 08:03:22.711 JST" Interest="3.0" Kind="selection" Navigation="null" OriginId="org.eclipse.jdt.ui.CompilationUnitEditor" StartDate="2014-10-04 08:03:22.439 JST" StructureHandle="=cm7/src&amp;lt;app.utils{Methods.java[Methods~get_AudioLength~QString;" StructureKind="java" NumEvents="3" CreationCount="554"/><InteractionEvent Delta="null" EndDate="2014-10-04 08:10:26.418 JST" Interest="16.217001" Kind="propagation" Navigation="org.eclipse.mylyn.core.model.edges.containment" OriginId="org.eclipse.mylyn.core.model.interest.propagation" StartDate="2014-10-04 08:08:41.321 JST" StructureHandle="=TA2/src&amp;lt;ta2.utils{Methods_dlg.java[Methods_dlg" StructureKind="java" NumEvents="22" CreationCount="749"/><InteractionEvent Delta="null" EndDate="2014-10-04 07:52:47.368 JST" Interest="1.0" Kind="edit" Navigation="null" OriginId="org.eclipse.jdt.ui.CompilationUnitEditor" StartDate="2014-10-04 07:52:47.368 JST" StructureHandle="=TA2/src&amp;lt;ta2.utils{Methods.java[Methods~convert_intSec2Digits_lessThanHour~I" StructureKind="java"/><InteractionEvent Delta="null" EndDate="2014-10-04 07:53:14.995 JST" Interest="2.0" Kind="selection" Navigation="null" OriginId="org.eclipse.jdt.ui.CompilationUnitEditor" StartDate="2014-10-04 07:52:43.217 JST" StructureHandle="=TA2/src&amp;lt;ta2.utils{Methods.java[Methods~convert_intSec2Digits_lessThanHour~I" StructureKind="java" NumEvents="2" CreationCount="214"/><InteractionEvent Delta="null" EndDate="2014-10-04 08:32:33.226 JST" Interest="78.0" Kind="edit" Navigation="null" OriginId="org.eclipse.jdt.ui.CompilationUnitEditor" StartDate="2014-10-04 08:03:49.224 JST" StructureHandle="=TA2/src&amp;lt;ta2.utils{Methods.java[Methods~get_AudioLength~QString;" StructureKind="java" NumEvents="78" CreationCount="580"/><InteractionEvent Delta="null" EndDate="2014-10-04 09:02:53.736 JST" Interest="12.0" Kind="selection" Navigation="null" OriginId="org.eclipse.jdt.ui.CompilationUnitEditor" StartDate="2014-10-04 08:03:48.369 JST" StructureHandle="=TA2/src&amp;lt;ta2.utils{Methods.java[Methods~get_AudioLength~QString;" StructureKind="java" NumEvents="12" CreationCount="580"/><InteractionEvent Delta="null" EndDate="2014-10-04 07:35:31.939 JST" Interest="1.0" Kind="selection" Navigation="null" OriginId="org.eclipse.ui.views.ResourceNavigator" StartDate="2014-10-04 07:35:31.939 JST" StructureHandle="=cm7" StructureKind="java"/><InteractionEvent Delta="null" EndDate="2014-10-04 09:15:32.518 JST" Interest="235.068" Kind="propagation" Navigation="org.eclipse.mylyn.core.model.edges.containment" OriginId="org.eclipse.mylyn.core.model.interest.propagation" StartDate="2014-10-04 07:35:34.54 JST" StructureHandle="=cm7" StructureKind="resource" NumEvents="241" CreationCount="9"/><InteractionEvent Delta="null" EndDate="2014-10-04 07:35:34.53 JST" Interest="1.0" Kind="selection" Navigation="null" OriginId="org.eclipse.ui.views.ResourceNavigator" StartDate="2014-10-04 07:35:34.53 JST" StructureHandle="=cm7/src" StructureKind="java"/><InteractionEvent Delta="null" EndDate="2014-10-04 08:16:50.159 JST" Interest="55.684998" Kind="propagation" Navigation="org.eclipse.mylyn.core.model.edges.containment" OriginId="org.eclipse.mylyn.core.model.interest.propagation" StartDate="2014-10-04 07:35:34.522 JST" StructureHandle="=cm7/src" StructureKind="java" NumEvents="84" CreationCount="10"/><InteractionEvent Delta="null" EndDate="2014-10-04 08:02:35.789 JST" Interest="1.0" Kind="propagation" Navigation="null" OriginId="org.eclipse.ui.views.ResourceNavigator" StartDate="2014-10-04 08:02:35.789 JST" StructureHandle="/cm7/src/app/listeners/text" StructureKind="resource"/><InteractionEvent Delta="null" EndDate="2014-10-04 08:16:50.158 JST" Interest="125.034" Kind="propagation" Navigation="org.eclipse.mylyn.core.model.edges.containment" OriginId="org.eclipse.mylyn.core.model.interest.propagation" StartDate="2014-10-04 07:35:34.521 JST" StructureHandle="/cm7/src/app" StructureKind="resource" NumEvents="133" CreationCount="11"/><InteractionEvent Delta="null" EndDate="2014-10-04 07:49:18.583 JST" Interest="4.0" Kind="edit" Navigation="null" OriginId="org.eclipse.jdt.ui.CompilationUnitEditor" StartDate="2014-10-04 07:48:20.428 JST" StructureHandle="=TA2/src&amp;lt;ta2.utils{CONS.java[CONS[Pref" StructureKind="java" NumEvents="4" CreationCount="90"/><InteractionEvent Delta="null" EndDate="2014-10-04 07:51:16.656 JST" Interest="7.0" Kind="selection" Navigation="null" OriginId="org.eclipse.jdt.ui.CompilationUnitEditor" StartDate="2014-10-04 07:48:16.729 JST" StructureHandle="=TA2/src&amp;lt;ta2.utils{CONS.java[CONS[Pref" StructureKind="java" NumEvents="7" CreationCount="90"/><InteractionEvent Delta="null" EndDate="2014-10-04 07:48:15.483 JST" Interest="3.8" Kind="propagation" Navigation="org.eclipse.mylyn.core.model.edges.containment" OriginId="org.eclipse.mylyn.core.model.interest.propagation" StartDate="2014-10-04 07:48:06.287 JST" StructureHandle="=TA2/src&amp;lt;ta2.utils{CONS.java[CONS[Pref" StructureKind="java" NumEvents="5" CreationCount="90"/><InteractionEvent Delta="null" EndDate="2014-10-04 08:08:21.948 JST" Interest="10.0" Kind="edit" Navigation="null" OriginId="org.eclipse.jdt.ui.CompilationUnitEditor" StartDate="2014-10-04 08:08:04.972 JST" StructureHandle="=TA2/src&amp;lt;ta2.listeners.dialog{DOI_CL.java[DOI_CL~case_ACTV_SHOWLIST_LV~QListItem;" StructureKind="java" NumEvents="10" CreationCount="729"/><InteractionEvent Delta="null" EndDate="2014-10-04 08:08:04.552 JST" Interest="3.0" Kind="selection" Navigation="null" OriginId="org.eclipse.jdt.ui.CompilationUnitEditor" StartDate="2014-10-04 08:08:04.415 JST" StructureHandle="=TA2/src&amp;lt;ta2.listeners.dialog{DOI_CL.java[DOI_CL~case_ACTV_SHOWLIST_LV~QListItem;" StructureKind="java" NumEvents="3" CreationCount="729"/><InteractionEvent Delta="null" EndDate="2014-10-04 07:47:08.781 JST" Interest="1.0" Kind="propagation" Navigation="org.eclipse.mylyn.core.model.edges.containment" OriginId="org.eclipse.mylyn.core.model.interest.propagation" StartDate="2014-10-04 07:47:08.781 JST" StructureHandle="=TA2/src&amp;lt;ta2.listeners{SBL.java#" StructureKind="java"/><InteractionEvent Delta="null" EndDate="2014-10-04 09:15:17.848 JST" Interest="2960.034" Kind="propagation" Navigation="null" OriginId="org.eclipse.jdt.ui.CompilationUnitEditor" StartDate="2014-10-04 07:34:56.351 JST" StructureHandle="/TA2/src" StructureKind="resource" NumEvents="2962" CreationCount="2"/><InteractionEvent Delta="null" EndDate="2014-10-04 07:35:29.927 JST" Interest="2.0" Kind="selection" Navigation="null" OriginId="org.eclipse.ui.views.ResourceNavigator" StartDate="2014-10-04 07:34:50.220 JST" StructureHandle="=TA2" StructureKind="java" NumEvents="2" CreationCount="1"/><InteractionEvent Delta="null" EndDate="2014-10-04 09:15:17.848 JST" Interest="2957.051" Kind="propagation" Navigation="org.eclipse.mylyn.core.model.edges.containment" OriginId="org.eclipse.mylyn.core.model.interest.propagation" StartDate="2014-10-04 07:34:56.351 JST" StructureHandle="=TA2" StructureKind="resource" NumEvents="2961" CreationCount="1"/><InteractionEvent Delta="null" EndDate="2014-10-04 08:13:40.311 JST" Interest="15.708001" Kind="manipulation" Navigation="null" OriginId="org.eclipse.mylyn.core.model.interest.decay.correction" StartDate="2014-10-04 08:13:40.311 JST" StructureHandle="=TA2/src&amp;lt;ta2.main{PlayActv.java[PlayActv~onCreate~QBundle;" StructureKind="java"/><InteractionEvent Delta="null" EndDate="2014-10-04 08:13:57.39 JST" Interest="7.0" Kind="edit" Navigation="null" OriginId="org.eclipse.jdt.ui.CompilationUnitEditor" StartDate="2014-10-04 07:46:22.106 JST" StructureHandle="=TA2/src&amp;lt;ta2.main{PlayActv.java[PlayActv~onCreate~QBundle;" StructureKind="java" NumEvents="7" CreationCount="59"/><InteractionEvent Delta="null" EndDate="2014-10-04 08:14:04.409 JST" Interest="6.0" Kind="selection" Navigation="null" OriginId="org.eclipse.jdt.ui.CompilationUnitEditor" StartDate="2014-10-04 07:46:22.99 JST" StructureHandle="=TA2/src&amp;lt;ta2.main{PlayActv.java[PlayActv~onCreate~QBundle;" StructureKind="java" NumEvents="6" CreationCount="59"/><InteractionEvent Delta="null" EndDate="2014-10-04 07:49:05.682 JST" Interest="3.0" Kind="edit" Navigation="null" OriginId="org.eclipse.jdt.ui.CompilationUnitEditor" StartDate="2014-10-04 07:49:01.360 JST" StructureHandle="=cm7/src&amp;lt;app.utils{CONS.java[CONS[Pref^pname_PlayActv" StructureKind="java" NumEvents="3" CreationCount="118"/><InteractionEvent Delta="null" EndDate="2014-10-04 07:49:00.127 JST" Interest="1.0" Kind="selection" Navigation="null" OriginId="org.eclipse.jdt.ui.CompilationUnitEditor" StartDate="2014-10-04 07:49:00.127 JST" StructureHandle="=cm7/src&amp;lt;app.utils{CONS.java[CONS[Pref^pname_PlayActv" StructureKind="java"/><InteractionEvent Delta="null" EndDate="2014-10-04 07:54:18.761 JST" Interest="3.0" Kind="selection" Navigation="null" OriginId="org.eclipse.jdt.ui.CompilationUnitEditor" StartDate="2014-10-04 07:49:10.67 JST" StructureHandle="=cm7/src&amp;lt;app.utils{CONS.java[CONS" StructureKind="java" NumEvents="3" CreationCount="118"/><InteractionEvent Delta="null" EndDate="2014-10-04 07:49:08.272 JST" Interest="4.8" Kind="propagation" Navigation="org.eclipse.mylyn.core.model.edges.containment" OriginId="org.eclipse.mylyn.core.model.interest.propagation" StartDate="2014-10-04 07:49:00.128 JST" StructureHandle="=cm7/src&amp;lt;app.utils{CONS.java[CONS" StructureKind="java" NumEvents="6" CreationCount="118"/><InteractionEvent Delta="null" EndDate="2014-10-04 08:23:36.116 JST" Interest="7.746001" Kind="manipulation" Navigation="null" OriginId="org.eclipse.mylyn.core.model.interest.decay.correction" StartDate="2014-10-04 08:23:36.116 JST" StructureHandle="=TA2/src&amp;lt;ta2.main{PlayActv.java[PlayActv~onStop" StructureKind="java"/><InteractionEvent Delta="null" EndDate="2014-10-04 08:23:38.301 JST" Interest="11.0" Kind="edit" Navigation="null" OriginId="org.eclipse.jdt.ui.CompilationUnitEditor" StartDate="2014-10-04 08:07:27.616 JST" StructureHandle="=TA2/src&amp;lt;ta2.main{PlayActv.java[PlayActv~onStop" StructureKind="java" NumEvents="11" CreationCount="693"/><InteractionEvent Delta="null" EndDate="2014-10-04 08:23:45.64 JST" Interest="6.0" Kind="selection" Navigation="null" OriginId="org.eclipse.jdt.ui.CompilationUnitEditor" StartDate="2014-10-04 08:07:27.611 JST" StructureHandle="=TA2/src&amp;lt;ta2.main{PlayActv.java[PlayActv~onStop" StructureKind="java" NumEvents="6" CreationCount="693"/><InteractionEvent Delta="null" EndDate="2014-10-04 07:48:32.298 JST" Interest="8.0" Kind="edit" Navigation="null" OriginId="org.eclipse.jdt.ui.CompilationUnitEditor" StartDate="2014-10-04 07:36:05.552 JST" StructureHandle="=cm7/src&amp;lt;app.main{PlayActv.java[PlayActv~_onCreate_SetListeners" StructureKind="java" NumEvents="8" CreationCount="17"/><InteractionEvent Delta="null" EndDate="2014-10-04 08:02:06.744 JST" Interest="11.0" Kind="selection" Navigation="null" OriginId="org.eclipse.jdt.ui.CompilationUnitEditor" StartDate="2014-10-04 07:35:59.83 JST" StructureHandle="=cm7/src&amp;lt;app.main{PlayActv.java[PlayActv~_onCreate_SetListeners" StructureKind="java" NumEvents="11" CreationCount="17"/><InteractionEvent Delta="null" EndDate="2014-10-04 07:51:16.656 JST" Interest="13.599999" Kind="propagation" Navigation="org.eclipse.mylyn.core.model.edges.containment" OriginId="org.eclipse.mylyn.core.model.interest.propagation" StartDate="2014-10-04 07:48:06.287 JST" StructureHandle="=TA2/src&amp;lt;ta2.utils{CONS.java[CONS" StructureKind="java" NumEvents="16" CreationCount="90"/><InteractionEvent Delta="null" EndDate="2014-10-04 07:54:49.90 JST" Interest="0.0200001" Kind="manipulation" Navigation="null" OriginId="org.eclipse.mylyn.core.model.interest.decay.correction" StartDate="2014-10-04 07:54:49.90 JST" StructureHandle="=TA2/src&amp;lt;ta2.utils{Methods.java#" StructureKind="java"/><InteractionEvent Delta="null" EndDate="2014-10-04 07:58:32.704 JST" Interest="3.0" Kind="selection" Navigation="null" OriginId="org.eclipse.jdt.ui.CompilationUnitEditor" StartDate="2014-10-04 07:54:49.90 JST" StructureHandle="=TA2/src&amp;lt;ta2.utils{Methods.java#" StructureKind="java" NumEvents="3" CreationCount="210"/><InteractionEvent Delta="null" EndDate="2014-10-04 07:54:51.232 JST" Interest="2.0679998" Kind="propagation" Navigation="org.eclipse.mylyn.core.model.edges.containment" OriginId="org.eclipse.mylyn.core.model.interest.propagation" StartDate="2014-10-04 07:52:34.944 JST" StructureHandle="=TA2/src&amp;lt;ta2.utils{Methods.java#" StructureKind="java" NumEvents="5" CreationCount="210"/><InteractionEvent Delta="null" EndDate="2014-10-04 07:52:53.165 JST" Interest="2.0" Kind="edit" Navigation="null" OriginId="org.eclipse.jdt.ui.CompilationUnitEditor" StartDate="2014-10-04 07:52:52.200 JST" StructureHandle="=cm7/src&amp;lt;app.utils{Methods.java[Methods~convert_intSec2Digits~I" StructureKind="java" NumEvents="2" CreationCount="218"/><InteractionEvent Delta="null" EndDate="2014-10-04 07:52:51.109 JST" Interest="1.0" Kind="selection" Navigation="null" OriginId="org.eclipse.jdt.ui.CompilationUnitEditor" StartDate="2014-10-04 07:52:51.109 JST" StructureHandle="=cm7/src&amp;lt;app.utils{Methods.java[Methods~convert_intSec2Digits~I" StructureKind="java"/><InteractionEvent Delta="null" EndDate="2014-10-04 08:42:31.36 JST" Interest="6.0" Kind="prediction" Navigation="null" OriginId="org.eclipse.mylyn.resources.ui.interest.updater" StartDate="2014-10-04 08:12:21.785 JST" StructureHandle="/TA2/bin/classes.dex" StructureKind="resource" NumEvents="6" CreationCount="979"/><InteractionEvent Delta="null" EndDate="2014-10-04 08:02:41.752 JST" Interest="1.0" Kind="selection" Navigation="null" OriginId="org.eclipse.ui.views.ResourceNavigator" StartDate="2014-10-04 08:02:41.752 JST" StructureHandle="=cm7/src&amp;lt;app.main{ImpActv.java" StructureKind="java"/><InteractionEvent Delta="null" EndDate="2014-10-04 08:29:53.649 JST" Interest="175.0" Kind="edit" Navigation="null" OriginId="org.eclipse.jdt.ui.CompilationUnitEditor" StartDate="2014-10-04 08:23:45.534 JST" StructureHandle="=TA2/src&amp;lt;ta2.main{PlayActv.java[PlayActv~onDestroy" StructureKind="java" NumEvents="175" CreationCount="1345"/><InteractionEvent Delta="null" EndDate="2014-10-04 08:29:57.51 JST" Interest="7.0" Kind="selection" Navigation="null" OriginId="org.eclipse.jdt.ui.CompilationUnitEditor" StartDate="2014-10-04 08:23:44.937 JST" StructureHandle="=TA2/src&amp;lt;ta2.main{PlayActv.java[PlayActv~onDestroy" StructureKind="java" NumEvents="7" CreationCount="1345"/><InteractionEvent Delta="null" EndDate="2014-10-04 08:08:40.183 JST" Interest="1.0" Kind="selection" Navigation="null" OriginId="org.eclipse.ui.views.ContentOutline" StartDate="2014-10-04 08:08:40.183 JST" StructureHandle="=TA2/src&amp;lt;ta2.utils{Methods_dlg.java%ta2.utils" StructureKind="java"/><InteractionEvent Delta="null" EndDate="2014-10-04 07:59:04.806 JST" Interest="5.0" Kind="edit" Navigation="null" OriginId="org.eclipse.jdt.ui.CompilationUnitEditor" StartDate="2014-10-04 07:58:56.259 JST" StructureHandle="=TA2/src&amp;lt;ta2.utils{CONS.java[CONS[PlayActv" StructureKind="java" NumEvents="5" CreationCount="185"/><InteractionEvent Delta="null" EndDate="2014-10-04 07:59:02.8 JST" Interest="3.0" Kind="selection" Navigation="null" OriginId="org.eclipse.jdt.ui.CompilationUnitEditor" StartDate="2014-10-04 07:58:55.657 JST" StructureHandle="=TA2/src&amp;lt;ta2.utils{CONS.java[CONS[PlayActv" StructureKind="java" NumEvents="3" CreationCount="185"/><InteractionEvent Delta="null" EndDate="2014-10-04 07:58:50.312 JST" Interest="5.0" Kind="propagation" Navigation="org.eclipse.mylyn.core.model.edges.containment" OriginId="org.eclipse.mylyn.core.model.interest.propagation" StartDate="2014-10-04 07:51:17.447 JST" StructureHandle="=TA2/src&amp;lt;ta2.utils{CONS.java[CONS[PlayActv" StructureKind="java" NumEvents="6" CreationCount="185"/><InteractionEvent Delta="null" EndDate="2014-10-04 07:54:18.438 JST" Interest="5.0" Kind="selection" Navigation="null" OriginId="org.eclipse.jdt.ui.CompilationUnitEditor" StartDate="2014-10-04 07:48:59.235 JST" StructureHandle="=cm7/src&amp;lt;app.utils{CONS.java" StructureKind="java" NumEvents="5" CreationCount="117"/><InteractionEvent Delta="null" EndDate="2014-10-04 07:49:10.68 JST" Interest="4.817" Kind="propagation" Navigation="org.eclipse.mylyn.core.model.edges.containment" OriginId="org.eclipse.mylyn.core.model.interest.propagation" StartDate="2014-10-04 07:49:00.128 JST" StructureHandle="=cm7/src&amp;lt;app.utils{CONS.java" StructureKind="java" NumEvents="7" CreationCount="117"/><InteractionEvent Delta="null" EndDate="2014-10-04 07:54:18.761 JST" Interest="14.0" Kind="propagation" Navigation="null" OriginId="org.eclipse.jdt.ui.CompilationUnitEditor" StartDate="2014-10-04 07:48:59.235 JST" StructureHandle="/cm7/src/app/utils/CONS.java" StructureKind="resource" NumEvents="14" CreationCount="117"/><InteractionEvent Delta="null" EndDate="2014-10-04 08:17:27.766 JST" Interest="4.0" Kind="selection" Navigation="null" OriginId="org.eclipse.jdt.ui.CompilationUnitEditor" StartDate="2014-10-04 08:17:19.81 JST" StructureHandle="=TA2/src&amp;lt;ta2.main{PlayActv.java#ta2.items.Memo" StructureKind="java" NumEvents="4" CreationCount="1277"/><InteractionEvent Delta="null" EndDate="2014-10-04 07:46:01.683 JST" Interest="1.0" Kind="edit" Navigation="null" OriginId="org.eclipse.jdt.ui.CompilationUnitEditor" StartDate="2014-10-04 07:46:01.683 JST" StructureHandle="=cm7/src&amp;lt;app.main{PlayActv.java[PlayActv" StructureKind="java"/><InteractionEvent Delta="null" EndDate="2014-10-04 07:46:03.163 JST" Interest="5.0" Kind="selection" Navigation="null" OriginId="org.eclipse.jdt.ui.CompilationUnitEditor" StartDate="2014-10-04 07:35:55.371 JST" StructureHandle="=cm7/src&amp;lt;app.main{PlayActv.java[PlayActv" StructureKind="java" NumEvents="5" CreationCount="16"/><InteractionEvent Delta="null" EndDate="2014-10-04 08:16:50.158 JST" Interest="50.882996" Kind="propagation" Navigation="org.eclipse.mylyn.core.model.edges.containment" OriginId="org.eclipse.mylyn.core.model.interest.propagation" StartDate="2014-10-04 07:35:59.84 JST" StructureHandle="=cm7/src&amp;lt;app.main{PlayActv.java[PlayActv" StructureKind="java" NumEvents="65" CreationCount="16"/><InteractionEvent Delta="null" EndDate="2014-10-04 09:15:32.518 JST" Interest="54.479004" Kind="propagation" Navigation="org.eclipse.mylyn.core.model.edges.containment" OriginId="org.eclipse.mylyn.core.model.interest.propagation" StartDate="2014-10-04 07:48:59.236 JST" StructureHandle="=cm7/src&amp;lt;app.utils" StructureKind="java" NumEvents="32" CreationCount="117"/><InteractionEvent Delta="null" EndDate="2014-10-04 08:07:46.922 JST" Interest="11.0" Kind="propagation" Navigation="null" OriginId="org.eclipse.ui.views.ResourceNavigator" StartDate="2014-10-04 08:02:42.847 JST" StructureHandle="/cm7/src/app/main/ALActv.java" StructureKind="resource" NumEvents="11" CreationCount="535"/><InteractionEvent Delta="null" EndDate="2014-10-04 07:58:48.882 JST" Interest="9.0" Kind="selection" Navigation="null" OriginId="org.eclipse.jdt.ui.CompilationUnitEditor" StartDate="2014-10-04 07:48:05.131 JST" StructureHandle="=TA2/src&amp;lt;ta2.utils{CONS.java" StructureKind="java" NumEvents="9" CreationCount="89"/><InteractionEvent Delta="null" EndDate="2014-10-04 07:49:27.709 JST" Interest="8.617001" Kind="propagation" Navigation="org.eclipse.mylyn.core.model.edges.containment" OriginId="org.eclipse.mylyn.core.model.interest.propagation" StartDate="2014-10-04 07:48:06.288 JST" StructureHandle="=TA2/src&amp;lt;ta2.utils{CONS.java" StructureKind="java" NumEvents="12" CreationCount="89"/><InteractionEvent Delta="null" EndDate="2014-10-04 08:10:47.8 JST" Interest="3.0" Kind="selection" Navigation="null" OriginId="org.eclipse.jdt.ui.CompilationUnitEditor" StartDate="2014-10-04 08:10:46.316 JST" StructureHandle="=TA2/src&amp;lt;ta2.utils{Methods.java[Methods~isOnline~QActivity;" StructureKind="java" NumEvents="3" CreationCount="846"/><InteractionEvent Delta="null" EndDate="2014-10-04 09:15:17.850 JST" Interest="2967.0" Kind="propagation" Navigation="null" OriginId="org.eclipse.jdt.ui.CompilationUnitEditor" StartDate="2014-10-04 07:34:50.220 JST" StructureHandle="/TA2" StructureKind="resource" NumEvents="2967" CreationCount="1"/><InteractionEvent Delta="null" EndDate="2014-10-04 09:02:54.413 JST" Interest="24.868002" Kind="manipulation" Navigation="null" OriginId="org.eclipse.mylyn.core.model.interest.decay.correction" StartDate="2014-10-04 08:32:18.837 JST" StructureHandle="=TA2/src&amp;lt;ta2.utils{Methods.java[Methods~play_File~QActivity;" StructureKind="java" NumEvents="2" CreationCount="847"/><InteractionEvent Delta="null" EndDate="2014-10-04 09:05:40.415 JST" Interest="94.0" Kind="edit" Navigation="null" OriginId="org.eclipse.jdt.ui.CompilationUnitEditor" StartDate="2014-10-04 08:10:47.499 JST" StructureHandle="=TA2/src&amp;lt;ta2.utils{Methods.java[Methods~play_File~QActivity;" StructureKind="java" NumEvents="94" CreationCount="847"/><InteractionEvent Delta="null" EndDate="2014-10-04 09:05:52.237 JST" Interest="9.0" Kind="selection" Navigation="null" OriginId="org.eclipse.ui.views.ContentOutline" StartDate="2014-10-04 08:10:46.897 JST" StructureHandle="=TA2/src&amp;lt;ta2.utils{Methods.java[Methods~play_File~QActivity;" StructureKind="java" NumEvents="9" CreationCount="847"/><InteractionEvent Delta="null" EndDate="2014-10-04 08:03:00.241 JST" Interest="3.817" Kind="propagation" Navigation="org.eclipse.mylyn.core.model.edges.containment" OriginId="org.eclipse.mylyn.core.model.interest.propagation" StartDate="2014-10-04 08:02:48.784 JST" StructureHandle="=cm7/src&amp;lt;app.main{ALActv.java[ALActv" StructureKind="java" NumEvents="6" CreationCount="540"/><InteractionEvent Delta="null" EndDate="2014-10-04 07:46:53.812 JST" Interest="3.0" Kind="propagation" Navigation="null" OriginId="org.eclipse.ui.views.ResourceNavigator" StartDate="2014-10-04 07:46:43.781 JST" StructureHandle="/cm7/src/app/listeners/STL.java" StructureKind="resource" NumEvents="3" CreationCount="67"/><InteractionEvent Delta="null" EndDate="2014-10-04 07:35:34.521 JST" Interest="1.0" Kind="selection" Navigation="null" OriginId="org.eclipse.ui.views.ResourceNavigator" StartDate="2014-10-04 07:35:34.521 JST" StructureHandle="=cm7/src&amp;lt;app" StructureKind="java"/><InteractionEvent Delta="null" EndDate="2014-10-04 07:52:28.161 JST" Interest="2.0" Kind="edit" Navigation="null" OriginId="org.eclipse.jdt.ui.CompilationUnitEditor" StartDate="2014-10-04 07:52:26.536 JST" StructureHandle="=cm7/src&amp;lt;app.utils{Methods.java[Methods~convert_intSec2Digits_lessThanHour~I" StructureKind="java" NumEvents="2" CreationCount="204"/><InteractionEvent Delta="null" EndDate="2014-10-04 07:52:55.144 JST" Interest="2.0" Kind="selection" Navigation="null" OriginId="org.eclipse.jdt.ui.CompilationUnitEditor" StartDate="2014-10-04 07:52:23.248 JST" StructureHandle="=cm7/src&amp;lt;app.utils{Methods.java[Methods~convert_intSec2Digits_lessThanHour~I" StructureKind="java" NumEvents="2" CreationCount="204"/><InteractionEvent Delta="null" EndDate="2014-10-04 08:32:34.560 JST" Interest="6.4280005" Kind="manipulation" Navigation="null" OriginId="org.eclipse.mylyn.core.model.interest.decay.correction" StartDate="2014-10-04 08:32:34.560 JST" StructureHandle="=TA2/src&amp;lt;ta2.listeners.dialog{DOI_CL.java" StructureKind="java"/><InteractionEvent Delta="null" EndDate="2014-10-04 08:32:34.560 JST" Interest="5.0" Kind="selection" Navigation="null" OriginId="org.eclipse.jdt.ui.CompilationUnitEditor" StartDate="2014-10-04 08:07:58.331 JST" StructureHandle="=TA2/src&amp;lt;ta2.listeners.dialog{DOI_CL.java" StructureKind="java" NumEvents="5" CreationCount="725"/><InteractionEvent Delta="null" EndDate="2014-10-04 08:08:21.950 JST" Interest="8.068" Kind="propagation" Navigation="org.eclipse.mylyn.core.model.edges.containment" OriginId="org.eclipse.mylyn.core.model.interest.propagation" StartDate="2014-10-04 08:08:04.487 JST" StructureHandle="=TA2/src&amp;lt;ta2.listeners.dialog{DOI_CL.java" StructureKind="java" NumEvents="13" CreationCount="725"/><InteractionEvent Delta="null" EndDate="2014-10-04 07:34:56.351 JST" Interest="1.0" Kind="selection" Navigation="null" OriginId="org.eclipse.jdt.ui.PackageExplorer" StartDate="2014-10-04 07:34:56.351 JST" StructureHandle="=TA2/src" StructureKind="java"/><InteractionEvent Delta="null" EndDate="2014-10-04 08:39:26.762 JST" Interest="850.7961" Kind="propagation" Navigation="org.eclipse.mylyn.core.model.edges.containment" OriginId="org.eclipse.mylyn.core.model.interest.propagation" StartDate="2014-10-04 07:35:12.953 JST" StructureHandle="=TA2/src" StructureKind="java" NumEvents="1252" CreationCount="2"/><InteractionEvent Delta="null" EndDate="2014-10-04 08:04:18.497 JST" Interest="10.0" Kind="edit" Navigation="null" OriginId="org.eclipse.jdt.ui.CompilationUnitEditor" StartDate="2014-10-04 07:50:18.578 JST" StructureHandle="=TA2/src&amp;lt;ta2.utils{Methods.java[Methods" StructureKind="java" NumEvents="10" CreationCount="151"/><InteractionEvent Delta="null" EndDate="2014-10-04 08:06:28.240 JST" Interest="18.0" Kind="selection" Navigation="null" OriginId="org.eclipse.jdt.ui.CompilationUnitEditor" StartDate="2014-10-04 07:50:08.105 JST" StructureHandle="=TA2/src&amp;lt;ta2.utils{Methods.java[Methods" StructureKind="java" NumEvents="18" CreationCount="151"/><InteractionEvent Delta="null" EndDate="2014-10-04 09:05:52.237 JST" Interest="86.5" Kind="propagation" Navigation="org.eclipse.mylyn.core.model.edges.containment" OriginId="org.eclipse.mylyn.core.model.interest.propagation" StartDate="2014-10-04 08:04:50.180 JST" StructureHandle="=TA2/src&amp;lt;ta2.utils{Methods.java[Methods" StructureKind="java" NumEvents="122" CreationCount="151"/><InteractionEvent Delta="null" EndDate="2014-10-04 09:15:17.848 JST" Interest="335.0" Kind="propagation" Navigation="null" OriginId="org.eclipse.jdt.ui.CompilationUnitEditor" StartDate="2014-10-04 07:47:01.437 JST" StructureHandle="/TA2/src/ta2/listeners/SBL.java" StructureKind="resource" NumEvents="335" CreationCount="74"/><InteractionEvent Delta="null" EndDate="2014-10-04 07:35:48.684 JST" Interest="1.0" Kind="selection" Navigation="null" OriginId="org.eclipse.ui.views.ContentOutline" StartDate="2014-10-04 07:35:48.684 JST" StructureHandle="=cm7/src&amp;lt;app.main{PlayActv.java%app.main" StructureKind="java"/><InteractionEvent Delta="null" EndDate="2014-10-04 07:58:31.201 JST" Interest="7.0" Kind="edit" Navigation="null" OriginId="org.eclipse.jdt.ui.CompilationUnitEditor" StartDate="2014-10-04 07:54:31.528 JST" StructureHandle="=cm7/src&amp;lt;app.utils{Methods.java[Methods~conv_MillSec_to_ClockLabel~J" StructureKind="java" NumEvents="7" CreationCount="261"/><InteractionEvent Delta="null" EndDate="2014-10-04 08:03:10.111 JST" Interest="4.0" Kind="selection" Navigation="null" OriginId="org.eclipse.jdt.ui.CompilationUnitEditor" StartDate="2014-10-04 07:54:23.539 JST" StructureHandle="=cm7/src&amp;lt;app.utils{Methods.java[Methods~conv_MillSec_to_ClockLabel~J" StructureKind="java" NumEvents="4" CreationCount="261"/><InteractionEvent Delta="null" EndDate="2014-10-04 08:08:41.321 JST" Interest="1.0" Kind="selection" Navigation="null" OriginId="org.eclipse.ui.views.ContentOutline" StartDate="2014-10-04 08:08:41.321 JST" StructureHandle="=TA2/src&amp;lt;ta2.utils{Methods_dlg.java[Methods_dlg~conf_Restore_DB~QActivity;~QDialog;" StructureKind="java"/><InteractionEvent Delta="null" EndDate="2014-10-04 08:08:00.271 JST" Interest="1.0" Kind="selection" Navigation="null" OriginId="org.eclipse.ui.views.ContentOutline" StartDate="2014-10-04 08:08:00.271 JST" StructureHandle="=TA2/src&amp;lt;ta2.listeners.dialog{DOI_CL.java%ta2.listeners.dialog" StructureKind="java"/><InteractionEvent Delta="null" EndDate="2014-10-04 09:15:26.993 JST" Interest="34.550003" Kind="manipulation" Navigation="null" OriginId="org.eclipse.mylyn.core.model.interest.decay.correction" StartDate="2014-10-04 09:15:26.993 JST" StructureHandle="=cm7/src&amp;lt;app.utils{Methods.java[Methods" StructureKind="java"/><InteractionEvent Delta="null" EndDate="2014-10-04 08:03:41.383 JST" Interest="2.0" Kind="edit" Navigation="null" OriginId="org.eclipse.jdt.ui.CompilationUnitEditor" StartDate="2014-10-04 08:03:30.722 JST" StructureHandle="=cm7/src&amp;lt;app.utils{Methods.java[Methods" StructureKind="java" NumEvents="2" CreationCount="144"/><InteractionEvent Delta="null" EndDate="2014-10-04 09:15:32.517 JST" Interest="12.0" Kind="selection" Navigation="null" OriginId="org.eclipse.ui.views.ContentOutline" StartDate="2014-10-04 07:52:20.627 JST" StructureHandle="=cm7/src&amp;lt;app.utils{Methods.java[Methods" StructureKind="java" NumEvents="12" CreationCount="144"/><InteractionEvent Delta="null" EndDate="2014-10-04 08:03:28.281 JST" Interest="6.07" Kind="propagation" Navigation="org.eclipse.mylyn.core.model.edges.containment" OriginId="org.eclipse.mylyn.core.model.interest.propagation" StartDate="2014-10-04 07:49:55.371 JST" StructureHandle="=cm7/src&amp;lt;app.utils{Methods.java[Methods" StructureKind="java" NumEvents="11" CreationCount="144"/></InteractionHistory>