<?xml version="1.0" encoding="UTF-8"?><InteractionHistory Id="local-237" Version="1"><InteractionEvent Delta="null" EndDate="2014-12-05 10:11:14.396 JST" Interest="1346.0679" Kind="propagation" Navigation="org.eclipse.mylyn.core.model.edges.containment" OriginId="org.eclipse.mylyn.core.model.interest.propagation" StartDate="2014-12-05 08:50:00.21 JST" StructureHandle="" StructureKind="java" NumEvents="1352" CreationCount="1"/><InteractionEvent Delta="null" EndDate="2014-12-05 09:10:06.902 JST" Interest="1.0" Kind="selection" Navigation="null" OriginId="org.eclipse.ui.views.ResourceNavigator" StartDate="2014-12-05 09:10:06.902 JST" StructureHandle="=CutPlanner_A/src&amp;lt;cp.views" StructureKind="java"/><InteractionEvent Delta="null" EndDate="2014-12-05 09:16:05.52 JST" Interest="7.2849994" Kind="propagation" Navigation="org.eclipse.mylyn.core.model.edges.containment" OriginId="org.eclipse.mylyn.core.model.interest.propagation" StartDate="2014-12-05 09:10:08.949 JST" StructureHandle="=CutPlanner_A/src&amp;lt;cp.views" StructureKind="java" NumEvents="12" CreationCount="324"/><InteractionEvent Delta="null" EndDate="2014-12-05 09:26:40.509 JST" Interest="8.0" Kind="selection" Navigation="null" OriginId="org.eclipse.jdt.ui.CompilationUnitEditor" StartDate="2014-12-05 09:20:01.919 JST" StructureHandle="=IFM11/src&amp;lt;ifm11.utils{Methods_dlg.java[Methods_dlg" StructureKind="java" NumEvents="8" CreationCount="775"/><InteractionEvent Delta="null" EndDate="2014-12-05 09:37:47.516 JST" Interest="57.899994" Kind="propagation" Navigation="org.eclipse.mylyn.core.model.edges.containment" OriginId="org.eclipse.mylyn.core.model.interest.propagation" StartDate="2014-12-05 09:19:49.780 JST" StructureHandle="=IFM11/src&amp;lt;ifm11.utils{Methods_dlg.java[Methods_dlg" StructureKind="java" NumEvents="81" CreationCount="775"/><InteractionEvent Delta="null" EndDate="2014-12-05 09:42:32.580 JST" Interest="18.0" Kind="propagation" Navigation="null" OriginId="org.eclipse.jdt.ui.CompilationUnitEditor" StartDate="2014-12-05 09:29:32.571 JST" StructureHandle="/IFM11/src/ifm11/main/ImageActv.java" StructureKind="resource" NumEvents="18" CreationCount="1003"/><InteractionEvent Delta="null" EndDate="2014-12-05 09:16:05.52 JST" Interest="16.017" Kind="propagation" Navigation="org.eclipse.mylyn.core.model.edges.containment" OriginId="org.eclipse.mylyn.core.model.interest.propagation" StartDate="2014-12-05 09:10:06.902 JST" StructureHandle="/CutPlanner_A/src/cp/views" StructureKind="resource" NumEvents="17" CreationCount="324"/><InteractionEvent Delta="null" EndDate="2014-12-05 09:26:34.201 JST" Interest="132.651" Kind="propagation" Navigation="org.eclipse.mylyn.core.model.edges.containment" OriginId="org.eclipse.mylyn.core.model.interest.propagation" StartDate="2014-12-05 08:57:19.27 JST" StructureHandle="=IFM11/src&amp;lt;ifm11.views" StructureKind="java" NumEvents="193" CreationCount="41"/><InteractionEvent Delta="null" EndDate="2014-12-05 08:50:42.911 JST" Interest="1.0" Kind="propagation" Navigation="null" OriginId="org.eclipse.ui.views.ResourceNavigator" StartDate="2014-12-05 08:50:42.911 JST" StructureHandle="/CutPlanner_A/src/cp/main/LogActv.java" StructureKind="resource"/><InteractionEvent Delta="null" EndDate="2014-12-05 09:08:19.856 JST" Interest="3.4" Kind="propagation" Navigation="org.eclipse.mylyn.core.model.edges.containment" OriginId="org.eclipse.mylyn.core.model.interest.propagation" StartDate="2014-12-05 09:06:02.939 JST" StructureHandle="/IFM11/res/layout" StructureKind="resource" NumEvents="4" CreationCount="157"/><InteractionEvent Delta="null" EndDate="2014-12-05 09:23:26.211 JST" Interest="1.0" Kind="propagation" Navigation="org.eclipse.mylyn.core.model.edges.containment" OriginId="org.eclipse.mylyn.core.model.interest.propagation" StartDate="2014-12-05 09:23:26.211 JST" StructureHandle="=IFM11/src&amp;lt;ifm11.utils{Tags.java[Tags[DialogItemTags" StructureKind="java"/><InteractionEvent Delta="null" EndDate="2014-12-05 09:38:59.76 JST" Interest="1.0" Kind="edit" Navigation="null" OriginId="org.eclipse.jdt.ui.CompilationUnitEditor" StartDate="2014-12-05 09:38:59.76 JST" StructureHandle="=IFM11/src&amp;lt;ifm11.utils{Methods.java[Methods" StructureKind="java"/><InteractionEvent Delta="null" EndDate="2014-12-05 09:38:51.480 JST" Interest="2.0" Kind="selection" Navigation="null" OriginId="org.eclipse.jdt.ui.CompilationUnitEditor" StartDate="2014-12-05 09:37:29.316 JST" StructureHandle="=IFM11/src&amp;lt;ifm11.utils{Methods.java[Methods" StructureKind="java" NumEvents="2" CreationCount="981"/><InteractionEvent Delta="null" EndDate="2014-12-05 10:11:14.394 JST" Interest="301.30002" Kind="propagation" Navigation="org.eclipse.mylyn.core.model.edges.containment" OriginId="org.eclipse.mylyn.core.model.interest.propagation" StartDate="2014-12-05 09:28:27.863 JST" StructureHandle="=IFM11/src&amp;lt;ifm11.utils{Methods.java[Methods" StructureKind="java" NumEvents="424" CreationCount="981"/><InteractionEvent Delta="null" EndDate="2014-12-05 09:24:56.864 JST" Interest="12.815001" Kind="propagation" Navigation="org.eclipse.mylyn.core.model.edges.containment" OriginId="org.eclipse.mylyn.core.model.interest.propagation" StartDate="2014-12-05 09:07:26.810 JST" StructureHandle="/IFM11/bin" StructureKind="resource" NumEvents="2" CreationCount="223"/><InteractionEvent Delta="null" EndDate="2014-12-05 09:18:42.625 JST" Interest="28.0" Kind="edit" Navigation="null" OriginId="com.android.ide.eclipse.editors.CommonXmlEditor" StartDate="2014-12-05 09:16:38.274 JST" StructureHandle="/IFM11/res/menu/menu_actv_canvas.xml" StructureKind="resource" NumEvents="28" CreationCount="615"/><InteractionEvent Delta="null" EndDate="2014-12-05 09:18:41.198 JST" Interest="4.0" Kind="selection" Navigation="null" OriginId="com.android.ide.eclipse.editors.CommonXmlEditor" StartDate="2014-12-05 09:16:38.250 JST" StructureHandle="/IFM11/res/menu/menu_actv_canvas.xml" StructureKind="resource" NumEvents="4" CreationCount="615"/><InteractionEvent Delta="null" EndDate="2014-12-05 09:16:34.939 JST" Interest="1.0" Kind="propagation" Navigation="null" OriginId="org.eclipse.mylyn.resources.ui.interest.updater" StartDate="2014-12-05 09:16:34.939 JST" StructureHandle="/IFM11/res/menu/menu_actv_canvas.xml" StructureKind="resource"/><InteractionEvent Delta="null" EndDate="2014-12-05 08:58:33.725 JST" Interest="5.0" Kind="edit" Navigation="null" OriginId="org.eclipse.jdt.ui.CompilationUnitEditor" StartDate="2014-12-05 08:57:43.127 JST" StructureHandle="=IFM11/src&amp;lt;ifm11.main{CanvasActv.java[CanvasActv~onCreate~QBundle;" StructureKind="java" NumEvents="5" CreationCount="54"/><InteractionEvent Delta="null" EndDate="2014-12-05 08:58:56.248 JST" Interest="8.0" Kind="selection" Navigation="null" OriginId="org.eclipse.jdt.ui.CompilationUnitEditor" StartDate="2014-12-05 08:57:39.400 JST" StructureHandle="=IFM11/src&amp;lt;ifm11.main{CanvasActv.java[CanvasActv~onCreate~QBundle;" StructureKind="java" NumEvents="8" CreationCount="54"/><InteractionEvent Delta="null" EndDate="2014-12-05 09:29:41.550 JST" Interest="3.0" Kind="selection" Navigation="null" OriginId="org.eclipse.jdt.ui.CompilationUnitEditor" StartDate="2014-12-05 09:29:37.149 JST" StructureHandle="=IFM11/src&amp;lt;ifm11.main{ImageActv.java[ImageActv^v" StructureKind="java" NumEvents="3" CreationCount="1005"/><InteractionEvent Delta="null" EndDate="2014-12-05 09:25:01.535 JST" Interest="56.0" Kind="edit" Navigation="null" OriginId="org.eclipse.jdt.ui.CompilationUnitEditor" StartDate="2014-12-05 09:19:14.82 JST" StructureHandle="=IFM11/src&amp;lt;ifm11.main{CanvasActv.java[CanvasActv~onOptionsItemSelected~QMenuItem;" StructureKind="java" NumEvents="56" CreationCount="720"/><InteractionEvent Delta="null" EndDate="2014-12-05 09:24:49.113 JST" Interest="2.0" Kind="selection" Navigation="null" OriginId="org.eclipse.jdt.ui.CompilationUnitEditor" StartDate="2014-12-05 09:19:14.70 JST" StructureHandle="=IFM11/src&amp;lt;ifm11.main{CanvasActv.java[CanvasActv~onOptionsItemSelected~QMenuItem;" StructureKind="java" NumEvents="2" CreationCount="720"/><InteractionEvent Delta="null" EndDate="2014-12-05 09:26:36.812 JST" Interest="44.0" Kind="edit" Navigation="null" OriginId="com.android.ide.eclipse.editors.CommonXmlEditor" StartDate="2014-12-05 09:17:51.771 JST" StructureHandle="/IFM11/res/values/strings.xml" StructureKind="resource" NumEvents="44" CreationCount="641"/><InteractionEvent Delta="null" EndDate="2014-12-05 09:29:28.275 JST" Interest="9.0" Kind="selection" Navigation="null" OriginId="org.eclipse.jdt.ui.PackageExplorer" StartDate="2014-12-05 09:17:51.749 JST" StructureHandle="/IFM11/res/values/strings.xml" StructureKind="resource" NumEvents="9" CreationCount="641"/><InteractionEvent Delta="null" EndDate="2014-12-05 09:25:03.250 JST" Interest="257.0" Kind="propagation" Navigation="null" OriginId="org.eclipse.jdt.ui.CompilationUnitEditor" StartDate="2014-12-05 08:50:24.256 JST" StructureHandle="/IFM11/src/ifm11/main/CanvasActv.java" StructureKind="resource" NumEvents="257" CreationCount="5"/><InteractionEvent Delta="null" EndDate="2014-12-05 09:20:14.307 JST" Interest="1.0" Kind="selection" Navigation="null" OriginId="org.eclipse.jdt.ui.CompilationUnitEditor" StartDate="2014-12-05 09:20:14.307 JST" StructureHandle="=IFM11/src&amp;lt;ifm11.utils{Methods_dlg.java[Methods_dlg~dlg_Db_Actv~QActivity;" StructureKind="java"/><InteractionEvent Delta="null" EndDate="2014-12-05 08:50:00.20 JST" Interest="1.0" Kind="selection" Navigation="null" OriginId="org.eclipse.jdt.ui.PackageExplorer" StartDate="2014-12-05 08:50:00.20 JST" StructureHandle="=IFM11" StructureKind="java"/><InteractionEvent Delta="null" EndDate="2014-12-05 10:11:14.394 JST" Interest="1345.0679" Kind="propagation" Navigation="org.eclipse.mylyn.core.model.edges.containment" OriginId="org.eclipse.mylyn.core.model.interest.propagation" StartDate="2014-12-05 08:50:12.240 JST" StructureHandle="=IFM11" StructureKind="resource" NumEvents="1349" CreationCount="1"/><InteractionEvent Delta="null" EndDate="2014-12-05 09:20:13.783 JST" Interest="1.0" Kind="selection" Navigation="null" OriginId="org.eclipse.jdt.ui.CompilationUnitEditor" StartDate="2014-12-05 09:20:13.783 JST" StructureHandle="=IFM11/src&amp;lt;ifm11.utils{Methods_dlg.java#ifm11.items.ListItem" StructureKind="java"/><InteractionEvent Delta="null" EndDate="2014-12-05 09:14:18.369 JST" Interest="89.0" Kind="edit" Navigation="null" OriginId="org.eclipse.jdt.ui.CompilationUnitEditor" StartDate="2014-12-05 08:59:32.783 JST" StructureHandle="=IFM11/src&amp;lt;ifm11.main{CanvasActv.java[CanvasActv~_Setup_Draw" StructureKind="java" NumEvents="89" CreationCount="104"/><InteractionEvent Delta="null" EndDate="2014-12-05 09:18:53.672 JST" Interest="13.0" Kind="selection" Navigation="null" OriginId="org.eclipse.jdt.ui.CompilationUnitEditor" StartDate="2014-12-05 08:59:32.777 JST" StructureHandle="=IFM11/src&amp;lt;ifm11.main{CanvasActv.java[CanvasActv~_Setup_Draw" StructureKind="java" NumEvents="13" CreationCount="104"/><InteractionEvent Delta="null" EndDate="2014-12-05 09:10:15.710 JST" Interest="4.0" Kind="selection" Navigation="null" OriginId="org.eclipse.jdt.ui.CompilationUnitEditor" StartDate="2014-12-05 09:10:11.475 JST" StructureHandle="=CutPlanner_A/src&amp;lt;cp.views{CV.java[CV~CV~QContext;~QAttributeSet;" StructureKind="java" NumEvents="4" CreationCount="327"/><InteractionEvent Delta="null" EndDate="2014-12-05 10:11:14.396 JST" Interest="1539.068" Kind="propagation" Navigation="null" OriginId="org.eclipse.jdt.ui.CompilationUnitEditor" StartDate="2014-12-05 08:50:00.21 JST" StructureHandle="/" StructureKind="resource" NumEvents="1543" CreationCount="1"/><InteractionEvent Delta="null" EndDate="2014-12-05 09:54:09.7 JST" Interest="26.021" Kind="propagation" Navigation="org.eclipse.mylyn.core.model.edges.containment" OriginId="org.eclipse.mylyn.core.model.interest.propagation" StartDate="2014-12-05 09:26:56.884 JST" StructureHandle="=IFM11/src&amp;lt;ifm11.listeners.dialog" StructureKind="java" NumEvents="42" CreationCount="941"/><InteractionEvent Delta="null" EndDate="2014-12-05 09:54:46.64 JST" Interest="24.0" Kind="edit" Navigation="null" OriginId="org.eclipse.jdt.ui.CompilationUnitEditor" StartDate="2014-12-05 09:32:48.122 JST" StructureHandle="=IFM11/src&amp;lt;ifm11.utils{Methods.java[Methods~change_RGB~QActivity;" StructureKind="java" NumEvents="24" CreationCount="1055"/><InteractionEvent Delta="null" EndDate="2014-12-05 09:54:24.14 JST" Interest="8.0" Kind="selection" Navigation="null" OriginId="org.eclipse.jdt.ui.CompilationUnitEditor" StartDate="2014-12-05 09:32:47.79 JST" StructureHandle="=IFM11/src&amp;lt;ifm11.utils{Methods.java[Methods~change_RGB~QActivity;" StructureKind="java" NumEvents="8" CreationCount="1055"/><InteractionEvent Delta="null" EndDate="2014-12-05 09:37:47.515 JST" Interest="77.0" Kind="edit" Navigation="null" OriginId="org.eclipse.jdt.ui.CompilationUnitEditor" StartDate="2014-12-05 09:19:50.831 JST" StructureHandle="=IFM11/src&amp;lt;ifm11.utils{Methods_dlg.java[Methods_dlg~dlg_ACTV_CANVAS_Ops~QActivity;" StructureKind="java" NumEvents="77" CreationCount="775"/><InteractionEvent Delta="null" EndDate="2014-12-05 09:37:41.926 JST" Interest="12.0" Kind="selection" Navigation="null" OriginId="org.eclipse.jdt.ui.CompilationUnitEditor" StartDate="2014-12-05 09:19:49.779 JST" StructureHandle="=IFM11/src&amp;lt;ifm11.utils{Methods_dlg.java[Methods_dlg~dlg_ACTV_CANVAS_Ops~QActivity;" StructureKind="java" NumEvents="12" CreationCount="775"/><InteractionEvent Delta="null" EndDate="2014-12-05 09:54:09.64 JST" Interest="58.0" Kind="propagation" Navigation="org.eclipse.mylyn.core.model.edges.containment" OriginId="org.eclipse.mylyn.core.model.interest.propagation" StartDate="2014-12-05 09:26:56.884 JST" StructureHandle="/IFM11/src/ifm11/listeners/dialog" StructureKind="resource" NumEvents="58" CreationCount="941"/><InteractionEvent Delta="null" EndDate="2014-12-05 09:42:50.676 JST" Interest="2.0" Kind="edit" Navigation="null" OriginId="org.eclipse.jdt.ui.CompilationUnitEditor" StartDate="2014-12-05 09:42:49.928 JST" StructureHandle="=IFM11/src&amp;lt;ifm11.utils{Methods.java[Methods~RGB_Zero~QActivity;~QString;" StructureKind="java" NumEvents="2" CreationCount="1187"/><InteractionEvent Delta="null" EndDate="2014-12-05 09:42:48.750 JST" Interest="1.0" Kind="selection" Navigation="null" OriginId="org.eclipse.jdt.ui.CompilationUnitEditor" StartDate="2014-12-05 09:42:48.750 JST" StructureHandle="=IFM11/src&amp;lt;ifm11.utils{Methods.java[Methods~RGB_Zero~QActivity;~QString;" StructureKind="java"/><InteractionEvent Delta="null" EndDate="2014-12-05 09:42:32.502 JST" Interest="3.0" Kind="selection" Navigation="null" OriginId="org.eclipse.jdt.ui.CompilationUnitEditor" StartDate="2014-12-05 09:29:32.571 JST" StructureHandle="=IFM11/src&amp;lt;ifm11.main{ImageActv.java" StructureKind="java" NumEvents="3" CreationCount="1003"/><InteractionEvent Delta="null" EndDate="2014-12-05 09:29:50.457 JST" Interest="6.6679997" Kind="propagation" Navigation="org.eclipse.mylyn.core.model.edges.containment" OriginId="org.eclipse.mylyn.core.model.interest.propagation" StartDate="2014-12-05 09:29:34.324 JST" StructureHandle="=IFM11/src&amp;lt;ifm11.main{ImageActv.java" StructureKind="java" NumEvents="12" CreationCount="1003"/><InteractionEvent Delta="null" EndDate="2014-12-05 09:21:05.276 JST" Interest="7.0" Kind="edit" Navigation="null" OriginId="org.eclipse.jdt.ui.CompilationUnitEditor" StartDate="2014-12-05 09:20:58.536 JST" StructureHandle="=IFM11/src&amp;lt;ifm11.utils{Methods_dlg.java[Methods_dlg~dlg_OptMenu_MainActv_Others~QActivity;" StructureKind="java" NumEvents="7" CreationCount="803"/><InteractionEvent Delta="null" EndDate="2014-12-05 09:21:07.991 JST" Interest="2.0" Kind="selection" Navigation="null" OriginId="org.eclipse.jdt.ui.CompilationUnitEditor" StartDate="2014-12-05 09:20:49.503 JST" StructureHandle="=IFM11/src&amp;lt;ifm11.utils{Methods_dlg.java[Methods_dlg~dlg_OptMenu_MainActv_Others~QActivity;" StructureKind="java" NumEvents="2" CreationCount="803"/><InteractionEvent Delta="null" EndDate="2014-12-05 09:05:43.603 JST" Interest="1.0" Kind="propagation" Navigation="null" OriginId="org.eclipse.jdt.ui.PackageExplorer" StartDate="2014-12-05 09:05:43.603 JST" StructureHandle="/IFM11/src/ifm11/main/ShowLogActv.java" StructureKind="resource"/><InteractionEvent Delta="null" EndDate="2014-12-05 09:24:48.886 JST" Interest="12.0" Kind="selection" Navigation="null" OriginId="org.eclipse.jdt.ui.CompilationUnitEditor" StartDate="2014-12-05 08:50:24.256 JST" StructureHandle="=IFM11/src&amp;lt;ifm11.main{CanvasActv.java" StructureKind="java" NumEvents="12" CreationCount="5"/><InteractionEvent Delta="null" EndDate="2014-12-05 09:25:03.251 JST" Interest="69.783005" Kind="propagation" Navigation="org.eclipse.mylyn.core.model.edges.containment" OriginId="org.eclipse.mylyn.core.model.interest.propagation" StartDate="2014-12-05 08:57:43.129 JST" StructureHandle="=IFM11/src&amp;lt;ifm11.main{CanvasActv.java" StructureKind="java" NumEvents="99" CreationCount="5"/><InteractionEvent Delta="null" EndDate="2014-12-05 09:29:20.519 JST" Interest="76.050995" Kind="propagation" Navigation="org.eclipse.mylyn.core.model.edges.containment" OriginId="org.eclipse.mylyn.core.model.interest.propagation" StartDate="2014-12-05 08:50:39.305 JST" StructureHandle="/CutPlanner_A/src/cp" StructureKind="resource" NumEvents="79" CreationCount="9"/><InteractionEvent Delta="null" EndDate="2014-12-05 09:09:44.805 JST" Interest="8.0" Kind="edit" Navigation="null" OriginId="org.eclipse.jdt.ui.CompilationUnitEditor" StartDate="2014-12-05 09:09:22.292 JST" StructureHandle="=IFM11/src&amp;lt;ifm11.views{CV.java[CV^draw_Line" StructureKind="java" NumEvents="8" CreationCount="273"/><InteractionEvent Delta="null" EndDate="2014-12-05 09:09:44.788 JST" Interest="3.0" Kind="selection" Navigation="null" OriginId="org.eclipse.jdt.ui.CompilationUnitEditor" StartDate="2014-12-05 09:09:22.261 JST" StructureHandle="=IFM11/src&amp;lt;ifm11.views{CV.java[CV^draw_Line" StructureKind="java" NumEvents="3" CreationCount="273"/><InteractionEvent Delta="null" EndDate="2014-12-05 10:09:22.431 JST" Interest="18.0" Kind="prediction" Navigation="null" OriginId="org.eclipse.mylyn.resources.ui.interest.updater" StartDate="2014-12-05 09:07:26.810 JST" StructureHandle="/IFM11/bin/IFM11.apk" StructureKind="resource" NumEvents="18" CreationCount="223"/><InteractionEvent Delta="null" EndDate="2014-12-05 09:42:32.580 JST" Interest="8.651" Kind="propagation" Navigation="org.eclipse.mylyn.core.model.edges.containment" OriginId="org.eclipse.mylyn.core.model.interest.propagation" StartDate="2014-12-05 09:29:34.323 JST" StructureHandle="=IFM11/src&amp;lt;ifm11.main{ImageActv.java[ImageActv" StructureKind="java" NumEvents="12" CreationCount="1004"/><InteractionEvent Delta="null" EndDate="2014-12-05 08:50:40.630 JST" Interest="1.0" Kind="selection" Navigation="null" OriginId="org.eclipse.ui.views.ResourceNavigator" StartDate="2014-12-05 08:50:40.630 JST" StructureHandle="=CutPlanner_A/src&amp;lt;cp.main" StructureKind="java"/><InteractionEvent Delta="null" EndDate="2014-12-05 09:29:20.330 JST" Interest="31.423002" Kind="propagation" Navigation="org.eclipse.mylyn.core.model.edges.containment" OriginId="org.eclipse.mylyn.core.model.interest.propagation" StartDate="2014-12-05 08:50:42.911 JST" StructureHandle="=CutPlanner_A/src&amp;lt;cp.main" StructureKind="java" NumEvents="47" CreationCount="10"/><InteractionEvent Delta="null" EndDate="2014-12-05 09:29:20.329 JST" Interest="14.0" Kind="selection" Navigation="null" OriginId="org.eclipse.jdt.ui.CompilationUnitEditor" StartDate="2014-12-05 08:50:44.511 JST" StructureHandle="=CutPlanner_A/src&amp;lt;cp.main{MainActv.java" StructureKind="java" NumEvents="14" CreationCount="12"/><InteractionEvent Delta="null" EndDate="2014-12-05 09:06:55.764 JST" Interest="18.389002" Kind="propagation" Navigation="org.eclipse.mylyn.core.model.edges.containment" OriginId="org.eclipse.mylyn.core.model.interest.propagation" StartDate="2014-12-05 08:56:28.508 JST" StructureHandle="=CutPlanner_A/src&amp;lt;cp.main{MainActv.java" StructureKind="java" NumEvents="27" CreationCount="12"/><InteractionEvent Delta="null" EndDate="2014-12-05 09:26:44.80 JST" Interest="1.0" Kind="selection" Navigation="null" OriginId="org.eclipse.jdt.ui.CompilationUnitEditor" StartDate="2014-12-05 09:26:44.80 JST" StructureHandle="=IFM11/src&amp;lt;ifm11.utils{Methods_dlg.java[Methods_dlg~dlg_ShowMessage_SecondDialog~QActivity;~QString;~QDialog;~I" StructureKind="java"/><InteractionEvent Delta="null" EndDate="2014-12-05 09:11:25.873 JST" Interest="166.0" Kind="edit" Navigation="null" OriginId="org.eclipse.jdt.ui.CompilationUnitEditor" StartDate="2014-12-05 09:08:39.661 JST" StructureHandle="=IFM11/src&amp;lt;ifm11.views{CV.java[CV~onDraw~QCanvas;" StructureKind="java" NumEvents="166" CreationCount="244"/><InteractionEvent Delta="null" EndDate="2014-12-05 09:11:32.910 JST" Interest="10.0" Kind="selection" Navigation="null" OriginId="org.eclipse.jdt.ui.CompilationUnitEditor" StartDate="2014-12-05 09:08:39.42 JST" StructureHandle="=IFM11/src&amp;lt;ifm11.views{CV.java[CV~onDraw~QCanvas;" StructureKind="java" NumEvents="10" CreationCount="244"/><InteractionEvent Delta="null" EndDate="2014-12-05 08:50:38.103 JST" Interest="1.0" Kind="selection" Navigation="null" OriginId="org.eclipse.ui.views.ResourceNavigator" StartDate="2014-12-05 08:50:38.103 JST" StructureHandle="=CutPlanner_A/src" StructureKind="java"/><InteractionEvent Delta="null" EndDate="2014-12-05 09:29:20.330 JST" Interest="31.457003" Kind="propagation" Navigation="org.eclipse.mylyn.core.model.edges.containment" OriginId="org.eclipse.mylyn.core.model.interest.propagation" StartDate="2014-12-05 08:50:39.305 JST" StructureHandle="=CutPlanner_A/src" StructureKind="java" NumEvents="52" CreationCount="8"/><InteractionEvent Delta="null" EndDate="2014-12-05 09:29:34.323 JST" Interest="1.0" Kind="selection" Navigation="null" OriginId="org.eclipse.jdt.ui.CompilationUnitEditor" StartDate="2014-12-05 09:29:34.323 JST" StructureHandle="=IFM11/src&amp;lt;ifm11.main{ImageActv.java[ImageActv^bm" StructureKind="java"/><InteractionEvent Delta="null" EndDate="2014-12-05 09:26:38.971 JST" Interest="24.0" Kind="edit" Navigation="null" OriginId="org.eclipse.jdt.ui.CompilationUnitEditor" StartDate="2014-12-05 08:56:41.485 JST" StructureHandle="=CutPlanner_A/src&amp;lt;cp.main{MainActv.java[MainActv~_Setup" StructureKind="java" NumEvents="24" CreationCount="29"/><InteractionEvent Delta="null" EndDate="2014-12-05 09:29:20.519 JST" Interest="13.0" Kind="selection" Navigation="null" OriginId="org.eclipse.jdt.ui.CompilationUnitEditor" StartDate="2014-12-05 08:56:41.474 JST" StructureHandle="=CutPlanner_A/src&amp;lt;cp.main{MainActv.java[MainActv~_Setup" StructureKind="java" NumEvents="13" CreationCount="29"/><InteractionEvent Delta="null" EndDate="2014-12-05 09:23:26.211 JST" Interest="2.0" Kind="propagation" Navigation="null" OriginId="org.eclipse.jdt.ui.CompilationUnitEditor" StartDate="2014-12-05 09:23:25.244 JST" StructureHandle="/IFM11/src/ifm11/utils/Tags.java" StructureKind="resource" NumEvents="2" CreationCount="870"/><InteractionEvent Delta="null" EndDate="2014-12-05 09:09:18.661 JST" Interest="7.0" Kind="edit" Navigation="null" OriginId="org.eclipse.jdt.ui.CompilationUnitEditor" StartDate="2014-12-05 09:09:10.296 JST" StructureHandle="=IFM11/src&amp;lt;ifm11.views{CV.java[CV" StructureKind="java" NumEvents="7" CreationCount="42"/><InteractionEvent Delta="null" EndDate="2014-12-05 09:09:27.427 JST" Interest="3.0" Kind="selection" Navigation="null" OriginId="org.eclipse.ui.views.ContentOutline" StartDate="2014-12-05 09:09:10.290 JST" StructureHandle="=IFM11/src&amp;lt;ifm11.views{CV.java[CV" StructureKind="java" NumEvents="3" CreationCount="42"/><InteractionEvent Delta="null" EndDate="2014-12-05 09:11:32.910 JST" Interest="121.734" Kind="propagation" Navigation="org.eclipse.mylyn.core.model.edges.containment" OriginId="org.eclipse.mylyn.core.model.interest.propagation" StartDate="2014-12-05 08:57:21.151 JST" StructureHandle="=IFM11/src&amp;lt;ifm11.views{CV.java[CV" StructureKind="java" NumEvents="168" CreationCount="42"/><InteractionEvent Delta="null" EndDate="2014-12-05 09:16:05.52 JST" Interest="16.0" Kind="propagation" Navigation="null" OriginId="org.eclipse.ui.views.ResourceNavigator" StartDate="2014-12-05 09:10:08.949 JST" StructureHandle="/CutPlanner_A/src/cp/views/CV.java" StructureKind="resource" NumEvents="16" CreationCount="325"/><InteractionEvent Delta="null" EndDate="2014-12-05 10:11:14.395 JST" Interest="1347.0339" Kind="propagation" Navigation="null" OriginId="org.eclipse.jdt.ui.CompilationUnitEditor" StartDate="2014-12-05 08:50:12.240 JST" StructureHandle="/IFM11/src" StructureKind="resource" NumEvents="1349" CreationCount="3"/><InteractionEvent Delta="null" EndDate="2014-12-05 10:11:14.394 JST" Interest="650.09" Kind="propagation" Navigation="org.eclipse.mylyn.core.model.edges.containment" OriginId="org.eclipse.mylyn.core.model.interest.propagation" StartDate="2014-12-05 08:50:16.11 JST" StructureHandle="/IFM11/src/ifm11" StructureKind="resource" NumEvents="655" CreationCount="4"/><InteractionEvent Delta="null" EndDate="2014-12-05 09:23:26.211 JST" Interest="1.0" Kind="propagation" Navigation="org.eclipse.mylyn.core.model.edges.containment" OriginId="org.eclipse.mylyn.core.model.interest.propagation" StartDate="2014-12-05 09:23:26.211 JST" StructureHandle="=IFM11/src&amp;lt;ifm11.utils{Tags.java[Tags" StructureKind="java"/><InteractionEvent Delta="null" EndDate="2014-12-05 09:29:20.520 JST" Interest="99.0" Kind="propagation" Navigation="null" OriginId="org.eclipse.jdt.ui.CompilationUnitEditor" StartDate="2014-12-05 08:50:09.634 JST" StructureHandle="/CutPlanner_A" StructureKind="resource" NumEvents="99" CreationCount="2"/><InteractionEvent Delta="null" EndDate="2014-12-05 08:50:42.910 JST" Interest="1.0" Kind="selection" Navigation="null" OriginId="org.eclipse.ui.views.ResourceNavigator" StartDate="2014-12-05 08:50:42.910 JST" StructureHandle="=CutPlanner_A/src&amp;lt;cp.main{LogActv.java" StructureKind="java"/><InteractionEvent Delta="null" EndDate="2014-12-05 08:50:39.304 JST" Interest="1.0" Kind="selection" Navigation="null" OriginId="org.eclipse.ui.views.ResourceNavigator" StartDate="2014-12-05 08:50:39.304 JST" StructureHandle="=CutPlanner_A/src&amp;lt;cp" StructureKind="java"/><InteractionEvent Delta="null" EndDate="2014-12-05 08:50:12.240 JST" Interest="1.0" Kind="selection" Navigation="null" OriginId="org.eclipse.jdt.ui.PackageExplorer" StartDate="2014-12-05 08:50:12.240 JST" StructureHandle="=IFM11/src" StructureKind="java"/><InteractionEvent Delta="null" EndDate="2014-12-05 10:11:14.395 JST" Interest="319.626" Kind="propagation" Navigation="org.eclipse.mylyn.core.model.edges.containment" OriginId="org.eclipse.mylyn.core.model.interest.propagation" StartDate="2014-12-05 08:50:16.12 JST" StructureHandle="=IFM11/src" StructureKind="java" NumEvents="503" CreationCount="3"/><InteractionEvent Delta="null" EndDate="2014-12-05 08:50:33.188 JST" Interest="2.0" Kind="selection" Navigation="null" OriginId="org.eclipse.ui.views.ResourceNavigator" StartDate="2014-12-05 08:50:09.634 JST" StructureHandle="=CutPlanner_A" StructureKind="java" NumEvents="2" CreationCount="2"/><InteractionEvent Delta="null" EndDate="2014-12-05 09:29:20.519 JST" Interest="89.16999" Kind="propagation" Navigation="org.eclipse.mylyn.core.model.edges.containment" OriginId="org.eclipse.mylyn.core.model.interest.propagation" StartDate="2014-12-05 08:50:45.42 JST" StructureHandle="=CutPlanner_A" StructureKind="resource" NumEvents="91" CreationCount="2"/><InteractionEvent Delta="null" EndDate="2014-12-05 09:26:59.260 JST" Interest="1.0" Kind="edit" Navigation="null" OriginId="org.eclipse.jdt.ui.CompilationUnitEditor" StartDate="2014-12-05 09:26:59.260 JST" StructureHandle="=IFM11/src&amp;lt;ifm11.listeners.dialog{DOI_CL.java[DOI_CL~DOI_CL~QActivity;~QDialog;" StructureKind="java"/><InteractionEvent Delta="null" EndDate="2014-12-05 09:26:57.618 JST" Interest="1.0" Kind="selection" Navigation="null" OriginId="org.eclipse.jdt.ui.CompilationUnitEditor" StartDate="2014-12-05 09:26:57.618 JST" StructureHandle="=IFM11/src&amp;lt;ifm11.listeners.dialog{DOI_CL.java[DOI_CL~DOI_CL~QActivity;~QDialog;" StructureKind="java"/><InteractionEvent Delta="null" EndDate="2014-12-05 09:24:56.863 JST" Interest="1.0" Kind="prediction" Navigation="null" OriginId="org.eclipse.mylyn.resources.ui.interest.updater" StartDate="2014-12-05 09:24:56.863 JST" StructureHandle="/IFM11/bin/resources.ap_" StructureKind="resource"/><InteractionEvent Delta="null" EndDate="2014-12-05 09:26:34.201 JST" Interest="375.0" Kind="propagation" Navigation="org.eclipse.mylyn.core.model.edges.containment" OriginId="org.eclipse.mylyn.core.model.interest.propagation" StartDate="2014-12-05 08:57:19.27 JST" StructureHandle="/IFM11/src/ifm11/views" StructureKind="resource" NumEvents="375" CreationCount="41"/><InteractionEvent Delta="null" EndDate="2014-12-05 09:38:47.747 JST" Interest="24.0" Kind="edit" Navigation="null" OriginId="org.eclipse.jdt.ui.CompilationUnitEditor" StartDate="2014-12-05 09:27:23.96 JST" StructureHandle="=IFM11/src&amp;lt;ifm11.listeners.dialog{DOI_CL.java[DOI_CL~case_ACTV_CANVAS_OPS~QListItem;" StructureKind="java" NumEvents="24" CreationCount="954"/><InteractionEvent Delta="null" EndDate="2014-12-05 09:54:09.64 JST" Interest="9.0" Kind="selection" Navigation="null" OriginId="org.eclipse.jdt.ui.CompilationUnitEditor" StartDate="2014-12-05 09:27:22.111 JST" StructureHandle="=IFM11/src&amp;lt;ifm11.listeners.dialog{DOI_CL.java[DOI_CL~case_ACTV_CANVAS_OPS~QListItem;" StructureKind="java" NumEvents="9" CreationCount="954"/><InteractionEvent Delta="null" EndDate="2014-12-05 09:18:42.626 JST" Interest="24.6" Kind="propagation" Navigation="org.eclipse.mylyn.core.model.edges.containment" OriginId="org.eclipse.mylyn.core.model.interest.propagation" StartDate="2014-12-05 09:16:34.939 JST" StructureHandle="/IFM11/res/menu" StructureKind="resource" NumEvents="33" CreationCount="615"/><InteractionEvent Delta="null" EndDate="2014-12-05 08:50:16.10 JST" Interest="1.0" Kind="selection" Navigation="null" OriginId="org.eclipse.jdt.ui.PackageExplorer" StartDate="2014-12-05 08:50:16.10 JST" StructureHandle="=IFM11/src&amp;lt;ifm11.main" StructureKind="java"/><InteractionEvent Delta="null" EndDate="2014-12-05 09:25:03.251 JST" Interest="80.8" Kind="propagation" Navigation="org.eclipse.mylyn.core.model.edges.containment" OriginId="org.eclipse.mylyn.core.model.interest.propagation" StartDate="2014-12-05 08:50:24.257 JST" StructureHandle="=IFM11/src&amp;lt;ifm11.main" StructureKind="java" NumEvents="115" CreationCount="4"/><InteractionEvent Delta="null" EndDate="2014-12-05 09:37:41.802 JST" Interest="10.0" Kind="selection" Navigation="null" OriginId="org.eclipse.jdt.ui.CompilationUnitEditor" StartDate="2014-12-05 09:19:47.736 JST" StructureHandle="=IFM11/src&amp;lt;ifm11.utils{Methods_dlg.java" StructureKind="java" NumEvents="10" CreationCount="774"/><InteractionEvent Delta="null" EndDate="2014-12-05 09:37:47.516 JST" Interest="55.916996" Kind="propagation" Navigation="org.eclipse.mylyn.core.model.edges.containment" OriginId="org.eclipse.mylyn.core.model.interest.propagation" StartDate="2014-12-05 09:19:49.780 JST" StructureHandle="=IFM11/src&amp;lt;ifm11.utils{Methods_dlg.java" StructureKind="java" NumEvents="84" CreationCount="774"/><InteractionEvent Delta="null" EndDate="2014-12-05 09:26:34.200 JST" Interest="375.0" Kind="propagation" Navigation="null" OriginId="org.eclipse.jdt.ui.CompilationUnitEditor" StartDate="2014-12-05 08:57:19.27 JST" StructureHandle="/IFM11/src/ifm11/views/CV.java" StructureKind="resource" NumEvents="375" CreationCount="41"/><InteractionEvent Delta="null" EndDate="2014-12-05 08:58:47.130 JST" Interest="9.0" Kind="edit" Navigation="null" OriginId="org.eclipse.jdt.ui.CompilationUnitEditor" StartDate="2014-12-05 08:56:30.927 JST" StructureHandle="=CutPlanner_A/src&amp;lt;cp.main{MainActv.java[MainActv~onStart" StructureKind="java" NumEvents="9" CreationCount="16"/><InteractionEvent Delta="null" EndDate="2014-12-05 09:05:01.559 JST" Interest="5.0" Kind="selection" Navigation="null" OriginId="org.eclipse.jdt.ui.CompilationUnitEditor" StartDate="2014-12-05 08:56:30.410 JST" StructureHandle="=CutPlanner_A/src&amp;lt;cp.main{MainActv.java[MainActv~onStart" StructureKind="java" NumEvents="5" CreationCount="16"/><InteractionEvent Delta="null" EndDate="2014-12-05 10:11:14.395 JST" Interest="638.0" Kind="propagation" Navigation="null" OriginId="org.eclipse.jdt.ui.CompilationUnitEditor" StartDate="2014-12-05 09:19:47.736 JST" StructureHandle="/IFM11/src/ifm11/utils" StructureKind="resource" NumEvents="638" CreationCount="774"/><InteractionEvent Delta="null" EndDate="2014-12-05 09:17:46.938 JST" Interest="1.0" Kind="selection" Navigation="null" OriginId="org.eclipse.jdt.ui.PackageExplorer" StartDate="2014-12-05 09:17:46.938 JST" StructureHandle="/IFM11/res/drawable" StructureKind="resource"/><InteractionEvent Delta="null" EndDate="2014-12-05 09:09:43.208 JST" Interest="4.0" Kind="propagation" Navigation="org.eclipse.mylyn.core.model.edges.containment" OriginId="org.eclipse.mylyn.core.model.interest.propagation" StartDate="2014-12-05 09:09:43.189 JST" StructureHandle="=IFM11/src&amp;lt;ifm11.views{CV.java#" StructureKind="java" NumEvents="4" CreationCount="295"/><InteractionEvent Delta="null" EndDate="2014-12-05 09:54:09.6 JST" Interest="6.0" Kind="selection" Navigation="null" OriginId="org.eclipse.jdt.ui.CompilationUnitEditor" StartDate="2014-12-05 09:26:56.884 JST" StructureHandle="=IFM11/src&amp;lt;ifm11.listeners.dialog{DOI_CL.java" StructureKind="java" NumEvents="6" CreationCount="941"/><InteractionEvent Delta="null" EndDate="2014-12-05 09:38:48.377 JST" Interest="20.021" Kind="propagation" Navigation="org.eclipse.mylyn.core.model.edges.containment" OriginId="org.eclipse.mylyn.core.model.interest.propagation" StartDate="2014-12-05 09:26:57.619 JST" StructureHandle="=IFM11/src&amp;lt;ifm11.listeners.dialog{DOI_CL.java" StructureKind="java" NumEvents="36" CreationCount="941"/><InteractionEvent Delta="null" EndDate="2014-12-05 09:16:05.52 JST" Interest="3.0" Kind="selection" Navigation="null" OriginId="org.eclipse.ui.views.ResourceNavigator" StartDate="2014-12-05 09:10:08.948 JST" StructureHandle="=CutPlanner_A/src&amp;lt;cp.views{CV.java" StructureKind="java" NumEvents="3" CreationCount="325"/><InteractionEvent Delta="null" EndDate="2014-12-05 09:10:19.509 JST" Interest="5.2679996" Kind="propagation" Navigation="org.eclipse.mylyn.core.model.edges.containment" OriginId="org.eclipse.mylyn.core.model.interest.propagation" StartDate="2014-12-05 09:10:12.626 JST" StructureHandle="=CutPlanner_A/src&amp;lt;cp.views{CV.java" StructureKind="java" NumEvents="9" CreationCount="325"/><InteractionEvent Delta="null" EndDate="2014-12-05 09:54:09.64 JST" Interest="58.0" Kind="propagation" Navigation="org.eclipse.mylyn.core.model.edges.containment" OriginId="org.eclipse.mylyn.core.model.interest.propagation" StartDate="2014-12-05 09:26:56.884 JST" StructureHandle="/IFM11/src/ifm11/listeners" StructureKind="resource" NumEvents="58" CreationCount="941"/><InteractionEvent Delta="null" EndDate="2014-12-05 09:05:05.750 JST" Interest="1.0" Kind="edit" Navigation="null" OriginId="org.eclipse.jdt.ui.CompilationUnitEditor" StartDate="2014-12-05 09:05:05.750 JST" StructureHandle="=CutPlanner_A/src&amp;lt;cp.main{MainActv.java[MainActv" StructureKind="java"/><InteractionEvent Delta="null" EndDate="2014-12-05 09:05:10.304 JST" Interest="3.0" Kind="selection" Navigation="null" OriginId="org.eclipse.jdt.ui.CompilationUnitEditor" StartDate="2014-12-05 09:05:05.746 JST" StructureHandle="=CutPlanner_A/src&amp;lt;cp.main{MainActv.java[MainActv" StructureKind="java" NumEvents="3" CreationCount="14"/><InteractionEvent Delta="null" EndDate="2014-12-05 09:29:20.519 JST" Interest="26.355" Kind="propagation" Navigation="org.eclipse.mylyn.core.model.edges.containment" OriginId="org.eclipse.mylyn.core.model.interest.propagation" StartDate="2014-12-05 08:56:26.45 JST" StructureHandle="=CutPlanner_A/src&amp;lt;cp.main{MainActv.java[MainActv" StructureKind="java" NumEvents="33" CreationCount="14"/><InteractionEvent Delta="null" EndDate="2014-12-05 09:10:19.509 JST" Interest="7.2339997" Kind="propagation" Navigation="org.eclipse.mylyn.core.model.edges.containment" OriginId="org.eclipse.mylyn.core.model.interest.propagation" StartDate="2014-12-05 09:10:11.475 JST" StructureHandle="=CutPlanner_A/src&amp;lt;cp.views{CV.java[CV" StructureKind="java" NumEvents="9" CreationCount="327"/><InteractionEvent Delta="null" EndDate="2014-12-05 10:11:14.394 JST" Interest="307.519" Kind="propagation" Navigation="org.eclipse.mylyn.core.model.edges.containment" OriginId="org.eclipse.mylyn.core.model.interest.propagation" StartDate="2014-12-05 09:19:47.736 JST" StructureHandle="=IFM11/src&amp;lt;ifm11.utils" StructureKind="java" NumEvents="447" CreationCount="774"/><InteractionEvent Delta="null" EndDate="2014-12-05 08:57:29.65 JST" Interest="3.0" Kind="selection" Navigation="null" OriginId="org.eclipse.jdt.ui.CompilationUnitEditor" StartDate="2014-12-05 08:57:21.151 JST" StructureHandle="=IFM11/src&amp;lt;ifm11.views{CV.java[CV^paint" StructureKind="java" NumEvents="3" CreationCount="42"/><InteractionEvent Delta="null" EndDate="2014-12-05 09:55:22.633 JST" Interest="28.0" Kind="selection" Navigation="null" OriginId="org.eclipse.jdt.ui.CompilationUnitEditor" StartDate="2014-12-05 09:28:26.315 JST" StructureHandle="=IFM11/src&amp;lt;ifm11.utils{Methods.java" StructureKind="java" NumEvents="28" CreationCount="979"/><InteractionEvent Delta="null" EndDate="2014-12-05 10:11:14.394 JST" Interest="276.034" Kind="propagation" Navigation="org.eclipse.mylyn.core.model.edges.containment" OriginId="org.eclipse.mylyn.core.model.interest.propagation" StartDate="2014-12-05 09:28:56.382 JST" StructureHandle="=IFM11/src&amp;lt;ifm11.utils{Methods.java" StructureKind="java" NumEvents="400" CreationCount="979"/><InteractionEvent Delta="null" EndDate="2014-12-05 09:29:28.275 JST" Interest="48.028" Kind="propagation" Navigation="org.eclipse.mylyn.core.model.edges.containment" OriginId="org.eclipse.mylyn.core.model.interest.propagation" StartDate="2014-12-05 09:06:02.939 JST" StructureHandle="/IFM11/res" StructureKind="resource" NumEvents="59" CreationCount="157"/><InteractionEvent Delta="null" EndDate="2014-12-05 10:11:14.396 JST" Interest="1444.0" Kind="propagation" Navigation="null" OriginId="org.eclipse.jdt.ui.CompilationUnitEditor" StartDate="2014-12-05 08:50:00.20 JST" StructureHandle="/IFM11" StructureKind="resource" NumEvents="1444" CreationCount="1"/><InteractionEvent Delta="null" EndDate="2014-12-05 09:38:48.376 JST" Interest="4.0" Kind="selection" Navigation="null" OriginId="org.eclipse.jdt.ui.CompilationUnitEditor" StartDate="2014-12-05 09:27:00.194 JST" StructureHandle="=IFM11/src&amp;lt;ifm11.listeners.dialog{DOI_CL.java[DOI_CL" StructureKind="java" NumEvents="4" CreationCount="942"/><InteractionEvent Delta="null" EndDate="2014-12-05 09:54:09.64 JST" Interest="22.004" Kind="propagation" Navigation="org.eclipse.mylyn.core.model.edges.containment" OriginId="org.eclipse.mylyn.core.model.interest.propagation" StartDate="2014-12-05 09:26:57.619 JST" StructureHandle="=IFM11/src&amp;lt;ifm11.listeners.dialog{DOI_CL.java[DOI_CL" StructureKind="java" NumEvents="30" CreationCount="942"/><InteractionEvent Delta="null" EndDate="2014-12-05 09:10:19.508 JST" Interest="6.0" Kind="edit" Navigation="null" OriginId="org.eclipse.jdt.ui.CompilationUnitEditor" StartDate="2014-12-05 09:10:16.201 JST" StructureHandle="=CutPlanner_A/src&amp;lt;cp.views{CV.java[CV~onDraw~QCanvas;" StructureKind="java" NumEvents="6" CreationCount="329"/><InteractionEvent Delta="null" EndDate="2014-12-05 09:10:15.784 JST" Interest="3.0" Kind="selection" Navigation="null" OriginId="org.eclipse.jdt.ui.CompilationUnitEditor" StartDate="2014-12-05 09:10:15.649 JST" StructureHandle="=CutPlanner_A/src&amp;lt;cp.views{CV.java[CV~onDraw~QCanvas;" StructureKind="java" NumEvents="3" CreationCount="329"/><InteractionEvent Delta="null" EndDate="2014-12-05 10:09:22.432 JST" Interest="18.0" Kind="prediction" Navigation="null" OriginId="org.eclipse.mylyn.resources.ui.interest.updater" StartDate="2014-12-05 09:07:26.810 JST" StructureHandle="/IFM11/bin/classes.dex" StructureKind="resource" NumEvents="18" CreationCount="223"/><InteractionEvent Delta="null" EndDate="2014-12-05 09:06:06.290 JST" Interest="2.0" Kind="edit" Navigation="null" OriginId="com.android.ide.eclipse.editors.CommonXmlEditor" StartDate="2014-12-05 09:06:02.991 JST" StructureHandle="/IFM11/res/layout/actv_main_cv.xml" StructureKind="resource" NumEvents="2" CreationCount="157"/><InteractionEvent Delta="null" EndDate="2014-12-05 09:08:19.855 JST" Interest="2.0" Kind="selection" Navigation="null" OriginId="org.eclipse.jdt.ui.PackageExplorer" StartDate="2014-12-05 09:06:02.938 JST" StructureHandle="/IFM11/res/layout/actv_main_cv.xml" StructureKind="resource" NumEvents="2" CreationCount="157"/><InteractionEvent Delta="null" EndDate="2014-12-05 09:37:47.516 JST" Interest="125.0" Kind="propagation" Navigation="null" OriginId="org.eclipse.jdt.ui.CompilationUnitEditor" StartDate="2014-12-05 09:19:47.736 JST" StructureHandle="/IFM11/src/ifm11/utils/Methods_dlg.java" StructureKind="resource" NumEvents="125" CreationCount="774"/><InteractionEvent Delta="null" EndDate="2014-12-05 09:05:43.602 JST" Interest="1.0" Kind="selection" Navigation="null" OriginId="org.eclipse.jdt.ui.PackageExplorer" StartDate="2014-12-05 09:05:43.602 JST" StructureHandle="=IFM11/src&amp;lt;ifm11.main{ShowLogActv.java" StructureKind="java"/><InteractionEvent Delta="null" EndDate="2014-12-05 09:27:21.107 JST" Interest="8.0" Kind="edit" Navigation="null" OriginId="org.eclipse.jdt.ui.CompilationUnitEditor" StartDate="2014-12-05 09:27:02.606 JST" StructureHandle="=IFM11/src&amp;lt;ifm11.listeners.dialog{DOI_CL.java[DOI_CL~onItemClick~QAdapterView\&amp;lt;*&amp;gt;;~QView;~I~J" StructureKind="java" NumEvents="8" CreationCount="945"/><InteractionEvent Delta="null" EndDate="2014-12-05 09:27:01.663 JST" Interest="1.0" Kind="selection" Navigation="null" OriginId="org.eclipse.jdt.ui.CompilationUnitEditor" StartDate="2014-12-05 09:27:01.663 JST" StructureHandle="=IFM11/src&amp;lt;ifm11.listeners.dialog{DOI_CL.java[DOI_CL~onItemClick~QAdapterView\&amp;lt;*&amp;gt;;~QView;~I~J" StructureKind="java"/><InteractionEvent Delta="null" EndDate="2014-12-05 09:09:43.207 JST" Interest="4.0" Kind="selection" Navigation="null" OriginId="org.eclipse.jdt.ui.CompilationUnitEditor" StartDate="2014-12-05 09:09:43.188 JST" StructureHandle="=IFM11/src&amp;lt;ifm11.views{CV.java#android.graphics.drawable.ShapeDrawable" StructureKind="java" NumEvents="4" CreationCount="295"/><InteractionEvent Delta="null" EndDate="2014-12-05 09:54:12.908 JST" Interest="8.0" Kind="edit" Navigation="null" OriginId="org.eclipse.jdt.ui.CompilationUnitEditor" StartDate="2014-12-05 09:43:09.146 JST" StructureHandle="=IFM11/src&amp;lt;ifm11.utils{Methods.java[Methods~proc_Pixels__Red~QActivity;~\[I~I~I" StructureKind="java" NumEvents="8" CreationCount="1194"/><InteractionEvent Delta="null" EndDate="2014-12-05 09:54:23.982 JST" Interest="6.0" Kind="selection" Navigation="null" OriginId="org.eclipse.jdt.ui.CompilationUnitEditor" StartDate="2014-12-05 09:43:08.55 JST" StructureHandle="=IFM11/src&amp;lt;ifm11.utils{Methods.java[Methods~proc_Pixels__Red~QActivity;~\[I~I~I" StructureKind="java" NumEvents="6" CreationCount="1194"/><InteractionEvent Delta="null" EndDate="2014-12-05 09:19:09.156 JST" Interest="36.0" Kind="edit" Navigation="null" OriginId="org.eclipse.jdt.ui.CompilationUnitEditor" StartDate="2014-12-05 09:18:54.171 JST" StructureHandle="=IFM11/src&amp;lt;ifm11.main{CanvasActv.java[CanvasActv~onCreateOptionsMenu~QMenu;" StructureKind="java" NumEvents="36" CreationCount="676"/><InteractionEvent Delta="null" EndDate="2014-12-05 09:18:53.695 JST" Interest="3.0" Kind="selection" Navigation="null" OriginId="org.eclipse.jdt.ui.CompilationUnitEditor" StartDate="2014-12-05 09:18:53.599 JST" StructureHandle="=IFM11/src&amp;lt;ifm11.main{CanvasActv.java[CanvasActv~onCreateOptionsMenu~QMenu;" StructureKind="java" NumEvents="3" CreationCount="676"/><InteractionEvent Delta="null" EndDate="2014-12-05 09:25:03.250 JST" Interest="4.0" Kind="edit" Navigation="null" OriginId="org.eclipse.jdt.ui.CompilationUnitEditor" StartDate="2014-12-05 09:19:11.149 JST" StructureHandle="=IFM11/src&amp;lt;ifm11.main{CanvasActv.java[CanvasActv" StructureKind="java" NumEvents="4" CreationCount="54"/><InteractionEvent Delta="null" EndDate="2014-12-05 09:25:03.244 JST" Interest="2.0" Kind="selection" Navigation="null" OriginId="org.eclipse.jdt.ui.CompilationUnitEditor" StartDate="2014-12-05 09:19:11.146 JST" StructureHandle="=IFM11/src&amp;lt;ifm11.main{CanvasActv.java[CanvasActv" StructureKind="java" NumEvents="2" CreationCount="54"/><InteractionEvent Delta="null" EndDate="2014-12-05 09:18:53.673 JST" Interest="76.15" Kind="propagation" Navigation="org.eclipse.mylyn.core.model.edges.containment" OriginId="org.eclipse.mylyn.core.model.interest.propagation" StartDate="2014-12-05 08:57:39.401 JST" StructureHandle="=IFM11/src&amp;lt;ifm11.main{CanvasActv.java[CanvasActv" StructureKind="java" NumEvents="103" CreationCount="54"/><InteractionEvent Delta="null" EndDate="2014-12-05 09:23:26.210 JST" Interest="1.0" Kind="selection" Navigation="null" OriginId="org.eclipse.jdt.ui.CompilationUnitEditor" StartDate="2014-12-05 09:23:26.210 JST" StructureHandle="=IFM11/src&amp;lt;ifm11.utils{Tags.java[Tags[DialogItemTags^ACTV_CANVAS_OPS" StructureKind="java"/><InteractionEvent Delta="null" EndDate="2014-12-05 09:09:16.954 JST" Interest="5.0" Kind="edit" Navigation="null" OriginId="org.eclipse.jdt.ui.CompilationUnitEditor" StartDate="2014-12-05 09:09:13.982 JST" StructureHandle="=IFM11/src&amp;lt;ifm11.views{CV.java[CV~CV~QContext;~QAttributeSet;" StructureKind="java" NumEvents="5" CreationCount="233"/><InteractionEvent Delta="null" EndDate="2014-12-05 09:09:13.978 JST" Interest="5.0" Kind="selection" Navigation="null" OriginId="org.eclipse.jdt.ui.CompilationUnitEditor" StartDate="2014-12-05 09:08:29.77 JST" StructureHandle="=IFM11/src&amp;lt;ifm11.views{CV.java[CV~CV~QContext;~QAttributeSet;" StructureKind="java" NumEvents="5" CreationCount="233"/><InteractionEvent Delta="null" EndDate="2014-12-05 09:23:25.244 JST" Interest="1.0" Kind="selection" Navigation="null" OriginId="org.eclipse.jdt.ui.CompilationUnitEditor" StartDate="2014-12-05 09:23:25.244 JST" StructureHandle="=IFM11/src&amp;lt;ifm11.utils{Tags.java" StructureKind="java"/><InteractionEvent Delta="null" EndDate="2014-12-05 09:23:26.212 JST" Interest="0.01700002" Kind="propagation" Navigation="org.eclipse.mylyn.core.model.edges.containment" OriginId="org.eclipse.mylyn.core.model.interest.propagation" StartDate="2014-12-05 09:23:26.212 JST" StructureHandle="=IFM11/src&amp;lt;ifm11.utils{Tags.java" StructureKind="java"/><InteractionEvent Delta="null" EndDate="2014-12-05 09:42:32.581 JST" Interest="275.017" Kind="propagation" Navigation="null" OriginId="org.eclipse.jdt.ui.CompilationUnitEditor" StartDate="2014-12-05 08:50:16.11 JST" StructureHandle="/IFM11/src/ifm11/main" StructureKind="resource" NumEvents="277" CreationCount="4"/><InteractionEvent Delta="null" EndDate="2014-12-05 09:26:34.29 JST" Interest="11.0" Kind="selection" Navigation="null" OriginId="org.eclipse.jdt.ui.CompilationUnitEditor" StartDate="2014-12-05 08:57:19.27 JST" StructureHandle="=IFM11/src&amp;lt;ifm11.views{CV.java" StructureKind="java" NumEvents="11" CreationCount="41"/><InteractionEvent Delta="null" EndDate="2014-12-05 09:12:03.554 JST" Interest="121.65101" Kind="propagation" Navigation="org.eclipse.mylyn.core.model.edges.containment" OriginId="org.eclipse.mylyn.core.model.interest.propagation" StartDate="2014-12-05 08:57:21.152 JST" StructureHandle="=IFM11/src&amp;lt;ifm11.views{CV.java" StructureKind="java" NumEvents="174" CreationCount="41"/><InteractionEvent Delta="null" EndDate="2014-12-05 09:06:29.988 JST" Interest="23.0" Kind="edit" Navigation="null" OriginId="org.eclipse.jdt.ui.CompilationUnitEditor" StartDate="2014-12-05 08:58:56.739 JST" StructureHandle="=IFM11/src&amp;lt;ifm11.main{CanvasActv.java[CanvasActv~onStart" StructureKind="java" NumEvents="23" CreationCount="77"/><InteractionEvent Delta="null" EndDate="2014-12-05 09:06:29.971 JST" Interest="4.0" Kind="selection" Navigation="null" OriginId="org.eclipse.jdt.ui.CompilationUnitEditor" StartDate="2014-12-05 08:58:56.153 JST" StructureHandle="=IFM11/src&amp;lt;ifm11.main{CanvasActv.java[CanvasActv~onStart" StructureKind="java" NumEvents="4" CreationCount="77"/><InteractionEvent Delta="null" EndDate="2014-12-05 09:20:13.271 JST" Interest="1.0" Kind="selection" Navigation="null" OriginId="org.eclipse.jdt.ui.CompilationUnitEditor" StartDate="2014-12-05 09:20:13.271 JST" StructureHandle="=IFM11/src&amp;lt;ifm11.utils{Methods_dlg.java#ifm11.adapters.Adp_ListItems" StructureKind="java"/><InteractionEvent Delta="null" EndDate="2014-12-05 09:29:20.520 JST" Interest="92.06799" Kind="propagation" Navigation="null" OriginId="org.eclipse.jdt.ui.CompilationUnitEditor" StartDate="2014-12-05 08:50:38.103 JST" StructureHandle="/CutPlanner_A/src" StructureKind="resource" NumEvents="97" CreationCount="8"/><InteractionEvent Delta="null" EndDate="2014-12-05 09:12:40.560 JST" Interest="127.0" Kind="edit" Navigation="null" OriginId="org.eclipse.jdt.ui.CompilationUnitEditor" StartDate="2014-12-05 08:57:29.566 JST" StructureHandle="=IFM11/src&amp;lt;ifm11.views{CV.java[CV~drawLine~F~F~F~F~QPaint;" StructureKind="java" NumEvents="127" CreationCount="44"/><InteractionEvent Delta="null" EndDate="2014-12-05 09:26:34.200 JST" Interest="23.0" Kind="selection" Navigation="null" OriginId="org.eclipse.jdt.ui.CompilationUnitEditor" StartDate="2014-12-05 08:57:28.969 JST" StructureHandle="=IFM11/src&amp;lt;ifm11.views{CV.java[CV~drawLine~F~F~F~F~QPaint;" StructureKind="java" NumEvents="23" CreationCount="44"/><InteractionEvent Delta="null" EndDate="2014-12-05 09:29:50.456 JST" Interest="8.0" Kind="edit" Navigation="null" OriginId="org.eclipse.jdt.ui.CompilationUnitEditor" StartDate="2014-12-05 09:29:42.68 JST" StructureHandle="=IFM11/src&amp;lt;ifm11.main{ImageActv.java[ImageActv~set_image~QString;" StructureKind="java" NumEvents="8" CreationCount="1007"/><InteractionEvent Delta="null" EndDate="2014-12-05 09:42:32.580 JST" Interest="3.0" Kind="selection" Navigation="null" OriginId="org.eclipse.jdt.ui.CompilationUnitEditor" StartDate="2014-12-05 09:29:41.480 JST" StructureHandle="=IFM11/src&amp;lt;ifm11.main{ImageActv.java[ImageActv~set_image~QString;" StructureKind="java" NumEvents="3" CreationCount="1007"/><InteractionEvent Delta="null" EndDate="2014-12-05 09:54:09.64 JST" Interest="58.0" Kind="propagation" Navigation="null" OriginId="org.eclipse.jdt.ui.CompilationUnitEditor" StartDate="2014-12-05 09:26:56.884 JST" StructureHandle="/IFM11/src/ifm11/listeners/dialog/DOI_CL.java" StructureKind="resource" NumEvents="58" CreationCount="941"/><InteractionEvent Delta="null" EndDate="2014-12-05 09:20:27.586 JST" Interest="3.0" Kind="edit" Navigation="null" OriginId="org.eclipse.jdt.ui.CompilationUnitEditor" StartDate="2014-12-05 09:20:23.789 JST" StructureHandle="=IFM11/src&amp;lt;ifm11.utils{Methods_dlg.java[Methods_dlg~_dlg_Db_Actv__Get_ItemList~QActivity;" StructureKind="java" NumEvents="3" CreationCount="789"/><InteractionEvent Delta="null" EndDate="2014-12-05 09:20:23.109 JST" Interest="1.0" Kind="selection" Navigation="null" OriginId="org.eclipse.jdt.ui.CompilationUnitEditor" StartDate="2014-12-05 09:20:23.109 JST" StructureHandle="=IFM11/src&amp;lt;ifm11.utils{Methods_dlg.java[Methods_dlg~_dlg_Db_Actv__Get_ItemList~QActivity;" StructureKind="java"/><InteractionEvent Delta="null" EndDate="2014-12-05 09:27:39.67 JST" Interest="3.0" Kind="edit" Navigation="null" OriginId="org.eclipse.jdt.ui.CompilationUnitEditor" StartDate="2014-12-05 09:27:33.77 JST" StructureHandle="=IFM11/src&amp;lt;ifm11.listeners.dialog{DOI_CL.java[DOI_CL~case_ACTV_IMAGE_OPTMENU_LABS~QListItem;" StructureKind="java" NumEvents="3" CreationCount="959"/><InteractionEvent Delta="null" EndDate="2014-12-05 09:27:29.616 JST" Interest="1.0" Kind="selection" Navigation="null" OriginId="org.eclipse.jdt.ui.CompilationUnitEditor" StartDate="2014-12-05 09:27:29.616 JST" StructureHandle="=IFM11/src&amp;lt;ifm11.listeners.dialog{DOI_CL.java[DOI_CL~case_ACTV_IMAGE_OPTMENU_LABS~QListItem;" StructureKind="java"/><InteractionEvent Delta="null" EndDate="2014-12-05 09:20:13.784 JST" Interest="1.017" Kind="propagation" Navigation="org.eclipse.mylyn.core.model.edges.containment" OriginId="org.eclipse.mylyn.core.model.interest.propagation" StartDate="2014-12-05 09:20:13.271 JST" StructureHandle="=IFM11/src&amp;lt;ifm11.utils{Methods_dlg.java#" StructureKind="java" NumEvents="2" CreationCount="786"/><InteractionEvent Delta="null" EndDate="2014-12-05 09:29:20.519 JST" Interest="76.034" Kind="propagation" Navigation="org.eclipse.mylyn.core.model.edges.containment" OriginId="org.eclipse.mylyn.core.model.interest.propagation" StartDate="2014-12-05 08:50:40.630 JST" StructureHandle="/CutPlanner_A/src/cp/main" StructureKind="resource" NumEvents="78" CreationCount="10"/><InteractionEvent Delta="null" EndDate="2014-12-05 09:06:50.646 JST" Interest="2.0" Kind="edit" Navigation="null" OriginId="org.eclipse.jdt.ui.CompilationUnitEditor" StartDate="2014-12-05 09:06:50.641 JST" StructureHandle="=CutPlanner_A/src&amp;lt;cp.main{MainActv.java[MainActv~_test_DrawLine" StructureKind="java" NumEvents="2" CreationCount="204"/><InteractionEvent Delta="null" EndDate="2014-12-05 09:06:50.638 JST" Interest="1.0" Kind="selection" Navigation="null" OriginId="org.eclipse.jdt.ui.CompilationUnitEditor" StartDate="2014-12-05 09:06:50.638 JST" StructureHandle="=CutPlanner_A/src&amp;lt;cp.main{MainActv.java[MainActv~_test_DrawLine" StructureKind="java"/><InteractionEvent Delta="null" EndDate="2014-12-05 09:29:28.275 JST" Interest="39.8" Kind="propagation" Navigation="org.eclipse.mylyn.core.model.edges.containment" OriginId="org.eclipse.mylyn.core.model.interest.propagation" StartDate="2014-12-05 09:17:51.749 JST" StructureHandle="/IFM11/res/values" StructureKind="resource" NumEvents="53" CreationCount="641"/><InteractionEvent Delta="null" EndDate="2014-12-05 09:29:20.519 JST" Interest="76.0" Kind="propagation" Navigation="null" OriginId="org.eclipse.jdt.ui.CompilationUnitEditor" StartDate="2014-12-05 08:50:44.511 JST" StructureHandle="/CutPlanner_A/src/cp/main/MainActv.java" StructureKind="resource" NumEvents="76" CreationCount="12"/><InteractionEvent Delta="null" EndDate="2014-12-05 08:56:30.476 JST" Interest="4.0" Kind="selection" Navigation="null" OriginId="org.eclipse.jdt.ui.CompilationUnitEditor" StartDate="2014-12-05 08:56:26.44 JST" StructureHandle="=CutPlanner_A/src&amp;lt;cp.main{MainActv.java[MainActv~onCreate~QBundle;" StructureKind="java" NumEvents="4" CreationCount="14"/><InteractionEvent Delta="null" EndDate="2014-12-05 09:43:03.578 JST" Interest="3.0" Kind="edit" Navigation="null" OriginId="org.eclipse.jdt.ui.CompilationUnitEditor" StartDate="2014-12-05 09:42:59.974 JST" StructureHandle="=IFM11/src&amp;lt;ifm11.utils{Methods.java[Methods~proc_Pixels~QActivity;~\[I~I~I~QString;" StructureKind="java" NumEvents="3" CreationCount="1190"/><InteractionEvent Delta="null" EndDate="2014-12-05 09:42:58.563 JST" Interest="1.0" Kind="selection" Navigation="null" OriginId="org.eclipse.jdt.ui.CompilationUnitEditor" StartDate="2014-12-05 09:42:58.563 JST" StructureHandle="=IFM11/src&amp;lt;ifm11.utils{Methods.java[Methods~proc_Pixels~QActivity;~\[I~I~I~QString;" StructureKind="java"/><InteractionEvent Delta="null" EndDate="2014-12-05 10:11:14.394 JST" Interest="511.0" Kind="propagation" Navigation="null" OriginId="org.eclipse.jdt.ui.CompilationUnitEditor" StartDate="2014-12-05 09:28:26.316 JST" StructureHandle="/IFM11/src/ifm11/utils/Methods.java" StructureKind="resource" NumEvents="511" CreationCount="979"/><InteractionEvent Delta="null" EndDate="2014-12-05 10:11:14.393 JST" Interest="410.0" Kind="edit" Navigation="null" OriginId="org.eclipse.jdt.ui.CompilationUnitEditor" StartDate="2014-12-05 09:28:29.263 JST" StructureHandle="=IFM11/src&amp;lt;ifm11.utils{Methods.java[Methods~show_RGB~QActivity;" StructureKind="java" NumEvents="410" CreationCount="981"/><InteractionEvent Delta="null" EndDate="2014-12-05 09:55:22.713 JST" Interest="17.0" Kind="selection" Navigation="null" OriginId="org.eclipse.jdt.ui.CompilationUnitEditor" StartDate="2014-12-05 09:28:27.863 JST" StructureHandle="=IFM11/src&amp;lt;ifm11.utils{Methods.java[Methods~show_RGB~QActivity;" StructureKind="java" NumEvents="17" CreationCount="981"/></InteractionHistory>