<?xml version="1.0" encoding="UTF-8"?><InteractionHistory Id="local-143" Version="1"><InteractionEvent Delta="null" EndDate="2014-10-10 07:34:02.687 JST" Interest="87.050995" Kind="propagation" Navigation="org.eclipse.mylyn.core.model.edges.containment" OriginId="org.eclipse.mylyn.core.model.interest.propagation" StartDate="2014-10-10 07:27:30.94 JST" StructureHandle="" StructureKind="java" NumEvents="91" CreationCount="1"/><InteractionEvent Delta="null" EndDate="2014-10-10 07:28:25.677 JST" Interest="1.0" Kind="selection" Navigation="null" OriginId="org.eclipse.ui.views.ContentOutline" StartDate="2014-10-10 07:28:25.677 JST" StructureHandle="=TA2/src&amp;lt;ta2.utils{CONS.java[CONS[DB" StructureKind="java"/><InteractionEvent Delta="null" EndDate="2014-10-10 07:29:34.525 JST" Interest="12.0" Kind="propagation" Navigation="null" OriginId="org.eclipse.jdt.ui.CompilationUnitEditor" StartDate="2014-10-10 07:28:22.40 JST" StructureHandle="/TA2/src/ta2/utils/CONS.java" StructureKind="resource" NumEvents="12" CreationCount="25"/><InteractionEvent Delta="null" EndDate="2014-10-10 07:29:54.294 JST" Interest="5.0" Kind="selection" Navigation="null" OriginId="org.eclipse.jdt.ui.CompilationUnitEditor" StartDate="2014-10-10 07:27:47.18 JST" StructureHandle="=TA2/src&amp;lt;ta2.main{PhotoActv.java" StructureKind="java" NumEvents="5" CreationCount="4"/><InteractionEvent Delta="null" EndDate="2014-10-10 07:34:02.685 JST" Interest="45.234" Kind="propagation" Navigation="org.eclipse.mylyn.core.model.edges.containment" OriginId="org.eclipse.mylyn.core.model.interest.propagation" StartDate="2014-10-10 07:27:57.263 JST" StructureHandle="=TA2/src&amp;lt;ta2.main{PhotoActv.java" StructureKind="java" NumEvents="67" CreationCount="4"/><InteractionEvent Delta="null" EndDate="2014-10-10 07:29:02.429 JST" Interest="4.451" Kind="propagation" Navigation="org.eclipse.mylyn.core.model.edges.containment" OriginId="org.eclipse.mylyn.core.model.interest.propagation" StartDate="2014-10-10 07:28:22.40 JST" StructureHandle="=TA2/src&amp;lt;ta2.utils" StructureKind="java" NumEvents="8" CreationCount="25"/><InteractionEvent Delta="null" EndDate="2014-10-10 07:34:02.686 JST" Interest="88.034" Kind="propagation" Navigation="null" OriginId="org.eclipse.jdt.ui.CompilationUnitEditor" StartDate="2014-10-10 07:27:33.9 JST" StructureHandle="/TA2/src" StructureKind="resource" NumEvents="90" CreationCount="2"/><InteractionEvent Delta="null" EndDate="2014-10-10 07:27:30.78 JST" Interest="1.0" Kind="selection" Navigation="null" OriginId="org.eclipse.jdt.ui.PackageExplorer" StartDate="2014-10-10 07:27:30.78 JST" StructureHandle="=TA2" StructureKind="java"/><InteractionEvent Delta="null" EndDate="2014-10-10 07:34:02.685 JST" Interest="86.050995" Kind="propagation" Navigation="org.eclipse.mylyn.core.model.edges.containment" OriginId="org.eclipse.mylyn.core.model.interest.propagation" StartDate="2014-10-10 07:27:33.9 JST" StructureHandle="=TA2" StructureKind="resource" NumEvents="90" CreationCount="1"/><InteractionEvent Delta="null" EndDate="2014-10-10 07:34:02.687 JST" Interest="91.0" Kind="propagation" Navigation="null" OriginId="org.eclipse.jdt.ui.CompilationUnitEditor" StartDate="2014-10-10 07:27:30.94 JST" StructureHandle="/TA2" StructureKind="resource" NumEvents="91" CreationCount="1"/><InteractionEvent Delta="null" EndDate="2014-10-10 07:29:34.525 JST" Interest="12.0" Kind="propagation" Navigation="org.eclipse.mylyn.core.model.edges.containment" OriginId="org.eclipse.mylyn.core.model.interest.propagation" StartDate="2014-10-10 07:28:22.40 JST" StructureHandle="/TA2/src/ta2/utils" StructureKind="resource" NumEvents="12" CreationCount="25"/><InteractionEvent Delta="null" EndDate="2014-10-10 07:29:34.524 JST" Interest="3.7680001" Kind="propagation" Navigation="org.eclipse.mylyn.core.model.edges.containment" OriginId="org.eclipse.mylyn.core.model.interest.propagation" StartDate="2014-10-10 07:28:25.677 JST" StructureHandle="=TA2/src&amp;lt;ta2.utils{CONS.java[CONS" StructureKind="java" NumEvents="6" CreationCount="27"/><InteractionEvent Delta="null" EndDate="2014-10-10 07:34:02.685 JST" Interest="76.017" Kind="propagation" Navigation="org.eclipse.mylyn.core.model.edges.containment" OriginId="org.eclipse.mylyn.core.model.interest.propagation" StartDate="2014-10-10 07:27:38.796 JST" StructureHandle="/TA2/src/ta2" StructureKind="resource" NumEvents="77" CreationCount="3"/><InteractionEvent Delta="null" EndDate="2014-10-10 07:34:02.684 JST" Interest="50.2" Kind="propagation" Navigation="org.eclipse.mylyn.core.model.edges.containment" OriginId="org.eclipse.mylyn.core.model.interest.propagation" StartDate="2014-10-10 07:27:59.729 JST" StructureHandle="=TA2/src&amp;lt;ta2.main{PhotoActv.java[PhotoActv" StructureKind="java" NumEvents="70" CreationCount="6"/><InteractionEvent Delta="null" EndDate="2014-10-10 07:34:02.685 JST" Interest="87.050995" Kind="propagation" Navigation="org.eclipse.mylyn.core.model.edges.containment" OriginId="org.eclipse.mylyn.core.model.interest.propagation" StartDate="2014-10-10 07:27:30.94 JST" StructureHandle="/" StructureKind="resource" NumEvents="91" CreationCount="1"/><InteractionEvent Delta="null" EndDate="2014-10-10 07:34:02.684 JST" Interest="76.0" Kind="propagation" Navigation="null" OriginId="org.eclipse.jdt.ui.CompilationUnitEditor" StartDate="2014-10-10 07:27:47.19 JST" StructureHandle="/TA2/src/ta2/main/PhotoActv.java" StructureKind="resource" NumEvents="76" CreationCount="4"/><InteractionEvent Delta="null" EndDate="2014-10-10 07:28:30.650 JST" Interest="2.0" Kind="edit" Navigation="null" OriginId="org.eclipse.jdt.ui.CompilationUnitEditor" StartDate="2014-10-10 07:28:30.620 JST" StructureHandle="=TA2/src&amp;lt;ta2.utils{CONS.java[CONS[IFM11" StructureKind="java" NumEvents="2" CreationCount="28"/><InteractionEvent Delta="null" EndDate="2014-10-10 07:28:29.583 JST" Interest="1.0" Kind="selection" Navigation="null" OriginId="org.eclipse.ui.views.ContentOutline" StartDate="2014-10-10 07:28:29.583 JST" StructureHandle="=TA2/src&amp;lt;ta2.utils{CONS.java[CONS[IFM11" StructureKind="java"/><InteractionEvent Delta="null" EndDate="2014-10-10 07:29:34.524 JST" Interest="1.3510001" Kind="propagation" Navigation="org.eclipse.mylyn.core.model.edges.containment" OriginId="org.eclipse.mylyn.core.model.interest.propagation" StartDate="2014-10-10 07:29:02.673 JST" StructureHandle="=TA2/src&amp;lt;ta2.utils{CONS.java[CONS[IFM11" StructureKind="java" NumEvents="2" CreationCount="28"/><InteractionEvent Delta="null" EndDate="2014-10-10 07:27:33.9 JST" Interest="1.0" Kind="selection" Navigation="null" OriginId="org.eclipse.jdt.ui.PackageExplorer" StartDate="2014-10-10 07:27:33.9 JST" StructureHandle="=TA2/src" StructureKind="java"/><InteractionEvent Delta="null" EndDate="2014-10-10 07:34:02.686 JST" Interest="49.268" Kind="propagation" Navigation="org.eclipse.mylyn.core.model.edges.containment" OriginId="org.eclipse.mylyn.core.model.interest.propagation" StartDate="2014-10-10 07:27:38.796 JST" StructureHandle="=TA2/src" StructureKind="java" NumEvents="74" CreationCount="2"/><InteractionEvent Delta="null" EndDate="2014-10-10 07:27:38.796 JST" Interest="1.0" Kind="selection" Navigation="null" OriginId="org.eclipse.jdt.ui.PackageExplorer" StartDate="2014-10-10 07:27:38.796 JST" StructureHandle="=TA2/src&amp;lt;ta2.main" StructureKind="java"/><InteractionEvent Delta="null" EndDate="2014-10-10 07:34:02.686 JST" Interest="49.251" Kind="propagation" Navigation="org.eclipse.mylyn.core.model.edges.containment" OriginId="org.eclipse.mylyn.core.model.interest.propagation" StartDate="2014-10-10 07:27:47.20 JST" StructureHandle="=TA2/src&amp;lt;ta2.main" StructureKind="java" NumEvents="73" CreationCount="3"/><InteractionEvent Delta="null" EndDate="2014-10-10 07:27:57.263 JST" Interest="1.0" Kind="selection" Navigation="null" OriginId="org.eclipse.ui.views.ContentOutline" StartDate="2014-10-10 07:27:57.263 JST" StructureHandle="=TA2/src&amp;lt;ta2.main{PhotoActv.java%ta2.main" StructureKind="java"/><InteractionEvent Delta="null" EndDate="2014-10-10 07:29:34.523 JST" Interest="1.0" Kind="edit" Navigation="null" OriginId="org.eclipse.jdt.ui.CompilationUnitEditor" StartDate="2014-10-10 07:29:34.523 JST" StructureHandle="=TA2/src&amp;lt;ta2.utils{CONS.java[CONS[IFM11^col_names_IFM11" StructureKind="java"/><InteractionEvent Delta="null" EndDate="2014-10-10 07:29:02.673 JST" Interest="3.0" Kind="selection" Navigation="null" OriginId="org.eclipse.jdt.ui.CompilationUnitEditor" StartDate="2014-10-10 07:28:32.54 JST" StructureHandle="=TA2/src&amp;lt;ta2.utils{CONS.java[CONS[IFM11^col_names_IFM11" StructureKind="java" NumEvents="3" CreationCount="31"/><InteractionEvent Delta="null" EndDate="2014-10-10 07:34:02.684 JST" Interest="76.017" Kind="propagation" Navigation="org.eclipse.mylyn.core.model.edges.containment" OriginId="org.eclipse.mylyn.core.model.interest.propagation" StartDate="2014-10-10 07:27:38.796 JST" StructureHandle="/TA2/src/ta2/main" StructureKind="resource" NumEvents="77" CreationCount="3"/><InteractionEvent Delta="null" EndDate="2014-10-10 07:28:24.130 JST" Interest="1.0" Kind="selection" Navigation="null" OriginId="org.eclipse.ui.views.ContentOutline" StartDate="2014-10-10 07:28:24.130 JST" StructureHandle="=TA2/src&amp;lt;ta2.utils{CONS.java%ta2.utils" StructureKind="java"/><InteractionEvent Delta="null" EndDate="2014-10-10 07:29:02.428 JST" Interest="3.0" Kind="selection" Navigation="null" OriginId="org.eclipse.jdt.ui.CompilationUnitEditor" StartDate="2014-10-10 07:28:22.39 JST" StructureHandle="=TA2/src&amp;lt;ta2.utils{CONS.java" StructureKind="java" NumEvents="3" CreationCount="25"/><InteractionEvent Delta="null" EndDate="2014-10-10 07:28:30.652 JST" Interest="1.4510002" Kind="propagation" Navigation="org.eclipse.mylyn.core.model.edges.containment" OriginId="org.eclipse.mylyn.core.model.interest.propagation" StartDate="2014-10-10 07:28:24.131 JST" StructureHandle="=TA2/src&amp;lt;ta2.utils{CONS.java" StructureKind="java" NumEvents="5" CreationCount="25"/><InteractionEvent Delta="null" EndDate="2014-10-10 07:34:02.684 JST" Interest="66.0" Kind="edit" Navigation="null" OriginId="org.eclipse.jdt.ui.CompilationUnitEditor" StartDate="2014-10-10 07:27:59.876 JST" StructureHandle="=TA2/src&amp;lt;ta2.main{PhotoActv.java[PhotoActv~_Setup_Get_Content" StructureKind="java" NumEvents="66" CreationCount="6"/><InteractionEvent Delta="null" EndDate="2014-10-10 07:29:54.391 JST" Interest="4.0" Kind="selection" Navigation="null" OriginId="org.eclipse.jdt.ui.CompilationUnitEditor" StartDate="2014-10-10 07:27:59.728 JST" StructureHandle="=TA2/src&amp;lt;ta2.main{PhotoActv.java[PhotoActv~_Setup_Get_Content" StructureKind="java" NumEvents="4" CreationCount="6"/></InteractionHistory>