<?xml version="1.0" encoding="UTF-8"?><InteractionHistory Id="local-77" Version="1"><InteractionEvent Delta="null" EndDate="2014-09-16 16:09:35.443 JST" Interest="1.0" Kind="prediction" Navigation="null" OriginId="org.eclipse.mylyn.resources.ui.interest.updater" StartDate="2014-09-16 16:09:35.443 JST" StructureHandle="/SL3/bin/classes.dex" StructureKind="resource"/><InteractionEvent Delta="null" EndDate="2014-09-16 16:16:11.196 JST" Interest="164.255" Kind="propagation" Navigation="org.eclipse.mylyn.core.model.edges.containment" OriginId="org.eclipse.mylyn.core.model.interest.propagation" StartDate="2014-09-16 15:58:19.580 JST" StructureHandle="=SL3/src" StructureKind="java" NumEvents="254" CreationCount="1"/><InteractionEvent Delta="null" EndDate="2014-09-16 16:16:11.196 JST" Interest="347.034" Kind="propagation" Navigation="org.eclipse.mylyn.core.model.edges.containment" OriginId="org.eclipse.mylyn.core.model.interest.propagation" StartDate="2014-09-16 15:58:19.580 JST" StructureHandle="=SL3" StructureKind="resource" NumEvents="350" CreationCount="1"/><InteractionEvent Delta="null" EndDate="2014-09-16 16:01:24.419 JST" Interest="2.0" Kind="selection" Navigation="null" OriginId="org.eclipse.jdt.ui.CompilationUnitEditor" StartDate="2014-09-16 16:00:46.345 JST" StructureHandle="=SL3/src&amp;lt;sl.items{MI.java[MI[Builder~setId_Item~I" StructureKind="java" NumEvents="2" CreationCount="68"/><InteractionEvent Delta="null" EndDate="2014-09-16 16:00:20.429 JST" Interest="2.0" Kind="edit" Navigation="null" OriginId="org.eclipse.jdt.ui.CompilationUnitEditor" StartDate="2014-09-16 16:00:19.881 JST" StructureHandle="=SL3/src&amp;lt;sl.items{SI.java[SI" StructureKind="java" NumEvents="2" CreationCount="55"/><InteractionEvent Delta="null" EndDate="2014-09-16 16:01:10.154 JST" Interest="2.0" Kind="selection" Navigation="null" OriginId="org.eclipse.jdt.ui.CompilationUnitEditor" StartDate="2014-09-16 16:00:18.372 JST" StructureHandle="=SL3/src&amp;lt;sl.items{SI.java[SI" StructureKind="java" NumEvents="2" CreationCount="55"/><InteractionEvent Delta="null" EndDate="2014-09-16 16:01:35.386 JST" Interest="1.4420002" Kind="propagation" Navigation="org.eclipse.mylyn.core.model.edges.containment" OriginId="org.eclipse.mylyn.core.model.interest.propagation" StartDate="2014-09-16 16:01:33.600 JST" StructureHandle="=SL3/src&amp;lt;sl.items{SI.java[SI" StructureKind="java" NumEvents="2" CreationCount="55"/><InteractionEvent Delta="null" EndDate="2014-09-16 16:00:07.667 JST" Interest="1.0" Kind="selection" Navigation="null" OriginId="org.eclipse.jdt.ui.CompilationUnitEditor" StartDate="2014-09-16 16:00:07.667 JST" StructureHandle="=SL3/src&amp;lt;sl.items{MI.java[MI~getId_Item" StructureKind="java"/><InteractionEvent Delta="null" EndDate="2014-09-16 16:01:14.762 JST" Interest="1.0" Kind="edit" Navigation="null" OriginId="org.eclipse.jdt.ui.CompilationUnitEditor" StartDate="2014-09-16 16:01:14.762 JST" StructureHandle="=SL3/src&amp;lt;sl.items{SI.java[SI[Builder" StructureKind="java"/><InteractionEvent Delta="null" EndDate="2014-09-16 16:01:12.564 JST" Interest="1.0" Kind="selection" Navigation="null" OriginId="org.eclipse.jdt.ui.CompilationUnitEditor" StartDate="2014-09-16 16:01:12.564 JST" StructureHandle="=SL3/src&amp;lt;sl.items{SI.java[SI[Builder" StructureKind="java"/><InteractionEvent Delta="null" EndDate="2014-09-16 16:01:35.386 JST" Interest="2.7340002" Kind="propagation" Navigation="org.eclipse.mylyn.core.model.edges.containment" OriginId="org.eclipse.mylyn.core.model.interest.propagation" StartDate="2014-09-16 16:01:19.662 JST" StructureHandle="=SL3/src&amp;lt;sl.items{SI.java[SI[Builder" StructureKind="java" NumEvents="4" CreationCount="79"/><InteractionEvent Delta="null" EndDate="2014-09-16 16:01:33.419 JST" Interest="5.0" Kind="selection" Navigation="null" OriginId="org.eclipse.jdt.ui.CompilationUnitEditor" StartDate="2014-09-16 16:00:13.932 JST" StructureHandle="=SL3/src&amp;lt;sl.items{SI.java" StructureKind="java" NumEvents="5" CreationCount="53"/><InteractionEvent Delta="null" EndDate="2014-09-16 16:01:14.763 JST" Interest="0.43400037" Kind="propagation" Navigation="org.eclipse.mylyn.core.model.edges.containment" OriginId="org.eclipse.mylyn.core.model.interest.propagation" StartDate="2014-09-16 16:00:20.430 JST" StructureHandle="=SL3/src&amp;lt;sl.items{SI.java" StructureKind="java" NumEvents="2" CreationCount="53"/><InteractionEvent Delta="null" EndDate="2014-09-16 16:16:11.194 JST" Interest="164.017" Kind="propagation" Navigation="org.eclipse.mylyn.core.model.edges.containment" OriginId="org.eclipse.mylyn.core.model.interest.propagation" StartDate="2014-09-16 15:59:03.400 JST" StructureHandle="=SL3/src&amp;lt;sl.listeners{TCL.java[TCL" StructureKind="java" NumEvents="231" CreationCount="15"/><InteractionEvent Delta="null" EndDate="2014-09-16 15:58:19.580 JST" Interest="1.0" Kind="selection" Navigation="null" OriginId="org.eclipse.jdt.ui.PackageExplorer" StartDate="2014-09-16 15:58:19.580 JST" StructureHandle="=SL3/src&amp;lt;sl.adapters" StructureKind="java"/><InteractionEvent Delta="null" EndDate="2014-09-16 16:01:05.79 JST" Interest="1.0" Kind="edit" Navigation="null" OriginId="org.eclipse.jdt.ui.CompilationUnitEditor" StartDate="2014-09-16 16:01:05.79 JST" StructureHandle="=SL3/src&amp;lt;sl.items{MI.java[MI[Builder~setId_Icon~I" StructureKind="java"/><InteractionEvent Delta="null" EndDate="2014-09-16 16:00:58.885 JST" Interest="1.0" Kind="selection" Navigation="null" OriginId="org.eclipse.jdt.ui.CompilationUnitEditor" StartDate="2014-09-16 16:00:58.885 JST" StructureHandle="=SL3/src&amp;lt;sl.items{MI.java[MI[Builder~setId_Icon~I" StructureKind="java"/><InteractionEvent Delta="null" EndDate="2014-09-16 15:59:39.11 JST" Interest="2.0" Kind="edit" Navigation="null" OriginId="org.eclipse.jdt.ui.CompilationUnitEditor" StartDate="2014-09-16 15:59:36.267 JST" StructureHandle="=SL3/src&amp;lt;sl.items{MI.java[MI^item_ID" StructureKind="java" NumEvents="2" CreationCount="22"/><InteractionEvent Delta="null" EndDate="2014-09-16 15:59:45.48 JST" Interest="5.0" Kind="selection" Navigation="null" OriginId="org.eclipse.jdt.ui.CompilationUnitEditor" StartDate="2014-09-16 15:59:17.937 JST" StructureHandle="=SL3/src&amp;lt;sl.items{MI.java[MI^id_Title" StructureKind="java" NumEvents="5" CreationCount="22"/><InteractionEvent Delta="null" EndDate="2014-09-16 16:16:08.339 JST" Interest="105.017" Kind="propagation" Navigation="null" OriginId="org.eclipse.ui.views.ContentOutline" StartDate="2014-09-16 15:58:21.772 JST" StructureHandle="/SL3/src/sl/items" StructureKind="resource" NumEvents="106" CreationCount="2"/><InteractionEvent Delta="null" EndDate="2014-09-16 15:58:49.16 JST" Interest="1.0" Kind="propagation" Navigation="null" OriginId="org.eclipse.jdt.ui.PackageExplorer" StartDate="2014-09-16 15:58:49.16 JST" StructureHandle="/SL3/src/sl/items/PS.java" StructureKind="resource"/><InteractionEvent Delta="null" EndDate="2014-09-16 16:00:52.813 JST" Interest="5.0" Kind="edit" Navigation="null" OriginId="org.eclipse.jdt.ui.CompilationUnitEditor" StartDate="2014-09-16 16:00:26.137 JST" StructureHandle="=SL3/src&amp;lt;sl.items{MI.java[MI[Builder" StructureKind="java" NumEvents="5" CreationCount="62"/><InteractionEvent Delta="null" EndDate="2014-09-16 16:01:22.197 JST" Interest="5.0" Kind="selection" Navigation="null" OriginId="org.eclipse.jdt.ui.CompilationUnitEditor" StartDate="2014-09-16 16:00:24.425 JST" StructureHandle="=SL3/src&amp;lt;sl.items{MI.java[MI[Builder" StructureKind="java" NumEvents="5" CreationCount="62"/><InteractionEvent Delta="null" EndDate="2014-09-16 16:02:00.198 JST" Interest="0.5420003" Kind="propagation" Navigation="org.eclipse.mylyn.core.model.edges.containment" OriginId="org.eclipse.mylyn.core.model.interest.propagation" StartDate="2014-09-16 16:02:00.198 JST" StructureHandle="=SL3/src&amp;lt;sl.items{MI.java[MI[Builder" StructureKind="java"/><InteractionEvent Delta="null" EndDate="2014-09-16 16:02:04.903 JST" Interest="4.0" Kind="selection" Navigation="null" OriginId="org.eclipse.jdt.ui.CompilationUnitEditor" StartDate="2014-09-16 15:59:24.194 JST" StructureHandle="=SL3/src&amp;lt;sl.items{MI.java[MI^id_Item" StructureKind="java" NumEvents="4" CreationCount="25"/><InteractionEvent Delta="null" EndDate="2014-09-16 15:59:48.294 JST" Interest="1.0" Kind="selection" Navigation="null" OriginId="org.eclipse.jdt.ui.CompilationUnitEditor" StartDate="2014-09-16 15:59:48.294 JST" StructureHandle="=SL3/src&amp;lt;sl.items{MI.java[MI^id_Title!2" StructureKind="java"/><InteractionEvent Delta="null" EndDate="2014-09-16 16:16:11.195 JST" Interest="242.017" Kind="propagation" Navigation="org.eclipse.mylyn.core.model.edges.containment" OriginId="org.eclipse.mylyn.core.model.interest.propagation" StartDate="2014-09-16 15:58:59.321 JST" StructureHandle="/SL3/src/sl/listeners" StructureKind="resource" NumEvents="243" CreationCount="12"/><InteractionEvent Delta="null" EndDate="2014-09-16 16:16:11.195 JST" Interest="242.0" Kind="propagation" Navigation="null" OriginId="org.eclipse.jdt.ui.CompilationUnitEditor" StartDate="2014-09-16 15:59:01.111 JST" StructureHandle="/SL3/src/sl/listeners/TCL.java" StructureKind="resource" NumEvents="242" CreationCount="13"/><InteractionEvent Delta="null" EndDate="2014-09-16 16:01:08.503 JST" Interest="1.0" Kind="selection" Navigation="null" OriginId="org.eclipse.jdt.ui.CompilationUnitEditor" StartDate="2014-09-16 16:01:08.503 JST" StructureHandle="=SL3/src&amp;lt;sl.items{MI.java[MI[Builder~setId_Title~I" StructureKind="java"/><InteractionEvent Delta="null" EndDate="2014-09-16 16:01:54.215 JST" Interest="11.0" Kind="selection" Navigation="null" OriginId="org.eclipse.jdt.ui.CompilationUnitEditor" StartDate="2014-09-16 15:58:40.599 JST" StructureHandle="=SL3/src&amp;lt;sl.items{MI.java" StructureKind="java" NumEvents="11" CreationCount="4"/><InteractionEvent Delta="null" EndDate="2014-09-16 16:00:46.345 JST" Interest="5.1060014" Kind="propagation" Navigation="org.eclipse.mylyn.core.model.edges.containment" OriginId="org.eclipse.mylyn.core.model.interest.propagation" StartDate="2014-09-16 15:58:40.501 JST" StructureHandle="=SL3/src&amp;lt;sl.items{MI.java" StructureKind="java" NumEvents="8" CreationCount="4"/><InteractionEvent Delta="null" EndDate="2014-09-16 16:16:11.196 JST" Interest="347.034" Kind="propagation" Navigation="null" OriginId="org.eclipse.jdt.ui.CompilationUnitEditor" StartDate="2014-09-16 15:58:19.580 JST" StructureHandle="/SL3/src" StructureKind="resource" NumEvents="350" CreationCount="1"/><InteractionEvent Delta="null" EndDate="2014-09-16 16:00:05.738 JST" Interest="4.0" Kind="edit" Navigation="null" OriginId="org.eclipse.jdt.ui.CompilationUnitEditor" StartDate="2014-09-16 15:59:14.782 JST" StructureHandle="=SL3/src&amp;lt;sl.items{MI.java[MI" StructureKind="java" NumEvents="4" CreationCount="7"/><InteractionEvent Delta="null" EndDate="2014-09-16 16:02:06.167 JST" Interest="11.0" Kind="selection" Navigation="null" OriginId="org.eclipse.jdt.ui.CompilationUnitEditor" StartDate="2014-09-16 15:58:43.926 JST" StructureHandle="=SL3/src&amp;lt;sl.items{MI.java[MI" StructureKind="java" NumEvents="11" CreationCount="7"/><InteractionEvent Delta="null" EndDate="2014-09-16 15:59:45.49 JST" Interest="1.2550001" Kind="propagation" Navigation="org.eclipse.mylyn.core.model.edges.containment" OriginId="org.eclipse.mylyn.core.model.interest.propagation" StartDate="2014-09-16 15:59:39.11 JST" StructureHandle="=SL3/src&amp;lt;sl.items{MI.java[MI" StructureKind="java" NumEvents="2" CreationCount="7"/><InteractionEvent Delta="null" EndDate="2014-09-16 15:58:49.16 JST" Interest="1.0" Kind="selection" Navigation="null" OriginId="org.eclipse.jdt.ui.PackageExplorer" StartDate="2014-09-16 15:58:49.16 JST" StructureHandle="=SL3/src&amp;lt;sl.items{PS.java" StructureKind="java"/><InteractionEvent Delta="null" EndDate="2014-09-16 16:09:35.443 JST" Interest="1.0" Kind="prediction" Navigation="null" OriginId="org.eclipse.mylyn.resources.ui.interest.updater" StartDate="2014-09-16 16:09:35.443 JST" StructureHandle="/SL3/bin/SL3.apk" StructureKind="resource"/><InteractionEvent Delta="null" EndDate="2014-09-16 16:16:11.196 JST" Interest="347.034" Kind="propagation" Navigation="org.eclipse.mylyn.core.model.edges.containment" OriginId="org.eclipse.mylyn.core.model.interest.propagation" StartDate="2014-09-16 15:58:19.580 JST" StructureHandle="/" StructureKind="resource" NumEvents="350" CreationCount="1"/><InteractionEvent Delta="null" EndDate="2014-09-16 16:16:11.195 JST" Interest="242.204" Kind="propagation" Navigation="org.eclipse.mylyn.core.model.edges.containment" OriginId="org.eclipse.mylyn.core.model.interest.propagation" StartDate="2014-09-16 15:58:19.580 JST" StructureHandle="/SL3/src/sl" StructureKind="resource" NumEvents="246" CreationCount="1"/><InteractionEvent Delta="null" EndDate="2014-09-16 16:02:56.600 JST" Interest="11.0" Kind="selection" Navigation="null" OriginId="org.eclipse.jdt.ui.CompilationUnitEditor" StartDate="2014-09-16 15:59:01.110 JST" StructureHandle="=SL3/src&amp;lt;sl.listeners{TCL.java" StructureKind="java" NumEvents="11" CreationCount="13"/><InteractionEvent Delta="null" EndDate="2014-09-16 16:16:11.195 JST" Interest="153.05101" Kind="propagation" Navigation="org.eclipse.mylyn.core.model.edges.containment" OriginId="org.eclipse.mylyn.core.model.interest.propagation" StartDate="2014-09-16 15:59:44.392 JST" StructureHandle="=SL3/src&amp;lt;sl.listeners{TCL.java" StructureKind="java" NumEvents="219" CreationCount="13"/><InteractionEvent Delta="null" EndDate="2014-09-16 15:58:30.898 JST" Interest="2.0" Kind="selection" Navigation="null" OriginId="org.eclipse.jdt.ui.PackageExplorer" StartDate="2014-09-16 15:58:21.772 JST" StructureHandle="=SL3/src&amp;lt;sl.items" StructureKind="java" NumEvents="2" CreationCount="2"/><InteractionEvent Delta="null" EndDate="2014-09-16 16:02:01.364 JST" Interest="14.140002" Kind="propagation" Navigation="org.eclipse.mylyn.core.model.edges.containment" OriginId="org.eclipse.mylyn.core.model.interest.propagation" StartDate="2014-09-16 15:58:28.372 JST" StructureHandle="=SL3/src&amp;lt;sl.items" StructureKind="java" NumEvents="24" CreationCount="2"/><InteractionEvent Delta="null" EndDate="2014-09-16 15:59:03.399 JST" Interest="1.0" Kind="selection" Navigation="null" OriginId="org.eclipse.jdt.ui.CompilationUnitEditor" StartDate="2014-09-16 15:59:03.399 JST" StructureHandle="=SL3/src&amp;lt;sl.listeners{TCL.java[TCL~TCL~QActivity;" StructureKind="java"/><InteractionEvent Delta="null" EndDate="2014-09-16 15:58:28.371 JST" Interest="1.0" Kind="selection" Navigation="null" OriginId="org.eclipse.jdt.ui.PackageExplorer" StartDate="2014-09-16 15:58:28.371 JST" StructureHandle="=SL3/src&amp;lt;sl.items{Genre.java" StructureKind="java"/><InteractionEvent Delta="null" EndDate="2014-09-16 16:09:35.443 JST" Interest="1.0" Kind="propagation" Navigation="org.eclipse.mylyn.core.model.edges.containment" OriginId="org.eclipse.mylyn.core.model.interest.propagation" StartDate="2014-09-16 16:09:35.443 JST" StructureHandle="/SL3/bin" StructureKind="resource"/><InteractionEvent Delta="null" EndDate="2014-09-16 16:01:35.386 JST" Interest="2.0" Kind="edit" Navigation="null" OriginId="org.eclipse.jdt.ui.CompilationUnitEditor" StartDate="2014-09-16 16:01:19.661 JST" StructureHandle="=SL3/src&amp;lt;sl.items{SI.java[SI[Builder~build" StructureKind="java" NumEvents="2" CreationCount="81"/><InteractionEvent Delta="null" EndDate="2014-09-16 16:01:33.600 JST" Interest="3.0" Kind="selection" Navigation="null" OriginId="org.eclipse.jdt.ui.CompilationUnitEditor" StartDate="2014-09-16 16:01:16.699 JST" StructureHandle="=SL3/src&amp;lt;sl.items{SI.java[SI[Builder~build" StructureKind="java" NumEvents="3" CreationCount="81"/><InteractionEvent Delta="null" EndDate="2014-09-16 15:58:28.371 JST" Interest="1.0" Kind="propagation" Navigation="null" OriginId="org.eclipse.jdt.ui.PackageExplorer" StartDate="2014-09-16 15:58:28.371 JST" StructureHandle="/SL3/src/sl/items/Genre.java" StructureKind="resource"/><InteractionEvent Delta="null" EndDate="2014-09-16 16:01:51.516 JST" Interest="8.0" Kind="edit" Navigation="null" OriginId="org.eclipse.jdt.ui.CompilationUnitEditor" StartDate="2014-09-16 16:01:38.382 JST" StructureHandle="=SL3/src&amp;lt;sl.items{MI.java[MI[Builder~build" StructureKind="java" NumEvents="8" CreationCount="88"/><InteractionEvent Delta="null" EndDate="2014-09-16 16:02:00.197 JST" Interest="3.0" Kind="selection" Navigation="null" OriginId="org.eclipse.jdt.ui.CompilationUnitEditor" StartDate="2014-09-16 16:01:28.257 JST" StructureHandle="=SL3/src&amp;lt;sl.items{MI.java[MI[Builder~build" StructureKind="java" NumEvents="3" CreationCount="88"/><InteractionEvent Delta="null" EndDate="2014-09-16 15:58:19.580 JST" Interest="1.0" Kind="propagation" Navigation="null" OriginId="org.eclipse.jdt.ui.PackageExplorer" StartDate="2014-09-16 15:58:19.580 JST" StructureHandle="/SL3/src/sl/adapters" StructureKind="resource"/><InteractionEvent Delta="null" EndDate="2014-09-16 16:02:51.188 JST" Interest="10.0" Kind="edit" Navigation="null" OriginId="org.eclipse.jdt.ui.CompilationUnitEditor" StartDate="2014-09-16 16:02:03.78 JST" StructureHandle="=SL3/src&amp;lt;sl.items{MI.java[MI~MI~QBuilder;" StructureKind="java" NumEvents="10" CreationCount="113"/><InteractionEvent Delta="null" EndDate="2014-09-16 16:16:08.338 JST" Interest="4.0" Kind="selection" Navigation="null" OriginId="org.eclipse.ui.views.ContentOutline" StartDate="2014-09-16 16:02:01.363 JST" StructureHandle="=SL3/src&amp;lt;sl.items{MI.java[MI~MI~QBuilder;" StructureKind="java" NumEvents="4" CreationCount="113"/><InteractionEvent Delta="null" EndDate="2014-09-16 16:01:35.386 JST" Interest="16.0" Kind="propagation" Navigation="null" OriginId="org.eclipse.jdt.ui.CompilationUnitEditor" StartDate="2014-09-16 16:00:13.932 JST" StructureHandle="/SL3/src/sl/items/SI.java" StructureKind="resource" NumEvents="16" CreationCount="53"/><InteractionEvent Delta="null" EndDate="2014-09-16 16:16:08.338 JST" Interest="86.0" Kind="propagation" Navigation="null" OriginId="org.eclipse.ui.views.ContentOutline" StartDate="2014-09-16 15:58:40.501 JST" StructureHandle="/SL3/src/sl/items/MI.java" StructureKind="resource" NumEvents="86" CreationCount="4"/><InteractionEvent Delta="null" EndDate="2014-09-16 15:58:59.321 JST" Interest="1.0" Kind="selection" Navigation="null" OriginId="org.eclipse.jdt.ui.PackageExplorer" StartDate="2014-09-16 15:58:59.321 JST" StructureHandle="=SL3/src&amp;lt;sl.listeners" StructureKind="java"/><InteractionEvent Delta="null" EndDate="2014-09-16 16:16:11.195 JST" Interest="163.06801" Kind="propagation" Navigation="org.eclipse.mylyn.core.model.edges.containment" OriginId="org.eclipse.mylyn.core.model.interest.propagation" StartDate="2014-09-16 15:59:01.111 JST" StructureHandle="=SL3/src&amp;lt;sl.listeners" StructureKind="java" NumEvents="233" CreationCount="12"/><InteractionEvent Delta="null" EndDate="2014-09-16 16:16:11.194 JST" Interest="220.0" Kind="edit" Navigation="null" OriginId="org.eclipse.jdt.ui.CompilationUnitEditor" StartDate="2014-09-16 15:59:09.275 JST" StructureHandle="=SL3/src&amp;lt;sl.listeners{TCL.java[TCL~_onTabChanged__ChangeItems__ToSecond" StructureKind="java" NumEvents="220" CreationCount="16"/><InteractionEvent Delta="null" EndDate="2014-09-16 16:16:08.347 JST" Interest="10.0" Kind="selection" Navigation="null" OriginId="org.eclipse.ui.views.ContentOutline" StartDate="2014-09-16 15:59:07.147 JST" StructureHandle="=SL3/src&amp;lt;sl.listeners{TCL.java[TCL~_onTabChanged__ChangeItems__ToSecond" StructureKind="java" NumEvents="10" CreationCount="16"/></InteractionHistory>