<?xml version="1.0" encoding="UTF-8"?><InteractionHistory Id="local-17" Version="1"><InteractionEvent Delta="null" EndDate="2014-08-23 21:41:32.701 JST" Interest="36.153" Kind="propagation" Navigation="org.eclipse.mylyn.core.model.edges.containment" OriginId="org.eclipse.mylyn.core.model.interest.propagation" StartDate="2014-08-23 21:39:44.396 JST" StructureHandle="" StructureKind="java" NumEvents="37" CreationCount="79"/><InteractionEvent Delta="null" EndDate="2014-08-23 21:39:08.715 JST" Interest="1.0" Kind="selection" Navigation="null" OriginId="org.eclipse.ui.views.ContentOutline" StartDate="2014-08-23 21:39:08.715 JST" StructureHandle="=TA2/src&amp;lt;ta2.utils{DBUtils.java[DBUtils~find_All_WP_literals~QActivity;" StructureKind="java"/><InteractionEvent Delta="null" EndDate="2014-08-23 21:47:49.424 JST" Interest="0.017000198" Kind="propagation" Navigation="org.eclipse.mylyn.core.model.edges.containment" OriginId="org.eclipse.mylyn.core.model.interest.propagation" StartDate="2014-08-23 21:47:49.424 JST" StructureHandle="=TA2/src&amp;lt;ta2.main{MemoActv.java" StructureKind="java"/><InteractionEvent Delta="null" EndDate="2014-08-23 21:47:49.220 JST" Interest="0.97800016" Kind="manipulation" Navigation="null" OriginId="org.eclipse.mylyn.core.model.interest.decay.correction" StartDate="2014-08-23 21:47:49.220 JST" StructureHandle="=TA2/src&amp;lt;ta2.main{MemoActv.java" StructureKind="java"/><InteractionEvent Delta="null" EndDate="2014-08-23 21:53:02.932 JST" Interest="7.0" Kind="selection" Navigation="null" OriginId="org.eclipse.jdt.ui.CompilationUnitEditor" StartDate="2014-08-23 21:37:21.23 JST" StructureHandle="=TA2/src&amp;lt;ta2.main{MemoActv.java" StructureKind="java" NumEvents="7" CreationCount="22"/><InteractionEvent Delta="null" EndDate="2014-08-23 21:51:04.323 JST" Interest="261.0" Kind="propagation" Navigation="null" OriginId="org.eclipse.jdt.ui.CompilationUnitEditor" StartDate="2014-08-23 21:37:04.548 JST" StructureHandle="/TA2/src/ta2/utils" StructureKind="resource" NumEvents="261" CreationCount="9"/><InteractionEvent Delta="null" EndDate="2014-08-23 21:48:37.6 JST" Interest="153.0" Kind="propagation" Navigation="null" OriginId="org.eclipse.jdt.ui.CompilationUnitEditor" StartDate="2014-08-23 21:38:42.463 JST" StructureHandle="/TA2/src/ta2/utils/DBUtils.java" StructureKind="resource" NumEvents="153" CreationCount="59"/><InteractionEvent Delta="null" EndDate="2014-08-23 21:51:04.322 JST" Interest="260.136" Kind="propagation" Navigation="org.eclipse.mylyn.core.model.edges.containment" OriginId="org.eclipse.mylyn.core.model.interest.propagation" StartDate="2014-08-23 21:36:53.319 JST" StructureHandle="/TA2/src/ta2" StructureKind="resource" NumEvents="263" CreationCount="1"/><InteractionEvent Delta="null" EndDate="2014-08-23 21:41:32.700 JST" Interest="31.0" Kind="propagation" Navigation="null" OriginId="org.eclipse.jdt.ui.CompilationUnitEditor" StartDate="2014-08-23 21:39:54.295 JST" StructureHandle="/IFM11/src/ifm11/utils/DBUtils.java" StructureKind="resource" NumEvents="31" CreationCount="94"/><InteractionEvent Delta="null" EndDate="2014-08-23 21:40:51.201 JST" Interest="1.0" Kind="selection" Navigation="null" OriginId="org.eclipse.jdt.ui.CompilationUnitEditor" StartDate="2014-08-23 21:40:51.201 JST" StructureHandle="=TA2/src&amp;lt;ta2.utils{DBUtils.java#ifm11.utils.CONS" StructureKind="java"/><InteractionEvent Delta="null" EndDate="2014-08-23 21:53:16.169 JST" Interest="12.0" Kind="propagation" Navigation="null" OriginId="org.eclipse.jdt.ui.CompilationUnitEditor" StartDate="2014-08-23 21:37:21.23 JST" StructureHandle="/TA2/src/ta2/main/MemoActv.java" StructureKind="resource" NumEvents="12" CreationCount="22"/><InteractionEvent Delta="null" EndDate="2014-08-23 21:41:31.860 JST" Interest="6.985" Kind="propagation" Navigation="org.eclipse.mylyn.core.model.edges.containment" OriginId="org.eclipse.mylyn.core.model.interest.propagation" StartDate="2014-08-23 21:40:14.122 JST" StructureHandle="=IFM11/src&amp;lt;ifm11.utils{DBUtils.java" StructureKind="java" NumEvents="11" CreationCount="94"/><InteractionEvent Delta="null" EndDate="2014-08-23 21:41:20.164 JST" Interest="5.0" Kind="selection" Navigation="null" OriginId="org.eclipse.jdt.ui.CompilationUnitEditor" StartDate="2014-08-23 21:39:54.294 JST" StructureHandle="=IFM11/src&amp;lt;ifm11.utils{DBUtils.java" StructureKind="java" NumEvents="5" CreationCount="94"/><InteractionEvent Delta="null" EndDate="2014-08-23 21:47:52.978 JST" Interest="1.2350001" Kind="manipulation" Navigation="null" OriginId="org.eclipse.mylyn.core.model.interest.decay.correction" StartDate="2014-08-23 21:47:52.978 JST" StructureHandle="=TA2/src&amp;lt;ta2.listeners.button{BO_CL.java[BO_CL~case_ACTV_MEMO_SAVE" StructureKind="java"/><InteractionEvent Delta="null" EndDate="2014-08-23 21:52:54.134 JST" Interest="28.0" Kind="edit" Navigation="null" OriginId="org.eclipse.jdt.ui.CompilationUnitEditor" StartDate="2014-08-23 21:37:00.591 JST" StructureHandle="=TA2/src&amp;lt;ta2.listeners.button{BO_CL.java[BO_CL~case_ACTV_MEMO_SAVE" StructureKind="java" NumEvents="28" CreationCount="5"/><InteractionEvent Delta="null" EndDate="2014-08-23 21:51:04.633 JST" Interest="5.0" Kind="selection" Navigation="null" OriginId="org.eclipse.jdt.ui.CompilationUnitEditor" StartDate="2014-08-23 21:36:59.538 JST" StructureHandle="=TA2/src&amp;lt;ta2.listeners.button{BO_CL.java[BO_CL~case_ACTV_MEMO_SAVE" StructureKind="java" NumEvents="5" CreationCount="5"/><InteractionEvent Delta="null" EndDate="2014-08-23 21:47:49.424 JST" Interest="2.9610002" Kind="manipulation" Navigation="null" OriginId="org.eclipse.mylyn.core.model.interest.decay.correction" StartDate="2014-08-23 21:47:49.424 JST" StructureHandle="=TA2/src&amp;lt;ta2.main{MemoActv.java#android.widget.EditText" StructureKind="java"/><InteractionEvent Delta="null" EndDate="2014-08-23 21:53:02.986 JST" Interest="4.0" Kind="selection" Navigation="null" OriginId="org.eclipse.jdt.ui.CompilationUnitEditor" StartDate="2014-08-23 21:37:24.992 JST" StructureHandle="=TA2/src&amp;lt;ta2.main{MemoActv.java#android.widget.EditText" StructureKind="java" NumEvents="4" CreationCount="24"/><InteractionEvent Delta="null" EndDate="2014-08-23 21:53:02.932 JST" Interest="7.0120006" Kind="propagation" Navigation="org.eclipse.mylyn.core.model.edges.containment" OriginId="org.eclipse.mylyn.core.model.interest.propagation" StartDate="2014-08-23 21:37:21.24 JST" StructureHandle="=TA2/src&amp;lt;ta2.main" StructureKind="java" NumEvents="9" CreationCount="21"/><InteractionEvent Delta="null" EndDate="2014-08-23 21:37:19.476 JST" Interest="1.0" Kind="selection" Navigation="null" OriginId="org.eclipse.jdt.ui.PackageExplorer" StartDate="2014-08-23 21:37:19.476 JST" StructureHandle="=TA2/src&amp;lt;ta2.main" StructureKind="java"/><InteractionEvent Delta="null" EndDate="2014-08-23 21:41:32.701 JST" Interest="33.0" Kind="propagation" Navigation="null" OriginId="org.eclipse.jdt.ui.CompilationUnitEditor" StartDate="2014-08-23 21:39:52.510 JST" StructureHandle="/IFM11/src/ifm11/utils" StructureKind="resource" NumEvents="33" CreationCount="92"/><InteractionEvent Delta="null" EndDate="2014-08-23 21:52:56.515 JST" Interest="42.017" Kind="propagation" Navigation="org.eclipse.mylyn.core.model.edges.containment" OriginId="org.eclipse.mylyn.core.model.interest.propagation" StartDate="2014-08-23 21:36:53.319 JST" StructureHandle="/TA2/src/ta2/listeners" StructureKind="resource" NumEvents="44" CreationCount="1"/><InteractionEvent Delta="null" EndDate="2014-08-23 21:51:08.550 JST" Interest="1.0" Kind="prediction" Navigation="null" OriginId="org.eclipse.mylyn.resources.ui.interest.updater" StartDate="2014-08-23 21:51:08.550 JST" StructureHandle="/TA2/bin/TA2.apk" StructureKind="resource"/><InteractionEvent Delta="null" EndDate="2014-08-23 21:39:36.929 JST" Interest="3.0" Kind="edit" Navigation="null" OriginId="org.eclipse.jdt.ui.CompilationUnitEditor" StartDate="2014-08-23 21:39:35.876 JST" StructureHandle="=TA2/src&amp;lt;ta2.utils{DBUtils.java[DBUtils~insertData~QSQLiteDatabase;~QString;~\[QString;~\[QString;" StructureKind="java" NumEvents="3" CreationCount="73"/><InteractionEvent Delta="null" EndDate="2014-08-23 21:40:21.930 JST" Interest="2.0" Kind="selection" Navigation="null" OriginId="org.eclipse.jdt.ui.CompilationUnitEditor" StartDate="2014-08-23 21:39:24.592 JST" StructureHandle="=TA2/src&amp;lt;ta2.utils{DBUtils.java[DBUtils~insertData~QSQLiteDatabase;~QString;~\[QString;~\[QString;" StructureKind="java" NumEvents="2" CreationCount="73"/><InteractionEvent Delta="null" EndDate="2014-08-23 21:41:21.924 JST" Interest="6.917" Kind="propagation" Navigation="org.eclipse.mylyn.core.model.edges.containment" OriginId="org.eclipse.mylyn.core.model.interest.propagation" StartDate="2014-08-23 21:40:02.509 JST" StructureHandle="=IFM11/src&amp;lt;ifm11.utils{DBUtils.java[DBUtils" StructureKind="java" NumEvents="10" CreationCount="98"/><InteractionEvent Delta="null" EndDate="2014-08-23 21:41:31.859 JST" Interest="5.0" Kind="selection" Navigation="null" OriginId="org.eclipse.jdt.ui.CompilationUnitEditor" StartDate="2014-08-23 21:40:20.429 JST" StructureHandle="=IFM11/src&amp;lt;ifm11.utils{DBUtils.java[DBUtils" StructureKind="java" NumEvents="5" CreationCount="98"/><InteractionEvent Delta="null" EndDate="2014-08-23 21:48:37.6 JST" Interest="71.26699" Kind="propagation" Navigation="org.eclipse.mylyn.core.model.edges.containment" OriginId="org.eclipse.mylyn.core.model.interest.propagation" StartDate="2014-08-23 21:37:04.548 JST" StructureHandle="=TA2/src&amp;lt;ta2.utils" StructureKind="java" NumEvents="102" CreationCount="9"/><InteractionEvent Delta="null" EndDate="2014-08-23 21:48:37.6 JST" Interest="63.01699" Kind="propagation" Navigation="org.eclipse.mylyn.core.model.edges.containment" OriginId="org.eclipse.mylyn.core.model.interest.propagation" StartDate="2014-08-23 21:38:43.284 JST" StructureHandle="=TA2/src&amp;lt;ta2.utils{DBUtils.java" StructureKind="java" NumEvents="95" CreationCount="59"/><InteractionEvent Delta="null" EndDate="2014-08-23 21:41:42.259 JST" Interest="2.0" Kind="edit" Navigation="null" OriginId="org.eclipse.jdt.ui.CompilationUnitEditor" StartDate="2014-08-23 21:40:55.27 JST" StructureHandle="=TA2/src&amp;lt;ta2.utils{DBUtils.java" StructureKind="java" NumEvents="2" CreationCount="59"/><InteractionEvent Delta="null" EndDate="2014-08-23 21:48:32.368 JST" Interest="6.0" Kind="selection" Navigation="null" OriginId="org.eclipse.jdt.ui.CompilationUnitEditor" StartDate="2014-08-23 21:38:42.462 JST" StructureHandle="=TA2/src&amp;lt;ta2.utils{DBUtils.java" StructureKind="java" NumEvents="6" CreationCount="59"/><InteractionEvent Delta="null" EndDate="2014-08-23 21:41:32.700 JST" Interest="34.034" Kind="propagation" Navigation="org.eclipse.mylyn.core.model.edges.containment" OriginId="org.eclipse.mylyn.core.model.interest.propagation" StartDate="2014-08-23 21:39:50.91 JST" StructureHandle="=IFM11" StructureKind="resource" NumEvents="36" CreationCount="86"/><InteractionEvent Delta="null" EndDate="2014-08-23 21:39:47.644 JST" Interest="2.0" Kind="selection" Navigation="null" OriginId="org.eclipse.ui.views.ResourceNavigator" StartDate="2014-08-23 21:39:47.644 JST" StructureHandle="=IFM11" StructureKind="java" NumEvents="2" CreationCount="86"/><InteractionEvent Delta="null" EndDate="2014-08-23 21:51:03.383 JST" Interest="33.934002" Kind="propagation" Navigation="org.eclipse.mylyn.core.model.edges.containment" OriginId="org.eclipse.mylyn.core.model.interest.propagation" StartDate="2014-08-23 21:37:08.440 JST" StructureHandle="=TA2/src&amp;lt;ta2.utils{Methods.java" StructureKind="java" NumEvents="49" CreationCount="9"/><InteractionEvent Delta="null" EndDate="2014-08-23 21:49:47.667 JST" Interest="8.0" Kind="selection" Navigation="null" OriginId="org.eclipse.jdt.ui.CompilationUnitEditor" StartDate="2014-08-23 21:37:04.548 JST" StructureHandle="=TA2/src&amp;lt;ta2.utils{Methods.java" StructureKind="java" NumEvents="8" CreationCount="9"/><InteractionEvent Delta="null" EndDate="2014-08-23 21:41:32.701 JST" Interest="10.019" Kind="propagation" Navigation="org.eclipse.mylyn.core.model.edges.containment" OriginId="org.eclipse.mylyn.core.model.interest.propagation" StartDate="2014-08-23 21:39:54.298 JST" StructureHandle="=IFM11/src&amp;lt;ifm11.utils" StructureKind="java" NumEvents="16" CreationCount="92"/><InteractionEvent Delta="null" EndDate="2014-08-23 21:39:52.511 JST" Interest="2.0" Kind="selection" Navigation="null" OriginId="org.eclipse.ui.views.ResourceNavigator" StartDate="2014-08-23 21:39:52.509 JST" StructureHandle="=IFM11/src&amp;lt;ifm11.utils" StructureKind="java" NumEvents="2" CreationCount="92"/><InteractionEvent Delta="null" EndDate="2014-08-23 21:53:16.170 JST" Interest="317.017" Kind="propagation" Navigation="org.eclipse.mylyn.core.model.edges.containment" OriginId="org.eclipse.mylyn.core.model.interest.propagation" StartDate="2014-08-23 21:36:53.320 JST" StructureHandle="/" StructureKind="resource" NumEvents="318" CreationCount="1"/><InteractionEvent Delta="null" EndDate="2014-08-23 21:46:37.461 JST" Interest="1.0" Kind="selection" Navigation="null" OriginId="org.eclipse.jdt.ui.CompilationUnitEditor" StartDate="2014-08-23 21:46:37.461 JST" StructureHandle="=TA2/src&amp;lt;ta2.utils{DBUtils.java[DBUtils~find_All_WP_tags~QActivity;" StructureKind="java"/><InteractionEvent Delta="null" EndDate="2014-08-23 21:40:35.866 JST" Interest="7.0" Kind="edit" Navigation="null" OriginId="org.eclipse.jdt.ui.CompilationUnitEditor" StartDate="2014-08-23 21:40:13.540 JST" StructureHandle="=IFM11/src&amp;lt;ifm11.utils{DBUtils.java[DBUtils~insert_Data_TI~QActivity;~QTI;" StructureKind="java" NumEvents="7" CreationCount="99"/><InteractionEvent Delta="null" EndDate="2014-08-23 21:41:21.923 JST" Interest="6.0" Kind="selection" Navigation="null" OriginId="org.eclipse.ui.views.ContentOutline" StartDate="2014-08-23 21:40:12.771 JST" StructureHandle="=IFM11/src&amp;lt;ifm11.utils{DBUtils.java[DBUtils~insert_Data_TI~QActivity;~QTI;" StructureKind="java" NumEvents="6" CreationCount="99"/><InteractionEvent Delta="null" EndDate="2014-08-23 21:51:00.416 JST" Interest="35.0" Kind="edit" Navigation="null" OriginId="org.eclipse.jdt.ui.CompilationUnitEditor" StartDate="2014-08-23 21:49:49.265 JST" StructureHandle="=TA2/src&amp;lt;ta2.utils{Methods.java[Methods~report_Save_Memos~QActivity;~I" StructureKind="java" NumEvents="35" CreationCount="314"/><InteractionEvent Delta="null" EndDate="2014-08-23 21:51:04.321 JST" Interest="3.0" Kind="selection" Navigation="null" OriginId="org.eclipse.jdt.ui.CompilationUnitEditor" StartDate="2014-08-23 21:49:48.462 JST" StructureHandle="=TA2/src&amp;lt;ta2.utils{Methods.java[Methods~report_Save_Memos~QActivity;~I" StructureKind="java" NumEvents="3" CreationCount="314"/><InteractionEvent Delta="null" EndDate="2014-08-23 21:51:08.551 JST" Interest="1.0" Kind="propagation" Navigation="org.eclipse.mylyn.core.model.edges.containment" OriginId="org.eclipse.mylyn.core.model.interest.propagation" StartDate="2014-08-23 21:51:08.551 JST" StructureHandle="/TA2/bin" StructureKind="resource"/><InteractionEvent Delta="null" EndDate="2014-08-23 21:39:46.688 JST" Interest="7.0" Kind="propagation" Navigation="null" OriginId="org.eclipse.ui.views.ResourceNavigator" StartDate="2014-08-23 21:39:44.396 JST" StructureHandle="/app.twitter" StructureKind="resource" NumEvents="7" CreationCount="79"/><InteractionEvent Delta="null" EndDate="2014-08-23 21:41:32.701 JST" Interest="39.0" Kind="propagation" Navigation="null" OriginId="org.eclipse.jdt.ui.CompilationUnitEditor" StartDate="2014-08-23 21:39:47.644 JST" StructureHandle="/IFM11" StructureKind="resource" NumEvents="39" CreationCount="86"/><InteractionEvent Delta="null" EndDate="2014-08-23 21:52:54.134 JST" Interest="19.668001" Kind="propagation" Navigation="org.eclipse.mylyn.core.model.edges.containment" OriginId="org.eclipse.mylyn.core.model.interest.propagation" StartDate="2014-08-23 21:37:00.600 JST" StructureHandle="=TA2/src&amp;lt;ta2.listeners.button{BO_CL.java" StructureKind="java" NumEvents="29" CreationCount="2"/><InteractionEvent Delta="null" EndDate="2014-08-23 21:47:52.819 JST" Interest="0.21800065" Kind="manipulation" Navigation="null" OriginId="org.eclipse.mylyn.core.model.interest.decay.correction" StartDate="2014-08-23 21:47:52.819 JST" StructureHandle="=TA2/src&amp;lt;ta2.listeners.button{BO_CL.java" StructureKind="java"/><InteractionEvent Delta="null" EndDate="2014-08-23 21:51:04.467 JST" Interest="6.0" Kind="selection" Navigation="null" OriginId="org.eclipse.jdt.ui.CompilationUnitEditor" StartDate="2014-08-23 21:36:54.593 JST" StructureHandle="=TA2/src&amp;lt;ta2.listeners.button{BO_CL.java" StructureKind="java" NumEvents="6" CreationCount="2"/><InteractionEvent Delta="null" EndDate="2014-08-23 21:41:28.962 JST" Interest="3.0" Kind="edit" Navigation="null" OriginId="org.eclipse.jdt.ui.CompilationUnitEditor" StartDate="2014-08-23 21:41:28.381 JST" StructureHandle="=IFM11/src&amp;lt;ifm11.utils{DBUtils.java[DBUtils~_build_Values__TI~QActivity;~QTI;" StructureKind="java" NumEvents="3" CreationCount="144"/><InteractionEvent Delta="null" EndDate="2014-08-23 21:41:32.699 JST" Interest="2.0" Kind="selection" Navigation="null" OriginId="org.eclipse.jdt.ui.CompilationUnitEditor" StartDate="2014-08-23 21:41:27.679 JST" StructureHandle="=IFM11/src&amp;lt;ifm11.utils{DBUtils.java[DBUtils~_build_Values__TI~QActivity;~QTI;" StructureKind="java" NumEvents="2" CreationCount="144"/><InteractionEvent Delta="null" EndDate="2014-08-23 21:53:16.169 JST" Interest="12.017" Kind="propagation" Navigation="org.eclipse.mylyn.core.model.edges.containment" OriginId="org.eclipse.mylyn.core.model.interest.propagation" StartDate="2014-08-23 21:37:19.476 JST" StructureHandle="/TA2/src/ta2/main" StructureKind="resource" NumEvents="13" CreationCount="21"/><InteractionEvent Delta="null" EndDate="2014-08-23 21:52:54.135 JST" Interest="23.903002" Kind="propagation" Navigation="org.eclipse.mylyn.core.model.edges.containment" OriginId="org.eclipse.mylyn.core.model.interest.propagation" StartDate="2014-08-23 21:36:54.594 JST" StructureHandle="=TA2/src&amp;lt;ta2.listeners.button" StructureKind="java" NumEvents="36" CreationCount="1"/><InteractionEvent Delta="null" EndDate="2014-08-23 21:39:43.360 JST" Interest="2.0" Kind="selection" Navigation="null" OriginId="org.eclipse.jdt.ui.PackageExplorer" StartDate="2014-08-23 21:36:53.319 JST" StructureHandle="=TA2/src&amp;lt;ta2.listeners.button" StructureKind="java" NumEvents="2" CreationCount="1"/><InteractionEvent Delta="null" EndDate="2014-08-23 21:37:33.306 JST" Interest="1.0" Kind="selection" Navigation="null" OriginId="org.eclipse.jdt.ui.CompilationUnitEditor" StartDate="2014-08-23 21:37:33.306 JST" StructureHandle="=TA2/src&amp;lt;ta2.utils{Methods.java#android.widget.EditText" StructureKind="java"/><InteractionEvent Delta="null" EndDate="2014-08-23 21:48:32.536 JST" Interest="61.699993" Kind="propagation" Navigation="org.eclipse.mylyn.core.model.edges.containment" OriginId="org.eclipse.mylyn.core.model.interest.propagation" StartDate="2014-08-23 21:38:43.283 JST" StructureHandle="=TA2/src&amp;lt;ta2.utils{DBUtils.java[DBUtils" StructureKind="java" NumEvents="87" CreationCount="60"/><InteractionEvent Delta="null" EndDate="2014-08-23 21:40:26.267 JST" Interest="1.0" Kind="edit" Navigation="null" OriginId="org.eclipse.jdt.ui.CompilationUnitEditor" StartDate="2014-08-23 21:40:26.267 JST" StructureHandle="=TA2/src&amp;lt;ta2.utils{DBUtils.java[DBUtils" StructureKind="java"/><InteractionEvent Delta="null" EndDate="2014-08-23 21:48:37.5 JST" Interest="8.0" Kind="selection" Navigation="null" OriginId="org.eclipse.jdt.ui.CompilationUnitEditor" StartDate="2014-08-23 21:40:24.170 JST" StructureHandle="=TA2/src&amp;lt;ta2.utils{DBUtils.java[DBUtils" StructureKind="java" NumEvents="8" CreationCount="60"/><InteractionEvent Delta="null" EndDate="2014-08-23 21:51:04.322 JST" Interest="108.0" Kind="propagation" Navigation="null" OriginId="org.eclipse.jdt.ui.CompilationUnitEditor" StartDate="2014-08-23 21:37:04.548 JST" StructureHandle="/TA2/src/ta2/utils/Methods.java" StructureKind="resource" NumEvents="108" CreationCount="9"/><InteractionEvent Delta="null" EndDate="2014-08-23 21:48:45.490 JST" Interest="47.0" Kind="edit" Navigation="null" OriginId="org.eclipse.jdt.ui.CompilationUnitEditor" StartDate="2014-08-23 21:37:07.89 JST" StructureHandle="=TA2/src&amp;lt;ta2.utils{Methods.java[Methods~save_Memo~QActivity;" StructureKind="java" NumEvents="47" CreationCount="11"/><InteractionEvent Delta="null" EndDate="2014-08-23 21:49:47.719 JST" Interest="8.0" Kind="selection" Navigation="null" OriginId="org.eclipse.jdt.ui.CompilationUnitEditor" StartDate="2014-08-23 21:37:05.204 JST" StructureHandle="=TA2/src&amp;lt;ta2.utils{Methods.java[Methods~save_Memo~QActivity;" StructureKind="java" NumEvents="8" CreationCount="11"/><InteractionEvent Delta="null" EndDate="2014-08-23 21:53:16.170 JST" Interest="317.017" Kind="propagation" Navigation="null" OriginId="org.eclipse.jdt.ui.CompilationUnitEditor" StartDate="2014-08-23 21:36:53.319 JST" StructureHandle="/TA2/src" StructureKind="resource" NumEvents="318" CreationCount="1"/><InteractionEvent Delta="null" EndDate="2014-08-23 21:53:16.170 JST" Interest="317.017" Kind="propagation" Navigation="org.eclipse.mylyn.core.model.edges.containment" OriginId="org.eclipse.mylyn.core.model.interest.propagation" StartDate="2014-08-23 21:36:53.320 JST" StructureHandle="=TA2" StructureKind="resource" NumEvents="318" CreationCount="1"/><InteractionEvent Delta="null" EndDate="2014-08-23 21:37:33.306 JST" Interest="1.0" Kind="propagation" Navigation="org.eclipse.mylyn.core.model.edges.containment" OriginId="org.eclipse.mylyn.core.model.interest.propagation" StartDate="2014-08-23 21:37:33.306 JST" StructureHandle="=TA2/src&amp;lt;ta2.utils{Methods.java#" StructureKind="java"/><InteractionEvent Delta="null" EndDate="2014-08-23 21:36:57.85 JST" Interest="1.0" Kind="selection" Navigation="null" OriginId="org.eclipse.ui.views.ContentOutline" StartDate="2014-08-23 21:36:57.85 JST" StructureHandle="=TA2/src&amp;lt;ta2.listeners.button{BO_CL.java%ta2.listeners.button" StructureKind="java"/><InteractionEvent Delta="null" EndDate="2014-08-23 21:39:46.670 JST" Interest="3.0" Kind="propagation" Navigation="org.eclipse.mylyn.core.model.edges.containment" OriginId="org.eclipse.mylyn.core.model.interest.propagation" StartDate="2014-08-23 21:39:44.396 JST" StructureHandle="=app.twitter" StructureKind="java" NumEvents="3" CreationCount="79"/><InteractionEvent Delta="null" EndDate="2014-08-23 21:39:46.688 JST" Interest="4.0" Kind="selection" Navigation="null" OriginId="org.eclipse.ui.views.ResourceNavigator" StartDate="2014-08-23 21:39:46.674 JST" StructureHandle="=app.twitter" StructureKind="java" NumEvents="4" CreationCount="79"/><InteractionEvent Delta="null" EndDate="2014-08-23 21:51:08.550 JST" Interest="1.0" Kind="prediction" Navigation="null" OriginId="org.eclipse.mylyn.resources.ui.interest.updater" StartDate="2014-08-23 21:51:08.550 JST" StructureHandle="/TA2/bin/classes.dex" StructureKind="resource"/><InteractionEvent Delta="null" EndDate="2014-08-23 21:52:54.134 JST" Interest="25.835001" Kind="propagation" Navigation="org.eclipse.mylyn.core.model.edges.containment" OriginId="org.eclipse.mylyn.core.model.interest.propagation" StartDate="2014-08-23 21:36:59.539 JST" StructureHandle="=TA2/src&amp;lt;ta2.listeners.button{BO_CL.java[BO_CL" StructureKind="java" NumEvents="33" CreationCount="5"/><InteractionEvent Delta="null" EndDate="2014-08-23 21:41:23.116 JST" Interest="2.0" Kind="selection" Navigation="null" OriginId="org.eclipse.ui.views.ContentOutline" StartDate="2014-08-23 21:40:02.508 JST" StructureHandle="=IFM11/src&amp;lt;ifm11.utils{DBUtils.java[DBUtils~delete_TI~QActivity;~QTI;~Z" StructureKind="java" NumEvents="2" CreationCount="98"/><InteractionEvent Delta="null" EndDate="2014-08-23 21:47:47.852 JST" Interest="82.0" Kind="edit" Navigation="null" OriginId="org.eclipse.jdt.ui.CompilationUnitEditor" StartDate="2014-08-23 21:38:45.205 JST" StructureHandle="=TA2/src&amp;lt;ta2.utils{DBUtils.java[DBUtils~save_Memo~QActivity;~QString;" StructureKind="java" NumEvents="82" CreationCount="60"/><InteractionEvent Delta="null" EndDate="2014-08-23 21:48:32.535 JST" Interest="12.0" Kind="selection" Navigation="null" OriginId="org.eclipse.jdt.ui.CompilationUnitEditor" StartDate="2014-08-23 21:38:43.283 JST" StructureHandle="=TA2/src&amp;lt;ta2.utils{DBUtils.java[DBUtils~save_Memo~QActivity;~QString;" StructureKind="java" NumEvents="12" CreationCount="60"/><InteractionEvent Delta="null" EndDate="2014-08-23 21:39:04.719 JST" Interest="3.0" Kind="edit" Navigation="null" OriginId="org.eclipse.jdt.ui.CompilationUnitEditor" StartDate="2014-08-23 21:39:02.788 JST" StructureHandle="=TA2/src&amp;lt;ta2.utils{DBUtils.java[DBUtils~createTable~QActivity;~QString;~QString;~\[QString;~\[QString;" StructureKind="java" NumEvents="3" CreationCount="67"/><InteractionEvent Delta="null" EndDate="2014-08-23 21:39:07.813 JST" Interest="2.0" Kind="selection" Navigation="null" OriginId="org.eclipse.ui.views.ContentOutline" StartDate="2014-08-23 21:39:00.989 JST" StructureHandle="=TA2/src&amp;lt;ta2.utils{DBUtils.java[DBUtils~createTable~QActivity;~QString;~QString;~\[QString;~\[QString;" StructureKind="java" NumEvents="2" CreationCount="67"/><InteractionEvent Delta="null" EndDate="2014-08-23 21:50:08.63 JST" Interest="2.0" Kind="edit" Navigation="null" OriginId="org.eclipse.jdt.ui.CompilationUnitEditor" StartDate="2014-08-23 21:50:04.321 JST" StructureHandle="=TA2/src&amp;lt;ta2.utils{Methods.java[Methods~report_DropTable_Memos~QActivity;~I~QDialog;~QDialog;~QDialog;" StructureKind="java" NumEvents="2" CreationCount="321"/><InteractionEvent Delta="null" EndDate="2014-08-23 21:50:02.774 JST" Interest="1.0" Kind="selection" Navigation="null" OriginId="org.eclipse.jdt.ui.CompilationUnitEditor" StartDate="2014-08-23 21:50:02.774 JST" StructureHandle="=TA2/src&amp;lt;ta2.utils{Methods.java[Methods~report_DropTable_Memos~QActivity;~I~QDialog;~QDialog;~QDialog;" StructureKind="java"/><InteractionEvent Delta="null" EndDate="2014-08-23 21:53:02.986 JST" Interest="6.9610004" Kind="propagation" Navigation="org.eclipse.mylyn.core.model.edges.containment" OriginId="org.eclipse.mylyn.core.model.interest.propagation" StartDate="2014-08-23 21:37:24.992 JST" StructureHandle="=TA2/src&amp;lt;ta2.main{MemoActv.java#" StructureKind="java" NumEvents="4" CreationCount="24"/><InteractionEvent Delta="null" EndDate="2014-08-23 21:38:59.399 JST" Interest="1.0" Kind="selection" Navigation="null" OriginId="org.eclipse.jdt.ui.CompilationUnitEditor" StartDate="2014-08-23 21:38:59.399 JST" StructureHandle="=TA2/src&amp;lt;ta2.utils{DBUtils.java[DBUtils~createTable~QActivity;~QString;~\[QString;~\[QString;" StructureKind="java"/><InteractionEvent Delta="null" EndDate="2014-08-23 21:39:46.670 JST" Interest="3.0" Kind="selection" Navigation="null" OriginId="org.eclipse.ui.views.ResourceNavigator" StartDate="2014-08-23 21:39:44.396 JST" StructureHandle="/app.twitter/res" StructureKind="resource" NumEvents="3" CreationCount="79"/><InteractionEvent Delta="null" EndDate="2014-08-23 21:52:56.514 JST" Interest="1.0" Kind="selection" Navigation="null" OriginId="org.eclipse.jdt.ui.CompilationUnitEditor" StartDate="2014-08-23 21:52:56.514 JST" StructureHandle="=TA2/src&amp;lt;ta2.listeners.button{BO_CL.java[BO_CL~onClick~QView;" StructureKind="java"/><InteractionEvent Delta="null" EndDate="2014-08-23 21:52:56.515 JST" Interest="42.017" Kind="propagation" Navigation="org.eclipse.mylyn.core.model.edges.containment" OriginId="org.eclipse.mylyn.core.model.interest.propagation" StartDate="2014-08-23 21:36:53.319 JST" StructureHandle="/TA2/src/ta2/listeners/button" StructureKind="resource" NumEvents="44" CreationCount="1"/><InteractionEvent Delta="null" EndDate="2014-08-23 21:39:50.910 JST" Interest="2.0" Kind="selection" Navigation="null" OriginId="org.eclipse.ui.views.ResourceNavigator" StartDate="2014-08-23 21:39:50.909 JST" StructureHandle="=IFM11/src&amp;lt;ifm11" StructureKind="java" NumEvents="2" CreationCount="90"/><InteractionEvent Delta="null" EndDate="2014-08-23 21:40:01.339 JST" Interest="1.0" Kind="selection" Navigation="null" OriginId="org.eclipse.ui.views.ContentOutline" StartDate="2014-08-23 21:40:01.339 JST" StructureHandle="=IFM11/src&amp;lt;ifm11.utils{DBUtils.java%ifm11.utils" StructureKind="java"/><InteractionEvent Delta="null" EndDate="2014-08-23 21:45:46.554 JST" Interest="19.0" Kind="edit" Navigation="null" OriginId="org.eclipse.jdt.ui.CompilationUnitEditor" StartDate="2014-08-23 21:41:57.913 JST" StructureHandle="=TA2/src&amp;lt;ta2.utils{DBUtils.java[DBUtils~_build_Values__Memo~QActivity;~QString;" StructureKind="java" NumEvents="19" CreationCount="160"/><InteractionEvent Delta="null" EndDate="2014-08-23 21:41:55.337 JST" Interest="2.0" Kind="selection" Navigation="null" OriginId="org.eclipse.jdt.ui.CompilationUnitEditor" StartDate="2014-08-23 21:41:48.785 JST" StructureHandle="=TA2/src&amp;lt;ta2.utils{DBUtils.java[DBUtils~_build_Values__Memo~QActivity;~QTI;" StructureKind="java" NumEvents="2" CreationCount="160"/><InteractionEvent Delta="null" EndDate="2014-08-23 21:41:41.361 JST" Interest="2.0" Kind="selection" Navigation="null" OriginId="org.eclipse.jdt.ui.CompilationUnitEditor" StartDate="2014-08-23 21:40:53.676 JST" StructureHandle="=TA2/src&amp;lt;ta2.utils{DBUtils.java#java.io.File" StructureKind="java" NumEvents="2" CreationCount="128"/><InteractionEvent Delta="null" EndDate="2014-08-23 21:41:32.701 JST" Interest="37.0" Kind="propagation" Navigation="null" OriginId="org.eclipse.jdt.ui.CompilationUnitEditor" StartDate="2014-08-23 21:39:50.91 JST" StructureHandle="/IFM11/src" StructureKind="resource" NumEvents="37" CreationCount="88"/><InteractionEvent Delta="null" EndDate="2014-08-23 21:52:56.515 JST" Interest="42.0" Kind="propagation" Navigation="null" OriginId="org.eclipse.jdt.ui.CompilationUnitEditor" StartDate="2014-08-23 21:36:54.593 JST" StructureHandle="/TA2/src/ta2/listeners/button/BO_CL.java" StructureKind="resource" NumEvents="42" CreationCount="2"/><InteractionEvent Delta="null" EndDate="2014-08-23 21:48:37.7 JST" Interest="71.40299" Kind="propagation" Navigation="org.eclipse.mylyn.core.model.edges.containment" OriginId="org.eclipse.mylyn.core.model.interest.propagation" StartDate="2014-08-23 21:36:53.320 JST" StructureHandle="=TA2/src" StructureKind="java" NumEvents="107" CreationCount="1"/><InteractionEvent Delta="null" EndDate="2014-08-23 21:41:32.700 JST" Interest="32.034" Kind="propagation" Navigation="org.eclipse.mylyn.core.model.edges.containment" OriginId="org.eclipse.mylyn.core.model.interest.propagation" StartDate="2014-08-23 21:39:50.909 JST" StructureHandle="/IFM11/src/ifm11" StructureKind="resource" NumEvents="34" CreationCount="90"/><InteractionEvent Delta="null" EndDate="2014-08-23 21:49:47.719 JST" Interest="39.2" Kind="propagation" Navigation="org.eclipse.mylyn.core.model.edges.containment" OriginId="org.eclipse.mylyn.core.model.interest.propagation" StartDate="2014-08-23 21:37:05.204 JST" StructureHandle="=TA2/src&amp;lt;ta2.utils{Methods.java[Methods" StructureKind="java" NumEvents="53" CreationCount="11"/><InteractionEvent Delta="null" EndDate="2014-08-23 21:48:42.20 JST" Interest="1.0" Kind="edit" Navigation="null" OriginId="org.eclipse.jdt.ui.CompilationUnitEditor" StartDate="2014-08-23 21:48:42.20 JST" StructureHandle="=TA2/src&amp;lt;ta2.utils{Methods.java[Methods" StructureKind="java"/><InteractionEvent Delta="null" EndDate="2014-08-23 21:51:03.383 JST" Interest="2.0" Kind="selection" Navigation="null" OriginId="org.eclipse.jdt.ui.CompilationUnitEditor" StartDate="2014-08-23 21:48:39.877 JST" StructureHandle="=TA2/src&amp;lt;ta2.utils{Methods.java[Methods" StructureKind="java" NumEvents="2" CreationCount="11"/><InteractionEvent Delta="null" EndDate="2014-08-23 21:52:54.694 JST" Interest="1.0" Kind="selection" Navigation="null" OriginId="org.eclipse.jdt.ui.CompilationUnitEditor" StartDate="2014-08-23 21:52:54.694 JST" StructureHandle="=TA2/src&amp;lt;ta2.listeners.button{BO_CL.java[BO_CL~case_ACTV_MEMO_CLEAR" StructureKind="java"/><InteractionEvent Delta="null" EndDate="2014-08-23 21:40:51.201 JST" Interest="1.0" Kind="propagation" Navigation="org.eclipse.mylyn.core.model.edges.containment" OriginId="org.eclipse.mylyn.core.model.interest.propagation" StartDate="2014-08-23 21:40:51.201 JST" StructureHandle="=TA2/src&amp;lt;ta2.utils{DBUtils.java#" StructureKind="java"/><InteractionEvent Delta="null" EndDate="2014-08-23 21:41:40.64 JST" Interest="2.0" Kind="selection" Navigation="null" OriginId="org.eclipse.jdt.ui.CompilationUnitEditor" StartDate="2014-08-23 21:40:52.419 JST" StructureHandle="=TA2/src&amp;lt;ta2.utils{DBUtils.java#" StructureKind="java" NumEvents="2" CreationCount="126"/><InteractionEvent Delta="null" EndDate="2014-08-23 21:41:31.862 JST" Interest="10.087" Kind="propagation" Navigation="org.eclipse.mylyn.core.model.edges.containment" OriginId="org.eclipse.mylyn.core.model.interest.propagation" StartDate="2014-08-23 21:39:50.911 JST" StructureHandle="=IFM11/src" StructureKind="java" NumEvents="18" CreationCount="88"/><InteractionEvent Delta="null" EndDate="2014-08-23 21:39:50.91 JST" Interest="2.0" Kind="selection" Navigation="null" OriginId="org.eclipse.ui.views.ResourceNavigator" StartDate="2014-08-23 21:39:50.91 JST" StructureHandle="=IFM11/src" StructureKind="java" NumEvents="2" CreationCount="88"/><InteractionEvent Delta="null" EndDate="2014-08-23 21:53:16.169 JST" Interest="1.0" Kind="selection" Navigation="null" OriginId="org.eclipse.jdt.ui.CompilationUnitEditor" StartDate="2014-08-23 21:53:16.169 JST" StructureHandle="=TA2/src&amp;lt;ta2.main{MemoActv.java#android.view.Menu" StructureKind="java"/></InteractionHistory>