<?xml version="1.0" encoding="UTF-8"?><InteractionHistory Id="local-63" Version="1"><InteractionEvent Delta="null" EndDate="2014-09-13 09:45:58.110 JST" Interest="35.0" Kind="propagation" Navigation="null" OriginId="org.eclipse.jdt.ui.CompilationUnitEditor" StartDate="2014-09-13 09:38:07.725 JST" StructureHandle="/TA2/src/ta2/utils/CONS.java" StructureKind="resource" NumEvents="35" CreationCount="4"/><InteractionEvent Delta="null" EndDate="2014-09-13 09:52:50.594 JST" Interest="1.0" Kind="propagation" Navigation="null" OriginId="org.eclipse.mylyn.resources.ui.interest.updater" StartDate="2014-09-13 09:52:50.594 JST" StructureHandle="/TA2/src/ta2/listeners/LOI_CL.java" StructureKind="resource"/><InteractionEvent Delta="null" EndDate="2014-09-13 09:52:49.441 JST" Interest="4.0" Kind="selection" Navigation="null" OriginId="org.eclipse.jdt.ui.PackageExplorer" StartDate="2014-09-13 09:46:02.686 JST" StructureHandle="=TA2/src&amp;lt;ta2.listeners.dialog{DB_OCL.java" StructureKind="java" NumEvents="4" CreationCount="209"/><InteractionEvent Delta="null" EndDate="2014-09-13 09:52:49.327 JST" Interest="46.468002" Kind="propagation" Navigation="org.eclipse.mylyn.core.model.edges.containment" OriginId="org.eclipse.mylyn.core.model.interest.propagation" StartDate="2014-09-13 09:46:11.843 JST" StructureHandle="=TA2/src&amp;lt;ta2.listeners.dialog{DB_OCL.java" StructureKind="java" NumEvents="68" CreationCount="209"/><InteractionEvent Delta="null" EndDate="2014-09-13 09:52:50.593 JST" Interest="1.0" Kind="propagation" Navigation="org.eclipse.mylyn.core.model.edges.containment" OriginId="org.eclipse.mylyn.core.model.interest.propagation" StartDate="2014-09-13 09:52:50.593 JST" StructureHandle="/TA2/src/ta2/comps" StructureKind="resource"/><InteractionEvent Delta="null" EndDate="2014-09-13 09:52:48.183 JST" Interest="1.0" Kind="propagation" Navigation="org.eclipse.mylyn.core.model.edges.containment" OriginId="org.eclipse.mylyn.core.model.interest.propagation" StartDate="2014-09-13 09:52:48.183 JST" StructureHandle="/TA2/res/values" StructureKind="resource"/><InteractionEvent Delta="null" EndDate="2014-09-13 09:46:07.845 JST" Interest="1.0" Kind="selection" Navigation="null" OriginId="org.eclipse.ui.views.ContentOutline" StartDate="2014-09-13 09:46:07.845 JST" StructureHandle="=TA2/src&amp;lt;ta2.listeners.dialog{DB_OCL.java%ta2.listeners.dialog" StructureKind="java"/><InteractionEvent Delta="null" EndDate="2014-09-13 09:39:28.711 JST" Interest="1.0" Kind="propagation" Navigation="null" OriginId="org.eclipse.jdt.ui.PackageExplorer" StartDate="2014-09-13 09:39:28.711 JST" StructureHandle="/TA2/src/ta2/utils/DBUtils.java" StructureKind="resource"/><InteractionEvent Delta="null" EndDate="2014-09-13 09:47:55.31 JST" Interest="208.017" Kind="propagation" Navigation="null" OriginId="org.eclipse.jdt.ui.CompilationUnitEditor" StartDate="2014-09-13 09:38:06.196 JST" StructureHandle="/TA2/src/ta2/utils" StructureKind="resource" NumEvents="209" CreationCount="3"/><InteractionEvent Delta="null" EndDate="2014-09-13 09:47:55.30 JST" Interest="207.034" Kind="propagation" Navigation="org.eclipse.mylyn.core.model.edges.containment" OriginId="org.eclipse.mylyn.core.model.interest.propagation" StartDate="2014-09-13 09:38:05.248 JST" StructureHandle="/TA2/src/ta2" StructureKind="resource" NumEvents="210" CreationCount="2"/><InteractionEvent Delta="null" EndDate="2014-09-13 09:52:50.593 JST" Interest="1.0" Kind="propagation" Navigation="org.eclipse.mylyn.core.model.edges.containment" OriginId="org.eclipse.mylyn.core.model.interest.propagation" StartDate="2014-09-13 09:52:50.593 JST" StructureHandle="=TA2/src&amp;lt;ta2.comps" StructureKind="java"/><InteractionEvent Delta="null" EndDate="2014-09-13 09:38:05.248 JST" Interest="1.0" Kind="selection" Navigation="null" OriginId="org.eclipse.jdt.ui.PackageExplorer" StartDate="2014-09-13 09:38:05.248 JST" StructureHandle="=TA2/src&amp;lt;ta2.main" StructureKind="java"/><InteractionEvent Delta="null" EndDate="2014-09-13 09:52:50.594 JST" Interest="81.89" Kind="propagation" Navigation="null" OriginId="org.eclipse.mylyn.resources.ui.interest.updater" StartDate="2014-09-13 09:39:30.267 JST" StructureHandle="/TA2/src/ta2/listeners" StructureKind="resource" NumEvents="80" CreationCount="39"/><InteractionEvent Delta="null" EndDate="2014-09-13 09:52:50.592 JST" Interest="1.0" Kind="prediction" Navigation="null" OriginId="org.eclipse.mylyn.resources.ui.interest.updater" StartDate="2014-09-13 09:52:50.592 JST" StructureHandle="=TA2/src&amp;lt;ta2.comps{Comp_WP.java" StructureKind="java"/><InteractionEvent Delta="null" EndDate="2014-09-13 09:38:14.989 JST" Interest="1.0" Kind="selection" Navigation="null" OriginId="org.eclipse.jdt.ui.CompilationUnitEditor" StartDate="2014-09-13 09:38:14.989 JST" StructureHandle="=TA2/src&amp;lt;ta2.utils{CONS.java[CONS[Pref^prefs_MainActv" StructureKind="java"/><InteractionEvent Delta="null" EndDate="2014-09-13 09:38:11.794 JST" Interest="1.0" Kind="selection" Navigation="null" OriginId="org.eclipse.ui.views.ContentOutline" StartDate="2014-09-13 09:38:11.794 JST" StructureHandle="=TA2/src&amp;lt;ta2.utils{CONS.java%ta2.utils" StructureKind="java"/><InteractionEvent Delta="null" EndDate="2014-09-13 09:48:56.147 JST" Interest="2.0" Kind="prediction" Navigation="null" OriginId="org.eclipse.mylyn.resources.ui.interest.updater" StartDate="2014-09-13 09:45:48.674 JST" StructureHandle="/TA2/bin/TA2.apk" StructureKind="resource" NumEvents="2" CreationCount="205"/><InteractionEvent Delta="null" EndDate="2014-09-13 09:52:49.442 JST" Interest="80.89" Kind="propagation" Navigation="org.eclipse.mylyn.core.model.edges.containment" OriginId="org.eclipse.mylyn.core.model.interest.propagation" StartDate="2014-09-13 09:39:30.267 JST" StructureHandle="/TA2/src/ta2/listeners/dialog" StructureKind="resource" NumEvents="79" CreationCount="39"/><InteractionEvent Delta="null" EndDate="2014-09-13 09:52:48.183 JST" Interest="1.0" Kind="prediction" Navigation="null" OriginId="org.eclipse.mylyn.resources.ui.interest.updater" StartDate="2014-09-13 09:52:48.183 JST" StructureHandle="/TA2/res/layout/dlg_filter_showlist.xml" StructureKind="resource"/><InteractionEvent Delta="null" EndDate="2014-09-13 09:38:06.196 JST" Interest="1.0" Kind="selection" Navigation="null" OriginId="org.eclipse.jdt.ui.PackageExplorer" StartDate="2014-09-13 09:38:06.196 JST" StructureHandle="=TA2/src&amp;lt;ta2.utils" StructureKind="java"/><InteractionEvent Delta="null" EndDate="2014-09-13 09:47:42.674 JST" Interest="65.387" Kind="propagation" Navigation="org.eclipse.mylyn.core.model.edges.containment" OriginId="org.eclipse.mylyn.core.model.interest.propagation" StartDate="2014-09-13 09:38:07.726 JST" StructureHandle="=TA2/src&amp;lt;ta2.utils" StructureKind="java" NumEvents="100" CreationCount="3"/><InteractionEvent Delta="null" EndDate="2014-09-13 09:39:28.711 JST" Interest="1.0" Kind="selection" Navigation="null" OriginId="org.eclipse.jdt.ui.PackageExplorer" StartDate="2014-09-13 09:39:28.711 JST" StructureHandle="=TA2/src&amp;lt;ta2.utils{DBUtils.java" StructureKind="java"/><InteractionEvent Delta="null" EndDate="2014-09-13 09:39:23.649 JST" Interest="1.0" Kind="selection" Navigation="null" OriginId="org.eclipse.jdt.ui.PackageExplorer" StartDate="2014-09-13 09:39:23.649 JST" StructureHandle="=TA2/src&amp;lt;ta2.utils{Methods.java" StructureKind="java"/><InteractionEvent Delta="null" EndDate="2014-09-13 09:45:09.913 JST" Interest="2.0" Kind="selection" Navigation="null" OriginId="org.eclipse.jdt.ui.CompilationUnitEditor" StartDate="2014-09-13 09:40:53.155 JST" StructureHandle="=TA2/src&amp;lt;ta2.utils{Methods_dlg.java[Methods_dlg" StructureKind="java" NumEvents="2" CreationCount="43"/><InteractionEvent Delta="null" EndDate="2014-09-13 09:45:11.673 JST" Interest="1.0" Kind="edit" Navigation="null" OriginId="org.eclipse.jdt.ui.CompilationUnitEditor" StartDate="2014-09-13 09:45:11.673 JST" StructureHandle="=TA2/src&amp;lt;ta2.utils{Methods_dlg.java[Methods_dlg" StructureKind="java"/><InteractionEvent Delta="null" EndDate="2014-09-13 09:47:55.30 JST" Interest="62.706997" Kind="propagation" Navigation="org.eclipse.mylyn.core.model.edges.containment" OriginId="org.eclipse.mylyn.core.model.interest.propagation" StartDate="2014-09-13 09:39:41.688 JST" StructureHandle="=TA2/src&amp;lt;ta2.utils{Methods_dlg.java[Methods_dlg" StructureKind="java" NumEvents="91" CreationCount="43"/><InteractionEvent Delta="null" EndDate="2014-09-13 09:47:42.673 JST" Interest="4.0" Kind="selection" Navigation="null" OriginId="org.eclipse.jdt.ui.CompilationUnitEditor" StartDate="2014-09-13 09:40:34.566 JST" StructureHandle="=TA2/src&amp;lt;ta2.utils{Methods_dlg.java[Methods_dlg~_filter_ShowList__GridView~QActivity;~QDialog;" StructureKind="java" NumEvents="4" CreationCount="63"/><InteractionEvent Delta="null" EndDate="2014-09-13 09:41:36.118 JST" Interest="29.0" Kind="edit" Navigation="null" OriginId="org.eclipse.jdt.ui.CompilationUnitEditor" StartDate="2014-09-13 09:40:36.668 JST" StructureHandle="=TA2/src&amp;lt;ta2.utils{Methods_dlg.java[Methods_dlg~_filter_ShowList__GridView~QActivity;~QDialog;" StructureKind="java" NumEvents="29" CreationCount="63"/><InteractionEvent Delta="null" EndDate="2014-09-13 09:52:48.183 JST" Interest="1.0" Kind="prediction" Navigation="null" OriginId="org.eclipse.mylyn.resources.ui.interest.updater" StartDate="2014-09-13 09:52:48.183 JST" StructureHandle="/TA2/res/values/strings.xml" StructureKind="resource"/><InteractionEvent Delta="null" EndDate="2014-09-13 09:47:55.30 JST" Interest="171.0" Kind="propagation" Navigation="null" OriginId="org.eclipse.jdt.ui.CompilationUnitEditor" StartDate="2014-09-13 09:39:34.692 JST" StructureHandle="/TA2/src/ta2/utils/Methods_dlg.java" StructureKind="resource" NumEvents="171" CreationCount="40"/><InteractionEvent Delta="null" EndDate="2014-09-13 09:52:51.613 JST" Interest="292.051" Kind="propagation" Navigation="org.eclipse.mylyn.core.model.edges.containment" OriginId="org.eclipse.mylyn.core.model.interest.propagation" StartDate="2014-09-13 09:38:01.859 JST" StructureHandle="/" StructureKind="resource" NumEvents="295" CreationCount="1"/><InteractionEvent Delta="null" EndDate="2014-09-13 09:39:41.687 JST" Interest="1.0" Kind="selection" Navigation="null" OriginId="org.eclipse.ui.views.ContentOutline" StartDate="2014-09-13 09:39:41.687 JST" StructureHandle="=TA2/src&amp;lt;ta2.utils{Methods_dlg.java[Methods_dlg~conf_DropTable_Patterns~QActivity;~QDialog;~QDialog;" StructureKind="java"/><InteractionEvent Delta="null" EndDate="2014-09-13 09:47:19.907 JST" Interest="1.0" Kind="selection" Navigation="null" OriginId="org.eclipse.jdt.ui.CompilationUnitEditor" StartDate="2014-09-13 09:47:19.907 JST" StructureHandle="=TA2/src&amp;lt;ta2.listeners.dialog{DB_OCL.java[DB_OCL~_Filter_ShowList_Build_Conditions~QActivity;~QDialog;~QString;~\[QString;" StructureKind="java"/><InteractionEvent Delta="null" EndDate="2014-09-13 09:52:50.592 JST" Interest="1.0" Kind="prediction" Navigation="null" OriginId="org.eclipse.mylyn.resources.ui.interest.updater" StartDate="2014-09-13 09:52:50.592 JST" StructureHandle="=TA2/src&amp;lt;ta2.listeners{LOI_CL.java" StructureKind="java"/><InteractionEvent Delta="null" EndDate="2014-09-13 09:48:56.147 JST" Interest="2.0" Kind="propagation" Navigation="org.eclipse.mylyn.core.model.edges.containment" OriginId="org.eclipse.mylyn.core.model.interest.propagation" StartDate="2014-09-13 09:45:48.675 JST" StructureHandle="/TA2/bin" StructureKind="resource" NumEvents="2" CreationCount="205"/><InteractionEvent Delta="null" EndDate="2014-09-13 09:47:42.481 JST" Interest="4.0" Kind="selection" Navigation="null" OriginId="org.eclipse.jdt.ui.CompilationUnitEditor" StartDate="2014-09-13 09:39:34.692 JST" StructureHandle="=TA2/src&amp;lt;ta2.utils{Methods_dlg.java" StructureKind="java" NumEvents="4" CreationCount="40"/><InteractionEvent Delta="null" EndDate="2014-09-13 09:45:38.499 JST" Interest="61.758" Kind="propagation" Navigation="org.eclipse.mylyn.core.model.edges.containment" OriginId="org.eclipse.mylyn.core.model.interest.propagation" StartDate="2014-09-13 09:39:48.883 JST" StructureHandle="=TA2/src&amp;lt;ta2.utils{Methods_dlg.java" StructureKind="java" NumEvents="92" CreationCount="40"/><InteractionEvent Delta="null" EndDate="2014-09-13 09:46:11.844 JST" Interest="3.0" Kind="selection" Navigation="null" OriginId="org.eclipse.jdt.ui.CompilationUnitEditor" StartDate="2014-09-13 09:46:08.638 JST" StructureHandle="=TA2/src&amp;lt;ta2.listeners.dialog{DB_OCL.java[DB_OCL~DB_OCL~QActivity;~QDialog;~QDialog;~QString;" StructureKind="java" NumEvents="3" CreationCount="212"/><InteractionEvent Delta="null" EndDate="2014-09-13 09:47:55.672 JST" Interest="6.0" Kind="selection" Navigation="null" OriginId="org.eclipse.jdt.ui.CompilationUnitEditor" StartDate="2014-09-13 09:46:11.715 JST" StructureHandle="=TA2/src&amp;lt;ta2.listeners.dialog{DB_OCL.java[DB_OCL~case_DLG_FILTER_SHOWLIST_OK" StructureKind="java" NumEvents="6" CreationCount="213"/><InteractionEvent Delta="null" EndDate="2014-09-13 09:52:49.326 JST" Interest="62.0" Kind="edit" Navigation="null" OriginId="org.eclipse.jdt.ui.CompilationUnitEditor" StartDate="2014-09-13 09:46:12.872 JST" StructureHandle="=TA2/src&amp;lt;ta2.listeners.dialog{DB_OCL.java[DB_OCL~case_DLG_FILTER_SHOWLIST_OK" StructureKind="java" NumEvents="62" CreationCount="213"/><InteractionEvent Delta="null" EndDate="2014-09-13 09:38:05.248 JST" Interest="1.0" Kind="propagation" Navigation="null" OriginId="org.eclipse.jdt.ui.PackageExplorer" StartDate="2014-09-13 09:38:05.248 JST" StructureHandle="/TA2/src/ta2/main" StructureKind="resource"/><InteractionEvent Delta="null" EndDate="2014-09-13 09:39:23.649 JST" Interest="1.0" Kind="propagation" Navigation="null" OriginId="org.eclipse.jdt.ui.PackageExplorer" StartDate="2014-09-13 09:39:23.649 JST" StructureHandle="/TA2/src/ta2/utils/Methods.java" StructureKind="resource"/><InteractionEvent Delta="null" EndDate="2014-09-13 09:45:58.109 JST" Interest="7.0" Kind="selection" Navigation="null" OriginId="org.eclipse.jdt.ui.CompilationUnitEditor" StartDate="2014-09-13 09:38:13.844 JST" StructureHandle="=TA2/src&amp;lt;ta2.utils{CONS.java[CONS[Pref" StructureKind="java" NumEvents="7" CreationCount="7"/><InteractionEvent Delta="null" EndDate="2014-09-13 09:38:36.126 JST" Interest="6.0" Kind="edit" Navigation="null" OriginId="org.eclipse.jdt.ui.CompilationUnitEditor" StartDate="2014-09-13 09:38:14.380 JST" StructureHandle="=TA2/src&amp;lt;ta2.utils{CONS.java[CONS[Pref" StructureKind="java" NumEvents="6" CreationCount="7"/><InteractionEvent Delta="null" EndDate="2014-09-13 09:52:51.604 JST" Interest="291.051" Kind="propagation" Navigation="null" OriginId="org.eclipse.jdt.ui.PackageExplorer" StartDate="2014-09-13 09:38:01.859 JST" StructureHandle="/TA2/src" StructureKind="resource" NumEvents="294" CreationCount="1"/><InteractionEvent Delta="null" EndDate="2014-09-13 09:52:49.442 JST" Interest="78.0" Kind="propagation" Navigation="null" OriginId="org.eclipse.jdt.ui.PackageExplorer" StartDate="2014-09-13 09:46:02.687 JST" StructureHandle="/TA2/src/ta2/listeners/dialog/DB_OCL.java" StructureKind="resource" NumEvents="78" CreationCount="209"/><InteractionEvent Delta="null" EndDate="2014-09-13 09:52:48.183 JST" Interest="1.0" Kind="propagation" Navigation="org.eclipse.mylyn.core.model.edges.containment" OriginId="org.eclipse.mylyn.core.model.interest.propagation" StartDate="2014-09-13 09:52:48.183 JST" StructureHandle="/TA2/res/layout" StructureKind="resource"/><InteractionEvent Delta="null" EndDate="2014-09-13 09:39:30.267 JST" Interest="1.0" Kind="selection" Navigation="null" OriginId="org.eclipse.jdt.ui.PackageExplorer" StartDate="2014-09-13 09:39:30.267 JST" StructureHandle="=TA2/src&amp;lt;ta2.listeners.dialog" StructureKind="java"/><InteractionEvent Delta="null" EndDate="2014-09-13 09:52:49.442 JST" Interest="52.358" Kind="propagation" Navigation="org.eclipse.mylyn.core.model.edges.containment" OriginId="org.eclipse.mylyn.core.model.interest.propagation" StartDate="2014-09-13 09:46:02.687 JST" StructureHandle="=TA2/src&amp;lt;ta2.listeners.dialog" StructureKind="java" NumEvents="73" CreationCount="39"/><InteractionEvent Delta="null" EndDate="2014-09-13 09:45:58.110 JST" Interest="11.2" Kind="propagation" Navigation="org.eclipse.mylyn.core.model.edges.containment" OriginId="org.eclipse.mylyn.core.model.interest.propagation" StartDate="2014-09-13 09:38:13.844 JST" StructureHandle="=TA2/src&amp;lt;ta2.utils{CONS.java[CONS" StructureKind="java" NumEvents="13" CreationCount="7"/><InteractionEvent Delta="null" EndDate="2014-09-13 09:45:39.652 JST" Interest="3.0" Kind="selection" Navigation="null" OriginId="org.eclipse.jdt.ui.CompilationUnitEditor" StartDate="2014-09-13 09:39:47.103 JST" StructureHandle="=TA2/src&amp;lt;ta2.utils{Methods_dlg.java[Methods_dlg~filter_ShowList~QActivity;" StructureKind="java" NumEvents="3" CreationCount="44"/><InteractionEvent Delta="null" EndDate="2014-09-13 09:42:12.670 JST" Interest="36.0" Kind="edit" Navigation="null" OriginId="org.eclipse.jdt.ui.CompilationUnitEditor" StartDate="2014-09-13 09:39:48.861 JST" StructureHandle="=TA2/src&amp;lt;ta2.utils{Methods_dlg.java[Methods_dlg~filter_ShowList~QActivity;" StructureKind="java" NumEvents="36" CreationCount="44"/><InteractionEvent Delta="null" EndDate="2014-09-13 09:48:56.147 JST" Interest="2.0" Kind="prediction" Navigation="null" OriginId="org.eclipse.mylyn.resources.ui.interest.updater" StartDate="2014-09-13 09:45:48.674 JST" StructureHandle="/TA2/bin/classes.dex" StructureKind="resource" NumEvents="2" CreationCount="205"/><InteractionEvent Delta="null" EndDate="2014-09-13 09:52:48.183 JST" Interest="1.0" Kind="propagation" Navigation="org.eclipse.mylyn.core.model.edges.containment" OriginId="org.eclipse.mylyn.core.model.interest.propagation" StartDate="2014-09-13 09:52:48.183 JST" StructureHandle="/TA2/res" StructureKind="resource"/><InteractionEvent Delta="null" EndDate="2014-09-13 09:39:39.71 JST" Interest="1.0" Kind="selection" Navigation="null" OriginId="org.eclipse.ui.views.ContentOutline" StartDate="2014-09-13 09:39:39.71 JST" StructureHandle="=TA2/src&amp;lt;ta2.utils{Methods_dlg.java%ta2.utils" StructureKind="java"/><InteractionEvent Delta="null" EndDate="2014-09-13 09:39:01.221 JST" Interest="2.0" Kind="selection" Navigation="null" OriginId="org.eclipse.jdt.ui.CompilationUnitEditor" StartDate="2014-09-13 09:38:43.597 JST" StructureHandle="=TA2/src&amp;lt;ta2.utils{CONS.java[CONS[Pref^pkey_ShowListActv_Filter_String" StructureKind="java" NumEvents="2" CreationCount="23"/><InteractionEvent Delta="null" EndDate="2014-09-13 09:39:03.497 JST" Interest="7.0" Kind="edit" Navigation="null" OriginId="org.eclipse.jdt.ui.CompilationUnitEditor" StartDate="2014-09-13 09:38:44.237 JST" StructureHandle="=TA2/src&amp;lt;ta2.utils{CONS.java[CONS[Pref^pkey_ShowListActv_Filter_String" StructureKind="java" NumEvents="7" CreationCount="23"/><InteractionEvent Delta="null" EndDate="2014-09-13 09:45:57.891 JST" Interest="4.0" Kind="selection" Navigation="null" OriginId="org.eclipse.jdt.ui.CompilationUnitEditor" StartDate="2014-09-13 09:38:07.725 JST" StructureHandle="=TA2/src&amp;lt;ta2.utils{CONS.java" StructureKind="java" NumEvents="4" CreationCount="4"/><InteractionEvent Delta="null" EndDate="2014-09-13 09:39:18.921 JST" Interest="8.250999" Kind="propagation" Navigation="org.eclipse.mylyn.core.model.edges.containment" OriginId="org.eclipse.mylyn.core.model.interest.propagation" StartDate="2014-09-13 09:38:14.394 JST" StructureHandle="=TA2/src&amp;lt;ta2.utils{CONS.java" StructureKind="java" NumEvents="11" CreationCount="4"/><InteractionEvent Delta="null" EndDate="2014-09-13 09:38:38.232 JST" Interest="3.0" Kind="selection" Navigation="null" OriginId="org.eclipse.jdt.ui.CompilationUnitEditor" StartDate="2014-09-13 09:38:21.415 JST" StructureHandle="=TA2/src&amp;lt;ta2.utils{CONS.java[CONS[Pref^pkey_PrefActv_MemoListSize_Dropdown_CurrentSelection" StructureKind="java" NumEvents="3" CreationCount="11"/><InteractionEvent Delta="null" EndDate="2014-09-13 09:38:40.572 JST" Interest="2.0" Kind="edit" Navigation="null" OriginId="org.eclipse.jdt.ui.CompilationUnitEditor" StartDate="2014-09-13 09:38:39.791 JST" StructureHandle="=TA2/src&amp;lt;ta2.utils{CONS.java[CONS[Pref^pkey_PrefActv_MemoListSize_Dropdown_CurrentSelection" StructureKind="java" NumEvents="2" CreationCount="11"/><InteractionEvent Delta="null" EndDate="2014-09-13 09:52:50.592 JST" Interest="1.0" Kind="propagation" Navigation="null" OriginId="org.eclipse.mylyn.resources.ui.interest.updater" StartDate="2014-09-13 09:52:50.592 JST" StructureHandle="/TA2/src/ta2/comps/Comp_WP.java" StructureKind="resource"/><InteractionEvent Delta="null" EndDate="2014-09-13 09:46:57.700 JST" Interest="1.0" Kind="selection" Navigation="null" OriginId="org.eclipse.jdt.ui.CompilationUnitEditor" StartDate="2014-09-13 09:46:57.700 JST" StructureHandle="=TA2/src&amp;lt;ta2.listeners.dialog{DB_OCL.java[DB_OCL" StructureKind="java"/><InteractionEvent Delta="null" EndDate="2014-09-13 09:52:49.326 JST" Interest="48.417" Kind="propagation" Navigation="org.eclipse.mylyn.core.model.edges.containment" OriginId="org.eclipse.mylyn.core.model.interest.propagation" StartDate="2014-09-13 09:46:08.638 JST" StructureHandle="=TA2/src&amp;lt;ta2.listeners.dialog{DB_OCL.java[DB_OCL" StructureKind="java" NumEvents="69" CreationCount="212"/><InteractionEvent Delta="null" EndDate="2014-09-13 09:52:51.604 JST" Interest="3.0" Kind="selection" Navigation="null" OriginId="org.eclipse.jdt.ui.PackageExplorer" StartDate="2014-09-13 09:38:01.859 JST" StructureHandle="=TA2/src" StructureKind="java" NumEvents="3" CreationCount="1"/><InteractionEvent Delta="null" EndDate="2014-09-13 09:47:42.675 JST" Interest="65.421005" Kind="propagation" Navigation="org.eclipse.mylyn.core.model.edges.containment" OriginId="org.eclipse.mylyn.core.model.interest.propagation" StartDate="2014-09-13 09:38:05.248 JST" StructureHandle="=TA2/src" StructureKind="java" NumEvents="105" CreationCount="1"/><InteractionEvent Delta="null" EndDate="2014-09-13 09:52:50.594 JST" Interest="1.0" Kind="propagation" Navigation="org.eclipse.mylyn.core.model.edges.containment" OriginId="org.eclipse.mylyn.core.model.interest.propagation" StartDate="2014-09-13 09:52:50.594 JST" StructureHandle="=TA2/src&amp;lt;ta2.listeners" StructureKind="java"/><InteractionEvent Delta="null" EndDate="2014-09-13 09:47:51.178 JST" Interest="4.0" Kind="selection" Navigation="null" OriginId="org.eclipse.jdt.ui.CompilationUnitEditor" StartDate="2014-09-13 09:42:13.547 JST" StructureHandle="=TA2/src&amp;lt;ta2.utils{Methods_dlg.java[Methods_dlg~_filter_ShowList__SetString~QActivity;~QDialog;" StructureKind="java" NumEvents="4" CreationCount="114"/><InteractionEvent Delta="null" EndDate="2014-09-13 09:47:55.30 JST" Interest="86.0" Kind="edit" Navigation="null" OriginId="org.eclipse.jdt.ui.CompilationUnitEditor" StartDate="2014-09-13 09:42:15.27 JST" StructureHandle="=TA2/src&amp;lt;ta2.utils{Methods_dlg.java[Methods_dlg~_filter_ShowList__SetString~QActivity;~QDialog;" StructureKind="java" NumEvents="86" CreationCount="114"/><InteractionEvent Delta="null" EndDate="2014-09-13 09:52:51.612 JST" Interest="1.0" Kind="selection" Navigation="null" OriginId="org.eclipse.jdt.ui.PackageExplorer" StartDate="2014-09-13 09:52:51.612 JST" StructureHandle="=TA2" StructureKind="java"/><InteractionEvent Delta="null" EndDate="2014-09-13 09:52:51.604 JST" Interest="291.051" Kind="propagation" Navigation="org.eclipse.mylyn.core.model.edges.containment" OriginId="org.eclipse.mylyn.core.model.interest.propagation" StartDate="2014-09-13 09:38:01.859 JST" StructureHandle="=TA2" StructureKind="resource" NumEvents="294" CreationCount="1"/></InteractionHistory>