<?xml version="1.0" encoding="UTF-8"?><InteractionHistory Id="local-209" Version="1"><InteractionEvent Delta="null" EndDate="2014-11-13 10:37:11.221 JST" Interest="1.108" Kind="manipulation" Navigation="null" OriginId="org.eclipse.mylyn.core.model.interest.decay.correction" StartDate="2014-11-13 10:37:11.221 JST" StructureHandle="/TA2/res/drawable-mdpi" StructureKind="resource"/><InteractionEvent Delta="null" EndDate="2014-11-13 10:37:11.221 JST" Interest="2.0" Kind="selection" Navigation="null" OriginId="org.eclipse.jdt.ui.PackageExplorer" StartDate="2014-11-13 10:34:37.742 JST" StructureHandle="/TA2/res/drawable-mdpi" StructureKind="resource" NumEvents="2" CreationCount="209"/><InteractionEvent Delta="null" EndDate="2014-11-13 11:13:57.238 JST" Interest="75.0" Kind="propagation" Navigation="null" OriginId="org.eclipse.jdt.ui.CompilationUnitEditor" StartDate="2014-11-13 10:38:05.663 JST" StructureHandle="/TA2/src/ta2/utils/CONS.java" StructureKind="resource" NumEvents="75" CreationCount="356"/><InteractionEvent Delta="null" EndDate="2014-11-13 10:26:35.988 JST" Interest="1.0" Kind="selection" Navigation="null" OriginId="org.eclipse.ui.views.ContentOutline" StartDate="2014-11-13 10:26:35.988 JST" StructureHandle="=TA2/src&amp;lt;ta2.main{ShowListActv.java%ta2.main" StructureKind="java"/><InteractionEvent Delta="null" EndDate="2014-11-13 11:16:08.160 JST" Interest="144.244" Kind="propagation" Navigation="null" OriginId="org.eclipse.jdt.ui.CompilationUnitEditor" StartDate="2014-11-13 10:26:43.480 JST" StructureHandle="/TA2/src/ta2/utils" StructureKind="resource" NumEvents="143" CreationCount="14"/><InteractionEvent Delta="null" EndDate="2014-11-13 11:18:34.544 JST" Interest="992.068" Kind="propagation" Navigation="org.eclipse.mylyn.core.model.edges.containment" OriginId="org.eclipse.mylyn.core.model.interest.propagation" StartDate="2014-11-13 10:26:08.355 JST" StructureHandle="/TA2/src/ta2" StructureKind="resource" NumEvents="998" CreationCount="2"/><InteractionEvent Delta="null" EndDate="2014-11-13 11:11:57.571 JST" Interest="62.453" Kind="propagation" Navigation="org.eclipse.mylyn.core.model.edges.containment" OriginId="org.eclipse.mylyn.core.model.interest.propagation" StartDate="2014-11-13 10:37:16.613 JST" StructureHandle="=TA2/src&amp;lt;ta2.main{PrefActv.java[PrefActv" StructureKind="java" NumEvents="83" CreationCount="337"/><InteractionEvent Delta="null" EndDate="2014-11-13 10:34:54.34 JST" Interest="1.0" Kind="edit" Navigation="null" OriginId="org.eclipse.jdt.ui.CompilationUnitEditor" StartDate="2014-11-13 10:34:54.34 JST" StructureHandle="=projects_Matsuoka/Step11\/11_WorldClockWidget\/src\/sample\/step11\/worldclockwidget&amp;lt;{TimezonePicker.java[TimezonePicker~onCreate~QBundle;[" StructureKind="java"/><InteractionEvent Delta="null" EndDate="2014-11-13 10:34:54.26 JST" Interest="1.0" Kind="selection" Navigation="null" OriginId="org.eclipse.jdt.ui.CompilationUnitEditor" StartDate="2014-11-13 10:34:54.26 JST" StructureHandle="=projects_Matsuoka/Step11\/11_WorldClockWidget\/src\/sample\/step11\/worldclockwidget&amp;lt;{TimezonePicker.java[TimezonePicker~onCreate~QBundle;[" StructureKind="java"/><InteractionEvent Delta="null" EndDate="2014-11-13 10:46:06.679 JST" Interest="15.0" Kind="edit" Navigation="null" OriginId="org.eclipse.jdt.ui.CompilationUnitEditor" StartDate="2014-11-13 10:35:25.842 JST" StructureHandle="=projects_Matsuoka/Step11\/11_WorldClockWidget\/src\/sample\/step11\/worldclockwidget&amp;lt;{TimezonePicker.java[TimezonePicker~onListItemClick~QListView;~QView;~I~J" StructureKind="java" NumEvents="15" CreationCount="233"/><InteractionEvent Delta="null" EndDate="2014-11-13 10:46:03.466 JST" Interest="8.0" Kind="selection" Navigation="null" OriginId="org.eclipse.jdt.ui.CompilationUnitEditor" StartDate="2014-11-13 10:35:25.836 JST" StructureHandle="=projects_Matsuoka/Step11\/11_WorldClockWidget\/src\/sample\/step11\/worldclockwidget&amp;lt;{TimezonePicker.java[TimezonePicker~onListItemClick~QListView;~QView;~I~J" StructureKind="java" NumEvents="8" CreationCount="233"/><InteractionEvent Delta="null" EndDate="2014-11-13 11:15:08.722 JST" Interest="283.577" Kind="propagation" Navigation="org.eclipse.mylyn.core.model.edges.containment" OriginId="org.eclipse.mylyn.core.model.interest.propagation" StartDate="2014-11-13 10:26:39.900 JST" StructureHandle="=TA2/src&amp;lt;ta2.main{ShowListActv.java[ShowListActv" StructureKind="java" NumEvents="398" CreationCount="9"/><InteractionEvent Delta="null" EndDate="2014-11-13 11:07:05.286 JST" Interest="28.0" Kind="edit" Navigation="null" OriginId="org.eclipse.jdt.ui.CompilationUnitEditor" StartDate="2014-11-13 10:39:15.641 JST" StructureHandle="=TA2/src&amp;lt;ta2.main{ShowListActv.java[ShowListActv" StructureKind="java" NumEvents="28" CreationCount="9"/><InteractionEvent Delta="null" EndDate="2014-11-13 11:07:02.276 JST" Interest="4.0" Kind="selection" Navigation="null" OriginId="org.eclipse.jdt.ui.CompilationUnitEditor" StartDate="2014-11-13 10:39:15.638 JST" StructureHandle="=TA2/src&amp;lt;ta2.main{ShowListActv.java[ShowListActv" StructureKind="java" NumEvents="4" CreationCount="9"/><InteractionEvent Delta="null" EndDate="2014-11-13 10:34:43.359 JST" Interest="1.0" Kind="propagation" Navigation="org.eclipse.mylyn.core.model.edges.containment" OriginId="org.eclipse.mylyn.core.model.interest.propagation" StartDate="2014-11-13 10:34:43.359 JST" StructureHandle="=projects_Matsuoka/" StructureKind="java"/><InteractionEvent Delta="null" EndDate="2014-11-13 10:46:06.679 JST" Interest="15.638" Kind="propagation" Navigation="org.eclipse.mylyn.core.model.edges.containment" OriginId="org.eclipse.mylyn.core.model.interest.propagation" StartDate="2014-11-13 10:34:52.531 JST" StructureHandle="=projects_Matsuoka/Step11\/11_WorldClockWidget\/src\/sample\/step11\/worldclockwidget&amp;lt;{TimezonePicker.java[TimezonePicker" StructureKind="java" NumEvents="19" CreationCount="219"/><InteractionEvent Delta="null" EndDate="2014-11-13 10:35:23.19 JST" Interest="3.0" Kind="edit" Navigation="null" OriginId="org.eclipse.jdt.ui.CompilationUnitEditor" StartDate="2014-11-13 10:35:21.703 JST" StructureHandle="=projects_Matsuoka/Step11\/11_WorldClockWidget\/src\/sample\/step11\/worldclockwidget&amp;lt;{TimezonePicker.java[TimezonePicker" StructureKind="java" NumEvents="3" CreationCount="219"/><InteractionEvent Delta="null" EndDate="2014-11-13 10:35:21.699 JST" Interest="1.0" Kind="selection" Navigation="null" OriginId="org.eclipse.jdt.ui.CompilationUnitEditor" StartDate="2014-11-13 10:35:21.699 JST" StructureHandle="=projects_Matsuoka/Step11\/11_WorldClockWidget\/src\/sample\/step11\/worldclockwidget&amp;lt;{TimezonePicker.java[TimezonePicker" StructureKind="java"/><InteractionEvent Delta="null" EndDate="2014-11-13 10:38:07.42 JST" Interest="1.0" Kind="selection" Navigation="null" OriginId="org.eclipse.ui.views.ContentOutline" StartDate="2014-11-13 10:38:07.42 JST" StructureHandle="=TA2/src&amp;lt;ta2.utils{CONS.java%ta2.utils" StructureKind="java"/><InteractionEvent Delta="null" EndDate="2014-11-13 11:20:44.264 JST" Interest="13.0" Kind="prediction" Navigation="null" OriginId="org.eclipse.mylyn.resources.ui.interest.updater" StartDate="2014-11-13 10:28:21.733 JST" StructureHandle="/TA2/bin/TA2.apk" StructureKind="resource" NumEvents="13" CreationCount="50"/><InteractionEvent Delta="null" EndDate="2014-11-13 11:18:06.775 JST" Interest="31.0" Kind="propagation" Navigation="null" OriginId="org.eclipse.jdt.ui.PackageExplorer" StartDate="2014-11-13 11:14:33.601 JST" StructureHandle="/TA2/src/ta2/listeners/dialog" StructureKind="resource" NumEvents="31" CreationCount="1260"/><InteractionEvent Delta="null" EndDate="2014-11-13 11:06:42.39 JST" Interest="9.0" Kind="edit" Navigation="null" OriginId="org.eclipse.jdt.ui.CompilationUnitEditor" StartDate="2014-11-13 11:06:24.181 JST" StructureHandle="=TA2/src&amp;lt;ta2.utils{CONS.java[CONS[ShowListActv" StructureKind="java" NumEvents="9" CreationCount="700"/><InteractionEvent Delta="null" EndDate="2014-11-13 11:06:40.684 JST" Interest="3.0" Kind="selection" Navigation="null" OriginId="org.eclipse.jdt.ui.CompilationUnitEditor" StartDate="2014-11-13 11:06:23.593 JST" StructureHandle="=TA2/src&amp;lt;ta2.utils{CONS.java[CONS[ShowListActv" StructureKind="java" NumEvents="3" CreationCount="700"/><InteractionEvent Delta="null" EndDate="2014-11-13 11:15:29.695 JST" Interest="3.0" Kind="selection" Navigation="null" OriginId="org.eclipse.jdt.ui.CompilationUnitEditor" StartDate="2014-11-13 11:15:26.850 JST" StructureHandle="=TA2/src&amp;lt;ta2.utils{Methods.java[Methods~save_Memo_Temporary~QActivity;" StructureKind="java" NumEvents="3" CreationCount="1278"/><InteractionEvent Delta="null" EndDate="2014-11-13 11:18:34.544 JST" Interest="11.381998" Kind="propagation" Navigation="org.eclipse.mylyn.core.model.edges.containment" OriginId="org.eclipse.mylyn.core.model.interest.propagation" StartDate="2014-11-13 11:11:40.206 JST" StructureHandle="=TA2/src&amp;lt;ta2.main{MemoEditActv.java" StructureKind="java" NumEvents="17" CreationCount="1167"/><InteractionEvent Delta="null" EndDate="2014-11-13 11:18:30.552 JST" Interest="7.0" Kind="selection" Navigation="null" OriginId="org.eclipse.jdt.ui.CompilationUnitEditor" StartDate="2014-11-13 11:11:13.966 JST" StructureHandle="=TA2/src&amp;lt;ta2.main{MemoEditActv.java" StructureKind="java" NumEvents="7" CreationCount="1167"/><InteractionEvent Delta="null" EndDate="2014-11-13 11:21:31.529 JST" Interest="1.0" Kind="selection" Navigation="null" OriginId="org.eclipse.jdt.ui.CompilationUnitEditor" StartDate="2014-11-13 11:21:31.529 JST" StructureHandle="=TA2/src&amp;lt;ta2.listeners.button{BO_CL.java[BO_CL~case_ACTV_PHOTO_BOTTOM" StructureKind="java"/><InteractionEvent Delta="null" EndDate="2014-11-13 11:15:53.437 JST" Interest="15.436" Kind="propagation" Navigation="org.eclipse.mylyn.core.model.edges.containment" OriginId="org.eclipse.mylyn.core.model.interest.propagation" StartDate="2014-11-13 10:34:05.90 JST" StructureHandle="=TA2/src&amp;lt;ta2.utils{Methods.java" StructureKind="java" NumEvents="25" CreationCount="14"/><InteractionEvent Delta="null" EndDate="2014-11-13 11:15:00.791 JST" Interest="4.3480024" Kind="manipulation" Navigation="null" OriginId="org.eclipse.mylyn.core.model.interest.decay.correction" StartDate="2014-11-13 10:33:11.391 JST" StructureHandle="=TA2/src&amp;lt;ta2.utils{Methods.java" StructureKind="java" NumEvents="2" CreationCount="14"/><InteractionEvent Delta="null" EndDate="2014-11-13 11:15:20.48 JST" Interest="11.0" Kind="selection" Navigation="null" OriginId="org.eclipse.jdt.ui.CompilationUnitEditor" StartDate="2014-11-13 10:26:43.479 JST" StructureHandle="=TA2/src&amp;lt;ta2.utils{Methods.java" StructureKind="java" NumEvents="11" CreationCount="14"/><InteractionEvent Delta="null" EndDate="2014-11-13 11:15:44.697 JST" Interest="5.0" Kind="edit" Navigation="null" OriginId="org.eclipse.jdt.ui.CompilationUnitEditor" StartDate="2014-11-13 11:15:03.164 JST" StructureHandle="=TA2/src&amp;lt;ta2.utils{Methods.java[Methods~start_Activity_MemoEditActv~QActivity;~QDialog;~QMemo;" StructureKind="java" NumEvents="5" CreationCount="1266"/><InteractionEvent Delta="null" EndDate="2014-11-13 11:15:42.511 JST" Interest="5.0" Kind="selection" Navigation="null" OriginId="org.eclipse.jdt.ui.CompilationUnitEditor" StartDate="2014-11-13 11:15:01.643 JST" StructureHandle="=TA2/src&amp;lt;ta2.utils{Methods.java[Methods~start_Activity_MemoEditActv~QActivity;~QDialog;~QMemo;" StructureKind="java" NumEvents="5" CreationCount="1266"/><InteractionEvent Delta="null" EndDate="2014-11-13 10:46:22.6 JST" Interest="2.0" Kind="edit" Navigation="null" OriginId="org.eclipse.jdt.ui.CompilationUnitEditor" StartDate="2014-11-13 10:32:20.382 JST" StructureHandle="=projects_Matsuoka/Step11\/11_WorldClockWidget\/src\/sample\/step11\/worldclockwidget&amp;lt;{Setup.java[Setup^btnClick[~onClick~QView;" StructureKind="java" NumEvents="2" CreationCount="111"/><InteractionEvent Delta="null" EndDate="2014-11-13 10:45:54.111 JST" Interest="5.9190006" Kind="manipulation" Navigation="null" OriginId="org.eclipse.mylyn.core.model.interest.decay.correction" StartDate="2014-11-13 10:45:54.111 JST" StructureHandle="=projects_Matsuoka/Step11\/11_WorldClockWidget\/src\/sample\/step11\/worldclockwidget&amp;lt;{Setup.java[Setup^btnClick[~onClick~QView;" StructureKind="java"/><InteractionEvent Delta="null" EndDate="2014-11-13 10:46:20.202 JST" Interest="4.0" Kind="selection" Navigation="null" OriginId="org.eclipse.jdt.ui.CompilationUnitEditor" StartDate="2014-11-13 10:32:18.751 JST" StructureHandle="=projects_Matsuoka/Step11\/11_WorldClockWidget\/src\/sample\/step11\/worldclockwidget&amp;lt;{Setup.java[Setup^btnClick[~onClick~QView;" StructureKind="java" NumEvents="4" CreationCount="111"/><InteractionEvent Delta="null" EndDate="2014-11-13 11:07:28.348 JST" Interest="254.0" Kind="edit" Navigation="null" OriginId="org.eclipse.jdt.ui.CompilationUnitEditor" StartDate="2014-11-13 10:36:35.435 JST" StructureHandle="=TA2/src&amp;lt;ta2.main{ShowListActv.java[ShowListActv~onActivityResult~I~I~QIntent;" StructureKind="java" NumEvents="254" CreationCount="266"/><InteractionEvent Delta="null" EndDate="2014-11-13 11:07:40.487 JST" Interest="13.0" Kind="selection" Navigation="null" OriginId="org.eclipse.jdt.ui.CompilationUnitEditor" StartDate="2014-11-13 10:36:35.428 JST" StructureHandle="=TA2/src&amp;lt;ta2.main{ShowListActv.java[ShowListActv~onActivityResult~I~I~QIntent;" StructureKind="java" NumEvents="13" CreationCount="266"/><InteractionEvent Delta="null" EndDate="2014-11-13 11:25:04.288 JST" Interest="1277.085" Kind="propagation" Navigation="org.eclipse.mylyn.core.model.edges.containment" OriginId="org.eclipse.mylyn.core.model.interest.propagation" StartDate="2014-11-13 10:25:43.423 JST" StructureHandle="/" StructureKind="resource" NumEvents="1283" CreationCount="1"/><InteractionEvent Delta="null" EndDate="2014-11-13 10:43:55.894 JST" Interest="1.0" Kind="selection" Navigation="null" OriginId="org.eclipse.jdt.ui.CompilationUnitEditor" StartDate="2014-11-13 10:43:55.894 JST" StructureHandle="=TA2/src&amp;lt;ta2.main{PrefActv.java#ta2.utils.CONS" StructureKind="java"/><InteractionEvent Delta="null" EndDate="2014-11-13 10:28:21.733 JST" Interest="1.0" Kind="propagation" Navigation="org.eclipse.mylyn.core.model.edges.containment" OriginId="org.eclipse.mylyn.core.model.interest.propagation" StartDate="2014-11-13 10:28:21.733 JST" StructureHandle="/TA2/bin" StructureKind="resource"/><InteractionEvent Delta="null" EndDate="2014-11-13 11:15:08.723 JST" Interest="280.128" Kind="propagation" Navigation="org.eclipse.mylyn.core.model.edges.containment" OriginId="org.eclipse.mylyn.core.model.interest.propagation" StartDate="2014-11-13 10:26:40.333 JST" StructureHandle="=TA2/src&amp;lt;ta2.main{ShowListActv.java" StructureKind="java" NumEvents="402" CreationCount="6"/><InteractionEvent Delta="null" EndDate="2014-11-13 10:36:33.908 JST" Interest="3.0" Kind="edit" Navigation="null" OriginId="org.eclipse.jdt.ui.CompilationUnitEditor" StartDate="2014-11-13 10:36:33.900 JST" StructureHandle="=TA2/src&amp;lt;ta2.main{ShowListActv.java" StructureKind="java" NumEvents="3" CreationCount="6"/><InteractionEvent Delta="null" EndDate="2014-11-13 11:15:08.606 JST" Interest="25.0" Kind="selection" Navigation="null" OriginId="org.eclipse.jdt.ui.CompilationUnitEditor" StartDate="2014-11-13 10:26:29.808 JST" StructureHandle="=TA2/src&amp;lt;ta2.main{ShowListActv.java" StructureKind="java" NumEvents="25" CreationCount="6"/><InteractionEvent Delta="null" EndDate="2014-11-13 10:48:11.825 JST" Interest="77.0" Kind="propagation" Navigation="org.eclipse.mylyn.core.model.edges.containment" OriginId="org.eclipse.mylyn.core.model.interest.propagation" StartDate="2014-11-13 10:32:17.854 JST" StructureHandle="/projects_Matsuoka/Step11/11_WorldClockWidget/src/sample" StructureKind="resource" NumEvents="77" CreationCount="110"/><InteractionEvent Delta="null" EndDate="2014-11-13 11:25:04.288 JST" Interest="19.651" Kind="propagation" Navigation="org.eclipse.mylyn.core.model.edges.containment" OriginId="org.eclipse.mylyn.core.model.interest.propagation" StartDate="2014-11-13 11:18:09.294 JST" StructureHandle="=TA2/src&amp;lt;ta2.listeners.button" StructureKind="java" NumEvents="29" CreationCount="1329"/><InteractionEvent Delta="null" EndDate="2014-11-13 11:18:34.544 JST" Interest="993.01697" Kind="propagation" Navigation="null" OriginId="org.eclipse.jdt.ui.CompilationUnitEditor" StartDate="2014-11-13 10:26:25.55 JST" StructureHandle="/TA2/src/ta2/main" StructureKind="resource" NumEvents="995" CreationCount="5"/><InteractionEvent Delta="null" EndDate="2014-11-13 11:16:08.159 JST" Interest="67.0" Kind="propagation" Navigation="null" OriginId="org.eclipse.jdt.ui.CompilationUnitEditor" StartDate="2014-11-13 10:26:43.479 JST" StructureHandle="/TA2/src/ta2/utils/Methods.java" StructureKind="resource" NumEvents="67" CreationCount="14"/><InteractionEvent Delta="null" EndDate="2014-11-13 10:33:11.392 JST" Interest="1.2440002" Kind="manipulation" Navigation="null" OriginId="org.eclipse.mylyn.core.model.interest.decay.correction" StartDate="2014-11-13 10:33:11.392 JST" StructureHandle="/TA2/src/ta2/utils/Methods.java" StructureKind="resource"/><InteractionEvent Delta="null" EndDate="2014-11-13 11:06:59.351 JST" Interest="1.0" Kind="edit" Navigation="null" OriginId="org.eclipse.jdt.ui.CompilationUnitEditor" StartDate="2014-11-13 11:06:59.351 JST" StructureHandle="=TA2/src&amp;lt;ta2.utils{CONS.java[CONS[ShowListActv^BACK_FROM_X_ACTV" StructureKind="java"/><InteractionEvent Delta="null" EndDate="2014-11-13 11:10:04.89 JST" Interest="2.6040003" Kind="manipulation" Navigation="null" OriginId="org.eclipse.mylyn.core.model.interest.decay.correction" StartDate="2014-11-13 11:10:04.89 JST" StructureHandle="=TA2/src&amp;lt;ta2.utils{CONS.java[CONS[ShowListActv^BACK_FROM_X_ACTV" StructureKind="java"/><InteractionEvent Delta="null" EndDate="2014-11-13 11:10:04.89 JST" Interest="3.0" Kind="selection" Navigation="null" OriginId="org.eclipse.jdt.ui.CompilationUnitEditor" StartDate="2014-11-13 11:06:50.654 JST" StructureHandle="=TA2/src&amp;lt;ta2.utils{CONS.java[CONS[ShowListActv^BACK_FROM_X_ACTV" StructureKind="java" NumEvents="3" CreationCount="716"/><InteractionEvent Delta="null" EndDate="2014-11-13 11:18:06.775 JST" Interest="9.169" Kind="propagation" Navigation="org.eclipse.mylyn.core.model.edges.containment" OriginId="org.eclipse.mylyn.core.model.interest.propagation" StartDate="2014-11-13 11:14:33.602 JST" StructureHandle="=TA2/src&amp;lt;ta2.listeners.dialog" StructureKind="java" NumEvents="14" CreationCount="1260"/><InteractionEvent Delta="null" EndDate="2014-11-13 10:26:41.346 JST" Interest="4.0" Kind="edit" Navigation="null" OriginId="org.eclipse.jdt.ui.CompilationUnitEditor" StartDate="2014-11-13 10:26:40.301 JST" StructureHandle="=TA2/src&amp;lt;ta2.main{ShowListActv.java[ShowListActv~_Setup_Adapter" StructureKind="java" NumEvents="4" CreationCount="9"/><InteractionEvent Delta="null" EndDate="2014-11-13 10:30:40.572 JST" Interest="5.0" Kind="selection" Navigation="null" OriginId="org.eclipse.jdt.ui.CompilationUnitEditor" StartDate="2014-11-13 10:26:39.899 JST" StructureHandle="=TA2/src&amp;lt;ta2.main{ShowListActv.java[ShowListActv~_Setup_Adapter" StructureKind="java" NumEvents="5" CreationCount="9"/><InteractionEvent Delta="null" EndDate="2014-11-13 11:18:10.936 JST" Interest="1.0" Kind="selection" Navigation="null" OriginId="org.eclipse.ui.views.ContentOutline" StartDate="2014-11-13 11:18:10.936 JST" StructureHandle="=TA2/src&amp;lt;ta2.listeners.button{BO_CL.java%ta2.listeners.button" StructureKind="java"/><InteractionEvent Delta="null" EndDate="2014-11-13 10:48:11.825 JST" Interest="53.0" Kind="propagation" Navigation="null" OriginId="org.eclipse.jdt.ui.CompilationUnitEditor" StartDate="2014-11-13 10:34:46.177 JST" StructureHandle="/projects_Matsuoka/Step11/11_WorldClockWidget/src/sample/step11/worldclockwidget/TimezonePicker.java" StructureKind="resource" NumEvents="53" CreationCount="216"/><InteractionEvent Delta="null" EndDate="2014-11-13 10:32:56.446 JST" Interest="3.0" Kind="edit" Navigation="null" OriginId="org.eclipse.jdt.ui.CompilationUnitEditor" StartDate="2014-11-13 10:32:56.413 JST" StructureHandle="=TA2/src&amp;lt;ta2.main{ShowListActv.java[ShowListActv~case_OPT_Filter" StructureKind="java" NumEvents="3" CreationCount="138"/><InteractionEvent Delta="null" EndDate="2014-11-13 10:32:56.393 JST" Interest="1.0" Kind="selection" Navigation="null" OriginId="org.eclipse.jdt.ui.CompilationUnitEditor" StartDate="2014-11-13 10:32:56.393 JST" StructureHandle="=TA2/src&amp;lt;ta2.main{ShowListActv.java[ShowListActv~case_OPT_Filter" StructureKind="java"/><InteractionEvent Delta="null" EndDate="2014-11-13 10:29:18.894 JST" Interest="1.0" Kind="selection" Navigation="null" OriginId="org.eclipse.jdt.ui.PackageExplorer" StartDate="2014-11-13 10:29:18.894 JST" StructureHandle="=TA2/src&amp;lt;ta2.main{MainActv.java" StructureKind="java"/><InteractionEvent Delta="null" EndDate="2014-11-13 11:21:30.925 JST" Interest="17.616999" Kind="propagation" Navigation="org.eclipse.mylyn.core.model.edges.containment" OriginId="org.eclipse.mylyn.core.model.interest.propagation" StartDate="2014-11-13 11:18:12.472 JST" StructureHandle="=TA2/src&amp;lt;ta2.listeners.button{BO_CL.java[BO_CL" StructureKind="java" NumEvents="25" CreationCount="1331"/><InteractionEvent Delta="null" EndDate="2014-11-13 11:20:29.537 JST" Interest="1.0" Kind="selection" Navigation="null" OriginId="org.eclipse.jdt.ui.CompilationUnitEditor" StartDate="2014-11-13 11:20:29.537 JST" StructureHandle="=TA2/src&amp;lt;ta2.listeners.button{BO_CL.java[BO_CL" StructureKind="java"/><InteractionEvent Delta="null" EndDate="2014-11-13 10:26:21.509 JST" Interest="1.0" Kind="propagation" Navigation="null" OriginId="org.eclipse.jdt.ui.PackageExplorer" StartDate="2014-11-13 10:26:21.509 JST" StructureHandle="/TA2/src/ta2/adapters/Adp_FHs.java" StructureKind="resource"/><InteractionEvent Delta="null" EndDate="2014-11-13 10:38:21.84 JST" Interest="1.0" Kind="edit" Navigation="null" OriginId="org.eclipse.jdt.ui.CompilationUnitEditor" StartDate="2014-11-13 10:38:21.84 JST" StructureHandle="=TA2/src&amp;lt;ta2.utils{CONS.java[CONS[Intent^RESULT_CODE_SEE_BOOKMARKS_CANCEL" StructureKind="java"/><InteractionEvent Delta="null" EndDate="2014-11-13 10:38:21.80 JST" Interest="1.0" Kind="selection" Navigation="null" OriginId="org.eclipse.jdt.ui.CompilationUnitEditor" StartDate="2014-11-13 10:38:21.80 JST" StructureHandle="=TA2/src&amp;lt;ta2.utils{CONS.java[CONS[Intent^RESULT_CODE_SEE_BOOKMARKS_CANCEL" StructureKind="java"/><InteractionEvent Delta="null" EndDate="2014-11-13 11:06:16.517 JST" Interest="1.0" Kind="selection" Navigation="null" OriginId="org.eclipse.ui.views.ContentOutline" StartDate="2014-11-13 11:06:16.517 JST" StructureHandle="=TA2/src&amp;lt;ta2.utils{CONS.java[CONS[Intent^iKey_PlayActv_TaskPeriod" StructureKind="java"/><InteractionEvent Delta="null" EndDate="2014-11-13 10:38:42.827 JST" Interest="8.0" Kind="edit" Navigation="null" OriginId="org.eclipse.jdt.ui.CompilationUnitEditor" StartDate="2014-11-13 10:38:25.573 JST" StructureHandle="=TA2/src&amp;lt;ta2.utils{CONS.java[CONS[Intent^RESULT_CODE_PREF_ACTIVE" StructureKind="java" NumEvents="8" CreationCount="370"/><InteractionEvent Delta="null" EndDate="2014-11-13 11:10:04.675 JST" Interest="0.60300064" Kind="manipulation" Navigation="null" OriginId="org.eclipse.mylyn.core.model.interest.decay.correction" StartDate="2014-11-13 11:10:04.675 JST" StructureHandle="=TA2/src&amp;lt;ta2.utils{CONS.java[CONS[Intent^RESULT_CODE_PREF_ACTIVE" StructureKind="java"/><InteractionEvent Delta="null" EndDate="2014-11-13 11:10:04.675 JST" Interest="6.0" Kind="selection" Navigation="null" OriginId="org.eclipse.jdt.ui.CompilationUnitEditor" StartDate="2014-11-13 10:38:25.567 JST" StructureHandle="=TA2/src&amp;lt;ta2.utils{CONS.java[CONS[Intent^RESULT_CODE_PREF_ACTIVE" StructureKind="java" NumEvents="6" CreationCount="370"/><InteractionEvent Delta="null" EndDate="2014-11-13 10:46:22.7 JST" Interest="24.0" Kind="propagation" Navigation="null" OriginId="org.eclipse.jdt.ui.CompilationUnitEditor" StartDate="2014-11-13 10:32:17.854 JST" StructureHandle="/projects_Matsuoka/Step11/11_WorldClockWidget/src/sample/step11/worldclockwidget/Setup.java" StructureKind="resource" NumEvents="24" CreationCount="110"/><InteractionEvent Delta="null" EndDate="2014-11-13 10:46:22.7 JST" Interest="11.319" Kind="propagation" Navigation="org.eclipse.mylyn.core.model.edges.containment" OriginId="org.eclipse.mylyn.core.model.interest.propagation" StartDate="2014-11-13 10:32:18.753 JST" StructureHandle="=projects_Matsuoka/Step11\/11_WorldClockWidget\/src\/sample\/step11\/worldclockwidget&amp;lt;{Setup.java[Setup" StructureKind="java" NumEvents="11" CreationCount="111"/><InteractionEvent Delta="null" EndDate="2014-11-13 10:39:05.546 JST" Interest="38.034" Kind="propagation" Navigation="org.eclipse.mylyn.core.model.edges.containment" OriginId="org.eclipse.mylyn.core.model.interest.propagation" StartDate="2014-11-13 10:26:58.758 JST" StructureHandle="=TA2/src&amp;lt;ta2.adapters{Adp_MemoList.java[Adp_MemoList" StructureKind="java" NumEvents="53" CreationCount="18"/><InteractionEvent Delta="null" EndDate="2014-11-13 10:26:58.261 JST" Interest="3.0" Kind="selection" Navigation="null" OriginId="org.eclipse.jdt.ui.CompilationUnitEditor" StartDate="2014-11-13 10:26:52.280 JST" StructureHandle="=TA2/src&amp;lt;ta2.adapters{Adp_MemoList.java[Adp_MemoList" StructureKind="java" NumEvents="3" CreationCount="18"/><InteractionEvent Delta="null" EndDate="2014-11-13 11:16:35.437 JST" Interest="7.6" Kind="propagation" Navigation="org.eclipse.mylyn.core.model.edges.containment" OriginId="org.eclipse.mylyn.core.model.interest.propagation" StartDate="2014-11-13 11:14:51.955 JST" StructureHandle="=TA2/src&amp;lt;ta2.listeners.dialog{DOI_CL.java[DOI_CL" StructureKind="java" NumEvents="10" CreationCount="1263"/><InteractionEvent Delta="null" EndDate="2014-11-13 11:18:04.778 JST" Interest="7.2339997" Kind="propagation" Navigation="org.eclipse.mylyn.core.model.edges.containment" OriginId="org.eclipse.mylyn.core.model.interest.propagation" StartDate="2014-11-13 11:16:49.511 JST" StructureHandle="=TA2/src&amp;lt;ta2.listeners.dialog{DB_OCL.java[DB_OCL" StructureKind="java" NumEvents="12" CreationCount="1315"/><InteractionEvent Delta="null" EndDate="2014-11-13 10:34:43.359 JST" Interest="1.0" Kind="propagation" Navigation="null" OriginId="org.eclipse.ui.views.ResourceNavigator" StartDate="2014-11-13 10:34:43.359 JST" StructureHandle="/projects_Matsuoka" StructureKind="resource"/><InteractionEvent Delta="null" EndDate="2014-11-13 11:25:04.287 JST" Interest="46.0" Kind="propagation" Navigation="org.eclipse.mylyn.core.model.edges.containment" OriginId="org.eclipse.mylyn.core.model.interest.propagation" StartDate="2014-11-13 11:18:09.294 JST" StructureHandle="/TA2/src/ta2/listeners/button" StructureKind="resource" NumEvents="46" CreationCount="1329"/><InteractionEvent Delta="null" EndDate="2014-11-13 10:29:18.894 JST" Interest="1.0" Kind="propagation" Navigation="null" OriginId="org.eclipse.jdt.ui.PackageExplorer" StartDate="2014-11-13 10:29:18.894 JST" StructureHandle="/TA2/src/ta2/main/MainActv.java" StructureKind="resource"/><InteractionEvent Delta="null" EndDate="2014-11-13 10:37:24.897 JST" Interest="2.0" Kind="selection" Navigation="null" OriginId="org.eclipse.jdt.ui.CompilationUnitEditor" StartDate="2014-11-13 10:37:16.613 JST" StructureHandle="=TA2/src&amp;lt;ta2.main{PrefActv.java[PrefActv~onCreate~QBundle;" StructureKind="java" NumEvents="2" CreationCount="337"/><InteractionEvent Delta="null" EndDate="2014-11-13 11:13:56.428 JST" Interest="6.1450014" Kind="propagation" Navigation="org.eclipse.mylyn.core.model.edges.containment" OriginId="org.eclipse.mylyn.core.model.interest.propagation" StartDate="2014-11-13 10:38:42.828 JST" StructureHandle="=TA2/src&amp;lt;ta2.utils{CONS.java[CONS[Intent" StructureKind="java" NumEvents="8" CreationCount="358"/><InteractionEvent Delta="null" EndDate="2014-11-13 11:10:06.949 JST" Interest="9.0" Kind="edit" Navigation="null" OriginId="org.eclipse.jdt.ui.CompilationUnitEditor" StartDate="2014-11-13 10:38:08.278 JST" StructureHandle="=TA2/src&amp;lt;ta2.utils{CONS.java[CONS[Intent" StructureKind="java" NumEvents="9" CreationCount="358"/><InteractionEvent Delta="null" EndDate="2014-11-13 11:10:06.200 JST" Interest="5.0" Kind="selection" Navigation="null" OriginId="org.eclipse.jdt.ui.CompilationUnitEditor" StartDate="2014-11-13 10:38:08.159 JST" StructureHandle="=TA2/src&amp;lt;ta2.utils{CONS.java[CONS[Intent" StructureKind="java" NumEvents="5" CreationCount="358"/><InteractionEvent Delta="null" EndDate="2014-11-13 10:32:20.384 JST" Interest="1.7170004" Kind="propagation" Navigation="org.eclipse.mylyn.core.model.edges.containment" OriginId="org.eclipse.mylyn.core.model.interest.propagation" StartDate="2014-11-13 10:32:18.754 JST" StructureHandle="=projects_Matsuoka/Step11\/11_WorldClockWidget\/src\/sample\/step11\/worldclockwidget&amp;lt;{Setup.java" StructureKind="java" NumEvents="3" CreationCount="110"/><InteractionEvent Delta="null" EndDate="2014-11-13 10:46:20.139 JST" Interest="11.0" Kind="selection" Navigation="null" OriginId="org.eclipse.jdt.ui.CompilationUnitEditor" StartDate="2014-11-13 10:32:17.854 JST" StructureHandle="=projects_Matsuoka/Step11\/11_WorldClockWidget\/src\/sample\/step11\/worldclockwidget&amp;lt;{Setup.java" StructureKind="java" NumEvents="11" CreationCount="110"/><InteractionEvent Delta="null" EndDate="2014-11-13 10:46:13.627 JST" Interest="9.0" Kind="edit" Navigation="null" OriginId="org.eclipse.jdt.ui.CompilationUnitEditor" StartDate="2014-11-13 10:34:52.643 JST" StructureHandle="=projects_Matsuoka/Step11\/11_WorldClockWidget\/src\/sample\/step11\/worldclockwidget&amp;lt;{TimezonePicker.java[TimezonePicker~onCreate~QBundle;" StructureKind="java" NumEvents="9" CreationCount="219"/><InteractionEvent Delta="null" EndDate="2014-11-13 10:46:08.579 JST" Interest="0.7020006" Kind="manipulation" Navigation="null" OriginId="org.eclipse.mylyn.core.model.interest.decay.correction" StartDate="2014-11-13 10:46:08.579 JST" StructureHandle="=projects_Matsuoka/Step11\/11_WorldClockWidget\/src\/sample\/step11\/worldclockwidget&amp;lt;{TimezonePicker.java[TimezonePicker~onCreate~QBundle;" StructureKind="java"/><InteractionEvent Delta="null" EndDate="2014-11-13 10:46:08.579 JST" Interest="3.0" Kind="selection" Navigation="null" OriginId="org.eclipse.jdt.ui.CompilationUnitEditor" StartDate="2014-11-13 10:34:52.530 JST" StructureHandle="=projects_Matsuoka/Step11\/11_WorldClockWidget\/src\/sample\/step11\/worldclockwidget&amp;lt;{TimezonePicker.java[TimezonePicker~onCreate~QBundle;" StructureKind="java" NumEvents="3" CreationCount="219"/><InteractionEvent Delta="null" EndDate="2014-11-13 10:34:43.358 JST" Interest="1.0" Kind="selection" Navigation="null" OriginId="org.eclipse.ui.views.ResourceNavigator" StartDate="2014-11-13 10:34:43.358 JST" StructureHandle="=projects_Matsuoka/&amp;lt;Step11" StructureKind="java"/><InteractionEvent Delta="null" EndDate="2014-11-13 11:25:03.593 JST" Interest="11.0" Kind="edit" Navigation="null" OriginId="org.eclipse.jdt.ui.CompilationUnitEditor" StartDate="2014-11-13 11:19:22.854 JST" StructureHandle="=TA2/src&amp;lt;ta2.listeners.button{BO_CL.java[BO_CL~case_ACTV_SHOWLIST_BOTTOM" StructureKind="java" NumEvents="11" CreationCount="1348"/><InteractionEvent Delta="null" EndDate="2014-11-13 11:21:32.344 JST" Interest="2.0" Kind="selection" Navigation="null" OriginId="org.eclipse.jdt.ui.CompilationUnitEditor" StartDate="2014-11-13 11:19:03.608 JST" StructureHandle="=TA2/src&amp;lt;ta2.listeners.button{BO_CL.java[BO_CL~case_ACTV_SHOWLIST_BOTTOM" StructureKind="java" NumEvents="2" CreationCount="1348"/><InteractionEvent Delta="null" EndDate="2014-11-13 10:36:59.624 JST" Interest="15.0" Kind="edit" Navigation="null" OriginId="org.eclipse.jdt.ui.CompilationUnitEditor" StartDate="2014-11-13 10:36:58.169 JST" StructureHandle="=TA2/src&amp;lt;ta2.main{ShowListActv.java[ShowListActv~onStart" StructureKind="java" NumEvents="15" CreationCount="307"/><InteractionEvent Delta="null" EndDate="2014-11-13 10:39:12.275 JST" Interest="4.0" Kind="selection" Navigation="null" OriginId="org.eclipse.jdt.ui.CompilationUnitEditor" StartDate="2014-11-13 10:36:57.591 JST" StructureHandle="=TA2/src&amp;lt;ta2.main{ShowListActv.java[ShowListActv~onStart" StructureKind="java" NumEvents="4" CreationCount="307"/><InteractionEvent Delta="null" EndDate="2014-11-13 11:18:04.779 JST" Interest="5.1689997" Kind="propagation" Navigation="org.eclipse.mylyn.core.model.edges.containment" OriginId="org.eclipse.mylyn.core.model.interest.propagation" StartDate="2014-11-13 11:17:15.934 JST" StructureHandle="=TA2/src&amp;lt;ta2.listeners.dialog{DB_OCL.java" StructureKind="java" NumEvents="8" CreationCount="1260"/><InteractionEvent Delta="null" EndDate="2014-11-13 11:18:06.775 JST" Interest="4.0" Kind="selection" Navigation="null" OriginId="org.eclipse.jdt.ui.PackageExplorer" StartDate="2014-11-13 11:14:33.601 JST" StructureHandle="=TA2/src&amp;lt;ta2.listeners.dialog{DB_OCL.java" StructureKind="java" NumEvents="4" CreationCount="1260"/><InteractionEvent Delta="null" EndDate="2014-11-13 10:34:48.24 JST" Interest="1.0" Kind="selection" Navigation="null" OriginId="org.eclipse.ui.views.ContentOutline" StartDate="2014-11-13 10:34:48.24 JST" StructureHandle="=projects_Matsuoka/Step11\/11_WorldClockWidget\/src\/sample\/step11\/worldclockwidget&amp;lt;{TimezonePicker.java%sample.step11.worldclockwidget" StructureKind="java"/><InteractionEvent Delta="null" EndDate="2014-11-13 10:30:37.341 JST" Interest="2.0" Kind="selection" Navigation="null" OriginId="org.eclipse.jdt.ui.PackageExplorer" StartDate="2014-11-13 10:30:16.76 JST" StructureHandle="/TA2/res/raw/tap_cursor1.wav" StructureKind="resource" NumEvents="2" CreationCount="79"/><InteractionEvent Delta="null" EndDate="2014-11-13 10:39:07.833 JST" Interest="6.717" Kind="propagation" Navigation="org.eclipse.mylyn.core.model.edges.containment" OriginId="org.eclipse.mylyn.core.model.interest.propagation" StartDate="2014-11-13 10:29:25.115 JST" StructureHandle="/TA2/res/values" StructureKind="resource" NumEvents="8" CreationCount="59"/><InteractionEvent Delta="null" EndDate="2014-11-13 10:29:24.287 JST" Interest="1.0" Kind="selection" Navigation="null" OriginId="org.eclipse.jdt.ui.PackageExplorer" StartDate="2014-11-13 10:29:24.287 JST" StructureHandle="/TA2/res/values" StructureKind="resource"/><InteractionEvent Delta="null" EndDate="2014-11-13 11:16:47.384 JST" Interest="1.0" Kind="selection" Navigation="null" OriginId="org.eclipse.ui.views.ContentOutline" StartDate="2014-11-13 11:16:47.384 JST" StructureHandle="=TA2/src&amp;lt;ta2.listeners.dialog{DB_OCL.java%ta2.listeners.dialog" StructureKind="java"/><InteractionEvent Delta="null" EndDate="2014-11-13 10:48:11.825 JST" Interest="77.0" Kind="propagation" Navigation="org.eclipse.mylyn.core.model.edges.containment" OriginId="org.eclipse.mylyn.core.model.interest.propagation" StartDate="2014-11-13 10:32:17.854 JST" StructureHandle="/projects_Matsuoka/Step11/11_WorldClockWidget/src/sample/step11" StructureKind="resource" NumEvents="77" CreationCount="110"/><InteractionEvent Delta="null" EndDate="2014-11-13 11:16:37.965 JST" Interest="13.0" Kind="propagation" Navigation="null" OriginId="org.eclipse.jdt.ui.PackageExplorer" StartDate="2014-11-13 11:14:49.483 JST" StructureHandle="/TA2/src/ta2/listeners/dialog/DOI_CL.java" StructureKind="resource" NumEvents="13" CreationCount="1262"/><InteractionEvent Delta="null" EndDate="2014-11-13 11:18:34.544 JST" Interest="30.0" Kind="propagation" Navigation="null" OriginId="org.eclipse.jdt.ui.CompilationUnitEditor" StartDate="2014-11-13 11:11:13.967 JST" StructureHandle="/TA2/src/ta2/main/MemoEditActv.java" StructureKind="resource" NumEvents="30" CreationCount="1167"/><InteractionEvent Delta="null" EndDate="2014-11-13 11:06:39.876 JST" Interest="1.0" Kind="selection" Navigation="null" OriginId="org.eclipse.jdt.ui.CompilationUnitEditor" StartDate="2014-11-13 11:06:39.876 JST" StructureHandle="=TA2/src&amp;lt;ta2.utils{CONS.java[CONS[ShowListActv^list_Pos_Prev" StructureKind="java"/><InteractionEvent Delta="null" EndDate="2014-11-13 10:30:34.456 JST" Interest="50.0" Kind="edit" Navigation="null" OriginId="org.eclipse.jdt.ui.CompilationUnitEditor" StartDate="2014-11-13 10:26:58.752 JST" StructureHandle="=TA2/src&amp;lt;ta2.adapters{Adp_MemoList.java[Adp_MemoList~_Setup_Views~QView;~QMemo;~I" StructureKind="java" NumEvents="50" CreationCount="20"/><InteractionEvent Delta="null" EndDate="2014-11-13 10:39:05.545 JST" Interest="6.0" Kind="selection" Navigation="null" OriginId="org.eclipse.jdt.ui.CompilationUnitEditor" StartDate="2014-11-13 10:26:58.189 JST" StructureHandle="=TA2/src&amp;lt;ta2.adapters{Adp_MemoList.java[Adp_MemoList~_Setup_Views~QView;~QMemo;~I" StructureKind="java" NumEvents="6" CreationCount="20"/><InteractionEvent Delta="null" EndDate="2014-11-13 11:13:56.428 JST" Interest="5.0" Kind="edit" Navigation="null" OriginId="org.eclipse.jdt.ui.CompilationUnitEditor" StartDate="2014-11-13 11:10:11.660 JST" StructureHandle="=TA2/src&amp;lt;ta2.utils{CONS.java[CONS[Intent^RESULT_CODE_MEMO_EDIT_ACTIVE" StructureKind="java" NumEvents="5" CreationCount="1033"/><InteractionEvent Delta="null" EndDate="2014-11-13 11:13:35.30 JST" Interest="0.47000027" Kind="manipulation" Navigation="null" OriginId="org.eclipse.mylyn.core.model.interest.decay.correction" StartDate="2014-11-13 11:13:35.30 JST" StructureHandle="=TA2/src&amp;lt;ta2.utils{CONS.java[CONS[Intent^RESULT_CODE_MEMO_EDIT_ACTIVE" StructureKind="java"/><InteractionEvent Delta="null" EndDate="2014-11-13 11:13:35.30 JST" Interest="2.0" Kind="selection" Navigation="null" OriginId="org.eclipse.jdt.ui.CompilationUnitEditor" StartDate="2014-11-13 11:10:10.304 JST" StructureHandle="=TA2/src&amp;lt;ta2.utils{CONS.java[CONS[Intent^RESULT_CODE_MEMO_EDIT_ACTIVE" StructureKind="java" NumEvents="2" CreationCount="1033"/><InteractionEvent Delta="null" EndDate="2014-11-13 11:15:08.723 JST" Interest="306.245" Kind="propagation" Navigation="org.eclipse.mylyn.core.model.edges.containment" OriginId="org.eclipse.mylyn.core.model.interest.propagation" StartDate="2014-11-13 10:26:29.809 JST" StructureHandle="=TA2/src&amp;lt;ta2.main" StructureKind="java" NumEvents="437" CreationCount="5"/><InteractionEvent Delta="null" EndDate="2014-11-13 10:26:25.55 JST" Interest="1.0" Kind="selection" Navigation="null" OriginId="org.eclipse.jdt.ui.PackageExplorer" StartDate="2014-11-13 10:26:25.55 JST" StructureHandle="=TA2/src&amp;lt;ta2.main" StructureKind="java"/><InteractionEvent Delta="null" EndDate="2014-11-13 11:25:04.287 JST" Interest="47.173" Kind="propagation" Navigation="org.eclipse.mylyn.core.model.edges.containment" OriginId="org.eclipse.mylyn.core.model.interest.propagation" StartDate="2014-11-13 11:14:33.601 JST" StructureHandle="/TA2/src/ta2/listeners" StructureKind="resource" NumEvents="48" CreationCount="1260"/><InteractionEvent Delta="null" EndDate="2014-11-13 10:36:05.988 JST" Interest="1.0" Kind="edit" Navigation="null" OriginId="org.eclipse.jdt.ui.CompilationUnitEditor" StartDate="2014-11-13 10:36:05.988 JST" StructureHandle="=projects_Matsuoka/Step11\/11_WorldClockWidget\/src\/sample\/step11\/worldclockwidget&amp;lt;{Setup.java[Setup~onActivityResult~I~I~QIntent;" StructureKind="java"/><InteractionEvent Delta="null" EndDate="2014-11-13 10:45:52.143 JST" Interest="2.8510008" Kind="manipulation" Navigation="null" OriginId="org.eclipse.mylyn.core.model.interest.decay.correction" StartDate="2014-11-13 10:45:52.143 JST" StructureHandle="=projects_Matsuoka/Step11\/11_WorldClockWidget\/src\/sample\/step11\/worldclockwidget&amp;lt;{Setup.java[Setup~onActivityResult~I~I~QIntent;" StructureKind="java"/><InteractionEvent Delta="null" EndDate="2014-11-13 10:45:52.143 JST" Interest="6.0" Kind="selection" Navigation="null" OriginId="org.eclipse.jdt.ui.CompilationUnitEditor" StartDate="2014-11-13 10:32:28.104 JST" StructureHandle="=projects_Matsuoka/Step11\/11_WorldClockWidget\/src\/sample\/step11\/worldclockwidget&amp;lt;{Setup.java[Setup~onActivityResult~I~I~QIntent;" StructureKind="java" NumEvents="6" CreationCount="114"/><InteractionEvent Delta="null" EndDate="2014-11-13 10:48:11.826 JST" Interest="77.0" Kind="propagation" Navigation="org.eclipse.mylyn.core.model.edges.containment" OriginId="org.eclipse.mylyn.core.model.interest.propagation" StartDate="2014-11-13 10:32:17.855 JST" StructureHandle="/projects_Matsuoka/Step11/11_WorldClockWidget" StructureKind="resource" NumEvents="77" CreationCount="110"/><InteractionEvent Delta="null" EndDate="2014-11-13 11:15:53.438 JST" Interest="29.784002" Kind="propagation" Navigation="org.eclipse.mylyn.core.model.edges.containment" OriginId="org.eclipse.mylyn.core.model.interest.propagation" StartDate="2014-11-13 10:26:43.480 JST" StructureHandle="=TA2/src&amp;lt;ta2.utils" StructureKind="java" NumEvents="40" CreationCount="14"/><InteractionEvent Delta="null" EndDate="2014-11-13 10:38:02.910 JST" Interest="1.0" Kind="selection" Navigation="null" OriginId="org.eclipse.jdt.ui.PackageExplorer" StartDate="2014-11-13 10:38:02.910 JST" StructureHandle="=TA2/src&amp;lt;ta2.utils" StructureKind="java"/><InteractionEvent Delta="null" EndDate="2014-11-13 11:11:57.571 JST" Interest="40.987" Kind="propagation" Navigation="org.eclipse.mylyn.core.model.edges.containment" OriginId="org.eclipse.mylyn.core.model.interest.propagation" StartDate="2014-11-13 10:37:46.373 JST" StructureHandle="=TA2/src&amp;lt;ta2.main{PrefActv.java" StructureKind="java" NumEvents="64" CreationCount="335"/><InteractionEvent Delta="null" EndDate="2014-11-13 10:44:23.192 JST" Interest="5.0" Kind="edit" Navigation="null" OriginId="org.eclipse.jdt.ui.CompilationUnitEditor" StartDate="2014-11-13 10:43:58.372 JST" StructureHandle="=TA2/src&amp;lt;ta2.main{PrefActv.java" StructureKind="java" NumEvents="5" CreationCount="335"/><InteractionEvent Delta="null" EndDate="2014-11-13 11:11:54.952 JST" Interest="18.0" Kind="selection" Navigation="null" OriginId="org.eclipse.jdt.ui.CompilationUnitEditor" StartDate="2014-11-13 10:37:14.648 JST" StructureHandle="=TA2/src&amp;lt;ta2.main{PrefActv.java" StructureKind="java" NumEvents="18" CreationCount="335"/><InteractionEvent Delta="null" EndDate="2014-11-13 10:48:11.825 JST" Interest="77.0" Kind="propagation" Navigation="null" OriginId="org.eclipse.jdt.ui.CompilationUnitEditor" StartDate="2014-11-13 10:32:17.854 JST" StructureHandle="/projects_Matsuoka/Step11/11_WorldClockWidget/src/sample/step11/worldclockwidget" StructureKind="resource" NumEvents="77" CreationCount="110"/><InteractionEvent Delta="null" EndDate="2014-11-13 10:33:13.403 JST" Interest="1.0" Kind="edit" Navigation="null" OriginId="org.eclipse.jdt.ui.CompilationUnitEditor" StartDate="2014-11-13 10:33:13.403 JST" StructureHandle="=TA2/src&amp;lt;ta2.utils{Methods.java[Methods~start_Activity_PrefActv~QActivity;" StructureKind="java"/><InteractionEvent Delta="null" EndDate="2014-11-13 10:33:12.221 JST" Interest="1.0" Kind="selection" Navigation="null" OriginId="org.eclipse.jdt.ui.CompilationUnitEditor" StartDate="2014-11-13 10:33:12.221 JST" StructureHandle="=TA2/src&amp;lt;ta2.utils{Methods.java[Methods~start_Activity_PrefActv~QActivity;" StructureKind="java"/><InteractionEvent Delta="null" EndDate="2014-11-13 10:46:06.680 JST" Interest="8.789" Kind="propagation" Navigation="org.eclipse.mylyn.core.model.edges.containment" OriginId="org.eclipse.mylyn.core.model.interest.propagation" StartDate="2014-11-13 10:34:53.108 JST" StructureHandle="=projects_Matsuoka/Step11\/11_WorldClockWidget\/src\/sample\/step11\/worldclockwidget&amp;lt;{TimezonePicker.java" StructureKind="java" NumEvents="13" CreationCount="216"/><InteractionEvent Delta="null" EndDate="2014-11-13 10:48:11.825 JST" Interest="11.0" Kind="selection" Navigation="null" OriginId="org.eclipse.jdt.ui.CompilationUnitEditor" StartDate="2014-11-13 10:34:46.177 JST" StructureHandle="=projects_Matsuoka/Step11\/11_WorldClockWidget\/src\/sample\/step11\/worldclockwidget&amp;lt;{TimezonePicker.java" StructureKind="java" NumEvents="11" CreationCount="216"/><InteractionEvent Delta="null" EndDate="2014-11-13 10:26:13.642 JST" Interest="1.0" Kind="selection" Navigation="null" OriginId="org.eclipse.jdt.ui.PackageExplorer" StartDate="2014-11-13 10:26:13.642 JST" StructureHandle="=TA2/src&amp;lt;ta2.adapters{Adp_ListItems.java" StructureKind="java"/><InteractionEvent Delta="null" EndDate="2014-11-13 11:06:39.65 JST" Interest="1.0" Kind="selection" Navigation="null" OriginId="org.eclipse.jdt.ui.CompilationUnitEditor" StartDate="2014-11-13 11:06:39.65 JST" StructureHandle="=TA2/src&amp;lt;ta2.utils{CONS.java[CONS[ShowListActv^list_Pos_Current" StructureKind="java"/><InteractionEvent Delta="null" EndDate="2014-11-13 11:18:34.543 JST" Interest="17.599998" Kind="propagation" Navigation="org.eclipse.mylyn.core.model.edges.containment" OriginId="org.eclipse.mylyn.core.model.interest.propagation" StartDate="2014-11-13 11:11:38.839 JST" StructureHandle="=TA2/src&amp;lt;ta2.main{MemoEditActv.java[MemoEditActv" StructureKind="java" NumEvents="23" CreationCount="1213"/><InteractionEvent Delta="null" EndDate="2014-11-13 11:16:35.436 JST" Interest="8.0" Kind="edit" Navigation="null" OriginId="org.eclipse.jdt.ui.CompilationUnitEditor" StartDate="2014-11-13 11:16:15.895 JST" StructureHandle="=TA2/src&amp;lt;ta2.listeners.dialog{DOI_CL.java[DOI_CL~case_ACTV_SHOWLIST_LV~QListItem;" StructureKind="java" NumEvents="8" CreationCount="1263"/><InteractionEvent Delta="null" EndDate="2014-11-13 11:16:13.115 JST" Interest="2.0" Kind="selection" Navigation="null" OriginId="org.eclipse.jdt.ui.CompilationUnitEditor" StartDate="2014-11-13 11:14:51.955 JST" StructureHandle="=TA2/src&amp;lt;ta2.listeners.dialog{DOI_CL.java[DOI_CL~case_ACTV_SHOWLIST_LV~QListItem;" StructureKind="java" NumEvents="2" CreationCount="1263"/><InteractionEvent Delta="null" EndDate="2014-11-13 11:25:04.288 JST" Interest="1278.085" Kind="propagation" Navigation="null" OriginId="org.eclipse.jdt.ui.PackageExplorer" StartDate="2014-11-13 10:25:43.423 JST" StructureHandle="/TA2/src" StructureKind="resource" NumEvents="1284" CreationCount="1"/><InteractionEvent Delta="null" EndDate="2014-11-13 11:18:06.775 JST" Interest="18.0" Kind="propagation" Navigation="null" OriginId="org.eclipse.jdt.ui.PackageExplorer" StartDate="2014-11-13 11:14:33.601 JST" StructureHandle="/TA2/src/ta2/listeners/dialog/DB_OCL.java" StructureKind="resource" NumEvents="18" CreationCount="1260"/><InteractionEvent Delta="null" EndDate="2014-11-13 11:14:26.969 JST" Interest="414.0" Kind="edit" Navigation="null" OriginId="org.eclipse.jdt.ui.CompilationUnitEditor" StartDate="2014-11-13 10:30:41.70 JST" StructureHandle="=TA2/src&amp;lt;ta2.main{ShowListActv.java[ShowListActv~_Setup_List" StructureKind="java" NumEvents="414" CreationCount="90"/><InteractionEvent Delta="null" EndDate="2014-11-13 11:15:08.722 JST" Interest="16.0" Kind="selection" Navigation="null" OriginId="org.eclipse.jdt.ui.CompilationUnitEditor" StartDate="2014-11-13 10:30:40.472 JST" StructureHandle="=TA2/src&amp;lt;ta2.main{ShowListActv.java[ShowListActv~_Setup_List" StructureKind="java" NumEvents="16" CreationCount="90"/><InteractionEvent Delta="null" EndDate="2014-11-13 10:32:50.121 JST" Interest="8.0" Kind="edit" Navigation="null" OriginId="org.eclipse.jdt.ui.CompilationUnitEditor" StartDate="2014-11-13 10:32:49.447 JST" StructureHandle="=TA2/src&amp;lt;ta2.main{ShowListActv.java[ShowListActv~onOptionsItemSelected~QMenuItem;" StructureKind="java" NumEvents="8" CreationCount="125"/><InteractionEvent Delta="null" EndDate="2014-11-13 10:32:48.961 JST" Interest="3.0" Kind="selection" Navigation="null" OriginId="org.eclipse.jdt.ui.CompilationUnitEditor" StartDate="2014-11-13 10:32:48.865 JST" StructureHandle="=TA2/src&amp;lt;ta2.main{ShowListActv.java[ShowListActv~onOptionsItemSelected~QMenuItem;" StructureKind="java" NumEvents="3" CreationCount="125"/><InteractionEvent Delta="null" EndDate="2014-11-13 11:25:04.287 JST" Interest="1277.085" Kind="propagation" Navigation="org.eclipse.mylyn.core.model.edges.containment" OriginId="org.eclipse.mylyn.core.model.interest.propagation" StartDate="2014-11-13 10:25:43.423 JST" StructureHandle="=TA2" StructureKind="resource" NumEvents="1283" CreationCount="1"/><InteractionEvent Delta="null" EndDate="2014-11-13 10:39:05.546 JST" Interest="65.0" Kind="propagation" Navigation="null" OriginId="org.eclipse.jdt.ui.CompilationUnitEditor" StartDate="2014-11-13 10:26:48.903 JST" StructureHandle="/TA2/src/ta2/adapters/Adp_MemoList.java" StructureKind="resource" NumEvents="65" CreationCount="16"/><InteractionEvent Delta="null" EndDate="2014-11-13 10:48:11.825 JST" Interest="21.591" Kind="propagation" Navigation="org.eclipse.mylyn.core.model.edges.containment" OriginId="org.eclipse.mylyn.core.model.interest.propagation" StartDate="2014-11-13 10:32:17.855 JST" StructureHandle="=projects_Matsuoka/Step11\/11_WorldClockWidget\/src\/sample\/step11\/worldclockwidget&amp;lt;" StructureKind="java" NumEvents="29" CreationCount="110"/><InteractionEvent Delta="null" EndDate="2014-11-13 11:11:57.571 JST" Interest="113.0" Kind="propagation" Navigation="null" OriginId="org.eclipse.jdt.ui.CompilationUnitEditor" StartDate="2014-11-13 10:37:14.648 JST" StructureHandle="/TA2/src/ta2/main/PrefActv.java" StructureKind="resource" NumEvents="113" CreationCount="335"/><InteractionEvent Delta="null" EndDate="2014-11-13 11:11:57.571 JST" Interest="69.0" Kind="edit" Navigation="null" OriginId="org.eclipse.jdt.ui.CompilationUnitEditor" StartDate="2014-11-13 10:37:44.516 JST" StructureHandle="=TA2/src&amp;lt;ta2.main{PrefActv.java[PrefActv~onBackPressed" StructureKind="java" NumEvents="69" CreationCount="346"/><InteractionEvent Delta="null" EndDate="2014-11-13 11:11:55.131 JST" Interest="14.0" Kind="selection" Navigation="null" OriginId="org.eclipse.jdt.ui.CompilationUnitEditor" StartDate="2014-11-13 10:37:42.34 JST" StructureHandle="=TA2/src&amp;lt;ta2.main{PrefActv.java[PrefActv~onBackPressed" StructureKind="java" NumEvents="14" CreationCount="346"/><InteractionEvent Delta="null" EndDate="2014-11-13 10:48:11.826 JST" Interest="77.0" Kind="propagation" Navigation="org.eclipse.mylyn.core.model.edges.containment" OriginId="org.eclipse.mylyn.core.model.interest.propagation" StartDate="2014-11-13 10:32:17.855 JST" StructureHandle="/projects_Matsuoka/Step11" StructureKind="resource" NumEvents="77" CreationCount="110"/><InteractionEvent Delta="null" EndDate="2014-11-13 10:30:37.341 JST" Interest="1.017" Kind="propagation" Navigation="org.eclipse.mylyn.core.model.edges.containment" OriginId="org.eclipse.mylyn.core.model.interest.propagation" StartDate="2014-11-13 10:30:16.76 JST" StructureHandle="/TA2/res/raw" StructureKind="resource" NumEvents="2" CreationCount="78"/><InteractionEvent Delta="null" EndDate="2014-11-13 10:30:10.446 JST" Interest="1.0" Kind="selection" Navigation="null" OriginId="org.eclipse.jdt.ui.PackageExplorer" StartDate="2014-11-13 10:30:10.446 JST" StructureHandle="/TA2/res/raw" StructureKind="resource"/><InteractionEvent Delta="null" EndDate="2014-11-13 11:13:57.237 JST" Interest="17.445" Kind="propagation" Navigation="org.eclipse.mylyn.core.model.edges.containment" OriginId="org.eclipse.mylyn.core.model.interest.propagation" StartDate="2014-11-13 10:38:08.159 JST" StructureHandle="=TA2/src&amp;lt;ta2.utils{CONS.java[CONS" StructureKind="java" NumEvents="23" CreationCount="358"/><InteractionEvent Delta="null" EndDate="2014-11-13 11:15:33.910 JST" Interest="18.0" Kind="edit" Navigation="null" OriginId="org.eclipse.jdt.ui.CompilationUnitEditor" StartDate="2014-11-13 10:33:36.833 JST" StructureHandle="=TA2/src&amp;lt;ta2.utils{Methods.java[Methods~start_Activity_PrefActv__ForResult~QActivity;" StructureKind="java" NumEvents="18" CreationCount="150"/><InteractionEvent Delta="null" EndDate="2014-11-13 11:15:29.644 JST" Interest="3.3760004" Kind="manipulation" Navigation="null" OriginId="org.eclipse.mylyn.core.model.interest.decay.correction" StartDate="2014-11-13 11:15:29.644 JST" StructureHandle="=TA2/src&amp;lt;ta2.utils{Methods.java[Methods~start_Activity_PrefActv__ForResult~QActivity;" StructureKind="java"/><InteractionEvent Delta="null" EndDate="2014-11-13 11:15:29.723 JST" Interest="9.0" Kind="selection" Navigation="null" OriginId="org.eclipse.jdt.ui.CompilationUnitEditor" StartDate="2014-11-13 10:33:27.345 JST" StructureHandle="=TA2/src&amp;lt;ta2.utils{Methods.java[Methods~start_Activity_PrefActv__ForResult~QActivity;" StructureKind="java" NumEvents="9" CreationCount="150"/><InteractionEvent Delta="null" EndDate="2014-11-13 11:15:08.722 JST" Interest="850.0" Kind="propagation" Navigation="null" OriginId="org.eclipse.jdt.ui.CompilationUnitEditor" StartDate="2014-11-13 10:26:29.808 JST" StructureHandle="/TA2/src/ta2/main/ShowListActv.java" StructureKind="resource" NumEvents="850" CreationCount="6"/><InteractionEvent Delta="null" EndDate="2014-11-13 10:29:27.423 JST" Interest="1.0" Kind="edit" Navigation="null" OriginId="com.android.ide.eclipse.editors.CommonXmlEditor" StartDate="2014-11-13 10:29:27.423 JST" StructureHandle="/TA2/res/values/colors.xml" StructureKind="resource"/><InteractionEvent Delta="null" EndDate="2014-11-13 10:39:07.833 JST" Interest="7.0" Kind="selection" Navigation="null" OriginId="com.android.ide.eclipse.editors.CommonXmlEditor" StartDate="2014-11-13 10:29:25.115 JST" StructureHandle="/TA2/res/values/colors.xml" StructureKind="resource" NumEvents="7" CreationCount="60"/><InteractionEvent Delta="null" EndDate="2014-11-13 11:20:44.264 JST" Interest="13.0" Kind="prediction" Navigation="null" OriginId="org.eclipse.mylyn.resources.ui.interest.updater" StartDate="2014-11-13 10:28:21.733 JST" StructureHandle="/TA2/bin/classes.dex" StructureKind="resource" NumEvents="13" CreationCount="50"/><InteractionEvent Delta="null" EndDate="2014-11-13 10:39:05.462 JST" Interest="40.306004" Kind="propagation" Navigation="org.eclipse.mylyn.core.model.edges.containment" OriginId="org.eclipse.mylyn.core.model.interest.propagation" StartDate="2014-11-13 10:26:13.643 JST" StructureHandle="=TA2/src&amp;lt;ta2.adapters" StructureKind="java" NumEvents="60" CreationCount="2"/><InteractionEvent Delta="null" EndDate="2014-11-13 10:26:08.354 JST" Interest="1.0" Kind="selection" Navigation="null" OriginId="org.eclipse.jdt.ui.PackageExplorer" StartDate="2014-11-13 10:26:08.354 JST" StructureHandle="=TA2/src&amp;lt;ta2.adapters" StructureKind="java"/><InteractionEvent Delta="null" EndDate="2014-11-13 10:48:11.826 JST" Interest="21.591" Kind="propagation" Navigation="org.eclipse.mylyn.core.model.edges.containment" OriginId="org.eclipse.mylyn.core.model.interest.propagation" StartDate="2014-11-13 10:32:17.856 JST" StructureHandle="=projects_Matsuoka/Step11\/11_WorldClockWidget\/src\/sample\/step11\/worldclockwidget" StructureKind="java" NumEvents="26" CreationCount="110"/><InteractionEvent Delta="null" EndDate="2014-11-13 11:13:57.237 JST" Interest="1.0" Kind="selection" Navigation="null" OriginId="org.eclipse.jdt.ui.CompilationUnitEditor" StartDate="2014-11-13 11:13:57.237 JST" StructureHandle="=TA2/src&amp;lt;ta2.utils{CONS.java[CONS[Intent^iKey_LogActv_LogFileName" StructureKind="java"/><InteractionEvent Delta="null" EndDate="2014-11-13 10:39:07.833 JST" Interest="6.7339997" Kind="propagation" Navigation="org.eclipse.mylyn.core.model.edges.containment" OriginId="org.eclipse.mylyn.core.model.interest.propagation" StartDate="2014-11-13 10:29:24.287 JST" StructureHandle="/TA2/res" StructureKind="resource" NumEvents="9" CreationCount="58"/><InteractionEvent Delta="null" EndDate="2014-11-13 10:29:21.754 JST" Interest="1.0" Kind="selection" Navigation="null" OriginId="org.eclipse.jdt.ui.PackageExplorer" StartDate="2014-11-13 10:29:21.754 JST" StructureHandle="/TA2/res" StructureKind="resource"/><InteractionEvent Delta="null" EndDate="2014-11-13 10:48:11.826 JST" Interest="76.0" Kind="propagation" Navigation="org.eclipse.mylyn.core.model.edges.containment" OriginId="org.eclipse.mylyn.core.model.interest.propagation" StartDate="2014-11-13 10:32:17.855 JST" StructureHandle="=projects_Matsuoka" StructureKind="resource" NumEvents="76" CreationCount="110"/><InteractionEvent Delta="null" EndDate="2014-11-13 10:34:42.414 JST" Interest="1.0" Kind="selection" Navigation="null" OriginId="org.eclipse.ui.views.ResourceNavigator" StartDate="2014-11-13 10:34:42.414 JST" StructureHandle="=projects_Matsuoka" StructureKind="java"/><InteractionEvent Delta="null" EndDate="2014-11-13 10:48:11.825 JST" Interest="77.0" Kind="propagation" Navigation="org.eclipse.mylyn.core.model.edges.containment" OriginId="org.eclipse.mylyn.core.model.interest.propagation" StartDate="2014-11-13 10:32:17.854 JST" StructureHandle="/projects_Matsuoka/Step11/11_WorldClockWidget/src" StructureKind="resource" NumEvents="77" CreationCount="110"/><InteractionEvent Delta="null" EndDate="2014-11-13 11:18:34.543 JST" Interest="18.0" Kind="edit" Navigation="null" OriginId="org.eclipse.jdt.ui.CompilationUnitEditor" StartDate="2014-11-13 11:11:40.206 JST" StructureHandle="=TA2/src&amp;lt;ta2.main{MemoEditActv.java[MemoEditActv~onBackPressed" StructureKind="java" NumEvents="18" CreationCount="1213"/><InteractionEvent Delta="null" EndDate="2014-11-13 11:18:30.626 JST" Interest="5.0" Kind="selection" Navigation="null" OriginId="org.eclipse.jdt.ui.CompilationUnitEditor" StartDate="2014-11-13 11:11:38.839 JST" StructureHandle="=TA2/src&amp;lt;ta2.main{MemoEditActv.java[MemoEditActv~onBackPressed" StructureKind="java" NumEvents="5" CreationCount="1213"/><InteractionEvent Delta="null" EndDate="2014-11-13 10:30:38.726 JST" Interest="35.068" Kind="propagation" Navigation="org.eclipse.mylyn.core.model.edges.containment" OriginId="org.eclipse.mylyn.core.model.interest.propagation" StartDate="2014-11-13 10:26:55.489 JST" StructureHandle="=TA2/src&amp;lt;ta2.adapters{Adp_MemoList.java" StructureKind="java" NumEvents="51" CreationCount="16"/><InteractionEvent Delta="null" EndDate="2014-11-13 10:39:05.461 JST" Interest="6.0" Kind="selection" Navigation="null" OriginId="org.eclipse.jdt.ui.CompilationUnitEditor" StartDate="2014-11-13 10:26:48.902 JST" StructureHandle="=TA2/src&amp;lt;ta2.adapters{Adp_MemoList.java" StructureKind="java" NumEvents="6" CreationCount="16"/><InteractionEvent Delta="null" EndDate="2014-11-13 10:46:22.6 JST" Interest="11.319" Kind="propagation" Navigation="org.eclipse.mylyn.core.model.edges.containment" OriginId="org.eclipse.mylyn.core.model.interest.propagation" StartDate="2014-11-13 10:32:18.752 JST" StructureHandle="=projects_Matsuoka/Step11\/11_WorldClockWidget\/src\/sample\/step11\/worldclockwidget&amp;lt;{Setup.java[Setup^btnClick[" StructureKind="java" NumEvents="6" CreationCount="111"/><InteractionEvent Delta="null" EndDate="2014-11-13 11:06:42.40 JST" Interest="12.148" Kind="propagation" Navigation="org.eclipse.mylyn.core.model.edges.containment" OriginId="org.eclipse.mylyn.core.model.interest.propagation" StartDate="2014-11-13 10:38:07.42 JST" StructureHandle="=TA2/src&amp;lt;ta2.utils{CONS.java" StructureKind="java" NumEvents="21" CreationCount="356"/><InteractionEvent Delta="null" EndDate="2014-11-13 11:13:34.973 JST" Interest="6.0" Kind="selection" Navigation="null" OriginId="org.eclipse.jdt.ui.CompilationUnitEditor" StartDate="2014-11-13 10:38:05.663 JST" StructureHandle="=TA2/src&amp;lt;ta2.utils{CONS.java" StructureKind="java" NumEvents="6" CreationCount="356"/><InteractionEvent Delta="null" EndDate="2014-11-13 11:16:08.159 JST" Interest="8.0" Kind="edit" Navigation="null" OriginId="org.eclipse.jdt.ui.CompilationUnitEditor" StartDate="2014-11-13 11:15:52.182 JST" StructureHandle="=TA2/src&amp;lt;ta2.utils{Methods.java[Methods~start_Activity_MemoEditActv__ForResult~QActivity;~QDialog;~QMemo;" StructureKind="java" NumEvents="8" CreationCount="1291"/><InteractionEvent Delta="null" EndDate="2014-11-13 11:15:50.746 JST" Interest="1.0" Kind="selection" Navigation="null" OriginId="org.eclipse.jdt.ui.CompilationUnitEditor" StartDate="2014-11-13 11:15:50.746 JST" StructureHandle="=TA2/src&amp;lt;ta2.utils{Methods.java[Methods~start_Activity_MemoEditActv~QActivity;~QDialog;~QMemo;!2" StructureKind="java"/><InteractionEvent Delta="null" EndDate="2014-11-13 11:17:15.933 JST" Interest="3.0" Kind="selection" Navigation="null" OriginId="org.eclipse.jdt.ui.CompilationUnitEditor" StartDate="2014-11-13 11:16:57.672 JST" StructureHandle="=TA2/src&amp;lt;ta2.listeners.dialog{DB_OCL.java[DB_OCL~case_DLG_CONF_DROP_CREATE_TABLE_ADMIN_OK" StructureKind="java" NumEvents="3" CreationCount="1316"/><InteractionEvent Delta="null" EndDate="2014-11-13 11:18:20.864 JST" Interest="3.0" Kind="selection" Navigation="null" OriginId="org.eclipse.jdt.ui.CompilationUnitEditor" StartDate="2014-11-13 11:18:12.472 JST" StructureHandle="=TA2/src&amp;lt;ta2.listeners.button{BO_CL.java[BO_CL~case_ACTV_PHOTO_DOWN" StructureKind="java" NumEvents="3" CreationCount="1331"/><InteractionEvent Delta="null" EndDate="2014-11-13 10:26:21.508 JST" Interest="1.0" Kind="selection" Navigation="null" OriginId="org.eclipse.jdt.ui.PackageExplorer" StartDate="2014-11-13 10:26:21.508 JST" StructureHandle="=TA2/src&amp;lt;ta2.adapters{Adp_FHs.java" StructureKind="java"/><InteractionEvent Delta="null" EndDate="2014-11-13 10:37:10.347 JST" Interest="1.0" Kind="selection" Navigation="null" OriginId="org.eclipse.ui.views.ResourceNavigator" StartDate="2014-11-13 10:37:10.347 JST" StructureHandle="/projects_Matsuoka/Step11/11_RssReaderWidget" StructureKind="resource"/><InteractionEvent Delta="null" EndDate="2014-11-13 10:44:02.214 JST" Interest="2.068" Kind="propagation" Navigation="org.eclipse.mylyn.core.model.edges.containment" OriginId="org.eclipse.mylyn.core.model.interest.propagation" StartDate="2014-11-13 10:43:55.895 JST" StructureHandle="=TA2/src&amp;lt;ta2.main{PrefActv.java#" StructureKind="java" NumEvents="3" CreationCount="592"/><InteractionEvent Delta="null" EndDate="2014-11-13 10:44:18.879 JST" Interest="1.0" Kind="selection" Navigation="null" OriginId="org.eclipse.jdt.ui.CompilationUnitEditor" StartDate="2014-11-13 10:44:18.879 JST" StructureHandle="=TA2/src&amp;lt;ta2.main{PrefActv.java#" StructureKind="java"/><InteractionEvent Delta="null" EndDate="2014-11-13 10:44:02.214 JST" Interest="2.0" Kind="selection" Navigation="null" OriginId="org.eclipse.jdt.ui.CompilationUnitEditor" StartDate="2014-11-13 10:44:01.455 JST" StructureHandle="=TA2/src&amp;lt;ta2.main{PrefActv.java#android.content.Intent" StructureKind="java" NumEvents="2" CreationCount="596"/><InteractionEvent Delta="null" EndDate="2014-11-13 11:16:49.511 JST" Interest="1.0" Kind="selection" Navigation="null" OriginId="org.eclipse.ui.views.ContentOutline" StartDate="2014-11-13 11:16:49.511 JST" StructureHandle="=TA2/src&amp;lt;ta2.listeners.dialog{DB_OCL.java[DB_OCL~DB_OCL~QActivity;~QDialog;~QDialog;~QMemo;" StructureKind="java"/><InteractionEvent Delta="null" EndDate="2014-11-13 10:26:13.642 JST" Interest="1.0" Kind="propagation" Navigation="null" OriginId="org.eclipse.jdt.ui.PackageExplorer" StartDate="2014-11-13 10:26:13.642 JST" StructureHandle="/TA2/src/ta2/adapters/Adp_ListItems.java" StructureKind="resource"/><InteractionEvent Delta="null" EndDate="2014-11-13 11:21:30.925 JST" Interest="18.0" Kind="edit" Navigation="null" OriginId="org.eclipse.jdt.ui.CompilationUnitEditor" StartDate="2014-11-13 11:18:21.362 JST" StructureHandle="=TA2/src&amp;lt;ta2.listeners.button{BO_CL.java[BO_CL~case_ACTV_MEMO_EDIT_BACK" StructureKind="java" NumEvents="18" CreationCount="1332"/><InteractionEvent Delta="null" EndDate="2014-11-13 11:20:30.266 JST" Interest="6.0" Kind="selection" Navigation="null" OriginId="org.eclipse.jdt.ui.CompilationUnitEditor" StartDate="2014-11-13 11:18:20.762 JST" StructureHandle="=TA2/src&amp;lt;ta2.listeners.button{BO_CL.java[BO_CL~case_ACTV_MEMO_EDIT_BACK" StructureKind="java" NumEvents="6" CreationCount="1332"/><InteractionEvent Delta="null" EndDate="2014-11-13 11:06:35.875 JST" Interest="1.0" Kind="selection" Navigation="null" OriginId="org.eclipse.jdt.ui.CompilationUnitEditor" StartDate="2014-11-13 11:06:35.875 JST" StructureHandle="=TA2/src&amp;lt;ta2.utils{CONS.java[CONS[ShowListActv^dialog_LV_Height_Ratio" StructureKind="java"/><InteractionEvent Delta="null" EndDate="2014-11-13 11:16:35.437 JST" Interest="5.617" Kind="propagation" Navigation="org.eclipse.mylyn.core.model.edges.containment" OriginId="org.eclipse.mylyn.core.model.interest.propagation" StartDate="2014-11-13 11:14:51.955 JST" StructureHandle="=TA2/src&amp;lt;ta2.listeners.dialog{DOI_CL.java" StructureKind="java" NumEvents="9" CreationCount="1262"/><InteractionEvent Delta="null" EndDate="2014-11-13 11:16:37.965 JST" Interest="3.0" Kind="selection" Navigation="null" OriginId="org.eclipse.jdt.ui.PackageExplorer" StartDate="2014-11-13 11:14:49.482 JST" StructureHandle="=TA2/src&amp;lt;ta2.listeners.dialog{DOI_CL.java" StructureKind="java" NumEvents="3" CreationCount="1262"/><InteractionEvent Delta="null" EndDate="2014-11-13 11:25:04.287 JST" Interest="46.0" Kind="propagation" Navigation="null" OriginId="org.eclipse.jdt.ui.PackageExplorer" StartDate="2014-11-13 11:18:09.293 JST" StructureHandle="/TA2/src/ta2/listeners/button/BO_CL.java" StructureKind="resource" NumEvents="46" CreationCount="1329"/><InteractionEvent Delta="null" EndDate="2014-11-13 11:15:08.723 JST" Interest="306.313" Kind="propagation" Navigation="org.eclipse.mylyn.core.model.edges.containment" OriginId="org.eclipse.mylyn.core.model.interest.propagation" StartDate="2014-11-13 10:26:08.355 JST" StructureHandle="=TA2/src" StructureKind="java" NumEvents="482" CreationCount="1"/><InteractionEvent Delta="null" EndDate="2014-11-13 10:25:43.423 JST" Interest="1.0" Kind="selection" Navigation="null" OriginId="org.eclipse.jdt.ui.PackageExplorer" StartDate="2014-11-13 10:25:43.423 JST" StructureHandle="=TA2/src" StructureKind="java"/><InteractionEvent Delta="null" EndDate="2014-11-13 11:15:44.697 JST" Interest="27.506" Kind="propagation" Navigation="org.eclipse.mylyn.core.model.edges.containment" OriginId="org.eclipse.mylyn.core.model.interest.propagation" StartDate="2014-11-13 10:33:12.221 JST" StructureHandle="=TA2/src&amp;lt;ta2.utils{Methods.java[Methods" StructureKind="java" NumEvents="31" CreationCount="148"/><InteractionEvent Delta="null" EndDate="2014-11-13 11:15:47.487 JST" Interest="1.0" Kind="selection" Navigation="null" OriginId="org.eclipse.jdt.ui.CompilationUnitEditor" StartDate="2014-11-13 11:15:47.487 JST" StructureHandle="=TA2/src&amp;lt;ta2.utils{Methods.java[Methods" StructureKind="java"/><InteractionEvent Delta="null" EndDate="2014-11-13 11:18:04.778 JST" Interest="6.0" Kind="edit" Navigation="null" OriginId="org.eclipse.jdt.ui.CompilationUnitEditor" StartDate="2014-11-13 11:17:16.435 JST" StructureHandle="=TA2/src&amp;lt;ta2.listeners.dialog{DB_OCL.java[DB_OCL~case_DLG_EDIT_MEMOS_BT_OK" StructureKind="java" NumEvents="6" CreationCount="1317"/><InteractionEvent Delta="null" EndDate="2014-11-13 11:17:15.961 JST" Interest="3.0" Kind="selection" Navigation="null" OriginId="org.eclipse.jdt.ui.CompilationUnitEditor" StartDate="2014-11-13 11:17:15.827 JST" StructureHandle="=TA2/src&amp;lt;ta2.listeners.dialog{DB_OCL.java[DB_OCL~case_DLG_EDIT_MEMOS_BT_OK" StructureKind="java" NumEvents="3" CreationCount="1317"/><InteractionEvent Delta="null" EndDate="2014-11-13 10:39:05.546 JST" Interest="65.238" Kind="propagation" Navigation="org.eclipse.mylyn.core.model.edges.containment" OriginId="org.eclipse.mylyn.core.model.interest.propagation" StartDate="2014-11-13 10:26:08.355 JST" StructureHandle="/TA2/src/ta2/adapters" StructureKind="resource" NumEvents="68" CreationCount="2"/><InteractionEvent Delta="null" EndDate="2014-11-13 10:36:32.102 JST" Interest="43.0" Kind="edit" Navigation="null" OriginId="org.eclipse.jdt.ui.CompilationUnitEditor" StartDate="2014-11-13 10:33:04.362 JST" StructureHandle="=TA2/src&amp;lt;ta2.main{ShowListActv.java[ShowListActv~case_OPT_Settings" StructureKind="java" NumEvents="43" CreationCount="142"/><InteractionEvent Delta="null" EndDate="2014-11-13 10:36:08.246 JST" Interest="6.0" Kind="selection" Navigation="null" OriginId="org.eclipse.jdt.ui.CompilationUnitEditor" StartDate="2014-11-13 10:33:04.357 JST" StructureHandle="=TA2/src&amp;lt;ta2.main{ShowListActv.java[ShowListActv~case_OPT_Settings" StructureKind="java" NumEvents="6" CreationCount="142"/><InteractionEvent Delta="null" EndDate="2014-11-13 10:46:22.6 JST" Interest="11.319" Kind="propagation" Navigation="org.eclipse.mylyn.core.model.edges.containment" OriginId="org.eclipse.mylyn.core.model.interest.propagation" StartDate="2014-11-13 10:32:18.752 JST" StructureHandle="=projects_Matsuoka/Step11\/11_WorldClockWidget\/src\/sample\/step11\/worldclockwidget&amp;lt;{Setup.java[Setup^btnClick" StructureKind="java" NumEvents="6" CreationCount="111"/><InteractionEvent Delta="null" EndDate="2014-11-13 11:21:30.926 JST" Interest="16.651" Kind="propagation" Navigation="org.eclipse.mylyn.core.model.edges.containment" OriginId="org.eclipse.mylyn.core.model.interest.propagation" StartDate="2014-11-13 11:18:10.936 JST" StructureHandle="=TA2/src&amp;lt;ta2.listeners.button{BO_CL.java" StructureKind="java" NumEvents="26" CreationCount="1329"/><InteractionEvent Delta="null" EndDate="2014-11-13 11:25:04.287 JST" Interest="3.0" Kind="selection" Navigation="null" OriginId="org.eclipse.jdt.ui.PackageExplorer" StartDate="2014-11-13 11:18:09.293 JST" StructureHandle="=TA2/src&amp;lt;ta2.listeners.button{BO_CL.java" StructureKind="java" NumEvents="3" CreationCount="1329"/></InteractionHistory>