<?xml version="1.0" encoding="UTF-8"?><InteractionHistory Id="local-64" Version="1"><InteractionEvent Delta="null" EndDate="2014-09-13 11:52:05.806 JST" Interest="326.051" Kind="propagation" Navigation="org.eclipse.mylyn.core.model.edges.containment" OriginId="org.eclipse.mylyn.core.model.interest.propagation" StartDate="2014-09-13 10:15:43.467 JST" StructureHandle="" StructureKind="java" NumEvents="331" CreationCount="1"/><InteractionEvent Delta="null" EndDate="2014-09-13 10:27:58.215 JST" Interest="3.0" Kind="selection" Navigation="null" OriginId="org.eclipse.jdt.ui.CompilationUnitEditor" StartDate="2014-09-13 10:24:36.178 JST" StructureHandle="=IFM11/src&amp;lt;ifm11.utils{Methods_dlg.java[Methods_dlg" StructureKind="java" NumEvents="3" CreationCount="34"/><InteractionEvent Delta="null" EndDate="2014-09-13 10:36:16.752 JST" Interest="28.949999" Kind="propagation" Navigation="org.eclipse.mylyn.core.model.edges.containment" OriginId="org.eclipse.mylyn.core.model.interest.propagation" StartDate="2014-09-13 10:23:35.219 JST" StructureHandle="=IFM11/src&amp;lt;ifm11.utils{Methods_dlg.java[Methods_dlg" StructureKind="java" NumEvents="40" CreationCount="34"/><InteractionEvent Delta="null" EndDate="2014-09-13 10:27:22.106 JST" Interest="27.0" Kind="edit" Navigation="null" OriginId="org.eclipse.jdt.ui.CompilationUnitEditor" StartDate="2014-09-13 10:23:38.907 JST" StructureHandle="=IFM11/src&amp;lt;ifm11.utils{Methods_dlg.java[Methods_dlg~dlg_AddMemo~QActivity;~J" StructureKind="java" NumEvents="27" CreationCount="37"/><InteractionEvent Delta="null" EndDate="2014-09-13 10:27:22.22 JST" Interest="7.0" Kind="selection" Navigation="null" OriginId="org.eclipse.ui.views.ContentOutline" StartDate="2014-09-13 10:23:38.98 JST" StructureHandle="=IFM11/src&amp;lt;ifm11.utils{Methods_dlg.java[Methods_dlg~dlg_AddMemo~QActivity;~J" StructureKind="java" NumEvents="7" CreationCount="37"/><InteractionEvent Delta="null" EndDate="2014-09-13 11:52:04.411 JST" Interest="13.016999" Kind="propagation" Navigation="org.eclipse.mylyn.core.model.edges.containment" OriginId="org.eclipse.mylyn.core.model.interest.propagation" StartDate="2014-09-13 11:47:28.613 JST" StructureHandle="/TA2/src/ta2/utils" StructureKind="resource" NumEvents="14" CreationCount="349"/><InteractionEvent Delta="null" EndDate="2014-09-13 11:52:04.411 JST" Interest="13.0" Kind="propagation" Navigation="null" OriginId="org.eclipse.ui.views.ResourceNavigator" StartDate="2014-09-13 11:47:32.261 JST" StructureHandle="/TA2/src/ta2/utils/DBUtils.java" StructureKind="resource" NumEvents="13" CreationCount="350"/><InteractionEvent Delta="null" EndDate="2014-09-13 10:37:25.19 JST" Interest="2.0" Kind="prediction" Navigation="null" OriginId="org.eclipse.mylyn.resources.ui.interest.updater" StartDate="2014-09-13 10:25:43.881 JST" StructureHandle="/IFM11/bin/resources.ap_" StructureKind="resource" NumEvents="2" CreationCount="95"/><InteractionEvent Delta="null" EndDate="2014-09-13 11:52:04.411 JST" Interest="13.033999" Kind="propagation" Navigation="org.eclipse.mylyn.core.model.edges.containment" OriginId="org.eclipse.mylyn.core.model.interest.propagation" StartDate="2014-09-13 11:47:27.383 JST" StructureHandle="/TA2/src/ta2" StructureKind="resource" NumEvents="15" CreationCount="348"/><InteractionEvent Delta="null" EndDate="2014-09-13 10:36:16.752 JST" Interest="33.0" Kind="edit" Navigation="null" OriginId="org.eclipse.jdt.ui.CompilationUnitEditor" StartDate="2014-09-13 10:25:17.825 JST" StructureHandle="=IFM11/src&amp;lt;ifm11.utils{Methods_dlg.java[Methods_dlg~_dlg_AddMemo_Set_Listviews~QActivity;~QDialog;" StructureKind="java" NumEvents="33" CreationCount="84"/><InteractionEvent Delta="null" EndDate="2014-09-13 10:36:15.427 JST" Interest="8.0" Kind="selection" Navigation="null" OriginId="org.eclipse.jdt.ui.CompilationUnitEditor" StartDate="2014-09-13 10:25:17.283 JST" StructureHandle="=IFM11/src&amp;lt;ifm11.utils{Methods_dlg.java[Methods_dlg~_dlg_AddMemo_Set_Listviews~QActivity;~QDialog;" StructureKind="java" NumEvents="8" CreationCount="84"/><InteractionEvent Delta="null" EndDate="2014-09-13 10:17:38.236 JST" Interest="1.0" Kind="selection" Navigation="null" OriginId="org.eclipse.jdt.ui.PackageExplorer" StartDate="2014-09-13 10:17:38.236 JST" StructureHandle="=IFM11/src&amp;lt;ifm11.listeners.button" StructureKind="java"/><InteractionEvent Delta="null" EndDate="2014-09-13 10:27:16.814 JST" Interest="10.7" Kind="propagation" Navigation="org.eclipse.mylyn.core.model.edges.containment" OriginId="org.eclipse.mylyn.core.model.interest.propagation" StartDate="2014-09-13 10:20:16.900 JST" StructureHandle="/IFM11/res/layout" StructureKind="resource" NumEvents="14" CreationCount="21"/><InteractionEvent Delta="null" EndDate="2014-09-13 10:31:29.882 JST" Interest="1.0" Kind="edit" Navigation="null" OriginId="org.eclipse.jdt.ui.CompilationUnitEditor" StartDate="2014-09-13 10:31:29.882 JST" StructureHandle="=IFM11/src&amp;lt;ifm11.utils{Methods.java[Methods" StructureKind="java"/><InteractionEvent Delta="null" EndDate="2014-09-13 10:34:16.771 JST" Interest="2.0" Kind="selection" Navigation="null" OriginId="org.eclipse.jdt.ui.CompilationUnitEditor" StartDate="2014-09-13 10:31:28.265 JST" StructureHandle="=IFM11/src&amp;lt;ifm11.utils{Methods.java[Methods" StructureKind="java" NumEvents="2" CreationCount="9"/><InteractionEvent Delta="null" EndDate="2014-09-13 10:36:12.549 JST" Interest="118.648" Kind="propagation" Navigation="org.eclipse.mylyn.core.model.edges.containment" OriginId="org.eclipse.mylyn.core.model.interest.propagation" StartDate="2014-09-13 10:17:52.227 JST" StructureHandle="=IFM11/src&amp;lt;ifm11.utils{Methods.java[Methods" StructureKind="java" NumEvents="167" CreationCount="9"/><InteractionEvent Delta="null" EndDate="2014-09-13 10:36:15.373 JST" Interest="4.0" Kind="selection" Navigation="null" OriginId="org.eclipse.jdt.ui.CompilationUnitEditor" StartDate="2014-09-13 10:23:31.217 JST" StructureHandle="=IFM11/src&amp;lt;ifm11.utils{Methods_dlg.java" StructureKind="java" NumEvents="4" CreationCount="32"/><InteractionEvent Delta="null" EndDate="2014-09-13 10:37:16.858 JST" Interest="27.984" Kind="propagation" Navigation="org.eclipse.mylyn.core.model.edges.containment" OriginId="org.eclipse.mylyn.core.model.interest.propagation" StartDate="2014-09-13 10:23:35.679 JST" StructureHandle="=IFM11/src&amp;lt;ifm11.utils{Methods_dlg.java" StructureKind="java" NumEvents="43" CreationCount="32"/><InteractionEvent Delta="null" EndDate="2014-09-13 10:27:16.814 JST" Interest="11.0" Kind="edit" Navigation="null" OriginId="com.android.ide.eclipse.editors.CommonXmlEditor" StartDate="2014-09-13 10:21:36.609 JST" StructureHandle="/IFM11/res/layout/dlg_add_memos.xml" StructureKind="resource" NumEvents="11" CreationCount="21"/><InteractionEvent Delta="null" EndDate="2014-09-13 10:26:27.278 JST" Interest="3.0" Kind="selection" Navigation="null" OriginId="com.android.ide.eclipse.editors.CommonXmlEditor" StartDate="2014-09-13 10:20:16.899 JST" StructureHandle="/IFM11/res/layout/dlg_add_memos.xml" StructureKind="resource" NumEvents="3" CreationCount="21"/><InteractionEvent Delta="null" EndDate="2014-09-13 11:47:23.641 JST" Interest="320.0" Kind="propagation" Navigation="null" OriginId="org.eclipse.jdt.ui.CompilationUnitEditor" StartDate="2014-09-13 10:17:41.12 JST" StructureHandle="/IFM11/src/ifm11/utils" StructureKind="resource" NumEvents="320" CreationCount="5"/><InteractionEvent Delta="null" EndDate="2014-09-13 11:47:23.640 JST" Interest="15.0" Kind="edit" Navigation="null" OriginId="org.eclipse.jdt.ui.CompilationUnitEditor" StartDate="2014-09-13 10:24:07.484 JST" StructureHandle="=IFM11/src&amp;lt;ifm11.utils{Methods_dlg.java[Methods_dlg~_dlg_AddMemo_GetDialog~QActivity;~J" StructureKind="java" NumEvents="15" CreationCount="46"/><InteractionEvent Delta="null" EndDate="2014-09-13 11:47:16.956 JST" Interest="5.0" Kind="selection" Navigation="null" OriginId="org.eclipse.jdt.ui.CompilationUnitEditor" StartDate="2014-09-13 10:24:06.434 JST" StructureHandle="=IFM11/src&amp;lt;ifm11.utils{Methods_dlg.java[Methods_dlg~_dlg_AddMemo_GetDialog~QActivity;~J" StructureKind="java" NumEvents="5" CreationCount="46"/><InteractionEvent Delta="null" EndDate="2014-09-13 10:25:43.881 JST" Interest="1.0" Kind="propagation" Navigation="org.eclipse.mylyn.core.model.edges.containment" OriginId="org.eclipse.mylyn.core.model.interest.propagation" StartDate="2014-09-13 10:25:43.881 JST" StructureHandle="/IFM11/bin" StructureKind="resource"/><InteractionEvent Delta="null" EndDate="2014-09-13 11:47:28.613 JST" Interest="1.0" Kind="selection" Navigation="null" OriginId="org.eclipse.ui.views.ResourceNavigator" StartDate="2014-09-13 11:47:28.613 JST" StructureHandle="=TA2/src&amp;lt;ta2.utils" StructureKind="java"/><InteractionEvent Delta="null" EndDate="2014-09-13 11:52:04.412 JST" Interest="5.185" Kind="propagation" Navigation="org.eclipse.mylyn.core.model.edges.containment" OriginId="org.eclipse.mylyn.core.model.interest.propagation" StartDate="2014-09-13 11:47:32.262 JST" StructureHandle="=TA2/src&amp;lt;ta2.utils" StructureKind="java" NumEvents="11" CreationCount="349"/><InteractionEvent Delta="null" EndDate="2014-09-13 10:23:35.907 JST" Interest="1.0" Kind="edit" Navigation="null" OriginId="org.eclipse.jdt.ui.CompilationUnitEditor" StartDate="2014-09-13 10:23:35.907 JST" StructureHandle="=IFM11/src&amp;lt;ifm11.utils{Methods_dlg.java[Methods_dlg~dlg_Db_Actv~QActivity;" StructureKind="java"/><InteractionEvent Delta="null" EndDate="2014-09-13 10:23:35.677 JST" Interest="2.0" Kind="selection" Navigation="null" OriginId="org.eclipse.ui.views.ContentOutline" StartDate="2014-09-13 10:23:35.218 JST" StructureHandle="=IFM11/src&amp;lt;ifm11.utils{Methods_dlg.java[Methods_dlg~dlg_Db_Actv~QActivity;" StructureKind="java" NumEvents="2" CreationCount="34"/><InteractionEvent Delta="null" EndDate="2014-09-13 10:17:38.236 JST" Interest="1.0" Kind="propagation" Navigation="org.eclipse.mylyn.core.model.edges.containment" OriginId="org.eclipse.mylyn.core.model.interest.propagation" StartDate="2014-09-13 10:17:38.236 JST" StructureHandle="/IFM11/src/ifm11/listeners" StructureKind="resource"/><InteractionEvent Delta="null" EndDate="2014-09-13 11:52:04.411 JST" Interest="3.0" Kind="selection" Navigation="null" OriginId="org.eclipse.ui.views.ResourceNavigator" StartDate="2014-09-13 11:47:32.261 JST" StructureHandle="=TA2/src&amp;lt;ta2.utils{DBUtils.java" StructureKind="java" NumEvents="3" CreationCount="350"/><InteractionEvent Delta="null" EndDate="2014-09-13 11:52:00.136 JST" Interest="3.1679997" Kind="propagation" Navigation="org.eclipse.mylyn.core.model.edges.containment" OriginId="org.eclipse.mylyn.core.model.interest.propagation" StartDate="2014-09-13 11:47:40.151 JST" StructureHandle="=TA2/src&amp;lt;ta2.utils{DBUtils.java" StructureKind="java" NumEvents="6" CreationCount="350"/><InteractionEvent Delta="null" EndDate="2014-09-13 11:46:47.215 JST" Interest="4.0" Kind="selection" Navigation="null" OriginId="org.eclipse.ui.views.ResourceNavigator" StartDate="2014-09-13 10:15:43.466 JST" StructureHandle="=IFM11" StructureKind="java" NumEvents="4" CreationCount="1"/><InteractionEvent Delta="null" EndDate="2014-09-13 11:52:05.806 JST" Interest="322.051" Kind="propagation" Navigation="org.eclipse.mylyn.core.model.edges.containment" OriginId="org.eclipse.mylyn.core.model.interest.propagation" StartDate="2014-09-13 10:16:08.131 JST" StructureHandle="=IFM11" StructureKind="resource" NumEvents="326" CreationCount="1"/><InteractionEvent Delta="null" EndDate="2014-09-13 10:33:00.646 JST" Interest="3.0" Kind="selection" Navigation="null" OriginId="org.eclipse.jdt.ui.CompilationUnitEditor" StartDate="2014-09-13 10:32:51.640 JST" StructureHandle="=IFM11/src&amp;lt;ifm11.utils{Methods.java[Methods~refresh_MainDB~QActivity;" StructureKind="java" NumEvents="3" CreationCount="246"/><InteractionEvent Delta="null" EndDate="2014-09-13 10:37:18.188 JST" Interest="1.0" Kind="propagation" Navigation="null" OriginId="org.eclipse.jdt.ui.PackageExplorer" StartDate="2014-09-13 10:37:18.188 JST" StructureHandle="/IFM11/src/ifm11/tasks" StructureKind="resource"/><InteractionEvent Delta="null" EndDate="2014-09-13 10:17:42.739 JST" Interest="1.0" Kind="selection" Navigation="null" OriginId="org.eclipse.jdt.ui.PackageExplorer" StartDate="2014-09-13 10:17:42.739 JST" StructureHandle="=IFM11/src&amp;lt;ifm11.utils" StructureKind="java"/><InteractionEvent Delta="null" EndDate="2014-09-13 10:36:12.551 JST" Interest="120.416" Kind="propagation" Navigation="org.eclipse.mylyn.core.model.edges.containment" OriginId="org.eclipse.mylyn.core.model.interest.propagation" StartDate="2014-09-13 10:17:41.13 JST" StructureHandle="=IFM11/src&amp;lt;ifm11.utils" StructureKind="java" NumEvents="175" CreationCount="5"/><InteractionEvent Delta="null" EndDate="2014-09-13 11:52:05.806 JST" Interest="367.0" Kind="propagation" Navigation="null" OriginId="org.eclipse.jdt.ui.PackageExplorer" StartDate="2014-09-13 10:15:43.467 JST" StructureHandle="/" StructureKind="resource" NumEvents="367" CreationCount="1"/><InteractionEvent Delta="null" EndDate="2014-09-13 10:17:41.11 JST" Interest="1.0" Kind="prediction" Navigation="null" OriginId="org.eclipse.mylyn.resources.ui.interest.updater" StartDate="2014-09-13 10:17:41.11 JST" StructureHandle="=IFM11/src&amp;lt;ifm11.utils{Methods.java" StructureKind="java"/><InteractionEvent Delta="null" EndDate="2014-09-13 10:29:50.641 JST" Interest="5.0" Kind="selection" Navigation="null" OriginId="org.eclipse.jdt.ui.CompilationUnitEditor" StartDate="2014-09-13 10:17:46.916 JST" StructureHandle="=IFM11/src&amp;lt;ifm11.utils{Methods.java" StructureKind="java" NumEvents="5" CreationCount="5"/><InteractionEvent Delta="null" EndDate="2014-09-13 10:36:12.550 JST" Interest="115.416" Kind="propagation" Navigation="org.eclipse.mylyn.core.model.edges.containment" OriginId="org.eclipse.mylyn.core.model.interest.propagation" StartDate="2014-09-13 10:18:07.7 JST" StructureHandle="=IFM11/src&amp;lt;ifm11.utils{Methods.java" StructureKind="java" NumEvents="165" CreationCount="5"/><InteractionEvent Delta="null" EndDate="2014-09-13 10:16:10.331 JST" Interest="1.0" Kind="selection" Navigation="null" OriginId="org.eclipse.jdt.ui.PackageExplorer" StartDate="2014-09-13 10:16:10.331 JST" StructureHandle="/IFM11/res" StructureKind="resource"/><InteractionEvent Delta="null" EndDate="2014-09-13 10:27:16.814 JST" Interest="10.006" Kind="propagation" Navigation="org.eclipse.mylyn.core.model.edges.containment" OriginId="org.eclipse.mylyn.core.model.interest.propagation" StartDate="2014-09-13 10:20:16.900 JST" StructureHandle="/IFM11/res" StructureKind="resource" NumEvents="14" CreationCount="3"/><InteractionEvent Delta="null" EndDate="2014-09-13 10:18:27.637 JST" Interest="10.0" Kind="edit" Navigation="null" OriginId="org.eclipse.jdt.ui.CompilationUnitEditor" StartDate="2014-09-13 10:17:55.424 JST" StructureHandle="=IFM11/src&amp;lt;ifm11.utils{Methods.java[Methods~write_Log~QActivity;~QString;~QString;~I" StructureKind="java" NumEvents="10" CreationCount="9"/><InteractionEvent Delta="null" EndDate="2014-09-13 10:17:52.226 JST" Interest="1.0" Kind="selection" Navigation="null" OriginId="org.eclipse.jdt.ui.CompilationUnitEditor" StartDate="2014-09-13 10:17:52.226 JST" StructureHandle="=IFM11/src&amp;lt;ifm11.utils{Methods.java[Methods~write_Log~QActivity;~QString;~QString;~I" StructureKind="java"/><InteractionEvent Delta="null" EndDate="2014-09-13 11:52:05.806 JST" Interest="350.0" Kind="propagation" Navigation="null" OriginId="org.eclipse.jdt.ui.PackageExplorer" StartDate="2014-09-13 10:15:43.467 JST" StructureHandle="/IFM11" StructureKind="resource" NumEvents="350" CreationCount="1"/><InteractionEvent Delta="null" EndDate="2014-09-13 10:29:02.815 JST" Interest="15.0" Kind="edit" Navigation="null" OriginId="org.eclipse.jdt.ui.CompilationUnitEditor" StartDate="2014-09-13 10:24:40.913 JST" StructureHandle="=IFM11/src&amp;lt;ifm11.utils{Methods_dlg.java[Methods_dlg~dlg_Create_Dir~QActivity;" StructureKind="java" NumEvents="15" CreationCount="61"/><InteractionEvent Delta="null" EndDate="2014-09-13 10:28:00.413 JST" Interest="4.0" Kind="selection" Navigation="null" OriginId="org.eclipse.jdt.ui.CompilationUnitEditor" StartDate="2014-09-13 10:24:40.476 JST" StructureHandle="=IFM11/src&amp;lt;ifm11.utils{Methods_dlg.java[Methods_dlg~dlg_Create_Dir~QActivity;" StructureKind="java" NumEvents="4" CreationCount="61"/><InteractionEvent Delta="null" EndDate="2014-09-13 10:37:25.19 JST" Interest="2.0" Kind="prediction" Navigation="null" OriginId="org.eclipse.mylyn.resources.ui.interest.updater" StartDate="2014-09-13 10:25:43.881 JST" StructureHandle="/IFM11/bin/IFM11.apk" StructureKind="resource" NumEvents="2" CreationCount="95"/><InteractionEvent Delta="null" EndDate="2014-09-13 10:37:25.19 JST" Interest="2.0" Kind="prediction" Navigation="null" OriginId="org.eclipse.mylyn.resources.ui.interest.updater" StartDate="2014-09-13 10:25:43.881 JST" StructureHandle="/IFM11/bin/classes.dex" StructureKind="resource" NumEvents="2" CreationCount="95"/><InteractionEvent Delta="null" EndDate="2014-09-13 11:52:00.135 JST" Interest="5.117" Kind="propagation" Navigation="org.eclipse.mylyn.core.model.edges.containment" OriginId="org.eclipse.mylyn.core.model.interest.propagation" StartDate="2014-09-13 11:47:35.905 JST" StructureHandle="=TA2/src&amp;lt;ta2.utils{DBUtils.java[DBUtils" StructureKind="java" NumEvents="8" CreationCount="353"/><InteractionEvent Delta="null" EndDate="2014-09-13 11:47:23.640 JST" Interest="128.0" Kind="propagation" Navigation="null" OriginId="org.eclipse.jdt.ui.CompilationUnitEditor" StartDate="2014-09-13 10:23:31.218 JST" StructureHandle="/IFM11/src/ifm11/utils/Methods_dlg.java" StructureKind="resource" NumEvents="128" CreationCount="32"/><InteractionEvent Delta="null" EndDate="2014-09-13 11:52:00.134 JST" Interest="3.0" Kind="edit" Navigation="null" OriginId="org.eclipse.jdt.ui.CompilationUnitEditor" StartDate="2014-09-13 11:47:40.637 JST" StructureHandle="=TA2/src&amp;lt;ta2.utils{DBUtils.java[DBUtils~find_All_WP~QActivity;" StructureKind="java" NumEvents="3" CreationCount="354"/><InteractionEvent Delta="null" EndDate="2014-09-13 11:47:40.212 JST" Interest="3.0" Kind="selection" Navigation="null" OriginId="org.eclipse.jdt.ui.CompilationUnitEditor" StartDate="2014-09-13 11:47:40.8 JST" StructureHandle="=TA2/src&amp;lt;ta2.utils{DBUtils.java[DBUtils~find_All_WP~QActivity;" StructureKind="java" NumEvents="3" CreationCount="354"/><InteractionEvent Delta="null" EndDate="2014-09-13 11:46:44.181 JST" Interest="1.0" Kind="selection" Navigation="null" OriginId="org.eclipse.ui.views.ResourceNavigator" StartDate="2014-09-13 11:46:44.181 JST" StructureHandle="/IFM11/.classpath" StructureKind="resource"/><InteractionEvent Delta="null" EndDate="2014-09-13 11:52:04.411 JST" Interest="13.051" Kind="propagation" Navigation="org.eclipse.mylyn.core.model.edges.containment" OriginId="org.eclipse.mylyn.core.model.interest.propagation" StartDate="2014-09-13 11:47:26.664 JST" StructureHandle="/TA2/src" StructureKind="resource" NumEvents="16" CreationCount="347"/><InteractionEvent Delta="null" EndDate="2014-09-13 10:17:38.236 JST" Interest="1.0" Kind="propagation" Navigation="null" OriginId="org.eclipse.jdt.ui.PackageExplorer" StartDate="2014-09-13 10:17:38.236 JST" StructureHandle="/IFM11/src/ifm11/listeners/button" StructureKind="resource"/><InteractionEvent Delta="null" EndDate="2014-09-13 11:46:48.677 JST" Interest="1.0" Kind="selection" Navigation="null" OriginId="org.eclipse.ui.views.ResourceNavigator" StartDate="2014-09-13 11:46:48.677 JST" StructureHandle="=TA2" StructureKind="java"/><InteractionEvent Delta="null" EndDate="2014-09-13 11:52:04.411 JST" Interest="12.153" Kind="propagation" Navigation="org.eclipse.mylyn.core.model.edges.containment" OriginId="org.eclipse.mylyn.core.model.interest.propagation" StartDate="2014-09-13 11:47:26.664 JST" StructureHandle="=TA2" StructureKind="resource" NumEvents="16" CreationCount="341"/><InteractionEvent Delta="null" EndDate="2014-09-13 11:47:35.132 JST" Interest="1.0" Kind="selection" Navigation="null" OriginId="org.eclipse.ui.views.ContentOutline" StartDate="2014-09-13 11:47:35.132 JST" StructureHandle="=TA2/src&amp;lt;ta2.utils{DBUtils.java%ta2.utils" StructureKind="java"/><InteractionEvent Delta="null" EndDate="2014-09-13 11:47:40.152 JST" Interest="3.0" Kind="selection" Navigation="null" OriginId="org.eclipse.jdt.ui.CompilationUnitEditor" StartDate="2014-09-13 11:47:35.904 JST" StructureHandle="=TA2/src&amp;lt;ta2.utils{DBUtils.java[DBUtils~createTable~QActivity;~QString;~QString;~\[QString;~\[QString;" StructureKind="java" NumEvents="3" CreationCount="353"/><InteractionEvent Delta="null" EndDate="2014-09-13 11:52:04.412 JST" Interest="17.0" Kind="propagation" Navigation="null" OriginId="org.eclipse.ui.views.ResourceNavigator" StartDate="2014-09-13 11:46:48.678 JST" StructureHandle="/TA2" StructureKind="resource" NumEvents="17" CreationCount="341"/><InteractionEvent Delta="null" EndDate="2014-09-13 10:32:46.153 JST" Interest="0.05400002" Kind="manipulation" Navigation="null" OriginId="org.eclipse.mylyn.core.model.interest.decay.correction" StartDate="2014-09-13 10:32:46.153 JST" StructureHandle="=IFM11/src&amp;lt;ifm11.utils{Methods.java[Methods~update_List_TNActv_Main~QActivity;" StructureKind="java"/><InteractionEvent Delta="null" EndDate="2014-09-13 10:32:46.153 JST" Interest="2.0" Kind="selection" Navigation="null" OriginId="org.eclipse.jdt.ui.CompilationUnitEditor" StartDate="2014-09-13 10:30:31.409 JST" StructureHandle="=IFM11/src&amp;lt;ifm11.utils{Methods.java[Methods~update_List_TNActv_Main~QActivity;" StructureKind="java" NumEvents="2" CreationCount="179"/><InteractionEvent Delta="null" EndDate="2014-09-13 11:46:47.186 JST" Interest="2.0" Kind="selection" Navigation="null" OriginId="org.eclipse.ui.views.ResourceNavigator" StartDate="2014-09-13 11:46:44.543 JST" StructureHandle="=IFM11/src&amp;lt;ifm11" StructureKind="java" NumEvents="2" CreationCount="337"/><InteractionEvent Delta="null" EndDate="2014-09-13 11:47:27.383 JST" Interest="1.0" Kind="selection" Navigation="null" OriginId="org.eclipse.ui.views.ResourceNavigator" StartDate="2014-09-13 11:47:27.383 JST" StructureHandle="=TA2/src&amp;lt;ta2" StructureKind="java"/><InteractionEvent Delta="null" EndDate="2014-09-13 11:52:05.806 JST" Interest="326.034" Kind="propagation" Navigation="null" OriginId="org.eclipse.jdt.ui.PackageExplorer" StartDate="2014-09-13 10:16:08.131 JST" StructureHandle="/IFM11/src" StructureKind="resource" NumEvents="327" CreationCount="2"/><InteractionEvent Delta="null" EndDate="2014-09-13 10:37:18.187 JST" Interest="1.0" Kind="selection" Navigation="null" OriginId="org.eclipse.jdt.ui.PackageExplorer" StartDate="2014-09-13 10:37:18.187 JST" StructureHandle="=IFM11/src&amp;lt;ifm11.tasks" StructureKind="java"/><InteractionEvent Delta="null" EndDate="2014-09-13 11:47:23.641 JST" Interest="320.017" Kind="propagation" Navigation="org.eclipse.mylyn.core.model.edges.containment" OriginId="org.eclipse.mylyn.core.model.interest.propagation" StartDate="2014-09-13 10:17:38.237 JST" StructureHandle="/IFM11/src/ifm11" StructureKind="resource" NumEvents="322" CreationCount="4"/><InteractionEvent Delta="null" EndDate="2014-09-13 11:47:26.664 JST" Interest="1.0" Kind="selection" Navigation="null" OriginId="org.eclipse.ui.views.ResourceNavigator" StartDate="2014-09-13 11:47:26.664 JST" StructureHandle="=TA2/src" StructureKind="java"/><InteractionEvent Delta="null" EndDate="2014-09-13 11:52:04.412 JST" Interest="5.219" Kind="propagation" Navigation="org.eclipse.mylyn.core.model.edges.containment" OriginId="org.eclipse.mylyn.core.model.interest.propagation" StartDate="2014-09-13 11:47:27.383 JST" StructureHandle="=TA2/src" StructureKind="java" NumEvents="13" CreationCount="347"/><InteractionEvent Delta="null" EndDate="2014-09-13 10:36:12.550 JST" Interest="191.0" Kind="propagation" Navigation="null" OriginId="org.eclipse.jdt.ui.CompilationUnitEditor" StartDate="2014-09-13 10:17:41.12 JST" StructureHandle="/IFM11/src/ifm11/utils/Methods.java" StructureKind="resource" NumEvents="191" CreationCount="5"/><InteractionEvent Delta="null" EndDate="2014-09-13 11:52:05.805 JST" Interest="3.0" Kind="selection" Navigation="null" OriginId="org.eclipse.jdt.ui.PackageExplorer" StartDate="2014-09-13 10:16:08.130 JST" StructureHandle="=IFM11/src" StructureKind="java" NumEvents="3" CreationCount="2"/><InteractionEvent Delta="null" EndDate="2014-09-13 10:36:12.552 JST" Interest="119.467" Kind="propagation" Navigation="org.eclipse.mylyn.core.model.edges.containment" OriginId="org.eclipse.mylyn.core.model.interest.propagation" StartDate="2014-09-13 10:17:38.237 JST" StructureHandle="=IFM11/src" StructureKind="java" NumEvents="180" CreationCount="2"/></InteractionHistory>