<?xml version="1.0" encoding="UTF-8"?><InteractionHistory Id="local-15" Version="1"><InteractionEvent Delta="null" EndDate="2014-08-23 21:16:25.245 JST" Interest="10.119001" Kind="propagation" Navigation="org.eclipse.mylyn.core.model.edges.containment" OriginId="org.eclipse.mylyn.core.model.interest.propagation" StartDate="2014-08-23 21:07:41.540 JST" StructureHandle="" StructureKind="java" NumEvents="12" CreationCount="70"/><InteractionEvent Delta="null" EndDate="2014-08-23 21:07:44.102 JST" Interest="1.0" Kind="selection" Navigation="null" OriginId="org.eclipse.ui.views.ResourceNavigator" StartDate="2014-08-23 21:07:44.102 JST" StructureHandle="/app.twitter/res/layout/dlg_admin_patterns.xml" StructureKind="resource"/><InteractionEvent Delta="null" EndDate="2014-08-23 21:08:04.435 JST" Interest="3.8" Kind="propagation" Navigation="org.eclipse.mylyn.core.model.edges.containment" OriginId="org.eclipse.mylyn.core.model.interest.propagation" StartDate="2014-08-23 21:08:02.31 JST" StructureHandle="=app.twitter/src&amp;lt;app.twitter{TwtActv.java[TwtActv" StructureKind="java" NumEvents="5" CreationCount="80"/><InteractionEvent Delta="null" EndDate="2014-08-23 21:16:13.298 JST" Interest="11.241" Kind="propagation" Navigation="org.eclipse.mylyn.core.model.edges.containment" OriginId="org.eclipse.mylyn.core.model.interest.propagation" StartDate="2014-08-23 21:04:42.130 JST" StructureHandle="/TA2/src/ta2/utils" StructureKind="resource" NumEvents="12" CreationCount="25"/><InteractionEvent Delta="null" EndDate="2014-08-23 21:04:51.128 JST" Interest="14.734001" Kind="propagation" Navigation="org.eclipse.mylyn.core.model.edges.containment" OriginId="org.eclipse.mylyn.core.model.interest.propagation" StartDate="2014-08-23 21:04:04.112 JST" StructureHandle="=TA2/src&amp;lt;ta2.main{MemoActv.java" StructureKind="java" NumEvents="24" CreationCount="2"/><InteractionEvent Delta="null" EndDate="2014-08-23 21:05:35.801 JST" Interest="3.0" Kind="selection" Navigation="null" OriginId="org.eclipse.jdt.ui.CompilationUnitEditor" StartDate="2014-08-23 21:04:02.752 JST" StructureHandle="=TA2/src&amp;lt;ta2.main{MemoActv.java" StructureKind="java" NumEvents="3" CreationCount="2"/><InteractionEvent Delta="null" EndDate="2014-08-23 21:05:34.166 JST" Interest="14.733999" Kind="propagation" Navigation="org.eclipse.mylyn.core.model.edges.containment" OriginId="org.eclipse.mylyn.core.model.interest.propagation" StartDate="2014-08-23 21:04:55.348 JST" StructureHandle="=TA2/src&amp;lt;ta2.listeners.button{BO_TL.java" StructureKind="java" NumEvents="23" CreationCount="30"/><InteractionEvent Delta="null" EndDate="2014-08-23 21:04:54.693 JST" Interest="1.0" Kind="selection" Navigation="null" OriginId="org.eclipse.jdt.ui.CompilationUnitEditor" StartDate="2014-08-23 21:04:54.693 JST" StructureHandle="=TA2/src&amp;lt;ta2.listeners.button{BO_TL.java" StructureKind="java"/><InteractionEvent Delta="null" EndDate="2014-08-23 21:11:26.847 JST" Interest="48.476" Kind="propagation" Navigation="org.eclipse.mylyn.core.model.edges.containment" OriginId="org.eclipse.mylyn.core.model.interest.propagation" StartDate="2014-08-23 21:04:02.752 JST" StructureHandle="/TA2/src/ta2" StructureKind="resource" NumEvents="50" CreationCount="2"/><InteractionEvent Delta="null" EndDate="2014-08-23 21:05:35.855 JST" Interest="28.0" Kind="propagation" Navigation="null" OriginId="org.eclipse.jdt.ui.CompilationUnitEditor" StartDate="2014-08-23 21:04:02.752 JST" StructureHandle="/TA2/src/ta2/main/MemoActv.java" StructureKind="resource" NumEvents="28" CreationCount="2"/><InteractionEvent Delta="null" EndDate="2014-08-23 21:07:59.918 JST" Interest="1.0" Kind="selection" Navigation="null" OriginId="org.eclipse.ui.views.ContentOutline" StartDate="2014-08-23 21:07:59.918 JST" StructureHandle="=app.twitter/src&amp;lt;app.twitter{TwtActv.java%app.twitter" StructureKind="java"/><InteractionEvent Delta="null" EndDate="2014-08-23 21:04:42.794 JST" Interest="0.01700002" Kind="propagation" Navigation="org.eclipse.mylyn.core.model.edges.containment" OriginId="org.eclipse.mylyn.core.model.interest.propagation" StartDate="2014-08-23 21:04:42.794 JST" StructureHandle="=TA2/src&amp;lt;ta2.utils{Tags.java" StructureKind="java"/><InteractionEvent Delta="null" EndDate="2014-08-23 21:04:42.130 JST" Interest="1.0" Kind="selection" Navigation="null" OriginId="org.eclipse.jdt.ui.CompilationUnitEditor" StartDate="2014-08-23 21:04:42.130 JST" StructureHandle="=TA2/src&amp;lt;ta2.utils{Tags.java" StructureKind="java"/><InteractionEvent Delta="null" EndDate="2014-08-23 21:11:26.846 JST" Interest="10.0" Kind="edit" Navigation="null" OriginId="org.eclipse.jdt.ui.CompilationUnitEditor" StartDate="2014-08-23 21:06:01.553 JST" StructureHandle="=TA2/src&amp;lt;ta2.listeners.button{BO_CL.java[BO_CL~case_ACTV_MEMO_SAVE" StructureKind="java" NumEvents="10" CreationCount="66"/><InteractionEvent Delta="null" EndDate="2014-08-23 21:10:58.615 JST" Interest="4.0" Kind="selection" Navigation="null" OriginId="org.eclipse.jdt.ui.CompilationUnitEditor" StartDate="2014-08-23 21:06:00.681 JST" StructureHandle="=TA2/src&amp;lt;ta2.listeners.button{BO_CL.java[BO_CL~case_ACTV_MEMO_SAVE" StructureKind="java" NumEvents="4" CreationCount="66"/><InteractionEvent Delta="null" EndDate="2014-08-23 21:05:35.855 JST" Interest="17.7" Kind="propagation" Navigation="org.eclipse.mylyn.core.model.edges.containment" OriginId="org.eclipse.mylyn.core.model.interest.propagation" StartDate="2014-08-23 21:04:06.180 JST" StructureHandle="=TA2/src&amp;lt;ta2.main{MemoActv.java[MemoActv" StructureKind="java" NumEvents="24" CreationCount="4"/><InteractionEvent Delta="null" EndDate="2014-08-23 21:05:35.801 JST" Interest="17.734001" Kind="propagation" Navigation="org.eclipse.mylyn.core.model.edges.containment" OriginId="org.eclipse.mylyn.core.model.interest.propagation" StartDate="2014-08-23 21:04:02.753 JST" StructureHandle="=TA2/src&amp;lt;ta2.main" StructureKind="java" NumEvents="26" CreationCount="2"/><InteractionEvent Delta="null" EndDate="2014-08-23 21:11:26.847 JST" Interest="49.0" Kind="propagation" Navigation="org.eclipse.mylyn.core.model.edges.containment" OriginId="org.eclipse.mylyn.core.model.interest.propagation" StartDate="2014-08-23 21:04:54.693 JST" StructureHandle="/TA2/src/ta2/listeners" StructureKind="resource" NumEvents="49" CreationCount="30"/><InteractionEvent Delta="null" EndDate="2014-08-23 21:04:42.794 JST" Interest="1.0" Kind="propagation" Navigation="org.eclipse.mylyn.core.model.edges.containment" OriginId="org.eclipse.mylyn.core.model.interest.propagation" StartDate="2014-08-23 21:04:42.794 JST" StructureHandle="=TA2/src&amp;lt;ta2.utils{Tags.java[Tags" StructureKind="java"/><InteractionEvent Delta="null" EndDate="2014-08-23 21:04:42.794 JST" Interest="2.0" Kind="propagation" Navigation="null" OriginId="org.eclipse.jdt.ui.CompilationUnitEditor" StartDate="2014-08-23 21:04:42.130 JST" StructureHandle="/TA2/src/ta2/utils/Tags.java" StructureKind="resource" NumEvents="2" CreationCount="25"/><InteractionEvent Delta="null" EndDate="2014-08-23 21:08:09.239 JST" Interest="1.0" Kind="selection" Navigation="null" OriginId="org.eclipse.jdt.ui.CompilationUnitEditor" StartDate="2014-08-23 21:08:09.239 JST" StructureHandle="=app.twitter/src&amp;lt;app.twitter.utils{Methods_twt.java[Methods_twt~saveTempText~QActivity;" StructureKind="java"/><InteractionEvent Delta="null" EndDate="2014-08-23 21:11:41.142 JST" Interest="6.475" Kind="propagation" Navigation="org.eclipse.mylyn.core.model.edges.containment" OriginId="org.eclipse.mylyn.core.model.interest.propagation" StartDate="2014-08-23 21:04:42.130 JST" StructureHandle="=TA2/src&amp;lt;ta2.utils" StructureKind="java" NumEvents="9" CreationCount="25"/><InteractionEvent Delta="null" EndDate="2014-08-23 21:07:41.542 JST" Interest="2.0" Kind="selection" Navigation="null" OriginId="org.eclipse.ui.views.ResourceNavigator" StartDate="2014-08-23 21:07:41.540 JST" StructureHandle="=IFM11" StructureKind="java" NumEvents="2" CreationCount="70"/><InteractionEvent Delta="null" EndDate="2014-08-23 21:11:41.142 JST" Interest="3.2339997" Kind="propagation" Navigation="org.eclipse.mylyn.core.model.edges.containment" OriginId="org.eclipse.mylyn.core.model.interest.propagation" StartDate="2014-08-23 21:11:35.39 JST" StructureHandle="=TA2/src&amp;lt;ta2.utils{Methods.java" StructureKind="java" NumEvents="5" CreationCount="98"/><InteractionEvent Delta="null" EndDate="2014-08-23 21:11:31.868 JST" Interest="2.0" Kind="selection" Navigation="null" OriginId="org.eclipse.jdt.ui.CompilationUnitEditor" StartDate="2014-08-23 21:11:31.777 JST" StructureHandle="=TA2/src&amp;lt;ta2.utils{Methods.java" StructureKind="java" NumEvents="2" CreationCount="98"/><InteractionEvent Delta="null" EndDate="2014-08-23 21:16:24.520 JST" Interest="9.017" Kind="propagation" Navigation="org.eclipse.mylyn.core.model.edges.containment" OriginId="org.eclipse.mylyn.core.model.interest.propagation" StartDate="2014-08-23 21:07:51.510 JST" StructureHandle="/app.twitter/src/app/twitter" StructureKind="resource" NumEvents="10" CreationCount="76"/><InteractionEvent Delta="null" EndDate="2014-08-23 21:05:34.165 JST" Interest="15.716999" Kind="propagation" Navigation="org.eclipse.mylyn.core.model.edges.containment" OriginId="org.eclipse.mylyn.core.model.interest.propagation" StartDate="2014-08-23 21:04:55.347 JST" StructureHandle="=TA2/src&amp;lt;ta2.listeners.button{BO_TL.java[BO_TL" StructureKind="java" NumEvents="23" CreationCount="31"/><InteractionEvent Delta="null" EndDate="2014-08-23 21:16:25.245 JST" Interest="91.017" Kind="propagation" Navigation="null" OriginId="org.eclipse.ui.views.ResourceNavigator" StartDate="2014-08-23 21:03:53.239 JST" StructureHandle="/" StructureKind="resource" NumEvents="92" CreationCount="1"/><InteractionEvent Delta="null" EndDate="2014-08-23 21:04:55.347 JST" Interest="1.0" Kind="selection" Navigation="null" OriginId="org.eclipse.jdt.ui.CompilationUnitEditor" StartDate="2014-08-23 21:04:55.347 JST" StructureHandle="=TA2/src&amp;lt;ta2.listeners.button{BO_TL.java[BO_TL~BO_TL~QActivity;" StructureKind="java"/><InteractionEvent Delta="null" EndDate="2014-08-23 21:08:09.240 JST" Interest="1.017" Kind="propagation" Navigation="org.eclipse.mylyn.core.model.edges.containment" OriginId="org.eclipse.mylyn.core.model.interest.propagation" StartDate="2014-08-23 21:08:08.510 JST" StructureHandle="=app.twitter/src&amp;lt;app.twitter.utils" StructureKind="java" NumEvents="2" CreationCount="85"/><InteractionEvent Delta="null" EndDate="2014-08-23 21:16:25.245 JST" Interest="17.0" Kind="propagation" Navigation="null" OriginId="org.eclipse.ui.views.ResourceNavigator" StartDate="2014-08-23 21:07:43.468 JST" StructureHandle="/app.twitter" StructureKind="resource" NumEvents="17" CreationCount="72"/><InteractionEvent Delta="null" EndDate="2014-08-23 21:04:51.127 JST" Interest="21.0" Kind="edit" Navigation="null" OriginId="org.eclipse.jdt.ui.CompilationUnitEditor" StartDate="2014-08-23 21:04:06.709 JST" StructureHandle="=TA2/src&amp;lt;ta2.main{MemoActv.java[MemoActv~_Setup_Listeners" StructureKind="java" NumEvents="21" CreationCount="4"/><InteractionEvent Delta="null" EndDate="2014-08-23 21:05:35.854 JST" Interest="3.0" Kind="selection" Navigation="null" OriginId="org.eclipse.jdt.ui.CompilationUnitEditor" StartDate="2014-08-23 21:04:06.179 JST" StructureHandle="=TA2/src&amp;lt;ta2.main{MemoActv.java[MemoActv~_Setup_Listeners" StructureKind="java" NumEvents="3" CreationCount="4"/><InteractionEvent Delta="null" EndDate="2014-08-23 21:07:41.542 JST" Interest="2.0" Kind="propagation" Navigation="null" OriginId="org.eclipse.ui.views.ResourceNavigator" StartDate="2014-08-23 21:07:41.540 JST" StructureHandle="/IFM11" StructureKind="resource" NumEvents="2" CreationCount="70"/><InteractionEvent Delta="null" EndDate="2014-08-23 21:07:44.102 JST" Interest="1.0" Kind="propagation" Navigation="org.eclipse.mylyn.core.model.edges.containment" OriginId="org.eclipse.mylyn.core.model.interest.propagation" StartDate="2014-08-23 21:07:44.102 JST" StructureHandle="/app.twitter/res/layout" StructureKind="resource"/><InteractionEvent Delta="null" EndDate="2014-08-23 21:16:24.520 JST" Interest="4.885" Kind="propagation" Navigation="org.eclipse.mylyn.core.model.edges.containment" OriginId="org.eclipse.mylyn.core.model.interest.propagation" StartDate="2014-08-23 21:07:50.155 JST" StructureHandle="=app.twitter/src" StructureKind="java" NumEvents="9" CreationCount="75"/><InteractionEvent Delta="null" EndDate="2014-08-23 21:11:26.847 JST" Interest="9.17" Kind="propagation" Navigation="org.eclipse.mylyn.core.model.edges.containment" OriginId="org.eclipse.mylyn.core.model.interest.propagation" StartDate="2014-08-23 21:05:42.505 JST" StructureHandle="=TA2/src&amp;lt;ta2.listeners.button{BO_CL.java" StructureKind="java" NumEvents="17" CreationCount="56"/><InteractionEvent Delta="null" EndDate="2014-08-23 21:10:58.557 JST" Interest="2.0" Kind="selection" Navigation="null" OriginId="org.eclipse.jdt.ui.CompilationUnitEditor" StartDate="2014-08-23 21:05:41.798 JST" StructureHandle="=TA2/src&amp;lt;ta2.listeners.button{BO_CL.java" StructureKind="java" NumEvents="2" CreationCount="56"/><InteractionEvent Delta="null" EndDate="2014-08-23 21:05:34.167 JST" Interest="15.733999" Kind="propagation" Navigation="org.eclipse.mylyn.core.model.edges.containment" OriginId="org.eclipse.mylyn.core.model.interest.propagation" StartDate="2014-08-23 21:04:54.693 JST" StructureHandle="=TA2/src&amp;lt;ta2.listeners.button" StructureKind="java" NumEvents="24" CreationCount="30"/><InteractionEvent Delta="null" EndDate="2014-08-23 21:05:35.855 JST" Interest="28.0" Kind="propagation" Navigation="org.eclipse.mylyn.core.model.edges.containment" OriginId="org.eclipse.mylyn.core.model.interest.propagation" StartDate="2014-08-23 21:04:02.752 JST" StructureHandle="/TA2/src/ta2/main" StructureKind="resource" NumEvents="28" CreationCount="2"/><InteractionEvent Delta="null" EndDate="2014-08-23 21:08:04.436 JST" Interest="1.8509998" Kind="propagation" Navigation="org.eclipse.mylyn.core.model.edges.containment" OriginId="org.eclipse.mylyn.core.model.interest.propagation" StartDate="2014-08-23 21:08:02.567 JST" StructureHandle="=app.twitter/src&amp;lt;app.twitter{TwtActv.java" StructureKind="java" NumEvents="3" CreationCount="77"/><InteractionEvent Delta="null" EndDate="2014-08-23 21:16:24.519 JST" Interest="3.0" Kind="selection" Navigation="null" OriginId="org.eclipse.ui.views.ResourceNavigator" StartDate="2014-08-23 21:07:57.358 JST" StructureHandle="=app.twitter/src&amp;lt;app.twitter{TwtActv.java" StructureKind="java" NumEvents="3" CreationCount="77"/><InteractionEvent Delta="null" EndDate="2014-08-23 21:16:13.298 JST" Interest="10.0" Kind="propagation" Navigation="null" OriginId="org.eclipse.jdt.ui.CompilationUnitEditor" StartDate="2014-08-23 21:11:31.777 JST" StructureHandle="/TA2/src/ta2/utils/Methods.java" StructureKind="resource" NumEvents="10" CreationCount="98"/><InteractionEvent Delta="null" EndDate="2014-08-23 21:11:41.142 JST" Interest="6.0" Kind="edit" Navigation="null" OriginId="org.eclipse.jdt.ui.CompilationUnitEditor" StartDate="2014-08-23 21:11:33.884 JST" StructureHandle="=TA2/src&amp;lt;ta2.utils{Methods.java[Methods~save_Memo~QActivity;" StructureKind="java" NumEvents="6" CreationCount="100"/><InteractionEvent Delta="null" EndDate="2014-08-23 21:11:32.670 JST" Interest="1.0" Kind="selection" Navigation="null" OriginId="org.eclipse.jdt.ui.CompilationUnitEditor" StartDate="2014-08-23 21:11:32.670 JST" StructureHandle="=TA2/src&amp;lt;ta2.utils{Methods.java[Methods~save_Memo~QActivity;" StructureKind="java"/><InteractionEvent Delta="null" EndDate="2014-08-23 21:05:34.166 JST" Interest="24.0" Kind="propagation" Navigation="null" OriginId="org.eclipse.jdt.ui.CompilationUnitEditor" StartDate="2014-08-23 21:04:54.693 JST" StructureHandle="/TA2/src/ta2/listeners/button/BO_TL.java" StructureKind="resource" NumEvents="24" CreationCount="30"/><InteractionEvent Delta="null" EndDate="2014-08-23 21:16:13.298 JST" Interest="89.017" Kind="propagation" Navigation="null" OriginId="org.eclipse.jdt.ui.CompilationUnitEditor" StartDate="2014-08-23 21:03:53.239 JST" StructureHandle="/TA2/src" StructureKind="resource" NumEvents="90" CreationCount="1"/><InteractionEvent Delta="null" EndDate="2014-08-23 21:16:13.298 JST" Interest="89.017" Kind="propagation" Navigation="org.eclipse.mylyn.core.model.edges.containment" OriginId="org.eclipse.mylyn.core.model.interest.propagation" StartDate="2014-08-23 21:03:53.239 JST" StructureHandle="=TA2" StructureKind="resource" NumEvents="90" CreationCount="1"/><InteractionEvent Delta="null" EndDate="2014-08-23 21:16:13.297 JST" Interest="1.0" Kind="selection" Navigation="null" OriginId="org.eclipse.jdt.ui.CompilationUnitEditor" StartDate="2014-08-23 21:16:13.297 JST" StructureHandle="=TA2/src&amp;lt;ta2.utils{Methods.java[Methods~drop_Table~QActivity;~QString;~QDialog;~QDialog;~QDialog;" StructureKind="java"/><InteractionEvent Delta="null" EndDate="2014-08-23 21:16:24.520 JST" Interest="9.034" Kind="propagation" Navigation="org.eclipse.mylyn.core.model.edges.containment" OriginId="org.eclipse.mylyn.core.model.interest.propagation" StartDate="2014-08-23 21:07:50.155 JST" StructureHandle="/app.twitter/src/app" StructureKind="resource" NumEvents="11" CreationCount="75"/><InteractionEvent Delta="null" EndDate="2014-08-23 21:16:24.520 JST" Interest="9.085001" Kind="propagation" Navigation="org.eclipse.mylyn.core.model.edges.containment" OriginId="org.eclipse.mylyn.core.model.interest.propagation" StartDate="2014-08-23 21:07:44.102 JST" StructureHandle="=app.twitter" StructureKind="resource" NumEvents="15" CreationCount="72"/><InteractionEvent Delta="null" EndDate="2014-08-23 21:07:43.468 JST" Interest="1.0" Kind="selection" Navigation="null" OriginId="org.eclipse.ui.views.ResourceNavigator" StartDate="2014-08-23 21:07:43.468 JST" StructureHandle="=app.twitter" StructureKind="java"/><InteractionEvent Delta="null" EndDate="2014-08-23 21:11:26.847 JST" Interest="11.153" Kind="propagation" Navigation="org.eclipse.mylyn.core.model.edges.containment" OriginId="org.eclipse.mylyn.core.model.interest.propagation" StartDate="2014-08-23 21:05:42.504 JST" StructureHandle="=TA2/src&amp;lt;ta2.listeners.button{BO_CL.java[BO_CL" StructureKind="java" NumEvents="17" CreationCount="57"/><InteractionEvent Delta="null" EndDate="2014-08-23 21:05:34.165 JST" Interest="21.0" Kind="edit" Navigation="null" OriginId="org.eclipse.jdt.ui.CompilationUnitEditor" StartDate="2014-08-23 21:04:58.902 JST" StructureHandle="=TA2/src&amp;lt;ta2.listeners.button{BO_TL.java[BO_TL~onTouch~QView;~QMotionEvent;" StructureKind="java" NumEvents="21" CreationCount="32"/><InteractionEvent Delta="null" EndDate="2014-08-23 21:04:56.600 JST" Interest="1.0" Kind="selection" Navigation="null" OriginId="org.eclipse.jdt.ui.CompilationUnitEditor" StartDate="2014-08-23 21:04:56.600 JST" StructureHandle="=TA2/src&amp;lt;ta2.listeners.button{BO_TL.java[BO_TL~onTouch~QView;~QMotionEvent;" StructureKind="java"/><InteractionEvent Delta="null" EndDate="2014-08-23 21:08:04.435 JST" Interest="4.0" Kind="edit" Navigation="null" OriginId="org.eclipse.jdt.ui.CompilationUnitEditor" StartDate="2014-08-23 21:08:02.547 JST" StructureHandle="=app.twitter/src&amp;lt;app.twitter{TwtActv.java[TwtActv~onBackPressed" StructureKind="java" NumEvents="4" CreationCount="80"/><InteractionEvent Delta="null" EndDate="2014-08-23 21:08:02.31 JST" Interest="1.0" Kind="selection" Navigation="null" OriginId="org.eclipse.ui.views.ContentOutline" StartDate="2014-08-23 21:08:02.31 JST" StructureHandle="=app.twitter/src&amp;lt;app.twitter{TwtActv.java[TwtActv~onBackPressed" StructureKind="java"/><InteractionEvent Delta="null" EndDate="2014-08-23 21:04:42.794 JST" Interest="1.0" Kind="propagation" Navigation="org.eclipse.mylyn.core.model.edges.containment" OriginId="org.eclipse.mylyn.core.model.interest.propagation" StartDate="2014-08-23 21:04:42.794 JST" StructureHandle="=TA2/src&amp;lt;ta2.utils{Tags.java[Tags[ButtonTags" StructureKind="java"/><InteractionEvent Delta="null" EndDate="2014-08-23 21:08:09.240 JST" Interest="1.0" Kind="propagation" Navigation="org.eclipse.mylyn.core.model.edges.containment" OriginId="org.eclipse.mylyn.core.model.interest.propagation" StartDate="2014-08-23 21:08:09.240 JST" StructureHandle="=app.twitter/src&amp;lt;app.twitter.utils{Methods_twt.java[Methods_twt" StructureKind="java"/><InteractionEvent Delta="null" EndDate="2014-08-23 21:08:09.240 JST" Interest="0.01700002" Kind="propagation" Navigation="org.eclipse.mylyn.core.model.edges.containment" OriginId="org.eclipse.mylyn.core.model.interest.propagation" StartDate="2014-08-23 21:08:09.240 JST" StructureHandle="=app.twitter/src&amp;lt;app.twitter.utils{Methods_twt.java" StructureKind="java"/><InteractionEvent Delta="null" EndDate="2014-08-23 21:08:08.509 JST" Interest="1.0" Kind="selection" Navigation="null" OriginId="org.eclipse.jdt.ui.CompilationUnitEditor" StartDate="2014-08-23 21:08:08.509 JST" StructureHandle="=app.twitter/src&amp;lt;app.twitter.utils{Methods_twt.java" StructureKind="java"/><InteractionEvent Delta="null" EndDate="2014-08-23 21:16:24.520 JST" Interest="3.868" Kind="propagation" Navigation="org.eclipse.mylyn.core.model.edges.containment" OriginId="org.eclipse.mylyn.core.model.interest.propagation" StartDate="2014-08-23 21:07:57.359 JST" StructureHandle="=app.twitter/src&amp;lt;app.twitter" StructureKind="java" NumEvents="7" CreationCount="76"/><InteractionEvent Delta="null" EndDate="2014-08-23 21:07:51.510 JST" Interest="1.0" Kind="selection" Navigation="null" OriginId="org.eclipse.ui.views.ResourceNavigator" StartDate="2014-08-23 21:07:51.510 JST" StructureHandle="=app.twitter/src&amp;lt;app.twitter" StructureKind="java"/><InteractionEvent Delta="null" EndDate="2014-08-23 21:08:09.240 JST" Interest="2.0" Kind="propagation" Navigation="org.eclipse.mylyn.core.model.edges.containment" OriginId="org.eclipse.mylyn.core.model.interest.propagation" StartDate="2014-08-23 21:08:08.510 JST" StructureHandle="/app.twitter/src/app/twitter/utils" StructureKind="resource" NumEvents="2" CreationCount="85"/><InteractionEvent Delta="null" EndDate="2014-08-23 21:16:24.520 JST" Interest="9.0" Kind="propagation" Navigation="null" OriginId="org.eclipse.ui.views.ResourceNavigator" StartDate="2014-08-23 21:07:57.358 JST" StructureHandle="/app.twitter/src/app/twitter/TwtActv.java" StructureKind="resource" NumEvents="9" CreationCount="77"/><InteractionEvent Delta="null" EndDate="2014-08-23 21:16:25.245 JST" Interest="1.612" Kind="propagation" Navigation="org.eclipse.mylyn.core.model.edges.containment" OriginId="org.eclipse.mylyn.core.model.interest.propagation" StartDate="2014-08-23 21:07:44.102 JST" StructureHandle="/app.twitter/res" StructureKind="resource" NumEvents="2" CreationCount="73"/><InteractionEvent Delta="null" EndDate="2014-08-23 21:04:04.111 JST" Interest="1.0" Kind="selection" Navigation="null" OriginId="org.eclipse.ui.views.ContentOutline" StartDate="2014-08-23 21:04:04.111 JST" StructureHandle="=TA2/src&amp;lt;ta2.main{MemoActv.java%ta2.main" StructureKind="java"/><InteractionEvent Delta="null" EndDate="2014-08-23 21:05:59.345 JST" Interest="6.0" Kind="edit" Navigation="null" OriginId="org.eclipse.jdt.ui.CompilationUnitEditor" StartDate="2014-08-23 21:05:46.251 JST" StructureHandle="=TA2/src&amp;lt;ta2.listeners.button{BO_CL.java[BO_CL~onClick~QView;" StructureKind="java" NumEvents="6" CreationCount="59"/><InteractionEvent Delta="null" EndDate="2014-08-23 21:05:44.410 JST" Interest="1.0" Kind="selection" Navigation="null" OriginId="org.eclipse.jdt.ui.CompilationUnitEditor" StartDate="2014-08-23 21:05:44.410 JST" StructureHandle="=TA2/src&amp;lt;ta2.listeners.button{BO_CL.java[BO_CL~onClick~QView;" StructureKind="java"/><InteractionEvent Delta="null" EndDate="2014-08-23 21:07:45.342 JST" Interest="1.0" Kind="selection" Navigation="null" OriginId="org.eclipse.ui.views.ResourceNavigator" StartDate="2014-08-23 21:07:45.342 JST" StructureHandle="/app.twitter/assets" StructureKind="resource"/><InteractionEvent Delta="null" EndDate="2014-08-23 21:11:26.847 JST" Interest="49.0" Kind="propagation" Navigation="null" OriginId="org.eclipse.jdt.ui.CompilationUnitEditor" StartDate="2014-08-23 21:04:54.693 JST" StructureHandle="/TA2/src/ta2/listeners/button" StructureKind="resource" NumEvents="49" CreationCount="30"/><InteractionEvent Delta="null" EndDate="2014-08-23 21:05:43.445 JST" Interest="1.0" Kind="edit" Navigation="null" OriginId="org.eclipse.jdt.ui.CompilationUnitEditor" StartDate="2014-08-23 21:05:43.445 JST" StructureHandle="=TA2/src&amp;lt;ta2.listeners.button{BO_CL.java[BO_CL~BO_CL~QActivity;" StructureKind="java"/><InteractionEvent Delta="null" EndDate="2014-08-23 21:05:42.504 JST" Interest="1.0" Kind="selection" Navigation="null" OriginId="org.eclipse.jdt.ui.CompilationUnitEditor" StartDate="2014-08-23 21:05:42.504 JST" StructureHandle="=TA2/src&amp;lt;ta2.listeners.button{BO_CL.java[BO_CL~BO_CL~QActivity;" StructureKind="java"/><InteractionEvent Delta="null" EndDate="2014-08-23 21:04:42.794 JST" Interest="1.0" Kind="selection" Navigation="null" OriginId="org.eclipse.jdt.ui.CompilationUnitEditor" StartDate="2014-08-23 21:04:42.794 JST" StructureHandle="=TA2/src&amp;lt;ta2.utils{Tags.java[Tags[ButtonTags^ACTV_MEMO_SAVE" StructureKind="java"/><InteractionEvent Delta="null" EndDate="2014-08-23 21:07:50.155 JST" Interest="1.0" Kind="selection" Navigation="null" OriginId="org.eclipse.ui.views.ResourceNavigator" StartDate="2014-08-23 21:07:50.155 JST" StructureHandle="=app.twitter/src&amp;lt;app" StructureKind="java"/><InteractionEvent Delta="null" EndDate="2014-08-23 21:16:24.520 JST" Interest="11.034" Kind="propagation" Navigation="null" OriginId="org.eclipse.ui.views.ResourceNavigator" StartDate="2014-08-23 21:07:50.155 JST" StructureHandle="/app.twitter/src" StructureKind="resource" NumEvents="13" CreationCount="75"/><InteractionEvent Delta="null" EndDate="2014-08-23 21:08:09.240 JST" Interest="2.0" Kind="propagation" Navigation="null" OriginId="org.eclipse.jdt.ui.CompilationUnitEditor" StartDate="2014-08-23 21:08:08.510 JST" StructureHandle="/app.twitter/src/app/twitter/utils/Methods_twt.java" StructureKind="resource" NumEvents="2" CreationCount="85"/><InteractionEvent Delta="null" EndDate="2014-08-23 21:11:26.847 JST" Interest="25.0" Kind="propagation" Navigation="null" OriginId="org.eclipse.jdt.ui.CompilationUnitEditor" StartDate="2014-08-23 21:05:41.798 JST" StructureHandle="/TA2/src/ta2/listeners/button/BO_CL.java" StructureKind="resource" NumEvents="25" CreationCount="56"/><InteractionEvent Delta="null" EndDate="2014-08-23 21:05:35.802 JST" Interest="16.751" Kind="propagation" Navigation="org.eclipse.mylyn.core.model.edges.containment" OriginId="org.eclipse.mylyn.core.model.interest.propagation" StartDate="2014-08-23 21:04:02.753 JST" StructureHandle="=TA2/src" StructureKind="java" NumEvents="26" CreationCount="1"/><InteractionEvent Delta="null" EndDate="2014-08-23 21:03:53.239 JST" Interest="1.0" Kind="selection" Navigation="null" OriginId="org.eclipse.jdt.ui.PackageExplorer" StartDate="2014-08-23 21:03:53.239 JST" StructureHandle="=TA2/src" StructureKind="java"/><InteractionEvent Delta="null" EndDate="2014-08-23 21:11:41.142 JST" Interest="5.2" Kind="propagation" Navigation="org.eclipse.mylyn.core.model.edges.containment" OriginId="org.eclipse.mylyn.core.model.interest.propagation" StartDate="2014-08-23 21:11:32.671 JST" StructureHandle="=TA2/src&amp;lt;ta2.utils{Methods.java[Methods" StructureKind="java" NumEvents="7" CreationCount="100"/><InteractionEvent Delta="null" EndDate="2014-08-23 21:16:25.245 JST" Interest="1.0" Kind="selection" Navigation="null" OriginId="org.eclipse.ui.views.ResourceNavigator" StartDate="2014-08-23 21:16:25.245 JST" StructureHandle="/app.twitter/res/values-sw600dp" StructureKind="resource"/></InteractionHistory>