<?xml version="1.0" encoding="UTF-8"?><InteractionHistory Id="local-73" Version="1"><InteractionEvent Delta="null" EndDate="2014-09-16 09:29:27.782 JST" Interest="1564.068" Kind="propagation" Navigation="org.eclipse.mylyn.core.model.edges.containment" OriginId="org.eclipse.mylyn.core.model.interest.propagation" StartDate="2014-09-16 07:53:51.289 JST" StructureHandle="" StructureKind="java" NumEvents="1569" CreationCount="1"/><InteractionEvent Delta="null" EndDate="2014-09-16 07:53:51.288 JST" Interest="1.0" Kind="selection" Navigation="null" OriginId="org.eclipse.jdt.ui.PackageExplorer" StartDate="2014-09-16 07:53:51.288 JST" StructureHandle="=SL3" StructureKind="java"/><InteractionEvent Delta="null" EndDate="2014-09-16 09:29:27.781 JST" Interest="1563.068" Kind="propagation" Navigation="org.eclipse.mylyn.core.model.edges.containment" OriginId="org.eclipse.mylyn.core.model.interest.propagation" StartDate="2014-09-16 07:53:55.120 JST" StructureHandle="=SL3" StructureKind="resource" NumEvents="1568" CreationCount="1"/><InteractionEvent Delta="null" EndDate="2014-09-16 07:53:55.120 JST" Interest="1.0" Kind="selection" Navigation="null" OriginId="org.eclipse.jdt.ui.PackageExplorer" StartDate="2014-09-16 07:53:55.120 JST" StructureHandle="=SL3/src" StructureKind="java"/><InteractionEvent Delta="null" EndDate="2014-09-16 09:21:59.416 JST" Interest="380.47903" Kind="propagation" Navigation="org.eclipse.mylyn.core.model.edges.containment" OriginId="org.eclipse.mylyn.core.model.interest.propagation" StartDate="2014-09-16 07:53:57.644 JST" StructureHandle="=SL3/src" StructureKind="java" NumEvents="559" CreationCount="2"/><InteractionEvent Delta="null" EndDate="2014-09-16 08:51:41.251 JST" Interest="2.0" Kind="selection" Navigation="null" OriginId="org.eclipse.jdt.ui.CompilationUnitEditor" StartDate="2014-09-16 08:49:39.473 JST" StructureHandle="=SL3/src&amp;lt;sl.listeners{ItemSelectedListener.java[ItemSelectedListener~ItemSelectedListener~QActivity;" StructureKind="java" NumEvents="2" CreationCount="502"/><InteractionEvent Delta="null" EndDate="2014-09-16 09:22:06.944 JST" Interest="16.0" Kind="selection" Navigation="null" OriginId="org.eclipse.jdt.ui.CompilationUnitEditor" StartDate="2014-09-16 07:56:14.585 JST" StructureHandle="=SL3/src&amp;lt;sl.adapters{ItemListAdapter2.java" StructureKind="java" NumEvents="16" CreationCount="38"/><InteractionEvent Delta="null" EndDate="2014-09-16 08:31:59.599 JST" Interest="32.189" Kind="propagation" Navigation="org.eclipse.mylyn.core.model.edges.containment" OriginId="org.eclipse.mylyn.core.model.interest.propagation" StartDate="2014-09-16 07:56:15.458 JST" StructureHandle="=SL3/src&amp;lt;sl.adapters{ItemListAdapter2.java" StructureKind="java" NumEvents="50" CreationCount="38"/><InteractionEvent Delta="null" EndDate="2014-09-16 09:21:59.415 JST" Interest="4.0" Kind="selection" Navigation="null" OriginId="org.eclipse.search.ui.views.SearchView" StartDate="2014-09-16 08:36:01.674 JST" StructureHandle="=SL3/src&amp;lt;sl.utils" StructureKind="java" NumEvents="4" CreationCount="56"/><InteractionEvent Delta="null" EndDate="2014-09-16 09:21:30.767 JST" Interest="376.56104" Kind="propagation" Navigation="org.eclipse.mylyn.core.model.edges.containment" OriginId="org.eclipse.mylyn.core.model.interest.propagation" StartDate="2014-09-16 07:57:58.236 JST" StructureHandle="=SL3/src&amp;lt;sl.utils" StructureKind="java" NumEvents="548" CreationCount="56"/><InteractionEvent Delta="null" EndDate="2014-09-16 07:53:57.642 JST" Interest="1.0" Kind="selection" Navigation="null" OriginId="org.eclipse.jdt.ui.PackageExplorer" StartDate="2014-09-16 07:53:57.642 JST" StructureHandle="=SL3/src&amp;lt;sl.adapters" StructureKind="java"/><InteractionEvent Delta="null" EndDate="2014-09-16 09:22:06.945 JST" Interest="47.783997" Kind="propagation" Navigation="org.eclipse.mylyn.core.model.edges.containment" OriginId="org.eclipse.mylyn.core.model.interest.propagation" StartDate="2014-09-16 07:56:14.586 JST" StructureHandle="=SL3/src&amp;lt;sl.adapters" StructureKind="java" NumEvents="75" CreationCount="3"/><InteractionEvent Delta="null" EndDate="2014-09-16 09:29:27.781 JST" Interest="982.0" Kind="propagation" Navigation="null" OriginId="org.eclipse.jdt.ui.CompilationUnitEditor" StartDate="2014-09-16 07:57:58.236 JST" StructureHandle="/SL3/src/sl/utils" StructureKind="resource" NumEvents="982" CreationCount="56"/><InteractionEvent Delta="null" EndDate="2014-09-16 09:20:02.562 JST" Interest="36.0" Kind="propagation" Navigation="null" OriginId="org.eclipse.jdt.ui.CompilationUnitEditor" StartDate="2014-09-16 08:45:04.452 JST" StructureHandle="/SL3/src/sl/listeners/ItemSelectedListener.java" StructureKind="resource" NumEvents="36" CreationCount="496"/><InteractionEvent Delta="null" EndDate="2014-09-16 08:10:27.708 JST" Interest="1.0" Kind="edit" Navigation="null" OriginId="org.eclipse.jdt.ui.CompilationUnitEditor" StartDate="2014-09-16 08:10:27.708 JST" StructureHandle="=SL3/src&amp;lt;sl.adapters{ItemListAdapter2.java[ItemListAdapter2~getView__2_setupBackground~QView;~QSI;~I" StructureKind="java"/><InteractionEvent Delta="null" EndDate="2014-09-16 08:10:26.634 JST" Interest="1.0" Kind="selection" Navigation="null" OriginId="org.eclipse.jdt.ui.CompilationUnitEditor" StartDate="2014-09-16 08:10:26.634 JST" StructureHandle="=SL3/src&amp;lt;sl.adapters{ItemListAdapter2.java[ItemListAdapter2~getView__2_setupBackground~QView;~QSI;~I" StructureKind="java"/><InteractionEvent Delta="null" EndDate="2014-09-16 08:41:45.696 JST" Interest="5.0" Kind="edit" Navigation="null" OriginId="org.eclipse.jdt.ui.CompilationUnitEditor" StartDate="2014-09-16 08:41:17.671 JST" StructureHandle="=SL3/src&amp;lt;sl.main{TabActv.java[TabActv~createTabContent~QString;" StructureKind="java" NumEvents="5" CreationCount="447"/><InteractionEvent Delta="null" EndDate="2014-09-16 08:41:06.646 JST" Interest="1.0" Kind="selection" Navigation="null" OriginId="org.eclipse.ui.views.ContentOutline" StartDate="2014-09-16 08:41:06.646 JST" StructureHandle="=SL3/src&amp;lt;sl.main{TabActv.java[TabActv~createTabContent~QString;" StructureKind="java"/><InteractionEvent Delta="null" EndDate="2014-09-16 08:09:13.698 JST" Interest="1.0" Kind="edit" Navigation="null" OriginId="org.eclipse.jdt.ui.CompilationUnitEditor" StartDate="2014-09-16 08:09:13.698 JST" StructureHandle="=SL3/src&amp;lt;sl.main{TabActv.java[TabActv" StructureKind="java"/><InteractionEvent Delta="null" EndDate="2014-09-16 08:51:19.190 JST" Interest="8.0" Kind="selection" Navigation="null" OriginId="org.eclipse.jdt.ui.CompilationUnitEditor" StartDate="2014-09-16 07:55:37.527 JST" StructureHandle="=SL3/src&amp;lt;sl.main{TabActv.java[TabActv" StructureKind="java" NumEvents="8" CreationCount="6"/><InteractionEvent Delta="null" EndDate="2014-09-16 09:22:06.277 JST" Interest="131.25299" Kind="propagation" Navigation="org.eclipse.mylyn.core.model.edges.containment" OriginId="org.eclipse.mylyn.core.model.interest.propagation" StartDate="2014-09-16 07:54:14.65 JST" StructureHandle="=SL3/src&amp;lt;sl.main{TabActv.java[TabActv" StructureKind="java" NumEvents="186" CreationCount="6"/><InteractionEvent Delta="null" EndDate="2014-09-16 08:03:42.901 JST" Interest="1.0" Kind="selection" Navigation="null" OriginId="org.eclipse.jdt.ui.CompilationUnitEditor" StartDate="2014-09-16 08:03:42.901 JST" StructureHandle="=SL3/src&amp;lt;sl.utils{CONS.java[CONS[DB^columns" StructureKind="java"/><InteractionEvent Delta="null" EndDate="2014-09-16 09:11:27.538 JST" Interest="512.0" Kind="edit" Navigation="null" OriginId="org.eclipse.jdt.ui.CompilationUnitEditor" StartDate="2014-09-16 09:00:46.870 JST" StructureHandle="=SL3/src&amp;lt;sl.utils{Methods.java[Methods~filterList2__buildQuery_Cursor~QActivity;~QSQLiteDatabase;~QString;~QString;" StructureKind="java" NumEvents="512" CreationCount="589"/><InteractionEvent Delta="null" EndDate="2014-09-16 09:05:56.370 JST" Interest="6.0" Kind="selection" Navigation="null" OriginId="org.eclipse.jdt.ui.CompilationUnitEditor" StartDate="2014-09-16 09:00:46.864 JST" StructureHandle="=SL3/src&amp;lt;sl.utils{Methods.java[Methods~filterList2__buildQuery_Cursor~QActivity;~QSQLiteDatabase;~QString;~QString;" StructureKind="java" NumEvents="6" CreationCount="589"/><InteractionEvent Delta="null" EndDate="2014-09-16 08:04:42.567 JST" Interest="1.0" Kind="selection" Navigation="null" OriginId="org.eclipse.jdt.ui.CompilationUnitEditor" StartDate="2014-09-16 08:04:42.567 JST" StructureHandle="=SL3/src&amp;lt;sl.utils{DBUtils.java[DBUtils^context" StructureKind="java"/><InteractionEvent Delta="null" EndDate="2014-09-16 09:22:07.536 JST" Interest="14.0" Kind="selection" Navigation="null" OriginId="org.eclipse.jdt.ui.CompilationUnitEditor" StartDate="2014-09-16 08:32:00.576 JST" StructureHandle="=SL3/src&amp;lt;sl.utils{Methods.java" StructureKind="java" NumEvents="14" CreationCount="366"/><InteractionEvent Delta="null" EndDate="2014-09-16 09:15:27.129 JST" Interest="360.29102" Kind="propagation" Navigation="org.eclipse.mylyn.core.model.edges.containment" OriginId="org.eclipse.mylyn.core.model.interest.propagation" StartDate="2014-09-16 08:32:03.912 JST" StructureHandle="=SL3/src&amp;lt;sl.utils{Methods.java" StructureKind="java" NumEvents="516" CreationCount="366"/><InteractionEvent Delta="null" EndDate="2014-09-16 09:19:01.211 JST" Interest="78.0" Kind="edit" Navigation="null" OriginId="org.eclipse.jdt.ui.CompilationUnitEditor" StartDate="2014-09-16 08:50:12.977 JST" StructureHandle="=SL3/src&amp;lt;sl.main{TabActv.java[TabActv~_Setup_Listeners" StructureKind="java" NumEvents="78" CreationCount="507"/><InteractionEvent Delta="null" EndDate="2014-09-16 09:22:01.211 JST" Interest="8.0" Kind="selection" Navigation="null" OriginId="org.eclipse.jdt.ui.CompilationUnitEditor" StartDate="2014-09-16 08:50:12.961 JST" StructureHandle="=SL3/src&amp;lt;sl.main{TabActv.java[TabActv~_Setup_Listeners" StructureKind="java" NumEvents="8" CreationCount="507"/><InteractionEvent Delta="null" EndDate="2014-09-16 09:16:58.932 JST" Interest="5.5580015" Kind="manipulation" Navigation="null" OriginId="org.eclipse.mylyn.core.model.interest.decay.correction" StartDate="2014-09-16 09:16:58.932 JST" StructureHandle="=SL3/src&amp;lt;sl.main{TabActv.java[TabActv~_Setup_Listeners" StructureKind="java"/><InteractionEvent Delta="null" EndDate="2014-09-16 09:00:39.708 JST" Interest="19.0" Kind="edit" Navigation="null" OriginId="org.eclipse.jdt.ui.CompilationUnitEditor" StartDate="2014-09-16 08:32:11.191 JST" StructureHandle="=SL3/src&amp;lt;sl.utils{Methods.java[Methods~filterList2__buildQuery~QActivity;~QString;~QString;" StructureKind="java" NumEvents="19" CreationCount="367"/><InteractionEvent Delta="null" EndDate="2014-09-16 08:55:14.429 JST" Interest="6.0" Kind="selection" Navigation="null" OriginId="org.eclipse.jdt.ui.CompilationUnitEditor" StartDate="2014-09-16 08:32:03.911 JST" StructureHandle="=SL3/src&amp;lt;sl.utils{Methods.java[Methods~filterList2__buildQuery~QActivity;~QString;~QString;" StructureKind="java" NumEvents="6" CreationCount="367"/><InteractionEvent Delta="null" EndDate="2014-09-16 08:31:54.271 JST" Interest="47.0" Kind="edit" Navigation="null" OriginId="org.eclipse.jdt.ui.CompilationUnitEditor" StartDate="2014-09-16 07:56:19.875 JST" StructureHandle="=SL3/src&amp;lt;sl.adapters{ItemListAdapter2.java[ItemListAdapter2~getView~I~QView;~QViewGroup;" StructureKind="java" NumEvents="47" CreationCount="40"/><InteractionEvent Delta="null" EndDate="2014-09-16 09:14:37.588 JST" Interest="11.0" Kind="selection" Navigation="null" OriginId="org.eclipse.jdt.ui.CompilationUnitEditor" StartDate="2014-09-16 07:56:16.197 JST" StructureHandle="=SL3/src&amp;lt;sl.adapters{ItemListAdapter2.java[ItemListAdapter2~getView~I~QView;~QViewGroup;" StructureKind="java" NumEvents="11" CreationCount="40"/><InteractionEvent Delta="null" EndDate="2014-09-16 08:10:31.272 JST" Interest="1.2550001" Kind="manipulation" Navigation="null" OriginId="org.eclipse.mylyn.core.model.interest.decay.correction" StartDate="2014-09-16 08:10:31.272 JST" StructureHandle="=SL3/src&amp;lt;sl.adapters{ItemListAdapter2.java[ItemListAdapter2~getView~I~QView;~QViewGroup;" StructureKind="java"/><InteractionEvent Delta="null" EndDate="2014-09-16 08:34:46.461 JST" Interest="2.0" Kind="edit" Navigation="null" OriginId="org.eclipse.jdt.ui.CompilationUnitEditor" StartDate="2014-09-16 08:34:12.372 JST" StructureHandle="=SL3/src&amp;lt;sl.utils{Methods.java[Methods~filterList2~QActivity;~QDialog;" StructureKind="java" NumEvents="2" CreationCount="371"/><InteractionEvent Delta="null" EndDate="2014-09-16 08:54:04.857 JST" Interest="9.0" Kind="selection" Navigation="null" OriginId="org.eclipse.jdt.ui.CompilationUnitEditor" StartDate="2014-09-16 08:33:54.597 JST" StructureHandle="=SL3/src&amp;lt;sl.utils{Methods.java[Methods~filterList2~QActivity;~QDialog;" StructureKind="java" NumEvents="9" CreationCount="371"/><InteractionEvent Delta="null" EndDate="2014-09-16 08:32:00.202 JST" Interest="3.0" Kind="selection" Navigation="null" OriginId="org.eclipse.jdt.ui.PackageExplorer" StartDate="2014-09-16 08:08:43.875 JST" StructureHandle="=SL3/src&amp;lt;sl.utils{Methods_sl.java" StructureKind="java" NumEvents="3" CreationCount="228"/><InteractionEvent Delta="null" EndDate="2014-09-16 08:08:59.69 JST" Interest="1.7340002" Kind="propagation" Navigation="org.eclipse.mylyn.core.model.edges.containment" OriginId="org.eclipse.mylyn.core.model.interest.propagation" StartDate="2014-09-16 08:08:44.637 JST" StructureHandle="=SL3/src&amp;lt;sl.utils{Methods_sl.java" StructureKind="java" NumEvents="5" CreationCount="228"/><InteractionEvent Delta="null" EndDate="2014-09-16 08:10:23.309 JST" Interest="6.0" Kind="edit" Navigation="null" OriginId="org.eclipse.jdt.ui.CompilationUnitEditor" StartDate="2014-09-16 07:56:26.705 JST" StructureHandle="=SL3/src&amp;lt;sl.adapters{ItemListAdapter2.java[ItemListAdapter2~getView__1_setupTextView~QView;~QSI;" StructureKind="java" NumEvents="6" CreationCount="43"/><InteractionEvent Delta="null" EndDate="2014-09-16 08:09:37.990 JST" Interest="6.0" Kind="selection" Navigation="null" OriginId="org.eclipse.jdt.ui.CompilationUnitEditor" StartDate="2014-09-16 07:56:25.414 JST" StructureHandle="=SL3/src&amp;lt;sl.adapters{ItemListAdapter2.java[ItemListAdapter2~getView__1_setupTextView~QView;~QSI;" StructureKind="java" NumEvents="6" CreationCount="43"/><InteractionEvent Delta="null" EndDate="2014-09-16 08:09:03.329 JST" Interest="1.0" Kind="edit" Navigation="null" OriginId="org.eclipse.jdt.ui.CompilationUnitEditor" StartDate="2014-09-16 08:09:03.329 JST" StructureHandle="=SL3/src&amp;lt;sl.utils{Methods_sl.java[Methods_sl~sortItemList~QList\&amp;lt;QSI;&amp;gt;;[~compare~QSI;~QSI;" StructureKind="java"/><InteractionEvent Delta="null" EndDate="2014-09-16 08:08:59.67 JST" Interest="2.0" Kind="selection" Navigation="null" OriginId="org.eclipse.jdt.ui.CompilationUnitEditor" StartDate="2014-09-16 08:08:45.553 JST" StructureHandle="=SL3/src&amp;lt;sl.utils{Methods_sl.java[Methods_sl~sortItemList~QList\&amp;lt;QSI;&amp;gt;;[~compare~QSI;~QSI;" StructureKind="java" NumEvents="2" CreationCount="230"/><InteractionEvent Delta="null" EndDate="2014-09-16 09:29:27.781 JST" Interest="1577.0" Kind="propagation" Navigation="org.eclipse.mylyn.core.model.edges.containment" OriginId="org.eclipse.mylyn.core.model.interest.propagation" StartDate="2014-09-16 07:53:51.288 JST" StructureHandle="/" StructureKind="resource" NumEvents="1577" CreationCount="1"/><InteractionEvent Delta="null" EndDate="2014-09-16 09:21:28.48 JST" Interest="78.0" Kind="edit" Navigation="null" OriginId="org.eclipse.jdt.ui.CompilationUnitEditor" StartDate="2014-09-16 08:05:14.165 JST" StructureHandle="=SL3/src&amp;lt;sl.utils{DBUtils.java[DBUtils~find_ALL_SI_from_Previous~QActivity;" StructureKind="java" NumEvents="78" CreationCount="143"/><InteractionEvent Delta="null" EndDate="2014-09-16 09:22:07.358 JST" Interest="12.0" Kind="selection" Navigation="null" OriginId="org.eclipse.jdt.ui.CompilationUnitEditor" StartDate="2014-09-16 08:05:13.479 JST" StructureHandle="=SL3/src&amp;lt;sl.utils{DBUtils.java[DBUtils~find_ALL_SI_from_Previous~QActivity;" StructureKind="java" NumEvents="12" CreationCount="143"/><InteractionEvent Delta="null" EndDate="2014-09-16 09:14:20.413 JST" Interest="7.125002" Kind="manipulation" Navigation="null" OriginId="org.eclipse.mylyn.core.model.interest.decay.correction" StartDate="2014-09-16 09:13:05.193 JST" StructureHandle="=SL3/src&amp;lt;sl.utils{DBUtils.java[DBUtils~find_ALL_SI_from_Previous~QActivity;" StructureKind="java" NumEvents="2" CreationCount="143"/><InteractionEvent Delta="null" EndDate="2014-09-16 08:11:32.574 JST" Interest="14.0" Kind="edit" Navigation="null" OriginId="org.eclipse.jdt.ui.CompilationUnitEditor" StartDate="2014-09-16 07:54:16.968 JST" StructureHandle="=SL3/src&amp;lt;sl.main{TabActv.java[TabActv~_Setup_ItemListView" StructureKind="java" NumEvents="14" CreationCount="7"/><InteractionEvent Delta="null" EndDate="2014-09-16 08:11:48.666 JST" Interest="11.0" Kind="selection" Navigation="null" OriginId="org.eclipse.jdt.ui.CompilationUnitEditor" StartDate="2014-09-16 07:54:16.236 JST" StructureHandle="=SL3/src&amp;lt;sl.main{TabActv.java[TabActv~_Setup_ItemListView" StructureKind="java" NumEvents="11" CreationCount="7"/><InteractionEvent Delta="null" EndDate="2014-09-16 08:39:42.580 JST" Interest="4.0" Kind="propagation" Navigation="org.eclipse.mylyn.core.model.edges.containment" OriginId="org.eclipse.mylyn.core.model.interest.propagation" StartDate="2014-09-16 08:06:40.959 JST" StructureHandle="/SL3/bin" StructureKind="resource" NumEvents="4" CreationCount="220"/><InteractionEvent Delta="null" EndDate="2014-09-16 09:20:02.561 JST" Interest="25.003002" Kind="propagation" Navigation="org.eclipse.mylyn.core.model.edges.containment" OriginId="org.eclipse.mylyn.core.model.interest.propagation" StartDate="2014-09-16 08:45:05.165 JST" StructureHandle="=SL3/src&amp;lt;sl.listeners{ItemSelectedListener.java[ItemSelectedListener" StructureKind="java" NumEvents="29" CreationCount="497"/><InteractionEvent Delta="null" EndDate="2014-09-16 09:21:35.222 JST" Interest="7.0" Kind="edit" Navigation="null" OriginId="org.eclipse.jdt.ui.CompilationUnitEditor" StartDate="2014-09-16 08:43:44.713 JST" StructureHandle="=SL3/src&amp;lt;sl.utils{Methods.java[Methods" StructureKind="java" NumEvents="7" CreationCount="367"/><InteractionEvent Delta="null" EndDate="2014-09-16 09:21:35.215 JST" Interest="9.0" Kind="selection" Navigation="null" OriginId="org.eclipse.jdt.ui.CompilationUnitEditor" StartDate="2014-09-16 08:43:22.485 JST" StructureHandle="=SL3/src&amp;lt;sl.utils{Methods.java[Methods" StructureKind="java" NumEvents="9" CreationCount="367"/><InteractionEvent Delta="null" EndDate="2014-09-16 09:11:27.538 JST" Interest="359.074" Kind="propagation" Navigation="org.eclipse.mylyn.core.model.edges.containment" OriginId="org.eclipse.mylyn.core.model.interest.propagation" StartDate="2014-09-16 08:32:03.911 JST" StructureHandle="=SL3/src&amp;lt;sl.utils{Methods.java[Methods" StructureKind="java" NumEvents="511" CreationCount="367"/><InteractionEvent Delta="null" EndDate="2014-09-16 08:03:44.621 JST" Interest="1.0" Kind="selection" Navigation="null" OriginId="org.eclipse.jdt.ui.CompilationUnitEditor" StartDate="2014-09-16 08:03:44.621 JST" StructureHandle="=SL3/src&amp;lt;sl.utils{CONS.java[CONS[DB" StructureKind="java"/><InteractionEvent Delta="null" EndDate="2014-09-16 09:05:49.704 JST" Interest="13.484" Kind="propagation" Navigation="org.eclipse.mylyn.core.model.edges.containment" OriginId="org.eclipse.mylyn.core.model.interest.propagation" StartDate="2014-09-16 07:57:58.995 JST" StructureHandle="=SL3/src&amp;lt;sl.utils{CONS.java[CONS[DB" StructureKind="java" NumEvents="9" CreationCount="57"/><InteractionEvent Delta="null" EndDate="2014-09-16 09:22:07.358 JST" Interest="115.0" Kind="propagation" Navigation="null" OriginId="org.eclipse.jdt.ui.CompilationUnitEditor" StartDate="2014-09-16 08:04:31.499 JST" StructureHandle="/SL3/src/sl/utils/DBUtils.java" StructureKind="resource" NumEvents="115" CreationCount="133"/><InteractionEvent Delta="null" EndDate="2014-09-16 09:22:06.945 JST" Interest="94.595" Kind="propagation" Navigation="org.eclipse.mylyn.core.model.edges.containment" OriginId="org.eclipse.mylyn.core.model.interest.propagation" StartDate="2014-09-16 07:53:57.643 JST" StructureHandle="/SL3/src/sl/adapters" StructureKind="resource" NumEvents="95" CreationCount="3"/><InteractionEvent Delta="null" EndDate="2014-09-16 08:08:58.228 JST" Interest="1.0" Kind="edit" Navigation="null" OriginId="org.eclipse.jdt.ui.CompilationUnitEditor" StartDate="2014-09-16 08:08:58.228 JST" StructureHandle="=SL3/src&amp;lt;sl.utils{Methods_sl.java[Methods_sl~sortItemList~QList\&amp;lt;QSI;&amp;gt;;[" StructureKind="java"/><InteractionEvent Delta="null" EndDate="2014-09-16 08:08:54.409 JST" Interest="1.0" Kind="selection" Navigation="null" OriginId="org.eclipse.jdt.ui.CompilationUnitEditor" StartDate="2014-09-16 08:08:54.409 JST" StructureHandle="=SL3/src&amp;lt;sl.utils{Methods_sl.java[Methods_sl~sortItemList~QList\&amp;lt;QSI;&amp;gt;;[" StructureKind="java"/><InteractionEvent Delta="null" EndDate="2014-09-16 08:08:45.555 JST" Interest="1.0" Kind="propagation" Navigation="org.eclipse.mylyn.core.model.edges.containment" OriginId="org.eclipse.mylyn.core.model.interest.propagation" StartDate="2014-09-16 08:08:45.555 JST" StructureHandle="=SL3/src&amp;lt;sl.utils{Methods_sl.java[Methods_sl~sortItemList~QList\&amp;lt;QSI;&amp;gt;;[" StructureKind="java"/><InteractionEvent Delta="null" EndDate="2014-09-16 09:20:02.562 JST" Interest="25.02" Kind="propagation" Navigation="org.eclipse.mylyn.core.model.edges.containment" OriginId="org.eclipse.mylyn.core.model.interest.propagation" StartDate="2014-09-16 08:45:04.452 JST" StructureHandle="=SL3/src&amp;lt;sl.listeners" StructureKind="java" NumEvents="32" CreationCount="496"/><InteractionEvent Delta="null" EndDate="2014-09-16 08:03:43.545 JST" Interest="1.0" Kind="selection" Navigation="null" OriginId="org.eclipse.jdt.ui.CompilationUnitEditor" StartDate="2014-09-16 08:03:43.545 JST" StructureHandle="=SL3/src&amp;lt;sl.utils{CONS.java[CONS[DB^columns_with_index" StructureKind="java"/><InteractionEvent Delta="null" EndDate="2014-09-16 08:50:07.518 JST" Interest="3.0" Kind="selection" Navigation="null" OriginId="org.eclipse.search.ui.views.SearchView" StartDate="2014-09-16 07:54:02.170 JST" StructureHandle="=SL3/src&amp;lt;sl.main" StructureKind="java" NumEvents="3" CreationCount="4"/><InteractionEvent Delta="null" EndDate="2014-09-16 09:22:06.278 JST" Interest="136.987" Kind="propagation" Navigation="org.eclipse.mylyn.core.model.edges.containment" OriginId="org.eclipse.mylyn.core.model.interest.propagation" StartDate="2014-09-16 07:54:05.882 JST" StructureHandle="=SL3/src&amp;lt;sl.main" StructureKind="java" NumEvents="222" CreationCount="4"/><InteractionEvent Delta="null" EndDate="2014-09-16 09:22:39.499 JST" Interest="11.0" Kind="prediction" Navigation="null" OriginId="org.eclipse.mylyn.resources.ui.interest.updater" StartDate="2014-09-16 08:06:40.958 JST" StructureHandle="/SL3/bin/classes.dex" StructureKind="resource" NumEvents="11" CreationCount="220"/><InteractionEvent Delta="null" EndDate="2014-09-16 09:01:56.457 JST" Interest="3.0" Kind="selection" Navigation="null" OriginId="org.eclipse.jdt.ui.CompilationUnitEditor" StartDate="2014-09-16 07:57:58.994 JST" StructureHandle="=SL3/src&amp;lt;sl.utils{CONS.java[CONS[DB^tableName" StructureKind="java" NumEvents="3" CreationCount="57"/><InteractionEvent Delta="null" EndDate="2014-09-16 09:01:56.457 JST" Interest="7.6220007" Kind="manipulation" Navigation="null" OriginId="org.eclipse.mylyn.core.model.interest.decay.correction" StartDate="2014-09-16 09:01:56.457 JST" StructureHandle="=SL3/src&amp;lt;sl.utils{CONS.java[CONS[DB^tableName" StructureKind="java"/><InteractionEvent Delta="null" EndDate="2014-09-16 08:32:00.202 JST" Interest="9.0" Kind="propagation" Navigation="null" OriginId="org.eclipse.jdt.ui.PackageExplorer" StartDate="2014-09-16 08:08:43.875 JST" StructureHandle="/SL3/src/sl/utils/Methods_sl.java" StructureKind="resource" NumEvents="9" CreationCount="228"/><InteractionEvent Delta="null" EndDate="2014-09-16 08:51:06.153 JST" Interest="50.0" Kind="edit" Navigation="null" OriginId="org.eclipse.jdt.ui.CompilationUnitEditor" StartDate="2014-09-16 07:55:42.232 JST" StructureHandle="=SL3/src&amp;lt;sl.main{TabActv.java[TabActv~onStart" StructureKind="java" NumEvents="50" CreationCount="6"/><InteractionEvent Delta="null" EndDate="2014-09-16 08:50:53.555 JST" Interest="15.0" Kind="selection" Navigation="null" OriginId="org.eclipse.ui.views.ContentOutline" StartDate="2014-09-16 07:54:14.65 JST" StructureHandle="=SL3/src&amp;lt;sl.main{TabActv.java[TabActv~onStart" StructureKind="java" NumEvents="15" CreationCount="6"/><InteractionEvent Delta="null" EndDate="2014-09-16 09:22:06.277 JST" Interest="451.017" Kind="propagation" Navigation="org.eclipse.mylyn.core.model.edges.containment" OriginId="org.eclipse.mylyn.core.model.interest.propagation" StartDate="2014-09-16 07:54:02.170 JST" StructureHandle="/SL3/src/sl/main" StructureKind="resource" NumEvents="454" CreationCount="4"/><InteractionEvent Delta="null" EndDate="2014-09-16 08:03:47.512 JST" Interest="1.0" Kind="edit" Navigation="null" OriginId="org.eclipse.jdt.ui.CompilationUnitEditor" StartDate="2014-09-16 08:03:47.512 JST" StructureHandle="=SL3/src&amp;lt;sl.utils{CONS.java[CONS[DB^col_Names_SI_full_SL_1" StructureKind="java"/><InteractionEvent Delta="null" EndDate="2014-09-16 08:03:46.915 JST" Interest="1.0" Kind="selection" Navigation="null" OriginId="org.eclipse.jdt.ui.CompilationUnitEditor" StartDate="2014-09-16 08:03:46.915 JST" StructureHandle="=SL3/src&amp;lt;sl.utils{CONS.java[CONS[DB^col_Names_SI_full_SL_1" StructureKind="java"/><InteractionEvent Delta="null" EndDate="2014-09-16 08:42:01.712 JST" Interest="5.0" Kind="edit" Navigation="null" OriginId="org.eclipse.jdt.ui.CompilationUnitEditor" StartDate="2014-09-16 08:40:53.904 JST" StructureHandle="=SL3/src&amp;lt;sl.main{TabActv.java[TabActv~onCreateOptionsMenu~QMenu;" StructureKind="java" NumEvents="5" CreationCount="438"/><InteractionEvent Delta="null" EndDate="2014-09-16 08:42:26.222 JST" Interest="7.0" Kind="selection" Navigation="null" OriginId="org.eclipse.jdt.ui.CompilationUnitEditor" StartDate="2014-09-16 08:40:53.319 JST" StructureHandle="=SL3/src&amp;lt;sl.main{TabActv.java[TabActv~onCreateOptionsMenu~QMenu;" StructureKind="java" NumEvents="7" CreationCount="438"/><InteractionEvent Delta="null" EndDate="2014-09-16 09:29:27.781 JST" Interest="1577.0" Kind="propagation" Navigation="null" OriginId="org.eclipse.jdt.ui.CompilationUnitEditor" StartDate="2014-09-16 07:53:51.288 JST" StructureHandle="/SL3" StructureKind="resource" NumEvents="1577" CreationCount="1"/><InteractionEvent Delta="null" EndDate="2014-09-16 09:22:07.167 JST" Interest="10.0" Kind="selection" Navigation="null" OriginId="org.eclipse.jdt.ui.CompilationUnitEditor" StartDate="2014-09-16 08:04:31.499 JST" StructureHandle="=SL3/src&amp;lt;sl.utils{DBUtils.java" StructureKind="java" NumEvents="10" CreationCount="133"/><InteractionEvent Delta="null" EndDate="2014-09-16 09:22:07.358 JST" Interest="58.804" Kind="propagation" Navigation="org.eclipse.mylyn.core.model.edges.containment" OriginId="org.eclipse.mylyn.core.model.interest.propagation" StartDate="2014-09-16 08:04:33.316 JST" StructureHandle="=SL3/src&amp;lt;sl.utils{DBUtils.java" StructureKind="java" NumEvents="94" CreationCount="133"/><InteractionEvent Delta="null" EndDate="2014-09-16 09:14:20.179 JST" Interest="5.0910015" Kind="manipulation" Navigation="null" OriginId="org.eclipse.mylyn.core.model.interest.decay.correction" StartDate="2014-09-16 09:13:05.132 JST" StructureHandle="=SL3/src&amp;lt;sl.utils{DBUtils.java" StructureKind="java" NumEvents="2" CreationCount="133"/><InteractionEvent Delta="null" EndDate="2014-09-16 08:14:16.477 JST" Interest="4.0" Kind="selection" Navigation="null" OriginId="org.eclipse.jdt.ui.CompilationUnitEditor" StartDate="2014-09-16 07:56:15.457 JST" StructureHandle="=SL3/src&amp;lt;sl.adapters{ItemListAdapter2.java[ItemListAdapter2~ItemListAdapter2~QContext;~I~QList\&amp;lt;QSI;&amp;gt;;" StructureKind="java" NumEvents="4" CreationCount="39"/><InteractionEvent Delta="null" EndDate="2014-09-16 08:10:29.740 JST" Interest="2.6550002" Kind="manipulation" Navigation="null" OriginId="org.eclipse.mylyn.core.model.interest.decay.correction" StartDate="2014-09-16 08:10:29.740 JST" StructureHandle="=SL3/src&amp;lt;sl.adapters{ItemListAdapter2.java[ItemListAdapter2~ItemListAdapter2~QContext;~I~QList\&amp;lt;QSI;&amp;gt;;" StructureKind="java"/><InteractionEvent Delta="null" EndDate="2014-09-16 08:08:59.68 JST" Interest="2.7170002" Kind="propagation" Navigation="org.eclipse.mylyn.core.model.edges.containment" OriginId="org.eclipse.mylyn.core.model.interest.propagation" StartDate="2014-09-16 08:08:44.635 JST" StructureHandle="=SL3/src&amp;lt;sl.utils{Methods_sl.java[Methods_sl" StructureKind="java" NumEvents="5" CreationCount="229"/><InteractionEvent Delta="null" EndDate="2014-09-16 08:08:44.635 JST" Interest="1.0" Kind="selection" Navigation="null" OriginId="org.eclipse.jdt.ui.CompilationUnitEditor" StartDate="2014-09-16 08:08:44.635 JST" StructureHandle="=SL3/src&amp;lt;sl.utils{Methods_sl.java[Methods_sl~sortItemList~QList\&amp;lt;QSI;&amp;gt;;" StructureKind="java"/><InteractionEvent Delta="null" EndDate="2014-09-16 08:08:59.68 JST" Interest="1.7170001" Kind="propagation" Navigation="org.eclipse.mylyn.core.model.edges.containment" OriginId="org.eclipse.mylyn.core.model.interest.propagation" StartDate="2014-09-16 08:08:45.556 JST" StructureHandle="=SL3/src&amp;lt;sl.utils{Methods_sl.java[Methods_sl~sortItemList~QList\&amp;lt;QSI;&amp;gt;;" StructureKind="java" NumEvents="4" CreationCount="229"/><InteractionEvent Delta="null" EndDate="2014-09-16 09:20:02.562 JST" Interest="36.0" Kind="propagation" Navigation="org.eclipse.mylyn.core.model.edges.containment" OriginId="org.eclipse.mylyn.core.model.interest.propagation" StartDate="2014-09-16 08:45:04.452 JST" StructureHandle="/SL3/src/sl/listeners" StructureKind="resource" NumEvents="36" CreationCount="496"/><InteractionEvent Delta="null" EndDate="2014-09-16 08:05:02.541 JST" Interest="3.0" Kind="edit" Navigation="null" OriginId="org.eclipse.jdt.ui.CompilationUnitEditor" StartDate="2014-09-16 08:05:01.900 JST" StructureHandle="=SL3/src&amp;lt;sl.utils{DBUtils.java[DBUtils~insert_SIs~QActivity;~QList\&amp;lt;QSI;&amp;gt;;" StructureKind="java" NumEvents="3" CreationCount="139"/><InteractionEvent Delta="null" EndDate="2014-09-16 08:05:13.662 JST" Interest="3.0" Kind="selection" Navigation="null" OriginId="org.eclipse.jdt.ui.CompilationUnitEditor" StartDate="2014-09-16 08:05:00.557 JST" StructureHandle="=SL3/src&amp;lt;sl.utils{DBUtils.java[DBUtils~insert_SIs~QActivity;~QList\&amp;lt;QSI;&amp;gt;;" StructureKind="java" NumEvents="3" CreationCount="139"/><InteractionEvent Delta="null" EndDate="2014-09-16 09:05:45.557 JST" Interest="5.0" Kind="selection" Navigation="null" OriginId="org.eclipse.jdt.ui.CompilationUnitEditor" StartDate="2014-09-16 07:57:58.235 JST" StructureHandle="=SL3/src&amp;lt;sl.utils{CONS.java" StructureKind="java" NumEvents="5" CreationCount="56"/><InteractionEvent Delta="null" EndDate="2014-09-16 09:05:49.705 JST" Interest="3.9819994" Kind="propagation" Navigation="org.eclipse.mylyn.core.model.edges.containment" OriginId="org.eclipse.mylyn.core.model.interest.propagation" StartDate="2014-09-16 07:57:58.998 JST" StructureHandle="=SL3/src&amp;lt;sl.utils{CONS.java" StructureKind="java" NumEvents="11" CreationCount="56"/><InteractionEvent Delta="null" EndDate="2014-09-16 09:05:45.557 JST" Interest="5.519001" Kind="manipulation" Navigation="null" OriginId="org.eclipse.mylyn.core.model.interest.decay.correction" StartDate="2014-09-16 09:01:55.760 JST" StructureHandle="=SL3/src&amp;lt;sl.utils{CONS.java" StructureKind="java" NumEvents="2" CreationCount="56"/><InteractionEvent Delta="null" EndDate="2014-09-16 09:29:27.780 JST" Interest="833.0" Kind="propagation" Navigation="null" OriginId="org.eclipse.jdt.ui.CompilationUnitEditor" StartDate="2014-09-16 08:32:00.576 JST" StructureHandle="/SL3/src/sl/utils/Methods.java" StructureKind="resource" NumEvents="833" CreationCount="366"/><InteractionEvent Delta="null" EndDate="2014-09-16 08:38:39.833 JST" Interest="1.0" Kind="edit" Navigation="null" OriginId="org.eclipse.jdt.ui.CompilationUnitEditor" StartDate="2014-09-16 08:38:39.833 JST" StructureHandle="=SL3/src&amp;lt;sl.main{TabActv.java[TabActv~_Setup_ToBuyListView" StructureKind="java"/><InteractionEvent Delta="null" EndDate="2014-09-16 08:38:47.549 JST" Interest="5.0" Kind="selection" Navigation="null" OriginId="org.eclipse.jdt.ui.CompilationUnitEditor" StartDate="2014-09-16 08:37:58.746 JST" StructureHandle="=SL3/src&amp;lt;sl.main{TabActv.java[TabActv~_Setup_ToBuyListView" StructureKind="java" NumEvents="5" CreationCount="397"/><InteractionEvent Delta="null" EndDate="2014-09-16 09:29:27.781 JST" Interest="1565.051" Kind="propagation" Navigation="null" OriginId="org.eclipse.jdt.ui.CompilationUnitEditor" StartDate="2014-09-16 07:53:55.120 JST" StructureHandle="/SL3/src" StructureKind="resource" NumEvents="1568" CreationCount="2"/><InteractionEvent Delta="null" EndDate="2014-09-16 09:22:06.945 JST" Interest="94.0" Kind="propagation" Navigation="null" OriginId="org.eclipse.jdt.ui.CompilationUnitEditor" StartDate="2014-09-16 07:56:14.585 JST" StructureHandle="/SL3/src/sl/adapters/ItemListAdapter2.java" StructureKind="resource" NumEvents="94" CreationCount="38"/><InteractionEvent Delta="null" EndDate="2014-09-16 09:22:06.277 JST" Interest="174.0" Kind="edit" Navigation="null" OriginId="org.eclipse.jdt.ui.CompilationUnitEditor" StartDate="2014-09-16 07:54:41.159 JST" StructureHandle="=SL3/src&amp;lt;sl.main{TabActv.java[TabActv~prepareItemList" StructureKind="java" NumEvents="174" CreationCount="15"/><InteractionEvent Delta="null" EndDate="2014-09-16 09:22:01.833 JST" Interest="18.0" Kind="selection" Navigation="null" OriginId="org.eclipse.jdt.ui.CompilationUnitEditor" StartDate="2014-09-16 07:54:40.133 JST" StructureHandle="=SL3/src&amp;lt;sl.main{TabActv.java[TabActv~prepareItemList" StructureKind="java" NumEvents="18" CreationCount="15"/><InteractionEvent Delta="null" EndDate="2014-09-16 09:22:06.277 JST" Interest="451.0" Kind="propagation" Navigation="null" OriginId="org.eclipse.jdt.ui.CompilationUnitEditor" StartDate="2014-09-16 07:54:05.881 JST" StructureHandle="/SL3/src/sl/main/TabActv.java" StructureKind="resource" NumEvents="451" CreationCount="5"/><InteractionEvent Delta="null" EndDate="2014-09-16 09:05:49.704 JST" Interest="14.484" Kind="propagation" Navigation="org.eclipse.mylyn.core.model.edges.containment" OriginId="org.eclipse.mylyn.core.model.interest.propagation" StartDate="2014-09-16 07:57:58.996 JST" StructureHandle="=SL3/src&amp;lt;sl.utils{CONS.java[CONS" StructureKind="java" NumEvents="10" CreationCount="57"/><InteractionEvent Delta="null" EndDate="2014-09-16 09:05:49.704 JST" Interest="6.0" Kind="edit" Navigation="null" OriginId="org.eclipse.jdt.ui.CompilationUnitEditor" StartDate="2014-09-16 08:03:50.327 JST" StructureHandle="=SL3/src&amp;lt;sl.utils{CONS.java[CONS[DB^col_Names_SI_full" StructureKind="java" NumEvents="6" CreationCount="100"/><InteractionEvent Delta="null" EndDate="2014-09-16 09:05:46.336 JST" Interest="2.0" Kind="selection" Navigation="null" OriginId="org.eclipse.jdt.ui.CompilationUnitEditor" StartDate="2014-09-16 08:03:49.611 JST" StructureHandle="=SL3/src&amp;lt;sl.utils{CONS.java[CONS[DB^col_Names_SI_full" StructureKind="java" NumEvents="2" CreationCount="100"/><InteractionEvent Delta="null" EndDate="2014-09-16 09:05:46.336 JST" Interest="7.5530005" Kind="manipulation" Navigation="null" OriginId="org.eclipse.mylyn.core.model.interest.decay.correction" StartDate="2014-09-16 09:05:46.336 JST" StructureHandle="=SL3/src&amp;lt;sl.utils{CONS.java[CONS[DB^col_Names_SI_full" StructureKind="java"/><InteractionEvent Delta="null" EndDate="2014-09-16 08:04:54.92 JST" Interest="1.0" Kind="selection" Navigation="null" OriginId="org.eclipse.jdt.ui.CompilationUnitEditor" StartDate="2014-09-16 08:04:54.92 JST" StructureHandle="=SL3/src&amp;lt;sl.utils{DBUtils.java[DBUtils~DBUtils~QContext;" StructureKind="java"/><InteractionEvent Delta="null" EndDate="2014-09-16 08:04:56.672 JST" Interest="2.0" Kind="selection" Navigation="null" OriginId="org.eclipse.ui.views.ContentOutline" StartDate="2014-09-16 08:04:54.853 JST" StructureHandle="=SL3/src&amp;lt;sl.utils{DBUtils.java[DBUtils^dbName" StructureKind="java" NumEvents="2" CreationCount="137"/><InteractionEvent Delta="null" EndDate="2014-09-16 09:22:39.499 JST" Interest="11.0" Kind="prediction" Navigation="null" OriginId="org.eclipse.mylyn.resources.ui.interest.updater" StartDate="2014-09-16 08:06:40.958 JST" StructureHandle="/SL3/bin/SL3.apk" StructureKind="resource" NumEvents="11" CreationCount="220"/><InteractionEvent Delta="null" EndDate="2014-09-16 08:17:05.705 JST" Interest="2.0" Kind="selection" Navigation="null" OriginId="org.eclipse.jdt.ui.CompilationUnitEditor" StartDate="2014-09-16 08:10:25.232 JST" StructureHandle="=SL3/src&amp;lt;sl.adapters{ItemListAdapter2.java[ItemListAdapter2" StructureKind="java" NumEvents="2" CreationCount="39"/><InteractionEvent Delta="null" EndDate="2014-09-16 09:14:37.588 JST" Interest="43.171997" Kind="propagation" Navigation="org.eclipse.mylyn.core.model.edges.containment" OriginId="org.eclipse.mylyn.core.model.interest.propagation" StartDate="2014-09-16 07:56:15.457 JST" StructureHandle="=SL3/src&amp;lt;sl.adapters{ItemListAdapter2.java[ItemListAdapter2" StructureKind="java" NumEvents="59" CreationCount="39"/><InteractionEvent Delta="null" EndDate="2014-09-16 09:29:27.781 JST" Interest="981.901" Kind="propagation" Navigation="org.eclipse.mylyn.core.model.edges.containment" OriginId="org.eclipse.mylyn.core.model.interest.propagation" StartDate="2014-09-16 07:53:57.643 JST" StructureHandle="/SL3/src/sl" StructureKind="resource" NumEvents="987" CreationCount="3"/><InteractionEvent Delta="null" EndDate="2014-09-16 09:22:01.133 JST" Interest="22.0" Kind="selection" Navigation="null" OriginId="org.eclipse.jdt.ui.CompilationUnitEditor" StartDate="2014-09-16 07:54:05.881 JST" StructureHandle="=SL3/src&amp;lt;sl.main{TabActv.java" StructureKind="java" NumEvents="22" CreationCount="5"/><InteractionEvent Delta="null" EndDate="2014-09-16 09:22:06.278 JST" Interest="117.96999" Kind="propagation" Navigation="org.eclipse.mylyn.core.model.edges.containment" OriginId="org.eclipse.mylyn.core.model.interest.propagation" StartDate="2014-09-16 07:54:14.66 JST" StructureHandle="=SL3/src&amp;lt;sl.main{TabActv.java" StructureKind="java" NumEvents="175" CreationCount="5"/><InteractionEvent Delta="null" EndDate="2014-09-16 09:16:54.427 JST" Interest="4.0" Kind="edit" Navigation="null" OriginId="org.eclipse.jdt.ui.CompilationUnitEditor" StartDate="2014-09-16 09:16:53.723 JST" StructureHandle="=SL3/src&amp;lt;sl.main{TabActv.java[TabActv~_SetupTabs__first" StructureKind="java" NumEvents="4" CreationCount="524"/><InteractionEvent Delta="null" EndDate="2014-09-16 09:16:59.18 JST" Interest="11.0" Kind="selection" Navigation="null" OriginId="org.eclipse.jdt.ui.CompilationUnitEditor" StartDate="2014-09-16 08:51:15.96 JST" StructureHandle="=SL3/src&amp;lt;sl.main{TabActv.java[TabActv~_SetupTabs__first" StructureKind="java" NumEvents="11" CreationCount="524"/><InteractionEvent Delta="null" EndDate="2014-09-16 09:14:04.920 JST" Interest="8.427001" Kind="manipulation" Navigation="null" OriginId="org.eclipse.mylyn.core.model.interest.decay.correction" StartDate="2014-09-16 09:05:50.655 JST" StructureHandle="=SL3/src&amp;lt;sl.main{TabActv.java[TabActv~_SetupTabs__first" StructureKind="java" NumEvents="2" CreationCount="524"/><InteractionEvent Delta="null" EndDate="2014-09-16 08:04:33.316 JST" Interest="1.0" Kind="selection" Navigation="null" OriginId="org.eclipse.ui.views.ContentOutline" StartDate="2014-09-16 08:04:33.316 JST" StructureHandle="=SL3/src&amp;lt;sl.utils{DBUtils.java%sl.utils" StructureKind="java"/><InteractionEvent Delta="null" EndDate="2014-09-16 09:05:49.704 JST" Interest="21.0" Kind="propagation" Navigation="null" OriginId="org.eclipse.jdt.ui.CompilationUnitEditor" StartDate="2014-09-16 07:57:58.235 JST" StructureHandle="/SL3/src/sl/utils/CONS.java" StructureKind="resource" NumEvents="21" CreationCount="56"/><InteractionEvent Delta="null" EndDate="2014-09-16 08:41:05.267 JST" Interest="1.0" Kind="selection" Navigation="null" OriginId="org.eclipse.ui.views.ContentOutline" StartDate="2014-09-16 08:41:05.267 JST" StructureHandle="=SL3/src&amp;lt;sl.main{TabActv.java[TabActv~onCreate~QBundle;" StructureKind="java"/><InteractionEvent Delta="null" EndDate="2014-09-16 09:20:02.561 JST" Interest="22.0" Kind="edit" Navigation="null" OriginId="org.eclipse.jdt.ui.CompilationUnitEditor" StartDate="2014-09-16 08:49:20.516 JST" StructureHandle="=SL3/src&amp;lt;sl.listeners{ItemSelectedListener.java[ItemSelectedListener~onItemSelected~QAdapterView\&amp;lt;*&amp;gt;;~QView;~I~J" StructureKind="java" NumEvents="22" CreationCount="497"/><InteractionEvent Delta="null" EndDate="2014-09-16 09:19:02.556 JST" Interest="7.0" Kind="selection" Navigation="null" OriginId="org.eclipse.jdt.ui.CompilationUnitEditor" StartDate="2014-09-16 08:45:05.165 JST" StructureHandle="=SL3/src&amp;lt;sl.listeners{ItemSelectedListener.java[ItemSelectedListener~onItemSelected~QAdapterView\&amp;lt;*&amp;gt;;~QView;~I~J" StructureKind="java" NumEvents="7" CreationCount="497"/><InteractionEvent Delta="null" EndDate="2014-09-16 09:19:02.556 JST" Interest="2.6030016" Kind="manipulation" Navigation="null" OriginId="org.eclipse.mylyn.core.model.interest.decay.correction" StartDate="2014-09-16 09:15:20.144 JST" StructureHandle="=SL3/src&amp;lt;sl.listeners{ItemSelectedListener.java[ItemSelectedListener~onItemSelected~QAdapterView\&amp;lt;*&amp;gt;;~QView;~I~J" StructureKind="java" NumEvents="2" CreationCount="497"/><InteractionEvent Delta="null" EndDate="2014-09-16 08:37:55.285 JST" Interest="11.0" Kind="edit" Navigation="null" OriginId="org.eclipse.jdt.ui.CompilationUnitEditor" StartDate="2014-09-16 08:35:50.400 JST" StructureHandle="=SL3/src&amp;lt;sl.main{TabActv.java[TabActv~onOptionsItemSelected~QMenuItem;" StructureKind="java" NumEvents="11" CreationCount="383"/><InteractionEvent Delta="null" EndDate="2014-09-16 08:34:56.852 JST" Interest="1.0" Kind="selection" Navigation="null" OriginId="org.eclipse.jdt.ui.CompilationUnitEditor" StartDate="2014-09-16 08:34:56.852 JST" StructureHandle="=SL3/src&amp;lt;sl.main{TabActv.java[TabActv~onOptionsItemSelected~QMenuItem;" StructureKind="java"/><InteractionEvent Delta="null" EndDate="2014-09-16 09:19:02.500 JST" Interest="5.0" Kind="selection" Navigation="null" OriginId="org.eclipse.jdt.ui.CompilationUnitEditor" StartDate="2014-09-16 08:45:04.452 JST" StructureHandle="=SL3/src&amp;lt;sl.listeners{ItemSelectedListener.java" StructureKind="java" NumEvents="5" CreationCount="496"/><InteractionEvent Delta="null" EndDate="2014-09-16 09:20:02.562 JST" Interest="17.451" Kind="propagation" Navigation="org.eclipse.mylyn.core.model.edges.containment" OriginId="org.eclipse.mylyn.core.model.interest.propagation" StartDate="2014-09-16 08:45:05.166 JST" StructureHandle="=SL3/src&amp;lt;sl.listeners{ItemSelectedListener.java" StructureKind="java" NumEvents="27" CreationCount="496"/><InteractionEvent Delta="null" EndDate="2014-09-16 09:19:02.500 JST" Interest="2.5690012" Kind="manipulation" Navigation="null" OriginId="org.eclipse.mylyn.core.model.interest.decay.correction" StartDate="2014-09-16 09:15:19.908 JST" StructureHandle="=SL3/src&amp;lt;sl.listeners{ItemSelectedListener.java" StructureKind="java" NumEvents="2" CreationCount="496"/><InteractionEvent Delta="null" EndDate="2014-09-16 09:20:55.45 JST" Interest="2.0" Kind="edit" Navigation="null" OriginId="org.eclipse.jdt.ui.CompilationUnitEditor" StartDate="2014-09-16 09:14:49.894 JST" StructureHandle="=SL3/src&amp;lt;sl.utils{DBUtils.java[DBUtils" StructureKind="java" NumEvents="2" CreationCount="135"/><InteractionEvent Delta="null" EndDate="2014-09-16 09:20:55.41 JST" Interest="2.0" Kind="selection" Navigation="null" OriginId="org.eclipse.jdt.ui.CompilationUnitEditor" StartDate="2014-09-16 09:14:49.890 JST" StructureHandle="=SL3/src&amp;lt;sl.utils{DBUtils.java[DBUtils" StructureKind="java" NumEvents="2" CreationCount="135"/><InteractionEvent Delta="null" EndDate="2014-09-16 09:22:07.358 JST" Interest="70.461" Kind="propagation" Navigation="org.eclipse.mylyn.core.model.edges.containment" OriginId="org.eclipse.mylyn.core.model.interest.propagation" StartDate="2014-09-16 08:04:42.567 JST" StructureHandle="=SL3/src&amp;lt;sl.utils{DBUtils.java[DBUtils" StructureKind="java" NumEvents="91" CreationCount="135"/><InteractionEvent Delta="null" EndDate="2014-09-16 09:29:27.780 JST" Interest="221.0" Kind="edit" Navigation="null" OriginId="org.eclipse.jdt.ui.CompilationUnitEditor" StartDate="2014-09-16 08:34:22.358 JST" StructureHandle="=SL3/src&amp;lt;sl.utils{Methods.java[Methods~filterList3~QActivity;~QString;~QString;" StructureKind="java" NumEvents="221" CreationCount="374"/><InteractionEvent Delta="null" EndDate="2014-09-16 09:22:07.759 JST" Interest="22.0" Kind="selection" Navigation="null" OriginId="org.eclipse.jdt.ui.CompilationUnitEditor" StartDate="2014-09-16 08:34:12.993 JST" StructureHandle="=SL3/src&amp;lt;sl.utils{Methods.java[Methods~filterList3~QActivity;~QString;~QString;" StructureKind="java" NumEvents="22" CreationCount="374"/></InteractionHistory>