<?xml version="1.0" encoding="UTF-8"?><InteractionHistory Id="local-111" Version="1"><InteractionEvent Delta="null" EndDate="2014-09-28 10:01:46.728 JST" Interest="438.459" Kind="propagation" Navigation="org.eclipse.mylyn.core.model.edges.containment" OriginId="org.eclipse.mylyn.core.model.interest.propagation" StartDate="2014-09-28 09:29:04.446 JST" StructureHandle="" StructureKind="java" NumEvents="450" CreationCount="1"/><InteractionEvent Delta="null" EndDate="2014-09-28 09:34:40.886 JST" Interest="1.0" Kind="edit" Navigation="null" OriginId="org.eclipse.jdt.ui.CompilationUnitEditor" StartDate="2014-09-28 09:34:40.886 JST" StructureHandle="=IFM11/src\/ifm11\/utils&amp;lt;{CONS.java[CONS[DB^logFile_MaxSize" StructureKind="java"/><InteractionEvent Delta="null" EndDate="2014-09-28 09:34:39.981 JST" Interest="1.0" Kind="selection" Navigation="null" OriginId="org.eclipse.jdt.ui.CompilationUnitEditor" StartDate="2014-09-28 09:34:39.981 JST" StructureHandle="=IFM11/src\/ifm11\/utils&amp;lt;{CONS.java[CONS[DB^logFile_MaxSize" StructureKind="java"/><InteractionEvent Delta="null" EndDate="2014-09-28 09:55:28.655 JST" Interest="2.0" Kind="edit" Navigation="null" OriginId="org.eclipse.jdt.ui.CompilationUnitEditor" StartDate="2014-09-28 09:44:55.199 JST" StructureHandle="=IFM11/src&amp;lt;ifm11.utils{Methods_dlg.java[Methods_dlg" StructureKind="java" NumEvents="2" CreationCount="194"/><InteractionEvent Delta="null" EndDate="2014-09-28 09:54:07.371 JST" Interest="20.807" Kind="propagation" Navigation="org.eclipse.mylyn.core.model.edges.containment" OriginId="org.eclipse.mylyn.core.model.interest.propagation" StartDate="2014-09-28 09:42:39.158 JST" StructureHandle="=IFM11/src&amp;lt;ifm11.utils{Methods_dlg.java[Methods_dlg" StructureKind="java" NumEvents="30" CreationCount="194"/><InteractionEvent Delta="null" EndDate="2014-09-28 09:55:26.395 JST" Interest="11.0" Kind="selection" Navigation="null" OriginId="org.eclipse.jdt.ui.CompilationUnitEditor" StartDate="2014-09-28 09:43:22.631 JST" StructureHandle="=IFM11/src&amp;lt;ifm11.utils{Methods_dlg.java[Methods_dlg" StructureKind="java" NumEvents="11" CreationCount="194"/><InteractionEvent Delta="null" EndDate="2014-09-28 09:43:59.665 JST" Interest="1.0" Kind="selection" Navigation="null" OriginId="org.eclipse.jdt.ui.CompilationUnitEditor" StartDate="2014-09-28 09:43:59.665 JST" StructureHandle="=IFM11/src&amp;lt;ifm11.listeners.dialog{DOI_CL.java[DOI_CL~DOI_CL~QActivity;~QDialog;~QDialog;" StructureKind="java"/><InteractionEvent Delta="null" EndDate="2014-09-28 09:41:07.127 JST" Interest="118.0" Kind="propagation" Navigation="null" OriginId="org.eclipse.jdt.ui.CompilationUnitEditor" StartDate="2014-09-28 09:30:43.603 JST" StructureHandle="/IFM11/src/ifm11/utils/CONS.java" StructureKind="resource" NumEvents="118" CreationCount="28"/><InteractionEvent Delta="null" EndDate="2014-09-28 09:43:53.944 JST" Interest="2.0" Kind="edit" Navigation="null" OriginId="org.eclipse.jdt.ui.CompilationUnitEditor" StartDate="2014-09-28 09:43:52.97 JST" StructureHandle="=IFM11/src&amp;lt;ifm11.utils{Methods_dlg.java[Methods_dlg~_dlg_Admin_Ops__Setup_Listener~QActivity;~QDialog;~QDialog;~QListView;" StructureKind="java" NumEvents="2" CreationCount="230"/><InteractionEvent Delta="null" EndDate="2014-09-28 09:44:49.438 JST" Interest="3.0" Kind="selection" Navigation="null" OriginId="org.eclipse.jdt.ui.CompilationUnitEditor" StartDate="2014-09-28 09:43:51.442 JST" StructureHandle="=IFM11/src&amp;lt;ifm11.utils{Methods_dlg.java[Methods_dlg~_dlg_Admin_Ops__Setup_Listener~QActivity;~QDialog;~QDialog;~QListView;" StructureKind="java" NumEvents="3" CreationCount="230"/><InteractionEvent Delta="null" EndDate="2014-09-28 09:40:20.359 JST" Interest="4.0" Kind="edit" Navigation="null" OriginId="org.eclipse.jdt.ui.CompilationUnitEditor" StartDate="2014-09-28 09:31:17.786 JST" StructureHandle="=IFM11/src\/ifm11\/utils&amp;lt;{CONS.java[CONS[DB^tname_MemoPatterns" StructureKind="java" NumEvents="4" CreationCount="39"/><InteractionEvent Delta="null" EndDate="2014-09-28 09:40:18.548 JST" Interest="2.0" Kind="selection" Navigation="null" OriginId="org.eclipse.jdt.ui.CompilationUnitEditor" StartDate="2014-09-28 09:31:11.133 JST" StructureHandle="=IFM11/src\/ifm11\/utils&amp;lt;{CONS.java[CONS[DB^tname_MemoPatterns" StructureKind="java" NumEvents="2" CreationCount="39"/><InteractionEvent Delta="null" EndDate="2014-09-28 09:34:28.218 JST" Interest="1.0" Kind="selection" Navigation="null" OriginId="org.eclipse.jdt.ui.CompilationUnitEditor" StartDate="2014-09-28 09:34:28.218 JST" StructureHandle="=IFM11/src\/ifm11\/utils&amp;lt;{CONS.java[CONS[DB^proj_for_get_data" StructureKind="java"/><InteractionEvent Delta="null" EndDate="2014-09-28 09:30:22.152 JST" Interest="8.017" Kind="propagation" Navigation="org.eclipse.mylyn.core.model.edges.containment" OriginId="org.eclipse.mylyn.core.model.interest.propagation" StartDate="2014-09-28 09:29:27.215 JST" StructureHandle="/IFM11/bin" StructureKind="resource" NumEvents="9" CreationCount="7"/><InteractionEvent Delta="null" EndDate="2014-09-28 09:39:32.284 JST" Interest="2.0" Kind="selection" Navigation="null" OriginId="org.eclipse.ui.views.ResourceNavigator" StartDate="2014-09-28 09:29:25.113 JST" StructureHandle="/IFM11/bin" StructureKind="resource" NumEvents="2" CreationCount="7"/><InteractionEvent Delta="null" EndDate="2014-09-28 09:46:06.67 JST" Interest="1.0" Kind="selection" Navigation="null" OriginId="org.eclipse.jdt.ui.CompilationUnitEditor" StartDate="2014-09-28 09:46:06.67 JST" StructureHandle="=IFM11/src&amp;lt;ifm11.utils{Tags.java[Tags[DialogTags^DROP_CREATE_TABLE_PATTERNS_OK" StructureKind="java"/><InteractionEvent Delta="null" EndDate="2014-09-28 09:55:06.609 JST" Interest="23.0" Kind="edit" Navigation="null" OriginId="com.android.ide.eclipse.editors.CommonXmlEditor" StartDate="2014-09-28 09:41:13.735 JST" StructureHandle="/IFM11/res/values/strings.xml" StructureKind="resource" NumEvents="23" CreationCount="166"/><InteractionEvent Delta="null" EndDate="2014-09-28 09:55:06.359 JST" Interest="5.0" Kind="selection" Navigation="null" OriginId="com.android.ide.eclipse.editors.CommonXmlEditor" StartDate="2014-09-28 09:41:12.883 JST" StructureHandle="/IFM11/res/values/strings.xml" StructureKind="resource" NumEvents="5" CreationCount="166"/><InteractionEvent Delta="null" EndDate="2014-09-28 09:37:35.226 JST" Interest="1.0" Kind="propagation" Navigation="org.eclipse.mylyn.core.model.edges.containment" OriginId="org.eclipse.mylyn.core.model.interest.propagation" StartDate="2014-09-28 09:37:35.226 JST" StructureHandle="/IFM11/bin/dexedLibs" StructureKind="resource"/><InteractionEvent Delta="null" EndDate="2014-09-28 09:41:08.766 JST" Interest="1.0" Kind="selection" Navigation="null" OriginId="org.eclipse.jdt.ui.PackageExplorer" StartDate="2014-09-28 09:41:08.766 JST" StructureHandle="/IFM11/bin/dexedLibs" StructureKind="resource"/><InteractionEvent Delta="null" EndDate="2014-09-28 09:39:41.933 JST" Interest="7.493" Kind="propagation" Navigation="null" OriginId="org.eclipse.mylyn.resources.ui.interest.updater" StartDate="2014-09-28 09:29:14.857 JST" StructureHandle="/IFM11/gen" StructureKind="resource" NumEvents="8" CreationCount="3"/><InteractionEvent Delta="null" EndDate="2014-09-28 10:01:46.726 JST" Interest="435.459" Kind="propagation" Navigation="org.eclipse.mylyn.core.model.edges.containment" OriginId="org.eclipse.mylyn.core.model.interest.propagation" StartDate="2014-09-28 09:29:04.446 JST" StructureHandle="=IFM11" StructureKind="resource" NumEvents="447" CreationCount="1"/><InteractionEvent Delta="null" EndDate="2014-09-28 09:53:30.82 JST" Interest="3.0" Kind="selection" Navigation="null" OriginId="org.eclipse.ui.views.ResourceNavigator" StartDate="2014-09-28 09:29:30.592 JST" StructureHandle="=IFM11" StructureKind="java" NumEvents="3" CreationCount="1"/><InteractionEvent Delta="null" EndDate="2014-09-28 09:37:30.570 JST" Interest="4.0" Kind="edit" Navigation="null" OriginId="org.eclipse.jdt.ui.CompilationUnitEditor" StartDate="2014-09-28 09:35:00.520 JST" StructureHandle="=IFM11/src\/ifm11\/utils&amp;lt;{CONS.java[CONS[DB^admin_LastBackup" StructureKind="java" NumEvents="4" CreationCount="116"/><InteractionEvent Delta="null" EndDate="2014-09-28 09:34:55.287 JST" Interest="1.0" Kind="selection" Navigation="null" OriginId="org.eclipse.jdt.ui.CompilationUnitEditor" StartDate="2014-09-28 09:34:55.287 JST" StructureHandle="=IFM11/src\/ifm11\/utils&amp;lt;{CONS.java[CONS[DB^admin_" StructureKind="java"/><InteractionEvent Delta="null" EndDate="2014-09-28 09:31:06.584 JST" Interest="1.0" Kind="selection" Navigation="null" OriginId="org.eclipse.ui.views.ContentOutline" StartDate="2014-09-28 09:31:06.584 JST" StructureHandle="=IFM11/src\/ifm11\/utils&amp;lt;{CONS.java[CONS[Admin" StructureKind="java"/><InteractionEvent Delta="null" EndDate="2014-09-28 10:01:46.728 JST" Interest="555.0" Kind="propagation" Navigation="null" OriginId="org.eclipse.jdt.ui.CompilationUnitEditor" StartDate="2014-09-28 09:29:04.446 JST" StructureHandle="/" StructureKind="resource" NumEvents="555" CreationCount="1"/><InteractionEvent Delta="null" EndDate="2014-09-28 09:39:30.67 JST" Interest="3.0" Kind="edit" Navigation="null" OriginId="org.eclipse.jdt.ui.CompilationUnitEditor" StartDate="2014-09-28 09:34:47.202 JST" StructureHandle="=IFM11/src\/ifm11\/utils&amp;lt;{CONS.java[CONS[DB^tname_IFM11" StructureKind="java" NumEvents="3" CreationCount="111"/><InteractionEvent Delta="null" EndDate="2014-09-28 09:39:58.658 JST" Interest="5.0" Kind="selection" Navigation="null" OriginId="org.eclipse.jdt.ui.CompilationUnitEditor" StartDate="2014-09-28 09:34:44.62 JST" StructureHandle="=IFM11/src\/ifm11\/utils&amp;lt;{CONS.java[CONS[DB^tname_IFM11" StructureKind="java" NumEvents="5" CreationCount="111"/><InteractionEvent Delta="null" EndDate="2014-09-28 10:01:46.727 JST" Interest="93.618996" Kind="propagation" Navigation="org.eclipse.mylyn.core.model.edges.containment" OriginId="org.eclipse.mylyn.core.model.interest.propagation" StartDate="2014-09-28 09:43:58.909 JST" StructureHandle="=IFM11/src&amp;lt;ifm11.listeners.dialog" StructureKind="java" NumEvents="136" CreationCount="234"/><InteractionEvent Delta="null" EndDate="2014-09-28 10:01:46.727 JST" Interest="192.0" Kind="propagation" Navigation="null" OriginId="org.eclipse.jdt.ui.CompilationUnitEditor" StartDate="2014-09-28 09:43:58.908 JST" StructureHandle="/IFM11/src/ifm11/listeners/dialog" StructureKind="resource" NumEvents="192" CreationCount="234"/><InteractionEvent Delta="null" EndDate="2014-09-28 09:45:59.708 JST" Interest="1.0" Kind="edit" Navigation="null" OriginId="org.eclipse.jdt.ui.CompilationUnitEditor" StartDate="2014-09-28 09:45:59.708 JST" StructureHandle="=IFM11/src&amp;lt;ifm11.utils{Tags.java[Tags[DialogTags^UPLOAD_DB_FILE_OK" StructureKind="java"/><InteractionEvent Delta="null" EndDate="2014-09-28 09:45:58.318 JST" Interest="1.0" Kind="selection" Navigation="null" OriginId="org.eclipse.jdt.ui.CompilationUnitEditor" StartDate="2014-09-28 09:45:58.318 JST" StructureHandle="=IFM11/src&amp;lt;ifm11.utils{Tags.java[Tags[DialogTags^UPLOAD_DB_FILE_OK" StructureKind="java"/><InteractionEvent Delta="null" EndDate="2014-09-28 09:56:36.165 JST" Interest="2.0" Kind="prediction" Navigation="null" OriginId="org.eclipse.mylyn.resources.ui.interest.updater" StartDate="2014-09-28 09:46:29.839 JST" StructureHandle="/IFM11/bin/IFM11.apk" StructureKind="resource" NumEvents="2" CreationCount="315"/><InteractionEvent Delta="null" EndDate="2014-09-28 09:55:04.229 JST" Interest="2.842" Kind="propagation" Navigation="org.eclipse.mylyn.core.model.edges.containment" OriginId="org.eclipse.mylyn.core.model.interest.propagation" StartDate="2014-09-28 09:54:01.111 JST" StructureHandle="=cm7/src&amp;lt;app.utils{Methods_dlg.java[Methods_dlg" StructureKind="java" NumEvents="6" CreationCount="451"/><InteractionEvent Delta="null" EndDate="2014-09-28 09:54:00.622 JST" Interest="1.0" Kind="edit" Navigation="null" OriginId="org.eclipse.jdt.ui.CompilationUnitEditor" StartDate="2014-09-28 09:54:00.622 JST" StructureHandle="=cm7/src&amp;lt;app.utils{Methods_dlg.java[Methods_dlg" StructureKind="java"/><InteractionEvent Delta="null" EndDate="2014-09-28 09:54:46.492 JST" Interest="2.0" Kind="selection" Navigation="null" OriginId="org.eclipse.jdt.ui.CompilationUnitEditor" StartDate="2014-09-28 09:53:54.589 JST" StructureHandle="=cm7/src&amp;lt;app.utils{Methods_dlg.java[Methods_dlg" StructureKind="java" NumEvents="2" CreationCount="451"/><InteractionEvent Delta="null" EndDate="2014-09-28 09:32:47.862 JST" Interest="1.0" Kind="selection" Navigation="null" OriginId="org.eclipse.jdt.ui.CompilationUnitEditor" StartDate="2014-09-28 09:32:47.862 JST" StructureHandle="=IFM11/src\/ifm11\/utils&amp;lt;{CONS.java[CONS[DB^col_types_MemoPatterns_full" StructureKind="java"/><InteractionEvent Delta="null" EndDate="2014-09-28 09:39:41.930 JST" Interest="1.0" Kind="propagation" Navigation="null" OriginId="org.eclipse.mylyn.resources.ui.interest.updater" StartDate="2014-09-28 09:39:41.930 JST" StructureHandle="=IFM11/gen&amp;lt;ifm11" StructureKind="java"/><InteractionEvent Delta="null" EndDate="2014-09-28 09:39:41.930 JST" Interest="2.0" Kind="propagation" Navigation="null" OriginId="org.eclipse.mylyn.resources.ui.interest.updater" StartDate="2014-09-28 09:30:53.129 JST" StructureHandle="/IFM11/gen/ifm11/main/R.java" StructureKind="resource" NumEvents="2" CreationCount="32"/><InteractionEvent Delta="null" EndDate="2014-09-28 09:38:55.505 JST" Interest="5.0" Kind="edit" Navigation="null" OriginId="org.eclipse.wst.xml.ui.internal.tabletree.XMLMultiPageEditorPart" StartDate="2014-09-28 09:38:50.858 JST" StructureHandle="/IFM11/.classpath" StructureKind="resource" NumEvents="5" CreationCount="133"/><InteractionEvent Delta="null" EndDate="2014-09-28 09:39:32.195 JST" Interest="3.0" Kind="selection" Navigation="null" OriginId="org.eclipse.ui.views.ResourceNavigator" StartDate="2014-09-28 09:38:34.463 JST" StructureHandle="/IFM11/.classpath" StructureKind="resource" NumEvents="3" CreationCount="133"/><InteractionEvent Delta="null" EndDate="2014-09-28 09:39:41.930 JST" Interest="2.0" Kind="propagation" Navigation="null" OriginId="org.eclipse.mylyn.resources.ui.interest.updater" StartDate="2014-09-28 09:30:53.129 JST" StructureHandle="/IFM11/bin/res" StructureKind="resource" NumEvents="2" CreationCount="32"/><InteractionEvent Delta="null" EndDate="2014-09-28 09:39:41.932 JST" Interest="2.0" Kind="propagation" Navigation="null" OriginId="org.eclipse.mylyn.resources.ui.interest.updater" StartDate="2014-09-28 09:30:53.131 JST" StructureHandle="/IFM11/gen/ifm11/main/BuildConfig.java" StructureKind="resource" NumEvents="2" CreationCount="32"/><InteractionEvent Delta="null" EndDate="2014-09-28 09:37:35.226 JST" Interest="1.0" Kind="propagation" Navigation="null" OriginId="org.eclipse.mylyn.resources.ui.interest.updater" StartDate="2014-09-28 09:37:35.226 JST" StructureHandle="/IFM11/bin/dexedLibs/commons-lang-2.6-88b25823f1679b0a9d9bb7ee9be9977e.jar" StructureKind="resource"/><InteractionEvent Delta="null" EndDate="2014-09-28 09:55:04.228 JST" Interest="3.0" Kind="edit" Navigation="null" OriginId="org.eclipse.jdt.ui.CompilationUnitEditor" StartDate="2014-09-28 09:55:02.234 JST" StructureHandle="=cm7/src&amp;lt;app.utils{Methods_dlg.java[Methods_dlg~dlg_Template_Cancel_ThirdDialog~QActivity;~QDialog;~QDialog;~I~I~I~QTags.DialogTags;" StructureKind="java" NumEvents="3" CreationCount="477"/><InteractionEvent Delta="null" EndDate="2014-09-28 09:54:58.352 JST" Interest="3.0" Kind="selection" Navigation="null" OriginId="org.eclipse.jdt.ui.CompilationUnitEditor" StartDate="2014-09-28 09:54:47.926 JST" StructureHandle="=cm7/src&amp;lt;app.utils{Methods_dlg.java[Methods_dlg~dlg_Template_Cancel_ThirdDialog~QActivity;~QDialog;~QDialog;~I~I~I~QTags.DialogTags;" StructureKind="java" NumEvents="3" CreationCount="477"/><InteractionEvent Delta="null" EndDate="2014-09-28 09:39:41.932 JST" Interest="2.4480002" Kind="propagation" Navigation="org.eclipse.mylyn.core.model.edges.containment" OriginId="org.eclipse.mylyn.core.model.interest.propagation" StartDate="2014-09-28 09:30:53.130 JST" StructureHandle="=IFM11/gen" StructureKind="java" NumEvents="3" CreationCount="3"/><InteractionEvent Delta="null" EndDate="2014-09-28 09:29:14.857 JST" Interest="1.0" Kind="selection" Navigation="null" OriginId="org.eclipse.jdt.ui.PackageExplorer" StartDate="2014-09-28 09:29:14.857 JST" StructureHandle="=IFM11/gen" StructureKind="java"/><InteractionEvent Delta="null" EndDate="2014-09-28 09:53:37.640 JST" Interest="1.0" Kind="selection" Navigation="null" OriginId="org.eclipse.ui.views.ResourceNavigator" StartDate="2014-09-28 09:53:37.640 JST" StructureHandle="/cm7/.git" StructureKind="resource"/><InteractionEvent Delta="null" EndDate="2014-09-28 09:37:35.226 JST" Interest="1.0" Kind="propagation" Navigation="null" OriginId="org.eclipse.mylyn.resources.ui.interest.updater" StartDate="2014-09-28 09:37:35.226 JST" StructureHandle="/IFM11/bin/dexedLibs/commons-net-3.3-64fb6b2934b4fb8706a63c415bd307a3.jar" StructureKind="resource"/><InteractionEvent Delta="null" EndDate="2014-09-28 09:39:41.931 JST" Interest="5.0" Kind="propagation" Navigation="null" OriginId="org.eclipse.mylyn.resources.ui.interest.updater" StartDate="2014-09-28 09:30:53.129 JST" StructureHandle="/IFM11/gen/ifm11" StructureKind="resource" NumEvents="5" CreationCount="32"/><InteractionEvent Delta="null" EndDate="2014-09-28 09:31:09.877 JST" Interest="2.0" Kind="selection" Navigation="null" OriginId="org.eclipse.jdt.ui.CompilationUnitEditor" StartDate="2014-09-28 09:31:09.532 JST" StructureHandle="=IFM11/src\/ifm11\/utils&amp;lt;{CONS.java[CONS[DB^col_types_refresh_log_full" StructureKind="java" NumEvents="2" CreationCount="36"/><InteractionEvent Delta="null" EndDate="2014-09-28 09:40:18.550 JST" Interest="26.591002" Kind="propagation" Navigation="org.eclipse.mylyn.core.model.edges.containment" OriginId="org.eclipse.mylyn.core.model.interest.propagation" StartDate="2014-09-28 09:30:43.604 JST" StructureHandle="=IFM11/src\/ifm11\/utils" StructureKind="java" NumEvents="45" CreationCount="28"/><InteractionEvent Delta="null" EndDate="2014-09-28 09:55:04.230 JST" Interest="24.0" Kind="propagation" Navigation="null" OriginId="org.eclipse.jdt.ui.CompilationUnitEditor" StartDate="2014-09-28 09:53:35.445 JST" StructureHandle="/cm7" StructureKind="resource" NumEvents="24" CreationCount="444"/><InteractionEvent Delta="null" EndDate="2014-09-28 09:45:56.619 JST" Interest="1.0" Kind="selection" Navigation="null" OriginId="org.eclipse.jdt.ui.CompilationUnitEditor" StartDate="2014-09-28 09:45:56.619 JST" StructureHandle="=IFM11/src&amp;lt;ifm11.utils{Tags.java[Tags[DialogTags^DROP_CREATE_DROP_TABLE_ADMIN_OK" StructureKind="java"/><InteractionEvent Delta="null" EndDate="2014-09-28 09:46:18.384 JST" Interest="12.0" Kind="propagation" Navigation="null" OriginId="org.eclipse.jdt.ui.CompilationUnitEditor" StartDate="2014-09-28 09:45:55.835 JST" StructureHandle="/IFM11/src/ifm11/utils/Tags.java" StructureKind="resource" NumEvents="12" CreationCount="301"/><InteractionEvent Delta="null" EndDate="2014-09-28 09:42:42.645 JST" Interest="3.0" Kind="selection" Navigation="null" OriginId="org.eclipse.jdt.ui.CompilationUnitEditor" StartDate="2014-09-28 09:42:39.158 JST" StructureHandle="=IFM11/src&amp;lt;ifm11.utils{Methods_dlg.java[Methods_dlg~conf_Delete_Folder~QActivity;~QDialog;~QString;~QString;" StructureKind="java" NumEvents="3" CreationCount="194"/><InteractionEvent Delta="null" EndDate="2014-09-28 09:40:18.550 JST" Interest="26.591002" Kind="propagation" Navigation="org.eclipse.mylyn.core.model.edges.containment" OriginId="org.eclipse.mylyn.core.model.interest.propagation" StartDate="2014-09-28 09:30:43.603 JST" StructureHandle="=IFM11/src\/ifm11\/utils&amp;lt;" StructureKind="java" NumEvents="45" CreationCount="28"/><InteractionEvent Delta="null" EndDate="2014-09-28 09:46:18.383 JST" Interest="3.0" Kind="edit" Navigation="null" OriginId="org.eclipse.jdt.ui.CompilationUnitEditor" StartDate="2014-09-28 09:46:11.908 JST" StructureHandle="=IFM11/src&amp;lt;ifm11.utils{Tags.java[Tags[DialogTags" StructureKind="java" NumEvents="3" CreationCount="302"/><InteractionEvent Delta="null" EndDate="2014-09-28 09:45:59.709 JST" Interest="1.717" Kind="propagation" Navigation="org.eclipse.mylyn.core.model.edges.containment" OriginId="org.eclipse.mylyn.core.model.interest.propagation" StartDate="2014-09-28 09:45:56.619 JST" StructureHandle="=IFM11/src&amp;lt;ifm11.utils{Tags.java[Tags[DialogTags" StructureKind="java" NumEvents="3" CreationCount="302"/><InteractionEvent Delta="null" EndDate="2014-09-28 09:46:17.434 JST" Interest="2.0" Kind="selection" Navigation="null" OriginId="org.eclipse.jdt.ui.CompilationUnitEditor" StartDate="2014-09-28 09:46:09.413 JST" StructureHandle="=IFM11/src&amp;lt;ifm11.utils{Tags.java[Tags[DialogTags" StructureKind="java" NumEvents="2" CreationCount="302"/><InteractionEvent Delta="null" EndDate="2014-09-28 09:34:03.976 JST" Interest="4.0" Kind="edit" Navigation="null" OriginId="org.eclipse.jdt.ui.CompilationUnitEditor" StartDate="2014-09-28 09:32:37.812 JST" StructureHandle="=IFM11/src\/ifm11\/utils&amp;lt;{CONS.java[CONS[DB^col_types_Admin_full" StructureKind="java" NumEvents="4" CreationCount="54"/><InteractionEvent Delta="null" EndDate="2014-09-28 09:34:02.244 JST" Interest="3.0" Kind="selection" Navigation="null" OriginId="org.eclipse.jdt.ui.CompilationUnitEditor" StartDate="2014-09-28 09:31:57.310 JST" StructureHandle="=IFM11/src\/ifm11\/utils&amp;lt;{CONS.java[CONS[DB^col_types_Admin_full" StructureKind="java" NumEvents="3" CreationCount="54"/><InteractionEvent Delta="null" EndDate="2014-09-28 09:29:04.446 JST" Interest="1.0" Kind="selection" Navigation="null" OriginId="org.eclipse.jdt.ui.PackageExplorer" StartDate="2014-09-28 09:29:04.446 JST" StructureHandle="/IFM11/AndroidManifest.xml" StructureKind="resource"/><InteractionEvent Delta="null" EndDate="2014-09-28 09:55:12.652 JST" Interest="1.0" Kind="selection" Navigation="null" OriginId="org.eclipse.jdt.ui.CompilationUnitEditor" StartDate="2014-09-28 09:55:12.652 JST" StructureHandle="=IFM11/src&amp;lt;ifm11.utils{Methods_dlg.java#android.database.sqlite.SQLiteDatabase" StructureKind="java"/><InteractionEvent Delta="null" EndDate="2014-09-28 10:01:37.163 JST" Interest="9.0" Kind="edit" Navigation="null" OriginId="org.eclipse.jdt.ui.CompilationUnitEditor" StartDate="2014-09-28 09:48:07.848 JST" StructureHandle="=IFM11/src&amp;lt;ifm11.listeners.dialog{DB_OCL.java[DB_OCL~onClick~QView;" StructureKind="java" NumEvents="9" CreationCount="331"/><InteractionEvent Delta="null" EndDate="2014-09-28 09:56:39.976 JST" Interest="3.0" Kind="selection" Navigation="null" OriginId="org.eclipse.jdt.ui.CompilationUnitEditor" StartDate="2014-09-28 09:48:04.699 JST" StructureHandle="=IFM11/src&amp;lt;ifm11.listeners.dialog{DB_OCL.java[DB_OCL~onClick~QView;" StructureKind="java" NumEvents="3" CreationCount="331"/><InteractionEvent Delta="null" EndDate="2014-09-28 10:01:46.727 JST" Interest="436.44202" Kind="propagation" Navigation="null" OriginId="org.eclipse.jdt.ui.CompilationUnitEditor" StartDate="2014-09-28 09:29:09.0 JST" StructureHandle="/IFM11/src" StructureKind="resource" NumEvents="439" CreationCount="2"/><InteractionEvent Delta="null" EndDate="2014-09-28 09:39:34.130 JST" Interest="3.0" Kind="selection" Navigation="null" OriginId="org.eclipse.ui.views.ResourceNavigator" StartDate="2014-09-28 09:29:46.471 JST" StructureHandle="/IFM11/src" StructureKind="resource" NumEvents="3" CreationCount="2"/><InteractionEvent Delta="null" EndDate="2014-09-28 09:55:04.229 JST" Interest="19.017" Kind="propagation" Navigation="org.eclipse.mylyn.core.model.edges.containment" OriginId="org.eclipse.mylyn.core.model.interest.propagation" StartDate="2014-09-28 09:53:43.272 JST" StructureHandle="/cm7/src/app/utils" StructureKind="resource" NumEvents="20" CreationCount="448"/><InteractionEvent Delta="null" EndDate="2014-09-28 09:55:32.901 JST" Interest="242.06801" Kind="propagation" Navigation="org.eclipse.mylyn.core.model.edges.containment" OriginId="org.eclipse.mylyn.core.model.interest.propagation" StartDate="2014-09-28 09:30:36.418 JST" StructureHandle="/IFM11/src/ifm11" StructureKind="resource" NumEvents="247" CreationCount="24"/><InteractionEvent Delta="null" EndDate="2014-09-28 09:37:24.327 JST" Interest="2.0" Kind="selection" Navigation="null" OriginId="org.eclipse.jdt.ui.PackageExplorer" StartDate="2014-09-28 09:30:35.756 JST" StructureHandle="/IFM11/src/ifm11" StructureKind="resource" NumEvents="2" CreationCount="24"/><InteractionEvent Delta="null" EndDate="2014-09-28 09:44:51.706 JST" Interest="1.0" Kind="edit" Navigation="null" OriginId="org.eclipse.jdt.ui.CompilationUnitEditor" StartDate="2014-09-28 09:44:51.706 JST" StructureHandle="=IFM11/src&amp;lt;ifm11.utils{Methods_dlg.java[Methods_dlg~conf_DropCreate_TablePatterns~QActivity;~QDialog;~QDialog;" StructureKind="java"/><InteractionEvent Delta="null" EndDate="2014-09-28 09:44:50.54 JST" Interest="1.0" Kind="selection" Navigation="null" OriginId="org.eclipse.jdt.ui.CompilationUnitEditor" StartDate="2014-09-28 09:44:50.54 JST" StructureHandle="=IFM11/src&amp;lt;ifm11.utils{Methods_dlg.java[Methods_dlg~conf_DropCreate_TablePatterns~QActivity;~QDialog;~QDialog;" StructureKind="java"/><InteractionEvent Delta="null" EndDate="2014-09-28 09:55:04.229 JST" Interest="19.051" Kind="propagation" Navigation="org.eclipse.mylyn.core.model.edges.containment" OriginId="org.eclipse.mylyn.core.model.interest.propagation" StartDate="2014-09-28 09:53:37.729 JST" StructureHandle="/cm7/src" StructureKind="resource" NumEvents="22" CreationCount="446"/><InteractionEvent Delta="null" EndDate="2014-09-28 09:34:37.921 JST" Interest="1.0" Kind="selection" Navigation="null" OriginId="org.eclipse.jdt.ui.CompilationUnitEditor" StartDate="2014-09-28 09:34:37.921 JST" StructureHandle="=IFM11/src\/ifm11\/utils&amp;lt;{CONS.java[CONS[DB^col_names_IFM11" StructureKind="java"/><InteractionEvent Delta="null" EndDate="2014-09-28 09:46:18.384 JST" Interest="5.817" Kind="propagation" Navigation="org.eclipse.mylyn.core.model.edges.containment" OriginId="org.eclipse.mylyn.core.model.interest.propagation" StartDate="2014-09-28 09:45:56.619 JST" StructureHandle="=IFM11/src&amp;lt;ifm11.utils{Tags.java[Tags" StructureKind="java" NumEvents="8" CreationCount="302"/><InteractionEvent Delta="null" EndDate="2014-09-28 09:54:04.732 JST" Interest="3.0" Kind="edit" Navigation="null" OriginId="org.eclipse.jdt.ui.CompilationUnitEditor" StartDate="2014-09-28 09:54:01.111 JST" StructureHandle="=cm7/src&amp;lt;app.utils{Methods_dlg.java[Methods_dlg~dlg_ShowMessage_ThirdDialog~QActivity;~QString;~QDialog;~QDialog;~I" StructureKind="java" NumEvents="3" CreationCount="453"/><InteractionEvent Delta="null" EndDate="2014-09-28 09:54:57.499 JST" Interest="2.0" Kind="selection" Navigation="null" OriginId="org.eclipse.jdt.ui.CompilationUnitEditor" StartDate="2014-09-28 09:54:00.651 JST" StructureHandle="=cm7/src&amp;lt;app.utils{Methods_dlg.java[Methods_dlg~dlg_ShowMessage_ThirdDialog~QActivity;~QString;~QDialog;~QDialog;~I" StructureKind="java" NumEvents="2" CreationCount="453"/><InteractionEvent Delta="null" EndDate="2014-09-28 10:01:46.727 JST" Interest="92.08099" Kind="propagation" Navigation="org.eclipse.mylyn.core.model.edges.containment" OriginId="org.eclipse.mylyn.core.model.interest.propagation" StartDate="2014-09-28 09:42:36.405 JST" StructureHandle="=IFM11/src" StructureKind="java" NumEvents="143" CreationCount="148"/><InteractionEvent Delta="null" EndDate="2014-09-28 09:53:28.304 JST" Interest="3.0" Kind="selection" Navigation="null" OriginId="org.eclipse.ui.views.ResourceNavigator" StartDate="2014-09-28 09:39:47.1 JST" StructureHandle="=IFM11/src" StructureKind="java" NumEvents="3" CreationCount="148"/><InteractionEvent Delta="null" EndDate="2014-09-28 09:39:41.933 JST" Interest="5.0" Kind="propagation" Navigation="null" OriginId="org.eclipse.mylyn.resources.ui.interest.updater" StartDate="2014-09-28 09:30:53.129 JST" StructureHandle="/IFM11/gen/ifm11/main" StructureKind="resource" NumEvents="5" CreationCount="32"/><InteractionEvent Delta="null" EndDate="2014-09-28 09:29:17.644 JST" Interest="1.0" Kind="selection" Navigation="null" OriginId="org.eclipse.jdt.ui.PackageExplorer" StartDate="2014-09-28 09:29:17.644 JST" StructureHandle="/IFM11/assets" StructureKind="resource"/><InteractionEvent Delta="null" EndDate="2014-09-28 09:55:04.229 JST" Interest="19.0" Kind="propagation" Navigation="null" OriginId="org.eclipse.jdt.ui.CompilationUnitEditor" StartDate="2014-09-28 09:53:46.143 JST" StructureHandle="/cm7/src/app/utils/Methods_dlg.java" StructureKind="resource" NumEvents="19" CreationCount="449"/><InteractionEvent Delta="null" EndDate="2014-09-28 09:47:33.536 JST" Interest="29.0" Kind="edit" Navigation="null" OriginId="org.eclipse.jdt.ui.CompilationUnitEditor" StartDate="2014-09-28 09:45:05.256 JST" StructureHandle="=IFM11/src&amp;lt;ifm11.utils{Methods_dlg.java[Methods_dlg~conf_DropCreate_Table_Admin~QActivity;~QDialog;~QDialog;" StructureKind="java" NumEvents="29" CreationCount="265"/><InteractionEvent Delta="null" EndDate="2014-09-28 09:54:07.371 JST" Interest="6.0" Kind="selection" Navigation="null" OriginId="org.eclipse.jdt.ui.CompilationUnitEditor" StartDate="2014-09-28 09:44:58.680 JST" StructureHandle="=IFM11/src&amp;lt;ifm11.utils{Methods_dlg.java[Methods_dlg~conf_DropCreate_Table_Admin~QActivity;~QDialog;~QDialog;" StructureKind="java" NumEvents="6" CreationCount="265"/><InteractionEvent Delta="null" EndDate="2014-09-28 09:55:07.243 JST" Interest="5.0" Kind="edit" Navigation="null" OriginId="org.eclipse.jdt.ui.CompilationUnitEditor" StartDate="2014-09-28 09:54:30.436 JST" StructureHandle="=IFM11/src&amp;lt;ifm11.utils{Methods_dlg.java[Methods_dlg~dlg_ShowMessage_ThirdDialog~QActivity;~QString;~QDialog;~QDialog;~I" StructureKind="java" NumEvents="5" CreationCount="463"/><InteractionEvent Delta="null" EndDate="2014-09-28 09:55:32.900 JST" Interest="5.0" Kind="selection" Navigation="null" OriginId="org.eclipse.jdt.ui.CompilationUnitEditor" StartDate="2014-09-28 09:54:13.590 JST" StructureHandle="=IFM11/src&amp;lt;ifm11.utils{Methods_dlg.java[Methods_dlg~dlg_ShowMessage_ThirdDialog~QActivity;~QString;~QDialog;~QDialog;~I" StructureKind="java" NumEvents="5" CreationCount="463"/><InteractionEvent Delta="null" EndDate="2014-09-28 09:37:57.841 JST" Interest="8.0" Kind="edit" Navigation="null" OriginId="org.eclipse.jdt.ui.CompilationUnitEditor" StartDate="2014-09-28 09:31:25.885 JST" StructureHandle="=IFM11/src\/ifm11\/utils&amp;lt;{CONS.java[CONS[DB" StructureKind="java" NumEvents="8" CreationCount="35"/><InteractionEvent Delta="null" EndDate="2014-09-28 09:34:08.241 JST" Interest="5.171999" Kind="propagation" Navigation="org.eclipse.mylyn.core.model.edges.containment" OriginId="org.eclipse.mylyn.core.model.interest.propagation" StartDate="2014-09-28 09:31:09.533 JST" StructureHandle="=IFM11/src\/ifm11\/utils&amp;lt;{CONS.java[CONS[DB" StructureKind="java" NumEvents="9" CreationCount="35"/><InteractionEvent Delta="null" EndDate="2014-09-28 09:38:12.782 JST" Interest="13.0" Kind="selection" Navigation="null" OriginId="org.eclipse.jdt.ui.CompilationUnitEditor" StartDate="2014-09-28 09:31:07.173 JST" StructureHandle="=IFM11/src\/ifm11\/utils&amp;lt;{CONS.java[CONS[DB" StructureKind="java" NumEvents="13" CreationCount="35"/><InteractionEvent Delta="null" EndDate="2014-09-28 09:40:13.978 JST" Interest="1.0" Kind="edit" Navigation="null" OriginId="org.eclipse.jdt.ui.CompilationUnitEditor" StartDate="2014-09-28 09:40:13.978 JST" StructureHandle="=IFM11/src\/ifm11\/utils&amp;lt;{CONS.java" StructureKind="java"/><InteractionEvent Delta="null" EndDate="2014-09-28 09:38:28.977 JST" Interest="19.891" Kind="propagation" Navigation="org.eclipse.mylyn.core.model.edges.containment" OriginId="org.eclipse.mylyn.core.model.interest.propagation" StartDate="2014-09-28 09:31:22.591 JST" StructureHandle="=IFM11/src\/ifm11\/utils&amp;lt;{CONS.java" StructureKind="java" NumEvents="36" CreationCount="28"/><InteractionEvent Delta="null" EndDate="2014-09-28 09:40:11.581 JST" Interest="6.0" Kind="selection" Navigation="null" OriginId="org.eclipse.jdt.ui.CompilationUnitEditor" StartDate="2014-09-28 09:30:43.603 JST" StructureHandle="=IFM11/src\/ifm11\/utils&amp;lt;{CONS.java" StructureKind="java" NumEvents="6" CreationCount="28"/><InteractionEvent Delta="null" EndDate="2014-09-28 09:46:29.839 JST" Interest="1.0" Kind="prediction" Navigation="null" OriginId="org.eclipse.mylyn.resources.ui.interest.updater" StartDate="2014-09-28 09:46:29.839 JST" StructureHandle="/IFM11/bin/resources.ap_" StructureKind="resource"/><InteractionEvent Delta="null" EndDate="2014-09-28 09:43:18.605 JST" Interest="14.0" Kind="edit" Navigation="null" OriginId="org.eclipse.jdt.ui.CompilationUnitEditor" StartDate="2014-09-28 09:42:50.112 JST" StructureHandle="=IFM11/src&amp;lt;ifm11.utils{Methods_dlg.java[Methods_dlg~_dlg_Admin_Ops__Setup_List~QActivity;~QDialog;" StructureKind="java" NumEvents="14" CreationCount="202"/><InteractionEvent Delta="null" EndDate="2014-09-28 09:43:24.908 JST" Interest="2.0" Kind="selection" Navigation="null" OriginId="org.eclipse.jdt.ui.CompilationUnitEditor" StartDate="2014-09-28 09:42:49.453 JST" StructureHandle="=IFM11/src&amp;lt;ifm11.utils{Methods_dlg.java[Methods_dlg~_dlg_Admin_Ops__Setup_List~QActivity;~QDialog;" StructureKind="java" NumEvents="2" CreationCount="202"/><InteractionEvent Delta="null" EndDate="2014-09-28 09:46:14.816 JST" Interest="1.0" Kind="selection" Navigation="null" OriginId="org.eclipse.jdt.ui.CompilationUnitEditor" StartDate="2014-09-28 09:46:14.816 JST" StructureHandle="=IFM11/src&amp;lt;ifm11.utils{Tags.java[Tags[DialogTags^GENERIC_DISMISS" StructureKind="java"/><InteractionEvent Delta="null" EndDate="2014-09-28 09:54:16.320 JST" Interest="1.0" Kind="selection" Navigation="null" OriginId="org.eclipse.jdt.ui.CompilationUnitEditor" StartDate="2014-09-28 09:54:16.320 JST" StructureHandle="=IFM11/src&amp;lt;ifm11.utils{Methods_dlg.java#ifm11.listeners.LOI_LCL" StructureKind="java"/><InteractionEvent Delta="null" EndDate="2014-09-28 09:48:23.999 JST" Interest="1.0" Kind="edit" Navigation="null" OriginId="org.eclipse.jdt.ui.CompilationUnitEditor" StartDate="2014-09-28 09:48:23.999 JST" StructureHandle="=IFM11/src&amp;lt;ifm11.listeners.dialog{DB_OCL.java[DB_OCL" StructureKind="java"/><InteractionEvent Delta="null" EndDate="2014-09-28 10:01:46.726 JST" Interest="90.30399" Kind="propagation" Navigation="org.eclipse.mylyn.core.model.edges.containment" OriginId="org.eclipse.mylyn.core.model.interest.propagation" StartDate="2014-09-28 09:48:01.374 JST" StructureHandle="=IFM11/src&amp;lt;ifm11.listeners.dialog{DB_OCL.java[DB_OCL" StructureKind="java" NumEvents="130" CreationCount="329"/><InteractionEvent Delta="null" EndDate="2014-09-28 09:48:23.122 JST" Interest="1.0" Kind="selection" Navigation="null" OriginId="org.eclipse.jdt.ui.CompilationUnitEditor" StartDate="2014-09-28 09:48:23.122 JST" StructureHandle="=IFM11/src&amp;lt;ifm11.listeners.dialog{DB_OCL.java[DB_OCL" StructureKind="java"/><InteractionEvent Delta="null" EndDate="2014-09-28 09:32:34.505 JST" Interest="2.0" Kind="edit" Navigation="null" OriginId="org.eclipse.jdt.ui.CompilationUnitEditor" StartDate="2014-09-28 09:32:33.789 JST" StructureHandle="=IFM11/src\/ifm11\/utils&amp;lt;{CONS.java[CONS[DB^col_types_Admin" StructureKind="java" NumEvents="2" CreationCount="53"/><InteractionEvent Delta="null" EndDate="2014-09-28 09:41:06.487 JST" Interest="4.0" Kind="selection" Navigation="null" OriginId="org.eclipse.jdt.ui.CompilationUnitEditor" StartDate="2014-09-28 09:31:55.139 JST" StructureHandle="=IFM11/src\/ifm11\/utils&amp;lt;{CONS.java[CONS[DB^col_types_Admin" StructureKind="java" NumEvents="4" CreationCount="53"/><InteractionEvent Delta="null" EndDate="2014-09-28 09:54:20.376 JST" Interest="2.0" Kind="edit" Navigation="null" OriginId="org.eclipse.jdt.ui.CompilationUnitEditor" StartDate="2014-09-28 09:54:19.51 JST" StructureHandle="=IFM11/src&amp;lt;ifm11.utils{Methods_dlg.java" StructureKind="java" NumEvents="2" CreationCount="191"/><InteractionEvent Delta="null" EndDate="2014-09-28 09:55:28.656 JST" Interest="20.858" Kind="propagation" Navigation="org.eclipse.mylyn.core.model.edges.containment" OriginId="org.eclipse.mylyn.core.model.interest.propagation" StartDate="2014-09-28 09:42:42.643 JST" StructureHandle="=IFM11/src&amp;lt;ifm11.utils{Methods_dlg.java" StructureKind="java" NumEvents="33" CreationCount="191"/><InteractionEvent Delta="null" EndDate="2014-09-28 09:55:30.201 JST" Interest="12.0" Kind="selection" Navigation="null" OriginId="org.eclipse.jdt.ui.CompilationUnitEditor" StartDate="2014-09-28 09:42:36.84 JST" StructureHandle="=IFM11/src&amp;lt;ifm11.utils{Methods_dlg.java" StructureKind="java" NumEvents="12" CreationCount="191"/><InteractionEvent Delta="null" EndDate="2014-09-28 09:40:26.318 JST" Interest="0.2750001" Kind="manipulation" Navigation="null" OriginId="org.eclipse.mylyn.core.model.interest.decay.correction" StartDate="2014-09-28 09:40:26.318 JST" StructureHandle="=IFM11/src\/ifm11\/utils&amp;lt;{CONS.java[CONS[DB^col_names_MemoPatterns" StructureKind="java"/><InteractionEvent Delta="null" EndDate="2014-09-28 09:40:26.318 JST" Interest="2.0" Kind="selection" Navigation="null" OriginId="org.eclipse.jdt.ui.CompilationUnitEditor" StartDate="2014-09-28 09:32:43.900 JST" StructureHandle="=IFM11/src\/ifm11\/utils&amp;lt;{CONS.java[CONS[DB^col_names_MemoPatterns" StructureKind="java" NumEvents="2" CreationCount="80"/><InteractionEvent Delta="null" EndDate="2014-09-28 09:55:32.901 JST" Interest="244.017" Kind="propagation" Navigation="null" OriginId="org.eclipse.jdt.ui.CompilationUnitEditor" StartDate="2014-09-28 09:30:43.603 JST" StructureHandle="/IFM11/src/ifm11/utils" StructureKind="resource" NumEvents="245" CreationCount="27"/><InteractionEvent Delta="null" EndDate="2014-09-28 09:30:41.425 JST" Interest="1.0" Kind="selection" Navigation="null" OriginId="org.eclipse.jdt.ui.PackageExplorer" StartDate="2014-09-28 09:30:41.425 JST" StructureHandle="/IFM11/src/ifm11/utils" StructureKind="resource"/><InteractionEvent Delta="null" EndDate="2014-09-28 09:47:53.807 JST" Interest="9.0" Kind="propagation" Navigation="null" OriginId="org.eclipse.jdt.ui.CompilationUnitEditor" StartDate="2014-09-28 09:47:41.496 JST" StructureHandle="/IFM11/src/ifm11/listeners/dialog/DB_OTL.java" StructureKind="resource" NumEvents="9" CreationCount="317"/><InteractionEvent Delta="null" EndDate="2014-09-28 09:48:20.247 JST" Interest="1.0" Kind="edit" Navigation="null" OriginId="org.eclipse.jdt.ui.CompilationUnitEditor" StartDate="2014-09-28 09:48:20.247 JST" StructureHandle="=IFM11/src&amp;lt;ifm11.listeners.dialog{DB_OCL.java[DB_OCL~case_DROP_CREATE_TABLE_PATTERNS_OK" StructureKind="java"/><InteractionEvent Delta="null" EndDate="2014-09-28 09:48:16.557 JST" Interest="1.0" Kind="selection" Navigation="null" OriginId="org.eclipse.jdt.ui.CompilationUnitEditor" StartDate="2014-09-28 09:48:16.557 JST" StructureHandle="=IFM11/src&amp;lt;ifm11.listeners.dialog{DB_OCL.java[DB_OCL~case_DROP_CREATE_TABLE_PATTERNS_OK" StructureKind="java"/><InteractionEvent Delta="null" EndDate="2014-09-28 09:45:01.543 JST" Interest="15.451" Kind="propagation" Navigation="org.eclipse.mylyn.core.model.edges.containment" OriginId="org.eclipse.mylyn.core.model.interest.propagation" StartDate="2014-09-28 09:43:59.666 JST" StructureHandle="=IFM11/src&amp;lt;ifm11.listeners.dialog{DOI_CL.java" StructureKind="java" NumEvents="26" CreationCount="234"/><InteractionEvent Delta="null" EndDate="2014-09-28 09:55:32.962 JST" Interest="5.0" Kind="selection" Navigation="null" OriginId="org.eclipse.jdt.ui.CompilationUnitEditor" StartDate="2014-09-28 09:43:58.908 JST" StructureHandle="=IFM11/src&amp;lt;ifm11.listeners.dialog{DOI_CL.java" StructureKind="java" NumEvents="5" CreationCount="234"/><InteractionEvent Delta="null" EndDate="2014-09-28 09:54:17.37 JST" Interest="1.0" Kind="selection" Navigation="null" OriginId="org.eclipse.jdt.ui.CompilationUnitEditor" StartDate="2014-09-28 09:54:17.37 JST" StructureHandle="=IFM11/src&amp;lt;ifm11.utils{Methods_dlg.java#android.view.ViewGroup.LayoutParams" StructureKind="java"/><InteractionEvent Delta="null" EndDate="2014-09-28 09:45:01.542 JST" Interest="22.0" Kind="edit" Navigation="null" OriginId="org.eclipse.jdt.ui.CompilationUnitEditor" StartDate="2014-09-28 09:44:04.171 JST" StructureHandle="=IFM11/src&amp;lt;ifm11.listeners.dialog{DOI_CL.java[DOI_CL~case_ACTV_MAIN_ADMIN_LV_OPS~QListItem;" StructureKind="java" NumEvents="22" CreationCount="237"/><InteractionEvent Delta="null" EndDate="2014-09-28 09:54:06.890 JST" Interest="3.0" Kind="selection" Navigation="null" OriginId="org.eclipse.jdt.ui.CompilationUnitEditor" StartDate="2014-09-28 09:44:02.861 JST" StructureHandle="=IFM11/src&amp;lt;ifm11.listeners.dialog{DOI_CL.java[DOI_CL~case_ACTV_MAIN_ADMIN_LV_OPS~QListItem;" StructureKind="java" NumEvents="3" CreationCount="237"/><InteractionEvent Delta="null" EndDate="2014-09-28 09:39:57.789 JST" Interest="1.0" Kind="selection" Navigation="null" OriginId="org.eclipse.jdt.ui.CompilationUnitEditor" StartDate="2014-09-28 09:39:57.789 JST" StructureHandle="=IFM11/src\/ifm11\/utils&amp;lt;{CONS.java[CONS[DB^fname_Log_ext" StructureKind="java"/><InteractionEvent Delta="null" EndDate="2014-09-28 10:01:46.727 JST" Interest="192.0" Kind="propagation" Navigation="org.eclipse.mylyn.core.model.edges.containment" OriginId="org.eclipse.mylyn.core.model.interest.propagation" StartDate="2014-09-28 09:43:58.908 JST" StructureHandle="/IFM11/src/ifm11/listeners" StructureKind="resource" NumEvents="192" CreationCount="234"/><InteractionEvent Delta="null" EndDate="2014-09-28 09:37:24.167 JST" Interest="0.51300013" Kind="manipulation" Navigation="null" OriginId="org.eclipse.mylyn.core.model.interest.decay.correction" StartDate="2014-09-28 09:37:24.167 JST" StructureHandle="/IFM11/src/ifm11/tasks" StructureKind="resource"/><InteractionEvent Delta="null" EndDate="2014-09-28 09:37:24.167 JST" Interest="2.0" Kind="selection" Navigation="null" OriginId="org.eclipse.jdt.ui.PackageExplorer" StartDate="2014-09-28 09:30:45.936 JST" StructureHandle="/IFM11/src/ifm11/tasks" StructureKind="resource" NumEvents="2" CreationCount="31"/><InteractionEvent Delta="null" EndDate="2014-09-28 09:55:32.901 JST" Interest="33.275" Kind="propagation" Navigation="org.eclipse.mylyn.core.model.edges.containment" OriginId="org.eclipse.mylyn.core.model.interest.propagation" StartDate="2014-09-28 09:42:36.85 JST" StructureHandle="=IFM11/src&amp;lt;ifm11.utils" StructureKind="java" NumEvents="51" CreationCount="190"/><InteractionEvent Delta="null" EndDate="2014-09-28 09:42:34.880 JST" Interest="1.0" Kind="selection" Navigation="null" OriginId="org.eclipse.jdt.ui.PackageExplorer" StartDate="2014-09-28 09:42:34.880 JST" StructureHandle="=IFM11/src&amp;lt;ifm11.utils" StructureKind="java"/><InteractionEvent Delta="null" EndDate="2014-09-28 09:39:41.930 JST" Interest="1.0" Kind="propagation" Navigation="null" OriginId="org.eclipse.mylyn.resources.ui.interest.updater" StartDate="2014-09-28 09:39:41.930 JST" StructureHandle="/IFM11/bin/AndroidManifest.xml" StructureKind="resource"/><InteractionEvent Delta="null" EndDate="2014-09-28 09:30:18.77 JST" Interest="1.0" Kind="selection" Navigation="null" OriginId="org.eclipse.jdt.ui.PackageExplorer" StartDate="2014-09-28 09:30:18.77 JST" StructureHandle="/IFM11/bin/AndroidManifest.xml" StructureKind="resource"/><InteractionEvent Delta="null" EndDate="2014-09-28 09:55:04.229 JST" Interest="18.085001" Kind="propagation" Navigation="org.eclipse.mylyn.core.model.edges.containment" OriginId="org.eclipse.mylyn.core.model.interest.propagation" StartDate="2014-09-28 09:53:37.640 JST" StructureHandle="=cm7" StructureKind="resource" NumEvents="23" CreationCount="444"/><InteractionEvent Delta="null" EndDate="2014-09-28 09:53:35.445 JST" Interest="1.0" Kind="selection" Navigation="null" OriginId="org.eclipse.ui.views.ResourceNavigator" StartDate="2014-09-28 09:53:35.445 JST" StructureHandle="=cm7" StructureKind="java"/><InteractionEvent Delta="null" EndDate="2014-09-28 09:55:04.230 JST" Interest="4.627" Kind="propagation" Navigation="org.eclipse.mylyn.core.model.edges.containment" OriginId="org.eclipse.mylyn.core.model.interest.propagation" StartDate="2014-09-28 09:53:39.352 JST" StructureHandle="=cm7/src" StructureKind="java" NumEvents="13" CreationCount="446"/><InteractionEvent Delta="null" EndDate="2014-09-28 09:53:37.729 JST" Interest="1.0" Kind="selection" Navigation="null" OriginId="org.eclipse.ui.views.ResourceNavigator" StartDate="2014-09-28 09:53:37.729 JST" StructureHandle="=cm7/src" StructureKind="java"/><InteractionEvent Delta="null" EndDate="2014-09-28 09:55:06.609 JST" Interest="19.82" Kind="propagation" Navigation="org.eclipse.mylyn.core.model.edges.containment" OriginId="org.eclipse.mylyn.core.model.interest.propagation" StartDate="2014-09-28 09:41:13.674 JST" StructureHandle="/IFM11/res" StructureKind="resource" NumEvents="27" CreationCount="6"/><InteractionEvent Delta="null" EndDate="2014-09-28 09:39:35.630 JST" Interest="4.0" Kind="selection" Navigation="null" OriginId="org.eclipse.jdt.ui.PackageExplorer" StartDate="2014-09-28 09:29:19.978 JST" StructureHandle="/IFM11/res" StructureKind="resource" NumEvents="4" CreationCount="6"/><InteractionEvent Delta="null" EndDate="2014-09-28 09:42:38.392 JST" Interest="1.0" Kind="selection" Navigation="null" OriginId="org.eclipse.ui.views.ContentOutline" StartDate="2014-09-28 09:42:38.392 JST" StructureHandle="=IFM11/src&amp;lt;ifm11.utils{Methods_dlg.java%ifm11.utils" StructureKind="java"/><InteractionEvent Delta="null" EndDate="2014-09-28 10:01:46.727 JST" Interest="527.0" Kind="propagation" Navigation="null" OriginId="org.eclipse.jdt.ui.CompilationUnitEditor" StartDate="2014-09-28 09:29:04.446 JST" StructureHandle="/IFM11" StructureKind="resource" NumEvents="527" CreationCount="1"/><InteractionEvent Delta="null" EndDate="2014-09-28 09:54:06.891 JST" Interest="18.434" Kind="propagation" Navigation="org.eclipse.mylyn.core.model.edges.containment" OriginId="org.eclipse.mylyn.core.model.interest.propagation" StartDate="2014-09-28 09:43:59.665 JST" StructureHandle="=IFM11/src&amp;lt;ifm11.listeners.dialog{DOI_CL.java[DOI_CL" StructureKind="java" NumEvents="27" CreationCount="235"/><InteractionEvent Delta="null" EndDate="2014-09-28 09:55:04.229 JST" Interest="19.034" Kind="propagation" Navigation="org.eclipse.mylyn.core.model.edges.containment" OriginId="org.eclipse.mylyn.core.model.interest.propagation" StartDate="2014-09-28 09:53:39.352 JST" StructureHandle="/cm7/src/app" StructureKind="resource" NumEvents="21" CreationCount="447"/><InteractionEvent Delta="null" EndDate="2014-09-28 09:41:05.904 JST" Interest="12.0" Kind="edit" Navigation="null" OriginId="org.eclipse.jdt.ui.CompilationUnitEditor" StartDate="2014-09-28 09:32:09.333 JST" StructureHandle="=IFM11/src\/ifm11\/utils&amp;lt;{CONS.java[CONS[DB^col_names_Admin" StructureKind="java" NumEvents="12" CreationCount="51"/><InteractionEvent Delta="null" EndDate="2014-09-28 09:40:45.692 JST" Interest="7.0" Kind="selection" Navigation="null" OriginId="org.eclipse.jdt.ui.CompilationUnitEditor" StartDate="2014-09-28 09:31:52.48 JST" StructureHandle="=IFM11/src\/ifm11\/utils&amp;lt;{CONS.java[CONS[DB^col_names_Admin" StructureKind="java" NumEvents="7" CreationCount="51"/><InteractionEvent Delta="null" EndDate="2014-09-28 09:56:36.165 JST" Interest="2.0" Kind="prediction" Navigation="null" OriginId="org.eclipse.mylyn.resources.ui.interest.updater" StartDate="2014-09-28 09:46:29.839 JST" StructureHandle="/IFM11/bin/classes.dex" StructureKind="resource" NumEvents="2" CreationCount="147"/><InteractionEvent Delta="null" EndDate="2014-09-28 09:39:37.212 JST" Interest="1.0" Kind="selection" Navigation="null" OriginId="org.eclipse.jdt.ui.PackageExplorer" StartDate="2014-09-28 09:39:37.212 JST" StructureHandle="/IFM11/bin/classes.dex" StructureKind="resource"/><InteractionEvent Delta="null" EndDate="2014-09-28 09:48:01.373 JST" Interest="1.0" Kind="selection" Navigation="null" OriginId="org.eclipse.jdt.ui.CompilationUnitEditor" StartDate="2014-09-28 09:48:01.373 JST" StructureHandle="=IFM11/src&amp;lt;ifm11.listeners.dialog{DB_OCL.java[DB_OCL~DB_OCL~QActivity;~QDialog;~QDialog;~QDialog;" StructureKind="java"/><InteractionEvent Delta="null" EndDate="2014-09-28 09:55:32.901 JST" Interest="114.0" Kind="propagation" Navigation="null" OriginId="org.eclipse.jdt.ui.CompilationUnitEditor" StartDate="2014-09-28 09:42:36.85 JST" StructureHandle="/IFM11/src/ifm11/utils/Methods_dlg.java" StructureKind="resource" NumEvents="114" CreationCount="191"/><InteractionEvent Delta="null" EndDate="2014-09-28 09:38:12.783 JST" Interest="22.823" Kind="propagation" Navigation="org.eclipse.mylyn.core.model.edges.containment" OriginId="org.eclipse.mylyn.core.model.interest.propagation" StartDate="2014-09-28 09:30:47.181 JST" StructureHandle="=IFM11/src\/ifm11\/utils&amp;lt;{CONS.java[CONS" StructureKind="java" NumEvents="38" CreationCount="32"/><InteractionEvent Delta="null" EndDate="2014-09-28 09:34:34.99 JST" Interest="1.0" Kind="selection" Navigation="null" OriginId="org.eclipse.jdt.ui.CompilationUnitEditor" StartDate="2014-09-28 09:34:34.99 JST" StructureHandle="=IFM11/src\/ifm11\/utils&amp;lt;{CONS.java[CONS" StructureKind="java"/><InteractionEvent Delta="null" EndDate="2014-09-28 09:43:44.997 JST" Interest="3.0" Kind="edit" Navigation="null" OriginId="org.eclipse.jdt.ui.CompilationUnitEditor" StartDate="2014-09-28 09:42:43.170 JST" StructureHandle="=IFM11/src&amp;lt;ifm11.utils{Methods_dlg.java[Methods_dlg~dlg_ACTV_MAIN_Operations~QActivity;~QDialog;" StructureKind="java" NumEvents="3" CreationCount="195"/><InteractionEvent Delta="null" EndDate="2014-09-28 09:43:43.991 JST" Interest="5.0" Kind="selection" Navigation="null" OriginId="org.eclipse.jdt.ui.CompilationUnitEditor" StartDate="2014-09-28 09:42:42.597 JST" StructureHandle="=IFM11/src&amp;lt;ifm11.utils{Methods_dlg.java[Methods_dlg~dlg_ACTV_MAIN_Operations~QActivity;~QDialog;" StructureKind="java" NumEvents="5" CreationCount="195"/><InteractionEvent Delta="null" EndDate="2014-09-28 09:53:31.682 JST" Interest="4.1570005" Kind="manipulation" Navigation="null" OriginId="org.eclipse.mylyn.core.model.interest.decay.correction" StartDate="2014-09-28 09:53:31.682 JST" StructureHandle="=TA2" StructureKind="java"/><InteractionEvent Delta="null" EndDate="2014-09-28 09:53:31.682 JST" Interest="4.0" Kind="selection" Navigation="null" OriginId="org.eclipse.ui.views.ResourceNavigator" StartDate="2014-09-28 09:30:30.26 JST" StructureHandle="=TA2" StructureKind="java" NumEvents="4" CreationCount="21"/><InteractionEvent Delta="null" EndDate="2014-09-28 09:44:00.948 JST" Interest="1.0" Kind="selection" Navigation="null" OriginId="org.eclipse.jdt.ui.CompilationUnitEditor" StartDate="2014-09-28 09:44:00.948 JST" StructureHandle="=IFM11/src&amp;lt;ifm11.listeners.dialog{DOI_CL.java[DOI_CL~onItemClick~QAdapterView\&amp;lt;*&amp;gt;;~QView;~I~J" StructureKind="java"/><InteractionEvent Delta="null" EndDate="2014-09-28 09:30:36.418 JST" Interest="1.0" Kind="selection" Navigation="null" OriginId="org.eclipse.jdt.ui.PackageExplorer" StartDate="2014-09-28 09:30:36.418 JST" StructureHandle="/IFM11/src/ifm11/adapters" StructureKind="resource"/><InteractionEvent Delta="null" EndDate="2014-09-28 09:30:53.128 JST" Interest="2.0" Kind="propagation" Navigation="null" OriginId="org.eclipse.mylyn.resources.ui.interest.updater" StartDate="2014-09-28 09:30:53.129 JST" StructureHandle="=IFM11/gen&amp;lt;ifm11.main" StructureKind="java" NumEvents="2" CreationCount="32"/><InteractionEvent Delta="null" EndDate="2014-09-28 09:54:55.389 JST" Interest="2.0" Kind="selection" Navigation="null" OriginId="org.eclipse.jdt.ui.CompilationUnitEditor" StartDate="2014-09-28 09:54:55.388 JST" StructureHandle="=cm7/src&amp;lt;app.utils{Methods_dlg.java[Methods_dlg~dlg_ShowMessage_ThirdDialog~QActivity;~QString;~QDialog;~QDialog;" StructureKind="java" NumEvents="2" CreationCount="478"/><InteractionEvent Delta="null" EndDate="2014-09-28 09:46:18.384 JST" Interest="4.834" Kind="propagation" Navigation="org.eclipse.mylyn.core.model.edges.containment" OriginId="org.eclipse.mylyn.core.model.interest.propagation" StartDate="2014-09-28 09:45:56.620 JST" StructureHandle="=IFM11/src&amp;lt;ifm11.utils{Tags.java" StructureKind="java" NumEvents="9" CreationCount="301"/><InteractionEvent Delta="null" EndDate="2014-09-28 09:45:55.834 JST" Interest="1.0" Kind="selection" Navigation="null" OriginId="org.eclipse.jdt.ui.CompilationUnitEditor" StartDate="2014-09-28 09:45:55.834 JST" StructureHandle="=IFM11/src&amp;lt;ifm11.utils{Tags.java" StructureKind="java"/><InteractionEvent Delta="null" EndDate="2014-09-28 09:47:53.807 JST" Interest="4.2339997" Kind="propagation" Navigation="org.eclipse.mylyn.core.model.edges.containment" OriginId="org.eclipse.mylyn.core.model.interest.propagation" StartDate="2014-09-28 09:47:42.218 JST" StructureHandle="=IFM11/src&amp;lt;ifm11.listeners.dialog{DB_OTL.java" StructureKind="java" NumEvents="8" CreationCount="317"/><InteractionEvent Delta="null" EndDate="2014-09-28 09:47:41.496 JST" Interest="1.0" Kind="selection" Navigation="null" OriginId="org.eclipse.jdt.ui.CompilationUnitEditor" StartDate="2014-09-28 09:47:41.496 JST" StructureHandle="=IFM11/src&amp;lt;ifm11.listeners.dialog{DB_OTL.java" StructureKind="java"/><InteractionEvent Delta="null" EndDate="2014-09-28 09:30:39.31 JST" Interest="1.0" Kind="selection" Navigation="null" OriginId="org.eclipse.jdt.ui.PackageExplorer" StartDate="2014-09-28 09:30:39.31 JST" StructureHandle="/IFM11/src/ifm11/main" StructureKind="resource"/><InteractionEvent Delta="null" EndDate="2014-09-28 09:47:53.806 JST" Interest="5.2169995" Kind="propagation" Navigation="org.eclipse.mylyn.core.model.edges.containment" OriginId="org.eclipse.mylyn.core.model.interest.propagation" StartDate="2014-09-28 09:47:42.218 JST" StructureHandle="=IFM11/src&amp;lt;ifm11.listeners.dialog{DB_OTL.java[DB_OTL" StructureKind="java" NumEvents="8" CreationCount="318"/><InteractionEvent Delta="null" EndDate="2014-09-28 09:37:35.226 JST" Interest="1.0" Kind="propagation" Navigation="null" OriginId="org.eclipse.mylyn.resources.ui.interest.updater" StartDate="2014-09-28 09:37:35.226 JST" StructureHandle="/IFM11/bin/dexedLibs/annotations-d288b20aa2286e3172641d3161bdbc70.jar" StructureKind="resource"/><InteractionEvent Delta="null" EndDate="2014-09-28 09:54:15.512 JST" Interest="1.0" Kind="selection" Navigation="null" OriginId="org.eclipse.jdt.ui.CompilationUnitEditor" StartDate="2014-09-28 09:54:15.512 JST" StructureHandle="=IFM11/src&amp;lt;ifm11.utils{Methods_dlg.java#ifm11.adapters.Adp_WordPatterns" StructureKind="java"/><InteractionEvent Delta="null" EndDate="2014-09-28 09:55:04.230 JST" Interest="4.593" Kind="propagation" Navigation="org.eclipse.mylyn.core.model.edges.containment" OriginId="org.eclipse.mylyn.core.model.interest.propagation" StartDate="2014-09-28 09:53:46.143 JST" StructureHandle="=cm7/src&amp;lt;app.utils" StructureKind="java" NumEvents="10" CreationCount="448"/><InteractionEvent Delta="null" EndDate="2014-09-28 09:53:43.271 JST" Interest="1.0" Kind="selection" Navigation="null" OriginId="org.eclipse.ui.views.ResourceNavigator" StartDate="2014-09-28 09:53:43.271 JST" StructureHandle="=cm7/src&amp;lt;app.utils" StructureKind="java"/><InteractionEvent Delta="null" EndDate="2014-09-28 09:48:02.468 JST" Interest="1.0" Kind="selection" Navigation="null" OriginId="org.eclipse.jdt.ui.CompilationUnitEditor" StartDate="2014-09-28 09:48:02.468 JST" StructureHandle="=IFM11/src&amp;lt;ifm11.listeners.dialog{DB_OCL.java[DB_OCL~DB_OCL~QActivity;~QDialog;~QDialog;~QString;" StructureKind="java"/><InteractionEvent Delta="null" EndDate="2014-09-28 09:55:21.15 JST" Interest="1.0" Kind="selection" Navigation="null" OriginId="org.eclipse.jdt.ui.CompilationUnitEditor" StartDate="2014-09-28 09:55:21.15 JST" StructureHandle="=IFM11/src&amp;lt;ifm11.utils{Methods_dlg.java[Methods_dlg~dlg_Template_Cancel_ThirdDialog~QActivity;~QDialog;~QDialog;~I~I~I~QTags.DialogTags;" StructureKind="java"/><InteractionEvent Delta="null" EndDate="2014-09-28 09:55:32.962 JST" Interest="32.0" Kind="propagation" Navigation="null" OriginId="org.eclipse.jdt.ui.CompilationUnitEditor" StartDate="2014-09-28 09:43:58.908 JST" StructureHandle="/IFM11/src/ifm11/listeners/dialog/DOI_CL.java" StructureKind="resource" NumEvents="32" CreationCount="234"/><InteractionEvent Delta="null" EndDate="2014-09-28 09:40:40.934 JST" Interest="3.0" Kind="edit" Navigation="null" OriginId="org.eclipse.jdt.ui.CompilationUnitEditor" StartDate="2014-09-28 09:31:39.271 JST" StructureHandle="=IFM11/src\/ifm11\/utils&amp;lt;{CONS.java[CONS[DB^tname_MemoPatterns!2" StructureKind="java" NumEvents="3" CreationCount="48"/><InteractionEvent Delta="null" EndDate="2014-09-28 09:40:38.225 JST" Interest="3.0" Kind="selection" Navigation="null" OriginId="org.eclipse.jdt.ui.CompilationUnitEditor" StartDate="2014-09-28 09:31:38.156 JST" StructureHandle="=IFM11/src\/ifm11\/utils&amp;lt;{CONS.java[CONS[DB^tname_MemoPatterns!2" StructureKind="java" NumEvents="3" CreationCount="48"/><InteractionEvent Delta="null" EndDate="2014-09-28 09:53:31.682 JST" Interest="4.0" Kind="propagation" Navigation="null" OriginId="org.eclipse.ui.views.ResourceNavigator" StartDate="2014-09-28 09:30:30.26 JST" StructureHandle="/TA2" StructureKind="resource" NumEvents="4" CreationCount="21"/><InteractionEvent Delta="null" EndDate="2014-09-28 09:53:31.682 JST" Interest="4.1740003" Kind="manipulation" Navigation="null" OriginId="org.eclipse.mylyn.core.model.interest.decay.correction" StartDate="2014-09-28 09:53:31.682 JST" StructureHandle="/TA2" StructureKind="resource"/><InteractionEvent Delta="null" EndDate="2014-09-28 09:42:28.747 JST" Interest="2.094" Kind="manipulation" Navigation="null" OriginId="org.eclipse.mylyn.core.model.interest.decay.correction" StartDate="2014-09-28 09:42:28.747 JST" StructureHandle="/IFM11/libs" StructureKind="resource"/><InteractionEvent Delta="null" EndDate="2014-09-28 09:42:28.747 JST" Interest="2.0" Kind="selection" Navigation="null" OriginId="org.eclipse.jdt.ui.PackageExplorer" StartDate="2014-09-28 09:29:18.844 JST" StructureHandle="/IFM11/libs" StructureKind="resource" NumEvents="2" CreationCount="5"/><InteractionEvent Delta="null" EndDate="2014-09-28 09:39:41.930 JST" Interest="2.0" Kind="propagation" Navigation="null" OriginId="org.eclipse.mylyn.resources.ui.interest.updater" StartDate="2014-09-28 09:30:53.128 JST" StructureHandle="=IFM11/gen&amp;lt;ifm11.main{BuildConfig.java" StructureKind="java" NumEvents="2" CreationCount="32"/><InteractionEvent Delta="null" EndDate="2014-09-28 09:55:15.241 JST" Interest="1.5610001" Kind="propagation" Navigation="org.eclipse.mylyn.core.model.edges.containment" OriginId="org.eclipse.mylyn.core.model.interest.propagation" StartDate="2014-09-28 09:54:15.514 JST" StructureHandle="=IFM11/src&amp;lt;ifm11.utils{Methods_dlg.java#" StructureKind="java" NumEvents="5" CreationCount="464"/><InteractionEvent Delta="null" EndDate="2014-09-28 09:30:22.152 JST" Interest="9.0" Kind="selection" Navigation="null" OriginId="org.eclipse.jdt.ui.PackageExplorer" StartDate="2014-09-28 09:29:27.215 JST" StructureHandle="/IFM11/bin/src" StructureKind="resource" NumEvents="9" CreationCount="8"/><InteractionEvent Delta="null" EndDate="2014-09-28 09:34:30.11 JST" Interest="1.0" Kind="selection" Navigation="null" OriginId="org.eclipse.jdt.ui.CompilationUnitEditor" StartDate="2014-09-28 09:34:30.11 JST" StructureHandle="=IFM11/src\/ifm11\/utils&amp;lt;{CONS.java[CONS[DB^col_names_IFM11_full" StructureKind="java"/><InteractionEvent Delta="null" EndDate="2014-09-28 09:41:07.126 JST" Interest="1.0" Kind="selection" Navigation="null" OriginId="org.eclipse.jdt.ui.CompilationUnitEditor" StartDate="2014-09-28 09:41:07.126 JST" StructureHandle="=IFM11/src\/ifm11\/utils&amp;lt;{CONS.java[CONS[DB^col_names_Admin_full" StructureKind="java"/><InteractionEvent Delta="null" EndDate="2014-09-28 09:53:39.351 JST" Interest="1.0" Kind="selection" Navigation="null" OriginId="org.eclipse.ui.views.ResourceNavigator" StartDate="2014-09-28 09:53:39.351 JST" StructureHandle="=cm7/src&amp;lt;app" StructureKind="java"/><InteractionEvent Delta="null" EndDate="2014-09-28 09:31:04.680 JST" Interest="2.0" Kind="selection" Navigation="null" OriginId="org.eclipse.ui.views.ContentOutline" StartDate="2014-09-28 09:30:47.180 JST" StructureHandle="=IFM11/src\/ifm11\/utils&amp;lt;{CONS.java[CONS[Intent" StructureKind="java" NumEvents="2" CreationCount="32"/><InteractionEvent Delta="null" EndDate="2014-09-28 09:34:26.517 JST" Interest="1.0" Kind="selection" Navigation="null" OriginId="org.eclipse.jdt.ui.CompilationUnitEditor" StartDate="2014-09-28 09:34:26.517 JST" StructureHandle="=IFM11/src\/ifm11\/utils&amp;lt;{CONS.java[CONS[DB^col_names_MemoPatterns_full" StructureKind="java"/><InteractionEvent Delta="null" EndDate="2014-09-28 09:55:04.229 JST" Interest="2.576" Kind="propagation" Navigation="org.eclipse.mylyn.core.model.edges.containment" OriginId="org.eclipse.mylyn.core.model.interest.propagation" StartDate="2014-09-28 09:54:02.77 JST" StructureHandle="=cm7/src&amp;lt;app.utils{Methods_dlg.java" StructureKind="java" NumEvents="6" CreationCount="449"/><InteractionEvent Delta="null" EndDate="2014-09-28 09:54:46.432 JST" Interest="3.0" Kind="selection" Navigation="null" OriginId="org.eclipse.jdt.ui.CompilationUnitEditor" StartDate="2014-09-28 09:53:46.143 JST" StructureHandle="=cm7/src&amp;lt;app.utils{Methods_dlg.java" StructureKind="java" NumEvents="3" CreationCount="449"/><InteractionEvent Delta="null" EndDate="2014-09-28 10:01:46.726 JST" Interest="151.0" Kind="propagation" Navigation="null" OriginId="org.eclipse.jdt.ui.CompilationUnitEditor" StartDate="2014-09-28 09:48:00.686 JST" StructureHandle="/IFM11/src/ifm11/listeners/dialog/DB_OCL.java" StructureKind="resource" NumEvents="151" CreationCount="328"/><InteractionEvent Delta="null" EndDate="2014-09-28 09:55:06.609 JST" Interest="21.1" Kind="propagation" Navigation="org.eclipse.mylyn.core.model.edges.containment" OriginId="org.eclipse.mylyn.core.model.interest.propagation" StartDate="2014-09-28 09:41:12.883 JST" StructureHandle="/IFM11/res/values" StructureKind="resource" NumEvents="28" CreationCount="166"/><InteractionEvent Delta="null" EndDate="2014-09-28 09:47:53.806 JST" Interest="6.0" Kind="edit" Navigation="null" OriginId="org.eclipse.jdt.ui.CompilationUnitEditor" StartDate="2014-09-28 09:47:44.616 JST" StructureHandle="=IFM11/src&amp;lt;ifm11.listeners.dialog{DB_OTL.java[DB_OTL~onTouch~QView;~QMotionEvent;" StructureKind="java" NumEvents="6" CreationCount="319"/><InteractionEvent Delta="null" EndDate="2014-09-28 09:47:43.539 JST" Interest="1.0" Kind="selection" Navigation="null" OriginId="org.eclipse.jdt.ui.CompilationUnitEditor" StartDate="2014-09-28 09:47:43.539 JST" StructureHandle="=IFM11/src&amp;lt;ifm11.listeners.dialog{DB_OTL.java[DB_OTL~onTouch~QView;~QMotionEvent;" StructureKind="java"/><InteractionEvent Delta="null" EndDate="2014-09-28 09:39:41.930 JST" Interest="2.0" Kind="propagation" Navigation="null" OriginId="org.eclipse.mylyn.resources.ui.interest.updater" StartDate="2014-09-28 09:30:53.128 JST" StructureHandle="=IFM11/gen&amp;lt;ifm11.main{R.java" StructureKind="java" NumEvents="2" CreationCount="32"/><InteractionEvent Delta="null" EndDate="2014-09-28 09:47:42.217 JST" Interest="1.0" Kind="selection" Navigation="null" OriginId="org.eclipse.jdt.ui.CompilationUnitEditor" StartDate="2014-09-28 09:47:42.217 JST" StructureHandle="=IFM11/src&amp;lt;ifm11.listeners.dialog{DB_OTL.java[DB_OTL~DB_OTL~QActivity;~QDialog;~QDialog;~QDialog;" StructureKind="java"/><InteractionEvent Delta="null" EndDate="2014-09-28 10:01:46.726 JST" Interest="88.020996" Kind="propagation" Navigation="org.eclipse.mylyn.core.model.edges.containment" OriginId="org.eclipse.mylyn.core.model.interest.propagation" StartDate="2014-09-28 09:48:01.374 JST" StructureHandle="=IFM11/src&amp;lt;ifm11.listeners.dialog{DB_OCL.java" StructureKind="java" NumEvents="130" CreationCount="328"/><InteractionEvent Delta="null" EndDate="2014-09-28 09:55:33.165 JST" Interest="4.0" Kind="selection" Navigation="null" OriginId="org.eclipse.jdt.ui.CompilationUnitEditor" StartDate="2014-09-28 09:48:00.686 JST" StructureHandle="=IFM11/src&amp;lt;ifm11.listeners.dialog{DB_OCL.java" StructureKind="java" NumEvents="4" CreationCount="328"/><InteractionEvent Delta="null" EndDate="2014-09-28 10:01:46.726 JST" Interest="124.0" Kind="edit" Navigation="null" OriginId="org.eclipse.jdt.ui.CompilationUnitEditor" StartDate="2014-09-28 09:48:30.481 JST" StructureHandle="=IFM11/src&amp;lt;ifm11.listeners.dialog{DB_OCL.java[DB_OCL~case_DROP_CREATE_DROP_TABLE_ADMIN_OK" StructureKind="java" NumEvents="124" CreationCount="341"/><InteractionEvent Delta="null" EndDate="2014-09-28 10:01:37.771 JST" Interest="5.0" Kind="selection" Navigation="null" OriginId="org.eclipse.jdt.ui.CompilationUnitEditor" StartDate="2014-09-28 09:48:27.222 JST" StructureHandle="=IFM11/src&amp;lt;ifm11.listeners.dialog{DB_OCL.java[DB_OCL~case_DROP_CREATE_DROP_TABLE_ADMIN_OK" StructureKind="java" NumEvents="5" CreationCount="341"/></InteractionHistory>