<?xml version="1.0" encoding="UTF-8"?><InteractionHistory Id="local-159" Version="1"><InteractionEvent Delta="null" EndDate="2014-10-15 09:36:45.48 JST" Interest="6.0" Kind="propagation" Navigation="null" OriginId="org.eclipse.jdt.ui.CompilationUnitEditor" StartDate="2014-10-15 09:10:16.454 JST" StructureHandle="/TA2/src/ta2/utils/CONS.java" StructureKind="resource" NumEvents="6" CreationCount="438"/><InteractionEvent Delta="null" EndDate="2014-10-15 09:36:44.875 JST" Interest="10.739001" Kind="manipulation" Navigation="null" OriginId="org.eclipse.mylyn.core.model.interest.decay.correction" StartDate="2014-10-15 09:36:44.875 JST" StructureHandle="/TA2/src/ta2/utils/CONS.java" StructureKind="resource"/><InteractionEvent Delta="null" EndDate="2014-10-15 09:46:48.707 JST" Interest="116.63699" Kind="propagation" Navigation="org.eclipse.mylyn.core.model.edges.containment" OriginId="org.eclipse.mylyn.core.model.interest.propagation" StartDate="2014-10-15 08:59:35.962 JST" StructureHandle="=TA2/src&amp;lt;ta2.listeners.dialog{DB_OCL.java" StructureKind="java" NumEvents="170" CreationCount="16"/><InteractionEvent Delta="null" EndDate="2014-10-15 09:46:32.73 JST" Interest="28.0" Kind="selection" Navigation="null" OriginId="org.eclipse.jdt.ui.CompilationUnitEditor" StartDate="2014-10-15 08:59:33.748 JST" StructureHandle="=TA2/src&amp;lt;ta2.listeners.dialog{DB_OCL.java" StructureKind="java" NumEvents="28" CreationCount="16"/><InteractionEvent Delta="null" EndDate="2014-10-15 08:59:35.961 JST" Interest="2.0" Kind="selection" Navigation="null" OriginId="org.eclipse.ui.views.ContentOutline" StartDate="2014-10-15 08:59:35.185 JST" StructureHandle="=TA2/src&amp;lt;ta2.listeners.dialog{DB_OCL.java[DB_OCL^d2" StructureKind="java" NumEvents="2" CreationCount="18"/><InteractionEvent Delta="null" EndDate="2014-10-15 09:38:18.693 JST" Interest="19.0" Kind="selection" Navigation="null" OriginId="org.eclipse.jdt.ui.CompilationUnitEditor" StartDate="2014-10-15 08:59:21.313 JST" StructureHandle="=TA2/src&amp;lt;ta2.utils{Methods.java[Methods~filter_MemoList_History~QActivity;~QDialog;~QFilterHistory;" StructureKind="java" NumEvents="19" CreationCount="5"/><InteractionEvent Delta="null" EndDate="2014-10-15 09:38:21.945 JST" Interest="177.0" Kind="edit" Navigation="null" OriginId="org.eclipse.jdt.ui.CompilationUnitEditor" StartDate="2014-10-15 08:59:24.683 JST" StructureHandle="=TA2/src&amp;lt;ta2.utils{Methods.java[Methods~filter_MemoList_History~QActivity;~QDialog;~QFilterHistory;" StructureKind="java" NumEvents="177" CreationCount="5"/><InteractionEvent Delta="null" EndDate="2014-10-15 09:57:08.56 JST" Interest="1.0" Kind="prediction" Navigation="null" OriginId="org.eclipse.mylyn.resources.ui.interest.updater" StartDate="2014-10-15 09:57:08.56 JST" StructureHandle="/TA2/res/layout/list_row.xml" StructureKind="resource"/><InteractionEvent Delta="null" EndDate="2014-10-15 09:02:50.442 JST" Interest="1.0" Kind="selection" Navigation="null" OriginId="org.eclipse.ui.views.ContentOutline" StartDate="2014-10-15 09:02:50.442 JST" StructureHandle="=TA2/src&amp;lt;ta2.main{ShowListActv.java%ta2.main" StructureKind="java"/><InteractionEvent Delta="null" EndDate="2014-10-15 09:57:08.57 JST" Interest="1.0" Kind="propagation" Navigation="org.eclipse.mylyn.core.model.edges.containment" OriginId="org.eclipse.mylyn.core.model.interest.propagation" StartDate="2014-10-15 09:57:08.57 JST" StructureHandle="/TA2/res/values" StructureKind="resource"/><InteractionEvent Delta="null" EndDate="2014-10-15 09:36:38.120 JST" Interest="887.0" Kind="propagation" Navigation="null" OriginId="org.eclipse.jdt.ui.CompilationUnitEditor" StartDate="2014-10-15 09:00:03.673 JST" StructureHandle="/TA2/src/ta2/utils/DBUtils.java" StructureKind="resource" NumEvents="887" CreationCount="33"/><InteractionEvent Delta="null" EndDate="2014-10-15 09:57:32.179 JST" Interest="1259.017" Kind="propagation" Navigation="null" OriginId="org.eclipse.jdt.ui.CompilationUnitEditor" StartDate="2014-10-15 08:59:15.406 JST" StructureHandle="/TA2/src/ta2/utils" StructureKind="resource" NumEvents="1260" CreationCount="1"/><InteractionEvent Delta="null" EndDate="2014-10-15 09:36:38.120 JST" Interest="15.0" Kind="selection" Navigation="null" OriginId="org.eclipse.jdt.ui.CompilationUnitEditor" StartDate="2014-10-15 09:06:31.751 JST" StructureHandle="=TA2/src&amp;lt;ta2.utils{DBUtils.java[DBUtils~find_FH_latest~QActivity;" StructureKind="java" NumEvents="15" CreationCount="258"/><InteractionEvent Delta="null" EndDate="2014-10-15 09:20:40.529 JST" Interest="702.0" Kind="edit" Navigation="null" OriginId="org.eclipse.jdt.ui.CompilationUnitEditor" StartDate="2014-10-15 09:06:32.696 JST" StructureHandle="=TA2/src&amp;lt;ta2.utils{DBUtils.java[DBUtils~find_FH_latest~QActivity;" StructureKind="java" NumEvents="702" CreationCount="258"/><InteractionEvent Delta="null" EndDate="2014-10-15 09:57:32.179 JST" Interest="1259.017" Kind="propagation" Navigation="org.eclipse.mylyn.core.model.edges.containment" OriginId="org.eclipse.mylyn.core.model.interest.propagation" StartDate="2014-10-15 08:59:15.406 JST" StructureHandle="/TA2/src/ta2" StructureKind="resource" NumEvents="1262" CreationCount="1"/><InteractionEvent Delta="null" EndDate="2014-10-15 09:50:33.188 JST" Interest="2.0" Kind="selection" Navigation="null" OriginId="org.eclipse.jdt.ui.PackageExplorer" StartDate="2014-10-15 09:50:33.188 JST" StructureHandle="/TA2/AndroidManifest.xml" StructureKind="resource" NumEvents="2" CreationCount="1567"/><InteractionEvent Delta="null" EndDate="2014-10-15 09:05:13.885 JST" Interest="15.0" Kind="selection" Navigation="null" OriginId="org.eclipse.jdt.ui.CompilationUnitEditor" StartDate="2014-10-15 08:59:42.423 JST" StructureHandle="=TA2/src&amp;lt;ta2.listeners.dialog{DB_OCL.java[DB_OCL~case_DLG_FILTER_SHOWLIST_RESET" StructureKind="java" NumEvents="15" CreationCount="21"/><InteractionEvent Delta="null" EndDate="2014-10-15 09:05:11.855 JST" Interest="58.0" Kind="edit" Navigation="null" OriginId="org.eclipse.jdt.ui.CompilationUnitEditor" StartDate="2014-10-15 08:59:43.21 JST" StructureHandle="=TA2/src&amp;lt;ta2.listeners.dialog{DB_OCL.java[DB_OCL~case_DLG_FILTER_SHOWLIST_RESET" StructureKind="java" NumEvents="58" CreationCount="21"/><InteractionEvent Delta="null" EndDate="2014-10-15 09:48:42.440 JST" Interest="24.293001" Kind="propagation" Navigation="org.eclipse.mylyn.core.model.edges.containment" OriginId="org.eclipse.mylyn.core.model.interest.propagation" StartDate="2014-10-15 09:02:48.382 JST" StructureHandle="=TA2/src&amp;lt;ta2.main" StructureKind="java" NumEvents="29" CreationCount="106"/><InteractionEvent Delta="null" EndDate="2014-10-15 09:02:45.691 JST" Interest="1.0" Kind="selection" Navigation="null" OriginId="org.eclipse.jdt.ui.PackageExplorer" StartDate="2014-10-15 09:02:45.691 JST" StructureHandle="=TA2/src&amp;lt;ta2.main" StructureKind="java"/><InteractionEvent Delta="null" EndDate="2014-10-15 09:57:08.57 JST" Interest="1.0" Kind="prediction" Navigation="null" OriginId="org.eclipse.mylyn.resources.ui.interest.updater" StartDate="2014-10-15 09:57:08.57 JST" StructureHandle="/TA2/res/menu/menu_actv_main.xml" StructureKind="resource"/><InteractionEvent Delta="null" EndDate="2014-10-15 09:48:42.605 JST" Interest="294.017" Kind="propagation" Navigation="org.eclipse.mylyn.core.model.edges.containment" OriginId="org.eclipse.mylyn.core.model.interest.propagation" StartDate="2014-10-15 08:59:32.592 JST" StructureHandle="/TA2/src/ta2/listeners" StructureKind="resource" NumEvents="295" CreationCount="15"/><InteractionEvent Delta="null" EndDate="2014-10-15 09:04:49.516 JST" Interest="18.217" Kind="propagation" Navigation="org.eclipse.mylyn.core.model.edges.containment" OriginId="org.eclipse.mylyn.core.model.interest.propagation" StartDate="2014-10-15 09:02:51.393 JST" StructureHandle="=TA2/src&amp;lt;ta2.main{ShowListActv.java[ShowListActv" StructureKind="java" NumEvents="25" CreationCount="110"/><InteractionEvent Delta="null" EndDate="2014-10-15 09:49:56.156 JST" Interest="3.0" Kind="prediction" Navigation="null" OriginId="org.eclipse.mylyn.resources.ui.interest.updater" StartDate="2014-10-15 09:34:47.91 JST" StructureHandle="/TA2/bin/TA2.apk" StructureKind="resource" NumEvents="3" CreationCount="1268"/><InteractionEvent Delta="null" EndDate="2014-10-15 09:48:42.605 JST" Interest="294.017" Kind="propagation" Navigation="null" OriginId="org.eclipse.jdt.ui.PackageExplorer" StartDate="2014-10-15 08:59:32.592 JST" StructureHandle="/TA2/src/ta2/listeners/dialog" StructureKind="resource" NumEvents="295" CreationCount="15"/><InteractionEvent Delta="null" EndDate="2014-10-15 09:08:46.659 JST" Interest="1.0" Kind="selection" Navigation="null" OriginId="org.eclipse.jdt.ui.CompilationUnitEditor" StartDate="2014-10-15 09:08:46.659 JST" StructureHandle="=TA2/src&amp;lt;ta2.utils{DBUtils.java[DBUtils~insert_data_refresh_history~QSQLiteDatabase;~QString;~\[J" StructureKind="java"/><InteractionEvent Delta="null" EndDate="2014-10-15 09:08:46.665 JST" Interest="1.0" Kind="edit" Navigation="null" OriginId="org.eclipse.jdt.ui.CompilationUnitEditor" StartDate="2014-10-15 09:08:46.665 JST" StructureHandle="=TA2/src&amp;lt;ta2.utils{DBUtils.java[DBUtils~insert_data_refresh_history~QSQLiteDatabase;~QString;~\[J" StructureKind="java"/><InteractionEvent Delta="null" EndDate="2014-10-15 09:36:37.863 JST" Interest="509.769" Kind="propagation" Navigation="org.eclipse.mylyn.core.model.edges.containment" OriginId="org.eclipse.mylyn.core.model.interest.propagation" StartDate="2014-10-15 08:59:18.697 JST" StructureHandle="=TA2/src&amp;lt;ta2.utils" StructureKind="java" NumEvents="728" CreationCount="1"/><InteractionEvent Delta="null" EndDate="2014-10-15 08:59:15.405 JST" Interest="1.0" Kind="selection" Navigation="null" OriginId="org.eclipse.jdt.ui.PackageExplorer" StartDate="2014-10-15 08:59:15.405 JST" StructureHandle="=TA2/src&amp;lt;ta2.utils" StructureKind="java"/><InteractionEvent Delta="null" EndDate="2014-10-15 09:20:40.530 JST" Interest="484.425" Kind="propagation" Navigation="org.eclipse.mylyn.core.model.edges.containment" OriginId="org.eclipse.mylyn.core.model.interest.propagation" StartDate="2014-10-15 09:00:04.316 JST" StructureHandle="=TA2/src&amp;lt;ta2.utils{DBUtils.java" StructureKind="java" NumEvents="696" CreationCount="33"/><InteractionEvent Delta="null" EndDate="2014-10-15 09:36:37.862 JST" Interest="23.0" Kind="selection" Navigation="null" OriginId="org.eclipse.jdt.ui.CompilationUnitEditor" StartDate="2014-10-15 09:00:03.673 JST" StructureHandle="=TA2/src&amp;lt;ta2.utils{DBUtils.java" StructureKind="java" NumEvents="23" CreationCount="33"/><InteractionEvent Delta="null" EndDate="2014-10-15 09:19:49.2 JST" Interest="4.0" Kind="edit" Navigation="null" OriginId="org.eclipse.jdt.ui.CompilationUnitEditor" StartDate="2014-10-15 09:08:48.28 JST" StructureHandle="=TA2/src&amp;lt;ta2.utils{DBUtils.java" StructureKind="java" NumEvents="4" CreationCount="33"/><InteractionEvent Delta="null" EndDate="2014-10-15 09:57:08.56 JST" Interest="1.0" Kind="prediction" Navigation="null" OriginId="org.eclipse.mylyn.resources.ui.interest.updater" StartDate="2014-10-15 09:57:08.56 JST" StructureHandle="/TA2/res/values/strings.xml" StructureKind="resource"/><InteractionEvent Delta="null" EndDate="2014-10-15 09:53:23.224 JST" Interest="23.217" Kind="propagation" Navigation="org.eclipse.mylyn.core.model.edges.containment" OriginId="org.eclipse.mylyn.core.model.interest.propagation" StartDate="2014-10-15 09:48:54.743 JST" StructureHandle="=TA2/src&amp;lt;ta2.utils{Methods_dlg.java[Methods_dlg" StructureKind="java" NumEvents="33" CreationCount="1541"/><InteractionEvent Delta="null" EndDate="2014-10-15 09:48:59.387 JST" Interest="3.0" Kind="selection" Navigation="null" OriginId="org.eclipse.jdt.ui.CompilationUnitEditor" StartDate="2014-10-15 09:48:54.743 JST" StructureHandle="=TA2/src&amp;lt;ta2.utils{Methods_dlg.java[Methods_dlg~_filter_ShowList__GridView~QActivity;~QDialog;" StructureKind="java" NumEvents="3" CreationCount="1541"/><InteractionEvent Delta="null" EndDate="2014-10-15 09:38:42.414 JST" Interest="131.95099" Kind="propagation" Navigation="org.eclipse.mylyn.core.model.edges.containment" OriginId="org.eclipse.mylyn.core.model.interest.propagation" StartDate="2014-10-15 08:59:24.185 JST" StructureHandle="=TA2/src&amp;lt;ta2.utils{Methods.java" StructureKind="java" NumEvents="197" CreationCount="2"/><InteractionEvent Delta="null" EndDate="2014-10-15 09:57:05.349 JST" Interest="24.0" Kind="selection" Navigation="null" OriginId="org.eclipse.jdt.ui.CompilationUnitEditor" StartDate="2014-10-15 08:59:18.696 JST" StructureHandle="=TA2/src&amp;lt;ta2.utils{Methods.java" StructureKind="java" NumEvents="24" CreationCount="2"/><InteractionEvent Delta="null" EndDate="2014-10-15 08:59:20.178 JST" Interest="1.0" Kind="edit" Navigation="null" OriginId="org.eclipse.jdt.ui.CompilationUnitEditor" StartDate="2014-10-15 08:59:20.178 JST" StructureHandle="=TA2/src&amp;lt;ta2.utils{Methods.java" StructureKind="java"/><InteractionEvent Delta="null" EndDate="2014-10-15 09:36:45.48 JST" Interest="2.0" Kind="selection" Navigation="null" OriginId="org.eclipse.jdt.ui.CompilationUnitEditor" StartDate="2014-10-15 09:10:17.154 JST" StructureHandle="=TA2/src&amp;lt;ta2.utils{CONS.java[CONS[DB^col_names_FilterHistory_full" StructureKind="java" NumEvents="2" CreationCount="439"/><InteractionEvent Delta="null" EndDate="2014-10-15 09:36:45.48 JST" Interest="12.3220005" Kind="manipulation" Navigation="null" OriginId="org.eclipse.mylyn.core.model.interest.decay.correction" StartDate="2014-10-15 09:36:45.48 JST" StructureHandle="=TA2/src&amp;lt;ta2.utils{CONS.java[CONS[DB^col_names_FilterHistory_full" StructureKind="java"/><InteractionEvent Delta="null" EndDate="2014-10-15 09:10:20.582 JST" Interest="2.0" Kind="edit" Navigation="null" OriginId="org.eclipse.jdt.ui.CompilationUnitEditor" StartDate="2014-10-15 09:10:18.330 JST" StructureHandle="=TA2/src&amp;lt;ta2.utils{CONS.java[CONS[DB^col_names_FilterHistory_full" StructureKind="java" NumEvents="2" CreationCount="439"/><InteractionEvent Delta="null" EndDate="2014-10-15 09:50:52.681 JST" Interest="2.0" Kind="selection" Navigation="null" OriginId="org.eclipse.jdt.ui.PackageExplorer" StartDate="2014-10-15 09:50:52.680 JST" StructureHandle="/TA2/res/layout/dlg_tmpl_edittext_simple.xml" StructureKind="resource" NumEvents="2" CreationCount="1576"/><InteractionEvent Delta="null" EndDate="2014-10-15 09:53:23.225 JST" Interest="41.0" Kind="propagation" Navigation="null" OriginId="org.eclipse.jdt.ui.CompilationUnitEditor" StartDate="2014-10-15 09:48:51.428 JST" StructureHandle="/TA2/src/ta2/utils/Methods_dlg.java" StructureKind="resource" NumEvents="41" CreationCount="1538"/><InteractionEvent Delta="null" EndDate="2014-10-15 09:52:21.38 JST" Interest="5.0" Kind="selection" Navigation="null" OriginId="org.eclipse.ui.views.ContentOutline" StartDate="2014-10-15 09:48:59.317 JST" StructureHandle="=TA2/src&amp;lt;ta2.utils{Methods_dlg.java[Methods_dlg~dlg_Filter_History~QActivity;" StructureKind="java" NumEvents="5" CreationCount="1542"/><InteractionEvent Delta="null" EndDate="2014-10-15 09:53:23.224 JST" Interest="26.0" Kind="edit" Navigation="null" OriginId="org.eclipse.jdt.ui.CompilationUnitEditor" StartDate="2014-10-15 09:48:59.880 JST" StructureHandle="=TA2/src&amp;lt;ta2.utils{Methods_dlg.java[Methods_dlg~dlg_Filter_History~QActivity;" StructureKind="java" NumEvents="26" CreationCount="1542"/><InteractionEvent Delta="null" EndDate="2014-10-15 09:49:06.725 JST" Interest="1.0" Kind="selection" Navigation="null" OriginId="org.eclipse.jdt.ui.PackageExplorer" StartDate="2014-10-15 09:49:06.725 JST" StructureHandle="=TA2/src&amp;lt;ta2.utils{Recorder.java" StructureKind="java"/><InteractionEvent Delta="null" EndDate="2014-10-15 09:57:32.178 JST" Interest="1588.017" Kind="propagation" Navigation="org.eclipse.mylyn.core.model.edges.containment" OriginId="org.eclipse.mylyn.core.model.interest.propagation" StartDate="2014-10-15 08:59:15.406 JST" StructureHandle="/" StructureKind="resource" NumEvents="1590" CreationCount="1"/><InteractionEvent Delta="null" EndDate="2014-10-15 09:46:11.123 JST" Interest="2.0" Kind="selection" Navigation="null" OriginId="org.eclipse.jdt.ui.CompilationUnitEditor" StartDate="2014-10-15 09:45:54.404 JST" StructureHandle="=TA2/src&amp;lt;ta2.listeners.dialog{DB_OCL.java[DB_OCL~_Filter_ShowList_Build_Conditions~QActivity;~QDialog;~QString;~\[QString;" StructureKind="java" NumEvents="2" CreationCount="1507"/><InteractionEvent Delta="null" EndDate="2014-10-15 09:53:25.404 JST" Interest="10.0" Kind="selection" Navigation="null" OriginId="org.eclipse.jdt.ui.PackageExplorer" StartDate="2014-10-15 09:50:55.853 JST" StructureHandle="/TA2/res/layout/dlg_tmpl_cancel_lv.xml" StructureKind="resource" NumEvents="10" CreationCount="1578"/><InteractionEvent Delta="null" EndDate="2014-10-15 09:34:47.91 JST" Interest="1.0" Kind="propagation" Navigation="org.eclipse.mylyn.core.model.edges.containment" OriginId="org.eclipse.mylyn.core.model.interest.propagation" StartDate="2014-10-15 09:34:47.91 JST" StructureHandle="/TA2/bin" StructureKind="resource"/><InteractionEvent Delta="null" EndDate="2014-10-15 08:59:42.530 JST" Interest="3.0" Kind="selection" Navigation="null" OriginId="org.eclipse.jdt.ui.CompilationUnitEditor" StartDate="2014-10-15 08:59:37.80 JST" StructureHandle="=TA2/src&amp;lt;ta2.listeners.dialog{DB_OCL.java[DB_OCL~DB_OCL~QActivity;~QDialog;~QDialog;~QDialog;~QDialog;" StructureKind="java" NumEvents="3" CreationCount="20"/><InteractionEvent Delta="null" EndDate="2014-10-15 09:53:23.225 JST" Interest="17.268" Kind="propagation" Navigation="org.eclipse.mylyn.core.model.edges.containment" OriginId="org.eclipse.mylyn.core.model.interest.propagation" StartDate="2014-10-15 09:48:59.386 JST" StructureHandle="=TA2/src&amp;lt;ta2.utils{Methods_dlg.java" StructureKind="java" NumEvents="28" CreationCount="1538"/><InteractionEvent Delta="null" EndDate="2014-10-15 09:53:15.137 JST" Interest="6.0" Kind="selection" Navigation="null" OriginId="org.eclipse.jdt.ui.CompilationUnitEditor" StartDate="2014-10-15 09:48:51.427 JST" StructureHandle="=TA2/src&amp;lt;ta2.utils{Methods_dlg.java" StructureKind="java" NumEvents="6" CreationCount="1538"/><InteractionEvent Delta="null" EndDate="2014-10-15 09:04:49.517 JST" Interest="12.268001" Kind="propagation" Navigation="org.eclipse.mylyn.core.model.edges.containment" OriginId="org.eclipse.mylyn.core.model.interest.propagation" StartDate="2014-10-15 09:02:53.176 JST" StructureHandle="=TA2/src&amp;lt;ta2.main{ShowListActv.java" StructureKind="java" NumEvents="19" CreationCount="107"/><InteractionEvent Delta="null" EndDate="2014-10-15 09:48:42.439 JST" Interest="7.0" Kind="selection" Navigation="null" OriginId="org.eclipse.jdt.ui.PackageExplorer" StartDate="2014-10-15 09:02:48.381 JST" StructureHandle="=TA2/src&amp;lt;ta2.main{ShowListActv.java" StructureKind="java" NumEvents="7" CreationCount="107"/><InteractionEvent Delta="null" EndDate="2014-10-15 09:48:42.439 JST" Interest="6.0080004" Kind="manipulation" Navigation="null" OriginId="org.eclipse.mylyn.core.model.interest.decay.correction" StartDate="2014-10-15 09:48:42.439 JST" StructureHandle="=TA2/src&amp;lt;ta2.main{ShowListActv.java" StructureKind="java"/><InteractionEvent Delta="null" EndDate="2014-10-15 09:36:05.813 JST" Interest="4.0" Kind="selection" Navigation="null" OriginId="org.eclipse.jdt.ui.CompilationUnitEditor" StartDate="2014-10-15 09:04:57.7 JST" StructureHandle="=TA2/src&amp;lt;ta2.listeners.dialog{DB_OCL.java[DB_OCL~case_DLG_FILTER_SHOWLIST_OK" StructureKind="java" NumEvents="4" CreationCount="207"/><InteractionEvent Delta="null" EndDate="2014-10-15 09:36:04.853 JST" Interest="17.156" Kind="manipulation" Navigation="null" OriginId="org.eclipse.mylyn.core.model.interest.decay.correction" StartDate="2014-10-15 09:36:04.853 JST" StructureHandle="=TA2/src&amp;lt;ta2.listeners.dialog{DB_OCL.java[DB_OCL~case_DLG_FILTER_SHOWLIST_OK" StructureKind="java"/><InteractionEvent Delta="null" EndDate="2014-10-15 09:48:42.440 JST" Interest="34.017" Kind="propagation" Navigation="org.eclipse.mylyn.core.model.edges.containment" OriginId="org.eclipse.mylyn.core.model.interest.propagation" StartDate="2014-10-15 09:02:45.691 JST" StructureHandle="/TA2/src/ta2/main" StructureKind="resource" NumEvents="35" CreationCount="106"/><InteractionEvent Delta="null" EndDate="2014-10-15 09:20:14.793 JST" Interest="19.0" Kind="selection" Navigation="null" OriginId="org.eclipse.jdt.ui.CompilationUnitEditor" StartDate="2014-10-15 09:00:41.88 JST" StructureHandle="=TA2/src&amp;lt;ta2.utils{DBUtils.java[DBUtils" StructureKind="java" NumEvents="19" CreationCount="34"/><InteractionEvent Delta="null" EndDate="2014-10-15 09:36:38.120 JST" Interest="487.708" Kind="propagation" Navigation="org.eclipse.mylyn.core.model.edges.containment" OriginId="org.eclipse.mylyn.core.model.interest.propagation" StartDate="2014-10-15 09:00:04.316 JST" StructureHandle="=TA2/src&amp;lt;ta2.utils{DBUtils.java[DBUtils" StructureKind="java" NumEvents="697" CreationCount="34"/><InteractionEvent Delta="null" EndDate="2014-10-15 09:20:14.797 JST" Interest="5.0" Kind="edit" Navigation="null" OriginId="org.eclipse.jdt.ui.CompilationUnitEditor" StartDate="2014-10-15 09:01:55.355 JST" StructureHandle="=TA2/src&amp;lt;ta2.utils{DBUtils.java[DBUtils" StructureKind="java" NumEvents="5" CreationCount="34"/><InteractionEvent Delta="null" EndDate="2014-10-15 09:57:32.177 JST" Interest="324.0" Kind="propagation" Navigation="null" OriginId="org.eclipse.jdt.ui.CompilationUnitEditor" StartDate="2014-10-15 08:59:18.696 JST" StructureHandle="/TA2/src/ta2/utils/Methods.java" StructureKind="resource" NumEvents="324" CreationCount="2"/><InteractionEvent Delta="null" EndDate="2014-10-15 09:08:19.0 JST" Interest="2.0" Kind="selection" Navigation="null" OriginId="org.eclipse.jdt.ui.CompilationUnitEditor" StartDate="2014-10-15 09:07:35.899 JST" StructureHandle="=TA2/src&amp;lt;ta2.utils{DBUtils.java[DBUtils~isInDB_Pattern~QSQLiteDatabase;~QString;" StructureKind="java" NumEvents="2" CreationCount="299"/><InteractionEvent Delta="null" EndDate="2014-10-15 09:08:44.772 JST" Interest="23.0" Kind="edit" Navigation="null" OriginId="org.eclipse.jdt.ui.CompilationUnitEditor" StartDate="2014-10-15 09:08:19.6 JST" StructureHandle="=TA2/src&amp;lt;ta2.utils{DBUtils.java[DBUtils~isInDB_Pattern~QSQLiteDatabase;~QString;" StructureKind="java" NumEvents="23" CreationCount="299"/><InteractionEvent Delta="null" EndDate="2014-10-15 09:57:32.179 JST" Interest="1589.017" Kind="propagation" Navigation="null" OriginId="org.eclipse.jdt.ui.CompilationUnitEditor" StartDate="2014-10-15 08:59:15.406 JST" StructureHandle="/TA2/src" StructureKind="resource" NumEvents="1590" CreationCount="1"/><InteractionEvent Delta="null" EndDate="2014-10-15 09:07:41.577 JST" Interest="3.0" Kind="selection" Navigation="null" OriginId="org.eclipse.ui.views.ContentOutline" StartDate="2014-10-15 09:01:19.651 JST" StructureHandle="=TA2/src&amp;lt;ta2.utils{DBUtils.java[DBUtils~find_All_WP~QActivity;" StructureKind="java" NumEvents="3" CreationCount="60"/><InteractionEvent Delta="null" EndDate="2014-10-15 09:07:38.110 JST" Interest="3.0630002" Kind="manipulation" Navigation="null" OriginId="org.eclipse.mylyn.core.model.interest.decay.correction" StartDate="2014-10-15 09:07:38.110 JST" StructureHandle="=TA2/src&amp;lt;ta2.utils{DBUtils.java[DBUtils~find_All_WP~QActivity;" StructureKind="java"/><InteractionEvent Delta="null" EndDate="2014-10-15 09:57:08.56 JST" Interest="1.0" Kind="prediction" Navigation="null" OriginId="org.eclipse.mylyn.resources.ui.interest.updater" StartDate="2014-10-15 09:57:08.56 JST" StructureHandle="/TA2/res/menu/menu_actv_showlist.xml" StructureKind="resource"/><InteractionEvent Delta="null" EndDate="2014-10-15 09:46:48.707 JST" Interest="293.0" Kind="propagation" Navigation="null" OriginId="org.eclipse.jdt.ui.CompilationUnitEditor" StartDate="2014-10-15 08:59:33.748 JST" StructureHandle="/TA2/src/ta2/listeners/dialog/DB_OCL.java" StructureKind="resource" NumEvents="293" CreationCount="16"/><InteractionEvent Delta="null" EndDate="2014-10-15 09:04:44.672 JST" Interest="7.0" Kind="selection" Navigation="null" OriginId="org.eclipse.jdt.ui.CompilationUnitEditor" StartDate="2014-10-15 09:02:53.67 JST" StructureHandle="=TA2/src&amp;lt;ta2.main{ShowListActv.java[ShowListActv~_Setup_List" StructureKind="java" NumEvents="7" CreationCount="111"/><InteractionEvent Delta="null" EndDate="2014-10-15 09:04:49.516 JST" Interest="16.0" Kind="edit" Navigation="null" OriginId="org.eclipse.jdt.ui.CompilationUnitEditor" StartDate="2014-10-15 09:02:53.660 JST" StructureHandle="=TA2/src&amp;lt;ta2.main{ShowListActv.java[ShowListActv~_Setup_List" StructureKind="java" NumEvents="16" CreationCount="111"/><InteractionEvent Delta="null" EndDate="2014-10-15 09:53:25.404 JST" Interest="7.119" Kind="propagation" Navigation="org.eclipse.mylyn.core.model.edges.containment" OriginId="org.eclipse.mylyn.core.model.interest.propagation" StartDate="2014-10-15 09:51:12.11 JST" StructureHandle="/TA2/res/layout" StructureKind="resource" NumEvents="8" CreationCount="1571"/><InteractionEvent Delta="null" EndDate="2014-10-15 09:50:52.551 JST" Interest="3.0" Kind="selection" Navigation="null" OriginId="org.eclipse.jdt.ui.PackageExplorer" StartDate="2014-10-15 09:50:43.875 JST" StructureHandle="/TA2/res/layout" StructureKind="resource" NumEvents="3" CreationCount="1571"/><InteractionEvent Delta="null" EndDate="2014-10-15 09:46:48.707 JST" Interest="143.65399" Kind="propagation" Navigation="org.eclipse.mylyn.core.model.edges.containment" OriginId="org.eclipse.mylyn.core.model.interest.propagation" StartDate="2014-10-15 08:59:33.749 JST" StructureHandle="=TA2/src&amp;lt;ta2.listeners.dialog" StructureKind="java" NumEvents="223" CreationCount="15"/><InteractionEvent Delta="null" EndDate="2014-10-15 09:48:42.605 JST" Interest="2.0" Kind="selection" Navigation="null" OriginId="org.eclipse.jdt.ui.PackageExplorer" StartDate="2014-10-15 08:59:32.592 JST" StructureHandle="=TA2/src&amp;lt;ta2.listeners.dialog" StructureKind="java" NumEvents="2" CreationCount="15"/><InteractionEvent Delta="null" EndDate="2014-10-15 09:57:32.178 JST" Interest="1588.017" Kind="propagation" Navigation="org.eclipse.mylyn.core.model.edges.containment" OriginId="org.eclipse.mylyn.core.model.interest.propagation" StartDate="2014-10-15 08:59:15.406 JST" StructureHandle="=TA2" StructureKind="resource" NumEvents="1590" CreationCount="1"/><InteractionEvent Delta="null" EndDate="2014-10-15 09:57:08.57 JST" Interest="1.0" Kind="propagation" Navigation="org.eclipse.mylyn.core.model.edges.containment" OriginId="org.eclipse.mylyn.core.model.interest.propagation" StartDate="2014-10-15 09:57:08.57 JST" StructureHandle="/TA2/res/menu" StructureKind="resource"/><InteractionEvent Delta="null" EndDate="2014-10-15 09:36:45.48 JST" Interest="15.722" Kind="propagation" Navigation="org.eclipse.mylyn.core.model.edges.containment" OriginId="org.eclipse.mylyn.core.model.interest.propagation" StartDate="2014-10-15 09:10:17.154 JST" StructureHandle="=TA2/src&amp;lt;ta2.utils{CONS.java[CONS" StructureKind="java" NumEvents="4" CreationCount="439"/><InteractionEvent Delta="null" EndDate="2014-10-15 09:08:07.361 JST" Interest="9.0" Kind="selection" Navigation="null" OriginId="org.eclipse.jdt.ui.CompilationUnitEditor" StartDate="2014-10-15 09:00:04.316 JST" StructureHandle="=TA2/src&amp;lt;ta2.utils{DBUtils.java[DBUtils~find_All_Memos~QActivity;~QCONS.Enums.SortOrder;" StructureKind="java" NumEvents="9" CreationCount="34"/><InteractionEvent Delta="null" EndDate="2014-10-15 09:08:17.206 JST" Interest="13.0" Kind="edit" Navigation="null" OriginId="org.eclipse.jdt.ui.CompilationUnitEditor" StartDate="2014-10-15 09:00:04.999 JST" StructureHandle="=TA2/src&amp;lt;ta2.utils{DBUtils.java[DBUtils~find_All_Memos~QActivity;~QCONS.Enums.SortOrder;" StructureKind="java" NumEvents="13" CreationCount="34"/><InteractionEvent Delta="null" EndDate="2014-10-15 09:48:42.440 JST" Interest="34.0" Kind="propagation" Navigation="null" OriginId="org.eclipse.jdt.ui.PackageExplorer" StartDate="2014-10-15 09:02:48.382 JST" StructureHandle="/TA2/src/ta2/main/ShowListActv.java" StructureKind="resource" NumEvents="34" CreationCount="107"/><InteractionEvent Delta="null" EndDate="2014-10-15 09:49:56.156 JST" Interest="3.0" Kind="prediction" Navigation="null" OriginId="org.eclipse.mylyn.resources.ui.interest.updater" StartDate="2014-10-15 09:34:47.90 JST" StructureHandle="/TA2/bin/classes.dex" StructureKind="resource" NumEvents="3" CreationCount="1268"/><InteractionEvent Delta="null" EndDate="2014-10-15 08:59:24.185 JST" Interest="3.0" Kind="selection" Navigation="null" OriginId="org.eclipse.jdt.ui.CompilationUnitEditor" StartDate="2014-10-15 08:59:22.47 JST" StructureHandle="=TA2/src&amp;lt;ta2.utils{Methods.java[Methods~confirm_quit~QActivity;~I" StructureKind="java" NumEvents="3" CreationCount="6"/><InteractionEvent Delta="null" EndDate="2014-10-15 09:53:25.404 JST" Interest="8.153" Kind="propagation" Navigation="org.eclipse.mylyn.core.model.edges.containment" OriginId="org.eclipse.mylyn.core.model.interest.propagation" StartDate="2014-10-15 09:50:43.876 JST" StructureHandle="/TA2/res" StructureKind="resource" NumEvents="11" CreationCount="1569"/><InteractionEvent Delta="null" EndDate="2014-10-15 09:50:41.837 JST" Interest="2.0" Kind="selection" Navigation="null" OriginId="org.eclipse.jdt.ui.PackageExplorer" StartDate="2014-10-15 09:50:41.836 JST" StructureHandle="/TA2/res" StructureKind="resource" NumEvents="2" CreationCount="1569"/><InteractionEvent Delta="null" EndDate="2014-10-15 09:48:54.84 JST" Interest="1.0" Kind="selection" Navigation="null" OriginId="org.eclipse.ui.views.ContentOutline" StartDate="2014-10-15 09:48:54.84 JST" StructureHandle="=TA2/src&amp;lt;ta2.utils{Methods_dlg.java%ta2.utils" StructureKind="java"/><InteractionEvent Delta="null" EndDate="2014-10-15 09:53:26.43 JST" Interest="3.0" Kind="selection" Navigation="null" OriginId="com.android.ide.eclipse.editors.CommonXmlEditor" StartDate="2014-10-15 09:53:25.546 JST" StructureHandle="/TA2/res/layout/list_row_filter_history.xml" StructureKind="resource" NumEvents="3" CreationCount="1599"/><InteractionEvent Delta="null" EndDate="2014-10-15 09:09:00.931 JST" Interest="1.0" Kind="selection" Navigation="null" OriginId="org.eclipse.jdt.ui.CompilationUnitEditor" StartDate="2014-10-15 09:09:00.931 JST" StructureHandle="=TA2/src&amp;lt;ta2.utils{DBUtils.java[DBUtils~createTable~QActivity;~QString;~QString;~\[QString;~\[QString;" StructureKind="java"/><InteractionEvent Delta="null" EndDate="2014-10-15 09:09:04.8 JST" Interest="3.0" Kind="edit" Navigation="null" OriginId="org.eclipse.jdt.ui.CompilationUnitEditor" StartDate="2014-10-15 09:09:00.938 JST" StructureHandle="=TA2/src&amp;lt;ta2.utils{DBUtils.java[DBUtils~createTable~QActivity;~QString;~QString;~\[QString;~\[QString;" StructureKind="java" NumEvents="3" CreationCount="376"/><InteractionEvent Delta="null" EndDate="2014-10-15 09:36:45.48 JST" Interest="1.4339981" Kind="propagation" Navigation="org.eclipse.mylyn.core.model.edges.containment" OriginId="org.eclipse.mylyn.core.model.interest.propagation" StartDate="2014-10-15 09:10:17.155 JST" StructureHandle="=TA2/src&amp;lt;ta2.utils{CONS.java" StructureKind="java" NumEvents="4" CreationCount="438"/><InteractionEvent Delta="null" EndDate="2014-10-15 09:36:44.875 JST" Interest="2.0" Kind="selection" Navigation="null" OriginId="org.eclipse.jdt.ui.CompilationUnitEditor" StartDate="2014-10-15 09:10:16.453 JST" StructureHandle="=TA2/src&amp;lt;ta2.utils{CONS.java" StructureKind="java" NumEvents="2" CreationCount="438"/><InteractionEvent Delta="null" EndDate="2014-10-15 09:36:44.875 JST" Interest="12.305001" Kind="manipulation" Navigation="null" OriginId="org.eclipse.mylyn.core.model.interest.decay.correction" StartDate="2014-10-15 09:36:44.875 JST" StructureHandle="=TA2/src&amp;lt;ta2.utils{CONS.java" StructureKind="java"/><InteractionEvent Delta="null" EndDate="2014-10-15 09:02:53.178 JST" Interest="3.0" Kind="selection" Navigation="null" OriginId="org.eclipse.jdt.ui.CompilationUnitEditor" StartDate="2014-10-15 09:02:51.392 JST" StructureHandle="=TA2/src&amp;lt;ta2.main{ShowListActv.java[ShowListActv~_test_Color_Date_v2" StructureKind="java" NumEvents="3" CreationCount="110"/><InteractionEvent Delta="null" EndDate="2014-10-15 09:36:45.48 JST" Interest="15.722" Kind="propagation" Navigation="org.eclipse.mylyn.core.model.edges.containment" OriginId="org.eclipse.mylyn.core.model.interest.propagation" StartDate="2014-10-15 09:10:17.154 JST" StructureHandle="=TA2/src&amp;lt;ta2.utils{CONS.java[CONS[DB" StructureKind="java" NumEvents="4" CreationCount="439"/><InteractionEvent Delta="null" EndDate="2014-10-15 09:57:05.403 JST" Interest="13.0" Kind="selection" Navigation="null" OriginId="org.eclipse.jdt.ui.CompilationUnitEditor" StartDate="2014-10-15 09:38:34.647 JST" StructureHandle="=TA2/src&amp;lt;ta2.utils{Methods.java[Methods~save_Filter~QActivity;~QString;~I~QString;" StructureKind="java" NumEvents="13" CreationCount="1360"/><InteractionEvent Delta="null" EndDate="2014-10-15 09:57:07.788 JST" Interest="27.0" Kind="edit" Navigation="null" OriginId="org.eclipse.jdt.ui.CompilationUnitEditor" StartDate="2014-10-15 09:38:36.49 JST" StructureHandle="=TA2/src&amp;lt;ta2.utils{Methods.java[Methods~save_Filter~QActivity;~QString;~I~QString;" StructureKind="java" NumEvents="27" CreationCount="1360"/><InteractionEvent Delta="null" EndDate="2014-10-15 09:49:06.726 JST" Interest="1.0" Kind="propagation" Navigation="null" OriginId="org.eclipse.jdt.ui.PackageExplorer" StartDate="2014-10-15 09:49:06.726 JST" StructureHandle="/TA2/src/ta2/utils/Recorder.java" StructureKind="resource"/><InteractionEvent Delta="null" EndDate="2014-10-15 09:09:00.90 JST" Interest="1.0" Kind="selection" Navigation="null" OriginId="org.eclipse.jdt.ui.CompilationUnitEditor" StartDate="2014-10-15 09:09:00.90 JST" StructureHandle="=TA2/src&amp;lt;ta2.utils{DBUtils.java[DBUtils~createTable~QActivity;~QString;~\[QString;~\[QString;" StructureKind="java"/><InteractionEvent Delta="null" EndDate="2014-10-15 09:09:00.96 JST" Interest="1.0" Kind="edit" Navigation="null" OriginId="org.eclipse.jdt.ui.CompilationUnitEditor" StartDate="2014-10-15 09:09:00.96 JST" StructureHandle="=TA2/src&amp;lt;ta2.utils{DBUtils.java[DBUtils~createTable~QActivity;~QString;~\[QString;~\[QString;" StructureKind="java"/><InteractionEvent Delta="null" EndDate="2014-10-15 09:14:08.403 JST" Interest="2.0" Kind="selection" Navigation="null" OriginId="org.eclipse.jdt.ui.CompilationUnitEditor" StartDate="2014-10-15 09:09:10.944 JST" StructureHandle="=TA2/src&amp;lt;ta2.utils{DBUtils.java[DBUtils~find_LastBK~QActivity;" StructureKind="java" NumEvents="2" CreationCount="384"/><InteractionEvent Delta="null" EndDate="2014-10-15 09:14:08.403 JST" Interest="3.1790001" Kind="manipulation" Navigation="null" OriginId="org.eclipse.mylyn.core.model.interest.decay.correction" StartDate="2014-10-15 09:14:08.403 JST" StructureHandle="=TA2/src&amp;lt;ta2.utils{DBUtils.java[DBUtils~find_LastBK~QActivity;" StructureKind="java"/><InteractionEvent Delta="null" EndDate="2014-10-15 09:14:08.413 JST" Interest="2.0" Kind="edit" Navigation="null" OriginId="org.eclipse.jdt.ui.CompilationUnitEditor" StartDate="2014-10-15 09:09:10.949 JST" StructureHandle="=TA2/src&amp;lt;ta2.utils{DBUtils.java[DBUtils~find_LastBK~QActivity;" StructureKind="java" NumEvents="2" CreationCount="384"/><InteractionEvent Delta="null" EndDate="2014-10-15 09:46:09.77 JST" Interest="11.0" Kind="selection" Navigation="null" OriginId="org.eclipse.jdt.ui.CompilationUnitEditor" StartDate="2014-10-15 09:05:12.841 JST" StructureHandle="=TA2/src&amp;lt;ta2.listeners.dialog{DB_OCL.java[DB_OCL" StructureKind="java" NumEvents="11" CreationCount="18"/><InteractionEvent Delta="null" EndDate="2014-10-15 09:46:48.707 JST" Interest="133.603" Kind="propagation" Navigation="org.eclipse.mylyn.core.model.edges.containment" OriginId="org.eclipse.mylyn.core.model.interest.propagation" StartDate="2014-10-15 08:59:35.186 JST" StructureHandle="=TA2/src&amp;lt;ta2.listeners.dialog{DB_OCL.java[DB_OCL" StructureKind="java" NumEvents="185" CreationCount="18"/><InteractionEvent Delta="null" EndDate="2014-10-15 09:38:26.221 JST" Interest="4.0" Kind="selection" Navigation="null" OriginId="org.eclipse.jdt.ui.CompilationUnitEditor" StartDate="2014-10-15 09:32:02.631 JST" StructureHandle="=TA2/src&amp;lt;ta2.utils{Methods.java[Methods~_filter_MemoList_History__SaveFilter~QActivity;~QString;~I~QFilterHistory;" StructureKind="java" NumEvents="4" CreationCount="1202"/><InteractionEvent Delta="null" EndDate="2014-10-15 09:33:50.643 JST" Interest="37.0" Kind="edit" Navigation="null" OriginId="org.eclipse.jdt.ui.CompilationUnitEditor" StartDate="2014-10-15 09:32:03.699 JST" StructureHandle="=TA2/src&amp;lt;ta2.utils{Methods.java[Methods~_filter_MemoList_History__SaveFilter~QActivity;~QString;~I~QFilterHistory;" StructureKind="java" NumEvents="37" CreationCount="1202"/><InteractionEvent Delta="null" EndDate="2014-10-15 09:46:32.251 JST" Interest="14.0" Kind="selection" Navigation="null" OriginId="org.eclipse.jdt.ui.CompilationUnitEditor" StartDate="2014-10-15 09:36:05.689 JST" StructureHandle="=TA2/src&amp;lt;ta2.listeners.dialog{DB_OCL.java[DB_OCL~case_DLG_FILTER_SHOWLIST_OK_2" StructureKind="java" NumEvents="14" CreationCount="1277"/><InteractionEvent Delta="null" EndDate="2014-10-15 09:46:48.706 JST" Interest="156.0" Kind="edit" Navigation="null" OriginId="org.eclipse.jdt.ui.CompilationUnitEditor" StartDate="2014-10-15 09:36:06.288 JST" StructureHandle="=TA2/src&amp;lt;ta2.listeners.dialog{DB_OCL.java[DB_OCL~case_DLG_FILTER_SHOWLIST_OK_2" StructureKind="java" NumEvents="156" CreationCount="1277"/><InteractionEvent Delta="null" EndDate="2014-10-15 09:08:07.345 JST" Interest="12.0" Kind="selection" Navigation="null" OriginId="org.eclipse.jdt.ui.CompilationUnitEditor" StartDate="2014-10-15 09:00:51.639 JST" StructureHandle="=TA2/src&amp;lt;ta2.utils{DBUtils.java[DBUtils~find_All_Memos~QActivity;~QCONS.Enums.SortOrder;~I" StructureKind="java" NumEvents="12" CreationCount="50"/><InteractionEvent Delta="null" EndDate="2014-10-15 09:08:01.944 JST" Interest="31.0" Kind="edit" Navigation="null" OriginId="org.eclipse.jdt.ui.CompilationUnitEditor" StartDate="2014-10-15 09:00:54.472 JST" StructureHandle="=TA2/src&amp;lt;ta2.utils{DBUtils.java[DBUtils~find_All_Memos~QActivity;~QCONS.Enums.SortOrder;~I" StructureKind="java" NumEvents="31" CreationCount="50"/><InteractionEvent Delta="null" EndDate="2014-10-15 09:36:37.863 JST" Interest="510.769" Kind="propagation" Navigation="org.eclipse.mylyn.core.model.edges.containment" OriginId="org.eclipse.mylyn.core.model.interest.propagation" StartDate="2014-10-15 08:59:15.406 JST" StructureHandle="=TA2/src" StructureKind="java" NumEvents="735" CreationCount="1"/><InteractionEvent Delta="null" EndDate="2014-10-15 09:57:18.587 JST" Interest="9.0" Kind="selection" Navigation="null" OriginId="org.eclipse.jdt.ui.CompilationUnitEditor" StartDate="2014-10-15 09:23:16.585 JST" StructureHandle="=TA2/src&amp;lt;ta2.utils{Methods.java[Methods" StructureKind="java" NumEvents="9" CreationCount="5"/><InteractionEvent Delta="null" EndDate="2014-10-15 09:38:21.946 JST" Interest="139.9" Kind="propagation" Navigation="org.eclipse.mylyn.core.model.edges.containment" OriginId="org.eclipse.mylyn.core.model.interest.propagation" StartDate="2014-10-15 08:59:21.314 JST" StructureHandle="=TA2/src&amp;lt;ta2.utils{Methods.java[Methods" StructureKind="java" NumEvents="195" CreationCount="5"/><InteractionEvent Delta="null" EndDate="2014-10-15 09:38:33.926 JST" Interest="1.0" Kind="edit" Navigation="null" OriginId="org.eclipse.jdt.ui.CompilationUnitEditor" StartDate="2014-10-15 09:38:33.926 JST" StructureHandle="=TA2/src&amp;lt;ta2.utils{Methods.java[Methods" StructureKind="java"/><InteractionEvent Delta="null" EndDate="2014-10-15 09:07:47.100 JST" Interest="3.0" Kind="selection" Navigation="null" OriginId="org.eclipse.jdt.ui.CompilationUnitEditor" StartDate="2014-10-15 09:07:45.931 JST" StructureHandle="=TA2/src&amp;lt;ta2.utils{DBUtils.java[DBUtils~find_All_Memos~QActivity;" StructureKind="java" NumEvents="3" CreationCount="302"/><InteractionEvent Delta="null" EndDate="2014-10-15 09:57:21.846 JST" Interest="2.0" Kind="selection" Navigation="null" OriginId="org.eclipse.jdt.ui.CompilationUnitEditor" StartDate="2014-10-15 09:57:10.970 JST" StructureHandle="=TA2/src&amp;lt;ta2.utils{Methods.java[Methods~filter_MemoList_Multiple_KW~QActivity;~I~\[QString;" StructureKind="java" NumEvents="2" CreationCount="1605"/><InteractionEvent Delta="null" EndDate="2014-10-15 09:57:32.177 JST" Interest="5.0" Kind="edit" Navigation="null" OriginId="org.eclipse.jdt.ui.CompilationUnitEditor" StartDate="2014-10-15 09:57:13.998 JST" StructureHandle="=TA2/src&amp;lt;ta2.utils{Methods.java[Methods~filter_MemoList_Multiple_KW~QActivity;~I~\[QString;" StructureKind="java" NumEvents="5" CreationCount="1605"/></InteractionHistory>