<?xml version="1.0" encoding="UTF-8"?><InteractionHistory Id="local-164" Version="1"><InteractionEvent Delta="null" EndDate="2014-10-17 09:44:02.666 JST" Interest="161.578" Kind="propagation" Navigation="org.eclipse.mylyn.core.model.edges.containment" OriginId="org.eclipse.mylyn.core.model.interest.propagation" StartDate="2014-10-17 09:28:21.923 JST" StructureHandle="" StructureKind="java" NumEvents="173" CreationCount="1"/><InteractionEvent Delta="null" EndDate="2014-10-18 09:48:49.233 JST" Interest="336.429" Kind="propagation" Navigation="org.eclipse.mylyn.core.model.edges.containment" OriginId="org.eclipse.mylyn.core.model.interest.propagation" StartDate="2014-10-17 09:29:01.811 JST" StructureHandle="=SL3/src" StructureKind="java" NumEvents="486" CreationCount="6"/><InteractionEvent Delta="null" EndDate="2014-10-18 08:58:23.791 JST" Interest="2.0" Kind="selection" Navigation="null" OriginId="org.eclipse.jdt.ui.PackageExplorer" StartDate="2014-10-17 09:28:28.574 JST" StructureHandle="=SL3/src" StructureKind="java" NumEvents="2" CreationCount="6"/><InteractionEvent Delta="null" EndDate="2014-10-17 09:34:03.297 JST" Interest="2.0" Kind="selection" Navigation="null" OriginId="org.eclipse.jdt.ui.CompilationUnitEditor" StartDate="2014-10-17 09:34:03.295 JST" StructureHandle="=SL3/src&amp;lt;sl3.utils{Methods_dlg.java[Methods_dlg~dlg_DeleteToBuyList~QActivity;~QDialog;" StructureKind="java" NumEvents="2" CreationCount="138"/><InteractionEvent Delta="null" EndDate="2014-10-17 09:34:08.33 JST" Interest="2.0" Kind="edit" Navigation="null" OriginId="org.eclipse.jdt.ui.CompilationUnitEditor" StartDate="2014-10-17 09:34:04.167 JST" StructureHandle="=SL3/src&amp;lt;sl3.utils{Methods_dlg.java[Methods_dlg~dlg_DeleteToBuyList~QActivity;~QDialog;" StructureKind="java" NumEvents="2" CreationCount="138"/><InteractionEvent Delta="null" EndDate="2014-10-17 09:35:15.752 JST" Interest="1.0" Kind="selection" Navigation="null" OriginId="org.eclipse.jdt.ui.PackageExplorer" StartDate="2014-10-17 09:35:15.752 JST" StructureHandle="/SL3/res/layout/dlg_drop_table.xml" StructureKind="resource"/><InteractionEvent Delta="null" EndDate="2014-10-18 08:59:42.682 JST" Interest="2.0" Kind="propagation" Navigation="null" OriginId="org.eclipse.jdt.ui.CompilationUnitEditor" StartDate="2014-10-18 08:59:41.638 JST" StructureHandle="/SL3/src/sl3/utils/Tags.java" StructureKind="resource" NumEvents="2" CreationCount="299"/><InteractionEvent Delta="null" EndDate="2014-10-17 09:41:20.514 JST" Interest="8.6" Kind="propagation" Navigation="org.eclipse.mylyn.core.model.edges.containment" OriginId="org.eclipse.mylyn.core.model.interest.propagation" StartDate="2014-10-17 09:40:36.684 JST" StructureHandle="/SL3/res/menu" StructureKind="resource" NumEvents="11" CreationCount="204"/><InteractionEvent Delta="null" EndDate="2014-10-18 08:59:42.681 JST" Interest="1.0" Kind="selection" Navigation="null" OriginId="org.eclipse.jdt.ui.CompilationUnitEditor" StartDate="2014-10-18 08:59:42.681 JST" StructureHandle="=SL3/src&amp;lt;sl3.utils{Tags.java[Tags[DialogTags^DLG_SAVE_PUR_HISTORY_OK" StructureKind="java"/><InteractionEvent Delta="null" EndDate="2014-10-18 09:25:24.543 JST" Interest="1.0" Kind="selection" Navigation="null" OriginId="org.eclipse.search.ui.views.SearchView" StartDate="2014-10-18 09:25:24.543 JST" StructureHandle="=SL3/src&amp;lt;sl3" StructureKind="java"/><InteractionEvent Delta="null" EndDate="2014-10-18 09:25:30.600 JST" Interest="0.034000397" Kind="propagation" Navigation="org.eclipse.mylyn.core.model.edges.containment" OriginId="org.eclipse.mylyn.core.model.interest.propagation" StartDate="2014-10-18 09:25:30.600 JST" StructureHandle="=SL3/src&amp;lt;sl3.listeners" StructureKind="java"/><InteractionEvent Delta="null" EndDate="2014-10-18 09:25:28.106 JST" Interest="10.815001" Kind="manipulation" Navigation="null" OriginId="org.eclipse.mylyn.core.model.interest.decay.correction" StartDate="2014-10-18 09:25:28.106 JST" StructureHandle="=SL3/src&amp;lt;sl3.listeners" StructureKind="java"/><InteractionEvent Delta="null" EndDate="2014-10-18 09:25:28.106 JST" Interest="2.0" Kind="selection" Navigation="null" OriginId="org.eclipse.search.ui.views.SearchView" StartDate="2014-10-17 09:29:01.810 JST" StructureHandle="=SL3/src&amp;lt;sl3.listeners" StructureKind="java" NumEvents="2" CreationCount="11"/><InteractionEvent Delta="null" EndDate="2014-10-18 09:48:45.436 JST" Interest="321.71698" Kind="propagation" Navigation="org.eclipse.mylyn.core.model.edges.containment" OriginId="org.eclipse.mylyn.core.model.interest.propagation" StartDate="2014-10-18 09:09:47.39 JST" StructureHandle="=SL3/src&amp;lt;sl3.utils{Methods.java" StructureKind="java" NumEvents="461" CreationCount="342"/><InteractionEvent Delta="null" EndDate="2014-10-18 09:48:49.232 JST" Interest="11.0" Kind="selection" Navigation="null" OriginId="org.eclipse.jdt.ui.CompilationUnitEditor" StartDate="2014-10-18 09:09:45.28 JST" StructureHandle="=SL3/src&amp;lt;sl3.utils{Methods.java" StructureKind="java" NumEvents="11" CreationCount="342"/><InteractionEvent Delta="null" EndDate="2014-10-18 09:32:31.614 JST" Interest="53.0" Kind="propagation" Navigation="null" OriginId="org.eclipse.jdt.ui.CompilationUnitEditor" StartDate="2014-10-18 09:10:03.2 JST" StructureHandle="/SL3/src/sl3/utils/CONS.java" StructureKind="resource" NumEvents="53" CreationCount="352"/><InteractionEvent Delta="null" EndDate="2014-10-18 09:25:20.563 JST" Interest="2.0" Kind="propagation" Navigation="null" OriginId="org.eclipse.jdt.ui.CompilationUnitEditor" StartDate="2014-10-18 09:25:19.612 JST" StructureHandle="/SL3/src/sl/main/RegisterItemActv.java" StructureKind="resource" NumEvents="2" CreationCount="704"/><InteractionEvent Delta="null" EndDate="2014-10-18 09:06:56.32 JST" Interest="1.0" Kind="propagation" Navigation="null" OriginId="org.eclipse.jdt.ui.PackageExplorer" StartDate="2014-10-18 09:06:56.32 JST" StructureHandle="/SL3/src/sl/libs/xml" StructureKind="resource"/><InteractionEvent Delta="null" EndDate="2014-10-17 09:43:31.392 JST" Interest="66.0" Kind="propagation" Navigation="null" OriginId="org.eclipse.jdt.ui.CompilationUnitEditor" StartDate="2014-10-17 09:31:18.731 JST" StructureHandle="/SL3/src/sl3/listeners/dialog/DOI_CL.java" StructureKind="resource" NumEvents="66" CreationCount="76"/><InteractionEvent Delta="null" EndDate="2014-10-17 09:43:31.393 JST" Interest="40.299004" Kind="propagation" Navigation="org.eclipse.mylyn.core.model.edges.containment" OriginId="org.eclipse.mylyn.core.model.interest.propagation" StartDate="2014-10-17 09:31:19.573 JST" StructureHandle="=SL3/src&amp;lt;sl3.listeners.dialog" StructureKind="java" NumEvents="56" CreationCount="36"/><InteractionEvent Delta="null" EndDate="2014-10-18 09:25:31.110 JST" Interest="5.0" Kind="selection" Navigation="null" OriginId="org.eclipse.search.ui.views.SearchView" StartDate="2014-10-17 09:30:10.801 JST" StructureHandle="=SL3/src&amp;lt;sl3.listeners.dialog" StructureKind="java" NumEvents="5" CreationCount="36"/><InteractionEvent Delta="null" EndDate="2014-10-18 09:29:32.534 JST" Interest="1.9740005" Kind="manipulation" Navigation="null" OriginId="org.eclipse.mylyn.core.model.interest.decay.correction" StartDate="2014-10-18 09:29:32.534 JST" StructureHandle="=SL3/src&amp;lt;sl3.utils{CONS.java[CONS[DB^col_Names_PH_full" StructureKind="java"/><InteractionEvent Delta="null" EndDate="2014-10-18 09:32:26.801 JST" Interest="7.0" Kind="selection" Navigation="null" OriginId="org.eclipse.jdt.ui.CompilationUnitEditor" StartDate="2014-10-18 09:10:10.366 JST" StructureHandle="=SL3/src&amp;lt;sl3.utils{CONS.java[CONS[DB^col_Names_PH_full" StructureKind="java" NumEvents="7" CreationCount="355"/><InteractionEvent Delta="null" EndDate="2014-10-18 09:32:31.613 JST" Interest="18.0" Kind="edit" Navigation="null" OriginId="org.eclipse.jdt.ui.CompilationUnitEditor" StartDate="2014-10-18 09:10:11.77 JST" StructureHandle="=SL3/src&amp;lt;sl3.utils{CONS.java[CONS[DB^col_Names_PH_full" StructureKind="java" NumEvents="18" CreationCount="355"/><InteractionEvent Delta="null" EndDate="2014-10-18 09:23:00.586 JST" Interest="54.528" Kind="propagation" Navigation="org.eclipse.mylyn.core.model.edges.containment" OriginId="org.eclipse.mylyn.core.model.interest.propagation" StartDate="2014-10-17 09:30:18.225 JST" StructureHandle="=SL3/src&amp;lt;sl3.utils{Methods_dlg.java[Methods_dlg" StructureKind="java" NumEvents="75" CreationCount="40"/><InteractionEvent Delta="null" EndDate="2014-10-18 09:46:42.142 JST" Interest="7.0" Kind="selection" Navigation="null" OriginId="org.eclipse.jdt.ui.CompilationUnitEditor" StartDate="2014-10-17 09:30:26.409 JST" StructureHandle="=SL3/src&amp;lt;sl3.utils{Methods_dlg.java[Methods_dlg" StructureKind="java" NumEvents="7" CreationCount="40"/><InteractionEvent Delta="null" EndDate="2014-10-18 09:23:03.503 JST" Interest="1.0" Kind="edit" Navigation="null" OriginId="org.eclipse.jdt.ui.CompilationUnitEditor" StartDate="2014-10-18 09:23:03.503 JST" StructureHandle="=SL3/src&amp;lt;sl3.utils{Methods_dlg.java[Methods_dlg" StructureKind="java"/><InteractionEvent Delta="null" EndDate="2014-10-18 09:50:41.881 JST" Interest="96.0" Kind="propagation" Navigation="null" OriginId="org.eclipse.jdt.ui.CompilationUnitEditor" StartDate="2014-10-18 09:07:01.193 JST" StructureHandle="/SL3/src/sl3/listeners/dialog/DB_OCL.java" StructureKind="resource" NumEvents="96" CreationCount="314"/><InteractionEvent Delta="null" EndDate="2014-10-18 09:30:32.553 JST" Interest="2.0" Kind="selection" Navigation="null" OriginId="org.eclipse.jdt.ui.CompilationUnitEditor" StartDate="2014-10-18 09:29:56.836 JST" StructureHandle="=SL3/src&amp;lt;sl3.utils{CONS.java[CONS[DB^tname_stores" StructureKind="java" NumEvents="2" CreationCount="789"/><InteractionEvent Delta="null" EndDate="2014-10-17 09:43:24.848 JST" Interest="31.616999" Kind="propagation" Navigation="org.eclipse.mylyn.core.model.edges.containment" OriginId="org.eclipse.mylyn.core.model.interest.propagation" StartDate="2014-10-17 09:29:08.700 JST" StructureHandle="/SL3/res/values" StructureKind="resource" NumEvents="44" CreationCount="10"/><InteractionEvent Delta="null" EndDate="2014-10-17 09:29:06.589 JST" Interest="1.0" Kind="selection" Navigation="null" OriginId="org.eclipse.jdt.ui.PackageExplorer" StartDate="2014-10-17 09:29:06.589 JST" StructureHandle="/SL3/res/values" StructureKind="resource"/><InteractionEvent Delta="null" EndDate="2014-10-18 10:02:20.592 JST" Interest="894.57806" Kind="propagation" Navigation="org.eclipse.mylyn.core.model.edges.containment" OriginId="org.eclipse.mylyn.core.model.interest.propagation" StartDate="2014-10-17 09:28:21.922 JST" StructureHandle="/" StructureKind="resource" NumEvents="897" CreationCount="1"/><InteractionEvent Delta="null" EndDate="2014-10-18 09:06:59.582 JST" Interest="1.0" Kind="propagation" Navigation="null" OriginId="org.eclipse.jdt.ui.PackageExplorer" StartDate="2014-10-18 09:06:59.582 JST" StructureHandle="/SL3/src/sl3/listeners/dialog/DB_CL.java" StructureKind="resource"/><InteractionEvent Delta="null" EndDate="2014-10-18 09:48:49.836 JST" Interest="17.0" Kind="selection" Navigation="null" OriginId="org.eclipse.jdt.ui.CompilationUnitEditor" StartDate="2014-10-18 09:09:47.37 JST" StructureHandle="=SL3/src&amp;lt;sl3.utils{Methods.java[Methods~save_Pur_History~QActivity;~QDialog;~QDialog;" StructureKind="java" NumEvents="17" CreationCount="343"/><InteractionEvent Delta="null" EndDate="2014-10-18 09:48:45.435 JST" Interest="451.0" Kind="edit" Navigation="null" OriginId="org.eclipse.jdt.ui.CompilationUnitEditor" StartDate="2014-10-18 09:09:48.251 JST" StructureHandle="=SL3/src&amp;lt;sl3.utils{Methods.java[Methods~save_Pur_History~QActivity;~QDialog;~QDialog;" StructureKind="java" NumEvents="451" CreationCount="343"/><InteractionEvent Delta="null" EndDate="2014-10-17 09:41:57.224 JST" Interest="1.0" Kind="propagation" Navigation="org.eclipse.mylyn.core.model.edges.containment" OriginId="org.eclipse.mylyn.core.model.interest.propagation" StartDate="2014-10-17 09:41:57.224 JST" StructureHandle="/SL3/bin" StructureKind="resource"/><InteractionEvent Delta="null" EndDate="2014-10-18 09:32:45.736 JST" Interest="0.9610002" Kind="manipulation" Navigation="null" OriginId="org.eclipse.mylyn.core.model.interest.decay.correction" StartDate="2014-10-18 09:27:24.25 JST" StructureHandle="=SL3/src&amp;lt;sl3.utils{Methods.java[Methods~search_Items~QActivity;~QDialog;~QString;~QString;" StructureKind="java" NumEvents="2" CreationCount="632"/><InteractionEvent Delta="null" EndDate="2014-10-18 09:32:45.735 JST" Interest="4.0" Kind="selection" Navigation="null" OriginId="org.eclipse.jdt.ui.CompilationUnitEditor" StartDate="2014-10-18 09:21:20.62 JST" StructureHandle="=SL3/src&amp;lt;sl3.utils{Methods.java[Methods~search_Items~QActivity;~QDialog;~QString;~QString;" StructureKind="java" NumEvents="4" CreationCount="632"/><InteractionEvent Delta="null" EndDate="2014-10-18 09:48:49.837 JST" Interest="332.69998" Kind="propagation" Navigation="org.eclipse.mylyn.core.model.edges.containment" OriginId="org.eclipse.mylyn.core.model.interest.propagation" StartDate="2014-10-18 09:09:47.38 JST" StructureHandle="=SL3/src&amp;lt;sl3.utils{Methods.java[Methods" StructureKind="java" NumEvents="468" CreationCount="343"/><InteractionEvent Delta="null" EndDate="2014-10-18 08:59:42.682 JST" Interest="1.0" Kind="propagation" Navigation="org.eclipse.mylyn.core.model.edges.containment" OriginId="org.eclipse.mylyn.core.model.interest.propagation" StartDate="2014-10-18 08:59:42.682 JST" StructureHandle="=SL3/src&amp;lt;sl3.utils{Tags.java[Tags" StructureKind="java"/><InteractionEvent Delta="null" EndDate="2014-10-18 09:25:20.564 JST" Interest="1.017" Kind="propagation" Navigation="org.eclipse.mylyn.core.model.edges.containment" OriginId="org.eclipse.mylyn.core.model.interest.propagation" StartDate="2014-10-18 09:25:19.613 JST" StructureHandle="=SL3/src&amp;lt;sl.main" StructureKind="java" NumEvents="2" CreationCount="704"/><InteractionEvent Delta="null" EndDate="2014-10-18 09:56:22.468 JST" Interest="7.0" Kind="prediction" Navigation="null" OriginId="org.eclipse.mylyn.resources.ui.interest.updater" StartDate="2014-10-17 09:41:57.223 JST" StructureHandle="/SL3/bin/classes.dex" StructureKind="resource" NumEvents="7" CreationCount="0"/><InteractionEvent Delta="null" EndDate="2014-10-18 09:25:20.563 JST" Interest="2.0" Kind="propagation" Navigation="org.eclipse.mylyn.core.model.edges.containment" OriginId="org.eclipse.mylyn.core.model.interest.propagation" StartDate="2014-10-18 09:25:19.613 JST" StructureHandle="/SL3/src/sl/main" StructureKind="resource" NumEvents="2" CreationCount="704"/><InteractionEvent Delta="null" EndDate="2014-10-18 09:47:08.479 JST" Interest="2.0" Kind="selection" Navigation="null" OriginId="org.eclipse.jdt.ui.CompilationUnitEditor" StartDate="2014-10-18 09:46:53.574 JST" StructureHandle="=SL3/src&amp;lt;sl3.listeners.dialog{DB_OTL.java[DB_OTL~onTouch~QView;~QMotionEvent;" StructureKind="java" NumEvents="2" CreationCount="913"/><InteractionEvent Delta="null" EndDate="2014-10-18 09:47:18.576 JST" Interest="11.0" Kind="edit" Navigation="null" OriginId="org.eclipse.jdt.ui.CompilationUnitEditor" StartDate="2014-10-18 09:46:57.41 JST" StructureHandle="=SL3/src&amp;lt;sl3.listeners.dialog{DB_OTL.java[DB_OTL~onTouch~QView;~QMotionEvent;" StructureKind="java" NumEvents="11" CreationCount="913"/><InteractionEvent Delta="null" EndDate="2014-10-18 09:47:18.577 JST" Interest="8.699999" Kind="propagation" Navigation="org.eclipse.mylyn.core.model.edges.containment" OriginId="org.eclipse.mylyn.core.model.interest.propagation" StartDate="2014-10-18 09:46:53.575 JST" StructureHandle="=SL3/src&amp;lt;sl3.listeners.dialog{DB_OTL.java[DB_OTL" StructureKind="java" NumEvents="12" CreationCount="913"/><InteractionEvent Delta="null" EndDate="2014-10-18 09:47:06.202 JST" Interest="1.0" Kind="selection" Navigation="null" OriginId="org.eclipse.jdt.ui.CompilationUnitEditor" StartDate="2014-10-18 09:47:06.202 JST" StructureHandle="=SL3/src&amp;lt;sl3.listeners.dialog{DB_OTL.java[DB_OTL" StructureKind="java"/><InteractionEvent Delta="null" EndDate="2014-10-18 08:59:42.682 JST" Interest="1.0" Kind="propagation" Navigation="org.eclipse.mylyn.core.model.edges.containment" OriginId="org.eclipse.mylyn.core.model.interest.propagation" StartDate="2014-10-18 08:59:42.682 JST" StructureHandle="=SL3/src&amp;lt;sl3.utils{Tags.java[Tags[DialogTags" StructureKind="java"/><InteractionEvent Delta="null" EndDate="2014-10-18 08:58:35.284 JST" Interest="3.0" Kind="selection" Navigation="null" OriginId="org.eclipse.jdt.ui.CompilationUnitEditor" StartDate="2014-10-18 08:58:31.179 JST" StructureHandle="=SL3/src&amp;lt;sl3.utils{Methods_dlg.java[Methods_dlg~conf_InsertNum_SI~QActivity;~QDialog;~QDialog;~QDialogTags;" StructureKind="java" NumEvents="3" CreationCount="275"/><InteractionEvent Delta="null" EndDate="2014-10-17 09:30:18.225 JST" Interest="1.0" Kind="selection" Navigation="null" OriginId="org.eclipse.jdt.ui.CompilationUnitEditor" StartDate="2014-10-17 09:30:18.225 JST" StructureHandle="=SL3/src&amp;lt;sl3.utils{Methods_dlg.java[Methods_dlg~dlg_tabActv_adminDb~QActivity;" StructureKind="java"/><InteractionEvent Delta="null" EndDate="2014-10-18 09:57:41.534 JST" Interest="7.2999997" Kind="propagation" Navigation="org.eclipse.mylyn.core.model.edges.containment" OriginId="org.eclipse.mylyn.core.model.interest.propagation" StartDate="2014-10-18 09:50:43.435 JST" StructureHandle="=SL3/src&amp;lt;sl3.utils{DBUtils.java[DBUtils" StructureKind="java" NumEvents="10" CreationCount="996"/><InteractionEvent Delta="null" EndDate="2014-10-18 09:06:56.32 JST" Interest="1.0" Kind="propagation" Navigation="org.eclipse.mylyn.core.model.edges.containment" OriginId="org.eclipse.mylyn.core.model.interest.propagation" StartDate="2014-10-18 09:06:56.32 JST" StructureHandle="/SL3/src/sl/libs" StructureKind="resource"/><InteractionEvent Delta="null" EndDate="2014-10-18 09:48:49.837 JST" Interest="485.0" Kind="propagation" Navigation="null" OriginId="org.eclipse.jdt.ui.CompilationUnitEditor" StartDate="2014-10-18 09:09:45.29 JST" StructureHandle="/SL3/src/sl3/utils/Methods.java" StructureKind="resource" NumEvents="485" CreationCount="342"/><InteractionEvent Delta="null" EndDate="2014-10-18 09:50:43.435 JST" Interest="1.0" Kind="selection" Navigation="null" OriginId="org.eclipse.jdt.ui.CompilationUnitEditor" StartDate="2014-10-18 09:50:43.435 JST" StructureHandle="=SL3/src&amp;lt;sl3.utils{DBUtils.java[DBUtils~insert_Data~QActivity;~QString;~QContentValues;" StructureKind="java"/><InteractionEvent Delta="null" EndDate="2014-10-18 09:57:41.534 JST" Interest="9.0" Kind="edit" Navigation="null" OriginId="org.eclipse.jdt.ui.CompilationUnitEditor" StartDate="2014-10-18 09:50:46.770 JST" StructureHandle="=SL3/src&amp;lt;sl3.utils{DBUtils.java[DBUtils~insert_Data~QActivity;~QString;~QContentValues;" StructureKind="java" NumEvents="9" CreationCount="996"/><InteractionEvent Delta="null" EndDate="2014-10-18 09:57:41.535 JST" Interest="6.317" Kind="propagation" Navigation="org.eclipse.mylyn.core.model.edges.containment" OriginId="org.eclipse.mylyn.core.model.interest.propagation" StartDate="2014-10-18 09:50:43.436 JST" StructureHandle="=SL3/src&amp;lt;sl3.utils{DBUtils.java" StructureKind="java" NumEvents="10" CreationCount="995"/><InteractionEvent Delta="null" EndDate="2014-10-18 09:50:42.357 JST" Interest="1.0" Kind="selection" Navigation="null" OriginId="org.eclipse.jdt.ui.CompilationUnitEditor" StartDate="2014-10-18 09:50:42.357 JST" StructureHandle="=SL3/src&amp;lt;sl3.utils{DBUtils.java" StructureKind="java"/><InteractionEvent Delta="null" EndDate="2014-10-18 09:46:44.636 JST" Interest="21.0" Kind="selection" Navigation="null" OriginId="org.eclipse.jdt.ui.CompilationUnitEditor" StartDate="2014-10-17 09:33:39.792 JST" StructureHandle="=SL3/src&amp;lt;sl3.utils{Methods_dlg.java[Methods_dlg~conf_Save_PurHistory~QActivity;~QDialog;" StructureKind="java" NumEvents="21" CreationCount="124"/><InteractionEvent Delta="null" EndDate="2014-10-18 09:23:00.585 JST" Interest="53.0" Kind="edit" Navigation="null" OriginId="org.eclipse.jdt.ui.CompilationUnitEditor" StartDate="2014-10-17 09:33:41.972 JST" StructureHandle="=SL3/src&amp;lt;sl3.utils{Methods_dlg.java[Methods_dlg~conf_Save_PurHistory~QActivity;~QDialog;" StructureKind="java" NumEvents="53" CreationCount="124"/><InteractionEvent Delta="null" EndDate="2014-10-17 09:33:38.57 JST" Interest="5.0" Kind="selection" Navigation="null" OriginId="org.eclipse.jdt.ui.CompilationUnitEditor" StartDate="2014-10-17 09:30:23.563 JST" StructureHandle="=SL3/src&amp;lt;sl3.utils{Methods_dlg.java[Methods_dlg~dlg_OptMenu_DB~QActivity;" StructureKind="java" NumEvents="5" CreationCount="41"/><InteractionEvent Delta="null" EndDate="2014-10-17 09:31:23.404 JST" Interest="27.0" Kind="edit" Navigation="null" OriginId="org.eclipse.jdt.ui.CompilationUnitEditor" StartDate="2014-10-17 09:30:31.600 JST" StructureHandle="=SL3/src&amp;lt;sl3.utils{Methods_dlg.java[Methods_dlg~dlg_OptMenu_DB~QActivity;" StructureKind="java" NumEvents="27" CreationCount="41"/><InteractionEvent Delta="null" EndDate="2014-10-18 09:25:20.562 JST" Interest="1.0" Kind="selection" Navigation="null" OriginId="org.eclipse.jdt.ui.CompilationUnitEditor" StartDate="2014-10-18 09:25:20.562 JST" StructureHandle="=SL3/src&amp;lt;sl.main{RegisterItemActv.java[RegisterItemActv^sp_store_name" StructureKind="java"/><InteractionEvent Delta="null" EndDate="2014-10-17 09:29:59.135 JST" Interest="2.0" Kind="selection" Navigation="null" OriginId="org.eclipse.jdt.ui.PackageExplorer" StartDate="2014-10-17 09:29:03.522 JST" StructureHandle="/SL3/libs" StructureKind="resource" NumEvents="2" CreationCount="8"/><InteractionEvent Delta="null" EndDate="2014-10-18 09:06:56.32 JST" Interest="1.0" Kind="selection" Navigation="null" OriginId="org.eclipse.jdt.ui.PackageExplorer" StartDate="2014-10-18 09:06:56.32 JST" StructureHandle="=SL3/src&amp;lt;sl.libs.xml" StructureKind="java"/><InteractionEvent Delta="null" EndDate="2014-10-18 09:25:20.563 JST" Interest="8.681001" Kind="propagation" Navigation="org.eclipse.mylyn.core.model.edges.containment" OriginId="org.eclipse.mylyn.core.model.interest.propagation" StartDate="2014-10-18 09:06:56.32 JST" StructureHandle="/SL3/src/sl" StructureKind="resource" NumEvents="3" CreationCount="311"/><InteractionEvent Delta="null" EndDate="2014-10-18 09:49:26.728 JST" Interest="2.0" Kind="selection" Navigation="null" OriginId="org.eclipse.jdt.ui.CompilationUnitEditor" StartDate="2014-10-18 09:47:43.844 JST" StructureHandle="=SL3/src&amp;lt;sl3.listeners.dialog{DB_OCL.java[DB_OCL~case_DLG_CONFIRM_DELETE_SI_OK" StructureKind="java" NumEvents="2" CreationCount="936"/><InteractionEvent Delta="null" EndDate="2014-10-18 10:02:15.757 JST" Interest="184.493" Kind="propagation" Navigation="org.eclipse.mylyn.core.model.edges.containment" OriginId="org.eclipse.mylyn.core.model.interest.propagation" StartDate="2014-10-17 09:29:01.811 JST" StructureHandle="/SL3/src/sl3/listeners" StructureKind="resource" NumEvents="187" CreationCount="7"/><InteractionEvent Delta="null" EndDate="2014-10-18 09:10:05.17 JST" Interest="1.0" Kind="selection" Navigation="null" OriginId="org.eclipse.ui.views.ContentOutline" StartDate="2014-10-18 09:10:05.17 JST" StructureHandle="=SL3/src&amp;lt;sl3.utils{CONS.java%sl3.utils" StructureKind="java"/><InteractionEvent Delta="null" EndDate="2014-10-18 09:57:41.535 JST" Interest="704.476" Kind="propagation" Navigation="org.eclipse.mylyn.core.model.edges.containment" OriginId="org.eclipse.mylyn.core.model.interest.propagation" StartDate="2014-10-17 09:29:01.811 JST" StructureHandle="/SL3/src/sl3" StructureKind="resource" NumEvents="710" CreationCount="7"/><InteractionEvent Delta="null" EndDate="2014-10-18 09:06:59.581 JST" Interest="1.0" Kind="selection" Navigation="null" OriginId="org.eclipse.jdt.ui.PackageExplorer" StartDate="2014-10-18 09:06:59.581 JST" StructureHandle="=SL3/src&amp;lt;sl3.listeners.dialog{DB_CL.java" StructureKind="java"/><InteractionEvent Delta="null" EndDate="2014-10-18 10:02:15.757 JST" Interest="17.0" Kind="propagation" Navigation="null" OriginId="org.eclipse.jdt.ui.PackageExplorer" StartDate="2014-10-18 09:46:50.192 JST" StructureHandle="/SL3/src/sl3/listeners/dialog/DB_OTL.java" StructureKind="resource" NumEvents="17" CreationCount="912"/><InteractionEvent Delta="null" EndDate="2014-10-18 09:47:49.244 JST" Interest="5.0" Kind="selection" Navigation="null" OriginId="org.eclipse.jdt.ui.CompilationUnitEditor" StartDate="2014-10-18 09:25:36.690 JST" StructureHandle="=SL3/src&amp;lt;sl3.listeners.dialog{DB_OCL.java[DB_OCL~case_REGISTER_ITEM_OK" StructureKind="java" NumEvents="5" CreationCount="713"/><InteractionEvent Delta="null" EndDate="2014-10-18 09:48:05.824 JST" Interest="15.0" Kind="edit" Navigation="null" OriginId="org.eclipse.jdt.ui.CompilationUnitEditor" StartDate="2014-10-18 09:25:38.242 JST" StructureHandle="=SL3/src&amp;lt;sl3.listeners.dialog{DB_OCL.java[DB_OCL~case_REGISTER_ITEM_OK" StructureKind="java" NumEvents="15" CreationCount="713"/><InteractionEvent Delta="null" EndDate="2014-10-18 09:12:43.371 JST" Interest="1.0" Kind="selection" Navigation="null" OriginId="org.eclipse.jdt.ui.CompilationUnitEditor" StartDate="2014-10-18 09:12:43.371 JST" StructureHandle="=SL3/src&amp;lt;sl3.utils{Methods.java[Methods~db_backup~QActivity;" StructureKind="java"/><InteractionEvent Delta="null" EndDate="2014-10-18 09:12:52.216 JST" Interest="1.0" Kind="edit" Navigation="null" OriginId="org.eclipse.jdt.ui.CompilationUnitEditor" StartDate="2014-10-18 09:12:52.216 JST" StructureHandle="=SL3/src&amp;lt;sl3.utils{Methods.java[Methods~db_backup~QActivity;" StructureKind="java"/><InteractionEvent Delta="null" EndDate="2014-10-17 09:43:18.260 JST" Interest="6.0" Kind="selection" Navigation="null" OriginId="com.android.ide.eclipse.editors.CommonXmlEditor" StartDate="2014-10-17 09:29:08.699 JST" StructureHandle="/SL3/res/values/strings.xml" StructureKind="resource" NumEvents="6" CreationCount="11"/><InteractionEvent Delta="null" EndDate="2014-10-17 09:43:24.847 JST" Interest="38.0" Kind="edit" Navigation="null" OriginId="com.android.ide.eclipse.editors.CommonXmlEditor" StartDate="2014-10-17 09:29:09.668 JST" StructureHandle="/SL3/res/values/strings.xml" StructureKind="resource" NumEvents="38" CreationCount="11"/><InteractionEvent Delta="null" EndDate="2014-10-18 09:57:41.535 JST" Interest="705.0" Kind="propagation" Navigation="null" OriginId="org.eclipse.jdt.ui.CompilationUnitEditor" StartDate="2014-10-17 09:30:09.565 JST" StructureHandle="/SL3/src/sl3/utils" StructureKind="resource" NumEvents="705" CreationCount="35"/><InteractionEvent Delta="null" EndDate="2014-10-18 08:58:30.299 JST" Interest="1.0" Kind="selection" Navigation="null" OriginId="org.eclipse.ui.views.ContentOutline" StartDate="2014-10-18 08:58:30.299 JST" StructureHandle="=SL3/src&amp;lt;sl3.utils{Methods_dlg.java%sl3.utils" StructureKind="java"/><InteractionEvent Delta="null" EndDate="2014-10-18 09:32:31.613 JST" Interest="21.591" Kind="propagation" Navigation="org.eclipse.mylyn.core.model.edges.containment" OriginId="org.eclipse.mylyn.core.model.interest.propagation" StartDate="2014-10-18 09:10:06.312 JST" StructureHandle="=SL3/src&amp;lt;sl3.utils{CONS.java[CONS" StructureKind="java" NumEvents="28" CreationCount="354"/><InteractionEvent Delta="null" EndDate="2014-10-18 08:59:42.683 JST" Interest="0.01700002" Kind="propagation" Navigation="org.eclipse.mylyn.core.model.edges.containment" OriginId="org.eclipse.mylyn.core.model.interest.propagation" StartDate="2014-10-18 08:59:42.683 JST" StructureHandle="=SL3/src&amp;lt;sl3.utils{Tags.java" StructureKind="java"/><InteractionEvent Delta="null" EndDate="2014-10-18 10:02:18.374 JST" Interest="1.0" Kind="prediction" Navigation="null" OriginId="org.eclipse.mylyn.resources.ui.interest.updater" StartDate="2014-10-18 10:02:18.374 JST" StructureHandle="=SL3/src&amp;lt;sl3.utils{Tags.java" StructureKind="java"/><InteractionEvent Delta="null" EndDate="2014-10-18 08:59:41.638 JST" Interest="1.0" Kind="selection" Navigation="null" OriginId="org.eclipse.jdt.ui.CompilationUnitEditor" StartDate="2014-10-18 08:59:41.638 JST" StructureHandle="=SL3/src&amp;lt;sl3.utils{Tags.java" StructureKind="java"/><InteractionEvent Delta="null" EndDate="2014-10-18 09:47:11.555 JST" Interest="8.017" Kind="propagation" Navigation="org.eclipse.mylyn.core.model.edges.containment" OriginId="org.eclipse.mylyn.core.model.interest.propagation" StartDate="2014-10-18 09:46:53.575 JST" StructureHandle="=SL3/src&amp;lt;sl3.listeners.dialog{DB_OTL.java" StructureKind="java" NumEvents="12" CreationCount="912"/><InteractionEvent Delta="null" EndDate="2014-10-18 10:02:15.756 JST" Interest="3.0" Kind="selection" Navigation="null" OriginId="org.eclipse.jdt.ui.PackageExplorer" StartDate="2014-10-18 09:46:50.191 JST" StructureHandle="=SL3/src&amp;lt;sl3.listeners.dialog{DB_OTL.java" StructureKind="java" NumEvents="3" CreationCount="912"/><InteractionEvent Delta="null" EndDate="2014-10-17 09:35:33.307 JST" Interest="1.0" Kind="propagation" Navigation="null" OriginId="org.eclipse.mylyn.resources.ui.interest.updater" StartDate="2014-10-17 09:35:33.307 JST" StructureHandle="/SL3/res/layout/dlg_save_pur_history.xml" StructureKind="resource"/><InteractionEvent Delta="null" EndDate="2014-10-18 09:23:07.355 JST" Interest="8.0" Kind="selection" Navigation="null" OriginId="org.eclipse.jdt.ui.PackageExplorer" StartDate="2014-10-17 09:35:39.214 JST" StructureHandle="/SL3/res/layout/dlg_save_pur_history.xml" StructureKind="resource" NumEvents="8" CreationCount="85"/><InteractionEvent Delta="null" EndDate="2014-10-18 09:22:58.235 JST" Interest="18.0" Kind="edit" Navigation="null" OriginId="com.android.ide.eclipse.editors.CommonXmlEditor" StartDate="2014-10-17 09:36:09.900 JST" StructureHandle="/SL3/res/layout/dlg_save_pur_history.xml" StructureKind="resource" NumEvents="18" CreationCount="85"/><InteractionEvent Delta="null" EndDate="2014-10-18 09:46:46.147 JST" Interest="2.1820002" Kind="manipulation" Navigation="null" OriginId="org.eclipse.mylyn.core.model.interest.decay.correction" StartDate="2014-10-18 09:31:03.610 JST" StructureHandle="/SL3/res/layout/dlg_save_tobuy_list.xml" StructureKind="resource" NumEvents="2" CreationCount="664"/><InteractionEvent Delta="null" EndDate="2014-10-18 09:47:15.889 JST" Interest="4.0" Kind="selection" Navigation="null" OriginId="com.android.ide.eclipse.editors.CommonXmlEditor" StartDate="2014-10-18 09:23:09.575 JST" StructureHandle="/SL3/res/layout/dlg_save_tobuy_list.xml" StructureKind="resource" NumEvents="4" CreationCount="664"/><InteractionEvent Delta="null" EndDate="2014-10-17 09:43:31.393 JST" Interest="34.619003" Kind="propagation" Navigation="org.eclipse.mylyn.core.model.edges.containment" OriginId="org.eclipse.mylyn.core.model.interest.propagation" StartDate="2014-10-17 09:31:31.718 JST" StructureHandle="=SL3/src&amp;lt;sl3.listeners.dialog{DOI_CL.java" StructureKind="java" NumEvents="49" CreationCount="76"/><InteractionEvent Delta="null" EndDate="2014-10-17 09:43:27.884 JST" Interest="8.0" Kind="selection" Navigation="null" OriginId="org.eclipse.jdt.ui.CompilationUnitEditor" StartDate="2014-10-17 09:31:18.731 JST" StructureHandle="=SL3/src&amp;lt;sl3.listeners.dialog{DOI_CL.java" StructureKind="java" NumEvents="8" CreationCount="76"/><InteractionEvent Delta="null" EndDate="2014-10-18 09:30:34.378 JST" Interest="3.0" Kind="selection" Navigation="null" OriginId="org.eclipse.jdt.ui.CompilationUnitEditor" StartDate="2014-10-18 09:29:50.396 JST" StructureHandle="=SL3/src&amp;lt;sl3.utils{CONS.java[CONS[DB^col_Names_PH" StructureKind="java" NumEvents="3" CreationCount="785"/><InteractionEvent Delta="null" EndDate="2014-10-18 09:30:17.676 JST" Interest="6.0" Kind="edit" Navigation="null" OriginId="org.eclipse.jdt.ui.CompilationUnitEditor" StartDate="2014-10-18 09:29:51.563 JST" StructureHandle="=SL3/src&amp;lt;sl3.utils{CONS.java[CONS[DB^col_Names_PH" StructureKind="java" NumEvents="6" CreationCount="785"/><InteractionEvent Delta="null" EndDate="2014-10-18 10:02:16.688 JST" Interest="1.0" Kind="prediction" Navigation="null" OriginId="org.eclipse.mylyn.resources.ui.interest.updater" StartDate="2014-10-18 10:02:16.688 JST" StructureHandle="/SL3/res/menu/actv_tab_1.xml" StructureKind="resource"/><InteractionEvent Delta="null" EndDate="2014-10-17 09:41:15.118 JST" Interest="3.0" Kind="selection" Navigation="null" OriginId="com.android.ide.eclipse.editors.CommonXmlEditor" StartDate="2014-10-17 09:40:36.684 JST" StructureHandle="/SL3/res/menu/actv_tab_1.xml" StructureKind="resource" NumEvents="3" CreationCount="204"/><InteractionEvent Delta="null" EndDate="2014-10-17 09:41:20.514 JST" Interest="8.0" Kind="edit" Navigation="null" OriginId="com.android.ide.eclipse.editors.CommonXmlEditor" StartDate="2014-10-17 09:40:36.758 JST" StructureHandle="/SL3/res/menu/actv_tab_1.xml" StructureKind="resource" NumEvents="8" CreationCount="204"/><InteractionEvent Delta="null" EndDate="2014-10-18 09:57:41.534 JST" Interest="11.0" Kind="propagation" Navigation="null" OriginId="org.eclipse.jdt.ui.CompilationUnitEditor" StartDate="2014-10-18 09:50:42.357 JST" StructureHandle="/SL3/src/sl3/utils/DBUtils.java" StructureKind="resource" NumEvents="11" CreationCount="995"/><InteractionEvent Delta="null" EndDate="2014-10-18 09:32:31.614 JST" Interest="16.668" Kind="propagation" Navigation="org.eclipse.mylyn.core.model.edges.containment" OriginId="org.eclipse.mylyn.core.model.interest.propagation" StartDate="2014-10-18 09:10:05.18 JST" StructureHandle="=SL3/src&amp;lt;sl3.utils{CONS.java" StructureKind="java" NumEvents="30" CreationCount="352"/><InteractionEvent Delta="null" EndDate="2014-10-18 09:29:32.430 JST" Interest="0.95700026" Kind="manipulation" Navigation="null" OriginId="org.eclipse.mylyn.core.model.interest.decay.correction" StartDate="2014-10-18 09:29:32.430 JST" StructureHandle="=SL3/src&amp;lt;sl3.utils{CONS.java" StructureKind="java"/><InteractionEvent Delta="null" EndDate="2014-10-18 09:32:26.329 JST" Interest="4.0" Kind="selection" Navigation="null" OriginId="org.eclipse.jdt.ui.CompilationUnitEditor" StartDate="2014-10-18 09:10:03.1 JST" StructureHandle="=SL3/src&amp;lt;sl3.utils{CONS.java" StructureKind="java" NumEvents="4" CreationCount="352"/><InteractionEvent Delta="null" EndDate="2014-10-18 09:25:30.600 JST" Interest="1.0" Kind="selection" Navigation="null" OriginId="org.eclipse.search.ui.views.SearchView" StartDate="2014-10-18 09:25:30.600 JST" StructureHandle="=SL3/src&amp;lt;sl3.listeners{ItemSelectedListener.java" StructureKind="java"/><InteractionEvent Delta="null" EndDate="2014-10-17 09:43:28.227 JST" Interest="11.0" Kind="selection" Navigation="null" OriginId="org.eclipse.jdt.ui.CompilationUnitEditor" StartDate="2014-10-17 09:31:26.261 JST" StructureHandle="=SL3/src&amp;lt;sl3.listeners.dialog{DOI_CL.java[DOI_CL~case_ACTV_TAB_OPT_DB~QListItem;" StructureKind="java" NumEvents="11" CreationCount="83"/><InteractionEvent Delta="null" EndDate="2014-10-17 09:43:31.392 JST" Interest="45.0" Kind="edit" Navigation="null" OriginId="org.eclipse.jdt.ui.CompilationUnitEditor" StartDate="2014-10-17 09:31:27.555 JST" StructureHandle="=SL3/src&amp;lt;sl3.listeners.dialog{DOI_CL.java[DOI_CL~case_ACTV_TAB_OPT_DB~QListItem;" StructureKind="java" NumEvents="45" CreationCount="83"/><InteractionEvent Delta="null" EndDate="2014-10-17 09:35:16.137 JST" Interest="1.0" Kind="selection" Navigation="null" OriginId="org.eclipse.jdt.ui.PackageExplorer" StartDate="2014-10-17 09:35:16.137 JST" StructureHandle="/SL3/res/layout/dlg_edit_items.xml" StructureKind="resource"/><InteractionEvent Delta="null" EndDate="2014-10-17 09:41:08.219 JST" Interest="1.0" Kind="selection" Navigation="null" OriginId="com.android.ide.eclipse.editors.CommonXmlEditor" StartDate="2014-10-17 09:41:08.219 JST" StructureHandle="/SL3/res/menu/actv_tab_2.xml" StructureKind="resource"/><InteractionEvent Delta="null" EndDate="2014-10-17 09:41:14.304 JST" Interest="4.0" Kind="edit" Navigation="null" OriginId="com.android.ide.eclipse.editors.CommonXmlEditor" StartDate="2014-10-17 09:41:08.310 JST" StructureHandle="/SL3/res/menu/actv_tab_2.xml" StructureKind="resource" NumEvents="4" CreationCount="211"/><InteractionEvent Delta="null" EndDate="2014-10-18 09:50:41.880 JST" Interest="33.852997" Kind="propagation" Navigation="org.eclipse.mylyn.core.model.edges.containment" OriginId="org.eclipse.mylyn.core.model.interest.propagation" StartDate="2014-10-18 09:07:04.383 JST" StructureHandle="=SL3/src&amp;lt;sl3.listeners.dialog{DB_OCL.java[DB_OCL" StructureKind="java" NumEvents="47" CreationCount="315"/><InteractionEvent Delta="null" EndDate="2014-10-18 09:48:10.927 JST" Interest="4.0" Kind="selection" Navigation="null" OriginId="org.eclipse.jdt.ui.CompilationUnitEditor" StartDate="2014-10-18 09:09:10.373 JST" StructureHandle="=SL3/src&amp;lt;sl3.listeners.dialog{DB_OCL.java[DB_OCL" StructureKind="java" NumEvents="4" CreationCount="315"/><InteractionEvent Delta="null" EndDate="2014-10-17 09:28:23.463 JST" Interest="3.0" Kind="propagation" Navigation="org.eclipse.mylyn.core.model.edges.containment" OriginId="org.eclipse.mylyn.core.model.interest.propagation" StartDate="2014-10-17 09:28:21.922 JST" StructureHandle="=TA2" StructureKind="java" NumEvents="3" CreationCount="1"/><InteractionEvent Delta="null" EndDate="2014-10-18 08:58:14.342 JST" Interest="0.4710002" Kind="manipulation" Navigation="null" OriginId="org.eclipse.mylyn.core.model.interest.decay.correction" StartDate="2014-10-18 08:58:14.342 JST" StructureHandle="=TA2" StructureKind="java"/><InteractionEvent Delta="null" EndDate="2014-10-18 08:58:14.342 JST" Interest="2.0" Kind="selection" Navigation="null" OriginId="org.eclipse.jdt.ui.PackageExplorer" StartDate="2014-10-17 09:28:23.471 JST" StructureHandle="=TA2" StructureKind="java" NumEvents="2" CreationCount="1"/><InteractionEvent Delta="null" EndDate="2014-10-18 08:58:18.188 JST" Interest="2.0" Kind="selection" Navigation="null" OriginId="org.eclipse.jdt.ui.CompilationUnitEditor" StartDate="2014-10-18 08:58:13.211 JST" StructureHandle="=SL3/src&amp;lt;sl3.utils{Methods_dlg.java[Methods_dlg~dlg_Register_item~QActivity;~QDialog;" StructureKind="java" NumEvents="2" CreationCount="264"/><InteractionEvent Delta="null" EndDate="2014-10-18 08:58:18.816 JST" Interest="1.0" Kind="edit" Navigation="null" OriginId="org.eclipse.jdt.ui.CompilationUnitEditor" StartDate="2014-10-18 08:58:18.816 JST" StructureHandle="=SL3/src&amp;lt;sl3.utils{Methods_dlg.java[Methods_dlg~dlg_Register_item~QActivity;~QDialog;" StructureKind="java"/><InteractionEvent Delta="null" EndDate="2014-10-18 09:48:49.233 JST" Interest="334.93597" Kind="propagation" Navigation="org.eclipse.mylyn.core.model.edges.containment" OriginId="org.eclipse.mylyn.core.model.interest.propagation" StartDate="2014-10-17 09:30:15.730 JST" StructureHandle="=SL3/src&amp;lt;sl3.utils" StructureKind="java" NumEvents="480" CreationCount="35"/><InteractionEvent Delta="null" EndDate="2014-10-18 08:58:25.883 JST" Interest="3.0" Kind="selection" Navigation="null" OriginId="org.eclipse.jdt.ui.PackageExplorer" StartDate="2014-10-17 09:30:09.565 JST" StructureHandle="=SL3/src&amp;lt;sl3.utils" StructureKind="java" NumEvents="3" CreationCount="35"/><InteractionEvent Delta="null" EndDate="2014-10-17 09:44:02.666 JST" Interest="261.0" Kind="propagation" Navigation="null" OriginId="org.eclipse.jdt.ui.CompilationUnitEditor" StartDate="2014-10-17 09:28:25.71 JST" StructureHandle="/SL3" StructureKind="resource" NumEvents="261" CreationCount="5"/><InteractionEvent Delta="null" EndDate="2014-10-17 09:30:05.197 JST" Interest="1.0" Kind="selection" Navigation="null" OriginId="org.eclipse.jdt.ui.PackageExplorer" StartDate="2014-10-17 09:30:05.197 JST" StructureHandle="/SL3/res/drawable-xhdpi" StructureKind="resource"/><InteractionEvent Delta="null" EndDate="2014-10-18 09:25:20.563 JST" Interest="1.0" Kind="propagation" Navigation="org.eclipse.mylyn.core.model.edges.containment" OriginId="org.eclipse.mylyn.core.model.interest.propagation" StartDate="2014-10-18 09:25:20.563 JST" StructureHandle="=SL3/src&amp;lt;sl.main{RegisterItemActv.java[RegisterItemActv" StructureKind="java"/><InteractionEvent Delta="null" EndDate="2014-10-18 09:25:20.564 JST" Interest="0.01700002" Kind="propagation" Navigation="org.eclipse.mylyn.core.model.edges.containment" OriginId="org.eclipse.mylyn.core.model.interest.propagation" StartDate="2014-10-18 09:25:20.564 JST" StructureHandle="=SL3/src&amp;lt;sl.main{RegisterItemActv.java" StructureKind="java"/><InteractionEvent Delta="null" EndDate="2014-10-18 09:25:19.612 JST" Interest="1.0" Kind="selection" Navigation="null" OriginId="org.eclipse.jdt.ui.CompilationUnitEditor" StartDate="2014-10-18 09:25:19.612 JST" StructureHandle="=SL3/src&amp;lt;sl.main{RegisterItemActv.java" StructureKind="java"/><InteractionEvent Delta="null" EndDate="2014-10-18 09:25:30.600 JST" Interest="1.0" Kind="propagation" Navigation="null" OriginId="org.eclipse.search.ui.views.SearchView" StartDate="2014-10-18 09:25:30.600 JST" StructureHandle="/SL3/src/sl3/listeners/ItemSelectedListener.java" StructureKind="resource"/><InteractionEvent Delta="null" EndDate="2014-10-17 09:28:23.463 JST" Interest="3.0" Kind="selection" Navigation="null" OriginId="org.eclipse.jdt.ui.PackageExplorer" StartDate="2014-10-17 09:28:21.922 JST" StructureHandle="/TA2/res" StructureKind="resource" NumEvents="3" CreationCount="1"/><InteractionEvent Delta="null" EndDate="2014-10-17 09:34:40.341 JST" Interest="2.0" Kind="selection" Navigation="null" OriginId="org.eclipse.jdt.ui.CompilationUnitEditor" StartDate="2014-10-17 09:34:26.87 JST" StructureHandle="=SL3/src&amp;lt;sl3.utils{Methods_dlg.java[Methods_dlg~dlg_SaveToBuyList~QActivity;~QDialog;" StructureKind="java" NumEvents="2" CreationCount="144"/><InteractionEvent Delta="null" EndDate="2014-10-17 09:34:40.878 JST" Interest="4.0" Kind="edit" Navigation="null" OriginId="org.eclipse.jdt.ui.CompilationUnitEditor" StartDate="2014-10-17 09:34:32.325 JST" StructureHandle="=SL3/src&amp;lt;sl3.utils{Methods_dlg.java[Methods_dlg~dlg_SaveToBuyList~QActivity;~QDialog;" StructureKind="java" NumEvents="4" CreationCount="144"/><InteractionEvent Delta="null" EndDate="2014-10-18 09:46:44.637 JST" Interest="151.0" Kind="propagation" Navigation="null" OriginId="org.eclipse.jdt.ui.CompilationUnitEditor" StartDate="2014-10-17 09:30:15.362 JST" StructureHandle="/SL3/src/sl3/utils/Methods_dlg.java" StructureKind="resource" NumEvents="151" CreationCount="38"/><InteractionEvent Delta="null" EndDate="2014-10-18 09:49:29.909 JST" Interest="9.0" Kind="selection" Navigation="null" OriginId="org.eclipse.jdt.ui.CompilationUnitEditor" StartDate="2014-10-18 09:09:04.673 JST" StructureHandle="=SL3/src&amp;lt;sl3.listeners.dialog{DB_OCL.java[DB_OCL~case_DLG_SAVE_PUR_HISTORY_OK" StructureKind="java" NumEvents="9" CreationCount="324"/><InteractionEvent Delta="null" EndDate="2014-10-18 09:50:41.880 JST" Interest="41.0" Kind="edit" Navigation="null" OriginId="org.eclipse.jdt.ui.CompilationUnitEditor" StartDate="2014-10-18 09:09:06.597 JST" StructureHandle="=SL3/src&amp;lt;sl3.listeners.dialog{DB_OCL.java[DB_OCL~case_DLG_SAVE_PUR_HISTORY_OK" StructureKind="java" NumEvents="41" CreationCount="324"/><InteractionEvent Delta="null" EndDate="2014-10-18 09:23:27.26 JST" Interest="43.262" Kind="propagation" Navigation="org.eclipse.mylyn.core.model.edges.containment" OriginId="org.eclipse.mylyn.core.model.interest.propagation" StartDate="2014-10-17 09:30:26.410 JST" StructureHandle="=SL3/src&amp;lt;sl3.utils{Methods_dlg.java" StructureKind="java" NumEvents="64" CreationCount="38"/><InteractionEvent Delta="null" EndDate="2014-10-18 09:46:42.20 JST" Interest="19.0" Kind="selection" Navigation="null" OriginId="org.eclipse.jdt.ui.CompilationUnitEditor" StartDate="2014-10-17 09:30:15.362 JST" StructureHandle="=SL3/src&amp;lt;sl3.utils{Methods_dlg.java" StructureKind="java" NumEvents="19" CreationCount="38"/><InteractionEvent Delta="null" EndDate="2014-10-18 10:02:15.757 JST" Interest="185.0" Kind="propagation" Navigation="null" OriginId="org.eclipse.jdt.ui.PackageExplorer" StartDate="2014-10-17 09:30:10.802 JST" StructureHandle="/SL3/src/sl3/listeners/dialog" StructureKind="resource" NumEvents="185" CreationCount="36"/><InteractionEvent Delta="null" EndDate="2014-10-18 09:30:19.153 JST" Interest="2.0" Kind="selection" Navigation="null" OriginId="org.eclipse.jdt.ui.CompilationUnitEditor" StartDate="2014-10-18 09:29:57.828 JST" StructureHandle="=SL3/src&amp;lt;sl3.utils{CONS.java[CONS[DB^col_Types_PH" StructureKind="java" NumEvents="2" CreationCount="790"/><InteractionEvent Delta="null" EndDate="2014-10-18 09:30:22.313 JST" Interest="8.0" Kind="edit" Navigation="null" OriginId="org.eclipse.jdt.ui.CompilationUnitEditor" StartDate="2014-10-18 09:29:59.11 JST" StructureHandle="=SL3/src&amp;lt;sl3.utils{CONS.java[CONS[DB^col_Types_PH" StructureKind="java" NumEvents="8" CreationCount="790"/><InteractionEvent Delta="null" EndDate="2014-10-18 08:58:14.342 JST" Interest="5.0" Kind="propagation" Navigation="null" OriginId="org.eclipse.jdt.ui.PackageExplorer" StartDate="2014-10-17 09:28:21.922 JST" StructureHandle="/TA2" StructureKind="resource" NumEvents="5" CreationCount="1"/><InteractionEvent Delta="null" EndDate="2014-10-18 08:58:14.342 JST" Interest="0.4880004" Kind="manipulation" Navigation="null" OriginId="org.eclipse.mylyn.core.model.interest.decay.correction" StartDate="2014-10-18 08:58:14.342 JST" StructureHandle="/TA2" StructureKind="resource"/><InteractionEvent Delta="null" EndDate="2014-10-17 09:43:24.848 JST" Interest="31.633999" Kind="propagation" Navigation="org.eclipse.mylyn.core.model.edges.containment" OriginId="org.eclipse.mylyn.core.model.interest.propagation" StartDate="2014-10-17 09:29:06.589 JST" StructureHandle="/SL3/res" StructureKind="resource" NumEvents="45" CreationCount="9"/><InteractionEvent Delta="null" EndDate="2014-10-18 08:58:22.851 JST" Interest="2.0" Kind="selection" Navigation="null" OriginId="org.eclipse.jdt.ui.PackageExplorer" StartDate="2014-10-17 09:29:04.820 JST" StructureHandle="/SL3/res" StructureKind="resource" NumEvents="2" CreationCount="9"/><InteractionEvent Delta="null" EndDate="2014-10-18 10:02:15.758 JST" Interest="894.49304" Kind="propagation" Navigation="null" OriginId="org.eclipse.jdt.ui.PackageExplorer" StartDate="2014-10-17 09:28:28.574 JST" StructureHandle="/SL3/src" StructureKind="resource" NumEvents="899" CreationCount="6"/><InteractionEvent Delta="null" EndDate="2014-10-18 09:50:41.881 JST" Interest="26.869997" Kind="propagation" Navigation="org.eclipse.mylyn.core.model.edges.containment" OriginId="org.eclipse.mylyn.core.model.interest.propagation" StartDate="2014-10-18 09:07:04.384 JST" StructureHandle="=SL3/src&amp;lt;sl3.listeners.dialog{DB_OCL.java" StructureKind="java" NumEvents="42" CreationCount="314"/><InteractionEvent Delta="null" EndDate="2014-10-18 09:48:51.969 JST" Interest="11.0" Kind="selection" Navigation="null" OriginId="org.eclipse.jdt.ui.CompilationUnitEditor" StartDate="2014-10-18 09:07:01.192 JST" StructureHandle="=SL3/src&amp;lt;sl3.listeners.dialog{DB_OCL.java" StructureKind="java" NumEvents="11" CreationCount="314"/><InteractionEvent Delta="null" EndDate="2014-10-18 09:07:04.382 JST" Interest="1.0" Kind="selection" Navigation="null" OriginId="org.eclipse.jdt.ui.CompilationUnitEditor" StartDate="2014-10-18 09:07:04.382 JST" StructureHandle="=SL3/src&amp;lt;sl3.listeners.dialog{DB_OCL.java[DB_OCL~onClick~QView;" StructureKind="java"/><InteractionEvent Delta="null" EndDate="2014-10-18 09:08:59.744 JST" Interest="8.0" Kind="edit" Navigation="null" OriginId="org.eclipse.jdt.ui.CompilationUnitEditor" StartDate="2014-10-18 09:07:06.266 JST" StructureHandle="=SL3/src&amp;lt;sl3.listeners.dialog{DB_OCL.java[DB_OCL~onClick~QView;" StructureKind="java" NumEvents="8" CreationCount="315"/><InteractionEvent Delta="null" EndDate="2014-10-18 09:32:31.613 JST" Interest="19.591" Kind="propagation" Navigation="org.eclipse.mylyn.core.model.edges.containment" OriginId="org.eclipse.mylyn.core.model.interest.propagation" StartDate="2014-10-18 09:10:10.367 JST" StructureHandle="=SL3/src&amp;lt;sl3.utils{CONS.java[CONS[DB" StructureKind="java" NumEvents="26" CreationCount="354"/><InteractionEvent Delta="null" EndDate="2014-10-18 09:30:30.682 JST" Interest="2.0" Kind="selection" Navigation="null" OriginId="org.eclipse.jdt.ui.CompilationUnitEditor" StartDate="2014-10-18 09:10:06.312 JST" StructureHandle="=SL3/src&amp;lt;sl3.utils{CONS.java[CONS[DB" StructureKind="java" NumEvents="2" CreationCount="354"/><InteractionEvent Delta="null" EndDate="2014-10-18 09:56:22.468 JST" Interest="7.0" Kind="prediction" Navigation="null" OriginId="org.eclipse.mylyn.resources.ui.interest.updater" StartDate="2014-10-17 09:41:57.223 JST" StructureHandle="/SL3/bin/SL3.apk" StructureKind="resource" NumEvents="7" CreationCount="139"/><InteractionEvent Delta="null" EndDate="2014-10-17 09:43:31.392 JST" Interest="40.5" Kind="propagation" Navigation="org.eclipse.mylyn.core.model.edges.containment" OriginId="org.eclipse.mylyn.core.model.interest.propagation" StartDate="2014-10-17 09:31:26.262 JST" StructureHandle="=SL3/src&amp;lt;sl3.listeners.dialog{DOI_CL.java[DOI_CL" StructureKind="java" NumEvents="54" CreationCount="83"/><InteractionEvent Delta="null" EndDate="2014-10-17 09:43:03.948 JST" Interest="2.0" Kind="selection" Navigation="null" OriginId="org.eclipse.jdt.ui.CompilationUnitEditor" StartDate="2014-10-17 09:42:47.674 JST" StructureHandle="=SL3/src&amp;lt;sl3.listeners.dialog{DOI_CL.java[DOI_CL" StructureKind="java" NumEvents="2" CreationCount="83"/><InteractionEvent Delta="null" EndDate="2014-10-18 09:23:07.356 JST" Interest="18.324999" Kind="propagation" Navigation="org.eclipse.mylyn.core.model.edges.containment" OriginId="org.eclipse.mylyn.core.model.interest.propagation" StartDate="2014-10-17 09:35:15.753 JST" StructureHandle="/SL3/res/layout" StructureKind="resource" NumEvents="27" CreationCount="160"/><InteractionEvent Delta="null" EndDate="2014-10-17 09:35:17.737 JST" Interest="2.0" Kind="selection" Navigation="null" OriginId="org.eclipse.jdt.ui.PackageExplorer" StartDate="2014-10-17 09:35:10.544 JST" StructureHandle="/SL3/res/layout" StructureKind="resource" NumEvents="2" CreationCount="160"/><InteractionEvent Delta="null" EndDate="2014-10-17 09:41:57.223 JST" Interest="1.0" Kind="prediction" Navigation="null" OriginId="org.eclipse.mylyn.resources.ui.interest.updater" StartDate="2014-10-17 09:41:57.223 JST" StructureHandle="/SL3/bin/resources.ap_" StructureKind="resource"/><InteractionEvent Delta="null" EndDate="2014-10-18 10:02:15.757 JST" Interest="891.5101" Kind="propagation" Navigation="org.eclipse.mylyn.core.model.edges.containment" OriginId="org.eclipse.mylyn.core.model.interest.propagation" StartDate="2014-10-17 09:28:28.574 JST" StructureHandle="=SL3" StructureKind="resource" NumEvents="907" CreationCount="5"/><InteractionEvent Delta="null" EndDate="2014-10-18 10:02:20.591 JST" Interest="3.0" Kind="selection" Navigation="null" OriginId="org.eclipse.jdt.ui.PackageExplorer" StartDate="2014-10-17 09:28:25.71 JST" StructureHandle="=SL3" StructureKind="java" NumEvents="3" CreationCount="5"/></InteractionHistory>