<?xml version="1.0" encoding="UTF-8"?><InteractionHistory Id="local-164" Version="1"><InteractionEvent Delta="null" EndDate="2014-10-17 09:44:02.666 JST" Interest="161.578" Kind="propagation" Navigation="org.eclipse.mylyn.core.model.edges.containment" OriginId="org.eclipse.mylyn.core.model.interest.propagation" StartDate="2014-10-17 09:28:21.923 JST" StructureHandle="" StructureKind="java" NumEvents="173" CreationCount="1"/><InteractionEvent Delta="null" EndDate="2014-10-17 09:41:57.223 JST" Interest="1.0" Kind="prediction" Navigation="null" OriginId="org.eclipse.mylyn.resources.ui.interest.updater" StartDate="2014-10-17 09:41:57.223 JST" StructureHandle="/SL3/bin/classes.dex" StructureKind="resource"/><InteractionEvent Delta="null" EndDate="2014-10-17 09:34:03.297 JST" Interest="2.0" Kind="selection" Navigation="null" OriginId="org.eclipse.jdt.ui.CompilationUnitEditor" StartDate="2014-10-17 09:34:03.295 JST" StructureHandle="=SL3/src&amp;lt;sl3.utils{Methods_dlg.java[Methods_dlg~dlg_DeleteToBuyList~QActivity;~QDialog;" StructureKind="java" NumEvents="2" CreationCount="138"/><InteractionEvent Delta="null" EndDate="2014-10-17 09:34:08.33 JST" Interest="2.0" Kind="edit" Navigation="null" OriginId="org.eclipse.jdt.ui.CompilationUnitEditor" StartDate="2014-10-17 09:34:04.167 JST" StructureHandle="=SL3/src&amp;lt;sl3.utils{Methods_dlg.java[Methods_dlg~dlg_DeleteToBuyList~QActivity;~QDialog;" StructureKind="java" NumEvents="2" CreationCount="138"/><InteractionEvent Delta="null" EndDate="2014-10-17 09:43:31.393 JST" Interest="42.809002" Kind="propagation" Navigation="org.eclipse.mylyn.core.model.edges.containment" OriginId="org.eclipse.mylyn.core.model.interest.propagation" StartDate="2014-10-17 09:29:01.811 JST" StructureHandle="=SL3/src" StructureKind="java" NumEvents="63" CreationCount="6"/><InteractionEvent Delta="null" EndDate="2014-10-17 09:28:28.574 JST" Interest="1.0" Kind="selection" Navigation="null" OriginId="org.eclipse.jdt.ui.PackageExplorer" StartDate="2014-10-17 09:28:28.574 JST" StructureHandle="=SL3/src" StructureKind="java"/><InteractionEvent Delta="null" EndDate="2014-10-17 09:44:02.664 JST" Interest="160.51001" Kind="propagation" Navigation="org.eclipse.mylyn.core.model.edges.containment" OriginId="org.eclipse.mylyn.core.model.interest.propagation" StartDate="2014-10-17 09:28:28.574 JST" StructureHandle="=SL3" StructureKind="resource" NumEvents="175" CreationCount="5"/><InteractionEvent Delta="null" EndDate="2014-10-17 09:28:25.71 JST" Interest="1.0" Kind="selection" Navigation="null" OriginId="org.eclipse.jdt.ui.PackageExplorer" StartDate="2014-10-17 09:28:25.71 JST" StructureHandle="=SL3" StructureKind="java"/><InteractionEvent Delta="null" EndDate="2014-10-17 09:35:15.752 JST" Interest="1.0" Kind="selection" Navigation="null" OriginId="org.eclipse.jdt.ui.PackageExplorer" StartDate="2014-10-17 09:35:15.752 JST" StructureHandle="/SL3/res/layout/dlg_drop_table.xml" StructureKind="resource"/><InteractionEvent Delta="null" EndDate="2014-10-17 09:28:23.463 JST" Interest="3.0" Kind="propagation" Navigation="org.eclipse.mylyn.core.model.edges.containment" OriginId="org.eclipse.mylyn.core.model.interest.propagation" StartDate="2014-10-17 09:28:21.922 JST" StructureHandle="=TA2" StructureKind="java" NumEvents="3" CreationCount="1"/><InteractionEvent Delta="null" EndDate="2014-10-17 09:28:23.471 JST" Interest="1.0" Kind="selection" Navigation="null" OriginId="org.eclipse.jdt.ui.PackageExplorer" StartDate="2014-10-17 09:28:23.471 JST" StructureHandle="=TA2" StructureKind="java"/><InteractionEvent Delta="null" EndDate="2014-10-17 09:43:57.742 JST" Interest="28.913" Kind="propagation" Navigation="org.eclipse.mylyn.core.model.edges.containment" OriginId="org.eclipse.mylyn.core.model.interest.propagation" StartDate="2014-10-17 09:30:15.730 JST" StructureHandle="=SL3/src&amp;lt;sl3.utils" StructureKind="java" NumEvents="43" CreationCount="35"/><InteractionEvent Delta="null" EndDate="2014-10-17 09:30:13.387 JST" Interest="2.0" Kind="selection" Navigation="null" OriginId="org.eclipse.jdt.ui.PackageExplorer" StartDate="2014-10-17 09:30:09.565 JST" StructureHandle="=SL3/src&amp;lt;sl3.utils" StructureKind="java" NumEvents="2" CreationCount="35"/><InteractionEvent Delta="null" EndDate="2014-10-17 09:41:20.514 JST" Interest="8.6" Kind="propagation" Navigation="org.eclipse.mylyn.core.model.edges.containment" OriginId="org.eclipse.mylyn.core.model.interest.propagation" StartDate="2014-10-17 09:40:36.684 JST" StructureHandle="/SL3/res/menu" StructureKind="resource" NumEvents="11" CreationCount="204"/><InteractionEvent Delta="null" EndDate="2014-10-17 09:29:01.810 JST" Interest="1.0" Kind="selection" Navigation="null" OriginId="org.eclipse.jdt.ui.PackageExplorer" StartDate="2014-10-17 09:29:01.810 JST" StructureHandle="=SL3/src&amp;lt;sl3.listeners" StructureKind="java"/><InteractionEvent Delta="null" EndDate="2014-10-17 09:44:02.666 JST" Interest="261.0" Kind="propagation" Navigation="null" OriginId="org.eclipse.jdt.ui.CompilationUnitEditor" StartDate="2014-10-17 09:28:25.71 JST" StructureHandle="/SL3" StructureKind="resource" NumEvents="261" CreationCount="5"/><InteractionEvent Delta="null" EndDate="2014-10-17 09:30:05.197 JST" Interest="1.0" Kind="selection" Navigation="null" OriginId="org.eclipse.jdt.ui.PackageExplorer" StartDate="2014-10-17 09:30:05.197 JST" StructureHandle="/SL3/res/drawable-xhdpi" StructureKind="resource"/><InteractionEvent Delta="null" EndDate="2014-10-17 09:43:18.260 JST" Interest="6.0" Kind="selection" Navigation="null" OriginId="com.android.ide.eclipse.editors.CommonXmlEditor" StartDate="2014-10-17 09:29:08.699 JST" StructureHandle="/SL3/res/values/strings.xml" StructureKind="resource" NumEvents="6" CreationCount="11"/><InteractionEvent Delta="null" EndDate="2014-10-17 09:43:24.847 JST" Interest="38.0" Kind="edit" Navigation="null" OriginId="com.android.ide.eclipse.editors.CommonXmlEditor" StartDate="2014-10-17 09:29:09.668 JST" StructureHandle="/SL3/res/values/strings.xml" StructureKind="resource" NumEvents="38" CreationCount="11"/><InteractionEvent Delta="null" EndDate="2014-10-17 09:30:18.225 JST" Interest="1.0" Kind="selection" Navigation="null" OriginId="org.eclipse.jdt.ui.CompilationUnitEditor" StartDate="2014-10-17 09:30:18.225 JST" StructureHandle="=SL3/src&amp;lt;sl3.utils{Methods_dlg.java[Methods_dlg~dlg_tabActv_adminDb~QActivity;" StructureKind="java"/><InteractionEvent Delta="null" EndDate="2014-10-17 09:44:02.665 JST" Interest="96.0" Kind="propagation" Navigation="null" OriginId="org.eclipse.jdt.ui.CompilationUnitEditor" StartDate="2014-10-17 09:30:09.565 JST" StructureHandle="/SL3/src/sl3/utils" StructureKind="resource" NumEvents="96" CreationCount="35"/><InteractionEvent Delta="null" EndDate="2014-10-17 09:28:23.463 JST" Interest="3.0" Kind="selection" Navigation="null" OriginId="org.eclipse.jdt.ui.PackageExplorer" StartDate="2014-10-17 09:28:21.922 JST" StructureHandle="/TA2/res" StructureKind="resource" NumEvents="3" CreationCount="1"/><InteractionEvent Delta="null" EndDate="2014-10-17 09:34:40.341 JST" Interest="2.0" Kind="selection" Navigation="null" OriginId="org.eclipse.jdt.ui.CompilationUnitEditor" StartDate="2014-10-17 09:34:26.87 JST" StructureHandle="=SL3/src&amp;lt;sl3.utils{Methods_dlg.java[Methods_dlg~dlg_SaveToBuyList~QActivity;~QDialog;" StructureKind="java" NumEvents="2" CreationCount="144"/><InteractionEvent Delta="null" EndDate="2014-10-17 09:34:40.878 JST" Interest="4.0" Kind="edit" Navigation="null" OriginId="org.eclipse.jdt.ui.CompilationUnitEditor" StartDate="2014-10-17 09:34:32.325 JST" StructureHandle="=SL3/src&amp;lt;sl3.utils{Methods_dlg.java[Methods_dlg~dlg_SaveToBuyList~QActivity;~QDialog;" StructureKind="java" NumEvents="4" CreationCount="144"/><InteractionEvent Delta="null" EndDate="2014-10-17 09:44:02.664 JST" Interest="94.0" Kind="propagation" Navigation="null" OriginId="org.eclipse.jdt.ui.CompilationUnitEditor" StartDate="2014-10-17 09:30:15.362 JST" StructureHandle="/SL3/src/sl3/utils/Methods_dlg.java" StructureKind="resource" NumEvents="94" CreationCount="38"/><InteractionEvent Delta="null" EndDate="2014-10-17 09:43:31.392 JST" Interest="66.0" Kind="propagation" Navigation="null" OriginId="org.eclipse.jdt.ui.CompilationUnitEditor" StartDate="2014-10-17 09:31:18.731 JST" StructureHandle="/SL3/src/sl3/listeners/dialog/DOI_CL.java" StructureKind="resource" NumEvents="66" CreationCount="76"/><InteractionEvent Delta="null" EndDate="2014-10-17 09:41:44.449 JST" Interest="19.862" Kind="propagation" Navigation="org.eclipse.mylyn.core.model.edges.containment" OriginId="org.eclipse.mylyn.core.model.interest.propagation" StartDate="2014-10-17 09:30:26.410 JST" StructureHandle="=SL3/src&amp;lt;sl3.utils{Methods_dlg.java" StructureKind="java" NumEvents="31" CreationCount="38"/><InteractionEvent Delta="null" EndDate="2014-10-17 09:43:57.741 JST" Interest="11.0" Kind="selection" Navigation="null" OriginId="org.eclipse.jdt.ui.CompilationUnitEditor" StartDate="2014-10-17 09:30:15.362 JST" StructureHandle="=SL3/src&amp;lt;sl3.utils{Methods_dlg.java" StructureKind="java" NumEvents="11" CreationCount="38"/><InteractionEvent Delta="null" EndDate="2014-10-17 09:43:31.393 JST" Interest="40.299004" Kind="propagation" Navigation="org.eclipse.mylyn.core.model.edges.containment" OriginId="org.eclipse.mylyn.core.model.interest.propagation" StartDate="2014-10-17 09:31:19.573 JST" StructureHandle="=SL3/src&amp;lt;sl3.listeners.dialog" StructureKind="java" NumEvents="56" CreationCount="36"/><InteractionEvent Delta="null" EndDate="2014-10-17 09:35:07.393 JST" Interest="3.0" Kind="selection" Navigation="null" OriginId="org.eclipse.jdt.ui.PackageExplorer" StartDate="2014-10-17 09:30:10.801 JST" StructureHandle="=SL3/src&amp;lt;sl3.listeners.dialog" StructureKind="java" NumEvents="3" CreationCount="36"/><InteractionEvent Delta="null" EndDate="2014-10-17 09:43:31.393 JST" Interest="69.0" Kind="propagation" Navigation="null" OriginId="org.eclipse.jdt.ui.CompilationUnitEditor" StartDate="2014-10-17 09:30:10.802 JST" StructureHandle="/SL3/src/sl3/listeners/dialog" StructureKind="resource" NumEvents="69" CreationCount="36"/><InteractionEvent Delta="null" EndDate="2014-10-17 09:28:23.471 JST" Interest="4.0" Kind="propagation" Navigation="null" OriginId="org.eclipse.jdt.ui.PackageExplorer" StartDate="2014-10-17 09:28:21.922 JST" StructureHandle="/TA2" StructureKind="resource" NumEvents="4" CreationCount="1"/><InteractionEvent Delta="null" EndDate="2014-10-17 09:43:24.848 JST" Interest="31.633999" Kind="propagation" Navigation="org.eclipse.mylyn.core.model.edges.containment" OriginId="org.eclipse.mylyn.core.model.interest.propagation" StartDate="2014-10-17 09:29:06.589 JST" StructureHandle="/SL3/res" StructureKind="resource" NumEvents="45" CreationCount="9"/><InteractionEvent Delta="null" EndDate="2014-10-17 09:29:04.820 JST" Interest="1.0" Kind="selection" Navigation="null" OriginId="org.eclipse.jdt.ui.PackageExplorer" StartDate="2014-10-17 09:29:04.820 JST" StructureHandle="/SL3/res" StructureKind="resource"/><InteractionEvent Delta="null" EndDate="2014-10-17 09:44:02.664 JST" Interest="26.528" Kind="propagation" Navigation="org.eclipse.mylyn.core.model.edges.containment" OriginId="org.eclipse.mylyn.core.model.interest.propagation" StartDate="2014-10-17 09:30:18.225 JST" StructureHandle="=SL3/src&amp;lt;sl3.utils{Methods_dlg.java[Methods_dlg" StructureKind="java" NumEvents="38" CreationCount="40"/><InteractionEvent Delta="null" EndDate="2014-10-17 09:41:44.448 JST" Interest="4.0" Kind="selection" Navigation="null" OriginId="org.eclipse.jdt.ui.CompilationUnitEditor" StartDate="2014-10-17 09:30:26.409 JST" StructureHandle="=SL3/src&amp;lt;sl3.utils{Methods_dlg.java[Methods_dlg" StructureKind="java" NumEvents="4" CreationCount="40"/><InteractionEvent Delta="null" EndDate="2014-10-17 09:44:02.666 JST" Interest="162.49301" Kind="propagation" Navigation="null" OriginId="org.eclipse.jdt.ui.CompilationUnitEditor" StartDate="2014-10-17 09:28:28.574 JST" StructureHandle="/SL3/src" StructureKind="resource" NumEvents="167" CreationCount="6"/><InteractionEvent Delta="null" EndDate="2014-10-17 09:35:33.307 JST" Interest="1.0" Kind="propagation" Navigation="null" OriginId="org.eclipse.mylyn.resources.ui.interest.updater" StartDate="2014-10-17 09:35:33.307 JST" StructureHandle="/SL3/res/layout/dlg_save_pur_history.xml" StructureKind="resource"/><InteractionEvent Delta="null" EndDate="2014-10-17 09:41:22.603 JST" Interest="6.0" Kind="selection" Navigation="null" OriginId="com.android.ide.eclipse.editors.CommonXmlEditor" StartDate="2014-10-17 09:35:39.214 JST" StructureHandle="/SL3/res/layout/dlg_save_pur_history.xml" StructureKind="resource" NumEvents="6" CreationCount="163"/><InteractionEvent Delta="null" EndDate="2014-10-17 09:39:47.678 JST" Interest="14.0" Kind="edit" Navigation="null" OriginId="com.android.ide.eclipse.editors.CommonXmlEditor" StartDate="2014-10-17 09:36:09.900 JST" StructureHandle="/SL3/res/layout/dlg_save_pur_history.xml" StructureKind="resource" NumEvents="14" CreationCount="163"/><InteractionEvent Delta="null" EndDate="2014-10-17 09:33:38.57 JST" Interest="5.0" Kind="selection" Navigation="null" OriginId="org.eclipse.jdt.ui.CompilationUnitEditor" StartDate="2014-10-17 09:30:23.563 JST" StructureHandle="=SL3/src&amp;lt;sl3.utils{Methods_dlg.java[Methods_dlg~dlg_OptMenu_DB~QActivity;" StructureKind="java" NumEvents="5" CreationCount="41"/><InteractionEvent Delta="null" EndDate="2014-10-17 09:31:23.404 JST" Interest="27.0" Kind="edit" Navigation="null" OriginId="org.eclipse.jdt.ui.CompilationUnitEditor" StartDate="2014-10-17 09:30:31.600 JST" StructureHandle="=SL3/src&amp;lt;sl3.utils{Methods_dlg.java[Methods_dlg~dlg_OptMenu_DB~QActivity;" StructureKind="java" NumEvents="27" CreationCount="41"/><InteractionEvent Delta="null" EndDate="2014-10-17 09:29:59.135 JST" Interest="2.0" Kind="selection" Navigation="null" OriginId="org.eclipse.jdt.ui.PackageExplorer" StartDate="2014-10-17 09:29:03.522 JST" StructureHandle="/SL3/libs" StructureKind="resource" NumEvents="2" CreationCount="8"/><InteractionEvent Delta="null" EndDate="2014-10-17 09:41:57.223 JST" Interest="1.0" Kind="prediction" Navigation="null" OriginId="org.eclipse.mylyn.resources.ui.interest.updater" StartDate="2014-10-17 09:41:57.223 JST" StructureHandle="/SL3/bin/SL3.apk" StructureKind="resource"/><InteractionEvent Delta="null" EndDate="2014-10-17 09:43:31.393 JST" Interest="34.619003" Kind="propagation" Navigation="org.eclipse.mylyn.core.model.edges.containment" OriginId="org.eclipse.mylyn.core.model.interest.propagation" StartDate="2014-10-17 09:31:31.718 JST" StructureHandle="=SL3/src&amp;lt;sl3.listeners.dialog{DOI_CL.java" StructureKind="java" NumEvents="49" CreationCount="76"/><InteractionEvent Delta="null" EndDate="2014-10-17 09:43:27.884 JST" Interest="8.0" Kind="selection" Navigation="null" OriginId="org.eclipse.jdt.ui.CompilationUnitEditor" StartDate="2014-10-17 09:31:18.731 JST" StructureHandle="=SL3/src&amp;lt;sl3.listeners.dialog{DOI_CL.java" StructureKind="java" NumEvents="8" CreationCount="76"/><InteractionEvent Delta="null" EndDate="2014-10-17 09:44:02.666 JST" Interest="265.0" Kind="propagation" Navigation="null" OriginId="org.eclipse.jdt.ui.CompilationUnitEditor" StartDate="2014-10-17 09:28:21.922 JST" StructureHandle="/" StructureKind="resource" NumEvents="265" CreationCount="1"/><InteractionEvent Delta="null" EndDate="2014-10-17 09:43:24.848 JST" Interest="31.616999" Kind="propagation" Navigation="org.eclipse.mylyn.core.model.edges.containment" OriginId="org.eclipse.mylyn.core.model.interest.propagation" StartDate="2014-10-17 09:29:08.700 JST" StructureHandle="/SL3/res/values" StructureKind="resource" NumEvents="44" CreationCount="10"/><InteractionEvent Delta="null" EndDate="2014-10-17 09:29:06.589 JST" Interest="1.0" Kind="selection" Navigation="null" OriginId="org.eclipse.jdt.ui.PackageExplorer" StartDate="2014-10-17 09:29:06.589 JST" StructureHandle="/SL3/res/values" StructureKind="resource"/><InteractionEvent Delta="null" EndDate="2014-10-17 09:41:15.118 JST" Interest="3.0" Kind="selection" Navigation="null" OriginId="com.android.ide.eclipse.editors.CommonXmlEditor" StartDate="2014-10-17 09:40:36.684 JST" StructureHandle="/SL3/res/menu/actv_tab_1.xml" StructureKind="resource" NumEvents="3" CreationCount="204"/><InteractionEvent Delta="null" EndDate="2014-10-17 09:41:20.514 JST" Interest="8.0" Kind="edit" Navigation="null" OriginId="com.android.ide.eclipse.editors.CommonXmlEditor" StartDate="2014-10-17 09:40:36.758 JST" StructureHandle="/SL3/res/menu/actv_tab_1.xml" StructureKind="resource" NumEvents="8" CreationCount="204"/><InteractionEvent Delta="null" EndDate="2014-10-17 09:43:31.393 JST" Interest="68.493" Kind="propagation" Navigation="org.eclipse.mylyn.core.model.edges.containment" OriginId="org.eclipse.mylyn.core.model.interest.propagation" StartDate="2014-10-17 09:29:01.811 JST" StructureHandle="/SL3/src/sl3/listeners" StructureKind="resource" NumEvents="70" CreationCount="7"/><InteractionEvent Delta="null" EndDate="2014-10-17 09:43:31.392 JST" Interest="40.5" Kind="propagation" Navigation="org.eclipse.mylyn.core.model.edges.containment" OriginId="org.eclipse.mylyn.core.model.interest.propagation" StartDate="2014-10-17 09:31:26.262 JST" StructureHandle="=SL3/src&amp;lt;sl3.listeners.dialog{DOI_CL.java[DOI_CL" StructureKind="java" NumEvents="54" CreationCount="83"/><InteractionEvent Delta="null" EndDate="2014-10-17 09:43:03.948 JST" Interest="2.0" Kind="selection" Navigation="null" OriginId="org.eclipse.jdt.ui.CompilationUnitEditor" StartDate="2014-10-17 09:42:47.674 JST" StructureHandle="=SL3/src&amp;lt;sl3.listeners.dialog{DOI_CL.java[DOI_CL" StructureKind="java" NumEvents="2" CreationCount="83"/><InteractionEvent Delta="null" EndDate="2014-10-17 09:41:57.224 JST" Interest="1.0" Kind="propagation" Navigation="org.eclipse.mylyn.core.model.edges.containment" OriginId="org.eclipse.mylyn.core.model.interest.propagation" StartDate="2014-10-17 09:41:57.224 JST" StructureHandle="/SL3/bin" StructureKind="resource"/><InteractionEvent Delta="null" EndDate="2014-10-17 09:41:22.603 JST" Interest="14.851001" Kind="propagation" Navigation="org.eclipse.mylyn.core.model.edges.containment" OriginId="org.eclipse.mylyn.core.model.interest.propagation" StartDate="2014-10-17 09:35:15.753 JST" StructureHandle="/SL3/res/layout" StructureKind="resource" NumEvents="22" CreationCount="160"/><InteractionEvent Delta="null" EndDate="2014-10-17 09:35:17.737 JST" Interest="2.0" Kind="selection" Navigation="null" OriginId="org.eclipse.jdt.ui.PackageExplorer" StartDate="2014-10-17 09:35:10.544 JST" StructureHandle="/SL3/res/layout" StructureKind="resource" NumEvents="2" CreationCount="160"/><InteractionEvent Delta="null" EndDate="2014-10-17 09:41:57.223 JST" Interest="1.0" Kind="prediction" Navigation="null" OriginId="org.eclipse.mylyn.resources.ui.interest.updater" StartDate="2014-10-17 09:41:57.223 JST" StructureHandle="/SL3/bin/resources.ap_" StructureKind="resource"/><InteractionEvent Delta="null" EndDate="2014-10-17 09:43:28.227 JST" Interest="11.0" Kind="selection" Navigation="null" OriginId="org.eclipse.jdt.ui.CompilationUnitEditor" StartDate="2014-10-17 09:31:26.261 JST" StructureHandle="=SL3/src&amp;lt;sl3.listeners.dialog{DOI_CL.java[DOI_CL~case_ACTV_TAB_OPT_DB~QListItem;" StructureKind="java" NumEvents="11" CreationCount="83"/><InteractionEvent Delta="null" EndDate="2014-10-17 09:43:31.392 JST" Interest="45.0" Kind="edit" Navigation="null" OriginId="org.eclipse.jdt.ui.CompilationUnitEditor" StartDate="2014-10-17 09:31:27.555 JST" StructureHandle="=SL3/src&amp;lt;sl3.listeners.dialog{DOI_CL.java[DOI_CL~case_ACTV_TAB_OPT_DB~QListItem;" StructureKind="java" NumEvents="45" CreationCount="83"/><InteractionEvent Delta="null" EndDate="2014-10-17 09:44:02.664 JST" Interest="95.476" Kind="propagation" Navigation="org.eclipse.mylyn.core.model.edges.containment" OriginId="org.eclipse.mylyn.core.model.interest.propagation" StartDate="2014-10-17 09:29:01.811 JST" StructureHandle="/SL3/src/sl3" StructureKind="resource" NumEvents="100" CreationCount="7"/><InteractionEvent Delta="null" EndDate="2014-10-17 09:35:16.137 JST" Interest="1.0" Kind="selection" Navigation="null" OriginId="org.eclipse.jdt.ui.PackageExplorer" StartDate="2014-10-17 09:35:16.137 JST" StructureHandle="/SL3/res/layout/dlg_edit_items.xml" StructureKind="resource"/><InteractionEvent Delta="null" EndDate="2014-10-17 09:41:08.219 JST" Interest="1.0" Kind="selection" Navigation="null" OriginId="com.android.ide.eclipse.editors.CommonXmlEditor" StartDate="2014-10-17 09:41:08.219 JST" StructureHandle="/SL3/res/menu/actv_tab_2.xml" StructureKind="resource"/><InteractionEvent Delta="null" EndDate="2014-10-17 09:41:14.304 JST" Interest="4.0" Kind="edit" Navigation="null" OriginId="com.android.ide.eclipse.editors.CommonXmlEditor" StartDate="2014-10-17 09:41:08.310 JST" StructureHandle="/SL3/res/menu/actv_tab_2.xml" StructureKind="resource" NumEvents="4" CreationCount="211"/><InteractionEvent Delta="null" EndDate="2014-10-17 09:43:58.22 JST" Interest="13.0" Kind="selection" Navigation="null" OriginId="org.eclipse.jdt.ui.CompilationUnitEditor" StartDate="2014-10-17 09:33:39.792 JST" StructureHandle="=SL3/src&amp;lt;sl3.utils{Methods_dlg.java[Methods_dlg~conf_Save_PurHistory~QActivity;~QDialog;" StructureKind="java" NumEvents="13" CreationCount="124"/><InteractionEvent Delta="null" EndDate="2014-10-17 09:44:02.663 JST" Interest="23.0" Kind="edit" Navigation="null" OriginId="org.eclipse.jdt.ui.CompilationUnitEditor" StartDate="2014-10-17 09:33:41.972 JST" StructureHandle="=SL3/src&amp;lt;sl3.utils{Methods_dlg.java[Methods_dlg~conf_Save_PurHistory~QActivity;~QDialog;" StructureKind="java" NumEvents="23" CreationCount="124"/></InteractionHistory>