<?xml version="1.0" encoding="UTF-8"?><InteractionHistory Id="local-16" Version="1"><InteractionEvent Delta="null" EndDate="2014-08-23 21:16:43.120 JST" Interest="2.0" Kind="propagation" Navigation="org.eclipse.mylyn.core.model.edges.containment" OriginId="org.eclipse.mylyn.core.model.interest.propagation" StartDate="2014-08-23 21:16:43.120 JST" StructureHandle="" StructureKind="java" NumEvents="2" CreationCount="1"/><InteractionEvent Delta="null" EndDate="2014-08-23 21:20:15.235 JST" Interest="16.0" Kind="edit" Navigation="null" OriginId="org.eclipse.jdt.ui.CompilationUnitEditor" StartDate="2014-08-23 21:16:55.158 JST" StructureHandle="=TA2/src&amp;lt;ta2.listeners.dialog{DOI_CL.java[DOI_CL~case_ACTV_MAIN_ADMIN_LV_OPS~QListItem;" StructureKind="java" NumEvents="16" CreationCount="8"/><InteractionEvent Delta="null" EndDate="2014-08-23 21:20:22.172 JST" Interest="4.0" Kind="selection" Navigation="null" OriginId="org.eclipse.ui.views.ContentOutline" StartDate="2014-08-23 21:16:54.607 JST" StructureHandle="=TA2/src&amp;lt;ta2.listeners.dialog{DOI_CL.java[DOI_CL~case_ACTV_MAIN_ADMIN_LV_OPS~QListItem;" StructureKind="java" NumEvents="4" CreationCount="8"/><InteractionEvent Delta="null" EndDate="2014-08-23 21:35:08.751 JST" Interest="47.26" Kind="propagation" Navigation="org.eclipse.mylyn.core.model.edges.containment" OriginId="org.eclipse.mylyn.core.model.interest.propagation" StartDate="2014-08-23 21:21:46.685 JST" StructureHandle="=TA2/src&amp;lt;ta2.listeners.dialog{DB_OCL.java" StructureKind="java" NumEvents="67" CreationCount="97"/><InteractionEvent Delta="null" EndDate="2014-08-23 21:34:10.2 JST" Interest="12.0" Kind="selection" Navigation="null" OriginId="org.eclipse.jdt.ui.CompilationUnitEditor" StartDate="2014-08-23 21:20:18.121 JST" StructureHandle="=TA2/src&amp;lt;ta2.listeners.dialog{DB_OCL.java" StructureKind="java" NumEvents="12" CreationCount="97"/><InteractionEvent Delta="null" EndDate="2014-08-23 21:21:32.405 JST" Interest="2.0" Kind="selection" Navigation="null" OriginId="org.eclipse.jdt.ui.CompilationUnitEditor" StartDate="2014-08-23 21:21:26.53 JST" StructureHandle="=TA2/src&amp;lt;ta2.listeners.dialog{DB_OCL.java[DB_OCL^d2" StructureKind="java" NumEvents="2" CreationCount="137"/><InteractionEvent Delta="null" EndDate="2014-08-23 21:34:29.939 JST" Interest="256.0" Kind="propagation" Navigation="null" OriginId="org.eclipse.ui.views.ContentOutline" StartDate="2014-08-23 21:17:21.472 JST" StructureHandle="/TA2/src/ta2/utils" StructureKind="resource" NumEvents="256" CreationCount="20"/><InteractionEvent Delta="null" EndDate="2014-08-23 21:34:29.938 JST" Interest="255.27199" Kind="propagation" Navigation="org.eclipse.mylyn.core.model.edges.containment" OriginId="org.eclipse.mylyn.core.model.interest.propagation" StartDate="2014-08-23 21:16:50.101 JST" StructureHandle="/TA2/src/ta2" StructureKind="resource" NumEvents="262" CreationCount="4"/><InteractionEvent Delta="null" EndDate="2014-08-23 21:17:33.822 JST" Interest="4.0" Kind="edit" Navigation="null" OriginId="org.eclipse.jdt.ui.CompilationUnitEditor" StartDate="2014-08-23 21:17:23.215 JST" StructureHandle="=TA2/src&amp;lt;ta2.utils{Methods_dlg.java[Methods_dlg~conf_CreateTable_Patterns~QActivity;~QDialog;~QDialog;" StructureKind="java" NumEvents="4" CreationCount="21"/><InteractionEvent Delta="null" EndDate="2014-08-23 21:17:38.334 JST" Interest="4.0" Kind="selection" Navigation="null" OriginId="org.eclipse.jdt.ui.CompilationUnitEditor" StartDate="2014-08-23 21:17:22.123 JST" StructureHandle="=TA2/src&amp;lt;ta2.utils{Methods_dlg.java[Methods_dlg~conf_CreateTable_Patterns~QActivity;~QDialog;~QDialog;" StructureKind="java" NumEvents="4" CreationCount="21"/><InteractionEvent Delta="null" EndDate="2014-08-23 21:20:29.262 JST" Interest="34.0" Kind="propagation" Navigation="null" OriginId="org.eclipse.jdt.ui.PackageExplorer" StartDate="2014-08-23 21:16:51.393 JST" StructureHandle="/TA2/src/ta2/listeners/dialog/DOI_CL.java" StructureKind="resource" NumEvents="34" CreationCount="5"/><InteractionEvent Delta="null" EndDate="2014-08-23 21:19:48.377 JST" Interest="3.4170003" Kind="propagation" Navigation="org.eclipse.mylyn.core.model.edges.containment" OriginId="org.eclipse.mylyn.core.model.interest.propagation" StartDate="2014-08-23 21:17:56.998 JST" StructureHandle="=TA2/src&amp;lt;ta2.utils{Tags.java" StructureKind="java" NumEvents="7" CreationCount="38"/><InteractionEvent Delta="null" EndDate="2014-08-23 21:19:42.681 JST" Interest="2.0" Kind="selection" Navigation="null" OriginId="org.eclipse.jdt.ui.CompilationUnitEditor" StartDate="2014-08-23 21:17:56.315 JST" StructureHandle="=TA2/src&amp;lt;ta2.utils{Tags.java" StructureKind="java" NumEvents="2" CreationCount="38"/><InteractionEvent Delta="null" EndDate="2014-08-23 21:36:21.656 JST" Interest="222.017" Kind="propagation" Navigation="org.eclipse.mylyn.core.model.edges.containment" OriginId="org.eclipse.mylyn.core.model.interest.propagation" StartDate="2014-08-23 21:16:50.101 JST" StructureHandle="/TA2/src/ta2/listeners" StructureKind="resource" NumEvents="224" CreationCount="4"/><InteractionEvent Delta="null" EndDate="2014-08-23 21:19:53.595 JST" Interest="11.0" Kind="propagation" Navigation="null" OriginId="org.eclipse.jdt.ui.CompilationUnitEditor" StartDate="2014-08-23 21:17:56.315 JST" StructureHandle="/TA2/src/ta2/utils/Tags.java" StructureKind="resource" NumEvents="11" CreationCount="38"/><InteractionEvent Delta="null" EndDate="2014-08-23 21:19:48.377 JST" Interest="5.4" Kind="propagation" Navigation="org.eclipse.mylyn.core.model.edges.containment" OriginId="org.eclipse.mylyn.core.model.interest.propagation" StartDate="2014-08-23 21:17:56.998 JST" StructureHandle="=TA2/src&amp;lt;ta2.utils{Tags.java[Tags" StructureKind="java" NumEvents="6" CreationCount="39"/><InteractionEvent Delta="null" EndDate="2014-08-23 21:34:18.160 JST" Interest="2.0" Kind="prediction" Navigation="null" OriginId="org.eclipse.mylyn.resources.ui.interest.updater" StartDate="2014-08-23 21:25:33.218 JST" StructureHandle="/TA2/bin/TA2.apk" StructureKind="resource" NumEvents="2" CreationCount="262"/><InteractionEvent Delta="null" EndDate="2014-08-23 21:35:08.750 JST" Interest="67.0" Kind="edit" Navigation="null" OriginId="org.eclipse.jdt.ui.CompilationUnitEditor" StartDate="2014-08-23 21:27:49.474 JST" StructureHandle="=TA2/src&amp;lt;ta2.listeners.dialog{DB_OCL.java[DB_OCL~case_DLG_CONF_DROP_TABLE_MEMOS_OK" StructureKind="java" NumEvents="67" CreationCount="177"/><InteractionEvent Delta="null" EndDate="2014-08-23 21:34:29.943 JST" Interest="11.0" Kind="selection" Navigation="null" OriginId="org.eclipse.ui.views.ContentOutline" StartDate="2014-08-23 21:22:36.389 JST" StructureHandle="=TA2/src&amp;lt;ta2.listeners.dialog{DB_OCL.java[DB_OCL~case_DLG_CONF_DROP_TABLE_MEMOS_OK" StructureKind="java" NumEvents="11" CreationCount="177"/><InteractionEvent Delta="null" EndDate="2014-08-23 21:28:56.405 JST" Interest="19.0" Kind="edit" Navigation="null" OriginId="org.eclipse.jdt.ui.CompilationUnitEditor" StartDate="2014-08-23 21:27:19.717 JST" StructureHandle="=TA2/src&amp;lt;ta2.utils{Methods.java[Methods~drop_Table~QActivity;~QString;" StructureKind="java" NumEvents="19" CreationCount="269"/><InteractionEvent Delta="null" EndDate="2014-08-23 21:31:23.67 JST" Interest="4.0" Kind="selection" Navigation="null" OriginId="org.eclipse.jdt.ui.CompilationUnitEditor" StartDate="2014-08-23 21:27:18.395 JST" StructureHandle="=TA2/src&amp;lt;ta2.utils{Methods.java[Methods~drop_Table~QActivity;~QString;" StructureKind="java" NumEvents="4" CreationCount="269"/><InteractionEvent Delta="null" EndDate="2014-08-23 21:36:21.656 JST" Interest="222.017" Kind="propagation" Navigation="null" OriginId="org.eclipse.ui.views.ContentOutline" StartDate="2014-08-23 21:16:50.101 JST" StructureHandle="/TA2/src/ta2/listeners/dialog" StructureKind="resource" NumEvents="225" CreationCount="4"/><InteractionEvent Delta="null" EndDate="2014-08-23 21:27:37.630 JST" Interest="17.0" Kind="edit" Navigation="null" OriginId="org.eclipse.jdt.ui.CompilationUnitEditor" StartDate="2014-08-23 21:19:02.778 JST" StructureHandle="=TA2/src&amp;lt;ta2.utils{Methods_dlg.java[Methods_dlg~conf_DropTable_Memos~QActivity;~QDialog;~QDialog;" StructureKind="java" NumEvents="17" CreationCount="66"/><InteractionEvent Delta="null" EndDate="2014-08-23 21:27:31.796 JST" Interest="7.0" Kind="selection" Navigation="null" OriginId="org.eclipse.ui.views.ContentOutline" StartDate="2014-08-23 21:19:00.279 JST" StructureHandle="=TA2/src&amp;lt;ta2.utils{Methods_dlg.java[Methods_dlg~conf_DropTable_Memos~QActivity;~QDialog;~QDialog;" StructureKind="java" NumEvents="7" CreationCount="66"/><InteractionEvent Delta="null" EndDate="2014-08-23 21:34:29.938 JST" Interest="59.937" Kind="propagation" Navigation="org.eclipse.mylyn.core.model.edges.containment" OriginId="org.eclipse.mylyn.core.model.interest.propagation" StartDate="2014-08-23 21:17:21.473 JST" StructureHandle="=TA2/src&amp;lt;ta2.utils" StructureKind="java" NumEvents="87" CreationCount="20"/><InteractionEvent Delta="null" EndDate="2014-08-23 21:17:56.998 JST" Interest="1.0" Kind="propagation" Navigation="org.eclipse.mylyn.core.model.edges.containment" OriginId="org.eclipse.mylyn.core.model.interest.propagation" StartDate="2014-08-23 21:17:56.998 JST" StructureHandle="=TA2/src&amp;lt;ta2.utils{Tags.java[Tags[DialogTags" StructureKind="java"/><InteractionEvent Delta="null" EndDate="2014-08-23 21:18:03.825 JST" Interest="2.0" Kind="edit" Navigation="null" OriginId="org.eclipse.jdt.ui.CompilationUnitEditor" StartDate="2014-08-23 21:18:02.840 JST" StructureHandle="=TA2/src&amp;lt;ta2.utils{Tags.java[Tags[DialogTags" StructureKind="java" NumEvents="2" CreationCount="39"/><InteractionEvent Delta="null" EndDate="2014-08-23 21:19:48.377 JST" Interest="3.0" Kind="selection" Navigation="null" OriginId="org.eclipse.jdt.ui.CompilationUnitEditor" StartDate="2014-08-23 21:18:00.861 JST" StructureHandle="=TA2/src&amp;lt;ta2.utils{Tags.java[Tags[DialogTags" StructureKind="java" NumEvents="3" CreationCount="39"/><InteractionEvent Delta="null" EndDate="2014-08-23 21:27:26.702 JST" Interest="21.47" Kind="propagation" Navigation="org.eclipse.mylyn.core.model.edges.containment" OriginId="org.eclipse.mylyn.core.model.interest.propagation" StartDate="2014-08-23 21:17:22.123 JST" StructureHandle="=TA2/src&amp;lt;ta2.utils{Methods_dlg.java[Methods_dlg" StructureKind="java" NumEvents="27" CreationCount="21"/><InteractionEvent Delta="null" EndDate="2014-08-23 21:18:55.491 JST" Interest="3.0" Kind="selection" Navigation="null" OriginId="org.eclipse.jdt.ui.CompilationUnitEditor" StartDate="2014-08-23 21:17:37.417 JST" StructureHandle="=TA2/src&amp;lt;ta2.utils{Methods_dlg.java[Methods_dlg" StructureKind="java" NumEvents="3" CreationCount="21"/><InteractionEvent Delta="null" EndDate="2014-08-23 21:34:29.938 JST" Interest="50.047" Kind="propagation" Navigation="org.eclipse.mylyn.core.model.edges.containment" OriginId="org.eclipse.mylyn.core.model.interest.propagation" StartDate="2014-08-23 21:23:13.809 JST" StructureHandle="=TA2/src&amp;lt;ta2.utils{Methods.java" StructureKind="java" NumEvents="71" CreationCount="190"/><InteractionEvent Delta="null" EndDate="2014-08-23 21:32:23.849 JST" Interest="7.0" Kind="selection" Navigation="null" OriginId="org.eclipse.jdt.ui.CompilationUnitEditor" StartDate="2014-08-23 21:23:01.502 JST" StructureHandle="=TA2/src&amp;lt;ta2.utils{Methods.java" StructureKind="java" NumEvents="7" CreationCount="190"/><InteractionEvent Delta="null" EndDate="2014-08-23 21:27:37.630 JST" Interest="79.0" Kind="propagation" Navigation="null" OriginId="org.eclipse.jdt.ui.CompilationUnitEditor" StartDate="2014-08-23 21:17:21.472 JST" StructureHandle="/TA2/src/ta2/utils/Methods_dlg.java" StructureKind="resource" NumEvents="79" CreationCount="20"/><InteractionEvent Delta="null" EndDate="2014-08-23 21:36:21.656 JST" Interest="479.068" Kind="propagation" Navigation="org.eclipse.mylyn.core.model.edges.containment" OriginId="org.eclipse.mylyn.core.model.interest.propagation" StartDate="2014-08-23 21:16:43.120 JST" StructureHandle="/" StructureKind="resource" NumEvents="482" CreationCount="1"/><InteractionEvent Delta="null" EndDate="2014-08-23 21:18:54.234 JST" Interest="3.0" Kind="edit" Navigation="null" OriginId="org.eclipse.jdt.ui.CompilationUnitEditor" StartDate="2014-08-23 21:18:53.651 JST" StructureHandle="=TA2/src&amp;lt;ta2.utils{Methods_dlg.java[Methods_dlg~conf_DropTable_Patterns~QActivity;~QDialog;~QDialog;" StructureKind="java" NumEvents="3" CreationCount="61"/><InteractionEvent Delta="null" EndDate="2014-08-23 21:18:52.372 JST" Interest="1.0" Kind="selection" Navigation="null" OriginId="org.eclipse.ui.views.ContentOutline" StartDate="2014-08-23 21:18:52.372 JST" StructureHandle="=TA2/src&amp;lt;ta2.utils{Methods_dlg.java[Methods_dlg~conf_DropTable_Patterns~QActivity;~QDialog;~QDialog;" StructureKind="java"/><InteractionEvent Delta="null" EndDate="2014-08-23 21:21:18.745 JST" Interest="11.634" Kind="propagation" Navigation="org.eclipse.mylyn.core.model.edges.containment" OriginId="org.eclipse.mylyn.core.model.interest.propagation" StartDate="2014-08-23 21:20:48.777 JST" StructureHandle="=TA2/src&amp;lt;ta2.listeners.dialog{DB_OTL.java" StructureKind="java" NumEvents="17" CreationCount="112"/><InteractionEvent Delta="null" EndDate="2014-08-23 21:20:40.791 JST" Interest="2.0" Kind="selection" Navigation="null" OriginId="org.eclipse.jdt.ui.CompilationUnitEditor" StartDate="2014-08-23 21:20:40.556 JST" StructureHandle="=TA2/src&amp;lt;ta2.listeners.dialog{DB_OTL.java" StructureKind="java" NumEvents="2" CreationCount="112"/><InteractionEvent Delta="null" EndDate="2014-08-23 21:25:33.218 JST" Interest="1.0" Kind="propagation" Navigation="org.eclipse.mylyn.core.model.edges.containment" OriginId="org.eclipse.mylyn.core.model.interest.propagation" StartDate="2014-08-23 21:25:33.218 JST" StructureHandle="/TA2/bin" StructureKind="resource"/><InteractionEvent Delta="null" EndDate="2014-08-23 21:16:43.120 JST" Interest="2.0" Kind="propagation" Navigation="null" OriginId="org.eclipse.ui.views.ResourceNavigator" StartDate="2014-08-23 21:16:43.120 JST" StructureHandle="/app.twitter" StructureKind="resource" NumEvents="2" CreationCount="1"/><InteractionEvent Delta="null" EndDate="2014-08-23 21:27:26.703 JST" Interest="16.487" Kind="propagation" Navigation="org.eclipse.mylyn.core.model.edges.containment" OriginId="org.eclipse.mylyn.core.model.interest.propagation" StartDate="2014-08-23 21:17:22.124 JST" StructureHandle="=TA2/src&amp;lt;ta2.utils{Methods_dlg.java" StructureKind="java" NumEvents="24" CreationCount="20"/><InteractionEvent Delta="null" EndDate="2014-08-23 21:27:22.220 JST" Interest="8.0" Kind="selection" Navigation="null" OriginId="org.eclipse.jdt.ui.CompilationUnitEditor" StartDate="2014-08-23 21:17:21.472 JST" StructureHandle="=TA2/src&amp;lt;ta2.utils{Methods_dlg.java" StructureKind="java" NumEvents="8" CreationCount="20"/><InteractionEvent Delta="null" EndDate="2014-08-23 21:34:29.938 JST" Interest="166.0" Kind="propagation" Navigation="null" OriginId="org.eclipse.ui.views.ContentOutline" StartDate="2014-08-23 21:23:01.502 JST" StructureHandle="/TA2/src/ta2/utils/Methods.java" StructureKind="resource" NumEvents="166" CreationCount="190"/><InteractionEvent Delta="null" EndDate="2014-08-23 21:36:21.656 JST" Interest="480.034" Kind="propagation" Navigation="null" OriginId="org.eclipse.ui.views.ContentOutline" StartDate="2014-08-23 21:16:45.828 JST" StructureHandle="/TA2/src" StructureKind="resource" NumEvents="482" CreationCount="3"/><InteractionEvent Delta="null" EndDate="2014-08-23 21:22:58.276 JST" Interest="3.0" Kind="edit" Navigation="null" OriginId="org.eclipse.jdt.ui.CompilationUnitEditor" StartDate="2014-08-23 21:22:57.700 JST" StructureHandle="=TA2/src&amp;lt;ta2.listeners.dialog{DB_OCL.java[DB_OCL~case_DLG_CONF_CREATE_TABLE_PATTERNS_OK" StructureKind="java" NumEvents="3" CreationCount="186"/><InteractionEvent Delta="null" EndDate="2014-08-23 21:24:51.118 JST" Interest="2.0" Kind="selection" Navigation="null" OriginId="org.eclipse.jdt.ui.CompilationUnitEditor" StartDate="2014-08-23 21:22:56.473 JST" StructureHandle="=TA2/src&amp;lt;ta2.listeners.dialog{DB_OCL.java[DB_OCL~case_DLG_CONF_CREATE_TABLE_PATTERNS_OK" StructureKind="java" NumEvents="2" CreationCount="186"/><InteractionEvent Delta="null" EndDate="2014-08-23 21:36:21.656 JST" Interest="169.0" Kind="propagation" Navigation="null" OriginId="org.eclipse.ui.views.ContentOutline" StartDate="2014-08-23 21:20:18.121 JST" StructureHandle="/TA2/src/ta2/listeners/dialog/DB_OCL.java" StructureKind="resource" NumEvents="169" CreationCount="97"/><InteractionEvent Delta="null" EndDate="2014-08-23 21:24:45.697 JST" Interest="48.0" Kind="edit" Navigation="null" OriginId="org.eclipse.jdt.ui.CompilationUnitEditor" StartDate="2014-08-23 21:23:22.611 JST" StructureHandle="=TA2/src&amp;lt;ta2.utils{Methods.java[Methods~createTable_Memos~QActivity;~QDialog;~QDialog;~QDialog;" StructureKind="java" NumEvents="48" CreationCount="196"/><InteractionEvent Delta="null" EndDate="2014-08-23 21:24:12.917 JST" Interest="2.0" Kind="selection" Navigation="null" OriginId="org.eclipse.jdt.ui.CompilationUnitEditor" StartDate="2014-08-23 21:23:18.876 JST" StructureHandle="=TA2/src&amp;lt;ta2.utils{Methods.java[Methods~createTable_Memos~QActivity;~QDialog;~QDialog;~QDialog;" StructureKind="java" NumEvents="2" CreationCount="196"/><InteractionEvent Delta="null" EndDate="2014-08-23 21:36:21.657 JST" Interest="480.034" Kind="propagation" Navigation="org.eclipse.mylyn.core.model.edges.containment" OriginId="org.eclipse.mylyn.core.model.interest.propagation" StartDate="2014-08-23 21:16:45.828 JST" StructureHandle="=TA2" StructureKind="resource" NumEvents="482" CreationCount="3"/><InteractionEvent Delta="null" EndDate="2014-08-23 21:35:09.327 JST" Interest="59.841" Kind="propagation" Navigation="org.eclipse.mylyn.core.model.edges.containment" OriginId="org.eclipse.mylyn.core.model.interest.propagation" StartDate="2014-08-23 21:16:51.393 JST" StructureHandle="=TA2/src&amp;lt;ta2.listeners.dialog" StructureKind="java" NumEvents="93" CreationCount="4"/><InteractionEvent Delta="null" EndDate="2014-08-23 21:16:50.101 JST" Interest="1.0" Kind="selection" Navigation="null" OriginId="org.eclipse.jdt.ui.PackageExplorer" StartDate="2014-08-23 21:16:50.101 JST" StructureHandle="=TA2/src&amp;lt;ta2.listeners.dialog" StructureKind="java"/><InteractionEvent Delta="null" EndDate="2014-08-23 21:21:33.644 JST" Interest="1.0" Kind="selection" Navigation="null" OriginId="org.eclipse.jdt.ui.CompilationUnitEditor" StartDate="2014-08-23 21:21:33.644 JST" StructureHandle="=TA2/src&amp;lt;ta2.listeners.dialog{DB_OCL.java[DB_OCL~DB_OCL~QActivity;~QDialog;~QDialog;~QDialog;" StructureKind="java"/><InteractionEvent Delta="null" EndDate="2014-08-23 21:16:43.120 JST" Interest="2.0" Kind="propagation" Navigation="org.eclipse.mylyn.core.model.edges.containment" OriginId="org.eclipse.mylyn.core.model.interest.propagation" StartDate="2014-08-23 21:16:43.120 JST" StructureHandle="=app.twitter" StructureKind="java" NumEvents="2" CreationCount="1"/><InteractionEvent Delta="null" EndDate="2014-08-23 21:25:13.526 JST" Interest="25.0" Kind="edit" Navigation="null" OriginId="org.eclipse.jdt.ui.CompilationUnitEditor" StartDate="2014-08-23 21:21:35.921 JST" StructureHandle="=TA2/src&amp;lt;ta2.listeners.dialog{DB_OCL.java[DB_OCL~onClick~QView;" StructureKind="java" NumEvents="25" CreationCount="151"/><InteractionEvent Delta="null" EndDate="2014-08-23 21:24:58.45 JST" Interest="3.0" Kind="selection" Navigation="null" OriginId="org.eclipse.jdt.ui.CompilationUnitEditor" StartDate="2014-08-23 21:21:34.911 JST" StructureHandle="=TA2/src&amp;lt;ta2.listeners.dialog{DB_OCL.java[DB_OCL~onClick~QView;" StructureKind="java" NumEvents="3" CreationCount="151"/><InteractionEvent Delta="null" EndDate="2014-08-23 21:34:18.160 JST" Interest="2.0" Kind="prediction" Navigation="null" OriginId="org.eclipse.mylyn.resources.ui.interest.updater" StartDate="2014-08-23 21:25:33.217 JST" StructureHandle="/TA2/bin/classes.dex" StructureKind="resource" NumEvents="2" CreationCount="262"/><InteractionEvent Delta="null" EndDate="2014-08-23 21:21:18.744 JST" Interest="13.599999" Kind="propagation" Navigation="org.eclipse.mylyn.core.model.edges.containment" OriginId="org.eclipse.mylyn.core.model.interest.propagation" StartDate="2014-08-23 21:20:44.458 JST" StructureHandle="=TA2/src&amp;lt;ta2.listeners.dialog{DB_OTL.java[DB_OTL" StructureKind="java" NumEvents="19" CreationCount="114"/><InteractionEvent Delta="null" EndDate="2014-08-23 21:20:04.33 JST" Interest="3.0" Kind="selection" Navigation="null" OriginId="org.eclipse.jdt.ui.CompilationUnitEditor" StartDate="2014-08-23 21:18:43.215 JST" StructureHandle="=TA2/src&amp;lt;ta2.listeners.dialog{DOI_CL.java[DOI_CL~onItemClick~QAdapterView\&amp;lt;*&amp;gt;;~QView;~I~J" StructureKind="java" NumEvents="3" CreationCount="56"/><InteractionEvent Delta="null" EndDate="2014-08-23 21:21:31.818 JST" Interest="19.0" Kind="edit" Navigation="null" OriginId="org.eclipse.jdt.ui.CompilationUnitEditor" StartDate="2014-08-23 21:17:45.524 JST" StructureHandle="=TA2/src&amp;lt;ta2.utils{Methods_dlg.java[Methods_dlg~conf_CreateTable_Memos~QActivity;~QDialog;~QDialog;" StructureKind="java" NumEvents="19" CreationCount="31"/><InteractionEvent Delta="null" EndDate="2014-08-23 21:27:26.701 JST" Interest="11.0" Kind="selection" Navigation="null" OriginId="org.eclipse.ui.views.ContentOutline" StartDate="2014-08-23 21:17:42.718 JST" StructureHandle="=TA2/src&amp;lt;ta2.utils{Methods_dlg.java[Methods_dlg~conf_CreateTable_Memos~QActivity;~QDialog;~QDialog;" StructureKind="java" NumEvents="11" CreationCount="31"/><InteractionEvent Delta="null" EndDate="2014-08-23 21:34:09.794 JST" Interest="64.0" Kind="edit" Navigation="null" OriginId="org.eclipse.jdt.ui.CompilationUnitEditor" StartDate="2014-08-23 21:31:24.545 JST" StructureHandle="=TA2/src&amp;lt;ta2.utils{Methods.java[Methods~report_DropTable_Memos~QActivity;~I~QDialog;~QDialog;~QDialog;" StructureKind="java" NumEvents="64" CreationCount="381"/><InteractionEvent Delta="null" EndDate="2014-08-23 21:34:29.937 JST" Interest="9.0" Kind="selection" Navigation="null" OriginId="org.eclipse.ui.views.ContentOutline" StartDate="2014-08-23 21:31:23.811 JST" StructureHandle="=TA2/src&amp;lt;ta2.utils{Methods.java[Methods~report_DropTable_Memos~QActivity;~I~QDialog;~QDialog;~QDialog;" StructureKind="java" NumEvents="9" CreationCount="381"/><InteractionEvent Delta="null" EndDate="2014-08-23 21:31:55.541 JST" Interest="8.0" Kind="edit" Navigation="null" OriginId="org.eclipse.jdt.ui.CompilationUnitEditor" StartDate="2014-08-23 21:29:49.693 JST" StructureHandle="=TA2/src&amp;lt;ta2.listeners.dialog{DB_OCL.java[DB_OCL~case_DLG_CONF_IMPORT_PATTERNS_OK" StructureKind="java" NumEvents="8" CreationCount="343"/><InteractionEvent Delta="null" EndDate="2014-08-23 21:32:14.308 JST" Interest="8.0" Kind="selection" Navigation="null" OriginId="org.eclipse.ui.views.ContentOutline" StartDate="2014-08-23 21:29:47.91 JST" StructureHandle="=TA2/src&amp;lt;ta2.listeners.dialog{DB_OCL.java[DB_OCL~case_DLG_CONF_IMPORT_PATTERNS_OK" StructureKind="java" NumEvents="8" CreationCount="343"/><InteractionEvent Delta="null" EndDate="2014-08-23 21:30:02.99 JST" Interest="1.0" Kind="selection" Navigation="null" OriginId="org.eclipse.ui.views.ContentOutline" StartDate="2014-08-23 21:30:02.99 JST" StructureHandle="=TA2/src&amp;lt;ta2.listeners.dialog{DB_OCL.java[DB_OCL~_Init_SoundEffect~QActivity;" StructureKind="java"/><InteractionEvent Delta="null" EndDate="2014-08-23 21:21:18.744 JST" Interest="18.0" Kind="edit" Navigation="null" OriginId="org.eclipse.jdt.ui.CompilationUnitEditor" StartDate="2014-08-23 21:20:47.46 JST" StructureHandle="=TA2/src&amp;lt;ta2.listeners.dialog{DB_OTL.java[DB_OTL~onTouch~QView;~QMotionEvent;" StructureKind="java" NumEvents="18" CreationCount="114"/><InteractionEvent Delta="null" EndDate="2014-08-23 21:20:44.458 JST" Interest="1.0" Kind="selection" Navigation="null" OriginId="org.eclipse.jdt.ui.CompilationUnitEditor" StartDate="2014-08-23 21:20:44.458 JST" StructureHandle="=TA2/src&amp;lt;ta2.listeners.dialog{DB_OTL.java[DB_OTL~onTouch~QView;~QMotionEvent;" StructureKind="java"/><InteractionEvent Delta="null" EndDate="2014-08-23 21:20:22.172 JST" Interest="11.8" Kind="propagation" Navigation="org.eclipse.mylyn.core.model.edges.containment" OriginId="org.eclipse.mylyn.core.model.interest.propagation" StartDate="2014-08-23 21:16:54.607 JST" StructureHandle="=TA2/src&amp;lt;ta2.listeners.dialog{DOI_CL.java[DOI_CL" StructureKind="java" NumEvents="16" CreationCount="8"/><InteractionEvent Delta="null" EndDate="2014-08-23 21:18:42.652 JST" Interest="2.0" Kind="edit" Navigation="null" OriginId="org.eclipse.jdt.ui.CompilationUnitEditor" StartDate="2014-08-23 21:18:38.94 JST" StructureHandle="=TA2/src&amp;lt;ta2.listeners.dialog{DOI_CL.java[DOI_CL" StructureKind="java" NumEvents="2" CreationCount="8"/><InteractionEvent Delta="null" EndDate="2014-08-23 21:18:41.26 JST" Interest="2.0" Kind="selection" Navigation="null" OriginId="org.eclipse.ui.views.ContentOutline" StartDate="2014-08-23 21:18:30.920 JST" StructureHandle="=TA2/src&amp;lt;ta2.listeners.dialog{DOI_CL.java[DOI_CL" StructureKind="java" NumEvents="2" CreationCount="8"/><InteractionEvent Delta="null" EndDate="2014-08-23 21:16:43.120 JST" Interest="2.0" Kind="selection" Navigation="null" OriginId="org.eclipse.ui.views.ResourceNavigator" StartDate="2014-08-23 21:16:43.120 JST" StructureHandle="/app.twitter/res" StructureKind="resource" NumEvents="2" CreationCount="1"/><InteractionEvent Delta="null" EndDate="2014-08-23 21:35:08.750 JST" Interest="57.579998" Kind="propagation" Navigation="org.eclipse.mylyn.core.model.edges.containment" OriginId="org.eclipse.mylyn.core.model.interest.propagation" StartDate="2014-08-23 21:21:26.53 JST" StructureHandle="=TA2/src&amp;lt;ta2.listeners.dialog{DB_OCL.java[DB_OCL" StructureKind="java" NumEvents="79" CreationCount="137"/><InteractionEvent Delta="null" EndDate="2014-08-23 21:30:55.670 JST" Interest="1.0" Kind="selection" Navigation="null" OriginId="org.eclipse.jdt.ui.CompilationUnitEditor" StartDate="2014-08-23 21:30:55.670 JST" StructureHandle="=TA2/src&amp;lt;ta2.listeners.dialog{DB_OCL.java[DB_OCL" StructureKind="java"/><InteractionEvent Delta="null" EndDate="2014-08-23 21:27:08.11 JST" Interest="3.0" Kind="selection" Navigation="null" OriginId="org.eclipse.ui.views.ContentOutline" StartDate="2014-08-23 21:24:47.289 JST" StructureHandle="=TA2/src&amp;lt;ta2.utils{Methods.java[Methods~conv_MillSec_to_TimeLabel~J" StructureKind="java" NumEvents="3" CreationCount="248"/><InteractionEvent Delta="null" EndDate="2014-08-23 21:19:45.845 JST" Interest="1.0" Kind="selection" Navigation="null" OriginId="org.eclipse.jdt.ui.CompilationUnitEditor" StartDate="2014-08-23 21:19:45.845 JST" StructureHandle="=TA2/src&amp;lt;ta2.utils{Tags.java[Tags[DialogTags^DLG_CONF_CREATE_TABLE_MEMOS_OK" StructureKind="java"/><InteractionEvent Delta="null" EndDate="2014-08-23 21:27:04.803 JST" Interest="0.8700001" Kind="manipulation" Navigation="null" OriginId="org.eclipse.mylyn.core.model.interest.decay.correction" StartDate="2014-08-23 21:27:04.803 JST" StructureHandle="=TA2/src&amp;lt;ta2.listeners.dialog{DB_OCL.java[DB_OCL~case_DLG_CONF_CLEAR_VIEW_OK" StructureKind="java"/><InteractionEvent Delta="null" EndDate="2014-08-23 21:32:15.538 JST" Interest="6.0" Kind="selection" Navigation="null" OriginId="org.eclipse.ui.views.ContentOutline" StartDate="2014-08-23 21:21:37.59 JST" StructureHandle="=TA2/src&amp;lt;ta2.listeners.dialog{DB_OCL.java[DB_OCL~case_DLG_CONF_CLEAR_VIEW_OK" StructureKind="java" NumEvents="6" CreationCount="153"/><InteractionEvent Delta="null" EndDate="2014-08-23 21:18:48.405 JST" Interest="10.851" Kind="propagation" Navigation="org.eclipse.mylyn.core.model.edges.containment" OriginId="org.eclipse.mylyn.core.model.interest.propagation" StartDate="2014-08-23 21:16:55.177 JST" StructureHandle="=TA2/src&amp;lt;ta2.listeners.dialog{DOI_CL.java" StructureKind="java" NumEvents="17" CreationCount="5"/><InteractionEvent Delta="null" EndDate="2014-08-23 21:20:29.262 JST" Interest="6.0" Kind="selection" Navigation="null" OriginId="org.eclipse.jdt.ui.PackageExplorer" StartDate="2014-08-23 21:16:51.392 JST" StructureHandle="=TA2/src&amp;lt;ta2.listeners.dialog{DOI_CL.java" StructureKind="java" NumEvents="6" CreationCount="5"/><InteractionEvent Delta="null" EndDate="2014-08-23 21:19:51.948 JST" Interest="1.0" Kind="selection" Navigation="null" OriginId="org.eclipse.jdt.ui.CompilationUnitEditor" StartDate="2014-08-23 21:19:51.948 JST" StructureHandle="=TA2/src&amp;lt;ta2.utils{Tags.java[Tags[DialogTags^DLG_CONF_CREATE_TABLE_MEMOS_OK!2" StructureKind="java"/><InteractionEvent Delta="null" EndDate="2014-08-23 21:35:08.752 JST" Interest="59.857998" Kind="propagation" Navigation="org.eclipse.mylyn.core.model.edges.containment" OriginId="org.eclipse.mylyn.core.model.interest.propagation" StartDate="2014-08-23 21:16:50.101 JST" StructureHandle="=TA2/src" StructureKind="java" NumEvents="102" CreationCount="3"/><InteractionEvent Delta="null" EndDate="2014-08-23 21:16:45.828 JST" Interest="1.0" Kind="selection" Navigation="null" OriginId="org.eclipse.jdt.ui.PackageExplorer" StartDate="2014-08-23 21:16:45.828 JST" StructureHandle="=TA2/src" StructureKind="java"/><InteractionEvent Delta="null" EndDate="2014-08-23 21:21:18.745 JST" Interest="21.0" Kind="propagation" Navigation="null" OriginId="org.eclipse.jdt.ui.CompilationUnitEditor" StartDate="2014-08-23 21:20:40.556 JST" StructureHandle="/TA2/src/ta2/listeners/dialog/DB_OTL.java" StructureKind="resource" NumEvents="21" CreationCount="112"/><InteractionEvent Delta="null" EndDate="2014-08-23 21:34:29.938 JST" Interest="51.313" Kind="propagation" Navigation="org.eclipse.mylyn.core.model.edges.containment" OriginId="org.eclipse.mylyn.core.model.interest.propagation" StartDate="2014-08-23 21:23:02.237 JST" StructureHandle="=TA2/src&amp;lt;ta2.utils{Methods.java[Methods" StructureKind="java" NumEvents="73" CreationCount="192"/><InteractionEvent Delta="null" EndDate="2014-08-23 21:28:33.632 JST" Interest="1.0" Kind="edit" Navigation="null" OriginId="org.eclipse.jdt.ui.CompilationUnitEditor" StartDate="2014-08-23 21:28:33.632 JST" StructureHandle="=TA2/src&amp;lt;ta2.utils{Methods.java[Methods" StructureKind="java"/><InteractionEvent Delta="null" EndDate="2014-08-23 21:33:16.351 JST" Interest="5.0" Kind="selection" Navigation="null" OriginId="org.eclipse.jdt.ui.CompilationUnitEditor" StartDate="2014-08-23 21:23:16.140 JST" StructureHandle="=TA2/src&amp;lt;ta2.utils{Methods.java[Methods" StructureKind="java" NumEvents="5" CreationCount="192"/><InteractionEvent Delta="null" EndDate="2014-08-23 21:23:13.809 JST" Interest="2.0" Kind="edit" Navigation="null" OriginId="org.eclipse.jdt.ui.CompilationUnitEditor" StartDate="2014-08-23 21:23:04.357 JST" StructureHandle="=TA2/src&amp;lt;ta2.utils{Methods.java[Methods~createTable_Patterns~QActivity;~QDialog;~QDialog;~QDialog;" StructureKind="java" NumEvents="2" CreationCount="192"/><InteractionEvent Delta="null" EndDate="2014-08-23 21:23:02.237 JST" Interest="1.0" Kind="selection" Navigation="null" OriginId="org.eclipse.jdt.ui.CompilationUnitEditor" StartDate="2014-08-23 21:23:02.237 JST" StructureHandle="=TA2/src&amp;lt;ta2.utils{Methods.java[Methods~createTable_Patterns~QActivity;~QDialog;~QDialog;~QDialog;" StructureKind="java"/><InteractionEvent Delta="null" EndDate="2014-08-23 21:16:53.335 JST" Interest="1.0" Kind="selection" Navigation="null" OriginId="org.eclipse.ui.views.ContentOutline" StartDate="2014-08-23 21:16:53.335 JST" StructureHandle="=TA2/src&amp;lt;ta2.listeners.dialog{DOI_CL.java%ta2.listeners.dialog" StructureKind="java"/><InteractionEvent Delta="null" EndDate="2014-08-23 21:27:04.225 JST" Interest="12.0" Kind="edit" Navigation="null" OriginId="org.eclipse.jdt.ui.CompilationUnitEditor" StartDate="2014-08-23 21:22:42.275 JST" StructureHandle="=TA2/src&amp;lt;ta2.listeners.dialog{DB_OCL.java[DB_OCL~case_DLG_CONF_CREATE_TABLE_MEMOS_OK" StructureKind="java" NumEvents="12" CreationCount="179"/><InteractionEvent Delta="null" EndDate="2014-08-23 21:36:21.656 JST" Interest="7.0" Kind="selection" Navigation="null" OriginId="org.eclipse.ui.views.ContentOutline" StartDate="2014-08-23 21:22:41.615 JST" StructureHandle="=TA2/src&amp;lt;ta2.listeners.dialog{DB_OCL.java[DB_OCL~case_DLG_CONF_CREATE_TABLE_MEMOS_OK" StructureKind="java" NumEvents="7" CreationCount="179"/></InteractionHistory>