<?xml version="1.0" encoding="UTF-8"?><InteractionHistory Id="local-9" Version="1"><InteractionEvent Delta="null" EndDate="2014-08-23 09:57:08.672 JST" Interest="2.0" Kind="selection" Navigation="null" OriginId="org.eclipse.jdt.ui.CompilationUnitEditor" StartDate="2014-08-23 09:54:40.346 JST" StructureHandle="=TA2/src&amp;lt;ta2.utils{Methods_dlg.java[Methods_dlg~conf_Import_Patterns~QActivity;~QDialog;~QDialog;" StructureKind="java" NumEvents="2" CreationCount="16"/><InteractionEvent Delta="null" EndDate="2014-08-23 09:54:44.220 JST" Interest="2.0" Kind="edit" Navigation="null" OriginId="org.eclipse.jdt.ui.CompilationUnitEditor" StartDate="2014-08-23 09:54:41.303 JST" StructureHandle="=TA2/src&amp;lt;ta2.utils{Methods_dlg.java[Methods_dlg~conf_Import_Patterns~QActivity;~QDialog;~QDialog;" StructureKind="java" NumEvents="2" CreationCount="16"/><InteractionEvent Delta="null" EndDate="2014-08-23 10:05:18.709 JST" Interest="2.0" Kind="selection" Navigation="null" OriginId="org.eclipse.jdt.ui.CompilationUnitEditor" StartDate="2014-08-23 09:54:31.877 JST" StructureHandle="=TA2/src&amp;lt;ta2.listeners.dialog{DOI_CL.java[DOI_CL~case_ACTV_MAIN_ADMIN_LV_OPS~QListItem;" StructureKind="java" NumEvents="2" CreationCount="8"/><InteractionEvent Delta="null" EndDate="2014-08-23 09:54:36.881 JST" Interest="6.0" Kind="edit" Navigation="null" OriginId="org.eclipse.jdt.ui.CompilationUnitEditor" StartDate="2014-08-23 09:54:32.649 JST" StructureHandle="=TA2/src&amp;lt;ta2.listeners.dialog{DOI_CL.java[DOI_CL~case_ACTV_MAIN_ADMIN_LV_OPS~QListItem;" StructureKind="java" NumEvents="6" CreationCount="8"/><InteractionEvent Delta="null" EndDate="2014-08-23 10:01:39.349 JST" Interest="1.0" Kind="selection" Navigation="null" OriginId="org.eclipse.jdt.ui.CompilationUnitEditor" StartDate="2014-08-23 10:01:39.349 JST" StructureHandle="=TA2/src&amp;lt;ta2.listeners.dialog{DB_OCL.java[DB_OCL~case_DLG_CONF_IMPORT_DB_OK" StructureKind="java"/><InteractionEvent Delta="null" EndDate="2014-08-23 10:14:55.224 JST" Interest="308.068" Kind="propagation" Navigation="null" OriginId="org.eclipse.jdt.ui.CompilationUnitEditor" StartDate="2014-08-23 09:54:13.2 JST" StructureHandle="/TA2/src" StructureKind="resource" NumEvents="313" CreationCount="1"/><InteractionEvent Delta="null" EndDate="2014-08-23 10:05:51.521 JST" Interest="7.0" Kind="selection" Navigation="null" OriginId="org.eclipse.jdt.ui.CompilationUnitEditor" StartDate="2014-08-23 09:54:50.136 JST" StructureHandle="=TA2/src&amp;lt;ta2.listeners.dialog{DB_OCL.java" StructureKind="java" NumEvents="7" CreationCount="20"/><InteractionEvent Delta="null" EndDate="2014-08-23 10:01:29.508 JST" Interest="0.61800003" Kind="manipulation" Navigation="null" OriginId="org.eclipse.mylyn.core.model.interest.decay.correction" StartDate="2014-08-23 10:01:29.508 JST" StructureHandle="=TA2/src&amp;lt;ta2.listeners.dialog{DB_OCL.java" StructureKind="java"/><InteractionEvent Delta="null" EndDate="2014-08-23 10:14:55.224 JST" Interest="76.31699" Kind="propagation" Navigation="org.eclipse.mylyn.core.model.edges.containment" OriginId="org.eclipse.mylyn.core.model.interest.propagation" StartDate="2014-08-23 10:01:29.655 JST" StructureHandle="=TA2/src&amp;lt;ta2.listeners.dialog{DB_OCL.java" StructureKind="java" NumEvents="110" CreationCount="20"/><InteractionEvent Delta="null" EndDate="2014-08-23 10:14:55.223 JST" Interest="127.0" Kind="propagation" Navigation="null" OriginId="org.eclipse.jdt.ui.CompilationUnitEditor" StartDate="2014-08-23 09:54:50.136 JST" StructureHandle="/TA2/src/ta2/listeners/dialog/DB_OCL.java" StructureKind="resource" NumEvents="127" CreationCount="20"/><InteractionEvent Delta="null" EndDate="2014-08-23 10:05:24.172 JST" Interest="3.0" Kind="selection" Navigation="null" OriginId="org.eclipse.jdt.ui.CompilationUnitEditor" StartDate="2014-08-23 09:57:09.248 JST" StructureHandle="=TA2/src&amp;lt;ta2.utils{Methods_dlg.java[Methods_dlg~dlg_ShowMessage~QActivity;~QString;~I" StructureKind="java" NumEvents="3" CreationCount="60"/><InteractionEvent Delta="null" EndDate="2014-08-23 09:57:13.741 JST" Interest="3.0" Kind="edit" Navigation="null" OriginId="org.eclipse.jdt.ui.CompilationUnitEditor" StartDate="2014-08-23 09:57:10.422 JST" StructureHandle="=TA2/src&amp;lt;ta2.utils{Methods_dlg.java[Methods_dlg~dlg_ShowMessage~QActivity;~QString;~I" StructureKind="java" NumEvents="3" CreationCount="60"/><InteractionEvent Delta="null" EndDate="2014-08-23 10:14:55.5 JST" Interest="1.0" Kind="propagation" Navigation="org.eclipse.mylyn.core.model.edges.containment" OriginId="org.eclipse.mylyn.core.model.interest.propagation" StartDate="2014-08-23 10:14:55.5 JST" StructureHandle="/TA2/res/values" StructureKind="resource"/><InteractionEvent Delta="null" EndDate="2014-08-23 09:54:24.418 JST" Interest="1.0" Kind="selection" Navigation="null" OriginId="org.eclipse.jdt.ui.PackageExplorer" StartDate="2014-08-23 09:54:24.418 JST" StructureHandle="=TA2/src&amp;lt;ta2.listeners.dialog" StructureKind="java"/><InteractionEvent Delta="null" EndDate="2014-08-23 10:14:55.224 JST" Interest="83.20699" Kind="propagation" Navigation="org.eclipse.mylyn.core.model.edges.containment" OriginId="org.eclipse.mylyn.core.model.interest.propagation" StartDate="2014-08-23 09:54:26.368 JST" StructureHandle="=TA2/src&amp;lt;ta2.listeners.dialog" StructureKind="java" NumEvents="120" CreationCount="4"/><InteractionEvent Delta="null" EndDate="2014-08-23 10:14:55.224 JST" Interest="307.068" Kind="propagation" Navigation="org.eclipse.mylyn.core.model.edges.containment" OriginId="org.eclipse.mylyn.core.model.interest.propagation" StartDate="2014-08-23 09:54:13.2 JST" StructureHandle="=TA2" StructureKind="resource" NumEvents="313" CreationCount="1"/><InteractionEvent Delta="null" EndDate="2014-08-23 10:05:35.3 JST" Interest="1.0" Kind="selection" Navigation="null" OriginId="org.eclipse.ui.views.ContentOutline" StartDate="2014-08-23 10:05:35.3 JST" StructureHandle="=TA2/src&amp;lt;ta2.listeners.dialog{DB_OCL.java%ta2.listeners.dialog" StructureKind="java"/><InteractionEvent Delta="null" EndDate="2014-08-23 10:05:49.248 JST" Interest="169.22101" Kind="propagation" Navigation="null" OriginId="org.eclipse.jdt.ui.CompilationUnitEditor" StartDate="2014-08-23 09:54:17.162 JST" StructureHandle="/TA2/src/ta2/utils" StructureKind="resource" NumEvents="170" CreationCount="2"/><InteractionEvent Delta="null" EndDate="2014-08-23 10:05:49.247 JST" Interest="168.22101" Kind="propagation" Navigation="org.eclipse.mylyn.core.model.edges.containment" OriginId="org.eclipse.mylyn.core.model.interest.propagation" StartDate="2014-08-23 09:54:17.162 JST" StructureHandle="/TA2/src/ta2" StructureKind="resource" NumEvents="174" CreationCount="2"/><InteractionEvent Delta="null" EndDate="2014-08-23 09:54:53.190 JST" Interest="1.0" Kind="selection" Navigation="null" OriginId="org.eclipse.jdt.ui.CompilationUnitEditor" StartDate="2014-08-23 09:54:53.190 JST" StructureHandle="=TA2/src&amp;lt;ta2.listeners.dialog{DB_OCL.java[DB_OCL~onClick~QView;" StructureKind="java"/><InteractionEvent Delta="null" EndDate="2014-08-23 10:09:18.123 JST" Interest="1.0" Kind="prediction" Navigation="null" OriginId="org.eclipse.mylyn.resources.ui.interest.updater" StartDate="2014-08-23 10:09:18.123 JST" StructureHandle="/TA2/bin/classes.dex" StructureKind="resource"/><InteractionEvent Delta="null" EndDate="2014-08-23 10:05:18.710 JST" Interest="13.0" Kind="propagation" Navigation="null" OriginId="org.eclipse.jdt.ui.CompilationUnitEditor" StartDate="2014-08-23 09:54:26.368 JST" StructureHandle="/TA2/src/ta2/listeners/dialog/DOI_CL.java" StructureKind="resource" NumEvents="13" CreationCount="5"/><InteractionEvent Delta="null" EndDate="2014-08-23 10:14:55.5 JST" Interest="1.0" Kind="propagation" Navigation="org.eclipse.mylyn.core.model.edges.containment" OriginId="org.eclipse.mylyn.core.model.interest.propagation" StartDate="2014-08-23 10:14:55.5 JST" StructureHandle="/TA2/res" StructureKind="resource"/><InteractionEvent Delta="null" EndDate="2014-08-23 10:01:25.871 JST" Interest="5.0" Kind="selection" Navigation="null" OriginId="org.eclipse.jdt.ui.CompilationUnitEditor" StartDate="2014-08-23 09:58:29.637 JST" StructureHandle="=TA2/src&amp;lt;ta2.utils{Methods.java[Methods~restore_DB~QActivity;~QString;~QString;~QString;" StructureKind="java" NumEvents="5" CreationCount="82"/><InteractionEvent Delta="null" EndDate="2014-08-23 10:14:55.224 JST" Interest="139.034" Kind="propagation" Navigation="org.eclipse.mylyn.core.model.edges.containment" OriginId="org.eclipse.mylyn.core.model.interest.propagation" StartDate="2014-08-23 09:54:23.861 JST" StructureHandle="/TA2/src/ta2/listeners" StructureKind="resource" NumEvents="142" CreationCount="3"/><InteractionEvent Delta="null" EndDate="2014-08-23 10:09:18.123 JST" Interest="1.0" Kind="prediction" Navigation="null" OriginId="org.eclipse.mylyn.resources.ui.interest.updater" StartDate="2014-08-23 10:09:18.123 JST" StructureHandle="/TA2/bin/TA2.apk" StructureKind="resource"/><InteractionEvent Delta="null" EndDate="2014-08-23 10:14:55.224 JST" Interest="140.017" Kind="propagation" Navigation="null" OriginId="org.eclipse.jdt.ui.CompilationUnitEditor" StartDate="2014-08-23 09:54:24.419 JST" StructureHandle="/TA2/src/ta2/listeners/dialog" StructureKind="resource" NumEvents="141" CreationCount="4"/><InteractionEvent Delta="null" EndDate="2014-08-23 09:54:17.162 JST" Interest="1.0" Kind="selection" Navigation="null" OriginId="org.eclipse.jdt.ui.PackageExplorer" StartDate="2014-08-23 09:54:17.162 JST" StructureHandle="=TA2/src&amp;lt;ta2.utils" StructureKind="java"/><InteractionEvent Delta="null" EndDate="2014-08-23 10:05:41.773 JST" Interest="98.508" Kind="propagation" Navigation="org.eclipse.mylyn.core.model.edges.containment" OriginId="org.eclipse.mylyn.core.model.interest.propagation" StartDate="2014-08-23 09:54:39.704 JST" StructureHandle="=TA2/src&amp;lt;ta2.utils" StructureKind="java" NumEvents="141" CreationCount="2"/><InteractionEvent Delta="null" EndDate="2014-08-23 10:14:55.5 JST" Interest="1.0" Kind="prediction" Navigation="null" OriginId="org.eclipse.mylyn.resources.ui.interest.updater" StartDate="2014-08-23 10:14:55.5 JST" StructureHandle="/TA2/res/values/strings.xml" StructureKind="resource"/><InteractionEvent Delta="null" EndDate="2014-08-23 10:05:41.772 JST" Interest="6.0" Kind="selection" Navigation="null" OriginId="org.eclipse.jdt.ui.CompilationUnitEditor" StartDate="2014-08-23 09:55:02.740 JST" StructureHandle="=TA2/src&amp;lt;ta2.utils{Methods.java" StructureKind="java" NumEvents="6" CreationCount="24"/><InteractionEvent Delta="null" EndDate="2014-08-23 10:01:28.928 JST" Interest="93.134" Kind="propagation" Navigation="org.eclipse.mylyn.core.model.edges.containment" OriginId="org.eclipse.mylyn.core.model.interest.propagation" StartDate="2014-08-23 09:55:12.888 JST" StructureHandle="=TA2/src&amp;lt;ta2.utils{Methods.java" StructureKind="java" NumEvents="131" CreationCount="24"/><InteractionEvent Delta="null" EndDate="2014-08-23 10:05:18.709 JST" Interest="6.2" Kind="propagation" Navigation="org.eclipse.mylyn.core.model.edges.containment" OriginId="org.eclipse.mylyn.core.model.interest.propagation" StartDate="2014-08-23 09:54:31.877 JST" StructureHandle="=TA2/src&amp;lt;ta2.listeners.dialog{DOI_CL.java[DOI_CL" StructureKind="java" NumEvents="8" CreationCount="8"/><InteractionEvent Delta="null" EndDate="2014-08-23 10:05:24.172 JST" Interest="5.848" Kind="propagation" Navigation="org.eclipse.mylyn.core.model.edges.containment" OriginId="org.eclipse.mylyn.core.model.interest.propagation" StartDate="2014-08-23 09:54:40.347 JST" StructureHandle="=TA2/src&amp;lt;ta2.utils{Methods_dlg.java[Methods_dlg" StructureKind="java" NumEvents="7" CreationCount="16"/><InteractionEvent Delta="null" EndDate="2014-08-23 10:14:55.223 JST" Interest="83.90099" Kind="propagation" Navigation="org.eclipse.mylyn.core.model.edges.containment" OriginId="org.eclipse.mylyn.core.model.interest.propagation" StartDate="2014-08-23 09:54:53.191 JST" StructureHandle="=TA2/src&amp;lt;ta2.listeners.dialog{DB_OCL.java[DB_OCL" StructureKind="java" NumEvents="116" CreationCount="22"/><InteractionEvent Delta="null" EndDate="2014-08-23 10:05:24.172 JST" Interest="14.0" Kind="propagation" Navigation="null" OriginId="org.eclipse.jdt.ui.CompilationUnitEditor" StartDate="2014-08-23 09:54:39.703 JST" StructureHandle="/TA2/src/ta2/utils/Methods_dlg.java" StructureKind="resource" NumEvents="14" CreationCount="15"/><InteractionEvent Delta="null" EndDate="2014-08-23 10:14:55.224 JST" Interest="307.068" Kind="propagation" Navigation="org.eclipse.mylyn.core.model.edges.containment" OriginId="org.eclipse.mylyn.core.model.interest.propagation" StartDate="2014-08-23 09:54:13.2 JST" StructureHandle="/" StructureKind="resource" NumEvents="313" CreationCount="1"/><InteractionEvent Delta="null" EndDate="2014-08-23 10:01:07.120 JST" Interest="2.0" Kind="selection" Navigation="null" OriginId="org.eclipse.jdt.ui.CompilationUnitEditor" StartDate="2014-08-23 10:00:34.950 JST" StructureHandle="=TA2/src&amp;lt;ta2.utils{Methods.java[Methods~_import_Patterns__SavePatterns~QActivity;~QList\&amp;lt;QString;&amp;gt;;" StructureKind="java" NumEvents="2" CreationCount="139"/><InteractionEvent Delta="null" EndDate="2014-08-23 10:05:25.580 JST" Interest="11.0" Kind="selection" Navigation="null" OriginId="org.eclipse.jdt.ui.CompilationUnitEditor" StartDate="2014-08-23 09:55:03.386 JST" StructureHandle="=TA2/src&amp;lt;ta2.utils{Methods.java[Methods~import_Patterns~QActivity;" StructureKind="java" NumEvents="11" CreationCount="26"/><InteractionEvent Delta="null" EndDate="2014-08-23 10:01:28.927 JST" Interest="123.0" Kind="edit" Navigation="null" OriginId="org.eclipse.jdt.ui.CompilationUnitEditor" StartDate="2014-08-23 09:55:04.369 JST" StructureHandle="=TA2/src&amp;lt;ta2.utils{Methods.java[Methods~import_Patterns~QActivity;" StructureKind="java" NumEvents="123" CreationCount="26"/><InteractionEvent Delta="null" EndDate="2014-08-23 10:05:18.555 JST" Interest="4.0" Kind="selection" Navigation="null" OriginId="org.eclipse.jdt.ui.CompilationUnitEditor" StartDate="2014-08-23 09:54:26.367 JST" StructureHandle="=TA2/src&amp;lt;ta2.listeners.dialog{DOI_CL.java" StructureKind="java" NumEvents="4" CreationCount="5"/><InteractionEvent Delta="null" EndDate="2014-08-23 09:54:36.882 JST" Interest="3.2509995" Kind="propagation" Navigation="org.eclipse.mylyn.core.model.edges.containment" OriginId="org.eclipse.mylyn.core.model.interest.propagation" StartDate="2014-08-23 09:54:32.668 JST" StructureHandle="=TA2/src&amp;lt;ta2.listeners.dialog{DOI_CL.java" StructureKind="java" NumEvents="5" CreationCount="5"/><InteractionEvent Delta="null" EndDate="2014-08-23 10:09:18.123 JST" Interest="1.0" Kind="propagation" Navigation="org.eclipse.mylyn.core.model.edges.containment" OriginId="org.eclipse.mylyn.core.model.interest.propagation" StartDate="2014-08-23 10:09:18.123 JST" StructureHandle="/TA2/bin" StructureKind="resource"/><InteractionEvent Delta="null" EndDate="2014-08-23 09:54:13.1 JST" Interest="1.0" Kind="selection" Navigation="null" OriginId="org.eclipse.jdt.ui.PackageExplorer" StartDate="2014-08-23 09:54:13.1 JST" StructureHandle="=TA2/src" StructureKind="java"/><InteractionEvent Delta="null" EndDate="2014-08-23 10:05:44.989 JST" Interest="98.52501" Kind="propagation" Navigation="org.eclipse.mylyn.core.model.edges.containment" OriginId="org.eclipse.mylyn.core.model.interest.propagation" StartDate="2014-08-23 09:54:17.163 JST" StructureHandle="=TA2/src" StructureKind="java" NumEvents="147" CreationCount="1"/><InteractionEvent Delta="null" EndDate="2014-08-23 09:56:09.197 JST" Interest="1.0" Kind="selection" Navigation="null" OriginId="org.eclipse.jdt.ui.CompilationUnitEditor" StartDate="2014-08-23 09:56:09.197 JST" StructureHandle="=TA2/src&amp;lt;ta2.utils{Methods.java[Methods" StructureKind="java"/><InteractionEvent Delta="null" EndDate="2014-08-23 10:05:25.581 JST" Interest="96.1" Kind="propagation" Navigation="org.eclipse.mylyn.core.model.edges.containment" OriginId="org.eclipse.mylyn.core.model.interest.propagation" StartDate="2014-08-23 09:55:03.386 JST" StructureHandle="=TA2/src&amp;lt;ta2.utils{Methods.java[Methods" StructureKind="java" NumEvents="133" CreationCount="26"/><InteractionEvent Delta="null" EndDate="2014-08-23 10:05:24.31 JST" Interest="4.0" Kind="selection" Navigation="null" OriginId="org.eclipse.jdt.ui.CompilationUnitEditor" StartDate="2014-08-23 09:54:39.703 JST" StructureHandle="=TA2/src&amp;lt;ta2.utils{Methods_dlg.java" StructureKind="java" NumEvents="4" CreationCount="15"/><InteractionEvent Delta="null" EndDate="2014-08-23 10:05:24.172 JST" Interest="1.865" Kind="propagation" Navigation="org.eclipse.mylyn.core.model.edges.containment" OriginId="org.eclipse.mylyn.core.model.interest.propagation" StartDate="2014-08-23 09:54:40.348 JST" StructureHandle="=TA2/src&amp;lt;ta2.utils{Methods_dlg.java" StructureKind="java" NumEvents="5" CreationCount="15"/><InteractionEvent Delta="null" EndDate="2014-08-23 10:11:29.859 JST" Interest="2.0" Kind="selection" Navigation="null" OriginId="org.eclipse.jdt.ui.CompilationUnitEditor" StartDate="2014-08-23 10:08:18.782 JST" StructureHandle="=TA2/src&amp;lt;ta2.listeners.dialog{DB_OCL.java[DB_OCL~case_GENERIC_CLEAR_SECOND_DIALOG" StructureKind="java" NumEvents="2" CreationCount="269"/><InteractionEvent Delta="null" EndDate="2014-08-23 09:54:23.861 JST" Interest="1.0" Kind="selection" Navigation="null" OriginId="org.eclipse.jdt.ui.PackageExplorer" StartDate="2014-08-23 09:54:23.861 JST" StructureHandle="=TA2/src&amp;lt;ta2.listeners" StructureKind="java"/><InteractionEvent Delta="null" EndDate="2014-08-23 10:05:41.923 JST" Interest="3.0" Kind="selection" Navigation="null" OriginId="org.eclipse.jdt.ui.CompilationUnitEditor" StartDate="2014-08-23 10:05:27.654 JST" StructureHandle="=TA2/src&amp;lt;ta2.utils{Methods.java[Methods~createTable_Patterns~QActivity;~QDialog;~QDialog;~QDialog;" StructureKind="java" NumEvents="3" CreationCount="195"/><InteractionEvent Delta="null" EndDate="2014-08-23 10:05:49.246 JST" Interest="3.0" Kind="edit" Navigation="null" OriginId="org.eclipse.jdt.ui.CompilationUnitEditor" StartDate="2014-08-23 10:05:44.987 JST" StructureHandle="=TA2/src&amp;lt;ta2.utils{Methods.java[Methods~createTable_Patterns~QActivity;~QDialog;~QDialog;~QDialog;" StructureKind="java" NumEvents="3" CreationCount="195"/><InteractionEvent Delta="null" EndDate="2014-08-23 10:05:49.247 JST" Interest="155.0" Kind="propagation" Navigation="null" OriginId="org.eclipse.jdt.ui.CompilationUnitEditor" StartDate="2014-08-23 09:55:02.740 JST" StructureHandle="/TA2/src/ta2/utils/Methods.java" StructureKind="resource" NumEvents="155" CreationCount="24"/><InteractionEvent Delta="null" EndDate="2014-08-23 09:54:30.288 JST" Interest="1.0" Kind="selection" Navigation="null" OriginId="org.eclipse.ui.views.ContentOutline" StartDate="2014-08-23 09:54:30.288 JST" StructureHandle="=TA2/src&amp;lt;ta2.listeners.dialog{DOI_CL.java%ta2.listeners.dialog" StructureKind="java"/><InteractionEvent Delta="null" EndDate="2014-08-23 10:11:30.816 JST" Interest="6.0" Kind="selection" Navigation="null" OriginId="org.eclipse.jdt.ui.CompilationUnitEditor" StartDate="2014-08-23 09:54:54.75 JST" StructureHandle="=TA2/src&amp;lt;ta2.listeners.dialog{DB_OCL.java[DB_OCL~case_DLG_CONF_IMPORT_PATTERNS_OK" StructureKind="java" NumEvents="6" CreationCount="23"/><InteractionEvent Delta="null" EndDate="2014-08-23 10:01:29.654 JST" Interest="1.5840001" Kind="manipulation" Navigation="null" OriginId="org.eclipse.mylyn.core.model.interest.decay.correction" StartDate="2014-08-23 10:01:29.654 JST" StructureHandle="=TA2/src&amp;lt;ta2.listeners.dialog{DB_OCL.java[DB_OCL~case_DLG_CONF_IMPORT_PATTERNS_OK" StructureKind="java"/><InteractionEvent Delta="null" EndDate="2014-08-23 10:14:55.223 JST" Interest="109.0" Kind="edit" Navigation="null" OriginId="org.eclipse.jdt.ui.CompilationUnitEditor" StartDate="2014-08-23 10:01:31.505 JST" StructureHandle="=TA2/src&amp;lt;ta2.listeners.dialog{DB_OCL.java[DB_OCL~case_DLG_CONF_IMPORT_PATTERNS_OK" StructureKind="java" NumEvents="109" CreationCount="23"/></InteractionHistory>