<?xml version="1.0" encoding="UTF-8"?><InteractionHistory Id="local-127" Version="1"><InteractionEvent Delta="null" EndDate="2014-10-05 11:11:51.671 JST" Interest="4.0" Kind="selection" Navigation="null" OriginId="org.eclipse.jdt.ui.CompilationUnitEditor" StartDate="2014-10-05 11:00:17.197 JST" StructureHandle="=IFM11/src&amp;lt;ifm11.utils{DBUtils.java[DBUtils~onCreate~QSQLiteDatabase;" StructureKind="java" NumEvents="4" CreationCount="560"/><InteractionEvent Delta="null" EndDate="2014-10-05 12:02:39.560 JST" Interest="941.03394" Kind="propagation" Navigation="org.eclipse.mylyn.core.model.edges.containment" OriginId="org.eclipse.mylyn.core.model.interest.propagation" StartDate="2014-10-05 09:24:50.712 JST" StructureHandle="" StructureKind="java" NumEvents="945" CreationCount="4"/><InteractionEvent Delta="null" EndDate="2014-10-05 12:02:31.669 JST" Interest="3.0" Kind="selection" Navigation="null" OriginId="org.eclipse.jdt.ui.CompilationUnitEditor" StartDate="2014-10-05 12:02:28.699 JST" StructureHandle="=IFM11/src&amp;lt;ifm11.utils{DBUtils.java[DBUtils~getNumOfEntries~QActivity;~QString;" StructureKind="java" NumEvents="3" CreationCount="1144"/><InteractionEvent Delta="null" EndDate="2014-10-05 10:32:07.711 JST" Interest="1.0" Kind="propagation" Navigation="null" OriginId="org.eclipse.ui.views.ResourceNavigator" StartDate="2014-10-05 10:32:07.711 JST" StructureHandle="/IFM11/src/ifm11/comps" StructureKind="resource"/><InteractionEvent Delta="null" EndDate="2014-10-05 12:02:25.834 JST" Interest="762.0" Kind="propagation" Navigation="null" OriginId="org.eclipse.ui.views.ContentOutline" StartDate="2014-10-05 09:27:01.721 JST" StructureHandle="/IFM11/src/ifm11/main/CV.java" StructureKind="resource" NumEvents="762" CreationCount="7"/><InteractionEvent Delta="null" EndDate="2014-10-05 11:18:39.721 JST" Interest="2.0" Kind="prediction" Navigation="null" OriginId="org.eclipse.mylyn.resources.ui.interest.updater" StartDate="2014-10-05 10:38:29.310 JST" StructureHandle="/IFM11/bin/resources.ap_" StructureKind="resource" NumEvents="2" CreationCount="350"/><InteractionEvent Delta="null" EndDate="2014-10-05 12:04:31.342 JST" Interest="174.034" Kind="propagation" Navigation="org.eclipse.mylyn.core.model.edges.containment" OriginId="org.eclipse.mylyn.core.model.interest.propagation" StartDate="2014-10-05 10:32:14.869 JST" StructureHandle="/TA2/src/ta2" StructureKind="resource" NumEvents="176" CreationCount="265"/><InteractionEvent Delta="null" EndDate="2014-10-05 09:33:06.296 JST" Interest="3.0" Kind="selection" Navigation="null" OriginId="org.eclipse.jdt.ui.CompilationUnitEditor" StartDate="2014-10-05 09:33:02.664 JST" StructureHandle="=IFM11/src&amp;lt;ifm11.utils{DBUtils.java[DBUtils~exec_Sql~QActivity;~QString;" StructureKind="java" NumEvents="3" CreationCount="71"/><InteractionEvent Delta="null" EndDate="2014-10-05 12:02:39.558 JST" Interest="177.0" Kind="propagation" Navigation="null" OriginId="org.eclipse.jdt.ui.CompilationUnitEditor" StartDate="2014-10-05 09:32:58.51 JST" StructureHandle="/IFM11/src/ifm11/utils/DBUtils.java" StructureKind="resource" NumEvents="177" CreationCount="68"/><InteractionEvent Delta="null" EndDate="2014-10-05 10:30:10.17 JST" Interest="1.0" Kind="selection" Navigation="null" OriginId="org.eclipse.jdt.ui.PackageExplorer" StartDate="2014-10-05 10:30:10.17 JST" StructureHandle="/IFM11/README.md" StructureKind="resource"/><InteractionEvent Delta="null" EndDate="2014-10-05 11:48:45.737 JST" Interest="1.0" Kind="edit" Navigation="null" OriginId="org.eclipse.jdt.ui.CompilationUnitEditor" StartDate="2014-10-05 11:48:45.737 JST" StructureHandle="=IFM11/src&amp;lt;ifm11.utils{DBUtils.java" StructureKind="java"/><InteractionEvent Delta="null" EndDate="2014-10-05 11:00:05.20 JST" Interest="17.943003" Kind="propagation" Navigation="org.eclipse.mylyn.core.model.edges.containment" OriginId="org.eclipse.mylyn.core.model.interest.propagation" StartDate="2014-10-05 09:33:06.294 JST" StructureHandle="=IFM11/src&amp;lt;ifm11.utils{DBUtils.java" StructureKind="java" NumEvents="30" CreationCount="68"/><InteractionEvent Delta="null" EndDate="2014-10-05 12:02:20.384 JST" Interest="42.0" Kind="selection" Navigation="null" OriginId="org.eclipse.jdt.ui.CompilationUnitEditor" StartDate="2014-10-05 09:32:58.50 JST" StructureHandle="=IFM11/src&amp;lt;ifm11.utils{DBUtils.java" StructureKind="java" NumEvents="42" CreationCount="68"/><InteractionEvent Delta="null" EndDate="2014-10-05 11:23:19.454 JST" Interest="10.832001" Kind="manipulation" Navigation="null" OriginId="org.eclipse.mylyn.core.model.interest.decay.correction" StartDate="2014-10-05 11:23:19.454 JST" StructureHandle="=IFM11/src&amp;lt;ifm11.main{CV.java[CV~getType~QUri;" StructureKind="java"/><InteractionEvent Delta="null" EndDate="2014-10-05 11:23:19.466 JST" Interest="1.0" Kind="edit" Navigation="null" OriginId="org.eclipse.jdt.ui.CompilationUnitEditor" StartDate="2014-10-05 11:23:19.466 JST" StructureHandle="=IFM11/src&amp;lt;ifm11.main{CV.java[CV~getType~QUri;" StructureKind="java"/><InteractionEvent Delta="null" EndDate="2014-10-05 11:23:19.454 JST" Interest="2.0" Kind="selection" Navigation="null" OriginId="org.eclipse.jdt.ui.CompilationUnitEditor" StartDate="2014-10-05 09:27:04.755 JST" StructureHandle="=IFM11/src&amp;lt;ifm11.main{CV.java[CV~getType~QUri;" StructureKind="java" NumEvents="2" CreationCount="10"/><InteractionEvent Delta="null" EndDate="2014-10-05 11:38:24.478 JST" Interest="11.104001" Kind="manipulation" Navigation="null" OriginId="org.eclipse.mylyn.core.model.interest.decay.correction" StartDate="2014-10-05 11:38:24.478 JST" StructureHandle="=IFM11/src&amp;lt;ifm11.main{CV.java[CV~delete~QUri;~QString;~\[QString;" StructureKind="java"/><InteractionEvent Delta="null" EndDate="2014-10-05 11:38:24.491 JST" Interest="1.0" Kind="edit" Navigation="null" OriginId="org.eclipse.jdt.ui.CompilationUnitEditor" StartDate="2014-10-05 11:38:24.491 JST" StructureHandle="=IFM11/src&amp;lt;ifm11.main{CV.java[CV~delete~QUri;~QString;~\[QString;" StructureKind="java"/><InteractionEvent Delta="null" EndDate="2014-10-05 11:38:24.478 JST" Interest="2.0" Kind="selection" Navigation="null" OriginId="org.eclipse.jdt.ui.CompilationUnitEditor" StartDate="2014-10-05 09:27:08.12 JST" StructureHandle="=IFM11/src&amp;lt;ifm11.main{CV.java[CV~delete~QUri;~QString;~\[QString;" StructureKind="java" NumEvents="2" CreationCount="11"/><InteractionEvent Delta="null" EndDate="2014-10-05 12:02:25.836 JST" Interest="302.325" Kind="propagation" Navigation="org.eclipse.mylyn.core.model.edges.containment" OriginId="org.eclipse.mylyn.core.model.interest.propagation" StartDate="2014-10-05 09:27:01.927 JST" StructureHandle="=IFM11/src&amp;lt;ifm11.main" StructureKind="java" NumEvents="438" CreationCount="6"/><InteractionEvent Delta="null" EndDate="2014-10-05 09:26:38.743 JST" Interest="2.0" Kind="selection" Navigation="null" OriginId="org.eclipse.jdt.ui.PackageExplorer" StartDate="2014-10-05 09:24:57.262 JST" StructureHandle="=IFM11/src&amp;lt;ifm11.main" StructureKind="java" NumEvents="2" CreationCount="6"/><InteractionEvent Delta="null" EndDate="2014-10-05 12:04:31.342 JST" Interest="100.257" Kind="propagation" Navigation="org.eclipse.mylyn.core.model.edges.containment" OriginId="org.eclipse.mylyn.core.model.interest.propagation" StartDate="2014-10-05 10:32:20.750 JST" StructureHandle="=TA2/src&amp;lt;ta2.main" StructureKind="java" NumEvents="150" CreationCount="266"/><InteractionEvent Delta="null" EndDate="2014-10-05 10:32:17.396 JST" Interest="1.0" Kind="selection" Navigation="null" OriginId="org.eclipse.ui.views.ResourceNavigator" StartDate="2014-10-05 10:32:17.396 JST" StructureHandle="=TA2/src&amp;lt;ta2.main" StructureKind="java"/><InteractionEvent Delta="null" EndDate="2014-10-05 12:02:39.558 JST" Interest="177.017" Kind="propagation" Navigation="org.eclipse.mylyn.core.model.edges.containment" OriginId="org.eclipse.mylyn.core.model.interest.propagation" StartDate="2014-10-05 09:32:56.687 JST" StructureHandle="/IFM11/src/ifm11/utils" StructureKind="resource" NumEvents="178" CreationCount="67"/><InteractionEvent Delta="null" EndDate="2014-10-05 10:38:29.311 JST" Interest="2.904" Kind="propagation" Navigation="org.eclipse.mylyn.core.model.edges.containment" OriginId="org.eclipse.mylyn.core.model.interest.propagation" StartDate="2014-10-05 10:30:38.791 JST" StructureHandle="/IFM11/bin" StructureKind="resource" NumEvents="2" CreationCount="238"/><InteractionEvent Delta="null" EndDate="2014-10-05 12:04:31.341 JST" Interest="100.206" Kind="propagation" Navigation="org.eclipse.mylyn.core.model.edges.containment" OriginId="org.eclipse.mylyn.core.model.interest.propagation" StartDate="2014-10-05 10:32:24.94 JST" StructureHandle="=TA2/src&amp;lt;ta2.main{MainActv.java[MainActv" StructureKind="java" NumEvents="138" CreationCount="269"/><InteractionEvent Delta="null" EndDate="2014-10-05 12:02:48.467 JST" Interest="1.0" Kind="selection" Navigation="null" OriginId="org.eclipse.jdt.ui.CompilationUnitEditor" StartDate="2014-10-05 12:02:48.467 JST" StructureHandle="=TA2/src&amp;lt;ta2.main{MainActv.java[MainActv" StructureKind="java"/><InteractionEvent Delta="null" EndDate="2014-10-05 12:03:35.734 JST" Interest="5.0" Kind="prediction" Navigation="null" OriginId="org.eclipse.mylyn.resources.ui.interest.updater" StartDate="2014-10-05 10:37:20.367 JST" StructureHandle="/TA2/bin/TA2.apk" StructureKind="resource" NumEvents="5" CreationCount="344"/><InteractionEvent Delta="null" EndDate="2014-10-05 09:30:35.71 JST" Interest="1.0" Kind="edit" Navigation="null" OriginId="org.eclipse.jdt.ui.CompilationUnitEditor" StartDate="2014-10-05 09:30:35.71 JST" StructureHandle="=IFM11/src&amp;lt;ifm11.main{CV.java[CV~insert~QUri;~QContentValues;" StructureKind="java"/><InteractionEvent Delta="null" EndDate="2014-10-05 09:30:34.293 JST" Interest="1.0" Kind="selection" Navigation="null" OriginId="org.eclipse.jdt.ui.CompilationUnitEditor" StartDate="2014-10-05 09:30:34.293 JST" StructureHandle="=IFM11/src&amp;lt;ifm11.main{CV.java[CV~insert~QUri;~QContentValues;" StructureKind="java"/><InteractionEvent Delta="null" EndDate="2014-10-05 10:55:17.629 JST" Interest="1.0" Kind="edit" Navigation="null" OriginId="org.eclipse.jdt.ui.CompilationUnitEditor" StartDate="2014-10-05 10:55:17.629 JST" StructureHandle="=IFM11/src&amp;lt;ifm11.utils{DBUtils.java[DBUtils" StructureKind="java"/><InteractionEvent Delta="null" EndDate="2014-10-05 12:02:25.849 JST" Interest="33.428" Kind="propagation" Navigation="org.eclipse.mylyn.core.model.edges.containment" OriginId="org.eclipse.mylyn.core.model.interest.propagation" StartDate="2014-10-05 09:33:02.665 JST" StructureHandle="=IFM11/src&amp;lt;ifm11.utils{DBUtils.java[DBUtils" StructureKind="java" NumEvents="44" CreationCount="71"/><InteractionEvent Delta="null" EndDate="2014-10-05 10:59:43.337 JST" Interest="5.0" Kind="selection" Navigation="null" OriginId="org.eclipse.jdt.ui.CompilationUnitEditor" StartDate="2014-10-05 10:53:06.436 JST" StructureHandle="=IFM11/src&amp;lt;ifm11.utils{DBUtils.java[DBUtils" StructureKind="java" NumEvents="5" CreationCount="71"/><InteractionEvent Delta="null" EndDate="2014-10-05 11:56:48.367 JST" Interest="12.0" Kind="edit" Navigation="null" OriginId="org.eclipse.jdt.ui.CompilationUnitEditor" StartDate="2014-10-05 11:48:50.834 JST" StructureHandle="=IFM11/src&amp;lt;ifm11.main{CV.java[CV[DatabaseHelper~onCreate~QSQLiteDatabase;" StructureKind="java" NumEvents="12" CreationCount="832"/><InteractionEvent Delta="null" EndDate="2014-10-05 11:56:48.365 JST" Interest="3.0" Kind="selection" Navigation="null" OriginId="org.eclipse.jdt.ui.CompilationUnitEditor" StartDate="2014-10-05 11:48:50.830 JST" StructureHandle="=IFM11/src&amp;lt;ifm11.main{CV.java[CV[DatabaseHelper~onCreate~QSQLiteDatabase;" StructureKind="java" NumEvents="3" CreationCount="832"/><InteractionEvent Delta="null" EndDate="2014-10-05 11:56:40.515 JST" Interest="105.0" Kind="edit" Navigation="null" OriginId="org.eclipse.jdt.ui.CompilationUnitEditor" StartDate="2014-10-05 09:30:02.860 JST" StructureHandle="=IFM11/src&amp;lt;ifm11.main{CV.java[CV~onCreate" StructureKind="java" NumEvents="105" CreationCount="13"/><InteractionEvent Delta="null" EndDate="2014-10-05 11:56:36.376 JST" Interest="21.0" Kind="selection" Navigation="null" OriginId="org.eclipse.jdt.ui.CompilationUnitEditor" StartDate="2014-10-05 09:29:55.32 JST" StructureHandle="=IFM11/src&amp;lt;ifm11.main{CV.java[CV~onCreate" StructureKind="java" NumEvents="21" CreationCount="13"/><InteractionEvent Delta="null" EndDate="2014-10-05 12:02:39.558 JST" Interest="940.03394" Kind="propagation" Navigation="org.eclipse.mylyn.core.model.edges.containment" OriginId="org.eclipse.mylyn.core.model.interest.propagation" StartDate="2014-10-05 09:24:54.161 JST" StructureHandle="=IFM11" StructureKind="resource" NumEvents="944" CreationCount="4"/><InteractionEvent Delta="null" EndDate="2014-10-05 09:24:50.712 JST" Interest="1.0" Kind="selection" Navigation="null" OriginId="org.eclipse.jdt.ui.PackageExplorer" StartDate="2014-10-05 09:24:50.712 JST" StructureHandle="=IFM11" StructureKind="java"/><InteractionEvent Delta="null" EndDate="2014-10-05 09:32:53.784 JST" Interest="1.0" Kind="propagation" Navigation="null" OriginId="org.eclipse.jdt.ui.PackageExplorer" StartDate="2014-10-05 09:32:53.784 JST" StructureHandle="/IFM11/src/ifm11/tasks" StructureKind="resource"/><InteractionEvent Delta="null" EndDate="2014-10-05 12:02:20.384 JST" Interest="59.660004" Kind="propagation" Navigation="org.eclipse.mylyn.core.model.edges.containment" OriginId="org.eclipse.mylyn.core.model.interest.propagation" StartDate="2014-10-05 09:32:58.51 JST" StructureHandle="=IFM11/src&amp;lt;ifm11.utils" StructureKind="java" NumEvents="79" CreationCount="67"/><InteractionEvent Delta="null" EndDate="2014-10-05 09:32:56.687 JST" Interest="1.0" Kind="selection" Navigation="null" OriginId="org.eclipse.jdt.ui.PackageExplorer" StartDate="2014-10-05 09:32:56.687 JST" StructureHandle="=IFM11/src&amp;lt;ifm11.utils" StructureKind="java"/><InteractionEvent Delta="null" EndDate="2014-10-05 12:02:41.489 JST" Interest="1012.0" Kind="propagation" Navigation="null" OriginId="com.android.ide.eclipse.editors.manifest.ManifestEditor" StartDate="2014-10-05 09:24:49.265 JST" StructureHandle="/" StructureKind="resource" NumEvents="1012" CreationCount="1"/><InteractionEvent Delta="null" EndDate="2014-10-05 11:12:14.889 JST" Interest="2.0" Kind="prediction" Navigation="null" OriginId="org.eclipse.mylyn.resources.ui.interest.updater" StartDate="2014-10-05 10:30:38.791 JST" StructureHandle="/IFM11/bin/AndroidManifest.xml" StructureKind="resource" NumEvents="2" CreationCount="238"/><InteractionEvent Delta="null" EndDate="2014-10-05 12:02:39.557 JST" Interest="32.0" Kind="edit" Navigation="null" OriginId="org.eclipse.jdt.ui.CompilationUnitEditor" StartDate="2014-10-05 09:33:06.750 JST" StructureHandle="=IFM11/src&amp;lt;ifm11.utils{DBUtils.java[DBUtils~find_All_TI~QActivity;~QString;" StructureKind="java" NumEvents="32" CreationCount="72"/><InteractionEvent Delta="null" EndDate="2014-10-05 12:02:31.691 JST" Interest="15.0" Kind="selection" Navigation="null" OriginId="org.eclipse.jdt.ui.CompilationUnitEditor" StartDate="2014-10-05 09:33:06.128 JST" StructureHandle="=IFM11/src&amp;lt;ifm11.utils{DBUtils.java[DBUtils~find_All_TI~QActivity;~QString;" StructureKind="java" NumEvents="15" CreationCount="72"/><InteractionEvent Delta="null" EndDate="2014-10-05 10:47:15.826 JST" Interest="2.0" Kind="propagation" Navigation="org.eclipse.mylyn.core.model.edges.containment" OriginId="org.eclipse.mylyn.core.model.interest.propagation" StartDate="2014-10-05 10:37:20.367 JST" StructureHandle="/TA2/bin" StructureKind="resource" NumEvents="2" CreationCount="344"/><InteractionEvent Delta="null" EndDate="2014-10-05 12:02:41.489 JST" Interest="1009.0" Kind="propagation" Navigation="null" OriginId="com.android.ide.eclipse.editors.manifest.ManifestEditor" StartDate="2014-10-05 09:24:50.712 JST" StructureHandle="/IFM11" StructureKind="resource" NumEvents="1009" CreationCount="4"/><InteractionEvent Delta="null" EndDate="2014-10-05 11:52:37.601 JST" Interest="1.0" Kind="edit" Navigation="null" OriginId="org.eclipse.jdt.ui.CompilationUnitEditor" StartDate="2014-10-05 11:52:37.601 JST" StructureHandle="=IFM11/src&amp;lt;ifm11.main{CV.java[CV^db" StructureKind="java"/><InteractionEvent Delta="null" EndDate="2014-10-05 11:52:37.597 JST" Interest="1.0" Kind="selection" Navigation="null" OriginId="org.eclipse.jdt.ui.CompilationUnitEditor" StartDate="2014-10-05 11:52:37.597 JST" StructureHandle="=IFM11/src&amp;lt;ifm11.main{CV.java[CV^db" StructureKind="java"/><InteractionEvent Delta="null" EndDate="2014-10-05 11:56:56.905 JST" Interest="6.0" Kind="prediction" Navigation="null" OriginId="org.eclipse.mylyn.resources.ui.interest.updater" StartDate="2014-10-05 10:38:29.310 JST" StructureHandle="/IFM11/bin/IFM11.apk" StructureKind="resource" NumEvents="6" CreationCount="350"/><InteractionEvent Delta="null" EndDate="2014-10-05 12:04:31.342 JST" Interest="174.017" Kind="propagation" Navigation="org.eclipse.mylyn.core.model.edges.containment" OriginId="org.eclipse.mylyn.core.model.interest.propagation" StartDate="2014-10-05 10:32:17.397 JST" StructureHandle="/TA2/src/ta2/main" StructureKind="resource" NumEvents="175" CreationCount="266"/><InteractionEvent Delta="null" EndDate="2014-10-05 10:57:51.940 JST" Interest="4.0" Kind="edit" Navigation="null" OriginId="org.eclipse.jdt.ui.CompilationUnitEditor" StartDate="2014-10-05 10:57:45.621 JST" StructureHandle="=IFM11/src&amp;lt;ifm11.main{CV.java[CV^con" StructureKind="java" NumEvents="4" CreationCount="521"/><InteractionEvent Delta="null" EndDate="2014-10-05 10:57:44.852 JST" Interest="1.0" Kind="selection" Navigation="null" OriginId="org.eclipse.jdt.ui.CompilationUnitEditor" StartDate="2014-10-05 10:57:44.852 JST" StructureHandle="=IFM11/src&amp;lt;ifm11.main{CV.java[CV^actv!2" StructureKind="java"/><InteractionEvent Delta="null" EndDate="2014-10-05 11:56:56.905 JST" Interest="6.0" Kind="prediction" Navigation="null" OriginId="org.eclipse.mylyn.resources.ui.interest.updater" StartDate="2014-10-05 10:38:29.311 JST" StructureHandle="/IFM11/bin/classes.dex" StructureKind="resource" NumEvents="6" CreationCount="350"/><InteractionEvent Delta="null" EndDate="2014-10-05 10:32:13.845 JST" Interest="2.4710002" Kind="manipulation" Navigation="null" OriginId="org.eclipse.mylyn.core.model.interest.decay.correction" StartDate="2014-10-05 10:32:13.845 JST" StructureHandle="/TA2/src" StructureKind="resource"/><InteractionEvent Delta="null" EndDate="2014-10-05 12:04:31.342 JST" Interest="176.051" Kind="propagation" Navigation="org.eclipse.mylyn.core.model.edges.containment" OriginId="org.eclipse.mylyn.core.model.interest.propagation" StartDate="2014-10-05 09:24:49.265 JST" StructureHandle="/TA2/src" StructureKind="resource" NumEvents="179" CreationCount="1"/><InteractionEvent Delta="null" EndDate="2014-10-05 10:32:10.156 JST" Interest="1.4370003" Kind="manipulation" Navigation="null" OriginId="org.eclipse.mylyn.core.model.interest.decay.correction" StartDate="2014-10-05 10:32:10.156 JST" StructureHandle="=TA2" StructureKind="java"/><InteractionEvent Delta="null" EndDate="2014-10-05 12:04:31.342 JST" Interest="175.08499" Kind="propagation" Navigation="org.eclipse.mylyn.core.model.edges.containment" OriginId="org.eclipse.mylyn.core.model.interest.propagation" StartDate="2014-10-05 09:24:49.265 JST" StructureHandle="=TA2" StructureKind="resource" NumEvents="179" CreationCount="1"/><InteractionEvent Delta="null" EndDate="2014-10-05 10:32:10.156 JST" Interest="2.0" Kind="selection" Navigation="null" OriginId="org.eclipse.ui.views.ResourceNavigator" StartDate="2014-10-05 09:24:49.443 JST" StructureHandle="=TA2" StructureKind="java" NumEvents="2" CreationCount="1"/><InteractionEvent Delta="null" EndDate="2014-10-05 09:34:19.277 JST" Interest="1.0" Kind="selection" Navigation="null" OriginId="org.eclipse.jdt.ui.CompilationUnitEditor" StartDate="2014-10-05 09:34:19.277 JST" StructureHandle="=IFM11/src&amp;lt;ifm11.main{CV.java#ifm11.utils.CONS" StructureKind="java"/><InteractionEvent Delta="null" EndDate="2014-10-05 11:52:34.162 JST" Interest="2.0" Kind="edit" Navigation="null" OriginId="org.eclipse.jdt.ui.CompilationUnitEditor" StartDate="2014-10-05 11:22:01.509 JST" StructureHandle="=IFM11/src&amp;lt;ifm11.main{CV.java" StructureKind="java" NumEvents="2" CreationCount="7"/><InteractionEvent Delta="null" EndDate="2014-10-05 12:02:25.835 JST" Interest="259.908" Kind="propagation" Navigation="org.eclipse.mylyn.core.model.edges.containment" OriginId="org.eclipse.mylyn.core.model.interest.propagation" StartDate="2014-10-05 09:27:01.721 JST" StructureHandle="=IFM11/src&amp;lt;ifm11.main{CV.java" StructureKind="java" NumEvents="379" CreationCount="7"/><InteractionEvent Delta="null" EndDate="2014-10-05 11:58:19.608 JST" Interest="43.0" Kind="selection" Navigation="null" OriginId="org.eclipse.jdt.ui.CompilationUnitEditor" StartDate="2014-10-05 09:27:01.926 JST" StructureHandle="=IFM11/src&amp;lt;ifm11.main{CV.java" StructureKind="java" NumEvents="43" CreationCount="7"/><InteractionEvent Delta="null" EndDate="2014-10-05 11:38:27.78 JST" Interest="17.0" Kind="edit" Navigation="null" OriginId="org.eclipse.jdt.ui.CompilationUnitEditor" StartDate="2014-10-05 10:28:39.753 JST" StructureHandle="=IFM11/src&amp;lt;ifm11.main{CV.java[CV^AUTHORITY" StructureKind="java" NumEvents="17" CreationCount="221"/><InteractionEvent Delta="null" EndDate="2014-10-05 11:38:25.833 JST" Interest="12.0" Kind="selection" Navigation="null" OriginId="org.eclipse.jdt.ui.CompilationUnitEditor" StartDate="2014-10-05 10:28:22.464 JST" StructureHandle="=IFM11/src&amp;lt;ifm11.main{CV.java[CV^AUTHORITY" StructureKind="java" NumEvents="12" CreationCount="221"/><InteractionEvent Delta="null" EndDate="2014-10-05 11:14:51.128 JST" Interest="1.0" Kind="selection" Navigation="null" OriginId="org.eclipse.jdt.ui.CompilationUnitEditor" StartDate="2014-10-05 11:14:51.128 JST" StructureHandle="=IFM11/src&amp;lt;ifm11.main{CV.java#java.util.Locale" StructureKind="java"/><InteractionEvent Delta="null" EndDate="2014-10-05 11:50:47.755 JST" Interest="28.0" Kind="edit" Navigation="null" OriginId="org.eclipse.jdt.ui.CompilationUnitEditor" StartDate="2014-10-05 11:48:48.409 JST" StructureHandle="=IFM11/src&amp;lt;ifm11.main{CV.java[CV[DatabaseHelper~DatabaseHelper~QContext;~QString;" StructureKind="java" NumEvents="28" CreationCount="830"/><InteractionEvent Delta="null" EndDate="2014-10-05 11:50:25.652 JST" Interest="4.0" Kind="selection" Navigation="null" OriginId="org.eclipse.jdt.ui.CompilationUnitEditor" StartDate="2014-10-05 11:48:48.405 JST" StructureHandle="=IFM11/src&amp;lt;ifm11.main{CV.java[CV[DatabaseHelper~DatabaseHelper~QContext;" StructureKind="java" NumEvents="4" CreationCount="830"/><InteractionEvent Delta="null" EndDate="2014-10-05 12:03:35.734 JST" Interest="5.0" Kind="prediction" Navigation="null" OriginId="org.eclipse.mylyn.resources.ui.interest.updater" StartDate="2014-10-05 10:37:20.367 JST" StructureHandle="/TA2/bin/classes.dex" StructureKind="resource" NumEvents="5" CreationCount="344"/><InteractionEvent Delta="null" EndDate="2014-10-05 12:04:31.342 JST" Interest="83.240005" Kind="propagation" Navigation="org.eclipse.mylyn.core.model.edges.containment" OriginId="org.eclipse.mylyn.core.model.interest.propagation" StartDate="2014-10-05 10:32:26.540 JST" StructureHandle="=TA2/src&amp;lt;ta2.main{MainActv.java" StructureKind="java" NumEvents="123" CreationCount="267"/><InteractionEvent Delta="null" EndDate="2014-10-05 12:02:41.687 JST" Interest="18.0" Kind="selection" Navigation="null" OriginId="org.eclipse.jdt.ui.CompilationUnitEditor" StartDate="2014-10-05 10:32:20.749 JST" StructureHandle="=TA2/src&amp;lt;ta2.main{MainActv.java" StructureKind="java" NumEvents="18" CreationCount="267"/><InteractionEvent Delta="null" EndDate="2014-10-05 10:57:40.66 JST" Interest="5.8680005" Kind="manipulation" Navigation="null" OriginId="org.eclipse.mylyn.core.model.interest.decay.correction" StartDate="2014-10-05 10:57:40.66 JST" StructureHandle="=IFM11/src&amp;lt;ifm11.main{CV.java[CV^actv" StructureKind="java"/><InteractionEvent Delta="null" EndDate="2014-10-05 10:57:40.66 JST" Interest="2.0" Kind="selection" Navigation="null" OriginId="org.eclipse.jdt.ui.CompilationUnitEditor" StartDate="2014-10-05 09:34:42.883 JST" StructureHandle="=IFM11/src&amp;lt;ifm11.main{CV.java[CV^actv" StructureKind="java" NumEvents="2" CreationCount="113"/><InteractionEvent Delta="null" EndDate="2014-10-05 12:02:25.836 JST" Interest="764.0" Kind="propagation" Navigation="null" OriginId="org.eclipse.ui.views.ContentOutline" StartDate="2014-10-05 09:24:57.262 JST" StructureHandle="/IFM11/src/ifm11/main" StructureKind="resource" NumEvents="764" CreationCount="6"/><InteractionEvent Delta="null" EndDate="2014-10-05 10:33:03.695 JST" Interest="7.0" Kind="edit" Navigation="null" OriginId="org.eclipse.jdt.ui.CompilationUnitEditor" StartDate="2014-10-05 10:32:25.758 JST" StructureHandle="=TA2/src&amp;lt;ta2.main{MainActv.java[MainActv~onStart" StructureKind="java" NumEvents="7" CreationCount="269"/><InteractionEvent Delta="null" EndDate="2014-10-05 10:32:24.93 JST" Interest="1.0" Kind="selection" Navigation="null" OriginId="org.eclipse.jdt.ui.CompilationUnitEditor" StartDate="2014-10-05 10:32:24.93 JST" StructureHandle="=TA2/src&amp;lt;ta2.main{MainActv.java[MainActv~onStart" StructureKind="java"/><InteractionEvent Delta="null" EndDate="2014-10-05 11:57:24.712 JST" Interest="9.0" Kind="edit" Navigation="null" OriginId="org.eclipse.jdt.ui.CompilationUnitEditor" StartDate="2014-10-05 11:47:47.536 JST" StructureHandle="=IFM11/src&amp;lt;ifm11.main{CV.java[CV[DatabaseHelper" StructureKind="java" NumEvents="9" CreationCount="797"/><InteractionEvent Delta="null" EndDate="2014-10-05 11:50:47.756 JST" Interest="17.661" Kind="propagation" Navigation="org.eclipse.mylyn.core.model.edges.containment" OriginId="org.eclipse.mylyn.core.model.interest.propagation" StartDate="2014-10-05 11:49:27.774 JST" StructureHandle="=IFM11/src&amp;lt;ifm11.main{CV.java[CV[DatabaseHelper" StructureKind="java" NumEvents="26" CreationCount="797"/><InteractionEvent Delta="null" EndDate="2014-10-05 11:56:52.608 JST" Interest="6.0" Kind="selection" Navigation="null" OriginId="org.eclipse.jdt.ui.CompilationUnitEditor" StartDate="2014-10-05 11:47:47.531 JST" StructureHandle="=IFM11/src&amp;lt;ifm11.main{CV.java[CV[DatabaseHelper" StructureKind="java" NumEvents="6" CreationCount="797"/><InteractionEvent Delta="null" EndDate="2014-10-05 11:14:51.129 JST" Interest="9.585" Kind="propagation" Navigation="org.eclipse.mylyn.core.model.edges.containment" OriginId="org.eclipse.mylyn.core.model.interest.propagation" StartDate="2014-10-05 09:34:19.278 JST" StructureHandle="=IFM11/src&amp;lt;ifm11.main{CV.java#" StructureKind="java" NumEvents="2" CreationCount="108"/><InteractionEvent Delta="null" EndDate="2014-10-05 11:57:25.404 JST" Interest="6.0" Kind="edit" Navigation="null" OriginId="org.eclipse.jdt.ui.CompilationUnitEditor" StartDate="2014-10-05 11:50:52.48 JST" StructureHandle="=IFM11/src&amp;lt;ifm11.main{CV.java[CV[DatabaseHelper~onUpgrade~QSQLiteDatabase;~I~I" StructureKind="java" NumEvents="6" CreationCount="905"/><InteractionEvent Delta="null" EndDate="2014-10-05 11:58:19.672 JST" Interest="4.0" Kind="selection" Navigation="null" OriginId="org.eclipse.jdt.ui.CompilationUnitEditor" StartDate="2014-10-05 11:50:52.45 JST" StructureHandle="=IFM11/src&amp;lt;ifm11.main{CV.java[CV[DatabaseHelper~onUpgrade~QSQLiteDatabase;~I~I" StructureKind="java" NumEvents="4" CreationCount="905"/><InteractionEvent Delta="null" EndDate="2014-10-05 10:33:34.76 JST" Interest="8.0" Kind="edit" Navigation="null" OriginId="org.eclipse.jdt.ui.CompilationUnitEditor" StartDate="2014-10-05 10:33:16.724 JST" StructureHandle="=TA2/src&amp;lt;ta2.main{MainActv.java[MainActv~do_test" StructureKind="java" NumEvents="8" CreationCount="277"/><InteractionEvent Delta="null" EndDate="2014-10-05 10:35:46.391 JST" Interest="3.0" Kind="selection" Navigation="null" OriginId="org.eclipse.jdt.ui.CompilationUnitEditor" StartDate="2014-10-05 10:33:15.727 JST" StructureHandle="=TA2/src&amp;lt;ta2.main{MainActv.java[MainActv~do_test" StructureKind="java" NumEvents="3" CreationCount="277"/><InteractionEvent Delta="null" EndDate="2014-10-05 11:22:23.567 JST" Interest="3.0" Kind="selection" Navigation="null" OriginId="org.eclipse.jdt.ui.CompilationUnitEditor" StartDate="2014-10-05 11:14:48.293 JST" StructureHandle="=IFM11/src&amp;lt;ifm11.utils{DBUtils.java[DBUtils~createTable~QSQLiteDatabase;~QString;~\[QString;~\[QString;" StructureKind="java" NumEvents="3" CreationCount="611"/><InteractionEvent Delta="null" EndDate="2014-10-05 11:49:59.61 JST" Interest="17.0" Kind="edit" Navigation="null" OriginId="org.eclipse.jdt.ui.CompilationUnitEditor" StartDate="2014-10-05 11:00:02.992 JST" StructureHandle="=IFM11/src&amp;lt;ifm11.utils{DBUtils.java[DBUtils~DBUtils~QContext;~QString;" StructureKind="java" NumEvents="17" CreationCount="555"/><InteractionEvent Delta="null" EndDate="2014-10-05 12:02:25.848 JST" Interest="19.0" Kind="selection" Navigation="null" OriginId="org.eclipse.ui.views.ContentOutline" StartDate="2014-10-05 10:59:46.875 JST" StructureHandle="=IFM11/src&amp;lt;ifm11.utils{DBUtils.java[DBUtils~DBUtils~QContext;~QString;" StructureKind="java" NumEvents="19" CreationCount="555"/><InteractionEvent Delta="null" EndDate="2014-10-05 11:59:53.321 JST" Interest="377.0" Kind="edit" Navigation="null" OriginId="org.eclipse.jdt.ui.CompilationUnitEditor" StartDate="2014-10-05 09:30:39.954 JST" StructureHandle="=IFM11/src&amp;lt;ifm11.main{CV.java[CV~query~QUri;~\[QString;~QString;~\[QString;~QString;" StructureKind="java" NumEvents="377" CreationCount="31"/><InteractionEvent Delta="null" EndDate="2014-10-05 12:02:25.833 JST" Interest="40.0" Kind="selection" Navigation="null" OriginId="org.eclipse.ui.views.ContentOutline" StartDate="2014-10-05 09:30:37.693 JST" StructureHandle="=IFM11/src&amp;lt;ifm11.main{CV.java[CV~query~QUri;~\[QString;~QString;~\[QString;~QString;" StructureKind="java" NumEvents="40" CreationCount="31"/><InteractionEvent Delta="null" EndDate="2014-10-05 11:11:41.736 JST" Interest="4.103" Kind="manipulation" Navigation="null" OriginId="org.eclipse.mylyn.core.model.interest.decay.correction" StartDate="2014-10-05 11:11:41.736 JST" StructureHandle="=IFM11/src&amp;lt;ifm11.main{CV.java[CV^CONTENT_URI" StructureKind="java"/><InteractionEvent Delta="null" EndDate="2014-10-05 11:18:52.555 JST" Interest="2.0" Kind="edit" Navigation="null" OriginId="org.eclipse.jdt.ui.CompilationUnitEditor" StartDate="2014-10-05 11:18:47.182 JST" StructureHandle="=IFM11/src&amp;lt;ifm11.main{CV.java[CV^CONTENT_URI" StructureKind="java" NumEvents="2" CreationCount="217"/><InteractionEvent Delta="null" EndDate="2014-10-05 11:18:35.966 JST" Interest="8.0" Kind="selection" Navigation="null" OriginId="org.eclipse.jdt.ui.CompilationUnitEditor" StartDate="2014-10-05 10:28:15.501 JST" StructureHandle="=IFM11/src&amp;lt;ifm11.main{CV.java[CV^CONTENT_URI" StructureKind="java" NumEvents="8" CreationCount="217"/><InteractionEvent Delta="null" EndDate="2014-10-05 11:16:54.169 JST" Interest="35.0" Kind="edit" Navigation="null" OriginId="com.android.ide.eclipse.editors.manifest.ManifestEditor" StartDate="2014-10-05 10:30:16.459 JST" StructureHandle="/IFM11/AndroidManifest.xml" StructureKind="resource" NumEvents="35" CreationCount="233"/><InteractionEvent Delta="null" EndDate="2014-10-05 12:02:41.489 JST" Interest="23.0" Kind="selection" Navigation="null" OriginId="com.android.ide.eclipse.editors.manifest.ManifestEditor" StartDate="2014-10-05 10:30:12.642 JST" StructureHandle="/IFM11/AndroidManifest.xml" StructureKind="resource" NumEvents="23" CreationCount="233"/><InteractionEvent Delta="null" EndDate="2014-10-05 12:04:31.342 JST" Interest="174.0" Kind="propagation" Navigation="null" OriginId="org.eclipse.jdt.ui.CompilationUnitEditor" StartDate="2014-10-05 10:32:20.749 JST" StructureHandle="/TA2/src/ta2/main/MainActv.java" StructureKind="resource" NumEvents="174" CreationCount="267"/><InteractionEvent Delta="null" EndDate="2014-10-05 11:49:52.272 JST" Interest="12.277" Kind="manipulation" Navigation="null" OriginId="org.eclipse.mylyn.core.model.interest.decay.correction" StartDate="2014-10-05 11:49:52.272 JST" StructureHandle="=IFM11/src&amp;lt;ifm11.utils{DBUtils.java%ifm11.utils" StructureKind="java"/><InteractionEvent Delta="null" EndDate="2014-10-05 11:49:52.272 JST" Interest="2.0" Kind="selection" Navigation="null" OriginId="org.eclipse.ui.views.ContentOutline" StartDate="2014-10-05 09:33:01.642 JST" StructureHandle="=IFM11/src&amp;lt;ifm11.utils{DBUtils.java%ifm11.utils" StructureKind="java" NumEvents="2" CreationCount="70"/><InteractionEvent Delta="null" EndDate="2014-10-05 10:32:14.869 JST" Interest="1.0" Kind="selection" Navigation="null" OriginId="org.eclipse.ui.views.ResourceNavigator" StartDate="2014-10-05 10:32:14.869 JST" StructureHandle="=TA2/src&amp;lt;ta2" StructureKind="java"/><InteractionEvent Delta="null" EndDate="2014-10-05 11:53:39.563 JST" Interest="13.0" Kind="edit" Navigation="null" OriginId="org.eclipse.jdt.ui.CompilationUnitEditor" StartDate="2014-10-05 10:27:36.468 JST" StructureHandle="=IFM11/src&amp;lt;ifm11.main{CV.java[CV" StructureKind="java" NumEvents="13" CreationCount="10"/><InteractionEvent Delta="null" EndDate="2014-10-05 12:02:25.834 JST" Interest="268.157" Kind="propagation" Navigation="org.eclipse.mylyn.core.model.edges.containment" OriginId="org.eclipse.mylyn.core.model.interest.propagation" StartDate="2014-10-05 09:27:04.756 JST" StructureHandle="=IFM11/src&amp;lt;ifm11.main{CV.java[CV" StructureKind="java" NumEvents="378" CreationCount="10"/><InteractionEvent Delta="null" EndDate="2014-10-05 11:53:39.559 JST" Interest="27.0" Kind="selection" Navigation="null" OriginId="org.eclipse.jdt.ui.CompilationUnitEditor" StartDate="2014-10-05 09:29:53.732 JST" StructureHandle="=IFM11/src&amp;lt;ifm11.main{CV.java[CV" StructureKind="java" NumEvents="27" CreationCount="10"/><InteractionEvent Delta="null" EndDate="2014-10-05 12:02:39.560 JST" Interest="942.01697" Kind="propagation" Navigation="null" OriginId="org.eclipse.jdt.ui.CompilationUnitEditor" StartDate="2014-10-05 09:24:54.161 JST" StructureHandle="/IFM11/src" StructureKind="resource" NumEvents="945" CreationCount="5"/><InteractionEvent Delta="null" EndDate="2014-10-05 09:32:53.784 JST" Interest="1.0" Kind="selection" Navigation="null" OriginId="org.eclipse.jdt.ui.PackageExplorer" StartDate="2014-10-05 09:32:53.784 JST" StructureHandle="=IFM11/src&amp;lt;ifm11.tasks" StructureKind="java"/><InteractionEvent Delta="null" EndDate="2014-10-05 10:32:13.844 JST" Interest="2.4540005" Kind="manipulation" Navigation="null" OriginId="org.eclipse.mylyn.core.model.interest.decay.correction" StartDate="2014-10-05 10:32:13.844 JST" StructureHandle="=TA2/src" StructureKind="java"/><InteractionEvent Delta="null" EndDate="2014-10-05 12:04:31.343 JST" Interest="100.308" Kind="propagation" Navigation="org.eclipse.mylyn.core.model.edges.containment" OriginId="org.eclipse.mylyn.core.model.interest.propagation" StartDate="2014-10-05 10:32:14.870 JST" StructureHandle="=TA2/src" StructureKind="java" NumEvents="151" CreationCount="1"/><InteractionEvent Delta="null" EndDate="2014-10-05 10:32:13.844 JST" Interest="3.0" Kind="selection" Navigation="null" OriginId="org.eclipse.ui.views.ResourceNavigator" StartDate="2014-10-05 09:24:49.265 JST" StructureHandle="=TA2/src" StructureKind="java" NumEvents="3" CreationCount="1"/><InteractionEvent Delta="null" EndDate="2014-10-05 12:02:25.836 JST" Interest="764.0" Kind="propagation" Navigation="org.eclipse.mylyn.core.model.edges.containment" OriginId="org.eclipse.mylyn.core.model.interest.propagation" StartDate="2014-10-05 09:24:57.262 JST" StructureHandle="/IFM11/src/ifm11" StructureKind="resource" NumEvents="764" CreationCount="6"/><InteractionEvent Delta="null" EndDate="2014-10-05 10:32:07.711 JST" Interest="1.0" Kind="selection" Navigation="null" OriginId="org.eclipse.ui.views.ResourceNavigator" StartDate="2014-10-05 10:32:07.711 JST" StructureHandle="=IFM11/src&amp;lt;ifm11.comps" StructureKind="java"/><InteractionEvent Delta="null" EndDate="2014-10-05 10:37:20.367 JST" Interest="1.0" Kind="prediction" Navigation="null" OriginId="org.eclipse.mylyn.resources.ui.interest.updater" StartDate="2014-10-05 10:37:20.367 JST" StructureHandle="/TA2/bin/resources.ap_" StructureKind="resource"/><InteractionEvent Delta="null" EndDate="2014-10-05 12:02:25.836 JST" Interest="303.342" Kind="propagation" Navigation="org.eclipse.mylyn.core.model.edges.containment" OriginId="org.eclipse.mylyn.core.model.interest.propagation" StartDate="2014-10-05 09:24:57.263 JST" StructureHandle="=IFM11/src" StructureKind="java" NumEvents="460" CreationCount="5"/><InteractionEvent Delta="null" EndDate="2014-10-05 09:24:54.160 JST" Interest="1.0" Kind="selection" Navigation="null" OriginId="org.eclipse.jdt.ui.PackageExplorer" StartDate="2014-10-05 09:24:54.160 JST" StructureHandle="=IFM11/src" StructureKind="java"/><InteractionEvent Delta="null" EndDate="2014-10-05 12:04:31.341 JST" Interest="117.0" Kind="edit" Navigation="null" OriginId="org.eclipse.jdt.ui.CompilationUnitEditor" StartDate="2014-10-05 10:33:36.4 JST" StructureHandle="=TA2/src&amp;lt;ta2.main{MainActv.java[MainActv~_test_Content_Provider" StructureKind="java" NumEvents="117" CreationCount="287"/><InteractionEvent Delta="null" EndDate="2014-10-05 12:02:50.944 JST" Interest="19.0" Kind="selection" Navigation="null" OriginId="org.eclipse.jdt.ui.CompilationUnitEditor" StartDate="2014-10-05 10:33:35.12 JST" StructureHandle="=TA2/src&amp;lt;ta2.main{MainActv.java[MainActv~_test_Content_Provider" StructureKind="java" NumEvents="19" CreationCount="287"/></InteractionHistory>