<?xml version="1.0" encoding="UTF-8"?><InteractionHistory Id="local-239" Version="1"><InteractionEvent Delta="null" EndDate="2014-12-07 17:05:55.528 JST" Interest="538.102" Kind="propagation" Navigation="org.eclipse.mylyn.core.model.edges.containment" OriginId="org.eclipse.mylyn.core.model.interest.propagation" StartDate="2014-12-07 08:46:44.107 JST" StructureHandle="" StructureKind="java" NumEvents="540" CreationCount="1"/><InteractionEvent Delta="null" EndDate="2014-12-07 08:54:19.404 JST" Interest="3.0" Kind="selection" Navigation="null" OriginId="org.eclipse.jdt.ui.CompilationUnitEditor" StartDate="2014-12-07 08:47:26.94 JST" StructureHandle="=IFM11/src&amp;lt;ifm11.utils{Methods.java[Methods~show_RGB~QActivity;" StructureKind="java" NumEvents="3" CreationCount="9"/><InteractionEvent Delta="null" EndDate="2014-12-07 08:54:37.66 JST" Interest="32.0" Kind="edit" Navigation="null" OriginId="org.eclipse.jdt.ui.CompilationUnitEditor" StartDate="2014-12-07 08:47:27.158 JST" StructureHandle="=IFM11/src&amp;lt;ifm11.utils{Methods.java[Methods~show_RGB~QActivity;" StructureKind="java" NumEvents="32" CreationCount="9"/><InteractionEvent Delta="null" EndDate="2014-12-07 08:47:02.956 JST" Interest="1.0" Kind="propagation" Navigation="null" OriginId="org.eclipse.jdt.ui.PackageExplorer" StartDate="2014-12-07 08:47:02.956 JST" StructureHandle="/IFM11/src/ifm11/main/CanvasActv.java" StructureKind="resource"/><InteractionEvent Delta="null" EndDate="2014-12-07 08:46:44.296 JST" Interest="1.0" Kind="selection" Navigation="null" OriginId="org.eclipse.jdt.ui.PackageExplorer" StartDate="2014-12-07 08:46:44.296 JST" StructureHandle="=IFM10" StructureKind="java"/><InteractionEvent Delta="null" EndDate="2014-12-07 17:05:55.526 JST" Interest="536.102" Kind="propagation" Navigation="org.eclipse.mylyn.core.model.edges.containment" OriginId="org.eclipse.mylyn.core.model.interest.propagation" StartDate="2014-12-07 08:47:25.405 JST" StructureHandle="=IFM11" StructureKind="resource" NumEvents="537" CreationCount="1"/><InteractionEvent Delta="null" EndDate="2014-12-07 08:46:46.17 JST" Interest="2.0" Kind="selection" Navigation="null" OriginId="org.eclipse.jdt.ui.PackageExplorer" StartDate="2014-12-07 08:46:44.107 JST" StructureHandle="=IFM11" StructureKind="java" NumEvents="2" CreationCount="1"/><InteractionEvent Delta="null" EndDate="2014-12-07 17:03:41.5 JST" Interest="8.0" Kind="selection" Navigation="null" OriginId="org.eclipse.jdt.ui.CompilationUnitEditor" StartDate="2014-12-07 08:48:33.750 JST" StructureHandle="=IFM11/src&amp;lt;ifm11.utils{Methods.java[Methods~get_RGB_HighsLows~QActivity;~I" StructureKind="java" NumEvents="8" CreationCount="33"/><InteractionEvent Delta="null" EndDate="2014-12-07 17:04:04.940 JST" Interest="487.0" Kind="edit" Navigation="null" OriginId="org.eclipse.jdt.ui.CompilationUnitEditor" StartDate="2014-12-07 08:48:37.237 JST" StructureHandle="=IFM11/src&amp;lt;ifm11.utils{Methods.java[Methods~get_RGB_HighsLows~QActivity;~I" StructureKind="java" NumEvents="487" CreationCount="33"/><InteractionEvent Delta="null" EndDate="2014-12-07 17:04:04.942 JST" Interest="349.34198" Kind="propagation" Navigation="org.eclipse.mylyn.core.model.edges.containment" OriginId="org.eclipse.mylyn.core.model.interest.propagation" StartDate="2014-12-07 08:47:25.221 JST" StructureHandle="=IFM11/src&amp;lt;ifm11.utils" StructureKind="java" NumEvents="501" CreationCount="7"/><InteractionEvent Delta="null" EndDate="2014-12-07 17:05:55.527 JST" Interest="543.0" Kind="propagation" Navigation="org.eclipse.mylyn.core.model.edges.containment" OriginId="org.eclipse.mylyn.core.model.interest.propagation" StartDate="2014-12-07 08:46:44.107 JST" StructureHandle="/" StructureKind="resource" NumEvents="544" CreationCount="1"/><InteractionEvent Delta="null" EndDate="2014-12-07 17:04:04.942 JST" Interest="346.34198" Kind="propagation" Navigation="org.eclipse.mylyn.core.model.edges.containment" OriginId="org.eclipse.mylyn.core.model.interest.propagation" StartDate="2014-12-07 08:47:29.512 JST" StructureHandle="=IFM11/src&amp;lt;ifm11.utils{Methods.java" StructureKind="java" NumEvents="497" CreationCount="7"/><InteractionEvent Delta="null" EndDate="2014-12-07 17:03:37.517 JST" Interest="3.0" Kind="selection" Navigation="null" OriginId="org.eclipse.jdt.ui.CompilationUnitEditor" StartDate="2014-12-07 08:47:25.220 JST" StructureHandle="=IFM11/src&amp;lt;ifm11.utils{Methods.java" StructureKind="java" NumEvents="3" CreationCount="7"/><InteractionEvent Delta="null" EndDate="2014-12-07 08:47:02.957 JST" Interest="1.017" Kind="propagation" Navigation="org.eclipse.mylyn.core.model.edges.containment" OriginId="org.eclipse.mylyn.core.model.interest.propagation" StartDate="2014-12-07 08:46:52.383 JST" StructureHandle="/IFM11/src/ifm11/main" StructureKind="resource" NumEvents="2" CreationCount="5"/><InteractionEvent Delta="null" EndDate="2014-12-07 17:04:04.941 JST" Interest="349.30798" Kind="propagation" Navigation="org.eclipse.mylyn.core.model.edges.containment" OriginId="org.eclipse.mylyn.core.model.interest.propagation" StartDate="2014-12-07 08:47:26.95 JST" StructureHandle="=IFM11/src&amp;lt;ifm11.utils{Methods.java[Methods" StructureKind="java" NumEvents="497" CreationCount="9"/><InteractionEvent Delta="null" EndDate="2014-12-07 17:05:55.526 JST" Interest="538.05096" Kind="propagation" Navigation="org.eclipse.mylyn.core.model.edges.containment" OriginId="org.eclipse.mylyn.core.model.interest.propagation" StartDate="2014-12-07 08:46:50.125 JST" StructureHandle="/IFM11/src" StructureKind="resource" NumEvents="541" CreationCount="4"/><InteractionEvent Delta="null" EndDate="2014-12-07 08:47:02.958 JST" Interest="0.01700002" Kind="propagation" Navigation="org.eclipse.mylyn.core.model.edges.containment" OriginId="org.eclipse.mylyn.core.model.interest.propagation" StartDate="2014-12-07 08:47:02.958 JST" StructureHandle="=IFM11/src&amp;lt;ifm11.main" StructureKind="java"/><InteractionEvent Delta="null" EndDate="2014-12-07 08:46:52.383 JST" Interest="1.0" Kind="selection" Navigation="null" OriginId="org.eclipse.jdt.ui.PackageExplorer" StartDate="2014-12-07 08:46:52.383 JST" StructureHandle="=IFM11/src&amp;lt;ifm11.main" StructureKind="java"/><InteractionEvent Delta="null" EndDate="2014-12-07 17:05:55.526 JST" Interest="538.034" Kind="propagation" Navigation="org.eclipse.mylyn.core.model.edges.containment" OriginId="org.eclipse.mylyn.core.model.interest.propagation" StartDate="2014-12-07 08:46:52.383 JST" StructureHandle="/IFM11/src/ifm11" StructureKind="resource" NumEvents="540" CreationCount="5"/><InteractionEvent Delta="null" EndDate="2014-12-07 17:05:55.526 JST" Interest="538.0" Kind="propagation" Navigation="org.eclipse.mylyn.core.model.edges.containment" OriginId="org.eclipse.mylyn.core.model.interest.propagation" StartDate="2014-12-07 08:47:25.221 JST" StructureHandle="/IFM11/src/ifm11/utils" StructureKind="resource" NumEvents="538" CreationCount="7"/><InteractionEvent Delta="null" EndDate="2014-12-07 08:46:44.296 JST" Interest="1.0" Kind="propagation" Navigation="null" OriginId="org.eclipse.jdt.ui.PackageExplorer" StartDate="2014-12-07 08:46:44.296 JST" StructureHandle="/IFM10" StructureKind="resource"/><InteractionEvent Delta="null" EndDate="2014-12-07 08:47:02.956 JST" Interest="1.0" Kind="selection" Navigation="null" OriginId="org.eclipse.jdt.ui.PackageExplorer" StartDate="2014-12-07 08:47:02.956 JST" StructureHandle="=IFM11/src&amp;lt;ifm11.main{CanvasActv.java" StructureKind="java"/><InteractionEvent Delta="null" EndDate="2014-12-07 17:05:55.527 JST" Interest="543.0" Kind="propagation" Navigation="null" OriginId="org.eclipse.jdt.ui.CompilationUnitEditor" StartDate="2014-12-07 08:46:44.107 JST" StructureHandle="/IFM11" StructureKind="resource" NumEvents="543" CreationCount="1"/><InteractionEvent Delta="null" EndDate="2014-12-07 17:05:55.526 JST" Interest="538.0" Kind="propagation" Navigation="null" OriginId="org.eclipse.jdt.ui.CompilationUnitEditor" StartDate="2014-12-07 08:47:25.221 JST" StructureHandle="/IFM11/src/ifm11/utils/Methods.java" StructureKind="resource" NumEvents="538" CreationCount="7"/><InteractionEvent Delta="null" EndDate="2014-12-07 17:04:04.943 JST" Interest="348.39297" Kind="propagation" Navigation="org.eclipse.mylyn.core.model.edges.containment" OriginId="org.eclipse.mylyn.core.model.interest.propagation" StartDate="2014-12-07 08:46:52.384 JST" StructureHandle="=IFM11/src" StructureKind="java" NumEvents="504" CreationCount="4"/><InteractionEvent Delta="null" EndDate="2014-12-07 08:46:50.125 JST" Interest="1.0" Kind="selection" Navigation="null" OriginId="org.eclipse.jdt.ui.PackageExplorer" StartDate="2014-12-07 08:46:50.125 JST" StructureHandle="=IFM11/src" StructureKind="java"/><InteractionEvent Delta="null" EndDate="2014-12-07 17:05:51.707 JST" Interest="4.7860003" Kind="manipulation" Navigation="null" OriginId="org.eclipse.mylyn.core.model.interest.decay.correction" StartDate="2014-12-07 16:29:21.941 JST" StructureHandle="=IFM11/src&amp;lt;ifm11.utils{Methods.java[Methods~adj_Pixel_Values~QActivity;~\[I~I~I" StructureKind="java" NumEvents="2" CreationCount="84"/><InteractionEvent Delta="null" EndDate="2014-12-07 17:05:51.706 JST" Interest="4.0" Kind="selection" Navigation="null" OriginId="org.eclipse.jdt.ui.CompilationUnitEditor" StartDate="2014-12-07 08:50:14.533 JST" StructureHandle="=IFM11/src&amp;lt;ifm11.utils{Methods.java[Methods~adj_Pixel_Values~QActivity;~\[I~I~I" StructureKind="java" NumEvents="4" CreationCount="84"/><InteractionEvent Delta="null" EndDate="2014-12-07 17:05:55.525 JST" Interest="1.0" Kind="edit" Navigation="null" OriginId="org.eclipse.jdt.ui.CompilationUnitEditor" StartDate="2014-12-07 17:05:55.525 JST" StructureHandle="=IFM11/src&amp;lt;ifm11.utils{Methods.java[Methods~adj_Pixel_Values~QActivity;~\[I~I~I" StructureKind="java"/></InteractionHistory>