<?xml version="1.0" encoding="UTF-8"?><InteractionHistory Id="local-61" Version="1"><InteractionEvent Delta="null" EndDate="2014-09-12 11:01:52.624 JST" Interest="5.0" Kind="edit" Navigation="null" OriginId="org.eclipse.jdt.ui.CompilationUnitEditor" StartDate="2014-09-12 10:30:38.979 JST" StructureHandle="=TA2/src&amp;lt;ta2.utils{Methods_dlg.java[Methods_dlg~conf_Import_Patterns~QActivity;~QDialog;~QDialog;" StructureKind="java" NumEvents="5" CreationCount="2326"/><InteractionEvent Delta="null" EndDate="2014-09-12 11:01:56.938 JST" Interest="5.0" Kind="selection" Navigation="null" OriginId="org.eclipse.jdt.ui.CompilationUnitEditor" StartDate="2014-09-12 10:30:21.720 JST" StructureHandle="=TA2/src&amp;lt;ta2.utils{Methods_dlg.java[Methods_dlg~conf_Import_Patterns~QActivity;~QDialog;~QDialog;" StructureKind="java" NumEvents="5" CreationCount="2326"/><InteractionEvent Delta="null" EndDate="2014-09-12 11:01:51.74 JST" Interest="2.0310004" Kind="manipulation" Navigation="null" OriginId="org.eclipse.mylyn.core.model.interest.decay.correction" StartDate="2014-09-12 11:01:51.74 JST" StructureHandle="=TA2/src&amp;lt;ta2.utils{Methods_dlg.java[Methods_dlg~conf_Import_Patterns~QActivity;~QDialog;~QDialog;" StructureKind="java"/><InteractionEvent Delta="null" EndDate="2014-09-12 09:55:23.851 JST" Interest="43.0" Kind="propagation" Navigation="null" OriginId="org.eclipse.ui.views.ContentOutline" StartDate="2014-09-12 09:05:25.825 JST" StructureHandle="/TA2/src/ta2/utils/CONS.java" StructureKind="resource" NumEvents="43" CreationCount="369"/><InteractionEvent Delta="null" EndDate="2014-09-12 09:24:21.706 JST" Interest="3.1920004" Kind="manipulation" Navigation="null" OriginId="org.eclipse.mylyn.core.model.interest.decay.correction" StartDate="2014-09-12 09:24:21.706 JST" StructureHandle="/TA2/src/ta2/utils/CONS.java" StructureKind="resource"/><InteractionEvent Delta="null" EndDate="2014-09-12 09:58:07.162 JST" Interest="1.0" Kind="selection" Navigation="null" OriginId="org.eclipse.jdt.ui.CompilationUnitEditor" StartDate="2014-09-12 09:58:07.162 JST" StructureHandle="=TA2/src&amp;lt;ta2.utils{DBUtils.java[DBUtils~find_All_WP_literals~QActivity;" StructureKind="java"/><InteractionEvent Delta="null" EndDate="2014-09-12 09:24:07.603 JST" Interest="2.0" Kind="edit" Navigation="null" OriginId="org.eclipse.jdt.ui.CompilationUnitEditor" StartDate="2014-09-12 09:11:32.87 JST" StructureHandle="=TA2/src&amp;lt;ta2.utils{DBUtils.java[DBUtils~find_All_WP_symbols~QActivity;" StructureKind="java" NumEvents="2" CreationCount="680"/><InteractionEvent Delta="null" EndDate="2014-09-12 09:24:07.600 JST" Interest="2.0" Kind="selection" Navigation="null" OriginId="org.eclipse.jdt.ui.CompilationUnitEditor" StartDate="2014-09-12 09:11:32.84 JST" StructureHandle="=TA2/src&amp;lt;ta2.utils{DBUtils.java[DBUtils~find_All_WP_symbols~QActivity;" StructureKind="java" NumEvents="2" CreationCount="680"/><InteractionEvent Delta="null" EndDate="2014-09-12 09:24:07.600 JST" Interest="6.052" Kind="manipulation" Navigation="null" OriginId="org.eclipse.mylyn.core.model.interest.decay.correction" StartDate="2014-09-12 09:24:07.600 JST" StructureHandle="=TA2/src&amp;lt;ta2.utils{DBUtils.java[DBUtils~find_All_WP_symbols~QActivity;" StructureKind="java"/><InteractionEvent Delta="null" EndDate="2014-09-12 09:51:35.855 JST" Interest="5.5220003" Kind="propagation" Navigation="org.eclipse.mylyn.core.model.edges.containment" OriginId="org.eclipse.mylyn.core.model.interest.propagation" StartDate="2014-09-12 09:28:16.388 JST" StructureHandle="=TA2/src&amp;lt;ta2.utils{CONS.java[CONS[MemoActv" StructureKind="java" NumEvents="2" CreationCount="1212"/><InteractionEvent Delta="null" EndDate="2014-09-12 09:27:15.301 JST" Interest="4.0" Kind="edit" Navigation="null" OriginId="org.eclipse.jdt.ui.CompilationUnitEditor" StartDate="2014-09-12 09:24:57.849 JST" StructureHandle="=TA2/src&amp;lt;ta2.utils{CONS.java[CONS[DB^col_types_Patterns_full" StructureKind="java" NumEvents="4" CreationCount="1157"/><InteractionEvent Delta="null" EndDate="2014-09-12 09:28:15.748 JST" Interest="3.0" Kind="selection" Navigation="null" OriginId="org.eclipse.jdt.ui.CompilationUnitEditor" StartDate="2014-09-12 09:24:46.393 JST" StructureHandle="=TA2/src&amp;lt;ta2.utils{CONS.java[CONS[DB^col_types_Patterns_full" StructureKind="java" NumEvents="3" CreationCount="1157"/><InteractionEvent Delta="null" EndDate="2014-09-12 11:06:51.123 JST" Interest="871.0" Kind="propagation" Navigation="null" OriginId="org.eclipse.jdt.ui.CompilationUnitEditor" StartDate="2014-09-12 08:42:45.602 JST" StructureHandle="/TA2/src/ta2/comps" StructureKind="resource" NumEvents="871" CreationCount="61"/><InteractionEvent Delta="null" EndDate="2014-09-12 08:41:47.17 JST" Interest="1.0" Kind="selection" Navigation="null" OriginId="org.eclipse.ui.views.ContentOutline" StartDate="2014-09-12 08:41:47.17 JST" StructureHandle="=TA2/src&amp;lt;ta2.main{ShowListActv.java%ta2.main" StructureKind="java"/><InteractionEvent Delta="null" EndDate="2014-09-12 11:02:21.409 JST" Interest="1027.017" Kind="propagation" Navigation="null" OriginId="org.eclipse.jdt.ui.CompilationUnitEditor" StartDate="2014-09-12 08:49:41.852 JST" StructureHandle="/TA2/src/ta2/utils" StructureKind="resource" NumEvents="1028" CreationCount="194"/><InteractionEvent Delta="null" EndDate="2014-09-12 10:27:11.464 JST" Interest="36.0" Kind="selection" Navigation="null" OriginId="org.eclipse.jdt.ui.CompilationUnitEditor" StartDate="2014-09-12 08:42:18.107 JST" StructureHandle="=TA2/src&amp;lt;ta2.main{MemoActv.java" StructureKind="java" NumEvents="36" CreationCount="50"/><InteractionEvent Delta="null" EndDate="2014-09-12 10:27:25.380 JST" Interest="165.587" Kind="propagation" Navigation="org.eclipse.mylyn.core.model.edges.containment" OriginId="org.eclipse.mylyn.core.model.interest.propagation" StartDate="2014-09-12 08:42:28.71 JST" StructureHandle="=TA2/src&amp;lt;ta2.main{MemoActv.java" StructureKind="java" NumEvents="342" CreationCount="50"/><InteractionEvent Delta="null" EndDate="2014-09-12 09:58:07.162 JST" Interest="704.0" Kind="propagation" Navigation="null" OriginId="org.eclipse.jdt.ui.CompilationUnitEditor" StartDate="2014-09-12 08:58:36.89 JST" StructureHandle="/TA2/src/ta2/utils/DBUtils.java" StructureKind="resource" NumEvents="704" CreationCount="322"/><InteractionEvent Delta="null" EndDate="2014-09-12 08:46:02.981 JST" Interest="3.0" Kind="edit" Navigation="null" OriginId="org.eclipse.jdt.ui.CompilationUnitEditor" StartDate="2014-09-12 08:45:57.565 JST" StructureHandle="=TA2/src&amp;lt;ta2.items{WordPattern.java[WordPattern~getUsed" StructureKind="java" NumEvents="3" CreationCount="113"/><InteractionEvent Delta="null" EndDate="2014-09-12 08:45:56.661 JST" Interest="1.0" Kind="selection" Navigation="null" OriginId="org.eclipse.jdt.ui.CompilationUnitEditor" StartDate="2014-09-12 08:45:56.661 JST" StructureHandle="=TA2/src&amp;lt;ta2.items{WordPattern.java[WordPattern~getUsed" StructureKind="java"/><InteractionEvent Delta="null" EndDate="2014-09-12 11:02:21.408 JST" Interest="1029.298" Kind="propagation" Navigation="org.eclipse.mylyn.core.model.edges.containment" OriginId="org.eclipse.mylyn.core.model.interest.propagation" StartDate="2014-09-12 08:39:54.33 JST" StructureHandle="/TA2/src/ta2" StructureKind="resource" NumEvents="1035" CreationCount="1"/><InteractionEvent Delta="null" EndDate="2014-09-12 10:27:43.369 JST" Interest="675.0" Kind="propagation" Navigation="null" OriginId="org.eclipse.jdt.ui.CompilationUnitEditor" StartDate="2014-09-12 08:42:18.107 JST" StructureHandle="/TA2/src/ta2/main/MemoActv.java" StructureKind="resource" NumEvents="675" CreationCount="50"/><InteractionEvent Delta="null" EndDate="2014-09-12 10:27:24.797 JST" Interest="201.536" Kind="propagation" Navigation="org.eclipse.mylyn.core.model.edges.containment" OriginId="org.eclipse.mylyn.core.model.interest.propagation" StartDate="2014-09-12 08:42:27.480 JST" StructureHandle="=TA2/src&amp;lt;ta2.main{MemoActv.java[MemoActv" StructureKind="java" NumEvents="275" CreationCount="53"/><InteractionEvent Delta="null" EndDate="2014-09-12 10:07:33.134 JST" Interest="16.0" Kind="edit" Navigation="null" OriginId="org.eclipse.jdt.ui.CompilationUnitEditor" StartDate="2014-09-12 09:51:18.289 JST" StructureHandle="=TA2/src&amp;lt;ta2.comps{Comp_WP.java[Comp_WP~Comp_WP~QSortType;~QSortOrder;" StructureKind="java" NumEvents="16" CreationCount="62"/><InteractionEvent Delta="null" EndDate="2014-09-12 10:10:50.700 JST" Interest="8.0" Kind="selection" Navigation="null" OriginId="org.eclipse.jdt.ui.CompilationUnitEditor" StartDate="2014-09-12 08:42:46.290 JST" StructureHandle="=TA2/src&amp;lt;ta2.comps{Comp_WP.java[Comp_WP~Comp_WP~QSortType;~QSortOrder;" StructureKind="java" NumEvents="8" CreationCount="62"/><InteractionEvent Delta="null" EndDate="2014-09-12 10:05:48.870 JST" Interest="24.410002" Kind="manipulation" Navigation="null" OriginId="org.eclipse.mylyn.core.model.interest.decay.correction" StartDate="2014-09-12 09:43:42.503 JST" StructureHandle="=TA2/src&amp;lt;ta2.comps{Comp_WP.java[Comp_WP~Comp_WP~QSortType;~QSortOrder;" StructureKind="java" NumEvents="3" CreationCount="62"/><InteractionEvent Delta="null" EndDate="2014-09-12 09:28:04.395 JST" Interest="6.0" Kind="edit" Navigation="null" OriginId="org.eclipse.jdt.ui.CompilationUnitEditor" StartDate="2014-09-12 09:28:03.687 JST" StructureHandle="=TA2/src&amp;lt;ta2.main{MemoActv.java[MemoActv~onStart" StructureKind="java" NumEvents="6" CreationCount="1190"/><InteractionEvent Delta="null" EndDate="2014-09-12 09:28:10.506 JST" Interest="5.0" Kind="selection" Navigation="null" OriginId="org.eclipse.jdt.ui.CompilationUnitEditor" StartDate="2014-09-12 09:28:03.64 JST" StructureHandle="=TA2/src&amp;lt;ta2.main{MemoActv.java[MemoActv~onStart" StructureKind="java" NumEvents="5" CreationCount="1190"/><InteractionEvent Delta="null" EndDate="2014-09-12 10:16:41.757 JST" Interest="35.733" Kind="propagation" Navigation="org.eclipse.mylyn.core.model.edges.containment" OriginId="org.eclipse.mylyn.core.model.interest.propagation" StartDate="2014-09-12 08:41:48.928 JST" StructureHandle="=TA2/src&amp;lt;ta2.main{ShowListActv.java[ShowListActv" StructureKind="java" NumEvents="28" CreationCount="35"/><InteractionEvent Delta="null" EndDate="2014-09-12 09:19:58.307 JST" Interest="1.0" Kind="selection" Navigation="null" OriginId="org.eclipse.jdt.ui.CompilationUnitEditor" StartDate="2014-09-12 09:19:58.307 JST" StructureHandle="=TA2/src&amp;lt;ta2.utils{Methods.java[Methods~import_DB~QActivity;~QDialog;~QDialog;~QDialog;" StructureKind="java"/><InteractionEvent Delta="null" EndDate="2014-09-12 09:24:37.346 JST" Interest="1.0" Kind="selection" Navigation="null" OriginId="org.eclipse.jdt.ui.CompilationUnitEditor" StartDate="2014-09-12 09:24:37.346 JST" StructureHandle="=TA2/src&amp;lt;ta2.utils{CONS.java[CONS[DB^tname_MemoPatterns_IFM11" StructureKind="java"/><InteractionEvent Delta="null" EndDate="2014-09-12 09:19:37.744 JST" Interest="22.0" Kind="edit" Navigation="null" OriginId="org.eclipse.jdt.ui.CompilationUnitEditor" StartDate="2014-09-12 08:53:06.865 JST" StructureHandle="=TA2/src&amp;lt;ta2.listeners{LOI_CL.java[LOI_CL~case_ACTV_MEMO_LV_1~QWordPattern;" StructureKind="java" NumEvents="22" CreationCount="276"/><InteractionEvent Delta="null" EndDate="2014-09-12 09:31:49.92 JST" Interest="6.0" Kind="selection" Navigation="null" OriginId="org.eclipse.jdt.ui.CompilationUnitEditor" StartDate="2014-09-12 08:53:05.911 JST" StructureHandle="=TA2/src&amp;lt;ta2.listeners{LOI_CL.java[LOI_CL~case_ACTV_MEMO_LV_1~QWordPattern;" StructureKind="java" NumEvents="6" CreationCount="276"/><InteractionEvent Delta="null" EndDate="2014-09-12 11:03:02.152 JST" Interest="26.0" Kind="prediction" Navigation="null" OriginId="org.eclipse.mylyn.resources.ui.interest.updater" StartDate="2014-09-12 08:48:57.905 JST" StructureHandle="/TA2/bin/TA2.apk" StructureKind="resource" NumEvents="26" CreationCount="189"/><InteractionEvent Delta="null" EndDate="2014-09-12 08:49:36.407 JST" Interest="1.0" Kind="propagation" Navigation="null" OriginId="org.eclipse.jdt.ui.PackageExplorer" StartDate="2014-09-12 08:49:36.407 JST" StructureHandle="/TA2/src/ta2/listeners/dialog" StructureKind="resource"/><InteractionEvent Delta="null" EndDate="2014-09-12 08:53:05.133 JST" Interest="1.0" Kind="edit" Navigation="null" OriginId="org.eclipse.jdt.ui.CompilationUnitEditor" StartDate="2014-09-12 08:53:05.133 JST" StructureHandle="=TA2/src&amp;lt;ta2.listeners{LOI_CL.java[LOI_CL~onItemClick~QAdapterView\&amp;lt;*&amp;gt;;~QView;~I~J" StructureKind="java"/><InteractionEvent Delta="null" EndDate="2014-09-12 08:53:04.325 JST" Interest="1.0" Kind="selection" Navigation="null" OriginId="org.eclipse.jdt.ui.CompilationUnitEditor" StartDate="2014-09-12 08:53:04.325 JST" StructureHandle="=TA2/src&amp;lt;ta2.listeners{LOI_CL.java[LOI_CL~onItemClick~QAdapterView\&amp;lt;*&amp;gt;;~QView;~I~J" StructureKind="java"/><InteractionEvent Delta="null" EndDate="2014-09-12 09:27:25.358 JST" Interest="4.0" Kind="edit" Navigation="null" OriginId="org.eclipse.jdt.ui.CompilationUnitEditor" StartDate="2014-09-12 08:52:49.110 JST" StructureHandle="=TA2/src&amp;lt;ta2.main{MemoActv.java[MemoActv~_Setup_Listeners_LVs_1" StructureKind="java" NumEvents="4" CreationCount="264"/><InteractionEvent Delta="null" EndDate="2014-09-12 09:27:32.347 JST" Interest="7.0" Kind="selection" Navigation="null" OriginId="org.eclipse.jdt.ui.CompilationUnitEditor" StartDate="2014-09-12 08:52:48.481 JST" StructureHandle="=TA2/src&amp;lt;ta2.main{MemoActv.java[MemoActv~_Setup_Listeners_LVs_1" StructureKind="java" NumEvents="7" CreationCount="264"/><InteractionEvent Delta="null" EndDate="2014-09-12 09:27:23.872 JST" Interest="10.336" Kind="manipulation" Navigation="null" OriginId="org.eclipse.mylyn.core.model.interest.decay.correction" StartDate="2014-09-12 09:27:23.872 JST" StructureHandle="=TA2/src&amp;lt;ta2.main{MemoActv.java[MemoActv~_Setup_Listeners_LVs_1" StructureKind="java"/><InteractionEvent Delta="null" EndDate="2014-09-12 09:18:46.4 JST" Interest="1.0" Kind="edit" Navigation="null" OriginId="org.eclipse.jdt.ui.CompilationUnitEditor" StartDate="2014-09-12 09:18:46.4 JST" StructureHandle="=TA2/src&amp;lt;ta2.utils{DBUtils.java" StructureKind="java"/><InteractionEvent Delta="null" EndDate="2014-09-12 09:57:23.134 JST" Interest="12.0" Kind="selection" Navigation="null" OriginId="org.eclipse.jdt.ui.CompilationUnitEditor" StartDate="2014-09-12 08:58:36.89 JST" StructureHandle="=TA2/src&amp;lt;ta2.utils{DBUtils.java" StructureKind="java" NumEvents="12" CreationCount="322"/><InteractionEvent Delta="null" EndDate="2014-09-12 09:19:24.715 JST" Interest="221.217" Kind="propagation" Navigation="org.eclipse.mylyn.core.model.edges.containment" OriginId="org.eclipse.mylyn.core.model.interest.propagation" StartDate="2014-09-12 08:58:37.325 JST" StructureHandle="=TA2/src&amp;lt;ta2.utils{DBUtils.java" StructureKind="java" NumEvents="324" CreationCount="322"/><InteractionEvent Delta="null" EndDate="2014-09-12 09:19:24.714 JST" Interest="307.0" Kind="edit" Navigation="null" OriginId="org.eclipse.jdt.ui.CompilationUnitEditor" StartDate="2014-09-12 08:58:38.630 JST" StructureHandle="=TA2/src&amp;lt;ta2.utils{DBUtils.java[DBUtils~update_Pattern_Used~QActivity;~J" StructureKind="java" NumEvents="307" CreationCount="323"/><InteractionEvent Delta="null" EndDate="2014-09-12 09:23:33.731 JST" Interest="15.0" Kind="selection" Navigation="null" OriginId="org.eclipse.jdt.ui.CompilationUnitEditor" StartDate="2014-09-12 08:58:37.324 JST" StructureHandle="=TA2/src&amp;lt;ta2.utils{DBUtils.java[DBUtils~update_Pattern_Used~QActivity;~J" StructureKind="java" NumEvents="15" CreationCount="323"/><InteractionEvent Delta="null" EndDate="2014-09-12 11:06:51.859 JST" Interest="1.0" Kind="prediction" Navigation="null" OriginId="org.eclipse.mylyn.resources.ui.interest.updater" StartDate="2014-09-12 11:06:51.859 JST" StructureHandle="/TA2/res/values/strings.xml" StructureKind="resource"/><InteractionEvent Delta="null" EndDate="2014-09-12 11:02:21.408 JST" Interest="75.0" Kind="edit" Navigation="null" OriginId="org.eclipse.jdt.ui.CompilationUnitEditor" StartDate="2014-09-12 08:50:37.773 JST" StructureHandle="=TA2/src&amp;lt;ta2.utils{Methods_dlg.java[Methods_dlg~_filter_ShowList__GridView~QActivity;~QDialog;" StructureKind="java" NumEvents="75" CreationCount="213"/><InteractionEvent Delta="null" EndDate="2014-09-12 11:01:56.964 JST" Interest="26.0" Kind="selection" Navigation="null" OriginId="org.eclipse.jdt.ui.CompilationUnitEditor" StartDate="2014-09-12 08:50:37.25 JST" StructureHandle="=TA2/src&amp;lt;ta2.utils{Methods_dlg.java[Methods_dlg~_filter_ShowList__GridView~QActivity;~QDialog;" StructureKind="java" NumEvents="26" CreationCount="213"/><InteractionEvent Delta="null" EndDate="2014-09-12 09:58:50.587 JST" Interest="8.075001" Kind="manipulation" Navigation="null" OriginId="org.eclipse.mylyn.core.model.interest.decay.correction" StartDate="2014-09-12 09:58:50.587 JST" StructureHandle="=TA2/src&amp;lt;ta2.utils{Methods_dlg.java[Methods_dlg~_filter_ShowList__GridView~QActivity;~QDialog;" StructureKind="java"/><InteractionEvent Delta="null" EndDate="2014-09-12 10:00:45.334 JST" Interest="11.0" Kind="selection" Navigation="null" OriginId="org.eclipse.jdt.ui.CompilationUnitEditor" StartDate="2014-09-12 08:57:42.417 JST" StructureHandle="=TA2/src&amp;lt;ta2.utils{Methods.java" StructureKind="java" NumEvents="11" CreationCount="300"/><InteractionEvent Delta="null" EndDate="2014-09-12 09:23:33.562 JST" Interest="73.734" Kind="propagation" Navigation="org.eclipse.mylyn.core.model.edges.containment" OriginId="org.eclipse.mylyn.core.model.interest.propagation" StartDate="2014-09-12 08:57:47.205 JST" StructureHandle="=TA2/src&amp;lt;ta2.utils{Methods.java" StructureKind="java" NumEvents="104" CreationCount="300"/><InteractionEvent Delta="null" EndDate="2014-09-12 11:02:21.408 JST" Interest="142.0" Kind="propagation" Navigation="null" OriginId="org.eclipse.jdt.ui.CompilationUnitEditor" StartDate="2014-09-12 08:49:43.878 JST" StructureHandle="/TA2/src/ta2/utils/Methods_dlg.java" StructureKind="resource" NumEvents="142" CreationCount="195"/><InteractionEvent Delta="null" EndDate="2014-09-12 09:55:23.851 JST" Interest="3.7" Kind="propagation" Navigation="org.eclipse.mylyn.core.model.edges.containment" OriginId="org.eclipse.mylyn.core.model.interest.propagation" StartDate="2014-09-12 09:51:36.496 JST" StructureHandle="=TA2/src&amp;lt;ta2.utils{CONS.java[CONS[Enums" StructureKind="java" NumEvents="4" CreationCount="1480"/><InteractionEvent Delta="null" EndDate="2014-09-12 11:06:52.548 JST" Interest="2720.034" Kind="propagation" Navigation="org.eclipse.mylyn.core.model.edges.containment" OriginId="org.eclipse.mylyn.core.model.interest.propagation" StartDate="2014-09-12 08:39:54.33 JST" StructureHandle="/" StructureKind="resource" NumEvents="2723" CreationCount="1"/><InteractionEvent Delta="null" EndDate="2014-09-12 08:52:48.640 JST" Interest="3.0" Kind="selection" Navigation="null" OriginId="org.eclipse.jdt.ui.CompilationUnitEditor" StartDate="2014-09-12 08:52:46.341 JST" StructureHandle="=TA2/src&amp;lt;ta2.main{MemoActv.java[MemoActv~_Setup_Listeners_LVs" StructureKind="java" NumEvents="3" CreationCount="263"/><InteractionEvent Delta="null" EndDate="2014-09-12 08:51:52.250 JST" Interest="2.0" Kind="propagation" Navigation="org.eclipse.mylyn.core.model.edges.containment" OriginId="org.eclipse.mylyn.core.model.interest.propagation" StartDate="2014-09-12 08:48:57.905 JST" StructureHandle="/TA2/bin" StructureKind="resource" NumEvents="2" CreationCount="189"/><InteractionEvent Delta="null" EndDate="2014-09-12 08:46:31.810 JST" Interest="3.0" Kind="edit" Navigation="null" OriginId="org.eclipse.jdt.ui.CompilationUnitEditor" StartDate="2014-09-12 08:46:26.160 JST" StructureHandle="=TA2/src&amp;lt;ta2.items{WordPattern.java[WordPattern[Builder~setUsed~I" StructureKind="java" NumEvents="3" CreationCount="125"/><InteractionEvent Delta="null" EndDate="2014-09-12 08:46:23.770 JST" Interest="2.0" Kind="selection" Navigation="null" OriginId="org.eclipse.jdt.ui.CompilationUnitEditor" StartDate="2014-09-12 08:46:22.149 JST" StructureHandle="=TA2/src&amp;lt;ta2.items{WordPattern.java[WordPattern[Builder~setUsed~I" StructureKind="java" NumEvents="2" CreationCount="125"/><InteractionEvent Delta="null" EndDate="2014-09-12 11:01:50.972 JST" Interest="25.0" Kind="selection" Navigation="null" OriginId="org.eclipse.jdt.ui.CompilationUnitEditor" StartDate="2014-09-12 08:49:43.878 JST" StructureHandle="=TA2/src&amp;lt;ta2.utils{Methods_dlg.java" StructureKind="java" NumEvents="25" CreationCount="195"/><InteractionEvent Delta="null" EndDate="2014-09-12 11:02:21.409 JST" Interest="53.822998" Kind="propagation" Navigation="org.eclipse.mylyn.core.model.edges.containment" OriginId="org.eclipse.mylyn.core.model.interest.propagation" StartDate="2014-09-12 08:50:49.590 JST" StructureHandle="=TA2/src&amp;lt;ta2.utils{Methods_dlg.java" StructureKind="java" NumEvents="83" CreationCount="195"/><InteractionEvent Delta="null" EndDate="2014-09-12 09:58:50.498 JST" Interest="8.058001" Kind="manipulation" Navigation="null" OriginId="org.eclipse.mylyn.core.model.interest.decay.correction" StartDate="2014-09-12 09:58:50.498 JST" StructureHandle="=TA2/src&amp;lt;ta2.utils{Methods_dlg.java" StructureKind="java"/><InteractionEvent Delta="null" EndDate="2014-09-12 11:06:52.538 JST" Interest="15.0" Kind="selection" Navigation="null" OriginId="org.eclipse.jdt.ui.PackageExplorer" StartDate="2014-09-12 08:41:44.689 JST" StructureHandle="=TA2/src&amp;lt;ta2.main{ShowListActv.java" StructureKind="java" NumEvents="15" CreationCount="32"/><InteractionEvent Delta="null" EndDate="2014-09-12 10:16:11.768 JST" Interest="9.9850025" Kind="propagation" Navigation="org.eclipse.mylyn.core.model.edges.containment" OriginId="org.eclipse.mylyn.core.model.interest.propagation" StartDate="2014-09-12 08:41:49.576 JST" StructureHandle="=TA2/src&amp;lt;ta2.main{ShowListActv.java" StructureKind="java" NumEvents="19" CreationCount="32"/><InteractionEvent Delta="null" EndDate="2014-09-12 11:06:52.348 JST" Interest="22.711" Kind="manipulation" Navigation="null" OriginId="org.eclipse.mylyn.core.model.interest.decay.correction" StartDate="2014-09-12 09:58:39.765 JST" StructureHandle="=TA2/src&amp;lt;ta2.main{ShowListActv.java" StructureKind="java" NumEvents="2" CreationCount="32"/><InteractionEvent Delta="null" EndDate="2014-09-12 11:06:52.539 JST" Interest="725.527" Kind="propagation" Navigation="null" OriginId="org.eclipse.jdt.ui.PackageExplorer" StartDate="2014-09-12 08:39:54.33 JST" StructureHandle="/TA2/src/ta2/main" StructureKind="resource" NumEvents="726" CreationCount="1"/><InteractionEvent Delta="null" EndDate="2014-09-12 08:50:14.708 JST" Interest="1.0" Kind="selection" Navigation="null" OriginId="org.eclipse.jdt.ui.PackageExplorer" StartDate="2014-09-12 08:50:14.708 JST" StructureHandle="=TA2/src&amp;lt;ta2.listeners.button" StructureKind="java"/><InteractionEvent Delta="null" EndDate="2014-09-12 09:14:09.67 JST" Interest="8.0" Kind="edit" Navigation="null" OriginId="org.eclipse.jdt.ui.CompilationUnitEditor" StartDate="2014-09-12 09:07:22.833 JST" StructureHandle="=TA2/src&amp;lt;ta2.utils{DBUtils.java[DBUtils" StructureKind="java" NumEvents="8" CreationCount="323"/><InteractionEvent Delta="null" EndDate="2014-09-12 09:14:08.167 JST" Interest="5.0" Kind="selection" Navigation="null" OriginId="org.eclipse.jdt.ui.CompilationUnitEditor" StartDate="2014-09-12 08:59:52.547 JST" StructureHandle="=TA2/src&amp;lt;ta2.utils{DBUtils.java[DBUtils" StructureKind="java" NumEvents="5" CreationCount="323"/><InteractionEvent Delta="null" EndDate="2014-09-12 09:23:33.732 JST" Interest="219.29999" Kind="propagation" Navigation="org.eclipse.mylyn.core.model.edges.containment" OriginId="org.eclipse.mylyn.core.model.interest.propagation" StartDate="2014-09-12 08:58:37.325 JST" StructureHandle="=TA2/src&amp;lt;ta2.utils{DBUtils.java[DBUtils" StructureKind="java" NumEvents="312" CreationCount="323"/><InteractionEvent Delta="null" EndDate="2014-09-12 10:00:45.597 JST" Interest="138.0" Kind="propagation" Navigation="null" OriginId="org.eclipse.jdt.ui.CompilationUnitEditor" StartDate="2014-09-12 08:57:42.417 JST" StructureHandle="/TA2/src/ta2/utils/Methods.java" StructureKind="resource" NumEvents="138" CreationCount="300"/><InteractionEvent Delta="null" EndDate="2014-09-12 10:27:18.763 JST" Interest="216.0" Kind="edit" Navigation="null" OriginId="org.eclipse.jdt.ui.CompilationUnitEditor" StartDate="2014-09-12 09:55:46.175 JST" StructureHandle="=TA2/src&amp;lt;ta2.main{MemoActv.java[MemoActv~_Setup_List_3" StructureKind="java" NumEvents="216" CreationCount="1661"/><InteractionEvent Delta="null" EndDate="2014-09-12 10:27:24.797 JST" Interest="23.0" Kind="selection" Navigation="null" OriginId="org.eclipse.jdt.ui.CompilationUnitEditor" StartDate="2014-09-12 09:55:45.467 JST" StructureHandle="=TA2/src&amp;lt;ta2.main{MemoActv.java[MemoActv~_Setup_List_3" StructureKind="java" NumEvents="23" CreationCount="1661"/><InteractionEvent Delta="null" EndDate="2014-09-12 09:24:55.222 JST" Interest="5.0" Kind="edit" Navigation="null" OriginId="org.eclipse.jdt.ui.CompilationUnitEditor" StartDate="2014-09-12 09:24:49.215 JST" StructureHandle="=TA2/src&amp;lt;ta2.utils{CONS.java[CONS[DB^col_names_Patterns" StructureKind="java" NumEvents="5" CreationCount="1158"/><InteractionEvent Delta="null" EndDate="2014-09-12 09:24:48.578 JST" Interest="1.0" Kind="selection" Navigation="null" OriginId="org.eclipse.jdt.ui.CompilationUnitEditor" StartDate="2014-09-12 09:24:48.578 JST" StructureHandle="=TA2/src&amp;lt;ta2.utils{CONS.java[CONS[DB^col_names_Patterns" StructureKind="java"/><InteractionEvent Delta="null" EndDate="2014-09-12 08:49:36.407 JST" Interest="1.0" Kind="selection" Navigation="null" OriginId="org.eclipse.jdt.ui.PackageExplorer" StartDate="2014-09-12 08:49:36.407 JST" StructureHandle="=TA2/src&amp;lt;ta2.listeners.dialog" StructureKind="java"/><InteractionEvent Delta="null" EndDate="2014-09-12 10:27:43.368 JST" Interest="90.0" Kind="edit" Navigation="null" OriginId="org.eclipse.jdt.ui.CompilationUnitEditor" StartDate="2014-09-12 09:55:25.931 JST" StructureHandle="=TA2/src&amp;lt;ta2.main{MemoActv.java[MemoActv~_Setup_List_1" StructureKind="java" NumEvents="90" CreationCount="1616"/><InteractionEvent Delta="null" EndDate="2014-09-12 10:27:37.255 JST" Interest="13.0" Kind="selection" Navigation="null" OriginId="org.eclipse.jdt.ui.CompilationUnitEditor" StartDate="2014-09-12 09:55:25.329 JST" StructureHandle="=TA2/src&amp;lt;ta2.main{MemoActv.java[MemoActv~_Setup_List_1" StructureKind="java" NumEvents="13" CreationCount="1616"/><InteractionEvent Delta="null" EndDate="2014-09-12 10:27:34.330 JST" Interest="230.0" Kind="edit" Navigation="null" OriginId="org.eclipse.jdt.ui.CompilationUnitEditor" StartDate="2014-09-12 08:42:27.595 JST" StructureHandle="=TA2/src&amp;lt;ta2.main{MemoActv.java[MemoActv~_Setup_List_2" StructureKind="java" NumEvents="230" CreationCount="53"/><InteractionEvent Delta="null" EndDate="2014-09-12 10:27:37.229 JST" Interest="37.0" Kind="selection" Navigation="null" OriginId="org.eclipse.jdt.ui.CompilationUnitEditor" StartDate="2014-09-12 08:42:27.480 JST" StructureHandle="=TA2/src&amp;lt;ta2.main{MemoActv.java[MemoActv~_Setup_List_2" StructureKind="java" NumEvents="37" CreationCount="53"/><InteractionEvent Delta="null" EndDate="2014-09-12 08:50:32.952 JST" Interest="1.0" Kind="edit" Navigation="null" OriginId="org.eclipse.jdt.ui.CompilationUnitEditor" StartDate="2014-09-12 08:50:32.952 JST" StructureHandle="=TA2/src&amp;lt;ta2.utils{Methods_dlg.java[Methods_dlg~filter_ShowList~QActivity;" StructureKind="java"/><InteractionEvent Delta="null" EndDate="2014-09-12 10:00:54.198 JST" Interest="3.0" Kind="selection" Navigation="null" OriginId="org.eclipse.jdt.ui.CompilationUnitEditor" StartDate="2014-09-12 08:50:32.300 JST" StructureHandle="=TA2/src&amp;lt;ta2.utils{Methods_dlg.java[Methods_dlg~filter_ShowList~QActivity;" StructureKind="java" NumEvents="3" CreationCount="211"/><InteractionEvent Delta="null" EndDate="2014-09-12 09:58:51.272 JST" Interest="25.126001" Kind="manipulation" Navigation="null" OriginId="org.eclipse.mylyn.core.model.interest.decay.correction" StartDate="2014-09-12 09:58:51.272 JST" StructureHandle="=TA2/src&amp;lt;ta2.utils{Methods_dlg.java[Methods_dlg~filter_ShowList~QActivity;" StructureKind="java"/><InteractionEvent Delta="null" EndDate="2014-09-12 09:24:43.881 JST" Interest="2.0" Kind="edit" Navigation="null" OriginId="org.eclipse.jdt.ui.CompilationUnitEditor" StartDate="2014-09-12 09:24:43.207 JST" StructureHandle="=TA2/src&amp;lt;ta2.utils{CONS.java[CONS[DB^col_types_Patterns" StructureKind="java" NumEvents="2" CreationCount="1154"/><InteractionEvent Delta="null" EndDate="2014-09-12 09:24:40.871 JST" Interest="1.0" Kind="selection" Navigation="null" OriginId="org.eclipse.jdt.ui.CompilationUnitEditor" StartDate="2014-09-12 09:24:40.871 JST" StructureHandle="=TA2/src&amp;lt;ta2.utils{CONS.java[CONS[DB^col_types_Patterns" StructureKind="java"/><InteractionEvent Delta="null" EndDate="2014-09-12 10:16:41.757 JST" Interest="7.0" Kind="selection" Navigation="null" OriginId="org.eclipse.jdt.ui.CompilationUnitEditor" StartDate="2014-09-12 08:50:27.570 JST" StructureHandle="=TA2/src&amp;lt;ta2.main{ShowListActv.java[ShowListActv~case_OPT_Filter" StructureKind="java" NumEvents="7" CreationCount="209"/><InteractionEvent Delta="null" EndDate="2014-09-12 09:58:39.938 JST" Interest="25.775002" Kind="manipulation" Navigation="null" OriginId="org.eclipse.mylyn.core.model.interest.decay.correction" StartDate="2014-09-12 09:58:39.938 JST" StructureHandle="=TA2/src&amp;lt;ta2.main{ShowListActv.java[ShowListActv~case_OPT_Filter" StructureKind="java"/><InteractionEvent Delta="null" EndDate="2014-09-12 09:58:41.504 JST" Interest="1.0" Kind="selection" Navigation="null" OriginId="org.eclipse.jdt.ui.CompilationUnitEditor" StartDate="2014-09-12 09:58:41.504 JST" StructureHandle="=TA2/src&amp;lt;ta2.main{ShowListActv.java[ShowListActv~onKeyDown~I~QKeyEvent;" StructureKind="java"/><InteractionEvent Delta="null" EndDate="2014-09-12 08:51:07.179 JST" Interest="1.0" Kind="selection" Navigation="null" OriginId="org.eclipse.jdt.ui.PackageExplorer" StartDate="2014-09-12 08:51:07.179 JST" StructureHandle="=TA2/src&amp;lt;ta2.main{MainActv.java" StructureKind="java"/><InteractionEvent Delta="null" EndDate="2014-09-12 08:44:51.610 JST" Interest="4.0" Kind="selection" Navigation="null" OriginId="org.eclipse.jdt.ui.CompilationUnitEditor" StartDate="2014-09-12 08:44:48.244 JST" StructureHandle="=TA2/src&amp;lt;ta2.main{MemoActv.java[MemoActv~onCreate~QBundle;" StructureKind="java" NumEvents="4" CreationCount="79"/><InteractionEvent Delta="null" EndDate="2014-09-12 08:46:17.140 JST" Interest="1.0" Kind="selection" Navigation="null" OriginId="org.eclipse.jdt.ui.CompilationUnitEditor" StartDate="2014-09-12 08:46:17.140 JST" StructureHandle="=TA2/src&amp;lt;ta2.items{WordPattern.java[WordPattern[Builder^used" StructureKind="java"/><InteractionEvent Delta="null" EndDate="2014-09-12 11:06:51.123 JST" Interest="870.0" Kind="propagation" Navigation="null" OriginId="org.eclipse.jdt.ui.CompilationUnitEditor" StartDate="2014-09-12 08:42:45.602 JST" StructureHandle="/TA2/src/ta2/comps/Comp_WP.java" StructureKind="resource" NumEvents="870" CreationCount="61"/><InteractionEvent Delta="null" EndDate="2014-09-12 08:42:19.916 JST" Interest="1.0" Kind="selection" Navigation="null" OriginId="org.eclipse.ui.views.ContentOutline" StartDate="2014-09-12 08:42:19.916 JST" StructureHandle="=TA2/src&amp;lt;ta2.main{MemoActv.java%ta2.main" StructureKind="java"/><InteractionEvent Delta="null" EndDate="2014-09-12 09:24:33.542 JST" Interest="9.0" Kind="edit" Navigation="null" OriginId="org.eclipse.jdt.ui.CompilationUnitEditor" StartDate="2014-09-12 09:05:37.527 JST" StructureHandle="=TA2/src&amp;lt;ta2.utils{CONS.java[CONS[DB^col_names_Patterns_full" StructureKind="java" NumEvents="9" CreationCount="371"/><InteractionEvent Delta="null" EndDate="2014-09-12 09:24:21.789 JST" Interest="5.0" Kind="selection" Navigation="null" OriginId="org.eclipse.jdt.ui.CompilationUnitEditor" StartDate="2014-09-12 09:05:35.23 JST" StructureHandle="=TA2/src&amp;lt;ta2.utils{CONS.java[CONS[DB^col_names_Patterns_full" StructureKind="java" NumEvents="5" CreationCount="371"/><InteractionEvent Delta="null" EndDate="2014-09-12 09:24:21.789 JST" Interest="7.058001" Kind="manipulation" Navigation="null" OriginId="org.eclipse.mylyn.core.model.interest.decay.correction" StartDate="2014-09-12 09:24:21.789 JST" StructureHandle="=TA2/src&amp;lt;ta2.utils{CONS.java[CONS[DB^col_names_Patterns_full" StructureKind="java"/><InteractionEvent Delta="null" EndDate="2014-09-12 08:50:14.709 JST" Interest="1.0" Kind="propagation" Navigation="null" OriginId="org.eclipse.jdt.ui.PackageExplorer" StartDate="2014-09-12 08:50:14.709 JST" StructureHandle="/TA2/src/ta2/listeners/button" StructureKind="resource"/><InteractionEvent Delta="null" EndDate="2014-09-12 08:51:07.179 JST" Interest="1.0" Kind="propagation" Navigation="null" OriginId="org.eclipse.jdt.ui.PackageExplorer" StartDate="2014-09-12 08:51:07.179 JST" StructureHandle="/TA2/src/ta2/main/MainActv.java" StructureKind="resource"/><InteractionEvent Delta="null" EndDate="2014-09-12 08:58:49.993 JST" Interest="1.0" Kind="edit" Navigation="null" OriginId="org.eclipse.jdt.ui.CompilationUnitEditor" StartDate="2014-09-12 08:58:49.993 JST" StructureHandle="=TA2/src&amp;lt;ta2.utils{DBUtils.java[DBUtils~column_Exists~QActivity;~QString;~QString;" StructureKind="java"/><InteractionEvent Delta="null" EndDate="2014-09-12 08:59:51.235 JST" Interest="2.0" Kind="selection" Navigation="null" OriginId="org.eclipse.jdt.ui.CompilationUnitEditor" StartDate="2014-09-12 08:58:47.650 JST" StructureHandle="=TA2/src&amp;lt;ta2.utils{DBUtils.java[DBUtils~column_Exists~QActivity;~QString;~QString;" StructureKind="java" NumEvents="2" CreationCount="328"/><InteractionEvent Delta="null" EndDate="2014-09-12 11:02:24.497 JST" Interest="400.0" Kind="edit" Navigation="null" OriginId="org.eclipse.jdt.ui.CompilationUnitEditor" StartDate="2014-09-12 09:48:54.846 JST" StructureHandle="=TA2/src&amp;lt;ta2.comps{Comp_WP.java[Comp_WP~_compare_USED~QWordPattern;~QWordPattern;" StructureKind="java" NumEvents="400" CreationCount="1399"/><InteractionEvent Delta="null" EndDate="2014-09-12 11:02:24.495 JST" Interest="18.0" Kind="selection" Navigation="null" OriginId="org.eclipse.jdt.ui.CompilationUnitEditor" StartDate="2014-09-12 09:48:52.740 JST" StructureHandle="=TA2/src&amp;lt;ta2.comps{Comp_WP.java[Comp_WP~_compare_USED~QWordPattern;~QWordPattern;" StructureKind="java" NumEvents="18" CreationCount="1399"/><InteractionEvent Delta="null" EndDate="2014-09-12 08:46:14.270 JST" Interest="7.0" Kind="selection" Navigation="null" OriginId="org.eclipse.jdt.ui.CompilationUnitEditor" StartDate="2014-09-12 08:40:00.492 JST" StructureHandle="=TA2/src&amp;lt;ta2.items{WordPattern.java" StructureKind="java" NumEvents="7" CreationCount="3"/><InteractionEvent Delta="null" EndDate="2014-09-12 08:46:13.617 JST" Interest="6.022999" Kind="propagation" Navigation="org.eclipse.mylyn.core.model.edges.containment" OriginId="org.eclipse.mylyn.core.model.interest.propagation" StartDate="2014-09-12 08:40:13.566 JST" StructureHandle="=TA2/src&amp;lt;ta2.items{WordPattern.java" StructureKind="java" NumEvents="11" CreationCount="3"/><InteractionEvent Delta="null" EndDate="2014-09-12 09:58:39.639 JST" Interest="56.017002" Kind="propagation" Navigation="null" OriginId="org.eclipse.jdt.ui.PackageExplorer" StartDate="2014-09-12 08:39:57.290 JST" StructureHandle="/TA2/src/ta2/items" StructureKind="resource" NumEvents="57" CreationCount="2"/><InteractionEvent Delta="null" EndDate="2014-09-12 09:11:20.120 JST" Interest="6.0" Kind="edit" Navigation="null" OriginId="org.eclipse.jdt.ui.CompilationUnitEditor" StartDate="2014-09-12 09:08:31.47 JST" StructureHandle="=TA2/src&amp;lt;ta2.utils{DBUtils.java[DBUtils~find_All_Memos~QActivity;" StructureKind="java" NumEvents="6" CreationCount="492"/><InteractionEvent Delta="null" EndDate="2014-09-12 09:11:15.52 JST" Interest="2.0" Kind="selection" Navigation="null" OriginId="org.eclipse.jdt.ui.CompilationUnitEditor" StartDate="2014-09-12 09:08:31.44 JST" StructureHandle="=TA2/src&amp;lt;ta2.utils{DBUtils.java[DBUtils~find_All_Memos~QActivity;" StructureKind="java" NumEvents="2" CreationCount="492"/><InteractionEvent Delta="null" EndDate="2014-09-12 09:11:15.52 JST" Interest="1.105" Kind="manipulation" Navigation="null" OriginId="org.eclipse.mylyn.core.model.interest.decay.correction" StartDate="2014-09-12 09:11:15.52 JST" StructureHandle="=TA2/src&amp;lt;ta2.utils{DBUtils.java[DBUtils~find_All_Memos~QActivity;" StructureKind="java"/><InteractionEvent Delta="null" EndDate="2014-09-12 09:51:41.491 JST" Interest="1.0" Kind="edit" Navigation="null" OriginId="org.eclipse.jdt.ui.CompilationUnitEditor" StartDate="2014-09-12 09:51:41.491 JST" StructureHandle="=TA2/src&amp;lt;ta2.utils{CONS.java[CONS[Enums[SortType" StructureKind="java"/><InteractionEvent Delta="null" EndDate="2014-09-12 09:55:23.851 JST" Interest="2.0" Kind="selection" Navigation="null" OriginId="org.eclipse.ui.views.ContentOutline" StartDate="2014-09-12 09:51:38.839 JST" StructureHandle="=TA2/src&amp;lt;ta2.utils{CONS.java[CONS[Enums[SortType" StructureKind="java" NumEvents="2" CreationCount="1480"/><InteractionEvent Delta="null" EndDate="2014-09-12 09:51:36.495 JST" Interest="1.0" Kind="propagation" Navigation="org.eclipse.mylyn.core.model.edges.containment" OriginId="org.eclipse.mylyn.core.model.interest.propagation" StartDate="2014-09-12 09:51:36.495 JST" StructureHandle="=TA2/src&amp;lt;ta2.utils{CONS.java[CONS[Enums[SortType" StructureKind="java"/><InteractionEvent Delta="null" EndDate="2014-09-12 10:00:45.93 JST" Interest="27.214" Kind="propagation" Navigation="org.eclipse.mylyn.core.model.edges.containment" OriginId="org.eclipse.mylyn.core.model.interest.propagation" StartDate="2014-09-12 08:53:01.263 JST" StructureHandle="=TA2/src&amp;lt;ta2.listeners" StructureKind="java" NumEvents="36" CreationCount="272"/><InteractionEvent Delta="null" EndDate="2014-09-12 08:59:40.281 JST" Interest="8.0" Kind="edit" Navigation="null" OriginId="org.eclipse.jdt.ui.CompilationUnitEditor" StartDate="2014-09-12 08:59:23.357 JST" StructureHandle="=TA2/src&amp;lt;ta2.utils{DBUtils.java[DBUtils~update_Data_AI~QActivity;~QString;~QString;~J~QString;~QString;" StructureKind="java" NumEvents="8" CreationCount="337"/><InteractionEvent Delta="null" EndDate="2014-09-12 08:59:21.868 JST" Interest="1.0" Kind="selection" Navigation="null" OriginId="org.eclipse.jdt.ui.CompilationUnitEditor" StartDate="2014-09-12 08:59:21.868 JST" StructureHandle="=TA2/src&amp;lt;ta2.utils{DBUtils.java[DBUtils~update_Data_AI~QActivity;~QString;~QString;~J~QString;~QString;" StructureKind="java"/><InteractionEvent Delta="null" EndDate="2014-09-12 09:20:09.679 JST" Interest="7.0" Kind="edit" Navigation="null" OriginId="org.eclipse.jdt.ui.CompilationUnitEditor" StartDate="2014-09-12 09:20:03.827 JST" StructureHandle="=TA2/src&amp;lt;ta2.utils{Methods.java[Methods~createTable_Patterns~QActivity;~QDialog;~QDialog;~QDialog;" StructureKind="java" NumEvents="7" CreationCount="1040"/><InteractionEvent Delta="null" EndDate="2014-09-12 09:20:00.879 JST" Interest="1.0" Kind="selection" Navigation="null" OriginId="org.eclipse.jdt.ui.CompilationUnitEditor" StartDate="2014-09-12 09:20:00.879 JST" StructureHandle="=TA2/src&amp;lt;ta2.utils{Methods.java[Methods~createTable_Patterns~QActivity;~QDialog;~QDialog;~QDialog;" StructureKind="java"/><InteractionEvent Delta="null" EndDate="2014-09-12 08:45:47.69 JST" Interest="1.0" Kind="selection" Navigation="null" OriginId="org.eclipse.jdt.ui.CompilationUnitEditor" StartDate="2014-09-12 08:45:47.69 JST" StructureHandle="=TA2/src&amp;lt;ta2.items{WordPattern.java[WordPattern^word" StructureKind="java"/><InteractionEvent Delta="null" EndDate="2014-09-12 10:00:45.93 JST" Interest="37.0" Kind="propagation" Navigation="null" OriginId="org.eclipse.jdt.ui.CompilationUnitEditor" StartDate="2014-09-12 08:53:01.262 JST" StructureHandle="/TA2/src/ta2/listeners/LOI_CL.java" StructureKind="resource" NumEvents="37" CreationCount="272"/><InteractionEvent Delta="null" EndDate="2014-09-12 11:06:51.860 JST" Interest="1.0" Kind="propagation" Navigation="org.eclipse.mylyn.core.model.edges.containment" OriginId="org.eclipse.mylyn.core.model.interest.propagation" StartDate="2014-09-12 11:06:51.860 JST" StructureHandle="/TA2/res/values" StructureKind="resource"/><InteractionEvent Delta="null" EndDate="2014-09-12 08:39:57.290 JST" Interest="1.0" Kind="selection" Navigation="null" OriginId="org.eclipse.jdt.ui.PackageExplorer" StartDate="2014-09-12 08:39:57.290 JST" StructureHandle="=TA2/src&amp;lt;ta2.items" StructureKind="java"/><InteractionEvent Delta="null" EndDate="2014-09-12 09:58:39.639 JST" Interest="30.243002" Kind="propagation" Navigation="org.eclipse.mylyn.core.model.edges.containment" OriginId="org.eclipse.mylyn.core.model.interest.propagation" StartDate="2014-09-12 08:40:00.492 JST" StructureHandle="=TA2/src&amp;lt;ta2.items" StructureKind="java" NumEvents="20" CreationCount="2"/><InteractionEvent Delta="null" EndDate="2014-09-12 09:58:39.639 JST" Interest="2.0" Kind="propagation" Navigation="null" OriginId="org.eclipse.jdt.ui.PackageExplorer" StartDate="2014-09-12 08:52:33.27 JST" StructureHandle="/TA2/src/ta2/items/ListItem.java" StructureKind="resource" NumEvents="2" CreationCount="256"/><InteractionEvent Delta="null" EndDate="2014-09-12 09:58:39.639 JST" Interest="24.942001" Kind="manipulation" Navigation="null" OriginId="org.eclipse.mylyn.core.model.interest.decay.correction" StartDate="2014-09-12 09:58:39.639 JST" StructureHandle="/TA2/src/ta2/items/ListItem.java" StructureKind="resource"/><InteractionEvent Delta="null" EndDate="2014-09-12 08:41:32.294 JST" Interest="9.0" Kind="edit" Navigation="null" OriginId="org.eclipse.jdt.ui.CompilationUnitEditor" StartDate="2014-09-12 08:41:20.615 JST" StructureHandle="=TA2/src&amp;lt;ta2.items{WordPattern.java[WordPattern~WordPattern~QBuilder;" StructureKind="java" NumEvents="9" CreationCount="22"/><InteractionEvent Delta="null" EndDate="2014-09-12 08:46:08.80 JST" Interest="3.0" Kind="selection" Navigation="null" OriginId="org.eclipse.jdt.ui.CompilationUnitEditor" StartDate="2014-09-12 08:41:19.337 JST" StructureHandle="=TA2/src&amp;lt;ta2.items{WordPattern.java[WordPattern~WordPattern~QBuilder;" StructureKind="java" NumEvents="3" CreationCount="22"/><InteractionEvent Delta="null" EndDate="2014-09-12 11:01:28.479 JST" Interest="1.0" Kind="edit" Navigation="null" OriginId="org.eclipse.jdt.ui.CompilationUnitEditor" StartDate="2014-09-12 11:01:28.479 JST" StructureHandle="=TA2/src&amp;lt;ta2.comps{Comp_WP.java[Comp_WP^ti_List" StructureKind="java"/><InteractionEvent Delta="null" EndDate="2014-09-12 11:01:28.476 JST" Interest="1.0" Kind="selection" Navigation="null" OriginId="org.eclipse.jdt.ui.CompilationUnitEditor" StartDate="2014-09-12 11:01:28.476 JST" StructureHandle="=TA2/src&amp;lt;ta2.comps{Comp_WP.java[Comp_WP^ti_List" StructureKind="java"/><InteractionEvent Delta="null" EndDate="2014-09-12 08:51:09.423 JST" Interest="1.0" Kind="selection" Navigation="null" OriginId="org.eclipse.jdt.ui.PackageExplorer" StartDate="2014-09-12 08:51:09.423 JST" StructureHandle="=TA2/src&amp;lt;ta2.comps" StructureKind="java"/><InteractionEvent Delta="null" EndDate="2014-09-12 11:02:29.324 JST" Interest="323.44604" Kind="propagation" Navigation="org.eclipse.mylyn.core.model.edges.containment" OriginId="org.eclipse.mylyn.core.model.interest.propagation" StartDate="2014-09-12 08:42:45.603 JST" StructureHandle="=TA2/src&amp;lt;ta2.comps" StructureKind="java" NumEvents="480" CreationCount="61"/><InteractionEvent Delta="null" EndDate="2014-09-12 08:39:54.32 JST" Interest="1.0" Kind="selection" Navigation="null" OriginId="org.eclipse.jdt.ui.PackageExplorer" StartDate="2014-09-12 08:39:54.32 JST" StructureHandle="=TA2/src&amp;lt;ta2.main" StructureKind="java"/><InteractionEvent Delta="null" EndDate="2014-09-12 10:27:25.399 JST" Interest="201.42001" Kind="propagation" Navigation="org.eclipse.mylyn.core.model.edges.containment" OriginId="org.eclipse.mylyn.core.model.interest.propagation" StartDate="2014-09-12 08:41:44.690 JST" StructureHandle="=TA2/src&amp;lt;ta2.main" StructureKind="java" NumEvents="279" CreationCount="1"/><InteractionEvent Delta="null" EndDate="2014-09-12 10:00:45.93 JST" Interest="38.377" Kind="propagation" Navigation="org.eclipse.mylyn.core.model.edges.containment" OriginId="org.eclipse.mylyn.core.model.interest.propagation" StartDate="2014-09-12 08:49:36.407 JST" StructureHandle="/TA2/src/ta2/listeners" StructureKind="resource" NumEvents="39" CreationCount="191"/><InteractionEvent Delta="null" EndDate="2014-09-12 11:02:22.210 JST" Interest="28.0" Kind="selection" Navigation="null" OriginId="org.eclipse.jdt.ui.CompilationUnitEditor" StartDate="2014-09-12 08:42:45.602 JST" StructureHandle="=TA2/src&amp;lt;ta2.comps{Comp_WP.java" StructureKind="java" NumEvents="28" CreationCount="61"/><InteractionEvent Delta="null" EndDate="2014-09-12 11:02:29.324 JST" Interest="296.446" Kind="propagation" Navigation="org.eclipse.mylyn.core.model.edges.containment" OriginId="org.eclipse.mylyn.core.model.interest.propagation" StartDate="2014-09-12 08:42:46.293 JST" StructureHandle="=TA2/src&amp;lt;ta2.comps{Comp_WP.java" StructureKind="java" NumEvents="432" CreationCount="61"/><InteractionEvent Delta="null" EndDate="2014-09-12 09:13:32.369 JST" Interest="9.0" Kind="edit" Navigation="null" OriginId="org.eclipse.jdt.ui.CompilationUnitEditor" StartDate="2014-09-12 08:58:57.116 JST" StructureHandle="=TA2/src&amp;lt;ta2.utils{DBUtils.java[DBUtils~add_Column~QActivity;~QString;~QString;~QString;" StructureKind="java" NumEvents="9" CreationCount="330"/><InteractionEvent Delta="null" EndDate="2014-09-12 09:13:31.644 JST" Interest="2.0" Kind="selection" Navigation="null" OriginId="org.eclipse.jdt.ui.CompilationUnitEditor" StartDate="2014-09-12 08:58:53.733 JST" StructureHandle="=TA2/src&amp;lt;ta2.utils{DBUtils.java[DBUtils~add_Column~QActivity;~QString;~QString;~QString;" StructureKind="java" NumEvents="2" CreationCount="330"/><InteractionEvent Delta="null" EndDate="2014-09-12 09:13:31.644 JST" Interest="2.7730007" Kind="manipulation" Navigation="null" OriginId="org.eclipse.mylyn.core.model.interest.decay.correction" StartDate="2014-09-12 09:13:31.644 JST" StructureHandle="=TA2/src&amp;lt;ta2.utils{DBUtils.java[DBUtils~add_Column~QActivity;~QString;~QString;~QString;" StructureKind="java"/><InteractionEvent Delta="null" EndDate="2014-09-12 10:05:04.690 JST" Interest="1.0" Kind="edit" Navigation="null" OriginId="org.eclipse.jdt.ui.CompilationUnitEditor" StartDate="2014-09-12 10:05:04.690 JST" StructureHandle="=TA2/src&amp;lt;ta2.comps{Comp_WP.java[Comp_WP~Comp_WP~QList\&amp;lt;QWordPattern;&amp;gt;;~QSortType;~QSortOrder;" StructureKind="java"/><InteractionEvent Delta="null" EndDate="2014-09-12 10:05:46.533 JST" Interest="7.0" Kind="selection" Navigation="null" OriginId="org.eclipse.jdt.ui.CompilationUnitEditor" StartDate="2014-09-12 09:27:18.792 JST" StructureHandle="=TA2/src&amp;lt;ta2.comps{Comp_WP.java[Comp_WP~Comp_WP~QList\&amp;lt;QWordPattern;&amp;gt;;~QSortType;~QSortOrder;" StructureKind="java" NumEvents="7" CreationCount="1171"/><InteractionEvent Delta="null" EndDate="2014-09-12 10:05:03.708 JST" Interest="7.7470007" Kind="manipulation" Navigation="null" OriginId="org.eclipse.mylyn.core.model.interest.decay.correction" StartDate="2014-09-12 10:05:03.708 JST" StructureHandle="=TA2/src&amp;lt;ta2.comps{Comp_WP.java[Comp_WP~Comp_WP~QList\&amp;lt;QWordPattern;&amp;gt;;~QSortType;~QSortOrder;" StructureKind="java"/><InteractionEvent Delta="null" EndDate="2014-09-12 08:49:41.852 JST" Interest="1.0" Kind="selection" Navigation="null" OriginId="org.eclipse.jdt.ui.PackageExplorer" StartDate="2014-09-12 08:49:41.852 JST" StructureHandle="=TA2/src&amp;lt;ta2.utils" StructureKind="java"/><InteractionEvent Delta="null" EndDate="2014-09-12 09:57:23.135 JST" Interest="235.093" Kind="propagation" Navigation="org.eclipse.mylyn.core.model.edges.containment" OriginId="org.eclipse.mylyn.core.model.interest.propagation" StartDate="2014-09-12 08:49:43.879 JST" StructureHandle="=TA2/src&amp;lt;ta2.utils" StructureKind="java" NumEvents="341" CreationCount="194"/><InteractionEvent Delta="null" EndDate="2014-09-12 09:23:33.561 JST" Interest="101.0" Kind="edit" Navigation="null" OriginId="org.eclipse.jdt.ui.CompilationUnitEditor" StartDate="2014-09-12 08:57:44.530 JST" StructureHandle="=TA2/src&amp;lt;ta2.utils{Methods.java[Methods~update_Pattern_Used~QActivity;~J" StructureKind="java" NumEvents="101" CreationCount="302"/><InteractionEvent Delta="null" EndDate="2014-09-12 10:00:45.597 JST" Interest="13.0" Kind="selection" Navigation="null" OriginId="org.eclipse.jdt.ui.CompilationUnitEditor" StartDate="2014-09-12 08:57:43.520 JST" StructureHandle="=TA2/src&amp;lt;ta2.utils{Methods.java[Methods~update_Pattern_Used~QActivity;~J" StructureKind="java" NumEvents="13" CreationCount="302"/><InteractionEvent Delta="null" EndDate="2014-09-12 11:02:21.408 JST" Interest="86.60899" Kind="propagation" Navigation="org.eclipse.mylyn.core.model.edges.containment" OriginId="org.eclipse.mylyn.core.model.interest.propagation" StartDate="2014-09-12 08:50:32.301 JST" StructureHandle="=TA2/src&amp;lt;ta2.utils{Methods_dlg.java[Methods_dlg" StructureKind="java" NumEvents="103" CreationCount="211"/><InteractionEvent Delta="null" EndDate="2014-09-12 09:21:25.902 JST" Interest="3.0" Kind="selection" Navigation="null" OriginId="org.eclipse.jdt.ui.CompilationUnitEditor" StartDate="2014-09-12 08:57:55.694 JST" StructureHandle="=TA2/src&amp;lt;ta2.utils{Methods.java[Methods~addCol_PatternsUsed~QActivity;~QDialog;~QDialog;~QDialog;" StructureKind="java" NumEvents="3" CreationCount="310"/><InteractionEvent Delta="null" EndDate="2014-09-12 09:21:15.483 JST" Interest="12.005001" Kind="manipulation" Navigation="null" OriginId="org.eclipse.mylyn.core.model.interest.decay.correction" StartDate="2014-09-12 09:21:15.483 JST" StructureHandle="=TA2/src&amp;lt;ta2.utils{Methods.java[Methods~addCol_PatternsUsed~QActivity;~QDialog;~QDialog;~QDialog;" StructureKind="java"/><InteractionEvent Delta="null" EndDate="2014-09-12 08:53:01.963 JST" Interest="1.0" Kind="selection" Navigation="null" OriginId="org.eclipse.jdt.ui.CompilationUnitEditor" StartDate="2014-09-12 08:53:01.963 JST" StructureHandle="=TA2/src&amp;lt;ta2.listeners{LOI_CL.java[LOI_CL~LOI_CL~QActivity;" StructureKind="java"/><InteractionEvent Delta="null" EndDate="2014-09-12 08:53:09.557 JST" Interest="1.0" Kind="selection" Navigation="null" OriginId="org.eclipse.jdt.ui.CompilationUnitEditor" StartDate="2014-09-12 08:53:09.557 JST" StructureHandle="=TA2/src&amp;lt;ta2.listeners{LOI_CL.java[LOI_CL" StructureKind="java"/><InteractionEvent Delta="null" EndDate="2014-09-12 09:31:49.93 JST" Interest="20.451" Kind="propagation" Navigation="org.eclipse.mylyn.core.model.edges.containment" OriginId="org.eclipse.mylyn.core.model.interest.propagation" StartDate="2014-09-12 08:53:01.964 JST" StructureHandle="=TA2/src&amp;lt;ta2.listeners{LOI_CL.java[LOI_CL" StructureKind="java" NumEvents="29" CreationCount="273"/><InteractionEvent Delta="null" EndDate="2014-09-12 10:58:24.56 JST" Interest="19.0" Kind="edit" Navigation="null" OriginId="org.eclipse.jdt.ui.CompilationUnitEditor" StartDate="2014-09-12 08:43:02.984 JST" StructureHandle="=TA2/src&amp;lt;ta2.comps{Comp_WP.java[Comp_WP~compare~QWordPattern;~QWordPattern;" StructureKind="java" NumEvents="19" CreationCount="63"/><InteractionEvent Delta="null" EndDate="2014-09-12 10:58:24.53 JST" Interest="14.0" Kind="selection" Navigation="null" OriginId="org.eclipse.jdt.ui.CompilationUnitEditor" StartDate="2014-09-12 08:43:01.362 JST" StructureHandle="=TA2/src&amp;lt;ta2.comps{Comp_WP.java[Comp_WP~compare~QWordPattern;~QWordPattern;" StructureKind="java" NumEvents="14" CreationCount="63"/><InteractionEvent Delta="null" EndDate="2014-09-12 10:58:24.53 JST" Interest="16.917004" Kind="manipulation" Navigation="null" OriginId="org.eclipse.mylyn.core.model.interest.decay.correction" StartDate="2014-09-12 09:28:30.632 JST" StructureHandle="=TA2/src&amp;lt;ta2.comps{Comp_WP.java[Comp_WP~compare~QWordPattern;~QWordPattern;" StructureKind="java" NumEvents="2" CreationCount="63"/><InteractionEvent Delta="null" EndDate="2014-09-12 09:51:36.495 JST" Interest="1.0" Kind="selection" Navigation="null" OriginId="org.eclipse.jdt.ui.CompilationUnitEditor" StartDate="2014-09-12 09:51:36.495 JST" StructureHandle="=TA2/src&amp;lt;ta2.utils{CONS.java[CONS[Enums[SortType^WORD" StructureKind="java"/><InteractionEvent Delta="null" EndDate="2014-09-12 08:41:12.169 JST" Interest="2.0" Kind="edit" Navigation="null" OriginId="org.eclipse.jdt.ui.CompilationUnitEditor" StartDate="2014-09-12 08:40:54.66 JST" StructureHandle="=TA2/src&amp;lt;ta2.items{WordPattern.java[WordPattern[Builder" StructureKind="java" NumEvents="2" CreationCount="9"/><InteractionEvent Delta="null" EndDate="2014-09-12 08:40:52.849 JST" Interest="2.0" Kind="selection" Navigation="null" OriginId="org.eclipse.jdt.ui.CompilationUnitEditor" StartDate="2014-09-12 08:40:17.156 JST" StructureHandle="=TA2/src&amp;lt;ta2.items{WordPattern.java[WordPattern[Builder" StructureKind="java" NumEvents="2" CreationCount="9"/><InteractionEvent Delta="null" EndDate="2014-09-12 08:46:31.810 JST" Interest="2.6720002" Kind="propagation" Navigation="org.eclipse.mylyn.core.model.edges.containment" OriginId="org.eclipse.mylyn.core.model.interest.propagation" StartDate="2014-09-12 08:46:23.770 JST" StructureHandle="=TA2/src&amp;lt;ta2.items{WordPattern.java[WordPattern[Builder" StructureKind="java" NumEvents="4" CreationCount="9"/><InteractionEvent Delta="null" EndDate="2014-09-12 10:00:45.92 JST" Interest="5.0" Kind="selection" Navigation="null" OriginId="org.eclipse.jdt.ui.CompilationUnitEditor" StartDate="2014-09-12 08:53:01.262 JST" StructureHandle="=TA2/src&amp;lt;ta2.listeners{LOI_CL.java" StructureKind="java" NumEvents="5" CreationCount="272"/><InteractionEvent Delta="null" EndDate="2014-09-12 09:31:49.93 JST" Interest="17.468" Kind="propagation" Navigation="org.eclipse.mylyn.core.model.edges.containment" OriginId="org.eclipse.mylyn.core.model.interest.propagation" StartDate="2014-09-12 08:53:01.964 JST" StructureHandle="=TA2/src&amp;lt;ta2.listeners{LOI_CL.java" StructureKind="java" NumEvents="30" CreationCount="272"/><InteractionEvent Delta="null" EndDate="2014-09-12 10:00:45.92 JST" Interest="4.7460003" Kind="manipulation" Navigation="null" OriginId="org.eclipse.mylyn.core.model.interest.decay.correction" StartDate="2014-09-12 10:00:45.92 JST" StructureHandle="=TA2/src&amp;lt;ta2.listeners{LOI_CL.java" StructureKind="java"/><InteractionEvent Delta="null" EndDate="2014-09-12 09:57:23.219 JST" Interest="2.0" Kind="selection" Navigation="null" OriginId="org.eclipse.jdt.ui.CompilationUnitEditor" StartDate="2014-09-12 09:51:42.722 JST" StructureHandle="=TA2/src&amp;lt;ta2.utils{DBUtils.java[DBUtils~find_All_WP~QActivity;" StructureKind="java" NumEvents="2" CreationCount="1484"/><InteractionEvent Delta="null" EndDate="2014-09-12 09:57:23.219 JST" Interest="4.0150003" Kind="manipulation" Navigation="null" OriginId="org.eclipse.mylyn.core.model.interest.decay.correction" StartDate="2014-09-12 09:57:23.219 JST" StructureHandle="=TA2/src&amp;lt;ta2.utils{DBUtils.java[DBUtils~find_All_WP~QActivity;" StructureKind="java"/><InteractionEvent Delta="null" EndDate="2014-09-12 11:06:52.539 JST" Interest="2720.034" Kind="propagation" Navigation="null" OriginId="org.eclipse.jdt.ui.PackageExplorer" StartDate="2014-09-12 08:39:54.33 JST" StructureHandle="/TA2/src" StructureKind="resource" NumEvents="2722" CreationCount="1"/><InteractionEvent Delta="null" EndDate="2014-09-12 08:44:44.435 JST" Interest="17.0" Kind="edit" Navigation="null" OriginId="org.eclipse.jdt.ui.CompilationUnitEditor" StartDate="2014-09-12 08:41:49.104 JST" StructureHandle="=TA2/src&amp;lt;ta2.main{ShowListActv.java[ShowListActv~_Setup_List" StructureKind="java" NumEvents="17" CreationCount="35"/><InteractionEvent Delta="null" EndDate="2014-09-12 08:50:18.881 JST" Interest="4.0" Kind="selection" Navigation="null" OriginId="org.eclipse.ui.views.ContentOutline" StartDate="2014-09-12 08:41:48.927 JST" StructureHandle="=TA2/src&amp;lt;ta2.main{ShowListActv.java[ShowListActv~_Setup_List" StructureKind="java" NumEvents="4" CreationCount="35"/><InteractionEvent Delta="null" EndDate="2014-09-12 08:50:21.282 JST" Interest="3.0" Kind="edit" Navigation="null" OriginId="org.eclipse.jdt.ui.CompilationUnitEditor" StartDate="2014-09-12 08:50:20.687 JST" StructureHandle="=TA2/src&amp;lt;ta2.main{ShowListActv.java[ShowListActv~onOptionsItemSelected~QMenuItem;" StructureKind="java" NumEvents="3" CreationCount="205"/><InteractionEvent Delta="null" EndDate="2014-09-12 08:50:20.120 JST" Interest="1.0" Kind="selection" Navigation="null" OriginId="org.eclipse.ui.views.ContentOutline" StartDate="2014-09-12 08:50:20.120 JST" StructureHandle="=TA2/src&amp;lt;ta2.main{ShowListActv.java[ShowListActv~onOptionsItemSelected~QMenuItem;" StructureKind="java"/><InteractionEvent Delta="null" EndDate="2014-09-12 09:55:23.851 JST" Interest="22.57" Kind="propagation" Navigation="org.eclipse.mylyn.core.model.edges.containment" OriginId="org.eclipse.mylyn.core.model.interest.propagation" StartDate="2014-09-12 09:05:26.590 JST" StructureHandle="=TA2/src&amp;lt;ta2.utils{CONS.java[CONS" StructureKind="java" NumEvents="21" CreationCount="370"/><InteractionEvent Delta="null" EndDate="2014-09-12 11:06:51.122 JST" Interest="279.0" Kind="edit" Navigation="null" OriginId="org.eclipse.jdt.ui.CompilationUnitEditor" StartDate="2014-09-12 08:45:06.66 JST" StructureHandle="=TA2/src&amp;lt;ta2.comps{Comp_WP.java[Comp_WP~_compare_WORD~QWordPattern;~QWordPattern;" StructureKind="java" NumEvents="279" CreationCount="91"/><InteractionEvent Delta="null" EndDate="2014-09-12 11:02:29.323 JST" Interest="29.0" Kind="selection" Navigation="null" OriginId="org.eclipse.jdt.ui.CompilationUnitEditor" StartDate="2014-09-12 08:45:04.756 JST" StructureHandle="=TA2/src&amp;lt;ta2.comps{Comp_WP.java[Comp_WP~_compare_WORD~QWordPattern;~QWordPattern;" StructureKind="java" NumEvents="29" CreationCount="91"/><InteractionEvent Delta="null" EndDate="2014-09-12 11:06:52.538 JST" Interest="49.0" Kind="propagation" Navigation="null" OriginId="org.eclipse.jdt.ui.PackageExplorer" StartDate="2014-09-12 08:41:44.690 JST" StructureHandle="/TA2/src/ta2/main/ShowListActv.java" StructureKind="resource" NumEvents="49" CreationCount="32"/><InteractionEvent Delta="null" EndDate="2014-09-12 11:03:02.152 JST" Interest="26.0" Kind="prediction" Navigation="null" OriginId="org.eclipse.mylyn.resources.ui.interest.updater" StartDate="2014-09-12 08:48:57.905 JST" StructureHandle="/TA2/bin/classes.dex" StructureKind="resource" NumEvents="26" CreationCount="189"/><InteractionEvent Delta="null" EndDate="2014-09-12 08:46:05.831 JST" Interest="2.0" Kind="selection" Navigation="null" OriginId="org.eclipse.jdt.ui.CompilationUnitEditor" StartDate="2014-09-12 08:45:54.436 JST" StructureHandle="=TA2/src&amp;lt;ta2.items{WordPattern.java[WordPattern~setUsed~QString;" StructureKind="java" NumEvents="2" CreationCount="112"/><InteractionEvent Delta="null" EndDate="2014-09-12 08:51:08.763 JST" Interest="1.0" Kind="selection" Navigation="null" OriginId="org.eclipse.jdt.ui.PackageExplorer" StartDate="2014-09-12 08:51:08.763 JST" StructureHandle="=TA2/src&amp;lt;ta2.adapters" StructureKind="java"/><InteractionEvent Delta="null" EndDate="2014-09-12 11:06:51.860 JST" Interest="1.0" Kind="propagation" Navigation="org.eclipse.mylyn.core.model.edges.containment" OriginId="org.eclipse.mylyn.core.model.interest.propagation" StartDate="2014-09-12 11:06:51.860 JST" StructureHandle="/TA2/res" StructureKind="resource"/><InteractionEvent Delta="null" EndDate="2014-09-12 08:46:31.811 JST" Interest="54.0" Kind="propagation" Navigation="null" OriginId="org.eclipse.jdt.ui.CompilationUnitEditor" StartDate="2014-09-12 08:40:00.492 JST" StructureHandle="/TA2/src/ta2/items/WordPattern.java" StructureKind="resource" NumEvents="54" CreationCount="3"/><InteractionEvent Delta="null" EndDate="2014-09-12 08:50:18.870 JST" Interest="2.0" Kind="selection" Navigation="null" OriginId="org.eclipse.ui.views.ContentOutline" StartDate="2014-09-12 08:49:48.578 JST" StructureHandle="=TA2/src&amp;lt;ta2.utils{Methods_dlg.java%ta2.utils" StructureKind="java" NumEvents="2" CreationCount="197"/><InteractionEvent Delta="null" EndDate="2014-09-12 09:50:27.885 JST" Interest="1.0" Kind="selection" Navigation="null" OriginId="org.eclipse.jdt.ui.CompilationUnitEditor" StartDate="2014-09-12 09:50:27.885 JST" StructureHandle="=TA2/src&amp;lt;ta2.comps{Comp_WP.java[Comp_WP~_compare_CREATED_AT~QWordPattern;~QWordPattern;" StructureKind="java"/><InteractionEvent Delta="null" EndDate="2014-09-12 11:02:26.499 JST" Interest="22.0" Kind="edit" Navigation="null" OriginId="org.eclipse.jdt.ui.CompilationUnitEditor" StartDate="2014-09-12 08:49:19.963 JST" StructureHandle="=TA2/src&amp;lt;ta2.comps{Comp_WP.java[Comp_WP" StructureKind="java" NumEvents="22" CreationCount="62"/><InteractionEvent Delta="null" EndDate="2014-09-12 11:02:26.495 JST" Interest="25.0" Kind="selection" Navigation="null" OriginId="org.eclipse.jdt.ui.CompilationUnitEditor" StartDate="2014-09-12 08:48:53.315 JST" StructureHandle="=TA2/src&amp;lt;ta2.comps{Comp_WP.java[Comp_WP" StructureKind="java" NumEvents="25" CreationCount="62"/><InteractionEvent Delta="null" EndDate="2014-09-12 11:01:27.902 JST" Interest="284.029" Kind="propagation" Navigation="org.eclipse.mylyn.core.model.edges.containment" OriginId="org.eclipse.mylyn.core.model.interest.propagation" StartDate="2014-09-12 08:42:46.291 JST" StructureHandle="=TA2/src&amp;lt;ta2.comps{Comp_WP.java[Comp_WP" StructureKind="java" NumEvents="403" CreationCount="62"/><InteractionEvent Delta="null" EndDate="2014-09-12 09:51:35.787 JST" Interest="5.0" Kind="selection" Navigation="null" OriginId="org.eclipse.jdt.ui.CompilationUnitEditor" StartDate="2014-09-12 09:05:25.825 JST" StructureHandle="=TA2/src&amp;lt;ta2.utils{CONS.java" StructureKind="java" NumEvents="5" CreationCount="369"/><InteractionEvent Delta="null" EndDate="2014-09-12 09:55:23.851 JST" Interest="10.545999" Kind="propagation" Navigation="org.eclipse.mylyn.core.model.edges.containment" OriginId="org.eclipse.mylyn.core.model.interest.propagation" StartDate="2014-09-12 09:05:26.591 JST" StructureHandle="=TA2/src&amp;lt;ta2.utils{CONS.java" StructureKind="java" NumEvents="18" CreationCount="369"/><InteractionEvent Delta="null" EndDate="2014-09-12 09:24:21.705 JST" Interest="7.0410013" Kind="manipulation" Navigation="null" OriginId="org.eclipse.mylyn.core.model.interest.decay.correction" StartDate="2014-09-12 09:24:21.705 JST" StructureHandle="=TA2/src&amp;lt;ta2.utils{CONS.java" StructureKind="java"/><InteractionEvent Delta="null" EndDate="2014-09-12 09:05:26.590 JST" Interest="1.0" Kind="selection" Navigation="null" OriginId="org.eclipse.jdt.ui.CompilationUnitEditor" StartDate="2014-09-12 09:05:26.590 JST" StructureHandle="=TA2/src&amp;lt;ta2.utils{CONS.java[CONS[DB" StructureKind="java"/><InteractionEvent Delta="null" EndDate="2014-09-12 09:28:15.748 JST" Interest="18.179" Kind="propagation" Navigation="org.eclipse.mylyn.core.model.edges.containment" OriginId="org.eclipse.mylyn.core.model.interest.propagation" StartDate="2014-09-12 09:05:35.24 JST" StructureHandle="=TA2/src&amp;lt;ta2.utils{CONS.java[CONS[DB" StructureKind="java" NumEvents="15" CreationCount="370"/><InteractionEvent Delta="null" EndDate="2014-09-12 09:24:18.608 JST" Interest="230.0" Kind="edit" Navigation="null" OriginId="org.eclipse.jdt.ui.CompilationUnitEditor" StartDate="2014-09-12 09:07:26.607 JST" StructureHandle="=TA2/src&amp;lt;ta2.utils{DBUtils.java[DBUtils~find_Pattern_From_Id~QActivity;~J" StructureKind="java" NumEvents="230" CreationCount="428"/><InteractionEvent Delta="null" EndDate="2014-09-12 09:33:03.956 JST" Interest="11.0" Kind="selection" Navigation="null" OriginId="org.eclipse.jdt.ui.CompilationUnitEditor" StartDate="2014-09-12 09:07:26.603 JST" StructureHandle="=TA2/src&amp;lt;ta2.utils{DBUtils.java[DBUtils~find_Pattern_From_Id~QActivity;~J" StructureKind="java" NumEvents="11" CreationCount="428"/><InteractionEvent Delta="null" EndDate="2014-09-12 08:45:50.297 JST" Interest="1.0" Kind="edit" Navigation="null" OriginId="org.eclipse.jdt.ui.CompilationUnitEditor" StartDate="2014-09-12 08:45:50.297 JST" StructureHandle="=TA2/src&amp;lt;ta2.items{WordPattern.java[WordPattern^used" StructureKind="java"/><InteractionEvent Delta="null" EndDate="2014-09-12 08:45:49.93 JST" Interest="4.0" Kind="selection" Navigation="null" OriginId="org.eclipse.jdt.ui.CompilationUnitEditor" StartDate="2014-09-12 08:40:11.383 JST" StructureHandle="=TA2/src&amp;lt;ta2.items{WordPattern.java[WordPattern^used" StructureKind="java" NumEvents="4" CreationCount="7"/><InteractionEvent Delta="null" EndDate="2014-09-12 08:46:13.617 JST" Interest="7.0" Kind="edit" Navigation="null" OriginId="org.eclipse.jdt.ui.CompilationUnitEditor" StartDate="2014-09-12 08:40:08.588 JST" StructureHandle="=TA2/src&amp;lt;ta2.items{WordPattern.java[WordPattern" StructureKind="java" NumEvents="7" CreationCount="5"/><InteractionEvent Delta="null" EndDate="2014-09-12 08:46:09.846 JST" Interest="6.0" Kind="selection" Navigation="null" OriginId="org.eclipse.jdt.ui.CompilationUnitEditor" StartDate="2014-09-12 08:40:06.702 JST" StructureHandle="=TA2/src&amp;lt;ta2.items{WordPattern.java[WordPattern" StructureKind="java" NumEvents="6" CreationCount="5"/><InteractionEvent Delta="null" EndDate="2014-09-12 08:41:32.294 JST" Interest="1.0889996" Kind="propagation" Navigation="org.eclipse.mylyn.core.model.edges.containment" OriginId="org.eclipse.mylyn.core.model.interest.propagation" StartDate="2014-09-12 08:40:13.565 JST" StructureHandle="=TA2/src&amp;lt;ta2.items{WordPattern.java[WordPattern" StructureKind="java" NumEvents="3" CreationCount="5"/><InteractionEvent Delta="null" EndDate="2014-09-12 09:11:26.641 JST" Interest="69.0" Kind="edit" Navigation="null" OriginId="org.eclipse.jdt.ui.CompilationUnitEditor" StartDate="2014-09-12 09:07:17.566 JST" StructureHandle="=TA2/src&amp;lt;ta2.utils{DBUtils.java[DBUtils~find_Memo_From_Id~QActivity;~J" StructureKind="java" NumEvents="69" CreationCount="415"/><InteractionEvent Delta="null" EndDate="2014-09-12 09:11:22.102 JST" Interest="6.0" Kind="selection" Navigation="null" OriginId="org.eclipse.jdt.ui.CompilationUnitEditor" StartDate="2014-09-12 09:07:16.466 JST" StructureHandle="=TA2/src&amp;lt;ta2.utils{DBUtils.java[DBUtils~find_Memo_From_Id~QActivity;~J" StructureKind="java" NumEvents="6" CreationCount="415"/><InteractionEvent Delta="null" EndDate="2014-09-12 09:51:35.854 JST" Interest="2.0" Kind="selection" Navigation="null" OriginId="org.eclipse.jdt.ui.CompilationUnitEditor" StartDate="2014-09-12 09:28:16.387 JST" StructureHandle="=TA2/src&amp;lt;ta2.utils{CONS.java[CONS[MemoActv^list_WP_2" StructureKind="java" NumEvents="2" CreationCount="1212"/><InteractionEvent Delta="null" EndDate="2014-09-12 09:51:35.854 JST" Interest="3.5220003" Kind="manipulation" Navigation="null" OriginId="org.eclipse.mylyn.core.model.interest.decay.correction" StartDate="2014-09-12 09:51:35.854 JST" StructureHandle="=TA2/src&amp;lt;ta2.utils{CONS.java[CONS[MemoActv^list_WP_2" StructureKind="java"/><InteractionEvent Delta="null" EndDate="2014-09-12 11:02:29.329 JST" Interest="325.46606" Kind="propagation" Navigation="org.eclipse.mylyn.core.model.edges.containment" OriginId="org.eclipse.mylyn.core.model.interest.propagation" StartDate="2014-09-12 08:39:54.33 JST" StructureHandle="=TA2/src" StructureKind="java" NumEvents="482" CreationCount="1"/><InteractionEvent Delta="null" EndDate="2014-09-12 08:57:53.421 JST" Interest="1.0" Kind="selection" Navigation="null" OriginId="org.eclipse.jdt.ui.CompilationUnitEditor" StartDate="2014-09-12 08:57:53.421 JST" StructureHandle="=TA2/src&amp;lt;ta2.utils{Methods.java[Methods" StructureKind="java"/><InteractionEvent Delta="null" EndDate="2014-09-12 10:00:45.597 JST" Interest="82.7" Kind="propagation" Navigation="org.eclipse.mylyn.core.model.edges.containment" OriginId="org.eclipse.mylyn.core.model.interest.propagation" StartDate="2014-09-12 08:57:43.520 JST" StructureHandle="=TA2/src&amp;lt;ta2.utils{Methods.java[Methods" StructureKind="java" NumEvents="113" CreationCount="302"/><InteractionEvent Delta="null" EndDate="2014-09-12 08:51:08.763 JST" Interest="1.0" Kind="propagation" Navigation="null" OriginId="org.eclipse.jdt.ui.PackageExplorer" StartDate="2014-09-12 08:51:08.763 JST" StructureHandle="/TA2/src/ta2/adapters" StructureKind="resource"/><InteractionEvent Delta="null" EndDate="2014-09-12 09:58:39.638 JST" Interest="2.0" Kind="selection" Navigation="null" OriginId="org.eclipse.jdt.ui.PackageExplorer" StartDate="2014-09-12 08:52:33.26 JST" StructureHandle="=TA2/src&amp;lt;ta2.items{ListItem.java" StructureKind="java" NumEvents="2" CreationCount="256"/><InteractionEvent Delta="null" EndDate="2014-09-12 09:58:39.638 JST" Interest="24.925001" Kind="manipulation" Navigation="null" OriginId="org.eclipse.mylyn.core.model.interest.decay.correction" StartDate="2014-09-12 09:58:39.638 JST" StructureHandle="=TA2/src&amp;lt;ta2.items{ListItem.java" StructureKind="java"/><InteractionEvent Delta="null" EndDate="2014-09-12 11:06:52.548 JST" Interest="1.0" Kind="selection" Navigation="null" OriginId="org.eclipse.jdt.ui.PackageExplorer" StartDate="2014-09-12 11:06:52.548 JST" StructureHandle="=TA2" StructureKind="java"/><InteractionEvent Delta="null" EndDate="2014-09-12 11:06:52.538 JST" Interest="2719.034" Kind="propagation" Navigation="org.eclipse.mylyn.core.model.edges.containment" OriginId="org.eclipse.mylyn.core.model.interest.propagation" StartDate="2014-09-12 08:39:54.33 JST" StructureHandle="=TA2" StructureKind="resource" NumEvents="2722" CreationCount="1"/></InteractionHistory>