<?xml version="1.0" encoding="UTF-8"?><InteractionHistory Id="local-194" Version="1"><InteractionEvent Delta="null" EndDate="2014-11-07 10:00:03.879 JST" Interest="2.0" Kind="selection" Navigation="null" OriginId="org.eclipse.jdt.ui.CompilationUnitEditor" StartDate="2014-11-07 09:58:18.871 JST" StructureHandle="=cm7/src&amp;lt;app.main{BMActv.java[BMActv~_onCreate_Set_BMList" StructureKind="java" NumEvents="2" CreationCount="344"/><InteractionEvent Delta="null" EndDate="2014-11-07 09:58:33.826 JST" Interest="5.0" Kind="edit" Navigation="null" OriginId="org.eclipse.jdt.ui.CompilationUnitEditor" StartDate="2014-11-07 09:58:21.204 JST" StructureHandle="=cm7/src&amp;lt;app.main{BMActv.java[BMActv~_onCreate_Set_BMList" StructureKind="java" NumEvents="5" CreationCount="344"/><InteractionEvent Delta="null" EndDate="2014-11-07 09:56:34.205 JST" Interest="38.0" Kind="propagation" Navigation="null" OriginId="org.eclipse.jdt.ui.CompilationUnitEditor" StartDate="2014-11-07 09:52:54.889 JST" StructureHandle="/cm7/src/app/utils/Methods_dlg.java" StructureKind="resource" NumEvents="38" CreationCount="211"/><InteractionEvent Delta="null" EndDate="2014-11-07 09:56:23.774 JST" Interest="1.0" Kind="propagation" Navigation="null" OriginId="org.eclipse.mylyn.resources.ui.interest.updater" StartDate="2014-11-07 09:56:23.774 JST" StructureHandle="/cm7/src/app/listeners/dialog/DB_OTL.java" StructureKind="resource"/><InteractionEvent Delta="null" EndDate="2014-11-07 09:41:37.728 JST" Interest="11.0" Kind="propagation" Navigation="null" OriginId="org.eclipse.jdt.ui.CompilationUnitEditor" StartDate="2014-11-07 09:40:06.370 JST" StructureHandle="/cm7/src/app/main/PlayActv.java" StructureKind="resource" NumEvents="11" CreationCount="23"/><InteractionEvent Delta="null" EndDate="2014-11-07 10:01:56.24 JST" Interest="1.0" Kind="prediction" Navigation="null" OriginId="org.eclipse.mylyn.resources.ui.interest.updater" StartDate="2014-11-07 10:01:56.24 JST" StructureHandle="/cm7/bin/classes.dex" StructureKind="resource"/><InteractionEvent Delta="null" EndDate="2014-11-07 09:55:45.985 JST" Interest="1.0" Kind="selection" Navigation="null" OriginId="org.eclipse.jdt.ui.CompilationUnitEditor" StartDate="2014-11-07 09:55:45.985 JST" StructureHandle="=cm7/src&amp;lt;app.listeners.dialog{DB_OCL.java[DB_OCL^lv_Position" StructureKind="java"/><InteractionEvent Delta="null" EndDate="2014-11-07 09:55:47.107 JST" Interest="1.0" Kind="edit" Navigation="null" OriginId="org.eclipse.jdt.ui.CompilationUnitEditor" StartDate="2014-11-07 09:55:47.107 JST" StructureHandle="=cm7/src&amp;lt;app.listeners.dialog{DB_OCL.java[DB_OCL^lv_Position" StructureKind="java"/><InteractionEvent Delta="null" EndDate="2014-11-07 10:00:08.839 JST" Interest="7.0" Kind="selection" Navigation="null" OriginId="org.eclipse.jdt.ui.CompilationUnitEditor" StartDate="2014-11-07 09:45:16.859 JST" StructureHandle="=cm7/src&amp;lt;app.main{BMActv.java[BMActv~onListItemClick~QListView;~QView;~I~J" StructureKind="java" NumEvents="7" CreationCount="61"/><InteractionEvent Delta="null" EndDate="2014-11-07 10:00:13.202 JST" Interest="16.0" Kind="edit" Navigation="null" OriginId="org.eclipse.jdt.ui.CompilationUnitEditor" StartDate="2014-11-07 09:45:17.446 JST" StructureHandle="=cm7/src&amp;lt;app.main{BMActv.java[BMActv~onListItemClick~QListView;~QView;~I~J" StructureKind="java" NumEvents="16" CreationCount="61"/><InteractionEvent Delta="null" EndDate="2014-11-07 09:56:35.259 JST" Interest="5.0" Kind="selection" Navigation="null" OriginId="org.eclipse.jdt.ui.CompilationUnitEditor" StartDate="2014-11-07 09:33:56.858 JST" StructureHandle="=cm7/src&amp;lt;app.listeners.button{BO_CL.java[BO_CL~case_BMActv_Back" StructureKind="java" NumEvents="5" CreationCount="10"/><InteractionEvent Delta="null" EndDate="2014-11-07 09:40:06.99 JST" Interest="5.0" Kind="edit" Navigation="null" OriginId="org.eclipse.jdt.ui.CompilationUnitEditor" StartDate="2014-11-07 09:33:57.447 JST" StructureHandle="=cm7/src&amp;lt;app.listeners.button{BO_CL.java[BO_CL~case_BMActv_Back" StructureKind="java" NumEvents="5" CreationCount="10"/><InteractionEvent Delta="null" EndDate="2014-11-07 10:01:28.22 JST" Interest="164.0" Kind="propagation" Navigation="null" OriginId="org.eclipse.jdt.ui.CompilationUnitEditor" StartDate="2014-11-07 09:41:43.545 JST" StructureHandle="/cm7/src/app/listeners/dialog/DB_OCL.java" StructureKind="resource" NumEvents="164" CreationCount="35"/><InteractionEvent Delta="null" EndDate="2014-11-07 09:57:53.982 JST" Interest="4.0" Kind="selection" Navigation="null" OriginId="org.eclipse.jdt.ui.CompilationUnitEditor" StartDate="2014-11-07 09:46:12.539 JST" StructureHandle="=cm7/src&amp;lt;app.main{BMActv.java[BMActv~_onCreate_SetListeners" StructureKind="java" NumEvents="4" CreationCount="78"/><InteractionEvent Delta="null" EndDate="2014-11-07 09:57:54.9 JST" Interest="16.0" Kind="edit" Navigation="null" OriginId="org.eclipse.jdt.ui.CompilationUnitEditor" StartDate="2014-11-07 09:46:13.119 JST" StructureHandle="=cm7/src&amp;lt;app.main{BMActv.java[BMActv~_onCreate_SetListeners" StructureKind="java" NumEvents="16" CreationCount="78"/><InteractionEvent Delta="null" EndDate="2014-11-07 09:50:42.139 JST" Interest="1.0" Kind="selection" Navigation="null" OriginId="org.eclipse.jdt.ui.CompilationUnitEditor" StartDate="2014-11-07 09:50:42.139 JST" StructureHandle="=cm7/src&amp;lt;app.listeners.dialog{DOI_CL.java[DOI_CL" StructureKind="java"/><InteractionEvent Delta="null" EndDate="2014-11-07 09:52:13.626 JST" Interest="21.428999" Kind="propagation" Navigation="org.eclipse.mylyn.core.model.edges.containment" OriginId="org.eclipse.mylyn.core.model.interest.propagation" StartDate="2014-11-07 09:48:31.836 JST" StructureHandle="=cm7/src&amp;lt;app.listeners.dialog{DOI_CL.java[DOI_CL" StructureKind="java" NumEvents="31" CreationCount="124"/><InteractionEvent Delta="null" EndDate="2014-11-07 09:40:06.369 JST" Interest="1.0" Kind="selection" Navigation="null" OriginId="org.eclipse.jdt.ui.CompilationUnitEditor" StartDate="2014-11-07 09:40:06.369 JST" StructureHandle="=cm7/src&amp;lt;app.main{PlayActv.java" StructureKind="java"/><InteractionEvent Delta="null" EndDate="2014-11-07 09:41:37.728 JST" Interest="6.317" Kind="propagation" Navigation="org.eclipse.mylyn.core.model.edges.containment" OriginId="org.eclipse.mylyn.core.model.interest.propagation" StartDate="2014-11-07 09:40:07.130 JST" StructureHandle="=cm7/src&amp;lt;app.main{PlayActv.java" StructureKind="java" NumEvents="10" CreationCount="23"/><InteractionEvent Delta="null" EndDate="2014-11-07 10:17:18.522 JST" Interest="72.0" Kind="propagation" Navigation="null" OriginId="org.eclipse.jdt.ui.PackageExplorer" StartDate="2014-11-07 09:40:06.370 JST" StructureHandle="/cm7/src/app/main" StructureKind="resource" NumEvents="72" CreationCount="23"/><InteractionEvent Delta="null" EndDate="2014-11-07 09:40:07.129 JST" Interest="1.0" Kind="selection" Navigation="null" OriginId="org.eclipse.jdt.ui.CompilationUnitEditor" StartDate="2014-11-07 09:40:07.129 JST" StructureHandle="=cm7/src&amp;lt;app.main{PlayActv.java[PlayActv~onStart" StructureKind="java"/><InteractionEvent Delta="null" EndDate="2014-11-07 09:41:37.727 JST" Interest="9.0" Kind="edit" Navigation="null" OriginId="org.eclipse.jdt.ui.CompilationUnitEditor" StartDate="2014-11-07 09:40:09.81 JST" StructureHandle="=cm7/src&amp;lt;app.main{PlayActv.java[PlayActv~onStart" StructureKind="java" NumEvents="9" CreationCount="24"/><InteractionEvent Delta="null" EndDate="2014-11-07 10:17:18.521 JST" Interest="60.0" Kind="propagation" Navigation="null" OriginId="org.eclipse.jdt.ui.PackageExplorer" StartDate="2014-11-07 09:45:12.161 JST" StructureHandle="/cm7/src/app/main/BMActv.java" StructureKind="resource" NumEvents="60" CreationCount="57"/><InteractionEvent Delta="null" EndDate="2014-11-07 09:52:12.829 JST" Interest="52.0" Kind="propagation" Navigation="null" OriginId="org.eclipse.jdt.ui.CompilationUnitEditor" StartDate="2014-11-07 09:46:46.625 JST" StructureHandle="/cm7/src/app/listeners/LOI_LCL.java" StructureKind="resource" NumEvents="52" CreationCount="98"/><InteractionEvent Delta="null" EndDate="2014-11-07 09:46:47.359 JST" Interest="1.0" Kind="selection" Navigation="null" OriginId="org.eclipse.jdt.ui.CompilationUnitEditor" StartDate="2014-11-07 09:46:47.359 JST" StructureHandle="=cm7/src&amp;lt;app.listeners{LOI_LCL.java[LOI_LCL~LOI_LCL~QActivity;" StructureKind="java"/><InteractionEvent Delta="null" EndDate="2014-11-07 09:44:43.369 JST" Interest="1.0" Kind="selection" Navigation="null" OriginId="org.eclipse.jdt.ui.CompilationUnitEditor" StartDate="2014-11-07 09:44:43.369 JST" StructureHandle="=cm7/src&amp;lt;app.listeners.dialog{DB_OCL.java[DB_OCL^bm" StructureKind="java"/><InteractionEvent Delta="null" EndDate="2014-11-07 09:56:35.259 JST" Interest="22.017" Kind="propagation" Navigation="org.eclipse.mylyn.core.model.edges.containment" OriginId="org.eclipse.mylyn.core.model.interest.propagation" StartDate="2014-11-07 09:33:35.689 JST" StructureHandle="/cm7/src/app/listeners/button" StructureKind="resource" NumEvents="23" CreationCount="3"/><InteractionEvent Delta="null" EndDate="2014-11-07 09:56:39.911 JST" Interest="5.0" Kind="selection" Navigation="null" OriginId="org.eclipse.jdt.ui.CompilationUnitEditor" StartDate="2014-11-07 09:55:06.706 JST" StructureHandle="=cm7/src&amp;lt;app.listeners.dialog{DB_OCL.java[DB_OCL" StructureKind="java" NumEvents="5" CreationCount="38"/><InteractionEvent Delta="null" EndDate="2014-11-07 10:01:28.22 JST" Interest="59.417" Kind="propagation" Navigation="org.eclipse.mylyn.core.model.edges.containment" OriginId="org.eclipse.mylyn.core.model.interest.propagation" StartDate="2014-11-07 09:41:49.51 JST" StructureHandle="=cm7/src&amp;lt;app.listeners.dialog{DB_OCL.java[DB_OCL" StructureKind="java" NumEvents="87" CreationCount="38"/><InteractionEvent Delta="null" EndDate="2014-11-07 09:56:39.918 JST" Interest="1.0" Kind="edit" Navigation="null" OriginId="org.eclipse.jdt.ui.CompilationUnitEditor" StartDate="2014-11-07 09:56:39.918 JST" StructureHandle="=cm7/src&amp;lt;app.listeners.dialog{DB_OCL.java[DB_OCL" StructureKind="java"/><InteractionEvent Delta="null" EndDate="2014-11-07 10:17:18.521 JST" Interest="417.051" Kind="propagation" Navigation="org.eclipse.mylyn.core.model.edges.containment" OriginId="org.eclipse.mylyn.core.model.interest.propagation" StartDate="2014-11-07 09:32:26.900 JST" StructureHandle="/" StructureKind="resource" NumEvents="421" CreationCount="1"/><InteractionEvent Delta="null" EndDate="2014-11-07 09:33:32.731 JST" Interest="1.0" Kind="selection" Navigation="null" OriginId="org.eclipse.jdt.ui.PackageExplorer" StartDate="2014-11-07 09:33:32.731 JST" StructureHandle="=cm7/src&amp;lt;app.listeners.dialog" StructureKind="java"/><InteractionEvent Delta="null" EndDate="2014-11-07 10:01:28.23 JST" Interest="64.729" Kind="propagation" Navigation="org.eclipse.mylyn.core.model.edges.containment" OriginId="org.eclipse.mylyn.core.model.interest.propagation" StartDate="2014-11-07 09:41:43.545 JST" StructureHandle="=cm7/src&amp;lt;app.listeners.dialog" StructureKind="java" NumEvents="106" CreationCount="2"/><InteractionEvent Delta="null" EndDate="2014-11-07 09:55:58.406 JST" Interest="6.0" Kind="selection" Navigation="null" OriginId="org.eclipse.jdt.ui.CompilationUnitEditor" StartDate="2014-11-07 09:48:51.24 JST" StructureHandle="=cm7/src&amp;lt;app.listeners.dialog{DOI_CL.java[DOI_CL~case_DLG_BMACTV_LIST_LONGCLICK~QString;" StructureKind="java" NumEvents="6" CreationCount="130"/><InteractionEvent Delta="null" EndDate="2014-11-07 09:56:03.852 JST" Interest="13.0" Kind="edit" Navigation="null" OriginId="org.eclipse.jdt.ui.CompilationUnitEditor" StartDate="2014-11-07 09:48:52.206 JST" StructureHandle="=cm7/src&amp;lt;app.listeners.dialog{DOI_CL.java[DOI_CL~case_DLG_BMACTV_LIST_LONGCLICK~QString;" StructureKind="java" NumEvents="13" CreationCount="130"/><InteractionEvent Delta="null" EndDate="2014-11-07 10:17:18.521 JST" Interest="417.051" Kind="propagation" Navigation="org.eclipse.mylyn.core.model.edges.containment" OriginId="org.eclipse.mylyn.core.model.interest.propagation" StartDate="2014-11-07 09:32:26.900 JST" StructureHandle="=cm7" StructureKind="resource" NumEvents="421" CreationCount="1"/><InteractionEvent Delta="null" EndDate="2014-11-07 09:45:16.948 JST" Interest="4.0" Kind="selection" Navigation="null" OriginId="org.eclipse.jdt.ui.CompilationUnitEditor" StartDate="2014-11-07 09:45:14.680 JST" StructureHandle="=cm7/src&amp;lt;app.main{BMActv.java[BMActv~onCreate~QBundle;" StructureKind="java" NumEvents="4" CreationCount="59"/><InteractionEvent Delta="null" EndDate="2014-11-07 09:41:47.821 JST" Interest="1.0" Kind="selection" Navigation="null" OriginId="org.eclipse.ui.views.ContentOutline" StartDate="2014-11-07 09:41:47.821 JST" StructureHandle="=cm7/src&amp;lt;app.listeners.dialog{DB_OCL.java%app.listeners.dialog" StructureKind="java"/><InteractionEvent Delta="null" EndDate="2014-11-07 10:01:56.24 JST" Interest="1.0" Kind="prediction" Navigation="null" OriginId="org.eclipse.mylyn.resources.ui.interest.updater" StartDate="2014-11-07 10:01:56.24 JST" StructureHandle="/cm7/bin/resources.ap_" StructureKind="resource"/><InteractionEvent Delta="null" EndDate="2014-11-07 09:32:26.899 JST" Interest="1.0" Kind="selection" Navigation="null" OriginId="org.eclipse.jdt.ui.PackageExplorer" StartDate="2014-11-07 09:32:26.899 JST" StructureHandle="=cm7/src" StructureKind="java"/><InteractionEvent Delta="null" EndDate="2014-11-07 10:01:28.23 JST" Interest="64.746" Kind="propagation" Navigation="org.eclipse.mylyn.core.model.edges.containment" OriginId="org.eclipse.mylyn.core.model.interest.propagation" StartDate="2014-11-07 09:33:32.731 JST" StructureHandle="=cm7/src" StructureKind="java" NumEvents="115" CreationCount="1"/><InteractionEvent Delta="null" EndDate="2014-11-07 09:55:48.530 JST" Interest="5.0" Kind="selection" Navigation="null" OriginId="org.eclipse.jdt.ui.CompilationUnitEditor" StartDate="2014-11-07 09:54:31.443 JST" StructureHandle="=cm7/src&amp;lt;app.listeners.dialog{DB_OCL.java[DB_OCL~DB_OCL~QActivity;~QDialog;~QDialog;~QBM;~I" StructureKind="java" NumEvents="5" CreationCount="241"/><InteractionEvent Delta="null" EndDate="2014-11-07 09:55:49.225 JST" Interest="30.0" Kind="edit" Navigation="null" OriginId="org.eclipse.jdt.ui.CompilationUnitEditor" StartDate="2014-11-07 09:54:34.914 JST" StructureHandle="=cm7/src&amp;lt;app.listeners.dialog{DB_OCL.java[DB_OCL~DB_OCL~QActivity;~QDialog;~QDialog;~QBM;~I" StructureKind="java" NumEvents="30" CreationCount="241"/><InteractionEvent Delta="null" EndDate="2014-11-07 09:42:04.889 JST" Interest="3.0" Kind="selection" Navigation="null" OriginId="org.eclipse.jdt.ui.CompilationUnitEditor" StartDate="2014-11-07 09:41:49.51 JST" StructureHandle="=cm7/src&amp;lt;app.listeners.dialog{DB_OCL.java[DB_OCL~DB_OCL~QActivity;~QDialog;~QDialog;~QAI;~I" StructureKind="java" NumEvents="3" CreationCount="38"/><InteractionEvent Delta="null" EndDate="2014-11-07 09:33:56.946 JST" Interest="3.0" Kind="selection" Navigation="null" OriginId="org.eclipse.jdt.ui.CompilationUnitEditor" StartDate="2014-11-07 09:33:52.193 JST" StructureHandle="=cm7/src&amp;lt;app.listeners.button{BO_CL.java[BO_CL~_case_PlayActv_Add_BM__Playing" StructureKind="java" NumEvents="3" CreationCount="9"/><InteractionEvent Delta="null" EndDate="2014-11-07 10:01:28.23 JST" Interest="232.561" Kind="propagation" Navigation="org.eclipse.mylyn.core.model.edges.containment" OriginId="org.eclipse.mylyn.core.model.interest.propagation" StartDate="2014-11-07 09:33:32.731 JST" StructureHandle="/cm7/src/app" StructureKind="resource" NumEvents="237" CreationCount="2"/><InteractionEvent Delta="null" EndDate="2014-11-07 09:33:35.688 JST" Interest="1.0" Kind="selection" Navigation="null" OriginId="org.eclipse.jdt.ui.PackageExplorer" StartDate="2014-11-07 09:33:35.688 JST" StructureHandle="=cm7/src&amp;lt;app.listeners.button" StructureKind="java"/><InteractionEvent Delta="null" EndDate="2014-11-07 09:56:35.189 JST" Interest="8.6189995" Kind="propagation" Navigation="org.eclipse.mylyn.core.model.edges.containment" OriginId="org.eclipse.mylyn.core.model.interest.propagation" StartDate="2014-11-07 09:33:37.560 JST" StructureHandle="=cm7/src&amp;lt;app.listeners.button" StructureKind="java" NumEvents="16" CreationCount="3"/><InteractionEvent Delta="null" EndDate="2014-11-07 09:45:08.499 JST" Interest="1.0" Kind="propagation" Navigation="null" OriginId="org.eclipse.jdt.ui.PackageExplorer" StartDate="2014-11-07 09:45:08.499 JST" StructureHandle="/cm7/src/app/listeners/text" StructureKind="resource"/><InteractionEvent Delta="null" EndDate="2014-11-07 09:51:31.987 JST" Interest="1.0" Kind="selection" Navigation="null" OriginId="org.eclipse.jdt.ui.CompilationUnitEditor" StartDate="2014-11-07 09:51:31.987 JST" StructureHandle="=cm7/src&amp;lt;app.listeners.dialog{DOI_CL.java[DOI_CL^lv_Position" StructureKind="java"/><InteractionEvent Delta="null" EndDate="2014-11-07 09:51:34.620 JST" Interest="1.0" Kind="edit" Navigation="null" OriginId="org.eclipse.jdt.ui.CompilationUnitEditor" StartDate="2014-11-07 09:51:34.620 JST" StructureHandle="=cm7/src&amp;lt;app.listeners.dialog{DOI_CL.java[DOI_CL^lv_Position" StructureKind="java"/><InteractionEvent Delta="null" EndDate="2014-11-07 09:53:27.272 JST" Interest="1.0" Kind="selection" Navigation="null" OriginId="org.eclipse.jdt.ui.CompilationUnitEditor" StartDate="2014-11-07 09:53:27.272 JST" StructureHandle="=cm7/src&amp;lt;app.utils{Methods_dlg.java[Methods_dlg" StructureKind="java"/><InteractionEvent Delta="null" EndDate="2014-11-07 09:56:34.204 JST" Interest="23.3" Kind="propagation" Navigation="org.eclipse.mylyn.core.model.edges.containment" OriginId="org.eclipse.mylyn.core.model.interest.propagation" StartDate="2014-11-07 09:52:55.886 JST" StructureHandle="=cm7/src&amp;lt;app.utils{Methods_dlg.java[Methods_dlg" StructureKind="java" NumEvents="32" CreationCount="212"/><InteractionEvent Delta="null" EndDate="2014-11-07 09:57:58.759 JST" Interest="1.0" Kind="selection" Navigation="null" OriginId="org.eclipse.jdt.ui.CompilationUnitEditor" StartDate="2014-11-07 09:57:58.759 JST" StructureHandle="=cm7/src&amp;lt;app.main{BMActv.java[BMActv" StructureKind="java"/><InteractionEvent Delta="null" EndDate="2014-11-07 10:00:13.202 JST" Interest="17.234001" Kind="propagation" Navigation="org.eclipse.mylyn.core.model.edges.containment" OriginId="org.eclipse.mylyn.core.model.interest.propagation" StartDate="2014-11-07 09:45:14.680 JST" StructureHandle="=cm7/src&amp;lt;app.main{BMActv.java[BMActv" StructureKind="java" NumEvents="23" CreationCount="59"/><InteractionEvent Delta="null" EndDate="2014-11-07 10:01:28.23 JST" Interest="232.561" Kind="propagation" Navigation="org.eclipse.mylyn.core.model.edges.containment" OriginId="org.eclipse.mylyn.core.model.interest.propagation" StartDate="2014-11-07 09:33:32.731 JST" StructureHandle="/cm7/src/app/listeners" StructureKind="resource" NumEvents="235" CreationCount="2"/><InteractionEvent Delta="null" EndDate="2014-11-07 09:50:01.819 JST" Interest="4.0" Kind="selection" Navigation="null" OriginId="org.eclipse.jdt.ui.CompilationUnitEditor" StartDate="2014-11-07 09:46:49.817 JST" StructureHandle="=cm7/src&amp;lt;app.listeners{LOI_LCL.java[LOI_LCL~onItemLongClick~QAdapterView\&amp;lt;*&amp;gt;;~QView;~I~J" StructureKind="java" NumEvents="4" CreationCount="100"/><InteractionEvent Delta="null" EndDate="2014-11-07 09:49:50.868 JST" Interest="20.0" Kind="edit" Navigation="null" OriginId="org.eclipse.jdt.ui.CompilationUnitEditor" StartDate="2014-11-07 09:47:10.538 JST" StructureHandle="=cm7/src&amp;lt;app.listeners{LOI_LCL.java[LOI_LCL~onItemLongClick~QAdapterView\&amp;lt;*&amp;gt;;~QView;~I~J" StructureKind="java" NumEvents="20" CreationCount="100"/><InteractionEvent Delta="null" EndDate="2014-11-07 09:56:35.189 JST" Interest="4.0" Kind="selection" Navigation="null" OriginId="org.eclipse.jdt.ui.CompilationUnitEditor" StartDate="2014-11-07 09:33:37.559 JST" StructureHandle="=cm7/src&amp;lt;app.listeners.button{BO_CL.java" StructureKind="java" NumEvents="4" CreationCount="4"/><InteractionEvent Delta="null" EndDate="2014-11-07 09:40:06.100 JST" Interest="5.6019998" Kind="propagation" Navigation="org.eclipse.mylyn.core.model.edges.containment" OriginId="org.eclipse.mylyn.core.model.interest.propagation" StartDate="2014-11-07 09:33:41.397 JST" StructureHandle="=cm7/src&amp;lt;app.listeners.button{BO_CL.java" StructureKind="java" NumEvents="11" CreationCount="4"/><InteractionEvent Delta="null" EndDate="2014-11-07 09:53:26.552 JST" Interest="2.0" Kind="selection" Navigation="null" OriginId="org.eclipse.jdt.ui.CompilationUnitEditor" StartDate="2014-11-07 09:53:15.791 JST" StructureHandle="=cm7/src&amp;lt;app.utils{Methods_dlg.java[Methods_dlg~edit_BM~QActivity;~QDialog;~QBM;" StructureKind="java" NumEvents="2" CreationCount="224"/><InteractionEvent Delta="null" EndDate="2014-11-07 09:38:36.502 JST" Interest="1.0" Kind="selection" Navigation="null" OriginId="org.eclipse.jdt.ui.CompilationUnitEditor" StartDate="2014-11-07 09:38:36.502 JST" StructureHandle="=cm7/src&amp;lt;app.listeners.button{BO_CL.java[BO_CL~case_ActvPlay_BtBack" StructureKind="java"/><InteractionEvent Delta="null" EndDate="2014-11-07 09:56:35.259 JST" Interest="22.0" Kind="propagation" Navigation="null" OriginId="org.eclipse.jdt.ui.CompilationUnitEditor" StartDate="2014-11-07 09:33:37.559 JST" StructureHandle="/cm7/src/app/listeners/button/BO_CL.java" StructureKind="resource" NumEvents="22" CreationCount="4"/><InteractionEvent Delta="null" EndDate="2014-11-07 09:38:37.127 JST" Interest="1.0" Kind="selection" Navigation="null" OriginId="org.eclipse.jdt.ui.CompilationUnitEditor" StartDate="2014-11-07 09:38:37.127 JST" StructureHandle="=cm7/src&amp;lt;app.listeners.button{BO_CL.java[BO_CL" StructureKind="java"/><InteractionEvent Delta="null" EndDate="2014-11-07 09:56:35.259 JST" Interest="7.5680003" Kind="propagation" Navigation="org.eclipse.mylyn.core.model.edges.containment" OriginId="org.eclipse.mylyn.core.model.interest.propagation" StartDate="2014-11-07 09:33:40.412 JST" StructureHandle="=cm7/src&amp;lt;app.listeners.button{BO_CL.java[BO_CL" StructureKind="java" NumEvents="12" CreationCount="6"/><InteractionEvent Delta="null" EndDate="2014-11-07 09:49:35.934 JST" Interest="1.0" Kind="selection" Navigation="null" OriginId="org.eclipse.jdt.ui.CompilationUnitEditor" StartDate="2014-11-07 09:49:35.934 JST" StructureHandle="=cm7/src&amp;lt;app.listeners{LOI_LCL.java[LOI_LCL" StructureKind="java"/><InteractionEvent Delta="null" EndDate="2014-11-07 09:52:12.829 JST" Interest="17.523" Kind="propagation" Navigation="org.eclipse.mylyn.core.model.edges.containment" OriginId="org.eclipse.mylyn.core.model.interest.propagation" StartDate="2014-11-07 09:46:47.360 JST" StructureHandle="=cm7/src&amp;lt;app.listeners{LOI_LCL.java[LOI_LCL" StructureKind="java" NumEvents="25" CreationCount="99"/><InteractionEvent Delta="null" EndDate="2014-11-07 09:56:23.773 JST" Interest="1.0" Kind="prediction" Navigation="null" OriginId="org.eclipse.mylyn.resources.ui.interest.updater" StartDate="2014-11-07 09:56:23.773 JST" StructureHandle="=cm7/src&amp;lt;app.listeners.dialog{DB_OTL.java" StructureKind="java"/><InteractionEvent Delta="null" EndDate="2014-11-07 09:45:08.499 JST" Interest="1.0" Kind="selection" Navigation="null" OriginId="org.eclipse.jdt.ui.PackageExplorer" StartDate="2014-11-07 09:45:08.499 JST" StructureHandle="=cm7/src&amp;lt;app.listeners.text" StructureKind="java"/><InteractionEvent Delta="null" EndDate="2014-11-07 09:41:37.727 JST" Interest="7.2999997" Kind="propagation" Navigation="org.eclipse.mylyn.core.model.edges.containment" OriginId="org.eclipse.mylyn.core.model.interest.propagation" StartDate="2014-11-07 09:40:07.130 JST" StructureHandle="=cm7/src&amp;lt;app.main{PlayActv.java[PlayActv" StructureKind="java" NumEvents="10" CreationCount="24"/><InteractionEvent Delta="null" EndDate="2014-11-07 09:52:10.21 JST" Interest="19.033998" Kind="propagation" Navigation="org.eclipse.mylyn.core.model.edges.containment" OriginId="org.eclipse.mylyn.core.model.interest.propagation" StartDate="2014-11-07 09:46:46.625 JST" StructureHandle="=cm7/src&amp;lt;app.listeners" StructureKind="java" NumEvents="28" CreationCount="98"/><InteractionEvent Delta="null" EndDate="2014-11-07 09:52:10.216 JST" Interest="7.0" Kind="selection" Navigation="null" OriginId="org.eclipse.jdt.ui.CompilationUnitEditor" StartDate="2014-11-07 09:48:02.382 JST" StructureHandle="=cm7/src&amp;lt;app.listeners{LOI_LCL.java[LOI_LCL~case_ACTV_BM_LV~QBM;~I" StructureKind="java" NumEvents="7" CreationCount="118"/><InteractionEvent Delta="null" EndDate="2014-11-07 09:52:12.828 JST" Interest="16.0" Kind="edit" Navigation="null" OriginId="org.eclipse.jdt.ui.CompilationUnitEditor" StartDate="2014-11-07 09:48:14.111 JST" StructureHandle="=cm7/src&amp;lt;app.listeners{LOI_LCL.java[LOI_LCL~case_ACTV_BM_LV~QBM;~I" StructureKind="java" NumEvents="16" CreationCount="118"/><InteractionEvent Delta="null" EndDate="2014-11-07 09:56:42.414 JST" Interest="3.0" Kind="selection" Navigation="null" OriginId="org.eclipse.jdt.ui.CompilationUnitEditor" StartDate="2014-11-07 09:44:45.7 JST" StructureHandle="=cm7/src&amp;lt;app.listeners.dialog{DB_OCL.java[DB_OCL~onClick~QView;" StructureKind="java" NumEvents="3" CreationCount="52"/><InteractionEvent Delta="null" EndDate="2014-11-07 09:55:10.493 JST" Interest="2.502" Kind="manipulation" Navigation="null" OriginId="org.eclipse.mylyn.core.model.interest.decay.correction" StartDate="2014-11-07 09:55:10.493 JST" StructureHandle="=cm7/src&amp;lt;app.listeners.dialog{DB_OCL.java[DB_OCL~onClick~QView;" StructureKind="java"/><InteractionEvent Delta="null" EndDate="2014-11-07 09:57:01.505 JST" Interest="11.0" Kind="edit" Navigation="null" OriginId="org.eclipse.jdt.ui.CompilationUnitEditor" StartDate="2014-11-07 09:55:13.527 JST" StructureHandle="=cm7/src&amp;lt;app.listeners.dialog{DB_OCL.java[DB_OCL~onClick~QView;" StructureKind="java" NumEvents="11" CreationCount="52"/><InteractionEvent Delta="null" EndDate="2014-11-07 09:56:23.773 JST" Interest="2.0" Kind="prediction" Navigation="null" OriginId="org.eclipse.mylyn.resources.ui.interest.updater" StartDate="2014-11-07 09:47:30.141 JST" StructureHandle="=cm7/src&amp;lt;app.utils{Tags.java" StructureKind="java" NumEvents="2" CreationCount="107"/><InteractionEvent Delta="null" EndDate="2014-11-07 09:55:58.143 JST" Interest="4.0" Kind="selection" Navigation="null" OriginId="org.eclipse.jdt.ui.CompilationUnitEditor" StartDate="2014-11-07 09:48:31.88 JST" StructureHandle="=cm7/src&amp;lt;app.listeners.dialog{DOI_CL.java" StructureKind="java" NumEvents="4" CreationCount="123"/><InteractionEvent Delta="null" EndDate="2014-11-07 09:51:37.629 JST" Interest="19.446001" Kind="propagation" Navigation="org.eclipse.mylyn.core.model.edges.containment" OriginId="org.eclipse.mylyn.core.model.interest.propagation" StartDate="2014-11-07 09:48:31.836 JST" StructureHandle="=cm7/src&amp;lt;app.listeners.dialog{DOI_CL.java" StructureKind="java" NumEvents="31" CreationCount="123"/><InteractionEvent Delta="null" EndDate="2014-11-07 09:56:34.205 JST" Interest="26.085" Kind="propagation" Navigation="org.eclipse.mylyn.core.model.edges.containment" OriginId="org.eclipse.mylyn.core.model.interest.propagation" StartDate="2014-11-07 09:47:30.141 JST" StructureHandle="=cm7/src&amp;lt;app.utils" StructureKind="java" NumEvents="35" CreationCount="107"/><InteractionEvent Delta="null" EndDate="2014-11-07 10:01:28.23 JST" Interest="232.561" Kind="propagation" Navigation="null" OriginId="org.eclipse.jdt.ui.CompilationUnitEditor" StartDate="2014-11-07 09:33:32.731 JST" StructureHandle="/cm7/src/app/listeners/dialog" StructureKind="resource" NumEvents="233" CreationCount="2"/><InteractionEvent Delta="null" EndDate="2014-11-07 09:52:10.20 JST" Interest="3.0" Kind="selection" Navigation="null" OriginId="org.eclipse.jdt.ui.CompilationUnitEditor" StartDate="2014-11-07 09:46:46.624 JST" StructureHandle="=cm7/src&amp;lt;app.listeners{LOI_LCL.java" StructureKind="java" NumEvents="3" CreationCount="98"/><InteractionEvent Delta="null" EndDate="2014-11-07 09:50:08.679 JST" Interest="16.033998" Kind="propagation" Navigation="org.eclipse.mylyn.core.model.edges.containment" OriginId="org.eclipse.mylyn.core.model.interest.propagation" StartDate="2014-11-07 09:46:47.360 JST" StructureHandle="=cm7/src&amp;lt;app.listeners{LOI_LCL.java" StructureKind="java" NumEvents="25" CreationCount="98"/><InteractionEvent Delta="null" EndDate="2014-11-07 10:01:56.24 JST" Interest="1.0" Kind="prediction" Navigation="null" OriginId="org.eclipse.mylyn.resources.ui.interest.updater" StartDate="2014-11-07 10:01:56.24 JST" StructureHandle="/cm7/bin/cm7.apk" StructureKind="resource"/><InteractionEvent Delta="null" EndDate="2014-11-07 10:01:56.24 JST" Interest="1.0" Kind="propagation" Navigation="org.eclipse.mylyn.core.model.edges.containment" OriginId="org.eclipse.mylyn.core.model.interest.propagation" StartDate="2014-11-07 10:01:56.24 JST" StructureHandle="/cm7/bin" StructureKind="resource"/><InteractionEvent Delta="null" EndDate="2014-11-07 09:48:31.835 JST" Interest="1.0" Kind="selection" Navigation="null" OriginId="org.eclipse.jdt.ui.CompilationUnitEditor" StartDate="2014-11-07 09:48:31.835 JST" StructureHandle="=cm7/src&amp;lt;app.listeners.dialog{DOI_CL.java[DOI_CL~DOI_CL~QActivity;~QDialog;~QBM;" StructureKind="java"/><InteractionEvent Delta="null" EndDate="2014-11-07 09:33:41.397 JST" Interest="2.0" Kind="selection" Navigation="null" OriginId="org.eclipse.ui.views.ContentOutline" StartDate="2014-11-07 09:33:40.412 JST" StructureHandle="=cm7/src&amp;lt;app.listeners.button{BO_CL.java[BO_CL^vib" StructureKind="java" NumEvents="2" CreationCount="6"/><InteractionEvent Delta="null" EndDate="2014-11-07 09:55:01.508 JST" Interest="3.0" Kind="selection" Navigation="null" OriginId="org.eclipse.jdt.ui.CompilationUnitEditor" StartDate="2014-11-07 09:44:49.539 JST" StructureHandle="=cm7/src&amp;lt;app.listeners.dialog{DB_OCL.java[DB_OCL~DB_OCL~QActivity;~QDialog;~QDialog;~QDialog;~QDialog;" StructureKind="java" NumEvents="3" CreationCount="53"/><InteractionEvent Delta="null" EndDate="2014-11-07 09:54:30.483 JST" Interest="2.1620002" Kind="manipulation" Navigation="null" OriginId="org.eclipse.mylyn.core.model.interest.decay.correction" StartDate="2014-11-07 09:54:30.483 JST" StructureHandle="=cm7/src&amp;lt;app.listeners.dialog{DB_OCL.java[DB_OCL~DB_OCL~QActivity;~QDialog;~QDialog;~QDialog;~QDialog;" StructureKind="java"/><InteractionEvent Delta="null" EndDate="2014-11-07 09:55:04.783 JST" Interest="2.0" Kind="edit" Navigation="null" OriginId="org.eclipse.jdt.ui.CompilationUnitEditor" StartDate="2014-11-07 09:55:02.819 JST" StructureHandle="=cm7/src&amp;lt;app.listeners.dialog{DB_OCL.java[DB_OCL~DB_OCL~QActivity;~QDialog;~QDialog;~QDialog;~QDialog;" StructureKind="java" NumEvents="2" CreationCount="53"/><InteractionEvent Delta="null" EndDate="2014-11-07 09:50:45.379 JST" Interest="1.0" Kind="selection" Navigation="null" OriginId="org.eclipse.jdt.ui.CompilationUnitEditor" StartDate="2014-11-07 09:50:45.379 JST" StructureHandle="=cm7/src&amp;lt;app.listeners.dialog{DOI_CL.java[DOI_CL~DOI_CL~QActivity;~QDialog;~QDialog;~QDialog;" StructureKind="java"/><InteractionEvent Delta="null" EndDate="2014-11-07 09:50:51.423 JST" Interest="3.0" Kind="edit" Navigation="null" OriginId="org.eclipse.jdt.ui.CompilationUnitEditor" StartDate="2014-11-07 09:50:48.380 JST" StructureHandle="=cm7/src&amp;lt;app.listeners.dialog{DOI_CL.java[DOI_CL~DOI_CL~QActivity;~QDialog;~QDialog;~QDialog;" StructureKind="java" NumEvents="3" CreationCount="168"/><InteractionEvent Delta="null" EndDate="2014-11-07 09:52:13.625 JST" Interest="5.0" Kind="selection" Navigation="null" OriginId="org.eclipse.jdt.ui.CompilationUnitEditor" StartDate="2014-11-07 09:50:30.115 JST" StructureHandle="=cm7/src&amp;lt;app.listeners.dialog{DOI_CL.java[DOI_CL~DOI_CL~QActivity;~QDialog;~QBM;~I" StructureKind="java" NumEvents="5" CreationCount="161"/><InteractionEvent Delta="null" EndDate="2014-11-07 09:51:37.628 JST" Interest="24.0" Kind="edit" Navigation="null" OriginId="org.eclipse.jdt.ui.CompilationUnitEditor" StartDate="2014-11-07 09:50:34.376 JST" StructureHandle="=cm7/src&amp;lt;app.listeners.dialog{DOI_CL.java[DOI_CL~DOI_CL~QActivity;~QDialog;~QBM;~I" StructureKind="java" NumEvents="24" CreationCount="161"/><InteractionEvent Delta="null" EndDate="2014-11-07 09:56:03.853 JST" Interest="67.0" Kind="propagation" Navigation="null" OriginId="org.eclipse.jdt.ui.CompilationUnitEditor" StartDate="2014-11-07 09:48:31.88 JST" StructureHandle="/cm7/src/app/listeners/dialog/DOI_CL.java" StructureKind="resource" NumEvents="67" CreationCount="123"/><InteractionEvent Delta="null" EndDate="2014-11-07 09:47:30.141 JST" Interest="1.0" Kind="propagation" Navigation="null" OriginId="org.eclipse.mylyn.resources.ui.interest.updater" StartDate="2014-11-07 09:47:30.141 JST" StructureHandle="/cm7/src/app/utils/Tags.java" StructureKind="resource"/><InteractionEvent Delta="null" EndDate="2014-11-07 09:56:04.335 JST" Interest="2.0" Kind="selection" Navigation="null" OriginId="org.eclipse.jdt.ui.CompilationUnitEditor" StartDate="2014-11-07 09:52:54.889 JST" StructureHandle="=cm7/src&amp;lt;app.utils{Methods_dlg.java" StructureKind="java" NumEvents="2" CreationCount="211"/><InteractionEvent Delta="null" EndDate="2014-11-07 09:56:34.205 JST" Interest="22.317" Kind="propagation" Navigation="org.eclipse.mylyn.core.model.edges.containment" OriginId="org.eclipse.mylyn.core.model.interest.propagation" StartDate="2014-11-07 09:52:55.887 JST" StructureHandle="=cm7/src&amp;lt;app.utils{Methods_dlg.java" StructureKind="java" NumEvents="32" CreationCount="211"/><InteractionEvent Delta="null" EndDate="2014-11-07 09:45:10.386 JST" Interest="1.0" Kind="selection" Navigation="null" OriginId="org.eclipse.jdt.ui.PackageExplorer" StartDate="2014-11-07 09:45:10.386 JST" StructureHandle="=cm7/src&amp;lt;app.main" StructureKind="java"/><InteractionEvent Delta="null" EndDate="2014-11-07 10:17:18.521 JST" Interest="18.846" Kind="propagation" Navigation="org.eclipse.mylyn.core.model.edges.containment" OriginId="org.eclipse.mylyn.core.model.interest.propagation" StartDate="2014-11-07 09:40:06.370 JST" StructureHandle="=cm7/src&amp;lt;app.main" StructureKind="java" NumEvents="29" CreationCount="23"/><InteractionEvent Delta="null" EndDate="2014-11-07 09:56:04.404 JST" Interest="4.0" Kind="selection" Navigation="null" OriginId="org.eclipse.jdt.ui.CompilationUnitEditor" StartDate="2014-11-07 09:52:55.886 JST" StructureHandle="=cm7/src&amp;lt;app.utils{Methods_dlg.java[Methods_dlg~conf_DeleteBM~QActivity;~QDialog;~QBM;~I" StructureKind="java" NumEvents="4" CreationCount="212"/><InteractionEvent Delta="null" EndDate="2014-11-07 09:56:34.204 JST" Interest="29.0" Kind="edit" Navigation="null" OriginId="org.eclipse.jdt.ui.CompilationUnitEditor" StartDate="2014-11-07 09:53:00.872 JST" StructureHandle="=cm7/src&amp;lt;app.utils{Methods_dlg.java[Methods_dlg~conf_DeleteBM~QActivity;~QDialog;~QBM;~I" StructureKind="java" NumEvents="29" CreationCount="212"/><InteractionEvent Delta="null" EndDate="2014-11-07 09:52:17.823 JST" Interest="2.0" Kind="selection" Navigation="null" OriginId="org.eclipse.jdt.ui.CompilationUnitEditor" StartDate="2014-11-07 09:48:33.546 JST" StructureHandle="=cm7/src&amp;lt;app.listeners.dialog{DOI_CL.java[DOI_CL~onItemClick~QAdapterView\&amp;lt;*&amp;gt;;~QView;~I~J" StructureKind="java" NumEvents="2" CreationCount="125"/><InteractionEvent Delta="null" EndDate="2014-11-07 09:52:18.818 JST" Interest="5.0" Kind="edit" Navigation="null" OriginId="org.eclipse.jdt.ui.CompilationUnitEditor" StartDate="2014-11-07 09:48:39.410 JST" StructureHandle="=cm7/src&amp;lt;app.listeners.dialog{DOI_CL.java[DOI_CL~onItemClick~QAdapterView\&amp;lt;*&amp;gt;;~QView;~I~J" StructureKind="java" NumEvents="5" CreationCount="125"/><InteractionEvent Delta="null" EndDate="2014-11-07 09:56:34.205 JST" Interest="39.767998" Kind="propagation" Navigation="org.eclipse.mylyn.core.model.edges.containment" OriginId="org.eclipse.mylyn.core.model.interest.propagation" StartDate="2014-11-07 09:47:30.141 JST" StructureHandle="/cm7/src/app/utils" StructureKind="resource" NumEvents="39" CreationCount="107"/><InteractionEvent Delta="null" EndDate="2014-11-07 10:17:18.522 JST" Interest="418.051" Kind="propagation" Navigation="null" OriginId="org.eclipse.jdt.ui.PackageExplorer" StartDate="2014-11-07 09:32:26.900 JST" StructureHandle="/cm7/src" StructureKind="resource" NumEvents="421" CreationCount="1"/><InteractionEvent Delta="null" EndDate="2014-11-07 10:00:14.137 JST" Interest="7.0" Kind="selection" Navigation="null" OriginId="org.eclipse.jdt.ui.CompilationUnitEditor" StartDate="2014-11-07 09:41:43.545 JST" StructureHandle="=cm7/src&amp;lt;app.listeners.dialog{DB_OCL.java" StructureKind="java" NumEvents="7" CreationCount="35"/><InteractionEvent Delta="null" EndDate="2014-11-07 10:01:28.23 JST" Interest="58.168" Kind="propagation" Navigation="org.eclipse.mylyn.core.model.edges.containment" OriginId="org.eclipse.mylyn.core.model.interest.propagation" StartDate="2014-11-07 09:42:04.888 JST" StructureHandle="=cm7/src&amp;lt;app.listeners.dialog{DB_OCL.java" StructureKind="java" NumEvents="89" CreationCount="35"/><InteractionEvent Delta="null" EndDate="2014-11-07 10:00:14.316 JST" Interest="7.0" Kind="selection" Navigation="null" OriginId="org.eclipse.jdt.ui.CompilationUnitEditor" StartDate="2014-11-07 09:42:04.792 JST" StructureHandle="=cm7/src&amp;lt;app.listeners.dialog{DB_OCL.java[DB_OCL~dlg_DLG_CONF_DELETE_BM_OK" StructureKind="java" NumEvents="7" CreationCount="39"/><InteractionEvent Delta="null" EndDate="2014-11-07 10:01:28.22 JST" Interest="83.0" Kind="edit" Navigation="null" OriginId="org.eclipse.jdt.ui.CompilationUnitEditor" StartDate="2014-11-07 09:42:05.389 JST" StructureHandle="=cm7/src&amp;lt;app.listeners.dialog{DB_OCL.java[DB_OCL~dlg_DLG_CONF_DELETE_BM_OK" StructureKind="java" NumEvents="83" CreationCount="39"/><InteractionEvent Delta="null" EndDate="2014-11-07 09:33:50.766 JST" Interest="1.0" Kind="selection" Navigation="null" OriginId="org.eclipse.ui.views.ContentOutline" StartDate="2014-11-07 09:33:50.766 JST" StructureHandle="=cm7/src&amp;lt;app.listeners.button{BO_CL.java[BO_CL~case_ACTV_AL_IB_TOP" StructureKind="java"/><InteractionEvent Delta="null" EndDate="2014-11-07 10:17:18.521 JST" Interest="5.0" Kind="selection" Navigation="null" OriginId="org.eclipse.jdt.ui.PackageExplorer" StartDate="2014-11-07 09:45:12.161 JST" StructureHandle="=cm7/src&amp;lt;app.main{BMActv.java" StructureKind="java" NumEvents="5" CreationCount="57"/><InteractionEvent Delta="null" EndDate="2014-11-07 10:00:13.203 JST" Interest="14.268002" Kind="propagation" Navigation="org.eclipse.mylyn.core.model.edges.containment" OriginId="org.eclipse.mylyn.core.model.interest.propagation" StartDate="2014-11-07 09:45:15.223 JST" StructureHandle="=cm7/src&amp;lt;app.main{BMActv.java" StructureKind="java" NumEvents="24" CreationCount="57"/></InteractionHistory>