<?xml version="1.0" encoding="UTF-8"?><InteractionHistory Id="local-199" Version="1"><InteractionEvent Delta="null" EndDate="2014-11-09 15:26:07.932 JST" Interest="346.05103" Kind="propagation" Navigation="org.eclipse.mylyn.core.model.edges.containment" OriginId="org.eclipse.mylyn.core.model.interest.propagation" StartDate="2014-11-08 19:07:43.984 JST" StructureHandle="" StructureKind="java" NumEvents="349" CreationCount="1"/><InteractionEvent Delta="null" EndDate="2014-11-08 19:10:01.37 JST" Interest="3.1" Kind="propagation" Navigation="org.eclipse.mylyn.core.model.edges.containment" OriginId="org.eclipse.mylyn.core.model.interest.propagation" StartDate="2014-11-08 19:09:58.265 JST" StructureHandle="=IFM11/src&amp;lt;ifm11.utils{Methods_dlg.java[Methods_dlg" StructureKind="java" NumEvents="4" CreationCount="14"/><InteractionEvent Delta="null" EndDate="2014-11-08 19:12:21.924 JST" Interest="5.0" Kind="selection" Navigation="null" OriginId="org.eclipse.jdt.ui.CompilationUnitEditor" StartDate="2014-11-08 19:10:41.351 JST" StructureHandle="=IFM11/src&amp;lt;ifm11.main{ImageActv.java[ImageActv~onCreate~QBundle;" StructureKind="java" NumEvents="5" CreationCount="23"/><InteractionEvent Delta="null" EndDate="2014-11-08 19:12:18.430 JST" Interest="6.0" Kind="edit" Navigation="null" OriginId="org.eclipse.jdt.ui.CompilationUnitEditor" StartDate="2014-11-08 19:10:41.964 JST" StructureHandle="=IFM11/src&amp;lt;ifm11.main{ImageActv.java[ImageActv~onCreate~QBundle;" StructureKind="java" NumEvents="6" CreationCount="23"/><InteractionEvent Delta="null" EndDate="2014-11-09 15:13:08.341 JST" Interest="1.0" Kind="selection" Navigation="null" OriginId="org.eclipse.jdt.ui.PackageExplorer" StartDate="2014-11-09 15:13:08.341 JST" StructureHandle="=IFM11/src&amp;lt;ifm11.items" StructureKind="java"/><InteractionEvent Delta="null" EndDate="2014-11-09 15:24:55.556 JST" Interest="8.768001" Kind="propagation" Navigation="org.eclipse.mylyn.core.model.edges.containment" OriginId="org.eclipse.mylyn.core.model.interest.propagation" StartDate="2014-11-09 15:13:09.831 JST" StructureHandle="=IFM11/src&amp;lt;ifm11.items" StructureKind="java" NumEvents="16" CreationCount="331"/><InteractionEvent Delta="null" EndDate="2014-11-09 15:03:53.838 JST" Interest="27.0" Kind="propagation" Navigation="null" OriginId="org.eclipse.jdt.ui.CompilationUnitEditor" StartDate="2014-11-08 19:09:17.453 JST" StructureHandle="/IFM11/src/ifm11/main/ImageActv.java" StructureKind="resource" NumEvents="27" CreationCount="4"/><InteractionEvent Delta="null" EndDate="2014-11-09 15:00:09.475 JST" Interest="2.0" Kind="selection" Navigation="null" OriginId="org.eclipse.jdt.ui.CompilationUnitEditor" StartDate="2014-11-09 14:59:30.909 JST" StructureHandle="=IFM11/src&amp;lt;ifm11.utils{Methods.java[Methods~confirm_quit~QActivity;~I" StructureKind="java" NumEvents="2" CreationCount="95"/><InteractionEvent Delta="null" EndDate="2014-11-09 15:00:10.730 JST" Interest="1.0" Kind="edit" Navigation="null" OriginId="org.eclipse.jdt.ui.CompilationUnitEditor" StartDate="2014-11-09 15:00:10.730 JST" StructureHandle="=IFM11/src&amp;lt;ifm11.utils{Methods.java[Methods~confirm_quit~QActivity;~I" StructureKind="java"/><InteractionEvent Delta="null" EndDate="2014-11-09 15:24:55.555 JST" Interest="3.4" Kind="propagation" Navigation="org.eclipse.mylyn.core.model.edges.containment" OriginId="org.eclipse.mylyn.core.model.interest.propagation" StartDate="2014-11-09 15:13:45.242 JST" StructureHandle="=IFM11/src&amp;lt;ifm11.items{MyView.java[MyView^onScaleGestureListener[" StructureKind="java" NumEvents="5" CreationCount="347"/><InteractionEvent Delta="null" EndDate="2014-11-09 15:03:48.355 JST" Interest="4.0" Kind="propagation" Navigation="null" OriginId="org.eclipse.jdt.ui.CompilationUnitEditor" StartDate="2014-11-09 15:01:26.552 JST" StructureHandle="/IFM11/src/ifm11/utils/CONS.java" StructureKind="resource" NumEvents="4" CreationCount="114"/><InteractionEvent Delta="null" EndDate="2014-11-09 15:01:50.492 JST" Interest="2.0" Kind="prediction" Navigation="null" OriginId="org.eclipse.mylyn.resources.ui.interest.updater" StartDate="2014-11-08 19:11:42.828 JST" StructureHandle="/IFM11/bin/resources.ap_" StructureKind="resource" NumEvents="2" CreationCount="13"/><InteractionEvent Delta="null" EndDate="2014-11-09 15:01:26.554 JST" Interest="1.0" Kind="propagation" Navigation="org.eclipse.mylyn.core.model.edges.containment" OriginId="org.eclipse.mylyn.core.model.interest.propagation" StartDate="2014-11-09 15:01:26.554 JST" StructureHandle="=IFM11/src&amp;lt;ifm11.listeners.button" StructureKind="java"/><InteractionEvent Delta="null" EndDate="2014-11-09 15:01:26.553 JST" Interest="1.0" Kind="propagation" Navigation="null" OriginId="org.eclipse.mylyn.resources.ui.interest.updater" StartDate="2014-11-09 15:01:26.553 JST" StructureHandle="/IFM11/src/ifm11/listeners/button/BO_CL.java" StructureKind="resource"/><InteractionEvent Delta="null" EndDate="2014-11-09 15:13:16.760 JST" Interest="1.0" Kind="selection" Navigation="null" OriginId="org.eclipse.jdt.ui.CompilationUnitEditor" StartDate="2014-11-09 15:13:16.760 JST" StructureHandle="=IFM11/src&amp;lt;ifm11.items{MyView.java[MyView^gesDetect" StructureKind="java"/><InteractionEvent Delta="null" EndDate="2014-11-08 19:11:10.44 JST" Interest="2.717" Kind="propagation" Navigation="org.eclipse.mylyn.core.model.edges.containment" OriginId="org.eclipse.mylyn.core.model.interest.propagation" StartDate="2014-11-08 19:10:47.641 JST" StructureHandle="/IFM11/res/layout" StructureKind="resource" NumEvents="4" CreationCount="31"/><InteractionEvent Delta="null" EndDate="2014-11-08 19:11:10.44 JST" Interest="2.0" Kind="selection" Navigation="null" OriginId="org.eclipse.jdt.ui.PackageExplorer" StartDate="2014-11-08 19:11:03.17 JST" StructureHandle="/IFM11/res/layout/image_activity_for_myview.xml" StructureKind="resource" NumEvents="2" CreationCount="32"/><InteractionEvent Delta="null" EndDate="2014-11-08 19:11:06.498 JST" Interest="1.0" Kind="edit" Navigation="null" OriginId="com.android.ide.eclipse.editors.CommonXmlEditor" StartDate="2014-11-08 19:11:06.498 JST" StructureHandle="/IFM11/res/layout/image_activity_for_myview.xml" StructureKind="resource"/><InteractionEvent Delta="null" EndDate="2014-11-08 19:12:22.703 JST" Interest="4.8" Kind="propagation" Navigation="org.eclipse.mylyn.core.model.edges.containment" OriginId="org.eclipse.mylyn.core.model.interest.propagation" StartDate="2014-11-08 19:11:15.530 JST" StructureHandle="/IFM11/res/menu" StructureKind="resource" NumEvents="6" CreationCount="35"/><InteractionEvent Delta="null" EndDate="2014-11-09 15:25:09.0 JST" Interest="13.0" Kind="selection" Navigation="null" OriginId="org.eclipse.jdt.ui.CompilationUnitEditor" StartDate="2014-11-09 14:59:24.421 JST" StructureHandle="=IFM11/src&amp;lt;ifm11.utils{Methods.java[Methods" StructureKind="java" NumEvents="13" CreationCount="51"/><InteractionEvent Delta="null" EndDate="2014-11-09 15:07:01.61 JST" Interest="2.0" Kind="edit" Navigation="null" OriginId="org.eclipse.jdt.ui.CompilationUnitEditor" StartDate="2014-11-09 15:00:08.671 JST" StructureHandle="=IFM11/src&amp;lt;ifm11.utils{Methods.java[Methods" StructureKind="java" NumEvents="2" CreationCount="51"/><InteractionEvent Delta="null" EndDate="2014-11-09 15:26:07.931 JST" Interest="140.77899" Kind="propagation" Navigation="org.eclipse.mylyn.core.model.edges.containment" OriginId="org.eclipse.mylyn.core.model.interest.propagation" StartDate="2014-11-08 19:12:33.212 JST" StructureHandle="=IFM11/src&amp;lt;ifm11.utils{Methods.java[Methods" StructureKind="java" NumEvents="201" CreationCount="51"/><InteractionEvent Delta="null" EndDate="2014-11-09 15:03:48.355 JST" Interest="1.0" Kind="propagation" Navigation="org.eclipse.mylyn.core.model.edges.containment" OriginId="org.eclipse.mylyn.core.model.interest.propagation" StartDate="2014-11-09 15:03:48.355 JST" StructureHandle="=IFM11/src&amp;lt;ifm11.utils{CONS.java[CONS" StructureKind="java"/><InteractionEvent Delta="null" EndDate="2014-11-09 15:03:32.511 JST" Interest="2.0" Kind="selection" Navigation="null" OriginId="org.eclipse.jdt.ui.PackageExplorer" StartDate="2014-11-08 19:07:48.896 JST" StructureHandle="=IFM11/src&amp;lt;ifm11.main" StructureKind="java" NumEvents="2" CreationCount="21"/><InteractionEvent Delta="null" EndDate="2014-11-09 15:03:53.698 JST" Interest="10.234" Kind="propagation" Navigation="org.eclipse.mylyn.core.model.edges.containment" OriginId="org.eclipse.mylyn.core.model.interest.propagation" StartDate="2014-11-08 19:09:17.454 JST" StructureHandle="=IFM11/src&amp;lt;ifm11.main" StructureKind="java" NumEvents="15" CreationCount="21"/><InteractionEvent Delta="null" EndDate="2014-11-08 19:09:55.340 JST" Interest="1.0" Kind="selection" Navigation="null" OriginId="org.eclipse.jdt.ui.CompilationUnitEditor" StartDate="2014-11-08 19:09:55.340 JST" StructureHandle="=IFM11/src&amp;lt;ifm11.utils{Methods_dlg.java" StructureKind="java"/><InteractionEvent Delta="null" EndDate="2014-11-08 19:10:01.38 JST" Interest="2.1169999" Kind="propagation" Navigation="org.eclipse.mylyn.core.model.edges.containment" OriginId="org.eclipse.mylyn.core.model.interest.propagation" StartDate="2014-11-08 19:09:58.266 JST" StructureHandle="=IFM11/src&amp;lt;ifm11.utils{Methods_dlg.java" StructureKind="java" NumEvents="4" CreationCount="13"/><InteractionEvent Delta="null" EndDate="2014-11-09 15:26:07.932 JST" Interest="267.0" Kind="propagation" Navigation="null" OriginId="org.eclipse.jdt.ui.CompilationUnitEditor" StartDate="2014-11-08 19:09:55.341 JST" StructureHandle="/IFM11/src/ifm11/utils" StructureKind="resource" NumEvents="267" CreationCount="13"/><InteractionEvent Delta="null" EndDate="2014-11-09 15:14:07.810 JST" Interest="6.0540004" Kind="propagation" Navigation="org.eclipse.mylyn.core.model.edges.containment" OriginId="org.eclipse.mylyn.core.model.interest.propagation" StartDate="2014-11-08 19:11:42.828 JST" StructureHandle="/IFM11/bin" StructureKind="resource" NumEvents="5" CreationCount="22"/><InteractionEvent Delta="null" EndDate="2014-11-09 15:25:10.962 JST" Interest="5.0" Kind="selection" Navigation="null" OriginId="org.eclipse.jdt.ui.CompilationUnitEditor" StartDate="2014-11-09 15:00:41.958 JST" StructureHandle="=IFM11/src&amp;lt;ifm11.listeners.dialog{DOI_CL.java" StructureKind="java" NumEvents="5" CreationCount="104"/><InteractionEvent Delta="null" EndDate="2014-11-09 15:00:42.370 JST" Interest="1.0" Kind="edit" Navigation="null" OriginId="org.eclipse.jdt.ui.CompilationUnitEditor" StartDate="2014-11-09 15:00:42.370 JST" StructureHandle="=IFM11/src&amp;lt;ifm11.listeners.dialog{DOI_CL.java" StructureKind="java"/><InteractionEvent Delta="null" EndDate="2014-11-09 15:02:26.670 JST" Interest="1.536" Kind="propagation" Navigation="org.eclipse.mylyn.core.model.edges.containment" OriginId="org.eclipse.mylyn.core.model.interest.propagation" StartDate="2014-11-09 15:01:38.145 JST" StructureHandle="=IFM11/src&amp;lt;ifm11.listeners.dialog{DOI_CL.java" StructureKind="java" NumEvents="2" CreationCount="104"/><InteractionEvent Delta="null" EndDate="2014-11-09 15:13:10.518 JST" Interest="2.0" Kind="selection" Navigation="null" OriginId="org.eclipse.jdt.ui.CompilationUnitEditor" StartDate="2014-11-09 15:13:09.830 JST" StructureHandle="=IFM11/src&amp;lt;ifm11.items{MyView.java" StructureKind="java" NumEvents="2" CreationCount="332"/><InteractionEvent Delta="null" EndDate="2014-11-09 15:24:54.492 JST" Interest="7.7510004" Kind="propagation" Navigation="org.eclipse.mylyn.core.model.edges.containment" OriginId="org.eclipse.mylyn.core.model.interest.propagation" StartDate="2014-11-09 15:13:21.688 JST" StructureHandle="=IFM11/src&amp;lt;ifm11.items{MyView.java" StructureKind="java" NumEvents="12" CreationCount="332"/><InteractionEvent Delta="null" EndDate="2014-11-08 19:10:25.156 JST" Interest="2.0" Kind="selection" Navigation="null" OriginId="org.eclipse.jdt.ui.PackageExplorer" StartDate="2014-11-08 19:09:36.258 JST" StructureHandle="/IFM11/res/values/strings.xml" StructureKind="resource" NumEvents="2" CreationCount="6"/><InteractionEvent Delta="null" EndDate="2014-11-08 19:09:46.706 JST" Interest="6.0" Kind="edit" Navigation="null" OriginId="com.android.ide.eclipse.editors.CommonXmlEditor" StartDate="2014-11-08 19:09:36.299 JST" StructureHandle="/IFM11/res/values/strings.xml" StructureKind="resource" NumEvents="6" CreationCount="6"/><InteractionEvent Delta="null" EndDate="2014-11-09 15:24:54.491 JST" Interest="2.0" Kind="selection" Navigation="null" OriginId="org.eclipse.jdt.ui.CompilationUnitEditor" StartDate="2014-11-09 15:13:18.917 JST" StructureHandle="=IFM11/src&amp;lt;ifm11.items{MyView.java[MyView~onTouchEvent~QMotionEvent;" StructureKind="java" NumEvents="2" CreationCount="335"/><InteractionEvent Delta="null" EndDate="2014-11-09 15:13:41.107 JST" Interest="11.0" Kind="edit" Navigation="null" OriginId="org.eclipse.jdt.ui.CompilationUnitEditor" StartDate="2014-11-09 15:13:20.245 JST" StructureHandle="=IFM11/src&amp;lt;ifm11.items{MyView.java[MyView~onTouchEvent~QMotionEvent;" StructureKind="java" NumEvents="11" CreationCount="335"/><InteractionEvent Delta="null" EndDate="2014-11-09 15:13:05.313 JST" Interest="1.0" Kind="propagation" Navigation="null" OriginId="org.eclipse.jdt.ui.PackageExplorer" StartDate="2014-11-09 15:13:05.313 JST" StructureHandle="/IFM11/gen" StructureKind="resource"/><InteractionEvent Delta="null" EndDate="2014-11-09 15:26:05.379 JST" Interest="20.017" Kind="propagation" Navigation="org.eclipse.mylyn.core.model.edges.containment" OriginId="org.eclipse.mylyn.core.model.interest.propagation" StartDate="2014-11-09 15:00:40.526 JST" StructureHandle="/IFM11/src/ifm11/listeners" StructureKind="resource" NumEvents="21" CreationCount="103"/><InteractionEvent Delta="null" EndDate="2014-11-09 15:01:29.887 JST" Interest="2.0" Kind="selection" Navigation="null" OriginId="org.eclipse.jdt.ui.PackageExplorer" StartDate="2014-11-08 19:07:43.983 JST" StructureHandle="=IFM11" StructureKind="java" NumEvents="2" CreationCount="31"/><InteractionEvent Delta="null" EndDate="2014-11-09 15:26:07.931 JST" Interest="343.54102" Kind="propagation" Navigation="org.eclipse.mylyn.core.model.edges.containment" OriginId="org.eclipse.mylyn.core.model.interest.propagation" StartDate="2014-11-08 19:07:46.436 JST" StructureHandle="=IFM11" StructureKind="resource" NumEvents="350" CreationCount="31"/><InteractionEvent Delta="null" EndDate="2014-11-09 15:03:53.837 JST" Interest="2.0" Kind="selection" Navigation="null" OriginId="org.eclipse.jdt.ui.CompilationUnitEditor" StartDate="2014-11-09 15:03:37.982 JST" StructureHandle="=IFM11/src&amp;lt;ifm11.main{ImageActv.java[ImageActv^file_Id" StructureKind="java" NumEvents="2" CreationCount="146"/><InteractionEvent Delta="null" EndDate="2014-11-09 15:03:38.869 JST" Interest="1.0" Kind="propagation" Navigation="null" OriginId="org.eclipse.jdt.ui.PackageExplorer" StartDate="2014-11-09 15:03:38.869 JST" StructureHandle="/IFM11/src/ifm11/tasks" StructureKind="resource"/><InteractionEvent Delta="null" EndDate="2014-11-09 15:26:07.870 JST" Interest="155.82501" Kind="propagation" Navigation="org.eclipse.mylyn.core.model.edges.containment" OriginId="org.eclipse.mylyn.core.model.interest.propagation" StartDate="2014-11-08 19:09:55.342 JST" StructureHandle="=IFM11/src&amp;lt;ifm11.utils" StructureKind="java" NumEvents="226" CreationCount="13"/><InteractionEvent Delta="null" EndDate="2014-11-09 15:26:07.932 JST" Interest="378.0" Kind="propagation" Navigation="org.eclipse.mylyn.core.model.edges.containment" OriginId="org.eclipse.mylyn.core.model.interest.propagation" StartDate="2014-11-08 19:07:43.984 JST" StructureHandle="/" StructureKind="resource" NumEvents="378" CreationCount="1"/><InteractionEvent Delta="null" EndDate="2014-11-08 19:12:19.34 JST" Interest="2.0" Kind="selection" Navigation="null" OriginId="org.eclipse.jdt.ui.CompilationUnitEditor" StartDate="2014-11-08 19:12:19.31 JST" StructureHandle="=IFM11/src&amp;lt;ifm11.main{ImageActv.java[ImageActv~_Setup_Initial" StructureKind="java" NumEvents="2" CreationCount="44"/><InteractionEvent Delta="null" EndDate="2014-11-09 15:00:40.525 JST" Interest="1.0" Kind="selection" Navigation="null" OriginId="org.eclipse.jdt.ui.PackageExplorer" StartDate="2014-11-09 15:00:40.525 JST" StructureHandle="=IFM11/src&amp;lt;ifm11.listeners.dialog" StructureKind="java"/><InteractionEvent Delta="null" EndDate="2014-11-09 15:25:10.963 JST" Interest="6.2530003" Kind="propagation" Navigation="org.eclipse.mylyn.core.model.edges.containment" OriginId="org.eclipse.mylyn.core.model.interest.propagation" StartDate="2014-11-09 15:00:41.959 JST" StructureHandle="=IFM11/src&amp;lt;ifm11.listeners.dialog" StructureKind="java" NumEvents="9" CreationCount="103"/><InteractionEvent Delta="null" EndDate="2014-11-09 15:26:07.870 JST" Interest="9.0" Kind="selection" Navigation="null" OriginId="org.eclipse.jdt.ui.CompilationUnitEditor" StartDate="2014-11-08 19:12:29.388 JST" StructureHandle="=IFM11/src&amp;lt;ifm11.utils{Methods.java" StructureKind="java" NumEvents="9" CreationCount="49"/><InteractionEvent Delta="null" EndDate="2014-11-09 14:59:23.545 JST" Interest="1.0" Kind="edit" Navigation="null" OriginId="org.eclipse.jdt.ui.CompilationUnitEditor" StartDate="2014-11-09 14:59:23.545 JST" StructureHandle="=IFM11/src&amp;lt;ifm11.utils{Methods.java" StructureKind="java"/><InteractionEvent Delta="null" EndDate="2014-11-09 15:13:02.832 JST" Interest="145.513" Kind="propagation" Navigation="org.eclipse.mylyn.core.model.edges.containment" OriginId="org.eclipse.mylyn.core.model.interest.propagation" StartDate="2014-11-08 19:12:37.112 JST" StructureHandle="=IFM11/src&amp;lt;ifm11.utils{Methods.java" StructureKind="java" NumEvents="210" CreationCount="49"/><InteractionEvent Delta="null" EndDate="2014-11-09 15:26:05.379 JST" Interest="20.017" Kind="propagation" Navigation="null" OriginId="org.eclipse.jdt.ui.CompilationUnitEditor" StartDate="2014-11-09 15:00:40.525 JST" StructureHandle="/IFM11/src/ifm11/listeners/dialog" StructureKind="resource" NumEvents="21" CreationCount="103"/><InteractionEvent Delta="null" EndDate="2014-11-08 19:10:25.156 JST" Interest="6.2" Kind="propagation" Navigation="org.eclipse.mylyn.core.model.edges.containment" OriginId="org.eclipse.mylyn.core.model.interest.propagation" StartDate="2014-11-08 19:09:36.259 JST" StructureHandle="/IFM11/res" StructureKind="resource" NumEvents="8" CreationCount="6"/><InteractionEvent Delta="null" EndDate="2014-11-09 15:24:55.556 JST" Interest="23.0" Kind="propagation" Navigation="null" OriginId="org.eclipse.jdt.ui.CompilationUnitEditor" StartDate="2014-11-09 15:13:09.831 JST" StructureHandle="/IFM11/src/ifm11/items/MyView.java" StructureKind="resource" NumEvents="23" CreationCount="332"/><InteractionEvent Delta="null" EndDate="2014-11-09 15:03:42.585 JST" Interest="2.0" Kind="selection" Navigation="null" OriginId="org.eclipse.jdt.ui.CompilationUnitEditor" StartDate="2014-11-09 15:03:40.210 JST" StructureHandle="=IFM11/src&amp;lt;ifm11.utils{CONS.java" StructureKind="java" NumEvents="2" CreationCount="114"/><InteractionEvent Delta="null" EndDate="2014-11-09 15:01:26.551 JST" Interest="1.0" Kind="prediction" Navigation="null" OriginId="org.eclipse.mylyn.resources.ui.interest.updater" StartDate="2014-11-09 15:01:26.551 JST" StructureHandle="=IFM11/src&amp;lt;ifm11.utils{CONS.java" StructureKind="java"/><InteractionEvent Delta="null" EndDate="2014-11-09 15:03:53.697 JST" Interest="7.0" Kind="selection" Navigation="null" OriginId="org.eclipse.jdt.ui.CompilationUnitEditor" StartDate="2014-11-08 19:09:17.452 JST" StructureHandle="=IFM11/src&amp;lt;ifm11.main{ImageActv.java" StructureKind="java" NumEvents="7" CreationCount="4"/><InteractionEvent Delta="null" EndDate="2014-11-08 19:12:21.925 JST" Interest="5.523" Kind="propagation" Navigation="org.eclipse.mylyn.core.model.edges.containment" OriginId="org.eclipse.mylyn.core.model.interest.propagation" StartDate="2014-11-08 19:10:41.471 JST" StructureHandle="=IFM11/src&amp;lt;ifm11.main{ImageActv.java" StructureKind="java" NumEvents="8" CreationCount="4"/><InteractionEvent Delta="null" EndDate="2014-11-09 15:01:26.552 JST" Interest="1.0" Kind="prediction" Navigation="null" OriginId="org.eclipse.mylyn.resources.ui.interest.updater" StartDate="2014-11-09 15:01:26.552 JST" StructureHandle="=IFM11/src&amp;lt;ifm11.listeners.button{BO_CL.java" StructureKind="java"/><InteractionEvent Delta="null" EndDate="2014-11-09 15:26:07.932 JST" Interest="378.0" Kind="propagation" Navigation="null" OriginId="org.eclipse.jdt.ui.CompilationUnitEditor" StartDate="2014-11-08 19:07:43.983 JST" StructureHandle="/IFM11" StructureKind="resource" NumEvents="378" CreationCount="1"/><InteractionEvent Delta="null" EndDate="2014-11-08 19:12:22.703 JST" Interest="2.0" Kind="selection" Navigation="null" OriginId="org.eclipse.jdt.ui.PackageExplorer" StartDate="2014-11-08 19:11:15.530 JST" StructureHandle="/IFM11/res/menu/image_actv_menu.xml" StructureKind="resource" NumEvents="2" CreationCount="35"/><InteractionEvent Delta="null" EndDate="2014-11-08 19:11:22.724 JST" Interest="4.0" Kind="edit" Navigation="null" OriginId="com.android.ide.eclipse.editors.CommonXmlEditor" StartDate="2014-11-08 19:11:15.570 JST" StructureHandle="/IFM11/res/menu/image_actv_menu.xml" StructureKind="resource" NumEvents="4" CreationCount="35"/><InteractionEvent Delta="null" EndDate="2014-11-09 15:25:11.111 JST" Interest="2.0" Kind="selection" Navigation="null" OriginId="org.eclipse.jdt.ui.CompilationUnitEditor" StartDate="2014-11-09 15:00:53.832 JST" StructureHandle="=IFM11/src&amp;lt;ifm11.listeners.dialog{DOI_CL.java[DOI_CL" StructureKind="java" NumEvents="2" CreationCount="110"/><InteractionEvent Delta="null" EndDate="2014-11-09 15:25:02.899 JST" Interest="4.2160006" Kind="propagation" Navigation="org.eclipse.mylyn.core.model.edges.containment" OriginId="org.eclipse.mylyn.core.model.interest.propagation" StartDate="2014-11-09 15:00:56.767 JST" StructureHandle="=IFM11/src&amp;lt;ifm11.listeners.dialog{DOI_CL.java[DOI_CL" StructureKind="java" NumEvents="6" CreationCount="110"/><InteractionEvent Delta="null" EndDate="2014-11-09 15:14:07.810 JST" Interest="5.0" Kind="prediction" Navigation="null" OriginId="org.eclipse.mylyn.resources.ui.interest.updater" StartDate="2014-11-08 19:11:42.828 JST" StructureHandle="/IFM11/bin/IFM11.apk" StructureKind="resource" NumEvents="5" CreationCount="84"/><InteractionEvent Delta="null" EndDate="2014-11-09 15:14:07.810 JST" Interest="5.0" Kind="prediction" Navigation="null" OriginId="org.eclipse.mylyn.resources.ui.interest.updater" StartDate="2014-11-08 19:11:42.828 JST" StructureHandle="/IFM11/bin/classes.dex" StructureKind="resource" NumEvents="5" CreationCount="84"/><InteractionEvent Delta="null" EndDate="2014-11-08 19:10:01.37 JST" Interest="5.0" Kind="propagation" Navigation="null" OriginId="org.eclipse.jdt.ui.CompilationUnitEditor" StartDate="2014-11-08 19:09:55.341 JST" StructureHandle="/IFM11/src/ifm11/utils/Methods_dlg.java" StructureKind="resource" NumEvents="5" CreationCount="13"/><InteractionEvent Delta="null" EndDate="2014-11-09 15:25:02.898 JST" Interest="2.4680002" Kind="manipulation" Navigation="null" OriginId="org.eclipse.mylyn.core.model.interest.decay.correction" StartDate="2014-11-09 15:25:02.898 JST" StructureHandle="=IFM11/src&amp;lt;ifm11.listeners.dialog{DOI_CL.java[DOI_CL~case_ACTV_IMAGE_ADD_MEMO_LV_2~QWordPattern;" StructureKind="java"/><InteractionEvent Delta="null" EndDate="2014-11-09 15:25:02.898 JST" Interest="2.0" Kind="selection" Navigation="null" OriginId="org.eclipse.jdt.ui.CompilationUnitEditor" StartDate="2014-11-09 15:03:54.397 JST" StructureHandle="=IFM11/src&amp;lt;ifm11.listeners.dialog{DOI_CL.java[DOI_CL~case_ACTV_IMAGE_ADD_MEMO_LV_2~QWordPattern;" StructureKind="java" NumEvents="2" CreationCount="154"/><InteractionEvent Delta="null" EndDate="2014-11-09 15:24:55.556 JST" Interest="23.017" Kind="propagation" Navigation="org.eclipse.mylyn.core.model.edges.containment" OriginId="org.eclipse.mylyn.core.model.interest.propagation" StartDate="2014-11-09 15:13:08.341 JST" StructureHandle="/IFM11/src/ifm11/items" StructureKind="resource" NumEvents="24" CreationCount="331"/><InteractionEvent Delta="null" EndDate="2014-11-08 19:10:07.732 JST" Interest="1.0" Kind="selection" Navigation="null" OriginId="org.eclipse.jdt.ui.CompilationUnitEditor" StartDate="2014-11-08 19:10:07.732 JST" StructureHandle="=IFM11/src&amp;lt;ifm11.main{ImageActv.java[ImageActv" StructureKind="java"/><InteractionEvent Delta="null" EndDate="2014-11-08 19:12:21.924 JST" Interest="8.268" Kind="propagation" Navigation="org.eclipse.mylyn.core.model.edges.containment" OriginId="org.eclipse.mylyn.core.model.interest.propagation" StartDate="2014-11-08 19:10:35.695 JST" StructureHandle="=IFM11/src&amp;lt;ifm11.main{ImageActv.java[ImageActv" StructureKind="java" NumEvents="11" CreationCount="19"/><InteractionEvent Delta="null" EndDate="2014-11-09 15:01:26.553 JST" Interest="1.0" Kind="propagation" Navigation="org.eclipse.mylyn.core.model.edges.containment" OriginId="org.eclipse.mylyn.core.model.interest.propagation" StartDate="2014-11-09 15:01:26.553 JST" StructureHandle="/IFM11/src/ifm11/listeners/button" StructureKind="resource"/><InteractionEvent Delta="null" EndDate="2014-11-08 19:10:47.641 JST" Interest="1.0" Kind="selection" Navigation="null" OriginId="org.eclipse.jdt.ui.PackageExplorer" StartDate="2014-11-08 19:10:47.641 JST" StructureHandle="/IFM11/res/layout/actv_main.xml" StructureKind="resource"/><InteractionEvent Delta="null" EndDate="2014-11-09 15:13:05.313 JST" Interest="1.0" Kind="selection" Navigation="null" OriginId="org.eclipse.jdt.ui.PackageExplorer" StartDate="2014-11-09 15:13:05.313 JST" StructureHandle="=IFM11/gen" StructureKind="java"/><InteractionEvent Delta="null" EndDate="2014-11-08 19:09:58.264 JST" Interest="1.0" Kind="selection" Navigation="null" OriginId="org.eclipse.jdt.ui.CompilationUnitEditor" StartDate="2014-11-08 19:09:58.264 JST" StructureHandle="=IFM11/src&amp;lt;ifm11.utils{Methods_dlg.java[Methods_dlg~dlg_LABS_main~QActivity;" StructureKind="java"/><InteractionEvent Delta="null" EndDate="2014-11-08 19:10:01.36 JST" Interest="3.0" Kind="edit" Navigation="null" OriginId="org.eclipse.jdt.ui.CompilationUnitEditor" StartDate="2014-11-08 19:09:58.894 JST" StructureHandle="=IFM11/src&amp;lt;ifm11.utils{Methods_dlg.java[Methods_dlg~dlg_LABS_main~QActivity;" StructureKind="java" NumEvents="3" CreationCount="14"/><InteractionEvent Delta="null" EndDate="2014-11-09 15:24:55.554 JST" Interest="2.0" Kind="selection" Navigation="null" OriginId="org.eclipse.jdt.ui.CompilationUnitEditor" StartDate="2014-11-09 15:13:45.241 JST" StructureHandle="=IFM11/src&amp;lt;ifm11.items{MyView.java[MyView^onScaleGestureListener[~onScaleBegin~QScaleGestureDetector;" StructureKind="java" NumEvents="2" CreationCount="347"/><InteractionEvent Delta="null" EndDate="2014-11-09 15:13:49.565 JST" Interest="2.0" Kind="edit" Navigation="null" OriginId="org.eclipse.jdt.ui.CompilationUnitEditor" StartDate="2014-11-09 15:13:48.164 JST" StructureHandle="=IFM11/src&amp;lt;ifm11.items{MyView.java[MyView^onScaleGestureListener[~onScaleBegin~QScaleGestureDetector;" StructureKind="java" NumEvents="2" CreationCount="347"/><InteractionEvent Delta="null" EndDate="2014-11-09 15:00:52.873 JST" Interest="2.0" Kind="propagation" Navigation="org.eclipse.mylyn.core.model.edges.containment" OriginId="org.eclipse.mylyn.core.model.interest.propagation" StartDate="2014-11-09 15:00:48.605 JST" StructureHandle="=IFM11/src&amp;lt;ifm11.listeners.dialog{DOI_CL.java#" StructureKind="java" NumEvents="2" CreationCount="108"/><InteractionEvent Delta="null" EndDate="2014-11-09 15:00:54.674 JST" Interest="1.0" Kind="selection" Navigation="null" OriginId="org.eclipse.jdt.ui.CompilationUnitEditor" StartDate="2014-11-09 15:00:54.674 JST" StructureHandle="=IFM11/src&amp;lt;ifm11.listeners.dialog{DOI_CL.java#ifm11.utils.CONS" StructureKind="java"/><InteractionEvent Delta="null" EndDate="2014-11-09 15:03:53.838 JST" Interest="27.017" Kind="propagation" Navigation="org.eclipse.mylyn.core.model.edges.containment" OriginId="org.eclipse.mylyn.core.model.interest.propagation" StartDate="2014-11-08 19:07:48.896 JST" StructureHandle="/IFM11/src/ifm11/main" StructureKind="resource" NumEvents="29" CreationCount="3"/><InteractionEvent Delta="null" EndDate="2014-11-09 15:00:52.872 JST" Interest="2.0" Kind="selection" Navigation="null" OriginId="org.eclipse.jdt.ui.CompilationUnitEditor" StartDate="2014-11-09 15:00:48.592 JST" StructureHandle="=IFM11/src&amp;lt;ifm11.listeners.dialog{DOI_CL.java#ifm11.items.WordPattern" StructureKind="java" NumEvents="2" CreationCount="108"/><InteractionEvent Delta="null" EndDate="2014-11-09 15:03:48.354 JST" Interest="1.0" Kind="propagation" Navigation="org.eclipse.mylyn.core.model.edges.containment" OriginId="org.eclipse.mylyn.core.model.interest.propagation" StartDate="2014-11-09 15:03:48.354 JST" StructureHandle="=IFM11/src&amp;lt;ifm11.utils{CONS.java[CONS[IMageActv" StructureKind="java"/><InteractionEvent Delta="null" EndDate="2014-11-09 15:08:16.739 JST" Interest="2.0" Kind="selection" Navigation="null" OriginId="org.eclipse.jdt.ui.CompilationUnitEditor" StartDate="2014-11-09 15:06:27.322 JST" StructureHandle="=IFM11/src&amp;lt;ifm11.utils{Methods.java[Methods~roate_Image~QActivity;" StructureKind="java" NumEvents="2" CreationCount="200"/><InteractionEvent Delta="null" EndDate="2014-11-09 15:08:21.744 JST" Interest="8.0" Kind="edit" Navigation="null" OriginId="org.eclipse.jdt.ui.CompilationUnitEditor" StartDate="2014-11-09 15:06:29.580 JST" StructureHandle="=IFM11/src&amp;lt;ifm11.utils{Methods.java[Methods~roate_Image~QActivity;" StructureKind="java" NumEvents="8" CreationCount="200"/><InteractionEvent Delta="null" EndDate="2014-11-09 15:06:54.28 JST" Interest="0.102" Kind="manipulation" Navigation="null" OriginId="org.eclipse.mylyn.core.model.interest.decay.correction" StartDate="2014-11-09 15:06:54.28 JST" StructureHandle="=IFM11/src&amp;lt;ifm11.utils{Methods.java[Methods~create_TNs~QActivity;" StructureKind="java"/><InteractionEvent Delta="null" EndDate="2014-11-09 15:08:06.736 JST" Interest="3.0" Kind="selection" Navigation="null" OriginId="org.eclipse.jdt.ui.CompilationUnitEditor" StartDate="2014-11-09 15:00:15.28 JST" StructureHandle="=IFM11/src&amp;lt;ifm11.utils{Methods.java[Methods~create_TNs~QActivity;" StructureKind="java" NumEvents="3" CreationCount="100"/><InteractionEvent Delta="null" EndDate="2014-11-09 15:00:38.130 JST" Interest="1.0" Kind="edit" Navigation="null" OriginId="org.eclipse.jdt.ui.CompilationUnitEditor" StartDate="2014-11-09 15:00:38.130 JST" StructureHandle="=IFM11/src&amp;lt;ifm11.utils{Methods.java[Methods~create_TNs~QActivity;" StructureKind="java"/><InteractionEvent Delta="null" EndDate="2014-11-09 15:26:05.379 JST" Interest="19.0" Kind="propagation" Navigation="null" OriginId="org.eclipse.jdt.ui.CompilationUnitEditor" StartDate="2014-11-09 15:00:41.959 JST" StructureHandle="/IFM11/src/ifm11/listeners/dialog/DOI_CL.java" StructureKind="resource" NumEvents="19" CreationCount="104"/><InteractionEvent Delta="null" EndDate="2014-11-09 15:24:55.555 JST" Interest="3.4" Kind="propagation" Navigation="org.eclipse.mylyn.core.model.edges.containment" OriginId="org.eclipse.mylyn.core.model.interest.propagation" StartDate="2014-11-09 15:13:45.242 JST" StructureHandle="=IFM11/src&amp;lt;ifm11.items{MyView.java[MyView^onScaleGestureListener" StructureKind="java" NumEvents="5" CreationCount="347"/><InteractionEvent Delta="null" EndDate="2014-11-09 15:13:50.367 JST" Interest="1.0" Kind="selection" Navigation="null" OriginId="org.eclipse.jdt.ui.CompilationUnitEditor" StartDate="2014-11-09 15:13:50.367 JST" StructureHandle="=IFM11/src&amp;lt;ifm11.items{MyView.java[MyView^onScaleGestureListener[~onScaleEnd~QScaleGestureDetector;" StructureKind="java"/><InteractionEvent Delta="null" EndDate="2014-11-09 15:24:53.693 JST" Interest="2.0" Kind="edit" Navigation="null" OriginId="org.eclipse.jdt.ui.CompilationUnitEditor" StartDate="2014-11-09 15:13:51.433 JST" StructureHandle="=IFM11/src&amp;lt;ifm11.items{MyView.java[MyView^onScaleGestureListener[~onScaleEnd~QScaleGestureDetector;" StructureKind="java" NumEvents="2" CreationCount="350"/><InteractionEvent Delta="null" EndDate="2014-11-09 15:26:05.378 JST" Interest="0.20100021" Kind="manipulation" Navigation="null" OriginId="org.eclipse.mylyn.core.model.interest.decay.correction" StartDate="2014-11-09 15:26:05.378 JST" StructureHandle="=IFM11/src&amp;lt;ifm11.listeners.dialog{DOI_CL.java[DOI_CL~case_ACTV_IMAGE_OPTMENU_LABS~QListItem;" StructureKind="java"/><InteractionEvent Delta="null" EndDate="2014-11-09 15:26:05.378 JST" Interest="3.0" Kind="selection" Navigation="null" OriginId="org.eclipse.jdt.ui.CompilationUnitEditor" StartDate="2014-11-09 15:00:56.766 JST" StructureHandle="=IFM11/src&amp;lt;ifm11.listeners.dialog{DOI_CL.java[DOI_CL~case_ACTV_IMAGE_OPTMENU_LABS~QListItem;" StructureKind="java" NumEvents="3" CreationCount="112"/><InteractionEvent Delta="null" EndDate="2014-11-09 15:02:26.669 JST" Interest="3.0" Kind="edit" Navigation="null" OriginId="org.eclipse.jdt.ui.CompilationUnitEditor" StartDate="2014-11-09 15:00:59.496 JST" StructureHandle="=IFM11/src&amp;lt;ifm11.listeners.dialog{DOI_CL.java[DOI_CL~case_ACTV_IMAGE_OPTMENU_LABS~QListItem;" StructureKind="java" NumEvents="3" CreationCount="112"/><InteractionEvent Delta="null" EndDate="2014-11-08 19:10:41.472 JST" Interest="4.0" Kind="selection" Navigation="null" OriginId="org.eclipse.jdt.ui.CompilationUnitEditor" StartDate="2014-11-08 19:10:35.694 JST" StructureHandle="=IFM11/src&amp;lt;ifm11.main{ImageActv.java[ImageActv~onOptionsItemSelected~QMenuItem;" StructureKind="java" NumEvents="4" CreationCount="21"/><InteractionEvent Delta="null" EndDate="2014-11-09 15:03:48.354 JST" Interest="1.0" Kind="selection" Navigation="null" OriginId="org.eclipse.jdt.ui.CompilationUnitEditor" StartDate="2014-11-09 15:03:48.354 JST" StructureHandle="=IFM11/src&amp;lt;ifm11.utils{CONS.java[CONS[IMageActv^bm_Modified" StructureKind="java"/><InteractionEvent Delta="null" EndDate="2014-11-09 15:01:36.723 JST" Interest="1.0" Kind="propagation" Navigation="null" OriginId="org.eclipse.jdt.ui.PackageExplorer" StartDate="2014-11-09 15:01:36.723 JST" StructureHandle="/IFM11/src/ifm11/listeners/dialog/DB_OCL.java" StructureKind="resource"/><InteractionEvent Delta="null" EndDate="2014-11-08 19:10:25.156 JST" Interest="6.2" Kind="propagation" Navigation="org.eclipse.mylyn.core.model.edges.containment" OriginId="org.eclipse.mylyn.core.model.interest.propagation" StartDate="2014-11-08 19:09:36.259 JST" StructureHandle="/IFM11/res/values" StructureKind="resource" NumEvents="8" CreationCount="6"/><InteractionEvent Delta="null" EndDate="2014-11-09 15:26:07.932 JST" Interest="347.034" Kind="propagation" Navigation="null" OriginId="org.eclipse.jdt.ui.CompilationUnitEditor" StartDate="2014-11-08 19:07:46.436 JST" StructureHandle="/IFM11/src" StructureKind="resource" NumEvents="349" CreationCount="2"/><InteractionEvent Delta="null" EndDate="2014-11-09 15:03:38.869 JST" Interest="1.0" Kind="selection" Navigation="null" OriginId="org.eclipse.jdt.ui.PackageExplorer" StartDate="2014-11-09 15:03:38.869 JST" StructureHandle="=IFM11/src&amp;lt;ifm11.tasks" StructureKind="java"/><InteractionEvent Delta="null" EndDate="2014-11-09 15:26:07.931 JST" Interest="266.16998" Kind="propagation" Navigation="org.eclipse.mylyn.core.model.edges.containment" OriginId="org.eclipse.mylyn.core.model.interest.propagation" StartDate="2014-11-08 19:07:48.896 JST" StructureHandle="/IFM11/src/ifm11" StructureKind="resource" NumEvents="270" CreationCount="3"/><InteractionEvent Delta="null" EndDate="2014-11-09 15:26:07.931 JST" Interest="258.0" Kind="propagation" Navigation="null" OriginId="org.eclipse.jdt.ui.CompilationUnitEditor" StartDate="2014-11-08 19:12:29.388 JST" StructureHandle="/IFM11/src/ifm11/utils/Methods.java" StructureKind="resource" NumEvents="258" CreationCount="49"/><InteractionEvent Delta="null" EndDate="2014-11-09 15:24:54.491 JST" Interest="9.717" Kind="propagation" Navigation="org.eclipse.mylyn.core.model.edges.containment" OriginId="org.eclipse.mylyn.core.model.interest.propagation" StartDate="2014-11-09 15:13:16.761 JST" StructureHandle="=IFM11/src&amp;lt;ifm11.items{MyView.java[MyView" StructureKind="java" NumEvents="14" CreationCount="334"/><InteractionEvent Delta="null" EndDate="2014-11-09 15:01:36.723 JST" Interest="1.0" Kind="selection" Navigation="null" OriginId="org.eclipse.jdt.ui.PackageExplorer" StartDate="2014-11-09 15:01:36.723 JST" StructureHandle="=IFM11/src&amp;lt;ifm11.listeners.dialog{DB_OCL.java" StructureKind="java"/><InteractionEvent Delta="null" EndDate="2014-11-09 15:02:47.469 JST" Interest="6.0" Kind="selection" Navigation="null" OriginId="org.eclipse.jdt.ui.PackageExplorer" StartDate="2014-11-08 19:07:46.436 JST" StructureHandle="=IFM11/src" StructureKind="java" NumEvents="6" CreationCount="85"/><InteractionEvent Delta="null" EndDate="2014-11-09 15:26:07.871 JST" Interest="148.60101" Kind="propagation" Navigation="org.eclipse.mylyn.core.model.edges.containment" OriginId="org.eclipse.mylyn.core.model.interest.propagation" StartDate="2014-11-08 19:07:48.896 JST" StructureHandle="=IFM11/src" StructureKind="java" NumEvents="215" CreationCount="85"/><InteractionEvent Delta="null" EndDate="2014-11-09 15:26:07.931 JST" Interest="14.0" Kind="selection" Navigation="null" OriginId="org.eclipse.jdt.ui.CompilationUnitEditor" StartDate="2014-11-08 19:12:33.211 JST" StructureHandle="=IFM11/src&amp;lt;ifm11.utils{Methods.java[Methods~change_RGB~QActivity;" StructureKind="java" NumEvents="14" CreationCount="38"/><InteractionEvent Delta="null" EndDate="2014-11-09 15:13:02.249 JST" Interest="202.0" Kind="edit" Navigation="null" OriginId="org.eclipse.jdt.ui.CompilationUnitEditor" StartDate="2014-11-08 19:12:35.807 JST" StructureHandle="=IFM11/src&amp;lt;ifm11.utils{Methods.java[Methods~change_RGB~QActivity;" StructureKind="java" NumEvents="202" CreationCount="38"/></InteractionHistory>