<?xml version="1.0" encoding="UTF-8"?><InteractionHistory Id="local-199" Version="1"><InteractionEvent Delta="null" EndDate="2014-11-08 20:34:15.388 JST" Interest="66.050995" Kind="propagation" Navigation="org.eclipse.mylyn.core.model.edges.containment" OriginId="org.eclipse.mylyn.core.model.interest.propagation" StartDate="2014-11-08 19:07:43.984 JST" StructureHandle="" StructureKind="java" NumEvents="73" CreationCount="1"/><InteractionEvent Delta="null" EndDate="2014-11-08 19:12:21.924 JST" Interest="8.268" Kind="propagation" Navigation="org.eclipse.mylyn.core.model.edges.containment" OriginId="org.eclipse.mylyn.core.model.interest.propagation" StartDate="2014-11-08 19:10:35.695 JST" StructureHandle="=IFM11/src&amp;lt;ifm11.main{ImageActv.java[ImageActv" StructureKind="java" NumEvents="11" CreationCount="19"/><InteractionEvent Delta="null" EndDate="2014-11-08 19:10:07.732 JST" Interest="1.0" Kind="selection" Navigation="null" OriginId="org.eclipse.jdt.ui.CompilationUnitEditor" StartDate="2014-11-08 19:10:07.732 JST" StructureHandle="=IFM11/src&amp;lt;ifm11.main{ImageActv.java[ImageActv" StructureKind="java"/><InteractionEvent Delta="null" EndDate="2014-11-08 19:10:01.37 JST" Interest="3.1" Kind="propagation" Navigation="org.eclipse.mylyn.core.model.edges.containment" OriginId="org.eclipse.mylyn.core.model.interest.propagation" StartDate="2014-11-08 19:09:58.265 JST" StructureHandle="=IFM11/src&amp;lt;ifm11.utils{Methods_dlg.java[Methods_dlg" StructureKind="java" NumEvents="4" CreationCount="14"/><InteractionEvent Delta="null" EndDate="2014-11-08 19:12:21.924 JST" Interest="5.0" Kind="selection" Navigation="null" OriginId="org.eclipse.jdt.ui.CompilationUnitEditor" StartDate="2014-11-08 19:10:41.351 JST" StructureHandle="=IFM11/src&amp;lt;ifm11.main{ImageActv.java[ImageActv~onCreate~QBundle;" StructureKind="java" NumEvents="5" CreationCount="23"/><InteractionEvent Delta="null" EndDate="2014-11-08 19:12:18.430 JST" Interest="6.0" Kind="edit" Navigation="null" OriginId="org.eclipse.jdt.ui.CompilationUnitEditor" StartDate="2014-11-08 19:10:41.964 JST" StructureHandle="=IFM11/src&amp;lt;ifm11.main{ImageActv.java[ImageActv~onCreate~QBundle;" StructureKind="java" NumEvents="6" CreationCount="23"/><InteractionEvent Delta="null" EndDate="2014-11-08 19:10:47.641 JST" Interest="1.0" Kind="selection" Navigation="null" OriginId="org.eclipse.jdt.ui.PackageExplorer" StartDate="2014-11-08 19:10:47.641 JST" StructureHandle="/IFM11/res/layout/actv_main.xml" StructureKind="resource"/><InteractionEvent Delta="null" EndDate="2014-11-08 19:12:21.924 JST" Interest="22.0" Kind="propagation" Navigation="null" OriginId="org.eclipse.jdt.ui.CompilationUnitEditor" StartDate="2014-11-08 19:09:17.453 JST" StructureHandle="/IFM11/src/ifm11/main/ImageActv.java" StructureKind="resource" NumEvents="22" CreationCount="4"/><InteractionEvent Delta="null" EndDate="2014-11-08 19:11:42.828 JST" Interest="1.0" Kind="prediction" Navigation="null" OriginId="org.eclipse.mylyn.resources.ui.interest.updater" StartDate="2014-11-08 19:11:42.828 JST" StructureHandle="/IFM11/bin/resources.ap_" StructureKind="resource"/><InteractionEvent Delta="null" EndDate="2014-11-08 19:09:58.264 JST" Interest="1.0" Kind="selection" Navigation="null" OriginId="org.eclipse.jdt.ui.CompilationUnitEditor" StartDate="2014-11-08 19:09:58.264 JST" StructureHandle="=IFM11/src&amp;lt;ifm11.utils{Methods_dlg.java[Methods_dlg~dlg_LABS_main~QActivity;" StructureKind="java"/><InteractionEvent Delta="null" EndDate="2014-11-08 19:10:01.36 JST" Interest="3.0" Kind="edit" Navigation="null" OriginId="org.eclipse.jdt.ui.CompilationUnitEditor" StartDate="2014-11-08 19:09:58.894 JST" StructureHandle="=IFM11/src&amp;lt;ifm11.utils{Methods_dlg.java[Methods_dlg~dlg_LABS_main~QActivity;" StructureKind="java" NumEvents="3" CreationCount="14"/><InteractionEvent Delta="null" EndDate="2014-11-08 19:11:10.44 JST" Interest="2.717" Kind="propagation" Navigation="org.eclipse.mylyn.core.model.edges.containment" OriginId="org.eclipse.mylyn.core.model.interest.propagation" StartDate="2014-11-08 19:10:47.641 JST" StructureHandle="/IFM11/res/layout" StructureKind="resource" NumEvents="4" CreationCount="31"/><InteractionEvent Delta="null" EndDate="2014-11-08 19:11:10.44 JST" Interest="2.0" Kind="selection" Navigation="null" OriginId="org.eclipse.jdt.ui.PackageExplorer" StartDate="2014-11-08 19:11:03.17 JST" StructureHandle="/IFM11/res/layout/image_activity_for_myview.xml" StructureKind="resource" NumEvents="2" CreationCount="32"/><InteractionEvent Delta="null" EndDate="2014-11-08 19:11:06.498 JST" Interest="1.0" Kind="edit" Navigation="null" OriginId="com.android.ide.eclipse.editors.CommonXmlEditor" StartDate="2014-11-08 19:11:06.498 JST" StructureHandle="/IFM11/res/layout/image_activity_for_myview.xml" StructureKind="resource"/><InteractionEvent Delta="null" EndDate="2014-11-08 19:12:21.925 JST" Interest="22.016998" Kind="propagation" Navigation="org.eclipse.mylyn.core.model.edges.containment" OriginId="org.eclipse.mylyn.core.model.interest.propagation" StartDate="2014-11-08 19:07:48.896 JST" StructureHandle="/IFM11/src/ifm11/main" StructureKind="resource" NumEvents="23" CreationCount="3"/><InteractionEvent Delta="null" EndDate="2014-11-08 20:34:05.770 JST" Interest="26.199999" Kind="propagation" Navigation="org.eclipse.mylyn.core.model.edges.containment" OriginId="org.eclipse.mylyn.core.model.interest.propagation" StartDate="2014-11-08 19:12:33.212 JST" StructureHandle="=IFM11/src&amp;lt;ifm11.utils{Methods.java[Methods" StructureKind="java" NumEvents="37" CreationCount="51"/><InteractionEvent Delta="null" EndDate="2014-11-08 19:12:22.703 JST" Interest="4.8" Kind="propagation" Navigation="org.eclipse.mylyn.core.model.edges.containment" OriginId="org.eclipse.mylyn.core.model.interest.propagation" StartDate="2014-11-08 19:11:15.530 JST" StructureHandle="/IFM11/res/menu" StructureKind="resource" NumEvents="6" CreationCount="35"/><InteractionEvent Delta="null" EndDate="2014-11-08 19:12:21.925 JST" Interest="8.54" Kind="propagation" Navigation="org.eclipse.mylyn.core.model.edges.containment" OriginId="org.eclipse.mylyn.core.model.interest.propagation" StartDate="2014-11-08 19:09:17.454 JST" StructureHandle="=IFM11/src&amp;lt;ifm11.main" StructureKind="java" NumEvents="13" CreationCount="3"/><InteractionEvent Delta="null" EndDate="2014-11-08 19:07:48.896 JST" Interest="1.0" Kind="selection" Navigation="null" OriginId="org.eclipse.jdt.ui.PackageExplorer" StartDate="2014-11-08 19:07:48.896 JST" StructureHandle="=IFM11/src&amp;lt;ifm11.main" StructureKind="java"/><InteractionEvent Delta="null" EndDate="2014-11-08 19:10:01.38 JST" Interest="2.1169999" Kind="propagation" Navigation="org.eclipse.mylyn.core.model.edges.containment" OriginId="org.eclipse.mylyn.core.model.interest.propagation" StartDate="2014-11-08 19:09:58.266 JST" StructureHandle="=IFM11/src&amp;lt;ifm11.utils{Methods_dlg.java" StructureKind="java" NumEvents="4" CreationCount="13"/><InteractionEvent Delta="null" EndDate="2014-11-08 19:09:55.340 JST" Interest="1.0" Kind="selection" Navigation="null" OriginId="org.eclipse.jdt.ui.CompilationUnitEditor" StartDate="2014-11-08 19:09:55.340 JST" StructureHandle="=IFM11/src&amp;lt;ifm11.utils{Methods_dlg.java" StructureKind="java"/><InteractionEvent Delta="null" EndDate="2014-11-08 19:11:42.828 JST" Interest="1.0" Kind="propagation" Navigation="org.eclipse.mylyn.core.model.edges.containment" OriginId="org.eclipse.mylyn.core.model.interest.propagation" StartDate="2014-11-08 19:11:42.828 JST" StructureHandle="/IFM11/bin" StructureKind="resource"/><InteractionEvent Delta="null" EndDate="2014-11-08 20:34:15.386 JST" Interest="45.0" Kind="propagation" Navigation="null" OriginId="org.eclipse.jdt.ui.CompilationUnitEditor" StartDate="2014-11-08 19:09:55.341 JST" StructureHandle="/IFM11/src/ifm11/utils" StructureKind="resource" NumEvents="45" CreationCount="13"/><InteractionEvent Delta="null" EndDate="2014-11-08 19:10:25.156 JST" Interest="2.0" Kind="selection" Navigation="null" OriginId="org.eclipse.jdt.ui.PackageExplorer" StartDate="2014-11-08 19:09:36.258 JST" StructureHandle="/IFM11/res/values/strings.xml" StructureKind="resource" NumEvents="2" CreationCount="6"/><InteractionEvent Delta="null" EndDate="2014-11-08 19:09:46.706 JST" Interest="6.0" Kind="edit" Navigation="null" OriginId="com.android.ide.eclipse.editors.CommonXmlEditor" StartDate="2014-11-08 19:09:36.299 JST" StructureHandle="/IFM11/res/values/strings.xml" StructureKind="resource" NumEvents="6" CreationCount="6"/><InteractionEvent Delta="null" EndDate="2014-11-08 20:34:15.386 JST" Interest="65.050995" Kind="propagation" Navigation="org.eclipse.mylyn.core.model.edges.containment" OriginId="org.eclipse.mylyn.core.model.interest.propagation" StartDate="2014-11-08 19:07:46.436 JST" StructureHandle="=IFM11" StructureKind="resource" NumEvents="71" CreationCount="1"/><InteractionEvent Delta="null" EndDate="2014-11-08 19:07:43.983 JST" Interest="1.0" Kind="selection" Navigation="null" OriginId="org.eclipse.jdt.ui.PackageExplorer" StartDate="2014-11-08 19:07:43.983 JST" StructureHandle="=IFM11" StructureKind="java"/><InteractionEvent Delta="null" EndDate="2014-11-08 19:10:41.472 JST" Interest="4.0" Kind="selection" Navigation="null" OriginId="org.eclipse.jdt.ui.CompilationUnitEditor" StartDate="2014-11-08 19:10:35.694 JST" StructureHandle="=IFM11/src&amp;lt;ifm11.main{ImageActv.java[ImageActv~onOptionsItemSelected~QMenuItem;" StructureKind="java" NumEvents="4" CreationCount="21"/><InteractionEvent Delta="null" EndDate="2014-11-08 20:34:15.386 JST" Interest="27.845999" Kind="propagation" Navigation="org.eclipse.mylyn.core.model.edges.containment" OriginId="org.eclipse.mylyn.core.model.interest.propagation" StartDate="2014-11-08 19:09:55.342 JST" StructureHandle="=IFM11/src&amp;lt;ifm11.utils" StructureKind="java" NumEvents="40" CreationCount="13"/><InteractionEvent Delta="null" EndDate="2014-11-08 19:12:19.34 JST" Interest="2.0" Kind="selection" Navigation="null" OriginId="org.eclipse.jdt.ui.CompilationUnitEditor" StartDate="2014-11-08 19:12:19.31 JST" StructureHandle="=IFM11/src&amp;lt;ifm11.main{ImageActv.java[ImageActv~_Setup_Initial" StructureKind="java" NumEvents="2" CreationCount="44"/><InteractionEvent Delta="null" EndDate="2014-11-08 20:34:15.388 JST" Interest="91.0" Kind="propagation" Navigation="org.eclipse.mylyn.core.model.edges.containment" OriginId="org.eclipse.mylyn.core.model.interest.propagation" StartDate="2014-11-08 19:07:43.984 JST" StructureHandle="/" StructureKind="resource" NumEvents="91" CreationCount="1"/><InteractionEvent Delta="null" EndDate="2014-11-08 19:12:33.211 JST" Interest="1.0" Kind="selection" Navigation="null" OriginId="org.eclipse.jdt.ui.CompilationUnitEditor" StartDate="2014-11-08 19:12:33.211 JST" StructureHandle="=IFM11/src&amp;lt;ifm11.utils{Methods.java[Methods~change_RGB~QActivity;" StructureKind="java"/><InteractionEvent Delta="null" EndDate="2014-11-08 20:34:05.738 JST" Interest="36.0" Kind="edit" Navigation="null" OriginId="org.eclipse.jdt.ui.CompilationUnitEditor" StartDate="2014-11-08 19:12:35.807 JST" StructureHandle="=IFM11/src&amp;lt;ifm11.utils{Methods.java[Methods~change_RGB~QActivity;" StructureKind="java" NumEvents="36" CreationCount="51"/><InteractionEvent Delta="null" EndDate="2014-11-08 19:10:25.156 JST" Interest="6.2" Kind="propagation" Navigation="org.eclipse.mylyn.core.model.edges.containment" OriginId="org.eclipse.mylyn.core.model.interest.propagation" StartDate="2014-11-08 19:09:36.259 JST" StructureHandle="/IFM11/res/values" StructureKind="resource" NumEvents="8" CreationCount="6"/><InteractionEvent Delta="null" EndDate="2014-11-08 19:10:25.156 JST" Interest="6.2" Kind="propagation" Navigation="org.eclipse.mylyn.core.model.edges.containment" OriginId="org.eclipse.mylyn.core.model.interest.propagation" StartDate="2014-11-08 19:09:36.259 JST" StructureHandle="/IFM11/res" StructureKind="resource" NumEvents="8" CreationCount="6"/><InteractionEvent Delta="null" EndDate="2014-11-08 19:12:21.925 JST" Interest="5.523" Kind="propagation" Navigation="org.eclipse.mylyn.core.model.edges.containment" OriginId="org.eclipse.mylyn.core.model.interest.propagation" StartDate="2014-11-08 19:10:41.471 JST" StructureHandle="=IFM11/src&amp;lt;ifm11.main{ImageActv.java" StructureKind="java" NumEvents="8" CreationCount="4"/><InteractionEvent Delta="null" EndDate="2014-11-08 19:11:23.993 JST" Interest="4.0" Kind="selection" Navigation="null" OriginId="org.eclipse.jdt.ui.CompilationUnitEditor" StartDate="2014-11-08 19:09:17.452 JST" StructureHandle="=IFM11/src&amp;lt;ifm11.main{ImageActv.java" StructureKind="java" NumEvents="4" CreationCount="4"/><InteractionEvent Delta="null" EndDate="2014-11-08 20:34:15.387 JST" Interest="67.034" Kind="propagation" Navigation="null" OriginId="org.eclipse.jdt.ui.CompilationUnitEditor" StartDate="2014-11-08 19:07:46.436 JST" StructureHandle="/IFM11/src" StructureKind="resource" NumEvents="69" CreationCount="2"/><InteractionEvent Delta="null" EndDate="2014-11-08 20:34:15.385 JST" Interest="44.17" Kind="propagation" Navigation="org.eclipse.mylyn.core.model.edges.containment" OriginId="org.eclipse.mylyn.core.model.interest.propagation" StartDate="2014-11-08 19:07:48.896 JST" StructureHandle="/IFM11/src/ifm11" StructureKind="resource" NumEvents="48" CreationCount="3"/><InteractionEvent Delta="null" EndDate="2014-11-08 19:12:22.703 JST" Interest="2.0" Kind="selection" Navigation="null" OriginId="org.eclipse.jdt.ui.PackageExplorer" StartDate="2014-11-08 19:11:15.530 JST" StructureHandle="/IFM11/res/menu/image_actv_menu.xml" StructureKind="resource" NumEvents="2" CreationCount="35"/><InteractionEvent Delta="null" EndDate="2014-11-08 19:11:22.724 JST" Interest="4.0" Kind="edit" Navigation="null" OriginId="com.android.ide.eclipse.editors.CommonXmlEditor" StartDate="2014-11-08 19:11:15.570 JST" StructureHandle="/IFM11/res/menu/image_actv_menu.xml" StructureKind="resource" NumEvents="4" CreationCount="35"/><InteractionEvent Delta="null" EndDate="2014-11-08 20:34:15.388 JST" Interest="91.0" Kind="propagation" Navigation="null" OriginId="org.eclipse.jdt.ui.CompilationUnitEditor" StartDate="2014-11-08 19:07:43.983 JST" StructureHandle="/IFM11" StructureKind="resource" NumEvents="91" CreationCount="1"/><InteractionEvent Delta="null" EndDate="2014-11-08 20:34:15.385 JST" Interest="40.0" Kind="propagation" Navigation="null" OriginId="org.eclipse.jdt.ui.CompilationUnitEditor" StartDate="2014-11-08 19:12:29.388 JST" StructureHandle="/IFM11/src/ifm11/utils/Methods.java" StructureKind="resource" NumEvents="40" CreationCount="49"/><InteractionEvent Delta="null" EndDate="2014-11-08 19:11:42.828 JST" Interest="1.0" Kind="prediction" Navigation="null" OriginId="org.eclipse.mylyn.resources.ui.interest.updater" StartDate="2014-11-08 19:11:42.828 JST" StructureHandle="/IFM11/bin/IFM11.apk" StructureKind="resource"/><InteractionEvent Delta="null" EndDate="2014-11-08 19:11:42.828 JST" Interest="1.0" Kind="prediction" Navigation="null" OriginId="org.eclipse.mylyn.resources.ui.interest.updater" StartDate="2014-11-08 19:11:42.828 JST" StructureHandle="/IFM11/bin/classes.dex" StructureKind="resource"/><InteractionEvent Delta="null" EndDate="2014-11-08 19:10:01.37 JST" Interest="5.0" Kind="propagation" Navigation="null" OriginId="org.eclipse.jdt.ui.CompilationUnitEditor" StartDate="2014-11-08 19:09:55.341 JST" StructureHandle="/IFM11/src/ifm11/utils/Methods_dlg.java" StructureKind="resource" NumEvents="5" CreationCount="13"/><InteractionEvent Delta="null" EndDate="2014-11-08 20:34:15.387 JST" Interest="27.032999" Kind="propagation" Navigation="org.eclipse.mylyn.core.model.edges.containment" OriginId="org.eclipse.mylyn.core.model.interest.propagation" StartDate="2014-11-08 19:07:48.896 JST" StructureHandle="=IFM11/src" StructureKind="java" NumEvents="42" CreationCount="2"/><InteractionEvent Delta="null" EndDate="2014-11-08 19:07:46.436 JST" Interest="1.0" Kind="selection" Navigation="null" OriginId="org.eclipse.jdt.ui.PackageExplorer" StartDate="2014-11-08 19:07:46.436 JST" StructureHandle="=IFM11/src" StructureKind="java"/><InteractionEvent Delta="null" EndDate="2014-11-08 20:34:05.771 JST" Interest="24.234" Kind="propagation" Navigation="org.eclipse.mylyn.core.model.edges.containment" OriginId="org.eclipse.mylyn.core.model.interest.propagation" StartDate="2014-11-08 19:12:37.112 JST" StructureHandle="=IFM11/src&amp;lt;ifm11.utils{Methods.java" StructureKind="java" NumEvents="35" CreationCount="49"/><InteractionEvent Delta="null" EndDate="2014-11-08 20:34:15.385 JST" Interest="3.0" Kind="selection" Navigation="null" OriginId="org.eclipse.jdt.ui.CompilationUnitEditor" StartDate="2014-11-08 19:12:29.388 JST" StructureHandle="=IFM11/src&amp;lt;ifm11.utils{Methods.java" StructureKind="java" NumEvents="3" CreationCount="49"/></InteractionHistory>