<?xml version="1.0" encoding="UTF-8"?><InteractionHistory Id="local-100" Version="1"><InteractionEvent Delta="null" EndDate="2014-09-26 07:03:47.463 JST" Interest="1.0" Kind="propagation" Navigation="org.eclipse.mylyn.core.model.edges.containment" OriginId="org.eclipse.mylyn.core.model.interest.propagation" StartDate="2014-09-26 07:03:47.463 JST" StructureHandle="" StructureKind="java"/><InteractionEvent Delta="null" EndDate="2014-09-26 07:03:47.462 JST" Interest="1.0" Kind="selection" Navigation="null" OriginId="org.eclipse.ui.views.ResourceNavigator" StartDate="2014-09-26 07:03:47.462 JST" StructureHandle="=TA2" StructureKind="java"/><InteractionEvent Delta="null" EndDate="2014-09-26 07:12:10.233 JST" Interest="3.0" Kind="selection" Navigation="null" OriginId="org.eclipse.jdt.ui.CompilationUnitEditor" StartDate="2014-09-26 07:12:07.654 JST" StructureHandle="=IFM11/src&amp;lt;ifm11.tasks{Task_FTP.java[Task_FTP~onCancelled" StructureKind="java" NumEvents="3" CreationCount="209"/><InteractionEvent Delta="null" EndDate="2014-09-26 07:13:50.49 JST" Interest="1.0" Kind="prediction" Navigation="null" OriginId="org.eclipse.mylyn.resources.ui.interest.updater" StartDate="2014-09-26 07:13:50.49 JST" StructureHandle="/IFM11/bin/resources.ap_" StructureKind="resource"/><InteractionEvent Delta="null" EndDate="2014-09-26 07:24:45.3 JST" Interest="3.0" Kind="selection" Navigation="null" OriginId="org.eclipse.jdt.ui.CompilationUnitEditor" StartDate="2014-09-26 07:05:14.522 JST" StructureHandle="=IFM11/src&amp;lt;ifm11.tasks{Task_FTP.java[Task_FTP~onProgressUpdate~\[QInteger;" StructureKind="java" NumEvents="3" CreationCount="25"/><InteractionEvent Delta="null" EndDate="2014-09-26 07:05:59.725 JST" Interest="30.0" Kind="edit" Navigation="null" OriginId="org.eclipse.jdt.ui.CompilationUnitEditor" StartDate="2014-09-26 07:05:14.998 JST" StructureHandle="=IFM11/src&amp;lt;ifm11.tasks{Task_FTP.java[Task_FTP~onProgressUpdate~\[QInteger;" StructureKind="java" NumEvents="30" CreationCount="25"/><InteractionEvent Delta="null" EndDate="2014-09-26 07:22:02.820 JST" Interest="3.0" Kind="selection" Navigation="null" OriginId="org.eclipse.jdt.ui.PackageExplorer" StartDate="2014-09-26 07:04:42.662 JST" StructureHandle="=IFM11/src&amp;lt;ifm11.tasks{Task_FTP.java[Task_FTP" StructureKind="java" NumEvents="3" CreationCount="7"/><InteractionEvent Delta="null" EndDate="2014-09-26 07:28:46.623 JST" Interest="48.985" Kind="propagation" Navigation="org.eclipse.mylyn.core.model.edges.containment" OriginId="org.eclipse.mylyn.core.model.interest.propagation" StartDate="2014-09-26 07:04:35.777 JST" StructureHandle="=IFM11/src&amp;lt;ifm11.tasks{Task_FTP.java[Task_FTP" StructureKind="java" NumEvents="67" CreationCount="7"/><InteractionEvent Delta="null" EndDate="2014-09-26 07:25:34.928 JST" Interest="9.0" Kind="selection" Navigation="null" OriginId="org.eclipse.jdt.ui.CompilationUnitEditor" StartDate="2014-09-26 07:08:36.180 JST" StructureHandle="=IFM11/src&amp;lt;ifm11.utils{Methods.java[Methods~ftp_Image_to_Remote~QActivity;~QTI;" StructureKind="java" NumEvents="9" CreationCount="121"/><InteractionEvent Delta="null" EndDate="2014-09-26 07:25:18.542 JST" Interest="87.0" Kind="edit" Navigation="null" OriginId="org.eclipse.jdt.ui.CompilationUnitEditor" StartDate="2014-09-26 07:08:39.608 JST" StructureHandle="=IFM11/src&amp;lt;ifm11.utils{Methods.java[Methods~ftp_Image_to_Remote~QActivity;~QTI;" StructureKind="java" NumEvents="87" CreationCount="121"/><InteractionEvent Delta="null" EndDate="2014-09-26 07:28:21.494 JST" Interest="70.799995" Kind="propagation" Navigation="org.eclipse.mylyn.core.model.edges.containment" OriginId="org.eclipse.mylyn.core.model.interest.propagation" StartDate="2014-09-26 07:06:34.799 JST" StructureHandle="=IFM11/src&amp;lt;ifm11.utils{Methods.java[Methods" StructureKind="java" NumEvents="98" CreationCount="71"/><InteractionEvent Delta="null" EndDate="2014-09-26 07:28:42.97 JST" Interest="208.0" Kind="propagation" Navigation="org.eclipse.mylyn.core.model.edges.containment" OriginId="org.eclipse.mylyn.core.model.interest.propagation" StartDate="2014-09-26 07:06:33.686 JST" StructureHandle="/IFM11/src/ifm11/utils" StructureKind="resource" NumEvents="208" CreationCount="69"/><InteractionEvent Delta="null" EndDate="2014-09-26 07:13:50.50 JST" Interest="1.0" Kind="propagation" Navigation="org.eclipse.mylyn.core.model.edges.containment" OriginId="org.eclipse.mylyn.core.model.interest.propagation" StartDate="2014-09-26 07:13:50.50 JST" StructureHandle="/IFM11/bin" StructureKind="resource"/><InteractionEvent Delta="null" EndDate="2014-09-26 07:04:35.777 JST" Interest="1.0" Kind="selection" Navigation="null" OriginId="org.eclipse.jdt.ui.CompilationUnitEditor" StartDate="2014-09-26 07:04:35.777 JST" StructureHandle="=IFM11/src&amp;lt;ifm11.tasks{Task_FTP.java[Task_FTP~onPreExecute" StructureKind="java"/><InteractionEvent Delta="null" EndDate="2014-09-26 07:04:41.866 JST" Interest="1.0" Kind="edit" Navigation="null" OriginId="org.eclipse.jdt.ui.CompilationUnitEditor" StartDate="2014-09-26 07:04:41.866 JST" StructureHandle="=IFM11/src&amp;lt;ifm11.tasks{Task_FTP.java[Task_FTP~onPreExecute" StructureKind="java"/><InteractionEvent Delta="null" EndDate="2014-09-26 07:03:47.463 JST" Interest="1.0" Kind="propagation" Navigation="null" OriginId="org.eclipse.ui.views.ResourceNavigator" StartDate="2014-09-26 07:03:47.463 JST" StructureHandle="/TA2" StructureKind="resource"/><InteractionEvent Delta="null" EndDate="2014-09-26 07:28:47.742 JST" Interest="366.034" Kind="propagation" Navigation="org.eclipse.mylyn.core.model.edges.containment" OriginId="org.eclipse.mylyn.core.model.interest.propagation" StartDate="2014-09-26 07:03:50.478 JST" StructureHandle="=IFM11" StructureKind="resource" NumEvents="368" CreationCount="2"/><InteractionEvent Delta="null" EndDate="2014-09-26 07:27:45.290 JST" Interest="5.0" Kind="selection" Navigation="null" OriginId="org.eclipse.jdt.ui.CompilationUnitEditor" StartDate="2014-09-26 07:06:34.798 JST" StructureHandle="=IFM11/src&amp;lt;ifm11.utils{Methods.java[Methods~post_ImageData_to_Remote~QActivity;~QTI;" StructureKind="java" NumEvents="5" CreationCount="71"/><InteractionEvent Delta="null" EndDate="2014-09-26 07:28:21.493 JST" Interest="94.0" Kind="edit" Navigation="null" OriginId="org.eclipse.jdt.ui.CompilationUnitEditor" StartDate="2014-09-26 07:06:39.394 JST" StructureHandle="=IFM11/src&amp;lt;ifm11.utils{Methods.java[Methods~post_ImageData_to_Remote~QActivity;~QTI;" StructureKind="java" NumEvents="94" CreationCount="71"/><InteractionEvent Delta="null" EndDate="2014-09-26 07:28:47.740 JST" Interest="158.0" Kind="propagation" Navigation="null" OriginId="org.eclipse.jdt.ui.CompilationUnitEditor" StartDate="2014-09-26 07:04:31.4 JST" StructureHandle="/IFM11/src/ifm11/tasks/Task_FTP.java" StructureKind="resource" NumEvents="158" CreationCount="4"/><InteractionEvent Delta="null" EndDate="2014-09-26 07:28:47.740 JST" Interest="158.017" Kind="propagation" Navigation="org.eclipse.mylyn.core.model.edges.containment" OriginId="org.eclipse.mylyn.core.model.interest.propagation" StartDate="2014-09-26 07:04:27.241 JST" StructureHandle="/IFM11/src/ifm11/tasks" StructureKind="resource" NumEvents="159" CreationCount="3"/><InteractionEvent Delta="null" EndDate="2014-09-26 07:28:21.495 JST" Interest="70.83399" Kind="propagation" Navigation="org.eclipse.mylyn.core.model.edges.containment" OriginId="org.eclipse.mylyn.core.model.interest.propagation" StartDate="2014-09-26 07:06:33.686 JST" StructureHandle="=IFM11/src&amp;lt;ifm11.utils" StructureKind="java" NumEvents="100" CreationCount="69"/><InteractionEvent Delta="null" EndDate="2014-09-26 07:28:47.741 JST" Interest="365.051" Kind="propagation" Navigation="org.eclipse.mylyn.core.model.edges.containment" OriginId="org.eclipse.mylyn.core.model.interest.propagation" StartDate="2014-09-26 07:03:47.463 JST" StructureHandle="/" StructureKind="resource" NumEvents="370" CreationCount="1"/><InteractionEvent Delta="null" EndDate="2014-09-26 07:25:34.872 JST" Interest="10.0" Kind="selection" Navigation="null" OriginId="org.eclipse.jdt.ui.CompilationUnitEditor" StartDate="2014-09-26 07:06:33.685 JST" StructureHandle="=IFM11/src&amp;lt;ifm11.utils{Methods.java" StructureKind="java" NumEvents="10" CreationCount="69"/><InteractionEvent Delta="null" EndDate="2014-09-26 07:28:21.494 JST" Interest="60.833992" Kind="propagation" Navigation="org.eclipse.mylyn.core.model.edges.containment" OriginId="org.eclipse.mylyn.core.model.interest.propagation" StartDate="2014-09-26 07:06:47.52 JST" StructureHandle="=IFM11/src&amp;lt;ifm11.utils{Methods.java" StructureKind="java" NumEvents="89" CreationCount="69"/><InteractionEvent Delta="null" EndDate="2014-09-26 07:28:47.742 JST" Interest="366.034" Kind="propagation" Navigation="null" OriginId="org.eclipse.jdt.ui.CompilationUnitEditor" StartDate="2014-09-26 07:03:50.478 JST" StructureHandle="/IFM11/src" StructureKind="resource" NumEvents="368" CreationCount="2"/><InteractionEvent Delta="null" EndDate="2014-09-26 07:04:27.241 JST" Interest="1.0" Kind="selection" Navigation="null" OriginId="org.eclipse.jdt.ui.PackageExplorer" StartDate="2014-09-26 07:04:27.241 JST" StructureHandle="=IFM11/src&amp;lt;ifm11.tasks" StructureKind="java"/><InteractionEvent Delta="null" EndDate="2014-09-26 07:28:46.647 JST" Interest="48.316006" Kind="propagation" Navigation="org.eclipse.mylyn.core.model.edges.containment" OriginId="org.eclipse.mylyn.core.model.interest.propagation" StartDate="2014-09-26 07:04:31.5 JST" StructureHandle="=IFM11/src&amp;lt;ifm11.tasks" StructureKind="java" NumEvents="73" CreationCount="164"/><InteractionEvent Delta="null" EndDate="2014-09-26 07:28:24.978 JST" Interest="10.0" Kind="selection" Navigation="null" OriginId="org.eclipse.jdt.ui.CompilationUnitEditor" StartDate="2014-09-26 07:04:31.4 JST" StructureHandle="=IFM11/src&amp;lt;ifm11.tasks{Task_FTP.java" StructureKind="java" NumEvents="10" CreationCount="4"/><InteractionEvent Delta="null" EndDate="2014-09-26 07:28:46.623 JST" Interest="41.336002" Kind="propagation" Navigation="org.eclipse.mylyn.core.model.edges.containment" OriginId="org.eclipse.mylyn.core.model.interest.propagation" StartDate="2014-09-26 07:04:42.663 JST" StructureHandle="=IFM11/src&amp;lt;ifm11.tasks{Task_FTP.java" StructureKind="java" NumEvents="64" CreationCount="4"/><InteractionEvent Delta="null" EndDate="2014-09-26 07:04:32.828 JST" Interest="1.0" Kind="edit" Navigation="null" OriginId="org.eclipse.jdt.ui.CompilationUnitEditor" StartDate="2014-09-26 07:04:32.828 JST" StructureHandle="=IFM11/src&amp;lt;ifm11.tasks{Task_FTP.java" StructureKind="java"/><InteractionEvent Delta="null" EndDate="2014-09-26 07:28:46.622 JST" Interest="19.0" Kind="selection" Navigation="null" OriginId="org.eclipse.jdt.ui.CompilationUnitEditor" StartDate="2014-09-26 07:04:48.349 JST" StructureHandle="=IFM11/src&amp;lt;ifm11.tasks{Task_FTP.java[Task_FTP~doInBackground~\[QString;" StructureKind="java" NumEvents="19" CreationCount="12"/><InteractionEvent Delta="null" EndDate="2014-09-26 07:28:39.992 JST" Interest="47.0" Kind="edit" Navigation="null" OriginId="org.eclipse.jdt.ui.CompilationUnitEditor" StartDate="2014-09-26 07:04:48.963 JST" StructureHandle="=IFM11/src&amp;lt;ifm11.tasks{Task_FTP.java[Task_FTP~doInBackground~\[QString;" StructureKind="java" NumEvents="47" CreationCount="12"/><InteractionEvent Delta="null" EndDate="2014-09-26 07:28:42.97 JST" Interest="209.122" Kind="propagation" Navigation="org.eclipse.mylyn.core.model.edges.containment" OriginId="org.eclipse.mylyn.core.model.interest.propagation" StartDate="2014-09-26 07:04:27.242 JST" StructureHandle="/IFM11/src/ifm11" StructureKind="resource" NumEvents="212" CreationCount="3"/><InteractionEvent Delta="null" EndDate="2014-09-26 07:28:42.97 JST" Interest="208.0" Kind="propagation" Navigation="null" OriginId="org.eclipse.ui.views.ContentOutline" StartDate="2014-09-26 07:06:33.686 JST" StructureHandle="/IFM11/src/ifm11/utils/Methods.java" StructureKind="resource" NumEvents="208" CreationCount="69"/><InteractionEvent Delta="null" EndDate="2014-09-26 07:28:34.152 JST" Interest="2.0" Kind="prediction" Navigation="null" OriginId="org.eclipse.mylyn.resources.ui.interest.updater" StartDate="2014-09-26 07:13:50.50 JST" StructureHandle="/IFM11/bin/IFM11.apk" StructureKind="resource" NumEvents="2" CreationCount="207"/><InteractionEvent Delta="null" EndDate="2014-09-26 07:28:34.152 JST" Interest="2.0" Kind="prediction" Navigation="null" OriginId="org.eclipse.mylyn.resources.ui.interest.updater" StartDate="2014-09-26 07:13:50.50 JST" StructureHandle="/IFM11/bin/classes.dex" StructureKind="resource" NumEvents="2" CreationCount="207"/><InteractionEvent Delta="null" EndDate="2014-09-26 07:28:42.97 JST" Interest="3.0" Kind="selection" Navigation="null" OriginId="org.eclipse.ui.views.ContentOutline" StartDate="2014-09-26 07:27:44.119 JST" StructureHandle="=IFM11/src&amp;lt;ifm11.utils{Methods.java[Methods~post_ImageData_to_Remote_Multiple~QActivity;~QList\&amp;lt;QTI;&amp;gt;;~Z" StructureKind="java" NumEvents="3" CreationCount="337"/><InteractionEvent Delta="null" EndDate="2014-09-26 07:03:50.477 JST" Interest="1.0" Kind="selection" Navigation="null" OriginId="org.eclipse.jdt.ui.PackageExplorer" StartDate="2014-09-26 07:03:50.477 JST" StructureHandle="=IFM11/src" StructureKind="java"/><InteractionEvent Delta="null" EndDate="2014-09-26 07:28:21.495 JST" Interest="67.47099" Kind="propagation" Navigation="org.eclipse.mylyn.core.model.edges.containment" OriginId="org.eclipse.mylyn.core.model.interest.propagation" StartDate="2014-09-26 07:04:27.243 JST" StructureHandle="=IFM11/src" StructureKind="java" NumEvents="104" CreationCount="208"/><InteractionEvent Delta="null" EndDate="2014-09-26 07:28:46.648 JST" Interest="11.0" Kind="selection" Navigation="null" OriginId="org.eclipse.jdt.ui.CompilationUnitEditor" StartDate="2014-09-26 07:04:46.437 JST" StructureHandle="=IFM11/src&amp;lt;ifm11.tasks{Task_FTP.java[Task_FTP~_onPostExecute__Upload_Image~QInteger;" StructureKind="java" NumEvents="11" CreationCount="11"/><InteractionEvent Delta="null" EndDate="2014-09-26 07:12:10.98 JST" Interest="0.36600018" Kind="manipulation" Navigation="null" OriginId="org.eclipse.mylyn.core.model.interest.decay.correction" StartDate="2014-09-26 07:12:10.98 JST" StructureHandle="=IFM11/src&amp;lt;ifm11.tasks{Task_FTP.java[Task_FTP~_onPostExecute__Upload_Image~QInteger;" StructureKind="java"/><InteractionEvent Delta="null" EndDate="2014-09-26 07:28:47.740 JST" Interest="29.0" Kind="edit" Navigation="null" OriginId="org.eclipse.jdt.ui.CompilationUnitEditor" StartDate="2014-09-26 07:12:10.738 JST" StructureHandle="=IFM11/src&amp;lt;ifm11.tasks{Task_FTP.java[Task_FTP~_onPostExecute__Upload_Image~QInteger;" StructureKind="java" NumEvents="29" CreationCount="11"/></InteractionHistory>