<?xml version="1.0" encoding="UTF-8"?><InteractionHistory Id="local-24" Version="1"><InteractionEvent Delta="null" EndDate="2014-08-27 08:25:30.53 JST" Interest="1.0" Kind="selection" Navigation="null" OriginId="org.eclipse.jdt.ui.CompilationUnitEditor" StartDate="2014-08-27 08:25:30.53 JST" StructureHandle="=TA2/src&amp;lt;ta2.main{MemoActv.java#ta2.listeners.STL" StructureKind="java"/><InteractionEvent Delta="null" EndDate="2014-08-27 08:54:26.72 JST" Interest="1.0" Kind="propagation" Navigation="org.eclipse.mylyn.core.model.edges.containment" OriginId="org.eclipse.mylyn.core.model.interest.propagation" StartDate="2014-08-27 08:54:26.72 JST" StructureHandle="/TA2/bin/res/crunch/drawable" StructureKind="resource"/><InteractionEvent Delta="null" EndDate="2014-08-27 09:07:27.93 JST" Interest="53.0" Kind="propagation" Navigation="null" OriginId="org.eclipse.jdt.ui.CompilationUnitEditor" StartDate="2014-08-27 09:05:59.697 JST" StructureHandle="/TA2/src/ta2/utils/DBUtils.java" StructureKind="resource" NumEvents="53" CreationCount="520"/><InteractionEvent Delta="null" EndDate="2014-08-27 09:25:18.797 JST" Interest="329.601" Kind="propagation" Navigation="null" OriginId="org.eclipse.jdt.ui.CompilationUnitEditor" StartDate="2014-08-27 08:21:00.679 JST" StructureHandle="/TA2/src/ta2/utils" StructureKind="resource" NumEvents="329" CreationCount="1"/><InteractionEvent Delta="null" EndDate="2014-08-27 09:25:37.861 JST" Interest="11.0" Kind="selection" Navigation="null" OriginId="org.eclipse.jdt.ui.CompilationUnitEditor" StartDate="2014-08-27 08:21:15.490 JST" StructureHandle="=TA2/src&amp;lt;ta2.main{MemoActv.java" StructureKind="java" NumEvents="11" CreationCount="5"/><InteractionEvent Delta="null" EndDate="2014-08-27 09:25:15.234 JST" Interest="92.565" Kind="propagation" Navigation="org.eclipse.mylyn.core.model.edges.containment" OriginId="org.eclipse.mylyn.core.model.interest.propagation" StartDate="2014-08-27 08:23:41.801 JST" StructureHandle="=TA2/src&amp;lt;ta2.main{MemoActv.java" StructureKind="java" NumEvents="134" CreationCount="5"/><InteractionEvent Delta="null" EndDate="2014-08-27 08:57:36.389 JST" Interest="2.0" Kind="selection" Navigation="null" OriginId="org.eclipse.jdt.ui.CompilationUnitEditor" StartDate="2014-08-27 08:57:15.41 JST" StructureHandle="=TA2/src&amp;lt;ta2.utils{Methods_dlg.java[Methods_dlg~dlg_ACTV_MAIN_Admin~QActivity;" StructureKind="java" NumEvents="2" CreationCount="264"/><InteractionEvent Delta="null" EndDate="2014-08-27 08:57:16.632 JST" Interest="1.0" Kind="edit" Navigation="null" OriginId="org.eclipse.jdt.ui.CompilationUnitEditor" StartDate="2014-08-27 08:57:16.632 JST" StructureHandle="=TA2/src&amp;lt;ta2.utils{Methods_dlg.java[Methods_dlg~dlg_ACTV_MAIN_Admin~QActivity;" StructureKind="java"/><InteractionEvent Delta="null" EndDate="2014-08-27 10:33:37.934 JST" Interest="330.723" Kind="propagation" Navigation="org.eclipse.mylyn.core.model.edges.containment" OriginId="org.eclipse.mylyn.core.model.interest.propagation" StartDate="2014-08-27 08:21:00.679 JST" StructureHandle="/TA2/src/ta2" StructureKind="resource" NumEvents="335" CreationCount="1"/><InteractionEvent Delta="null" EndDate="2014-08-27 08:58:15.820 JST" Interest="1.0" Kind="selection" Navigation="null" OriginId="org.eclipse.jdt.ui.CompilationUnitEditor" StartDate="2014-08-27 08:58:15.820 JST" StructureHandle="=TA2/src&amp;lt;ta2.listeners.dialog{DOI_CL.java[DOI_CL^wp" StructureKind="java"/><InteractionEvent Delta="null" EndDate="2014-08-27 09:25:38.60 JST" Interest="229.0" Kind="propagation" Navigation="null" OriginId="org.eclipse.jdt.ui.CompilationUnitEditor" StartDate="2014-08-27 08:21:15.491 JST" StructureHandle="/TA2/src/ta2/main/MemoActv.java" StructureKind="resource" NumEvents="229" CreationCount="5"/><InteractionEvent Delta="null" EndDate="2014-08-27 09:25:17.943 JST" Interest="4.0" Kind="selection" Navigation="null" OriginId="org.eclipse.jdt.ui.CompilationUnitEditor" StartDate="2014-08-27 09:22:46.654 JST" StructureHandle="=TA2/src&amp;lt;ta2.listeners.dialog{DOI_CL.java[DOI_CL~case_GV_FILTER_SHOWLIST~QWordPattern;" StructureKind="java" NumEvents="4" CreationCount="836"/><InteractionEvent Delta="null" EndDate="2014-08-27 09:25:17.960 JST" Interest="2.0" Kind="edit" Navigation="null" OriginId="org.eclipse.jdt.ui.CompilationUnitEditor" StartDate="2014-08-27 09:22:49.995 JST" StructureHandle="=TA2/src&amp;lt;ta2.listeners.dialog{DOI_CL.java[DOI_CL~case_GV_FILTER_SHOWLIST~QWordPattern;" StructureKind="java" NumEvents="2" CreationCount="836"/><InteractionEvent Delta="null" EndDate="2014-08-27 09:02:49.64 JST" Interest="2.0" Kind="selection" Navigation="null" OriginId="org.eclipse.jdt.ui.CompilationUnitEditor" StartDate="2014-08-27 08:53:20.409 JST" StructureHandle="=TA2/src&amp;lt;ta2.utils{Tags.java" StructureKind="java" NumEvents="2" CreationCount="209"/><InteractionEvent Delta="null" EndDate="2014-08-27 09:02:49.781 JST" Interest="0.75100017" Kind="propagation" Navigation="org.eclipse.mylyn.core.model.edges.containment" OriginId="org.eclipse.mylyn.core.model.interest.propagation" StartDate="2014-08-27 08:53:21.100 JST" StructureHandle="=TA2/src&amp;lt;ta2.utils{Tags.java" StructureKind="java" NumEvents="3" CreationCount="209"/><InteractionEvent Delta="null" EndDate="2014-08-27 09:02:49.64 JST" Interest="1.8190002" Kind="manipulation" Navigation="null" OriginId="org.eclipse.mylyn.core.model.interest.decay.correction" StartDate="2014-08-27 09:02:49.64 JST" StructureHandle="=TA2/src&amp;lt;ta2.utils{Tags.java" StructureKind="java"/><InteractionEvent Delta="null" EndDate="2014-08-27 09:25:38.59 JST" Interest="103.514" Kind="propagation" Navigation="org.eclipse.mylyn.core.model.edges.containment" OriginId="org.eclipse.mylyn.core.model.interest.propagation" StartDate="2014-08-27 08:23:06.387 JST" StructureHandle="=TA2/src&amp;lt;ta2.main{MemoActv.java[MemoActv" StructureKind="java" NumEvents="142" CreationCount="8"/><InteractionEvent Delta="null" EndDate="2014-08-27 08:54:26.71 JST" Interest="1.0" Kind="prediction" Navigation="null" OriginId="org.eclipse.mylyn.resources.ui.interest.updater" StartDate="2014-08-27 08:54:26.71 JST" StructureHandle="/TA2/bin/res/crunch/drawable/actv_showlist_bt_top_45x45_disabled.png" StructureKind="resource"/><InteractionEvent Delta="null" EndDate="2014-08-27 10:33:37.933 JST" Interest="44.502" Kind="propagation" Navigation="org.eclipse.mylyn.core.model.edges.containment" OriginId="org.eclipse.mylyn.core.model.interest.propagation" StartDate="2014-08-27 08:26:48.35 JST" StructureHandle="=TA2/src&amp;lt;ta2.listeners{LOI_LCL.java[LOI_LCL" StructureKind="java" NumEvents="62" CreationCount="80"/><InteractionEvent Delta="null" EndDate="2014-08-27 08:54:26.72 JST" Interest="1.0" Kind="propagation" Navigation="org.eclipse.mylyn.core.model.edges.containment" OriginId="org.eclipse.mylyn.core.model.interest.propagation" StartDate="2014-08-27 08:54:26.72 JST" StructureHandle="/TA2/bin/res" StructureKind="resource"/><InteractionEvent Delta="null" EndDate="2014-08-27 09:25:54.438 JST" Interest="7.0" Kind="prediction" Navigation="null" OriginId="org.eclipse.mylyn.resources.ui.interest.updater" StartDate="2014-08-27 08:54:26.71 JST" StructureHandle="/TA2/bin/TA2.apk" StructureKind="resource" NumEvents="7" CreationCount="221"/><InteractionEvent Delta="null" EndDate="2014-08-27 09:25:17.961 JST" Interest="308.0" Kind="propagation" Navigation="null" OriginId="org.eclipse.jdt.ui.CompilationUnitEditor" StartDate="2014-08-27 08:53:56.997 JST" StructureHandle="/TA2/src/ta2/listeners/dialog" StructureKind="resource" NumEvents="308" CreationCount="220"/><InteractionEvent Delta="null" EndDate="2014-08-27 09:00:15.352 JST" Interest="1.0" Kind="selection" Navigation="null" OriginId="org.eclipse.ui.views.ContentOutline" StartDate="2014-08-27 09:00:15.352 JST" StructureHandle="=TA2/src&amp;lt;ta2.utils{Methods_dlg.java[Methods_dlg~conf_DropTable_Memos~QActivity;~QDialog;~QDialog;" StructureKind="java"/><InteractionEvent Delta="null" EndDate="2014-08-27 09:25:38.59 JST" Interest="23.0" Kind="selection" Navigation="null" OriginId="org.eclipse.jdt.ui.CompilationUnitEditor" StartDate="2014-08-27 08:25:15.767 JST" StructureHandle="=TA2/src&amp;lt;ta2.main{MemoActv.java[MemoActv~_Setup_Listeners_LVs_1" StructureKind="java" NumEvents="23" CreationCount="50"/><InteractionEvent Delta="null" EndDate="2014-08-27 09:25:15.233 JST" Interest="114.0" Kind="edit" Navigation="null" OriginId="org.eclipse.jdt.ui.CompilationUnitEditor" StartDate="2014-08-27 08:25:23.857 JST" StructureHandle="=TA2/src&amp;lt;ta2.main{MemoActv.java[MemoActv~_Setup_Listeners_LVs_1" StructureKind="java" NumEvents="114" CreationCount="50"/><InteractionEvent Delta="null" EndDate="2014-08-27 09:07:27.93 JST" Interest="2.0" Kind="selection" Navigation="null" OriginId="org.eclipse.jdt.ui.CompilationUnitEditor" StartDate="2014-08-27 09:05:59.697 JST" StructureHandle="=TA2/src&amp;lt;ta2.utils{DBUtils.java" StructureKind="java" NumEvents="2" CreationCount="520"/><InteractionEvent Delta="null" EndDate="2014-08-27 09:07:25.648 JST" Interest="30.202002" Kind="propagation" Navigation="org.eclipse.mylyn.core.model.edges.containment" OriginId="org.eclipse.mylyn.core.model.interest.propagation" StartDate="2014-08-27 09:06:00.459 JST" StructureHandle="=TA2/src&amp;lt;ta2.utils{DBUtils.java" StructureKind="java" NumEvents="45" CreationCount="520"/><InteractionEvent Delta="null" EndDate="2014-08-27 09:02:49.780 JST" Interest="1.0" Kind="propagation" Navigation="org.eclipse.mylyn.core.model.edges.containment" OriginId="org.eclipse.mylyn.core.model.interest.propagation" StartDate="2014-08-27 09:02:49.780 JST" StructureHandle="=TA2/src&amp;lt;ta2.utils{Tags.java[Tags[DialogTags" StructureKind="java"/><InteractionEvent Delta="null" EndDate="2014-08-27 09:11:01.143 JST" Interest="6.0" Kind="selection" Navigation="null" OriginId="org.eclipse.jdt.ui.CompilationUnitEditor" StartDate="2014-08-27 09:05:14.387 JST" StructureHandle="=TA2/src&amp;lt;ta2.utils{Methods.java" StructureKind="java" NumEvents="6" CreationCount="1"/><InteractionEvent Delta="null" EndDate="2014-08-27 09:13:26.309 JST" Interest="62.051" Kind="propagation" Navigation="org.eclipse.mylyn.core.model.edges.containment" OriginId="org.eclipse.mylyn.core.model.interest.propagation" StartDate="2014-08-27 08:21:00.680 JST" StructureHandle="=TA2/src&amp;lt;ta2.utils{Methods.java" StructureKind="java" NumEvents="87" CreationCount="1"/><InteractionEvent Delta="null" EndDate="2014-08-27 09:05:14.387 JST" Interest="6.6470003" Kind="manipulation" Navigation="null" OriginId="org.eclipse.mylyn.core.model.interest.decay.correction" StartDate="2014-08-27 09:05:14.387 JST" StructureHandle="=TA2/src&amp;lt;ta2.utils{Methods.java" StructureKind="java"/><InteractionEvent Delta="null" EndDate="2014-08-27 08:54:26.72 JST" Interest="1.0" Kind="propagation" Navigation="org.eclipse.mylyn.core.model.edges.containment" OriginId="org.eclipse.mylyn.core.model.interest.propagation" StartDate="2014-08-27 08:54:26.72 JST" StructureHandle="/TA2/bin/res/crunch" StructureKind="resource"/><InteractionEvent Delta="null" EndDate="2014-08-27 09:25:18.797 JST" Interest="161.0" Kind="propagation" Navigation="null" OriginId="org.eclipse.jdt.ui.CompilationUnitEditor" StartDate="2014-08-27 08:51:07.678 JST" StructureHandle="/TA2/src/ta2/utils/Methods_dlg.java" StructureKind="resource" NumEvents="161" CreationCount="154"/><InteractionEvent Delta="null" EndDate="2014-08-27 10:33:37.934 JST" Interest="981.0" Kind="propagation" Navigation="org.eclipse.mylyn.core.model.edges.containment" OriginId="org.eclipse.mylyn.core.model.interest.propagation" StartDate="2014-08-27 08:21:00.680 JST" StructureHandle="/" StructureKind="resource" NumEvents="981" CreationCount="1"/><InteractionEvent Delta="null" EndDate="2014-08-27 08:54:26.71 JST" Interest="1.0" Kind="prediction" Navigation="null" OriginId="org.eclipse.mylyn.resources.ui.interest.updater" StartDate="2014-08-27 08:54:26.71 JST" StructureHandle="/TA2/bin/res/crunch/drawable/actv_showlist_bt_up_50x50.png" StructureKind="resource"/><InteractionEvent Delta="null" EndDate="2014-08-27 08:26:07.903 JST" Interest="2.0" Kind="selection" Navigation="null" OriginId="org.eclipse.ui.views.ContentOutline" StartDate="2014-08-27 08:25:26.371 JST" StructureHandle="=TA2/src&amp;lt;ta2.main{MemoActv.java[MemoActv~_Setup_Listeners_LVs" StructureKind="java" NumEvents="2" CreationCount="55"/><InteractionEvent Delta="null" EndDate="2014-08-27 09:22:47.437 JST" Interest="3.0" Kind="selection" Navigation="null" OriginId="org.eclipse.jdt.ui.PackageExplorer" StartDate="2014-08-27 09:04:09.175 JST" StructureHandle="=TA2/src&amp;lt;ta2.listeners.dialog{DB_OTL.java" StructureKind="java" NumEvents="3" CreationCount="453"/><InteractionEvent Delta="null" EndDate="2014-08-27 09:04:25.667 JST" Interest="5.351" Kind="propagation" Navigation="org.eclipse.mylyn.core.model.edges.containment" OriginId="org.eclipse.mylyn.core.model.interest.propagation" StartDate="2014-08-27 09:04:15.513 JST" StructureHandle="=TA2/src&amp;lt;ta2.listeners.dialog{DB_OTL.java" StructureKind="java" NumEvents="8" CreationCount="453"/><InteractionEvent Delta="null" EndDate="2014-08-27 08:54:26.72 JST" Interest="1.0" Kind="propagation" Navigation="org.eclipse.mylyn.core.model.edges.containment" OriginId="org.eclipse.mylyn.core.model.interest.propagation" StartDate="2014-08-27 08:54:26.72 JST" StructureHandle="/TA2/bin" StructureKind="resource"/><InteractionEvent Delta="null" EndDate="2014-08-27 09:00:56.583 JST" Interest="1.0" Kind="selection" Navigation="null" OriginId="org.eclipse.ui.views.ContentOutline" StartDate="2014-08-27 09:00:56.583 JST" StructureHandle="=TA2/src&amp;lt;ta2.utils{Methods_dlg.java[Methods_dlg~dlg_ShowMessage~QActivity;~QString;" StructureKind="java"/><InteractionEvent Delta="null" EndDate="2014-08-27 09:25:18.797 JST" Interest="14.0" Kind="selection" Navigation="null" OriginId="org.eclipse.jdt.ui.CompilationUnitEditor" StartDate="2014-08-27 08:51:07.678 JST" StructureHandle="=TA2/src&amp;lt;ta2.utils{Methods_dlg.java" StructureKind="java" NumEvents="14" CreationCount="154"/><InteractionEvent Delta="null" EndDate="2014-08-27 09:01:13.337 JST" Interest="46.917" Kind="propagation" Navigation="org.eclipse.mylyn.core.model.edges.containment" OriginId="org.eclipse.mylyn.core.model.interest.propagation" StartDate="2014-08-27 08:51:08.773 JST" StructureHandle="=TA2/src&amp;lt;ta2.utils{Methods_dlg.java" StructureKind="java" NumEvents="70" CreationCount="154"/><InteractionEvent Delta="null" EndDate="2014-08-27 09:01:05.312 JST" Interest="1.0" Kind="selection" Navigation="null" OriginId="org.eclipse.ui.views.ContentOutline" StartDate="2014-08-27 09:01:05.312 JST" StructureHandle="=TA2/src&amp;lt;ta2.utils{Methods_dlg.java[Methods_dlg~dlg_Template_OkCancel_SecondDialog~QActivity;~QDialog;~QMemo;~I~I~I~QTags.DialogTags;~I~QTags.DialogTags;" StructureKind="java"/><InteractionEvent Delta="null" EndDate="2014-08-27 09:01:06.701 JST" Interest="3.0" Kind="edit" Navigation="null" OriginId="org.eclipse.jdt.ui.CompilationUnitEditor" StartDate="2014-08-27 09:01:06.61 JST" StructureHandle="=TA2/src&amp;lt;ta2.utils{Methods_dlg.java[Methods_dlg~dlg_Template_OkCancel_SecondDialog~QActivity;~QDialog;~QMemo;~I~I~I~QTags.DialogTags;~I~QTags.DialogTags;" StructureKind="java" NumEvents="3" CreationCount="376"/><InteractionEvent Delta="null" EndDate="2014-08-27 09:23:22.637 JST" Interest="1.0" Kind="propagation" Navigation="null" OriginId="org.eclipse.mylyn.resources.ui.interest.updater" StartDate="2014-08-27 09:23:22.637 JST" StructureHandle="/TA2/res/drawable/actv_showlist_bt_down_50x50.png" StructureKind="resource"/><InteractionEvent Delta="null" EndDate="2014-08-27 09:25:38.60 JST" Interest="229.017" Kind="propagation" Navigation="org.eclipse.mylyn.core.model.edges.containment" OriginId="org.eclipse.mylyn.core.model.interest.propagation" StartDate="2014-08-27 08:21:13.980 JST" StructureHandle="/TA2/src/ta2/main" StructureKind="resource" NumEvents="230" CreationCount="4"/><InteractionEvent Delta="null" EndDate="2014-08-27 09:06:05.839 JST" Interest="1.0" Kind="selection" Navigation="null" OriginId="org.eclipse.jdt.ui.CompilationUnitEditor" StartDate="2014-08-27 09:06:05.839 JST" StructureHandle="=TA2/src&amp;lt;ta2.utils{DBUtils.java[DBUtils" StructureKind="java"/><InteractionEvent Delta="null" EndDate="2014-08-27 09:07:25.646 JST" Interest="29.485" Kind="propagation" Navigation="org.eclipse.mylyn.core.model.edges.containment" OriginId="org.eclipse.mylyn.core.model.interest.propagation" StartDate="2014-08-27 09:06:00.459 JST" StructureHandle="=TA2/src&amp;lt;ta2.utils{DBUtils.java[DBUtils" StructureKind="java" NumEvents="42" CreationCount="521"/><InteractionEvent Delta="null" EndDate="2014-08-27 09:06:07.675 JST" Interest="1.0" Kind="edit" Navigation="null" OriginId="org.eclipse.jdt.ui.CompilationUnitEditor" StartDate="2014-08-27 09:06:07.675 JST" StructureHandle="=TA2/src&amp;lt;ta2.utils{DBUtils.java[DBUtils" StructureKind="java"/><InteractionEvent Delta="null" EndDate="2014-08-27 09:13:26.308 JST" Interest="110.0" Kind="propagation" Navigation="null" OriginId="org.eclipse.ui.views.ContentOutline" StartDate="2014-08-27 08:21:00.679 JST" StructureHandle="/TA2/src/ta2/utils/Methods.java" StructureKind="resource" NumEvents="110" CreationCount="1"/><InteractionEvent Delta="null" EndDate="2014-08-27 09:05:14.387 JST" Interest="6.3640003" Kind="manipulation" Navigation="null" OriginId="org.eclipse.mylyn.core.model.interest.decay.correction" StartDate="2014-08-27 09:05:14.387 JST" StructureHandle="/TA2/src/ta2/utils/Methods.java" StructureKind="resource"/><InteractionEvent Delta="null" EndDate="2014-08-27 10:33:37.934 JST" Interest="101.0" Kind="propagation" Navigation="null" OriginId="org.eclipse.jdt.ui.CompilationUnitEditor" StartDate="2014-08-27 08:26:47.343 JST" StructureHandle="/TA2/src/ta2/listeners/LOI_LCL.java" StructureKind="resource" NumEvents="101" CreationCount="79"/><InteractionEvent Delta="null" EndDate="2014-08-27 09:22:47.254 JST" Interest="1.0" Kind="propagation" Navigation="org.eclipse.mylyn.core.model.edges.containment" OriginId="org.eclipse.mylyn.core.model.interest.propagation" StartDate="2014-08-27 09:22:47.254 JST" StructureHandle="/TA2/res/layout" StructureKind="resource"/><InteractionEvent Delta="null" EndDate="2014-08-27 09:14:07.954 JST" Interest="12.0" Kind="selection" Navigation="null" OriginId="org.eclipse.jdt.ui.CompilationUnitEditor" StartDate="2014-08-27 08:23:46.950 JST" StructureHandle="=TA2/src&amp;lt;ta2.main{MemoActv.java[MemoActv~_Setup_List_3" StructureKind="java" NumEvents="12" CreationCount="10"/><InteractionEvent Delta="null" EndDate="2014-08-27 09:13:44.493 JST" Interest="55.0" Kind="edit" Navigation="null" OriginId="org.eclipse.jdt.ui.CompilationUnitEditor" StartDate="2014-08-27 08:23:47.564 JST" StructureHandle="=TA2/src&amp;lt;ta2.main{MemoActv.java[MemoActv~_Setup_List_3" StructureKind="java" NumEvents="55" CreationCount="10"/><InteractionEvent Delta="null" EndDate="2014-08-27 09:04:07.458 JST" Interest="1.0" Kind="selection" Navigation="null" OriginId="org.eclipse.jdt.ui.PackageExplorer" StartDate="2014-08-27 09:04:07.458 JST" StructureHandle="=TA2/src&amp;lt;ta2.listeners.dialog" StructureKind="java"/><InteractionEvent Delta="null" EndDate="2014-08-27 09:25:17.944 JST" Interest="75.885" Kind="propagation" Navigation="org.eclipse.mylyn.core.model.edges.containment" OriginId="org.eclipse.mylyn.core.model.interest.propagation" StartDate="2014-08-27 08:53:56.997 JST" StructureHandle="=TA2/src&amp;lt;ta2.listeners.dialog" StructureKind="java" NumEvents="118" CreationCount="220"/><InteractionEvent Delta="null" EndDate="2014-08-27 09:23:00.554 JST" Interest="5.0" Kind="selection" Navigation="null" OriginId="org.eclipse.jdt.ui.CompilationUnitEditor" StartDate="2014-08-27 09:22:56.636 JST" StructureHandle="=TA2/src&amp;lt;ta2.main{MemoActv.java[MemoActv~_Setup_List_2" StructureKind="java" NumEvents="5" CreationCount="847"/><InteractionEvent Delta="null" EndDate="2014-08-27 09:22:57.258 JST" Interest="2.0" Kind="edit" Navigation="null" OriginId="org.eclipse.jdt.ui.CompilationUnitEditor" StartDate="2014-08-27 09:22:57.253 JST" StructureHandle="=TA2/src&amp;lt;ta2.main{MemoActv.java[MemoActv~_Setup_List_2" StructureKind="java" NumEvents="2" CreationCount="847"/><InteractionEvent Delta="null" EndDate="2014-08-27 09:10:34.407 JST" Interest="1.0" Kind="selection" Navigation="null" OriginId="org.eclipse.jdt.ui.CompilationUnitEditor" StartDate="2014-08-27 09:10:34.407 JST" StructureHandle="=TA2/src&amp;lt;ta2.utils{Methods.java[Methods~update_MemoActv_ListViews~QActivity;~QString;" StructureKind="java"/><InteractionEvent Delta="null" EndDate="2014-08-27 09:10:58.272 JST" Interest="1.0" Kind="edit" Navigation="null" OriginId="org.eclipse.jdt.ui.CompilationUnitEditor" StartDate="2014-08-27 09:10:58.272 JST" StructureHandle="=TA2/src&amp;lt;ta2.utils{Methods.java[Methods~update_MemoActv_ListViews~QActivity;~QString;" StructureKind="java"/><InteractionEvent Delta="null" EndDate="2014-08-27 09:25:26.58 JST" Interest="5.0" Kind="selection" Navigation="null" OriginId="org.eclipse.jdt.ui.CompilationUnitEditor" StartDate="2014-08-27 08:26:48.35 JST" StructureHandle="=TA2/src&amp;lt;ta2.listeners{LOI_LCL.java[LOI_LCL~LOI_LCL~QActivity;" StructureKind="java" NumEvents="5" CreationCount="80"/><InteractionEvent Delta="null" EndDate="2014-08-27 09:14:34.452 JST" Interest="1.0" Kind="edit" Navigation="null" OriginId="org.eclipse.jdt.ui.CompilationUnitEditor" StartDate="2014-08-27 09:14:34.452 JST" StructureHandle="=TA2/src&amp;lt;ta2.listeners{LOI_LCL.java[LOI_LCL~LOI_LCL~QActivity;" StructureKind="java"/><InteractionEvent Delta="null" EndDate="2014-08-27 09:25:26.59 JST" Interest="10.260001" Kind="manipulation" Navigation="null" OriginId="org.eclipse.mylyn.core.model.interest.decay.correction" StartDate="2014-08-27 09:14:17.830 JST" StructureHandle="=TA2/src&amp;lt;ta2.listeners{LOI_LCL.java[LOI_LCL~LOI_LCL~QActivity;" StructureKind="java" NumEvents="2" CreationCount="80"/><InteractionEvent Delta="null" EndDate="2014-08-27 08:54:26.71 JST" Interest="1.0" Kind="prediction" Navigation="null" OriginId="org.eclipse.mylyn.resources.ui.interest.updater" StartDate="2014-08-27 08:54:26.71 JST" StructureHandle="/TA2/bin/res/crunch/drawable/actv_showlist_bt_bottom_45x45_disabled.png" StructureKind="resource"/><InteractionEvent Delta="null" EndDate="2014-08-27 09:04:25.667 JST" Interest="7.317" Kind="propagation" Navigation="org.eclipse.mylyn.core.model.edges.containment" OriginId="org.eclipse.mylyn.core.model.interest.propagation" StartDate="2014-08-27 09:04:11.486 JST" StructureHandle="=TA2/src&amp;lt;ta2.listeners.dialog{DB_OTL.java[DB_OTL" StructureKind="java" NumEvents="11" CreationCount="455"/><InteractionEvent Delta="null" EndDate="2014-08-27 09:02:28.260 JST" Interest="2.0" Kind="selection" Navigation="null" OriginId="org.eclipse.jdt.ui.CompilationUnitEditor" StartDate="2014-08-27 09:01:13.336 JST" StructureHandle="=TA2/src&amp;lt;ta2.utils{Methods_dlg.java[Methods_dlg~dlg_Template_OkCancel_SecondDialog~QActivity;~QDialog;~QWordPattern;~I~I~I~QTags.DialogTags;~I~QTags.DialogTags;" StructureKind="java" NumEvents="2" CreationCount="381"/><InteractionEvent Delta="null" EndDate="2014-08-27 09:01:27.842 JST" Interest="3.0" Kind="edit" Navigation="null" OriginId="org.eclipse.jdt.ui.CompilationUnitEditor" StartDate="2014-08-27 09:01:17.10 JST" StructureHandle="=TA2/src&amp;lt;ta2.utils{Methods_dlg.java[Methods_dlg~dlg_Template_OkCancel_SecondDialog~QActivity;~QDialog;~QWordPattern;~I~I~I~QTags.DialogTags;~I~QTags.DialogTags;" StructureKind="java" NumEvents="3" CreationCount="381"/><InteractionEvent Delta="null" EndDate="2014-08-27 08:25:31.584 JST" Interest="1.0" Kind="selection" Navigation="null" OriginId="org.eclipse.jdt.ui.CompilationUnitEditor" StartDate="2014-08-27 08:25:31.584 JST" StructureHandle="=TA2/src&amp;lt;ta2.main{MemoActv.java#" StructureKind="java"/><InteractionEvent Delta="null" EndDate="2014-08-27 08:25:30.53 JST" Interest="1.0" Kind="propagation" Navigation="org.eclipse.mylyn.core.model.edges.containment" OriginId="org.eclipse.mylyn.core.model.interest.propagation" StartDate="2014-08-27 08:25:30.53 JST" StructureHandle="=TA2/src&amp;lt;ta2.main{MemoActv.java#" StructureKind="java"/><InteractionEvent Delta="null" EndDate="2014-08-27 08:55:51.305 JST" Interest="2.0" Kind="selection" Navigation="null" OriginId="org.eclipse.jdt.ui.CompilationUnitEditor" StartDate="2014-08-27 08:54:41.82 JST" StructureHandle="=TA2/src&amp;lt;ta2.listeners.dialog{DOI_CL.java[DOI_CL~DOI_CL~QActivity;~QDialog;~QString;" StructureKind="java" NumEvents="2" CreationCount="223"/><InteractionEvent Delta="null" EndDate="2014-08-27 09:04:12.473 JST" Interest="1.0" Kind="selection" Navigation="null" OriginId="org.eclipse.jdt.ui.CompilationUnitEditor" StartDate="2014-08-27 09:04:12.473 JST" StructureHandle="=TA2/src&amp;lt;ta2.listeners.dialog{DB_OTL.java[DB_OTL~onTouch~QView;~QMotionEvent;" StructureKind="java"/><InteractionEvent Delta="null" EndDate="2014-08-27 09:04:25.666 JST" Interest="9.0" Kind="edit" Navigation="null" OriginId="org.eclipse.jdt.ui.CompilationUnitEditor" StartDate="2014-08-27 09:04:13.199 JST" StructureHandle="=TA2/src&amp;lt;ta2.listeners.dialog{DB_OTL.java[DB_OTL~onTouch~QView;~QMotionEvent;" StructureKind="java" NumEvents="9" CreationCount="456"/><InteractionEvent Delta="null" EndDate="2014-08-27 08:57:54.574 JST" Interest="1.0" Kind="selection" Navigation="null" OriginId="org.eclipse.jdt.ui.CompilationUnitEditor" StartDate="2014-08-27 08:57:54.574 JST" StructureHandle="=TA2/src&amp;lt;ta2.listeners.dialog{DOI_CL.java[DOI_CL" StructureKind="java"/><InteractionEvent Delta="null" EndDate="2014-08-27 09:21:19.765 JST" Interest="74.868004" Kind="propagation" Navigation="org.eclipse.mylyn.core.model.edges.containment" OriginId="org.eclipse.mylyn.core.model.interest.propagation" StartDate="2014-08-27 08:53:57.686 JST" StructureHandle="=TA2/src&amp;lt;ta2.listeners.dialog{DOI_CL.java[DOI_CL" StructureKind="java" NumEvents="104" CreationCount="221"/><InteractionEvent Delta="null" EndDate="2014-08-27 09:04:51.503 JST" Interest="1.0" Kind="selection" Navigation="null" OriginId="org.eclipse.jdt.ui.CompilationUnitEditor" StartDate="2014-08-27 09:04:51.503 JST" StructureHandle="=TA2/src&amp;lt;ta2.listeners.dialog{DB_OCL.java[DB_OCL" StructureKind="java"/><InteractionEvent Delta="null" EndDate="2014-08-27 09:04:26.699 JST" Interest="15.8" Kind="propagation" Navigation="org.eclipse.mylyn.core.model.edges.containment" OriginId="org.eclipse.mylyn.core.model.interest.propagation" StartDate="2014-08-27 09:01:33.597 JST" StructureHandle="=TA2/src&amp;lt;ta2.listeners.dialog{DB_OCL.java[DB_OCL" StructureKind="java" NumEvents="20" CreationCount="387"/><InteractionEvent Delta="null" EndDate="2014-08-27 08:23:05.30 JST" Interest="1.0" Kind="selection" Navigation="null" OriginId="org.eclipse.ui.views.ContentOutline" StartDate="2014-08-27 08:23:05.30 JST" StructureHandle="=TA2/src&amp;lt;ta2.main{MemoActv.java%ta2.main" StructureKind="java"/><InteractionEvent Delta="null" EndDate="2014-08-27 09:04:11.486 JST" Interest="1.0" Kind="selection" Navigation="null" OriginId="org.eclipse.jdt.ui.CompilationUnitEditor" StartDate="2014-08-27 09:04:11.486 JST" StructureHandle="=TA2/src&amp;lt;ta2.listeners.dialog{DB_OTL.java[DB_OTL~DB_OTL~QActivity;~QDialog;" StructureKind="java"/><InteractionEvent Delta="null" EndDate="2014-08-27 09:04:05.780 JST" Interest="4.0" Kind="selection" Navigation="null" OriginId="org.eclipse.jdt.ui.PackageExplorer" StartDate="2014-08-27 08:49:39.225 JST" StructureHandle="=TA2/src&amp;lt;ta2.items{WordPattern.java" StructureKind="java" NumEvents="4" CreationCount="109"/><InteractionEvent Delta="null" EndDate="2014-08-27 08:55:20.131 JST" Interest="0.006000042" Kind="propagation" Navigation="org.eclipse.mylyn.core.model.edges.containment" OriginId="org.eclipse.mylyn.core.model.interest.propagation" StartDate="2014-08-27 08:55:20.131 JST" StructureHandle="=TA2/src&amp;lt;ta2.items{WordPattern.java" StructureKind="java"/><InteractionEvent Delta="null" EndDate="2014-08-27 09:04:05.780 JST" Interest="2.7740002" Kind="manipulation" Navigation="null" OriginId="org.eclipse.mylyn.core.model.interest.decay.correction" StartDate="2014-08-27 09:04:05.780 JST" StructureHandle="=TA2/src&amp;lt;ta2.items{WordPattern.java" StructureKind="java"/><InteractionEvent Delta="null" EndDate="2014-08-27 08:57:41.834 JST" Interest="4.0" Kind="selection" Navigation="null" OriginId="org.eclipse.jdt.ui.CompilationUnitEditor" StartDate="2014-08-27 08:53:57.685 JST" StructureHandle="=TA2/src&amp;lt;ta2.listeners.dialog{DOI_CL.java[DOI_CL~DOI_CL~QActivity;~QDialog;" StructureKind="java" NumEvents="4" CreationCount="221"/><InteractionEvent Delta="null" EndDate="2014-08-27 08:57:31.824 JST" Interest="12.0" Kind="edit" Navigation="null" OriginId="org.eclipse.jdt.ui.CompilationUnitEditor" StartDate="2014-08-27 08:54:39.881 JST" StructureHandle="=TA2/src&amp;lt;ta2.listeners.dialog{DOI_CL.java[DOI_CL~DOI_CL~QActivity;~QDialog;~QWordPattern;" StructureKind="java" NumEvents="12" CreationCount="221"/><InteractionEvent Delta="null" EndDate="2014-08-27 09:22:47.437 JST" Interest="14.0" Kind="propagation" Navigation="null" OriginId="org.eclipse.jdt.ui.PackageExplorer" StartDate="2014-08-27 09:04:09.175 JST" StructureHandle="/TA2/src/ta2/listeners/dialog/DB_OTL.java" StructureKind="resource" NumEvents="14" CreationCount="453"/><InteractionEvent Delta="null" EndDate="2014-08-27 09:19:41.984 JST" Interest="9.0" Kind="selection" Navigation="null" OriginId="org.eclipse.jdt.ui.CompilationUnitEditor" StartDate="2014-08-27 08:59:05.537 JST" StructureHandle="=TA2/src&amp;lt;ta2.listeners.dialog{DOI_CL.java[DOI_CL~case_ACTV_MEMO_ADMIN_PATTERNS_GV~QListItem;" StructureKind="java" NumEvents="9" CreationCount="325"/><InteractionEvent Delta="null" EndDate="2014-08-27 09:21:19.765 JST" Interest="93.0" Kind="edit" Navigation="null" OriginId="org.eclipse.jdt.ui.CompilationUnitEditor" StartDate="2014-08-27 08:59:06.96 JST" StructureHandle="=TA2/src&amp;lt;ta2.listeners.dialog{DOI_CL.java[DOI_CL~case_ACTV_MEMO_ADMIN_PATTERNS_GV~QListItem;" StructureKind="java" NumEvents="93" CreationCount="325"/><InteractionEvent Delta="null" EndDate="2014-08-27 09:04:05.780 JST" Interest="7.0169997" Kind="propagation" Navigation="org.eclipse.mylyn.core.model.edges.containment" OriginId="org.eclipse.mylyn.core.model.interest.propagation" StartDate="2014-08-27 08:49:36.686 JST" StructureHandle="/TA2/src/ta2/items" StructureKind="resource" NumEvents="8" CreationCount="108"/><InteractionEvent Delta="null" EndDate="2014-08-27 09:04:05.897 JST" Interest="2.0" Kind="selection" Navigation="null" OriginId="org.eclipse.jdt.ui.PackageExplorer" StartDate="2014-08-27 08:49:33.574 JST" StructureHandle="=TA2/src&amp;lt;ta2.listeners" StructureKind="java" NumEvents="2" CreationCount="79"/><InteractionEvent Delta="null" EndDate="2014-08-27 10:33:37.934 JST" Interest="42.518997" Kind="propagation" Navigation="org.eclipse.mylyn.core.model.edges.containment" OriginId="org.eclipse.mylyn.core.model.interest.propagation" StartDate="2014-08-27 08:26:47.344 JST" StructureHandle="=TA2/src&amp;lt;ta2.listeners" StructureKind="java" NumEvents="63" CreationCount="79"/><InteractionEvent Delta="null" EndDate="2014-08-27 08:54:26.71 JST" Interest="1.0" Kind="prediction" Navigation="null" OriginId="org.eclipse.mylyn.resources.ui.interest.updater" StartDate="2014-08-27 08:54:26.71 JST" StructureHandle="/TA2/bin/resources.ap_" StructureKind="resource"/><InteractionEvent Delta="null" EndDate="2014-08-27 09:09:49.411 JST" Interest="4.0" Kind="selection" Navigation="null" OriginId="org.eclipse.jdt.ui.CompilationUnitEditor" StartDate="2014-08-27 09:01:32.685 JST" StructureHandle="=TA2/src&amp;lt;ta2.listeners.dialog{DB_OCL.java" StructureKind="java" NumEvents="4" CreationCount="386"/><InteractionEvent Delta="null" EndDate="2014-08-27 09:04:52.558 JST" Interest="13.817" Kind="propagation" Navigation="org.eclipse.mylyn.core.model.edges.containment" OriginId="org.eclipse.mylyn.core.model.interest.propagation" StartDate="2014-08-27 09:01:33.598 JST" StructureHandle="=TA2/src&amp;lt;ta2.listeners.dialog{DB_OCL.java" StructureKind="java" NumEvents="20" CreationCount="386"/><InteractionEvent Delta="null" EndDate="2014-08-27 08:53:21.98 JST" Interest="1.0" Kind="selection" Navigation="null" OriginId="org.eclipse.jdt.ui.CompilationUnitEditor" StartDate="2014-08-27 08:53:21.98 JST" StructureHandle="=TA2/src&amp;lt;ta2.utils{Tags.java[Tags[DialogItemTags^ACTV_MEMO_ADMIN_PATTERNS_GV" StructureKind="java"/><InteractionEvent Delta="null" EndDate="2014-08-27 08:53:30.337 JST" Interest="1.0" Kind="edit" Navigation="null" OriginId="org.eclipse.jdt.ui.CompilationUnitEditor" StartDate="2014-08-27 08:53:30.337 JST" StructureHandle="=TA2/src&amp;lt;ta2.utils{Tags.java[Tags[DialogItemTags^ACTV_MEMO_ADMIN_PATTERNS_GV" StructureKind="java"/><InteractionEvent Delta="null" EndDate="2014-08-27 08:49:36.686 JST" Interest="1.0" Kind="selection" Navigation="null" OriginId="org.eclipse.jdt.ui.PackageExplorer" StartDate="2014-08-27 08:49:36.686 JST" StructureHandle="=TA2/src&amp;lt;ta2.items" StructureKind="java"/><InteractionEvent Delta="null" EndDate="2014-08-27 09:04:05.780 JST" Interest="5.797" Kind="propagation" Navigation="org.eclipse.mylyn.core.model.edges.containment" OriginId="org.eclipse.mylyn.core.model.interest.propagation" StartDate="2014-08-27 08:49:39.227 JST" StructureHandle="=TA2/src&amp;lt;ta2.items" StructureKind="java" NumEvents="6" CreationCount="108"/><InteractionEvent Delta="null" EndDate="2014-08-27 09:04:26.698 JST" Interest="6.0" Kind="selection" Navigation="null" OriginId="org.eclipse.jdt.ui.CompilationUnitEditor" StartDate="2014-08-27 09:01:33.597 JST" StructureHandle="=TA2/src&amp;lt;ta2.listeners.dialog{DB_OCL.java[DB_OCL~DB_OCL~QActivity;~QDialog;~QDialog;~QWordPattern;" StructureKind="java" NumEvents="6" CreationCount="387"/><InteractionEvent Delta="null" EndDate="2014-08-27 09:02:08.313 JST" Interest="14.0" Kind="edit" Navigation="null" OriginId="org.eclipse.jdt.ui.CompilationUnitEditor" StartDate="2014-08-27 09:01:36.148 JST" StructureHandle="=TA2/src&amp;lt;ta2.listeners.dialog{DB_OCL.java[DB_OCL~DB_OCL~QActivity;~QDialog;~QDialog;~QWordPattern;" StructureKind="java" NumEvents="14" CreationCount="387"/><InteractionEvent Delta="null" EndDate="2014-08-27 08:53:30.337 JST" Interest="1.7" Kind="propagation" Navigation="org.eclipse.mylyn.core.model.edges.containment" OriginId="org.eclipse.mylyn.core.model.interest.propagation" StartDate="2014-08-27 08:53:21.99 JST" StructureHandle="=TA2/src&amp;lt;ta2.utils{Tags.java[Tags[DialogItemTags" StructureKind="java" NumEvents="2" CreationCount="210"/><InteractionEvent Delta="null" EndDate="2014-08-27 09:25:17.960 JST" Interest="225.0" Kind="propagation" Navigation="null" OriginId="org.eclipse.jdt.ui.CompilationUnitEditor" StartDate="2014-08-27 08:53:56.997 JST" StructureHandle="/TA2/src/ta2/listeners/dialog/DOI_CL.java" StructureKind="resource" NumEvents="225" CreationCount="220"/><InteractionEvent Delta="null" EndDate="2014-08-27 08:21:13.980 JST" Interest="1.0" Kind="selection" Navigation="null" OriginId="org.eclipse.jdt.ui.PackageExplorer" StartDate="2014-08-27 08:21:13.980 JST" StructureHandle="=TA2/src&amp;lt;ta2.main" StructureKind="java"/><InteractionEvent Delta="null" EndDate="2014-08-27 09:25:37.862 JST" Interest="102.582" Kind="propagation" Navigation="org.eclipse.mylyn.core.model.edges.containment" OriginId="org.eclipse.mylyn.core.model.interest.propagation" StartDate="2014-08-27 08:21:15.491 JST" StructureHandle="=TA2/src&amp;lt;ta2.main" StructureKind="java" NumEvents="150" CreationCount="4"/><InteractionEvent Delta="null" EndDate="2014-08-27 08:54:26.71 JST" Interest="1.0" Kind="prediction" Navigation="null" OriginId="org.eclipse.mylyn.resources.ui.interest.updater" StartDate="2014-08-27 08:54:26.71 JST" StructureHandle="/TA2/bin/res/crunch/drawable/actv_showlist_bt_down_50x50_disabled.png" StructureKind="resource"/><InteractionEvent Delta="null" EndDate="2014-08-27 09:23:22.637 JST" Interest="1.0" Kind="propagation" Navigation="null" OriginId="org.eclipse.mylyn.resources.ui.interest.updater" StartDate="2014-08-27 09:23:22.637 JST" StructureHandle="/TA2/res/drawable/actv_showlist_bt_top_45x45.png" StructureKind="resource"/><InteractionEvent Delta="null" EndDate="2014-08-27 08:49:02.717 JST" Interest="2.0" Kind="selection" Navigation="null" OriginId="org.eclipse.jdt.ui.CompilationUnitEditor" StartDate="2014-08-27 08:48:59.22 JST" StructureHandle="=TA2/src&amp;lt;ta2.listeners{LOI_LCL.java[LOI_LCL~LOI_LCL~QActivity;~QDialog;~QDialog;" StructureKind="java" NumEvents="2" CreationCount="81"/><InteractionEvent Delta="null" EndDate="2014-08-27 10:33:37.934 JST" Interest="329.397" Kind="propagation" Navigation="null" OriginId="org.eclipse.jdt.ui.CompilationUnitEditor" StartDate="2014-08-27 08:26:47.343 JST" StructureHandle="/TA2/src/ta2/listeners" StructureKind="resource" NumEvents="333" CreationCount="79"/><InteractionEvent Delta="null" EndDate="2014-08-27 09:02:49.780 JST" Interest="4.5530005" Kind="propagation" Navigation="org.eclipse.mylyn.core.model.edges.containment" OriginId="org.eclipse.mylyn.core.model.interest.propagation" StartDate="2014-08-27 08:53:21.99 JST" StructureHandle="=TA2/src&amp;lt;ta2.utils{Tags.java[Tags" StructureKind="java" NumEvents="3" CreationCount="210"/><InteractionEvent Delta="null" EndDate="2014-08-27 09:02:49.781 JST" Interest="5.0" Kind="propagation" Navigation="null" OriginId="org.eclipse.jdt.ui.CompilationUnitEditor" StartDate="2014-08-27 08:53:20.409 JST" StructureHandle="/TA2/src/ta2/utils/Tags.java" StructureKind="resource" NumEvents="5" CreationCount="209"/><InteractionEvent Delta="null" EndDate="2014-08-27 09:02:49.64 JST" Interest="0.5530002" Kind="manipulation" Navigation="null" OriginId="org.eclipse.mylyn.core.model.interest.decay.correction" StartDate="2014-08-27 09:02:49.64 JST" StructureHandle="/TA2/src/ta2/utils/Tags.java" StructureKind="resource"/><InteractionEvent Delta="null" EndDate="2014-08-27 08:54:26.71 JST" Interest="1.0" Kind="prediction" Navigation="null" OriginId="org.eclipse.mylyn.resources.ui.interest.updater" StartDate="2014-08-27 08:54:26.71 JST" StructureHandle="/TA2/bin/res/crunch/drawable/actv_showlist_bt_down_50x50.png" StructureKind="resource"/><InteractionEvent Delta="null" EndDate="2014-08-27 09:13:26.309 JST" Interest="74.698" Kind="propagation" Navigation="org.eclipse.mylyn.core.model.edges.containment" OriginId="org.eclipse.mylyn.core.model.interest.propagation" StartDate="2014-08-27 08:21:00.681 JST" StructureHandle="=TA2/src&amp;lt;ta2.utils" StructureKind="java" NumEvents="106" CreationCount="1"/><InteractionEvent Delta="null" EndDate="2014-08-27 09:25:27.878 JST" Interest="6.0" Kind="selection" Navigation="null" OriginId="org.eclipse.jdt.ui.CompilationUnitEditor" StartDate="2014-08-27 08:50:35.806 JST" StructureHandle="=TA2/src&amp;lt;ta2.listeners{LOI_LCL.java[LOI_LCL~case_ACTV_MEMO_LV_3~QWordPattern;" StructureKind="java" NumEvents="6" CreationCount="137"/><InteractionEvent Delta="null" EndDate="2014-08-27 08:55:29.119 JST" Interest="17.0" Kind="edit" Navigation="null" OriginId="org.eclipse.jdt.ui.CompilationUnitEditor" StartDate="2014-08-27 08:50:36.693 JST" StructureHandle="=TA2/src&amp;lt;ta2.listeners{LOI_LCL.java[LOI_LCL~case_ACTV_MEMO_LV_3~QWordPattern;" StructureKind="java" NumEvents="17" CreationCount="137"/><InteractionEvent Delta="null" EndDate="2014-08-27 09:01:09.685 JST" Interest="3.0" Kind="selection" Navigation="null" OriginId="org.eclipse.jdt.ui.CompilationUnitEditor" StartDate="2014-08-27 08:51:26.831 JST" StructureHandle="=TA2/src&amp;lt;ta2.utils{Methods_dlg.java[Methods_dlg" StructureKind="java" NumEvents="3" CreationCount="155"/><InteractionEvent Delta="null" EndDate="2014-08-27 08:59:52.711 JST" Interest="52.899998" Kind="propagation" Navigation="org.eclipse.mylyn.core.model.edges.containment" OriginId="org.eclipse.mylyn.core.model.interest.propagation" StartDate="2014-08-27 08:51:08.772 JST" StructureHandle="=TA2/src&amp;lt;ta2.utils{Methods_dlg.java[Methods_dlg" StructureKind="java" NumEvents="72" CreationCount="155"/><InteractionEvent Delta="null" EndDate="2014-08-27 09:10:02.634 JST" Interest="5.0" Kind="selection" Navigation="null" OriginId="org.eclipse.ui.views.ContentOutline" StartDate="2014-08-27 09:04:47.852 JST" StructureHandle="=TA2/src&amp;lt;ta2.listeners.dialog{DB_OCL.java[DB_OCL~case_DLG_CONF_DELETE_PATTERN_OK" StructureKind="java" NumEvents="5" CreationCount="477"/><InteractionEvent Delta="null" EndDate="2014-08-27 09:09:58.714 JST" Interest="14.0" Kind="edit" Navigation="null" OriginId="org.eclipse.jdt.ui.CompilationUnitEditor" StartDate="2014-08-27 09:04:48.873 JST" StructureHandle="=TA2/src&amp;lt;ta2.listeners.dialog{DB_OCL.java[DB_OCL~case_DLG_CONF_DELETE_PATTERN_OK" StructureKind="java" NumEvents="14" CreationCount="477"/><InteractionEvent Delta="null" EndDate="2014-08-27 09:25:39.564 JST" Interest="2.0" Kind="selection" Navigation="null" OriginId="org.eclipse.jdt.ui.CompilationUnitEditor" StartDate="2014-08-27 09:25:25.342 JST" StructureHandle="=TA2/src&amp;lt;ta2.listeners{LOI_LCL.java" StructureKind="java" NumEvents="2" CreationCount="960"/><InteractionEvent Delta="null" EndDate="2014-08-27 10:33:37.934 JST" Interest="27.541998" Kind="propagation" Navigation="org.eclipse.mylyn.core.model.edges.containment" OriginId="org.eclipse.mylyn.core.model.interest.propagation" StartDate="2014-08-27 09:25:26.59 JST" StructureHandle="=TA2/src&amp;lt;ta2.listeners{LOI_LCL.java" StructureKind="java" NumEvents="16" CreationCount="960"/><InteractionEvent Delta="null" EndDate="2014-08-27 09:23:22.637 JST" Interest="1.0" Kind="propagation" Navigation="null" OriginId="org.eclipse.mylyn.resources.ui.interest.updater" StartDate="2014-08-27 09:23:22.637 JST" StructureHandle="/TA2/res/drawable/actv_showlist_bt_down_50x50_disabled.png" StructureKind="resource"/><InteractionEvent Delta="null" EndDate="2014-08-27 08:59:52.711 JST" Interest="14.0" Kind="selection" Navigation="null" OriginId="org.eclipse.jdt.ui.CompilationUnitEditor" StartDate="2014-08-27 08:51:08.772 JST" StructureHandle="=TA2/src&amp;lt;ta2.utils{Methods_dlg.java[Methods_dlg~dlg_Admin_Patterns_GV~QActivity;~QWordPattern;" StructureKind="java" NumEvents="14" CreationCount="155"/><InteractionEvent Delta="null" EndDate="2014-08-27 08:58:21.476 JST" Interest="57.0" Kind="edit" Navigation="null" OriginId="org.eclipse.jdt.ui.CompilationUnitEditor" StartDate="2014-08-27 08:51:09.623 JST" StructureHandle="=TA2/src&amp;lt;ta2.utils{Methods_dlg.java[Methods_dlg~dlg_Admin_Patterns_GV~QActivity;~QWordPattern;" StructureKind="java" NumEvents="57" CreationCount="155"/><InteractionEvent Delta="null" EndDate="2014-08-27 09:19:16.618 JST" Interest="2.0" Kind="selection" Navigation="null" OriginId="org.eclipse.jdt.ui.CompilationUnitEditor" StartDate="2014-08-27 09:16:26.961 JST" StructureHandle="=TA2/src&amp;lt;ta2.listeners.dialog{DOI_CL.java[DOI_CL~case_ACTV_SHOWLIST_LV~QListItem;" StructureKind="java" NumEvents="2" CreationCount="748"/><InteractionEvent Delta="null" EndDate="2014-08-27 09:16:30.509 JST" Interest="3.0" Kind="edit" Navigation="null" OriginId="org.eclipse.jdt.ui.CompilationUnitEditor" StartDate="2014-08-27 09:16:28.793 JST" StructureHandle="=TA2/src&amp;lt;ta2.listeners.dialog{DOI_CL.java[DOI_CL~case_ACTV_SHOWLIST_LV~QListItem;" StructureKind="java" NumEvents="3" CreationCount="748"/><InteractionEvent Delta="null" EndDate="2014-08-27 09:10:18.262 JST" Interest="1.0" Kind="selection" Navigation="null" OriginId="org.eclipse.ui.views.ContentOutline" StartDate="2014-08-27 09:10:18.262 JST" StructureHandle="=TA2/src&amp;lt;ta2.listeners.dialog{DB_OCL.java[DB_OCL~case_DLG_REGISTER_PATTERNS_OK" StructureKind="java"/><InteractionEvent Delta="null" EndDate="2014-08-27 09:10:19.632 JST" Interest="3.0" Kind="edit" Navigation="null" OriginId="org.eclipse.jdt.ui.CompilationUnitEditor" StartDate="2014-08-27 09:10:19.25 JST" StructureHandle="=TA2/src&amp;lt;ta2.listeners.dialog{DB_OCL.java[DB_OCL~case_DLG_REGISTER_PATTERNS_OK" StructureKind="java" NumEvents="3" CreationCount="652"/><InteractionEvent Delta="null" EndDate="2014-08-27 10:33:37.934 JST" Interest="981.0" Kind="propagation" Navigation="null" OriginId="org.eclipse.jdt.ui.CompilationUnitEditor" StartDate="2014-08-27 08:21:00.679 JST" StructureHandle="/TA2/src" StructureKind="resource" NumEvents="981" CreationCount="1"/><InteractionEvent Delta="null" EndDate="2014-08-27 09:23:22.636 JST" Interest="1.0" Kind="propagation" Navigation="null" OriginId="org.eclipse.mylyn.resources.ui.interest.updater" StartDate="2014-08-27 09:23:22.636 JST" StructureHandle="/TA2/res/drawable/actv_showlist_bt_top_45x45_disabled.png" StructureKind="resource"/><InteractionEvent Delta="null" EndDate="2014-08-27 09:10:19.632 JST" Interest="68.0" Kind="propagation" Navigation="null" OriginId="org.eclipse.jdt.ui.CompilationUnitEditor" StartDate="2014-08-27 09:01:32.686 JST" StructureHandle="/TA2/src/ta2/listeners/dialog/DB_OCL.java" StructureKind="resource" NumEvents="68" CreationCount="386"/><InteractionEvent Delta="null" EndDate="2014-08-27 09:23:22.637 JST" Interest="1.0" Kind="propagation" Navigation="org.eclipse.mylyn.core.model.edges.containment" OriginId="org.eclipse.mylyn.core.model.interest.propagation" StartDate="2014-08-27 09:23:22.637 JST" StructureHandle="/TA2/res/drawable" StructureKind="resource"/><InteractionEvent Delta="null" EndDate="2014-08-27 10:33:37.934 JST" Interest="981.0" Kind="propagation" Navigation="org.eclipse.mylyn.core.model.edges.containment" OriginId="org.eclipse.mylyn.core.model.interest.propagation" StartDate="2014-08-27 08:21:00.680 JST" StructureHandle="=TA2" StructureKind="resource" NumEvents="981" CreationCount="1"/><InteractionEvent Delta="null" EndDate="2014-08-27 09:22:47.254 JST" Interest="1.0" Kind="prediction" Navigation="null" OriginId="org.eclipse.mylyn.resources.ui.interest.updater" StartDate="2014-08-27 09:22:47.254 JST" StructureHandle="/TA2/res/layout/actv_showlist.xml" StructureKind="resource"/><InteractionEvent Delta="null" EndDate="2014-08-27 09:04:28.920 JST" Interest="2.0" Kind="selection" Navigation="null" OriginId="org.eclipse.jdt.ui.CompilationUnitEditor" StartDate="2014-08-27 09:04:02.917 JST" StructureHandle="=TA2/src&amp;lt;ta2.listeners.dialog{DB_OCL.java[DB_OCL~onClick~QView;" StructureKind="java" NumEvents="2" CreationCount="448"/><InteractionEvent Delta="null" EndDate="2014-08-27 09:04:46.75 JST" Interest="8.0" Kind="edit" Navigation="null" OriginId="org.eclipse.jdt.ui.CompilationUnitEditor" StartDate="2014-08-27 09:04:29.554 JST" StructureHandle="=TA2/src&amp;lt;ta2.listeners.dialog{DB_OCL.java[DB_OCL~onClick~QView;" StructureKind="java" NumEvents="8" CreationCount="448"/><InteractionEvent Delta="null" EndDate="2014-08-27 09:25:54.437 JST" Interest="7.0" Kind="prediction" Navigation="null" OriginId="org.eclipse.mylyn.resources.ui.interest.updater" StartDate="2014-08-27 08:54:26.71 JST" StructureHandle="/TA2/bin/classes.dex" StructureKind="resource" NumEvents="7" CreationCount="221"/><InteractionEvent Delta="null" EndDate="2014-08-27 09:23:22.640 JST" Interest="1.527" Kind="propagation" Navigation="org.eclipse.mylyn.core.model.edges.containment" OriginId="org.eclipse.mylyn.core.model.interest.propagation" StartDate="2014-08-27 09:22:47.254 JST" StructureHandle="/TA2/res" StructureKind="resource" NumEvents="9" CreationCount="836"/><InteractionEvent Delta="null" EndDate="2014-08-27 09:04:05.780 JST" Interest="7.0" Kind="propagation" Navigation="null" OriginId="org.eclipse.jdt.ui.PackageExplorer" StartDate="2014-08-27 08:49:39.225 JST" StructureHandle="/TA2/src/ta2/items/WordPattern.java" StructureKind="resource" NumEvents="7" CreationCount="109"/><InteractionEvent Delta="null" EndDate="2014-08-27 09:19:23.836 JST" Interest="11.0" Kind="selection" Navigation="null" OriginId="org.eclipse.jdt.ui.CompilationUnitEditor" StartDate="2014-08-27 08:56:19.366 JST" StructureHandle="=TA2/src&amp;lt;ta2.listeners.dialog{DOI_CL.java[DOI_CL~onItemClick~QAdapterView\&amp;lt;*&amp;gt;;~QView;~I~J" StructureKind="java" NumEvents="11" CreationCount="252"/><InteractionEvent Delta="null" EndDate="2014-08-27 09:19:36.554 JST" Interest="47.0" Kind="edit" Navigation="null" OriginId="org.eclipse.jdt.ui.CompilationUnitEditor" StartDate="2014-08-27 08:56:22.617 JST" StructureHandle="=TA2/src&amp;lt;ta2.listeners.dialog{DOI_CL.java[DOI_CL~onItemClick~QAdapterView\&amp;lt;*&amp;gt;;~QView;~I~J" StructureKind="java" NumEvents="47" CreationCount="252"/><InteractionEvent Delta="null" EndDate="2014-08-27 08:51:33.730 JST" Interest="1.0" Kind="selection" Navigation="null" OriginId="org.eclipse.ui.views.ContentOutline" StartDate="2014-08-27 08:51:33.730 JST" StructureHandle="=TA2/src&amp;lt;ta2.utils{Methods_dlg.java[Methods_dlg~dlg_Admin_Patterns~QActivity;" StructureKind="java"/><InteractionEvent Delta="null" EndDate="2014-08-27 08:51:42.899 JST" Interest="8.0" Kind="edit" Navigation="null" OriginId="org.eclipse.jdt.ui.CompilationUnitEditor" StartDate="2014-08-27 08:51:34.365 JST" StructureHandle="=TA2/src&amp;lt;ta2.utils{Methods_dlg.java[Methods_dlg~dlg_Admin_Patterns~QActivity;" StructureKind="java" NumEvents="8" CreationCount="163"/><InteractionEvent Delta="null" EndDate="2014-08-27 09:03:51.184 JST" Interest="8.0" Kind="selection" Navigation="null" OriginId="org.eclipse.jdt.ui.CompilationUnitEditor" StartDate="2014-08-27 08:59:53.469 JST" StructureHandle="=TA2/src&amp;lt;ta2.utils{Methods_dlg.java[Methods_dlg~conf_Delete_Pattern~QActivity;~QDialog;~QWordPattern;" StructureKind="java" NumEvents="8" CreationCount="346"/><InteractionEvent Delta="null" EndDate="2014-08-27 09:03:59.688 JST" Interest="34.0" Kind="edit" Navigation="null" OriginId="org.eclipse.jdt.ui.CompilationUnitEditor" StartDate="2014-08-27 08:59:54.475 JST" StructureHandle="=TA2/src&amp;lt;ta2.utils{Methods_dlg.java[Methods_dlg~conf_Delete_Pattern~QActivity;~QDialog;~QWordPattern;" StructureKind="java" NumEvents="34" CreationCount="346"/><InteractionEvent Delta="null" EndDate="2014-08-27 09:02:49.780 JST" Interest="1.0" Kind="selection" Navigation="null" OriginId="org.eclipse.jdt.ui.CompilationUnitEditor" StartDate="2014-08-27 09:02:49.780 JST" StructureHandle="=TA2/src&amp;lt;ta2.utils{Tags.java[Tags[DialogTags^DLG_CONF_DELETE_PATTERN_OK" StructureKind="java"/><InteractionEvent Delta="null" EndDate="2014-08-27 08:55:20.130 JST" Interest="2.0" Kind="selection" Navigation="null" OriginId="org.eclipse.jdt.ui.CompilationUnitEditor" StartDate="2014-08-27 08:49:48.837 JST" StructureHandle="=TA2/src&amp;lt;ta2.items{WordPattern.java[WordPattern" StructureKind="java" NumEvents="2" CreationCount="111"/><InteractionEvent Delta="null" EndDate="2014-08-27 08:49:49.892 JST" Interest="1.0" Kind="edit" Navigation="null" OriginId="org.eclipse.jdt.ui.CompilationUnitEditor" StartDate="2014-08-27 08:49:49.892 JST" StructureHandle="=TA2/src&amp;lt;ta2.items{WordPattern.java[WordPattern" StructureKind="java"/><InteractionEvent Delta="null" EndDate="2014-08-27 08:55:20.130 JST" Interest="0.27200007" Kind="manipulation" Navigation="null" OriginId="org.eclipse.mylyn.core.model.interest.decay.correction" StartDate="2014-08-27 08:55:20.130 JST" StructureHandle="=TA2/src&amp;lt;ta2.items{WordPattern.java[WordPattern" StructureKind="java"/><InteractionEvent Delta="null" EndDate="2014-08-27 09:23:22.636 JST" Interest="1.0" Kind="propagation" Navigation="null" OriginId="org.eclipse.mylyn.resources.ui.interest.updater" StartDate="2014-08-27 09:23:22.636 JST" StructureHandle="/TA2/res/drawable/actv_showlist_bt_bottom_45x45.png" StructureKind="resource"/><InteractionEvent Delta="null" EndDate="2014-08-27 09:01:49.900 JST" Interest="1.0" Kind="selection" Navigation="null" OriginId="org.eclipse.jdt.ui.CompilationUnitEditor" StartDate="2014-08-27 09:01:49.900 JST" StructureHandle="=TA2/src&amp;lt;ta2.listeners.dialog{DB_OCL.java[DB_OCL~DB_OCL~QActivity;~QDialog;~QDialog;~QMemo;" StructureKind="java"/><InteractionEvent Delta="null" EndDate="2014-08-27 09:01:52.504 JST" Interest="2.0" Kind="edit" Navigation="null" OriginId="org.eclipse.jdt.ui.CompilationUnitEditor" StartDate="2014-08-27 09:01:50.741 JST" StructureHandle="=TA2/src&amp;lt;ta2.listeners.dialog{DB_OCL.java[DB_OCL~DB_OCL~QActivity;~QDialog;~QDialog;~QMemo;" StructureKind="java" NumEvents="2" CreationCount="395"/><InteractionEvent Delta="null" EndDate="2014-08-27 09:23:22.637 JST" Interest="1.0" Kind="propagation" Navigation="null" OriginId="org.eclipse.mylyn.resources.ui.interest.updater" StartDate="2014-08-27 09:23:22.637 JST" StructureHandle="/TA2/res/drawable/actv_showlist_bt_bottom_45x45_disabled.png" StructureKind="resource"/><InteractionEvent Delta="null" EndDate="2014-08-27 09:23:22.636 JST" Interest="1.0" Kind="propagation" Navigation="null" OriginId="org.eclipse.mylyn.resources.ui.interest.updater" StartDate="2014-08-27 09:23:22.636 JST" StructureHandle="/TA2/res/drawable/actv_showlist_bt_up_50x50_disabled.png" StructureKind="resource"/><InteractionEvent Delta="null" EndDate="2014-08-27 08:58:24.807 JST" Interest="4.0" Kind="selection" Navigation="null" OriginId="org.eclipse.jdt.ui.CompilationUnitEditor" StartDate="2014-08-27 08:57:42.575 JST" StructureHandle="=TA2/src&amp;lt;ta2.listeners.dialog{DOI_CL.java[DOI_CL~DOI_CL~QActivity;~QDialog;~QWordPattern;" StructureKind="java" NumEvents="4" CreationCount="277"/><InteractionEvent Delta="null" EndDate="2014-08-27 08:58:26.457 JST" Interest="14.0" Kind="edit" Navigation="null" OriginId="org.eclipse.jdt.ui.CompilationUnitEditor" StartDate="2014-08-27 08:57:46.843 JST" StructureHandle="=TA2/src&amp;lt;ta2.listeners.dialog{DOI_CL.java[DOI_CL~DOI_CL~QActivity;~QDialog;~QWordPattern;" StructureKind="java" NumEvents="14" CreationCount="277"/><InteractionEvent Delta="null" EndDate="2014-08-27 09:00:16.635 JST" Interest="1.0" Kind="selection" Navigation="null" OriginId="org.eclipse.ui.views.ContentOutline" StartDate="2014-08-27 09:00:16.635 JST" StructureHandle="=TA2/src&amp;lt;ta2.utils{Methods_dlg.java[Methods_dlg~conf_Delete_Memo~QActivity;~QDialog;~QMemo;" StructureKind="java"/><InteractionEvent Delta="null" EndDate="2014-08-27 09:00:23.99 JST" Interest="6.0" Kind="edit" Navigation="null" OriginId="org.eclipse.jdt.ui.CompilationUnitEditor" StartDate="2014-08-27 09:00:17.204 JST" StructureHandle="=TA2/src&amp;lt;ta2.utils{Methods_dlg.java[Methods_dlg~conf_Delete_Memo~QActivity;~QDialog;~QMemo;" StructureKind="java" NumEvents="6" CreationCount="357"/><InteractionEvent Delta="null" EndDate="2014-08-27 08:54:26.71 JST" Interest="1.0" Kind="prediction" Navigation="null" OriginId="org.eclipse.mylyn.resources.ui.interest.updater" StartDate="2014-08-27 08:54:26.71 JST" StructureHandle="/TA2/bin/res/crunch/drawable/actv_showlist_bt_up_50x50_disabled.png" StructureKind="resource"/><InteractionEvent Delta="null" EndDate="2014-08-27 09:06:00.458 JST" Interest="1.0" Kind="selection" Navigation="null" OriginId="org.eclipse.jdt.ui.CompilationUnitEditor" StartDate="2014-08-27 09:06:00.458 JST" StructureHandle="=TA2/src&amp;lt;ta2.utils{DBUtils.java[DBUtils~delete_Memo~QActivity;~QMemo;" StructureKind="java"/><InteractionEvent Delta="null" EndDate="2014-08-27 09:06:03.709 JST" Interest="2.0" Kind="edit" Navigation="null" OriginId="org.eclipse.jdt.ui.CompilationUnitEditor" StartDate="2014-08-27 09:06:01.622 JST" StructureHandle="=TA2/src&amp;lt;ta2.utils{DBUtils.java[DBUtils~delete_Memo~QActivity;~QMemo;" StructureKind="java" NumEvents="2" CreationCount="521"/><InteractionEvent Delta="null" EndDate="2014-08-27 09:25:17.773 JST" Interest="12.0" Kind="selection" Navigation="null" OriginId="org.eclipse.jdt.ui.CompilationUnitEditor" StartDate="2014-08-27 08:53:56.996 JST" StructureHandle="=TA2/src&amp;lt;ta2.listeners.dialog{DOI_CL.java" StructureKind="java" NumEvents="12" CreationCount="220"/><InteractionEvent Delta="null" EndDate="2014-08-27 09:21:19.766 JST" Interest="64.885" Kind="propagation" Navigation="org.eclipse.mylyn.core.model.edges.containment" OriginId="org.eclipse.mylyn.core.model.interest.propagation" StartDate="2014-08-27 08:53:57.687 JST" StructureHandle="=TA2/src&amp;lt;ta2.listeners.dialog{DOI_CL.java" StructureKind="java" NumEvents="98" CreationCount="220"/><InteractionEvent Delta="null" EndDate="2014-08-27 09:05:37.348 JST" Interest="2.0" Kind="selection" Navigation="null" OriginId="org.eclipse.ui.views.ContentOutline" StartDate="2014-08-27 08:21:00.678 JST" StructureHandle="=TA2/src&amp;lt;ta2.utils{Methods.java[Methods~delete_Memo~QActivity;~QDialog;~QDialog;~QMemo;" StructureKind="java" NumEvents="2" CreationCount="1"/><InteractionEvent Delta="null" EndDate="2014-08-27 09:05:45.695 JST" Interest="8.0" Kind="edit" Navigation="null" OriginId="org.eclipse.jdt.ui.CompilationUnitEditor" StartDate="2014-08-27 08:21:01.322 JST" StructureHandle="=TA2/src&amp;lt;ta2.utils{Methods.java[Methods~delete_Memo~QActivity;~QDialog;~QDialog;~QMemo;" StructureKind="java" NumEvents="8" CreationCount="1"/><InteractionEvent Delta="null" EndDate="2014-08-27 09:05:37.348 JST" Interest="6.885" Kind="manipulation" Navigation="null" OriginId="org.eclipse.mylyn.core.model.interest.decay.correction" StartDate="2014-08-27 09:05:37.348 JST" StructureHandle="=TA2/src&amp;lt;ta2.utils{Methods.java[Methods~delete_Memo~QActivity;~QDialog;~QDialog;~QMemo;" StructureKind="java"/><InteractionEvent Delta="null" EndDate="2014-08-27 09:23:22.636 JST" Interest="1.0" Kind="propagation" Navigation="null" OriginId="org.eclipse.mylyn.resources.ui.interest.updater" StartDate="2014-08-27 09:23:22.636 JST" StructureHandle="/TA2/res/drawable/actv_showlist_bt_up_50x50.png" StructureKind="resource"/><InteractionEvent Delta="null" EndDate="2014-08-27 09:23:24.855 JST" Interest="3.0" Kind="selection" Navigation="null" OriginId="org.eclipse.jdt.ui.PackageExplorer" StartDate="2014-08-27 08:21:01.847 JST" StructureHandle="=TA2/src" StructureKind="java" NumEvents="3" CreationCount="1"/><InteractionEvent Delta="null" EndDate="2014-08-27 09:25:37.862 JST" Interest="100.633" Kind="propagation" Navigation="org.eclipse.mylyn.core.model.edges.containment" OriginId="org.eclipse.mylyn.core.model.interest.propagation" StartDate="2014-08-27 08:21:00.681 JST" StructureHandle="=TA2/src" StructureKind="java" NumEvents="146" CreationCount="1"/><InteractionEvent Delta="null" EndDate="2014-08-27 08:23:41.800 JST" Interest="2.0" Kind="selection" Navigation="null" OriginId="org.eclipse.ui.views.ContentOutline" StartDate="2014-08-27 08:23:06.387 JST" StructureHandle="=TA2/src&amp;lt;ta2.main{MemoActv.java[MemoActv~onDestroy" StructureKind="java" NumEvents="2" CreationCount="8"/><InteractionEvent Delta="null" EndDate="2014-08-27 09:10:59.961 JST" Interest="1.0" Kind="selection" Navigation="null" OriginId="org.eclipse.jdt.ui.CompilationUnitEditor" StartDate="2014-08-27 09:10:59.961 JST" StructureHandle="=TA2/src&amp;lt;ta2.utils{Methods.java[Methods" StructureKind="java"/><InteractionEvent Delta="null" EndDate="2014-08-27 09:13:26.308 JST" Interest="73.698" Kind="propagation" Navigation="org.eclipse.mylyn.core.model.edges.containment" OriginId="org.eclipse.mylyn.core.model.interest.propagation" StartDate="2014-08-27 08:21:00.679 JST" StructureHandle="=TA2/src&amp;lt;ta2.utils{Methods.java[Methods" StructureKind="java" NumEvents="91" CreationCount="1"/><InteractionEvent Delta="null" EndDate="2014-08-27 09:10:06.755 JST" Interest="1.0" Kind="selection" Navigation="null" OriginId="org.eclipse.ui.views.ContentOutline" StartDate="2014-08-27 09:10:06.755 JST" StructureHandle="=TA2/src&amp;lt;ta2.listeners.dialog{DB_OCL.java[DB_OCL~case_DLG_CONF_DELETE_MEMO_OK" StructureKind="java"/><InteractionEvent Delta="null" EndDate="2014-08-27 09:10:08.353 JST" Interest="3.0" Kind="edit" Navigation="null" OriginId="org.eclipse.jdt.ui.CompilationUnitEditor" StartDate="2014-08-27 09:10:07.753 JST" StructureHandle="=TA2/src&amp;lt;ta2.listeners.dialog{DB_OCL.java[DB_OCL~case_DLG_CONF_DELETE_MEMO_OK" StructureKind="java" NumEvents="3" CreationCount="648"/><InteractionEvent Delta="null" EndDate="2014-08-27 09:25:39.758 JST" Interest="8.0" Kind="selection" Navigation="null" OriginId="org.eclipse.jdt.ui.CompilationUnitEditor" StartDate="2014-08-27 08:49:04.13 JST" StructureHandle="=TA2/src&amp;lt;ta2.listeners{LOI_LCL.java[LOI_LCL~onItemLongClick~QAdapterView\&amp;lt;*&amp;gt;;~QView;~I~J" StructureKind="java" NumEvents="8" CreationCount="86"/><InteractionEvent Delta="null" EndDate="2014-08-27 10:33:37.933 JST" Interest="52.0" Kind="edit" Navigation="null" OriginId="org.eclipse.jdt.ui.CompilationUnitEditor" StartDate="2014-08-27 08:49:11.660 JST" StructureHandle="=TA2/src&amp;lt;ta2.listeners{LOI_LCL.java[LOI_LCL~onItemLongClick~QAdapterView\&amp;lt;*&amp;gt;;~QView;~I~J" StructureKind="java" NumEvents="52" CreationCount="86"/></InteractionHistory>