<?xml version="1.0" encoding="UTF-8"?><InteractionHistory Id="local-44" Version="1"><InteractionEvent Delta="null" EndDate="2014-09-03 10:52:18.305 JST" Interest="1.0" Kind="selection" Navigation="null" OriginId="org.eclipse.jdt.ui.PackageExplorer" StartDate="2014-09-03 10:52:18.305 JST" StructureHandle="=IFM11/src&amp;lt;ifm11.items" StructureKind="java"/><InteractionEvent Delta="null" EndDate="2014-09-03 09:49:50.368 JST" Interest="216.0" Kind="propagation" Navigation="null" OriginId="org.eclipse.jdt.ui.CompilationUnitEditor" StartDate="2014-09-03 09:24:37.973 JST" StructureHandle="/IFM11/src/ifm11/main/ImageActv.java" StructureKind="resource" NumEvents="216" CreationCount="3"/><InteractionEvent Delta="null" EndDate="2014-09-03 09:47:35.868 JST" Interest="3.0" Kind="selection" Navigation="null" OriginId="org.eclipse.jdt.ui.CompilationUnitEditor" StartDate="2014-09-03 09:47:34.753 JST" StructureHandle="=IFM11/src&amp;lt;ifm11.tasks{Task_FTP.java[Task_FTP~_onPostExecute__Upload_DB~QInteger;" StructureKind="java" NumEvents="3" CreationCount="419"/><InteractionEvent Delta="null" EndDate="2014-09-03 09:48:40.624 JST" Interest="27.0" Kind="propagation" Navigation="null" OriginId="org.eclipse.jdt.ui.CompilationUnitEditor" StartDate="2014-09-03 09:33:25.634 JST" StructureHandle="/IFM11/src/ifm11/utils/CONS.java" StructureKind="resource" NumEvents="27" CreationCount="64"/><InteractionEvent Delta="null" EndDate="2014-09-03 09:24:39.838 JST" Interest="1.0" Kind="selection" Navigation="null" OriginId="org.eclipse.ui.views.ContentOutline" StartDate="2014-09-03 09:24:39.838 JST" StructureHandle="=IFM11/src&amp;lt;ifm11.main{ImageActv.java%ifm11.main" StructureKind="java"/><InteractionEvent Delta="null" EndDate="2014-09-03 09:48:40.274 JST" Interest="158.0" Kind="propagation" Navigation="null" OriginId="org.eclipse.jdt.ui.CompilationUnitEditor" StartDate="2014-09-03 09:38:13.857 JST" StructureHandle="/IFM11/src/ifm11/utils/DBUtils.java" StructureKind="resource" NumEvents="158" CreationCount="138"/><InteractionEvent Delta="null" EndDate="2014-09-03 09:48:40.624 JST" Interest="6.1" Kind="propagation" Navigation="org.eclipse.mylyn.core.model.edges.containment" OriginId="org.eclipse.mylyn.core.model.interest.propagation" StartDate="2014-09-03 09:40:52.633 JST" StructureHandle="=IFM11/src&amp;lt;ifm11.utils{CONS.java[CONS[DB" StructureKind="java" NumEvents="7" CreationCount="270"/><InteractionEvent Delta="null" EndDate="2014-09-03 09:47:33.85 JST" Interest="81.272" Kind="propagation" Navigation="org.eclipse.mylyn.core.model.edges.containment" OriginId="org.eclipse.mylyn.core.model.interest.propagation" StartDate="2014-09-03 09:38:14.589 JST" StructureHandle="=IFM11/src&amp;lt;ifm11.utils{DBUtils.java" StructureKind="java" NumEvents="115" CreationCount="138"/><InteractionEvent Delta="null" EndDate="2014-09-03 09:48:40.274 JST" Interest="5.0" Kind="selection" Navigation="null" OriginId="org.eclipse.jdt.ui.CompilationUnitEditor" StartDate="2014-09-03 09:38:13.856 JST" StructureHandle="=IFM11/src&amp;lt;ifm11.utils{DBUtils.java" StructureKind="java" NumEvents="5" CreationCount="138"/><InteractionEvent Delta="null" EndDate="2014-09-03 09:57:01.670 JST" Interest="5.1" Kind="propagation" Navigation="org.eclipse.mylyn.core.model.edges.containment" OriginId="org.eclipse.mylyn.core.model.interest.propagation" StartDate="2014-09-03 09:56:34.208 JST" StructureHandle="=IFM11/src&amp;lt;ifm11.utils{Methods.java[Methods" StructureKind="java" NumEvents="6" CreationCount="518"/><InteractionEvent Delta="null" EndDate="2014-09-03 09:49:50.369 JST" Interest="103.449" Kind="propagation" Navigation="org.eclipse.mylyn.core.model.edges.containment" OriginId="org.eclipse.mylyn.core.model.interest.propagation" StartDate="2014-09-03 09:24:37.974 JST" StructureHandle="=IFM11/src&amp;lt;ifm11.main" StructureKind="java" NumEvents="159" CreationCount="2"/><InteractionEvent Delta="null" EndDate="2014-09-03 09:24:36.710 JST" Interest="1.0" Kind="selection" Navigation="null" OriginId="org.eclipse.jdt.ui.PackageExplorer" StartDate="2014-09-03 09:24:36.710 JST" StructureHandle="=IFM11/src&amp;lt;ifm11.main" StructureKind="java"/><InteractionEvent Delta="null" EndDate="2014-09-03 09:48:40.624 JST" Interest="9.551001" Kind="propagation" Navigation="org.eclipse.mylyn.core.model.edges.containment" OriginId="org.eclipse.mylyn.core.model.interest.propagation" StartDate="2014-09-03 09:34:31.265 JST" StructureHandle="=IFM11/src&amp;lt;ifm11.utils{CONS.java[CONS" StructureKind="java" NumEvents="12" CreationCount="67"/><InteractionEvent Delta="null" EndDate="2014-09-03 10:52:18.175 JST" Interest="196.017" Kind="propagation" Navigation="null" OriginId="org.eclipse.jdt.ui.PackageExplorer" StartDate="2014-09-03 09:33:23.775 JST" StructureHandle="/IFM11/src/ifm11/utils" StructureKind="resource" NumEvents="197" CreationCount="63"/><InteractionEvent Delta="null" EndDate="2014-09-03 09:51:03.989 JST" Interest="2.0" Kind="propagation" Navigation="org.eclipse.mylyn.core.model.edges.containment" OriginId="org.eclipse.mylyn.core.model.interest.propagation" StartDate="2014-09-03 09:45:17.54 JST" StructureHandle="/IFM11/bin" StructureKind="resource" NumEvents="2" CreationCount="407"/><InteractionEvent Delta="null" EndDate="2014-09-03 09:33:22.981 JST" Interest="1.0" Kind="selection" Navigation="null" OriginId="org.eclipse.jdt.ui.PackageExplorer" StartDate="2014-09-03 09:33:22.981 JST" StructureHandle="=IFM11/src&amp;lt;ifm11.main{MainActv.java" StructureKind="java"/><InteractionEvent Delta="null" EndDate="2014-09-03 09:24:43.478 JST" Interest="3.0" Kind="selection" Navigation="null" OriginId="org.eclipse.jdt.ui.CompilationUnitEditor" StartDate="2014-09-03 09:24:42.431 JST" StructureHandle="=IFM11/src&amp;lt;ifm11.main{ImageActv.java[ImageActv~onDestroy" StructureKind="java" NumEvents="3" CreationCount="6"/><InteractionEvent Delta="null" EndDate="2014-09-03 09:48:40.992 JST" Interest="12.299999" Kind="propagation" Navigation="org.eclipse.mylyn.core.model.edges.containment" OriginId="org.eclipse.mylyn.core.model.interest.propagation" StartDate="2014-09-03 09:25:11.566 JST" StructureHandle="=IFM11/src&amp;lt;ifm11.main{TNActv.java[TNActv" StructureKind="java" NumEvents="15" CreationCount="20"/><InteractionEvent Delta="null" EndDate="2014-09-03 09:48:40.992 JST" Interest="26.0" Kind="propagation" Navigation="null" OriginId="org.eclipse.jdt.ui.CompilationUnitEditor" StartDate="2014-09-03 09:25:07.852 JST" StructureHandle="/IFM11/src/ifm11/main/TNActv.java" StructureKind="resource" NumEvents="26" CreationCount="17"/><InteractionEvent Delta="null" EndDate="2014-09-03 09:47:33.85 JST" Interest="78.855" Kind="propagation" Navigation="org.eclipse.mylyn.core.model.edges.containment" OriginId="org.eclipse.mylyn.core.model.interest.propagation" StartDate="2014-09-03 09:38:22.192 JST" StructureHandle="=IFM11/src&amp;lt;ifm11.utils{DBUtils.java[DBUtils" StructureKind="java" NumEvents="111" CreationCount="139"/><InteractionEvent Delta="null" EndDate="2014-09-03 09:39:15.312 JST" Interest="2.0" Kind="edit" Navigation="null" OriginId="org.eclipse.jdt.ui.CompilationUnitEditor" StartDate="2014-09-03 09:38:30.718 JST" StructureHandle="=IFM11/src&amp;lt;ifm11.utils{DBUtils.java[DBUtils" StructureKind="java" NumEvents="2" CreationCount="139"/><InteractionEvent Delta="null" EndDate="2014-09-03 09:39:15.307 JST" Interest="5.0" Kind="selection" Navigation="null" OriginId="org.eclipse.jdt.ui.CompilationUnitEditor" StartDate="2014-09-03 09:38:14.588 JST" StructureHandle="=IFM11/src&amp;lt;ifm11.utils{DBUtils.java[DBUtils" StructureKind="java" NumEvents="5" CreationCount="139"/><InteractionEvent Delta="null" EndDate="2014-09-03 09:47:26.845 JST" Interest="1.0" Kind="propagation" Navigation="null" OriginId="org.eclipse.jdt.ui.PackageExplorer" StartDate="2014-09-03 09:47:26.845 JST" StructureHandle="/IFM11/src/ifm11/listeners" StructureKind="resource"/><InteractionEvent Delta="null" EndDate="2014-09-03 10:52:52.646 JST" Interest="564.034" Kind="propagation" Navigation="org.eclipse.mylyn.core.model.edges.containment" OriginId="org.eclipse.mylyn.core.model.interest.propagation" StartDate="2014-09-03 09:24:15.843 JST" StructureHandle="=IFM11" StructureKind="resource" NumEvents="567" CreationCount="1"/><InteractionEvent Delta="null" EndDate="2014-09-03 10:52:52.644 JST" Interest="121.0" Kind="propagation" Navigation="null" OriginId="org.eclipse.jdt.ui.CompilationUnitEditor" StartDate="2014-09-03 09:47:31.465 JST" StructureHandle="/IFM11/src/ifm11/tasks/Task_FTP.java" StructureKind="resource" NumEvents="121" CreationCount="414"/><InteractionEvent Delta="null" EndDate="2014-09-03 10:52:52.644 JST" Interest="121.017" Kind="propagation" Navigation="org.eclipse.mylyn.core.model.edges.containment" OriginId="org.eclipse.mylyn.core.model.interest.propagation" StartDate="2014-09-03 09:47:30.9 JST" StructureHandle="/IFM11/src/ifm11/tasks" StructureKind="resource" NumEvents="122" CreationCount="413"/><InteractionEvent Delta="null" EndDate="2014-09-03 09:49:50.367 JST" Interest="134.0" Kind="edit" Navigation="null" OriginId="org.eclipse.jdt.ui.CompilationUnitEditor" StartDate="2014-09-03 09:35:54.380 JST" StructureHandle="=IFM11/src&amp;lt;ifm11.main{ImageActv.java[ImageActv~_Setup_Update_LastViewed" StructureKind="java" NumEvents="134" CreationCount="99"/><InteractionEvent Delta="null" EndDate="2014-09-03 09:49:40.630 JST" Interest="9.0" Kind="selection" Navigation="null" OriginId="org.eclipse.jdt.ui.CompilationUnitEditor" StartDate="2014-09-03 09:35:53.360 JST" StructureHandle="=IFM11/src&amp;lt;ifm11.main{ImageActv.java[ImageActv~_Setup_Update_LastViewed" StructureKind="java" NumEvents="9" CreationCount="99"/><InteractionEvent Delta="null" EndDate="2014-09-03 09:48:40.274 JST" Interest="86.547005" Kind="propagation" Navigation="org.eclipse.mylyn.core.model.edges.containment" OriginId="org.eclipse.mylyn.core.model.interest.propagation" StartDate="2014-09-03 09:33:25.634 JST" StructureHandle="=IFM11/src&amp;lt;ifm11.utils" StructureKind="java" NumEvents="126" CreationCount="63"/><InteractionEvent Delta="null" EndDate="2014-09-03 09:33:23.775 JST" Interest="1.0" Kind="selection" Navigation="null" OriginId="org.eclipse.jdt.ui.PackageExplorer" StartDate="2014-09-03 09:33:23.775 JST" StructureHandle="=IFM11/src&amp;lt;ifm11.utils" StructureKind="java"/><InteractionEvent Delta="null" EndDate="2014-09-03 09:35:40.198 JST" Interest="28.0" Kind="edit" Navigation="null" OriginId="org.eclipse.jdt.ui.CompilationUnitEditor" StartDate="2014-09-03 09:24:43.975 JST" StructureHandle="=IFM11/src&amp;lt;ifm11.main{ImageActv.java[ImageActv~_Setup_Initial" StructureKind="java" NumEvents="28" CreationCount="7"/><InteractionEvent Delta="null" EndDate="2014-09-03 09:35:02.108 JST" Interest="8.0" Kind="selection" Navigation="null" OriginId="org.eclipse.jdt.ui.CompilationUnitEditor" StartDate="2014-09-03 09:24:43.392 JST" StructureHandle="=IFM11/src&amp;lt;ifm11.main{ImageActv.java[ImageActv~_Setup_Initial" StructureKind="java" NumEvents="8" CreationCount="7"/><InteractionEvent Delta="null" EndDate="2014-09-03 10:52:52.646 JST" Interest="564.034" Kind="propagation" Navigation="org.eclipse.mylyn.core.model.edges.containment" OriginId="org.eclipse.mylyn.core.model.interest.propagation" StartDate="2014-09-03 09:24:15.843 JST" StructureHandle="/" StructureKind="resource" NumEvents="567" CreationCount="1"/><InteractionEvent Delta="null" EndDate="2014-09-03 09:41:18.190 JST" Interest="9.0" Kind="edit" Navigation="null" OriginId="org.eclipse.jdt.ui.CompilationUnitEditor" StartDate="2014-09-03 09:38:22.187 JST" StructureHandle="=IFM11/src&amp;lt;ifm11.utils{DBUtils.java[DBUtils~update_TI__All~QActivity;~QTI;" StructureKind="java" NumEvents="9" CreationCount="141"/><InteractionEvent Delta="null" EndDate="2014-09-03 09:41:18.185 JST" Interest="3.0" Kind="selection" Navigation="null" OriginId="org.eclipse.jdt.ui.CompilationUnitEditor" StartDate="2014-09-03 09:38:21.575 JST" StructureHandle="=IFM11/src&amp;lt;ifm11.utils{DBUtils.java[DBUtils~update_TI__All~QActivity;~QTI;" StructureKind="java" NumEvents="3" CreationCount="141"/><InteractionEvent Delta="null" EndDate="2014-09-03 09:25:09.559 JST" Interest="1.0" Kind="selection" Navigation="null" OriginId="org.eclipse.ui.views.ContentOutline" StartDate="2014-09-03 09:25:09.559 JST" StructureHandle="=IFM11/src&amp;lt;ifm11.main{TNActv.java%ifm11.main" StructureKind="java"/><InteractionEvent Delta="null" EndDate="2014-09-03 09:40:57.391 JST" Interest="3.0" Kind="edit" Navigation="null" OriginId="org.eclipse.jdt.ui.CompilationUnitEditor" StartDate="2014-09-03 09:40:54.544 JST" StructureHandle="=IFM11/src&amp;lt;ifm11.utils{CONS.java[CONS[DB^col_names_IFM11_full" StructureKind="java" NumEvents="3" CreationCount="270"/><InteractionEvent Delta="null" EndDate="2014-09-03 09:48:40.623 JST" Interest="4.0" Kind="selection" Navigation="null" OriginId="org.eclipse.jdt.ui.CompilationUnitEditor" StartDate="2014-09-03 09:40:52.633 JST" StructureHandle="=IFM11/src&amp;lt;ifm11.utils{CONS.java[CONS[DB^col_names_IFM11_full" StructureKind="java" NumEvents="4" CreationCount="270"/><InteractionEvent Delta="null" EndDate="2014-09-03 09:57:01.671 JST" Interest="1.4510002" Kind="propagation" Navigation="org.eclipse.mylyn.core.model.edges.containment" OriginId="org.eclipse.mylyn.core.model.interest.propagation" StartDate="2014-09-03 09:56:45.558 JST" StructureHandle="=IFM11/src&amp;lt;ifm11.utils{Methods.java" StructureKind="java" NumEvents="2" CreationCount="515"/><InteractionEvent Delta="null" EndDate="2014-09-03 09:56:30.556 JST" Interest="1.0" Kind="edit" Navigation="null" OriginId="org.eclipse.jdt.ui.CompilationUnitEditor" StartDate="2014-09-03 09:56:30.556 JST" StructureHandle="=IFM11/src&amp;lt;ifm11.utils{Methods.java" StructureKind="java"/><InteractionEvent Delta="null" EndDate="2014-09-03 10:52:18.174 JST" Interest="4.0" Kind="selection" Navigation="null" OriginId="org.eclipse.jdt.ui.PackageExplorer" StartDate="2014-09-03 09:56:30.199 JST" StructureHandle="=IFM11/src&amp;lt;ifm11.utils{Methods.java" StructureKind="java" NumEvents="4" CreationCount="515"/><InteractionEvent Delta="null" EndDate="2014-09-03 09:49:50.368 JST" Interest="92.432" Kind="propagation" Navigation="org.eclipse.mylyn.core.model.edges.containment" OriginId="org.eclipse.mylyn.core.model.interest.propagation" StartDate="2014-09-03 09:24:43.476 JST" StructureHandle="=IFM11/src&amp;lt;ifm11.main{ImageActv.java" StructureKind="java" NumEvents="138" CreationCount="3"/><InteractionEvent Delta="null" EndDate="2014-09-03 09:49:40.442 JST" Interest="12.0" Kind="selection" Navigation="null" OriginId="org.eclipse.jdt.ui.CompilationUnitEditor" StartDate="2014-09-03 09:24:37.973 JST" StructureHandle="=IFM11/src&amp;lt;ifm11.main{ImageActv.java" StructureKind="java" NumEvents="12" CreationCount="3"/><InteractionEvent Delta="null" EndDate="2014-09-03 09:41:02.443 JST" Interest="3.602" Kind="propagation" Navigation="org.eclipse.mylyn.core.model.edges.containment" OriginId="org.eclipse.mylyn.core.model.interest.propagation" StartDate="2014-09-03 09:34:31.871 JST" StructureHandle="=IFM11/src&amp;lt;ifm11.utils{CONS.java" StructureKind="java" NumEvents="7" CreationCount="64"/><InteractionEvent Delta="null" EndDate="2014-09-03 09:48:40.416 JST" Interest="9.0" Kind="selection" Navigation="null" OriginId="org.eclipse.jdt.ui.CompilationUnitEditor" StartDate="2014-09-03 09:33:25.633 JST" StructureHandle="=IFM11/src&amp;lt;ifm11.utils{CONS.java" StructureKind="java" NumEvents="9" CreationCount="64"/><InteractionEvent Delta="null" EndDate="2014-09-03 09:58:07.865 JST" Interest="8.0" Kind="edit" Navigation="null" OriginId="org.eclipse.jdt.ui.CompilationUnitEditor" StartDate="2014-09-03 09:56:56.288 JST" StructureHandle="=IFM11/src&amp;lt;ifm11.tasks{Task_FTP.java[Task_FTP~doInBackground~\[QString;" StructureKind="java" NumEvents="8" CreationCount="525"/><InteractionEvent Delta="null" EndDate="2014-09-03 09:57:05.618 JST" Interest="3.0" Kind="selection" Navigation="null" OriginId="org.eclipse.jdt.ui.CompilationUnitEditor" StartDate="2014-09-03 09:56:55.350 JST" StructureHandle="=IFM11/src&amp;lt;ifm11.tasks{Task_FTP.java[Task_FTP~doInBackground~\[QString;" StructureKind="java" NumEvents="3" CreationCount="525"/><InteractionEvent Delta="null" EndDate="2014-09-03 10:52:52.644 JST" Interest="56.302" Kind="propagation" Navigation="org.eclipse.mylyn.core.model.edges.containment" OriginId="org.eclipse.mylyn.core.model.interest.propagation" StartDate="2014-09-03 09:47:36.366 JST" StructureHandle="=IFM11/src&amp;lt;ifm11.tasks{Task_FTP.java" StructureKind="java" NumEvents="81" CreationCount="414"/><InteractionEvent Delta="null" EndDate="2014-09-03 09:47:32.214 JST" Interest="2.0" Kind="edit" Navigation="null" OriginId="org.eclipse.jdt.ui.CompilationUnitEditor" StartDate="2014-09-03 09:47:31.824 JST" StructureHandle="=IFM11/src&amp;lt;ifm11.tasks{Task_FTP.java" StructureKind="java" NumEvents="2" CreationCount="414"/><InteractionEvent Delta="null" EndDate="2014-09-03 09:57:04.798 JST" Interest="9.0" Kind="selection" Navigation="null" OriginId="org.eclipse.jdt.ui.CompilationUnitEditor" StartDate="2014-09-03 09:47:31.464 JST" StructureHandle="=IFM11/src&amp;lt;ifm11.tasks{Task_FTP.java" StructureKind="java" NumEvents="9" CreationCount="414"/><InteractionEvent Delta="null" EndDate="2014-09-03 09:34:29.552 JST" Interest="1.0" Kind="selection" Navigation="null" OriginId="org.eclipse.ui.views.ContentOutline" StartDate="2014-09-03 09:34:29.552 JST" StructureHandle="=IFM11/src&amp;lt;ifm11.utils{CONS.java%ifm11.utils" StructureKind="java"/><InteractionEvent Delta="null" EndDate="2014-09-03 09:25:33.906 JST" Interest="5.351" Kind="propagation" Navigation="org.eclipse.mylyn.core.model.edges.containment" OriginId="org.eclipse.mylyn.core.model.interest.propagation" StartDate="2014-09-03 09:25:12.196 JST" StructureHandle="=IFM11/src&amp;lt;ifm11.main{TNActv.java" StructureKind="java" NumEvents="8" CreationCount="17"/><InteractionEvent Delta="null" EndDate="2014-09-03 09:48:40.784 JST" Interest="10.0" Kind="selection" Navigation="null" OriginId="org.eclipse.jdt.ui.CompilationUnitEditor" StartDate="2014-09-03 09:25:07.851 JST" StructureHandle="=IFM11/src&amp;lt;ifm11.main{TNActv.java" StructureKind="java" NumEvents="10" CreationCount="17"/><InteractionEvent Delta="null" EndDate="2014-09-03 09:51:03.988 JST" Interest="2.0" Kind="prediction" Navigation="null" OriginId="org.eclipse.mylyn.resources.ui.interest.updater" StartDate="2014-09-03 09:45:17.54 JST" StructureHandle="/IFM11/bin/IFM11.apk" StructureKind="resource" NumEvents="2" CreationCount="407"/><InteractionEvent Delta="null" EndDate="2014-09-03 09:35:51.935 JST" Interest="14.0" Kind="edit" Navigation="null" OriginId="org.eclipse.jdt.ui.CompilationUnitEditor" StartDate="2014-09-03 09:32:48.469 JST" StructureHandle="=IFM11/src&amp;lt;ifm11.main{ImageActv.java[ImageActv~onStart" StructureKind="java" NumEvents="14" CreationCount="45"/><InteractionEvent Delta="null" EndDate="2014-09-03 09:35:48.524 JST" Interest="2.0" Kind="selection" Navigation="null" OriginId="org.eclipse.jdt.ui.CompilationUnitEditor" StartDate="2014-09-03 09:32:47.916 JST" StructureHandle="=IFM11/src&amp;lt;ifm11.main{ImageActv.java[ImageActv~onStart" StructureKind="java" NumEvents="2" CreationCount="45"/><InteractionEvent Delta="null" EndDate="2014-09-03 09:51:03.989 JST" Interest="2.0" Kind="prediction" Navigation="null" OriginId="org.eclipse.mylyn.resources.ui.interest.updater" StartDate="2014-09-03 09:45:17.54 JST" StructureHandle="/IFM11/bin/classes.dex" StructureKind="resource" NumEvents="2" CreationCount="407"/><InteractionEvent Delta="null" EndDate="2014-09-03 10:52:18.306 JST" Interest="1.0" Kind="propagation" Navigation="null" OriginId="org.eclipse.jdt.ui.PackageExplorer" StartDate="2014-09-03 10:52:18.306 JST" StructureHandle="/IFM11/src/ifm11/items" StructureKind="resource"/><InteractionEvent Delta="null" EndDate="2014-09-03 09:49:50.367 JST" Interest="102.381" Kind="propagation" Navigation="org.eclipse.mylyn.core.model.edges.containment" OriginId="org.eclipse.mylyn.core.model.interest.propagation" StartDate="2014-09-03 09:24:42.433 JST" StructureHandle="=IFM11/src&amp;lt;ifm11.main{ImageActv.java[ImageActv" StructureKind="java" NumEvents="143" CreationCount="6"/><InteractionEvent Delta="null" EndDate="2014-09-03 09:32:43.136 JST" Interest="2.0" Kind="selection" Navigation="null" OriginId="org.eclipse.ui.views.ContentOutline" StartDate="2014-09-03 09:32:39.344 JST" StructureHandle="=IFM11/src&amp;lt;ifm11.main{ImageActv.java[ImageActv" StructureKind="java" NumEvents="2" CreationCount="6"/><InteractionEvent Delta="null" EndDate="2014-09-03 09:43:16.406 JST" Interest="110.0" Kind="edit" Navigation="null" OriginId="org.eclipse.jdt.ui.CompilationUnitEditor" StartDate="2014-09-03 09:38:34.582 JST" StructureHandle="=IFM11/src&amp;lt;ifm11.utils{DBUtils.java[DBUtils~update_TI~QActivity;~QTI;~QString;~QString;" StructureKind="java" NumEvents="110" CreationCount="154"/><InteractionEvent Delta="null" EndDate="2014-09-03 09:47:33.84 JST" Interest="8.0" Kind="selection" Navigation="null" OriginId="org.eclipse.ui.views.ContentOutline" StartDate="2014-09-03 09:38:34.574 JST" StructureHandle="=IFM11/src&amp;lt;ifm11.utils{DBUtils.java[DBUtils~update_TI~QActivity;~QTI;~QString;~QString;" StructureKind="java" NumEvents="8" CreationCount="154"/><InteractionEvent Delta="null" EndDate="2014-09-03 09:47:27.508 JST" Interest="1.0" Kind="selection" Navigation="null" OriginId="org.eclipse.jdt.ui.PackageExplorer" StartDate="2014-09-03 09:47:27.508 JST" StructureHandle="=IFM11/src&amp;lt;ifm11.adapters" StructureKind="java"/><InteractionEvent Delta="null" EndDate="2014-09-03 09:47:27.508 JST" Interest="1.0" Kind="propagation" Navigation="null" OriginId="org.eclipse.jdt.ui.PackageExplorer" StartDate="2014-09-03 09:47:27.508 JST" StructureHandle="/IFM11/src/ifm11/adapters" StructureKind="resource"/><InteractionEvent Delta="null" EndDate="2014-09-03 09:47:26.845 JST" Interest="1.0" Kind="selection" Navigation="null" OriginId="org.eclipse.jdt.ui.PackageExplorer" StartDate="2014-09-03 09:47:26.845 JST" StructureHandle="=IFM11/src&amp;lt;ifm11.listeners" StructureKind="java"/><InteractionEvent Delta="null" EndDate="2014-09-03 09:34:35.993 JST" Interest="1.0" Kind="edit" Navigation="null" OriginId="org.eclipse.jdt.ui.CompilationUnitEditor" StartDate="2014-09-03 09:34:35.993 JST" StructureHandle="=IFM11/src&amp;lt;ifm11.utils{CONS.java[CONS[IMageActv^adapter" StructureKind="java"/><InteractionEvent Delta="null" EndDate="2014-09-03 09:34:32.556 JST" Interest="1.0" Kind="selection" Navigation="null" OriginId="org.eclipse.jdt.ui.CompilationUnitEditor" StartDate="2014-09-03 09:34:32.556 JST" StructureHandle="=IFM11/src&amp;lt;ifm11.utils{CONS.java[CONS[IMageActv^adapter" StructureKind="java"/><InteractionEvent Delta="null" EndDate="2014-09-03 10:52:52.644 JST" Interest="66.617" Kind="propagation" Navigation="org.eclipse.mylyn.core.model.edges.containment" OriginId="org.eclipse.mylyn.core.model.interest.propagation" StartDate="2014-09-03 09:47:34.753 JST" StructureHandle="=IFM11/src&amp;lt;ifm11.tasks{Task_FTP.java[Task_FTP" StructureKind="java" NumEvents="92" CreationCount="419"/><InteractionEvent Delta="null" EndDate="2014-09-03 09:49:50.369 JST" Interest="243.017" Kind="propagation" Navigation="null" OriginId="org.eclipse.jdt.ui.CompilationUnitEditor" StartDate="2014-09-03 09:24:36.710 JST" StructureHandle="/IFM11/src/ifm11/main" StructureKind="resource" NumEvents="244" CreationCount="2"/><InteractionEvent Delta="null" EndDate="2014-09-03 09:57:01.670 JST" Interest="3.0" Kind="edit" Navigation="null" OriginId="org.eclipse.jdt.ui.CompilationUnitEditor" StartDate="2014-09-03 09:56:38.975 JST" StructureHandle="=IFM11/src&amp;lt;ifm11.utils{Methods.java[Methods~ftp_Image_to_Remote~QActivity;~QTI;" StructureKind="java" NumEvents="3" CreationCount="518"/><InteractionEvent Delta="null" EndDate="2014-09-03 09:56:59.907 JST" Interest="3.0" Kind="selection" Navigation="null" OriginId="org.eclipse.jdt.ui.CompilationUnitEditor" StartDate="2014-09-03 09:56:34.207 JST" StructureHandle="=IFM11/src&amp;lt;ifm11.utils{Methods.java[Methods~ftp_Image_to_Remote~QActivity;~QTI;" StructureKind="java" NumEvents="3" CreationCount="518"/><InteractionEvent Delta="null" EndDate="2014-09-03 09:39:13.470 JST" Interest="11.0" Kind="edit" Navigation="null" OriginId="org.eclipse.jdt.ui.CompilationUnitEditor" StartDate="2014-09-03 09:39:03.999 JST" StructureHandle="=IFM11/src&amp;lt;ifm11.utils{DBUtils.java[DBUtils~_update_TI__Get_ContentValues_All~QActivity;~QTI;" StructureKind="java" NumEvents="11" CreationCount="174"/><InteractionEvent Delta="null" EndDate="2014-09-03 09:39:03.987 JST" Interest="1.0" Kind="selection" Navigation="null" OriginId="org.eclipse.jdt.ui.CompilationUnitEditor" StartDate="2014-09-03 09:39:03.987 JST" StructureHandle="=IFM11/src&amp;lt;ifm11.utils{DBUtils.java[DBUtils~_update_TI__Get_ContentValues_All~QActivity;~QTI;" StructureKind="java"/><InteractionEvent Delta="null" EndDate="2014-09-03 09:34:40.410 JST" Interest="4.0" Kind="edit" Navigation="null" OriginId="org.eclipse.jdt.ui.CompilationUnitEditor" StartDate="2014-09-03 09:34:31.851 JST" StructureHandle="=IFM11/src&amp;lt;ifm11.utils{CONS.java[CONS[IMageActv" StructureKind="java" NumEvents="4" CreationCount="67"/><InteractionEvent Delta="null" EndDate="2014-09-03 09:34:37.371 JST" Interest="2.0" Kind="selection" Navigation="null" OriginId="org.eclipse.jdt.ui.CompilationUnitEditor" StartDate="2014-09-03 09:34:31.264 JST" StructureHandle="=IFM11/src&amp;lt;ifm11.utils{CONS.java[CONS[IMageActv" StructureKind="java" NumEvents="2" CreationCount="67"/><InteractionEvent Delta="null" EndDate="2014-09-03 09:58:09.254 JST" Interest="4.0" Kind="edit" Navigation="null" OriginId="org.eclipse.jdt.ui.CompilationUnitEditor" StartDate="2014-09-03 09:58:08.634 JST" StructureHandle="=IFM11/src&amp;lt;ifm11.tasks{Task_FTP.java[Task_FTP~onPostExecute~QInteger;" StructureKind="java" NumEvents="4" CreationCount="541"/><InteractionEvent Delta="null" EndDate="2014-09-03 09:58:07.886 JST" Interest="2.0" Kind="selection" Navigation="null" OriginId="org.eclipse.jdt.ui.CompilationUnitEditor" StartDate="2014-09-03 09:58:07.884 JST" StructureHandle="=IFM11/src&amp;lt;ifm11.tasks{Task_FTP.java[Task_FTP~onPostExecute~QInteger;" StructureKind="java" NumEvents="2" CreationCount="541"/><InteractionEvent Delta="null" EndDate="2014-09-03 09:25:33.904 JST" Interest="9.0" Kind="edit" Navigation="null" OriginId="org.eclipse.jdt.ui.CompilationUnitEditor" StartDate="2014-09-03 09:25:11.719 JST" StructureHandle="=IFM11/src&amp;lt;ifm11.main{TNActv.java[TNActv~onListItemClick~QListView;~QView;~I~J" StructureKind="java" NumEvents="9" CreationCount="20"/><InteractionEvent Delta="null" EndDate="2014-09-03 09:48:40.991 JST" Interest="6.0" Kind="selection" Navigation="null" OriginId="org.eclipse.jdt.ui.CompilationUnitEditor" StartDate="2014-09-03 09:25:11.565 JST" StructureHandle="=IFM11/src&amp;lt;ifm11.main{TNActv.java[TNActv~onListItemClick~QListView;~QView;~I~J" StructureKind="java" NumEvents="6" CreationCount="20"/><InteractionEvent Delta="null" EndDate="2014-09-03 09:33:22.981 JST" Interest="1.0" Kind="propagation" Navigation="null" OriginId="org.eclipse.jdt.ui.PackageExplorer" StartDate="2014-09-03 09:33:22.981 JST" StructureHandle="/IFM11/src/ifm11/main/MainActv.java" StructureKind="resource"/><InteractionEvent Delta="null" EndDate="2014-09-03 09:25:45.157 JST" Interest="3.0" Kind="selection" Navigation="null" OriginId="org.eclipse.jdt.ui.CompilationUnitEditor" StartDate="2014-09-03 09:24:58.282 JST" StructureHandle="=IFM11/src&amp;lt;ifm11.main{ImageActv.java[ImageActv~set_image~QString;" StructureKind="java" NumEvents="3" CreationCount="14"/><InteractionEvent Delta="null" EndDate="2014-09-03 09:40:52.21 JST" Interest="2.2810001" Kind="manipulation" Navigation="null" OriginId="org.eclipse.mylyn.core.model.interest.decay.correction" StartDate="2014-09-03 09:40:52.21 JST" StructureHandle="=IFM11/src&amp;lt;ifm11.utils{CONS.java[CONS[IMageActv^ti" StructureKind="java"/><InteractionEvent Delta="null" EndDate="2014-09-03 09:40:52.21 JST" Interest="2.0" Kind="selection" Navigation="null" OriginId="org.eclipse.jdt.ui.CompilationUnitEditor" StartDate="2014-09-03 09:34:45.277 JST" StructureHandle="=IFM11/src&amp;lt;ifm11.utils{CONS.java[CONS[IMageActv^ti" StructureKind="java" NumEvents="2" CreationCount="75"/><InteractionEvent Delta="null" EndDate="2014-09-03 10:52:52.646 JST" Interest="564.034" Kind="propagation" Navigation="null" OriginId="org.eclipse.jdt.ui.CompilationUnitEditor" StartDate="2014-09-03 09:24:15.842 JST" StructureHandle="/IFM11/src" StructureKind="resource" NumEvents="567" CreationCount="1"/><InteractionEvent Delta="null" EndDate="2014-09-03 10:52:52.645 JST" Interest="65.718994" Kind="propagation" Navigation="org.eclipse.mylyn.core.model.edges.containment" OriginId="org.eclipse.mylyn.core.model.interest.propagation" StartDate="2014-09-03 09:47:31.466 JST" StructureHandle="=IFM11/src&amp;lt;ifm11.tasks" StructureKind="java" NumEvents="94" CreationCount="413"/><InteractionEvent Delta="null" EndDate="2014-09-03 09:47:30.8 JST" Interest="1.0" Kind="selection" Navigation="null" OriginId="org.eclipse.jdt.ui.PackageExplorer" StartDate="2014-09-03 09:47:30.8 JST" StructureHandle="=IFM11/src&amp;lt;ifm11.tasks" StructureKind="java"/><InteractionEvent Delta="null" EndDate="2014-09-03 09:49:50.369 JST" Interest="243.017" Kind="propagation" Navigation="org.eclipse.mylyn.core.model.edges.containment" OriginId="org.eclipse.mylyn.core.model.interest.propagation" StartDate="2014-09-03 09:24:36.710 JST" StructureHandle="/IFM11/src/ifm11" StructureKind="resource" NumEvents="246" CreationCount="2"/><InteractionEvent Delta="null" EndDate="2014-09-03 10:52:18.174 JST" Interest="11.0" Kind="propagation" Navigation="null" OriginId="org.eclipse.jdt.ui.PackageExplorer" StartDate="2014-09-03 09:56:30.200 JST" StructureHandle="/IFM11/src/ifm11/utils/Methods.java" StructureKind="resource" NumEvents="11" CreationCount="515"/><InteractionEvent Delta="null" EndDate="2014-09-03 09:49:50.369 JST" Interest="103.465996" Kind="propagation" Navigation="org.eclipse.mylyn.core.model.edges.containment" OriginId="org.eclipse.mylyn.core.model.interest.propagation" StartDate="2014-09-03 09:24:36.711 JST" StructureHandle="=IFM11/src" StructureKind="java" NumEvents="160" CreationCount="1"/><InteractionEvent Delta="null" EndDate="2014-09-03 09:24:15.842 JST" Interest="1.0" Kind="selection" Navigation="null" OriginId="org.eclipse.jdt.ui.PackageExplorer" StartDate="2014-09-03 09:24:15.842 JST" StructureHandle="=IFM11/src" StructureKind="java"/><InteractionEvent Delta="null" EndDate="2014-09-03 10:52:01.898 JST" Interest="78.0" Kind="edit" Navigation="null" OriginId="org.eclipse.jdt.ui.CompilationUnitEditor" StartDate="2014-09-03 09:47:36.363 JST" StructureHandle="=IFM11/src&amp;lt;ifm11.tasks{Task_FTP.java[Task_FTP~_onPostExecute__Upload_Image~QInteger;" StructureKind="java" NumEvents="78" CreationCount="420"/><InteractionEvent Delta="null" EndDate="2014-09-03 10:52:52.643 JST" Interest="12.0" Kind="selection" Navigation="null" OriginId="org.eclipse.jdt.ui.CompilationUnitEditor" StartDate="2014-09-03 09:47:35.762 JST" StructureHandle="=IFM11/src&amp;lt;ifm11.tasks{Task_FTP.java[Task_FTP~_onPostExecute__Upload_Image~QInteger;" StructureKind="java" NumEvents="12" CreationCount="420"/></InteractionHistory>