<?xml version="1.0" encoding="UTF-8" standalone="no"?><TaskList Version="2.0"><Task Active="false" ConnectorKind="local" CreationDate="2014-09-15 15:37:24.995 +0900" DueDate="" EndDate="2014-09-16 12:12:49.70 +0900" Estimated="0" Handle="local-71" IssueURL="" Kind="task" Label="D-3_tabs_v-1.5_import-data" LastModified="now" MarkReadPending="false" ModificationDate="" Notes="" NotifiedIncoming="true" Owner="local" Priority="P3" Reminded="false" RepositoryUrl="local" ScheduledEndDate="2014-09-20 23:59:59.999 +0900" ScheduledStartDate="2014-09-14 00:00:00.0 +0900" Stale="false" TaskId="71" offlineSyncState="SYNCHRONIZED"/><Task Active="false" ConnectorKind="local" CreationDate="2014-08-21 20:05:59.571 +0900" DueDate="" EndDate="2014-08-23 10:15:01.859 +0900" Estimated="0" Handle="local-6" IssueURL="" Kind="task" Label="D-3_setup_MemoActv_import-patterns_v-2.2_create-table" LastModified="now" MarkReadPending="false" ModificationDate="" Notes="" NotifiedIncoming="true" Owner="local" Priority="P3" Reminded="false" RepositoryUrl="local" ScheduledEndDate="2014-08-23 23:59:59.999 +0900" ScheduledStartDate="2014-08-17 00:00:00.0 +0900" Stale="false" TaskId="6" offlineSyncState="SYNCHRONIZED"/><Task Active="false" ConnectorKind="local" CreationDate="2014-08-23 22:16:49.518 +0900" DueDate="" EndDate="2014-08-24 21:50:18.412 +0900" Estimated="0" Handle="local-19" IssueURL="" Kind="task" Label="D-4_ShowListActv_v-1.0" LastModified="now" MarkReadPending="false" ModificationDate="" Notes="" NotifiedIncoming="true" Owner="local" Priority="P3" Reminded="false" RepositoryUrl="local" ScheduledEndDate="2014-08-23 23:59:59.999 +0900" ScheduledStartDate="2014-08-17 00:00:00.0 +0900" Stale="false" TaskId="19" offlineSyncState="SYNCHRONIZED"/><Task Active="false" ConnectorKind="local" CreationDate="2014-08-23 21:16:31.188 +0900" DueDate="" EndDate="2014-08-23 21:36:16.655 +0900" Estimated="0" Handle="local-16" IssueURL="" Kind="task" Label="D-3_setup_MemoActv_v-6.1_create/drop-table" LastModified="now" MarkReadPending="false" ModificationDate="" Notes="" NotifiedIncoming="true" Owner="local" Priority="P3" Reminded="false" RepositoryUrl="local" ScheduledEndDate="2014-08-23 23:59:59.999 +0900" ScheduledStartDate="2014-08-17 00:00:00.0 +0900" Stale="false" TaskId="16" offlineSyncState="SYNCHRONIZED"/><Task Active="false" ConnectorKind="local" CreationDate="2014-09-14 13:02:39.527 +0900" DueDate="" EndDate="2014-09-26 14:20:55.969 +0900" Estimated="0" Handle="local-67" IssueURL="" Kind="task" Label="D-22_memo-dialog_listviews_v-1.0.1_set-listener" LastModified="now" MarkReadPending="false" ModificationDate="" Notes="" NotifiedIncoming="true" Owner="local" Priority="P3" Reminded="false" RepositoryUrl="local" ScheduledEndDate="2014-09-20 23:59:59.999 +0900" ScheduledStartDate="2014-09-14 00:00:00.0 +0900" Stale="false" TaskId="67" offlineSyncState="SYNCHRONIZED"/><Task Active="false" ConnectorKind="local" CreationDate="2014-09-09 08:09:12.445 +0900" DueDate="" EndDate="2014-09-12 11:07:01.341 +0900" Estimated="0" Handle="local-58" IssueURL="" Kind="task" Label="D-12_upload-db_v-1.0" LastModified="now" MarkReadPending="false" ModificationDate="" Notes="" NotifiedIncoming="true" Owner="local" Priority="P3" Reminded="false" RepositoryUrl="local" ScheduledEndDate="2014-09-13 23:59:59.999 +0900" ScheduledStartDate="2014-09-07 00:00:00.0 +0900" Stale="false" TaskId="58" offlineSyncState="SYNCHRONIZED"/><Task Active="false" ConnectorKind="local" CreationDate="2014-08-23 10:44:07.496 +0900" DueDate="" EndDate="2014-08-23 21:03:51.813 +0900" Estimated="0" Handle="local-11" IssueURL="" Kind="task" Label="D-3_setup_MemoActv_v-4.0_build-list" LastModified="now" MarkReadPending="false" ModificationDate="" Notes="" NotifiedIncoming="true" Owner="local" Priority="P3" Reminded="false" RepositoryUrl="local" ScheduledEndDate="2014-08-23 23:59:59.999 +0900" ScheduledStartDate="2014-08-17 00:00:00.0 +0900" Stale="false" TaskId="11" offlineSyncState="SYNCHRONIZED"/><Task Active="false" ConnectorKind="local" CreationDate="2014-08-28 23:21:59.305 +0900" DueDate="" EndDate="" Estimated="0" Handle="local-32" IssueURL="" Kind="task" Label="D-29_LAB_wave_v-1.0" LastModified="now" MarkReadPending="false" ModificationDate="" Notes="" NotifiedIncoming="true" Owner="local" Priority="P3" Reminded="false" RepositoryUrl="local" ScheduledEndDate="2014-08-30 23:59:59.999 +0900" ScheduledStartDate="2014-08-24 00:00:00.0 +0900" Stale="false" TaskId="32" offlineSyncState="SYNCHRONIZED"/><Task Active="false" ConnectorKind="local" CreationDate="2014-08-30 15:11:50.955 +0900" DueDate="" EndDate="2014-08-30 18:38:29.560 +0900" Estimated="0" Handle="local-35" IssueURL="" Kind="task" Label="D-20_move-files_v-6.2_show-dialog" LastModified="now" MarkReadPending="false" ModificationDate="" Notes="" NotifiedIncoming="true" Owner="local" Priority="P3" Reminded="false" RepositoryUrl="local" ScheduledEndDate="2014-08-30 23:59:59.999 +0900" ScheduledStartDate="2014-08-24 00:00:00.0 +0900" Stale="false" TaskId="35" offlineSyncState="SYNCHRONIZED"/><Task Active="false" ConnectorKind="local" CreationDate="2014-09-27 10:25:21.386 +0900" DueDate="" EndDate="2014-09-27 16:45:57.993 +0900" Estimated="0" Handle="local-107" IssueURL="" Kind="task" Label="D-29_LAB_wave_v-2.0_draw-lines" LastModified="now" MarkReadPending="false" ModificationDate="" Notes="" NotifiedIncoming="true" Owner="local" Priority="P3" Reminded="false" RepositoryUrl="local" ScheduledEndDate="2014-09-27 23:59:59.999 +0900" ScheduledStartDate="2014-09-21 00:00:00.0 +0900" Stale="false" TaskId="107" offlineSyncState="SYNCHRONIZED"/><Task Active="false" ConnectorKind="local" CreationDate="2014-08-28 21:15:28.126 +0900" DueDate="" EndDate="2014-08-29 08:09:42.118 +0900" Estimated="0" Handle="local-31" IssueURL="" Kind="task" Label="D-27_admin-patterns_v-2.1_register-pattern" LastModified="now" MarkReadPending="false" ModificationDate="" Notes="" NotifiedIncoming="true" Owner="local" Priority="P3" Reminded="false" RepositoryUrl="local" ScheduledEndDate="2014-08-30 23:59:59.999 +0900" ScheduledStartDate="2014-08-24 00:00:00.0 +0900" Stale="false" TaskId="31" offlineSyncState="SYNCHRONIZED"/><Task Active="false" ConnectorKind="local" CreationDate="2014-08-24 09:35:00.911 +0900" DueDate="" EndDate="2014-08-24 21:50:18.412 +0900" Estimated="0" Handle="local-20" IssueURL="" Kind="task" Label="D-4_ShowListActv_v-2.0_build-memo-list" LastModified="now" MarkReadPending="false" ModificationDate="" Notes="" NotifiedIncoming="true" Owner="local" Priority="P3" Reminded="false" RepositoryUrl="local" ScheduledEndDate="2014-08-30 23:59:59.999 +0900" ScheduledStartDate="2014-08-24 00:00:00.0 +0900" Stale="false" TaskId="20" offlineSyncState="SYNCHRONIZED"/><Task Active="false" ConnectorKind="local" CreationDate="2014-09-18 13:43:11.132 +0900" DueDate="" EndDate="2014-09-18 21:56:33.553 +0900" Estimated="0" Handle="local-87" IssueURL="" Kind="task" Label="D-6_delete-tobuy-list_v-1.0" LastModified="now" MarkReadPending="false" ModificationDate="" Notes="" NotifiedIncoming="true" Owner="local" Priority="P3" Reminded="false" RepositoryUrl="local" ScheduledEndDate="2014-09-20 23:59:59.999 +0900" ScheduledStartDate="2014-09-14 00:00:00.0 +0900" Stale="false" TaskId="87" offlineSyncState="SYNCHRONIZED"/><Task Active="true" ConnectorKind="local" CreationDate="2014-09-28 10:03:07.263 +0900" DueDate="" EndDate="" Estimated="0" Handle="local-112" Kind="task" Label="D-24_auto-backup_v-1.2_save-date" LastModified="now" MarkReadPending="false" ModificationDate="" Notes="" NotifiedIncoming="true" Owner="local" Priority="P3" Reminded="false" RepositoryUrl="local" ScheduledEndDate="2014-10-04 23:59:59.999 +0900" ScheduledStartDate="2014-09-28 00:00:00.0 +0900" Stale="false" TaskId="112" offlineSyncState="SYNCHRONIZED"/><Task Active="false" ConnectorKind="local" CreationDate="2014-08-23 20:47:58.364 +0900" DueDate="" EndDate="2014-08-23 21:03:51.813 +0900" Estimated="0" Handle="local-14" IssueURL="" Kind="task" Label="D-3_setup_MemoActv_v-5.2_all-clear" LastModified="now" MarkReadPending="false" ModificationDate="" Notes="" NotifiedIncoming="true" Owner="local" Priority="P3" Reminded="false" RepositoryUrl="local" ScheduledEndDate="2014-08-23 23:59:59.999 +0900" ScheduledStartDate="2014-08-17 00:00:00.0 +0900" Stale="false" TaskId="14" offlineSyncState="SYNCHRONIZED"/><Task Active="false" ConnectorKind="local" CreationDate="2014-09-03 17:05:55.622 +0900" DueDate="" EndDate="2014-09-08 21:12:22.88 +0900" Estimated="0" Handle="local-51" IssueURL="" Kind="task" Label="D-9_memo-list-size_v-3.2a_no-selection" LastModified="now" MarkReadPending="false" ModificationDate="" Notes="" NotifiedIncoming="true" Owner="local" Priority="P3" Reminded="false" RepositoryUrl="local" ScheduledEndDate="2014-09-06 23:59:59.999 +0900" ScheduledStartDate="2014-08-31 00:00:00.0 +0900" Stale="false" TaskId="51" offlineSyncState="SYNCHRONIZED"/><Task Active="false" ConnectorKind="local" CreationDate="2014-09-15 19:03:03.603 +0900" DueDate="" EndDate="2014-09-16 12:12:49.71 +0900" Estimated="0" Handle="local-72" IssueURL="" Kind="task" Label="D-3_tabs_v-1.5.2_build-SI-list" LastModified="now" MarkReadPending="false" ModificationDate="" Notes="" NotifiedIncoming="true" Owner="local" Priority="P3" Reminded="false" RepositoryUrl="local" ScheduledEndDate="2014-09-20 23:59:59.999 +0900" ScheduledStartDate="2014-09-14 00:00:00.0 +0900" Stale="false" TaskId="72" offlineSyncState="SYNCHRONIZED"/><Task Active="false" ConnectorKind="local" CreationDate="2014-09-18 22:03:32.27 +0900" DueDate="" EndDate="2014-09-23 16:43:28.552 +0900" Estimated="0" Handle="local-90" IssueURL="" Kind="task" Label="D-3_FIX_TabActv_duplicate-tabs_v-3.0" LastModified="now" MarkReadPending="false" ModificationDate="" Notes="" NotifiedIncoming="true" Owner="local" Priority="P3" Reminded="false" RepositoryUrl="local" ScheduledEndDate="2014-09-20 23:59:59.999 +0900" ScheduledStartDate="2014-09-14 00:00:00.0 +0900" Stale="false" TaskId="90" offlineSyncState="SYNCHRONIZED"/><Task Active="false" ConnectorKind="local" CreationDate="2014-08-22 10:05:55.782 +0900" DueDate="" EndDate="2014-08-23 10:15:01.859 +0900" Estimated="0" Handle="local-7" IssueURL="" Kind="task" Label="D-3/SEG-1_BGM_v-1.0" LastModified="now" MarkReadPending="false" ModificationDate="" Notes="" NotifiedIncoming="true" Owner="local" Priority="P3" Reminded="false" RepositoryUrl="local" ScheduledEndDate="2014-08-23 23:59:59.999 +0900" ScheduledStartDate="2014-08-17 00:00:00.0 +0900" Stale="false" TaskId="7" offlineSyncState="SYNCHRONIZED"/><Task Active="false" ConnectorKind="local" CreationDate="2014-09-18 10:26:12.350 +0900" DueDate="" EndDate="2014-09-18 21:56:33.552 +0900" Estimated="0" Handle="local-86" IssueURL="" Kind="task" Label="D-5_load-tobuy-list_v-1.0" LastModified="now" MarkReadPending="false" ModificationDate="" Notes="" NotifiedIncoming="true" Owner="local" Priority="P3" Reminded="false" RepositoryUrl="local" ScheduledEndDate="2014-09-20 23:59:59.999 +0900" ScheduledStartDate="2014-09-14 00:00:00.0 +0900" Stale="false" TaskId="86" offlineSyncState="SYNCHRONIZED"/><Task Active="false" ConnectorKind="local" CreationDate="2014-09-09 08:03:32.173 +0900" DueDate="" EndDate="2014-09-16 12:12:49.70 +0900" Estimated="0" Handle="local-57" IssueURL="" Kind="task" Label="D-3_tabs_v-1.1b" LastModified="now" MarkReadPending="false" ModificationDate="" Notes="" NotifiedIncoming="true" Owner="local" Priority="P3" Reminded="false" RepositoryUrl="local" ScheduledEndDate="2014-09-13 23:59:59.999 +0900" ScheduledStartDate="2014-09-07 00:00:00.0 +0900" Stale="false" TaskId="57" offlineSyncState="SYNCHRONIZED"/><Task Active="false" ConnectorKind="local" CreationDate="2014-08-30 18:06:36.594 +0900" DueDate="" EndDate="2014-08-30 18:38:29.560 +0900" Estimated="0" Handle="local-36" IssueURL="" Kind="task" Label="D-20_move-files_v-6.3_2nd-order-dir" LastModified="now" MarkReadPending="false" ModificationDate="" Notes="" NotifiedIncoming="true" Owner="local" Priority="P3" Reminded="false" RepositoryUrl="local" ScheduledEndDate="2014-08-30 23:59:59.999 +0900" ScheduledStartDate="2014-08-24 00:00:00.0 +0900" Stale="false" TaskId="36" offlineSyncState="SYNCHRONIZED"/><Task Active="false" ConnectorKind="local" CreationDate="2014-09-02 17:12:01.521 +0900" DueDate="" EndDate="2014-09-13 10:16:05.278 +0900" Estimated="0" Handle="local-42" IssueURL="" Kind="task" Label="D-19_LogActv_v-3.1_navigation" LastModified="now" MarkReadPending="false" ModificationDate="" Notes="" NotifiedIncoming="true" Owner="local" Priority="P3" Reminded="false" RepositoryUrl="local" ScheduledEndDate="2014-09-06 23:59:59.999 +0900" ScheduledStartDate="2014-08-31 00:00:00.0 +0900" Stale="false" TaskId="42" offlineSyncState="SYNCHRONIZED"/><Task Active="false" ConnectorKind="local" CreationDate="2014-09-16 16:27:27.605 +0900" DueDate="" EndDate="2014-09-17 10:13:03.967 +0900" Estimated="0" Handle="local-79" IssueURL="" Kind="task" Label="D-4_save-to-buy-list_v-2.0_show-dialog" LastModified="now" MarkReadPending="false" ModificationDate="" Notes="" NotifiedIncoming="true" Owner="local" Priority="P3" Reminded="false" RepositoryUrl="local" ScheduledEndDate="2014-09-20 23:59:59.999 +0900" ScheduledStartDate="2014-09-14 00:00:00.0 +0900" Stale="false" TaskId="79" offlineSyncState="SYNCHRONIZED"/><Task Active="false" ConnectorKind="local" CreationDate="2014-09-27 07:56:20.46 +0900" DueDate="" EndDate="2014-09-27 16:45:57.992 +0900" Estimated="0" Handle="local-106" IssueURL="" Kind="task" Label="D-29_LAB_wave_v-1.4_canvas" LastModified="now" MarkReadPending="false" ModificationDate="" Notes="" NotifiedIncoming="true" Owner="local" Priority="P3" Reminded="false" RepositoryUrl="local" ScheduledEndDate="2014-09-27 23:59:59.999 +0900" ScheduledStartDate="2014-09-21 00:00:00.0 +0900" Stale="false" TaskId="106" offlineSyncState="SYNCHRONIZED"/><Task Active="false" ConnectorKind="local" CreationDate="2014-08-26 10:13:31.501 +0900" DueDate="" EndDate="2014-08-27 10:36:33.514 +0900" Estimated="0" Handle="local-26" IssueURL="" Kind="task" Label="D-7_showlist_navigation_v-1.0" LastModified="now" MarkReadPending="false" ModificationDate="" Notes="" NotifiedIncoming="true" Owner="local" Priority="P3" Reminded="false" RepositoryUrl="local" ScheduledEndDate="2014-08-30 23:59:59.999 +0900" ScheduledStartDate="2014-08-24 00:00:00.0 +0900" Stale="false" TaskId="26" offlineSyncState="SYNCHRONIZED"/><Task Active="false" ConnectorKind="local" CreationDate="2014-09-18 21:20:25.717 +0900" DueDate="" EndDate="2014-09-18 21:56:33.554 +0900" Estimated="0" Handle="local-89" IssueURL="" Kind="task" Label="D-6/SEG-1_FIX_update-ps_v-1.0" LastModified="now" MarkReadPending="false" ModificationDate="" Notes="" NotifiedIncoming="true" Owner="local" Priority="P3" Reminded="false" RepositoryUrl="local" ScheduledEndDate="2014-09-20 23:59:59.999 +0900" ScheduledStartDate="2014-09-14 00:00:00.0 +0900" Stale="false" TaskId="89" offlineSyncState="SYNCHRONIZED"/><Task Active="false" ConnectorKind="local" CreationDate="2014-09-16 09:29:53.2 +0900" DueDate="" EndDate="2014-09-16 12:12:49.71 +0900" Estimated="0" Handle="local-74" IssueURL="" Kind="task" Label="D-3_tabs_v-2.0_import-stores" LastModified="now" MarkReadPending="false" ModificationDate="" Notes="" NotifiedIncoming="true" Owner="local" Priority="P3" Reminded="false" RepositoryUrl="local" ScheduledEndDate="2014-09-20 23:59:59.999 +0900" ScheduledStartDate="2014-09-14 00:00:00.0 +0900" Stale="false" TaskId="74" offlineSyncState="SYNCHRONIZED"/><Task Active="false" ConnectorKind="local" CreationDate="2014-09-16 20:59:20.344 +0900" DueDate="" EndDate="2014-09-17 10:13:03.968 +0900" Estimated="0" Handle="local-80" IssueURL="" Kind="task" Label="D-4_save-to-buy-list_v-2.1_validation" LastModified="now" MarkReadPending="false" ModificationDate="" Notes="" NotifiedIncoming="true" Owner="local" Priority="P3" Reminded="false" RepositoryUrl="local" ScheduledEndDate="2014-09-20 23:59:59.999 +0900" ScheduledStartDate="2014-09-14 00:00:00.0 +0900" Stale="false" TaskId="80" offlineSyncState="SYNCHRONIZED"/><Task Active="false" ConnectorKind="local" CreationDate="2014-08-23 20:40:37.942 +0900" DueDate="" EndDate="2014-08-23 21:03:51.813 +0900" Estimated="0" Handle="local-13" IssueURL="" Kind="task" Label="D-3_setup_MemoActv_v-5.x_set-listeners" LastModified="now" MarkReadPending="false" ModificationDate="" Notes="" NotifiedIncoming="true" Owner="local" Priority="P3" Reminded="false" RepositoryUrl="local" ScheduledEndDate="2014-08-23 23:59:59.999 +0900" ScheduledStartDate="2014-08-17 00:00:00.0 +0900" Stale="false" TaskId="13" offlineSyncState="SYNCHRONIZED"/><Task Active="false" ConnectorKind="local" CreationDate="2014-09-28 09:28:51.440 +0900" DueDate="" EndDate="" Estimated="0" Handle="local-111" Kind="task" Label="D-24_auto-backup_v-1.1_table" LastModified="now" MarkReadPending="false" ModificationDate="" Notes="" NotifiedIncoming="true" Owner="local" Priority="P3" Reminded="false" RepositoryUrl="local" ScheduledEndDate="2014-10-04 23:59:59.999 +0900" ScheduledStartDate="2014-09-28 00:00:00.0 +0900" Stale="false" TaskId="111" offlineSyncState="SYNCHRONIZED"/><Task Active="false" ConnectorKind="local" CreationDate="2014-08-24 16:56:45.580 +0900" DueDate="" EndDate="2014-08-24 21:50:59.438 +0900" Estimated="0" Handle="local-22" IssueURL="" Kind="task" Label="D-4_ShowListActv_v-3.5_multiple-keywords" LastModified="now" MarkReadPending="false" ModificationDate="" Notes="" NotifiedIncoming="true" Owner="local" Priority="P3" Reminded="false" RepositoryUrl="local" ScheduledEndDate="2014-08-30 23:59:59.999 +0900" ScheduledStartDate="2014-08-24 00:00:00.0 +0900" Stale="false" TaskId="22" offlineSyncState="SYNCHRONIZED"/><Task Active="false" ConnectorKind="local" CreationDate="2014-08-21 09:53:24.144 +0900" DueDate="" EndDate="2014-08-23 10:15:01.860 +0900" Estimated="0" Handle="local-4" IssueURL="" Kind="task" Label="D-3_setup_MemoActv_import-patterns_v-2.0" LastModified="now" MarkReadPending="false" ModificationDate="" Notes="" NotifiedIncoming="true" Owner="local" Priority="P3" Reminded="false" RepositoryUrl="local" ScheduledEndDate="2014-08-23 23:59:59.999 +0900" ScheduledStartDate="2014-08-17 00:00:00.0 +0900" Stale="false" TaskId="4" offlineSyncState="SYNCHRONIZED"/><Task Active="false" ConnectorKind="local" CreationDate="2014-08-23 08:34:42.334 +0900" DueDate="" EndDate="2014-08-23 10:15:01.859 +0900" Estimated="0" Handle="local-8" IssueURL="" Kind="task" Label="D-3_setup_MemoActv_import-patterns_v-2.2.1_drop-table" LastModified="now" MarkReadPending="false" ModificationDate="" Notes="" NotifiedIncoming="true" Owner="local" Priority="P3" Reminded="false" RepositoryUrl="local" ScheduledEndDate="2014-08-23 23:59:59.999 +0900" ScheduledStartDate="2014-08-17 00:00:00.0 +0900" Stale="false" TaskId="8" offlineSyncState="SYNCHRONIZED"/><Task Active="false" ConnectorKind="local" CreationDate="2014-08-23 21:36:18.140 +0900" DueDate="" EndDate="2014-08-24 21:50:18.411 +0900" Estimated="0" Handle="local-17" IssueURL="" Kind="task" Label="D-3_setup_MemoActv_v-6.2_save-text" LastModified="now" MarkReadPending="false" ModificationDate="" Notes="" NotifiedIncoming="true" Owner="local" Priority="P3" Reminded="false" RepositoryUrl="local" ScheduledEndDate="2014-08-23 23:59:59.999 +0900" ScheduledStartDate="2014-08-17 00:00:00.0 +0900" Stale="false" TaskId="17" offlineSyncState="SYNCHRONIZED"/><Task Active="false" ConnectorKind="local" CreationDate="2014-08-28 13:26:51.993 +0900" DueDate="" EndDate="2014-08-29 08:09:42.117 +0900" Estimated="0" Handle="local-30" IssueURL="" Kind="task" Label="D-27_admin-patterns_v-1.1_delete-listviews-2,3" LastModified="now" MarkReadPending="false" ModificationDate="" Notes="" NotifiedIncoming="true" Owner="local" Priority="P3" Reminded="false" RepositoryUrl="local" ScheduledEndDate="2014-08-30 23:59:59.999 +0900" ScheduledStartDate="2014-08-24 00:00:00.0 +0900" Stale="false" TaskId="30" offlineSyncState="SYNCHRONIZED"/><Task Active="false" ConnectorKind="local" CreationDate="2014-09-27 06:57:49.280 +0900" DueDate="" EndDate="" Estimated="0" Handle="local-105" IssueURL="" Kind="task" Label="D-14_FIX-1_sqlite-chars_v-1.0" LastModified="now" MarkReadPending="false" ModificationDate="" Notes="" NotifiedIncoming="true" Owner="local" Priority="P3" Reminded="false" RepositoryUrl="local" ScheduledEndDate="2014-09-27 23:59:59.999 +0900" ScheduledStartDate="2014-09-21 00:00:00.0 +0900" Stale="false" TaskId="105" offlineSyncState="SYNCHRONIZED"/><Task Active="false" ConnectorKind="local" CreationDate="2014-09-13 10:15:20.233 +0900" DueDate="" EndDate="2014-09-26 14:20:55.969 +0900" Estimated="0" Handle="local-64" IssueURL="" Kind="task" Label="D-22_memo-dialog_listviews_v-1.0_build-views" LastModified="now" MarkReadPending="false" ModificationDate="" Notes="" NotifiedIncoming="true" Owner="local" Priority="P3" Reminded="false" RepositoryUrl="local" ScheduledEndDate="2014-09-13 23:59:59.999 +0900" ScheduledStartDate="2014-09-07 00:00:00.0 +0900" Stale="false" TaskId="64" offlineSyncState="SYNCHRONIZED"/><Task Active="false" ConnectorKind="local" CreationDate="2014-09-08 21:12:32.648 +0900" DueDate="" EndDate="2014-09-12 11:07:01.342 +0900" Estimated="0" Handle="local-56" IssueURL="" Kind="task" Label="D-10_memo-editable_v-1.0" LastModified="now" MarkReadPending="false" ModificationDate="" Notes="" NotifiedIncoming="true" Owner="local" Priority="P3" Reminded="false" RepositoryUrl="local" ScheduledEndDate="2014-09-13 23:59:59.999 +0900" ScheduledStartDate="2014-09-07 00:00:00.0 +0900" Stale="false" TaskId="56" offlineSyncState="SYNCHRONIZED"/><Task Active="false" ConnectorKind="local" CreationDate="2014-09-20 10:54:56.451 +0900" DueDate="" EndDate="2014-09-23 16:43:28.553 +0900" Estimated="0" Handle="local-95" IssueURL="" Kind="task" Label="D-8_search-items_v-2.0_coding" LastModified="now" MarkReadPending="false" ModificationDate="" Notes="" NotifiedIncoming="true" Owner="local" Priority="P3" Reminded="false" RepositoryUrl="local" ScheduledEndDate="2014-09-20 23:59:59.999 +0900" ScheduledStartDate="2014-09-14 00:00:00.0 +0900" Stale="false" TaskId="95" offlineSyncState="SYNCHRONIZED"/><Task Active="false" ConnectorKind="local" CreationDate="2014-08-23 21:54:21.186 +0900" DueDate="" EndDate="2014-08-24 21:50:18.412 +0900" Estimated="0" Handle="local-18" IssueURL="" Kind="task" Label="D-3_setup_MemoActv_v-7.0" LastModified="now" MarkReadPending="false" ModificationDate="" Notes="" NotifiedIncoming="true" Owner="local" Priority="P3" Reminded="false" RepositoryUrl="local" ScheduledEndDate="2014-08-23 23:59:59.999 +0900" ScheduledStartDate="2014-08-17 00:00:00.0 +0900" Stale="false" TaskId="18" offlineSyncState="SYNCHRONIZED"/><Task Active="false" ConnectorKind="local" CreationDate="2014-08-20 21:25:02.49 +0900" DueDate="" EndDate="2014-08-23 10:15:01.858 +0900" Estimated="0" Handle="local-3" IssueURL="" Kind="task" Label="D-3_setup_MemoActv_v-1.1_image-buttons" LastModified="now" MarkReadPending="false" ModificationDate="" Notes="" NotifiedIncoming="true" Owner="local" Priority="P3" Reminded="false" RepositoryUrl="local" ScheduledEndDate="2014-08-23 23:59:59.999 +0900" ScheduledStartDate="2014-08-17 00:00:00.0 +0900" Stale="false" TaskId="3" offlineSyncState="SYNCHRONIZED"/><Task Active="false" ConnectorKind="local" CreationDate="2014-08-23 09:53:54.785 +0900" DueDate="" EndDate="2014-08-23 10:15:01.858 +0900" Estimated="0" Handle="local-9" IssueURL="" Kind="task" Label="D-3_setup_MemoActv_import-patterns_v-2.3_build-list" LastModified="now" MarkReadPending="false" ModificationDate="" Notes="" NotifiedIncoming="true" Owner="local" Priority="P3" Reminded="false" RepositoryUrl="local" ScheduledEndDate="2014-08-23 23:59:59.999 +0900" ScheduledStartDate="2014-08-17 00:00:00.0 +0900" Stale="false" TaskId="9" offlineSyncState="SYNCHRONIZED"/><Task Active="false" ConnectorKind="local" CreationDate="2014-09-15 23:42:29.262 +0900" DueDate="" EndDate="2014-09-16 12:12:49.71 +0900" Estimated="0" Handle="local-73" IssueURL="" Kind="task" Label="D-3_tabs_v-1.6_modify-adapter" LastModified="now" MarkReadPending="false" ModificationDate="" Notes="" NotifiedIncoming="true" Owner="local" Priority="P3" Reminded="false" RepositoryUrl="local" ScheduledEndDate="2014-09-20 23:59:59.999 +0900" ScheduledStartDate="2014-09-14 00:00:00.0 +0900" Stale="false" TaskId="73" offlineSyncState="SYNCHRONIZED"/><Task Active="false" ConnectorKind="local" CreationDate="2014-08-25 08:31:16.659 +0900" DueDate="" EndDate="2014-08-27 10:36:33.574 +0900" Estimated="0" Handle="local-23" IssueURL="" Kind="task" Label="D-5_admin-patterns_v-1.0" LastModified="now" MarkReadPending="false" ModificationDate="" Notes="" NotifiedIncoming="true" Owner="local" Priority="P3" Reminded="false" RepositoryUrl="local" ScheduledEndDate="2014-08-30 23:59:59.999 +0900" ScheduledStartDate="2014-08-24 00:00:00.0 +0900" Stale="false" TaskId="23" offlineSyncState="SYNCHRONIZED"/><Task Active="false" ConnectorKind="local" CreationDate="2014-09-16 12:12:52.771 +0900" DueDate="" EndDate="2014-09-17 10:13:03.969 +0900" Estimated="0" Handle="local-76" IssueURL="" Kind="task" Label="D-3_tabs_v-2.2_import-genres" LastModified="now" MarkReadPending="false" ModificationDate="" Notes="" NotifiedIncoming="true" Owner="local" Priority="P3" Reminded="false" RepositoryUrl="local" ScheduledEndDate="2014-09-20 23:59:59.999 +0900" ScheduledStartDate="2014-09-14 00:00:00.0 +0900" Stale="false" TaskId="76" offlineSyncState="SYNCHRONIZED"/><Task Active="false" ConnectorKind="local" CreationDate="2014-09-02 10:21:40.274 +0900" DueDate="" EndDate="2014-09-02 17:12:17.480 +0900" Estimated="0" Handle="local-41" IssueURL="" Kind="task" Label="D-19_LogActv_v-3.0_ShowLogActv" LastModified="now" MarkReadPending="false" ModificationDate="" Notes="" NotifiedIncoming="true" Owner="local" Priority="P3" Reminded="false" RepositoryUrl="local" ScheduledEndDate="2014-09-06 23:59:59.999 +0900" ScheduledStartDate="2014-08-31 00:00:00.0 +0900" Stale="false" TaskId="41" offlineSyncState="SYNCHRONIZED"/><Task Active="false" ConnectorKind="local" CreationDate="2014-09-17 10:02:25.625 +0900" DueDate="" EndDate="2014-09-18 00:19:41.723 +0900" Estimated="0" Handle="local-81" IssueURL="" Kind="task" Label="D-4/SEG-1_add-number-box_v-1.0" LastModified="now" MarkReadPending="false" ModificationDate="" Notes="" NotifiedIncoming="true" Owner="local" Priority="P3" Reminded="false" RepositoryUrl="local" ScheduledEndDate="2014-09-20 23:59:59.999 +0900" ScheduledStartDate="2014-09-14 00:00:00.0 +0900" Stale="false" TaskId="81" offlineSyncState="SYNCHRONIZED"/><Task Active="false" ConnectorKind="local" CreationDate="2014-09-07 08:38:49.314 +0900" DueDate="" EndDate="2014-09-16 12:12:49.70 +0900" Estimated="0" Handle="local-55" IssueURL="" Kind="task" Label="D-3_tabs_v-1.0" LastModified="now" MarkReadPending="false" ModificationDate="" Notes="" NotifiedIncoming="true" Owner="local" Priority="P3" Reminded="false" RepositoryUrl="local" ScheduledEndDate="2014-09-13 23:59:59.999 +0900" ScheduledStartDate="2014-09-07 00:00:00.0 +0900" Stale="false" TaskId="55" offlineSyncState="SYNCHRONIZED"/><Task Active="false" ConnectorKind="local" CreationDate="2014-09-18 16:37:27.200 +0900" DueDate="" EndDate="2014-09-18 21:56:33.553 +0900" Estimated="0" Handle="local-88" IssueURL="" Kind="task" Label="D-4_save-to-buy-list_v-6.0_save-anyway" LastModified="now" MarkReadPending="false" ModificationDate="" Notes="" NotifiedIncoming="true" Owner="local" Priority="P3" Reminded="false" RepositoryUrl="local" ScheduledEndDate="2014-09-20 23:59:59.999 +0900" ScheduledStartDate="2014-09-14 00:00:00.0 +0900" Stale="false" TaskId="88" offlineSyncState="SYNCHRONIZED"/><Task Active="false" ConnectorKind="local" CreationDate="2014-09-02 08:14:57.472 +0900" DueDate="" EndDate="2014-09-02 17:12:17.480 +0900" Estimated="0" Handle="local-40" IssueURL="" Kind="task" Label="D-19_LogActv_v-2.0_show-files-list" LastModified="now" MarkReadPending="false" ModificationDate="" Notes="" NotifiedIncoming="true" Owner="local" Priority="P3" Reminded="false" RepositoryUrl="local" ScheduledEndDate="2014-09-06 23:59:59.999 +0900" ScheduledStartDate="2014-08-31 00:00:00.0 +0900" Stale="false" TaskId="40" offlineSyncState="SYNCHRONIZED"/><Task Active="false" ConnectorKind="local" CreationDate="2014-09-20 21:01:14.58 +0900" DueDate="" EndDate="2014-09-27 06:57:29.35 +0900" Estimated="0" Handle="local-96" IssueURL="" Kind="task" Label="D-13_opt-menu_clear-view_v-1.0" LastModified="now" MarkReadPending="false" ModificationDate="" Notes="" NotifiedIncoming="true" Owner="local" Priority="P3" Reminded="false" RepositoryUrl="local" ScheduledEndDate="2014-09-20 23:59:59.999 +0900" ScheduledStartDate="2014-09-14 00:00:00.0 +0900" Stale="false" TaskId="96" offlineSyncState="SYNCHRONIZED"/><Task Active="false" ConnectorKind="local" CreationDate="2014-08-20 20:27:40.985 +0900" DueDate="" EndDate="2014-08-20 21:24:57.533 +0900" Estimated="0" Handle="local-2" IssueURL="" Kind="task" Label="D-3_setup_MemoActv_v-1.0" LastModified="now" MarkReadPending="false" ModificationDate="" Notes="" NotifiedIncoming="true" Owner="local" Priority="P3" Reminded="false" RepositoryUrl="local" ScheduledEndDate="2014-08-23 23:59:59.999 +0900" ScheduledStartDate="2014-08-17 00:00:00.0 +0900" Stale="false" TaskId="2" offlineSyncState="SYNCHRONIZED"/><Task Active="false" ConnectorKind="local" CreationDate="2014-08-27 16:25:33.55 +0900" DueDate="" EndDate="2014-08-29 08:09:42.117 +0900" Estimated="0" Handle="local-27" IssueURL="" Kind="task" Label="D-26_edit-title_gridview_v-2.0_import-patterns" LastModified="now" MarkReadPending="false" ModificationDate="" Notes="" NotifiedIncoming="true" Owner="local" Priority="P3" Reminded="false" RepositoryUrl="local" ScheduledEndDate="2014-08-30 23:59:59.999 +0900" ScheduledStartDate="2014-08-24 00:00:00.0 +0900" Stale="false" TaskId="27" offlineSyncState="SYNCHRONIZED"/><Task Active="false" ConnectorKind="local" CreationDate="2014-09-16 15:57:12.166 +0900" DueDate="" EndDate="2014-09-17 10:13:03.968 +0900" Estimated="0" Handle="local-77" IssueURL="" Kind="task" Label="D-4_save-to-buy-list_v-1.0.2_MI" LastModified="now" MarkReadPending="false" ModificationDate="" Notes="" NotifiedIncoming="true" Owner="local" Priority="P3" Reminded="false" RepositoryUrl="local" ScheduledEndDate="2014-09-20 23:59:59.999 +0900" ScheduledStartDate="2014-09-14 00:00:00.0 +0900" Stale="false" TaskId="77" offlineSyncState="SYNCHRONIZED"/><Task Active="false" ConnectorKind="local" CreationDate="2014-09-12 08:39:37.750 +0900" DueDate="" EndDate="2014-09-12 11:07:01.342 +0900" Estimated="0" Handle="local-61" IssueURL="" Kind="task" Label="D-11_keywords-used_v-2.0_showlist" LastModified="now" MarkReadPending="false" ModificationDate="" Notes="" NotifiedIncoming="true" Owner="local" Priority="P3" Reminded="false" RepositoryUrl="local" ScheduledEndDate="2014-09-13 23:59:59.999 +0900" ScheduledStartDate="2014-09-07 00:00:00.0 +0900" Stale="false" TaskId="61" offlineSyncState="SYNCHRONIZED"/><Task Active="false" ConnectorKind="local" CreationDate="2014-08-27 17:12:09.522 +0900" DueDate="" EndDate="2014-08-29 08:09:42.118 +0900" Estimated="0" Handle="local-28" IssueURL="" Kind="task" Label="D-26_edit-title_gridview_v-3.0_set-gridview" LastModified="now" MarkReadPending="false" ModificationDate="" Notes="" NotifiedIncoming="true" Owner="local" Priority="P3" Reminded="false" RepositoryUrl="local" ScheduledEndDate="2014-08-30 23:59:59.999 +0900" ScheduledStartDate="2014-08-24 00:00:00.0 +0900" Stale="false" TaskId="28" offlineSyncState="SYNCHRONIZED"/><Task Active="false" ConnectorKind="local" CreationDate="2014-09-26 22:02:05.127 +0900" DueDate="" EndDate="2014-09-27 16:45:57.993 +0900" Estimated="0" Handle="local-104" IssueURL="" Kind="task" Label="D-29_LAB_wave_v-1.3_&quot;create wav file&quot;" LastModified="now" MarkReadPending="false" ModificationDate="" Notes="" NotifiedIncoming="true" Owner="local" Priority="P3" Reminded="false" RepositoryUrl="local" ScheduledEndDate="2014-09-27 23:59:59.999 +0900" ScheduledStartDate="2014-09-21 00:00:00.0 +0900" Stale="false" TaskId="104" offlineSyncState="SYNCHRONIZED"/><Task Active="false" ConnectorKind="local" CreationDate="2014-09-13 08:15:32.123 +0900" DueDate="" EndDate="2014-09-27 06:57:32.11 +0900" Estimated="0" Handle="local-62" IssueURL="" Kind="task" Label="D-3_setup_MemoActv_v-8.0_selection-position" LastModified="now" MarkReadPending="false" ModificationDate="" Notes="" NotifiedIncoming="true" Owner="local" Priority="P3" Reminded="false" RepositoryUrl="local" ScheduledEndDate="2014-09-13 23:59:59.999 +0900" ScheduledStartDate="2014-09-07 00:00:00.0 +0900" Stale="false" TaskId="62" offlineSyncState="SYNCHRONIZED"/><Task Active="false" ConnectorKind="local" CreationDate="2014-08-25 11:14:26.207 +0900" DueDate="" EndDate="2014-08-27 10:36:33.574 +0900" Estimated="0" Handle="local-24" IssueURL="" Kind="task" Label="D-5_admin-patterns_v-2.0_delete" LastModified="now" MarkReadPending="false" ModificationDate="" Notes="" NotifiedIncoming="true" Owner="local" Priority="P3" Reminded="false" RepositoryUrl="local" ScheduledEndDate="2014-08-30 23:59:59.999 +0900" ScheduledStartDate="2014-08-24 00:00:00.0 +0900" Stale="false" TaskId="24" offlineSyncState="SYNCHRONIZED"/><Task Active="false" ConnectorKind="local" CreationDate="2014-08-24 11:11:27.131 +0900" DueDate="" EndDate="2014-08-24 21:50:18.411 +0900" Estimated="0" Handle="local-21" IssueURL="" Kind="task" Label="D-4_ShowListActv_v-3.0_filter-memo-list" LastModified="now" MarkReadPending="false" ModificationDate="" Notes="" NotifiedIncoming="true" Owner="local" Priority="P3" Reminded="false" RepositoryUrl="local" ScheduledEndDate="2014-08-30 23:59:59.999 +0900" ScheduledStartDate="2014-08-24 00:00:00.0 +0900" Stale="false" TaskId="21" offlineSyncState="SYNCHRONIZED"/><Task Active="false" ConnectorKind="local" CreationDate="2014-09-06 23:24:42.323 +0900" DueDate="" EndDate="2014-09-16 12:12:49.71 +0900" Estimated="0" Handle="local-54" IssueURL="" Kind="task" Label="D-2_setup_TabActv_v-1.0" LastModified="now" MarkReadPending="false" ModificationDate="" Notes="" NotifiedIncoming="true" Owner="local" Priority="P3" Reminded="false" RepositoryUrl="local" ScheduledEndDate="2014-09-06 23:59:59.999 +0900" ScheduledStartDate="2014-08-31 00:00:00.0 +0900" Stale="false" TaskId="54" offlineSyncState="SYNCHRONIZED"/><Task Active="false" ConnectorKind="local" CreationDate="2014-09-16 16:16:20.165 +0900" DueDate="" EndDate="2014-09-17 10:13:03.968 +0900" Estimated="0" Handle="local-78" IssueURL="" Kind="task" Label="D-4_save-to-buy-list_v-1.0.3_memu-item-&quot;item&quot;" LastModified="now" MarkReadPending="false" ModificationDate="" Notes="" NotifiedIncoming="true" Owner="local" Priority="P3" Reminded="false" RepositoryUrl="local" ScheduledEndDate="2014-09-20 23:59:59.999 +0900" ScheduledStartDate="2014-09-14 00:00:00.0 +0900" Stale="false" TaskId="78" offlineSyncState="SYNCHRONIZED"/><Task Active="false" ConnectorKind="local" CreationDate="2014-09-11 08:45:37.513 +0900" DueDate="" EndDate="2014-09-13 10:16:05.276 +0900" Estimated="0" Handle="local-59" IssueURL="" Kind="task" Label="D-19_LogActv_v-4.0_log-file-size" LastModified="now" MarkReadPending="false" ModificationDate="" Notes="" NotifiedIncoming="true" Owner="local" Priority="P3" Reminded="false" RepositoryUrl="local" ScheduledEndDate="2014-09-13 23:59:59.999 +0900" ScheduledStartDate="2014-09-07 00:00:00.0 +0900" Stale="false" TaskId="59" offlineSyncState="SYNCHRONIZED"/><Task Active="false" ConnectorKind="local" CreationDate="2014-09-26 07:03:23.868 +0900" DueDate="" EndDate="2014-09-26 14:20:55.970 +0900" Estimated="0" Handle="local-100" IssueURL="" Kind="task" Label="D-23_FIXES_v-1.0_upload-image" LastModified="now" MarkReadPending="false" ModificationDate="" Notes="" NotifiedIncoming="true" Owner="local" Priority="P3" Reminded="false" RepositoryUrl="local" ScheduledEndDate="2014-09-27 23:59:59.999 +0900" ScheduledStartDate="2014-09-21 00:00:00.0 +0900" Stale="false" TaskId="100" offlineSyncState="SYNCHRONIZED"/><Task Active="false" ConnectorKind="local" CreationDate="2014-09-11 09:36:28.626 +0900" DueDate="" EndDate="2014-09-12 11:07:01.341 +0900" Estimated="0" Handle="local-60" IssueURL="" Kind="task" Label="D-11_keywords-used_v-1.0" LastModified="now" MarkReadPending="false" ModificationDate="" Notes="" NotifiedIncoming="true" Owner="local" Priority="P3" Reminded="false" RepositoryUrl="local" ScheduledEndDate="2014-09-13 23:59:59.999 +0900" ScheduledStartDate="2014-09-07 00:00:00.0 +0900" Stale="false" TaskId="60" offlineSyncState="SYNCHRONIZED"/><Task Active="false" ConnectorKind="local" CreationDate="2014-09-23 16:20:20.833 +0900" DueDate="" EndDate="2014-09-23 16:43:28.553 +0900" Estimated="0" Handle="local-97" IssueURL="" Kind="task" Label="D-8_search-items_v-2.1_set-list" LastModified="now" MarkReadPending="false" ModificationDate="" Notes="" NotifiedIncoming="true" Owner="local" Priority="P3" Reminded="false" RepositoryUrl="local" ScheduledEndDate="2014-09-27 23:59:59.999 +0900" ScheduledStartDate="2014-09-21 00:00:00.0 +0900" Stale="false" TaskId="97" offlineSyncState="SYNCHRONIZED"/><Task Active="false" ConnectorKind="local" CreationDate="2014-09-17 16:40:34.969 +0900" DueDate="" EndDate="2014-09-18 00:19:41.723 +0900" Estimated="0" Handle="local-82" IssueURL="" Kind="task" Label="D-4_save-to-buy-list_v-3.0_to-buy-lit_add-num" LastModified="now" MarkReadPending="false" ModificationDate="" Notes="" NotifiedIncoming="true" Owner="local" Priority="P3" Reminded="false" RepositoryUrl="local" ScheduledEndDate="2014-09-20 23:59:59.999 +0900" ScheduledStartDate="2014-09-14 00:00:00.0 +0900" Stale="false" TaskId="82" offlineSyncState="SYNCHRONIZED"/><Task Active="false" ConnectorKind="local" CreationDate="2014-09-03 12:04:32.122 +0900" DueDate="" EndDate="2014-09-08 21:12:22.89 +0900" Estimated="0" Handle="local-47" IssueURL="" Kind="task" Label="D-9_memo-list-size_v-2.1_second-attempt" LastModified="now" MarkReadPending="false" ModificationDate="" Notes="" NotifiedIncoming="true" Owner="local" Priority="P3" Reminded="false" RepositoryUrl="local" ScheduledEndDate="2014-09-06 23:59:59.999 +0900" ScheduledStartDate="2014-08-31 00:00:00.0 +0900" Stale="false" TaskId="47" offlineSyncState="SYNCHRONIZED"/><Task Active="false" ConnectorKind="local" CreationDate="2014-09-13 09:36:37.667 +0900" DueDate="" EndDate="" Estimated="0" Handle="local-63" IssueURL="" Kind="task" Label="D-5_admin-patterns_v-4.0_store-filter" LastModified="now" MarkReadPending="false" ModificationDate="" Notes="" NotifiedIncoming="true" Owner="local" Priority="P3" Reminded="false" RepositoryUrl="local" ScheduledEndDate="2014-09-13 23:59:59.999 +0900" ScheduledStartDate="2014-09-07 00:00:00.0 +0900" Stale="false" TaskId="63" offlineSyncState="SYNCHRONIZED"/><Task Active="false" ConnectorKind="local" CreationDate="2014-09-16 11:53:52.731 +0900" DueDate="" EndDate="2014-09-17 10:13:03.969 +0900" Estimated="0" Handle="local-75" IssueURL="" Kind="task" Label="D-3_tabs_v-2.1_build-list-stores" LastModified="now" MarkReadPending="false" ModificationDate="" Notes="" NotifiedIncoming="true" Owner="local" Priority="P3" Reminded="false" RepositoryUrl="local" ScheduledEndDate="2014-09-20 23:59:59.999 +0900" ScheduledStartDate="2014-09-14 00:00:00.0 +0900" Stale="false" TaskId="75" offlineSyncState="SYNCHRONIZED"/><Task Active="false" ConnectorKind="local" CreationDate="2014-09-24 10:47:33.302 +0900" DueDate="" EndDate="" Estimated="0" Handle="local-98" IssueURL="" Kind="task" Label="D-10_edit-item_v-1.0" LastModified="now" MarkReadPending="false" ModificationDate="" Notes="" NotifiedIncoming="true" Owner="local" Priority="P3" Reminded="false" RepositoryUrl="local" ScheduledEndDate="2014-09-27 23:59:59.999 +0900" ScheduledStartDate="2014-09-21 00:00:00.0 +0900" Stale="false" TaskId="98" offlineSyncState="SYNCHRONIZED"/><Task Active="false" ConnectorKind="local" CreationDate="2014-08-28 10:13:18.140 +0900" DueDate="" EndDate="2014-08-29 08:09:42.118 +0900" Estimated="0" Handle="local-29" IssueURL="" Kind="task" Label="D-27_admin-patterns_v-1.0" LastModified="now" MarkReadPending="false" ModificationDate="" Notes="" NotifiedIncoming="true" Owner="local" Priority="P3" Reminded="false" RepositoryUrl="local" ScheduledEndDate="2014-08-30 23:59:59.999 +0900" ScheduledStartDate="2014-08-24 00:00:00.0 +0900" Stale="false" TaskId="29" offlineSyncState="SYNCHRONIZED"/><Task Active="false" ConnectorKind="local" CreationDate="2014-08-26 08:26:32.404 +0900" DueDate="" EndDate="2014-08-27 10:36:33.575 +0900" Estimated="0" Handle="local-25" IssueURL="" Kind="task" Label="D-6_admin-memo_v-1.0" LastModified="now" MarkReadPending="false" ModificationDate="" Notes="" NotifiedIncoming="true" Owner="local" Priority="P3" Reminded="false" RepositoryUrl="local" ScheduledEndDate="2014-08-30 23:59:59.999 +0900" ScheduledStartDate="2014-08-24 00:00:00.0 +0900" Stale="false" TaskId="25" offlineSyncState="SYNCHRONIZED"/><Task Active="false" ConnectorKind="local" CreationDate="2014-09-26 13:19:26.487 +0900" DueDate="" EndDate="" Estimated="0" Handle="local-101" IssueURL="" Kind="task" Label="D-31_FIX-1_delete-audio_v-1.0" LastModified="now" MarkReadPending="false" ModificationDate="" Notes="" NotifiedIncoming="true" Owner="local" Priority="P3" Reminded="false" RepositoryUrl="local" ScheduledEndDate="2014-09-27 23:59:59.999 +0900" ScheduledStartDate="2014-09-21 00:00:00.0 +0900" Stale="false" TaskId="101" offlineSyncState="SYNCHRONIZED"/><Task Active="false" ConnectorKind="local" CreationDate="2014-09-17 21:26:36.615 +0900" DueDate="" EndDate="2014-09-18 00:19:41.723 +0900" Estimated="0" Handle="local-83" IssueURL="" Kind="task" Label="D-4_save-to-buy-list_v-3.1_to-buy-lit-into-list" LastModified="now" MarkReadPending="false" ModificationDate="" Notes="" NotifiedIncoming="true" Owner="local" Priority="P3" Reminded="false" RepositoryUrl="local" ScheduledEndDate="2014-09-20 23:59:59.999 +0900" ScheduledStartDate="2014-09-14 00:00:00.0 +0900" Stale="false" TaskId="83" offlineSyncState="SYNCHRONIZED"/><Task Active="false" ConnectorKind="local" CreationDate="2014-09-19 06:56:40.251 +0900" DueDate="" EndDate="2014-09-23 16:43:28.554 +0900" Estimated="0" Handle="local-91" IssueURL="" Kind="task" Label="D-3_FIX_TabActv_duplicate-tabs_v-3.1" LastModified="now" MarkReadPending="false" ModificationDate="" Notes="" NotifiedIncoming="true" Owner="local" Priority="P3" Reminded="false" RepositoryUrl="local" ScheduledEndDate="2014-09-20 23:59:59.999 +0900" ScheduledStartDate="2014-09-14 00:00:00.0 +0900" Stale="false" TaskId="91" offlineSyncState="SYNCHRONIZED"/><Task Active="false" ConnectorKind="local" CreationDate="2014-08-14 21:24:00.434 +0900" DueDate="" EndDate="2014-09-02 17:12:17.479 +0900" Estimated="0" Handle="local-1" IssueURL="" Kind="task" Label="D-21_add-memo-to-all-images_v-1.0" LastModified="now" MarkReadPending="false" ModificationDate="" Notes="" NotifiedIncoming="true" Owner="local" Priority="P3" Reminded="false" RepositoryUrl="local" ScheduledEndDate="2014-08-16 23:59:59.999 +0900" ScheduledStartDate="2014-08-10 00:00:00.0 +0900" Stale="false" TaskId="1" offlineSyncState="SYNCHRONIZED"/><Task Active="false" ConnectorKind="local" CreationDate="2014-09-15 14:32:04.705 +0900" DueDate="" EndDate="2014-09-16 12:12:49.70 +0900" Estimated="0" Handle="local-70" IssueURL="" Kind="task" Label="D-3_tabs_v-1.4_create/drop-tables" LastModified="now" MarkReadPending="false" ModificationDate="" Notes="" NotifiedIncoming="true" Owner="local" Priority="P3" Reminded="false" RepositoryUrl="local" ScheduledEndDate="2014-09-20 23:59:59.999 +0900" ScheduledStartDate="2014-09-14 00:00:00.0 +0900" Stale="false" TaskId="70" offlineSyncState="SYNCHRONIZED"/><Task Active="false" ConnectorKind="local" CreationDate="2014-09-15 07:06:25.257 +0900" DueDate="" EndDate="2014-09-27 06:57:25.813 +0900" Estimated="0" Handle="local-68" IssueURL="" Kind="task" Label="D-3_setup_MemoActv_v-9.0_change-listener" LastModified="now" MarkReadPending="false" ModificationDate="" Notes="" NotifiedIncoming="true" Owner="local" Priority="P3" Reminded="false" RepositoryUrl="local" ScheduledEndDate="2014-09-20 23:59:59.999 +0900" ScheduledStartDate="2014-09-14 00:00:00.0 +0900" Stale="false" TaskId="68" offlineSyncState="SYNCHRONIZED"/><Task Active="false" ConnectorKind="local" CreationDate="2014-08-23 21:03:28.701 +0900" DueDate="" EndDate="2014-08-23 21:36:16.654 +0900" Estimated="0" Handle="local-15" IssueURL="" Kind="task" Label="D-3_setup_MemoActv_v-6.0_save-text" LastModified="now" MarkReadPending="false" ModificationDate="" Notes="" NotifiedIncoming="true" Owner="local" Priority="P3" Reminded="false" RepositoryUrl="local" ScheduledEndDate="2014-08-23 23:59:59.999 +0900" ScheduledStartDate="2014-08-17 00:00:00.0 +0900" Stale="false" TaskId="15" offlineSyncState="SYNCHRONIZED"/><Task Active="false" ConnectorKind="local" CreationDate="2014-09-26 14:20:31.517 +0900" DueDate="" EndDate="" Estimated="0" Handle="local-102" IssueURL="" Kind="task" Label="D-20_hist-actv_v-1.0" LastModified="now" MarkReadPending="false" ModificationDate="" Notes="" NotifiedIncoming="true" Owner="local" Priority="P3" Reminded="false" RepositoryUrl="local" ScheduledEndDate="2014-09-27 23:59:59.999 +0900" ScheduledStartDate="2014-09-21 00:00:00.0 +0900" Stale="false" TaskId="102" offlineSyncState="SYNCHRONIZED"/><Task Active="false" ConnectorKind="local" CreationDate="2014-09-04 08:10:14.464 +0900" DueDate="" EndDate="2014-09-13 10:16:05.275 +0900" Estimated="0" Handle="local-52" IssueURL="" Kind="task" Label="D-17_post-image-data_v-3.1.2_post-multiple-data" LastModified="now" MarkReadPending="false" ModificationDate="" Notes="" NotifiedIncoming="true" Owner="local" Priority="P3" Reminded="false" RepositoryUrl="local" ScheduledEndDate="2014-09-06 23:59:59.999 +0900" ScheduledStartDate="2014-08-31 00:00:00.0 +0900" Stale="false" TaskId="52" offlineSyncState="SYNCHRONIZED"/><Task Active="false" ConnectorKind="local" CreationDate="2014-09-20 09:57:59.366 +0900" DueDate="" EndDate="2014-09-23 16:43:28.553 +0900" Estimated="0" Handle="local-94" IssueURL="" Kind="task" Label="D-8_search-items_v-1.0" LastModified="now" MarkReadPending="false" ModificationDate="" Notes="" NotifiedIncoming="true" Owner="local" Priority="P3" Reminded="false" RepositoryUrl="local" ScheduledEndDate="2014-09-20 23:59:59.999 +0900" ScheduledStartDate="2014-09-14 00:00:00.0 +0900" Stale="false" TaskId="94" offlineSyncState="SYNCHRONIZED"/><Task Active="false" ConnectorKind="local" CreationDate="2014-09-03 11:24:13.452 +0900" DueDate="" EndDate="2014-09-08 21:12:22.90 +0900" Estimated="0" Handle="local-46" IssueURL="" Kind="task" Label="D-9_memo-list-size_v-2.0_ListPreference" LastModified="now" MarkReadPending="false" ModificationDate="" Notes="" NotifiedIncoming="true" Owner="local" Priority="P3" Reminded="false" RepositoryUrl="local" ScheduledEndDate="2014-09-06 23:59:59.999 +0900" ScheduledStartDate="2014-08-31 00:00:00.0 +0900" Stale="false" TaskId="46" offlineSyncState="SYNCHRONIZED"/><Task Active="false" ConnectorKind="local" CreationDate="2014-08-23 10:18:14.831 +0900" DueDate="" EndDate="2014-08-23 21:03:51.812 +0900" Estimated="0" Handle="local-10" IssueURL="" Kind="task" Label="D-3_setup_MemoActv_v-3.0_GUI" LastModified="now" MarkReadPending="false" ModificationDate="" Notes="" NotifiedIncoming="true" Owner="local" Priority="P3" Reminded="false" RepositoryUrl="local" ScheduledEndDate="2014-08-23 23:59:59.999 +0900" ScheduledStartDate="2014-08-17 00:00:00.0 +0900" Stale="false" TaskId="10" offlineSyncState="SYNCHRONIZED"/><Task Active="false" ConnectorKind="local" CreationDate="2014-09-03 14:56:58.892 +0900" DueDate="" EndDate="2014-09-08 21:12:22.89 +0900" Estimated="0" Handle="local-48" IssueURL="" Kind="task" Label="D-9_memo-list-size_v-3.0_dropdown-pref" LastModified="now" MarkReadPending="false" ModificationDate="" Notes="" NotifiedIncoming="true" Owner="local" Priority="P3" Reminded="false" RepositoryUrl="local" ScheduledEndDate="2014-09-06 23:59:59.999 +0900" ScheduledStartDate="2014-08-31 00:00:00.0 +0900" Stale="false" TaskId="48" offlineSyncState="SYNCHRONIZED"/><Task Active="false" ConnectorKind="local" CreationDate="2014-09-15 11:22:55.505 +0900" DueDate="" EndDate="2014-09-16 12:12:49.70 +0900" Estimated="0" Handle="local-69" IssueURL="" Kind="task" Label="D-3_tabs_v-1.2_backup-db" LastModified="now" MarkReadPending="false" ModificationDate="" Notes="" NotifiedIncoming="true" Owner="local" Priority="P3" Reminded="false" RepositoryUrl="local" ScheduledEndDate="2014-09-20 23:59:59.999 +0900" ScheduledStartDate="2014-09-14 00:00:00.0 +0900" Stale="false" TaskId="69" offlineSyncState="SYNCHRONIZED"/><Task Active="false" ConnectorKind="local" CreationDate="2014-09-18 00:19:13.919 +0900" DueDate="" EndDate="2014-09-18 21:56:33.554 +0900" Estimated="0" Handle="local-85" IssueURL="" Kind="task" Label="D-4_save-to-buy-list_v-4.1_modify-isInDB" LastModified="now" MarkReadPending="false" ModificationDate="" Notes="" NotifiedIncoming="true" Owner="local" Priority="P3" Reminded="false" RepositoryUrl="local" ScheduledEndDate="2014-09-20 23:59:59.999 +0900" ScheduledStartDate="2014-09-14 00:00:00.0 +0900" Stale="false" TaskId="85" offlineSyncState="SYNCHRONIZED"/><Task Active="false" ConnectorKind="local" CreationDate="2014-08-31 08:03:02.468 +0900" DueDate="" EndDate="2014-09-03 12:04:49.633 +0900" Estimated="0" Handle="local-37" IssueURL="" Kind="task" Label="D-8_date-label_change-color_v-1.0" LastModified="now" MarkReadPending="false" ModificationDate="" Notes="" NotifiedIncoming="true" Owner="local" Priority="P3" Reminded="false" RepositoryUrl="local" ScheduledEndDate="2014-09-06 23:59:59.999 +0900" ScheduledStartDate="2014-08-31 00:00:00.0 +0900" Stale="false" TaskId="37" offlineSyncState="SYNCHRONIZED"/><Task Active="false" ConnectorKind="local" CreationDate="2014-09-01 08:01:48.52 +0900" DueDate="" EndDate="" Estimated="0" Handle="local-38" IssueURL="" Kind="task" Label="D-30_search_v-1.0" LastModified="now" MarkReadPending="false" ModificationDate="" Notes="" NotifiedIncoming="true" Owner="local" Priority="P3" Reminded="false" RepositoryUrl="local" ScheduledEndDate="2014-09-06 23:59:59.999 +0900" ScheduledStartDate="2014-08-31 00:00:00.0 +0900" Stale="false" TaskId="38" offlineSyncState="SYNCHRONIZED"/><Task Active="false" ConnectorKind="local" CreationDate="2014-09-24 12:52:58.551 +0900" DueDate="" EndDate="" Estimated="0" Handle="local-99" IssueURL="" Kind="task" Label="D-10_edit-item_v-1.1_edit" LastModified="now" MarkReadPending="false" ModificationDate="" Notes="" NotifiedIncoming="true" Owner="local" Priority="P3" Reminded="false" RepositoryUrl="local" ScheduledEndDate="2014-09-27 23:59:59.999 +0900" ScheduledStartDate="2014-09-21 00:00:00.0 +0900" Stale="false" TaskId="99" offlineSyncState="SYNCHRONIZED"/><Task Active="false" ConnectorKind="local" CreationDate="2014-09-03 10:54:36.952 +0900" DueDate="" EndDate="2014-09-03 12:04:49.632 +0900" Estimated="0" Handle="local-45" IssueURL="" Kind="task" Label="D-9_memo-list-size_v-1.0" LastModified="now" MarkReadPending="false" ModificationDate="" Notes="" NotifiedIncoming="true" Owner="local" Priority="P3" Reminded="false" RepositoryUrl="local" ScheduledEndDate="2014-09-06 23:59:59.999 +0900" ScheduledStartDate="2014-08-31 00:00:00.0 +0900" Stale="false" TaskId="45" offlineSyncState="SYNCHRONIZED"/><Task Active="false" ConnectorKind="local" CreationDate="2014-08-29 08:09:45.901 +0900" DueDate="" EndDate="2014-08-30 18:38:29.560 +0900" Estimated="0" Handle="local-33" IssueURL="" Kind="task" Label="D-28_ALActv_list-navigation_v-1.0" LastModified="now" MarkReadPending="false" ModificationDate="" Notes="" NotifiedIncoming="true" Owner="local" Priority="P3" Reminded="false" RepositoryUrl="local" ScheduledEndDate="2014-08-30 23:59:59.999 +0900" ScheduledStartDate="2014-08-24 00:00:00.0 +0900" Stale="false" TaskId="33" offlineSyncState="SYNCHRONIZED"/><Task Active="false" ConnectorKind="local" CreationDate="2014-09-20 06:52:51.754 +0900" DueDate="" EndDate="2014-09-23 16:43:28.554 +0900" Estimated="0" Handle="local-92" IssueURL="" Kind="task" Label="D-3_FIX_TabActv_duplicate-tabs_v-3.2" LastModified="now" MarkReadPending="false" ModificationDate="" Notes="" NotifiedIncoming="true" Owner="local" Priority="P3" Reminded="false" RepositoryUrl="local" ScheduledEndDate="2014-09-20 23:59:59.999 +0900" ScheduledStartDate="2014-09-14 00:00:00.0 +0900" Stale="false" TaskId="92" offlineSyncState="SYNCHRONIZED"/><Task Active="false" ConnectorKind="local" CreationDate="2014-09-04 09:58:44.109 +0900" DueDate="" EndDate="2014-09-13 10:16:05.276 +0900" Estimated="0" Handle="local-53" IssueURL="" Kind="task" Label="D-17_post-image-data_v-3.1.3_post-multiple-data-HTTP" LastModified="now" MarkReadPending="false" ModificationDate="" Notes="" NotifiedIncoming="true" Owner="local" Priority="P3" Reminded="false" RepositoryUrl="local" ScheduledEndDate="2014-09-06 23:59:59.999 +0900" ScheduledStartDate="2014-08-31 00:00:00.0 +0900" Stale="false" TaskId="53" offlineSyncState="SYNCHRONIZED"/><Task Active="false" ConnectorKind="local" CreationDate="2014-09-26 15:30:44.23 +0900" DueDate="" EndDate="2014-09-27 16:45:57.993 +0900" Estimated="0" Handle="local-103" IssueURL="" Kind="task" Label="D-29_LAB_wave_v-1.2_dialog" LastModified="now" MarkReadPending="false" ModificationDate="" Notes="" NotifiedIncoming="true" Owner="local" Priority="P3" Reminded="false" RepositoryUrl="local" ScheduledEndDate="2014-09-27 23:59:59.999 +0900" ScheduledStartDate="2014-09-21 00:00:00.0 +0900" Stale="false" TaskId="103" offlineSyncState="SYNCHRONIZED"/><Task Active="false" ConnectorKind="local" CreationDate="2014-09-17 23:29:18.617 +0900" DueDate="" EndDate="2014-09-18 00:19:41.723 +0900" Estimated="0" Handle="local-84" IssueURL="" Kind="task" Label="D-4_save-to-buy-list_v-4.0_save-list" LastModified="now" MarkReadPending="false" ModificationDate="" Notes="" NotifiedIncoming="true" Owner="local" Priority="P3" Reminded="false" RepositoryUrl="local" ScheduledEndDate="2014-09-20 23:59:59.999 +0900" ScheduledStartDate="2014-09-14 00:00:00.0 +0900" Stale="false" TaskId="84" offlineSyncState="SYNCHRONIZED"/><Task Active="false" ConnectorKind="local" CreationDate="2014-08-23 14:42:03.229 +0900" DueDate="" EndDate="2014-08-23 21:03:51.814 +0900" Estimated="0" Handle="local-12" IssueURL="" Kind="task" Label="D-3_setup_MemoActv_v-4.1_&quot;:,#&quot;" LastModified="now" MarkReadPending="false" ModificationDate="" Notes="" NotifiedIncoming="true" Owner="local" Priority="P3" Reminded="false" RepositoryUrl="local" ScheduledEndDate="2014-08-23 23:59:59.999 +0900" ScheduledStartDate="2014-08-17 00:00:00.0 +0900" Stale="false" TaskId="12" offlineSyncState="SYNCHRONIZED"/><Task Active="false" ConnectorKind="local" CreationDate="2014-09-13 11:55:03.998 +0900" DueDate="" EndDate="2014-09-26 14:20:55.970 +0900" Estimated="0" Handle="local-65" IssueURL="" Kind="task" Label="D-22_memo-dialog_listviews_v-1.1_update-patterns-table" LastModified="now" MarkReadPending="false" ModificationDate="" Notes="" NotifiedIncoming="true" Owner="local" Priority="P3" Reminded="false" RepositoryUrl="local" ScheduledEndDate="2014-09-13 23:59:59.999 +0900" ScheduledStartDate="2014-09-07 00:00:00.0 +0900" Stale="false" TaskId="65" offlineSyncState="SYNCHRONIZED"/><Task Active="false" ConnectorKind="local" CreationDate="2014-09-03 15:52:42.808 +0900" DueDate="" EndDate="2014-09-08 21:12:22.89 +0900" Estimated="0" Handle="local-49" IssueURL="" Kind="task" Label="D-9_memo-list-size_v-3.1_set-list-in-spinner" LastModified="now" MarkReadPending="false" ModificationDate="" Notes="" NotifiedIncoming="true" Owner="local" Priority="P3" Reminded="false" RepositoryUrl="local" ScheduledEndDate="2014-09-06 23:59:59.999 +0900" ScheduledStartDate="2014-08-31 00:00:00.0 +0900" Stale="false" TaskId="49" offlineSyncState="SYNCHRONIZED"/><Task Active="false" ConnectorKind="local" CreationDate="2014-09-27 16:48:09.204 +0900" DueDate="" EndDate="" Estimated="0" Handle="local-109" IssueURL="" Kind="task" Label="D-15_MODIFY-1_parens_v-1.0" LastModified="now" MarkReadPending="false" ModificationDate="" Notes="" NotifiedIncoming="true" Owner="local" Priority="P3" Reminded="false" RepositoryUrl="local" ScheduledEndDate="2014-09-27 23:59:59.999 +0900" ScheduledStartDate="2014-09-21 00:00:00.0 +0900" Stale="false" TaskId="109" offlineSyncState="SYNCHRONIZED"/><Task Active="false" ConnectorKind="local" CreationDate="2014-09-27 16:42:31.243 +0900" DueDate="" EndDate="" Estimated="0" Handle="local-108" IssueURL="" Kind="task" Label="D-29_LAB_wave_v-2.2_2-channels" LastModified="now" MarkReadPending="false" ModificationDate="" Notes="" NotifiedIncoming="true" Owner="local" Priority="P3" Reminded="false" RepositoryUrl="local" ScheduledEndDate="2014-09-27 23:59:59.999 +0900" ScheduledStartDate="2014-09-21 00:00:00.0 +0900" Stale="false" TaskId="108" offlineSyncState="SYNCHRONIZED"/><Task Active="false" ConnectorKind="local" CreationDate="2014-09-03 16:12:41.10 +0900" DueDate="" EndDate="2014-09-08 21:12:22.89 +0900" Estimated="0" Handle="local-50" IssueURL="" Kind="task" Label="D-9_memo-list-size_v-3.2_set-listener" LastModified="now" MarkReadPending="false" ModificationDate="" Notes="" NotifiedIncoming="true" Owner="local" Priority="P3" Reminded="false" RepositoryUrl="local" ScheduledEndDate="2014-09-06 23:59:59.999 +0900" ScheduledStartDate="2014-08-31 00:00:00.0 +0900" Stale="false" TaskId="50" offlineSyncState="SYNCHRONIZED"/><Task Active="false" ConnectorKind="local" CreationDate="2014-09-28 08:31:51.225 +0900" DueDate="" EndDate="" Estimated="0" Handle="local-110" Kind="task" Label="D-24_auto-backup_v-1.0" LastModified="now" MarkReadPending="false" ModificationDate="" Notes="" NotifiedIncoming="true" Owner="local" Priority="P3" Reminded="false" RepositoryUrl="local" ScheduledEndDate="2014-10-04 23:59:59.999 +0900" ScheduledStartDate="2014-09-28 00:00:00.0 +0900" Stale="false" TaskId="110" offlineSyncState="SYNCHRONIZED"/><Task Active="false" ConnectorKind="local" CreationDate="2014-09-20 08:36:22.603 +0900" DueDate="" EndDate="2014-09-23 16:43:28.554 +0900" Estimated="0" Handle="local-93" IssueURL="" Kind="task" Label="D-3_tabs_v-4.0_navigation" LastModified="now" MarkReadPending="false" ModificationDate="" Notes="" NotifiedIncoming="true" Owner="local" Priority="P3" Reminded="false" RepositoryUrl="local" ScheduledEndDate="2014-09-20 23:59:59.999 +0900" ScheduledStartDate="2014-09-14 00:00:00.0 +0900" Stale="false" TaskId="93" offlineSyncState="SYNCHRONIZED"/><Task Active="false" ConnectorKind="local" CreationDate="2014-09-14 08:42:11.31 +0900" DueDate="" EndDate="2014-09-26 14:20:55.969 +0900" Estimated="0" Handle="local-66" IssueURL="" Kind="task" Label="D-22_memo-dialog_listviews_v-1.2_import-data" LastModified="now" MarkReadPending="false" ModificationDate="" Notes="" NotifiedIncoming="true" Owner="local" Priority="P3" Reminded="false" RepositoryUrl="local" ScheduledEndDate="2014-09-20 23:59:59.999 +0900" ScheduledStartDate="2014-09-14 00:00:00.0 +0900" Stale="false" TaskId="66" offlineSyncState="SYNCHRONIZED"/><Task Active="false" ConnectorKind="local" CreationDate="2014-08-21 17:14:53.922 +0900" DueDate="" EndDate="2014-08-23 10:15:01.860 +0900" Estimated="0" Handle="local-5" IssueURL="" Kind="task" Label="D-3_setup_MemoActv_import-patterns_v-2.1" LastModified="now" MarkReadPending="false" ModificationDate="" Notes="" NotifiedIncoming="true" Owner="local" Priority="P3" Reminded="false" RepositoryUrl="local" ScheduledEndDate="2014-08-23 23:59:59.999 +0900" ScheduledStartDate="2014-08-17 00:00:00.0 +0900" Stale="false" TaskId="5" offlineSyncState="SYNCHRONIZED"/><Task Active="false" ConnectorKind="local" CreationDate="2014-09-01 14:30:03.280 +0900" DueDate="" EndDate="2014-09-02 17:12:17.480 +0900" Estimated="0" Handle="local-39" IssueURL="" Kind="task" Label="D-19_LogActv_v-1.0" LastModified="now" MarkReadPending="false" ModificationDate="" Notes="" NotifiedIncoming="true" Owner="local" Priority="P3" Reminded="false" RepositoryUrl="local" ScheduledEndDate="2014-09-06 23:59:59.999 +0900" ScheduledStartDate="2014-08-31 00:00:00.0 +0900" Stale="false" TaskId="39" offlineSyncState="SYNCHRONIZED"/><Task Active="false" ConnectorKind="local" CreationDate="2014-09-03 08:29:51.466 +0900" DueDate="" EndDate="2014-09-13 10:16:05.277 +0900" Estimated="0" Handle="local-43" IssueURL="" Kind="task" Label="D-17/SEG-2_FIX_delete-file_v-1.0" LastModified="now" MarkReadPending="false" ModificationDate="" Notes="" NotifiedIncoming="true" Owner="local" Priority="P3" Reminded="false" RepositoryUrl="local" ScheduledEndDate="2014-09-06 23:59:59.999 +0900" ScheduledStartDate="2014-08-31 00:00:00.0 +0900" Stale="false" TaskId="43" offlineSyncState="SYNCHRONIZED"/><Task Active="false" ConnectorKind="local" CreationDate="2014-08-30 10:55:54.628 +0900" DueDate="" EndDate="2014-08-30 18:38:29.561 +0900" Estimated="0" Handle="local-34" IssueURL="" Kind="task" Label="D-20_move-files_v-6.0" LastModified="now" MarkReadPending="false" ModificationDate="" Notes="" NotifiedIncoming="true" Owner="local" Priority="P3" Reminded="false" RepositoryUrl="local" ScheduledEndDate="2014-08-30 23:59:59.999 +0900" ScheduledStartDate="2014-08-24 00:00:00.0 +0900" Stale="false" TaskId="34" offlineSyncState="SYNCHRONIZED"/><Task Active="false" ConnectorKind="local" CreationDate="2014-09-03 09:23:47.87 +0900" DueDate="" EndDate="2014-09-13 10:16:05.277 +0900" Estimated="0" Handle="local-44" IssueURL="" Kind="task" Label="D-17/SEG-1_add_last-viewed-at_v-1.0" LastModified="now" MarkReadPending="false" ModificationDate="" Notes="" NotifiedIncoming="true" Owner="local" Priority="P3" Reminded="false" RepositoryUrl="local" ScheduledEndDate="2014-09-06 23:59:59.999 +0900" ScheduledStartDate="2014-08-31 00:00:00.0 +0900" Stale="false" TaskId="44" offlineSyncState="SYNCHRONIZED"/><TaskCategory Handle="handle-3" Name="A: cm7"><TaskReference Handle="local-27"/><TaskReference Handle="local-28"/><TaskReference Handle="local-29"/><TaskReference Handle="local-30"/><TaskReference Handle="local-31"/><TaskReference Handle="local-32"/><TaskReference Handle="local-33"/><TaskReference Handle="local-34"/><TaskReference Handle="local-35"/><TaskReference Handle="local-36"/><TaskReference Handle="local-38"/><TaskReference Handle="local-101"/><TaskReference Handle="local-103"/><TaskReference Handle="local-104"/><TaskReference Handle="local-106"/><TaskReference Handle="local-107"/><TaskReference Handle="local-108"/></TaskCategory><TaskCategory Handle="handle-4" Name="A: SL3"><TaskReference Handle="local-55"/><TaskReference Handle="local-54"/><TaskReference Handle="local-57"/><TaskReference Handle="local-69"/><TaskReference Handle="local-70"/><TaskReference Handle="local-71"/><TaskReference Handle="local-72"/><TaskReference Handle="local-73"/><TaskReference Handle="local-74"/><TaskReference Handle="local-75"/><TaskReference Handle="local-76"/><TaskReference Handle="local-77"/><TaskReference Handle="local-78"/><TaskReference Handle="local-79"/><TaskReference Handle="local-80"/><TaskReference Handle="local-81"/><TaskReference Handle="local-82"/><TaskReference Handle="local-83"/><TaskReference Handle="local-84"/><TaskReference Handle="local-85"/><TaskReference Handle="local-86"/><TaskReference Handle="local-87"/><TaskReference Handle="local-88"/><TaskReference Handle="local-89"/><TaskReference Handle="local-90"/><TaskReference Handle="local-91"/><TaskReference Handle="local-92"/><TaskReference Handle="local-93"/><TaskReference Handle="local-94"/><TaskReference Handle="local-95"/><TaskReference Handle="local-97"/><TaskReference Handle="local-98"/><TaskReference Handle="local-99"/></TaskCategory><TaskCategory Handle="handle-1" Name="A: IFM11"><TaskReference Handle="local-1"/><TaskReference Handle="local-39"/><TaskReference Handle="local-40"/><TaskReference Handle="local-41"/><TaskReference Handle="local-42"/><TaskReference Handle="local-43"/><TaskReference Handle="local-44"/><TaskReference Handle="local-52"/><TaskReference Handle="local-53"/><TaskReference Handle="local-59"/><TaskReference Handle="local-64"/><TaskReference Handle="local-65"/><TaskReference Handle="local-66"/><TaskReference Handle="local-67"/><TaskReference Handle="local-100"/><TaskReference Handle="local-102"/><TaskReference Handle="local-110"/><TaskReference Handle="local-111"/><TaskReference Handle="local-112"/></TaskCategory><TaskCategory Handle="handle-2" Name="A: TA2"><TaskReference Handle="local-2"/><TaskReference Handle="local-3"/><TaskReference Handle="local-4"/><TaskReference Handle="local-5"/><TaskReference Handle="local-6"/><TaskReference Handle="local-7"/><TaskReference Handle="local-8"/><TaskReference Handle="local-9"/><TaskReference Handle="local-10"/><TaskReference Handle="local-11"/><TaskReference Handle="local-12"/><TaskReference Handle="local-13"/><TaskReference Handle="local-14"/><TaskReference Handle="local-15"/><TaskReference Handle="local-16"/><TaskReference Handle="local-17"/><TaskReference Handle="local-18"/><TaskReference Handle="local-19"/><TaskReference Handle="local-20"/><TaskReference Handle="local-21"/><TaskReference Handle="local-22"/><TaskReference Handle="local-23"/><TaskReference Handle="local-24"/><TaskReference Handle="local-25"/><TaskReference Handle="local-26"/><TaskReference Handle="local-37"/><TaskReference Handle="local-45"/><TaskReference Handle="local-46"/><TaskReference Handle="local-47"/><TaskReference Handle="local-48"/><TaskReference Handle="local-49"/><TaskReference Handle="local-50"/><TaskReference Handle="local-51"/><TaskReference Handle="local-56"/><TaskReference Handle="local-58"/><TaskReference Handle="local-60"/><TaskReference Handle="local-61"/><TaskReference Handle="local-62"/><TaskReference Handle="local-63"/><TaskReference Handle="local-68"/><TaskReference Handle="local-96"/><TaskReference Handle="local-105"/><TaskReference Handle="local-109"/></TaskCategory><TaskCategory Handle="Uncategorized" Name="Uncategorized"/></TaskList>