<?xml version="1.0" encoding="UTF-8"?><InteractionHistory Id="local-204" Version="1"><InteractionEvent Delta="null" EndDate="2014-11-11 09:58:58.248 JST" Interest="349.051" Kind="propagation" Navigation="null" OriginId="org.eclipse.jdt.ui.CompilationUnitEditor" StartDate="2014-11-10 11:35:05.858 JST" StructureHandle="/TA2/src" StructureKind="resource" NumEvents="352" CreationCount="1"/><InteractionEvent Delta="null" EndDate="2014-11-10 11:55:06.411 JST" Interest="6.0" Kind="selection" Navigation="null" OriginId="org.eclipse.jdt.ui.CompilationUnitEditor" StartDate="2014-11-10 11:35:21.495 JST" StructureHandle="=TA2/src&amp;lt;ta2.listeners.dialog{DB_OCL.java" StructureKind="java" NumEvents="6" CreationCount="4"/><InteractionEvent Delta="null" EndDate="2014-11-10 11:52:13.845 JST" Interest="21.589" Kind="propagation" Navigation="org.eclipse.mylyn.core.model.edges.containment" OriginId="org.eclipse.mylyn.core.model.interest.propagation" StartDate="2014-11-10 11:35:29.34 JST" StructureHandle="=TA2/src&amp;lt;ta2.listeners.dialog{DB_OCL.java" StructureKind="java" NumEvents="35" CreationCount="4"/><InteractionEvent Delta="null" EndDate="2014-11-10 11:55:06.468 JST" Interest="59.0" Kind="propagation" Navigation="null" OriginId="org.eclipse.jdt.ui.CompilationUnitEditor" StartDate="2014-11-10 11:35:21.496 JST" StructureHandle="/TA2/src/ta2/listeners/dialog/DB_OCL.java" StructureKind="resource" NumEvents="59" CreationCount="4"/><InteractionEvent Delta="null" EndDate="2014-11-10 11:49:55.43 JST" Interest="4.0" Kind="selection" Navigation="null" OriginId="org.eclipse.jdt.ui.CompilationUnitEditor" StartDate="2014-11-10 11:44:14.114 JST" StructureHandle="=TA2/src&amp;lt;ta2.utils{Methods.java[Methods~filter_MemoList_History~QActivity;~QDialog;~QFilterHistory;" StructureKind="java" NumEvents="4" CreationCount="143"/><InteractionEvent Delta="null" EndDate="2014-11-10 11:50:22.652 JST" Interest="7.0" Kind="edit" Navigation="null" OriginId="org.eclipse.jdt.ui.CompilationUnitEditor" StartDate="2014-11-10 11:44:18.771 JST" StructureHandle="=TA2/src&amp;lt;ta2.utils{Methods.java[Methods~filter_MemoList_History~QActivity;~QDialog;~QFilterHistory;" StructureKind="java" NumEvents="7" CreationCount="143"/><InteractionEvent Delta="null" EndDate="2014-11-11 09:58:38.532 JST" Interest="1.0" Kind="selection" Navigation="null" OriginId="org.eclipse.jdt.ui.PackageExplorer" StartDate="2014-11-11 09:58:38.532 JST" StructureHandle="=TA2" StructureKind="java"/><InteractionEvent Delta="null" EndDate="2014-11-11 09:58:58.248 JST" Interest="348.051" Kind="propagation" Navigation="org.eclipse.mylyn.core.model.edges.containment" OriginId="org.eclipse.mylyn.core.model.interest.propagation" StartDate="2014-11-10 11:35:05.859 JST" StructureHandle="=TA2" StructureKind="resource" NumEvents="351" CreationCount="1"/><InteractionEvent Delta="null" EndDate="2014-11-10 11:35:19.390 JST" Interest="1.0" Kind="selection" Navigation="null" OriginId="org.eclipse.jdt.ui.PackageExplorer" StartDate="2014-11-10 11:35:19.390 JST" StructureHandle="=TA2/src&amp;lt;ta2.listeners.dialog" StructureKind="java"/><InteractionEvent Delta="null" EndDate="2014-11-10 11:55:06.412 JST" Interest="26.606" Kind="propagation" Navigation="org.eclipse.mylyn.core.model.edges.containment" OriginId="org.eclipse.mylyn.core.model.interest.propagation" StartDate="2014-11-10 11:35:21.497 JST" StructureHandle="=TA2/src&amp;lt;ta2.listeners.dialog" StructureKind="java" NumEvents="41" CreationCount="3"/><InteractionEvent Delta="null" EndDate="2014-11-11 09:58:58.248 JST" Interest="287.0" Kind="propagation" Navigation="null" OriginId="org.eclipse.jdt.ui.CompilationUnitEditor" StartDate="2014-11-10 11:38:10.284 JST" StructureHandle="/TA2/src/ta2/utils" StructureKind="resource" NumEvents="287" CreationCount="42"/><InteractionEvent Delta="null" EndDate="2014-11-10 11:51:36.383 JST" Interest="139.0" Kind="propagation" Navigation="null" OriginId="org.eclipse.jdt.ui.CompilationUnitEditor" StartDate="2014-11-10 11:41:58.399 JST" StructureHandle="/TA2/src/ta2/utils/DBUtils.java" StructureKind="resource" NumEvents="139" CreationCount="101"/><InteractionEvent Delta="null" EndDate="2014-11-11 09:58:58.247 JST" Interest="286.68" Kind="propagation" Navigation="org.eclipse.mylyn.core.model.edges.containment" OriginId="org.eclipse.mylyn.core.model.interest.propagation" StartDate="2014-11-10 11:35:07.772 JST" StructureHandle="/TA2/src/ta2" StructureKind="resource" NumEvents="290" CreationCount="2"/><InteractionEvent Delta="null" EndDate="2014-11-11 09:58:58.247 JST" Interest="1.0" Kind="propagation" Navigation="org.eclipse.mylyn.core.model.edges.containment" OriginId="org.eclipse.mylyn.core.model.interest.propagation" StartDate="2014-11-11 09:58:58.247 JST" StructureHandle="=TA2/src&amp;lt;ta2.utils{Methods.java#" StructureKind="java"/><InteractionEvent Delta="null" EndDate="2014-11-10 11:47:35.579 JST" Interest="5.0" Kind="selection" Navigation="null" OriginId="org.eclipse.jdt.ui.CompilationUnitEditor" StartDate="2014-11-10 11:46:34.497 JST" StructureHandle="=TA2/src&amp;lt;ta2.utils{DBUtils.java[DBUtils~find_All_Memos~QActivity;~QCONS.Enums.SortOrder;" StructureKind="java" NumEvents="5" CreationCount="166"/><InteractionEvent Delta="null" EndDate="2014-11-10 11:47:12.742 JST" Interest="10.0" Kind="edit" Navigation="null" OriginId="org.eclipse.jdt.ui.CompilationUnitEditor" StartDate="2014-11-10 11:46:35.58 JST" StructureHandle="=TA2/src&amp;lt;ta2.utils{DBUtils.java[DBUtils~find_All_Memos~QActivity;~QCONS.Enums.SortOrder;" StructureKind="java" NumEvents="10" CreationCount="166"/><InteractionEvent Delta="null" EndDate="2014-11-10 11:35:55.322 JST" Interest="1.0" Kind="selection" Navigation="null" OriginId="org.eclipse.jdt.ui.CompilationUnitEditor" StartDate="2014-11-10 11:35:55.322 JST" StructureHandle="=TA2/src&amp;lt;ta2.listeners.dialog{DB_OCL.java[DB_OCL~onClick~QView;" StructureKind="java"/><InteractionEvent Delta="null" EndDate="2014-11-10 11:35:59.956 JST" Interest="3.0" Kind="edit" Navigation="null" OriginId="org.eclipse.jdt.ui.CompilationUnitEditor" StartDate="2014-11-10 11:35:58.214 JST" StructureHandle="=TA2/src&amp;lt;ta2.listeners.dialog{DB_OCL.java[DB_OCL~onClick~QView;" StructureKind="java" NumEvents="3" CreationCount="17"/><InteractionEvent Delta="null" EndDate="2014-11-10 11:56:37.899 JST" Interest="4.0" Kind="prediction" Navigation="null" OriginId="org.eclipse.mylyn.resources.ui.interest.updater" StartDate="2014-11-10 11:40:41.65 JST" StructureHandle="/TA2/bin/classes.dex" StructureKind="resource" NumEvents="4" CreationCount="92"/><InteractionEvent Delta="null" EndDate="2014-11-10 11:44:12.946 JST" Interest="1.0" Kind="selection" Navigation="null" OriginId="org.eclipse.jdt.ui.CompilationUnitEditor" StartDate="2014-11-10 11:44:12.946 JST" StructureHandle="=TA2/src&amp;lt;ta2.utils{Methods.java[Methods~filter_MemoList_Single_KW~QActivity;~I~QString;" StructureKind="java"/><InteractionEvent Delta="null" EndDate="2014-11-10 11:35:07.772 JST" Interest="1.0" Kind="selection" Navigation="null" OriginId="org.eclipse.jdt.ui.PackageExplorer" StartDate="2014-11-10 11:35:07.772 JST" StructureHandle="=TA2/src&amp;lt;ta2.main" StructureKind="java"/><InteractionEvent Delta="null" EndDate="2014-11-10 11:55:12.22 JST" Interest="10.0" Kind="selection" Navigation="null" OriginId="org.eclipse.jdt.ui.CompilationUnitEditor" StartDate="2014-11-10 11:38:11.319 JST" StructureHandle="=TA2/src&amp;lt;ta2.utils{Methods.java[Methods~filter_MemoList_Single_KW~QActivity;~I~QEditText;" StructureKind="java" NumEvents="10" CreationCount="44"/><InteractionEvent Delta="null" EndDate="2014-11-10 12:01:37.195 JST" Interest="103.0" Kind="edit" Navigation="null" OriginId="org.eclipse.jdt.ui.CompilationUnitEditor" StartDate="2014-11-10 11:38:11.890 JST" StructureHandle="=TA2/src&amp;lt;ta2.utils{Methods.java[Methods~filter_MemoList_Single_KW~QActivity;~I~QEditText;" StructureKind="java" NumEvents="103" CreationCount="44"/><InteractionEvent Delta="null" EndDate="2014-11-10 11:55:06.468 JST" Interest="59.017" Kind="propagation" Navigation="org.eclipse.mylyn.core.model.edges.containment" OriginId="org.eclipse.mylyn.core.model.interest.propagation" StartDate="2014-11-10 11:35:19.390 JST" StructureHandle="/TA2/src/ta2/listeners" StructureKind="resource" NumEvents="60" CreationCount="3"/><InteractionEvent Delta="null" EndDate="2014-11-10 11:56:37.899 JST" Interest="4.0" Kind="prediction" Navigation="null" OriginId="org.eclipse.mylyn.resources.ui.interest.updater" StartDate="2014-11-10 11:40:41.65 JST" StructureHandle="/TA2/bin/TA2.apk" StructureKind="resource" NumEvents="4" CreationCount="92"/><InteractionEvent Delta="null" EndDate="2014-11-10 11:49:27.319 JST" Interest="2.0" Kind="selection" Navigation="null" OriginId="org.eclipse.jdt.ui.CompilationUnitEditor" StartDate="2014-11-10 11:44:13.543 JST" StructureHandle="=TA2/src&amp;lt;ta2.utils{Methods.java[Methods~filter_MemoList_Single_KW~QActivity;~QString;~QString;" StructureKind="java" NumEvents="2" CreationCount="142"/><InteractionEvent Delta="null" EndDate="2014-11-10 11:49:27.319 JST" Interest="1.023" Kind="manipulation" Navigation="null" OriginId="org.eclipse.mylyn.core.model.interest.decay.correction" StartDate="2014-11-10 11:49:27.319 JST" StructureHandle="=TA2/src&amp;lt;ta2.utils{Methods.java[Methods~filter_MemoList_Single_KW~QActivity;~QString;~QString;" StructureKind="java"/><InteractionEvent Delta="null" EndDate="2014-11-10 11:49:48.218 JST" Interest="3.0" Kind="edit" Navigation="null" OriginId="org.eclipse.jdt.ui.CompilationUnitEditor" StartDate="2014-11-10 11:49:28.170 JST" StructureHandle="=TA2/src&amp;lt;ta2.utils{Methods.java[Methods~filter_MemoList_Single_KW~QActivity;~QString;~QString;" StructureKind="java" NumEvents="3" CreationCount="142"/><InteractionEvent Delta="null" EndDate="2014-11-10 11:55:06.468 JST" Interest="59.017" Kind="propagation" Navigation="org.eclipse.mylyn.core.model.edges.containment" OriginId="org.eclipse.mylyn.core.model.interest.propagation" StartDate="2014-11-10 11:35:19.390 JST" StructureHandle="/TA2/src/ta2/listeners/dialog" StructureKind="resource" NumEvents="60" CreationCount="3"/><InteractionEvent Delta="null" EndDate="2014-11-11 09:58:57.137 JST" Interest="85.534004" Kind="propagation" Navigation="org.eclipse.mylyn.core.model.edges.containment" OriginId="org.eclipse.mylyn.core.model.interest.propagation" StartDate="2014-11-10 11:38:10.284 JST" StructureHandle="=TA2/src&amp;lt;ta2.utils" StructureKind="java" NumEvents="118" CreationCount="42"/><InteractionEvent Delta="null" EndDate="2014-11-10 11:51:25.95 JST" Interest="3.0" Kind="selection" Navigation="null" OriginId="org.eclipse.jdt.ui.CompilationUnitEditor" StartDate="2014-11-10 11:41:58.398 JST" StructureHandle="=TA2/src&amp;lt;ta2.utils{DBUtils.java" StructureKind="java" NumEvents="3" CreationCount="101"/><InteractionEvent Delta="null" EndDate="2014-11-10 11:51:36.383 JST" Interest="46.815002" Kind="propagation" Navigation="org.eclipse.mylyn.core.model.edges.containment" OriginId="org.eclipse.mylyn.core.model.interest.propagation" StartDate="2014-11-10 11:41:59.608 JST" StructureHandle="=TA2/src&amp;lt;ta2.utils{DBUtils.java" StructureKind="java" NumEvents="68" CreationCount="101"/><InteractionEvent Delta="null" EndDate="2014-11-11 09:58:57.83 JST" Interest="12.0" Kind="selection" Navigation="null" OriginId="org.eclipse.jdt.ui.CompilationUnitEditor" StartDate="2014-11-10 11:38:10.283 JST" StructureHandle="=TA2/src&amp;lt;ta2.utils{Methods.java" StructureKind="java" NumEvents="12" CreationCount="42"/><InteractionEvent Delta="null" EndDate="2014-11-11 09:58:57.136 JST" Interest="2.0" Kind="edit" Navigation="null" OriginId="org.eclipse.jdt.ui.CompilationUnitEditor" StartDate="2014-11-11 09:58:33.400 JST" StructureHandle="=TA2/src&amp;lt;ta2.utils{Methods.java" StructureKind="java" NumEvents="2" CreationCount="42"/><InteractionEvent Delta="null" EndDate="2014-11-10 12:01:37.196 JST" Interest="72.134" Kind="propagation" Navigation="org.eclipse.mylyn.core.model.edges.containment" OriginId="org.eclipse.mylyn.core.model.interest.propagation" StartDate="2014-11-10 11:38:13.233 JST" StructureHandle="=TA2/src&amp;lt;ta2.utils{Methods.java" StructureKind="java" NumEvents="103" CreationCount="42"/><InteractionEvent Delta="null" EndDate="2014-11-10 11:50:56.187 JST" Interest="1.0" Kind="selection" Navigation="null" OriginId="org.eclipse.jdt.ui.CompilationUnitEditor" StartDate="2014-11-10 11:50:56.187 JST" StructureHandle="=TA2/src&amp;lt;ta2.listeners.dialog{DB_OCL.java[DB_OCL" StructureKind="java"/><InteractionEvent Delta="null" EndDate="2014-11-10 11:55:06.468 JST" Interest="25.855" Kind="propagation" Navigation="org.eclipse.mylyn.core.model.edges.containment" OriginId="org.eclipse.mylyn.core.model.interest.propagation" StartDate="2014-11-10 11:35:28.360 JST" StructureHandle="=TA2/src&amp;lt;ta2.listeners.dialog{DB_OCL.java[DB_OCL" StructureKind="java" NumEvents="37" CreationCount="6"/><InteractionEvent Delta="null" EndDate="2014-11-10 11:50:57.919 JST" Interest="1.0" Kind="edit" Navigation="null" OriginId="org.eclipse.jdt.ui.CompilationUnitEditor" StartDate="2014-11-10 11:50:57.919 JST" StructureHandle="=TA2/src&amp;lt;ta2.listeners.dialog{DB_OCL.java[DB_OCL" StructureKind="java"/><InteractionEvent Delta="null" EndDate="2014-11-11 09:58:58.249 JST" Interest="349.051" Kind="propagation" Navigation="org.eclipse.mylyn.core.model.edges.containment" OriginId="org.eclipse.mylyn.core.model.interest.propagation" StartDate="2014-11-10 11:35:05.859 JST" StructureHandle="/" StructureKind="resource" NumEvents="352" CreationCount="1"/><InteractionEvent Delta="null" EndDate="2014-11-10 11:55:06.467 JST" Interest="7.0" Kind="selection" Navigation="null" OriginId="org.eclipse.jdt.ui.CompilationUnitEditor" StartDate="2014-11-10 11:36:10.181 JST" StructureHandle="=TA2/src&amp;lt;ta2.listeners.dialog{DB_OCL.java[DB_OCL~case_DLG_FILTER_SHOWLIST_OK_2" StructureKind="java" NumEvents="7" CreationCount="21"/><InteractionEvent Delta="null" EndDate="2014-11-10 11:52:13.844 JST" Interest="29.0" Kind="edit" Navigation="null" OriginId="org.eclipse.jdt.ui.CompilationUnitEditor" StartDate="2014-11-10 11:36:11.185 JST" StructureHandle="=TA2/src&amp;lt;ta2.listeners.dialog{DB_OCL.java[DB_OCL~case_DLG_FILTER_SHOWLIST_OK_2" StructureKind="java" NumEvents="29" CreationCount="21"/><InteractionEvent Delta="null" EndDate="2014-11-10 11:35:29.33 JST" Interest="2.0" Kind="selection" Navigation="null" OriginId="org.eclipse.ui.views.ContentOutline" StartDate="2014-11-10 11:35:28.360 JST" StructureHandle="=TA2/src&amp;lt;ta2.listeners.dialog{DB_OCL.java[DB_OCL^actv" StructureKind="java" NumEvents="2" CreationCount="6"/><InteractionEvent Delta="null" EndDate="2014-11-10 11:51:28.219 JST" Interest="2.0" Kind="selection" Navigation="null" OriginId="org.eclipse.jdt.ui.CompilationUnitEditor" StartDate="2014-11-10 11:47:48.999 JST" StructureHandle="=TA2/src&amp;lt;ta2.utils{DBUtils.java[DBUtils~find_All_Memos~QActivity;~QString;~QString;" StructureKind="java" NumEvents="2" CreationCount="196"/><InteractionEvent Delta="null" EndDate="2014-11-10 11:51:36.382 JST" Interest="66.0" Kind="edit" Navigation="null" OriginId="org.eclipse.jdt.ui.CompilationUnitEditor" StartDate="2014-11-10 11:47:49.17 JST" StructureHandle="=TA2/src&amp;lt;ta2.utils{DBUtils.java[DBUtils~find_All_Memos~QActivity;~QString;~QString;" StructureKind="java" NumEvents="66" CreationCount="196"/><InteractionEvent Delta="null" EndDate="2014-11-10 11:46:34.563 JST" Interest="3.0" Kind="selection" Navigation="null" OriginId="org.eclipse.jdt.ui.CompilationUnitEditor" StartDate="2014-11-10 11:46:32.341 JST" StructureHandle="=TA2/src&amp;lt;ta2.utils{DBUtils.java[DBUtils~find_All_Memos~QActivity;~QCONS.Enums.SortOrder;~I" StructureKind="java" NumEvents="3" CreationCount="165"/><InteractionEvent Delta="null" EndDate="2014-11-11 09:58:55.770 JST" Interest="4.0" Kind="selection" Navigation="null" OriginId="org.eclipse.jdt.ui.PackageExplorer" StartDate="2014-11-10 11:35:05.857 JST" StructureHandle="=TA2/src" StructureKind="java" NumEvents="4" CreationCount="169"/><InteractionEvent Delta="null" EndDate="2014-11-10 12:01:37.196 JST" Interest="81.831" Kind="propagation" Navigation="org.eclipse.mylyn.core.model.edges.containment" OriginId="org.eclipse.mylyn.core.model.interest.propagation" StartDate="2014-11-10 11:35:07.773 JST" StructureHandle="=TA2/src" StructureKind="java" NumEvents="127" CreationCount="1"/><InteractionEvent Delta="null" EndDate="2014-11-10 11:45:27.743 JST" Interest="2.0" Kind="propagation" Navigation="org.eclipse.mylyn.core.model.edges.containment" OriginId="org.eclipse.mylyn.core.model.interest.propagation" StartDate="2014-11-10 11:40:41.66 JST" StructureHandle="/TA2/bin" StructureKind="resource" NumEvents="2" CreationCount="92"/><InteractionEvent Delta="null" EndDate="2014-11-10 11:51:13.591 JST" Interest="3.0" Kind="selection" Navigation="null" OriginId="org.eclipse.jdt.ui.CompilationUnitEditor" StartDate="2014-11-10 11:44:05.753 JST" StructureHandle="=TA2/src&amp;lt;ta2.utils{Methods.java[Methods" StructureKind="java" NumEvents="3" CreationCount="44"/><InteractionEvent Delta="null" EndDate="2014-11-10 12:01:37.195 JST" Interest="79.1" Kind="propagation" Navigation="org.eclipse.mylyn.core.model.edges.containment" OriginId="org.eclipse.mylyn.core.model.interest.propagation" StartDate="2014-11-10 11:38:11.319 JST" StructureHandle="=TA2/src&amp;lt;ta2.utils{Methods.java[Methods" StructureKind="java" NumEvents="110" CreationCount="44"/><InteractionEvent Delta="null" EndDate="2014-11-10 11:35:44.658 JST" Interest="3.0" Kind="selection" Navigation="null" OriginId="org.eclipse.jdt.ui.CompilationUnitEditor" StartDate="2014-11-10 11:35:44.305 JST" StructureHandle="=TA2/src&amp;lt;ta2.listeners.dialog{DB_OCL.java[DB_OCL~case_DLG_FILTER_SHOWLIST_OK" StructureKind="java" NumEvents="3" CreationCount="9"/><InteractionEvent Delta="null" EndDate="2014-11-10 11:35:51.798 JST" Interest="3.0" Kind="edit" Navigation="null" OriginId="org.eclipse.jdt.ui.CompilationUnitEditor" StartDate="2014-11-10 11:35:45.149 JST" StructureHandle="=TA2/src&amp;lt;ta2.listeners.dialog{DB_OCL.java[DB_OCL~case_DLG_FILTER_SHOWLIST_OK" StructureKind="java" NumEvents="3" CreationCount="9"/><InteractionEvent Delta="null" EndDate="2014-11-10 11:47:35.601 JST" Interest="8.0" Kind="selection" Navigation="null" OriginId="org.eclipse.jdt.ui.CompilationUnitEditor" StartDate="2014-11-10 11:41:59.607 JST" StructureHandle="=TA2/src&amp;lt;ta2.utils{DBUtils.java[DBUtils~find_All_Memos~QActivity;" StructureKind="java" NumEvents="8" CreationCount="102"/><InteractionEvent Delta="null" EndDate="2014-11-10 11:47:39.727 JST" Interest="28.0" Kind="edit" Navigation="null" OriginId="org.eclipse.jdt.ui.CompilationUnitEditor" StartDate="2014-11-10 11:42:01.976 JST" StructureHandle="=TA2/src&amp;lt;ta2.utils{DBUtils.java[DBUtils~find_All_Memos~QActivity;" StructureKind="java" NumEvents="28" CreationCount="102"/><InteractionEvent Delta="null" EndDate="2014-11-10 11:35:44.575 JST" Interest="3.0" Kind="selection" Navigation="null" OriginId="org.eclipse.jdt.ui.CompilationUnitEditor" StartDate="2014-11-10 11:35:30.292 JST" StructureHandle="=TA2/src&amp;lt;ta2.listeners.dialog{DB_OCL.java[DB_OCL~DB_OCL~QActivity;~QDialog;~QDialog;" StructureKind="java" NumEvents="3" CreationCount="8"/><InteractionEvent Delta="null" EndDate="2014-11-10 11:35:07.772 JST" Interest="1.0" Kind="propagation" Navigation="null" OriginId="org.eclipse.jdt.ui.PackageExplorer" StartDate="2014-11-10 11:35:07.772 JST" StructureHandle="/TA2/src/ta2/main" StructureKind="resource"/><InteractionEvent Delta="null" EndDate="2014-11-10 11:51:25.292 JST" Interest="4.0" Kind="selection" Navigation="null" OriginId="org.eclipse.jdt.ui.CompilationUnitEditor" StartDate="2014-11-10 11:46:24.61 JST" StructureHandle="=TA2/src&amp;lt;ta2.utils{DBUtils.java[DBUtils" StructureKind="java" NumEvents="4" CreationCount="102"/><InteractionEvent Delta="null" EndDate="2014-11-10 11:51:36.382 JST" Interest="42.998" Kind="propagation" Navigation="org.eclipse.mylyn.core.model.edges.containment" OriginId="org.eclipse.mylyn.core.model.interest.propagation" StartDate="2014-11-10 11:41:59.608 JST" StructureHandle="=TA2/src&amp;lt;ta2.utils{DBUtils.java[DBUtils" StructureKind="java" NumEvents="59" CreationCount="102"/><InteractionEvent Delta="null" EndDate="2014-11-10 11:49:13.457 JST" Interest="4.0" Kind="edit" Navigation="null" OriginId="org.eclipse.jdt.ui.CompilationUnitEditor" StartDate="2014-11-10 11:47:44.276 JST" StructureHandle="=TA2/src&amp;lt;ta2.utils{DBUtils.java[DBUtils" StructureKind="java" NumEvents="4" CreationCount="102"/><InteractionEvent Delta="null" EndDate="2014-11-11 09:58:58.247 JST" Interest="148.0" Kind="propagation" Navigation="null" OriginId="org.eclipse.jdt.ui.CompilationUnitEditor" StartDate="2014-11-10 11:38:10.283 JST" StructureHandle="/TA2/src/ta2/utils/Methods.java" StructureKind="resource" NumEvents="148" CreationCount="42"/><InteractionEvent Delta="null" EndDate="2014-11-10 11:40:41.65 JST" Interest="1.0" Kind="prediction" Navigation="null" OriginId="org.eclipse.mylyn.resources.ui.interest.updater" StartDate="2014-11-10 11:40:41.65 JST" StructureHandle="/TA2/bin/resources.ap_" StructureKind="resource"/><InteractionEvent Delta="null" EndDate="2014-11-11 09:58:58.246 JST" Interest="1.0" Kind="selection" Navigation="null" OriginId="org.eclipse.jdt.ui.CompilationUnitEditor" StartDate="2014-11-11 09:58:58.246 JST" StructureHandle="=TA2/src&amp;lt;ta2.utils{Methods.java#java.io.UnsupportedEncodingException" StructureKind="java"/></InteractionHistory>