<?xml version="1.0" encoding="UTF-8"?><InteractionHistory Id="local-178" Version="1"><InteractionEvent Delta="null" EndDate="2014-10-29 12:22:27.218 JST" Interest="3404.034" Kind="propagation" Navigation="org.eclipse.mylyn.core.model.edges.containment" OriginId="org.eclipse.mylyn.core.model.interest.propagation" StartDate="2014-10-29 09:36:56.135 JST" StructureHandle="" StructureKind="java" NumEvents="3414" CreationCount="1"/><InteractionEvent Delta="null" EndDate="2014-10-29 10:06:26.121 JST" Interest="3.0" Kind="selection" Navigation="null" OriginId="org.eclipse.jdt.ui.CompilationUnitEditor" StartDate="2014-10-29 10:06:20.197 JST" StructureHandle="=SL3/src&amp;lt;sl3.utils{Methods.java[Methods~_save_ItemIds__ToBuyIds~QActivity;" StructureKind="java" NumEvents="3" CreationCount="510"/><InteractionEvent Delta="null" EndDate="2014-10-29 12:09:37.230 JST" Interest="500.20804" Kind="propagation" Navigation="org.eclipse.mylyn.core.model.edges.containment" OriginId="org.eclipse.mylyn.core.model.interest.propagation" StartDate="2014-10-29 09:38:59.434 JST" StructureHandle="=SL3/src" StructureKind="java" NumEvents="728" CreationCount="3"/><InteractionEvent Delta="null" EndDate="2014-10-29 09:38:42.151 JST" Interest="2.0" Kind="selection" Navigation="null" OriginId="org.eclipse.jdt.ui.PackageExplorer" StartDate="2014-10-29 09:37:10.172 JST" StructureHandle="=SL3/src" StructureKind="java" NumEvents="2" CreationCount="3"/><InteractionEvent Delta="null" EndDate="2014-10-29 12:22:27.218 JST" Interest="3403.034" Kind="propagation" Navigation="org.eclipse.mylyn.core.model.edges.containment" OriginId="org.eclipse.mylyn.core.model.interest.propagation" StartDate="2014-10-29 09:36:56.134 JST" StructureHandle="=SL3" StructureKind="resource" NumEvents="3412" CreationCount="1"/><InteractionEvent Delta="null" EndDate="2014-10-29 09:37:01.549 JST" Interest="1.0" Kind="selection" Navigation="null" OriginId="org.eclipse.jdt.ui.PackageExplorer" StartDate="2014-10-29 09:37:01.549 JST" StructureHandle="=SL3" StructureKind="java"/><InteractionEvent Delta="null" EndDate="2014-10-29 10:32:45.467 JST" Interest="2.0" Kind="selection" Navigation="null" OriginId="org.eclipse.jdt.ui.CompilationUnitEditor" StartDate="2014-10-29 10:32:45.465 JST" StructureHandle="=SL3/src&amp;lt;sl.main{MainActv.java[MainActv~onStop" StructureKind="java" NumEvents="2" CreationCount="1553"/><InteractionEvent Delta="null" EndDate="2014-10-29 09:47:03.364 JST" Interest="1.0" Kind="selection" Navigation="null" OriginId="org.eclipse.ui.views.ContentOutline" StartDate="2014-10-29 09:47:03.364 JST" StructureHandle="=SL3/src&amp;lt;sl3.tasks{Task_Post_Sis.java%sl3.tasks" StructureKind="java"/><InteractionEvent Delta="null" EndDate="2014-10-29 09:41:13.996 JST" Interest="8.0" Kind="propagation" Navigation="null" OriginId="org.eclipse.jdt.ui.CompilationUnitEditor" StartDate="2014-10-29 09:40:55.845 JST" StructureHandle="/SL3/src/sl3/utils/Tags.java" StructureKind="resource" NumEvents="8" CreationCount="93"/><InteractionEvent Delta="null" EndDate="2014-10-29 09:41:02.512 JST" Interest="1.0" Kind="edit" Navigation="null" OriginId="org.eclipse.jdt.ui.CompilationUnitEditor" StartDate="2014-10-29 09:41:02.512 JST" StructureHandle="=SL3/src&amp;lt;sl3.utils{Tags.java[Tags[DialogTags^DLG_SAVE_PUR_HISTORY_OK" StructureKind="java"/><InteractionEvent Delta="null" EndDate="2014-10-29 09:41:01.677 JST" Interest="1.0" Kind="selection" Navigation="null" OriginId="org.eclipse.jdt.ui.CompilationUnitEditor" StartDate="2014-10-29 09:41:01.677 JST" StructureHandle="=SL3/src&amp;lt;sl3.utils{Tags.java[Tags[DialogTags^DLG_SAVE_PUR_HISTORY_OK" StructureKind="java"/><InteractionEvent Delta="null" EndDate="2014-10-29 10:11:25.513 JST" Interest="2.0" Kind="selection" Navigation="null" OriginId="org.eclipse.jdt.ui.CompilationUnitEditor" StartDate="2014-10-29 10:11:20.918 JST" StructureHandle="=SL3/src&amp;lt;sl3.utils{CONS.java[CONS[HTTPData[registerChoice^single_item" StructureKind="java" NumEvents="2" CreationCount="710"/><InteractionEvent Delta="null" EndDate="2014-10-29 09:38:41.786 JST" Interest="1.0" Kind="selection" Navigation="null" OriginId="org.eclipse.jdt.ui.PackageExplorer" StartDate="2014-10-29 09:38:41.786 JST" StructureHandle="=SL3/gen" StructureKind="java"/><InteractionEvent Delta="null" EndDate="2014-10-29 10:44:02.249 JST" Interest="158.992" Kind="propagation" Navigation="org.eclipse.mylyn.core.model.edges.containment" OriginId="org.eclipse.mylyn.core.model.interest.propagation" StartDate="2014-10-29 10:32:38.337 JST" StructureHandle="=SL3/src&amp;lt;sl.main{MainActv.java" StructureKind="java" NumEvents="232" CreationCount="1542"/><InteractionEvent Delta="null" EndDate="2014-10-29 11:50:21.975 JST" Interest="16.0" Kind="selection" Navigation="null" OriginId="org.eclipse.jdt.ui.CompilationUnitEditor" StartDate="2014-10-29 10:32:36.995 JST" StructureHandle="=SL3/src&amp;lt;sl.main{MainActv.java" StructureKind="java" NumEvents="16" CreationCount="1542"/><InteractionEvent Delta="null" EndDate="2014-10-29 09:41:20.406 JST" Interest="1.0" Kind="selection" Navigation="null" OriginId="org.eclipse.jdt.ui.CompilationUnitEditor" StartDate="2014-10-29 09:41:20.406 JST" StructureHandle="=SL3/src&amp;lt;sl3.utils{Methods_dlg.java[Methods_dlg~dlg_ShowMessage_Duration~QActivity;~QString;~I" StructureKind="java"/><InteractionEvent Delta="null" EndDate="2014-10-29 11:57:57.732 JST" Interest="20.0" Kind="edit" Navigation="null" OriginId="org.eclipse.jdt.ui.CompilationUnitEditor" StartDate="2014-10-29 10:44:06.800 JST" StructureHandle="=SL3/src&amp;lt;sl.main{TabActv.java[TabActv" StructureKind="java" NumEvents="20" CreationCount="1942"/><InteractionEvent Delta="null" EndDate="2014-10-29 11:57:54.957 JST" Interest="446.245" Kind="propagation" Navigation="org.eclipse.mylyn.core.model.edges.containment" OriginId="org.eclipse.mylyn.core.model.interest.propagation" StartDate="2014-10-29 10:43:29.952 JST" StructureHandle="=SL3/src&amp;lt;sl.main{TabActv.java[TabActv" StructureKind="java" NumEvents="634" CreationCount="1942"/><InteractionEvent Delta="null" EndDate="2014-10-29 12:09:38.799 JST" Interest="8.0" Kind="selection" Navigation="null" OriginId="org.eclipse.jdt.ui.CompilationUnitEditor" StartDate="2014-10-29 10:44:05.568 JST" StructureHandle="=SL3/src&amp;lt;sl.main{TabActv.java[TabActv" StructureKind="java" NumEvents="8" CreationCount="1942"/><InteractionEvent Delta="null" EndDate="2014-10-29 10:07:18.377 JST" Interest="1.0" Kind="edit" Navigation="null" OriginId="org.eclipse.jdt.ui.CompilationUnitEditor" StartDate="2014-10-29 10:07:18.377 JST" StructureHandle="=SL3/src&amp;lt;sl3.utils{CONS.java[CONS[HTTPData^siKeys" StructureKind="java"/><InteractionEvent Delta="null" EndDate="2014-10-29 10:11:19.556 JST" Interest="5.0" Kind="selection" Navigation="null" OriginId="org.eclipse.ui.views.ContentOutline" StartDate="2014-10-29 10:07:06.442 JST" StructureHandle="=SL3/src&amp;lt;sl3.utils{CONS.java[CONS[HTTPData^siKeys" StructureKind="java" NumEvents="5" CreationCount="534"/><InteractionEvent Delta="null" EndDate="2014-10-29 10:14:57.685 JST" Interest="2.0" Kind="edit" Navigation="null" OriginId="org.eclipse.jdt.ui.CompilationUnitEditor" StartDate="2014-10-29 10:14:55.967 JST" StructureHandle="=SL3/src&amp;lt;sl3.utils{DBUtils.java[DBUtils~search_Items~QActivity;~QString;~QString;" StructureKind="java" NumEvents="2" CreationCount="858"/><InteractionEvent Delta="null" EndDate="2014-10-29 10:15:07.616 JST" Interest="2.0" Kind="selection" Navigation="null" OriginId="org.eclipse.ui.views.ContentOutline" StartDate="2014-10-29 10:14:52.787 JST" StructureHandle="=SL3/src&amp;lt;sl3.utils{DBUtils.java[DBUtils~search_Items~QActivity;~QString;~QString;" StructureKind="java" NumEvents="2" CreationCount="858"/><InteractionEvent Delta="null" EndDate="2014-10-29 12:22:27.217 JST" Interest="164.35101" Kind="propagation" Navigation="org.eclipse.mylyn.core.model.edges.containment" OriginId="org.eclipse.mylyn.core.model.interest.propagation" StartDate="2014-10-29 09:47:05.6 JST" StructureHandle="=SL3/src&amp;lt;sl3.tasks{Task_Post_Sis.java[Task_Post_Sis" StructureKind="java" NumEvents="225" CreationCount="237"/><InteractionEvent Delta="null" EndDate="2014-10-29 10:34:39.362 JST" Interest="5.0" Kind="selection" Navigation="null" OriginId="org.eclipse.jdt.ui.CompilationUnitEditor" StartDate="2014-10-29 09:47:11.330 JST" StructureHandle="=SL3/src&amp;lt;sl3.tasks{Task_Post_Sis.java[Task_Post_Sis" StructureKind="java" NumEvents="5" CreationCount="237"/><InteractionEvent Delta="null" EndDate="2014-10-29 12:12:10.692 JST" Interest="73.0" Kind="edit" Navigation="null" OriginId="org.eclipse.jdt.ui.CompilationUnitEditor" StartDate="2014-10-29 10:43:55.455 JST" StructureHandle="=SL3/src&amp;lt;sl.main{TabActv.java[TabActv~do_test" StructureKind="java" NumEvents="73" CreationCount="1954"/><InteractionEvent Delta="null" EndDate="2014-10-29 12:09:42.472 JST" Interest="20.0" Kind="selection" Navigation="null" OriginId="org.eclipse.jdt.ui.CompilationUnitEditor" StartDate="2014-10-29 10:43:54.83 JST" StructureHandle="=SL3/src&amp;lt;sl.main{TabActv.java[TabActv~do_test" StructureKind="java" NumEvents="20" CreationCount="1954"/><InteractionEvent Delta="null" EndDate="2014-10-29 11:49:01.458 JST" Interest="129.0" Kind="propagation" Navigation="null" OriginId="org.eclipse.jdt.ui.CompilationUnitEditor" StartDate="2014-10-29 09:46:24.570 JST" StructureHandle="/SL3/src/sl3/utils/CONS.java" StructureKind="resource" NumEvents="129" CreationCount="213"/><InteractionEvent Delta="null" EndDate="2014-10-29 12:06:05.837 JST" Interest="404.619" Kind="propagation" Navigation="org.eclipse.mylyn.core.model.edges.containment" OriginId="org.eclipse.mylyn.core.model.interest.propagation" StartDate="2014-10-29 10:06:17.957 JST" StructureHandle="=SL3/src&amp;lt;sl3.utils{Methods.java" StructureKind="java" NumEvents="581" CreationCount="507"/><InteractionEvent Delta="null" EndDate="2014-10-29 11:59:04.268 JST" Interest="22.0" Kind="selection" Navigation="null" OriginId="org.eclipse.jdt.ui.CompilationUnitEditor" StartDate="2014-10-29 10:06:17.195 JST" StructureHandle="=SL3/src&amp;lt;sl3.utils{Methods.java" StructureKind="java" NumEvents="22" CreationCount="507"/><InteractionEvent Delta="null" EndDate="2014-10-29 09:46:37.75 JST" Interest="27.0" Kind="propagation" Navigation="null" OriginId="org.eclipse.jdt.ui.CompilationUnitEditor" StartDate="2014-10-29 09:39:35.466 JST" StructureHandle="/SL3/src/sl3/listeners/dialog/DOI_CL.java" StructureKind="resource" NumEvents="27" CreationCount="50"/><InteractionEvent Delta="null" EndDate="2014-10-29 10:23:23.377 JST" Interest="22.838001" Kind="propagation" Navigation="org.eclipse.mylyn.core.model.edges.containment" OriginId="org.eclipse.mylyn.core.model.interest.propagation" StartDate="2014-10-29 09:39:35.466 JST" StructureHandle="=SL3/src&amp;lt;sl3.listeners.dialog" StructureKind="java" NumEvents="33" CreationCount="50"/><InteractionEvent Delta="null" EndDate="2014-10-29 10:46:58.90 JST" Interest="160.0" Kind="edit" Navigation="null" OriginId="org.eclipse.jdt.ui.CompilationUnitEditor" StartDate="2014-10-29 09:50:23.880 JST" StructureHandle="=SL3/src&amp;lt;sl3.utils{DBUtils.java[DBUtils~find_ALL_SIs__Unposted~QActivity;" StructureKind="java" NumEvents="160" CreationCount="311"/><InteractionEvent Delta="null" EndDate="2014-10-29 10:46:26.524 JST" Interest="8.0" Kind="selection" Navigation="null" OriginId="org.eclipse.ui.views.ContentOutline" StartDate="2014-10-29 09:50:21.158 JST" StructureHandle="=SL3/src&amp;lt;sl3.utils{DBUtils.java[DBUtils~find_ALL_SIs__Unposted~QActivity;" StructureKind="java" NumEvents="8" CreationCount="311"/><InteractionEvent Delta="null" EndDate="2014-10-29 09:43:15.66 JST" Interest="28.697" Kind="propagation" Navigation="org.eclipse.mylyn.core.model.edges.containment" OriginId="org.eclipse.mylyn.core.model.interest.propagation" StartDate="2014-10-29 09:39:02.453 JST" StructureHandle="=SL3/src&amp;lt;sl3.utils{Methods_dlg.java[Methods_dlg" StructureKind="java" NumEvents="37" CreationCount="33"/><InteractionEvent Delta="null" EndDate="2014-10-29 09:40:20.408 JST" Interest="1.0" Kind="selection" Navigation="null" OriginId="org.eclipse.jdt.ui.CompilationUnitEditor" StartDate="2014-10-29 09:40:20.408 JST" StructureHandle="=SL3/src&amp;lt;sl3.utils{Methods_dlg.java[Methods_dlg" StructureKind="java"/><InteractionEvent Delta="null" EndDate="2014-10-29 11:47:13.682 JST" Interest="21.274002" Kind="manipulation" Navigation="null" OriginId="org.eclipse.mylyn.core.model.interest.decay.correction" StartDate="2014-10-29 10:23:18.226 JST" StructureHandle="=SL3/src&amp;lt;sl3.utils{CONS.java[CONS[DB^col_Names_SI_full" StructureKind="java" NumEvents="3" CreationCount="337"/><InteractionEvent Delta="null" EndDate="2014-10-29 11:20:57.893 JST" Interest="20.0" Kind="edit" Navigation="null" OriginId="org.eclipse.jdt.ui.CompilationUnitEditor" StartDate="2014-10-29 09:59:19.626 JST" StructureHandle="=SL3/src&amp;lt;sl3.utils{CONS.java[CONS[DB^col_Names_SI_full" StructureKind="java" NumEvents="20" CreationCount="337"/><InteractionEvent Delta="null" EndDate="2014-10-29 11:47:18.55 JST" Interest="14.0" Kind="selection" Navigation="null" OriginId="org.eclipse.jdt.ui.CompilationUnitEditor" StartDate="2014-10-29 09:59:19.20 JST" StructureHandle="=SL3/src&amp;lt;sl3.utils{CONS.java[CONS[DB^col_Names_SI_full" StructureKind="java" NumEvents="14" CreationCount="337"/><InteractionEvent Delta="null" EndDate="2014-10-29 10:32:39.99 JST" Interest="1.0" Kind="edit" Navigation="null" OriginId="org.eclipse.jdt.ui.CompilationUnitEditor" StartDate="2014-10-29 10:32:39.99 JST" StructureHandle="=SL3/src&amp;lt;sl.main{MainActv.java[MainActv~onCreate~QBundle;" StructureKind="java"/><InteractionEvent Delta="null" EndDate="2014-10-29 10:32:40.425 JST" Interest="2.0" Kind="selection" Navigation="null" OriginId="org.eclipse.ui.views.ContentOutline" StartDate="2014-10-29 10:32:38.334 JST" StructureHandle="=SL3/src&amp;lt;sl.main{MainActv.java[MainActv~onCreate~QBundle;" StructureKind="java" NumEvents="2" CreationCount="1543"/><InteractionEvent Delta="null" EndDate="2014-10-29 10:23:23.523 JST" Interest="67.0" Kind="propagation" Navigation="null" OriginId="org.eclipse.jdt.ui.CompilationUnitEditor" StartDate="2014-10-29 09:43:09.121 JST" StructureHandle="/SL3/src/sl3/listeners/dialog/DB_OCL.java" StructureKind="resource" NumEvents="67" CreationCount="152"/><InteractionEvent Delta="null" EndDate="2014-10-29 09:43:05.799 JST" Interest="22.817" Kind="propagation" Navigation="org.eclipse.mylyn.core.model.edges.containment" OriginId="org.eclipse.mylyn.core.model.interest.propagation" StartDate="2014-10-29 09:37:14.910 JST" StructureHandle="/SL3/res/values" StructureKind="resource" NumEvents="31" CreationCount="5"/><InteractionEvent Delta="null" EndDate="2014-10-29 09:37:14.153 JST" Interest="1.0" Kind="selection" Navigation="null" OriginId="org.eclipse.jdt.ui.PackageExplorer" StartDate="2014-10-29 09:37:14.153 JST" StructureHandle="/SL3/res/values" StructureKind="resource"/><InteractionEvent Delta="null" EndDate="2014-10-29 12:22:27.218 JST" Interest="3444.0" Kind="propagation" Navigation="org.eclipse.mylyn.core.model.edges.containment" OriginId="org.eclipse.mylyn.core.model.interest.propagation" StartDate="2014-10-29 09:36:56.135 JST" StructureHandle="/" StructureKind="resource" NumEvents="3444" CreationCount="1"/><InteractionEvent Delta="null" EndDate="2014-10-29 09:46:32.979 JST" Interest="2.0" Kind="edit" Navigation="null" OriginId="org.eclipse.jdt.ui.CompilationUnitEditor" StartDate="2014-10-29 09:46:30.360 JST" StructureHandle="=SL3/src&amp;lt;sl3.utils{CONS.java[CONS[HTTPData[registerChoice" StructureKind="java" NumEvents="2" CreationCount="214"/><InteractionEvent Delta="null" EndDate="2014-10-29 10:11:25.513 JST" Interest="3.0320005" Kind="propagation" Navigation="org.eclipse.mylyn.core.model.edges.containment" OriginId="org.eclipse.mylyn.core.model.interest.propagation" StartDate="2014-10-29 09:46:25.270 JST" StructureHandle="=SL3/src&amp;lt;sl3.utils{CONS.java[CONS[HTTPData[registerChoice" StructureKind="java" NumEvents="3" CreationCount="214"/><InteractionEvent Delta="null" EndDate="2014-10-29 09:59:12.644 JST" Interest="6.0" Kind="selection" Navigation="null" OriginId="org.eclipse.ui.views.ContentOutline" StartDate="2014-10-29 09:46:29.508 JST" StructureHandle="=SL3/src&amp;lt;sl3.utils{CONS.java[CONS[HTTPData[registerChoice" StructureKind="java" NumEvents="6" CreationCount="214"/><InteractionEvent Delta="null" EndDate="2014-10-29 10:20:53.843 JST" Interest="2.0" Kind="edit" Navigation="null" OriginId="org.eclipse.jdt.ui.CompilationUnitEditor" StartDate="2014-10-29 10:20:50.689 JST" StructureHandle="=SL3/src&amp;lt;sl3.utils{Methods.java[Methods~start_Activity_LogActv~QActivity;~QDialog;" StructureKind="java" NumEvents="2" CreationCount="1112"/><InteractionEvent Delta="null" EndDate="2014-10-29 10:20:53.836 JST" Interest="2.0" Kind="selection" Navigation="null" OriginId="org.eclipse.jdt.ui.CompilationUnitEditor" StartDate="2014-10-29 10:20:50.684 JST" StructureHandle="=SL3/src&amp;lt;sl3.utils{Methods.java[Methods~start_Activity_LogActv~QActivity;~QDialog;" StructureKind="java" NumEvents="2" CreationCount="1112"/><InteractionEvent Delta="null" EndDate="2014-10-29 10:08:00.740 JST" Interest="10.0" Kind="edit" Navigation="null" OriginId="org.eclipse.jdt.ui.CompilationUnitEditor" StartDate="2014-10-29 10:07:36.693 JST" StructureHandle="=SL3/src&amp;lt;sl3.utils{CONS.java[CONS[HTTPData^UrlPostSI" StructureKind="java" NumEvents="10" CreationCount="533"/><InteractionEvent Delta="null" EndDate="2014-10-29 10:11:12.634 JST" Interest="7.0" Kind="selection" Navigation="null" OriginId="org.eclipse.jdt.ui.CompilationUnitEditor" StartDate="2014-10-29 10:07:05.579 JST" StructureHandle="=SL3/src&amp;lt;sl3.utils{CONS.java[CONS[HTTPData^UrlPostSI" StructureKind="java" NumEvents="7" CreationCount="533"/><InteractionEvent Delta="null" EndDate="2014-10-29 09:42:26.848 JST" Interest="2.414" Kind="propagation" Navigation="org.eclipse.mylyn.core.model.edges.containment" OriginId="org.eclipse.mylyn.core.model.interest.propagation" StartDate="2014-10-29 09:42:26.848 JST" StructureHandle="/SL3/bin" StructureKind="resource"/><InteractionEvent Delta="null" EndDate="2014-10-29 09:36:56.133 JST" Interest="1.0" Kind="selection" Navigation="null" OriginId="org.eclipse.ui.views.ResourceNavigator" StartDate="2014-10-29 09:36:56.133 JST" StructureHandle="/SL3/bin" StructureKind="resource"/><InteractionEvent Delta="null" EndDate="2014-10-29 09:43:39.996 JST" Interest="1.0" Kind="edit" Navigation="null" OriginId="org.eclipse.jdt.ui.CompilationUnitEditor" StartDate="2014-10-29 09:43:39.996 JST" StructureHandle="=SL3/src&amp;lt;sl3.listeners.dialog{DB_OCL.java[DB_OCL~case_DLG_POST_GENRES_OK" StructureKind="java"/><InteractionEvent Delta="null" EndDate="2014-10-29 09:43:38.206 JST" Interest="2.0" Kind="selection" Navigation="null" OriginId="org.eclipse.jdt.ui.CompilationUnitEditor" StartDate="2014-10-29 09:43:38.202 JST" StructureHandle="=SL3/src&amp;lt;sl3.listeners.dialog{DB_OCL.java[DB_OCL~case_DLG_POST_GENRES_OK" StructureKind="java" NumEvents="2" CreationCount="170"/><InteractionEvent Delta="null" EndDate="2014-10-29 10:07:25.939 JST" Interest="2.5700002" Kind="manipulation" Navigation="null" OriginId="org.eclipse.mylyn.core.model.interest.decay.correction" StartDate="2014-10-29 10:07:25.939 JST" StructureHandle="=SL3/src&amp;lt;sl3.utils{CONS.java[CONS[HTTPData^passwdSL_PurHistory" StructureKind="java"/><InteractionEvent Delta="null" EndDate="2014-10-29 10:07:25.939 JST" Interest="2.0" Kind="selection" Navigation="null" OriginId="org.eclipse.jdt.ui.CompilationUnitEditor" StartDate="2014-10-29 09:59:13.710 JST" StructureHandle="=SL3/src&amp;lt;sl3.utils{CONS.java[CONS[HTTPData^passwdSL_PurHistory" StructureKind="java" NumEvents="2" CreationCount="334"/><InteractionEvent Delta="null" EndDate="2014-10-29 12:06:05.836 JST" Interest="12.0" Kind="edit" Navigation="null" OriginId="org.eclipse.jdt.ui.CompilationUnitEditor" StartDate="2014-10-29 10:06:34.178 JST" StructureHandle="=SL3/src&amp;lt;sl3.utils{Methods.java[Methods" StructureKind="java" NumEvents="12" CreationCount="508"/><InteractionEvent Delta="null" EndDate="2014-10-29 12:05:47.50 JST" Interest="408.202" Kind="propagation" Navigation="org.eclipse.mylyn.core.model.edges.containment" OriginId="org.eclipse.mylyn.core.model.interest.propagation" StartDate="2014-10-29 10:06:26.120 JST" StructureHandle="=SL3/src&amp;lt;sl3.utils{Methods.java[Methods" StructureKind="java" NumEvents="580" CreationCount="508"/><InteractionEvent Delta="null" EndDate="2014-10-29 12:06:05.826 JST" Interest="10.0" Kind="selection" Navigation="null" OriginId="org.eclipse.jdt.ui.CompilationUnitEditor" StartDate="2014-10-29 10:06:17.956 JST" StructureHandle="=SL3/src&amp;lt;sl3.utils{Methods.java[Methods" StructureKind="java" NumEvents="10" CreationCount="508"/><InteractionEvent Delta="null" EndDate="2014-10-29 09:41:13.996 JST" Interest="2.0" Kind="propagation" Navigation="org.eclipse.mylyn.core.model.edges.containment" OriginId="org.eclipse.mylyn.core.model.interest.propagation" StartDate="2014-10-29 09:40:56.824 JST" StructureHandle="=SL3/src&amp;lt;sl3.utils{Tags.java[Tags" StructureKind="java" NumEvents="5" CreationCount="94"/><InteractionEvent Delta="null" EndDate="2014-10-29 12:09:37.230 JST" Interest="476.045" Kind="propagation" Navigation="org.eclipse.mylyn.core.model.edges.containment" OriginId="org.eclipse.mylyn.core.model.interest.propagation" StartDate="2014-10-29 10:32:36.996 JST" StructureHandle="=SL3/src&amp;lt;sl.main" StructureKind="java" NumEvents="682" CreationCount="1542"/><InteractionEvent Delta="null" EndDate="2014-10-29 10:17:24.754 JST" Interest="1.0" Kind="edit" Navigation="null" OriginId="org.eclipse.jdt.ui.CompilationUnitEditor" StartDate="2014-10-29 10:17:24.754 JST" StructureHandle="=SL3/src&amp;lt;sl3.utils{CONS.java[CONS[Admin" StructureKind="java"/><InteractionEvent Delta="null" EndDate="2014-10-29 10:23:18.321 JST" Interest="7.012" Kind="propagation" Navigation="org.eclipse.mylyn.core.model.edges.containment" OriginId="org.eclipse.mylyn.core.model.interest.propagation" StartDate="2014-10-29 10:17:36.227 JST" StructureHandle="=SL3/src&amp;lt;sl3.utils{CONS.java[CONS[Admin" StructureKind="java" NumEvents="6" CreationCount="929"/><InteractionEvent Delta="null" EndDate="2014-10-29 10:17:22.648 JST" Interest="1.0" Kind="selection" Navigation="null" OriginId="org.eclipse.jdt.ui.CompilationUnitEditor" StartDate="2014-10-29 10:17:22.648 JST" StructureHandle="=SL3/src&amp;lt;sl3.utils{CONS.java[CONS[Admin" StructureKind="java"/><InteractionEvent Delta="null" EndDate="2014-10-29 12:12:57.930 JST" Interest="14.0" Kind="prediction" Navigation="null" OriginId="org.eclipse.mylyn.resources.ui.interest.updater" StartDate="2014-10-29 09:42:26.848 JST" StructureHandle="/SL3/bin/classes.dex" StructureKind="resource" NumEvents="14" CreationCount="143"/><InteractionEvent Delta="null" EndDate="2014-10-29 11:05:22.221 JST" Interest="38.0" Kind="edit" Navigation="null" OriginId="org.eclipse.jdt.ui.CompilationUnitEditor" StartDate="2014-10-29 10:43:39.108 JST" StructureHandle="=SL3/src&amp;lt;sl.main{TabActv.java[TabActv~onStart" StructureKind="java" NumEvents="38" CreationCount="1945"/><InteractionEvent Delta="null" EndDate="2014-10-29 11:05:26.405 JST" Interest="6.0" Kind="selection" Navigation="null" OriginId="org.eclipse.jdt.ui.CompilationUnitEditor" StartDate="2014-10-29 10:43:36.602 JST" StructureHandle="=SL3/src&amp;lt;sl.main{TabActv.java[TabActv~onStart" StructureKind="java" NumEvents="6" CreationCount="1945"/><InteractionEvent Delta="null" EndDate="2014-10-29 12:12:11.537 JST" Interest="1291.0" Kind="propagation" Navigation="null" OriginId="org.eclipse.jdt.ui.CompilationUnitEditor" StartDate="2014-10-29 10:32:36.995 JST" StructureHandle="/SL3/src/sl/main" StructureKind="resource" NumEvents="1291" CreationCount="1542"/><InteractionEvent Delta="null" EndDate="2014-10-29 09:42:05.805 JST" Interest="8.699999" Kind="propagation" Navigation="org.eclipse.mylyn.core.model.edges.containment" OriginId="org.eclipse.mylyn.core.model.interest.propagation" StartDate="2014-10-29 09:41:49.314 JST" StructureHandle="=SL3/src&amp;lt;sl3.listeners.dialog{DB_OTL.java[DB_OTL" StructureKind="java" NumEvents="12" CreationCount="128"/><InteractionEvent Delta="null" EndDate="2014-10-29 09:42:05.805 JST" Interest="11.0" Kind="edit" Navigation="null" OriginId="org.eclipse.jdt.ui.CompilationUnitEditor" StartDate="2014-10-29 09:41:51.449 JST" StructureHandle="=SL3/src&amp;lt;sl3.listeners.dialog{DB_OTL.java[DB_OTL~onTouch~QView;~QMotionEvent;" StructureKind="java" NumEvents="11" CreationCount="128"/><InteractionEvent Delta="null" EndDate="2014-10-29 09:41:49.313 JST" Interest="1.0" Kind="selection" Navigation="null" OriginId="org.eclipse.jdt.ui.CompilationUnitEditor" StartDate="2014-10-29 09:41:49.313 JST" StructureHandle="=SL3/src&amp;lt;sl3.listeners.dialog{DB_OTL.java[DB_OTL~onTouch~QView;~QMotionEvent;" StructureKind="java"/><InteractionEvent Delta="null" EndDate="2014-10-29 09:41:13.996 JST" Interest="2.0" Kind="propagation" Navigation="org.eclipse.mylyn.core.model.edges.containment" OriginId="org.eclipse.mylyn.core.model.interest.propagation" StartDate="2014-10-29 09:40:56.824 JST" StructureHandle="=SL3/src&amp;lt;sl3.utils{Tags.java[Tags[DialogTags" StructureKind="java" NumEvents="5" CreationCount="94"/><InteractionEvent Delta="null" EndDate="2014-10-29 11:57:54.956 JST" Interest="637.0" Kind="edit" Navigation="null" OriginId="org.eclipse.jdt.ui.CompilationUnitEditor" StartDate="2014-10-29 11:07:58.118 JST" StructureHandle="=SL3/src&amp;lt;sl.main{TabActv.java[TabActv~_debug_D_17_V_1_0__Edit_CreatedAt_SIs" StructureKind="java" NumEvents="637" CreationCount="2227"/><InteractionEvent Delta="null" EndDate="2014-10-29 12:12:11.535 JST" Interest="14.0" Kind="selection" Navigation="null" OriginId="org.eclipse.jdt.ui.CompilationUnitEditor" StartDate="2014-10-29 11:07:58.114 JST" StructureHandle="=SL3/src&amp;lt;sl.main{TabActv.java[TabActv~_debug_D_17_V_1_0__Edit_CreatedAt_SIs" StructureKind="java" NumEvents="14" CreationCount="2227"/><InteractionEvent Delta="null" EndDate="2014-10-29 11:58:06.904 JST" Interest="96.0" Kind="edit" Navigation="null" OriginId="org.eclipse.jdt.ui.CompilationUnitEditor" StartDate="2014-10-29 10:45:32.568 JST" StructureHandle="=SL3/src&amp;lt;sl.main{TabActv.java[TabActv~_debug_D_17_V_1_0__Reset_PostedAt_SIs" StructureKind="java" NumEvents="96" CreationCount="1972"/><InteractionEvent Delta="null" EndDate="2014-10-29 11:57:58.652 JST" Interest="19.0" Kind="selection" Navigation="null" OriginId="org.eclipse.jdt.ui.CompilationUnitEditor" StartDate="2014-10-29 10:44:10.465 JST" StructureHandle="=SL3/src&amp;lt;sl.main{TabActv.java[TabActv~_debug_D_17_V_1_0__Reset_PostedAt_SIs" StructureKind="java" NumEvents="19" CreationCount="1972"/><InteractionEvent Delta="null" EndDate="2014-10-29 09:43:15.65 JST" Interest="30.0" Kind="edit" Navigation="null" OriginId="org.eclipse.jdt.ui.CompilationUnitEditor" StartDate="2014-10-29 09:40:31.390 JST" StructureHandle="=SL3/src&amp;lt;sl3.utils{Methods_dlg.java[Methods_dlg~conf_Post_Sis~QActivity;~QDialog;" StructureKind="java" NumEvents="30" CreationCount="74"/><InteractionEvent Delta="null" EndDate="2014-10-29 09:43:10.908 JST" Interest="8.0" Kind="selection" Navigation="null" OriginId="org.eclipse.jdt.ui.CompilationUnitEditor" StartDate="2014-10-29 09:40:25.329 JST" StructureHandle="=SL3/src&amp;lt;sl3.utils{Methods_dlg.java[Methods_dlg~conf_Post_Sis~QActivity;~QDialog;" StructureKind="java" NumEvents="8" CreationCount="74"/><InteractionEvent Delta="null" EndDate="2014-10-29 10:29:33.366 JST" Interest="1.0" Kind="selection" Navigation="null" OriginId="org.eclipse.jdt.ui.CompilationUnitEditor" StartDate="2014-10-29 10:29:33.366 JST" StructureHandle="=SL3/src&amp;lt;sl3.tasks{Task_Post_Sis.java[Task_Post_Sis~onCancelled" StructureKind="java"/><InteractionEvent Delta="null" EndDate="2014-10-29 11:46:01.372 JST" Interest="9.0" Kind="edit" Navigation="null" OriginId="org.eclipse.jdt.ui.CompilationUnitEditor" StartDate="2014-10-29 10:47:00.121 JST" StructureHandle="=SL3/src&amp;lt;sl3.utils{DBUtils.java[DBUtils" StructureKind="java" NumEvents="9" CreationCount="298"/><InteractionEvent Delta="null" EndDate="2014-10-29 11:59:02.192 JST" Interest="117.466" Kind="propagation" Navigation="org.eclipse.mylyn.core.model.edges.containment" OriginId="org.eclipse.mylyn.core.model.interest.propagation" StartDate="2014-10-29 09:50:08.699 JST" StructureHandle="=SL3/src&amp;lt;sl3.utils{DBUtils.java[DBUtils" StructureKind="java" NumEvents="170" CreationCount="298"/><InteractionEvent Delta="null" EndDate="2014-10-29 11:50:14.125 JST" Interest="12.0" Kind="selection" Navigation="null" OriginId="org.eclipse.jdt.ui.CompilationUnitEditor" StartDate="2014-10-29 09:50:04.465 JST" StructureHandle="=SL3/src&amp;lt;sl3.utils{DBUtils.java[DBUtils" StructureKind="java" NumEvents="12" CreationCount="298"/><InteractionEvent Delta="null" EndDate="2014-10-29 12:06:05.837 JST" Interest="1025.0" Kind="propagation" Navigation="null" OriginId="org.eclipse.jdt.ui.CompilationUnitEditor" StartDate="2014-10-29 10:06:17.195 JST" StructureHandle="/SL3/src/sl3/utils/Methods.java" StructureKind="resource" NumEvents="1025" CreationCount="507"/><InteractionEvent Delta="null" EndDate="2014-10-29 11:46:31.138 JST" Interest="1.0" Kind="edit" Navigation="null" OriginId="org.eclipse.jdt.ui.CompilationUnitEditor" StartDate="2014-10-29 11:46:31.138 JST" StructureHandle="=SL3/src&amp;lt;sl3.utils{DBUtils.java" StructureKind="java"/><InteractionEvent Delta="null" EndDate="2014-10-29 11:50:21.407 JST" Interest="108.083" Kind="propagation" Navigation="org.eclipse.mylyn.core.model.edges.containment" OriginId="org.eclipse.mylyn.core.model.interest.propagation" StartDate="2014-10-29 09:50:04.466 JST" StructureHandle="=SL3/src&amp;lt;sl3.utils{DBUtils.java" StructureKind="java" NumEvents="161" CreationCount="297"/><InteractionEvent Delta="null" EndDate="2014-10-29 11:59:02.144 JST" Interest="27.0" Kind="selection" Navigation="null" OriginId="org.eclipse.jdt.ui.CompilationUnitEditor" StartDate="2014-10-29 09:50:03.687 JST" StructureHandle="=SL3/src&amp;lt;sl3.utils{DBUtils.java" StructureKind="java" NumEvents="27" CreationCount="297"/><InteractionEvent Delta="null" EndDate="2014-10-29 09:40:17.7 JST" Interest="1.0" Kind="edit" Navigation="null" OriginId="org.eclipse.jdt.ui.CompilationUnitEditor" StartDate="2014-10-29 09:40:17.7 JST" StructureHandle="=SL3/src&amp;lt;sl3.utils{Methods_dlg.java[Methods_dlg~conf_Post_Genres~QActivity;~QDialog;" StructureKind="java"/><InteractionEvent Delta="null" EndDate="2014-10-29 09:40:16.213 JST" Interest="1.0" Kind="selection" Navigation="null" OriginId="org.eclipse.jdt.ui.CompilationUnitEditor" StartDate="2014-10-29 09:40:16.213 JST" StructureHandle="=SL3/src&amp;lt;sl3.utils{Methods_dlg.java[Methods_dlg~conf_Post_Genres~QActivity;~QDialog;" StructureKind="java"/><InteractionEvent Delta="null" EndDate="2014-10-29 09:41:13.996 JST" Interest="2.0" Kind="selection" Navigation="null" OriginId="org.eclipse.jdt.ui.CompilationUnitEditor" StartDate="2014-10-29 09:40:56.824 JST" StructureHandle="=SL3/src&amp;lt;sl3.utils{Tags.java[Tags[DialogTags^DLG_POST_SIS_OK" StructureKind="java" NumEvents="2" CreationCount="94"/><InteractionEvent Delta="null" EndDate="2014-10-29 09:39:57.463 JST" Interest="12.0" Kind="edit" Navigation="null" OriginId="org.eclipse.jdt.ui.CompilationUnitEditor" StartDate="2014-10-29 09:39:04.185 JST" StructureHandle="=SL3/src&amp;lt;sl3.utils{Methods_dlg.java[Methods_dlg~dlg_OptMenu_DB~QActivity;" StructureKind="java" NumEvents="12" CreationCount="33"/><InteractionEvent Delta="null" EndDate="2014-10-29 09:40:15.536 JST" Interest="4.0" Kind="selection" Navigation="null" OriginId="org.eclipse.jdt.ui.CompilationUnitEditor" StartDate="2014-10-29 09:39:02.453 JST" StructureHandle="=SL3/src&amp;lt;sl3.utils{Methods_dlg.java[Methods_dlg~dlg_OptMenu_DB~QActivity;" StructureKind="java" NumEvents="4" CreationCount="33"/><InteractionEvent Delta="null" EndDate="2014-10-29 09:50:08.701 JST" Interest="3.0" Kind="selection" Navigation="null" OriginId="org.eclipse.jdt.ui.CompilationUnitEditor" StartDate="2014-10-29 09:50:06.714 JST" StructureHandle="=SL3/src&amp;lt;sl3.utils{DBUtils.java[DBUtils~find_ALL_Genres_from_Previous~QActivity;" StructureKind="java" NumEvents="3" CreationCount="300"/><InteractionEvent Delta="null" EndDate="2014-10-29 12:12:11.536 JST" Interest="959.0" Kind="propagation" Navigation="null" OriginId="org.eclipse.jdt.ui.CompilationUnitEditor" StartDate="2014-10-29 10:43:28.276 JST" StructureHandle="/SL3/src/sl/main/TabActv.java" StructureKind="resource" NumEvents="959" CreationCount="1941"/><InteractionEvent Delta="null" EndDate="2014-10-29 10:15:09.135 JST" Interest="3.4370008" Kind="manipulation" Navigation="null" OriginId="org.eclipse.mylyn.core.model.interest.decay.correction" StartDate="2014-10-29 10:15:09.135 JST" StructureHandle="=SL3/src&amp;lt;sl3.utils{DBUtils.java[DBUtils~find_ALL_Stores__Unposted~QActivity;" StructureKind="java"/><InteractionEvent Delta="null" EndDate="2014-10-29 09:50:12.493 JST" Interest="3.0" Kind="edit" Navigation="null" OriginId="org.eclipse.jdt.ui.CompilationUnitEditor" StartDate="2014-10-29 09:50:09.189 JST" StructureHandle="=SL3/src&amp;lt;sl3.utils{DBUtils.java[DBUtils~find_ALL_Stores__Unposted~QActivity;" StructureKind="java" NumEvents="3" CreationCount="301"/><InteractionEvent Delta="null" EndDate="2014-10-29 10:15:11.328 JST" Interest="7.0" Kind="selection" Navigation="null" OriginId="org.eclipse.jdt.ui.CompilationUnitEditor" StartDate="2014-10-29 09:50:08.615 JST" StructureHandle="=SL3/src&amp;lt;sl3.utils{DBUtils.java[DBUtils~find_ALL_Stores__Unposted~QActivity;" StructureKind="java" NumEvents="7" CreationCount="301"/><InteractionEvent Delta="null" EndDate="2014-10-29 12:12:11.537 JST" Interest="1291.0" Kind="propagation" Navigation="org.eclipse.mylyn.core.model.edges.containment" OriginId="org.eclipse.mylyn.core.model.interest.propagation" StartDate="2014-10-29 10:32:36.995 JST" StructureHandle="/SL3/src/sl" StructureKind="resource" NumEvents="1291" CreationCount="1542"/><InteractionEvent Delta="null" EndDate="2014-10-29 11:45:40.202 JST" Interest="0.99900055" Kind="manipulation" Navigation="null" OriginId="org.eclipse.mylyn.core.model.interest.decay.correction" StartDate="2014-10-29 11:45:40.202 JST" StructureHandle="=SL3/src&amp;lt;sl3.utils{DBUtils.java[DBUtils~find_Store_from_Name~QActivity;~QString;" StructureKind="java"/><InteractionEvent Delta="null" EndDate="2014-10-29 11:45:55.182 JST" Interest="42.0" Kind="edit" Navigation="null" OriginId="org.eclipse.jdt.ui.CompilationUnitEditor" StartDate="2014-10-29 10:13:47.419 JST" StructureHandle="=SL3/src&amp;lt;sl3.utils{DBUtils.java[DBUtils~find_Store_from_Name~QActivity;~QString;" StructureKind="java" NumEvents="42" CreationCount="830"/><InteractionEvent Delta="null" EndDate="2014-10-29 11:45:53.194 JST" Interest="14.0" Kind="selection" Navigation="null" OriginId="org.eclipse.jdt.ui.CompilationUnitEditor" StartDate="2014-10-29 10:13:46.487 JST" StructureHandle="=SL3/src&amp;lt;sl3.utils{DBUtils.java[DBUtils~find_Store_from_Name~QActivity;~QString;" StructureKind="java" NumEvents="14" CreationCount="830"/><InteractionEvent Delta="null" EndDate="2014-10-29 10:23:23.523 JST" Interest="109.0" Kind="propagation" Navigation="org.eclipse.mylyn.core.model.edges.containment" OriginId="org.eclipse.mylyn.core.model.interest.propagation" StartDate="2014-10-29 09:39:35.466 JST" StructureHandle="/SL3/src/sl3/listeners" StructureKind="resource" NumEvents="109" CreationCount="50"/><InteractionEvent Delta="null" EndDate="2014-10-29 10:33:14.689 JST" Interest="18.0" Kind="edit" Navigation="null" OriginId="org.eclipse.jdt.ui.CompilationUnitEditor" StartDate="2014-10-29 10:32:44.656 JST" StructureHandle="=SL3/src&amp;lt;sl.main{MainActv.java[MainActv~onStart" StructureKind="java" NumEvents="18" CreationCount="1547"/><InteractionEvent Delta="null" EndDate="2014-10-29 10:33:03.35 JST" Interest="8.0" Kind="selection" Navigation="null" OriginId="org.eclipse.jdt.ui.CompilationUnitEditor" StartDate="2014-10-29 10:32:44.121 JST" StructureHandle="=SL3/src&amp;lt;sl.main{MainActv.java[MainActv~onStart" StructureKind="java" NumEvents="8" CreationCount="1547"/><InteractionEvent Delta="null" EndDate="2014-10-29 10:43:36.2 JST" Interest="1.0" Kind="selection" Navigation="null" OriginId="org.eclipse.ui.views.ContentOutline" StartDate="2014-10-29 10:43:36.2 JST" StructureHandle="=SL3/src&amp;lt;sl.main{TabActv.java[TabActv~onOptionsItemSelected~QMenuItem;" StructureKind="java"/><InteractionEvent Delta="null" EndDate="2014-10-29 10:36:10.100 JST" Interest="116.0" Kind="edit" Navigation="null" OriginId="org.eclipse.jdt.ui.CompilationUnitEditor" StartDate="2014-10-29 10:22:51.590 JST" StructureHandle="=SL3/src&amp;lt;sl3.utils{Methods.java[Methods~_update_SI__PostedAt~QActivity;~QSI;" StructureKind="java" NumEvents="116" CreationCount="1233"/><InteractionEvent Delta="null" EndDate="2014-10-29 11:27:58.383 JST" Interest="12.0" Kind="selection" Navigation="null" OriginId="org.eclipse.jdt.ui.CompilationUnitEditor" StartDate="2014-10-29 10:22:51.578 JST" StructureHandle="=SL3/src&amp;lt;sl3.utils{Methods.java[Methods~_update_SI__PostedAt~QActivity;~QSI;" StructureKind="java" NumEvents="12" CreationCount="1233"/><InteractionEvent Delta="null" EndDate="2014-10-29 12:22:27.218 JST" Interest="292.0" Kind="propagation" Navigation="null" OriginId="org.eclipse.jdt.ui.CompilationUnitEditor" StartDate="2014-10-29 09:45:30.660 JST" StructureHandle="/SL3/src/sl3/tasks/Task_Post_Sis.java" StructureKind="resource" NumEvents="292" CreationCount="196"/><InteractionEvent Delta="null" EndDate="2014-10-29 12:06:05.837 JST" Interest="1708.017" Kind="propagation" Navigation="org.eclipse.mylyn.core.model.edges.containment" OriginId="org.eclipse.mylyn.core.model.interest.propagation" StartDate="2014-10-29 09:38:50.383 JST" StructureHandle="/SL3/src/sl3" StructureKind="resource" NumEvents="1712" CreationCount="28"/><InteractionEvent Delta="null" EndDate="2014-10-29 10:22:45.932 JST" Interest="6.0" Kind="edit" Navigation="null" OriginId="org.eclipse.jdt.ui.CompilationUnitEditor" StartDate="2014-10-29 10:22:45.177 JST" StructureHandle="=SL3/src&amp;lt;sl3.utils{Methods.java[Methods~_update_Genre__PostedAt~QActivity;~QGenre;" StructureKind="java" NumEvents="6" CreationCount="1219"/><InteractionEvent Delta="null" EndDate="2014-10-29 10:22:44.707 JST" Interest="3.0" Kind="selection" Navigation="null" OriginId="org.eclipse.jdt.ui.CompilationUnitEditor" StartDate="2014-10-29 10:22:44.557 JST" StructureHandle="=SL3/src&amp;lt;sl3.utils{Methods.java[Methods~_update_Genre__PostedAt~QActivity;~QGenre;" StructureKind="java" NumEvents="3" CreationCount="1219"/><InteractionEvent Delta="null" EndDate="2014-10-29 09:41:05.776 JST" Interest="1.0" Kind="selection" Navigation="null" OriginId="org.eclipse.jdt.ui.CompilationUnitEditor" StartDate="2014-10-29 09:41:05.776 JST" StructureHandle="=SL3/src&amp;lt;sl3.utils{Tags.java[Tags[DialogTags^ACTV_TAB_OPT_DROP_TABLE_ADMIN" StructureKind="java"/><InteractionEvent Delta="null" EndDate="2014-10-29 09:43:08.164 JST" Interest="15.0" Kind="propagation" Navigation="null" OriginId="org.eclipse.jdt.ui.PackageExplorer" StartDate="2014-10-29 09:41:36.203 JST" StructureHandle="/SL3/src/sl3/listeners/dialog/DB_OTL.java" StructureKind="resource" NumEvents="15" CreationCount="114"/><InteractionEvent Delta="null" EndDate="2014-10-29 12:22:27.218 JST" Interest="292.0" Kind="propagation" Navigation="org.eclipse.mylyn.core.model.edges.containment" OriginId="org.eclipse.mylyn.core.model.interest.propagation" StartDate="2014-10-29 09:45:30.660 JST" StructureHandle="/SL3/src/sl3/tasks" StructureKind="resource" NumEvents="292" CreationCount="196"/><InteractionEvent Delta="null" EndDate="2014-10-29 11:47:24.12 JST" Interest="12.0" Kind="edit" Navigation="null" OriginId="org.eclipse.jdt.ui.CompilationUnitEditor" StartDate="2014-10-29 11:47:18.553 JST" StructureHandle="=SL3/src&amp;lt;sl3.utils{CONS.java[CONS[DB^col_Names_Genre_full" StructureKind="java" NumEvents="12" CreationCount="3062"/><InteractionEvent Delta="null" EndDate="2014-10-29 11:49:01.457 JST" Interest="3.0" Kind="selection" Navigation="null" OriginId="org.eclipse.jdt.ui.CompilationUnitEditor" StartDate="2014-10-29 11:47:17.995 JST" StructureHandle="=SL3/src&amp;lt;sl3.utils{CONS.java[CONS[DB^col_Names_Genre_full" StructureKind="java" NumEvents="3" CreationCount="3062"/><InteractionEvent Delta="null" EndDate="2014-10-29 10:32:44.142 JST" Interest="3.0" Kind="selection" Navigation="null" OriginId="org.eclipse.jdt.ui.CompilationUnitEditor" StartDate="2014-10-29 10:32:41.558 JST" StructureHandle="=SL3/src&amp;lt;sl.main{MainActv.java[MainActv~_debug_D_44_V_3_0_7_SQL_Generic~\[QString;" StructureKind="java" NumEvents="3" CreationCount="1546"/><InteractionEvent Delta="null" EndDate="2014-10-29 10:44:00.592 JST" Interest="3.0" Kind="edit" Navigation="null" OriginId="org.eclipse.jdt.ui.CompilationUnitEditor" StartDate="2014-10-29 10:33:01.679 JST" StructureHandle="=SL3/src&amp;lt;sl.main{MainActv.java[MainActv" StructureKind="java" NumEvents="3" CreationCount="1543"/><InteractionEvent Delta="null" EndDate="2014-10-29 10:44:02.249 JST" Interest="160.875" Kind="propagation" Navigation="org.eclipse.mylyn.core.model.edges.containment" OriginId="org.eclipse.mylyn.core.model.interest.propagation" StartDate="2014-10-29 10:32:38.336 JST" StructureHandle="=SL3/src&amp;lt;sl.main{MainActv.java[MainActv" StructureKind="java" NumEvents="230" CreationCount="1543"/><InteractionEvent Delta="null" EndDate="2014-10-29 11:50:22.119 JST" Interest="9.0" Kind="selection" Navigation="null" OriginId="org.eclipse.jdt.ui.CompilationUnitEditor" StartDate="2014-10-29 10:33:01.675 JST" StructureHandle="=SL3/src&amp;lt;sl.main{MainActv.java[MainActv" StructureKind="java" NumEvents="9" CreationCount="1543"/><InteractionEvent Delta="null" EndDate="2014-10-29 12:09:18.940 JST" Interest="1.0" Kind="prediction" Navigation="null" OriginId="org.eclipse.mylyn.resources.ui.interest.updater" StartDate="2014-10-29 12:09:18.940 JST" StructureHandle="/SL3/res/values/strings.xml" StructureKind="resource"/><InteractionEvent Delta="null" EndDate="2014-10-29 09:43:05.798 JST" Interest="24.0" Kind="edit" Navigation="null" OriginId="com.android.ide.eclipse.editors.CommonXmlEditor" StartDate="2014-10-29 09:37:17.237 JST" StructureHandle="/SL3/res/values/strings.xml" StructureKind="resource" NumEvents="24" CreationCount="6"/><InteractionEvent Delta="null" EndDate="2014-10-29 09:43:05.584 JST" Interest="7.0" Kind="selection" Navigation="null" OriginId="com.android.ide.eclipse.editors.CommonXmlEditor" StartDate="2014-10-29 09:37:14.910 JST" StructureHandle="/SL3/res/values/strings.xml" StructureKind="resource" NumEvents="7" CreationCount="6"/><InteractionEvent Delta="null" EndDate="2014-10-29 12:06:05.838 JST" Interest="1709.017" Kind="propagation" Navigation="null" OriginId="org.eclipse.jdt.ui.CompilationUnitEditor" StartDate="2014-10-29 09:38:50.383 JST" StructureHandle="/SL3/src/sl3/utils" StructureKind="resource" NumEvents="1710" CreationCount="28"/><InteractionEvent Delta="null" EndDate="2014-10-29 10:11:12.635 JST" Interest="12.423" Kind="propagation" Navigation="org.eclipse.mylyn.core.model.edges.containment" OriginId="org.eclipse.mylyn.core.model.interest.propagation" StartDate="2014-10-29 09:46:25.270 JST" StructureHandle="=SL3/src&amp;lt;sl3.utils{CONS.java[CONS[HTTPData" StructureKind="java" NumEvents="15" CreationCount="214"/><InteractionEvent Delta="null" EndDate="2014-10-29 10:07:43.922 JST" Interest="7.0" Kind="selection" Navigation="null" OriginId="org.eclipse.jdt.ui.CompilationUnitEditor" StartDate="2014-10-29 09:59:14.516 JST" StructureHandle="=SL3/src&amp;lt;sl3.utils{CONS.java[CONS[HTTPData" StructureKind="java" NumEvents="7" CreationCount="214"/><InteractionEvent Delta="null" EndDate="2014-10-29 10:17:19.270 JST" Interest="1.0" Kind="edit" Navigation="null" OriginId="org.eclipse.jdt.ui.CompilationUnitEditor" StartDate="2014-10-29 10:17:19.270 JST" StructureHandle="=SL3/src&amp;lt;sl3.utils{CONS.java[CONS" StructureKind="java"/><InteractionEvent Delta="null" EndDate="2014-10-29 11:49:01.458 JST" Interest="58.116" Kind="propagation" Navigation="org.eclipse.mylyn.core.model.edges.containment" OriginId="org.eclipse.mylyn.core.model.interest.propagation" StartDate="2014-10-29 09:46:25.271 JST" StructureHandle="=SL3/src&amp;lt;sl3.utils{CONS.java[CONS" StructureKind="java" NumEvents="48" CreationCount="214"/><InteractionEvent Delta="null" EndDate="2014-10-29 10:17:17.25 JST" Interest="1.0" Kind="selection" Navigation="null" OriginId="org.eclipse.jdt.ui.CompilationUnitEditor" StartDate="2014-10-29 10:17:17.25 JST" StructureHandle="=SL3/src&amp;lt;sl3.utils{CONS.java[CONS" StructureKind="java"/><InteractionEvent Delta="null" EndDate="2014-10-29 10:09:27.307 JST" Interest="4.0" Kind="edit" Navigation="null" OriginId="org.eclipse.jdt.ui.CompilationUnitEditor" StartDate="2014-10-29 10:09:26.356 JST" StructureHandle="=SL3/src&amp;lt;sl3.utils{Methods.java[Methods~_GetParam__Genre~QActivity;~QGenre;" StructureKind="java" NumEvents="4" CreationCount="605"/><InteractionEvent Delta="null" EndDate="2014-10-29 10:09:25.886 JST" Interest="3.0" Kind="selection" Navigation="null" OriginId="org.eclipse.jdt.ui.CompilationUnitEditor" StartDate="2014-10-29 10:09:25.769 JST" StructureHandle="=SL3/src&amp;lt;sl3.utils{Methods.java[Methods~_GetParam__Genre~QActivity;~QGenre;" StructureKind="java" NumEvents="3" CreationCount="605"/><InteractionEvent Delta="null" EndDate="2014-10-29 12:09:24.327 JST" Interest="1.0" Kind="prediction" Navigation="null" OriginId="org.eclipse.mylyn.resources.ui.interest.updater" StartDate="2014-10-29 12:09:24.327 JST" StructureHandle="=SL3/src&amp;lt;sl3.utils{Tags.java" StructureKind="java"/><InteractionEvent Delta="null" EndDate="2014-10-29 09:41:13.997 JST" Interest="1.017" Kind="propagation" Navigation="org.eclipse.mylyn.core.model.edges.containment" OriginId="org.eclipse.mylyn.core.model.interest.propagation" StartDate="2014-10-29 09:40:56.825 JST" StructureHandle="=SL3/src&amp;lt;sl3.utils{Tags.java" StructureKind="java" NumEvents="5" CreationCount="93"/><InteractionEvent Delta="null" EndDate="2014-10-29 09:40:55.845 JST" Interest="1.0" Kind="selection" Navigation="null" OriginId="org.eclipse.jdt.ui.CompilationUnitEditor" StartDate="2014-10-29 09:40:55.845 JST" StructureHandle="=SL3/src&amp;lt;sl3.utils{Tags.java" StructureKind="java"/><InteractionEvent Delta="null" EndDate="2014-10-29 11:07:24.812 JST" Interest="4.0" Kind="edit" Navigation="null" OriginId="org.eclipse.jdt.ui.CompilationUnitEditor" StartDate="2014-10-29 10:45:19.172 JST" StructureHandle="=SL3/src&amp;lt;sl.main{TabActv.java[TabActv~_do_test_D_4_V_1_0" StructureKind="java" NumEvents="4" CreationCount="1989"/><InteractionEvent Delta="null" EndDate="2014-10-29 11:07:24.804 JST" Interest="3.0" Kind="selection" Navigation="null" OriginId="org.eclipse.jdt.ui.CompilationUnitEditor" StartDate="2014-10-29 10:44:40.478 JST" StructureHandle="=SL3/src&amp;lt;sl.main{TabActv.java[TabActv~_do_test_D_4_V_1_0" StructureKind="java" NumEvents="3" CreationCount="1989"/><InteractionEvent Delta="null" EndDate="2014-10-29 12:09:24.327 JST" Interest="1.0" Kind="prediction" Navigation="null" OriginId="org.eclipse.mylyn.resources.ui.interest.updater" StartDate="2014-10-29 12:09:24.327 JST" StructureHandle="=SL3/src&amp;lt;sl3.listeners.dialog{DB_OTL.java" StructureKind="java"/><InteractionEvent Delta="null" EndDate="2014-10-29 09:42:05.806 JST" Interest="6.937999" Kind="propagation" Navigation="org.eclipse.mylyn.core.model.edges.containment" OriginId="org.eclipse.mylyn.core.model.interest.propagation" StartDate="2014-10-29 09:41:52.745 JST" StructureHandle="=SL3/src&amp;lt;sl3.listeners.dialog{DB_OTL.java" StructureKind="java" NumEvents="10" CreationCount="114"/><InteractionEvent Delta="null" EndDate="2014-10-29 09:43:08.163 JST" Interest="3.0" Kind="selection" Navigation="null" OriginId="org.eclipse.jdt.ui.PackageExplorer" StartDate="2014-10-29 09:41:36.203 JST" StructureHandle="=SL3/src&amp;lt;sl3.listeners.dialog{DB_OTL.java" StructureKind="java" NumEvents="3" CreationCount="114"/><InteractionEvent Delta="null" EndDate="2014-10-29 10:43:34.96 JST" Interest="2.0" Kind="selection" Navigation="null" OriginId="org.eclipse.ui.views.ContentOutline" StartDate="2014-10-29 10:43:29.952 JST" StructureHandle="=SL3/src&amp;lt;sl.main{TabActv.java[TabActv~_Setup_Listeners" StructureKind="java" NumEvents="2" CreationCount="1942"/><InteractionEvent Delta="null" EndDate="2014-10-29 09:44:11.870 JST" Interest="1.0" Kind="selection" Navigation="null" OriginId="org.eclipse.jdt.ui.CompilationUnitEditor" StartDate="2014-10-29 09:44:11.870 JST" StructureHandle="=SL3/src&amp;lt;sl3.listeners.dialog{DB_OCL.java[DB_OCL~DB_OCL~QActivity;~QDialog;~QDialog;~QSI;" StructureKind="java"/><InteractionEvent Delta="null" EndDate="2014-10-29 09:41:32.169 JST" Interest="1.0" Kind="propagation" Navigation="null" OriginId="org.eclipse.jdt.ui.PackageExplorer" StartDate="2014-10-29 09:41:32.169 JST" StructureHandle="/SL3/src/sl3/items" StructureKind="resource"/><InteractionEvent Delta="null" EndDate="2014-10-29 12:09:24.327 JST" Interest="1.0" Kind="prediction" Navigation="null" OriginId="org.eclipse.mylyn.resources.ui.interest.updater" StartDate="2014-10-29 12:09:24.327 JST" StructureHandle="=SL3/src&amp;lt;sl3.listeners.dialog{DOI_CL.java" StructureKind="java"/><InteractionEvent Delta="null" EndDate="2014-10-29 09:43:15.824 JST" Interest="4.9849997" Kind="propagation" Navigation="org.eclipse.mylyn.core.model.edges.containment" OriginId="org.eclipse.mylyn.core.model.interest.propagation" StartDate="2014-10-29 09:39:49.801 JST" StructureHandle="=SL3/src&amp;lt;sl3.listeners.dialog{DOI_CL.java" StructureKind="java" NumEvents="8" CreationCount="50"/><InteractionEvent Delta="null" EndDate="2014-10-29 09:46:36.850 JST" Interest="10.0" Kind="selection" Navigation="null" OriginId="org.eclipse.jdt.ui.CompilationUnitEditor" StartDate="2014-10-29 09:39:35.465 JST" StructureHandle="=SL3/src&amp;lt;sl3.listeners.dialog{DOI_CL.java" StructureKind="java" NumEvents="10" CreationCount="50"/><InteractionEvent Delta="null" EndDate="2014-10-29 10:07:24.534 JST" Interest="1.0" Kind="selection" Navigation="null" OriginId="org.eclipse.jdt.ui.CompilationUnitEditor" StartDate="2014-10-29 10:07:24.534 JST" StructureHandle="=SL3/src&amp;lt;sl3.utils{CONS.java[CONS[HTTPData^UrlPost_Store" StructureKind="java"/><InteractionEvent Delta="null" EndDate="2014-10-29 09:41:12.637 JST" Interest="1.0" Kind="selection" Navigation="null" OriginId="org.eclipse.jdt.ui.CompilationUnitEditor" StartDate="2014-10-29 09:41:12.637 JST" StructureHandle="=SL3/src&amp;lt;sl3.utils{Tags.java[Tags[DialogTags^DLG_POST_GENRES_OK" StructureKind="java"/><InteractionEvent Delta="null" EndDate="2014-10-29 11:59:02.192 JST" Interest="475.0" Kind="propagation" Navigation="null" OriginId="org.eclipse.jdt.ui.CompilationUnitEditor" StartDate="2014-10-29 09:50:03.688 JST" StructureHandle="/SL3/src/sl3/utils/DBUtils.java" StructureKind="resource" NumEvents="475" CreationCount="297"/><InteractionEvent Delta="null" EndDate="2014-10-29 10:07:30.725 JST" Interest="3.0" Kind="edit" Navigation="null" OriginId="org.eclipse.jdt.ui.CompilationUnitEditor" StartDate="2014-10-29 10:07:28.992 JST" StructureHandle="=SL3/src&amp;lt;sl3.utils{CONS.java[CONS[HTTPData^UrlPost_PH" StructureKind="java" NumEvents="3" CreationCount="546"/><InteractionEvent Delta="null" EndDate="2014-10-29 10:07:28.167 JST" Interest="1.0" Kind="selection" Navigation="null" OriginId="org.eclipse.jdt.ui.CompilationUnitEditor" StartDate="2014-10-29 10:07:28.167 JST" StructureHandle="=SL3/src&amp;lt;sl3.utils{CONS.java[CONS[HTTPData^UrlPost_PH" StructureKind="java"/><InteractionEvent Delta="null" EndDate="2014-10-29 11:50:21.406 JST" Interest="117.0" Kind="edit" Navigation="null" OriginId="org.eclipse.jdt.ui.CompilationUnitEditor" StartDate="2014-10-29 11:46:06.698 JST" StructureHandle="=SL3/src&amp;lt;sl3.utils{DBUtils.java[DBUtils~find_Genre_from_Name~QActivity;~QString;" StructureKind="java" NumEvents="117" CreationCount="2996"/><InteractionEvent Delta="null" EndDate="2014-10-29 11:59:02.192 JST" Interest="8.0" Kind="selection" Navigation="null" OriginId="org.eclipse.jdt.ui.CompilationUnitEditor" StartDate="2014-10-29 11:46:06.693 JST" StructureHandle="=SL3/src&amp;lt;sl3.utils{DBUtils.java[DBUtils~find_Genre_from_Name~QActivity;~QString;" StructureKind="java" NumEvents="8" CreationCount="2996"/><InteractionEvent Delta="null" EndDate="2014-10-29 11:47:13.503 JST" Interest="20.812998" Kind="manipulation" Navigation="null" OriginId="org.eclipse.mylyn.core.model.interest.decay.correction" StartDate="2014-10-29 11:20:54.445 JST" StructureHandle="=SL3/src&amp;lt;sl3.utils{CONS.java" StructureKind="java" NumEvents="2" CreationCount="213"/><InteractionEvent Delta="null" EndDate="2014-10-29 11:47:24.13 JST" Interest="26.020004" Kind="propagation" Navigation="org.eclipse.mylyn.core.model.edges.containment" OriginId="org.eclipse.mylyn.core.model.interest.propagation" StartDate="2014-10-29 09:46:25.271 JST" StructureHandle="=SL3/src&amp;lt;sl3.utils{CONS.java" StructureKind="java" NumEvents="42" CreationCount="213"/><InteractionEvent Delta="null" EndDate="2014-10-29 11:49:01.262 JST" Interest="13.0" Kind="selection" Navigation="null" OriginId="org.eclipse.jdt.ui.CompilationUnitEditor" StartDate="2014-10-29 09:46:24.570 JST" StructureHandle="=SL3/src&amp;lt;sl3.utils{CONS.java" StructureKind="java" NumEvents="13" CreationCount="213"/><InteractionEvent Delta="null" EndDate="2014-10-29 10:59:33.855 JST" Interest="47.0" Kind="edit" Navigation="null" OriginId="org.eclipse.jdt.ui.CompilationUnitEditor" StartDate="2014-10-29 10:47:06.287 JST" StructureHandle="=SL3/src&amp;lt;sl3.utils{DBUtils.java[DBUtils~find_ALL_SIs__Posted~QActivity;" StructureKind="java" NumEvents="47" CreationCount="2024"/><InteractionEvent Delta="null" EndDate="2014-10-29 11:45:39.584 JST" Interest="6.0" Kind="selection" Navigation="null" OriginId="org.eclipse.jdt.ui.CompilationUnitEditor" StartDate="2014-10-29 10:47:06.281 JST" StructureHandle="=SL3/src&amp;lt;sl3.utils{DBUtils.java[DBUtils~find_ALL_SIs__Posted~QActivity;" StructureKind="java" NumEvents="6" CreationCount="2024"/><InteractionEvent Delta="null" EndDate="2014-10-29 09:46:54.208 JST" Interest="20.0" Kind="edit" Navigation="null" OriginId="org.eclipse.jdt.ui.CompilationUnitEditor" StartDate="2014-10-29 09:43:51.95 JST" StructureHandle="=SL3/src&amp;lt;sl3.listeners.dialog{DB_OCL.java[DB_OCL~case_DLG_POST_SIS_OK" StructureKind="java" NumEvents="20" CreationCount="175"/><InteractionEvent Delta="null" EndDate="2014-10-29 10:23:23.522 JST" Interest="6.0" Kind="selection" Navigation="null" OriginId="org.eclipse.jdt.ui.CompilationUnitEditor" StartDate="2014-10-29 09:43:46.177 JST" StructureHandle="=SL3/src&amp;lt;sl3.listeners.dialog{DB_OCL.java[DB_OCL~case_DLG_POST_SIS_OK" StructureKind="java" NumEvents="6" CreationCount="175"/><InteractionEvent Delta="null" EndDate="2014-10-29 09:40:05.291 JST" Interest="7.0" Kind="edit" Navigation="null" OriginId="org.eclipse.jdt.ui.CompilationUnitEditor" StartDate="2014-10-29 09:39:45.415 JST" StructureHandle="=SL3/src&amp;lt;sl3.listeners.dialog{DOI_CL.java[DOI_CL~case_ACTV_TAB_OPT_DB~QListItem;" StructureKind="java" NumEvents="7" CreationCount="55"/><InteractionEvent Delta="null" EndDate="2014-10-29 09:46:37.74 JST" Interest="10.0" Kind="selection" Navigation="null" OriginId="org.eclipse.jdt.ui.CompilationUnitEditor" StartDate="2014-10-29 09:39:42.898 JST" StructureHandle="=SL3/src&amp;lt;sl3.listeners.dialog{DOI_CL.java[DOI_CL~case_ACTV_TAB_OPT_DB~QListItem;" StructureKind="java" NumEvents="10" CreationCount="55"/><InteractionEvent Delta="null" EndDate="2014-10-29 09:38:41.786 JST" Interest="1.0" Kind="propagation" Navigation="null" OriginId="org.eclipse.jdt.ui.PackageExplorer" StartDate="2014-10-29 09:38:41.786 JST" StructureHandle="/SL3/gen" StructureKind="resource"/><InteractionEvent Delta="null" EndDate="2014-10-29 09:44:07.956 JST" Interest="2.0" Kind="edit" Navigation="null" OriginId="org.eclipse.jdt.ui.CompilationUnitEditor" StartDate="2014-10-29 09:43:42.458 JST" StructureHandle="=SL3/src&amp;lt;sl3.listeners.dialog{DB_OCL.java[DB_OCL" StructureKind="java" NumEvents="2" CreationCount="163"/><InteractionEvent Delta="null" EndDate="2014-10-29 10:23:23.523 JST" Interest="15.803999" Kind="propagation" Navigation="org.eclipse.mylyn.core.model.edges.containment" OriginId="org.eclipse.mylyn.core.model.interest.propagation" StartDate="2014-10-29 09:43:21.109 JST" StructureHandle="=SL3/src&amp;lt;sl3.listeners.dialog{DB_OCL.java[DB_OCL" StructureKind="java" NumEvents="23" CreationCount="163"/><InteractionEvent Delta="null" EndDate="2014-10-29 09:44:01.507 JST" Interest="3.0" Kind="selection" Navigation="null" OriginId="org.eclipse.jdt.ui.CompilationUnitEditor" StartDate="2014-10-29 09:43:18.764 JST" StructureHandle="=SL3/src&amp;lt;sl3.listeners.dialog{DB_OCL.java[DB_OCL" StructureKind="java" NumEvents="3" CreationCount="163"/><InteractionEvent Delta="null" EndDate="2014-10-29 11:50:22.119 JST" Interest="332.0" Kind="propagation" Navigation="null" OriginId="org.eclipse.jdt.ui.CompilationUnitEditor" StartDate="2014-10-29 10:32:36.995 JST" StructureHandle="/SL3/src/sl/main/MainActv.java" StructureKind="resource" NumEvents="332" CreationCount="1542"/><InteractionEvent Delta="null" EndDate="2014-10-29 10:23:07.127 JST" Interest="2.2780004" Kind="manipulation" Navigation="null" OriginId="org.eclipse.mylyn.core.model.interest.decay.correction" StartDate="2014-10-29 10:23:07.127 JST" StructureHandle="=SL3/src&amp;lt;sl3.utils{CONS.java[CONS[Admin^dflt_Exception_Id_Value" StructureKind="java"/><InteractionEvent Delta="null" EndDate="2014-10-29 10:17:40.776 JST" Interest="2.0" Kind="edit" Navigation="null" OriginId="org.eclipse.jdt.ui.CompilationUnitEditor" StartDate="2014-10-29 10:17:39.770 JST" StructureHandle="=SL3/src&amp;lt;sl3.utils{CONS.java[CONS[Admin^dflt_Exception_Id_Value" StructureKind="java" NumEvents="2" CreationCount="931"/><InteractionEvent Delta="null" EndDate="2014-10-29 10:23:18.321 JST" Interest="5.0" Kind="selection" Navigation="null" OriginId="org.eclipse.jdt.ui.CompilationUnitEditor" StartDate="2014-10-29 10:17:28.192 JST" StructureHandle="=SL3/src&amp;lt;sl3.utils{CONS.java[CONS[Admin^dflt_Exception_Id_Value" StructureKind="java" NumEvents="5" CreationCount="931"/><InteractionEvent Delta="null" EndDate="2014-10-29 12:06:05.838 JST" Interest="433.762" Kind="propagation" Navigation="org.eclipse.mylyn.core.model.edges.containment" OriginId="org.eclipse.mylyn.core.model.interest.propagation" StartDate="2014-10-29 09:38:55.164 JST" StructureHandle="=SL3/src&amp;lt;sl3.utils" StructureKind="java" NumEvents="619" CreationCount="28"/><InteractionEvent Delta="null" EndDate="2014-10-29 09:38:50.382 JST" Interest="1.0" Kind="selection" Navigation="null" OriginId="org.eclipse.jdt.ui.PackageExplorer" StartDate="2014-10-29 09:38:50.382 JST" StructureHandle="=SL3/src&amp;lt;sl3.utils" StructureKind="java"/><InteractionEvent Delta="null" EndDate="2014-10-29 10:06:59.0 JST" Interest="1.0" Kind="selection" Navigation="null" OriginId="org.eclipse.jdt.ui.CompilationUnitEditor" StartDate="2014-10-29 10:06:59.0 JST" StructureHandle="=SL3/src&amp;lt;sl3.utils{CONS.java[CONS[HTTPData^UrlPost_Genre" StructureKind="java"/><InteractionEvent Delta="null" EndDate="2014-10-29 10:06:27.435 JST" Interest="2.0" Kind="edit" Navigation="null" OriginId="org.eclipse.jdt.ui.CompilationUnitEditor" StartDate="2014-10-29 10:06:26.613 JST" StructureHandle="=SL3/src&amp;lt;sl3.utils{Methods.java[Methods~post_Genre_to_Remote~QActivity;~QGenre;" StructureKind="java" NumEvents="2" CreationCount="511"/><InteractionEvent Delta="null" EndDate="2014-10-29 10:06:26.190 JST" Interest="3.0" Kind="selection" Navigation="null" OriginId="org.eclipse.jdt.ui.CompilationUnitEditor" StartDate="2014-10-29 10:06:26.36 JST" StructureHandle="=SL3/src&amp;lt;sl3.utils{Methods.java[Methods~post_Genre_to_Remote~QActivity;~QGenre;" StructureKind="java" NumEvents="3" CreationCount="511"/><InteractionEvent Delta="null" EndDate="2014-10-29 12:22:27.218 JST" Interest="3444.0" Kind="propagation" Navigation="null" OriginId="org.eclipse.jdt.ui.CompilationUnitEditor" StartDate="2014-10-29 09:36:56.135 JST" StructureHandle="/SL3" StructureKind="resource" NumEvents="3444" CreationCount="1"/><InteractionEvent Delta="null" EndDate="2014-10-29 09:45:45.594 JST" Interest="1.0" Kind="selection" Navigation="null" OriginId="org.eclipse.jdt.ui.CompilationUnitEditor" StartDate="2014-10-29 09:45:45.594 JST" StructureHandle="=SL3/src&amp;lt;sl3.listeners.dialog{DB_OCL.java[DB_OCL~case_DLG_POST_STORES_OK" StructureKind="java"/><InteractionEvent Delta="null" EndDate="2014-10-29 09:47:17.335 JST" Interest="1.0" Kind="selection" Navigation="null" OriginId="org.eclipse.jdt.ui.CompilationUnitEditor" StartDate="2014-10-29 09:47:17.335 JST" StructureHandle="=SL3/src&amp;lt;sl3.tasks{Task_Post_Sis.java[Task_Post_Sis~Task_Post_Sis~QActivity;" StructureKind="java"/><InteractionEvent Delta="null" EndDate="2014-10-29 09:47:05.925 JST" Interest="1.0" Kind="selection" Navigation="null" OriginId="org.eclipse.ui.views.ContentOutline" StartDate="2014-10-29 09:47:05.925 JST" StructureHandle="=SL3/src&amp;lt;sl3.tasks{Task_Post_Sis.java[Task_Post_Sis~Task_Post_Sis~QActivity;~QDialog;~QDialog;" StructureKind="java"/><InteractionEvent Delta="null" EndDate="2014-10-29 11:46:33.638 JST" Interest="1.0" Kind="edit" Navigation="null" OriginId="org.eclipse.jdt.ui.CompilationUnitEditor" StartDate="2014-10-29 11:46:33.638 JST" StructureHandle="=SL3/src&amp;lt;sl3.utils{DBUtils.java[DBUtils~update_Data_generic~QActivity;~QString;~J~QString;~QString;" StructureKind="java"/><InteractionEvent Delta="null" EndDate="2014-10-29 11:48:57.522 JST" Interest="3.0" Kind="selection" Navigation="null" OriginId="org.eclipse.jdt.ui.CompilationUnitEditor" StartDate="2014-10-29 11:46:33.635 JST" StructureHandle="=SL3/src&amp;lt;sl3.utils{DBUtils.java[DBUtils~update_Data_generic~QActivity;~QString;~J~QString;~QString;" StructureKind="java" NumEvents="3" CreationCount="3034"/><InteractionEvent Delta="null" EndDate="2014-10-29 12:22:27.218 JST" Interest="135.048" Kind="propagation" Navigation="org.eclipse.mylyn.core.model.edges.containment" OriginId="org.eclipse.mylyn.core.model.interest.propagation" StartDate="2014-10-29 09:45:30.660 JST" StructureHandle="=SL3/src&amp;lt;sl3.tasks{Task_Post_Sis.java" StructureKind="java" NumEvents="198" CreationCount="196"/><InteractionEvent Delta="null" EndDate="2014-10-29 12:12:13.2 JST" Interest="35.0" Kind="selection" Navigation="null" OriginId="org.eclipse.jdt.ui.CompilationUnitEditor" StartDate="2014-10-29 09:45:32.844 JST" StructureHandle="=SL3/src&amp;lt;sl3.tasks{Task_Post_Sis.java" StructureKind="java" NumEvents="35" CreationCount="196"/><InteractionEvent Delta="null" EndDate="2014-10-29 09:43:15.66 JST" Interest="72.0" Kind="propagation" Navigation="null" OriginId="org.eclipse.jdt.ui.CompilationUnitEditor" StartDate="2014-10-29 09:38:55.164 JST" StructureHandle="/SL3/src/sl3/utils/Methods_dlg.java" StructureKind="resource" NumEvents="72" CreationCount="29"/><InteractionEvent Delta="null" EndDate="2014-10-29 12:05:47.50 JST" Interest="582.0" Kind="edit" Navigation="null" OriginId="org.eclipse.jdt.ui.CompilationUnitEditor" StartDate="2014-10-29 10:09:33.155 JST" StructureHandle="=SL3/src&amp;lt;sl3.utils{Methods.java[Methods~_GetParam__SI~QActivity;~QSI;" StructureKind="java" NumEvents="582" CreationCount="614"/><InteractionEvent Delta="null" EndDate="2014-10-29 11:59:21.733 JST" Interest="15.0" Kind="selection" Navigation="null" OriginId="org.eclipse.jdt.ui.CompilationUnitEditor" StartDate="2014-10-29 10:09:33.136 JST" StructureHandle="=SL3/src&amp;lt;sl3.utils{Methods.java[Methods~_GetParam__SI~QActivity;~QSI;" StructureKind="java" NumEvents="15" CreationCount="614"/><InteractionEvent Delta="null" EndDate="2014-10-29 12:06:00.947 JST" Interest="198.0" Kind="edit" Navigation="null" OriginId="org.eclipse.jdt.ui.CompilationUnitEditor" StartDate="2014-10-29 10:06:41.873 JST" StructureHandle="=SL3/src&amp;lt;sl3.utils{Methods.java[Methods~post_SI_to_Remote~QActivity;~QSI;" StructureKind="java" NumEvents="198" CreationCount="520"/><InteractionEvent Delta="null" EndDate="2014-10-29 12:05:51.95 JST" Interest="22.0" Kind="selection" Navigation="null" OriginId="org.eclipse.jdt.ui.CompilationUnitEditor" StartDate="2014-10-29 10:06:37.902 JST" StructureHandle="=SL3/src&amp;lt;sl3.utils{Methods.java[Methods~post_SI_to_Remote~QActivity;~QSI;" StructureKind="java" NumEvents="22" CreationCount="520"/><InteractionEvent Delta="null" EndDate="2014-10-29 12:09:24.327 JST" Interest="1.0" Kind="prediction" Navigation="null" OriginId="org.eclipse.mylyn.resources.ui.interest.updater" StartDate="2014-10-29 12:09:24.327 JST" StructureHandle="=SL3/src&amp;lt;sl3.utils{Methods_dlg.java" StructureKind="java"/><InteractionEvent Delta="null" EndDate="2014-10-29 09:43:15.67 JST" Interest="16.765001" Kind="propagation" Navigation="org.eclipse.mylyn.core.model.edges.containment" OriginId="org.eclipse.mylyn.core.model.interest.propagation" StartDate="2014-10-29 09:39:10.102 JST" StructureHandle="=SL3/src&amp;lt;sl3.utils{Methods_dlg.java" StructureKind="java" NumEvents="27" CreationCount="29"/><InteractionEvent Delta="null" EndDate="2014-10-29 09:43:10.703 JST" Interest="13.0" Kind="selection" Navigation="null" OriginId="org.eclipse.jdt.ui.CompilationUnitEditor" StartDate="2014-10-29 09:38:55.163 JST" StructureHandle="=SL3/src&amp;lt;sl3.utils{Methods_dlg.java" StructureKind="java" NumEvents="13" CreationCount="29"/><InteractionEvent Delta="null" EndDate="2014-10-29 10:34:04.474 JST" Interest="34.0" Kind="edit" Navigation="null" OriginId="org.eclipse.jdt.ui.CompilationUnitEditor" StartDate="2014-10-29 10:32:58.459 JST" StructureHandle="=SL3/src&amp;lt;sl.main{MainActv.java[MainActv~do_debugs" StructureKind="java" NumEvents="34" CreationCount="1559"/><InteractionEvent Delta="null" EndDate="2014-10-29 10:33:19.662 JST" Interest="5.0" Kind="selection" Navigation="null" OriginId="org.eclipse.jdt.ui.CompilationUnitEditor" StartDate="2014-10-29 10:32:57.877 JST" StructureHandle="=SL3/src&amp;lt;sl.main{MainActv.java[MainActv~do_debugs" StructureKind="java" NumEvents="5" CreationCount="1559"/><InteractionEvent Delta="null" EndDate="2014-10-29 10:23:23.523 JST" Interest="109.0" Kind="propagation" Navigation="null" OriginId="org.eclipse.jdt.ui.CompilationUnitEditor" StartDate="2014-10-29 09:39:35.466 JST" StructureHandle="/SL3/src/sl3/listeners/dialog" StructureKind="resource" NumEvents="109" CreationCount="50"/><InteractionEvent Delta="null" EndDate="2014-10-29 10:51:56.683 JST" Interest="1.0" Kind="selection" Navigation="null" OriginId="org.eclipse.jdt.ui.CompilationUnitEditor" StartDate="2014-10-29 10:51:56.683 JST" StructureHandle="=SL3/src&amp;lt;sl.main{TabActv.java[TabActv~_Setup_InitVars" StructureKind="java"/><InteractionEvent Delta="null" EndDate="2014-10-29 09:43:05.799 JST" Interest="22.834" Kind="propagation" Navigation="org.eclipse.mylyn.core.model.edges.containment" OriginId="org.eclipse.mylyn.core.model.interest.propagation" StartDate="2014-10-29 09:37:14.154 JST" StructureHandle="/SL3/res" StructureKind="resource" NumEvents="32" CreationCount="4"/><InteractionEvent Delta="null" EndDate="2014-10-29 09:37:12.30 JST" Interest="1.0" Kind="selection" Navigation="null" OriginId="org.eclipse.jdt.ui.PackageExplorer" StartDate="2014-10-29 09:37:12.30 JST" StructureHandle="/SL3/res" StructureKind="resource"/><InteractionEvent Delta="null" EndDate="2014-10-29 12:22:27.218 JST" Interest="3405.0" Kind="propagation" Navigation="null" OriginId="org.eclipse.jdt.ui.CompilationUnitEditor" StartDate="2014-10-29 09:37:10.173 JST" StructureHandle="/SL3/src" StructureKind="resource" NumEvents="3405" CreationCount="3"/><InteractionEvent Delta="null" EndDate="2014-10-29 12:09:24.327 JST" Interest="1.0" Kind="prediction" Navigation="null" OriginId="org.eclipse.mylyn.resources.ui.interest.updater" StartDate="2014-10-29 12:09:24.327 JST" StructureHandle="=SL3/src&amp;lt;sl3.listeners.dialog{DB_OCL.java" StructureKind="java"/><InteractionEvent Delta="null" EndDate="2014-10-29 09:44:48.480 JST" Interest="12.103999" Kind="propagation" Navigation="org.eclipse.mylyn.core.model.edges.containment" OriginId="org.eclipse.mylyn.core.model.interest.propagation" StartDate="2014-10-29 09:43:23.507 JST" StructureHandle="=SL3/src&amp;lt;sl3.listeners.dialog{DB_OCL.java" StructureKind="java" NumEvents="19" CreationCount="152"/><InteractionEvent Delta="null" EndDate="2014-10-29 10:23:23.377 JST" Interest="9.0" Kind="selection" Navigation="null" OriginId="org.eclipse.jdt.ui.CompilationUnitEditor" StartDate="2014-10-29 09:43:09.121 JST" StructureHandle="=SL3/src&amp;lt;sl3.listeners.dialog{DB_OCL.java" StructureKind="java" NumEvents="9" CreationCount="152"/><InteractionEvent Delta="null" EndDate="2014-10-29 09:45:41.613 JST" Interest="18.0" Kind="edit" Navigation="null" OriginId="org.eclipse.jdt.ui.CompilationUnitEditor" StartDate="2014-10-29 09:43:22.853 JST" StructureHandle="=SL3/src&amp;lt;sl3.listeners.dialog{DB_OCL.java[DB_OCL~onClick~QView;" StructureKind="java" NumEvents="18" CreationCount="164"/><InteractionEvent Delta="null" EndDate="2014-10-29 09:45:36.889 JST" Interest="3.0" Kind="selection" Navigation="null" OriginId="org.eclipse.jdt.ui.CompilationUnitEditor" StartDate="2014-10-29 09:43:21.108 JST" StructureHandle="=SL3/src&amp;lt;sl3.listeners.dialog{DB_OCL.java[DB_OCL~onClick~QView;" StructureKind="java" NumEvents="3" CreationCount="164"/><InteractionEvent Delta="null" EndDate="2014-10-29 11:49:01.458 JST" Interest="55.742" Kind="propagation" Navigation="org.eclipse.mylyn.core.model.edges.containment" OriginId="org.eclipse.mylyn.core.model.interest.propagation" StartDate="2014-10-29 09:59:19.21 JST" StructureHandle="=SL3/src&amp;lt;sl3.utils{CONS.java[CONS[DB" StructureKind="java" NumEvents="45" CreationCount="336"/><InteractionEvent Delta="null" EndDate="2014-10-29 09:59:19.107 JST" Interest="2.0" Kind="selection" Navigation="null" OriginId="org.eclipse.jdt.ui.CompilationUnitEditor" StartDate="2014-10-29 09:59:16.280 JST" StructureHandle="=SL3/src&amp;lt;sl3.utils{CONS.java[CONS[DB" StructureKind="java" NumEvents="2" CreationCount="336"/><InteractionEvent Delta="null" EndDate="2014-10-29 12:22:27.218 JST" Interest="170.048" Kind="propagation" Navigation="org.eclipse.mylyn.core.model.edges.containment" OriginId="org.eclipse.mylyn.core.model.interest.propagation" StartDate="2014-10-29 09:45:30.660 JST" StructureHandle="=SL3/src&amp;lt;sl3.tasks" StructureKind="java" NumEvents="234" CreationCount="196"/><InteractionEvent Delta="null" EndDate="2014-10-29 12:12:57.930 JST" Interest="14.0" Kind="prediction" Navigation="null" OriginId="org.eclipse.mylyn.resources.ui.interest.updater" StartDate="2014-10-29 09:42:26.848 JST" StructureHandle="/SL3/bin/SL3.apk" StructureKind="resource" NumEvents="14" CreationCount="143"/><InteractionEvent Delta="null" EndDate="2014-10-29 11:57:57.733 JST" Interest="454.262" Kind="propagation" Navigation="org.eclipse.mylyn.core.model.edges.containment" OriginId="org.eclipse.mylyn.core.model.interest.propagation" StartDate="2014-10-29 10:43:29.953 JST" StructureHandle="=SL3/src&amp;lt;sl.main{TabActv.java" StructureKind="java" NumEvents="657" CreationCount="1941"/><InteractionEvent Delta="null" EndDate="2014-10-29 12:09:26.895 JST" Interest="15.0" Kind="selection" Navigation="null" OriginId="org.eclipse.jdt.ui.CompilationUnitEditor" StartDate="2014-10-29 10:43:28.276 JST" StructureHandle="=SL3/src&amp;lt;sl.main{TabActv.java" StructureKind="java" NumEvents="15" CreationCount="1941"/><InteractionEvent Delta="null" EndDate="2014-10-29 10:34:38.321 JST" Interest="11.0" Kind="edit" Navigation="null" OriginId="org.eclipse.jdt.ui.CompilationUnitEditor" StartDate="2014-10-29 10:31:51.370 JST" StructureHandle="=SL3/src&amp;lt;sl3.tasks{Task_Post_Sis.java[Task_Post_Sis~onPostExecute~QInteger;" StructureKind="java" NumEvents="11" CreationCount="1528"/><InteractionEvent Delta="null" EndDate="2014-10-29 10:34:36.426 JST" Interest="5.0" Kind="selection" Navigation="null" OriginId="org.eclipse.jdt.ui.CompilationUnitEditor" StartDate="2014-10-29 10:31:39.491 JST" StructureHandle="=SL3/src&amp;lt;sl3.tasks{Task_Post_Sis.java[Task_Post_Sis~onPostExecute~QInteger;" StructureKind="java" NumEvents="5" CreationCount="1528"/><InteractionEvent Delta="null" EndDate="2014-10-29 09:46:37.75 JST" Interest="14.9" Kind="propagation" Navigation="org.eclipse.mylyn.core.model.edges.containment" OriginId="org.eclipse.mylyn.core.model.interest.propagation" StartDate="2014-10-29 09:39:42.899 JST" StructureHandle="=SL3/src&amp;lt;sl3.listeners.dialog{DOI_CL.java[DOI_CL" StructureKind="java" NumEvents="17" CreationCount="55"/><InteractionEvent Delta="null" EndDate="2014-10-29 09:46:25.270 JST" Interest="1.0" Kind="selection" Navigation="null" OriginId="org.eclipse.jdt.ui.CompilationUnitEditor" StartDate="2014-10-29 09:46:25.270 JST" StructureHandle="=SL3/src&amp;lt;sl3.utils{CONS.java[CONS[HTTPData[registerChoice^POST_GENRES" StructureKind="java"/><InteractionEvent Delta="null" EndDate="2014-10-29 12:09:49.669 JST" Interest="2.0" Kind="prediction" Navigation="null" OriginId="org.eclipse.mylyn.resources.ui.interest.updater" StartDate="2014-10-29 09:42:26.848 JST" StructureHandle="/SL3/bin/resources.ap_" StructureKind="resource" NumEvents="2" CreationCount="143"/><InteractionEvent Delta="null" EndDate="2014-10-29 10:53:34.18 JST" Interest="1.125" Kind="manipulation" Navigation="null" OriginId="org.eclipse.mylyn.core.model.interest.decay.correction" StartDate="2014-10-29 10:53:34.18 JST" StructureHandle="=SL3/src&amp;lt;sl.main{TabActv.java[TabActv~_do_test_D_4_SEG_1_V_3_0" StructureKind="java"/><InteractionEvent Delta="null" EndDate="2014-10-29 10:53:34.18 JST" Interest="2.0" Kind="selection" Navigation="null" OriginId="org.eclipse.jdt.ui.CompilationUnitEditor" StartDate="2014-10-29 10:44:14.614 JST" StructureHandle="=SL3/src&amp;lt;sl.main{TabActv.java[TabActv~_do_test_D_4_SEG_1_V_3_0" StructureKind="java" NumEvents="2" CreationCount="1975"/><InteractionEvent Delta="null" EndDate="2014-10-29 10:44:02.249 JST" Interest="221.0" Kind="edit" Navigation="null" OriginId="org.eclipse.jdt.ui.CompilationUnitEditor" StartDate="2014-10-29 10:34:06.563 JST" StructureHandle="=SL3/src&amp;lt;sl.main{MainActv.java[MainActv~_debug_D_17_V_1_0__Reset_PostedAt_SIs" StructureKind="java" NumEvents="221" CreationCount="1618"/><InteractionEvent Delta="null" EndDate="2014-10-29 10:44:01.497 JST" Interest="10.0" Kind="selection" Navigation="null" OriginId="org.eclipse.jdt.ui.CompilationUnitEditor" StartDate="2014-10-29 10:34:06.555 JST" StructureHandle="=SL3/src&amp;lt;sl.main{MainActv.java[MainActv~_debug_D_17_V_1_0__Reset_PostedAt_SIs" StructureKind="java" NumEvents="10" CreationCount="1618"/><InteractionEvent Delta="null" EndDate="2014-10-29 09:40:59.162 JST" Interest="1.0" Kind="selection" Navigation="null" OriginId="org.eclipse.jdt.ui.CompilationUnitEditor" StartDate="2014-10-29 09:40:59.162 JST" StructureHandle="=SL3/src&amp;lt;sl3.utils{Tags.java[Tags[DialogTags^ACTV_TAB_OPT_DROP_TABLE_PH" StructureKind="java"/><InteractionEvent Delta="null" EndDate="2014-10-29 10:07:03.895 JST" Interest="1.0" Kind="selection" Navigation="null" OriginId="org.eclipse.jdt.ui.CompilationUnitEditor" StartDate="2014-10-29 10:07:03.895 JST" StructureHandle="=SL3/src&amp;lt;sl3.utils{CONS.java[CONS[HTTPData^passwdSL_NewItem" StructureKind="java"/><InteractionEvent Delta="null" EndDate="2014-10-29 09:41:32.169 JST" Interest="1.0" Kind="selection" Navigation="null" OriginId="org.eclipse.jdt.ui.PackageExplorer" StartDate="2014-10-29 09:41:32.169 JST" StructureHandle="=SL3/src&amp;lt;sl3.items" StructureKind="java"/><InteractionEvent Delta="null" EndDate="2014-10-29 12:22:27.217 JST" Interest="199.0" Kind="edit" Navigation="null" OriginId="org.eclipse.jdt.ui.CompilationUnitEditor" StartDate="2014-10-29 09:47:10.638 JST" StructureHandle="=SL3/src&amp;lt;sl3.tasks{Task_Post_Sis.java[Task_Post_Sis~doInBackground~\[QString;" StructureKind="java" NumEvents="199" CreationCount="240"/><InteractionEvent Delta="null" EndDate="2014-10-29 12:12:13.51 JST" Interest="30.0" Kind="selection" Navigation="null" OriginId="org.eclipse.jdt.ui.CompilationUnitEditor" StartDate="2014-10-29 09:47:10.616 JST" StructureHandle="=SL3/src&amp;lt;sl3.tasks{Task_Post_Sis.java[Task_Post_Sis~doInBackground~\[QString;" StructureKind="java" NumEvents="30" CreationCount="240"/></InteractionHistory>