<?xml version="1.0" encoding="UTF-8"?><InteractionHistory Id="local-215" Version="1"><InteractionEvent Delta="null" EndDate="2014-11-17 08:52:02.794 JST" Interest="1.0" Kind="propagation" Navigation="org.eclipse.mylyn.core.model.edges.containment" OriginId="org.eclipse.mylyn.core.model.interest.propagation" StartDate="2014-11-17 08:52:02.794 JST" StructureHandle="" StructureKind="java"/><InteractionEvent Delta="null" EndDate="2014-11-17 11:59:53.393 JST" Interest="112.89101" Kind="propagation" Navigation="org.eclipse.mylyn.core.model.edges.containment" OriginId="org.eclipse.mylyn.core.model.interest.propagation" StartDate="2014-11-17 08:52:46.664 JST" StructureHandle="=CutPlanner_A/src&amp;lt;cp.views" StructureKind="java" NumEvents="197" CreationCount="13"/><InteractionEvent Delta="null" EndDate="2014-11-17 08:53:33.863 JST" Interest="1.0" Kind="selection" Navigation="null" OriginId="org.eclipse.jdt.ui.PackageExplorer" StartDate="2014-11-17 08:53:33.863 JST" StructureHandle="=CutPlanner_A/src&amp;lt;cp.views" StructureKind="java"/><InteractionEvent Delta="null" EndDate="2014-11-17 11:46:51.728 JST" Interest="1.0" Kind="selection" Navigation="null" OriginId="org.eclipse.jdt.ui.CompilationUnitEditor" StartDate="2014-11-17 11:46:51.728 JST" StructureHandle="=CutPlanner_A/src&amp;lt;cp.utils{CONS.java[CONS[Canvas^Rect_A_X_dist_from_base!2" StructureKind="java"/><InteractionEvent Delta="null" EndDate="2014-11-17 08:52:21.968 JST" Interest="1.0" Kind="selection" Navigation="null" OriginId="org.eclipse.ui.views.ContentOutline" StartDate="2014-11-17 08:52:21.968 JST" StructureHandle="=CutPlanner_A/src&amp;lt;cp.main{MainActv.java%cp.main" StructureKind="java"/><InteractionEvent Delta="null" EndDate="2014-11-17 11:54:25.596 JST" Interest="211.0" Kind="edit" Navigation="null" OriginId="org.eclipse.jdt.ui.CompilationUnitEditor" StartDate="2014-11-17 08:55:55.638 JST" StructureHandle="=CutPlanner_A/src&amp;lt;cp.listeners.view{V_OTL.java[V_OTL~_case_ACTION_DOWN~F~F" StructureKind="java" NumEvents="211" CreationCount="61"/><InteractionEvent Delta="null" EndDate="2014-11-17 11:54:16.299 JST" Interest="25.0" Kind="selection" Navigation="null" OriginId="org.eclipse.jdt.ui.CompilationUnitEditor" StartDate="2014-11-17 08:55:36.200 JST" StructureHandle="=CutPlanner_A/src&amp;lt;cp.listeners.view{V_OTL.java[V_OTL~_case_ACTION_DOWN~F~F" StructureKind="java" NumEvents="25" CreationCount="61"/><InteractionEvent Delta="null" EndDate="2014-11-17 11:46:24.691 JST" Interest="1.0" Kind="selection" Navigation="null" OriginId="org.eclipse.jdt.ui.CompilationUnitEditor" StartDate="2014-11-17 11:46:24.691 JST" StructureHandle="=CutPlanner_A/src&amp;lt;cp.utils{CONS.java[CONS[Canvas^Rect_A_Y_dist_from_base" StructureKind="java"/><InteractionEvent Delta="null" EndDate="2014-11-17 11:59:53.393 JST" Interest="432.0" Kind="propagation" Navigation="null" OriginId="org.eclipse.ui.views.ContentOutline" StartDate="2014-11-17 08:52:46.664 JST" StructureHandle="/CutPlanner_A/src/cp/views" StructureKind="resource" NumEvents="432" CreationCount="13"/><InteractionEvent Delta="null" EndDate="2014-11-17 08:53:45.159 JST" Interest="3.0" Kind="selection" Navigation="null" OriginId="org.eclipse.jdt.ui.CompilationUnitEditor" StartDate="2014-11-17 08:53:44.423 JST" StructureHandle="=CutPlanner_A/src&amp;lt;cp.views{CV.java[CV~drawLine~F~F~F~F~QPaint;" StructureKind="java" NumEvents="3" CreationCount="35"/><InteractionEvent Delta="null" EndDate="2014-11-17 11:34:09.512 JST" Interest="44.0" Kind="edit" Navigation="null" OriginId="org.eclipse.jdt.ui.CompilationUnitEditor" StartDate="2014-11-17 08:55:16.964 JST" StructureHandle="=CutPlanner_A/src&amp;lt;cp.listeners.view{V_OTL.java[V_OTL~onTouch~QView;~QMotionEvent;" StructureKind="java" NumEvents="44" CreationCount="56"/><InteractionEvent Delta="null" EndDate="2014-11-17 10:45:56.838 JST" Interest="0.64100266" Kind="manipulation" Navigation="null" OriginId="org.eclipse.mylyn.core.model.interest.decay.correction" StartDate="2014-11-17 10:45:56.838 JST" StructureHandle="=CutPlanner_A/src&amp;lt;cp.listeners.view{V_OTL.java[V_OTL~onTouch~QView;~QMotionEvent;" StructureKind="java"/><InteractionEvent Delta="null" EndDate="2014-11-17 11:34:05.916 JST" Interest="11.0" Kind="selection" Navigation="null" OriginId="org.eclipse.jdt.ui.CompilationUnitEditor" StartDate="2014-11-17 08:55:15.194 JST" StructureHandle="=CutPlanner_A/src&amp;lt;cp.listeners.view{V_OTL.java[V_OTL~onTouch~QView;~QMotionEvent;" StructureKind="java" NumEvents="11" CreationCount="56"/><InteractionEvent Delta="null" EndDate="2014-11-17 10:19:59.980 JST" Interest="1.0" Kind="selection" Navigation="null" OriginId="org.eclipse.jdt.ui.CompilationUnitEditor" StartDate="2014-11-17 10:19:59.980 JST" StructureHandle="=CutPlanner_A/src&amp;lt;cp.utils{Methods.java[Methods~get_AudioLength~QString;" StructureKind="java"/><InteractionEvent Delta="null" EndDate="2014-11-17 08:55:08.564 JST" Interest="1.0" Kind="selection" Navigation="null" OriginId="org.eclipse.jdt.ui.CompilationUnitEditor" StartDate="2014-11-17 08:55:08.564 JST" StructureHandle="=CutPlanner_A/src&amp;lt;cp.listeners.view{V_OTL.java[V_OTL^d4" StructureKind="java"/><InteractionEvent Delta="null" EndDate="2014-11-17 11:50:37.131 JST" Interest="69.0" Kind="edit" Navigation="null" OriginId="org.eclipse.jdt.ui.CompilationUnitEditor" StartDate="2014-11-17 11:45:45.835 JST" StructureHandle="=CutPlanner_A/src&amp;lt;cp.listeners.view{V_OTL.java[V_OTL~_case_ACTION_MOVE__Rect_A~F~F" StructureKind="java" NumEvents="69" CreationCount="2204"/><InteractionEvent Delta="null" EndDate="2014-11-17 11:50:26.250 JST" Interest="7.0" Kind="selection" Navigation="null" OriginId="org.eclipse.jdt.ui.CompilationUnitEditor" StartDate="2014-11-17 11:45:45.827 JST" StructureHandle="=CutPlanner_A/src&amp;lt;cp.listeners.view{V_OTL.java[V_OTL~_case_ACTION_MOVE__Rect_A~F~F" StructureKind="java" NumEvents="7" CreationCount="2204"/><InteractionEvent Delta="null" EndDate="2014-11-17 11:51:22.800 JST" Interest="59.0" Kind="edit" Navigation="null" OriginId="org.eclipse.jdt.ui.CompilationUnitEditor" StartDate="2014-11-17 08:55:14.595 JST" StructureHandle="=CutPlanner_A/src&amp;lt;cp.listeners.view{V_OTL.java[V_OTL" StructureKind="java" NumEvents="59" CreationCount="52"/><InteractionEvent Delta="null" EndDate="2014-11-17 11:54:25.597 JST" Interest="114.55299" Kind="propagation" Navigation="org.eclipse.mylyn.core.model.edges.containment" OriginId="org.eclipse.mylyn.core.model.interest.propagation" StartDate="2014-11-17 08:55:08.565 JST" StructureHandle="=CutPlanner_A/src&amp;lt;cp.listeners.view{V_OTL.java[V_OTL" StructureKind="java" NumEvents="160" CreationCount="52"/><InteractionEvent Delta="null" EndDate="2014-11-17 11:51:22.791 JST" Interest="17.0" Kind="selection" Navigation="null" OriginId="org.eclipse.jdt.ui.CompilationUnitEditor" StartDate="2014-11-17 08:55:13.165 JST" StructureHandle="=CutPlanner_A/src&amp;lt;cp.listeners.view{V_OTL.java[V_OTL" StructureKind="java" NumEvents="17" CreationCount="52"/><InteractionEvent Delta="null" EndDate="2014-11-17 11:42:17.612 JST" Interest="1.0" Kind="propagation" Navigation="null" OriginId="org.eclipse.mylyn.resources.ui.interest.updater" StartDate="2014-11-17 11:42:17.612 JST" StructureHandle="/CutPlanner_A/bin/res" StructureKind="resource"/><InteractionEvent Delta="null" EndDate="2014-11-17 08:57:17.354 JST" Interest="1.0" Kind="selection" Navigation="null" OriginId="org.eclipse.ui.views.ContentOutline" StartDate="2014-11-17 08:57:17.354 JST" StructureHandle="=CutPlanner_A/src&amp;lt;cp.utils{CONS.java%cp.utils" StructureKind="java"/><InteractionEvent Delta="null" EndDate="2014-11-17 11:42:17.614 JST" Interest="1.0" Kind="propagation" Navigation="null" OriginId="org.eclipse.mylyn.resources.ui.interest.updater" StartDate="2014-11-17 11:42:17.614 JST" StructureHandle="/CutPlanner_A/gen/cp/main/BuildConfig.java" StructureKind="resource"/><InteractionEvent Delta="null" EndDate="2014-11-17 11:59:43.596 JST" Interest="1.0" Kind="prediction" Navigation="null" OriginId="org.eclipse.mylyn.resources.ui.interest.updater" StartDate="2014-11-17 11:59:43.596 JST" StructureHandle="=CutPlanner_A/src&amp;lt;cp.utils{CONS.java" StructureKind="java"/><InteractionEvent Delta="null" EndDate="2014-11-17 11:54:14.661 JST" Interest="26.416006" Kind="manipulation" Navigation="null" OriginId="org.eclipse.mylyn.core.model.interest.decay.correction" StartDate="2014-11-17 10:09:09.433 JST" StructureHandle="=CutPlanner_A/src&amp;lt;cp.utils{CONS.java" StructureKind="java" NumEvents="8" CreationCount="94"/><InteractionEvent Delta="null" EndDate="2014-11-17 11:54:14.800 JST" Interest="9.9229965" Kind="propagation" Navigation="org.eclipse.mylyn.core.model.edges.containment" OriginId="org.eclipse.mylyn.core.model.interest.propagation" StartDate="2014-11-17 08:57:17.355 JST" StructureHandle="=CutPlanner_A/src&amp;lt;cp.utils{CONS.java" StructureKind="java" NumEvents="26" CreationCount="94"/><InteractionEvent Delta="null" EndDate="2014-11-17 11:54:14.661 JST" Interest="10.0" Kind="selection" Navigation="null" OriginId="org.eclipse.jdt.ui.CompilationUnitEditor" StartDate="2014-11-17 08:57:14.538 JST" StructureHandle="=CutPlanner_A/src&amp;lt;cp.utils{CONS.java" StructureKind="java" NumEvents="10" CreationCount="94"/><InteractionEvent Delta="null" EndDate="2014-11-17 11:52:53.345 JST" Interest="66.0" Kind="edit" Navigation="null" OriginId="org.eclipse.jdt.ui.CompilationUnitEditor" StartDate="2014-11-17 10:04:47.78 JST" StructureHandle="=CutPlanner_A/src&amp;lt;cp.views{CV.java[CV~draw_Circle_A~QActivity;~I~I" StructureKind="java" NumEvents="66" CreationCount="432"/><InteractionEvent Delta="null" EndDate="2014-11-17 11:52:53.335 JST" Interest="13.0" Kind="selection" Navigation="null" OriginId="org.eclipse.jdt.ui.CompilationUnitEditor" StartDate="2014-11-17 10:04:47.74 JST" StructureHandle="=CutPlanner_A/src&amp;lt;cp.views{CV.java[CV~draw_Circle_A~QActivity;~I~I" StructureKind="java" NumEvents="13" CreationCount="432"/><InteractionEvent Delta="null" EndDate="2014-11-17 10:07:48.288 JST" Interest="2.0" Kind="edit" Navigation="null" OriginId="org.eclipse.jdt.ui.CompilationUnitEditor" StartDate="2014-11-17 10:07:42.649 JST" StructureHandle="=CutPlanner_A/src&amp;lt;cp.views{CV.java[CV~draw_Boxes_A~QActivity;~I~I" StructureKind="java" NumEvents="2" CreationCount="507"/><InteractionEvent Delta="null" EndDate="2014-11-17 10:07:42.642 JST" Interest="1.0" Kind="selection" Navigation="null" OriginId="org.eclipse.jdt.ui.CompilationUnitEditor" StartDate="2014-11-17 10:07:42.642 JST" StructureHandle="=CutPlanner_A/src&amp;lt;cp.views{CV.java[CV~draw_Boxes_A~QActivity;~I~I" StructureKind="java"/><InteractionEvent Delta="null" EndDate="2014-11-17 11:55:43.444 JST" Interest="43.0" Kind="edit" Navigation="null" OriginId="org.eclipse.jdt.ui.CompilationUnitEditor" StartDate="2014-11-17 11:53:36.755 JST" StructureHandle="=CutPlanner_A/src&amp;lt;cp.views{CV.java[CV~_onDraw__RectB~QCanvas;" StructureKind="java" NumEvents="43" CreationCount="2717"/><InteractionEvent Delta="null" EndDate="2014-11-17 11:55:47.500 JST" Interest="6.0" Kind="selection" Navigation="null" OriginId="org.eclipse.jdt.ui.CompilationUnitEditor" StartDate="2014-11-17 11:53:36.749 JST" StructureHandle="=CutPlanner_A/src&amp;lt;cp.views{CV.java[CV~_onDraw__RectB~QCanvas;" StructureKind="java" NumEvents="6" CreationCount="2717"/><InteractionEvent Delta="null" EndDate="2014-11-17 11:38:34.344 JST" Interest="34.0" Kind="edit" Navigation="null" OriginId="org.eclipse.jdt.ui.CompilationUnitEditor" StartDate="2014-11-17 10:03:14.724 JST" StructureHandle="=CutPlanner_A/src&amp;lt;cp.utils{Methods.java[Methods~_identify__Rect_A~QActivity;" StructureKind="java" NumEvents="34" CreationCount="399"/><InteractionEvent Delta="null" EndDate="2014-11-17 11:36:17.501 JST" Interest="1.4390011" Kind="manipulation" Navigation="null" OriginId="org.eclipse.mylyn.core.model.interest.decay.correction" StartDate="2014-11-17 11:31:44.80 JST" StructureHandle="=CutPlanner_A/src&amp;lt;cp.utils{Methods.java[Methods~_identify__Rect_A~QActivity;" StructureKind="java" NumEvents="2" CreationCount="399"/><InteractionEvent Delta="null" EndDate="2014-11-17 11:38:29.522 JST" Interest="14.0" Kind="selection" Navigation="null" OriginId="org.eclipse.jdt.ui.CompilationUnitEditor" StartDate="2014-11-17 10:03:13.647 JST" StructureHandle="=CutPlanner_A/src&amp;lt;cp.utils{Methods.java[Methods~_identify__Rect_A~QActivity;" StructureKind="java" NumEvents="14" CreationCount="399"/><InteractionEvent Delta="null" EndDate="2014-11-17 12:00:27.283 JST" Interest="2871.051" Kind="propagation" Navigation="org.eclipse.mylyn.core.model.edges.containment" OriginId="org.eclipse.mylyn.core.model.interest.propagation" StartDate="2014-11-17 08:52:02.794 JST" StructureHandle="/" StructureKind="resource" NumEvents="2877" CreationCount="1"/><InteractionEvent Delta="null" EndDate="2014-11-17 11:43:30.691 JST" Interest="1.0" Kind="propagation" Navigation="null" OriginId="org.eclipse.mylyn.resources.ui.interest.updater" StartDate="2014-11-17 11:43:30.691 JST" StructureHandle="/CutPlanner_A/bin/dexedLibs/commons-lang-2.1-b28a33ce5569696dfe6f476c768e5640.jar" StructureKind="resource"/><InteractionEvent Delta="null" EndDate="2014-11-17 11:43:30.691 JST" Interest="1.0" Kind="propagation" Navigation="null" OriginId="org.eclipse.mylyn.resources.ui.interest.updater" StartDate="2014-11-17 11:43:30.691 JST" StructureHandle="/CutPlanner_A/bin/dexedLibs/annotations-d288b20aa2286e3172641d3161bdbc70.jar" StructureKind="resource"/><InteractionEvent Delta="null" EndDate="2014-11-17 11:54:29.203 JST" Interest="63.0" Kind="edit" Navigation="null" OriginId="org.eclipse.jdt.ui.CompilationUnitEditor" StartDate="2014-11-17 11:40:19.270 JST" StructureHandle="=CutPlanner_A/src&amp;lt;cp.utils{Methods.java[Methods~_identify__Other__Cir_A~QActivity;" StructureKind="java" NumEvents="63" CreationCount="2050"/><InteractionEvent Delta="null" EndDate="2014-11-17 11:54:36.868 JST" Interest="15.0" Kind="selection" Navigation="null" OriginId="org.eclipse.jdt.ui.CompilationUnitEditor" StartDate="2014-11-17 11:40:18.683 JST" StructureHandle="=CutPlanner_A/src&amp;lt;cp.utils{Methods.java[Methods~_identify__Other__Cir_A~QActivity;" StructureKind="java" NumEvents="15" CreationCount="2050"/><InteractionEvent Delta="null" EndDate="2014-11-17 11:59:43.596 JST" Interest="1424.547" Kind="propagation" Navigation="org.eclipse.mylyn.core.model.edges.containment" OriginId="org.eclipse.mylyn.core.model.interest.propagation" StartDate="2014-11-17 08:52:11.218 JST" StructureHandle="/CutPlanner_A/src/cp" StructureKind="resource" NumEvents="1427" CreationCount="3"/><InteractionEvent Delta="null" EndDate="2014-11-17 11:50:23.912 JST" Interest="95.0" Kind="edit" Navigation="null" OriginId="org.eclipse.jdt.ui.CompilationUnitEditor" StartDate="2014-11-17 11:45:52.540 JST" StructureHandle="=CutPlanner_A/src&amp;lt;cp.listeners.view{V_OTL.java[V_OTL~_case_ACTION_MOVE__Rect_B~F~F" StructureKind="java" NumEvents="95" CreationCount="2225"/><InteractionEvent Delta="null" EndDate="2014-11-17 11:50:23.888 JST" Interest="8.0" Kind="selection" Navigation="null" OriginId="org.eclipse.jdt.ui.CompilationUnitEditor" StartDate="2014-11-17 11:45:52.536 JST" StructureHandle="=CutPlanner_A/src&amp;lt;cp.listeners.view{V_OTL.java[V_OTL~_case_ACTION_MOVE__Rect_B~F~F" StructureKind="java" NumEvents="8" CreationCount="2225"/><InteractionEvent Delta="null" EndDate="2014-11-17 12:00:27.284 JST" Interest="64.399" Kind="propagation" Navigation="org.eclipse.mylyn.core.model.edges.containment" OriginId="org.eclipse.mylyn.core.model.interest.propagation" StartDate="2014-11-17 08:52:15.456 JST" StructureHandle="=CutPlanner_A/src&amp;lt;cp.main" StructureKind="java" NumEvents="88" CreationCount="3"/><InteractionEvent Delta="null" EndDate="2014-11-17 08:52:11.218 JST" Interest="1.0" Kind="selection" Navigation="null" OriginId="org.eclipse.jdt.ui.PackageExplorer" StartDate="2014-11-17 08:52:11.218 JST" StructureHandle="=CutPlanner_A/src&amp;lt;cp.main" StructureKind="java"/><InteractionEvent Delta="null" EndDate="2014-11-17 11:59:43.596 JST" Interest="1.0" Kind="prediction" Navigation="null" OriginId="org.eclipse.mylyn.resources.ui.interest.updater" StartDate="2014-11-17 11:59:43.596 JST" StructureHandle="=CutPlanner_A/src&amp;lt;cp.main{MainActv.java" StructureKind="java"/><InteractionEvent Delta="null" EndDate="2014-11-17 11:59:50.710 JST" Interest="7.4120083" Kind="manipulation" Navigation="null" OriginId="org.eclipse.mylyn.core.model.interest.decay.correction" StartDate="2014-11-17 11:59:50.710 JST" StructureHandle="=CutPlanner_A/src&amp;lt;cp.main{MainActv.java" StructureKind="java"/><InteractionEvent Delta="null" EndDate="2014-11-17 12:00:27.283 JST" Interest="46.969994" Kind="propagation" Navigation="org.eclipse.mylyn.core.model.edges.containment" OriginId="org.eclipse.mylyn.core.model.interest.propagation" StartDate="2014-11-17 08:52:25.299 JST" StructureHandle="=CutPlanner_A/src&amp;lt;cp.main{MainActv.java" StructureKind="java" NumEvents="68" CreationCount="4"/><InteractionEvent Delta="null" EndDate="2014-11-17 11:59:50.710 JST" Interest="10.0" Kind="selection" Navigation="null" OriginId="org.eclipse.jdt.ui.CompilationUnitEditor" StartDate="2014-11-17 08:52:15.455 JST" StructureHandle="=CutPlanner_A/src&amp;lt;cp.main{MainActv.java" StructureKind="java" NumEvents="10" CreationCount="4"/><InteractionEvent Delta="null" EndDate="2014-11-17 11:56:04.231 JST" Interest="25.0" Kind="prediction" Navigation="null" OriginId="org.eclipse.mylyn.resources.ui.interest.updater" StartDate="2014-11-17 10:04:05.632 JST" StructureHandle="/CutPlanner_A/bin/CutPlanner_A.apk" StructureKind="resource" NumEvents="25" CreationCount="426"/><InteractionEvent Delta="null" EndDate="2014-11-17 11:40:22.670 JST" Interest="46.0" Kind="edit" Navigation="null" OriginId="org.eclipse.jdt.ui.CompilationUnitEditor" StartDate="2014-11-17 10:13:05.160 JST" StructureHandle="=CutPlanner_A/src&amp;lt;cp.utils{Methods.java[Methods~_identify__Other~QActivity;" StructureKind="java" NumEvents="46" CreationCount="595"/><InteractionEvent Delta="null" EndDate="2014-11-17 11:40:21.816 JST" Interest="36.0" Kind="selection" Navigation="null" OriginId="org.eclipse.jdt.ui.CompilationUnitEditor" StartDate="2014-11-17 10:13:04.75 JST" StructureHandle="=CutPlanner_A/src&amp;lt;cp.utils{Methods.java[Methods~_identify__Other~QActivity;" StructureKind="java" NumEvents="36" CreationCount="595"/><InteractionEvent Delta="null" EndDate="2014-11-17 11:51:20.475 JST" Interest="27.0" Kind="edit" Navigation="null" OriginId="org.eclipse.jdt.ui.CompilationUnitEditor" StartDate="2014-11-17 10:49:32.296 JST" StructureHandle="=CutPlanner_A/src&amp;lt;cp.listeners.view{V_OTL.java[V_OTL~_case_ACTION_DOWN__CirA~F~F" StructureKind="java" NumEvents="27" CreationCount="1207"/><InteractionEvent Delta="null" EndDate="2014-11-17 11:51:20.466 JST" Interest="0.25200272" Kind="manipulation" Navigation="null" OriginId="org.eclipse.mylyn.core.model.interest.decay.correction" StartDate="2014-11-17 11:51:20.466 JST" StructureHandle="=CutPlanner_A/src&amp;lt;cp.listeners.view{V_OTL.java[V_OTL~_case_ACTION_DOWN__CirA~F~F" StructureKind="java"/><InteractionEvent Delta="null" EndDate="2014-11-17 11:51:20.466 JST" Interest="7.0" Kind="selection" Navigation="null" OriginId="org.eclipse.jdt.ui.CompilationUnitEditor" StartDate="2014-11-17 10:49:32.290 JST" StructureHandle="=CutPlanner_A/src&amp;lt;cp.listeners.view{V_OTL.java[V_OTL~_case_ACTION_DOWN__CirA~F~F" StructureKind="java" NumEvents="7" CreationCount="1207"/><InteractionEvent Delta="null" EndDate="2014-11-17 09:11:23.844 JST" Interest="1.0" Kind="edit" Navigation="null" OriginId="org.eclipse.jdt.ui.CompilationUnitEditor" StartDate="2014-11-17 09:11:23.844 JST" StructureHandle="=CutPlanner_A/src&amp;lt;cp.utils{Methods.java" StructureKind="java"/><InteractionEvent Delta="null" EndDate="2014-11-17 11:54:53.396 JST" Interest="440.517" Kind="propagation" Navigation="org.eclipse.mylyn.core.model.edges.containment" OriginId="org.eclipse.mylyn.core.model.interest.propagation" StartDate="2014-11-17 09:01:29.452 JST" StructureHandle="=CutPlanner_A/src&amp;lt;cp.utils{Methods.java" StructureKind="java" NumEvents="636" CreationCount="218"/><InteractionEvent Delta="null" EndDate="2014-11-17 11:59:42.455 JST" Interest="59.0" Kind="selection" Navigation="null" OriginId="org.eclipse.jdt.ui.PackageExplorer" StartDate="2014-11-17 09:01:28.692 JST" StructureHandle="=CutPlanner_A/src&amp;lt;cp.utils{Methods.java" StructureKind="java" NumEvents="59" CreationCount="218"/><InteractionEvent Delta="null" EndDate="2014-11-17 11:51:10.207 JST" Interest="25.0" Kind="edit" Navigation="null" OriginId="org.eclipse.jdt.ui.CompilationUnitEditor" StartDate="2014-11-17 08:56:06.355 JST" StructureHandle="=CutPlanner_A/src&amp;lt;cp.listeners.view{V_OTL.java[V_OTL~_case_ACTION_DOWN__Rect_A~F~F" StructureKind="java" NumEvents="25" CreationCount="66"/><InteractionEvent Delta="null" EndDate="2014-11-17 11:50:37.708 JST" Interest="36.239002" Kind="manipulation" Navigation="null" OriginId="org.eclipse.mylyn.core.model.interest.decay.correction" StartDate="2014-11-17 08:59:58.981 JST" StructureHandle="=CutPlanner_A/src&amp;lt;cp.listeners.view{V_OTL.java[V_OTL~_case_ACTION_DOWN__Rect_A~F~F" StructureKind="java" NumEvents="2" CreationCount="66"/><InteractionEvent Delta="null" EndDate="2014-11-17 11:51:02.838 JST" Interest="7.0" Kind="selection" Navigation="null" OriginId="org.eclipse.ui.views.ContentOutline" StartDate="2014-11-17 08:56:01.22 JST" StructureHandle="=CutPlanner_A/src&amp;lt;cp.listeners.view{V_OTL.java[V_OTL~_case_ACTION_DOWN__Rect_A~F~F" StructureKind="java" NumEvents="7" CreationCount="66"/><InteractionEvent Delta="null" EndDate="2014-11-17 11:59:42.456 JST" Interest="502.889" Kind="propagation" Navigation="org.eclipse.mylyn.core.model.edges.containment" OriginId="org.eclipse.mylyn.core.model.interest.propagation" StartDate="2014-11-17 08:52:11.219 JST" StructureHandle="=CutPlanner_A/src" StructureKind="java" NumEvents="740" CreationCount="2"/><InteractionEvent Delta="null" EndDate="2014-11-17 08:52:08.308 JST" Interest="1.0" Kind="selection" Navigation="null" OriginId="org.eclipse.jdt.ui.PackageExplorer" StartDate="2014-11-17 08:52:08.308 JST" StructureHandle="=CutPlanner_A/src" StructureKind="java"/><InteractionEvent Delta="null" EndDate="2014-11-17 11:43:30.692 JST" Interest="30.801003" Kind="propagation" Navigation="org.eclipse.mylyn.core.model.edges.containment" OriginId="org.eclipse.mylyn.core.model.interest.propagation" StartDate="2014-11-17 10:04:05.633 JST" StructureHandle="/CutPlanner_A/bin" StructureKind="resource" NumEvents="13" CreationCount="426"/><InteractionEvent Delta="null" EndDate="2014-11-17 10:36:02.587 JST" Interest="4.0" Kind="edit" Navigation="null" OriginId="org.eclipse.jdt.ui.CompilationUnitEditor" StartDate="2014-11-17 10:09:04.694 JST" StructureHandle="=CutPlanner_A/src&amp;lt;cp.views{CV.java[CV~_go" StructureKind="java" NumEvents="4" CreationCount="553"/><InteractionEvent Delta="null" EndDate="2014-11-17 10:54:20.698 JST" Interest="7.729" Kind="manipulation" Navigation="null" OriginId="org.eclipse.mylyn.core.model.interest.decay.correction" StartDate="2014-11-17 10:36:01.981 JST" StructureHandle="=CutPlanner_A/src&amp;lt;cp.views{CV.java[CV~_go" StructureKind="java" NumEvents="2" CreationCount="553"/><InteractionEvent Delta="null" EndDate="2014-11-17 10:54:20.698 JST" Interest="3.0" Kind="selection" Navigation="null" OriginId="org.eclipse.jdt.ui.CompilationUnitEditor" StartDate="2014-11-17 10:09:04.686 JST" StructureHandle="=CutPlanner_A/src&amp;lt;cp.views{CV.java[CV~_go" StructureKind="java" NumEvents="3" CreationCount="553"/><InteractionEvent Delta="null" EndDate="2014-11-17 10:06:38.608 JST" Interest="5.0" Kind="edit" Navigation="null" OriginId="org.eclipse.jdt.ui.CompilationUnitEditor" StartDate="2014-11-17 08:52:49.265 JST" StructureHandle="=CutPlanner_A/src&amp;lt;cp.views{CV.java[CV~draw_Boxes_A~QActivity;" StructureKind="java" NumEvents="5" CreationCount="14"/><InteractionEvent Delta="null" EndDate="2014-11-17 10:06:16.94 JST" Interest="2.7370005" Kind="manipulation" Navigation="null" OriginId="org.eclipse.mylyn.core.model.interest.decay.correction" StartDate="2014-11-17 10:06:16.94 JST" StructureHandle="=CutPlanner_A/src&amp;lt;cp.views{CV.java[CV~draw_Boxes_A~QActivity;" StructureKind="java"/><InteractionEvent Delta="null" EndDate="2014-11-17 10:06:16.94 JST" Interest="4.0" Kind="selection" Navigation="null" OriginId="org.eclipse.jdt.ui.CompilationUnitEditor" StartDate="2014-11-17 08:52:47.394 JST" StructureHandle="=CutPlanner_A/src&amp;lt;cp.views{CV.java[CV~draw_Boxes_A~QActivity;" StructureKind="java" NumEvents="4" CreationCount="14"/><InteractionEvent Delta="null" EndDate="2014-11-17 11:59:50.773 JST" Interest="45.0" Kind="edit" Navigation="null" OriginId="org.eclipse.jdt.ui.CompilationUnitEditor" StartDate="2014-11-17 08:52:24.909 JST" StructureHandle="=CutPlanner_A/src&amp;lt;cp.main{MainActv.java[MainActv~_Setup" StructureKind="java" NumEvents="45" CreationCount="7"/><InteractionEvent Delta="null" EndDate="2014-11-17 11:59:50.763 JST" Interest="8.429005" Kind="manipulation" Navigation="null" OriginId="org.eclipse.mylyn.core.model.interest.decay.correction" StartDate="2014-11-17 11:59:50.763 JST" StructureHandle="=CutPlanner_A/src&amp;lt;cp.main{MainActv.java[MainActv~_Setup" StructureKind="java"/><InteractionEvent Delta="null" EndDate="2014-11-17 11:59:54.827 JST" Interest="14.0" Kind="selection" Navigation="null" OriginId="org.eclipse.jdt.ui.CompilationUnitEditor" StartDate="2014-11-17 08:52:24.730 JST" StructureHandle="=CutPlanner_A/src&amp;lt;cp.main{MainActv.java[MainActv~_Setup" StructureKind="java" NumEvents="14" CreationCount="7"/><InteractionEvent Delta="null" EndDate="2014-11-17 11:54:30.754 JST" Interest="882.0" Kind="propagation" Navigation="org.eclipse.mylyn.core.model.edges.containment" OriginId="org.eclipse.mylyn.core.model.interest.propagation" StartDate="2014-11-17 08:55:00.678 JST" StructureHandle="/CutPlanner_A/src/cp/listeners/view" StructureKind="resource" NumEvents="882" CreationCount="51"/><InteractionEvent Delta="null" EndDate="2014-11-17 08:57:50.511 JST" Interest="3.0" Kind="edit" Navigation="null" OriginId="org.eclipse.jdt.ui.CompilationUnitEditor" StartDate="2014-11-17 08:57:48.683 JST" StructureHandle="=CutPlanner_A/src&amp;lt;cp.utils{CONS.java[CONS[Canvas[Layer^Rect_A" StructureKind="java" NumEvents="3" CreationCount="133"/><InteractionEvent Delta="null" EndDate="2014-11-17 08:58:10.995 JST" Interest="2.0" Kind="selection" Navigation="null" OriginId="org.eclipse.ui.views.ContentOutline" StartDate="2014-11-17 08:57:48.671 JST" StructureHandle="=CutPlanner_A/src&amp;lt;cp.utils{CONS.java[CONS[Canvas[Layer^Rect_A" StructureKind="java" NumEvents="2" CreationCount="133"/><InteractionEvent Delta="null" EndDate="2014-11-17 11:46:47.493 JST" Interest="4.0" Kind="edit" Navigation="null" OriginId="org.eclipse.jdt.ui.CompilationUnitEditor" StartDate="2014-11-17 08:57:19.5 JST" StructureHandle="=CutPlanner_A/src&amp;lt;cp.utils{CONS.java[CONS[Canvas" StructureKind="java" NumEvents="4" CreationCount="96"/><InteractionEvent Delta="null" EndDate="2014-11-17 11:54:14.800 JST" Interest="40.505005" Kind="propagation" Navigation="org.eclipse.mylyn.core.model.edges.containment" OriginId="org.eclipse.mylyn.core.model.interest.propagation" StartDate="2014-11-17 08:57:21.116 JST" StructureHandle="=CutPlanner_A/src&amp;lt;cp.utils{CONS.java[CONS[Canvas" StructureKind="java" NumEvents="18" CreationCount="96"/><InteractionEvent Delta="null" EndDate="2014-11-17 11:46:45.338 JST" Interest="3.0" Kind="selection" Navigation="null" OriginId="org.eclipse.jdt.ui.CompilationUnitEditor" StartDate="2014-11-17 08:57:18.902 JST" StructureHandle="=CutPlanner_A/src&amp;lt;cp.utils{CONS.java[CONS[Canvas" StructureKind="java" NumEvents="3" CreationCount="96"/><InteractionEvent Delta="null" EndDate="2014-11-17 11:42:17.616 JST" Interest="2.0" Kind="propagation" Navigation="org.eclipse.mylyn.core.model.edges.containment" OriginId="org.eclipse.mylyn.core.model.interest.propagation" StartDate="2014-11-17 11:42:17.613 JST" StructureHandle="=CutPlanner_A/gen" StructureKind="java" NumEvents="2" CreationCount="2136"/><InteractionEvent Delta="null" EndDate="2014-11-17 11:40:07.423 JST" Interest="282.0" Kind="edit" Navigation="null" OriginId="org.eclipse.jdt.ui.CompilationUnitEditor" StartDate="2014-11-17 10:15:10.533 JST" StructureHandle="=CutPlanner_A/src&amp;lt;cp.utils{Methods.java[Methods~get_Distance_2D~QActivity;~QPoint;~QPoint;" StructureKind="java" NumEvents="282" CreationCount="628"/><InteractionEvent Delta="null" EndDate="2014-11-17 11:40:07.415 JST" Interest="36.0" Kind="selection" Navigation="null" OriginId="org.eclipse.jdt.ui.CompilationUnitEditor" StartDate="2014-11-17 10:15:09.568 JST" StructureHandle="=CutPlanner_A/src&amp;lt;cp.utils{Methods.java[Methods~get_Distance_2D~QActivity;~QPoint;~QPoint;" StructureKind="java" NumEvents="36" CreationCount="628"/><InteractionEvent Delta="null" EndDate="2014-11-17 08:57:52.462 JST" Interest="1.0" Kind="edit" Navigation="null" OriginId="org.eclipse.jdt.ui.CompilationUnitEditor" StartDate="2014-11-17 08:57:52.462 JST" StructureHandle="=CutPlanner_A/src&amp;lt;cp.utils{CONS.java[CONS[Canvas[Layer^Rect_A!2" StructureKind="java"/><InteractionEvent Delta="null" EndDate="2014-11-17 08:57:52.454 JST" Interest="1.0" Kind="selection" Navigation="null" OriginId="org.eclipse.jdt.ui.CompilationUnitEditor" StartDate="2014-11-17 08:57:52.454 JST" StructureHandle="=CutPlanner_A/src&amp;lt;cp.utils{CONS.java[CONS[Canvas[Layer^Rect_A!2" StructureKind="java"/><InteractionEvent Delta="null" EndDate="2014-11-17 10:38:57.613 JST" Interest="2.0" Kind="edit" Navigation="null" OriginId="org.eclipse.jdt.ui.CompilationUnitEditor" StartDate="2014-11-17 08:57:55.972 JST" StructureHandle="=CutPlanner_A/src&amp;lt;cp.utils{CONS.java[CONS[Canvas[Layer" StructureKind="java" NumEvents="2" CreationCount="133"/><InteractionEvent Delta="null" EndDate="2014-11-17 11:46:24.60 JST" Interest="29.016003" Kind="manipulation" Navigation="null" OriginId="org.eclipse.mylyn.core.model.interest.decay.correction" StartDate="2014-11-17 10:09:09.664 JST" StructureHandle="=CutPlanner_A/src&amp;lt;cp.utils{CONS.java[CONS[Canvas[Layer" StructureKind="java" NumEvents="3" CreationCount="133"/><InteractionEvent Delta="null" EndDate="2014-11-17 08:57:50.511 JST" Interest="3.1" Kind="propagation" Navigation="org.eclipse.mylyn.core.model.edges.containment" OriginId="org.eclipse.mylyn.core.model.interest.propagation" StartDate="2014-11-17 08:57:48.672 JST" StructureHandle="=CutPlanner_A/src&amp;lt;cp.utils{CONS.java[CONS[Canvas[Layer" StructureKind="java" NumEvents="4" CreationCount="133"/><InteractionEvent Delta="null" EndDate="2014-11-17 11:46:24.60 JST" Interest="4.0" Kind="selection" Navigation="null" OriginId="org.eclipse.jdt.ui.CompilationUnitEditor" StartDate="2014-11-17 08:57:55.965 JST" StructureHandle="=CutPlanner_A/src&amp;lt;cp.utils{CONS.java[CONS[Canvas[Layer" StructureKind="java" NumEvents="4" CreationCount="133"/><InteractionEvent Delta="null" EndDate="2014-11-17 11:54:14.800 JST" Interest="46.305004" Kind="propagation" Navigation="org.eclipse.mylyn.core.model.edges.containment" OriginId="org.eclipse.mylyn.core.model.interest.propagation" StartDate="2014-11-17 08:57:18.903 JST" StructureHandle="=CutPlanner_A/src&amp;lt;cp.utils{CONS.java[CONS" StructureKind="java" NumEvents="26" CreationCount="96"/><InteractionEvent Delta="null" EndDate="2014-11-17 08:55:11.650 JST" Interest="1.0" Kind="selection" Navigation="null" OriginId="org.eclipse.jdt.ui.CompilationUnitEditor" StartDate="2014-11-17 08:55:11.650 JST" StructureHandle="=CutPlanner_A/src&amp;lt;cp.listeners.view{V_OTL.java[V_OTL~onTouchEvent~QMotionEvent;" StructureKind="java"/><InteractionEvent Delta="null" EndDate="2014-11-17 11:46:32.784 JST" Interest="1.0" Kind="selection" Navigation="null" OriginId="org.eclipse.jdt.ui.CompilationUnitEditor" StartDate="2014-11-17 11:46:32.784 JST" StructureHandle="=CutPlanner_A/src&amp;lt;cp.utils{CONS.java[CONS[Canvas^Rect_B_W" StructureKind="java"/><InteractionEvent Delta="null" EndDate="2014-11-17 11:42:17.612 JST" Interest="1.0" Kind="propagation" Navigation="null" OriginId="org.eclipse.mylyn.resources.ui.interest.updater" StartDate="2014-11-17 11:42:17.612 JST" StructureHandle="=CutPlanner_A/gen&amp;lt;cp.main{R.java" StructureKind="java"/><InteractionEvent Delta="null" EndDate="2014-11-17 11:46:40.728 JST" Interest="1.0" Kind="selection" Navigation="null" OriginId="org.eclipse.jdt.ui.CompilationUnitEditor" StartDate="2014-11-17 11:46:40.728 JST" StructureHandle="=CutPlanner_A/src&amp;lt;cp.utils{CONS.java[CONS[Canvas^Rect_B_X1" StructureKind="java"/><InteractionEvent Delta="null" EndDate="2014-11-17 11:42:17.612 JST" Interest="1.0" Kind="propagation" Navigation="null" OriginId="org.eclipse.mylyn.resources.ui.interest.updater" StartDate="2014-11-17 11:42:17.612 JST" StructureHandle="=CutPlanner_A/gen&amp;lt;cp" StructureKind="java"/><InteractionEvent Delta="null" EndDate="2014-11-17 11:46:23.991 JST" Interest="2.1790009" Kind="manipulation" Navigation="null" OriginId="org.eclipse.mylyn.core.model.interest.decay.correction" StartDate="2014-11-17 11:46:23.991 JST" StructureHandle="/CutPlanner_A/src/cp/utils/CONS.java" StructureKind="resource"/><InteractionEvent Delta="null" EndDate="2014-11-17 11:59:43.596 JST" Interest="57.0" Kind="propagation" Navigation="null" OriginId="org.eclipse.mylyn.resources.ui.interest.updater" StartDate="2014-11-17 08:57:14.539 JST" StructureHandle="/CutPlanner_A/src/cp/utils/CONS.java" StructureKind="resource" NumEvents="57" CreationCount="94"/><InteractionEvent Delta="null" EndDate="2014-11-17 11:59:53.392 JST" Interest="431.0" Kind="propagation" Navigation="null" OriginId="org.eclipse.ui.views.ContentOutline" StartDate="2014-11-17 08:52:46.664 JST" StructureHandle="/CutPlanner_A/src/cp/views/CV.java" StructureKind="resource" NumEvents="431" CreationCount="13"/><InteractionEvent Delta="null" EndDate="2014-11-17 10:38:48.113 JST" Interest="1.0" Kind="selection" Navigation="null" OriginId="org.eclipse.jdt.ui.CompilationUnitEditor" StartDate="2014-11-17 10:38:48.113 JST" StructureHandle="=CutPlanner_A/src&amp;lt;cp.utils{CONS.java[CONS[Canvas^currentObj" StructureKind="java"/><InteractionEvent Delta="null" EndDate="2014-11-17 11:42:17.615 JST" Interest="3.0" Kind="propagation" Navigation="org.eclipse.mylyn.core.model.edges.containment" OriginId="org.eclipse.mylyn.core.model.interest.propagation" StartDate="2014-11-17 11:42:17.613 JST" StructureHandle="/CutPlanner_A/gen/cp" StructureKind="resource" NumEvents="3" CreationCount="2136"/><InteractionEvent Delta="null" EndDate="2014-11-17 11:40:12.653 JST" Interest="9.0" Kind="edit" Navigation="null" OriginId="org.eclipse.jdt.ui.CompilationUnitEditor" StartDate="2014-11-17 11:40:05.890 JST" StructureHandle="=CutPlanner_A/src&amp;lt;cp.utils{Methods.java[Methods~is_In_Rect_B~QActivity;~F~F" StructureKind="java" NumEvents="9" CreationCount="2030"/><InteractionEvent Delta="null" EndDate="2014-11-17 11:40:14.959 JST" Interest="4.0" Kind="selection" Navigation="null" OriginId="org.eclipse.ui.views.ContentOutline" StartDate="2014-11-17 11:40:05.886 JST" StructureHandle="=CutPlanner_A/src&amp;lt;cp.utils{Methods.java[Methods~is_In_Rect_B~QActivity;~F~F" StructureKind="java" NumEvents="4" CreationCount="2030"/><InteractionEvent Delta="null" EndDate="2014-11-17 11:56:04.231 JST" Interest="25.0" Kind="prediction" Navigation="null" OriginId="org.eclipse.mylyn.resources.ui.interest.updater" StartDate="2014-11-17 10:04:05.633 JST" StructureHandle="/CutPlanner_A/bin/classes.dex" StructureKind="resource" NumEvents="25" CreationCount="426"/><InteractionEvent Delta="null" EndDate="2014-11-17 11:59:43.596 JST" Interest="1424.0" Kind="propagation" Navigation="null" OriginId="org.eclipse.mylyn.resources.ui.interest.updater" StartDate="2014-11-17 08:57:14.539 JST" StructureHandle="/CutPlanner_A/src/cp/utils" StructureKind="resource" NumEvents="1424" CreationCount="94"/><InteractionEvent Delta="null" EndDate="2014-11-17 12:00:27.283 JST" Interest="2871.034" Kind="propagation" Navigation="org.eclipse.mylyn.core.model.edges.containment" OriginId="org.eclipse.mylyn.core.model.interest.propagation" StartDate="2014-11-17 08:52:08.309 JST" StructureHandle="=CutPlanner_A" StructureKind="resource" NumEvents="2874" CreationCount="2"/><InteractionEvent Delta="null" EndDate="2014-11-17 11:53:01.816 JST" Interest="1.0" Kind="edit" Navigation="null" OriginId="org.eclipse.jdt.ui.CompilationUnitEditor" StartDate="2014-11-17 11:53:01.816 JST" StructureHandle="=CutPlanner_A/src&amp;lt;cp.views{CV.java[CV~draw_Rect_B~QActivity;" StructureKind="java"/><InteractionEvent Delta="null" EndDate="2014-11-17 11:53:12.691 JST" Interest="5.0" Kind="selection" Navigation="null" OriginId="org.eclipse.jdt.ui.CompilationUnitEditor" StartDate="2014-11-17 11:52:59.822 JST" StructureHandle="=CutPlanner_A/src&amp;lt;cp.views{CV.java[CV~draw_Rect_B~QActivity;" StructureKind="java" NumEvents="5" CreationCount="2685"/><InteractionEvent Delta="null" EndDate="2014-11-17 11:43:30.691 JST" Interest="1.0" Kind="propagation" Navigation="org.eclipse.mylyn.core.model.edges.containment" OriginId="org.eclipse.mylyn.core.model.interest.propagation" StartDate="2014-11-17 11:43:30.691 JST" StructureHandle="/CutPlanner_A/bin/dexedLibs" StructureKind="resource"/><InteractionEvent Delta="null" EndDate="2014-11-17 11:48:25.820 JST" Interest="9.0" Kind="edit" Navigation="null" OriginId="org.eclipse.jdt.ui.CompilationUnitEditor" StartDate="2014-11-17 11:48:06.468 JST" StructureHandle="=CutPlanner_A/src&amp;lt;cp.views{CV.java[CV~draw_Rect_A~QActivity;" StructureKind="java" NumEvents="9" CreationCount="2374"/><InteractionEvent Delta="null" EndDate="2014-11-17 11:52:58.277 JST" Interest="6.0" Kind="selection" Navigation="null" OriginId="org.eclipse.jdt.ui.CompilationUnitEditor" StartDate="2014-11-17 11:48:06.462 JST" StructureHandle="=CutPlanner_A/src&amp;lt;cp.views{CV.java[CV~draw_Rect_A~QActivity;" StructureKind="java" NumEvents="6" CreationCount="2374"/><InteractionEvent Delta="null" EndDate="2014-11-17 11:42:17.613 JST" Interest="1.0" Kind="propagation" Navigation="null" OriginId="org.eclipse.mylyn.resources.ui.interest.updater" StartDate="2014-11-17 11:42:17.613 JST" StructureHandle="/CutPlanner_A/gen/cp/main/R.java" StructureKind="resource"/><InteractionEvent Delta="null" EndDate="2014-11-17 11:54:30.754 JST" Interest="882.0" Kind="propagation" Navigation="null" OriginId="org.eclipse.ui.views.ContentOutline" StartDate="2014-11-17 08:55:00.678 JST" StructureHandle="/CutPlanner_A/src/cp/listeners/view/V_OTL.java" StructureKind="resource" NumEvents="882" CreationCount="51"/><InteractionEvent Delta="null" EndDate="2014-11-17 11:38:42.662 JST" Interest="1.0" Kind="selection" Navigation="null" OriginId="org.eclipse.ui.views.ContentOutline" StartDate="2014-11-17 11:38:42.662 JST" StructureHandle="=CutPlanner_A/src&amp;lt;cp.utils{Methods.java%cp.utils" StructureKind="java"/><InteractionEvent Delta="null" EndDate="2014-11-17 11:54:26.217 JST" Interest="39.0" Kind="edit" Navigation="null" OriginId="org.eclipse.jdt.ui.CompilationUnitEditor" StartDate="2014-11-17 11:51:25.524 JST" StructureHandle="=CutPlanner_A/src&amp;lt;cp.listeners.view{V_OTL.java[V_OTL~_case_BCTION_DOWN__Rect_B~F~F" StructureKind="java" NumEvents="39" CreationCount="2572"/><InteractionEvent Delta="null" EndDate="2014-11-17 11:54:30.753 JST" Interest="7.0" Kind="selection" Navigation="null" OriginId="org.eclipse.ui.views.ContentOutline" StartDate="2014-11-17 11:51:25.520 JST" StructureHandle="=CutPlanner_A/src&amp;lt;cp.listeners.view{V_OTL.java[V_OTL~_case_BCTION_DOWN__Rect_B~F~F" StructureKind="java" NumEvents="7" CreationCount="2572"/><InteractionEvent Delta="null" EndDate="2014-11-17 11:41:12.114 JST" Interest="5.0" Kind="edit" Navigation="null" OriginId="org.eclipse.jdt.ui.CompilationUnitEditor" StartDate="2014-11-17 11:24:10.251 JST" StructureHandle="=CutPlanner_A/src&amp;lt;cp.utils{Methods.java[Methods" StructureKind="java" NumEvents="5" CreationCount="219"/><InteractionEvent Delta="null" EndDate="2014-11-17 11:54:42.229 JST" Interest="470.69998" Kind="propagation" Navigation="org.eclipse.mylyn.core.model.edges.containment" OriginId="org.eclipse.mylyn.core.model.interest.propagation" StartDate="2014-11-17 09:01:29.452 JST" StructureHandle="=CutPlanner_A/src&amp;lt;cp.utils{Methods.java[Methods" StructureKind="java" NumEvents="657" CreationCount="219"/><InteractionEvent Delta="null" EndDate="2014-11-17 11:41:12.110 JST" Interest="25.0" Kind="selection" Navigation="null" OriginId="org.eclipse.jdt.ui.CompilationUnitEditor" StartDate="2014-11-17 10:03:41.611 JST" StructureHandle="=CutPlanner_A/src&amp;lt;cp.utils{Methods.java[Methods" StructureKind="java" NumEvents="25" CreationCount="219"/><InteractionEvent Delta="null" EndDate="2014-11-17 11:42:17.612 JST" Interest="1.0" Kind="propagation" Navigation="null" OriginId="org.eclipse.mylyn.resources.ui.interest.updater" StartDate="2014-11-17 11:42:17.612 JST" StructureHandle="/CutPlanner_A/bin/AndroidManifest.xml" StructureKind="resource"/><InteractionEvent Delta="null" EndDate="2014-11-17 11:43:30.691 JST" Interest="1.0" Kind="propagation" Navigation="null" OriginId="org.eclipse.mylyn.resources.ui.interest.updater" StartDate="2014-11-17 11:43:30.691 JST" StructureHandle="/CutPlanner_A/bin/dexedLibs/commons-net-3.1-90f067fe436ab451b6b1c731351aea0f.jar" StructureKind="resource"/><InteractionEvent Delta="null" EndDate="2014-11-17 11:42:17.612 JST" Interest="1.0" Kind="propagation" Navigation="null" OriginId="org.eclipse.mylyn.resources.ui.interest.updater" StartDate="2014-11-17 11:42:17.612 JST" StructureHandle="=CutPlanner_A/gen&amp;lt;cp.main{BuildConfig.java" StructureKind="java"/><InteractionEvent Delta="null" EndDate="2014-11-17 11:59:53.393 JST" Interest="80.89101" Kind="propagation" Navigation="org.eclipse.mylyn.core.model.edges.containment" OriginId="org.eclipse.mylyn.core.model.interest.propagation" StartDate="2014-11-17 08:52:47.474 JST" StructureHandle="=CutPlanner_A/src&amp;lt;cp.views{CV.java" StructureKind="java" NumEvents="118" CreationCount="13"/><InteractionEvent Delta="null" EndDate="2014-11-17 11:55:42.7 JST" Interest="33.0" Kind="selection" Navigation="null" OriginId="org.eclipse.jdt.ui.CompilationUnitEditor" StartDate="2014-11-17 08:52:46.663 JST" StructureHandle="=CutPlanner_A/src&amp;lt;cp.views{CV.java" StructureKind="java" NumEvents="33" CreationCount="13"/><InteractionEvent Delta="null" EndDate="2014-11-17 10:54:34.672 JST" Interest="27.0" Kind="edit" Navigation="null" OriginId="org.eclipse.jdt.ui.CompilationUnitEditor" StartDate="2014-11-17 09:01:45.282 JST" StructureHandle="=CutPlanner_A/src&amp;lt;cp.views{CV.java[CV~_onDraw__CirA~QCanvas;" StructureKind="java" NumEvents="27" CreationCount="224"/><InteractionEvent Delta="null" EndDate="2014-11-17 11:48:05.889 JST" Interest="3.6160011" Kind="manipulation" Navigation="null" OriginId="org.eclipse.mylyn.core.model.interest.decay.correction" StartDate="2014-11-17 11:48:05.889 JST" StructureHandle="=CutPlanner_A/src&amp;lt;cp.views{CV.java[CV~_onDraw__CirA~QCanvas;" StructureKind="java"/><InteractionEvent Delta="null" EndDate="2014-11-17 11:48:05.889 JST" Interest="15.0" Kind="selection" Navigation="null" OriginId="org.eclipse.jdt.ui.CompilationUnitEditor" StartDate="2014-11-17 09:01:44.255 JST" StructureHandle="=CutPlanner_A/src&amp;lt;cp.views{CV.java[CV~_onDraw__CirA~QCanvas;" StructureKind="java" NumEvents="15" CreationCount="224"/><InteractionEvent Delta="null" EndDate="2014-11-17 11:54:14.800 JST" Interest="0.77100015" Kind="manipulation" Navigation="null" OriginId="org.eclipse.mylyn.core.model.interest.decay.correction" StartDate="2014-11-17 11:54:14.800 JST" StructureHandle="=CutPlanner_A/src&amp;lt;cp.utils{CONS.java[CONS[Canvas^Rect_B_Y1_prev" StructureKind="java"/><InteractionEvent Delta="null" EndDate="2014-11-17 11:54:14.800 JST" Interest="3.0" Kind="selection" Navigation="null" OriginId="org.eclipse.jdt.ui.CompilationUnitEditor" StartDate="2014-11-17 11:51:41.982 JST" StructureHandle="=CutPlanner_A/src&amp;lt;cp.utils{CONS.java[CONS[Canvas^Rect_B_Y1_prev" StructureKind="java" NumEvents="3" CreationCount="2598"/><InteractionEvent Delta="null" EndDate="2014-11-17 08:56:12.181 JST" Interest="1.0" Kind="edit" Navigation="null" OriginId="org.eclipse.jdt.ui.CompilationUnitEditor" StartDate="2014-11-17 08:56:12.181 JST" StructureHandle="=CutPlanner_A/src&amp;lt;cp.main{MainActv.java[MainActv" StructureKind="java"/><InteractionEvent Delta="null" EndDate="2014-11-17 12:00:27.283 JST" Interest="61.631" Kind="propagation" Navigation="org.eclipse.mylyn.core.model.edges.containment" OriginId="org.eclipse.mylyn.core.model.interest.propagation" StartDate="2014-11-17 08:52:24.732 JST" StructureHandle="=CutPlanner_A/src&amp;lt;cp.main{MainActv.java[MainActv" StructureKind="java" NumEvents="72" CreationCount="7"/><InteractionEvent Delta="null" EndDate="2014-11-17 08:56:17.137 JST" Interest="3.0" Kind="selection" Navigation="null" OriginId="org.eclipse.jdt.ui.CompilationUnitEditor" StartDate="2014-11-17 08:56:12.175 JST" StructureHandle="=CutPlanner_A/src&amp;lt;cp.main{MainActv.java[MainActv" StructureKind="java" NumEvents="3" CreationCount="7"/><InteractionEvent Delta="null" EndDate="2014-11-17 11:54:42.229 JST" Interest="636.0" Kind="edit" Navigation="null" OriginId="org.eclipse.jdt.ui.CompilationUnitEditor" StartDate="2014-11-17 09:01:30.267 JST" StructureHandle="=CutPlanner_A/src&amp;lt;cp.utils{Methods.java[Methods~identify~QActivity;~F~F" StructureKind="java" NumEvents="636" CreationCount="219"/><InteractionEvent Delta="null" EndDate="2014-11-17 11:54:36.885 JST" Interest="54.0" Kind="selection" Navigation="null" OriginId="org.eclipse.jdt.ui.CompilationUnitEditor" StartDate="2014-11-17 09:01:29.451 JST" StructureHandle="=CutPlanner_A/src&amp;lt;cp.utils{Methods.java[Methods~identify~QActivity;~F~F" StructureKind="java" NumEvents="54" CreationCount="219"/><InteractionEvent Delta="null" EndDate="2014-11-17 10:05:24.492 JST" Interest="1.0" Kind="selection" Navigation="null" OriginId="org.eclipse.ui.views.ContentOutline" StartDate="2014-11-17 10:05:24.492 JST" StructureHandle="=CutPlanner_A/src&amp;lt;cp.views{CV.java[CV~onMeasure~I~I" StructureKind="java"/><InteractionEvent Delta="null" EndDate="2014-11-17 11:53:33.868 JST" Interest="6.0" Kind="edit" Navigation="null" OriginId="org.eclipse.jdt.ui.CompilationUnitEditor" StartDate="2014-11-17 11:53:13.975 JST" StructureHandle="=CutPlanner_A/src&amp;lt;cp.views{CV.java[CV" StructureKind="java" NumEvents="6" CreationCount="14"/><InteractionEvent Delta="null" EndDate="2014-11-17 11:59:53.392 JST" Interest="104.674" Kind="propagation" Navigation="org.eclipse.mylyn.core.model.edges.containment" OriginId="org.eclipse.mylyn.core.model.interest.propagation" StartDate="2014-11-17 08:52:47.395 JST" StructureHandle="=CutPlanner_A/src&amp;lt;cp.views{CV.java[CV" StructureKind="java" NumEvents="141" CreationCount="14"/><InteractionEvent Delta="null" EndDate="2014-11-17 11:53:33.238 JST" Interest="5.0" Kind="selection" Navigation="null" OriginId="org.eclipse.jdt.ui.CompilationUnitEditor" StartDate="2014-11-17 10:08:36.833 JST" StructureHandle="=CutPlanner_A/src&amp;lt;cp.views{CV.java[CV" StructureKind="java" NumEvents="5" CreationCount="14"/><InteractionEvent Delta="null" EndDate="2014-11-17 11:34:01.228 JST" Interest="11.0" Kind="edit" Navigation="null" OriginId="org.eclipse.jdt.ui.CompilationUnitEditor" StartDate="2014-11-17 10:41:56.725 JST" StructureHandle="=CutPlanner_A/src&amp;lt;cp.listeners.view{V_OTL.java[V_OTL~_case_ACTION_MOVE__Cir_A~F~F" StructureKind="java" NumEvents="11" CreationCount="1109"/><InteractionEvent Delta="null" EndDate="2014-11-17 11:34:00.267 JST" Interest="6.0630007" Kind="manipulation" Navigation="null" OriginId="org.eclipse.mylyn.core.model.interest.decay.correction" StartDate="2014-11-17 11:34:00.267 JST" StructureHandle="=CutPlanner_A/src&amp;lt;cp.listeners.view{V_OTL.java[V_OTL~_case_ACTION_MOVE__Cir_A~F~F" StructureKind="java"/><InteractionEvent Delta="null" EndDate="2014-11-17 11:34:00.267 JST" Interest="3.0" Kind="selection" Navigation="null" OriginId="org.eclipse.jdt.ui.CompilationUnitEditor" StartDate="2014-11-17 10:41:56.721 JST" StructureHandle="=CutPlanner_A/src&amp;lt;cp.listeners.view{V_OTL.java[V_OTL~_case_ACTION_MOVE__Cir_A~F~F" StructureKind="java" NumEvents="3" CreationCount="1109"/><InteractionEvent Delta="null" EndDate="2014-11-17 08:58:02.196 JST" Interest="30.0" Kind="edit" Navigation="null" OriginId="org.eclipse.jdt.ui.CompilationUnitEditor" StartDate="2014-11-17 08:56:17.641 JST" StructureHandle="=CutPlanner_A/src&amp;lt;cp.main{MainActv.java[MainActv~_Setup__Layer" StructureKind="java" NumEvents="30" CreationCount="75"/><InteractionEvent Delta="null" EndDate="2014-11-17 08:58:12.499 JST" Interest="7.0" Kind="selection" Navigation="null" OriginId="org.eclipse.jdt.ui.CompilationUnitEditor" StartDate="2014-11-17 08:56:17.39 JST" StructureHandle="=CutPlanner_A/src&amp;lt;cp.main{MainActv.java[MainActv~_Setup__Layer" StructureKind="java" NumEvents="7" CreationCount="75"/><InteractionEvent Delta="null" EndDate="2014-11-17 11:54:25.597 JST" Interest="172.87" Kind="propagation" Navigation="org.eclipse.mylyn.core.model.edges.containment" OriginId="org.eclipse.mylyn.core.model.interest.propagation" StartDate="2014-11-17 08:55:00.679 JST" StructureHandle="=CutPlanner_A/src&amp;lt;cp.listeners.view" StructureKind="java" NumEvents="264" CreationCount="51"/><InteractionEvent Delta="null" EndDate="2014-11-17 11:40:15.985 JST" Interest="1.8220003" Kind="manipulation" Navigation="null" OriginId="org.eclipse.mylyn.core.model.interest.decay.correction" StartDate="2014-11-17 11:40:15.985 JST" StructureHandle="=CutPlanner_A/src&amp;lt;cp.utils{Methods.java[Methods~get_CircleA_Change~QActivity;~F~F~F~F" StructureKind="java"/><InteractionEvent Delta="null" EndDate="2014-11-17 11:40:18.780 JST" Interest="4.0" Kind="selection" Navigation="null" OriginId="org.eclipse.jdt.ui.CompilationUnitEditor" StartDate="2014-11-17 11:36:44.318 JST" StructureHandle="=CutPlanner_A/src&amp;lt;cp.utils{Methods.java[Methods~get_CircleA_Change~QActivity;~F~F~F~F" StructureKind="java" NumEvents="4" CreationCount="1882"/><InteractionEvent Delta="null" EndDate="2014-11-17 11:59:47.717 JST" Interest="115.0" Kind="edit" Navigation="null" OriginId="org.eclipse.jdt.ui.CompilationUnitEditor" StartDate="2014-11-17 08:53:45.678 JST" StructureHandle="=CutPlanner_A/src&amp;lt;cp.views{CV.java[CV~onDraw~QCanvas;" StructureKind="java" NumEvents="115" CreationCount="36"/><InteractionEvent Delta="null" EndDate="2014-11-17 11:59:53.392 JST" Interest="33.0" Kind="selection" Navigation="null" OriginId="org.eclipse.ui.views.ContentOutline" StartDate="2014-11-17 08:53:45.53 JST" StructureHandle="=CutPlanner_A/src&amp;lt;cp.views{CV.java[CV~onDraw~QCanvas;" StructureKind="java" NumEvents="33" CreationCount="36"/><InteractionEvent Delta="null" EndDate="2014-11-17 08:57:29.323 JST" Interest="6.0" Kind="edit" Navigation="null" OriginId="org.eclipse.jdt.ui.CompilationUnitEditor" StartDate="2014-11-17 08:57:20.489 JST" StructureHandle="=CutPlanner_A/src&amp;lt;cp.utils{CONS.java[CONS[Canvas[ChosenObj" StructureKind="java" NumEvents="6" CreationCount="100"/><InteractionEvent Delta="null" EndDate="2014-11-17 08:57:43.563 JST" Interest="3.0" Kind="selection" Navigation="null" OriginId="org.eclipse.jdt.ui.CompilationUnitEditor" StartDate="2014-11-17 08:57:20.484 JST" StructureHandle="=CutPlanner_A/src&amp;lt;cp.utils{CONS.java[CONS[Canvas[ChosenObj" StructureKind="java" NumEvents="3" CreationCount="100"/><InteractionEvent Delta="null" EndDate="2014-11-17 11:59:42.455 JST" Interest="1367.0" Kind="propagation" Navigation="null" OriginId="org.eclipse.jdt.ui.PackageExplorer" StartDate="2014-11-17 09:01:28.692 JST" StructureHandle="/CutPlanner_A/src/cp/utils/Methods.java" StructureKind="resource" NumEvents="1367" CreationCount="218"/><InteractionEvent Delta="null" EndDate="2014-11-17 08:52:02.794 JST" Interest="1.0" Kind="selection" Navigation="null" OriginId="org.eclipse.ui.views.ResourceNavigator" StartDate="2014-11-17 08:52:02.794 JST" StructureHandle="=TA2" StructureKind="java"/><InteractionEvent Delta="null" EndDate="2014-11-17 11:47:25.728 JST" Interest="157.0" Kind="edit" Navigation="null" OriginId="org.eclipse.jdt.ui.CompilationUnitEditor" StartDate="2014-11-17 10:41:57.631 JST" StructureHandle="=CutPlanner_A/src&amp;lt;cp.listeners.view{V_OTL.java[V_OTL~_case_ACTION_MOVE~F~F" StructureKind="java" NumEvents="157" CreationCount="1111"/><InteractionEvent Delta="null" EndDate="2014-11-17 11:47:13.454 JST" Interest="13.0" Kind="selection" Navigation="null" OriginId="org.eclipse.jdt.ui.CompilationUnitEditor" StartDate="2014-11-17 10:41:57.626 JST" StructureHandle="=CutPlanner_A/src&amp;lt;cp.listeners.view{V_OTL.java[V_OTL~_case_ACTION_MOVE~F~F" StructureKind="java" NumEvents="13" CreationCount="1111"/><InteractionEvent Delta="null" EndDate="2014-11-17 11:59:42.456 JST" Interest="502.325" Kind="propagation" Navigation="org.eclipse.mylyn.core.model.edges.containment" OriginId="org.eclipse.mylyn.core.model.interest.propagation" StartDate="2014-11-17 08:57:14.539 JST" StructureHandle="=CutPlanner_A/src&amp;lt;cp.utils" StructureKind="java" NumEvents="719" CreationCount="94"/><InteractionEvent Delta="null" EndDate="2014-11-17 11:42:17.612 JST" Interest="2.0" Kind="propagation" Navigation="null" OriginId="org.eclipse.mylyn.resources.ui.interest.updater" StartDate="2014-11-17 11:42:17.613 JST" StructureHandle="=CutPlanner_A/gen&amp;lt;cp.main" StructureKind="java" NumEvents="2" CreationCount="2136"/><InteractionEvent Delta="null" EndDate="2014-11-17 08:57:28.6 JST" Interest="1.0" Kind="edit" Navigation="null" OriginId="org.eclipse.jdt.ui.CompilationUnitEditor" StartDate="2014-11-17 08:57:28.6 JST" StructureHandle="=CutPlanner_A/src&amp;lt;cp.utils{CONS.java[CONS[Canvas[ChosenObj^Rect_B" StructureKind="java"/><InteractionEvent Delta="null" EndDate="2014-11-17 08:57:27.982 JST" Interest="1.0" Kind="selection" Navigation="null" OriginId="org.eclipse.jdt.ui.CompilationUnitEditor" StartDate="2014-11-17 08:57:27.982 JST" StructureHandle="=CutPlanner_A/src&amp;lt;cp.utils{CONS.java[CONS[Canvas[ChosenObj^Rect_B" StructureKind="java"/><InteractionEvent Delta="null" EndDate="2014-11-17 12:00:27.284 JST" Interest="2872.034" Kind="propagation" Navigation="null" OriginId="org.eclipse.jdt.ui.CompilationUnitEditor" StartDate="2014-11-17 08:52:08.309 JST" StructureHandle="/CutPlanner_A/src" StructureKind="resource" NumEvents="2874" CreationCount="2"/><InteractionEvent Delta="null" EndDate="2014-11-17 11:42:17.615 JST" Interest="3.0" Kind="propagation" Navigation="null" OriginId="org.eclipse.mylyn.resources.ui.interest.updater" StartDate="2014-11-17 11:42:17.613 JST" StructureHandle="/CutPlanner_A/gen/cp/main" StructureKind="resource" NumEvents="3" CreationCount="2136"/><InteractionEvent Delta="null" EndDate="2014-11-17 11:46:36.637 JST" Interest="1.0" Kind="selection" Navigation="null" OriginId="org.eclipse.jdt.ui.CompilationUnitEditor" StartDate="2014-11-17 11:46:36.637 JST" StructureHandle="=CutPlanner_A/src&amp;lt;cp.utils{CONS.java[CONS[Canvas^Rect_A_X_dist_from_base" StructureKind="java"/><InteractionEvent Delta="null" EndDate="2014-11-17 11:51:39.475 JST" Interest="3.1680005" Kind="manipulation" Navigation="null" OriginId="org.eclipse.mylyn.core.model.interest.decay.correction" StartDate="2014-11-17 11:50:19.342 JST" StructureHandle="=CutPlanner_A/src&amp;lt;cp.utils{CONS.java[CONS[Canvas^Rect_B_Y_dist_from_base" StructureKind="java" NumEvents="2" CreationCount="2292"/><InteractionEvent Delta="null" EndDate="2014-11-17 11:51:39.475 JST" Interest="3.0" Kind="selection" Navigation="null" OriginId="org.eclipse.jdt.ui.CompilationUnitEditor" StartDate="2014-11-17 11:46:54.110 JST" StructureHandle="=CutPlanner_A/src&amp;lt;cp.utils{CONS.java[CONS[Canvas^Rect_B_Y_dist_from_base" StructureKind="java" NumEvents="3" CreationCount="2292"/><InteractionEvent Delta="null" EndDate="2014-11-17 11:53:29.225 JST" Interest="18.0" Kind="edit" Navigation="null" OriginId="org.eclipse.jdt.ui.CompilationUnitEditor" StartDate="2014-11-17 10:09:02.860 JST" StructureHandle="=CutPlanner_A/src&amp;lt;cp.views{CV.java[CV~_onDraw__RectA~QCanvas;" StructureKind="java" NumEvents="18" CreationCount="551"/><InteractionEvent Delta="null" EndDate="2014-11-17 11:49:41.186 JST" Interest="30.515" Kind="manipulation" Navigation="null" OriginId="org.eclipse.mylyn.core.model.interest.decay.correction" StartDate="2014-11-17 11:49:41.186 JST" StructureHandle="=CutPlanner_A/src&amp;lt;cp.views{CV.java[CV~_onDraw__RectA~QCanvas;" StructureKind="java"/><InteractionEvent Delta="null" EndDate="2014-11-17 11:53:27.593 JST" Interest="7.0" Kind="selection" Navigation="null" OriginId="org.eclipse.jdt.ui.CompilationUnitEditor" StartDate="2014-11-17 10:09:02.856 JST" StructureHandle="=CutPlanner_A/src&amp;lt;cp.views{CV.java[CV~_onDraw__RectA~QCanvas;" StructureKind="java" NumEvents="7" CreationCount="551"/><InteractionEvent Delta="null" EndDate="2014-11-17 08:52:02.794 JST" Interest="1.0" Kind="propagation" Navigation="null" OriginId="org.eclipse.ui.views.ResourceNavigator" StartDate="2014-11-17 08:52:02.794 JST" StructureHandle="/TA2" StructureKind="resource"/><InteractionEvent Delta="null" EndDate="2014-11-17 11:37:12.412 JST" Interest="1.0" Kind="selection" Navigation="null" OriginId="org.eclipse.jdt.ui.CompilationUnitEditor" StartDate="2014-11-17 11:37:12.412 JST" StructureHandle="=CutPlanner_A/src&amp;lt;cp.utils{Methods.java[Methods~get_ViewDimensions~QActivity;" StructureKind="java"/><InteractionEvent Delta="null" EndDate="2014-11-17 11:46:43.924 JST" Interest="1.0" Kind="selection" Navigation="null" OriginId="org.eclipse.jdt.ui.CompilationUnitEditor" StartDate="2014-11-17 11:46:43.924 JST" StructureHandle="=CutPlanner_A/src&amp;lt;cp.utils{CONS.java[CONS[Canvas^Draw_Rect_A" StructureKind="java"/><InteractionEvent Delta="null" EndDate="2014-11-17 11:54:30.754 JST" Interest="882.0" Kind="propagation" Navigation="org.eclipse.mylyn.core.model.edges.containment" OriginId="org.eclipse.mylyn.core.model.interest.propagation" StartDate="2014-11-17 08:55:00.678 JST" StructureHandle="/CutPlanner_A/src/cp/listeners" StructureKind="resource" NumEvents="882" CreationCount="51"/><InteractionEvent Delta="null" EndDate="2014-11-17 12:00:27.283 JST" Interest="134.017" Kind="propagation" Navigation="org.eclipse.mylyn.core.model.edges.containment" OriginId="org.eclipse.mylyn.core.model.interest.propagation" StartDate="2014-11-17 08:52:11.218 JST" StructureHandle="/CutPlanner_A/src/cp/main" StructureKind="resource" NumEvents="135" CreationCount="3"/><InteractionEvent Delta="null" EndDate="2014-11-17 11:55:39.429 JST" Interest="11.0" Kind="edit" Navigation="null" OriginId="org.eclipse.jdt.ui.CompilationUnitEditor" StartDate="2014-11-17 11:38:24.757 JST" StructureHandle="=CutPlanner_A/src&amp;lt;cp.utils{Methods.java[Methods~_identify__Rect_B~QActivity;" StructureKind="java" NumEvents="11" CreationCount="1929"/><InteractionEvent Delta="null" EndDate="2014-11-17 11:54:45.887 JST" Interest="12.852001" Kind="manipulation" Navigation="null" OriginId="org.eclipse.mylyn.core.model.interest.decay.correction" StartDate="2014-11-17 11:54:45.887 JST" StructureHandle="=CutPlanner_A/src&amp;lt;cp.utils{Methods.java[Methods~_identify__Rect_B~QActivity;" StructureKind="java"/><InteractionEvent Delta="null" EndDate="2014-11-17 11:54:49.383 JST" Interest="4.0" Kind="selection" Navigation="null" OriginId="org.eclipse.ui.views.ContentOutline" StartDate="2014-11-17 11:38:23.779 JST" StructureHandle="=CutPlanner_A/src&amp;lt;cp.utils{Methods.java[Methods~_identify__Rect_B~QActivity;" StructureKind="java" NumEvents="4" CreationCount="1929"/><InteractionEvent Delta="null" EndDate="2014-11-17 12:00:27.283 JST" Interest="134.0" Kind="propagation" Navigation="null" OriginId="org.eclipse.jdt.ui.CompilationUnitEditor" StartDate="2014-11-17 08:52:15.455 JST" StructureHandle="/CutPlanner_A/src/cp/main/MainActv.java" StructureKind="resource" NumEvents="134" CreationCount="4"/><InteractionEvent Delta="null" EndDate="2014-11-17 11:54:25.597 JST" Interest="138.87" Kind="propagation" Navigation="org.eclipse.mylyn.core.model.edges.containment" OriginId="org.eclipse.mylyn.core.model.interest.propagation" StartDate="2014-11-17 08:55:08.567 JST" StructureHandle="=CutPlanner_A/src&amp;lt;cp.listeners.view{V_OTL.java" StructureKind="java" NumEvents="221" CreationCount="51"/><InteractionEvent Delta="null" EndDate="2014-11-17 11:54:16.162 JST" Interest="34.0" Kind="selection" Navigation="null" OriginId="org.eclipse.jdt.ui.CompilationUnitEditor" StartDate="2014-11-17 08:55:00.678 JST" StructureHandle="=CutPlanner_A/src&amp;lt;cp.listeners.view{V_OTL.java" StructureKind="java" NumEvents="34" CreationCount="51"/><InteractionEvent Delta="null" EndDate="2014-11-17 11:42:17.616 JST" Interest="4.0" Kind="propagation" Navigation="null" OriginId="org.eclipse.mylyn.resources.ui.interest.updater" StartDate="2014-11-17 11:42:17.613 JST" StructureHandle="/CutPlanner_A/gen" StructureKind="resource" NumEvents="4" CreationCount="2136"/><InteractionEvent Delta="null" EndDate="2014-11-17 11:41:53.295 JST" Interest="18.0" Kind="edit" Navigation="null" OriginId="org.eclipse.jdt.ui.CompilationUnitEditor" StartDate="2014-11-17 11:31:49.690 JST" StructureHandle="=CutPlanner_A/src&amp;lt;cp.utils{Methods.java[Methods~save_Canvas~QActivity;" StructureKind="java" NumEvents="18" CreationCount="567"/><InteractionEvent Delta="null" EndDate="2014-11-17 11:31:48.605 JST" Interest="17.921001" Kind="manipulation" Navigation="null" OriginId="org.eclipse.mylyn.core.model.interest.decay.correction" StartDate="2014-11-17 11:31:48.605 JST" StructureHandle="=CutPlanner_A/src&amp;lt;cp.utils{Methods.java[Methods~save_Canvas~QActivity;" StructureKind="java"/><InteractionEvent Delta="null" EndDate="2014-11-17 11:41:31.297 JST" Interest="8.0" Kind="selection" Navigation="null" OriginId="org.eclipse.jdt.ui.CompilationUnitEditor" StartDate="2014-11-17 10:09:44.913 JST" StructureHandle="=CutPlanner_A/src&amp;lt;cp.utils{Methods.java[Methods~save_Canvas~QActivity;" StructureKind="java" NumEvents="8" CreationCount="567"/><InteractionEvent Delta="null" EndDate="2014-11-17 12:00:27.282 JST" Interest="20.0" Kind="edit" Navigation="null" OriginId="org.eclipse.jdt.ui.CompilationUnitEditor" StartDate="2014-11-17 11:59:55.316 JST" StructureHandle="=CutPlanner_A/src&amp;lt;cp.main{MainActv.java[MainActv~_Setup__SetListener" StructureKind="java" NumEvents="20" CreationCount="2850"/><InteractionEvent Delta="null" EndDate="2014-11-17 11:59:54.842 JST" Interest="3.0" Kind="selection" Navigation="null" OriginId="org.eclipse.jdt.ui.CompilationUnitEditor" StartDate="2014-11-17 11:59:54.761 JST" StructureHandle="=CutPlanner_A/src&amp;lt;cp.main{MainActv.java[MainActv~_Setup__SetListener" StructureKind="java" NumEvents="3" CreationCount="2850"/></InteractionHistory>