<?xml version="1.0" encoding="UTF-8"?><InteractionHistory Id="local-220" Version="1"><InteractionEvent Delta="null" EndDate="2014-11-27 20:28:04.269 JST" Interest="299.13605" Kind="propagation" Navigation="org.eclipse.mylyn.core.model.edges.containment" OriginId="org.eclipse.mylyn.core.model.interest.propagation" StartDate="2014-11-26 20:20:19.251 JST" StructureHandle="" StructureKind="java" NumEvents="314" CreationCount="1"/><InteractionEvent Delta="null" EndDate="2014-11-27 20:20:53.463 JST" Interest="4.0" Kind="edit" Navigation="null" OriginId="org.eclipse.jdt.ui.CompilationUnitEditor" StartDate="2014-11-27 20:20:41.300 JST" StructureHandle="=freemind_1.0.1/freemind\/freemind\/modes\/mindmapmode&amp;lt;{MindMapController.java[MindMapController~mapSourceChanged~QMindMap;" StructureKind="java" NumEvents="4" CreationCount="494"/><InteractionEvent Delta="null" EndDate="2014-11-27 20:20:55.782 JST" Interest="2.0" Kind="selection" Navigation="null" OriginId="org.eclipse.jdt.ui.CompilationUnitEditor" StartDate="2014-11-27 20:20:06.115 JST" StructureHandle="=freemind_1.0.1/freemind\/freemind\/modes\/mindmapmode&amp;lt;{MindMapController.java[MindMapController~mapSourceChanged~QMindMap;" StructureKind="java" NumEvents="2" CreationCount="494"/><InteractionEvent Delta="null" EndDate="2014-11-27 20:24:58.692 JST" Interest="1.8330001" Kind="propagation" Navigation="org.eclipse.mylyn.core.model.edges.containment" OriginId="org.eclipse.mylyn.core.model.interest.propagation" StartDate="2014-11-27 20:21:48.453 JST" StructureHandle="=freemind_1.0.1/freemind\/freemind\/modes\/mindmapmode&amp;lt;{MindMapController.java#" StructureKind="java" NumEvents="2" CreationCount="513"/><InteractionEvent Delta="null" EndDate="2014-11-27 20:26:54.149 JST" Interest="1.0" Kind="selection" Navigation="null" OriginId="org.eclipse.jdt.ui.CompilationUnitEditor" StartDate="2014-11-27 20:26:54.149 JST" StructureHandle="=freemind_1.0.1/freemind\/freemind\/modes\/browsemode&amp;lt;{BrowseController.java#freemind.controller.MenuItemEnabledListener" StructureKind="java"/><InteractionEvent Delta="null" EndDate="2014-11-27 19:59:01.156 JST" Interest="3.332" Kind="manipulation" Navigation="null" OriginId="org.eclipse.mylyn.core.model.interest.decay.correction" StartDate="2014-11-27 19:59:01.156 JST" StructureHandle="=freemind_1.0.1/freemind\/freemind\/modes\/viewmodes&amp;lt;{ViewControllerAdapter.java[ViewControllerAdapter~ViewControllerAdapter~QMode;" StructureKind="java"/><InteractionEvent Delta="null" EndDate="2014-11-27 20:04:26.952 JST" Interest="29.0" Kind="edit" Navigation="null" OriginId="org.eclipse.jdt.ui.CompilationUnitEditor" StartDate="2014-11-26 21:15:06.2 JST" StructureHandle="=freemind_1.0.1/freemind\/freemind\/modes\/viewmodes&amp;lt;{ViewControllerAdapter.java[ViewControllerAdapter~ViewControllerAdapter~QMode;" StructureKind="java" NumEvents="29" CreationCount="6"/><InteractionEvent Delta="null" EndDate="2014-11-27 20:07:50.314 JST" Interest="5.0" Kind="selection" Navigation="null" OriginId="org.eclipse.jdt.ui.CompilationUnitEditor" StartDate="2014-11-26 21:15:05.124 JST" StructureHandle="=freemind_1.0.1/freemind\/freemind\/modes\/viewmodes&amp;lt;{ViewControllerAdapter.java[ViewControllerAdapter~ViewControllerAdapter~QMode;" StructureKind="java" NumEvents="5" CreationCount="6"/><InteractionEvent Delta="null" EndDate="2014-11-27 20:04:34.310 JST" Interest="3.3380003" Kind="manipulation" Navigation="null" OriginId="org.eclipse.mylyn.core.model.interest.decay.correction" StartDate="2014-11-27 20:04:34.310 JST" StructureHandle="=freemind_1.0.1/freemind\/freemind\/main&amp;lt;{FreeMindStarter.java#javax.swing.JOptionPane" StructureKind="java"/><InteractionEvent Delta="null" EndDate="2014-11-27 20:04:39.380 JST" Interest="5.0" Kind="selection" Navigation="null" OriginId="org.eclipse.jdt.ui.CompilationUnitEditor" StartDate="2014-11-26 20:28:23.190 JST" StructureHandle="=freemind_1.0.1/freemind\/freemind\/main&amp;lt;{FreeMindStarter.java#javax.swing.JOptionPane" StructureKind="java" NumEvents="5" CreationCount="53"/><InteractionEvent Delta="null" EndDate="2014-11-27 20:28:07.781 JST" Interest="84.0" Kind="propagation" Navigation="null" OriginId="org.eclipse.jdt.ui.CompilationUnitEditor" StartDate="2014-11-26 21:14:13.39 JST" StructureHandle="/freemind_1.0.1/freemind/freemind/modes/mindmapmode/MindMapController.java" StructureKind="resource" NumEvents="84" CreationCount="258"/><InteractionEvent Delta="null" EndDate="2014-11-27 20:18:33.156 JST" Interest="1.7060001" Kind="manipulation" Navigation="null" OriginId="org.eclipse.mylyn.core.model.interest.decay.correction" StartDate="2014-11-27 20:18:33.156 JST" StructureHandle="/freemind_1.0.1/freemind/freemind/modes/mindmapmode/MindMapController.java" StructureKind="resource"/><InteractionEvent Delta="null" EndDate="2014-11-27 20:22:47.308 JST" Interest="291.932" Kind="propagation" Navigation="org.eclipse.mylyn.core.model.edges.containment" OriginId="org.eclipse.mylyn.core.model.interest.propagation" StartDate="2014-11-26 20:20:44.366 JST" StructureHandle="/freemind_1.0.1/freemind/freemind/modes/common" StructureKind="resource" NumEvents="293" CreationCount="13"/><InteractionEvent Delta="null" EndDate="2014-11-26 20:20:38.176 JST" Interest="1.0" Kind="selection" Navigation="null" OriginId="org.eclipse.ui.views.ResourceNavigator" StartDate="2014-11-26 20:20:38.176 JST" StructureHandle="/freemind_1.0.1/freemind/freemind/modes/common" StructureKind="resource"/><InteractionEvent Delta="null" EndDate="2014-11-27 20:21:48.453 JST" Interest="1.0" Kind="selection" Navigation="null" OriginId="org.eclipse.jdt.ui.CompilationUnitEditor" StartDate="2014-11-27 20:21:48.453 JST" StructureHandle="=freemind_1.0.1/freemind\/freemind\/modes\/mindmapmode&amp;lt;{MindMapController.java#freemind.modes.common.CommonNodeKeyListener" StructureKind="java"/><InteractionEvent Delta="null" EndDate="2014-11-27 20:28:04.893 JST" Interest="3.0" Kind="edit" Navigation="null" OriginId="org.eclipse.jdt.ui.CompilationUnitEditor" StartDate="2014-11-27 20:28:04.230 JST" StructureHandle="=freemind_1.0.1/freemind\/freemind\/modes\/mindmapmode&amp;lt;{MindMapController.java[MindMapController~unMarshall~QString;" StructureKind="java" NumEvents="3" CreationCount="598"/><InteractionEvent Delta="null" EndDate="2014-11-27 20:28:00.539 JST" Interest="1.0" Kind="selection" Navigation="null" OriginId="org.eclipse.ui.views.ContentOutline" StartDate="2014-11-27 20:28:00.539 JST" StructureHandle="=freemind_1.0.1/freemind\/freemind\/modes\/mindmapmode&amp;lt;{MindMapController.java[MindMapController~unMarshall~QString;" StructureKind="java"/><InteractionEvent Delta="null" EndDate="2014-11-27 19:58:12.970 JST" Interest="5.0" Kind="edit" Navigation="null" OriginId="org.eclipse.jdt.ui.CompilationUnitEditor" StartDate="2014-11-26 21:14:25.374 JST" StructureHandle="=freemind_1.0.1/freemind\/freemind\/modes\/viewmodes&amp;lt;{ViewControllerAdapter.java[ViewControllerAdapter~startupController" StructureKind="java" NumEvents="5" CreationCount="264"/><InteractionEvent Delta="null" EndDate="2014-11-27 20:25:36.837 JST" Interest="10.0" Kind="selection" Navigation="null" OriginId="org.eclipse.jdt.ui.CompilationUnitEditor" StartDate="2014-11-26 21:14:23.920 JST" StructureHandle="=freemind_1.0.1/freemind\/freemind\/modes\/viewmodes&amp;lt;{ViewControllerAdapter.java[ViewControllerAdapter~startupController" StructureKind="java" NumEvents="10" CreationCount="264"/><InteractionEvent Delta="null" EndDate="2014-11-27 20:22:32.372 JST" Interest="157.76802" Kind="propagation" Navigation="org.eclipse.mylyn.core.model.edges.containment" OriginId="org.eclipse.mylyn.core.model.interest.propagation" StartDate="2014-11-26 20:20:44.367 JST" StructureHandle="=freemind_1.0.1/freemind\/freemind\/modes\/common&amp;lt;" StructureKind="java" NumEvents="225" CreationCount="9"/><InteractionEvent Delta="null" EndDate="2014-11-27 20:02:07.559 JST" Interest="1.0" Kind="edit" Navigation="null" OriginId="org.eclipse.jdt.ui.CompilationUnitEditor" StartDate="2014-11-27 20:02:07.559 JST" StructureHandle="=freemind_1.0.1/freemind\/freemind\/modes\/browsemode&amp;lt;{BrowseMode.java[BrowseMode~init~QController;" StructureKind="java"/><InteractionEvent Delta="null" EndDate="2014-11-27 20:02:06.192 JST" Interest="1.0" Kind="selection" Navigation="null" OriginId="org.eclipse.jdt.ui.CompilationUnitEditor" StartDate="2014-11-27 20:02:06.192 JST" StructureHandle="=freemind_1.0.1/freemind\/freemind\/modes\/browsemode&amp;lt;{BrowseMode.java[BrowseMode~init~QController;" StructureKind="java"/><InteractionEvent Delta="null" EndDate="2014-11-27 20:27:01.365 JST" Interest="1.0" Kind="selection" Navigation="null" OriginId="org.eclipse.jdt.ui.CompilationUnitEditor" StartDate="2014-11-27 20:27:01.365 JST" StructureHandle="=freemind_1.0.1/freemind\/freemind\/modes\/browsemode&amp;lt;{BrowseController.java#java.awt.event.MouseEvent" StructureKind="java"/><InteractionEvent Delta="null" EndDate="2014-11-26 20:59:41.247 JST" Interest="1.3460002" Kind="manipulation" Navigation="null" OriginId="org.eclipse.mylyn.core.model.interest.decay.correction" StartDate="2014-11-26 20:59:41.247 JST" StructureHandle="=freemind_1.0.1/freemind\/freemind\/modes\/common&amp;lt;{CommonNodeKeyListener.java[CommonNodeKeyListener^disabledKeyType" StructureKind="java"/><InteractionEvent Delta="null" EndDate="2014-11-26 20:59:45.956 JST" Interest="3.0" Kind="selection" Navigation="null" OriginId="org.eclipse.jdt.ui.CompilationUnitEditor" StartDate="2014-11-26 20:20:58.684 JST" StructureHandle="=freemind_1.0.1/freemind\/freemind\/modes\/common&amp;lt;{CommonNodeKeyListener.java[CommonNodeKeyListener^disabledKeyType" StructureKind="java" NumEvents="3" CreationCount="11"/><InteractionEvent Delta="null" EndDate="2014-11-27 20:12:58.317 JST" Interest="148.034" Kind="propagation" Navigation="org.eclipse.mylyn.core.model.edges.containment" OriginId="org.eclipse.mylyn.core.model.interest.propagation" StartDate="2014-11-26 20:20:58.700 JST" StructureHandle="=freemind_1.0.1/freemind\/freemind\/modes\/common&amp;lt;{CommonNodeKeyListener.java[CommonNodeKeyListener" StructureKind="java" NumEvents="211" CreationCount="11"/><InteractionEvent Delta="null" EndDate="2014-11-27 19:57:08.522 JST" Interest="1.0" Kind="edit" Navigation="null" OriginId="org.eclipse.jdt.ui.CompilationUnitEditor" StartDate="2014-11-27 19:57:08.522 JST" StructureHandle="=freemind_1.0.1/freemind\/freemind\/modes\/common&amp;lt;{CommonNodeKeyListener.java[CommonNodeKeyListener" StructureKind="java"/><InteractionEvent Delta="null" EndDate="2014-11-27 20:22:29.150 JST" Interest="9.0" Kind="selection" Navigation="null" OriginId="org.eclipse.jdt.ui.CompilationUnitEditor" StartDate="2014-11-26 20:28:51.159 JST" StructureHandle="=freemind_1.0.1/freemind\/freemind\/modes\/common&amp;lt;{CommonNodeKeyListener.java[CommonNodeKeyListener" StructureKind="java" NumEvents="9" CreationCount="11"/><InteractionEvent Delta="null" EndDate="2014-11-26 20:28:05.650 JST" Interest="1.0" Kind="prediction" Navigation="null" OriginId="org.eclipse.mylyn.resources.ui.interest.updater" StartDate="2014-11-26 20:28:05.650 JST" StructureHandle="/freemind_1.0.1/freemind/version.properties" StructureKind="resource"/><InteractionEvent Delta="null" EndDate="2014-11-27 10:54:43.135 JST" Interest="2.0170002" Kind="propagation" Navigation="org.eclipse.mylyn.core.model.edges.containment" OriginId="org.eclipse.mylyn.core.model.interest.propagation" StartDate="2014-11-26 21:15:17.505 JST" StructureHandle="=freemind_1.0.1/freemind\/freemind\/modes\/viewmodes&amp;lt;{ViewControllerAdapter.java[ViewControllerAdapter~startupController[" StructureKind="java" NumEvents="4" CreationCount="272"/><InteractionEvent Delta="null" EndDate="2014-11-27 19:58:24.604 JST" Interest="5.0" Kind="selection" Navigation="null" OriginId="org.eclipse.ui.views.ContentOutline" StartDate="2014-11-26 21:15:16.612 JST" StructureHandle="=freemind_1.0.1/freemind\/freemind\/modes\/viewmodes&amp;lt;{ViewControllerAdapter.java[ViewControllerAdapter~startupController[" StructureKind="java" NumEvents="5" CreationCount="272"/><InteractionEvent Delta="null" EndDate="2014-11-27 20:01:32.456 JST" Interest="1.0" Kind="propagation" Navigation="null" OriginId="org.eclipse.search.ui.views.SearchView" StartDate="2014-11-27 20:01:32.456 JST" StructureHandle="/freemind_1.0.1/freemind/freemind/modes/browsemode/NodeNoteViewer.java" StructureKind="resource"/><InteractionEvent Delta="null" EndDate="2014-11-27 20:26:09.717 JST" Interest="3.0" Kind="propagation" Navigation="null" OriginId="org.eclipse.search.ui.views.SearchView" StartDate="2014-11-27 20:25:11.303 JST" StructureHandle="/freemind_1.0.1/freemind/freemind/modes/ControllerAdapter.java" StructureKind="resource" NumEvents="3" CreationCount="566"/><InteractionEvent Delta="null" EndDate="2014-11-27 20:21:34.932 JST" Interest="1.0" Kind="edit" Navigation="null" OriginId="org.eclipse.jdt.ui.CompilationUnitEditor" StartDate="2014-11-27 20:21:34.932 JST" StructureHandle="=freemind_1.0.1/freemind\/freemind\/modes\/mindmapmode&amp;lt;{MindMapController.java[MindMapController^cloud" StructureKind="java"/><InteractionEvent Delta="null" EndDate="2014-11-27 20:21:18.72 JST" Interest="2.0" Kind="selection" Navigation="null" OriginId="org.eclipse.ui.views.ContentOutline" StartDate="2014-11-27 20:21:15.391 JST" StructureHandle="=freemind_1.0.1/freemind\/freemind\/modes\/mindmapmode&amp;lt;{MindMapController.java[MindMapController^cloud" StructureKind="java" NumEvents="2" CreationCount="504"/><InteractionEvent Delta="null" EndDate="2014-11-27 20:28:07.782 JST" Interest="598.0" Kind="propagation" Navigation="null" OriginId="org.eclipse.jdt.ui.CompilationUnitEditor" StartDate="2014-11-26 20:20:19.251 JST" StructureHandle="/" StructureKind="resource" NumEvents="598" CreationCount="1"/><InteractionEvent Delta="null" EndDate="2014-11-27 20:26:53.126 JST" Interest="8.307" Kind="propagation" Navigation="org.eclipse.mylyn.core.model.edges.containment" OriginId="org.eclipse.mylyn.core.model.interest.propagation" StartDate="2014-11-27 20:00:39.545 JST" StructureHandle="=freemind_1.0.1/freemind\/freemind\/modes\/browsemode" StructureKind="java" NumEvents="11" CreationCount="312"/><InteractionEvent Delta="null" EndDate="2014-11-27 20:04:26.952 JST" Interest="14.596999" Kind="propagation" Navigation="org.eclipse.mylyn.core.model.edges.containment" OriginId="org.eclipse.mylyn.core.model.interest.propagation" StartDate="2014-11-27 00:39:13.524 JST" StructureHandle="=freemind_1.0.1/freemind\/freemind\/modes\/viewmodes&amp;lt;{ViewControllerAdapter.java" StructureKind="java" NumEvents="22" CreationCount="261"/><InteractionEvent Delta="null" EndDate="2014-11-26 21:15:15.182 JST" Interest="1.0" Kind="edit" Navigation="null" OriginId="org.eclipse.jdt.ui.CompilationUnitEditor" StartDate="2014-11-26 21:15:15.182 JST" StructureHandle="=freemind_1.0.1/freemind\/freemind\/modes\/viewmodes&amp;lt;{ViewControllerAdapter.java" StructureKind="java"/><InteractionEvent Delta="null" EndDate="2014-11-27 20:25:36.768 JST" Interest="19.0" Kind="selection" Navigation="null" OriginId="org.eclipse.jdt.ui.CompilationUnitEditor" StartDate="2014-11-26 21:14:17.330 JST" StructureHandle="=freemind_1.0.1/freemind\/freemind\/modes\/viewmodes&amp;lt;{ViewControllerAdapter.java" StructureKind="java" NumEvents="19" CreationCount="261"/><InteractionEvent Delta="null" EndDate="2014-11-27 20:22:28.792 JST" Interest="21.0" Kind="edit" Navigation="null" OriginId="org.eclipse.ui.DefaultTextEditor" StartDate="2014-11-26 20:25:42.210 JST" StructureHandle="/freemind_1.0.1/memos.txt" StructureKind="resource" NumEvents="21" CreationCount="32"/><InteractionEvent Delta="null" EndDate="2014-11-27 20:24:02.577 JST" Interest="19.0" Kind="selection" Navigation="null" OriginId="org.eclipse.ui.DefaultTextEditor" StartDate="2014-11-26 20:25:42.182 JST" StructureHandle="/freemind_1.0.1/memos.txt" StructureKind="resource" NumEvents="19" CreationCount="32"/><InteractionEvent Delta="null" EndDate="2014-11-27 20:02:07.560 JST" Interest="0.73399997" Kind="propagation" Navigation="org.eclipse.mylyn.core.model.edges.containment" OriginId="org.eclipse.mylyn.core.model.interest.propagation" StartDate="2014-11-27 20:02:05.562 JST" StructureHandle="=freemind_1.0.1/freemind\/freemind\/modes\/browsemode&amp;lt;{BrowseMode.java" StructureKind="java" NumEvents="3" CreationCount="319"/><InteractionEvent Delta="null" EndDate="2014-11-27 20:01:36.676 JST" Interest="1.0" Kind="selection" Navigation="null" OriginId="org.eclipse.search.ui.views.SearchView" StartDate="2014-11-27 20:01:36.676 JST" StructureHandle="=freemind_1.0.1/freemind\/freemind\/modes\/browsemode&amp;lt;{BrowseMode.java" StructureKind="java"/><InteractionEvent Delta="null" EndDate="2014-11-27 20:02:05.561 JST" Interest="1.0" Kind="selection" Navigation="null" OriginId="org.eclipse.jdt.ui.CompilationUnitEditor" StartDate="2014-11-27 20:02:05.561 JST" StructureHandle="=freemind_1.0.1/freemind\/freemind\/modes\/browsemode&amp;lt;{BrowseMode.java[BrowseMode~createModeController" StructureKind="java"/><InteractionEvent Delta="null" EndDate="2014-11-27 20:22:32.373 JST" Interest="157.76804" Kind="propagation" Navigation="org.eclipse.mylyn.core.model.edges.containment" OriginId="org.eclipse.mylyn.core.model.interest.propagation" StartDate="2014-11-26 20:20:44.368 JST" StructureHandle="=freemind_1.0.1/freemind\/freemind\/modes\/common" StructureKind="java" NumEvents="224" CreationCount="9"/><InteractionEvent Delta="null" EndDate="2014-11-27 20:25:36.837 JST" Interest="96.0" Kind="propagation" Navigation="null" OriginId="org.eclipse.jdt.ui.CompilationUnitEditor" StartDate="2014-11-26 21:14:17.330 JST" StructureHandle="/freemind_1.0.1/freemind/freemind/modes/viewmodes/ViewControllerAdapter.java" StructureKind="resource" NumEvents="96" CreationCount="261"/><InteractionEvent Delta="null" EndDate="2014-11-27 20:27:29.772 JST" Interest="0.08500004" Kind="manipulation" Navigation="null" OriginId="org.eclipse.mylyn.core.model.interest.decay.correction" StartDate="2014-11-27 20:27:29.772 JST" StructureHandle="=freemind_1.0.1/freemind\/freemind\/modes\/mindmapmode&amp;lt;{MindMapController.java[MindMapController[MapSourceChangeDialog^mReturnValue" StructureKind="java"/><InteractionEvent Delta="null" EndDate="2014-11-27 20:19:51.754 JST" Interest="1.0" Kind="edit" Navigation="null" OriginId="org.eclipse.jdt.ui.CompilationUnitEditor" StartDate="2014-11-27 20:19:51.754 JST" StructureHandle="=freemind_1.0.1/freemind\/freemind\/modes\/mindmapmode&amp;lt;{MindMapController.java[MindMapController[MapSourceChangeDialog^mReturnValue" StructureKind="java"/><InteractionEvent Delta="null" EndDate="2014-11-27 20:27:32.846 JST" Interest="3.0" Kind="selection" Navigation="null" OriginId="org.eclipse.ui.views.ContentOutline" StartDate="2014-11-27 20:19:51.12 JST" StructureHandle="=freemind_1.0.1/freemind\/freemind\/modes\/mindmapmode&amp;lt;{MindMapController.java[MindMapController[MapSourceChangeDialog^mReturnValue" StructureKind="java" NumEvents="3" CreationCount="488"/><InteractionEvent Delta="null" EndDate="2014-11-27 19:58:40.858 JST" Interest="1.0" Kind="selection" Navigation="null" OriginId="org.eclipse.jdt.ui.CompilationUnitEditor" StartDate="2014-11-27 19:58:40.858 JST" StructureHandle="=freemind_1.0.1/freemind\/freemind\/modes\/viewmodes&amp;lt;{ViewControllerAdapter.java#java.awt.event.KeyEvent" StructureKind="java"/><InteractionEvent Delta="null" EndDate="2014-11-27 20:28:07.782 JST" Interest="596.0" Kind="propagation" Navigation="null" OriginId="org.eclipse.jdt.ui.CompilationUnitEditor" StartDate="2014-11-26 20:20:22.121 JST" StructureHandle="/freemind_1.0.1" StructureKind="resource" NumEvents="596" CreationCount="4"/><InteractionEvent Delta="null" EndDate="2014-11-27 11:14:23.867 JST" Interest="1.0" Kind="selection" Navigation="null" OriginId="org.eclipse.jdt.ui.CompilationUnitEditor" StartDate="2014-11-27 11:14:23.867 JST" StructureHandle="=freemind_1.0.1/freemind\/freemind\/modes\/viewmodes&amp;lt;{ViewControllerAdapter.java[ViewControllerAdapter~shutdownController" StructureKind="java"/><InteractionEvent Delta="null" EndDate="2014-11-26 20:20:19.623 JST" Interest="1.0" Kind="propagation" Navigation="null" OriginId="org.eclipse.ui.views.ResourceNavigator" StartDate="2014-11-26 20:20:19.623 JST" StructureHandle="/BluetoothSample/gen" StructureKind="resource"/><InteractionEvent Delta="null" EndDate="2014-11-26 20:20:19.623 JST" Interest="1.0" Kind="selection" Navigation="null" OriginId="org.eclipse.ui.views.ResourceNavigator" StartDate="2014-11-26 20:20:19.623 JST" StructureHandle="=BluetoothSample/gen" StructureKind="java"/><InteractionEvent Delta="null" EndDate="2014-11-27 20:24:54.652 JST" Interest="19.0" Kind="edit" Navigation="null" OriginId="org.eclipse.jdt.ui.CompilationUnitEditor" StartDate="2014-11-27 20:21:52.681 JST" StructureHandle="=freemind_1.0.1/freemind\/freemind\/modes\/mindmapmode&amp;lt;{MindMapController.java[MindMapController~startupController" StructureKind="java" NumEvents="19" CreationCount="514"/><InteractionEvent Delta="null" EndDate="2014-11-27 20:27:49.930 JST" Interest="4.0" Kind="selection" Navigation="null" OriginId="org.eclipse.ui.views.ContentOutline" StartDate="2014-11-27 20:21:49.533 JST" StructureHandle="=freemind_1.0.1/freemind\/freemind\/modes\/mindmapmode&amp;lt;{MindMapController.java[MindMapController~startupController" StructureKind="java" NumEvents="4" CreationCount="514"/><InteractionEvent Delta="null" EndDate="2014-11-27 20:21:07.636 JST" Interest="1.0" Kind="propagation" Navigation="org.eclipse.mylyn.core.model.edges.containment" OriginId="org.eclipse.mylyn.core.model.interest.propagation" StartDate="2014-11-27 20:21:07.636 JST" StructureHandle="=freemind_1.0.1/freemind\/freemind\/modes\/mindmapmode&amp;lt;{MindMapController.java[MindMapController[AssignAttributesAction" StructureKind="java"/><InteractionEvent Delta="null" EndDate="2014-11-27 19:59:18.144 JST" Interest="1.0" Kind="selection" Navigation="null" OriginId="org.eclipse.jdt.ui.CompilationUnitEditor" StartDate="2014-11-27 19:59:18.144 JST" StructureHandle="=freemind_1.0.1/freemind\/freemind\/modes\/viewmodes&amp;lt;{ViewControllerAdapter.java[ViewControllerAdapter~doubleClick~QMouseEvent;" StructureKind="java"/><InteractionEvent Delta="null" EndDate="2014-11-27 20:27:11.179 JST" Interest="5.471" Kind="propagation" Navigation="org.eclipse.mylyn.core.model.edges.containment" OriginId="org.eclipse.mylyn.core.model.interest.propagation" StartDate="2014-11-27 20:02:19.939 JST" StructureHandle="=freemind_1.0.1/freemind\/freemind\/modes\/browsemode&amp;lt;{BrowseController.java#" StructureKind="java" NumEvents="5" CreationCount="327"/><InteractionEvent Delta="null" EndDate="2014-11-27 20:26:11.741 JST" Interest="2.0" Kind="selection" Navigation="null" OriginId="org.eclipse.search.ui.views.SearchView" StartDate="2014-11-27 20:24:31.308 JST" StructureHandle="=freemind_1.0.1/freemind\/freemind\/modes&amp;lt;{ModeController.java" StructureKind="java" NumEvents="2" CreationCount="553"/><InteractionEvent Delta="null" EndDate="2014-11-27 19:58:40.859 JST" Interest="1.0" Kind="propagation" Navigation="org.eclipse.mylyn.core.model.edges.containment" OriginId="org.eclipse.mylyn.core.model.interest.propagation" StartDate="2014-11-27 19:58:40.859 JST" StructureHandle="=freemind_1.0.1/freemind\/freemind\/modes\/viewmodes&amp;lt;{ViewControllerAdapter.java#" StructureKind="java"/><InteractionEvent Delta="null" EndDate="2014-11-27 20:06:38.345 JST" Interest="0.4790001" Kind="manipulation" Navigation="null" OriginId="org.eclipse.mylyn.core.model.interest.decay.correction" StartDate="2014-11-27 20:06:38.345 JST" StructureHandle="=freemind_1.0.1/freemind\/freemind\/modes\/viewmodes&amp;lt;{ViewControllerAdapter.java#" StructureKind="java"/><InteractionEvent Delta="null" EndDate="2014-11-27 20:06:38.345 JST" Interest="1.0" Kind="selection" Navigation="null" OriginId="org.eclipse.jdt.ui.CompilationUnitEditor" StartDate="2014-11-27 20:06:38.345 JST" StructureHandle="=freemind_1.0.1/freemind\/freemind\/modes\/viewmodes&amp;lt;{ViewControllerAdapter.java#" StructureKind="java"/><InteractionEvent Delta="null" EndDate="2014-11-27 20:24:17.628 JST" Interest="4.5629997" Kind="propagation" Navigation="org.eclipse.mylyn.core.model.edges.containment" OriginId="org.eclipse.mylyn.core.model.interest.propagation" StartDate="2014-11-27 20:22:12.87 JST" StructureHandle="=freemind_1.0.1/freemind\/freemind\/modes\/mindmapmode&amp;lt;{MindMapController.java" StructureKind="java" NumEvents="7" CreationCount="258"/><InteractionEvent Delta="null" EndDate="2014-11-27 20:18:33.156 JST" Interest="1.6890001" Kind="manipulation" Navigation="null" OriginId="org.eclipse.mylyn.core.model.interest.decay.correction" StartDate="2014-11-27 20:18:33.156 JST" StructureHandle="=freemind_1.0.1/freemind\/freemind\/modes\/mindmapmode&amp;lt;{MindMapController.java" StructureKind="java"/><InteractionEvent Delta="null" EndDate="2014-11-27 20:25:25.371 JST" Interest="3.0" Kind="edit" Navigation="null" OriginId="org.eclipse.jdt.ui.CompilationUnitEditor" StartDate="2014-11-27 20:19:17.257 JST" StructureHandle="=freemind_1.0.1/freemind\/freemind\/modes\/mindmapmode&amp;lt;{MindMapController.java" StructureKind="java" NumEvents="3" CreationCount="258"/><InteractionEvent Delta="null" EndDate="2014-11-27 20:27:27.999 JST" Interest="23.0" Kind="selection" Navigation="null" OriginId="org.eclipse.jdt.ui.CompilationUnitEditor" StartDate="2014-11-26 21:14:13.39 JST" StructureHandle="=freemind_1.0.1/freemind\/freemind\/modes\/mindmapmode&amp;lt;{MindMapController.java" StructureKind="java" NumEvents="23" CreationCount="258"/><InteractionEvent Delta="null" EndDate="2014-11-27 20:04:37.85 JST" Interest="6.0" Kind="edit" Navigation="null" OriginId="org.eclipse.jdt.ui.CompilationUnitEditor" StartDate="2014-11-26 20:28:10.767 JST" StructureHandle="=freemind_1.0.1/freemind\/freemind\/main&amp;lt;{FreeMindStarter.java" StructureKind="java" NumEvents="6" CreationCount="38"/><InteractionEvent Delta="null" EndDate="2014-11-27 20:07:46.814 JST" Interest="10.0" Kind="selection" Navigation="null" OriginId="org.eclipse.jdt.ui.CompilationUnitEditor" StartDate="2014-11-26 20:27:56.302 JST" StructureHandle="=freemind_1.0.1/freemind\/freemind\/main&amp;lt;{FreeMindStarter.java" StructureKind="java" NumEvents="10" CreationCount="38"/><InteractionEvent Delta="null" EndDate="2014-11-27 20:25:36.838 JST" Interest="98.995" Kind="propagation" Navigation="null" OriginId="org.eclipse.jdt.ui.CompilationUnitEditor" StartDate="2014-11-26 21:14:17.330 JST" StructureHandle="/freemind_1.0.1/freemind/freemind/modes/viewmodes" StructureKind="resource" NumEvents="96" CreationCount="26"/><InteractionEvent Delta="null" EndDate="2014-11-27 20:24:52.335 JST" Interest="3.0" Kind="selection" Navigation="null" OriginId="org.eclipse.search.ui.views.SearchView" StartDate="2014-11-26 21:14:13.759 JST" StructureHandle="/freemind_1.0.1/freemind/freemind/modes/viewmodes" StructureKind="resource" NumEvents="3" CreationCount="26"/><InteractionEvent Delta="null" EndDate="2014-11-27 20:02:07.559 JST" Interest="1.717" Kind="propagation" Navigation="org.eclipse.mylyn.core.model.edges.containment" OriginId="org.eclipse.mylyn.core.model.interest.propagation" StartDate="2014-11-27 20:02:05.562 JST" StructureHandle="=freemind_1.0.1/freemind\/freemind\/modes\/browsemode&amp;lt;{BrowseMode.java[BrowseMode" StructureKind="java" NumEvents="3" CreationCount="320"/><InteractionEvent Delta="null" EndDate="2014-11-26 20:59:46.727 JST" Interest="0.3800001" Kind="manipulation" Navigation="null" OriginId="org.eclipse.mylyn.core.model.interest.decay.correction" StartDate="2014-11-26 20:59:46.727 JST" StructureHandle="=freemind_1.0.1/freemind\/freemind\/modes\/common&amp;lt;{CommonNodeKeyListener.java[CommonNodeKeyListener~CommonNodeKeyListener~QModeController;~QEditHandler;" StructureKind="java"/><InteractionEvent Delta="null" EndDate="2014-11-27 20:22:47.307 JST" Interest="28.0" Kind="edit" Navigation="null" OriginId="org.eclipse.jdt.ui.CompilationUnitEditor" StartDate="2014-11-26 21:00:00.733 JST" StructureHandle="=freemind_1.0.1/freemind\/freemind\/modes\/common&amp;lt;{CommonNodeKeyListener.java[CommonNodeKeyListener~CommonNodeKeyListener~QModeController;~QEditHandler;" StructureKind="java" NumEvents="28" CreationCount="12"/><InteractionEvent Delta="null" EndDate="2014-11-27 20:22:32.370 JST" Interest="11.0" Kind="selection" Navigation="null" OriginId="org.eclipse.jdt.ui.CompilationUnitEditor" StartDate="2014-11-26 20:21:03.703 JST" StructureHandle="=freemind_1.0.1/freemind\/freemind\/modes\/common&amp;lt;{CommonNodeKeyListener.java[CommonNodeKeyListener~CommonNodeKeyListener~QModeController;~QEditHandler;" StructureKind="java" NumEvents="11" CreationCount="12"/><InteractionEvent Delta="null" EndDate="2014-11-27 19:58:35.671 JST" Interest="3.0" Kind="edit" Navigation="null" OriginId="org.eclipse.jdt.ui.CompilationUnitEditor" StartDate="2014-11-27 19:58:35.27 JST" StructureHandle="=freemind_1.0.1/freemind\/freemind\/modes\/viewmodes&amp;lt;{ViewControllerAdapter.java[ViewControllerAdapter~plainClick~QMouseEvent;" StructureKind="java" NumEvents="3" CreationCount="294"/><InteractionEvent Delta="null" EndDate="2014-11-27 19:58:34.60 JST" Interest="1.0" Kind="selection" Navigation="null" OriginId="org.eclipse.ui.views.ContentOutline" StartDate="2014-11-27 19:58:34.60 JST" StructureHandle="=freemind_1.0.1/freemind\/freemind\/modes\/viewmodes&amp;lt;{ViewControllerAdapter.java[ViewControllerAdapter~plainClick~QMouseEvent;" StructureKind="java"/><InteractionEvent Delta="null" EndDate="2014-11-27 20:26:35.0 JST" Interest="294.19202" Kind="propagation" Navigation="org.eclipse.mylyn.core.model.edges.containment" OriginId="org.eclipse.mylyn.core.model.interest.propagation" StartDate="2014-11-26 20:20:36.79 JST" StructureHandle="/freemind_1.0.1/freemind/freemind" StructureKind="resource" NumEvents="303" CreationCount="233"/><InteractionEvent Delta="null" EndDate="2014-11-26 20:20:32.694 JST" Interest="1.0" Kind="selection" Navigation="null" OriginId="org.eclipse.ui.views.ResourceNavigator" StartDate="2014-11-26 20:20:32.694 JST" StructureHandle="/freemind_1.0.1/freemind/freemind" StructureKind="resource"/><InteractionEvent Delta="null" EndDate="2014-11-27 20:28:07.782 JST" Interest="81.051" Kind="propagation" Navigation="null" OriginId="org.eclipse.jdt.ui.CompilationUnitEditor" StartDate="2014-11-26 21:14:13.39 JST" StructureHandle="/freemind_1.0.1/freemind/freemind/modes/mindmapmode" StructureKind="resource" NumEvents="84" CreationCount="234"/><InteractionEvent Delta="null" EndDate="2014-11-27 20:18:28.801 JST" Interest="2.0630004" Kind="manipulation" Navigation="null" OriginId="org.eclipse.mylyn.core.model.interest.decay.correction" StartDate="2014-11-27 20:18:28.801 JST" StructureHandle="/freemind_1.0.1/freemind/freemind/modes/mindmapmode" StructureKind="resource"/><InteractionEvent Delta="null" EndDate="2014-11-27 20:25:10.210 JST" Interest="4.0" Kind="selection" Navigation="null" OriginId="org.eclipse.search.ui.views.SearchView" StartDate="2014-11-26 21:14:09.985 JST" StructureHandle="/freemind_1.0.1/freemind/freemind/modes/mindmapmode" StructureKind="resource" NumEvents="4" CreationCount="234"/><InteractionEvent Delta="null" EndDate="2014-11-27 20:20:04.294 JST" Interest="2.0" Kind="selection" Navigation="null" OriginId="org.eclipse.jdt.ui.CompilationUnitEditor" StartDate="2014-11-27 20:19:17.873 JST" StructureHandle="=freemind_1.0.1/freemind\/freemind\/modes\/mindmapmode&amp;lt;{MindMapController.java[MindMapController[MapSourceChangeDialog~MapSourceChangeDialog" StructureKind="java" NumEvents="2" CreationCount="484"/><InteractionEvent Delta="null" EndDate="2014-11-27 20:25:36.769 JST" Interest="34.297" Kind="propagation" Navigation="org.eclipse.mylyn.core.model.edges.containment" OriginId="org.eclipse.mylyn.core.model.interest.propagation" StartDate="2014-11-26 21:14:17.331 JST" StructureHandle="=freemind_1.0.1/freemind\/freemind\/modes\/viewmodes" StructureKind="java" NumEvents="45" CreationCount="261"/><InteractionEvent Delta="null" EndDate="2014-11-27 20:00:19.1 JST" Interest="1.0" Kind="selection" Navigation="null" OriginId="org.eclipse.search.ui.views.SearchView" StartDate="2014-11-27 20:00:19.1 JST" StructureHandle="/freemind_1.0.1/freemind/freemind/modes/filemode" StructureKind="resource"/><InteractionEvent Delta="null" EndDate="2014-11-27 20:04:38.475 JST" Interest="1.0" Kind="selection" Navigation="null" OriginId="org.eclipse.jdt.ui.CompilationUnitEditor" StartDate="2014-11-27 20:04:38.475 JST" StructureHandle="=freemind_1.0.1/freemind\/freemind\/main&amp;lt;{FreeMindStarter.java#java.net.URL" StructureKind="java"/><InteractionEvent Delta="null" EndDate="2014-11-27 20:07:47.230 JST" Interest="25.0" Kind="propagation" Navigation="null" OriginId="org.eclipse.jdt.ui.CompilationUnitEditor" StartDate="2014-11-26 20:27:56.303 JST" StructureHandle="/freemind_1.0.1/freemind/freemind/main/FreeMindStarter.java" StructureKind="resource" NumEvents="25" CreationCount="38"/><InteractionEvent Delta="null" EndDate="2014-11-27 20:26:40.44 JST" Interest="1.0" Kind="selection" Navigation="null" OriginId="org.eclipse.jdt.ui.CompilationUnitEditor" StartDate="2014-11-27 20:26:40.44 JST" StructureHandle="=freemind_1.0.1/freemind\/freemind\/modes\/browsemode&amp;lt;{BrowseController.java[BrowseController[FollowMapLink~actionPerformed~QActionEvent;" StructureKind="java"/><InteractionEvent Delta="null" EndDate="2014-11-26 20:20:19.353 JST" Interest="2.0" Kind="propagation" Navigation="null" OriginId="org.eclipse.ui.views.ResourceNavigator" StartDate="2014-11-26 20:20:19.251 JST" StructureHandle="/CutPlanner_A" StructureKind="resource" NumEvents="2" CreationCount="1"/><InteractionEvent Delta="null" EndDate="2014-11-27 20:28:07.781 JST" Interest="298.10205" Kind="propagation" Navigation="org.eclipse.mylyn.core.model.edges.containment" OriginId="org.eclipse.mylyn.core.model.interest.propagation" StartDate="2014-11-26 20:20:26.652 JST" StructureHandle="=freemind_1.0.1" StructureKind="resource" NumEvents="315" CreationCount="3"/><InteractionEvent Delta="null" EndDate="2014-11-26 20:20:22.121 JST" Interest="1.0" Kind="selection" Navigation="null" OriginId="org.eclipse.ui.views.ResourceNavigator" StartDate="2014-11-26 20:20:22.121 JST" StructureHandle="=freemind_1.0.1" StructureKind="java"/><InteractionEvent Delta="null" EndDate="2014-11-26 20:20:19.352 JST" Interest="2.0" Kind="selection" Navigation="null" OriginId="org.eclipse.ui.views.ResourceNavigator" StartDate="2014-11-26 20:20:19.251 JST" StructureHandle="=CutPlanner_A" StructureKind="java" NumEvents="2" CreationCount="1"/><InteractionEvent Delta="null" EndDate="2014-11-27 20:22:47.308 JST" Interest="293.0" Kind="propagation" Navigation="null" OriginId="org.eclipse.jdt.ui.CompilationUnitEditor" StartDate="2014-11-26 20:20:44.341 JST" StructureHandle="/freemind_1.0.1/freemind/freemind/modes/common/CommonNodeKeyListener.java" StructureKind="resource" NumEvents="293" CreationCount="9"/><InteractionEvent Delta="null" EndDate="2014-11-27 20:27:32.846 JST" Interest="1.853" Kind="propagation" Navigation="org.eclipse.mylyn.core.model.edges.containment" OriginId="org.eclipse.mylyn.core.model.interest.propagation" StartDate="2014-11-27 20:19:17.873 JST" StructureHandle="=freemind_1.0.1/freemind\/freemind\/modes\/mindmapmode&amp;lt;{MindMapController.java[MindMapController[MapSourceChangeDialog" StructureKind="java" NumEvents="5" CreationCount="484"/><InteractionEvent Delta="null" EndDate="2014-11-27 20:27:34.649 JST" Interest="3.0" Kind="selection" Navigation="null" OriginId="org.eclipse.ui.views.ContentOutline" StartDate="2014-11-27 20:19:59.645 JST" StructureHandle="=freemind_1.0.1/freemind\/freemind\/modes\/mindmapmode&amp;lt;{MindMapController.java[MindMapController[MapSourceChangeDialog" StructureKind="java" NumEvents="3" CreationCount="484"/><InteractionEvent Delta="null" EndDate="2014-11-27 20:27:28.0 JST" Interest="31.352001" Kind="propagation" Navigation="org.eclipse.mylyn.core.model.edges.containment" OriginId="org.eclipse.mylyn.core.model.interest.propagation" StartDate="2014-11-26 21:14:13.40 JST" StructureHandle="=freemind_1.0.1/freemind\/freemind\/modes\/mindmapmode&amp;lt;" StructureKind="java" NumEvents="34" CreationCount="258"/><InteractionEvent Delta="null" EndDate="2014-11-27 20:26:53.125 JST" Interest="297.06802" Kind="propagation" Navigation="org.eclipse.mylyn.core.model.edges.containment" OriginId="org.eclipse.mylyn.core.model.interest.propagation" StartDate="2014-11-26 20:20:32.818 JST" StructureHandle="/freemind_1.0.1/freemind" StructureKind="resource" NumEvents="308" CreationCount="5"/><InteractionEvent Delta="null" EndDate="2014-11-26 21:12:25.454 JST" Interest="2.0" Kind="selection" Navigation="null" OriginId="org.eclipse.ui.views.ResourceNavigator" StartDate="2014-11-26 20:20:26.652 JST" StructureHandle="/freemind_1.0.1/freemind" StructureKind="resource" NumEvents="2" CreationCount="5"/><InteractionEvent Delta="null" EndDate="2014-11-27 20:27:11.179 JST" Interest="35.0" Kind="propagation" Navigation="null" OriginId="org.eclipse.jdt.ui.CompilationUnitEditor" StartDate="2014-11-27 20:00:39.544 JST" StructureHandle="/freemind_1.0.1/freemind/freemind/modes/browsemode/BrowseController.java" StructureKind="resource" NumEvents="35" CreationCount="312"/><InteractionEvent Delta="null" EndDate="2014-11-27 20:25:36.769 JST" Interest="34.297" Kind="propagation" Navigation="org.eclipse.mylyn.core.model.edges.containment" OriginId="org.eclipse.mylyn.core.model.interest.propagation" StartDate="2014-11-26 21:14:17.331 JST" StructureHandle="=freemind_1.0.1/freemind\/freemind\/modes\/viewmodes&amp;lt;" StructureKind="java" NumEvents="45" CreationCount="261"/><InteractionEvent Delta="null" EndDate="2014-11-26 20:28:30.886 JST" Interest="1.0" Kind="selection" Navigation="null" OriginId="org.eclipse.jdt.ui.CompilationUnitEditor" StartDate="2014-11-26 20:28:30.886 JST" StructureHandle="=freemind_1.0.1/freemind\/freemind\/modes\/common&amp;lt;{CommonNodeKeyListener.java#java.awt.event.KeyEvent" StructureKind="java"/><InteractionEvent Delta="null" EndDate="2014-11-26 20:20:19.623 JST" Interest="1.0" Kind="propagation" Navigation="org.eclipse.mylyn.core.model.edges.containment" OriginId="org.eclipse.mylyn.core.model.interest.propagation" StartDate="2014-11-26 20:20:19.623 JST" StructureHandle="=BluetoothSample" StructureKind="resource"/><InteractionEvent Delta="null" EndDate="2014-11-27 20:24:58.692 JST" Interest="1.0" Kind="selection" Navigation="null" OriginId="org.eclipse.jdt.ui.CompilationUnitEditor" StartDate="2014-11-27 20:24:58.692 JST" StructureHandle="=freemind_1.0.1/freemind\/freemind\/modes\/mindmapmode&amp;lt;{MindMapController.java#java.io.FileOutputStream" StructureKind="java"/><InteractionEvent Delta="null" EndDate="2014-11-27 20:07:46.815 JST" Interest="14.2" Kind="propagation" Navigation="org.eclipse.mylyn.core.model.edges.containment" OriginId="org.eclipse.mylyn.core.model.interest.propagation" StartDate="2014-11-26 20:27:56.304 JST" StructureHandle="=freemind_1.0.1/freemind\/freemind\/main" StructureKind="java" NumEvents="16" CreationCount="38"/><InteractionEvent Delta="null" EndDate="2014-11-27 20:26:15.786 JST" Interest="1.0" Kind="edit" Navigation="null" OriginId="org.eclipse.jdt.ui.CompilationUnitEditor" StartDate="2014-11-27 20:26:15.786 JST" StructureHandle="=freemind_1.0.1/freemind\/freemind\/modes\/browsemode&amp;lt;{BrowseController.java[BrowseController~newMap~QMindMap;" StructureKind="java"/><InteractionEvent Delta="null" EndDate="2014-11-27 20:26:15.756 JST" Interest="1.0" Kind="selection" Navigation="null" OriginId="org.eclipse.jdt.ui.CompilationUnitEditor" StartDate="2014-11-27 20:26:15.756 JST" StructureHandle="=freemind_1.0.1/freemind\/freemind\/modes\/browsemode&amp;lt;{BrowseController.java[BrowseController~newMap~QMindMap;" StructureKind="java"/><InteractionEvent Delta="null" EndDate="2014-11-27 20:07:50.315 JST" Interest="18.146" Kind="propagation" Navigation="org.eclipse.mylyn.core.model.edges.containment" OriginId="org.eclipse.mylyn.core.model.interest.propagation" StartDate="2014-11-26 21:14:23.920 JST" StructureHandle="=freemind_1.0.1/freemind\/freemind\/modes\/viewmodes&amp;lt;{ViewControllerAdapter.java[ViewControllerAdapter" StructureKind="java" NumEvents="23" CreationCount="264"/><InteractionEvent Delta="null" EndDate="2014-11-27 20:02:14.439 JST" Interest="3.0" Kind="edit" Navigation="null" OriginId="org.eclipse.jdt.ui.CompilationUnitEditor" StartDate="2014-11-27 19:58:46.793 JST" StructureHandle="=freemind_1.0.1/freemind\/freemind\/modes\/viewmodes&amp;lt;{ViewControllerAdapter.java[ViewControllerAdapter" StructureKind="java" NumEvents="3" CreationCount="264"/><InteractionEvent Delta="null" EndDate="2014-11-27 20:09:11.0 JST" Interest="5.0" Kind="selection" Navigation="null" OriginId="org.eclipse.jdt.ui.CompilationUnitEditor" StartDate="2014-11-27 19:58:41.674 JST" StructureHandle="=freemind_1.0.1/freemind\/freemind\/modes\/viewmodes&amp;lt;{ViewControllerAdapter.java[ViewControllerAdapter" StructureKind="java" NumEvents="5" CreationCount="264"/><InteractionEvent Delta="null" EndDate="2014-11-27 20:27:11.178 JST" Interest="1.0" Kind="selection" Navigation="null" OriginId="org.eclipse.jdt.ui.CompilationUnitEditor" StartDate="2014-11-27 20:27:11.178 JST" StructureHandle="=freemind_1.0.1/freemind\/freemind\/modes\/browsemode&amp;lt;{BrowseController.java#java.net.MalformedURLException" StructureKind="java"/><InteractionEvent Delta="null" EndDate="2014-11-27 20:12:58.317 JST" Interest="201.0" Kind="edit" Navigation="null" OriginId="org.eclipse.jdt.ui.CompilationUnitEditor" StartDate="2014-11-26 20:21:13.240 JST" StructureHandle="=freemind_1.0.1/freemind\/freemind\/modes\/common&amp;lt;{CommonNodeKeyListener.java[CommonNodeKeyListener~keyPressed~QKeyEvent;" StructureKind="java" NumEvents="201" CreationCount="13"/><InteractionEvent Delta="null" EndDate="2014-11-27 20:12:50.799 JST" Interest="13.0" Kind="selection" Navigation="null" OriginId="org.eclipse.jdt.ui.CompilationUnitEditor" StartDate="2014-11-26 20:21:11.343 JST" StructureHandle="=freemind_1.0.1/freemind\/freemind\/modes\/common&amp;lt;{CommonNodeKeyListener.java[CommonNodeKeyListener~keyPressed~QKeyEvent;" StructureKind="java" NumEvents="13" CreationCount="13"/><InteractionEvent Delta="null" EndDate="2014-11-27 20:21:03.971 JST" Interest="2.0" Kind="selection" Navigation="null" OriginId="org.eclipse.jdt.ui.CompilationUnitEditor" StartDate="2014-11-27 20:19:33.926 JST" StructureHandle="=freemind_1.0.1/freemind\/freemind\/modes\/mindmapmode&amp;lt;{MindMapController.java[MindMapController[MapSourceChangeDialog~run" StructureKind="java" NumEvents="2" CreationCount="487"/><InteractionEvent Delta="null" EndDate="2014-11-27 20:02:07.559 JST" Interest="4.0" Kind="propagation" Navigation="null" OriginId="org.eclipse.jdt.ui.CompilationUnitEditor" StartDate="2014-11-27 20:01:36.676 JST" StructureHandle="/freemind_1.0.1/freemind/freemind/modes/browsemode/BrowseMode.java" StructureKind="resource" NumEvents="4" CreationCount="319"/><InteractionEvent Delta="null" EndDate="2014-11-27 20:02:19.939 JST" Interest="1.0" Kind="selection" Navigation="null" OriginId="org.eclipse.jdt.ui.CompilationUnitEditor" StartDate="2014-11-27 20:02:19.939 JST" StructureHandle="=freemind_1.0.1/freemind\/freemind\/modes\/browsemode&amp;lt;{BrowseController.java#javax.swing.ImageIcon" StructureKind="java"/><InteractionEvent Delta="null" EndDate="2014-11-27 20:21:07.635 JST" Interest="1.0" Kind="selection" Navigation="null" OriginId="org.eclipse.jdt.ui.CompilationUnitEditor" StartDate="2014-11-27 20:21:07.635 JST" StructureHandle="=freemind_1.0.1/freemind\/freemind\/modes\/mindmapmode&amp;lt;{MindMapController.java[MindMapController[AssignAttributesAction~AssignAttributesAction" StructureKind="java"/><InteractionEvent Delta="null" EndDate="2014-11-27 20:26:53.126 JST" Interest="8.307" Kind="propagation" Navigation="org.eclipse.mylyn.core.model.edges.containment" OriginId="org.eclipse.mylyn.core.model.interest.propagation" StartDate="2014-11-27 20:00:39.544 JST" StructureHandle="=freemind_1.0.1/freemind\/freemind\/modes\/browsemode&amp;lt;" StructureKind="java" NumEvents="11" CreationCount="312"/><InteractionEvent Delta="null" EndDate="2014-11-27 20:02:58.495 JST" Interest="1.0" Kind="selection" Navigation="null" OriginId="org.eclipse.jdt.ui.CompilationUnitEditor" StartDate="2014-11-27 20:02:58.495 JST" StructureHandle="=freemind_1.0.1/freemind\/freemind\/modes\/browsemode&amp;lt;{BrowseController.java[BrowseController~BrowseController~QMode;" StructureKind="java"/><InteractionEvent Delta="null" EndDate="2014-11-27 20:26:51.826 JST" Interest="0.60700047" Kind="propagation" Navigation="org.eclipse.mylyn.core.model.edges.containment" OriginId="org.eclipse.mylyn.core.model.interest.propagation" StartDate="2014-11-27 20:01:20.356 JST" StructureHandle="=freemind_1.0.1/freemind\/freemind\/modes\/browsemode&amp;lt;{BrowseController.java" StructureKind="java" NumEvents="3" CreationCount="312"/><InteractionEvent Delta="null" EndDate="2014-11-27 20:02:19.976 JST" Interest="1.0" Kind="edit" Navigation="null" OriginId="org.eclipse.jdt.ui.CompilationUnitEditor" StartDate="2014-11-27 20:02:19.976 JST" StructureHandle="=freemind_1.0.1/freemind\/freemind\/modes\/browsemode&amp;lt;{BrowseController.java" StructureKind="java"/><InteractionEvent Delta="null" EndDate="2014-11-27 20:26:53.125 JST" Interest="7.0" Kind="selection" Navigation="null" OriginId="org.eclipse.jdt.ui.CompilationUnitEditor" StartDate="2014-11-27 20:00:39.543 JST" StructureHandle="=freemind_1.0.1/freemind\/freemind\/modes\/browsemode&amp;lt;{BrowseController.java" StructureKind="java" NumEvents="7" CreationCount="312"/><InteractionEvent Delta="null" EndDate="2014-11-27 20:01:32.455 JST" Interest="1.0" Kind="selection" Navigation="null" OriginId="org.eclipse.search.ui.views.SearchView" StartDate="2014-11-27 20:01:32.455 JST" StructureHandle="=freemind_1.0.1/freemind\/freemind\/modes\/browsemode&amp;lt;{NodeNoteViewer.java" StructureKind="java"/><InteractionEvent Delta="null" EndDate="2014-11-27 20:27:11.179 JST" Interest="40.0" Kind="propagation" Navigation="null" OriginId="org.eclipse.jdt.ui.CompilationUnitEditor" StartDate="2014-11-27 20:00:39.544 JST" StructureHandle="/freemind_1.0.1/freemind/freemind/modes/browsemode" StructureKind="resource" NumEvents="40" CreationCount="312"/><InteractionEvent Delta="null" EndDate="2014-11-27 20:24:39.519 JST" Interest="1.0" Kind="selection" Navigation="null" OriginId="org.eclipse.search.ui.views.SearchView" StartDate="2014-11-27 20:24:39.519 JST" StructureHandle="/freemind_1.0.1/freemind/freemind/modes/browsemode" StructureKind="resource"/><InteractionEvent Delta="null" EndDate="2014-11-27 20:26:11.741 JST" Interest="2.0" Kind="propagation" Navigation="null" OriginId="org.eclipse.search.ui.views.SearchView" StartDate="2014-11-27 20:24:31.308 JST" StructureHandle="/freemind_1.0.1/freemind/freemind/modes/ModeController.java" StructureKind="resource" NumEvents="2" CreationCount="553"/><InteractionEvent Delta="null" EndDate="2014-11-27 20:26:09.716 JST" Interest="3.0" Kind="selection" Navigation="null" OriginId="org.eclipse.search.ui.views.SearchView" StartDate="2014-11-27 20:25:11.302 JST" StructureHandle="=freemind_1.0.1/freemind\/freemind\/modes&amp;lt;{ControllerAdapter.java" StructureKind="java" NumEvents="3" CreationCount="566"/><InteractionEvent Delta="null" EndDate="2014-11-27 20:02:57.836 JST" Interest="2.0" Kind="edit" Navigation="null" OriginId="org.eclipse.jdt.ui.CompilationUnitEditor" StartDate="2014-11-27 20:02:57.809 JST" StructureHandle="=freemind_1.0.1/freemind\/freemind\/modes\/browsemode&amp;lt;{BrowseController.java[BrowseController~startupController" StructureKind="java" NumEvents="2" CreationCount="336"/><InteractionEvent Delta="null" EndDate="2014-11-27 20:02:50.610 JST" Interest="1.0" Kind="selection" Navigation="null" OriginId="org.eclipse.ui.views.ContentOutline" StartDate="2014-11-27 20:02:50.610 JST" StructureHandle="=freemind_1.0.1/freemind\/freemind\/modes\/browsemode&amp;lt;{BrowseController.java[BrowseController~startupController" StructureKind="java"/><InteractionEvent Delta="null" EndDate="2014-11-27 20:26:09.717 JST" Interest="3.2210002" Kind="propagation" Navigation="org.eclipse.mylyn.core.model.edges.containment" OriginId="org.eclipse.mylyn.core.model.interest.propagation" StartDate="2014-11-27 20:24:31.308 JST" StructureHandle="=freemind_1.0.1/freemind\/freemind\/modes&amp;lt;" StructureKind="java" NumEvents="4" CreationCount="553"/><InteractionEvent Delta="null" EndDate="2014-11-27 20:02:44.360 JST" Interest="1.0" Kind="selection" Navigation="null" OriginId="org.eclipse.ui.views.ContentOutline" StartDate="2014-11-27 20:02:44.360 JST" StructureHandle="=freemind_1.0.1/freemind\/freemind\/modes\/browsemode&amp;lt;{BrowseController.java[BrowseController~newModel~QModeController;" StructureKind="java"/><InteractionEvent Delta="null" EndDate="2014-11-27 20:12:49.146 JST" Interest="1.0" Kind="selection" Navigation="null" OriginId="org.eclipse.jdt.ui.CompilationUnitEditor" StartDate="2014-11-27 20:12:49.146 JST" StructureHandle="=freemind_1.0.1/freemind\/freemind\/modes\/common&amp;lt;{CommonNodeKeyListener.java[CommonNodeKeyListener~keyTyped~QKeyEvent;" StructureKind="java"/><InteractionEvent Delta="null" EndDate="2014-11-27 20:02:47.607 JST" Interest="1.0" Kind="selection" Navigation="null" OriginId="org.eclipse.ui.views.ContentOutline" StartDate="2014-11-27 20:02:47.607 JST" StructureHandle="=freemind_1.0.1/freemind\/freemind\/modes\/browsemode&amp;lt;{BrowseController.java[BrowseController~getPopupForModel~Qjava.lang.Object;" StructureKind="java"/><InteractionEvent Delta="null" EndDate="2014-11-27 20:07:46.815 JST" Interest="14.2" Kind="propagation" Navigation="org.eclipse.mylyn.core.model.edges.containment" OriginId="org.eclipse.mylyn.core.model.interest.propagation" StartDate="2014-11-26 20:27:56.303 JST" StructureHandle="=freemind_1.0.1/freemind\/freemind\/main&amp;lt;" StructureKind="java" NumEvents="16" CreationCount="38"/><InteractionEvent Delta="null" EndDate="2014-11-27 20:26:11.742 JST" Interest="296.643" Kind="propagation" Navigation="null" OriginId="org.eclipse.search.ui.views.SearchView" StartDate="2014-11-26 20:20:38.177 JST" StructureHandle="/freemind_1.0.1/freemind/freemind/modes" StructureKind="resource" NumEvents="299" CreationCount="30"/><InteractionEvent Delta="null" EndDate="2014-11-27 20:24:27.791 JST" Interest="2.0" Kind="selection" Navigation="null" OriginId="org.eclipse.search.ui.views.SearchView" StartDate="2014-11-26 20:20:36.79 JST" StructureHandle="/freemind_1.0.1/freemind/freemind/modes" StructureKind="resource" NumEvents="2" CreationCount="30"/><InteractionEvent Delta="null" EndDate="2014-11-26 20:28:30.886 JST" Interest="1.0" Kind="propagation" Navigation="org.eclipse.mylyn.core.model.edges.containment" OriginId="org.eclipse.mylyn.core.model.interest.propagation" StartDate="2014-11-26 20:28:30.886 JST" StructureHandle="=freemind_1.0.1/freemind\/freemind\/modes\/common&amp;lt;{CommonNodeKeyListener.java#" StructureKind="java"/><InteractionEvent Delta="null" EndDate="2014-11-26 20:28:34.26 JST" Interest="1.0" Kind="selection" Navigation="null" OriginId="org.eclipse.jdt.ui.CompilationUnitEditor" StartDate="2014-11-26 20:28:34.26 JST" StructureHandle="=freemind_1.0.1/freemind\/freemind\/modes\/common&amp;lt;{CommonNodeKeyListener.java#" StructureKind="java"/><InteractionEvent Delta="null" EndDate="2014-11-27 20:26:51.825 JST" Interest="2.1730003" Kind="propagation" Navigation="org.eclipse.mylyn.core.model.edges.containment" OriginId="org.eclipse.mylyn.core.model.interest.propagation" StartDate="2014-11-27 20:26:15.757 JST" StructureHandle="=freemind_1.0.1/freemind\/freemind\/modes\/browsemode&amp;lt;{BrowseController.java[BrowseController" StructureKind="java" NumEvents="3" CreationCount="314"/><InteractionEvent Delta="null" EndDate="2014-11-27 20:02:20.646 JST" Interest="3.0" Kind="edit" Navigation="null" OriginId="org.eclipse.jdt.ui.CompilationUnitEditor" StartDate="2014-11-27 20:00:41.354 JST" StructureHandle="=freemind_1.0.1/freemind\/freemind\/modes\/browsemode&amp;lt;{BrowseController.java[BrowseController" StructureKind="java" NumEvents="3" CreationCount="314"/><InteractionEvent Delta="null" EndDate="2014-11-27 20:26:18.281 JST" Interest="3.0" Kind="selection" Navigation="null" OriginId="org.eclipse.jdt.ui.CompilationUnitEditor" StartDate="2014-11-27 20:00:40.393 JST" StructureHandle="=freemind_1.0.1/freemind\/freemind\/modes\/browsemode&amp;lt;{BrowseController.java[BrowseController" StructureKind="java" NumEvents="3" CreationCount="314"/><InteractionEvent Delta="null" EndDate="2014-11-27 20:27:06.433 JST" Interest="1.0" Kind="selection" Navigation="null" OriginId="org.eclipse.jdt.ui.CompilationUnitEditor" StartDate="2014-11-27 20:27:06.433 JST" StructureHandle="=freemind_1.0.1/freemind\/freemind\/modes\/browsemode&amp;lt;{BrowseController.java#java.io.File" StructureKind="java"/><InteractionEvent Delta="null" EndDate="2014-11-27 20:13:34.529 JST" Interest="134.06801" Kind="propagation" Navigation="org.eclipse.mylyn.core.model.edges.containment" OriginId="org.eclipse.mylyn.core.model.interest.propagation" StartDate="2014-11-26 20:21:16.72 JST" StructureHandle="=freemind_1.0.1/freemind\/freemind\/modes\/common&amp;lt;{CommonNodeKeyListener.java" StructureKind="java" NumEvents="195" CreationCount="9"/><InteractionEvent Delta="null" EndDate="2014-11-26 20:28:29.153 JST" Interest="1.0" Kind="edit" Navigation="null" OriginId="org.eclipse.jdt.ui.CompilationUnitEditor" StartDate="2014-11-26 20:28:29.153 JST" StructureHandle="=freemind_1.0.1/freemind\/freemind\/modes\/common&amp;lt;{CommonNodeKeyListener.java" StructureKind="java"/><InteractionEvent Delta="null" EndDate="2014-11-27 20:22:28.854 JST" Interest="23.0" Kind="selection" Navigation="null" OriginId="org.eclipse.jdt.ui.CompilationUnitEditor" StartDate="2014-11-26 20:20:44.341 JST" StructureHandle="=freemind_1.0.1/freemind\/freemind\/modes\/common&amp;lt;{CommonNodeKeyListener.java" StructureKind="java" NumEvents="23" CreationCount="9"/><InteractionEvent Delta="null" EndDate="2014-11-27 20:21:45.969 JST" Interest="2.0" Kind="selection" Navigation="null" OriginId="org.eclipse.jdt.ui.CompilationUnitEditor" StartDate="2014-11-27 20:21:35.611 JST" StructureHandle="=freemind_1.0.1/freemind\/freemind\/modes\/mindmapmode&amp;lt;{MindMapController.java[MindMapController^EdgeWidth_8" StructureKind="java" NumEvents="2" CreationCount="507"/><InteractionEvent Delta="null" EndDate="2014-11-27 20:26:16.359 JST" Interest="1.0" Kind="selection" Navigation="null" OriginId="org.eclipse.jdt.ui.CompilationUnitEditor" StartDate="2014-11-27 20:26:16.359 JST" StructureHandle="=freemind_1.0.1/freemind\/freemind\/modes\/browsemode&amp;lt;{BrowseController.java[BrowseController^noteIcon" StructureKind="java"/><InteractionEvent Delta="null" EndDate="2014-11-27 20:27:28.0 JST" Interest="31.352001" Kind="propagation" Navigation="org.eclipse.mylyn.core.model.edges.containment" OriginId="org.eclipse.mylyn.core.model.interest.propagation" StartDate="2014-11-26 21:14:13.41 JST" StructureHandle="=freemind_1.0.1/freemind\/freemind\/modes\/mindmapmode" StructureKind="java" NumEvents="33" CreationCount="258"/><InteractionEvent Delta="null" EndDate="2014-11-27 20:24:54.653 JST" Interest="14.11" Kind="propagation" Navigation="org.eclipse.mylyn.core.model.edges.containment" OriginId="org.eclipse.mylyn.core.model.interest.propagation" StartDate="2014-11-27 20:19:17.874 JST" StructureHandle="=freemind_1.0.1/freemind\/freemind\/modes\/mindmapmode&amp;lt;{MindMapController.java[MindMapController" StructureKind="java" NumEvents="21" CreationCount="484"/><InteractionEvent Delta="null" EndDate="2014-11-27 20:19:21.406 JST" Interest="1.0" Kind="edit" Navigation="null" OriginId="org.eclipse.jdt.ui.CompilationUnitEditor" StartDate="2014-11-27 20:19:21.406 JST" StructureHandle="=freemind_1.0.1/freemind\/freemind\/modes\/mindmapmode&amp;lt;{MindMapController.java[MindMapController" StructureKind="java"/><InteractionEvent Delta="null" EndDate="2014-11-27 20:26:06.201 JST" Interest="4.0" Kind="selection" Navigation="null" OriginId="org.eclipse.jdt.ui.CompilationUnitEditor" StartDate="2014-11-27 20:19:19.978 JST" StructureHandle="=freemind_1.0.1/freemind\/freemind\/modes\/mindmapmode&amp;lt;{MindMapController.java[MindMapController" StructureKind="java" NumEvents="4" CreationCount="484"/><InteractionEvent Delta="null" EndDate="2014-11-27 20:13:39.505 JST" Interest="6.0" Kind="selection" Navigation="null" OriginId="org.eclipse.jdt.ui.CompilationUnitEditor" StartDate="2014-11-26 21:15:17.504 JST" StructureHandle="=freemind_1.0.1/freemind\/freemind\/modes\/viewmodes&amp;lt;{ViewControllerAdapter.java[ViewControllerAdapter~startupController[~edit~QKeyEvent;~Z~Z" StructureKind="java" NumEvents="6" CreationCount="273"/><InteractionEvent Delta="null" EndDate="2014-11-27 20:26:40.44 JST" Interest="0.034000397" Kind="propagation" Navigation="org.eclipse.mylyn.core.model.edges.containment" OriginId="org.eclipse.mylyn.core.model.interest.propagation" StartDate="2014-11-27 20:26:40.44 JST" StructureHandle="=freemind_1.0.1/freemind\/freemind\/modes\/browsemode&amp;lt;{BrowseController.java[BrowseController[FollowMapLink" StructureKind="java"/><InteractionEvent Delta="null" EndDate="2014-11-27 20:26:34.999 JST" Interest="1.55" Kind="manipulation" Navigation="null" OriginId="org.eclipse.mylyn.core.model.interest.decay.correction" StartDate="2014-11-27 20:26:34.999 JST" StructureHandle="=freemind_1.0.1/freemind\/freemind\/modes\/browsemode&amp;lt;{BrowseController.java[BrowseController[FollowMapLink" StructureKind="java"/><InteractionEvent Delta="null" EndDate="2014-11-27 20:26:51.825 JST" Interest="2.0" Kind="edit" Navigation="null" OriginId="org.eclipse.jdt.ui.CompilationUnitEditor" StartDate="2014-11-27 20:02:26.6 JST" StructureHandle="=freemind_1.0.1/freemind\/freemind\/modes\/browsemode&amp;lt;{BrowseController.java[BrowseController[FollowMapLink" StructureKind="java" NumEvents="2" CreationCount="331"/><InteractionEvent Delta="null" EndDate="2014-11-27 20:26:49.193 JST" Interest="4.0" Kind="selection" Navigation="null" OriginId="org.eclipse.jdt.ui.CompilationUnitEditor" StartDate="2014-11-27 20:02:26.0 JST" StructureHandle="=freemind_1.0.1/freemind\/freemind\/modes\/browsemode&amp;lt;{BrowseController.java[BrowseController[FollowMapLink" StructureKind="java" NumEvents="4" CreationCount="331"/><InteractionEvent Delta="null" EndDate="2014-11-27 20:26:09.718 JST" Interest="3.2210002" Kind="propagation" Navigation="org.eclipse.mylyn.core.model.edges.containment" OriginId="org.eclipse.mylyn.core.model.interest.propagation" StartDate="2014-11-27 20:24:31.308 JST" StructureHandle="=freemind_1.0.1/freemind\/freemind\/modes" StructureKind="java" NumEvents="4" CreationCount="553"/><InteractionEvent Delta="null" EndDate="2014-11-27 20:04:39.381 JST" Interest="8.338" Kind="propagation" Navigation="org.eclipse.mylyn.core.model.edges.containment" OriginId="org.eclipse.mylyn.core.model.interest.propagation" StartDate="2014-11-26 20:28:23.191 JST" StructureHandle="=freemind_1.0.1/freemind\/freemind\/main&amp;lt;{FreeMindStarter.java#" StructureKind="java" NumEvents="5" CreationCount="53"/><InteractionEvent Delta="null" EndDate="2014-11-27 20:07:47.230 JST" Interest="3.0" Kind="selection" Navigation="null" OriginId="org.eclipse.jdt.ui.CompilationUnitEditor" StartDate="2014-11-27 20:04:39.926 JST" StructureHandle="=freemind_1.0.1/freemind\/freemind\/main&amp;lt;{FreeMindStarter.java#" StructureKind="java" NumEvents="3" CreationCount="53"/><InteractionEvent Delta="null" EndDate="2014-11-27 20:07:47.230 JST" Interest="25.0" Kind="propagation" Navigation="org.eclipse.mylyn.core.model.edges.containment" OriginId="org.eclipse.mylyn.core.model.interest.propagation" StartDate="2014-11-26 20:27:56.303 JST" StructureHandle="/freemind_1.0.1/freemind/freemind/main" StructureKind="resource" NumEvents="25" CreationCount="38"/><InteractionEvent Delta="null" EndDate="2014-11-27 20:28:07.780 JST" Interest="1.0" Kind="selection" Navigation="null" OriginId="org.eclipse.jdt.ui.CompilationUnitEditor" StartDate="2014-11-27 20:28:07.780 JST" StructureHandle="=freemind_1.0.1/freemind\/freemind\/modes\/mindmapmode&amp;lt;{MindMapController.java[MindMapController~extendSelection~QMouseEvent;" StructureKind="java"/></InteractionHistory>