<?xml version="1.0" encoding="UTF-8"?><InteractionHistory Id="local-220" Version="1"><InteractionEvent Delta="null" EndDate="2014-11-27 00:38:55.433 JST" Interest="218.08504" Kind="propagation" Navigation="org.eclipse.mylyn.core.model.edges.containment" OriginId="org.eclipse.mylyn.core.model.interest.propagation" StartDate="2014-11-26 20:20:26.652 JST" StructureHandle="=freemind_1.0.1" StructureKind="resource" NumEvents="227" CreationCount="4"/><InteractionEvent Delta="null" EndDate="2014-11-26 20:20:22.121 JST" Interest="1.0" Kind="selection" Navigation="null" OriginId="org.eclipse.ui.views.ResourceNavigator" StartDate="2014-11-26 20:20:22.121 JST" StructureHandle="=freemind_1.0.1" StructureKind="java"/><InteractionEvent Delta="null" EndDate="2014-11-26 21:18:37.62 JST" Interest="219.13603" Kind="propagation" Navigation="org.eclipse.mylyn.core.model.edges.containment" OriginId="org.eclipse.mylyn.core.model.interest.propagation" StartDate="2014-11-26 20:20:19.251 JST" StructureHandle="" StructureKind="java" NumEvents="225" CreationCount="1"/><InteractionEvent Delta="null" EndDate="2014-11-26 20:20:19.352 JST" Interest="2.0" Kind="selection" Navigation="null" OriginId="org.eclipse.ui.views.ResourceNavigator" StartDate="2014-11-26 20:20:19.251 JST" StructureHandle="=CutPlanner_A" StructureKind="java" NumEvents="2" CreationCount="1"/><InteractionEvent Delta="null" EndDate="2014-11-26 21:14:06.134 JST" Interest="219.0" Kind="propagation" Navigation="null" OriginId="org.eclipse.search.ui.views.SearchView" StartDate="2014-11-26 20:20:44.341 JST" StructureHandle="/freemind_1.0.1/freemind/freemind/modes/common/CommonNodeKeyListener.java" StructureKind="resource" NumEvents="219" CreationCount="9"/><InteractionEvent Delta="null" EndDate="2014-11-27 00:42:20.776 JST" Interest="279.0" Kind="propagation" Navigation="null" OriginId="org.eclipse.jdt.ui.CompilationUnitEditor" StartDate="2014-11-26 20:20:22.121 JST" StructureHandle="/freemind_1.0.1" StructureKind="resource" NumEvents="279" CreationCount="4"/><InteractionEvent Delta="null" EndDate="2014-11-26 21:14:16.383 JST" Interest="2.0" Kind="propagation" Navigation="org.eclipse.mylyn.core.model.edges.containment" OriginId="org.eclipse.mylyn.core.model.interest.propagation" StartDate="2014-11-26 21:14:13.40 JST" StructureHandle="=freemind_1.0.1/freemind\/freemind\/modes\/mindmapmode&amp;lt;" StructureKind="java" NumEvents="2" CreationCount="258"/><InteractionEvent Delta="null" EndDate="2014-11-26 20:20:19.623 JST" Interest="1.0" Kind="propagation" Navigation="null" OriginId="org.eclipse.ui.views.ResourceNavigator" StartDate="2014-11-26 20:20:19.623 JST" StructureHandle="/BluetoothSample/gen" StructureKind="resource"/><InteractionEvent Delta="null" EndDate="2014-11-26 21:15:06.2 JST" Interest="1.0" Kind="edit" Navigation="null" OriginId="org.eclipse.jdt.ui.CompilationUnitEditor" StartDate="2014-11-26 21:15:06.2 JST" StructureHandle="=freemind_1.0.1/freemind\/freemind\/modes\/viewmodes&amp;lt;{ViewControllerAdapter.java[ViewControllerAdapter~ViewControllerAdapter~QMode;" StructureKind="java"/><InteractionEvent Delta="null" EndDate="2014-11-26 21:15:05.124 JST" Interest="1.0" Kind="selection" Navigation="null" OriginId="org.eclipse.jdt.ui.CompilationUnitEditor" StartDate="2014-11-26 21:15:05.124 JST" StructureHandle="=freemind_1.0.1/freemind\/freemind\/modes\/viewmodes&amp;lt;{ViewControllerAdapter.java[ViewControllerAdapter~ViewControllerAdapter~QMode;" StructureKind="java"/><InteractionEvent Delta="null" EndDate="2014-11-26 20:20:19.623 JST" Interest="1.0" Kind="selection" Navigation="null" OriginId="org.eclipse.ui.views.ResourceNavigator" StartDate="2014-11-26 20:20:19.623 JST" StructureHandle="=BluetoothSample/gen" StructureKind="java"/><InteractionEvent Delta="null" EndDate="2014-11-26 20:28:25.56 JST" Interest="2.0" Kind="selection" Navigation="null" OriginId="org.eclipse.jdt.ui.CompilationUnitEditor" StartDate="2014-11-26 20:28:23.190 JST" StructureHandle="=freemind_1.0.1/freemind\/freemind\/main&amp;lt;{FreeMindStarter.java#javax.swing.JOptionPane" StructureKind="java" NumEvents="2" CreationCount="53"/><InteractionEvent Delta="null" EndDate="2014-11-26 21:15:07.764 JST" Interest="217.06802" Kind="propagation" Navigation="org.eclipse.mylyn.core.model.edges.containment" OriginId="org.eclipse.mylyn.core.model.interest.propagation" StartDate="2014-11-26 20:20:32.818 JST" StructureHandle="/freemind_1.0.1/freemind" StructureKind="resource" NumEvents="224" CreationCount="5"/><InteractionEvent Delta="null" EndDate="2014-11-26 21:12:25.454 JST" Interest="2.0" Kind="selection" Navigation="null" OriginId="org.eclipse.ui.views.ResourceNavigator" StartDate="2014-11-26 20:20:26.652 JST" StructureHandle="/freemind_1.0.1/freemind" StructureKind="resource" NumEvents="2" CreationCount="5"/><InteractionEvent Delta="null" EndDate="2014-11-27 00:39:45.639 JST" Interest="6.151" Kind="propagation" Navigation="org.eclipse.mylyn.core.model.edges.containment" OriginId="org.eclipse.mylyn.core.model.interest.propagation" StartDate="2014-11-26 21:14:17.331 JST" StructureHandle="=freemind_1.0.1/freemind\/freemind\/modes\/viewmodes&amp;lt;" StructureKind="java" NumEvents="7" CreationCount="261"/><InteractionEvent Delta="null" EndDate="2014-11-26 20:28:30.886 JST" Interest="1.0" Kind="selection" Navigation="null" OriginId="org.eclipse.jdt.ui.CompilationUnitEditor" StartDate="2014-11-26 20:28:30.886 JST" StructureHandle="=freemind_1.0.1/freemind\/freemind\/modes\/common&amp;lt;{CommonNodeKeyListener.java#java.awt.event.KeyEvent" StructureKind="java"/><InteractionEvent Delta="null" EndDate="2014-11-26 21:14:16.383 JST" Interest="2.0" Kind="propagation" Navigation="null" OriginId="org.eclipse.search.ui.views.SearchView" StartDate="2014-11-26 21:14:13.39 JST" StructureHandle="/freemind_1.0.1/freemind/freemind/modes/mindmapmode/MindMapController.java" StructureKind="resource" NumEvents="2" CreationCount="258"/><InteractionEvent Delta="null" EndDate="2014-11-26 20:20:19.623 JST" Interest="1.0" Kind="propagation" Navigation="org.eclipse.mylyn.core.model.edges.containment" OriginId="org.eclipse.mylyn.core.model.interest.propagation" StartDate="2014-11-26 20:20:19.623 JST" StructureHandle="=BluetoothSample" StructureKind="resource"/><InteractionEvent Delta="null" EndDate="2014-11-26 21:14:06.134 JST" Interest="218.017" Kind="propagation" Navigation="org.eclipse.mylyn.core.model.edges.containment" OriginId="org.eclipse.mylyn.core.model.interest.propagation" StartDate="2014-11-26 20:20:44.366 JST" StructureHandle="/freemind_1.0.1/freemind/freemind/modes/common" StructureKind="resource" NumEvents="219" CreationCount="8"/><InteractionEvent Delta="null" EndDate="2014-11-26 20:20:38.176 JST" Interest="1.0" Kind="selection" Navigation="null" OriginId="org.eclipse.ui.views.ResourceNavigator" StartDate="2014-11-26 20:20:38.176 JST" StructureHandle="/freemind_1.0.1/freemind/freemind/modes/common" StructureKind="resource"/><InteractionEvent Delta="null" EndDate="2014-11-26 21:14:16.382 JST" Interest="2.0" Kind="selection" Navigation="null" OriginId="org.eclipse.search.ui.views.SearchView" StartDate="2014-11-26 21:14:13.39 JST" StructureHandle="=freemind_1.0.1/freemind\/freemind\/modes\/mindmapmode&amp;lt;{MindMapController.java" StructureKind="java" NumEvents="2" CreationCount="258"/><InteractionEvent Delta="null" EndDate="2014-11-26 20:28:21.864 JST" Interest="8.5" Kind="propagation" Navigation="org.eclipse.mylyn.core.model.edges.containment" OriginId="org.eclipse.mylyn.core.model.interest.propagation" StartDate="2014-11-26 20:27:56.304 JST" StructureHandle="=freemind_1.0.1/freemind\/freemind\/main" StructureKind="java" NumEvents="10" CreationCount="38"/><InteractionEvent Delta="null" EndDate="2014-11-27 00:39:45.637 JST" Interest="6.1" Kind="propagation" Navigation="org.eclipse.mylyn.core.model.edges.containment" OriginId="org.eclipse.mylyn.core.model.interest.propagation" StartDate="2014-11-26 21:14:23.920 JST" StructureHandle="=freemind_1.0.1/freemind\/freemind\/modes\/viewmodes&amp;lt;{ViewControllerAdapter.java[ViewControllerAdapter" StructureKind="java" NumEvents="7" CreationCount="264"/><InteractionEvent Delta="null" EndDate="2014-11-27 00:39:45.636 JST" Interest="3.0" Kind="edit" Navigation="null" OriginId="org.eclipse.jdt.ui.CompilationUnitEditor" StartDate="2014-11-26 21:14:25.374 JST" StructureHandle="=freemind_1.0.1/freemind\/freemind\/modes\/viewmodes&amp;lt;{ViewControllerAdapter.java[ViewControllerAdapter~startupController" StructureKind="java" NumEvents="3" CreationCount="264"/><InteractionEvent Delta="null" EndDate="2014-11-27 00:39:13.483 JST" Interest="4.0" Kind="selection" Navigation="null" OriginId="org.eclipse.jdt.ui.CompilationUnitEditor" StartDate="2014-11-26 21:14:23.920 JST" StructureHandle="=freemind_1.0.1/freemind\/freemind\/modes\/viewmodes&amp;lt;{ViewControllerAdapter.java[ViewControllerAdapter~startupController" StructureKind="java" NumEvents="4" CreationCount="264"/><InteractionEvent Delta="null" EndDate="2014-11-26 20:28:21.862 JST" Interest="8.5" Kind="propagation" Navigation="org.eclipse.mylyn.core.model.edges.containment" OriginId="org.eclipse.mylyn.core.model.interest.propagation" StartDate="2014-11-26 20:27:56.303 JST" StructureHandle="=freemind_1.0.1/freemind\/freemind\/main&amp;lt;" StructureKind="java" NumEvents="10" CreationCount="38"/><InteractionEvent Delta="null" EndDate="2014-11-26 21:14:06.134 JST" Interest="136.068" Kind="propagation" Navigation="org.eclipse.mylyn.core.model.edges.containment" OriginId="org.eclipse.mylyn.core.model.interest.propagation" StartDate="2014-11-26 20:20:44.367 JST" StructureHandle="=freemind_1.0.1/freemind\/freemind\/modes\/common&amp;lt;" StructureKind="java" NumEvents="194" CreationCount="9"/><InteractionEvent Delta="null" EndDate="2014-11-26 20:28:21.860 JST" Interest="5.0" Kind="edit" Navigation="null" OriginId="org.eclipse.jdt.ui.CompilationUnitEditor" StartDate="2014-11-26 20:28:10.767 JST" StructureHandle="=freemind_1.0.1/freemind\/freemind\/main&amp;lt;{FreeMindStarter.java" StructureKind="java" NumEvents="5" CreationCount="38"/><InteractionEvent Delta="null" EndDate="2014-11-26 20:28:20.422 JST" Interest="5.0" Kind="selection" Navigation="null" OriginId="org.eclipse.jdt.ui.CompilationUnitEditor" StartDate="2014-11-26 20:27:56.302 JST" StructureHandle="=freemind_1.0.1/freemind\/freemind\/main&amp;lt;{FreeMindStarter.java" StructureKind="java" NumEvents="5" CreationCount="38"/><InteractionEvent Delta="null" EndDate="2014-11-27 00:42:20.765 JST" Interest="20.034" Kind="propagation" Navigation="org.eclipse.mylyn.core.model.edges.containment" OriginId="org.eclipse.mylyn.core.model.interest.propagation" StartDate="2014-11-26 21:14:17.330 JST" StructureHandle="/freemind_1.0.1/freemind/freemind/modes/viewmodes" StructureKind="resource" NumEvents="21" CreationCount="259"/><InteractionEvent Delta="null" EndDate="2014-11-26 21:14:13.759 JST" Interest="1.0" Kind="selection" Navigation="null" OriginId="org.eclipse.search.ui.views.SearchView" StartDate="2014-11-26 21:14:13.759 JST" StructureHandle="/freemind_1.0.1/freemind/freemind/modes/viewmodes" StructureKind="resource"/><InteractionEvent Delta="null" EndDate="2014-11-26 20:59:41.247 JST" Interest="1.3460002" Kind="manipulation" Navigation="null" OriginId="org.eclipse.mylyn.core.model.interest.decay.correction" StartDate="2014-11-26 20:59:41.247 JST" StructureHandle="=freemind_1.0.1/freemind\/freemind\/modes\/common&amp;lt;{CommonNodeKeyListener.java[CommonNodeKeyListener^disabledKeyType" StructureKind="java"/><InteractionEvent Delta="null" EndDate="2014-11-26 20:59:45.956 JST" Interest="3.0" Kind="selection" Navigation="null" OriginId="org.eclipse.jdt.ui.CompilationUnitEditor" StartDate="2014-11-26 20:20:58.684 JST" StructureHandle="=freemind_1.0.1/freemind\/freemind\/modes\/common&amp;lt;{CommonNodeKeyListener.java[CommonNodeKeyListener^disabledKeyType" StructureKind="java" NumEvents="3" CreationCount="11"/><InteractionEvent Delta="null" EndDate="2014-11-26 21:14:06.134 JST" Interest="218.034" Kind="propagation" Navigation="org.eclipse.mylyn.core.model.edges.containment" OriginId="org.eclipse.mylyn.core.model.interest.propagation" StartDate="2014-11-26 20:20:38.177 JST" StructureHandle="/freemind_1.0.1/freemind/freemind/modes" StructureKind="resource" NumEvents="220" CreationCount="7"/><InteractionEvent Delta="null" EndDate="2014-11-26 20:20:36.79 JST" Interest="1.0" Kind="selection" Navigation="null" OriginId="org.eclipse.ui.views.ResourceNavigator" StartDate="2014-11-26 20:20:36.79 JST" StructureHandle="/freemind_1.0.1/freemind/freemind/modes" StructureKind="resource"/><InteractionEvent Delta="null" EndDate="2014-11-26 20:28:30.886 JST" Interest="1.0" Kind="propagation" Navigation="org.eclipse.mylyn.core.model.edges.containment" OriginId="org.eclipse.mylyn.core.model.interest.propagation" StartDate="2014-11-26 20:28:30.886 JST" StructureHandle="=freemind_1.0.1/freemind\/freemind\/modes\/common&amp;lt;{CommonNodeKeyListener.java#" StructureKind="java"/><InteractionEvent Delta="null" EndDate="2014-11-26 20:28:34.26 JST" Interest="1.0" Kind="selection" Navigation="null" OriginId="org.eclipse.jdt.ui.CompilationUnitEditor" StartDate="2014-11-26 20:28:34.26 JST" StructureHandle="=freemind_1.0.1/freemind\/freemind\/modes\/common&amp;lt;{CommonNodeKeyListener.java#" StructureKind="java"/><InteractionEvent Delta="null" EndDate="2014-11-26 21:12:11.359 JST" Interest="6.0" Kind="edit" Navigation="null" OriginId="org.eclipse.jdt.ui.CompilationUnitEditor" StartDate="2014-11-26 21:00:00.733 JST" StructureHandle="=freemind_1.0.1/freemind\/freemind\/modes\/common&amp;lt;{CommonNodeKeyListener.java[CommonNodeKeyListener~CommonNodeKeyListener~QModeController;~QEditHandler;" StructureKind="java" NumEvents="6" CreationCount="12"/><InteractionEvent Delta="null" EndDate="2014-11-26 20:59:46.727 JST" Interest="0.3800001" Kind="manipulation" Navigation="null" OriginId="org.eclipse.mylyn.core.model.interest.decay.correction" StartDate="2014-11-26 20:59:46.727 JST" StructureHandle="=freemind_1.0.1/freemind\/freemind\/modes\/common&amp;lt;{CommonNodeKeyListener.java[CommonNodeKeyListener~CommonNodeKeyListener~QModeController;~QEditHandler;" StructureKind="java"/><InteractionEvent Delta="null" EndDate="2014-11-26 21:11:57.376 JST" Interest="4.0" Kind="selection" Navigation="null" OriginId="org.eclipse.jdt.ui.CompilationUnitEditor" StartDate="2014-11-26 20:21:03.703 JST" StructureHandle="=freemind_1.0.1/freemind\/freemind\/modes\/common&amp;lt;{CommonNodeKeyListener.java[CommonNodeKeyListener~CommonNodeKeyListener~QModeController;~QEditHandler;" StructureKind="java" NumEvents="4" CreationCount="12"/><InteractionEvent Delta="null" EndDate="2014-11-26 21:14:17.331 JST" Interest="218.05101" Kind="propagation" Navigation="org.eclipse.mylyn.core.model.edges.containment" OriginId="org.eclipse.mylyn.core.model.interest.propagation" StartDate="2014-11-26 20:20:36.79 JST" StructureHandle="/freemind_1.0.1/freemind/freemind" StructureKind="resource" NumEvents="222" CreationCount="6"/><InteractionEvent Delta="null" EndDate="2014-11-26 20:20:32.694 JST" Interest="1.0" Kind="selection" Navigation="null" OriginId="org.eclipse.ui.views.ResourceNavigator" StartDate="2014-11-26 20:20:32.694 JST" StructureHandle="/freemind_1.0.1/freemind/freemind" StructureKind="resource"/><InteractionEvent Delta="null" EndDate="2014-11-26 21:12:39.127 JST" Interest="132.034" Kind="propagation" Navigation="org.eclipse.mylyn.core.model.edges.containment" OriginId="org.eclipse.mylyn.core.model.interest.propagation" StartDate="2014-11-26 20:20:58.700 JST" StructureHandle="=freemind_1.0.1/freemind\/freemind\/modes\/common&amp;lt;{CommonNodeKeyListener.java[CommonNodeKeyListener" StructureKind="java" NumEvents="189" CreationCount="11"/><InteractionEvent Delta="null" EndDate="2014-11-26 21:13:08.170 JST" Interest="3.0" Kind="selection" Navigation="null" OriginId="org.eclipse.jdt.ui.CompilationUnitEditor" StartDate="2014-11-26 20:28:51.159 JST" StructureHandle="=freemind_1.0.1/freemind\/freemind\/modes\/common&amp;lt;{CommonNodeKeyListener.java[CommonNodeKeyListener" StructureKind="java" NumEvents="3" CreationCount="11"/><InteractionEvent Delta="null" EndDate="2014-11-26 21:12:39.127 JST" Interest="180.0" Kind="edit" Navigation="null" OriginId="org.eclipse.jdt.ui.CompilationUnitEditor" StartDate="2014-11-26 20:21:13.240 JST" StructureHandle="=freemind_1.0.1/freemind\/freemind\/modes\/common&amp;lt;{CommonNodeKeyListener.java[CommonNodeKeyListener~keyPressed~QKeyEvent;" StructureKind="java" NumEvents="180" CreationCount="13"/><InteractionEvent Delta="null" EndDate="2014-11-26 21:12:14.762 JST" Interest="8.0" Kind="selection" Navigation="null" OriginId="org.eclipse.jdt.ui.CompilationUnitEditor" StartDate="2014-11-26 20:21:11.343 JST" StructureHandle="=freemind_1.0.1/freemind\/freemind\/modes\/common&amp;lt;{CommonNodeKeyListener.java[CommonNodeKeyListener~keyPressed~QKeyEvent;" StructureKind="java" NumEvents="8" CreationCount="13"/><InteractionEvent Delta="null" EndDate="2014-11-26 20:28:05.650 JST" Interest="1.0" Kind="prediction" Navigation="null" OriginId="org.eclipse.mylyn.resources.ui.interest.updater" StartDate="2014-11-26 20:28:05.650 JST" StructureHandle="/freemind_1.0.1/freemind/version.properties" StructureKind="resource"/><InteractionEvent Delta="null" EndDate="2014-11-26 21:14:16.383 JST" Interest="1.017" Kind="propagation" Navigation="org.eclipse.mylyn.core.model.edges.containment" OriginId="org.eclipse.mylyn.core.model.interest.propagation" StartDate="2014-11-26 21:14:13.39 JST" StructureHandle="/freemind_1.0.1/freemind/freemind/modes/mindmapmode" StructureKind="resource" NumEvents="2" CreationCount="257"/><InteractionEvent Delta="null" EndDate="2014-11-26 21:14:09.985 JST" Interest="1.0" Kind="selection" Navigation="null" OriginId="org.eclipse.search.ui.views.SearchView" StartDate="2014-11-26 21:14:09.985 JST" StructureHandle="/freemind_1.0.1/freemind/freemind/modes/mindmapmode" StructureKind="resource"/><InteractionEvent Delta="null" EndDate="2014-11-27 00:42:20.764 JST" Interest="1.0170002" Kind="propagation" Navigation="org.eclipse.mylyn.core.model.edges.containment" OriginId="org.eclipse.mylyn.core.model.interest.propagation" StartDate="2014-11-26 21:15:17.505 JST" StructureHandle="=freemind_1.0.1/freemind\/freemind\/modes\/viewmodes&amp;lt;{ViewControllerAdapter.java[ViewControllerAdapter~startupController[" StructureKind="java" NumEvents="3" CreationCount="272"/><InteractionEvent Delta="null" EndDate="2014-11-27 00:39:50.863 JST" Interest="3.0" Kind="selection" Navigation="null" OriginId="org.eclipse.jdt.ui.CompilationUnitEditor" StartDate="2014-11-26 21:15:16.612 JST" StructureHandle="=freemind_1.0.1/freemind\/freemind\/modes\/viewmodes&amp;lt;{ViewControllerAdapter.java[ViewControllerAdapter~startupController[" StructureKind="java" NumEvents="3" CreationCount="272"/><InteractionEvent Delta="null" EndDate="2014-11-27 00:39:45.640 JST" Interest="6.151" Kind="propagation" Navigation="org.eclipse.mylyn.core.model.edges.containment" OriginId="org.eclipse.mylyn.core.model.interest.propagation" StartDate="2014-11-26 21:14:17.331 JST" StructureHandle="=freemind_1.0.1/freemind\/freemind\/modes\/viewmodes" StructureKind="java" NumEvents="7" CreationCount="261"/><InteractionEvent Delta="null" EndDate="2014-11-27 00:42:20.776 JST" Interest="281.0" Kind="propagation" Navigation="null" OriginId="org.eclipse.jdt.ui.CompilationUnitEditor" StartDate="2014-11-26 20:20:19.251 JST" StructureHandle="/" StructureKind="resource" NumEvents="281" CreationCount="1"/><InteractionEvent Delta="null" EndDate="2014-11-27 00:39:45.638 JST" Interest="1.4510002" Kind="propagation" Navigation="org.eclipse.mylyn.core.model.edges.containment" OriginId="org.eclipse.mylyn.core.model.interest.propagation" StartDate="2014-11-27 00:39:13.524 JST" StructureHandle="=freemind_1.0.1/freemind\/freemind\/modes\/viewmodes&amp;lt;{ViewControllerAdapter.java" StructureKind="java" NumEvents="2" CreationCount="261"/><InteractionEvent Delta="null" EndDate="2014-11-26 21:15:15.182 JST" Interest="1.0" Kind="edit" Navigation="null" OriginId="org.eclipse.jdt.ui.CompilationUnitEditor" StartDate="2014-11-26 21:15:15.182 JST" StructureHandle="=freemind_1.0.1/freemind\/freemind\/modes\/viewmodes&amp;lt;{ViewControllerAdapter.java" StructureKind="java"/><InteractionEvent Delta="null" EndDate="2014-11-26 21:15:07.764 JST" Interest="4.0" Kind="selection" Navigation="null" OriginId="org.eclipse.jdt.ui.CompilationUnitEditor" StartDate="2014-11-26 21:14:17.330 JST" StructureHandle="=freemind_1.0.1/freemind\/freemind\/modes\/viewmodes&amp;lt;{ViewControllerAdapter.java" StructureKind="java" NumEvents="4" CreationCount="261"/><InteractionEvent Delta="null" EndDate="2014-11-26 21:06:38.641 JST" Interest="10.0" Kind="edit" Navigation="null" OriginId="org.eclipse.ui.DefaultTextEditor" StartDate="2014-11-26 20:25:42.210 JST" StructureHandle="/freemind_1.0.1/memos.txt" StructureKind="resource" NumEvents="10" CreationCount="32"/><InteractionEvent Delta="null" EndDate="2014-11-26 21:06:38.596 JST" Interest="6.0" Kind="selection" Navigation="null" OriginId="org.eclipse.ui.DefaultTextEditor" StartDate="2014-11-26 20:25:42.182 JST" StructureHandle="/freemind_1.0.1/memos.txt" StructureKind="resource" NumEvents="6" CreationCount="32"/><InteractionEvent Delta="null" EndDate="2014-11-26 21:12:39.128 JST" Interest="123.368" Kind="propagation" Navigation="org.eclipse.mylyn.core.model.edges.containment" OriginId="org.eclipse.mylyn.core.model.interest.propagation" StartDate="2014-11-26 20:21:16.72 JST" StructureHandle="=freemind_1.0.1/freemind\/freemind\/modes\/common&amp;lt;{CommonNodeKeyListener.java" StructureKind="java" NumEvents="178" CreationCount="9"/><InteractionEvent Delta="null" EndDate="2014-11-26 20:28:29.153 JST" Interest="1.0" Kind="edit" Navigation="null" OriginId="org.eclipse.jdt.ui.CompilationUnitEditor" StartDate="2014-11-26 20:28:29.153 JST" StructureHandle="=freemind_1.0.1/freemind\/freemind\/modes\/common&amp;lt;{CommonNodeKeyListener.java" StructureKind="java"/><InteractionEvent Delta="null" EndDate="2014-11-26 21:14:06.134 JST" Interest="12.0" Kind="selection" Navigation="null" OriginId="org.eclipse.search.ui.views.SearchView" StartDate="2014-11-26 20:20:44.341 JST" StructureHandle="=freemind_1.0.1/freemind\/freemind\/modes\/common&amp;lt;{CommonNodeKeyListener.java" StructureKind="java" NumEvents="12" CreationCount="9"/><InteractionEvent Delta="null" EndDate="2014-11-26 21:14:16.384 JST" Interest="2.0" Kind="propagation" Navigation="org.eclipse.mylyn.core.model.edges.containment" OriginId="org.eclipse.mylyn.core.model.interest.propagation" StartDate="2014-11-26 21:14:13.41 JST" StructureHandle="=freemind_1.0.1/freemind\/freemind\/modes\/mindmapmode" StructureKind="java" NumEvents="2" CreationCount="258"/><InteractionEvent Delta="null" EndDate="2014-11-26 20:28:25.57 JST" Interest="12.0" Kind="propagation" Navigation="null" OriginId="org.eclipse.jdt.ui.CompilationUnitEditor" StartDate="2014-11-26 20:27:56.303 JST" StructureHandle="/freemind_1.0.1/freemind/freemind/main/FreeMindStarter.java" StructureKind="resource" NumEvents="12" CreationCount="38"/><InteractionEvent Delta="null" EndDate="2014-11-26 21:14:06.134 JST" Interest="136.068" Kind="propagation" Navigation="org.eclipse.mylyn.core.model.edges.containment" OriginId="org.eclipse.mylyn.core.model.interest.propagation" StartDate="2014-11-26 20:20:44.368 JST" StructureHandle="=freemind_1.0.1/freemind\/freemind\/modes\/common" StructureKind="java" NumEvents="193" CreationCount="9"/><InteractionEvent Delta="null" EndDate="2014-11-27 00:42:20.765 JST" Interest="21.0" Kind="propagation" Navigation="null" OriginId="org.eclipse.jdt.ui.CompilationUnitEditor" StartDate="2014-11-26 21:14:17.330 JST" StructureHandle="/freemind_1.0.1/freemind/freemind/modes/viewmodes/ViewControllerAdapter.java" StructureKind="resource" NumEvents="21" CreationCount="261"/><InteractionEvent Delta="null" EndDate="2014-11-26 20:20:19.353 JST" Interest="2.0" Kind="propagation" Navigation="null" OriginId="org.eclipse.ui.views.ResourceNavigator" StartDate="2014-11-26 20:20:19.251 JST" StructureHandle="/CutPlanner_A" StructureKind="resource" NumEvents="2" CreationCount="1"/><InteractionEvent Delta="null" EndDate="2014-11-26 20:28:25.57 JST" Interest="2.0" Kind="propagation" Navigation="org.eclipse.mylyn.core.model.edges.containment" OriginId="org.eclipse.mylyn.core.model.interest.propagation" StartDate="2014-11-26 20:28:23.191 JST" StructureHandle="=freemind_1.0.1/freemind\/freemind\/main&amp;lt;{FreeMindStarter.java#" StructureKind="java" NumEvents="2" CreationCount="53"/><InteractionEvent Delta="null" EndDate="2014-11-26 20:28:25.58 JST" Interest="12.0" Kind="propagation" Navigation="org.eclipse.mylyn.core.model.edges.containment" OriginId="org.eclipse.mylyn.core.model.interest.propagation" StartDate="2014-11-26 20:27:56.303 JST" StructureHandle="/freemind_1.0.1/freemind/freemind/main" StructureKind="resource" NumEvents="12" CreationCount="38"/><InteractionEvent Delta="null" EndDate="2014-11-27 00:42:20.764 JST" Interest="4.0" Kind="selection" Navigation="null" OriginId="org.eclipse.jdt.ui.CompilationUnitEditor" StartDate="2014-11-26 21:15:17.504 JST" StructureHandle="=freemind_1.0.1/freemind\/freemind\/modes\/viewmodes&amp;lt;{ViewControllerAdapter.java[ViewControllerAdapter~startupController[~edit~QKeyEvent;~Z~Z" StructureKind="java" NumEvents="4" CreationCount="273"/></InteractionHistory>