<?xml version="1.0" encoding="UTF-8"?><InteractionHistory Id="local-113" Version="1"><InteractionEvent Delta="null" EndDate="2014-09-29 08:59:31.335 JST" Interest="1.0" Kind="propagation" Navigation="org.eclipse.mylyn.core.model.edges.containment" OriginId="org.eclipse.mylyn.core.model.interest.propagation" StartDate="2014-09-29 08:59:31.335 JST" StructureHandle="=TA2/src&amp;lt;ta2.utils{CONS.java[CONS[Pref" StructureKind="java"/><InteractionEvent Delta="null" EndDate="2014-09-29 08:59:31.336 JST" Interest="2.0" Kind="propagation" Navigation="null" OriginId="org.eclipse.jdt.ui.CompilationUnitEditor" StartDate="2014-09-29 08:59:31.102 JST" StructureHandle="/TA2/src/ta2/utils/CONS.java" StructureKind="resource" NumEvents="2" CreationCount="13"/><InteractionEvent Delta="null" EndDate="2014-09-29 08:59:31.337 JST" Interest="7.0" Kind="propagation" Navigation="null" OriginId="org.eclipse.jdt.ui.CompilationUnitEditor" StartDate="2014-09-29 08:59:27.980 JST" StructureHandle="/TA2/src" StructureKind="resource" NumEvents="7" CreationCount="3"/><InteractionEvent Delta="null" EndDate="2014-09-29 08:59:30.819 JST" Interest="1.7" Kind="propagation" Navigation="org.eclipse.mylyn.core.model.edges.containment" OriginId="org.eclipse.mylyn.core.model.interest.propagation" StartDate="2014-09-29 08:59:30.621 JST" StructureHandle="/TA2/res/values" StructureKind="resource" NumEvents="2" CreationCount="11"/><InteractionEvent Delta="null" EndDate="2014-09-29 08:59:31.337 JST" Interest="7.0" Kind="propagation" Navigation="org.eclipse.mylyn.core.model.edges.containment" OriginId="org.eclipse.mylyn.core.model.interest.propagation" StartDate="2014-09-29 08:59:27.980 JST" StructureHandle="=TA2" StructureKind="resource" NumEvents="7" CreationCount="3"/><InteractionEvent Delta="null" EndDate="2014-09-29 08:59:31.337 JST" Interest="5.0" Kind="propagation" Navigation="null" OriginId="org.eclipse.jdt.ui.CompilationUnitEditor" StartDate="2014-09-29 08:59:30.90 JST" StructureHandle="/TA2/src/ta2/utils" StructureKind="resource" NumEvents="5" CreationCount="8"/><InteractionEvent Delta="null" EndDate="2014-09-29 08:59:30.324 JST" Interest="3.0" Kind="propagation" Navigation="null" OriginId="org.eclipse.jdt.ui.CompilationUnitEditor" StartDate="2014-09-29 08:59:30.90 JST" StructureHandle="/TA2/src/ta2/utils/DBUtils.java" StructureKind="resource" NumEvents="3" CreationCount="8"/><InteractionEvent Delta="null" EndDate="2014-09-29 08:59:31.336 JST" Interest="1.0" Kind="propagation" Navigation="org.eclipse.mylyn.core.model.edges.containment" OriginId="org.eclipse.mylyn.core.model.interest.propagation" StartDate="2014-09-29 08:59:31.336 JST" StructureHandle="=TA2/src&amp;lt;ta2.utils{CONS.java[CONS" StructureKind="java"/><InteractionEvent Delta="null" EndDate="2014-09-29 08:59:31.337 JST" Interest="5.085" Kind="propagation" Navigation="org.eclipse.mylyn.core.model.edges.containment" OriginId="org.eclipse.mylyn.core.model.interest.propagation" StartDate="2014-09-29 08:59:27.980 JST" StructureHandle="/TA2/src/ta2" StructureKind="resource" NumEvents="6" CreationCount="3"/><InteractionEvent Delta="null" EndDate="2014-09-29 08:59:28.925 JST" Interest="3.0" Kind="propagation" Navigation="null" OriginId="org.eclipse.jdt.ui.CompilationUnitEditor" StartDate="2014-09-29 08:59:28.854 JST" StructureHandle="/IFM11/src/ifm11/utils/DBUtils.java" StructureKind="resource" NumEvents="3" CreationCount="5"/><InteractionEvent Delta="null" EndDate="2014-09-29 08:59:27.979 JST" Interest="1.0" Kind="selection" Navigation="null" OriginId="org.eclipse.jdt.ui.CompilationUnitEditor" StartDate="2014-09-29 08:59:27.979 JST" StructureHandle="=TA2/src&amp;lt;ta2.main{MainActv.java" StructureKind="java"/><InteractionEvent Delta="null" EndDate="2014-09-29 08:59:28.68 JST" Interest="0.01700002" Kind="propagation" Navigation="org.eclipse.mylyn.core.model.edges.containment" OriginId="org.eclipse.mylyn.core.model.interest.propagation" StartDate="2014-09-29 08:59:28.68 JST" StructureHandle="=TA2/src&amp;lt;ta2.main{MainActv.java" StructureKind="java"/><InteractionEvent Delta="null" EndDate="2014-09-29 08:59:28.853 JST" Interest="1.0" Kind="selection" Navigation="null" OriginId="org.eclipse.jdt.ui.CompilationUnitEditor" StartDate="2014-09-29 08:59:28.853 JST" StructureHandle="=IFM11/src&amp;lt;ifm11.utils{DBUtils.java" StructureKind="java"/><InteractionEvent Delta="null" EndDate="2014-09-29 08:59:28.927 JST" Interest="0.71700007" Kind="propagation" Navigation="org.eclipse.mylyn.core.model.edges.containment" OriginId="org.eclipse.mylyn.core.model.interest.propagation" StartDate="2014-09-29 08:59:28.916 JST" StructureHandle="=IFM11/src&amp;lt;ifm11.utils{DBUtils.java" StructureKind="java" NumEvents="2" CreationCount="5"/><InteractionEvent Delta="null" EndDate="2014-09-29 08:59:26.921 JST" Interest="2.0" Kind="propagation" Navigation="org.eclipse.mylyn.core.model.edges.containment" OriginId="org.eclipse.mylyn.core.model.interest.propagation" StartDate="2014-09-29 08:59:26.781 JST" StructureHandle="/IFM11/src/ifm11/main" StructureKind="resource" NumEvents="2" CreationCount="1"/><InteractionEvent Delta="null" EndDate="2014-09-29 08:59:30.819 JST" Interest="1.7" Kind="propagation" Navigation="org.eclipse.mylyn.core.model.edges.containment" OriginId="org.eclipse.mylyn.core.model.interest.propagation" StartDate="2014-09-29 08:59:30.621 JST" StructureHandle="/TA2/res" StructureKind="resource" NumEvents="2" CreationCount="11"/><InteractionEvent Delta="null" EndDate="2014-09-29 08:59:26.922 JST" Interest="1.017" Kind="propagation" Navigation="org.eclipse.mylyn.core.model.edges.containment" OriginId="org.eclipse.mylyn.core.model.interest.propagation" StartDate="2014-09-29 08:59:26.781 JST" StructureHandle="=IFM11/src&amp;lt;ifm11.main" StructureKind="java" NumEvents="2" CreationCount="1"/><InteractionEvent Delta="null" EndDate="2014-09-29 08:59:28.69 JST" Interest="1.017" Kind="propagation" Navigation="org.eclipse.mylyn.core.model.edges.containment" OriginId="org.eclipse.mylyn.core.model.interest.propagation" StartDate="2014-09-29 08:59:27.980 JST" StructureHandle="=TA2/src&amp;lt;ta2.main" StructureKind="java" NumEvents="2" CreationCount="3"/><InteractionEvent Delta="null" EndDate="2014-09-29 08:59:28.926 JST" Interest="3.0" Kind="propagation" Navigation="org.eclipse.mylyn.core.model.edges.containment" OriginId="org.eclipse.mylyn.core.model.interest.propagation" StartDate="2014-09-29 08:59:28.854 JST" StructureHandle="/IFM11/src/ifm11/utils" StructureKind="resource" NumEvents="3" CreationCount="5"/><InteractionEvent Delta="null" EndDate="2014-09-29 08:59:28.67 JST" Interest="1.0" Kind="propagation" Navigation="org.eclipse.mylyn.core.model.edges.containment" OriginId="org.eclipse.mylyn.core.model.interest.propagation" StartDate="2014-09-29 08:59:28.67 JST" StructureHandle="=TA2/src&amp;lt;ta2.main{MainActv.java[MainActv" StructureKind="java"/><InteractionEvent Delta="null" EndDate="2014-09-29 08:59:26.780 JST" Interest="1.0" Kind="selection" Navigation="null" OriginId="org.eclipse.jdt.ui.CompilationUnitEditor" StartDate="2014-09-29 08:59:26.780 JST" StructureHandle="=IFM11/src&amp;lt;ifm11.main{MainActv.java" StructureKind="java"/><InteractionEvent Delta="null" EndDate="2014-09-29 08:59:26.922 JST" Interest="0.01700002" Kind="propagation" Navigation="org.eclipse.mylyn.core.model.edges.containment" OriginId="org.eclipse.mylyn.core.model.interest.propagation" StartDate="2014-09-29 08:59:26.922 JST" StructureHandle="=IFM11/src&amp;lt;ifm11.main{MainActv.java" StructureKind="java"/><InteractionEvent Delta="null" EndDate="2014-09-29 08:59:26.920 JST" Interest="1.0" Kind="propagation" Navigation="org.eclipse.mylyn.core.model.edges.containment" OriginId="org.eclipse.mylyn.core.model.interest.propagation" StartDate="2014-09-29 08:59:26.920 JST" StructureHandle="=IFM11/src&amp;lt;ifm11.main{MainActv.java[MainActv" StructureKind="java"/><InteractionEvent Delta="null" EndDate="2014-09-29 08:59:26.921 JST" Interest="2.0" Kind="propagation" Navigation="null" OriginId="org.eclipse.jdt.ui.CompilationUnitEditor" StartDate="2014-09-29 08:59:26.780 JST" StructureHandle="/IFM11/src/ifm11/main/MainActv.java" StructureKind="resource" NumEvents="2" CreationCount="1"/><InteractionEvent Delta="null" EndDate="2014-09-29 08:59:31.102 JST" Interest="1.0" Kind="selection" Navigation="null" OriginId="org.eclipse.jdt.ui.CompilationUnitEditor" StartDate="2014-09-29 08:59:31.102 JST" StructureHandle="=TA2/src&amp;lt;ta2.utils{CONS.java" StructureKind="java"/><InteractionEvent Delta="null" EndDate="2014-09-29 08:59:31.336 JST" Interest="0.01700002" Kind="propagation" Navigation="org.eclipse.mylyn.core.model.edges.containment" OriginId="org.eclipse.mylyn.core.model.interest.propagation" StartDate="2014-09-29 08:59:31.336 JST" StructureHandle="=TA2/src&amp;lt;ta2.utils{CONS.java" StructureKind="java"/><InteractionEvent Delta="null" EndDate="2014-09-29 08:59:26.920 JST" Interest="1.0" Kind="selection" Navigation="null" OriginId="org.eclipse.jdt.ui.CompilationUnitEditor" StartDate="2014-09-29 08:59:26.920 JST" StructureHandle="=IFM11/src&amp;lt;ifm11.main{MainActv.java[MainActv~_Setup_AutoBK" StructureKind="java"/><InteractionEvent Delta="null" EndDate="2014-09-29 08:59:30.326 JST" Interest="1.717" Kind="propagation" Navigation="org.eclipse.mylyn.core.model.edges.containment" OriginId="org.eclipse.mylyn.core.model.interest.propagation" StartDate="2014-09-29 08:59:30.90 JST" StructureHandle="=TA2/src&amp;lt;ta2.utils" StructureKind="java" NumEvents="3" CreationCount="8"/><InteractionEvent Delta="null" EndDate="2014-09-29 08:59:28.925 JST" Interest="1.7" Kind="propagation" Navigation="org.eclipse.mylyn.core.model.edges.containment" OriginId="org.eclipse.mylyn.core.model.interest.propagation" StartDate="2014-09-29 08:59:28.916 JST" StructureHandle="=IFM11/src&amp;lt;ifm11.utils{DBUtils.java[DBUtils" StructureKind="java" NumEvents="2" CreationCount="6"/><InteractionEvent Delta="null" EndDate="2014-09-29 08:59:30.89 JST" Interest="1.0" Kind="selection" Navigation="null" OriginId="org.eclipse.jdt.ui.CompilationUnitEditor" StartDate="2014-09-29 08:59:30.89 JST" StructureHandle="=TA2/src&amp;lt;ta2.utils{DBUtils.java" StructureKind="java"/><InteractionEvent Delta="null" EndDate="2014-09-29 08:59:30.325 JST" Interest="0.71700007" Kind="propagation" Navigation="org.eclipse.mylyn.core.model.edges.containment" OriginId="org.eclipse.mylyn.core.model.interest.propagation" StartDate="2014-09-29 08:59:30.308 JST" StructureHandle="=TA2/src&amp;lt;ta2.utils{DBUtils.java" StructureKind="java" NumEvents="2" CreationCount="8"/><InteractionEvent Delta="null" EndDate="2014-09-29 08:59:28.67 JST" Interest="1.0" Kind="selection" Navigation="null" OriginId="org.eclipse.jdt.ui.CompilationUnitEditor" StartDate="2014-09-29 08:59:28.67 JST" StructureHandle="=TA2/src&amp;lt;ta2.main{MainActv.java[MainActv~_Setup_AutoBK" StructureKind="java"/><InteractionEvent Delta="null" EndDate="2014-09-29 08:59:30.323 JST" Interest="1.0" Kind="edit" Navigation="null" OriginId="org.eclipse.jdt.ui.CompilationUnitEditor" StartDate="2014-09-29 08:59:30.323 JST" StructureHandle="=TA2/src&amp;lt;ta2.utils{DBUtils.java[DBUtils~find_LastBK~QActivity;" StructureKind="java"/><InteractionEvent Delta="null" EndDate="2014-09-29 08:59:30.307 JST" Interest="1.0" Kind="selection" Navigation="null" OriginId="org.eclipse.jdt.ui.CompilationUnitEditor" StartDate="2014-09-29 08:59:30.307 JST" StructureHandle="=TA2/src&amp;lt;ta2.utils{DBUtils.java[DBUtils~find_LastBK~QActivity;" StructureKind="java"/><InteractionEvent Delta="null" EndDate="2014-09-29 08:59:28.928 JST" Interest="5.0" Kind="propagation" Navigation="org.eclipse.mylyn.core.model.edges.containment" OriginId="org.eclipse.mylyn.core.model.interest.propagation" StartDate="2014-09-29 08:59:26.781 JST" StructureHandle="=IFM11" StructureKind="resource" NumEvents="5" CreationCount="1"/><InteractionEvent Delta="null" EndDate="2014-09-29 08:59:30.818 JST" Interest="1.0" Kind="edit" Navigation="null" OriginId="com.android.ide.eclipse.editors.CommonXmlEditor" StartDate="2014-09-29 08:59:30.818 JST" StructureHandle="/TA2/res/values/strings.xml" StructureKind="resource"/><InteractionEvent Delta="null" EndDate="2014-09-29 08:59:30.621 JST" Interest="1.0" Kind="selection" Navigation="null" OriginId="com.android.ide.eclipse.editors.CommonXmlEditor" StartDate="2014-09-29 08:59:30.621 JST" StructureHandle="/TA2/res/values/strings.xml" StructureKind="resource"/><InteractionEvent Delta="null" EndDate="2014-09-29 08:59:28.925 JST" Interest="1.0" Kind="edit" Navigation="null" OriginId="org.eclipse.jdt.ui.CompilationUnitEditor" StartDate="2014-09-29 08:59:28.925 JST" StructureHandle="=IFM11/src&amp;lt;ifm11.utils{DBUtils.java[DBUtils~find_LastBK~QActivity;" StructureKind="java"/><InteractionEvent Delta="null" EndDate="2014-09-29 08:59:28.915 JST" Interest="1.0" Kind="selection" Navigation="null" OriginId="org.eclipse.jdt.ui.CompilationUnitEditor" StartDate="2014-09-29 08:59:28.915 JST" StructureHandle="=IFM11/src&amp;lt;ifm11.utils{DBUtils.java[DBUtils~find_LastBK~QActivity;" StructureKind="java"/><InteractionEvent Delta="null" EndDate="2014-09-29 08:59:28.927 JST" Interest="1.717" Kind="propagation" Navigation="org.eclipse.mylyn.core.model.edges.containment" OriginId="org.eclipse.mylyn.core.model.interest.propagation" StartDate="2014-09-29 08:59:28.854 JST" StructureHandle="=IFM11/src&amp;lt;ifm11.utils" StructureKind="java" NumEvents="3" CreationCount="5"/><InteractionEvent Delta="null" EndDate="2014-09-29 08:59:31.336 JST" Interest="6.0340004" Kind="propagation" Navigation="org.eclipse.mylyn.core.model.edges.containment" OriginId="org.eclipse.mylyn.core.model.interest.propagation" StartDate="2014-09-29 08:59:26.781 JST" StructureHandle="/" StructureKind="resource" NumEvents="9" CreationCount="1"/><InteractionEvent Delta="null" EndDate="2014-09-29 08:59:28.68 JST" Interest="2.0" Kind="propagation" Navigation="null" OriginId="org.eclipse.jdt.ui.CompilationUnitEditor" StartDate="2014-09-29 08:59:27.980 JST" StructureHandle="/TA2/src/ta2/main/MainActv.java" StructureKind="resource" NumEvents="2" CreationCount="3"/><InteractionEvent Delta="null" EndDate="2014-09-29 08:59:28.928 JST" Interest="5.0" Kind="propagation" Navigation="null" OriginId="org.eclipse.jdt.ui.CompilationUnitEditor" StartDate="2014-09-29 08:59:26.781 JST" StructureHandle="/IFM11/src" StructureKind="resource" NumEvents="5" CreationCount="1"/><InteractionEvent Delta="null" EndDate="2014-09-29 08:59:28.926 JST" Interest="3.068" Kind="propagation" Navigation="org.eclipse.mylyn.core.model.edges.containment" OriginId="org.eclipse.mylyn.core.model.interest.propagation" StartDate="2014-09-29 08:59:26.781 JST" StructureHandle="/IFM11/src/ifm11" StructureKind="resource" NumEvents="4" CreationCount="1"/><InteractionEvent Delta="null" EndDate="2014-09-29 08:59:30.327 JST" Interest="1.802" Kind="propagation" Navigation="org.eclipse.mylyn.core.model.edges.containment" OriginId="org.eclipse.mylyn.core.model.interest.propagation" StartDate="2014-09-29 08:59:27.981 JST" StructureHandle="=TA2/src" StructureKind="java" NumEvents="5" CreationCount="3"/><InteractionEvent Delta="null" EndDate="2014-09-29 08:59:28.68 JST" Interest="2.0" Kind="propagation" Navigation="org.eclipse.mylyn.core.model.edges.containment" OriginId="org.eclipse.mylyn.core.model.interest.propagation" StartDate="2014-09-29 08:59:27.980 JST" StructureHandle="/TA2/src/ta2/main" StructureKind="resource" NumEvents="2" CreationCount="3"/><InteractionEvent Delta="null" EndDate="2014-09-29 08:59:30.324 JST" Interest="1.7" Kind="propagation" Navigation="org.eclipse.mylyn.core.model.edges.containment" OriginId="org.eclipse.mylyn.core.model.interest.propagation" StartDate="2014-09-29 08:59:30.308 JST" StructureHandle="=TA2/src&amp;lt;ta2.utils{DBUtils.java[DBUtils" StructureKind="java" NumEvents="2" CreationCount="9"/><InteractionEvent Delta="null" EndDate="2014-09-29 08:59:28.928 JST" Interest="1.785" Kind="propagation" Navigation="org.eclipse.mylyn.core.model.edges.containment" OriginId="org.eclipse.mylyn.core.model.interest.propagation" StartDate="2014-09-29 08:59:26.782 JST" StructureHandle="=IFM11/src" StructureKind="java" NumEvents="5" CreationCount="1"/><InteractionEvent Delta="null" EndDate="2014-09-29 08:59:31.335 JST" Interest="1.0" Kind="selection" Navigation="null" OriginId="org.eclipse.jdt.ui.CompilationUnitEditor" StartDate="2014-09-29 08:59:31.335 JST" StructureHandle="=TA2/src&amp;lt;ta2.utils{CONS.java[CONS[Pref^pkey_Saved_Memo" StructureKind="java"/></InteractionHistory>