<?xml version="1.0" encoding="UTF-8"?><InteractionHistory Id="local-30" Version="1"><InteractionEvent Delta="null" EndDate="2014-08-28 13:38:28.791 JST" Interest="2.0" Kind="propagation" Navigation="null" OriginId="org.eclipse.ui.views.ResourceNavigator" StartDate="2014-08-28 13:38:28.789 JST" StructureHandle="/TA2/src" StructureKind="resource" NumEvents="2" CreationCount="214"/><InteractionEvent Delta="null" EndDate="2014-08-28 13:29:41.944 JST" Interest="92.0" Kind="propagation" Navigation="null" OriginId="org.eclipse.jdt.ui.PackageExplorer" StartDate="2014-08-28 13:27:22.323 JST" StructureHandle="/cm7/src/app/utils/Methods_dlg.java" StructureKind="resource" NumEvents="92" CreationCount="2"/><InteractionEvent Delta="null" EndDate="2014-08-28 13:29:21.602 JST" Interest="11.0" Kind="propagation" Navigation="org.eclipse.mylyn.core.model.edges.containment" OriginId="org.eclipse.mylyn.core.model.interest.propagation" StartDate="2014-08-28 13:28:39.829 JST" StructureHandle="/cm7/src/app/listeners" StructureKind="resource" NumEvents="11" CreationCount="63"/><InteractionEvent Delta="null" EndDate="2014-08-28 13:38:28.791 JST" Interest="2.0" Kind="propagation" Navigation="org.eclipse.mylyn.core.model.edges.containment" OriginId="org.eclipse.mylyn.core.model.interest.propagation" StartDate="2014-08-28 13:38:28.789 JST" StructureHandle="=TA2" StructureKind="resource" NumEvents="2" CreationCount="214"/><InteractionEvent Delta="null" EndDate="2014-08-28 13:39:08.391 JST" Interest="115.0" Kind="propagation" Navigation="null" OriginId="org.eclipse.jdt.ui.CompilationUnitEditor" StartDate="2014-08-28 13:29:42.114 JST" StructureHandle="/cm7/src/app/utils/Methods.java" StructureKind="resource" NumEvents="115" CreationCount="105"/><InteractionEvent Delta="null" EndDate="2014-08-28 13:38:40.988 JST" Interest="1.0" Kind="prediction" Navigation="null" OriginId="org.eclipse.mylyn.resources.ui.interest.updater" StartDate="2014-08-28 13:38:40.988 JST" StructureHandle="/cm7/res/layout/dlg_tmpl_cancel_lv.xml" StructureKind="resource"/><InteractionEvent Delta="null" EndDate="2014-08-28 13:29:44.633 JST" Interest="1.0" Kind="selection" Navigation="null" OriginId="org.eclipse.ui.views.ContentOutline" StartDate="2014-08-28 13:29:44.633 JST" StructureHandle="=cm7/src&amp;lt;app.utils{Methods.java%app.utils" StructureKind="java"/><InteractionEvent Delta="null" EndDate="2014-08-28 13:29:24.539 JST" Interest="3.0" Kind="selection" Navigation="null" OriginId="org.eclipse.jdt.ui.CompilationUnitEditor" StartDate="2014-08-28 13:29:24.397 JST" StructureHandle="=cm7/src&amp;lt;app.utils{Methods_dlg.java[Methods_dlg~dlg_Admin_Patterns~QActivity;~QDialog;~QWordPattern;" StructureKind="java" NumEvents="3" CreationCount="93"/><InteractionEvent Delta="null" EndDate="2014-08-28 13:29:25.621 JST" Interest="6.0" Kind="edit" Navigation="null" OriginId="org.eclipse.jdt.ui.CompilationUnitEditor" StartDate="2014-08-28 13:29:25.25 JST" StructureHandle="=cm7/src&amp;lt;app.utils{Methods_dlg.java[Methods_dlg~dlg_Admin_Patterns~QActivity;~QDialog;~QWordPattern;" StructureKind="java" NumEvents="6" CreationCount="93"/><InteractionEvent Delta="null" EndDate="2014-08-28 13:33:33.890 JST" Interest="1.0" Kind="prediction" Navigation="null" OriginId="org.eclipse.mylyn.resources.ui.interest.updater" StartDate="2014-08-28 13:33:33.890 JST" StructureHandle="/cm7/bin/classes.dex" StructureKind="resource"/><InteractionEvent Delta="null" EndDate="2014-08-28 13:27:32.881 JST" Interest="1.0" Kind="selection" Navigation="null" OriginId="org.eclipse.ui.views.ContentOutline" StartDate="2014-08-28 13:27:32.881 JST" StructureHandle="=cm7/src&amp;lt;app.utils{Methods_dlg.java[Methods_dlg~dlg_PlayActv_EditTitle~QActivity;~QAI;~QString;" StructureKind="java"/><InteractionEvent Delta="null" EndDate="2014-08-28 13:27:34.171 JST" Interest="5.0" Kind="edit" Navigation="null" OriginId="org.eclipse.jdt.ui.CompilationUnitEditor" StartDate="2014-08-28 13:27:32.981 JST" StructureHandle="=cm7/src&amp;lt;app.utils{Methods_dlg.java[Methods_dlg~dlg_PlayActv_EditTitle~QActivity;~QAI;~QString;" StructureKind="java" NumEvents="5" CreationCount="5"/><InteractionEvent Delta="null" EndDate="2014-08-28 13:38:40.988 JST" Interest="1.0" Kind="propagation" Navigation="org.eclipse.mylyn.core.model.edges.containment" OriginId="org.eclipse.mylyn.core.model.interest.propagation" StartDate="2014-08-28 13:38:40.988 JST" StructureHandle="/cm7/res" StructureKind="resource"/><InteractionEvent Delta="null" EndDate="2014-08-28 13:38:25.320 JST" Interest="3.0" Kind="selection" Navigation="null" OriginId="org.eclipse.jdt.ui.PackageExplorer" StartDate="2014-08-28 13:29:42.114 JST" StructureHandle="=cm7/src&amp;lt;app.utils{Methods.java" StructureKind="java" NumEvents="3" CreationCount="105"/><InteractionEvent Delta="null" EndDate="2014-08-28 13:39:08.391 JST" Interest="64.572" Kind="propagation" Navigation="org.eclipse.mylyn.core.model.edges.containment" OriginId="org.eclipse.mylyn.core.model.interest.propagation" StartDate="2014-08-28 13:29:44.634 JST" StructureHandle="=cm7/src&amp;lt;app.utils{Methods.java" StructureKind="java" NumEvents="95" CreationCount="105"/><InteractionEvent Delta="null" EndDate="2014-08-28 13:29:21.602 JST" Interest="2.0" Kind="selection" Navigation="null" OriginId="org.eclipse.ui.views.ContentOutline" StartDate="2014-08-28 13:29:05.104 JST" StructureHandle="=cm7/src&amp;lt;app.listeners.dialog{DLOI_LCL.java[DLOI_LCL~onItemLongClick~QAdapterView\&amp;lt;*&amp;gt;;~QView;~I~J" StructureKind="java" NumEvents="2" CreationCount="85"/><InteractionEvent Delta="null" EndDate="2014-08-28 13:29:12.46 JST" Interest="3.0" Kind="edit" Navigation="null" OriginId="org.eclipse.jdt.ui.CompilationUnitEditor" StartDate="2014-08-28 13:29:09.862 JST" StructureHandle="=cm7/src&amp;lt;app.listeners.dialog{DLOI_LCL.java[DLOI_LCL~onItemLongClick~QAdapterView\&amp;lt;*&amp;gt;;~QView;~I~J" StructureKind="java" NumEvents="3" CreationCount="85"/><InteractionEvent Delta="null" EndDate="2014-08-28 13:28:59.664 JST" Interest="3.0" Kind="selection" Navigation="null" OriginId="org.eclipse.jdt.ui.CompilationUnitEditor" StartDate="2014-08-28 13:28:40.517 JST" StructureHandle="=cm7/src&amp;lt;app.listeners.dialog{DLOI_LCL.java[DLOI_LCL~DLOI_LCL~QActivity;~QDialog;" StructureKind="java" NumEvents="3" CreationCount="64"/><InteractionEvent Delta="null" EndDate="2014-08-28 13:27:20.151 JST" Interest="1.0" Kind="selection" Navigation="null" OriginId="org.eclipse.jdt.ui.PackageExplorer" StartDate="2014-08-28 13:27:20.151 JST" StructureHandle="=cm7/src&amp;lt;app.utils" StructureKind="java"/><InteractionEvent Delta="null" EndDate="2014-08-28 13:39:08.392 JST" Interest="68.340004" Kind="propagation" Navigation="org.eclipse.mylyn.core.model.edges.containment" OriginId="org.eclipse.mylyn.core.model.interest.propagation" StartDate="2014-08-28 13:27:22.324 JST" StructureHandle="=cm7/src&amp;lt;app.utils" StructureKind="java" NumEvents="101" CreationCount="1"/><InteractionEvent Delta="null" EndDate="2014-08-28 13:28:59.446 JST" Interest="3.0" Kind="selection" Navigation="null" OriginId="org.eclipse.jdt.ui.CompilationUnitEditor" StartDate="2014-08-28 13:28:39.829 JST" StructureHandle="=cm7/src&amp;lt;app.listeners.dialog{DLOI_LCL.java" StructureKind="java" NumEvents="3" CreationCount="63"/><InteractionEvent Delta="null" EndDate="2014-08-28 13:29:21.603 JST" Interest="1.4739997" Kind="propagation" Navigation="org.eclipse.mylyn.core.model.edges.containment" OriginId="org.eclipse.mylyn.core.model.interest.propagation" StartDate="2014-08-28 13:28:40.518 JST" StructureHandle="=cm7/src&amp;lt;app.listeners.dialog{DLOI_LCL.java" StructureKind="java" NumEvents="3" CreationCount="63"/><InteractionEvent Delta="null" EndDate="2014-08-28 13:29:21.602 JST" Interest="11.0" Kind="propagation" Navigation="org.eclipse.mylyn.core.model.edges.containment" OriginId="org.eclipse.mylyn.core.model.interest.propagation" StartDate="2014-08-28 13:28:39.829 JST" StructureHandle="/cm7/src/app/listeners/dialog" StructureKind="resource" NumEvents="11" CreationCount="63"/><InteractionEvent Delta="null" EndDate="2014-08-28 13:33:33.890 JST" Interest="1.0" Kind="prediction" Navigation="null" OriginId="org.eclipse.mylyn.resources.ui.interest.updater" StartDate="2014-08-28 13:33:33.890 JST" StructureHandle="/cm7/bin/cm7.apk" StructureKind="resource"/><InteractionEvent Delta="null" EndDate="2014-08-28 13:29:21.602 JST" Interest="11.0" Kind="propagation" Navigation="null" OriginId="org.eclipse.ui.views.ContentOutline" StartDate="2014-08-28 13:28:39.829 JST" StructureHandle="/cm7/src/app/listeners/dialog/DLOI_LCL.java" StructureKind="resource" NumEvents="11" CreationCount="63"/><InteractionEvent Delta="null" EndDate="2014-08-28 13:31:27.766 JST" Interest="4.0" Kind="selection" Navigation="null" OriginId="org.eclipse.jdt.ui.CompilationUnitEditor" StartDate="2014-08-28 13:29:45.832 JST" StructureHandle="=cm7/src&amp;lt;app.utils{Methods.java[Methods~clearPref~QActivity;~QString;" StructureKind="java" NumEvents="4" CreationCount="107"/><InteractionEvent Delta="null" EndDate="2014-08-28 13:29:24.523 JST" Interest="7.0" Kind="selection" Navigation="null" OriginId="org.eclipse.jdt.ui.CompilationUnitEditor" StartDate="2014-08-28 13:27:39.630 JST" StructureHandle="=cm7/src&amp;lt;app.utils{Methods_dlg.java[Methods_dlg~_PlayActv_EditTitle_LVs~QActivity;~QDialog;~QAI;" StructureKind="java" NumEvents="7" CreationCount="11"/><InteractionEvent Delta="null" EndDate="2014-08-28 13:28:59.227 JST" Interest="63.0" Kind="edit" Navigation="null" OriginId="org.eclipse.jdt.ui.CompilationUnitEditor" StartDate="2014-08-28 13:27:39.634 JST" StructureHandle="=cm7/src&amp;lt;app.utils{Methods_dlg.java[Methods_dlg~_PlayActv_EditTitle_LVs~QActivity;~QDialog;~QAI;" StructureKind="java" NumEvents="63" CreationCount="11"/><InteractionEvent Delta="null" EndDate="2014-08-28 13:27:27.305 JST" Interest="1.0" Kind="selection" Navigation="null" OriginId="org.eclipse.ui.views.ContentOutline" StartDate="2014-08-28 13:27:27.305 JST" StructureHandle="=cm7/src&amp;lt;app.utils{Methods_dlg.java%app.utils" StructureKind="java"/><InteractionEvent Delta="null" EndDate="2014-08-28 13:29:21.602 JST" Interest="4.457" Kind="propagation" Navigation="org.eclipse.mylyn.core.model.edges.containment" OriginId="org.eclipse.mylyn.core.model.interest.propagation" StartDate="2014-08-28 13:28:40.517 JST" StructureHandle="=cm7/src&amp;lt;app.listeners.dialog{DLOI_LCL.java[DLOI_LCL" StructureKind="java" NumEvents="5" CreationCount="64"/><InteractionEvent Delta="null" EndDate="2014-08-28 13:33:33.890 JST" Interest="1.0" Kind="propagation" Navigation="org.eclipse.mylyn.core.model.edges.containment" OriginId="org.eclipse.mylyn.core.model.interest.propagation" StartDate="2014-08-28 13:33:33.890 JST" StructureHandle="/cm7/bin" StructureKind="resource"/><InteractionEvent Delta="null" EndDate="2014-08-28 13:38:30.664 JST" Interest="1.0" Kind="selection" Navigation="null" OriginId="org.eclipse.ui.views.ResourceNavigator" StartDate="2014-08-28 13:38:30.664 JST" StructureHandle="/TA2/.gitignore" StructureKind="resource"/><InteractionEvent Delta="null" EndDate="2014-08-28 13:39:08.391 JST" Interest="67.538" Kind="propagation" Navigation="org.eclipse.mylyn.core.model.edges.containment" OriginId="org.eclipse.mylyn.core.model.interest.propagation" StartDate="2014-08-28 13:29:45.832 JST" StructureHandle="=cm7/src&amp;lt;app.utils{Methods.java[Methods" StructureKind="java" NumEvents="96" CreationCount="107"/><InteractionEvent Delta="null" EndDate="2014-08-28 13:39:08.393 JST" Interest="218.017" Kind="propagation" Navigation="org.eclipse.mylyn.core.model.edges.containment" OriginId="org.eclipse.mylyn.core.model.interest.propagation" StartDate="2014-08-28 13:27:20.152 JST" StructureHandle="/" StructureKind="resource" NumEvents="219" CreationCount="1"/><InteractionEvent Delta="null" EndDate="2014-08-28 13:29:21.603 JST" Interest="4.474" Kind="propagation" Navigation="org.eclipse.mylyn.core.model.edges.containment" OriginId="org.eclipse.mylyn.core.model.interest.propagation" StartDate="2014-08-28 13:28:39.830 JST" StructureHandle="=cm7/src&amp;lt;app.listeners.dialog" StructureKind="java" NumEvents="7" CreationCount="63"/><InteractionEvent Delta="null" EndDate="2014-08-28 13:31:28.701 JST" Interest="1.0" Kind="selection" Navigation="null" OriginId="org.eclipse.jdt.ui.CompilationUnitEditor" StartDate="2014-08-28 13:31:28.701 JST" StructureHandle="=cm7/src&amp;lt;app.utils{Methods.java[Methods~get_TimeLabel~J" StructureKind="java"/><InteractionEvent Delta="null" EndDate="2014-08-28 13:39:08.393 JST" Interest="218.017" Kind="propagation" Navigation="org.eclipse.mylyn.core.model.edges.containment" OriginId="org.eclipse.mylyn.core.model.interest.propagation" StartDate="2014-08-28 13:27:20.152 JST" StructureHandle="=cm7" StructureKind="resource" NumEvents="219" CreationCount="1"/><InteractionEvent Delta="null" EndDate="2014-08-28 13:29:50.453 JST" Interest="3.0" Kind="selection" Navigation="null" OriginId="org.eclipse.jdt.ui.CompilationUnitEditor" StartDate="2014-08-28 13:29:50.304 JST" StructureHandle="=cm7/src&amp;lt;app.utils{Methods.java[Methods~delete_Pattern~QActivity;~QDialog;~QDialog;~QDialog;~QWordPattern;" StructureKind="java" NumEvents="3" CreationCount="108"/><InteractionEvent Delta="null" EndDate="2014-08-28 13:30:08.917 JST" Interest="8.0" Kind="edit" Navigation="null" OriginId="org.eclipse.jdt.ui.CompilationUnitEditor" StartDate="2014-08-28 13:29:50.938 JST" StructureHandle="=cm7/src&amp;lt;app.utils{Methods.java[Methods~delete_Pattern~QActivity;~QDialog;~QDialog;~QDialog;~QWordPattern;" StructureKind="java" NumEvents="8" CreationCount="108"/><InteractionEvent Delta="null" EndDate="2014-08-28 13:29:41.944 JST" Interest="6.0" Kind="selection" Navigation="null" OriginId="org.eclipse.jdt.ui.PackageExplorer" StartDate="2014-08-28 13:27:22.323 JST" StructureHandle="=cm7/src&amp;lt;app.utils{Methods_dlg.java" StructureKind="java" NumEvents="6" CreationCount="2"/><InteractionEvent Delta="null" EndDate="2014-08-28 13:29:24.523 JST" Interest="46.253" Kind="propagation" Navigation="org.eclipse.mylyn.core.model.edges.containment" OriginId="org.eclipse.mylyn.core.model.interest.propagation" StartDate="2014-08-28 13:27:33.468 JST" StructureHandle="=cm7/src&amp;lt;app.utils{Methods_dlg.java" StructureKind="java" NumEvents="67" CreationCount="2"/><InteractionEvent Delta="null" EndDate="2014-08-28 13:39:08.392 JST" Interest="69.340004" Kind="propagation" Navigation="org.eclipse.mylyn.core.model.edges.containment" OriginId="org.eclipse.mylyn.core.model.interest.propagation" StartDate="2014-08-28 13:27:20.152 JST" StructureHandle="=cm7/src" StructureKind="java" NumEvents="101" CreationCount="1"/><InteractionEvent Delta="null" EndDate="2014-08-28 13:31:23.884 JST" Interest="1.0" Kind="propagation" Navigation="org.eclipse.mylyn.core.model.edges.containment" OriginId="org.eclipse.mylyn.core.model.interest.propagation" StartDate="2014-08-28 13:31:23.884 JST" StructureHandle="=cm7/src&amp;lt;app.utils{Methods.java#" StructureKind="java"/><InteractionEvent Delta="null" EndDate="2014-08-28 13:39:08.392 JST" Interest="207.017" Kind="propagation" Navigation="null" OriginId="org.eclipse.jdt.ui.CompilationUnitEditor" StartDate="2014-08-28 13:27:20.151 JST" StructureHandle="/cm7/src/app/utils" StructureKind="resource" NumEvents="208" CreationCount="1"/><InteractionEvent Delta="null" EndDate="2014-08-28 13:38:28.791 JST" Interest="2.0" Kind="selection" Navigation="null" OriginId="org.eclipse.ui.views.ResourceNavigator" StartDate="2014-08-28 13:38:28.788 JST" StructureHandle="=TA2/src" StructureKind="java" NumEvents="2" CreationCount="214"/><InteractionEvent Delta="null" EndDate="2014-08-28 13:39:08.393 JST" Interest="218.017" Kind="propagation" Navigation="null" OriginId="org.eclipse.jdt.ui.CompilationUnitEditor" StartDate="2014-08-28 13:27:20.152 JST" StructureHandle="/cm7/src" StructureKind="resource" NumEvents="219" CreationCount="1"/><InteractionEvent Delta="null" EndDate="2014-08-28 13:38:40.988 JST" Interest="1.0" Kind="propagation" Navigation="org.eclipse.mylyn.core.model.edges.containment" OriginId="org.eclipse.mylyn.core.model.interest.propagation" StartDate="2014-08-28 13:38:40.988 JST" StructureHandle="/cm7/res/layout" StructureKind="resource"/><InteractionEvent Delta="null" EndDate="2014-08-28 13:31:23.883 JST" Interest="1.0" Kind="selection" Navigation="null" OriginId="org.eclipse.jdt.ui.CompilationUnitEditor" StartDate="2014-08-28 13:31:23.883 JST" StructureHandle="=cm7/src&amp;lt;app.utils{Methods.java#java.io.BufferedWriter" StructureKind="java"/><InteractionEvent Delta="null" EndDate="2014-08-28 13:39:08.392 JST" Interest="207.017" Kind="propagation" Navigation="org.eclipse.mylyn.core.model.edges.containment" OriginId="org.eclipse.mylyn.core.model.interest.propagation" StartDate="2014-08-28 13:27:20.152 JST" StructureHandle="/cm7/src/app" StructureKind="resource" NumEvents="208" CreationCount="1"/><InteractionEvent Delta="null" EndDate="2014-08-28 13:29:24.523 JST" Interest="51.201996" Kind="propagation" Navigation="org.eclipse.mylyn.core.model.edges.containment" OriginId="org.eclipse.mylyn.core.model.interest.propagation" StartDate="2014-08-28 13:27:32.881 JST" StructureHandle="=cm7/src&amp;lt;app.utils{Methods_dlg.java[Methods_dlg" StructureKind="java" NumEvents="71" CreationCount="5"/><InteractionEvent Delta="null" EndDate="2014-08-28 13:38:38.613 JST" Interest="5.0" Kind="selection" Navigation="null" OriginId="org.eclipse.jdt.ui.CompilationUnitEditor" StartDate="2014-08-28 13:30:17.427 JST" StructureHandle="=cm7/src&amp;lt;app.utils{Methods.java[Methods~update_PLayActv_EditTitle_ListViews~QActivity;" StructureKind="java" NumEvents="5" CreationCount="121"/><InteractionEvent Delta="null" EndDate="2014-08-28 13:39:08.390 JST" Interest="89.0" Kind="edit" Navigation="null" OriginId="org.eclipse.jdt.ui.CompilationUnitEditor" StartDate="2014-08-28 13:30:33.734 JST" StructureHandle="=cm7/src&amp;lt;app.utils{Methods.java[Methods~update_PLayActv_EditTitle_ListViews~QActivity;" StructureKind="java" NumEvents="89" CreationCount="121"/></InteractionHistory>