<?xml version="1.0" encoding="UTF-8"?><InteractionHistory Id="local-58" Version="1"><InteractionEvent Delta="null" EndDate="2014-09-09 09:21:08.973 JST" Interest="157.13599" Kind="propagation" Navigation="org.eclipse.mylyn.core.model.edges.containment" OriginId="org.eclipse.mylyn.core.model.interest.propagation" StartDate="2014-09-09 08:33:35.151 JST" StructureHandle="" StructureKind="java" NumEvents="162" CreationCount="530"/><InteractionEvent Delta="null" EndDate="2014-09-09 08:34:14.15 JST" Interest="12.0" Kind="edit" Navigation="null" OriginId="org.eclipse.jdt.ui.CompilationUnitEditor" StartDate="2014-09-09 08:33:22.151 JST" StructureHandle="=TA2/src&amp;lt;ta2.utils{Methods_dlg.java[Methods_dlg~conf_Import_Patterns~QActivity;~QDialog;~QDialog;" StructureKind="java" NumEvents="12" CreationCount="524"/><InteractionEvent Delta="null" EndDate="2014-09-09 08:33:56.598 JST" Interest="2.0" Kind="selection" Navigation="null" OriginId="org.eclipse.jdt.ui.CompilationUnitEditor" StartDate="2014-09-09 08:33:22.146 JST" StructureHandle="=TA2/src&amp;lt;ta2.utils{Methods_dlg.java[Methods_dlg~conf_Import_Patterns~QActivity;~QDialog;~QDialog;" StructureKind="java" NumEvents="2" CreationCount="524"/><InteractionEvent Delta="null" EndDate="2014-09-09 08:31:44.62 JST" Interest="14.0" Kind="edit" Navigation="null" OriginId="com.android.ide.eclipse.editors.CommonXmlEditor" StartDate="2014-09-09 08:30:49.492 JST" StructureHandle="/TA2/res/layout/dlg_tmpl_cancel_lv_with_btn.xml" StructureKind="resource" NumEvents="14" CreationCount="318"/><InteractionEvent Delta="null" EndDate="2014-09-09 08:34:45.989 JST" Interest="3.0" Kind="selection" Navigation="null" OriginId="org.eclipse.jdt.ui.PackageExplorer" StartDate="2014-09-09 08:29:03.48 JST" StructureHandle="/TA2/res/layout/dlg_tmpl_cancel_lv_with_btn.xml" StructureKind="resource" NumEvents="3" CreationCount="318"/><InteractionEvent Delta="null" EndDate="2014-09-09 08:56:09.338 JST" Interest="15.0" Kind="propagation" Navigation="null" OriginId="org.eclipse.jdt.ui.CompilationUnitEditor" StartDate="2014-09-09 08:43:45.322 JST" StructureHandle="/TA2/src/ta2/utils/CONS.java" StructureKind="resource" NumEvents="15" CreationCount="832"/><InteractionEvent Delta="null" EndDate="2014-09-09 08:33:35.174 JST" Interest="2.0" Kind="selection" Navigation="null" OriginId="org.eclipse.ui.views.ResourceNavigator" StartDate="2014-09-09 08:33:35.151 JST" StructureHandle="=SL3" StructureKind="java" NumEvents="2" CreationCount="530"/><InteractionEvent Delta="null" EndDate="2014-09-09 09:06:43.258 JST" Interest="18.354" Kind="propagation" Navigation="org.eclipse.mylyn.core.model.edges.containment" OriginId="org.eclipse.mylyn.core.model.interest.propagation" StartDate="2014-09-09 08:36:17.437 JST" StructureHandle="=IFM11/src&amp;lt;ifm11.utils{Methods_dlg.java[Methods_dlg" StructureKind="java" NumEvents="18" CreationCount="658"/><InteractionEvent Delta="null" EndDate="2014-09-09 09:23:32.874 JST" Interest="10.0" Kind="edit" Navigation="null" OriginId="org.eclipse.jdt.ui.CompilationUnitEditor" StartDate="2014-09-09 09:23:32.712 JST" StructureHandle="=TA2/src&amp;lt;ta2.utils{Methods_dlg.java[Methods_dlg~dlg_ShowMessage_4thDialog_2_Duration~QActivity;~QDialog;~QDialog;~QDialog;~QString;~I~I[~run" StructureKind="java" NumEvents="10" CreationCount="2659"/><InteractionEvent Delta="null" EndDate="2014-09-09 09:23:32.693 JST" Interest="1.0" Kind="selection" Navigation="null" OriginId="org.eclipse.jdt.ui.CompilationUnitEditor" StartDate="2014-09-09 09:23:32.693 JST" StructureHandle="=TA2/src&amp;lt;ta2.utils{Methods_dlg.java[Methods_dlg~dlg_ShowMessage_4thDialog_2_Duration~QActivity;~QDialog;~QDialog;~QDialog;~QString;~I~I[~run" StructureKind="java"/><InteractionEvent Delta="null" EndDate="2014-09-09 08:42:07.170 JST" Interest="1.4310002" Kind="manipulation" Navigation="null" OriginId="org.eclipse.mylyn.core.model.interest.decay.correction" StartDate="2014-09-09 08:42:07.170 JST" StructureHandle="=IFM11/src&amp;lt;ifm11.utils{Methods.java[Methods~confirm_quit~QActivity;~I" StructureKind="java"/><InteractionEvent Delta="null" EndDate="2014-09-09 08:42:07.170 JST" Interest="2.0" Kind="selection" Navigation="null" OriginId="org.eclipse.jdt.ui.CompilationUnitEditor" StartDate="2014-09-09 08:36:02.344 JST" StructureHandle="=IFM11/src&amp;lt;ifm11.utils{Methods.java[Methods~confirm_quit~QActivity;~I" StructureKind="java" NumEvents="2" CreationCount="647"/><InteractionEvent Delta="null" EndDate="2014-09-09 09:23:58.756 JST" Interest="2021.442" Kind="propagation" Navigation="null" OriginId="org.eclipse.jdt.ui.CompilationUnitEditor" StartDate="2014-09-09 08:09:53.712 JST" StructureHandle="/TA2/src/ta2/utils" StructureKind="resource" NumEvents="2022" CreationCount="2"/><InteractionEvent Delta="null" EndDate="2014-09-09 08:23:42.709 JST" Interest="18.0" Kind="edit" Navigation="null" OriginId="org.eclipse.jdt.ui.CompilationUnitEditor" StartDate="2014-09-09 08:13:37.158 JST" StructureHandle="=TA2/src&amp;lt;ta2.utils{Methods_dlg.java[Methods_dlg~dlg_ACTV_MAIN_Admin~QActivity;" StructureKind="java" NumEvents="18" CreationCount="93"/><InteractionEvent Delta="null" EndDate="2014-09-09 08:24:38.48 JST" Interest="10.0" Kind="selection" Navigation="null" OriginId="org.eclipse.jdt.ui.CompilationUnitEditor" StartDate="2014-09-09 08:13:27.272 JST" StructureHandle="=TA2/src&amp;lt;ta2.utils{Methods_dlg.java[Methods_dlg~dlg_ACTV_MAIN_Admin~QActivity;" StructureKind="java" NumEvents="10" CreationCount="93"/><InteractionEvent Delta="null" EndDate="2014-09-09 09:23:58.755 JST" Interest="2020.442" Kind="propagation" Navigation="org.eclipse.mylyn.core.model.edges.containment" OriginId="org.eclipse.mylyn.core.model.interest.propagation" StartDate="2014-09-09 08:09:53.712 JST" StructureHandle="/TA2/src/ta2" StructureKind="resource" NumEvents="2022" CreationCount="2"/><InteractionEvent Delta="null" EndDate="2014-09-09 09:19:19.759 JST" Interest="2.0" Kind="edit" Navigation="null" OriginId="org.eclipse.jdt.ui.CompilationUnitEditor" StartDate="2014-09-09 09:19:11.947 JST" StructureHandle="=TA2/src&amp;lt;ta2.listeners.dialog{DB_OCL.java[DB_OCL^d4" StructureKind="java" NumEvents="2" CreationCount="2018"/><InteractionEvent Delta="null" EndDate="2014-09-09 09:19:11.87 JST" Interest="1.0" Kind="selection" Navigation="null" OriginId="org.eclipse.jdt.ui.CompilationUnitEditor" StartDate="2014-09-09 09:19:11.87 JST" StructureHandle="=TA2/src&amp;lt;ta2.listeners.dialog{DB_OCL.java[DB_OCL^d4" StructureKind="java"/><InteractionEvent Delta="null" EndDate="2014-09-09 08:40:34.935 JST" Interest="2.0" Kind="selection" Navigation="null" OriginId="org.eclipse.ui.views.ContentOutline" StartDate="2014-09-09 08:40:32.634 JST" StructureHandle="=TA2/src&amp;lt;ta2.tasks{Task_FTP.java[Task_FTP~_onPostExecute__Upload_Image~QInteger;" StructureKind="java" NumEvents="2" CreationCount="758"/><InteractionEvent Delta="null" EndDate="2014-09-09 09:14:38.664 JST" Interest="9.0" Kind="edit" Navigation="null" OriginId="org.eclipse.jdt.ui.CompilationUnitEditor" StartDate="2014-09-09 09:14:38.612 JST" StructureHandle="=TA2/src&amp;lt;ta2.utils{Methods_dlg.java[Methods_dlg~dlg_ShowMessage_ThirdDialog~QActivity;~QString;~QDialog;~QDialog;" StructureKind="java" NumEvents="9" CreationCount="1458"/><InteractionEvent Delta="null" EndDate="2014-09-09 09:14:37.558 JST" Interest="3.0" Kind="selection" Navigation="null" OriginId="org.eclipse.jdt.ui.CompilationUnitEditor" StartDate="2014-09-09 09:14:37.448 JST" StructureHandle="=TA2/src&amp;lt;ta2.utils{Methods_dlg.java[Methods_dlg~dlg_ShowMessage_ThirdDialog~QActivity;~QString;~QDialog;~QDialog;" StructureKind="java" NumEvents="3" CreationCount="1458"/><InteractionEvent Delta="null" EndDate="2014-09-09 09:20:39.773 JST" Interest="0.050998688" Kind="propagation" Navigation="org.eclipse.mylyn.core.model.edges.containment" OriginId="org.eclipse.mylyn.core.model.interest.propagation" StartDate="2014-09-09 08:32:47.285 JST" StructureHandle="=TA2/src&amp;lt;ta2.utils{Tags.java" StructureKind="java" NumEvents="2" CreationCount="425"/><InteractionEvent Delta="null" EndDate="2014-09-09 09:20:38.844 JST" Interest="30.739002" Kind="manipulation" Navigation="null" OriginId="org.eclipse.mylyn.core.model.interest.decay.correction" StartDate="2014-09-09 09:20:38.844 JST" StructureHandle="=TA2/src&amp;lt;ta2.utils{Tags.java" StructureKind="java"/><InteractionEvent Delta="null" EndDate="2014-09-09 09:20:38.844 JST" Interest="2.0" Kind="selection" Navigation="null" OriginId="org.eclipse.jdt.ui.CompilationUnitEditor" StartDate="2014-09-09 08:32:46.100 JST" StructureHandle="=TA2/src&amp;lt;ta2.utils{Tags.java" StructureKind="java" NumEvents="2" CreationCount="425"/><InteractionEvent Delta="null" EndDate="2014-09-09 08:56:09.337 JST" Interest="4.6210003" Kind="propagation" Navigation="org.eclipse.mylyn.core.model.edges.containment" OriginId="org.eclipse.mylyn.core.model.interest.propagation" StartDate="2014-09-09 08:43:46.134 JST" StructureHandle="=TA2/src&amp;lt;ta2.utils{CONS.java[CONS[Remote" StructureKind="java" NumEvents="6" CreationCount="833"/><InteractionEvent Delta="null" EndDate="2014-09-09 08:43:48.803 JST" Interest="1.0" Kind="selection" Navigation="null" OriginId="org.eclipse.jdt.ui.CompilationUnitEditor" StartDate="2014-09-09 08:43:48.803 JST" StructureHandle="=TA2/src&amp;lt;ta2.utils{CONS.java[CONS[Remote" StructureKind="java"/><InteractionEvent Delta="null" EndDate="2014-09-09 08:42:07.171 JST" Interest="1.082" Kind="propagation" Navigation="org.eclipse.mylyn.core.model.edges.containment" OriginId="org.eclipse.mylyn.core.model.interest.propagation" StartDate="2014-09-09 08:42:07.171 JST" StructureHandle="=IFM11/src&amp;lt;ifm11.utils{Methods.java[Methods" StructureKind="java"/><InteractionEvent Delta="null" EndDate="2014-09-09 08:42:29.168 JST" Interest="3.0" Kind="edit" Navigation="null" OriginId="org.eclipse.jdt.ui.CompilationUnitEditor" StartDate="2014-09-09 08:36:01.541 JST" StructureHandle="=IFM11/src&amp;lt;ifm11.utils{Methods.java[Methods" StructureKind="java" NumEvents="3" CreationCount="644"/><InteractionEvent Delta="null" EndDate="2014-09-09 08:42:59.726 JST" Interest="5.0" Kind="selection" Navigation="null" OriginId="org.eclipse.jdt.ui.CompilationUnitEditor" StartDate="2014-09-09 08:35:36.476 JST" StructureHandle="=IFM11/src&amp;lt;ifm11.utils{Methods.java[Methods" StructureKind="java" NumEvents="5" CreationCount="644"/><InteractionEvent Delta="null" EndDate="2014-09-09 08:36:09.345 JST" Interest="1.0" Kind="selection" Navigation="null" OriginId="org.eclipse.ui.views.ResourceNavigator" StartDate="2014-09-09 08:36:09.345 JST" StructureHandle="/IFM11/bin" StructureKind="resource"/><InteractionEvent Delta="null" EndDate="2014-09-09 08:37:11.763 JST" Interest="2.551" Kind="propagation" Navigation="org.eclipse.mylyn.core.model.edges.containment" OriginId="org.eclipse.mylyn.core.model.interest.propagation" StartDate="2014-09-09 08:37:11.186 JST" StructureHandle="=IFM11/src&amp;lt;ifm11.main{MainActv.java" StructureKind="java" NumEvents="4" CreationCount="673"/><InteractionEvent Delta="null" EndDate="2014-09-09 08:38:07.419 JST" Interest="3.0" Kind="selection" Navigation="null" OriginId="org.eclipse.ui.views.ResourceNavigator" StartDate="2014-09-09 08:37:06.353 JST" StructureHandle="=IFM11/src&amp;lt;ifm11.main{MainActv.java" StructureKind="java" NumEvents="3" CreationCount="673"/><InteractionEvent Delta="null" EndDate="2014-09-09 09:11:07.402 JST" Interest="8.0" Kind="prediction" Navigation="null" OriginId="org.eclipse.mylyn.resources.ui.interest.updater" StartDate="2014-09-09 08:12:07.105 JST" StructureHandle="/TA2/bin/TA2.apk" StructureKind="resource" NumEvents="8" CreationCount="64"/><InteractionEvent Delta="null" EndDate="2014-09-09 09:22:26.306 JST" Interest="335.0" Kind="propagation" Navigation="null" OriginId="org.eclipse.ui.views.ContentOutline" StartDate="2014-09-09 08:38:55.735 JST" StructureHandle="/TA2/src/ta2/tasks/Task_FTP.java" StructureKind="resource" NumEvents="335" CreationCount="716"/><InteractionEvent Delta="null" EndDate="2014-09-09 08:32:22.713 JST" Interest="12.0" Kind="edit" Navigation="null" OriginId="org.eclipse.jdt.ui.CompilationUnitEditor" StartDate="2014-09-09 08:32:21.897 JST" StructureHandle="=TA2/src&amp;lt;ta2.utils{Methods_dlg.java[Methods_dlg~conf_Import_DB~QActivity;~QDialog;~QDialog;" StructureKind="java" NumEvents="12" CreationCount="348"/><InteractionEvent Delta="null" EndDate="2014-09-09 08:32:21.421 JST" Interest="3.0" Kind="selection" Navigation="null" OriginId="org.eclipse.jdt.ui.CompilationUnitEditor" StartDate="2014-09-09 08:32:21.250 JST" StructureHandle="=TA2/src&amp;lt;ta2.utils{Methods_dlg.java[Methods_dlg~conf_Import_DB~QActivity;~QDialog;~QDialog;" StructureKind="java" NumEvents="3" CreationCount="348"/><InteractionEvent Delta="null" EndDate="2014-09-09 09:21:51.322 JST" Interest="139.60199" Kind="propagation" Navigation="org.eclipse.mylyn.core.model.edges.containment" OriginId="org.eclipse.mylyn.core.model.interest.propagation" StartDate="2014-09-09 08:39:14.287 JST" StructureHandle="=TA2/src&amp;lt;ta2.tasks{Task_FTP.java[Task_FTP" StructureKind="java" NumEvents="198" CreationCount="726"/><InteractionEvent Delta="null" EndDate="2014-09-09 09:21:46.98 JST" Interest="212.0" Kind="propagation" Navigation="null" OriginId="org.eclipse.jdt.ui.CompilationUnitEditor" StartDate="2014-09-09 08:12:10.982 JST" StructureHandle="/TA2/src/ta2/listeners/dialog" StructureKind="resource" NumEvents="212" CreationCount="65"/><InteractionEvent Delta="null" EndDate="2014-09-09 08:37:11.762 JST" Interest="5.0" Kind="edit" Navigation="null" OriginId="org.eclipse.jdt.ui.CompilationUnitEditor" StartDate="2014-09-09 08:37:10.706 JST" StructureHandle="=IFM11/src&amp;lt;ifm11.main{MainActv.java[MainActv~onOptionsItemSelected~QMenuItem;" StructureKind="java" NumEvents="5" CreationCount="676"/><InteractionEvent Delta="null" EndDate="2014-09-09 08:37:10.629 JST" Interest="1.0" Kind="selection" Navigation="null" OriginId="org.eclipse.ui.views.ContentOutline" StartDate="2014-09-09 08:37:10.629 JST" StructureHandle="=IFM11/src&amp;lt;ifm11.main{MainActv.java[MainActv~onOptionsItemSelected~QMenuItem;" StructureKind="java"/><InteractionEvent Delta="null" EndDate="2014-09-09 08:37:32.836 JST" Interest="3.0" Kind="edit" Navigation="null" OriginId="org.eclipse.jdt.ui.CompilationUnitEditor" StartDate="2014-09-09 08:37:24.616 JST" StructureHandle="=IFM11/src&amp;lt;ifm11.utils{Methods_dlg.java[Methods_dlg~dlg_Db_Actv~QActivity;" StructureKind="java" NumEvents="3" CreationCount="684"/><InteractionEvent Delta="null" EndDate="2014-09-09 08:37:55.779 JST" Interest="2.0" Kind="selection" Navigation="null" OriginId="org.eclipse.jdt.ui.CompilationUnitEditor" StartDate="2014-09-09 08:37:23.697 JST" StructureHandle="=IFM11/src&amp;lt;ifm11.utils{Methods_dlg.java[Methods_dlg~dlg_Db_Actv~QActivity;" StructureKind="java" NumEvents="2" CreationCount="684"/><InteractionEvent Delta="null" EndDate="2014-09-09 09:10:25.82 JST" Interest="30.0" Kind="edit" Navigation="null" OriginId="org.eclipse.jdt.ui.CompilationUnitEditor" StartDate="2014-09-09 08:52:27.292 JST" StructureHandle="=TA2/src&amp;lt;ta2.utils{Methods_dlg.java[Methods_dlg~dlg_ShowMessage_Duration~QActivity;~QString;~I~I" StructureKind="java" NumEvents="30" CreationCount="878"/><InteractionEvent Delta="null" EndDate="2014-09-09 09:13:49.582 JST" Interest="5.0" Kind="selection" Navigation="null" OriginId="org.eclipse.jdt.ui.CompilationUnitEditor" StartDate="2014-09-09 08:52:27.285 JST" StructureHandle="=TA2/src&amp;lt;ta2.utils{Methods_dlg.java[Methods_dlg~dlg_ShowMessage_Duration~QActivity;~QString;~I~I" StructureKind="java" NumEvents="5" CreationCount="878"/><InteractionEvent Delta="null" EndDate="2014-09-09 08:33:51.123 JST" Interest="1.0" Kind="selection" Navigation="null" OriginId="org.eclipse.ui.views.ResourceNavigator" StartDate="2014-09-09 08:33:51.123 JST" StructureHandle="=IFM10" StructureKind="java"/><InteractionEvent Delta="null" EndDate="2014-09-09 09:20:39.772 JST" Interest="32.773003" Kind="propagation" Navigation="org.eclipse.mylyn.core.model.edges.containment" OriginId="org.eclipse.mylyn.core.model.interest.propagation" StartDate="2014-09-09 08:32:47.284 JST" StructureHandle="=TA2/src&amp;lt;ta2.utils{Tags.java[Tags[DialogTags" StructureKind="java" NumEvents="2" CreationCount="426"/><InteractionEvent Delta="null" EndDate="2014-09-09 09:21:08.972 JST" Interest="153.08499" Kind="propagation" Navigation="org.eclipse.mylyn.core.model.edges.containment" OriginId="org.eclipse.mylyn.core.model.interest.propagation" StartDate="2014-09-09 08:33:39.699 JST" StructureHandle="=IFM11" StructureKind="resource" NumEvents="161" CreationCount="533"/><InteractionEvent Delta="null" EndDate="2014-09-09 09:07:54.466 JST" Interest="4.0" Kind="selection" Navigation="null" OriginId="org.eclipse.ui.views.ResourceNavigator" StartDate="2014-09-09 08:33:37.370 JST" StructureHandle="=IFM11" StructureKind="java" NumEvents="4" CreationCount="533"/><InteractionEvent Delta="null" EndDate="2014-09-09 08:56:08.589 JST" Interest="16.076" Kind="propagation" Navigation="org.eclipse.mylyn.core.model.edges.containment" OriginId="org.eclipse.mylyn.core.model.interest.propagation" StartDate="2014-09-09 08:43:07.381 JST" StructureHandle="=TA2/src&amp;lt;ta2.utils{Methods.java" StructureKind="java" NumEvents="26" CreationCount="799"/><InteractionEvent Delta="null" EndDate="2014-09-09 09:21:11.101 JST" Interest="13.0" Kind="selection" Navigation="null" OriginId="org.eclipse.jdt.ui.CompilationUnitEditor" StartDate="2014-09-09 08:42:36.516 JST" StructureHandle="=TA2/src&amp;lt;ta2.utils{Methods.java" StructureKind="java" NumEvents="13" CreationCount="799"/><InteractionEvent Delta="null" EndDate="2014-09-09 08:32:59.536 JST" Interest="22.0" Kind="edit" Navigation="null" OriginId="com.android.ide.eclipse.editors.CommonXmlEditor" StartDate="2014-09-09 08:10:00.521 JST" StructureHandle="/TA2/res/values/strings.xml" StructureKind="resource" NumEvents="22" CreationCount="5"/><InteractionEvent Delta="null" EndDate="2014-09-09 08:32:54.836 JST" Interest="4.0" Kind="selection" Navigation="null" OriginId="com.android.ide.eclipse.editors.CommonXmlEditor" StartDate="2014-09-09 08:10:00.78 JST" StructureHandle="/TA2/res/values/strings.xml" StructureKind="resource" NumEvents="4" CreationCount="5"/><InteractionEvent Delta="null" EndDate="2014-09-09 09:07:49.970 JST" Interest="2.0" Kind="propagation" Navigation="null" OriginId="org.eclipse.ui.views.ResourceNavigator" StartDate="2014-09-09 08:38:49.93 JST" StructureHandle="/IFM11/src/ifm11/tasks/Task_FTP.java" StructureKind="resource" NumEvents="2" CreationCount="715"/><InteractionEvent Delta="null" EndDate="2014-09-09 09:07:49.970 JST" Interest="9.217001" Kind="manipulation" Navigation="null" OriginId="org.eclipse.mylyn.core.model.interest.decay.correction" StartDate="2014-09-09 09:07:49.970 JST" StructureHandle="/IFM11/src/ifm11/tasks/Task_FTP.java" StructureKind="resource"/><InteractionEvent Delta="null" EndDate="2014-09-09 09:23:58.755 JST" Interest="1949.0" Kind="propagation" Navigation="null" OriginId="org.eclipse.jdt.ui.CompilationUnitEditor" StartDate="2014-09-09 08:10:41.498 JST" StructureHandle="/TA2/src/ta2/utils/Methods_dlg.java" StructureKind="resource" NumEvents="1949" CreationCount="28"/><InteractionEvent Delta="null" EndDate="2014-09-09 09:23:58.755 JST" Interest="2567.459" Kind="propagation" Navigation="org.eclipse.mylyn.core.model.edges.containment" OriginId="org.eclipse.mylyn.core.model.interest.propagation" StartDate="2014-09-09 08:09:23.714 JST" StructureHandle="/" StructureKind="resource" NumEvents="2580" CreationCount="1"/><InteractionEvent Delta="null" EndDate="2014-09-09 09:21:08.895 JST" Interest="29.395" Kind="propagation" Navigation="org.eclipse.mylyn.core.model.edges.containment" OriginId="org.eclipse.mylyn.core.model.interest.propagation" StartDate="2014-09-09 08:37:38.75 JST" StructureHandle="=IFM11/src&amp;lt;ifm11.listeners.dialog" StructureKind="java" NumEvents="41" CreationCount="688"/><InteractionEvent Delta="null" EndDate="2014-09-09 08:38:10.649 JST" Interest="1.0" Kind="selection" Navigation="null" OriginId="org.eclipse.ui.views.ResourceNavigator" StartDate="2014-09-09 08:38:10.649 JST" StructureHandle="=IFM11/src&amp;lt;ifm11.listeners.dialog" StructureKind="java"/><InteractionEvent Delta="null" EndDate="2014-09-09 09:20:54.719 JST" Interest="29.678" Kind="propagation" Navigation="org.eclipse.mylyn.core.model.edges.containment" OriginId="org.eclipse.mylyn.core.model.interest.propagation" StartDate="2014-09-09 09:05:25.29 JST" StructureHandle="=TA2/src&amp;lt;ta2.listeners.dialog{DB_OTL.java" StructureKind="java" NumEvents="45" CreationCount="1228"/><InteractionEvent Delta="null" EndDate="2014-09-09 09:20:51.686 JST" Interest="6.0" Kind="selection" Navigation="null" OriginId="org.eclipse.jdt.ui.CompilationUnitEditor" StartDate="2014-09-09 09:05:22.582 JST" StructureHandle="=TA2/src&amp;lt;ta2.listeners.dialog{DB_OTL.java" StructureKind="java" NumEvents="6" CreationCount="1228"/><InteractionEvent Delta="null" EndDate="2014-09-09 09:21:08.972 JST" Interest="56.0" Kind="propagation" Navigation="null" OriginId="org.eclipse.jdt.ui.CompilationUnitEditor" StartDate="2014-09-09 08:37:38.74 JST" StructureHandle="/IFM11/src/ifm11/listeners/dialog" StructureKind="resource" NumEvents="56" CreationCount="688"/><InteractionEvent Delta="null" EndDate="2014-09-09 09:20:39.771 JST" Interest="1.0" Kind="selection" Navigation="null" OriginId="org.eclipse.jdt.ui.CompilationUnitEditor" StartDate="2014-09-09 09:20:39.771 JST" StructureHandle="=TA2/src&amp;lt;ta2.utils{Tags.java[Tags[DialogTags^GENERIC_DISMISS_4TH_DIALOG" StructureKind="java"/><InteractionEvent Delta="null" EndDate="2014-09-09 08:53:20.462 JST" Interest="1.0" Kind="propagation" Navigation="null" OriginId="org.eclipse.mylyn.resources.ui.interest.updater" StartDate="2014-09-09 08:53:20.462 JST" StructureHandle="/TA2/res/layout/dlg_tmpl_toast_ok_ScrollView.xml" StructureKind="resource"/><InteractionEvent Delta="null" EndDate="2014-09-09 09:22:13.231 JST" Interest="60.0" Kind="edit" Navigation="null" OriginId="org.eclipse.jdt.ui.CompilationUnitEditor" StartDate="2014-09-09 08:39:35.12 JST" StructureHandle="=TA2/src&amp;lt;ta2.tasks{Task_FTP.java[Task_FTP~onPreExecute" StructureKind="java" NumEvents="60" CreationCount="733"/><InteractionEvent Delta="null" EndDate="2014-09-09 09:22:26.305 JST" Interest="13.0" Kind="selection" Navigation="null" OriginId="org.eclipse.ui.views.ContentOutline" StartDate="2014-09-09 08:39:34.441 JST" StructureHandle="=TA2/src&amp;lt;ta2.tasks{Task_FTP.java[Task_FTP~onPreExecute" StructureKind="java" NumEvents="13" CreationCount="733"/><InteractionEvent Delta="null" EndDate="2014-09-09 08:36:55.160 JST" Interest="3.0" Kind="edit" Navigation="null" OriginId="org.eclipse.jdt.ui.CompilationUnitEditor" StartDate="2014-09-09 08:36:54.513 JST" StructureHandle="=IFM11/src&amp;lt;ifm11.utils{Methods_dlg.java[Methods_dlg~dlg_OptMenu_MainActv_Others~QActivity;" StructureKind="java" NumEvents="3" CreationCount="667"/><InteractionEvent Delta="null" EndDate="2014-09-09 08:37:23.66 JST" Interest="2.0" Kind="selection" Navigation="null" OriginId="org.eclipse.jdt.ui.CompilationUnitEditor" StartDate="2014-09-09 08:36:48.681 JST" StructureHandle="=IFM11/src&amp;lt;ifm11.utils{Methods_dlg.java[Methods_dlg~dlg_OptMenu_MainActv_Others~QActivity;" StructureKind="java" NumEvents="2" CreationCount="667"/><InteractionEvent Delta="null" EndDate="2014-09-09 09:22:26.306 JST" Interest="336.0" Kind="propagation" Navigation="null" OriginId="org.eclipse.ui.views.ContentOutline" StartDate="2014-09-09 08:38:51.764 JST" StructureHandle="/TA2/src/ta2/tasks" StructureKind="resource" NumEvents="336" CreationCount="716"/><InteractionEvent Delta="null" EndDate="2014-09-09 08:16:20.699 JST" Interest="2.0" Kind="propagation" Navigation="org.eclipse.mylyn.core.model.edges.containment" OriginId="org.eclipse.mylyn.core.model.interest.propagation" StartDate="2014-09-09 08:12:07.105 JST" StructureHandle="/TA2/bin" StructureKind="resource" NumEvents="2" CreationCount="64"/><InteractionEvent Delta="null" EndDate="2014-09-09 09:23:58.755 JST" Interest="354.701" Kind="propagation" Navigation="org.eclipse.mylyn.core.model.edges.containment" OriginId="org.eclipse.mylyn.core.model.interest.propagation" StartDate="2014-09-09 08:10:43.686 JST" StructureHandle="=TA2/src&amp;lt;ta2.utils{Methods_dlg.java" StructureKind="java" NumEvents="514" CreationCount="28"/><InteractionEvent Delta="null" EndDate="2014-09-09 09:22:15.473 JST" Interest="23.0" Kind="selection" Navigation="null" OriginId="org.eclipse.jdt.ui.CompilationUnitEditor" StartDate="2014-09-09 08:10:41.497 JST" StructureHandle="=TA2/src&amp;lt;ta2.utils{Methods_dlg.java" StructureKind="java" NumEvents="23" CreationCount="28"/><InteractionEvent Delta="null" EndDate="2014-09-09 08:56:08.588 JST" Interest="28.0" Kind="edit" Navigation="null" OriginId="org.eclipse.jdt.ui.CompilationUnitEditor" StartDate="2014-09-09 08:43:14.160 JST" StructureHandle="=TA2/src&amp;lt;ta2.utils{Methods.java[Methods~ftp_Remote_DB~QActivity;" StructureKind="java" NumEvents="28" CreationCount="827"/><InteractionEvent Delta="null" EndDate="2014-09-09 09:06:36.767 JST" Interest="5.0" Kind="selection" Navigation="null" OriginId="org.eclipse.jdt.ui.CompilationUnitEditor" StartDate="2014-09-09 08:43:13.601 JST" StructureHandle="=TA2/src&amp;lt;ta2.utils{Methods.java[Methods~ftp_Remote_DB~QActivity;" StructureKind="java" NumEvents="5" CreationCount="827"/><InteractionEvent Delta="null" EndDate="2014-09-09 08:44:27.651 JST" Interest="3.0" Kind="edit" Navigation="null" OriginId="org.eclipse.jdt.ui.CompilationUnitEditor" StartDate="2014-09-09 08:44:25.615 JST" StructureHandle="=TA2/src&amp;lt;ta2.utils{CONS.java[CONS[Remote^remote_Root_DBFile" StructureKind="java" NumEvents="3" CreationCount="833"/><InteractionEvent Delta="null" EndDate="2014-09-09 08:44:55.419 JST" Interest="3.0" Kind="selection" Navigation="null" OriginId="org.eclipse.jdt.ui.CompilationUnitEditor" StartDate="2014-09-09 08:43:46.133 JST" StructureHandle="=TA2/src&amp;lt;ta2.utils{CONS.java[CONS[Remote^remote_Root_DBFile" StructureKind="java" NumEvents="3" CreationCount="833"/><InteractionEvent Delta="null" EndDate="2014-09-09 08:34:51.834 JST" Interest="1.0" Kind="selection" Navigation="null" OriginId="org.eclipse.jdt.ui.CompilationUnitEditor" StartDate="2014-09-09 08:34:51.834 JST" StructureHandle="=TA2/src&amp;lt;ta2.listeners.dialog{DB_OCL.java[DB_OCL~DB_OCL~QActivity;~QDialog;~QDialog;" StructureKind="java"/><InteractionEvent Delta="null" EndDate="2014-09-09 09:21:11.102 JST" Interest="53.0" Kind="propagation" Navigation="null" OriginId="org.eclipse.jdt.ui.CompilationUnitEditor" StartDate="2014-09-09 08:42:36.517 JST" StructureHandle="/TA2/src/ta2/utils/Methods.java" StructureKind="resource" NumEvents="53" CreationCount="799"/><InteractionEvent Delta="null" EndDate="2014-09-09 08:33:42.295 JST" Interest="1.0" Kind="selection" Navigation="null" OriginId="org.eclipse.ui.views.ResourceNavigator" StartDate="2014-09-09 08:33:42.295 JST" StructureHandle="/IFM11/.classpath" StructureKind="resource"/><InteractionEvent Delta="null" EndDate="2014-09-09 09:05:17.904 JST" Interest="6.0" Kind="edit" Navigation="null" OriginId="org.eclipse.jdt.ui.CompilationUnitEditor" StartDate="2014-09-09 08:37:57.353 JST" StructureHandle="=IFM11/src&amp;lt;ifm11.utils{Methods_dlg.java[Methods_dlg~conf_Upload_DB~QActivity;~QDialog;" StructureKind="java" NumEvents="6" CreationCount="697"/><InteractionEvent Delta="null" EndDate="2014-09-09 09:05:07.989 JST" Interest="5.4910007" Kind="manipulation" Navigation="null" OriginId="org.eclipse.mylyn.core.model.interest.decay.correction" StartDate="2014-09-09 09:05:07.989 JST" StructureHandle="=IFM11/src&amp;lt;ifm11.utils{Methods_dlg.java[Methods_dlg~conf_Upload_DB~QActivity;~QDialog;" StructureKind="java"/><InteractionEvent Delta="null" EndDate="2014-09-09 09:06:43.258 JST" Interest="8.0" Kind="selection" Navigation="null" OriginId="org.eclipse.jdt.ui.CompilationUnitEditor" StartDate="2014-09-09 08:37:56.410 JST" StructureHandle="=IFM11/src&amp;lt;ifm11.utils{Methods_dlg.java[Methods_dlg~conf_Upload_DB~QActivity;~QDialog;" StructureKind="java" NumEvents="8" CreationCount="697"/><InteractionEvent Delta="null" EndDate="2014-09-09 09:05:18.984 JST" Interest="23.461" Kind="propagation" Navigation="org.eclipse.mylyn.core.model.edges.containment" OriginId="org.eclipse.mylyn.core.model.interest.propagation" StartDate="2014-09-09 08:28:57.657 JST" StructureHandle="/TA2/res/layout" StructureKind="resource" NumEvents="32" CreationCount="317"/><InteractionEvent Delta="null" EndDate="2014-09-09 09:21:07.42 JST" Interest="55.449005" Kind="propagation" Navigation="org.eclipse.mylyn.core.model.edges.containment" OriginId="org.eclipse.mylyn.core.model.interest.propagation" StartDate="2014-09-09 08:12:10.983 JST" StructureHandle="=TA2/src&amp;lt;ta2.listeners.dialog" StructureKind="java" NumEvents="84" CreationCount="65"/><InteractionEvent Delta="null" EndDate="2014-09-09 08:39:26.538 JST" Interest="1.0" Kind="selection" Navigation="null" OriginId="org.eclipse.ui.views.ContentOutline" StartDate="2014-09-09 08:39:26.538 JST" StructureHandle="=TA2/src&amp;lt;ta2.tasks{Task_FTP.java[Task_FTP~Task_FTP~QActivity;~QTI;~Z" StructureKind="java"/><InteractionEvent Delta="null" EndDate="2014-09-09 08:38:39.114 JST" Interest="6.0" Kind="selection" Navigation="null" OriginId="org.eclipse.ui.views.ResourceNavigator" StartDate="2014-09-09 08:34:44.462 JST" StructureHandle="=IFM11/src&amp;lt;ifm11.adapters" StructureKind="java" NumEvents="6" CreationCount="617"/><InteractionEvent Delta="null" EndDate="2014-09-09 09:08:17.973 JST" Interest="2.0" Kind="selection" Navigation="null" OriginId="org.eclipse.jdt.ui.CompilationUnitEditor" StartDate="2014-09-09 09:08:08.214 JST" StructureHandle="=IFM11/src&amp;lt;ifm11.listeners.dialog{DB_OCL.java[DB_OCL^tableName" StructureKind="java" NumEvents="2" CreationCount="1323"/><InteractionEvent Delta="null" EndDate="2014-09-09 09:23:42.298 JST" Interest="152.0" Kind="edit" Navigation="null" OriginId="org.eclipse.jdt.ui.CompilationUnitEditor" StartDate="2014-09-09 09:22:55.108 JST" StructureHandle="=TA2/src&amp;lt;ta2.utils{Methods_dlg.java[Methods_dlg~dlg_ShowMessage_4thDialog_2_Duration~QActivity;~QDialog;~QDialog;~QDialog;~QString;~I~I" StructureKind="java" NumEvents="152" CreationCount="2472"/><InteractionEvent Delta="null" EndDate="2014-09-09 09:23:47.808 JST" Interest="5.0" Kind="selection" Navigation="null" OriginId="org.eclipse.jdt.ui.CompilationUnitEditor" StartDate="2014-09-09 09:22:55.103 JST" StructureHandle="=TA2/src&amp;lt;ta2.utils{Methods_dlg.java[Methods_dlg~dlg_ShowMessage_4thDialog_2_Duration~QActivity;~QDialog;~QDialog;~QDialog;~QString;~I~I" StructureKind="java" NumEvents="5" CreationCount="2472"/><InteractionEvent Delta="null" EndDate="2014-09-09 09:22:42.360 JST" Interest="111.0" Kind="edit" Navigation="null" OriginId="org.eclipse.jdt.ui.CompilationUnitEditor" StartDate="2014-09-09 08:52:47.940 JST" StructureHandle="=TA2/src&amp;lt;ta2.utils{Methods_dlg.java[Methods_dlg~dlg_ShowMessage_2_Duration~QActivity;~QString;~I~I" StructureKind="java" NumEvents="111" CreationCount="920"/><InteractionEvent Delta="null" EndDate="2014-09-09 09:22:32.6 JST" Interest="10.0" Kind="selection" Navigation="null" OriginId="org.eclipse.jdt.ui.CompilationUnitEditor" StartDate="2014-09-09 08:52:47.930 JST" StructureHandle="=TA2/src&amp;lt;ta2.utils{Methods_dlg.java[Methods_dlg~dlg_ShowMessage_2_Duration~QActivity;~QString;~I~I" StructureKind="java" NumEvents="10" CreationCount="920"/><InteractionEvent Delta="null" EndDate="2014-09-09 09:20:54.719 JST" Interest="35.661" Kind="propagation" Navigation="org.eclipse.mylyn.core.model.edges.containment" OriginId="org.eclipse.mylyn.core.model.interest.propagation" StartDate="2014-09-09 09:05:25.29 JST" StructureHandle="=TA2/src&amp;lt;ta2.listeners.dialog{DB_OTL.java[DB_OTL" StructureKind="java" NumEvents="48" CreationCount="1229"/><InteractionEvent Delta="null" EndDate="2014-09-09 09:14:06.912 JST" Interest="20.0" Kind="edit" Navigation="null" OriginId="org.eclipse.jdt.ui.CompilationUnitEditor" StartDate="2014-09-09 08:38:17.434 JST" StructureHandle="=IFM11/src&amp;lt;ifm11.listeners.dialog{DB_OCL.java[DB_OCL~case_UPLOAD_DB_FILE_OK" StructureKind="java" NumEvents="20" CreationCount="707"/><InteractionEvent Delta="null" EndDate="2014-09-09 09:08:17.705 JST" Interest="6.072" Kind="manipulation" Navigation="null" OriginId="org.eclipse.mylyn.core.model.interest.decay.correction" StartDate="2014-09-09 09:08:17.705 JST" StructureHandle="=IFM11/src&amp;lt;ifm11.listeners.dialog{DB_OCL.java[DB_OCL~case_UPLOAD_DB_FILE_OK" StructureKind="java"/><InteractionEvent Delta="null" EndDate="2014-09-09 09:21:08.971 JST" Interest="10.0" Kind="selection" Navigation="null" OriginId="org.eclipse.jdt.ui.CompilationUnitEditor" StartDate="2014-09-09 08:38:16.37 JST" StructureHandle="=IFM11/src&amp;lt;ifm11.listeners.dialog{DB_OCL.java[DB_OCL~case_UPLOAD_DB_FILE_OK" StructureKind="java" NumEvents="10" CreationCount="707"/><InteractionEvent Delta="null" EndDate="2014-09-09 09:21:51.321 JST" Interest="185.0" Kind="edit" Navigation="null" OriginId="org.eclipse.jdt.ui.CompilationUnitEditor" StartDate="2014-09-09 08:51:59.596 JST" StructureHandle="=TA2/src&amp;lt;ta2.tasks{Task_FTP.java[Task_FTP~_onPostExecute__Upload_DB~QInteger;" StructureKind="java" NumEvents="185" CreationCount="732"/><InteractionEvent Delta="null" EndDate="2014-09-09 09:21:51.299 JST" Interest="10.0" Kind="selection" Navigation="null" OriginId="org.eclipse.jdt.ui.CompilationUnitEditor" StartDate="2014-09-09 08:39:29.748 JST" StructureHandle="=TA2/src&amp;lt;ta2.tasks{Task_FTP.java[Task_FTP~_onPostExecute__Upload_DB~QInteger;" StructureKind="java" NumEvents="10" CreationCount="732"/><InteractionEvent Delta="null" EndDate="2014-09-09 08:42:56.115 JST" Interest="3.0" Kind="edit" Navigation="null" OriginId="org.eclipse.jdt.ui.CompilationUnitEditor" StartDate="2014-09-09 08:42:55.431 JST" StructureHandle="=IFM11/src&amp;lt;ifm11.utils{Methods.java[Methods~ftp_Remote_DB~QActivity;" StructureKind="java" NumEvents="3" CreationCount="814"/><InteractionEvent Delta="null" EndDate="2014-09-09 08:43:01.298 JST" Interest="2.0" Kind="selection" Navigation="null" OriginId="org.eclipse.jdt.ui.CompilationUnitEditor" StartDate="2014-09-09 08:42:53.677 JST" StructureHandle="=IFM11/src&amp;lt;ifm11.utils{Methods.java[Methods~ftp_Remote_DB~QActivity;" StructureKind="java" NumEvents="2" CreationCount="814"/><InteractionEvent Delta="null" EndDate="2014-09-09 08:38:07.419 JST" Interest="10.0" Kind="propagation" Navigation="null" OriginId="org.eclipse.ui.views.ResourceNavigator" StartDate="2014-09-09 08:37:06.353 JST" StructureHandle="/IFM11/src/ifm11/main/MainActv.java" StructureKind="resource" NumEvents="10" CreationCount="673"/><InteractionEvent Delta="null" EndDate="2014-09-09 09:13:51.871 JST" Interest="194.0" Kind="edit" Navigation="null" OriginId="org.eclipse.jdt.ui.CompilationUnitEditor" StartDate="2014-09-09 08:32:28.860 JST" StructureHandle="=TA2/src&amp;lt;ta2.utils{Methods_dlg.java[Methods_dlg~conf_Upload_DB~QActivity;~QDialog;~QDialog;" StructureKind="java" NumEvents="194" CreationCount="371"/><InteractionEvent Delta="null" EndDate="2014-09-09 09:14:37.518 JST" Interest="16.0" Kind="selection" Navigation="null" OriginId="org.eclipse.jdt.ui.CompilationUnitEditor" StartDate="2014-09-09 08:32:28.853 JST" StructureHandle="=TA2/src&amp;lt;ta2.utils{Methods_dlg.java[Methods_dlg~conf_Upload_DB~QActivity;~QDialog;~QDialog;" StructureKind="java" NumEvents="16" CreationCount="371"/><InteractionEvent Delta="null" EndDate="2014-09-09 09:21:46.290 JST" Interest="140.07202" Kind="propagation" Navigation="org.eclipse.mylyn.core.model.edges.containment" OriginId="org.eclipse.mylyn.core.model.interest.propagation" StartDate="2014-09-09 08:38:57.46 JST" StructureHandle="=TA2/src&amp;lt;ta2.tasks" StructureKind="java" NumEvents="201" CreationCount="716"/><InteractionEvent Delta="null" EndDate="2014-09-09 08:38:51.764 JST" Interest="1.0" Kind="selection" Navigation="null" OriginId="org.eclipse.jdt.ui.PackageExplorer" StartDate="2014-09-09 08:38:51.764 JST" StructureHandle="=TA2/src&amp;lt;ta2.tasks" StructureKind="java"/><InteractionEvent Delta="null" EndDate="2014-09-09 09:21:08.446 JST" Interest="36.0" Kind="edit" Navigation="null" OriginId="org.eclipse.jdt.ui.CompilationUnitEditor" StartDate="2014-09-09 09:05:27.820 JST" StructureHandle="=TA2/src&amp;lt;ta2.listeners.dialog{DB_OTL.java[DB_OTL~onTouch~QView;~QMotionEvent;" StructureKind="java" NumEvents="36" CreationCount="1229"/><InteractionEvent Delta="null" EndDate="2014-09-09 09:20:57.604 JST" Interest="7.0" Kind="selection" Navigation="null" OriginId="org.eclipse.jdt.ui.CompilationUnitEditor" StartDate="2014-09-09 09:05:25.28 JST" StructureHandle="=TA2/src&amp;lt;ta2.listeners.dialog{DB_OTL.java[DB_OTL~onTouch~QView;~QMotionEvent;" StructureKind="java" NumEvents="7" CreationCount="1229"/><InteractionEvent Delta="null" EndDate="2014-09-09 08:34:29.692 JST" Interest="22.117" Kind="propagation" Navigation="org.eclipse.mylyn.core.model.edges.containment" OriginId="org.eclipse.mylyn.core.model.interest.propagation" StartDate="2014-09-09 08:12:14.450 JST" StructureHandle="=TA2/src&amp;lt;ta2.listeners.dialog{DOI_CL.java[DOI_CL" StructureKind="java" NumEvents="31" CreationCount="67"/><InteractionEvent Delta="null" EndDate="2014-09-09 09:19:10.314 JST" Interest="35.926003" Kind="propagation" Navigation="org.eclipse.mylyn.core.model.edges.containment" OriginId="org.eclipse.mylyn.core.model.interest.propagation" StartDate="2014-09-09 08:34:51.834 JST" StructureHandle="=TA2/src&amp;lt;ta2.listeners.dialog{DB_OCL.java[DB_OCL" StructureKind="java" NumEvents="41" CreationCount="620"/><InteractionEvent Delta="null" EndDate="2014-09-09 09:21:12.175 JST" Interest="3.0" Kind="selection" Navigation="null" OriginId="org.eclipse.jdt.ui.CompilationUnitEditor" StartDate="2014-09-09 08:34:53.72 JST" StructureHandle="=TA2/src&amp;lt;ta2.listeners.dialog{DB_OCL.java[DB_OCL" StructureKind="java" NumEvents="3" CreationCount="620"/><InteractionEvent Delta="null" EndDate="2014-09-09 08:36:23.629 JST" Interest="3.0" Kind="selection" Navigation="null" OriginId="org.eclipse.jdt.ui.CompilationUnitEditor" StartDate="2014-09-09 08:36:17.436 JST" StructureHandle="=IFM11/src&amp;lt;ifm11.utils{Methods_dlg.java[Methods_dlg~conf_Delete_Pattern~QActivity;~QDialog;~QDialog;~QWordPattern;" StructureKind="java" NumEvents="3" CreationCount="658"/><InteractionEvent Delta="null" EndDate="2014-09-09 08:39:05.750 JST" Interest="2.0" Kind="edit" Navigation="null" OriginId="org.eclipse.jdt.ui.CompilationUnitEditor" StartDate="2014-09-09 08:38:57.691 JST" StructureHandle="=TA2/src&amp;lt;ta2.tasks{Task_FTP.java" StructureKind="java" NumEvents="2" CreationCount="716"/><InteractionEvent Delta="null" EndDate="2014-09-09 09:05:04.132 JST" Interest="124.67201" Kind="propagation" Navigation="org.eclipse.mylyn.core.model.edges.containment" OriginId="org.eclipse.mylyn.core.model.interest.propagation" StartDate="2014-09-09 08:38:55.735 JST" StructureHandle="=TA2/src&amp;lt;ta2.tasks{Task_FTP.java" StructureKind="java" NumEvents="178" CreationCount="716"/><InteractionEvent Delta="null" EndDate="2014-09-09 09:21:46.289 JST" Interest="15.0" Kind="selection" Navigation="null" OriginId="org.eclipse.jdt.ui.CompilationUnitEditor" StartDate="2014-09-09 08:38:57.45 JST" StructureHandle="=TA2/src&amp;lt;ta2.tasks{Task_FTP.java" StructureKind="java" NumEvents="15" CreationCount="716"/><InteractionEvent Delta="null" EndDate="2014-09-09 08:33:37.35 JST" Interest="1.0" Kind="propagation" Navigation="null" OriginId="org.eclipse.ui.views.ResourceNavigator" StartDate="2014-09-09 08:33:37.35 JST" StructureHandle="/LM1" StructureKind="resource"/><InteractionEvent Delta="null" EndDate="2014-09-09 08:38:14.890 JST" Interest="1.0" Kind="selection" Navigation="null" OriginId="org.eclipse.jdt.ui.CompilationUnitEditor" StartDate="2014-09-09 08:38:14.890 JST" StructureHandle="=IFM11/src&amp;lt;ifm11.listeners.dialog{DB_OCL.java[DB_OCL~onClick~QView;" StructureKind="java"/><InteractionEvent Delta="null" EndDate="2014-09-09 09:21:08.973 JST" Interest="158.068" Kind="propagation" Navigation="null" OriginId="org.eclipse.jdt.ui.CompilationUnitEditor" StartDate="2014-09-09 08:33:39.699 JST" StructureHandle="/IFM11/src" StructureKind="resource" NumEvents="162" CreationCount="534"/><InteractionEvent Delta="null" EndDate="2014-09-09 09:07:49.970 JST" Interest="10.217" Kind="propagation" Navigation="org.eclipse.mylyn.core.model.edges.containment" OriginId="org.eclipse.mylyn.core.model.interest.propagation" StartDate="2014-09-09 08:38:49.93 JST" StructureHandle="=IFM11/src&amp;lt;ifm11.tasks" StructureKind="java" NumEvents="2" CreationCount="714"/><InteractionEvent Delta="null" EndDate="2014-09-09 08:38:46.169 JST" Interest="1.0" Kind="selection" Navigation="null" OriginId="org.eclipse.ui.views.ResourceNavigator" StartDate="2014-09-09 08:38:46.169 JST" StructureHandle="=IFM11/src&amp;lt;ifm11.tasks" StructureKind="java"/><InteractionEvent Delta="null" EndDate="2014-09-09 08:35:31.462 JST" Interest="0.5810001" Kind="manipulation" Navigation="null" OriginId="org.eclipse.mylyn.core.model.interest.decay.correction" StartDate="2014-09-09 08:35:31.462 JST" StructureHandle="=IFM11/src&amp;lt;ifm11.utils{Methods.java#ifm11.main.R" StructureKind="java"/><InteractionEvent Delta="null" EndDate="2014-09-09 08:35:31.462 JST" Interest="2.0" Kind="selection" Navigation="null" OriginId="org.eclipse.jdt.ui.CompilationUnitEditor" StartDate="2014-09-09 08:33:55.364 JST" StructureHandle="=IFM11/src&amp;lt;ifm11.utils{Methods.java#ifm11.main.R" StructureKind="java" NumEvents="2" CreationCount="547"/><InteractionEvent Delta="null" EndDate="2014-09-09 08:37:08.848 JST" Interest="1.0" Kind="selection" Navigation="null" OriginId="org.eclipse.ui.views.ContentOutline" StartDate="2014-09-09 08:37:08.848 JST" StructureHandle="=IFM11/src&amp;lt;ifm11.main{MainActv.java%ifm11.main" StructureKind="java"/><InteractionEvent Delta="null" EndDate="2014-09-09 08:33:37.35 JST" Interest="1.0" Kind="selection" Navigation="null" OriginId="org.eclipse.ui.views.ResourceNavigator" StartDate="2014-09-09 08:33:37.35 JST" StructureHandle="=LM1" StructureKind="java"/><InteractionEvent Delta="null" EndDate="2014-09-09 09:21:08.447 JST" Interest="83.0" Kind="propagation" Navigation="null" OriginId="org.eclipse.jdt.ui.CompilationUnitEditor" StartDate="2014-09-09 09:05:22.583 JST" StructureHandle="/TA2/src/ta2/listeners/dialog/DB_OTL.java" StructureKind="resource" NumEvents="83" CreationCount="1228"/><InteractionEvent Delta="null" EndDate="2014-09-09 09:08:26.575 JST" Interest="80.051" Kind="propagation" Navigation="org.eclipse.mylyn.core.model.edges.containment" OriginId="org.eclipse.mylyn.core.model.interest.propagation" StartDate="2014-09-09 08:33:39.967 JST" StructureHandle="/IFM11/src/ifm11" StructureKind="resource" NumEvents="83" CreationCount="535"/><InteractionEvent Delta="null" EndDate="2014-09-09 08:51:45.436 JST" Interest="1.0" Kind="selection" Navigation="null" OriginId="org.eclipse.jdt.ui.CompilationUnitEditor" StartDate="2014-09-09 08:51:45.436 JST" StructureHandle="=TA2/src&amp;lt;ta2.tasks{Task_FTP.java[Task_FTP~onProgressUpdate~\[QInteger;" StructureKind="java"/><InteractionEvent Delta="null" EndDate="2014-09-09 09:00:43.198 JST" Interest="4.0" Kind="prediction" Navigation="null" OriginId="org.eclipse.mylyn.resources.ui.interest.updater" StartDate="2014-09-09 08:12:07.104 JST" StructureHandle="/TA2/bin/resources.ap_" StructureKind="resource" NumEvents="4" CreationCount="64"/><InteractionEvent Delta="null" EndDate="2014-09-09 09:21:08.895 JST" Interest="32.013" Kind="propagation" Navigation="org.eclipse.mylyn.core.model.edges.containment" OriginId="org.eclipse.mylyn.core.model.interest.propagation" StartDate="2014-09-09 08:33:39.967 JST" StructureHandle="=IFM11/src" StructureKind="java" NumEvents="58" CreationCount="534"/><InteractionEvent Delta="null" EndDate="2014-09-09 08:33:39.698 JST" Interest="1.0" Kind="selection" Navigation="null" OriginId="org.eclipse.ui.views.ResourceNavigator" StartDate="2014-09-09 08:33:39.698 JST" StructureHandle="=IFM11/src" StructureKind="java"/><InteractionEvent Delta="null" EndDate="2014-09-09 09:18:12.163 JST" Interest="1.0" Kind="selection" Navigation="null" OriginId="org.eclipse.jdt.ui.CompilationUnitEditor" StartDate="2014-09-09 09:18:12.163 JST" StructureHandle="=TA2/src&amp;lt;ta2.listeners.dialog{DB_OTL.java[DB_OTL^d4" StructureKind="java"/><InteractionEvent Delta="null" EndDate="2014-09-09 08:36:34.619 JST" Interest="3.0" Kind="edit" Navigation="null" OriginId="org.eclipse.jdt.ui.CompilationUnitEditor" StartDate="2014-09-09 08:36:24.90 JST" StructureHandle="=IFM11/src&amp;lt;ifm11.utils{Methods_dlg.java[Methods_dlg~dlg_ACTV_MAIN_LV~QActivity;~QString;" StructureKind="java" NumEvents="3" CreationCount="659"/><InteractionEvent Delta="null" EndDate="2014-09-09 08:36:23.678 JST" Interest="3.0" Kind="selection" Navigation="null" OriginId="org.eclipse.jdt.ui.CompilationUnitEditor" StartDate="2014-09-09 08:36:23.491 JST" StructureHandle="=IFM11/src&amp;lt;ifm11.utils{Methods_dlg.java[Methods_dlg~dlg_ACTV_MAIN_LV~QActivity;~QString;" StructureKind="java" NumEvents="3" CreationCount="659"/><InteractionEvent Delta="null" EndDate="2014-09-09 08:32:10.384 JST" Interest="23.0" Kind="edit" Navigation="null" OriginId="org.eclipse.jdt.ui.CompilationUnitEditor" StartDate="2014-09-09 08:12:19.393 JST" StructureHandle="=TA2/src&amp;lt;ta2.listeners.dialog{DOI_CL.java[DOI_CL~case_ACTV_MAIN_ADMIN_LV_OPS~QListItem;" StructureKind="java" NumEvents="23" CreationCount="68"/><InteractionEvent Delta="null" EndDate="2014-09-09 08:34:29.692 JST" Interest="6.0" Kind="selection" Navigation="null" OriginId="org.eclipse.jdt.ui.CompilationUnitEditor" StartDate="2014-09-09 08:12:17.752 JST" StructureHandle="=TA2/src&amp;lt;ta2.listeners.dialog{DOI_CL.java[DOI_CL~case_ACTV_MAIN_ADMIN_LV_OPS~QListItem;" StructureKind="java" NumEvents="6" CreationCount="68"/><InteractionEvent Delta="null" EndDate="2014-09-09 08:37:38.858 JST" Interest="1.0" Kind="selection" Navigation="null" OriginId="org.eclipse.jdt.ui.CompilationUnitEditor" StartDate="2014-09-09 08:37:38.858 JST" StructureHandle="=IFM11/src&amp;lt;ifm11.listeners.dialog{DOI_CL.java[DOI_CL~DOI_CL~QActivity;~QDialog;" StructureKind="java"/><InteractionEvent Delta="null" EndDate="2014-09-09 09:19:23.165 JST" Interest="25.496002" Kind="propagation" Navigation="org.eclipse.mylyn.core.model.edges.containment" OriginId="org.eclipse.mylyn.core.model.interest.propagation" StartDate="2014-09-09 08:34:51.835 JST" StructureHandle="=TA2/src&amp;lt;ta2.listeners.dialog{DB_OCL.java" StructureKind="java" NumEvents="38" CreationCount="619"/><InteractionEvent Delta="null" EndDate="2014-09-09 09:07:34.949 JST" Interest="0.44700003" Kind="manipulation" Navigation="null" OriginId="org.eclipse.mylyn.core.model.interest.decay.correction" StartDate="2014-09-09 09:07:34.949 JST" StructureHandle="=TA2/src&amp;lt;ta2.listeners.dialog{DB_OCL.java" StructureKind="java"/><InteractionEvent Delta="null" EndDate="2014-09-09 09:21:46.97 JST" Interest="15.0" Kind="selection" Navigation="null" OriginId="org.eclipse.jdt.ui.CompilationUnitEditor" StartDate="2014-09-09 08:34:49.892 JST" StructureHandle="=TA2/src&amp;lt;ta2.listeners.dialog{DB_OCL.java" StructureKind="java" NumEvents="15" CreationCount="619"/><InteractionEvent Delta="null" EndDate="2014-09-09 09:14:25.950 JST" Interest="14.0" Kind="edit" Navigation="null" OriginId="org.eclipse.jdt.ui.CompilationUnitEditor" StartDate="2014-09-09 08:35:14.886 JST" StructureHandle="=TA2/src&amp;lt;ta2.listeners.dialog{DB_OCL.java[DB_OCL~case_DLG_CONF_UPLOAD_DB_OK" StructureKind="java" NumEvents="14" CreationCount="632"/><InteractionEvent Delta="null" EndDate="2014-09-09 09:07:35.292 JST" Interest="4.7940006" Kind="manipulation" Navigation="null" OriginId="org.eclipse.mylyn.core.model.interest.decay.correction" StartDate="2014-09-09 09:07:35.292 JST" StructureHandle="=TA2/src&amp;lt;ta2.listeners.dialog{DB_OCL.java[DB_OCL~case_DLG_CONF_UPLOAD_DB_OK" StructureKind="java"/><InteractionEvent Delta="null" EndDate="2014-09-09 09:18:39.75 JST" Interest="13.0" Kind="selection" Navigation="null" OriginId="org.eclipse.jdt.ui.CompilationUnitEditor" StartDate="2014-09-09 08:35:14.332 JST" StructureHandle="=TA2/src&amp;lt;ta2.listeners.dialog{DB_OCL.java[DB_OCL~case_DLG_CONF_UPLOAD_DB_OK" StructureKind="java" NumEvents="13" CreationCount="632"/><InteractionEvent Delta="null" EndDate="2014-09-09 08:24:46.351 JST" Interest="28.0" Kind="edit" Navigation="null" OriginId="org.eclipse.jdt.ui.CompilationUnitEditor" StartDate="2014-09-09 08:10:47.370 JST" StructureHandle="=TA2/src&amp;lt;ta2.utils{Methods_dlg.java[Methods_dlg~dlg_Admin_Ops~QActivity;~QDialog;" StructureKind="java" NumEvents="28" CreationCount="31"/><InteractionEvent Delta="null" EndDate="2014-09-09 08:24:38.90 JST" Interest="14.0" Kind="selection" Navigation="null" OriginId="org.eclipse.jdt.ui.CompilationUnitEditor" StartDate="2014-09-09 08:10:46.802 JST" StructureHandle="=TA2/src&amp;lt;ta2.utils{Methods_dlg.java[Methods_dlg~dlg_Admin_Ops~QActivity;~QDialog;" StructureKind="java" NumEvents="14" CreationCount="31"/><InteractionEvent Delta="null" EndDate="2014-09-09 08:34:27.142 JST" Interest="176.0" Kind="edit" Navigation="null" OriginId="org.eclipse.jdt.ui.CompilationUnitEditor" StartDate="2014-09-09 08:14:35.180 JST" StructureHandle="=TA2/src&amp;lt;ta2.utils{Methods_dlg.java[Methods_dlg~_dlg_Admin_Ops__Setup_Layout~QActivity;~QDialog;" StructureKind="java" NumEvents="176" CreationCount="109"/><InteractionEvent Delta="null" EndDate="2014-09-09 08:34:39.699 JST" Interest="9.0" Kind="selection" Navigation="null" OriginId="org.eclipse.jdt.ui.CompilationUnitEditor" StartDate="2014-09-09 08:14:33.902 JST" StructureHandle="=TA2/src&amp;lt;ta2.utils{Methods_dlg.java[Methods_dlg~_dlg_Admin_Ops__Setup_Layout~QActivity;~QDialog;" StructureKind="java" NumEvents="9" CreationCount="109"/><InteractionEvent Delta="null" EndDate="2014-09-09 08:32:59.537 JST" Interest="18.417" Kind="propagation" Navigation="org.eclipse.mylyn.core.model.edges.containment" OriginId="org.eclipse.mylyn.core.model.interest.propagation" StartDate="2014-09-09 08:10:00.79 JST" StructureHandle="/TA2/res/values" StructureKind="resource" NumEvents="26" CreationCount="4"/><InteractionEvent Delta="null" EndDate="2014-09-09 08:09:58.806 JST" Interest="1.0" Kind="selection" Navigation="null" OriginId="org.eclipse.jdt.ui.PackageExplorer" StartDate="2014-09-09 08:09:58.806 JST" StructureHandle="/TA2/res/values" StructureKind="resource"/><InteractionEvent Delta="null" EndDate="2014-09-09 09:08:34.117 JST" Interest="1.0" Kind="propagation" Navigation="org.eclipse.mylyn.core.model.edges.containment" OriginId="org.eclipse.mylyn.core.model.interest.propagation" StartDate="2014-09-09 09:08:34.117 JST" StructureHandle="=TA2/src&amp;lt;ta2.listeners.dialog{DB_OCL.java#" StructureKind="java"/><InteractionEvent Delta="null" EndDate="2014-09-09 09:18:49.386 JST" Interest="1.0" Kind="selection" Navigation="null" OriginId="org.eclipse.jdt.ui.CompilationUnitEditor" StartDate="2014-09-09 09:18:49.386 JST" StructureHandle="=TA2/src&amp;lt;ta2.listeners.dialog{DB_OCL.java[DB_OCL~DB_OCL~QActivity;~QDialog;~QDialog;~QWordPattern;" StructureKind="java"/><InteractionEvent Delta="null" EndDate="2014-09-09 08:34:29.692 JST" Interest="38.0" Kind="propagation" Navigation="null" OriginId="org.eclipse.jdt.ui.CompilationUnitEditor" StartDate="2014-09-09 08:12:10.982 JST" StructureHandle="/TA2/src/ta2/listeners/dialog/DOI_CL.java" StructureKind="resource" NumEvents="38" CreationCount="65"/><InteractionEvent Delta="null" EndDate="2014-09-09 08:55:58.220 JST" Interest="2.3830001" Kind="manipulation" Navigation="null" OriginId="org.eclipse.mylyn.core.model.interest.decay.correction" StartDate="2014-09-09 08:55:58.220 JST" StructureHandle="=TA2/src&amp;lt;ta2.utils{CONS.java[CONS[Remote^uname" StructureKind="java"/><InteractionEvent Delta="null" EndDate="2014-09-09 08:56:09.337 JST" Interest="3.0" Kind="selection" Navigation="null" OriginId="org.eclipse.jdt.ui.CompilationUnitEditor" StartDate="2014-09-09 08:44:56.131 JST" StructureHandle="=TA2/src&amp;lt;ta2.utils{CONS.java[CONS[Remote^uname" StructureKind="java" NumEvents="3" CreationCount="847"/><InteractionEvent Delta="null" EndDate="2014-09-09 09:21:08.972 JST" Interest="29.089" Kind="propagation" Navigation="org.eclipse.mylyn.core.model.edges.containment" OriginId="org.eclipse.mylyn.core.model.interest.propagation" StartDate="2014-09-09 08:38:14.891 JST" StructureHandle="=IFM11/src&amp;lt;ifm11.listeners.dialog{DB_OCL.java[DB_OCL" StructureKind="java" NumEvents="30" CreationCount="706"/><InteractionEvent Delta="null" EndDate="2014-09-09 09:08:06.348 JST" Interest="1.0" Kind="selection" Navigation="null" OriginId="org.eclipse.ui.views.ContentOutline" StartDate="2014-09-09 09:08:06.348 JST" StructureHandle="=IFM11/src&amp;lt;ifm11.listeners.dialog{DB_OCL.java[DB_OCL" StructureKind="java"/><InteractionEvent Delta="null" EndDate="2014-09-09 08:38:07.420 JST" Interest="4.585" Kind="propagation" Navigation="org.eclipse.mylyn.core.model.edges.containment" OriginId="org.eclipse.mylyn.core.model.interest.propagation" StartDate="2014-09-09 08:37:06.354 JST" StructureHandle="=IFM11/src&amp;lt;ifm11.main" StructureKind="java" NumEvents="7" CreationCount="542"/><InteractionEvent Delta="null" EndDate="2014-09-09 08:37:04.450 JST" Interest="1.1930001" Kind="manipulation" Navigation="null" OriginId="org.eclipse.mylyn.core.model.interest.decay.correction" StartDate="2014-09-09 08:37:04.450 JST" StructureHandle="=IFM11/src&amp;lt;ifm11.main" StructureKind="java"/><InteractionEvent Delta="null" EndDate="2014-09-09 08:37:04.450 JST" Interest="2.0" Kind="selection" Navigation="null" OriginId="org.eclipse.ui.views.ResourceNavigator" StartDate="2014-09-09 08:33:49.424 JST" StructureHandle="=IFM11/src&amp;lt;ifm11.main" StructureKind="java" NumEvents="2" CreationCount="542"/><InteractionEvent Delta="null" EndDate="2014-09-09 09:05:17.906 JST" Interest="4.439" Kind="propagation" Navigation="org.eclipse.mylyn.core.model.edges.containment" OriginId="org.eclipse.mylyn.core.model.interest.propagation" StartDate="2014-09-09 08:36:25.866 JST" StructureHandle="=IFM11/src&amp;lt;ifm11.utils{Methods_dlg.java" StructureKind="java" NumEvents="8" CreationCount="653"/><InteractionEvent Delta="null" EndDate="2014-09-09 09:08:26.574 JST" Interest="16.0" Kind="selection" Navigation="null" OriginId="org.eclipse.jdt.ui.CompilationUnitEditor" StartDate="2014-09-09 08:36:12.451 JST" StructureHandle="=IFM11/src&amp;lt;ifm11.utils{Methods_dlg.java" StructureKind="java" NumEvents="16" CreationCount="653"/><InteractionEvent Delta="null" EndDate="2014-09-09 09:08:26.575 JST" Interest="81.017" Kind="propagation" Navigation="null" OriginId="org.eclipse.jdt.ui.CompilationUnitEditor" StartDate="2014-09-09 08:33:42.650 JST" StructureHandle="/IFM11/src/ifm11/utils" StructureKind="resource" NumEvents="82" CreationCount="537"/><InteractionEvent Delta="null" EndDate="2014-09-09 09:21:46.98 JST" Interest="212.0" Kind="propagation" Navigation="org.eclipse.mylyn.core.model.edges.containment" OriginId="org.eclipse.mylyn.core.model.interest.propagation" StartDate="2014-09-09 08:12:10.982 JST" StructureHandle="/TA2/src/ta2/listeners" StructureKind="resource" NumEvents="212" CreationCount="65"/><InteractionEvent Delta="null" EndDate="2014-09-09 08:37:11.762 JST" Interest="4.5" Kind="propagation" Navigation="org.eclipse.mylyn.core.model.edges.containment" OriginId="org.eclipse.mylyn.core.model.interest.propagation" StartDate="2014-09-09 08:37:10.630 JST" StructureHandle="=IFM11/src&amp;lt;ifm11.main{MainActv.java[MainActv" StructureKind="java" NumEvents="6" CreationCount="676"/><InteractionEvent Delta="null" EndDate="2014-09-09 09:20:39.772 JST" Interest="32.773003" Kind="propagation" Navigation="org.eclipse.mylyn.core.model.edges.containment" OriginId="org.eclipse.mylyn.core.model.interest.propagation" StartDate="2014-09-09 08:32:47.284 JST" StructureHandle="=TA2/src&amp;lt;ta2.utils{Tags.java[Tags" StructureKind="java" NumEvents="2" CreationCount="426"/><InteractionEvent Delta="null" EndDate="2014-09-09 09:20:39.772 JST" Interest="4.0" Kind="propagation" Navigation="null" OriginId="org.eclipse.jdt.ui.CompilationUnitEditor" StartDate="2014-09-09 08:32:46.100 JST" StructureHandle="/TA2/src/ta2/utils/Tags.java" StructureKind="resource" NumEvents="4" CreationCount="425"/><InteractionEvent Delta="null" EndDate="2014-09-09 09:20:38.845 JST" Interest="29.773003" Kind="manipulation" Navigation="null" OriginId="org.eclipse.mylyn.core.model.interest.decay.correction" StartDate="2014-09-09 09:20:38.845 JST" StructureHandle="/TA2/src/ta2/utils/Tags.java" StructureKind="resource"/><InteractionEvent Delta="null" EndDate="2014-09-09 08:37:45.28 JST" Interest="1.451" Kind="propagation" Navigation="org.eclipse.mylyn.core.model.edges.containment" OriginId="org.eclipse.mylyn.core.model.interest.propagation" StartDate="2014-09-09 08:37:38.860 JST" StructureHandle="=IFM11/src&amp;lt;ifm11.listeners.dialog{DOI_CL.java" StructureKind="java" NumEvents="5" CreationCount="688"/><InteractionEvent Delta="null" EndDate="2014-09-09 08:37:38.74 JST" Interest="1.0" Kind="selection" Navigation="null" OriginId="org.eclipse.jdt.ui.CompilationUnitEditor" StartDate="2014-09-09 08:37:38.74 JST" StructureHandle="=IFM11/src&amp;lt;ifm11.listeners.dialog{DOI_CL.java" StructureKind="java"/><InteractionEvent Delta="null" EndDate="2014-09-09 09:23:58.756 JST" Interest="377.143" Kind="propagation" Navigation="org.eclipse.mylyn.core.model.edges.containment" OriginId="org.eclipse.mylyn.core.model.interest.propagation" StartDate="2014-09-09 08:10:41.498 JST" StructureHandle="=TA2/src&amp;lt;ta2.utils" StructureKind="java" NumEvents="548" CreationCount="2"/><InteractionEvent Delta="null" EndDate="2014-09-09 08:09:53.711 JST" Interest="1.0" Kind="selection" Navigation="null" OriginId="org.eclipse.jdt.ui.PackageExplorer" StartDate="2014-09-09 08:09:53.711 JST" StructureHandle="=TA2/src&amp;lt;ta2.utils" StructureKind="java"/><InteractionEvent Delta="null" EndDate="2014-09-09 09:21:08.973 JST" Interest="56.0" Kind="propagation" Navigation="org.eclipse.mylyn.core.model.edges.containment" OriginId="org.eclipse.mylyn.core.model.interest.propagation" StartDate="2014-09-09 08:37:38.74 JST" StructureHandle="/IFM11/src/ifm11/listeners" StructureKind="resource" NumEvents="56" CreationCount="688"/><InteractionEvent Delta="null" EndDate="2014-09-09 09:23:35.752 JST" Interest="87.0" Kind="edit" Navigation="null" OriginId="org.eclipse.jdt.ui.CompilationUnitEditor" StartDate="2014-09-09 08:32:25.665 JST" StructureHandle="=TA2/src&amp;lt;ta2.utils{Methods_dlg.java[Methods_dlg" StructureKind="java" NumEvents="87" CreationCount="30"/><InteractionEvent Delta="null" EndDate="2014-09-09 09:23:58.755 JST" Interest="310.767" Kind="propagation" Navigation="org.eclipse.mylyn.core.model.edges.containment" OriginId="org.eclipse.mylyn.core.model.interest.propagation" StartDate="2014-09-09 08:10:44.726 JST" StructureHandle="=TA2/src&amp;lt;ta2.utils{Methods_dlg.java[Methods_dlg" StructureKind="java" NumEvents="439" CreationCount="30"/><InteractionEvent Delta="null" EndDate="2014-09-09 09:23:35.679 JST" Interest="6.0" Kind="selection" Navigation="null" OriginId="org.eclipse.jdt.ui.CompilationUnitEditor" StartDate="2014-09-09 08:32:25.662 JST" StructureHandle="=TA2/src&amp;lt;ta2.utils{Methods_dlg.java[Methods_dlg" StructureKind="java" NumEvents="6" CreationCount="30"/><InteractionEvent Delta="null" EndDate="2014-09-09 09:07:49.970 JST" Interest="11.234" Kind="propagation" Navigation="org.eclipse.mylyn.core.model.edges.containment" OriginId="org.eclipse.mylyn.core.model.interest.propagation" StartDate="2014-09-09 08:38:46.169 JST" StructureHandle="/IFM11/src/ifm11/tasks" StructureKind="resource" NumEvents="3" CreationCount="714"/><InteractionEvent Delta="null" EndDate="2014-09-09 09:08:26.575 JST" Interest="21.411" Kind="propagation" Navigation="org.eclipse.mylyn.core.model.edges.containment" OriginId="org.eclipse.mylyn.core.model.interest.propagation" StartDate="2014-09-09 08:33:45.545 JST" StructureHandle="=IFM11/src&amp;lt;ifm11.utils" StructureKind="java" NumEvents="42" CreationCount="537"/><InteractionEvent Delta="null" EndDate="2014-09-09 08:33:42.650 JST" Interest="1.0" Kind="selection" Navigation="null" OriginId="org.eclipse.ui.views.ResourceNavigator" StartDate="2014-09-09 08:33:42.650 JST" StructureHandle="=IFM11/src&amp;lt;ifm11.utils" StructureKind="java"/><InteractionEvent Delta="null" EndDate="2014-09-09 08:39:11.600 JST" Interest="1.0" Kind="selection" Navigation="null" OriginId="org.eclipse.jdt.ui.CompilationUnitEditor" StartDate="2014-09-09 08:39:11.600 JST" StructureHandle="=TA2/src&amp;lt;ta2.tasks{Task_FTP.java#java.io.IOException" StructureKind="java"/><InteractionEvent Delta="null" EndDate="2014-09-09 08:33:54.722 JST" Interest="2.0" Kind="edit" Navigation="null" OriginId="org.eclipse.jdt.ui.CompilationUnitEditor" StartDate="2014-09-09 08:33:54.701 JST" StructureHandle="=IFM11/src&amp;lt;ifm11.utils{Methods.java" StructureKind="java" NumEvents="2" CreationCount="538"/><InteractionEvent Delta="null" EndDate="2014-09-09 08:44:34.186 JST" Interest="11.0" Kind="selection" Navigation="null" OriginId="org.eclipse.jdt.ui.CompilationUnitEditor" StartDate="2014-09-09 08:33:45.544 JST" StructureHandle="=IFM11/src&amp;lt;ifm11.utils{Methods.java" StructureKind="java" NumEvents="11" CreationCount="538"/><InteractionEvent Delta="null" EndDate="2014-09-09 08:35:31.463 JST" Interest="2.581" Kind="propagation" Navigation="org.eclipse.mylyn.core.model.edges.containment" OriginId="org.eclipse.mylyn.core.model.interest.propagation" StartDate="2014-09-09 08:33:55.364 JST" StructureHandle="=IFM11/src&amp;lt;ifm11.utils{Methods.java#" StructureKind="java" NumEvents="2" CreationCount="547"/><InteractionEvent Delta="null" EndDate="2014-09-09 09:07:49.969 JST" Interest="9.200001" Kind="manipulation" Navigation="null" OriginId="org.eclipse.mylyn.core.model.interest.decay.correction" StartDate="2014-09-09 09:07:49.969 JST" StructureHandle="=IFM11/src&amp;lt;ifm11.tasks{Task_FTP.java" StructureKind="java"/><InteractionEvent Delta="null" EndDate="2014-09-09 09:07:49.969 JST" Interest="2.0" Kind="selection" Navigation="null" OriginId="org.eclipse.ui.views.ResourceNavigator" StartDate="2014-09-09 08:38:49.92 JST" StructureHandle="=IFM11/src&amp;lt;ifm11.tasks{Task_FTP.java" StructureKind="java" NumEvents="2" CreationCount="715"/><InteractionEvent Delta="null" EndDate="2014-09-09 09:19:10.313 JST" Interest="15.0" Kind="edit" Navigation="null" OriginId="org.eclipse.jdt.ui.CompilationUnitEditor" StartDate="2014-09-09 09:18:33.41 JST" StructureHandle="=TA2/src&amp;lt;ta2.listeners.dialog{DB_OCL.java[DB_OCL~DB_OCL~QActivity;~QDialog;~QDialog;~QDialog;~QDialog;" StructureKind="java" NumEvents="15" CreationCount="1998"/><InteractionEvent Delta="null" EndDate="2014-09-09 09:18:53.268 JST" Interest="3.0" Kind="selection" Navigation="null" OriginId="org.eclipse.jdt.ui.CompilationUnitEditor" StartDate="2014-09-09 09:18:28.800 JST" StructureHandle="=TA2/src&amp;lt;ta2.listeners.dialog{DB_OCL.java[DB_OCL~DB_OCL~QActivity;~QDialog;~QDialog;~QDialog;~QDialog;" StructureKind="java" NumEvents="3" CreationCount="1998"/><InteractionEvent Delta="null" EndDate="2014-09-09 08:36:16.465 JST" Interest="1.0" Kind="selection" Navigation="null" OriginId="org.eclipse.ui.views.ContentOutline" StartDate="2014-09-09 08:36:16.465 JST" StructureHandle="=IFM11/src&amp;lt;ifm11.utils{Methods_dlg.java%ifm11.utils" StructureKind="java"/><InteractionEvent Delta="null" EndDate="2014-09-09 08:33:51.124 JST" Interest="1.0" Kind="propagation" Navigation="null" OriginId="org.eclipse.ui.views.ResourceNavigator" StartDate="2014-09-09 08:33:51.124 JST" StructureHandle="/IFM10" StructureKind="resource"/><InteractionEvent Delta="null" EndDate="2014-09-09 09:21:08.973 JST" Interest="168.0" Kind="propagation" Navigation="null" OriginId="org.eclipse.jdt.ui.CompilationUnitEditor" StartDate="2014-09-09 08:33:37.370 JST" StructureHandle="/IFM11" StructureKind="resource" NumEvents="168" CreationCount="533"/><InteractionEvent Delta="null" EndDate="2014-09-09 08:39:07.106 JST" Interest="1.0" Kind="selection" Navigation="null" OriginId="org.eclipse.jdt.ui.CompilationUnitEditor" StartDate="2014-09-09 08:39:07.106 JST" StructureHandle="=TA2/src&amp;lt;ta2.tasks{Task_FTP.java#ifm11.items.TI" StructureKind="java"/><InteractionEvent Delta="null" EndDate="2014-09-09 08:37:45.24 JST" Interest="2.434" Kind="propagation" Navigation="org.eclipse.mylyn.core.model.edges.containment" OriginId="org.eclipse.mylyn.core.model.interest.propagation" StartDate="2014-09-09 08:37:38.859 JST" StructureHandle="=IFM11/src&amp;lt;ifm11.listeners.dialog{DOI_CL.java[DOI_CL" StructureKind="java" NumEvents="5" CreationCount="689"/><InteractionEvent Delta="null" EndDate="2014-09-09 08:32:47.284 JST" Interest="1.0" Kind="selection" Navigation="null" OriginId="org.eclipse.jdt.ui.CompilationUnitEditor" StartDate="2014-09-09 08:32:47.284 JST" StructureHandle="=TA2/src&amp;lt;ta2.utils{Tags.java[Tags[DialogTags^DLG_CONF_UPLOAD_DB_OK" StructureKind="java"/><InteractionEvent Delta="null" EndDate="2014-09-09 09:08:26.575 JST" Interest="50.0" Kind="propagation" Navigation="null" OriginId="org.eclipse.jdt.ui.CompilationUnitEditor" StartDate="2014-09-09 08:36:12.451 JST" StructureHandle="/IFM11/src/ifm11/utils/Methods_dlg.java" StructureKind="resource" NumEvents="50" CreationCount="653"/><InteractionEvent Delta="null" EndDate="2014-09-09 08:37:45.24 JST" Interest="2.0" Kind="edit" Navigation="null" OriginId="org.eclipse.jdt.ui.CompilationUnitEditor" StartDate="2014-09-09 08:37:44.391 JST" StructureHandle="=IFM11/src&amp;lt;ifm11.listeners.dialog{DOI_CL.java[DOI_CL~case_DLG_DB_ADMIN_LV~QString;" StructureKind="java" NumEvents="2" CreationCount="691"/><InteractionEvent Delta="null" EndDate="2014-09-09 08:37:42.839 JST" Interest="1.0" Kind="selection" Navigation="null" OriginId="org.eclipse.jdt.ui.CompilationUnitEditor" StartDate="2014-09-09 08:37:42.839 JST" StructureHandle="=IFM11/src&amp;lt;ifm11.listeners.dialog{DOI_CL.java[DOI_CL~case_DLG_DB_ADMIN_LV~QString;" StructureKind="java"/><InteractionEvent Delta="null" EndDate="2014-09-09 08:28:57.656 JST" Interest="1.0" Kind="selection" Navigation="null" OriginId="org.eclipse.jdt.ui.PackageExplorer" StartDate="2014-09-09 08:28:57.656 JST" StructureHandle="/TA2/res/layout/dlg_tmpl_toast_ok.xml" StructureKind="resource"/><InteractionEvent Delta="null" EndDate="2014-09-09 09:23:58.756 JST" Interest="2568.459" Kind="propagation" Navigation="null" OriginId="org.eclipse.jdt.ui.CompilationUnitEditor" StartDate="2014-09-09 08:09:23.714 JST" StructureHandle="/TA2/src" StructureKind="resource" NumEvents="2571" CreationCount="1"/><InteractionEvent Delta="null" EndDate="2014-09-09 09:21:46.98 JST" Interest="91.0" Kind="propagation" Navigation="null" OriginId="org.eclipse.jdt.ui.CompilationUnitEditor" StartDate="2014-09-09 08:34:49.893 JST" StructureHandle="/TA2/src/ta2/listeners/dialog/DB_OCL.java" StructureKind="resource" NumEvents="91" CreationCount="619"/><InteractionEvent Delta="null" EndDate="2014-09-09 09:23:58.755 JST" Interest="2567.459" Kind="propagation" Navigation="org.eclipse.mylyn.core.model.edges.containment" OriginId="org.eclipse.mylyn.core.model.interest.propagation" StartDate="2014-09-09 08:09:23.714 JST" StructureHandle="=TA2" StructureKind="resource" NumEvents="2580" CreationCount="1"/><InteractionEvent Delta="null" EndDate="2014-09-09 08:37:41.179 JST" Interest="1.0" Kind="selection" Navigation="null" OriginId="org.eclipse.jdt.ui.CompilationUnitEditor" StartDate="2014-09-09 08:37:41.179 JST" StructureHandle="=IFM11/src&amp;lt;ifm11.listeners.dialog{DOI_CL.java[DOI_CL~onItemClick~QAdapterView\&amp;lt;*&amp;gt;;~QView;~I~J" StructureKind="java"/><InteractionEvent Delta="null" EndDate="2014-09-09 09:19:34.748 JST" Interest="249.0" Kind="edit" Navigation="null" OriginId="org.eclipse.jdt.ui.CompilationUnitEditor" StartDate="2014-09-09 09:15:44.543 JST" StructureHandle="=TA2/src&amp;lt;ta2.utils{Methods_dlg.java[Methods_dlg~dlg_Template_Cancel_4thDialog~QActivity;~QDialog;~QDialog;~QDialog;~I~I~I~QTags.DialogTags;" StructureKind="java" NumEvents="249" CreationCount="1701"/><InteractionEvent Delta="null" EndDate="2014-09-09 09:19:26.83 JST" Interest="3.0" Kind="selection" Navigation="null" OriginId="org.eclipse.jdt.ui.CompilationUnitEditor" StartDate="2014-09-09 09:15:44.538 JST" StructureHandle="=TA2/src&amp;lt;ta2.utils{Methods_dlg.java[Methods_dlg~dlg_Template_Cancel_4thDialog~QActivity;~QDialog;~QDialog;~QDialog;~I~I~I~QTags.DialogTags;" StructureKind="java" NumEvents="3" CreationCount="1701"/><InteractionEvent Delta="null" EndDate="2014-09-09 08:38:39.115 JST" Interest="6.0" Kind="propagation" Navigation="null" OriginId="org.eclipse.ui.views.ResourceNavigator" StartDate="2014-09-09 08:34:44.463 JST" StructureHandle="/IFM11/src/ifm11/adapters" StructureKind="resource" NumEvents="6" CreationCount="617"/><InteractionEvent Delta="null" EndDate="2014-09-09 08:56:09.338 JST" Interest="5.6210003" Kind="propagation" Navigation="org.eclipse.mylyn.core.model.edges.containment" OriginId="org.eclipse.mylyn.core.model.interest.propagation" StartDate="2014-09-09 08:43:46.134 JST" StructureHandle="=TA2/src&amp;lt;ta2.utils{CONS.java[CONS" StructureKind="java" NumEvents="8" CreationCount="833"/><InteractionEvent Delta="null" EndDate="2014-09-09 08:43:11.65 JST" Interest="1.0" Kind="selection" Navigation="null" OriginId="org.eclipse.jdt.ui.CompilationUnitEditor" StartDate="2014-09-09 08:43:11.65 JST" StructureHandle="=TA2/src&amp;lt;ta2.utils{Methods.java#" StructureKind="java"/><InteractionEvent Delta="null" EndDate="2014-09-09 08:38:08.719 JST" Interest="1.0" Kind="selection" Navigation="null" OriginId="org.eclipse.ui.views.ResourceNavigator" StartDate="2014-09-09 08:38:08.719 JST" StructureHandle="=IFM11/src&amp;lt;ifm11.listeners" StructureKind="java"/><InteractionEvent Delta="null" EndDate="2014-09-09 08:33:35.174 JST" Interest="2.0" Kind="propagation" Navigation="null" OriginId="org.eclipse.ui.views.ResourceNavigator" StartDate="2014-09-09 08:33:35.151 JST" StructureHandle="/SL3" StructureKind="resource" NumEvents="2" CreationCount="530"/><InteractionEvent Delta="null" EndDate="2014-09-09 09:21:36.211 JST" Interest="20.0" Kind="edit" Navigation="null" OriginId="org.eclipse.jdt.ui.CompilationUnitEditor" StartDate="2014-09-09 08:34:56.164 JST" StructureHandle="=TA2/src&amp;lt;ta2.listeners.dialog{DB_OCL.java[DB_OCL~onClick~QView;" StructureKind="java" NumEvents="20" CreationCount="622"/><InteractionEvent Delta="null" EndDate="2014-09-09 09:21:14.965 JST" Interest="21.957003" Kind="manipulation" Navigation="null" OriginId="org.eclipse.mylyn.core.model.interest.decay.correction" StartDate="2014-09-09 09:21:14.965 JST" StructureHandle="=TA2/src&amp;lt;ta2.listeners.dialog{DB_OCL.java[DB_OCL~onClick~QView;" StructureKind="java"/><InteractionEvent Delta="null" EndDate="2014-09-09 09:21:14.965 JST" Interest="2.0" Kind="selection" Navigation="null" OriginId="org.eclipse.jdt.ui.CompilationUnitEditor" StartDate="2014-09-09 08:34:54.325 JST" StructureHandle="=TA2/src&amp;lt;ta2.listeners.dialog{DB_OCL.java[DB_OCL~onClick~QView;" StructureKind="java" NumEvents="2" CreationCount="622"/><InteractionEvent Delta="null" EndDate="2014-09-09 08:41:27.750 JST" Interest="8.0" Kind="edit" Navigation="null" OriginId="org.eclipse.jdt.ui.CompilationUnitEditor" StartDate="2014-09-09 08:40:17.707 JST" StructureHandle="=TA2/src&amp;lt;ta2.tasks{Task_FTP.java[Task_FTP~onPostExecute~QInteger;" StructureKind="java" NumEvents="8" CreationCount="751"/><InteractionEvent Delta="null" EndDate="2014-09-09 08:41:16.54 JST" Interest="3.0" Kind="selection" Navigation="null" OriginId="org.eclipse.jdt.ui.CompilationUnitEditor" StartDate="2014-09-09 08:40:17.31 JST" StructureHandle="=TA2/src&amp;lt;ta2.tasks{Task_FTP.java[Task_FTP~onPostExecute~QInteger;" StructureKind="java" NumEvents="3" CreationCount="751"/><InteractionEvent Delta="null" EndDate="2014-09-09 08:28:53.635 JST" Interest="30.0" Kind="edit" Navigation="null" OriginId="org.eclipse.jdt.ui.CompilationUnitEditor" StartDate="2014-09-09 08:10:58.306 JST" StructureHandle="=TA2/src&amp;lt;ta2.utils{Methods_dlg.java[Methods_dlg~_dlg_Admin_Ops__Setup_List~QActivity;~QDialog;" StructureKind="java" NumEvents="30" CreationCount="38"/><InteractionEvent Delta="null" EndDate="2014-09-09 08:32:21.395 JST" Interest="11.0" Kind="selection" Navigation="null" OriginId="org.eclipse.jdt.ui.CompilationUnitEditor" StartDate="2014-09-09 08:10:57.431 JST" StructureHandle="=TA2/src&amp;lt;ta2.utils{Methods_dlg.java[Methods_dlg~_dlg_Admin_Ops__Setup_List~QActivity;~QDialog;" StructureKind="java" NumEvents="11" CreationCount="38"/><InteractionEvent Delta="null" EndDate="2014-09-09 09:11:07.402 JST" Interest="7.0" Kind="prediction" Navigation="null" OriginId="org.eclipse.mylyn.resources.ui.interest.updater" StartDate="2014-09-09 08:12:07.104 JST" StructureHandle="/TA2/bin/classes.dex" StructureKind="resource" NumEvents="7" CreationCount="64"/><InteractionEvent Delta="null" EndDate="2014-09-09 08:38:07.419 JST" Interest="11.017" Kind="propagation" Navigation="org.eclipse.mylyn.core.model.edges.containment" OriginId="org.eclipse.mylyn.core.model.interest.propagation" StartDate="2014-09-09 08:33:49.424 JST" StructureHandle="/IFM11/src/ifm11/main" StructureKind="resource" NumEvents="12" CreationCount="542"/><InteractionEvent Delta="null" EndDate="2014-09-09 08:37:04.450 JST" Interest="1.21" Kind="manipulation" Navigation="null" OriginId="org.eclipse.mylyn.core.model.interest.decay.correction" StartDate="2014-09-09 08:37:04.450 JST" StructureHandle="/IFM11/src/ifm11/main" StructureKind="resource"/><InteractionEvent Delta="null" EndDate="2014-09-09 09:05:18.985 JST" Interest="27.799" Kind="propagation" Navigation="org.eclipse.mylyn.core.model.edges.containment" OriginId="org.eclipse.mylyn.core.model.interest.propagation" StartDate="2014-09-09 08:09:58.806 JST" StructureHandle="/TA2/res" StructureKind="resource" NumEvents="41" CreationCount="3"/><InteractionEvent Delta="null" EndDate="2014-09-09 08:09:56.959 JST" Interest="1.0" Kind="selection" Navigation="null" OriginId="org.eclipse.jdt.ui.PackageExplorer" StartDate="2014-09-09 08:09:56.959 JST" StructureHandle="/TA2/res" StructureKind="resource"/><InteractionEvent Delta="null" EndDate="2014-09-09 08:10:43.686 JST" Interest="1.0" Kind="selection" Navigation="null" OriginId="org.eclipse.ui.views.ContentOutline" StartDate="2014-09-09 08:10:43.686 JST" StructureHandle="=TA2/src&amp;lt;ta2.utils{Methods_dlg.java%ta2.utils" StructureKind="java"/><InteractionEvent Delta="null" EndDate="2014-09-09 09:08:05.826 JST" Interest="2.0" Kind="selection" Navigation="null" OriginId="org.eclipse.ui.views.ContentOutline" StartDate="2014-09-09 09:08:03.343 JST" StructureHandle="=IFM11/src&amp;lt;ifm11.listeners.dialog{DB_OCL.java[DB_OCL^d2" StructureKind="java" NumEvents="2" CreationCount="1320"/><InteractionEvent Delta="null" EndDate="2014-09-09 08:12:18.86 JST" Interest="3.0" Kind="selection" Navigation="null" OriginId="org.eclipse.jdt.ui.CompilationUnitEditor" StartDate="2014-09-09 08:12:14.449 JST" StructureHandle="=TA2/src&amp;lt;ta2.listeners.dialog{DOI_CL.java[DOI_CL~onItemClick~QAdapterView\&amp;lt;*&amp;gt;;~QView;~I~J" StructureKind="java" NumEvents="3" CreationCount="67"/><InteractionEvent Delta="null" EndDate="2014-09-09 08:44:27.652 JST" Interest="3.1169999" Kind="propagation" Navigation="org.eclipse.mylyn.core.model.edges.containment" OriginId="org.eclipse.mylyn.core.model.interest.propagation" StartDate="2014-09-09 08:43:46.135 JST" StructureHandle="=TA2/src&amp;lt;ta2.utils{CONS.java" StructureKind="java" NumEvents="5" CreationCount="832"/><InteractionEvent Delta="null" EndDate="2014-09-09 08:56:09.17 JST" Interest="5.0" Kind="selection" Navigation="null" OriginId="org.eclipse.jdt.ui.CompilationUnitEditor" StartDate="2014-09-09 08:43:45.321 JST" StructureHandle="=TA2/src&amp;lt;ta2.utils{CONS.java" StructureKind="java" NumEvents="5" CreationCount="832"/><InteractionEvent Delta="null" EndDate="2014-09-09 08:37:50.917 JST" Interest="1.0" Kind="selection" Navigation="null" OriginId="org.eclipse.jdt.ui.CompilationUnitEditor" StartDate="2014-09-09 08:37:50.917 JST" StructureHandle="=IFM11/src&amp;lt;ifm11.listeners.dialog{DOI_CL.java[DOI_CL~_case_Dlg_Db_Admin_lv__UploadDB" StructureKind="java"/><InteractionEvent Delta="null" EndDate="2014-09-09 08:37:50.918 JST" Interest="7.0" Kind="propagation" Navigation="null" OriginId="org.eclipse.jdt.ui.CompilationUnitEditor" StartDate="2014-09-09 08:37:38.74 JST" StructureHandle="/IFM11/src/ifm11/listeners/dialog/DOI_CL.java" StructureKind="resource" NumEvents="7" CreationCount="688"/><InteractionEvent Delta="null" EndDate="2014-09-09 08:39:07.106 JST" Interest="1.0" Kind="propagation" Navigation="org.eclipse.mylyn.core.model.edges.containment" OriginId="org.eclipse.mylyn.core.model.interest.propagation" StartDate="2014-09-09 08:39:07.106 JST" StructureHandle="=TA2/src&amp;lt;ta2.tasks{Task_FTP.java#" StructureKind="java"/><InteractionEvent Delta="null" EndDate="2014-09-09 08:39:09.719 JST" Interest="1.0" Kind="selection" Navigation="null" OriginId="org.eclipse.jdt.ui.CompilationUnitEditor" StartDate="2014-09-09 08:39:09.719 JST" StructureHandle="=TA2/src&amp;lt;ta2.tasks{Task_FTP.java#" StructureKind="java"/><InteractionEvent Delta="null" EndDate="2014-09-09 08:42:34.139 JST" Interest="16.0" Kind="edit" Navigation="null" OriginId="org.eclipse.jdt.ui.CompilationUnitEditor" StartDate="2014-09-09 08:40:40.214 JST" StructureHandle="=TA2/src&amp;lt;ta2.tasks{Task_FTP.java[Task_FTP~doInBackground~\[QString;" StructureKind="java" NumEvents="16" CreationCount="761"/><InteractionEvent Delta="null" EndDate="2014-09-09 08:51:39.272 JST" Interest="9.0" Kind="selection" Navigation="null" OriginId="org.eclipse.jdt.ui.CompilationUnitEditor" StartDate="2014-09-09 08:40:39.566 JST" StructureHandle="=TA2/src&amp;lt;ta2.tasks{Task_FTP.java[Task_FTP~doInBackground~\[QString;" StructureKind="java" NumEvents="9" CreationCount="761"/><InteractionEvent Delta="null" EndDate="2014-09-09 08:35:34.231 JST" Interest="1.0" Kind="selection" Navigation="null" OriginId="org.eclipse.ui.views.ContentOutline" StartDate="2014-09-09 08:35:34.231 JST" StructureHandle="=IFM11/src&amp;lt;ifm11.utils{Methods.java%ifm11.utils" StructureKind="java"/><InteractionEvent Delta="null" EndDate="2014-09-09 08:33:39.966 JST" Interest="1.0" Kind="selection" Navigation="null" OriginId="org.eclipse.ui.views.ResourceNavigator" StartDate="2014-09-09 08:33:39.966 JST" StructureHandle="=IFM11/src&amp;lt;ifm11" StructureKind="java"/><InteractionEvent Delta="null" EndDate="2014-09-09 08:10:46.868 JST" Interest="3.0" Kind="selection" Navigation="null" OriginId="org.eclipse.jdt.ui.CompilationUnitEditor" StartDate="2014-09-09 08:10:44.725 JST" StructureHandle="=TA2/src&amp;lt;ta2.utils{Methods_dlg.java[Methods_dlg~conf_Delete_Memo~QActivity;~QDialog;~QMemo;" StructureKind="java" NumEvents="3" CreationCount="30"/><InteractionEvent Delta="null" EndDate="2014-09-09 09:16:47.390 JST" Interest="1.0" Kind="edit" Navigation="null" OriginId="org.eclipse.jdt.ui.CompilationUnitEditor" StartDate="2014-09-09 09:16:47.390 JST" StructureHandle="=TA2/src&amp;lt;ta2.listeners.dialog{DB_OTL.java[DB_OTL~DB_OTL~QActivity;~QDialog;~QDialog;~QDialog;" StructureKind="java"/><InteractionEvent Delta="null" EndDate="2014-09-09 09:16:46.880 JST" Interest="1.0" Kind="selection" Navigation="null" OriginId="org.eclipse.jdt.ui.CompilationUnitEditor" StartDate="2014-09-09 09:16:46.880 JST" StructureHandle="=TA2/src&amp;lt;ta2.listeners.dialog{DB_OTL.java[DB_OTL~DB_OTL~QActivity;~QDialog;~QDialog;~QDialog;" StructureKind="java"/><InteractionEvent Delta="null" EndDate="2014-09-09 09:21:08.972 JST" Interest="48.0" Kind="propagation" Navigation="null" OriginId="org.eclipse.jdt.ui.CompilationUnitEditor" StartDate="2014-09-09 08:38:11.958 JST" StructureHandle="/IFM11/src/ifm11/listeners/dialog/DB_OCL.java" StructureKind="resource" NumEvents="48" CreationCount="704"/><InteractionEvent Delta="null" EndDate="2014-09-09 08:32:10.385 JST" Interest="17.151001" Kind="propagation" Navigation="org.eclipse.mylyn.core.model.edges.containment" OriginId="org.eclipse.mylyn.core.model.interest.propagation" StartDate="2014-09-09 08:12:13.41 JST" StructureHandle="=TA2/src&amp;lt;ta2.listeners.dialog{DOI_CL.java" StructureKind="java" NumEvents="28" CreationCount="65"/><InteractionEvent Delta="null" EndDate="2014-09-09 08:34:29.423 JST" Interest="5.0" Kind="selection" Navigation="null" OriginId="org.eclipse.jdt.ui.CompilationUnitEditor" StartDate="2014-09-09 08:12:10.981 JST" StructureHandle="=TA2/src&amp;lt;ta2.listeners.dialog{DOI_CL.java" StructureKind="java" NumEvents="5" CreationCount="65"/><InteractionEvent Delta="null" EndDate="2014-09-09 09:15:40.979 JST" Interest="30.0" Kind="edit" Navigation="null" OriginId="org.eclipse.jdt.ui.CompilationUnitEditor" StartDate="2014-09-09 09:15:37.240 JST" StructureHandle="=TA2/src&amp;lt;ta2.utils{Methods_dlg.java[Methods_dlg~dlg_Template_Cancel_ThirdDialog~QActivity;~QDialog;~QDialog;~I~I~I~QTags.DialogTags;" StructureKind="java" NumEvents="30" CreationCount="1656"/><InteractionEvent Delta="null" EndDate="2014-09-09 09:15:36.763 JST" Interest="3.0" Kind="selection" Navigation="null" OriginId="org.eclipse.jdt.ui.CompilationUnitEditor" StartDate="2014-09-09 09:15:36.636 JST" StructureHandle="=TA2/src&amp;lt;ta2.utils{Methods_dlg.java[Methods_dlg~dlg_Template_Cancel_ThirdDialog~QActivity;~QDialog;~QDialog;~I~I~I~QTags.DialogTags;" StructureKind="java" NumEvents="3" CreationCount="1656"/><InteractionEvent Delta="null" EndDate="2014-09-09 08:54:47.864 JST" Interest="11.0" Kind="edit" Navigation="null" OriginId="com.android.ide.eclipse.editors.CommonXmlEditor" StartDate="2014-09-09 08:53:44.525 JST" StructureHandle="/TA2/res/layout/dlg_tmpl_toast_ok_scrollview.xml" StructureKind="resource" NumEvents="11" CreationCount="950"/><InteractionEvent Delta="null" EndDate="2014-09-09 08:53:36.818 JST" Interest="1.0" Kind="propagation" Navigation="null" OriginId="org.eclipse.mylyn.resources.ui.interest.updater" StartDate="2014-09-09 08:53:36.818 JST" StructureHandle="/TA2/res/layout/dlg_tmpl_toast_ok_scrollview.xml" StructureKind="resource"/><InteractionEvent Delta="null" EndDate="2014-09-09 09:05:18.984 JST" Interest="4.0" Kind="selection" Navigation="null" OriginId="org.eclipse.jdt.ui.PackageExplorer" StartDate="2014-09-09 08:53:42.174 JST" StructureHandle="/TA2/res/layout/dlg_tmpl_toast_ok_scrollview.xml" StructureKind="resource" NumEvents="4" CreationCount="950"/><InteractionEvent Delta="null" EndDate="2014-09-09 09:23:58.756 JST" Interest="377.16" Kind="propagation" Navigation="org.eclipse.mylyn.core.model.edges.containment" OriginId="org.eclipse.mylyn.core.model.interest.propagation" StartDate="2014-09-09 08:09:53.712 JST" StructureHandle="=TA2/src" StructureKind="java" NumEvents="584" CreationCount="1"/><InteractionEvent Delta="null" EndDate="2014-09-09 08:09:23.714 JST" Interest="1.0" Kind="selection" Navigation="null" OriginId="org.eclipse.jdt.ui.PackageExplorer" StartDate="2014-09-09 08:09:23.714 JST" StructureHandle="=TA2/src" StructureKind="java"/><InteractionEvent Delta="null" EndDate="2014-09-09 09:06:36.767 JST" Interest="19.642" Kind="propagation" Navigation="org.eclipse.mylyn.core.model.edges.containment" OriginId="org.eclipse.mylyn.core.model.interest.propagation" StartDate="2014-09-09 08:44:37.724 JST" StructureHandle="=TA2/src&amp;lt;ta2.utils{Methods.java[Methods" StructureKind="java" NumEvents="27" CreationCount="801"/><InteractionEvent Delta="null" EndDate="2014-09-09 08:43:07.380 JST" Interest="2.0" Kind="edit" Navigation="null" OriginId="org.eclipse.jdt.ui.CompilationUnitEditor" StartDate="2014-09-09 08:43:05.144 JST" StructureHandle="=TA2/src&amp;lt;ta2.utils{Methods.java[Methods" StructureKind="java" NumEvents="2" CreationCount="801"/><InteractionEvent Delta="null" EndDate="2014-09-09 08:43:02.780 JST" Interest="4.0" Kind="selection" Navigation="null" OriginId="org.eclipse.jdt.ui.CompilationUnitEditor" StartDate="2014-09-09 08:42:37.384 JST" StructureHandle="=TA2/src&amp;lt;ta2.utils{Methods.java[Methods" StructureKind="java" NumEvents="4" CreationCount="801"/><InteractionEvent Delta="null" EndDate="2014-09-09 08:44:34.187 JST" Interest="31.0" Kind="propagation" Navigation="null" OriginId="org.eclipse.jdt.ui.CompilationUnitEditor" StartDate="2014-09-09 08:33:45.544 JST" StructureHandle="/IFM11/src/ifm11/utils/Methods.java" StructureKind="resource" NumEvents="31" CreationCount="538"/><InteractionEvent Delta="null" EndDate="2014-09-09 09:21:08.972 JST" Interest="14.153001" Kind="propagation" Navigation="org.eclipse.mylyn.core.model.edges.containment" OriginId="org.eclipse.mylyn.core.model.interest.propagation" StartDate="2014-09-09 08:38:23.429 JST" StructureHandle="=IFM11/src&amp;lt;ifm11.listeners.dialog{DB_OCL.java" StructureKind="java" NumEvents="23" CreationCount="704"/><InteractionEvent Delta="null" EndDate="2014-09-09 09:07:58.928 JST" Interest="3.9700003" Kind="manipulation" Navigation="null" OriginId="org.eclipse.mylyn.core.model.interest.decay.correction" StartDate="2014-09-09 09:07:58.928 JST" StructureHandle="=IFM11/src&amp;lt;ifm11.listeners.dialog{DB_OCL.java" StructureKind="java"/><InteractionEvent Delta="null" EndDate="2014-09-09 09:21:08.894 JST" Interest="12.0" Kind="selection" Navigation="null" OriginId="org.eclipse.jdt.ui.CompilationUnitEditor" StartDate="2014-09-09 08:38:11.958 JST" StructureHandle="=IFM11/src&amp;lt;ifm11.listeners.dialog{DB_OCL.java" StructureKind="java" NumEvents="12" CreationCount="704"/><InteractionEvent Delta="null" EndDate="2014-09-09 09:18:10.996 JST" Interest="26.0" Kind="edit" Navigation="null" OriginId="org.eclipse.jdt.ui.CompilationUnitEditor" StartDate="2014-09-09 09:16:43.105 JST" StructureHandle="=TA2/src&amp;lt;ta2.listeners.dialog{DB_OTL.java[DB_OTL~DB_OTL~QActivity;~QDialog;~QDialog;~QDialog;~QDialog;" StructureKind="java" NumEvents="26" CreationCount="1962"/><InteractionEvent Delta="null" EndDate="2014-09-09 09:20:54.719 JST" Interest="5.0" Kind="selection" Navigation="null" OriginId="org.eclipse.jdt.ui.CompilationUnitEditor" StartDate="2014-09-09 09:16:41.762 JST" StructureHandle="=TA2/src&amp;lt;ta2.listeners.dialog{DB_OTL.java[DB_OTL~DB_OTL~QActivity;~QDialog;~QDialog;~QDialog;~QDialog;" StructureKind="java" NumEvents="5" CreationCount="1962"/><InteractionEvent Delta="null" EndDate="2014-09-09 08:23:34.553 JST" Interest="3.0" Kind="edit" Navigation="null" OriginId="org.eclipse.jdt.ui.CompilationUnitEditor" StartDate="2014-09-09 08:23:34.538 JST" StructureHandle="=TA2/src&amp;lt;ta2.utils{Methods_dlg.java[Methods_dlg~conf_Restore_DB~QActivity;~QDialog;" StructureKind="java" NumEvents="3" CreationCount="199"/><InteractionEvent Delta="null" EndDate="2014-09-09 08:23:39.266 JST" Interest="5.0" Kind="selection" Navigation="null" OriginId="org.eclipse.jdt.ui.CompilationUnitEditor" StartDate="2014-09-09 08:23:33.963 JST" StructureHandle="=TA2/src&amp;lt;ta2.utils{Methods_dlg.java[Methods_dlg~conf_Restore_DB~QActivity;~QDialog;" StructureKind="java" NumEvents="5" CreationCount="199"/><InteractionEvent Delta="null" EndDate="2014-09-09 08:12:13.40 JST" Interest="1.0" Kind="selection" Navigation="null" OriginId="org.eclipse.ui.views.ContentOutline" StartDate="2014-09-09 08:12:13.40 JST" StructureHandle="=TA2/src&amp;lt;ta2.listeners.dialog{DOI_CL.java%ta2.listeners.dialog" StructureKind="java"/><InteractionEvent Delta="null" EndDate="2014-09-09 09:23:58.755 JST" Interest="480.0" Kind="edit" Navigation="null" OriginId="org.eclipse.jdt.ui.CompilationUnitEditor" StartDate="2014-09-09 09:14:45.256 JST" StructureHandle="=TA2/src&amp;lt;ta2.utils{Methods_dlg.java[Methods_dlg~dlg_ShowMessage_4thDialog~QActivity;~QDialog;~QDialog;~QDialog;~QString;~I" StructureKind="java" NumEvents="480" CreationCount="1481"/><InteractionEvent Delta="null" EndDate="2014-09-09 09:23:47.851 JST" Interest="17.0" Kind="selection" Navigation="null" OriginId="org.eclipse.jdt.ui.CompilationUnitEditor" StartDate="2014-09-09 09:14:45.245 JST" StructureHandle="=TA2/src&amp;lt;ta2.utils{Methods_dlg.java[Methods_dlg~dlg_ShowMessage_4thDialog~QActivity;~QDialog;~QDialog;~QDialog;~QString;~I" StructureKind="java" NumEvents="17" CreationCount="1481"/></InteractionHistory>