<?xml version="1.0" encoding="UTF-8"?><InteractionHistory Id="local-47" Version="1"><InteractionEvent Delta="null" EndDate="2014-09-03 14:54:16.506 JST" Interest="521.051" Kind="propagation" Navigation="org.eclipse.mylyn.core.model.edges.containment" OriginId="org.eclipse.mylyn.core.model.interest.propagation" StartDate="2014-09-03 13:18:15.787 JST" StructureHandle="" StructureKind="java" NumEvents="525" CreationCount="1"/><InteractionEvent Delta="null" EndDate="2014-09-03 14:31:45.89 JST" Interest="1.5640001" Kind="manipulation" Navigation="null" OriginId="org.eclipse.mylyn.core.model.interest.decay.correction" StartDate="2014-09-03 14:31:45.89 JST" StructureHandle="=TA2/src&amp;lt;ta2.items{SeekBarPreference.java[SeekBarPreference~onStartTrackingTouch~QSeekBar;" StructureKind="java"/><InteractionEvent Delta="null" EndDate="2014-09-03 14:43:06.277 JST" Interest="21.0" Kind="edit" Navigation="null" OriginId="org.eclipse.jdt.ui.CompilationUnitEditor" StartDate="2014-09-03 13:37:07.503 JST" StructureHandle="=TA2/src&amp;lt;ta2.items{SeekBarPreference.java[SeekBarPreference~onStartTrackingTouch~QSeekBar;" StructureKind="java" NumEvents="21" CreationCount="127"/><InteractionEvent Delta="null" EndDate="2014-09-03 14:43:10.322 JST" Interest="9.0" Kind="selection" Navigation="null" OriginId="org.eclipse.jdt.ui.CompilationUnitEditor" StartDate="2014-09-03 13:36:57.540 JST" StructureHandle="=TA2/src&amp;lt;ta2.items{SeekBarPreference.java[SeekBarPreference~onStartTrackingTouch~QSeekBar;" StructureKind="java" NumEvents="9" CreationCount="127"/><InteractionEvent Delta="null" EndDate="2014-09-03 14:47:55.685 JST" Interest="69.0" Kind="propagation" Navigation="null" OriginId="org.eclipse.jdt.ui.PackageExplorer" StartDate="2014-09-03 13:37:50.629 JST" StructureHandle="/TA2/src/ta2/utils/CONS.java" StructureKind="resource" NumEvents="69" CreationCount="139"/><InteractionEvent Delta="null" EndDate="2014-09-03 13:31:34.265 JST" Interest="1.0" Kind="selection" Navigation="null" OriginId="org.eclipse.jdt.ui.PackageExplorer" StartDate="2014-09-03 13:31:34.265 JST" StructureHandle="/TA2/res/values" StructureKind="resource"/><InteractionEvent Delta="null" EndDate="2014-09-03 14:47:55.685 JST" Interest="69.017" Kind="propagation" Navigation="org.eclipse.mylyn.core.model.edges.containment" OriginId="org.eclipse.mylyn.core.model.interest.propagation" StartDate="2014-09-03 13:37:48.967 JST" StructureHandle="/TA2/src/ta2/utils" StructureKind="resource" NumEvents="70" CreationCount="138"/><InteractionEvent Delta="null" EndDate="2014-09-03 14:29:50.40 JST" Interest="9.113001" Kind="propagation" Navigation="org.eclipse.mylyn.core.model.edges.containment" OriginId="org.eclipse.mylyn.core.model.interest.propagation" StartDate="2014-09-03 13:20:02.714 JST" StructureHandle="=TA2/src&amp;lt;ta2.main{PrefActv.java[PrefActv" StructureKind="java" NumEvents="12" CreationCount="7"/><InteractionEvent Delta="null" EndDate="2014-09-03 14:54:16.506 JST" Interest="428.136" Kind="propagation" Navigation="org.eclipse.mylyn.core.model.edges.containment" OriginId="org.eclipse.mylyn.core.model.interest.propagation" StartDate="2014-09-03 13:19:42.497 JST" StructureHandle="/TA2/src/ta2" StructureKind="resource" NumEvents="430" CreationCount="3"/><InteractionEvent Delta="null" EndDate="2014-09-03 14:42:50.209 JST" Interest="31.0" Kind="edit" Navigation="null" OriginId="org.eclipse.jdt.ui.CompilationUnitEditor" StartDate="2014-09-03 14:27:12.961 JST" StructureHandle="=TA2/src&amp;lt;ta2.items{SeekBarPreference.java[SeekBarPreference~onBindView~QView;" StructureKind="java" NumEvents="31" CreationCount="225"/><InteractionEvent Delta="null" EndDate="2014-09-03 14:43:03.203 JST" Interest="13.0" Kind="selection" Navigation="null" OriginId="org.eclipse.jdt.ui.CompilationUnitEditor" StartDate="2014-09-03 14:27:06.545 JST" StructureHandle="=TA2/src&amp;lt;ta2.items{SeekBarPreference.java[SeekBarPreference~onBindView~QView;" StructureKind="java" NumEvents="13" CreationCount="225"/><InteractionEvent Delta="null" EndDate="2014-09-03 13:19:58.889 JST" Interest="1.0" Kind="selection" Navigation="null" OriginId="org.eclipse.ui.views.ContentOutline" StartDate="2014-09-03 13:19:58.889 JST" StructureHandle="=TA2/src&amp;lt;ta2.main{PrefActv.java%ta2.main" StructureKind="java"/><InteractionEvent Delta="null" EndDate="2014-09-03 14:43:33.422 JST" Interest="147.0" Kind="edit" Navigation="null" OriginId="org.eclipse.jdt.ui.CompilationUnitEditor" StartDate="2014-09-03 14:32:28.612 JST" StructureHandle="=TA2/src&amp;lt;ta2.items{SeekBarPreference.java[SeekBarPreference~onStopTrackingTouch~QSeekBar;" StructureKind="java" NumEvents="147" CreationCount="332"/><InteractionEvent Delta="null" EndDate="2014-09-03 14:43:16.935 JST" Interest="8.0" Kind="selection" Navigation="null" OriginId="org.eclipse.jdt.ui.CompilationUnitEditor" StartDate="2014-09-03 14:32:28.11 JST" StructureHandle="=TA2/src&amp;lt;ta2.items{SeekBarPreference.java[SeekBarPreference~onStopTrackingTouch~QSeekBar;" StructureKind="java" NumEvents="8" CreationCount="332"/><InteractionEvent Delta="null" EndDate="2014-09-03 14:29:50.41 JST" Interest="7.1810007" Kind="propagation" Navigation="org.eclipse.mylyn.core.model.edges.containment" OriginId="org.eclipse.mylyn.core.model.interest.propagation" StartDate="2014-09-03 13:19:44.442 JST" StructureHandle="=TA2/src&amp;lt;ta2.main" StructureKind="java" NumEvents="15" CreationCount="3"/><InteractionEvent Delta="null" EndDate="2014-09-03 13:26:50.40 JST" Interest="2.0" Kind="selection" Navigation="null" OriginId="org.eclipse.jdt.ui.PackageExplorer" StartDate="2014-09-03 13:19:42.496 JST" StructureHandle="=TA2/src&amp;lt;ta2.main" StructureKind="java" NumEvents="2" CreationCount="3"/><InteractionEvent Delta="null" EndDate="2014-09-03 13:37:55.729 JST" Interest="1.0" Kind="edit" Navigation="null" OriginId="org.eclipse.jdt.ui.CompilationUnitEditor" StartDate="2014-09-03 13:37:55.729 JST" StructureHandle="=TA2/src&amp;lt;ta2.utils{CONS.java[CONS[Pref^prefs_MainActv" StructureKind="java"/><InteractionEvent Delta="null" EndDate="2014-09-03 13:37:55.724 JST" Interest="1.0" Kind="selection" Navigation="null" OriginId="org.eclipse.jdt.ui.CompilationUnitEditor" StartDate="2014-09-03 13:37:55.724 JST" StructureHandle="=TA2/src&amp;lt;ta2.utils{CONS.java[CONS[Pref^prefs_MainActv" StructureKind="java"/><InteractionEvent Delta="null" EndDate="2014-09-03 13:37:53.936 JST" Interest="1.0" Kind="selection" Navigation="null" OriginId="org.eclipse.ui.views.ContentOutline" StartDate="2014-09-03 13:37:53.936 JST" StructureHandle="=TA2/src&amp;lt;ta2.utils{CONS.java[CONS[Paths" StructureKind="java"/><InteractionEvent Delta="null" EndDate="2014-09-03 14:28:58.385 JST" Interest="23.0" Kind="edit" Navigation="null" OriginId="org.eclipse.jdt.ui.CompilationUnitEditor" StartDate="2014-09-03 13:39:44.663 JST" StructureHandle="=TA2/src&amp;lt;ta2.items{SeekBarPreference.java[SeekBarPreference~onSetInitialValue~Z~QObject;" StructureKind="java" NumEvents="23" CreationCount="166"/><InteractionEvent Delta="null" EndDate="2014-09-03 14:42:05.778 JST" Interest="7.0" Kind="selection" Navigation="null" OriginId="org.eclipse.jdt.ui.CompilationUnitEditor" StartDate="2014-09-03 13:39:33.229 JST" StructureHandle="=TA2/src&amp;lt;ta2.items{SeekBarPreference.java[SeekBarPreference~onSetInitialValue~Z~QObject;" StructureKind="java" NumEvents="7" CreationCount="166"/><InteractionEvent Delta="null" EndDate="2014-09-03 13:37:52.447 JST" Interest="1.0" Kind="selection" Navigation="null" OriginId="org.eclipse.ui.views.ContentOutline" StartDate="2014-09-03 13:37:52.447 JST" StructureHandle="=TA2/src&amp;lt;ta2.utils{CONS.java%ta2.utils" StructureKind="java"/><InteractionEvent Delta="null" EndDate="2014-09-03 14:48:45.620 JST" Interest="6.0" Kind="prediction" Navigation="null" OriginId="org.eclipse.mylyn.resources.ui.interest.updater" StartDate="2014-09-03 13:33:56.744 JST" StructureHandle="/TA2/bin/TA2.apk" StructureKind="resource" NumEvents="6" CreationCount="91"/><InteractionEvent Delta="null" EndDate="2014-09-03 14:29:50.39 JST" Interest="8.0" Kind="edit" Navigation="null" OriginId="org.eclipse.jdt.ui.CompilationUnitEditor" StartDate="2014-09-03 13:34:41.600 JST" StructureHandle="=TA2/src&amp;lt;ta2.main{PrefActv.java[PrefActv~_test" StructureKind="java" NumEvents="8" CreationCount="96"/><InteractionEvent Delta="null" EndDate="2014-09-03 14:29:42.934 JST" Interest="2.0" Kind="selection" Navigation="null" OriginId="org.eclipse.jdt.ui.CompilationUnitEditor" StartDate="2014-09-03 13:34:39.736 JST" StructureHandle="=TA2/src&amp;lt;ta2.main{PrefActv.java[PrefActv~_test" StructureKind="java" NumEvents="2" CreationCount="96"/><InteractionEvent Delta="null" EndDate="2014-09-03 14:47:55.686 JST" Interest="28.385" Kind="propagation" Navigation="org.eclipse.mylyn.core.model.edges.containment" OriginId="org.eclipse.mylyn.core.model.interest.propagation" StartDate="2014-09-03 13:37:50.629 JST" StructureHandle="=TA2/src&amp;lt;ta2.utils" StructureKind="java" NumEvents="46" CreationCount="138"/><InteractionEvent Delta="null" EndDate="2014-09-03 13:37:48.966 JST" Interest="1.0" Kind="selection" Navigation="null" OriginId="org.eclipse.jdt.ui.PackageExplorer" StartDate="2014-09-03 13:37:48.966 JST" StructureHandle="=TA2/src&amp;lt;ta2.utils" StructureKind="java"/><InteractionEvent Delta="null" EndDate="2014-09-03 14:29:50.40 JST" Interest="1.1640005" Kind="propagation" Navigation="org.eclipse.mylyn.core.model.edges.containment" OriginId="org.eclipse.mylyn.core.model.interest.propagation" StartDate="2014-09-03 13:34:50.142 JST" StructureHandle="=TA2/src&amp;lt;ta2.main{PrefActv.java" StructureKind="java" NumEvents="3" CreationCount="4"/><InteractionEvent Delta="null" EndDate="2014-09-03 14:29:42.750 JST" Interest="8.0" Kind="selection" Navigation="null" OriginId="org.eclipse.jdt.ui.CompilationUnitEditor" StartDate="2014-09-03 13:19:44.441 JST" StructureHandle="=TA2/src&amp;lt;ta2.main{PrefActv.java" StructureKind="java" NumEvents="8" CreationCount="4"/><InteractionEvent Delta="null" EndDate="2014-09-03 14:29:41.222 JST" Interest="43.616997" Kind="propagation" Navigation="org.eclipse.mylyn.core.model.edges.containment" OriginId="org.eclipse.mylyn.core.model.interest.propagation" StartDate="2014-09-03 13:31:35.937 JST" StructureHandle="/TA2/res/xml" StructureKind="resource" NumEvents="59" CreationCount="47"/><InteractionEvent Delta="null" EndDate="2014-09-03 13:31:34.782 JST" Interest="1.0" Kind="selection" Navigation="null" OriginId="org.eclipse.jdt.ui.PackageExplorer" StartDate="2014-09-03 13:31:34.782 JST" StructureHandle="/TA2/res/xml" StructureKind="resource"/><InteractionEvent Delta="null" EndDate="2014-09-03 14:54:16.506 JST" Interest="658.0" Kind="propagation" Navigation="org.eclipse.mylyn.core.model.edges.containment" OriginId="org.eclipse.mylyn.core.model.interest.propagation" StartDate="2014-09-03 13:18:15.787 JST" StructureHandle="/" StructureKind="resource" NumEvents="658" CreationCount="1"/><InteractionEvent Delta="null" EndDate="2014-09-03 14:43:34.689 JST" Interest="102.45701" Kind="propagation" Navigation="org.eclipse.mylyn.core.model.edges.containment" OriginId="org.eclipse.mylyn.core.model.interest.propagation" StartDate="2014-09-03 13:27:26.806 JST" StructureHandle="=TA2/src&amp;lt;ta2.items{SeekBarPreference.java" StructureKind="java" NumEvents="149" CreationCount="11"/><InteractionEvent Delta="null" EndDate="2014-09-03 14:54:02.843 JST" Interest="21.0" Kind="selection" Navigation="null" OriginId="org.eclipse.jdt.ui.PackageExplorer" StartDate="2014-09-03 13:27:27.142 JST" StructureHandle="=TA2/src&amp;lt;ta2.items{SeekBarPreference.java" StructureKind="java" NumEvents="21" CreationCount="11"/><InteractionEvent Delta="null" EndDate="2014-09-03 14:53:52.529 JST" Interest="2.0" Kind="selection" Navigation="null" OriginId="org.eclipse.jdt.ui.PackageExplorer" StartDate="2014-09-03 14:48:10.667 JST" StructureHandle="/TA2/res/drawable/menu_icon_admin_32x32_blue.png" StructureKind="resource" NumEvents="2" CreationCount="631"/><InteractionEvent Delta="null" EndDate="2014-09-03 14:29:41.222 JST" Interest="48.0" Kind="edit" Navigation="null" OriginId="com.android.ide.eclipse.editors.CommonXmlEditor" StartDate="2014-09-03 13:31:36.696 JST" StructureHandle="/TA2/res/xml/pref_main.xml" StructureKind="resource" NumEvents="48" CreationCount="48"/><InteractionEvent Delta="null" EndDate="2014-09-03 14:29:12.201 JST" Interest="11.0" Kind="selection" Navigation="null" OriginId="com.android.ide.eclipse.editors.CommonXmlEditor" StartDate="2014-09-03 13:31:35.936 JST" StructureHandle="/TA2/res/xml/pref_main.xml" StructureKind="resource" NumEvents="11" CreationCount="48"/><InteractionEvent Delta="null" EndDate="2014-09-03 13:33:56.744 JST" Interest="1.0" Kind="propagation" Navigation="org.eclipse.mylyn.core.model.edges.containment" OriginId="org.eclipse.mylyn.core.model.interest.propagation" StartDate="2014-09-03 13:33:56.744 JST" StructureHandle="/TA2/bin" StructureKind="resource"/><InteractionEvent Delta="null" EndDate="2014-09-03 14:47:55.942 JST" Interest="1.0" Kind="selection" Navigation="null" OriginId="org.eclipse.jdt.ui.PackageExplorer" StartDate="2014-09-03 14:47:55.942 JST" StructureHandle="=TA2/gen" StructureKind="java"/><InteractionEvent Delta="null" EndDate="2014-09-03 14:29:50.41 JST" Interest="24.017" Kind="propagation" Navigation="null" OriginId="org.eclipse.jdt.ui.CompilationUnitEditor" StartDate="2014-09-03 13:19:42.497 JST" StructureHandle="/TA2/src/ta2/main" StructureKind="resource" NumEvents="25" CreationCount="3"/><InteractionEvent Delta="null" EndDate="2014-09-03 14:28:01.369 JST" Interest="29.0" Kind="edit" Navigation="null" OriginId="org.eclipse.jdt.ui.CompilationUnitEditor" StartDate="2014-09-03 13:37:54.485 JST" StructureHandle="=TA2/src&amp;lt;ta2.utils{CONS.java[CONS[Pref" StructureKind="java" NumEvents="29" CreationCount="143"/><InteractionEvent Delta="null" EndDate="2014-09-03 14:27:50.727 JST" Interest="8.0" Kind="selection" Navigation="null" OriginId="org.eclipse.jdt.ui.CompilationUnitEditor" StartDate="2014-09-03 13:37:54.376 JST" StructureHandle="=TA2/src&amp;lt;ta2.utils{CONS.java[CONS[Pref" StructureKind="java" NumEvents="8" CreationCount="143"/><InteractionEvent Delta="null" EndDate="2014-09-03 14:43:33.422 JST" Interest="103.606" Kind="propagation" Navigation="org.eclipse.mylyn.core.model.edges.containment" OriginId="org.eclipse.mylyn.core.model.interest.propagation" StartDate="2014-09-03 13:27:41.226 JST" StructureHandle="=TA2/src&amp;lt;ta2.items{SeekBarPreference.java[SeekBarPreference" StructureKind="java" NumEvents="147" CreationCount="14"/><InteractionEvent Delta="null" EndDate="2014-09-03 14:43:34.688 JST" Interest="14.0" Kind="edit" Navigation="null" OriginId="org.eclipse.jdt.ui.CompilationUnitEditor" StartDate="2014-09-03 13:33:53.242 JST" StructureHandle="=TA2/src&amp;lt;ta2.items{SeekBarPreference.java[SeekBarPreference" StructureKind="java" NumEvents="14" CreationCount="14"/><InteractionEvent Delta="null" EndDate="2014-09-03 14:43:34.676 JST" Interest="6.0" Kind="selection" Navigation="null" OriginId="org.eclipse.jdt.ui.CompilationUnitEditor" StartDate="2014-09-03 13:32:31.307 JST" StructureHandle="=TA2/src&amp;lt;ta2.items{SeekBarPreference.java[SeekBarPreference" StructureKind="java" NumEvents="6" CreationCount="14"/><InteractionEvent Delta="null" EndDate="2014-09-03 14:54:16.506 JST" Interest="522.034" Kind="propagation" Navigation="null" OriginId="org.eclipse.jdt.ui.PackageExplorer" StartDate="2014-09-03 13:18:15.847 JST" StructureHandle="/TA2/src" StructureKind="resource" NumEvents="524" CreationCount="2"/><InteractionEvent Delta="null" EndDate="2014-09-03 14:27:49.311 JST" Interest="1.0" Kind="edit" Navigation="null" OriginId="org.eclipse.jdt.ui.CompilationUnitEditor" StartDate="2014-09-03 14:27:49.311 JST" StructureHandle="=TA2/src&amp;lt;ta2.utils{CONS.java[CONS[Pref^MAX_PROGRESS" StructureKind="java"/><InteractionEvent Delta="null" EndDate="2014-09-03 14:27:49.304 JST" Interest="1.0" Kind="selection" Navigation="null" OriginId="org.eclipse.jdt.ui.CompilationUnitEditor" StartDate="2014-09-03 14:27:49.304 JST" StructureHandle="=TA2/src&amp;lt;ta2.utils{CONS.java[CONS[Pref^MAX_PROGRESS" StructureKind="java"/><InteractionEvent Delta="null" EndDate="2014-09-03 14:48:37.767 JST" Interest="37.5" Kind="propagation" Navigation="org.eclipse.mylyn.core.model.edges.containment" OriginId="org.eclipse.mylyn.core.model.interest.propagation" StartDate="2014-09-03 13:29:27.133 JST" StructureHandle="/TA2/res/layout" StructureKind="resource" NumEvents="48" CreationCount="25"/><InteractionEvent Delta="null" EndDate="2014-09-03 14:47:58.262 JST" Interest="4.0" Kind="selection" Navigation="null" OriginId="org.eclipse.jdt.ui.PackageExplorer" StartDate="2014-09-03 13:29:09.526 JST" StructureHandle="/TA2/res/layout" StructureKind="resource" NumEvents="4" CreationCount="25"/><InteractionEvent Delta="null" EndDate="2014-09-03 14:53:52.530 JST" Interest="1.0339999" Kind="propagation" Navigation="org.eclipse.mylyn.core.model.edges.containment" OriginId="org.eclipse.mylyn.core.model.interest.propagation" StartDate="2014-09-03 14:48:06.411 JST" StructureHandle="/TA2/res/drawable" StructureKind="resource" NumEvents="3" CreationCount="629"/><InteractionEvent Delta="null" EndDate="2014-09-03 14:53:55.527 JST" Interest="2.0" Kind="selection" Navigation="null" OriginId="org.eclipse.jdt.ui.PackageExplorer" StartDate="2014-09-03 14:47:59.554 JST" StructureHandle="/TA2/res/drawable" StructureKind="resource" NumEvents="2" CreationCount="629"/><InteractionEvent Delta="null" EndDate="2014-09-03 14:54:16.506 JST" Interest="521.051" Kind="propagation" Navigation="org.eclipse.mylyn.core.model.edges.containment" OriginId="org.eclipse.mylyn.core.model.interest.propagation" StartDate="2014-09-03 13:18:15.787 JST" StructureHandle="=TA2" StructureKind="resource" NumEvents="525" CreationCount="1"/><InteractionEvent Delta="null" EndDate="2014-09-03 13:31:20.244 JST" Interest="1.0" Kind="selection" Navigation="null" OriginId="org.eclipse.jdt.ui.PackageExplorer" StartDate="2014-09-03 13:31:20.244 JST" StructureHandle="/TA2/res/layout/actv_main.xml" StructureKind="resource"/><InteractionEvent Delta="null" EndDate="2014-09-03 14:29:50.40 JST" Interest="23.0" Kind="propagation" Navigation="null" OriginId="org.eclipse.jdt.ui.CompilationUnitEditor" StartDate="2014-09-03 13:19:44.442 JST" StructureHandle="/TA2/src/ta2/main/PrefActv.java" StructureKind="resource" NumEvents="23" CreationCount="4"/><InteractionEvent Delta="null" EndDate="2014-09-03 13:37:46.54 JST" Interest="1.0" Kind="selection" Navigation="null" OriginId="org.eclipse.jdt.ui.PackageExplorer" StartDate="2014-09-03 13:37:46.54 JST" StructureHandle="/TA2/res/menu" StructureKind="resource"/><InteractionEvent Delta="null" EndDate="2014-09-03 14:28:01.370 JST" Interest="28.317" Kind="propagation" Navigation="org.eclipse.mylyn.core.model.edges.containment" OriginId="org.eclipse.mylyn.core.model.interest.propagation" StartDate="2014-09-03 13:37:53.937 JST" StructureHandle="=TA2/src&amp;lt;ta2.utils{CONS.java[CONS" StructureKind="java" NumEvents="40" CreationCount="142"/><InteractionEvent Delta="null" EndDate="2014-09-03 14:44:37.819 JST" Interest="5.0" Kind="prediction" Navigation="null" OriginId="org.eclipse.mylyn.resources.ui.interest.updater" StartDate="2014-09-03 13:33:56.744 JST" StructureHandle="/TA2/bin/classes.dex" StructureKind="resource" NumEvents="5" CreationCount="91"/><InteractionEvent Delta="null" EndDate="2014-09-03 14:29:41.222 JST" Interest="43.399" Kind="propagation" Navigation="org.eclipse.mylyn.core.model.edges.containment" OriginId="org.eclipse.mylyn.core.model.interest.propagation" StartDate="2014-09-03 13:29:27.133 JST" StructureHandle="/TA2/res" StructureKind="resource" NumEvents="59" CreationCount="1"/><InteractionEvent Delta="null" EndDate="2014-09-03 13:29:07.524 JST" Interest="2.0" Kind="selection" Navigation="null" OriginId="org.eclipse.jdt.ui.PackageExplorer" StartDate="2014-09-03 13:18:15.786 JST" StructureHandle="/TA2/res" StructureKind="resource" NumEvents="2" CreationCount="1"/><InteractionEvent Delta="null" EndDate="2014-09-03 13:31:31.355 JST" Interest="1.0" Kind="selection" Navigation="null" OriginId="org.eclipse.jdt.ui.PackageExplorer" StartDate="2014-09-03 13:31:31.355 JST" StructureHandle="/TA2/res/layout/dlg_tmpl_cancel_lv_2.xml" StructureKind="resource"/><InteractionEvent Delta="null" EndDate="2014-09-03 14:53:53.37 JST" Interest="1.0" Kind="selection" Navigation="null" OriginId="org.eclipse.jdt.ui.PackageExplorer" StartDate="2014-09-03 14:53:53.37 JST" StructureHandle="/TA2/res/drawable/menu_timeline_filter.png" StructureKind="resource"/><InteractionEvent Delta="null" EndDate="2014-09-03 13:41:18.946 JST" Interest="1.0" Kind="edit" Navigation="null" OriginId="org.eclipse.jdt.ui.CompilationUnitEditor" StartDate="2014-09-03 13:41:18.946 JST" StructureHandle="=TA2/src&amp;lt;ta2.utils{CONS.java[CONS[Pref^currentProgress!2" StructureKind="java"/><InteractionEvent Delta="null" EndDate="2014-09-03 13:41:18.935 JST" Interest="1.0" Kind="selection" Navigation="null" OriginId="org.eclipse.jdt.ui.CompilationUnitEditor" StartDate="2014-09-03 13:41:18.935 JST" StructureHandle="=TA2/src&amp;lt;ta2.utils{CONS.java[CONS[Pref^currentProgress!2" StructureKind="java"/><InteractionEvent Delta="null" EndDate="2014-09-03 13:29:26.146 JST" Interest="1.0" Kind="propagation" Navigation="null" OriginId="org.eclipse.mylyn.resources.ui.interest.updater" StartDate="2014-09-03 13:29:26.146 JST" StructureHandle="/TA2/res/layout/preference_widget_seekbar.xml" StructureKind="resource"/><InteractionEvent Delta="null" EndDate="2014-09-03 14:48:37.766 JST" Interest="35.0" Kind="edit" Navigation="null" OriginId="com.android.ide.eclipse.editors.CommonXmlEditor" StartDate="2014-09-03 13:29:29.76 JST" StructureHandle="/TA2/res/layout/preference_widget_seekbar.xml" StructureKind="resource" NumEvents="35" CreationCount="25"/><InteractionEvent Delta="null" EndDate="2014-09-03 14:47:37.73 JST" Interest="16.0" Kind="selection" Navigation="null" OriginId="com.android.ide.eclipse.editors.CommonXmlEditor" StartDate="2014-09-03 13:29:27.133 JST" StructureHandle="/TA2/res/layout/preference_widget_seekbar.xml" StructureKind="resource" NumEvents="16" CreationCount="25"/><InteractionEvent Delta="null" EndDate="2014-09-03 14:28:01.370 JST" Interest="23.368" Kind="propagation" Navigation="org.eclipse.mylyn.core.model.edges.containment" OriginId="org.eclipse.mylyn.core.model.interest.propagation" StartDate="2014-09-03 13:37:54.978 JST" StructureHandle="=TA2/src&amp;lt;ta2.utils{CONS.java" StructureKind="java" NumEvents="38" CreationCount="139"/><InteractionEvent Delta="null" EndDate="2014-09-03 14:47:55.685 JST" Interest="6.0" Kind="selection" Navigation="null" OriginId="org.eclipse.jdt.ui.PackageExplorer" StartDate="2014-09-03 13:37:50.628 JST" StructureHandle="=TA2/src&amp;lt;ta2.utils{CONS.java" StructureKind="java" NumEvents="6" CreationCount="139"/><InteractionEvent Delta="null" EndDate="2014-09-03 14:43:10.223 JST" Interest="6.160001" Kind="manipulation" Navigation="null" OriginId="org.eclipse.mylyn.core.model.interest.decay.correction" StartDate="2014-09-03 14:43:10.223 JST" StructureHandle="=TA2/src&amp;lt;ta2.items{SeekBarPreference.java[SeekBarPreference~onProgressChanged~QSeekBar;~I~Z" StructureKind="java"/><InteractionEvent Delta="null" EndDate="2014-09-03 14:53:48.655 JST" Interest="80.0" Kind="edit" Navigation="null" OriginId="org.eclipse.jdt.ui.CompilationUnitEditor" StartDate="2014-09-03 14:43:10.821 JST" StructureHandle="=TA2/src&amp;lt;ta2.items{SeekBarPreference.java[SeekBarPreference~onProgressChanged~QSeekBar;~I~Z" StructureKind="java" NumEvents="80" CreationCount="15"/><InteractionEvent Delta="null" EndDate="2014-09-03 14:48:39.680 JST" Interest="8.0" Kind="selection" Navigation="null" OriginId="org.eclipse.jdt.ui.CompilationUnitEditor" StartDate="2014-09-03 13:27:47.154 JST" StructureHandle="=TA2/src&amp;lt;ta2.items{SeekBarPreference.java[SeekBarPreference~onProgressChanged~QSeekBar;~I~Z" StructureKind="java" NumEvents="8" CreationCount="15"/><InteractionEvent Delta="null" EndDate="2014-09-03 14:48:06.410 JST" Interest="1.0" Kind="selection" Navigation="null" OriginId="org.eclipse.jdt.ui.PackageExplorer" StartDate="2014-09-03 14:48:06.410 JST" StructureHandle="/TA2/res/drawable/general_ib_ball_brown_48x48.png" StructureKind="resource"/><InteractionEvent Delta="null" EndDate="2014-09-03 13:31:18.675 JST" Interest="1.0" Kind="selection" Navigation="null" OriginId="org.eclipse.jdt.ui.PackageExplorer" StartDate="2014-09-03 13:31:18.675 JST" StructureHandle="/TA2/res/layout/dlg_tmpl_confirm_simple.xml" StructureKind="resource"/><InteractionEvent Delta="null" EndDate="2014-09-03 14:54:16.506 JST" Interest="658.0" Kind="propagation" Navigation="null" OriginId="org.eclipse.jdt.ui.PackageExplorer" StartDate="2014-09-03 13:18:15.787 JST" StructureHandle="/TA2" StructureKind="resource" NumEvents="658" CreationCount="1"/><InteractionEvent Delta="null" EndDate="2014-09-03 14:47:55.942 JST" Interest="1.0" Kind="propagation" Navigation="null" OriginId="org.eclipse.jdt.ui.PackageExplorer" StartDate="2014-09-03 14:47:55.942 JST" StructureHandle="/TA2/gen" StructureKind="resource"/><InteractionEvent Delta="null" EndDate="2014-09-03 13:40:40.373 JST" Interest="10.0" Kind="edit" Navigation="null" OriginId="org.eclipse.jdt.ui.CompilationUnitEditor" StartDate="2014-09-03 13:40:20.912 JST" StructureHandle="=TA2/src&amp;lt;ta2.utils{CONS.java[CONS[Pref^currentProgress" StructureKind="java" NumEvents="10" CreationCount="176"/><InteractionEvent Delta="null" EndDate="2014-09-03 13:41:15.329 JST" Interest="3.0" Kind="selection" Navigation="null" OriginId="org.eclipse.jdt.ui.CompilationUnitEditor" StartDate="2014-09-03 13:40:20.905 JST" StructureHandle="=TA2/src&amp;lt;ta2.utils{CONS.java[CONS[Pref^currentProgress" StructureKind="java" NumEvents="3" CreationCount="176"/><InteractionEvent Delta="null" EndDate="2014-09-03 13:39:30.897 JST" Interest="10.0" Kind="edit" Navigation="null" OriginId="org.eclipse.jdt.ui.CompilationUnitEditor" StartDate="2014-09-03 13:37:21.1 JST" StructureHandle="=TA2/src&amp;lt;ta2.items{SeekBarPreference.java[SeekBarPreference~onGetDefaultValue~QTypedArray;~I" StructureKind="java" NumEvents="10" CreationCount="129"/><InteractionEvent Delta="null" EndDate="2014-09-03 13:38:21.186 JST" Interest="2.0" Kind="selection" Navigation="null" OriginId="org.eclipse.jdt.ui.CompilationUnitEditor" StartDate="2014-09-03 13:37:17.717 JST" StructureHandle="=TA2/src&amp;lt;ta2.items{SeekBarPreference.java[SeekBarPreference~onGetDefaultValue~QTypedArray;~I" StructureKind="java" NumEvents="2" CreationCount="129"/><InteractionEvent Delta="null" EndDate="2014-09-03 13:22:31.246 JST" Interest="1.0" Kind="edit" Navigation="null" OriginId="org.eclipse.jdt.ui.CompilationUnitEditor" StartDate="2014-09-03 13:22:31.246 JST" StructureHandle="=TA2/src&amp;lt;ta2.main{PrefActv.java[PrefActv~onCreate~QBundle;" StructureKind="java"/><InteractionEvent Delta="null" EndDate="2014-09-03 13:34:39.64 JST" Interest="3.0" Kind="selection" Navigation="null" OriginId="org.eclipse.jdt.ui.CompilationUnitEditor" StartDate="2014-09-03 13:20:02.714 JST" StructureHandle="=TA2/src&amp;lt;ta2.main{PrefActv.java[PrefActv~onCreate~QBundle;" StructureKind="java" NumEvents="3" CreationCount="7"/><InteractionEvent Delta="null" EndDate="2014-09-03 14:44:00.856 JST" Interest="17.0" Kind="edit" Navigation="null" OriginId="org.eclipse.jdt.ui.CompilationUnitEditor" StartDate="2014-09-03 13:28:16.58 JST" StructureHandle="=TA2/src&amp;lt;ta2.items{SeekBarPreference.java[SeekBarPreference~SeekBarPreference~QContext;~QAttributeSet;" StructureKind="java" NumEvents="17" CreationCount="18"/><InteractionEvent Delta="null" EndDate="2014-09-03 14:44:00.851 JST" Interest="4.0" Kind="selection" Navigation="null" OriginId="org.eclipse.jdt.ui.CompilationUnitEditor" StartDate="2014-09-03 13:28:03.112 JST" StructureHandle="=TA2/src&amp;lt;ta2.items{SeekBarPreference.java[SeekBarPreference~SeekBarPreference~QContext;~QAttributeSet;" StructureKind="java" NumEvents="4" CreationCount="18"/><InteractionEvent Delta="null" EndDate="2014-09-03 14:54:16.506 JST" Interest="123.61001" Kind="propagation" Navigation="org.eclipse.mylyn.core.model.edges.containment" OriginId="org.eclipse.mylyn.core.model.interest.propagation" StartDate="2014-09-03 13:19:42.497 JST" StructureHandle="=TA2/src" StructureKind="java" NumEvents="187" CreationCount="2"/><InteractionEvent Delta="null" EndDate="2014-09-03 13:18:15.847 JST" Interest="1.0" Kind="selection" Navigation="null" OriginId="org.eclipse.jdt.ui.PackageExplorer" StartDate="2014-09-03 13:18:15.847 JST" StructureHandle="=TA2/src" StructureKind="java"/><InteractionEvent Delta="null" EndDate="2014-09-03 13:38:17.841 JST" Interest="1.0" Kind="edit" Navigation="null" OriginId="org.eclipse.jdt.ui.CompilationUnitEditor" StartDate="2014-09-03 13:38:17.841 JST" StructureHandle="=TA2/src&amp;lt;ta2.utils{CONS.java[CONS[Pref^DEFAULT_PROGRESS" StructureKind="java"/><InteractionEvent Delta="null" EndDate="2014-09-03 13:40:16.252 JST" Interest="2.0" Kind="selection" Navigation="null" OriginId="org.eclipse.jdt.ui.CompilationUnitEditor" StartDate="2014-09-03 13:38:17.837 JST" StructureHandle="=TA2/src&amp;lt;ta2.utils{CONS.java[CONS[Pref^DEFAULT_PROGRESS" StructureKind="java" NumEvents="2" CreationCount="155"/><InteractionEvent Delta="null" EndDate="2014-09-03 14:54:02.843 JST" Interest="425.0" Kind="propagation" Navigation="null" OriginId="org.eclipse.jdt.ui.PackageExplorer" StartDate="2014-09-03 13:27:26.808 JST" StructureHandle="/TA2/src/ta2/items/SeekBarPreference.java" StructureKind="resource" NumEvents="425" CreationCount="11"/><InteractionEvent Delta="null" EndDate="2014-09-03 14:54:16.505 JST" Interest="428.0" Kind="propagation" Navigation="null" OriginId="org.eclipse.jdt.ui.PackageExplorer" StartDate="2014-09-03 13:26:51.772 JST" StructureHandle="/TA2/src/ta2/items" StructureKind="resource" NumEvents="428" CreationCount="11"/><InteractionEvent Delta="null" EndDate="2014-09-03 14:53:54.783 JST" Interest="1.0" Kind="selection" Navigation="null" OriginId="org.eclipse.jdt.ui.PackageExplorer" StartDate="2014-09-03 14:53:54.783 JST" StructureHandle="/TA2/res/drawable/general_ib_clear_yellow_64x64_disabled.png" StructureKind="resource"/><InteractionEvent Delta="null" EndDate="2014-09-03 14:48:45.620 JST" Interest="3.0" Kind="prediction" Navigation="null" OriginId="org.eclipse.mylyn.resources.ui.interest.updater" StartDate="2014-09-03 13:33:56.744 JST" StructureHandle="/TA2/bin/resources.ap_" StructureKind="resource" NumEvents="3" CreationCount="91"/><InteractionEvent Delta="null" EndDate="2014-09-03 14:53:58.299 JST" Interest="121.45701" Kind="propagation" Navigation="org.eclipse.mylyn.core.model.edges.containment" OriginId="org.eclipse.mylyn.core.model.interest.propagation" StartDate="2014-09-03 13:27:27.143 JST" StructureHandle="=TA2/src&amp;lt;ta2.items" StructureKind="java" NumEvents="177" CreationCount="11"/><InteractionEvent Delta="null" EndDate="2014-09-03 14:54:16.505 JST" Interest="3.0" Kind="selection" Navigation="null" OriginId="org.eclipse.jdt.ui.PackageExplorer" StartDate="2014-09-03 13:26:51.772 JST" StructureHandle="=TA2/src&amp;lt;ta2.items" StructureKind="java" NumEvents="3" CreationCount="11"/></InteractionHistory>