<?xml version="1.0" encoding="UTF-8"?><InteractionHistory Id="local-214" Version="1"><InteractionEvent Delta="null" EndDate="2014-11-16 15:44:10.880 JST" Interest="1.0" Kind="selection" Navigation="null" OriginId="org.eclipse.jdt.ui.PackageExplorer" StartDate="2014-11-16 15:44:10.880 JST" StructureHandle="=CutPlanner_A" StructureKind="java"/><InteractionEvent Delta="null" EndDate="2014-11-16 21:14:07.313 JST" Interest="454.085" Kind="propagation" Navigation="org.eclipse.mylyn.core.model.edges.containment" OriginId="org.eclipse.mylyn.core.model.interest.propagation" StartDate="2014-11-16 15:44:17.130 JST" StructureHandle="=CutPlanner_A" StructureKind="resource" NumEvents="461" CreationCount="1"/><InteractionEvent Delta="null" EndDate="2014-11-16 16:06:08.338 JST" Interest="443.085" Kind="propagation" Navigation="org.eclipse.mylyn.core.model.edges.containment" OriginId="org.eclipse.mylyn.core.model.interest.propagation" StartDate="2014-11-16 15:44:10.881 JST" StructureHandle="" StructureKind="java" NumEvents="450" CreationCount="1"/><InteractionEvent Delta="null" EndDate="2014-11-16 21:14:07.315 JST" Interest="8.407" Kind="propagation" Navigation="org.eclipse.mylyn.core.model.edges.containment" OriginId="org.eclipse.mylyn.core.model.interest.propagation" StartDate="2014-11-16 16:06:05.180 JST" StructureHandle="=CutPlanner_A/src&amp;lt;cp.views" StructureKind="java" NumEvents="7" CreationCount="1"/><InteractionEvent Delta="null" EndDate="2014-11-16 16:06:01.551 JST" Interest="1.0" Kind="prediction" Navigation="null" OriginId="org.eclipse.mylyn.resources.ui.interest.updater" StartDate="2014-11-16 16:06:01.551 JST" StructureHandle="/CutPlanner_A/AndroidManifest.xml" StructureKind="resource"/><InteractionEvent Delta="null" EndDate="2014-11-16 15:56:23.429 JST" Interest="1.0" Kind="propagation" Navigation="org.eclipse.mylyn.core.model.edges.containment" OriginId="org.eclipse.mylyn.core.model.interest.propagation" StartDate="2014-11-16 15:56:23.429 JST" StructureHandle="/NDKSample/libs/armeabi" StructureKind="resource"/><InteractionEvent Delta="null" EndDate="2014-11-16 21:14:07.313 JST" Interest="10.59" Kind="propagation" Navigation="org.eclipse.mylyn.core.model.edges.containment" OriginId="org.eclipse.mylyn.core.model.interest.propagation" StartDate="2014-11-16 16:06:05.179 JST" StructureHandle="/CutPlanner_A/src/cp/views" StructureKind="resource" NumEvents="7" CreationCount="1"/><InteractionEvent Delta="null" EndDate="2014-11-16 21:14:03.414 JST" Interest="3.0" Kind="selection" Navigation="null" OriginId="org.eclipse.jdt.ui.CompilationUnitEditor" StartDate="2014-11-16 15:55:17.244 JST" StructureHandle="=CutPlanner_A/src&amp;lt;cp.listeners.view{V_OTL.java[V_OTL~onTouch~QView;~QMotionEvent;" StructureKind="java" NumEvents="3" CreationCount="287"/><InteractionEvent Delta="null" EndDate="2014-11-16 15:55:30.930 JST" Interest="5.0" Kind="edit" Navigation="null" OriginId="org.eclipse.jdt.ui.CompilationUnitEditor" StartDate="2014-11-16 15:55:22.865 JST" StructureHandle="=CutPlanner_A/src&amp;lt;cp.listeners.view{V_OTL.java[V_OTL~onTouch~QView;~QMotionEvent;" StructureKind="java" NumEvents="5" CreationCount="287"/><InteractionEvent Delta="null" EndDate="2014-11-16 15:45:54.38 JST" Interest="1.0" Kind="selection" Navigation="null" OriginId="org.eclipse.jdt.ui.PackageExplorer" StartDate="2014-11-16 15:45:54.38 JST" StructureHandle="=CutPlanner_A/src&amp;lt;cp.utils{Tags.java" StructureKind="java"/><InteractionEvent Delta="null" EndDate="2014-11-16 16:06:05.178 JST" Interest="1.0" Kind="prediction" Navigation="null" OriginId="org.eclipse.mylyn.resources.ui.interest.updater" StartDate="2014-11-16 16:06:05.178 JST" StructureHandle="=CutPlanner_A/src&amp;lt;cp.utils{Tags.java" StructureKind="java"/><InteractionEvent Delta="null" EndDate="2014-11-16 21:14:03.415 JST" Interest="18.0" Kind="propagation" Navigation="null" OriginId="org.eclipse.jdt.ui.CompilationUnitEditor" StartDate="2014-11-16 15:47:38.362 JST" StructureHandle="/CutPlanner_A/src/cp/listeners/view/V_OTL.java" StructureKind="resource" NumEvents="18" CreationCount="40"/><InteractionEvent Delta="null" EndDate="2014-11-16 21:14:03.414 JST" Interest="10.682" Kind="propagation" Navigation="org.eclipse.mylyn.core.model.edges.containment" OriginId="org.eclipse.mylyn.core.model.interest.propagation" StartDate="2014-11-16 15:47:40.222 JST" StructureHandle="=CutPlanner_A/src&amp;lt;cp.listeners.view{V_OTL.java[V_OTL" StructureKind="java" NumEvents="11" CreationCount="41"/><InteractionEvent Delta="null" EndDate="2014-11-16 15:48:42.607 JST" Interest="2.0" Kind="selection" Navigation="null" OriginId="org.eclipse.jdt.ui.CompilationUnitEditor" StartDate="2014-11-16 15:48:42.510 JST" StructureHandle="=CutPlanner_A/src&amp;lt;cp.main{MainActv.java[MainActv~onStart" StructureKind="java" NumEvents="2" CreationCount="66"/><InteractionEvent Delta="null" EndDate="2014-11-16 15:49:06.446 JST" Interest="30.0" Kind="edit" Navigation="null" OriginId="org.eclipse.jdt.ui.CompilationUnitEditor" StartDate="2014-11-16 15:48:43.68 JST" StructureHandle="=CutPlanner_A/src&amp;lt;cp.main{MainActv.java[MainActv~onStart" StructureKind="java" NumEvents="30" CreationCount="66"/><InteractionEvent Delta="null" EndDate="2014-11-16 21:14:02.132 JST" Interest="95.799995" Kind="propagation" Navigation="org.eclipse.mylyn.core.model.edges.containment" OriginId="org.eclipse.mylyn.core.model.interest.propagation" StartDate="2014-11-16 15:54:34.600 JST" StructureHandle="=CutPlanner_A/src&amp;lt;cp.utils{Methods.java[Methods" StructureKind="java" NumEvents="133" CreationCount="282"/><InteractionEvent Delta="null" EndDate="2014-11-16 15:47:08.641 JST" Interest="1.0" Kind="selection" Navigation="null" OriginId="org.eclipse.jdt.ui.CompilationUnitEditor" StartDate="2014-11-16 15:47:08.641 JST" StructureHandle="=CutPlanner_A/src&amp;lt;cp.utils{CONS.java[CONS[Canvas[Layer^Rect_" StructureKind="java"/><InteractionEvent Delta="null" EndDate="2014-11-16 15:51:53.819 JST" Interest="1.0" Kind="prediction" Navigation="null" OriginId="org.eclipse.mylyn.resources.ui.interest.updater" StartDate="2014-11-16 15:51:53.819 JST" StructureHandle="/CutPlanner_A/bin/resources.ap_" StructureKind="resource"/><InteractionEvent Delta="null" EndDate="2014-11-16 15:50:22.430 JST" Interest="4.0" Kind="selection" Navigation="null" OriginId="org.eclipse.jdt.ui.CompilationUnitEditor" StartDate="2014-11-16 15:45:54.420 JST" StructureHandle="=CutPlanner_A/src&amp;lt;cp.utils{CONS.java" StructureKind="java" NumEvents="4" CreationCount="6"/><InteractionEvent Delta="null" EndDate="2014-11-16 15:47:29.625 JST" Interest="9.617001" Kind="propagation" Navigation="org.eclipse.mylyn.core.model.edges.containment" OriginId="org.eclipse.mylyn.core.model.interest.propagation" StartDate="2014-11-16 15:45:56.729 JST" StructureHandle="=CutPlanner_A/src&amp;lt;cp.utils{CONS.java" StructureKind="java" NumEvents="15" CreationCount="6"/><InteractionEvent Delta="null" EndDate="2014-11-16 21:14:04.926 JST" Interest="1.0" Kind="selection" Navigation="null" OriginId="org.eclipse.jdt.ui.CompilationUnitEditor" StartDate="2014-11-16 21:14:04.926 JST" StructureHandle="=CutPlanner_A/src&amp;lt;cp.views{CV.java" StructureKind="java"/><InteractionEvent Delta="null" EndDate="2014-11-16 21:14:07.314 JST" Interest="2.8339999" Kind="propagation" Navigation="org.eclipse.mylyn.core.model.edges.containment" OriginId="org.eclipse.mylyn.core.model.interest.propagation" StartDate="2014-11-16 21:14:04.994 JST" StructureHandle="=CutPlanner_A/src&amp;lt;cp.views{CV.java" StructureKind="java" NumEvents="5" CreationCount="44"/><InteractionEvent Delta="null" EndDate="2014-11-16 16:06:05.179 JST" Interest="1.0" Kind="prediction" Navigation="null" OriginId="org.eclipse.mylyn.resources.ui.interest.updater" StartDate="2014-11-16 16:06:05.179 JST" StructureHandle="=CutPlanner_A/src&amp;lt;cp.views{CV.java" StructureKind="java"/><InteractionEvent Delta="null" EndDate="2014-11-16 21:14:04.926 JST" Interest="2.8420002" Kind="manipulation" Navigation="null" OriginId="org.eclipse.mylyn.core.model.interest.decay.correction" StartDate="2014-11-16 21:14:04.926 JST" StructureHandle="=CutPlanner_A/src&amp;lt;cp.views{CV.java" StructureKind="java"/><InteractionEvent Delta="null" EndDate="2014-11-16 15:46:43.119 JST" Interest="2.0" Kind="selection" Navigation="null" OriginId="org.eclipse.jdt.ui.CompilationUnitEditor" StartDate="2014-11-16 15:46:12.327 JST" StructureHandle="=CutPlanner_A/src&amp;lt;cp.utils{CONS.java[CONS[Canvas^Ax1" StructureKind="java" NumEvents="2" CreationCount="15"/><InteractionEvent Delta="null" EndDate="2014-11-16 16:06:07.746 JST" Interest="9.0" Kind="selection" Navigation="null" OriginId="org.eclipse.jdt.ui.CompilationUnitEditor" StartDate="2014-11-16 15:54:34.599 JST" StructureHandle="=CutPlanner_A/src&amp;lt;cp.utils{Methods.java[Methods~identify~QActivity;~F~F" StructureKind="java" NumEvents="9" CreationCount="282"/><InteractionEvent Delta="null" EndDate="2014-11-16 21:14:02.131 JST" Interest="124.0" Kind="edit" Navigation="null" OriginId="org.eclipse.jdt.ui.CompilationUnitEditor" StartDate="2014-11-16 15:54:39.343 JST" StructureHandle="=CutPlanner_A/src&amp;lt;cp.utils{Methods.java[Methods~identify~QActivity;~F~F" StructureKind="java" NumEvents="124" CreationCount="282"/><InteractionEvent Delta="null" EndDate="2014-11-16 15:54:25.39 JST" Interest="4.0" Kind="selection" Navigation="null" OriginId="org.eclipse.jdt.ui.CompilationUnitEditor" StartDate="2014-11-16 15:48:38.716 JST" StructureHandle="=CutPlanner_A/src&amp;lt;cp.main{MainActv.java[MainActv" StructureKind="java" NumEvents="4" CreationCount="44"/><InteractionEvent Delta="null" EndDate="2014-11-16 15:54:25.872 JST" Interest="6.0" Kind="edit" Navigation="null" OriginId="org.eclipse.jdt.ui.CompilationUnitEditor" StartDate="2014-11-16 15:48:38.720 JST" StructureHandle="=CutPlanner_A/src&amp;lt;cp.main{MainActv.java[MainActv" StructureKind="java" NumEvents="6" CreationCount="44"/><InteractionEvent Delta="null" EndDate="2014-11-16 15:57:09.69 JST" Interest="121.53499" Kind="propagation" Navigation="org.eclipse.mylyn.core.model.edges.containment" OriginId="org.eclipse.mylyn.core.model.interest.propagation" StartDate="2014-11-16 15:48:18.612 JST" StructureHandle="=CutPlanner_A/src&amp;lt;cp.main{MainActv.java[MainActv" StructureKind="java" NumEvents="172" CreationCount="44"/><InteractionEvent Delta="null" EndDate="2014-11-16 21:14:07.312 JST" Interest="3.8" Kind="propagation" Navigation="org.eclipse.mylyn.core.model.edges.containment" OriginId="org.eclipse.mylyn.core.model.interest.propagation" StartDate="2014-11-16 21:14:04.994 JST" StructureHandle="=CutPlanner_A/src&amp;lt;cp.views{CV.java[CV" StructureKind="java" NumEvents="5" CreationCount="272"/><InteractionEvent Delta="null" EndDate="2014-11-16 15:55:16.537 JST" Interest="4.0" Kind="selection" Navigation="null" OriginId="org.eclipse.jdt.ui.CompilationUnitEditor" StartDate="2014-11-16 15:47:40.221 JST" StructureHandle="=CutPlanner_A/src&amp;lt;cp.listeners.view{V_OTL.java[V_OTL~V_OTL~QActivity;" StructureKind="java" NumEvents="4" CreationCount="41"/><InteractionEvent Delta="null" EndDate="2014-11-16 15:50:19.722 JST" Interest="1.5840001" Kind="manipulation" Navigation="null" OriginId="org.eclipse.mylyn.core.model.interest.decay.correction" StartDate="2014-11-16 15:50:19.722 JST" StructureHandle="=CutPlanner_A/src&amp;lt;cp.listeners.view{V_OTL.java[V_OTL~V_OTL~QActivity;" StructureKind="java"/><InteractionEvent Delta="null" EndDate="2014-11-16 21:14:07.313 JST" Interest="455.085" Kind="propagation" Navigation="org.eclipse.mylyn.core.model.edges.containment" OriginId="org.eclipse.mylyn.core.model.interest.propagation" StartDate="2014-11-16 15:44:10.880 JST" StructureHandle="/" StructureKind="resource" NumEvents="456" CreationCount="1"/><InteractionEvent Delta="null" EndDate="2014-11-16 15:56:23.429 JST" Interest="1.0" Kind="propagation" Navigation="null" OriginId="org.eclipse.mylyn.resources.ui.interest.updater" StartDate="2014-11-16 15:56:23.429 JST" StructureHandle="/NDKSample" StructureKind="resource"/><InteractionEvent Delta="null" EndDate="2014-11-16 21:14:04.46 JST" Interest="1.0" Kind="selection" Navigation="null" OriginId="org.eclipse.jdt.ui.CompilationUnitEditor" StartDate="2014-11-16 21:14:04.46 JST" StructureHandle="=CutPlanner_A/src&amp;lt;cp.main{MainActv.java[MainActv~_Setup__Layer" StructureKind="java"/><InteractionEvent Delta="null" EndDate="2014-11-16 15:47:36.606 JST" Interest="1.0" Kind="selection" Navigation="null" OriginId="org.eclipse.jdt.ui.PackageExplorer" StartDate="2014-11-16 15:47:36.606 JST" StructureHandle="=CutPlanner_A/src&amp;lt;cp.listeners.view" StructureKind="java"/><InteractionEvent Delta="null" EndDate="2014-11-16 21:14:03.417 JST" Interest="9.716" Kind="propagation" Navigation="org.eclipse.mylyn.core.model.edges.containment" OriginId="org.eclipse.mylyn.core.model.interest.propagation" StartDate="2014-11-16 15:47:38.362 JST" StructureHandle="=CutPlanner_A/src&amp;lt;cp.listeners.view" StructureKind="java" NumEvents="16" CreationCount="39"/><InteractionEvent Delta="null" EndDate="2014-11-16 21:14:04.47 JST" Interest="250.68001" Kind="propagation" Navigation="org.eclipse.mylyn.core.model.edges.containment" OriginId="org.eclipse.mylyn.core.model.interest.propagation" StartDate="2014-11-16 15:44:26.58 JST" StructureHandle="/CutPlanner_A/src/cp" StructureKind="resource" NumEvents="254" CreationCount="3"/><InteractionEvent Delta="null" EndDate="2014-11-16 15:46:01.739 JST" Interest="1.0" Kind="selection" Navigation="null" OriginId="org.eclipse.jdt.ui.CompilationUnitEditor" StartDate="2014-11-16 15:46:01.739 JST" StructureHandle="=CutPlanner_A/src&amp;lt;cp.utils{CONS.java[CONS[Canvas[ChosenObj" StructureKind="java"/><InteractionEvent Delta="null" EndDate="2014-11-16 21:14:02.133 JST" Interest="145.0" Kind="propagation" Navigation="null" OriginId="org.eclipse.jdt.ui.CompilationUnitEditor" StartDate="2014-11-16 15:54:30.898 JST" StructureHandle="/CutPlanner_A/src/cp/utils/Methods.java" StructureKind="resource" NumEvents="145" CreationCount="281"/><InteractionEvent Delta="null" EndDate="2014-11-16 15:44:26.58 JST" Interest="1.0" Kind="selection" Navigation="null" OriginId="org.eclipse.jdt.ui.PackageExplorer" StartDate="2014-11-16 15:44:26.58 JST" StructureHandle="=CutPlanner_A/src&amp;lt;cp.main" StructureKind="java"/><InteractionEvent Delta="null" EndDate="2014-11-16 21:14:04.48 JST" Interest="130.43198" Kind="propagation" Navigation="org.eclipse.mylyn.core.model.edges.containment" OriginId="org.eclipse.mylyn.core.model.interest.propagation" StartDate="2014-11-16 15:47:51.687 JST" StructureHandle="=CutPlanner_A/src&amp;lt;cp.main" StructureKind="java" NumEvents="189" CreationCount="3"/><InteractionEvent Delta="null" EndDate="2014-11-16 15:59:23.14 JST" Interest="1.0" Kind="selection" Navigation="null" OriginId="org.eclipse.jdt.ui.CompilationUnitEditor" StartDate="2014-11-16 15:59:23.14 JST" StructureHandle="=CutPlanner_A/src&amp;lt;cp.utils{Methods.java[Methods~conv_MillSec_to_ClockLabel~J" StructureKind="java"/><InteractionEvent Delta="null" EndDate="2014-11-16 15:59:27.710 JST" Interest="2.0" Kind="edit" Navigation="null" OriginId="org.eclipse.jdt.ui.CompilationUnitEditor" StartDate="2014-11-16 15:59:27.195 JST" StructureHandle="=CutPlanner_A/src&amp;lt;cp.utils{Methods.java[Methods~conv_MillSec_to_ClockLabel~J" StructureKind="java" NumEvents="2" CreationCount="377"/><InteractionEvent Delta="null" EndDate="2014-11-16 15:56:23.429 JST" Interest="1.0" Kind="propagation" Navigation="org.eclipse.mylyn.core.model.edges.containment" OriginId="org.eclipse.mylyn.core.model.interest.propagation" StartDate="2014-11-16 15:56:23.429 JST" StructureHandle="/NDKSample/libs" StructureKind="resource"/><InteractionEvent Delta="null" EndDate="2014-11-16 21:14:03.937 JST" Interest="7.0" Kind="selection" Navigation="null" OriginId="org.eclipse.jdt.ui.CompilationUnitEditor" StartDate="2014-11-16 15:47:51.686 JST" StructureHandle="=CutPlanner_A/src&amp;lt;cp.main{MainActv.java" StructureKind="java" NumEvents="7" CreationCount="43"/><InteractionEvent Delta="null" EndDate="2014-11-16 15:57:09.69 JST" Interest="123.75198" Kind="propagation" Navigation="org.eclipse.mylyn.core.model.edges.containment" OriginId="org.eclipse.mylyn.core.model.interest.propagation" StartDate="2014-11-16 15:48:18.613 JST" StructureHandle="=CutPlanner_A/src&amp;lt;cp.main{MainActv.java" StructureKind="java" NumEvents="181" CreationCount="43"/><InteractionEvent Delta="null" EndDate="2014-11-16 16:01:51.175 JST" Interest="3.0" Kind="prediction" Navigation="null" OriginId="org.eclipse.mylyn.resources.ui.interest.updater" StartDate="2014-11-16 15:51:53.819 JST" StructureHandle="/CutPlanner_A/bin/CutPlanner_A.apk" StructureKind="resource" NumEvents="3" CreationCount="259"/><InteractionEvent Delta="null" EndDate="2014-11-16 15:55:12.772 JST" Interest="2.0" Kind="selection" Navigation="null" OriginId="org.eclipse.search.ui.views.SearchView" StartDate="2014-11-16 15:44:41.896 JST" StructureHandle="=CutPlanner_A/src&amp;lt;cp.utils" StructureKind="java" NumEvents="2" CreationCount="4"/><InteractionEvent Delta="null" EndDate="2014-11-16 21:14:02.134 JST" Interest="98.52599" Kind="propagation" Navigation="org.eclipse.mylyn.core.model.edges.containment" OriginId="org.eclipse.mylyn.core.model.interest.propagation" StartDate="2014-11-16 15:45:54.39 JST" StructureHandle="=CutPlanner_A/src&amp;lt;cp.utils" StructureKind="java" NumEvents="145" CreationCount="4"/><InteractionEvent Delta="null" EndDate="2014-11-16 16:06:03.55 JST" Interest="5.0" Kind="selection" Navigation="null" OriginId="org.eclipse.jdt.ui.PackageExplorer" StartDate="2014-11-16 15:54:30.898 JST" StructureHandle="=CutPlanner_A/src&amp;lt;cp.utils{Methods.java" StructureKind="java" NumEvents="5" CreationCount="281"/><InteractionEvent Delta="null" EndDate="2014-11-16 21:14:02.133 JST" Interest="90.81699" Kind="propagation" Navigation="org.eclipse.mylyn.core.model.edges.containment" OriginId="org.eclipse.mylyn.core.model.interest.propagation" StartDate="2014-11-16 15:54:34.600 JST" StructureHandle="=CutPlanner_A/src&amp;lt;cp.utils{Methods.java" StructureKind="java" NumEvents="130" CreationCount="281"/><InteractionEvent Delta="null" EndDate="2014-11-16 15:44:17.130 JST" Interest="1.0" Kind="selection" Navigation="null" OriginId="org.eclipse.jdt.ui.PackageExplorer" StartDate="2014-11-16 15:44:17.130 JST" StructureHandle="=CutPlanner_A/src" StructureKind="java"/><InteractionEvent Delta="null" EndDate="2014-11-16 21:14:03.939 JST" Interest="130.44897" Kind="propagation" Navigation="org.eclipse.mylyn.core.model.edges.containment" OriginId="org.eclipse.mylyn.core.model.interest.propagation" StartDate="2014-11-16 15:44:26.59 JST" StructureHandle="=CutPlanner_A/src" StructureKind="java" NumEvents="198" CreationCount="2"/><InteractionEvent Delta="null" EndDate="2014-11-16 21:14:07.315 JST" Interest="456.068" Kind="propagation" Navigation="null" OriginId="org.eclipse.jdt.ui.CompilationUnitEditor" StartDate="2014-11-16 15:44:17.130 JST" StructureHandle="/CutPlanner_A/src" StructureKind="resource" NumEvents="461" CreationCount="2"/><InteractionEvent Delta="null" EndDate="2014-11-16 15:51:53.820 JST" Interest="1.0" Kind="propagation" Navigation="org.eclipse.mylyn.core.model.edges.containment" OriginId="org.eclipse.mylyn.core.model.interest.propagation" StartDate="2014-11-16 15:51:53.820 JST" StructureHandle="/CutPlanner_A/bin" StructureKind="resource"/><InteractionEvent Delta="null" EndDate="2014-11-16 15:48:27.108 JST" Interest="3.0" Kind="selection" Navigation="null" OriginId="org.eclipse.jdt.ui.CompilationUnitEditor" StartDate="2014-11-16 15:48:26.982 JST" StructureHandle="=CutPlanner_A/src&amp;lt;cp.main{MainActv.java[MainActv~_Setup" StructureKind="java" NumEvents="3" CreationCount="46"/><InteractionEvent Delta="null" EndDate="2014-11-16 15:48:37.39 JST" Interest="12.0" Kind="edit" Navigation="null" OriginId="org.eclipse.jdt.ui.CompilationUnitEditor" StartDate="2014-11-16 15:48:27.583 JST" StructureHandle="=CutPlanner_A/src&amp;lt;cp.main{MainActv.java[MainActv~_Setup" StructureKind="java" NumEvents="12" CreationCount="46"/><InteractionEvent Delta="null" EndDate="2014-11-16 21:14:03.415 JST" Interest="18.016998" Kind="propagation" Navigation="org.eclipse.mylyn.core.model.edges.containment" OriginId="org.eclipse.mylyn.core.model.interest.propagation" StartDate="2014-11-16 15:47:36.607 JST" StructureHandle="/CutPlanner_A/src/cp/listeners/view" StructureKind="resource" NumEvents="19" CreationCount="39"/><InteractionEvent Delta="null" EndDate="2014-11-16 15:47:16.855 JST" Interest="3.0" Kind="selection" Navigation="null" OriginId="org.eclipse.jdt.ui.CompilationUnitEditor" StartDate="2014-11-16 15:46:54.637 JST" StructureHandle="=CutPlanner_A/src&amp;lt;cp.utils{CONS.java[CONS[Canvas~List" StructureKind="java" NumEvents="3" CreationCount="23"/><InteractionEvent Delta="null" EndDate="2014-11-16 15:50:22.681 JST" Interest="7.0" Kind="selection" Navigation="null" OriginId="org.eclipse.jdt.ui.CompilationUnitEditor" StartDate="2014-11-16 15:45:56.727 JST" StructureHandle="=CutPlanner_A/src&amp;lt;cp.utils{CONS.java[CONS[Canvas" StructureKind="java" NumEvents="7" CreationCount="7"/><InteractionEvent Delta="null" EndDate="2014-11-16 15:47:20.566 JST" Interest="8.0" Kind="edit" Navigation="null" OriginId="org.eclipse.jdt.ui.CompilationUnitEditor" StartDate="2014-11-16 15:46:00.782 JST" StructureHandle="=CutPlanner_A/src&amp;lt;cp.utils{CONS.java[CONS[Canvas" StructureKind="java" NumEvents="8" CreationCount="7"/><InteractionEvent Delta="null" EndDate="2014-11-16 15:56:23.428 JST" Interest="1.0" Kind="prediction" Navigation="null" OriginId="org.eclipse.mylyn.resources.ui.interest.updater" StartDate="2014-11-16 15:56:23.428 JST" StructureHandle="/NDKSample/libs/armeabi/libNDKSample.so" StructureKind="resource"/><InteractionEvent Delta="null" EndDate="2014-11-16 15:56:23.429 JST" Interest="1.0" Kind="propagation" Navigation="org.eclipse.mylyn.core.model.edges.containment" OriginId="org.eclipse.mylyn.core.model.interest.propagation" StartDate="2014-11-16 15:56:23.429 JST" StructureHandle="=NDKSample" StructureKind="java"/><InteractionEvent Delta="null" EndDate="2014-11-16 15:47:06.895 JST" Interest="3.0" Kind="edit" Navigation="null" OriginId="org.eclipse.jdt.ui.CompilationUnitEditor" StartDate="2014-11-16 15:46:58.151 JST" StructureHandle="=CutPlanner_A/src&amp;lt;cp.utils{CONS.java[CONS[Canvas[Layer" StructureKind="java" NumEvents="3" CreationCount="23"/><InteractionEvent Delta="null" EndDate="2014-11-16 15:50:22.681 JST" Interest="12.6" Kind="propagation" Navigation="org.eclipse.mylyn.core.model.edges.containment" OriginId="org.eclipse.mylyn.core.model.interest.propagation" StartDate="2014-11-16 15:45:56.727 JST" StructureHandle="=CutPlanner_A/src&amp;lt;cp.utils{CONS.java[CONS" StructureKind="java" NumEvents="15" CreationCount="7"/><InteractionEvent Delta="null" EndDate="2014-11-16 15:59:18.465 JST" Interest="1.0" Kind="selection" Navigation="null" OriginId="org.eclipse.jdt.ui.CompilationUnitEditor" StartDate="2014-11-16 15:59:18.465 JST" StructureHandle="=CutPlanner_A/src&amp;lt;cp.utils{Methods.java[Methods~conv_TimeLabel_to_MillSec~QString;" StructureKind="java"/><InteractionEvent Delta="null" EndDate="2014-11-16 15:59:21.583 JST" Interest="1.0" Kind="edit" Navigation="null" OriginId="org.eclipse.jdt.ui.CompilationUnitEditor" StartDate="2014-11-16 15:59:21.583 JST" StructureHandle="=CutPlanner_A/src&amp;lt;cp.utils{Methods.java[Methods~conv_TimeLabel_to_MillSec~QString;" StructureKind="java"/><InteractionEvent Delta="null" EndDate="2014-11-16 21:14:03.415 JST" Interest="18.016998" Kind="propagation" Navigation="org.eclipse.mylyn.core.model.edges.containment" OriginId="org.eclipse.mylyn.core.model.interest.propagation" StartDate="2014-11-16 15:47:36.607 JST" StructureHandle="/CutPlanner_A/src/cp/listeners" StructureKind="resource" NumEvents="19" CreationCount="39"/><InteractionEvent Delta="null" EndDate="2014-11-16 15:47:23.487 JST" Interest="1.0" Kind="selection" Navigation="null" OriginId="org.eclipse.jdt.ui.CompilationUnitEditor" StartDate="2014-11-16 15:47:23.487 JST" StructureHandle="=CutPlanner_A/src&amp;lt;cp.utils{CONS.java[CONS[Canvas^list_Layer" StructureKind="java"/><InteractionEvent Delta="null" EndDate="2014-11-16 15:47:26.932 JST" Interest="2.0" Kind="edit" Navigation="null" OriginId="org.eclipse.jdt.ui.CompilationUnitEditor" StartDate="2014-11-16 15:47:24.656 JST" StructureHandle="=CutPlanner_A/src&amp;lt;cp.utils{CONS.java[CONS[Canvas^list_Layer" StructureKind="java" NumEvents="2" CreationCount="34"/><InteractionEvent Delta="null" EndDate="2014-11-16 21:14:04.47 JST" Interest="250.68001" Kind="propagation" Navigation="org.eclipse.mylyn.core.model.edges.containment" OriginId="org.eclipse.mylyn.core.model.interest.propagation" StartDate="2014-11-16 15:44:26.58 JST" StructureHandle="/CutPlanner_A/src/cp/main" StructureKind="resource" NumEvents="251" CreationCount="3"/><InteractionEvent Delta="null" EndDate="2014-11-16 15:50:22.681 JST" Interest="35.0" Kind="propagation" Navigation="null" OriginId="org.eclipse.jdt.ui.CompilationUnitEditor" StartDate="2014-11-16 15:45:54.420 JST" StructureHandle="/CutPlanner_A/src/cp/utils/CONS.java" StructureKind="resource" NumEvents="35" CreationCount="6"/><InteractionEvent Delta="null" EndDate="2014-11-16 21:14:07.313 JST" Interest="7.0" Kind="propagation" Navigation="null" OriginId="org.eclipse.jdt.ui.CompilationUnitEditor" StartDate="2014-11-16 16:06:05.179 JST" StructureHandle="/CutPlanner_A/src/cp/views/CV.java" StructureKind="resource" NumEvents="7" CreationCount="122"/><InteractionEvent Delta="null" EndDate="2014-11-16 21:14:04.926 JST" Interest="1.5330002" Kind="manipulation" Navigation="null" OriginId="org.eclipse.mylyn.core.model.interest.decay.correction" StartDate="2014-11-16 21:14:04.926 JST" StructureHandle="/CutPlanner_A/src/cp/views/CV.java" StructureKind="resource"/><InteractionEvent Delta="null" EndDate="2014-11-16 15:46:10.542 JST" Interest="1.0" Kind="selection" Navigation="null" OriginId="org.eclipse.jdt.ui.CompilationUnitEditor" StartDate="2014-11-16 15:46:10.542 JST" StructureHandle="=CutPlanner_A/src&amp;lt;cp.utils{CONS.java[CONS[Canvas^currentObj" StructureKind="java"/><InteractionEvent Delta="null" EndDate="2014-11-16 21:14:04.46 JST" Interest="250.0" Kind="propagation" Navigation="null" OriginId="org.eclipse.jdt.ui.CompilationUnitEditor" StartDate="2014-11-16 15:47:51.687 JST" StructureHandle="/CutPlanner_A/src/cp/main/MainActv.java" StructureKind="resource" NumEvents="250" CreationCount="43"/><InteractionEvent Delta="null" EndDate="2014-11-16 15:48:27.76 JST" Interest="4.0" Kind="selection" Navigation="null" OriginId="org.eclipse.jdt.ui.CompilationUnitEditor" StartDate="2014-11-16 15:48:18.612 JST" StructureHandle="=CutPlanner_A/src&amp;lt;cp.main{MainActv.java[MainActv~onCreate~QBundle;" StructureKind="java" NumEvents="4" CreationCount="44"/><InteractionEvent Delta="null" EndDate="2014-11-16 21:14:03.332 JST" Interest="6.0" Kind="selection" Navigation="null" OriginId="org.eclipse.jdt.ui.CompilationUnitEditor" StartDate="2014-11-16 15:47:38.361 JST" StructureHandle="=CutPlanner_A/src&amp;lt;cp.listeners.view{V_OTL.java" StructureKind="java" NumEvents="6" CreationCount="40"/><InteractionEvent Delta="null" EndDate="2014-11-16 21:14:03.416 JST" Interest="4.1320004" Kind="propagation" Navigation="org.eclipse.mylyn.core.model.edges.containment" OriginId="org.eclipse.mylyn.core.model.interest.propagation" StartDate="2014-11-16 15:47:40.223 JST" StructureHandle="=CutPlanner_A/src&amp;lt;cp.listeners.view{V_OTL.java" StructureKind="java" NumEvents="10" CreationCount="40"/><InteractionEvent Delta="null" EndDate="2014-11-16 15:50:19.405 JST" Interest="0.5670001" Kind="manipulation" Navigation="null" OriginId="org.eclipse.mylyn.core.model.interest.decay.correction" StartDate="2014-11-16 15:50:19.405 JST" StructureHandle="=CutPlanner_A/src&amp;lt;cp.listeners.view{V_OTL.java" StructureKind="java"/><InteractionEvent Delta="null" EndDate="2014-11-16 16:06:08.338 JST" Interest="454.0" Kind="propagation" Navigation="null" OriginId="org.eclipse.jdt.ui.CompilationUnitEditor" StartDate="2014-11-16 15:44:10.880 JST" StructureHandle="/CutPlanner_A" StructureKind="resource" NumEvents="454" CreationCount="1"/><InteractionEvent Delta="null" EndDate="2014-11-16 15:45:54.38 JST" Interest="1.0" Kind="propagation" Navigation="null" OriginId="org.eclipse.jdt.ui.PackageExplorer" StartDate="2014-11-16 15:45:54.38 JST" StructureHandle="/CutPlanner_A/src/cp/utils/Tags.java" StructureKind="resource"/><InteractionEvent Delta="null" EndDate="2014-11-16 16:01:51.176 JST" Interest="3.0" Kind="prediction" Navigation="null" OriginId="org.eclipse.mylyn.resources.ui.interest.updater" StartDate="2014-11-16 15:51:53.819 JST" StructureHandle="/CutPlanner_A/bin/classes.dex" StructureKind="resource" NumEvents="3" CreationCount="259"/><InteractionEvent Delta="null" EndDate="2014-11-16 21:14:02.134 JST" Interest="181.034" Kind="propagation" Navigation="null" OriginId="org.eclipse.jdt.ui.CompilationUnitEditor" StartDate="2014-11-16 15:44:41.896 JST" StructureHandle="/CutPlanner_A/src/cp/utils" StructureKind="resource" NumEvents="183" CreationCount="4"/><InteractionEvent Delta="null" EndDate="2014-11-16 21:14:04.992 JST" Interest="1.0" Kind="selection" Navigation="null" OriginId="org.eclipse.jdt.ui.CompilationUnitEditor" StartDate="2014-11-16 21:14:04.992 JST" StructureHandle="=CutPlanner_A/src&amp;lt;cp.views{CV.java[CV~onDraw~QCanvas;" StructureKind="java"/><InteractionEvent Delta="null" EndDate="2014-11-16 21:14:07.312 JST" Interest="4.0" Kind="edit" Navigation="null" OriginId="org.eclipse.jdt.ui.CompilationUnitEditor" StartDate="2014-11-16 21:14:06.236 JST" StructureHandle="=CutPlanner_A/src&amp;lt;cp.views{CV.java[CV~onDraw~QCanvas;" StructureKind="java" NumEvents="4" CreationCount="272"/></InteractionHistory>