<?xml version="1.0" encoding="UTF-8"?><InteractionHistory Id="local-245" Version="1"><InteractionEvent Delta="null" EndDate="2014-12-12 09:53:41.802 JST" Interest="2.0" Kind="selection" Navigation="null" OriginId="org.eclipse.jdt.ui.PackageExplorer" StartDate="2014-12-10 16:07:45.888 JST" StructureHandle="=CutPlanner_A/src&amp;lt;cp.views" StructureKind="java" NumEvents="2" CreationCount="757"/><InteractionEvent Delta="null" EndDate="2014-12-10 16:07:36.694 JST" Interest="8.285" Kind="propagation" Navigation="org.eclipse.mylyn.core.model.edges.containment" OriginId="org.eclipse.mylyn.core.model.interest.propagation" StartDate="2014-12-10 15:59:57.953 JST" StructureHandle="=CutPlanner_A/src&amp;lt;cp.views" StructureKind="java" NumEvents="12" CreationCount="757"/><InteractionEvent Delta="null" EndDate="2014-12-12 10:26:15.201 JST" Interest="2.0" Kind="selection" Navigation="null" OriginId="org.eclipse.ui.views.ContentOutline" StartDate="2014-12-10 15:31:34.969 JST" StructureHandle="=CutPlanner_A/src&amp;lt;cp.main{MainActv.java%cp.main" StructureKind="java" NumEvents="2" CreationCount="165"/><InteractionEvent Delta="null" EndDate="2014-12-12 10:26:15.201 JST" Interest="24.857002" Kind="manipulation" Navigation="null" OriginId="org.eclipse.mylyn.core.model.interest.decay.correction" StartDate="2014-12-12 10:26:15.201 JST" StructureHandle="=CutPlanner_A/src&amp;lt;cp.main{MainActv.java%cp.main" StructureKind="java"/><InteractionEvent Delta="null" EndDate="2014-12-12 10:16:38.928 JST" Interest="13.0" Kind="selection" Navigation="null" OriginId="org.eclipse.jdt.ui.CompilationUnitEditor" StartDate="2014-12-12 09:54:45.979 JST" StructureHandle="=CutPlanner_A/src&amp;lt;cp.listeners.view{V_OTL.java[V_OTL~_case_ACTION_DOWN~F~F" StructureKind="java" NumEvents="13" CreationCount="905"/><InteractionEvent Delta="null" EndDate="2014-12-12 10:11:30.401 JST" Interest="1.598" Kind="manipulation" Navigation="null" OriginId="org.eclipse.mylyn.core.model.interest.decay.correction" StartDate="2014-12-12 10:11:30.401 JST" StructureHandle="=CutPlanner_A/src&amp;lt;cp.listeners.view{V_OTL.java[V_OTL~_case_ACTION_DOWN~F~F" StructureKind="java"/><InteractionEvent Delta="null" EndDate="2014-12-12 10:16:38.939 JST" Interest="12.0" Kind="edit" Navigation="null" OriginId="org.eclipse.jdt.ui.CompilationUnitEditor" StartDate="2014-12-12 09:54:47.274 JST" StructureHandle="=CutPlanner_A/src&amp;lt;cp.listeners.view{V_OTL.java[V_OTL~_case_ACTION_DOWN~F~F" StructureKind="java" NumEvents="12" CreationCount="905"/><InteractionEvent Delta="null" EndDate="2014-12-10 16:00:51.796 JST" Interest="2.0" Kind="selection" Navigation="null" OriginId="org.eclipse.jdt.ui.CompilationUnitEditor" StartDate="2014-12-10 15:54:02.304 JST" StructureHandle="=CutPlanner_A/src&amp;lt;cp.utils{CONS.java[CONS[Canvas2^currentObj" StructureKind="java" NumEvents="2" CreationCount="550"/><InteractionEvent Delta="null" EndDate="2014-12-10 16:00:51.796 JST" Interest="3.012" Kind="manipulation" Navigation="null" OriginId="org.eclipse.mylyn.core.model.interest.decay.correction" StartDate="2014-12-10 16:00:51.796 JST" StructureHandle="=CutPlanner_A/src&amp;lt;cp.utils{CONS.java[CONS[Canvas2^currentObj" StructureKind="java"/><InteractionEvent Delta="null" EndDate="2014-12-12 10:00:32.495 JST" Interest="2.0" Kind="selection" Navigation="null" OriginId="org.eclipse.jdt.ui.CompilationUnitEditor" StartDate="2014-12-10 15:54:00.493 JST" StructureHandle="=CutPlanner_A/src&amp;lt;cp.utils{CONS.java[CONS[Canvas2[ChosenObj^Rect_A" StructureKind="java" NumEvents="2" CreationCount="170"/><InteractionEvent Delta="null" EndDate="2014-12-12 10:00:32.495 JST" Interest="12.022" Kind="manipulation" Navigation="null" OriginId="org.eclipse.mylyn.core.model.interest.decay.correction" StartDate="2014-12-12 10:00:32.495 JST" StructureHandle="=CutPlanner_A/src&amp;lt;cp.utils{CONS.java[CONS[Canvas2[ChosenObj^Rect_A" StructureKind="java"/><InteractionEvent Delta="null" EndDate="2014-12-12 09:56:39.406 JST" Interest="48.0" Kind="propagation" Navigation="null" OriginId="org.eclipse.jdt.ui.CompilationUnitEditor" StartDate="2014-12-10 15:59:57.953 JST" StructureHandle="/CutPlanner_A/src/cp/views" StructureKind="resource" NumEvents="48" CreationCount="757"/><InteractionEvent Delta="null" EndDate="2014-12-10 15:32:00.618 JST" Interest="1.0" Kind="selection" Navigation="null" OriginId="org.eclipse.jdt.ui.CompilationUnitEditor" StartDate="2014-12-10 15:32:00.618 JST" StructureHandle="=CutPlanner_A/src&amp;lt;cp.listeners.view{V_OTL.java[V_OTL^cv2" StructureKind="java"/><InteractionEvent Delta="null" EndDate="2014-12-12 10:13:54.617 JST" Interest="19.0" Kind="selection" Navigation="null" OriginId="org.eclipse.jdt.ui.CompilationUnitEditor" StartDate="2014-12-10 15:32:08.539 JST" StructureHandle="=CutPlanner_A/src&amp;lt;cp.listeners.view{V_OTL.java[V_OTL~onTouch~QView;~QMotionEvent;" StructureKind="java" NumEvents="19" CreationCount="27"/><InteractionEvent Delta="null" EndDate="2014-12-12 10:12:22.517 JST" Interest="54.0" Kind="edit" Navigation="null" OriginId="org.eclipse.jdt.ui.CompilationUnitEditor" StartDate="2014-12-10 15:32:11.971 JST" StructureHandle="=CutPlanner_A/src&amp;lt;cp.listeners.view{V_OTL.java[V_OTL~onTouch~QView;~QMotionEvent;" StructureKind="java" NumEvents="54" CreationCount="27"/><InteractionEvent Delta="null" EndDate="2014-12-12 10:15:56.477 JST" Interest="2.0" Kind="selection" Navigation="null" OriginId="org.eclipse.jdt.ui.CompilationUnitEditor" StartDate="2014-12-12 10:15:54.311 JST" StructureHandle="=CutPlanner_A/src&amp;lt;cp.utils{CONS.java[CONS[Canvas2^Rect_B_X1" StructureKind="java" NumEvents="2" CreationCount="1335"/><InteractionEvent Delta="null" EndDate="2014-12-12 10:15:58.659 JST" Interest="1.0" Kind="edit" Navigation="null" OriginId="org.eclipse.jdt.ui.CompilationUnitEditor" StartDate="2014-12-12 10:15:58.659 JST" StructureHandle="=CutPlanner_A/src&amp;lt;cp.utils{CONS.java[CONS[Canvas2^Rect_B_X1" StructureKind="java"/><InteractionEvent Delta="null" EndDate="2014-12-12 10:23:14.744 JST" Interest="19.0" Kind="selection" Navigation="null" OriginId="org.eclipse.jdt.ui.CompilationUnitEditor" StartDate="2014-12-10 15:58:29.102 JST" StructureHandle="=CutPlanner_A/src&amp;lt;cp.listeners.view{V_OTL.java[V_OTL~_case_ACTION_MOVE__Rect_A~F~F" StructureKind="java" NumEvents="19" CreationCount="718"/><InteractionEvent Delta="null" EndDate="2014-12-12 10:23:16.483 JST" Interest="58.0" Kind="edit" Navigation="null" OriginId="org.eclipse.jdt.ui.CompilationUnitEditor" StartDate="2014-12-10 15:58:30.171 JST" StructureHandle="=CutPlanner_A/src&amp;lt;cp.listeners.view{V_OTL.java[V_OTL~_case_ACTION_MOVE__Rect_A~F~F" StructureKind="java" NumEvents="58" CreationCount="718"/><InteractionEvent Delta="null" EndDate="2014-12-12 10:21:31.648 JST" Interest="30.0" Kind="selection" Navigation="null" OriginId="org.eclipse.jdt.ui.CompilationUnitEditor" StartDate="2014-12-10 15:32:06.654 JST" StructureHandle="=CutPlanner_A/src&amp;lt;cp.listeners.view{V_OTL.java[V_OTL" StructureKind="java" NumEvents="30" CreationCount="24"/><InteractionEvent Delta="null" EndDate="2014-12-12 10:16:11.633 JST" Interest="16.0" Kind="edit" Navigation="null" OriginId="org.eclipse.jdt.ui.CompilationUnitEditor" StartDate="2014-12-10 15:35:57.17 JST" StructureHandle="=CutPlanner_A/src&amp;lt;cp.listeners.view{V_OTL.java[V_OTL" StructureKind="java" NumEvents="16" CreationCount="24"/><InteractionEvent Delta="null" EndDate="2014-12-12 10:27:57.559 JST" Interest="110.494" Kind="propagation" Navigation="org.eclipse.mylyn.core.model.edges.containment" OriginId="org.eclipse.mylyn.core.model.interest.propagation" StartDate="2014-12-10 15:32:00.619 JST" StructureHandle="=CutPlanner_A/src&amp;lt;cp.listeners.view{V_OTL.java[V_OTL" StructureKind="java" NumEvents="154" CreationCount="24"/><InteractionEvent Delta="null" EndDate="2014-12-10 15:53:29.675 JST" Interest="1.0" Kind="selection" Navigation="null" OriginId="org.eclipse.ui.views.ContentOutline" StartDate="2014-12-10 15:53:29.675 JST" StructureHandle="=CutPlanner_A/src&amp;lt;cp.utils{CONS.java%cp.utils" StructureKind="java"/><InteractionEvent Delta="null" EndDate="2014-12-12 10:22:43.168 JST" Interest="16.0" Kind="selection" Navigation="null" OriginId="org.eclipse.jdt.ui.CompilationUnitEditor" StartDate="2014-12-12 10:14:50.232 JST" StructureHandle="=CutPlanner_A/src&amp;lt;cp.listeners.view{V_OTL.java[V_OTL~_case_ACTION_DOWN__Rect_A_Topol~F~F" StructureKind="java" NumEvents="16" CreationCount="1287"/><InteractionEvent Delta="null" EndDate="2014-12-12 10:22:38.913 JST" Interest="38.0" Kind="edit" Navigation="null" OriginId="org.eclipse.jdt.ui.CompilationUnitEditor" StartDate="2014-12-12 10:14:50.239 JST" StructureHandle="=CutPlanner_A/src&amp;lt;cp.listeners.view{V_OTL.java[V_OTL~_case_ACTION_DOWN__Rect_A_Topol~F~F" StructureKind="java" NumEvents="38" CreationCount="1287"/><InteractionEvent Delta="null" EndDate="2014-12-12 10:16:00.723 JST" Interest="8.0" Kind="selection" Navigation="null" OriginId="org.eclipse.jdt.ui.CompilationUnitEditor" StartDate="2014-12-10 15:53:26.123 JST" StructureHandle="=CutPlanner_A/src&amp;lt;cp.utils{CONS.java" StructureKind="java" NumEvents="8" CreationCount="525"/><InteractionEvent Delta="null" EndDate="2014-12-12 10:15:23.289 JST" Interest="1.5110006" Kind="manipulation" Navigation="null" OriginId="org.eclipse.mylyn.core.model.interest.decay.correction" StartDate="2014-12-12 10:15:23.289 JST" StructureHandle="=CutPlanner_A/src&amp;lt;cp.utils{CONS.java" StructureKind="java"/><InteractionEvent Delta="null" EndDate="2014-12-12 10:15:50.441 JST" Interest="11.838" Kind="propagation" Navigation="org.eclipse.mylyn.core.model.edges.containment" OriginId="org.eclipse.mylyn.core.model.interest.propagation" StartDate="2014-12-10 15:53:31.260 JST" StructureHandle="=CutPlanner_A/src&amp;lt;cp.utils{CONS.java" StructureKind="java" NumEvents="20" CreationCount="525"/><InteractionEvent Delta="null" EndDate="2014-12-10 15:54:36.935 JST" Interest="2.0" Kind="propagation" Navigation="org.eclipse.mylyn.core.model.edges.containment" OriginId="org.eclipse.mylyn.core.model.interest.propagation" StartDate="2014-12-10 15:54:36.929 JST" StructureHandle="=CutPlanner_A/src&amp;lt;cp.utils{Methods.java#" StructureKind="java" NumEvents="2" CreationCount="573"/><InteractionEvent Delta="null" EndDate="2014-12-10 15:40:59.217 JST" Interest="1.0" Kind="selection" Navigation="null" OriginId="org.eclipse.jdt.ui.CompilationUnitEditor" StartDate="2014-12-10 15:40:59.217 JST" StructureHandle="=CutPlanner_A/src&amp;lt;cp.utils{Methods.java[Methods~update_TV_Status~QActivity;~I" StructureKind="java"/><InteractionEvent Delta="null" EndDate="2014-12-12 10:09:39.798 JST" Interest="4.0" Kind="selection" Navigation="null" OriginId="org.eclipse.jdt.ui.CompilationUnitEditor" StartDate="2014-12-12 10:09:27.364 JST" StructureHandle="=CutPlanner_A/src&amp;lt;cp.utils{Methods.java[Methods~_identify__Topol_Other~QActivity;" StructureKind="java" NumEvents="4" CreationCount="1051"/><InteractionEvent Delta="null" EndDate="2014-12-12 10:10:25.239 JST" Interest="15.0" Kind="edit" Navigation="null" OriginId="org.eclipse.jdt.ui.CompilationUnitEditor" StartDate="2014-12-12 10:09:27.371 JST" StructureHandle="=CutPlanner_A/src&amp;lt;cp.utils{Methods.java[Methods~_identify__Topol_Other~QActivity;" StructureKind="java" NumEvents="15" CreationCount="1051"/><InteractionEvent Delta="null" EndDate="2014-12-10 15:52:55.605 JST" Interest="3.0" Kind="selection" Navigation="null" OriginId="org.eclipse.jdt.ui.CompilationUnitEditor" StartDate="2014-12-10 15:52:55.490 JST" StructureHandle="=CutPlanner_A/src&amp;lt;cp.utils{Methods.java[Methods~_identify__Rect_A~QActivity;" StructureKind="java" NumEvents="3" CreationCount="488"/><InteractionEvent Delta="null" EndDate="2014-12-10 15:53:00.435 JST" Interest="12.0" Kind="edit" Navigation="null" OriginId="org.eclipse.jdt.ui.CompilationUnitEditor" StartDate="2014-12-10 15:52:56.83 JST" StructureHandle="=CutPlanner_A/src&amp;lt;cp.utils{Methods.java[Methods~_identify__Rect_A~QActivity;" StructureKind="java" NumEvents="12" CreationCount="488"/><InteractionEvent Delta="null" EndDate="2014-12-10 15:31:16.219 JST" Interest="3.0" Kind="propagation" Navigation="org.eclipse.mylyn.core.model.edges.containment" OriginId="org.eclipse.mylyn.core.model.interest.propagation" StartDate="2014-12-10 15:31:03.978 JST" StructureHandle="=IFM11" StructureKind="resource" NumEvents="3" CreationCount="1"/><InteractionEvent Delta="null" EndDate="2014-12-10 16:07:52.980 JST" Interest="1.0" Kind="selection" Navigation="null" OriginId="org.eclipse.ui.views.ContentOutline" StartDate="2014-12-10 16:07:52.980 JST" StructureHandle="=CutPlanner_A/src&amp;lt;cp.views{CV.java[CV~_onDraw__RectB~QCanvas;" StructureKind="java"/><InteractionEvent Delta="null" EndDate="2014-12-10 16:07:57.879 JST" Interest="2.0" Kind="edit" Navigation="null" OriginId="org.eclipse.jdt.ui.CompilationUnitEditor" StartDate="2014-12-10 16:07:57.869 JST" StructureHandle="=CutPlanner_A/src&amp;lt;cp.views{CV.java[CV~_onDraw__RectB~QCanvas;" StructureKind="java" NumEvents="2" CreationCount="857"/><InteractionEvent Delta="null" EndDate="2014-12-12 10:27:55.206 JST" Interest="19.287" Kind="propagation" Navigation="org.eclipse.mylyn.core.model.edges.containment" OriginId="org.eclipse.mylyn.core.model.interest.propagation" StartDate="2014-12-12 10:26:29.986 JST" StructureHandle="=CutPlanner_A/src&amp;lt;cp.main{TopolActv.java[TopolActv" StructureKind="java" NumEvents="26" CreationCount="1701"/><InteractionEvent Delta="null" EndDate="2014-12-12 10:27:57.560 JST" Interest="1777.085" Kind="propagation" Navigation="org.eclipse.mylyn.core.model.edges.containment" OriginId="org.eclipse.mylyn.core.model.interest.propagation" StartDate="2014-12-10 15:31:03.978 JST" StructureHandle="/" StructureKind="resource" NumEvents="1784" CreationCount="1"/><InteractionEvent Delta="null" EndDate="2014-12-10 16:03:18.753 JST" Interest="1.0" Kind="propagation" Navigation="null" OriginId="org.eclipse.jdt.ui.PackageExplorer" StartDate="2014-12-10 16:03:18.753 JST" StructureHandle="/CutPlanner_A/src/cp/main/ShowLogActv.java" StructureKind="resource"/><InteractionEvent Delta="null" EndDate="2014-12-10 16:03:18.752 JST" Interest="1.0" Kind="selection" Navigation="null" OriginId="org.eclipse.jdt.ui.PackageExplorer" StartDate="2014-12-10 16:03:18.752 JST" StructureHandle="=CutPlanner_A/src&amp;lt;cp.main{ShowLogActv.java" StructureKind="java"/><InteractionEvent Delta="null" EndDate="2014-12-10 16:00:08.981 JST" Interest="3.0" Kind="selection" Navigation="null" OriginId="org.eclipse.jdt.ui.CompilationUnitEditor" StartDate="2014-12-10 16:00:08.853 JST" StructureHandle="=CutPlanner_A/src&amp;lt;cp.views{CV2.java[CV2~onDraw~QCanvas;" StructureKind="java" NumEvents="3" CreationCount="762"/><InteractionEvent Delta="null" EndDate="2014-12-10 16:00:11.902 JST" Interest="6.0" Kind="edit" Navigation="null" OriginId="org.eclipse.jdt.ui.CompilationUnitEditor" StartDate="2014-12-10 16:00:09.433 JST" StructureHandle="=CutPlanner_A/src&amp;lt;cp.views{CV2.java[CV2~onDraw~QCanvas;" StructureKind="java" NumEvents="6" CreationCount="762"/><InteractionEvent Delta="null" EndDate="2014-12-12 10:14:48.517 JST" Interest="1.0" Kind="selection" Navigation="null" OriginId="org.eclipse.jdt.ui.CompilationUnitEditor" StartDate="2014-12-12 10:14:48.517 JST" StructureHandle="=CutPlanner_A/src&amp;lt;cp.listeners.view{V_OTL.java[V_OTL~_case_ACTION_DOWN__Rect_B~F~F" StructureKind="java"/><InteractionEvent Delta="null" EndDate="2014-12-12 10:14:48.520 JST" Interest="1.0" Kind="edit" Navigation="null" OriginId="org.eclipse.jdt.ui.CompilationUnitEditor" StartDate="2014-12-12 10:14:48.520 JST" StructureHandle="=CutPlanner_A/src&amp;lt;cp.listeners.view{V_OTL.java[V_OTL~_case_ACTION_DOWN__Rect_B~F~F" StructureKind="java"/><InteractionEvent Delta="null" EndDate="2014-12-10 15:53:46.552 JST" Interest="1.0" Kind="selection" Navigation="null" OriginId="org.eclipse.ui.views.ContentOutline" StartDate="2014-12-10 15:53:46.552 JST" StructureHandle="=CutPlanner_A/src&amp;lt;cp.utils{CONS.java[CONS[Canvas^Bx1" StructureKind="java"/><InteractionEvent Delta="null" EndDate="2014-12-10 16:07:43.364 JST" Interest="52.0" Kind="propagation" Navigation="null" OriginId="org.eclipse.jdt.ui.PackageExplorer" StartDate="2014-12-10 16:03:26.202 JST" StructureHandle="/CutPlanner_A/src/cp/listeners/button/BO_CL.java" StructureKind="resource" NumEvents="52" CreationCount="798"/><InteractionEvent Delta="null" EndDate="2014-12-12 10:27:57.560 JST" Interest="1017.28894" Kind="propagation" Navigation="org.eclipse.mylyn.core.model.edges.containment" OriginId="org.eclipse.mylyn.core.model.interest.propagation" StartDate="2014-12-10 15:31:26.604 JST" StructureHandle="/CutPlanner_A/src/cp" StructureKind="resource" NumEvents="1021" CreationCount="5"/><InteractionEvent Delta="null" EndDate="2014-12-12 10:11:57.520 JST" Interest="4.0" Kind="selection" Navigation="null" OriginId="org.eclipse.jdt.ui.CompilationUnitEditor" StartDate="2014-12-12 10:11:54.47 JST" StructureHandle="=CutPlanner_A/src&amp;lt;cp.listeners.view{V_OTL.java[V_OTL~_case_ACTION_MOVE__Rect_B~F~F" StructureKind="java" NumEvents="4" CreationCount="1119"/><InteractionEvent Delta="null" EndDate="2014-12-12 10:26:10.792 JST" Interest="2.0" Kind="selection" Navigation="null" OriginId="org.eclipse.jdt.ui.PackageExplorer" StartDate="2014-12-10 15:31:26.603 JST" StructureHandle="=CutPlanner_A/src&amp;lt;cp.main" StructureKind="java" NumEvents="2" CreationCount="5"/><InteractionEvent Delta="null" EndDate="2014-12-12 10:26:10.792 JST" Interest="14.079" Kind="manipulation" Navigation="null" OriginId="org.eclipse.mylyn.core.model.interest.decay.correction" StartDate="2014-12-12 10:26:10.792 JST" StructureHandle="=CutPlanner_A/src&amp;lt;cp.main" StructureKind="java"/><InteractionEvent Delta="null" EndDate="2014-12-12 10:27:55.207 JST" Interest="32.04" Kind="propagation" Navigation="org.eclipse.mylyn.core.model.edges.containment" OriginId="org.eclipse.mylyn.core.model.interest.propagation" StartDate="2014-12-10 15:31:28.498 JST" StructureHandle="=CutPlanner_A/src&amp;lt;cp.main" StructureKind="java" NumEvents="37" CreationCount="5"/><InteractionEvent Delta="null" EndDate="2014-12-10 16:07:43.600 JST" Interest="1.0" Kind="selection" Navigation="null" OriginId="org.eclipse.jdt.ui.PackageExplorer" StartDate="2014-12-10 16:07:43.600 JST" StructureHandle="=CutPlanner_A/src&amp;lt;cp.listeners.dialog" StructureKind="java"/><InteractionEvent Delta="null" EndDate="2014-12-10 16:03:39.405 JST" Interest="1.0" Kind="selection" Navigation="null" OriginId="org.eclipse.jdt.ui.CompilationUnitEditor" StartDate="2014-12-10 16:03:39.405 JST" StructureHandle="=CutPlanner_A/src&amp;lt;cp.listeners.button{BO_CL.java[BO_CL~_TOPOL_IB_NEXT__ST_1" StructureKind="java"/><InteractionEvent Delta="null" EndDate="2014-12-10 16:04:36.49 JST" Interest="16.0" Kind="edit" Navigation="null" OriginId="org.eclipse.jdt.ui.CompilationUnitEditor" StartDate="2014-12-10 16:03:40.34 JST" StructureHandle="=CutPlanner_A/src&amp;lt;cp.listeners.button{BO_CL.java[BO_CL~_TOPOL_IB_NEXT__ST_1" StructureKind="java" NumEvents="16" CreationCount="805"/><InteractionEvent Delta="null" EndDate="2014-12-12 10:27:49.111 JST" Interest="3.0" Kind="selection" Navigation="null" OriginId="org.eclipse.jdt.ui.CompilationUnitEditor" StartDate="2014-12-12 10:26:39.948 JST" StructureHandle="=CutPlanner_A/src&amp;lt;cp.main{TopolActv.java[TopolActv~_Setup_Draw_Initial" StructureKind="java" NumEvents="3" CreationCount="1712"/><InteractionEvent Delta="null" EndDate="2014-12-12 10:27:55.206 JST" Interest="23.0" Kind="edit" Navigation="null" OriginId="org.eclipse.jdt.ui.CompilationUnitEditor" StartDate="2014-12-12 10:26:39.955 JST" StructureHandle="=CutPlanner_A/src&amp;lt;cp.main{TopolActv.java[TopolActv~_Setup_Draw_Initial" StructureKind="java" NumEvents="23" CreationCount="1712"/><InteractionEvent Delta="null" EndDate="2014-12-10 16:03:30.994 JST" Interest="1.0" Kind="selection" Navigation="null" OriginId="org.eclipse.ui.views.ContentOutline" StartDate="2014-12-10 16:03:30.994 JST" StructureHandle="=CutPlanner_A/src&amp;lt;cp.listeners.button{BO_CL.java[BO_CL~case_ACTV_TOPOL_IB_NEXT" StructureKind="java"/><InteractionEvent Delta="null" EndDate="2014-12-10 16:03:32.562 JST" Interest="3.0" Kind="edit" Navigation="null" OriginId="org.eclipse.jdt.ui.CompilationUnitEditor" StartDate="2014-12-10 16:03:31.974 JST" StructureHandle="=CutPlanner_A/src&amp;lt;cp.listeners.button{BO_CL.java[BO_CL~case_ACTV_TOPOL_IB_NEXT" StructureKind="java" NumEvents="3" CreationCount="801"/><InteractionEvent Delta="null" EndDate="2014-12-12 10:27:23.65 JST" Interest="7.0" Kind="selection" Navigation="null" OriginId="org.eclipse.jdt.ui.CompilationUnitEditor" StartDate="2014-12-10 15:31:28.497 JST" StructureHandle="=CutPlanner_A/src&amp;lt;cp.main{MainActv.java" StructureKind="java" NumEvents="7" CreationCount="6"/><InteractionEvent Delta="null" EndDate="2014-12-12 10:26:12.874 JST" Interest="22.975" Kind="manipulation" Navigation="null" OriginId="org.eclipse.mylyn.core.model.interest.decay.correction" StartDate="2014-12-12 10:26:12.874 JST" StructureHandle="=CutPlanner_A/src&amp;lt;cp.main{MainActv.java" StructureKind="java"/><InteractionEvent Delta="null" EndDate="2014-12-12 10:26:26.904 JST" Interest="7.9190025" Kind="propagation" Navigation="org.eclipse.mylyn.core.model.edges.containment" OriginId="org.eclipse.mylyn.core.model.interest.propagation" StartDate="2014-12-10 15:31:42.332 JST" StructureHandle="=CutPlanner_A/src&amp;lt;cp.main{MainActv.java" StructureKind="java" NumEvents="12" CreationCount="6"/><InteractionEvent Delta="null" EndDate="2014-12-12 10:28:03.229 JST" Interest="8.0" Kind="prediction" Navigation="null" OriginId="org.eclipse.mylyn.resources.ui.interest.updater" StartDate="2014-12-10 15:39:54.447 JST" StructureHandle="/CutPlanner_A/bin/CutPlanner_A.apk" StructureKind="resource" NumEvents="8" CreationCount="176"/><InteractionEvent Delta="null" EndDate="2014-12-10 15:41:39.963 JST" Interest="2.0" Kind="selection" Navigation="null" OriginId="org.eclipse.jdt.ui.CompilationUnitEditor" StartDate="2014-12-10 15:41:05.260 JST" StructureHandle="=CutPlanner_A/src&amp;lt;cp.utils{Methods.java[Methods~_identify__Other~QActivity;" StructureKind="java" NumEvents="2" CreationCount="184"/><InteractionEvent Delta="null" EndDate="2014-12-12 10:12:37.91 JST" Interest="1.0" Kind="selection" Navigation="null" OriginId="org.eclipse.jdt.ui.CompilationUnitEditor" StartDate="2014-12-12 10:12:37.91 JST" StructureHandle="=CutPlanner_A/src&amp;lt;cp.listeners.view{V_OTL.java[V_OTL~_case_ACTION_DOWN__CirA~F~F" StructureKind="java"/><InteractionEvent Delta="null" EndDate="2014-12-12 10:12:37.97 JST" Interest="2.0" Kind="edit" Navigation="null" OriginId="org.eclipse.jdt.ui.CompilationUnitEditor" StartDate="2014-12-12 10:12:37.94 JST" StructureHandle="=CutPlanner_A/src&amp;lt;cp.listeners.view{V_OTL.java[V_OTL~_case_ACTION_DOWN__CirA~F~F" StructureKind="java" NumEvents="2" CreationCount="1166"/><InteractionEvent Delta="null" EndDate="2014-12-12 10:16:00.413 JST" Interest="16.0" Kind="selection" Navigation="null" OriginId="org.eclipse.jdt.ui.CompilationUnitEditor" StartDate="2014-12-10 15:32:27.781 JST" StructureHandle="=CutPlanner_A/src&amp;lt;cp.utils{Methods.java" StructureKind="java" NumEvents="16" CreationCount="30"/><InteractionEvent Delta="null" EndDate="2014-12-10 15:53:02.712 JST" Interest="4.0" Kind="edit" Navigation="null" OriginId="org.eclipse.jdt.ui.CompilationUnitEditor" StartDate="2014-12-10 15:43:55.429 JST" StructureHandle="=CutPlanner_A/src&amp;lt;cp.utils{Methods.java" StructureKind="java" NumEvents="4" CreationCount="30"/><InteractionEvent Delta="null" EndDate="2014-12-12 10:09:26.406 JST" Interest="153.088" Kind="propagation" Navigation="org.eclipse.mylyn.core.model.edges.containment" OriginId="org.eclipse.mylyn.core.model.interest.propagation" StartDate="2014-12-10 15:32:28.562 JST" StructureHandle="=CutPlanner_A/src&amp;lt;cp.utils{Methods.java" StructureKind="java" NumEvents="228" CreationCount="30"/><InteractionEvent Delta="null" EndDate="2014-12-10 15:31:20.477 JST" Interest="1.0" Kind="selection" Navigation="null" OriginId="org.eclipse.jdt.ui.PackageExplorer" StartDate="2014-12-10 15:31:20.477 JST" StructureHandle="=CutPlanner_A/src" StructureKind="java"/><InteractionEvent Delta="null" EndDate="2014-12-12 10:16:00.414 JST" Interest="171.33" Kind="propagation" Navigation="org.eclipse.mylyn.core.model.edges.containment" OriginId="org.eclipse.mylyn.core.model.interest.propagation" StartDate="2014-12-10 15:31:26.604 JST" StructureHandle="=CutPlanner_A/src" StructureKind="java" NumEvents="262" CreationCount="4"/><InteractionEvent Delta="null" EndDate="2014-12-12 10:09:55.179 JST" Interest="9.704" Kind="propagation" Navigation="org.eclipse.mylyn.core.model.edges.containment" OriginId="org.eclipse.mylyn.core.model.interest.propagation" StartDate="2014-12-10 15:39:54.447 JST" StructureHandle="/CutPlanner_A/bin" StructureKind="resource" NumEvents="2" CreationCount="563"/><InteractionEvent Delta="null" EndDate="2014-12-12 10:18:32.63 JST" Interest="16.0" Kind="selection" Navigation="null" OriginId="org.eclipse.jdt.ui.CompilationUnitEditor" StartDate="2014-12-12 09:54:54.673 JST" StructureHandle="=CutPlanner_A/src&amp;lt;cp.listeners.view{V_OTL.java[V_OTL~_case_ACTION_DOWN__Rect_A~F~F" StructureKind="java" NumEvents="16" CreationCount="907"/><InteractionEvent Delta="null" EndDate="2014-12-12 10:18:22.826 JST" Interest="21.0" Kind="edit" Navigation="null" OriginId="org.eclipse.jdt.ui.CompilationUnitEditor" StartDate="2014-12-12 09:54:55.312 JST" StructureHandle="=CutPlanner_A/src&amp;lt;cp.listeners.view{V_OTL.java[V_OTL~_case_ACTION_DOWN__Rect_A~F~F" StructureKind="java" NumEvents="21" CreationCount="907"/><InteractionEvent Delta="null" EndDate="2014-12-12 09:53:46.187 JST" Interest="2.0" Kind="selection" Navigation="null" OriginId="org.eclipse.ui.views.ContentOutline" StartDate="2014-12-10 16:07:52.11 JST" StructureHandle="=CutPlanner_A/src&amp;lt;cp.views{CV.java%cp.views" StructureKind="java" NumEvents="2" CreationCount="564"/><InteractionEvent Delta="null" EndDate="2014-12-12 09:53:46.187 JST" Interest="4.491" Kind="manipulation" Navigation="null" OriginId="org.eclipse.mylyn.core.model.interest.decay.correction" StartDate="2014-12-12 09:53:46.187 JST" StructureHandle="=CutPlanner_A/src&amp;lt;cp.views{CV.java%cp.views" StructureKind="java"/><InteractionEvent Delta="null" EndDate="2014-12-12 10:15:59.512 JST" Interest="8.0" Kind="selection" Navigation="null" OriginId="org.eclipse.jdt.ui.CompilationUnitEditor" StartDate="2014-12-10 15:53:30.622 JST" StructureHandle="=CutPlanner_A/src&amp;lt;cp.utils{CONS.java[CONS[Canvas2" StructureKind="java" NumEvents="8" CreationCount="528"/><InteractionEvent Delta="null" EndDate="2014-12-10 15:53:51.937 JST" Interest="5.0" Kind="edit" Navigation="null" OriginId="org.eclipse.jdt.ui.CompilationUnitEditor" StartDate="2014-12-10 15:53:31.237 JST" StructureHandle="=CutPlanner_A/src&amp;lt;cp.utils{CONS.java[CONS[Canvas2" StructureKind="java" NumEvents="5" CreationCount="528"/><InteractionEvent Delta="null" EndDate="2014-12-12 10:15:23.442 JST" Interest="6.964001" Kind="propagation" Navigation="org.eclipse.mylyn.core.model.edges.containment" OriginId="org.eclipse.mylyn.core.model.interest.propagation" StartDate="2014-12-12 10:00:31.169 JST" StructureHandle="=CutPlanner_A/src&amp;lt;cp.utils{CONS.java[CONS[Canvas2" StructureKind="java" NumEvents="6" CreationCount="528"/><InteractionEvent Delta="null" EndDate="2014-12-12 10:27:57.560 JST" Interest="1018.01697" Kind="propagation" Navigation="null" OriginId="org.eclipse.jdt.ui.CompilationUnitEditor" StartDate="2014-12-10 15:31:56.622 JST" StructureHandle="/CutPlanner_A/src/cp/listeners/view" StructureKind="resource" NumEvents="1019" CreationCount="21"/><InteractionEvent Delta="null" EndDate="2014-12-12 10:15:40.612 JST" Interest="6.0" Kind="selection" Navigation="null" OriginId="org.eclipse.jdt.ui.CompilationUnitEditor" StartDate="2014-12-10 15:53:42.214 JST" StructureHandle="=CutPlanner_A/src&amp;lt;cp.utils{CONS.java[CONS[Canvas" StructureKind="java" NumEvents="6" CreationCount="533"/><InteractionEvent Delta="null" EndDate="2014-12-12 10:15:48.288 JST" Interest="4.0" Kind="edit" Navigation="null" OriginId="org.eclipse.jdt.ui.CompilationUnitEditor" StartDate="2014-12-12 10:15:30.251 JST" StructureHandle="=CutPlanner_A/src&amp;lt;cp.utils{CONS.java[CONS[Canvas" StructureKind="java" NumEvents="4" CreationCount="533"/><InteractionEvent Delta="null" EndDate="2014-12-12 10:15:25.745 JST" Interest="10.413001" Kind="propagation" Navigation="org.eclipse.mylyn.core.model.edges.containment" OriginId="org.eclipse.mylyn.core.model.interest.propagation" StartDate="2014-12-10 15:53:35.370 JST" StructureHandle="=CutPlanner_A/src&amp;lt;cp.utils{CONS.java[CONS[Canvas" StructureKind="java" NumEvents="3" CreationCount="533"/><InteractionEvent Delta="null" EndDate="2014-12-12 10:26:07.456 JST" Interest="2.0" Kind="selection" Navigation="null" OriginId="org.eclipse.jdt.ui.PackageExplorer" StartDate="2014-12-12 09:56:57.355 JST" StructureHandle="=CutPlanner_A/gen" StructureKind="java" NumEvents="2" CreationCount="922"/><InteractionEvent Delta="null" EndDate="2014-12-12 10:26:07.456 JST" Interest="11.903001" Kind="manipulation" Navigation="null" OriginId="org.eclipse.mylyn.core.model.interest.decay.correction" StartDate="2014-12-12 10:26:07.456 JST" StructureHandle="=CutPlanner_A/gen" StructureKind="java"/><InteractionEvent Delta="null" EndDate="2014-12-12 10:15:50.441 JST" Interest="2.0" Kind="selection" Navigation="null" OriginId="org.eclipse.jdt.ui.CompilationUnitEditor" StartDate="2014-12-12 10:15:37.476 JST" StructureHandle="=CutPlanner_A/src&amp;lt;cp.utils{CONS.java[CONS" StructureKind="java" NumEvents="2" CreationCount="528"/><InteractionEvent Delta="null" EndDate="2014-12-12 10:15:48.288 JST" Interest="18.298" Kind="propagation" Navigation="org.eclipse.mylyn.core.model.edges.containment" OriginId="org.eclipse.mylyn.core.model.interest.propagation" StartDate="2014-12-10 15:53:30.622 JST" StructureHandle="=CutPlanner_A/src&amp;lt;cp.utils{CONS.java[CONS" StructureKind="java" NumEvents="22" CreationCount="528"/><InteractionEvent Delta="null" EndDate="2014-12-10 15:32:05.297 JST" Interest="1.0" Kind="selection" Navigation="null" OriginId="org.eclipse.jdt.ui.CompilationUnitEditor" StartDate="2014-12-10 15:32:05.297 JST" StructureHandle="=CutPlanner_A/src&amp;lt;cp.listeners.view{V_OTL.java[V_OTL~onTouchEvent~QMotionEvent;" StructureKind="java"/><InteractionEvent Delta="null" EndDate="2014-12-12 09:56:39.406 JST" Interest="15.0" Kind="propagation" Navigation="null" OriginId="org.eclipse.jdt.ui.CompilationUnitEditor" StartDate="2014-12-10 16:07:47.769 JST" StructureHandle="/CutPlanner_A/src/cp/views/CV.java" StructureKind="resource" NumEvents="15" CreationCount="854"/><InteractionEvent Delta="null" EndDate="2014-12-12 10:16:00.724 JST" Interest="58.0" Kind="propagation" Navigation="null" OriginId="org.eclipse.jdt.ui.CompilationUnitEditor" StartDate="2014-12-10 15:53:26.124 JST" StructureHandle="/CutPlanner_A/src/cp/utils/CONS.java" StructureKind="resource" NumEvents="58" CreationCount="525"/><InteractionEvent Delta="null" EndDate="2014-12-12 10:15:32.765 JST" Interest="1.0" Kind="selection" Navigation="null" OriginId="org.eclipse.jdt.ui.CompilationUnitEditor" StartDate="2014-12-12 10:15:32.765 JST" StructureHandle="=CutPlanner_A/src&amp;lt;cp.utils{CONS.java[CONS[Canvas^Rect_C_X1" StructureKind="java"/><InteractionEvent Delta="null" EndDate="2014-12-10 15:53:35.370 JST" Interest="1.0" Kind="selection" Navigation="null" OriginId="org.eclipse.jdt.ui.CompilationUnitEditor" StartDate="2014-12-10 15:53:35.370 JST" StructureHandle="=CutPlanner_A/src&amp;lt;cp.utils{CONS.java[CONS[Canvas^currentObj" StructureKind="java"/><InteractionEvent Delta="null" EndDate="2014-12-10 15:53:36.607 JST" Interest="1.0" Kind="edit" Navigation="null" OriginId="org.eclipse.jdt.ui.CompilationUnitEditor" StartDate="2014-12-10 15:53:36.607 JST" StructureHandle="=CutPlanner_A/src&amp;lt;cp.utils{CONS.java[CONS[Canvas^currentObj" StructureKind="java"/><InteractionEvent Delta="null" EndDate="2014-12-10 15:31:16.219 JST" Interest="3.0" Kind="propagation" Navigation="null" OriginId="org.eclipse.ui.views.ResourceNavigator" StartDate="2014-12-10 15:31:03.978 JST" StructureHandle="/IFM11/src" StructureKind="resource" NumEvents="3" CreationCount="1"/><InteractionEvent Delta="null" EndDate="2014-12-10 15:45:57.143 JST" Interest="6.0" Kind="selection" Navigation="null" OriginId="org.eclipse.jdt.ui.CompilationUnitEditor" StartDate="2014-12-10 15:45:34.930 JST" StructureHandle="=CutPlanner_A/src&amp;lt;cp.utils{Methods.java[Methods~is_In_Rect_A~QActivity;~F~F" StructureKind="java" NumEvents="6" CreationCount="383"/><InteractionEvent Delta="null" EndDate="2014-12-10 15:45:58.433 JST" Interest="14.0" Kind="edit" Navigation="null" OriginId="org.eclipse.jdt.ui.CompilationUnitEditor" StartDate="2014-12-10 15:45:35.504 JST" StructureHandle="=CutPlanner_A/src&amp;lt;cp.utils{Methods.java[Methods~is_In_Rect_A~QActivity;~F~F" StructureKind="java" NumEvents="14" CreationCount="383"/><InteractionEvent Delta="null" EndDate="2014-12-10 16:07:36.897 JST" Interest="2.0" Kind="selection" Navigation="null" OriginId="org.eclipse.jdt.ui.CompilationUnitEditor" StartDate="2014-12-10 16:00:40.639 JST" StructureHandle="=CutPlanner_A/src&amp;lt;cp.views{CV2.java[CV2~_onDraw__Rect_B~QCanvas;" StructureKind="java" NumEvents="2" CreationCount="782"/><InteractionEvent Delta="null" EndDate="2014-12-10 16:00:41.883 JST" Interest="3.0" Kind="edit" Navigation="null" OriginId="org.eclipse.jdt.ui.CompilationUnitEditor" StartDate="2014-12-10 16:00:40.647 JST" StructureHandle="=CutPlanner_A/src&amp;lt;cp.views{CV2.java[CV2~_onDraw__Rect_B~QCanvas;" StructureKind="java" NumEvents="3" CreationCount="782"/><InteractionEvent Delta="null" EndDate="2014-12-10 15:31:41.751 JST" Interest="1.0" Kind="selection" Navigation="null" OriginId="org.eclipse.ui.views.ContentOutline" StartDate="2014-12-10 15:31:41.751 JST" StructureHandle="=CutPlanner_A/src&amp;lt;cp.main{MainActv.java[MainActv~_Setup__SetListener" StructureKind="java"/><InteractionEvent Delta="null" EndDate="2014-12-10 15:31:43.10 JST" Interest="5.0" Kind="edit" Navigation="null" OriginId="org.eclipse.jdt.ui.CompilationUnitEditor" StartDate="2014-12-10 15:31:41.850 JST" StructureHandle="=CutPlanner_A/src&amp;lt;cp.main{MainActv.java[MainActv~_Setup__SetListener" StructureKind="java" NumEvents="5" CreationCount="9"/><InteractionEvent Delta="null" EndDate="2014-12-10 16:04:46.33 JST" Interest="3.0" Kind="selection" Navigation="null" OriginId="org.eclipse.jdt.ui.CompilationUnitEditor" StartDate="2014-12-10 16:04:39.379 JST" StructureHandle="=CutPlanner_A/src&amp;lt;cp.listeners.button{BO_CL.java[BO_CL" StructureKind="java" NumEvents="3" CreationCount="801"/><InteractionEvent Delta="null" EndDate="2014-12-10 16:07:38.987 JST" Interest="14.391001" Kind="propagation" Navigation="org.eclipse.mylyn.core.model.edges.containment" OriginId="org.eclipse.mylyn.core.model.interest.propagation" StartDate="2014-12-10 16:03:30.995 JST" StructureHandle="=CutPlanner_A/src&amp;lt;cp.listeners.button{BO_CL.java[BO_CL" StructureKind="java" NumEvents="21" CreationCount="801"/><InteractionEvent Delta="null" EndDate="2014-12-12 10:28:03.229 JST" Interest="8.0" Kind="prediction" Navigation="null" OriginId="org.eclipse.mylyn.resources.ui.interest.updater" StartDate="2014-12-10 15:39:54.447 JST" StructureHandle="/CutPlanner_A/bin/classes.dex" StructureKind="resource" NumEvents="8" CreationCount="176"/><InteractionEvent Delta="null" EndDate="2014-12-10 15:31:16.219 JST" Interest="3.0" Kind="selection" Navigation="null" OriginId="org.eclipse.ui.views.ResourceNavigator" StartDate="2014-12-10 15:31:03.977 JST" StructureHandle="=IFM11/src" StructureKind="java" NumEvents="3" CreationCount="1"/><InteractionEvent Delta="null" EndDate="2014-12-12 10:16:00.724 JST" Interest="584.0" Kind="propagation" Navigation="null" OriginId="org.eclipse.jdt.ui.CompilationUnitEditor" StartDate="2014-12-10 15:32:27.781 JST" StructureHandle="/CutPlanner_A/src/cp/utils" StructureKind="resource" NumEvents="584" CreationCount="30"/><InteractionEvent Delta="null" EndDate="2014-12-12 09:53:32.620 JST" Interest="1.0" Kind="selection" Navigation="null" OriginId="org.eclipse.jdt.ui.PackageExplorer" StartDate="2014-12-12 09:53:32.620 JST" StructureHandle="=CutPlanner_A" StructureKind="java"/><InteractionEvent Delta="null" EndDate="2014-12-12 10:27:57.561 JST" Interest="1777.0339" Kind="propagation" Navigation="org.eclipse.mylyn.core.model.edges.containment" OriginId="org.eclipse.mylyn.core.model.interest.propagation" StartDate="2014-12-10 15:31:20.477 JST" StructureHandle="=CutPlanner_A" StructureKind="resource" NumEvents="1780" CreationCount="4"/><InteractionEvent Delta="null" EndDate="2014-12-12 10:09:14.759 JST" Interest="26.0" Kind="selection" Navigation="null" OriginId="org.eclipse.jdt.ui.CompilationUnitEditor" StartDate="2014-12-10 15:41:41.71 JST" StructureHandle="=CutPlanner_A/src&amp;lt;cp.utils{Methods.java[Methods~identify_Topol~QActivity;~F~F" StructureKind="java" NumEvents="26" CreationCount="194"/><InteractionEvent Delta="null" EndDate="2014-12-12 10:09:26.405 JST" Interest="203.0" Kind="edit" Navigation="null" OriginId="org.eclipse.jdt.ui.CompilationUnitEditor" StartDate="2014-12-10 15:41:42.983 JST" StructureHandle="=CutPlanner_A/src&amp;lt;cp.utils{Methods.java[Methods~identify_Topol~QActivity;~F~F" StructureKind="java" NumEvents="203" CreationCount="194"/><InteractionEvent Delta="null" EndDate="2014-12-10 16:00:08.961 JST" Interest="5.0" Kind="selection" Navigation="null" OriginId="org.eclipse.jdt.ui.CompilationUnitEditor" StartDate="2014-12-10 15:59:58.747 JST" StructureHandle="=CutPlanner_A/src&amp;lt;cp.views{CV2.java[CV2~draw_A~QActivity;" StructureKind="java" NumEvents="5" CreationCount="758"/><InteractionEvent Delta="null" EndDate="2014-12-10 16:00:00.510 JST" Interest="1.0" Kind="edit" Navigation="null" OriginId="org.eclipse.jdt.ui.CompilationUnitEditor" StartDate="2014-12-10 16:00:00.510 JST" StructureHandle="=CutPlanner_A/src&amp;lt;cp.views{CV2.java[CV2~draw_A~QActivity;" StructureKind="java"/><InteractionEvent Delta="null" EndDate="2014-12-12 10:27:48.981 JST" Interest="4.0" Kind="selection" Navigation="null" OriginId="org.eclipse.jdt.ui.CompilationUnitEditor" StartDate="2014-12-12 10:26:28.494 JST" StructureHandle="=CutPlanner_A/src&amp;lt;cp.main{TopolActv.java" StructureKind="java" NumEvents="4" CreationCount="1699"/><InteractionEvent Delta="null" EndDate="2014-12-12 10:27:55.206 JST" Interest="15.320999" Kind="propagation" Navigation="org.eclipse.mylyn.core.model.edges.containment" OriginId="org.eclipse.mylyn.core.model.interest.propagation" StartDate="2014-12-12 10:26:30.789 JST" StructureHandle="=CutPlanner_A/src&amp;lt;cp.main{TopolActv.java" StructureKind="java" NumEvents="25" CreationCount="1699"/><InteractionEvent Delta="null" EndDate="2014-12-10 15:54:36.935 JST" Interest="2.0" Kind="selection" Navigation="null" OriginId="org.eclipse.jdt.ui.CompilationUnitEditor" StartDate="2014-12-10 15:54:36.928 JST" StructureHandle="=CutPlanner_A/src&amp;lt;cp.utils{Methods.java#android.graphics.Canvas" StructureKind="java" NumEvents="2" CreationCount="573"/><InteractionEvent Delta="null" EndDate="2014-12-10 16:07:43.364 JST" Interest="4.0" Kind="selection" Navigation="null" OriginId="org.eclipse.jdt.ui.PackageExplorer" StartDate="2014-12-10 16:03:26.202 JST" StructureHandle="=CutPlanner_A/src&amp;lt;cp.listeners.button{BO_CL.java" StructureKind="java" NumEvents="4" CreationCount="798"/><InteractionEvent Delta="null" EndDate="2014-12-10 16:05:07.483 JST" Interest="14.442" Kind="propagation" Navigation="org.eclipse.mylyn.core.model.edges.containment" OriginId="org.eclipse.mylyn.core.model.interest.propagation" StartDate="2014-12-10 16:03:31.991 JST" StructureHandle="=CutPlanner_A/src&amp;lt;cp.listeners.button{BO_CL.java" StructureKind="java" NumEvents="24" CreationCount="798"/><InteractionEvent Delta="null" EndDate="2014-12-10 16:07:36.898 JST" Interest="31.0" Kind="propagation" Navigation="null" OriginId="org.eclipse.jdt.ui.CompilationUnitEditor" StartDate="2014-12-10 15:59:57.953 JST" StructureHandle="/CutPlanner_A/src/cp/views/CV2.java" StructureKind="resource" NumEvents="31" CreationCount="757"/><InteractionEvent Delta="null" EndDate="2014-12-12 10:26:32.384 JST" Interest="3.0" Kind="selection" Navigation="null" OriginId="org.eclipse.jdt.ui.CompilationUnitEditor" StartDate="2014-12-12 10:26:32.262 JST" StructureHandle="=CutPlanner_A/src&amp;lt;cp.main{TopolActv.java[TopolActv~onStart" StructureKind="java" NumEvents="3" CreationCount="1703"/><InteractionEvent Delta="null" EndDate="2014-12-12 10:26:33.556 JST" Interest="4.0" Kind="edit" Navigation="null" OriginId="org.eclipse.jdt.ui.CompilationUnitEditor" StartDate="2014-12-12 10:26:32.866 JST" StructureHandle="=CutPlanner_A/src&amp;lt;cp.main{TopolActv.java[TopolActv~onStart" StructureKind="java" NumEvents="4" CreationCount="1703"/><InteractionEvent Delta="null" EndDate="2014-12-10 16:07:38.987 JST" Interest="3.0" Kind="selection" Navigation="null" OriginId="org.eclipse.jdt.ui.CompilationUnitEditor" StartDate="2014-12-10 16:04:45.835 JST" StructureHandle="=CutPlanner_A/src&amp;lt;cp.listeners.button{BO_CL.java[BO_CL~_TOPOL_IB_PREV__ST_2" StructureKind="java" NumEvents="3" CreationCount="824"/><InteractionEvent Delta="null" EndDate="2014-12-10 16:05:07.483 JST" Interest="20.0" Kind="edit" Navigation="null" OriginId="org.eclipse.jdt.ui.CompilationUnitEditor" StartDate="2014-12-10 16:04:46.523 JST" StructureHandle="=CutPlanner_A/src&amp;lt;cp.listeners.button{BO_CL.java[BO_CL~_TOPOL_IB_PREV__ST_2" StructureKind="java" NumEvents="20" CreationCount="824"/><InteractionEvent Delta="null" EndDate="2014-12-12 10:27:57.559 JST" Interest="1016.0" Kind="propagation" Navigation="null" OriginId="org.eclipse.jdt.ui.CompilationUnitEditor" StartDate="2014-12-10 15:31:58.957 JST" StructureHandle="/CutPlanner_A/src/cp/listeners/view/V_OTL.java" StructureKind="resource" NumEvents="1016" CreationCount="22"/><InteractionEvent Delta="null" EndDate="2014-12-12 09:53:40.752 JST" Interest="1.0" Kind="selection" Navigation="null" OriginId="org.eclipse.jdt.ui.PackageExplorer" StartDate="2014-12-12 09:53:40.752 JST" StructureHandle="=CutPlanner_A/src&amp;lt;cp.utils{Methods_dlg.java" StructureKind="java"/><InteractionEvent Delta="null" EndDate="2014-12-12 10:26:18.317 JST" Interest="1.0" Kind="selection" Navigation="null" OriginId="org.eclipse.ui.views.ContentOutline" StartDate="2014-12-12 10:26:18.317 JST" StructureHandle="=CutPlanner_A/src&amp;lt;cp.main{MainActv.java[MainActv~onStart" StructureKind="java"/><InteractionEvent Delta="null" EndDate="2014-12-12 10:26:26.903 JST" Interest="9.0" Kind="edit" Navigation="null" OriginId="org.eclipse.jdt.ui.CompilationUnitEditor" StartDate="2014-12-12 10:26:18.520 JST" StructureHandle="=CutPlanner_A/src&amp;lt;cp.main{MainActv.java[MainActv~onStart" StructureKind="java" NumEvents="9" CreationCount="1688"/><InteractionEvent Delta="null" EndDate="2014-12-12 10:09:13.902 JST" Interest="9.0" Kind="selection" Navigation="null" OriginId="org.eclipse.jdt.ui.CompilationUnitEditor" StartDate="2014-12-10 15:42:16.899 JST" StructureHandle="=CutPlanner_A/src&amp;lt;cp.utils{Methods.java[Methods" StructureKind="java" NumEvents="9" CreationCount="31"/><InteractionEvent Delta="null" EndDate="2014-12-12 10:09:13.906 JST" Interest="10.0" Kind="edit" Navigation="null" OriginId="org.eclipse.jdt.ui.CompilationUnitEditor" StartDate="2014-12-10 15:42:16.904 JST" StructureHandle="=CutPlanner_A/src&amp;lt;cp.utils{Methods.java[Methods" StructureKind="java" NumEvents="10" CreationCount="31"/><InteractionEvent Delta="null" EndDate="2014-12-12 10:09:26.406 JST" Interest="154.87099" Kind="propagation" Navigation="org.eclipse.mylyn.core.model.edges.containment" OriginId="org.eclipse.mylyn.core.model.interest.propagation" StartDate="2014-12-10 15:32:28.562 JST" StructureHandle="=CutPlanner_A/src&amp;lt;cp.utils{Methods.java[Methods" StructureKind="java" NumEvents="217" CreationCount="31"/><InteractionEvent Delta="null" EndDate="2014-12-10 16:03:21.442 JST" Interest="2.0" Kind="selection" Navigation="null" OriginId="org.eclipse.jdt.ui.PackageExplorer" StartDate="2014-12-10 15:31:55.138 JST" StructureHandle="=CutPlanner_A/src&amp;lt;cp.listeners.button" StructureKind="java" NumEvents="2" CreationCount="20"/><InteractionEvent Delta="null" EndDate="2014-12-10 16:03:21.442 JST" Interest="12.192" Kind="manipulation" Navigation="null" OriginId="org.eclipse.mylyn.core.model.interest.decay.correction" StartDate="2014-12-10 16:03:21.442 JST" StructureHandle="=CutPlanner_A/src&amp;lt;cp.listeners.button" StructureKind="java"/><InteractionEvent Delta="null" EndDate="2014-12-10 16:07:43.365 JST" Interest="17.476002" Kind="propagation" Navigation="org.eclipse.mylyn.core.model.edges.containment" OriginId="org.eclipse.mylyn.core.model.interest.propagation" StartDate="2014-12-10 16:03:26.202 JST" StructureHandle="=CutPlanner_A/src&amp;lt;cp.listeners.button" StructureKind="java" NumEvents="28" CreationCount="20"/><InteractionEvent Delta="null" EndDate="2014-12-12 10:09:55.179 JST" Interest="1.0" Kind="prediction" Navigation="null" OriginId="org.eclipse.mylyn.resources.ui.interest.updater" StartDate="2014-12-12 10:09:55.179 JST" StructureHandle="/CutPlanner_A/bin/resources.ap_" StructureKind="resource"/><InteractionEvent Delta="null" EndDate="2014-12-12 09:56:39.406 JST" Interest="6.0" Kind="selection" Navigation="null" OriginId="org.eclipse.jdt.ui.CompilationUnitEditor" StartDate="2014-12-10 16:07:47.769 JST" StructureHandle="=CutPlanner_A/src&amp;lt;cp.views{CV.java" StructureKind="java" NumEvents="6" CreationCount="288"/><InteractionEvent Delta="null" EndDate="2014-12-12 09:53:43.597 JST" Interest="7.698" Kind="manipulation" Navigation="null" OriginId="org.eclipse.mylyn.core.model.interest.decay.correction" StartDate="2014-12-12 09:53:43.597 JST" StructureHandle="=CutPlanner_A/src&amp;lt;cp.views{CV.java" StructureKind="java"/><InteractionEvent Delta="null" EndDate="2014-12-12 09:53:53.724 JST" Interest="1.375001" Kind="propagation" Navigation="org.eclipse.mylyn.core.model.edges.containment" OriginId="org.eclipse.mylyn.core.model.interest.propagation" StartDate="2014-12-10 16:07:57.880 JST" StructureHandle="=CutPlanner_A/src&amp;lt;cp.views{CV.java" StructureKind="java" NumEvents="2" CreationCount="288"/><InteractionEvent Delta="null" EndDate="2014-12-12 09:53:40.752 JST" Interest="1.0" Kind="propagation" Navigation="null" OriginId="org.eclipse.jdt.ui.PackageExplorer" StartDate="2014-12-12 09:53:40.752 JST" StructureHandle="/CutPlanner_A/src/cp/utils/Methods_dlg.java" StructureKind="resource"/><InteractionEvent Delta="null" EndDate="2014-12-12 10:26:26.903 JST" Interest="35.843002" Kind="propagation" Navigation="org.eclipse.mylyn.core.model.edges.containment" OriginId="org.eclipse.mylyn.core.model.interest.propagation" StartDate="2014-12-10 15:31:41.751 JST" StructureHandle="=CutPlanner_A/src&amp;lt;cp.main{MainActv.java[MainActv" StructureKind="java" NumEvents="16" CreationCount="9"/><InteractionEvent Delta="null" EndDate="2014-12-10 15:43:46.866 JST" Interest="10.0" Kind="selection" Navigation="null" OriginId="org.eclipse.jdt.ui.CompilationUnitEditor" StartDate="2014-12-10 15:32:28.562 JST" StructureHandle="=CutPlanner_A/src&amp;lt;cp.utils{Methods.java[Methods~identify~QActivity;~F~F" StructureKind="java" NumEvents="10" CreationCount="31"/><InteractionEvent Delta="null" EndDate="2014-12-10 15:43:53.452 JST" Interest="45.0" Kind="edit" Navigation="null" OriginId="org.eclipse.jdt.ui.CompilationUnitEditor" StartDate="2014-12-10 15:32:29.241 JST" StructureHandle="=CutPlanner_A/src&amp;lt;cp.utils{Methods.java[Methods~identify~QActivity;~F~F" StructureKind="java" NumEvents="45" CreationCount="31"/><InteractionEvent Delta="null" EndDate="2014-12-12 09:54:03.244 JST" Interest="2.0" Kind="selection" Navigation="null" OriginId="org.eclipse.ui.views.ContentOutline" StartDate="2014-12-12 09:53:53.724 JST" StructureHandle="=CutPlanner_A/src&amp;lt;cp.views{CV.java[CV" StructureKind="java" NumEvents="2" CreationCount="857"/><InteractionEvent Delta="null" EndDate="2014-12-10 16:07:57.880 JST" Interest="2.4" Kind="propagation" Navigation="org.eclipse.mylyn.core.model.edges.containment" OriginId="org.eclipse.mylyn.core.model.interest.propagation" StartDate="2014-12-10 16:07:52.980 JST" StructureHandle="=CutPlanner_A/src&amp;lt;cp.views{CV.java[CV" StructureKind="java" NumEvents="3" CreationCount="857"/><InteractionEvent Delta="null" EndDate="2014-12-12 10:19:01.866 JST" Interest="38.0" Kind="selection" Navigation="null" OriginId="org.eclipse.jdt.ui.CompilationUnitEditor" StartDate="2014-12-10 15:36:34.695 JST" StructureHandle="=CutPlanner_A/src&amp;lt;cp.listeners.view{V_OTL.java[V_OTL~onTouch_Topol~QView;~QMotionEvent;" StructureKind="java" NumEvents="38" CreationCount="68"/><InteractionEvent Delta="null" EndDate="2014-12-12 10:19:05.391 JST" Interest="135.0" Kind="edit" Navigation="null" OriginId="org.eclipse.jdt.ui.CompilationUnitEditor" StartDate="2014-12-10 15:36:35.597 JST" StructureHandle="=CutPlanner_A/src&amp;lt;cp.listeners.view{V_OTL.java[V_OTL~onTouch_Topol~QView;~QMotionEvent;" StructureKind="java" NumEvents="135" CreationCount="68"/><InteractionEvent Delta="null" EndDate="2014-12-10 15:41:11.291 JST" Interest="1.0" Kind="selection" Navigation="null" OriginId="org.eclipse.jdt.ui.CompilationUnitEditor" StartDate="2014-12-10 15:41:11.291 JST" StructureHandle="=CutPlanner_A/src&amp;lt;cp.listeners.view{V_OTL.java[V_OTL~V_OTL~QActivity;~QCV;" StructureKind="java"/><InteractionEvent Delta="null" EndDate="2014-12-10 16:07:43.601 JST" Interest="1.0" Kind="propagation" Navigation="null" OriginId="org.eclipse.jdt.ui.PackageExplorer" StartDate="2014-12-10 16:07:43.601 JST" StructureHandle="/CutPlanner_A/src/cp/listeners/dialog" StructureKind="resource"/><InteractionEvent Delta="null" EndDate="2014-12-12 10:15:23.442 JST" Interest="6.0" Kind="selection" Navigation="null" OriginId="org.eclipse.jdt.ui.CompilationUnitEditor" StartDate="2014-12-10 15:53:53.691 JST" StructureHandle="=CutPlanner_A/src&amp;lt;cp.utils{CONS.java[CONS[Canvas2[ChosenObj" StructureKind="java" NumEvents="6" CreationCount="545"/><InteractionEvent Delta="null" EndDate="2014-12-12 10:15:23.442 JST" Interest="6.058001" Kind="manipulation" Navigation="null" OriginId="org.eclipse.mylyn.core.model.interest.decay.correction" StartDate="2014-12-12 10:00:31.169 JST" StructureHandle="=CutPlanner_A/src&amp;lt;cp.utils{CONS.java[CONS[Canvas2[ChosenObj" StructureKind="java" NumEvents="2" CreationCount="545"/><InteractionEvent Delta="null" EndDate="2014-12-10 15:53:58.682 JST" Interest="3.0" Kind="edit" Navigation="null" OriginId="org.eclipse.jdt.ui.CompilationUnitEditor" StartDate="2014-12-10 15:53:54.549 JST" StructureHandle="=CutPlanner_A/src&amp;lt;cp.utils{CONS.java[CONS[Canvas2[ChosenObj" StructureKind="java" NumEvents="3" CreationCount="545"/><InteractionEvent Delta="null" EndDate="2014-12-12 10:00:32.511 JST" Interest="0.016999722" Kind="propagation" Navigation="org.eclipse.mylyn.core.model.edges.containment" OriginId="org.eclipse.mylyn.core.model.interest.propagation" StartDate="2014-12-12 10:00:32.511 JST" StructureHandle="=CutPlanner_A/src&amp;lt;cp.utils{CONS.java[CONS[Canvas2[ChosenObj" StructureKind="java"/><InteractionEvent Delta="null" EndDate="2014-12-10 16:03:27.719 JST" Interest="1.0" Kind="selection" Navigation="null" OriginId="org.eclipse.ui.views.ContentOutline" StartDate="2014-12-10 16:03:27.719 JST" StructureHandle="=CutPlanner_A/src&amp;lt;cp.listeners.button{BO_CL.java%cp.listeners.button" StructureKind="java"/><InteractionEvent Delta="null" EndDate="2014-12-12 09:53:56.610 JST" Interest="3.0" Kind="selection" Navigation="null" OriginId="org.eclipse.jdt.ui.PackageExplorer" StartDate="2014-12-10 15:31:56.622 JST" StructureHandle="=CutPlanner_A/src&amp;lt;cp.listeners.view" StructureKind="java" NumEvents="3" CreationCount="21"/><InteractionEvent Delta="null" EndDate="2014-12-12 10:27:57.560 JST" Interest="148.74501" Kind="propagation" Navigation="org.eclipse.mylyn.core.model.edges.containment" OriginId="org.eclipse.mylyn.core.model.interest.propagation" StartDate="2014-12-10 15:31:58.957 JST" StructureHandle="=CutPlanner_A/src&amp;lt;cp.listeners.view" StructureKind="java" NumEvents="282" CreationCount="21"/><InteractionEvent Delta="null" EndDate="2014-12-12 10:16:00.413 JST" Interest="524.0" Kind="propagation" Navigation="null" OriginId="org.eclipse.jdt.ui.CompilationUnitEditor" StartDate="2014-12-10 15:32:27.781 JST" StructureHandle="/CutPlanner_A/src/cp/utils/Methods.java" StructureKind="resource" NumEvents="524" CreationCount="30"/><InteractionEvent Delta="null" EndDate="2014-12-10 16:07:36.693 JST" Interest="2.0" Kind="selection" Navigation="null" OriginId="org.eclipse.jdt.ui.CompilationUnitEditor" StartDate="2014-12-10 15:59:57.952 JST" StructureHandle="=CutPlanner_A/src&amp;lt;cp.views{CV2.java" StructureKind="java" NumEvents="2" CreationCount="757"/><InteractionEvent Delta="null" EndDate="2014-12-10 16:00:11.904 JST" Interest="6.285" Kind="propagation" Navigation="org.eclipse.mylyn.core.model.edges.containment" OriginId="org.eclipse.mylyn.core.model.interest.propagation" StartDate="2014-12-10 15:59:58.748 JST" StructureHandle="=CutPlanner_A/src&amp;lt;cp.views{CV2.java" StructureKind="java" NumEvents="9" CreationCount="757"/><InteractionEvent Delta="null" EndDate="2014-12-10 15:53:31.880 JST" Interest="1.0" Kind="selection" Navigation="null" OriginId="org.eclipse.jdt.ui.CompilationUnitEditor" StartDate="2014-12-10 15:53:31.880 JST" StructureHandle="=CutPlanner_A/src&amp;lt;cp.utils{CONS.java[CONS[Canvas2^Rect_A_X1" StructureKind="java"/><InteractionEvent Delta="null" EndDate="2014-12-12 10:21:01.739 JST" Interest="19.0" Kind="selection" Navigation="null" OriginId="org.eclipse.jdt.ui.CompilationUnitEditor" StartDate="2014-12-12 10:12:38.791 JST" StructureHandle="=CutPlanner_A/src&amp;lt;cp.listeners.view{V_OTL.java[V_OTL~_case_ACTION_DOWN_Topol~F~F" StructureKind="java" NumEvents="19" CreationCount="1169"/><InteractionEvent Delta="null" EndDate="2014-12-12 10:20:09.309 JST" Interest="117.0" Kind="edit" Navigation="null" OriginId="org.eclipse.jdt.ui.CompilationUnitEditor" StartDate="2014-12-12 10:12:38.797 JST" StructureHandle="=CutPlanner_A/src&amp;lt;cp.listeners.view{V_OTL.java[V_OTL~_case_ACTION_DOWN_Topol~F~F" StructureKind="java" NumEvents="117" CreationCount="1169"/><InteractionEvent Delta="null" EndDate="2014-12-12 10:26:32.371 JST" Interest="4.0" Kind="selection" Navigation="null" OriginId="org.eclipse.jdt.ui.CompilationUnitEditor" StartDate="2014-12-12 10:26:29.986 JST" StructureHandle="=CutPlanner_A/src&amp;lt;cp.main{TopolActv.java[TopolActv~onCreate~QBundle;" StructureKind="java" NumEvents="4" CreationCount="1701"/><InteractionEvent Delta="null" EndDate="2014-12-12 10:15:33.576 JST" Interest="1.0" Kind="selection" Navigation="null" OriginId="org.eclipse.jdt.ui.CompilationUnitEditor" StartDate="2014-12-12 10:15:33.576 JST" StructureHandle="=CutPlanner_A/src&amp;lt;cp.utils{CONS.java[CONS[Canvas^p1" StructureKind="java"/><InteractionEvent Delta="null" EndDate="2014-12-12 10:20:24.806 JST" Interest="6.0" Kind="selection" Navigation="null" OriginId="org.eclipse.jdt.ui.CompilationUnitEditor" StartDate="2014-12-10 15:35:43.556 JST" StructureHandle="=CutPlanner_A/src&amp;lt;cp.listeners.view{V_OTL.java[V_OTL~_case_ACTION_MOVE~F~F" StructureKind="java" NumEvents="6" CreationCount="49"/><InteractionEvent Delta="null" EndDate="2014-12-12 10:20:24.806 JST" Interest="8.875" Kind="manipulation" Navigation="null" OriginId="org.eclipse.mylyn.core.model.interest.decay.correction" StartDate="2014-12-10 15:56:28.529 JST" StructureHandle="=CutPlanner_A/src&amp;lt;cp.listeners.view{V_OTL.java[V_OTL~_case_ACTION_MOVE~F~F" StructureKind="java" NumEvents="2" CreationCount="49"/><InteractionEvent Delta="null" EndDate="2014-12-12 10:20:24.844 JST" Interest="20.0" Kind="edit" Navigation="null" OriginId="org.eclipse.jdt.ui.CompilationUnitEditor" StartDate="2014-12-10 15:35:44.288 JST" StructureHandle="=CutPlanner_A/src&amp;lt;cp.listeners.view{V_OTL.java[V_OTL~_case_ACTION_MOVE~F~F" StructureKind="java" NumEvents="20" CreationCount="49"/><InteractionEvent Delta="null" EndDate="2014-12-10 15:39:51.658 JST" Interest="1.0" Kind="selection" Navigation="null" OriginId="org.eclipse.jdt.ui.CompilationUnitEditor" StartDate="2014-12-10 15:39:51.658 JST" StructureHandle="=CutPlanner_A/src&amp;lt;cp.listeners.view{V_OTL.java[V_OTL^actv" StructureKind="java"/><InteractionEvent Delta="null" EndDate="2014-12-10 15:40:38.728 JST" Interest="1.0" Kind="edit" Navigation="null" OriginId="org.eclipse.jdt.ui.CompilationUnitEditor" StartDate="2014-12-10 15:40:38.728 JST" StructureHandle="=CutPlanner_A/src&amp;lt;cp.listeners.view{V_OTL.java[V_OTL^actv" StructureKind="java"/><InteractionEvent Delta="null" EndDate="2014-12-10 15:53:23.493 JST" Interest="1.0" Kind="selection" Navigation="null" OriginId="org.eclipse.jdt.ui.PackageExplorer" StartDate="2014-12-10 15:53:23.493 JST" StructureHandle="=CutPlanner_A/src&amp;lt;cp.utils" StructureKind="java"/><InteractionEvent Delta="null" EndDate="2014-12-12 10:16:00.414 JST" Interest="170.888" Kind="propagation" Navigation="org.eclipse.mylyn.core.model.edges.containment" OriginId="org.eclipse.mylyn.core.model.interest.propagation" StartDate="2014-12-10 15:32:27.782 JST" StructureHandle="=CutPlanner_A/src&amp;lt;cp.utils" StructureKind="java" NumEvents="254" CreationCount="30"/><InteractionEvent Delta="null" EndDate="2014-12-10 16:03:21.442 JST" Interest="12.209001" Kind="manipulation" Navigation="null" OriginId="org.eclipse.mylyn.core.model.interest.decay.correction" StartDate="2014-12-10 16:03:21.442 JST" StructureHandle="/CutPlanner_A/src/cp/listeners/button" StructureKind="resource"/><InteractionEvent Delta="null" EndDate="2014-12-10 16:07:43.364 JST" Interest="53.017" Kind="propagation" Navigation="org.eclipse.mylyn.core.model.edges.containment" OriginId="org.eclipse.mylyn.core.model.interest.propagation" StartDate="2014-12-10 15:31:55.139 JST" StructureHandle="/CutPlanner_A/src/cp/listeners/button" StructureKind="resource" NumEvents="54" CreationCount="20"/><InteractionEvent Delta="null" EndDate="2014-12-12 10:00:36.516 JST" Interest="1.0" Kind="selection" Navigation="null" OriginId="org.eclipse.jdt.ui.CompilationUnitEditor" StartDate="2014-12-12 10:00:36.516 JST" StructureHandle="=CutPlanner_A/src&amp;lt;cp.utils{CONS.java[CONS[Canvas2[ChosenObj^Other" StructureKind="java"/><InteractionEvent Delta="null" EndDate="2014-12-12 10:27:57.561 JST" Interest="1778.0339" Kind="propagation" Navigation="null" OriginId="org.eclipse.jdt.ui.CompilationUnitEditor" StartDate="2014-12-10 15:31:20.477 JST" StructureHandle="/CutPlanner_A/src" StructureKind="resource" NumEvents="1780" CreationCount="4"/><InteractionEvent Delta="null" EndDate="2014-12-12 10:15:25.745 JST" Interest="1.0" Kind="selection" Navigation="null" OriginId="org.eclipse.jdt.ui.CompilationUnitEditor" StartDate="2014-12-12 10:15:25.745 JST" StructureHandle="=CutPlanner_A/src&amp;lt;cp.utils{CONS.java[CONS[Canvas^Rect_A_X_dist_from_base" StructureKind="java"/><InteractionEvent Delta="null" EndDate="2014-12-12 10:09:34.229 JST" Interest="17.0" Kind="selection" Navigation="null" OriginId="org.eclipse.jdt.ui.CompilationUnitEditor" StartDate="2014-12-10 15:52:40.651 JST" StructureHandle="=CutPlanner_A/src&amp;lt;cp.utils{Methods.java[Methods~_identify__Topol_Rect_A~QActivity;" StructureKind="java" NumEvents="17" CreationCount="481"/><InteractionEvent Delta="null" EndDate="2014-12-12 10:09:36.963 JST" Interest="62.0" Kind="edit" Navigation="null" OriginId="org.eclipse.jdt.ui.CompilationUnitEditor" StartDate="2014-12-10 15:52:41.532 JST" StructureHandle="=CutPlanner_A/src&amp;lt;cp.utils{Methods.java[Methods~_identify__Topol_Rect_A~QActivity;" StructureKind="java" NumEvents="62" CreationCount="481"/><InteractionEvent Delta="null" EndDate="2014-12-10 16:08:01.564 JST" Interest="2.0" Kind="selection" Navigation="null" OriginId="org.eclipse.ui.views.ContentOutline" StartDate="2014-12-10 16:07:59.60 JST" StructureHandle="=CutPlanner_A/src&amp;lt;cp.views{CV.java[CV~_onDraw__RectA~QCanvas;" StructureKind="java" NumEvents="2" CreationCount="860"/><InteractionEvent Delta="null" EndDate="2014-12-10 16:00:11.903 JST" Interest="7.2679996" Kind="propagation" Navigation="org.eclipse.mylyn.core.model.edges.containment" OriginId="org.eclipse.mylyn.core.model.interest.propagation" StartDate="2014-12-10 15:59:58.748 JST" StructureHandle="=CutPlanner_A/src&amp;lt;cp.views{CV2.java[CV2" StructureKind="java" NumEvents="9" CreationCount="758"/><InteractionEvent Delta="null" EndDate="2014-12-12 10:27:55.206 JST" Interest="41.0" Kind="propagation" Navigation="null" OriginId="org.eclipse.jdt.ui.CompilationUnitEditor" StartDate="2014-12-12 10:26:28.494 JST" StructureHandle="/CutPlanner_A/src/cp/main/TopolActv.java" StructureKind="resource" NumEvents="41" CreationCount="1699"/><InteractionEvent Delta="null" EndDate="2014-12-12 10:10:26.21 JST" Interest="18.0" Kind="selection" Navigation="null" OriginId="org.eclipse.jdt.ui.CompilationUnitEditor" StartDate="2014-12-10 15:45:10.154 JST" StructureHandle="=CutPlanner_A/src&amp;lt;cp.utils{Methods.java[Methods~is_In_Rect_A_Topol~QActivity;~I~I" StructureKind="java" NumEvents="18" CreationCount="357"/><InteractionEvent Delta="null" EndDate="2014-12-12 10:10:26.848 JST" Interest="42.0" Kind="edit" Navigation="null" OriginId="org.eclipse.jdt.ui.CompilationUnitEditor" StartDate="2014-12-10 15:45:10.161 JST" StructureHandle="=CutPlanner_A/src&amp;lt;cp.utils{Methods.java[Methods~is_In_Rect_A_Topol~QActivity;~I~I" StructureKind="java" NumEvents="42" CreationCount="357"/><InteractionEvent Delta="null" EndDate="2014-12-12 10:27:57.560 JST" Interest="1017.03394" Kind="propagation" Navigation="org.eclipse.mylyn.core.model.edges.containment" OriginId="org.eclipse.mylyn.core.model.interest.propagation" StartDate="2014-12-10 15:31:55.139 JST" StructureHandle="/CutPlanner_A/src/cp/listeners" StructureKind="resource" NumEvents="1020" CreationCount="20"/><InteractionEvent Delta="null" EndDate="2014-12-12 10:26:10.792 JST" Interest="14.096001" Kind="manipulation" Navigation="null" OriginId="org.eclipse.mylyn.core.model.interest.decay.correction" StartDate="2014-12-12 10:26:10.792 JST" StructureHandle="/CutPlanner_A/src/cp/main" StructureKind="resource"/><InteractionEvent Delta="null" EndDate="2014-12-12 10:27:55.207 JST" Interest="70.464005" Kind="propagation" Navigation="null" OriginId="org.eclipse.jdt.ui.CompilationUnitEditor" StartDate="2014-12-10 15:31:26.604 JST" StructureHandle="/CutPlanner_A/src/cp/main" StructureKind="resource" NumEvents="73" CreationCount="5"/><InteractionEvent Delta="null" EndDate="2014-12-12 10:20:21.969 JST" Interest="19.0" Kind="selection" Navigation="null" OriginId="org.eclipse.jdt.ui.CompilationUnitEditor" StartDate="2014-12-10 15:56:04.969 JST" StructureHandle="=CutPlanner_A/src&amp;lt;cp.listeners.view{V_OTL.java[V_OTL~_case_ACTION_MOVE_Topol~F~F" StructureKind="java" NumEvents="19" CreationCount="615"/><InteractionEvent Delta="null" EndDate="2014-12-12 10:20:22.1 JST" Interest="72.0" Kind="edit" Navigation="null" OriginId="org.eclipse.jdt.ui.CompilationUnitEditor" StartDate="2014-12-10 15:56:07.48 JST" StructureHandle="=CutPlanner_A/src&amp;lt;cp.listeners.view{V_OTL.java[V_OTL~_case_ACTION_MOVE_Topol~F~F" StructureKind="java" NumEvents="72" CreationCount="615"/><InteractionEvent Delta="null" EndDate="2014-12-10 15:31:49.861 JST" Interest="1.0" Kind="selection" Navigation="null" OriginId="org.eclipse.jdt.ui.CompilationUnitEditor" StartDate="2014-12-10 15:31:49.861 JST" StructureHandle="=CutPlanner_A/src&amp;lt;cp.main{MainActv.java[MainActv~_test_DrawLine" StructureKind="java"/><InteractionEvent Delta="null" EndDate="2014-12-10 15:31:52.190 JST" Interest="3.0" Kind="edit" Navigation="null" OriginId="org.eclipse.jdt.ui.CompilationUnitEditor" StartDate="2014-12-10 15:31:49.873 JST" StructureHandle="=CutPlanner_A/src&amp;lt;cp.main{MainActv.java[MainActv~_test_DrawLine" StructureKind="java" NumEvents="3" CreationCount="15"/><InteractionEvent Delta="null" EndDate="2014-12-10 15:40:55.418 JST" Interest="2.0" Kind="selection" Navigation="null" OriginId="org.eclipse.jdt.ui.CompilationUnitEditor" StartDate="2014-12-10 15:34:23.888 JST" StructureHandle="=CutPlanner_A/src&amp;lt;cp.utils{Methods.java[Methods~_identify__Rect_B~QActivity;" StructureKind="java" NumEvents="2" CreationCount="41"/><InteractionEvent Delta="null" EndDate="2014-12-10 15:40:55.418 JST" Interest="0.68000007" Kind="manipulation" Navigation="null" OriginId="org.eclipse.mylyn.core.model.interest.decay.correction" StartDate="2014-12-10 15:40:55.418 JST" StructureHandle="=CutPlanner_A/src&amp;lt;cp.utils{Methods.java[Methods~_identify__Rect_B~QActivity;" StructureKind="java"/><InteractionEvent Delta="null" EndDate="2014-12-10 15:34:24.821 JST" Interest="1.0" Kind="edit" Navigation="null" OriginId="org.eclipse.jdt.ui.CompilationUnitEditor" StartDate="2014-12-10 15:34:24.821 JST" StructureHandle="=CutPlanner_A/src&amp;lt;cp.utils{Methods.java[Methods~_identify__Rect_B~QActivity;" StructureKind="java"/><InteractionEvent Delta="null" EndDate="2014-12-10 16:00:19.934 JST" Interest="2.0" Kind="selection" Navigation="null" OriginId="org.eclipse.jdt.ui.CompilationUnitEditor" StartDate="2014-12-10 16:00:19.932 JST" StructureHandle="=CutPlanner_A/src&amp;lt;cp.views{CV2.java[CV2~_onDraw__Rect_A~QCanvas;" StructureKind="java" NumEvents="2" CreationCount="773"/><InteractionEvent Delta="null" EndDate="2014-12-10 16:00:33.461 JST" Interest="7.0" Kind="edit" Navigation="null" OriginId="org.eclipse.jdt.ui.CompilationUnitEditor" StartDate="2014-12-10 16:00:19.937 JST" StructureHandle="=CutPlanner_A/src&amp;lt;cp.views{CV2.java[CV2~_onDraw__Rect_A~QCanvas;" StructureKind="java" NumEvents="7" CreationCount="773"/><InteractionEvent Delta="null" EndDate="2014-12-12 10:26:12.874 JST" Interest="14.543001" Kind="manipulation" Navigation="null" OriginId="org.eclipse.mylyn.core.model.interest.decay.correction" StartDate="2014-12-12 10:26:12.874 JST" StructureHandle="/CutPlanner_A/src/cp/main/MainActv.java" StructureKind="resource"/><InteractionEvent Delta="null" EndDate="2014-12-12 10:27:23.66 JST" Interest="29.0" Kind="propagation" Navigation="null" OriginId="org.eclipse.jdt.ui.CompilationUnitEditor" StartDate="2014-12-10 15:31:28.497 JST" StructureHandle="/CutPlanner_A/src/cp/main/MainActv.java" StructureKind="resource" NumEvents="29" CreationCount="6"/><InteractionEvent Delta="null" EndDate="2014-12-12 10:23:14.727 JST" Interest="7.0" Kind="selection" Navigation="null" OriginId="org.eclipse.jdt.ui.CompilationUnitEditor" StartDate="2014-12-12 10:21:31.576 JST" StructureHandle="=CutPlanner_A/src&amp;lt;cp.listeners.view{V_OTL.java[V_OTL~_case_ACTION_UP~F~F" StructureKind="java" NumEvents="7" CreationCount="1605"/><InteractionEvent Delta="null" EndDate="2014-12-12 10:23:04.564 JST" Interest="12.0" Kind="edit" Navigation="null" OriginId="org.eclipse.jdt.ui.CompilationUnitEditor" StartDate="2014-12-12 10:21:32.133 JST" StructureHandle="=CutPlanner_A/src&amp;lt;cp.listeners.view{V_OTL.java[V_OTL~_case_ACTION_UP~F~F" StructureKind="java" NumEvents="12" CreationCount="1605"/><InteractionEvent Delta="null" EndDate="2014-12-12 10:27:55.738 JST" Interest="52.0" Kind="selection" Navigation="null" OriginId="org.eclipse.jdt.ui.CompilationUnitEditor" StartDate="2014-12-10 15:31:58.957 JST" StructureHandle="=CutPlanner_A/src&amp;lt;cp.listeners.view{V_OTL.java" StructureKind="java" NumEvents="52" CreationCount="22"/><InteractionEvent Delta="null" EndDate="2014-12-12 10:27:57.560 JST" Interest="99.728004" Kind="propagation" Navigation="org.eclipse.mylyn.core.model.edges.containment" OriginId="org.eclipse.mylyn.core.model.interest.propagation" StartDate="2014-12-10 15:32:06.655 JST" StructureHandle="=CutPlanner_A/src&amp;lt;cp.listeners.view{V_OTL.java" StructureKind="java" NumEvents="149" CreationCount="22"/><InteractionEvent Delta="null" EndDate="2014-12-12 10:26:07.457 JST" Interest="11.920001" Kind="manipulation" Navigation="null" OriginId="org.eclipse.mylyn.core.model.interest.decay.correction" StartDate="2014-12-12 10:26:07.457 JST" StructureHandle="/CutPlanner_A/gen" StructureKind="resource"/><InteractionEvent Delta="null" EndDate="2014-12-12 10:26:07.457 JST" Interest="2.0" Kind="propagation" Navigation="null" OriginId="org.eclipse.jdt.ui.PackageExplorer" StartDate="2014-12-12 09:56:57.355 JST" StructureHandle="/CutPlanner_A/gen" StructureKind="resource" NumEvents="2" CreationCount="922"/><InteractionEvent Delta="null" EndDate="2014-12-12 10:27:55.870 JST" Interest="33.0" Kind="selection" Navigation="null" OriginId="org.eclipse.jdt.ui.CompilationUnitEditor" StartDate="2014-12-10 15:58:09.909 JST" StructureHandle="=CutPlanner_A/src&amp;lt;cp.listeners.view{V_OTL.java[V_OTL~_case_ACTION_MOVE__Rect_A_Topol~F~F" StructureKind="java" NumEvents="33" CreationCount="706"/><InteractionEvent Delta="null" EndDate="2014-12-12 10:27:57.559 JST" Interest="153.0" Kind="edit" Navigation="null" OriginId="org.eclipse.jdt.ui.CompilationUnitEditor" StartDate="2014-12-10 15:58:09.920 JST" StructureHandle="=CutPlanner_A/src&amp;lt;cp.listeners.view{V_OTL.java[V_OTL~_case_ACTION_MOVE__Rect_A_Topol~F~F" StructureKind="java" NumEvents="153" CreationCount="706"/></InteractionHistory>