<?xml version="1.0" encoding="UTF-8"?><InteractionHistory Id="local-173" Version="1"><InteractionEvent Delta="null" EndDate="2014-10-24 09:23:16.861 JST" Interest="248.391" Kind="propagation" Navigation="org.eclipse.mylyn.core.model.edges.containment" OriginId="org.eclipse.mylyn.core.model.interest.propagation" StartDate="2014-10-24 09:08:38.138 JST" StructureHandle="" StructureKind="java" NumEvents="260" CreationCount="1"/><InteractionEvent Delta="null" EndDate="2014-10-24 09:10:06.25 JST" Interest="1.0" Kind="propagation" Navigation="null" OriginId="org.eclipse.jdt.ui.PackageExplorer" StartDate="2014-10-24 09:10:06.25 JST" StructureHandle="/cm7/src/app/utils/DBUtils.java" StructureKind="resource"/><InteractionEvent Delta="null" EndDate="2014-10-24 09:14:04.734 JST" Interest="1.0" Kind="propagation" Navigation="org.eclipse.mylyn.core.model.edges.containment" OriginId="org.eclipse.mylyn.core.model.interest.propagation" StartDate="2014-10-24 09:14:04.734 JST" StructureHandle="/cm7/bin/res/crunch" StructureKind="resource"/><InteractionEvent Delta="null" EndDate="2014-10-24 09:19:36.663 JST" Interest="2.0" Kind="selection" Navigation="null" OriginId="org.eclipse.jdt.ui.CompilationUnitEditor" StartDate="2014-10-24 09:19:32.771 JST" StructureHandle="=cm7/src&amp;lt;app.listeners.button{BO_CL.java[BO_CL~onClick~QView;" StructureKind="java" NumEvents="2" CreationCount="255"/><InteractionEvent Delta="null" EndDate="2014-10-24 09:19:53.593 JST" Interest="8.0" Kind="edit" Navigation="null" OriginId="org.eclipse.jdt.ui.CompilationUnitEditor" StartDate="2014-10-24 09:19:41.77 JST" StructureHandle="=cm7/src&amp;lt;app.listeners.button{BO_CL.java[BO_CL~onClick~QView;" StructureKind="java" NumEvents="8" CreationCount="255"/><InteractionEvent Delta="null" EndDate="2014-10-24 09:22:25.509 JST" Interest="18.119" Kind="propagation" Navigation="org.eclipse.mylyn.core.model.edges.containment" OriginId="org.eclipse.mylyn.core.model.interest.propagation" StartDate="2014-10-24 09:19:01.420 JST" StructureHandle="/TA2/src/ta2" StructureKind="resource" NumEvents="21" CreationCount="231"/><InteractionEvent Delta="null" EndDate="2014-10-24 09:22:32.65 JST" Interest="2.0" Kind="prediction" Navigation="null" OriginId="org.eclipse.mylyn.resources.ui.interest.updater" StartDate="2014-10-24 09:14:04.733 JST" StructureHandle="/cm7/bin/classes.dex" StructureKind="resource" NumEvents="2" CreationCount="171"/><InteractionEvent Delta="null" EndDate="2014-10-24 09:14:04.733 JST" Interest="1.0" Kind="prediction" Navigation="null" OriginId="org.eclipse.mylyn.resources.ui.interest.updater" StartDate="2014-10-24 09:14:04.733 JST" StructureHandle="/cm7/bin/res/crunch/drawable/ifm8_thumb_down_50x50.png" StructureKind="resource"/><InteractionEvent Delta="null" EndDate="2014-10-24 09:16:24.172 JST" Interest="2.0" Kind="selection" Navigation="null" OriginId="org.eclipse.jdt.ui.PackageExplorer" StartDate="2014-10-24 09:14:30.454 JST" StructureHandle="/cm7/AndroidManifest.xml" StructureKind="resource" NumEvents="2" CreationCount="175"/><InteractionEvent Delta="null" EndDate="2014-10-24 09:15:22.223 JST" Interest="22.0" Kind="edit" Navigation="null" OriginId="com.android.ide.eclipse.editors.manifest.ManifestEditor" StartDate="2014-10-24 09:14:30.504 JST" StructureHandle="/cm7/AndroidManifest.xml" StructureKind="resource" NumEvents="22" CreationCount="175"/><InteractionEvent Delta="null" EndDate="2014-10-24 09:13:50.924 JST" Interest="18.883999" Kind="propagation" Navigation="org.eclipse.mylyn.core.model.edges.containment" OriginId="org.eclipse.mylyn.core.model.interest.propagation" StartDate="2014-10-24 09:09:42.887 JST" StructureHandle="=cm7/src&amp;lt;app.listeners.dialog{DOI_CL.java[DOI_CL" StructureKind="java" NumEvents="26" CreationCount="26"/><InteractionEvent Delta="null" EndDate="2014-10-24 09:18:37.364 JST" Interest="29.017" Kind="propagation" Navigation="org.eclipse.mylyn.core.model.edges.containment" OriginId="org.eclipse.mylyn.core.model.interest.propagation" StartDate="2014-10-24 09:12:06.151 JST" StructureHandle="/LM1/src/lm1/utils" StructureKind="resource" NumEvents="30" CreationCount="89"/><InteractionEvent Delta="null" EndDate="2014-10-24 09:18:37.364 JST" Interest="29.034" Kind="propagation" Navigation="org.eclipse.mylyn.core.model.edges.containment" OriginId="org.eclipse.mylyn.core.model.interest.propagation" StartDate="2014-10-24 09:12:04.646 JST" StructureHandle="/LM1/src/lm1" StructureKind="resource" NumEvents="31" CreationCount="88"/><InteractionEvent Delta="null" EndDate="2014-10-24 09:14:04.734 JST" Interest="1.0" Kind="propagation" Navigation="org.eclipse.mylyn.core.model.edges.containment" OriginId="org.eclipse.mylyn.core.model.interest.propagation" StartDate="2014-10-24 09:14:04.734 JST" StructureHandle="/cm7/bin/res" StructureKind="resource"/><InteractionEvent Delta="null" EndDate="2014-10-24 09:23:16.860 JST" Interest="36.0" Kind="propagation" Navigation="org.eclipse.mylyn.core.model.edges.containment" OriginId="org.eclipse.mylyn.core.model.interest.propagation" StartDate="2014-10-24 09:18:28.430 JST" StructureHandle="/cm7/src/app/listeners/button" StructureKind="resource" NumEvents="36" CreationCount="222"/><InteractionEvent Delta="null" EndDate="2014-10-24 09:23:16.861 JST" Interest="349.0" Kind="propagation" Navigation="null" OriginId="org.eclipse.jdt.ui.CompilationUnitEditor" StartDate="2014-10-24 09:08:38.138 JST" StructureHandle="/" StructureKind="resource" NumEvents="349" CreationCount="1"/><InteractionEvent Delta="null" EndDate="2014-10-24 09:13:49.700 JST" Interest="6.0" Kind="selection" Navigation="null" OriginId="com.android.ide.eclipse.editors.CommonXmlEditor" StartDate="2014-10-24 09:08:42.285 JST" StructureHandle="/cm7/res/values/strings.xml" StructureKind="resource" NumEvents="6" CreationCount="3"/><InteractionEvent Delta="null" EndDate="2014-10-24 09:13:49.903 JST" Interest="24.0" Kind="edit" Navigation="null" OriginId="com.android.ide.eclipse.editors.CommonXmlEditor" StartDate="2014-10-24 09:08:42.575 JST" StructureHandle="/cm7/res/values/strings.xml" StructureKind="resource" NumEvents="24" CreationCount="3"/><InteractionEvent Delta="null" EndDate="2014-10-24 09:14:04.733 JST" Interest="1.0" Kind="prediction" Navigation="null" OriginId="org.eclipse.mylyn.resources.ui.interest.updater" StartDate="2014-10-24 09:14:04.733 JST" StructureHandle="/cm7/bin/res/crunch/drawable/actv_tn_bt_top_45x45.png" StructureKind="resource"/><InteractionEvent Delta="null" EndDate="2014-10-24 09:18:10.737 JST" Interest="1.0" Kind="selection" Navigation="null" OriginId="org.eclipse.ui.views.ContentOutline" StartDate="2014-10-24 09:18:10.737 JST" StructureHandle="=cm7/src&amp;lt;app.main{LogActv.java%app.main" StructureKind="java"/><InteractionEvent Delta="null" EndDate="2014-10-24 09:14:04.733 JST" Interest="1.0" Kind="prediction" Navigation="null" OriginId="org.eclipse.mylyn.resources.ui.interest.updater" StartDate="2014-10-24 09:14:04.733 JST" StructureHandle="/cm7/bin/resources.ap_" StructureKind="resource"/><InteractionEvent Delta="null" EndDate="2014-10-24 09:13:27.574 JST" Interest="3.0" Kind="selection" Navigation="null" OriginId="org.eclipse.jdt.ui.CompilationUnitEditor" StartDate="2014-10-24 09:12:42.531 JST" StructureHandle="=cm7/src&amp;lt;app.utils{Methods.java#" StructureKind="java" NumEvents="3" CreationCount="106"/><InteractionEvent Delta="null" EndDate="2014-10-24 09:12:36.542 JST" Interest="1.0" Kind="propagation" Navigation="org.eclipse.mylyn.core.model.edges.containment" OriginId="org.eclipse.mylyn.core.model.interest.propagation" StartDate="2014-10-24 09:12:36.542 JST" StructureHandle="=cm7/src&amp;lt;app.utils{Methods.java#" StructureKind="java"/><InteractionEvent Delta="null" EndDate="2014-10-24 09:20:22.93 JST" Interest="3.0" Kind="selection" Navigation="null" OriginId="org.eclipse.jdt.ui.CompilationUnitEditor" StartDate="2014-10-24 09:18:14.646 JST" StructureHandle="=cm7/src&amp;lt;app.main{LogActv.java[LogActv~_Setup_Set_Listener" StructureKind="java" NumEvents="3" CreationCount="218"/><InteractionEvent Delta="null" EndDate="2014-10-24 09:19:12.330 JST" Interest="3.0" Kind="edit" Navigation="null" OriginId="org.eclipse.jdt.ui.CompilationUnitEditor" StartDate="2014-10-24 09:18:14.701 JST" StructureHandle="=cm7/src&amp;lt;app.main{LogActv.java[LogActv~_Setup_Set_Listener" StructureKind="java" NumEvents="3" CreationCount="218"/><InteractionEvent Delta="null" EndDate="2014-10-24 09:18:37.364 JST" Interest="8.0" Kind="selection" Navigation="null" OriginId="org.eclipse.ui.views.ResourceNavigator" StartDate="2014-10-24 09:12:07.773 JST" StructureHandle="=LM1/src&amp;lt;lm1.utils{Methods.java" StructureKind="java" NumEvents="8" CreationCount="90"/><InteractionEvent Delta="null" EndDate="2014-10-24 09:13:06.492 JST" Interest="2.868" Kind="propagation" Navigation="org.eclipse.mylyn.core.model.edges.containment" OriginId="org.eclipse.mylyn.core.model.interest.propagation" StartDate="2014-10-24 09:12:16.62 JST" StructureHandle="=LM1/src&amp;lt;lm1.utils{Methods.java" StructureKind="java" NumEvents="4" CreationCount="90"/><InteractionEvent Delta="null" EndDate="2014-10-24 09:20:22.26 JST" Interest="5.0" Kind="selection" Navigation="null" OriginId="org.eclipse.jdt.ui.CompilationUnitEditor" StartDate="2014-10-24 09:18:08.216 JST" StructureHandle="=cm7/src&amp;lt;app.main{LogActv.java" StructureKind="java" NumEvents="5" CreationCount="216"/><InteractionEvent Delta="null" EndDate="2014-10-24 09:18:14.701 JST" Interest="0.7340001" Kind="propagation" Navigation="org.eclipse.mylyn.core.model.edges.containment" OriginId="org.eclipse.mylyn.core.model.interest.propagation" StartDate="2014-10-24 09:18:10.737 JST" StructureHandle="=cm7/src&amp;lt;app.main{LogActv.java" StructureKind="java" NumEvents="3" CreationCount="216"/><InteractionEvent Delta="null" EndDate="2014-10-24 09:22:26.512 JST" Interest="11.161" Kind="propagation" Navigation="org.eclipse.mylyn.core.model.edges.containment" OriginId="org.eclipse.mylyn.core.model.interest.propagation" StartDate="2014-10-24 09:18:28.431 JST" StructureHandle="=cm7/src&amp;lt;app.listeners.button" StructureKind="java" NumEvents="18" CreationCount="222"/><InteractionEvent Delta="null" EndDate="2014-10-24 09:22:26.22 JST" Interest="8.017" Kind="propagation" Navigation="org.eclipse.mylyn.core.model.edges.containment" OriginId="org.eclipse.mylyn.core.model.interest.propagation" StartDate="2014-10-24 09:19:03.339 JST" StructureHandle="/TA2/src/ta2/main" StructureKind="resource" NumEvents="9" CreationCount="232"/><InteractionEvent Delta="null" EndDate="2014-10-24 09:19:07.763 JST" Interest="1.0" Kind="selection" Navigation="null" OriginId="org.eclipse.ui.views.ResourceNavigator" StartDate="2014-10-24 09:19:07.763 JST" StructureHandle="=TA2/src&amp;lt;ta2.listeners.button" StructureKind="java"/><InteractionEvent Delta="null" EndDate="2014-10-24 09:22:25.336 JST" Interest="6.9360003" Kind="propagation" Navigation="org.eclipse.mylyn.core.model.edges.containment" OriginId="org.eclipse.mylyn.core.model.interest.propagation" StartDate="2014-10-24 09:19:08.944 JST" StructureHandle="=TA2/src&amp;lt;ta2.listeners.button" StructureKind="java" NumEvents="11" CreationCount="237"/><InteractionEvent Delta="null" EndDate="2014-10-24 09:12:10.699 JST" Interest="1.0" Kind="selection" Navigation="null" OriginId="org.eclipse.ui.views.ContentOutline" StartDate="2014-10-24 09:12:10.699 JST" StructureHandle="=LM1/src&amp;lt;lm1.utils{Methods.java[Methods~get_TimeLabel~J" StructureKind="java"/><InteractionEvent Delta="null" EndDate="2014-10-24 09:12:56.926 JST" Interest="16.9" Kind="propagation" Navigation="org.eclipse.mylyn.core.model.edges.containment" OriginId="org.eclipse.mylyn.core.model.interest.propagation" StartDate="2014-10-24 09:10:10.650 JST" StructureHandle="=cm7/src&amp;lt;app.utils{Methods_dlg.java[Methods_dlg" StructureKind="java" NumEvents="22" CreationCount="41"/><InteractionEvent Delta="null" EndDate="2014-10-24 09:13:50.925 JST" Interest="51.017002" Kind="propagation" Navigation="org.eclipse.mylyn.core.model.edges.containment" OriginId="org.eclipse.mylyn.core.model.interest.propagation" StartDate="2014-10-24 09:09:35.923 JST" StructureHandle="/cm7/src/app/listeners" StructureKind="resource" NumEvents="52" CreationCount="23"/><InteractionEvent Delta="null" EndDate="2014-10-24 09:13:09.997 JST" Interest="3.0" Kind="selection" Navigation="null" OriginId="org.eclipse.jdt.ui.CompilationUnitEditor" StartDate="2014-10-24 09:13:07.394 JST" StructureHandle="=LM1/src&amp;lt;lm1.utils{Methods.java[Methods~playSound~QActivity;~I" StructureKind="java" NumEvents="3" CreationCount="130"/><InteractionEvent Delta="null" EndDate="2014-10-24 09:22:26.328 JST" Interest="7.0" Kind="selection" Navigation="null" OriginId="org.eclipse.jdt.ui.CompilationUnitEditor" StartDate="2014-10-24 09:18:28.430 JST" StructureHandle="=cm7/src&amp;lt;app.listeners.button{BO_CL.java" StructureKind="java" NumEvents="7" CreationCount="222"/><InteractionEvent Delta="null" EndDate="2014-10-24 09:19:54.390 JST" Interest="4.161" Kind="propagation" Navigation="org.eclipse.mylyn.core.model.edges.containment" OriginId="org.eclipse.mylyn.core.model.interest.propagation" StartDate="2014-10-24 09:19:42.490 JST" StructureHandle="=cm7/src&amp;lt;app.listeners.button{BO_CL.java" StructureKind="java" NumEvents="7" CreationCount="222"/><InteractionEvent Delta="null" EndDate="2014-10-24 09:12:13.644 JST" Interest="1.0" Kind="selection" Navigation="null" OriginId="org.eclipse.ui.views.ContentOutline" StartDate="2014-10-24 09:12:13.644 JST" StructureHandle="=LM1/src&amp;lt;lm1.utils{Methods.java[Methods~start_Activity_LogActv~QActivity;~QDialog;" StructureKind="java"/><InteractionEvent Delta="null" EndDate="2014-10-24 09:12:18.695 JST" Interest="4.0" Kind="edit" Navigation="null" OriginId="org.eclipse.jdt.ui.CompilationUnitEditor" StartDate="2014-10-24 09:12:16.39 JST" StructureHandle="=LM1/src&amp;lt;lm1.utils{Methods.java[Methods~start_Activity_LogActv~QActivity;~QDialog;" StructureKind="java" NumEvents="4" CreationCount="94"/><InteractionEvent Delta="null" EndDate="2014-10-24 09:13:10.23 JST" Interest="3.0" Kind="selection" Navigation="null" OriginId="org.eclipse.jdt.ui.CompilationUnitEditor" StartDate="2014-10-24 09:13:09.927 JST" StructureHandle="=LM1/src&amp;lt;lm1.utils{Methods.java[Methods~start_Activity_ShowLogActv~QActivity;~QString;" StructureKind="java" NumEvents="3" CreationCount="131"/><InteractionEvent Delta="null" EndDate="2014-10-24 09:13:13.286 JST" Interest="3.0" Kind="edit" Navigation="null" OriginId="org.eclipse.jdt.ui.CompilationUnitEditor" StartDate="2014-10-24 09:13:10.500 JST" StructureHandle="=LM1/src&amp;lt;lm1.utils{Methods.java[Methods~start_Activity_ShowLogActv~QActivity;~QString;" StructureKind="java" NumEvents="3" CreationCount="131"/><InteractionEvent Delta="null" EndDate="2014-10-24 09:11:03.254 JST" Interest="3.0" Kind="selection" Navigation="null" OriginId="org.eclipse.jdt.ui.CompilationUnitEditor" StartDate="2014-10-24 09:09:42.886 JST" StructureHandle="=cm7/src&amp;lt;app.listeners.dialog{DOI_CL.java[DOI_CL~case_DLG_DB_ADMIN_LV~QListItem;" StructureKind="java" NumEvents="3" CreationCount="26"/><InteractionEvent Delta="null" EndDate="2014-10-24 09:11:20.463 JST" Interest="15.0" Kind="edit" Navigation="null" OriginId="org.eclipse.jdt.ui.CompilationUnitEditor" StartDate="2014-10-24 09:09:45.232 JST" StructureHandle="=cm7/src&amp;lt;app.listeners.dialog{DOI_CL.java[DOI_CL~case_DLG_DB_ADMIN_LV~QListItem;" StructureKind="java" NumEvents="15" CreationCount="26"/><InteractionEvent Delta="null" EndDate="2014-10-24 09:22:26.22 JST" Interest="8.0" Kind="selection" Navigation="null" OriginId="org.eclipse.jdt.ui.CompilationUnitEditor" StartDate="2014-10-24 09:19:04.660 JST" StructureHandle="=TA2/src&amp;lt;ta2.main{LogActv.java" StructureKind="java" NumEvents="8" CreationCount="233"/><InteractionEvent Delta="null" EndDate="2014-10-24 09:20:00.657 JST" Interest="5.8" Kind="propagation" Navigation="org.eclipse.mylyn.core.model.edges.containment" OriginId="org.eclipse.mylyn.core.model.interest.propagation" StartDate="2014-10-24 09:19:16.111 JST" StructureHandle="=TA2/src&amp;lt;ta2.listeners.button{BO_CL.java[BO_CL" StructureKind="java" NumEvents="7" CreationCount="245"/><InteractionEvent Delta="null" EndDate="2014-10-24 09:14:04.733 JST" Interest="1.0" Kind="prediction" Navigation="null" OriginId="org.eclipse.mylyn.resources.ui.interest.updater" StartDate="2014-10-24 09:14:04.733 JST" StructureHandle="/cm7/bin/res/crunch/drawable/ifm8_thumb_down_50x50_disenabled.png" StructureKind="resource"/><InteractionEvent Delta="null" EndDate="2014-10-24 09:14:04.733 JST" Interest="1.0" Kind="prediction" Navigation="null" OriginId="org.eclipse.mylyn.resources.ui.interest.updater" StartDate="2014-10-24 09:14:04.733 JST" StructureHandle="/cm7/bin/res/crunch/drawable/ifm8_thumb_back_50x50.png" StructureKind="resource"/><InteractionEvent Delta="null" EndDate="2014-10-24 09:15:57.742 JST" Interest="1.0" Kind="selection" Navigation="null" OriginId="org.eclipse.ui.views.ContentOutline" StartDate="2014-10-24 09:15:57.742 JST" StructureHandle="=cm7/src&amp;lt;app.utils{Methods.java[Methods~write_Log~QActivity;~QString;~QString;~I" StructureKind="java"/><InteractionEvent Delta="null" EndDate="2014-10-24 09:16:23.739 JST" Interest="7.0" Kind="edit" Navigation="null" OriginId="org.eclipse.jdt.ui.CompilationUnitEditor" StartDate="2014-10-24 09:15:59.494 JST" StructureHandle="=cm7/src&amp;lt;app.utils{Methods.java[Methods~write_Log~QActivity;~QString;~QString;~I" StructureKind="java" NumEvents="7" CreationCount="207"/><InteractionEvent Delta="null" EndDate="2014-10-24 09:22:18.430 JST" Interest="2.0" Kind="selection" Navigation="null" OriginId="org.eclipse.jdt.ui.CompilationUnitEditor" StartDate="2014-10-24 09:21:39.36 JST" StructureHandle="=cm7/src&amp;lt;app.main{ShowLogActv.java[ShowLogActv~_Setup_SetListeners_Navigation" StructureKind="java" NumEvents="2" CreationCount="343"/><InteractionEvent Delta="null" EndDate="2014-10-24 09:22:20.240 JST" Interest="7.0" Kind="edit" Navigation="null" OriginId="org.eclipse.jdt.ui.CompilationUnitEditor" StartDate="2014-10-24 09:21:39.730 JST" StructureHandle="=cm7/src&amp;lt;app.main{ShowLogActv.java[ShowLogActv~_Setup_SetListeners_Navigation" StructureKind="java" NumEvents="7" CreationCount="343"/><InteractionEvent Delta="null" EndDate="2014-10-24 09:23:16.861 JST" Interest="316.0" Kind="propagation" Navigation="null" OriginId="org.eclipse.jdt.ui.CompilationUnitEditor" StartDate="2014-10-24 09:08:38.138 JST" StructureHandle="/cm7" StructureKind="resource" NumEvents="316" CreationCount="1"/><InteractionEvent Delta="null" EndDate="2014-10-24 09:15:56.932 JST" Interest="1.0" Kind="selection" Navigation="null" OriginId="org.eclipse.ui.views.ContentOutline" StartDate="2014-10-24 09:15:56.932 JST" StructureHandle="=cm7/src&amp;lt;app.utils{Methods.java[Methods~set_Pref_Boolean~QActivity;~QString;~QString;~Z" StructureKind="java"/><InteractionEvent Delta="null" EndDate="2014-10-24 09:15:25.747 JST" Interest="5.0" Kind="selection" Navigation="null" OriginId="org.eclipse.jdt.ui.CompilationUnitEditor" StartDate="2014-10-24 09:12:53.623 JST" StructureHandle="=LM1/src&amp;lt;lm1.utils{Methods.java[Methods" StructureKind="java" NumEvents="5" CreationCount="93"/><InteractionEvent Delta="null" EndDate="2014-10-24 09:12:18.696 JST" Interest="3.817" Kind="propagation" Navigation="org.eclipse.mylyn.core.model.edges.containment" OriginId="org.eclipse.mylyn.core.model.interest.propagation" StartDate="2014-10-24 09:12:10.699 JST" StructureHandle="=LM1/src&amp;lt;lm1.utils{Methods.java[Methods" StructureKind="java" NumEvents="6" CreationCount="93"/><InteractionEvent Delta="null" EndDate="2014-10-24 09:22:20.241 JST" Interest="74.0" Kind="propagation" Navigation="null" OriginId="org.eclipse.jdt.ui.CompilationUnitEditor" StartDate="2014-10-24 09:20:28.871 JST" StructureHandle="/cm7/src/app/main/ShowLogActv.java" StructureKind="resource" NumEvents="74" CreationCount="291"/><InteractionEvent Delta="null" EndDate="2014-10-24 09:12:09.568 JST" Interest="1.0" Kind="selection" Navigation="null" OriginId="org.eclipse.ui.views.ContentOutline" StartDate="2014-10-24 09:12:09.568 JST" StructureHandle="=LM1/src&amp;lt;lm1.utils{Methods.java%lm1.utils" StructureKind="java"/><InteractionEvent Delta="null" EndDate="2014-10-24 09:19:58.642 JST" Interest="3.0" Kind="selection" Navigation="null" OriginId="org.eclipse.jdt.ui.CompilationUnitEditor" StartDate="2014-10-24 09:19:16.111 JST" StructureHandle="=TA2/src&amp;lt;ta2.listeners.button{BO_CL.java[BO_CL~onClick~QView;" StructureKind="java" NumEvents="3" CreationCount="245"/><InteractionEvent Delta="null" EndDate="2014-10-24 09:20:00.657 JST" Interest="4.0" Kind="edit" Navigation="null" OriginId="org.eclipse.jdt.ui.CompilationUnitEditor" StartDate="2014-10-24 09:19:18.426 JST" StructureHandle="=TA2/src&amp;lt;ta2.listeners.button{BO_CL.java[BO_CL~onClick~QView;" StructureKind="java" NumEvents="4" CreationCount="245"/><InteractionEvent Delta="null" EndDate="2014-10-24 09:22:25.509 JST" Interest="18.016998" Kind="propagation" Navigation="org.eclipse.mylyn.core.model.edges.containment" OriginId="org.eclipse.mylyn.core.model.interest.propagation" StartDate="2014-10-24 09:19:07.763 JST" StructureHandle="/TA2/src/ta2/listeners/button" StructureKind="resource" NumEvents="19" CreationCount="237"/><InteractionEvent Delta="null" EndDate="2014-10-24 09:20:28.871 JST" Interest="1.0" Kind="selection" Navigation="null" OriginId="org.eclipse.jdt.ui.CompilationUnitEditor" StartDate="2014-10-24 09:20:28.871 JST" StructureHandle="=cm7/src&amp;lt;app.main{ShowLogActv.java" StructureKind="java"/><InteractionEvent Delta="null" EndDate="2014-10-24 09:22:16.252 JST" Interest="28.334" Kind="propagation" Navigation="org.eclipse.mylyn.core.model.edges.containment" OriginId="org.eclipse.mylyn.core.model.interest.propagation" StartDate="2014-10-24 09:20:30.293 JST" StructureHandle="=cm7/src&amp;lt;app.main{ShowLogActv.java" StructureKind="java" NumEvents="42" CreationCount="291"/><InteractionEvent Delta="null" EndDate="2014-10-24 09:19:01.419 JST" Interest="1.0" Kind="selection" Navigation="null" OriginId="org.eclipse.ui.views.ResourceNavigator" StartDate="2014-10-24 09:19:01.419 JST" StructureHandle="=TA2/src&amp;lt;ta2" StructureKind="java"/><InteractionEvent Delta="null" EndDate="2014-10-24 09:22:20.241 JST" Interest="30.609001" Kind="propagation" Navigation="org.eclipse.mylyn.core.model.edges.containment" OriginId="org.eclipse.mylyn.core.model.interest.propagation" StartDate="2014-10-24 09:18:08.217 JST" StructureHandle="=cm7/src&amp;lt;app.main" StructureKind="java" NumEvents="46" CreationCount="216"/><InteractionEvent Delta="null" EndDate="2014-10-24 09:18:37.388 JST" Interest="2.0" Kind="selection" Navigation="null" OriginId="org.eclipse.ui.views.ResourceNavigator" StartDate="2014-10-24 09:18:37.372 JST" StructureHandle="=LM1" StructureKind="java" NumEvents="2" CreationCount="86"/><InteractionEvent Delta="null" EndDate="2014-10-24 09:18:37.365 JST" Interest="33.0" Kind="propagation" Navigation="org.eclipse.mylyn.core.model.edges.containment" OriginId="org.eclipse.mylyn.core.model.interest.propagation" StartDate="2014-10-24 09:12:02.802 JST" StructureHandle="=LM1" StructureKind="resource" NumEvents="33" CreationCount="86"/><InteractionEvent Delta="null" EndDate="2014-10-24 09:16:23.741 JST" Interest="73.034" Kind="propagation" Navigation="null" OriginId="org.eclipse.jdt.ui.CompilationUnitEditor" StartDate="2014-10-24 09:10:03.52 JST" StructureHandle="/cm7/src/app/utils" StructureKind="resource" NumEvents="75" CreationCount="38"/><InteractionEvent Delta="null" EndDate="2014-10-24 09:23:16.861 JST" Interest="249.017" Kind="propagation" Navigation="null" OriginId="org.eclipse.jdt.ui.CompilationUnitEditor" StartDate="2014-10-24 09:09:35.923 JST" StructureHandle="/cm7/src" StructureKind="resource" NumEvents="250" CreationCount="23"/><InteractionEvent Delta="null" EndDate="2014-10-24 09:18:37.365 JST" Interest="33.0" Kind="propagation" Navigation="null" OriginId="org.eclipse.ui.views.ResourceNavigator" StartDate="2014-10-24 09:12:02.802 JST" StructureHandle="/LM1/src" StructureKind="resource" NumEvents="33" CreationCount="86"/><InteractionEvent Delta="null" EndDate="2014-10-24 09:19:06.838 JST" Interest="1.0" Kind="selection" Navigation="null" OriginId="org.eclipse.ui.views.ResourceNavigator" StartDate="2014-10-24 09:19:06.838 JST" StructureHandle="=TA2/src&amp;lt;ta2.listeners" StructureKind="java"/><InteractionEvent Delta="null" EndDate="2014-10-24 09:19:28.990 JST" Interest="1.0" Kind="selection" Navigation="null" OriginId="org.eclipse.jdt.ui.CompilationUnitEditor" StartDate="2014-10-24 09:19:28.990 JST" StructureHandle="=cm7/src&amp;lt;app.listeners.button{BO_CL.java[BO_CL~BO_CL~QActivity;~QAI;" StructureKind="java"/><InteractionEvent Delta="null" EndDate="2014-10-24 09:12:56.926 JST" Interest="28.0" Kind="propagation" Navigation="null" OriginId="org.eclipse.jdt.ui.CompilationUnitEditor" StartDate="2014-10-24 09:10:07.365 JST" StructureHandle="/cm7/src/app/utils/Methods_dlg.java" StructureKind="resource" NumEvents="28" CreationCount="40"/><InteractionEvent Delta="null" EndDate="2014-10-24 09:16:23.740 JST" Interest="45.0" Kind="propagation" Navigation="null" OriginId="org.eclipse.jdt.ui.CompilationUnitEditor" StartDate="2014-10-24 09:12:28.452 JST" StructureHandle="/cm7/src/app/utils/Methods.java" StructureKind="resource" NumEvents="45" CreationCount="103"/><InteractionEvent Delta="null" EndDate="2014-10-24 09:13:33.506 JST" Interest="4.0" Kind="selection" Navigation="null" OriginId="org.eclipse.jdt.ui.CompilationUnitEditor" StartDate="2014-10-24 09:11:22.647 JST" StructureHandle="=cm7/src&amp;lt;app.listeners.dialog{DOI_CL.java[DOI_CL~case_DLG_DB_ADMIN_LV__Log~QActivity;" StructureKind="java" NumEvents="4" CreationCount="78"/><InteractionEvent Delta="null" EndDate="2014-10-24 09:13:50.924 JST" Interest="20.0" Kind="edit" Navigation="null" OriginId="org.eclipse.jdt.ui.CompilationUnitEditor" StartDate="2014-10-24 09:11:24.577 JST" StructureHandle="=cm7/src&amp;lt;app.listeners.dialog{DOI_CL.java[DOI_CL~case_DLG_DB_ADMIN_LV__Log~QActivity;" StructureKind="java" NumEvents="20" CreationCount="78"/><InteractionEvent Delta="null" EndDate="2014-10-24 09:08:41.311 JST" Interest="1.0" Kind="selection" Navigation="null" OriginId="org.eclipse.jdt.ui.PackageExplorer" StartDate="2014-10-24 09:08:41.311 JST" StructureHandle="/cm7/res/values" StructureKind="resource"/><InteractionEvent Delta="null" EndDate="2014-10-24 09:13:49.903 JST" Interest="21.817" Kind="propagation" Navigation="org.eclipse.mylyn.core.model.edges.containment" OriginId="org.eclipse.mylyn.core.model.interest.propagation" StartDate="2014-10-24 09:08:42.285 JST" StructureHandle="/cm7/res/values" StructureKind="resource" NumEvents="30" CreationCount="2"/><InteractionEvent Delta="null" EndDate="2014-10-24 09:14:04.734 JST" Interest="1.0" Kind="propagation" Navigation="org.eclipse.mylyn.core.model.edges.containment" OriginId="org.eclipse.mylyn.core.model.interest.propagation" StartDate="2014-10-24 09:14:04.734 JST" StructureHandle="/cm7/bin/res/crunch/drawable" StructureKind="resource"/><InteractionEvent Delta="null" EndDate="2014-10-24 09:14:04.733 JST" Interest="1.0" Kind="prediction" Navigation="null" OriginId="org.eclipse.mylyn.resources.ui.interest.updater" StartDate="2014-10-24 09:14:04.733 JST" StructureHandle="/cm7/bin/res/crunch/drawable/ifm8_thumb_up_50x50.png" StructureKind="resource"/><InteractionEvent Delta="null" EndDate="2014-10-24 09:15:26.298 JST" Interest="8.0" Kind="selection" Navigation="null" OriginId="org.eclipse.jdt.ui.CompilationUnitEditor" StartDate="2014-10-24 09:12:28.452 JST" StructureHandle="=cm7/src&amp;lt;app.utils{Methods.java" StructureKind="java" NumEvents="8" CreationCount="103"/><InteractionEvent Delta="null" EndDate="2014-10-24 09:13:51.909 JST" Interest="3.5360012" Kind="propagation" Navigation="org.eclipse.mylyn.core.model.edges.containment" OriginId="org.eclipse.mylyn.core.model.interest.propagation" StartDate="2014-10-24 09:12:42.531 JST" StructureHandle="=cm7/src&amp;lt;app.utils{Methods.java" StructureKind="java" NumEvents="8" CreationCount="103"/><InteractionEvent Delta="null" EndDate="2014-10-24 09:13:22.151 JST" Interest="2.0" Kind="edit" Navigation="null" OriginId="org.eclipse.jdt.ui.CompilationUnitEditor" StartDate="2014-10-24 09:12:45.70 JST" StructureHandle="=cm7/src&amp;lt;app.utils{Methods.java" StructureKind="java" NumEvents="2" CreationCount="103"/><InteractionEvent Delta="null" EndDate="2014-10-24 09:14:04.733 JST" Interest="1.0" Kind="prediction" Navigation="null" OriginId="org.eclipse.mylyn.resources.ui.interest.updater" StartDate="2014-10-24 09:14:04.733 JST" StructureHandle="/cm7/bin/res/crunch/drawable/actv_tn_bt_bottom_45x45.png" StructureKind="resource"/><InteractionEvent Delta="null" EndDate="2014-10-24 09:22:26.22 JST" Interest="8.0" Kind="propagation" Navigation="null" OriginId="org.eclipse.jdt.ui.CompilationUnitEditor" StartDate="2014-10-24 09:19:04.660 JST" StructureHandle="/TA2/src/ta2/main/LogActv.java" StructureKind="resource" NumEvents="8" CreationCount="233"/><InteractionEvent Delta="null" EndDate="2014-10-24 09:19:03.339 JST" Interest="1.0" Kind="selection" Navigation="null" OriginId="org.eclipse.ui.views.ResourceNavigator" StartDate="2014-10-24 09:19:03.339 JST" StructureHandle="=TA2/src&amp;lt;ta2.main" StructureKind="java"/><InteractionEvent Delta="null" EndDate="2014-10-24 09:22:26.22 JST" Interest="7.017" Kind="propagation" Navigation="org.eclipse.mylyn.core.model.edges.containment" OriginId="org.eclipse.mylyn.core.model.interest.propagation" StartDate="2014-10-24 09:19:04.661 JST" StructureHandle="=TA2/src&amp;lt;ta2.main" StructureKind="java" NumEvents="8" CreationCount="232"/><InteractionEvent Delta="null" EndDate="2014-10-24 09:22:25.509 JST" Interest="18.033998" Kind="propagation" Navigation="org.eclipse.mylyn.core.model.edges.containment" OriginId="org.eclipse.mylyn.core.model.interest.propagation" StartDate="2014-10-24 09:19:06.838 JST" StructureHandle="/TA2/src/ta2/listeners" StructureKind="resource" NumEvents="20" CreationCount="236"/><InteractionEvent Delta="null" EndDate="2014-10-24 09:22:20.242 JST" Interest="86.0" Kind="propagation" Navigation="null" OriginId="org.eclipse.jdt.ui.CompilationUnitEditor" StartDate="2014-10-24 09:18:08.216 JST" StructureHandle="/cm7/src/app/main" StructureKind="resource" NumEvents="86" CreationCount="216"/><InteractionEvent Delta="null" EndDate="2014-10-24 09:12:04.646 JST" Interest="1.0" Kind="selection" Navigation="null" OriginId="org.eclipse.ui.views.ResourceNavigator" StartDate="2014-10-24 09:12:04.646 JST" StructureHandle="=LM1/src&amp;lt;lm1" StructureKind="java"/><InteractionEvent Delta="null" EndDate="2014-10-24 09:22:10.124 JST" Interest="1.0" Kind="selection" Navigation="null" OriginId="org.eclipse.jdt.ui.CompilationUnitEditor" StartDate="2014-10-24 09:22:10.124 JST" StructureHandle="=cm7/src&amp;lt;app.main{ShowLogActv.java[ShowLogActv" StructureKind="java"/><InteractionEvent Delta="null" EndDate="2014-10-24 09:22:16.252 JST" Interest="28.3" Kind="propagation" Navigation="org.eclipse.mylyn.core.model.edges.containment" OriginId="org.eclipse.mylyn.core.model.interest.propagation" StartDate="2014-10-24 09:20:41.920 JST" StructureHandle="=cm7/src&amp;lt;app.main{ShowLogActv.java[ShowLogActv" StructureKind="java" NumEvents="40" CreationCount="293"/><InteractionEvent Delta="null" EndDate="2014-10-24 09:22:11.965 JST" Interest="2.0" Kind="selection" Navigation="null" OriginId="org.eclipse.jdt.ui.CompilationUnitEditor" StartDate="2014-10-24 09:20:41.920 JST" StructureHandle="=cm7/src&amp;lt;app.main{ShowLogActv.java[ShowLogActv~onStart" StructureKind="java" NumEvents="2" CreationCount="293"/><InteractionEvent Delta="null" EndDate="2014-10-24 09:22:16.251 JST" Interest="39.0" Kind="edit" Navigation="null" OriginId="org.eclipse.jdt.ui.CompilationUnitEditor" StartDate="2014-10-24 09:20:42.75 JST" StructureHandle="=cm7/src&amp;lt;app.main{ShowLogActv.java[ShowLogActv~onStart" StructureKind="java" NumEvents="39" CreationCount="293"/><InteractionEvent Delta="null" EndDate="2014-10-24 09:13:51.909 JST" Interest="4.0" Kind="selection" Navigation="null" OriginId="org.eclipse.jdt.ui.CompilationUnitEditor" StartDate="2014-10-24 09:12:39.533 JST" StructureHandle="=cm7/src&amp;lt;app.utils{Methods.java[Methods" StructureKind="java" NumEvents="4" CreationCount="107"/><InteractionEvent Delta="null" EndDate="2014-10-24 09:15:56.186 JST" Interest="6.168" Kind="propagation" Navigation="org.eclipse.mylyn.core.model.edges.containment" OriginId="org.eclipse.mylyn.core.model.interest.propagation" StartDate="2014-10-24 09:12:46.384 JST" StructureHandle="=cm7/src&amp;lt;app.utils{Methods.java[Methods" StructureKind="java" NumEvents="8" CreationCount="107"/><InteractionEvent Delta="null" EndDate="2014-10-24 09:13:29.645 JST" Interest="2.0" Kind="edit" Navigation="null" OriginId="org.eclipse.jdt.ui.CompilationUnitEditor" StartDate="2014-10-24 09:13:17.619 JST" StructureHandle="=cm7/src&amp;lt;app.utils{Methods.java[Methods" StructureKind="java" NumEvents="2" CreationCount="107"/><InteractionEvent Delta="null" EndDate="2014-10-24 09:09:35.922 JST" Interest="1.0" Kind="selection" Navigation="null" OriginId="org.eclipse.jdt.ui.PackageExplorer" StartDate="2014-10-24 09:09:35.922 JST" StructureHandle="=cm7/src&amp;lt;app.listeners.dialog" StructureKind="java"/><InteractionEvent Delta="null" EndDate="2014-10-24 09:13:50.864 JST" Interest="18.234999" Kind="propagation" Navigation="org.eclipse.mylyn.core.model.edges.containment" OriginId="org.eclipse.mylyn.core.model.interest.propagation" StartDate="2014-10-24 09:09:38.883 JST" StructureHandle="=cm7/src&amp;lt;app.listeners.dialog" StructureKind="java" NumEvents="29" CreationCount="23"/><InteractionEvent Delta="null" EndDate="2014-10-24 09:23:16.860 JST" Interest="248.391" Kind="propagation" Navigation="org.eclipse.mylyn.core.model.edges.containment" OriginId="org.eclipse.mylyn.core.model.interest.propagation" StartDate="2014-10-24 09:08:38.138 JST" StructureHandle="=cm7" StructureKind="resource" NumEvents="260" CreationCount="1"/><InteractionEvent Delta="null" EndDate="2014-10-24 09:14:25.191 JST" Interest="1.0" Kind="selection" Navigation="null" OriginId="org.eclipse.jdt.ui.PackageExplorer" StartDate="2014-10-24 09:14:25.191 JST" StructureHandle="=cm7/src" StructureKind="java"/><InteractionEvent Delta="null" EndDate="2014-10-24 09:22:20.242 JST" Interest="32.89" Kind="propagation" Navigation="org.eclipse.mylyn.core.model.edges.containment" OriginId="org.eclipse.mylyn.core.model.interest.propagation" StartDate="2014-10-24 09:09:35.923 JST" StructureHandle="=cm7/src" StructureKind="java" NumEvents="54" CreationCount="23"/><InteractionEvent Delta="null" EndDate="2014-10-24 09:22:20.241 JST" Interest="88.281" Kind="propagation" Navigation="org.eclipse.mylyn.core.model.edges.containment" OriginId="org.eclipse.mylyn.core.model.interest.propagation" StartDate="2014-10-24 09:09:35.923 JST" StructureHandle="/cm7/src/app" StructureKind="resource" NumEvents="93" CreationCount="23"/><InteractionEvent Delta="null" EndDate="2014-10-24 09:22:25.336 JST" Interest="6.0" Kind="selection" Navigation="null" OriginId="org.eclipse.jdt.ui.CompilationUnitEditor" StartDate="2014-10-24 09:19:08.943 JST" StructureHandle="=TA2/src&amp;lt;ta2.listeners.button{BO_CL.java" StructureKind="java" NumEvents="6" CreationCount="238"/><InteractionEvent Delta="null" EndDate="2014-10-24 09:20:04.93 JST" Interest="1.9190001" Kind="propagation" Navigation="org.eclipse.mylyn.core.model.edges.containment" OriginId="org.eclipse.mylyn.core.model.interest.propagation" StartDate="2014-10-24 09:19:20.846 JST" StructureHandle="=TA2/src&amp;lt;ta2.listeners.button{BO_CL.java" StructureKind="java" NumEvents="4" CreationCount="238"/><InteractionEvent Delta="null" EndDate="2014-10-24 09:15:23.277 JST" Interest="1.0" Kind="prediction" Navigation="null" OriginId="org.eclipse.mylyn.resources.ui.interest.updater" StartDate="2014-10-24 09:15:23.277 JST" StructureHandle="/cm7/bin/AndroidManifest.xml" StructureKind="resource"/><InteractionEvent Delta="null" EndDate="2014-10-24 09:19:26.991 JST" Interest="1.0" Kind="selection" Navigation="null" OriginId="org.eclipse.jdt.ui.CompilationUnitEditor" StartDate="2014-10-24 09:19:26.991 JST" StructureHandle="=cm7/src&amp;lt;app.listeners.button{BO_CL.java[BO_CL~BO_CL~QActivity;" StructureKind="java"/><InteractionEvent Delta="null" EndDate="2014-10-24 09:12:36.541 JST" Interest="1.0" Kind="selection" Navigation="null" OriginId="org.eclipse.jdt.ui.CompilationUnitEditor" StartDate="2014-10-24 09:12:36.541 JST" StructureHandle="=cm7/src&amp;lt;app.utils{Methods.java#java.io.InputStreamReader" StructureKind="java"/><InteractionEvent Delta="null" EndDate="2014-10-24 09:22:26.23 JST" Interest="28.050999" Kind="propagation" Navigation="null" OriginId="org.eclipse.jdt.ui.CompilationUnitEditor" StartDate="2014-10-24 09:19:00.649 JST" StructureHandle="/TA2/src" StructureKind="resource" NumEvents="31" CreationCount="230"/><InteractionEvent Delta="null" EndDate="2014-10-24 09:10:06.25 JST" Interest="1.0" Kind="selection" Navigation="null" OriginId="org.eclipse.jdt.ui.PackageExplorer" StartDate="2014-10-24 09:10:06.25 JST" StructureHandle="=cm7/src&amp;lt;app.utils{DBUtils.java" StructureKind="java"/><InteractionEvent Delta="null" EndDate="2014-10-24 09:12:56.925 JST" Interest="5.0" Kind="selection" Navigation="null" OriginId="org.eclipse.jdt.ui.CompilationUnitEditor" StartDate="2014-10-24 09:10:10.649 JST" StructureHandle="=cm7/src&amp;lt;app.utils{Methods_dlg.java[Methods_dlg~dlg_Db_Activity~QActivity;" StructureKind="java" NumEvents="5" CreationCount="41"/><InteractionEvent Delta="null" EndDate="2014-10-24 09:11:02.181 JST" Interest="17.0" Kind="edit" Navigation="null" OriginId="org.eclipse.jdt.ui.CompilationUnitEditor" StartDate="2014-10-24 09:10:12.238 JST" StructureHandle="=cm7/src&amp;lt;app.utils{Methods_dlg.java[Methods_dlg~dlg_Db_Activity~QActivity;" StructureKind="java" NumEvents="17" CreationCount="41"/><InteractionEvent Delta="null" EndDate="2014-10-24 09:18:57.303 JST" Interest="1.0" Kind="selection" Navigation="null" OriginId="org.eclipse.ui.views.ResourceNavigator" StartDate="2014-10-24 09:18:57.303 JST" StructureHandle="=TA2" StructureKind="java"/><InteractionEvent Delta="null" EndDate="2014-10-24 09:22:26.22 JST" Interest="26.067999" Kind="propagation" Navigation="org.eclipse.mylyn.core.model.edges.containment" OriginId="org.eclipse.mylyn.core.model.interest.propagation" StartDate="2014-10-24 09:19:00.649 JST" StructureHandle="=TA2" StructureKind="resource" NumEvents="31" CreationCount="229"/><InteractionEvent Delta="null" EndDate="2014-10-24 09:20:22.93 JST" Interest="5.1" Kind="propagation" Navigation="org.eclipse.mylyn.core.model.edges.containment" OriginId="org.eclipse.mylyn.core.model.interest.propagation" StartDate="2014-10-24 09:18:14.647 JST" StructureHandle="=cm7/src&amp;lt;app.main{LogActv.java[LogActv" StructureKind="java" NumEvents="6" CreationCount="218"/><InteractionEvent Delta="null" EndDate="2014-10-24 09:22:25.508 JST" Interest="2.0" Kind="selection" Navigation="null" OriginId="org.eclipse.jdt.ui.CompilationUnitEditor" StartDate="2014-10-24 09:20:04.92 JST" StructureHandle="=TA2/src&amp;lt;ta2.listeners.button{BO_CL.java[BO_CL~case_ACTV_TN_IB_BACK" StructureKind="java" NumEvents="2" CreationCount="276"/><InteractionEvent Delta="null" EndDate="2014-10-24 09:20:07.991 JST" Interest="3.0" Kind="edit" Navigation="null" OriginId="org.eclipse.jdt.ui.CompilationUnitEditor" StartDate="2014-10-24 09:20:05.498 JST" StructureHandle="=TA2/src&amp;lt;ta2.listeners.button{BO_CL.java[BO_CL~case_ACTV_TN_IB_BACK" StructureKind="java" NumEvents="3" CreationCount="276"/><InteractionEvent Delta="null" EndDate="2014-10-24 09:08:38.138 JST" Interest="1.0" Kind="selection" Navigation="null" OriginId="org.eclipse.jdt.ui.PackageExplorer" StartDate="2014-10-24 09:08:38.138 JST" StructureHandle="/cm7/res" StructureKind="resource"/><InteractionEvent Delta="null" EndDate="2014-10-24 09:13:49.903 JST" Interest="21.834" Kind="propagation" Navigation="org.eclipse.mylyn.core.model.edges.containment" OriginId="org.eclipse.mylyn.core.model.interest.propagation" StartDate="2014-10-24 09:08:41.312 JST" StructureHandle="/cm7/res" StructureKind="resource" NumEvents="31" CreationCount="1"/><InteractionEvent Delta="null" EndDate="2014-10-24 09:20:22.93 JST" Interest="12.0" Kind="propagation" Navigation="null" OriginId="org.eclipse.jdt.ui.CompilationUnitEditor" StartDate="2014-10-24 09:18:08.216 JST" StructureHandle="/cm7/src/app/main/LogActv.java" StructureKind="resource" NumEvents="12" CreationCount="216"/><InteractionEvent Delta="null" EndDate="2014-10-24 09:23:16.860 JST" Interest="36.0" Kind="propagation" Navigation="null" OriginId="org.eclipse.jdt.ui.CompilationUnitEditor" StartDate="2014-10-24 09:18:28.430 JST" StructureHandle="/cm7/src/app/listeners/button/BO_CL.java" StructureKind="resource" NumEvents="36" CreationCount="222"/><InteractionEvent Delta="null" EndDate="2014-10-24 09:23:11.110 JST" Interest="5.0" Kind="selection" Navigation="null" OriginId="org.eclipse.jdt.ui.CompilationUnitEditor" StartDate="2014-10-24 09:19:30.351 JST" StructureHandle="=cm7/src&amp;lt;app.listeners.button{BO_CL.java[BO_CL" StructureKind="java" NumEvents="5" CreationCount="252"/><InteractionEvent Delta="null" EndDate="2014-10-24 09:19:53.594 JST" Interest="5.6509995" Kind="propagation" Navigation="org.eclipse.mylyn.core.model.edges.containment" OriginId="org.eclipse.mylyn.core.model.interest.propagation" StartDate="2014-10-24 09:19:26.991 JST" StructureHandle="=cm7/src&amp;lt;app.listeners.button{BO_CL.java[BO_CL" StructureKind="java" NumEvents="9" CreationCount="252"/><InteractionEvent Delta="null" EndDate="2014-10-24 09:20:22.953 JST" Interest="1.0" Kind="selection" Navigation="null" OriginId="org.eclipse.ui.views.ResourceNavigator" StartDate="2014-10-24 09:20:22.953 JST" StructureHandle="/TA2/res" StructureKind="resource"/><InteractionEvent Delta="null" EndDate="2014-10-24 09:13:50.925 JST" Interest="51.017002" Kind="propagation" Navigation="org.eclipse.mylyn.core.model.edges.containment" OriginId="org.eclipse.mylyn.core.model.interest.propagation" StartDate="2014-10-24 09:09:35.923 JST" StructureHandle="/cm7/src/app/listeners/dialog" StructureKind="resource" NumEvents="52" CreationCount="23"/><InteractionEvent Delta="null" EndDate="2014-10-24 09:13:50.864 JST" Interest="9.0" Kind="selection" Navigation="null" OriginId="org.eclipse.jdt.ui.CompilationUnitEditor" StartDate="2014-10-24 09:09:38.881 JST" StructureHandle="=cm7/src&amp;lt;app.listeners.dialog{DOI_CL.java" StructureKind="java" NumEvents="9" CreationCount="24"/><InteractionEvent Delta="null" EndDate="2014-10-24 09:13:49.420 JST" Interest="10.217999" Kind="propagation" Navigation="org.eclipse.mylyn.core.model.edges.containment" OriginId="org.eclipse.mylyn.core.model.interest.propagation" StartDate="2014-10-24 09:09:47.628 JST" StructureHandle="=cm7/src&amp;lt;app.listeners.dialog{DOI_CL.java" StructureKind="java" NumEvents="17" CreationCount="24"/><InteractionEvent Delta="null" EndDate="2014-10-24 09:10:03.51 JST" Interest="1.0" Kind="selection" Navigation="null" OriginId="org.eclipse.jdt.ui.PackageExplorer" StartDate="2014-10-24 09:10:03.51 JST" StructureHandle="=cm7/src&amp;lt;app.utils" StructureKind="java"/><InteractionEvent Delta="null" EndDate="2014-10-24 09:12:56.748 JST" Interest="16.951" Kind="propagation" Navigation="org.eclipse.mylyn.core.model.edges.containment" OriginId="org.eclipse.mylyn.core.model.interest.propagation" StartDate="2014-10-24 09:10:06.26 JST" StructureHandle="=cm7/src&amp;lt;app.utils" StructureKind="java" NumEvents="26" CreationCount="38"/><InteractionEvent Delta="null" EndDate="2014-10-24 09:22:32.65 JST" Interest="2.0" Kind="prediction" Navigation="null" OriginId="org.eclipse.mylyn.resources.ui.interest.updater" StartDate="2014-10-24 09:14:04.733 JST" StructureHandle="/cm7/bin/cm7.apk" StructureKind="resource" NumEvents="2" CreationCount="171"/><InteractionEvent Delta="null" EndDate="2014-10-24 09:15:23.277 JST" Interest="1.442" Kind="propagation" Navigation="org.eclipse.mylyn.core.model.edges.containment" OriginId="org.eclipse.mylyn.core.model.interest.propagation" StartDate="2014-10-24 09:14:04.734 JST" StructureHandle="/cm7/bin" StructureKind="resource" NumEvents="2" CreationCount="171"/><InteractionEvent Delta="null" EndDate="2014-10-24 09:22:26.23 JST" Interest="33.0" Kind="propagation" Navigation="null" OriginId="org.eclipse.jdt.ui.CompilationUnitEditor" StartDate="2014-10-24 09:18:57.303 JST" StructureHandle="/TA2" StructureKind="resource" NumEvents="33" CreationCount="229"/><InteractionEvent Delta="null" EndDate="2014-10-24 09:12:02.811 JST" Interest="2.0" Kind="selection" Navigation="null" OriginId="org.eclipse.ui.views.ResourceNavigator" StartDate="2014-10-24 09:12:02.802 JST" StructureHandle="=LM1/src" StructureKind="java" NumEvents="2" CreationCount="86"/><InteractionEvent Delta="null" EndDate="2014-10-24 09:18:37.365 JST" Interest="8.936" Kind="propagation" Navigation="org.eclipse.mylyn.core.model.edges.containment" OriginId="org.eclipse.mylyn.core.model.interest.propagation" StartDate="2014-10-24 09:12:08.9 JST" StructureHandle="=LM1/src" StructureKind="java" NumEvents="13" CreationCount="86"/><InteractionEvent Delta="null" EndDate="2014-10-24 09:13:50.925 JST" Interest="51.0" Kind="propagation" Navigation="null" OriginId="org.eclipse.jdt.ui.CompilationUnitEditor" StartDate="2014-10-24 09:09:38.882 JST" StructureHandle="/cm7/src/app/listeners/dialog/DOI_CL.java" StructureKind="resource" NumEvents="51" CreationCount="24"/><InteractionEvent Delta="null" EndDate="2014-10-24 09:12:56.746 JST" Interest="6.0" Kind="selection" Navigation="null" OriginId="org.eclipse.jdt.ui.CompilationUnitEditor" StartDate="2014-10-24 09:10:07.365 JST" StructureHandle="=cm7/src&amp;lt;app.utils{Methods_dlg.java" StructureKind="java" NumEvents="6" CreationCount="40"/><InteractionEvent Delta="null" EndDate="2014-10-24 09:12:20.19 JST" Interest="11.917" Kind="propagation" Navigation="org.eclipse.mylyn.core.model.edges.containment" OriginId="org.eclipse.mylyn.core.model.interest.propagation" StartDate="2014-10-24 09:10:10.650 JST" StructureHandle="=cm7/src&amp;lt;app.utils{Methods_dlg.java" StructureKind="java" NumEvents="19" CreationCount="40"/><InteractionEvent Delta="null" EndDate="2014-10-24 09:22:25.509 JST" Interest="18.0" Kind="propagation" Navigation="null" OriginId="org.eclipse.jdt.ui.CompilationUnitEditor" StartDate="2014-10-24 09:19:08.944 JST" StructureHandle="/TA2/src/ta2/listeners/button/BO_CL.java" StructureKind="resource" NumEvents="18" CreationCount="238"/><InteractionEvent Delta="null" EndDate="2014-10-24 09:19:00.648 JST" Interest="1.0" Kind="selection" Navigation="null" OriginId="org.eclipse.ui.views.ResourceNavigator" StartDate="2014-10-24 09:19:00.648 JST" StructureHandle="=TA2/src" StructureKind="java"/><InteractionEvent Delta="null" EndDate="2014-10-24 09:22:25.336 JST" Interest="7.0550003" Kind="propagation" Navigation="org.eclipse.mylyn.core.model.edges.containment" OriginId="org.eclipse.mylyn.core.model.interest.propagation" StartDate="2014-10-24 09:19:01.420 JST" StructureHandle="=TA2/src" StructureKind="java" NumEvents="13" CreationCount="230"/><InteractionEvent Delta="null" EndDate="2014-10-24 09:20:30.293 JST" Interest="1.0" Kind="selection" Navigation="null" OriginId="org.eclipse.ui.views.ContentOutline" StartDate="2014-10-24 09:20:30.293 JST" StructureHandle="=cm7/src&amp;lt;app.main{ShowLogActv.java%app.main" StructureKind="java"/><InteractionEvent Delta="null" EndDate="2014-10-24 09:15:56.185 JST" Interest="8.0" Kind="selection" Navigation="null" OriginId="org.eclipse.ui.views.ContentOutline" StartDate="2014-10-24 09:12:46.384 JST" StructureHandle="=cm7/src&amp;lt;app.utils{Methods.java[Methods~start_Activity_LogActv~QActivity;~QDialog;" StructureKind="java" NumEvents="8" CreationCount="111"/><InteractionEvent Delta="null" EndDate="2014-10-24 09:15:48.970 JST" Interest="5.0" Kind="edit" Navigation="null" OriginId="org.eclipse.jdt.ui.CompilationUnitEditor" StartDate="2014-10-24 09:12:47.926 JST" StructureHandle="=cm7/src&amp;lt;app.utils{Methods.java[Methods~start_Activity_LogActv~QActivity;~QDialog;" StructureKind="java" NumEvents="5" CreationCount="111"/><InteractionEvent Delta="null" EndDate="2014-10-24 09:18:37.364 JST" Interest="29.0" Kind="propagation" Navigation="null" OriginId="org.eclipse.ui.views.ResourceNavigator" StartDate="2014-10-24 09:12:07.773 JST" StructureHandle="/LM1/src/lm1/utils/Methods.java" StructureKind="resource" NumEvents="29" CreationCount="90"/><InteractionEvent Delta="null" EndDate="2014-10-24 09:12:06.151 JST" Interest="1.0" Kind="selection" Navigation="null" OriginId="org.eclipse.ui.views.ResourceNavigator" StartDate="2014-10-24 09:12:06.151 JST" StructureHandle="=LM1/src&amp;lt;lm1.utils" StructureKind="java"/><InteractionEvent Delta="null" EndDate="2014-10-24 09:18:37.364 JST" Interest="9.885" Kind="propagation" Navigation="org.eclipse.mylyn.core.model.edges.containment" OriginId="org.eclipse.mylyn.core.model.interest.propagation" StartDate="2014-10-24 09:12:07.773 JST" StructureHandle="=LM1/src&amp;lt;lm1.utils" StructureKind="java" NumEvents="13" CreationCount="89"/><InteractionEvent Delta="null" EndDate="2014-10-24 09:23:16.860 JST" Interest="5.0" Kind="selection" Navigation="null" OriginId="org.eclipse.jdt.ui.CompilationUnitEditor" StartDate="2014-10-24 09:19:54.388 JST" StructureHandle="=cm7/src&amp;lt;app.listeners.button{BO_CL.java[BO_CL~case_ACTV_SHOWLOG_IB_BACK" StructureKind="java" NumEvents="5" CreationCount="266"/><InteractionEvent Delta="null" EndDate="2014-10-24 09:23:10.325 JST" Interest="7.0" Kind="edit" Navigation="null" OriginId="org.eclipse.jdt.ui.CompilationUnitEditor" StartDate="2014-10-24 09:19:55.182 JST" StructureHandle="=cm7/src&amp;lt;app.listeners.button{BO_CL.java[BO_CL~case_ACTV_SHOWLOG_IB_BACK" StructureKind="java" NumEvents="7" CreationCount="266"/></InteractionHistory>