<?xml version="1.0" encoding="UTF-8"?><InteractionHistory Id="local-152" Version="1"><InteractionEvent Delta="null" EndDate="2014-10-12 07:53:46.441 JST" Interest="1.0" Kind="propagation" Navigation="org.eclipse.mylyn.core.model.edges.containment" OriginId="org.eclipse.mylyn.core.model.interest.propagation" StartDate="2014-10-12 07:53:46.441 JST" StructureHandle="" StructureKind="java"/><InteractionEvent Delta="null" EndDate="2014-10-12 08:04:50.228 JST" Interest="34.0" Kind="propagation" Navigation="null" OriginId="org.eclipse.jdt.ui.CompilationUnitEditor" StartDate="2014-10-12 08:03:18.969 JST" StructureHandle="/SL3/src/sl3/listeners/dialog/DB_OTL.java" StructureKind="resource" NumEvents="34" CreationCount="273"/><InteractionEvent Delta="null" EndDate="2014-10-12 07:53:49.432 JST" Interest="1.0" Kind="selection" Navigation="null" OriginId="org.eclipse.jdt.ui.PackageExplorer" StartDate="2014-10-12 07:53:49.432 JST" StructureHandle="=SL3/src" StructureKind="java"/><InteractionEvent Delta="null" EndDate="2014-10-12 08:26:22.4 JST" Interest="285.577" Kind="propagation" Navigation="org.eclipse.mylyn.core.model.edges.containment" OriginId="org.eclipse.mylyn.core.model.interest.propagation" StartDate="2014-10-12 07:53:56.757 JST" StructureHandle="=SL3/src" StructureKind="java" NumEvents="421" CreationCount="2"/><InteractionEvent Delta="null" EndDate="2014-10-12 08:26:22.1 JST" Interest="746.034" Kind="propagation" Navigation="org.eclipse.mylyn.core.model.edges.containment" OriginId="org.eclipse.mylyn.core.model.interest.propagation" StartDate="2014-10-12 07:53:49.433 JST" StructureHandle="=SL3" StructureKind="resource" NumEvents="749" CreationCount="2"/><InteractionEvent Delta="null" EndDate="2014-10-12 08:02:49.588 JST" Interest="6.0" Kind="propagation" Navigation="null" OriginId="org.eclipse.jdt.ui.CompilationUnitEditor" StartDate="2014-10-12 08:02:01.270 JST" StructureHandle="/SL3/src/sl3/utils/Tags.java" StructureKind="resource" NumEvents="6" CreationCount="222"/><InteractionEvent Delta="null" EndDate="2014-10-12 08:13:07.702 JST" Interest="1.0" Kind="selection" Navigation="null" OriginId="org.eclipse.jdt.ui.PackageExplorer" StartDate="2014-10-12 08:13:07.702 JST" StructureHandle="/SL3/res/menu" StructureKind="resource"/><InteractionEvent Delta="null" EndDate="2014-10-12 07:56:38.527 JST" Interest="1.0" Kind="selection" Navigation="null" OriginId="org.eclipse.jdt.ui.CompilationUnitEditor" StartDate="2014-10-12 07:56:38.527 JST" StructureHandle="=SL3/src&amp;lt;sl3.listeners.dialog{DOI_CL.java[DOI_CL~_case_ACTV_TAB_OPT_ADMIN__BackupDB~QActivity;" StructureKind="java"/><InteractionEvent Delta="null" EndDate="2014-10-12 08:21:32.33 JST" Interest="5.0" Kind="edit" Navigation="null" OriginId="org.eclipse.jdt.ui.CompilationUnitEditor" StartDate="2014-10-12 08:21:31.299 JST" StructureHandle="=SL3/src&amp;lt;sl3.utils{Methods_dlg.java[Methods_dlg~case_tab_itemList__setGenre~QActivity;~QSI;~QDialog;" StructureKind="java" NumEvents="5" CreationCount="440"/><InteractionEvent Delta="null" EndDate="2014-10-12 08:21:31.290 JST" Interest="3.0" Kind="selection" Navigation="null" OriginId="org.eclipse.jdt.ui.CompilationUnitEditor" StartDate="2014-10-12 08:18:24.208 JST" StructureHandle="=SL3/src&amp;lt;sl3.utils{Methods_dlg.java[Methods_dlg~case_tab_itemList__setGenre~QActivity;~QSI;~QDialog;" StructureKind="java" NumEvents="3" CreationCount="440"/><InteractionEvent Delta="null" EndDate="2014-10-12 08:21:31.287 JST" Interest="0.46200013" Kind="manipulation" Navigation="null" OriginId="org.eclipse.mylyn.core.model.interest.decay.correction" StartDate="2014-10-12 08:21:31.287 JST" StructureHandle="=SL3/src&amp;lt;sl3.utils{Methods_dlg.java[Methods_dlg~case_tab_itemList__setGenre~QActivity;~QSI;~QDialog;" StructureKind="java"/><InteractionEvent Delta="null" EndDate="2014-10-12 07:56:28.856 JST" Interest="16.0" Kind="edit" Navigation="null" OriginId="org.eclipse.jdt.ui.CompilationUnitEditor" StartDate="2014-10-12 07:55:13.875 JST" StructureHandle="=SL3/src&amp;lt;sl3.utils{Methods_dlg.java[Methods_dlg~dlg_OptMenu_TabActv_Admin~QActivity;" StructureKind="java" NumEvents="16" CreationCount="15"/><InteractionEvent Delta="null" EndDate="2014-10-12 07:58:06.344 JST" Interest="3.0" Kind="selection" Navigation="null" OriginId="org.eclipse.jdt.ui.CompilationUnitEditor" StartDate="2014-10-12 07:54:30.958 JST" StructureHandle="=SL3/src&amp;lt;sl3.utils{Methods_dlg.java[Methods_dlg~dlg_OptMenu_TabActv_Admin~QActivity;" StructureKind="java" NumEvents="3" CreationCount="15"/><InteractionEvent Delta="null" EndDate="2014-10-12 07:54:12.424 JST" Interest="4.517" Kind="propagation" Navigation="org.eclipse.mylyn.core.model.edges.containment" OriginId="org.eclipse.mylyn.core.model.interest.propagation" StartDate="2014-10-12 07:54:10.485 JST" StructureHandle="=SL3/src&amp;lt;sl.main{TabActv.java[TabActv" StructureKind="java" NumEvents="7" CreationCount="7"/><InteractionEvent Delta="null" EndDate="2014-10-12 08:05:26.109 JST" Interest="18.0" Kind="edit" Navigation="null" OriginId="com.android.ide.eclipse.editors.CommonXmlEditor" StartDate="2014-10-12 07:55:09.142 JST" StructureHandle="/SL3/res/values/strings.xml" StructureKind="resource" NumEvents="18" CreationCount="20"/><InteractionEvent Delta="null" EndDate="2014-10-12 08:13:07.561 JST" Interest="9.0" Kind="selection" Navigation="null" OriginId="org.eclipse.jdt.ui.PackageExplorer" StartDate="2014-10-12 07:55:07.682 JST" StructureHandle="/SL3/res/values/strings.xml" StructureKind="resource" NumEvents="9" CreationCount="20"/><InteractionEvent Delta="null" EndDate="2014-10-12 08:02:02.28 JST" Interest="1.0" Kind="selection" Navigation="null" OriginId="org.eclipse.jdt.ui.CompilationUnitEditor" StartDate="2014-10-12 08:02:02.28 JST" StructureHandle="=SL3/src&amp;lt;sl3.utils{Tags.java[Tags[DialogButtonTags^REGISTER_ITEM_OK" StructureKind="java"/><InteractionEvent Delta="null" EndDate="2014-10-12 08:26:22.3 JST" Interest="656.0" Kind="propagation" Navigation="null" OriginId="org.eclipse.jdt.ui.CompilationUnitEditor" StartDate="2014-10-12 07:54:30.19 JST" StructureHandle="/SL3/src/sl3/utils" StructureKind="resource" NumEvents="656" CreationCount="14"/><InteractionEvent Delta="null" EndDate="2014-10-12 07:58:38.19 JST" Interest="15.0" Kind="edit" Navigation="null" OriginId="org.eclipse.jdt.ui.CompilationUnitEditor" StartDate="2014-10-12 07:56:42.768 JST" StructureHandle="=SL3/src&amp;lt;sl3.listeners.dialog{DOI_CL.java[DOI_CL~case_ACTV_TAB_OPT_ADMIN~QListItem;" StructureKind="java" NumEvents="15" CreationCount="51"/><InteractionEvent Delta="null" EndDate="2014-10-12 08:05:21.609 JST" Interest="5.0" Kind="selection" Navigation="null" OriginId="org.eclipse.jdt.ui.CompilationUnitEditor" StartDate="2014-10-12 07:56:36.483 JST" StructureHandle="=SL3/src&amp;lt;sl3.listeners.dialog{DOI_CL.java[DOI_CL~case_ACTV_TAB_OPT_ADMIN~QListItem;" StructureKind="java" NumEvents="5" CreationCount="51"/><InteractionEvent Delta="null" EndDate="2014-10-12 08:19:47.823 JST" Interest="30.0" Kind="edit" Navigation="null" OriginId="org.eclipse.jdt.ui.CompilationUnitEditor" StartDate="2014-10-12 08:18:38.627 JST" StructureHandle="=SL3/src&amp;lt;sl3.utils{Methods_dlg.java[Methods_dlg~_dlg_Register_Item__setStoreName~QActivity;~QDialog;" StructureKind="java" NumEvents="30" CreationCount="445"/><InteractionEvent Delta="null" EndDate="2014-10-12 08:18:35.330 JST" Interest="1.0" Kind="selection" Navigation="null" OriginId="org.eclipse.jdt.ui.CompilationUnitEditor" StartDate="2014-10-12 08:18:35.330 JST" StructureHandle="=SL3/src&amp;lt;sl3.utils{Methods_dlg.java[Methods_dlg~case_tab_itemList__setStoreName~QSI;~QDialog;~QActivity;!2" StructureKind="java"/><InteractionEvent Delta="null" EndDate="2014-10-12 08:02:43.721 JST" Interest="2.0" Kind="selection" Navigation="null" OriginId="org.eclipse.jdt.ui.CompilationUnitEditor" StartDate="2014-10-12 08:02:01.269 JST" StructureHandle="=SL3/src&amp;lt;sl3.utils{Tags.java" StructureKind="java" NumEvents="2" CreationCount="222"/><InteractionEvent Delta="null" EndDate="2014-10-12 08:02:49.589 JST" Interest="0.15900022" Kind="propagation" Navigation="org.eclipse.mylyn.core.model.edges.containment" OriginId="org.eclipse.mylyn.core.model.interest.propagation" StartDate="2014-10-12 08:02:02.29 JST" StructureHandle="=SL3/src&amp;lt;sl3.utils{Tags.java" StructureKind="java" NumEvents="2" CreationCount="222"/><InteractionEvent Delta="null" EndDate="2014-10-12 08:03:56.456 JST" Interest="2.0" Kind="selection" Navigation="null" OriginId="org.eclipse.jdt.ui.CompilationUnitEditor" StartDate="2014-10-12 08:03:18.969 JST" StructureHandle="=SL3/src&amp;lt;sl3.listeners.dialog{DB_OTL.java" StructureKind="java" NumEvents="2" CreationCount="273"/><InteractionEvent Delta="null" EndDate="2014-10-12 08:04:50.229 JST" Interest="19.634" Kind="propagation" Navigation="org.eclipse.mylyn.core.model.edges.containment" OriginId="org.eclipse.mylyn.core.model.interest.propagation" StartDate="2014-10-12 08:03:19.666 JST" StructureHandle="=SL3/src&amp;lt;sl3.listeners.dialog{DB_OTL.java" StructureKind="java" NumEvents="30" CreationCount="273"/><InteractionEvent Delta="null" EndDate="2014-10-12 07:54:58.989 JST" Interest="1.0" Kind="propagation" Navigation="org.eclipse.mylyn.core.model.edges.containment" OriginId="org.eclipse.mylyn.core.model.interest.propagation" StartDate="2014-10-12 07:54:58.989 JST" StructureHandle="/SL3/src/sl/libs/xml" StructureKind="resource"/><InteractionEvent Delta="null" EndDate="2014-10-12 08:05:21.610 JST" Interest="27.0" Kind="propagation" Navigation="null" OriginId="org.eclipse.jdt.ui.CompilationUnitEditor" StartDate="2014-10-12 07:56:33.127 JST" StructureHandle="/SL3/src/sl3/listeners/dialog/DOI_CL.java" StructureKind="resource" NumEvents="27" CreationCount="49"/><InteractionEvent Delta="null" EndDate="2014-10-12 08:04:50.229 JST" Interest="25.442001" Kind="propagation" Navigation="org.eclipse.mylyn.core.model.edges.containment" OriginId="org.eclipse.mylyn.core.model.interest.propagation" StartDate="2014-10-12 07:56:33.128 JST" StructureHandle="=SL3/src&amp;lt;sl3.listeners.dialog" StructureKind="java" NumEvents="39" CreationCount="49"/><InteractionEvent Delta="null" EndDate="2014-10-12 08:22:20.918 JST" Interest="9.0" Kind="edit" Navigation="null" OriginId="org.eclipse.jdt.ui.CompilationUnitEditor" StartDate="2014-10-12 08:00:01.464 JST" StructureHandle="=SL3/src&amp;lt;sl3.utils{Methods_dlg.java[Methods_dlg" StructureKind="java" NumEvents="9" CreationCount="15"/><InteractionEvent Delta="null" EndDate="2014-10-12 08:22:20.907 JST" Interest="6.0" Kind="selection" Navigation="null" OriginId="org.eclipse.jdt.ui.CompilationUnitEditor" StartDate="2014-10-12 08:00:01.457 JST" StructureHandle="=SL3/src&amp;lt;sl3.utils{Methods_dlg.java[Methods_dlg" StructureKind="java" NumEvents="6" CreationCount="15"/><InteractionEvent Delta="null" EndDate="2014-10-12 08:26:22.1 JST" Interest="274.056" Kind="propagation" Navigation="org.eclipse.mylyn.core.model.edges.containment" OriginId="org.eclipse.mylyn.core.model.interest.propagation" StartDate="2014-10-12 07:54:30.959 JST" StructureHandle="=SL3/src&amp;lt;sl3.utils{Methods_dlg.java[Methods_dlg" StructureKind="java" NumEvents="385" CreationCount="15"/><InteractionEvent Delta="null" EndDate="2014-10-12 08:13:24.638 JST" Interest="1.0" Kind="selection" Navigation="null" OriginId="org.eclipse.jdt.ui.PackageExplorer" StartDate="2014-10-12 08:13:24.638 JST" StructureHandle="/SL3/res/layout/dlg_db_admin.xml" StructureKind="resource"/><InteractionEvent Delta="null" EndDate="2014-10-12 07:53:46.440 JST" Interest="1.0" Kind="selection" Navigation="null" OriginId="org.eclipse.ui.views.ResourceNavigator" StartDate="2014-10-12 07:53:46.440 JST" StructureHandle="=IFM11" StructureKind="java"/><InteractionEvent Delta="null" EndDate="2014-10-12 08:16:22.757 JST" Interest="18.0" Kind="propagation" Navigation="null" OriginId="org.eclipse.jdt.ui.CompilationUnitEditor" StartDate="2014-10-12 08:02:17.684 JST" StructureHandle="/SL3/src/sl3/listeners/dialog/DB_OCL.java" StructureKind="resource" NumEvents="18" CreationCount="226"/><InteractionEvent Delta="null" EndDate="2014-10-12 08:26:22.1 JST" Interest="746.051" Kind="propagation" Navigation="org.eclipse.mylyn.core.model.edges.containment" OriginId="org.eclipse.mylyn.core.model.interest.propagation" StartDate="2014-10-12 07:53:46.441 JST" StructureHandle="/" StructureKind="resource" NumEvents="755" CreationCount="1"/><InteractionEvent Delta="null" EndDate="2014-10-12 07:55:06.682 JST" Interest="1.0" Kind="selection" Navigation="null" OriginId="org.eclipse.jdt.ui.PackageExplorer" StartDate="2014-10-12 07:55:06.682 JST" StructureHandle="/SL3/res/values" StructureKind="resource"/><InteractionEvent Delta="null" EndDate="2014-10-12 08:13:07.561 JST" Interest="20.616999" Kind="propagation" Navigation="org.eclipse.mylyn.core.model.edges.containment" OriginId="org.eclipse.mylyn.core.model.interest.propagation" StartDate="2014-10-12 07:55:07.682 JST" StructureHandle="/SL3/res/values" StructureKind="resource" NumEvents="27" CreationCount="19"/><InteractionEvent Delta="null" EndDate="2014-10-12 08:05:21.396 JST" Interest="5.0" Kind="selection" Navigation="null" OriginId="org.eclipse.jdt.ui.CompilationUnitEditor" StartDate="2014-10-12 07:56:33.127 JST" StructureHandle="=SL3/src&amp;lt;sl3.listeners.dialog{DOI_CL.java" StructureKind="java" NumEvents="5" CreationCount="49"/><InteractionEvent Delta="null" EndDate="2014-10-12 07:58:38.22 JST" Interest="11.533999" Kind="propagation" Navigation="org.eclipse.mylyn.core.model.edges.containment" OriginId="org.eclipse.mylyn.core.model.interest.propagation" StartDate="2014-10-12 07:56:33.871 JST" StructureHandle="=SL3/src&amp;lt;sl3.listeners.dialog{DOI_CL.java" StructureKind="java" NumEvents="20" CreationCount="49"/><InteractionEvent Delta="null" EndDate="2014-10-12 07:56:33.870 JST" Interest="1.0" Kind="selection" Navigation="null" OriginId="org.eclipse.jdt.ui.CompilationUnitEditor" StartDate="2014-10-12 07:56:33.870 JST" StructureHandle="=SL3/src&amp;lt;sl3.listeners.dialog{DOI_CL.java[DOI_CL~DOI_CL~QActivity;~QDialog;" StructureKind="java"/><InteractionEvent Delta="null" EndDate="2014-10-12 08:06:21.510 JST" Interest="1.0" Kind="propagation" Navigation="org.eclipse.mylyn.core.model.edges.containment" OriginId="org.eclipse.mylyn.core.model.interest.propagation" StartDate="2014-10-12 08:06:21.510 JST" StructureHandle="/SL3/bin" StructureKind="resource"/><InteractionEvent Delta="null" EndDate="2014-10-12 08:03:19.664 JST" Interest="1.0" Kind="selection" Navigation="null" OriginId="org.eclipse.jdt.ui.CompilationUnitEditor" StartDate="2014-10-12 08:03:19.664 JST" StructureHandle="=SL3/src&amp;lt;sl3.listeners.dialog{DB_OTL.java[DB_OTL~DB_OTL~QActivity;~QDialog;" StructureKind="java"/><InteractionEvent Delta="null" EndDate="2014-10-12 07:53:46.440 JST" Interest="1.0" Kind="propagation" Navigation="null" OriginId="org.eclipse.ui.views.ResourceNavigator" StartDate="2014-10-12 07:53:46.440 JST" StructureHandle="/IFM11" StructureKind="resource"/><InteractionEvent Delta="null" EndDate="2014-10-12 08:21:24.969 JST" Interest="37.0" Kind="edit" Navigation="null" OriginId="org.eclipse.jdt.ui.CompilationUnitEditor" StartDate="2014-10-12 07:58:15.862 JST" StructureHandle="=SL3/src&amp;lt;sl3.utils{Methods_dlg.java[Methods_dlg~dlg_Tab1_Edit_Item~QActivity;~QSI;~QDialog;" StructureKind="java" NumEvents="37" CreationCount="70"/><InteractionEvent Delta="null" EndDate="2014-10-12 08:21:13.241 JST" Interest="12.0" Kind="selection" Navigation="null" OriginId="org.eclipse.jdt.ui.CompilationUnitEditor" StartDate="2014-10-12 07:58:07.33 JST" StructureHandle="=SL3/src&amp;lt;sl3.utils{Methods_dlg.java[Methods_dlg~dlg_Tab1_Edit_Item~QActivity;~QSI;~QDialog;" StructureKind="java" NumEvents="12" CreationCount="70"/><InteractionEvent Delta="null" EndDate="2014-10-12 07:59:11.403 JST" Interest="5.0" Kind="edit" Navigation="null" OriginId="org.eclipse.jdt.ui.CompilationUnitEditor" StartDate="2014-10-12 07:58:56.287 JST" StructureHandle="=SL3/src&amp;lt;sl3.utils{Methods_dlg.java[Methods_dlg~dlg_OptMenu_TabActv_Opearations~QActivity;~QDialog;" StructureKind="java" NumEvents="5" CreationCount="90"/><InteractionEvent Delta="null" EndDate="2014-10-12 07:59:30.777 JST" Interest="4.0" Kind="selection" Navigation="null" OriginId="org.eclipse.jdt.ui.CompilationUnitEditor" StartDate="2014-10-12 07:58:55.274 JST" StructureHandle="=SL3/src&amp;lt;sl3.utils{Methods_dlg.java[Methods_dlg~dlg_OptMenu_TabActv_Opearations~QActivity;~QDialog;" StructureKind="java" NumEvents="4" CreationCount="90"/><InteractionEvent Delta="null" EndDate="2014-10-12 08:15:11.452 JST" Interest="2.0" Kind="edit" Navigation="null" OriginId="com.android.ide.eclipse.editors.CommonXmlEditor" StartDate="2014-10-12 08:13:30.48 JST" StructureHandle="/SL3/res/layout/dlg_edit_items.xml" StructureKind="resource" NumEvents="2" CreationCount="356"/><InteractionEvent Delta="null" EndDate="2014-10-12 08:13:29.918 JST" Interest="2.0" Kind="selection" Navigation="null" OriginId="com.android.ide.eclipse.editors.CommonXmlEditor" StartDate="2014-10-12 08:13:26.883 JST" StructureHandle="/SL3/res/layout/dlg_edit_items.xml" StructureKind="resource" NumEvents="2" CreationCount="356"/><InteractionEvent Delta="null" EndDate="2014-10-12 08:05:16.917 JST" Interest="1.0" Kind="selection" Navigation="null" OriginId="org.eclipse.jdt.ui.CompilationUnitEditor" StartDate="2014-10-12 08:05:16.917 JST" StructureHandle="=SL3/src&amp;lt;sl3.listeners.dialog{DB_OCL.java[DB_OCL~DB_OCL~QActivity;~QDialog;~QDialog;" StructureKind="java"/><InteractionEvent Delta="null" EndDate="2014-10-12 08:02:20.218 JST" Interest="1.0" Kind="selection" Navigation="null" OriginId="org.eclipse.jdt.ui.CompilationUnitEditor" StartDate="2014-10-12 08:02:20.218 JST" StructureHandle="=SL3/src&amp;lt;sl3.listeners.dialog{DB_OCL.java[DB_OCL" StructureKind="java"/><InteractionEvent Delta="null" EndDate="2014-10-12 08:16:22.756 JST" Interest="9.217" Kind="propagation" Navigation="org.eclipse.mylyn.core.model.edges.containment" OriginId="org.eclipse.mylyn.core.model.interest.propagation" StartDate="2014-10-12 08:02:18.449 JST" StructureHandle="=SL3/src&amp;lt;sl3.listeners.dialog{DB_OCL.java[DB_OCL" StructureKind="java" NumEvents="11" CreationCount="227"/><InteractionEvent Delta="null" EndDate="2014-10-12 08:02:44.533 JST" Interest="1.0" Kind="selection" Navigation="null" OriginId="org.eclipse.jdt.ui.CompilationUnitEditor" StartDate="2014-10-12 08:02:44.533 JST" StructureHandle="=SL3/src&amp;lt;sl3.utils{Tags.java[Tags" StructureKind="java"/><InteractionEvent Delta="null" EndDate="2014-10-12 08:02:49.588 JST" Interest="1.1420001" Kind="propagation" Navigation="org.eclipse.mylyn.core.model.edges.containment" OriginId="org.eclipse.mylyn.core.model.interest.propagation" StartDate="2014-10-12 08:02:02.28 JST" StructureHandle="=SL3/src&amp;lt;sl3.utils{Tags.java[Tags" StructureKind="java" NumEvents="2" CreationCount="223"/><InteractionEvent Delta="null" EndDate="2014-10-12 08:18:18.605 JST" Interest="9.0" Kind="edit" Navigation="null" OriginId="org.eclipse.jdt.ui.CompilationUnitEditor" StartDate="2014-10-12 08:17:05.743 JST" StructureHandle="=SL3/src&amp;lt;sl3.utils{Methods_dlg.java[Methods_dlg~case_tab_itemList__setStoreName~QSI;~QDialog;~QActivity;" StructureKind="java" NumEvents="9" CreationCount="388"/><InteractionEvent Delta="null" EndDate="2014-10-12 08:18:26.687 JST" Interest="5.0" Kind="selection" Navigation="null" OriginId="org.eclipse.jdt.ui.CompilationUnitEditor" StartDate="2014-10-12 08:17:05.736 JST" StructureHandle="=SL3/src&amp;lt;sl3.utils{Methods_dlg.java[Methods_dlg~case_tab_itemList__setStoreName~QSI;~QDialog;~QActivity;" StructureKind="java" NumEvents="5" CreationCount="388"/><InteractionEvent Delta="null" EndDate="2014-10-12 07:54:05.93 JST" Interest="1.0" Kind="selection" Navigation="null" OriginId="org.eclipse.ui.views.ContentOutline" StartDate="2014-10-12 07:54:05.93 JST" StructureHandle="=SL3/src&amp;lt;sl.main{TabActv.java%sl.main" StructureKind="java"/><InteractionEvent Delta="null" EndDate="2014-10-12 07:53:56.756 JST" Interest="1.0" Kind="selection" Navigation="null" OriginId="org.eclipse.jdt.ui.PackageExplorer" StartDate="2014-10-12 07:53:56.756 JST" StructureHandle="=SL3/src&amp;lt;sl.main" StructureKind="java"/><InteractionEvent Delta="null" EndDate="2014-10-12 07:54:58.737 JST" Interest="4.585" Kind="propagation" Navigation="org.eclipse.mylyn.core.model.edges.containment" OriginId="org.eclipse.mylyn.core.model.interest.propagation" StartDate="2014-10-12 07:53:59.445 JST" StructureHandle="=SL3/src&amp;lt;sl.main" StructureKind="java" NumEvents="8" CreationCount="3"/><InteractionEvent Delta="null" EndDate="2014-10-12 08:26:00.149 JST" Interest="4.0" Kind="prediction" Navigation="null" OriginId="org.eclipse.mylyn.resources.ui.interest.updater" StartDate="2014-10-12 08:06:21.508 JST" StructureHandle="/SL3/bin/classes.dex" StructureKind="resource" NumEvents="4" CreationCount="350"/><InteractionEvent Delta="null" EndDate="2014-10-12 07:54:10.483 JST" Interest="1.0" Kind="selection" Navigation="null" OriginId="org.eclipse.ui.views.ContentOutline" StartDate="2014-10-12 07:54:10.483 JST" StructureHandle="=SL3/src&amp;lt;sl.main{TabActv.java[TabActv~onStart" StructureKind="java"/><InteractionEvent Delta="null" EndDate="2014-10-12 08:04:50.227 JST" Interest="28.0" Kind="edit" Navigation="null" OriginId="org.eclipse.jdt.ui.CompilationUnitEditor" StartDate="2014-10-12 08:03:23.490 JST" StructureHandle="=SL3/src&amp;lt;sl3.listeners.dialog{DB_OTL.java[DB_OTL~onTouch~QView;~QMotionEvent;" StructureKind="java" NumEvents="28" CreationCount="275"/><InteractionEvent Delta="null" EndDate="2014-10-12 08:04:00.788 JST" Interest="2.0" Kind="selection" Navigation="null" OriginId="org.eclipse.jdt.ui.CompilationUnitEditor" StartDate="2014-10-12 08:03:21.526 JST" StructureHandle="=SL3/src&amp;lt;sl3.listeners.dialog{DB_OTL.java[DB_OTL~onTouch~QView;~QMotionEvent;" StructureKind="java" NumEvents="2" CreationCount="275"/><InteractionEvent Delta="null" EndDate="2014-10-12 08:04:50.228 JST" Interest="21.617" Kind="propagation" Navigation="org.eclipse.mylyn.core.model.edges.containment" OriginId="org.eclipse.mylyn.core.model.interest.propagation" StartDate="2014-10-12 08:03:19.665 JST" StructureHandle="=SL3/src&amp;lt;sl3.listeners.dialog{DB_OTL.java[DB_OTL" StructureKind="java" NumEvents="31" CreationCount="274"/><InteractionEvent Delta="null" EndDate="2014-10-12 07:54:58.736 JST" Interest="11.016999" Kind="propagation" Navigation="org.eclipse.mylyn.core.model.edges.containment" OriginId="org.eclipse.mylyn.core.model.interest.propagation" StartDate="2014-10-12 07:53:56.756 JST" StructureHandle="/SL3/src/sl/main" StructureKind="resource" NumEvents="12" CreationCount="3"/><InteractionEvent Delta="null" EndDate="2014-10-12 08:02:49.587 JST" Interest="1.0" Kind="edit" Navigation="null" OriginId="org.eclipse.jdt.ui.CompilationUnitEditor" StartDate="2014-10-12 08:02:49.587 JST" StructureHandle="=SL3/src&amp;lt;sl3.utils{Tags.java[Tags[DialogTags" StructureKind="java"/><InteractionEvent Delta="null" EndDate="2014-10-12 08:02:47.726 JST" Interest="1.0" Kind="selection" Navigation="null" OriginId="org.eclipse.jdt.ui.CompilationUnitEditor" StartDate="2014-10-12 08:02:47.726 JST" StructureHandle="=SL3/src&amp;lt;sl3.utils{Tags.java[Tags[DialogTags" StructureKind="java"/><InteractionEvent Delta="null" EndDate="2014-10-12 08:26:22.3 JST" Interest="286.373" Kind="propagation" Navigation="org.eclipse.mylyn.core.model.edges.containment" OriginId="org.eclipse.mylyn.core.model.interest.propagation" StartDate="2014-10-12 07:54:30.20 JST" StructureHandle="=SL3/src&amp;lt;sl3.utils" StructureKind="java" NumEvents="416" CreationCount="14"/><InteractionEvent Delta="null" EndDate="2014-10-12 07:54:58.988 JST" Interest="1.0" Kind="selection" Navigation="null" OriginId="org.eclipse.jdt.ui.PackageExplorer" StartDate="2014-10-12 07:54:58.988 JST" StructureHandle="=SL3/src&amp;lt;sl.libs.xml.domsample" StructureKind="java"/><InteractionEvent Delta="null" EndDate="2014-10-12 08:13:12.104 JST" Interest="1.0" Kind="selection" Navigation="null" OriginId="org.eclipse.jdt.ui.PackageExplorer" StartDate="2014-10-12 08:13:12.104 JST" StructureHandle="/SL3/res/drawable-hdpi" StructureKind="resource"/><InteractionEvent Delta="null" EndDate="2014-10-12 08:21:06.284 JST" Interest="11.0" Kind="edit" Navigation="null" OriginId="org.eclipse.jdt.ui.CompilationUnitEditor" StartDate="2014-10-12 07:59:48.514 JST" StructureHandle="=SL3/src&amp;lt;sl3.utils{Methods_dlg.java[Methods_dlg~dlg_template_okCancel_2Dialogues_SI~QActivity;~I~I~I~I~QDialogTags;~QDialogTags;~QDialog;~QSI;" StructureKind="java" NumEvents="11" CreationCount="106"/><InteractionEvent Delta="null" EndDate="2014-10-12 08:21:13.205 JST" Interest="6.0" Kind="selection" Navigation="null" OriginId="org.eclipse.jdt.ui.CompilationUnitEditor" StartDate="2014-10-12 07:59:48.507 JST" StructureHandle="=SL3/src&amp;lt;sl3.utils{Methods_dlg.java[Methods_dlg~dlg_template_okCancel_2Dialogues_SI~QActivity;~I~I~I~I~QDialogTags;~QDialogTags;~QDialog;~QSI;" StructureKind="java" NumEvents="6" CreationCount="106"/><InteractionEvent Delta="null" EndDate="2014-10-12 07:54:58.989 JST" Interest="1.0" Kind="propagation" Navigation="null" OriginId="org.eclipse.jdt.ui.PackageExplorer" StartDate="2014-10-12 07:54:58.989 JST" StructureHandle="/SL3/src/sl/libs/xml/domsample" StructureKind="resource"/><InteractionEvent Delta="null" EndDate="2014-10-12 07:54:58.989 JST" Interest="1.0" Kind="propagation" Navigation="org.eclipse.mylyn.core.model.edges.containment" OriginId="org.eclipse.mylyn.core.model.interest.propagation" StartDate="2014-10-12 07:54:58.989 JST" StructureHandle="/SL3/src/sl/libs" StructureKind="resource"/><InteractionEvent Delta="null" EndDate="2014-10-12 08:26:22.1 JST" Interest="650.0" Kind="propagation" Navigation="null" OriginId="org.eclipse.jdt.ui.CompilationUnitEditor" StartDate="2014-10-12 07:54:30.19 JST" StructureHandle="/SL3/src/sl3/utils/Methods_dlg.java" StructureKind="resource" NumEvents="650" CreationCount="14"/><InteractionEvent Delta="null" EndDate="2014-10-12 07:59:59.662 JST" Interest="1.0" Kind="edit" Navigation="null" OriginId="org.eclipse.jdt.ui.CompilationUnitEditor" StartDate="2014-10-12 07:59:59.662 JST" StructureHandle="=SL3/src&amp;lt;sl3.utils{Methods_dlg.java" StructureKind="java"/><InteractionEvent Delta="null" EndDate="2014-10-12 08:16:39.515 JST" Interest="15.0" Kind="selection" Navigation="null" OriginId="org.eclipse.jdt.ui.CompilationUnitEditor" StartDate="2014-10-12 07:54:30.18 JST" StructureHandle="=SL3/src&amp;lt;sl3.utils{Methods_dlg.java" StructureKind="java" NumEvents="15" CreationCount="14"/><InteractionEvent Delta="null" EndDate="2014-10-12 08:26:22.2 JST" Interest="270.673" Kind="propagation" Navigation="org.eclipse.mylyn.core.model.edges.containment" OriginId="org.eclipse.mylyn.core.model.interest.propagation" StartDate="2014-10-12 07:54:30.960 JST" StructureHandle="=SL3/src&amp;lt;sl3.utils{Methods_dlg.java" StructureKind="java" NumEvents="389" CreationCount="14"/><InteractionEvent Delta="null" EndDate="2014-10-12 08:02:18.449 JST" Interest="1.0" Kind="selection" Navigation="null" OriginId="org.eclipse.jdt.ui.CompilationUnitEditor" StartDate="2014-10-12 08:02:18.449 JST" StructureHandle="=SL3/src&amp;lt;sl3.listeners.dialog{DB_OCL.java[DB_OCL~DB_OCL~QActivity;~QDialog;~QDialog;~QDialog;" StructureKind="java"/><InteractionEvent Delta="null" EndDate="2014-10-12 08:22:19.60 JST" Interest="57.0" Kind="edit" Navigation="null" OriginId="org.eclipse.jdt.ui.CompilationUnitEditor" StartDate="2014-10-12 08:21:38.423 JST" StructureHandle="=SL3/src&amp;lt;sl3.utils{Methods_dlg.java[Methods_dlg~_dlg_Register_Item__setGenre~QActivity;~QDialog;" StructureKind="java" NumEvents="57" CreationCount="537"/><InteractionEvent Delta="null" EndDate="2014-10-12 08:21:49.734 JST" Interest="3.0" Kind="selection" Navigation="null" OriginId="org.eclipse.jdt.ui.CompilationUnitEditor" StartDate="2014-10-12 08:21:38.414 JST" StructureHandle="=SL3/src&amp;lt;sl3.utils{Methods_dlg.java[Methods_dlg~_dlg_Register_Item__setGenre~QActivity;~QSI;~QDialog;" StructureKind="java" NumEvents="3" CreationCount="537"/><InteractionEvent Delta="null" EndDate="2014-10-12 08:16:22.757 JST" Interest="79.0" Kind="propagation" Navigation="null" OriginId="org.eclipse.jdt.ui.CompilationUnitEditor" StartDate="2014-10-12 07:56:33.127 JST" StructureHandle="/SL3/src/sl3/listeners/dialog" StructureKind="resource" NumEvents="79" CreationCount="49"/><InteractionEvent Delta="null" EndDate="2014-10-12 07:55:00.949 JST" Interest="1.0" Kind="selection" Navigation="null" OriginId="org.eclipse.jdt.ui.PackageExplorer" StartDate="2014-10-12 07:55:00.949 JST" StructureHandle="/SL3/res" StructureKind="resource"/><InteractionEvent Delta="null" EndDate="2014-10-12 08:13:07.561 JST" Interest="20.633999" Kind="propagation" Navigation="org.eclipse.mylyn.core.model.edges.containment" OriginId="org.eclipse.mylyn.core.model.interest.propagation" StartDate="2014-10-12 07:55:06.683 JST" StructureHandle="/SL3/res" StructureKind="resource" NumEvents="28" CreationCount="18"/><InteractionEvent Delta="null" EndDate="2014-10-12 08:26:22.4 JST" Interest="747.034" Kind="propagation" Navigation="null" OriginId="org.eclipse.jdt.ui.CompilationUnitEditor" StartDate="2014-10-12 07:53:49.433 JST" StructureHandle="/SL3/src" StructureKind="resource" NumEvents="749" CreationCount="2"/><InteractionEvent Delta="null" EndDate="2014-10-12 08:16:22.756 JST" Interest="5.0" Kind="edit" Navigation="null" OriginId="org.eclipse.jdt.ui.CompilationUnitEditor" StartDate="2014-10-12 08:05:16.264 JST" StructureHandle="=SL3/src&amp;lt;sl3.listeners.dialog{DB_OCL.java[DB_OCL~onClick~QView;" StructureKind="java" NumEvents="5" CreationCount="229"/><InteractionEvent Delta="null" EndDate="2014-10-12 08:16:07.703 JST" Interest="6.0" Kind="selection" Navigation="null" OriginId="org.eclipse.ui.views.ContentOutline" StartDate="2014-10-12 08:02:25.96 JST" StructureHandle="=SL3/src&amp;lt;sl3.listeners.dialog{DB_OCL.java[DB_OCL~onClick~QView;" StructureKind="java" NumEvents="6" CreationCount="229"/><InteractionEvent Delta="null" EndDate="2014-10-12 08:05:16.244 JST" Interest="0.6830001" Kind="manipulation" Navigation="null" OriginId="org.eclipse.mylyn.core.model.interest.decay.correction" StartDate="2014-10-12 08:05:16.244 JST" StructureHandle="=SL3/src&amp;lt;sl3.listeners.dialog{DB_OCL.java[DB_OCL~onClick~QView;" StructureKind="java"/><InteractionEvent Delta="null" EndDate="2014-10-12 08:15:34.835 JST" Interest="4.0" Kind="selection" Navigation="null" OriginId="org.eclipse.jdt.ui.CompilationUnitEditor" StartDate="2014-10-12 08:02:17.684 JST" StructureHandle="=SL3/src&amp;lt;sl3.listeners.dialog{DB_OCL.java" StructureKind="java" NumEvents="4" CreationCount="226"/><InteractionEvent Delta="null" EndDate="2014-10-12 08:16:22.757 JST" Interest="6.234" Kind="propagation" Navigation="org.eclipse.mylyn.core.model.edges.containment" OriginId="org.eclipse.mylyn.core.model.interest.propagation" StartDate="2014-10-12 08:02:18.450 JST" StructureHandle="=SL3/src&amp;lt;sl3.listeners.dialog{DB_OCL.java" StructureKind="java" NumEvents="10" CreationCount="226"/><InteractionEvent Delta="null" EndDate="2014-10-12 07:54:58.736 JST" Interest="11.0" Kind="propagation" Navigation="null" OriginId="org.eclipse.jdt.ui.PackageExplorer" StartDate="2014-10-12 07:53:59.444 JST" StructureHandle="/SL3/src/sl/main/TabActv.java" StructureKind="resource" NumEvents="11" CreationCount="4"/><InteractionEvent Delta="null" EndDate="2014-10-12 08:26:00.150 JST" Interest="4.0" Kind="prediction" Navigation="null" OriginId="org.eclipse.mylyn.resources.ui.interest.updater" StartDate="2014-10-12 08:06:21.508 JST" StructureHandle="/SL3/bin/SL3.apk" StructureKind="resource" NumEvents="4" CreationCount="350"/><InteractionEvent Delta="null" EndDate="2014-10-12 07:54:58.736 JST" Interest="11.016999" Kind="propagation" Navigation="org.eclipse.mylyn.core.model.edges.containment" OriginId="org.eclipse.mylyn.core.model.interest.propagation" StartDate="2014-10-12 07:53:56.756 JST" StructureHandle="/SL3/src/sl" StructureKind="resource" NumEvents="12" CreationCount="3"/><InteractionEvent Delta="null" EndDate="2014-10-12 07:54:58.735 JST" Interest="3.0" Kind="selection" Navigation="null" OriginId="org.eclipse.jdt.ui.PackageExplorer" StartDate="2014-10-12 07:53:59.444 JST" StructureHandle="=SL3/src&amp;lt;sl.main{TabActv.java" StructureKind="java" NumEvents="3" CreationCount="4"/><InteractionEvent Delta="null" EndDate="2014-10-12 07:54:12.426 JST" Interest="2.5679998" Kind="propagation" Navigation="org.eclipse.mylyn.core.model.edges.containment" OriginId="org.eclipse.mylyn.core.model.interest.propagation" StartDate="2014-10-12 07:54:11.475 JST" StructureHandle="=SL3/src&amp;lt;sl.main{TabActv.java" StructureKind="java" NumEvents="4" CreationCount="4"/><InteractionEvent Delta="null" EndDate="2014-10-12 08:03:57.228 JST" Interest="1.0" Kind="selection" Navigation="null" OriginId="org.eclipse.jdt.ui.CompilationUnitEditor" StartDate="2014-10-12 08:03:57.228 JST" StructureHandle="=SL3/src&amp;lt;sl3.listeners.dialog{DB_OTL.java[DB_OTL~DB_OTL~QActivity;~QDialog;~QDialog;" StructureKind="java"/><InteractionEvent Delta="null" EndDate="2014-10-12 08:16:22.758 JST" Interest="79.0" Kind="propagation" Navigation="org.eclipse.mylyn.core.model.edges.containment" OriginId="org.eclipse.mylyn.core.model.interest.propagation" StartDate="2014-10-12 07:56:33.127 JST" StructureHandle="/SL3/src/sl3/listeners" StructureKind="resource" NumEvents="79" CreationCount="49"/><InteractionEvent Delta="null" EndDate="2014-10-12 08:05:21.610 JST" Interest="15.516999" Kind="propagation" Navigation="org.eclipse.mylyn.core.model.edges.containment" OriginId="org.eclipse.mylyn.core.model.interest.propagation" StartDate="2014-10-12 07:56:33.871 JST" StructureHandle="=SL3/src&amp;lt;sl3.listeners.dialog{DOI_CL.java[DOI_CL" StructureKind="java" NumEvents="22" CreationCount="50"/><InteractionEvent Delta="null" EndDate="2014-10-12 08:13:16.498 JST" Interest="1.0" Kind="selection" Navigation="null" OriginId="org.eclipse.jdt.ui.PackageExplorer" StartDate="2014-10-12 08:13:16.498 JST" StructureHandle="/SL3/res/layout" StructureKind="resource"/><InteractionEvent Delta="null" EndDate="2014-10-12 08:15:11.452 JST" Interest="2.434" Kind="propagation" Navigation="org.eclipse.mylyn.core.model.edges.containment" OriginId="org.eclipse.mylyn.core.model.interest.propagation" StartDate="2014-10-12 08:13:24.639 JST" StructureHandle="/SL3/res/layout" StructureKind="resource" NumEvents="5" CreationCount="354"/><InteractionEvent Delta="null" EndDate="2014-10-12 08:06:21.508 JST" Interest="1.0" Kind="prediction" Navigation="null" OriginId="org.eclipse.mylyn.resources.ui.interest.updater" StartDate="2014-10-12 08:06:21.508 JST" StructureHandle="/SL3/bin/resources.ap_" StructureKind="resource"/><InteractionEvent Delta="null" EndDate="2014-10-12 07:54:12.423 JST" Interest="5.0" Kind="edit" Navigation="null" OriginId="org.eclipse.jdt.ui.CompilationUnitEditor" StartDate="2014-10-12 07:54:11.132 JST" StructureHandle="=SL3/src&amp;lt;sl.main{TabActv.java[TabActv~onOptionsItemSelected~QMenuItem;" StructureKind="java" NumEvents="5" CreationCount="8"/><InteractionEvent Delta="null" EndDate="2014-10-12 07:54:10.842 JST" Interest="1.0" Kind="selection" Navigation="null" OriginId="org.eclipse.ui.views.ContentOutline" StartDate="2014-10-12 07:54:10.842 JST" StructureHandle="=SL3/src&amp;lt;sl.main{TabActv.java[TabActv~onOptionsItemSelected~QMenuItem;" StructureKind="java"/><InteractionEvent Delta="null" EndDate="2014-10-12 08:02:02.28 JST" Interest="1.0" Kind="propagation" Navigation="org.eclipse.mylyn.core.model.edges.containment" OriginId="org.eclipse.mylyn.core.model.interest.propagation" StartDate="2014-10-12 08:02:02.28 JST" StructureHandle="=SL3/src&amp;lt;sl3.utils{Tags.java[Tags[DialogButtonTags" StructureKind="java"/><InteractionEvent Delta="null" EndDate="2014-10-12 08:26:22.3 JST" Interest="656.0" Kind="propagation" Navigation="org.eclipse.mylyn.core.model.edges.containment" OriginId="org.eclipse.mylyn.core.model.interest.propagation" StartDate="2014-10-12 07:54:30.19 JST" StructureHandle="/SL3/src/sl3" StructureKind="resource" NumEvents="656" CreationCount="14"/><InteractionEvent Delta="null" EndDate="2014-10-12 08:26:22.0 JST" Interest="376.0" Kind="edit" Navigation="null" OriginId="org.eclipse.jdt.ui.CompilationUnitEditor" StartDate="2014-10-12 08:00:05.610 JST" StructureHandle="=SL3/src&amp;lt;sl3.utils{Methods_dlg.java[Methods_dlg~dlg_Register_item~QActivity;~QDialog;" StructureKind="java" NumEvents="376" CreationCount="83"/><InteractionEvent Delta="null" EndDate="2014-10-12 08:22:22.405 JST" Interest="22.0" Kind="selection" Navigation="null" OriginId="org.eclipse.jdt.ui.CompilationUnitEditor" StartDate="2014-10-12 07:58:43.466 JST" StructureHandle="=SL3/src&amp;lt;sl3.utils{Methods_dlg.java[Methods_dlg~dlg_Register_item~QActivity;~QDialog;" StructureKind="java" NumEvents="22" CreationCount="83"/></InteractionHistory>