<?xml version="1.0" encoding="UTF-8"?><InteractionHistory Id="local-157" Version="1"><InteractionEvent Delta="null" EndDate="2014-10-14 10:16:54.232 JST" Interest="1671.085" Kind="propagation" Navigation="org.eclipse.mylyn.core.model.edges.containment" OriginId="org.eclipse.mylyn.core.model.interest.propagation" StartDate="2014-10-14 08:17:29.310 JST" StructureHandle="" StructureKind="java" NumEvents="1685" CreationCount="5"/><InteractionEvent Delta="null" EndDate="2014-10-14 08:28:20.876 JST" Interest="1.0" Kind="selection" Navigation="null" OriginId="org.eclipse.jdt.ui.PackageExplorer" StartDate="2014-10-14 08:28:20.876 JST" StructureHandle="/TA2/res/drawable/general_ib_ok_green_64x64.png" StructureKind="resource"/><InteractionEvent Delta="null" EndDate="2014-10-14 08:46:15.458 JST" Interest="1.0" Kind="selection" Navigation="null" OriginId="org.eclipse.jdt.ui.PackageExplorer" StartDate="2014-10-14 08:46:15.458 JST" StructureHandle="/TA2/res/layout/dlg_tmpl_cancel_lv_with_btn.xml" StructureKind="resource"/><InteractionEvent Delta="null" EndDate="2014-10-14 09:16:07.986 JST" Interest="1.0" Kind="propagation" Navigation="null" OriginId="org.eclipse.mylyn.resources.ui.interest.updater" StartDate="2014-10-14 09:16:07.986 JST" StructureHandle="/TA2/bin/dexedLibs/commons-lang-2.6-986548f769e99989e5ff8b3dec32ef6a.jar" StructureKind="resource"/><InteractionEvent Delta="null" EndDate="2014-10-14 10:09:56.788 JST" Interest="166.0" Kind="propagation" Navigation="null" OriginId="org.eclipse.jdt.ui.CompilationUnitEditor" StartDate="2014-10-14 08:46:19.940 JST" StructureHandle="/TA2/src/ta2/utils/CONS.java" StructureKind="resource" NumEvents="166" CreationCount="386"/><InteractionEvent Delta="null" EndDate="2014-10-14 08:17:27.929 JST" Interest="2.017" Kind="propagation" Navigation="org.eclipse.mylyn.core.model.edges.containment" OriginId="org.eclipse.mylyn.core.model.interest.propagation" StartDate="2014-10-14 08:17:18.692 JST" StructureHandle="=SL3" StructureKind="resource" NumEvents="3" CreationCount="1"/><InteractionEvent Delta="null" EndDate="2014-10-14 08:17:27.938 JST" Interest="1.0" Kind="selection" Navigation="null" OriginId="org.eclipse.jdt.ui.PackageExplorer" StartDate="2014-10-14 08:17:27.938 JST" StructureHandle="=SL3" StructureKind="java"/><InteractionEvent Delta="null" EndDate="2014-10-14 08:17:27.929 JST" Interest="1.017" Kind="propagation" Navigation="org.eclipse.mylyn.core.model.edges.containment" OriginId="org.eclipse.mylyn.core.model.interest.propagation" StartDate="2014-10-14 08:17:21.107 JST" StructureHandle="=SL3/src" StructureKind="java" NumEvents="2" CreationCount="1"/><InteractionEvent Delta="null" EndDate="2014-10-14 08:17:18.691 JST" Interest="1.0" Kind="selection" Navigation="null" OriginId="org.eclipse.jdt.ui.PackageExplorer" StartDate="2014-10-14 08:17:18.691 JST" StructureHandle="=SL3/src" StructureKind="java"/><InteractionEvent Delta="null" EndDate="2014-10-14 09:15:37.311 JST" Interest="2.0" Kind="propagation" Navigation="null" OriginId="org.eclipse.mylyn.resources.ui.interest.updater" StartDate="2014-10-14 09:15:37.313 JST" StructureHandle="=TA2/gen&amp;lt;ta2.main" StructureKind="java" NumEvents="2" CreationCount="1091"/><InteractionEvent Delta="null" EndDate="2014-10-14 09:33:10.867 JST" Interest="4.1000004" Kind="propagation" Navigation="org.eclipse.mylyn.core.model.edges.containment" OriginId="org.eclipse.mylyn.core.model.interest.propagation" StartDate="2014-10-14 09:33:03.657 JST" StructureHandle="=TA2/src&amp;lt;ta2.utils{CONS.java[CONS[MemoActv" StructureKind="java" NumEvents="5" CreationCount="1350"/><InteractionEvent Delta="null" EndDate="2014-10-14 09:26:50.434 JST" Interest="1.0" Kind="propagation" Navigation="null" OriginId="org.eclipse.jdt.ui.PackageExplorer" StartDate="2014-10-14 09:26:50.434 JST" StructureHandle="/TA2/src/ta2/comps" StructureKind="resource"/><InteractionEvent Delta="null" EndDate="2014-10-14 09:50:01.821 JST" Interest="18.873001" Kind="manipulation" Navigation="null" OriginId="org.eclipse.mylyn.core.model.interest.decay.correction" StartDate="2014-10-14 09:50:01.821 JST" StructureHandle="/TA2/src/ta2/adapters/Adp_TIList.java" StructureKind="resource"/><InteractionEvent Delta="null" EndDate="2014-10-14 09:50:01.821 JST" Interest="2.0" Kind="propagation" Navigation="null" OriginId="org.eclipse.jdt.ui.PackageExplorer" StartDate="2014-10-14 08:43:10.292 JST" StructureHandle="/TA2/src/ta2/adapters/Adp_TIList.java" StructureKind="resource" NumEvents="2" CreationCount="347"/><InteractionEvent Delta="null" EndDate="2014-10-14 09:33:22.790 JST" Interest="14.620002" Kind="manipulation" Navigation="null" OriginId="org.eclipse.mylyn.core.model.interest.decay.correction" StartDate="2014-10-14 09:33:22.790 JST" StructureHandle="=TA2/src&amp;lt;ta2.utils{CONS.java[CONS[ShowListActv^adp_List_Memos" StructureKind="java"/><InteractionEvent Delta="null" EndDate="2014-10-14 08:46:32.959 JST" Interest="1.0" Kind="edit" Navigation="null" OriginId="org.eclipse.jdt.ui.CompilationUnitEditor" StartDate="2014-10-14 08:46:32.959 JST" StructureHandle="=TA2/src&amp;lt;ta2.utils{CONS.java[CONS[ShowListActv^adp_List_Memos" StructureKind="java"/><InteractionEvent Delta="null" EndDate="2014-10-14 09:33:22.790 JST" Interest="2.0" Kind="selection" Navigation="null" OriginId="org.eclipse.jdt.ui.CompilationUnitEditor" StartDate="2014-10-14 08:46:32.949 JST" StructureHandle="=TA2/src&amp;lt;ta2.utils{CONS.java[CONS[ShowListActv^adp_List_Memos" StructureKind="java" NumEvents="2" CreationCount="399"/><InteractionEvent Delta="null" EndDate="2014-10-14 10:16:54.231 JST" Interest="961.0" Kind="propagation" Navigation="null" OriginId="org.eclipse.jdt.ui.CompilationUnitEditor" StartDate="2014-10-14 08:20:35.738 JST" StructureHandle="/TA2/src/ta2/utils" StructureKind="resource" NumEvents="961" CreationCount="125"/><InteractionEvent Delta="null" EndDate="2014-10-14 09:31:05.154 JST" Interest="20.471" Kind="manipulation" Navigation="null" OriginId="org.eclipse.mylyn.core.model.interest.decay.correction" StartDate="2014-10-14 09:31:05.154 JST" StructureHandle="=TA2/src&amp;lt;ta2.main{MemoActv.java" StructureKind="java"/><InteractionEvent Delta="null" EndDate="2014-10-14 09:31:05.154 JST" Interest="2.0" Kind="selection" Navigation="null" OriginId="org.eclipse.search.ui.views.SearchView" StartDate="2014-10-14 08:17:54.79 JST" StructureHandle="=TA2/src&amp;lt;ta2.main{MemoActv.java" StructureKind="java" NumEvents="2" CreationCount="13"/><InteractionEvent Delta="null" EndDate="2014-10-14 10:15:43.841 JST" Interest="194.0" Kind="propagation" Navigation="null" OriginId="org.eclipse.jdt.ui.CompilationUnitEditor" StartDate="2014-10-14 08:48:10.837 JST" StructureHandle="/TA2/src/ta2/utils/DBUtils.java" StructureKind="resource" NumEvents="194" CreationCount="463"/><InteractionEvent Delta="null" EndDate="2014-10-14 09:30:54.445 JST" Interest="4.0" Kind="propagation" Navigation="null" OriginId="org.eclipse.jdt.ui.CompilationUnitEditor" StartDate="2014-10-14 09:30:51.57 JST" StructureHandle="/IFM11/src/ifm11/utils/CONS.java" StructureKind="resource" NumEvents="4" CreationCount="1269"/><InteractionEvent Delta="null" EndDate="2014-10-14 08:59:03.667 JST" Interest="1.0" Kind="selection" Navigation="null" OriginId="org.eclipse.jdt.ui.CompilationUnitEditor" StartDate="2014-10-14 08:59:03.667 JST" StructureHandle="=TA2/src&amp;lt;ta2.adapters{Adp_FHs.java[Adp_FHs^inflater" StructureKind="java"/><InteractionEvent Delta="null" EndDate="2014-10-14 08:22:37.395 JST" Interest="11.0" Kind="edit" Navigation="null" OriginId="org.eclipse.jdt.ui.CompilationUnitEditor" StartDate="2014-10-14 08:22:22.314 JST" StructureHandle="=TA2/src&amp;lt;ta2.utils{Methods_dlg.java[Methods_dlg~dlg_ACTV_MAIN_Admin~QActivity;" StructureKind="java" NumEvents="11" CreationCount="159"/><InteractionEvent Delta="null" EndDate="2014-10-14 08:22:17.953 JST" Interest="1.0" Kind="selection" Navigation="null" OriginId="org.eclipse.jdt.ui.CompilationUnitEditor" StartDate="2014-10-14 08:22:17.953 JST" StructureHandle="=TA2/src&amp;lt;ta2.utils{Methods_dlg.java[Methods_dlg~dlg_ACTV_MAIN_Admin~QActivity;" StructureKind="java"/><InteractionEvent Delta="null" EndDate="2014-10-14 08:53:00.960 JST" Interest="1.0" Kind="selection" Navigation="null" OriginId="org.eclipse.jdt.ui.CompilationUnitEditor" StartDate="2014-10-14 08:53:00.960 JST" StructureHandle="=TA2/src&amp;lt;ta2.items{FilterHistory.java[FilterHistory[Builder^keywords" StructureKind="java"/><InteractionEvent Delta="null" EndDate="2014-10-14 10:16:54.229 JST" Interest="961.989" Kind="propagation" Navigation="org.eclipse.mylyn.core.model.edges.containment" OriginId="org.eclipse.mylyn.core.model.interest.propagation" StartDate="2014-10-14 08:17:34.738 JST" StructureHandle="/TA2/src/ta2" StructureKind="resource" NumEvents="967" CreationCount="8"/><InteractionEvent Delta="null" EndDate="2014-10-14 08:21:31.60 JST" Interest="1.0" Kind="selection" Navigation="null" OriginId="org.eclipse.jdt.ui.PackageExplorer" StartDate="2014-10-14 08:21:31.60 JST" StructureHandle="/TA2/res/menu/menu_actv_memo.xml" StructureKind="resource"/><InteractionEvent Delta="null" EndDate="2014-10-14 09:31:05.154 JST" Interest="20.488" Kind="manipulation" Navigation="null" OriginId="org.eclipse.mylyn.core.model.interest.decay.correction" StartDate="2014-10-14 09:31:05.154 JST" StructureHandle="/TA2/src/ta2/main/MemoActv.java" StructureKind="resource"/><InteractionEvent Delta="null" EndDate="2014-10-14 09:31:05.154 JST" Interest="2.0" Kind="propagation" Navigation="null" OriginId="org.eclipse.search.ui.views.SearchView" StartDate="2014-10-14 08:17:54.80 JST" StructureHandle="/TA2/src/ta2/main/MemoActv.java" StructureKind="resource" NumEvents="2" CreationCount="13"/><InteractionEvent Delta="null" EndDate="2014-10-14 08:27:57.353 JST" Interest="1.0" Kind="selection" Navigation="null" OriginId="org.eclipse.jdt.ui.PackageExplorer" StartDate="2014-10-14 08:27:57.353 JST" StructureHandle="=TA2/src&amp;lt;ta2.services" StructureKind="java"/><InteractionEvent Delta="null" EndDate="2014-10-14 10:09:56.787 JST" Interest="11.452" Kind="propagation" Navigation="org.eclipse.mylyn.core.model.edges.containment" OriginId="org.eclipse.mylyn.core.model.interest.propagation" StartDate="2014-10-14 09:38:44.604 JST" StructureHandle="=TA2/src&amp;lt;ta2.utils{CONS.java[CONS[Admin" StructureKind="java" NumEvents="8" CreationCount="1486"/><InteractionEvent Delta="null" EndDate="2014-10-14 09:30:54.445 JST" Interest="2.7000003" Kind="propagation" Navigation="org.eclipse.mylyn.core.model.edges.containment" OriginId="org.eclipse.mylyn.core.model.interest.propagation" StartDate="2014-10-14 09:30:52.282 JST" StructureHandle="=IFM11/src&amp;lt;ifm11.utils{CONS.java[CONS" StructureKind="java" NumEvents="3" CreationCount="1270"/><InteractionEvent Delta="null" EndDate="2014-10-14 09:18:25.705 JST" Interest="27.482" Kind="propagation" Navigation="org.eclipse.mylyn.core.model.edges.containment" OriginId="org.eclipse.mylyn.core.model.interest.propagation" StartDate="2014-10-14 08:17:39.273 JST" StructureHandle="=TA2/src&amp;lt;ta2.main{ShowListActv.java[ShowListActv" StructureKind="java" NumEvents="37" CreationCount="12"/><InteractionEvent Delta="null" EndDate="2014-10-14 09:18:32.720 JST" Interest="1.0" Kind="selection" Navigation="null" OriginId="org.eclipse.jdt.ui.PackageExplorer" StartDate="2014-10-14 09:18:32.720 JST" StructureHandle="=TA2/src&amp;lt;ta2.main{ShowListActv.java[ShowListActv" StructureKind="java"/><InteractionEvent Delta="null" EndDate="2014-10-14 09:15:37.312 JST" Interest="1.0" Kind="propagation" Navigation="null" OriginId="org.eclipse.mylyn.resources.ui.interest.updater" StartDate="2014-10-14 09:15:37.312 JST" StructureHandle="/TA2/bin/res" StructureKind="resource"/><InteractionEvent Delta="null" EndDate="2014-10-14 08:46:22.556 JST" Interest="1.0" Kind="selection" Navigation="null" OriginId="org.eclipse.ui.views.ContentOutline" StartDate="2014-10-14 08:46:22.556 JST" StructureHandle="=TA2/src&amp;lt;ta2.utils{CONS.java%ta2.utils" StructureKind="java"/><InteractionEvent Delta="null" EndDate="2014-10-14 10:16:20.198 JST" Interest="23.0" Kind="prediction" Navigation="null" OriginId="org.eclipse.mylyn.resources.ui.interest.updater" StartDate="2014-10-14 08:25:26.14 JST" StructureHandle="/TA2/bin/TA2.apk" StructureKind="resource" NumEvents="23" CreationCount="240"/><InteractionEvent Delta="null" EndDate="2014-10-14 08:50:30.293 JST" Interest="9.237999" Kind="propagation" Navigation="org.eclipse.mylyn.core.model.edges.containment" OriginId="org.eclipse.mylyn.core.model.interest.propagation" StartDate="2014-10-14 08:46:54.420 JST" StructureHandle="=TA2/src&amp;lt;ta2.utils{CONS.java[CONS[ShowListActv" StructureKind="java" NumEvents="12" CreationCount="389"/><InteractionEvent Delta="null" EndDate="2014-10-14 09:33:22.1 JST" Interest="20.0" Kind="edit" Navigation="null" OriginId="org.eclipse.jdt.ui.CompilationUnitEditor" StartDate="2014-10-14 08:46:26.351 JST" StructureHandle="=TA2/src&amp;lt;ta2.utils{CONS.java[CONS[ShowListActv" StructureKind="java" NumEvents="20" CreationCount="389"/><InteractionEvent Delta="null" EndDate="2014-10-14 09:33:23.597 JST" Interest="8.0" Kind="selection" Navigation="null" OriginId="org.eclipse.jdt.ui.CompilationUnitEditor" StartDate="2014-10-14 08:46:26.254 JST" StructureHandle="=TA2/src&amp;lt;ta2.utils{CONS.java[CONS[ShowListActv" StructureKind="java" NumEvents="8" CreationCount="389"/><InteractionEvent Delta="null" EndDate="2014-10-14 09:16:07.987 JST" Interest="1.0" Kind="propagation" Navigation="org.eclipse.mylyn.core.model.edges.containment" OriginId="org.eclipse.mylyn.core.model.interest.propagation" StartDate="2014-10-14 09:16:07.987 JST" StructureHandle="/TA2/bin/dexedLibs" StructureKind="resource"/><InteractionEvent Delta="null" EndDate="2014-10-14 08:27:57.353 JST" Interest="1.0" Kind="propagation" Navigation="null" OriginId="org.eclipse.jdt.ui.PackageExplorer" StartDate="2014-10-14 08:27:57.353 JST" StructureHandle="/TA2/src/ta2/services" StructureKind="resource"/><InteractionEvent Delta="null" EndDate="2014-10-14 09:32:05.290 JST" Interest="9.891001" Kind="manipulation" Navigation="null" OriginId="org.eclipse.mylyn.core.model.interest.decay.correction" StartDate="2014-10-14 09:16:50.600 JST" StructureHandle="=TA2/src&amp;lt;ta2.utils{CONS.java[CONS[ShowListActv^list_Memos" StructureKind="java" NumEvents="2" CreationCount="395"/><InteractionEvent Delta="null" EndDate="2014-10-14 09:16:50.615 JST" Interest="4.0" Kind="edit" Navigation="null" OriginId="org.eclipse.jdt.ui.CompilationUnitEditor" StartDate="2014-10-14 08:46:30.238 JST" StructureHandle="=TA2/src&amp;lt;ta2.utils{CONS.java[CONS[ShowListActv^list_Memos" StructureKind="java" NumEvents="4" CreationCount="395"/><InteractionEvent Delta="null" EndDate="2014-10-14 09:32:40.641 JST" Interest="5.0" Kind="selection" Navigation="null" OriginId="org.eclipse.jdt.ui.CompilationUnitEditor" StartDate="2014-10-14 08:46:30.222 JST" StructureHandle="=TA2/src&amp;lt;ta2.utils{CONS.java[CONS[ShowListActv^list_Memos" StructureKind="java" NumEvents="5" CreationCount="395"/><InteractionEvent Delta="null" EndDate="2014-10-14 09:34:01.403 JST" Interest="19.051" Kind="propagation" Navigation="org.eclipse.mylyn.core.model.edges.containment" OriginId="org.eclipse.mylyn.core.model.interest.propagation" StartDate="2014-10-14 09:31:12.212 JST" StructureHandle="=TA2/src&amp;lt;ta2.main{MemoEditActv.java" StructureKind="java" NumEvents="31" CreationCount="1278"/><InteractionEvent Delta="null" EndDate="2014-10-14 10:09:42.391 JST" Interest="8.0" Kind="selection" Navigation="null" OriginId="org.eclipse.jdt.ui.CompilationUnitEditor" StartDate="2014-10-14 09:31:08.392 JST" StructureHandle="=TA2/src&amp;lt;ta2.main{MemoEditActv.java" StructureKind="java" NumEvents="8" CreationCount="1278"/><InteractionEvent Delta="null" EndDate="2014-10-14 10:15:43.842 JST" Interest="104.072" Kind="propagation" Navigation="org.eclipse.mylyn.core.model.edges.containment" OriginId="org.eclipse.mylyn.core.model.interest.propagation" StartDate="2014-10-14 08:48:11.796 JST" StructureHandle="=TA2/src&amp;lt;ta2.utils{DBUtils.java" StructureKind="java" NumEvents="149" CreationCount="463"/><InteractionEvent Delta="null" EndDate="2014-10-14 10:15:03.290 JST" Interest="15.0" Kind="selection" Navigation="null" OriginId="org.eclipse.jdt.ui.CompilationUnitEditor" StartDate="2014-10-14 08:48:10.836 JST" StructureHandle="=TA2/src&amp;lt;ta2.utils{DBUtils.java" StructureKind="java" NumEvents="15" CreationCount="463"/><InteractionEvent Delta="null" EndDate="2014-10-14 09:30:54.446 JST" Interest="4.017" Kind="propagation" Navigation="org.eclipse.mylyn.core.model.edges.containment" OriginId="org.eclipse.mylyn.core.model.interest.propagation" StartDate="2014-10-14 09:30:47.379 JST" StructureHandle="=IFM11" StructureKind="resource" NumEvents="5" CreationCount="1268"/><InteractionEvent Delta="null" EndDate="2014-10-14 08:47:23.236 JST" Interest="11.0" Kind="edit" Navigation="null" OriginId="com.android.ide.eclipse.editors.CommonXmlEditor" StartDate="2014-10-14 08:18:01.324 JST" StructureHandle="/TA2/res/values/strings.xml" StructureKind="resource" NumEvents="11" CreationCount="16"/><InteractionEvent Delta="null" EndDate="2014-10-14 08:47:22.837 JST" Interest="5.0" Kind="selection" Navigation="null" OriginId="com.android.ide.eclipse.editors.CommonXmlEditor" StartDate="2014-10-14 08:18:00.77 JST" StructureHandle="/TA2/res/values/strings.xml" StructureKind="resource" NumEvents="5" CreationCount="16"/><InteractionEvent Delta="null" EndDate="2014-10-14 08:56:50.319 JST" Interest="6.0" Kind="edit" Navigation="null" OriginId="org.eclipse.jdt.ui.CompilationUnitEditor" StartDate="2014-10-14 08:50:34.981 JST" StructureHandle="=TA2/src&amp;lt;ta2.utils{CONS.java[CONS[DB^col_names_FilterHistory_full" StructureKind="java" NumEvents="6" CreationCount="548"/><InteractionEvent Delta="null" EndDate="2014-10-14 08:57:21.975 JST" Interest="7.0" Kind="selection" Navigation="null" OriginId="org.eclipse.ui.views.ContentOutline" StartDate="2014-10-14 08:50:34.429 JST" StructureHandle="=TA2/src&amp;lt;ta2.utils{CONS.java[CONS[DB^col_names_FilterHistory_full" StructureKind="java" NumEvents="7" CreationCount="548"/><InteractionEvent Delta="null" EndDate="2014-10-14 10:16:54.229 JST" Interest="600.0" Kind="propagation" Navigation="null" OriginId="org.eclipse.jdt.ui.CompilationUnitEditor" StartDate="2014-10-14 08:20:35.738 JST" StructureHandle="/TA2/src/ta2/utils/Methods_dlg.java" StructureKind="resource" NumEvents="600" CreationCount="125"/><InteractionEvent Delta="null" EndDate="2014-10-14 09:04:04.903 JST" Interest="7.4" Kind="propagation" Navigation="org.eclipse.mylyn.core.model.edges.containment" OriginId="org.eclipse.mylyn.core.model.interest.propagation" StartDate="2014-10-14 08:57:30.756 JST" StructureHandle="=TA2/src&amp;lt;ta2.utils{CONS.java[CONS[Enums" StructureKind="java" NumEvents="8" CreationCount="711"/><InteractionEvent Delta="null" EndDate="2014-10-14 10:16:54.232 JST" Interest="1937.017" Kind="propagation" Navigation="null" OriginId="org.eclipse.jdt.ui.CompilationUnitEditor" StartDate="2014-10-14 08:17:18.692 JST" StructureHandle="/" StructureKind="resource" NumEvents="1938" CreationCount="1"/><InteractionEvent Delta="null" EndDate="2014-10-14 09:20:23.58 JST" Interest="9.0" Kind="selection" Navigation="null" OriginId="org.eclipse.jdt.ui.PackageExplorer" StartDate="2014-10-14 09:18:44.822 JST" StructureHandle="/TA2/res/layout/dlg_tmpl_list_cancel.xml" StructureKind="resource" NumEvents="9" CreationCount="1122"/><InteractionEvent Delta="null" EndDate="2014-10-14 09:50:01.821 JST" Interest="18.856" Kind="manipulation" Navigation="null" OriginId="org.eclipse.mylyn.core.model.interest.decay.correction" StartDate="2014-10-14 09:50:01.821 JST" StructureHandle="=TA2/src&amp;lt;ta2.adapters{Adp_TIList.java" StructureKind="java"/><InteractionEvent Delta="null" EndDate="2014-10-14 08:43:10.291 JST" Interest="1.0" Kind="prediction" Navigation="null" OriginId="org.eclipse.mylyn.resources.ui.interest.updater" StartDate="2014-10-14 08:43:10.291 JST" StructureHandle="=TA2/src&amp;lt;ta2.adapters{Adp_TIList.java" StructureKind="java"/><InteractionEvent Delta="null" EndDate="2014-10-14 09:50:01.821 JST" Interest="1.0" Kind="selection" Navigation="null" OriginId="org.eclipse.jdt.ui.PackageExplorer" StartDate="2014-10-14 09:50:01.821 JST" StructureHandle="=TA2/src&amp;lt;ta2.adapters{Adp_TIList.java" StructureKind="java"/><InteractionEvent Delta="null" EndDate="2014-10-14 09:39:14.304 JST" Interest="1.0" Kind="edit" Navigation="null" OriginId="org.eclipse.jdt.ui.CompilationUnitEditor" StartDate="2014-10-14 09:39:14.304 JST" StructureHandle="=TA2/src&amp;lt;ta2.utils{CONS.java[CONS[Admin^ratio_Dialog_to_Screen_W" StructureKind="java"/><InteractionEvent Delta="null" EndDate="2014-10-14 09:38:44.604 JST" Interest="1.0" Kind="selection" Navigation="null" OriginId="org.eclipse.jdt.ui.CompilationUnitEditor" StartDate="2014-10-14 09:38:44.604 JST" StructureHandle="=TA2/src&amp;lt;ta2.utils{CONS.java[CONS[Admin^ratio_Dialog_to_Screen_W" StructureKind="java"/><InteractionEvent Delta="null" EndDate="2014-10-14 10:08:33.697 JST" Interest="16.877003" Kind="manipulation" Navigation="null" OriginId="org.eclipse.mylyn.core.model.interest.decay.correction" StartDate="2014-10-14 09:20:23.213 JST" StructureHandle="/TA2/res/layout/dlg_tmpl_cancel_lv.xml" StructureKind="resource" NumEvents="2" CreationCount="151"/><InteractionEvent Delta="null" EndDate="2014-10-14 10:08:36.489 JST" Interest="2.0" Kind="edit" Navigation="null" OriginId="com.android.ide.eclipse.editors.CommonXmlEditor" StartDate="2014-10-14 08:21:51.250 JST" StructureHandle="/TA2/res/layout/dlg_tmpl_cancel_lv.xml" StructureKind="resource" NumEvents="2" CreationCount="151"/><InteractionEvent Delta="null" EndDate="2014-10-14 10:15:48.647 JST" Interest="18.0" Kind="selection" Navigation="null" OriginId="com.android.ide.eclipse.editors.CommonXmlEditor" StartDate="2014-10-14 08:21:49.3 JST" StructureHandle="/TA2/res/layout/dlg_tmpl_cancel_lv.xml" StructureKind="resource" NumEvents="18" CreationCount="151"/><InteractionEvent Delta="null" EndDate="2014-10-14 09:16:07.986 JST" Interest="1.0" Kind="propagation" Navigation="null" OriginId="org.eclipse.mylyn.resources.ui.interest.updater" StartDate="2014-10-14 09:16:07.986 JST" StructureHandle="/TA2/bin/dexedLibs/android-support-v4-2c6d411d00e9f139482cae35f246af4c.jar" StructureKind="resource"/><InteractionEvent Delta="null" EndDate="2014-10-14 08:57:30.863 JST" Interest="2.0" Kind="selection" Navigation="null" OriginId="org.eclipse.jdt.ui.CompilationUnitEditor" StartDate="2014-10-14 08:57:22.684 JST" StructureHandle="=TA2/src&amp;lt;ta2.utils{CONS.java[CONS[DB^col_types_Admin_full" StructureKind="java" NumEvents="2" CreationCount="710"/><InteractionEvent Delta="null" EndDate="2014-10-14 09:16:07.987 JST" Interest="15.552001" Kind="propagation" Navigation="org.eclipse.mylyn.core.model.edges.containment" OriginId="org.eclipse.mylyn.core.model.interest.propagation" StartDate="2014-10-14 08:25:26.15 JST" StructureHandle="/TA2/bin" StructureKind="resource" NumEvents="4" CreationCount="240"/><InteractionEvent Delta="null" EndDate="2014-10-14 10:06:27.62 JST" Interest="7.915002" Kind="manipulation" Navigation="null" OriginId="org.eclipse.mylyn.core.model.interest.decay.correction" StartDate="2014-10-14 10:06:27.62 JST" StructureHandle="=TA2/src&amp;lt;ta2.items{FilterHistory.java" StructureKind="java"/><InteractionEvent Delta="null" EndDate="2014-10-14 10:08:50.878 JST" Interest="10.303999" Kind="propagation" Navigation="org.eclipse.mylyn.core.model.edges.containment" OriginId="org.eclipse.mylyn.core.model.interest.propagation" StartDate="2014-10-14 08:52:59.513 JST" StructureHandle="=TA2/src&amp;lt;ta2.items{FilterHistory.java" StructureKind="java" NumEvents="21" CreationCount="612"/><InteractionEvent Delta="null" EndDate="2014-10-14 08:53:49.857 JST" Interest="1.0" Kind="edit" Navigation="null" OriginId="org.eclipse.jdt.ui.CompilationUnitEditor" StartDate="2014-10-14 08:53:49.857 JST" StructureHandle="=TA2/src&amp;lt;ta2.items{FilterHistory.java" StructureKind="java"/><InteractionEvent Delta="null" EndDate="2014-10-14 10:09:51.760 JST" Interest="14.0" Kind="selection" Navigation="null" OriginId="org.eclipse.jdt.ui.CompilationUnitEditor" StartDate="2014-10-14 08:52:58.668 JST" StructureHandle="=TA2/src&amp;lt;ta2.items{FilterHistory.java" StructureKind="java" NumEvents="14" CreationCount="612"/><InteractionEvent Delta="null" EndDate="2014-10-14 10:16:54.230 JST" Interest="349.25302" Kind="propagation" Navigation="org.eclipse.mylyn.core.model.edges.containment" OriginId="org.eclipse.mylyn.core.model.interest.propagation" StartDate="2014-10-14 08:20:37.247 JST" StructureHandle="=TA2/src&amp;lt;ta2.utils{Methods_dlg.java" StructureKind="java" NumEvents="504" CreationCount="125"/><InteractionEvent Delta="null" EndDate="2014-10-14 10:15:57.361 JST" Interest="38.0" Kind="selection" Navigation="null" OriginId="org.eclipse.jdt.ui.CompilationUnitEditor" StartDate="2014-10-14 08:20:35.737 JST" StructureHandle="=TA2/src&amp;lt;ta2.utils{Methods_dlg.java" StructureKind="java" NumEvents="38" CreationCount="125"/><InteractionEvent Delta="null" EndDate="2014-10-14 08:20:06.520 JST" Interest="23.515999" Kind="propagation" Navigation="org.eclipse.mylyn.core.model.edges.containment" OriginId="org.eclipse.mylyn.core.model.interest.propagation" StartDate="2014-10-14 08:19:14.624 JST" StructureHandle="=TA2/src&amp;lt;ta2.main{ShowListActv.java" StructureKind="java" NumEvents="35" CreationCount="10"/><InteractionEvent Delta="null" EndDate="2014-10-14 09:18:33.218 JST" Interest="6.0" Kind="selection" Navigation="null" OriginId="org.eclipse.jdt.ui.PackageExplorer" StartDate="2014-10-14 08:17:37.250 JST" StructureHandle="=TA2/src&amp;lt;ta2.main{ShowListActv.java" StructureKind="java" NumEvents="6" CreationCount="10"/><InteractionEvent Delta="null" EndDate="2014-10-14 10:06:34.890 JST" Interest="1.0" Kind="selection" Navigation="null" OriginId="org.eclipse.jdt.ui.CompilationUnitEditor" StartDate="2014-10-14 10:06:34.890 JST" StructureHandle="=TA2/src&amp;lt;ta2.items{FilterHistory.java[FilterHistory[Builder^op_label" StructureKind="java"/><InteractionEvent Delta="null" EndDate="2014-10-14 10:09:42.872 JST" Interest="137.017" Kind="propagation" Navigation="null" OriginId="org.eclipse.jdt.ui.CompilationUnitEditor" StartDate="2014-10-14 08:17:35.542 JST" StructureHandle="/TA2/src/ta2/main" StructureKind="resource" NumEvents="139" CreationCount="9"/><InteractionEvent Delta="null" EndDate="2014-10-14 10:15:43.841 JST" Interest="114.05499" Kind="propagation" Navigation="org.eclipse.mylyn.core.model.edges.containment" OriginId="org.eclipse.mylyn.core.model.interest.propagation" StartDate="2014-10-14 08:48:21.322 JST" StructureHandle="=TA2/src&amp;lt;ta2.utils{DBUtils.java[DBUtils" StructureKind="java" NumEvents="158" CreationCount="464"/><InteractionEvent Delta="null" EndDate="2014-10-14 09:13:04.882 JST" Interest="5.0" Kind="selection" Navigation="null" OriginId="org.eclipse.jdt.ui.PackageExplorer" StartDate="2014-10-14 08:48:11.794 JST" StructureHandle="=TA2/src&amp;lt;ta2.utils{DBUtils.java[DBUtils" StructureKind="java" NumEvents="5" CreationCount="464"/><InteractionEvent Delta="null" EndDate="2014-10-14 10:15:43.840 JST" Interest="144.0" Kind="edit" Navigation="null" OriginId="org.eclipse.jdt.ui.CompilationUnitEditor" StartDate="2014-10-14 08:48:42.596 JST" StructureHandle="=TA2/src&amp;lt;ta2.utils{DBUtils.java[DBUtils~find_All_FS~QActivity;~QCONS.Enums.SortOrder;~I" StructureKind="java" NumEvents="144" CreationCount="479"/><InteractionEvent Delta="null" EndDate="2014-10-14 10:15:03.545 JST" Interest="18.0" Kind="selection" Navigation="null" OriginId="org.eclipse.jdt.ui.CompilationUnitEditor" StartDate="2014-10-14 08:48:34.319 JST" StructureHandle="=TA2/src&amp;lt;ta2.utils{DBUtils.java[DBUtils~find_All_FS~QActivity;~QCONS.Enums.SortOrder;~I" StructureKind="java" NumEvents="18" CreationCount="479"/><InteractionEvent Delta="null" EndDate="2014-10-14 08:29:08.327 JST" Interest="2.0" Kind="selection" Navigation="null" OriginId="org.eclipse.jdt.ui.PackageExplorer" StartDate="2014-10-14 08:28:31.52 JST" StructureHandle="/TA2/res/drawable/menu_icon_admin_32x32_purple.png" StructureKind="resource" NumEvents="2" CreationCount="266"/><InteractionEvent Delta="null" EndDate="2014-10-14 08:17:27.928 JST" Interest="2.0" Kind="selection" Navigation="null" OriginId="org.eclipse.jdt.ui.PackageExplorer" StartDate="2014-10-14 08:17:21.106 JST" StructureHandle="=SL3/src&amp;lt;sl.main" StructureKind="java" NumEvents="2" CreationCount="2"/><InteractionEvent Delta="null" EndDate="2014-10-14 08:47:21.759 JST" Interest="62.0" Kind="edit" Navigation="null" OriginId="com.android.ide.eclipse.editors.CommonXmlEditor" StartDate="2014-10-14 08:18:25.680 JST" StructureHandle="/TA2/res/menu/menu_actv_showlist.xml" StructureKind="resource" NumEvents="62" CreationCount="30"/><InteractionEvent Delta="null" EndDate="2014-10-14 08:47:21.503 JST" Interest="9.0" Kind="selection" Navigation="null" OriginId="com.android.ide.eclipse.editors.CommonXmlEditor" StartDate="2014-10-14 08:18:25.252 JST" StructureHandle="/TA2/res/menu/menu_actv_showlist.xml" StructureKind="resource" NumEvents="9" CreationCount="30"/><InteractionEvent Delta="null" EndDate="2014-10-14 08:21:41.463 JST" Interest="1.0570002" Kind="manipulation" Navigation="null" OriginId="org.eclipse.mylyn.core.model.interest.decay.correction" StartDate="2014-10-14 08:21:41.463 JST" StructureHandle="/TA2/res/layout" StructureKind="resource"/><InteractionEvent Delta="null" EndDate="2014-10-14 10:15:45.166 JST" Interest="42.979" Kind="propagation" Navigation="org.eclipse.mylyn.core.model.edges.containment" OriginId="org.eclipse.mylyn.core.model.interest.propagation" StartDate="2014-10-14 08:21:49.3 JST" StructureHandle="/TA2/res/layout" StructureKind="resource" NumEvents="55" CreationCount="28"/><InteractionEvent Delta="null" EndDate="2014-10-14 09:26:50.258 JST" Interest="10.0" Kind="selection" Navigation="null" OriginId="org.eclipse.jdt.ui.PackageExplorer" StartDate="2014-10-14 08:18:21.536 JST" StructureHandle="/TA2/res/layout" StructureKind="resource" NumEvents="10" CreationCount="28"/><InteractionEvent Delta="null" EndDate="2014-10-14 08:17:27.929 JST" Interest="2.0" Kind="propagation" Navigation="null" OriginId="org.eclipse.jdt.ui.PackageExplorer" StartDate="2014-10-14 08:17:21.106 JST" StructureHandle="/SL3/src/sl/main" StructureKind="resource" NumEvents="2" CreationCount="2"/><InteractionEvent Delta="null" EndDate="2014-10-14 10:06:29.437 JST" Interest="13.195002" Kind="manipulation" Navigation="null" OriginId="org.eclipse.mylyn.core.model.interest.decay.correction" StartDate="2014-10-14 10:06:29.437 JST" StructureHandle="=TA2/src&amp;lt;ta2.items{FilterHistory.java[FilterHistory[Builder~setOp_label~QString;" StructureKind="java"/><InteractionEvent Delta="null" EndDate="2014-10-14 10:06:32.447 JST" Interest="5.0" Kind="edit" Navigation="null" OriginId="org.eclipse.jdt.ui.CompilationUnitEditor" StartDate="2014-10-14 08:55:57.759 JST" StructureHandle="=TA2/src&amp;lt;ta2.items{FilterHistory.java[FilterHistory[Builder~setOp_label~QString;" StructureKind="java" NumEvents="5" CreationCount="679"/><InteractionEvent Delta="null" EndDate="2014-10-14 10:06:29.437 JST" Interest="5.0" Kind="selection" Navigation="null" OriginId="org.eclipse.jdt.ui.CompilationUnitEditor" StartDate="2014-10-14 08:55:56.250 JST" StructureHandle="=TA2/src&amp;lt;ta2.items{FilterHistory.java[FilterHistory[Builder~setOp_label~QString;" StructureKind="java" NumEvents="5" CreationCount="679"/><InteractionEvent Delta="null" EndDate="2014-10-14 08:47:21.761 JST" Interest="50.416996" Kind="propagation" Navigation="org.eclipse.mylyn.core.model.edges.containment" OriginId="org.eclipse.mylyn.core.model.interest.propagation" StartDate="2014-10-14 08:18:25.252 JST" StructureHandle="/TA2/res/menu" StructureKind="resource" NumEvents="71" CreationCount="29"/><InteractionEvent Delta="null" EndDate="2014-10-14 08:39:57.285 JST" Interest="2.0" Kind="selection" Navigation="null" OriginId="org.eclipse.jdt.ui.PackageExplorer" StartDate="2014-10-14 08:18:22.200 JST" StructureHandle="/TA2/res/menu" StructureKind="resource" NumEvents="2" CreationCount="29"/><InteractionEvent Delta="null" EndDate="2014-10-14 09:15:37.317 JST" Interest="3.0" Kind="propagation" Navigation="null" OriginId="org.eclipse.mylyn.resources.ui.interest.updater" StartDate="2014-10-14 09:15:37.312 JST" StructureHandle="/TA2/gen/ta2/main" StructureKind="resource" NumEvents="3" CreationCount="1091"/><InteractionEvent Delta="null" EndDate="2014-10-14 08:58:41.398 JST" Interest="1.0" Kind="selection" Navigation="null" OriginId="org.eclipse.jdt.ui.PackageExplorer" StartDate="2014-10-14 08:58:41.398 JST" StructureHandle="=TA2/src&amp;lt;ta2.main{ImageActv.java" StructureKind="java"/><InteractionEvent Delta="null" EndDate="2014-10-14 08:19:58.698 JST" Interest="5.0" Kind="edit" Navigation="null" OriginId="org.eclipse.jdt.ui.CompilationUnitEditor" StartDate="2014-10-14 08:19:51.422 JST" StructureHandle="=TA2/src&amp;lt;ta2.main{ShowListActv.java[ShowListActv~case_OPT_Filter" StructureKind="java" NumEvents="5" CreationCount="91"/><InteractionEvent Delta="null" EndDate="2014-10-14 08:19:51.413 JST" Interest="2.0" Kind="selection" Navigation="null" OriginId="org.eclipse.jdt.ui.CompilationUnitEditor" StartDate="2014-10-14 08:19:51.408 JST" StructureHandle="=TA2/src&amp;lt;ta2.main{ShowListActv.java[ShowListActv~case_OPT_Filter" StructureKind="java" NumEvents="2" CreationCount="91"/><InteractionEvent Delta="null" EndDate="2014-10-14 09:15:37.317 JST" Interest="1.0" Kind="propagation" Navigation="null" OriginId="org.eclipse.mylyn.resources.ui.interest.updater" StartDate="2014-10-14 09:15:37.317 JST" StructureHandle="/TA2/gen/ta2/main/R.java" StructureKind="resource"/><InteractionEvent Delta="null" EndDate="2014-10-14 10:09:58.181 JST" Interest="424.0" Kind="propagation" Navigation="null" OriginId="org.eclipse.jdt.ui.CompilationUnitEditor" StartDate="2014-10-14 08:58:58.391 JST" StructureHandle="/TA2/src/ta2/adapters/Adp_FHs.java" StructureKind="resource" NumEvents="424" CreationCount="743"/><InteractionEvent Delta="null" EndDate="2014-10-14 10:01:27.365 JST" Interest="1.0" Kind="selection" Navigation="null" OriginId="org.eclipse.jdt.ui.CompilationUnitEditor" StartDate="2014-10-14 10:01:27.365 JST" StructureHandle="=TA2/src&amp;lt;ta2.utils{DBUtils.java[DBUtils~find_All_Memos_conditions~QActivity;~QCONS.Enums.SortOrder;~QString;~\[QString;" StructureKind="java"/><InteractionEvent Delta="null" EndDate="2014-10-14 09:31:12.231 JST" Interest="1.0" Kind="edit" Navigation="null" OriginId="org.eclipse.jdt.ui.CompilationUnitEditor" StartDate="2014-10-14 09:31:12.231 JST" StructureHandle="=TA2/src&amp;lt;ta2.main{MemoEditActv.java[MemoEditActv~_Setup_List_2" StructureKind="java"/><InteractionEvent Delta="null" EndDate="2014-10-14 09:31:12.211 JST" Interest="1.0" Kind="selection" Navigation="null" OriginId="org.eclipse.jdt.ui.CompilationUnitEditor" StartDate="2014-10-14 09:31:12.211 JST" StructureHandle="=TA2/src&amp;lt;ta2.main{MemoEditActv.java[MemoEditActv~_Setup_List_2" StructureKind="java"/><InteractionEvent Delta="null" EndDate="2014-10-14 08:40:54.392 JST" Interest="1.0" Kind="propagation" Navigation="null" OriginId="org.eclipse.mylyn.resources.ui.interest.updater" StartDate="2014-10-14 08:40:54.392 JST" StructureHandle="/TA2/res/layout/list_row_filter_history.xml" StructureKind="resource"/><InteractionEvent Delta="null" EndDate="2014-10-14 08:44:07.627 JST" Interest="34.0" Kind="edit" Navigation="null" OriginId="com.android.ide.eclipse.editors.CommonXmlEditor" StartDate="2014-10-14 08:41:30.938 JST" StructureHandle="/TA2/res/layout/list_row_filter_history.xml" StructureKind="resource" NumEvents="34" CreationCount="336"/><InteractionEvent Delta="null" EndDate="2014-10-14 10:15:45.166 JST" Interest="24.0" Kind="selection" Navigation="null" OriginId="com.android.ide.eclipse.editors.CommonXmlEditor" StartDate="2014-10-14 08:40:56.906 JST" StructureHandle="/TA2/res/layout/list_row_filter_history.xml" StructureKind="resource" NumEvents="24" CreationCount="336"/><InteractionEvent Delta="null" EndDate="2014-10-14 08:39:59.799 JST" Interest="1.0" Kind="selection" Navigation="null" OriginId="org.eclipse.jdt.ui.PackageExplorer" StartDate="2014-10-14 08:39:59.799 JST" StructureHandle="/TA2/res/drawable-xhdpi" StructureKind="resource"/><InteractionEvent Delta="null" EndDate="2014-10-14 09:30:53.742 JST" Interest="1.0" Kind="edit" Navigation="null" OriginId="org.eclipse.jdt.ui.CompilationUnitEditor" StartDate="2014-10-14 09:30:53.742 JST" StructureHandle="=IFM11/src&amp;lt;ifm11.utils{CONS.java[CONS[Admin^ratio_Dialog_to_Screen_W" StructureKind="java"/><InteractionEvent Delta="null" EndDate="2014-10-14 09:30:52.281 JST" Interest="1.0" Kind="selection" Navigation="null" OriginId="org.eclipse.jdt.ui.CompilationUnitEditor" StartDate="2014-10-14 09:30:52.281 JST" StructureHandle="=IFM11/src&amp;lt;ifm11.utils{CONS.java[CONS[Admin^ratio_Dialog_to_Screen_W" StructureKind="java"/><InteractionEvent Delta="null" EndDate="2014-10-14 09:57:17.715 JST" Interest="23.0" Kind="edit" Navigation="null" OriginId="org.eclipse.jdt.ui.CompilationUnitEditor" StartDate="2014-10-14 09:56:32.663 JST" StructureHandle="=TA2/src&amp;lt;ta2.adapters{Adp_FHs.java[Adp_FHs~_Setup_Views__TV_Keywords~QView;~QFilterHistory;" StructureKind="java" NumEvents="23" CreationCount="1657"/><InteractionEvent Delta="null" EndDate="2014-10-14 09:59:41.938 JST" Interest="4.0" Kind="selection" Navigation="null" OriginId="org.eclipse.jdt.ui.CompilationUnitEditor" StartDate="2014-10-14 09:56:29.0 JST" StructureHandle="=TA2/src&amp;lt;ta2.adapters{Adp_FHs.java[Adp_FHs~_Setup_Views__TV_Keywords~QView;~QFilterHistory;" StructureKind="java" NumEvents="4" CreationCount="1657"/><InteractionEvent Delta="null" EndDate="2014-10-14 10:09:55.848 JST" Interest="31.301996" Kind="propagation" Navigation="org.eclipse.mylyn.core.model.edges.containment" OriginId="org.eclipse.mylyn.core.model.interest.propagation" StartDate="2014-10-14 09:13:15.844 JST" StructureHandle="=TA2/src&amp;lt;ta2.adapters{Adp_MemoList.java[Adp_MemoList" StructureKind="java" NumEvents="45" CreationCount="1047"/><InteractionEvent Delta="null" EndDate="2014-10-14 09:13:31.152 JST" Interest="1.0" Kind="selection" Navigation="null" OriginId="org.eclipse.jdt.ui.CompilationUnitEditor" StartDate="2014-10-14 09:13:31.152 JST" StructureHandle="=TA2/src&amp;lt;ta2.adapters{Adp_MemoList.java[Adp_MemoList" StructureKind="java"/><InteractionEvent Delta="null" EndDate="2014-10-14 08:53:51.884 JST" Interest="2.0" Kind="selection" Navigation="null" OriginId="org.eclipse.jdt.ui.CompilationUnitEditor" StartDate="2014-10-14 08:53:47.610 JST" StructureHandle="=TA2/src&amp;lt;ta2.items{FilterHistory.java[FilterHistory^op_label" StructureKind="java" NumEvents="2" CreationCount="640"/><InteractionEvent Delta="null" EndDate="2014-10-14 08:48:40.384 JST" Interest="16.0" Kind="edit" Navigation="null" OriginId="org.eclipse.jdt.ui.CompilationUnitEditor" StartDate="2014-10-14 08:46:35.7 JST" StructureHandle="=TA2/src&amp;lt;ta2.utils{CONS.java[CONS[ShowListActv^list_FS" StructureKind="java" NumEvents="16" CreationCount="403"/><InteractionEvent Delta="null" EndDate="2014-10-14 08:50:30.291 JST" Interest="4.0" Kind="selection" Navigation="null" OriginId="org.eclipse.ui.views.ContentOutline" StartDate="2014-10-14 08:46:35.1 JST" StructureHandle="=TA2/src&amp;lt;ta2.utils{CONS.java[CONS[ShowListActv^list_FS" StructureKind="java" NumEvents="4" CreationCount="403"/><InteractionEvent Delta="null" EndDate="2014-10-14 09:13:27.222 JST" Interest="2.0" Kind="edit" Navigation="null" OriginId="org.eclipse.jdt.ui.CompilationUnitEditor" StartDate="2014-10-14 09:13:25.557 JST" StructureHandle="=TA2/src&amp;lt;ta2.adapters{Adp_MemoList.java[Adp_MemoList~getView~I~QView;~QViewGroup;" StructureKind="java" NumEvents="2" CreationCount="1048"/><InteractionEvent Delta="null" EndDate="2014-10-14 09:13:23.953 JST" Interest="1.0" Kind="selection" Navigation="null" OriginId="org.eclipse.jdt.ui.CompilationUnitEditor" StartDate="2014-10-14 09:13:23.953 JST" StructureHandle="=TA2/src&amp;lt;ta2.adapters{Adp_MemoList.java[Adp_MemoList~getView~I~QView;~QViewGroup;" StructureKind="java"/><InteractionEvent Delta="null" EndDate="2014-10-14 08:17:27.929 JST" Interest="2.0" Kind="propagation" Navigation="org.eclipse.mylyn.core.model.edges.containment" OriginId="org.eclipse.mylyn.core.model.interest.propagation" StartDate="2014-10-14 08:17:21.106 JST" StructureHandle="/SL3/src/sl" StructureKind="resource" NumEvents="2" CreationCount="2"/><InteractionEvent Delta="null" EndDate="2014-10-14 09:14:44.711 JST" Interest="2.0" Kind="propagation" Navigation="null" OriginId="org.eclipse.jdt.ui.PackageExplorer" StartDate="2014-10-14 09:11:31.77 JST" StructureHandle="/TA2/src/ta2/main/PhotoActv.java" StructureKind="resource" NumEvents="2" CreationCount="1031"/><InteractionEvent Delta="null" EndDate="2014-10-14 09:31:03.258 JST" Interest="1.0" Kind="selection" Navigation="null" OriginId="org.eclipse.search.ui.views.SearchView" StartDate="2014-10-14 09:31:03.258 JST" StructureHandle="=TA2/src&amp;lt;ta2" StructureKind="java"/><InteractionEvent Delta="null" EndDate="2014-10-14 09:26:58.371 JST" Interest="1.0" Kind="selection" Navigation="null" OriginId="org.eclipse.jdt.ui.CompilationUnitEditor" StartDate="2014-10-14 09:26:58.371 JST" StructureHandle="=TA2/src&amp;lt;ta2.adapters{Adp_FHs.java[Adp_FHs^tv" StructureKind="java"/><InteractionEvent Delta="null" EndDate="2014-10-14 08:21:00.69 JST" Interest="3.0" Kind="selection" Navigation="null" OriginId="org.eclipse.jdt.ui.CompilationUnitEditor" StartDate="2014-10-14 08:20:49.423 JST" StructureHandle="=TA2/src&amp;lt;ta2.utils{Methods_dlg.java[Methods_dlg~_dlg_AddMemo_GetDialog_ImageActv_From_ShowList~QActivity;" StructureKind="java" NumEvents="3" CreationCount="129"/><InteractionEvent Delta="null" EndDate="2014-10-14 09:18:32.265 JST" Interest="1.0" Kind="selection" Navigation="null" OriginId="org.eclipse.jdt.ui.PackageExplorer" StartDate="2014-10-14 09:18:32.265 JST" StructureHandle="=TA2/src&amp;lt;ta2.main{ShowListActv.java[ShowListActv~_Setup_InitVars" StructureKind="java"/><InteractionEvent Delta="null" EndDate="2014-10-14 09:30:54.446 JST" Interest="4.017" Kind="propagation" Navigation="org.eclipse.mylyn.core.model.edges.containment" OriginId="org.eclipse.mylyn.core.model.interest.propagation" StartDate="2014-10-14 09:30:47.379 JST" StructureHandle="/IFM11/src" StructureKind="resource" NumEvents="5" CreationCount="1268"/><InteractionEvent Delta="null" EndDate="2014-10-14 09:15:37.319 JST" Interest="4.0" Kind="propagation" Navigation="null" OriginId="org.eclipse.mylyn.resources.ui.interest.updater" StartDate="2014-10-14 09:15:37.312 JST" StructureHandle="/TA2/gen/ta2" StructureKind="resource" NumEvents="4" CreationCount="1091"/><InteractionEvent Delta="null" EndDate="2014-10-14 08:48:27.27 JST" Interest="5.0" Kind="edit" Navigation="null" OriginId="org.eclipse.jdt.ui.CompilationUnitEditor" StartDate="2014-10-14 08:48:21.292 JST" StructureHandle="=TA2/src&amp;lt;ta2.utils{DBUtils.java[DBUtils~find_All_Memos~QActivity;~QCONS.Enums.SortOrder;~I" StructureKind="java" NumEvents="5" CreationCount="469"/><InteractionEvent Delta="null" EndDate="2014-10-14 08:48:31.707 JST" Interest="3.0" Kind="selection" Navigation="null" OriginId="org.eclipse.jdt.ui.CompilationUnitEditor" StartDate="2014-10-14 08:48:20.481 JST" StructureHandle="=TA2/src&amp;lt;ta2.utils{DBUtils.java[DBUtils~find_All_Memos~QActivity;~QCONS.Enums.SortOrder;~I" StructureKind="java" NumEvents="3" CreationCount="469"/><InteractionEvent Delta="null" EndDate="2014-10-14 09:30:54.446 JST" Interest="4.017" Kind="propagation" Navigation="org.eclipse.mylyn.core.model.edges.containment" OriginId="org.eclipse.mylyn.core.model.interest.propagation" StartDate="2014-10-14 09:30:47.379 JST" StructureHandle="/IFM11/src/ifm11" StructureKind="resource" NumEvents="5" CreationCount="1268"/><InteractionEvent Delta="null" EndDate="2014-10-14 08:25:04.582 JST" Interest="25.0" Kind="edit" Navigation="null" OriginId="org.eclipse.jdt.ui.CompilationUnitEditor" StartDate="2014-10-14 08:20:07.233 JST" StructureHandle="=TA2/src&amp;lt;ta2.main{ShowListActv.java[ShowListActv~case_OPT_FilterHistory" StructureKind="java" NumEvents="25" CreationCount="102"/><InteractionEvent Delta="null" EndDate="2014-10-14 08:25:02.314 JST" Interest="5.0" Kind="selection" Navigation="null" OriginId="org.eclipse.jdt.ui.CompilationUnitEditor" StartDate="2014-10-14 08:20:07.225 JST" StructureHandle="=TA2/src&amp;lt;ta2.main{ShowListActv.java[ShowListActv~case_OPT_FilterHistory" StructureKind="java" NumEvents="5" CreationCount="102"/><InteractionEvent Delta="null" EndDate="2014-10-14 08:19:17.438 JST" Interest="5.0" Kind="selection" Navigation="null" OriginId="org.eclipse.jdt.ui.CompilationUnitEditor" StartDate="2014-10-14 08:17:39.273 JST" StructureHandle="=TA2/src&amp;lt;ta2.main{ShowListActv.java[ShowListActv~onStart" StructureKind="java" NumEvents="5" CreationCount="12"/><InteractionEvent Delta="null" EndDate="2014-10-14 08:48:17.499 JST" Interest="1.0" Kind="selection" Navigation="null" OriginId="org.eclipse.ui.views.ContentOutline" StartDate="2014-10-14 08:48:17.499 JST" StructureHandle="=TA2/src&amp;lt;ta2.utils{DBUtils.java[DBUtils~find_All_Memos~QActivity;" StructureKind="java"/><InteractionEvent Delta="null" EndDate="2014-10-14 10:09:51.914 JST" Interest="78.0" Kind="propagation" Navigation="org.eclipse.mylyn.core.model.edges.containment" OriginId="org.eclipse.mylyn.core.model.interest.propagation" StartDate="2014-10-14 08:52:58.668 JST" StructureHandle="/TA2/src/ta2/items" StructureKind="resource" NumEvents="78" CreationCount="612"/><InteractionEvent Delta="null" EndDate="2014-10-14 10:09:43.367 JST" Interest="5.018" Kind="manipulation" Navigation="null" OriginId="org.eclipse.mylyn.core.model.interest.decay.correction" StartDate="2014-10-14 10:09:43.367 JST" StructureHandle="=TA2/src&amp;lt;ta2.utils{CONS.java[CONS[Admin^fname_List" StructureKind="java"/><InteractionEvent Delta="null" EndDate="2014-10-14 10:09:49.925 JST" Interest="2.0" Kind="edit" Navigation="null" OriginId="org.eclipse.jdt.ui.CompilationUnitEditor" StartDate="2014-10-14 10:09:45.179 JST" StructureHandle="=TA2/src&amp;lt;ta2.utils{CONS.java[CONS[Admin^fname_List" StructureKind="java" NumEvents="2" CreationCount="1488"/><InteractionEvent Delta="null" EndDate="2014-10-14 10:09:56.787 JST" Interest="5.0" Kind="selection" Navigation="null" OriginId="org.eclipse.jdt.ui.CompilationUnitEditor" StartDate="2014-10-14 09:39:14.949 JST" StructureHandle="=TA2/src&amp;lt;ta2.utils{CONS.java[CONS[Admin^fname_List" StructureKind="java" NumEvents="5" CreationCount="1488"/><InteractionEvent Delta="null" EndDate="2014-10-14 08:57:21.964 JST" Interest="3.0" Kind="selection" Navigation="null" OriginId="org.eclipse.ui.views.ContentOutline" StartDate="2014-10-14 08:55:11.900 JST" StructureHandle="=TA2/src&amp;lt;ta2.items{FilterHistory.java[FilterHistory[Builder~setDb_Id~J" StructureKind="java" NumEvents="3" CreationCount="659"/><InteractionEvent Delta="null" EndDate="2014-10-14 09:30:54.447 JST" Interest="2.7340002" Kind="propagation" Navigation="org.eclipse.mylyn.core.model.edges.containment" OriginId="org.eclipse.mylyn.core.model.interest.propagation" StartDate="2014-10-14 09:30:47.380 JST" StructureHandle="=IFM11/src" StructureKind="java" NumEvents="5" CreationCount="1268"/><InteractionEvent Delta="null" EndDate="2014-10-14 09:55:53.725 JST" Interest="86.853004" Kind="propagation" Navigation="org.eclipse.mylyn.core.model.edges.containment" OriginId="org.eclipse.mylyn.core.model.interest.propagation" StartDate="2014-10-14 08:59:03.667 JST" StructureHandle="=TA2/src&amp;lt;ta2.adapters{Adp_FHs.java[Adp_FHs" StructureKind="java" NumEvents="123" CreationCount="746"/><InteractionEvent Delta="null" EndDate="2014-10-14 09:56:25.111 JST" Interest="3.0" Kind="edit" Navigation="null" OriginId="org.eclipse.jdt.ui.CompilationUnitEditor" StartDate="2014-10-14 09:51:28.133 JST" StructureHandle="=TA2/src&amp;lt;ta2.adapters{Adp_FHs.java[Adp_FHs" StructureKind="java" NumEvents="3" CreationCount="746"/><InteractionEvent Delta="null" EndDate="2014-10-14 09:59:44.261 JST" Interest="19.0" Kind="selection" Navigation="null" OriginId="org.eclipse.jdt.ui.CompilationUnitEditor" StartDate="2014-10-14 08:59:09.972 JST" StructureHandle="=TA2/src&amp;lt;ta2.adapters{Adp_FHs.java[Adp_FHs" StructureKind="java" NumEvents="19" CreationCount="746"/><InteractionEvent Delta="null" EndDate="2014-10-14 10:15:08.920 JST" Interest="6.0" Kind="prediction" Navigation="null" OriginId="org.eclipse.mylyn.resources.ui.interest.updater" StartDate="2014-10-14 08:25:26.14 JST" StructureHandle="/TA2/bin/resources.ap_" StructureKind="resource" NumEvents="6" CreationCount="240"/><InteractionEvent Delta="null" EndDate="2014-10-14 09:14:44.710 JST" Interest="2.0" Kind="selection" Navigation="null" OriginId="org.eclipse.jdt.ui.PackageExplorer" StartDate="2014-10-14 09:11:31.76 JST" StructureHandle="=TA2/src&amp;lt;ta2.main{PhotoActv.java" StructureKind="java" NumEvents="2" CreationCount="1031"/><InteractionEvent Delta="null" EndDate="2014-10-14 09:18:38.371 JST" Interest="1.0" Kind="selection" Navigation="null" OriginId="org.eclipse.jdt.ui.PackageExplorer" StartDate="2014-10-14 09:18:38.371 JST" StructureHandle="/TA2/res/layout/dlg_tmpl_toast_duration.xml" StructureKind="resource"/><InteractionEvent Delta="null" EndDate="2014-10-14 08:43:10.291 JST" Interest="1.0" Kind="prediction" Navigation="null" OriginId="org.eclipse.mylyn.resources.ui.interest.updater" StartDate="2014-10-14 08:43:10.291 JST" StructureHandle="/TA2/res/layout/list_row.xml" StructureKind="resource"/><InteractionEvent Delta="null" EndDate="2014-10-14 08:47:19.239 JST" Interest="15.785001" Kind="propagation" Navigation="org.eclipse.mylyn.core.model.edges.containment" OriginId="org.eclipse.mylyn.core.model.interest.propagation" StartDate="2014-10-14 08:18:00.78 JST" StructureHandle="/TA2/res/values" StructureKind="resource" NumEvents="21" CreationCount="15"/><InteractionEvent Delta="null" EndDate="2014-10-14 08:17:58.808 JST" Interest="1.0" Kind="selection" Navigation="null" OriginId="org.eclipse.jdt.ui.PackageExplorer" StartDate="2014-10-14 08:17:58.808 JST" StructureHandle="/TA2/res/values" StructureKind="resource"/><InteractionEvent Delta="null" EndDate="2014-10-14 10:09:51.915 JST" Interest="32.919" Kind="propagation" Navigation="org.eclipse.mylyn.core.model.edges.containment" OriginId="org.eclipse.mylyn.core.model.interest.propagation" StartDate="2014-10-14 08:52:58.669 JST" StructureHandle="=TA2/src&amp;lt;ta2.items" StructureKind="java" NumEvents="43" CreationCount="612"/><InteractionEvent Delta="null" EndDate="2014-10-14 08:59:55.271 JST" Interest="8.0" Kind="edit" Navigation="null" OriginId="org.eclipse.jdt.ui.CompilationUnitEditor" StartDate="2014-10-14 08:59:06.754 JST" StructureHandle="=TA2/src&amp;lt;ta2.adapters{Adp_FHs.java[Adp_FHs~Adp_FHs~QContext;~I~QList\&amp;lt;QFilterHistory;&amp;gt;;" StructureKind="java" NumEvents="8" CreationCount="747"/><InteractionEvent Delta="null" EndDate="2014-10-14 09:31:50.222 JST" Interest="5.0" Kind="selection" Navigation="null" OriginId="org.eclipse.jdt.ui.CompilationUnitEditor" StartDate="2014-10-14 08:59:05.388 JST" StructureHandle="=TA2/src&amp;lt;ta2.adapters{Adp_FHs.java[Adp_FHs~Adp_FHs~QContext;~I~QList\&amp;lt;QFilterHistory;&amp;gt;;" StructureKind="java" NumEvents="5" CreationCount="747"/><InteractionEvent Delta="null" EndDate="2014-10-14 09:04:07.319 JST" Interest="3.0" Kind="edit" Navigation="null" OriginId="org.eclipse.jdt.ui.CompilationUnitEditor" StartDate="2014-10-14 09:04:05.376 JST" StructureHandle="=TA2/src&amp;lt;ta2.utils{CONS.java[CONS[ShowListActv^adp_List_WPs" StructureKind="java" NumEvents="3" CreationCount="882"/><InteractionEvent Delta="null" EndDate="2014-10-14 09:04:07.302 JST" Interest="3.0" Kind="selection" Navigation="null" OriginId="org.eclipse.jdt.ui.CompilationUnitEditor" StartDate="2014-10-14 09:04:04.758 JST" StructureHandle="=TA2/src&amp;lt;ta2.utils{CONS.java[CONS[ShowListActv^adp_List_WPs" StructureKind="java" NumEvents="3" CreationCount="882"/><InteractionEvent Delta="null" EndDate="2014-10-14 09:33:10.867 JST" Interest="3.0" Kind="edit" Navigation="null" OriginId="org.eclipse.jdt.ui.CompilationUnitEditor" StartDate="2014-10-14 09:33:05.127 JST" StructureHandle="=TA2/src&amp;lt;ta2.utils{CONS.java[CONS[MemoActv^layout_MemoActv_LV_Height" StructureKind="java" NumEvents="3" CreationCount="1350"/><InteractionEvent Delta="null" EndDate="2014-10-14 09:33:09.593 JST" Interest="2.0" Kind="selection" Navigation="null" OriginId="org.eclipse.ui.views.ContentOutline" StartDate="2014-10-14 09:33:03.656 JST" StructureHandle="=TA2/src&amp;lt;ta2.utils{CONS.java[CONS[MemoActv^layout_MemoActv_LV_Height" StructureKind="java" NumEvents="2" CreationCount="1350"/><InteractionEvent Delta="null" EndDate="2014-10-14 09:16:07.986 JST" Interest="1.0" Kind="propagation" Navigation="null" OriginId="org.eclipse.mylyn.resources.ui.interest.updater" StartDate="2014-10-14 09:16:07.986 JST" StructureHandle="/TA2/bin/dexedLibs/annotations-d288b20aa2286e3172641d3161bdbc70.jar" StructureKind="resource"/><InteractionEvent Delta="null" EndDate="2014-10-14 10:09:42.871 JST" Interest="46.0" Kind="propagation" Navigation="null" OriginId="org.eclipse.jdt.ui.CompilationUnitEditor" StartDate="2014-10-14 09:31:08.392 JST" StructureHandle="/TA2/src/ta2/main/MemoEditActv.java" StructureKind="resource" NumEvents="46" CreationCount="1278"/><InteractionEvent Delta="null" EndDate="2014-10-14 09:30:47.379 JST" Interest="1.0" Kind="selection" Navigation="null" OriginId="org.eclipse.search.ui.views.SearchView" StartDate="2014-10-14 09:30:47.379 JST" StructureHandle="=IFM11/src&amp;lt;ifm11.utils{Methods_dlg.java" StructureKind="java"/><InteractionEvent Delta="null" EndDate="2014-10-14 09:54:13.749 JST" Interest="36.0" Kind="edit" Navigation="null" OriginId="org.eclipse.jdt.ui.CompilationUnitEditor" StartDate="2014-10-14 09:13:34.617 JST" StructureHandle="=TA2/src&amp;lt;ta2.adapters{Adp_MemoList.java[Adp_MemoList~_Setup_Views~QView;~QMemo;~I" StructureKind="java" NumEvents="36" CreationCount="1053"/><InteractionEvent Delta="null" EndDate="2014-10-14 10:09:55.848 JST" Interest="7.0" Kind="selection" Navigation="null" OriginId="org.eclipse.jdt.ui.CompilationUnitEditor" StartDate="2014-10-14 09:13:33.515 JST" StructureHandle="=TA2/src&amp;lt;ta2.adapters{Adp_MemoList.java[Adp_MemoList~_Setup_Views~QView;~QMemo;~I" StructureKind="java" NumEvents="7" CreationCount="1053"/><InteractionEvent Delta="null" EndDate="2014-10-14 09:26:50.434 JST" Interest="1.0" Kind="selection" Navigation="null" OriginId="org.eclipse.jdt.ui.PackageExplorer" StartDate="2014-10-14 09:26:50.434 JST" StructureHandle="=TA2/src&amp;lt;ta2.comps" StructureKind="java"/><InteractionEvent Delta="null" EndDate="2014-10-14 09:15:37.312 JST" Interest="1.0" Kind="propagation" Navigation="null" OriginId="org.eclipse.mylyn.resources.ui.interest.updater" StartDate="2014-10-14 09:15:37.312 JST" StructureHandle="/TA2/gen/ta2/main/BuildConfig.java" StructureKind="resource"/><InteractionEvent Delta="null" EndDate="2014-10-14 10:09:42.392 JST" Interest="46.624" Kind="propagation" Navigation="org.eclipse.mylyn.core.model.edges.containment" OriginId="org.eclipse.mylyn.core.model.interest.propagation" StartDate="2014-10-14 08:17:37.251 JST" StructureHandle="=TA2/src&amp;lt;ta2.main" StructureKind="java" NumEvents="70" CreationCount="9"/><InteractionEvent Delta="null" EndDate="2014-10-14 09:31:03.762 JST" Interest="2.0" Kind="selection" Navigation="null" OriginId="org.eclipse.search.ui.views.SearchView" StartDate="2014-10-14 08:17:35.542 JST" StructureHandle="=TA2/src&amp;lt;ta2.main" StructureKind="java" NumEvents="2" CreationCount="9"/><InteractionEvent Delta="null" EndDate="2014-10-14 10:07:31.156 JST" Interest="12.0" Kind="edit" Navigation="null" OriginId="org.eclipse.jdt.ui.CompilationUnitEditor" StartDate="2014-10-14 10:06:40.68 JST" StructureHandle="=TA2/src&amp;lt;ta2.items{FilterHistory.java[FilterHistory~FilterHistory~QBuilder;" StructureKind="java" NumEvents="12" CreationCount="1819"/><InteractionEvent Delta="null" EndDate="2014-10-14 10:09:51.910 JST" Interest="4.0" Kind="selection" Navigation="null" OriginId="org.eclipse.jdt.ui.CompilationUnitEditor" StartDate="2014-10-14 10:06:38.898 JST" StructureHandle="=TA2/src&amp;lt;ta2.items{FilterHistory.java[FilterHistory~FilterHistory~QBuilder;" StructureKind="java" NumEvents="4" CreationCount="1819"/><InteractionEvent Delta="null" EndDate="2014-10-14 09:30:54.446 JST" Interest="4.017" Kind="propagation" Navigation="org.eclipse.mylyn.core.model.edges.containment" OriginId="org.eclipse.mylyn.core.model.interest.propagation" StartDate="2014-10-14 09:30:47.379 JST" StructureHandle="/IFM11/src/ifm11/utils" StructureKind="resource" NumEvents="5" CreationCount="1268"/><InteractionEvent Delta="null" EndDate="2014-10-14 08:47:16.275 JST" Interest="10.0" Kind="edit" Navigation="null" OriginId="com.android.ide.eclipse.editors.CommonXmlEditor" StartDate="2014-10-14 08:29:17.715 JST" StructureHandle="/TA2/res/menu/menu_actv_main.xml" StructureKind="resource" NumEvents="10" CreationCount="284"/><InteractionEvent Delta="null" EndDate="2014-10-14 08:47:15.970 JST" Interest="6.0" Kind="selection" Navigation="null" OriginId="com.android.ide.eclipse.editors.CommonXmlEditor" StartDate="2014-10-14 08:29:13.371 JST" StructureHandle="/TA2/res/menu/menu_actv_main.xml" StructureKind="resource" NumEvents="6" CreationCount="284"/><InteractionEvent Delta="null" EndDate="2014-10-14 09:15:37.312 JST" Interest="1.0" Kind="propagation" Navigation="null" OriginId="org.eclipse.mylyn.resources.ui.interest.updater" StartDate="2014-10-14 09:15:37.312 JST" StructureHandle="/TA2/bin/AndroidManifest.xml" StructureKind="resource"/><InteractionEvent Delta="null" EndDate="2014-10-14 08:54:28.734 JST" Interest="1.0" Kind="selection" Navigation="null" OriginId="org.eclipse.jdt.ui.CompilationUnitEditor" StartDate="2014-10-14 08:54:28.734 JST" StructureHandle="=TA2/src&amp;lt;ta2.items{FilterHistory.java[FilterHistory[Builder~setOperator~I" StructureKind="java"/><InteractionEvent Delta="null" EndDate="2014-10-14 09:26:36.38 JST" Interest="1.0" Kind="selection" Navigation="null" OriginId="org.eclipse.jdt.ui.PackageExplorer" StartDate="2014-10-14 09:26:36.38 JST" StructureHandle="/TA2/res/layout/dlg_add_memos.xml" StructureKind="resource"/><InteractionEvent Delta="null" EndDate="2014-10-14 08:48:14.592 JST" Interest="1.0" Kind="selection" Navigation="null" OriginId="org.eclipse.ui.views.ContentOutline" StartDate="2014-10-14 08:48:14.592 JST" StructureHandle="=TA2/src&amp;lt;ta2.utils{DBUtils.java[DBUtils~exec_Sql~QActivity;~QString;" StructureKind="java"/><InteractionEvent Delta="null" EndDate="2014-10-14 08:53:28.408 JST" Interest="1.0" Kind="edit" Navigation="null" OriginId="org.eclipse.jdt.ui.CompilationUnitEditor" StartDate="2014-10-14 08:53:28.408 JST" StructureHandle="=TA2/src&amp;lt;ta2.items{FilterHistory.java[FilterHistory^operator" StructureKind="java"/><InteractionEvent Delta="null" EndDate="2014-10-14 08:53:26.583 JST" Interest="3.0" Kind="selection" Navigation="null" OriginId="org.eclipse.jdt.ui.CompilationUnitEditor" StartDate="2014-10-14 08:53:09.922 JST" StructureHandle="=TA2/src&amp;lt;ta2.items{FilterHistory.java[FilterHistory^operator" StructureKind="java" NumEvents="3" CreationCount="617"/><InteractionEvent Delta="null" EndDate="2014-10-14 10:09:51.911 JST" Interest="25.802" Kind="propagation" Navigation="org.eclipse.mylyn.core.model.edges.containment" OriginId="org.eclipse.mylyn.core.model.interest.propagation" StartDate="2014-10-14 08:52:59.512 JST" StructureHandle="=TA2/src&amp;lt;ta2.items{FilterHistory.java[FilterHistory" StructureKind="java" NumEvents="22" CreationCount="613"/><InteractionEvent Delta="null" EndDate="2014-10-14 08:54:51.989 JST" Interest="3.0" Kind="edit" Navigation="null" OriginId="org.eclipse.jdt.ui.CompilationUnitEditor" StartDate="2014-10-14 08:53:25.805 JST" StructureHandle="=TA2/src&amp;lt;ta2.items{FilterHistory.java[FilterHistory" StructureKind="java" NumEvents="3" CreationCount="613"/><InteractionEvent Delta="null" EndDate="2014-10-14 08:54:39.855 JST" Interest="5.0" Kind="selection" Navigation="null" OriginId="org.eclipse.jdt.ui.CompilationUnitEditor" StartDate="2014-10-14 08:53:05.273 JST" StructureHandle="=TA2/src&amp;lt;ta2.items{FilterHistory.java[FilterHistory" StructureKind="java" NumEvents="5" CreationCount="613"/><InteractionEvent Delta="null" EndDate="2014-10-14 10:16:54.230 JST" Interest="386.25302" Kind="propagation" Navigation="org.eclipse.mylyn.core.model.edges.containment" OriginId="org.eclipse.mylyn.core.model.interest.propagation" StartDate="2014-10-14 08:20:35.738 JST" StructureHandle="=TA2/src&amp;lt;ta2.utils" StructureKind="java" NumEvents="545" CreationCount="125"/><InteractionEvent Delta="null" EndDate="2014-10-14 08:46:18.503 JST" Interest="1.0" Kind="selection" Navigation="null" OriginId="org.eclipse.jdt.ui.PackageExplorer" StartDate="2014-10-14 08:46:18.503 JST" StructureHandle="=TA2/src&amp;lt;ta2.utils" StructureKind="java"/><InteractionEvent Delta="null" EndDate="2014-10-14 10:09:51.914 JST" Interest="78.0" Kind="propagation" Navigation="null" OriginId="org.eclipse.jdt.ui.CompilationUnitEditor" StartDate="2014-10-14 08:52:58.668 JST" StructureHandle="/TA2/src/ta2/items/FilterHistory.java" StructureKind="resource" NumEvents="78" CreationCount="612"/><InteractionEvent Delta="null" EndDate="2014-10-14 08:55:10.524 JST" Interest="1.0" Kind="edit" Navigation="null" OriginId="org.eclipse.jdt.ui.CompilationUnitEditor" StartDate="2014-10-14 08:55:10.524 JST" StructureHandle="=TA2/src&amp;lt;ta2.items{FilterHistory.java[FilterHistory[Builder~build" StructureKind="java"/><InteractionEvent Delta="null" EndDate="2014-10-14 08:55:01.228 JST" Interest="1.0" Kind="selection" Navigation="null" OriginId="org.eclipse.jdt.ui.CompilationUnitEditor" StartDate="2014-10-14 08:55:01.228 JST" StructureHandle="=TA2/src&amp;lt;ta2.items{FilterHistory.java[FilterHistory[Builder~build" StructureKind="java"/><InteractionEvent Delta="null" EndDate="2014-10-14 10:16:54.229 JST" Interest="382.23602" Kind="propagation" Navigation="org.eclipse.mylyn.core.model.edges.containment" OriginId="org.eclipse.mylyn.core.model.interest.propagation" StartDate="2014-10-14 08:20:37.246 JST" StructureHandle="=TA2/src&amp;lt;ta2.utils{Methods_dlg.java[Methods_dlg" StructureKind="java" NumEvents="535" CreationCount="126"/><InteractionEvent Delta="null" EndDate="2014-10-14 10:10:03.380 JST" Interest="5.0" Kind="selection" Navigation="null" OriginId="org.eclipse.jdt.ui.CompilationUnitEditor" StartDate="2014-10-14 08:22:38.612 JST" StructureHandle="=TA2/src&amp;lt;ta2.utils{Methods_dlg.java[Methods_dlg" StructureKind="java" NumEvents="5" CreationCount="126"/><InteractionEvent Delta="null" EndDate="2014-10-14 09:15:37.311 JST" Interest="1.0" Kind="propagation" Navigation="null" OriginId="org.eclipse.mylyn.resources.ui.interest.updater" StartDate="2014-10-14 09:15:37.311 JST" StructureHandle="=TA2/gen&amp;lt;ta2.main{BuildConfig.java" StructureKind="java"/><InteractionEvent Delta="null" EndDate="2014-10-14 09:15:37.312 JST" Interest="1.0" Kind="propagation" Navigation="null" OriginId="org.eclipse.mylyn.resources.ui.interest.updater" StartDate="2014-10-14 09:15:37.312 JST" StructureHandle="=TA2/gen&amp;lt;ta2.main{R.java" StructureKind="java"/><InteractionEvent Delta="null" EndDate="2014-10-14 09:30:54.447 JST" Interest="2.7340002" Kind="propagation" Navigation="org.eclipse.mylyn.core.model.edges.containment" OriginId="org.eclipse.mylyn.core.model.interest.propagation" StartDate="2014-10-14 09:30:47.380 JST" StructureHandle="=IFM11/src&amp;lt;ifm11.utils" StructureKind="java" NumEvents="5" CreationCount="1268"/><InteractionEvent Delta="null" EndDate="2014-10-14 09:16:07.986 JST" Interest="1.0" Kind="propagation" Navigation="null" OriginId="org.eclipse.mylyn.resources.ui.interest.updater" StartDate="2014-10-14 09:16:07.986 JST" StructureHandle="/TA2/bin/dexedLibs/twitter4j-core-android-2.2.6-796701d8192f6e7dc926b1fe5727c893.jar" StructureKind="resource"/><InteractionEvent Delta="null" EndDate="2014-10-14 09:16:07.986 JST" Interest="1.0" Kind="propagation" Navigation="null" OriginId="org.eclipse.mylyn.resources.ui.interest.updater" StartDate="2014-10-14 09:16:07.986 JST" StructureHandle="/TA2/bin/dexedLibs/commons-net-3.3-8fd943db0e7f4cec18e60738e70ce092.jar" StructureKind="resource"/><InteractionEvent Delta="null" EndDate="2014-10-14 09:30:54.446 JST" Interest="1.7170002" Kind="propagation" Navigation="org.eclipse.mylyn.core.model.edges.containment" OriginId="org.eclipse.mylyn.core.model.interest.propagation" StartDate="2014-10-14 09:30:52.282 JST" StructureHandle="=IFM11/src&amp;lt;ifm11.utils{CONS.java" StructureKind="java" NumEvents="3" CreationCount="1269"/><InteractionEvent Delta="null" EndDate="2014-10-14 09:30:51.57 JST" Interest="1.0" Kind="selection" Navigation="null" OriginId="org.eclipse.jdt.ui.CompilationUnitEditor" StartDate="2014-10-14 09:30:51.57 JST" StructureHandle="=IFM11/src&amp;lt;ifm11.utils{CONS.java" StructureKind="java"/><InteractionEvent Delta="null" EndDate="2014-10-14 08:28:01.302 JST" Interest="1.0" Kind="selection" Navigation="null" OriginId="org.eclipse.jdt.ui.PackageExplorer" StartDate="2014-10-14 08:28:01.302 JST" StructureHandle="/TA2/res/drawable/actv_memo_ib_save_64x64_disabled.png" StructureKind="resource"/><InteractionEvent Delta="null" EndDate="2014-10-14 09:13:09.459 JST" Interest="4.117" Kind="manipulation" Navigation="null" OriginId="org.eclipse.mylyn.core.model.interest.decay.correction" StartDate="2014-10-14 09:13:09.459 JST" StructureHandle="=TA2/src&amp;lt;ta2.adapters{Adp_ListItems.java" StructureKind="java"/><InteractionEvent Delta="null" EndDate="2014-10-14 09:13:09.459 JST" Interest="2.0" Kind="selection" Navigation="null" OriginId="org.eclipse.jdt.ui.PackageExplorer" StartDate="2014-10-14 08:58:43.18 JST" StructureHandle="=TA2/src&amp;lt;ta2.adapters{Adp_ListItems.java" StructureKind="java" NumEvents="2" CreationCount="742"/><InteractionEvent Delta="null" EndDate="2014-10-14 09:15:37.314 JST" Interest="19.445002" Kind="propagation" Navigation="org.eclipse.mylyn.core.model.edges.containment" OriginId="org.eclipse.mylyn.core.model.interest.propagation" StartDate="2014-10-14 09:15:37.313 JST" StructureHandle="=TA2/gen" StructureKind="java" NumEvents="2" CreationCount="6"/><InteractionEvent Delta="null" EndDate="2014-10-14 08:17:32.383 JST" Interest="1.0" Kind="selection" Navigation="null" OriginId="org.eclipse.jdt.ui.PackageExplorer" StartDate="2014-10-14 08:17:32.383 JST" StructureHandle="=TA2/gen" StructureKind="java"/><InteractionEvent Delta="null" EndDate="2014-10-14 08:40:08.996 JST" Interest="1.0" Kind="selection" Navigation="null" OriginId="org.eclipse.jdt.ui.PackageExplorer" StartDate="2014-10-14 08:40:08.996 JST" StructureHandle="/TA2/res/layout/list_row_simple_1.xml" StructureKind="resource"/><InteractionEvent Delta="null" EndDate="2014-10-14 09:30:47.379 JST" Interest="1.0" Kind="propagation" Navigation="null" OriginId="org.eclipse.search.ui.views.SearchView" StartDate="2014-10-14 09:30:47.379 JST" StructureHandle="/IFM11/src/ifm11/utils/Methods_dlg.java" StructureKind="resource"/><InteractionEvent Delta="null" EndDate="2014-10-14 10:09:42.871 JST" Interest="27.034" Kind="propagation" Navigation="org.eclipse.mylyn.core.model.edges.containment" OriginId="org.eclipse.mylyn.core.model.interest.propagation" StartDate="2014-10-14 09:31:12.212 JST" StructureHandle="=TA2/src&amp;lt;ta2.main{MemoEditActv.java[MemoEditActv" StructureKind="java" NumEvents="37" CreationCount="1279"/><InteractionEvent Delta="null" EndDate="2014-10-14 09:31:57.539 JST" Interest="42.0" Kind="edit" Navigation="null" OriginId="org.eclipse.jdt.ui.CompilationUnitEditor" StartDate="2014-10-14 09:00:03.40 JST" StructureHandle="=TA2/src&amp;lt;ta2.adapters{Adp_FHs.java[Adp_FHs~getView~I~QView;~QViewGroup;" StructureKind="java" NumEvents="42" CreationCount="752"/><InteractionEvent Delta="null" EndDate="2014-10-14 09:57:19.197 JST" Interest="11.0" Kind="selection" Navigation="null" OriginId="org.eclipse.jdt.ui.CompilationUnitEditor" StartDate="2014-10-14 08:59:19.236 JST" StructureHandle="=TA2/src&amp;lt;ta2.adapters{Adp_FHs.java[Adp_FHs~getView~I~QView;~QViewGroup;" StructureKind="java" NumEvents="11" CreationCount="752"/><InteractionEvent Delta="null" EndDate="2014-10-14 09:52:09.499 JST" Interest="7.738001" Kind="manipulation" Navigation="null" OriginId="org.eclipse.mylyn.core.model.interest.decay.correction" StartDate="2014-10-14 09:52:09.499 JST" StructureHandle="=TA2/src&amp;lt;ta2.adapters{Adp_MemoList.java[Adp_MemoList^inflater" StructureKind="java"/><InteractionEvent Delta="null" EndDate="2014-10-14 09:52:12.886 JST" Interest="4.0" Kind="selection" Navigation="null" OriginId="org.eclipse.jdt.ui.CompilationUnitEditor" StartDate="2014-10-14 09:13:15.843 JST" StructureHandle="=TA2/src&amp;lt;ta2.adapters{Adp_MemoList.java[Adp_MemoList^inflater" StructureKind="java" NumEvents="4" CreationCount="1047"/><InteractionEvent Delta="null" EndDate="2014-10-14 09:56:00.247 JST" Interest="3.8810015" Kind="manipulation" Navigation="null" OriginId="org.eclipse.mylyn.core.model.interest.decay.correction" StartDate="2014-10-14 09:56:00.247 JST" StructureHandle="=TA2/src&amp;lt;ta2.adapters{Adp_FHs.java[Adp_FHs~_Setup_Views~QView;~QFilterHistory;" StructureKind="java"/><InteractionEvent Delta="null" EndDate="2014-10-14 10:02:27.814 JST" Interest="39.0" Kind="edit" Navigation="null" OriginId="org.eclipse.jdt.ui.CompilationUnitEditor" StartDate="2014-10-14 09:00:27.190 JST" StructureHandle="=TA2/src&amp;lt;ta2.adapters{Adp_FHs.java[Adp_FHs~_Setup_Views~QView;~QFilterHistory;" StructureKind="java" NumEvents="39" CreationCount="753"/><InteractionEvent Delta="null" EndDate="2014-10-14 10:02:26.273 JST" Interest="10.0" Kind="selection" Navigation="null" OriginId="org.eclipse.jdt.ui.CompilationUnitEditor" StartDate="2014-10-14 08:59:20.380 JST" StructureHandle="=TA2/src&amp;lt;ta2.adapters{Adp_FHs.java[Adp_FHs~_Setup_Views~QView;~QFilterHistory;" StructureKind="java" NumEvents="10" CreationCount="753"/><InteractionEvent Delta="null" EndDate="2014-10-14 10:16:54.231 JST" Interest="1672.051" Kind="propagation" Navigation="null" OriginId="org.eclipse.jdt.ui.CompilationUnitEditor" StartDate="2014-10-14 08:17:33.732 JST" StructureHandle="/TA2/src" StructureKind="resource" NumEvents="1676" CreationCount="7"/><InteractionEvent Delta="null" EndDate="2014-10-14 08:20:06.519 JST" Interest="31.0" Kind="edit" Navigation="null" OriginId="org.eclipse.jdt.ui.CompilationUnitEditor" StartDate="2014-10-14 08:19:18.505 JST" StructureHandle="=TA2/src&amp;lt;ta2.main{ShowListActv.java[ShowListActv~onOptionsItemSelected~QMenuItem;" StructureKind="java" NumEvents="31" CreationCount="58"/><InteractionEvent Delta="null" EndDate="2014-10-14 09:18:25.705 JST" Interest="5.0" Kind="selection" Navigation="null" OriginId="org.eclipse.jdt.ui.PackageExplorer" StartDate="2014-10-14 08:19:17.368 JST" StructureHandle="=TA2/src&amp;lt;ta2.main{ShowListActv.java[ShowListActv~onOptionsItemSelected~QMenuItem;" StructureKind="java" NumEvents="5" CreationCount="58"/><InteractionEvent Delta="null" EndDate="2014-10-14 10:09:55.848 JST" Interest="62.0" Kind="propagation" Navigation="null" OriginId="org.eclipse.jdt.ui.CompilationUnitEditor" StartDate="2014-10-14 09:13:13.683 JST" StructureHandle="/TA2/src/ta2/adapters/Adp_MemoList.java" StructureKind="resource" NumEvents="62" CreationCount="1045"/><InteractionEvent Delta="null" EndDate="2014-10-14 10:16:54.229 JST" Interest="1669.085" Kind="propagation" Navigation="org.eclipse.mylyn.core.model.edges.containment" OriginId="org.eclipse.mylyn.core.model.interest.propagation" StartDate="2014-10-14 08:17:32.383 JST" StructureHandle="=TA2" StructureKind="resource" NumEvents="1684" CreationCount="5"/><InteractionEvent Delta="null" EndDate="2014-10-14 09:31:01.276 JST" Interest="2.0" Kind="selection" Navigation="null" OriginId="org.eclipse.search.ui.views.SearchView" StartDate="2014-10-14 08:17:29.310 JST" StructureHandle="=TA2" StructureKind="java" NumEvents="2" CreationCount="5"/><InteractionEvent Delta="null" EndDate="2014-10-14 08:29:08.327 JST" Interest="1.051" Kind="propagation" Navigation="org.eclipse.mylyn.core.model.edges.containment" OriginId="org.eclipse.mylyn.core.model.interest.propagation" StartDate="2014-10-14 08:28:01.302 JST" StructureHandle="/TA2/res/drawable" StructureKind="resource" NumEvents="4" CreationCount="263"/><InteractionEvent Delta="null" EndDate="2014-10-14 08:29:09.119 JST" Interest="2.0" Kind="selection" Navigation="null" OriginId="org.eclipse.jdt.ui.PackageExplorer" StartDate="2014-10-14 08:27:59.788 JST" StructureHandle="/TA2/res/drawable" StructureKind="resource" NumEvents="2" CreationCount="263"/><InteractionEvent Delta="null" EndDate="2014-10-14 08:29:08.638 JST" Interest="1.0" Kind="selection" Navigation="null" OriginId="org.eclipse.jdt.ui.PackageExplorer" StartDate="2014-10-14 08:29:08.638 JST" StructureHandle="/TA2/res/drawable/ifm8_thumb_back_50x50_disenabled.png" StructureKind="resource"/><InteractionEvent Delta="null" EndDate="2014-10-14 08:53:36.150 JST" Interest="1.0" Kind="edit" Navigation="null" OriginId="org.eclipse.jdt.ui.CompilationUnitEditor" StartDate="2014-10-14 08:53:36.150 JST" StructureHandle="=TA2/src&amp;lt;ta2.items{FilterHistory.java[FilterHistory[Builder^operator" StructureKind="java"/><InteractionEvent Delta="null" EndDate="2014-10-14 08:53:41.997 JST" Interest="2.0" Kind="selection" Navigation="null" OriginId="org.eclipse.jdt.ui.CompilationUnitEditor" StartDate="2014-10-14 08:53:35.5 JST" StructureHandle="=TA2/src&amp;lt;ta2.items{FilterHistory.java[FilterHistory[Builder^operator" StructureKind="java" NumEvents="2" CreationCount="628"/><InteractionEvent Delta="null" EndDate="2014-10-14 09:33:23.597 JST" Interest="31.237999" Kind="propagation" Navigation="org.eclipse.mylyn.core.model.edges.containment" OriginId="org.eclipse.mylyn.core.model.interest.propagation" StartDate="2014-10-14 08:46:26.255 JST" StructureHandle="=TA2/src&amp;lt;ta2.utils{CONS.java[CONS" StructureKind="java" NumEvents="40" CreationCount="389"/><InteractionEvent Delta="null" EndDate="2014-10-14 09:18:33.218 JST" Interest="86.0" Kind="propagation" Navigation="null" OriginId="org.eclipse.jdt.ui.PackageExplorer" StartDate="2014-10-14 08:17:37.250 JST" StructureHandle="/TA2/src/ta2/main/ShowListActv.java" StructureKind="resource" NumEvents="86" CreationCount="10"/><InteractionEvent Delta="null" EndDate="2014-10-14 08:48:19.834 JST" Interest="1.0" Kind="selection" Navigation="null" OriginId="org.eclipse.ui.views.ContentOutline" StartDate="2014-10-14 08:48:19.834 JST" StructureHandle="=TA2/src&amp;lt;ta2.utils{DBUtils.java[DBUtils~find_All_Memos~QActivity;~QCONS.Enums.SortOrder;" StructureKind="java"/><InteractionEvent Delta="null" EndDate="2014-10-14 08:21:34.392 JST" Interest="1.0" Kind="selection" Navigation="null" OriginId="org.eclipse.jdt.ui.PackageExplorer" StartDate="2014-10-14 08:21:34.392 JST" StructureHandle="/TA2/res/values/colors.xml" StructureKind="resource"/><InteractionEvent Delta="null" EndDate="2014-10-14 09:34:01.402 JST" Interest="30.0" Kind="edit" Navigation="null" OriginId="org.eclipse.jdt.ui.CompilationUnitEditor" StartDate="2014-10-14 09:31:12.909 JST" StructureHandle="=TA2/src&amp;lt;ta2.main{MemoEditActv.java[MemoEditActv~_Setup_Layout" StructureKind="java" NumEvents="30" CreationCount="1281"/><InteractionEvent Delta="null" EndDate="2014-10-14 10:09:42.871 JST" Interest="6.0" Kind="selection" Navigation="null" OriginId="org.eclipse.jdt.ui.CompilationUnitEditor" StartDate="2014-10-14 09:31:12.881 JST" StructureHandle="=TA2/src&amp;lt;ta2.main{MemoEditActv.java[MemoEditActv~_Setup_Layout" StructureKind="java" NumEvents="6" CreationCount="1281"/><InteractionEvent Delta="null" EndDate="2014-10-14 10:16:20.198 JST" Interest="20.0" Kind="prediction" Navigation="null" OriginId="org.eclipse.mylyn.resources.ui.interest.updater" StartDate="2014-10-14 08:25:26.14 JST" StructureHandle="/TA2/bin/classes.dex" StructureKind="resource" NumEvents="20" CreationCount="240"/><InteractionEvent Delta="null" EndDate="2014-10-14 10:02:41.728 JST" Interest="32.0" Kind="edit" Navigation="null" OriginId="org.eclipse.jdt.ui.CompilationUnitEditor" StartDate="2014-10-14 09:58:39.445 JST" StructureHandle="=TA2/src&amp;lt;ta2.adapters{Adp_FHs.java[Adp_FHs~_Setup_Views__TV_OpLabel~QView;~QFilterHistory;" StructureKind="java" NumEvents="32" CreationCount="1696"/><InteractionEvent Delta="null" EndDate="2014-10-14 10:09:58.181 JST" Interest="5.0" Kind="selection" Navigation="null" OriginId="org.eclipse.jdt.ui.CompilationUnitEditor" StartDate="2014-10-14 09:58:35.421 JST" StructureHandle="=TA2/src&amp;lt;ta2.adapters{Adp_FHs.java[Adp_FHs~_Setup_Views__TV_OpLabel~QView;~QFilterHistory;" StructureKind="java" NumEvents="5" CreationCount="1696"/><InteractionEvent Delta="null" EndDate="2014-10-14 08:22:58.583 JST" Interest="1.9580002" Kind="manipulation" Navigation="null" OriginId="org.eclipse.mylyn.core.model.interest.decay.correction" StartDate="2014-10-14 08:22:58.583 JST" StructureHandle="=TA2/src&amp;lt;ta2.adapters" StructureKind="java"/><InteractionEvent Delta="null" EndDate="2014-10-14 10:09:58.182 JST" Interest="118.54101" Kind="propagation" Navigation="org.eclipse.mylyn.core.model.edges.containment" OriginId="org.eclipse.mylyn.core.model.interest.propagation" StartDate="2014-10-14 08:43:10.292 JST" StructureHandle="=TA2/src&amp;lt;ta2.adapters" StructureKind="java" NumEvents="159" CreationCount="8"/><InteractionEvent Delta="null" EndDate="2014-10-14 08:58:47.485 JST" Interest="3.0" Kind="selection" Navigation="null" OriginId="org.eclipse.jdt.ui.PackageExplorer" StartDate="2014-10-14 08:17:34.738 JST" StructureHandle="=TA2/src&amp;lt;ta2.adapters" StructureKind="java" NumEvents="3" CreationCount="8"/><InteractionEvent Delta="null" EndDate="2014-10-14 10:15:48.647 JST" Interest="51.274002" Kind="propagation" Navigation="org.eclipse.mylyn.core.model.edges.containment" OriginId="org.eclipse.mylyn.core.model.interest.propagation" StartDate="2014-10-14 08:17:58.808 JST" StructureHandle="/TA2/res" StructureKind="resource" NumEvents="78" CreationCount="14"/><InteractionEvent Delta="null" EndDate="2014-10-14 08:27:59.5 JST" Interest="3.0" Kind="selection" Navigation="null" OriginId="org.eclipse.jdt.ui.PackageExplorer" StartDate="2014-10-14 08:17:56.77 JST" StructureHandle="/TA2/res" StructureKind="resource" NumEvents="3" CreationCount="14"/><InteractionEvent Delta="null" EndDate="2014-10-14 09:04:32.932 JST" Interest="10.0" Kind="edit" Navigation="null" OriginId="org.eclipse.jdt.ui.CompilationUnitEditor" StartDate="2014-10-14 09:04:23.2 JST" StructureHandle="=TA2/src&amp;lt;ta2.utils{CONS.java[CONS[ShowListActv^adp_List_FHs" StructureKind="java" NumEvents="10" CreationCount="905"/><InteractionEvent Delta="null" EndDate="2014-10-14 09:16:15.773 JST" Interest="4.0" Kind="selection" Navigation="null" OriginId="org.eclipse.jdt.ui.CompilationUnitEditor" StartDate="2014-10-14 09:04:22.968 JST" StructureHandle="=TA2/src&amp;lt;ta2.utils{CONS.java[CONS[ShowListActv^adp_List_FHs" StructureKind="java" NumEvents="4" CreationCount="905"/><InteractionEvent Delta="null" EndDate="2014-10-14 09:54:13.751 JST" Interest="22.336" Kind="propagation" Navigation="org.eclipse.mylyn.core.model.edges.containment" OriginId="org.eclipse.mylyn.core.model.interest.propagation" StartDate="2014-10-14 09:13:27.223 JST" StructureHandle="=TA2/src&amp;lt;ta2.adapters{Adp_MemoList.java" StructureKind="java" NumEvents="34" CreationCount="1045"/><InteractionEvent Delta="null" EndDate="2014-10-14 10:09:55.747 JST" Interest="11.0" Kind="selection" Navigation="null" OriginId="org.eclipse.jdt.ui.CompilationUnitEditor" StartDate="2014-10-14 09:13:13.683 JST" StructureHandle="=TA2/src&amp;lt;ta2.adapters{Adp_MemoList.java" StructureKind="java" NumEvents="11" CreationCount="1045"/><InteractionEvent Delta="null" EndDate="2014-10-14 08:47:19.238 JST" Interest="8.0" Kind="edit" Navigation="null" OriginId="com.android.ide.eclipse.editors.CommonXmlEditor" StartDate="2014-10-14 08:39:38.693 JST" StructureHandle="/TA2/res/values/styles.xml" StructureKind="resource" NumEvents="8" CreationCount="320"/><InteractionEvent Delta="null" EndDate="2014-10-14 08:47:18.886 JST" Interest="6.0" Kind="selection" Navigation="null" OriginId="com.android.ide.eclipse.editors.CommonXmlEditor" StartDate="2014-10-14 08:39:38.314 JST" StructureHandle="/TA2/res/values/styles.xml" StructureKind="resource" NumEvents="6" CreationCount="320"/><InteractionEvent Delta="null" EndDate="2014-10-14 09:15:37.312 JST" Interest="1.0" Kind="propagation" Navigation="null" OriginId="org.eclipse.mylyn.resources.ui.interest.updater" StartDate="2014-10-14 09:15:37.312 JST" StructureHandle="=TA2/gen&amp;lt;ta2" StructureKind="java"/><InteractionEvent Delta="null" EndDate="2014-10-14 09:33:23.598 JST" Interest="13.289" Kind="propagation" Navigation="org.eclipse.mylyn.core.model.edges.containment" OriginId="org.eclipse.mylyn.core.model.interest.propagation" StartDate="2014-10-14 08:46:26.804 JST" StructureHandle="=TA2/src&amp;lt;ta2.utils{CONS.java" StructureKind="java" NumEvents="21" CreationCount="386"/><InteractionEvent Delta="null" EndDate="2014-10-14 10:09:56.704 JST" Interest="23.0" Kind="selection" Navigation="null" OriginId="org.eclipse.jdt.ui.CompilationUnitEditor" StartDate="2014-10-14 08:46:19.940 JST" StructureHandle="=TA2/src&amp;lt;ta2.utils{CONS.java" StructureKind="java" NumEvents="23" CreationCount="386"/><InteractionEvent Delta="null" EndDate="2014-10-14 08:57:21.975 JST" Interest="9.216999" Kind="propagation" Navigation="org.eclipse.mylyn.core.model.edges.containment" OriginId="org.eclipse.mylyn.core.model.interest.propagation" StartDate="2014-10-14 08:50:34.430 JST" StructureHandle="=TA2/src&amp;lt;ta2.utils{CONS.java[CONS[DB" StructureKind="java" NumEvents="12" CreationCount="547"/><InteractionEvent Delta="null" EndDate="2014-10-14 08:50:34.534 JST" Interest="2.0" Kind="selection" Navigation="null" OriginId="org.eclipse.jdt.ui.CompilationUnitEditor" StartDate="2014-10-14 08:50:32.56 JST" StructureHandle="=TA2/src&amp;lt;ta2.utils{CONS.java[CONS[DB" StructureKind="java" NumEvents="2" CreationCount="547"/><InteractionEvent Delta="null" EndDate="2014-10-14 09:55:30.751 JST" Interest="42.0" Kind="edit" Navigation="null" OriginId="org.eclipse.jdt.ui.CompilationUnitEditor" StartDate="2014-10-14 09:51:59.441 JST" StructureHandle="=TA2/src&amp;lt;ta2.adapters{Adp_FHs.java[Adp_FHs~_Setup_Views__TV_ModifiedAt_Time~QView;~QFilterHistory;" StructureKind="java" NumEvents="42" CreationCount="1552"/><InteractionEvent Delta="null" EndDate="2014-10-14 09:57:25.189 JST" Interest="4.0" Kind="selection" Navigation="null" OriginId="org.eclipse.jdt.ui.CompilationUnitEditor" StartDate="2014-10-14 09:51:57.39 JST" StructureHandle="=TA2/src&amp;lt;ta2.adapters{Adp_FHs.java[Adp_FHs~_Setup_Views__TV_ModifiedAt_Time~QView;~QFilterHistory;" StructureKind="java" NumEvents="4" CreationCount="1552"/><InteractionEvent Delta="null" EndDate="2014-10-14 10:16:54.232 JST" Interest="1934.0" Kind="propagation" Navigation="null" OriginId="org.eclipse.jdt.ui.CompilationUnitEditor" StartDate="2014-10-14 08:17:29.310 JST" StructureHandle="/TA2" StructureKind="resource" NumEvents="1934" CreationCount="5"/><InteractionEvent Delta="null" EndDate="2014-10-14 09:59:44.262 JST" Interest="85.004005" Kind="propagation" Navigation="org.eclipse.mylyn.core.model.edges.containment" OriginId="org.eclipse.mylyn.core.model.interest.propagation" StartDate="2014-10-14 08:58:58.391 JST" StructureHandle="=TA2/src&amp;lt;ta2.adapters{Adp_FHs.java" StructureKind="java" NumEvents="122" CreationCount="743"/><InteractionEvent Delta="null" EndDate="2014-10-14 10:09:58.103 JST" Interest="26.0" Kind="selection" Navigation="null" OriginId="org.eclipse.jdt.ui.CompilationUnitEditor" StartDate="2014-10-14 08:59:01.463 JST" StructureHandle="=TA2/src&amp;lt;ta2.adapters{Adp_FHs.java" StructureKind="java" NumEvents="26" CreationCount="743"/><InteractionEvent Delta="null" EndDate="2014-10-14 09:15:37.319 JST" Interest="22.445002" Kind="propagation" Navigation="org.eclipse.mylyn.core.model.edges.containment" OriginId="org.eclipse.mylyn.core.model.interest.propagation" StartDate="2014-10-14 08:17:32.383 JST" StructureHandle="/TA2/gen" StructureKind="resource" NumEvents="5" CreationCount="6"/><InteractionEvent Delta="null" EndDate="2014-10-14 08:17:27.929 JST" Interest="2.017" Kind="propagation" Navigation="org.eclipse.mylyn.core.model.edges.containment" OriginId="org.eclipse.mylyn.core.model.interest.propagation" StartDate="2014-10-14 08:17:18.692 JST" StructureHandle="/SL3/src" StructureKind="resource" NumEvents="3" CreationCount="1"/><InteractionEvent Delta="null" EndDate="2014-10-14 08:40:21.309 JST" Interest="1.0" Kind="selection" Navigation="null" OriginId="org.eclipse.jdt.ui.PackageExplorer" StartDate="2014-10-14 08:40:21.309 JST" StructureHandle="/TA2/res/layout/list_row_showlist.xml" StructureKind="resource"/><InteractionEvent Delta="null" EndDate="2014-10-14 08:54:10.181 JST" Interest="1.0" Kind="edit" Navigation="null" OriginId="org.eclipse.jdt.ui.CompilationUnitEditor" StartDate="2014-10-14 08:54:10.181 JST" StructureHandle="=TA2/src&amp;lt;ta2.items{FilterHistory.java[FilterHistory~getOperator" StructureKind="java"/><InteractionEvent Delta="null" EndDate="2014-10-14 08:54:09.244 JST" Interest="1.0" Kind="selection" Navigation="null" OriginId="org.eclipse.jdt.ui.CompilationUnitEditor" StartDate="2014-10-14 08:54:09.244 JST" StructureHandle="=TA2/src&amp;lt;ta2.items{FilterHistory.java[FilterHistory~getOperator" StructureKind="java"/><InteractionEvent Delta="null" EndDate="2014-10-14 09:55:53.724 JST" Interest="113.0" Kind="edit" Navigation="null" OriginId="org.eclipse.jdt.ui.CompilationUnitEditor" StartDate="2014-10-14 08:59:31.319 JST" StructureHandle="=TA2/src&amp;lt;ta2.adapters{Adp_FHs.java[Adp_FHs~_Setup_Views__TV_ModifiedAt_Date~QView;~QFilterHistory;" StructureKind="java" NumEvents="113" CreationCount="755"/><InteractionEvent Delta="null" EndDate="2014-10-14 09:55:35.784 JST" Interest="23.0" Kind="selection" Navigation="null" OriginId="org.eclipse.jdt.ui.CompilationUnitEditor" StartDate="2014-10-14 08:59:24.205 JST" StructureHandle="=TA2/src&amp;lt;ta2.adapters{Adp_FHs.java[Adp_FHs~_Setup_Views__TV_ModifiedAt_Date~QView;~QFilterHistory;" StructureKind="java" NumEvents="23" CreationCount="755"/><InteractionEvent Delta="null" EndDate="2014-10-14 08:58:41.399 JST" Interest="1.0" Kind="propagation" Navigation="null" OriginId="org.eclipse.jdt.ui.PackageExplorer" StartDate="2014-10-14 08:58:41.399 JST" StructureHandle="/TA2/src/ta2/main/ImageActv.java" StructureKind="resource"/><InteractionEvent Delta="null" EndDate="2014-10-14 09:13:09.459 JST" Interest="4.1340003" Kind="manipulation" Navigation="null" OriginId="org.eclipse.mylyn.core.model.interest.decay.correction" StartDate="2014-10-14 09:13:09.459 JST" StructureHandle="/TA2/src/ta2/adapters/Adp_ListItems.java" StructureKind="resource"/><InteractionEvent Delta="null" EndDate="2014-10-14 09:13:09.459 JST" Interest="2.0" Kind="propagation" Navigation="null" OriginId="org.eclipse.jdt.ui.PackageExplorer" StartDate="2014-10-14 08:58:43.19 JST" StructureHandle="/TA2/src/ta2/adapters/Adp_ListItems.java" StructureKind="resource" NumEvents="2" CreationCount="742"/><InteractionEvent Delta="null" EndDate="2014-10-14 09:33:53.539 JST" Interest="9.0" Kind="edit" Navigation="null" OriginId="org.eclipse.jdt.ui.CompilationUnitEditor" StartDate="2014-10-14 09:33:27.288 JST" StructureHandle="=TA2/src&amp;lt;ta2.utils{CONS.java[CONS[ShowListActv^dialog_LV_Height_Ratio" StructureKind="java" NumEvents="9" CreationCount="1362"/><InteractionEvent Delta="null" EndDate="2014-10-14 09:38:43.908 JST" Interest="2.0" Kind="selection" Navigation="null" OriginId="org.eclipse.jdt.ui.CompilationUnitEditor" StartDate="2014-10-14 09:33:26.64 JST" StructureHandle="=TA2/src&amp;lt;ta2.utils{CONS.java[CONS[ShowListActv^dialog_LV_Height_Ratio" StructureKind="java" NumEvents="2" CreationCount="1362"/><InteractionEvent Delta="null" EndDate="2014-10-14 08:54:20.759 JST" Interest="1.0" Kind="edit" Navigation="null" OriginId="org.eclipse.jdt.ui.CompilationUnitEditor" StartDate="2014-10-14 08:54:20.759 JST" StructureHandle="=TA2/src&amp;lt;ta2.items{FilterHistory.java[FilterHistory~setOperator~I" StructureKind="java"/><InteractionEvent Delta="null" EndDate="2014-10-14 08:54:19.727 JST" Interest="1.0" Kind="selection" Navigation="null" OriginId="org.eclipse.jdt.ui.CompilationUnitEditor" StartDate="2014-10-14 08:54:19.727 JST" StructureHandle="=TA2/src&amp;lt;ta2.items{FilterHistory.java[FilterHistory~setOperator~I" StructureKind="java"/><InteractionEvent Delta="null" EndDate="2014-10-14 08:40:41.255 JST" Interest="1.0" Kind="propagation" Navigation="null" OriginId="org.eclipse.mylyn.resources.ui.interest.updater" StartDate="2014-10-14 08:40:41.255 JST" StructureHandle="/TA2/res/layout/list_row_Filter_History.xml" StructureKind="resource"/><InteractionEvent Delta="null" EndDate="2014-10-14 08:40:46.733 JST" Interest="1.0" Kind="selection" Navigation="null" OriginId="org.eclipse.jdt.ui.PackageExplorer" StartDate="2014-10-14 08:40:46.733 JST" StructureHandle="/TA2/res/layout/list_row_Filter_History.xml" StructureKind="resource"/><InteractionEvent Delta="null" EndDate="2014-10-14 10:16:54.231 JST" Interest="387.259" Kind="propagation" Navigation="org.eclipse.mylyn.core.model.edges.containment" OriginId="org.eclipse.mylyn.core.model.interest.propagation" StartDate="2014-10-14 08:17:34.740 JST" StructureHandle="=TA2/src" StructureKind="java" NumEvents="569" CreationCount="7"/><InteractionEvent Delta="null" EndDate="2014-10-14 09:31:02.853 JST" Interest="2.0" Kind="selection" Navigation="null" OriginId="org.eclipse.search.ui.views.SearchView" StartDate="2014-10-14 08:17:33.732 JST" StructureHandle="=TA2/src" StructureKind="java" NumEvents="2" CreationCount="7"/><InteractionEvent Delta="null" EndDate="2014-10-14 08:57:32.719 JST" Interest="2.0" Kind="edit" Navigation="null" OriginId="org.eclipse.jdt.ui.CompilationUnitEditor" StartDate="2014-10-14 08:57:31.334 JST" StructureHandle="=TA2/src&amp;lt;ta2.utils{CONS.java[CONS[Enums[SortOrder" StructureKind="java" NumEvents="2" CreationCount="711"/><InteractionEvent Delta="null" EndDate="2014-10-14 09:04:04.903 JST" Interest="6.0" Kind="selection" Navigation="null" OriginId="org.eclipse.jdt.ui.CompilationUnitEditor" StartDate="2014-10-14 08:57:30.756 JST" StructureHandle="=TA2/src&amp;lt;ta2.utils{CONS.java[CONS[Enums[SortOrder" StructureKind="java" NumEvents="6" CreationCount="711"/><InteractionEvent Delta="null" EndDate="2014-10-14 08:22:58.583 JST" Interest="1.9750001" Kind="manipulation" Navigation="null" OriginId="org.eclipse.mylyn.core.model.interest.decay.correction" StartDate="2014-10-14 08:22:58.583 JST" StructureHandle="/TA2/src/ta2/adapters" StructureKind="resource"/><InteractionEvent Delta="null" EndDate="2014-10-14 10:09:58.182 JST" Interest="500.503" Kind="propagation" Navigation="null" OriginId="org.eclipse.jdt.ui.CompilationUnitEditor" StartDate="2014-10-14 08:17:34.738 JST" StructureHandle="/TA2/src/ta2/adapters" StructureKind="resource" NumEvents="493" CreationCount="8"/><InteractionEvent Delta="null" EndDate="2014-10-14 10:06:27.922 JST" Interest="12.345001" Kind="manipulation" Navigation="null" OriginId="org.eclipse.mylyn.core.model.interest.decay.correction" StartDate="2014-10-14 10:06:27.922 JST" StructureHandle="=TA2/src&amp;lt;ta2.items{FilterHistory.java[FilterHistory[Builder" StructureKind="java"/><InteractionEvent Delta="null" EndDate="2014-10-14 10:06:32.447 JST" Interest="3.3719997" Kind="propagation" Navigation="org.eclipse.mylyn.core.model.edges.containment" OriginId="org.eclipse.mylyn.core.model.interest.propagation" StartDate="2014-10-14 08:53:00.961 JST" StructureHandle="=TA2/src&amp;lt;ta2.items{FilterHistory.java[FilterHistory[Builder" StructureKind="java" NumEvents="7" CreationCount="613"/><InteractionEvent Delta="null" EndDate="2014-10-14 08:53:57.579 JST" Interest="3.0" Kind="edit" Navigation="null" OriginId="org.eclipse.jdt.ui.CompilationUnitEditor" StartDate="2014-10-14 08:53:53.656 JST" StructureHandle="=TA2/src&amp;lt;ta2.items{FilterHistory.java[FilterHistory[Builder" StructureKind="java" NumEvents="3" CreationCount="613"/><InteractionEvent Delta="null" EndDate="2014-10-14 10:06:27.922 JST" Interest="5.0" Kind="selection" Navigation="null" OriginId="org.eclipse.jdt.ui.CompilationUnitEditor" StartDate="2014-10-14 08:52:59.512 JST" StructureHandle="=TA2/src&amp;lt;ta2.items{FilterHistory.java[FilterHistory[Builder" StructureKind="java" NumEvents="5" CreationCount="613"/><InteractionEvent Delta="null" EndDate="2014-10-14 09:30:53.743 JST" Interest="1.7" Kind="propagation" Navigation="org.eclipse.mylyn.core.model.edges.containment" OriginId="org.eclipse.mylyn.core.model.interest.propagation" StartDate="2014-10-14 09:30:52.282 JST" StructureHandle="=IFM11/src&amp;lt;ifm11.utils{CONS.java[CONS[Admin" StructureKind="java" NumEvents="2" CreationCount="1270"/><InteractionEvent Delta="null" EndDate="2014-10-14 09:30:54.445 JST" Interest="1.0" Kind="selection" Navigation="null" OriginId="org.eclipse.jdt.ui.CompilationUnitEditor" StartDate="2014-10-14 09:30:54.445 JST" StructureHandle="=IFM11/src&amp;lt;ifm11.utils{CONS.java[CONS[Admin" StructureKind="java"/><InteractionEvent Delta="null" EndDate="2014-10-14 10:16:54.227 JST" Interest="503.0" Kind="edit" Navigation="null" OriginId="org.eclipse.jdt.ui.CompilationUnitEditor" StartDate="2014-10-14 08:20:57.45 JST" StructureHandle="=TA2/src&amp;lt;ta2.utils{Methods_dlg.java[Methods_dlg~dlg_Filter_History~QActivity;" StructureKind="java" NumEvents="503" CreationCount="134"/><InteractionEvent Delta="null" EndDate="2014-10-14 10:15:57.489 JST" Interest="35.0" Kind="selection" Navigation="null" OriginId="org.eclipse.jdt.ui.CompilationUnitEditor" StartDate="2014-10-14 08:20:56.465 JST" StructureHandle="=TA2/src&amp;lt;ta2.utils{Methods_dlg.java[Methods_dlg~dlg_Filter_History~QActivity;" StructureKind="java" NumEvents="35" CreationCount="134"/></InteractionHistory>