<?xml version="1.0" encoding="UTF-8"?><InteractionHistory Id="local-82" Version="1"><InteractionEvent Delta="null" EndDate="2014-09-17 21:07:56.738 JST" Interest="10.0" Kind="propagation" Navigation="null" OriginId="org.eclipse.jdt.ui.CompilationUnitEditor" StartDate="2014-09-17 21:05:47.391 JST" StructureHandle="/SL3/src/sl3/listeners/button/BO_CL.java" StructureKind="resource" NumEvents="10" CreationCount="728"/><InteractionEvent Delta="null" EndDate="2014-09-17 16:56:34.292 JST" Interest="13.433999" Kind="propagation" Navigation="org.eclipse.mylyn.core.model.edges.containment" OriginId="org.eclipse.mylyn.core.model.interest.propagation" StartDate="2014-09-17 16:52:39.885 JST" StructureHandle="=SL3/src&amp;lt;sl3.adapters{ItemListAdapter2.java[ItemListAdapter2" StructureKind="java" NumEvents="17" CreationCount="242"/><InteractionEvent Delta="null" EndDate="2014-09-17 21:26:31.939 JST" Interest="901.01697" Kind="propagation" Navigation="org.eclipse.mylyn.core.model.edges.containment" OriginId="org.eclipse.mylyn.core.model.interest.propagation" StartDate="2014-09-17 16:41:07.384 JST" StructureHandle="=SL3" StructureKind="resource" NumEvents="903" CreationCount="1"/><InteractionEvent Delta="null" EndDate="2014-09-17 16:49:03.384 JST" Interest="2.0" Kind="selection" Navigation="null" OriginId="org.eclipse.jdt.ui.PackageExplorer" StartDate="2014-09-17 16:41:12.879 JST" StructureHandle="=SL3/src" StructureKind="java" NumEvents="2" CreationCount="1"/><InteractionEvent Delta="null" EndDate="2014-09-17 21:26:31.940 JST" Interest="281.15903" Kind="propagation" Navigation="org.eclipse.mylyn.core.model.edges.containment" OriginId="org.eclipse.mylyn.core.model.interest.propagation" StartDate="2014-09-17 16:41:07.384 JST" StructureHandle="=SL3/src" StructureKind="java" NumEvents="403" CreationCount="1"/><InteractionEvent Delta="null" EndDate="2014-09-17 16:54:42.733 JST" Interest="1.0" Kind="propagation" Navigation="org.eclipse.mylyn.core.model.edges.containment" OriginId="org.eclipse.mylyn.core.model.interest.propagation" StartDate="2014-09-17 16:54:42.733 JST" StructureHandle="/SL3/bin/res/crunch/drawable" StructureKind="resource"/><InteractionEvent Delta="null" EndDate="2014-09-17 16:52:36.933 JST" Interest="1.0" Kind="selection" Navigation="null" OriginId="org.eclipse.jdt.ui.PackageExplorer" StartDate="2014-09-17 16:52:36.933 JST" StructureHandle="=SL3/src&amp;lt;sl3.adapters" StructureKind="java"/><InteractionEvent Delta="null" EndDate="2014-09-17 21:07:54.148 JST" Interest="42.734" Kind="propagation" Navigation="org.eclipse.mylyn.core.model.edges.containment" OriginId="org.eclipse.mylyn.core.model.interest.propagation" StartDate="2014-09-17 16:52:16.136 JST" StructureHandle="=SL3/src&amp;lt;sl3.adapters" StructureKind="java" NumEvents="64" CreationCount="232"/><InteractionEvent Delta="null" EndDate="2014-09-17 16:41:17.255 JST" Interest="1.0" Kind="selection" Navigation="null" OriginId="org.eclipse.ui.views.ContentOutline" StartDate="2014-09-17 16:41:17.255 JST" StructureHandle="=SL3/src&amp;lt;sl3.utils{Methods.java[Methods~filterList3~QActivity;~QString;~QString;" StructureKind="java"/><InteractionEvent Delta="null" EndDate="2014-09-17 21:07:56.281 JST" Interest="10.0" Kind="selection" Navigation="null" OriginId="org.eclipse.jdt.ui.CompilationUnitEditor" StartDate="2014-09-17 17:05:51.513 JST" StructureHandle="=SL3/src&amp;lt;sl3.listeners.list{LOI_CL.java[LOI_CL~tab_itemList~QAdapterView\&amp;lt;*&amp;gt;;~I" StructureKind="java" NumEvents="10" CreationCount="619"/><InteractionEvent Delta="null" EndDate="2014-09-17 21:04:54.647 JST" Interest="28.0" Kind="edit" Navigation="null" OriginId="org.eclipse.jdt.ui.CompilationUnitEditor" StartDate="2014-09-17 17:05:53.262 JST" StructureHandle="=SL3/src&amp;lt;sl3.listeners.list{LOI_CL.java[LOI_CL~tab_itemList~QAdapterView\&amp;lt;*&amp;gt;;~I" StructureKind="java" NumEvents="28" CreationCount="619"/><InteractionEvent Delta="null" EndDate="2014-09-17 21:07:56.129 JST" Interest="4.0" Kind="selection" Navigation="null" OriginId="org.eclipse.jdt.ui.CompilationUnitEditor" StartDate="2014-09-17 17:05:47.938 JST" StructureHandle="=SL3/src&amp;lt;sl3.listeners.list{LOI_CL.java" StructureKind="java" NumEvents="4" CreationCount="615"/><InteractionEvent Delta="null" EndDate="2014-09-17 21:05:20.67 JST" Interest="25.668" Kind="propagation" Navigation="org.eclipse.mylyn.core.model.edges.containment" OriginId="org.eclipse.mylyn.core.model.interest.propagation" StartDate="2014-09-17 17:05:48.608 JST" StructureHandle="=SL3/src&amp;lt;sl3.listeners.list{LOI_CL.java" StructureKind="java" NumEvents="40" CreationCount="615"/><InteractionEvent Delta="null" EndDate="2014-09-17 21:04:59.656 JST" Interest="1.0" Kind="propagation" Navigation="null" OriginId="org.eclipse.jdt.ui.PackageExplorer" StartDate="2014-09-17 21:04:59.656 JST" StructureHandle="/SL3/src/sl/main/PrefActv.java" StructureKind="resource"/><InteractionEvent Delta="null" EndDate="2014-09-17 17:01:16.175 JST" Interest="1.0" Kind="selection" Navigation="null" OriginId="org.eclipse.jdt.ui.CompilationUnitEditor" StartDate="2014-09-17 17:01:16.175 JST" StructureHandle="=SL3/src&amp;lt;sl.main{TabActv.java[TabActv~createTabContent~QString;" StructureKind="java"/><InteractionEvent Delta="null" EndDate="2014-09-17 17:01:16.181 JST" Interest="2.0" Kind="edit" Navigation="null" OriginId="org.eclipse.jdt.ui.CompilationUnitEditor" StartDate="2014-09-17 17:01:16.178 JST" StructureHandle="=SL3/src&amp;lt;sl.main{TabActv.java[TabActv~createTabContent~QString;" StructureKind="java" NumEvents="2" CreationCount="438"/><InteractionEvent Delta="null" EndDate="2014-09-17 17:07:33.291 JST" Interest="9.0" Kind="selection" Navigation="null" OriginId="org.eclipse.ui.views.ContentOutline" StartDate="2014-09-17 16:41:19.304 JST" StructureHandle="=SL3/src&amp;lt;sl.main{TabActv.java[TabActv" StructureKind="java" NumEvents="9" CreationCount="7"/><InteractionEvent Delta="null" EndDate="2014-09-17 17:07:32.232 JST" Interest="7.0" Kind="edit" Navigation="null" OriginId="org.eclipse.jdt.ui.CompilationUnitEditor" StartDate="2014-09-17 16:48:30.189 JST" StructureHandle="=SL3/src&amp;lt;sl.main{TabActv.java[TabActv" StructureKind="java" NumEvents="7" CreationCount="7"/><InteractionEvent Delta="null" EndDate="2014-09-17 21:12:38.883 JST" Interest="269.157" Kind="propagation" Navigation="org.eclipse.mylyn.core.model.edges.containment" OriginId="org.eclipse.mylyn.core.model.interest.propagation" StartDate="2014-09-17 16:41:21.773 JST" StructureHandle="=SL3/src&amp;lt;sl.main{TabActv.java[TabActv" StructureKind="java" NumEvents="377" CreationCount="7"/><InteractionEvent Delta="null" EndDate="2014-09-17 21:07:56.738 JST" Interest="10.0" Kind="propagation" Navigation="org.eclipse.mylyn.core.model.edges.containment" OriginId="org.eclipse.mylyn.core.model.interest.propagation" StartDate="2014-09-17 21:05:47.391 JST" StructureHandle="/SL3/src/sl3/listeners/button" StructureKind="resource" NumEvents="10" CreationCount="728"/><InteractionEvent Delta="null" EndDate="2014-09-17 21:05:07.295 JST" Interest="1.0" Kind="selection" Navigation="null" OriginId="org.eclipse.jdt.ui.PackageExplorer" StartDate="2014-09-17 21:05:07.295 JST" StructureHandle="=SL3/src&amp;lt;sl3.items{ListItem.java" StructureKind="java"/><InteractionEvent Delta="null" EndDate="2014-09-17 21:03:56.592 JST" Interest="2.0" Kind="selection" Navigation="null" OriginId="org.eclipse.jdt.ui.CompilationUnitEditor" StartDate="2014-09-17 21:03:45.757 JST" StructureHandle="=SL3/src&amp;lt;sl3.listeners.list{LOI_CL.java[LOI_CL~tab_toBuyList~QAdapterView\&amp;lt;*&amp;gt;;~I" StructureKind="java" NumEvents="2" CreationCount="691"/><InteractionEvent Delta="null" EndDate="2014-09-17 21:03:59.569 JST" Interest="2.0" Kind="edit" Navigation="null" OriginId="org.eclipse.jdt.ui.CompilationUnitEditor" StartDate="2014-09-17 21:03:48.507 JST" StructureHandle="=SL3/src&amp;lt;sl3.listeners.list{LOI_CL.java[LOI_CL~tab_toBuyList~QAdapterView\&amp;lt;*&amp;gt;;~I" StructureKind="java" NumEvents="2" CreationCount="691"/><InteractionEvent Delta="null" EndDate="2014-09-17 16:49:14.291 JST" Interest="1.3290002" Kind="manipulation" Navigation="null" OriginId="org.eclipse.mylyn.core.model.interest.decay.correction" StartDate="2014-09-17 16:49:14.291 JST" StructureHandle="/SL3/src/sl3/utils" StructureKind="resource"/><InteractionEvent Delta="null" EndDate="2014-09-17 21:12:31.993 JST" Interest="141.017" Kind="propagation" Navigation="null" OriginId="org.eclipse.jdt.ui.CompilationUnitEditor" StartDate="2014-09-17 16:41:17.256 JST" StructureHandle="/SL3/src/sl3/utils" StructureKind="resource" NumEvents="142" CreationCount="6"/><InteractionEvent Delta="null" EndDate="2014-09-17 16:49:07.587 JST" Interest="1.0" Kind="selection" Navigation="null" OriginId="org.eclipse.ui.views.ContentOutline" StartDate="2014-09-17 16:49:07.587 JST" StructureHandle="=SL3/src&amp;lt;sl.main{DBActv.java[DBActv~onOptionsItemSelected~QMenuItem;" StructureKind="java"/><InteractionEvent Delta="null" EndDate="2014-09-17 16:49:08.937 JST" Interest="2.0" Kind="edit" Navigation="null" OriginId="org.eclipse.jdt.ui.CompilationUnitEditor" StartDate="2014-09-17 16:49:08.928 JST" StructureHandle="=SL3/src&amp;lt;sl.main{DBActv.java[DBActv~onOptionsItemSelected~QMenuItem;" StructureKind="java" NumEvents="2" CreationCount="135"/><InteractionEvent Delta="null" EndDate="2014-09-17 16:49:09.611 JST" Interest="1.0" Kind="selection" Navigation="null" OriginId="org.eclipse.jdt.ui.CompilationUnitEditor" StartDate="2014-09-17 16:49:09.611 JST" StructureHandle="=SL3/src&amp;lt;sl.main{DBActv.java[DBActv~onCreateOptionsMenu~QMenu;" StructureKind="java"/><InteractionEvent Delta="null" EndDate="2014-09-17 21:07:56.585 JST" Interest="3.0" Kind="selection" Navigation="null" OriginId="org.eclipse.jdt.ui.CompilationUnitEditor" StartDate="2014-09-17 21:05:47.390 JST" StructureHandle="=SL3/src&amp;lt;sl3.listeners.button{BO_CL.java" StructureKind="java" NumEvents="3" CreationCount="728"/><InteractionEvent Delta="null" EndDate="2014-09-17 21:06:23.132 JST" Interest="2.1509998" Kind="propagation" Navigation="org.eclipse.mylyn.core.model.edges.containment" OriginId="org.eclipse.mylyn.core.model.interest.propagation" StartDate="2014-09-17 21:05:48.423 JST" StructureHandle="=SL3/src&amp;lt;sl3.listeners.button{BO_CL.java" StructureKind="java" NumEvents="6" CreationCount="728"/><InteractionEvent Delta="null" EndDate="2014-09-17 16:41:17.256 JST" Interest="1.0" Kind="propagation" Navigation="org.eclipse.mylyn.core.model.edges.containment" OriginId="org.eclipse.mylyn.core.model.interest.propagation" StartDate="2014-09-17 16:41:17.256 JST" StructureHandle="=SL3/src&amp;lt;sl3.utils{Methods.java" StructureKind="java"/><InteractionEvent Delta="null" EndDate="2014-09-17 21:24:36.957 JST" Interest="1.0" Kind="selection" Navigation="null" OriginId="org.eclipse.ui.views.ContentOutline" StartDate="2014-09-17 21:24:36.957 JST" StructureHandle="=SL3/src&amp;lt;sl.main{TabActv.java[TabActv~_do_test_D_4_V_1_0" StructureKind="java"/><InteractionEvent Delta="null" EndDate="2014-09-17 21:26:31.336 JST" Interest="2.0" Kind="edit" Navigation="null" OriginId="org.eclipse.jdt.ui.CompilationUnitEditor" StartDate="2014-09-17 21:26:31.316 JST" StructureHandle="=SL3/src&amp;lt;sl.main{TabActv.java[TabActv~_do_test_D_4_V_1_0" StructureKind="java" NumEvents="2" CreationCount="900"/><InteractionEvent Delta="null" EndDate="2014-09-17 21:09:57.860 JST" Interest="6.0" Kind="selection" Navigation="null" OriginId="org.eclipse.jdt.ui.CompilationUnitEditor" StartDate="2014-09-17 21:06:39.279 JST" StructureHandle="=SL3/src&amp;lt;sl3.utils{Methods_sl.java[Methods_sl~updateListView_ToBuyList~QActivity;" StructureKind="java" NumEvents="6" CreationCount="736"/><InteractionEvent Delta="null" EndDate="2014-09-17 21:12:31.992 JST" Interest="90.0" Kind="edit" Navigation="null" OriginId="org.eclipse.jdt.ui.CompilationUnitEditor" StartDate="2014-09-17 21:06:40.573 JST" StructureHandle="=SL3/src&amp;lt;sl3.utils{Methods_sl.java[Methods_sl~updateListView_ToBuyList~QActivity;" StructureKind="java" NumEvents="90" CreationCount="736"/><InteractionEvent Delta="null" EndDate="2014-09-17 16:49:12.647 JST" Interest="1.0" Kind="propagation" Navigation="null" OriginId="org.eclipse.jdt.ui.PackageExplorer" StartDate="2014-09-17 16:49:12.647 JST" StructureHandle="/SL3/src/sl/main/RegisterItemActv.java" StructureKind="resource"/><InteractionEvent Delta="null" EndDate="2014-09-17 17:06:52.818 JST" Interest="4.0" Kind="selection" Navigation="null" OriginId="org.eclipse.jdt.ui.CompilationUnitEditor" StartDate="2014-09-17 16:56:38.721 JST" StructureHandle="=SL3/src&amp;lt;sl3.adapters{ItemListAdapter2.java[ItemListAdapter2~getView~I~QView;~QViewGroup;" StructureKind="java" NumEvents="4" CreationCount="329"/><InteractionEvent Delta="null" EndDate="2014-09-17 16:57:12.965 JST" Interest="8.0" Kind="edit" Navigation="null" OriginId="org.eclipse.jdt.ui.CompilationUnitEditor" StartDate="2014-09-17 16:56:38.724 JST" StructureHandle="=SL3/src&amp;lt;sl3.adapters{ItemListAdapter2.java[ItemListAdapter2~getView~I~QView;~QViewGroup;" StructureKind="java" NumEvents="8" CreationCount="329"/><InteractionEvent Delta="null" EndDate="2014-09-17 17:01:17.401 JST" Interest="2.9610002" Kind="manipulation" Navigation="null" OriginId="org.eclipse.mylyn.core.model.interest.decay.correction" StartDate="2014-09-17 17:01:17.401 JST" StructureHandle="=SL3/src&amp;lt;sl.main{TabActv.java[TabActv~setupListView_B22_v_1_1_b" StructureKind="java"/><InteractionEvent Delta="null" EndDate="2014-09-17 17:01:17.401 JST" Interest="2.0" Kind="selection" Navigation="null" OriginId="org.eclipse.jdt.ui.CompilationUnitEditor" StartDate="2014-09-17 16:51:20.449 JST" StructureHandle="=SL3/src&amp;lt;sl.main{TabActv.java[TabActv~setupListView_B22_v_1_1_b" StructureKind="java" NumEvents="2" CreationCount="207"/><InteractionEvent Delta="null" EndDate="2014-09-17 17:01:17.427 JST" Interest="2.0" Kind="edit" Navigation="null" OriginId="org.eclipse.jdt.ui.CompilationUnitEditor" StartDate="2014-09-17 17:01:17.417 JST" StructureHandle="=SL3/src&amp;lt;sl.main{TabActv.java[TabActv~setupListView_B22_v_1_1_b" StructureKind="java" NumEvents="2" CreationCount="207"/><InteractionEvent Delta="null" EndDate="2014-09-17 17:05:48.607 JST" Interest="1.0" Kind="selection" Navigation="null" OriginId="org.eclipse.jdt.ui.CompilationUnitEditor" StartDate="2014-09-17 17:05:48.607 JST" StructureHandle="=SL3/src&amp;lt;sl3.listeners.list{LOI_CL.java[LOI_CL~LOI_CL~QActivity;" StructureKind="java"/><InteractionEvent Delta="null" EndDate="2014-09-17 21:07:46.125 JST" Interest="11.0" Kind="selection" Navigation="null" OriginId="org.eclipse.jdt.ui.CompilationUnitEditor" StartDate="2014-09-17 17:03:46.229 JST" StructureHandle="=SL3/src&amp;lt;sl.main{TabActv.java[TabActv~_Setup_Listeners" StructureKind="java" NumEvents="11" CreationCount="560"/><InteractionEvent Delta="null" EndDate="2014-09-17 21:05:40.778 JST" Interest="26.0" Kind="edit" Navigation="null" OriginId="org.eclipse.jdt.ui.CompilationUnitEditor" StartDate="2014-09-17 17:03:46.820 JST" StructureHandle="=SL3/src&amp;lt;sl.main{TabActv.java[TabActv~_Setup_Listeners" StructureKind="java" NumEvents="26" CreationCount="560"/><InteractionEvent Delta="null" EndDate="2014-09-17 21:07:56.282 JST" Interest="60.426" Kind="propagation" Navigation="org.eclipse.mylyn.core.model.edges.containment" OriginId="org.eclipse.mylyn.core.model.interest.propagation" StartDate="2014-09-17 16:52:29.411 JST" StructureHandle="/SL3/src/sl3/listeners/list" StructureKind="resource" NumEvents="55" CreationCount="237"/><InteractionEvent Delta="null" EndDate="2014-09-17 21:07:54.147 JST" Interest="85.0" Kind="propagation" Navigation="null" OriginId="org.eclipse.jdt.ui.CompilationUnitEditor" StartDate="2014-09-17 16:52:16.136 JST" StructureHandle="/SL3/src/sl3/adapters/ToBuyListAdapter.java" StructureKind="resource" NumEvents="85" CreationCount="232"/><InteractionEvent Delta="null" EndDate="2014-09-17 16:52:45.43 JST" Interest="4.0" Kind="selection" Navigation="null" OriginId="org.eclipse.jdt.ui.CompilationUnitEditor" StartDate="2014-09-17 16:52:39.884 JST" StructureHandle="=SL3/src&amp;lt;sl3.adapters{ItemListAdapter2.java[ItemListAdapter2~ItemListAdapter2~QContext;~I~QList\&amp;lt;QSI;&amp;gt;;" StructureKind="java" NumEvents="4" CreationCount="242"/><InteractionEvent Delta="null" EndDate="2014-09-17 16:49:06.539 JST" Interest="1.0" Kind="selection" Navigation="null" OriginId="org.eclipse.ui.views.ContentOutline" StartDate="2014-09-17 16:49:06.539 JST" StructureHandle="=SL3/src&amp;lt;sl.main{DBActv.java%sl.main" StructureKind="java"/><InteractionEvent Delta="null" EndDate="2014-09-17 16:51:00.913 JST" Interest="1.0" Kind="selection" Navigation="null" OriginId="org.eclipse.jdt.ui.CompilationUnitEditor" StartDate="2014-09-17 16:51:00.913 JST" StructureHandle="=SL3/src&amp;lt;sl3.utils{Methods_sl.java[Methods_sl~sortItemList~QList\&amp;lt;QSI;&amp;gt;;" StructureKind="java"/><InteractionEvent Delta="null" EndDate="2014-09-17 16:51:12.921 JST" Interest="0.71700007" Kind="propagation" Navigation="org.eclipse.mylyn.core.model.edges.containment" OriginId="org.eclipse.mylyn.core.model.interest.propagation" StartDate="2014-09-17 16:51:01.967 JST" StructureHandle="=SL3/src&amp;lt;sl3.utils{Methods_sl.java[Methods_sl~sortItemList~QList\&amp;lt;QSI;&amp;gt;;" StructureKind="java" NumEvents="2" CreationCount="201"/><InteractionEvent Delta="null" EndDate="2014-09-17 21:07:53.886 JST" Interest="7.0" Kind="selection" Navigation="null" OriginId="org.eclipse.jdt.ui.CompilationUnitEditor" StartDate="2014-09-17 16:52:16.136 JST" StructureHandle="=SL3/src&amp;lt;sl3.adapters{ToBuyListAdapter.java" StructureKind="java" NumEvents="7" CreationCount="232"/><InteractionEvent Delta="null" EndDate="2014-09-17 21:07:54.148 JST" Interest="36.734" Kind="propagation" Navigation="org.eclipse.mylyn.core.model.edges.containment" OriginId="org.eclipse.mylyn.core.model.interest.propagation" StartDate="2014-09-17 16:52:16.804 JST" StructureHandle="=SL3/src&amp;lt;sl3.adapters{ToBuyListAdapter.java" StructureKind="java" NumEvents="55" CreationCount="232"/><InteractionEvent Delta="null" EndDate="2014-09-17 21:05:07.295 JST" Interest="8.939001" Kind="propagation" Navigation="org.eclipse.mylyn.core.model.edges.containment" OriginId="org.eclipse.mylyn.core.model.interest.propagation" StartDate="2014-09-17 16:52:33.342 JST" StructureHandle="/SL3/src/sl3/items" StructureKind="resource" NumEvents="2" CreationCount="238"/><InteractionEvent Delta="null" EndDate="2014-09-17 21:07:56.585 JST" Interest="5.151" Kind="propagation" Navigation="org.eclipse.mylyn.core.model.edges.containment" OriginId="org.eclipse.mylyn.core.model.interest.propagation" StartDate="2014-09-17 21:05:47.391 JST" StructureHandle="=SL3/src&amp;lt;sl3.listeners.button" StructureKind="java" NumEvents="9" CreationCount="728"/><InteractionEvent Delta="null" EndDate="2014-09-17 21:26:31.939 JST" Interest="901.01697" Kind="propagation" Navigation="org.eclipse.mylyn.core.model.edges.containment" OriginId="org.eclipse.mylyn.core.model.interest.propagation" StartDate="2014-09-17 16:41:07.384 JST" StructureHandle="/" StructureKind="resource" NumEvents="903" CreationCount="1"/><InteractionEvent Delta="null" EndDate="2014-09-17 21:05:07.295 JST" Interest="1.0" Kind="propagation" Navigation="null" OriginId="org.eclipse.jdt.ui.PackageExplorer" StartDate="2014-09-17 21:05:07.295 JST" StructureHandle="/SL3/src/sl3/items/ListItem.java" StructureKind="resource"/><InteractionEvent Delta="null" EndDate="2014-09-17 21:09:57.454 JST" Interest="33.0" Kind="propagation" Navigation="null" OriginId="org.eclipse.jdt.ui.CompilationUnitEditor" StartDate="2014-09-17 16:49:16.365 JST" StructureHandle="/SL3/src/sl3/utils/DBUtils.java" StructureKind="resource" NumEvents="33" CreationCount="144"/><InteractionEvent Delta="null" EndDate="2014-09-17 17:00:15.843 JST" Interest="3.0" Kind="propagation" Navigation="org.eclipse.mylyn.core.model.edges.containment" OriginId="org.eclipse.mylyn.core.model.interest.propagation" StartDate="2014-09-17 16:54:42.733 JST" StructureHandle="/SL3/bin" StructureKind="resource" NumEvents="3" CreationCount="300"/><InteractionEvent Delta="null" EndDate="2014-09-17 16:52:29.411 JST" Interest="1.0" Kind="selection" Navigation="null" OriginId="org.eclipse.jdt.ui.PackageExplorer" StartDate="2014-09-17 16:52:29.411 JST" StructureHandle="=SL3/src&amp;lt;sl3.listeners.list" StructureKind="java"/><InteractionEvent Delta="null" EndDate="2014-09-17 21:07:56.129 JST" Interest="35.094" Kind="propagation" Navigation="org.eclipse.mylyn.core.model.edges.containment" OriginId="org.eclipse.mylyn.core.model.interest.propagation" StartDate="2014-09-17 17:05:47.939 JST" StructureHandle="=SL3/src&amp;lt;sl3.listeners.list" StructureKind="java" NumEvents="43" CreationCount="237"/><InteractionEvent Delta="null" EndDate="2014-09-17 16:41:17.255 JST" Interest="1.0" Kind="propagation" Navigation="org.eclipse.mylyn.core.model.edges.containment" OriginId="org.eclipse.mylyn.core.model.interest.propagation" StartDate="2014-09-17 16:41:17.255 JST" StructureHandle="=SL3/src&amp;lt;sl3.utils{Methods.java[Methods" StructureKind="java"/><InteractionEvent Delta="null" EndDate="2014-09-17 21:09:56.57 JST" Interest="6.0" Kind="selection" Navigation="null" OriginId="org.eclipse.jdt.ui.CompilationUnitEditor" StartDate="2014-09-17 16:49:18.971 JST" StructureHandle="=SL3/src&amp;lt;sl3.utils{DBUtils.java[DBUtils~find_ALL_SIs~QActivity;" StructureKind="java" NumEvents="6" CreationCount="147"/><InteractionEvent Delta="null" EndDate="2014-09-17 16:49:35.770 JST" Interest="13.0" Kind="edit" Navigation="null" OriginId="org.eclipse.jdt.ui.CompilationUnitEditor" StartDate="2014-09-17 16:49:20.966 JST" StructureHandle="=SL3/src&amp;lt;sl3.utils{DBUtils.java[DBUtils~find_ALL_SIs~QActivity;" StructureKind="java" NumEvents="13" CreationCount="147"/><InteractionEvent Delta="null" EndDate="2014-09-17 21:05:48.422 JST" Interest="1.0" Kind="selection" Navigation="null" OriginId="org.eclipse.jdt.ui.CompilationUnitEditor" StartDate="2014-09-17 21:05:48.422 JST" StructureHandle="=SL3/src&amp;lt;sl3.listeners.button{BO_CL.java[BO_CL~BO_CL~QActivity;" StructureKind="java"/><InteractionEvent Delta="null" EndDate="2014-09-17 16:52:16.804 JST" Interest="1.0" Kind="selection" Navigation="null" OriginId="org.eclipse.jdt.ui.CompilationUnitEditor" StartDate="2014-09-17 16:52:16.804 JST" StructureHandle="=SL3/src&amp;lt;sl3.adapters{ToBuyListAdapter.java[ToBuyListAdapter~ToBuyListAdapter~QContext;~I~QList\&amp;lt;QSI;&amp;gt;;" StructureKind="java"/><InteractionEvent Delta="null" EndDate="2014-09-17 21:07:55.820 JST" Interest="7.0" Kind="selection" Navigation="null" OriginId="org.eclipse.jdt.ui.CompilationUnitEditor" StartDate="2014-09-17 16:52:38.87 JST" StructureHandle="=SL3/src&amp;lt;sl3.adapters{ItemListAdapter2.java" StructureKind="java" NumEvents="7" CreationCount="240"/><InteractionEvent Delta="null" EndDate="2014-09-17 16:53:27.966 JST" Interest="9.467999" Kind="propagation" Navigation="org.eclipse.mylyn.core.model.edges.containment" OriginId="org.eclipse.mylyn.core.model.interest.propagation" StartDate="2014-09-17 16:52:43.26 JST" StructureHandle="=SL3/src&amp;lt;sl3.adapters{ItemListAdapter2.java" StructureKind="java" NumEvents="15" CreationCount="240"/><InteractionEvent Delta="null" EndDate="2014-09-17 17:03:43.58 JST" Interest="1.0" Kind="selection" Navigation="null" OriginId="org.eclipse.ui.views.ContentOutline" StartDate="2014-09-17 17:03:43.58 JST" StructureHandle="=SL3/src&amp;lt;sl.main{TabActv.java%sl.main" StructureKind="java"/><InteractionEvent Delta="null" EndDate="2014-09-17 16:41:07.383 JST" Interest="1.0" Kind="selection" Navigation="null" OriginId="org.eclipse.jdt.ui.PackageExplorer" StartDate="2014-09-17 16:41:07.383 JST" StructureHandle="=SL3/src&amp;lt;sl.main" StructureKind="java"/><InteractionEvent Delta="null" EndDate="2014-09-17 21:26:31.940 JST" Interest="282.15903" Kind="propagation" Navigation="org.eclipse.mylyn.core.model.edges.containment" OriginId="org.eclipse.mylyn.core.model.interest.propagation" StartDate="2014-09-17 16:41:10.250 JST" StructureHandle="=SL3/src&amp;lt;sl.main" StructureKind="java" NumEvents="420" CreationCount="1"/><InteractionEvent Delta="null" EndDate="2014-09-17 21:11:47.340 JST" Interest="6.0" Kind="prediction" Navigation="null" OriginId="org.eclipse.mylyn.resources.ui.interest.updater" StartDate="2014-09-17 16:54:42.733 JST" StructureHandle="/SL3/bin/classes.dex" StructureKind="resource" NumEvents="6" CreationCount="300"/><InteractionEvent Delta="null" EndDate="2014-09-17 21:07:54.147 JST" Interest="8.0" Kind="selection" Navigation="null" OriginId="org.eclipse.jdt.ui.CompilationUnitEditor" StartDate="2014-09-17 16:52:25.31 JST" StructureHandle="=SL3/src&amp;lt;sl3.adapters{ToBuyListAdapter.java[ToBuyListAdapter~getView__1_setupTextView~QView;~QSI;" StructureKind="java" NumEvents="8" CreationCount="234"/><InteractionEvent Delta="null" EndDate="2014-09-17 17:05:29.876 JST" Interest="51.0" Kind="edit" Navigation="null" OriginId="org.eclipse.jdt.ui.CompilationUnitEditor" StartDate="2014-09-17 16:52:25.826 JST" StructureHandle="=SL3/src&amp;lt;sl3.adapters{ToBuyListAdapter.java[ToBuyListAdapter~getView__1_setupTextView~QView;~QSI;" StructureKind="java" NumEvents="51" CreationCount="234"/><InteractionEvent Delta="null" EndDate="2014-09-17 21:07:55.820 JST" Interest="126.0" Kind="propagation" Navigation="null" OriginId="org.eclipse.jdt.ui.CompilationUnitEditor" StartDate="2014-09-17 16:52:16.136 JST" StructureHandle="/SL3/src/sl3/adapters" StructureKind="resource" NumEvents="126" CreationCount="232"/><InteractionEvent Delta="null" EndDate="2014-09-17 21:26:31.940 JST" Interest="565.01697" Kind="propagation" Navigation="null" OriginId="org.eclipse.jdt.ui.CompilationUnitEditor" StartDate="2014-09-17 16:41:07.384 JST" StructureHandle="/SL3/src/sl/main" StructureKind="resource" NumEvents="566" CreationCount="1"/><InteractionEvent Delta="null" EndDate="2014-09-17 16:49:14.291 JST" Interest="1.312" Kind="manipulation" Navigation="null" OriginId="org.eclipse.mylyn.core.model.interest.decay.correction" StartDate="2014-09-17 16:49:14.291 JST" StructureHandle="=SL3/src&amp;lt;sl3.utils" StructureKind="java"/><InteractionEvent Delta="null" EndDate="2014-09-17 16:49:14.291 JST" Interest="1.0" Kind="selection" Navigation="null" OriginId="org.eclipse.jdt.ui.PackageExplorer" StartDate="2014-09-17 16:49:14.291 JST" StructureHandle="=SL3/src&amp;lt;sl3.utils" StructureKind="java"/><InteractionEvent Delta="null" EndDate="2014-09-17 21:12:31.993 JST" Interest="79.09801" Kind="propagation" Navigation="org.eclipse.mylyn.core.model.edges.containment" OriginId="org.eclipse.mylyn.core.model.interest.propagation" StartDate="2014-09-17 16:41:17.256 JST" StructureHandle="=SL3/src&amp;lt;sl3.utils" StructureKind="java" NumEvents="112" CreationCount="6"/><InteractionEvent Delta="null" EndDate="2014-09-17 16:54:07.593 JST" Interest="1.0" Kind="selection" Navigation="null" OriginId="org.eclipse.jdt.ui.CompilationUnitEditor" StartDate="2014-09-17 16:54:07.593 JST" StructureHandle="=SL3/src&amp;lt;sl3.adapters{ToBuyListAdapter.java[ToBuyListAdapter" StructureKind="java"/><InteractionEvent Delta="null" EndDate="2014-09-17 16:54:08.927 JST" Interest="1.0" Kind="edit" Navigation="null" OriginId="org.eclipse.jdt.ui.CompilationUnitEditor" StartDate="2014-09-17 16:54:08.927 JST" StructureHandle="=SL3/src&amp;lt;sl3.adapters{ToBuyListAdapter.java[ToBuyListAdapter" StructureKind="java"/><InteractionEvent Delta="null" EndDate="2014-09-17 21:07:54.147 JST" Interest="42.017002" Kind="propagation" Navigation="org.eclipse.mylyn.core.model.edges.containment" OriginId="org.eclipse.mylyn.core.model.interest.propagation" StartDate="2014-09-17 16:52:16.804 JST" StructureHandle="=SL3/src&amp;lt;sl3.adapters{ToBuyListAdapter.java[ToBuyListAdapter" StructureKind="java" NumEvents="59" CreationCount="233"/><InteractionEvent Delta="null" EndDate="2014-09-17 17:04:38.204 JST" Interest="7.0" Kind="selection" Navigation="null" OriginId="org.eclipse.jdt.ui.CompilationUnitEditor" StartDate="2014-09-17 16:54:10.927 JST" StructureHandle="=SL3/src&amp;lt;sl3.adapters{ToBuyListAdapter.java[ToBuyListAdapter~getView__2_setupBackground~QView;~QSI;~I" StructureKind="java" NumEvents="7" CreationCount="293"/><InteractionEvent Delta="null" EndDate="2014-09-17 17:04:35.873 JST" Interest="9.0" Kind="edit" Navigation="null" OriginId="org.eclipse.jdt.ui.CompilationUnitEditor" StartDate="2014-09-17 16:54:14.797 JST" StructureHandle="=SL3/src&amp;lt;sl3.adapters{ToBuyListAdapter.java[ToBuyListAdapter~getView__2_setupBackground~QView;~QSI;~I" StructureKind="java" NumEvents="9" CreationCount="293"/><InteractionEvent Delta="null" EndDate="2014-09-17 17:05:49.872 JST" Interest="1.0" Kind="selection" Navigation="null" OriginId="org.eclipse.jdt.ui.CompilationUnitEditor" StartDate="2014-09-17 17:05:49.872 JST" StructureHandle="=SL3/src&amp;lt;sl3.listeners.list{LOI_CL.java[LOI_CL~onItemClick~QAdapterView\&amp;lt;*&amp;gt;;~QView;~I~J" StructureKind="java"/><InteractionEvent Delta="null" EndDate="2014-09-17 17:05:50.649 JST" Interest="1.0" Kind="edit" Navigation="null" OriginId="org.eclipse.jdt.ui.CompilationUnitEditor" StartDate="2014-09-17 17:05:50.649 JST" StructureHandle="=SL3/src&amp;lt;sl3.listeners.list{LOI_CL.java[LOI_CL~onItemClick~QAdapterView\&amp;lt;*&amp;gt;;~QView;~I~J" StructureKind="java"/><InteractionEvent Delta="null" EndDate="2014-09-17 16:49:08.937 JST" Interest="2.4" Kind="propagation" Navigation="org.eclipse.mylyn.core.model.edges.containment" OriginId="org.eclipse.mylyn.core.model.interest.propagation" StartDate="2014-09-17 16:49:07.588 JST" StructureHandle="=SL3/src&amp;lt;sl.main{DBActv.java[DBActv" StructureKind="java" NumEvents="3" CreationCount="135"/><InteractionEvent Delta="null" EndDate="2014-09-17 21:07:56.738 JST" Interest="4.134" Kind="propagation" Navigation="org.eclipse.mylyn.core.model.edges.containment" OriginId="org.eclipse.mylyn.core.model.interest.propagation" StartDate="2014-09-17 21:05:48.423 JST" StructureHandle="=SL3/src&amp;lt;sl3.listeners.button{BO_CL.java[BO_CL" StructureKind="java" NumEvents="7" CreationCount="729"/><InteractionEvent Delta="null" EndDate="2014-09-17 21:07:55.820 JST" Interest="40.0" Kind="propagation" Navigation="null" OriginId="org.eclipse.jdt.ui.CompilationUnitEditor" StartDate="2014-09-17 16:52:38.87 JST" StructureHandle="/SL3/src/sl3/adapters/ItemListAdapter2.java" StructureKind="resource" NumEvents="40" CreationCount="240"/><InteractionEvent Delta="null" EndDate="2014-09-17 21:09:56.57 JST" Interest="15.099999" Kind="propagation" Navigation="org.eclipse.mylyn.core.model.edges.containment" OriginId="org.eclipse.mylyn.core.model.interest.propagation" StartDate="2014-09-17 16:49:18.971 JST" StructureHandle="=SL3/src&amp;lt;sl3.utils{DBUtils.java[DBUtils" StructureKind="java" NumEvents="19" CreationCount="147"/><InteractionEvent Delta="null" EndDate="2014-09-17 21:06:38.627 JST" Interest="7.344" Kind="manipulation" Navigation="null" OriginId="org.eclipse.mylyn.core.model.interest.decay.correction" StartDate="2014-09-17 21:06:38.627 JST" StructureHandle="=SL3/src&amp;lt;sl3.utils{Methods_sl.java" StructureKind="java"/><InteractionEvent Delta="null" EndDate="2014-09-17 21:09:57.604 JST" Interest="8.0" Kind="selection" Navigation="null" OriginId="org.eclipse.jdt.ui.CompilationUnitEditor" StartDate="2014-09-17 16:51:00.250 JST" StructureHandle="=SL3/src&amp;lt;sl3.utils{Methods_sl.java" StructureKind="java" NumEvents="8" CreationCount="200"/><InteractionEvent Delta="null" EndDate="2014-09-17 21:12:31.993 JST" Interest="62.768005" Kind="propagation" Navigation="org.eclipse.mylyn.core.model.edges.containment" OriginId="org.eclipse.mylyn.core.model.interest.propagation" StartDate="2014-09-17 16:51:00.914 JST" StructureHandle="=SL3/src&amp;lt;sl3.utils{Methods_sl.java" StructureKind="java" NumEvents="94" CreationCount="200"/><InteractionEvent Delta="null" EndDate="2014-09-17 16:54:42.733 JST" Interest="1.0" Kind="prediction" Navigation="null" OriginId="org.eclipse.mylyn.resources.ui.interest.updater" StartDate="2014-09-17 16:54:42.733 JST" StructureHandle="/SL3/bin/res/crunch/drawable/proj_icon.png" StructureKind="resource"/><InteractionEvent Delta="null" EndDate="2014-09-17 16:49:12.647 JST" Interest="1.0" Kind="selection" Navigation="null" OriginId="org.eclipse.jdt.ui.PackageExplorer" StartDate="2014-09-17 16:49:12.647 JST" StructureHandle="=SL3/src&amp;lt;sl.main{RegisterItemActv.java" StructureKind="java"/><InteractionEvent Delta="null" EndDate="2014-09-17 16:56:34.292 JST" Interest="5.0" Kind="selection" Navigation="null" OriginId="org.eclipse.jdt.ui.CompilationUnitEditor" StartDate="2014-09-17 16:52:44.988 JST" StructureHandle="=SL3/src&amp;lt;sl3.adapters{ItemListAdapter2.java[ItemListAdapter2~_getView__Setup_TVs~QView;~QSI;" StructureKind="java" NumEvents="5" CreationCount="244"/><InteractionEvent Delta="null" EndDate="2014-09-17 16:53:27.965 JST" Interest="12.0" Kind="edit" Navigation="null" OriginId="org.eclipse.jdt.ui.CompilationUnitEditor" StartDate="2014-09-17 16:52:45.531 JST" StructureHandle="=SL3/src&amp;lt;sl3.adapters{ItemListAdapter2.java[ItemListAdapter2~_getView__Setup_TVs~QView;~QSI;" StructureKind="java" NumEvents="12" CreationCount="244"/><InteractionEvent Delta="null" EndDate="2014-09-17 21:12:38.883 JST" Interest="30.0" Kind="selection" Navigation="null" OriginId="org.eclipse.ui.views.ContentOutline" StartDate="2014-09-17 16:45:35.281 JST" StructureHandle="=SL3/src&amp;lt;sl.main{TabActv.java[TabActv~_prep_ToBuyList" StructureKind="java" NumEvents="30" CreationCount="28"/><InteractionEvent Delta="null" EndDate="2014-09-17 21:12:36.309 JST" Interest="361.0" Kind="edit" Navigation="null" OriginId="org.eclipse.jdt.ui.CompilationUnitEditor" StartDate="2014-09-17 16:45:40.532 JST" StructureHandle="=SL3/src&amp;lt;sl.main{TabActv.java[TabActv~_prep_ToBuyList" StructureKind="java" NumEvents="361" CreationCount="28"/><InteractionEvent Delta="null" EndDate="2014-09-17 16:41:17.256 JST" Interest="1.0" Kind="propagation" Navigation="null" OriginId="org.eclipse.ui.views.ContentOutline" StartDate="2014-09-17 16:41:17.256 JST" StructureHandle="/SL3/src/sl3/utils/Methods.java" StructureKind="resource"/><InteractionEvent Delta="null" EndDate="2014-09-17 16:54:42.733 JST" Interest="1.0" Kind="propagation" Navigation="org.eclipse.mylyn.core.model.edges.containment" OriginId="org.eclipse.mylyn.core.model.interest.propagation" StartDate="2014-09-17 16:54:42.733 JST" StructureHandle="/SL3/bin/res" StructureKind="resource"/><InteractionEvent Delta="null" EndDate="2014-09-17 21:09:57.454 JST" Interest="13.0" Kind="selection" Navigation="null" OriginId="org.eclipse.jdt.ui.CompilationUnitEditor" StartDate="2014-09-17 16:49:16.365 JST" StructureHandle="=SL3/src&amp;lt;sl3.utils{DBUtils.java" StructureKind="java" NumEvents="13" CreationCount="144"/><InteractionEvent Delta="null" EndDate="2014-09-17 16:49:35.771 JST" Interest="8.151" Kind="propagation" Navigation="org.eclipse.mylyn.core.model.edges.containment" OriginId="org.eclipse.mylyn.core.model.interest.propagation" StartDate="2014-09-17 16:49:20.980 JST" StructureHandle="=SL3/src&amp;lt;sl3.utils{DBUtils.java" StructureKind="java" NumEvents="12" CreationCount="144"/><InteractionEvent Delta="null" EndDate="2014-09-17 21:06:38.628 JST" Interest="5.0950003" Kind="manipulation" Navigation="null" OriginId="org.eclipse.mylyn.core.model.interest.decay.correction" StartDate="2014-09-17 21:06:38.628 JST" StructureHandle="/SL3/src/sl3/utils/Methods_sl.java" StructureKind="resource"/><InteractionEvent Delta="null" EndDate="2014-09-17 21:12:31.992 JST" Interest="107.0" Kind="propagation" Navigation="null" OriginId="org.eclipse.jdt.ui.CompilationUnitEditor" StartDate="2014-09-17 16:51:00.250 JST" StructureHandle="/SL3/src/sl3/utils/Methods_sl.java" StructureKind="resource" NumEvents="107" CreationCount="200"/><InteractionEvent Delta="null" EndDate="2014-09-17 21:07:56.282 JST" Interest="54.0" Kind="propagation" Navigation="null" OriginId="org.eclipse.jdt.ui.CompilationUnitEditor" StartDate="2014-09-17 17:05:47.938 JST" StructureHandle="/SL3/src/sl3/listeners/list/LOI_CL.java" StructureKind="resource" NumEvents="54" CreationCount="615"/><InteractionEvent Delta="null" EndDate="2014-09-17 21:04:59.656 JST" Interest="1.0" Kind="selection" Navigation="null" OriginId="org.eclipse.jdt.ui.PackageExplorer" StartDate="2014-09-17 21:04:59.656 JST" StructureHandle="=SL3/src&amp;lt;sl.main{PrefActv.java" StructureKind="java"/><InteractionEvent Delta="null" EndDate="2014-09-17 16:54:42.733 JST" Interest="1.0" Kind="propagation" Navigation="org.eclipse.mylyn.core.model.edges.containment" OriginId="org.eclipse.mylyn.core.model.interest.propagation" StartDate="2014-09-17 16:54:42.733 JST" StructureHandle="/SL3/bin/res/crunch" StructureKind="resource"/><InteractionEvent Delta="null" EndDate="2014-09-17 21:05:23.837 JST" Interest="12.0" Kind="selection" Navigation="null" OriginId="org.eclipse.jdt.ui.CompilationUnitEditor" StartDate="2014-09-17 16:41:21.773 JST" StructureHandle="=SL3/src&amp;lt;sl.main{TabActv.java[TabActv~_Setup_ToBuyListView" StructureKind="java" NumEvents="12" CreationCount="8"/><InteractionEvent Delta="null" EndDate="2014-09-17 17:08:07.609 JST" Interest="61.0" Kind="edit" Navigation="null" OriginId="org.eclipse.jdt.ui.CompilationUnitEditor" StartDate="2014-09-17 16:41:22.311 JST" StructureHandle="=SL3/src&amp;lt;sl.main{TabActv.java[TabActv~_Setup_ToBuyListView" StructureKind="java" NumEvents="61" CreationCount="8"/><InteractionEvent Delta="null" EndDate="2014-09-17 21:26:31.940 JST" Interest="902.01697" Kind="propagation" Navigation="null" OriginId="org.eclipse.jdt.ui.CompilationUnitEditor" StartDate="2014-09-17 16:41:07.384 JST" StructureHandle="/SL3/src" StructureKind="resource" NumEvents="903" CreationCount="1"/><InteractionEvent Delta="null" EndDate="2014-09-17 16:51:12.921 JST" Interest="1.7" Kind="propagation" Navigation="org.eclipse.mylyn.core.model.edges.containment" OriginId="org.eclipse.mylyn.core.model.interest.propagation" StartDate="2014-09-17 16:51:01.967 JST" StructureHandle="=SL3/src&amp;lt;sl3.utils{Methods_sl.java[Methods_sl~sortItemList~QList\&amp;lt;QSI;&amp;gt;;[" StructureKind="java" NumEvents="2" CreationCount="202"/><InteractionEvent Delta="null" EndDate="2014-09-17 21:05:50.546 JST" Interest="1.0" Kind="selection" Navigation="null" OriginId="org.eclipse.jdt.ui.CompilationUnitEditor" StartDate="2014-09-17 21:05:50.546 JST" StructureHandle="=SL3/src&amp;lt;sl3.listeners.button{BO_CL.java[BO_CL~onClick~QView;" StructureKind="java"/><InteractionEvent Delta="null" EndDate="2014-09-17 21:26:31.939 JST" Interest="555.0" Kind="propagation" Navigation="null" OriginId="org.eclipse.jdt.ui.CompilationUnitEditor" StartDate="2014-09-17 16:41:10.249 JST" StructureHandle="/SL3/src/sl/main/TabActv.java" StructureKind="resource" NumEvents="555" CreationCount="2"/><InteractionEvent Delta="null" EndDate="2014-09-17 16:51:01.967 JST" Interest="1.0" Kind="selection" Navigation="null" OriginId="org.eclipse.jdt.ui.CompilationUnitEditor" StartDate="2014-09-17 16:51:01.967 JST" StructureHandle="=SL3/src&amp;lt;sl3.utils{Methods_sl.java[Methods_sl~sortItemList~QList\&amp;lt;QSI;&amp;gt;;[~compare~QSI;~QSI;" StructureKind="java"/><InteractionEvent Delta="null" EndDate="2014-09-17 16:51:12.921 JST" Interest="1.0" Kind="edit" Navigation="null" OriginId="org.eclipse.jdt.ui.CompilationUnitEditor" StartDate="2014-09-17 16:51:12.921 JST" StructureHandle="=SL3/src&amp;lt;sl3.utils{Methods_sl.java[Methods_sl~sortItemList~QList\&amp;lt;QSI;&amp;gt;;[~compare~QSI;~QSI;" StructureKind="java"/><InteractionEvent Delta="null" EndDate="2014-09-17 21:07:56.738 JST" Interest="2.0" Kind="selection" Navigation="null" OriginId="org.eclipse.jdt.ui.CompilationUnitEditor" StartDate="2014-09-17 21:05:51.841 JST" StructureHandle="=SL3/src&amp;lt;sl3.listeners.button{BO_CL.java[BO_CL~case_ITEMLIST_TABS_BT_CHOOSE" StructureKind="java" NumEvents="2" CreationCount="731"/><InteractionEvent Delta="null" EndDate="2014-09-17 21:06:23.131 JST" Interest="3.0" Kind="edit" Navigation="null" OriginId="org.eclipse.jdt.ui.CompilationUnitEditor" StartDate="2014-09-17 21:05:56.845 JST" StructureHandle="=SL3/src&amp;lt;sl3.listeners.button{BO_CL.java[BO_CL~case_ITEMLIST_TABS_BT_CHOOSE" StructureKind="java" NumEvents="3" CreationCount="731"/><InteractionEvent Delta="null" EndDate="2014-09-17 16:49:18.62 JST" Interest="1.0" Kind="selection" Navigation="null" OriginId="org.eclipse.ui.views.ContentOutline" StartDate="2014-09-17 16:49:18.62 JST" StructureHandle="=SL3/src&amp;lt;sl3.utils{DBUtils.java%sl3.utils" StructureKind="java"/><InteractionEvent Delta="null" EndDate="2014-09-17 21:11:47.340 JST" Interest="6.0" Kind="prediction" Navigation="null" OriginId="org.eclipse.mylyn.resources.ui.interest.updater" StartDate="2014-09-17 16:54:42.733 JST" StructureHandle="/SL3/bin/SL3.apk" StructureKind="resource" NumEvents="6" CreationCount="300"/><InteractionEvent Delta="null" EndDate="2014-09-17 21:26:31.940 JST" Interest="565.01697" Kind="propagation" Navigation="org.eclipse.mylyn.core.model.edges.containment" OriginId="org.eclipse.mylyn.core.model.interest.propagation" StartDate="2014-09-17 16:41:07.384 JST" StructureHandle="/SL3/src/sl" StructureKind="resource" NumEvents="566" CreationCount="1"/><InteractionEvent Delta="null" EndDate="2014-09-17 21:12:31.992 JST" Interest="78.095" Kind="propagation" Navigation="org.eclipse.mylyn.core.model.edges.containment" OriginId="org.eclipse.mylyn.core.model.interest.propagation" StartDate="2014-09-17 16:51:00.914 JST" StructureHandle="=SL3/src&amp;lt;sl3.utils{Methods_sl.java[Methods_sl" StructureKind="java" NumEvents="99" CreationCount="201"/><InteractionEvent Delta="null" EndDate="2014-09-17 21:12:34.718 JST" Interest="21.0" Kind="selection" Navigation="null" OriginId="org.eclipse.jdt.ui.CompilationUnitEditor" StartDate="2014-09-17 16:41:10.249 JST" StructureHandle="=SL3/src&amp;lt;sl.main{TabActv.java" StructureKind="java" NumEvents="21" CreationCount="2"/><InteractionEvent Delta="null" EndDate="2014-09-17 16:41:10.605 JST" Interest="1.0" Kind="edit" Navigation="null" OriginId="org.eclipse.jdt.ui.CompilationUnitEditor" StartDate="2014-09-17 16:41:10.605 JST" StructureHandle="=SL3/src&amp;lt;sl.main{TabActv.java" StructureKind="java"/><InteractionEvent Delta="null" EndDate="2014-09-17 21:12:38.884 JST" Interest="261.44202" Kind="propagation" Navigation="org.eclipse.mylyn.core.model.edges.containment" OriginId="org.eclipse.mylyn.core.model.interest.propagation" StartDate="2014-09-17 16:41:22.311 JST" StructureHandle="=SL3/src&amp;lt;sl.main{TabActv.java" StructureKind="java" NumEvents="377" CreationCount="2"/><InteractionEvent Delta="null" EndDate="2014-09-17 21:07:56.282 JST" Interest="60.426" Kind="propagation" Navigation="org.eclipse.mylyn.core.model.edges.containment" OriginId="org.eclipse.mylyn.core.model.interest.propagation" StartDate="2014-09-17 16:52:29.411 JST" StructureHandle="/SL3/src/sl3/listeners" StructureKind="resource" NumEvents="55" CreationCount="237"/><InteractionEvent Delta="null" EndDate="2014-09-17 16:54:42.733 JST" Interest="1.0" Kind="prediction" Navigation="null" OriginId="org.eclipse.mylyn.resources.ui.interest.updater" StartDate="2014-09-17 16:54:42.733 JST" StructureHandle="/SL3/bin/resources.ap_" StructureKind="resource"/><InteractionEvent Delta="null" EndDate="2014-09-17 16:49:12.556 JST" Interest="3.0" Kind="selection" Navigation="null" OriginId="org.eclipse.jdt.ui.PackageExplorer" StartDate="2014-09-17 16:49:03.593 JST" StructureHandle="=SL3/src&amp;lt;sl.main{DBActv.java" StructureKind="java" NumEvents="3" CreationCount="132"/><InteractionEvent Delta="null" EndDate="2014-09-17 16:49:08.937 JST" Interest="0.4510002" Kind="propagation" Navigation="org.eclipse.mylyn.core.model.edges.containment" OriginId="org.eclipse.mylyn.core.model.interest.propagation" StartDate="2014-09-17 16:49:08.937 JST" StructureHandle="=SL3/src&amp;lt;sl.main{DBActv.java" StructureKind="java"/><InteractionEvent Delta="null" EndDate="2014-09-17 21:04:00.564 JST" Interest="3.0" Kind="selection" Navigation="null" OriginId="org.eclipse.jdt.ui.CompilationUnitEditor" StartDate="2014-09-17 21:03:31.66 JST" StructureHandle="=SL3/src&amp;lt;sl3.listeners.list{LOI_CL.java[LOI_CL" StructureKind="java" NumEvents="3" CreationCount="616"/><InteractionEvent Delta="null" EndDate="2014-09-17 21:03:50.630 JST" Interest="2.0" Kind="edit" Navigation="null" OriginId="org.eclipse.jdt.ui.CompilationUnitEditor" StartDate="2014-09-17 21:03:31.672 JST" StructureHandle="=SL3/src&amp;lt;sl3.listeners.list{LOI_CL.java[LOI_CL" StructureKind="java" NumEvents="2" CreationCount="616"/><InteractionEvent Delta="null" EndDate="2014-09-17 21:07:56.282 JST" Interest="25.251" Kind="propagation" Navigation="org.eclipse.mylyn.core.model.edges.containment" OriginId="org.eclipse.mylyn.core.model.interest.propagation" StartDate="2014-09-17 17:05:48.607 JST" StructureHandle="=SL3/src&amp;lt;sl3.listeners.list{LOI_CL.java[LOI_CL" StructureKind="java" NumEvents="35" CreationCount="616"/><InteractionEvent Delta="null" EndDate="2014-09-17 17:03:33.524 JST" Interest="1.0" Kind="selection" Navigation="null" OriginId="org.eclipse.ui.views.ContentOutline" StartDate="2014-09-17 17:03:33.524 JST" StructureHandle="=SL3/src&amp;lt;sl.main{TabActv.java[TabActv~onOptionsItemSelected~QMenuItem;" StructureKind="java"/><InteractionEvent Delta="null" EndDate="2014-09-17 17:03:36.587 JST" Interest="3.0" Kind="edit" Navigation="null" OriginId="org.eclipse.jdt.ui.CompilationUnitEditor" StartDate="2014-09-17 17:03:35.822 JST" StructureHandle="=SL3/src&amp;lt;sl.main{TabActv.java[TabActv~onOptionsItemSelected~QMenuItem;" StructureKind="java" NumEvents="3" CreationCount="554"/><InteractionEvent Delta="null" EndDate="2014-09-17 16:49:12.556 JST" Interest="8.0" Kind="propagation" Navigation="null" OriginId="org.eclipse.jdt.ui.PackageExplorer" StartDate="2014-09-17 16:49:03.593 JST" StructureHandle="/SL3/src/sl/main/DBActv.java" StructureKind="resource" NumEvents="8" CreationCount="132"/><InteractionEvent Delta="null" EndDate="2014-09-17 21:12:31.992 JST" Interest="141.34601" Kind="propagation" Navigation="org.eclipse.mylyn.core.model.edges.containment" OriginId="org.eclipse.mylyn.core.model.interest.propagation" StartDate="2014-09-17 16:41:17.256 JST" StructureHandle="/SL3/src/sl3" StructureKind="resource" NumEvents="144" CreationCount="6"/><InteractionEvent Delta="null" EndDate="2014-09-17 16:52:33.342 JST" Interest="1.0" Kind="selection" Navigation="null" OriginId="org.eclipse.jdt.ui.PackageExplorer" StartDate="2014-09-17 16:52:33.342 JST" StructureHandle="=SL3/src&amp;lt;sl3.items" StructureKind="java"/><InteractionEvent Delta="null" EndDate="2014-09-17 21:05:07.295 JST" Interest="7.9390006" Kind="propagation" Navigation="org.eclipse.mylyn.core.model.edges.containment" OriginId="org.eclipse.mylyn.core.model.interest.propagation" StartDate="2014-09-17 21:05:07.295 JST" StructureHandle="=SL3/src&amp;lt;sl3.items" StructureKind="java"/><InteractionEvent Delta="null" EndDate="2014-09-17 21:26:31.939 JST" Interest="1.0" Kind="selection" Navigation="null" OriginId="org.eclipse.jdt.ui.CompilationUnitEditor" StartDate="2014-09-17 21:26:31.939 JST" StructureHandle="=SL3/src&amp;lt;sl.main{TabActv.java[TabActv~_do_test_D_4_SEG_1_V_3_0" StructureKind="java"/></InteractionHistory>