<?xml version="1.0" encoding="UTF-8"?><InteractionHistory Id="local-70" Version="1"><InteractionEvent Delta="null" EndDate="2014-09-15 15:23:01.962 JST" Interest="1.0" Kind="selection" Navigation="null" OriginId="org.eclipse.jdt.ui.CompilationUnitEditor" StartDate="2014-09-15 15:23:01.962 JST" StructureHandle="=SL3/src&amp;lt;sl.utils{CONS.java[CONS[SQLs^PARAM_20140110_104629" StructureKind="java"/><InteractionEvent Delta="null" EndDate="2014-09-15 14:32:37.823 JST" Interest="1.0" Kind="selection" Navigation="null" OriginId="org.eclipse.ui.views.ContentOutline" StartDate="2014-09-15 14:32:37.823 JST" StructureHandle="=SL3/src&amp;lt;sl.utils{Methods_dlg.java%sl.utils" StructureKind="java"/><InteractionEvent Delta="null" EndDate="2014-09-15 15:37:16.534 JST" Interest="809.034" Kind="propagation" Navigation="org.eclipse.mylyn.core.model.edges.containment" OriginId="org.eclipse.mylyn.core.model.interest.propagation" StartDate="2014-09-15 14:32:30.396 JST" StructureHandle="=SL3" StructureKind="resource" NumEvents="811" CreationCount="1"/><InteractionEvent Delta="null" EndDate="2014-09-15 15:30:38.511 JST" Interest="126.755" Kind="propagation" Navigation="org.eclipse.mylyn.core.model.edges.containment" OriginId="org.eclipse.mylyn.core.model.interest.propagation" StartDate="2014-09-15 14:32:30.396 JST" StructureHandle="=SL3/src" StructureKind="java" NumEvents="200" CreationCount="1"/><InteractionEvent Delta="null" EndDate="2014-09-15 15:27:09.779 JST" Interest="6.5420003" Kind="propagation" Navigation="org.eclipse.mylyn.core.model.edges.containment" OriginId="org.eclipse.mylyn.core.model.interest.propagation" StartDate="2014-09-15 15:06:10.650 JST" StructureHandle="=SL3/src&amp;lt;sl.utils{Tags.java[Tags[DialogTags" StructureKind="java" NumEvents="2" CreationCount="373"/><InteractionEvent Delta="null" EndDate="2014-09-15 14:32:32.239 JST" Interest="1.0" Kind="selection" Navigation="null" OriginId="org.eclipse.jdt.ui.PackageExplorer" StartDate="2014-09-15 14:32:32.239 JST" StructureHandle="=SL3/src&amp;lt;sl.utils" StructureKind="java"/><InteractionEvent Delta="null" EndDate="2014-09-15 15:28:19.126 JST" Interest="54.713" Kind="propagation" Navigation="org.eclipse.mylyn.core.model.edges.containment" OriginId="org.eclipse.mylyn.core.model.interest.propagation" StartDate="2014-09-15 14:32:35.604 JST" StructureHandle="=SL3/src&amp;lt;sl.utils" StructureKind="java" NumEvents="87" CreationCount="2"/><InteractionEvent Delta="null" EndDate="2014-09-15 15:28:28.219 JST" Interest="464.017" Kind="propagation" Navigation="null" OriginId="org.eclipse.jdt.ui.CompilationUnitEditor" StartDate="2014-09-15 14:32:32.239 JST" StructureHandle="/SL3/src/sl/utils" StructureKind="resource" NumEvents="465" CreationCount="2"/><InteractionEvent Delta="null" EndDate="2014-09-15 14:59:21.972 JST" Interest="2.0" Kind="selection" Navigation="null" OriginId="org.eclipse.jdt.ui.CompilationUnitEditor" StartDate="2014-09-15 14:56:25.613 JST" StructureHandle="=SL3/src&amp;lt;sl.utils{CONS.java[CONS[DB^columns_for_table_stores_with_index" StructureKind="java" NumEvents="2" CreationCount="106"/><InteractionEvent Delta="null" EndDate="2014-09-15 14:59:21.972 JST" Interest="0.39400005" Kind="manipulation" Navigation="null" OriginId="org.eclipse.mylyn.core.model.interest.decay.correction" StartDate="2014-09-15 14:59:21.972 JST" StructureHandle="=SL3/src&amp;lt;sl.utils{CONS.java[CONS[DB^columns_for_table_stores_with_index" StructureKind="java"/><InteractionEvent Delta="null" EndDate="2014-09-15 15:22:04.344 JST" Interest="1.0" Kind="selection" Navigation="null" OriginId="org.eclipse.jdt.ui.CompilationUnitEditor" StartDate="2014-09-15 15:22:04.344 JST" StructureHandle="=SL3/src&amp;lt;sl.utils{DBUtils.java[DBUtils~createTable~QActivity;~QString;~QString;~\[QString;~\[QString;" StructureKind="java"/><InteractionEvent Delta="null" EndDate="2014-09-15 15:22:30.652 JST" Interest="2.0" Kind="edit" Navigation="null" OriginId="org.eclipse.jdt.ui.CompilationUnitEditor" StartDate="2014-09-15 15:22:06.371 JST" StructureHandle="=SL3/src&amp;lt;sl.utils{DBUtils.java[DBUtils~createTable~QActivity;~QString;~QString;~\[QString;~\[QString;" StructureKind="java" NumEvents="2" CreationCount="616"/><InteractionEvent Delta="null" EndDate="2014-09-15 15:15:51.612 JST" Interest="4.5" Kind="propagation" Navigation="org.eclipse.mylyn.core.model.edges.containment" OriginId="org.eclipse.mylyn.core.model.interest.propagation" StartDate="2014-09-15 15:15:39.865 JST" StructureHandle="=SL3/src&amp;lt;sl.main{TabActv.java[TabActv" StructureKind="java" NumEvents="6" CreationCount="483"/><InteractionEvent Delta="null" EndDate="2014-09-15 14:58:36.919 JST" Interest="1.0" Kind="selection" Navigation="null" OriginId="org.eclipse.jdt.ui.CompilationUnitEditor" StartDate="2014-09-15 14:58:36.919 JST" StructureHandle="=SL3/src&amp;lt;sl.utils{CONS.java[CONS[DB^col_Types_Store" StructureKind="java"/><InteractionEvent Delta="null" EndDate="2014-09-15 14:58:38.32 JST" Interest="1.0" Kind="edit" Navigation="null" OriginId="org.eclipse.jdt.ui.CompilationUnitEditor" StartDate="2014-09-15 14:58:38.32 JST" StructureHandle="=SL3/src&amp;lt;sl.utils{CONS.java[CONS[DB^col_Types_Store" StructureKind="java"/><InteractionEvent Delta="null" EndDate="2014-09-15 15:27:09.779 JST" Interest="1.0" Kind="selection" Navigation="null" OriginId="org.eclipse.jdt.ui.CompilationUnitEditor" StartDate="2014-09-15 15:27:09.779 JST" StructureHandle="=SL3/src&amp;lt;sl.utils{Tags.java[Tags[DialogTags^ACTV_TAB_OPT_DROP_TABLE_GENRES" StructureKind="java"/><InteractionEvent Delta="null" EndDate="2014-09-15 15:01:19.212 JST" Interest="3.0630002" Kind="manipulation" Navigation="null" OriginId="org.eclipse.mylyn.core.model.interest.decay.correction" StartDate="2014-09-15 15:01:19.212 JST" StructureHandle="/SL3/src/sl/libs/xml" StructureKind="resource"/><InteractionEvent Delta="null" EndDate="2014-09-15 15:01:19.212 JST" Interest="2.0" Kind="propagation" Navigation="null" OriginId="org.eclipse.jdt.ui.PackageExplorer" StartDate="2014-09-15 14:32:30.395 JST" StructureHandle="/SL3/src/sl/libs/xml" StructureKind="resource" NumEvents="2" CreationCount="1"/><InteractionEvent Delta="null" EndDate="2014-09-15 15:27:24.480 JST" Interest="7.0" Kind="selection" Navigation="null" OriginId="org.eclipse.jdt.ui.CompilationUnitEditor" StartDate="2014-09-15 15:06:53.25 JST" StructureHandle="=SL3/src&amp;lt;sl.utils{Methods.java" StructureKind="java" NumEvents="7" CreationCount="92"/><InteractionEvent Delta="null" EndDate="2014-09-15 14:56:03.470 JST" Interest="1.0" Kind="prediction" Navigation="null" OriginId="org.eclipse.mylyn.resources.ui.interest.updater" StartDate="2014-09-15 14:56:03.470 JST" StructureHandle="=SL3/src&amp;lt;sl.utils{Methods.java" StructureKind="java"/><InteractionEvent Delta="null" EndDate="2014-09-15 15:06:53.25 JST" Interest="4.1340003" Kind="manipulation" Navigation="null" OriginId="org.eclipse.mylyn.core.model.interest.decay.correction" StartDate="2014-09-15 15:06:53.25 JST" StructureHandle="=SL3/src&amp;lt;sl.utils{Methods.java" StructureKind="java"/><InteractionEvent Delta="null" EndDate="2014-09-15 15:28:19.126 JST" Interest="42.049004" Kind="propagation" Navigation="org.eclipse.mylyn.core.model.edges.containment" OriginId="org.eclipse.mylyn.core.model.interest.propagation" StartDate="2014-09-15 15:06:53.784 JST" StructureHandle="=SL3/src&amp;lt;sl.utils{Methods.java" StructureKind="java" NumEvents="63" CreationCount="92"/><InteractionEvent Delta="null" EndDate="2014-09-15 15:15:56.966 JST" Interest="3.0" Kind="selection" Navigation="null" OriginId="org.eclipse.jdt.ui.CompilationUnitEditor" StartDate="2014-09-15 15:08:11.459 JST" StructureHandle="=SL3/src&amp;lt;sl.utils{Methods.java[Methods~insertStoreName~QActivity;~QDialog;~QString;~QString;" StructureKind="java" NumEvents="3" CreationCount="425"/><InteractionEvent Delta="null" EndDate="2014-09-15 15:08:22.673 JST" Interest="2.0" Kind="edit" Navigation="null" OriginId="org.eclipse.jdt.ui.CompilationUnitEditor" StartDate="2014-09-15 15:08:13.798 JST" StructureHandle="=SL3/src&amp;lt;sl.utils{Methods.java[Methods~insertStoreName~QActivity;~QDialog;~QString;~QString;" StructureKind="java" NumEvents="2" CreationCount="425"/><InteractionEvent Delta="null" EndDate="2014-09-15 15:22:03.680 JST" Interest="3.0" Kind="selection" Navigation="null" OriginId="org.eclipse.jdt.ui.CompilationUnitEditor" StartDate="2014-09-15 15:15:22.472 JST" StructureHandle="=SL3/src&amp;lt;sl.utils{DBUtils.java[DBUtils~getAllData~QSQLiteDatabase;~QString;~\[QString;" StructureKind="java" NumEvents="3" CreationCount="479"/><InteractionEvent Delta="null" EndDate="2014-09-15 15:15:24.998 JST" Interest="1.0" Kind="edit" Navigation="null" OriginId="org.eclipse.jdt.ui.CompilationUnitEditor" StartDate="2014-09-15 15:15:24.998 JST" StructureHandle="=SL3/src&amp;lt;sl.utils{DBUtils.java[DBUtils~getAllData~QSQLiteDatabase;~QString;~\[QString;" StructureKind="java"/><InteractionEvent Delta="null" EndDate="2014-09-15 15:37:16.534 JST" Interest="809.034" Kind="propagation" Navigation="org.eclipse.mylyn.core.model.edges.containment" OriginId="org.eclipse.mylyn.core.model.interest.propagation" StartDate="2014-09-15 14:32:30.396 JST" StructureHandle="/" StructureKind="resource" NumEvents="811" CreationCount="1"/><InteractionEvent Delta="null" EndDate="2014-09-15 15:23:07.9 JST" Interest="1.0" Kind="selection" Navigation="null" OriginId="org.eclipse.jdt.ui.CompilationUnitEditor" StartDate="2014-09-15 15:23:07.9 JST" StructureHandle="=SL3/src&amp;lt;sl.utils{CONS.java[CONS[SQLs^a_20140110_105949_InsertInto_ShoppingItemNew" StructureKind="java"/><InteractionEvent Delta="null" EndDate="2014-09-15 15:25:09.600 JST" Interest="3.0" Kind="edit" Navigation="null" OriginId="org.eclipse.jdt.ui.CompilationUnitEditor" StartDate="2014-09-15 15:23:34.596 JST" StructureHandle="=SL3/src&amp;lt;sl.utils{CONS.java[CONS[SQLs^a_20140110_105949_InsertInto_ShoppingItemNew" StructureKind="java" NumEvents="3" CreationCount="632"/><InteractionEvent Delta="null" EndDate="2014-09-15 15:27:53.853 JST" Interest="1.0" Kind="selection" Navigation="null" OriginId="org.eclipse.jdt.ui.CompilationUnitEditor" StartDate="2014-09-15 15:27:53.853 JST" StructureHandle="=SL3/src&amp;lt;sl.utils{Methods.java[Methods~_opt_ActvTab_CreateTables__Stores~QActivity;~QDialog;~QDialog;~QDialog;!2" StructureKind="java"/><InteractionEvent Delta="null" EndDate="2014-09-15 15:28:17.724 JST" Interest="29.0" Kind="edit" Navigation="null" OriginId="org.eclipse.jdt.ui.CompilationUnitEditor" StartDate="2014-09-15 15:27:53.858 JST" StructureHandle="=SL3/src&amp;lt;sl.utils{Methods.java[Methods~_opt_ActvTab_CreateTables__Genres~QActivity;~QDialog;~QDialog;~QDialog;" StructureKind="java" NumEvents="29" CreationCount="735"/><InteractionEvent Delta="null" EndDate="2014-09-15 14:54:48.709 JST" Interest="1.0" Kind="selection" Navigation="null" OriginId="org.eclipse.jdt.ui.CompilationUnitEditor" StartDate="2014-09-15 14:54:48.709 JST" StructureHandle="=SL3/src&amp;lt;sl.utils{CONS.java[CONS[DB^tname_si" StructureKind="java"/><InteractionEvent Delta="null" EndDate="2014-09-15 15:09:14.625 JST" Interest="1.0" Kind="propagation" Navigation="org.eclipse.mylyn.core.model.edges.containment" OriginId="org.eclipse.mylyn.core.model.interest.propagation" StartDate="2014-09-15 15:09:14.625 JST" StructureHandle="/SL3/bin" StructureKind="resource"/><InteractionEvent Delta="null" EndDate="2014-09-15 15:17:43.961 JST" Interest="6.0" Kind="selection" Navigation="null" OriginId="org.eclipse.jdt.ui.CompilationUnitEditor" StartDate="2014-09-15 15:17:06.470 JST" StructureHandle="=SL3/src&amp;lt;sl.utils{Methods.java[Methods~get_Adp_List_Genre~QActivity;" StructureKind="java" NumEvents="6" CreationCount="524"/><InteractionEvent Delta="null" EndDate="2014-09-15 15:19:38.588 JST" Interest="24.0" Kind="edit" Navigation="null" OriginId="org.eclipse.jdt.ui.CompilationUnitEditor" StartDate="2014-09-15 15:17:24.965 JST" StructureHandle="=SL3/src&amp;lt;sl.utils{Methods.java[Methods~get_Adp_List_Genre~QActivity;" StructureKind="java" NumEvents="24" CreationCount="524"/><InteractionEvent Delta="null" EndDate="2014-09-15 15:29:47.426 JST" Interest="15.0" Kind="selection" Navigation="null" OriginId="org.eclipse.jdt.ui.CompilationUnitEditor" StartDate="2014-09-15 14:32:56.76 JST" StructureHandle="=SL3/src&amp;lt;sl.listeners.dialog{DOI_CL.java" StructureKind="java" NumEvents="15" CreationCount="13"/><InteractionEvent Delta="null" EndDate="2014-09-15 15:30:38.511 JST" Interest="111.550995" Kind="propagation" Navigation="org.eclipse.mylyn.core.model.edges.containment" OriginId="org.eclipse.mylyn.core.model.interest.propagation" StartDate="2014-09-15 14:32:56.802 JST" StructureHandle="=SL3/src&amp;lt;sl.listeners.dialog{DOI_CL.java" StructureKind="java" NumEvents="165" CreationCount="13"/><InteractionEvent Delta="null" EndDate="2014-09-15 15:28:19.123 JST" Interest="2.0" Kind="selection" Navigation="null" OriginId="org.eclipse.jdt.ui.CompilationUnitEditor" StartDate="2014-09-15 15:27:49.638 JST" StructureHandle="=SL3/src&amp;lt;sl.utils{Methods.java[Methods" StructureKind="java" NumEvents="2" CreationCount="396"/><InteractionEvent Delta="null" EndDate="2014-09-15 15:28:19.125 JST" Interest="4.0" Kind="edit" Navigation="null" OriginId="org.eclipse.jdt.ui.CompilationUnitEditor" StartDate="2014-09-15 15:27:49.641 JST" StructureHandle="=SL3/src&amp;lt;sl.utils{Methods.java[Methods" StructureKind="java" NumEvents="4" CreationCount="396"/><InteractionEvent Delta="null" EndDate="2014-09-15 15:21:22.231 JST" Interest="44.215" Kind="propagation" Navigation="org.eclipse.mylyn.core.model.edges.containment" OriginId="org.eclipse.mylyn.core.model.interest.propagation" StartDate="2014-09-15 15:06:53.784 JST" StructureHandle="=SL3/src&amp;lt;sl.utils{Methods.java[Methods" StructureKind="java" NumEvents="61" CreationCount="396"/><InteractionEvent Delta="null" EndDate="2014-09-15 15:22:30.652 JST" Interest="9.0" Kind="propagation" Navigation="null" OriginId="org.eclipse.jdt.ui.CompilationUnitEditor" StartDate="2014-09-15 15:15:21.645 JST" StructureHandle="/SL3/src/sl/utils/DBUtils.java" StructureKind="resource" NumEvents="9" CreationCount="478"/><InteractionEvent Delta="null" EndDate="2014-09-15 15:20:50.170 JST" Interest="26.0" Kind="selection" Navigation="null" OriginId="org.eclipse.jdt.ui.CompilationUnitEditor" StartDate="2014-09-15 14:54:46.836 JST" StructureHandle="=SL3/src&amp;lt;sl.utils{CONS.java[CONS[DB" StructureKind="java" NumEvents="26" CreationCount="44"/><InteractionEvent Delta="null" EndDate="2014-09-15 14:59:51.784 JST" Interest="19.0" Kind="edit" Navigation="null" OriginId="org.eclipse.jdt.ui.CompilationUnitEditor" StartDate="2014-09-15 14:54:59.64 JST" StructureHandle="=SL3/src&amp;lt;sl.utils{CONS.java[CONS[DB" StructureKind="java" NumEvents="19" CreationCount="44"/><InteractionEvent Delta="null" EndDate="2014-09-15 14:56:56.973 JST" Interest="1.2339985" Kind="propagation" Navigation="org.eclipse.mylyn.core.model.edges.containment" OriginId="org.eclipse.mylyn.core.model.interest.propagation" StartDate="2014-09-15 14:54:23.397 JST" StructureHandle="=SL3/src&amp;lt;sl.utils{CONS.java[CONS[DB" StructureKind="java" NumEvents="6" CreationCount="44"/><InteractionEvent Delta="null" EndDate="2014-09-15 15:22:52.539 JST" Interest="13.0" Kind="selection" Navigation="null" OriginId="org.eclipse.jdt.ui.CompilationUnitEditor" StartDate="2014-09-15 14:56:39.629 JST" StructureHandle="=SL3/src&amp;lt;sl.utils{CONS.java[CONS[DB^col_Names_Store_full" StructureKind="java" NumEvents="13" CreationCount="113"/><InteractionEvent Delta="null" EndDate="2014-09-15 15:22:56.788 JST" Interest="19.0" Kind="edit" Navigation="null" OriginId="org.eclipse.jdt.ui.CompilationUnitEditor" StartDate="2014-09-15 14:56:40.651 JST" StructureHandle="=SL3/src&amp;lt;sl.utils{CONS.java[CONS[DB^col_Names_Store_full" StructureKind="java" NumEvents="19" CreationCount="113"/><InteractionEvent Delta="null" EndDate="2014-09-15 14:32:56.802 JST" Interest="1.0" Kind="selection" Navigation="null" OriginId="org.eclipse.jdt.ui.CompilationUnitEditor" StartDate="2014-09-15 14:32:56.802 JST" StructureHandle="=SL3/src&amp;lt;sl.listeners.dialog{DOI_CL.java[DOI_CL~DOI_CL~QActivity;~QDialog;~QDialog;~QDialog;" StructureKind="java"/><InteractionEvent Delta="null" EndDate="2014-09-15 14:59:08.792 JST" Interest="5.0" Kind="selection" Navigation="null" OriginId="org.eclipse.jdt.ui.CompilationUnitEditor" StartDate="2014-09-15 14:57:47.358 JST" StructureHandle="=SL3/src&amp;lt;sl.utils{CONS.java[CONS[DB^col_Types_Store_full" StructureKind="java" NumEvents="5" CreationCount="144"/><InteractionEvent Delta="null" EndDate="2014-09-15 14:59:10.507 JST" Interest="13.0" Kind="edit" Navigation="null" OriginId="org.eclipse.jdt.ui.CompilationUnitEditor" StartDate="2014-09-15 14:57:51.167 JST" StructureHandle="=SL3/src&amp;lt;sl.utils{CONS.java[CONS[DB^col_Types_Store_full" StructureKind="java" NumEvents="13" CreationCount="144"/><InteractionEvent Delta="null" EndDate="2014-09-15 14:57:23.898 JST" Interest="1.0" Kind="selection" Navigation="null" OriginId="org.eclipse.jdt.ui.CompilationUnitEditor" StartDate="2014-09-15 14:57:23.898 JST" StructureHandle="=SL3/src&amp;lt;sl.utils{CONS.java[CONS[DB^column_types_for_table_genres" StructureKind="java"/><InteractionEvent Delta="null" EndDate="2014-09-15 15:15:51.613 JST" Interest="4.517" Kind="propagation" Navigation="org.eclipse.mylyn.core.model.edges.containment" OriginId="org.eclipse.mylyn.core.model.interest.propagation" StartDate="2014-09-15 15:15:39.11 JST" StructureHandle="=SL3/src&amp;lt;sl.main" StructureKind="java" NumEvents="7" CreationCount="482"/><InteractionEvent Delta="null" EndDate="2014-09-15 15:05:27.736 JST" Interest="2.0" Kind="selection" Navigation="null" OriginId="org.eclipse.jdt.ui.CompilationUnitEditor" StartDate="2014-09-15 15:01:30.644 JST" StructureHandle="=SL3/src&amp;lt;sl.utils{Methods_dlg.java[Methods_dlg" StructureKind="java" NumEvents="2" CreationCount="6"/><InteractionEvent Delta="null" EndDate="2014-09-15 15:05:28.386 JST" Interest="1.0" Kind="edit" Navigation="null" OriginId="org.eclipse.jdt.ui.CompilationUnitEditor" StartDate="2014-09-15 15:05:28.386 JST" StructureHandle="=SL3/src&amp;lt;sl.utils{Methods_dlg.java[Methods_dlg" StructureKind="java"/><InteractionEvent Delta="null" EndDate="2014-09-15 15:13:37.566 JST" Interest="11.027" Kind="propagation" Navigation="org.eclipse.mylyn.core.model.edges.containment" OriginId="org.eclipse.mylyn.core.model.interest.propagation" StartDate="2014-09-15 14:32:39.12 JST" StructureHandle="=SL3/src&amp;lt;sl.utils{Methods_dlg.java[Methods_dlg" StructureKind="java" NumEvents="14" CreationCount="6"/><InteractionEvent Delta="null" EndDate="2014-09-15 15:31:02.185 JST" Interest="6.0" Kind="prediction" Navigation="null" OriginId="org.eclipse.mylyn.resources.ui.interest.updater" StartDate="2014-09-15 15:09:14.625 JST" StructureHandle="/SL3/bin/classes.dex" StructureKind="resource" NumEvents="6" CreationCount="434"/><InteractionEvent Delta="null" EndDate="2014-09-15 15:01:06.78 JST" Interest="2.0" Kind="selection" Navigation="null" OriginId="org.eclipse.jdt.ui.CompilationUnitEditor" StartDate="2014-09-15 14:32:39.11 JST" StructureHandle="=SL3/src&amp;lt;sl.utils{Methods_dlg.java[Methods_dlg~dlg_Op_Tables~QActivity;~QDialog;~QDialog;" StructureKind="java" NumEvents="2" CreationCount="6"/><InteractionEvent Delta="null" EndDate="2014-09-15 15:01:06.110 JST" Interest="7.0" Kind="edit" Navigation="null" OriginId="org.eclipse.jdt.ui.CompilationUnitEditor" StartDate="2014-09-15 14:32:43.18 JST" StructureHandle="=SL3/src&amp;lt;sl.utils{Methods_dlg.java[Methods_dlg~dlg_Op_Tables~QActivity;~QDialog;~QDialog;" StructureKind="java" NumEvents="7" CreationCount="6"/><InteractionEvent Delta="null" EndDate="2014-09-15 14:59:39.125 JST" Interest="1.0" Kind="selection" Navigation="null" OriginId="org.eclipse.jdt.ui.CompilationUnitEditor" StartDate="2014-09-15 14:59:39.125 JST" StructureHandle="=SL3/src&amp;lt;sl.utils{CONS.java[CONS[DB^col_Types_Genre_full" StructureKind="java"/><InteractionEvent Delta="null" EndDate="2014-09-15 15:15:51.612 JST" Interest="7.0" Kind="propagation" Navigation="org.eclipse.mylyn.core.model.edges.containment" OriginId="org.eclipse.mylyn.core.model.interest.propagation" StartDate="2014-09-15 15:15:39.11 JST" StructureHandle="/SL3/src/sl/main" StructureKind="resource" NumEvents="7" CreationCount="482"/><InteractionEvent Delta="null" EndDate="2014-09-15 14:59:12.134 JST" Interest="2.0" Kind="selection" Navigation="null" OriginId="org.eclipse.jdt.ui.CompilationUnitEditor" StartDate="2014-09-15 14:55:11.409 JST" StructureHandle="=SL3/src&amp;lt;sl.utils{CONS.java[CONS[SQLs^PARAM_20140110_105949" StructureKind="java" NumEvents="2" CreationCount="63"/><InteractionEvent Delta="null" EndDate="2014-09-15 14:59:12.134 JST" Interest="1.023" Kind="manipulation" Navigation="null" OriginId="org.eclipse.mylyn.core.model.interest.decay.correction" StartDate="2014-09-15 14:59:12.134 JST" StructureHandle="=SL3/src&amp;lt;sl.utils{CONS.java[CONS[SQLs^PARAM_20140110_105949" StructureKind="java"/><InteractionEvent Delta="null" EndDate="2014-09-15 15:27:08.908 JST" Interest="2.0" Kind="selection" Navigation="null" OriginId="org.eclipse.jdt.ui.CompilationUnitEditor" StartDate="2014-09-15 15:06:09.891 JST" StructureHandle="=SL3/src&amp;lt;sl.utils{Tags.java" StructureKind="java" NumEvents="2" CreationCount="372"/><InteractionEvent Delta="null" EndDate="2014-09-15 15:27:08.908 JST" Interest="4.508" Kind="manipulation" Navigation="null" OriginId="org.eclipse.mylyn.core.model.interest.decay.correction" StartDate="2014-09-15 15:27:08.908 JST" StructureHandle="=SL3/src&amp;lt;sl.utils{Tags.java" StructureKind="java"/><InteractionEvent Delta="null" EndDate="2014-09-15 15:27:09.780 JST" Interest="0.051000595" Kind="propagation" Navigation="org.eclipse.mylyn.core.model.edges.containment" OriginId="org.eclipse.mylyn.core.model.interest.propagation" StartDate="2014-09-15 15:06:10.650 JST" StructureHandle="=SL3/src&amp;lt;sl.utils{Tags.java" StructureKind="java" NumEvents="2" CreationCount="372"/><InteractionEvent Delta="null" EndDate="2014-09-15 14:55:37.909 JST" Interest="1.0" Kind="selection" Navigation="null" OriginId="org.eclipse.jdt.ui.CompilationUnitEditor" StartDate="2014-09-15 14:55:37.909 JST" StructureHandle="=SL3/src&amp;lt;sl.utils{CONS.java[CONS[DB^tname_stores" StructureKind="java"/><InteractionEvent Delta="null" EndDate="2014-09-15 14:55:39.746 JST" Interest="2.0" Kind="edit" Navigation="null" OriginId="org.eclipse.jdt.ui.CompilationUnitEditor" StartDate="2014-09-15 14:55:38.827 JST" StructureHandle="=SL3/src&amp;lt;sl.utils{CONS.java[CONS[DB^tname_stores" StructureKind="java" NumEvents="2" CreationCount="80"/><InteractionEvent Delta="null" EndDate="2014-09-15 15:13:37.487 JST" Interest="10.0" Kind="selection" Navigation="null" OriginId="org.eclipse.jdt.ui.CompilationUnitEditor" StartDate="2014-09-15 14:32:35.603 JST" StructureHandle="=SL3/src&amp;lt;sl.utils{Methods_dlg.java" StructureKind="java" NumEvents="10" CreationCount="3"/><InteractionEvent Delta="null" EndDate="2014-09-15 15:05:28.387 JST" Interest="4.078001" Kind="propagation" Navigation="org.eclipse.mylyn.core.model.edges.containment" OriginId="org.eclipse.mylyn.core.model.interest.propagation" StartDate="2014-09-15 14:32:43.37 JST" StructureHandle="=SL3/src&amp;lt;sl.utils{Methods_dlg.java" StructureKind="java" NumEvents="8" CreationCount="3"/><InteractionEvent Delta="null" EndDate="2014-09-15 15:30:39.986 JST" Interest="9.0" Kind="selection" Navigation="null" OriginId="org.eclipse.jdt.ui.CompilationUnitEditor" StartDate="2014-09-15 15:01:24.66 JST" StructureHandle="=SL3/src&amp;lt;sl.listeners.dialog{DB_OCL.java" StructureKind="java" NumEvents="9" CreationCount="242"/><InteractionEvent Delta="null" EndDate="2014-09-15 15:37:16.534 JST" Interest="59.804005" Kind="propagation" Navigation="org.eclipse.mylyn.core.model.edges.containment" OriginId="org.eclipse.mylyn.core.model.interest.propagation" StartDate="2014-09-15 15:01:47.824 JST" StructureHandle="=SL3/src&amp;lt;sl.listeners.dialog{DB_OCL.java" StructureKind="java" NumEvents="93" CreationCount="242"/><InteractionEvent Delta="null" EndDate="2014-09-15 15:22:03.534 JST" Interest="2.0" Kind="selection" Navigation="null" OriginId="org.eclipse.jdt.ui.CompilationUnitEditor" StartDate="2014-09-15 15:15:21.645 JST" StructureHandle="=SL3/src&amp;lt;sl.utils{DBUtils.java" StructureKind="java" NumEvents="2" CreationCount="478"/><InteractionEvent Delta="null" EndDate="2014-09-15 15:22:30.652 JST" Interest="2.746" Kind="propagation" Navigation="org.eclipse.mylyn.core.model.edges.containment" OriginId="org.eclipse.mylyn.core.model.interest.propagation" StartDate="2014-09-15 15:15:22.473 JST" StructureHandle="=SL3/src&amp;lt;sl.utils{DBUtils.java" StructureKind="java" NumEvents="5" CreationCount="478"/><InteractionEvent Delta="null" EndDate="2014-09-15 15:30:40.66 JST" Interest="10.0" Kind="selection" Navigation="null" OriginId="org.eclipse.jdt.ui.CompilationUnitEditor" StartDate="2014-09-15 15:01:37.14 JST" StructureHandle="=SL3/src&amp;lt;sl.listeners.dialog{DB_OCL.java[DB_OCL~onClick~QView;" StructureKind="java" NumEvents="10" CreationCount="253"/><InteractionEvent Delta="null" EndDate="2014-09-15 15:30:45.18 JST" Interest="30.0" Kind="edit" Navigation="null" OriginId="org.eclipse.jdt.ui.CompilationUnitEditor" StartDate="2014-09-15 15:01:55.796 JST" StructureHandle="=SL3/src&amp;lt;sl.listeners.dialog{DB_OCL.java[DB_OCL~onClick~QView;" StructureKind="java" NumEvents="30" CreationCount="253"/><InteractionEvent Delta="null" EndDate="2014-09-15 15:37:16.534 JST" Interest="337.0" Kind="propagation" Navigation="null" OriginId="org.eclipse.jdt.ui.CompilationUnitEditor" StartDate="2014-09-15 14:32:56.76 JST" StructureHandle="/SL3/src/sl/listeners/dialog" StructureKind="resource" NumEvents="337" CreationCount="13"/><InteractionEvent Delta="null" EndDate="2014-09-15 14:59:23.67 JST" Interest="2.0" Kind="selection" Navigation="null" OriginId="org.eclipse.jdt.ui.CompilationUnitEditor" StartDate="2014-09-15 14:56:22.806 JST" StructureHandle="=SL3/src&amp;lt;sl.utils{CONS.java[CONS[DB^columns_for_table_genres_with_index" StructureKind="java" NumEvents="2" CreationCount="104"/><InteractionEvent Delta="null" EndDate="2014-09-15 14:59:23.67 JST" Interest="0.44500005" Kind="manipulation" Navigation="null" OriginId="org.eclipse.mylyn.core.model.interest.decay.correction" StartDate="2014-09-15 14:59:23.67 JST" StructureHandle="=SL3/src&amp;lt;sl.utils{CONS.java[CONS[DB^columns_for_table_genres_with_index" StructureKind="java"/><InteractionEvent Delta="null" EndDate="2014-09-15 15:01:19.212 JST" Interest="5.063" Kind="propagation" Navigation="org.eclipse.mylyn.core.model.edges.containment" OriginId="org.eclipse.mylyn.core.model.interest.propagation" StartDate="2014-09-15 14:32:30.396 JST" StructureHandle="/SL3/src/sl/libs" StructureKind="resource" NumEvents="2" CreationCount="1"/><InteractionEvent Delta="null" EndDate="2014-09-15 15:27:47.704 JST" Interest="9.0" Kind="selection" Navigation="null" OriginId="org.eclipse.jdt.ui.CompilationUnitEditor" StartDate="2014-09-15 15:07:19.776 JST" StructureHandle="=SL3/src&amp;lt;sl.utils{Methods.java[Methods~_opt_ActvTab_CreateTables__Stores~QActivity;~QDialog;~QDialog;~QDialog;" StructureKind="java" NumEvents="9" CreationCount="410"/><InteractionEvent Delta="null" EndDate="2014-09-15 15:27:47.706 JST" Interest="17.0" Kind="edit" Navigation="null" OriginId="org.eclipse.jdt.ui.CompilationUnitEditor" StartDate="2014-09-15 15:07:25.963 JST" StructureHandle="=SL3/src&amp;lt;sl.utils{Methods.java[Methods~_opt_ActvTab_CreateTables__Stores~QActivity;~QDialog;~QDialog;~QDialog;" StructureKind="java" NumEvents="17" CreationCount="410"/><InteractionEvent Delta="null" EndDate="2014-09-15 15:13:37.566 JST" Interest="35.0" Kind="propagation" Navigation="null" OriginId="org.eclipse.jdt.ui.CompilationUnitEditor" StartDate="2014-09-15 14:32:35.603 JST" StructureHandle="/SL3/src/sl/utils/Methods_dlg.java" StructureKind="resource" NumEvents="35" CreationCount="3"/><InteractionEvent Delta="null" EndDate="2014-09-15 15:13:37.566 JST" Interest="7.0" Kind="selection" Navigation="null" OriginId="org.eclipse.jdt.ui.CompilationUnitEditor" StartDate="2014-09-15 15:01:06.712 JST" StructureHandle="=SL3/src&amp;lt;sl.utils{Methods_dlg.java[Methods_dlg~conf_DropTable~QActivity;~QDialog;~QDialog;~QDialog;~QString;~QTags.DialogTags;" StructureKind="java" NumEvents="7" CreationCount="237"/><InteractionEvent Delta="null" EndDate="2014-09-15 15:13:12.303 JST" Interest="4.0" Kind="edit" Navigation="null" OriginId="org.eclipse.jdt.ui.CompilationUnitEditor" StartDate="2014-09-15 15:01:07.755 JST" StructureHandle="=SL3/src&amp;lt;sl.utils{Methods_dlg.java[Methods_dlg~conf_DropTable~QActivity;~QDialog;~QDialog;~QDialog;~QString;~QTags.DialogTags;" StructureKind="java" NumEvents="4" CreationCount="237"/><InteractionEvent Delta="null" EndDate="2014-09-15 14:55:26.272 JST" Interest="1.0" Kind="selection" Navigation="null" OriginId="org.eclipse.jdt.ui.CompilationUnitEditor" StartDate="2014-09-15 14:55:26.272 JST" StructureHandle="=SL3/src&amp;lt;sl.utils{CONS.java[CONS[Admin^ratio_Dialog_to_Screen_W" StructureKind="java"/><InteractionEvent Delta="null" EndDate="2014-09-15 15:22:31.861 JST" Interest="14.0" Kind="selection" Navigation="null" OriginId="org.eclipse.jdt.ui.CompilationUnitEditor" StartDate="2014-09-15 14:54:38.153 JST" StructureHandle="=SL3/src&amp;lt;sl.utils{CONS.java[CONS[DB^col_Names_Store" StructureKind="java" NumEvents="14" CreationCount="46"/><InteractionEvent Delta="null" EndDate="2014-09-15 14:59:02.48 JST" Interest="22.0" Kind="edit" Navigation="null" OriginId="org.eclipse.jdt.ui.CompilationUnitEditor" StartDate="2014-09-15 14:55:03.653 JST" StructureHandle="=SL3/src&amp;lt;sl.utils{CONS.java[CONS[DB^col_Name_Store" StructureKind="java" NumEvents="22" CreationCount="46"/><InteractionEvent Delta="null" EndDate="2014-09-15 14:59:07.715 JST" Interest="3.0" Kind="selection" Navigation="null" OriginId="org.eclipse.jdt.ui.CompilationUnitEditor" StartDate="2014-09-15 14:55:13.480 JST" StructureHandle="=SL3/src&amp;lt;sl.utils{CONS.java[CONS[DB^column_types_for_table_stores" StructureKind="java" NumEvents="3" CreationCount="65"/><InteractionEvent Delta="null" EndDate="2014-09-15 14:57:25.942 JST" Interest="0.1730001" Kind="manipulation" Navigation="null" OriginId="org.eclipse.mylyn.core.model.interest.decay.correction" StartDate="2014-09-15 14:57:25.942 JST" StructureHandle="=SL3/src&amp;lt;sl.utils{CONS.java[CONS[DB^column_types_for_table_stores" StructureKind="java"/><InteractionEvent Delta="null" EndDate="2014-09-15 15:22:49.778 JST" Interest="3.0" Kind="selection" Navigation="null" OriginId="org.eclipse.jdt.ui.CompilationUnitEditor" StartDate="2014-09-15 14:57:30.993 JST" StructureHandle="=SL3/src&amp;lt;sl.utils{CONS.java[CONS[DB^cols_SI_Register" StructureKind="java" NumEvents="3" CreationCount="137"/><InteractionEvent Delta="null" EndDate="2014-09-15 15:22:49.778 JST" Interest="6.2960005" Kind="manipulation" Navigation="null" OriginId="org.eclipse.mylyn.core.model.interest.decay.correction" StartDate="2014-09-15 15:22:49.778 JST" StructureHandle="=SL3/src&amp;lt;sl.utils{CONS.java[CONS[DB^cols_SI_Register" StructureKind="java"/><InteractionEvent Delta="null" EndDate="2014-09-15 15:37:16.534 JST" Interest="337.0" Kind="propagation" Navigation="org.eclipse.mylyn.core.model.edges.containment" OriginId="org.eclipse.mylyn.core.model.interest.propagation" StartDate="2014-09-15 14:32:56.76 JST" StructureHandle="/SL3/src/sl/listeners" StructureKind="resource" NumEvents="337" CreationCount="13"/><InteractionEvent Delta="null" EndDate="2014-09-15 15:00:20.225 JST" Interest="6.0" Kind="selection" Navigation="null" OriginId="org.eclipse.jdt.ui.CompilationUnitEditor" StartDate="2014-09-15 14:59:35.671 JST" StructureHandle="=SL3/src&amp;lt;sl.utils{CONS.java[CONS[DB^col_Name_Genre" StructureKind="java" NumEvents="6" CreationCount="194"/><InteractionEvent Delta="null" EndDate="2014-09-15 15:00:05.532 JST" Interest="4.0" Kind="edit" Navigation="null" OriginId="org.eclipse.jdt.ui.CompilationUnitEditor" StartDate="2014-09-15 14:59:47.166 JST" StructureHandle="=SL3/src&amp;lt;sl.utils{CONS.java[CONS[DB^col_Name_Genre" StructureKind="java" NumEvents="4" CreationCount="194"/><InteractionEvent Delta="null" EndDate="2014-09-15 15:28:30.245 JST" Interest="1.0" Kind="selection" Navigation="null" OriginId="org.eclipse.jdt.ui.CompilationUnitEditor" StartDate="2014-09-15 15:28:30.245 JST" StructureHandle="=SL3/src&amp;lt;sl.listeners.dialog{DB_OCL.java[DB_OCL" StructureKind="java"/><InteractionEvent Delta="null" EndDate="2014-09-15 15:37:16.533 JST" Interest="67.617004" Kind="propagation" Navigation="org.eclipse.mylyn.core.model.edges.containment" OriginId="org.eclipse.mylyn.core.model.interest.propagation" StartDate="2014-09-15 15:01:37.15 JST" StructureHandle="=SL3/src&amp;lt;sl.listeners.dialog{DB_OCL.java[DB_OCL" StructureKind="java" NumEvents="96" CreationCount="253"/><InteractionEvent Delta="null" EndDate="2014-09-15 15:28:28.218 JST" Interest="10.0" Kind="selection" Navigation="null" OriginId="org.eclipse.jdt.ui.CompilationUnitEditor" StartDate="2014-09-15 14:54:22.664 JST" StructureHandle="=SL3/src&amp;lt;sl.utils{CONS.java" StructureKind="java" NumEvents="10" CreationCount="43"/><InteractionEvent Delta="null" EndDate="2014-09-15 15:00:24.187 JST" Interest="38.550995" Kind="propagation" Navigation="org.eclipse.mylyn.core.model.edges.containment" OriginId="org.eclipse.mylyn.core.model.interest.propagation" StartDate="2014-09-15 14:54:23.397 JST" StructureHandle="=SL3/src&amp;lt;sl.utils{CONS.java" StructureKind="java" NumEvents="61" CreationCount="43"/><InteractionEvent Delta="null" EndDate="2014-09-15 15:06:53.25 JST" Interest="4.1510005" Kind="manipulation" Navigation="null" OriginId="org.eclipse.mylyn.core.model.interest.decay.correction" StartDate="2014-09-15 15:06:53.25 JST" StructureHandle="/SL3/src/sl/utils/Methods.java" StructureKind="resource"/><InteractionEvent Delta="null" EndDate="2014-09-15 15:28:19.125 JST" Interest="204.0" Kind="propagation" Navigation="null" OriginId="org.eclipse.jdt.ui.CompilationUnitEditor" StartDate="2014-09-15 14:56:03.471 JST" StructureHandle="/SL3/src/sl/utils/Methods.java" StructureKind="resource" NumEvents="204" CreationCount="92"/><InteractionEvent Delta="null" EndDate="2014-09-15 15:22:57.610 JST" Interest="3.0" Kind="selection" Navigation="null" OriginId="org.eclipse.jdt.ui.CompilationUnitEditor" StartDate="2014-09-15 14:59:36.722 JST" StructureHandle="=SL3/src&amp;lt;sl.utils{CONS.java[CONS[DB^col_Names_Genre_full" StructureKind="java" NumEvents="3" CreationCount="195"/><InteractionEvent Delta="null" EndDate="2014-09-15 15:22:59.453 JST" Interest="4.0" Kind="edit" Navigation="null" OriginId="org.eclipse.jdt.ui.CompilationUnitEditor" StartDate="2014-09-15 14:59:57.834 JST" StructureHandle="=SL3/src&amp;lt;sl.utils{CONS.java[CONS[DB^col_Names_Genre_full" StructureKind="java" NumEvents="4" CreationCount="195"/><InteractionEvent Delta="null" EndDate="2014-09-15 15:22:57.610 JST" Interest="3.2610006" Kind="manipulation" Navigation="null" OriginId="org.eclipse.mylyn.core.model.interest.decay.correction" StartDate="2014-09-15 15:22:57.610 JST" StructureHandle="=SL3/src&amp;lt;sl.utils{CONS.java[CONS[DB^col_Names_Genre_full" StructureKind="java"/><InteractionEvent Delta="null" EndDate="2014-09-15 15:01:22.539 JST" Interest="1.0" Kind="selection" Navigation="null" OriginId="org.eclipse.jdt.ui.PackageExplorer" StartDate="2014-09-15 15:01:22.539 JST" StructureHandle="=SL3/src&amp;lt;sl.listeners.dialog" StructureKind="java"/><InteractionEvent Delta="null" EndDate="2014-09-15 15:30:38.511 JST" Interest="125.550995" Kind="propagation" Navigation="org.eclipse.mylyn.core.model.edges.containment" OriginId="org.eclipse.mylyn.core.model.interest.propagation" StartDate="2014-09-15 14:32:56.76 JST" StructureHandle="=SL3/src&amp;lt;sl.listeners.dialog" StructureKind="java" NumEvents="183" CreationCount="13"/><InteractionEvent Delta="null" EndDate="2014-09-15 15:37:16.534 JST" Interest="809.034" Kind="propagation" Navigation="null" OriginId="org.eclipse.jdt.ui.CompilationUnitEditor" StartDate="2014-09-15 14:32:30.396 JST" StructureHandle="/SL3/src" StructureKind="resource" NumEvents="811" CreationCount="1"/><InteractionEvent Delta="null" EndDate="2014-09-15 15:04:44.489 JST" Interest="3.0" Kind="selection" Navigation="null" OriginId="org.eclipse.jdt.ui.CompilationUnitEditor" StartDate="2014-09-15 14:32:58.606 JST" StructureHandle="=SL3/src&amp;lt;sl.listeners.dialog{DOI_CL.java[DOI_CL~onItemClick~QAdapterView\&amp;lt;*&amp;gt;;~QView;~I~J" StructureKind="java" NumEvents="3" CreationCount="15"/><InteractionEvent Delta="null" EndDate="2014-09-15 15:04:44.489 JST" Interest="3.4060001" Kind="manipulation" Navigation="null" OriginId="org.eclipse.mylyn.core.model.interest.decay.correction" StartDate="2014-09-15 15:04:44.489 JST" StructureHandle="=SL3/src&amp;lt;sl.listeners.dialog{DOI_CL.java[DOI_CL~onItemClick~QAdapterView\&amp;lt;*&amp;gt;;~QView;~I~J" StructureKind="java"/><InteractionEvent Delta="null" EndDate="2014-09-15 14:57:35.751 JST" Interest="3.0" Kind="selection" Navigation="null" OriginId="org.eclipse.jdt.ui.CompilationUnitEditor" StartDate="2014-09-15 14:54:44.73 JST" StructureHandle="=SL3/src&amp;lt;sl.utils{CONS.java[CONS[DB^col_Types_SI_full" StructureKind="java" NumEvents="3" CreationCount="47"/><InteractionEvent Delta="null" EndDate="2014-09-15 14:57:37.310 JST" Interest="1.0" Kind="edit" Navigation="null" OriginId="org.eclipse.jdt.ui.CompilationUnitEditor" StartDate="2014-09-15 14:57:37.310 JST" StructureHandle="=SL3/src&amp;lt;sl.utils{CONS.java[CONS[DB^col_Types_SI_full" StructureKind="java"/><InteractionEvent Delta="null" EndDate="2014-09-15 14:56:27.547 JST" Interest="0.003000021" Kind="manipulation" Navigation="null" OriginId="org.eclipse.mylyn.core.model.interest.decay.correction" StartDate="2014-09-15 14:56:27.547 JST" StructureHandle="=SL3/src&amp;lt;sl.utils{CONS.java[CONS[DB^col_Types_SI_full" StructureKind="java"/><InteractionEvent Delta="null" EndDate="2014-09-15 15:15:51.612 JST" Interest="7.0" Kind="propagation" Navigation="null" OriginId="org.eclipse.jdt.ui.CompilationUnitEditor" StartDate="2014-09-15 15:15:39.11 JST" StructureHandle="/SL3/src/sl/main/TabActv.java" StructureKind="resource" NumEvents="7" CreationCount="482"/><InteractionEvent Delta="null" EndDate="2014-09-15 15:01:19.212 JST" Interest="2.0" Kind="selection" Navigation="null" OriginId="org.eclipse.jdt.ui.PackageExplorer" StartDate="2014-09-15 14:32:30.395 JST" StructureHandle="=SL3/src&amp;lt;sl.libs.xml" StructureKind="java" NumEvents="2" CreationCount="1"/><InteractionEvent Delta="null" EndDate="2014-09-15 15:01:19.212 JST" Interest="3.046" Kind="manipulation" Navigation="null" OriginId="org.eclipse.mylyn.core.model.interest.decay.correction" StartDate="2014-09-15 15:01:19.212 JST" StructureHandle="=SL3/src&amp;lt;sl.libs.xml" StructureKind="java"/><InteractionEvent Delta="null" EndDate="2014-09-15 15:22:59.453 JST" Interest="40.533997" Kind="propagation" Navigation="org.eclipse.mylyn.core.model.edges.containment" OriginId="org.eclipse.mylyn.core.model.interest.propagation" StartDate="2014-09-15 14:54:23.397 JST" StructureHandle="=SL3/src&amp;lt;sl.utils{CONS.java[CONS" StructureKind="java" NumEvents="76" CreationCount="44"/><InteractionEvent Delta="null" EndDate="2014-09-15 15:27:25.240 JST" Interest="5.0" Kind="selection" Navigation="null" OriginId="org.eclipse.jdt.ui.CompilationUnitEditor" StartDate="2014-09-15 15:06:53.783 JST" StructureHandle="=SL3/src&amp;lt;sl.utils{Methods.java[Methods~opt_ActvTab_CreateTables~QActivity;~QDialog;~QDialog;~QDialog;~QString;" StructureKind="java" NumEvents="5" CreationCount="396"/><InteractionEvent Delta="null" EndDate="2014-09-15 15:27:44.711 JST" Interest="33.0" Kind="edit" Navigation="null" OriginId="org.eclipse.jdt.ui.CompilationUnitEditor" StartDate="2014-09-15 15:06:54.608 JST" StructureHandle="=SL3/src&amp;lt;sl.utils{Methods.java[Methods~opt_ActvTab_CreateTables~QActivity;~QDialog;~QDialog;~QDialog;~QString;" StructureKind="java" NumEvents="33" CreationCount="396"/><InteractionEvent Delta="null" EndDate="2014-09-15 15:30:38.511 JST" Interest="194.0" Kind="propagation" Navigation="null" OriginId="org.eclipse.jdt.ui.CompilationUnitEditor" StartDate="2014-09-15 14:32:56.76 JST" StructureHandle="/SL3/src/sl/listeners/dialog/DOI_CL.java" StructureKind="resource" NumEvents="194" CreationCount="13"/><InteractionEvent Delta="null" EndDate="2014-09-15 15:22:47.395 JST" Interest="4.0" Kind="selection" Navigation="null" OriginId="org.eclipse.jdt.ui.CompilationUnitEditor" StartDate="2014-09-15 14:55:32.89 JST" StructureHandle="=SL3/src&amp;lt;sl.utils{CONS.java[CONS[DB^col_Names_SI_full" StructureKind="java" NumEvents="4" CreationCount="76"/><InteractionEvent Delta="null" EndDate="2014-09-15 15:22:49.190 JST" Interest="1.0" Kind="edit" Navigation="null" OriginId="org.eclipse.jdt.ui.CompilationUnitEditor" StartDate="2014-09-15 15:22:49.190 JST" StructureHandle="=SL3/src&amp;lt;sl.utils{CONS.java[CONS[DB^col_Names_SI_full" StructureKind="java"/><InteractionEvent Delta="null" EndDate="2014-09-15 15:22:47.395 JST" Interest="6.2990007" Kind="manipulation" Navigation="null" OriginId="org.eclipse.mylyn.core.model.interest.decay.correction" StartDate="2014-09-15 15:00:15.30 JST" StructureHandle="=SL3/src&amp;lt;sl.utils{CONS.java[CONS[DB^col_Names_SI_full" StructureKind="java" NumEvents="2" CreationCount="76"/><InteractionEvent Delta="null" EndDate="2014-09-15 15:31:02.185 JST" Interest="6.0" Kind="prediction" Navigation="null" OriginId="org.eclipse.mylyn.resources.ui.interest.updater" StartDate="2014-09-15 15:09:14.625 JST" StructureHandle="/SL3/bin/SL3.apk" StructureKind="resource" NumEvents="6" CreationCount="434"/><InteractionEvent Delta="null" EndDate="2014-09-15 15:28:28.219 JST" Interest="463.034" Kind="propagation" Navigation="org.eclipse.mylyn.core.model.edges.containment" OriginId="org.eclipse.mylyn.core.model.interest.propagation" StartDate="2014-09-15 14:32:30.396 JST" StructureHandle="/SL3/src/sl" StructureKind="resource" NumEvents="467" CreationCount="1"/><InteractionEvent Delta="null" EndDate="2014-09-15 15:15:39.10 JST" Interest="1.0" Kind="selection" Navigation="null" OriginId="org.eclipse.jdt.ui.CompilationUnitEditor" StartDate="2014-09-15 15:15:39.10 JST" StructureHandle="=SL3/src&amp;lt;sl.main{TabActv.java" StructureKind="java"/><InteractionEvent Delta="null" EndDate="2014-09-15 15:15:51.613 JST" Interest="3.517" Kind="propagation" Navigation="org.eclipse.mylyn.core.model.edges.containment" OriginId="org.eclipse.mylyn.core.model.interest.propagation" StartDate="2014-09-15 15:15:39.866 JST" StructureHandle="=SL3/src&amp;lt;sl.main{TabActv.java" StructureKind="java" NumEvents="6" CreationCount="482"/><InteractionEvent Delta="null" EndDate="2014-09-15 15:00:13.735 JST" Interest="1.0" Kind="selection" Navigation="null" OriginId="org.eclipse.jdt.ui.CompilationUnitEditor" StartDate="2014-09-15 15:00:13.735 JST" StructureHandle="=SL3/src&amp;lt;sl.utils{CONS.java[CONS[DB^col_Names_SI" StructureKind="java"/><InteractionEvent Delta="null" EndDate="2014-09-15 15:15:39.865 JST" Interest="1.0" Kind="selection" Navigation="null" OriginId="org.eclipse.jdt.ui.CompilationUnitEditor" StartDate="2014-09-15 15:15:39.865 JST" StructureHandle="=SL3/src&amp;lt;sl.main{TabActv.java[TabActv~_SetupTabs__first" StructureKind="java"/><InteractionEvent Delta="null" EndDate="2014-09-15 15:15:51.612 JST" Interest="5.0" Kind="edit" Navigation="null" OriginId="org.eclipse.jdt.ui.CompilationUnitEditor" StartDate="2014-09-15 15:15:45.258 JST" StructureHandle="=SL3/src&amp;lt;sl.main{TabActv.java[TabActv~_SetupTabs__first" StructureKind="java" NumEvents="5" CreationCount="483"/><InteractionEvent Delta="null" EndDate="2014-09-15 15:27:08.909 JST" Interest="3.5420003" Kind="manipulation" Navigation="null" OriginId="org.eclipse.mylyn.core.model.interest.decay.correction" StartDate="2014-09-15 15:27:08.909 JST" StructureHandle="/SL3/src/sl/utils/Tags.java" StructureKind="resource"/><InteractionEvent Delta="null" EndDate="2014-09-15 15:27:09.780 JST" Interest="4.0" Kind="propagation" Navigation="null" OriginId="org.eclipse.jdt.ui.CompilationUnitEditor" StartDate="2014-09-15 15:06:09.891 JST" StructureHandle="/SL3/src/sl/utils/Tags.java" StructureKind="resource" NumEvents="4" CreationCount="372"/><InteractionEvent Delta="null" EndDate="2014-09-15 14:54:10.111 JST" Interest="2.0" Kind="selection" Navigation="null" OriginId="org.eclipse.jdt.ui.CompilationUnitEditor" StartDate="2014-09-15 14:33:04.898 JST" StructureHandle="=SL3/src&amp;lt;sl.listeners.dialog{DOI_CL.java[DOI_CL" StructureKind="java" NumEvents="2" CreationCount="14"/><InteractionEvent Delta="null" EndDate="2014-09-15 15:30:38.511 JST" Interest="124.534" Kind="propagation" Navigation="org.eclipse.mylyn.core.model.edges.containment" OriginId="org.eclipse.mylyn.core.model.interest.propagation" StartDate="2014-09-15 14:32:56.802 JST" StructureHandle="=SL3/src&amp;lt;sl.listeners.dialog{DOI_CL.java[DOI_CL" StructureKind="java" NumEvents="174" CreationCount="14"/><InteractionEvent Delta="null" EndDate="2014-09-15 15:28:28.218 JST" Interest="212.0" Kind="propagation" Navigation="null" OriginId="org.eclipse.jdt.ui.CompilationUnitEditor" StartDate="2014-09-15 14:54:22.665 JST" StructureHandle="/SL3/src/sl/utils/CONS.java" StructureKind="resource" NumEvents="212" CreationCount="43"/><InteractionEvent Delta="null" EndDate="2014-09-15 15:07:14.532 JST" Interest="2.0" Kind="selection" Navigation="null" OriginId="org.eclipse.jdt.ui.CompilationUnitEditor" StartDate="2014-09-15 15:07:14.530 JST" StructureHandle="=SL3/src&amp;lt;sl.utils{Methods.java[Methods~_opt_ActvTab_CreateTables__SI~QActivity;~QDialog;~QDialog;~QDialog;" StructureKind="java" NumEvents="2" CreationCount="408"/><InteractionEvent Delta="null" EndDate="2014-09-15 14:55:12.285 JST" Interest="1.0" Kind="selection" Navigation="null" OriginId="org.eclipse.jdt.ui.CompilationUnitEditor" StartDate="2014-09-15 14:55:12.285 JST" StructureHandle="=SL3/src&amp;lt;sl.utils{CONS.java[CONS[SQLs" StructureKind="java"/><InteractionEvent Delta="null" EndDate="2014-09-15 15:25:09.600 JST" Interest="11.773001" Kind="propagation" Navigation="org.eclipse.mylyn.core.model.edges.containment" OriginId="org.eclipse.mylyn.core.model.interest.propagation" StartDate="2014-09-15 14:55:11.410 JST" StructureHandle="=SL3/src&amp;lt;sl.utils{CONS.java[CONS[SQLs" StructureKind="java" NumEvents="7" CreationCount="63"/><InteractionEvent Delta="null" EndDate="2014-09-15 14:59:44.552 JST" Interest="2.0" Kind="selection" Navigation="null" OriginId="org.eclipse.jdt.ui.CompilationUnitEditor" StartDate="2014-09-15 14:55:18.480 JST" StructureHandle="=SL3/src&amp;lt;sl.utils{CONS.java[CONS[DB^columns_for_table_genres" StructureKind="java" NumEvents="2" CreationCount="67"/><InteractionEvent Delta="null" EndDate="2014-09-15 14:55:21.5 JST" Interest="2.0" Kind="edit" Navigation="null" OriginId="org.eclipse.jdt.ui.CompilationUnitEditor" StartDate="2014-09-15 14:55:19.103 JST" StructureHandle="=SL3/src&amp;lt;sl.utils{CONS.java[CONS[DB^columns_for_table_genres" StructureKind="java" NumEvents="2" CreationCount="67"/><InteractionEvent Delta="null" EndDate="2014-09-15 15:09:14.625 JST" Interest="1.0" Kind="prediction" Navigation="null" OriginId="org.eclipse.mylyn.resources.ui.interest.updater" StartDate="2014-09-15 15:09:14.625 JST" StructureHandle="/SL3/bin/resources.ap_" StructureKind="resource"/><InteractionEvent Delta="null" EndDate="2014-09-15 14:59:42.330 JST" Interest="1.0" Kind="selection" Navigation="null" OriginId="org.eclipse.jdt.ui.CompilationUnitEditor" StartDate="2014-09-15 14:59:42.330 JST" StructureHandle="=SL3/src&amp;lt;sl.utils{CONS.java[CONS[DB^tname_genres" StructureKind="java"/><InteractionEvent Delta="null" EndDate="2014-09-15 15:21:22.231 JST" Interest="9.0" Kind="selection" Navigation="null" OriginId="org.eclipse.jdt.ui.CompilationUnitEditor" StartDate="2014-09-15 15:15:57.600 JST" StructureHandle="=SL3/src&amp;lt;sl.utils{Methods.java[Methods~get_Adp_List_Store~QActivity;" StructureKind="java" NumEvents="9" CreationCount="491"/><InteractionEvent Delta="null" EndDate="2014-09-15 15:20:46.642 JST" Interest="48.0" Kind="edit" Navigation="null" OriginId="org.eclipse.jdt.ui.CompilationUnitEditor" StartDate="2014-09-15 15:16:01.109 JST" StructureHandle="=SL3/src&amp;lt;sl.utils{Methods.java[Methods~get_Adp_List_Store~QActivity;" StructureKind="java" NumEvents="48" CreationCount="491"/><InteractionEvent Delta="null" EndDate="2014-09-15 15:06:10.649 JST" Interest="1.0" Kind="selection" Navigation="null" OriginId="org.eclipse.jdt.ui.CompilationUnitEditor" StartDate="2014-09-15 15:06:10.649 JST" StructureHandle="=SL3/src&amp;lt;sl.utils{Tags.java[Tags[DialogTags^ACTV_TAB_OPT_DROP_TABLE_STORES" StructureKind="java"/><InteractionEvent Delta="null" EndDate="2014-09-15 14:55:26.273 JST" Interest="1.0" Kind="propagation" Navigation="org.eclipse.mylyn.core.model.edges.containment" OriginId="org.eclipse.mylyn.core.model.interest.propagation" StartDate="2014-09-15 14:55:26.273 JST" StructureHandle="=SL3/src&amp;lt;sl.utils{CONS.java[CONS[Admin" StructureKind="java"/><InteractionEvent Delta="null" EndDate="2014-09-15 15:27:09.780 JST" Interest="6.5420003" Kind="propagation" Navigation="org.eclipse.mylyn.core.model.edges.containment" OriginId="org.eclipse.mylyn.core.model.interest.propagation" StartDate="2014-09-15 15:06:10.650 JST" StructureHandle="=SL3/src&amp;lt;sl.utils{Tags.java[Tags" StructureKind="java" NumEvents="2" CreationCount="373"/><InteractionEvent Delta="null" EndDate="2014-09-15 15:22:30.652 JST" Interest="4.729" Kind="propagation" Navigation="org.eclipse.mylyn.core.model.edges.containment" OriginId="org.eclipse.mylyn.core.model.interest.propagation" StartDate="2014-09-15 15:15:22.472 JST" StructureHandle="=SL3/src&amp;lt;sl.utils{DBUtils.java[DBUtils" StructureKind="java" NumEvents="6" CreationCount="479"/><InteractionEvent Delta="null" EndDate="2014-09-15 14:59:40.661 JST" Interest="2.0" Kind="selection" Navigation="null" OriginId="org.eclipse.jdt.ui.CompilationUnitEditor" StartDate="2014-09-15 14:59:37.323 JST" StructureHandle="=SL3/src&amp;lt;sl.utils{CONS.java[CONS[DB^col_Types_Genre" StructureKind="java" NumEvents="2" CreationCount="196"/><InteractionEvent Delta="null" EndDate="2014-09-15 15:22:41.213 JST" Interest="3.0" Kind="selection" Navigation="null" OriginId="org.eclipse.jdt.ui.CompilationUnitEditor" StartDate="2014-09-15 14:54:45.197 JST" StructureHandle="=SL3/src&amp;lt;sl.utils{CONS.java[CONS[DB^cols_SI_full" StructureKind="java" NumEvents="3" CreationCount="48"/><InteractionEvent Delta="null" EndDate="2014-09-15 15:22:41.213 JST" Interest="7.7580004" Kind="manipulation" Navigation="null" OriginId="org.eclipse.mylyn.core.model.interest.decay.correction" StartDate="2014-09-15 15:22:41.213 JST" StructureHandle="=SL3/src&amp;lt;sl.utils{CONS.java[CONS[DB^cols_SI_full" StructureKind="java"/><InteractionEvent Delta="null" EndDate="2014-09-15 14:54:54.980 JST" Interest="1.0" Kind="selection" Navigation="null" OriginId="org.eclipse.jdt.ui.CompilationUnitEditor" StartDate="2014-09-15 14:54:54.980 JST" StructureHandle="=SL3/src&amp;lt;sl.utils{CONS.java[CONS[DB^dPath_Data_Root" StructureKind="java"/><InteractionEvent Delta="null" EndDate="2014-09-15 15:37:16.533 JST" Interest="142.0" Kind="propagation" Navigation="null" OriginId="org.eclipse.jdt.ui.CompilationUnitEditor" StartDate="2014-09-15 15:01:24.67 JST" StructureHandle="/SL3/src/sl/listeners/dialog/DB_OCL.java" StructureKind="resource" NumEvents="142" CreationCount="242"/><InteractionEvent Delta="null" EndDate="2014-09-15 15:29:47.495 JST" Interest="18.0" Kind="selection" Navigation="null" OriginId="org.eclipse.jdt.ui.CompilationUnitEditor" StartDate="2014-09-15 14:33:00.155 JST" StructureHandle="=SL3/src&amp;lt;sl.listeners.dialog{DOI_CL.java[DOI_CL~case_ACTV_TAB_OPT_TABLES~QListItem;" StructureKind="java" NumEvents="18" CreationCount="16"/><InteractionEvent Delta="null" EndDate="2014-09-15 15:30:38.510 JST" Interest="155.0" Kind="edit" Navigation="null" OriginId="org.eclipse.jdt.ui.CompilationUnitEditor" StartDate="2014-09-15 14:33:01.533 JST" StructureHandle="=SL3/src&amp;lt;sl.listeners.dialog{DOI_CL.java[DOI_CL~case_ACTV_TAB_OPT_TABLES~QListItem;" StructureKind="java" NumEvents="155" CreationCount="16"/><InteractionEvent Delta="null" EndDate="2014-09-15 15:30:47.544 JST" Interest="14.0" Kind="selection" Navigation="null" OriginId="org.eclipse.jdt.ui.CompilationUnitEditor" StartDate="2014-09-15 15:01:38.823 JST" StructureHandle="=SL3/src&amp;lt;sl.listeners.dialog{DB_OCL.java[DB_OCL~case_ACTV_TAB_OPT_DROP_TABLE~QDialogTags;" StructureKind="java" NumEvents="14" CreationCount="254"/><InteractionEvent Delta="null" EndDate="2014-09-15 15:37:16.533 JST" Interest="78.0" Kind="edit" Navigation="null" OriginId="org.eclipse.jdt.ui.CompilationUnitEditor" StartDate="2014-09-15 15:01:40.78 JST" StructureHandle="=SL3/src&amp;lt;sl.listeners.dialog{DB_OCL.java[DB_OCL~case_ACTV_TAB_OPT_DROP_TABLE~QDialogTags;" StructureKind="java" NumEvents="78" CreationCount="254"/></InteractionHistory>