<?xml version="1.0" encoding="UTF-8"?><InteractionHistory Id="local-253" Version="1"><InteractionEvent Delta="null" EndDate="2014-12-22 21:51:07.686 JST" Interest="684.30597" Kind="propagation" Navigation="org.eclipse.mylyn.core.model.edges.containment" OriginId="org.eclipse.mylyn.core.model.interest.propagation" StartDate="2014-12-22 20:53:54.795 JST" StructureHandle="=freemind_1.0.1" StructureKind="resource" NumEvents="708" CreationCount="1"/><InteractionEvent Delta="null" EndDate="2014-12-22 20:53:51.725 JST" Interest="1.0" Kind="selection" Navigation="null" OriginId="org.eclipse.jdt.ui.PackageExplorer" StartDate="2014-12-22 20:53:51.725 JST" StructureHandle="=freemind_1.0.1" StructureKind="java"/><InteractionEvent Delta="null" EndDate="2014-12-22 21:51:07.686 JST" Interest="685.30597" Kind="propagation" Navigation="org.eclipse.mylyn.core.model.edges.containment" OriginId="org.eclipse.mylyn.core.model.interest.propagation" StartDate="2014-12-22 20:53:51.725 JST" StructureHandle="" StructureKind="java" NumEvents="702" CreationCount="1"/><InteractionEvent Delta="null" EndDate="2014-12-22 21:51:07.686 JST" Interest="277.163" Kind="propagation" Navigation="org.eclipse.mylyn.core.model.edges.containment" OriginId="org.eclipse.mylyn.core.model.interest.propagation" StartDate="2014-12-22 20:54:55.684 JST" StructureHandle="=freemind_1.0.1/freemind\/freemind\/view\/mindmapview\/attributeview&amp;lt;" StructureKind="java" NumEvents="405" CreationCount="19"/><InteractionEvent Delta="null" EndDate="2014-12-22 21:14:29.261 JST" Interest="11.0" Kind="propagation" Navigation="org.eclipse.mylyn.core.model.edges.containment" OriginId="org.eclipse.mylyn.core.model.interest.propagation" StartDate="2014-12-22 20:57:03.190 JST" StructureHandle="=freemind_1.0.1/freemind\/freemind\/modes\/mindmapmode&amp;lt;" StructureKind="java" NumEvents="11" CreationCount="43"/><InteractionEvent Delta="null" EndDate="2014-12-22 21:07:12.656 JST" Interest="3.0" Kind="propagation" Navigation="org.eclipse.mylyn.core.model.edges.containment" OriginId="org.eclipse.mylyn.core.model.interest.propagation" StartDate="2014-12-22 20:57:31.669 JST" StructureHandle="=freemind_1.0.1/freemind\/freemind\/modes\/mindmapmode&amp;lt;{MindMapController.java#" StructureKind="java" NumEvents="3" CreationCount="65"/><InteractionEvent Delta="null" EndDate="2014-12-22 21:51:07.686 JST" Interest="684.204" Kind="propagation" Navigation="org.eclipse.mylyn.core.model.edges.containment" OriginId="org.eclipse.mylyn.core.model.interest.propagation" StartDate="2014-12-22 20:54:02.672 JST" StructureHandle="/freemind_1.0.1/freemind" StructureKind="resource" NumEvents="700" CreationCount="7"/><InteractionEvent Delta="null" EndDate="2014-12-22 20:53:59.824 JST" Interest="1.0" Kind="selection" Navigation="null" OriginId="org.eclipse.jdt.ui.PackageExplorer" StartDate="2014-12-22 20:53:59.824 JST" StructureHandle="/freemind_1.0.1/freemind" StructureKind="resource"/><InteractionEvent Delta="null" EndDate="2014-12-22 20:54:42.695 JST" Interest="1.0" Kind="selection" Navigation="null" OriginId="org.eclipse.search.ui.views.SearchView" StartDate="2014-12-22 20:54:42.695 JST" StructureHandle="=freemind_1.0.1/freemind\/freemind\/main&amp;lt;{XMLElement.java" StructureKind="java"/><InteractionEvent Delta="null" EndDate="2014-12-22 21:14:29.525 JST" Interest="22.0" Kind="propagation" Navigation="null" OriginId="org.eclipse.jdt.ui.CompilationUnitEditor" StartDate="2014-12-22 20:57:03.189 JST" StructureHandle="/freemind_1.0.1/freemind/freemind/modes/mindmapmode/MindMapController.java" StructureKind="resource" NumEvents="22" CreationCount="43"/><InteractionEvent Delta="null" EndDate="2014-12-22 21:25:58.393 JST" Interest="1.0" Kind="edit" Navigation="null" OriginId="org.eclipse.jdt.ui.CompilationUnitEditor" StartDate="2014-12-22 21:25:58.393 JST" StructureHandle="=freemind_1.0.1/freemind\/freemind\/view\/mindmapview\/attributeview&amp;lt;{AttributeView.java[AttributeView~isPopupShown" StructureKind="java"/><InteractionEvent Delta="null" EndDate="2014-12-22 21:25:58.385 JST" Interest="1.0" Kind="selection" Navigation="null" OriginId="org.eclipse.jdt.ui.CompilationUnitEditor" StartDate="2014-12-22 21:25:58.385 JST" StructureHandle="=freemind_1.0.1/freemind\/freemind\/view\/mindmapview\/attributeview&amp;lt;{AttributeView.java[AttributeView~isPopupShown" StructureKind="java"/><InteractionEvent Delta="null" EndDate="2014-12-22 21:18:29.690 JST" Interest="44.651005" Kind="propagation" Navigation="org.eclipse.mylyn.core.model.edges.containment" OriginId="org.eclipse.mylyn.core.model.interest.propagation" StartDate="2014-12-22 20:56:16.646 JST" StructureHandle="=freemind_1.0.1/freemind\/freemind\/view\/mindmapview&amp;lt;" StructureKind="java" NumEvents="69" CreationCount="30"/><InteractionEvent Delta="null" EndDate="2014-12-22 21:18:29.690 JST" Interest="44.651005" Kind="propagation" Navigation="org.eclipse.mylyn.core.model.edges.containment" OriginId="org.eclipse.mylyn.core.model.interest.propagation" StartDate="2014-12-22 20:56:16.647 JST" StructureHandle="=freemind_1.0.1/freemind\/freemind\/view\/mindmapview" StructureKind="java" NumEvents="69" CreationCount="30"/><InteractionEvent Delta="null" EndDate="2014-12-22 21:14:34.901 JST" Interest="1.0" Kind="edit" Navigation="null" OriginId="org.eclipse.jdt.ui.CompilationUnitEditor" StartDate="2014-12-22 21:14:34.901 JST" StructureHandle="=freemind_1.0.1/freemind\/freemind\/modes&amp;lt;{ControllerAdapter.java[ControllerAdapter[FileOpener~isDragAcceptable~QDropTargetDragEvent;" StructureKind="java"/><InteractionEvent Delta="null" EndDate="2014-12-22 21:14:34.896 JST" Interest="1.0" Kind="selection" Navigation="null" OriginId="org.eclipse.jdt.ui.CompilationUnitEditor" StartDate="2014-12-22 21:14:34.896 JST" StructureHandle="=freemind_1.0.1/freemind\/freemind\/modes&amp;lt;{ControllerAdapter.java[ControllerAdapter[FileOpener~isDragAcceptable~QDropTargetDragEvent;" StructureKind="java"/><InteractionEvent Delta="null" EndDate="2014-12-22 21:09:20.605 JST" Interest="2.0" Kind="propagation" Navigation="null" OriginId="org.eclipse.search.ui.views.SearchView" StartDate="2014-12-22 21:08:13.819 JST" StructureHandle="/freemind_1.0.1/freemind/freemind/view/mindmapview/attributeview/AttributePopupMenu.java" StructureKind="resource" NumEvents="2" CreationCount="169"/><InteractionEvent Delta="null" EndDate="2014-12-22 20:54:42.698 JST" Interest="1.0" Kind="propagation" Navigation="org.eclipse.mylyn.core.model.edges.containment" OriginId="org.eclipse.mylyn.core.model.interest.propagation" StartDate="2014-12-22 20:54:42.698 JST" StructureHandle="=freemind_1.0.1/freemind\/freemind\/main" StructureKind="java"/><InteractionEvent Delta="null" EndDate="2014-12-22 20:54:42.696 JST" Interest="1.0" Kind="propagation" Navigation="null" OriginId="org.eclipse.search.ui.views.SearchView" StartDate="2014-12-22 20:54:42.696 JST" StructureHandle="/freemind_1.0.1/freemind/freemind/main/XMLElement.java" StructureKind="resource"/><InteractionEvent Delta="null" EndDate="2014-12-22 20:55:55.186 JST" Interest="1.0" Kind="selection" Navigation="null" OriginId="org.eclipse.jdt.ui.CompilationUnitEditor" StartDate="2014-12-22 20:55:55.186 JST" StructureHandle="=freemind_1.0.1/freemind\/freemind\/view\/mindmapview\/attributeview&amp;lt;{AttributeView.java[AttributeView^nodeView" StructureKind="java"/><InteractionEvent Delta="null" EndDate="2014-12-22 20:57:41.516 JST" Interest="2.0" Kind="selection" Navigation="null" OriginId="org.eclipse.jdt.ui.CompilationUnitEditor" StartDate="2014-12-22 20:57:41.507 JST" StructureHandle="=freemind_1.0.1/freemind\/freemind\/view\/mindmapview&amp;lt;{NodeView.java#java.awt.Color" StructureKind="java" NumEvents="2" CreationCount="71"/><InteractionEvent Delta="null" EndDate="2014-12-22 20:57:42.427 JST" Interest="2.0" Kind="selection" Navigation="null" OriginId="org.eclipse.jdt.ui.CompilationUnitEditor" StartDate="2014-12-22 20:57:42.419 JST" StructureHandle="=freemind_1.0.1/freemind\/freemind\/view\/mindmapview&amp;lt;{NodeView.java#javax.swing.JOptionPane" StructureKind="java" NumEvents="2" CreationCount="73"/><InteractionEvent Delta="null" EndDate="2014-12-22 21:10:10.223 JST" Interest="1.0" Kind="selection" Navigation="null" OriginId="org.eclipse.jdt.ui.CompilationUnitEditor" StartDate="2014-12-22 21:10:10.223 JST" StructureHandle="=freemind_1.0.1/freemind\/freemind\/modes&amp;lt;{ControllerAdapter.java[ControllerAdapter~getLeftToolBar" StructureKind="java"/><InteractionEvent Delta="null" EndDate="2014-12-22 20:56:21.811 JST" Interest="1.0" Kind="selection" Navigation="null" OriginId="org.eclipse.jdt.ui.CompilationUnitEditor" StartDate="2014-12-22 20:56:21.811 JST" StructureHandle="=freemind_1.0.1/freemind\/freemind\/view\/mindmapview&amp;lt;{NodeView.java#freemind.modes.ModeController" StructureKind="java"/><InteractionEvent Delta="null" EndDate="2014-12-22 21:25:53.136 JST" Interest="1.0" Kind="edit" Navigation="null" OriginId="org.eclipse.jdt.ui.CompilationUnitEditor" StartDate="2014-12-22 21:25:53.136 JST" StructureHandle="=freemind_1.0.1/freemind\/freemind\/view\/mindmapview\/attributeview&amp;lt;{AttributeView.java[AttributeView~setViewType~QString;" StructureKind="java"/><InteractionEvent Delta="null" EndDate="2014-12-22 21:25:53.129 JST" Interest="1.0" Kind="selection" Navigation="null" OriginId="org.eclipse.jdt.ui.CompilationUnitEditor" StartDate="2014-12-22 21:25:53.129 JST" StructureHandle="=freemind_1.0.1/freemind\/freemind\/view\/mindmapview\/attributeview&amp;lt;{AttributeView.java[AttributeView~setViewType~QString;" StructureKind="java"/><InteractionEvent Delta="null" EndDate="2014-12-22 21:16:22.420 JST" Interest="72.317" Kind="propagation" Navigation="org.eclipse.mylyn.core.model.edges.containment" OriginId="org.eclipse.mylyn.core.model.interest.propagation" StartDate="2014-12-22 21:04:49.134 JST" StructureHandle="=freemind_1.0.1/freemind\/freemind\/modes&amp;lt;{ControllerAdapter.java[ControllerAdapter" StructureKind="java" NumEvents="100" CreationCount="144"/><InteractionEvent Delta="null" EndDate="2014-12-22 21:42:39.200 JST" Interest="2.0790005" Kind="manipulation" Navigation="null" OriginId="org.eclipse.mylyn.core.model.interest.decay.correction" StartDate="2014-12-22 21:42:39.200 JST" StructureHandle="=freemind_1.0.1/freemind\/freemind\/view\/mindmapview\/attributeview&amp;lt;{AttributeView.java[AttributeView~addTableModelListeners" StructureKind="java"/><InteractionEvent Delta="null" EndDate="2014-12-22 21:42:48.790 JST" Interest="11.0" Kind="edit" Navigation="null" OriginId="org.eclipse.jdt.ui.CompilationUnitEditor" StartDate="2014-12-22 21:24:43.437 JST" StructureHandle="=freemind_1.0.1/freemind\/freemind\/view\/mindmapview\/attributeview&amp;lt;{AttributeView.java[AttributeView~addTableModelListeners" StructureKind="java" NumEvents="11" CreationCount="462"/><InteractionEvent Delta="null" EndDate="2014-12-22 21:42:48.682 JST" Interest="3.0" Kind="selection" Navigation="null" OriginId="org.eclipse.jdt.ui.CompilationUnitEditor" StartDate="2014-12-22 21:24:43.428 JST" StructureHandle="=freemind_1.0.1/freemind\/freemind\/view\/mindmapview\/attributeview&amp;lt;{AttributeView.java[AttributeView~addTableModelListeners" StructureKind="java" NumEvents="3" CreationCount="462"/><InteractionEvent Delta="null" EndDate="2014-12-22 21:42:47.344 JST" Interest="3.0" Kind="edit" Navigation="null" OriginId="org.eclipse.jdt.ui.CompilationUnitEditor" StartDate="2014-12-22 21:42:47.331 JST" StructureHandle="=freemind_1.0.1/freemind\/freemind\/view\/mindmapview\/attributeview&amp;lt;{AttributeView.java[AttributeView~areAttributesVisible" StructureKind="java" NumEvents="3" CreationCount="854"/><InteractionEvent Delta="null" EndDate="2014-12-22 21:42:47.323 JST" Interest="1.0" Kind="selection" Navigation="null" OriginId="org.eclipse.jdt.ui.CompilationUnitEditor" StartDate="2014-12-22 21:42:47.323 JST" StructureHandle="=freemind_1.0.1/freemind\/freemind\/view\/mindmapview\/attributeview&amp;lt;{AttributeView.java[AttributeView~areAttributesVisible" StructureKind="java"/><InteractionEvent Delta="null" EndDate="2014-12-22 21:09:02.852 JST" Interest="2.0" Kind="edit" Navigation="null" OriginId="org.eclipse.jdt.ui.CompilationUnitEditor" StartDate="2014-12-22 21:09:02.828 JST" StructureHandle="=freemind_1.0.1/freemind\/freemind\/view\/mindmapview\/attributeview&amp;lt;{AttributeView.java[AttributeView^tableHeader" StructureKind="java" NumEvents="2" CreationCount="23"/><InteractionEvent Delta="null" EndDate="2014-12-22 21:08:26.36 JST" Interest="1.5500002" Kind="manipulation" Navigation="null" OriginId="org.eclipse.mylyn.core.model.interest.decay.correction" StartDate="2014-12-22 21:08:26.36 JST" StructureHandle="=freemind_1.0.1/freemind\/freemind\/view\/mindmapview\/attributeview&amp;lt;{AttributeView.java[AttributeView^tableHeader" StructureKind="java"/><InteractionEvent Delta="null" EndDate="2014-12-22 21:08:36.215 JST" Interest="3.0" Kind="selection" Navigation="null" OriginId="org.eclipse.ui.views.ContentOutline" StartDate="2014-12-22 20:55:02.880 JST" StructureHandle="=freemind_1.0.1/freemind\/freemind\/view\/mindmapview\/attributeview&amp;lt;{AttributeView.java[AttributeView^tableHeader" StructureKind="java" NumEvents="3" CreationCount="23"/><InteractionEvent Delta="null" EndDate="2014-12-22 21:16:22.420 JST" Interest="110.0" Kind="propagation" Navigation="null" OriginId="org.eclipse.ui.views.ContentOutline" StartDate="2014-12-22 21:04:49.134 JST" StructureHandle="/freemind_1.0.1/freemind/freemind/modes/ControllerAdapter.java" StructureKind="resource" NumEvents="110" CreationCount="144"/><InteractionEvent Delta="null" EndDate="2014-12-22 21:09:20.604 JST" Interest="2.0" Kind="selection" Navigation="null" OriginId="org.eclipse.search.ui.views.SearchView" StartDate="2014-12-22 21:08:13.819 JST" StructureHandle="=freemind_1.0.1/freemind\/freemind\/view\/mindmapview\/attributeview&amp;lt;{AttributePopupMenu.java" StructureKind="java" NumEvents="2" CreationCount="169"/><InteractionEvent Delta="null" EndDate="2014-12-22 21:16:22.420 JST" Interest="72.3" Kind="propagation" Navigation="org.eclipse.mylyn.core.model.edges.containment" OriginId="org.eclipse.mylyn.core.model.interest.propagation" StartDate="2014-12-22 21:04:49.769 JST" StructureHandle="=freemind_1.0.1/freemind\/freemind\/modes&amp;lt;{ControllerAdapter.java[ControllerAdapter[EditAttributesAction" StructureKind="java" NumEvents="99" CreationCount="145"/><InteractionEvent Delta="null" EndDate="2014-12-22 21:51:07.686 JST" Interest="971.0" Kind="propagation" Navigation="org.eclipse.mylyn.core.model.edges.containment" OriginId="org.eclipse.mylyn.core.model.interest.propagation" StartDate="2014-12-22 20:53:51.725 JST" StructureHandle="/" StructureKind="resource" NumEvents="971" CreationCount="1"/><InteractionEvent Delta="null" EndDate="2014-12-22 21:00:20.833 JST" Interest="7.0" Kind="edit" Navigation="null" OriginId="org.eclipse.ui.DefaultTextEditor" StartDate="2014-12-22 20:53:58.801 JST" StructureHandle="/freemind_1.0.1/memos.txt" StructureKind="resource" NumEvents="7" CreationCount="3"/><InteractionEvent Delta="null" EndDate="2014-12-22 20:58:27.797 JST" Interest="4.0" Kind="selection" Navigation="null" OriginId="org.eclipse.ui.DefaultTextEditor" StartDate="2014-12-22 20:53:55.360 JST" StructureHandle="/freemind_1.0.1/memos.txt" StructureKind="resource" NumEvents="4" CreationCount="3"/><InteractionEvent Delta="null" EndDate="2014-12-22 21:43:08.569 JST" Interest="6.4000006" Kind="manipulation" Navigation="null" OriginId="org.eclipse.mylyn.core.model.interest.decay.correction" StartDate="2014-12-22 21:43:08.569 JST" StructureHandle="=freemind_1.0.1/freemind\/freemind\/view\/mindmapview\/attributeview&amp;lt;{AttributeView.java[AttributeView~startEditing" StructureKind="java"/><InteractionEvent Delta="null" EndDate="2014-12-22 21:43:08.593 JST" Interest="7.0" Kind="edit" Navigation="null" OriginId="org.eclipse.jdt.ui.CompilationUnitEditor" StartDate="2014-12-22 21:16:28.789 JST" StructureHandle="=freemind_1.0.1/freemind\/freemind\/view\/mindmapview\/attributeview&amp;lt;{AttributeView.java[AttributeView~startEditing" StructureKind="java" NumEvents="7" CreationCount="309"/><InteractionEvent Delta="null" EndDate="2014-12-22 21:43:08.571 JST" Interest="3.0" Kind="selection" Navigation="null" OriginId="org.eclipse.jdt.ui.CompilationUnitEditor" StartDate="2014-12-22 21:16:27.391 JST" StructureHandle="=freemind_1.0.1/freemind\/freemind\/view\/mindmapview\/attributeview&amp;lt;{AttributeView.java[AttributeView~startEditing" StructureKind="java" NumEvents="3" CreationCount="309"/><InteractionEvent Delta="null" EndDate="2014-12-22 21:09:42.169 JST" Interest="1.0" Kind="selection" Navigation="null" OriginId="org.eclipse.jdt.ui.CompilationUnitEditor" StartDate="2014-12-22 21:09:42.169 JST" StructureHandle="=freemind_1.0.1/freemind\/freemind\/view\/mindmapview&amp;lt;{NodeView.java[NodeView~treeNodesRemoved~QTreeModelEvent;" StructureKind="java"/><InteractionEvent Delta="null" EndDate="2014-12-22 21:51:07.686 JST" Interest="277.163" Kind="propagation" Navigation="org.eclipse.mylyn.core.model.edges.containment" OriginId="org.eclipse.mylyn.core.model.interest.propagation" StartDate="2014-12-22 20:54:55.685 JST" StructureHandle="=freemind_1.0.1/freemind\/freemind\/view\/mindmapview\/attributeview" StructureKind="java" NumEvents="393" CreationCount="19"/><InteractionEvent Delta="null" EndDate="2014-12-22 21:51:07.686 JST" Interest="682.034" Kind="propagation" Navigation="org.eclipse.mylyn.core.model.edges.containment" OriginId="org.eclipse.mylyn.core.model.interest.propagation" StartDate="2014-12-22 20:54:49.646 JST" StructureHandle="/freemind_1.0.1/freemind/freemind/view/mindmapview" StructureKind="resource" NumEvents="685" CreationCount="17"/><InteractionEvent Delta="null" EndDate="2014-12-22 21:08:01.340 JST" Interest="3.0" Kind="selection" Navigation="null" OriginId="org.eclipse.search.ui.views.SearchView" StartDate="2014-12-22 20:54:47.512 JST" StructureHandle="/freemind_1.0.1/freemind/freemind/view/mindmapview" StructureKind="resource" NumEvents="3" CreationCount="17"/><InteractionEvent Delta="null" EndDate="2014-12-22 21:04:49.134 JST" Interest="1.0" Kind="selection" Navigation="null" OriginId="org.eclipse.jdt.ui.CompilationUnitEditor" StartDate="2014-12-22 21:04:49.134 JST" StructureHandle="=freemind_1.0.1/freemind\/freemind\/modes&amp;lt;{ControllerAdapter.java[ControllerAdapter~showPopupMenu~QMouseEvent;" StructureKind="java"/><InteractionEvent Delta="null" EndDate="2014-12-22 21:26:38.983 JST" Interest="5.0" Kind="edit" Navigation="null" OriginId="org.eclipse.jdt.ui.CompilationUnitEditor" StartDate="2014-12-22 21:24:26.957 JST" StructureHandle="=freemind_1.0.1/freemind\/freemind\/view\/mindmapview\/attributeview&amp;lt;{AttributeView.java[AttributeView^attributeTable" StructureKind="java" NumEvents="5" CreationCount="179"/><InteractionEvent Delta="null" EndDate="2014-12-22 21:24:26.953 JST" Interest="1.6580006" Kind="manipulation" Navigation="null" OriginId="org.eclipse.mylyn.core.model.interest.decay.correction" StartDate="2014-12-22 21:14:27.740 JST" StructureHandle="=freemind_1.0.1/freemind\/freemind\/view\/mindmapview\/attributeview&amp;lt;{AttributeView.java[AttributeView^attributeTable" StructureKind="java" NumEvents="2" CreationCount="179"/><InteractionEvent Delta="null" EndDate="2014-12-22 21:26:37.61 JST" Interest="6.0" Kind="selection" Navigation="null" OriginId="org.eclipse.jdt.ui.CompilationUnitEditor" StartDate="2014-12-22 21:09:03.477 JST" StructureHandle="=freemind_1.0.1/freemind\/freemind\/view\/mindmapview\/attributeview&amp;lt;{AttributeView.java[AttributeView^attributeTable" StructureKind="java" NumEvents="6" CreationCount="179"/><InteractionEvent Delta="null" EndDate="2014-12-22 21:51:07.686 JST" Interest="683.01697" Kind="propagation" Navigation="null" OriginId="org.eclipse.jdt.ui.CompilationUnitEditor" StartDate="2014-12-22 20:54:55.684 JST" StructureHandle="/freemind_1.0.1/freemind/freemind/view/mindmapview/attributeview" StructureKind="resource" NumEvents="684" CreationCount="18"/><InteractionEvent Delta="null" EndDate="2014-12-22 21:09:36.588 JST" Interest="3.0" Kind="selection" Navigation="null" OriginId="org.eclipse.search.ui.views.SearchView" StartDate="2014-12-22 20:54:49.646 JST" StructureHandle="/freemind_1.0.1/freemind/freemind/view/mindmapview/attributeview" StructureKind="resource" NumEvents="3" CreationCount="18"/><InteractionEvent Delta="null" EndDate="2014-12-22 20:57:42.427 JST" Interest="2.7140002" Kind="propagation" Navigation="org.eclipse.mylyn.core.model.edges.containment" OriginId="org.eclipse.mylyn.core.model.interest.propagation" StartDate="2014-12-22 20:56:21.812 JST" StructureHandle="=freemind_1.0.1/freemind\/freemind\/view\/mindmapview&amp;lt;{NodeView.java#" StructureKind="java" NumEvents="4" CreationCount="31"/><InteractionEvent Delta="null" EndDate="2014-12-22 20:57:43.329 JST" Interest="2.0" Kind="selection" Navigation="null" OriginId="org.eclipse.jdt.ui.CompilationUnitEditor" StartDate="2014-12-22 20:57:43.322 JST" StructureHandle="=freemind_1.0.1/freemind\/freemind\/view\/mindmapview&amp;lt;{NodeView.java#" StructureKind="java" NumEvents="2" CreationCount="31"/><InteractionEvent Delta="null" EndDate="2014-12-22 20:57:44.420 JST" Interest="2.0" Kind="selection" Navigation="null" OriginId="org.eclipse.jdt.ui.CompilationUnitEditor" StartDate="2014-12-22 20:57:44.415 JST" StructureHandle="=freemind_1.0.1/freemind\/freemind\/view\/mindmapview&amp;lt;{NodeView.java#javax.swing.SwingUtilities" StructureKind="java" NumEvents="2" CreationCount="77"/><InteractionEvent Delta="null" EndDate="2014-12-22 21:51:07.686 JST" Interest="971.0" Kind="propagation" Navigation="null" OriginId="org.eclipse.jdt.ui.CompilationUnitEditor" StartDate="2014-12-22 20:53:51.725 JST" StructureHandle="/freemind_1.0.1" StructureKind="resource" NumEvents="971" CreationCount="1"/><InteractionEvent Delta="null" EndDate="2014-12-22 20:53:54.795 JST" Interest="1.0" Kind="propagation" Navigation="null" OriginId="org.eclipse.jdt.ui.PackageExplorer" StartDate="2014-12-22 20:53:54.795 JST" StructureHandle="/freemind_1.0.1/src" StructureKind="resource"/><InteractionEvent Delta="null" EndDate="2014-12-22 21:07:20.293 JST" Interest="3.0" Kind="edit" Navigation="null" OriginId="org.eclipse.jdt.ui.CompilationUnitEditor" StartDate="2014-12-22 20:57:15.480 JST" StructureHandle="=freemind_1.0.1/freemind\/freemind\/modes\/mindmapmode&amp;lt;{MindMapController.java[MindMapController~createStandardActions" StructureKind="java" NumEvents="3" CreationCount="47"/><InteractionEvent Delta="null" EndDate="2014-12-22 21:14:29.525 JST" Interest="5.0" Kind="selection" Navigation="null" OriginId="org.eclipse.jdt.ui.CompilationUnitEditor" StartDate="2014-12-22 20:57:12.368 JST" StructureHandle="=freemind_1.0.1/freemind\/freemind\/modes\/mindmapmode&amp;lt;{MindMapController.java[MindMapController~createStandardActions" StructureKind="java" NumEvents="5" CreationCount="47"/><InteractionEvent Delta="null" EndDate="2014-12-22 21:16:22.421 JST" Interest="65.317" Kind="propagation" Navigation="org.eclipse.mylyn.core.model.edges.containment" OriginId="org.eclipse.mylyn.core.model.interest.propagation" StartDate="2014-12-22 21:04:49.135 JST" StructureHandle="=freemind_1.0.1/freemind\/freemind\/modes&amp;lt;{ControllerAdapter.java" StructureKind="java" NumEvents="95" CreationCount="144"/><InteractionEvent Delta="null" EndDate="2014-12-22 21:14:29.689 JST" Interest="7.0" Kind="selection" Navigation="null" OriginId="org.eclipse.jdt.ui.CompilationUnitEditor" StartDate="2014-12-22 21:07:21.616 JST" StructureHandle="=freemind_1.0.1/freemind\/freemind\/modes&amp;lt;{ControllerAdapter.java" StructureKind="java" NumEvents="7" CreationCount="144"/><InteractionEvent Delta="null" EndDate="2014-12-22 21:29:14.470 JST" Interest="123.0" Kind="edit" Navigation="null" OriginId="org.eclipse.jdt.ui.CompilationUnitEditor" StartDate="2014-12-22 21:18:02.673 JST" StructureHandle="=freemind_1.0.1/freemind\/freemind\/view\/mindmapview\/attributeview&amp;lt;{AttributeView.java[AttributeView~startEditingTable" StructureKind="java" NumEvents="123" CreationCount="319"/><InteractionEvent Delta="null" EndDate="2014-12-22 21:30:24.453 JST" Interest="15.0" Kind="selection" Navigation="null" OriginId="org.eclipse.jdt.ui.CompilationUnitEditor" StartDate="2014-12-22 21:18:02.53 JST" StructureHandle="=freemind_1.0.1/freemind\/freemind\/view\/mindmapview\/attributeview&amp;lt;{AttributeView.java[AttributeView~startEditingTable" StructureKind="java" NumEvents="15" CreationCount="319"/><InteractionEvent Delta="null" EndDate="2014-12-22 20:53:54.794 JST" Interest="1.0" Kind="selection" Navigation="null" OriginId="org.eclipse.jdt.ui.PackageExplorer" StartDate="2014-12-22 20:53:54.794 JST" StructureHandle="=freemind_1.0.1/src" StructureKind="java"/><InteractionEvent Delta="null" EndDate="2014-12-22 21:51:07.685 JST" Interest="264.495" Kind="propagation" Navigation="org.eclipse.mylyn.core.model.edges.containment" OriginId="org.eclipse.mylyn.core.model.interest.propagation" StartDate="2014-12-22 20:55:02.881 JST" StructureHandle="=freemind_1.0.1/freemind\/freemind\/view\/mindmapview\/attributeview&amp;lt;{AttributeView.java[AttributeView" StructureKind="java" NumEvents="373" CreationCount="23"/><InteractionEvent Delta="null" EndDate="2014-12-22 21:42:58.652 JST" Interest="8.0" Kind="edit" Navigation="null" OriginId="org.eclipse.jdt.ui.CompilationUnitEditor" StartDate="2014-12-22 20:55:54.492 JST" StructureHandle="=freemind_1.0.1/freemind\/freemind\/view\/mindmapview\/attributeview&amp;lt;{AttributeView.java[AttributeView" StructureKind="java" NumEvents="8" CreationCount="23"/><InteractionEvent Delta="null" EndDate="2014-12-22 21:42:58.645 JST" Interest="7.0" Kind="selection" Navigation="null" OriginId="org.eclipse.jdt.ui.CompilationUnitEditor" StartDate="2014-12-22 20:55:04.656 JST" StructureHandle="=freemind_1.0.1/freemind\/freemind\/view\/mindmapview\/attributeview&amp;lt;{AttributeView.java[AttributeView" StructureKind="java" NumEvents="7" CreationCount="23"/><InteractionEvent Delta="null" EndDate="2014-12-22 21:18:34.959 JST" Interest="41.0" Kind="edit" Navigation="null" OriginId="org.eclipse.jdt.ui.CompilationUnitEditor" StartDate="2014-12-22 21:01:40.22 JST" StructureHandle="=freemind_1.0.1/freemind\/freemind\/view\/mindmapview&amp;lt;{NodeView.java[NodeView~getAttributeView" StructureKind="java" NumEvents="41" CreationCount="118"/><InteractionEvent Delta="null" EndDate="2014-12-22 21:18:29.689 JST" Interest="6.0" Kind="selection" Navigation="null" OriginId="org.eclipse.jdt.ui.CompilationUnitEditor" StartDate="2014-12-22 21:01:40.6 JST" StructureHandle="=freemind_1.0.1/freemind\/freemind\/view\/mindmapview&amp;lt;{NodeView.java[NodeView~getAttributeView" StructureKind="java" NumEvents="6" CreationCount="118"/><InteractionEvent Delta="null" EndDate="2014-12-22 21:43:02.784 JST" Interest="0.6290002" Kind="manipulation" Navigation="null" OriginId="org.eclipse.mylyn.core.model.interest.decay.correction" StartDate="2014-12-22 21:43:02.784 JST" StructureHandle="=freemind_1.0.1/freemind\/freemind\/view\/mindmapview\/attributeview&amp;lt;{AttributeView.java[AttributeView~syncronizeAttributeView" StructureKind="java"/><InteractionEvent Delta="null" EndDate="2014-12-22 21:51:07.71 JST" Interest="29.0" Kind="edit" Navigation="null" OriginId="org.eclipse.jdt.ui.CompilationUnitEditor" StartDate="2014-12-22 21:24:28.635 JST" StructureHandle="=freemind_1.0.1/freemind\/freemind\/view\/mindmapview\/attributeview&amp;lt;{AttributeView.java[AttributeView~syncronizeAttributeView" StructureKind="java" NumEvents="29" CreationCount="456"/><InteractionEvent Delta="null" EndDate="2014-12-22 21:46:09.972 JST" Interest="10.0" Kind="selection" Navigation="null" OriginId="org.eclipse.jdt.ui.CompilationUnitEditor" StartDate="2014-12-22 21:24:28.628 JST" StructureHandle="=freemind_1.0.1/freemind\/freemind\/view\/mindmapview\/attributeview&amp;lt;{AttributeView.java[AttributeView~syncronizeAttributeView" StructureKind="java" NumEvents="10" CreationCount="456"/><InteractionEvent Delta="null" EndDate="2014-12-22 21:16:22.421 JST" Interest="72.317" Kind="propagation" Navigation="org.eclipse.mylyn.core.model.edges.containment" OriginId="org.eclipse.mylyn.core.model.interest.propagation" StartDate="2014-12-22 21:04:49.135 JST" StructureHandle="=freemind_1.0.1/freemind\/freemind\/modes&amp;lt;" StructureKind="java" NumEvents="102" CreationCount="144"/><InteractionEvent Delta="null" EndDate="2014-12-22 21:01:41.264 JST" Interest="31.951002" Kind="propagation" Navigation="org.eclipse.mylyn.core.model.edges.containment" OriginId="org.eclipse.mylyn.core.model.interest.propagation" StartDate="2014-12-22 20:56:21.813 JST" StructureHandle="=freemind_1.0.1/freemind\/freemind\/view\/mindmapview&amp;lt;{NodeView.java" StructureKind="java" NumEvents="49" CreationCount="30"/><InteractionEvent Delta="null" EndDate="2014-12-22 20:56:21.842 JST" Interest="1.0" Kind="edit" Navigation="null" OriginId="org.eclipse.jdt.ui.CompilationUnitEditor" StartDate="2014-12-22 20:56:21.842 JST" StructureHandle="=freemind_1.0.1/freemind\/freemind\/view\/mindmapview&amp;lt;{NodeView.java" StructureKind="java"/><InteractionEvent Delta="null" EndDate="2014-12-22 21:18:29.393 JST" Interest="12.0" Kind="selection" Navigation="null" OriginId="org.eclipse.jdt.ui.CompilationUnitEditor" StartDate="2014-12-22 20:56:16.644 JST" StructureHandle="=freemind_1.0.1/freemind\/freemind\/view\/mindmapview&amp;lt;{NodeView.java" StructureKind="java" NumEvents="12" CreationCount="30"/><InteractionEvent Delta="null" EndDate="2014-12-22 21:01:39.378 JST" Interest="48.0" Kind="edit" Navigation="null" OriginId="org.eclipse.jdt.ui.CompilationUnitEditor" StartDate="2014-12-22 20:56:24.278 JST" StructureHandle="=freemind_1.0.1/freemind\/freemind\/view\/mindmapview&amp;lt;{NodeView.java[NodeView~createAttributeView" StructureKind="java" NumEvents="48" CreationCount="33"/><InteractionEvent Delta="null" EndDate="2014-12-22 20:57:46.504 JST" Interest="4.0" Kind="selection" Navigation="null" OriginId="org.eclipse.jdt.ui.CompilationUnitEditor" StartDate="2014-12-22 20:56:23.651 JST" StructureHandle="=freemind_1.0.1/freemind\/freemind\/view\/mindmapview&amp;lt;{NodeView.java[NodeView~createAttributeView" StructureKind="java" NumEvents="4" CreationCount="33"/><InteractionEvent Delta="null" EndDate="2014-12-22 21:51:07.686 JST" Interest="242.36299" Kind="propagation" Navigation="org.eclipse.mylyn.core.model.edges.containment" OriginId="org.eclipse.mylyn.core.model.interest.propagation" StartDate="2014-12-22 21:18:21.860 JST" StructureHandle="=freemind_1.0.1/freemind\/freemind\/view\/mindmapview\/attributeview&amp;lt;{AttributeView.java" StructureKind="java" NumEvents="349" CreationCount="19"/><InteractionEvent Delta="null" EndDate="2014-12-22 21:43:05.454 JST" Interest="14.0" Kind="edit" Navigation="null" OriginId="org.eclipse.jdt.ui.CompilationUnitEditor" StartDate="2014-12-22 21:18:23.737 JST" StructureHandle="=freemind_1.0.1/freemind\/freemind\/view\/mindmapview\/attributeview&amp;lt;{AttributeView.java" StructureKind="java" NumEvents="14" CreationCount="19"/><InteractionEvent Delta="null" EndDate="2014-12-22 21:43:05.445 JST" Interest="25.0" Kind="selection" Navigation="null" OriginId="org.eclipse.jdt.ui.CompilationUnitEditor" StartDate="2014-12-22 20:54:55.683 JST" StructureHandle="=freemind_1.0.1/freemind\/freemind\/view\/mindmapview\/attributeview&amp;lt;{AttributeView.java" StructureKind="java" NumEvents="25" CreationCount="19"/><InteractionEvent Delta="null" EndDate="2014-12-22 21:51:07.686 JST" Interest="682.05096" Kind="propagation" Navigation="org.eclipse.mylyn.core.model.edges.containment" OriginId="org.eclipse.mylyn.core.model.interest.propagation" StartDate="2014-12-22 20:54:47.512 JST" StructureHandle="/freemind_1.0.1/freemind/freemind/view" StructureKind="resource" NumEvents="711" CreationCount="16"/><InteractionEvent Delta="null" EndDate="2014-12-22 21:08:00.543 JST" Interest="3.0" Kind="selection" Navigation="null" OriginId="org.eclipse.search.ui.views.SearchView" StartDate="2014-12-22 20:54:46.478 JST" StructureHandle="/freemind_1.0.1/freemind/freemind/view" StructureKind="resource" NumEvents="3" CreationCount="16"/><InteractionEvent Delta="null" EndDate="2014-12-22 21:14:29.261 JST" Interest="11.0" Kind="selection" Navigation="null" OriginId="org.eclipse.jdt.ui.CompilationUnitEditor" StartDate="2014-12-22 20:57:03.189 JST" StructureHandle="=freemind_1.0.1/freemind\/freemind\/modes\/mindmapmode&amp;lt;{MindMapController.java" StructureKind="java" NumEvents="11" CreationCount="43"/><InteractionEvent Delta="null" EndDate="2014-12-22 21:25:39.6 JST" Interest="5.0" Kind="edit" Navigation="null" OriginId="org.eclipse.jdt.ui.CompilationUnitEditor" StartDate="2014-12-22 21:25:28.500 JST" StructureHandle="=freemind_1.0.1/freemind\/freemind\/view\/mindmapview\/attributeview&amp;lt;{AttributeView.java[AttributeView~removeListeners" StructureKind="java" NumEvents="5" CreationCount="468"/><InteractionEvent Delta="null" EndDate="2014-12-22 21:25:28.494 JST" Interest="1.0" Kind="selection" Navigation="null" OriginId="org.eclipse.jdt.ui.CompilationUnitEditor" StartDate="2014-12-22 21:25:28.494 JST" StructureHandle="=freemind_1.0.1/freemind\/freemind\/view\/mindmapview\/attributeview&amp;lt;{AttributeView.java[AttributeView~removeListeners" StructureKind="java"/><InteractionEvent Delta="null" EndDate="2014-12-22 21:21:49.284 JST" Interest="3.4" Kind="propagation" Navigation="org.eclipse.mylyn.core.model.edges.containment" OriginId="org.eclipse.mylyn.core.model.interest.propagation" StartDate="2014-12-22 21:16:59.265 JST" StructureHandle="=freemind_1.0.1/freemind\/freemind\/view\/mindmapview\/attributeview&amp;lt;{AttributeView.java[AttributeView~startEditing[" StructureKind="java" NumEvents="4" CreationCount="314"/><InteractionEvent Delta="null" EndDate="2014-12-22 20:54:42.696 JST" Interest="1.0" Kind="propagation" Navigation="org.eclipse.mylyn.core.model.edges.containment" OriginId="org.eclipse.mylyn.core.model.interest.propagation" StartDate="2014-12-22 20:54:42.696 JST" StructureHandle="=freemind_1.0.1/freemind\/freemind\/main&amp;lt;" StructureKind="java"/><InteractionEvent Delta="null" EndDate="2014-12-22 21:18:34.959 JST" Interest="122.0" Kind="propagation" Navigation="null" OriginId="org.eclipse.jdt.ui.CompilationUnitEditor" StartDate="2014-12-22 20:56:16.645 JST" StructureHandle="/freemind_1.0.1/freemind/freemind/view/mindmapview/NodeView.java" StructureKind="resource" NumEvents="122" CreationCount="30"/><InteractionEvent Delta="null" EndDate="2014-12-22 21:16:22.421 JST" Interest="121.034" Kind="propagation" Navigation="null" OriginId="org.eclipse.ui.views.ContentOutline" StartDate="2014-12-22 20:56:55.593 JST" StructureHandle="/freemind_1.0.1/freemind/freemind/modes" StructureKind="resource" NumEvents="123" CreationCount="41"/><InteractionEvent Delta="null" EndDate="2014-12-22 20:56:52.661 JST" Interest="1.0" Kind="selection" Navigation="null" OriginId="org.eclipse.jdt.ui.PackageExplorer" StartDate="2014-12-22 20:56:52.661 JST" StructureHandle="/freemind_1.0.1/freemind/freemind/modes" StructureKind="resource"/><InteractionEvent Delta="null" EndDate="2014-12-22 21:51:07.685 JST" Interest="682.0" Kind="propagation" Navigation="null" OriginId="org.eclipse.jdt.ui.CompilationUnitEditor" StartDate="2014-12-22 20:54:55.683 JST" StructureHandle="/freemind_1.0.1/freemind/freemind/view/mindmapview/attributeview/AttributeView.java" StructureKind="resource" NumEvents="682" CreationCount="19"/><InteractionEvent Delta="null" EndDate="2014-12-22 21:25:45.971 JST" Interest="1.0" Kind="edit" Navigation="null" OriginId="org.eclipse.jdt.ui.CompilationUnitEditor" StartDate="2014-12-22 21:25:45.971 JST" StructureHandle="=freemind_1.0.1/freemind\/freemind\/view\/mindmapview\/attributeview&amp;lt;{AttributeView.java[AttributeView~update" StructureKind="java"/><InteractionEvent Delta="null" EndDate="2014-12-22 21:25:45.961 JST" Interest="1.0" Kind="selection" Navigation="null" OriginId="org.eclipse.jdt.ui.CompilationUnitEditor" StartDate="2014-12-22 21:25:45.961 JST" StructureHandle="=freemind_1.0.1/freemind\/freemind\/view\/mindmapview\/attributeview&amp;lt;{AttributeView.java[AttributeView~update" StructureKind="java"/><InteractionEvent Delta="null" EndDate="2014-12-22 21:14:34.901 JST" Interest="1.7" Kind="propagation" Navigation="org.eclipse.mylyn.core.model.edges.containment" OriginId="org.eclipse.mylyn.core.model.interest.propagation" StartDate="2014-12-22 21:14:34.896 JST" StructureHandle="=freemind_1.0.1/freemind\/freemind\/modes&amp;lt;{ControllerAdapter.java[ControllerAdapter[FileOpener" StructureKind="java" NumEvents="2" CreationCount="290"/><InteractionEvent Delta="null" EndDate="2014-12-22 21:51:07.686 JST" Interest="682.18695" Kind="propagation" Navigation="org.eclipse.mylyn.core.model.edges.containment" OriginId="org.eclipse.mylyn.core.model.interest.propagation" StartDate="2014-12-22 20:54:04.158 JST" StructureHandle="/freemind_1.0.1/freemind/freemind" StructureKind="resource" NumEvents="691" CreationCount="8"/><InteractionEvent Delta="null" EndDate="2014-12-22 20:56:51.56 JST" Interest="3.0" Kind="selection" Navigation="null" OriginId="org.eclipse.jdt.ui.PackageExplorer" StartDate="2014-12-22 20:54:02.671 JST" StructureHandle="/freemind_1.0.1/freemind/freemind" StructureKind="resource" NumEvents="3" CreationCount="8"/><InteractionEvent Delta="null" EndDate="2014-12-22 21:16:00.715 JST" Interest="89.0" Kind="edit" Navigation="null" OriginId="org.eclipse.jdt.ui.CompilationUnitEditor" StartDate="2014-12-22 21:04:49.782 JST" StructureHandle="=freemind_1.0.1/freemind\/freemind\/modes&amp;lt;{ControllerAdapter.java[ControllerAdapter[EditAttributesAction~actionPerformed~QActionEvent;" StructureKind="java" NumEvents="89" CreationCount="145"/><InteractionEvent Delta="null" EndDate="2014-12-22 21:16:22.420 JST" Interest="10.0" Kind="selection" Navigation="null" OriginId="org.eclipse.ui.views.ContentOutline" StartDate="2014-12-22 21:04:49.768 JST" StructureHandle="=freemind_1.0.1/freemind\/freemind\/modes&amp;lt;{ControllerAdapter.java[ControllerAdapter[EditAttributesAction~actionPerformed~QActionEvent;" StructureKind="java" NumEvents="10" CreationCount="145"/><InteractionEvent Delta="null" EndDate="2014-12-22 21:01:39.379 JST" Interest="37.6" Kind="propagation" Navigation="org.eclipse.mylyn.core.model.edges.containment" OriginId="org.eclipse.mylyn.core.model.interest.propagation" StartDate="2014-12-22 20:56:23.651 JST" StructureHandle="=freemind_1.0.1/freemind\/freemind\/view\/mindmapview&amp;lt;{NodeView.java[NodeView" StructureKind="java" NumEvents="52" CreationCount="33"/><InteractionEvent Delta="null" EndDate="2014-12-22 21:14:29.525 JST" Interest="21.017" Kind="propagation" Navigation="org.eclipse.mylyn.core.model.edges.containment" OriginId="org.eclipse.mylyn.core.model.interest.propagation" StartDate="2014-12-22 20:57:03.189 JST" StructureHandle="/freemind_1.0.1/freemind/freemind/modes/mindmapmode" StructureKind="resource" NumEvents="22" CreationCount="42"/><InteractionEvent Delta="null" EndDate="2014-12-22 20:56:55.593 JST" Interest="1.0" Kind="selection" Navigation="null" OriginId="org.eclipse.jdt.ui.PackageExplorer" StartDate="2014-12-22 20:56:55.593 JST" StructureHandle="/freemind_1.0.1/freemind/freemind/modes/mindmapmode" StructureKind="resource"/><InteractionEvent Delta="null" EndDate="2014-12-22 21:25:55.64 JST" Interest="1.0" Kind="edit" Navigation="null" OriginId="org.eclipse.jdt.ui.CompilationUnitEditor" StartDate="2014-12-22 21:25:55.64 JST" StructureHandle="=freemind_1.0.1/freemind\/freemind\/view\/mindmapview\/attributeview&amp;lt;{AttributeView.java[AttributeView~viewRemoved" StructureKind="java"/><InteractionEvent Delta="null" EndDate="2014-12-22 21:25:55.52 JST" Interest="1.0" Kind="selection" Navigation="null" OriginId="org.eclipse.jdt.ui.CompilationUnitEditor" StartDate="2014-12-22 21:25:55.52 JST" StructureHandle="=freemind_1.0.1/freemind\/freemind\/view\/mindmapview\/attributeview&amp;lt;{AttributeView.java[AttributeView~viewRemoved" StructureKind="java"/><InteractionEvent Delta="null" EndDate="2014-12-22 21:21:49.284 JST" Interest="2.0" Kind="edit" Navigation="null" OriginId="org.eclipse.jdt.ui.CompilationUnitEditor" StartDate="2014-12-22 21:17:00.833 JST" StructureHandle="=freemind_1.0.1/freemind\/freemind\/view\/mindmapview\/attributeview&amp;lt;{AttributeView.java[AttributeView~startEditing[~run" StructureKind="java" NumEvents="2" CreationCount="314"/><InteractionEvent Delta="null" EndDate="2014-12-22 21:21:49.280 JST" Interest="2.0" Kind="selection" Navigation="null" OriginId="org.eclipse.jdt.ui.CompilationUnitEditor" StartDate="2014-12-22 21:16:59.265 JST" StructureHandle="=freemind_1.0.1/freemind\/freemind\/view\/mindmapview\/attributeview&amp;lt;{AttributeView.java[AttributeView~startEditing[~run" StructureKind="java" NumEvents="2" CreationCount="314"/><InteractionEvent Delta="null" EndDate="2014-12-22 21:25:59.189 JST" Interest="2.0" Kind="edit" Navigation="null" OriginId="org.eclipse.jdt.ui.CompilationUnitEditor" StartDate="2014-12-22 21:23:31.560 JST" StructureHandle="=freemind_1.0.1/freemind\/freemind\/view\/mindmapview\/attributeview&amp;lt;{AttributeView.java[AttributeView~stopEditing" StructureKind="java" NumEvents="2" CreationCount="420"/><InteractionEvent Delta="null" EndDate="2014-12-22 21:25:59.181 JST" Interest="2.0" Kind="selection" Navigation="null" OriginId="org.eclipse.jdt.ui.CompilationUnitEditor" StartDate="2014-12-22 21:23:31.556 JST" StructureHandle="=freemind_1.0.1/freemind\/freemind\/view\/mindmapview\/attributeview&amp;lt;{AttributeView.java[AttributeView~stopEditing" StructureKind="java" NumEvents="2" CreationCount="420"/><InteractionEvent Delta="null" EndDate="2014-12-22 21:43:20.390 JST" Interest="3.0" Kind="edit" Navigation="null" OriginId="org.eclipse.jdt.ui.CompilationUnitEditor" StartDate="2014-12-22 21:43:20.382 JST" StructureHandle="=freemind_1.0.1/freemind\/freemind\/view\/mindmapview\/attributeview&amp;lt;{AttributeView.java[AttributeView~getAttributeRegistry" StructureKind="java" NumEvents="3" CreationCount="933"/><InteractionEvent Delta="null" EndDate="2014-12-22 21:43:20.377 JST" Interest="1.0" Kind="selection" Navigation="null" OriginId="org.eclipse.jdt.ui.CompilationUnitEditor" StartDate="2014-12-22 21:43:20.377 JST" StructureHandle="=freemind_1.0.1/freemind\/freemind\/view\/mindmapview\/attributeview&amp;lt;{AttributeView.java[AttributeView~getAttributeRegistry" StructureKind="java"/><InteractionEvent Delta="null" EndDate="2014-12-22 20:54:27.659 JST" Interest="1.0" Kind="selection" Navigation="null" OriginId="org.eclipse.search.ui.views.SearchView" StartDate="2014-12-22 20:54:27.659 JST" StructureHandle="/freemind_1.0.1/freemind/accessories" StructureKind="resource"/><InteractionEvent Delta="null" EndDate="2014-12-22 21:07:12.655 JST" Interest="3.0" Kind="selection" Navigation="null" OriginId="org.eclipse.jdt.ui.CompilationUnitEditor" StartDate="2014-12-22 20:57:31.668 JST" StructureHandle="=freemind_1.0.1/freemind\/freemind\/modes\/mindmapmode&amp;lt;{MindMapController.java#javax.swing.JOptionPane" StructureKind="java" NumEvents="3" CreationCount="65"/><InteractionEvent Delta="null" EndDate="2014-12-22 21:19:06.230 JST" Interest="2.0" Kind="propagation" Navigation="org.eclipse.mylyn.core.model.edges.containment" OriginId="org.eclipse.mylyn.core.model.interest.propagation" StartDate="2014-12-22 21:19:06.221 JST" StructureHandle="=freemind_1.0.1/freemind\/freemind\/view\/mindmapview\/attributeview&amp;lt;{AttributeView.java#" StructureKind="java" NumEvents="2" CreationCount="370"/><InteractionEvent Delta="null" EndDate="2014-12-22 21:19:06.229 JST" Interest="2.0" Kind="selection" Navigation="null" OriginId="org.eclipse.jdt.ui.CompilationUnitEditor" StartDate="2014-12-22 21:19:06.220 JST" StructureHandle="=freemind_1.0.1/freemind\/freemind\/view\/mindmapview\/attributeview&amp;lt;{AttributeView.java#javax.swing.JOptionPane" StructureKind="java" NumEvents="2" CreationCount="370"/><InteractionEvent Delta="null" EndDate="2014-12-22 21:14:29.262 JST" Interest="11.0" Kind="propagation" Navigation="org.eclipse.mylyn.core.model.edges.containment" OriginId="org.eclipse.mylyn.core.model.interest.propagation" StartDate="2014-12-22 20:57:03.190 JST" StructureHandle="=freemind_1.0.1/freemind\/freemind\/modes\/mindmapmode" StructureKind="java" NumEvents="11" CreationCount="43"/><InteractionEvent Delta="null" EndDate="2014-12-22 21:14:29.525 JST" Interest="7.1" Kind="propagation" Navigation="org.eclipse.mylyn.core.model.edges.containment" OriginId="org.eclipse.mylyn.core.model.interest.propagation" StartDate="2014-12-22 20:57:12.369 JST" StructureHandle="=freemind_1.0.1/freemind\/freemind\/modes\/mindmapmode&amp;lt;{MindMapController.java[MindMapController" StructureKind="java" NumEvents="8" CreationCount="47"/><InteractionEvent Delta="null" EndDate="2014-12-22 21:16:22.421 JST" Interest="72.317" Kind="propagation" Navigation="org.eclipse.mylyn.core.model.edges.containment" OriginId="org.eclipse.mylyn.core.model.interest.propagation" StartDate="2014-12-22 21:04:49.135 JST" StructureHandle="=freemind_1.0.1/freemind\/freemind\/modes" StructureKind="java" NumEvents="102" CreationCount="144"/><InteractionEvent Delta="null" EndDate="2014-12-22 20:54:42.697 JST" Interest="1.0" Kind="propagation" Navigation="null" OriginId="org.eclipse.search.ui.views.SearchView" StartDate="2014-12-22 20:54:42.697 JST" StructureHandle="/freemind_1.0.1/freemind/freemind/main" StructureKind="resource"/><InteractionEvent Delta="null" EndDate="2014-12-22 20:56:50.829 JST" Interest="3.0" Kind="selection" Navigation="null" OriginId="org.eclipse.jdt.ui.PackageExplorer" StartDate="2014-12-22 20:54:04.158 JST" StructureHandle="/freemind_1.0.1/freemind/freemind/main" StructureKind="resource" NumEvents="3" CreationCount="9"/><InteractionEvent Delta="null" EndDate="2014-12-22 21:51:07.685 JST" Interest="361.0" Kind="edit" Navigation="null" OriginId="org.eclipse.jdt.ui.CompilationUnitEditor" StartDate="2014-12-22 21:24:36.979 JST" StructureHandle="=freemind_1.0.1/freemind\/freemind\/view\/mindmapview\/attributeview&amp;lt;{AttributeView.java[AttributeView~provideAttributeTable" StructureKind="java" NumEvents="361" CreationCount="458"/><InteractionEvent Delta="null" EndDate="2014-12-22 21:51:07.657 JST" Interest="17.0" Kind="selection" Navigation="null" OriginId="org.eclipse.jdt.ui.CompilationUnitEditor" StartDate="2014-12-22 21:24:36.970 JST" StructureHandle="=freemind_1.0.1/freemind\/freemind\/view\/mindmapview\/attributeview&amp;lt;{AttributeView.java[AttributeView~provideAttributeTable" StructureKind="java" NumEvents="17" CreationCount="458"/></InteractionHistory>