<?xml version="1.0" encoding="UTF-8"?><InteractionHistory Id="local-56" Version="1"><InteractionEvent Delta="null" EndDate="2014-09-08 22:20:51.578 JST" Interest="1641.0848" Kind="propagation" Navigation="org.eclipse.mylyn.core.model.edges.containment" OriginId="org.eclipse.mylyn.core.model.interest.propagation" StartDate="2014-09-08 21:12:48.303 JST" StructureHandle="" StructureKind="java" NumEvents="1651" CreationCount="1"/><InteractionEvent Delta="null" EndDate="2014-09-08 22:20:47.693 JST" Interest="147.0" Kind="propagation" Navigation="null" OriginId="org.eclipse.jdt.ui.PackageExplorer" StartDate="2014-09-08 21:15:17.336 JST" StructureHandle="/TA2/src/ta2/utils/CONS.java" StructureKind="resource" NumEvents="147" CreationCount="49"/><InteractionEvent Delta="null" EndDate="2014-09-08 21:42:45.245 JST" Interest="1.0" Kind="selection" Navigation="null" OriginId="org.eclipse.ui.views.ContentOutline" StartDate="2014-09-08 21:42:45.245 JST" StructureHandle="=TA2/src&amp;lt;ta2.utils{DBUtils.java[DBUtils~find_All_WP_literals~QActivity;" StructureKind="java"/><InteractionEvent Delta="null" EndDate="2014-09-08 21:42:40.381 JST" Interest="1.0" Kind="selection" Navigation="null" OriginId="org.eclipse.jdt.ui.CompilationUnitEditor" StartDate="2014-09-08 21:42:40.381 JST" StructureHandle="=TA2/src&amp;lt;ta2.main{MemoEditActv.java[MemoEditActv~onCreateOptionsMenu~QMenu;" StructureKind="java"/><InteractionEvent Delta="null" EndDate="2014-09-08 21:24:01.681 JST" Interest="2.0" Kind="selection" Navigation="null" OriginId="org.eclipse.jdt.ui.CompilationUnitEditor" StartDate="2014-09-08 21:23:39.705 JST" StructureHandle="=TA2/src&amp;lt;ta2.utils{DBUtils.java[DBUtils~find_All_WP_symbols~QActivity;" StructureKind="java" NumEvents="2" CreationCount="467"/><InteractionEvent Delta="null" EndDate="2014-09-08 21:15:28.241 JST" Interest="2.0" Kind="edit" Navigation="null" OriginId="org.eclipse.jdt.ui.CompilationUnitEditor" StartDate="2014-09-08 21:15:22.883 JST" StructureHandle="=TA2/src&amp;lt;ta2.utils{CONS.java[CONS[MemoActv" StructureKind="java" NumEvents="2" CreationCount="52"/><InteractionEvent Delta="null" EndDate="2014-09-08 21:15:23.747 JST" Interest="0.03400004" Kind="propagation" Navigation="org.eclipse.mylyn.core.model.edges.containment" OriginId="org.eclipse.mylyn.core.model.interest.propagation" StartDate="2014-09-08 21:15:23.747 JST" StructureHandle="=TA2/src&amp;lt;ta2.utils{CONS.java[CONS[MemoActv" StructureKind="java"/><InteractionEvent Delta="null" EndDate="2014-09-08 21:15:28.235 JST" Interest="2.0" Kind="selection" Navigation="null" OriginId="org.eclipse.jdt.ui.CompilationUnitEditor" StartDate="2014-09-08 21:15:22.373 JST" StructureHandle="=TA2/src&amp;lt;ta2.utils{CONS.java[CONS[MemoActv" StructureKind="java" NumEvents="2" CreationCount="52"/><InteractionEvent Delta="null" EndDate="2014-09-08 22:09:44.884 JST" Interest="270.0" Kind="propagation" Navigation="null" OriginId="org.eclipse.jdt.ui.CompilationUnitEditor" StartDate="2014-09-08 21:20:19.497 JST" StructureHandle="/TA2/src/ta2/utils/DBUtils.java" StructureKind="resource" NumEvents="270" CreationCount="343"/><InteractionEvent Delta="null" EndDate="2014-09-08 22:20:47.694 JST" Interest="804.01697" Kind="propagation" Navigation="null" OriginId="org.eclipse.jdt.ui.PackageExplorer" StartDate="2014-09-08 21:15:15.798 JST" StructureHandle="/TA2/src/ta2/utils" StructureKind="resource" NumEvents="805" CreationCount="48"/><InteractionEvent Delta="null" EndDate="2014-09-08 21:26:09.172 JST" Interest="6.8430004" Kind="manipulation" Navigation="null" OriginId="org.eclipse.mylyn.core.model.interest.decay.correction" StartDate="2014-09-08 21:26:09.172 JST" StructureHandle="=TA2/src&amp;lt;ta2.main{MemoActv.java" StructureKind="java"/><InteractionEvent Delta="null" EndDate="2014-09-08 21:26:09.172 JST" Interest="4.0" Kind="selection" Navigation="null" OriginId="org.eclipse.jdt.ui.PackageExplorer" StartDate="2014-09-08 21:13:24.994 JST" StructureHandle="=TA2/src&amp;lt;ta2.main{MemoActv.java" StructureKind="java" NumEvents="4" CreationCount="6"/><InteractionEvent Delta="null" EndDate="2014-09-08 22:11:26.477 JST" Interest="7.0" Kind="propagation" Navigation="null" OriginId="org.eclipse.jdt.ui.CompilationUnitEditor" StartDate="2014-09-08 22:11:16.490 JST" StructureHandle="/IFM11/src/ifm11/utils/CONS.java" StructureKind="resource" NumEvents="7" CreationCount="1389"/><InteractionEvent Delta="null" EndDate="2014-09-08 22:20:47.694 JST" Interest="803.748" Kind="propagation" Navigation="org.eclipse.mylyn.core.model.edges.containment" OriginId="org.eclipse.mylyn.core.model.interest.propagation" StartDate="2014-09-08 21:13:23.421 JST" StructureHandle="/TA2/src/ta2" StructureKind="resource" NumEvents="811" CreationCount="5"/><InteractionEvent Delta="null" EndDate="2014-09-08 22:20:51.577 JST" Interest="1.0" Kind="propagation" Navigation="null" OriginId="org.eclipse.mylyn.resources.ui.interest.updater" StartDate="2014-09-08 22:20:51.577 JST" StructureHandle="/TA2/src/ta2/items/Pref_Dropdown.java" StructureKind="resource"/><InteractionEvent Delta="null" EndDate="2014-09-08 22:20:48.42 JST" Interest="1.0" Kind="prediction" Navigation="null" OriginId="org.eclipse.mylyn.resources.ui.interest.updater" StartDate="2014-09-08 22:20:48.42 JST" StructureHandle="/TA2/AndroidManifest.xml" StructureKind="resource"/><InteractionEvent Delta="null" EndDate="2014-09-08 21:13:42.195 JST" Interest="1.0" Kind="edit" Navigation="null" OriginId="com.android.ide.eclipse.editors.manifest.ManifestEditor" StartDate="2014-09-08 21:13:42.195 JST" StructureHandle="/TA2/AndroidManifest.xml" StructureKind="resource"/><InteractionEvent Delta="null" EndDate="2014-09-08 21:14:01.539 JST" Interest="3.0" Kind="selection" Navigation="null" OriginId="org.eclipse.jdt.ui.PackageExplorer" StartDate="2014-09-08 21:13:39.973 JST" StructureHandle="/TA2/AndroidManifest.xml" StructureKind="resource" NumEvents="3" CreationCount="9"/><InteractionEvent Delta="null" EndDate="2014-09-08 21:27:12.395 JST" Interest="3.0" Kind="edit" Navigation="null" OriginId="org.eclipse.jdt.ui.CompilationUnitEditor" StartDate="2014-09-08 21:27:05.920 JST" StructureHandle="=TA2/src&amp;lt;ta2.utils{Methods_dlg.java[Methods_dlg~dlg_ShowListActv_LongClick~QActivity;~QMemo;" StructureKind="java" NumEvents="3" CreationCount="608"/><InteractionEvent Delta="null" EndDate="2014-09-08 21:27:04.917 JST" Interest="1.0" Kind="selection" Navigation="null" OriginId="org.eclipse.jdt.ui.CompilationUnitEditor" StartDate="2014-09-08 21:27:04.917 JST" StructureHandle="=TA2/src&amp;lt;ta2.utils{Methods_dlg.java[Methods_dlg~dlg_ShowListActv_LongClick~QActivity;~QMemo;" StructureKind="java"/><InteractionEvent Delta="null" EndDate="2014-09-08 22:11:25.823 JST" Interest="2.0" Kind="edit" Navigation="null" OriginId="org.eclipse.jdt.ui.CompilationUnitEditor" StartDate="2014-09-08 22:11:25.810 JST" StructureHandle="=IFM11/src&amp;lt;ifm11.utils{CONS.java[CONS[DB" StructureKind="java" NumEvents="2" CreationCount="1392"/><InteractionEvent Delta="null" EndDate="2014-09-08 22:11:25.176 JST" Interest="1.0" Kind="selection" Navigation="null" OriginId="org.eclipse.ui.views.ContentOutline" StartDate="2014-09-08 22:11:25.176 JST" StructureHandle="=IFM11/src&amp;lt;ifm11.utils{CONS.java[CONS[DB" StructureKind="java"/><InteractionEvent Delta="null" EndDate="2014-09-08 21:26:09.173 JST" Interest="6.8600006" Kind="manipulation" Navigation="null" OriginId="org.eclipse.mylyn.core.model.interest.decay.correction" StartDate="2014-09-08 21:26:09.173 JST" StructureHandle="/TA2/src/ta2/main/MemoActv.java" StructureKind="resource"/><InteractionEvent Delta="null" EndDate="2014-09-08 21:26:09.173 JST" Interest="4.0" Kind="propagation" Navigation="null" OriginId="org.eclipse.jdt.ui.PackageExplorer" StartDate="2014-09-08 21:13:24.994 JST" StructureHandle="/TA2/src/ta2/main/MemoActv.java" StructureKind="resource" NumEvents="4" CreationCount="6"/><InteractionEvent Delta="null" EndDate="2014-09-08 22:01:47.922 JST" Interest="19.0" Kind="edit" Navigation="null" OriginId="org.eclipse.jdt.ui.CompilationUnitEditor" StartDate="2014-09-08 22:01:23.879 JST" StructureHandle="=TA2/src&amp;lt;ta2.listeners.button{BO_CL.java[BO_CL~case_ACTV_MEMO_SAVE" StructureKind="java" NumEvents="19" CreationCount="1034"/><InteractionEvent Delta="null" EndDate="2014-09-08 22:01:37.549 JST" Interest="6.0" Kind="selection" Navigation="null" OriginId="org.eclipse.jdt.ui.CompilationUnitEditor" StartDate="2014-09-08 22:00:41.992 JST" StructureHandle="=TA2/src&amp;lt;ta2.listeners.button{BO_CL.java[BO_CL~case_ACTV_MEMO_SAVE" StructureKind="java" NumEvents="6" CreationCount="1034"/><InteractionEvent Delta="null" EndDate="2014-09-08 22:20:51.576 JST" Interest="1.0" Kind="prediction" Navigation="null" OriginId="org.eclipse.mylyn.resources.ui.interest.updater" StartDate="2014-09-08 22:20:51.576 JST" StructureHandle="=TA2/src&amp;lt;ta2.utils{Tags.java" StructureKind="java"/><InteractionEvent Delta="null" EndDate="2014-09-08 21:36:05.476 JST" Interest="0.01700002" Kind="propagation" Navigation="org.eclipse.mylyn.core.model.edges.containment" OriginId="org.eclipse.mylyn.core.model.interest.propagation" StartDate="2014-09-08 21:36:05.476 JST" StructureHandle="=TA2/src&amp;lt;ta2.utils{Tags.java" StructureKind="java"/><InteractionEvent Delta="null" EndDate="2014-09-08 21:38:25.867 JST" Interest="2.0" Kind="selection" Navigation="null" OriginId="org.eclipse.jdt.ui.CompilationUnitEditor" StartDate="2014-09-08 21:36:04.672 JST" StructureHandle="=TA2/src&amp;lt;ta2.utils{Tags.java" StructureKind="java" NumEvents="2" CreationCount="813"/><InteractionEvent Delta="null" EndDate="2014-09-08 22:11:25.823 JST" Interest="2.4" Kind="propagation" Navigation="org.eclipse.mylyn.core.model.edges.containment" OriginId="org.eclipse.mylyn.core.model.interest.propagation" StartDate="2014-09-08 22:11:25.176 JST" StructureHandle="=IFM11/src&amp;lt;ifm11.utils{CONS.java[CONS" StructureKind="java" NumEvents="3" CreationCount="1392"/><InteractionEvent Delta="null" EndDate="2014-09-08 22:20:04.978 JST" Interest="99.0" Kind="edit" Navigation="null" OriginId="org.eclipse.jdt.ui.CompilationUnitEditor" StartDate="2014-09-08 22:01:07.734 JST" StructureHandle="=TA2/src&amp;lt;ta2.listeners.button{BO_CL.java[BO_CL~case_ACTV_MEMO_EDIT_SAVE" StructureKind="java" NumEvents="99" CreationCount="1049"/><InteractionEvent Delta="null" EndDate="2014-09-08 22:16:45.722 JST" Interest="22.0" Kind="selection" Navigation="null" OriginId="org.eclipse.jdt.ui.CompilationUnitEditor" StartDate="2014-09-08 22:01:06.955 JST" StructureHandle="=TA2/src&amp;lt;ta2.listeners.button{BO_CL.java[BO_CL~case_ACTV_MEMO_EDIT_SAVE" StructureKind="java" NumEvents="22" CreationCount="1049"/><InteractionEvent Delta="null" EndDate="2014-09-08 21:27:01.483 JST" Interest="4.5" Kind="propagation" Navigation="org.eclipse.mylyn.core.model.edges.containment" OriginId="org.eclipse.mylyn.core.model.interest.propagation" StartDate="2014-09-08 21:26:59.352 JST" StructureHandle="=TA2/src&amp;lt;ta2.listeners{LOI_LCL.java[LOI_LCL" StructureKind="java" NumEvents="6" CreationCount="599"/><InteractionEvent Delta="null" EndDate="2014-09-08 22:11:44.487 JST" Interest="21.933" Kind="manipulation" Navigation="null" OriginId="org.eclipse.mylyn.core.model.interest.decay.correction" StartDate="2014-09-08 22:11:44.487 JST" StructureHandle="=TA2/src&amp;lt;ta2.utils{CONS.java%ta2.utils" StructureKind="java"/><InteractionEvent Delta="null" EndDate="2014-09-08 22:11:44.487 JST" Interest="2.0" Kind="selection" Navigation="null" OriginId="org.eclipse.ui.views.ContentOutline" StartDate="2014-09-08 21:15:20.608 JST" StructureHandle="=TA2/src&amp;lt;ta2.utils{CONS.java%ta2.utils" StructureKind="java" NumEvents="2" CreationCount="51"/><InteractionEvent Delta="null" EndDate="2014-09-08 22:16:57.40 JST" Interest="5.0" Kind="prediction" Navigation="null" OriginId="org.eclipse.mylyn.resources.ui.interest.updater" StartDate="2014-09-08 21:30:16.569 JST" StructureHandle="/TA2/bin/TA2.apk" StructureKind="resource" NumEvents="5" CreationCount="682"/><InteractionEvent Delta="null" EndDate="2014-09-08 21:40:42.887 JST" Interest="25.408" Kind="propagation" Navigation="org.eclipse.mylyn.core.model.edges.containment" OriginId="org.eclipse.mylyn.core.model.interest.propagation" StartDate="2014-09-08 21:26:16.238 JST" StructureHandle="/TA2/src/ta2/listeners/dialog" StructureKind="resource" NumEvents="27" CreationCount="588"/><InteractionEvent Delta="null" EndDate="2014-09-08 21:24:10.54 JST" Interest="84.721" Kind="propagation" Navigation="org.eclipse.mylyn.core.model.edges.containment" OriginId="org.eclipse.mylyn.core.model.interest.propagation" StartDate="2014-09-08 21:20:20.386 JST" StructureHandle="=TA2/src&amp;lt;ta2.utils{DBUtils.java" StructureKind="java" NumEvents="124" CreationCount="343"/><InteractionEvent Delta="null" EndDate="2014-09-08 22:09:44.709 JST" Interest="16.0" Kind="selection" Navigation="null" OriginId="org.eclipse.jdt.ui.CompilationUnitEditor" StartDate="2014-09-08 21:20:19.497 JST" StructureHandle="=TA2/src&amp;lt;ta2.utils{DBUtils.java" StructureKind="java" NumEvents="16" CreationCount="343"/><InteractionEvent Delta="null" EndDate="2014-09-08 22:09:44.98 JST" Interest="25.0" Kind="selection" Navigation="null" OriginId="org.eclipse.jdt.ui.CompilationUnitEditor" StartDate="2014-09-08 21:13:36.273 JST" StructureHandle="=TA2/src&amp;lt;ta2.main{MemoEditActv.java" StructureKind="java" NumEvents="25" CreationCount="7"/><InteractionEvent Delta="null" EndDate="2014-09-08 21:34:34.442 JST" Interest="177.209" Kind="propagation" Navigation="org.eclipse.mylyn.core.model.edges.containment" OriginId="org.eclipse.mylyn.core.model.interest.propagation" StartDate="2014-09-08 21:13:35.323 JST" StructureHandle="=TA2/src&amp;lt;ta2.main{MemoEditActv.java" StructureKind="java" NumEvents="256" CreationCount="7"/><InteractionEvent Delta="null" EndDate="2014-09-08 22:11:49.194 JST" Interest="28.068" Kind="propagation" Navigation="org.eclipse.mylyn.core.model.edges.containment" OriginId="org.eclipse.mylyn.core.model.interest.propagation" StartDate="2014-09-08 21:43:16.428 JST" StructureHandle="=IFM11" StructureKind="resource" NumEvents="33" CreationCount="989"/><InteractionEvent Delta="null" EndDate="2014-09-08 21:43:14.105 JST" Interest="1.0" Kind="selection" Navigation="null" OriginId="org.eclipse.ui.views.ResourceNavigator" StartDate="2014-09-08 21:43:14.105 JST" StructureHandle="=IFM11" StructureKind="java"/><InteractionEvent Delta="null" EndDate="2014-09-08 22:03:33.316 JST" Interest="1.0" Kind="edit" Navigation="null" OriginId="org.eclipse.jdt.ui.CompilationUnitEditor" StartDate="2014-09-08 22:03:33.316 JST" StructureHandle="=TA2/src&amp;lt;ta2.utils{Methods.java" StructureKind="java"/><InteractionEvent Delta="null" EndDate="2014-09-08 22:14:29.238 JST" Interest="102.578995" Kind="propagation" Navigation="org.eclipse.mylyn.core.model.edges.containment" OriginId="org.eclipse.mylyn.core.model.interest.propagation" StartDate="2014-09-08 21:28:28.521 JST" StructureHandle="=TA2/src&amp;lt;ta2.utils{Methods.java" StructureKind="java" NumEvents="148" CreationCount="635"/><InteractionEvent Delta="null" EndDate="2014-09-08 22:15:27.891 JST" Interest="25.0" Kind="selection" Navigation="null" OriginId="org.eclipse.jdt.ui.CompilationUnitEditor" StartDate="2014-09-08 21:28:22.808 JST" StructureHandle="=TA2/src&amp;lt;ta2.utils{Methods.java" StructureKind="java" NumEvents="25" CreationCount="635"/><InteractionEvent Delta="null" EndDate="2014-09-08 22:00:35.832 JST" Interest="46.0" Kind="edit" Navigation="null" OriginId="org.eclipse.jdt.ui.CompilationUnitEditor" StartDate="2014-09-08 21:28:24.896 JST" StructureHandle="=TA2/src&amp;lt;ta2.utils{Methods.java[Methods~start_Activity_MemoEditActv~QActivity;~QDialog;~QMemo;" StructureKind="java" NumEvents="46" CreationCount="637"/><InteractionEvent Delta="null" EndDate="2014-09-08 22:02:53.166 JST" Interest="8.0" Kind="selection" Navigation="null" OriginId="org.eclipse.jdt.ui.CompilationUnitEditor" StartDate="2014-09-08 21:28:24.118 JST" StructureHandle="=TA2/src&amp;lt;ta2.utils{Methods.java[Methods~start_Activity_MemoEditActv~QActivity;~QDialog;~QMemo;" StructureKind="java" NumEvents="8" CreationCount="637"/><InteractionEvent Delta="null" EndDate="2014-09-08 21:27:12.396 JST" Interest="12.0" Kind="propagation" Navigation="null" OriginId="org.eclipse.jdt.ui.CompilationUnitEditor" StartDate="2014-09-08 21:26:18.319 JST" StructureHandle="/TA2/src/ta2/utils/Methods_dlg.java" StructureKind="resource" NumEvents="12" CreationCount="589"/><InteractionEvent Delta="null" EndDate="2014-09-08 21:27:01.483 JST" Interest="5.0" Kind="edit" Navigation="null" OriginId="org.eclipse.jdt.ui.CompilationUnitEditor" StartDate="2014-09-08 21:26:59.454 JST" StructureHandle="=TA2/src&amp;lt;ta2.listeners{LOI_LCL.java[LOI_LCL~case_ACTV_SHOWLIST_LV~QMemo;" StructureKind="java" NumEvents="5" CreationCount="599"/><InteractionEvent Delta="null" EndDate="2014-09-08 21:26:59.352 JST" Interest="1.0" Kind="selection" Navigation="null" OriginId="org.eclipse.ui.views.ContentOutline" StartDate="2014-09-08 21:26:59.352 JST" StructureHandle="=TA2/src&amp;lt;ta2.listeners{LOI_LCL.java[LOI_LCL~case_ACTV_SHOWLIST_LV~QMemo;" StructureKind="java"/><InteractionEvent Delta="null" EndDate="2014-09-08 21:38:54.68 JST" Interest="16.017" Kind="propagation" Navigation="org.eclipse.mylyn.core.model.edges.containment" OriginId="org.eclipse.mylyn.core.model.interest.propagation" StartDate="2014-09-08 21:36:16.393 JST" StructureHandle="=TA2/src&amp;lt;ta2.listeners.button{BO_TL.java[BO_TL" StructureKind="java" NumEvents="23" CreationCount="821"/><InteractionEvent Delta="null" EndDate="2014-09-08 22:20:51.578 JST" Interest="1690.0339" Kind="propagation" Navigation="null" OriginId="org.eclipse.mylyn.resources.ui.interest.updater" StartDate="2014-09-08 21:12:48.303 JST" StructureHandle="/" StructureKind="resource" NumEvents="1692" CreationCount="1"/><InteractionEvent Delta="null" EndDate="2014-09-08 22:14:26.927 JST" Interest="7.0" Kind="edit" Navigation="null" OriginId="org.eclipse.jdt.ui.CompilationUnitEditor" StartDate="2014-09-08 22:14:16.729 JST" StructureHandle="=TA2/src&amp;lt;ta2.utils{Methods.java[Methods~report_Save_Memos~QActivity;~I" StructureKind="java" NumEvents="7" CreationCount="1519"/><InteractionEvent Delta="null" EndDate="2014-09-08 22:14:16.723 JST" Interest="1.0" Kind="selection" Navigation="null" OriginId="org.eclipse.jdt.ui.CompilationUnitEditor" StartDate="2014-09-08 22:14:16.723 JST" StructureHandle="=TA2/src&amp;lt;ta2.utils{Methods.java[Methods~report_Save_Memos~QActivity;~I" StructureKind="java"/><InteractionEvent Delta="null" EndDate="2014-09-08 21:36:16.393 JST" Interest="1.0" Kind="selection" Navigation="null" OriginId="org.eclipse.jdt.ui.CompilationUnitEditor" StartDate="2014-09-08 21:36:16.393 JST" StructureHandle="=TA2/src&amp;lt;ta2.listeners.button{BO_TL.java[BO_TL~BO_TL~QActivity;" StructureKind="java"/><InteractionEvent Delta="null" EndDate="2014-09-08 22:11:26.477 JST" Interest="1.0" Kind="selection" Navigation="null" OriginId="org.eclipse.jdt.ui.CompilationUnitEditor" StartDate="2014-09-08 22:11:26.477 JST" StructureHandle="=IFM11/src&amp;lt;ifm11.utils{CONS.java[CONS[DB^dPath_Data_Root" StructureKind="java"/><InteractionEvent Delta="null" EndDate="2014-09-08 21:30:16.570 JST" Interest="12.407001" Kind="propagation" Navigation="org.eclipse.mylyn.core.model.edges.containment" OriginId="org.eclipse.mylyn.core.model.interest.propagation" StartDate="2014-09-08 21:13:55.957 JST" StructureHandle="/TA2/bin" StructureKind="resource" NumEvents="2" CreationCount="11"/><InteractionEvent Delta="null" EndDate="2014-09-08 21:27:04.186 JST" Interest="4.0" Kind="selection" Navigation="null" OriginId="org.eclipse.jdt.ui.CompilationUnitEditor" StartDate="2014-09-08 21:26:18.318 JST" StructureHandle="=TA2/src&amp;lt;ta2.utils{Methods_dlg.java" StructureKind="java" NumEvents="4" CreationCount="589"/><InteractionEvent Delta="null" EndDate="2014-09-08 21:26:44.39 JST" Interest="1.0" Kind="selection" Navigation="null" OriginId="org.eclipse.jdt.ui.PackageExplorer" StartDate="2014-09-08 21:26:44.39 JST" StructureHandle="=TA2/src&amp;lt;ta2.main{ShowListActv.java" StructureKind="java"/><InteractionEvent Delta="null" EndDate="2014-09-08 22:09:44.246 JST" Interest="544.01697" Kind="propagation" Navigation="null" OriginId="org.eclipse.jdt.ui.CompilationUnitEditor" StartDate="2014-09-08 21:13:23.421 JST" StructureHandle="/TA2/src/ta2/main" StructureKind="resource" NumEvents="545" CreationCount="5"/><InteractionEvent Delta="null" EndDate="2014-09-08 22:20:49.310 JST" Interest="3.0" Kind="selection" Navigation="null" OriginId="org.eclipse.jdt.ui.PackageExplorer" StartDate="2014-09-08 21:40:23.75 JST" StructureHandle="=TA2/src&amp;lt;ta2.listeners.button" StructureKind="java" NumEvents="3" CreationCount="820"/><InteractionEvent Delta="null" EndDate="2014-09-08 22:20:04.979 JST" Interest="94.193" Kind="propagation" Navigation="org.eclipse.mylyn.core.model.edges.containment" OriginId="org.eclipse.mylyn.core.model.interest.propagation" StartDate="2014-09-08 21:36:15.483 JST" StructureHandle="=TA2/src&amp;lt;ta2.listeners.button" StructureKind="java" NumEvents="140" CreationCount="820"/><InteractionEvent Delta="null" EndDate="2014-09-08 22:04:47.982 JST" Interest="3.0" Kind="edit" Navigation="null" OriginId="org.eclipse.jdt.ui.CompilationUnitEditor" StartDate="2014-09-08 22:04:42.812 JST" StructureHandle="=TA2/src&amp;lt;ta2.utils{DBUtils.java[DBUtils" StructureKind="java" NumEvents="3" CreationCount="344"/><InteractionEvent Delta="null" EndDate="2014-09-08 21:42:44.636 JST" Interest="84.703995" Kind="propagation" Navigation="org.eclipse.mylyn.core.model.edges.containment" OriginId="org.eclipse.mylyn.core.model.interest.propagation" StartDate="2014-09-08 21:20:26.875 JST" StructureHandle="=TA2/src&amp;lt;ta2.utils{DBUtils.java[DBUtils" StructureKind="java" NumEvents="121" CreationCount="344"/><InteractionEvent Delta="null" EndDate="2014-09-08 22:04:51.205 JST" Interest="6.0" Kind="selection" Navigation="null" OriginId="org.eclipse.jdt.ui.CompilationUnitEditor" StartDate="2014-09-08 21:20:20.385 JST" StructureHandle="=TA2/src&amp;lt;ta2.utils{DBUtils.java[DBUtils" StructureKind="java" NumEvents="6" CreationCount="344"/><InteractionEvent Delta="null" EndDate="2014-09-08 22:16:45.410 JST" Interest="371.0" Kind="propagation" Navigation="null" OriginId="org.eclipse.jdt.ui.CompilationUnitEditor" StartDate="2014-09-08 21:28:22.808 JST" StructureHandle="/TA2/src/ta2/utils/Methods.java" StructureKind="resource" NumEvents="371" CreationCount="635"/><InteractionEvent Delta="null" EndDate="2014-09-08 22:03:31.255 JST" Interest="10.0" Kind="edit" Navigation="null" OriginId="org.eclipse.jdt.ui.CompilationUnitEditor" StartDate="2014-09-08 22:03:22.20 JST" StructureHandle="=TA2/src&amp;lt;ta2.utils{Methods.java[Methods~save_Memo~QActivity;" StructureKind="java" NumEvents="10" CreationCount="1145"/><InteractionEvent Delta="null" EndDate="2014-09-08 22:03:21.555 JST" Interest="3.0" Kind="selection" Navigation="null" OriginId="org.eclipse.jdt.ui.CompilationUnitEditor" StartDate="2014-09-08 22:03:21.462 JST" StructureHandle="=TA2/src&amp;lt;ta2.utils{Methods.java[Methods~save_Memo~QActivity;" StructureKind="java" NumEvents="3" CreationCount="1145"/><InteractionEvent Delta="null" EndDate="2014-09-08 21:41:31.79 JST" Interest="6.0" Kind="edit" Navigation="null" OriginId="org.eclipse.jdt.ui.CompilationUnitEditor" StartDate="2014-09-08 21:41:23.262 JST" StructureHandle="=TA2/src&amp;lt;ta2.listeners.button{BO_CL.java[BO_CL~case_ACTV_MEMO_BACK" StructureKind="java" NumEvents="6" CreationCount="956"/><InteractionEvent Delta="null" EndDate="2014-09-08 21:41:22.497 JST" Interest="1.0" Kind="selection" Navigation="null" OriginId="org.eclipse.ui.views.ContentOutline" StartDate="2014-09-08 21:41:22.497 JST" StructureHandle="=TA2/src&amp;lt;ta2.listeners.button{BO_CL.java[BO_CL~case_ACTV_MEMO_BACK" StructureKind="java"/><InteractionEvent Delta="null" EndDate="2014-09-08 21:40:18.993 JST" Interest="10.0" Kind="propagation" Navigation="null" OriginId="org.eclipse.jdt.ui.PackageExplorer" StartDate="2014-09-08 21:26:49.57 JST" StructureHandle="/TA2/src/ta2/listeners/LOI_LCL.java" StructureKind="resource" NumEvents="10" CreationCount="596"/><InteractionEvent Delta="null" EndDate="2014-09-08 22:20:48.42 JST" Interest="1.0" Kind="propagation" Navigation="org.eclipse.mylyn.core.model.edges.containment" OriginId="org.eclipse.mylyn.core.model.interest.propagation" StartDate="2014-09-08 22:20:48.42 JST" StructureHandle="/TA2/res/layout" StructureKind="resource"/><InteractionEvent Delta="null" EndDate="2014-09-08 21:38:35.771 JST" Interest="14.375999" Kind="propagation" Navigation="org.eclipse.mylyn.core.model.edges.containment" OriginId="org.eclipse.mylyn.core.model.interest.propagation" StartDate="2014-09-08 21:27:16.626 JST" StructureHandle="=TA2/src&amp;lt;ta2.listeners.dialog" StructureKind="java" NumEvents="24" CreationCount="588"/><InteractionEvent Delta="null" EndDate="2014-09-08 21:40:21.94 JST" Interest="2.0" Kind="selection" Navigation="null" OriginId="org.eclipse.jdt.ui.PackageExplorer" StartDate="2014-09-08 21:26:16.237 JST" StructureHandle="=TA2/src&amp;lt;ta2.listeners.dialog" StructureKind="java" NumEvents="2" CreationCount="588"/><InteractionEvent Delta="null" EndDate="2014-09-08 21:35:33.338 JST" Interest="42.0" Kind="edit" Navigation="null" OriginId="org.eclipse.jdt.ui.CompilationUnitEditor" StartDate="2014-09-08 21:34:04.635 JST" StructureHandle="=TA2/src&amp;lt;ta2.main{MemoEditActv.java[MemoEditActv~_Setup_SetText" StructureKind="java" NumEvents="42" CreationCount="722"/><InteractionEvent Delta="null" EndDate="2014-09-08 21:35:42.120 JST" Interest="9.0" Kind="selection" Navigation="null" OriginId="org.eclipse.jdt.ui.CompilationUnitEditor" StartDate="2014-09-08 21:34:03.329 JST" StructureHandle="=TA2/src&amp;lt;ta2.main{MemoEditActv.java[MemoEditActv~_Setup_SetText" StructureKind="java" NumEvents="9" CreationCount="722"/><InteractionEvent Delta="null" EndDate="2014-09-08 21:18:42.289 JST" Interest="45.0" Kind="edit" Navigation="null" OriginId="org.eclipse.jdt.ui.CompilationUnitEditor" StartDate="2014-09-08 21:16:58.791 JST" StructureHandle="=TA2/src&amp;lt;ta2.utils{CONS.java[CONS[Intent^iKey_Memo_Id" StructureKind="java" NumEvents="45" CreationCount="142"/><InteractionEvent Delta="null" EndDate="2014-09-08 21:40:42.668 JST" Interest="7.0" Kind="selection" Navigation="null" OriginId="org.eclipse.jdt.ui.CompilationUnitEditor" StartDate="2014-09-08 21:16:58.776 JST" StructureHandle="=TA2/src&amp;lt;ta2.utils{CONS.java[CONS[Intent^iKey_Memo_Id" StructureKind="java" NumEvents="7" CreationCount="142"/><InteractionEvent Delta="null" EndDate="2014-09-08 21:14:15.844 JST" Interest="2.0" Kind="selection" Navigation="null" OriginId="org.eclipse.ui.views.ContentOutline" StartDate="2014-09-08 21:14:14.120 JST" StructureHandle="=TA2/src&amp;lt;ta2.main{MemoEditActv.java[MemoEditActv~finish" StructureKind="java" NumEvents="2" CreationCount="18"/><InteractionEvent Delta="null" EndDate="2014-09-08 21:40:29.396 JST" Interest="1.0" Kind="selection" Navigation="null" OriginId="org.eclipse.ui.views.ContentOutline" StartDate="2014-09-08 21:40:29.396 JST" StructureHandle="=TA2/src&amp;lt;ta2.listeners.button{BO_CL.java%ta2.listeners.button" StructureKind="java"/><InteractionEvent Delta="null" EndDate="2014-09-08 21:40:19.72 JST" Interest="1.0" Kind="propagation" Navigation="null" OriginId="org.eclipse.jdt.ui.PackageExplorer" StartDate="2014-09-08 21:40:19.72 JST" StructureHandle="/TA2/src/ta2/listeners/STL.java" StructureKind="resource"/><InteractionEvent Delta="null" EndDate="2014-09-08 21:34:32.661 JST" Interest="247.0" Kind="edit" Navigation="null" OriginId="org.eclipse.jdt.ui.CompilationUnitEditor" StartDate="2014-09-08 21:16:00.309 JST" StructureHandle="=TA2/src&amp;lt;ta2.main{MemoEditActv.java[MemoEditActv~_Setup_GetMemo" StructureKind="java" NumEvents="247" CreationCount="84"/><InteractionEvent Delta="null" EndDate="2014-09-08 21:34:32.639 JST" Interest="16.0" Kind="selection" Navigation="null" OriginId="org.eclipse.jdt.ui.CompilationUnitEditor" StartDate="2014-09-08 21:16:00.304 JST" StructureHandle="=TA2/src&amp;lt;ta2.main{MemoEditActv.java[MemoEditActv~_Setup_GetMemo" StructureKind="java" NumEvents="16" CreationCount="84"/><InteractionEvent Delta="null" EndDate="2014-09-08 22:13:45.541 JST" Interest="8.0" Kind="edit" Navigation="null" OriginId="org.eclipse.jdt.ui.CompilationUnitEditor" StartDate="2014-09-08 22:00:47.732 JST" StructureHandle="=TA2/src&amp;lt;ta2.listeners.button{BO_CL.java[BO_CL" StructureKind="java" NumEvents="8" CreationCount="938"/><InteractionEvent Delta="null" EndDate="2014-09-08 22:13:45.538 JST" Interest="11.0" Kind="selection" Navigation="null" OriginId="org.eclipse.jdt.ui.CompilationUnitEditor" StartDate="2014-09-08 22:00:02.680 JST" StructureHandle="=TA2/src&amp;lt;ta2.listeners.button{BO_CL.java[BO_CL" StructureKind="java" NumEvents="11" CreationCount="938"/><InteractionEvent Delta="null" EndDate="2014-09-08 22:20:04.978 JST" Interest="76.587" Kind="propagation" Navigation="org.eclipse.mylyn.core.model.edges.containment" OriginId="org.eclipse.mylyn.core.model.interest.propagation" StartDate="2014-09-08 21:40:46.729 JST" StructureHandle="=TA2/src&amp;lt;ta2.listeners.button{BO_CL.java[BO_CL" StructureKind="java" NumEvents="105" CreationCount="938"/><InteractionEvent Delta="null" EndDate="2014-09-08 22:20:48.42 JST" Interest="1.0" Kind="prediction" Navigation="null" OriginId="org.eclipse.mylyn.resources.ui.interest.updater" StartDate="2014-09-08 22:20:48.42 JST" StructureHandle="/TA2/res/layout/spinner_item_simple_1.xml" StructureKind="resource"/><InteractionEvent Delta="null" EndDate="2014-09-08 22:12:04.30 JST" Interest="9.0" Kind="edit" Navigation="null" OriginId="org.eclipse.jdt.ui.CompilationUnitEditor" StartDate="2014-09-08 22:11:56.950 JST" StructureHandle="=TA2/src&amp;lt;ta2.utils{CONS.java[CONS[DB^col_names_TA2_full" StructureKind="java" NumEvents="9" CreationCount="1410"/><InteractionEvent Delta="null" EndDate="2014-09-08 22:11:56.946 JST" Interest="1.0" Kind="selection" Navigation="null" OriginId="org.eclipse.jdt.ui.CompilationUnitEditor" StartDate="2014-09-08 22:11:56.946 JST" StructureHandle="=TA2/src&amp;lt;ta2.utils{CONS.java[CONS[DB^col_names_TA2_full" StructureKind="java"/><InteractionEvent Delta="null" EndDate="2014-09-08 22:20:51.576 JST" Interest="1.0" Kind="prediction" Navigation="null" OriginId="org.eclipse.mylyn.resources.ui.interest.updater" StartDate="2014-09-08 22:20:51.576 JST" StructureHandle="=TA2/src&amp;lt;ta2.listeners{ISL.java" StructureKind="java"/><InteractionEvent Delta="null" EndDate="2014-09-08 22:11:47.752 JST" Interest="1.0" Kind="edit" Navigation="null" OriginId="org.eclipse.jdt.ui.CompilationUnitEditor" StartDate="2014-09-08 22:11:47.752 JST" StructureHandle="=TA2/src&amp;lt;ta2.utils{CONS.java[CONS[DB^dbName" StructureKind="java"/><InteractionEvent Delta="null" EndDate="2014-09-08 22:11:47.748 JST" Interest="1.0" Kind="selection" Navigation="null" OriginId="org.eclipse.jdt.ui.CompilationUnitEditor" StartDate="2014-09-08 22:11:47.748 JST" StructureHandle="=TA2/src&amp;lt;ta2.utils{CONS.java[CONS[DB^dbName" StructureKind="java"/><InteractionEvent Delta="null" EndDate="2014-09-08 22:09:11.555 JST" Interest="2.0" Kind="edit" Navigation="null" OriginId="org.eclipse.jdt.ui.CompilationUnitEditor" StartDate="2014-09-08 22:09:08.694 JST" StructureHandle="=TA2/src&amp;lt;ta2.utils{DBUtils.java[DBUtils~createTable~QActivity;~QString;~\[QString;~\[QString;" StructureKind="java" NumEvents="2" CreationCount="1336"/><InteractionEvent Delta="null" EndDate="2014-09-08 22:09:06.892 JST" Interest="1.0" Kind="selection" Navigation="null" OriginId="org.eclipse.jdt.ui.CompilationUnitEditor" StartDate="2014-09-08 22:09:06.892 JST" StructureHandle="=TA2/src&amp;lt;ta2.utils{DBUtils.java[DBUtils~createTable~QActivity;~QString;~\[QString;~\[QString;" StructureKind="java"/><InteractionEvent Delta="null" EndDate="2014-09-08 21:28:20.576 JST" Interest="13.951" Kind="propagation" Navigation="org.eclipse.mylyn.core.model.edges.containment" OriginId="org.eclipse.mylyn.core.model.interest.propagation" StartDate="2014-09-08 21:27:17.394 JST" StructureHandle="=TA2/src&amp;lt;ta2.listeners.dialog{DOI_CL.java[DOI_CL" StructureKind="java" NumEvents="21" CreationCount="613"/><InteractionEvent Delta="null" EndDate="2014-09-08 21:34:26.574 JST" Interest="17.0" Kind="edit" Navigation="null" OriginId="org.eclipse.jdt.ui.CompilationUnitEditor" StartDate="2014-09-08 21:24:43.410 JST" StructureHandle="=TA2/src&amp;lt;ta2.main{MemoEditActv.java[MemoEditActv~_Setup_Set_PrefText" StructureKind="java" NumEvents="17" CreationCount="511"/><InteractionEvent Delta="null" EndDate="2014-09-08 21:33:20.128 JST" Interest="1.6320002" Kind="manipulation" Navigation="null" OriginId="org.eclipse.mylyn.core.model.interest.decay.correction" StartDate="2014-09-08 21:33:20.128 JST" StructureHandle="=TA2/src&amp;lt;ta2.main{MemoEditActv.java[MemoEditActv~_Setup_Set_PrefText" StructureKind="java"/><InteractionEvent Delta="null" EndDate="2014-09-08 21:34:16.142 JST" Interest="5.0" Kind="selection" Navigation="null" OriginId="org.eclipse.jdt.ui.CompilationUnitEditor" StartDate="2014-09-08 21:24:43.407 JST" StructureHandle="=TA2/src&amp;lt;ta2.main{MemoEditActv.java[MemoEditActv~_Setup_Set_PrefText" StructureKind="java" NumEvents="5" CreationCount="511"/><InteractionEvent Delta="null" EndDate="2014-09-08 22:01:05.271 JST" Interest="17.0" Kind="edit" Navigation="null" OriginId="org.eclipse.jdt.ui.CompilationUnitEditor" StartDate="2014-09-08 21:40:47.928 JST" StructureHandle="=TA2/src&amp;lt;ta2.listeners.button{BO_CL.java[BO_CL~onClick~QView;" StructureKind="java" NumEvents="17" CreationCount="938"/><InteractionEvent Delta="null" EndDate="2014-09-08 22:00:52.260 JST" Interest="3.0" Kind="selection" Navigation="null" OriginId="org.eclipse.jdt.ui.CompilationUnitEditor" StartDate="2014-09-08 21:40:46.728 JST" StructureHandle="=TA2/src&amp;lt;ta2.listeners.button{BO_CL.java[BO_CL~onClick~QView;" StructureKind="java" NumEvents="3" CreationCount="938"/><InteractionEvent Delta="null" EndDate="2014-09-08 22:20:49.310 JST" Interest="252.0" Kind="propagation" Navigation="null" OriginId="org.eclipse.jdt.ui.PackageExplorer" StartDate="2014-09-08 21:36:15.483 JST" StructureHandle="/TA2/src/ta2/listeners/button" StructureKind="resource" NumEvents="252" CreationCount="820"/><InteractionEvent Delta="null" EndDate="2014-09-08 21:12:48.303 JST" Interest="1.0" Kind="propagation" Navigation="null" OriginId="org.eclipse.jdt.ui.PackageExplorer" StartDate="2014-09-08 21:12:48.303 JST" StructureHandle="/LM1" StructureKind="resource"/><InteractionEvent Delta="null" EndDate="2014-09-08 22:11:52.20 JST" Interest="1.0" Kind="edit" Navigation="null" OriginId="org.eclipse.jdt.ui.CompilationUnitEditor" StartDate="2014-09-08 22:11:52.20 JST" StructureHandle="=TA2/src&amp;lt;ta2.utils{CONS.java[CONS[DB^dPath_dbFile" StructureKind="java"/><InteractionEvent Delta="null" EndDate="2014-09-08 22:11:52.16 JST" Interest="1.0" Kind="selection" Navigation="null" OriginId="org.eclipse.jdt.ui.CompilationUnitEditor" StartDate="2014-09-08 22:11:52.16 JST" StructureHandle="=TA2/src&amp;lt;ta2.utils{CONS.java[CONS[DB^dPath_dbFile" StructureKind="java"/><InteractionEvent Delta="null" EndDate="2014-09-08 22:04:50.378 JST" Interest="1.0" Kind="selection" Navigation="null" OriginId="org.eclipse.jdt.ui.CompilationUnitEditor" StartDate="2014-09-08 22:04:50.378 JST" StructureHandle="=TA2/src&amp;lt;ta2.utils{DBUtils.java#java.io.File" StructureKind="java"/><InteractionEvent Delta="null" EndDate="2014-09-08 22:11:49.194 JST" Interest="29.051" Kind="propagation" Navigation="org.eclipse.mylyn.core.model.edges.containment" OriginId="org.eclipse.mylyn.core.model.interest.propagation" StartDate="2014-09-08 21:43:16.428 JST" StructureHandle="/IFM11/src" StructureKind="resource" NumEvents="33" CreationCount="990"/><InteractionEvent Delta="null" EndDate="2014-09-08 21:18:37.990 JST" Interest="7.0" Kind="edit" Navigation="null" OriginId="org.eclipse.jdt.ui.CompilationUnitEditor" StartDate="2014-09-08 21:16:46.685 JST" StructureHandle="=TA2/src&amp;lt;ta2.utils{CONS.java[CONS[Intent" StructureKind="java" NumEvents="7" CreationCount="121"/><InteractionEvent Delta="null" EndDate="2014-09-08 21:40:42.668 JST" Interest="29.957003" Kind="propagation" Navigation="org.eclipse.mylyn.core.model.edges.containment" OriginId="org.eclipse.mylyn.core.model.interest.propagation" StartDate="2014-09-08 21:16:50.234 JST" StructureHandle="=TA2/src&amp;lt;ta2.utils{CONS.java[CONS[Intent" StructureKind="java" NumEvents="42" CreationCount="121"/><InteractionEvent Delta="null" EndDate="2014-09-08 21:18:37.977 JST" Interest="4.0" Kind="selection" Navigation="null" OriginId="org.eclipse.jdt.ui.CompilationUnitEditor" StartDate="2014-09-08 21:16:46.99 JST" StructureHandle="=TA2/src&amp;lt;ta2.utils{CONS.java[CONS[Intent" StructureKind="java" NumEvents="4" CreationCount="121"/><InteractionEvent Delta="null" EndDate="2014-09-08 21:20:26.878 JST" Interest="3.0" Kind="selection" Navigation="null" OriginId="org.eclipse.jdt.ui.CompilationUnitEditor" StartDate="2014-09-08 21:20:22.571 JST" StructureHandle="=TA2/src&amp;lt;ta2.utils{DBUtils.java[DBUtils~find_All_Memos~QActivity;~QCONS.Enums.SortOrder;~I" StructureKind="java" NumEvents="3" CreationCount="346"/><InteractionEvent Delta="null" EndDate="2014-09-08 21:12:48.302 JST" Interest="1.0" Kind="selection" Navigation="null" OriginId="org.eclipse.jdt.ui.PackageExplorer" StartDate="2014-09-08 21:12:48.302 JST" StructureHandle="=LM1" StructureKind="java"/><InteractionEvent Delta="null" EndDate="2014-09-08 22:11:49.194 JST" Interest="29.034" Kind="propagation" Navigation="org.eclipse.mylyn.core.model.edges.containment" OriginId="org.eclipse.mylyn.core.model.interest.propagation" StartDate="2014-09-08 21:43:17.88 JST" StructureHandle="/IFM11/src/ifm11" StructureKind="resource" NumEvents="32" CreationCount="991"/><InteractionEvent Delta="null" EndDate="2014-09-08 22:20:51.577 JST" Interest="1.0" Kind="propagation" Navigation="org.eclipse.mylyn.core.model.edges.containment" OriginId="org.eclipse.mylyn.core.model.interest.propagation" StartDate="2014-09-08 22:20:51.577 JST" StructureHandle="/TA2/src/ta2/items" StructureKind="resource"/><InteractionEvent Delta="null" EndDate="2014-09-08 21:20:28.16 JST" Interest="2.0" Kind="edit" Navigation="null" OriginId="org.eclipse.jdt.ui.CompilationUnitEditor" StartDate="2014-09-08 21:20:27.347 JST" StructureHandle="=TA2/src&amp;lt;ta2.utils{DBUtils.java[DBUtils~find_All_Memos~QActivity;" StructureKind="java" NumEvents="2" CreationCount="347"/><InteractionEvent Delta="null" EndDate="2014-09-08 21:20:37.688 JST" Interest="4.0" Kind="selection" Navigation="null" OriginId="org.eclipse.jdt.ui.CompilationUnitEditor" StartDate="2014-09-08 21:20:26.751 JST" StructureHandle="=TA2/src&amp;lt;ta2.utils{DBUtils.java[DBUtils~find_All_Memos~QActivity;" StructureKind="java" NumEvents="4" CreationCount="347"/><InteractionEvent Delta="null" EndDate="2014-09-08 22:04:50.379 JST" Interest="1.0" Kind="propagation" Navigation="org.eclipse.mylyn.core.model.edges.containment" OriginId="org.eclipse.mylyn.core.model.interest.propagation" StartDate="2014-09-08 22:04:50.379 JST" StructureHandle="=TA2/src&amp;lt;ta2.utils{DBUtils.java#" StructureKind="java"/><InteractionEvent Delta="null" EndDate="2014-09-08 21:40:19.71 JST" Interest="1.0" Kind="selection" Navigation="null" OriginId="org.eclipse.jdt.ui.PackageExplorer" StartDate="2014-09-08 21:40:19.71 JST" StructureHandle="=TA2/src&amp;lt;ta2.listeners{STL.java" StructureKind="java"/><InteractionEvent Delta="null" EndDate="2014-09-08 22:20:51.578 JST" Interest="18.513" Kind="propagation" Navigation="org.eclipse.mylyn.core.model.edges.containment" OriginId="org.eclipse.mylyn.core.model.interest.propagation" StartDate="2014-09-08 21:26:49.57 JST" StructureHandle="=TA2/src&amp;lt;ta2.listeners" StructureKind="java" NumEvents="10" CreationCount="595"/><InteractionEvent Delta="null" EndDate="2014-09-08 21:26:46.443 JST" Interest="1.0" Kind="selection" Navigation="null" OriginId="org.eclipse.jdt.ui.PackageExplorer" StartDate="2014-09-08 21:26:46.443 JST" StructureHandle="=TA2/src&amp;lt;ta2.listeners" StructureKind="java"/><InteractionEvent Delta="null" EndDate="2014-09-08 21:36:05.475 JST" Interest="1.0" Kind="selection" Navigation="null" OriginId="org.eclipse.jdt.ui.CompilationUnitEditor" StartDate="2014-09-08 21:36:05.475 JST" StructureHandle="=TA2/src&amp;lt;ta2.utils{Tags.java[Tags[ButtonTags^ACTV_MEMO_EDIT_SAVE" StructureKind="java"/><InteractionEvent Delta="null" EndDate="2014-09-08 22:11:49.195 JST" Interest="10.636" Kind="propagation" Navigation="org.eclipse.mylyn.core.model.edges.containment" OriginId="org.eclipse.mylyn.core.model.interest.propagation" StartDate="2014-09-08 21:43:17.88 JST" StructureHandle="=IFM11/src" StructureKind="java" NumEvents="22" CreationCount="990"/><InteractionEvent Delta="null" EndDate="2014-09-08 21:43:16.428 JST" Interest="1.0" Kind="selection" Navigation="null" OriginId="org.eclipse.ui.views.ResourceNavigator" StartDate="2014-09-08 21:43:16.428 JST" StructureHandle="=IFM11/src" StructureKind="java"/><InteractionEvent Delta="null" EndDate="2014-09-08 21:13:08.587 JST" Interest="1.0" Kind="propagation" Navigation="null" OriginId="org.eclipse.jdt.ui.PackageExplorer" StartDate="2014-09-08 21:13:08.587 JST" StructureHandle="/ShoppingList" StructureKind="resource"/><InteractionEvent Delta="null" EndDate="2014-09-08 21:30:16.569 JST" Interest="1.0" Kind="prediction" Navigation="null" OriginId="org.eclipse.mylyn.resources.ui.interest.updater" StartDate="2014-09-08 21:30:16.569 JST" StructureHandle="/TA2/bin/resources.ap_" StructureKind="resource"/><InteractionEvent Delta="null" EndDate="2014-09-08 21:18:02.634 JST" Interest="2.0" Kind="edit" Navigation="null" OriginId="org.eclipse.jdt.ui.CompilationUnitEditor" StartDate="2014-09-08 21:18:02.618 JST" StructureHandle="=TA2/src&amp;lt;ta2.utils{CONS.java[CONS[Intent^dflt_LongExtra_value" StructureKind="java" NumEvents="2" CreationCount="226"/><InteractionEvent Delta="null" EndDate="2014-09-08 21:18:34.466 JST" Interest="2.0" Kind="selection" Navigation="null" OriginId="org.eclipse.jdt.ui.CompilationUnitEditor" StartDate="2014-09-08 21:18:02.602 JST" StructureHandle="=TA2/src&amp;lt;ta2.utils{CONS.java[CONS[Intent^dflt_LongExtra_value" StructureKind="java" NumEvents="2" CreationCount="226"/><InteractionEvent Delta="null" EndDate="2014-09-08 22:20:51.577 JST" Interest="1.0" Kind="propagation" Navigation="org.eclipse.mylyn.core.model.edges.containment" OriginId="org.eclipse.mylyn.core.model.interest.propagation" StartDate="2014-09-08 22:20:51.577 JST" StructureHandle="=TA2/src&amp;lt;ta2.items" StructureKind="java"/><InteractionEvent Delta="null" EndDate="2014-09-08 21:38:26.662 JST" Interest="1.0" Kind="selection" Navigation="null" OriginId="org.eclipse.jdt.ui.CompilationUnitEditor" StartDate="2014-09-08 21:38:26.662 JST" StructureHandle="=TA2/src&amp;lt;ta2.utils{Tags.java[Tags[ButtonTags^ACTV_MEMO_EDIT_BACK" StructureKind="java"/><InteractionEvent Delta="null" EndDate="2014-09-08 21:38:54.69 JST" Interest="14.034" Kind="propagation" Navigation="org.eclipse.mylyn.core.model.edges.containment" OriginId="org.eclipse.mylyn.core.model.interest.propagation" StartDate="2014-09-08 21:36:16.394 JST" StructureHandle="=TA2/src&amp;lt;ta2.listeners.button{BO_TL.java" StructureKind="java" NumEvents="22" CreationCount="820"/><InteractionEvent Delta="null" EndDate="2014-09-08 21:38:36.125 JST" Interest="2.0" Kind="selection" Navigation="null" OriginId="org.eclipse.jdt.ui.CompilationUnitEditor" StartDate="2014-09-08 21:36:15.482 JST" StructureHandle="=TA2/src&amp;lt;ta2.listeners.button{BO_TL.java" StructureKind="java" NumEvents="2" CreationCount="820"/><InteractionEvent Delta="null" EndDate="2014-09-08 22:02:26.498 JST" Interest="69.0" Kind="edit" Navigation="null" OriginId="org.eclipse.jdt.ui.CompilationUnitEditor" StartDate="2014-09-08 21:14:30.196 JST" StructureHandle="=TA2/src&amp;lt;ta2.main{MemoEditActv.java[MemoEditActv~_Setup_Listeners" StructureKind="java" NumEvents="69" CreationCount="20"/><InteractionEvent Delta="null" EndDate="2014-09-08 21:35:41.873 JST" Interest="6.573001" Kind="manipulation" Navigation="null" OriginId="org.eclipse.mylyn.core.model.interest.decay.correction" StartDate="2014-09-08 21:35:41.873 JST" StructureHandle="=TA2/src&amp;lt;ta2.main{MemoEditActv.java[MemoEditActv~_Setup_Listeners" StructureKind="java"/><InteractionEvent Delta="null" EndDate="2014-09-08 22:09:44.246 JST" Interest="24.0" Kind="selection" Navigation="null" OriginId="org.eclipse.jdt.ui.CompilationUnitEditor" StartDate="2014-09-08 21:14:29.631 JST" StructureHandle="=TA2/src&amp;lt;ta2.main{MemoEditActv.java[MemoEditActv~_Setup_Listeners" StructureKind="java" NumEvents="24" CreationCount="20"/><InteractionEvent Delta="null" EndDate="2014-09-08 22:11:49.194 JST" Interest="23.0" Kind="propagation" Navigation="null" OriginId="org.eclipse.jdt.ui.CompilationUnitEditor" StartDate="2014-09-08 21:43:19.778 JST" StructureHandle="/IFM11/src/ifm11/utils/DBUtils.java" StructureKind="resource" NumEvents="23" CreationCount="993"/><InteractionEvent Delta="null" EndDate="2014-09-08 21:40:42.887 JST" Interest="25.0" Kind="propagation" Navigation="null" OriginId="org.eclipse.jdt.ui.CompilationUnitEditor" StartDate="2014-09-08 21:27:16.626 JST" StructureHandle="/TA2/src/ta2/listeners/dialog/DOI_CL.java" StructureKind="resource" NumEvents="25" CreationCount="612"/><InteractionEvent Delta="null" EndDate="2014-09-08 22:04:10.836 JST" Interest="3.585" Kind="propagation" Navigation="org.eclipse.mylyn.core.model.edges.containment" OriginId="org.eclipse.mylyn.core.model.interest.propagation" StartDate="2014-09-08 21:43:28.63 JST" StructureHandle="=IFM11/src&amp;lt;ifm11.utils{DBUtils.java" StructureKind="java" NumEvents="7" CreationCount="993"/><InteractionEvent Delta="null" EndDate="2014-09-08 22:11:49.194 JST" Interest="8.0" Kind="selection" Navigation="null" OriginId="org.eclipse.jdt.ui.CompilationUnitEditor" StartDate="2014-09-08 21:43:19.777 JST" StructureHandle="=IFM11/src&amp;lt;ifm11.utils{DBUtils.java" StructureKind="java" NumEvents="8" CreationCount="993"/><InteractionEvent Delta="null" EndDate="2014-09-08 22:09:44.246 JST" Interest="538.0" Kind="propagation" Navigation="null" OriginId="org.eclipse.jdt.ui.CompilationUnitEditor" StartDate="2014-09-08 21:13:35.324 JST" StructureHandle="/TA2/src/ta2/main/MemoEditActv.java" StructureKind="resource" NumEvents="538" CreationCount="7"/><InteractionEvent Delta="null" EndDate="2014-09-08 22:09:34.400 JST" Interest="72.0" Kind="edit" Navigation="null" OriginId="org.eclipse.jdt.ui.CompilationUnitEditor" StartDate="2014-09-08 22:04:54.650 JST" StructureHandle="=TA2/src&amp;lt;ta2.utils{DBUtils.java[DBUtils~updateData_generic_With_TimeLable~QActivity;~QString;~J~QString;~QString;" StructureKind="java" NumEvents="72" CreationCount="1221"/><InteractionEvent Delta="null" EndDate="2014-09-08 22:09:44.883 JST" Interest="8.0" Kind="selection" Navigation="null" OriginId="org.eclipse.jdt.ui.CompilationUnitEditor" StartDate="2014-09-08 22:04:53.498 JST" StructureHandle="=TA2/src&amp;lt;ta2.utils{DBUtils.java[DBUtils~updateData_generic_With_TimeLable~QActivity;~QString;~J~QString;~QString;" StructureKind="java" NumEvents="8" CreationCount="1221"/><InteractionEvent Delta="null" EndDate="2014-09-08 22:09:44.99 JST" Interest="200.243" Kind="propagation" Navigation="org.eclipse.mylyn.core.model.edges.containment" OriginId="org.eclipse.mylyn.core.model.interest.propagation" StartDate="2014-09-08 21:13:24.995 JST" StructureHandle="=TA2/src&amp;lt;ta2.main" StructureKind="java" NumEvents="293" CreationCount="5"/><InteractionEvent Delta="null" EndDate="2014-09-08 21:13:27.261 JST" Interest="2.0" Kind="selection" Navigation="null" OriginId="org.eclipse.jdt.ui.PackageExplorer" StartDate="2014-09-08 21:13:23.421 JST" StructureHandle="=TA2/src&amp;lt;ta2.main" StructureKind="java" NumEvents="2" CreationCount="5"/><InteractionEvent Delta="null" EndDate="2014-09-08 22:11:49.195 JST" Interest="30.017" Kind="propagation" Navigation="null" OriginId="org.eclipse.jdt.ui.CompilationUnitEditor" StartDate="2014-09-08 21:43:18.565 JST" StructureHandle="/IFM11/src/ifm11/utils" StructureKind="resource" NumEvents="31" CreationCount="992"/><InteractionEvent Delta="null" EndDate="2014-09-08 21:40:03.940 JST" Interest="3.0" Kind="selection" Navigation="null" OriginId="org.eclipse.jdt.ui.CompilationUnitEditor" StartDate="2014-09-08 21:40:00.636 JST" StructureHandle="=TA2/src&amp;lt;ta2.main{MemoEditActv.java[MemoEditActv~_Setup_Listeners_LVs" StructureKind="java" NumEvents="3" CreationCount="898"/><InteractionEvent Delta="null" EndDate="2014-09-08 22:20:51.578 JST" Interest="256.944" Kind="propagation" Navigation="null" OriginId="org.eclipse.mylyn.resources.ui.interest.updater" StartDate="2014-09-08 21:26:16.238 JST" StructureHandle="/TA2/src/ta2/listeners" StructureKind="resource" NumEvents="258" CreationCount="588"/><InteractionEvent Delta="null" EndDate="2014-09-08 21:13:55.956 JST" Interest="1.0" Kind="prediction" Navigation="null" OriginId="org.eclipse.mylyn.resources.ui.interest.updater" StartDate="2014-09-08 21:13:55.956 JST" StructureHandle="/TA2/bin/AndroidManifest.xml" StructureKind="resource"/><InteractionEvent Delta="null" EndDate="2014-09-08 21:38:26.664 JST" Interest="4.0" Kind="propagation" Navigation="null" OriginId="org.eclipse.jdt.ui.CompilationUnitEditor" StartDate="2014-09-08 21:36:04.672 JST" StructureHandle="/TA2/src/ta2/utils/Tags.java" StructureKind="resource" NumEvents="4" CreationCount="813"/><InteractionEvent Delta="null" EndDate="2014-09-08 21:38:26.663 JST" Interest="1.901" Kind="propagation" Navigation="org.eclipse.mylyn.core.model.edges.containment" OriginId="org.eclipse.mylyn.core.model.interest.propagation" StartDate="2014-09-08 21:36:05.476 JST" StructureHandle="=TA2/src&amp;lt;ta2.utils{Tags.java[Tags" StructureKind="java" NumEvents="2" CreationCount="814"/><InteractionEvent Delta="null" EndDate="2014-09-08 22:04:38.855 JST" Interest="1.0" Kind="edit" Navigation="null" OriginId="org.eclipse.jdt.ui.CompilationUnitEditor" StartDate="2014-09-08 22:04:38.855 JST" StructureHandle="=TA2/src&amp;lt;ta2.utils{DBUtils.java[DBUtils~exec_Sql~QActivity;~QString;" StructureKind="java"/><InteractionEvent Delta="null" EndDate="2014-09-08 22:04:33.938 JST" Interest="1.0" Kind="selection" Navigation="null" OriginId="org.eclipse.jdt.ui.CompilationUnitEditor" StartDate="2014-09-08 22:04:33.938 JST" StructureHandle="=TA2/src&amp;lt;ta2.utils{DBUtils.java[DBUtils~exec_Sql~QActivity;~QString;" StructureKind="java"/><InteractionEvent Delta="null" EndDate="2014-09-08 21:26:51.437 JST" Interest="1.0" Kind="selection" Navigation="null" OriginId="org.eclipse.ui.views.ContentOutline" StartDate="2014-09-08 21:26:51.437 JST" StructureHandle="=TA2/src&amp;lt;ta2.listeners{LOI_LCL.java%ta2.listeners" StructureKind="java"/><InteractionEvent Delta="null" EndDate="2014-09-08 22:04:26.262 JST" Interest="1.0" Kind="selection" Navigation="null" OriginId="org.eclipse.jdt.ui.CompilationUnitEditor" StartDate="2014-09-08 22:04:26.262 JST" StructureHandle="=IFM11/src&amp;lt;ifm11.utils{DBUtils.java[DBUtils" StructureKind="java"/><InteractionEvent Delta="null" EndDate="2014-09-08 22:04:19.689 JST" Interest="8.234" Kind="propagation" Navigation="org.eclipse.mylyn.core.model.edges.containment" OriginId="org.eclipse.mylyn.core.model.interest.propagation" StartDate="2014-09-08 21:43:22.134 JST" StructureHandle="=IFM11/src&amp;lt;ifm11.utils{DBUtils.java[DBUtils" StructureKind="java" NumEvents="11" CreationCount="996"/><InteractionEvent Delta="null" EndDate="2014-09-08 22:16:45.408 JST" Interest="137.258" Kind="propagation" Navigation="org.eclipse.mylyn.core.model.edges.containment" OriginId="org.eclipse.mylyn.core.model.interest.propagation" StartDate="2014-09-08 21:15:17.336 JST" StructureHandle="=TA2/src&amp;lt;ta2.utils" StructureKind="java" NumEvents="205" CreationCount="48"/><InteractionEvent Delta="null" EndDate="2014-09-08 21:15:15.797 JST" Interest="1.0" Kind="selection" Navigation="null" OriginId="org.eclipse.jdt.ui.PackageExplorer" StartDate="2014-09-08 21:15:15.797 JST" StructureHandle="=TA2/src&amp;lt;ta2.utils" StructureKind="java"/><InteractionEvent Delta="null" EndDate="2014-09-08 21:15:48.730 JST" Interest="1.0" Kind="edit" Navigation="null" OriginId="org.eclipse.jdt.ui.CompilationUnitEditor" StartDate="2014-09-08 21:15:48.730 JST" StructureHandle="=TA2/src&amp;lt;ta2.utils{CONS.java[CONS[MemoEditActv^memo" StructureKind="java"/><InteractionEvent Delta="null" EndDate="2014-09-08 21:16:46.197 JST" Interest="3.0" Kind="selection" Navigation="null" OriginId="org.eclipse.jdt.ui.CompilationUnitEditor" StartDate="2014-09-08 21:15:48.726 JST" StructureHandle="=TA2/src&amp;lt;ta2.utils{CONS.java[CONS[MemoEditActv^memo" StructureKind="java" NumEvents="3" CreationCount="78"/><InteractionEvent Delta="null" EndDate="2014-09-08 21:27:12.395 JST" Interest="3.3719997" Kind="propagation" Navigation="org.eclipse.mylyn.core.model.edges.containment" OriginId="org.eclipse.mylyn.core.model.interest.propagation" StartDate="2014-09-08 21:26:21.482 JST" StructureHandle="=TA2/src&amp;lt;ta2.utils{Methods_dlg.java[Methods_dlg" StructureKind="java" NumEvents="4" CreationCount="592"/><InteractionEvent Delta="null" EndDate="2014-09-08 21:29:12.199 JST" Interest="2.0" Kind="edit" Navigation="null" OriginId="org.eclipse.jdt.ui.CompilationUnitEditor" StartDate="2014-09-08 21:29:11.422 JST" StructureHandle="=TA2/src&amp;lt;ta2.utils{Methods.java[Methods~start_Activity_PrefActv~QActivity;" StructureKind="java" NumEvents="2" CreationCount="656"/><InteractionEvent Delta="null" EndDate="2014-09-08 21:29:08.719 JST" Interest="1.0" Kind="selection" Navigation="null" OriginId="org.eclipse.jdt.ui.CompilationUnitEditor" StartDate="2014-09-08 21:29:08.719 JST" StructureHandle="=TA2/src&amp;lt;ta2.utils{Methods.java[Methods~start_Activity_PrefActv~QActivity;" StructureKind="java"/><InteractionEvent Delta="null" EndDate="2014-09-08 22:11:49.194 JST" Interest="10.602" Kind="propagation" Navigation="org.eclipse.mylyn.core.model.edges.containment" OriginId="org.eclipse.mylyn.core.model.interest.propagation" StartDate="2014-09-08 21:43:19.778 JST" StructureHandle="=IFM11/src&amp;lt;ifm11.utils" StructureKind="java" NumEvents="16" CreationCount="992"/><InteractionEvent Delta="null" EndDate="2014-09-08 21:43:18.565 JST" Interest="1.0" Kind="selection" Navigation="null" OriginId="org.eclipse.ui.views.ResourceNavigator" StartDate="2014-09-08 21:43:18.565 JST" StructureHandle="=IFM11/src&amp;lt;ifm11.utils" StructureKind="java"/><InteractionEvent Delta="null" EndDate="2014-09-08 21:16:49.183 JST" Interest="2.0" Kind="edit" Navigation="null" OriginId="org.eclipse.jdt.ui.CompilationUnitEditor" StartDate="2014-09-08 21:16:49.179 JST" StructureHandle="=TA2/src&amp;lt;ta2.utils{CONS.java[CONS[DB^sortOrder_DESC" StructureKind="java" NumEvents="2" CreationCount="130"/><InteractionEvent Delta="null" EndDate="2014-09-08 21:16:49.175 JST" Interest="1.0" Kind="selection" Navigation="null" OriginId="org.eclipse.jdt.ui.CompilationUnitEditor" StartDate="2014-09-08 21:16:49.175 JST" StructureHandle="=TA2/src&amp;lt;ta2.utils{CONS.java[CONS[DB^sortOrder_DESC" StructureKind="java"/><InteractionEvent Delta="null" EndDate="2014-09-08 21:40:18.993 JST" Interest="0.75300026" Kind="manipulation" Navigation="null" OriginId="org.eclipse.mylyn.core.model.interest.decay.correction" StartDate="2014-09-08 21:40:18.993 JST" StructureHandle="=TA2/src&amp;lt;ta2.listeners{LOI_LCL.java" StructureKind="java"/><InteractionEvent Delta="null" EndDate="2014-09-08 21:27:01.484 JST" Interest="2.551" Kind="propagation" Navigation="org.eclipse.mylyn.core.model.edges.containment" OriginId="org.eclipse.mylyn.core.model.interest.propagation" StartDate="2014-09-08 21:26:59.938 JST" StructureHandle="=TA2/src&amp;lt;ta2.listeners{LOI_LCL.java" StructureKind="java" NumEvents="4" CreationCount="596"/><InteractionEvent Delta="null" EndDate="2014-09-08 21:40:18.993 JST" Interest="3.0" Kind="selection" Navigation="null" OriginId="org.eclipse.jdt.ui.PackageExplorer" StartDate="2014-09-08 21:26:49.57 JST" StructureHandle="=TA2/src&amp;lt;ta2.listeners{LOI_LCL.java" StructureKind="java" NumEvents="3" CreationCount="596"/><InteractionEvent Delta="null" EndDate="2014-09-08 22:11:25.824 JST" Interest="0.4510002" Kind="propagation" Navigation="org.eclipse.mylyn.core.model.edges.containment" OriginId="org.eclipse.mylyn.core.model.interest.propagation" StartDate="2014-09-08 22:11:25.824 JST" StructureHandle="=IFM11/src&amp;lt;ifm11.utils{CONS.java" StructureKind="java"/><InteractionEvent Delta="null" EndDate="2014-09-08 22:11:16.742 JST" Interest="2.0" Kind="selection" Navigation="null" OriginId="org.eclipse.jdt.ui.CompilationUnitEditor" StartDate="2014-09-08 22:11:16.490 JST" StructureHandle="=IFM11/src&amp;lt;ifm11.utils{CONS.java" StructureKind="java" NumEvents="2" CreationCount="1389"/><InteractionEvent Delta="null" EndDate="2014-09-08 22:11:23.806 JST" Interest="1.0" Kind="selection" Navigation="null" OriginId="org.eclipse.ui.views.ContentOutline" StartDate="2014-09-08 22:11:23.806 JST" StructureHandle="=IFM11/src&amp;lt;ifm11.utils{CONS.java%ifm11.utils" StructureKind="java"/><InteractionEvent Delta="null" EndDate="2014-09-08 22:13:35.572 JST" Interest="139.0" Kind="edit" Navigation="null" OriginId="org.eclipse.jdt.ui.CompilationUnitEditor" StartDate="2014-09-08 22:02:55.898 JST" StructureHandle="=TA2/src&amp;lt;ta2.utils{Methods.java[Methods~update_Memo~QActivity;" StructureKind="java" NumEvents="139" CreationCount="1122"/><InteractionEvent Delta="null" EndDate="2014-09-08 22:14:16.118 JST" Interest="20.0" Kind="selection" Navigation="null" OriginId="org.eclipse.jdt.ui.CompilationUnitEditor" StartDate="2014-09-08 22:02:54.109 JST" StructureHandle="=TA2/src&amp;lt;ta2.utils{Methods.java[Methods~update_Memo~QActivity;" StructureKind="java" NumEvents="20" CreationCount="1122"/><InteractionEvent Delta="null" EndDate="2014-09-08 21:16:52.153 JST" Interest="2.0" Kind="edit" Navigation="null" OriginId="org.eclipse.jdt.ui.CompilationUnitEditor" StartDate="2014-09-08 21:16:52.148 JST" StructureHandle="=TA2/src&amp;lt;ta2.utils{CONS.java[CONS[DB^sortOrder_ASC" StructureKind="java" NumEvents="2" CreationCount="136"/><InteractionEvent Delta="null" EndDate="2014-09-08 21:16:52.143 JST" Interest="1.0" Kind="selection" Navigation="null" OriginId="org.eclipse.jdt.ui.CompilationUnitEditor" StartDate="2014-09-08 21:16:52.143 JST" StructureHandle="=TA2/src&amp;lt;ta2.utils{CONS.java[CONS[DB^sortOrder_ASC" StructureKind="java"/><InteractionEvent Delta="null" EndDate="2014-09-08 22:11:49.195 JST" Interest="34.0" Kind="propagation" Navigation="null" OriginId="org.eclipse.jdt.ui.CompilationUnitEditor" StartDate="2014-09-08 21:43:14.105 JST" StructureHandle="/IFM11" StructureKind="resource" NumEvents="34" CreationCount="989"/><InteractionEvent Delta="null" EndDate="2014-09-08 21:27:17.394 JST" Interest="1.0" Kind="selection" Navigation="null" OriginId="org.eclipse.jdt.ui.CompilationUnitEditor" StartDate="2014-09-08 21:27:17.394 JST" StructureHandle="=TA2/src&amp;lt;ta2.listeners.dialog{DOI_CL.java[DOI_CL~DOI_CL~QActivity;~QDialog;~QMemo;" StructureKind="java"/><InteractionEvent Delta="null" EndDate="2014-09-08 22:20:04.979 JST" Interest="73.612" Kind="propagation" Navigation="org.eclipse.mylyn.core.model.edges.containment" OriginId="org.eclipse.mylyn.core.model.interest.propagation" StartDate="2014-09-08 21:40:54.435 JST" StructureHandle="=TA2/src&amp;lt;ta2.listeners.button{BO_CL.java" StructureKind="java" NumEvents="112" CreationCount="913"/><InteractionEvent Delta="null" EndDate="2014-09-08 22:16:45.490 JST" Interest="20.0" Kind="selection" Navigation="null" OriginId="org.eclipse.jdt.ui.CompilationUnitEditor" StartDate="2014-09-08 21:40:24.290 JST" StructureHandle="=TA2/src&amp;lt;ta2.listeners.button{BO_CL.java" StructureKind="java" NumEvents="20" CreationCount="913"/><InteractionEvent Delta="null" EndDate="2014-09-08 22:20:51.578 JST" Interest="1.0" Kind="propagation" Navigation="null" OriginId="org.eclipse.mylyn.resources.ui.interest.updater" StartDate="2014-09-08 22:20:51.578 JST" StructureHandle="/TA2/src/ta2/listeners/ISL.java" StructureKind="resource"/><InteractionEvent Delta="null" EndDate="2014-09-08 21:34:32.661 JST" Interest="190.02199" Kind="propagation" Navigation="org.eclipse.mylyn.core.model.edges.containment" OriginId="org.eclipse.mylyn.core.model.interest.propagation" StartDate="2014-09-08 21:14:14.121 JST" StructureHandle="=TA2/src&amp;lt;ta2.main{MemoEditActv.java[MemoEditActv" StructureKind="java" NumEvents="265" CreationCount="18"/><InteractionEvent Delta="null" EndDate="2014-09-08 21:22:01.215 JST" Interest="3.0" Kind="edit" Navigation="null" OriginId="org.eclipse.jdt.ui.CompilationUnitEditor" StartDate="2014-09-08 21:21:58.248 JST" StructureHandle="=TA2/src&amp;lt;ta2.utils{DBUtils.java[DBUtils~isInDB_Pattern~QSQLiteDatabase;~QString;" StructureKind="java" NumEvents="3" CreationCount="405"/><InteractionEvent Delta="null" EndDate="2014-09-08 21:21:54.541 JST" Interest="1.0" Kind="selection" Navigation="null" OriginId="org.eclipse.jdt.ui.CompilationUnitEditor" StartDate="2014-09-08 21:21:54.541 JST" StructureHandle="=TA2/src&amp;lt;ta2.utils{DBUtils.java[DBUtils~isInDB_Pattern~QSQLiteDatabase;~QString;" StructureKind="java"/><InteractionEvent Delta="null" EndDate="2014-09-08 21:28:20.575 JST" Interest="17.0" Kind="edit" Navigation="null" OriginId="org.eclipse.jdt.ui.CompilationUnitEditor" StartDate="2014-09-08 21:27:22.345 JST" StructureHandle="=TA2/src&amp;lt;ta2.listeners.dialog{DOI_CL.java[DOI_CL~case_ACTV_SHOWLIST_LV~QListItem;" StructureKind="java" NumEvents="17" CreationCount="616"/><InteractionEvent Delta="null" EndDate="2014-09-08 21:27:21.252 JST" Interest="2.0" Kind="selection" Navigation="null" OriginId="org.eclipse.jdt.ui.CompilationUnitEditor" StartDate="2014-09-08 21:27:21.250 JST" StructureHandle="=TA2/src&amp;lt;ta2.listeners.dialog{DOI_CL.java[DOI_CL~case_ACTV_SHOWLIST_LV~QListItem;" StructureKind="java" NumEvents="2" CreationCount="616"/><InteractionEvent Delta="null" EndDate="2014-09-08 22:20:51.578 JST" Interest="1641.0339" Kind="propagation" Navigation="null" OriginId="org.eclipse.mylyn.resources.ui.interest.updater" StartDate="2014-09-08 21:13:16.98 JST" StructureHandle="/TA2/src" StructureKind="resource" NumEvents="1644" CreationCount="4"/><InteractionEvent Delta="null" EndDate="2014-09-08 21:38:54.68 JST" Interest="25.0" Kind="propagation" Navigation="null" OriginId="org.eclipse.jdt.ui.CompilationUnitEditor" StartDate="2014-09-08 21:36:15.483 JST" StructureHandle="/TA2/src/ta2/listeners/button/BO_TL.java" StructureKind="resource" NumEvents="25" CreationCount="820"/><InteractionEvent Delta="null" EndDate="2014-09-08 22:04:19.689 JST" Interest="6.0" Kind="edit" Navigation="null" OriginId="org.eclipse.jdt.ui.CompilationUnitEditor" StartDate="2014-09-08 21:43:28.507 JST" StructureHandle="=IFM11/src&amp;lt;ifm11.utils{DBUtils.java[DBUtils~updateData_generic~QActivity;~QString;~J~QString;~QString;" StructureKind="java" NumEvents="6" CreationCount="998"/><InteractionEvent Delta="null" EndDate="2014-09-08 22:04:27.243 JST" Interest="5.0" Kind="selection" Navigation="null" OriginId="org.eclipse.jdt.ui.CompilationUnitEditor" StartDate="2014-09-08 21:43:28.61 JST" StructureHandle="=IFM11/src&amp;lt;ifm11.utils{DBUtils.java[DBUtils~updateData_generic~QActivity;~QString;~J~QString;~QString;" StructureKind="java" NumEvents="5" CreationCount="998"/><InteractionEvent Delta="null" EndDate="2014-09-08 21:15:47.4 JST" Interest="13.0" Kind="edit" Navigation="null" OriginId="org.eclipse.jdt.ui.CompilationUnitEditor" StartDate="2014-09-08 21:15:31.934 JST" StructureHandle="=TA2/src&amp;lt;ta2.utils{CONS.java[CONS[MemoEditActv" StructureKind="java" NumEvents="13" CreationCount="62"/><InteractionEvent Delta="null" EndDate="2014-09-08 21:16:42.621 JST" Interest="2.0" Kind="selection" Navigation="null" OriginId="org.eclipse.ui.views.ContentOutline" StartDate="2014-09-08 21:15:31.927 JST" StructureHandle="=TA2/src&amp;lt;ta2.utils{CONS.java[CONS[MemoEditActv" StructureKind="java" NumEvents="2" CreationCount="62"/><InteractionEvent Delta="null" EndDate="2014-09-08 22:16:45.409 JST" Interest="97.0" Kind="edit" Navigation="null" OriginId="org.eclipse.jdt.ui.CompilationUnitEditor" StartDate="2014-09-08 22:14:32.287 JST" StructureHandle="=TA2/src&amp;lt;ta2.utils{Methods.java[Methods~report_Update_Memos~QActivity;~I" StructureKind="java" NumEvents="97" CreationCount="1529"/><InteractionEvent Delta="null" EndDate="2014-09-08 22:15:28.85 JST" Interest="3.0" Kind="selection" Navigation="null" OriginId="org.eclipse.jdt.ui.CompilationUnitEditor" StartDate="2014-09-08 22:14:32.277 JST" StructureHandle="=TA2/src&amp;lt;ta2.utils{Methods.java[Methods~report_Update_Memos~QActivity;~I" StructureKind="java" NumEvents="3" CreationCount="1529"/><InteractionEvent Delta="null" EndDate="2014-09-08 21:15:30.42 JST" Interest="2.0" Kind="edit" Navigation="null" OriginId="org.eclipse.jdt.ui.CompilationUnitEditor" StartDate="2014-09-08 21:15:25.680 JST" StructureHandle="=TA2/src&amp;lt;ta2.utils{CONS.java[CONS" StructureKind="java" NumEvents="2" CreationCount="52"/><InteractionEvent Delta="null" EndDate="2014-09-08 21:15:30.36 JST" Interest="2.0" Kind="selection" Navigation="null" OriginId="org.eclipse.jdt.ui.CompilationUnitEditor" StartDate="2014-09-08 21:15:25.673 JST" StructureHandle="=TA2/src&amp;lt;ta2.utils{CONS.java[CONS" StructureKind="java" NumEvents="2" CreationCount="52"/><InteractionEvent Delta="null" EndDate="2014-09-08 21:40:42.669 JST" Interest="36.63" Kind="propagation" Navigation="org.eclipse.mylyn.core.model.edges.containment" OriginId="org.eclipse.mylyn.core.model.interest.propagation" StartDate="2014-09-08 21:15:22.373 JST" StructureHandle="=TA2/src&amp;lt;ta2.utils{CONS.java[CONS" StructureKind="java" NumEvents="53" CreationCount="52"/><InteractionEvent Delta="null" EndDate="2014-09-08 21:43:28.27 JST" Interest="1.0" Kind="edit" Navigation="null" OriginId="org.eclipse.jdt.ui.CompilationUnitEditor" StartDate="2014-09-08 21:43:28.27 JST" StructureHandle="=IFM11/src&amp;lt;ifm11.utils{DBUtils.java[DBUtils~get_TI_From_FileId~QActivity;~J" StructureKind="java"/><InteractionEvent Delta="null" EndDate="2014-09-08 21:43:22.134 JST" Interest="1.0" Kind="selection" Navigation="null" OriginId="org.eclipse.ui.views.ContentOutline" StartDate="2014-09-08 21:43:22.134 JST" StructureHandle="=IFM11/src&amp;lt;ifm11.utils{DBUtils.java[DBUtils~get_TI_From_FileId~QActivity;~J" StructureKind="java"/><InteractionEvent Delta="null" EndDate="2014-09-08 21:26:44.40 JST" Interest="1.0" Kind="propagation" Navigation="null" OriginId="org.eclipse.jdt.ui.PackageExplorer" StartDate="2014-09-08 21:26:44.40 JST" StructureHandle="/TA2/src/ta2/main/ShowListActv.java" StructureKind="resource"/><InteractionEvent Delta="null" EndDate="2014-09-08 22:20:51.576 JST" Interest="1.0" Kind="prediction" Navigation="null" OriginId="org.eclipse.mylyn.resources.ui.interest.updater" StartDate="2014-09-08 22:20:51.576 JST" StructureHandle="=TA2/src&amp;lt;ta2.items{Pref_Dropdown.java" StructureKind="java"/><InteractionEvent Delta="null" EndDate="2014-09-08 21:37:56.433 JST" Interest="2.0" Kind="edit" Navigation="null" OriginId="org.eclipse.jdt.ui.CompilationUnitEditor" StartDate="2014-09-08 21:37:56.429 JST" StructureHandle="=TA2/src&amp;lt;ta2.main{MemoEditActv.java[MemoEditActv~onStop" StructureKind="java" NumEvents="2" CreationCount="845"/><InteractionEvent Delta="null" EndDate="2014-09-08 21:37:56.425 JST" Interest="1.0" Kind="selection" Navigation="null" OriginId="org.eclipse.jdt.ui.CompilationUnitEditor" StartDate="2014-09-08 21:37:56.425 JST" StructureHandle="=TA2/src&amp;lt;ta2.main{MemoEditActv.java[MemoEditActv~onStop" StructureKind="java"/><InteractionEvent Delta="null" EndDate="2014-09-08 21:39:57.508 JST" Interest="2.0" Kind="edit" Navigation="null" OriginId="org.eclipse.jdt.ui.CompilationUnitEditor" StartDate="2014-09-08 21:39:57.497 JST" StructureHandle="=TA2/src&amp;lt;ta2.main{MemoEditActv.java[MemoEditActv~_Setup_Layout" StructureKind="java" NumEvents="2" CreationCount="894"/><InteractionEvent Delta="null" EndDate="2014-09-08 21:39:59.929 JST" Interest="2.0" Kind="selection" Navigation="null" OriginId="org.eclipse.ui.views.ContentOutline" StartDate="2014-09-08 21:39:57.478 JST" StructureHandle="=TA2/src&amp;lt;ta2.main{MemoEditActv.java[MemoEditActv~_Setup_Layout" StructureKind="java" NumEvents="2" CreationCount="894"/><InteractionEvent Delta="null" EndDate="2014-09-08 22:16:57.40 JST" Interest="5.0" Kind="prediction" Navigation="null" OriginId="org.eclipse.mylyn.resources.ui.interest.updater" StartDate="2014-09-08 21:30:16.569 JST" StructureHandle="/TA2/bin/classes.dex" StructureKind="resource" NumEvents="5" CreationCount="682"/><InteractionEvent Delta="null" EndDate="2014-09-08 21:38:54.67 JST" Interest="20.0" Kind="edit" Navigation="null" OriginId="org.eclipse.jdt.ui.CompilationUnitEditor" StartDate="2014-09-08 21:36:26.739 JST" StructureHandle="=TA2/src&amp;lt;ta2.listeners.button{BO_TL.java[BO_TL~onTouch~QView;~QMotionEvent;" StructureKind="java" NumEvents="20" CreationCount="822"/><InteractionEvent Delta="null" EndDate="2014-09-08 21:38:36.352 JST" Interest="2.0" Kind="selection" Navigation="null" OriginId="org.eclipse.jdt.ui.CompilationUnitEditor" StartDate="2014-09-08 21:36:17.830 JST" StructureHandle="=TA2/src&amp;lt;ta2.listeners.button{BO_TL.java[BO_TL~onTouch~QView;~QMotionEvent;" StructureKind="java" NumEvents="2" CreationCount="822"/><InteractionEvent Delta="null" EndDate="2014-09-08 22:20:48.42 JST" Interest="1.0" Kind="propagation" Navigation="org.eclipse.mylyn.core.model.edges.containment" OriginId="org.eclipse.mylyn.core.model.interest.propagation" StartDate="2014-09-08 22:20:48.42 JST" StructureHandle="/TA2/res" StructureKind="resource"/><InteractionEvent Delta="null" EndDate="2014-09-08 21:26:20.809 JST" Interest="1.0" Kind="selection" Navigation="null" OriginId="org.eclipse.ui.views.ContentOutline" StartDate="2014-09-08 21:26:20.809 JST" StructureHandle="=TA2/src&amp;lt;ta2.utils{Methods_dlg.java%ta2.utils" StructureKind="java"/><InteractionEvent Delta="null" EndDate="2014-09-08 21:34:00.522 JST" Interest="38.0" Kind="edit" Navigation="null" OriginId="org.eclipse.jdt.ui.CompilationUnitEditor" StartDate="2014-09-08 21:14:51.902 JST" StructureHandle="=TA2/src&amp;lt;ta2.main{MemoEditActv.java[MemoEditActv~onStart" StructureKind="java" NumEvents="38" CreationCount="26"/><InteractionEvent Delta="null" EndDate="2014-09-08 21:33:38.96 JST" Interest="8.0" Kind="selection" Navigation="null" OriginId="org.eclipse.jdt.ui.CompilationUnitEditor" StartDate="2014-09-08 21:14:50.769 JST" StructureHandle="=TA2/src&amp;lt;ta2.main{MemoEditActv.java[MemoEditActv~onStart" StructureKind="java" NumEvents="8" CreationCount="26"/><InteractionEvent Delta="null" EndDate="2014-09-08 21:42:39.792 JST" Interest="11.0" Kind="edit" Navigation="null" OriginId="org.eclipse.jdt.ui.CompilationUnitEditor" StartDate="2014-09-08 21:40:04.436 JST" StructureHandle="=TA2/src&amp;lt;ta2.main{MemoEditActv.java[MemoEditActv~onBackPressed" StructureKind="java" NumEvents="11" CreationCount="899"/><InteractionEvent Delta="null" EndDate="2014-09-08 22:00:11.930 JST" Interest="13.0" Kind="selection" Navigation="null" OriginId="org.eclipse.jdt.ui.CompilationUnitEditor" StartDate="2014-09-08 21:40:03.894 JST" StructureHandle="=TA2/src&amp;lt;ta2.main{MemoEditActv.java[MemoEditActv~onBackPressed" StructureKind="java" NumEvents="13" CreationCount="899"/><InteractionEvent Delta="null" EndDate="2014-09-08 21:13:08.587 JST" Interest="1.0" Kind="selection" Navigation="null" OriginId="org.eclipse.jdt.ui.PackageExplorer" StartDate="2014-09-08 21:13:08.587 JST" StructureHandle="=ShoppingList" StructureKind="java"/><InteractionEvent Delta="null" EndDate="2014-09-08 21:27:20.710 JST" Interest="1.0" Kind="edit" Navigation="null" OriginId="org.eclipse.jdt.ui.CompilationUnitEditor" StartDate="2014-09-08 21:27:20.710 JST" StructureHandle="=TA2/src&amp;lt;ta2.listeners.dialog{DOI_CL.java[DOI_CL~onItemClick~QAdapterView\&amp;lt;*&amp;gt;;~QView;~I~J" StructureKind="java"/><InteractionEvent Delta="null" EndDate="2014-09-08 21:27:19.280 JST" Interest="1.0" Kind="selection" Navigation="null" OriginId="org.eclipse.jdt.ui.CompilationUnitEditor" StartDate="2014-09-08 21:27:19.280 JST" StructureHandle="=TA2/src&amp;lt;ta2.listeners.dialog{DOI_CL.java[DOI_CL~onItemClick~QAdapterView\&amp;lt;*&amp;gt;;~QView;~I~J" StructureKind="java"/><InteractionEvent Delta="null" EndDate="2014-09-08 21:38:26.662 JST" Interest="1.901" Kind="propagation" Navigation="org.eclipse.mylyn.core.model.edges.containment" OriginId="org.eclipse.mylyn.core.model.interest.propagation" StartDate="2014-09-08 21:36:05.475 JST" StructureHandle="=TA2/src&amp;lt;ta2.utils{Tags.java[Tags[ButtonTags" StructureKind="java" NumEvents="2" CreationCount="814"/><InteractionEvent Delta="null" EndDate="2014-09-08 22:09:15.517 JST" Interest="2.0" Kind="edit" Navigation="null" OriginId="org.eclipse.jdt.ui.CompilationUnitEditor" StartDate="2014-09-08 22:09:14.873 JST" StructureHandle="=TA2/src&amp;lt;ta2.utils{DBUtils.java[DBUtils~createTable~QActivity;~QString;~QString;~\[QString;~\[QString;" StructureKind="java" NumEvents="2" CreationCount="1339"/><InteractionEvent Delta="null" EndDate="2014-09-08 22:09:12.417 JST" Interest="1.0" Kind="selection" Navigation="null" OriginId="org.eclipse.jdt.ui.CompilationUnitEditor" StartDate="2014-09-08 22:09:12.417 JST" StructureHandle="=TA2/src&amp;lt;ta2.utils{DBUtils.java[DBUtils~createTable~QActivity;~QString;~QString;~\[QString;~\[QString;" StructureKind="java"/><InteractionEvent Delta="null" EndDate="2014-09-08 21:16:50.238 JST" Interest="4.0" Kind="edit" Navigation="null" OriginId="org.eclipse.jdt.ui.CompilationUnitEditor" StartDate="2014-09-08 21:16:47.262 JST" StructureHandle="=TA2/src&amp;lt;ta2.utils{CONS.java[CONS[Intent^iKey_CurrentPath_MainActv" StructureKind="java" NumEvents="4" CreationCount="127"/><InteractionEvent Delta="null" EndDate="2014-09-08 21:16:50.230 JST" Interest="2.0" Kind="selection" Navigation="null" OriginId="org.eclipse.jdt.ui.CompilationUnitEditor" StartDate="2014-09-08 21:16:47.257 JST" StructureHandle="=TA2/src&amp;lt;ta2.utils{CONS.java[CONS[Intent^iKey_CurrentPath_MainActv" StructureKind="java" NumEvents="2" CreationCount="127"/><InteractionEvent Delta="null" EndDate="2014-09-08 21:18:00.607 JST" Interest="2.0" Kind="edit" Navigation="null" OriginId="org.eclipse.jdt.ui.CompilationUnitEditor" StartDate="2014-09-08 21:18:00.602 JST" StructureHandle="=TA2/src&amp;lt;ta2.utils{CONS.java" StructureKind="java" NumEvents="2" CreationCount="49"/><InteractionEvent Delta="null" EndDate="2014-09-08 21:18:42.291 JST" Interest="29.680998" Kind="propagation" Navigation="org.eclipse.mylyn.core.model.edges.containment" OriginId="org.eclipse.mylyn.core.model.interest.propagation" StartDate="2014-09-08 21:15:25.674 JST" StructureHandle="=TA2/src&amp;lt;ta2.utils{CONS.java" StructureKind="java" NumEvents="47" CreationCount="49"/><InteractionEvent Delta="null" EndDate="2014-09-08 22:20:47.693 JST" Interest="17.0" Kind="selection" Navigation="null" OriginId="org.eclipse.jdt.ui.PackageExplorer" StartDate="2014-09-08 21:15:17.335 JST" StructureHandle="=TA2/src&amp;lt;ta2.utils{CONS.java" StructureKind="java" NumEvents="17" CreationCount="49"/><InteractionEvent Delta="null" EndDate="2014-09-08 22:11:47.141 JST" Interest="1.0" Kind="edit" Navigation="null" OriginId="org.eclipse.jdt.ui.CompilationUnitEditor" StartDate="2014-09-08 22:11:47.141 JST" StructureHandle="=TA2/src&amp;lt;ta2.utils{CONS.java[CONS[DB" StructureKind="java"/><InteractionEvent Delta="null" EndDate="2014-09-08 22:11:46.632 JST" Interest="19.105" Kind="manipulation" Navigation="null" OriginId="org.eclipse.mylyn.core.model.interest.decay.correction" StartDate="2014-09-08 22:11:46.632 JST" StructureHandle="=TA2/src&amp;lt;ta2.utils{CONS.java[CONS[DB" StructureKind="java"/><InteractionEvent Delta="null" EndDate="2014-09-08 22:11:46.632 JST" Interest="1.0" Kind="selection" Navigation="null" OriginId="org.eclipse.ui.views.ContentOutline" StartDate="2014-09-08 22:11:46.632 JST" StructureHandle="=TA2/src&amp;lt;ta2.utils{CONS.java[CONS[DB" StructureKind="java"/><InteractionEvent Delta="null" EndDate="2014-09-08 22:12:04.30 JST" Interest="8.255001" Kind="propagation" Navigation="org.eclipse.mylyn.core.model.edges.containment" OriginId="org.eclipse.mylyn.core.model.interest.propagation" StartDate="2014-09-08 21:16:49.175 JST" StructureHandle="=TA2/src&amp;lt;ta2.utils{CONS.java[CONS[DB" StructureKind="java" NumEvents="15" CreationCount="130"/><InteractionEvent Delta="null" EndDate="2014-09-08 21:41:21.361 JST" Interest="1.0" Kind="selection" Navigation="null" OriginId="org.eclipse.ui.views.ContentOutline" StartDate="2014-09-08 21:41:21.361 JST" StructureHandle="=TA2/src&amp;lt;ta2.listeners.button{BO_CL.java[BO_CL~case_ACTV_MAIN_SHOWLIST" StructureKind="java"/><InteractionEvent Delta="null" EndDate="2014-09-08 21:43:05.243 JST" Interest="6.0" Kind="edit" Navigation="null" OriginId="org.eclipse.jdt.ui.CompilationUnitEditor" StartDate="2014-09-08 21:42:59.154 JST" StructureHandle="=TA2/src&amp;lt;ta2.utils{DBUtils.java[DBUtils~updateData_aiLength~QActivity;~QString;~J~I" StructureKind="java" NumEvents="6" CreationCount="981"/><InteractionEvent Delta="null" EndDate="2014-09-08 22:04:29.91 JST" Interest="5.0" Kind="selection" Navigation="null" OriginId="org.eclipse.jdt.ui.CompilationUnitEditor" StartDate="2014-09-08 21:42:58.259 JST" StructureHandle="=TA2/src&amp;lt;ta2.utils{DBUtils.java[DBUtils~updateData_aiLength~QActivity;~QString;~J~I" StructureKind="java" NumEvents="5" CreationCount="981"/><InteractionEvent Delta="null" EndDate="2014-09-08 22:20:51.578 JST" Interest="1656.0" Kind="propagation" Navigation="null" OriginId="org.eclipse.mylyn.resources.ui.interest.updater" StartDate="2014-09-08 21:13:11.991 JST" StructureHandle="/TA2" StructureKind="resource" NumEvents="1656" CreationCount="3"/><InteractionEvent Delta="null" EndDate="2014-09-08 21:15:23.746 JST" Interest="1.0" Kind="edit" Navigation="null" OriginId="org.eclipse.jdt.ui.CompilationUnitEditor" StartDate="2014-09-08 21:15:23.746 JST" StructureHandle="=TA2/src&amp;lt;ta2.utils{CONS.java[CONS[MemoActv^adp_WPList_1" StructureKind="java"/><InteractionEvent Delta="null" EndDate="2014-09-08 21:15:23.727 JST" Interest="1.0" Kind="selection" Navigation="null" OriginId="org.eclipse.jdt.ui.CompilationUnitEditor" StartDate="2014-09-08 21:15:23.727 JST" StructureHandle="=TA2/src&amp;lt;ta2.utils{CONS.java[CONS[MemoActv^adp_WPList_1" StructureKind="java"/><InteractionEvent Delta="null" EndDate="2014-09-08 21:43:17.87 JST" Interest="1.0" Kind="selection" Navigation="null" OriginId="org.eclipse.ui.views.ResourceNavigator" StartDate="2014-09-08 21:43:17.87 JST" StructureHandle="=IFM11/src&amp;lt;ifm11" StructureKind="java"/><InteractionEvent Delta="null" EndDate="2014-09-08 21:43:21.350 JST" Interest="1.0" Kind="selection" Navigation="null" OriginId="org.eclipse.ui.views.ContentOutline" StartDate="2014-09-08 21:43:21.350 JST" StructureHandle="=IFM11/src&amp;lt;ifm11.utils{DBUtils.java%ifm11.utils" StructureKind="java"/><InteractionEvent Delta="null" EndDate="2014-09-08 21:27:04.282 JST" Interest="1.0" Kind="edit" Navigation="null" OriginId="org.eclipse.jdt.ui.CompilationUnitEditor" StartDate="2014-09-08 21:27:04.282 JST" StructureHandle="=TA2/src&amp;lt;ta2.utils{Methods_dlg.java[Methods_dlg~conf_Delete_Memo~QActivity;~QDialog;~QMemo;" StructureKind="java"/><InteractionEvent Delta="null" EndDate="2014-09-08 21:27:04.270 JST" Interest="2.0" Kind="selection" Navigation="null" OriginId="org.eclipse.jdt.ui.CompilationUnitEditor" StartDate="2014-09-08 21:26:21.481 JST" StructureHandle="=TA2/src&amp;lt;ta2.utils{Methods_dlg.java[Methods_dlg~conf_Delete_Memo~QActivity;~QDialog;~QMemo;" StructureKind="java" NumEvents="2" CreationCount="592"/><InteractionEvent Delta="null" EndDate="2014-09-08 21:24:10.53 JST" Interest="115.0" Kind="edit" Navigation="null" OriginId="org.eclipse.jdt.ui.CompilationUnitEditor" StartDate="2014-09-08 21:20:40.670 JST" StructureHandle="=TA2/src&amp;lt;ta2.utils{DBUtils.java[DBUtils~find_Memo_From_Id~QActivity;~J" StructureKind="java" NumEvents="115" CreationCount="356"/><InteractionEvent Delta="null" EndDate="2014-09-08 21:42:44.635 JST" Interest="7.0" Kind="selection" Navigation="null" OriginId="org.eclipse.ui.views.ContentOutline" StartDate="2014-09-08 21:20:40.140 JST" StructureHandle="=TA2/src&amp;lt;ta2.utils{DBUtils.java[DBUtils~find_Memo_From_Id~QActivity;~J" StructureKind="java" NumEvents="7" CreationCount="356"/><InteractionEvent Delta="null" EndDate="2014-09-08 21:41:36.903 JST" Interest="4.0" Kind="edit" Navigation="null" OriginId="org.eclipse.jdt.ui.CompilationUnitEditor" StartDate="2014-09-08 21:41:12.268 JST" StructureHandle="=TA2/src&amp;lt;ta2.listeners.button{BO_CL.java[BO_CL~case_ACTV_MEMO_EDIT_BACK" StructureKind="java" NumEvents="4" CreationCount="949"/><InteractionEvent Delta="null" EndDate="2014-09-08 21:59:59.670 JST" Interest="6.0" Kind="selection" Navigation="null" OriginId="org.eclipse.jdt.ui.CompilationUnitEditor" StartDate="2014-09-08 21:41:11.346 JST" StructureHandle="=TA2/src&amp;lt;ta2.listeners.button{BO_CL.java[BO_CL~case_ACTV_MEMO_EDIT_BACK" StructureKind="java" NumEvents="6" CreationCount="949"/><InteractionEvent Delta="null" EndDate="2014-09-08 22:20:51.576 JST" Interest="1.0" Kind="prediction" Navigation="null" OriginId="org.eclipse.mylyn.resources.ui.interest.updater" StartDate="2014-09-08 22:20:51.576 JST" StructureHandle="=TA2/src&amp;lt;ta2.listeners.dialog{DOI_CL.java" StructureKind="java"/><InteractionEvent Delta="null" EndDate="2014-09-08 21:28:20.576 JST" Interest="12.967999" Kind="propagation" Navigation="org.eclipse.mylyn.core.model.edges.containment" OriginId="org.eclipse.mylyn.core.model.interest.propagation" StartDate="2014-09-08 21:27:17.395 JST" StructureHandle="=TA2/src&amp;lt;ta2.listeners.dialog{DOI_CL.java" StructureKind="java" NumEvents="22" CreationCount="612"/><InteractionEvent Delta="null" EndDate="2014-09-08 21:40:42.887 JST" Interest="3.0" Kind="selection" Navigation="null" OriginId="org.eclipse.jdt.ui.CompilationUnitEditor" StartDate="2014-09-08 21:27:16.626 JST" StructureHandle="=TA2/src&amp;lt;ta2.listeners.dialog{DOI_CL.java" StructureKind="java" NumEvents="3" CreationCount="612"/><InteractionEvent Delta="null" EndDate="2014-09-08 22:20:04.978 JST" Interest="224.0" Kind="propagation" Navigation="null" OriginId="org.eclipse.jdt.ui.CompilationUnitEditor" StartDate="2014-09-08 21:40:24.290 JST" StructureHandle="/TA2/src/ta2/listeners/button/BO_CL.java" StructureKind="resource" NumEvents="224" CreationCount="913"/><InteractionEvent Delta="null" EndDate="2014-09-08 22:09:44.246 JST" Interest="201.26001" Kind="propagation" Navigation="org.eclipse.mylyn.core.model.edges.containment" OriginId="org.eclipse.mylyn.core.model.interest.propagation" StartDate="2014-09-08 21:13:23.422 JST" StructureHandle="=TA2/src" StructureKind="java" NumEvents="306" CreationCount="4"/><InteractionEvent Delta="null" EndDate="2014-09-08 21:13:16.97 JST" Interest="1.0" Kind="selection" Navigation="null" OriginId="org.eclipse.jdt.ui.PackageExplorer" StartDate="2014-09-08 21:13:16.97 JST" StructureHandle="=TA2/src" StructureKind="java"/><InteractionEvent Delta="null" EndDate="2014-09-08 22:14:29.238 JST" Interest="2.0" Kind="edit" Navigation="null" OriginId="org.eclipse.jdt.ui.CompilationUnitEditor" StartDate="2014-09-08 22:04:05.76 JST" StructureHandle="=TA2/src&amp;lt;ta2.utils{Methods.java[Methods" StructureKind="java" NumEvents="2" CreationCount="637"/><InteractionEvent Delta="null" EndDate="2014-09-08 22:14:29.235 JST" Interest="4.0" Kind="selection" Navigation="null" OriginId="org.eclipse.jdt.ui.CompilationUnitEditor" StartDate="2014-09-08 21:30:57.268 JST" StructureHandle="=TA2/src&amp;lt;ta2.utils{Methods.java[Methods" StructureKind="java" NumEvents="4" CreationCount="637"/><InteractionEvent Delta="null" EndDate="2014-09-08 22:14:16.118 JST" Interest="121.84499" Kind="propagation" Navigation="org.eclipse.mylyn.core.model.edges.containment" OriginId="org.eclipse.mylyn.core.model.interest.propagation" StartDate="2014-09-08 21:28:24.119 JST" StructureHandle="=TA2/src&amp;lt;ta2.utils{Methods.java[Methods" StructureKind="java" NumEvents="167" CreationCount="637"/><InteractionEvent Delta="null" EndDate="2014-09-08 22:20:51.578 JST" Interest="1638.0509" Kind="propagation" Navigation="org.eclipse.mylyn.core.model.edges.containment" OriginId="org.eclipse.mylyn.core.model.interest.propagation" StartDate="2014-09-08 21:13:16.98 JST" StructureHandle="=TA2" StructureKind="resource" NumEvents="1645" CreationCount="3"/><InteractionEvent Delta="null" EndDate="2014-09-08 22:20:49.316 JST" Interest="3.0" Kind="selection" Navigation="null" OriginId="org.eclipse.jdt.ui.PackageExplorer" StartDate="2014-09-08 21:13:11.991 JST" StructureHandle="=TA2" StructureKind="java" NumEvents="3" CreationCount="3"/></InteractionHistory>