<?xml version="1.0" encoding="UTF-8"?><InteractionHistory Id="local-185" Version="1"><InteractionEvent Delta="null" EndDate="2014-11-02 12:15:21.640 JST" Interest="819.068" Kind="propagation" Navigation="org.eclipse.mylyn.core.model.edges.containment" OriginId="org.eclipse.mylyn.core.model.interest.propagation" StartDate="2014-11-02 11:25:02.137 JST" StructureHandle="" StructureKind="java" NumEvents="823" CreationCount="15"/><InteractionEvent Delta="null" EndDate="2014-11-02 12:13:47.624 JST" Interest="17.6" Kind="propagation" Navigation="org.eclipse.mylyn.core.model.edges.containment" OriginId="org.eclipse.mylyn.core.model.interest.propagation" StartDate="2014-11-02 11:23:43.434 JST" StructureHandle="=Android_Labs/src&amp;lt;labs.main" StructureKind="java" NumEvents="18" CreationCount="1"/><InteractionEvent Delta="null" EndDate="2014-11-02 12:13:47.859 JST" Interest="22.0" Kind="propagation" Navigation="org.eclipse.mylyn.core.model.edges.containment" OriginId="org.eclipse.mylyn.core.model.interest.propagation" StartDate="2014-11-02 11:23:43.433 JST" StructureHandle="/Android_Labs/src/labs/main" StructureKind="resource" NumEvents="22" CreationCount="1"/><InteractionEvent Delta="null" EndDate="2014-11-02 11:34:32.419 JST" Interest="1.0" Kind="selection" Navigation="null" OriginId="org.eclipse.jdt.ui.CompilationUnitEditor" StartDate="2014-11-02 11:34:32.419 JST" StructureHandle="=IFM11/src&amp;lt;ifm11.utils{CONS.java[CONS[DB^col_names_IFM11" StructureKind="java"/><InteractionEvent Delta="null" EndDate="2014-11-02 12:15:21.639 JST" Interest="18.0" Kind="selection" Navigation="null" OriginId="org.eclipse.jdt.ui.PackageExplorer" StartDate="2014-11-02 11:27:59.913 JST" StructureHandle="=IFM11/src&amp;lt;ifm11.comps{Comp_TI.java" StructureKind="java" NumEvents="18" CreationCount="77"/><InteractionEvent Delta="null" EndDate="2014-11-02 12:13:45.951 JST" Interest="115.510994" Kind="propagation" Navigation="org.eclipse.mylyn.core.model.edges.containment" OriginId="org.eclipse.mylyn.core.model.interest.propagation" StartDate="2014-11-02 11:37:22.570 JST" StructureHandle="=IFM11/src&amp;lt;ifm11.comps{Comp_TI.java" StructureKind="java" NumEvents="166" CreationCount="77"/><InteractionEvent Delta="null" EndDate="2014-11-02 12:15:21.639 JST" Interest="225.01701" Kind="propagation" Navigation="org.eclipse.mylyn.core.model.edges.containment" OriginId="org.eclipse.mylyn.core.model.interest.propagation" StartDate="2014-11-02 11:27:57.751 JST" StructureHandle="/IFM11/src/ifm11/comps" StructureKind="resource" NumEvents="226" CreationCount="76"/><InteractionEvent Delta="null" EndDate="2014-11-02 12:15:21.752 JST" Interest="4.4160004" Kind="manipulation" Navigation="null" OriginId="org.eclipse.mylyn.core.model.interest.decay.correction" StartDate="2014-11-02 12:15:21.752 JST" StructureHandle="/Android_Labs/src/labs/data" StructureKind="resource"/><InteractionEvent Delta="null" EndDate="2014-11-02 12:15:21.752 JST" Interest="11.0" Kind="propagation" Navigation="null" OriginId="org.eclipse.jdt.ui.PackageExplorer" StartDate="2014-11-02 11:24:58.942 JST" StructureHandle="/Android_Labs/src/labs/data" StructureKind="resource" NumEvents="11" CreationCount="10"/><InteractionEvent Delta="null" EndDate="2014-11-02 12:12:21.916 JST" Interest="3.7920008" Kind="manipulation" Navigation="null" OriginId="org.eclipse.mylyn.core.model.interest.decay.correction" StartDate="2014-11-02 12:12:21.916 JST" StructureHandle="/IFM11/src/ifm11/utils/CONS.java" StructureKind="resource"/><InteractionEvent Delta="null" EndDate="2014-11-02 12:12:50.903 JST" Interest="14.0" Kind="propagation" Navigation="null" OriginId="org.eclipse.jdt.ui.CompilationUnitEditor" StartDate="2014-11-02 11:34:30.567 JST" StructureHandle="/IFM11/src/ifm11/utils/CONS.java" StructureKind="resource" NumEvents="14" CreationCount="213"/><InteractionEvent Delta="null" EndDate="2014-11-02 12:12:29.114 JST" Interest="26.0" Kind="propagation" Navigation="null" OriginId="org.eclipse.jdt.ui.CompilationUnitEditor" StartDate="2014-11-02 11:32:54.514 JST" StructureHandle="/IFM11/src/ifm11/utils/DBUtils.java" StructureKind="resource" NumEvents="26" CreationCount="174"/><InteractionEvent Delta="null" EndDate="2014-11-02 12:12:50.902 JST" Interest="14.575001" Kind="propagation" Navigation="org.eclipse.mylyn.core.model.edges.containment" OriginId="org.eclipse.mylyn.core.model.interest.propagation" StartDate="2014-11-02 11:34:31.270 JST" StructureHandle="=IFM11/src&amp;lt;ifm11.utils{CONS.java[CONS[DB" StructureKind="java" NumEvents="10" CreationCount="214"/><InteractionEvent Delta="null" EndDate="2014-11-02 12:12:28.904 JST" Interest="3.0" Kind="selection" Navigation="null" OriginId="org.eclipse.jdt.ui.CompilationUnitEditor" StartDate="2014-11-02 11:32:54.513 JST" StructureHandle="=IFM11/src&amp;lt;ifm11.utils{DBUtils.java" StructureKind="java" NumEvents="3" CreationCount="174"/><InteractionEvent Delta="null" EndDate="2014-11-02 11:34:04.423 JST" Interest="8.8359995" Kind="propagation" Navigation="org.eclipse.mylyn.core.model.edges.containment" OriginId="org.eclipse.mylyn.core.model.interest.propagation" StartDate="2014-11-02 11:32:55.224 JST" StructureHandle="=IFM11/src&amp;lt;ifm11.utils{DBUtils.java" StructureKind="java" NumEvents="13" CreationCount="174"/><InteractionEvent Delta="null" EndDate="2014-11-02 12:13:47.859 JST" Interest="22.0" Kind="propagation" Navigation="org.eclipse.mylyn.core.model.edges.containment" OriginId="org.eclipse.mylyn.core.model.interest.propagation" StartDate="2014-11-02 11:23:43.433 JST" StructureHandle="/Android_Labs/src/labs" StructureKind="resource" NumEvents="22" CreationCount="1"/><InteractionEvent Delta="null" EndDate="2014-11-02 12:13:48.898 JST" Interest="18.0" Kind="selection" Navigation="null" OriginId="org.eclipse.jdt.ui.CompilationUnitEditor" StartDate="2014-11-02 11:25:11.85 JST" StructureHandle="=IFM11/src&amp;lt;ifm11.main{MainActv.java[MainActv~_do_debug__Create_ImageFileList" StructureKind="java" NumEvents="18" CreationCount="21"/><InteractionEvent Delta="null" EndDate="2014-11-02 12:13:52.389 JST" Interest="387.0" Kind="edit" Navigation="null" OriginId="org.eclipse.jdt.ui.CompilationUnitEditor" StartDate="2014-11-02 11:25:12.564 JST" StructureHandle="=IFM11/src&amp;lt;ifm11.main{MainActv.java[MainActv~_do_debug__Create_ImageFileList" StructureKind="java" NumEvents="387" CreationCount="21"/><InteractionEvent Delta="null" EndDate="2014-11-02 11:46:32.762 JST" Interest="2.0" Kind="selection" Navigation="null" OriginId="org.eclipse.jdt.ui.CompilationUnitEditor" StartDate="2014-11-02 11:46:16.582 JST" StructureHandle="=IFM11/src&amp;lt;ifm11.utils{Methods.java[Methods" StructureKind="java" NumEvents="2" CreationCount="84"/><InteractionEvent Delta="null" EndDate="2014-11-02 11:46:34.689 JST" Interest="2.0" Kind="edit" Navigation="null" OriginId="org.eclipse.jdt.ui.CompilationUnitEditor" StartDate="2014-11-02 11:46:17.546 JST" StructureHandle="=IFM11/src&amp;lt;ifm11.utils{Methods.java[Methods" StructureKind="java" NumEvents="2" CreationCount="84"/><InteractionEvent Delta="null" EndDate="2014-11-02 12:10:15.175 JST" Interest="34.969997" Kind="propagation" Navigation="org.eclipse.mylyn.core.model.edges.containment" OriginId="org.eclipse.mylyn.core.model.interest.propagation" StartDate="2014-11-02 11:28:20.600 JST" StructureHandle="=IFM11/src&amp;lt;ifm11.utils{Methods.java[Methods" StructureKind="java" NumEvents="48" CreationCount="84"/><InteractionEvent Delta="null" EndDate="2014-11-02 12:15:26.295 JST" Interest="1.0" Kind="selection" Navigation="null" OriginId="org.eclipse.jdt.ui.PackageExplorer" StartDate="2014-11-02 12:15:26.295 JST" StructureHandle="/Android_Labs/data/TIs_List_20141102_121406.txt" StructureKind="resource"/><InteractionEvent Delta="null" EndDate="2014-11-02 12:15:25.53 JST" Interest="1.0" Kind="propagation" Navigation="null" OriginId="org.eclipse.mylyn.resources.ui.interest.updater" StartDate="2014-11-02 12:15:25.53 JST" StructureHandle="/Android_Labs/data/TIs_List_20141102_121406.txt" StructureKind="resource"/><InteractionEvent Delta="null" EndDate="2014-11-02 12:12:50.903 JST" Interest="14.575001" Kind="propagation" Navigation="org.eclipse.mylyn.core.model.edges.containment" OriginId="org.eclipse.mylyn.core.model.interest.propagation" StartDate="2014-11-02 11:34:31.270 JST" StructureHandle="=IFM11/src&amp;lt;ifm11.utils{CONS.java[CONS" StructureKind="java" NumEvents="10" CreationCount="214"/><InteractionEvent Delta="null" EndDate="2014-11-02 11:25:08.882 JST" Interest="1.0" Kind="selection" Navigation="null" OriginId="org.eclipse.jdt.ui.PackageExplorer" StartDate="2014-11-02 11:25:08.882 JST" StructureHandle="=IFM11/src&amp;lt;ifm11.main" StructureKind="java"/><InteractionEvent Delta="null" EndDate="2014-11-02 12:13:52.390 JST" Interest="287.951" Kind="propagation" Navigation="org.eclipse.mylyn.core.model.edges.containment" OriginId="org.eclipse.mylyn.core.model.interest.propagation" StartDate="2014-11-02 11:25:10.807 JST" StructureHandle="=IFM11/src&amp;lt;ifm11.main" StructureKind="java" NumEvents="414" CreationCount="18"/><InteractionEvent Delta="null" EndDate="2014-11-02 12:13:58.723 JST" Interest="12.0" Kind="propagation" Navigation="org.eclipse.mylyn.core.model.edges.containment" OriginId="org.eclipse.mylyn.core.model.interest.propagation" StartDate="2014-11-02 11:31:13.176 JST" StructureHandle="/IFM11/bin" StructureKind="resource" NumEvents="10" CreationCount="164"/><InteractionEvent Delta="null" EndDate="2014-11-02 12:12:52.261 JST" Interest="146.017" Kind="propagation" Navigation="null" OriginId="org.eclipse.jdt.ui.CompilationUnitEditor" StartDate="2014-11-02 11:28:16.123 JST" StructureHandle="/IFM11/src/ifm11/utils" StructureKind="resource" NumEvents="147" CreationCount="80"/><InteractionEvent Delta="null" EndDate="2014-11-02 12:13:48.671 JST" Interest="17.0" Kind="selection" Navigation="null" OriginId="org.eclipse.jdt.ui.CompilationUnitEditor" StartDate="2014-11-02 11:25:10.806 JST" StructureHandle="=IFM11/src&amp;lt;ifm11.main{MainActv.java" StructureKind="java" NumEvents="17" CreationCount="19"/><InteractionEvent Delta="null" EndDate="2014-11-02 12:13:52.390 JST" Interest="271.934" Kind="propagation" Navigation="org.eclipse.mylyn.core.model.edges.containment" OriginId="org.eclipse.mylyn.core.model.interest.propagation" StartDate="2014-11-02 11:25:17.140 JST" StructureHandle="=IFM11/src&amp;lt;ifm11.main{MainActv.java" StructureKind="java" NumEvents="394" CreationCount="19"/><InteractionEvent Delta="null" EndDate="2014-11-02 12:08:25.29 JST" Interest="3.0" Kind="selection" Navigation="null" OriginId="org.eclipse.jdt.ui.CompilationUnitEditor" StartDate="2014-11-02 11:46:18.532 JST" StructureHandle="=IFM11/src&amp;lt;ifm11.utils{Methods.java[Methods~sort_List_TI_V2~QList\&amp;lt;QTI;&amp;gt;;~QCONS.Enums.SortType;~QCONS.Enums.SortOrder;" StructureKind="java" NumEvents="3" CreationCount="394"/><InteractionEvent Delta="null" EndDate="2014-11-02 12:10:15.174 JST" Interest="43.0" Kind="edit" Navigation="null" OriginId="org.eclipse.jdt.ui.CompilationUnitEditor" StartDate="2014-11-02 11:46:23.561 JST" StructureHandle="=IFM11/src&amp;lt;ifm11.utils{Methods.java[Methods~sort_List_TI_V2~QList\&amp;lt;QTI;&amp;gt;;~QCONS.Enums.SortType;~QCONS.Enums.SortOrder;" StructureKind="java" NumEvents="43" CreationCount="394"/><InteractionEvent Delta="null" EndDate="2014-11-02 12:12:29.493 JST" Interest="13.002001" Kind="propagation" Navigation="org.eclipse.mylyn.core.model.edges.containment" OriginId="org.eclipse.mylyn.core.model.interest.propagation" StartDate="2014-11-02 11:28:40.156 JST" StructureHandle="=IFM11/src&amp;lt;ifm11.main{TNActv.java[TNActv" StructureKind="java" NumEvents="9" CreationCount="91"/><InteractionEvent Delta="null" EndDate="2014-11-02 11:30:58.29 JST" Interest="2.0" Kind="selection" Navigation="null" OriginId="org.eclipse.jdt.ui.CompilationUnitEditor" StartDate="2014-11-02 11:25:17.139 JST" StructureHandle="=IFM11/src&amp;lt;ifm11.main{MainActv.java[MainActv" StructureKind="java" NumEvents="2" CreationCount="21"/><InteractionEvent Delta="null" EndDate="2014-11-02 11:25:18.664 JST" Interest="1.0" Kind="edit" Navigation="null" OriginId="org.eclipse.jdt.ui.CompilationUnitEditor" StartDate="2014-11-02 11:25:18.664 JST" StructureHandle="=IFM11/src&amp;lt;ifm11.main{MainActv.java[MainActv" StructureKind="java"/><InteractionEvent Delta="null" EndDate="2014-11-02 12:13:52.390 JST" Interest="286.19998" Kind="propagation" Navigation="org.eclipse.mylyn.core.model.edges.containment" OriginId="org.eclipse.mylyn.core.model.interest.propagation" StartDate="2014-11-02 11:25:11.85 JST" StructureHandle="=IFM11/src&amp;lt;ifm11.main{MainActv.java[MainActv" StructureKind="java" NumEvents="403" CreationCount="21"/><InteractionEvent Delta="null" EndDate="2014-11-02 12:12:29.234 JST" Interest="1.019001" Kind="manipulation" Navigation="null" OriginId="org.eclipse.mylyn.core.model.interest.decay.correction" StartDate="2014-11-02 12:12:29.234 JST" StructureHandle="/IFM11/src/ifm11/main/TNActv.java" StructureKind="resource"/><InteractionEvent Delta="null" EndDate="2014-11-02 12:12:29.493 JST" Interest="13.0" Kind="propagation" Navigation="null" OriginId="org.eclipse.jdt.ui.CompilationUnitEditor" StartDate="2014-11-02 11:28:37.537 JST" StructureHandle="/IFM11/src/ifm11/main/TNActv.java" StructureKind="resource" NumEvents="13" CreationCount="90"/><InteractionEvent Delta="null" EndDate="2014-11-02 12:15:21.639 JST" Interest="225.0" Kind="propagation" Navigation="null" OriginId="org.eclipse.jdt.ui.PackageExplorer" StartDate="2014-11-02 11:27:59.913 JST" StructureHandle="/IFM11/src/ifm11/comps/Comp_TI.java" StructureKind="resource" NumEvents="225" CreationCount="77"/><InteractionEvent Delta="null" EndDate="2014-11-02 12:12:29.114 JST" Interest="5.0" Kind="selection" Navigation="null" OriginId="org.eclipse.jdt.ui.CompilationUnitEditor" StartDate="2014-11-02 11:33:20.772 JST" StructureHandle="=IFM11/src&amp;lt;ifm11.utils{DBUtils.java[DBUtils" StructureKind="java" NumEvents="5" CreationCount="175"/><InteractionEvent Delta="null" EndDate="2014-11-02 11:34:02.474 JST" Interest="6.8189993" Kind="propagation" Navigation="org.eclipse.mylyn.core.model.edges.containment" OriginId="org.eclipse.mylyn.core.model.interest.propagation" StartDate="2014-11-02 11:32:55.223 JST" StructureHandle="=IFM11/src&amp;lt;ifm11.utils{DBUtils.java[DBUtils" StructureKind="java" NumEvents="10" CreationCount="175"/><InteractionEvent Delta="null" EndDate="2014-11-02 11:27:56.889 JST" Interest="1.0" Kind="propagation" Navigation="org.eclipse.mylyn.core.model.edges.containment" OriginId="org.eclipse.mylyn.core.model.interest.propagation" StartDate="2014-11-02 11:27:56.889 JST" StructureHandle="/IFM11/src/ifm11/listeners" StructureKind="resource"/><InteractionEvent Delta="null" EndDate="2014-11-02 12:15:21.752 JST" Interest="33.0" Kind="propagation" Navigation="null" OriginId="org.eclipse.jdt.ui.PackageExplorer" StartDate="2014-11-02 11:23:43.433 JST" StructureHandle="/Android_Labs/src" StructureKind="resource" NumEvents="33" CreationCount="1"/><InteractionEvent Delta="null" EndDate="2014-11-02 11:25:03.482 JST" Interest="1.0" Kind="selection" Navigation="null" OriginId="org.eclipse.jdt.ui.PackageExplorer" StartDate="2014-11-02 11:25:03.482 JST" StructureHandle="=IFM11" StructureKind="java"/><InteractionEvent Delta="null" EndDate="2014-11-02 12:15:21.639 JST" Interest="818.05096" Kind="propagation" Navigation="org.eclipse.mylyn.core.model.edges.containment" OriginId="org.eclipse.mylyn.core.model.interest.propagation" StartDate="2014-11-02 11:25:06.412 JST" StructureHandle="=IFM11" StructureKind="resource" NumEvents="822" CreationCount="16"/><InteractionEvent Delta="null" EndDate="2014-11-02 11:28:37.187 JST" Interest="3.0" Kind="selection" Navigation="null" OriginId="org.eclipse.search.ui.views.SearchView" StartDate="2014-11-02 11:28:16.122 JST" StructureHandle="=IFM11/src&amp;lt;ifm11.utils" StructureKind="java" NumEvents="3" CreationCount="80"/><InteractionEvent Delta="null" EndDate="2014-11-02 12:12:52.261 JST" Interest="38.438" Kind="propagation" Navigation="org.eclipse.mylyn.core.model.edges.containment" OriginId="org.eclipse.mylyn.core.model.interest.propagation" StartDate="2014-11-02 11:28:17.725 JST" StructureHandle="=IFM11/src&amp;lt;ifm11.utils" StructureKind="java" NumEvents="59" CreationCount="80"/><InteractionEvent Delta="null" EndDate="2014-11-02 12:15:21.640 JST" Interest="857.0" Kind="propagation" Navigation="null" OriginId="org.eclipse.jdt.ui.PackageExplorer" StartDate="2014-11-02 11:23:43.433 JST" StructureHandle="/" StructureKind="resource" NumEvents="857" CreationCount="1"/><InteractionEvent Delta="null" EndDate="2014-11-02 11:27:56.888 JST" Interest="1.0" Kind="selection" Navigation="null" OriginId="org.eclipse.jdt.ui.PackageExplorer" StartDate="2014-11-02 11:27:56.888 JST" StructureHandle="=IFM11/src&amp;lt;ifm11.listeners.dialog" StructureKind="java"/><InteractionEvent Delta="null" EndDate="2014-11-02 11:33:24.235 JST" Interest="2.0" Kind="selection" Navigation="null" OriginId="org.eclipse.jdt.ui.CompilationUnitEditor" StartDate="2014-11-02 11:32:55.223 JST" StructureHandle="=IFM11/src&amp;lt;ifm11.utils{DBUtils.java[DBUtils~find_All_TI~QActivity;~QString;" StructureKind="java" NumEvents="2" CreationCount="175"/><InteractionEvent Delta="null" EndDate="2014-11-02 11:33:03.289 JST" Interest="3.0" Kind="edit" Navigation="null" OriginId="org.eclipse.jdt.ui.CompilationUnitEditor" StartDate="2014-11-02 11:32:55.965 JST" StructureHandle="=IFM11/src&amp;lt;ifm11.utils{DBUtils.java[DBUtils~find_All_TI~QActivity;~QString;" StructureKind="java" NumEvents="3" CreationCount="175"/><InteractionEvent Delta="null" EndDate="2014-11-02 12:12:50.902 JST" Interest="4.0" Kind="selection" Navigation="null" OriginId="org.eclipse.jdt.ui.CompilationUnitEditor" StartDate="2014-11-02 11:34:36.195 JST" StructureHandle="=IFM11/src&amp;lt;ifm11.utils{CONS.java[CONS[DB^col_names_IFM11_full" StructureKind="java" NumEvents="4" CreationCount="216"/><InteractionEvent Delta="null" EndDate="2014-11-02 12:12:21.989 JST" Interest="7.741" Kind="manipulation" Navigation="null" OriginId="org.eclipse.mylyn.core.model.interest.decay.correction" StartDate="2014-11-02 12:12:21.989 JST" StructureHandle="=IFM11/src&amp;lt;ifm11.utils{CONS.java[CONS[DB^col_names_IFM11_full" StructureKind="java"/><InteractionEvent Delta="null" EndDate="2014-11-02 12:12:27.420 JST" Interest="4.0" Kind="edit" Navigation="null" OriginId="org.eclipse.jdt.ui.CompilationUnitEditor" StartDate="2014-11-02 12:12:24.567 JST" StructureHandle="=IFM11/src&amp;lt;ifm11.utils{CONS.java[CONS[DB^col_names_IFM11_full" StructureKind="java" NumEvents="4" CreationCount="216"/><InteractionEvent Delta="null" EndDate="2014-11-02 12:12:52.260 JST" Interest="13.0" Kind="selection" Navigation="null" OriginId="org.eclipse.jdt.ui.CompilationUnitEditor" StartDate="2014-11-02 11:28:17.724 JST" StructureHandle="=IFM11/src&amp;lt;ifm11.utils{Methods.java" StructureKind="java" NumEvents="13" CreationCount="81"/><InteractionEvent Delta="null" EndDate="2014-11-02 12:10:31.376 JST" Interest="28.421" Kind="propagation" Navigation="org.eclipse.mylyn.core.model.edges.containment" OriginId="org.eclipse.mylyn.core.model.interest.propagation" StartDate="2014-11-02 11:43:32.430 JST" StructureHandle="=IFM11/src&amp;lt;ifm11.utils{Methods.java" StructureKind="java" NumEvents="44" CreationCount="81"/><InteractionEvent Delta="null" EndDate="2014-11-02 11:27:56.889 JST" Interest="1.0" Kind="propagation" Navigation="null" OriginId="org.eclipse.jdt.ui.PackageExplorer" StartDate="2014-11-02 11:27:56.889 JST" StructureHandle="/IFM11/src/ifm11/listeners/dialog" StructureKind="resource"/><InteractionEvent Delta="null" EndDate="2014-11-02 12:12:50.661 JST" Interest="4.0" Kind="selection" Navigation="null" OriginId="org.eclipse.jdt.ui.CompilationUnitEditor" StartDate="2014-11-02 11:34:30.567 JST" StructureHandle="=IFM11/src&amp;lt;ifm11.utils{CONS.java" StructureKind="java" NumEvents="4" CreationCount="213"/><InteractionEvent Delta="null" EndDate="2014-11-02 12:12:21.915 JST" Interest="7.7240005" Kind="manipulation" Navigation="null" OriginId="org.eclipse.mylyn.core.model.interest.decay.correction" StartDate="2014-11-02 12:12:21.915 JST" StructureHandle="=IFM11/src&amp;lt;ifm11.utils{CONS.java" StructureKind="java"/><InteractionEvent Delta="null" EndDate="2014-11-02 12:12:27.422 JST" Interest="2.868" Kind="propagation" Navigation="org.eclipse.mylyn.core.model.edges.containment" OriginId="org.eclipse.mylyn.core.model.interest.propagation" StartDate="2014-11-02 11:34:31.270 JST" StructureHandle="=IFM11/src&amp;lt;ifm11.utils{CONS.java" StructureKind="java" NumEvents="9" CreationCount="213"/><InteractionEvent Delta="null" EndDate="2014-11-02 11:25:02.137 JST" Interest="1.0" Kind="propagation" Navigation="null" OriginId="org.eclipse.jdt.ui.PackageExplorer" StartDate="2014-11-02 11:25:02.137 JST" StructureHandle="/app.twitter" StructureKind="resource"/><InteractionEvent Delta="null" EndDate="2014-11-02 11:31:00.182 JST" Interest="2.0" Kind="selection" Navigation="null" OriginId="org.eclipse.jdt.ui.CompilationUnitEditor" StartDate="2014-11-02 11:25:20.289 JST" StructureHandle="=IFM11/src&amp;lt;ifm11.main{MainActv.java[MainActv~onCreate~QBundle;" StructureKind="java" NumEvents="2" CreationCount="25"/><InteractionEvent Delta="null" EndDate="2014-11-02 11:31:00.182 JST" Interest="1.3460002" Kind="manipulation" Navigation="null" OriginId="org.eclipse.mylyn.core.model.interest.decay.correction" StartDate="2014-11-02 11:31:00.182 JST" StructureHandle="=IFM11/src&amp;lt;ifm11.main{MainActv.java[MainActv~onCreate~QBundle;" StructureKind="java"/><InteractionEvent Delta="null" EndDate="2014-11-02 12:15:21.640 JST" Interest="843.0" Kind="propagation" Navigation="null" OriginId="org.eclipse.jdt.ui.PackageExplorer" StartDate="2014-11-02 11:25:03.482 JST" StructureHandle="/IFM11" StructureKind="resource" NumEvents="843" CreationCount="16"/><InteractionEvent Delta="null" EndDate="2014-11-02 12:12:29.234 JST" Interest="4.0" Kind="selection" Navigation="null" OriginId="org.eclipse.jdt.ui.CompilationUnitEditor" StartDate="2014-11-02 11:28:37.536 JST" StructureHandle="=IFM11/src&amp;lt;ifm11.main{TNActv.java" StructureKind="java" NumEvents="4" CreationCount="90"/><InteractionEvent Delta="null" EndDate="2014-11-02 12:12:29.234 JST" Interest="5.1850004" Kind="manipulation" Navigation="null" OriginId="org.eclipse.mylyn.core.model.interest.decay.correction" StartDate="2014-11-02 12:12:29.234 JST" StructureHandle="=IFM11/src&amp;lt;ifm11.main{TNActv.java" StructureKind="java"/><InteractionEvent Delta="null" EndDate="2014-11-02 12:12:29.493 JST" Interest="3.8339996" Kind="propagation" Navigation="org.eclipse.mylyn.core.model.edges.containment" OriginId="org.eclipse.mylyn.core.model.interest.propagation" StartDate="2014-11-02 11:28:40.156 JST" StructureHandle="=IFM11/src&amp;lt;ifm11.main{TNActv.java" StructureKind="java" NumEvents="7" CreationCount="90"/><InteractionEvent Delta="null" EndDate="2014-11-02 11:31:23.865 JST" Interest="2.0" Kind="selection" Navigation="null" OriginId="org.eclipse.jdt.ui.CompilationUnitEditor" StartDate="2014-11-02 11:25:21.817 JST" StructureHandle="=IFM11/src&amp;lt;ifm11.main{MainActv.java[MainActv~do_debug" StructureKind="java" NumEvents="2" CreationCount="26"/><InteractionEvent Delta="null" EndDate="2014-11-02 11:31:23.865 JST" Interest="1.3460002" Kind="manipulation" Navigation="null" OriginId="org.eclipse.mylyn.core.model.interest.decay.correction" StartDate="2014-11-02 11:31:23.865 JST" StructureHandle="=IFM11/src&amp;lt;ifm11.main{MainActv.java[MainActv~do_debug" StructureKind="java"/><InteractionEvent Delta="null" EndDate="2014-11-02 11:32:29.759 JST" Interest="3.0" Kind="edit" Navigation="null" OriginId="org.eclipse.jdt.ui.CompilationUnitEditor" StartDate="2014-11-02 11:31:32.598 JST" StructureHandle="=IFM11/src&amp;lt;ifm11.main{MainActv.java[MainActv~do_debug" StructureKind="java" NumEvents="3" CreationCount="26"/><InteractionEvent Delta="null" EndDate="2014-11-02 12:13:58.723 JST" Interest="12.0" Kind="prediction" Navigation="null" OriginId="org.eclipse.mylyn.resources.ui.interest.updater" StartDate="2014-11-02 11:31:13.175 JST" StructureHandle="/IFM11/bin/IFM11.apk" StructureKind="resource" NumEvents="12" CreationCount="164"/><InteractionEvent Delta="null" EndDate="2014-11-02 11:23:43.618 JST" Interest="1.0" Kind="selection" Navigation="null" OriginId="org.eclipse.jdt.ui.CompilationUnitEditor" StartDate="2014-11-02 11:23:43.618 JST" StructureHandle="=Android_Labs/src&amp;lt;labs.main{IFM11.java[IFM11~_test_D_1_Create_SDCard_file_list" StructureKind="java"/><InteractionEvent Delta="null" EndDate="2014-11-02 11:23:43.653 JST" Interest="1.0" Kind="edit" Navigation="null" OriginId="org.eclipse.jdt.ui.CompilationUnitEditor" StartDate="2014-11-02 11:23:43.653 JST" StructureHandle="=Android_Labs/src&amp;lt;labs.main{IFM11.java[IFM11~_test_D_1_Create_SDCard_file_list" StructureKind="java"/><InteractionEvent Delta="null" EndDate="2014-11-02 12:13:58.723 JST" Interest="12.0" Kind="prediction" Navigation="null" OriginId="org.eclipse.mylyn.resources.ui.interest.updater" StartDate="2014-11-02 11:31:13.175 JST" StructureHandle="/IFM11/bin/classes.dex" StructureKind="resource" NumEvents="12" CreationCount="164"/><InteractionEvent Delta="null" EndDate="2014-11-02 11:53:15.145 JST" Interest="2.0" Kind="selection" Navigation="null" OriginId="org.eclipse.jdt.ui.CompilationUnitEditor" StartDate="2014-11-02 11:37:12.449 JST" StructureHandle="=IFM11/src&amp;lt;ifm11.comps{Comp_TI.java[Comp_TI~_compare_FileName~QTI;~QTI;" StructureKind="java" NumEvents="2" CreationCount="259"/><InteractionEvent Delta="null" EndDate="2014-11-02 11:53:15.145 JST" Interest="3.743" Kind="manipulation" Navigation="null" OriginId="org.eclipse.mylyn.core.model.interest.decay.correction" StartDate="2014-11-02 11:53:15.145 JST" StructureHandle="=IFM11/src&amp;lt;ifm11.comps{Comp_TI.java[Comp_TI~_compare_FileName~QTI;~QTI;" StructureKind="java"/><InteractionEvent Delta="null" EndDate="2014-11-02 12:12:01.338 JST" Interest="7.0" Kind="selection" Navigation="null" OriginId="org.eclipse.jdt.ui.CompilationUnitEditor" StartDate="2014-11-02 11:28:20.599 JST" StructureHandle="=IFM11/src&amp;lt;ifm11.utils{Methods.java[Methods~sort_List_TI~QList\&amp;lt;QTI;&amp;gt;;~QCONS.Enums.SortType;~QCONS.Enums.SortOrder;" StructureKind="java" NumEvents="7" CreationCount="84"/><InteractionEvent Delta="null" EndDate="2014-11-02 11:36:48.142 JST" Interest="0.23500013" Kind="manipulation" Navigation="null" OriginId="org.eclipse.mylyn.core.model.interest.decay.correction" StartDate="2014-11-02 11:36:48.142 JST" StructureHandle="=IFM11/src&amp;lt;ifm11.utils{Methods.java[Methods~sort_List_TI~QList\&amp;lt;QTI;&amp;gt;;~QCONS.Enums.SortType;~QCONS.Enums.SortOrder;" StructureKind="java"/><InteractionEvent Delta="null" EndDate="2014-11-02 12:12:03.984 JST" Interest="32.0" Kind="edit" Navigation="null" OriginId="org.eclipse.jdt.ui.CompilationUnitEditor" StartDate="2014-11-02 11:28:21.862 JST" StructureHandle="=IFM11/src&amp;lt;ifm11.utils{Methods.java[Methods~sort_List_TI~QList\&amp;lt;QTI;&amp;gt;;~QCONS.Enums.SortType;~QCONS.Enums.SortOrder;" StructureKind="java" NumEvents="32" CreationCount="84"/><InteractionEvent Delta="null" EndDate="2014-11-02 12:15:21.751 JST" Interest="3.0" Kind="selection" Navigation="null" OriginId="org.eclipse.jdt.ui.PackageExplorer" StartDate="2014-11-02 11:24:59.212 JST" StructureHandle="/Android_Labs/src/labs/data/SDCardFiles_List.txt" StructureKind="resource" NumEvents="3" CreationCount="12"/><InteractionEvent Delta="null" EndDate="2014-11-02 12:15:21.751 JST" Interest="12.365001" Kind="manipulation" Navigation="null" OriginId="org.eclipse.mylyn.core.model.interest.decay.correction" StartDate="2014-11-02 12:15:21.751 JST" StructureHandle="/Android_Labs/src/labs/data/SDCardFiles_List.txt" StructureKind="resource"/><InteractionEvent Delta="null" EndDate="2014-11-02 12:13:47.859 JST" Interest="16.583" Kind="propagation" Navigation="org.eclipse.mylyn.core.model.edges.containment" OriginId="org.eclipse.mylyn.core.model.interest.propagation" StartDate="2014-11-02 11:23:43.618 JST" StructureHandle="=Android_Labs/src&amp;lt;labs.main{IFM11.java[IFM11" StructureKind="java" NumEvents="13" CreationCount="2"/><InteractionEvent Delta="null" EndDate="2014-11-02 12:13:38.544 JST" Interest="16.0" Kind="selection" Navigation="null" OriginId="org.eclipse.jdt.ui.CompilationUnitEditor" StartDate="2014-11-02 11:37:16.601 JST" StructureHandle="=IFM11/src&amp;lt;ifm11.comps{Comp_TI.java[Comp_TI~_compare_CREATED_AT~QTI;~QTI;" StructureKind="java" NumEvents="16" CreationCount="260"/><InteractionEvent Delta="null" EndDate="2014-11-02 12:13:45.950 JST" Interest="162.0" Kind="edit" Navigation="null" OriginId="org.eclipse.jdt.ui.CompilationUnitEditor" StartDate="2014-11-02 11:37:18.703 JST" StructureHandle="=IFM11/src&amp;lt;ifm11.comps{Comp_TI.java[Comp_TI~_compare_CREATED_AT~QTI;~QTI;" StructureKind="java" NumEvents="162" CreationCount="260"/><InteractionEvent Delta="null" EndDate="2014-11-02 11:25:02.137 JST" Interest="1.0" Kind="selection" Navigation="null" OriginId="org.eclipse.jdt.ui.PackageExplorer" StartDate="2014-11-02 11:25:02.137 JST" StructureHandle="=app.twitter" StructureKind="java"/><InteractionEvent Delta="null" EndDate="2014-11-02 12:13:47.858 JST" Interest="5.0" Kind="selection" Navigation="null" OriginId="org.eclipse.jdt.ui.CompilationUnitEditor" StartDate="2014-11-02 11:23:46.781 JST" StructureHandle="=Android_Labs/src&amp;lt;labs.main{IFM11.java[IFM11~main~\[QString;" StructureKind="java" NumEvents="5" CreationCount="4"/><InteractionEvent Delta="null" EndDate="2014-11-02 12:12:31.350 JST" Interest="6.6490006" Kind="manipulation" Navigation="null" OriginId="org.eclipse.mylyn.core.model.interest.decay.correction" StartDate="2014-11-02 12:12:31.350 JST" StructureHandle="=Android_Labs/src&amp;lt;labs.main{IFM11.java[IFM11~main~\[QString;" StructureKind="java"/><InteractionEvent Delta="null" EndDate="2014-11-02 11:34:09.899 JST" Interest="7.0" Kind="edit" Navigation="null" OriginId="org.eclipse.jdt.ui.CompilationUnitEditor" StartDate="2014-11-02 11:24:46.356 JST" StructureHandle="=Android_Labs/src&amp;lt;labs.main{IFM11.java[IFM11~main~\[QString;" StructureKind="java" NumEvents="7" CreationCount="4"/><InteractionEvent Delta="null" EndDate="2014-11-02 12:15:24.130 JST" Interest="2.0" Kind="selection" Navigation="null" OriginId="org.eclipse.jdt.ui.PackageExplorer" StartDate="2014-11-02 11:25:01.24 JST" StructureHandle="/Android_Labs/data" StructureKind="resource" NumEvents="2" CreationCount="14"/><InteractionEvent Delta="null" EndDate="2014-11-02 12:15:24.130 JST" Interest="13.348001" Kind="manipulation" Navigation="null" OriginId="org.eclipse.mylyn.core.model.interest.decay.correction" StartDate="2014-11-02 12:15:24.130 JST" StructureHandle="/Android_Labs/data" StructureKind="resource"/><InteractionEvent Delta="null" EndDate="2014-11-02 12:19:28.451 JST" Interest="4.1340003" Kind="propagation" Navigation="org.eclipse.mylyn.core.model.edges.containment" OriginId="org.eclipse.mylyn.core.model.interest.propagation" StartDate="2014-11-02 12:15:25.54 JST" StructureHandle="/Android_Labs/data" StructureKind="resource" NumEvents="7" CreationCount="14"/><InteractionEvent Delta="null" EndDate="2014-11-02 12:13:52.391 JST" Interest="446.017" Kind="propagation" Navigation="null" OriginId="org.eclipse.jdt.ui.CompilationUnitEditor" StartDate="2014-11-02 11:25:08.883 JST" StructureHandle="/IFM11/src/ifm11/main" StructureKind="resource" NumEvents="447" CreationCount="18"/><InteractionEvent Delta="null" EndDate="2014-11-02 12:13:52.390 JST" Interest="432.0" Kind="propagation" Navigation="null" OriginId="org.eclipse.jdt.ui.CompilationUnitEditor" StartDate="2014-11-02 11:25:10.806 JST" StructureHandle="/IFM11/src/ifm11/main/MainActv.java" StructureKind="resource" NumEvents="432" CreationCount="19"/><InteractionEvent Delta="null" EndDate="2014-11-02 12:12:29.493 JST" Interest="5.0" Kind="selection" Navigation="null" OriginId="org.eclipse.jdt.ui.CompilationUnitEditor" StartDate="2014-11-02 11:28:40.155 JST" StructureHandle="=IFM11/src&amp;lt;ifm11.main{TNActv.java[TNActv~_Setup_SetList" StructureKind="java" NumEvents="5" CreationCount="91"/><InteractionEvent Delta="null" EndDate="2014-11-02 12:12:29.493 JST" Interest="5.2020006" Kind="manipulation" Navigation="null" OriginId="org.eclipse.mylyn.core.model.interest.decay.correction" StartDate="2014-11-02 12:12:29.493 JST" StructureHandle="=IFM11/src&amp;lt;ifm11.main{TNActv.java[TNActv~_Setup_SetList" StructureKind="java"/><InteractionEvent Delta="null" EndDate="2014-11-02 11:28:46.988 JST" Interest="4.0" Kind="edit" Navigation="null" OriginId="org.eclipse.jdt.ui.CompilationUnitEditor" StartDate="2014-11-02 11:28:41.219 JST" StructureHandle="=IFM11/src&amp;lt;ifm11.main{TNActv.java[TNActv~_Setup_SetList" StructureKind="java" NumEvents="4" CreationCount="91"/><InteractionEvent Delta="null" EndDate="2014-11-02 12:15:21.752 JST" Interest="15.399" Kind="propagation" Navigation="org.eclipse.mylyn.core.model.edges.containment" OriginId="org.eclipse.mylyn.core.model.interest.propagation" StartDate="2014-11-02 11:24:58.941 JST" StructureHandle="=Android_Labs/src&amp;lt;labs.data" StructureKind="java" NumEvents="10" CreationCount="10"/><InteractionEvent Delta="null" EndDate="2014-11-02 12:11:44.161 JST" Interest="5.0" Kind="selection" Navigation="null" OriginId="org.eclipse.jdt.ui.CompilationUnitEditor" StartDate="2014-11-02 11:44:11.312 JST" StructureHandle="=IFM11/src&amp;lt;ifm11.comps{Comp_TI.java[Comp_TI~compare~QTI;~QTI;" StructureKind="java" NumEvents="5" CreationCount="372"/><InteractionEvent Delta="null" EndDate="2014-11-02 12:04:40.472 JST" Interest="2.1340003" Kind="manipulation" Navigation="null" OriginId="org.eclipse.mylyn.core.model.interest.decay.correction" StartDate="2014-11-02 11:53:12.914 JST" StructureHandle="=IFM11/src&amp;lt;ifm11.comps{Comp_TI.java[Comp_TI~compare~QTI;~QTI;" StructureKind="java" NumEvents="2" CreationCount="372"/><InteractionEvent Delta="null" EndDate="2014-11-02 12:04:58.958 JST" Interest="3.0" Kind="edit" Navigation="null" OriginId="org.eclipse.jdt.ui.CompilationUnitEditor" StartDate="2014-11-02 12:04:42.874 JST" StructureHandle="=IFM11/src&amp;lt;ifm11.comps{Comp_TI.java[Comp_TI~compare~QTI;~QTI;" StructureKind="java" NumEvents="3" CreationCount="372"/><InteractionEvent Delta="null" EndDate="2014-11-02 11:28:34.985 JST" Interest="1.0" Kind="propagation" Navigation="null" OriginId="org.eclipse.search.ui.views.SearchView" StartDate="2014-11-02 11:28:34.985 JST" StructureHandle="/IFM11/src/ifm11/main/HistActv.java" StructureKind="resource"/><InteractionEvent Delta="null" EndDate="2014-11-02 11:28:34.985 JST" Interest="1.0" Kind="selection" Navigation="null" OriginId="org.eclipse.search.ui.views.SearchView" StartDate="2014-11-02 11:28:34.985 JST" StructureHandle="=IFM11/src&amp;lt;ifm11.main{HistActv.java" StructureKind="java"/><InteractionEvent Delta="null" EndDate="2014-11-02 11:59:03.886 JST" Interest="6.0" Kind="selection" Navigation="null" OriginId="org.eclipse.jdt.ui.CompilationUnitEditor" StartDate="2014-11-02 11:37:01.214 JST" StructureHandle="=IFM11/src&amp;lt;ifm11.comps{Comp_TI.java[Comp_TI~Comp_TI~QList\&amp;lt;QTI;&amp;gt;;~QSortType;~QSortOrder;" StructureKind="java" NumEvents="6" CreationCount="244"/><InteractionEvent Delta="null" EndDate="2014-11-02 11:44:04.975 JST" Interest="0.125" Kind="manipulation" Navigation="null" OriginId="org.eclipse.mylyn.core.model.interest.decay.correction" StartDate="2014-11-02 11:44:04.975 JST" StructureHandle="=IFM11/src&amp;lt;ifm11.comps{Comp_TI.java[Comp_TI~Comp_TI~QList\&amp;lt;QTI;&amp;gt;;~QSortType;~QSortOrder;" StructureKind="java"/><InteractionEvent Delta="null" EndDate="2014-11-02 11:53:12.170 JST" Interest="9.0" Kind="edit" Navigation="null" OriginId="org.eclipse.jdt.ui.CompilationUnitEditor" StartDate="2014-11-02 11:44:05.772 JST" StructureHandle="=IFM11/src&amp;lt;ifm11.comps{Comp_TI.java[Comp_TI~Comp_TI~QList\&amp;lt;QTI;&amp;gt;;~QSortType;~QSortOrder;" StructureKind="java" NumEvents="9" CreationCount="244"/><InteractionEvent Delta="null" EndDate="2014-11-02 11:34:31.269 JST" Interest="1.0" Kind="selection" Navigation="null" OriginId="org.eclipse.jdt.ui.CompilationUnitEditor" StartDate="2014-11-02 11:34:31.269 JST" StructureHandle="=IFM11/src&amp;lt;ifm11.utils{CONS.java[CONS[DB^tname_IFM11" StructureKind="java"/><InteractionEvent Delta="null" EndDate="2014-11-02 11:43:34.666 JST" Interest="5.0" Kind="selection" Navigation="null" OriginId="org.eclipse.ui.DefaultTextEditor" StartDate="2014-11-02 11:24:58.940 JST" StructureHandle="/Android_Labs/src/labs/data/tis_list.txt" StructureKind="resource" NumEvents="5" CreationCount="10"/><InteractionEvent Delta="null" EndDate="2014-11-02 11:43:34.666 JST" Interest="0.44800043" Kind="manipulation" Navigation="null" OriginId="org.eclipse.mylyn.core.model.interest.decay.correction" StartDate="2014-11-02 11:43:34.666 JST" StructureHandle="/Android_Labs/src/labs/data/tis_list.txt" StructureKind="resource"/><InteractionEvent Delta="null" EndDate="2014-11-02 11:43:34.699 JST" Interest="3.0" Kind="edit" Navigation="null" OriginId="org.eclipse.ui.DefaultTextEditor" StartDate="2014-11-02 11:28:48.475 JST" StructureHandle="/Android_Labs/src/labs/data/tis_list.txt" StructureKind="resource" NumEvents="3" CreationCount="10"/><InteractionEvent Delta="null" EndDate="2014-11-02 12:15:21.752 JST" Interest="33.0" Kind="propagation" Navigation="org.eclipse.mylyn.core.model.edges.containment" OriginId="org.eclipse.mylyn.core.model.interest.propagation" StartDate="2014-11-02 11:23:43.433 JST" StructureHandle="=Android_Labs" StructureKind="resource" NumEvents="33" CreationCount="1"/><InteractionEvent Delta="null" EndDate="2014-11-02 12:19:28.451 JST" Interest="2.0" Kind="selection" Navigation="null" OriginId="org.eclipse.jdt.ui.PackageExplorer" StartDate="2014-11-02 12:15:36.453 JST" StructureHandle="/Android_Labs/data/TIs_List.txt" StructureKind="resource" NumEvents="2" CreationCount="860"/><InteractionEvent Delta="null" EndDate="2014-11-02 12:15:40.121 JST" Interest="3.0" Kind="edit" Navigation="null" OriginId="org.eclipse.ui.DefaultTextEditor" StartDate="2014-11-02 12:15:36.476 JST" StructureHandle="/Android_Labs/data/TIs_List.txt" StructureKind="resource" NumEvents="3" CreationCount="860"/><InteractionEvent Delta="null" EndDate="2014-11-02 12:15:35.189 JST" Interest="1.0" Kind="propagation" Navigation="null" OriginId="org.eclipse.mylyn.resources.ui.interest.updater" StartDate="2014-11-02 12:15:35.189 JST" StructureHandle="/Android_Labs/data/TIs_List.txt" StructureKind="resource"/><InteractionEvent Delta="null" EndDate="2014-11-02 12:13:47.623 JST" Interest="8.0" Kind="selection" Navigation="null" OriginId="org.eclipse.jdt.ui.CompilationUnitEditor" StartDate="2014-11-02 11:23:43.432 JST" StructureHandle="=Android_Labs/src&amp;lt;labs.main{IFM11.java" StructureKind="java" NumEvents="8" CreationCount="1"/><InteractionEvent Delta="null" EndDate="2014-11-02 12:12:31.125 JST" Interest="5.6320014" Kind="manipulation" Navigation="null" OriginId="org.eclipse.mylyn.core.model.interest.decay.correction" StartDate="2014-11-02 11:53:06.523 JST" StructureHandle="=Android_Labs/src&amp;lt;labs.main{IFM11.java" StructureKind="java" NumEvents="2" CreationCount="1"/><InteractionEvent Delta="null" EndDate="2014-11-02 12:12:31.351 JST" Interest="3.9679985" Kind="propagation" Navigation="org.eclipse.mylyn.core.model.edges.containment" OriginId="org.eclipse.mylyn.core.model.interest.propagation" StartDate="2014-11-02 11:23:43.619 JST" StructureHandle="=Android_Labs/src&amp;lt;labs.main{IFM11.java" StructureKind="java" NumEvents="9" CreationCount="1"/><InteractionEvent Delta="null" EndDate="2014-11-02 11:54:21.73 JST" Interest="4.0" Kind="selection" Navigation="null" OriginId="org.eclipse.jdt.ui.CompilationUnitEditor" StartDate="2014-11-02 11:28:03.854 JST" StructureHandle="=IFM11/src&amp;lt;ifm11.comps{Comp_TI.java[Comp_TI" StructureKind="java" NumEvents="4" CreationCount="79"/><InteractionEvent Delta="null" EndDate="2014-11-02 11:37:00.563 JST" Interest="1.7710001" Kind="manipulation" Navigation="null" OriginId="org.eclipse.mylyn.core.model.interest.decay.correction" StartDate="2014-11-02 11:37:00.563 JST" StructureHandle="=IFM11/src&amp;lt;ifm11.comps{Comp_TI.java[Comp_TI" StructureKind="java"/><InteractionEvent Delta="null" EndDate="2014-11-02 12:13:45.950 JST" Interest="126.70599" Kind="propagation" Navigation="org.eclipse.mylyn.core.model.edges.containment" OriginId="org.eclipse.mylyn.core.model.interest.propagation" StartDate="2014-11-02 11:37:01.214 JST" StructureHandle="=IFM11/src&amp;lt;ifm11.comps{Comp_TI.java[Comp_TI" StructureKind="java" NumEvents="178" CreationCount="79"/><InteractionEvent Delta="null" EndDate="2014-11-02 12:15:21.640 JST" Interest="820.034" Kind="propagation" Navigation="null" OriginId="org.eclipse.jdt.ui.PackageExplorer" StartDate="2014-11-02 11:25:06.411 JST" StructureHandle="/IFM11/src" StructureKind="resource" NumEvents="822" CreationCount="17"/><InteractionEvent Delta="null" EndDate="2014-11-02 12:13:52.391 JST" Interest="446.017" Kind="propagation" Navigation="org.eclipse.mylyn.core.model.edges.containment" OriginId="org.eclipse.mylyn.core.model.interest.propagation" StartDate="2014-11-02 11:25:08.883 JST" StructureHandle="/IFM11/src/ifm11" StructureKind="resource" NumEvents="447" CreationCount="18"/><InteractionEvent Delta="null" EndDate="2014-11-02 11:33:28.102 JST" Interest="1.0" Kind="selection" Navigation="null" OriginId="org.eclipse.jdt.ui.CompilationUnitEditor" StartDate="2014-11-02 11:33:28.102 JST" StructureHandle="=IFM11/src&amp;lt;ifm11.utils{DBUtils.java[DBUtils~find_All_TI~QActivity;~QString;!2" StructureKind="java"/><InteractionEvent Delta="null" EndDate="2014-11-02 11:34:02.473 JST" Interest="11.0" Kind="edit" Navigation="null" OriginId="org.eclipse.jdt.ui.CompilationUnitEditor" StartDate="2014-11-02 11:33:29.397 JST" StructureHandle="=IFM11/src&amp;lt;ifm11.utils{DBUtils.java[DBUtils~find_All_TI~QActivity;~QString;~QString;" StructureKind="java" NumEvents="11" CreationCount="182"/><InteractionEvent Delta="null" EndDate="2014-11-02 11:27:57.751 JST" Interest="1.0" Kind="selection" Navigation="null" OriginId="org.eclipse.jdt.ui.PackageExplorer" StartDate="2014-11-02 11:27:57.751 JST" StructureHandle="=IFM11/src&amp;lt;ifm11.comps" StructureKind="java"/><InteractionEvent Delta="null" EndDate="2014-11-02 12:15:21.639 JST" Interest="132.52798" Kind="propagation" Navigation="org.eclipse.mylyn.core.model.edges.containment" OriginId="org.eclipse.mylyn.core.model.interest.propagation" StartDate="2014-11-02 11:27:59.913 JST" StructureHandle="=IFM11/src&amp;lt;ifm11.comps" StructureKind="java" NumEvents="188" CreationCount="76"/><InteractionEvent Delta="null" EndDate="2014-11-02 12:12:52.260 JST" Interest="104.0" Kind="propagation" Navigation="null" OriginId="org.eclipse.jdt.ui.CompilationUnitEditor" StartDate="2014-11-02 11:28:17.724 JST" StructureHandle="/IFM11/src/ifm11/utils/Methods.java" StructureKind="resource" NumEvents="104" CreationCount="81"/><InteractionEvent Delta="null" EndDate="2014-11-02 12:13:47.624 JST" Interest="17.6" Kind="propagation" Navigation="org.eclipse.mylyn.core.model.edges.containment" OriginId="org.eclipse.mylyn.core.model.interest.propagation" StartDate="2014-11-02 11:23:43.434 JST" StructureHandle="=Android_Labs/src" StructureKind="java" NumEvents="21" CreationCount="1"/><InteractionEvent Delta="null" EndDate="2014-11-02 11:25:06.411 JST" Interest="1.0" Kind="selection" Navigation="null" OriginId="org.eclipse.jdt.ui.PackageExplorer" StartDate="2014-11-02 11:25:06.411 JST" StructureHandle="=IFM11/src" StructureKind="java"/><InteractionEvent Delta="null" EndDate="2014-11-02 12:13:52.391 JST" Interest="287.968" Kind="propagation" Navigation="org.eclipse.mylyn.core.model.edges.containment" OriginId="org.eclipse.mylyn.core.model.interest.propagation" StartDate="2014-11-02 11:25:08.883 JST" StructureHandle="=IFM11/src" StructureKind="java" NumEvents="415" CreationCount="17"/><InteractionEvent Delta="null" EndDate="2014-11-02 12:13:47.859 JST" Interest="22.0" Kind="propagation" Navigation="null" OriginId="org.eclipse.jdt.ui.CompilationUnitEditor" StartDate="2014-11-02 11:23:43.433 JST" StructureHandle="/Android_Labs/src/labs/main/IFM11.java" StructureKind="resource" NumEvents="22" CreationCount="1"/><InteractionEvent Delta="null" EndDate="2014-11-02 12:19:28.754 JST" Interest="1.0" Kind="selection" Navigation="null" OriginId="org.eclipse.ui.DefaultTextEditor" StartDate="2014-11-02 12:19:28.754 JST" StructureHandle="/Android_Labs/data/SDCardFiles_List.txt" StructureKind="resource"/><InteractionEvent Delta="null" EndDate="2014-11-02 12:19:36.181 JST" Interest="3.0" Kind="edit" Navigation="null" OriginId="org.eclipse.ui.DefaultTextEditor" StartDate="2014-11-02 12:19:28.776 JST" StructureHandle="/Android_Labs/data/SDCardFiles_List.txt" StructureKind="resource" NumEvents="3" CreationCount="866"/></InteractionHistory>