<?xml version="1.0" encoding="UTF-8"?><InteractionHistory Id="local-153" Version="1"><InteractionEvent Delta="null" EndDate="2014-10-12 09:21:25.433 JST" Interest="749.085" Kind="propagation" Navigation="org.eclipse.mylyn.core.model.edges.containment" OriginId="org.eclipse.mylyn.core.model.interest.propagation" StartDate="2014-10-12 08:28:53.823 JST" StructureHandle="" StructureKind="java" NumEvents="751" CreationCount="1"/><InteractionEvent Delta="null" EndDate="2014-10-14 08:15:47.860 JST" Interest="288.429" Kind="propagation" Navigation="org.eclipse.mylyn.core.model.edges.containment" OriginId="org.eclipse.mylyn.core.model.interest.propagation" StartDate="2014-10-12 08:29:01.902 JST" StructureHandle="=SL3/src" StructureKind="java" NumEvents="425" CreationCount="1"/><InteractionEvent Delta="null" EndDate="2014-10-12 08:28:56.656 JST" Interest="1.0" Kind="selection" Navigation="null" OriginId="org.eclipse.jdt.ui.PackageExplorer" StartDate="2014-10-12 08:28:56.656 JST" StructureHandle="=SL3/src" StructureKind="java"/><InteractionEvent Delta="null" EndDate="2014-10-14 08:15:47.935 JST" Interest="754.085" Kind="propagation" Navigation="org.eclipse.mylyn.core.model.edges.containment" OriginId="org.eclipse.mylyn.core.model.interest.propagation" StartDate="2014-10-12 08:28:53.822 JST" StructureHandle="=SL3" StructureKind="resource" NumEvents="757" CreationCount="1"/><InteractionEvent Delta="null" EndDate="2014-10-14 07:33:10.231 JST" Interest="1.0" Kind="selection" Navigation="null" OriginId="org.eclipse.jdt.ui.PackageExplorer" StartDate="2014-10-14 07:33:10.231 JST" StructureHandle="=SL3" StructureKind="java"/><InteractionEvent Delta="null" EndDate="2014-10-14 07:33:31.590 JST" Interest="3.0" Kind="propagation" Navigation="org.eclipse.mylyn.core.model.edges.containment" OriginId="org.eclipse.mylyn.core.model.interest.propagation" StartDate="2014-10-14 07:33:30.618 JST" StructureHandle="/TA2/src/ta2" StructureKind="resource" NumEvents="3" CreationCount="913"/><InteractionEvent Delta="null" EndDate="2014-10-12 09:20:26.320 JST" Interest="17.0" Kind="edit" Navigation="null" OriginId="org.eclipse.jdt.ui.CompilationUnitEditor" StartDate="2014-10-12 09:16:13.247 JST" StructureHandle="=SL3/src&amp;lt;sl3.utils{Methods_dlg.java[Methods_dlg~dlg_ShowMessage_ThirdDialog~QActivity;~QString;~QDialog;~QDialog;~I" StructureKind="java" NumEvents="17" CreationCount="874"/><InteractionEvent Delta="null" EndDate="2014-10-12 09:16:12.125 JST" Interest="1.0" Kind="selection" Navigation="null" OriginId="org.eclipse.jdt.ui.CompilationUnitEditor" StartDate="2014-10-12 09:16:12.125 JST" StructureHandle="=SL3/src&amp;lt;sl3.utils{Methods_dlg.java[Methods_dlg~dlg_ShowMessage_ThirdDialog~QActivity;~QString;~QDialog;~QDialog;!2" StructureKind="java"/><InteractionEvent Delta="null" EndDate="2014-10-12 08:31:02.645 JST" Interest="2.0" Kind="selection" Navigation="null" OriginId="org.eclipse.ui.views.ContentOutline" StartDate="2014-10-12 08:31:01.309 JST" StructureHandle="=ShoppingList/src&amp;lt;sl.listeners.dialog{DialogButtonOnClickListener.java[DialogButtonOnClickListener^actv" StructureKind="java" NumEvents="2" CreationCount="57"/><InteractionEvent Delta="null" EndDate="2014-10-12 08:29:39.262 JST" Interest="1.0" Kind="selection" Navigation="null" OriginId="org.eclipse.jdt.ui.CompilationUnitEditor" StartDate="2014-10-12 08:29:39.262 JST" StructureHandle="=SL3/src&amp;lt;sl3.listeners.dialog{DB_OCL.java[DB_OCL~DB_OCL~QActivity;~QDialog;~QDialog;~QDialog;~QDialog;" StructureKind="java"/><InteractionEvent Delta="null" EndDate="2014-10-12 08:51:57.133 JST" Interest="4.817" Kind="propagation" Navigation="org.eclipse.mylyn.core.model.edges.containment" OriginId="org.eclipse.mylyn.core.model.interest.propagation" StartDate="2014-10-12 08:48:44.4 JST" StructureHandle="=SL3/src&amp;lt;sl3.utils{Methods.java" StructureKind="java" NumEvents="7" CreationCount="495"/><InteractionEvent Delta="null" EndDate="2014-10-12 08:48:43.125 JST" Interest="1.0" Kind="selection" Navigation="null" OriginId="org.eclipse.jdt.ui.CompilationUnitEditor" StartDate="2014-10-12 08:48:43.125 JST" StructureHandle="=SL3/src&amp;lt;sl3.utils{Methods.java" StructureKind="java"/><InteractionEvent Delta="null" EndDate="2014-10-12 08:51:39.916 JST" Interest="15.0" Kind="propagation" Navigation="null" OriginId="org.eclipse.jdt.ui.PackageExplorer" StartDate="2014-10-12 08:46:46.674 JST" StructureHandle="/SL3/src/sl3/utils/CONS.java" StructureKind="resource" NumEvents="15" CreationCount="433"/><InteractionEvent Delta="null" EndDate="2014-10-12 09:06:03.855 JST" Interest="58.0" Kind="propagation" Navigation="null" OriginId="org.eclipse.jdt.ui.CompilationUnitEditor" StartDate="2014-10-12 08:30:49.904 JST" StructureHandle="/ShoppingList/src/sl/listeners/dialog/DialogButtonOnClickListener.java" StructureKind="resource" NumEvents="58" CreationCount="49"/><InteractionEvent Delta="null" EndDate="2014-10-14 08:15:47.860 JST" Interest="287.783" Kind="propagation" Navigation="org.eclipse.mylyn.core.model.edges.containment" OriginId="org.eclipse.mylyn.core.model.interest.propagation" StartDate="2014-10-12 08:29:32.1 JST" StructureHandle="=SL3/src&amp;lt;sl3.listeners.dialog" StructureKind="java" NumEvents="407" CreationCount="39"/><InteractionEvent Delta="null" EndDate="2014-10-12 08:29:01.901 JST" Interest="1.0" Kind="selection" Navigation="null" OriginId="org.eclipse.jdt.ui.PackageExplorer" StartDate="2014-10-12 08:29:01.901 JST" StructureHandle="=SL3/src&amp;lt;sl3.listeners.dialog" StructureKind="java"/><InteractionEvent Delta="null" EndDate="2014-10-14 07:33:31.589 JST" Interest="3.0" Kind="propagation" Navigation="org.eclipse.mylyn.core.model.edges.containment" OriginId="org.eclipse.mylyn.core.model.interest.propagation" StartDate="2014-10-14 07:33:30.618 JST" StructureHandle="/TA2/src/ta2/listeners/dialog" StructureKind="resource" NumEvents="3" CreationCount="913"/><InteractionEvent Delta="null" EndDate="2014-10-12 09:05:29.354 JST" Interest="13.436" Kind="propagation" Navigation="org.eclipse.mylyn.core.model.edges.containment" OriginId="org.eclipse.mylyn.core.model.interest.propagation" StartDate="2014-10-12 08:34:11.881 JST" StructureHandle="=ShoppingList/src&amp;lt;sl.utils{DBUtils.java[DBUtils" StructureKind="java" NumEvents="16" CreationCount="151"/><InteractionEvent Delta="null" EndDate="2014-10-12 09:05:32.206 JST" Interest="1.0" Kind="edit" Navigation="null" OriginId="org.eclipse.jdt.ui.CompilationUnitEditor" StartDate="2014-10-12 09:05:32.206 JST" StructureHandle="=ShoppingList/src&amp;lt;sl.utils{DBUtils.java[DBUtils" StructureKind="java"/><InteractionEvent Delta="null" EndDate="2014-10-12 09:05:30.71 JST" Interest="1.0" Kind="selection" Navigation="null" OriginId="org.eclipse.jdt.ui.CompilationUnitEditor" StartDate="2014-10-12 09:05:30.71 JST" StructureHandle="=ShoppingList/src&amp;lt;sl.utils{DBUtils.java[DBUtils" StructureKind="java"/><InteractionEvent Delta="null" EndDate="2014-10-12 09:20:26.320 JST" Interest="23.905" Kind="propagation" Navigation="org.eclipse.mylyn.core.model.edges.containment" OriginId="org.eclipse.mylyn.core.model.interest.propagation" StartDate="2014-10-12 08:29:14.137 JST" StructureHandle="=SL3/src&amp;lt;sl3.utils{Methods_dlg.java[Methods_dlg" StructureKind="java" NumEvents="19" CreationCount="9"/><InteractionEvent Delta="null" EndDate="2014-10-12 09:16:09.98 JST" Interest="1.0" Kind="edit" Navigation="null" OriginId="org.eclipse.jdt.ui.CompilationUnitEditor" StartDate="2014-10-12 09:16:09.98 JST" StructureHandle="=SL3/src&amp;lt;sl3.utils{Methods_dlg.java[Methods_dlg" StructureKind="java"/><InteractionEvent Delta="null" EndDate="2014-10-12 09:20:28.748 JST" Interest="4.0" Kind="selection" Navigation="null" OriginId="org.eclipse.jdt.ui.CompilationUnitEditor" StartDate="2014-10-12 08:29:13.311 JST" StructureHandle="=SL3/src&amp;lt;sl3.utils{Methods_dlg.java[Methods_dlg" StructureKind="java" NumEvents="4" CreationCount="9"/><InteractionEvent Delta="null" EndDate="2014-10-12 08:47:00.74 JST" Interest="4.0" Kind="edit" Navigation="null" OriginId="org.eclipse.jdt.ui.CompilationUnitEditor" StartDate="2014-10-12 08:46:55.865 JST" StructureHandle="=SL3/src&amp;lt;sl3.utils{CONS.java[CONS[DB^col_Names_SI_full" StructureKind="java" NumEvents="4" CreationCount="437"/><InteractionEvent Delta="null" EndDate="2014-10-12 08:47:15.177 JST" Interest="3.0" Kind="selection" Navigation="null" OriginId="org.eclipse.jdt.ui.CompilationUnitEditor" StartDate="2014-10-12 08:46:55.236 JST" StructureHandle="=SL3/src&amp;lt;sl3.utils{CONS.java[CONS[DB^col_Names_SI_full" StructureKind="java" NumEvents="3" CreationCount="437"/><InteractionEvent Delta="null" EndDate="2014-10-14 08:15:47.935 JST" Interest="455.0" Kind="propagation" Navigation="null" OriginId="org.eclipse.jdt.ui.CompilationUnitEditor" StartDate="2014-10-12 08:29:32.1 JST" StructureHandle="/SL3/src/sl3/listeners/dialog/DB_OCL.java" StructureKind="resource" NumEvents="455" CreationCount="15"/><InteractionEvent Delta="null" EndDate="2014-10-14 07:33:07.796 JST" Interest="916.0" Kind="propagation" Navigation="null" OriginId="org.eclipse.jdt.ui.PackageExplorer" StartDate="2014-10-12 08:28:53.822 JST" StructureHandle="/" StructureKind="resource" NumEvents="916" CreationCount="1"/><InteractionEvent Delta="null" EndDate="2014-10-12 08:31:06.55 JST" Interest="3.0" Kind="selection" Navigation="null" OriginId="org.eclipse.jdt.ui.CompilationUnitEditor" StartDate="2014-10-12 08:31:03.374 JST" StructureHandle="=ShoppingList/src&amp;lt;sl.listeners.dialog{DialogButtonOnClickListener.java[DialogButtonOnClickListener~DialogButtonOnClickListener~QActivity;~QDialog;~QDialog;~QShoppingItem;" StructureKind="java" NumEvents="3" CreationCount="59"/><InteractionEvent Delta="null" EndDate="2014-10-14 07:33:12.940 JST" Interest="15.314001" Kind="propagation" Navigation="org.eclipse.mylyn.core.model.edges.containment" OriginId="org.eclipse.mylyn.core.model.interest.propagation" StartDate="2014-10-12 09:20:49.496 JST" StructureHandle="/SL3/bin" StructureKind="resource" NumEvents="2" CreationCount="68"/><InteractionEvent Delta="null" EndDate="2014-10-12 08:51:57.132 JST" Interest="4.8" Kind="propagation" Navigation="org.eclipse.mylyn.core.model.edges.containment" OriginId="org.eclipse.mylyn.core.model.interest.propagation" StartDate="2014-10-12 08:48:44.3 JST" StructureHandle="=SL3/src&amp;lt;sl3.utils{Methods.java[Methods" StructureKind="java" NumEvents="6" CreationCount="496"/><InteractionEvent Delta="null" EndDate="2014-10-12 08:48:59.763 JST" Interest="1.0" Kind="selection" Navigation="null" OriginId="org.eclipse.jdt.ui.CompilationUnitEditor" StartDate="2014-10-12 08:48:59.763 JST" StructureHandle="=SL3/src&amp;lt;sl3.utils{Methods.java[Methods" StructureKind="java"/><InteractionEvent Delta="null" EndDate="2014-10-12 08:31:54.995 JST" Interest="3.0" Kind="propagation" Navigation="null" OriginId="org.eclipse.ui.views.ResourceNavigator" StartDate="2014-10-12 08:30:52.993 JST" StructureHandle="/ShoppingList/src/sl/listeners/dialog/DB_CL.java" StructureKind="resource" NumEvents="3" CreationCount="54"/><InteractionEvent Delta="null" EndDate="2014-10-12 09:20:49.496 JST" Interest="1.0" Kind="prediction" Navigation="null" OriginId="org.eclipse.mylyn.resources.ui.interest.updater" StartDate="2014-10-12 09:20:49.496 JST" StructureHandle="/SL3/bin/classes.dex" StructureKind="resource"/><InteractionEvent Delta="null" EndDate="2014-10-12 08:30:55.220 JST" Interest="0.01700002" Kind="propagation" Navigation="org.eclipse.mylyn.core.model.edges.containment" OriginId="org.eclipse.mylyn.core.model.interest.propagation" StartDate="2014-10-12 08:30:55.220 JST" StructureHandle="=ShoppingList/src&amp;lt;sl.listeners.dialog{DB_CL.java" StructureKind="java"/><InteractionEvent Delta="null" EndDate="2014-10-12 08:31:54.994 JST" Interest="2.0" Kind="selection" Navigation="null" OriginId="org.eclipse.ui.views.ResourceNavigator" StartDate="2014-10-12 08:30:52.993 JST" StructureHandle="=ShoppingList/src&amp;lt;sl.listeners.dialog{DB_CL.java" StructureKind="java" NumEvents="2" CreationCount="54"/><InteractionEvent Delta="null" EndDate="2014-10-12 08:36:10.94 JST" Interest="2.0" Kind="selection" Navigation="null" OriginId="org.eclipse.jdt.ui.PackageExplorer" StartDate="2014-10-12 08:36:10.93 JST" StructureHandle="/SL3/res/layout/dlg_filter_list.xml" StructureKind="resource" NumEvents="2" CreationCount="174"/><InteractionEvent Delta="null" EndDate="2014-10-14 07:33:31.591 JST" Interest="1.717" Kind="propagation" Navigation="org.eclipse.mylyn.core.model.edges.containment" OriginId="org.eclipse.mylyn.core.model.interest.propagation" StartDate="2014-10-14 07:33:30.618 JST" StructureHandle="=TA2/src&amp;lt;ta2.listeners.dialog" StructureKind="java" NumEvents="3" CreationCount="913"/><InteractionEvent Delta="null" EndDate="2014-10-12 09:05:32.207 JST" Interest="32.0" Kind="propagation" Navigation="org.eclipse.mylyn.core.model.edges.containment" OriginId="org.eclipse.mylyn.core.model.interest.propagation" StartDate="2014-10-12 08:34:10.978 JST" StructureHandle="/ShoppingList/src/sl/utils" StructureKind="resource" NumEvents="32" CreationCount="150"/><InteractionEvent Delta="null" EndDate="2014-10-12 08:33:47.277 JST" Interest="1.0" Kind="selection" Navigation="null" OriginId="org.eclipse.ui.views.ContentOutline" StartDate="2014-10-12 08:33:47.277 JST" StructureHandle="=ShoppingList/src&amp;lt;sl.listeners.dialog{DialogButtonOnClickListener.java[DialogButtonOnClickListener~case_dlg_save_tobuy_list_bt_ok" StructureKind="java"/><InteractionEvent Delta="null" EndDate="2014-10-12 09:00:22.280 JST" Interest="13.023001" Kind="propagation" Navigation="org.eclipse.mylyn.core.model.edges.containment" OriginId="org.eclipse.mylyn.core.model.interest.propagation" StartDate="2014-10-12 08:35:21.388 JST" StructureHandle="=ShoppingList/src&amp;lt;sl.listeners" StructureKind="java" NumEvents="18" CreationCount="46"/><InteractionEvent Delta="null" EndDate="2014-10-12 08:30:41.443 JST" Interest="1.0" Kind="selection" Navigation="null" OriginId="org.eclipse.ui.views.ResourceNavigator" StartDate="2014-10-12 08:30:41.443 JST" StructureHandle="=ShoppingList/src&amp;lt;sl.listeners" StructureKind="java"/><InteractionEvent Delta="null" EndDate="2014-10-12 09:06:00.163 JST" Interest="126.47199" Kind="propagation" Navigation="org.eclipse.mylyn.core.model.edges.containment" OriginId="org.eclipse.mylyn.core.model.interest.propagation" StartDate="2014-10-12 08:36:21.451 JST" StructureHandle="=SL3/src&amp;lt;sl3.utils{DBUtils.java[DBUtils" StructureKind="java" NumEvents="182" CreationCount="183"/><InteractionEvent Delta="null" EndDate="2014-10-12 08:36:42.484 JST" Interest="1.0" Kind="edit" Navigation="null" OriginId="org.eclipse.jdt.ui.CompilationUnitEditor" StartDate="2014-10-12 08:36:42.484 JST" StructureHandle="=SL3/src&amp;lt;sl3.utils{DBUtils.java[DBUtils" StructureKind="java"/><InteractionEvent Delta="null" EndDate="2014-10-12 09:05:39.511 JST" Interest="8.0" Kind="selection" Navigation="null" OriginId="org.eclipse.jdt.ui.CompilationUnitEditor" StartDate="2014-10-12 08:36:41.270 JST" StructureHandle="=SL3/src&amp;lt;sl3.utils{DBUtils.java[DBUtils" StructureKind="java" NumEvents="8" CreationCount="183"/><InteractionEvent Delta="null" EndDate="2014-10-12 08:51:57.132 JST" Interest="9.0" Kind="propagation" Navigation="null" OriginId="org.eclipse.ui.views.ContentOutline" StartDate="2014-10-12 08:48:43.126 JST" StructureHandle="/SL3/src/sl3/utils/Methods.java" StructureKind="resource" NumEvents="9" CreationCount="495"/><InteractionEvent Delta="null" EndDate="2014-10-12 09:06:03.314 JST" Interest="26.489002" Kind="propagation" Navigation="org.eclipse.mylyn.core.model.edges.containment" OriginId="org.eclipse.mylyn.core.model.interest.propagation" StartDate="2014-10-12 08:30:39.65 JST" StructureHandle="=ShoppingList/src" StructureKind="java" NumEvents="40" CreationCount="43"/><InteractionEvent Delta="null" EndDate="2014-10-12 08:30:38.266 JST" Interest="1.0" Kind="selection" Navigation="null" OriginId="org.eclipse.ui.views.ResourceNavigator" StartDate="2014-10-12 08:30:38.266 JST" StructureHandle="=ShoppingList/src" StructureKind="java"/><InteractionEvent Delta="null" EndDate="2014-10-12 09:06:00.162 JST" Interest="177.0" Kind="edit" Navigation="null" OriginId="org.eclipse.jdt.ui.CompilationUnitEditor" StartDate="2014-10-12 08:37:03.223 JST" StructureHandle="=SL3/src&amp;lt;sl3.utils{DBUtils.java[DBUtils~insert_Data~QActivity;~QString;~QContentValues;" StructureKind="java" NumEvents="177" CreationCount="199"/><InteractionEvent Delta="null" EndDate="2014-10-12 09:05:43.933 JST" Interest="11.0" Kind="selection" Navigation="null" OriginId="org.eclipse.jdt.ui.CompilationUnitEditor" StartDate="2014-10-12 08:37:01.522 JST" StructureHandle="=SL3/src&amp;lt;sl3.utils{DBUtils.java[DBUtils~insert_Data~QActivity;~QString;~QContentValues;" StructureKind="java" NumEvents="11" CreationCount="199"/><InteractionEvent Delta="null" EndDate="2014-10-12 08:45:40.20 JST" Interest="124.457016" Kind="propagation" Navigation="org.eclipse.mylyn.core.model.edges.containment" OriginId="org.eclipse.mylyn.core.model.interest.propagation" StartDate="2014-10-12 08:36:33.311 JST" StructureHandle="=SL3/src&amp;lt;sl3.utils{DBUtils.java" StructureKind="java" NumEvents="182" CreationCount="178"/><InteractionEvent Delta="null" EndDate="2014-10-12 09:05:35.65 JST" Interest="13.0" Kind="selection" Navigation="null" OriginId="org.eclipse.jdt.ui.CompilationUnitEditor" StartDate="2014-10-12 08:36:13.882 JST" StructureHandle="=SL3/src&amp;lt;sl3.utils{DBUtils.java" StructureKind="java" NumEvents="13" CreationCount="178"/><InteractionEvent Delta="null" EndDate="2014-10-12 08:49:05.814 JST" Interest="4.0" Kind="edit" Navigation="null" OriginId="org.eclipse.jdt.ui.CompilationUnitEditor" StartDate="2014-10-12 08:48:45.272 JST" StructureHandle="=SL3/src&amp;lt;sl3.utils{Methods.java[Methods~conv_MillSec_to_TimeLabel~J" StructureKind="java" NumEvents="4" CreationCount="496"/><InteractionEvent Delta="null" EndDate="2014-10-12 08:51:57.131 JST" Interest="3.0" Kind="selection" Navigation="null" OriginId="org.eclipse.ui.views.ContentOutline" StartDate="2014-10-12 08:48:44.3 JST" StructureHandle="=SL3/src&amp;lt;sl3.utils{Methods.java[Methods~conv_MillSec_to_TimeLabel~J" StructureKind="java" NumEvents="3" CreationCount="496"/><InteractionEvent Delta="null" EndDate="2014-10-12 08:34:42.234 JST" Interest="3.0" Kind="selection" Navigation="null" OriginId="org.eclipse.ui.views.ContentOutline" StartDate="2014-10-12 08:34:11.880 JST" StructureHandle="=ShoppingList/src&amp;lt;sl.utils{DBUtils.java[DBUtils~DBUtils~QContext;~QString;" StructureKind="java" NumEvents="3" CreationCount="151"/><InteractionEvent Delta="null" EndDate="2014-10-14 07:33:31.589 JST" Interest="1.7" Kind="propagation" Navigation="org.eclipse.mylyn.core.model.edges.containment" OriginId="org.eclipse.mylyn.core.model.interest.propagation" StartDate="2014-10-14 07:33:30.790 JST" StructureHandle="=TA2/src&amp;lt;ta2.listeners.dialog{DB_OCL.java[DB_OCL" StructureKind="java" NumEvents="2" CreationCount="914"/><InteractionEvent Delta="null" EndDate="2014-10-12 08:30:39.473 JST" Interest="1.0" Kind="propagation" Navigation="null" OriginId="org.eclipse.ui.views.ResourceNavigator" StartDate="2014-10-12 08:30:39.473 JST" StructureHandle="/ShoppingList/src/sl/adapters" StructureKind="resource"/><InteractionEvent Delta="null" EndDate="2014-10-14 07:33:12.940 JST" Interest="1.0" Kind="prediction" Navigation="null" OriginId="org.eclipse.mylyn.resources.ui.interest.updater" StartDate="2014-10-14 07:33:12.940 JST" StructureHandle="/SL3/bin/jarlist.cache" StructureKind="resource"/><InteractionEvent Delta="null" EndDate="2014-10-12 09:05:27.205 JST" Interest="15.753" Kind="propagation" Navigation="org.eclipse.mylyn.core.model.edges.containment" OriginId="org.eclipse.mylyn.core.model.interest.propagation" StartDate="2014-10-12 08:34:10.978 JST" StructureHandle="=ShoppingList/src&amp;lt;sl.utils" StructureKind="java" NumEvents="22" CreationCount="150"/><InteractionEvent Delta="null" EndDate="2014-10-12 09:00:22.279 JST" Interest="5.034" Kind="propagation" Navigation="org.eclipse.mylyn.core.model.edges.containment" OriginId="org.eclipse.mylyn.core.model.interest.propagation" StartDate="2014-10-12 08:35:26.819 JST" StructureHandle="=ShoppingList/src&amp;lt;sl.listeners{ButtonOnClickListener.java" StructureKind="java" NumEvents="9" CreationCount="163"/><InteractionEvent Delta="null" EndDate="2014-10-12 09:00:10.969 JST" Interest="7.0" Kind="selection" Navigation="null" OriginId="org.eclipse.jdt.ui.CompilationUnitEditor" StartDate="2014-10-12 08:35:21.386 JST" StructureHandle="=ShoppingList/src&amp;lt;sl.listeners{ButtonOnClickListener.java" StructureKind="java" NumEvents="7" CreationCount="163"/><InteractionEvent Delta="null" EndDate="2014-10-12 08:46:49.307 JST" Interest="1.0" Kind="selection" Navigation="null" OriginId="org.eclipse.ui.views.ContentOutline" StartDate="2014-10-12 08:46:49.307 JST" StructureHandle="=SL3/src&amp;lt;sl3.utils{CONS.java%sl3.utils" StructureKind="java"/><InteractionEvent Delta="null" EndDate="2014-10-14 08:15:47.935 JST" Interest="455.18698" Kind="propagation" Navigation="org.eclipse.mylyn.core.model.edges.containment" OriginId="org.eclipse.mylyn.core.model.interest.propagation" StartDate="2014-10-12 08:29:01.902 JST" StructureHandle="/SL3/src/sl3/listeners" StructureKind="resource" NumEvents="456" CreationCount="4"/><InteractionEvent Delta="null" EndDate="2014-10-14 08:15:47.935 JST" Interest="455.18698" Kind="propagation" Navigation="org.eclipse.mylyn.core.model.edges.containment" OriginId="org.eclipse.mylyn.core.model.interest.propagation" StartDate="2014-10-12 08:29:01.902 JST" StructureHandle="/SL3/src/sl3" StructureKind="resource" NumEvents="461" CreationCount="4"/><InteractionEvent Delta="null" EndDate="2014-10-14 07:33:07.796 JST" Interest="122.0" Kind="propagation" Navigation="null" OriginId="org.eclipse.jdt.ui.PackageExplorer" StartDate="2014-10-12 08:30:34.471 JST" StructureHandle="/ShoppingList" StructureKind="resource" NumEvents="122" CreationCount="42"/><InteractionEvent Delta="null" EndDate="2014-10-14 07:33:31.590 JST" Interest="0.71700007" Kind="propagation" Navigation="org.eclipse.mylyn.core.model.edges.containment" OriginId="org.eclipse.mylyn.core.model.interest.propagation" StartDate="2014-10-14 07:33:30.790 JST" StructureHandle="=TA2/src&amp;lt;ta2.listeners.dialog{DB_OCL.java" StructureKind="java" NumEvents="2" CreationCount="913"/><InteractionEvent Delta="null" EndDate="2014-10-14 07:33:30.618 JST" Interest="1.0" Kind="selection" Navigation="null" OriginId="org.eclipse.jdt.ui.CompilationUnitEditor" StartDate="2014-10-14 07:33:30.618 JST" StructureHandle="=TA2/src&amp;lt;ta2.listeners.dialog{DB_OCL.java" StructureKind="java"/><InteractionEvent Delta="null" EndDate="2014-10-12 09:00:22.278 JST" Interest="12.0" Kind="propagation" Navigation="org.eclipse.mylyn.core.model.edges.containment" OriginId="org.eclipse.mylyn.core.model.interest.propagation" StartDate="2014-10-12 08:35:26.816 JST" StructureHandle="=ShoppingList/src&amp;lt;sl.listeners{ButtonOnClickListener.java[ButtonOnClickListener" StructureKind="java" NumEvents="15" CreationCount="165"/><InteractionEvent Delta="null" EndDate="2014-10-12 09:00:22.277 JST" Interest="10.0" Kind="edit" Navigation="null" OriginId="org.eclipse.jdt.ui.CompilationUnitEditor" StartDate="2014-10-12 08:35:36.169 JST" StructureHandle="=ShoppingList/src&amp;lt;sl.listeners{ButtonOnClickListener.java[ButtonOnClickListener~case_register~QView;" StructureKind="java" NumEvents="10" CreationCount="165"/><InteractionEvent Delta="null" EndDate="2014-10-12 09:00:11.415 JST" Interest="5.0" Kind="selection" Navigation="null" OriginId="org.eclipse.jdt.ui.CompilationUnitEditor" StartDate="2014-10-12 08:35:26.815 JST" StructureHandle="=ShoppingList/src&amp;lt;sl.listeners{ButtonOnClickListener.java[ButtonOnClickListener~case_register~QView;" StructureKind="java" NumEvents="5" CreationCount="165"/><InteractionEvent Delta="null" EndDate="2014-10-12 09:21:25.431 JST" Interest="372.0" Kind="edit" Navigation="null" OriginId="org.eclipse.jdt.ui.CompilationUnitEditor" StartDate="2014-10-12 08:30:27.505 JST" StructureHandle="=SL3/src&amp;lt;sl3.listeners.dialog{DB_OCL.java[DB_OCL~case_REGISTER_ITEM_OK" StructureKind="java" NumEvents="372" CreationCount="38"/><InteractionEvent Delta="null" EndDate="2014-10-12 09:20:32.273 JST" Interest="26.0" Kind="selection" Navigation="null" OriginId="org.eclipse.jdt.ui.CompilationUnitEditor" StartDate="2014-10-12 08:30:26.178 JST" StructureHandle="=SL3/src&amp;lt;sl3.listeners.dialog{DB_OCL.java[DB_OCL~case_REGISTER_ITEM_OK" StructureKind="java" NumEvents="26" CreationCount="38"/><InteractionEvent Delta="null" EndDate="2014-10-14 08:15:47.934 JST" Interest="3.0" Kind="propagation" Navigation="org.eclipse.mylyn.core.model.edges.containment" OriginId="org.eclipse.mylyn.core.model.interest.propagation" StartDate="2014-10-14 07:33:24.530 JST" StructureHandle="=SL3/src&amp;lt;sl3.listeners.dialog{DB_OCL.java#" StructureKind="java" NumEvents="3" CreationCount="911"/><InteractionEvent Delta="null" EndDate="2014-10-12 09:20:28.750 JST" Interest="301.017" Kind="propagation" Navigation="null" OriginId="org.eclipse.jdt.ui.CompilationUnitEditor" StartDate="2014-10-12 08:29:05.28 JST" StructureHandle="/SL3/src/sl3/utils" StructureKind="resource" NumEvents="302" CreationCount="5"/><InteractionEvent Delta="null" EndDate="2014-10-12 08:47:15.177 JST" Interest="5.817" Kind="propagation" Navigation="org.eclipse.mylyn.core.model.edges.containment" OriginId="org.eclipse.mylyn.core.model.interest.propagation" StartDate="2014-10-12 08:46:50.712 JST" StructureHandle="=SL3/src&amp;lt;sl3.utils{CONS.java[CONS" StructureKind="java" NumEvents="9" CreationCount="436"/><InteractionEvent Delta="null" EndDate="2014-10-14 07:33:31.589 JST" Interest="3.0" Kind="propagation" Navigation="org.eclipse.mylyn.core.model.edges.containment" OriginId="org.eclipse.mylyn.core.model.interest.propagation" StartDate="2014-10-14 07:33:30.618 JST" StructureHandle="/TA2/src/ta2/listeners" StructureKind="resource" NumEvents="3" CreationCount="913"/><InteractionEvent Delta="null" EndDate="2014-10-12 09:00:23.621 JST" Interest="69.08501" Kind="propagation" Navigation="org.eclipse.mylyn.core.model.edges.containment" OriginId="org.eclipse.mylyn.core.model.interest.propagation" StartDate="2014-10-12 08:30:39.64 JST" StructureHandle="/ShoppingList/src/sl" StructureKind="resource" NumEvents="75" CreationCount="44"/><InteractionEvent Delta="null" EndDate="2014-10-12 08:36:33.310 JST" Interest="3.0" Kind="selection" Navigation="null" OriginId="org.eclipse.jdt.ui.CompilationUnitEditor" StartDate="2014-10-12 08:36:21.451 JST" StructureHandle="=SL3/src&amp;lt;sl3.utils{DBUtils.java[DBUtils~find_ALL_PSs~QActivity;" StructureKind="java" NumEvents="3" CreationCount="183"/><InteractionEvent Delta="null" EndDate="2014-10-12 08:30:39.62 JST" Interest="1.0" Kind="selection" Navigation="null" OriginId="org.eclipse.ui.views.ResourceNavigator" StartDate="2014-10-12 08:30:39.62 JST" StructureHandle="=ShoppingList/src&amp;lt;sl" StructureKind="java"/><InteractionEvent Delta="null" EndDate="2014-10-12 09:06:03.314 JST" Interest="26.421001" Kind="propagation" Navigation="org.eclipse.mylyn.core.model.edges.containment" OriginId="org.eclipse.mylyn.core.model.interest.propagation" StartDate="2014-10-12 08:30:49.904 JST" StructureHandle="=ShoppingList/src&amp;lt;sl.listeners.dialog" StructureKind="java" NumEvents="34" CreationCount="47"/><InteractionEvent Delta="null" EndDate="2014-10-12 08:30:42.810 JST" Interest="1.0" Kind="selection" Navigation="null" OriginId="org.eclipse.ui.views.ResourceNavigator" StartDate="2014-10-12 08:30:42.810 JST" StructureHandle="=ShoppingList/src&amp;lt;sl.listeners.dialog" StructureKind="java"/><InteractionEvent Delta="null" EndDate="2014-10-12 08:37:31.358 JST" Interest="2.0" Kind="edit" Navigation="null" OriginId="org.eclipse.jdt.ui.CompilationUnitEditor" StartDate="2014-10-12 08:37:30.53 JST" StructureHandle="=SL3/src&amp;lt;sl3.utils{DBUtils.java[DBUtils~dropTable~QActivity;~QString;~QString;" StructureKind="java" NumEvents="2" CreationCount="210"/><InteractionEvent Delta="null" EndDate="2014-10-12 08:37:27.804 JST" Interest="1.0" Kind="selection" Navigation="null" OriginId="org.eclipse.jdt.ui.CompilationUnitEditor" StartDate="2014-10-12 08:37:27.804 JST" StructureHandle="=SL3/src&amp;lt;sl3.utils{DBUtils.java[DBUtils~dropTable~QActivity;~QString;~QString;" StructureKind="java"/><InteractionEvent Delta="null" EndDate="2014-10-12 09:16:02.686 JST" Interest="2.0" Kind="edit" Navigation="null" OriginId="org.eclipse.jdt.ui.CompilationUnitEditor" StartDate="2014-10-12 09:15:59.190 JST" StructureHandle="=SL3/src&amp;lt;sl3.utils{Methods_dlg.java[Methods_dlg~dlg_ShowMessage_ThirdDialog~QActivity;~QString;~QDialog;~QDialog;" StructureKind="java" NumEvents="2" CreationCount="868"/><InteractionEvent Delta="null" EndDate="2014-10-12 09:15:58.200 JST" Interest="2.0" Kind="selection" Navigation="null" OriginId="org.eclipse.jdt.ui.CompilationUnitEditor" StartDate="2014-10-12 09:15:58.195 JST" StructureHandle="=SL3/src&amp;lt;sl3.utils{Methods_dlg.java[Methods_dlg~dlg_ShowMessage_ThirdDialog~QActivity;~QString;~QDialog;~QDialog;" StructureKind="java" NumEvents="2" CreationCount="868"/><InteractionEvent Delta="null" EndDate="2014-10-12 09:06:00.163 JST" Interest="240.0" Kind="propagation" Navigation="null" OriginId="org.eclipse.jdt.ui.CompilationUnitEditor" StartDate="2014-10-12 08:36:13.884 JST" StructureHandle="/SL3/src/sl3/utils/DBUtils.java" StructureKind="resource" NumEvents="240" CreationCount="178"/><InteractionEvent Delta="null" EndDate="2014-10-12 09:00:22.280 JST" Interest="69.051" Kind="propagation" Navigation="null" OriginId="org.eclipse.jdt.ui.CompilationUnitEditor" StartDate="2014-10-12 08:30:41.443 JST" StructureHandle="/ShoppingList/src/sl/listeners" StructureKind="resource" NumEvents="72" CreationCount="46"/><InteractionEvent Delta="null" EndDate="2014-10-12 08:47:00.77 JST" Interest="2.868" Kind="propagation" Navigation="org.eclipse.mylyn.core.model.edges.containment" OriginId="org.eclipse.mylyn.core.model.interest.propagation" StartDate="2014-10-12 08:46:55.366 JST" StructureHandle="=SL3/src&amp;lt;sl3.utils{CONS.java" StructureKind="java" NumEvents="6" CreationCount="433"/><InteractionEvent Delta="null" EndDate="2014-10-12 08:51:39.916 JST" Interest="5.0" Kind="selection" Navigation="null" OriginId="org.eclipse.jdt.ui.PackageExplorer" StartDate="2014-10-12 08:46:46.673 JST" StructureHandle="=SL3/src&amp;lt;sl3.utils{CONS.java" StructureKind="java" NumEvents="5" CreationCount="433"/><InteractionEvent Delta="null" EndDate="2014-10-12 08:56:54.632 JST" Interest="10.0" Kind="edit" Navigation="null" OriginId="com.android.ide.eclipse.editors.CommonXmlEditor" StartDate="2014-10-12 08:32:08.250 JST" StructureHandle="/SL3/res/layout/dlg_edit_items.xml" StructureKind="resource" NumEvents="10" CreationCount="88"/><InteractionEvent Delta="null" EndDate="2014-10-12 08:51:49.921 JST" Interest="12.0" Kind="selection" Navigation="null" OriginId="com.android.ide.eclipse.editors.CommonXmlEditor" StartDate="2014-10-12 08:32:05.333 JST" StructureHandle="/SL3/res/layout/dlg_edit_items.xml" StructureKind="resource" NumEvents="12" CreationCount="88"/><InteractionEvent Delta="null" EndDate="2014-10-12 08:33:46.560 JST" Interest="8.387001" Kind="propagation" Navigation="org.eclipse.mylyn.core.model.edges.containment" OriginId="org.eclipse.mylyn.core.model.interest.propagation" StartDate="2014-10-12 08:31:08.792 JST" StructureHandle="=ShoppingList/src&amp;lt;sl.listeners.dialog{DialogButtonOnClickListener.java" StructureKind="java" NumEvents="13" CreationCount="49"/><InteractionEvent Delta="null" EndDate="2014-10-12 09:06:03.313 JST" Interest="19.0" Kind="selection" Navigation="null" OriginId="org.eclipse.jdt.ui.CompilationUnitEditor" StartDate="2014-10-12 08:30:49.904 JST" StructureHandle="=ShoppingList/src&amp;lt;sl.listeners.dialog{DialogButtonOnClickListener.java" StructureKind="java" NumEvents="19" CreationCount="49"/><InteractionEvent Delta="null" EndDate="2014-10-12 08:29:32.887 JST" Interest="1.0" Kind="selection" Navigation="null" OriginId="org.eclipse.jdt.ui.CompilationUnitEditor" StartDate="2014-10-12 08:29:32.887 JST" StructureHandle="=SL3/src&amp;lt;sl3.listeners.dialog{DB_OCL.java[DB_OCL~DB_OCL~QActivity;~QDialog;~QDialog;" StructureKind="java"/><InteractionEvent Delta="null" EndDate="2014-10-12 09:21:25.431 JST" Interest="278.774" Kind="propagation" Navigation="org.eclipse.mylyn.core.model.edges.containment" OriginId="org.eclipse.mylyn.core.model.interest.propagation" StartDate="2014-10-12 08:29:32.887 JST" StructureHandle="=SL3/src&amp;lt;sl3.listeners.dialog{DB_OCL.java[DB_OCL" StructureKind="java" NumEvents="395" CreationCount="16"/><InteractionEvent Delta="null" EndDate="2014-10-12 09:09:44.572 JST" Interest="8.0" Kind="selection" Navigation="null" OriginId="org.eclipse.jdt.ui.CompilationUnitEditor" StartDate="2014-10-12 09:00:28.162 JST" StructureHandle="=SL3/src&amp;lt;sl3.listeners.dialog{DB_OCL.java[DB_OCL" StructureKind="java" NumEvents="8" CreationCount="16"/><InteractionEvent Delta="null" EndDate="2014-10-14 07:33:31.590 JST" Interest="3.0" Kind="propagation" Navigation="org.eclipse.mylyn.core.model.edges.containment" OriginId="org.eclipse.mylyn.core.model.interest.propagation" StartDate="2014-10-14 07:33:30.618 JST" StructureHandle="/TA2/src" StructureKind="resource" NumEvents="3" CreationCount="913"/><InteractionEvent Delta="null" EndDate="2014-10-12 08:30:39.472 JST" Interest="1.0" Kind="selection" Navigation="null" OriginId="org.eclipse.ui.views.ResourceNavigator" StartDate="2014-10-12 08:30:39.472 JST" StructureHandle="=ShoppingList/src&amp;lt;sl.adapters" StructureKind="java"/><InteractionEvent Delta="null" EndDate="2014-10-14 07:33:31.589 JST" Interest="3.0" Kind="propagation" Navigation="null" OriginId="org.eclipse.jdt.ui.CompilationUnitEditor" StartDate="2014-10-14 07:33:30.618 JST" StructureHandle="/TA2/src/ta2/listeners/dialog/DB_OCL.java" StructureKind="resource" NumEvents="3" CreationCount="913"/><InteractionEvent Delta="null" EndDate="2014-10-14 07:33:31.590 JST" Interest="3.0" Kind="propagation" Navigation="org.eclipse.mylyn.core.model.edges.containment" OriginId="org.eclipse.mylyn.core.model.interest.propagation" StartDate="2014-10-14 07:33:30.618 JST" StructureHandle="=TA2" StructureKind="resource" NumEvents="3" CreationCount="913"/><InteractionEvent Delta="null" EndDate="2014-10-12 08:29:20.668 JST" Interest="2.0" Kind="edit" Navigation="null" OriginId="org.eclipse.jdt.ui.CompilationUnitEditor" StartDate="2014-10-12 08:29:17.709 JST" StructureHandle="=SL3/src&amp;lt;sl3.utils{Methods_dlg.java[Methods_dlg~dlg_Register_item~QActivity;~QDialog;" StructureKind="java" NumEvents="2" CreationCount="10"/><InteractionEvent Delta="null" EndDate="2014-10-12 08:29:16.87 JST" Interest="2.0" Kind="selection" Navigation="null" OriginId="org.eclipse.jdt.ui.CompilationUnitEditor" StartDate="2014-10-12 08:29:14.137 JST" StructureHandle="=SL3/src&amp;lt;sl3.utils{Methods_dlg.java[Methods_dlg~dlg_Register_item~QActivity;~QDialog;" StructureKind="java" NumEvents="2" CreationCount="10"/><InteractionEvent Delta="null" EndDate="2014-10-12 09:05:35.387 JST" Interest="139.39803" Kind="propagation" Navigation="org.eclipse.mylyn.core.model.edges.containment" OriginId="org.eclipse.mylyn.core.model.interest.propagation" StartDate="2014-10-12 08:29:07.395 JST" StructureHandle="=SL3/src&amp;lt;sl3.utils" StructureKind="java" NumEvents="209" CreationCount="5"/><InteractionEvent Delta="null" EndDate="2014-10-12 08:29:05.27 JST" Interest="1.0" Kind="selection" Navigation="null" OriginId="org.eclipse.jdt.ui.PackageExplorer" StartDate="2014-10-12 08:29:05.27 JST" StructureHandle="=SL3/src&amp;lt;sl3.utils" StructureKind="java"/><InteractionEvent Delta="null" EndDate="2014-10-12 09:21:25.433 JST" Interest="794.0" Kind="propagation" Navigation="null" OriginId="org.eclipse.jdt.ui.CompilationUnitEditor" StartDate="2014-10-12 08:28:53.822 JST" StructureHandle="/SL3" StructureKind="resource" NumEvents="794" CreationCount="1"/><InteractionEvent Delta="null" EndDate="2014-10-12 08:51:41.837 JST" Interest="2.0" Kind="selection" Navigation="null" OriginId="org.eclipse.jdt.ui.PackageExplorer" StartDate="2014-10-12 08:51:41.836 JST" StructureHandle="/SL3/res/drawable-xhdpi" StructureKind="resource" NumEvents="2" CreationCount="511"/><InteractionEvent Delta="null" EndDate="2014-10-12 09:10:46.457 JST" Interest="1.0" Kind="selection" Navigation="null" OriginId="org.eclipse.jdt.ui.CompilationUnitEditor" StartDate="2014-10-12 09:10:46.457 JST" StructureHandle="=SL3/src&amp;lt;sl3.listeners.dialog{DB_OCL.java[DB_OCL~case_ACTV_TAB_OPT_INSERT_NUM_SI" StructureKind="java"/><InteractionEvent Delta="null" EndDate="2014-10-12 09:05:29.354 JST" Interest="9.0" Kind="edit" Navigation="null" OriginId="org.eclipse.jdt.ui.CompilationUnitEditor" StartDate="2014-10-12 08:34:59.761 JST" StructureHandle="=ShoppingList/src&amp;lt;sl.utils{DBUtils.java[DBUtils~storeData~QSQLiteDatabase;~QString;~\[QString;~\[QString;" StructureKind="java" NumEvents="9" CreationCount="159"/><InteractionEvent Delta="null" EndDate="2014-10-12 09:05:27.686 JST" Interest="7.0" Kind="selection" Navigation="null" OriginId="org.eclipse.jdt.ui.CompilationUnitEditor" StartDate="2014-10-12 08:34:49.649 JST" StructureHandle="=ShoppingList/src&amp;lt;sl.utils{DBUtils.java[DBUtils~storeData~QSQLiteDatabase;~QString;~\[QString;~\[QString;" StructureKind="java" NumEvents="7" CreationCount="159"/><InteractionEvent Delta="null" EndDate="2014-10-12 08:51:46.236 JST" Interest="2.0" Kind="selection" Navigation="null" OriginId="org.eclipse.jdt.ui.PackageExplorer" StartDate="2014-10-12 08:51:46.235 JST" StructureHandle="/SL3/res/layout/actv_db.xml" StructureKind="resource" NumEvents="2" CreationCount="515"/><InteractionEvent Delta="null" EndDate="2014-10-12 09:05:32.207 JST" Interest="32.0" Kind="propagation" Navigation="null" OriginId="org.eclipse.jdt.ui.CompilationUnitEditor" StartDate="2014-10-12 08:34:10.978 JST" StructureHandle="/ShoppingList/src/sl/utils/DBUtils.java" StructureKind="resource" NumEvents="32" CreationCount="150"/><InteractionEvent Delta="null" EndDate="2014-10-12 09:15:57.244 JST" Interest="4.637001" Kind="manipulation" Navigation="null" OriginId="org.eclipse.mylyn.core.model.interest.decay.correction" StartDate="2014-10-12 09:15:57.244 JST" StructureHandle="/SL3/src/sl3/utils/Methods_dlg.java" StructureKind="resource"/><InteractionEvent Delta="null" EndDate="2014-10-12 09:20:28.748 JST" Interest="37.0" Kind="propagation" Navigation="null" OriginId="org.eclipse.jdt.ui.CompilationUnitEditor" StartDate="2014-10-12 08:29:07.395 JST" StructureHandle="/SL3/src/sl3/utils/Methods_dlg.java" StructureKind="resource" NumEvents="37" CreationCount="6"/><InteractionEvent Delta="null" EndDate="2014-10-12 08:33:52.776 JST" Interest="1.0" Kind="selection" Navigation="null" OriginId="org.eclipse.ui.views.ContentOutline" StartDate="2014-10-12 08:33:52.776 JST" StructureHandle="=ShoppingList/src&amp;lt;sl.listeners.dialog{DialogButtonOnClickListener.java[DialogButtonOnClickListener~case_dlg_edit_items_bt_ok__updateItemList~QShoppingItem;" StructureKind="java"/><InteractionEvent Delta="null" EndDate="2014-10-12 09:06:03.855 JST" Interest="112.118996" Kind="propagation" Navigation="org.eclipse.mylyn.core.model.edges.containment" OriginId="org.eclipse.mylyn.core.model.interest.propagation" StartDate="2014-10-12 08:30:38.266 JST" StructureHandle="=ShoppingList" StructureKind="resource" NumEvents="120" CreationCount="42"/><InteractionEvent Delta="null" EndDate="2014-10-14 07:33:07.796 JST" Interest="2.0" Kind="selection" Navigation="null" OriginId="org.eclipse.jdt.ui.PackageExplorer" StartDate="2014-10-12 08:30:34.471 JST" StructureHandle="=ShoppingList" StructureKind="java" NumEvents="2" CreationCount="370"/><InteractionEvent Delta="null" EndDate="2014-10-12 09:15:57.244 JST" Interest="10.152001" Kind="manipulation" Navigation="null" OriginId="org.eclipse.mylyn.core.model.interest.decay.correction" StartDate="2014-10-12 09:15:57.244 JST" StructureHandle="=SL3/src&amp;lt;sl3.utils{Methods_dlg.java" StructureKind="java"/><InteractionEvent Delta="null" EndDate="2014-10-12 09:20:28.749 JST" Interest="13.803999" Kind="propagation" Navigation="org.eclipse.mylyn.core.model.edges.containment" OriginId="org.eclipse.mylyn.core.model.interest.propagation" StartDate="2014-10-12 08:29:17.710 JST" StructureHandle="=SL3/src&amp;lt;sl3.utils{Methods_dlg.java" StructureKind="java" NumEvents="21" CreationCount="6"/><InteractionEvent Delta="null" EndDate="2014-10-12 08:29:09.486 JST" Interest="1.0" Kind="edit" Navigation="null" OriginId="org.eclipse.jdt.ui.CompilationUnitEditor" StartDate="2014-10-12 08:29:09.486 JST" StructureHandle="=SL3/src&amp;lt;sl3.utils{Methods_dlg.java" StructureKind="java"/><InteractionEvent Delta="null" EndDate="2014-10-12 09:15:57.244 JST" Interest="4.0" Kind="selection" Navigation="null" OriginId="org.eclipse.jdt.ui.CompilationUnitEditor" StartDate="2014-10-12 08:29:07.394 JST" StructureHandle="=SL3/src&amp;lt;sl3.utils{Methods_dlg.java" StructureKind="java" NumEvents="4" CreationCount="6"/><InteractionEvent Delta="null" EndDate="2014-10-12 09:06:03.856 JST" Interest="61.034" Kind="propagation" Navigation="null" OriginId="org.eclipse.jdt.ui.CompilationUnitEditor" StartDate="2014-10-12 08:30:42.811 JST" StructureHandle="/ShoppingList/src/sl/listeners/dialog" StructureKind="resource" NumEvents="62" CreationCount="47"/><InteractionEvent Delta="null" EndDate="2014-10-14 08:15:47.935 JST" Interest="455.18698" Kind="propagation" Navigation="org.eclipse.mylyn.core.model.edges.containment" OriginId="org.eclipse.mylyn.core.model.interest.propagation" StartDate="2014-10-12 08:29:01.902 JST" StructureHandle="/SL3/src/sl3/listeners/dialog" StructureKind="resource" NumEvents="456" CreationCount="4"/><InteractionEvent Delta="null" EndDate="2014-10-12 08:56:54.632 JST" Interest="16.479" Kind="propagation" Navigation="org.eclipse.mylyn.core.model.edges.containment" OriginId="org.eclipse.mylyn.core.model.interest.propagation" StartDate="2014-10-12 08:32:06.344 JST" StructureHandle="/SL3/res" StructureKind="resource" NumEvents="22" CreationCount="1"/><InteractionEvent Delta="null" EndDate="2014-10-12 08:31:59.953 JST" Interest="4.0" Kind="selection" Navigation="null" OriginId="org.eclipse.jdt.ui.PackageExplorer" StartDate="2014-10-12 08:28:53.822 JST" StructureHandle="/SL3/res" StructureKind="resource" NumEvents="4" CreationCount="1"/><InteractionEvent Delta="null" EndDate="2014-10-14 08:15:47.936 JST" Interest="756.051" Kind="propagation" Navigation="null" OriginId="org.eclipse.jdt.ui.CompilationUnitEditor" StartDate="2014-10-12 08:28:56.658 JST" StructureHandle="/SL3/src" StructureKind="resource" NumEvents="759" CreationCount="3"/><InteractionEvent Delta="null" EndDate="2014-10-12 08:30:55.219 JST" Interest="1.0" Kind="selection" Navigation="null" OriginId="org.eclipse.ui.views.ContentOutline" StartDate="2014-10-12 08:30:55.219 JST" StructureHandle="=ShoppingList/src&amp;lt;sl.listeners.dialog{DB_CL.java%sl.listeners.dialog" StructureKind="java"/><InteractionEvent Delta="null" EndDate="2014-10-12 08:30:25.218 JST" Interest="18.0" Kind="edit" Navigation="null" OriginId="org.eclipse.jdt.ui.CompilationUnitEditor" StartDate="2014-10-12 08:29:36.79 JST" StructureHandle="=SL3/src&amp;lt;sl3.listeners.dialog{DB_OCL.java[DB_OCL~onClick~QView;" StructureKind="java" NumEvents="18" CreationCount="17"/><InteractionEvent Delta="null" EndDate="2014-10-12 08:29:45.657 JST" Interest="2.0" Kind="selection" Navigation="null" OriginId="org.eclipse.jdt.ui.CompilationUnitEditor" StartDate="2014-10-12 08:29:35.4 JST" StructureHandle="=SL3/src&amp;lt;sl3.listeners.dialog{DB_OCL.java[DB_OCL~onClick~QView;" StructureKind="java" NumEvents="2" CreationCount="17"/><InteractionEvent Delta="null" EndDate="2014-10-12 09:21:25.432 JST" Interest="272.791" Kind="propagation" Navigation="org.eclipse.mylyn.core.model.edges.containment" OriginId="org.eclipse.mylyn.core.model.interest.propagation" StartDate="2014-10-12 08:29:32.888 JST" StructureHandle="=SL3/src&amp;lt;sl3.listeners.dialog{DB_OCL.java" StructureKind="java" NumEvents="393" CreationCount="15"/><InteractionEvent Delta="null" EndDate="2014-10-14 07:32:59.474 JST" Interest="2.0" Kind="edit" Navigation="null" OriginId="org.eclipse.jdt.ui.CompilationUnitEditor" StartDate="2014-10-14 07:32:19.892 JST" StructureHandle="=SL3/src&amp;lt;sl3.listeners.dialog{DB_OCL.java" StructureKind="java" NumEvents="2" CreationCount="15"/><InteractionEvent Delta="null" EndDate="2014-10-14 08:15:47.859 JST" Interest="15.0" Kind="selection" Navigation="null" OriginId="org.eclipse.jdt.ui.CompilationUnitEditor" StartDate="2014-10-12 08:29:32.0 JST" StructureHandle="=SL3/src&amp;lt;sl3.listeners.dialog{DB_OCL.java" StructureKind="java" NumEvents="15" CreationCount="15"/><InteractionEvent Delta="null" EndDate="2014-10-12 08:47:15.177 JST" Interest="3.817" Kind="propagation" Navigation="org.eclipse.mylyn.core.model.edges.containment" OriginId="org.eclipse.mylyn.core.model.interest.propagation" StartDate="2014-10-12 08:46:55.237 JST" StructureHandle="=SL3/src&amp;lt;sl3.utils{CONS.java[CONS[DB" StructureKind="java" NumEvents="6" CreationCount="436"/><InteractionEvent Delta="null" EndDate="2014-10-12 08:46:55.366 JST" Interest="2.0" Kind="selection" Navigation="null" OriginId="org.eclipse.jdt.ui.CompilationUnitEditor" StartDate="2014-10-12 08:46:50.712 JST" StructureHandle="=SL3/src&amp;lt;sl3.utils{CONS.java[CONS[DB" StructureKind="java" NumEvents="2" CreationCount="436"/><InteractionEvent Delta="null" EndDate="2014-10-12 08:36:20.620 JST" Interest="1.0" Kind="selection" Navigation="null" OriginId="org.eclipse.ui.views.ContentOutline" StartDate="2014-10-12 08:36:20.620 JST" StructureHandle="=SL3/src&amp;lt;sl3.utils{DBUtils.java%sl3.utils" StructureKind="java"/><InteractionEvent Delta="null" EndDate="2014-10-12 08:33:46.559 JST" Interest="18.251001" Kind="propagation" Navigation="org.eclipse.mylyn.core.model.edges.containment" OriginId="org.eclipse.mylyn.core.model.interest.propagation" StartDate="2014-10-12 08:31:01.310 JST" StructureHandle="=ShoppingList/src&amp;lt;sl.listeners.dialog{DialogButtonOnClickListener.java[DialogButtonOnClickListener" StructureKind="java" NumEvents="25" CreationCount="57"/><InteractionEvent Delta="null" EndDate="2014-10-12 09:20:49.496 JST" Interest="1.0" Kind="prediction" Navigation="null" OriginId="org.eclipse.mylyn.resources.ui.interest.updater" StartDate="2014-10-12 09:20:49.496 JST" StructureHandle="/SL3/bin/SL3.apk" StructureKind="resource"/><InteractionEvent Delta="null" EndDate="2014-10-12 09:06:03.857 JST" Interest="114.102" Kind="propagation" Navigation="null" OriginId="org.eclipse.jdt.ui.CompilationUnitEditor" StartDate="2014-10-12 08:30:38.266 JST" StructureHandle="/ShoppingList/src" StructureKind="resource" NumEvents="120" CreationCount="43"/><InteractionEvent Delta="null" EndDate="2014-10-12 08:33:36.281 JST" Interest="16.0" Kind="edit" Navigation="null" OriginId="org.eclipse.jdt.ui.CompilationUnitEditor" StartDate="2014-10-12 08:31:06.550 JST" StructureHandle="=ShoppingList/src&amp;lt;sl.listeners.dialog{DialogButtonOnClickListener.java[DialogButtonOnClickListener~case_dlg_edit_items_bt_ok" StructureKind="java" NumEvents="16" CreationCount="60"/><InteractionEvent Delta="null" EndDate="2014-10-12 08:33:46.559 JST" Interest="7.0" Kind="selection" Navigation="null" OriginId="org.eclipse.ui.views.ContentOutline" StartDate="2014-10-12 08:31:05.964 JST" StructureHandle="=ShoppingList/src&amp;lt;sl.listeners.dialog{DialogButtonOnClickListener.java[DialogButtonOnClickListener~case_dlg_edit_items_bt_ok" StructureKind="java" NumEvents="7" CreationCount="60"/><InteractionEvent Delta="null" EndDate="2014-10-14 07:33:31.588 JST" Interest="1.0" Kind="edit" Navigation="null" OriginId="org.eclipse.jdt.ui.CompilationUnitEditor" StartDate="2014-10-14 07:33:31.588 JST" StructureHandle="=TA2/src&amp;lt;ta2.listeners.dialog{DB_OCL.java[DB_OCL~case_DLG_FILTER_SHOWLIST_OK_2" StructureKind="java"/><InteractionEvent Delta="null" EndDate="2014-10-14 07:33:30.790 JST" Interest="1.0" Kind="selection" Navigation="null" OriginId="org.eclipse.jdt.ui.CompilationUnitEditor" StartDate="2014-10-14 07:33:30.790 JST" StructureHandle="=TA2/src&amp;lt;ta2.listeners.dialog{DB_OCL.java[DB_OCL~case_DLG_FILTER_SHOWLIST_OK_2" StructureKind="java"/><InteractionEvent Delta="null" EndDate="2014-10-12 09:04:19.154 JST" Interest="1.0" Kind="selection" Navigation="null" OriginId="org.eclipse.jdt.ui.CompilationUnitEditor" StartDate="2014-10-12 09:04:19.154 JST" StructureHandle="=SL3/src&amp;lt;sl3.listeners.dialog{DB_OCL.java[DB_OCL~case_ACTV_TAB_OPT_DROP_TABLE~QDialogTags;" StructureKind="java"/><InteractionEvent Delta="null" EndDate="2014-10-12 08:56:54.632 JST" Interest="13.034" Kind="propagation" Navigation="org.eclipse.mylyn.core.model.edges.containment" OriginId="org.eclipse.mylyn.core.model.interest.propagation" StartDate="2014-10-12 08:32:05.336 JST" StructureHandle="/SL3/res/layout" StructureKind="resource" NumEvents="18" CreationCount="86"/><InteractionEvent Delta="null" EndDate="2014-10-12 08:51:44.930 JST" Interest="6.0" Kind="selection" Navigation="null" OriginId="org.eclipse.jdt.ui.PackageExplorer" StartDate="2014-10-12 08:32:02.582 JST" StructureHandle="/SL3/res/layout" StructureKind="resource" NumEvents="6" CreationCount="86"/><InteractionEvent Delta="null" EndDate="2014-10-12 09:20:49.496 JST" Interest="1.0" Kind="prediction" Navigation="null" OriginId="org.eclipse.mylyn.resources.ui.interest.updater" StartDate="2014-10-12 09:20:49.496 JST" StructureHandle="/SL3/bin/resources.ap_" StructureKind="resource"/><InteractionEvent Delta="null" EndDate="2014-10-14 07:33:31.592 JST" Interest="1.717" Kind="propagation" Navigation="org.eclipse.mylyn.core.model.edges.containment" OriginId="org.eclipse.mylyn.core.model.interest.propagation" StartDate="2014-10-14 07:33:30.618 JST" StructureHandle="=TA2/src" StructureKind="java" NumEvents="3" CreationCount="913"/><InteractionEvent Delta="null" EndDate="2014-10-12 08:47:24.740 JST" Interest="9.0" Kind="edit" Navigation="null" OriginId="org.eclipse.jdt.ui.CompilationUnitEditor" StartDate="2014-10-12 08:36:33.866 JST" StructureHandle="=SL3/src&amp;lt;sl3.utils{DBUtils.java[DBUtils~storeData~QSQLiteDatabase;~QString;~\[QString;~\[QString;" StructureKind="java" NumEvents="9" CreationCount="184"/><InteractionEvent Delta="null" EndDate="2014-10-12 09:05:35.385 JST" Interest="9.0" Kind="selection" Navigation="null" OriginId="org.eclipse.jdt.ui.CompilationUnitEditor" StartDate="2014-10-12 08:36:33.52 JST" StructureHandle="=SL3/src&amp;lt;sl3.utils{DBUtils.java[DBUtils~storeData~QSQLiteDatabase;~QString;~\[QString;~\[QString;" StructureKind="java" NumEvents="9" CreationCount="184"/><InteractionEvent Delta="null" EndDate="2014-10-12 09:06:49.313 JST" Interest="1.9410002" Kind="manipulation" Navigation="null" OriginId="org.eclipse.mylyn.core.model.interest.decay.correction" StartDate="2014-10-12 09:06:49.313 JST" StructureHandle="=SL3/src&amp;lt;sl3.listeners.dialog{DB_OCL.java[DB_OCL~case_ACTV_TAB_SEARCH_OK" StructureKind="java"/><InteractionEvent Delta="null" EndDate="2014-10-12 09:06:57.70 JST" Interest="3.0" Kind="edit" Navigation="null" OriginId="org.eclipse.jdt.ui.CompilationUnitEditor" StartDate="2014-10-12 09:06:54.270 JST" StructureHandle="=SL3/src&amp;lt;sl3.listeners.dialog{DB_OCL.java[DB_OCL~case_ACTV_TAB_SEARCH_OK" StructureKind="java" NumEvents="3" CreationCount="558"/><InteractionEvent Delta="null" EndDate="2014-10-12 09:06:49.313 JST" Interest="2.0" Kind="selection" Navigation="null" OriginId="org.eclipse.jdt.ui.CompilationUnitEditor" StartDate="2014-10-12 09:00:42.653 JST" StructureHandle="=SL3/src&amp;lt;sl3.listeners.dialog{DB_OCL.java[DB_OCL~case_ACTV_TAB_SEARCH_OK" StructureKind="java" NumEvents="2" CreationCount="558"/><InteractionEvent Delta="null" EndDate="2014-10-12 09:00:22.278 JST" Interest="22.0" Kind="propagation" Navigation="null" OriginId="org.eclipse.jdt.ui.CompilationUnitEditor" StartDate="2014-10-12 08:35:21.387 JST" StructureHandle="/ShoppingList/src/sl/listeners/ButtonOnClickListener.java" StructureKind="resource" NumEvents="22" CreationCount="163"/><InteractionEvent Delta="null" EndDate="2014-10-12 09:06:03.854 JST" Interest="2.4370008" Kind="manipulation" Navigation="null" OriginId="org.eclipse.mylyn.core.model.interest.decay.correction" StartDate="2014-10-12 08:47:26.788 JST" StructureHandle="=ShoppingList/src&amp;lt;sl.listeners.dialog{DialogButtonOnClickListener.java[DialogButtonOnClickListener~case_dlg_scheduleInDb_update_execute~QSpinner;~QString;~J" StructureKind="java" NumEvents="3" CreationCount="146"/><InteractionEvent Delta="null" EndDate="2014-10-12 08:34:03.17 JST" Interest="3.0" Kind="edit" Navigation="null" OriginId="org.eclipse.jdt.ui.CompilationUnitEditor" StartDate="2014-10-12 08:34:02.395 JST" StructureHandle="=ShoppingList/src&amp;lt;sl.listeners.dialog{DialogButtonOnClickListener.java[DialogButtonOnClickListener~case_dlg_scheduleInDb_update_execute~QSpinner;~QString;~J" StructureKind="java" NumEvents="3" CreationCount="146"/><InteractionEvent Delta="null" EndDate="2014-10-12 09:06:03.854 JST" Interest="6.0" Kind="selection" Navigation="null" OriginId="org.eclipse.jdt.ui.CompilationUnitEditor" StartDate="2014-10-12 08:33:57.623 JST" StructureHandle="=ShoppingList/src&amp;lt;sl.listeners.dialog{DialogButtonOnClickListener.java[DialogButtonOnClickListener~case_dlg_scheduleInDb_update_execute~QSpinner;~QString;~J" StructureKind="java" NumEvents="6" CreationCount="146"/><InteractionEvent Delta="null" EndDate="2014-10-12 08:39:52.488 JST" Interest="4.753" Kind="propagation" Navigation="org.eclipse.mylyn.core.model.edges.containment" OriginId="org.eclipse.mylyn.core.model.interest.propagation" StartDate="2014-10-12 08:34:11.881 JST" StructureHandle="=ShoppingList/src&amp;lt;sl.utils{DBUtils.java" StructureKind="java" NumEvents="11" CreationCount="150"/><InteractionEvent Delta="null" EndDate="2014-10-12 09:05:27.204 JST" Interest="11.0" Kind="selection" Navigation="null" OriginId="org.eclipse.jdt.ui.CompilationUnitEditor" StartDate="2014-10-12 08:34:10.977 JST" StructureHandle="=ShoppingList/src&amp;lt;sl.utils{DBUtils.java" StructureKind="java" NumEvents="11" CreationCount="150"/><InteractionEvent Delta="null" EndDate="2014-10-14 08:15:47.934 JST" Interest="3.0" Kind="selection" Navigation="null" OriginId="org.eclipse.jdt.ui.CompilationUnitEditor" StartDate="2014-10-14 07:33:24.530 JST" StructureHandle="=SL3/src&amp;lt;sl3.listeners.dialog{DB_OCL.java#sl3.utils.Tags.DialogTags" StructureKind="java" NumEvents="3" CreationCount="911"/></InteractionHistory>