<?xml version="1.0" encoding="UTF-8" standalone="no"?><TaskList Version="2.0"><Task Active="false" ConnectorKind="local" CreationDate="2014-08-23 10:44:07.496 +0900" DueDate="" EndDate="2014-08-23 21:03:51.813 +0900" Estimated="0" Handle="local-11" IssueURL="" Kind="task" Label="D-3_setup_MemoActv_v-4.0_build-list" LastModified="now" MarkReadPending="false" ModificationDate="" Notes="" NotifiedIncoming="true" Owner="local" Priority="P3" Reminded="false" RepositoryUrl="local" ScheduledEndDate="2014-08-23 23:59:59.999 +0900" ScheduledStartDate="2014-08-17 00:00:00.0 +0900" Stale="false" TaskId="11" offlineSyncState="SYNCHRONIZED"/><Task Active="false" ConnectorKind="local" CreationDate="2014-08-28 23:21:59.305 +0900" DueDate="" EndDate="" Estimated="0" Handle="local-32" IssueURL="" Kind="task" Label="D-29_LAB_wave_v-1.0" LastModified="now" MarkReadPending="false" ModificationDate="" Notes="" NotifiedIncoming="true" Owner="local" Priority="P3" Reminded="false" RepositoryUrl="local" ScheduledEndDate="2014-08-30 23:59:59.999 +0900" ScheduledStartDate="2014-08-24 00:00:00.0 +0900" Stale="false" TaskId="32" offlineSyncState="SYNCHRONIZED"/><Task Active="false" ConnectorKind="local" CreationDate="2014-08-21 20:05:59.571 +0900" DueDate="" EndDate="2014-08-23 10:15:01.859 +0900" Estimated="0" Handle="local-6" IssueURL="" Kind="task" Label="D-3_setup_MemoActv_import-patterns_v-2.2_create-table" LastModified="now" MarkReadPending="false" ModificationDate="" Notes="" NotifiedIncoming="true" Owner="local" Priority="P3" Reminded="false" RepositoryUrl="local" ScheduledEndDate="2014-08-23 23:59:59.999 +0900" ScheduledStartDate="2014-08-17 00:00:00.0 +0900" Stale="false" TaskId="6" offlineSyncState="SYNCHRONIZED"/><Task Active="false" ConnectorKind="local" CreationDate="2014-08-23 22:16:49.518 +0900" DueDate="" EndDate="2014-08-24 21:50:18.412 +0900" Estimated="0" Handle="local-19" IssueURL="" Kind="task" Label="D-4_ShowListActv_v-1.0" LastModified="now" MarkReadPending="false" ModificationDate="" Notes="" NotifiedIncoming="true" Owner="local" Priority="P3" Reminded="false" RepositoryUrl="local" ScheduledEndDate="2014-08-23 23:59:59.999 +0900" ScheduledStartDate="2014-08-17 00:00:00.0 +0900" Stale="false" TaskId="19" offlineSyncState="SYNCHRONIZED"/><Task Active="false" ConnectorKind="local" CreationDate="2014-08-23 21:16:31.188 +0900" DueDate="" EndDate="2014-08-23 21:36:16.655 +0900" Estimated="0" Handle="local-16" IssueURL="" Kind="task" Label="D-3_setup_MemoActv_v-6.1_create/drop-table" LastModified="now" MarkReadPending="false" ModificationDate="" Notes="" NotifiedIncoming="true" Owner="local" Priority="P3" Reminded="false" RepositoryUrl="local" ScheduledEndDate="2014-08-23 23:59:59.999 +0900" ScheduledStartDate="2014-08-17 00:00:00.0 +0900" Stale="false" TaskId="16" offlineSyncState="SYNCHRONIZED"/><Task Active="false" ConnectorKind="local" CreationDate="2014-08-23 20:47:58.364 +0900" DueDate="" EndDate="2014-08-23 21:03:51.813 +0900" Estimated="0" Handle="local-14" IssueURL="" Kind="task" Label="D-3_setup_MemoActv_v-5.2_all-clear" LastModified="now" MarkReadPending="false" ModificationDate="" Notes="" NotifiedIncoming="true" Owner="local" Priority="P3" Reminded="false" RepositoryUrl="local" ScheduledEndDate="2014-08-23 23:59:59.999 +0900" ScheduledStartDate="2014-08-17 00:00:00.0 +0900" Stale="false" TaskId="14" offlineSyncState="SYNCHRONIZED"/><Task Active="false" ConnectorKind="local" CreationDate="2014-08-28 21:15:28.126 +0900" DueDate="" EndDate="2014-08-29 08:09:42.118 +0900" Estimated="0" Handle="local-31" IssueURL="" Kind="task" Label="D-27_admin-patterns_v-2.1_register-pattern" LastModified="now" MarkReadPending="false" ModificationDate="" Notes="" NotifiedIncoming="true" Owner="local" Priority="P3" Reminded="false" RepositoryUrl="local" ScheduledEndDate="2014-08-30 23:59:59.999 +0900" ScheduledStartDate="2014-08-24 00:00:00.0 +0900" Stale="false" TaskId="31" offlineSyncState="SYNCHRONIZED"/><Task Active="false" ConnectorKind="local" CreationDate="2014-08-24 09:35:00.911 +0900" DueDate="" EndDate="2014-08-24 21:50:18.412 +0900" Estimated="0" Handle="local-20" IssueURL="" Kind="task" Label="D-4_ShowListActv_v-2.0_build-memo-list" LastModified="now" MarkReadPending="false" ModificationDate="" Notes="" NotifiedIncoming="true" Owner="local" Priority="P3" Reminded="false" RepositoryUrl="local" ScheduledEndDate="2014-08-30 23:59:59.999 +0900" ScheduledStartDate="2014-08-24 00:00:00.0 +0900" Stale="false" TaskId="20" offlineSyncState="SYNCHRONIZED"/><Task Active="false" ConnectorKind="local" CreationDate="2014-08-22 10:05:55.782 +0900" DueDate="" EndDate="2014-08-23 10:15:01.859 +0900" Estimated="0" Handle="local-7" IssueURL="" Kind="task" Label="D-3/SEG-1_BGM_v-1.0" LastModified="now" MarkReadPending="false" ModificationDate="" Notes="" NotifiedIncoming="true" Owner="local" Priority="P3" Reminded="false" RepositoryUrl="local" ScheduledEndDate="2014-08-23 23:59:59.999 +0900" ScheduledStartDate="2014-08-17 00:00:00.0 +0900" Stale="false" TaskId="7" offlineSyncState="SYNCHRONIZED"/><Task Active="false" ConnectorKind="local" CreationDate="2014-08-26 10:13:31.501 +0900" DueDate="" EndDate="2014-08-27 10:36:33.514 +0900" Estimated="0" Handle="local-26" IssueURL="" Kind="task" Label="D-7_showlist_navigation_v-1.0" LastModified="now" MarkReadPending="false" ModificationDate="" Notes="" NotifiedIncoming="true" Owner="local" Priority="P3" Reminded="false" RepositoryUrl="local" ScheduledEndDate="2014-08-30 23:59:59.999 +0900" ScheduledStartDate="2014-08-24 00:00:00.0 +0900" Stale="false" TaskId="26" offlineSyncState="SYNCHRONIZED"/><Task Active="false" ConnectorKind="local" CreationDate="2014-08-24 16:56:45.580 +0900" DueDate="" EndDate="2014-08-24 21:50:59.438 +0900" Estimated="0" Handle="local-22" IssueURL="" Kind="task" Label="D-4_ShowListActv_v-3.5_multiple-keywords" LastModified="now" MarkReadPending="false" ModificationDate="" Notes="" NotifiedIncoming="true" Owner="local" Priority="P3" Reminded="false" RepositoryUrl="local" ScheduledEndDate="2014-08-30 23:59:59.999 +0900" ScheduledStartDate="2014-08-24 00:00:00.0 +0900" Stale="false" TaskId="22" offlineSyncState="SYNCHRONIZED"/><Task Active="false" ConnectorKind="local" CreationDate="2014-08-21 09:53:24.144 +0900" DueDate="" EndDate="2014-08-23 10:15:01.860 +0900" Estimated="0" Handle="local-4" IssueURL="" Kind="task" Label="D-3_setup_MemoActv_import-patterns_v-2.0" LastModified="now" MarkReadPending="false" ModificationDate="" Notes="" NotifiedIncoming="true" Owner="local" Priority="P3" Reminded="false" RepositoryUrl="local" ScheduledEndDate="2014-08-23 23:59:59.999 +0900" ScheduledStartDate="2014-08-17 00:00:00.0 +0900" Stale="false" TaskId="4" offlineSyncState="SYNCHRONIZED"/><Task Active="false" ConnectorKind="local" CreationDate="2014-08-23 08:34:42.334 +0900" DueDate="" EndDate="2014-08-23 10:15:01.859 +0900" Estimated="0" Handle="local-8" IssueURL="" Kind="task" Label="D-3_setup_MemoActv_import-patterns_v-2.2.1_drop-table" LastModified="now" MarkReadPending="false" ModificationDate="" Notes="" NotifiedIncoming="true" Owner="local" Priority="P3" Reminded="false" RepositoryUrl="local" ScheduledEndDate="2014-08-23 23:59:59.999 +0900" ScheduledStartDate="2014-08-17 00:00:00.0 +0900" Stale="false" TaskId="8" offlineSyncState="SYNCHRONIZED"/><Task Active="false" ConnectorKind="local" CreationDate="2014-08-23 21:36:18.140 +0900" DueDate="" EndDate="2014-08-24 21:50:18.411 +0900" Estimated="0" Handle="local-17" IssueURL="" Kind="task" Label="D-3_setup_MemoActv_v-6.2_save-text" LastModified="now" MarkReadPending="false" ModificationDate="" Notes="" NotifiedIncoming="true" Owner="local" Priority="P3" Reminded="false" RepositoryUrl="local" ScheduledEndDate="2014-08-23 23:59:59.999 +0900" ScheduledStartDate="2014-08-17 00:00:00.0 +0900" Stale="false" TaskId="17" offlineSyncState="SYNCHRONIZED"/><Task Active="false" ConnectorKind="local" CreationDate="2014-08-28 13:26:51.993 +0900" DueDate="" EndDate="2014-08-29 08:09:42.117 +0900" Estimated="0" Handle="local-30" IssueURL="" Kind="task" Label="D-27_admin-patterns_v-1.1_delete-listviews-2,3" LastModified="now" MarkReadPending="false" ModificationDate="" Notes="" NotifiedIncoming="true" Owner="local" Priority="P3" Reminded="false" RepositoryUrl="local" ScheduledEndDate="2014-08-30 23:59:59.999 +0900" ScheduledStartDate="2014-08-24 00:00:00.0 +0900" Stale="false" TaskId="30" offlineSyncState="SYNCHRONIZED"/><Task Active="false" ConnectorKind="local" CreationDate="2014-08-23 20:40:37.942 +0900" DueDate="" EndDate="2014-08-23 21:03:51.813 +0900" Estimated="0" Handle="local-13" IssueURL="" Kind="task" Label="D-3_setup_MemoActv_v-5.x_set-listeners" LastModified="now" MarkReadPending="false" ModificationDate="" Notes="" NotifiedIncoming="true" Owner="local" Priority="P3" Reminded="false" RepositoryUrl="local" ScheduledEndDate="2014-08-23 23:59:59.999 +0900" ScheduledStartDate="2014-08-17 00:00:00.0 +0900" Stale="false" TaskId="13" offlineSyncState="SYNCHRONIZED"/><Task Active="false" ConnectorKind="local" CreationDate="2014-08-23 21:54:21.186 +0900" DueDate="" EndDate="2014-08-24 21:50:18.412 +0900" Estimated="0" Handle="local-18" IssueURL="" Kind="task" Label="D-3_setup_MemoActv_v-7.0" LastModified="now" MarkReadPending="false" ModificationDate="" Notes="" NotifiedIncoming="true" Owner="local" Priority="P3" Reminded="false" RepositoryUrl="local" ScheduledEndDate="2014-08-23 23:59:59.999 +0900" ScheduledStartDate="2014-08-17 00:00:00.0 +0900" Stale="false" TaskId="18" offlineSyncState="SYNCHRONIZED"/><Task Active="false" ConnectorKind="local" CreationDate="2014-08-20 21:25:02.49 +0900" DueDate="" EndDate="2014-08-23 10:15:01.858 +0900" Estimated="0" Handle="local-3" IssueURL="" Kind="task" Label="D-3_setup_MemoActv_v-1.1_image-buttons" LastModified="now" MarkReadPending="false" ModificationDate="" Notes="" NotifiedIncoming="true" Owner="local" Priority="P3" Reminded="false" RepositoryUrl="local" ScheduledEndDate="2014-08-23 23:59:59.999 +0900" ScheduledStartDate="2014-08-17 00:00:00.0 +0900" Stale="false" TaskId="3" offlineSyncState="SYNCHRONIZED"/><Task Active="false" ConnectorKind="local" CreationDate="2014-08-23 09:53:54.785 +0900" DueDate="" EndDate="2014-08-23 10:15:01.858 +0900" Estimated="0" Handle="local-9" IssueURL="" Kind="task" Label="D-3_setup_MemoActv_import-patterns_v-2.3_build-list" LastModified="now" MarkReadPending="false" ModificationDate="" Notes="" NotifiedIncoming="true" Owner="local" Priority="P3" Reminded="false" RepositoryUrl="local" ScheduledEndDate="2014-08-23 23:59:59.999 +0900" ScheduledStartDate="2014-08-17 00:00:00.0 +0900" Stale="false" TaskId="9" offlineSyncState="SYNCHRONIZED"/><Task Active="false" ConnectorKind="local" CreationDate="2014-08-25 08:31:16.659 +0900" DueDate="" EndDate="2014-08-27 10:36:33.574 +0900" Estimated="0" Handle="local-23" IssueURL="" Kind="task" Label="D-5_admin-patterns_v-1.0" LastModified="now" MarkReadPending="false" ModificationDate="" Notes="" NotifiedIncoming="true" Owner="local" Priority="P3" Reminded="false" RepositoryUrl="local" ScheduledEndDate="2014-08-30 23:59:59.999 +0900" ScheduledStartDate="2014-08-24 00:00:00.0 +0900" Stale="false" TaskId="23" offlineSyncState="SYNCHRONIZED"/><Task Active="false" ConnectorKind="local" CreationDate="2014-08-20 20:27:40.985 +0900" DueDate="" EndDate="2014-08-20 21:24:57.533 +0900" Estimated="0" Handle="local-2" IssueURL="" Kind="task" Label="D-3_setup_MemoActv_v-1.0" LastModified="now" MarkReadPending="false" ModificationDate="" Notes="" NotifiedIncoming="true" Owner="local" Priority="P3" Reminded="false" RepositoryUrl="local" ScheduledEndDate="2014-08-23 23:59:59.999 +0900" ScheduledStartDate="2014-08-17 00:00:00.0 +0900" Stale="false" TaskId="2" offlineSyncState="SYNCHRONIZED"/><Task Active="false" ConnectorKind="local" CreationDate="2014-08-27 16:25:33.55 +0900" DueDate="" EndDate="2014-08-29 08:09:42.117 +0900" Estimated="0" Handle="local-27" IssueURL="" Kind="task" Label="D-26_edit-title_gridview_v-2.0_import-patterns" LastModified="now" MarkReadPending="false" ModificationDate="" Notes="" NotifiedIncoming="true" Owner="local" Priority="P3" Reminded="false" RepositoryUrl="local" ScheduledEndDate="2014-08-30 23:59:59.999 +0900" ScheduledStartDate="2014-08-24 00:00:00.0 +0900" Stale="false" TaskId="27" offlineSyncState="SYNCHRONIZED"/><Task Active="false" ConnectorKind="local" CreationDate="2014-08-25 11:14:26.207 +0900" DueDate="" EndDate="2014-08-27 10:36:33.574 +0900" Estimated="0" Handle="local-24" IssueURL="" Kind="task" Label="D-5_admin-patterns_v-2.0_delete" LastModified="now" MarkReadPending="false" ModificationDate="" Notes="" NotifiedIncoming="true" Owner="local" Priority="P3" Reminded="false" RepositoryUrl="local" ScheduledEndDate="2014-08-30 23:59:59.999 +0900" ScheduledStartDate="2014-08-24 00:00:00.0 +0900" Stale="false" TaskId="24" offlineSyncState="SYNCHRONIZED"/><Task Active="false" ConnectorKind="local" CreationDate="2014-08-27 17:12:09.522 +0900" DueDate="" EndDate="2014-08-29 08:09:42.118 +0900" Estimated="0" Handle="local-28" IssueURL="" Kind="task" Label="D-26_edit-title_gridview_v-3.0_set-gridview" LastModified="now" MarkReadPending="false" ModificationDate="" Notes="" NotifiedIncoming="true" Owner="local" Priority="P3" Reminded="false" RepositoryUrl="local" ScheduledEndDate="2014-08-30 23:59:59.999 +0900" ScheduledStartDate="2014-08-24 00:00:00.0 +0900" Stale="false" TaskId="28" offlineSyncState="SYNCHRONIZED"/><Task Active="false" ConnectorKind="local" CreationDate="2014-08-24 11:11:27.131 +0900" DueDate="" EndDate="2014-08-24 21:50:18.411 +0900" Estimated="0" Handle="local-21" IssueURL="" Kind="task" Label="D-4_ShowListActv_v-3.0_filter-memo-list" LastModified="now" MarkReadPending="false" ModificationDate="" Notes="" NotifiedIncoming="true" Owner="local" Priority="P3" Reminded="false" RepositoryUrl="local" ScheduledEndDate="2014-08-30 23:59:59.999 +0900" ScheduledStartDate="2014-08-24 00:00:00.0 +0900" Stale="false" TaskId="21" offlineSyncState="SYNCHRONIZED"/><Task Active="false" ConnectorKind="local" CreationDate="2014-08-28 10:13:18.140 +0900" DueDate="" EndDate="2014-08-29 08:09:42.118 +0900" Estimated="0" Handle="local-29" IssueURL="" Kind="task" Label="D-27_admin-patterns_v-1.0" LastModified="now" MarkReadPending="false" ModificationDate="" Notes="" NotifiedIncoming="true" Owner="local" Priority="P3" Reminded="false" RepositoryUrl="local" ScheduledEndDate="2014-08-30 23:59:59.999 +0900" ScheduledStartDate="2014-08-24 00:00:00.0 +0900" Stale="false" TaskId="29" offlineSyncState="SYNCHRONIZED"/><Task Active="false" ConnectorKind="local" CreationDate="2014-08-26 08:26:32.404 +0900" DueDate="" EndDate="2014-08-27 10:36:33.575 +0900" Estimated="0" Handle="local-25" IssueURL="" Kind="task" Label="D-6_admin-memo_v-1.0" LastModified="now" MarkReadPending="false" ModificationDate="" Notes="" NotifiedIncoming="true" Owner="local" Priority="P3" Reminded="false" RepositoryUrl="local" ScheduledEndDate="2014-08-30 23:59:59.999 +0900" ScheduledStartDate="2014-08-24 00:00:00.0 +0900" Stale="false" TaskId="25" offlineSyncState="SYNCHRONIZED"/><Task Active="false" ConnectorKind="local" CreationDate="2014-08-14 21:24:00.434 +0900" DueDate="" EndDate="" Estimated="0" Handle="local-1" IssueURL="" Kind="task" Label="D-21_add-memo-to-all-images_v-1.0" LastModified="now" MarkReadPending="false" ModificationDate="" Notes="" NotifiedIncoming="true" Owner="local" Priority="P3" Reminded="false" RepositoryUrl="local" ScheduledEndDate="2014-08-16 23:59:59.999 +0900" ScheduledStartDate="2014-08-10 00:00:00.0 +0900" Stale="false" TaskId="1" offlineSyncState="SYNCHRONIZED"/><Task Active="false" ConnectorKind="local" CreationDate="2014-08-23 21:03:28.701 +0900" DueDate="" EndDate="2014-08-23 21:36:16.654 +0900" Estimated="0" Handle="local-15" IssueURL="" Kind="task" Label="D-3_setup_MemoActv_v-6.0_save-text" LastModified="now" MarkReadPending="false" ModificationDate="" Notes="" NotifiedIncoming="true" Owner="local" Priority="P3" Reminded="false" RepositoryUrl="local" ScheduledEndDate="2014-08-23 23:59:59.999 +0900" ScheduledStartDate="2014-08-17 00:00:00.0 +0900" Stale="false" TaskId="15" offlineSyncState="SYNCHRONIZED"/><Task Active="false" ConnectorKind="local" CreationDate="2014-08-23 10:18:14.831 +0900" DueDate="" EndDate="2014-08-23 21:03:51.812 +0900" Estimated="0" Handle="local-10" IssueURL="" Kind="task" Label="D-3_setup_MemoActv_v-3.0_GUI" LastModified="now" MarkReadPending="false" ModificationDate="" Notes="" NotifiedIncoming="true" Owner="local" Priority="P3" Reminded="false" RepositoryUrl="local" ScheduledEndDate="2014-08-23 23:59:59.999 +0900" ScheduledStartDate="2014-08-17 00:00:00.0 +0900" Stale="false" TaskId="10" offlineSyncState="SYNCHRONIZED"/><Task Active="false" ConnectorKind="local" CreationDate="2014-08-29 08:09:45.901 +0900" DueDate="" EndDate="" Estimated="0" Handle="local-33" Kind="task" Label="D-28_ALActv_list-navigation_v-1.0" LastModified="now" MarkReadPending="false" ModificationDate="" Notes="" NotifiedIncoming="true" Owner="local" Priority="P3" Reminded="false" RepositoryUrl="local" ScheduledEndDate="2014-08-30 23:59:59.999 +0900" ScheduledStartDate="2014-08-24 00:00:00.0 +0900" Stale="false" TaskId="33" offlineSyncState="SYNCHRONIZED"/><Task Active="false" ConnectorKind="local" CreationDate="2014-08-23 14:42:03.229 +0900" DueDate="" EndDate="2014-08-23 21:03:51.814 +0900" Estimated="0" Handle="local-12" IssueURL="" Kind="task" Label="D-3_setup_MemoActv_v-4.1_&quot;:,#&quot;" LastModified="now" MarkReadPending="false" ModificationDate="" Notes="" NotifiedIncoming="true" Owner="local" Priority="P3" Reminded="false" RepositoryUrl="local" ScheduledEndDate="2014-08-23 23:59:59.999 +0900" ScheduledStartDate="2014-08-17 00:00:00.0 +0900" Stale="false" TaskId="12" offlineSyncState="SYNCHRONIZED"/><Task Active="false" ConnectorKind="local" CreationDate="2014-08-21 17:14:53.922 +0900" DueDate="" EndDate="2014-08-23 10:15:01.860 +0900" Estimated="0" Handle="local-5" IssueURL="" Kind="task" Label="D-3_setup_MemoActv_import-patterns_v-2.1" LastModified="now" MarkReadPending="false" ModificationDate="" Notes="" NotifiedIncoming="true" Owner="local" Priority="P3" Reminded="false" RepositoryUrl="local" ScheduledEndDate="2014-08-23 23:59:59.999 +0900" ScheduledStartDate="2014-08-17 00:00:00.0 +0900" Stale="false" TaskId="5" offlineSyncState="SYNCHRONIZED"/><TaskCategory Handle="handle-3" Name="A: cm7"><TaskReference Handle="local-27"/><TaskReference Handle="local-28"/><TaskReference Handle="local-29"/><TaskReference Handle="local-30"/><TaskReference Handle="local-31"/><TaskReference Handle="local-32"/><TaskReference Handle="local-33"/></TaskCategory><TaskCategory Handle="handle-1" Name="A: IFM11"><TaskReference Handle="local-1"/></TaskCategory><TaskCategory Handle="handle-2" Name="A: TA2"><TaskReference Handle="local-2"/><TaskReference Handle="local-3"/><TaskReference Handle="local-4"/><TaskReference Handle="local-5"/><TaskReference Handle="local-6"/><TaskReference Handle="local-7"/><TaskReference Handle="local-8"/><TaskReference Handle="local-9"/><TaskReference Handle="local-10"/><TaskReference Handle="local-11"/><TaskReference Handle="local-12"/><TaskReference Handle="local-13"/><TaskReference Handle="local-14"/><TaskReference Handle="local-15"/><TaskReference Handle="local-16"/><TaskReference Handle="local-17"/><TaskReference Handle="local-18"/><TaskReference Handle="local-19"/><TaskReference Handle="local-20"/><TaskReference Handle="local-21"/><TaskReference Handle="local-22"/><TaskReference Handle="local-23"/><TaskReference Handle="local-24"/><TaskReference Handle="local-25"/><TaskReference Handle="local-26"/></TaskCategory><TaskCategory Handle="Uncategorized" Name="Uncategorized"/></TaskList>