<?xml version="1.0" encoding="UTF-8"?><InteractionHistory Id="local-186" Version="1"><InteractionEvent Delta="null" EndDate="2014-11-02 20:26:38.477 JST" Interest="1.0" Kind="selection" Navigation="null" OriginId="org.eclipse.jdt.ui.CompilationUnitEditor" StartDate="2014-11-02 20:26:38.477 JST" StructureHandle="=IFM11/src&amp;lt;ifm11.utils{Methods.java[Methods~_refresh_MainDB__Build_TIList~QActivity;~QCursor;" StructureKind="java"/><InteractionEvent Delta="null" EndDate="2014-11-02 19:18:02.100 JST" Interest="1.0" Kind="propagation" Navigation="org.eclipse.mylyn.core.model.edges.containment" OriginId="org.eclipse.mylyn.core.model.interest.propagation" StartDate="2014-11-02 19:18:02.100 JST" StructureHandle="" StructureKind="java"/><InteractionEvent Delta="null" EndDate="2014-11-02 19:18:02.100 JST" Interest="1.0" Kind="propagation" Navigation="null" OriginId="org.eclipse.ui.views.ResourceNavigator" StartDate="2014-11-02 19:18:02.100 JST" StructureHandle="/Android_Labs" StructureKind="resource"/><InteractionEvent Delta="null" EndDate="2014-11-02 19:19:58.436 JST" Interest="0.01700002" Kind="propagation" Navigation="org.eclipse.mylyn.core.model.edges.containment" OriginId="org.eclipse.mylyn.core.model.interest.propagation" StartDate="2014-11-02 19:19:58.436 JST" StructureHandle="=IFM11/src&amp;lt;ifm11.tasks{Task_RefreshDB.java[Task_RefreshDB" StructureKind="java"/><InteractionEvent Delta="null" EndDate="2014-11-02 19:19:59.630 JST" Interest="2.0" Kind="selection" Navigation="null" OriginId="org.eclipse.jdt.ui.CompilationUnitEditor" StartDate="2014-11-02 19:19:56.92 JST" StructureHandle="=IFM11/src&amp;lt;ifm11.tasks{Task_RefreshDB.java[Task_RefreshDB" StructureKind="java" NumEvents="2" CreationCount="33"/><InteractionEvent Delta="null" EndDate="2014-11-02 20:46:36.405 JST" Interest="172.9" Kind="propagation" Navigation="org.eclipse.mylyn.core.model.edges.containment" OriginId="org.eclipse.mylyn.core.model.interest.propagation" StartDate="2014-11-02 19:20:08.102 JST" StructureHandle="=IFM11/src&amp;lt;ifm11.utils{Methods.java[Methods" StructureKind="java" NumEvents="250" CreationCount="39"/><InteractionEvent Delta="null" EndDate="2014-11-02 20:45:42.782 JST" Interest="8.0" Kind="selection" Navigation="null" OriginId="org.eclipse.jdt.ui.CompilationUnitEditor" StartDate="2014-11-02 19:21:50.891 JST" StructureHandle="=IFM11/src&amp;lt;ifm11.utils{Methods.java[Methods" StructureKind="java" NumEvents="8" CreationCount="39"/><InteractionEvent Delta="null" EndDate="2014-11-02 19:18:42.148 JST" Interest="4.4679995" Kind="propagation" Navigation="org.eclipse.mylyn.core.model.edges.containment" OriginId="org.eclipse.mylyn.core.model.interest.propagation" StartDate="2014-11-02 19:18:14.784 JST" StructureHandle="=IFM11/src&amp;lt;ifm11.main" StructureKind="java" NumEvents="10" CreationCount="3"/><InteractionEvent Delta="null" EndDate="2014-11-02 19:18:07.822 JST" Interest="1.0" Kind="selection" Navigation="null" OriginId="org.eclipse.jdt.ui.PackageExplorer" StartDate="2014-11-02 19:18:07.822 JST" StructureHandle="=IFM11/src&amp;lt;ifm11.main" StructureKind="java"/><InteractionEvent Delta="null" EndDate="2014-11-02 20:36:46.512 JST" Interest="1.0" Kind="selection" Navigation="null" OriginId="org.eclipse.jdt.ui.CompilationUnitEditor" StartDate="2014-11-02 20:36:46.512 JST" StructureHandle="=IFM11/src&amp;lt;ifm11.utils{Methods.java[Methods~_refresh_MainDB__InsertData_RefreshDate~QActivity;~I~QList\&amp;lt;QTI;&amp;gt;;" StructureKind="java"/><InteractionEvent Delta="null" EndDate="2014-11-02 20:37:08.365 JST" Interest="6.0" Kind="edit" Navigation="null" OriginId="org.eclipse.jdt.ui.CompilationUnitEditor" StartDate="2014-11-02 20:36:47.290 JST" StructureHandle="=IFM11/src&amp;lt;ifm11.utils{Methods.java[Methods~_refresh_MainDB__InsertData_RefreshDate~QActivity;~I~QList\&amp;lt;QTI;&amp;gt;;" StructureKind="java" NumEvents="6" CreationCount="409"/><InteractionEvent Delta="null" EndDate="2014-11-02 20:56:49.169 JST" Interest="456.0" Kind="propagation" Navigation="org.eclipse.mylyn.core.model.edges.containment" OriginId="org.eclipse.mylyn.core.model.interest.propagation" StartDate="2014-11-02 19:20:07.153 JST" StructureHandle="/IFM11/src/ifm11/utils" StructureKind="resource" NumEvents="456" CreationCount="37"/><InteractionEvent Delta="null" EndDate="2014-11-02 20:45:57.961 JST" Interest="7.1019998" Kind="propagation" Navigation="org.eclipse.mylyn.core.model.edges.containment" OriginId="org.eclipse.mylyn.core.model.interest.propagation" StartDate="2014-11-02 20:17:58.99 JST" StructureHandle="/IFM11/bin" StructureKind="resource" NumEvents="6" CreationCount="115"/><InteractionEvent Delta="null" EndDate="2014-11-02 19:18:23.438 JST" Interest="3.4509997" Kind="propagation" Navigation="org.eclipse.mylyn.core.model.edges.containment" OriginId="org.eclipse.mylyn.core.model.interest.propagation" StartDate="2014-11-02 19:18:18.400 JST" StructureHandle="=IFM11/src&amp;lt;ifm11.main{MainActv.java" StructureKind="java" NumEvents="8" CreationCount="4"/><InteractionEvent Delta="null" EndDate="2014-11-02 19:18:42.147 JST" Interest="2.0" Kind="selection" Navigation="null" OriginId="org.eclipse.jdt.ui.PackageExplorer" StartDate="2014-11-02 19:18:14.782 JST" StructureHandle="=IFM11/src&amp;lt;ifm11.main{MainActv.java" StructureKind="java" NumEvents="2" CreationCount="4"/><InteractionEvent Delta="null" EndDate="2014-11-02 19:18:23.437 JST" Interest="4.417" Kind="propagation" Navigation="org.eclipse.mylyn.core.model.edges.containment" OriginId="org.eclipse.mylyn.core.model.interest.propagation" StartDate="2014-11-02 19:18:19.997 JST" StructureHandle="=IFM11/src&amp;lt;ifm11.main{MainActv.java[MainActv" StructureKind="java" NumEvents="7" CreationCount="6"/><InteractionEvent Delta="null" EndDate="2014-11-02 19:19:35.526 JST" Interest="2.0" Kind="selection" Navigation="null" OriginId="org.eclipse.jdt.ui.CompilationUnitEditor" StartDate="2014-11-02 19:19:14.329 JST" StructureHandle="=IFM11/src&amp;lt;ifm11.listeners.dialog{DOI_CL.java" StructureKind="java" NumEvents="2" CreationCount="22"/><InteractionEvent Delta="null" EndDate="2014-11-02 19:19:21.802 JST" Interest="3.0" Kind="selection" Navigation="null" OriginId="com.android.ide.eclipse.editors.CommonXmlEditor" StartDate="2014-11-02 19:18:50.56 JST" StructureHandle="/IFM11/res/values/strings.xml" StructureKind="resource" NumEvents="3" CreationCount="15"/><InteractionEvent Delta="null" EndDate="2014-11-02 19:19:34.306 JST" Interest="9.0" Kind="edit" Navigation="null" OriginId="com.android.ide.eclipse.editors.CommonXmlEditor" StartDate="2014-11-02 19:18:50.289 JST" StructureHandle="/IFM11/res/values/strings.xml" StructureKind="resource" NumEvents="9" CreationCount="15"/><InteractionEvent Delta="null" EndDate="2014-11-02 20:17:58.99 JST" Interest="1.0" Kind="propagation" Navigation="org.eclipse.mylyn.core.model.edges.containment" OriginId="org.eclipse.mylyn.core.model.interest.propagation" StartDate="2014-11-02 20:17:58.99 JST" StructureHandle="/IFM11/bin/dexedLibs" StructureKind="resource"/><InteractionEvent Delta="null" EndDate="2014-11-02 20:41:05.700 JST" Interest="8.0" Kind="selection" Navigation="null" OriginId="org.eclipse.jdt.ui.CompilationUnitEditor" StartDate="2014-11-02 20:25:48.143 JST" StructureHandle="=IFM11/src&amp;lt;ifm11.utils{Methods.java[Methods~_refresh_MainDB__RecoveryFrom_SDCard_Reset~QActivity;~QList\&amp;lt;QTI;&amp;gt;;" StructureKind="java" NumEvents="8" CreationCount="208"/><InteractionEvent Delta="null" EndDate="2014-11-02 20:35:35.32 JST" Interest="158.0" Kind="edit" Navigation="null" OriginId="org.eclipse.jdt.ui.CompilationUnitEditor" StartDate="2014-11-02 20:25:49.313 JST" StructureHandle="=IFM11/src&amp;lt;ifm11.utils{Methods.java[Methods~_refresh_MainDB__RecoveryFrom_SDCard_Reset~QActivity;~QList\&amp;lt;QTI;&amp;gt;;" StructureKind="java" NumEvents="158" CreationCount="208"/><InteractionEvent Delta="null" EndDate="2014-11-02 19:20:02.266 JST" Interest="1.0340002" Kind="propagation" Navigation="org.eclipse.mylyn.core.model.edges.containment" OriginId="org.eclipse.mylyn.core.model.interest.propagation" StartDate="2014-11-02 19:19:56.93 JST" StructureHandle="=IFM11/src&amp;lt;ifm11.tasks{Task_RefreshDB.java" StructureKind="java" NumEvents="4" CreationCount="32"/><InteractionEvent Delta="null" EndDate="2014-11-02 19:19:55.186 JST" Interest="1.0" Kind="selection" Navigation="null" OriginId="org.eclipse.jdt.ui.CompilationUnitEditor" StartDate="2014-11-02 19:19:55.186 JST" StructureHandle="=IFM11/src&amp;lt;ifm11.tasks{Task_RefreshDB.java" StructureKind="java"/><InteractionEvent Delta="null" EndDate="2014-11-02 19:18:22.20 JST" Interest="3.0" Kind="selection" Navigation="null" OriginId="org.eclipse.jdt.ui.CompilationUnitEditor" StartDate="2014-11-02 19:18:21.748 JST" StructureHandle="=IFM11/src&amp;lt;ifm11.main{MainActv.java[MainActv~onOptionsItemSelected~QMenuItem;" StructureKind="java" NumEvents="3" CreationCount="7"/><InteractionEvent Delta="null" EndDate="2014-11-02 19:18:23.435 JST" Interest="2.0" Kind="edit" Navigation="null" OriginId="org.eclipse.jdt.ui.CompilationUnitEditor" StartDate="2014-11-02 19:18:22.363 JST" StructureHandle="=IFM11/src&amp;lt;ifm11.main{MainActv.java[MainActv~onOptionsItemSelected~QMenuItem;" StructureKind="java" NumEvents="2" CreationCount="7"/><InteractionEvent Delta="null" EndDate="2014-11-02 19:19:48.817 JST" Interest="5.0" Kind="propagation" Navigation="org.eclipse.mylyn.core.model.edges.containment" OriginId="org.eclipse.mylyn.core.model.interest.propagation" StartDate="2014-11-02 19:19:14.329 JST" StructureHandle="/IFM11/src/ifm11/listeners" StructureKind="resource" NumEvents="5" CreationCount="22"/><InteractionEvent Delta="null" EndDate="2014-11-02 20:56:49.169 JST" Interest="476.034" Kind="propagation" Navigation="org.eclipse.mylyn.core.model.edges.containment" OriginId="org.eclipse.mylyn.core.model.interest.propagation" StartDate="2014-11-02 19:18:04.940 JST" StructureHandle="=IFM11" StructureKind="resource" NumEvents="479" CreationCount="2"/><InteractionEvent Delta="null" EndDate="2014-11-02 20:45:45.135 JST" Interest="8.0" Kind="selection" Navigation="null" OriginId="org.eclipse.jdt.ui.CompilationUnitEditor" StartDate="2014-11-02 19:20:08.102 JST" StructureHandle="=IFM11/src&amp;lt;ifm11.utils{Methods.java[Methods~refresh_MainDB~QActivity;" StructureKind="java" NumEvents="8" CreationCount="39"/><InteractionEvent Delta="null" EndDate="2014-11-02 20:46:36.404 JST" Interest="247.0" Kind="edit" Navigation="null" OriginId="org.eclipse.jdt.ui.CompilationUnitEditor" StartDate="2014-11-02 19:20:34.597 JST" StructureHandle="=IFM11/src&amp;lt;ifm11.utils{Methods.java[Methods~refresh_MainDB~QActivity;" StructureKind="java" NumEvents="247" CreationCount="39"/><InteractionEvent Delta="null" EndDate="2014-11-02 19:20:02.265 JST" Interest="5.0" Kind="propagation" Navigation="org.eclipse.mylyn.core.model.edges.containment" OriginId="org.eclipse.mylyn.core.model.interest.propagation" StartDate="2014-11-02 19:19:55.186 JST" StructureHandle="/IFM11/src/ifm11/tasks" StructureKind="resource" NumEvents="5" CreationCount="32"/><InteractionEvent Delta="null" EndDate="2014-11-02 20:46:45.199 JST" Interest="180.934" Kind="propagation" Navigation="org.eclipse.mylyn.core.model.edges.containment" OriginId="org.eclipse.mylyn.core.model.interest.propagation" StartDate="2014-11-02 19:20:07.154 JST" StructureHandle="=IFM11/src&amp;lt;ifm11.utils" StructureKind="java" NumEvents="261" CreationCount="37"/><InteractionEvent Delta="null" EndDate="2014-11-02 20:56:49.169 JST" Interest="476.05103" Kind="propagation" Navigation="org.eclipse.mylyn.core.model.edges.containment" OriginId="org.eclipse.mylyn.core.model.interest.propagation" StartDate="2014-11-02 19:18:02.100 JST" StructureHandle="/" StructureKind="resource" NumEvents="481" CreationCount="1"/><InteractionEvent Delta="null" EndDate="2014-11-02 19:19:35.528 JST" Interest="2.0" Kind="propagation" Navigation="org.eclipse.mylyn.core.model.edges.containment" OriginId="org.eclipse.mylyn.core.model.interest.propagation" StartDate="2014-11-02 19:19:14.330 JST" StructureHandle="=IFM11/src&amp;lt;ifm11.listeners.dialog" StructureKind="java" NumEvents="2" CreationCount="22"/><InteractionEvent Delta="null" EndDate="2014-11-02 20:46:45.199 JST" Interest="178.934" Kind="propagation" Navigation="org.eclipse.mylyn.core.model.edges.containment" OriginId="org.eclipse.mylyn.core.model.interest.propagation" StartDate="2014-11-02 19:20:38.710 JST" StructureHandle="=IFM11/src&amp;lt;ifm11.utils{Methods.java" StructureKind="java" NumEvents="259" CreationCount="37"/><InteractionEvent Delta="null" EndDate="2014-11-02 19:20:07.390 JST" Interest="2.0" Kind="selection" Navigation="null" OriginId="org.eclipse.jdt.ui.CompilationUnitEditor" StartDate="2014-11-02 19:20:07.153 JST" StructureHandle="=IFM11/src&amp;lt;ifm11.utils{Methods.java" StructureKind="java" NumEvents="2" CreationCount="37"/><InteractionEvent Delta="null" EndDate="2014-11-02 19:19:48.817 JST" Interest="5.0" Kind="propagation" Navigation="org.eclipse.mylyn.core.model.edges.containment" OriginId="org.eclipse.mylyn.core.model.interest.propagation" StartDate="2014-11-02 19:19:14.329 JST" StructureHandle="/IFM11/src/ifm11/listeners/dialog" StructureKind="resource" NumEvents="5" CreationCount="22"/><InteractionEvent Delta="null" EndDate="2014-11-02 19:19:34.306 JST" Interest="9.299999" Kind="propagation" Navigation="org.eclipse.mylyn.core.model.edges.containment" OriginId="org.eclipse.mylyn.core.model.interest.propagation" StartDate="2014-11-02 19:18:50.58 JST" StructureHandle="/IFM11/res" StructureKind="resource" NumEvents="12" CreationCount="15"/><InteractionEvent Delta="null" EndDate="2014-11-02 19:19:37.766 JST" Interest="1.0" Kind="selection" Navigation="null" OriginId="org.eclipse.jdt.ui.CompilationUnitEditor" StartDate="2014-11-02 19:19:37.766 JST" StructureHandle="=IFM11/src&amp;lt;ifm11.listeners.dialog{DOI_CL.java[DOI_CL~case_DLG_DB_ADMIN_LV~QListItem;" StructureKind="java"/><InteractionEvent Delta="null" EndDate="2014-11-02 19:18:21.953 JST" Interest="3.0" Kind="selection" Navigation="null" OriginId="org.eclipse.jdt.ui.CompilationUnitEditor" StartDate="2014-11-02 19:18:19.997 JST" StructureHandle="=IFM11/src&amp;lt;ifm11.main{MainActv.java[MainActv~onCreate~QBundle;" StructureKind="java" NumEvents="3" CreationCount="6"/><InteractionEvent Delta="null" EndDate="2014-11-02 19:19:48.817 JST" Interest="1.717" Kind="propagation" Navigation="org.eclipse.mylyn.core.model.edges.containment" OriginId="org.eclipse.mylyn.core.model.interest.propagation" StartDate="2014-11-02 19:19:37.766 JST" StructureHandle="=IFM11/src&amp;lt;ifm11.listeners.dialog{DOI_CL.java[DOI_CL" StructureKind="java" NumEvents="3" CreationCount="29"/><InteractionEvent Delta="null" EndDate="2014-11-02 20:45:57.961 JST" Interest="7.0" Kind="prediction" Navigation="null" OriginId="org.eclipse.mylyn.resources.ui.interest.updater" StartDate="2014-11-02 20:19:12.90 JST" StructureHandle="/IFM11/bin/IFM11.apk" StructureKind="resource" NumEvents="7" CreationCount="121"/><InteractionEvent Delta="null" EndDate="2014-11-02 20:45:57.961 JST" Interest="7.0" Kind="prediction" Navigation="null" OriginId="org.eclipse.mylyn.resources.ui.interest.updater" StartDate="2014-11-02 20:19:12.90 JST" StructureHandle="/IFM11/bin/classes.dex" StructureKind="resource" NumEvents="7" CreationCount="121"/><InteractionEvent Delta="null" EndDate="2014-11-02 20:17:58.99 JST" Interest="1.0" Kind="propagation" Navigation="null" OriginId="org.eclipse.mylyn.resources.ui.interest.updater" StartDate="2014-11-02 20:17:58.99 JST" StructureHandle="/IFM11/bin/dexedLibs/commons-lang-2.6-88b25823f1679b0a9d9bb7ee9be9977e.jar" StructureKind="resource"/><InteractionEvent Delta="null" EndDate="2014-11-02 19:20:02.265 JST" Interest="5.0" Kind="propagation" Navigation="null" OriginId="org.eclipse.jdt.ui.CompilationUnitEditor" StartDate="2014-11-02 19:19:55.186 JST" StructureHandle="/IFM11/src/ifm11/tasks/Task_RefreshDB.java" StructureKind="resource" NumEvents="5" CreationCount="32"/><InteractionEvent Delta="null" EndDate="2014-11-02 20:17:58.99 JST" Interest="1.0" Kind="propagation" Navigation="null" OriginId="org.eclipse.mylyn.resources.ui.interest.updater" StartDate="2014-11-02 20:17:58.99 JST" StructureHandle="/IFM11/bin/dexedLibs/commons-net-3.3-64fb6b2934b4fb8706a63c415bd307a3.jar" StructureKind="resource"/><InteractionEvent Delta="null" EndDate="2014-11-02 19:19:47.789 JST" Interest="1.0" Kind="selection" Navigation="null" OriginId="org.eclipse.jdt.ui.CompilationUnitEditor" StartDate="2014-11-02 19:19:47.789 JST" StructureHandle="=IFM11/src&amp;lt;ifm11.listeners.dialog{DOI_CL.java[DOI_CL~_case_Dlg_Db_Admin_lv__RefreshDB" StructureKind="java"/><InteractionEvent Delta="null" EndDate="2014-11-02 19:19:48.816 JST" Interest="1.0" Kind="edit" Navigation="null" OriginId="org.eclipse.jdt.ui.CompilationUnitEditor" StartDate="2014-11-02 19:19:48.816 JST" StructureHandle="=IFM11/src&amp;lt;ifm11.listeners.dialog{DOI_CL.java[DOI_CL~_case_Dlg_Db_Admin_lv__RefreshDB" StructureKind="java"/><InteractionEvent Delta="null" EndDate="2014-11-02 19:18:42.148 JST" Interest="11.017" Kind="propagation" Navigation="org.eclipse.mylyn.core.model.edges.containment" OriginId="org.eclipse.mylyn.core.model.interest.propagation" StartDate="2014-11-02 19:18:07.823 JST" StructureHandle="/IFM11/src/ifm11/main" StructureKind="resource" NumEvents="12" CreationCount="3"/><InteractionEvent Delta="null" EndDate="2014-11-02 20:17:58.99 JST" Interest="1.0" Kind="propagation" Navigation="null" OriginId="org.eclipse.mylyn.resources.ui.interest.updater" StartDate="2014-11-02 20:17:58.99 JST" StructureHandle="/IFM11/bin/dexedLibs/annotations-d288b20aa2286e3172641d3161bdbc70.jar" StructureKind="resource"/><InteractionEvent Delta="null" EndDate="2014-11-02 20:13:46.420 JST" Interest="1.0" Kind="selection" Navigation="null" OriginId="org.eclipse.jdt.ui.CompilationUnitEditor" StartDate="2014-11-02 20:13:46.420 JST" StructureHandle="=IFM11/src&amp;lt;ifm11.utils{Methods.java[Methods~_refresh_MainDB__Get_LastRefreshed~QActivity;~QSQLiteDatabase;~QDBUtils;" StructureKind="java"/><InteractionEvent Delta="null" EndDate="2014-11-02 19:18:42.148 JST" Interest="11.0" Kind="propagation" Navigation="null" OriginId="org.eclipse.jdt.ui.PackageExplorer" StartDate="2014-11-02 19:18:14.782 JST" StructureHandle="/IFM11/src/ifm11/main/MainActv.java" StructureKind="resource" NumEvents="11" CreationCount="4"/><InteractionEvent Delta="null" EndDate="2014-11-02 19:19:48.817 JST" Interest="5.0" Kind="propagation" Navigation="null" OriginId="org.eclipse.jdt.ui.CompilationUnitEditor" StartDate="2014-11-02 19:19:14.329 JST" StructureHandle="/IFM11/src/ifm11/listeners/dialog/DOI_CL.java" StructureKind="resource" NumEvents="5" CreationCount="22"/><InteractionEvent Delta="null" EndDate="2014-11-02 19:18:02.100 JST" Interest="1.0" Kind="selection" Navigation="null" OriginId="org.eclipse.ui.views.ResourceNavigator" StartDate="2014-11-02 19:18:02.100 JST" StructureHandle="=Android_Labs" StructureKind="java"/><InteractionEvent Delta="null" EndDate="2014-11-02 20:14:08.304 JST" Interest="1.0" Kind="selection" Navigation="null" OriginId="org.eclipse.jdt.ui.CompilationUnitEditor" StartDate="2014-11-02 20:14:08.304 JST" StructureHandle="=IFM11/src&amp;lt;ifm11.utils{Methods.java[Methods~restore_DB~QActivity;~QString;~QString;~QString;" StructureKind="java"/><InteractionEvent Delta="null" EndDate="2014-11-02 19:20:02.264 JST" Interest="2.0" Kind="selection" Navigation="null" OriginId="org.eclipse.jdt.ui.CompilationUnitEditor" StartDate="2014-11-02 19:19:58.436 JST" StructureHandle="=IFM11/src&amp;lt;ifm11.tasks{Task_RefreshDB.java[Task_RefreshDB~doInBackground~\[QString;" StructureKind="java" NumEvents="2" CreationCount="34"/><InteractionEvent Delta="null" EndDate="2014-11-02 19:19:34.306 JST" Interest="9.299999" Kind="propagation" Navigation="org.eclipse.mylyn.core.model.edges.containment" OriginId="org.eclipse.mylyn.core.model.interest.propagation" StartDate="2014-11-02 19:18:50.58 JST" StructureHandle="/IFM11/res/values" StructureKind="resource" NumEvents="12" CreationCount="15"/><InteractionEvent Delta="null" EndDate="2014-11-02 20:56:49.170 JST" Interest="477.034" Kind="propagation" Navigation="null" OriginId="org.eclipse.jdt.ui.CompilationUnitEditor" StartDate="2014-11-02 19:18:04.940 JST" StructureHandle="/IFM11/src" StructureKind="resource" NumEvents="479" CreationCount="2"/><InteractionEvent Delta="null" EndDate="2014-11-02 19:18:18.400 JST" Interest="1.0" Kind="selection" Navigation="null" OriginId="org.eclipse.ui.views.ContentOutline" StartDate="2014-11-02 19:18:18.400 JST" StructureHandle="=IFM11/src&amp;lt;ifm11.main{MainActv.java%ifm11.main" StructureKind="java"/><InteractionEvent Delta="null" EndDate="2014-11-02 19:20:02.266 JST" Interest="2.034" Kind="propagation" Navigation="org.eclipse.mylyn.core.model.edges.containment" OriginId="org.eclipse.mylyn.core.model.interest.propagation" StartDate="2014-11-02 19:19:55.187 JST" StructureHandle="=IFM11/src&amp;lt;ifm11.tasks" StructureKind="java" NumEvents="5" CreationCount="32"/><InteractionEvent Delta="null" EndDate="2014-11-02 20:56:49.169 JST" Interest="456.578" Kind="propagation" Navigation="org.eclipse.mylyn.core.model.edges.containment" OriginId="org.eclipse.mylyn.core.model.interest.propagation" StartDate="2014-11-02 19:18:07.823 JST" StructureHandle="/IFM11/src/ifm11" StructureKind="resource" NumEvents="458" CreationCount="3"/><InteractionEvent Delta="null" EndDate="2014-11-02 20:56:49.169 JST" Interest="456.0" Kind="propagation" Navigation="null" OriginId="org.eclipse.jdt.ui.CompilationUnitEditor" StartDate="2014-11-02 19:20:07.153 JST" StructureHandle="/IFM11/src/ifm11/utils/Methods.java" StructureKind="resource" NumEvents="456" CreationCount="37"/><InteractionEvent Delta="null" EndDate="2014-11-02 20:46:46.947 JST" Interest="180.529" Kind="propagation" Navigation="org.eclipse.mylyn.core.model.edges.containment" OriginId="org.eclipse.mylyn.core.model.interest.propagation" StartDate="2014-11-02 19:18:07.824 JST" StructureHandle="=IFM11/src" StructureKind="java" NumEvents="268" CreationCount="2"/><InteractionEvent Delta="null" EndDate="2014-11-02 19:18:04.939 JST" Interest="1.0" Kind="selection" Navigation="null" OriginId="org.eclipse.jdt.ui.PackageExplorer" StartDate="2014-11-02 19:18:04.939 JST" StructureHandle="=IFM11/src" StructureKind="java"/><InteractionEvent Delta="null" EndDate="2014-11-02 20:46:45.197 JST" Interest="3.0" Kind="selection" Navigation="null" OriginId="org.eclipse.jdt.ui.CompilationUnitEditor" StartDate="2014-11-02 19:21:01.845 JST" StructureHandle="=IFM11/src&amp;lt;ifm11.utils{Methods.java[Methods~_refresh_MainDB__ExecQuery~QActivity;~QSQLiteDatabase;~QDBUtils;" StructureKind="java" NumEvents="3" CreationCount="45"/><InteractionEvent Delta="null" EndDate="2014-11-02 20:56:49.168 JST" Interest="12.0" Kind="edit" Navigation="null" OriginId="org.eclipse.jdt.ui.CompilationUnitEditor" StartDate="2014-11-02 19:21:02.811 JST" StructureHandle="=IFM11/src&amp;lt;ifm11.utils{Methods.java[Methods~_refresh_MainDB__ExecQuery~QActivity;~QSQLiteDatabase;~QDBUtils;" StructureKind="java" NumEvents="12" CreationCount="45"/></InteractionHistory>