<?xml version="1.0" encoding="UTF-8"?><InteractionHistory Id="local-241" Version="1"><InteractionEvent Delta="null" EndDate="2014-12-09 10:39:18.115 JST" Interest="771.085" Kind="propagation" Navigation="org.eclipse.mylyn.core.model.edges.containment" OriginId="org.eclipse.mylyn.core.model.interest.propagation" StartDate="2014-12-09 08:57:59.138 JST" StructureHandle="" StructureKind="java" NumEvents="783" CreationCount="1"/><InteractionEvent Delta="null" EndDate="2014-12-09 10:28:34.545 JST" Interest="18.987" Kind="propagation" Navigation="org.eclipse.mylyn.core.model.edges.containment" OriginId="org.eclipse.mylyn.core.model.interest.propagation" StartDate="2014-12-09 10:17:59.599 JST" StructureHandle="=CutPlanner_A/src&amp;lt;cp.views" StructureKind="java" NumEvents="29" CreationCount="600"/><InteractionEvent Delta="null" EndDate="2014-12-09 10:00:07.135 JST" Interest="5.0" Kind="selection" Navigation="null" OriginId="org.eclipse.ui.views.ResourceNavigator" StartDate="2014-12-09 09:58:27.44 JST" StructureHandle="/IFM11/res/drawable/actv_tn_bt_top_45x45.png" StructureKind="resource" NumEvents="5" CreationCount="116"/><InteractionEvent Delta="null" EndDate="2014-12-09 09:00:02.371 JST" Interest="3.0" Kind="selection" Navigation="null" OriginId="org.eclipse.jdt.ui.PackageExplorer" StartDate="2014-12-09 08:59:29.224 JST" StructureHandle="/CutPlanner_A/AndroidManifest.xml" StructureKind="resource" NumEvents="3" CreationCount="14"/><InteractionEvent Delta="null" EndDate="2014-12-09 10:09:38.821 JST" Interest="1.0" Kind="selection" Navigation="null" OriginId="org.eclipse.jdt.ui.CompilationUnitEditor" StartDate="2014-12-09 10:09:38.821 JST" StructureHandle="=CutPlanner_A/src&amp;lt;cp.utils{Tags.java[Tags[ButtonTags^ACTV_TOPOL_IB_BACK" StructureKind="java"/><InteractionEvent Delta="null" EndDate="2014-12-09 10:26:03.236 JST" Interest="7.0" Kind="edit" Navigation="null" OriginId="org.eclipse.jdt.ui.CompilationUnitEditor" StartDate="2014-12-09 10:25:20.805 JST" StructureHandle="=CutPlanner_A/src&amp;lt;cp.views{CV2.java[CV2~_clear" StructureKind="java" NumEvents="7" CreationCount="808"/><InteractionEvent Delta="null" EndDate="2014-12-09 10:28:34.764 JST" Interest="6.0" Kind="selection" Navigation="null" OriginId="org.eclipse.jdt.ui.CompilationUnitEditor" StartDate="2014-12-09 10:25:20.232 JST" StructureHandle="=CutPlanner_A/src&amp;lt;cp.views{CV2.java[CV2~_clear" StructureKind="java" NumEvents="6" CreationCount="808"/><InteractionEvent Delta="null" EndDate="2014-12-09 10:28:34.765 JST" Interest="91.0" Kind="propagation" Navigation="null" OriginId="org.eclipse.jdt.ui.CompilationUnitEditor" StartDate="2014-12-09 10:17:59.599 JST" StructureHandle="/CutPlanner_A/src/cp/views" StructureKind="resource" NumEvents="91" CreationCount="600"/><InteractionEvent Delta="null" EndDate="2014-12-09 09:54:34.618 JST" Interest="1.0" Kind="selection" Navigation="null" OriginId="org.eclipse.jdt.ui.PackageExplorer" StartDate="2014-12-09 09:54:34.618 JST" StructureHandle="/CutPlanner_A/res/layout/actv_main_cv.xml" StructureKind="resource"/><InteractionEvent Delta="null" EndDate="2014-12-09 10:29:44.353 JST" Interest="34.0" Kind="edit" Navigation="null" OriginId="org.eclipse.jdt.ui.CompilationUnitEditor" StartDate="2014-12-09 10:26:30.799 JST" StructureHandle="=CutPlanner_A/src&amp;lt;cp.listeners.view{V_OTL.java[V_OTL~onTouch~QView;~QMotionEvent;" StructureKind="java" NumEvents="34" CreationCount="832"/><InteractionEvent Delta="null" EndDate="2014-12-09 10:29:40.804 JST" Interest="8.0" Kind="selection" Navigation="null" OriginId="org.eclipse.jdt.ui.CompilationUnitEditor" StartDate="2014-12-09 10:26:29.604 JST" StructureHandle="=CutPlanner_A/src&amp;lt;cp.listeners.view{V_OTL.java[V_OTL~onTouch~QView;~QMotionEvent;" StructureKind="java" NumEvents="8" CreationCount="832"/><InteractionEvent Delta="null" EndDate="2014-12-09 10:02:26.118 JST" Interest="28.316998" Kind="propagation" Navigation="org.eclipse.mylyn.core.model.edges.containment" OriginId="org.eclipse.mylyn.core.model.interest.propagation" StartDate="2014-12-09 09:57:35.621 JST" StructureHandle="/IFM11/res/layout" StructureKind="resource" NumEvents="38" CreationCount="99"/><InteractionEvent Delta="null" EndDate="2014-12-09 09:58:04.912 JST" Interest="2.0" Kind="selection" Navigation="null" OriginId="org.eclipse.ui.views.ResourceNavigator" StartDate="2014-12-09 09:57:31.467 JST" StructureHandle="/IFM11/res/layout" StructureKind="resource" NumEvents="2" CreationCount="99"/><InteractionEvent Delta="null" EndDate="2014-12-09 10:24:12.960 JST" Interest="1.0" Kind="edit" Navigation="null" OriginId="org.eclipse.jdt.ui.CompilationUnitEditor" StartDate="2014-12-09 10:24:12.960 JST" StructureHandle="=CutPlanner_A/src&amp;lt;cp.listeners.view{V_OTL.java[V_OTL^d1" StructureKind="java"/><InteractionEvent Delta="null" EndDate="2014-12-09 10:24:08.594 JST" Interest="1.0" Kind="selection" Navigation="null" OriginId="org.eclipse.jdt.ui.CompilationUnitEditor" StartDate="2014-12-09 10:24:08.594 JST" StructureHandle="=CutPlanner_A/src&amp;lt;cp.listeners.view{V_OTL.java[V_OTL^d1" StructureKind="java"/><InteractionEvent Delta="null" EndDate="2014-12-09 10:17:17.451 JST" Interest="21.0" Kind="edit" Navigation="null" OriginId="org.eclipse.jdt.ui.CompilationUnitEditor" StartDate="2014-12-09 10:02:56.60 JST" StructureHandle="=CutPlanner_A/src&amp;lt;cp.main{TopolActv.java[TopolActv~onDestroy" StructureKind="java" NumEvents="21" CreationCount="228"/><InteractionEvent Delta="null" EndDate="2014-12-09 10:17:01.747 JST" Interest="2.1870003" Kind="manipulation" Navigation="null" OriginId="org.eclipse.mylyn.core.model.interest.decay.correction" StartDate="2014-12-09 10:17:01.747 JST" StructureHandle="=CutPlanner_A/src&amp;lt;cp.main{TopolActv.java[TopolActv~onDestroy" StructureKind="java"/><InteractionEvent Delta="null" EndDate="2014-12-09 10:17:16.162 JST" Interest="5.0" Kind="selection" Navigation="null" OriginId="org.eclipse.jdt.ui.CompilationUnitEditor" StartDate="2014-12-09 10:02:51.461 JST" StructureHandle="=CutPlanner_A/src&amp;lt;cp.main{TopolActv.java[TopolActv~onDestroy" StructureKind="java" NumEvents="5" CreationCount="228"/><InteractionEvent Delta="null" EndDate="2014-12-09 10:26:07.511 JST" Interest="2.0" Kind="edit" Navigation="null" OriginId="org.eclipse.jdt.ui.CompilationUnitEditor" StartDate="2014-12-09 10:24:21.712 JST" StructureHandle="=CutPlanner_A/src&amp;lt;cp.listeners.view{V_OTL.java[V_OTL~_case_ACTION_MOVE__Rect_A~F~F" StructureKind="java" NumEvents="2" CreationCount="767"/><InteractionEvent Delta="null" EndDate="2014-12-09 10:26:06.363 JST" Interest="2.0" Kind="selection" Navigation="null" OriginId="org.eclipse.jdt.ui.CompilationUnitEditor" StartDate="2014-12-09 10:24:17.734 JST" StructureHandle="=CutPlanner_A/src&amp;lt;cp.listeners.view{V_OTL.java[V_OTL~_case_ACTION_MOVE__Rect_A~F~F" StructureKind="java" NumEvents="2" CreationCount="767"/><InteractionEvent Delta="null" EndDate="2014-12-09 10:28:26.485 JST" Interest="5.568001" Kind="manipulation" Navigation="null" OriginId="org.eclipse.mylyn.core.model.interest.decay.correction" StartDate="2014-12-09 10:28:26.485 JST" StructureHandle="=CutPlanner_A/src&amp;lt;cp.utils{Tags.java" StructureKind="java"/><InteractionEvent Delta="null" EndDate="2014-12-09 10:08:25.302 JST" Interest="0.30900007" Kind="propagation" Navigation="org.eclipse.mylyn.core.model.edges.containment" OriginId="org.eclipse.mylyn.core.model.interest.propagation" StartDate="2014-12-09 10:05:32.230 JST" StructureHandle="=CutPlanner_A/src&amp;lt;cp.utils{Tags.java" StructureKind="java" NumEvents="2" CreationCount="297"/><InteractionEvent Delta="null" EndDate="2014-12-09 10:28:26.485 JST" Interest="5.0" Kind="selection" Navigation="null" OriginId="org.eclipse.jdt.ui.PackageExplorer" StartDate="2014-12-09 10:05:31.320 JST" StructureHandle="=CutPlanner_A/src&amp;lt;cp.utils{Tags.java" StructureKind="java" NumEvents="5" CreationCount="297"/><InteractionEvent Delta="null" EndDate="2014-12-09 10:28:20.615 JST" Interest="3.0" Kind="selection" Navigation="null" OriginId="org.eclipse.jdt.ui.CompilationUnitEditor" StartDate="2014-12-09 10:24:00.57 JST" StructureHandle="=CutPlanner_A/src&amp;lt;cp.listeners.view{V_OTL.java[V_OTL" StructureKind="java" NumEvents="3" CreationCount="708"/><InteractionEvent Delta="null" EndDate="2014-12-09 10:29:44.354 JST" Interest="30.907999" Kind="propagation" Navigation="org.eclipse.mylyn.core.model.edges.containment" OriginId="org.eclipse.mylyn.core.model.interest.propagation" StartDate="2014-12-09 10:21:35.349 JST" StructureHandle="=CutPlanner_A/src&amp;lt;cp.listeners.view{V_OTL.java[V_OTL" StructureKind="java" NumEvents="40" CreationCount="708"/><InteractionEvent Delta="null" EndDate="2014-12-09 10:25:00.747 JST" Interest="1.0" Kind="selection" Navigation="null" OriginId="org.eclipse.ui.views.ContentOutline" StartDate="2014-12-09 10:25:00.747 JST" StructureHandle="=CutPlanner_A/src&amp;lt;cp.views{CV2.java[CV2~drawLine~F~F~F~F~QPaint;" StructureKind="java"/><InteractionEvent Delta="null" EndDate="2014-12-09 09:57:05.205 JST" Interest="1.0" Kind="selection" Navigation="null" OriginId="org.eclipse.ui.views.ResourceNavigator" StartDate="2014-12-09 09:57:05.205 JST" StructureHandle="/IFM11/res/drawable/ifm8_forward.png" StructureKind="resource"/><InteractionEvent Delta="null" EndDate="2014-12-09 10:16:54.323 JST" Interest="23.0" Kind="edit" Navigation="null" OriginId="org.eclipse.jdt.ui.CompilationUnitEditor" StartDate="2014-12-09 10:14:08.977 JST" StructureHandle="=CutPlanner_A/src&amp;lt;cp.listeners.dialog{DOI_CL.java[DOI_CL~case_ACTV_MAIN_ADMIN_LV~QListItem;" StructureKind="java" NumEvents="23" CreationCount="480"/><InteractionEvent Delta="null" EndDate="2014-12-09 10:20:37.170 JST" Interest="10.0" Kind="selection" Navigation="null" OriginId="org.eclipse.jdt.ui.CompilationUnitEditor" StartDate="2014-12-09 10:14:03.669 JST" StructureHandle="=CutPlanner_A/src&amp;lt;cp.listeners.dialog{DOI_CL.java[DOI_CL~case_ACTV_MAIN_ADMIN_LV~QListItem;" StructureKind="java" NumEvents="10" CreationCount="480"/><InteractionEvent Delta="null" EndDate="2014-12-09 10:25:00.740 JST" Interest="1.0" Kind="selection" Navigation="null" OriginId="org.eclipse.ui.views.ContentOutline" StartDate="2014-12-09 10:25:00.740 JST" StructureHandle="=CutPlanner_A/src&amp;lt;cp.views{CV2.java[CV2~draw_Boxes_B~QActivity;" StructureKind="java"/><InteractionEvent Delta="null" EndDate="2014-12-09 09:58:17.416 JST" Interest="1.0" Kind="selection" Navigation="null" OriginId="org.eclipse.ui.views.ResourceNavigator" StartDate="2014-12-09 09:58:17.416 JST" StructureHandle="/IFM11/res/drawable/ifm8_image_actv_opt_menu_add_memo.png" StructureKind="resource"/><InteractionEvent Delta="null" EndDate="2014-12-09 10:04:37.278 JST" Interest="3.0" Kind="edit" Navigation="null" OriginId="org.eclipse.jdt.ui.CompilationUnitEditor" StartDate="2014-12-09 10:04:34.373 JST" StructureHandle="=CutPlanner_A/src&amp;lt;cp.main{TopolActv.java[TopolActv~onActivityResult~I~I~QIntent;" StructureKind="java" NumEvents="3" CreationCount="275"/><InteractionEvent Delta="null" EndDate="2014-12-09 10:04:51.381 JST" Interest="2.0" Kind="selection" Navigation="null" OriginId="org.eclipse.jdt.ui.CompilationUnitEditor" StartDate="2014-12-09 10:04:31.738 JST" StructureHandle="=CutPlanner_A/src&amp;lt;cp.main{TopolActv.java[TopolActv~onActivityResult~I~I~QIntent;" StructureKind="java" NumEvents="2" CreationCount="275"/><InteractionEvent Delta="null" EndDate="2014-12-09 09:54:13.559 JST" Interest="10.0" Kind="edit" Navigation="null" OriginId="org.eclipse.jdt.ui.CompilationUnitEditor" StartDate="2014-12-09 09:03:06.950 JST" StructureHandle="=CutPlanner_A/src&amp;lt;cp.main{MainActv.java[MainActv~onOptionsItemSelected~QMenuItem;" StructureKind="java" NumEvents="10" CreationCount="54"/><InteractionEvent Delta="null" EndDate="2014-12-09 10:02:27.495 JST" Interest="4.0" Kind="selection" Navigation="null" OriginId="org.eclipse.jdt.ui.CompilationUnitEditor" StartDate="2014-12-09 09:03:06.389 JST" StructureHandle="=CutPlanner_A/src&amp;lt;cp.main{MainActv.java[MainActv~onOptionsItemSelected~QMenuItem;" StructureKind="java" NumEvents="4" CreationCount="54"/><InteractionEvent Delta="null" EndDate="2014-12-09 10:20:36.189 JST" Interest="19.219004" Kind="propagation" Navigation="org.eclipse.mylyn.core.model.edges.containment" OriginId="org.eclipse.mylyn.core.model.interest.propagation" StartDate="2014-12-09 10:13:53.107 JST" StructureHandle="=CutPlanner_A/src&amp;lt;cp.listeners.dialog{DOI_CL.java" StructureKind="java" NumEvents="32" CreationCount="473"/><InteractionEvent Delta="null" EndDate="2014-12-09 10:20:37.34 JST" Interest="7.0" Kind="selection" Navigation="null" OriginId="org.eclipse.jdt.ui.CompilationUnitEditor" StartDate="2014-12-09 10:13:52.466 JST" StructureHandle="=CutPlanner_A/src&amp;lt;cp.listeners.dialog{DOI_CL.java" StructureKind="java" NumEvents="7" CreationCount="473"/><InteractionEvent Delta="null" EndDate="2014-12-09 10:17:41.206 JST" Interest="7.0" Kind="edit" Navigation="null" OriginId="org.eclipse.jdt.ui.CompilationUnitEditor" StartDate="2014-12-09 10:10:26.545 JST" StructureHandle="=CutPlanner_A/src&amp;lt;cp.main{TopolActv.java[TopolActv~_Setup" StructureKind="java" NumEvents="7" CreationCount="339"/><InteractionEvent Delta="null" EndDate="2014-12-09 10:10:15.205 JST" Interest="0.36000013" Kind="manipulation" Navigation="null" OriginId="org.eclipse.mylyn.core.model.interest.decay.correction" StartDate="2014-12-09 10:10:15.205 JST" StructureHandle="=CutPlanner_A/src&amp;lt;cp.main{TopolActv.java[TopolActv~_Setup" StructureKind="java"/><InteractionEvent Delta="null" EndDate="2014-12-09 10:20:41.338 JST" Interest="5.0" Kind="selection" Navigation="null" OriginId="org.eclipse.jdt.ui.CompilationUnitEditor" StartDate="2014-12-09 10:07:02.667 JST" StructureHandle="=CutPlanner_A/src&amp;lt;cp.main{TopolActv.java[TopolActv~_Setup" StructureKind="java" NumEvents="5" CreationCount="339"/><InteractionEvent Delta="null" EndDate="2014-12-09 09:56:56.605 JST" Interest="0.4280001" Kind="manipulation" Navigation="null" OriginId="org.eclipse.mylyn.core.model.interest.decay.correction" StartDate="2014-12-09 09:56:56.605 JST" StructureHandle="=IFM11" StructureKind="java"/><InteractionEvent Delta="null" EndDate="2014-12-09 10:02:26.118 JST" Interest="28.554998" Kind="propagation" Navigation="org.eclipse.mylyn.core.model.edges.containment" OriginId="org.eclipse.mylyn.core.model.interest.propagation" StartDate="2014-12-09 09:57:18.356 JST" StructureHandle="=IFM11" StructureKind="java" NumEvents="40" CreationCount="1"/><InteractionEvent Delta="null" EndDate="2014-12-09 09:56:58.687 JST" Interest="3.0" Kind="selection" Navigation="null" OriginId="org.eclipse.ui.views.ResourceNavigator" StartDate="2014-12-09 08:57:59.138 JST" StructureHandle="=IFM11" StructureKind="java" NumEvents="3" CreationCount="1"/><InteractionEvent Delta="null" EndDate="2014-12-09 10:17:35.438 JST" Interest="7.0" Kind="edit" Navigation="null" OriginId="org.eclipse.jdt.ui.CompilationUnitEditor" StartDate="2014-12-09 09:00:07.409 JST" StructureHandle="=CutPlanner_A/src&amp;lt;cp.main{TopolActv.java[TopolActv" StructureKind="java" NumEvents="7" CreationCount="19"/><InteractionEvent Delta="null" EndDate="2014-12-09 10:27:13.766 JST" Interest="123.742" Kind="propagation" Navigation="org.eclipse.mylyn.core.model.edges.containment" OriginId="org.eclipse.mylyn.core.model.interest.propagation" StartDate="2014-12-09 09:00:43.769 JST" StructureHandle="=CutPlanner_A/src&amp;lt;cp.main{TopolActv.java[TopolActv" StructureKind="java" NumEvents="172" CreationCount="19"/><InteractionEvent Delta="null" EndDate="2014-12-09 10:17:35.430 JST" Interest="5.0" Kind="selection" Navigation="null" OriginId="org.eclipse.jdt.ui.CompilationUnitEditor" StartDate="2014-12-09 09:00:06.801 JST" StructureHandle="=CutPlanner_A/src&amp;lt;cp.main{TopolActv.java[TopolActv" StructureKind="java" NumEvents="5" CreationCount="19"/><InteractionEvent Delta="null" EndDate="2014-12-09 10:15:09.469 JST" Interest="3.0" Kind="selection" Navigation="null" OriginId="org.eclipse.jdt.ui.CompilationUnitEditor" StartDate="2014-12-09 10:15:08.688 JST" StructureHandle="=CutPlanner_A/src&amp;lt;cp.utils{Methods.java[Methods~start_Activity_LogActv~QActivity;~QDialog;" StructureKind="java" NumEvents="3" CreationCount="511"/><InteractionEvent Delta="null" EndDate="2014-12-09 10:39:18.115 JST" Interest="970.01697" Kind="propagation" Navigation="null" OriginId="org.eclipse.jdt.ui.CompilationUnitEditor" StartDate="2014-12-09 08:57:59.138 JST" StructureHandle="/" StructureKind="resource" NumEvents="971" CreationCount="1"/><InteractionEvent Delta="null" EndDate="2014-12-09 10:24:31.523 JST" Interest="1.0" Kind="propagation" Navigation="null" OriginId="org.eclipse.jdt.ui.PackageExplorer" StartDate="2014-12-09 10:24:31.523 JST" StructureHandle="/CutPlanner_A/src/cp/main/ShowLogActv.java" StructureKind="resource"/><InteractionEvent Delta="null" EndDate="2014-12-09 10:24:31.523 JST" Interest="1.0" Kind="selection" Navigation="null" OriginId="org.eclipse.jdt.ui.PackageExplorer" StartDate="2014-12-09 10:24:31.523 JST" StructureHandle="=CutPlanner_A/src&amp;lt;cp.main{ShowLogActv.java" StructureKind="java"/><InteractionEvent Delta="null" EndDate="2014-12-09 10:24:53.105 JST" Interest="13.0" Kind="edit" Navigation="null" OriginId="org.eclipse.jdt.ui.CompilationUnitEditor" StartDate="2014-12-09 10:18:50.289 JST" StructureHandle="=CutPlanner_A/src&amp;lt;cp.views{CV2.java[CV2~onDraw~QCanvas;" StructureKind="java" NumEvents="13" CreationCount="611"/><InteractionEvent Delta="null" EndDate="2014-12-09 10:24:56.308 JST" Interest="5.0" Kind="selection" Navigation="null" OriginId="org.eclipse.ui.views.ContentOutline" StartDate="2014-12-09 10:18:47.903 JST" StructureHandle="=CutPlanner_A/src&amp;lt;cp.views{CV2.java[CV2~onDraw~QCanvas;" StructureKind="java" NumEvents="5" CreationCount="611"/><InteractionEvent Delta="null" EndDate="2014-12-09 10:07:08.405 JST" Interest="1.0" Kind="selection" Navigation="null" OriginId="org.eclipse.jdt.ui.CompilationUnitEditor" StartDate="2014-12-09 10:07:08.405 JST" StructureHandle="=CutPlanner_A/src&amp;lt;cp.utils{Tags.java[Tags[ButtonTags^ACTV_TOPOL_IB_PREV" StructureKind="java"/><InteractionEvent Delta="null" EndDate="2014-12-09 10:01:22.246 JST" Interest="2.951" Kind="propagation" Navigation="org.eclipse.mylyn.core.model.edges.containment" OriginId="org.eclipse.mylyn.core.model.interest.propagation" StartDate="2014-12-09 09:59:22.786 JST" StructureHandle="=IFM11/src&amp;lt;ifm11.listeners.button{BO_TL.java" StructureKind="java" NumEvents="5" CreationCount="126"/><InteractionEvent Delta="null" EndDate="2014-12-09 09:59:38.163 JST" Interest="4.0" Kind="selection" Navigation="null" OriginId="org.eclipse.ui.views.ResourceNavigator" StartDate="2014-12-09 09:59:07.415 JST" StructureHandle="=IFM11/src&amp;lt;ifm11.listeners.button{BO_TL.java" StructureKind="java" NumEvents="4" CreationCount="126"/><InteractionEvent Delta="null" EndDate="2014-12-09 10:39:18.100 JST" Interest="419.034" Kind="propagation" Navigation="org.eclipse.mylyn.core.model.edges.containment" OriginId="org.eclipse.mylyn.core.model.interest.propagation" StartDate="2014-12-09 08:58:55.803 JST" StructureHandle="/CutPlanner_A/src/cp" StructureKind="resource" NumEvents="422" CreationCount="4"/><InteractionEvent Delta="null" EndDate="2014-12-09 10:16:53.715 JST" Interest="2.0" Kind="edit" Navigation="null" OriginId="org.eclipse.jdt.ui.CompilationUnitEditor" StartDate="2014-12-09 10:16:09.673 JST" StructureHandle="=CutPlanner_A/src&amp;lt;cp.listeners.dialog{DOI_CL.java[DOI_CL" StructureKind="java" NumEvents="2" CreationCount="474"/><InteractionEvent Delta="null" EndDate="2014-12-09 10:16:09.670 JST" Interest="2.0" Kind="selection" Navigation="null" OriginId="org.eclipse.jdt.ui.CompilationUnitEditor" StartDate="2014-12-09 10:14:05.461 JST" StructureHandle="=CutPlanner_A/src&amp;lt;cp.listeners.dialog{DOI_CL.java[DOI_CL" StructureKind="java" NumEvents="2" CreationCount="474"/><InteractionEvent Delta="null" EndDate="2014-12-09 10:20:37.170 JST" Interest="22.802" Kind="propagation" Navigation="org.eclipse.mylyn.core.model.edges.containment" OriginId="org.eclipse.mylyn.core.model.interest.propagation" StartDate="2014-12-09 10:13:53.107 JST" StructureHandle="=CutPlanner_A/src&amp;lt;cp.listeners.dialog{DOI_CL.java[DOI_CL" StructureKind="java" NumEvents="30" CreationCount="474"/><InteractionEvent Delta="null" EndDate="2014-12-09 10:30:16.6 JST" Interest="19.0" Kind="edit" Navigation="null" OriginId="org.eclipse.jdt.ui.CompilationUnitEditor" StartDate="2014-12-09 10:28:47.53 JST" StructureHandle="=CutPlanner_A/src&amp;lt;cp.listeners.view{V_OCL.java[V_OCL~onClick~QView;" StructureKind="java" NumEvents="19" CreationCount="891"/><InteractionEvent Delta="null" EndDate="2014-12-09 10:29:44.815 JST" Interest="4.0" Kind="selection" Navigation="null" OriginId="org.eclipse.jdt.ui.CompilationUnitEditor" StartDate="2014-12-09 10:28:46.72 JST" StructureHandle="=CutPlanner_A/src&amp;lt;cp.listeners.view{V_OCL.java[V_OCL~onClick~QView;" StructureKind="java" NumEvents="4" CreationCount="891"/><InteractionEvent Delta="null" EndDate="2014-12-09 10:26:01.533 JST" Interest="2.0" Kind="edit" Navigation="null" OriginId="org.eclipse.jdt.ui.CompilationUnitEditor" StartDate="2014-12-09 10:25:27.829 JST" StructureHandle="=CutPlanner_A/src&amp;lt;cp.views{CV2.java[CV2~clearDrawList" StructureKind="java" NumEvents="2" CreationCount="819"/><InteractionEvent Delta="null" EndDate="2014-12-09 10:25:27.819 JST" Interest="1.0" Kind="selection" Navigation="null" OriginId="org.eclipse.jdt.ui.CompilationUnitEditor" StartDate="2014-12-09 10:25:27.819 JST" StructureHandle="=CutPlanner_A/src&amp;lt;cp.views{CV2.java[CV2~clearDrawList" StructureKind="java"/><InteractionEvent Delta="null" EndDate="2014-12-09 10:27:13.767 JST" Interest="130.88" Kind="propagation" Navigation="org.eclipse.mylyn.core.model.edges.containment" OriginId="org.eclipse.mylyn.core.model.interest.propagation" StartDate="2014-12-09 08:59:02.355 JST" StructureHandle="=CutPlanner_A/src&amp;lt;cp.main" StructureKind="java" NumEvents="193" CreationCount="5"/><InteractionEvent Delta="null" EndDate="2014-12-09 10:30:17.184 JST" Interest="4.0" Kind="selection" Navigation="null" OriginId="org.eclipse.jdt.ui.PackageExplorer" StartDate="2014-12-09 08:58:56.209 JST" StructureHandle="=CutPlanner_A/src&amp;lt;cp.main" StructureKind="java" NumEvents="4" CreationCount="5"/><InteractionEvent Delta="null" EndDate="2014-12-09 10:30:16.7 JST" Interest="9.122" Kind="propagation" Navigation="org.eclipse.mylyn.core.model.edges.containment" OriginId="org.eclipse.mylyn.core.model.interest.propagation" StartDate="2014-12-09 10:22:16.149 JST" StructureHandle="=CutPlanner_A/src&amp;lt;cp.listeners.view{V_OCL.java" StructureKind="java" NumEvents="16" CreationCount="725"/><InteractionEvent Delta="null" EndDate="2014-12-09 10:29:44.642 JST" Interest="11.0" Kind="selection" Navigation="null" OriginId="org.eclipse.jdt.ui.CompilationUnitEditor" StartDate="2014-12-09 10:22:15.430 JST" StructureHandle="=CutPlanner_A/src&amp;lt;cp.listeners.view{V_OCL.java" StructureKind="java" NumEvents="11" CreationCount="725"/><InteractionEvent Delta="null" EndDate="2014-12-09 10:04:01.891 JST" Interest="2.0" Kind="edit" Navigation="null" OriginId="org.eclipse.jdt.ui.CompilationUnitEditor" StartDate="2014-12-09 10:04:00.853 JST" StructureHandle="=CutPlanner_A/src&amp;lt;cp.main{TopolActv.java[TopolActv~onCreateOptionsMenu~QMenu;" StructureKind="java" NumEvents="2" CreationCount="257"/><InteractionEvent Delta="null" EndDate="2014-12-09 10:03:55.500 JST" Interest="1.0" Kind="selection" Navigation="null" OriginId="org.eclipse.jdt.ui.CompilationUnitEditor" StartDate="2014-12-09 10:03:55.500 JST" StructureHandle="=CutPlanner_A/src&amp;lt;cp.main{TopolActv.java[TopolActv~onCreateOptionsMenu~QMenu;" StructureKind="java"/><InteractionEvent Delta="null" EndDate="2014-12-09 09:57:17.601 JST" Interest="1.0" Kind="selection" Navigation="null" OriginId="org.eclipse.ui.views.ResourceNavigator" StartDate="2014-12-09 09:57:17.601 JST" StructureHandle="/IFM11/res/drawable/general_ib_ball_red_48x48.png" StructureKind="resource"/><InteractionEvent Delta="null" EndDate="2014-12-09 10:20:37.34 JST" Interest="26.219004" Kind="propagation" Navigation="org.eclipse.mylyn.core.model.edges.containment" OriginId="org.eclipse.mylyn.core.model.interest.propagation" StartDate="2014-12-09 10:13:52.466 JST" StructureHandle="=CutPlanner_A/src&amp;lt;cp.listeners.dialog" StructureKind="java" NumEvents="38" CreationCount="473"/><InteractionEvent Delta="null" EndDate="2014-12-09 10:17:15.570 JST" Interest="10.142" Kind="propagation" Navigation="org.eclipse.mylyn.core.model.edges.containment" OriginId="org.eclipse.mylyn.core.model.interest.propagation" StartDate="2014-12-09 10:03:23.829 JST" StructureHandle="=CutPlanner_A/src&amp;lt;cp.main{DeviceListActv.java" StructureKind="java" NumEvents="20" CreationCount="237"/><InteractionEvent Delta="null" EndDate="2014-12-09 10:20:40.297 JST" Interest="5.0" Kind="selection" Navigation="null" OriginId="org.eclipse.jdt.ui.CompilationUnitEditor" StartDate="2014-12-09 10:03:23.51 JST" StructureHandle="=CutPlanner_A/src&amp;lt;cp.main{DeviceListActv.java" StructureKind="java" NumEvents="5" CreationCount="237"/><InteractionEvent Delta="null" EndDate="2014-12-09 10:30:20.382 JST" Interest="2.9090009" Kind="manipulation" Navigation="null" OriginId="org.eclipse.mylyn.core.model.interest.decay.correction" StartDate="2014-12-09 10:30:20.382 JST" StructureHandle="=CutPlanner_A/src&amp;lt;cp.main{MainActv.java" StructureKind="java"/><InteractionEvent Delta="null" EndDate="2014-12-09 10:39:18.100 JST" Interest="21.001001" Kind="propagation" Navigation="org.eclipse.mylyn.core.model.edges.containment" OriginId="org.eclipse.mylyn.core.model.interest.propagation" StartDate="2014-12-09 09:03:08.417 JST" StructureHandle="=CutPlanner_A/src&amp;lt;cp.main{MainActv.java" StructureKind="java" NumEvents="32" CreationCount="6"/><InteractionEvent Delta="null" EndDate="2014-12-09 10:30:20.609 JST" Interest="10.0" Kind="selection" Navigation="null" OriginId="org.eclipse.jdt.ui.CompilationUnitEditor" StartDate="2014-12-09 08:59:02.355 JST" StructureHandle="=CutPlanner_A/src&amp;lt;cp.main{MainActv.java" StructureKind="java" NumEvents="10" CreationCount="6"/><InteractionEvent Delta="null" EndDate="2014-12-09 10:31:06.641 JST" Interest="7.0" Kind="prediction" Navigation="null" OriginId="org.eclipse.mylyn.resources.ui.interest.updater" StartDate="2014-12-09 10:16:05.469 JST" StructureHandle="/CutPlanner_A/bin/CutPlanner_A.apk" StructureKind="resource" NumEvents="7" CreationCount="527"/><InteractionEvent Delta="null" EndDate="2014-12-09 09:58:04.251 JST" Interest="1.0" Kind="selection" Navigation="null" OriginId="org.eclipse.ui.views.ResourceNavigator" StartDate="2014-12-09 09:58:04.251 JST" StructureHandle="/IFM11/res/layout/add_memo_grid_view.xml" StructureKind="resource"/><InteractionEvent Delta="null" EndDate="2014-12-09 10:26:13.720 JST" Interest="1.0" Kind="edit" Navigation="null" OriginId="org.eclipse.jdt.ui.CompilationUnitEditor" StartDate="2014-12-09 10:26:13.720 JST" StructureHandle="=CutPlanner_A/src&amp;lt;cp.listeners.view{V_OTL.java[V_OTL~_case_ACTION_DOWN__CirA~F~F" StructureKind="java"/><InteractionEvent Delta="null" EndDate="2014-12-09 10:26:11.67 JST" Interest="1.0" Kind="selection" Navigation="null" OriginId="org.eclipse.jdt.ui.CompilationUnitEditor" StartDate="2014-12-09 10:26:11.67 JST" StructureHandle="=CutPlanner_A/src&amp;lt;cp.listeners.view{V_OTL.java[V_OTL~_case_ACTION_DOWN__CirA~F~F" StructureKind="java"/><InteractionEvent Delta="null" EndDate="2014-12-09 10:15:09.471 JST" Interest="2.0509999" Kind="propagation" Navigation="org.eclipse.mylyn.core.model.edges.containment" OriginId="org.eclipse.mylyn.core.model.interest.propagation" StartDate="2014-12-09 10:14:57.32 JST" StructureHandle="=CutPlanner_A/src&amp;lt;cp.utils{Methods.java" StructureKind="java" NumEvents="4" CreationCount="508"/><InteractionEvent Delta="null" EndDate="2014-12-09 10:20:38.119 JST" Interest="5.0" Kind="selection" Navigation="null" OriginId="org.eclipse.jdt.ui.CompilationUnitEditor" StartDate="2014-12-09 10:14:56.348 JST" StructureHandle="=CutPlanner_A/src&amp;lt;cp.utils{Methods.java" StructureKind="java" NumEvents="5" CreationCount="508"/><InteractionEvent Delta="null" EndDate="2014-12-09 10:39:18.100 JST" Interest="133.914" Kind="propagation" Navigation="org.eclipse.mylyn.core.model.edges.containment" OriginId="org.eclipse.mylyn.core.model.interest.propagation" StartDate="2014-12-09 08:58:55.803 JST" StructureHandle="=CutPlanner_A/src" StructureKind="java" NumEvents="219" CreationCount="3"/><InteractionEvent Delta="null" EndDate="2014-12-09 08:58:15.568 JST" Interest="1.0" Kind="selection" Navigation="null" OriginId="org.eclipse.jdt.ui.PackageExplorer" StartDate="2014-12-09 08:58:15.568 JST" StructureHandle="=CutPlanner_A/src" StructureKind="java"/><InteractionEvent Delta="null" EndDate="2014-12-09 10:19:46.836 JST" Interest="10.704" Kind="propagation" Navigation="org.eclipse.mylyn.core.model.edges.containment" OriginId="org.eclipse.mylyn.core.model.interest.propagation" StartDate="2014-12-09 08:59:54.253 JST" StructureHandle="/CutPlanner_A/bin" StructureKind="resource" NumEvents="5" CreationCount="15"/><InteractionEvent Delta="null" EndDate="2014-12-09 10:18:01.596 JST" Interest="1.0" Kind="selection" Navigation="null" OriginId="org.eclipse.ui.views.ContentOutline" StartDate="2014-12-09 10:18:01.596 JST" StructureHandle="=CutPlanner_A/src&amp;lt;cp.views{CV.java%cp.views" StructureKind="java"/><InteractionEvent Delta="null" EndDate="2014-12-09 10:08:03.596 JST" Interest="1.0" Kind="selection" Navigation="null" OriginId="org.eclipse.jdt.ui.CompilationUnitEditor" StartDate="2014-12-09 10:08:03.596 JST" StructureHandle="=CutPlanner_A/src&amp;lt;cp.utils{Tags.java[Tags[ButtonTags^ACTV_TOPOL_IB_NEXT" StructureKind="java"/><InteractionEvent Delta="null" EndDate="2014-12-09 10:01:22.245 JST" Interest="13.0" Kind="propagation" Navigation="null" OriginId="org.eclipse.ui.views.ContentOutline" StartDate="2014-12-09 09:59:07.415 JST" StructureHandle="/IFM11/src/ifm11/listeners/button/BO_TL.java" StructureKind="resource" NumEvents="13" CreationCount="126"/><InteractionEvent Delta="null" EndDate="2014-12-09 10:30:16.7 JST" Interest="147.951" Kind="propagation" Navigation="null" OriginId="org.eclipse.jdt.ui.CompilationUnitEditor" StartDate="2014-12-09 08:58:55.803 JST" StructureHandle="/CutPlanner_A/src/cp/listeners/view" StructureKind="resource" NumEvents="137" CreationCount="4"/><InteractionEvent Delta="null" EndDate="2014-12-09 10:29:22.778 JST" Interest="28.199999" Kind="propagation" Navigation="org.eclipse.mylyn.core.model.edges.containment" OriginId="org.eclipse.mylyn.core.model.interest.propagation" StartDate="2014-12-09 10:12:32.497 JST" StructureHandle="=CutPlanner_A/src&amp;lt;cp.utils{Methods_dlg.java[Methods_dlg" StructureKind="java" NumEvents="36" CreationCount="445"/><InteractionEvent Delta="null" EndDate="2014-12-09 10:17:07.191 JST" Interest="0.6570003" Kind="manipulation" Navigation="null" OriginId="org.eclipse.mylyn.core.model.interest.decay.correction" StartDate="2014-12-09 10:17:07.191 JST" StructureHandle="=CutPlanner_A/src&amp;lt;cp.main{DeviceListActv.java[DeviceListActv" StructureKind="java"/><InteractionEvent Delta="null" EndDate="2014-12-09 10:17:09.635 JST" Interest="3.0" Kind="selection" Navigation="null" OriginId="org.eclipse.ui.views.ContentOutline" StartDate="2014-12-09 10:03:35.519 JST" StructureHandle="=CutPlanner_A/src&amp;lt;cp.main{DeviceListActv.java[DeviceListActv" StructureKind="java" NumEvents="3" CreationCount="239"/><InteractionEvent Delta="null" EndDate="2014-12-09 10:20:40.434 JST" Interest="11.451" Kind="propagation" Navigation="org.eclipse.mylyn.core.model.edges.containment" OriginId="org.eclipse.mylyn.core.model.interest.propagation" StartDate="2014-12-09 10:03:28.202 JST" StructureHandle="=CutPlanner_A/src&amp;lt;cp.main{DeviceListActv.java[DeviceListActv" StructureKind="java" NumEvents="17" CreationCount="239"/><InteractionEvent Delta="null" EndDate="2014-12-09 10:03:50.993 JST" Interest="5.0" Kind="edit" Navigation="null" OriginId="org.eclipse.jdt.ui.CompilationUnitEditor" StartDate="2014-12-09 10:03:45.560 JST" StructureHandle="=CutPlanner_A/src&amp;lt;cp.main{TopolActv.java[TopolActv~onBackPressed" StructureKind="java" NumEvents="5" CreationCount="251"/><InteractionEvent Delta="null" EndDate="2014-12-09 10:03:42.412 JST" Interest="1.0" Kind="selection" Navigation="null" OriginId="org.eclipse.jdt.ui.CompilationUnitEditor" StartDate="2014-12-09 10:03:42.412 JST" StructureHandle="=CutPlanner_A/src&amp;lt;cp.main{TopolActv.java[TopolActv~onBackPressed" StructureKind="java"/><InteractionEvent Delta="null" EndDate="2014-12-09 10:20:39.178 JST" Interest="16.5" Kind="propagation" Navigation="org.eclipse.mylyn.core.model.edges.containment" OriginId="org.eclipse.mylyn.core.model.interest.propagation" StartDate="2014-12-09 10:11:36.977 JST" StructureHandle="/CutPlanner_A/res/values" StructureKind="resource" NumEvents="21" CreationCount="429"/><InteractionEvent Delta="null" EndDate="2014-12-09 10:20:35.297 JST" Interest="15.0" Kind="propagation" Navigation="null" OriginId="org.eclipse.jdt.ui.CompilationUnitEditor" StartDate="2014-12-09 10:17:59.598 JST" StructureHandle="/CutPlanner_A/src/cp/views/CV.java" StructureKind="resource" NumEvents="15" CreationCount="600"/><InteractionEvent Delta="null" EndDate="2014-12-09 10:23:04.91 JST" Interest="8.0" Kind="edit" Navigation="null" OriginId="org.eclipse.jdt.ui.CompilationUnitEditor" StartDate="2014-12-09 10:22:17.669 JST" StructureHandle="=CutPlanner_A/src&amp;lt;cp.listeners.view{V_OCL.java[V_OCL~V_OCL~QActivity;~QCV2;" StructureKind="java" NumEvents="8" CreationCount="726"/><InteractionEvent Delta="null" EndDate="2014-12-09 10:22:56.408 JST" Interest="4.0" Kind="selection" Navigation="null" OriginId="org.eclipse.jdt.ui.CompilationUnitEditor" StartDate="2014-12-09 10:22:16.148 JST" StructureHandle="=CutPlanner_A/src&amp;lt;cp.listeners.view{V_OCL.java[V_OCL~V_OCL~QActivity;~QCV2;" StructureKind="java" NumEvents="4" CreationCount="726"/><InteractionEvent Delta="null" EndDate="2014-12-09 10:01:22.248 JST" Interest="20.0" Kind="propagation" Navigation="null" OriginId="org.eclipse.ui.views.ContentOutline" StartDate="2014-12-09 09:57:01.685 JST" StructureHandle="/IFM11/src" StructureKind="resource" NumEvents="20" CreationCount="89"/><InteractionEvent Delta="null" EndDate="2014-12-09 10:00:00.294 JST" Interest="7.0" Kind="edit" Navigation="null" OriginId="org.eclipse.jdt.ui.CompilationUnitEditor" StartDate="2014-12-09 09:59:18.388 JST" StructureHandle="=IFM11/src&amp;lt;ifm11.listeners.button{BO_TL.java[BO_TL~onTouch~QView;~QMotionEvent;" StructureKind="java" NumEvents="7" CreationCount="129"/><InteractionEvent Delta="null" EndDate="2014-12-09 10:01:22.242 JST" Interest="2.0" Kind="selection" Navigation="null" OriginId="org.eclipse.ui.views.ContentOutline" StartDate="2014-12-09 09:59:11.634 JST" StructureHandle="=IFM11/src&amp;lt;ifm11.listeners.button{BO_TL.java[BO_TL~onTouch~QView;~QMotionEvent;" StructureKind="java" NumEvents="2" CreationCount="129"/><InteractionEvent Delta="null" EndDate="2014-12-09 10:01:22.245 JST" Interest="13.509998" Kind="propagation" Navigation="org.eclipse.mylyn.core.model.edges.containment" OriginId="org.eclipse.mylyn.core.model.interest.propagation" StartDate="2014-12-09 09:57:22.917 JST" StructureHandle="/IFM11/src/ifm11" StructureKind="resource" NumEvents="18" CreationCount="96"/><InteractionEvent Delta="null" EndDate="2014-12-09 10:39:18.115 JST" Interest="883.0" Kind="propagation" Navigation="null" OriginId="org.eclipse.jdt.ui.CompilationUnitEditor" StartDate="2014-12-09 08:58:01.135 JST" StructureHandle="/CutPlanner_A" StructureKind="resource" NumEvents="883" CreationCount="2"/><InteractionEvent Delta="null" EndDate="2014-12-09 10:31:06.641 JST" Interest="7.0" Kind="prediction" Navigation="null" OriginId="org.eclipse.mylyn.resources.ui.interest.updater" StartDate="2014-12-09 10:16:05.469 JST" StructureHandle="/CutPlanner_A/bin/classes.dex" StructureKind="resource" NumEvents="7" CreationCount="527"/><InteractionEvent Delta="null" EndDate="2014-12-09 10:01:22.247 JST" Interest="5.58" Kind="propagation" Navigation="org.eclipse.mylyn.core.model.edges.containment" OriginId="org.eclipse.mylyn.core.model.interest.propagation" StartDate="2014-12-09 09:59:08.611 JST" StructureHandle="=IFM11/src" StructureKind="java" NumEvents="8" CreationCount="89"/><InteractionEvent Delta="null" EndDate="2014-12-09 09:57:21.446 JST" Interest="2.0" Kind="selection" Navigation="null" OriginId="org.eclipse.ui.views.ResourceNavigator" StartDate="2014-12-09 09:57:01.685 JST" StructureHandle="=IFM11/src" StructureKind="java" NumEvents="2" CreationCount="89"/><InteractionEvent Delta="null" EndDate="2014-12-09 10:29:22.779 JST" Interest="79.0" Kind="propagation" Navigation="null" OriginId="org.eclipse.jdt.ui.CompilationUnitEditor" StartDate="2014-12-09 10:05:31.321 JST" StructureHandle="/CutPlanner_A/src/cp/utils" StructureKind="resource" NumEvents="79" CreationCount="297"/><InteractionEvent Delta="null" EndDate="2014-12-09 10:08:19.656 JST" Interest="1.0" Kind="selection" Navigation="null" OriginId="org.eclipse.jdt.ui.CompilationUnitEditor" StartDate="2014-12-09 10:08:19.656 JST" StructureHandle="=CutPlanner_A/src&amp;lt;cp.utils{Tags.java[Tags[ButtonTags^ACTV_SHOWLOG_IB_DOWN" StructureKind="java"/><InteractionEvent Delta="null" EndDate="2014-12-09 10:28:43.795 JST" Interest="2.0" Kind="selection" Navigation="null" OriginId="org.eclipse.jdt.ui.CompilationUnitEditor" StartDate="2014-12-09 10:23:04.930 JST" StructureHandle="=CutPlanner_A/src&amp;lt;cp.listeners.view{V_OCL.java[V_OCL" StructureKind="java" NumEvents="2" CreationCount="726"/><InteractionEvent Delta="null" EndDate="2014-12-09 10:30:16.6 JST" Interest="18.105" Kind="propagation" Navigation="org.eclipse.mylyn.core.model.edges.containment" OriginId="org.eclipse.mylyn.core.model.interest.propagation" StartDate="2014-12-09 10:22:16.148 JST" StructureHandle="=CutPlanner_A/src&amp;lt;cp.listeners.view{V_OCL.java[V_OCL" StructureKind="java" NumEvents="24" CreationCount="726"/><InteractionEvent Delta="null" EndDate="2014-12-09 10:39:18.100 JST" Interest="769.068" Kind="propagation" Navigation="org.eclipse.mylyn.core.model.edges.containment" OriginId="org.eclipse.mylyn.core.model.interest.propagation" StartDate="2014-12-09 08:58:15.568 JST" StructureHandle="=CutPlanner_A" StructureKind="resource" NumEvents="775" CreationCount="2"/><InteractionEvent Delta="null" EndDate="2014-12-09 09:56:54.674 JST" Interest="2.0" Kind="selection" Navigation="null" OriginId="org.eclipse.ui.views.ResourceNavigator" StartDate="2014-12-09 08:58:01.135 JST" StructureHandle="=CutPlanner_A" StructureKind="java" NumEvents="2" CreationCount="2"/><InteractionEvent Delta="null" EndDate="2014-12-09 10:22:26.37 JST" Interest="13.0" Kind="edit" Navigation="null" OriginId="org.eclipse.jdt.ui.CompilationUnitEditor" StartDate="2014-12-09 10:21:37.101 JST" StructureHandle="=CutPlanner_A/src&amp;lt;cp.listeners.view{V_OTL.java[V_OTL~V_OTL~QActivity;~QCV2;" StructureKind="java" NumEvents="13" CreationCount="708"/><InteractionEvent Delta="null" EndDate="2014-12-09 10:23:06.777 JST" Interest="5.0" Kind="selection" Navigation="null" OriginId="org.eclipse.jdt.ui.CompilationUnitEditor" StartDate="2014-12-09 10:21:35.348 JST" StructureHandle="=CutPlanner_A/src&amp;lt;cp.listeners.view{V_OTL.java[V_OTL~V_OTL~QActivity;~QCV2;" StructureKind="java" NumEvents="5" CreationCount="708"/><InteractionEvent Delta="null" EndDate="2014-12-09 10:02:26.118 JST" Interest="29.0" Kind="edit" Navigation="null" OriginId="com.android.ide.eclipse.editors.CommonXmlEditor" StartDate="2014-12-09 09:57:42.683 JST" StructureHandle="/IFM11/res/layout/thumb_activity.xml" StructureKind="resource" NumEvents="29" CreationCount="100"/><InteractionEvent Delta="null" EndDate="2014-12-09 10:02:25.973 JST" Interest="10.0" Kind="selection" Navigation="null" OriginId="com.android.ide.eclipse.editors.CommonXmlEditor" StartDate="2014-12-09 09:57:35.621 JST" StructureHandle="/IFM11/res/layout/thumb_activity.xml" StructureKind="resource" NumEvents="10" CreationCount="100"/><InteractionEvent Delta="null" EndDate="2014-12-09 10:08:25.301 JST" Interest="3.292" Kind="propagation" Navigation="org.eclipse.mylyn.core.model.edges.containment" OriginId="org.eclipse.mylyn.core.model.interest.propagation" StartDate="2014-12-09 10:05:32.229 JST" StructureHandle="=CutPlanner_A/src&amp;lt;cp.utils{Tags.java[Tags" StructureKind="java" NumEvents="6" CreationCount="298"/><InteractionEvent Delta="null" EndDate="2014-12-09 09:56:57.774 JST" Interest="1.0" Kind="propagation" Navigation="null" OriginId="org.eclipse.ui.views.ResourceNavigator" StartDate="2014-12-09 09:56:57.774 JST" StructureHandle="/jmtp-read-only" StructureKind="resource"/><InteractionEvent Delta="null" EndDate="2014-12-09 10:17:38.254 JST" Interest="4.0" Kind="edit" Navigation="null" OriginId="org.eclipse.jdt.ui.CompilationUnitEditor" StartDate="2014-12-09 10:17:32.258 JST" StructureHandle="=CutPlanner_A/src&amp;lt;cp.main{TopolActv.java" StructureKind="java" NumEvents="4" CreationCount="12"/><InteractionEvent Delta="null" EndDate="2014-12-09 10:27:02.50 JST" Interest="21.0" Kind="selection" Navigation="null" OriginId="org.eclipse.jdt.ui.CompilationUnitEditor" StartDate="2014-12-09 08:59:27.25 JST" StructureHandle="=CutPlanner_A/src&amp;lt;cp.main{TopolActv.java" StructureKind="java" NumEvents="21" CreationCount="12"/><InteractionEvent Delta="null" EndDate="2014-12-09 10:27:13.767 JST" Interest="109.961" Kind="propagation" Navigation="org.eclipse.mylyn.core.model.edges.containment" OriginId="org.eclipse.mylyn.core.model.interest.propagation" StartDate="2014-12-09 08:59:24.747 JST" StructureHandle="=CutPlanner_A/src&amp;lt;cp.main{TopolActv.java" StructureKind="java" NumEvents="162" CreationCount="12"/><InteractionEvent Delta="null" EndDate="2014-12-09 10:17:15.569 JST" Interest="8.0" Kind="edit" Navigation="null" OriginId="org.eclipse.jdt.ui.CompilationUnitEditor" StartDate="2014-12-09 10:17:12.185 JST" StructureHandle="=CutPlanner_A/src&amp;lt;cp.main{DeviceListActv.java[DeviceListActv~onDestroy" StructureKind="java" NumEvents="8" CreationCount="563"/><InteractionEvent Delta="null" EndDate="2014-12-09 10:20:40.434 JST" Interest="4.0" Kind="selection" Navigation="null" OriginId="org.eclipse.jdt.ui.CompilationUnitEditor" StartDate="2014-12-09 10:17:11.657 JST" StructureHandle="=CutPlanner_A/src&amp;lt;cp.main{DeviceListActv.java[DeviceListActv~onDestroy" StructureKind="java" NumEvents="4" CreationCount="563"/><InteractionEvent Delta="null" EndDate="2014-12-09 10:01:22.247 JST" Interest="5.968" Kind="propagation" Navigation="org.eclipse.mylyn.core.model.edges.containment" OriginId="org.eclipse.mylyn.core.model.interest.propagation" StartDate="2014-12-09 09:59:07.416 JST" StructureHandle="=IFM11/src&amp;lt;ifm11.listeners.button" StructureKind="java" NumEvents="9" CreationCount="125"/><InteractionEvent Delta="null" EndDate="2014-12-09 09:59:05.358 JST" Interest="1.0" Kind="selection" Navigation="null" OriginId="org.eclipse.ui.views.ResourceNavigator" StartDate="2014-12-09 09:59:05.358 JST" StructureHandle="=IFM11/src&amp;lt;ifm11.listeners.button" StructureKind="java"/><InteractionEvent Delta="null" EndDate="2014-12-09 10:28:34.764 JST" Interest="76.0" Kind="propagation" Navigation="null" OriginId="org.eclipse.jdt.ui.CompilationUnitEditor" StartDate="2014-12-09 10:18:37.283 JST" StructureHandle="/CutPlanner_A/src/cp/views/CV2.java" StructureKind="resource" NumEvents="76" CreationCount="608"/><InteractionEvent Delta="null" EndDate="2014-12-09 10:23:10.986 JST" Interest="49.451" Kind="propagation" Navigation="org.eclipse.mylyn.core.model.edges.containment" OriginId="org.eclipse.mylyn.core.model.interest.propagation" StartDate="2014-12-09 09:54:33.963 JST" StructureHandle="/CutPlanner_A/res/layout" StructureKind="resource" NumEvents="68" CreationCount="71"/><InteractionEvent Delta="null" EndDate="2014-12-09 09:54:36.84 JST" Interest="2.0" Kind="selection" Navigation="null" OriginId="org.eclipse.jdt.ui.PackageExplorer" StartDate="2014-12-09 09:54:31.29 JST" StructureHandle="/CutPlanner_A/res/layout" StructureKind="resource" NumEvents="2" CreationCount="71"/><InteractionEvent Delta="null" EndDate="2014-12-09 09:00:59.717 JST" Interest="14.0" Kind="edit" Navigation="null" OriginId="org.eclipse.jdt.ui.CompilationUnitEditor" StartDate="2014-12-09 09:00:39.179 JST" StructureHandle="=CutPlanner_A/src&amp;lt;cp.main{TopolActv.java[TopolActv~onStart" StructureKind="java" NumEvents="14" CreationCount="30"/><InteractionEvent Delta="null" EndDate="2014-12-09 10:10:01.165 JST" Interest="2.0" Kind="selection" Navigation="null" OriginId="org.eclipse.jdt.ui.CompilationUnitEditor" StartDate="2014-12-09 09:00:38.446 JST" StructureHandle="=CutPlanner_A/src&amp;lt;cp.main{TopolActv.java[TopolActv~onStart" StructureKind="java" NumEvents="2" CreationCount="30"/><InteractionEvent Delta="null" EndDate="2014-12-09 10:29:44.354 JST" Interest="87.0" Kind="propagation" Navigation="null" OriginId="org.eclipse.jdt.ui.CompilationUnitEditor" StartDate="2014-12-09 10:21:34.408 JST" StructureHandle="/CutPlanner_A/src/cp/listeners/view/V_OTL.java" StructureKind="resource" NumEvents="87" CreationCount="707"/><InteractionEvent Delta="null" EndDate="2014-12-09 09:57:26.874 JST" Interest="0.01700002" Kind="propagation" Navigation="org.eclipse.mylyn.core.model.edges.containment" OriginId="org.eclipse.mylyn.core.model.interest.propagation" StartDate="2014-12-09 09:57:26.874 JST" StructureHandle="=IFM11/src&amp;lt;ifm11.main" StructureKind="java"/><InteractionEvent Delta="null" EndDate="2014-12-09 09:57:24.616 JST" Interest="1.0" Kind="selection" Navigation="null" OriginId="org.eclipse.ui.views.ResourceNavigator" StartDate="2014-12-09 09:57:24.616 JST" StructureHandle="=IFM11/src&amp;lt;ifm11.main" StructureKind="java"/><InteractionEvent Delta="null" EndDate="2014-12-09 10:14:17.717 JST" Interest="14.168002" Kind="propagation" Navigation="org.eclipse.mylyn.core.model.edges.containment" OriginId="org.eclipse.mylyn.core.model.interest.propagation" StartDate="2014-12-09 10:12:40.208 JST" StructureHandle="=CutPlanner_A/src&amp;lt;cp.utils{Methods_dlg.java" StructureKind="java" NumEvents="22" CreationCount="441"/><InteractionEvent Delta="null" EndDate="2014-12-09 10:29:22.649 JST" Interest="16.0" Kind="selection" Navigation="null" OriginId="org.eclipse.jdt.ui.CompilationUnitEditor" StartDate="2014-12-09 10:12:27.528 JST" StructureHandle="=CutPlanner_A/src&amp;lt;cp.utils{Methods_dlg.java" StructureKind="java" NumEvents="16" CreationCount="441"/><InteractionEvent Delta="null" EndDate="2014-12-09 10:20:38.250 JST" Interest="2.278" Kind="propagation" Navigation="org.eclipse.mylyn.core.model.edges.containment" OriginId="org.eclipse.mylyn.core.model.interest.propagation" StartDate="2014-12-09 10:15:09.470 JST" StructureHandle="=CutPlanner_A/src&amp;lt;cp.utils{Methods.java[Methods" StructureKind="java" NumEvents="4" CreationCount="509"/><InteractionEvent Delta="null" EndDate="2014-12-09 10:15:08.701 JST" Interest="3.0" Kind="selection" Navigation="null" OriginId="org.eclipse.jdt.ui.CompilationUnitEditor" StartDate="2014-12-09 10:14:57.31 JST" StructureHandle="=CutPlanner_A/src&amp;lt;cp.utils{Methods.java[Methods" StructureKind="java" NumEvents="3" CreationCount="509"/><InteractionEvent Delta="null" EndDate="2014-12-09 10:25:00.737 JST" Interest="1.0" Kind="selection" Navigation="null" OriginId="org.eclipse.ui.views.ContentOutline" StartDate="2014-12-09 10:25:00.737 JST" StructureHandle="=CutPlanner_A/src&amp;lt;cp.views{CV2.java[CV2~draw_Boxes_A~QActivity;~I~I" StructureKind="java"/><InteractionEvent Delta="null" EndDate="2014-12-09 10:00:07.135 JST" Interest="4.391" Kind="propagation" Navigation="org.eclipse.mylyn.core.model.edges.containment" OriginId="org.eclipse.mylyn.core.model.interest.propagation" StartDate="2014-12-09 09:57:05.205 JST" StructureHandle="/IFM11/res/drawable" StructureKind="resource" NumEvents="8" CreationCount="91"/><InteractionEvent Delta="null" EndDate="2014-12-09 09:58:06.696 JST" Interest="3.0" Kind="selection" Navigation="null" OriginId="org.eclipse.ui.views.ResourceNavigator" StartDate="2014-12-09 09:57:03.181 JST" StructureHandle="/IFM11/res/drawable" StructureKind="resource" NumEvents="3" CreationCount="91"/><InteractionEvent Delta="null" EndDate="2014-12-09 08:59:54.253 JST" Interest="1.0" Kind="prediction" Navigation="null" OriginId="org.eclipse.mylyn.resources.ui.interest.updater" StartDate="2014-12-09 08:59:54.253 JST" StructureHandle="/CutPlanner_A/bin/AndroidManifest.xml" StructureKind="resource"/><InteractionEvent Delta="null" EndDate="2014-12-09 10:08:25.301 JST" Interest="1.0" Kind="selection" Navigation="null" OriginId="org.eclipse.jdt.ui.CompilationUnitEditor" StartDate="2014-12-09 10:08:25.301 JST" StructureHandle="=CutPlanner_A/src&amp;lt;cp.utils{Tags.java[Tags[ButtonTags" StructureKind="java"/><InteractionEvent Delta="null" EndDate="2014-12-09 10:08:19.656 JST" Interest="1.544" Kind="propagation" Navigation="org.eclipse.mylyn.core.model.edges.containment" OriginId="org.eclipse.mylyn.core.model.interest.propagation" StartDate="2014-12-09 10:07:08.406 JST" StructureHandle="=CutPlanner_A/src&amp;lt;cp.utils{Tags.java[Tags[ButtonTags" StructureKind="java" NumEvents="4" CreationCount="342"/><InteractionEvent Delta="null" EndDate="2014-12-09 10:19:46.835 JST" Interest="2.0" Kind="prediction" Navigation="null" OriginId="org.eclipse.mylyn.resources.ui.interest.updater" StartDate="2014-12-09 10:16:05.468 JST" StructureHandle="/CutPlanner_A/bin/resources.ap_" StructureKind="resource" NumEvents="2" CreationCount="527"/><InteractionEvent Delta="null" EndDate="2014-12-09 09:57:26.873 JST" Interest="1.0" Kind="propagation" Navigation="null" OriginId="org.eclipse.ui.views.ResourceNavigator" StartDate="2014-12-09 09:57:26.873 JST" StructureHandle="/IFM11/src/ifm11/main/TNActv.java" StructureKind="resource"/><InteractionEvent Delta="null" EndDate="2014-12-09 10:18:17.872 JST" Interest="3.534" Kind="propagation" Navigation="org.eclipse.mylyn.core.model.edges.containment" OriginId="org.eclipse.mylyn.core.model.interest.propagation" StartDate="2014-12-09 10:18:01.597 JST" StructureHandle="=CutPlanner_A/src&amp;lt;cp.views{CV.java" StructureKind="java" NumEvents="7" CreationCount="600"/><InteractionEvent Delta="null" EndDate="2014-12-09 10:20:35.169 JST" Interest="5.0" Kind="selection" Navigation="null" OriginId="org.eclipse.jdt.ui.CompilationUnitEditor" StartDate="2014-12-09 10:17:59.598 JST" StructureHandle="=CutPlanner_A/src&amp;lt;cp.views{CV.java" StructureKind="java" NumEvents="5" CreationCount="600"/><InteractionEvent Delta="null" EndDate="2014-12-09 10:29:22.778 JST" Interest="52.0" Kind="propagation" Navigation="null" OriginId="org.eclipse.jdt.ui.CompilationUnitEditor" StartDate="2014-12-09 10:12:27.528 JST" StructureHandle="/CutPlanner_A/src/cp/utils/Methods_dlg.java" StructureKind="resource" NumEvents="52" CreationCount="441"/><InteractionEvent Delta="null" EndDate="2014-12-09 10:25:06.157 JST" Interest="1.0" Kind="selection" Navigation="null" OriginId="org.eclipse.ui.views.ContentOutline" StartDate="2014-12-09 10:25:06.157 JST" StructureHandle="=CutPlanner_A/src&amp;lt;cp.views{CV2.java[CV2~_onDraw__CirA~QCanvas;" StructureKind="java"/><InteractionEvent Delta="null" EndDate="2014-12-09 10:00:07.135 JST" Interest="7.0" Kind="selection" Navigation="null" OriginId="org.eclipse.ui.views.ResourceNavigator" StartDate="2014-12-09 09:58:23.295 JST" StructureHandle="/IFM11/res/drawable/actv_tn_bt_bottom_45x45.png" StructureKind="resource" NumEvents="7" CreationCount="114"/><InteractionEvent Delta="null" EndDate="2014-12-09 10:01:22.245 JST" Interest="13.0339985" Kind="propagation" Navigation="org.eclipse.mylyn.core.model.edges.containment" OriginId="org.eclipse.mylyn.core.model.interest.propagation" StartDate="2014-12-09 09:59:04.136 JST" StructureHandle="/IFM11/src/ifm11/listeners" StructureKind="resource" NumEvents="15" CreationCount="124"/><InteractionEvent Delta="null" EndDate="2014-12-09 10:30:21.747 JST" Interest="3.9430008" Kind="manipulation" Navigation="null" OriginId="org.eclipse.mylyn.core.model.interest.decay.correction" StartDate="2014-12-09 10:30:21.747 JST" StructureHandle="=CutPlanner_A/src&amp;lt;cp.main{MainActv.java[MainActv" StructureKind="java"/><InteractionEvent Delta="null" EndDate="2014-12-09 10:30:24.960 JST" Interest="3.0" Kind="selection" Navigation="null" OriginId="org.eclipse.jdt.ui.CompilationUnitEditor" StartDate="2014-12-09 10:30:21.747 JST" StructureHandle="=CutPlanner_A/src&amp;lt;cp.main{MainActv.java[MainActv" StructureKind="java" NumEvents="3" CreationCount="8"/><InteractionEvent Delta="null" EndDate="2014-12-09 10:39:18.100 JST" Interest="26.933" Kind="propagation" Navigation="org.eclipse.mylyn.core.model.edges.containment" OriginId="org.eclipse.mylyn.core.model.interest.propagation" StartDate="2014-12-09 08:59:07.332 JST" StructureHandle="=CutPlanner_A/src&amp;lt;cp.main{MainActv.java[MainActv" StructureKind="java" NumEvents="37" CreationCount="8"/><InteractionEvent Delta="null" EndDate="2014-12-09 10:20:35.297 JST" Interest="7.5" Kind="propagation" Navigation="org.eclipse.mylyn.core.model.edges.containment" OriginId="org.eclipse.mylyn.core.model.interest.propagation" StartDate="2014-12-09 10:18:09.840 JST" StructureHandle="=CutPlanner_A/src&amp;lt;cp.views{CV.java[CV" StructureKind="java" NumEvents="9" CreationCount="602"/><InteractionEvent Delta="null" EndDate="2014-12-09 10:25:00.746 JST" Interest="1.0" Kind="selection" Navigation="null" OriginId="org.eclipse.ui.views.ContentOutline" StartDate="2014-12-09 10:25:00.746 JST" StructureHandle="=CutPlanner_A/src&amp;lt;cp.views{CV2.java[CV2~draw_Rect_C~QActivity;" StructureKind="java"/><InteractionEvent Delta="null" EndDate="2014-12-09 10:24:13.587 JST" Interest="2.0" Kind="selection" Navigation="null" OriginId="org.eclipse.jdt.ui.CompilationUnitEditor" StartDate="2014-12-09 10:21:49.583 JST" StructureHandle="=CutPlanner_A/src&amp;lt;cp.listeners.view{V_OTL.java[V_OTL~V_OTL~QActivity;~QCV;" StructureKind="java" NumEvents="2" CreationCount="715"/><InteractionEvent Delta="null" EndDate="2014-12-09 10:20:37.171 JST" Interest="47.0" Kind="propagation" Navigation="org.eclipse.mylyn.core.model.edges.containment" OriginId="org.eclipse.mylyn.core.model.interest.propagation" StartDate="2014-12-09 10:13:52.466 JST" StructureHandle="/CutPlanner_A/src/cp/listeners/dialog" StructureKind="resource" NumEvents="47" CreationCount="473"/><InteractionEvent Delta="null" EndDate="2014-12-09 10:02:26.118 JST" Interest="27.469997" Kind="propagation" Navigation="org.eclipse.mylyn.core.model.edges.containment" OriginId="org.eclipse.mylyn.core.model.interest.propagation" StartDate="2014-12-09 09:57:03.182 JST" StructureHandle="/IFM11/res" StructureKind="resource" NumEvents="41" CreationCount="90"/><InteractionEvent Delta="null" EndDate="2014-12-09 09:59:42.177 JST" Interest="3.0" Kind="selection" Navigation="null" OriginId="org.eclipse.ui.views.ResourceNavigator" StartDate="2014-12-09 09:57:02.182 JST" StructureHandle="/IFM11/res" StructureKind="resource" NumEvents="3" CreationCount="90"/><InteractionEvent Delta="null" EndDate="2014-12-09 10:20:40.434 JST" Interest="28.0" Kind="propagation" Navigation="null" OriginId="org.eclipse.jdt.ui.CompilationUnitEditor" StartDate="2014-12-09 10:03:23.51 JST" StructureHandle="/CutPlanner_A/src/cp/main/DeviceListActv.java" StructureKind="resource" NumEvents="28" CreationCount="237"/><InteractionEvent Delta="null" EndDate="2014-12-09 10:29:44.356 JST" Interest="44.876" Kind="propagation" Navigation="org.eclipse.mylyn.core.model.edges.containment" OriginId="org.eclipse.mylyn.core.model.interest.propagation" StartDate="2014-12-09 10:21:34.408 JST" StructureHandle="=CutPlanner_A/src&amp;lt;cp.listeners.view" StructureKind="java" NumEvents="47" CreationCount="4"/><InteractionEvent Delta="null" EndDate="2014-12-09 08:58:55.803 JST" Interest="1.0" Kind="selection" Navigation="null" OriginId="org.eclipse.jdt.ui.PackageExplorer" StartDate="2014-12-09 08:58:55.803 JST" StructureHandle="=CutPlanner_A/src&amp;lt;cp.listeners.view" StructureKind="java"/><InteractionEvent Delta="null" EndDate="2014-12-09 10:08:05.489 JST" Interest="1.0" Kind="selection" Navigation="null" OriginId="org.eclipse.jdt.ui.CompilationUnitEditor" StartDate="2014-12-09 10:08:05.489 JST" StructureHandle="=CutPlanner_A/src&amp;lt;cp.utils{Tags.java[Tags[ButtonTags^ACTV_MAIN_BT_CLEAR" StructureKind="java"/><InteractionEvent Delta="null" EndDate="2014-12-09 09:56:56.605 JST" Interest="0.44500005" Kind="manipulation" Navigation="null" OriginId="org.eclipse.mylyn.core.model.interest.decay.correction" StartDate="2014-12-09 09:56:56.605 JST" StructureHandle="/IFM11" StructureKind="resource"/><InteractionEvent Delta="null" EndDate="2014-12-09 10:02:26.118 JST" Interest="87.0" Kind="propagation" Navigation="null" OriginId="com.android.ide.eclipse.editors.CommonXmlEditor" StartDate="2014-12-09 08:57:59.138 JST" StructureHandle="/IFM11" StructureKind="resource" NumEvents="87" CreationCount="1"/><InteractionEvent Delta="null" EndDate="2014-12-09 09:57:26.873 JST" Interest="1.0" Kind="selection" Navigation="null" OriginId="org.eclipse.ui.views.ResourceNavigator" StartDate="2014-12-09 09:57:26.873 JST" StructureHandle="=IFM11/src&amp;lt;ifm11.main{TNActv.java" StructureKind="java"/><InteractionEvent Delta="null" EndDate="2014-12-09 10:23:10.986 JST" Interest="50.468" Kind="propagation" Navigation="org.eclipse.mylyn.core.model.edges.containment" OriginId="org.eclipse.mylyn.core.model.interest.propagation" StartDate="2014-12-09 09:54:31.29 JST" StructureHandle="/CutPlanner_A/res" StructureKind="resource" NumEvents="70" CreationCount="70"/><InteractionEvent Delta="null" EndDate="2014-12-09 09:54:28.611 JST" Interest="1.0" Kind="selection" Navigation="null" OriginId="org.eclipse.jdt.ui.PackageExplorer" StartDate="2014-12-09 09:54:28.611 JST" StructureHandle="/CutPlanner_A/res" StructureKind="resource"/><InteractionEvent Delta="null" EndDate="2014-12-09 10:25:00.735 JST" Interest="2.0" Kind="selection" Navigation="null" OriginId="org.eclipse.ui.views.ContentOutline" StartDate="2014-12-09 10:24:59.319 JST" StructureHandle="=CutPlanner_A/src&amp;lt;cp.views{CV2.java[CV2~draw_Boxes_A~QActivity;" StructureKind="java" NumEvents="2" CreationCount="783"/><InteractionEvent Delta="null" EndDate="2014-12-09 10:18:17.871 JST" Interest="5.0" Kind="edit" Navigation="null" OriginId="org.eclipse.jdt.ui.CompilationUnitEditor" StartDate="2014-12-09 10:18:11.323 JST" StructureHandle="=CutPlanner_A/src&amp;lt;cp.views{CV.java[CV~onDraw~QCanvas;" StructureKind="java" NumEvents="5" CreationCount="602"/><InteractionEvent Delta="null" EndDate="2014-12-09 10:20:35.297 JST" Interest="4.0" Kind="selection" Navigation="null" OriginId="org.eclipse.jdt.ui.CompilationUnitEditor" StartDate="2014-12-09 10:18:09.839 JST" StructureHandle="=CutPlanner_A/src&amp;lt;cp.views{CV.java[CV~onDraw~QCanvas;" StructureKind="java" NumEvents="4" CreationCount="602"/><InteractionEvent Delta="null" EndDate="2014-12-09 10:25:06.163 JST" Interest="3.0" Kind="selection" Navigation="null" OriginId="org.eclipse.ui.views.ContentOutline" StartDate="2014-12-09 10:25:05.481 JST" StructureHandle="=CutPlanner_A/src&amp;lt;cp.views{CV2.java[CV2~_onDraw__RectB~QCanvas;" StructureKind="java" NumEvents="3" CreationCount="792"/><InteractionEvent Delta="null" EndDate="2014-12-09 10:20:38.250 JST" Interest="15.0" Kind="propagation" Navigation="null" OriginId="org.eclipse.jdt.ui.CompilationUnitEditor" StartDate="2014-12-09 10:14:56.348 JST" StructureHandle="/CutPlanner_A/src/cp/utils/Methods.java" StructureKind="resource" NumEvents="15" CreationCount="508"/><InteractionEvent Delta="null" EndDate="2014-12-09 09:54:33.963 JST" Interest="1.0" Kind="selection" Navigation="null" OriginId="org.eclipse.jdt.ui.PackageExplorer" StartDate="2014-12-09 09:54:33.963 JST" StructureHandle="/CutPlanner_A/res/layout/actv_main.xml" StructureKind="resource"/><InteractionEvent Delta="null" EndDate="2014-12-09 10:28:34.545 JST" Interest="11.0" Kind="selection" Navigation="null" OriginId="org.eclipse.jdt.ui.CompilationUnitEditor" StartDate="2014-12-09 10:18:40.657 JST" StructureHandle="=CutPlanner_A/src&amp;lt;cp.views{CV2.java" StructureKind="java" NumEvents="11" CreationCount="608"/><InteractionEvent Delta="null" EndDate="2014-12-09 10:26:02.277 JST" Interest="7.850999" Kind="propagation" Navigation="org.eclipse.mylyn.core.model.edges.containment" OriginId="org.eclipse.mylyn.core.model.interest.propagation" StartDate="2014-12-09 10:18:37.283 JST" StructureHandle="=CutPlanner_A/src&amp;lt;cp.views{CV2.java" StructureKind="java" NumEvents="12" CreationCount="608"/><InteractionEvent Delta="null" EndDate="2014-12-09 10:16:57.770 JST" Interest="4.0" Kind="edit" Navigation="null" OriginId="org.eclipse.jdt.ui.CompilationUnitEditor" StartDate="2014-12-09 10:04:19.974 JST" StructureHandle="=CutPlanner_A/src&amp;lt;cp.main{TopolActv.java[TopolActv~onPause" StructureKind="java" NumEvents="4" CreationCount="262"/><InteractionEvent Delta="null" EndDate="2014-12-09 10:17:01.845 JST" Interest="8.0" Kind="selection" Navigation="null" OriginId="org.eclipse.jdt.ui.CompilationUnitEditor" StartDate="2014-12-09 10:04:06.310 JST" StructureHandle="=CutPlanner_A/src&amp;lt;cp.main{TopolActv.java[TopolActv~onPause" StructureKind="java" NumEvents="8" CreationCount="262"/><InteractionEvent Delta="null" EndDate="2014-12-09 10:01:22.245 JST" Interest="13.016999" Kind="propagation" Navigation="org.eclipse.mylyn.core.model.edges.containment" OriginId="org.eclipse.mylyn.core.model.interest.propagation" StartDate="2014-12-09 09:59:05.358 JST" StructureHandle="/IFM11/src/ifm11/listeners/button" StructureKind="resource" NumEvents="14" CreationCount="125"/><InteractionEvent Delta="null" EndDate="2014-12-09 10:01:22.245 JST" Interest="6.9" Kind="propagation" Navigation="org.eclipse.mylyn.core.model.edges.containment" OriginId="org.eclipse.mylyn.core.model.interest.propagation" StartDate="2014-12-09 09:59:11.635 JST" StructureHandle="=IFM11/src&amp;lt;ifm11.listeners.button{BO_TL.java[BO_TL" StructureKind="java" NumEvents="9" CreationCount="129"/><InteractionEvent Delta="null" EndDate="2014-12-09 10:02:44.1 JST" Interest="4.0" Kind="edit" Navigation="null" OriginId="org.eclipse.jdt.ui.CompilationUnitEditor" StartDate="2014-12-09 10:02:35.83 JST" StructureHandle="=CutPlanner_A/src&amp;lt;cp.main{TopolActv.java[TopolActv~onCreate~QBundle;" StructureKind="java" NumEvents="4" CreationCount="221"/><InteractionEvent Delta="null" EndDate="2014-12-09 10:02:34.269 JST" Interest="1.0" Kind="selection" Navigation="null" OriginId="org.eclipse.jdt.ui.CompilationUnitEditor" StartDate="2014-12-09 10:02:34.269 JST" StructureHandle="=CutPlanner_A/src&amp;lt;cp.main{TopolActv.java[TopolActv~onCreate~QBundle;" StructureKind="java"/><InteractionEvent Delta="null" EndDate="2014-12-09 09:59:04.136 JST" Interest="1.0" Kind="selection" Navigation="null" OriginId="org.eclipse.ui.views.ResourceNavigator" StartDate="2014-12-09 09:59:04.136 JST" StructureHandle="=IFM11/src&amp;lt;ifm11.listeners" StructureKind="java"/><InteractionEvent Delta="null" EndDate="2014-12-09 09:57:57.203 JST" Interest="1.0" Kind="selection" Navigation="null" OriginId="org.eclipse.ui.views.ResourceNavigator" StartDate="2014-12-09 09:57:57.203 JST" StructureHandle="/IFM11/res/layout/dlg_tmpl_confirm_simple_cb.xml" StructureKind="resource"/><InteractionEvent Delta="null" EndDate="2014-12-09 10:25:13.975 JST" Interest="4.0" Kind="edit" Navigation="null" OriginId="org.eclipse.jdt.ui.CompilationUnitEditor" StartDate="2014-12-09 10:25:12.496 JST" StructureHandle="=CutPlanner_A/src&amp;lt;cp.views{CV2.java[CV2~_go" StructureKind="java" NumEvents="4" CreationCount="801"/><InteractionEvent Delta="null" EndDate="2014-12-09 10:25:20.300 JST" Interest="4.0" Kind="selection" Navigation="null" OriginId="org.eclipse.jdt.ui.CompilationUnitEditor" StartDate="2014-12-09 10:25:12.359 JST" StructureHandle="=CutPlanner_A/src&amp;lt;cp.views{CV2.java[CV2~_go" StructureKind="java" NumEvents="4" CreationCount="801"/><InteractionEvent Delta="null" EndDate="2014-12-09 10:30:16.6 JST" Interest="49.0" Kind="propagation" Navigation="null" OriginId="org.eclipse.jdt.ui.CompilationUnitEditor" StartDate="2014-12-09 10:22:15.430 JST" StructureHandle="/CutPlanner_A/src/cp/listeners/view/V_OCL.java" StructureKind="resource" NumEvents="49" CreationCount="725"/><InteractionEvent Delta="null" EndDate="2014-12-09 09:57:26.873 JST" Interest="1.017" Kind="propagation" Navigation="org.eclipse.mylyn.core.model.edges.containment" OriginId="org.eclipse.mylyn.core.model.interest.propagation" StartDate="2014-12-09 09:57:24.616 JST" StructureHandle="/IFM11/src/ifm11/main" StructureKind="resource" NumEvents="2" CreationCount="97"/><InteractionEvent Delta="null" EndDate="2014-12-09 10:29:22.650 JST" Interest="32.616" Kind="propagation" Navigation="org.eclipse.mylyn.core.model.edges.containment" OriginId="org.eclipse.mylyn.core.model.interest.propagation" StartDate="2014-12-09 10:05:31.321 JST" StructureHandle="=CutPlanner_A/src&amp;lt;cp.utils" StructureKind="java" NumEvents="46" CreationCount="297"/><InteractionEvent Delta="null" EndDate="2014-12-09 10:05:32.229 JST" Interest="1.0" Kind="selection" Navigation="null" OriginId="org.eclipse.jdt.ui.CompilationUnitEditor" StartDate="2014-12-09 10:05:32.229 JST" StructureHandle="=CutPlanner_A/src&amp;lt;cp.utils{Tags.java[Tags[ViewTags^CANVAS_TOPOL" StructureKind="java"/><InteractionEvent Delta="null" EndDate="2014-12-09 10:25:00.743 JST" Interest="1.0" Kind="selection" Navigation="null" OriginId="org.eclipse.ui.views.ContentOutline" StartDate="2014-12-09 10:25:00.743 JST" StructureHandle="=CutPlanner_A/src&amp;lt;cp.views{CV2.java[CV2~draw_Rect_A~QActivity;" StructureKind="java"/><InteractionEvent Delta="null" EndDate="2014-12-09 10:05:32.229 JST" Interest="1.0" Kind="propagation" Navigation="org.eclipse.mylyn.core.model.edges.containment" OriginId="org.eclipse.mylyn.core.model.interest.propagation" StartDate="2014-12-09 10:05:32.229 JST" StructureHandle="=CutPlanner_A/src&amp;lt;cp.utils{Tags.java[Tags[ViewTags" StructureKind="java"/><InteractionEvent Delta="null" EndDate="2014-12-09 10:39:18.100 JST" Interest="772.051" Kind="propagation" Navigation="null" OriginId="org.eclipse.jdt.ui.CompilationUnitEditor" StartDate="2014-12-09 08:58:15.568 JST" StructureHandle="/CutPlanner_A/src" StructureKind="resource" NumEvents="776" CreationCount="3"/><InteractionEvent Delta="null" EndDate="2014-12-09 10:20:40.89 JST" Interest="26.0" Kind="edit" Navigation="null" OriginId="org.eclipse.jdt.ui.CompilationUnitEditor" StartDate="2014-12-09 10:12:37.52 JST" StructureHandle="=CutPlanner_A/src&amp;lt;cp.utils{Methods_dlg.java[Methods_dlg~dlg_ACTV_MAIN_Admin~QActivity;" StructureKind="java" NumEvents="26" CreationCount="445"/><InteractionEvent Delta="null" EndDate="2014-12-09 10:29:22.778 JST" Interest="10.0" Kind="selection" Navigation="null" OriginId="org.eclipse.jdt.ui.CompilationUnitEditor" StartDate="2014-12-09 10:12:32.497 JST" StructureHandle="=CutPlanner_A/src&amp;lt;cp.utils{Methods_dlg.java[Methods_dlg~dlg_ACTV_MAIN_Admin~QActivity;" StructureKind="java" NumEvents="10" CreationCount="445"/><InteractionEvent Delta="null" EndDate="2014-12-09 10:20:37.170 JST" Interest="47.0" Kind="propagation" Navigation="null" OriginId="org.eclipse.jdt.ui.CompilationUnitEditor" StartDate="2014-12-09 10:13:52.466 JST" StructureHandle="/CutPlanner_A/src/cp/listeners/dialog/DOI_CL.java" StructureKind="resource" NumEvents="47" CreationCount="473"/><InteractionEvent Delta="null" EndDate="2014-12-09 10:25:06.165 JST" Interest="3.0" Kind="selection" Navigation="null" OriginId="org.eclipse.ui.views.ContentOutline" StartDate="2014-12-09 10:25:05.483 JST" StructureHandle="=CutPlanner_A/src&amp;lt;cp.views{CV2.java[CV2~_onDraw__RectC~QCanvas;" StructureKind="java" NumEvents="3" CreationCount="793"/><InteractionEvent Delta="null" EndDate="2014-12-09 10:17:24.966 JST" Interest="5.0" Kind="edit" Navigation="null" OriginId="org.eclipse.jdt.ui.CompilationUnitEditor" StartDate="2014-12-09 10:03:07.697 JST" StructureHandle="=CutPlanner_A/src&amp;lt;cp.main{TopolActv.java[TopolActv~onKeyDown~I~QKeyEvent;" StructureKind="java" NumEvents="5" CreationCount="232"/><InteractionEvent Delta="null" EndDate="2014-12-09 10:17:24.957 JST" Interest="1.8160005" Kind="manipulation" Navigation="null" OriginId="org.eclipse.mylyn.core.model.interest.decay.correction" StartDate="2014-12-09 10:17:24.957 JST" StructureHandle="=CutPlanner_A/src&amp;lt;cp.main{TopolActv.java[TopolActv~onKeyDown~I~QKeyEvent;" StructureKind="java"/><InteractionEvent Delta="null" EndDate="2014-12-09 10:17:24.957 JST" Interest="3.0" Kind="selection" Navigation="null" OriginId="org.eclipse.jdt.ui.CompilationUnitEditor" StartDate="2014-12-09 10:03:04.769 JST" StructureHandle="=CutPlanner_A/src&amp;lt;cp.main{TopolActv.java[TopolActv~onKeyDown~I~QKeyEvent;" StructureKind="java" NumEvents="3" CreationCount="232"/><InteractionEvent Delta="null" EndDate="2014-12-09 10:20:39.177 JST" Interest="15.0" Kind="edit" Navigation="null" OriginId="com.android.ide.eclipse.editors.CommonXmlEditor" StartDate="2014-12-09 10:11:36.995 JST" StructureHandle="/CutPlanner_A/res/values/strings.xml" StructureKind="resource" NumEvents="15" CreationCount="429"/><InteractionEvent Delta="null" EndDate="2014-12-09 10:20:39.12 JST" Interest="6.0" Kind="selection" Navigation="null" OriginId="com.android.ide.eclipse.editors.CommonXmlEditor" StartDate="2014-12-09 10:11:36.976 JST" StructureHandle="/CutPlanner_A/res/values/strings.xml" StructureKind="resource" NumEvents="6" CreationCount="429"/><InteractionEvent Delta="null" EndDate="2014-12-09 10:14:02.21 JST" Interest="1.0" Kind="selection" Navigation="null" OriginId="org.eclipse.jdt.ui.CompilationUnitEditor" StartDate="2014-12-09 10:14:02.21 JST" StructureHandle="=CutPlanner_A/src&amp;lt;cp.listeners.dialog{DOI_CL.java[DOI_CL~onItemClick~QAdapterView\&amp;lt;*&amp;gt;;~QView;~I~J" StructureKind="java"/><InteractionEvent Delta="null" EndDate="2014-12-09 10:03:23.828 JST" Interest="1.0" Kind="selection" Navigation="null" OriginId="org.eclipse.ui.views.ContentOutline" StartDate="2014-12-09 10:03:23.828 JST" StructureHandle="=CutPlanner_A/src&amp;lt;cp.main{DeviceListActv.java%cp.main" StructureKind="java"/><InteractionEvent Delta="null" EndDate="2014-12-09 10:04:27.977 JST" Interest="3.0" Kind="edit" Navigation="null" OriginId="org.eclipse.jdt.ui.CompilationUnitEditor" StartDate="2014-12-09 10:04:23.873 JST" StructureHandle="=CutPlanner_A/src&amp;lt;cp.main{TopolActv.java[TopolActv~onResume" StructureKind="java" NumEvents="3" CreationCount="268"/><InteractionEvent Delta="null" EndDate="2014-12-09 10:10:40.945 JST" Interest="3.0" Kind="selection" Navigation="null" OriginId="org.eclipse.jdt.ui.CompilationUnitEditor" StartDate="2014-12-09 10:04:14.446 JST" StructureHandle="=CutPlanner_A/src&amp;lt;cp.main{TopolActv.java[TopolActv~onResume" StructureKind="java" NumEvents="3" CreationCount="268"/><InteractionEvent Delta="null" EndDate="2014-12-09 10:04:11.550 JST" Interest="4.0" Kind="edit" Navigation="null" OriginId="org.eclipse.jdt.ui.CompilationUnitEditor" StartDate="2014-12-09 10:04:04.874 JST" StructureHandle="=CutPlanner_A/src&amp;lt;cp.main{TopolActv.java[TopolActv~onOptionsItemSelected~QMenuItem;" StructureKind="java" NumEvents="4" CreationCount="260"/><InteractionEvent Delta="null" EndDate="2014-12-09 10:04:07.307 JST" Interest="2.0" Kind="selection" Navigation="null" OriginId="org.eclipse.jdt.ui.CompilationUnitEditor" StartDate="2014-12-09 10:04:03.596 JST" StructureHandle="=CutPlanner_A/src&amp;lt;cp.main{TopolActv.java[TopolActv~onOptionsItemSelected~QMenuItem;" StructureKind="java" NumEvents="2" CreationCount="260"/><InteractionEvent Delta="null" EndDate="2014-12-09 10:26:02.277 JST" Interest="1.0" Kind="edit" Navigation="null" OriginId="org.eclipse.jdt.ui.CompilationUnitEditor" StartDate="2014-12-09 10:26:02.277 JST" StructureHandle="=CutPlanner_A/src&amp;lt;cp.views{CV2.java[CV2" StructureKind="java"/><InteractionEvent Delta="null" EndDate="2014-12-09 10:24:56.309 JST" Interest="12.116999" Kind="propagation" Navigation="org.eclipse.mylyn.core.model.edges.containment" OriginId="org.eclipse.mylyn.core.model.interest.propagation" StartDate="2014-12-09 10:18:47.904 JST" StructureHandle="=CutPlanner_A/src&amp;lt;cp.views{CV2.java[CV2" StructureKind="java" NumEvents="17" CreationCount="610"/><InteractionEvent Delta="null" EndDate="2014-12-09 10:26:02.273 JST" Interest="3.0" Kind="selection" Navigation="null" OriginId="org.eclipse.jdt.ui.CompilationUnitEditor" StartDate="2014-12-09 10:18:42.12 JST" StructureHandle="=CutPlanner_A/src&amp;lt;cp.views{CV2.java[CV2" StructureKind="java" NumEvents="3" CreationCount="610"/><InteractionEvent Delta="null" EndDate="2014-12-09 10:27:13.766 JST" Interest="331.0" Kind="propagation" Navigation="null" OriginId="org.eclipse.jdt.ui.CompilationUnitEditor" StartDate="2014-12-09 08:59:24.747 JST" StructureHandle="/CutPlanner_A/src/cp/main/TopolActv.java" StructureKind="resource" NumEvents="331" CreationCount="12"/><InteractionEvent Delta="null" EndDate="2014-12-09 10:13:59.959 JST" Interest="2.0" Kind="selection" Navigation="null" OriginId="org.eclipse.jdt.ui.CompilationUnitEditor" StartDate="2014-12-09 10:13:53.106 JST" StructureHandle="=CutPlanner_A/src&amp;lt;cp.listeners.dialog{DOI_CL.java[DOI_CL~DOI_CL~QActivity;~QDialog;" StructureKind="java" NumEvents="2" CreationCount="474"/><InteractionEvent Delta="null" EndDate="2014-12-09 10:27:13.766 JST" Interest="166.0" Kind="edit" Navigation="null" OriginId="org.eclipse.jdt.ui.CompilationUnitEditor" StartDate="2014-12-09 09:01:19.643 JST" StructureHandle="=CutPlanner_A/src&amp;lt;cp.main{TopolActv.java[TopolActv~_Setup__SetListener" StructureKind="java" NumEvents="166" CreationCount="45"/><InteractionEvent Delta="null" EndDate="2014-12-09 10:27:02.168 JST" Interest="17.0" Kind="selection" Navigation="null" OriginId="org.eclipse.jdt.ui.CompilationUnitEditor" StartDate="2014-12-09 09:01:07.190 JST" StructureHandle="=CutPlanner_A/src&amp;lt;cp.main{TopolActv.java[TopolActv~_Setup__SetListener" StructureKind="java" NumEvents="17" CreationCount="45"/><InteractionEvent Delta="null" EndDate="2014-12-09 10:30:16.7 JST" Interest="147.951" Kind="propagation" Navigation="org.eclipse.mylyn.core.model.edges.containment" OriginId="org.eclipse.mylyn.core.model.interest.propagation" StartDate="2014-12-09 08:58:55.803 JST" StructureHandle="/CutPlanner_A/src/cp/listeners" StructureKind="resource" NumEvents="141" CreationCount="4"/><InteractionEvent Delta="null" EndDate="2014-12-09 09:57:22.917 JST" Interest="1.0" Kind="selection" Navigation="null" OriginId="org.eclipse.ui.views.ResourceNavigator" StartDate="2014-12-09 09:57:22.917 JST" StructureHandle="=IFM11/src&amp;lt;ifm11" StructureKind="java"/><InteractionEvent Delta="null" EndDate="2014-12-09 10:39:18.100 JST" Interest="420.017" Kind="propagation" Navigation="null" OriginId="org.eclipse.jdt.ui.CompilationUnitEditor" StartDate="2014-12-09 08:58:56.209 JST" StructureHandle="/CutPlanner_A/src/cp/main" StructureKind="resource" NumEvents="421" CreationCount="5"/><InteractionEvent Delta="null" EndDate="2014-12-09 10:03:33.5 JST" Interest="4.0" Kind="edit" Navigation="null" OriginId="org.eclipse.jdt.ui.CompilationUnitEditor" StartDate="2014-12-09 10:03:28.972 JST" StructureHandle="=CutPlanner_A/src&amp;lt;cp.main{DeviceListActv.java[DeviceListActv~onBackPressed" StructureKind="java" NumEvents="4" CreationCount="239"/><InteractionEvent Delta="null" EndDate="2014-12-09 10:17:11.692 JST" Interest="1.7080004" Kind="manipulation" Navigation="null" OriginId="org.eclipse.mylyn.core.model.interest.decay.correction" StartDate="2014-12-09 10:17:11.692 JST" StructureHandle="=CutPlanner_A/src&amp;lt;cp.main{DeviceListActv.java[DeviceListActv~onBackPressed" StructureKind="java"/><InteractionEvent Delta="null" EndDate="2014-12-09 10:17:11.694 JST" Interest="3.0" Kind="selection" Navigation="null" OriginId="org.eclipse.jdt.ui.CompilationUnitEditor" StartDate="2014-12-09 10:03:28.201 JST" StructureHandle="=CutPlanner_A/src&amp;lt;cp.main{DeviceListActv.java[DeviceListActv~onBackPressed" StructureKind="java" NumEvents="3" CreationCount="239"/><InteractionEvent Delta="null" EndDate="2014-12-09 10:03:21.223 JST" Interest="0.59800005" Kind="manipulation" Navigation="null" OriginId="org.eclipse.mylyn.core.model.interest.decay.correction" StartDate="2014-12-09 10:03:21.223 JST" StructureHandle="/CutPlanner_A/res/drawable" StructureKind="resource"/><InteractionEvent Delta="null" EndDate="2014-12-09 10:03:21.223 JST" Interest="2.0" Kind="selection" Navigation="null" OriginId="org.eclipse.jdt.ui.PackageExplorer" StartDate="2014-12-09 09:59:48.938 JST" StructureHandle="/CutPlanner_A/res/drawable" StructureKind="resource" NumEvents="2" CreationCount="141"/><InteractionEvent Delta="null" EndDate="2014-12-09 10:25:00.742 JST" Interest="1.0" Kind="selection" Navigation="null" OriginId="org.eclipse.ui.views.ContentOutline" StartDate="2014-12-09 10:25:00.742 JST" StructureHandle="=CutPlanner_A/src&amp;lt;cp.views{CV2.java[CV2~draw_Circle_A~QActivity;~I~I" StructureKind="java"/><InteractionEvent Delta="null" EndDate="2014-12-09 10:20:34.683 JST" Interest="1.0400002" Kind="manipulation" Navigation="null" OriginId="org.eclipse.mylyn.core.model.interest.decay.correction" StartDate="2014-12-09 10:20:34.683 JST" StructureHandle="=CutPlanner_A/src&amp;lt;cp.utils{Methods.java[Methods~start_Activity_TopolActv~QActivity;~QDialog;" StructureKind="java"/><InteractionEvent Delta="null" EndDate="2014-12-09 10:20:38.249 JST" Interest="4.0" Kind="selection" Navigation="null" OriginId="org.eclipse.jdt.ui.CompilationUnitEditor" StartDate="2014-12-09 10:15:20.125 JST" StructureHandle="=CutPlanner_A/src&amp;lt;cp.utils{Methods.java[Methods~start_Activity_TopolActv~QActivity;~QDialog;" StructureKind="java" NumEvents="4" CreationCount="523"/><InteractionEvent Delta="null" EndDate="2014-12-09 10:39:18.100 JST" Interest="57.0" Kind="propagation" Navigation="null" OriginId="org.eclipse.jdt.ui.CompilationUnitEditor" StartDate="2014-12-09 08:59:02.355 JST" StructureHandle="/CutPlanner_A/src/cp/main/MainActv.java" StructureKind="resource" NumEvents="57" CreationCount="6"/><InteractionEvent Delta="null" EndDate="2014-12-09 10:29:44.355 JST" Interest="20.925" Kind="propagation" Navigation="org.eclipse.mylyn.core.model.edges.containment" OriginId="org.eclipse.mylyn.core.model.interest.propagation" StartDate="2014-12-09 10:21:35.349 JST" StructureHandle="=CutPlanner_A/src&amp;lt;cp.listeners.view{V_OTL.java" StructureKind="java" NumEvents="31" CreationCount="707"/><InteractionEvent Delta="null" EndDate="2014-12-09 10:29:40.685 JST" Interest="13.0" Kind="selection" Navigation="null" OriginId="org.eclipse.jdt.ui.CompilationUnitEditor" StartDate="2014-12-09 10:21:34.408 JST" StructureHandle="=CutPlanner_A/src&amp;lt;cp.listeners.view{V_OTL.java" StructureKind="java" NumEvents="13" CreationCount="707"/><InteractionEvent Delta="null" EndDate="2014-12-09 09:03:06.467 JST" Interest="5.0" Kind="selection" Navigation="null" OriginId="org.eclipse.jdt.ui.CompilationUnitEditor" StartDate="2014-12-09 08:59:07.317 JST" StructureHandle="=CutPlanner_A/src&amp;lt;cp.main{MainActv.java[MainActv~onCreate~QBundle;" StructureKind="java" NumEvents="5" CreationCount="8"/><InteractionEvent Delta="null" EndDate="2014-12-09 09:56:57.774 JST" Interest="1.0" Kind="selection" Navigation="null" OriginId="org.eclipse.ui.views.ResourceNavigator" StartDate="2014-12-09 09:56:57.774 JST" StructureHandle="=jmtp-read-only" StructureKind="java"/><InteractionEvent Delta="null" EndDate="2014-12-09 10:28:26.486 JST" Interest="12.0" Kind="propagation" Navigation="null" OriginId="org.eclipse.jdt.ui.PackageExplorer" StartDate="2014-12-09 10:05:31.321 JST" StructureHandle="/CutPlanner_A/src/cp/utils/Tags.java" StructureKind="resource" NumEvents="12" CreationCount="297"/><InteractionEvent Delta="null" EndDate="2014-12-09 10:23:10.986 JST" Interest="52.0" Kind="edit" Navigation="null" OriginId="com.android.ide.eclipse.editors.CommonXmlEditor" StartDate="2014-12-09 09:55:00.159 JST" StructureHandle="/CutPlanner_A/res/layout/actv_topol.xml" StructureKind="resource" NumEvents="52" CreationCount="74"/><InteractionEvent Delta="null" EndDate="2014-12-09 10:23:10.803 JST" Interest="14.0" Kind="selection" Navigation="null" OriginId="com.android.ide.eclipse.editors.CommonXmlEditor" StartDate="2014-12-09 09:55:00.112 JST" StructureHandle="/CutPlanner_A/res/layout/actv_topol.xml" StructureKind="resource" NumEvents="14" CreationCount="74"/><InteractionEvent Delta="null" EndDate="2014-12-09 09:54:48.955 JST" Interest="1.0" Kind="propagation" Navigation="null" OriginId="org.eclipse.mylyn.resources.ui.interest.updater" StartDate="2014-12-09 09:54:48.955 JST" StructureHandle="/CutPlanner_A/res/layout/actv_topol.xml" StructureKind="resource"/><InteractionEvent Delta="null" EndDate="2014-12-09 10:39:18.100 JST" Interest="23.0" Kind="edit" Navigation="null" OriginId="org.eclipse.jdt.ui.CompilationUnitEditor" StartDate="2014-12-09 10:30:25.447 JST" StructureHandle="=CutPlanner_A/src&amp;lt;cp.main{MainActv.java[MainActv~onStart" StructureKind="java" NumEvents="23" CreationCount="936"/><InteractionEvent Delta="null" EndDate="2014-12-09 10:30:24.989 JST" Interest="2.0" Kind="selection" Navigation="null" OriginId="org.eclipse.jdt.ui.CompilationUnitEditor" StartDate="2014-12-09 10:30:24.871 JST" StructureHandle="=CutPlanner_A/src&amp;lt;cp.main{MainActv.java[MainActv~onStart" StructureKind="java" NumEvents="2" CreationCount="936"/></InteractionHistory>