<?xml version="1.0" encoding="UTF-8"?><InteractionHistory Id="local-216" Version="1"><InteractionEvent Delta="null" EndDate="2014-11-18 14:56:50.921 JST" Interest="475.051" Kind="propagation" Navigation="org.eclipse.mylyn.core.model.edges.containment" OriginId="org.eclipse.mylyn.core.model.interest.propagation" StartDate="2014-11-18 14:42:10.753 JST" StructureHandle="=CutPlanner_A" StructureKind="resource" NumEvents="479" CreationCount="2"/><InteractionEvent Delta="null" EndDate="2014-11-18 14:42:07.856 JST" Interest="1.0" Kind="propagation" Navigation="org.eclipse.mylyn.core.model.edges.containment" OriginId="org.eclipse.mylyn.core.model.interest.propagation" StartDate="2014-11-18 14:42:07.856 JST" StructureHandle="" StructureKind="java"/><InteractionEvent Delta="null" EndDate="2014-11-18 14:42:07.855 JST" Interest="1.0" Kind="selection" Navigation="null" OriginId="org.eclipse.ui.views.ResourceNavigator" StartDate="2014-11-18 14:42:07.855 JST" StructureHandle="=freemind_1.0.1" StructureKind="java"/><InteractionEvent Delta="null" EndDate="2014-11-18 14:56:50.921 JST" Interest="470.0" Kind="propagation" Navigation="null" OriginId="org.eclipse.jdt.ui.CompilationUnitEditor" StartDate="2014-11-18 14:43:46.520 JST" StructureHandle="/CutPlanner_A/src/cp/utils/Methods.java" StructureKind="resource" NumEvents="470" CreationCount="5"/><InteractionEvent Delta="null" EndDate="2014-11-18 14:42:07.856 JST" Interest="1.0" Kind="propagation" Navigation="null" OriginId="org.eclipse.ui.views.ResourceNavigator" StartDate="2014-11-18 14:42:07.856 JST" StructureHandle="/freemind_1.0.1" StructureKind="resource"/><InteractionEvent Delta="null" EndDate="2014-11-18 14:56:52.984 JST" Interest="2.0" Kind="prediction" Navigation="null" OriginId="org.eclipse.mylyn.resources.ui.interest.updater" StartDate="2014-11-18 14:46:28.442 JST" StructureHandle="/CutPlanner_A/bin/CutPlanner_A.apk" StructureKind="resource" NumEvents="2" CreationCount="65"/><InteractionEvent Delta="null" EndDate="2014-11-18 14:50:35.996 JST" Interest="2.0" Kind="edit" Navigation="null" OriginId="org.eclipse.jdt.ui.CompilationUnitEditor" StartDate="2014-11-18 14:50:33.609 JST" StructureHandle="=CutPlanner_A/src&amp;lt;cp.listeners.view{V_OTL.java[V_OTL~_case_ACTION_MOVE~F~F" StructureKind="java" NumEvents="2" CreationCount="116"/><InteractionEvent Delta="null" EndDate="2014-11-18 14:50:48.259 JST" Interest="2.0" Kind="selection" Navigation="null" OriginId="org.eclipse.ui.views.ContentOutline" StartDate="2014-11-18 14:50:31.298 JST" StructureHandle="=CutPlanner_A/src&amp;lt;cp.listeners.view{V_OTL.java[V_OTL~_case_ACTION_MOVE~F~F" StructureKind="java" NumEvents="2" CreationCount="116"/><InteractionEvent Delta="null" EndDate="2014-11-18 14:56:50.922 JST" Interest="292.71698" Kind="propagation" Navigation="org.eclipse.mylyn.core.model.edges.containment" OriginId="org.eclipse.mylyn.core.model.interest.propagation" StartDate="2014-11-18 14:43:46.521 JST" StructureHandle="=CutPlanner_A/src&amp;lt;cp.utils" StructureKind="java" NumEvents="419" CreationCount="5"/><InteractionEvent Delta="null" EndDate="2014-11-18 14:50:48.260 JST" Interest="5.0" Kind="propagation" Navigation="null" OriginId="org.eclipse.ui.views.ContentOutline" StartDate="2014-11-18 14:50:29.29 JST" StructureHandle="/CutPlanner_A/src/cp/listeners/view/V_OTL.java" StructureKind="resource" NumEvents="5" CreationCount="115"/><InteractionEvent Delta="null" EndDate="2014-11-18 14:50:48.277 JST" Interest="1.0" Kind="selection" Navigation="null" OriginId="org.eclipse.ui.views.ContentOutline" StartDate="2014-11-18 14:50:48.277 JST" StructureHandle="=CutPlanner_A/src&amp;lt;cp.utils{Methods.java%cp.utils" StructureKind="java"/><InteractionEvent Delta="null" EndDate="2014-11-18 14:50:48.260 JST" Interest="3.4" Kind="propagation" Navigation="org.eclipse.mylyn.core.model.edges.containment" OriginId="org.eclipse.mylyn.core.model.interest.propagation" StartDate="2014-11-18 14:50:31.299 JST" StructureHandle="=CutPlanner_A/src&amp;lt;cp.listeners.view{V_OTL.java[V_OTL" StructureKind="java" NumEvents="4" CreationCount="116"/><InteractionEvent Delta="null" EndDate="2014-11-18 14:56:50.921 JST" Interest="291.69998" Kind="propagation" Navigation="org.eclipse.mylyn.core.model.edges.containment" OriginId="org.eclipse.mylyn.core.model.interest.propagation" StartDate="2014-11-18 14:43:48.561 JST" StructureHandle="=CutPlanner_A/src&amp;lt;cp.utils{Methods.java[Methods" StructureKind="java" NumEvents="417" CreationCount="6"/><InteractionEvent Delta="null" EndDate="2014-11-18 14:44:31.757 JST" Interest="1.0" Kind="selection" Navigation="null" OriginId="org.eclipse.jdt.ui.CompilationUnitEditor" StartDate="2014-11-18 14:44:31.757 JST" StructureHandle="=CutPlanner_A/src&amp;lt;cp.utils{Methods.java[Methods" StructureKind="java"/><InteractionEvent Delta="null" EndDate="2014-11-18 14:56:50.921 JST" Interest="283.71698" Kind="propagation" Navigation="org.eclipse.mylyn.core.model.edges.containment" OriginId="org.eclipse.mylyn.core.model.interest.propagation" StartDate="2014-11-18 14:43:48.563 JST" StructureHandle="=CutPlanner_A/src&amp;lt;cp.utils{Methods.java" StructureKind="java" NumEvents="407" CreationCount="5"/><InteractionEvent Delta="null" EndDate="2014-11-18 14:50:45.537 JST" Interest="9.0" Kind="selection" Navigation="null" OriginId="org.eclipse.jdt.ui.CompilationUnitEditor" StartDate="2014-11-18 14:43:46.520 JST" StructureHandle="=CutPlanner_A/src&amp;lt;cp.utils{Methods.java" StructureKind="java" NumEvents="9" CreationCount="5"/><InteractionEvent Delta="null" EndDate="2014-11-18 14:56:50.922 JST" Interest="476.034" Kind="propagation" Navigation="null" OriginId="org.eclipse.jdt.ui.CompilationUnitEditor" StartDate="2014-11-18 14:42:11.986 JST" StructureHandle="/CutPlanner_A/src" StructureKind="resource" NumEvents="478" CreationCount="3"/><InteractionEvent Delta="null" EndDate="2014-11-18 14:56:50.922 JST" Interest="291.75098" Kind="propagation" Navigation="org.eclipse.mylyn.core.model.edges.containment" OriginId="org.eclipse.mylyn.core.model.interest.propagation" StartDate="2014-11-18 14:43:29.301 JST" StructureHandle="=CutPlanner_A/src" StructureKind="java" NumEvents="425" CreationCount="3"/><InteractionEvent Delta="null" EndDate="2014-11-18 14:42:11.985 JST" Interest="1.0" Kind="selection" Navigation="null" OriginId="org.eclipse.jdt.ui.PackageExplorer" StartDate="2014-11-18 14:42:11.985 JST" StructureHandle="=CutPlanner_A/src" StructureKind="java"/><InteractionEvent Delta="null" EndDate="2014-11-18 14:46:28.443 JST" Interest="1.0" Kind="propagation" Navigation="org.eclipse.mylyn.core.model.edges.containment" OriginId="org.eclipse.mylyn.core.model.interest.propagation" StartDate="2014-11-18 14:46:28.443 JST" StructureHandle="/CutPlanner_A/bin" StructureKind="resource"/><InteractionEvent Delta="null" EndDate="2014-11-18 14:50:48.260 JST" Interest="6.017" Kind="propagation" Navigation="org.eclipse.mylyn.core.model.edges.containment" OriginId="org.eclipse.mylyn.core.model.interest.propagation" StartDate="2014-11-18 14:43:29.300 JST" StructureHandle="/CutPlanner_A/src/cp/listeners/view" StructureKind="resource" NumEvents="7" CreationCount="4"/><InteractionEvent Delta="null" EndDate="2014-11-18 14:50:27.47 JST" Interest="0.8700001" Kind="manipulation" Navigation="null" OriginId="org.eclipse.mylyn.core.model.interest.decay.correction" StartDate="2014-11-18 14:50:27.47 JST" StructureHandle="/CutPlanner_A/src/cp/listeners/view" StructureKind="resource"/><InteractionEvent Delta="null" EndDate="2014-11-18 14:42:10.753 JST" Interest="1.0" Kind="selection" Navigation="null" OriginId="org.eclipse.jdt.ui.PackageExplorer" StartDate="2014-11-18 14:42:10.753 JST" StructureHandle="=CutPlanner_A/gen" StructureKind="java"/><InteractionEvent Delta="null" EndDate="2014-11-18 14:50:48.261 JST" Interest="6.887" Kind="propagation" Navigation="org.eclipse.mylyn.core.model.edges.containment" OriginId="org.eclipse.mylyn.core.model.interest.propagation" StartDate="2014-11-18 14:43:29.300 JST" StructureHandle="/CutPlanner_A/src/cp/listeners" StructureKind="resource" NumEvents="7" CreationCount="4"/><InteractionEvent Delta="null" EndDate="2014-11-18 14:56:50.921 JST" Interest="475.068" Kind="propagation" Navigation="org.eclipse.mylyn.core.model.edges.containment" OriginId="org.eclipse.mylyn.core.model.interest.propagation" StartDate="2014-11-18 14:42:07.856 JST" StructureHandle="/" StructureKind="resource" NumEvents="480" CreationCount="1"/><InteractionEvent Delta="null" EndDate="2014-11-18 14:50:44.576 JST" Interest="35.0" Kind="edit" Navigation="null" OriginId="org.eclipse.jdt.ui.CompilationUnitEditor" StartDate="2014-11-18 14:44:36.63 JST" StructureHandle="=CutPlanner_A/src&amp;lt;cp.utils{Methods.java[Methods~is_In_Rect_A~QActivity;~F~F" StructureKind="java" NumEvents="35" CreationCount="14"/><InteractionEvent Delta="null" EndDate="2014-11-18 14:50:43.930 JST" Interest="3.0" Kind="selection" Navigation="null" OriginId="org.eclipse.jdt.ui.CompilationUnitEditor" StartDate="2014-11-18 14:44:34.533 JST" StructureHandle="=CutPlanner_A/src&amp;lt;cp.utils{Methods.java[Methods~is_In_Rect_A~QActivity;~F~F" StructureKind="java" NumEvents="3" CreationCount="14"/><InteractionEvent Delta="null" EndDate="2014-11-18 14:50:48.262 JST" Interest="2.4509997" Kind="propagation" Navigation="org.eclipse.mylyn.core.model.edges.containment" OriginId="org.eclipse.mylyn.core.model.interest.propagation" StartDate="2014-11-18 14:50:29.30 JST" StructureHandle="=CutPlanner_A/src&amp;lt;cp.listeners.view" StructureKind="java" NumEvents="5" CreationCount="4"/><InteractionEvent Delta="null" EndDate="2014-11-18 14:50:27.46 JST" Interest="0.85300004" Kind="manipulation" Navigation="null" OriginId="org.eclipse.mylyn.core.model.interest.decay.correction" StartDate="2014-11-18 14:50:27.46 JST" StructureHandle="=CutPlanner_A/src&amp;lt;cp.listeners.view" StructureKind="java"/><InteractionEvent Delta="null" EndDate="2014-11-18 14:50:27.46 JST" Interest="2.0" Kind="selection" Navigation="null" OriginId="org.eclipse.jdt.ui.PackageExplorer" StartDate="2014-11-18 14:43:29.300 JST" StructureHandle="=CutPlanner_A/src&amp;lt;cp.listeners.view" StructureKind="java" NumEvents="2" CreationCount="4"/><InteractionEvent Delta="null" EndDate="2014-11-18 14:50:48.261 JST" Interest="2.417" Kind="propagation" Navigation="org.eclipse.mylyn.core.model.edges.containment" OriginId="org.eclipse.mylyn.core.model.interest.propagation" StartDate="2014-11-18 14:50:31.300 JST" StructureHandle="=CutPlanner_A/src&amp;lt;cp.listeners.view{V_OTL.java" StructureKind="java" NumEvents="4" CreationCount="115"/><InteractionEvent Delta="null" EndDate="2014-11-18 14:50:29.29 JST" Interest="1.0" Kind="selection" Navigation="null" OriginId="org.eclipse.jdt.ui.CompilationUnitEditor" StartDate="2014-11-18 14:50:29.29 JST" StructureHandle="=CutPlanner_A/src&amp;lt;cp.listeners.view{V_OTL.java" StructureKind="java"/><InteractionEvent Delta="null" EndDate="2014-11-18 14:56:50.921 JST" Interest="470.017" Kind="propagation" Navigation="org.eclipse.mylyn.core.model.edges.containment" OriginId="org.eclipse.mylyn.core.model.interest.propagation" StartDate="2014-11-18 14:43:29.301 JST" StructureHandle="/CutPlanner_A/src/cp" StructureKind="resource" NumEvents="471" CreationCount="4"/><InteractionEvent Delta="null" EndDate="2014-11-18 14:56:49.963 JST" Interest="6.205" Kind="manipulation" Navigation="null" OriginId="org.eclipse.mylyn.core.model.interest.decay.correction" StartDate="2014-11-18 14:56:49.963 JST" StructureHandle="=CutPlanner_A/src&amp;lt;cp.utils{Methods.java[Methods~is_In_Rect_B~QActivity;~F~F" StructureKind="java"/><InteractionEvent Delta="null" EndDate="2014-11-18 14:56:49.968 JST" Interest="2.0" Kind="edit" Navigation="null" OriginId="org.eclipse.jdt.ui.CompilationUnitEditor" StartDate="2014-11-18 14:44:29.272 JST" StructureHandle="=CutPlanner_A/src&amp;lt;cp.utils{Methods.java[Methods~is_In_Rect_B~QActivity;~F~F" StructureKind="java" NumEvents="2" CreationCount="11"/><InteractionEvent Delta="null" EndDate="2014-11-18 14:56:49.963 JST" Interest="2.0" Kind="selection" Navigation="null" OriginId="org.eclipse.jdt.ui.CompilationUnitEditor" StartDate="2014-11-18 14:44:28.167 JST" StructureHandle="=CutPlanner_A/src&amp;lt;cp.utils{Methods.java[Methods~is_In_Rect_B~QActivity;~F~F" StructureKind="java" NumEvents="2" CreationCount="11"/><InteractionEvent Delta="null" EndDate="2014-11-18 14:42:10.753 JST" Interest="1.0" Kind="propagation" Navigation="null" OriginId="org.eclipse.jdt.ui.PackageExplorer" StartDate="2014-11-18 14:42:10.753 JST" StructureHandle="/CutPlanner_A/gen" StructureKind="resource"/><InteractionEvent Delta="null" EndDate="2014-11-18 14:56:52.984 JST" Interest="2.0" Kind="prediction" Navigation="null" OriginId="org.eclipse.mylyn.resources.ui.interest.updater" StartDate="2014-11-18 14:46:28.442 JST" StructureHandle="/CutPlanner_A/bin/classes.dex" StructureKind="resource" NumEvents="2" CreationCount="65"/><InteractionEvent Delta="null" EndDate="2014-11-18 14:56:50.921 JST" Interest="470.0" Kind="propagation" Navigation="org.eclipse.mylyn.core.model.edges.containment" OriginId="org.eclipse.mylyn.core.model.interest.propagation" StartDate="2014-11-18 14:43:46.520 JST" StructureHandle="/CutPlanner_A/src/cp/utils" StructureKind="resource" NumEvents="470" CreationCount="5"/><InteractionEvent Delta="null" EndDate="2014-11-18 14:56:50.920 JST" Interest="411.0" Kind="edit" Navigation="null" OriginId="org.eclipse.jdt.ui.CompilationUnitEditor" StartDate="2014-11-18 14:43:57.789 JST" StructureHandle="=CutPlanner_A/src&amp;lt;cp.utils{Methods.java[Methods~identify~QActivity;~F~F" StructureKind="java" NumEvents="411" CreationCount="6"/><InteractionEvent Delta="null" EndDate="2014-11-18 14:56:50.914 JST" Interest="5.0" Kind="selection" Navigation="null" OriginId="org.eclipse.jdt.ui.CompilationUnitEditor" StartDate="2014-11-18 14:43:48.561 JST" StructureHandle="=CutPlanner_A/src&amp;lt;cp.utils{Methods.java[Methods~identify~QActivity;~F~F" StructureKind="java" NumEvents="5" CreationCount="6"/></InteractionHistory>