<?xml version="1.0" encoding="UTF-8"?><InteractionHistory Id="local-95" Version="1"><InteractionEvent Delta="null" EndDate="2014-09-23 14:52:22.198 JST" Interest="1.0" Kind="propagation" Navigation="null" OriginId="org.eclipse.jdt.ui.PackageExplorer" StartDate="2014-09-23 14:52:22.198 JST" StructureHandle="/SL3/src/sl/libs/douglascrockford" StructureKind="resource"/><InteractionEvent Delta="null" EndDate="2014-09-23 16:00:37.589 JST" Interest="143.33499" Kind="propagation" Navigation="org.eclipse.mylyn.core.model.edges.containment" OriginId="org.eclipse.mylyn.core.model.interest.propagation" StartDate="2014-09-23 14:46:39.399 JST" StructureHandle="" StructureKind="java" NumEvents="148" CreationCount="1"/><InteractionEvent Delta="null" EndDate="2014-09-23 14:47:28.138 JST" Interest="1.0" Kind="selection" Navigation="null" OriginId="org.eclipse.ui.views.ContentOutline" StartDate="2014-09-23 14:47:28.138 JST" StructureHandle="=SL3/src&amp;lt;sl3.listeners{TCL.java[TCL~onTabChanged~QString;" StructureKind="java"/><InteractionEvent Delta="null" EndDate="2014-09-23 15:28:13.923 JST" Interest="1.0" Kind="selection" Navigation="null" OriginId="org.eclipse.jdt.ui.CompilationUnitEditor" StartDate="2014-09-23 15:28:13.923 JST" StructureHandle="=SL3/src&amp;lt;sl3.utils{Methods_dlg.java[Methods_dlg~dlg_DeleteToBuyList~QActivity;~QDialog;" StructureKind="java"/><InteractionEvent Delta="null" EndDate="2014-09-23 15:28:13.929 JST" Interest="1.0" Kind="edit" Navigation="null" OriginId="org.eclipse.jdt.ui.CompilationUnitEditor" StartDate="2014-09-23 15:28:13.929 JST" StructureHandle="=SL3/src&amp;lt;sl3.utils{Methods_dlg.java[Methods_dlg~dlg_DeleteToBuyList~QActivity;~QDialog;" StructureKind="java"/><InteractionEvent Delta="null" EndDate="2014-09-23 16:20:09.340 JST" Interest="1.0" Kind="selection" Navigation="null" OriginId="org.eclipse.jdt.ui.PackageExplorer" StartDate="2014-09-23 16:20:09.340 JST" StructureHandle="=SL3" StructureKind="java"/><InteractionEvent Delta="null" EndDate="2014-09-23 16:20:12.949 JST" Interest="1110.187" Kind="propagation" Navigation="org.eclipse.mylyn.core.model.edges.containment" OriginId="org.eclipse.mylyn.core.model.interest.propagation" StartDate="2014-09-23 14:46:42.934 JST" StructureHandle="=SL3" StructureKind="resource" NumEvents="1115" CreationCount="2"/><InteractionEvent Delta="null" EndDate="2014-09-23 14:46:42.933 JST" Interest="1.0" Kind="selection" Navigation="null" OriginId="org.eclipse.jdt.ui.PackageExplorer" StartDate="2014-09-23 14:46:42.933 JST" StructureHandle="=SL3/src" StructureKind="java"/><InteractionEvent Delta="null" EndDate="2014-09-23 16:06:20.210 JST" Interest="163.38898" Kind="propagation" Navigation="org.eclipse.mylyn.core.model.edges.containment" OriginId="org.eclipse.mylyn.core.model.interest.propagation" StartDate="2014-09-23 14:47:12.913 JST" StructureHandle="=SL3/src" StructureKind="java" NumEvents="235" CreationCount="2"/><InteractionEvent Delta="null" EndDate="2014-09-23 15:13:20.612 JST" Interest="1.0" Kind="selection" Navigation="null" OriginId="org.eclipse.jdt.ui.CompilationUnitEditor" StartDate="2014-09-23 15:13:20.612 JST" StructureHandle="=IFM11/src&amp;lt;ifm11.utils{Methods_dlg.java[Methods_dlg" StructureKind="java"/><InteractionEvent Delta="null" EndDate="2014-09-23 15:13:56.384 JST" Interest="15.051" Kind="propagation" Navigation="org.eclipse.mylyn.core.model.edges.containment" OriginId="org.eclipse.mylyn.core.model.interest.propagation" StartDate="2014-09-23 15:10:10.917 JST" StructureHandle="=IFM11/src&amp;lt;ifm11.utils{Methods_dlg.java[Methods_dlg" StructureKind="java" NumEvents="20" CreationCount="258"/><InteractionEvent Delta="null" EndDate="2014-09-23 15:09:09.556 JST" Interest="1.0" Kind="selection" Navigation="null" OriginId="org.eclipse.ui.views.ResourceNavigator" StartDate="2014-09-23 15:09:09.556 JST" StructureHandle="=ShoppingList/src&amp;lt;sl.tasks" StructureKind="java"/><InteractionEvent Delta="null" EndDate="2014-09-23 16:20:11.589 JST" Interest="1.0" Kind="propagation" Navigation="null" OriginId="org.eclipse.mylyn.resources.ui.interest.updater" StartDate="2014-09-23 16:20:11.589 JST" StructureHandle="/SL3/src/sl3/utils/Tags.java" StructureKind="resource"/><InteractionEvent Delta="null" EndDate="2014-09-23 14:47:00.706 JST" Interest="1.0" Kind="selection" Navigation="null" OriginId="org.eclipse.jdt.ui.PackageExplorer" StartDate="2014-09-23 14:47:00.706 JST" StructureHandle="/SL3/res/menu" StructureKind="resource"/><InteractionEvent Delta="null" EndDate="2014-09-23 14:48:23.966 JST" Interest="11.316999" Kind="propagation" Navigation="org.eclipse.mylyn.core.model.edges.containment" OriginId="org.eclipse.mylyn.core.model.interest.propagation" StartDate="2014-09-23 14:47:03.626 JST" StructureHandle="/SL3/res/menu" StructureKind="resource" NumEvents="15" CreationCount="5"/><InteractionEvent Delta="null" EndDate="2014-09-23 14:47:16.566 JST" Interest="1.0" Kind="selection" Navigation="null" OriginId="org.eclipse.jdt.ui.PackageExplorer" StartDate="2014-09-23 14:47:16.566 JST" StructureHandle="=SL3/src&amp;lt;sl3.listeners" StructureKind="java"/><InteractionEvent Delta="null" EndDate="2014-09-23 14:52:20.904 JST" Interest="25.584997" Kind="propagation" Navigation="org.eclipse.mylyn.core.model.edges.containment" OriginId="org.eclipse.mylyn.core.model.interest.propagation" StartDate="2014-09-23 14:47:20.227 JST" StructureHandle="=SL3/src&amp;lt;sl3.listeners" StructureKind="java" NumEvents="40" CreationCount="12"/><InteractionEvent Delta="null" EndDate="2014-09-23 14:52:20.901 JST" Interest="45.0" Kind="propagation" Navigation="null" OriginId="org.eclipse.jdt.ui.CompilationUnitEditor" StartDate="2014-09-23 14:47:20.227 JST" StructureHandle="/SL3/src/sl3/listeners/TCL.java" StructureKind="resource" NumEvents="45" CreationCount="13"/><InteractionEvent Delta="null" EndDate="2014-09-23 16:20:08.481 JST" Interest="1.0" Kind="prediction" Navigation="null" OriginId="org.eclipse.mylyn.resources.ui.interest.updater" StartDate="2014-09-23 16:20:08.481 JST" StructureHandle="/SL3/res/layout/dlg_search_items.xml" StructureKind="resource"/><InteractionEvent Delta="null" EndDate="2014-09-23 15:42:54.704 JST" Interest="2.0" Kind="selection" Navigation="null" OriginId="org.eclipse.ui.views.ResourceNavigator" StartDate="2014-09-23 15:31:16.889 JST" StructureHandle="/IFM11/res/layout" StructureKind="resource" NumEvents="2" CreationCount="616"/><InteractionEvent Delta="null" EndDate="2014-09-23 15:42:53.207 JST" Interest="9.017" Kind="propagation" Navigation="org.eclipse.mylyn.core.model.edges.containment" OriginId="org.eclipse.mylyn.core.model.interest.propagation" StartDate="2014-09-23 15:31:20.438 JST" StructureHandle="/IFM11/res/layout" StructureKind="resource" NumEvents="10" CreationCount="616"/><InteractionEvent Delta="null" EndDate="2014-09-23 15:28:07.17 JST" Interest="26.893" Kind="propagation" Navigation="org.eclipse.mylyn.core.model.edges.containment" OriginId="org.eclipse.mylyn.core.model.interest.propagation" StartDate="2014-09-23 14:53:17.730 JST" StructureHandle="=SL3/src&amp;lt;sl.main{TabActv.java[TabActv" StructureKind="java" NumEvents="35" CreationCount="79"/><InteractionEvent Delta="null" EndDate="2014-09-23 16:08:43.498 JST" Interest="21.0" Kind="selection" Navigation="null" OriginId="org.eclipse.jdt.ui.CompilationUnitEditor" StartDate="2014-09-23 15:51:40.862 JST" StructureHandle="=SL3/src&amp;lt;sl3.utils{DBUtils.java[DBUtils~search_Items~QActivity;~QString;~QString;" StructureKind="java" NumEvents="21" CreationCount="878"/><InteractionEvent Delta="null" EndDate="2014-09-23 16:17:28.265 JST" Interest="174.0" Kind="edit" Navigation="null" OriginId="org.eclipse.jdt.ui.CompilationUnitEditor" StartDate="2014-09-23 15:52:27.583 JST" StructureHandle="=SL3/src&amp;lt;sl3.utils{DBUtils.java[DBUtils~search_Items~QActivity;~QString;~QString;" StructureKind="java" NumEvents="174" CreationCount="878"/><InteractionEvent Delta="null" EndDate="2014-09-23 14:52:45.890 JST" Interest="1.0" Kind="selection" Navigation="null" OriginId="org.eclipse.ui.views.ContentOutline" StartDate="2014-09-23 14:52:45.890 JST" StructureHandle="=SL3/src&amp;lt;sl3.utils{Methods_dlg.java[Methods_dlg~dlg_LoadToBuyList~QActivity;~QDialog;" StructureKind="java"/><InteractionEvent Delta="null" EndDate="2014-09-23 15:56:09.593 JST" Interest="8.0" Kind="propagation" Navigation="null" OriginId="org.eclipse.jdt.ui.CompilationUnitEditor" StartDate="2014-09-23 15:51:30.146 JST" StructureHandle="/SL3/src/sl3/utils/CONS.java" StructureKind="resource" NumEvents="8" CreationCount="871"/><InteractionEvent Delta="null" EndDate="2014-09-23 16:17:32.384 JST" Interest="15.0" Kind="selection" Navigation="null" OriginId="org.eclipse.jdt.ui.CompilationUnitEditor" StartDate="2014-09-23 15:35:47.13 JST" StructureHandle="=SL3/src&amp;lt;sl3.utils{Methods.java" StructureKind="java" NumEvents="15" CreationCount="694"/><InteractionEvent Delta="null" EndDate="2014-09-23 16:20:07.942 JST" Interest="63.701008" Kind="propagation" Navigation="org.eclipse.mylyn.core.model.edges.containment" OriginId="org.eclipse.mylyn.core.model.interest.propagation" StartDate="2014-09-23 15:35:49.717 JST" StructureHandle="=SL3/src&amp;lt;sl3.utils{Methods.java" StructureKind="java" NumEvents="96" CreationCount="694"/><InteractionEvent Delta="null" EndDate="2014-09-23 15:29:41.778 JST" Interest="1.0" Kind="selection" Navigation="null" OriginId="org.eclipse.jdt.ui.PackageExplorer" StartDate="2014-09-23 15:29:41.778 JST" StructureHandle="=SL3/src&amp;lt;sl3.listeners.dialog" StructureKind="java"/><InteractionEvent Delta="null" EndDate="2014-09-23 16:06:20.210 JST" Interest="161.87598" Kind="propagation" Navigation="org.eclipse.mylyn.core.model.edges.containment" OriginId="org.eclipse.mylyn.core.model.interest.propagation" StartDate="2014-09-23 15:00:56.624 JST" StructureHandle="=SL3/src&amp;lt;sl3.listeners.dialog" StructureKind="java" NumEvents="229" CreationCount="91"/><InteractionEvent Delta="null" EndDate="2014-09-23 15:00:35.135 JST" Interest="2.0" Kind="selection" Navigation="null" OriginId="org.eclipse.jdt.ui.CompilationUnitEditor" StartDate="2014-09-23 14:52:49.195 JST" StructureHandle="=SL3/src&amp;lt;sl3.utils{Methods_dlg.java[Methods_dlg~dlg_scheduleInDb~QActivity;~QDialog;~QDialog;" StructureKind="java" NumEvents="2" CreationCount="72"/><InteractionEvent Delta="null" EndDate="2014-09-23 14:53:04.242 JST" Interest="3.0" Kind="edit" Navigation="null" OriginId="org.eclipse.jdt.ui.CompilationUnitEditor" StartDate="2014-09-23 14:53:03.560 JST" StructureHandle="=SL3/src&amp;lt;sl3.utils{Methods_dlg.java[Methods_dlg~dlg_scheduleInDb~QActivity;~QDialog;~QDialog;" StructureKind="java" NumEvents="3" CreationCount="72"/><InteractionEvent Delta="null" EndDate="2014-09-23 15:10:12.472 JST" Interest="2.0" Kind="selection" Navigation="null" OriginId="org.eclipse.ui.views.ContentOutline" StartDate="2014-09-23 15:10:10.917 JST" StructureHandle="=IFM11/src&amp;lt;ifm11.utils{Methods_dlg.java[Methods_dlg~dlg_Db_Actv~QActivity;" StructureKind="java" NumEvents="2" CreationCount="258"/><InteractionEvent Delta="null" EndDate="2014-09-23 15:28:16.431 JST" Interest="10.0" Kind="selection" Navigation="null" OriginId="org.eclipse.jdt.ui.CompilationUnitEditor" StartDate="2014-09-23 15:06:48.130 JST" StructureHandle="=SL3/src&amp;lt;sl3.utils{Methods_dlg.java[Methods_dlg" StructureKind="java" NumEvents="10" CreationCount="71"/><InteractionEvent Delta="null" EndDate="2014-09-23 15:39:02.288 JST" Interest="52.429" Kind="propagation" Navigation="org.eclipse.mylyn.core.model.edges.containment" OriginId="org.eclipse.mylyn.core.model.interest.propagation" StartDate="2014-09-23 14:52:45.891 JST" StructureHandle="=SL3/src&amp;lt;sl3.utils{Methods_dlg.java[Methods_dlg" StructureKind="java" NumEvents="73" CreationCount="71"/><InteractionEvent Delta="null" EndDate="2014-09-23 15:28:16.434 JST" Interest="9.0" Kind="edit" Navigation="null" OriginId="org.eclipse.jdt.ui.CompilationUnitEditor" StartDate="2014-09-23 15:06:49.340 JST" StructureHandle="=SL3/src&amp;lt;sl3.utils{Methods_dlg.java[Methods_dlg" StructureKind="java" NumEvents="9" CreationCount="71"/><InteractionEvent Delta="null" EndDate="2014-09-23 15:10:00.191 JST" Interest="1.0" Kind="selection" Navigation="null" OriginId="org.eclipse.ui.views.ResourceNavigator" StartDate="2014-09-23 15:10:00.191 JST" StructureHandle="=IFM11" StructureKind="java"/><InteractionEvent Delta="null" EndDate="2014-09-23 16:00:37.587 JST" Interest="138.08499" Kind="propagation" Navigation="org.eclipse.mylyn.core.model.edges.containment" OriginId="org.eclipse.mylyn.core.model.interest.propagation" StartDate="2014-09-23 15:10:02.923 JST" StructureHandle="=IFM11" StructureKind="resource" NumEvents="144" CreationCount="251"/><InteractionEvent Delta="null" EndDate="2014-09-23 15:56:04.459 JST" Interest="1.0" Kind="selection" Navigation="null" OriginId="org.eclipse.jdt.ui.CompilationUnitEditor" StartDate="2014-09-23 15:56:04.459 JST" StructureHandle="=SL3/src&amp;lt;sl3.utils{CONS.java[CONS[DB^col_Names_SI_full" StructureKind="java"/><InteractionEvent Delta="null" EndDate="2014-09-23 15:56:09.592 JST" Interest="3.0" Kind="edit" Navigation="null" OriginId="org.eclipse.jdt.ui.CompilationUnitEditor" StartDate="2014-09-23 15:56:06.311 JST" StructureHandle="=SL3/src&amp;lt;sl3.utils{CONS.java[CONS[DB^col_Names_SI_full" StructureKind="java" NumEvents="3" CreationCount="1030"/><InteractionEvent Delta="null" EndDate="2014-09-23 16:00:37.586 JST" Interest="12.0" Kind="selection" Navigation="null" OriginId="org.eclipse.jdt.ui.CompilationUnitEditor" StartDate="2014-09-23 15:43:08.789 JST" StructureHandle="=IFM11/src&amp;lt;ifm11.tasks{Task_Search.java[Task_Search~_Search__SpecificTable~QString;~\[QString;" StructureKind="java" NumEvents="12" CreationCount="821"/><InteractionEvent Delta="null" EndDate="2014-09-23 15:59:14.217 JST" Interest="66.0" Kind="edit" Navigation="null" OriginId="org.eclipse.jdt.ui.CompilationUnitEditor" StartDate="2014-09-23 15:43:09.351 JST" StructureHandle="=IFM11/src&amp;lt;ifm11.tasks{Task_Search.java[Task_Search~_Search__SpecificTable~QString;~\[QString;" StructureKind="java" NumEvents="66" CreationCount="821"/><InteractionEvent Delta="null" EndDate="2014-09-23 15:11:37.356 JST" Interest="6.0" Kind="selection" Navigation="null" OriginId="org.eclipse.jdt.ui.CompilationUnitEditor" StartDate="2014-09-23 15:08:56.503 JST" StructureHandle="=SL3/src&amp;lt;sl3.utils{Methods_dlg.java[Methods_dlg~conf_Restore_DB~QActivity;~QDialog;~QDialog;~QDialogTags;" StructureKind="java" NumEvents="6" CreationCount="230"/><InteractionEvent Delta="null" EndDate="2014-09-23 15:11:31.628 JST" Interest="4.0" Kind="edit" Navigation="null" OriginId="org.eclipse.jdt.ui.CompilationUnitEditor" StartDate="2014-09-23 15:08:59.239 JST" StructureHandle="=SL3/src&amp;lt;sl3.utils{Methods_dlg.java[Methods_dlg~conf_Restore_DB~QActivity;~QDialog;~QDialog;~QDialogTags;" StructureKind="java" NumEvents="4" CreationCount="230"/><InteractionEvent Delta="null" EndDate="2014-09-23 16:06:20.208 JST" Interest="272.0" Kind="propagation" Navigation="null" OriginId="org.eclipse.jdt.ui.CompilationUnitEditor" StartDate="2014-09-23 15:07:12.158 JST" StructureHandle="/SL3/src/sl3/listeners/dialog/DB_OCL.java" StructureKind="resource" NumEvents="272" CreationCount="178"/><InteractionEvent Delta="null" EndDate="2014-09-23 15:33:11.804 JST" Interest="1.0" Kind="selection" Navigation="null" OriginId="org.eclipse.jdt.ui.PackageExplorer" StartDate="2014-09-23 15:33:11.804 JST" StructureHandle="/SL3/res/values" StructureKind="resource"/><InteractionEvent Delta="null" EndDate="2014-09-23 15:35:00.456 JST" Interest="14.916999" Kind="propagation" Navigation="org.eclipse.mylyn.core.model.edges.containment" OriginId="org.eclipse.mylyn.core.model.interest.propagation" StartDate="2014-09-23 15:33:12.801 JST" StructureHandle="/SL3/res/values" StructureKind="resource" NumEvents="21" CreationCount="648"/><InteractionEvent Delta="null" EndDate="2014-09-23 16:20:12.949 JST" Interest="1111.204" Kind="propagation" Navigation="org.eclipse.mylyn.core.model.edges.containment" OriginId="org.eclipse.mylyn.core.model.interest.propagation" StartDate="2014-09-23 14:46:39.399 JST" StructureHandle="/" StructureKind="resource" NumEvents="1142" CreationCount="1"/><InteractionEvent Delta="null" EndDate="2014-09-23 15:11:46.951 JST" Interest="4.717" Kind="propagation" Navigation="org.eclipse.mylyn.core.model.edges.containment" OriginId="org.eclipse.mylyn.core.model.interest.propagation" StartDate="2014-09-23 15:10:35.67 JST" StructureHandle="=IFM11/src&amp;lt;ifm11.listeners.dialog" StructureKind="java" NumEvents="6" CreationCount="268"/><InteractionEvent Delta="null" EndDate="2014-09-23 15:11:47.385 JST" Interest="7.0" Kind="propagation" Navigation="org.eclipse.mylyn.core.model.edges.containment" OriginId="org.eclipse.mylyn.core.model.interest.propagation" StartDate="2014-09-23 15:10:35.67 JST" StructureHandle="/IFM11/src/ifm11/listeners/dialog" StructureKind="resource" NumEvents="7" CreationCount="268"/><InteractionEvent Delta="null" EndDate="2014-09-23 16:20:11.589 JST" Interest="1.0" Kind="prediction" Navigation="null" OriginId="org.eclipse.mylyn.resources.ui.interest.updater" StartDate="2014-09-23 16:20:11.589 JST" StructureHandle="=SL3/src&amp;lt;sl.main{ItemListActv.java" StructureKind="java"/><InteractionEvent Delta="null" EndDate="2014-09-23 15:54:20.398 JST" Interest="25.0" Kind="selection" Navigation="null" OriginId="org.eclipse.jdt.ui.CompilationUnitEditor" StartDate="2014-09-23 15:00:37.746 JST" StructureHandle="=SL3/src&amp;lt;sl3.utils{Methods_dlg.java[Methods_dlg~dlg_TabActv_SearchItems~QActivity;" StructureKind="java" NumEvents="25" CreationCount="87"/><InteractionEvent Delta="null" EndDate="2014-09-23 15:39:20.864 JST" Interest="35.0" Kind="edit" Navigation="null" OriginId="org.eclipse.jdt.ui.CompilationUnitEditor" StartDate="2014-09-23 15:00:38.607 JST" StructureHandle="=SL3/src&amp;lt;sl3.utils{Methods_dlg.java[Methods_dlg~dlg_TabActv_SearchItems~QActivity;" StructureKind="java" NumEvents="35" CreationCount="87"/><InteractionEvent Delta="null" EndDate="2014-09-23 15:37:00.108 JST" Interest="12.084001" Kind="propagation" Navigation="org.eclipse.mylyn.core.model.edges.containment" OriginId="org.eclipse.mylyn.core.model.interest.propagation" StartDate="2014-09-23 14:49:04.673 JST" StructureHandle="/SL3/bin" StructureKind="resource" NumEvents="3" CreationCount="64"/><InteractionEvent Delta="null" EndDate="2014-09-23 16:17:32.472 JST" Interest="10.0" Kind="selection" Navigation="null" OriginId="org.eclipse.jdt.ui.CompilationUnitEditor" StartDate="2014-09-23 15:53:33.667 JST" StructureHandle="=SL3/src&amp;lt;sl3.utils{Methods.java[Methods~search_Items~QActivity;~QDialog;~QString;~QString;" StructureKind="java" NumEvents="10" CreationCount="947"/><InteractionEvent Delta="null" EndDate="2014-09-23 16:20:07.941 JST" Interest="92.0" Kind="edit" Navigation="null" OriginId="org.eclipse.jdt.ui.CompilationUnitEditor" StartDate="2014-09-23 15:53:34.335 JST" StructureHandle="=SL3/src&amp;lt;sl3.utils{Methods.java[Methods~search_Items~QActivity;~QDialog;~QString;~QString;" StructureKind="java" NumEvents="92" CreationCount="947"/><InteractionEvent Delta="null" EndDate="2014-09-23 15:13:09.782 JST" Interest="2.0" Kind="selection" Navigation="null" OriginId="org.eclipse.jdt.ui.CompilationUnitEditor" StartDate="2014-09-23 15:09:21.417 JST" StructureHandle="=ShoppingList/src&amp;lt;sl.utils{Methods_dlg.java[Methods_dlg~dlg_db_activity~QActivity;" StructureKind="java" NumEvents="2" CreationCount="246"/><InteractionEvent Delta="null" EndDate="2014-09-23 15:09:23.270 JST" Interest="3.0" Kind="edit" Navigation="null" OriginId="org.eclipse.jdt.ui.CompilationUnitEditor" StartDate="2014-09-23 15:09:22.417 JST" StructureHandle="=ShoppingList/src&amp;lt;sl.utils{Methods_dlg.java[Methods_dlg~dlg_db_activity~QActivity;" StructureKind="java" NumEvents="3" CreationCount="246"/><InteractionEvent Delta="null" EndDate="2014-09-23 15:39:02.287 JST" Interest="7.0" Kind="selection" Navigation="null" OriginId="org.eclipse.jdt.ui.CompilationUnitEditor" StartDate="2014-09-23 15:14:14.24 JST" StructureHandle="=SL3/src&amp;lt;sl3.utils{Methods_dlg.java[Methods_dlg~dlg_IsEmpty~QActivity;~QDialog;" StructureKind="java" NumEvents="7" CreationCount="408"/><InteractionEvent Delta="null" EndDate="2014-09-23 15:37:46.121 JST" Interest="80.0" Kind="edit" Navigation="null" OriginId="org.eclipse.jdt.ui.CompilationUnitEditor" StartDate="2014-09-23 15:14:14.29 JST" StructureHandle="=SL3/src&amp;lt;sl3.utils{Methods_dlg.java[Methods_dlg~dlg_IsEmpty~QActivity;~QDialog;" StructureKind="java" NumEvents="80" CreationCount="408"/><InteractionEvent Delta="null" EndDate="2014-09-23 16:03:47.655 JST" Interest="6.0" Kind="selection" Navigation="null" OriginId="org.eclipse.jdt.ui.CompilationUnitEditor" StartDate="2014-09-23 15:50:49.384 JST" StructureHandle="=SL3/src&amp;lt;sl3.utils{Methods.java[Methods" StructureKind="java" NumEvents="6" CreationCount="696"/><InteractionEvent Delta="null" EndDate="2014-09-23 16:20:07.941 JST" Interest="71.267006" Kind="propagation" Navigation="org.eclipse.mylyn.core.model.edges.containment" OriginId="org.eclipse.mylyn.core.model.interest.propagation" StartDate="2014-09-23 15:35:52.171 JST" StructureHandle="=SL3/src&amp;lt;sl3.utils{Methods.java[Methods" StructureKind="java" NumEvents="99" CreationCount="696"/><InteractionEvent Delta="null" EndDate="2014-09-23 15:53:33.2 JST" Interest="2.0" Kind="edit" Navigation="null" OriginId="org.eclipse.jdt.ui.CompilationUnitEditor" StartDate="2014-09-23 15:51:13.623 JST" StructureHandle="=SL3/src&amp;lt;sl3.utils{Methods.java[Methods" StructureKind="java" NumEvents="2" CreationCount="696"/><InteractionEvent Delta="null" EndDate="2014-09-23 15:35:08.130 JST" Interest="15.2" Kind="propagation" Navigation="org.eclipse.mylyn.core.model.edges.containment" OriginId="org.eclipse.mylyn.core.model.interest.propagation" StartDate="2014-09-23 15:27:22.115 JST" StructureHandle="=SL3/src&amp;lt;sl3.listeners{ItemSelectedListener.java[ItemSelectedListener" StructureKind="java" NumEvents="20" CreationCount="551"/><InteractionEvent Delta="null" EndDate="2014-09-23 14:53:13.812 JST" Interest="1.0" Kind="selection" Navigation="null" OriginId="org.eclipse.ui.views.ContentOutline" StartDate="2014-09-23 14:53:13.812 JST" StructureHandle="=SL3/src&amp;lt;sl.main{TabActv.java%sl.main" StructureKind="java"/><InteractionEvent Delta="null" EndDate="2014-09-23 15:28:06.597 JST" Interest="26.927002" Kind="propagation" Navigation="org.eclipse.mylyn.core.model.edges.containment" OriginId="org.eclipse.mylyn.core.model.interest.propagation" StartDate="2014-09-23 14:53:10.357 JST" StructureHandle="=SL3/src&amp;lt;sl.main" StructureKind="java" NumEvents="36" CreationCount="77"/><InteractionEvent Delta="null" EndDate="2014-09-23 16:11:26.199 JST" Interest="9.0" Kind="prediction" Navigation="null" OriginId="org.eclipse.mylyn.resources.ui.interest.updater" StartDate="2014-09-23 14:49:04.673 JST" StructureHandle="/SL3/bin/classes.dex" StructureKind="resource" NumEvents="9" CreationCount="64"/><InteractionEvent Delta="null" EndDate="2014-09-23 15:43:08.870 JST" Interest="3.0" Kind="selection" Navigation="null" OriginId="org.eclipse.jdt.ui.CompilationUnitEditor" StartDate="2014-09-23 15:43:03.701 JST" StructureHandle="=IFM11/src&amp;lt;ifm11.tasks{Task_Search.java[Task_Search" StructureKind="java" NumEvents="3" CreationCount="819"/><InteractionEvent Delta="null" EndDate="2014-09-23 16:00:37.587 JST" Interest="55.233997" Kind="propagation" Navigation="org.eclipse.mylyn.core.model.edges.containment" OriginId="org.eclipse.mylyn.core.model.interest.propagation" StartDate="2014-09-23 15:43:09.358 JST" StructureHandle="=IFM11/src&amp;lt;ifm11.tasks{Task_Search.java[Task_Search" StructureKind="java" NumEvents="75" CreationCount="819"/><InteractionEvent Delta="null" EndDate="2014-09-23 15:01:03.928 JST" Interest="1.0" Kind="selection" Navigation="null" OriginId="org.eclipse.jdt.ui.CompilationUnitEditor" StartDate="2014-09-23 15:01:03.928 JST" StructureHandle="=SL3/src&amp;lt;sl3.listeners.dialog{DB_OTL.java[DB_OTL" StructureKind="java"/><InteractionEvent Delta="null" EndDate="2014-09-23 15:06:27.728 JST" Interest="18.317" Kind="propagation" Navigation="org.eclipse.mylyn.core.model.edges.containment" OriginId="org.eclipse.mylyn.core.model.interest.propagation" StartDate="2014-09-23 15:01:01.152 JST" StructureHandle="=SL3/src&amp;lt;sl3.listeners.dialog{DB_OTL.java[DB_OTL" StructureKind="java" NumEvents="25" CreationCount="92"/><InteractionEvent Delta="null" EndDate="2014-09-23 16:20:11.591 JST" Interest="73.0" Kind="propagation" Navigation="null" OriginId="org.eclipse.mylyn.resources.ui.interest.updater" StartDate="2014-09-23 14:53:10.357 JST" StructureHandle="/SL3/src/sl/main" StructureKind="resource" NumEvents="73" CreationCount="77"/><InteractionEvent Delta="null" EndDate="2014-09-23 15:06:27.728 JST" Interest="6.0" Kind="selection" Navigation="null" OriginId="org.eclipse.jdt.ui.CompilationUnitEditor" StartDate="2014-09-23 15:01:03.8 JST" StructureHandle="=SL3/src&amp;lt;sl3.listeners.dialog{DB_OTL.java[DB_OTL~onTouch~QView;~QMotionEvent;" StructureKind="java" NumEvents="6" CreationCount="93"/><InteractionEvent Delta="null" EndDate="2014-09-23 15:03:18.513 JST" Interest="19.0" Kind="edit" Navigation="null" OriginId="org.eclipse.jdt.ui.CompilationUnitEditor" StartDate="2014-09-23 15:01:07.394 JST" StructureHandle="=SL3/src&amp;lt;sl3.listeners.dialog{DB_OTL.java[DB_OTL~onTouch~QView;~QMotionEvent;" StructureKind="java" NumEvents="19" CreationCount="93"/><InteractionEvent Delta="null" EndDate="2014-09-23 15:33:07.695 JST" Interest="1.0" Kind="selection" Navigation="null" OriginId="org.eclipse.jdt.ui.PackageExplorer" StartDate="2014-09-23 15:33:07.695 JST" StructureHandle="/SL3/res/layout/dlg_confirm_drop_table.xml" StructureKind="resource"/><InteractionEvent Delta="null" EndDate="2014-09-23 15:08:47.679 JST" Interest="1.0" Kind="selection" Navigation="null" OriginId="org.eclipse.ui.views.ContentOutline" StartDate="2014-09-23 15:08:47.679 JST" StructureHandle="=SL3/src&amp;lt;sl3.utils{Methods_dlg.java[Methods_dlg~dlg_template_okCancel_2Dialogues~QActivity;~I~I~I~I~QDialogTags;~QDialogTags;~QDialog;" StructureKind="java"/><InteractionEvent Delta="null" EndDate="2014-09-23 15:42:41.181 JST" Interest="24.016998" Kind="propagation" Navigation="org.eclipse.mylyn.core.model.edges.containment" OriginId="org.eclipse.mylyn.core.model.interest.propagation" StartDate="2014-09-23 15:09:10.301 JST" StructureHandle="/ShoppingList/src/sl/utils" StructureKind="resource" NumEvents="25" CreationCount="240"/><InteractionEvent Delta="null" EndDate="2014-09-23 15:42:54.16 JST" Interest="1.0" Kind="selection" Navigation="null" OriginId="org.eclipse.ui.views.ResourceNavigator" StartDate="2014-09-23 15:42:54.16 JST" StructureHandle="/IFM11/res/layout/add_memo_grid_view.xml" StructureKind="resource"/><InteractionEvent Delta="null" EndDate="2014-09-23 16:08:39.864 JST" Interest="9.0" Kind="selection" Navigation="null" OriginId="org.eclipse.jdt.ui.CompilationUnitEditor" StartDate="2014-09-23 15:51:38.168 JST" StructureHandle="=SL3/src&amp;lt;sl3.utils{DBUtils.java[DBUtils" StructureKind="java" NumEvents="9" CreationCount="877"/><InteractionEvent Delta="null" EndDate="2014-09-23 16:17:28.266 JST" Interest="133.11699" Kind="propagation" Navigation="org.eclipse.mylyn.core.model.edges.containment" OriginId="org.eclipse.mylyn.core.model.interest.propagation" StartDate="2014-09-23 15:51:40.862 JST" StructureHandle="=SL3/src&amp;lt;sl3.utils{DBUtils.java[DBUtils" StructureKind="java" NumEvents="187" CreationCount="877"/><InteractionEvent Delta="null" EndDate="2014-09-23 15:57:38.744 JST" Interest="1.0" Kind="edit" Navigation="null" OriginId="org.eclipse.jdt.ui.CompilationUnitEditor" StartDate="2014-09-23 15:57:38.744 JST" StructureHandle="=SL3/src&amp;lt;sl3.utils{DBUtils.java[DBUtils" StructureKind="java"/><InteractionEvent Delta="null" EndDate="2014-09-23 14:52:22.198 JST" Interest="1.0" Kind="propagation" Navigation="org.eclipse.mylyn.core.model.edges.containment" OriginId="org.eclipse.mylyn.core.model.interest.propagation" StartDate="2014-09-23 14:52:22.198 JST" StructureHandle="/SL3/src/sl/libs" StructureKind="resource"/><InteractionEvent Delta="null" EndDate="2014-09-23 15:42:41.181 JST" Interest="24.0" Kind="propagation" Navigation="null" OriginId="org.eclipse.jdt.ui.CompilationUnitEditor" StartDate="2014-09-23 15:09:12.475 JST" StructureHandle="/ShoppingList/src/sl/utils/Methods_dlg.java" StructureKind="resource" NumEvents="24" CreationCount="241"/><InteractionEvent Delta="null" EndDate="2014-09-23 16:20:07.941 JST" Interest="153.0" Kind="propagation" Navigation="null" OriginId="org.eclipse.jdt.ui.CompilationUnitEditor" StartDate="2014-09-23 15:35:47.13 JST" StructureHandle="/SL3/src/sl3/utils/Methods.java" StructureKind="resource" NumEvents="153" CreationCount="694"/><InteractionEvent Delta="null" EndDate="2014-09-23 15:09:06.921 JST" Interest="1.0" Kind="selection" Navigation="null" OriginId="org.eclipse.ui.views.ResourceNavigator" StartDate="2014-09-23 15:09:06.921 JST" StructureHandle="=ShoppingList/src" StructureKind="java"/><InteractionEvent Delta="null" EndDate="2014-09-23 15:42:41.182 JST" Interest="11.253" Kind="propagation" Navigation="org.eclipse.mylyn.core.model.edges.containment" OriginId="org.eclipse.mylyn.core.model.interest.propagation" StartDate="2014-09-23 15:09:08.300 JST" StructureHandle="=ShoppingList/src" StructureKind="java" NumEvents="17" CreationCount="237"/><InteractionEvent Delta="null" EndDate="2014-09-23 15:34:43.978 JST" Interest="8.0" Kind="selection" Navigation="null" OriginId="com.android.ide.eclipse.editors.CommonXmlEditor" StartDate="2014-09-23 15:32:14.47 JST" StructureHandle="/SL3/res/layout/dlg_input_empty__.xml" StructureKind="resource" NumEvents="8" CreationCount="631"/><InteractionEvent Delta="null" EndDate="2014-09-23 15:32:11.966 JST" Interest="1.0" Kind="propagation" Navigation="null" OriginId="org.eclipse.mylyn.resources.ui.interest.updater" StartDate="2014-09-23 15:32:11.966 JST" StructureHandle="/SL3/res/layout/dlg_input_empty__.xml" StructureKind="resource"/><InteractionEvent Delta="null" EndDate="2014-09-23 15:32:16.483 JST" Interest="2.0" Kind="edit" Navigation="null" OriginId="com.android.ide.eclipse.editors.CommonXmlEditor" StartDate="2014-09-23 15:32:14.790 JST" StructureHandle="/SL3/res/layout/dlg_input_empty__.xml" StructureKind="resource" NumEvents="2" CreationCount="631"/><InteractionEvent Delta="null" EndDate="2014-09-23 15:36:21.613 JST" Interest="22.0" Kind="selection" Navigation="null" OriginId="com.android.ide.eclipse.editors.CommonXmlEditor" StartDate="2014-09-23 15:30:07.702 JST" StructureHandle="/SL3/res/layout/dlg_input_empty.xml" StructureKind="resource" NumEvents="22" CreationCount="605"/><InteractionEvent Delta="null" EndDate="2014-09-23 15:36:36.917 JST" Interest="3.0" Kind="edit" Navigation="null" OriginId="com.android.ide.eclipse.editors.CommonXmlEditor" StartDate="2014-09-23 15:32:00.475 JST" StructureHandle="/SL3/res/layout/dlg_input_empty.xml" StructureKind="resource" NumEvents="3" CreationCount="605"/><InteractionEvent Delta="null" EndDate="2014-09-23 16:20:11.591 JST" Interest="1.0" Kind="propagation" Navigation="null" OriginId="org.eclipse.mylyn.resources.ui.interest.updater" StartDate="2014-09-23 16:20:11.591 JST" StructureHandle="/SL3/src/sl/main/ItemListActv.java" StructureKind="resource"/><InteractionEvent Delta="null" EndDate="2014-09-23 15:28:07.17 JST" Interest="72.0" Kind="propagation" Navigation="null" OriginId="org.eclipse.jdt.ui.CompilationUnitEditor" StartDate="2014-09-23 14:53:10.357 JST" StructureHandle="/SL3/src/sl/main/TabActv.java" StructureKind="resource" NumEvents="72" CreationCount="77"/><InteractionEvent Delta="null" EndDate="2014-09-23 16:20:11.591 JST" Interest="73.153" Kind="propagation" Navigation="org.eclipse.mylyn.core.model.edges.containment" OriginId="org.eclipse.mylyn.core.model.interest.propagation" StartDate="2014-09-23 14:52:22.198 JST" StructureHandle="/SL3/src/sl" StructureKind="resource" NumEvents="74" CreationCount="68"/><InteractionEvent Delta="null" EndDate="2014-09-23 15:26:36.554 JST" Interest="5.0" Kind="selection" Navigation="null" OriginId="org.eclipse.jdt.ui.CompilationUnitEditor" StartDate="2014-09-23 15:25:46.89 JST" StructureHandle="=SL3/src&amp;lt;sl.main{TabActv.java[TabActv~_SetupTabs__first" StructureKind="java" NumEvents="5" CreationCount="509"/><InteractionEvent Delta="null" EndDate="2014-09-23 15:26:27.26 JST" Interest="11.0" Kind="edit" Navigation="null" OriginId="org.eclipse.jdt.ui.CompilationUnitEditor" StartDate="2014-09-23 15:25:46.607 JST" StructureHandle="=SL3/src&amp;lt;sl.main{TabActv.java[TabActv~_SetupTabs__first" StructureKind="java" NumEvents="11" CreationCount="509"/><InteractionEvent Delta="null" EndDate="2014-09-23 15:09:10.301 JST" Interest="1.0" Kind="selection" Navigation="null" OriginId="org.eclipse.ui.views.ResourceNavigator" StartDate="2014-09-23 15:09:10.301 JST" StructureHandle="=ShoppingList/src&amp;lt;sl.utils" StructureKind="java"/><InteractionEvent Delta="null" EndDate="2014-09-23 15:42:41.55 JST" Interest="11.202" Kind="propagation" Navigation="org.eclipse.mylyn.core.model.edges.containment" OriginId="org.eclipse.mylyn.core.model.interest.propagation" StartDate="2014-09-23 15:09:12.476 JST" StructureHandle="=ShoppingList/src&amp;lt;sl.utils" StructureKind="java" NumEvents="16" CreationCount="240"/><InteractionEvent Delta="null" EndDate="2014-09-23 15:35:43.760 JST" Interest="1.0" Kind="selection" Navigation="null" OriginId="org.eclipse.jdt.ui.PackageExplorer" StartDate="2014-09-23 15:35:43.760 JST" StructureHandle="/SL3/res/layout/dlg_register_store.xml" StructureKind="resource"/><InteractionEvent Delta="null" EndDate="2014-09-23 16:06:20.208 JST" Interest="306.34302" Kind="propagation" Navigation="org.eclipse.mylyn.core.model.edges.containment" OriginId="org.eclipse.mylyn.core.model.interest.propagation" StartDate="2014-09-23 14:47:16.566 JST" StructureHandle="/SL3/src/sl3/listeners" StructureKind="resource" NumEvents="310" CreationCount="12"/><InteractionEvent Delta="null" EndDate="2014-09-23 16:00:37.231 JST" Interest="17.0" Kind="selection" Navigation="null" OriginId="org.eclipse.jdt.ui.CompilationUnitEditor" StartDate="2014-09-23 15:43:01.610 JST" StructureHandle="=IFM11/src&amp;lt;ifm11.tasks{Task_Search.java" StructureKind="java" NumEvents="17" CreationCount="817"/><InteractionEvent Delta="null" EndDate="2014-09-23 15:59:14.218 JST" Interest="41.268005" Kind="propagation" Navigation="org.eclipse.mylyn.core.model.edges.containment" OriginId="org.eclipse.mylyn.core.model.interest.propagation" StartDate="2014-09-23 15:43:06.390 JST" StructureHandle="=IFM11/src&amp;lt;ifm11.tasks{Task_Search.java" StructureKind="java" NumEvents="62" CreationCount="817"/><InteractionEvent Delta="null" EndDate="2014-09-23 15:42:41.54 JST" Interest="11.0" Kind="selection" Navigation="null" OriginId="org.eclipse.jdt.ui.CompilationUnitEditor" StartDate="2014-09-23 15:09:12.475 JST" StructureHandle="=ShoppingList/src&amp;lt;sl.utils{Methods_dlg.java" StructureKind="java" NumEvents="11" CreationCount="241"/><InteractionEvent Delta="null" EndDate="2014-09-23 15:09:23.272 JST" Interest="1.1849997" Kind="propagation" Navigation="org.eclipse.mylyn.core.model.edges.containment" OriginId="org.eclipse.mylyn.core.model.interest.propagation" StartDate="2014-09-23 15:09:22.439 JST" StructureHandle="=ShoppingList/src&amp;lt;sl.utils{Methods_dlg.java" StructureKind="java" NumEvents="2" CreationCount="241"/><InteractionEvent Delta="null" EndDate="2014-09-23 16:00:37.588 JST" Interest="140.051" Kind="propagation" Navigation="null" OriginId="org.eclipse.jdt.ui.CompilationUnitEditor" StartDate="2014-09-23 15:10:04.281 JST" StructureHandle="/IFM11/src" StructureKind="resource" NumEvents="143" CreationCount="253"/><InteractionEvent Delta="null" EndDate="2014-09-23 15:42:58.470 JST" Interest="1.0" Kind="selection" Navigation="null" OriginId="org.eclipse.ui.views.ResourceNavigator" StartDate="2014-09-23 15:42:58.470 JST" StructureHandle="=IFM11/src&amp;lt;ifm11.tasks" StructureKind="java"/><InteractionEvent Delta="null" EndDate="2014-09-23 16:00:37.588 JST" Interest="57.285007" Kind="propagation" Navigation="org.eclipse.mylyn.core.model.edges.containment" OriginId="org.eclipse.mylyn.core.model.interest.propagation" StartDate="2014-09-23 15:43:01.611 JST" StructureHandle="=IFM11/src&amp;lt;ifm11.tasks" StructureKind="java" NumEvents="82" CreationCount="816"/><InteractionEvent Delta="null" EndDate="2014-09-23 15:25:36.271 JST" Interest="7.0" Kind="selection" Navigation="null" OriginId="org.eclipse.ui.views.ContentOutline" StartDate="2014-09-23 14:53:17.730 JST" StructureHandle="=SL3/src&amp;lt;sl.main{TabActv.java[TabActv~onOptionsItemSelected~QMenuItem;" StructureKind="java" NumEvents="7" CreationCount="79"/><InteractionEvent Delta="null" EndDate="2014-09-23 15:25:18.796 JST" Interest="7.0" Kind="edit" Navigation="null" OriginId="org.eclipse.jdt.ui.CompilationUnitEditor" StartDate="2014-09-23 14:53:17.802 JST" StructureHandle="=SL3/src&amp;lt;sl.main{TabActv.java[TabActv~onOptionsItemSelected~QMenuItem;" StructureKind="java" NumEvents="7" CreationCount="79"/><InteractionEvent Delta="null" EndDate="2014-09-23 16:00:37.587 JST" Interest="107.571" Kind="propagation" Navigation="org.eclipse.mylyn.core.model.edges.containment" OriginId="org.eclipse.mylyn.core.model.interest.propagation" StartDate="2014-09-23 15:10:04.301 JST" StructureHandle="/IFM11/src/ifm11" StructureKind="resource" NumEvents="110" CreationCount="254"/><InteractionEvent Delta="null" EndDate="2014-09-23 15:10:17.362 JST" Interest="3.0" Kind="selection" Navigation="null" OriginId="org.eclipse.jdt.ui.CompilationUnitEditor" StartDate="2014-09-23 15:10:13.607 JST" StructureHandle="=IFM11/src&amp;lt;ifm11.utils{Methods_dlg.java[Methods_dlg~conf_DropCreate_TablePatterns~QActivity;~QDialog;~QDialog;" StructureKind="java" NumEvents="3" CreationCount="260"/><InteractionEvent Delta="null" EndDate="2014-09-23 16:20:12.949 JST" Interest="662.98596" Kind="propagation" Navigation="org.eclipse.mylyn.core.model.edges.containment" OriginId="org.eclipse.mylyn.core.model.interest.propagation" StartDate="2014-09-23 14:47:12.912 JST" StructureHandle="/SL3/src/sl3" StructureKind="resource" NumEvents="667" CreationCount="11"/><InteractionEvent Delta="null" EndDate="2014-09-23 15:08:01.778 JST" Interest="6.0" Kind="selection" Navigation="null" OriginId="org.eclipse.jdt.ui.CompilationUnitEditor" StartDate="2014-09-23 15:03:31.818 JST" StructureHandle="=SL3/src&amp;lt;sl3.utils{Methods_dlg.java[Methods_dlg~dlg_Tmpl_OkCancel~QActivity;~I~I~I~I~QDialogTags;~QDialogTags;" StructureKind="java" NumEvents="6" CreationCount="136"/><InteractionEvent Delta="null" EndDate="2014-09-23 15:07:43.586 JST" Interest="25.0" Kind="edit" Navigation="null" OriginId="org.eclipse.jdt.ui.CompilationUnitEditor" StartDate="2014-09-23 15:03:32.628 JST" StructureHandle="=SL3/src&amp;lt;sl3.utils{Methods_dlg.java[Methods_dlg~dlg_Tmpl_OkCancel~QActivity;~I~I~I~I~QDialogTags;~QDialogTags;" StructureKind="java" NumEvents="25" CreationCount="136"/><InteractionEvent Delta="null" EndDate="2014-09-23 15:42:41.182 JST" Interest="29.0" Kind="propagation" Navigation="null" OriginId="org.eclipse.jdt.ui.CompilationUnitEditor" StartDate="2014-09-23 15:09:04.422 JST" StructureHandle="/ShoppingList" StructureKind="resource" NumEvents="29" CreationCount="236"/><InteractionEvent Delta="null" EndDate="2014-09-23 15:10:04.280 JST" Interest="1.0" Kind="selection" Navigation="null" OriginId="org.eclipse.ui.views.ResourceNavigator" StartDate="2014-09-23 15:10:04.280 JST" StructureHandle="=IFM11/src" StructureKind="java"/><InteractionEvent Delta="null" EndDate="2014-09-23 16:00:37.588 JST" Interest="66.856" Kind="propagation" Navigation="org.eclipse.mylyn.core.model.edges.containment" OriginId="org.eclipse.mylyn.core.model.interest.propagation" StartDate="2014-09-23 15:10:04.301 JST" StructureHandle="=IFM11/src" StructureKind="java" NumEvents="100" CreationCount="253"/><InteractionEvent Delta="null" EndDate="2014-09-23 15:12:28.866 JST" Interest="2.0" Kind="selection" Navigation="null" OriginId="org.eclipse.ui.views.ContentOutline" StartDate="2014-09-23 15:12:27.152 JST" StructureHandle="=SL3/src&amp;lt;sl3.listeners.dialog{DB_OCL.java[DB_OCL~_case_case_DLG_SAVE_TOBUY_LIST_BT_OK_execute~QSpinner;~QString;~QString;" StructureKind="java" NumEvents="2" CreationCount="334"/><InteractionEvent Delta="null" EndDate="2014-09-23 15:07:11.701 JST" Interest="33.0" Kind="propagation" Navigation="null" OriginId="org.eclipse.jdt.ui.PackageExplorer" StartDate="2014-09-23 15:00:56.623 JST" StructureHandle="/SL3/src/sl3/listeners/dialog/DB_OTL.java" StructureKind="resource" NumEvents="33" CreationCount="91"/><InteractionEvent Delta="null" EndDate="2014-09-23 15:36:26.244 JST" Interest="2.0" Kind="selection" Navigation="null" OriginId="org.eclipse.ui.views.ContentOutline" StartDate="2014-09-23 15:35:52.171 JST" StructureHandle="=SL3/src&amp;lt;sl3.utils{Methods.java[Methods~dlg_input_empty~QActivity;~QDialog;" StructureKind="java" NumEvents="2" CreationCount="696"/><InteractionEvent Delta="null" EndDate="2014-09-23 15:36:21.395 JST" Interest="11.0" Kind="edit" Navigation="null" OriginId="org.eclipse.jdt.ui.CompilationUnitEditor" StartDate="2014-09-23 15:35:53.380 JST" StructureHandle="=SL3/src&amp;lt;sl3.utils{Methods.java[Methods~dlg_input_empty~QActivity;~QDialog;" StructureKind="java" NumEvents="11" CreationCount="696"/><InteractionEvent Delta="null" EndDate="2014-09-23 15:51:23.652 JST" Interest="1.0" Kind="selection" Navigation="null" OriginId="org.eclipse.jdt.ui.PackageExplorer" StartDate="2014-09-23 15:51:23.652 JST" StructureHandle="=SL3/src&amp;lt;sl3.listeners.dialog{DB_OCL.java[DB_OCL~case_dlg_edit_items_bt_ok" StructureKind="java"/><InteractionEvent Delta="null" EndDate="2014-09-23 16:00:37.587 JST" Interest="98.0" Kind="propagation" Navigation="null" OriginId="org.eclipse.jdt.ui.CompilationUnitEditor" StartDate="2014-09-23 15:43:01.610 JST" StructureHandle="/IFM11/src/ifm11/tasks/Task_Search.java" StructureKind="resource" NumEvents="98" CreationCount="817"/><InteractionEvent Delta="null" EndDate="2014-09-23 15:11:47.384 JST" Interest="4.0" Kind="selection" Navigation="null" OriginId="org.eclipse.jdt.ui.CompilationUnitEditor" StartDate="2014-09-23 15:10:36.20 JST" StructureHandle="=IFM11/src&amp;lt;ifm11.listeners.dialog{DB_OCL.java[DB_OCL~case_DLG_CREATE_DIR_OK" StructureKind="java" NumEvents="4" CreationCount="269"/><InteractionEvent Delta="null" EndDate="2014-09-23 15:10:37.473 JST" Interest="1.0" Kind="edit" Navigation="null" OriginId="org.eclipse.jdt.ui.CompilationUnitEditor" StartDate="2014-09-23 15:10:37.473 JST" StructureHandle="=IFM11/src&amp;lt;ifm11.listeners.dialog{DB_OCL.java[DB_OCL~case_DLG_CREATE_DIR_OK" StructureKind="java"/><InteractionEvent Delta="null" EndDate="2014-09-23 15:35:00.307 JST" Interest="4.0" Kind="selection" Navigation="null" OriginId="com.android.ide.eclipse.editors.CommonXmlEditor" StartDate="2014-09-23 15:33:12.801 JST" StructureHandle="/SL3/res/values/strings.xml" StructureKind="resource" NumEvents="4" CreationCount="649"/><InteractionEvent Delta="null" EndDate="2014-09-23 15:35:00.456 JST" Interest="17.0" Kind="edit" Navigation="null" OriginId="com.android.ide.eclipse.editors.CommonXmlEditor" StartDate="2014-09-23 15:33:13.950 JST" StructureHandle="/SL3/res/values/strings.xml" StructureKind="resource" NumEvents="17" CreationCount="649"/><InteractionEvent Delta="null" EndDate="2014-09-23 16:20:12.949 JST" Interest="662.98596" Kind="propagation" Navigation="null" OriginId="org.eclipse.jdt.ui.PackageExplorer" StartDate="2014-09-23 14:47:12.912 JST" StructureHandle="/SL3/src/sl3/utils" StructureKind="resource" NumEvents="663" CreationCount="11"/><InteractionEvent Delta="null" EndDate="2014-09-23 14:52:44.695 JST" Interest="1.0" Kind="selection" Navigation="null" OriginId="org.eclipse.ui.views.ContentOutline" StartDate="2014-09-23 14:52:44.695 JST" StructureHandle="=SL3/src&amp;lt;sl3.utils{Methods_dlg.java%sl3.utils" StructureKind="java"/><InteractionEvent Delta="null" EndDate="2014-09-23 15:56:09.593 JST" Interest="3.1" Kind="propagation" Navigation="org.eclipse.mylyn.core.model.edges.containment" OriginId="org.eclipse.mylyn.core.model.interest.propagation" StartDate="2014-09-23 15:56:04.460 JST" StructureHandle="=SL3/src&amp;lt;sl3.utils{CONS.java[CONS" StructureKind="java" NumEvents="4" CreationCount="1030"/><InteractionEvent Delta="null" EndDate="2014-09-23 15:11:47.384 JST" Interest="4.7" Kind="propagation" Navigation="org.eclipse.mylyn.core.model.edges.containment" OriginId="org.eclipse.mylyn.core.model.interest.propagation" StartDate="2014-09-23 15:10:36.21 JST" StructureHandle="=IFM11/src&amp;lt;ifm11.listeners.dialog{DB_OCL.java[DB_OCL" StructureKind="java" NumEvents="5" CreationCount="269"/><InteractionEvent Delta="null" EndDate="2014-09-23 15:31:10.852 JST" Interest="8.0" Kind="selection" Navigation="null" OriginId="org.eclipse.ui.views.ResourceNavigator" StartDate="2014-09-23 15:10:07.818 JST" StructureHandle="=IFM11/src&amp;lt;ifm11.utils{Methods_dlg.java" StructureKind="java" NumEvents="8" CreationCount="256"/><InteractionEvent Delta="null" EndDate="2014-09-23 15:13:56.384 JST" Interest="10.085" Kind="propagation" Navigation="org.eclipse.mylyn.core.model.edges.containment" OriginId="org.eclipse.mylyn.core.model.interest.propagation" StartDate="2014-09-23 15:10:12.474 JST" StructureHandle="=IFM11/src&amp;lt;ifm11.utils{Methods_dlg.java" StructureKind="java" NumEvents="18" CreationCount="256"/><InteractionEvent Delta="null" EndDate="2014-09-23 15:35:08.129 JST" Interest="4.0" Kind="selection" Navigation="null" OriginId="org.eclipse.jdt.ui.CompilationUnitEditor" StartDate="2014-09-23 15:27:22.114 JST" StructureHandle="=SL3/src&amp;lt;sl3.listeners{ItemSelectedListener.java[ItemSelectedListener~onItemSelected~QAdapterView\&amp;lt;*&amp;gt;;~QView;~I~J" StructureKind="java" NumEvents="4" CreationCount="551"/><InteractionEvent Delta="null" EndDate="2014-09-23 15:31:03.343 JST" Interest="16.0" Kind="edit" Navigation="null" OriginId="org.eclipse.jdt.ui.CompilationUnitEditor" StartDate="2014-09-23 15:27:25.167 JST" StructureHandle="=SL3/src&amp;lt;sl3.listeners{ItemSelectedListener.java[ItemSelectedListener~onItemSelected~QAdapterView\&amp;lt;*&amp;gt;;~QView;~I~J" StructureKind="java" NumEvents="16" CreationCount="551"/><InteractionEvent Delta="null" EndDate="2014-09-23 15:31:10.852 JST" Interest="33.017" Kind="propagation" Navigation="org.eclipse.mylyn.core.model.edges.containment" OriginId="org.eclipse.mylyn.core.model.interest.propagation" StartDate="2014-09-23 15:10:06.270 JST" StructureHandle="/IFM11/src/ifm11/utils" StructureKind="resource" NumEvents="34" CreationCount="255"/><InteractionEvent Delta="null" EndDate="2014-09-23 16:20:11.589 JST" Interest="1.0" Kind="prediction" Navigation="null" OriginId="org.eclipse.mylyn.resources.ui.interest.updater" StartDate="2014-09-23 16:20:11.589 JST" StructureHandle="=SL3/src&amp;lt;sl3.utils{Tags.java" StructureKind="java"/><InteractionEvent Delta="null" EndDate="2014-09-23 15:07:11.700 JST" Interest="6.0" Kind="selection" Navigation="null" OriginId="org.eclipse.jdt.ui.PackageExplorer" StartDate="2014-09-23 15:00:56.623 JST" StructureHandle="=SL3/src&amp;lt;sl3.listeners.dialog{DB_OTL.java" StructureKind="java" NumEvents="6" CreationCount="91"/><InteractionEvent Delta="null" EndDate="2014-09-23 15:03:18.515 JST" Interest="14.334" Kind="propagation" Navigation="org.eclipse.mylyn.core.model.edges.containment" OriginId="org.eclipse.mylyn.core.model.interest.propagation" StartDate="2014-09-23 15:01:01.153 JST" StructureHandle="=SL3/src&amp;lt;sl3.listeners.dialog{DB_OTL.java" StructureKind="java" NumEvents="22" CreationCount="91"/><InteractionEvent Delta="null" EndDate="2014-09-23 16:20:11.589 JST" Interest="1.0" Kind="prediction" Navigation="null" OriginId="org.eclipse.mylyn.resources.ui.interest.updater" StartDate="2014-09-23 16:20:11.589 JST" StructureHandle="=SL3/src&amp;lt;sl3.listeners.dialog{DB_OTL.java" StructureKind="java"/><InteractionEvent Delta="null" EndDate="2014-09-23 15:42:41.181 JST" Interest="24.050999" Kind="propagation" Navigation="org.eclipse.mylyn.core.model.edges.containment" OriginId="org.eclipse.mylyn.core.model.interest.propagation" StartDate="2014-09-23 15:09:08.300 JST" StructureHandle="/ShoppingList/src/sl" StructureKind="resource" NumEvents="27" CreationCount="238"/><InteractionEvent Delta="null" EndDate="2014-09-23 15:28:07.16 JST" Interest="7.0" Kind="selection" Navigation="null" OriginId="org.eclipse.jdt.ui.CompilationUnitEditor" StartDate="2014-09-23 15:25:37.383 JST" StructureHandle="=SL3/src&amp;lt;sl.main{TabActv.java[TabActv~_Setup_Listeners" StructureKind="java" NumEvents="7" CreationCount="508"/><InteractionEvent Delta="null" EndDate="2014-09-23 15:27:09.715 JST" Interest="18.0" Kind="edit" Navigation="null" OriginId="org.eclipse.jdt.ui.CompilationUnitEditor" StartDate="2014-09-23 15:26:37.10 JST" StructureHandle="=SL3/src&amp;lt;sl.main{TabActv.java[TabActv~_Setup_Listeners" StructureKind="java" NumEvents="18" CreationCount="508"/><InteractionEvent Delta="null" EndDate="2014-09-23 15:14:06.632 JST" Interest="4.0" Kind="propagation" Navigation="org.eclipse.mylyn.core.model.edges.containment" OriginId="org.eclipse.mylyn.core.model.interest.propagation" StartDate="2014-09-23 15:14:05.681 JST" StructureHandle="=SL3/src&amp;lt;sl3.utils{Methods_dlg.java#" StructureKind="java" NumEvents="4" CreationCount="402"/><InteractionEvent Delta="null" EndDate="2014-09-23 15:11:47.385 JST" Interest="7.0" Kind="propagation" Navigation="org.eclipse.mylyn.core.model.edges.containment" OriginId="org.eclipse.mylyn.core.model.interest.propagation" StartDate="2014-09-23 15:10:35.67 JST" StructureHandle="/IFM11/src/ifm11/listeners" StructureKind="resource" NumEvents="7" CreationCount="268"/><InteractionEvent Delta="null" EndDate="2014-09-23 15:31:27.890 JST" Interest="1.0" Kind="selection" Navigation="null" OriginId="org.eclipse.jdt.ui.PackageExplorer" StartDate="2014-09-23 15:31:27.890 JST" StructureHandle="/SL3/res/layout/dlg_db_admin.xml" StructureKind="resource"/><InteractionEvent Delta="null" EndDate="2014-09-23 15:52:32.173 JST" Interest="1.0" Kind="selection" Navigation="null" OriginId="org.eclipse.jdt.ui.CompilationUnitEditor" StartDate="2014-09-23 15:52:32.173 JST" StructureHandle="=SL3/src&amp;lt;sl3.utils{DBUtils.java#" StructureKind="java"/><InteractionEvent Delta="null" EndDate="2014-09-23 15:59:28.646 JST" Interest="3.9440002" Kind="propagation" Navigation="org.eclipse.mylyn.core.model.edges.containment" OriginId="org.eclipse.mylyn.core.model.interest.propagation" StartDate="2014-09-23 15:52:31.18 JST" StructureHandle="=SL3/src&amp;lt;sl3.utils{DBUtils.java#" StructureKind="java" NumEvents="2" CreationCount="908"/><InteractionEvent Delta="null" EndDate="2014-09-23 16:00:37.587 JST" Interest="98.017" Kind="propagation" Navigation="org.eclipse.mylyn.core.model.edges.containment" OriginId="org.eclipse.mylyn.core.model.interest.propagation" StartDate="2014-09-23 15:42:58.471 JST" StructureHandle="/IFM11/src/ifm11/tasks" StructureKind="resource" NumEvents="99" CreationCount="816"/><InteractionEvent Delta="null" EndDate="2014-09-23 15:12:20.115 JST" Interest="1.0" Kind="selection" Navigation="null" OriginId="org.eclipse.ui.views.ContentOutline" StartDate="2014-09-23 15:12:20.115 JST" StructureHandle="=SL3/src&amp;lt;sl3.listeners.dialog{DB_OCL.java[DB_OCL~DB_OCL~QActivity;~QDialog;~QDialog;~QSI;" StructureKind="java"/><InteractionEvent Delta="null" EndDate="2014-09-23 15:09:08.300 JST" Interest="1.0" Kind="selection" Navigation="null" OriginId="org.eclipse.ui.views.ResourceNavigator" StartDate="2014-09-23 15:09:08.300 JST" StructureHandle="=ShoppingList/src&amp;lt;sl" StructureKind="java"/><InteractionEvent Delta="null" EndDate="2014-09-23 15:10:06.270 JST" Interest="1.0" Kind="selection" Navigation="null" OriginId="org.eclipse.ui.views.ResourceNavigator" StartDate="2014-09-23 15:10:06.270 JST" StructureHandle="=IFM11/src&amp;lt;ifm11.utils" StructureKind="java"/><InteractionEvent Delta="null" EndDate="2014-09-23 15:31:10.853 JST" Interest="17.102001" Kind="propagation" Navigation="org.eclipse.mylyn.core.model.edges.containment" OriginId="org.eclipse.mylyn.core.model.interest.propagation" StartDate="2014-09-23 15:10:07.820 JST" StructureHandle="=IFM11/src&amp;lt;ifm11.utils" StructureKind="java" NumEvents="25" CreationCount="255"/><InteractionEvent Delta="null" EndDate="2014-09-23 15:52:21.326 JST" Interest="2.0" Kind="selection" Navigation="null" OriginId="org.eclipse.jdt.ui.CompilationUnitEditor" StartDate="2014-09-23 15:52:05.29 JST" StructureHandle="=SL3/src&amp;lt;sl3.utils{DBUtils.java[DBUtils~dropTable~QActivity;~QString;~QString;" StructureKind="java" NumEvents="2" CreationCount="884"/><InteractionEvent Delta="null" EndDate="2014-09-23 15:52:07.599 JST" Interest="2.0" Kind="edit" Navigation="null" OriginId="org.eclipse.jdt.ui.CompilationUnitEditor" StartDate="2014-09-23 15:52:06.872 JST" StructureHandle="=SL3/src&amp;lt;sl3.utils{DBUtils.java[DBUtils~dropTable~QActivity;~QString;~QString;" StructureKind="java" NumEvents="2" CreationCount="884"/><InteractionEvent Delta="null" EndDate="2014-09-23 16:20:12.948 JST" Interest="251.0" Kind="propagation" Navigation="null" OriginId="org.eclipse.jdt.ui.PackageExplorer" StartDate="2014-09-23 15:51:31.491 JST" StructureHandle="/SL3/src/sl3/utils/DBUtils.java" StructureKind="resource" NumEvents="251" CreationCount="873"/><InteractionEvent Delta="null" EndDate="2014-09-23 14:48:21.475 JST" Interest="6.0" Kind="selection" Navigation="null" OriginId="com.android.ide.eclipse.editors.CommonXmlEditor" StartDate="2014-09-23 14:47:03.625 JST" StructureHandle="/SL3/res/menu/actv_tab_1.xml" StructureKind="resource" NumEvents="6" CreationCount="6"/><InteractionEvent Delta="null" EndDate="2014-09-23 16:20:08.481 JST" Interest="1.0" Kind="prediction" Navigation="null" OriginId="org.eclipse.mylyn.resources.ui.interest.updater" StartDate="2014-09-23 16:20:08.481 JST" StructureHandle="/SL3/res/menu/actv_tab_1.xml" StructureKind="resource"/><InteractionEvent Delta="null" EndDate="2014-09-23 14:48:23.966 JST" Interest="9.0" Kind="edit" Navigation="null" OriginId="com.android.ide.eclipse.editors.CommonXmlEditor" StartDate="2014-09-23 14:47:07.893 JST" StructureHandle="/SL3/res/menu/actv_tab_1.xml" StructureKind="resource" NumEvents="9" CreationCount="6"/><InteractionEvent Delta="null" EndDate="2014-09-23 15:42:55.300 JST" Interest="3.0" Kind="selection" Navigation="null" OriginId="org.eclipse.ui.views.ResourceNavigator" StartDate="2014-09-23 15:10:02.922 JST" StructureHandle="/IFM11/res" StructureKind="resource" NumEvents="3" CreationCount="252"/><InteractionEvent Delta="null" EndDate="2014-09-23 15:42:54.705 JST" Interest="10.051001" Kind="propagation" Navigation="org.eclipse.mylyn.core.model.edges.containment" OriginId="org.eclipse.mylyn.core.model.interest.propagation" StartDate="2014-09-23 15:31:16.889 JST" StructureHandle="/IFM11/res" StructureKind="resource" NumEvents="12" CreationCount="252"/><InteractionEvent Delta="null" EndDate="2014-09-23 15:31:14.938 JST" Interest="5.1540003" Kind="manipulation" Navigation="null" OriginId="org.eclipse.mylyn.core.model.interest.decay.correction" StartDate="2014-09-23 15:31:14.938 JST" StructureHandle="/IFM11/res" StructureKind="resource"/><InteractionEvent Delta="null" EndDate="2014-09-23 15:56:03.464 JST" Interest="4.0" Kind="selection" Navigation="null" OriginId="org.eclipse.jdt.ui.CompilationUnitEditor" StartDate="2014-09-23 15:51:30.146 JST" StructureHandle="=SL3/src&amp;lt;sl3.utils{CONS.java" StructureKind="java" NumEvents="4" CreationCount="871"/><InteractionEvent Delta="null" EndDate="2014-09-23 15:56:09.593 JST" Interest="1.803" Kind="propagation" Navigation="org.eclipse.mylyn.core.model.edges.containment" OriginId="org.eclipse.mylyn.core.model.interest.propagation" StartDate="2014-09-23 15:56:06.312 JST" StructureHandle="=SL3/src&amp;lt;sl3.utils{CONS.java" StructureKind="java" NumEvents="3" CreationCount="871"/><InteractionEvent Delta="null" EndDate="2014-09-23 16:20:11.589 JST" Interest="1.0" Kind="prediction" Navigation="null" OriginId="org.eclipse.mylyn.resources.ui.interest.updater" StartDate="2014-09-23 16:20:11.589 JST" StructureHandle="=SL3/src&amp;lt;sl3.utils{CONS.java" StructureKind="java"/><InteractionEvent Delta="null" EndDate="2014-09-23 15:35:08.24 JST" Interest="4.0" Kind="selection" Navigation="null" OriginId="org.eclipse.jdt.ui.CompilationUnitEditor" StartDate="2014-09-23 15:27:20.31 JST" StructureHandle="=SL3/src&amp;lt;sl3.listeners{ItemSelectedListener.java" StructureKind="java" NumEvents="4" CreationCount="550"/><InteractionEvent Delta="null" EndDate="2014-09-23 15:31:03.345 JST" Interest="11.217" Kind="propagation" Navigation="org.eclipse.mylyn.core.model.edges.containment" OriginId="org.eclipse.mylyn.core.model.interest.propagation" StartDate="2014-09-23 15:27:22.115 JST" StructureHandle="=SL3/src&amp;lt;sl3.listeners{ItemSelectedListener.java" StructureKind="java" NumEvents="17" CreationCount="550"/><InteractionEvent Delta="null" EndDate="2014-09-23 16:00:37.589 JST" Interest="160.0" Kind="propagation" Navigation="null" OriginId="org.eclipse.jdt.ui.CompilationUnitEditor" StartDate="2014-09-23 15:10:00.191 JST" StructureHandle="/IFM11" StructureKind="resource" NumEvents="160" CreationCount="251"/><InteractionEvent Delta="null" EndDate="2014-09-23 15:59:38.550 JST" Interest="3.0" Kind="selection" Navigation="null" OriginId="org.eclipse.jdt.ui.CompilationUnitEditor" StartDate="2014-09-23 15:59:38.395 JST" StructureHandle="=SL3/src&amp;lt;sl3.utils{DBUtils.java[DBUtils~find_ALL_SIs~QActivity;" StructureKind="java" NumEvents="3" CreationCount="1146"/><InteractionEvent Delta="null" EndDate="2014-09-23 15:59:55.618 JST" Interest="10.0" Kind="edit" Navigation="null" OriginId="org.eclipse.jdt.ui.CompilationUnitEditor" StartDate="2014-09-23 15:59:39.19 JST" StructureHandle="=SL3/src&amp;lt;sl3.utils{DBUtils.java[DBUtils~find_ALL_SIs~QActivity;" StructureKind="java" NumEvents="10" CreationCount="1146"/><InteractionEvent Delta="null" EndDate="2014-09-23 15:12:24.387 JST" Interest="1.0" Kind="selection" Navigation="null" OriginId="org.eclipse.jdt.ui.CompilationUnitEditor" StartDate="2014-09-23 15:12:24.387 JST" StructureHandle="=SL3/src&amp;lt;sl3.listeners.dialog{DB_OCL.java[DB_OCL~DB_OCL~QActivity;~QDialog;~QDialog;" StructureKind="java"/><InteractionEvent Delta="null" EndDate="2014-09-23 15:51:24.389 JST" Interest="1.0" Kind="selection" Navigation="null" OriginId="org.eclipse.jdt.ui.PackageExplorer" StartDate="2014-09-23 15:51:24.389 JST" StructureHandle="=SL3/src&amp;lt;sl3.listeners.dialog{DB_OCL.java[DB_OCL" StructureKind="java"/><InteractionEvent Delta="null" EndDate="2014-09-23 16:06:20.208 JST" Interest="160.37999" Kind="propagation" Navigation="org.eclipse.mylyn.core.model.edges.containment" OriginId="org.eclipse.mylyn.core.model.interest.propagation" StartDate="2014-09-23 15:07:13.743 JST" StructureHandle="=SL3/src&amp;lt;sl3.listeners.dialog{DB_OCL.java[DB_OCL" StructureKind="java" NumEvents="218" CreationCount="179"/><InteractionEvent Delta="null" EndDate="2014-09-23 15:31:10.852 JST" Interest="33.0" Kind="propagation" Navigation="null" OriginId="org.eclipse.ui.views.ResourceNavigator" StartDate="2014-09-23 15:10:07.818 JST" StructureHandle="/IFM11/src/ifm11/utils/Methods_dlg.java" StructureKind="resource" NumEvents="33" CreationCount="256"/><InteractionEvent Delta="null" EndDate="2014-09-23 15:09:20.162 JST" Interest="1.0" Kind="selection" Navigation="null" OriginId="org.eclipse.ui.views.ContentOutline" StartDate="2014-09-23 15:09:20.162 JST" StructureHandle="=ShoppingList/src&amp;lt;sl.utils{Methods_dlg.java[Methods_dlg~dlg_tabActv_adminDb~QActivity;" StructureKind="java"/><InteractionEvent Delta="null" EndDate="2014-09-23 14:46:39.398 JST" Interest="1.0" Kind="selection" Navigation="null" OriginId="org.eclipse.ui.views.ResourceNavigator" StartDate="2014-09-23 14:46:39.398 JST" StructureHandle="=TA2" StructureKind="java"/><InteractionEvent Delta="null" EndDate="2014-09-23 15:59:38.520 JST" Interest="3.0" Kind="selection" Navigation="null" OriginId="org.eclipse.jdt.ui.CompilationUnitEditor" StartDate="2014-09-23 15:59:37.101 JST" StructureHandle="=SL3/src&amp;lt;sl3.utils{DBUtils.java[DBUtils~_update_SIs_Num__CV~QSI;" StructureKind="java" NumEvents="3" CreationCount="1145"/><InteractionEvent Delta="null" EndDate="2014-09-23 15:12:21.142 JST" Interest="1.0" Kind="selection" Navigation="null" OriginId="org.eclipse.ui.views.ContentOutline" StartDate="2014-09-23 15:12:21.142 JST" StructureHandle="=SL3/src&amp;lt;sl3.listeners.dialog{DB_OCL.java[DB_OCL~DB_OCL~QActivity;~QDialog;" StructureKind="java"/><InteractionEvent Delta="null" EndDate="2014-09-23 15:12:23.697 JST" Interest="2.0" Kind="edit" Navigation="null" OriginId="org.eclipse.jdt.ui.CompilationUnitEditor" StartDate="2014-09-23 15:12:23.678 JST" StructureHandle="=SL3/src&amp;lt;sl3.listeners.dialog{DB_OCL.java[DB_OCL~DB_OCL~QActivity;~QDialog;" StructureKind="java" NumEvents="2" CreationCount="330"/><InteractionEvent Delta="null" EndDate="2014-09-23 15:51:28.274 JST" Interest="2.0" Kind="selection" Navigation="null" OriginId="org.eclipse.jdt.ui.PackageExplorer" StartDate="2014-09-23 14:47:12.912 JST" StructureHandle="=SL3/src&amp;lt;sl3.utils" StructureKind="java" NumEvents="2" CreationCount="11"/><InteractionEvent Delta="null" EndDate="2014-09-23 16:20:12.948 JST" Interest="156.53899" Kind="propagation" Navigation="org.eclipse.mylyn.core.model.edges.containment" OriginId="org.eclipse.mylyn.core.model.interest.propagation" StartDate="2014-09-23 14:52:38.269 JST" StructureHandle="=SL3/src&amp;lt;sl3.utils" StructureKind="java" NumEvents="225" CreationCount="11"/><InteractionEvent Delta="null" EndDate="2014-09-23 14:46:57.476 JST" Interest="1.0" Kind="selection" Navigation="null" OriginId="org.eclipse.jdt.ui.PackageExplorer" StartDate="2014-09-23 14:46:57.476 JST" StructureHandle="/SL3/assets" StructureKind="resource"/><InteractionEvent Delta="null" EndDate="2014-09-23 15:07:59.140 JST" Interest="1.0" Kind="selection" Navigation="null" OriginId="org.eclipse.jdt.ui.CompilationUnitEditor" StartDate="2014-09-23 15:07:59.140 JST" StructureHandle="=SL3/src&amp;lt;sl3.utils{Methods_dlg.java[Methods_dlg~_dlg_saveToBuyList__Adapter~QActivity;" StructureKind="java"/><InteractionEvent Delta="null" EndDate="2014-09-23 14:52:22.198 JST" Interest="1.0" Kind="selection" Navigation="null" OriginId="org.eclipse.jdt.ui.PackageExplorer" StartDate="2014-09-23 14:52:22.198 JST" StructureHandle="=SL3/src&amp;lt;sl.libs.douglascrockford" StructureKind="java"/><InteractionEvent Delta="null" EndDate="2014-09-23 14:52:13.466 JST" Interest="2.0" Kind="selection" Navigation="null" OriginId="org.eclipse.jdt.ui.CompilationUnitEditor" StartDate="2014-09-23 14:47:28.758 JST" StructureHandle="=SL3/src&amp;lt;sl3.listeners{TCL.java[TCL~_onTabChanged__ChangeItems__ToFirst" StructureKind="java" NumEvents="2" CreationCount="17"/><InteractionEvent Delta="null" EndDate="2014-09-23 14:52:20.900 JST" Interest="35.0" Kind="edit" Navigation="null" OriginId="org.eclipse.jdt.ui.CompilationUnitEditor" StartDate="2014-09-23 14:47:30.347 JST" StructureHandle="=SL3/src&amp;lt;sl3.listeners{TCL.java[TCL~_onTabChanged__ChangeItems__ToFirst" StructureKind="java" NumEvents="35" CreationCount="17"/><InteractionEvent Delta="null" EndDate="2014-09-23 15:35:08.130 JST" Interest="24.0" Kind="propagation" Navigation="null" OriginId="org.eclipse.jdt.ui.CompilationUnitEditor" StartDate="2014-09-23 15:27:20.31 JST" StructureHandle="/SL3/src/sl3/listeners/ItemSelectedListener.java" StructureKind="resource" NumEvents="24" CreationCount="550"/><InteractionEvent Delta="null" EndDate="2014-09-23 15:12:33.385 JST" Interest="1.0" Kind="selection" Navigation="null" OriginId="org.eclipse.ui.views.ContentOutline" StartDate="2014-09-23 15:12:33.385 JST" StructureHandle="=SL3/src&amp;lt;sl3.listeners.dialog{DB_OCL.java[DB_OCL~case_ACTV_TAB_OPT_INSERT_NUM_SI" StructureKind="java"/><InteractionEvent Delta="null" EndDate="2014-09-23 15:08:09.929 JST" Interest="4.0" Kind="selection" Navigation="null" OriginId="org.eclipse.jdt.ui.CompilationUnitEditor" StartDate="2014-09-23 15:07:13.743 JST" StructureHandle="=SL3/src&amp;lt;sl3.listeners.dialog{DB_OCL.java[DB_OCL^ps" StructureKind="java" NumEvents="4" CreationCount="179"/><InteractionEvent Delta="null" EndDate="2014-09-23 15:54:20.399 JST" Interest="248.0" Kind="propagation" Navigation="null" OriginId="org.eclipse.jdt.ui.CompilationUnitEditor" StartDate="2014-09-23 14:52:38.268 JST" StructureHandle="/SL3/src/sl3/utils/Methods_dlg.java" StructureKind="resource" NumEvents="248" CreationCount="69"/><InteractionEvent Delta="null" EndDate="2014-09-23 15:09:04.422 JST" Interest="1.0" Kind="selection" Navigation="null" OriginId="org.eclipse.ui.views.ResourceNavigator" StartDate="2014-09-23 15:09:04.422 JST" StructureHandle="=ShoppingList" StructureKind="java"/><InteractionEvent Delta="null" EndDate="2014-09-23 15:42:41.181 JST" Interest="23.085" Kind="propagation" Navigation="org.eclipse.mylyn.core.model.edges.containment" OriginId="org.eclipse.mylyn.core.model.interest.propagation" StartDate="2014-09-23 15:09:06.922 JST" StructureHandle="=ShoppingList" StructureKind="resource" NumEvents="28" CreationCount="236"/><InteractionEvent Delta="null" EndDate="2014-09-23 15:54:19.991 JST" Interest="25.0" Kind="selection" Navigation="null" OriginId="org.eclipse.jdt.ui.CompilationUnitEditor" StartDate="2014-09-23 14:52:38.268 JST" StructureHandle="=SL3/src&amp;lt;sl3.utils{Methods_dlg.java" StructureKind="java" NumEvents="25" CreationCount="69"/><InteractionEvent Delta="null" EndDate="2014-09-23 15:37:46.122 JST" Interest="45.063" Kind="propagation" Navigation="org.eclipse.mylyn.core.model.edges.containment" OriginId="org.eclipse.mylyn.core.model.interest.propagation" StartDate="2014-09-23 14:52:44.696 JST" StructureHandle="=SL3/src&amp;lt;sl3.utils{Methods_dlg.java" StructureKind="java" NumEvents="68" CreationCount="69"/><InteractionEvent Delta="null" EndDate="2014-09-23 15:15:00.693 JST" Interest="1.0" Kind="edit" Navigation="null" OriginId="org.eclipse.jdt.ui.CompilationUnitEditor" StartDate="2014-09-23 15:15:00.693 JST" StructureHandle="=SL3/src&amp;lt;sl3.utils{Methods_dlg.java" StructureKind="java"/><InteractionEvent Delta="null" EndDate="2014-09-23 14:49:00.318 JST" Interest="5.0" Kind="selection" Navigation="null" OriginId="org.eclipse.jdt.ui.PackageExplorer" StartDate="2014-09-23 14:47:20.226 JST" StructureHandle="=SL3/src&amp;lt;sl3.listeners{TCL.java" StructureKind="java" NumEvents="5" CreationCount="13"/><InteractionEvent Delta="null" EndDate="2014-09-23 14:52:20.902 JST" Interest="21.567999" Kind="propagation" Navigation="org.eclipse.mylyn.core.model.edges.containment" OriginId="org.eclipse.mylyn.core.model.interest.propagation" StartDate="2014-09-23 14:47:24.592 JST" StructureHandle="=SL3/src&amp;lt;sl3.listeners{TCL.java" StructureKind="java" NumEvents="34" CreationCount="13"/><InteractionEvent Delta="null" EndDate="2014-09-23 15:42:41.180 JST" Interest="6.0" Kind="selection" Navigation="null" OriginId="org.eclipse.jdt.ui.CompilationUnitEditor" StartDate="2014-09-23 15:13:12.677 JST" StructureHandle="=ShoppingList/src&amp;lt;sl.utils{Methods_dlg.java[Methods_dlg" StructureKind="java" NumEvents="6" CreationCount="244"/><InteractionEvent Delta="null" EndDate="2014-09-23 15:13:09.783 JST" Interest="4.134" Kind="propagation" Navigation="org.eclipse.mylyn.core.model.edges.containment" OriginId="org.eclipse.mylyn.core.model.interest.propagation" StartDate="2014-09-23 15:09:16.90 JST" StructureHandle="=ShoppingList/src&amp;lt;sl.utils{Methods_dlg.java[Methods_dlg" StructureKind="java" NumEvents="7" CreationCount="244"/><InteractionEvent Delta="null" EndDate="2014-09-23 15:42:41.180 JST" Interest="0.43700027" Kind="manipulation" Navigation="null" OriginId="org.eclipse.mylyn.core.model.interest.decay.correction" StartDate="2014-09-23 15:42:41.180 JST" StructureHandle="=ShoppingList/src&amp;lt;sl.utils{Methods_dlg.java[Methods_dlg" StructureKind="java"/><InteractionEvent Delta="null" EndDate="2014-09-23 15:09:16.90 JST" Interest="1.0" Kind="selection" Navigation="null" OriginId="org.eclipse.ui.views.ContentOutline" StartDate="2014-09-23 15:09:16.90 JST" StructureHandle="=ShoppingList/src&amp;lt;sl.utils{Methods_dlg.java[Methods_dlg~dlg_SortList~QActivity;" StructureKind="java"/><InteractionEvent Delta="null" EndDate="2014-09-23 16:06:20.210 JST" Interest="306.0" Kind="propagation" Navigation="null" OriginId="org.eclipse.jdt.ui.CompilationUnitEditor" StartDate="2014-09-23 15:00:56.623 JST" StructureHandle="/SL3/src/sl3/listeners/dialog" StructureKind="resource" NumEvents="306" CreationCount="91"/><InteractionEvent Delta="null" EndDate="2014-09-23 15:09:09.557 JST" Interest="1.0" Kind="propagation" Navigation="null" OriginId="org.eclipse.ui.views.ResourceNavigator" StartDate="2014-09-23 15:09:09.557 JST" StructureHandle="/ShoppingList/src/sl/tasks" StructureKind="resource"/><InteractionEvent Delta="null" EndDate="2014-09-23 15:13:52.285 JST" Interest="9.0" Kind="selection" Navigation="null" OriginId="org.eclipse.jdt.ui.CompilationUnitEditor" StartDate="2014-09-23 15:10:17.261 JST" StructureHandle="=IFM11/src&amp;lt;ifm11.utils{Methods_dlg.java[Methods_dlg~dlg_IsEmpty~QActivity;~QDialog;" StructureKind="java" NumEvents="9" CreationCount="261"/><InteractionEvent Delta="null" EndDate="2014-09-23 15:13:56.383 JST" Interest="10.0" Kind="edit" Navigation="null" OriginId="org.eclipse.jdt.ui.CompilationUnitEditor" StartDate="2014-09-23 15:10:18.432 JST" StructureHandle="=IFM11/src&amp;lt;ifm11.utils{Methods_dlg.java[Methods_dlg~dlg_IsEmpty~QActivity;~QDialog;" StructureKind="java" NumEvents="10" CreationCount="261"/><InteractionEvent Delta="null" EndDate="2014-09-23 14:46:58.841 JST" Interest="1.0" Kind="selection" Navigation="null" OriginId="org.eclipse.jdt.ui.PackageExplorer" StartDate="2014-09-23 14:46:58.841 JST" StructureHandle="/SL3/res" StructureKind="resource"/><InteractionEvent Delta="null" EndDate="2014-09-23 15:36:36.917 JST" Interest="33.317" Kind="propagation" Navigation="org.eclipse.mylyn.core.model.edges.containment" OriginId="org.eclipse.mylyn.core.model.interest.propagation" StartDate="2014-09-23 14:47:00.706 JST" StructureHandle="/SL3/res" StructureKind="resource" NumEvents="39" CreationCount="4"/><InteractionEvent Delta="null" EndDate="2014-09-23 14:46:39.398 JST" Interest="1.0" Kind="propagation" Navigation="null" OriginId="org.eclipse.ui.views.ResourceNavigator" StartDate="2014-09-23 14:46:39.398 JST" StructureHandle="/TA2" StructureKind="resource"/><InteractionEvent Delta="null" EndDate="2014-09-23 15:01:01.152 JST" Interest="1.0" Kind="selection" Navigation="null" OriginId="org.eclipse.jdt.ui.CompilationUnitEditor" StartDate="2014-09-23 15:01:01.152 JST" StructureHandle="=SL3/src&amp;lt;sl3.listeners.dialog{DB_OTL.java[DB_OTL^actv" StructureKind="java"/><InteractionEvent Delta="null" EndDate="2014-09-23 16:20:12.949 JST" Interest="1111.187" Kind="propagation" Navigation="null" OriginId="org.eclipse.jdt.ui.PackageExplorer" StartDate="2014-09-23 14:46:42.934 JST" StructureHandle="/SL3/src" StructureKind="resource" NumEvents="1114" CreationCount="2"/><InteractionEvent Delta="null" EndDate="2014-09-23 15:34:01.770 JST" Interest="1.0" Kind="selection" Navigation="null" OriginId="org.eclipse.jdt.ui.PackageExplorer" StartDate="2014-09-23 15:34:01.770 JST" StructureHandle="/SL3/res/layout/main_pref.xml" StructureKind="resource"/><InteractionEvent Delta="null" EndDate="2014-09-23 15:33:10.342 JST" Interest="1.0" Kind="selection" Navigation="null" OriginId="org.eclipse.jdt.ui.PackageExplorer" StartDate="2014-09-23 15:33:10.342 JST" StructureHandle="/SL3/res/raw" StructureKind="resource"/><InteractionEvent Delta="null" EndDate="2014-09-23 16:03:58.78 JST" Interest="23.0" Kind="selection" Navigation="null" OriginId="org.eclipse.jdt.ui.CompilationUnitEditor" StartDate="2014-09-23 15:07:12.157 JST" StructureHandle="=SL3/src&amp;lt;sl3.listeners.dialog{DB_OCL.java" StructureKind="java" NumEvents="23" CreationCount="178"/><InteractionEvent Delta="null" EndDate="2014-09-23 16:06:20.209 JST" Interest="138.39699" Kind="propagation" Navigation="org.eclipse.mylyn.core.model.edges.containment" OriginId="org.eclipse.mylyn.core.model.interest.propagation" StartDate="2014-09-23 15:07:13.744 JST" StructureHandle="=SL3/src&amp;lt;sl3.listeners.dialog{DB_OCL.java" StructureKind="java" NumEvents="206" CreationCount="178"/><InteractionEvent Delta="null" EndDate="2014-09-23 15:40:48.482 JST" Interest="2.0" Kind="selection" Navigation="null" OriginId="org.eclipse.jdt.ui.CompilationUnitEditor" StartDate="2014-09-23 15:08:12.649 JST" StructureHandle="=SL3/src&amp;lt;sl3.listeners.dialog{DB_OCL.java[DB_OCL~onClick~QView;" StructureKind="java" NumEvents="2" CreationCount="211"/><InteractionEvent Delta="null" EndDate="2014-09-23 15:40:48.482 JST" Interest="3.6540008" Kind="manipulation" Navigation="null" OriginId="org.eclipse.mylyn.core.model.interest.decay.correction" StartDate="2014-09-23 15:40:48.482 JST" StructureHandle="=SL3/src&amp;lt;sl3.listeners.dialog{DB_OCL.java[DB_OCL~onClick~QView;" StructureKind="java"/><InteractionEvent Delta="null" EndDate="2014-09-23 15:08:23.998 JST" Interest="7.0" Kind="edit" Navigation="null" OriginId="org.eclipse.jdt.ui.CompilationUnitEditor" StartDate="2014-09-23 15:08:13.151 JST" StructureHandle="=SL3/src&amp;lt;sl3.listeners.dialog{DB_OCL.java[DB_OCL~onClick~QView;" StructureKind="java" NumEvents="7" CreationCount="211"/><InteractionEvent Delta="null" EndDate="2014-09-23 15:56:09.592 JST" Interest="3.1" Kind="propagation" Navigation="org.eclipse.mylyn.core.model.edges.containment" OriginId="org.eclipse.mylyn.core.model.interest.propagation" StartDate="2014-09-23 15:56:04.460 JST" StructureHandle="=SL3/src&amp;lt;sl3.utils{CONS.java[CONS[DB" StructureKind="java" NumEvents="4" CreationCount="1030"/><InteractionEvent Delta="null" EndDate="2014-09-23 15:35:49.717 JST" Interest="1.0" Kind="selection" Navigation="null" OriginId="org.eclipse.ui.views.ContentOutline" StartDate="2014-09-23 15:35:49.717 JST" StructureHandle="=SL3/src&amp;lt;sl3.utils{Methods.java%sl3.utils" StructureKind="java"/><InteractionEvent Delta="null" EndDate="2014-09-23 16:11:26.199 JST" Interest="9.0" Kind="prediction" Navigation="null" OriginId="org.eclipse.mylyn.resources.ui.interest.updater" StartDate="2014-09-23 14:49:04.673 JST" StructureHandle="/SL3/bin/SL3.apk" StructureKind="resource" NumEvents="9" CreationCount="64"/><InteractionEvent Delta="null" EndDate="2014-09-23 15:28:06.597 JST" Interest="16.0" Kind="selection" Navigation="null" OriginId="org.eclipse.jdt.ui.CompilationUnitEditor" StartDate="2014-09-23 14:53:10.356 JST" StructureHandle="=SL3/src&amp;lt;sl.main{TabActv.java" StructureKind="java" NumEvents="16" CreationCount="77"/><InteractionEvent Delta="null" EndDate="2014-09-23 15:27:09.717 JST" Interest="10.927001" Kind="propagation" Navigation="org.eclipse.mylyn.core.model.edges.containment" OriginId="org.eclipse.mylyn.core.model.interest.propagation" StartDate="2014-09-23 14:53:13.813 JST" StructureHandle="=SL3/src&amp;lt;sl.main{TabActv.java" StructureKind="java" NumEvents="18" CreationCount="77"/><InteractionEvent Delta="null" EndDate="2014-09-23 15:42:41.181 JST" Interest="24.067999" Kind="propagation" Navigation="org.eclipse.mylyn.core.model.edges.containment" OriginId="org.eclipse.mylyn.core.model.interest.propagation" StartDate="2014-09-23 15:09:06.921 JST" StructureHandle="/ShoppingList/src" StructureKind="resource" NumEvents="28" CreationCount="237"/><InteractionEvent Delta="null" EndDate="2014-09-23 15:31:13.304 JST" Interest="2.0" Kind="selection" Navigation="null" OriginId="org.eclipse.ui.views.ResourceNavigator" StartDate="2014-09-23 15:10:04.301 JST" StructureHandle="=IFM11/src&amp;lt;ifm11" StructureKind="java" NumEvents="2" CreationCount="254"/><InteractionEvent Delta="null" EndDate="2014-09-23 15:31:13.304 JST" Interest="5.103" Kind="manipulation" Navigation="null" OriginId="org.eclipse.mylyn.core.model.interest.decay.correction" StartDate="2014-09-23 15:31:13.304 JST" StructureHandle="=IFM11/src&amp;lt;ifm11" StructureKind="java"/><InteractionEvent Delta="null" EndDate="2014-09-23 15:50:34.848 JST" Interest="1.0" Kind="selection" Navigation="null" OriginId="org.eclipse.jdt.ui.CompilationUnitEditor" StartDate="2014-09-23 15:50:34.848 JST" StructureHandle="=SL3/src&amp;lt;sl3.utils{Methods.java[Methods~getTableSize~QActivity;~QString;~QString;" StructureKind="java"/><InteractionEvent Delta="null" EndDate="2014-09-23 15:50:46.353 JST" Interest="2.0" Kind="edit" Navigation="null" OriginId="org.eclipse.jdt.ui.CompilationUnitEditor" StartDate="2014-09-23 15:50:44.670 JST" StructureHandle="=SL3/src&amp;lt;sl3.utils{Methods.java[Methods~getTableSize~QActivity;~QString;~QString;" StructureKind="java" NumEvents="2" CreationCount="846"/><InteractionEvent Delta="null" EndDate="2014-09-23 15:11:47.385 JST" Interest="7.0" Kind="propagation" Navigation="null" OriginId="org.eclipse.jdt.ui.CompilationUnitEditor" StartDate="2014-09-23 15:10:35.66 JST" StructureHandle="/IFM11/src/ifm11/listeners/dialog/DB_OCL.java" StructureKind="resource" NumEvents="7" CreationCount="268"/><InteractionEvent Delta="null" EndDate="2014-09-23 15:32:30.575 JST" Interest="1.0" Kind="selection" Navigation="null" OriginId="org.eclipse.jdt.ui.PackageExplorer" StartDate="2014-09-23 15:32:30.575 JST" StructureHandle="/SL3/res/layout" StructureKind="resource"/><InteractionEvent Delta="null" EndDate="2014-09-23 15:36:36.917 JST" Interest="23.1" Kind="propagation" Navigation="org.eclipse.mylyn.core.model.edges.containment" OriginId="org.eclipse.mylyn.core.model.interest.propagation" StartDate="2014-09-23 15:30:07.702 JST" StructureHandle="/SL3/res/layout" StructureKind="resource" NumEvents="24" CreationCount="605"/><InteractionEvent Delta="null" EndDate="2014-09-23 16:04:04.807 JST" Interest="4.0" Kind="selection" Navigation="null" OriginId="org.eclipse.jdt.ui.CompilationUnitEditor" StartDate="2014-09-23 15:12:29.919 JST" StructureHandle="=SL3/src&amp;lt;sl3.listeners.dialog{DB_OCL.java[DB_OCL~case_ACTV_TAB_OPT_DROP_TABLE~QDialogTags;" StructureKind="java" NumEvents="4" CreationCount="336"/><InteractionEvent Delta="null" EndDate="2014-09-23 16:04:04.808 JST" Interest="12.657001" Kind="manipulation" Navigation="null" OriginId="org.eclipse.mylyn.core.model.interest.decay.correction" StartDate="2014-09-23 16:04:04.808 JST" StructureHandle="=SL3/src&amp;lt;sl3.listeners.dialog{DB_OCL.java[DB_OCL~case_ACTV_TAB_OPT_DROP_TABLE~QDialogTags;" StructureKind="java"/><InteractionEvent Delta="null" EndDate="2014-09-23 16:04:10.616 JST" Interest="4.0" Kind="edit" Navigation="null" OriginId="org.eclipse.jdt.ui.CompilationUnitEditor" StartDate="2014-09-23 16:04:06.997 JST" StructureHandle="=SL3/src&amp;lt;sl3.listeners.dialog{DB_OCL.java[DB_OCL~case_ACTV_TAB_OPT_DROP_TABLE~QDialogTags;" StructureKind="java" NumEvents="4" CreationCount="336"/><InteractionEvent Delta="null" EndDate="2014-09-23 15:37:00.107 JST" Interest="1.0" Kind="prediction" Navigation="null" OriginId="org.eclipse.mylyn.resources.ui.interest.updater" StartDate="2014-09-23 15:37:00.107 JST" StructureHandle="/SL3/bin/resources.ap_" StructureKind="resource"/><InteractionEvent Delta="null" EndDate="2014-09-23 14:47:26.495 JST" Interest="2.0" Kind="selection" Navigation="null" OriginId="org.eclipse.ui.views.ContentOutline" StartDate="2014-09-23 14:47:24.590 JST" StructureHandle="=SL3/src&amp;lt;sl3.listeners{TCL.java[TCL" StructureKind="java" NumEvents="2" CreationCount="14"/><InteractionEvent Delta="null" EndDate="2014-09-23 14:52:20.901 JST" Interest="24.550999" Kind="propagation" Navigation="org.eclipse.mylyn.core.model.edges.containment" OriginId="org.eclipse.mylyn.core.model.interest.propagation" StartDate="2014-09-23 14:47:30.377 JST" StructureHandle="=SL3/src&amp;lt;sl3.listeners{TCL.java[TCL" StructureKind="java" NumEvents="35" CreationCount="14"/><InteractionEvent Delta="null" EndDate="2014-09-23 16:04:15.174 JST" Interest="27.0" Kind="selection" Navigation="null" OriginId="org.eclipse.jdt.ui.CompilationUnitEditor" StartDate="2014-09-23 15:08:29.904 JST" StructureHandle="=SL3/src&amp;lt;sl3.listeners.dialog{DB_OCL.java[DB_OCL~case_ACTV_TAB_SEARCH_OK" StructureKind="java" NumEvents="27" CreationCount="219"/><InteractionEvent Delta="null" EndDate="2014-09-23 16:06:20.207 JST" Interest="191.0" Kind="edit" Navigation="null" OriginId="org.eclipse.jdt.ui.CompilationUnitEditor" StartDate="2014-09-23 15:08:30.885 JST" StructureHandle="=SL3/src&amp;lt;sl3.listeners.dialog{DB_OCL.java[DB_OCL~case_ACTV_TAB_SEARCH_OK" StructureKind="java" NumEvents="191" CreationCount="219"/><InteractionEvent Delta="null" EndDate="2014-09-23 15:42:53.207 JST" Interest="10.0" Kind="selection" Navigation="null" OriginId="org.eclipse.ui.views.ResourceNavigator" StartDate="2014-09-23 15:31:20.437 JST" StructureHandle="/IFM11/res/layout/dlg_input_empty.xml" StructureKind="resource" NumEvents="10" CreationCount="617"/><InteractionEvent Delta="null" EndDate="2014-09-23 15:11:46.950 JST" Interest="2.0" Kind="selection" Navigation="null" OriginId="org.eclipse.jdt.ui.CompilationUnitEditor" StartDate="2014-09-23 15:10:35.66 JST" StructureHandle="=IFM11/src&amp;lt;ifm11.listeners.dialog{DB_OCL.java" StructureKind="java" NumEvents="2" CreationCount="268"/><InteractionEvent Delta="null" EndDate="2014-09-23 15:11:33.416 JST" Interest="2.717" Kind="propagation" Navigation="org.eclipse.mylyn.core.model.edges.containment" OriginId="org.eclipse.mylyn.core.model.interest.propagation" StartDate="2014-09-23 15:10:36.22 JST" StructureHandle="=IFM11/src&amp;lt;ifm11.listeners.dialog{DB_OCL.java" StructureKind="java" NumEvents="4" CreationCount="268"/><InteractionEvent Delta="null" EndDate="2014-09-23 16:20:12.948 JST" Interest="21.0" Kind="selection" Navigation="null" OriginId="org.eclipse.jdt.ui.PackageExplorer" StartDate="2014-09-23 15:51:31.490 JST" StructureHandle="=SL3/src&amp;lt;sl3.utils{DBUtils.java" StructureKind="java" NumEvents="21" CreationCount="873"/><InteractionEvent Delta="null" EndDate="2014-09-23 16:17:28.266 JST" Interest="121.484985" Kind="propagation" Navigation="org.eclipse.mylyn.core.model.edges.containment" OriginId="org.eclipse.mylyn.core.model.interest.propagation" StartDate="2014-09-23 15:54:16.903 JST" StructureHandle="=SL3/src&amp;lt;sl3.utils{DBUtils.java" StructureKind="java" NumEvents="177" CreationCount="873"/><InteractionEvent Delta="null" EndDate="2014-09-23 15:59:32.732 JST" Interest="2.0" Kind="edit" Navigation="null" OriginId="org.eclipse.jdt.ui.CompilationUnitEditor" StartDate="2014-09-23 15:52:34.478 JST" StructureHandle="=SL3/src&amp;lt;sl3.utils{DBUtils.java" StructureKind="java" NumEvents="2" CreationCount="873"/></InteractionHistory>