<?xml version="1.0" encoding="UTF-8"?><InteractionHistory Id="local-244" Version="1"><InteractionEvent Delta="null" EndDate="2014-12-10 15:30:40.621 JST" Interest="1355.312" Kind="propagation" Navigation="org.eclipse.mylyn.core.model.edges.containment" OriginId="org.eclipse.mylyn.core.model.interest.propagation" StartDate="2014-12-10 13:11:55.177 JST" StructureHandle="=CutPlanner_A" StructureKind="resource" NumEvents="1388" CreationCount="1"/><InteractionEvent Delta="null" EndDate="2014-12-10 15:30:40.623 JST" Interest="1355.312" Kind="propagation" Navigation="org.eclipse.mylyn.core.model.edges.containment" OriginId="org.eclipse.mylyn.core.model.interest.propagation" StartDate="2014-12-10 13:11:55.177 JST" StructureHandle="" StructureKind="java" NumEvents="1388" CreationCount="1"/><InteractionEvent Delta="null" EndDate="2014-12-10 14:53:11.409 JST" Interest="1.0" Kind="selection" Navigation="null" OriginId="org.eclipse.jdt.ui.PackageExplorer" StartDate="2014-12-10 14:53:11.409 JST" StructureHandle="=CutPlanner_A/src&amp;lt;cp.views" StructureKind="java"/><InteractionEvent Delta="null" EndDate="2014-12-10 15:13:42.330 JST" Interest="2.0" Kind="selection" Navigation="null" OriginId="org.eclipse.jdt.ui.CompilationUnitEditor" StartDate="2014-12-10 15:12:39.474 JST" StructureHandle="=IFM11/src&amp;lt;ifm11.utils{Methods_dlg.java[Methods_dlg" StructureKind="java" NumEvents="2" CreationCount="1140"/><InteractionEvent Delta="null" EndDate="2014-12-10 15:18:16.20 JST" Interest="7.387" Kind="propagation" Navigation="org.eclipse.mylyn.core.model.edges.containment" OriginId="org.eclipse.mylyn.core.model.interest.propagation" StartDate="2014-12-10 15:06:27.173 JST" StructureHandle="=IFM11/src&amp;lt;ifm11.utils{Methods_dlg.java[Methods_dlg" StructureKind="java" NumEvents="10" CreationCount="1140"/><InteractionEvent Delta="null" EndDate="2014-12-10 15:18:14.15 JST" Interest="23.0" Kind="selection" Navigation="null" OriginId="org.eclipse.jdt.ui.CompilationUnitEditor" StartDate="2014-12-10 13:21:33.49 JST" StructureHandle="=CutPlanner_A/src&amp;lt;cp.main{TopolActv.java" StructureKind="java" NumEvents="23" CreationCount="137"/><InteractionEvent Delta="null" EndDate="2014-12-10 15:12:43.933 JST" Interest="2.0" Kind="edit" Navigation="null" OriginId="org.eclipse.jdt.ui.CompilationUnitEditor" StartDate="2014-12-10 15:12:43.930 JST" StructureHandle="=CutPlanner_A/src&amp;lt;cp.main{TopolActv.java" StructureKind="java" NumEvents="2" CreationCount="137"/><InteractionEvent Delta="null" EndDate="2014-12-10 15:00:29.598 JST" Interest="204.77101" Kind="propagation" Navigation="org.eclipse.mylyn.core.model.edges.containment" OriginId="org.eclipse.mylyn.core.model.interest.propagation" StartDate="2014-12-10 13:22:20.340 JST" StructureHandle="=CutPlanner_A/src&amp;lt;cp.main{TopolActv.java" StructureKind="java" NumEvents="301" CreationCount="137"/><InteractionEvent Delta="null" EndDate="2014-12-10 14:53:11.409 JST" Interest="1.0" Kind="propagation" Navigation="null" OriginId="org.eclipse.jdt.ui.PackageExplorer" StartDate="2014-12-10 14:53:11.409 JST" StructureHandle="/CutPlanner_A/src/cp/views" StructureKind="resource"/><InteractionEvent Delta="null" EndDate="2014-12-10 15:18:16.340 JST" Interest="7.0" Kind="selection" Navigation="null" OriginId="org.eclipse.jdt.ui.CompilationUnitEditor" StartDate="2014-12-10 15:01:10.796 JST" StructureHandle="=CutPlanner_A/src&amp;lt;cp.listeners.button{BO_CL.java" StructureKind="java" NumEvents="7" CreationCount="889"/><InteractionEvent Delta="null" EndDate="2014-12-10 15:22:02.593 JST" Interest="175.651" Kind="propagation" Navigation="org.eclipse.mylyn.core.model.edges.containment" OriginId="org.eclipse.mylyn.core.model.interest.propagation" StartDate="2014-12-10 15:01:12.378 JST" StructureHandle="=CutPlanner_A/src&amp;lt;cp.listeners.button{BO_CL.java" StructureKind="java" NumEvents="258" CreationCount="889"/><InteractionEvent Delta="null" EndDate="2014-12-10 15:17:38.648 JST" Interest="4.1920013" Kind="manipulation" Navigation="null" OriginId="org.eclipse.mylyn.core.model.interest.decay.correction" StartDate="2014-12-10 15:12:41.645 JST" StructureHandle="=CutPlanner_A/src&amp;lt;cp.utils{CONS.java[CONS[Canvas2^status" StructureKind="java" NumEvents="2" CreationCount="605"/><InteractionEvent Delta="null" EndDate="2014-12-10 15:17:43.766 JST" Interest="5.0" Kind="selection" Navigation="null" OriginId="org.eclipse.jdt.ui.CompilationUnitEditor" StartDate="2014-12-10 14:53:51.841 JST" StructureHandle="=CutPlanner_A/src&amp;lt;cp.utils{CONS.java[CONS[Canvas2^status" StructureKind="java" NumEvents="5" CreationCount="605"/><InteractionEvent Delta="null" EndDate="2014-12-10 15:17:43.772 JST" Interest="12.0" Kind="edit" Navigation="null" OriginId="org.eclipse.jdt.ui.CompilationUnitEditor" StartDate="2014-12-10 14:53:51.857 JST" StructureHandle="=CutPlanner_A/src&amp;lt;cp.utils{CONS.java[CONS[Canvas2^status" StructureKind="java" NumEvents="12" CreationCount="605"/><InteractionEvent Delta="null" EndDate="2014-12-10 13:15:23.785 JST" Interest="2.0" Kind="selection" Navigation="null" OriginId="org.eclipse.jdt.ui.PackageExplorer" StartDate="2014-12-10 13:11:59.528 JST" StructureHandle="/CutPlanner_A/res/layout" StructureKind="resource" NumEvents="2" CreationCount="2"/><InteractionEvent Delta="null" EndDate="2014-12-10 14:54:17.147 JST" Interest="60.333996" Kind="propagation" Navigation="org.eclipse.mylyn.core.model.edges.containment" OriginId="org.eclipse.mylyn.core.model.interest.propagation" StartDate="2014-12-10 13:12:02.811 JST" StructureHandle="/CutPlanner_A/res/layout" StructureKind="resource" NumEvents="81" CreationCount="2"/><InteractionEvent Delta="null" EndDate="2014-12-10 14:55:17.890 JST" Interest="5.0" Kind="selection" Navigation="null" OriginId="org.eclipse.jdt.ui.CompilationUnitEditor" StartDate="2014-12-10 13:26:30.829 JST" StructureHandle="=CutPlanner_A/src&amp;lt;cp.main{TopolActv.java[TopolActv~onStart" StructureKind="java" NumEvents="5" CreationCount="181"/><InteractionEvent Delta="null" EndDate="2014-12-10 14:55:45.316 JST" Interest="37.0" Kind="edit" Navigation="null" OriginId="org.eclipse.jdt.ui.CompilationUnitEditor" StartDate="2014-12-10 13:26:31.887 JST" StructureHandle="=CutPlanner_A/src&amp;lt;cp.main{TopolActv.java[TopolActv~onStart" StructureKind="java" NumEvents="37" CreationCount="181"/><InteractionEvent Delta="null" EndDate="2014-12-10 15:18:16.544 JST" Interest="8.0" Kind="selection" Navigation="null" OriginId="org.eclipse.jdt.ui.CompilationUnitEditor" StartDate="2014-12-10 15:09:08.71 JST" StructureHandle="=CutPlanner_A/src&amp;lt;cp.listeners.button{BO_CL.java[BO_CL~_TOPOL_IB_PREV__ST_2" StructureKind="java" NumEvents="8" CreationCount="1270"/><InteractionEvent Delta="null" EndDate="2014-12-10 15:18:18.351 JST" Interest="43.0" Kind="edit" Navigation="null" OriginId="org.eclipse.jdt.ui.CompilationUnitEditor" StartDate="2014-12-10 15:09:08.76 JST" StructureHandle="=CutPlanner_A/src&amp;lt;cp.listeners.button{BO_CL.java[BO_CL~_TOPOL_IB_PREV__ST_2" StructureKind="java" NumEvents="43" CreationCount="1270"/><InteractionEvent Delta="null" EndDate="2014-12-10 15:06:38.483 JST" Interest="1.0" Kind="selection" Navigation="null" OriginId="org.eclipse.jdt.ui.CompilationUnitEditor" StartDate="2014-12-10 15:06:38.483 JST" StructureHandle="=CutPlanner_A/src&amp;lt;cp.utils{Methods_dlg.java" StructureKind="java"/><InteractionEvent Delta="null" EndDate="2014-12-10 15:06:51.319 JST" Interest="1.0" Kind="edit" Navigation="null" OriginId="org.eclipse.jdt.ui.CompilationUnitEditor" StartDate="2014-12-10 15:06:51.319 JST" StructureHandle="=CutPlanner_A/src&amp;lt;cp.utils{Methods_dlg.java" StructureKind="java"/><InteractionEvent Delta="null" EndDate="2014-12-10 15:07:03.207 JST" Interest="2.4169998" Kind="propagation" Navigation="org.eclipse.mylyn.core.model.edges.containment" OriginId="org.eclipse.mylyn.core.model.interest.propagation" StartDate="2014-12-10 15:06:39.372 JST" StructureHandle="=CutPlanner_A/src&amp;lt;cp.utils{Methods_dlg.java" StructureKind="java" NumEvents="5" CreationCount="1150"/><InteractionEvent Delta="null" EndDate="2014-12-10 15:18:15.801 JST" Interest="6.0" Kind="selection" Navigation="null" OriginId="org.eclipse.jdt.ui.CompilationUnitEditor" StartDate="2014-12-10 15:06:20.560 JST" StructureHandle="=IFM11/src&amp;lt;ifm11.utils{Methods_dlg.java" StructureKind="java" NumEvents="6" CreationCount="1137"/><InteractionEvent Delta="null" EndDate="2014-12-10 15:06:30.912 JST" Interest="3.9510002" Kind="propagation" Navigation="org.eclipse.mylyn.core.model.edges.containment" OriginId="org.eclipse.mylyn.core.model.interest.propagation" StartDate="2014-12-10 15:06:27.801 JST" StructureHandle="=IFM11/src&amp;lt;ifm11.utils{Methods_dlg.java" StructureKind="java" NumEvents="6" CreationCount="1137"/><InteractionEvent Delta="null" EndDate="2014-12-10 15:12:32.925 JST" Interest="1.0" Kind="selection" Navigation="null" OriginId="org.eclipse.jdt.ui.CompilationUnitEditor" StartDate="2014-12-10 15:12:32.925 JST" StructureHandle="=CutPlanner_A/src&amp;lt;cp.utils{Methods.java[Methods" StructureKind="java"/><InteractionEvent Delta="null" EndDate="2014-12-10 15:13:35.225 JST" Interest="14.2" Kind="propagation" Navigation="org.eclipse.mylyn.core.model.edges.containment" OriginId="org.eclipse.mylyn.core.model.interest.propagation" StartDate="2014-12-10 15:12:26.125 JST" StructureHandle="=CutPlanner_A/src&amp;lt;cp.utils{Methods.java[Methods" StructureKind="java" NumEvents="19" CreationCount="1397"/><InteractionEvent Delta="null" EndDate="2014-12-10 15:18:16.20 JST" Interest="21.017" Kind="propagation" Navigation="org.eclipse.mylyn.core.model.edges.containment" OriginId="org.eclipse.mylyn.core.model.interest.propagation" StartDate="2014-12-10 15:06:19.386 JST" StructureHandle="/IFM11/src/ifm11/utils" StructureKind="resource" NumEvents="22" CreationCount="1136"/><InteractionEvent Delta="null" EndDate="2014-12-10 14:53:08.824 JST" Interest="1.0" Kind="selection" Navigation="null" OriginId="org.eclipse.jdt.ui.PackageExplorer" StartDate="2014-12-10 14:53:08.824 JST" StructureHandle="/CutPlanner_A/res/drawable-mdpi" StructureKind="resource"/><InteractionEvent Delta="null" EndDate="2014-12-10 14:53:19.981 JST" Interest="1.0" Kind="selection" Navigation="null" OriginId="org.eclipse.ui.views.ContentOutline" StartDate="2014-12-10 14:53:19.981 JST" StructureHandle="=CutPlanner_A/src&amp;lt;cp.utils{CONS.java%cp.utils" StructureKind="java"/><InteractionEvent Delta="null" EndDate="2014-12-10 15:22:02.594 JST" Interest="182.65102" Kind="propagation" Navigation="org.eclipse.mylyn.core.model.edges.containment" OriginId="org.eclipse.mylyn.core.model.interest.propagation" StartDate="2014-12-10 15:01:10.797 JST" StructureHandle="=CutPlanner_A/src&amp;lt;cp.listeners.button" StructureKind="java" NumEvents="275" CreationCount="889"/><InteractionEvent Delta="null" EndDate="2014-12-10 13:46:01.605 JST" Interest="6.0" Kind="prediction" Navigation="null" OriginId="org.eclipse.mylyn.resources.ui.interest.updater" StartDate="2014-12-10 13:21:50.574 JST" StructureHandle="/CutPlanner_A/bin/resources.ap_" StructureKind="resource" NumEvents="6" CreationCount="140"/><InteractionEvent Delta="null" EndDate="2014-12-10 15:17:38.110 JST" Interest="10.0" Kind="selection" Navigation="null" OriginId="org.eclipse.jdt.ui.CompilationUnitEditor" StartDate="2014-12-10 14:53:14.173 JST" StructureHandle="=CutPlanner_A/src&amp;lt;cp.utils{CONS.java" StructureKind="java" NumEvents="10" CreationCount="582"/><InteractionEvent Delta="null" EndDate="2014-12-10 15:17:51.335 JST" Interest="13.883001" Kind="propagation" Navigation="org.eclipse.mylyn.core.model.edges.containment" OriginId="org.eclipse.mylyn.core.model.interest.propagation" StartDate="2014-12-10 14:53:22.399 JST" StructureHandle="=CutPlanner_A/src&amp;lt;cp.utils{CONS.java" StructureKind="java" NumEvents="22" CreationCount="582"/><InteractionEvent Delta="null" EndDate="2014-12-10 15:04:44.798 JST" Interest="1.0" Kind="selection" Navigation="null" OriginId="org.eclipse.jdt.ui.CompilationUnitEditor" StartDate="2014-12-10 15:04:44.798 JST" StructureHandle="=CutPlanner_A/src&amp;lt;cp.listeners.button{BO_CL.java[BO_CL~case_ACTV_DEVLIST_BT_OPTIONS" StructureKind="java"/><InteractionEvent Delta="null" EndDate="2014-12-10 15:04:56.430 JST" Interest="9.0" Kind="edit" Navigation="null" OriginId="org.eclipse.jdt.ui.CompilationUnitEditor" StartDate="2014-12-10 15:04:44.808 JST" StructureHandle="=CutPlanner_A/src&amp;lt;cp.listeners.button{BO_CL.java[BO_CL~case_ACTV_DEVLIST_BT_OPTIONS" StructureKind="java" NumEvents="9" CreationCount="1072"/><InteractionEvent Delta="null" EndDate="2014-12-10 15:07:03.207 JST" Interest="11.0" Kind="propagation" Navigation="null" OriginId="org.eclipse.jdt.ui.CompilationUnitEditor" StartDate="2014-12-10 15:06:38.484 JST" StructureHandle="/CutPlanner_A/src/cp/utils/Methods_dlg.java" StructureKind="resource" NumEvents="11" CreationCount="1150"/><InteractionEvent Delta="null" EndDate="2014-12-10 15:13:09.897 JST" Interest="4.0" Kind="selection" Navigation="null" OriginId="org.eclipse.jdt.ui.CompilationUnitEditor" StartDate="2014-12-10 15:12:26.124 JST" StructureHandle="=CutPlanner_A/src&amp;lt;cp.utils{Methods.java[Methods~update_TV_Status~QActivity;~I" StructureKind="java" NumEvents="4" CreationCount="1397"/><InteractionEvent Delta="null" EndDate="2014-12-10 15:13:35.224 JST" Interest="16.0" Kind="edit" Navigation="null" OriginId="org.eclipse.jdt.ui.CompilationUnitEditor" StartDate="2014-12-10 15:12:27.67 JST" StructureHandle="=CutPlanner_A/src&amp;lt;cp.utils{Methods.java[Methods~update_TV_Status~QActivity;~I" StructureKind="java" NumEvents="16" CreationCount="1397"/><InteractionEvent Delta="null" EndDate="2014-12-10 15:18:16.20 JST" Interest="21.051" Kind="propagation" Navigation="org.eclipse.mylyn.core.model.edges.containment" OriginId="org.eclipse.mylyn.core.model.interest.propagation" StartDate="2014-12-10 15:06:16.502 JST" StructureHandle="=IFM11" StructureKind="resource" NumEvents="24" CreationCount="1134"/><InteractionEvent Delta="null" EndDate="2014-12-10 15:12:48.813 JST" Interest="7.0" Kind="selection" Navigation="null" OriginId="org.eclipse.jdt.ui.CompilationUnitEditor" StartDate="2014-12-10 13:21:40.111 JST" StructureHandle="=CutPlanner_A/src&amp;lt;cp.main{TopolActv.java[TopolActv" StructureKind="java" NumEvents="7" CreationCount="139"/><InteractionEvent Delta="null" EndDate="2014-12-10 15:12:48.823 JST" Interest="16.0" Kind="edit" Navigation="null" OriginId="org.eclipse.jdt.ui.CompilationUnitEditor" StartDate="2014-12-10 13:21:48.598 JST" StructureHandle="=CutPlanner_A/src&amp;lt;cp.main{TopolActv.java[TopolActv" StructureKind="java" NumEvents="16" CreationCount="139"/><InteractionEvent Delta="null" EndDate="2014-12-10 15:12:58.542 JST" Interest="208.43698" Kind="propagation" Navigation="org.eclipse.mylyn.core.model.edges.containment" OriginId="org.eclipse.mylyn.core.model.interest.propagation" StartDate="2014-12-10 13:26:43.559 JST" StructureHandle="=CutPlanner_A/src&amp;lt;cp.main{TopolActv.java[TopolActv" StructureKind="java" NumEvents="297" CreationCount="139"/><InteractionEvent Delta="null" EndDate="2014-12-10 14:53:31.165 JST" Interest="1.0" Kind="selection" Navigation="null" OriginId="org.eclipse.jdt.ui.CompilationUnitEditor" StartDate="2014-12-10 14:53:31.165 JST" StructureHandle="=CutPlanner_A/src&amp;lt;cp.utils{CONS.java[CONS[Canvas2^Rect_A_Y1" StructureKind="java"/><InteractionEvent Delta="null" EndDate="2014-12-10 14:53:31.173 JST" Interest="1.0" Kind="edit" Navigation="null" OriginId="org.eclipse.jdt.ui.CompilationUnitEditor" StartDate="2014-12-10 14:53:31.173 JST" StructureHandle="=CutPlanner_A/src&amp;lt;cp.utils{CONS.java[CONS[Canvas2^Rect_A_Y1" StructureKind="java"/><InteractionEvent Delta="null" EndDate="2014-12-10 15:06:12.457 JST" Interest="3.131" Kind="manipulation" Navigation="null" OriginId="org.eclipse.mylyn.core.model.interest.decay.correction" StartDate="2014-12-10 15:06:12.457 JST" StructureHandle="=CutPlanner_A/src&amp;lt;cp.main{BluetoothServerThread.java" StructureKind="java"/><InteractionEvent Delta="null" EndDate="2014-12-10 15:06:12.457 JST" Interest="2.0" Kind="selection" Navigation="null" OriginId="org.eclipse.jdt.ui.PackageExplorer" StartDate="2014-12-10 15:00:57.933 JST" StructureHandle="=CutPlanner_A/src&amp;lt;cp.main{BluetoothServerThread.java" StructureKind="java" NumEvents="2" CreationCount="888"/><InteractionEvent Delta="null" EndDate="2014-12-10 15:06:19.386 JST" Interest="1.0" Kind="selection" Navigation="null" OriginId="org.eclipse.ui.views.ResourceNavigator" StartDate="2014-12-10 15:06:19.386 JST" StructureHandle="=IFM11/src&amp;lt;ifm11.utils" StructureKind="java"/><InteractionEvent Delta="null" EndDate="2014-12-10 15:18:15.801 JST" Interest="8.968" Kind="propagation" Navigation="org.eclipse.mylyn.core.model.edges.containment" OriginId="org.eclipse.mylyn.core.model.interest.propagation" StartDate="2014-12-10 15:06:20.560 JST" StructureHandle="=IFM11/src&amp;lt;ifm11.utils" StructureKind="java" NumEvents="15" CreationCount="1136"/><InteractionEvent Delta="null" EndDate="2014-12-10 15:30:40.623 JST" Interest="1626.0" Kind="propagation" Navigation="org.eclipse.mylyn.core.model.edges.containment" OriginId="org.eclipse.mylyn.core.model.interest.propagation" StartDate="2014-12-10 13:11:55.177 JST" StructureHandle="/" StructureKind="resource" NumEvents="1626" CreationCount="1"/><InteractionEvent Delta="null" EndDate="2014-12-10 15:18:16.20 JST" Interest="2.0" Kind="selection" Navigation="null" OriginId="org.eclipse.jdt.ui.CompilationUnitEditor" StartDate="2014-12-10 15:13:43.916 JST" StructureHandle="=IFM11/src&amp;lt;ifm11.utils{Methods_dlg.java[Methods_dlg~dlg_ShowMessage_SecondDialog~QActivity;~QString;~QDialog;" StructureKind="java" NumEvents="2" CreationCount="1451"/><InteractionEvent Delta="null" EndDate="2014-12-10 15:13:44.545 JST" Interest="3.0" Kind="edit" Navigation="null" OriginId="org.eclipse.jdt.ui.CompilationUnitEditor" StartDate="2014-12-10 15:13:43.922 JST" StructureHandle="=IFM11/src&amp;lt;ifm11.utils{Methods_dlg.java[Methods_dlg~dlg_ShowMessage_SecondDialog~QActivity;~QString;~QDialog;" StructureKind="java" NumEvents="3" CreationCount="1451"/><InteractionEvent Delta="null" EndDate="2014-12-10 15:06:12.677 JST" Interest="1.0" Kind="propagation" Navigation="null" OriginId="org.eclipse.jdt.ui.PackageExplorer" StartDate="2014-12-10 15:06:12.677 JST" StructureHandle="/CutPlanner_A/src/cp/main/DeviceListActv.java" StructureKind="resource"/><InteractionEvent Delta="null" EndDate="2014-12-10 15:30:40.621 JST" Interest="632.0" Kind="propagation" Navigation="null" OriginId="org.eclipse.jdt.ui.CompilationUnitEditor" StartDate="2014-12-10 15:01:10.796 JST" StructureHandle="/CutPlanner_A/src/cp/listeners/button/BO_CL.java" StructureKind="resource" NumEvents="632" CreationCount="889"/><InteractionEvent Delta="null" EndDate="2014-12-10 14:54:01.557 JST" Interest="23.0" Kind="selection" Navigation="null" OriginId="com.android.ide.eclipse.editors.CommonXmlEditor" StartDate="2014-12-10 13:15:27.237 JST" StructureHandle="/CutPlanner_A/res/values/styles.xml" StructureKind="resource" NumEvents="23" CreationCount="14"/><InteractionEvent Delta="null" EndDate="2014-12-10 14:54:14.822 JST" Interest="120.0" Kind="edit" Navigation="null" OriginId="com.android.ide.eclipse.editors.CommonXmlEditor" StartDate="2014-12-10 13:15:27.802 JST" StructureHandle="/CutPlanner_A/res/values/styles.xml" StructureKind="resource" NumEvents="120" CreationCount="14"/><InteractionEvent Delta="null" EndDate="2014-12-10 13:21:24.913 JST" Interest="2.0" Kind="selection" Navigation="null" OriginId="org.eclipse.jdt.ui.PackageExplorer" StartDate="2014-12-10 13:11:55.161 JST" StructureHandle="/CutPlanner_A/res" StructureKind="resource" NumEvents="2" CreationCount="1"/><InteractionEvent Delta="null" EndDate="2014-12-10 14:54:14.822 JST" Interest="105.221" Kind="propagation" Navigation="org.eclipse.mylyn.core.model.edges.containment" OriginId="org.eclipse.mylyn.core.model.interest.propagation" StartDate="2014-12-10 13:11:59.528 JST" StructureHandle="/CutPlanner_A/res" StructureKind="resource" NumEvents="147" CreationCount="1"/><InteractionEvent Delta="null" EndDate="2014-12-10 15:30:40.621 JST" Interest="644.801" Kind="propagation" Navigation="org.eclipse.mylyn.core.model.edges.containment" OriginId="org.eclipse.mylyn.core.model.interest.propagation" StartDate="2014-12-10 13:21:30.95 JST" StructureHandle="/CutPlanner_A/src/cp" StructureKind="resource" NumEvents="646" CreationCount="136"/><InteractionEvent Delta="null" EndDate="2014-12-10 15:18:16.20 JST" Interest="21.0" Kind="propagation" Navigation="null" OriginId="org.eclipse.jdt.ui.CompilationUnitEditor" StartDate="2014-12-10 15:06:20.560 JST" StructureHandle="/IFM11/src/ifm11/utils/Methods_dlg.java" StructureKind="resource" NumEvents="21" CreationCount="1137"/><InteractionEvent Delta="null" EndDate="2014-12-10 15:18:14.467 JST" Interest="27.0" Kind="propagation" Navigation="null" OriginId="org.eclipse.jdt.ui.CompilationUnitEditor" StartDate="2014-12-10 15:12:24.704 JST" StructureHandle="/CutPlanner_A/src/cp/utils/Methods.java" StructureKind="resource" NumEvents="27" CreationCount="1396"/><InteractionEvent Delta="null" EndDate="2014-12-10 13:15:22.170 JST" Interest="2.0" Kind="selection" Navigation="null" OriginId="org.eclipse.jdt.ui.PackageExplorer" StartDate="2014-12-10 13:12:02.810 JST" StructureHandle="/CutPlanner_A/res/layout/actv_main.xml" StructureKind="resource" NumEvents="2" CreationCount="3"/><InteractionEvent Delta="null" EndDate="2014-12-10 13:21:30.94 JST" Interest="1.0" Kind="selection" Navigation="null" OriginId="org.eclipse.jdt.ui.PackageExplorer" StartDate="2014-12-10 13:21:30.94 JST" StructureHandle="=CutPlanner_A/src&amp;lt;cp.main" StructureKind="java"/><InteractionEvent Delta="null" EndDate="2014-12-10 15:18:14.15 JST" Interest="228.188" Kind="propagation" Navigation="org.eclipse.mylyn.core.model.edges.containment" OriginId="org.eclipse.mylyn.core.model.interest.propagation" StartDate="2014-12-10 13:21:33.50 JST" StructureHandle="=CutPlanner_A/src&amp;lt;cp.main" StructureKind="java" NumEvents="333" CreationCount="136"/><InteractionEvent Delta="null" EndDate="2014-12-10 15:06:47.142 JST" Interest="1.0" Kind="selection" Navigation="null" OriginId="org.eclipse.jdt.ui.CompilationUnitEditor" StartDate="2014-12-10 15:06:47.142 JST" StructureHandle="=CutPlanner_A/src&amp;lt;cp.utils{Methods_dlg.java#" StructureKind="java"/><InteractionEvent Delta="null" EndDate="2014-12-10 15:06:45.393 JST" Interest="1.0" Kind="propagation" Navigation="org.eclipse.mylyn.core.model.edges.containment" OriginId="org.eclipse.mylyn.core.model.interest.propagation" StartDate="2014-12-10 15:06:45.393 JST" StructureHandle="=CutPlanner_A/src&amp;lt;cp.utils{Methods_dlg.java#" StructureKind="java"/><InteractionEvent Delta="null" EndDate="2014-12-10 15:17:40.987 JST" Interest="8.520001" Kind="manipulation" Navigation="null" OriginId="org.eclipse.mylyn.core.model.interest.decay.correction" StartDate="2014-12-10 15:01:55.598 JST" StructureHandle="=CutPlanner_A/src&amp;lt;cp.utils{CONS.java[CONS[Canvas2^Rect_A_X1" StructureKind="java" NumEvents="2" CreationCount="624"/><InteractionEvent Delta="null" EndDate="2014-12-10 15:17:40.987 JST" Interest="5.0" Kind="selection" Navigation="null" OriginId="org.eclipse.jdt.ui.CompilationUnitEditor" StartDate="2014-12-10 14:54:21.785 JST" StructureHandle="=CutPlanner_A/src&amp;lt;cp.utils{CONS.java[CONS[Canvas2^Rect_A_X1" StructureKind="java" NumEvents="5" CreationCount="624"/><InteractionEvent Delta="null" EndDate="2014-12-10 15:17:40.991 JST" Interest="4.0" Kind="edit" Navigation="null" OriginId="org.eclipse.jdt.ui.CompilationUnitEditor" StartDate="2014-12-10 14:54:21.791 JST" StructureHandle="=CutPlanner_A/src&amp;lt;cp.utils{CONS.java[CONS[Canvas2^Rect_A_X1" StructureKind="java" NumEvents="4" CreationCount="624"/><InteractionEvent Delta="null" EndDate="2014-12-10 15:17:57.53 JST" Interest="1.0" Kind="selection" Navigation="null" OriginId="org.eclipse.jdt.ui.CompilationUnitEditor" StartDate="2014-12-10 15:17:57.53 JST" StructureHandle="=CutPlanner_A/src&amp;lt;cp.utils{CONS.java[CONS[Canvas2^numOF" StructureKind="java"/><InteractionEvent Delta="null" EndDate="2014-12-10 15:18:08.374 JST" Interest="3.0" Kind="edit" Navigation="null" OriginId="org.eclipse.jdt.ui.CompilationUnitEditor" StartDate="2014-12-10 15:17:57.66 JST" StructureHandle="=CutPlanner_A/src&amp;lt;cp.utils{CONS.java[CONS[Canvas2^numOf_Status" StructureKind="java" NumEvents="3" CreationCount="1497"/><InteractionEvent Delta="null" EndDate="2014-12-10 15:10:10.955 JST" Interest="7.0" Kind="selection" Navigation="null" OriginId="org.eclipse.jdt.ui.CompilationUnitEditor" StartDate="2014-12-10 15:02:28.849 JST" StructureHandle="=CutPlanner_A/src&amp;lt;cp.listeners.button{BO_CL.java[BO_CL~onClick~QView;" StructureKind="java" NumEvents="7" CreationCount="964"/><InteractionEvent Delta="null" EndDate="2014-12-10 15:10:10.959 JST" Interest="5.0" Kind="edit" Navigation="null" OriginId="org.eclipse.jdt.ui.CompilationUnitEditor" StartDate="2014-12-10 15:02:28.855 JST" StructureHandle="=CutPlanner_A/src&amp;lt;cp.listeners.button{BO_CL.java[BO_CL~onClick~QView;" StructureKind="java" NumEvents="5" CreationCount="964"/><InteractionEvent Delta="null" EndDate="2014-12-10 15:06:12.677 JST" Interest="1.0" Kind="selection" Navigation="null" OriginId="org.eclipse.jdt.ui.PackageExplorer" StartDate="2014-12-10 15:06:12.677 JST" StructureHandle="=CutPlanner_A/src&amp;lt;cp.main{DeviceListActv.java" StructureKind="java"/><InteractionEvent Delta="null" EndDate="2014-12-10 15:20:06.582 JST" Interest="20.0" Kind="selection" Navigation="null" OriginId="org.eclipse.jdt.ui.CompilationUnitEditor" StartDate="2014-12-10 15:01:23.299 JST" StructureHandle="=CutPlanner_A/src&amp;lt;cp.listeners.button{BO_CL.java[BO_CL~case_ACTV_TOPOL_IB_NEXT" StructureKind="java" NumEvents="20" CreationCount="892"/><InteractionEvent Delta="null" EndDate="2014-12-10 15:20:10.316 JST" Interest="225.0" Kind="edit" Navigation="null" OriginId="org.eclipse.jdt.ui.CompilationUnitEditor" StartDate="2014-12-10 15:01:23.860 JST" StructureHandle="=CutPlanner_A/src&amp;lt;cp.listeners.button{BO_CL.java[BO_CL~case_ACTV_TOPOL_IB_NEXT" StructureKind="java" NumEvents="225" CreationCount="892"/><InteractionEvent Delta="null" EndDate="2014-12-10 15:12:46.355 JST" Interest="5.0" Kind="selection" Navigation="null" OriginId="org.eclipse.jdt.ui.CompilationUnitEditor" StartDate="2014-12-10 14:55:48.894 JST" StructureHandle="=CutPlanner_A/src&amp;lt;cp.main{TopolActv.java[TopolActv~_Setup_Draw_Initial" StructureKind="java" NumEvents="5" CreationCount="695"/><InteractionEvent Delta="null" EndDate="2014-12-10 15:12:46.384 JST" Interest="189.0" Kind="edit" Navigation="null" OriginId="org.eclipse.jdt.ui.CompilationUnitEditor" StartDate="2014-12-10 14:55:48.899 JST" StructureHandle="=CutPlanner_A/src&amp;lt;cp.main{TopolActv.java[TopolActv~_Setup_Draw_Initial" StructureKind="java" NumEvents="189" CreationCount="695"/><InteractionEvent Delta="null" EndDate="2014-12-10 15:20:41.662 JST" Interest="14.0" Kind="prediction" Navigation="null" OriginId="org.eclipse.mylyn.resources.ui.interest.updater" StartDate="2014-12-10 13:21:50.574 JST" StructureHandle="/CutPlanner_A/bin/CutPlanner_A.apk" StructureKind="resource" NumEvents="14" CreationCount="140"/><InteractionEvent Delta="null" EndDate="2014-12-10 15:06:27.173 JST" Interest="1.0" Kind="selection" Navigation="null" OriginId="org.eclipse.ui.views.ContentOutline" StartDate="2014-12-10 15:06:27.173 JST" StructureHandle="=IFM11/src&amp;lt;ifm11.utils{Methods_dlg.java[Methods_dlg~dlg_ShowMessage~QActivity;~QString;~I" StructureKind="java"/><InteractionEvent Delta="null" EndDate="2014-12-10 15:06:30.911 JST" Interest="7.0" Kind="edit" Navigation="null" OriginId="org.eclipse.jdt.ui.CompilationUnitEditor" StartDate="2014-12-10 15:06:27.331 JST" StructureHandle="=IFM11/src&amp;lt;ifm11.utils{Methods_dlg.java[Methods_dlg~dlg_ShowMessage~QActivity;~QString;~I" StructureKind="java" NumEvents="7" CreationCount="1140"/><InteractionEvent Delta="null" EndDate="2014-12-10 14:53:12.703 JST" Interest="1.0" Kind="selection" Navigation="null" OriginId="org.eclipse.jdt.ui.PackageExplorer" StartDate="2014-12-10 14:53:12.703 JST" StructureHandle="=CutPlanner_A/src&amp;lt;cp.utils" StructureKind="java"/><InteractionEvent Delta="null" EndDate="2014-12-10 15:18:14.189 JST" Interest="29.072" Kind="propagation" Navigation="org.eclipse.mylyn.core.model.edges.containment" OriginId="org.eclipse.mylyn.core.model.interest.propagation" StartDate="2014-12-10 14:53:14.174 JST" StructureHandle="=CutPlanner_A/src&amp;lt;cp.utils" StructureKind="java" NumEvents="45" CreationCount="581"/><InteractionEvent Delta="null" EndDate="2014-12-10 15:30:40.621 JST" Interest="632.0" Kind="propagation" Navigation="org.eclipse.mylyn.core.model.edges.containment" OriginId="org.eclipse.mylyn.core.model.interest.propagation" StartDate="2014-12-10 15:01:10.796 JST" StructureHandle="/CutPlanner_A/src/cp/listeners/button" StructureKind="resource" NumEvents="632" CreationCount="889"/><InteractionEvent Delta="null" EndDate="2014-12-10 15:18:14.189 JST" Interest="3.0" Kind="selection" Navigation="null" OriginId="org.eclipse.jdt.ui.CompilationUnitEditor" StartDate="2014-12-10 15:12:24.703 JST" StructureHandle="=CutPlanner_A/src&amp;lt;cp.utils{Methods.java" StructureKind="java" NumEvents="3" CreationCount="1396"/><InteractionEvent Delta="null" EndDate="2014-12-10 15:13:35.226 JST" Interest="13.217" Kind="propagation" Navigation="org.eclipse.mylyn.core.model.edges.containment" OriginId="org.eclipse.mylyn.core.model.interest.propagation" StartDate="2014-12-10 15:12:26.125 JST" StructureHandle="=CutPlanner_A/src&amp;lt;cp.utils{Methods.java" StructureKind="java" NumEvents="19" CreationCount="1396"/><InteractionEvent Delta="null" EndDate="2014-12-10 15:18:14.466 JST" Interest="3.0" Kind="selection" Navigation="null" OriginId="org.eclipse.jdt.ui.CompilationUnitEditor" StartDate="2014-12-10 15:13:06.286 JST" StructureHandle="=CutPlanner_A/src&amp;lt;cp.utils{Methods.java[Methods~write_Log~QActivity;~QString;~QString;~I" StructureKind="java" NumEvents="3" CreationCount="1434"/><InteractionEvent Delta="null" EndDate="2014-12-10 13:21:50.575 JST" Interest="1.0" Kind="propagation" Navigation="org.eclipse.mylyn.core.model.edges.containment" OriginId="org.eclipse.mylyn.core.model.interest.propagation" StartDate="2014-12-10 13:21:50.575 JST" StructureHandle="/CutPlanner_A/bin" StructureKind="resource"/><InteractionEvent Delta="null" EndDate="2014-12-10 13:21:28.141 JST" Interest="1.0" Kind="selection" Navigation="null" OriginId="org.eclipse.jdt.ui.PackageExplorer" StartDate="2014-12-10 13:21:28.141 JST" StructureHandle="=CutPlanner_A/src" StructureKind="java"/><InteractionEvent Delta="null" EndDate="2014-12-10 15:18:14.15 JST" Interest="228.205" Kind="propagation" Navigation="org.eclipse.mylyn.core.model.edges.containment" OriginId="org.eclipse.mylyn.core.model.interest.propagation" StartDate="2014-12-10 13:21:30.95 JST" StructureHandle="=CutPlanner_A/src" StructureKind="java" NumEvents="337" CreationCount="135"/><InteractionEvent Delta="null" EndDate="2014-12-10 15:30:40.623 JST" Interest="1354.0339" Kind="propagation" Navigation="null" OriginId="org.eclipse.jdt.ui.CompilationUnitEditor" StartDate="2014-12-10 13:21:28.141 JST" StructureHandle="/CutPlanner_A/src" StructureKind="resource" NumEvents="1356" CreationCount="135"/><InteractionEvent Delta="null" EndDate="2014-12-10 15:17:45.171 JST" Interest="4.0" Kind="selection" Navigation="null" OriginId="org.eclipse.jdt.ui.CompilationUnitEditor" StartDate="2014-12-10 14:53:21.837 JST" StructureHandle="=CutPlanner_A/src&amp;lt;cp.utils{CONS.java[CONS[Canvas2" StructureKind="java" NumEvents="4" CreationCount="585"/><InteractionEvent Delta="null" EndDate="2014-12-10 15:17:51.334 JST" Interest="20.0" Kind="edit" Navigation="null" OriginId="org.eclipse.jdt.ui.CompilationUnitEditor" StartDate="2014-12-10 14:53:22.43 JST" StructureHandle="=CutPlanner_A/src&amp;lt;cp.utils{CONS.java[CONS[Canvas2" StructureKind="java" NumEvents="20" CreationCount="585"/><InteractionEvent Delta="null" EndDate="2014-12-10 15:17:38.648 JST" Interest="5.8320017" Kind="propagation" Navigation="org.eclipse.mylyn.core.model.edges.containment" OriginId="org.eclipse.mylyn.core.model.interest.propagation" StartDate="2014-12-10 14:53:43.148 JST" StructureHandle="=CutPlanner_A/src&amp;lt;cp.utils{CONS.java[CONS[Canvas2" StructureKind="java" NumEvents="3" CreationCount="585"/><InteractionEvent Delta="null" EndDate="2014-12-10 13:44:49.386 JST" Interest="5.0" Kind="selection" Navigation="null" OriginId="org.eclipse.jdt.ui.PackageExplorer" StartDate="2014-12-10 13:41:14.786 JST" StructureHandle="/CutPlanner_A/res/values/strings.xml" StructureKind="resource" NumEvents="5" CreationCount="470"/><InteractionEvent Delta="null" EndDate="2014-12-10 13:43:23.379 JST" Interest="31.0" Kind="edit" Navigation="null" OriginId="com.android.ide.eclipse.editors.CommonXmlEditor" StartDate="2014-12-10 13:41:15.52 JST" StructureHandle="/CutPlanner_A/res/values/strings.xml" StructureKind="resource" NumEvents="31" CreationCount="470"/><InteractionEvent Delta="null" EndDate="2014-12-10 15:20:12.339 JST" Interest="14.0" Kind="selection" Navigation="null" OriginId="org.eclipse.jdt.ui.CompilationUnitEditor" StartDate="2014-12-10 15:02:22.624 JST" StructureHandle="=CutPlanner_A/src&amp;lt;cp.listeners.button{BO_CL.java[BO_CL~case_ACTV_TOPOL_IB_PREV" StructureKind="java" NumEvents="14" CreationCount="958"/><InteractionEvent Delta="null" EndDate="2014-12-10 15:21:20.280 JST" Interest="109.0" Kind="edit" Navigation="null" OriginId="org.eclipse.jdt.ui.CompilationUnitEditor" StartDate="2014-12-10 15:02:22.636 JST" StructureHandle="=CutPlanner_A/src&amp;lt;cp.listeners.button{BO_CL.java[BO_CL~case_ACTV_TOPOL_IB_PREV" StructureKind="java" NumEvents="109" CreationCount="958"/><InteractionEvent Delta="null" EndDate="2014-12-10 15:06:12.458 JST" Interest="3.1480002" Kind="manipulation" Navigation="null" OriginId="org.eclipse.mylyn.core.model.interest.decay.correction" StartDate="2014-12-10 15:06:12.458 JST" StructureHandle="/CutPlanner_A/src/cp/main/BluetoothServerThread.java" StructureKind="resource"/><InteractionEvent Delta="null" EndDate="2014-12-10 15:06:12.458 JST" Interest="2.0" Kind="propagation" Navigation="null" OriginId="org.eclipse.jdt.ui.PackageExplorer" StartDate="2014-12-10 15:00:57.933 JST" StructureHandle="/CutPlanner_A/src/cp/main/BluetoothServerThread.java" StructureKind="resource" NumEvents="2" CreationCount="888"/><InteractionEvent Delta="null" EndDate="2014-12-10 15:12:50.702 JST" Interest="10.0" Kind="selection" Navigation="null" OriginId="org.eclipse.jdt.ui.CompilationUnitEditor" StartDate="2014-12-10 13:26:56.261 JST" StructureHandle="=CutPlanner_A/src&amp;lt;cp.main{TopolActv.java[TopolActv~_Setup_TV_Spannable" StructureKind="java" NumEvents="10" CreationCount="200"/><InteractionEvent Delta="null" EndDate="2014-12-10 15:12:58.542 JST" Interest="308.0" Kind="edit" Navigation="null" OriginId="org.eclipse.jdt.ui.CompilationUnitEditor" StartDate="2014-12-10 13:26:56.270 JST" StructureHandle="=CutPlanner_A/src&amp;lt;cp.main{TopolActv.java[TopolActv~_Setup_TV_Spannable" StructureKind="java" NumEvents="308" CreationCount="200"/><InteractionEvent Delta="null" EndDate="2014-12-10 15:18:08.375 JST" Interest="23.832" Kind="propagation" Navigation="org.eclipse.mylyn.core.model.edges.containment" OriginId="org.eclipse.mylyn.core.model.interest.propagation" StartDate="2014-12-10 14:53:21.837 JST" StructureHandle="=CutPlanner_A/src&amp;lt;cp.utils{CONS.java[CONS" StructureKind="java" NumEvents="35" CreationCount="585"/><InteractionEvent Delta="null" EndDate="2014-12-10 15:18:14.15 JST" Interest="602.0" Kind="propagation" Navigation="null" OriginId="org.eclipse.jdt.ui.CompilationUnitEditor" StartDate="2014-12-10 13:21:33.50 JST" StructureHandle="/CutPlanner_A/src/cp/main/TopolActv.java" StructureKind="resource" NumEvents="602" CreationCount="137"/><InteractionEvent Delta="null" EndDate="2014-12-10 15:07:01.230 JST" Interest="2.0" Kind="selection" Navigation="null" OriginId="org.eclipse.jdt.ui.CompilationUnitEditor" StartDate="2014-12-10 15:06:39.371 JST" StructureHandle="=CutPlanner_A/src&amp;lt;cp.utils{Methods_dlg.java[Methods_dlg" StructureKind="java" NumEvents="2" CreationCount="1151"/><InteractionEvent Delta="null" EndDate="2014-12-10 15:07:03.206 JST" Interest="3.0" Kind="edit" Navigation="null" OriginId="org.eclipse.jdt.ui.CompilationUnitEditor" StartDate="2014-12-10 15:06:40.169 JST" StructureHandle="=CutPlanner_A/src&amp;lt;cp.utils{Methods_dlg.java[Methods_dlg" StructureKind="java" NumEvents="3" CreationCount="1151"/><InteractionEvent Delta="null" EndDate="2014-12-10 15:07:16.328 JST" Interest="1.0" Kind="selection" Navigation="null" OriginId="org.eclipse.jdt.ui.CompilationUnitEditor" StartDate="2014-12-10 15:07:16.328 JST" StructureHandle="=CutPlanner_A/src&amp;lt;cp.listeners.button{BO_CL.java[BO_CL~case_ACTV_MAIN_BT_GO" StructureKind="java"/><InteractionEvent Delta="null" EndDate="2014-12-10 15:07:16.334 JST" Interest="1.0" Kind="edit" Navigation="null" OriginId="org.eclipse.jdt.ui.CompilationUnitEditor" StartDate="2014-12-10 15:07:16.334 JST" StructureHandle="=CutPlanner_A/src&amp;lt;cp.listeners.button{BO_CL.java[BO_CL~case_ACTV_MAIN_BT_GO" StructureKind="java"/><InteractionEvent Delta="null" EndDate="2014-12-10 15:30:40.621 JST" Interest="632.0" Kind="propagation" Navigation="org.eclipse.mylyn.core.model.edges.containment" OriginId="org.eclipse.mylyn.core.model.interest.propagation" StartDate="2014-12-10 15:01:10.796 JST" StructureHandle="/CutPlanner_A/src/cp/listeners" StructureKind="resource" NumEvents="632" CreationCount="889"/><InteractionEvent Delta="null" EndDate="2014-12-10 15:06:17.641 JST" Interest="1.0" Kind="selection" Navigation="null" OriginId="org.eclipse.ui.views.ResourceNavigator" StartDate="2014-12-10 15:06:17.641 JST" StructureHandle="=IFM11/src&amp;lt;ifm11" StructureKind="java"/><InteractionEvent Delta="null" EndDate="2014-12-10 15:18:14.15 JST" Interest="605.017" Kind="propagation" Navigation="null" OriginId="org.eclipse.jdt.ui.CompilationUnitEditor" StartDate="2014-12-10 13:21:30.95 JST" StructureHandle="/CutPlanner_A/src/cp/main" StructureKind="resource" NumEvents="606" CreationCount="136"/><InteractionEvent Delta="null" EndDate="2014-12-10 13:15:25.706 JST" Interest="1.0" Kind="selection" Navigation="null" OriginId="org.eclipse.jdt.ui.PackageExplorer" StartDate="2014-12-10 13:15:25.706 JST" StructureHandle="/CutPlanner_A/res/values" StructureKind="resource"/><InteractionEvent Delta="null" EndDate="2014-12-10 14:54:14.822 JST" Interest="106.017" Kind="propagation" Navigation="org.eclipse.mylyn.core.model.edges.containment" OriginId="org.eclipse.mylyn.core.model.interest.propagation" StartDate="2014-12-10 13:15:27.237 JST" StructureHandle="/CutPlanner_A/res/values" StructureKind="resource" NumEvents="143" CreationCount="13"/><InteractionEvent Delta="null" EndDate="2014-12-10 15:18:08.375 JST" Interest="77.0" Kind="propagation" Navigation="null" OriginId="org.eclipse.jdt.ui.CompilationUnitEditor" StartDate="2014-12-10 14:53:14.173 JST" StructureHandle="/CutPlanner_A/src/cp/utils/CONS.java" StructureKind="resource" NumEvents="77" CreationCount="582"/><InteractionEvent Delta="null" EndDate="2014-12-10 15:18:16.20 JST" Interest="21.051" Kind="propagation" Navigation="org.eclipse.mylyn.core.model.edges.containment" OriginId="org.eclipse.mylyn.core.model.interest.propagation" StartDate="2014-12-10 15:06:16.502 JST" StructureHandle="/IFM11/src" StructureKind="resource" NumEvents="24" CreationCount="1134"/><InteractionEvent Delta="null" EndDate="2014-12-10 15:18:16.20 JST" Interest="21.034" Kind="propagation" Navigation="org.eclipse.mylyn.core.model.edges.containment" OriginId="org.eclipse.mylyn.core.model.interest.propagation" StartDate="2014-12-10 15:06:17.641 JST" StructureHandle="/IFM11/src/ifm11" StructureKind="resource" NumEvents="23" CreationCount="1135"/><InteractionEvent Delta="null" EndDate="2014-12-10 15:22:01.462 JST" Interest="20.0" Kind="selection" Navigation="null" OriginId="org.eclipse.jdt.ui.CompilationUnitEditor" StartDate="2014-12-10 15:01:12.377 JST" StructureHandle="=CutPlanner_A/src&amp;lt;cp.listeners.button{BO_CL.java[BO_CL" StructureKind="java" NumEvents="20" CreationCount="890"/><InteractionEvent Delta="null" EndDate="2014-12-10 15:22:01.464 JST" Interest="31.0" Kind="edit" Navigation="null" OriginId="org.eclipse.jdt.ui.CompilationUnitEditor" StartDate="2014-12-10 15:05:00.298 JST" StructureHandle="=CutPlanner_A/src&amp;lt;cp.listeners.button{BO_CL.java[BO_CL" StructureKind="java" NumEvents="31" CreationCount="890"/><InteractionEvent Delta="null" EndDate="2014-12-10 15:19:52.445 JST" Interest="140.93399" Kind="propagation" Navigation="org.eclipse.mylyn.core.model.edges.containment" OriginId="org.eclipse.mylyn.core.model.interest.propagation" StartDate="2014-12-10 15:01:23.870 JST" StructureHandle="=CutPlanner_A/src&amp;lt;cp.listeners.button{BO_CL.java[BO_CL" StructureKind="java" NumEvents="197" CreationCount="890"/><InteractionEvent Delta="null" EndDate="2014-12-10 15:30:40.623 JST" Interest="1626.0" Kind="propagation" Navigation="null" OriginId="org.eclipse.jdt.ui.CompilationUnitEditor" StartDate="2014-12-10 13:11:55.177 JST" StructureHandle="/CutPlanner_A" StructureKind="resource" NumEvents="1626" CreationCount="1"/><InteractionEvent Delta="null" EndDate="2014-12-10 15:20:41.662 JST" Interest="12.0" Kind="prediction" Navigation="null" OriginId="org.eclipse.mylyn.resources.ui.interest.updater" StartDate="2014-12-10 13:21:50.574 JST" StructureHandle="/CutPlanner_A/bin/classes.dex" StructureKind="resource" NumEvents="12" CreationCount="140"/><InteractionEvent Delta="null" EndDate="2014-12-10 14:54:17.147 JST" Interest="21.0" Kind="selection" Navigation="null" OriginId="com.android.ide.eclipse.editors.CommonXmlEditor" StartDate="2014-12-10 13:12:04.980 JST" StructureHandle="/CutPlanner_A/res/layout/actv_topol.xml" StructureKind="resource" NumEvents="21" CreationCount="4"/><InteractionEvent Delta="null" EndDate="2014-12-10 13:45:57.304 JST" Interest="59.0" Kind="edit" Navigation="null" OriginId="com.android.ide.eclipse.editors.CommonXmlEditor" StartDate="2014-12-10 13:12:24.770 JST" StructureHandle="/CutPlanner_A/res/layout/actv_topol.xml" StructureKind="resource" NumEvents="59" CreationCount="4"/><InteractionEvent Delta="null" EndDate="2014-12-10 15:06:16.502 JST" Interest="1.0" Kind="selection" Navigation="null" OriginId="org.eclipse.ui.views.ResourceNavigator" StartDate="2014-12-10 15:06:16.502 JST" StructureHandle="=IFM11/src" StructureKind="java"/><InteractionEvent Delta="null" EndDate="2014-12-10 15:18:15.802 JST" Interest="9.002001" Kind="propagation" Navigation="org.eclipse.mylyn.core.model.edges.containment" OriginId="org.eclipse.mylyn.core.model.interest.propagation" StartDate="2014-12-10 15:06:17.641 JST" StructureHandle="=IFM11/src" StructureKind="java" NumEvents="15" CreationCount="1134"/><InteractionEvent Delta="null" EndDate="2014-12-10 15:18:14.468 JST" Interest="115.017" Kind="propagation" Navigation="null" OriginId="org.eclipse.jdt.ui.CompilationUnitEditor" StartDate="2014-12-10 14:53:12.704 JST" StructureHandle="/CutPlanner_A/src/cp/utils" StructureKind="resource" NumEvents="116" CreationCount="581"/><InteractionEvent Delta="null" EndDate="2014-12-10 14:53:42.89 JST" Interest="1.0" Kind="selection" Navigation="null" OriginId="org.eclipse.jdt.ui.CompilationUnitEditor" StartDate="2014-12-10 14:53:42.89 JST" StructureHandle="=CutPlanner_A/src&amp;lt;cp.utils{CONS.java[CONS[Canvas2^lineWidth" StructureKind="java"/><InteractionEvent Delta="null" EndDate="2014-12-10 14:53:43.147 JST" Interest="3.0" Kind="edit" Navigation="null" OriginId="org.eclipse.jdt.ui.CompilationUnitEditor" StartDate="2014-12-10 14:53:42.104 JST" StructureHandle="=CutPlanner_A/src&amp;lt;cp.utils{CONS.java[CONS[Canvas2^lineWidth" StructureKind="java" NumEvents="3" CreationCount="591"/><InteractionEvent Delta="null" EndDate="2014-12-10 15:22:02.586 JST" Interest="16.0" Kind="selection" Navigation="null" OriginId="org.eclipse.jdt.ui.CompilationUnitEditor" StartDate="2014-12-10 15:03:23.328 JST" StructureHandle="=CutPlanner_A/src&amp;lt;cp.listeners.button{BO_CL.java[BO_CL~_TOPOL_IB_NEXT__ST_1" StructureKind="java" NumEvents="16" CreationCount="1018"/><InteractionEvent Delta="null" EndDate="2014-12-10 15:30:40.621 JST" Interest="115.0" Kind="edit" Navigation="null" OriginId="org.eclipse.jdt.ui.CompilationUnitEditor" StartDate="2014-12-10 15:03:23.337 JST" StructureHandle="=CutPlanner_A/src&amp;lt;cp.listeners.button{BO_CL.java[BO_CL~_TOPOL_IB_NEXT__ST_1" StructureKind="java" NumEvents="115" CreationCount="1018"/></InteractionHistory>