<?xml version="1.0" encoding="UTF-8"?><InteractionHistory Id="local-174" Version="1"><InteractionEvent Delta="null" EndDate="2014-10-25 10:05:26.687 JST" Interest="69.085" Kind="propagation" Navigation="org.eclipse.mylyn.core.model.edges.containment" OriginId="org.eclipse.mylyn.core.model.interest.propagation" StartDate="2014-10-25 09:04:56.238 JST" StructureHandle="" StructureKind="java" NumEvents="75" CreationCount="275"/><InteractionEvent Delta="null" EndDate="2014-10-25 10:05:26.686 JST" Interest="22.0" Kind="propagation" Navigation="null" OriginId="org.eclipse.jdt.ui.CompilationUnitEditor" StartDate="2014-10-25 10:04:03.807 JST" StructureHandle="/TA2/src/ta2/utils/CONS.java" StructureKind="resource" NumEvents="22" CreationCount="1119"/><InteractionEvent Delta="null" EndDate="2014-10-25 10:09:55.505 JST" Interest="1201.0339" Kind="propagation" Navigation="org.eclipse.mylyn.core.model.edges.containment" OriginId="org.eclipse.mylyn.core.model.interest.propagation" StartDate="2014-10-25 08:38:31.345 JST" StructureHandle="=SL3" StructureKind="resource" NumEvents="1205" CreationCount="1"/><InteractionEvent Delta="null" EndDate="2014-10-25 09:04:54.581 JST" Interest="2.0" Kind="selection" Navigation="null" OriginId="org.eclipse.ui.views.ResourceNavigator" StartDate="2014-10-25 09:04:54.579 JST" StructureHandle="=SL3" StructureKind="java" NumEvents="2" CreationCount="1"/><InteractionEvent Delta="null" EndDate="2014-10-25 10:09:55.506 JST" Interest="140.45299" Kind="propagation" Navigation="org.eclipse.mylyn.core.model.edges.containment" OriginId="org.eclipse.mylyn.core.model.interest.propagation" StartDate="2014-10-25 08:38:33.773 JST" StructureHandle="=SL3/src" StructureKind="java" NumEvents="221" CreationCount="1"/><InteractionEvent Delta="null" EndDate="2014-10-25 08:38:31.345 JST" Interest="1.0" Kind="selection" Navigation="null" OriginId="org.eclipse.jdt.ui.PackageExplorer" StartDate="2014-10-25 08:38:31.345 JST" StructureHandle="=SL3/src" StructureKind="java"/><InteractionEvent Delta="null" EndDate="2014-10-25 09:54:22.942 JST" Interest="27.0" Kind="edit" Navigation="null" OriginId="org.eclipse.jdt.ui.CompilationUnitEditor" StartDate="2014-10-25 09:41:34.116 JST" StructureHandle="=SL3/src&amp;lt;sl3.utils{Methods.java[Methods~restore_DB~QActivity;" StructureKind="java" NumEvents="27" CreationCount="733"/><InteractionEvent Delta="null" EndDate="2014-10-25 09:54:29.37 JST" Interest="12.0" Kind="selection" Navigation="null" OriginId="org.eclipse.ui.views.ContentOutline" StartDate="2014-10-25 09:41:33.496 JST" StructureHandle="=SL3/src&amp;lt;sl3.utils{Methods.java[Methods~restore_DB~QActivity;" StructureKind="java" NumEvents="12" CreationCount="733"/><InteractionEvent Delta="null" EndDate="2014-10-25 09:44:59.44 JST" Interest="14.0" Kind="edit" Navigation="null" OriginId="org.eclipse.jdt.ui.CompilationUnitEditor" StartDate="2014-10-25 09:05:09.193 JST" StructureHandle="=TA2/src&amp;lt;ta2.utils{DBUtils.java[DBUtils~updateData_generic~QActivity;~QString;~J~QString;~QString;" StructureKind="java" NumEvents="14" CreationCount="283"/><InteractionEvent Delta="null" EndDate="2014-10-25 09:44:57.321 JST" Interest="3.0" Kind="selection" Navigation="null" OriginId="org.eclipse.jdt.ui.CompilationUnitEditor" StartDate="2014-10-25 09:05:09.82 JST" StructureHandle="=TA2/src&amp;lt;ta2.utils{DBUtils.java[DBUtils~updateData_generic~QActivity;~QString;~J~QString;~QString;" StructureKind="java" NumEvents="3" CreationCount="283"/><InteractionEvent Delta="null" EndDate="2014-10-25 09:26:09.77 JST" Interest="3.97" Kind="propagation" Navigation="org.eclipse.mylyn.core.model.edges.containment" OriginId="org.eclipse.mylyn.core.model.interest.propagation" StartDate="2014-10-25 09:15:08.197 JST" StructureHandle="=SL3/src&amp;lt;sl3.adapters" StructureKind="java" NumEvents="10" CreationCount="417"/><InteractionEvent Delta="null" EndDate="2014-10-25 09:26:10.369 JST" Interest="2.0" Kind="selection" Navigation="null" OriginId="org.eclipse.jdt.ui.PackageExplorer" StartDate="2014-10-25 09:15:04.921 JST" StructureHandle="=SL3/src&amp;lt;sl3.adapters" StructureKind="java" NumEvents="2" CreationCount="417"/><InteractionEvent Delta="null" EndDate="2014-10-25 09:44:48.521 JST" Interest="122.0" Kind="propagation" Navigation="null" OriginId="org.eclipse.jdt.ui.CompilationUnitEditor" StartDate="2014-10-25 09:27:53.379 JST" StructureHandle="/SL3/src/sl3/tasks/Task_Post_History.java" StructureKind="resource" NumEvents="122" CreationCount="585"/><InteractionEvent Delta="null" EndDate="2014-10-25 09:44:59.45 JST" Interest="24.0" Kind="propagation" Navigation="null" OriginId="org.eclipse.jdt.ui.CompilationUnitEditor" StartDate="2014-10-25 09:05:02.831 JST" StructureHandle="/TA2/src/ta2/utils/DBUtils.java" StructureKind="resource" NumEvents="24" CreationCount="280"/><InteractionEvent Delta="null" EndDate="2014-10-25 10:05:26.686 JST" Interest="68.034" Kind="propagation" Navigation="null" OriginId="org.eclipse.jdt.ui.CompilationUnitEditor" StartDate="2014-10-25 09:05:00.184 JST" StructureHandle="/TA2/src/ta2/utils" StructureKind="resource" NumEvents="70" CreationCount="278"/><InteractionEvent Delta="null" EndDate="2014-10-25 10:05:26.686 JST" Interest="67.050995" Kind="propagation" Navigation="org.eclipse.mylyn.core.model.edges.containment" OriginId="org.eclipse.mylyn.core.model.interest.propagation" StartDate="2014-10-25 09:04:58.630 JST" StructureHandle="/TA2/src/ta2" StructureKind="resource" NumEvents="71" CreationCount="277"/><InteractionEvent Delta="null" EndDate="2014-10-25 10:04:55.213 JST" Interest="3.0" Kind="edit" Navigation="null" OriginId="org.eclipse.jdt.ui.CompilationUnitEditor" StartDate="2014-10-25 10:04:36.103 JST" StructureHandle="=SL3/src&amp;lt;sl3.utils{CONS.java[CONS[SQLs^PARAM_20140110_105949" StructureKind="java" NumEvents="3" CreationCount="1146"/><InteractionEvent Delta="null" EndDate="2014-10-25 10:04:55.207 JST" Interest="3.0" Kind="selection" Navigation="null" OriginId="org.eclipse.jdt.ui.CompilationUnitEditor" StartDate="2014-10-25 10:04:36.97 JST" StructureHandle="=SL3/src&amp;lt;sl3.utils{CONS.java[CONS[SQLs^PARAM_20140110_105949" StructureKind="java" NumEvents="3" CreationCount="1146"/><InteractionEvent Delta="null" EndDate="2014-10-25 10:03:42.163 JST" Interest="14.0" Kind="edit" Navigation="null" OriginId="org.eclipse.jdt.ui.CompilationUnitEditor" StartDate="2014-10-25 10:02:59.31 JST" StructureHandle="=SL3/src&amp;lt;sl3.utils{Methods_dlg.java[Methods_dlg~dlg_ShowMessage_Duration~QActivity;~QString;~I" StructureKind="java" NumEvents="14" CreationCount="1095"/><InteractionEvent Delta="null" EndDate="2014-10-25 10:02:57.798 JST" Interest="1.0" Kind="selection" Navigation="null" OriginId="org.eclipse.jdt.ui.CompilationUnitEditor" StartDate="2014-10-25 10:02:57.798 JST" StructureHandle="=SL3/src&amp;lt;sl3.utils{Methods_dlg.java[Methods_dlg~dlg_ShowMessage_Duration~QActivity;~QString;~I" StructureKind="java"/><InteractionEvent Delta="null" EndDate="2014-10-25 09:27:23.572 JST" Interest="1.0" Kind="selection" Navigation="null" OriginId="org.eclipse.jdt.ui.PackageExplorer" StartDate="2014-10-25 09:27:23.572 JST" StructureHandle="=SL3/src&amp;lt;sl.main{MainActv.java" StructureKind="java"/><InteractionEvent Delta="null" EndDate="2014-10-25 09:26:48.313 JST" Interest="1.0" Kind="edit" Navigation="null" OriginId="org.eclipse.jdt.ui.CompilationUnitEditor" StartDate="2014-10-25 09:26:48.313 JST" StructureHandle="=SL3/src&amp;lt;sl.main{TabActv.java[TabActv" StructureKind="java"/><InteractionEvent Delta="null" EndDate="2014-10-25 09:44:54.490 JST" Interest="27.060997" Kind="propagation" Navigation="org.eclipse.mylyn.core.model.edges.containment" OriginId="org.eclipse.mylyn.core.model.interest.propagation" StartDate="2014-10-25 09:26:22.38 JST" StructureHandle="=SL3/src&amp;lt;sl.main{TabActv.java[TabActv" StructureKind="java" NumEvents="38" CreationCount="492"/><InteractionEvent Delta="null" EndDate="2014-10-25 09:26:54.333 JST" Interest="3.0" Kind="selection" Navigation="null" OriginId="org.eclipse.jdt.ui.CompilationUnitEditor" StartDate="2014-10-25 09:26:48.307 JST" StructureHandle="=SL3/src&amp;lt;sl.main{TabActv.java[TabActv" StructureKind="java" NumEvents="3" CreationCount="492"/><InteractionEvent Delta="null" EndDate="2014-10-25 09:15:01.759 JST" Interest="2.0" Kind="selection" Navigation="null" OriginId="org.eclipse.ui.views.ResourceNavigator" StartDate="2014-10-25 09:14:54.901 JST" StructureHandle="=TA2/src&amp;lt;ta2.services" StructureKind="java" NumEvents="2" CreationCount="411"/><InteractionEvent Delta="null" EndDate="2014-10-25 08:38:42.945 JST" Interest="3.0" Kind="edit" Navigation="null" OriginId="org.eclipse.jdt.ui.CompilationUnitEditor" StartDate="2014-10-25 08:38:42.329 JST" StructureHandle="=SL3/src&amp;lt;sl3.utils{Methods.java[Methods~_opt_ActvTab_CreateTables__Stores~QActivity;~QDialog;~QDialog;~QDialog;" StructureKind="java" NumEvents="3" CreationCount="6"/><InteractionEvent Delta="null" EndDate="2014-10-25 08:38:49.381 JST" Interest="3.0" Kind="selection" Navigation="null" OriginId="org.eclipse.jdt.ui.CompilationUnitEditor" StartDate="2014-10-25 08:38:39.425 JST" StructureHandle="=SL3/src&amp;lt;sl3.utils{Methods.java[Methods~_opt_ActvTab_CreateTables__Stores~QActivity;~QDialog;~QDialog;~QDialog;" StructureKind="java" NumEvents="3" CreationCount="6"/><InteractionEvent Delta="null" EndDate="2014-10-25 09:15:08.196 JST" Interest="1.0" Kind="selection" Navigation="null" OriginId="org.eclipse.jdt.ui.PackageExplorer" StartDate="2014-10-25 09:15:08.196 JST" StructureHandle="=SL3/src&amp;lt;sl3.adapters{PSListAdapter.java" StructureKind="java"/><InteractionEvent Delta="null" EndDate="2014-10-25 10:02:31.840 JST" Interest="2.0" Kind="edit" Navigation="null" OriginId="org.eclipse.jdt.ui.CompilationUnitEditor" StartDate="2014-10-25 10:02:28.767 JST" StructureHandle="=TA2/src&amp;lt;ta2.utils{Methods_dlg.java[Methods_dlg~dlg_ShowMessage_Duration~QActivity;~QString;~I" StructureKind="java" NumEvents="2" CreationCount="1083"/><InteractionEvent Delta="null" EndDate="2014-10-25 10:02:26.725 JST" Interest="1.0" Kind="selection" Navigation="null" OriginId="org.eclipse.jdt.ui.CompilationUnitEditor" StartDate="2014-10-25 10:02:26.725 JST" StructureHandle="=TA2/src&amp;lt;ta2.utils{Methods_dlg.java[Methods_dlg~dlg_ShowMessage_Duration~QActivity;~QString;~I" StructureKind="java"/><InteractionEvent Delta="null" EndDate="2014-10-25 10:04:40.136 JST" Interest="1.0" Kind="edit" Navigation="null" OriginId="org.eclipse.jdt.ui.CompilationUnitEditor" StartDate="2014-10-25 10:04:40.136 JST" StructureHandle="=TA2/src&amp;lt;ta2.utils{CONS.java[CONS[DB^col_types_FilterHistory" StructureKind="java"/><InteractionEvent Delta="null" EndDate="2014-10-25 10:04:38.895 JST" Interest="4.0" Kind="selection" Navigation="null" OriginId="org.eclipse.jdt.ui.CompilationUnitEditor" StartDate="2014-10-25 10:04:08.986 JST" StructureHandle="=TA2/src&amp;lt;ta2.utils{CONS.java[CONS[DB^col_types_FilterHistory" StructureKind="java" NumEvents="4" CreationCount="1122"/><InteractionEvent Delta="null" EndDate="2014-10-25 10:01:50.780 JST" Interest="1.0" Kind="selection" Navigation="null" OriginId="org.eclipse.jdt.ui.CompilationUnitEditor" StartDate="2014-10-25 10:01:50.780 JST" StructureHandle="=SL3/src&amp;lt;sl3.utils{Methods.java#android.app.Activity" StructureKind="java"/><InteractionEvent Delta="null" EndDate="2014-10-25 10:01:54.39 JST" Interest="2.0" Kind="edit" Navigation="null" OriginId="org.eclipse.jdt.ui.CompilationUnitEditor" StartDate="2014-10-25 08:40:51.788 JST" StructureHandle="=SL3/src&amp;lt;sl3.utils{Methods.java" StructureKind="java" NumEvents="2" CreationCount="3"/><InteractionEvent Delta="null" EndDate="2014-10-25 10:09:55.505 JST" Interest="112.01899" Kind="propagation" Navigation="org.eclipse.mylyn.core.model.edges.containment" OriginId="org.eclipse.mylyn.core.model.interest.propagation" StartDate="2014-10-25 08:38:42.343 JST" StructureHandle="=SL3/src&amp;lt;sl3.utils{Methods.java" StructureKind="java" NumEvents="161" CreationCount="3"/><InteractionEvent Delta="null" EndDate="2014-10-25 10:06:15.657 JST" Interest="28.0" Kind="selection" Navigation="null" OriginId="org.eclipse.jdt.ui.CompilationUnitEditor" StartDate="2014-10-25 08:38:35.465 JST" StructureHandle="=SL3/src&amp;lt;sl3.utils{Methods.java" StructureKind="java" NumEvents="28" CreationCount="3"/><InteractionEvent Delta="null" EndDate="2014-10-25 10:05:54.947 JST" Interest="119.0" Kind="propagation" Navigation="null" OriginId="org.eclipse.jdt.ui.CompilationUnitEditor" StartDate="2014-10-25 08:45:00.80 JST" StructureHandle="/SL3/src/sl3/utils/CONS.java" StructureKind="resource" NumEvents="119" CreationCount="225"/><InteractionEvent Delta="null" EndDate="2014-10-25 09:55:39.740 JST" Interest="38.0" Kind="propagation" Navigation="null" OriginId="org.eclipse.jdt.ui.CompilationUnitEditor" StartDate="2014-10-25 09:42:42.718 JST" StructureHandle="/SL3/src/sl3/listeners/dialog/DOI_CL.java" StructureKind="resource" NumEvents="38" CreationCount="760"/><InteractionEvent Delta="null" EndDate="2014-10-25 10:00:11.953 JST" Interest="22.444" Kind="propagation" Navigation="org.eclipse.mylyn.core.model.edges.containment" OriginId="org.eclipse.mylyn.core.model.interest.propagation" StartDate="2014-10-25 09:42:42.718 JST" StructureHandle="=SL3/src&amp;lt;sl3.listeners.dialog" StructureKind="java" NumEvents="35" CreationCount="760"/><InteractionEvent Delta="null" EndDate="2014-10-25 09:25:05.285 JST" Interest="10.0" Kind="edit" Navigation="null" OriginId="org.eclipse.jdt.ui.CompilationUnitEditor" StartDate="2014-10-25 08:45:02.258 JST" StructureHandle="=SL3/src&amp;lt;sl3.utils{CONS.java[CONS[DB^col_Names_PH_full" StructureKind="java" NumEvents="10" CreationCount="226"/><InteractionEvent Delta="null" EndDate="2014-10-25 09:25:03.2 JST" Interest="3.0" Kind="selection" Navigation="null" OriginId="org.eclipse.jdt.ui.CompilationUnitEditor" StartDate="2014-10-25 08:45:00.836 JST" StructureHandle="=SL3/src&amp;lt;sl3.utils{CONS.java[CONS[DB^col_Names_PH_full" StructureKind="java" NumEvents="3" CreationCount="226"/><InteractionEvent Delta="null" EndDate="2014-10-25 09:26:09.76 JST" Interest="14.0" Kind="propagation" Navigation="null" OriginId="org.eclipse.jdt.ui.PackageExplorer" StartDate="2014-10-25 09:15:08.697 JST" StructureHandle="/SL3/src/sl3/adapters/ToBuyListAdapter.java" StructureKind="resource" NumEvents="14" CreationCount="419"/><InteractionEvent Delta="null" EndDate="2014-10-25 09:27:29.869 JST" Interest="117.0" Kind="edit" Navigation="null" OriginId="org.eclipse.jdt.ui.CompilationUnitEditor" StartDate="2014-10-25 08:40:10.981 JST" StructureHandle="=SL3/src&amp;lt;sl3.utils{Methods.java[Methods~_update_PH__PostedAt~QActivity;~QPH;" StructureKind="java" NumEvents="117" CreationCount="89"/><InteractionEvent Delta="null" EndDate="2014-10-25 10:01:38.393 JST" Interest="15.0" Kind="selection" Navigation="null" OriginId="org.eclipse.jdt.ui.CompilationUnitEditor" StartDate="2014-10-25 08:40:10.976 JST" StructureHandle="=SL3/src&amp;lt;sl3.utils{Methods.java[Methods~_update_PH__PostedAt~QActivity;~QPH;" StructureKind="java" NumEvents="15" CreationCount="89"/><InteractionEvent Delta="null" EndDate="2014-10-25 08:40:53.208 JST" Interest="1.0" Kind="edit" Navigation="null" OriginId="org.eclipse.jdt.ui.CompilationUnitEditor" StartDate="2014-10-25 08:40:53.208 JST" StructureHandle="=SL3/src&amp;lt;sl3.utils{Methods.java[Methods~set_Pref_Int~QActivity;~QString;~QString;~I" StructureKind="java"/><InteractionEvent Delta="null" EndDate="2014-10-25 08:40:53.204 JST" Interest="1.0" Kind="selection" Navigation="null" OriginId="org.eclipse.jdt.ui.CompilationUnitEditor" StartDate="2014-10-25 08:40:53.204 JST" StructureHandle="=SL3/src&amp;lt;sl3.utils{Methods.java[Methods~set_Pref_Int~QActivity;~QString;~QString;~I" StructureKind="java"/><InteractionEvent Delta="null" EndDate="2014-10-25 09:15:01.759 JST" Interest="2.0" Kind="propagation" Navigation="null" OriginId="org.eclipse.ui.views.ResourceNavigator" StartDate="2014-10-25 09:14:54.902 JST" StructureHandle="/TA2/src/ta2/services" StructureKind="resource" NumEvents="2" CreationCount="411"/><InteractionEvent Delta="null" EndDate="2014-10-25 09:44:59.45 JST" Interest="8.851" Kind="propagation" Navigation="org.eclipse.mylyn.core.model.edges.containment" OriginId="org.eclipse.mylyn.core.model.interest.propagation" StartDate="2014-10-25 09:05:09.678 JST" StructureHandle="=TA2/src&amp;lt;ta2.utils{DBUtils.java" StructureKind="java" NumEvents="13" CreationCount="280"/><InteractionEvent Delta="null" EndDate="2014-10-25 09:44:57.240 JST" Interest="4.0" Kind="selection" Navigation="null" OriginId="org.eclipse.jdt.ui.CompilationUnitEditor" StartDate="2014-10-25 09:05:02.830 JST" StructureHandle="=TA2/src&amp;lt;ta2.utils{DBUtils.java" StructureKind="java" NumEvents="4" CreationCount="280"/><InteractionEvent Delta="null" EndDate="2014-10-25 10:02:41.133 JST" Interest="3.0" Kind="edit" Navigation="null" OriginId="org.eclipse.jdt.ui.CompilationUnitEditor" StartDate="2014-10-25 10:02:38.796 JST" StructureHandle="=SL3/src&amp;lt;sl3.utils{Methods_dlg.java[Methods_dlg" StructureKind="java" NumEvents="3" CreationCount="757"/><InteractionEvent Delta="null" EndDate="2014-10-25 09:55:44.361 JST" Interest="24.772" Kind="propagation" Navigation="org.eclipse.mylyn.core.model.edges.containment" OriginId="org.eclipse.mylyn.core.model.interest.propagation" StartDate="2014-10-25 09:42:32.830 JST" StructureHandle="=SL3/src&amp;lt;sl3.utils{Methods_dlg.java[Methods_dlg" StructureKind="java" NumEvents="32" CreationCount="757"/><InteractionEvent Delta="null" EndDate="2014-10-25 10:02:37.257 JST" Interest="3.0" Kind="selection" Navigation="null" OriginId="org.eclipse.jdt.ui.CompilationUnitEditor" StartDate="2014-10-25 09:52:07.712 JST" StructureHandle="=SL3/src&amp;lt;sl3.utils{Methods_dlg.java[Methods_dlg" StructureKind="java" NumEvents="3" CreationCount="757"/><InteractionEvent Delta="null" EndDate="2014-10-25 10:02:08.433 JST" Interest="6.0" Kind="selection" Navigation="null" OriginId="org.eclipse.ui.views.ResourceNavigator" StartDate="2014-10-25 10:01:22.651 JST" StructureHandle="=TA2/src&amp;lt;ta2.utils{Methods.java" StructureKind="java" NumEvents="6" CreationCount="1047"/><InteractionEvent Delta="null" EndDate="2014-10-25 10:03:43.399 JST" Interest="1.0" Kind="selection" Navigation="null" OriginId="org.eclipse.jdt.ui.CompilationUnitEditor" StartDate="2014-10-25 10:03:43.399 JST" StructureHandle="=SL3/src&amp;lt;sl3.utils{Methods_dlg.java[Methods_dlg~dlg_ShowMessage_Duration~QActivity;~QString;~I[" StructureKind="java"/><InteractionEvent Delta="null" EndDate="2014-10-25 10:04:19.93 JST" Interest="8.0" Kind="propagation" Navigation="null" OriginId="org.eclipse.jdt.ui.CompilationUnitEditor" StartDate="2014-10-25 10:02:10.25 JST" StructureHandle="/TA2/src/ta2/utils/Methods_dlg.java" StructureKind="resource" NumEvents="8" CreationCount="1077"/><InteractionEvent Delta="null" EndDate="2014-10-25 09:55:30.886 JST" Interest="25.0" Kind="edit" Navigation="null" OriginId="org.eclipse.jdt.ui.CompilationUnitEditor" StartDate="2014-10-25 09:43:22.625 JST" StructureHandle="=SL3/src&amp;lt;sl3.utils{Methods_dlg.java[Methods_dlg~conf_Restore_DB~QActivity;~QDialog;~QDialog;~QDialogTags;" StructureKind="java" NumEvents="25" CreationCount="773"/><InteractionEvent Delta="null" EndDate="2014-10-25 09:55:44.360 JST" Interest="9.0" Kind="selection" Navigation="null" OriginId="org.eclipse.jdt.ui.CompilationUnitEditor" StartDate="2014-10-25 09:43:21.882 JST" StructureHandle="=SL3/src&amp;lt;sl3.utils{Methods_dlg.java[Methods_dlg~conf_Restore_DB~QActivity;~QDialog;~QDialog;~QDialogTags;" StructureKind="java" NumEvents="9" CreationCount="773"/><InteractionEvent Delta="null" EndDate="2014-10-25 10:00:11.952 JST" Interest="45.0" Kind="propagation" Navigation="null" OriginId="org.eclipse.jdt.ui.CompilationUnitEditor" StartDate="2014-10-25 09:43:55.877 JST" StructureHandle="/SL3/src/sl3/listeners/dialog/DB_OCL.java" StructureKind="resource" NumEvents="45" CreationCount="790"/><InteractionEvent Delta="null" EndDate="2014-10-25 10:09:55.505 JST" Interest="1203.0339" Kind="propagation" Navigation="org.eclipse.mylyn.core.model.edges.containment" OriginId="org.eclipse.mylyn.core.model.interest.propagation" StartDate="2014-10-25 08:38:31.346 JST" StructureHandle="/" StructureKind="resource" NumEvents="1207" CreationCount="1"/><InteractionEvent Delta="null" EndDate="2014-10-25 09:51:30.437 JST" Interest="10.299999" Kind="propagation" Navigation="org.eclipse.mylyn.core.model.edges.containment" OriginId="org.eclipse.mylyn.core.model.interest.propagation" StartDate="2014-10-25 09:42:13.881 JST" StructureHandle="/SL3/res/values" StructureKind="resource" NumEvents="13" CreationCount="748"/><InteractionEvent Delta="null" EndDate="2014-10-25 09:09:46.864 JST" Interest="1.0" Kind="propagation" Navigation="org.eclipse.mylyn.core.model.edges.containment" OriginId="org.eclipse.mylyn.core.model.interest.propagation" StartDate="2014-10-25 09:09:46.864 JST" StructureHandle="/SL3/bin" StructureKind="resource"/><InteractionEvent Delta="null" EndDate="2014-10-25 09:32:24.794 JST" Interest="1.0" Kind="edit" Navigation="null" OriginId="org.eclipse.jdt.ui.CompilationUnitEditor" StartDate="2014-10-25 09:32:24.794 JST" StructureHandle="=SL3/src&amp;lt;sl3.tasks{Task_Post_History.java[Task_Post_History~_doInBackground__1_getJSONBody~QSI;" StructureKind="java"/><InteractionEvent Delta="null" EndDate="2014-10-25 09:32:28.152 JST" Interest="4.0" Kind="selection" Navigation="null" OriginId="org.eclipse.jdt.ui.CompilationUnitEditor" StartDate="2014-10-25 09:32:24.780 JST" StructureHandle="=SL3/src&amp;lt;sl3.tasks{Task_Post_History.java[Task_Post_History~_doInBackground__1_getJSONBody~QSI;" StructureKind="java" NumEvents="4" CreationCount="686"/><InteractionEvent Delta="null" EndDate="2014-10-25 10:04:19.93 JST" Interest="5.0" Kind="selection" Navigation="null" OriginId="org.eclipse.jdt.ui.CompilationUnitEditor" StartDate="2014-10-25 10:02:10.25 JST" StructureHandle="=TA2/src&amp;lt;ta2.utils{Methods_dlg.java" StructureKind="java" NumEvents="5" CreationCount="1077"/><InteractionEvent Delta="null" EndDate="2014-10-25 08:40:16.576 JST" Interest="2.0" Kind="edit" Navigation="null" OriginId="org.eclipse.jdt.ui.CompilationUnitEditor" StartDate="2014-10-25 08:39:55.503 JST" StructureHandle="=SL3/src&amp;lt;sl3.utils{Methods.java[Methods" StructureKind="java" NumEvents="2" CreationCount="6"/><InteractionEvent Delta="null" EndDate="2014-10-25 10:09:55.505 JST" Interest="135.96799" Kind="propagation" Navigation="org.eclipse.mylyn.core.model.edges.containment" OriginId="org.eclipse.mylyn.core.model.interest.propagation" StartDate="2014-10-25 08:38:39.426 JST" StructureHandle="=SL3/src&amp;lt;sl3.utils{Methods.java[Methods" StructureKind="java" NumEvents="189" CreationCount="6"/><InteractionEvent Delta="null" EndDate="2014-10-25 10:01:40.699 JST" Interest="4.0" Kind="selection" Navigation="null" OriginId="org.eclipse.jdt.ui.CompilationUnitEditor" StartDate="2014-10-25 08:39:55.496 JST" StructureHandle="=SL3/src&amp;lt;sl3.utils{Methods.java[Methods" StructureKind="java" NumEvents="4" CreationCount="6"/><InteractionEvent Delta="null" EndDate="2014-10-25 09:42:34.122 JST" Interest="1.0" Kind="edit" Navigation="null" OriginId="org.eclipse.jdt.ui.CompilationUnitEditor" StartDate="2014-10-25 09:42:34.122 JST" StructureHandle="=SL3/src&amp;lt;sl3.utils{Methods_dlg.java[Methods_dlg~dlg_OptMenu_TabActv_Opearations~QActivity;~QDialog;" StructureKind="java"/><InteractionEvent Delta="null" EndDate="2014-10-25 09:43:21.238 JST" Interest="2.0" Kind="selection" Navigation="null" OriginId="org.eclipse.jdt.ui.CompilationUnitEditor" StartDate="2014-10-25 09:42:32.829 JST" StructureHandle="=SL3/src&amp;lt;sl3.utils{Methods_dlg.java[Methods_dlg~dlg_OptMenu_TabActv_Opearations~QActivity;~QDialog;" StructureKind="java" NumEvents="2" CreationCount="757"/><InteractionEvent Delta="null" EndDate="2014-10-25 09:05:14.682 JST" Interest="1.0" Kind="edit" Navigation="null" OriginId="org.eclipse.jdt.ui.CompilationUnitEditor" StartDate="2014-10-25 09:05:14.682 JST" StructureHandle="=TA2/src&amp;lt;ta2.utils{DBUtils.java[DBUtils" StructureKind="java"/><InteractionEvent Delta="null" EndDate="2014-10-25 09:44:59.44 JST" Interest="11.1" Kind="propagation" Navigation="org.eclipse.mylyn.core.model.edges.containment" OriginId="org.eclipse.mylyn.core.model.interest.propagation" StartDate="2014-10-25 09:05:09.84 JST" StructureHandle="=TA2/src&amp;lt;ta2.utils{DBUtils.java[DBUtils" StructureKind="java" NumEvents="15" CreationCount="283"/><InteractionEvent Delta="null" EndDate="2014-10-25 09:05:14.673 JST" Interest="1.0" Kind="selection" Navigation="null" OriginId="org.eclipse.jdt.ui.CompilationUnitEditor" StartDate="2014-10-25 09:05:14.673 JST" StructureHandle="=TA2/src&amp;lt;ta2.utils{DBUtils.java[DBUtils" StructureKind="java"/><InteractionEvent Delta="null" EndDate="2014-10-25 10:02:08.433 JST" Interest="14.0" Kind="propagation" Navigation="null" OriginId="org.eclipse.ui.views.ResourceNavigator" StartDate="2014-10-25 10:01:22.651 JST" StructureHandle="/TA2/src/ta2/utils/Methods.java" StructureKind="resource" NumEvents="14" CreationCount="1047"/><InteractionEvent Delta="null" EndDate="2014-10-25 09:44:54.413 JST" Interest="29.812" Kind="propagation" Navigation="org.eclipse.mylyn.core.model.edges.containment" OriginId="org.eclipse.mylyn.core.model.interest.propagation" StartDate="2014-10-25 09:26:17.493 JST" StructureHandle="=SL3/src&amp;lt;sl.main" StructureKind="java" NumEvents="44" CreationCount="489"/><InteractionEvent Delta="null" EndDate="2014-10-25 09:26:15.809 JST" Interest="1.0" Kind="selection" Navigation="null" OriginId="org.eclipse.jdt.ui.PackageExplorer" StartDate="2014-10-25 09:26:15.809 JST" StructureHandle="=SL3/src&amp;lt;sl.main" StructureKind="java"/><InteractionEvent Delta="null" EndDate="2014-10-25 09:26:20.606 JST" Interest="1.0" Kind="selection" Navigation="null" OriginId="org.eclipse.ui.views.ContentOutline" StartDate="2014-10-25 09:26:20.606 JST" StructureHandle="=SL3/src&amp;lt;sl.main{TabActv.java%sl.main" StructureKind="java"/><InteractionEvent Delta="null" EndDate="2014-10-25 09:27:22.693 JST" Interest="36.0" Kind="edit" Navigation="null" OriginId="org.eclipse.jdt.ui.CompilationUnitEditor" StartDate="2014-10-25 09:26:54.827 JST" StructureHandle="=SL3/src&amp;lt;sl.main{TabActv.java[TabActv~onStop" StructureKind="java" NumEvents="36" CreationCount="525"/><InteractionEvent Delta="null" EndDate="2014-10-25 09:44:54.490 JST" Interest="5.0" Kind="selection" Navigation="null" OriginId="org.eclipse.jdt.ui.CompilationUnitEditor" StartDate="2014-10-25 09:26:54.245 JST" StructureHandle="=SL3/src&amp;lt;sl.main{TabActv.java[TabActv~onStop" StructureKind="java" NumEvents="5" CreationCount="525"/><InteractionEvent Delta="null" EndDate="2014-10-25 10:08:39.55 JST" Interest="11.0" Kind="prediction" Navigation="null" OriginId="org.eclipse.mylyn.resources.ui.interest.updater" StartDate="2014-10-25 09:09:46.863 JST" StructureHandle="/SL3/bin/classes.dex" StructureKind="resource" NumEvents="11" CreationCount="408"/><InteractionEvent Delta="null" EndDate="2014-10-25 09:16:35.646 JST" Interest="4.0" Kind="edit" Navigation="null" OriginId="org.eclipse.jdt.ui.CompilationUnitEditor" StartDate="2014-10-25 09:15:35.149 JST" StructureHandle="=SL3/src&amp;lt;sl3.adapters{ToBuyListAdapter.java[ToBuyListAdapter~getView__1_setupTextView~QView;~QSI;" StructureKind="java" NumEvents="4" CreationCount="427"/><InteractionEvent Delta="null" EndDate="2014-10-25 09:15:33.681 JST" Interest="1.0" Kind="selection" Navigation="null" OriginId="org.eclipse.jdt.ui.CompilationUnitEditor" StartDate="2014-10-25 09:15:33.681 JST" StructureHandle="=SL3/src&amp;lt;sl3.adapters{ToBuyListAdapter.java[ToBuyListAdapter~getView__1_setupTextView~QView;~QSI;" StructureKind="java"/><InteractionEvent Delta="null" EndDate="2014-10-25 09:26:10.370 JST" Interest="15.034" Kind="propagation" Navigation="null" OriginId="org.eclipse.jdt.ui.PackageExplorer" StartDate="2014-10-25 09:15:04.921 JST" StructureHandle="/SL3/src/sl3/adapters" StructureKind="resource" NumEvents="17" CreationCount="417"/><InteractionEvent Delta="null" EndDate="2014-10-25 09:26:46.738 JST" Interest="29.0" Kind="edit" Navigation="null" OriginId="org.eclipse.jdt.ui.CompilationUnitEditor" StartDate="2014-10-25 09:26:22.112 JST" StructureHandle="=SL3/src&amp;lt;sl.main{TabActv.java[TabActv~onStart" StructureKind="java" NumEvents="29" CreationCount="492"/><InteractionEvent Delta="null" EndDate="2014-10-25 09:26:22.36 JST" Interest="1.0" Kind="selection" Navigation="null" OriginId="org.eclipse.ui.views.ContentOutline" StartDate="2014-10-25 09:26:22.36 JST" StructureHandle="=SL3/src&amp;lt;sl.main{TabActv.java[TabActv~onStart" StructureKind="java"/><InteractionEvent Delta="null" EndDate="2014-10-25 10:01:43.83 JST" Interest="1.0" Kind="selection" Navigation="null" OriginId="org.eclipse.jdt.ui.CompilationUnitEditor" StartDate="2014-10-25 10:01:43.83 JST" StructureHandle="=SL3/src&amp;lt;sl3.utils{Methods.java#java.io.BufferedReader" StructureKind="java"/><InteractionEvent Delta="null" EndDate="2014-10-25 09:44:54.491 JST" Interest="80.017" Kind="propagation" Navigation="null" OriginId="org.eclipse.jdt.ui.CompilationUnitEditor" StartDate="2014-10-25 09:26:15.811 JST" StructureHandle="/SL3/src/sl/main" StructureKind="resource" NumEvents="81" CreationCount="489"/><InteractionEvent Delta="null" EndDate="2014-10-25 08:40:03.432 JST" Interest="5.0" Kind="edit" Navigation="null" OriginId="org.eclipse.jdt.ui.CompilationUnitEditor" StartDate="2014-10-25 08:38:56.548 JST" StructureHandle="=SL3/src&amp;lt;sl3.utils{Methods.java[Methods~_GetParam__PH~QActivity;~QPH;" StructureKind="java" NumEvents="5" CreationCount="21"/><InteractionEvent Delta="null" EndDate="2014-10-25 08:40:02.515 JST" Interest="4.0" Kind="selection" Navigation="null" OriginId="org.eclipse.jdt.ui.CompilationUnitEditor" StartDate="2014-10-25 08:38:56.535 JST" StructureHandle="=SL3/src&amp;lt;sl3.utils{Methods.java[Methods~_GetParam__PH~QActivity;~QPH;" StructureKind="java" NumEvents="4" CreationCount="21"/><InteractionEvent Delta="null" EndDate="2014-10-25 09:16:35.647 JST" Interest="3.902" Kind="propagation" Navigation="org.eclipse.mylyn.core.model.edges.containment" OriginId="org.eclipse.mylyn.core.model.interest.propagation" StartDate="2014-10-25 09:15:15.272 JST" StructureHandle="=SL3/src&amp;lt;sl3.adapters{ToBuyListAdapter.java[ToBuyListAdapter" StructureKind="java" NumEvents="7" CreationCount="421"/><InteractionEvent Delta="null" EndDate="2014-10-25 09:15:27.603 JST" Interest="4.0" Kind="edit" Navigation="null" OriginId="org.eclipse.jdt.ui.CompilationUnitEditor" StartDate="2014-10-25 09:15:20.717 JST" StructureHandle="=SL3/src&amp;lt;sl3.adapters{ToBuyListAdapter.java[ToBuyListAdapter~getView__2_setupBackground~QView;~QSI;~I" StructureKind="java" NumEvents="4" CreationCount="422"/><InteractionEvent Delta="null" EndDate="2014-10-25 09:15:18.423 JST" Interest="1.0" Kind="selection" Navigation="null" OriginId="org.eclipse.jdt.ui.CompilationUnitEditor" StartDate="2014-10-25 09:15:18.423 JST" StructureHandle="=SL3/src&amp;lt;sl3.adapters{ToBuyListAdapter.java[ToBuyListAdapter~getView__2_setupBackground~QView;~QSI;~I" StructureKind="java"/><InteractionEvent Delta="null" EndDate="2014-10-25 10:05:36.404 JST" Interest="1.0" Kind="edit" Navigation="null" OriginId="org.eclipse.jdt.ui.CompilationUnitEditor" StartDate="2014-10-25 10:05:36.404 JST" StructureHandle="=SL3/src&amp;lt;sl3.utils{CONS.java[CONS[DB^fname_Log_Trunk" StructureKind="java"/><InteractionEvent Delta="null" EndDate="2014-10-25 10:05:54.947 JST" Interest="2.0" Kind="selection" Navigation="null" OriginId="org.eclipse.jdt.ui.CompilationUnitEditor" StartDate="2014-10-25 10:05:36.401 JST" StructureHandle="=SL3/src&amp;lt;sl3.utils{CONS.java[CONS[DB^fname_Log_Trunk" StructureKind="java" NumEvents="2" CreationCount="1215"/><InteractionEvent Delta="null" EndDate="2014-10-25 09:54:48.464 JST" Interest="32.0" Kind="edit" Navigation="null" OriginId="org.eclipse.jdt.ui.CompilationUnitEditor" StartDate="2014-10-25 09:44:09.407 JST" StructureHandle="=SL3/src&amp;lt;sl3.utils{Methods.java[Methods~ACTV_TAB_OPT_RESTORE_DB~QActivity;~QDialog;~QDialog;~QDialog;" StructureKind="java" NumEvents="32" CreationCount="797"/><InteractionEvent Delta="null" EndDate="2014-10-25 09:56:39.510 JST" Interest="10.0" Kind="selection" Navigation="null" OriginId="org.eclipse.jdt.ui.CompilationUnitEditor" StartDate="2014-10-25 09:44:09.393 JST" StructureHandle="=SL3/src&amp;lt;sl3.utils{Methods.java[Methods~ACTV_TAB_OPT_RESTORE_DB~QActivity;~QDialog;~QDialog;~QDialog;" StructureKind="java" NumEvents="10" CreationCount="797"/><InteractionEvent Delta="null" EndDate="2014-10-25 09:28:24.751 JST" Interest="85.203" Kind="propagation" Navigation="org.eclipse.mylyn.core.model.edges.containment" OriginId="org.eclipse.mylyn.core.model.interest.propagation" StartDate="2014-10-25 08:43:12.297 JST" StructureHandle="=SL3/src&amp;lt;sl3.utils{DBUtils.java[DBUtils" StructureKind="java" NumEvents="117" CreationCount="183"/><InteractionEvent Delta="null" EndDate="2014-10-25 09:04:47.755 JST" Interest="2.0" Kind="selection" Navigation="null" OriginId="org.eclipse.jdt.ui.CompilationUnitEditor" StartDate="2014-10-25 08:46:05.118 JST" StructureHandle="=SL3/src&amp;lt;sl3.utils{DBUtils.java[DBUtils" StructureKind="java" NumEvents="2" CreationCount="183"/><InteractionEvent Delta="null" EndDate="2014-10-25 10:09:55.505 JST" Interest="529.0" Kind="propagation" Navigation="null" OriginId="org.eclipse.jdt.ui.CompilationUnitEditor" StartDate="2014-10-25 08:38:35.465 JST" StructureHandle="/SL3/src/sl3/utils/Methods.java" StructureKind="resource" NumEvents="529" CreationCount="3"/><InteractionEvent Delta="null" EndDate="2014-10-25 09:05:05.250 JST" Interest="1.0" Kind="selection" Navigation="null" OriginId="org.eclipse.ui.views.ContentOutline" StartDate="2014-10-25 09:05:05.250 JST" StructureHandle="=TA2/src&amp;lt;ta2.utils{DBUtils.java%ta2.utils" StructureKind="java"/><InteractionEvent Delta="null" EndDate="2014-10-25 09:07:44.663 JST" Interest="2.0" Kind="edit" Navigation="null" OriginId="org.eclipse.jdt.ui.CompilationUnitEditor" StartDate="2014-10-25 09:05:43.562 JST" StructureHandle="=SL3/src&amp;lt;sl3.utils{DBUtils.java[DBUtils~insert_Data~QActivity;~QString;~QContentValues;" StructureKind="java" NumEvents="2" CreationCount="306"/><InteractionEvent Delta="null" EndDate="2014-10-25 09:07:41.529 JST" Interest="2.0" Kind="selection" Navigation="null" OriginId="org.eclipse.jdt.ui.CompilationUnitEditor" StartDate="2014-10-25 09:05:41.784 JST" StructureHandle="=SL3/src&amp;lt;sl3.utils{DBUtils.java[DBUtils~insert_Data~QActivity;~QString;~QContentValues;" StructureKind="java" NumEvents="2" CreationCount="306"/><InteractionEvent Delta="null" EndDate="2014-10-25 09:32:22.246 JST" Interest="34.0" Kind="edit" Navigation="null" OriginId="org.eclipse.jdt.ui.CompilationUnitEditor" StartDate="2014-10-25 09:31:12.263 JST" StructureHandle="=SL3/src&amp;lt;sl3.tasks{Task_Post_History.java[Task_Post_History~onPostExecute~QInteger;" StructureKind="java" NumEvents="34" CreationCount="646"/><InteractionEvent Delta="null" EndDate="2014-10-25 09:31:29.608 JST" Interest="3.0" Kind="selection" Navigation="null" OriginId="org.eclipse.jdt.ui.CompilationUnitEditor" StartDate="2014-10-25 09:31:11.672 JST" StructureHandle="=SL3/src&amp;lt;sl3.tasks{Task_Post_History.java[Task_Post_History~onPostExecute~QInteger;" StructureKind="java" NumEvents="3" CreationCount="646"/><InteractionEvent Delta="null" EndDate="2014-10-25 09:28:27.945 JST" Interest="79.22001" Kind="propagation" Navigation="org.eclipse.mylyn.core.model.edges.containment" OriginId="org.eclipse.mylyn.core.model.interest.propagation" StartDate="2014-10-25 08:43:12.298 JST" StructureHandle="=SL3/src&amp;lt;sl3.utils{DBUtils.java" StructureKind="java" NumEvents="117" CreationCount="182"/><InteractionEvent Delta="null" EndDate="2014-10-25 10:05:57.784 JST" Interest="15.0" Kind="selection" Navigation="null" OriginId="org.eclipse.jdt.ui.CompilationUnitEditor" StartDate="2014-10-25 08:43:10.712 JST" StructureHandle="=SL3/src&amp;lt;sl3.utils{DBUtils.java" StructureKind="java" NumEvents="15" CreationCount="182"/><InteractionEvent Delta="null" EndDate="2014-10-25 09:44:48.521 JST" Interest="56.0" Kind="edit" Navigation="null" OriginId="org.eclipse.jdt.ui.CompilationUnitEditor" StartDate="2014-10-25 09:27:58.960 JST" StructureHandle="=SL3/src&amp;lt;sl3.tasks{Task_Post_History.java[Task_Post_History~doInBackground~\[QString;" StructureKind="java" NumEvents="56" CreationCount="588"/><InteractionEvent Delta="null" EndDate="2014-10-25 09:44:45.518 JST" Interest="10.0" Kind="selection" Navigation="null" OriginId="org.eclipse.jdt.ui.CompilationUnitEditor" StartDate="2014-10-25 09:27:58.376 JST" StructureHandle="=SL3/src&amp;lt;sl3.tasks{Task_Post_History.java[Task_Post_History~doInBackground~\[QString;" StructureKind="java" NumEvents="10" CreationCount="588"/><InteractionEvent Delta="null" EndDate="2014-10-25 10:06:03.595 JST" Interest="7.0" Kind="edit" Navigation="null" OriginId="org.eclipse.jdt.ui.CompilationUnitEditor" StartDate="2014-10-25 09:28:26.273 JST" StructureHandle="=SL3/src&amp;lt;sl3.utils{DBUtils.java[DBUtils~find_ALL_PHs__Unposted~QActivity;" StructureKind="java" NumEvents="7" CreationCount="602"/><InteractionEvent Delta="null" EndDate="2014-10-25 10:05:57.992 JST" Interest="5.0" Kind="selection" Navigation="null" OriginId="org.eclipse.jdt.ui.CompilationUnitEditor" StartDate="2014-10-25 09:28:25.405 JST" StructureHandle="=SL3/src&amp;lt;sl3.utils{DBUtils.java[DBUtils~find_ALL_PHs__Unposted~QActivity;" StructureKind="java" NumEvents="5" CreationCount="602"/><InteractionEvent Delta="null" EndDate="2014-10-25 10:05:45.612 JST" Interest="4.057" Kind="manipulation" Navigation="null" OriginId="org.eclipse.mylyn.core.model.interest.decay.correction" StartDate="2014-10-25 10:05:45.612 JST" StructureHandle="=SL3/src&amp;lt;sl3.utils{DBUtils.java[DBUtils~find_ALL_PHs__Unposted~QActivity;" StructureKind="java"/><InteractionEvent Delta="null" EndDate="2014-10-25 09:56:00.901 JST" Interest="4.0" Kind="edit" Navigation="null" OriginId="org.eclipse.jdt.ui.CompilationUnitEditor" StartDate="2014-10-25 09:55:50.856 JST" StructureHandle="=SL3/src&amp;lt;sl3.utils{Methods_dlg.java[Methods_dlg~dlg_Tmpl_OkCancel_3rd_Dialogue~QActivity;~QDialog;~QDialog;~I~I~I~I~QDialogTags;~QDialogTags;" StructureKind="java" NumEvents="4" CreationCount="789"/><InteractionEvent Delta="null" EndDate="2014-10-25 10:02:34.648 JST" Interest="4.0" Kind="selection" Navigation="null" OriginId="org.eclipse.jdt.ui.CompilationUnitEditor" StartDate="2014-10-25 09:43:49.520 JST" StructureHandle="=SL3/src&amp;lt;sl3.utils{Methods_dlg.java[Methods_dlg~dlg_Tmpl_OkCancel_3rd_Dialogue~QActivity;~QDialog;~QDialog;~I~I~I~I~QDialogTags;~QDialogTags;" StructureKind="java" NumEvents="4" CreationCount="789"/><InteractionEvent Delta="null" EndDate="2014-10-25 09:55:49.874 JST" Interest="1.1450002" Kind="manipulation" Navigation="null" OriginId="org.eclipse.mylyn.core.model.interest.decay.correction" StartDate="2014-10-25 09:55:49.874 JST" StructureHandle="=SL3/src&amp;lt;sl3.utils{Methods_dlg.java[Methods_dlg~dlg_Tmpl_OkCancel_3rd_Dialogue~QActivity;~QDialog;~QDialog;~I~I~I~I~QDialogTags;~QDialogTags;" StructureKind="java"/><InteractionEvent Delta="null" EndDate="2014-10-25 09:56:05.174 JST" Interest="2.0" Kind="selection" Navigation="null" OriginId="org.eclipse.jdt.ui.CompilationUnitEditor" StartDate="2014-10-25 09:43:56.634 JST" StructureHandle="=SL3/src&amp;lt;sl3.listeners.dialog{DB_OCL.java[DB_OCL~DB_OCL~QActivity;~QDialog;~QDialog;~QDialog;" StructureKind="java" NumEvents="2" CreationCount="791"/><InteractionEvent Delta="null" EndDate="2014-10-25 09:56:05.175 JST" Interest="2.2300003" Kind="manipulation" Navigation="null" OriginId="org.eclipse.mylyn.core.model.interest.decay.correction" StartDate="2014-10-25 09:56:05.175 JST" StructureHandle="=SL3/src&amp;lt;sl3.listeners.dialog{DB_OCL.java[DB_OCL~DB_OCL~QActivity;~QDialog;~QDialog;~QDialog;" StructureKind="java"/><InteractionEvent Delta="null" EndDate="2014-10-25 10:04:26.527 JST" Interest="1.0" Kind="edit" Navigation="null" OriginId="org.eclipse.jdt.ui.CompilationUnitEditor" StartDate="2014-10-25 10:04:26.527 JST" StructureHandle="=SL3/src&amp;lt;sl3.utils{CONS.java[CONS[DB^dbName_Importing" StructureKind="java"/><InteractionEvent Delta="null" EndDate="2014-10-25 10:04:26.522 JST" Interest="1.0" Kind="selection" Navigation="null" OriginId="org.eclipse.jdt.ui.CompilationUnitEditor" StartDate="2014-10-25 10:04:26.522 JST" StructureHandle="=SL3/src&amp;lt;sl3.utils{CONS.java[CONS[DB^dbName_Importing" StructureKind="java"/><InteractionEvent Delta="null" EndDate="2014-10-25 09:27:58.467 JST" Interest="3.0" Kind="selection" Navigation="null" OriginId="org.eclipse.jdt.ui.CompilationUnitEditor" StartDate="2014-10-25 09:27:57.686 JST" StructureHandle="=SL3/src&amp;lt;sl3.tasks{Task_Post_History.java[Task_Post_History~_PostData~QHttpPost;" StructureKind="java" NumEvents="3" CreationCount="587"/><InteractionEvent Delta="null" EndDate="2014-10-25 09:44:54.490 JST" Interest="79.0" Kind="propagation" Navigation="null" OriginId="org.eclipse.jdt.ui.CompilationUnitEditor" StartDate="2014-10-25 09:26:17.493 JST" StructureHandle="/SL3/src/sl/main/TabActv.java" StructureKind="resource" NumEvents="79" CreationCount="490"/><InteractionEvent Delta="null" EndDate="2014-10-25 09:44:54.491 JST" Interest="80.017" Kind="propagation" Navigation="org.eclipse.mylyn.core.model.edges.containment" OriginId="org.eclipse.mylyn.core.model.interest.propagation" StartDate="2014-10-25 09:26:15.811 JST" StructureHandle="/SL3/src/sl" StructureKind="resource" NumEvents="81" CreationCount="489"/><InteractionEvent Delta="null" EndDate="2014-10-25 10:01:46.555 JST" Interest="1.0339999" Kind="propagation" Navigation="org.eclipse.mylyn.core.model.edges.containment" OriginId="org.eclipse.mylyn.core.model.interest.propagation" StartDate="2014-10-25 10:01:43.98 JST" StructureHandle="=SL3/src&amp;lt;sl3.utils{Methods.java#" StructureKind="java" NumEvents="3" CreationCount="1065"/><InteractionEvent Delta="null" EndDate="2014-10-25 10:01:49.60 JST" Interest="1.0" Kind="selection" Navigation="null" OriginId="org.eclipse.jdt.ui.CompilationUnitEditor" StartDate="2014-10-25 10:01:49.60 JST" StructureHandle="=SL3/src&amp;lt;sl3.utils{Methods.java#" StructureKind="java"/><InteractionEvent Delta="null" EndDate="2014-10-25 09:09:09.136 JST" Interest="3.0" Kind="selection" Navigation="null" OriginId="org.eclipse.jdt.ui.CompilationUnitEditor" StartDate="2014-10-25 09:05:45.296 JST" StructureHandle="=SL3/src&amp;lt;sl3.utils{DBUtils.java[DBUtils~find_Store_from_Name~QActivity;~QString;" StructureKind="java" NumEvents="3" CreationCount="308"/><InteractionEvent Delta="null" EndDate="2014-10-25 09:04:58.630 JST" Interest="1.0" Kind="selection" Navigation="null" OriginId="org.eclipse.ui.views.ResourceNavigator" StartDate="2014-10-25 09:04:58.630 JST" StructureHandle="=TA2/src&amp;lt;ta2" StructureKind="java"/><InteractionEvent Delta="null" EndDate="2014-10-25 10:00:11.953 JST" Interest="83.0" Kind="propagation" Navigation="org.eclipse.mylyn.core.model.edges.containment" OriginId="org.eclipse.mylyn.core.model.interest.propagation" StartDate="2014-10-25 09:42:42.718 JST" StructureHandle="/SL3/src/sl3/listeners" StructureKind="resource" NumEvents="83" CreationCount="760"/><InteractionEvent Delta="null" EndDate="2014-10-25 09:54:32.779 JST" Interest="3.0" Kind="selection" Navigation="null" OriginId="org.eclipse.jdt.ui.CompilationUnitEditor" StartDate="2014-10-25 09:54:29.832 JST" StructureHandle="=SL3/src&amp;lt;sl3.utils{Methods.java[Methods~getYomi_full~QString;~QString;" StructureKind="java" NumEvents="3" CreationCount="944"/><InteractionEvent Delta="null" EndDate="2014-10-25 10:04:55.214 JST" Interest="5.1" Kind="propagation" Navigation="org.eclipse.mylyn.core.model.edges.containment" OriginId="org.eclipse.mylyn.core.model.interest.propagation" StartDate="2014-10-25 10:04:36.98 JST" StructureHandle="=SL3/src&amp;lt;sl3.utils{CONS.java[CONS[SQLs" StructureKind="java" NumEvents="7" CreationCount="1146"/><InteractionEvent Delta="null" EndDate="2014-10-25 09:27:55.510 JST" Interest="1.0" Kind="selection" Navigation="null" OriginId="org.eclipse.ui.views.ContentOutline" StartDate="2014-10-25 09:27:55.510 JST" StructureHandle="=SL3/src&amp;lt;sl3.tasks{Task_Post_History.java%sl3.tasks" StructureKind="java"/><InteractionEvent Delta="null" EndDate="2014-10-25 09:58:06.184 JST" Interest="1.0" Kind="selection" Navigation="null" OriginId="org.eclipse.jdt.ui.CompilationUnitEditor" StartDate="2014-10-25 09:58:06.184 JST" StructureHandle="=SL3/src&amp;lt;sl3.listeners.dialog{DB_OCL.java[DB_OCL~DB_OCL~QActivity;~QDialog;~QDialog;~QDialog;~QPS;" StructureKind="java"/><InteractionEvent Delta="null" EndDate="2014-10-25 10:00:13.966 JST" Interest="10.0" Kind="edit" Navigation="null" OriginId="org.eclipse.jdt.ui.CompilationUnitEditor" StartDate="2014-10-25 09:56:50.26 JST" StructureHandle="=SL3/src&amp;lt;sl3.utils{Methods.java[Methods~_restore_ItemIds__CheckedIds~QActivity;" StructureKind="java" NumEvents="10" CreationCount="995"/><InteractionEvent Delta="null" EndDate="2014-10-25 10:00:12.868 JST" Interest="2.0" Kind="selection" Navigation="null" OriginId="org.eclipse.jdt.ui.CompilationUnitEditor" StartDate="2014-10-25 09:56:44.147 JST" StructureHandle="=SL3/src&amp;lt;sl3.utils{Methods.java[Methods~_restore_ItemIds__CheckedIds~QActivity;" StructureKind="java" NumEvents="2" CreationCount="995"/><InteractionEvent Delta="null" EndDate="2014-10-25 10:09:55.505 JST" Interest="900.01697" Kind="propagation" Navigation="org.eclipse.mylyn.core.model.edges.containment" OriginId="org.eclipse.mylyn.core.model.interest.propagation" StartDate="2014-10-25 08:38:33.773 JST" StructureHandle="/SL3/src/sl3" StructureKind="resource" NumEvents="902" CreationCount="2"/><InteractionEvent Delta="null" EndDate="2014-10-25 09:31:27.397 JST" Interest="1.0" Kind="edit" Navigation="null" OriginId="org.eclipse.jdt.ui.CompilationUnitEditor" StartDate="2014-10-25 09:31:27.397 JST" StructureHandle="=SL3/src&amp;lt;sl3.tasks{Task_Post_History.java[Task_Post_History" StructureKind="java"/><InteractionEvent Delta="null" EndDate="2014-10-25 09:44:48.521 JST" Interest="44.517002" Kind="propagation" Navigation="org.eclipse.mylyn.core.model.edges.containment" OriginId="org.eclipse.mylyn.core.model.interest.propagation" StartDate="2014-10-25 09:27:57.691 JST" StructureHandle="=SL3/src&amp;lt;sl3.tasks{Task_Post_History.java[Task_Post_History" StructureKind="java" NumEvents="63" CreationCount="587"/><InteractionEvent Delta="null" EndDate="2014-10-25 09:31:27.393 JST" Interest="4.0" Kind="selection" Navigation="null" OriginId="org.eclipse.jdt.ui.CompilationUnitEditor" StartDate="2014-10-25 09:31:05.631 JST" StructureHandle="=SL3/src&amp;lt;sl3.tasks{Task_Post_History.java[Task_Post_History" StructureKind="java" NumEvents="4" CreationCount="587"/><InteractionEvent Delta="null" EndDate="2014-10-25 09:25:16.461 JST" Interest="1.0" Kind="selection" Navigation="null" OriginId="org.eclipse.jdt.ui.CompilationUnitEditor" StartDate="2014-10-25 09:25:16.461 JST" StructureHandle="=SL3/src&amp;lt;sl3.utils{CONS.java[CONS[TabActv^adp_List_Store_SearchDlg" StructureKind="java"/><InteractionEvent Delta="null" EndDate="2014-10-25 09:44:48.522 JST" Interest="122.0" Kind="propagation" Navigation="org.eclipse.mylyn.core.model.edges.containment" OriginId="org.eclipse.mylyn.core.model.interest.propagation" StartDate="2014-10-25 09:27:53.379 JST" StructureHandle="/SL3/src/sl3/tasks" StructureKind="resource" NumEvents="122" CreationCount="585"/><InteractionEvent Delta="null" EndDate="2014-10-25 10:04:47.294 JST" Interest="3.0" Kind="edit" Navigation="null" OriginId="org.eclipse.jdt.ui.CompilationUnitEditor" StartDate="2014-10-25 10:04:11.553 JST" StructureHandle="=TA2/src&amp;lt;ta2.utils{CONS.java[CONS[DB^logFile_MaxSize" StructureKind="java" NumEvents="3" CreationCount="1121"/><InteractionEvent Delta="null" EndDate="2014-10-25 10:05:20.174 JST" Interest="4.0" Kind="selection" Navigation="null" OriginId="org.eclipse.jdt.ui.CompilationUnitEditor" StartDate="2014-10-25 10:04:06.705 JST" StructureHandle="=TA2/src&amp;lt;ta2.utils{CONS.java[CONS[DB^logFile_MaxSize" StructureKind="java" NumEvents="4" CreationCount="1121"/><InteractionEvent Delta="null" EndDate="2014-10-25 08:40:50.10 JST" Interest="3.0" Kind="edit" Navigation="null" OriginId="org.eclipse.jdt.ui.CompilationUnitEditor" StartDate="2014-10-25 08:40:43.312 JST" StructureHandle="=SL3/src&amp;lt;sl3.utils{Methods.java[Methods~db_backup~QActivity;" StructureKind="java" NumEvents="3" CreationCount="108"/><InteractionEvent Delta="null" EndDate="2014-10-25 09:27:29.383 JST" Interest="4.0" Kind="selection" Navigation="null" OriginId="org.eclipse.jdt.ui.CompilationUnitEditor" StartDate="2014-10-25 08:40:43.287 JST" StructureHandle="=SL3/src&amp;lt;sl3.utils{Methods.java[Methods~db_backup~QActivity;" StructureKind="java" NumEvents="4" CreationCount="108"/><InteractionEvent Delta="null" EndDate="2014-10-25 09:27:26.894 JST" Interest="4.7540007" Kind="manipulation" Navigation="null" OriginId="org.eclipse.mylyn.core.model.interest.decay.correction" StartDate="2014-10-25 09:27:26.894 JST" StructureHandle="=SL3/src&amp;lt;sl3.utils{Methods.java[Methods~db_backup~QActivity;" StructureKind="java"/><InteractionEvent Delta="null" EndDate="2014-10-25 10:01:45.585 JST" Interest="1.0" Kind="selection" Navigation="null" OriginId="org.eclipse.jdt.ui.CompilationUnitEditor" StartDate="2014-10-25 10:01:45.585 JST" StructureHandle="=SL3/src&amp;lt;sl3.utils{Methods.java#org.apache.http.HttpResponse" StructureKind="java"/><InteractionEvent Delta="null" EndDate="2014-10-25 09:51:30.436 JST" Interest="9.0" Kind="edit" Navigation="null" OriginId="com.android.ide.eclipse.editors.CommonXmlEditor" StartDate="2014-10-25 09:42:14.59 JST" StructureHandle="/SL3/res/values/strings.xml" StructureKind="resource" NumEvents="9" CreationCount="748"/><InteractionEvent Delta="null" EndDate="2014-10-25 09:51:30.383 JST" Interest="4.0" Kind="selection" Navigation="null" OriginId="com.android.ide.eclipse.editors.CommonXmlEditor" StartDate="2014-10-25 09:42:13.880 JST" StructureHandle="/SL3/res/values/strings.xml" StructureKind="resource" NumEvents="4" CreationCount="748"/><InteractionEvent Delta="null" EndDate="2014-10-25 10:01:24.985 JST" Interest="1.0" Kind="selection" Navigation="null" OriginId="org.eclipse.ui.views.ContentOutline" StartDate="2014-10-25 10:01:24.985 JST" StructureHandle="=TA2/src&amp;lt;ta2.utils{Methods.java[Methods~conv_MillSec_to_ClockLabel~J" StructureKind="java"/><InteractionEvent Delta="null" EndDate="2014-10-25 10:09:55.505 JST" Interest="901.01697" Kind="propagation" Navigation="null" OriginId="org.eclipse.jdt.ui.CompilationUnitEditor" StartDate="2014-10-25 08:38:33.773 JST" StructureHandle="/SL3/src/sl3/utils" StructureKind="resource" NumEvents="902" CreationCount="2"/><InteractionEvent Delta="null" EndDate="2014-10-25 10:04:53.307 JST" Interest="4.0" Kind="edit" Navigation="null" OriginId="org.eclipse.jdt.ui.CompilationUnitEditor" StartDate="2014-10-25 10:04:35.271 JST" StructureHandle="=SL3/src&amp;lt;sl3.utils{CONS.java[CONS[DB^col_Types_Genre_full" StructureKind="java" NumEvents="4" CreationCount="1144"/><InteractionEvent Delta="null" EndDate="2014-10-25 10:04:53.303 JST" Interest="4.0" Kind="selection" Navigation="null" OriginId="org.eclipse.jdt.ui.CompilationUnitEditor" StartDate="2014-10-25 10:04:35.267 JST" StructureHandle="=SL3/src&amp;lt;sl3.utils{CONS.java[CONS[DB^col_Types_Genre_full" StructureKind="java" NumEvents="4" CreationCount="1144"/><InteractionEvent Delta="null" EndDate="2014-10-25 09:25:42.459 JST" Interest="1.0" Kind="edit" Navigation="null" OriginId="org.eclipse.jdt.ui.CompilationUnitEditor" StartDate="2014-10-25 09:25:42.459 JST" StructureHandle="=SL3/src&amp;lt;sl3.utils{CONS.java[CONS" StructureKind="java"/><InteractionEvent Delta="null" EndDate="2014-10-25 10:05:32.147 JST" Interest="38.606003" Kind="propagation" Navigation="org.eclipse.mylyn.core.model.edges.containment" OriginId="org.eclipse.mylyn.core.model.interest.propagation" StartDate="2014-10-25 08:45:00.837 JST" StructureHandle="=SL3/src&amp;lt;sl3.utils{CONS.java[CONS" StructureKind="java" NumEvents="56" CreationCount="226"/><InteractionEvent Delta="null" EndDate="2014-10-25 09:25:40.744 JST" Interest="1.0" Kind="selection" Navigation="null" OriginId="org.eclipse.jdt.ui.CompilationUnitEditor" StartDate="2014-10-25 09:25:40.744 JST" StructureHandle="=SL3/src&amp;lt;sl3.utils{CONS.java[CONS" StructureKind="java"/><InteractionEvent Delta="null" EndDate="2014-10-25 09:25:52.679 JST" Interest="4.0" Kind="edit" Navigation="null" OriginId="org.eclipse.jdt.ui.CompilationUnitEditor" StartDate="2014-10-25 09:25:27.64 JST" StructureHandle="=SL3/src&amp;lt;sl3.utils{CONS.java[CONS[TabActv^lvTab1" StructureKind="java" NumEvents="4" CreationCount="466"/><InteractionEvent Delta="null" EndDate="2014-10-25 10:04:23.709 JST" Interest="3.0" Kind="selection" Navigation="null" OriginId="org.eclipse.ui.views.ContentOutline" StartDate="2014-10-25 09:25:25.675 JST" StructureHandle="=SL3/src&amp;lt;sl3.utils{CONS.java[CONS[TabActv^lvTab1" StructureKind="java" NumEvents="3" CreationCount="466"/><InteractionEvent Delta="null" EndDate="2014-10-25 10:04:23.709 JST" Interest="6.505" Kind="manipulation" Navigation="null" OriginId="org.eclipse.mylyn.core.model.interest.decay.correction" StartDate="2014-10-25 10:04:23.709 JST" StructureHandle="=SL3/src&amp;lt;sl3.utils{CONS.java[CONS[TabActv^lvTab1" StructureKind="java"/><InteractionEvent Delta="null" EndDate="2014-10-25 10:04:33.14 JST" Interest="1.0" Kind="edit" Navigation="null" OriginId="org.eclipse.jdt.ui.CompilationUnitEditor" StartDate="2014-10-25 10:04:33.14 JST" StructureHandle="=SL3/src&amp;lt;sl3.utils{CONS.java[CONS[DB^col_Types_Admin" StructureKind="java"/><InteractionEvent Delta="null" EndDate="2014-10-25 10:04:33.10 JST" Interest="1.0" Kind="selection" Navigation="null" OriginId="org.eclipse.jdt.ui.CompilationUnitEditor" StartDate="2014-10-25 10:04:33.10 JST" StructureHandle="=SL3/src&amp;lt;sl3.utils{CONS.java[CONS[DB^col_Types_Admin" StructureKind="java"/><InteractionEvent Delta="null" EndDate="2014-10-25 10:02:44.58 JST" Interest="1.0" Kind="propagation" Navigation="org.eclipse.mylyn.core.model.edges.containment" OriginId="org.eclipse.mylyn.core.model.interest.propagation" StartDate="2014-10-25 10:02:44.58 JST" StructureHandle="=SL3/src&amp;lt;sl3.utils{Methods_dlg.java#" StructureKind="java"/><InteractionEvent Delta="null" EndDate="2014-10-25 10:02:46.989 JST" Interest="1.0" Kind="selection" Navigation="null" OriginId="org.eclipse.jdt.ui.CompilationUnitEditor" StartDate="2014-10-25 10:02:46.989 JST" StructureHandle="=SL3/src&amp;lt;sl3.utils{Methods_dlg.java#" StructureKind="java"/><InteractionEvent Delta="null" EndDate="2014-10-25 10:05:26.686 JST" Interest="21.431" Kind="propagation" Navigation="org.eclipse.mylyn.core.model.edges.containment" OriginId="org.eclipse.mylyn.core.model.interest.propagation" StartDate="2014-10-25 09:05:01.855 JST" StructureHandle="=TA2/src&amp;lt;ta2.utils" StructureKind="java" NumEvents="31" CreationCount="278"/><InteractionEvent Delta="null" EndDate="2014-10-25 09:05:00.183 JST" Interest="1.0" Kind="selection" Navigation="null" OriginId="org.eclipse.ui.views.ResourceNavigator" StartDate="2014-10-25 09:05:00.183 JST" StructureHandle="=TA2/src&amp;lt;ta2.utils" StructureKind="java"/><InteractionEvent Delta="null" EndDate="2014-10-25 09:26:01.116 JST" Interest="1.0" Kind="edit" Navigation="null" OriginId="org.eclipse.jdt.ui.CompilationUnitEditor" StartDate="2014-10-25 09:26:01.116 JST" StructureHandle="=SL3/src&amp;lt;sl3.utils{CONS.java[CONS[TabActv^screen_On" StructureKind="java"/><InteractionEvent Delta="null" EndDate="2014-10-25 10:04:25.371 JST" Interest="3.0" Kind="selection" Navigation="null" OriginId="org.eclipse.jdt.ui.CompilationUnitEditor" StartDate="2014-10-25 09:25:59.699 JST" StructureHandle="=SL3/src&amp;lt;sl3.utils{CONS.java[CONS[TabActv^screen_On" StructureKind="java" NumEvents="3" CreationCount="484"/><InteractionEvent Delta="null" EndDate="2014-10-25 10:04:20.387 JST" Interest="9.265" Kind="manipulation" Navigation="null" OriginId="org.eclipse.mylyn.core.model.interest.decay.correction" StartDate="2014-10-25 10:04:20.387 JST" StructureHandle="=SL3/src&amp;lt;sl3.utils{CONS.java[CONS[TabActv^screen_On" StructureKind="java"/><InteractionEvent Delta="null" EndDate="2014-10-25 09:25:33.808 JST" Interest="6.0" Kind="edit" Navigation="null" OriginId="org.eclipse.jdt.ui.CompilationUnitEditor" StartDate="2014-10-25 09:25:15.519 JST" StructureHandle="=SL3/src&amp;lt;sl3.utils{CONS.java[CONS[TabActv" StructureKind="java" NumEvents="6" CreationCount="459"/><InteractionEvent Delta="null" EndDate="2014-10-25 10:04:25.372 JST" Interest="3.1900005" Kind="propagation" Navigation="org.eclipse.mylyn.core.model.edges.containment" OriginId="org.eclipse.mylyn.core.model.interest.propagation" StartDate="2014-10-25 10:04:20.387 JST" StructureHandle="=SL3/src&amp;lt;sl3.utils{CONS.java[CONS[TabActv" StructureKind="java" NumEvents="3" CreationCount="459"/><InteractionEvent Delta="null" EndDate="2014-10-25 09:25:55.138 JST" Interest="6.0" Kind="selection" Navigation="null" OriginId="org.eclipse.jdt.ui.CompilationUnitEditor" StartDate="2014-10-25 09:25:14.951 JST" StructureHandle="=SL3/src&amp;lt;sl3.utils{CONS.java[CONS[TabActv" StructureKind="java" NumEvents="6" CreationCount="459"/><InteractionEvent Delta="null" EndDate="2014-10-25 10:02:31.840 JST" Interest="2.4" Kind="propagation" Navigation="org.eclipse.mylyn.core.model.edges.containment" OriginId="org.eclipse.mylyn.core.model.interest.propagation" StartDate="2014-10-25 10:02:26.725 JST" StructureHandle="=TA2/src&amp;lt;ta2.utils{Methods_dlg.java[Methods_dlg" StructureKind="java" NumEvents="3" CreationCount="1083"/><InteractionEvent Delta="null" EndDate="2014-10-25 09:16:35.647 JST" Interest="1.9359999" Kind="propagation" Navigation="org.eclipse.mylyn.core.model.edges.containment" OriginId="org.eclipse.mylyn.core.model.interest.propagation" StartDate="2014-10-25 09:15:21.518 JST" StructureHandle="=SL3/src&amp;lt;sl3.adapters{ToBuyListAdapter.java" StructureKind="java" NumEvents="5" CreationCount="419"/><InteractionEvent Delta="null" EndDate="2014-10-25 09:26:09.76 JST" Interest="3.0" Kind="selection" Navigation="null" OriginId="org.eclipse.jdt.ui.PackageExplorer" StartDate="2014-10-25 09:15:08.697 JST" StructureHandle="=SL3/src&amp;lt;sl3.adapters{ToBuyListAdapter.java" StructureKind="java" NumEvents="3" CreationCount="419"/><InteractionEvent Delta="null" EndDate="2014-10-25 09:15:08.197 JST" Interest="1.0" Kind="propagation" Navigation="null" OriginId="org.eclipse.jdt.ui.PackageExplorer" StartDate="2014-10-25 09:15:08.197 JST" StructureHandle="/SL3/src/sl3/adapters/PSListAdapter.java" StructureKind="resource"/><InteractionEvent Delta="null" EndDate="2014-10-25 09:26:11.426 JST" Interest="1.0" Kind="propagation" Navigation="null" OriginId="org.eclipse.jdt.ui.PackageExplorer" StartDate="2014-10-25 09:26:11.426 JST" StructureHandle="/SL3/src/sl3/items" StructureKind="resource"/><InteractionEvent Delta="null" EndDate="2014-10-25 09:05:01.854 JST" Interest="1.0" Kind="selection" Navigation="null" OriginId="org.eclipse.ui.views.ResourceNavigator" StartDate="2014-10-25 09:05:01.854 JST" StructureHandle="=TA2/src&amp;lt;ta2.utils{Recorder.java" StructureKind="java"/><InteractionEvent Delta="null" EndDate="2014-10-25 09:55:39.740 JST" Interest="12.316999" Kind="propagation" Navigation="org.eclipse.mylyn.core.model.edges.containment" OriginId="org.eclipse.mylyn.core.model.interest.propagation" StartDate="2014-10-25 09:42:45.561 JST" StructureHandle="=SL3/src&amp;lt;sl3.listeners.dialog{DOI_CL.java" StructureKind="java" NumEvents="20" CreationCount="760"/><InteractionEvent Delta="null" EndDate="2014-10-25 09:55:36.830 JST" Interest="10.0" Kind="selection" Navigation="null" OriginId="org.eclipse.jdt.ui.CompilationUnitEditor" StartDate="2014-10-25 09:42:42.717 JST" StructureHandle="=SL3/src&amp;lt;sl3.listeners.dialog{DOI_CL.java" StructureKind="java" NumEvents="10" CreationCount="760"/><InteractionEvent Delta="null" EndDate="2014-10-25 09:07:20.831 JST" Interest="1.0" Kind="edit" Navigation="null" OriginId="org.eclipse.jdt.ui.CompilationUnitEditor" StartDate="2014-10-25 09:07:20.831 JST" StructureHandle="=SL3/src&amp;lt;sl3.utils{DBUtils.java[DBUtils~find_SI_from_DB_Id~QActivity;~QString;" StructureKind="java"/><InteractionEvent Delta="null" EndDate="2014-10-25 09:07:18.176 JST" Interest="1.0" Kind="selection" Navigation="null" OriginId="org.eclipse.jdt.ui.CompilationUnitEditor" StartDate="2014-10-25 09:07:18.176 JST" StructureHandle="=SL3/src&amp;lt;sl3.utils{DBUtils.java[DBUtils~find_SI_from_DB_Id~QActivity;~QString;" StructureKind="java"/><InteractionEvent Delta="null" EndDate="2014-10-25 10:06:03.596 JST" Interest="170.0" Kind="propagation" Navigation="null" OriginId="org.eclipse.jdt.ui.CompilationUnitEditor" StartDate="2014-10-25 08:43:10.713 JST" StructureHandle="/SL3/src/sl3/utils/DBUtils.java" StructureKind="resource" NumEvents="170" CreationCount="182"/><InteractionEvent Delta="null" EndDate="2014-10-25 10:05:32.153 JST" Interest="32.323006" Kind="propagation" Navigation="org.eclipse.mylyn.core.model.edges.containment" OriginId="org.eclipse.mylyn.core.model.interest.propagation" StartDate="2014-10-25 08:45:00.837 JST" StructureHandle="=SL3/src&amp;lt;sl3.utils{CONS.java" StructureKind="java" NumEvents="55" CreationCount="225"/><InteractionEvent Delta="null" EndDate="2014-10-25 10:05:54.704 JST" Interest="9.0" Kind="selection" Navigation="null" OriginId="org.eclipse.jdt.ui.CompilationUnitEditor" StartDate="2014-10-25 08:45:00.80 JST" StructureHandle="=SL3/src&amp;lt;sl3.utils{CONS.java" StructureKind="java" NumEvents="9" CreationCount="225"/><InteractionEvent Delta="null" EndDate="2014-10-25 09:15:15.272 JST" Interest="1.0" Kind="selection" Navigation="null" OriginId="org.eclipse.jdt.ui.CompilationUnitEditor" StartDate="2014-10-25 09:15:15.272 JST" StructureHandle="=SL3/src&amp;lt;sl3.adapters{ToBuyListAdapter.java[ToBuyListAdapter~ToBuyListAdapter~QContext;~I~QList\&amp;lt;QSI;&amp;gt;;" StructureKind="java"/><InteractionEvent Delta="null" EndDate="2014-10-25 09:58:25.218 JST" Interest="1.0" Kind="edit" Navigation="null" OriginId="org.eclipse.jdt.ui.CompilationUnitEditor" StartDate="2014-10-25 09:58:25.218 JST" StructureHandle="=SL3/src&amp;lt;sl3.listeners.dialog{DB_OCL.java[DB_OCL" StructureKind="java"/><InteractionEvent Delta="null" EndDate="2014-10-25 09:58:21.551 JST" Interest="19.217" Kind="propagation" Navigation="org.eclipse.mylyn.core.model.edges.containment" OriginId="org.eclipse.mylyn.core.model.interest.propagation" StartDate="2014-10-25 09:43:56.634 JST" StructureHandle="=SL3/src&amp;lt;sl3.listeners.dialog{DB_OCL.java[DB_OCL" StructureKind="java" NumEvents="25" CreationCount="791"/><InteractionEvent Delta="null" EndDate="2014-10-25 09:58:22.645 JST" Interest="2.0" Kind="selection" Navigation="null" OriginId="org.eclipse.jdt.ui.CompilationUnitEditor" StartDate="2014-10-25 09:58:08.108 JST" StructureHandle="=SL3/src&amp;lt;sl3.listeners.dialog{DB_OCL.java[DB_OCL" StructureKind="java" NumEvents="2" CreationCount="791"/><InteractionEvent Delta="null" EndDate="2014-10-25 10:01:28.556 JST" Interest="4.0" Kind="edit" Navigation="null" OriginId="org.eclipse.jdt.ui.CompilationUnitEditor" StartDate="2014-10-25 10:01:26.961 JST" StructureHandle="=TA2/src&amp;lt;ta2.utils{Methods.java[Methods~write_Log~QActivity;~QString;~QString;~I" StructureKind="java" NumEvents="4" CreationCount="1054"/><InteractionEvent Delta="null" EndDate="2014-10-25 10:01:31.265 JST" Interest="2.0" Kind="selection" Navigation="null" OriginId="org.eclipse.jdt.ui.CompilationUnitEditor" StartDate="2014-10-25 10:01:25.877 JST" StructureHandle="=TA2/src&amp;lt;ta2.utils{Methods.java[Methods~write_Log~QActivity;~QString;~QString;~I" StructureKind="java" NumEvents="2" CreationCount="1054"/><InteractionEvent Delta="null" EndDate="2014-10-25 09:27:23.572 JST" Interest="1.0" Kind="propagation" Navigation="null" OriginId="org.eclipse.jdt.ui.PackageExplorer" StartDate="2014-10-25 09:27:23.572 JST" StructureHandle="/SL3/src/sl/main/MainActv.java" StructureKind="resource"/><InteractionEvent Delta="null" EndDate="2014-10-25 10:06:22.865 JST" Interest="19.0" Kind="edit" Navigation="null" OriginId="org.eclipse.jdt.ui.CompilationUnitEditor" StartDate="2014-10-25 10:01:58.958 JST" StructureHandle="=SL3/src&amp;lt;sl3.utils{Methods.java[Methods~write_Log~QActivity;~QString;~QString;~I" StructureKind="java" NumEvents="19" CreationCount="1071"/><InteractionEvent Delta="null" EndDate="2014-10-25 10:06:15.866 JST" Interest="5.0" Kind="selection" Navigation="null" OriginId="org.eclipse.jdt.ui.CompilationUnitEditor" StartDate="2014-10-25 10:01:55.24 JST" StructureHandle="=SL3/src&amp;lt;sl3.utils{Methods.java[Methods~write_Log~QActivity;~QString;~QString;~I" StructureKind="java" NumEvents="5" CreationCount="1071"/><InteractionEvent Delta="null" EndDate="2014-10-25 10:05:26.686 JST" Interest="70.068" Kind="propagation" Navigation="null" OriginId="org.eclipse.jdt.ui.CompilationUnitEditor" StartDate="2014-10-25 09:04:58.256 JST" StructureHandle="/TA2/src" StructureKind="resource" NumEvents="74" CreationCount="276"/><InteractionEvent Delta="null" EndDate="2014-10-25 10:01:16.489 JST" Interest="2.0" Kind="selection" Navigation="null" OriginId="org.eclipse.ui.views.ResourceNavigator" StartDate="2014-10-25 09:15:01.910 JST" StructureHandle="/TA2/.settings" StructureKind="resource" NumEvents="2" CreationCount="415"/><InteractionEvent Delta="null" EndDate="2014-10-25 10:01:16.489 JST" Interest="9.710001" Kind="manipulation" Navigation="null" OriginId="org.eclipse.mylyn.core.model.interest.decay.correction" StartDate="2014-10-25 10:01:16.489 JST" StructureHandle="/TA2/.settings" StructureKind="resource"/><InteractionEvent Delta="null" EndDate="2014-10-25 10:05:26.686 JST" Interest="68.085" Kind="propagation" Navigation="org.eclipse.mylyn.core.model.edges.containment" OriginId="org.eclipse.mylyn.core.model.interest.propagation" StartDate="2014-10-25 09:04:58.256 JST" StructureHandle="=TA2" StructureKind="resource" NumEvents="74" CreationCount="275"/><InteractionEvent Delta="null" EndDate="2014-10-25 09:04:56.237 JST" Interest="1.0" Kind="selection" Navigation="null" OriginId="org.eclipse.ui.views.ResourceNavigator" StartDate="2014-10-25 09:04:56.237 JST" StructureHandle="=TA2" StructureKind="java"/><InteractionEvent Delta="null" EndDate="2014-10-25 09:58:05.533 JST" Interest="1.0" Kind="selection" Navigation="null" OriginId="org.eclipse.jdt.ui.CompilationUnitEditor" StartDate="2014-10-25 09:58:05.533 JST" StructureHandle="=SL3/src&amp;lt;sl3.listeners.dialog{DB_OCL.java[DB_OCL~DB_OCL~QActivity;~QDialog;" StructureKind="java"/><InteractionEvent Delta="null" EndDate="2014-10-25 10:09:55.505 JST" Interest="140.43599" Kind="propagation" Navigation="org.eclipse.mylyn.core.model.edges.containment" OriginId="org.eclipse.mylyn.core.model.interest.propagation" StartDate="2014-10-25 08:38:35.473 JST" StructureHandle="=SL3/src&amp;lt;sl3.utils" StructureKind="java" NumEvents="199" CreationCount="2"/><InteractionEvent Delta="null" EndDate="2014-10-25 08:38:33.772 JST" Interest="1.0" Kind="selection" Navigation="null" OriginId="org.eclipse.jdt.ui.PackageExplorer" StartDate="2014-10-25 08:38:33.772 JST" StructureHandle="=SL3/src&amp;lt;sl3.utils" StructureKind="java"/><InteractionEvent Delta="null" EndDate="2014-10-25 10:04:38.628 JST" Interest="2.0" Kind="edit" Navigation="null" OriginId="org.eclipse.jdt.ui.CompilationUnitEditor" StartDate="2014-10-25 10:04:34.22 JST" StructureHandle="=SL3/src&amp;lt;sl3.utils{CONS.java[CONS[DB^col_Names_Genre" StructureKind="java" NumEvents="2" CreationCount="1142"/><InteractionEvent Delta="null" EndDate="2014-10-25 10:04:47.813 JST" Interest="3.0" Kind="selection" Navigation="null" OriginId="org.eclipse.jdt.ui.CompilationUnitEditor" StartDate="2014-10-25 10:04:34.18 JST" StructureHandle="=SL3/src&amp;lt;sl3.utils{CONS.java[CONS[DB^col_Names_Genre" StructureKind="java" NumEvents="3" CreationCount="1142"/><InteractionEvent Delta="null" EndDate="2014-10-25 10:05:26.686 JST" Interest="8.1" Kind="propagation" Navigation="org.eclipse.mylyn.core.model.edges.containment" OriginId="org.eclipse.mylyn.core.model.interest.propagation" StartDate="2014-10-25 10:04:06.706 JST" StructureHandle="=TA2/src&amp;lt;ta2.utils{CONS.java[CONS" StructureKind="java" NumEvents="11" CreationCount="1121"/><InteractionEvent Delta="null" EndDate="2014-10-25 09:25:40.55 JST" Interest="2.0" Kind="edit" Navigation="null" OriginId="org.eclipse.jdt.ui.CompilationUnitEditor" StartDate="2014-10-25 09:25:39.168 JST" StructureHandle="=SL3/src&amp;lt;sl3.utils{CONS.java[CONS[TabActv^adp_List_Store" StructureKind="java" NumEvents="2" CreationCount="473"/><InteractionEvent Delta="null" EndDate="2014-10-25 09:25:35.324 JST" Interest="1.0" Kind="selection" Navigation="null" OriginId="org.eclipse.jdt.ui.CompilationUnitEditor" StartDate="2014-10-25 09:25:35.324 JST" StructureHandle="=SL3/src&amp;lt;sl3.utils{CONS.java[CONS[TabActv^adp_List_Store" StructureKind="java"/><InteractionEvent Delta="null" EndDate="2014-10-25 10:02:44.58 JST" Interest="1.0" Kind="selection" Navigation="null" OriginId="org.eclipse.jdt.ui.CompilationUnitEditor" StartDate="2014-10-25 10:02:44.58 JST" StructureHandle="=SL3/src&amp;lt;sl3.utils{Methods_dlg.java#java.util.ArrayList" StructureKind="java"/><InteractionEvent Delta="null" EndDate="2014-10-25 09:25:00.867 JST" Interest="106.0" Kind="edit" Navigation="null" OriginId="org.eclipse.jdt.ui.CompilationUnitEditor" StartDate="2014-10-25 08:45:29.435 JST" StructureHandle="=SL3/src&amp;lt;sl3.utils{DBUtils.java[DBUtils~update_Data_generic~QActivity;~QString;~J~QString;~QString;" StructureKind="java" NumEvents="106" CreationCount="242"/><InteractionEvent Delta="null" EndDate="2014-10-25 09:28:24.751 JST" Interest="12.0" Kind="selection" Navigation="null" OriginId="org.eclipse.jdt.ui.CompilationUnitEditor" StartDate="2014-10-25 08:45:26.222 JST" StructureHandle="=SL3/src&amp;lt;sl3.utils{DBUtils.java[DBUtils~update_Data_generic~QActivity;~QString;~J~QString;~QString;" StructureKind="java" NumEvents="12" CreationCount="242"/><InteractionEvent Delta="null" EndDate="2014-10-25 10:03:43.400 JST" Interest="83.0" Kind="propagation" Navigation="null" OriginId="org.eclipse.jdt.ui.CompilationUnitEditor" StartDate="2014-10-25 09:42:30.90 JST" StructureHandle="/SL3/src/sl3/utils/Methods_dlg.java" StructureKind="resource" NumEvents="83" CreationCount="756"/><InteractionEvent Delta="null" EndDate="2014-10-25 09:52:58.139 JST" Interest="16.0" Kind="edit" Navigation="null" OriginId="org.eclipse.jdt.ui.CompilationUnitEditor" StartDate="2014-10-25 09:52:12.727 JST" StructureHandle="=SL3/src&amp;lt;sl3.utils{Methods.java[Methods~_restore_ItemIds__ToBuyIds~QActivity;" StructureKind="java" NumEvents="16" CreationCount="890"/><InteractionEvent Delta="null" EndDate="2014-10-25 09:53:39.873 JST" Interest="3.0" Kind="selection" Navigation="null" OriginId="org.eclipse.jdt.ui.CompilationUnitEditor" StartDate="2014-10-25 09:52:12.719 JST" StructureHandle="=SL3/src&amp;lt;sl3.utils{Methods.java[Methods~_restore_ItemIds__ToBuyIds~QActivity;" StructureKind="java" NumEvents="3" CreationCount="890"/><InteractionEvent Delta="null" EndDate="2014-10-25 09:58:21.550 JST" Interest="16.0" Kind="edit" Navigation="null" OriginId="org.eclipse.jdt.ui.CompilationUnitEditor" StartDate="2014-10-25 09:43:59.691 JST" StructureHandle="=SL3/src&amp;lt;sl3.listeners.dialog{DB_OCL.java[DB_OCL~case_ACTV_TAB_OPT_IMP_DATA~QDialogTags;" StructureKind="java" NumEvents="16" CreationCount="792"/><InteractionEvent Delta="null" EndDate="2014-10-25 09:58:18.522 JST" Interest="9.0" Kind="selection" Navigation="null" OriginId="org.eclipse.jdt.ui.CompilationUnitEditor" StartDate="2014-10-25 09:43:58.811 JST" StructureHandle="=SL3/src&amp;lt;sl3.listeners.dialog{DB_OCL.java[DB_OCL~case_ACTV_TAB_OPT_IMP_DATA~QDialogTags;" StructureKind="java" NumEvents="9" CreationCount="792"/><InteractionEvent Delta="null" EndDate="2014-10-25 09:55:39.739 JST" Interest="19.0" Kind="edit" Navigation="null" OriginId="org.eclipse.jdt.ui.CompilationUnitEditor" StartDate="2014-10-25 09:42:50.9 JST" StructureHandle="=SL3/src&amp;lt;sl3.listeners.dialog{DOI_CL.java[DOI_CL~case_ACTV_TAB_OPT_OPERATIONS~QListItem;" StructureKind="java" NumEvents="19" CreationCount="761"/><InteractionEvent Delta="null" EndDate="2014-10-25 09:55:36.927 JST" Interest="9.0" Kind="selection" Navigation="null" OriginId="org.eclipse.jdt.ui.CompilationUnitEditor" StartDate="2014-10-25 09:42:45.560 JST" StructureHandle="=SL3/src&amp;lt;sl3.listeners.dialog{DOI_CL.java[DOI_CL~case_ACTV_TAB_OPT_OPERATIONS~QListItem;" StructureKind="java" NumEvents="9" CreationCount="761"/><InteractionEvent Delta="null" EndDate="2014-10-25 10:05:26.686 JST" Interest="3.1340003" Kind="propagation" Navigation="org.eclipse.mylyn.core.model.edges.containment" OriginId="org.eclipse.mylyn.core.model.interest.propagation" StartDate="2014-10-25 10:04:10.267 JST" StructureHandle="=TA2/src&amp;lt;ta2.utils{CONS.java" StructureKind="java" NumEvents="5" CreationCount="1119"/><InteractionEvent Delta="null" EndDate="2014-10-25 10:05:19.963 JST" Interest="5.0" Kind="selection" Navigation="null" OriginId="org.eclipse.jdt.ui.CompilationUnitEditor" StartDate="2014-10-25 10:04:03.806 JST" StructureHandle="=TA2/src&amp;lt;ta2.utils{CONS.java" StructureKind="java" NumEvents="5" CreationCount="1119"/><InteractionEvent Delta="null" EndDate="2014-10-25 10:02:48.639 JST" Interest="1.0" Kind="edit" Navigation="null" OriginId="org.eclipse.jdt.ui.CompilationUnitEditor" StartDate="2014-10-25 10:02:48.639 JST" StructureHandle="=SL3/src&amp;lt;sl3.utils{Methods_dlg.java" StructureKind="java"/><InteractionEvent Delta="null" EndDate="2014-10-25 10:02:41.134 JST" Interest="16.888998" Kind="propagation" Navigation="org.eclipse.mylyn.core.model.edges.containment" OriginId="org.eclipse.mylyn.core.model.interest.propagation" StartDate="2014-10-25 09:42:32.831 JST" StructureHandle="=SL3/src&amp;lt;sl3.utils{Methods_dlg.java" StructureKind="java" NumEvents="28" CreationCount="756"/><InteractionEvent Delta="null" EndDate="2014-10-25 10:02:34.549 JST" Interest="13.0" Kind="selection" Navigation="null" OriginId="org.eclipse.jdt.ui.CompilationUnitEditor" StartDate="2014-10-25 09:42:30.90 JST" StructureHandle="=SL3/src&amp;lt;sl3.utils{Methods_dlg.java" StructureKind="java" NumEvents="13" CreationCount="756"/><InteractionEvent Delta="null" EndDate="2014-10-25 10:05:20.174 JST" Interest="6.1" Kind="propagation" Navigation="org.eclipse.mylyn.core.model.edges.containment" OriginId="org.eclipse.mylyn.core.model.interest.propagation" StartDate="2014-10-25 10:04:06.706 JST" StructureHandle="=TA2/src&amp;lt;ta2.utils{CONS.java[CONS[DB" StructureKind="java" NumEvents="9" CreationCount="1121"/><InteractionEvent Delta="null" EndDate="2014-10-25 10:05:26.685 JST" Interest="2.0" Kind="selection" Navigation="null" OriginId="org.eclipse.jdt.ui.CompilationUnitEditor" StartDate="2014-10-25 10:05:23.768 JST" StructureHandle="=TA2/src&amp;lt;ta2.utils{CONS.java[CONS[DB" StructureKind="java" NumEvents="2" CreationCount="1121"/><InteractionEvent Delta="null" EndDate="2014-10-25 10:00:11.953 JST" Interest="83.0" Kind="propagation" Navigation="null" OriginId="org.eclipse.jdt.ui.CompilationUnitEditor" StartDate="2014-10-25 09:42:42.718 JST" StructureHandle="/SL3/src/sl3/listeners/dialog" StructureKind="resource" NumEvents="83" CreationCount="760"/><InteractionEvent Delta="null" EndDate="2014-10-25 10:04:51.619 JST" Interest="1.0" Kind="edit" Navigation="null" OriginId="org.eclipse.jdt.ui.CompilationUnitEditor" StartDate="2014-10-25 10:04:51.619 JST" StructureHandle="=SL3/src&amp;lt;sl3.utils{CONS.java[CONS[SQLs^a_20140110_105949_InsertInto_ShoppingItemNew" StructureKind="java"/><InteractionEvent Delta="null" EndDate="2014-10-25 10:04:51.616 JST" Interest="1.0" Kind="selection" Navigation="null" OriginId="org.eclipse.jdt.ui.CompilationUnitEditor" StartDate="2014-10-25 10:04:51.616 JST" StructureHandle="=SL3/src&amp;lt;sl3.utils{CONS.java[CONS[SQLs^a_20140110_105949_InsertInto_ShoppingItemNew" StructureKind="java"/><InteractionEvent Delta="null" EndDate="2014-10-25 10:05:26.687 JST" Interest="77.0" Kind="propagation" Navigation="null" OriginId="org.eclipse.jdt.ui.CompilationUnitEditor" StartDate="2014-10-25 09:04:56.237 JST" StructureHandle="/TA2" StructureKind="resource" NumEvents="77" CreationCount="275"/><InteractionEvent Delta="null" EndDate="2014-10-25 09:51:30.437 JST" Interest="10.299999" Kind="propagation" Navigation="org.eclipse.mylyn.core.model.edges.containment" OriginId="org.eclipse.mylyn.core.model.interest.propagation" StartDate="2014-10-25 09:42:13.881 JST" StructureHandle="/SL3/res" StructureKind="resource" NumEvents="13" CreationCount="748"/><InteractionEvent Delta="null" EndDate="2014-10-25 09:05:01.854 JST" Interest="1.0" Kind="propagation" Navigation="null" OriginId="org.eclipse.ui.views.ResourceNavigator" StartDate="2014-10-25 09:05:01.854 JST" StructureHandle="/TA2/src/ta2/utils/Recorder.java" StructureKind="resource"/><InteractionEvent Delta="null" EndDate="2014-10-25 10:01:46.555 JST" Interest="1.0" Kind="selection" Navigation="null" OriginId="org.eclipse.jdt.ui.CompilationUnitEditor" StartDate="2014-10-25 10:01:46.555 JST" StructureHandle="=SL3/src&amp;lt;sl3.utils{Methods.java#sl.main.LogActv" StructureKind="java"/><InteractionEvent Delta="null" EndDate="2014-10-25 10:09:55.506 JST" Interest="1204.0339" Kind="propagation" Navigation="null" OriginId="org.eclipse.jdt.ui.CompilationUnitEditor" StartDate="2014-10-25 08:38:31.345 JST" StructureHandle="/SL3/src" StructureKind="resource" NumEvents="1207" CreationCount="1"/><InteractionEvent Delta="null" EndDate="2014-10-25 10:00:11.952 JST" Interest="4.0" Kind="edit" Navigation="null" OriginId="org.eclipse.jdt.ui.CompilationUnitEditor" StartDate="2014-10-25 09:58:13.202 JST" StructureHandle="=SL3/src&amp;lt;sl3.listeners.dialog{DB_OCL.java[DB_OCL~onClick~QView;" StructureKind="java" NumEvents="4" CreationCount="1014"/><InteractionEvent Delta="null" EndDate="2014-10-25 09:58:27.535 JST" Interest="2.0" Kind="selection" Navigation="null" OriginId="org.eclipse.jdt.ui.CompilationUnitEditor" StartDate="2014-10-25 09:58:10.445 JST" StructureHandle="=SL3/src&amp;lt;sl3.listeners.dialog{DB_OCL.java[DB_OCL~onClick~QView;" StructureKind="java" NumEvents="2" CreationCount="1014"/><InteractionEvent Delta="null" EndDate="2014-10-25 09:58:25.219 JST" Interest="15.933999" Kind="propagation" Navigation="org.eclipse.mylyn.core.model.edges.containment" OriginId="org.eclipse.mylyn.core.model.interest.propagation" StartDate="2014-10-25 09:43:56.635 JST" StructureHandle="=SL3/src&amp;lt;sl3.listeners.dialog{DB_OCL.java" StructureKind="java" NumEvents="24" CreationCount="790"/><InteractionEvent Delta="null" EndDate="2014-10-25 09:57:34.385 JST" Interest="6.0" Kind="selection" Navigation="null" OriginId="org.eclipse.jdt.ui.CompilationUnitEditor" StartDate="2014-10-25 09:43:55.877 JST" StructureHandle="=SL3/src&amp;lt;sl3.listeners.dialog{DB_OCL.java" StructureKind="java" NumEvents="6" CreationCount="790"/><InteractionEvent Delta="null" EndDate="2014-10-25 10:05:31.268 JST" Interest="19.0" Kind="edit" Navigation="null" OriginId="org.eclipse.jdt.ui.CompilationUnitEditor" StartDate="2014-10-25 10:04:25.860 JST" StructureHandle="=SL3/src&amp;lt;sl3.utils{CONS.java[CONS[DB" StructureKind="java" NumEvents="19" CreationCount="226"/><InteractionEvent Delta="null" EndDate="2014-10-25 10:04:53.308 JST" Interest="13.604001" Kind="propagation" Navigation="org.eclipse.mylyn.core.model.edges.containment" OriginId="org.eclipse.mylyn.core.model.interest.propagation" StartDate="2014-10-25 08:45:00.836 JST" StructureHandle="=SL3/src&amp;lt;sl3.utils{CONS.java[CONS[DB" StructureKind="java" NumEvents="19" CreationCount="226"/><InteractionEvent Delta="null" EndDate="2014-10-25 10:05:31.264 JST" Interest="12.0" Kind="selection" Navigation="null" OriginId="org.eclipse.jdt.ui.CompilationUnitEditor" StartDate="2014-10-25 09:25:09.621 JST" StructureHandle="=SL3/src&amp;lt;sl3.utils{CONS.java[CONS[DB" StructureKind="java" NumEvents="12" CreationCount="226"/><InteractionEvent Delta="null" EndDate="2014-10-25 10:04:25.301 JST" Interest="1.4020004" Kind="manipulation" Navigation="null" OriginId="org.eclipse.mylyn.core.model.interest.decay.correction" StartDate="2014-10-25 10:04:25.301 JST" StructureHandle="=SL3/src&amp;lt;sl3.utils{CONS.java[CONS[DB" StructureKind="java"/><InteractionEvent Delta="null" EndDate="2014-10-25 08:38:38.578 JST" Interest="1.0" Kind="selection" Navigation="null" OriginId="org.eclipse.ui.views.ContentOutline" StartDate="2014-10-25 08:38:38.578 JST" StructureHandle="=SL3/src&amp;lt;sl3.utils{Methods.java%sl3.utils" StructureKind="java"/><InteractionEvent Delta="null" EndDate="2014-10-25 09:44:48.522 JST" Interest="49.251003" Kind="propagation" Navigation="org.eclipse.mylyn.core.model.edges.containment" OriginId="org.eclipse.mylyn.core.model.interest.propagation" StartDate="2014-10-25 09:27:53.380 JST" StructureHandle="=SL3/src&amp;lt;sl3.tasks" StructureKind="java" NumEvents="71" CreationCount="585"/><InteractionEvent Delta="null" EndDate="2014-10-25 10:05:29.763 JST" Interest="2.0" Kind="edit" Navigation="null" OriginId="org.eclipse.jdt.ui.CompilationUnitEditor" StartDate="2014-10-25 10:05:02.933 JST" StructureHandle="=SL3/src&amp;lt;sl3.utils{CONS.java[CONS[DB^logFile_MaxSize" StructureKind="java" NumEvents="2" CreationCount="1178"/><InteractionEvent Delta="null" EndDate="2014-10-25 10:05:29.758 JST" Interest="2.0" Kind="selection" Navigation="null" OriginId="org.eclipse.jdt.ui.CompilationUnitEditor" StartDate="2014-10-25 10:05:02.929 JST" StructureHandle="=SL3/src&amp;lt;sl3.utils{CONS.java[CONS[DB^logFile_MaxSize" StructureKind="java" NumEvents="2" CreationCount="1178"/><InteractionEvent Delta="null" EndDate="2014-10-25 10:08:39.55 JST" Interest="11.0" Kind="prediction" Navigation="null" OriginId="org.eclipse.mylyn.resources.ui.interest.updater" StartDate="2014-10-25 09:09:46.863 JST" StructureHandle="/SL3/bin/SL3.apk" StructureKind="resource" NumEvents="11" CreationCount="408"/><InteractionEvent Delta="null" EndDate="2014-10-25 09:27:25.760 JST" Interest="27.795" Kind="propagation" Navigation="org.eclipse.mylyn.core.model.edges.containment" OriginId="org.eclipse.mylyn.core.model.interest.propagation" StartDate="2014-10-25 09:26:20.606 JST" StructureHandle="=SL3/src&amp;lt;sl.main{TabActv.java" StructureKind="java" NumEvents="41" CreationCount="490"/><InteractionEvent Delta="null" EndDate="2014-10-25 09:44:54.412 JST" Interest="3.0" Kind="selection" Navigation="null" OriginId="org.eclipse.jdt.ui.CompilationUnitEditor" StartDate="2014-10-25 09:26:17.493 JST" StructureHandle="=SL3/src&amp;lt;sl.main{TabActv.java" StructureKind="java" NumEvents="3" CreationCount="490"/><InteractionEvent Delta="null" EndDate="2014-10-25 09:25:12.403 JST" Interest="1.0" Kind="selection" Navigation="null" OriginId="org.eclipse.ui.views.ContentOutline" StartDate="2014-10-25 09:25:12.403 JST" StructureHandle="=SL3/src&amp;lt;sl3.utils{CONS.java[CONS[DB^col_Names_Store" StructureKind="java"/><InteractionEvent Delta="null" EndDate="2014-10-25 10:05:24.811 JST" Interest="2.0" Kind="selection" Navigation="null" OriginId="org.eclipse.jdt.ui.CompilationUnitEditor" StartDate="2014-10-25 10:05:22.692 JST" StructureHandle="=TA2/src&amp;lt;ta2.utils{CONS.java[CONS[DB^fname_Log" StructureKind="java" NumEvents="2" CreationCount="1200"/><InteractionEvent Delta="null" EndDate="2014-10-25 09:55:39.740 JST" Interest="22.3" Kind="propagation" Navigation="org.eclipse.mylyn.core.model.edges.containment" OriginId="org.eclipse.mylyn.core.model.interest.propagation" StartDate="2014-10-25 09:42:45.560 JST" StructureHandle="=SL3/src&amp;lt;sl3.listeners.dialog{DOI_CL.java[DOI_CL" StructureKind="java" NumEvents="28" CreationCount="761"/><InteractionEvent Delta="null" EndDate="2014-10-25 09:57:42.353 JST" Interest="1.0" Kind="selection" Navigation="null" OriginId="org.eclipse.jdt.ui.CompilationUnitEditor" StartDate="2014-10-25 09:57:42.353 JST" StructureHandle="=SL3/src&amp;lt;sl3.listeners.dialog{DB_OCL.java[DB_OCL~case_ACTV_TAB_OPT_DROP_TABLE~QDialogTags;" StructureKind="java"/><InteractionEvent Delta="null" EndDate="2014-10-25 09:09:46.863 JST" Interest="1.0" Kind="prediction" Navigation="null" OriginId="org.eclipse.mylyn.resources.ui.interest.updater" StartDate="2014-10-25 09:09:46.863 JST" StructureHandle="/SL3/bin/resources.ap_" StructureKind="resource"/><InteractionEvent Delta="null" EndDate="2014-10-25 10:04:44.488 JST" Interest="1.0" Kind="selection" Navigation="null" OriginId="org.eclipse.jdt.ui.CompilationUnitEditor" StartDate="2014-10-25 10:04:44.488 JST" StructureHandle="=TA2/src&amp;lt;ta2.utils{CONS.java[CONS[DB[FFType" StructureKind="java"/><InteractionEvent Delta="null" EndDate="2014-10-25 10:05:26.686 JST" Interest="21.465" Kind="propagation" Navigation="org.eclipse.mylyn.core.model.edges.containment" OriginId="org.eclipse.mylyn.core.model.interest.propagation" StartDate="2014-10-25 09:04:58.631 JST" StructureHandle="=TA2/src" StructureKind="java" NumEvents="33" CreationCount="276"/><InteractionEvent Delta="null" EndDate="2014-10-25 09:04:58.256 JST" Interest="1.0" Kind="selection" Navigation="null" OriginId="org.eclipse.ui.views.ResourceNavigator" StartDate="2014-10-25 09:04:58.256 JST" StructureHandle="=TA2/src" StructureKind="java"/><InteractionEvent Delta="null" EndDate="2014-10-25 10:01:28.556 JST" Interest="3.817" Kind="propagation" Navigation="org.eclipse.mylyn.core.model.edges.containment" OriginId="org.eclipse.mylyn.core.model.interest.propagation" StartDate="2014-10-25 10:01:24.986 JST" StructureHandle="=TA2/src&amp;lt;ta2.utils{Methods.java[Methods" StructureKind="java" NumEvents="6" CreationCount="1053"/><InteractionEvent Delta="null" EndDate="2014-10-25 10:01:30.133 JST" Interest="1.0" Kind="selection" Navigation="null" OriginId="org.eclipse.jdt.ui.CompilationUnitEditor" StartDate="2014-10-25 10:01:30.133 JST" StructureHandle="=TA2/src&amp;lt;ta2.utils{Methods.java[Methods" StructureKind="java"/><InteractionEvent Delta="null" EndDate="2014-10-25 09:44:48.522 JST" Interest="44.251003" Kind="propagation" Navigation="org.eclipse.mylyn.core.model.edges.containment" OriginId="org.eclipse.mylyn.core.model.interest.propagation" StartDate="2014-10-25 09:27:55.510 JST" StructureHandle="=SL3/src&amp;lt;sl3.tasks{Task_Post_History.java" StructureKind="java" NumEvents="66" CreationCount="585"/><InteractionEvent Delta="null" EndDate="2014-10-25 09:44:45.422 JST" Interest="5.0" Kind="selection" Navigation="null" OriginId="org.eclipse.jdt.ui.CompilationUnitEditor" StartDate="2014-10-25 09:27:53.379 JST" StructureHandle="=SL3/src&amp;lt;sl3.tasks{Task_Post_History.java" StructureKind="java" NumEvents="5" CreationCount="585"/><InteractionEvent Delta="null" EndDate="2014-10-25 09:26:11.426 JST" Interest="1.0" Kind="selection" Navigation="null" OriginId="org.eclipse.jdt.ui.PackageExplorer" StartDate="2014-10-25 09:26:11.426 JST" StructureHandle="=SL3/src&amp;lt;sl3.items" StructureKind="java"/><InteractionEvent Delta="null" EndDate="2014-10-25 10:09:55.505 JST" Interest="169.0" Kind="edit" Navigation="null" OriginId="org.eclipse.jdt.ui.CompilationUnitEditor" StartDate="2014-10-25 08:38:49.857 JST" StructureHandle="=SL3/src&amp;lt;sl3.utils{Methods.java[Methods~post_PurHist_to_Remote~QActivity;~QPH;" StructureKind="java" NumEvents="169" CreationCount="10"/><InteractionEvent Delta="null" EndDate="2014-10-25 10:06:24.978 JST" Interest="23.0" Kind="selection" Navigation="null" OriginId="org.eclipse.jdt.ui.CompilationUnitEditor" StartDate="2014-10-25 08:38:49.303 JST" StructureHandle="=SL3/src&amp;lt;sl3.utils{Methods.java[Methods~post_PurHist_to_Remote~QActivity;~QPH;" StructureKind="java" NumEvents="23" CreationCount="10"/></InteractionHistory>