<?xml version="1.0" encoding="UTF-8"?><InteractionHistory Id="local-236" Version="1"><InteractionEvent Delta="null" EndDate="2014-12-04 08:46:50.945 JST" Interest="3.0" Kind="selection" Navigation="null" OriginId="org.eclipse.jdt.ui.CompilationUnitEditor" StartDate="2014-12-04 08:39:38.708 JST" StructureHandle="=IFM11/src&amp;lt;ifm11.main{LogActv.java[LogActv" StructureKind="java" NumEvents="3" CreationCount="5"/><InteractionEvent Delta="null" EndDate="2014-12-04 08:47:06.15 JST" Interest="24.0" Kind="edit" Navigation="null" OriginId="org.eclipse.jdt.ui.CompilationUnitEditor" StartDate="2014-12-04 08:39:38.712 JST" StructureHandle="=IFM11/src&amp;lt;ifm11.main{LogActv.java[LogActv" StructureKind="java" NumEvents="24" CreationCount="5"/><InteractionEvent Delta="null" EndDate="2014-12-04 08:58:25.325 JST" Interest="72.798004" Kind="propagation" Navigation="org.eclipse.mylyn.core.model.edges.containment" OriginId="org.eclipse.mylyn.core.model.interest.propagation" StartDate="2014-12-04 08:36:43.402 JST" StructureHandle="=IFM11/src&amp;lt;ifm11.main{LogActv.java[LogActv" StructureKind="java" NumEvents="99" CreationCount="5"/><InteractionEvent Delta="null" EndDate="2014-12-04 09:01:45.18 JST" Interest="1.0" Kind="selection" Navigation="null" OriginId="org.eclipse.jdt.ui.CompilationUnitEditor" StartDate="2014-12-04 09:01:45.18 JST" StructureHandle="=IFM11/src&amp;lt;ifm11.listeners.button{BO_CL.java[BO_CL~case_TILIST_CB" StructureKind="java"/><InteractionEvent Delta="null" EndDate="2014-12-04 08:47:31.830 JST" Interest="1.0" Kind="prediction" Navigation="null" OriginId="org.eclipse.mylyn.resources.ui.interest.updater" StartDate="2014-12-04 08:47:31.830 JST" StructureHandle="/IFM11/bin/resources.ap_" StructureKind="resource"/><InteractionEvent Delta="null" EndDate="2014-12-04 08:58:26.647 JST" Interest="40.901005" Kind="propagation" Navigation="org.eclipse.mylyn.core.model.edges.containment" OriginId="org.eclipse.mylyn.core.model.interest.propagation" StartDate="2014-12-04 08:43:54.615 JST" StructureHandle="=IFM11/src&amp;lt;ifm11.listeners.button" StructureKind="java" NumEvents="61" CreationCount="256"/><InteractionEvent Delta="null" EndDate="2014-12-04 09:01:57.716 JST" Interest="165.0" Kind="propagation" Navigation="null" OriginId="org.eclipse.jdt.ui.CompilationUnitEditor" StartDate="2014-12-04 08:48:27.568 JST" StructureHandle="/IFM11/src/ifm11/listeners/button/BO_CL.java" StructureKind="resource" NumEvents="165" CreationCount="403"/><InteractionEvent Delta="null" EndDate="2014-12-04 08:43:16.894 JST" Interest="1.0" Kind="selection" Navigation="null" OriginId="org.eclipse.jdt.ui.CompilationUnitEditor" StartDate="2014-12-04 08:43:16.894 JST" StructureHandle="=IFM11/src&amp;lt;ifm11.utils{Tags.java[Tags[ButtonTags^ACTV_LOG_IB_UP" StructureKind="java"/><InteractionEvent Delta="null" EndDate="2014-12-04 08:58:00.938 JST" Interest="12.0" Kind="selection" Navigation="null" OriginId="org.eclipse.jdt.ui.CompilationUnitEditor" StartDate="2014-12-04 08:51:28.845 JST" StructureHandle="=IFM11/src&amp;lt;ifm11.listeners.button{BO_CL.java[BO_CL~case_ACTV_LOG_IB_BOTTOM" StructureKind="java" NumEvents="12" CreationCount="474"/><InteractionEvent Delta="null" EndDate="2014-12-04 08:58:07.887 JST" Interest="25.0" Kind="edit" Navigation="null" OriginId="org.eclipse.jdt.ui.CompilationUnitEditor" StartDate="2014-12-04 08:52:11.885 JST" StructureHandle="=IFM11/src&amp;lt;ifm11.listeners.button{BO_CL.java[BO_CL~case_ACTV_LOG_IB_BOTTOM" StructureKind="java" NumEvents="25" CreationCount="474"/><InteractionEvent Delta="null" EndDate="2014-12-04 08:38:24.451 JST" Interest="2.0" Kind="selection" Navigation="null" OriginId="org.eclipse.jdt.ui.PackageExplorer" StartDate="2014-12-04 08:37:27.944 JST" StructureHandle="/IFM11/res/layout" StructureKind="resource" NumEvents="2" CreationCount="40"/><InteractionEvent Delta="null" EndDate="2014-12-04 08:58:21.502 JST" Interest="17.917" Kind="propagation" Navigation="org.eclipse.mylyn.core.model.edges.containment" OriginId="org.eclipse.mylyn.core.model.interest.propagation" StartDate="2014-12-04 08:37:29.755 JST" StructureHandle="/IFM11/res/layout" StructureKind="resource" NumEvents="21" CreationCount="40"/><InteractionEvent Delta="null" EndDate="2014-12-04 08:42:55.918 JST" Interest="1.0" Kind="selection" Navigation="null" OriginId="org.eclipse.jdt.ui.CompilationUnitEditor" StartDate="2014-12-04 08:42:55.918 JST" StructureHandle="=IFM11/src&amp;lt;ifm11.utils{Tags.java[Tags[ButtonTags^ACTV_SHOWLOG_IB_BACK" StructureKind="java"/><InteractionEvent Delta="null" EndDate="2014-12-04 08:51:34.595 JST" Interest="1.0" Kind="selection" Navigation="null" OriginId="org.eclipse.jdt.ui.CompilationUnitEditor" StartDate="2014-12-04 08:51:34.595 JST" StructureHandle="=IFM11/src&amp;lt;ifm11.listeners.button{BO_CL.java[BO_CL~case_ACTV_SHOWLOG_IB_UP" StructureKind="java"/><InteractionEvent Delta="null" EndDate="2014-12-04 08:58:26.301 JST" Interest="2.0" Kind="selection" Navigation="null" OriginId="org.eclipse.jdt.ui.CompilationUnitEditor" StartDate="2014-12-04 08:57:34.546 JST" StructureHandle="=IFM11/src&amp;lt;ifm11.utils{Methods.java[Methods" StructureKind="java" NumEvents="2" CreationCount="616"/><InteractionEvent Delta="null" EndDate="2014-12-04 08:57:32.889 JST" Interest="60.0" Kind="propagation" Navigation="org.eclipse.mylyn.core.model.edges.containment" OriginId="org.eclipse.mylyn.core.model.interest.propagation" StartDate="2014-12-04 08:54:23.252 JST" StructureHandle="=IFM11/src&amp;lt;ifm11.utils{Methods.java[Methods" StructureKind="java" NumEvents="84" CreationCount="616"/><InteractionEvent Delta="null" EndDate="2014-12-04 08:10:05.366 JST" Interest="1.0" Kind="selection" Navigation="null" OriginId="org.eclipse.jdt.ui.PackageExplorer" StartDate="2014-12-04 08:10:05.366 JST" StructureHandle="=IFM11/src&amp;lt;ifm11.main" StructureKind="java"/><InteractionEvent Delta="null" EndDate="2014-12-04 08:58:21.779 JST" Interest="96.27599" Kind="propagation" Navigation="org.eclipse.mylyn.core.model.edges.containment" OriginId="org.eclipse.mylyn.core.model.interest.propagation" StartDate="2014-12-04 08:10:08.342 JST" StructureHandle="=IFM11/src&amp;lt;ifm11.main" StructureKind="java" NumEvents="135" CreationCount="2"/><InteractionEvent Delta="null" EndDate="2014-12-04 08:38:23.114 JST" Interest="2.0" Kind="selection" Navigation="null" OriginId="org.eclipse.jdt.ui.PackageExplorer" StartDate="2014-12-04 08:38:12.988 JST" StructureHandle="/IFM11/res/layout/dlg_add_memos.xml" StructureKind="resource" NumEvents="2" CreationCount="46"/><InteractionEvent Delta="null" EndDate="2014-12-04 08:47:31.831 JST" Interest="1.0" Kind="propagation" Navigation="org.eclipse.mylyn.core.model.edges.containment" OriginId="org.eclipse.mylyn.core.model.interest.propagation" StartDate="2014-12-04 08:47:31.831 JST" StructureHandle="/IFM11/bin" StructureKind="resource"/><InteractionEvent Delta="null" EndDate="2014-12-04 08:58:26.302 JST" Interest="106.0" Kind="propagation" Navigation="null" OriginId="org.eclipse.jdt.ui.CompilationUnitEditor" StartDate="2014-12-04 08:42:37.35 JST" StructureHandle="/IFM11/src/ifm11/utils" StructureKind="resource" NumEvents="106" CreationCount="230"/><InteractionEvent Delta="null" EndDate="2014-12-04 08:49:27.295 JST" Interest="4.0" Kind="selection" Navigation="null" OriginId="org.eclipse.jdt.ui.CompilationUnitEditor" StartDate="2014-12-04 08:48:44.943 JST" StructureHandle="=IFM11/src&amp;lt;ifm11.listeners.button{BO_CL.java[BO_CL~onClick~QView;" StructureKind="java" NumEvents="4" CreationCount="409"/><InteractionEvent Delta="null" EndDate="2014-12-04 08:50:15.157 JST" Interest="23.0" Kind="edit" Navigation="null" OriginId="org.eclipse.jdt.ui.CompilationUnitEditor" StartDate="2014-12-04 08:48:47.945 JST" StructureHandle="=IFM11/src&amp;lt;ifm11.listeners.button{BO_CL.java[BO_CL~onClick~QView;" StructureKind="java" NumEvents="23" CreationCount="409"/><InteractionEvent Delta="null" EndDate="2014-12-04 08:44:19.819 JST" Interest="1.0" Kind="selection" Navigation="null" OriginId="org.eclipse.jdt.ui.CompilationUnitEditor" StartDate="2014-12-04 08:44:19.819 JST" StructureHandle="=IFM11/src&amp;lt;ifm11.main{ShowLogActv.java[ShowLogActv~onStart" StructureKind="java"/><InteractionEvent Delta="null" EndDate="2014-12-04 08:44:19.835 JST" Interest="1.0" Kind="edit" Navigation="null" OriginId="org.eclipse.jdt.ui.CompilationUnitEditor" StartDate="2014-12-04 08:44:19.835 JST" StructureHandle="=IFM11/src&amp;lt;ifm11.main{ShowLogActv.java[ShowLogActv~onStart" StructureKind="java"/><InteractionEvent Delta="null" EndDate="2014-12-04 08:51:26.224 JST" Interest="2.0" Kind="selection" Navigation="null" OriginId="org.eclipse.jdt.ui.CompilationUnitEditor" StartDate="2014-12-04 08:50:45.117 JST" StructureHandle="=IFM11/src&amp;lt;ifm11.listeners.button{BO_CL.java[BO_CL~case_ACTV_SHOWLOG_IB_BOTTOM" StructureKind="java" NumEvents="2" CreationCount="459"/><InteractionEvent Delta="null" EndDate="2014-12-04 08:58:21.779 JST" Interest="25.0" Kind="selection" Navigation="null" OriginId="org.eclipse.jdt.ui.CompilationUnitEditor" StartDate="2014-12-04 08:10:08.340 JST" StructureHandle="=IFM11/src&amp;lt;ifm11.main{LogActv.java" StructureKind="java" NumEvents="25" CreationCount="3"/><InteractionEvent Delta="null" EndDate="2014-12-04 08:47:08.938 JST" Interest="2.0" Kind="edit" Navigation="null" OriginId="org.eclipse.jdt.ui.CompilationUnitEditor" StartDate="2014-12-04 08:47:08.935 JST" StructureHandle="=IFM11/src&amp;lt;ifm11.main{LogActv.java" StructureKind="java" NumEvents="2" CreationCount="3"/><InteractionEvent Delta="null" EndDate="2014-12-04 08:47:06.15 JST" Interest="70.85899" Kind="propagation" Navigation="org.eclipse.mylyn.core.model.edges.containment" OriginId="org.eclipse.mylyn.core.model.interest.propagation" StartDate="2014-12-04 08:36:48.94 JST" StructureHandle="=IFM11/src&amp;lt;ifm11.main{LogActv.java" StructureKind="java" NumEvents="105" CreationCount="3"/><InteractionEvent Delta="null" EndDate="2014-12-04 08:51:54.274 JST" Interest="2.0" Kind="selection" Navigation="null" OriginId="org.eclipse.jdt.ui.CompilationUnitEditor" StartDate="2014-12-04 08:50:35.203 JST" StructureHandle="=IFM11/src&amp;lt;ifm11.listeners.button{BO_CL.java[BO_CL~case_ACTV_TN_IB_BOTTOM" StructureKind="java" NumEvents="2" CreationCount="453"/><InteractionEvent Delta="null" EndDate="2014-12-04 08:37:23.87 JST" Interest="1.0" Kind="propagation" Navigation="null" OriginId="org.eclipse.jdt.ui.PackageExplorer" StartDate="2014-12-04 08:37:23.87 JST" StructureHandle="/IFM11/src/ifm11/main/CanvasActv.java" StructureKind="resource"/><InteractionEvent Delta="null" EndDate="2014-12-04 08:48:42.770 JST" Interest="2.0" Kind="selection" Navigation="null" OriginId="org.eclipse.jdt.ui.CompilationUnitEditor" StartDate="2014-12-04 08:48:28.382 JST" StructureHandle="=IFM11/src&amp;lt;ifm11.listeners.button{BO_CL.java[BO_CL~BO_CL~QActivity;" StructureKind="java" NumEvents="2" CreationCount="404"/><InteractionEvent Delta="null" EndDate="2014-12-04 09:01:57.718 JST" Interest="231.0" Kind="propagation" Navigation="org.eclipse.mylyn.core.model.edges.containment" OriginId="org.eclipse.mylyn.core.model.interest.propagation" StartDate="2014-12-04 08:43:54.615 JST" StructureHandle="/IFM11/src/ifm11/listeners" StructureKind="resource" NumEvents="231" CreationCount="256"/><InteractionEvent Delta="null" EndDate="2014-12-04 09:01:57.718 JST" Interest="779.034" Kind="propagation" Navigation="org.eclipse.mylyn.core.model.edges.containment" OriginId="org.eclipse.mylyn.core.model.interest.propagation" StartDate="2014-12-04 08:10:03.97 JST" StructureHandle="=IFM11" StructureKind="resource" NumEvents="782" CreationCount="1"/><InteractionEvent Delta="null" EndDate="2014-12-04 08:58:26.302 JST" Interest="68.562" Kind="propagation" Navigation="org.eclipse.mylyn.core.model.edges.containment" OriginId="org.eclipse.mylyn.core.model.interest.propagation" StartDate="2014-12-04 08:42:37.36 JST" StructureHandle="=IFM11/src&amp;lt;ifm11.utils" StructureKind="java" NumEvents="98" CreationCount="230"/><InteractionEvent Delta="null" EndDate="2014-12-04 08:58:21.502 JST" Interest="15.0" Kind="selection" Navigation="null" OriginId="com.android.ide.eclipse.editors.CommonXmlEditor" StartDate="2014-12-04 08:37:29.755 JST" StructureHandle="/IFM11/res/layout/actv_log.xml" StructureKind="resource" NumEvents="15" CreationCount="41"/><InteractionEvent Delta="null" EndDate="2014-12-04 08:54:02.400 JST" Interest="7.0" Kind="edit" Navigation="null" OriginId="com.android.ide.eclipse.editors.CommonXmlEditor" StartDate="2014-12-04 08:40:14.233 JST" StructureHandle="/IFM11/res/layout/actv_log.xml" StructureKind="resource" NumEvents="7" CreationCount="41"/><InteractionEvent Delta="null" EndDate="2014-12-04 09:01:57.718 JST" Interest="779.034" Kind="propagation" Navigation="org.eclipse.mylyn.core.model.edges.containment" OriginId="org.eclipse.mylyn.core.model.interest.propagation" StartDate="2014-12-04 08:10:03.97 JST" StructureHandle="/" StructureKind="resource" NumEvents="782" CreationCount="1"/><InteractionEvent Delta="null" EndDate="2014-12-04 08:58:26.50 JST" Interest="5.0" Kind="selection" Navigation="null" OriginId="org.eclipse.jdt.ui.CompilationUnitEditor" StartDate="2014-12-04 08:54:19.777 JST" StructureHandle="=IFM11/src&amp;lt;ifm11.utils{Methods.java" StructureKind="java" NumEvents="5" CreationCount="614"/><InteractionEvent Delta="null" EndDate="2014-12-04 08:57:34.547 JST" Interest="57.034" Kind="propagation" Navigation="org.eclipse.mylyn.core.model.edges.containment" OriginId="org.eclipse.mylyn.core.model.interest.propagation" StartDate="2014-12-04 08:54:25.904 JST" StructureHandle="=IFM11/src&amp;lt;ifm11.utils{Methods.java" StructureKind="java" NumEvents="83" CreationCount="614"/><InteractionEvent Delta="null" EndDate="2014-12-04 08:37:25.445 JST" Interest="1.0" Kind="selection" Navigation="null" OriginId="org.eclipse.jdt.ui.PackageExplorer" StartDate="2014-12-04 08:37:25.445 JST" StructureHandle="/IFM11/res" StructureKind="resource"/><InteractionEvent Delta="null" EndDate="2014-12-04 08:58:21.502 JST" Interest="18.934" Kind="propagation" Navigation="org.eclipse.mylyn.core.model.edges.containment" OriginId="org.eclipse.mylyn.core.model.interest.propagation" StartDate="2014-12-04 08:37:27.944 JST" StructureHandle="/IFM11/res" StructureKind="resource" NumEvents="23" CreationCount="39"/><InteractionEvent Delta="null" EndDate="2014-12-04 08:42:54.501 JST" Interest="1.0" Kind="selection" Navigation="null" OriginId="org.eclipse.jdt.ui.CompilationUnitEditor" StartDate="2014-12-04 08:42:54.501 JST" StructureHandle="=IFM11/src&amp;lt;ifm11.utils{Tags.java[Tags[ButtonTags^ACTV_MAIN_BT_GO" StructureKind="java"/><InteractionEvent Delta="null" EndDate="2014-12-04 08:58:20.803 JST" Interest="90.0" Kind="propagation" Navigation="null" OriginId="org.eclipse.jdt.ui.CompilationUnitEditor" StartDate="2014-12-04 08:38:27.729 JST" StructureHandle="/IFM11/src/ifm11/main/ShowLogActv.java" StructureKind="resource" NumEvents="90" CreationCount="56"/><InteractionEvent Delta="null" EndDate="2014-12-04 08:58:26.403 JST" Interest="17.0" Kind="selection" Navigation="null" OriginId="org.eclipse.jdt.ui.CompilationUnitEditor" StartDate="2014-12-04 08:48:27.567 JST" StructureHandle="=IFM11/src&amp;lt;ifm11.listeners.button{BO_CL.java" StructureKind="java" NumEvents="17" CreationCount="403"/><InteractionEvent Delta="null" EndDate="2014-12-04 08:51:18.972 JST" Interest="21.402002" Kind="propagation" Navigation="org.eclipse.mylyn.core.model.edges.containment" OriginId="org.eclipse.mylyn.core.model.interest.propagation" StartDate="2014-12-04 08:48:28.383 JST" StructureHandle="=IFM11/src&amp;lt;ifm11.listeners.button{BO_CL.java" StructureKind="java" NumEvents="35" CreationCount="403"/><InteractionEvent Delta="null" EndDate="2014-12-04 08:37:23.86 JST" Interest="1.0" Kind="selection" Navigation="null" OriginId="org.eclipse.jdt.ui.PackageExplorer" StartDate="2014-12-04 08:37:23.86 JST" StructureHandle="=IFM11/src&amp;lt;ifm11.main{CanvasActv.java" StructureKind="java"/><InteractionEvent Delta="null" EndDate="2014-12-04 08:47:10.187 JST" Interest="11.0" Kind="selection" Navigation="null" OriginId="org.eclipse.jdt.ui.CompilationUnitEditor" StartDate="2014-12-04 08:43:54.614 JST" StructureHandle="=IFM11/src&amp;lt;ifm11.listeners.button{BO_TL.java" StructureKind="java" NumEvents="11" CreationCount="256"/><InteractionEvent Delta="null" EndDate="2014-12-04 08:47:47.11 JST" Interest="29.451004" Kind="propagation" Navigation="org.eclipse.mylyn.core.model.edges.containment" OriginId="org.eclipse.mylyn.core.model.interest.propagation" StartDate="2014-12-04 08:43:55.524 JST" StructureHandle="=IFM11/src&amp;lt;ifm11.listeners.button{BO_TL.java" StructureKind="java" NumEvents="47" CreationCount="256"/><InteractionEvent Delta="null" EndDate="2014-12-04 08:59:39.972 JST" Interest="2.0" Kind="prediction" Navigation="null" OriginId="org.eclipse.mylyn.resources.ui.interest.updater" StartDate="2014-12-04 08:47:31.831 JST" StructureHandle="/IFM11/bin/IFM11.apk" StructureKind="resource" NumEvents="2" CreationCount="397"/><InteractionEvent Delta="null" EndDate="2014-12-04 08:57:57.241 JST" Interest="4.0" Kind="selection" Navigation="null" OriginId="org.eclipse.jdt.ui.CompilationUnitEditor" StartDate="2014-12-04 08:50:16.184 JST" StructureHandle="=IFM11/src&amp;lt;ifm11.listeners.button{BO_CL.java[BO_CL~case_ACTV_SHOWLOG_IB_TOP" StructureKind="java" NumEvents="4" CreationCount="445"/><InteractionEvent Delta="null" EndDate="2014-12-04 08:50:24.728 JST" Interest="2.0" Kind="edit" Navigation="null" OriginId="org.eclipse.jdt.ui.CompilationUnitEditor" StartDate="2014-12-04 08:50:19.533 JST" StructureHandle="=IFM11/src&amp;lt;ifm11.listeners.button{BO_CL.java[BO_CL~case_ACTV_SHOWLOG_IB_TOP" StructureKind="java" NumEvents="2" CreationCount="445"/><InteractionEvent Delta="null" EndDate="2014-12-04 08:57:57.241 JST" Interest="0.7850003" Kind="manipulation" Navigation="null" OriginId="org.eclipse.mylyn.core.model.interest.decay.correction" StartDate="2014-12-04 08:57:57.241 JST" StructureHandle="=IFM11/src&amp;lt;ifm11.listeners.button{BO_CL.java[BO_CL~case_ACTV_SHOWLOG_IB_TOP" StructureKind="java"/><InteractionEvent Delta="null" EndDate="2014-12-04 08:59:39.972 JST" Interest="2.0" Kind="prediction" Navigation="null" OriginId="org.eclipse.mylyn.resources.ui.interest.updater" StartDate="2014-12-04 08:47:31.831 JST" StructureHandle="/IFM11/bin/classes.dex" StructureKind="resource" NumEvents="2" CreationCount="397"/><InteractionEvent Delta="null" EndDate="2014-12-04 08:43:18.586 JST" Interest="1.0" Kind="selection" Navigation="null" OriginId="org.eclipse.jdt.ui.CompilationUnitEditor" StartDate="2014-12-04 08:43:18.586 JST" StructureHandle="=IFM11/src&amp;lt;ifm11.utils{Tags.java[Tags[ButtonTags^ACTV_LOG_IB_DOWN" StructureKind="java"/><InteractionEvent Delta="null" EndDate="2014-12-04 08:58:20.803 JST" Interest="21.0" Kind="selection" Navigation="null" OriginId="org.eclipse.jdt.ui.CompilationUnitEditor" StartDate="2014-12-04 08:38:32.283 JST" StructureHandle="=IFM11/src&amp;lt;ifm11.main{ShowLogActv.java[ShowLogActv~_Setup_SetListeners_Navigation" StructureKind="java" NumEvents="21" CreationCount="59"/><InteractionEvent Delta="null" EndDate="2014-12-04 08:44:53.528 JST" Interest="38.0" Kind="edit" Navigation="null" OriginId="org.eclipse.jdt.ui.CompilationUnitEditor" StartDate="2014-12-04 08:38:32.359 JST" StructureHandle="=IFM11/src&amp;lt;ifm11.main{ShowLogActv.java[ShowLogActv~_Setup_SetListeners_Navigation" StructureKind="java" NumEvents="38" CreationCount="59"/><InteractionEvent Delta="null" EndDate="2014-12-04 09:01:57.718 JST" Interest="231.0" Kind="propagation" Navigation="null" OriginId="org.eclipse.jdt.ui.CompilationUnitEditor" StartDate="2014-12-04 08:43:54.615 JST" StructureHandle="/IFM11/src/ifm11/listeners/button" StructureKind="resource" NumEvents="231" CreationCount="256"/><InteractionEvent Delta="null" EndDate="2014-12-04 08:47:47.11 JST" Interest="40.434002" Kind="propagation" Navigation="org.eclipse.mylyn.core.model.edges.containment" OriginId="org.eclipse.mylyn.core.model.interest.propagation" StartDate="2014-12-04 08:43:55.523 JST" StructureHandle="=IFM11/src&amp;lt;ifm11.listeners.button{BO_TL.java[BO_TL" StructureKind="java" NumEvents="54" CreationCount="257"/><InteractionEvent Delta="null" EndDate="2014-12-04 08:58:20.547 JST" Interest="22.0" Kind="selection" Navigation="null" OriginId="org.eclipse.jdt.ui.CompilationUnitEditor" StartDate="2014-12-04 08:38:27.728 JST" StructureHandle="=IFM11/src&amp;lt;ifm11.main{ShowLogActv.java" StructureKind="java" NumEvents="22" CreationCount="56"/><InteractionEvent Delta="null" EndDate="2014-12-04 08:44:53.529 JST" Interest="26.651" Kind="propagation" Navigation="org.eclipse.mylyn.core.model.edges.containment" OriginId="org.eclipse.mylyn.core.model.interest.propagation" StartDate="2014-12-04 08:38:32.837 JST" StructureHandle="=IFM11/src&amp;lt;ifm11.main{ShowLogActv.java" StructureKind="java" NumEvents="38" CreationCount="56"/><InteractionEvent Delta="null" EndDate="2014-12-04 08:43:09.179 JST" Interest="3.0" Kind="selection" Navigation="null" OriginId="org.eclipse.jdt.ui.CompilationUnitEditor" StartDate="2014-12-04 08:42:39.206 JST" StructureHandle="=IFM11/src&amp;lt;ifm11.utils{Tags.java[Tags[ButtonTags" StructureKind="java" NumEvents="3" CreationCount="231"/><InteractionEvent Delta="null" EndDate="2014-12-04 08:43:10.187 JST" Interest="3.0" Kind="edit" Navigation="null" OriginId="org.eclipse.jdt.ui.CompilationUnitEditor" StartDate="2014-12-04 08:43:00.111 JST" StructureHandle="=IFM11/src&amp;lt;ifm11.utils{Tags.java[Tags[ButtonTags" StructureKind="java" NumEvents="3" CreationCount="231"/><InteractionEvent Delta="null" EndDate="2014-12-04 08:42:37.823 JST" Interest="1.0" Kind="propagation" Navigation="org.eclipse.mylyn.core.model.edges.containment" OriginId="org.eclipse.mylyn.core.model.interest.propagation" StartDate="2014-12-04 08:42:37.823 JST" StructureHandle="=IFM11/src&amp;lt;ifm11.utils{Tags.java[Tags[ButtonTags" StructureKind="java"/><InteractionEvent Delta="null" EndDate="2014-12-04 08:51:56.103 JST" Interest="4.0" Kind="selection" Navigation="null" OriginId="org.eclipse.jdt.ui.CompilationUnitEditor" StartDate="2014-12-04 08:50:38.471 JST" StructureHandle="=IFM11/src&amp;lt;ifm11.listeners.button{BO_CL.java[BO_CL~case_ACTV_LOG_IB_TOP" StructureKind="java" NumEvents="4" CreationCount="454"/><InteractionEvent Delta="null" EndDate="2014-12-04 08:52:00.168 JST" Interest="4.0" Kind="edit" Navigation="null" OriginId="org.eclipse.jdt.ui.CompilationUnitEditor" StartDate="2014-12-04 08:51:56.902 JST" StructureHandle="=IFM11/src&amp;lt;ifm11.listeners.button{BO_CL.java[BO_CL~case_ACTV_LOG_IB_TOP" StructureKind="java" NumEvents="4" CreationCount="454"/><InteractionEvent Delta="null" EndDate="2014-12-04 08:42:28.19 JST" Interest="3.0" Kind="selection" Navigation="null" OriginId="org.eclipse.jdt.ui.CompilationUnitEditor" StartDate="2014-12-04 08:39:27.294 JST" StructureHandle="=IFM11/src&amp;lt;ifm11.main{ShowLogActv.java[ShowLogActv" StructureKind="java" NumEvents="3" CreationCount="59"/><InteractionEvent Delta="null" EndDate="2014-12-04 08:40:23.893 JST" Interest="3.0" Kind="edit" Navigation="null" OriginId="org.eclipse.jdt.ui.CompilationUnitEditor" StartDate="2014-12-04 08:39:27.299 JST" StructureHandle="=IFM11/src&amp;lt;ifm11.main{ShowLogActv.java[ShowLogActv" StructureKind="java" NumEvents="3" CreationCount="59"/><InteractionEvent Delta="null" EndDate="2014-12-04 08:58:20.803 JST" Interest="42.5" Kind="propagation" Navigation="org.eclipse.mylyn.core.model.edges.containment" OriginId="org.eclipse.mylyn.core.model.interest.propagation" StartDate="2014-12-04 08:38:32.283 JST" StructureHandle="=IFM11/src&amp;lt;ifm11.main{ShowLogActv.java[ShowLogActv" StructureKind="java" NumEvents="54" CreationCount="59"/><InteractionEvent Delta="null" EndDate="2014-12-04 08:58:25.326 JST" Interest="352.0" Kind="propagation" Navigation="null" OriginId="org.eclipse.jdt.ui.CompilationUnitEditor" StartDate="2014-12-04 08:10:08.341 JST" StructureHandle="/IFM11/src/ifm11/main/LogActv.java" StructureKind="resource" NumEvents="352" CreationCount="3"/><InteractionEvent Delta="null" EndDate="2014-12-04 08:42:37.35 JST" Interest="1.0" Kind="selection" Navigation="null" OriginId="org.eclipse.jdt.ui.CompilationUnitEditor" StartDate="2014-12-04 08:42:37.35 JST" StructureHandle="=IFM11/src&amp;lt;ifm11.utils{Tags.java" StructureKind="java"/><InteractionEvent Delta="null" EndDate="2014-12-04 08:43:10.188 JST" Interest="5.117" Kind="propagation" Navigation="org.eclipse.mylyn.core.model.edges.containment" OriginId="org.eclipse.mylyn.core.model.interest.propagation" StartDate="2014-12-04 08:42:37.824 JST" StructureHandle="=IFM11/src&amp;lt;ifm11.utils{Tags.java" StructureKind="java" NumEvents="8" CreationCount="230"/><InteractionEvent Delta="null" EndDate="2014-12-04 08:58:25.326 JST" Interest="443.017" Kind="propagation" Navigation="null" OriginId="org.eclipse.jdt.ui.CompilationUnitEditor" StartDate="2014-12-04 08:10:05.367 JST" StructureHandle="/IFM11/src/ifm11/main" StructureKind="resource" NumEvents="444" CreationCount="2"/><InteractionEvent Delta="null" EndDate="2014-12-04 08:42:37.823 JST" Interest="1.0" Kind="selection" Navigation="null" OriginId="org.eclipse.jdt.ui.CompilationUnitEditor" StartDate="2014-12-04 08:42:37.823 JST" StructureHandle="=IFM11/src&amp;lt;ifm11.utils{Tags.java[Tags[ButtonTags^ACTV_SHOWLOG_IB_TOP" StructureKind="java"/><InteractionEvent Delta="null" EndDate="2014-12-04 08:42:50.290 JST" Interest="1.0" Kind="selection" Navigation="null" OriginId="org.eclipse.jdt.ui.CompilationUnitEditor" StartDate="2014-12-04 08:42:50.290 JST" StructureHandle="=IFM11/src&amp;lt;ifm11.utils{Tags.java[Tags[ButtonTags^ACTV_SHOWLOG_IB_UP" StructureKind="java"/><InteractionEvent Delta="null" EndDate="2014-12-04 08:42:50.802 JST" Interest="1.0" Kind="edit" Navigation="null" OriginId="org.eclipse.jdt.ui.CompilationUnitEditor" StartDate="2014-12-04 08:42:50.802 JST" StructureHandle="=IFM11/src&amp;lt;ifm11.utils{Tags.java[Tags[ButtonTags^ACTV_SHOWLOG_IB_UP" StructureKind="java"/><InteractionEvent Delta="null" EndDate="2014-12-04 08:44:07.512 JST" Interest="5.0" Kind="selection" Navigation="null" OriginId="org.eclipse.jdt.ui.CompilationUnitEditor" StartDate="2014-12-04 08:39:02.320 JST" StructureHandle="=IFM11/src&amp;lt;ifm11.main{LogActv.java[LogActv~onStart" StructureKind="java" NumEvents="5" CreationCount="87"/><InteractionEvent Delta="null" EndDate="2014-12-04 08:44:08.215 JST" Interest="26.0" Kind="edit" Navigation="null" OriginId="org.eclipse.jdt.ui.CompilationUnitEditor" StartDate="2014-12-04 08:39:02.326 JST" StructureHandle="=IFM11/src&amp;lt;ifm11.main{LogActv.java[LogActv~onStart" StructureKind="java" NumEvents="26" CreationCount="87"/><InteractionEvent Delta="null" EndDate="2014-12-04 08:38:23.241 JST" Interest="1.0" Kind="selection" Navigation="null" OriginId="org.eclipse.jdt.ui.PackageExplorer" StartDate="2014-12-04 08:38:23.241 JST" StructureHandle="/IFM11/res/layout/dlg_delete_patterns.xml" StructureKind="resource"/><InteractionEvent Delta="null" EndDate="2014-12-04 08:43:06.401 JST" Interest="1.0" Kind="selection" Navigation="null" OriginId="org.eclipse.jdt.ui.CompilationUnitEditor" StartDate="2014-12-04 08:43:06.401 JST" StructureHandle="=IFM11/src&amp;lt;ifm11.utils{Tags.java[Tags[ButtonTags^ACTV_SHOWLOG_IB_BACK!2" StructureKind="java"/><InteractionEvent Delta="null" EndDate="2014-12-04 08:51:31.976 JST" Interest="2.0" Kind="selection" Navigation="null" OriginId="org.eclipse.jdt.ui.CompilationUnitEditor" StartDate="2014-12-04 08:50:51.170 JST" StructureHandle="=IFM11/src&amp;lt;ifm11.listeners.button{BO_CL.java[BO_CL~case_ACTV_SHOWLOG_IB_DOWN" StructureKind="java" NumEvents="2" CreationCount="462"/><InteractionEvent Delta="null" EndDate="2014-12-04 08:59:28.628 JST" Interest="11.0" Kind="selection" Navigation="null" OriginId="org.eclipse.jdt.ui.CompilationUnitEditor" StartDate="2014-12-04 08:50:33.916 JST" StructureHandle="=IFM11/src&amp;lt;ifm11.listeners.button{BO_CL.java[BO_CL" StructureKind="java" NumEvents="11" CreationCount="404"/><InteractionEvent Delta="null" EndDate="2014-12-04 08:51:03.572 JST" Interest="6.0" Kind="edit" Navigation="null" OriginId="org.eclipse.jdt.ui.CompilationUnitEditor" StartDate="2014-12-04 08:50:48.334 JST" StructureHandle="=IFM11/src&amp;lt;ifm11.listeners.button{BO_CL.java[BO_CL" StructureKind="java" NumEvents="6" CreationCount="404"/><InteractionEvent Delta="null" EndDate="2014-12-04 08:58:07.888 JST" Interest="21.49" Kind="propagation" Navigation="org.eclipse.mylyn.core.model.edges.containment" OriginId="org.eclipse.mylyn.core.model.interest.propagation" StartDate="2014-12-04 08:48:28.382 JST" StructureHandle="=IFM11/src&amp;lt;ifm11.listeners.button{BO_CL.java[BO_CL" StructureKind="java" NumEvents="29" CreationCount="404"/><InteractionEvent Delta="null" EndDate="2014-12-04 08:55:02.414 JST" Interest="4.0" Kind="selection" Navigation="null" OriginId="org.eclipse.jdt.ui.CompilationUnitEditor" StartDate="2014-12-04 08:54:23.252 JST" StructureHandle="=IFM11/src&amp;lt;ifm11.utils{Methods.java[Methods~get_LogFileNames_List~QActivity;" StructureKind="java" NumEvents="4" CreationCount="616"/><InteractionEvent Delta="null" EndDate="2014-12-04 08:57:32.888 JST" Interest="80.0" Kind="edit" Navigation="null" OriginId="org.eclipse.jdt.ui.CompilationUnitEditor" StartDate="2014-12-04 08:54:25.144 JST" StructureHandle="=IFM11/src&amp;lt;ifm11.utils{Methods.java[Methods~get_LogFileNames_List~QActivity;" StructureKind="java" NumEvents="80" CreationCount="616"/><InteractionEvent Delta="null" EndDate="2014-12-04 08:58:58.751 JST" Interest="6.0" Kind="selection" Navigation="null" OriginId="org.eclipse.jdt.ui.CompilationUnitEditor" StartDate="2014-12-04 08:50:55.666 JST" StructureHandle="=IFM11/src&amp;lt;ifm11.listeners.button{BO_CL.java[BO_CL~case_ACTV_LOG_IB_DOWN" StructureKind="java" NumEvents="6" CreationCount="465"/><InteractionEvent Delta="null" EndDate="2014-12-04 08:59:11.417 JST" Interest="24.0" Kind="edit" Navigation="null" OriginId="org.eclipse.jdt.ui.CompilationUnitEditor" StartDate="2014-12-04 08:58:14.695 JST" StructureHandle="=IFM11/src&amp;lt;ifm11.listeners.button{BO_CL.java[BO_CL~case_ACTV_LOG_IB_DOWN" StructureKind="java" NumEvents="24" CreationCount="465"/><InteractionEvent Delta="null" EndDate="2014-12-04 08:58:12.142 JST" Interest="2.9640002" Kind="manipulation" Navigation="null" OriginId="org.eclipse.mylyn.core.model.interest.decay.correction" StartDate="2014-12-04 08:58:12.142 JST" StructureHandle="=IFM11/src&amp;lt;ifm11.listeners.button{BO_CL.java[BO_CL~case_ACTV_LOG_IB_DOWN" StructureKind="java"/><InteractionEvent Delta="null" EndDate="2014-12-04 08:47:47.11 JST" Interest="66.0" Kind="propagation" Navigation="null" OriginId="org.eclipse.jdt.ui.CompilationUnitEditor" StartDate="2014-12-04 08:43:54.615 JST" StructureHandle="/IFM11/src/ifm11/listeners/button/BO_TL.java" StructureKind="resource" NumEvents="66" CreationCount="256"/><InteractionEvent Delta="null" EndDate="2014-12-04 08:38:04.206 JST" Interest="8.0" Kind="selection" Navigation="null" OriginId="org.eclipse.ui.views.ContentOutline" StartDate="2014-12-04 08:36:43.402 JST" StructureHandle="=IFM11/src&amp;lt;ifm11.main{LogActv.java[LogActv~onCreate~QBundle;" StructureKind="java" NumEvents="8" CreationCount="5"/><InteractionEvent Delta="null" EndDate="2014-12-04 08:38:16.260 JST" Interest="11.0" Kind="edit" Navigation="null" OriginId="org.eclipse.jdt.ui.CompilationUnitEditor" StartDate="2014-12-04 08:36:46.753 JST" StructureHandle="=IFM11/src&amp;lt;ifm11.main{LogActv.java[LogActv~onCreate~QBundle;" StructureKind="java" NumEvents="11" CreationCount="5"/><InteractionEvent Delta="null" EndDate="2014-12-04 08:43:18.586 JST" Interest="15.0" Kind="propagation" Navigation="null" OriginId="org.eclipse.jdt.ui.CompilationUnitEditor" StartDate="2014-12-04 08:42:37.35 JST" StructureHandle="/IFM11/src/ifm11/utils/Tags.java" StructureKind="resource" NumEvents="15" CreationCount="230"/><InteractionEvent Delta="null" EndDate="2014-12-04 08:51:52.73 JST" Interest="1.0" Kind="selection" Navigation="null" OriginId="org.eclipse.jdt.ui.CompilationUnitEditor" StartDate="2014-12-04 08:51:52.73 JST" StructureHandle="=IFM11/src&amp;lt;ifm11.listeners.button{BO_CL.java[BO_CL~case_ACTV_TN_IB_UP" StructureKind="java"/><InteractionEvent Delta="null" EndDate="2014-12-04 08:53:19.91 JST" Interest="11.0" Kind="selection" Navigation="null" OriginId="org.eclipse.jdt.ui.CompilationUnitEditor" StartDate="2014-12-04 08:36:50.306 JST" StructureHandle="=IFM11/src&amp;lt;ifm11.main{LogActv.java[LogActv~_Setup_Set_Listener" StructureKind="java" NumEvents="11" CreationCount="8"/><InteractionEvent Delta="null" EndDate="2014-12-04 08:53:19.99 JST" Interest="31.0" Kind="edit" Navigation="null" OriginId="org.eclipse.jdt.ui.CompilationUnitEditor" StartDate="2014-12-04 08:36:50.825 JST" StructureHandle="=IFM11/src&amp;lt;ifm11.main{LogActv.java[LogActv~_Setup_Set_Listener" StructureKind="java" NumEvents="31" CreationCount="8"/><InteractionEvent Delta="null" EndDate="2014-12-04 08:58:22.151 JST" Interest="10.0" Kind="selection" Navigation="null" OriginId="org.eclipse.jdt.ui.CompilationUnitEditor" StartDate="2014-12-04 08:52:21.606 JST" StructureHandle="=IFM11/src&amp;lt;ifm11.main{LogActv.java[LogActv~_Setup_List" StructureKind="java" NumEvents="10" CreationCount="499"/><InteractionEvent Delta="null" EndDate="2014-12-04 08:58:25.325 JST" Interest="106.0" Kind="edit" Navigation="null" OriginId="org.eclipse.jdt.ui.CompilationUnitEditor" StartDate="2014-12-04 08:52:21.614 JST" StructureHandle="=IFM11/src&amp;lt;ifm11.main{LogActv.java[LogActv~_Setup_List" StructureKind="java" NumEvents="106" CreationCount="499"/><InteractionEvent Delta="null" EndDate="2014-12-04 08:48:31.357 JST" Interest="1.0" Kind="selection" Navigation="null" OriginId="org.eclipse.jdt.ui.CompilationUnitEditor" StartDate="2014-12-04 08:48:31.357 JST" StructureHandle="=IFM11/src&amp;lt;ifm11.main{ShowLogActv.java[ShowLogActv~_Setup_Adapter" StructureKind="java"/><InteractionEvent Delta="null" EndDate="2014-12-04 09:01:57.718 JST" Interest="779.034" Kind="propagation" Navigation="null" OriginId="org.eclipse.jdt.ui.CompilationUnitEditor" StartDate="2014-12-04 08:10:03.97 JST" StructureHandle="/IFM11/src" StructureKind="resource" NumEvents="782" CreationCount="1"/><InteractionEvent Delta="null" EndDate="2014-12-04 08:47:10.399 JST" Interest="11.0" Kind="selection" Navigation="null" OriginId="org.eclipse.jdt.ui.CompilationUnitEditor" StartDate="2014-12-04 08:43:58.299 JST" StructureHandle="=IFM11/src&amp;lt;ifm11.listeners.button{BO_TL.java[BO_TL~onTouch~QView;~QMotionEvent;" StructureKind="java" NumEvents="11" CreationCount="259"/><InteractionEvent Delta="null" EndDate="2014-12-04 08:47:47.11 JST" Interest="42.0" Kind="edit" Navigation="null" OriginId="org.eclipse.jdt.ui.CompilationUnitEditor" StartDate="2014-12-04 08:44:02.66 JST" StructureHandle="=IFM11/src&amp;lt;ifm11.listeners.button{BO_TL.java[BO_TL~onTouch~QView;~QMotionEvent;" StructureKind="java" NumEvents="42" CreationCount="259"/><InteractionEvent Delta="null" EndDate="2014-12-04 08:58:25.326 JST" Interest="443.017" Kind="propagation" Navigation="org.eclipse.mylyn.core.model.edges.containment" OriginId="org.eclipse.mylyn.core.model.interest.propagation" StartDate="2014-12-04 08:10:05.367 JST" StructureHandle="/IFM11/src/ifm11" StructureKind="resource" NumEvents="444" CreationCount="2"/><InteractionEvent Delta="null" EndDate="2014-12-04 08:46:48.900 JST" Interest="9.0" Kind="selection" Navigation="null" OriginId="org.eclipse.jdt.ui.CompilationUnitEditor" StartDate="2014-12-04 08:39:40.572 JST" StructureHandle="=IFM11/src&amp;lt;ifm11.main{LogActv.java[LogActv~_Setup_SetListeners_Navigation" StructureKind="java" NumEvents="9" CreationCount="130"/><InteractionEvent Delta="null" EndDate="2014-12-04 08:44:12.488 JST" Interest="81.0" Kind="edit" Navigation="null" OriginId="org.eclipse.jdt.ui.CompilationUnitEditor" StartDate="2014-12-04 08:39:40.576 JST" StructureHandle="=IFM11/src&amp;lt;ifm11.main{LogActv.java[LogActv~_Setup_SetListeners_Navigation" StructureKind="java" NumEvents="81" CreationCount="130"/><InteractionEvent Delta="null" EndDate="2014-12-04 08:43:10.188 JST" Interest="6.1" Kind="propagation" Navigation="org.eclipse.mylyn.core.model.edges.containment" OriginId="org.eclipse.mylyn.core.model.interest.propagation" StartDate="2014-12-04 08:42:37.824 JST" StructureHandle="=IFM11/src&amp;lt;ifm11.utils{Tags.java[Tags" StructureKind="java" NumEvents="8" CreationCount="231"/><InteractionEvent Delta="null" EndDate="2014-12-04 08:58:26.302 JST" Interest="91.0" Kind="propagation" Navigation="null" OriginId="org.eclipse.jdt.ui.CompilationUnitEditor" StartDate="2014-12-04 08:54:19.778 JST" StructureHandle="/IFM11/src/ifm11/utils/Methods.java" StructureKind="resource" NumEvents="91" CreationCount="614"/><InteractionEvent Delta="null" EndDate="2014-12-04 08:43:55.522 JST" Interest="1.0" Kind="selection" Navigation="null" OriginId="org.eclipse.jdt.ui.CompilationUnitEditor" StartDate="2014-12-04 08:43:55.522 JST" StructureHandle="=IFM11/src&amp;lt;ifm11.listeners.button{BO_TL.java[BO_TL~BO_TL~QActivity;" StructureKind="java"/><InteractionEvent Delta="null" EndDate="2014-12-04 08:43:56.441 JST" Interest="1.0" Kind="edit" Navigation="null" OriginId="org.eclipse.jdt.ui.CompilationUnitEditor" StartDate="2014-12-04 08:43:56.441 JST" StructureHandle="=IFM11/src&amp;lt;ifm11.listeners.button{BO_TL.java[BO_TL~BO_TL~QActivity;" StructureKind="java"/><InteractionEvent Delta="null" EndDate="2014-12-04 08:10:03.96 JST" Interest="1.0" Kind="selection" Navigation="null" OriginId="org.eclipse.jdt.ui.PackageExplorer" StartDate="2014-12-04 08:10:03.96 JST" StructureHandle="=IFM11/src" StructureKind="java"/><InteractionEvent Delta="null" EndDate="2014-12-04 08:58:25.282 JST" Interest="96.293" Kind="propagation" Navigation="org.eclipse.mylyn.core.model.edges.containment" OriginId="org.eclipse.mylyn.core.model.interest.propagation" StartDate="2014-12-04 08:10:05.367 JST" StructureHandle="=IFM11/src" StructureKind="java" NumEvents="168" CreationCount="1"/><InteractionEvent Delta="null" EndDate="2014-12-04 09:01:46.15 JST" Interest="6.0" Kind="selection" Navigation="null" OriginId="org.eclipse.jdt.ui.CompilationUnitEditor" StartDate="2014-12-04 08:51:35.976 JST" StructureHandle="=IFM11/src&amp;lt;ifm11.listeners.button{BO_CL.java[BO_CL~case_ACTV_LOG_IB_UP" StructureKind="java" NumEvents="6" CreationCount="478"/><InteractionEvent Delta="null" EndDate="2014-12-04 09:01:57.715 JST" Interest="5.0" Kind="edit" Navigation="null" OriginId="org.eclipse.jdt.ui.CompilationUnitEditor" StartDate="2014-12-04 08:51:41.59 JST" StructureHandle="=IFM11/src&amp;lt;ifm11.listeners.button{BO_CL.java[BO_CL~case_ACTV_LOG_IB_UP" StructureKind="java" NumEvents="5" CreationCount="478"/><InteractionEvent Delta="null" EndDate="2014-12-04 08:59:15.163 JST" Interest="2.7570002" Kind="manipulation" Navigation="null" OriginId="org.eclipse.mylyn.core.model.interest.decay.correction" StartDate="2014-12-04 08:59:15.163 JST" StructureHandle="=IFM11/src&amp;lt;ifm11.listeners.button{BO_CL.java[BO_CL~case_ACTV_LOG_IB_UP" StructureKind="java"/></InteractionHistory>