<?xml version="1.0" encoding="UTF-8"?><InteractionHistory Id="local-1" Version="1"><InteractionEvent Delta="null" EndDate="2014-08-27 11:48:30.546 JST" Interest="887.67993" Kind="propagation" Navigation="org.eclipse.mylyn.core.model.edges.containment" OriginId="org.eclipse.mylyn.core.model.interest.propagation" StartDate="2014-08-27 10:37:20.822 JST" StructureHandle="" StructureKind="java" NumEvents="903" CreationCount="1"/><InteractionEvent Delta="null" EndDate="2014-08-27 10:42:14.908 JST" Interest="5.117" Kind="propagation" Navigation="org.eclipse.mylyn.core.model.edges.containment" OriginId="org.eclipse.mylyn.core.model.interest.propagation" StartDate="2014-08-27 10:41:57.27 JST" StructureHandle="=IFM11/src&amp;lt;ifm11.utils{Methods_dlg.java[Methods_dlg" StructureKind="java" NumEvents="8" CreationCount="44"/><InteractionEvent Delta="null" EndDate="2014-08-27 11:48:30.538 JST" Interest="2.0" Kind="selection" Navigation="null" OriginId="org.eclipse.jdt.ui.PackageExplorer" StartDate="2014-08-27 11:13:15.186 JST" StructureHandle="=IFM11/src&amp;lt;ifm11.items" StructureKind="java" NumEvents="2" CreationCount="326"/><InteractionEvent Delta="null" EndDate="2014-08-27 11:48:30.538 JST" Interest="9.387001" Kind="manipulation" Navigation="null" OriginId="org.eclipse.mylyn.core.model.interest.decay.correction" StartDate="2014-08-27 11:48:30.538 JST" StructureHandle="=IFM11/src&amp;lt;ifm11.items" StructureKind="java"/><InteractionEvent Delta="null" EndDate="2014-08-27 11:12:31.844 JST" Interest="1.0" Kind="selection" Navigation="null" OriginId="org.eclipse.ui.views.ContentOutline" StartDate="2014-08-27 11:12:31.844 JST" StructureHandle="=IFM11/src&amp;lt;ifm11.utils{DBUtils.java[DBUtils~update_TI__Memo~QActivity;~QTI;" StructureKind="java"/><InteractionEvent Delta="null" EndDate="2014-08-27 11:12:39.978 JST" Interest="7.0" Kind="edit" Navigation="null" OriginId="org.eclipse.jdt.ui.CompilationUnitEditor" StartDate="2014-08-27 11:12:32.929 JST" StructureHandle="=IFM11/src&amp;lt;ifm11.utils{DBUtils.java[DBUtils~update_TI__Memo~QActivity;~QTI;" StructureKind="java" NumEvents="7" CreationCount="307"/><InteractionEvent Delta="null" EndDate="2014-08-27 11:16:26.448 JST" Interest="2.0" Kind="selection" Navigation="null" OriginId="org.eclipse.jdt.ui.CompilationUnitEditor" StartDate="2014-08-27 11:15:21.504 JST" StructureHandle="=IFM11/src&amp;lt;ifm11.utils{DBUtils.java[DBUtils~_update_TI__Get_ContentValues_Memo~QActivity;~QTI;" StructureKind="java" NumEvents="2" CreationCount="381"/><InteractionEvent Delta="null" EndDate="2014-08-27 11:16:30.220 JST" Interest="3.0" Kind="edit" Navigation="null" OriginId="org.eclipse.jdt.ui.CompilationUnitEditor" StartDate="2014-08-27 11:15:22.391 JST" StructureHandle="=IFM11/src&amp;lt;ifm11.utils{DBUtils.java[DBUtils~_update_TI__Get_ContentValues_Memo~QActivity;~QTI;" StructureKind="java" NumEvents="3" CreationCount="381"/><InteractionEvent Delta="null" EndDate="2014-08-27 10:42:24.284 JST" Interest="1.0" Kind="selection" Navigation="null" OriginId="org.eclipse.ui.views.ContentOutline" StartDate="2014-08-27 10:42:24.284 JST" StructureHandle="=IFM11/src&amp;lt;ifm11.listeners.dialog{DB_OCL.java%ifm11.listeners.dialog" StructureKind="java"/><InteractionEvent Delta="null" EndDate="2014-08-27 10:44:13.140 JST" Interest="3.0" Kind="selection" Navigation="null" OriginId="org.eclipse.jdt.ui.PackageExplorer" StartDate="2014-08-27 10:39:08.671 JST" StructureHandle="/IFM11/res/layout" StructureKind="resource" NumEvents="3" CreationCount="26"/><InteractionEvent Delta="null" EndDate="2014-08-27 11:28:09.84 JST" Interest="10.719" Kind="propagation" Navigation="org.eclipse.mylyn.core.model.edges.containment" OriginId="org.eclipse.mylyn.core.model.interest.propagation" StartDate="2014-08-27 10:39:16.423 JST" StructureHandle="/IFM11/res/layout" StructureKind="resource" NumEvents="15" CreationCount="26"/><InteractionEvent Delta="null" EndDate="2014-08-27 11:38:47.726 JST" Interest="516.0" Kind="propagation" Navigation="null" OriginId="org.eclipse.jdt.ui.CompilationUnitEditor" StartDate="2014-08-27 11:11:50.27 JST" StructureHandle="/IFM11/src/ifm11/utils/DBUtils.java" StructureKind="resource" NumEvents="516" CreationCount="297"/><InteractionEvent Delta="null" EndDate="2014-08-27 11:38:06.489 JST" Interest="5.0" Kind="selection" Navigation="null" OriginId="org.eclipse.jdt.ui.CompilationUnitEditor" StartDate="2014-08-27 11:11:50.27 JST" StructureHandle="=IFM11/src&amp;lt;ifm11.utils{DBUtils.java" StructureKind="java" NumEvents="5" CreationCount="297"/><InteractionEvent Delta="null" EndDate="2014-08-27 11:38:43.905 JST" Interest="341.217" Kind="propagation" Navigation="org.eclipse.mylyn.core.model.edges.containment" OriginId="org.eclipse.mylyn.core.model.interest.propagation" StartDate="2014-08-27 11:11:50.955 JST" StructureHandle="=IFM11/src&amp;lt;ifm11.utils{DBUtils.java" StructureKind="java" NumEvents="488" CreationCount="297"/><InteractionEvent Delta="null" EndDate="2014-08-27 11:31:21.254 JST" Interest="1.0" Kind="selection" Navigation="null" OriginId="org.eclipse.jdt.ui.CompilationUnitEditor" StartDate="2014-08-27 11:31:21.254 JST" StructureHandle="=IFM11/src&amp;lt;ifm11.utils{Methods.java[Methods" StructureKind="java"/><InteractionEvent Delta="null" EndDate="2014-08-27 11:48:29.721 JST" Interest="233.8" Kind="propagation" Navigation="org.eclipse.mylyn.core.model.edges.containment" OriginId="org.eclipse.mylyn.core.model.interest.propagation" StartDate="2014-08-27 10:42:41.929 JST" StructureHandle="=IFM11/src&amp;lt;ifm11.utils{Methods.java[Methods" StructureKind="java" NumEvents="331" CreationCount="68"/><InteractionEvent Delta="null" EndDate="2014-08-27 11:31:22.976 JST" Interest="1.0" Kind="edit" Navigation="null" OriginId="org.eclipse.jdt.ui.CompilationUnitEditor" StartDate="2014-08-27 11:31:22.976 JST" StructureHandle="=IFM11/src&amp;lt;ifm11.utils{Methods.java[Methods" StructureKind="java"/><InteractionEvent Delta="null" EndDate="2014-08-27 10:37:33.494 JST" Interest="1.0" Kind="selection" Navigation="null" OriginId="org.eclipse.jdt.ui.PackageExplorer" StartDate="2014-08-27 10:37:33.494 JST" StructureHandle="=IFM11/src&amp;lt;ifm11.main" StructureKind="java"/><InteractionEvent Delta="null" EndDate="2014-08-27 10:42:34.458 JST" Interest="4.417" Kind="propagation" Navigation="org.eclipse.mylyn.core.model.edges.containment" OriginId="org.eclipse.mylyn.core.model.interest.propagation" StartDate="2014-08-27 10:42:25.265 JST" StructureHandle="=IFM11/src&amp;lt;ifm11.listeners.dialog{DB_OCL.java[DB_OCL" StructureKind="java" NumEvents="7" CreationCount="58"/><InteractionEvent Delta="null" EndDate="2014-08-27 10:42:19.239 JST" Interest="3.0" Kind="selection" Navigation="null" OriginId="org.eclipse.jdt.ui.PackageExplorer" StartDate="2014-08-27 10:41:53.326 JST" StructureHandle="=IFM11/src&amp;lt;ifm11.utils{Methods_dlg.java" StructureKind="java" NumEvents="3" CreationCount="41"/><InteractionEvent Delta="null" EndDate="2014-08-27 11:48:32.214 JST" Interest="1.0" Kind="prediction" Navigation="null" OriginId="org.eclipse.mylyn.resources.ui.interest.updater" StartDate="2014-08-27 11:48:32.214 JST" StructureHandle="=IFM11/src&amp;lt;ifm11.utils{Methods_dlg.java" StructureKind="java"/><InteractionEvent Delta="null" EndDate="2014-08-27 10:42:14.909 JST" Interest="3.1679997" Kind="propagation" Navigation="org.eclipse.mylyn.core.model.edges.containment" OriginId="org.eclipse.mylyn.core.model.interest.propagation" StartDate="2014-08-27 10:41:59.734 JST" StructureHandle="=IFM11/src&amp;lt;ifm11.utils{Methods_dlg.java" StructureKind="java" NumEvents="6" CreationCount="41"/><InteractionEvent Delta="null" EndDate="2014-08-27 10:39:31.990 JST" Interest="3.0" Kind="selection" Navigation="null" OriginId="org.eclipse.jdt.ui.PackageExplorer" StartDate="2014-08-27 10:39:16.423 JST" StructureHandle="/IFM11/res/layout/dlg_add_memos.xml" StructureKind="resource" NumEvents="3" CreationCount="27"/><InteractionEvent Delta="null" EndDate="2014-08-27 11:48:29.722 JST" Interest="872.01697" Kind="propagation" Navigation="null" OriginId="org.eclipse.jdt.ui.CompilationUnitEditor" StartDate="2014-08-27 10:41:51.641 JST" StructureHandle="/IFM11/src/ifm11/utils" StructureKind="resource" NumEvents="873" CreationCount="40"/><InteractionEvent Delta="null" EndDate="2014-08-27 11:38:50.903 JST" Interest="12.01" Kind="propagation" Navigation="org.eclipse.mylyn.core.model.edges.containment" OriginId="org.eclipse.mylyn.core.model.interest.propagation" StartDate="2014-08-27 10:59:20.871 JST" StructureHandle="/IFM11/bin" StructureKind="resource" NumEvents="6" CreationCount="269"/><InteractionEvent Delta="null" EndDate="2014-08-27 10:41:42.206 JST" Interest="5.0" Kind="selection" Navigation="null" OriginId="com.android.ide.eclipse.editors.CommonXmlEditor" StartDate="2014-08-27 10:37:48.856 JST" StructureHandle="/IFM11/res/values/strings.xml" StructureKind="resource" NumEvents="5" CreationCount="7"/><InteractionEvent Delta="null" EndDate="2014-08-27 11:48:29.508 JST" Interest="1.0" Kind="prediction" Navigation="null" OriginId="org.eclipse.mylyn.resources.ui.interest.updater" StartDate="2014-08-27 11:48:29.508 JST" StructureHandle="/IFM11/res/values/strings.xml" StructureKind="resource"/><InteractionEvent Delta="null" EndDate="2014-08-27 10:39:05.582 JST" Interest="15.0" Kind="edit" Navigation="null" OriginId="com.android.ide.eclipse.editors.CommonXmlEditor" StartDate="2014-08-27 10:37:51.598 JST" StructureHandle="/IFM11/res/values/strings.xml" StructureKind="resource" NumEvents="15" CreationCount="7"/><InteractionEvent Delta="null" EndDate="2014-08-27 10:59:20.871 JST" Interest="1.0" Kind="propagation" Navigation="org.eclipse.mylyn.core.model.edges.containment" OriginId="org.eclipse.mylyn.core.model.interest.propagation" StartDate="2014-08-27 10:59:20.871 JST" StructureHandle="/IFM11/bin/dexedLibs" StructureKind="resource"/><InteractionEvent Delta="null" EndDate="2014-08-27 11:38:06.663 JST" Interest="13.0" Kind="selection" Navigation="null" OriginId="org.eclipse.jdt.ui.CompilationUnitEditor" StartDate="2014-08-27 11:11:50.954 JST" StructureHandle="=IFM11/src&amp;lt;ifm11.utils{DBUtils.java[DBUtils~update_TIs__Memo~QActivity;~QString;~QString;" StructureKind="java" NumEvents="13" CreationCount="298"/><InteractionEvent Delta="null" EndDate="2014-08-27 11:38:34.434 JST" Interest="476.0" Kind="edit" Navigation="null" OriginId="org.eclipse.jdt.ui.CompilationUnitEditor" StartDate="2014-08-27 11:11:54.388 JST" StructureHandle="=IFM11/src&amp;lt;ifm11.utils{DBUtils.java[DBUtils~update_TIs__Memo~QActivity;~QString;~QString;" StructureKind="java" NumEvents="476" CreationCount="298"/><InteractionEvent Delta="null" EndDate="2014-08-27 11:21:34.838 JST" Interest="3.0" Kind="selection" Navigation="null" OriginId="org.eclipse.jdt.ui.CompilationUnitEditor" StartDate="2014-08-27 11:12:10.634 JST" StructureHandle="=IFM11/src&amp;lt;ifm11.utils{DBUtils.java[DBUtils" StructureKind="java" NumEvents="3" CreationCount="298"/><InteractionEvent Delta="null" EndDate="2014-08-27 11:38:34.434 JST" Interest="342.5" Kind="propagation" Navigation="org.eclipse.mylyn.core.model.edges.containment" OriginId="org.eclipse.mylyn.core.model.interest.propagation" StartDate="2014-08-27 11:11:50.954 JST" StructureHandle="=IFM11/src&amp;lt;ifm11.utils{DBUtils.java[DBUtils" StructureKind="java" NumEvents="486" CreationCount="298"/><InteractionEvent Delta="null" EndDate="2014-08-27 11:21:36.525 JST" Interest="1.0" Kind="edit" Navigation="null" OriginId="org.eclipse.jdt.ui.CompilationUnitEditor" StartDate="2014-08-27 11:21:36.525 JST" StructureHandle="=IFM11/src&amp;lt;ifm11.utils{DBUtils.java[DBUtils" StructureKind="java"/><InteractionEvent Delta="null" EndDate="2014-08-27 10:44:10.593 JST" Interest="12.017" Kind="propagation" Navigation="org.eclipse.mylyn.core.model.edges.containment" OriginId="org.eclipse.mylyn.core.model.interest.propagation" StartDate="2014-08-27 10:42:19.356 JST" StructureHandle="/IFM11/src/ifm11/listeners" StructureKind="resource" NumEvents="13" CreationCount="54"/><InteractionEvent Delta="null" EndDate="2014-08-27 10:41:59.735 JST" Interest="3.0" Kind="selection" Navigation="null" OriginId="org.eclipse.jdt.ui.CompilationUnitEditor" StartDate="2014-08-27 10:41:57.26 JST" StructureHandle="=IFM11/src&amp;lt;ifm11.utils{Methods_dlg.java[Methods_dlg~conf_Exec_Sql~QActivity;~QDialog;~QString;" StructureKind="java" NumEvents="3" CreationCount="44"/><InteractionEvent Delta="null" EndDate="2014-08-27 10:41:51.641 JST" Interest="1.0" Kind="selection" Navigation="null" OriginId="org.eclipse.jdt.ui.PackageExplorer" StartDate="2014-08-27 10:41:51.641 JST" StructureHandle="=IFM11/src&amp;lt;ifm11.utils" StructureKind="java"/><InteractionEvent Delta="null" EndDate="2014-08-27 11:38:34.435 JST" Interest="349.586" Kind="propagation" Navigation="org.eclipse.mylyn.core.model.edges.containment" OriginId="org.eclipse.mylyn.core.model.interest.propagation" StartDate="2014-08-27 10:41:53.327 JST" StructureHandle="=IFM11/src&amp;lt;ifm11.utils" StructureKind="java" NumEvents="502" CreationCount="40"/><InteractionEvent Delta="null" EndDate="2014-08-27 11:48:30.546 JST" Interest="948.01697" Kind="propagation" Navigation="org.eclipse.mylyn.core.model.edges.containment" OriginId="org.eclipse.mylyn.core.model.interest.propagation" StartDate="2014-08-27 10:37:20.822 JST" StructureHandle="/" StructureKind="resource" NumEvents="949" CreationCount="1"/><InteractionEvent Delta="null" EndDate="2014-08-27 11:12:23.842 JST" Interest="1.0" Kind="selection" Navigation="null" OriginId="org.eclipse.ui.views.ContentOutline" StartDate="2014-08-27 11:12:23.842 JST" StructureHandle="=IFM11/src&amp;lt;ifm11.utils{DBUtils.java[DBUtils~update_TI__All~QActivity;~QTI;" StructureKind="java"/><InteractionEvent Delta="null" EndDate="2014-08-27 10:42:19.356 JST" Interest="1.0" Kind="selection" Navigation="null" OriginId="org.eclipse.jdt.ui.PackageExplorer" StartDate="2014-08-27 10:42:19.356 JST" StructureHandle="=IFM11/src&amp;lt;ifm11.listeners.dialog" StructureKind="java"/><InteractionEvent Delta="null" EndDate="2014-08-27 10:44:10.594 JST" Interest="4.4849997" Kind="propagation" Navigation="org.eclipse.mylyn.core.model.edges.containment" OriginId="org.eclipse.mylyn.core.model.interest.propagation" StartDate="2014-08-27 10:42:22.75 JST" StructureHandle="=IFM11/src&amp;lt;ifm11.listeners.dialog" StructureKind="java" NumEvents="10" CreationCount="54"/><InteractionEvent Delta="null" EndDate="2014-08-27 11:38:43.50 JST" Interest="1.0" Kind="selection" Navigation="null" OriginId="org.eclipse.jdt.ui.CompilationUnitEditor" StartDate="2014-08-27 11:38:43.50 JST" StructureHandle="=IFM11/src&amp;lt;ifm11.utils{DBUtils.java[DBUtils~find_All_TI~QActivity;~QString;" StructureKind="java"/><InteractionEvent Delta="null" EndDate="2014-08-27 11:38:47.725 JST" Interest="2.0" Kind="edit" Navigation="null" OriginId="org.eclipse.jdt.ui.CompilationUnitEditor" StartDate="2014-08-27 11:38:43.904 JST" StructureHandle="=IFM11/src&amp;lt;ifm11.utils{DBUtils.java[DBUtils~find_All_TI~QActivity;~QString;" StructureKind="java" NumEvents="2" CreationCount="930"/><InteractionEvent Delta="null" EndDate="2014-08-27 11:40:07.626 JST" Interest="7.0" Kind="selection" Navigation="null" OriginId="org.eclipse.jdt.ui.CompilationUnitEditor" StartDate="2014-08-27 10:42:41.110 JST" StructureHandle="=IFM11/src&amp;lt;ifm11.utils{Methods.java" StructureKind="java" NumEvents="7" CreationCount="66"/><InteractionEvent Delta="null" EndDate="2014-08-27 11:48:29.722 JST" Interest="228.53401" Kind="propagation" Navigation="org.eclipse.mylyn.core.model.edges.containment" OriginId="org.eclipse.mylyn.core.model.interest.propagation" StartDate="2014-08-27 10:42:58.979 JST" StructureHandle="=IFM11/src&amp;lt;ifm11.utils{Methods.java" StructureKind="java" NumEvents="327" CreationCount="66"/><InteractionEvent Delta="null" EndDate="2014-08-27 10:44:10.593 JST" Interest="12.017" Kind="propagation" Navigation="org.eclipse.mylyn.core.model.edges.containment" OriginId="org.eclipse.mylyn.core.model.interest.propagation" StartDate="2014-08-27 10:42:19.356 JST" StructureHandle="/IFM11/src/ifm11/listeners/dialog" StructureKind="resource" NumEvents="13" CreationCount="54"/><InteractionEvent Delta="null" EndDate="2014-08-27 10:42:32.356 JST" Interest="3.0" Kind="selection" Navigation="null" OriginId="org.eclipse.jdt.ui.CompilationUnitEditor" StartDate="2014-08-27 10:42:25.264 JST" StructureHandle="=IFM11/src&amp;lt;ifm11.listeners.dialog{DB_OCL.java[DB_OCL~DB_OCL~QActivity;~QDialog;~QDialog;~QTI;" StructureKind="java" NumEvents="3" CreationCount="58"/><InteractionEvent Delta="null" EndDate="2014-08-27 10:47:22.76 JST" Interest="1.0" Kind="selection" Navigation="null" OriginId="org.eclipse.jdt.ui.CompilationUnitEditor" StartDate="2014-08-27 10:47:22.76 JST" StructureHandle="=IFM11/src&amp;lt;ifm11.utils{Methods.java[Methods~delete_TI~QActivity;~QDialog;~QDialog;~QTI;" StructureKind="java"/><InteractionEvent Delta="null" EndDate="2014-08-27 10:37:43.814 JST" Interest="1.0" Kind="selection" Navigation="null" OriginId="org.eclipse.jdt.ui.PackageExplorer" StartDate="2014-08-27 10:37:43.814 JST" StructureHandle="/IFM11/res" StructureKind="resource"/><InteractionEvent Delta="null" EndDate="2014-08-27 11:48:29.508 JST" Interest="15.533999" Kind="propagation" Navigation="org.eclipse.mylyn.core.model.edges.containment" OriginId="org.eclipse.mylyn.core.model.interest.propagation" StartDate="2014-08-27 10:37:47.582 JST" StructureHandle="/IFM11/res" StructureKind="resource" NumEvents="22" CreationCount="5"/><InteractionEvent Delta="null" EndDate="2014-08-27 10:41:56.70 JST" Interest="1.0" Kind="selection" Navigation="null" OriginId="org.eclipse.ui.views.ContentOutline" StartDate="2014-08-27 10:41:56.70 JST" StructureHandle="=IFM11/src&amp;lt;ifm11.utils{Methods_dlg.java%ifm11.utils" StructureKind="java"/><InteractionEvent Delta="null" EndDate="2014-08-27 11:40:07.694 JST" Interest="8.0" Kind="selection" Navigation="null" OriginId="org.eclipse.jdt.ui.CompilationUnitEditor" StartDate="2014-08-27 10:42:41.929 JST" StructureHandle="=IFM11/src&amp;lt;ifm11.utils{Methods.java[Methods~edit_TI~QActivity;~QDialog;~QDialog;~QTI;" StructureKind="java" NumEvents="8" CreationCount="68"/><InteractionEvent Delta="null" EndDate="2014-08-27 11:48:29.721 JST" Interest="325.0" Kind="edit" Navigation="null" OriginId="org.eclipse.jdt.ui.CompilationUnitEditor" StartDate="2014-08-27 10:42:43.237 JST" StructureHandle="=IFM11/src&amp;lt;ifm11.utils{Methods.java[Methods~edit_TI~QActivity;~QDialog;~QDialog;~QTI;" StructureKind="java" NumEvents="325" CreationCount="68"/><InteractionEvent Delta="null" EndDate="2014-08-27 11:48:30.546 JST" Interest="948.0" Kind="propagation" Navigation="null" OriginId="org.eclipse.jdt.ui.PackageExplorer" StartDate="2014-08-27 10:37:22.538 JST" StructureHandle="/IFM11" StructureKind="resource" NumEvents="948" CreationCount="2"/><InteractionEvent Delta="null" EndDate="2014-08-27 11:38:50.902 JST" Interest="3.0" Kind="prediction" Navigation="null" OriginId="org.eclipse.mylyn.resources.ui.interest.updater" StartDate="2014-08-27 11:30:42.431 JST" StructureHandle="/IFM11/bin/IFM11.apk" StructureKind="resource" NumEvents="3" CreationCount="799"/><InteractionEvent Delta="null" EndDate="2014-08-27 11:14:51.458 JST" Interest="1.0" Kind="selection" Navigation="null" OriginId="org.eclipse.jdt.ui.CompilationUnitEditor" StartDate="2014-08-27 11:14:51.458 JST" StructureHandle="=IFM11/src&amp;lt;ifm11.utils{DBUtils.java[DBUtils~_build_Values__TI~QActivity;~QTI;" StructureKind="java"/><InteractionEvent Delta="null" EndDate="2014-08-27 11:38:50.902 JST" Interest="3.0" Kind="prediction" Navigation="null" OriginId="org.eclipse.mylyn.resources.ui.interest.updater" StartDate="2014-08-27 11:30:42.431 JST" StructureHandle="/IFM11/bin/classes.dex" StructureKind="resource" NumEvents="3" CreationCount="799"/><InteractionEvent Delta="null" EndDate="2014-08-27 10:42:19.239 JST" Interest="13.0" Kind="propagation" Navigation="null" OriginId="org.eclipse.jdt.ui.PackageExplorer" StartDate="2014-08-27 10:41:53.326 JST" StructureHandle="/IFM11/src/ifm11/utils/Methods_dlg.java" StructureKind="resource" NumEvents="13" CreationCount="41"/><InteractionEvent Delta="null" EndDate="2014-08-27 11:48:30.538 JST" Interest="2.0" Kind="propagation" Navigation="null" OriginId="org.eclipse.jdt.ui.PackageExplorer" StartDate="2014-08-27 11:13:15.187 JST" StructureHandle="/IFM11/src/ifm11/items" StructureKind="resource" NumEvents="2" CreationCount="326"/><InteractionEvent Delta="null" EndDate="2014-08-27 11:48:30.538 JST" Interest="9.404" Kind="manipulation" Navigation="null" OriginId="org.eclipse.mylyn.core.model.interest.decay.correction" StartDate="2014-08-27 11:48:30.538 JST" StructureHandle="/IFM11/src/ifm11/items" StructureKind="resource"/><InteractionEvent Delta="null" EndDate="2014-08-27 10:37:20.822 JST" Interest="1.0" Kind="selection" Navigation="null" OriginId="org.eclipse.jdt.ui.PackageExplorer" StartDate="2014-08-27 10:37:20.822 JST" StructureHandle="=TA2" StructureKind="java"/><InteractionEvent Delta="null" EndDate="2014-08-27 10:59:20.871 JST" Interest="1.0" Kind="propagation" Navigation="null" OriginId="org.eclipse.mylyn.resources.ui.interest.updater" StartDate="2014-08-27 10:59:20.871 JST" StructureHandle="/IFM11/bin/dexedLibs/commons-lang-2.6-88b25823f1679b0a9d9bb7ee9be9977e.jar" StructureKind="resource"/><InteractionEvent Delta="null" EndDate="2014-08-27 10:59:20.871 JST" Interest="1.0" Kind="propagation" Navigation="null" OriginId="org.eclipse.mylyn.resources.ui.interest.updater" StartDate="2014-08-27 10:59:20.871 JST" StructureHandle="/IFM11/bin/dexedLibs/commons-net-3.3-64fb6b2934b4fb8706a63c415bd307a3.jar" StructureKind="resource"/><InteractionEvent Delta="null" EndDate="2014-08-27 10:37:33.494 JST" Interest="1.0" Kind="propagation" Navigation="null" OriginId="org.eclipse.jdt.ui.PackageExplorer" StartDate="2014-08-27 10:37:33.494 JST" StructureHandle="/IFM11/src/ifm11/main" StructureKind="resource"/><InteractionEvent Delta="null" EndDate="2014-08-27 10:42:32.379 JST" Interest="3.0" Kind="selection" Navigation="null" OriginId="org.eclipse.jdt.ui.CompilationUnitEditor" StartDate="2014-08-27 10:42:32.258 JST" StructureHandle="=IFM11/src&amp;lt;ifm11.listeners.dialog{DB_OCL.java[DB_OCL~case_DLG_EDIT_TI_BT_OK" StructureKind="java" NumEvents="3" CreationCount="59"/><InteractionEvent Delta="null" EndDate="2014-08-27 10:42:34.458 JST" Interest="2.0" Kind="edit" Navigation="null" OriginId="org.eclipse.jdt.ui.CompilationUnitEditor" StartDate="2014-08-27 10:42:32.863 JST" StructureHandle="=IFM11/src&amp;lt;ifm11.listeners.dialog{DB_OCL.java[DB_OCL~case_DLG_EDIT_TI_BT_OK" StructureKind="java" NumEvents="2" CreationCount="59"/><InteractionEvent Delta="null" EndDate="2014-08-27 10:59:20.871 JST" Interest="1.0" Kind="propagation" Navigation="null" OriginId="org.eclipse.mylyn.resources.ui.interest.updater" StartDate="2014-08-27 10:59:20.871 JST" StructureHandle="/IFM11/bin/dexedLibs/annotations-d288b20aa2286e3172641d3161bdbc70.jar" StructureKind="resource"/><InteractionEvent Delta="null" EndDate="2014-08-27 11:28:08.802 JST" Interest="7.0" Kind="selection" Navigation="null" OriginId="com.android.ide.eclipse.editors.CommonXmlEditor" StartDate="2014-08-27 10:39:45.498 JST" StructureHandle="/IFM11/res/layout/dlg_edit_ti.xml" StructureKind="resource" NumEvents="7" CreationCount="31"/><InteractionEvent Delta="null" EndDate="2014-08-27 11:48:29.508 JST" Interest="1.0" Kind="prediction" Navigation="null" OriginId="org.eclipse.mylyn.resources.ui.interest.updater" StartDate="2014-08-27 11:48:29.508 JST" StructureHandle="/IFM11/res/layout/dlg_edit_ti.xml" StructureKind="resource"/><InteractionEvent Delta="null" EndDate="2014-08-27 11:28:09.84 JST" Interest="9.0" Kind="edit" Navigation="null" OriginId="com.android.ide.eclipse.editors.CommonXmlEditor" StartDate="2014-08-27 10:40:06.953 JST" StructureHandle="/IFM11/res/layout/dlg_edit_ti.xml" StructureKind="resource" NumEvents="9" CreationCount="31"/><InteractionEvent Delta="null" EndDate="2014-08-27 11:28:08.802 JST" Interest="0.3340006" Kind="manipulation" Navigation="null" OriginId="org.eclipse.mylyn.core.model.interest.decay.correction" StartDate="2014-08-27 11:28:08.802 JST" StructureHandle="/IFM11/res/layout/dlg_edit_ti.xml" StructureKind="resource"/><InteractionEvent Delta="null" EndDate="2014-08-27 10:37:20.822 JST" Interest="1.0" Kind="propagation" Navigation="null" OriginId="org.eclipse.jdt.ui.PackageExplorer" StartDate="2014-08-27 10:37:20.822 JST" StructureHandle="/TA2" StructureKind="resource"/><InteractionEvent Delta="null" EndDate="2014-08-27 10:39:07.292 JST" Interest="1.0" Kind="selection" Navigation="null" OriginId="org.eclipse.jdt.ui.PackageExplorer" StartDate="2014-08-27 10:39:07.292 JST" StructureHandle="/IFM11/res/drawable-mdpi" StructureKind="resource"/><InteractionEvent Delta="null" EndDate="2014-08-27 10:41:59.764 JST" Interest="3.0" Kind="selection" Navigation="null" OriginId="org.eclipse.jdt.ui.CompilationUnitEditor" StartDate="2014-08-27 10:41:59.688 JST" StructureHandle="=IFM11/src&amp;lt;ifm11.utils{Methods_dlg.java[Methods_dlg~dlg_EditTI~QActivity;~QDialog;~QTI;" StructureKind="java" NumEvents="3" CreationCount="45"/><InteractionEvent Delta="null" EndDate="2014-08-27 10:42:14.908 JST" Interest="3.0" Kind="edit" Navigation="null" OriginId="org.eclipse.jdt.ui.CompilationUnitEditor" StartDate="2014-08-27 10:42:00.244 JST" StructureHandle="=IFM11/src&amp;lt;ifm11.utils{Methods_dlg.java[Methods_dlg~dlg_EditTI~QActivity;~QDialog;~QTI;" StructureKind="java" NumEvents="3" CreationCount="45"/><InteractionEvent Delta="null" EndDate="2014-08-27 10:41:45.689 JST" Interest="1.0" Kind="selection" Navigation="null" OriginId="org.eclipse.jdt.ui.PackageExplorer" StartDate="2014-08-27 10:41:45.689 JST" StructureHandle="/IFM11/res/layout/dlg_admin_patterns.xml" StructureKind="resource"/><InteractionEvent Delta="null" EndDate="2014-08-27 10:37:47.582 JST" Interest="1.0" Kind="selection" Navigation="null" OriginId="org.eclipse.jdt.ui.PackageExplorer" StartDate="2014-08-27 10:37:47.582 JST" StructureHandle="/IFM11/res/values" StructureKind="resource"/><InteractionEvent Delta="null" EndDate="2014-08-27 11:48:29.508 JST" Interest="15.516999" Kind="propagation" Navigation="org.eclipse.mylyn.core.model.edges.containment" OriginId="org.eclipse.mylyn.core.model.interest.propagation" StartDate="2014-08-27 10:37:48.856 JST" StructureHandle="/IFM11/res/values" StructureKind="resource" NumEvents="21" CreationCount="6"/><InteractionEvent Delta="null" EndDate="2014-08-27 10:44:10.593 JST" Interest="12.0" Kind="propagation" Navigation="null" OriginId="org.eclipse.jdt.ui.PackageExplorer" StartDate="2014-08-27 10:42:22.74 JST" StructureHandle="/IFM11/src/ifm11/listeners/dialog/DB_OCL.java" StructureKind="resource" NumEvents="12" CreationCount="55"/><InteractionEvent Delta="null" EndDate="2014-08-27 11:48:30.539 JST" Interest="887.646" Kind="propagation" Navigation="null" OriginId="org.eclipse.jdt.ui.PackageExplorer" StartDate="2014-08-27 10:37:31.39 JST" StructureHandle="/IFM11/src" StructureKind="resource" NumEvents="890" CreationCount="3"/><InteractionEvent Delta="null" EndDate="2014-08-27 11:48:29.721 JST" Interest="871.62897" Kind="propagation" Navigation="org.eclipse.mylyn.core.model.edges.containment" OriginId="org.eclipse.mylyn.core.model.interest.propagation" StartDate="2014-08-27 10:37:33.494 JST" StructureHandle="/IFM11/src/ifm11" StructureKind="resource" NumEvents="874" CreationCount="4"/><InteractionEvent Delta="null" EndDate="2014-08-27 11:48:29.721 JST" Interest="343.0" Kind="propagation" Navigation="null" OriginId="org.eclipse.jdt.ui.CompilationUnitEditor" StartDate="2014-08-27 10:42:41.110 JST" StructureHandle="/IFM11/src/ifm11/utils/Methods.java" StructureKind="resource" NumEvents="343" CreationCount="66"/><InteractionEvent Delta="null" EndDate="2014-08-27 10:44:10.592 JST" Interest="3.0" Kind="selection" Navigation="null" OriginId="org.eclipse.jdt.ui.PackageExplorer" StartDate="2014-08-27 10:42:22.74 JST" StructureHandle="=IFM11/src&amp;lt;ifm11.listeners.dialog{DB_OCL.java" StructureKind="java" NumEvents="3" CreationCount="55"/><InteractionEvent Delta="null" EndDate="2014-08-27 10:42:34.460 JST" Interest="2.468" Kind="propagation" Navigation="org.eclipse.mylyn.core.model.edges.containment" OriginId="org.eclipse.mylyn.core.model.interest.propagation" StartDate="2014-08-27 10:42:32.355 JST" StructureHandle="=IFM11/src&amp;lt;ifm11.listeners.dialog{DB_OCL.java" StructureKind="java" NumEvents="5" CreationCount="55"/><InteractionEvent Delta="null" EndDate="2014-08-27 10:37:31.39 JST" Interest="1.0" Kind="selection" Navigation="null" OriginId="org.eclipse.jdt.ui.PackageExplorer" StartDate="2014-08-27 10:37:31.39 JST" StructureHandle="=IFM11/src" StructureKind="java"/><InteractionEvent Delta="null" EndDate="2014-08-27 11:38:34.436 JST" Interest="350.215" Kind="propagation" Navigation="org.eclipse.mylyn.core.model.edges.containment" OriginId="org.eclipse.mylyn.core.model.interest.propagation" StartDate="2014-08-27 10:37:33.495 JST" StructureHandle="=IFM11/src" StructureKind="java" NumEvents="507" CreationCount="3"/><InteractionEvent Delta="null" EndDate="2014-08-27 11:48:30.546 JST" Interest="2.0" Kind="selection" Navigation="null" OriginId="org.eclipse.jdt.ui.PackageExplorer" StartDate="2014-08-27 10:37:22.538 JST" StructureHandle="=IFM11" StructureKind="java" NumEvents="2" CreationCount="2"/><InteractionEvent Delta="null" EndDate="2014-08-27 11:48:30.538 JST" Interest="885.66296" Kind="propagation" Navigation="org.eclipse.mylyn.core.model.edges.containment" OriginId="org.eclipse.mylyn.core.model.interest.propagation" StartDate="2014-08-27 10:37:31.40 JST" StructureHandle="=IFM11" StructureKind="resource" NumEvents="900" CreationCount="2"/></InteractionHistory>