<?xml version="1.0" encoding="UTF-8"?><InteractionHistory Id="local-36" Version="1"><InteractionEvent Delta="null" EndDate="2014-08-30 18:32:21.569 JST" Interest="1.0" Kind="selection" Navigation="null" OriginId="org.eclipse.jdt.ui.CompilationUnitEditor" StartDate="2014-08-30 18:32:21.569 JST" StructureHandle="=cm7/src&amp;lt;app.listeners.dialog{DB_OTL.java[DB_OTL~onTouch~QView;~QMotionEvent;" StructureKind="java"/><InteractionEvent Delta="null" EndDate="2014-08-30 18:32:38.629 JST" Interest="10.0" Kind="edit" Navigation="null" OriginId="org.eclipse.jdt.ui.CompilationUnitEditor" StartDate="2014-08-30 18:32:23.796 JST" StructureHandle="=cm7/src&amp;lt;app.listeners.dialog{DB_OTL.java[DB_OTL~onTouch~QView;~QMotionEvent;" StructureKind="java" NumEvents="10" CreationCount="317"/><InteractionEvent Delta="null" EndDate="2014-08-30 18:32:49.981 JST" Interest="51.0" Kind="propagation" Navigation="null" OriginId="org.eclipse.jdt.ui.CompilationUnitEditor" StartDate="2014-08-30 18:07:33.923 JST" StructureHandle="/cm7/src/app/utils/Methods_dlg.java" StructureKind="resource" NumEvents="51" CreationCount="3"/><InteractionEvent Delta="null" EndDate="2014-08-30 18:27:58.348 JST" Interest="74.0" Kind="propagation" Navigation="null" OriginId="org.eclipse.ui.views.ContentOutline" StartDate="2014-08-30 18:13:48.956 JST" StructureHandle="/cm7/src/app/utils/Methods.java" StructureKind="resource" NumEvents="74" CreationCount="126"/><InteractionEvent Delta="null" EndDate="2014-08-30 18:38:14.790 JST" Interest="1.0" Kind="propagation" Navigation="org.eclipse.mylyn.core.model.edges.containment" OriginId="org.eclipse.mylyn.core.model.interest.propagation" StartDate="2014-08-30 18:38:14.790 JST" StructureHandle="/cm7/res/values" StructureKind="resource"/><InteractionEvent Delta="null" EndDate="2014-08-30 18:27:58.348 JST" Interest="2.0" Kind="selection" Navigation="null" OriginId="org.eclipse.ui.views.ContentOutline" StartDate="2014-08-30 18:25:06.227 JST" StructureHandle="=cm7/src&amp;lt;app.utils{Methods.java[Methods~go_Up_Dir_Move~QActivity;" StructureKind="java" NumEvents="2" CreationCount="218"/><InteractionEvent Delta="null" EndDate="2014-08-30 18:25:49.908 JST" Interest="14.0" Kind="edit" Navigation="null" OriginId="org.eclipse.jdt.ui.CompilationUnitEditor" StartDate="2014-08-30 18:25:12.484 JST" StructureHandle="=cm7/src&amp;lt;app.utils{Methods.java[Methods~go_Up_Dir_Move~QActivity;" StructureKind="java" NumEvents="14" CreationCount="218"/><InteractionEvent Delta="null" EndDate="2014-08-30 18:38:16.153 JST" Interest="15.0" Kind="propagation" Navigation="null" OriginId="org.eclipse.jdt.ui.PackageExplorer" StartDate="2014-08-30 18:32:18.237 JST" StructureHandle="/cm7/src/app/listeners/dialog/DB_OTL.java" StructureKind="resource" NumEvents="15" CreationCount="314"/><InteractionEvent Delta="null" EndDate="2014-08-30 18:33:41.841 JST" Interest="3.0" Kind="prediction" Navigation="null" OriginId="org.eclipse.mylyn.resources.ui.interest.updater" StartDate="2014-08-30 18:16:31.855 JST" StructureHandle="/cm7/bin/classes.dex" StructureKind="resource" NumEvents="3" CreationCount="178"/><InteractionEvent Delta="null" EndDate="2014-08-30 18:38:14.790 JST" Interest="1.0" Kind="propagation" Navigation="org.eclipse.mylyn.core.model.edges.containment" OriginId="org.eclipse.mylyn.core.model.interest.propagation" StartDate="2014-08-30 18:38:14.790 JST" StructureHandle="/cm7/res/drawable" StructureKind="resource"/><InteractionEvent Delta="null" EndDate="2014-08-30 18:14:00.464 JST" Interest="3.0" Kind="selection" Navigation="null" OriginId="org.eclipse.jdt.ui.CompilationUnitEditor" StartDate="2014-08-30 18:13:43.617 JST" StructureHandle="=IFM11/src&amp;lt;ifm11.utils{Methods.java[Methods~go_Down_Dir_Move~QActivity;~QString;" StructureKind="java" NumEvents="3" CreationCount="123"/><InteractionEvent Delta="null" EndDate="2014-08-30 18:13:54.974 JST" Interest="1.0" Kind="edit" Navigation="null" OriginId="org.eclipse.jdt.ui.CompilationUnitEditor" StartDate="2014-08-30 18:13:54.974 JST" StructureHandle="=IFM11/src&amp;lt;ifm11.utils{Methods.java[Methods~go_Down_Dir_Move~QActivity;~QString;" StructureKind="java"/><InteractionEvent Delta="null" EndDate="2014-08-30 18:24:22.391 JST" Interest="23.071999" Kind="propagation" Navigation="org.eclipse.mylyn.core.model.edges.containment" OriginId="org.eclipse.mylyn.core.model.interest.propagation" StartDate="2014-08-30 18:13:49.640 JST" StructureHandle="=cm7/src&amp;lt;app.utils{Methods.java" StructureKind="java" NumEvents="34" CreationCount="126"/><InteractionEvent Delta="null" EndDate="2014-08-30 18:24:56.887 JST" Interest="9.0" Kind="selection" Navigation="null" OriginId="org.eclipse.jdt.ui.CompilationUnitEditor" StartDate="2014-08-30 18:13:48.956 JST" StructureHandle="=cm7/src&amp;lt;app.utils{Methods.java" StructureKind="java" NumEvents="9" CreationCount="126"/><InteractionEvent Delta="null" EndDate="2014-08-30 18:31:16.218 JST" Interest="10.0" Kind="selection" Navigation="null" OriginId="org.eclipse.jdt.ui.CompilationUnitEditor" StartDate="2014-08-30 18:10:25.463 JST" StructureHandle="=cm7/src&amp;lt;app.listeners.dialog{DLOI_LCL.java[DLOI_LCL~case_DLG_MOVE_FILES_FOLDER~QString;" StructureKind="java" NumEvents="10" CreationCount="71"/><InteractionEvent Delta="null" EndDate="2014-08-30 18:30:57.338 JST" Interest="42.0" Kind="edit" Navigation="null" OriginId="org.eclipse.jdt.ui.CompilationUnitEditor" StartDate="2014-08-30 18:10:49.204 JST" StructureHandle="=cm7/src&amp;lt;app.listeners.dialog{DLOI_LCL.java[DLOI_LCL~case_DLG_MOVE_FILES_FOLDER~QString;" StructureKind="java" NumEvents="42" CreationCount="71"/><InteractionEvent Delta="null" EndDate="2014-08-30 18:38:14.789 JST" Interest="1.0" Kind="prediction" Navigation="null" OriginId="org.eclipse.mylyn.resources.ui.interest.updater" StartDate="2014-08-30 18:38:14.789 JST" StructureHandle="/cm7/res/layout/dlg_tmpl_list_cancel_2.xml" StructureKind="resource"/><InteractionEvent Delta="null" EndDate="2014-08-30 18:09:18.705 JST" Interest="2.0" Kind="selection" Navigation="null" OriginId="org.eclipse.jdt.ui.CompilationUnitEditor" StartDate="2014-08-30 18:09:13.154 JST" StructureHandle="=cm7/src&amp;lt;app.listeners.dialog{DLOI_LCL.java[DLOI_LCL~DLOI_LCL~QActivity;~QDialog;~QDialog;" StructureKind="java" NumEvents="2" CreationCount="28"/><InteractionEvent Delta="null" EndDate="2014-08-30 18:14:00.464 JST" Interest="2.7" Kind="propagation" Navigation="org.eclipse.mylyn.core.model.edges.containment" OriginId="org.eclipse.mylyn.core.model.interest.propagation" StartDate="2014-08-30 18:13:43.618 JST" StructureHandle="=IFM11/src&amp;lt;ifm11.utils{Methods.java[Methods" StructureKind="java" NumEvents="4" CreationCount="123"/><InteractionEvent Delta="null" EndDate="2014-08-30 18:24:51.392 JST" Interest="3.0" Kind="selection" Navigation="null" OriginId="org.eclipse.jdt.ui.CompilationUnitEditor" StartDate="2014-08-30 18:13:58.188 JST" StructureHandle="=IFM11/src&amp;lt;ifm11.utils{Methods.java[Methods" StructureKind="java" NumEvents="3" CreationCount="123"/><InteractionEvent Delta="null" EndDate="2014-08-30 18:33:35.435 JST" Interest="3.4" Kind="propagation" Navigation="org.eclipse.mylyn.core.model.edges.containment" OriginId="org.eclipse.mylyn.core.model.interest.propagation" StartDate="2014-08-30 18:33:12.163 JST" StructureHandle="=IFM11/src&amp;lt;ifm11.listeners.dialog{DB_OCL.java[DB_OCL" StructureKind="java" NumEvents="4" CreationCount="338"/><InteractionEvent Delta="null" EndDate="2014-08-30 18:38:20.589 JST" Interest="15.0" Kind="propagation" Navigation="null" OriginId="org.eclipse.ui.views.ContentOutline" StartDate="2014-08-30 18:32:15.392 JST" StructureHandle="/cm7/src/app/listeners/dialog/DB_OCL.java" StructureKind="resource" NumEvents="15" CreationCount="312"/><InteractionEvent Delta="null" EndDate="2014-08-30 18:10:24.457 JST" Interest="7.0" Kind="selection" Navigation="null" OriginId="org.eclipse.jdt.ui.CompilationUnitEditor" StartDate="2014-08-30 18:09:22.516 JST" StructureHandle="=cm7/src&amp;lt;app.listeners.dialog{DLOI_LCL.java[DLOI_LCL~onItemLongClick~QAdapterView\&amp;lt;*&amp;gt;;~QView;~I~J" StructureKind="java" NumEvents="7" CreationCount="33"/><InteractionEvent Delta="null" EndDate="2014-08-30 18:10:16.975 JST" Interest="2.0" Kind="edit" Navigation="null" OriginId="org.eclipse.jdt.ui.CompilationUnitEditor" StartDate="2014-08-30 18:10:04.651 JST" StructureHandle="=cm7/src&amp;lt;app.listeners.dialog{DLOI_LCL.java[DLOI_LCL~onItemLongClick~QAdapterView\&amp;lt;*&amp;gt;;~QView;~I~J" StructureKind="java" NumEvents="2" CreationCount="33"/><InteractionEvent Delta="null" EndDate="2014-08-30 18:24:55.1 JST" Interest="16.0" Kind="propagation" Navigation="org.eclipse.mylyn.core.model.edges.containment" OriginId="org.eclipse.mylyn.core.model.interest.propagation" StartDate="2014-08-30 18:13:42.940 JST" StructureHandle="/IFM11/src/ifm11/utils" StructureKind="resource" NumEvents="16" CreationCount="121"/><InteractionEvent Delta="null" EndDate="2014-08-30 18:31:16.218 JST" Interest="81.0" Kind="propagation" Navigation="null" OriginId="org.eclipse.jdt.ui.CompilationUnitEditor" StartDate="2014-08-30 18:09:12.529 JST" StructureHandle="/cm7/src/app/listeners/dialog/DLOI_LCL.java" StructureKind="resource" NumEvents="81" CreationCount="27"/><InteractionEvent Delta="null" EndDate="2014-08-30 18:32:55.879 JST" Interest="50.017" Kind="propagation" Navigation="null" OriginId="org.eclipse.jdt.ui.CompilationUnitEditor" StartDate="2014-08-30 18:27:54.515 JST" StructureHandle="/cm7/src/app/main" StructureKind="resource" NumEvents="51" CreationCount="235"/><InteractionEvent Delta="null" EndDate="2014-08-30 18:07:38.781 JST" Interest="1.0" Kind="selection" Navigation="null" OriginId="org.eclipse.ui.views.ContentOutline" StartDate="2014-08-30 18:07:38.781 JST" StructureHandle="=cm7/src&amp;lt;app.utils{Methods_dlg.java%app.utils" StructureKind="java"/><InteractionEvent Delta="null" EndDate="2014-08-30 18:07:54.436 JST" Interest="3.0" Kind="selection" Navigation="null" OriginId="org.eclipse.jdt.ui.CompilationUnitEditor" StartDate="2014-08-30 18:07:48.847 JST" StructureHandle="=cm7/src&amp;lt;app.utils{Methods_dlg.java[Methods_dlg~dlg_MoveFiles~QActivity;" StructureKind="java" NumEvents="3" CreationCount="6"/><InteractionEvent Delta="null" EndDate="2014-08-30 18:07:49.464 JST" Interest="3.0" Kind="edit" Navigation="null" OriginId="org.eclipse.jdt.ui.CompilationUnitEditor" StartDate="2014-08-30 18:07:49.10 JST" StructureHandle="=cm7/src&amp;lt;app.utils{Methods_dlg.java[Methods_dlg~dlg_MoveFiles~QActivity;" StructureKind="java" NumEvents="3" CreationCount="6"/><InteractionEvent Delta="null" EndDate="2014-08-30 18:33:03.147 JST" Interest="35.017" Kind="propagation" Navigation="org.eclipse.mylyn.core.model.edges.containment" OriginId="org.eclipse.mylyn.core.model.interest.propagation" StartDate="2014-08-30 18:09:41.681 JST" StructureHandle="/IFM11/src/ifm11/listeners" StructureKind="resource" NumEvents="36" CreationCount="37"/><InteractionEvent Delta="null" EndDate="2014-08-30 18:33:35.435 JST" Interest="63.0" Kind="propagation" Navigation="org.eclipse.mylyn.core.model.edges.containment" OriginId="org.eclipse.mylyn.core.model.interest.propagation" StartDate="2014-08-30 18:09:36.377 JST" StructureHandle="=IFM11" StructureKind="resource" NumEvents="63" CreationCount="34"/><InteractionEvent Delta="null" EndDate="2014-08-30 18:24:55.688 JST" Interest="10.0" Kind="selection" Navigation="null" OriginId="org.eclipse.jdt.ui.CompilationUnitEditor" StartDate="2014-08-30 18:10:11.578 JST" StructureHandle="=IFM11/src&amp;lt;ifm11.listeners{DLOI_LCL.java[DLOI_LCL~case_DLG_MOVE_FILES_FOLDER~QString;" StructureKind="java" NumEvents="10" CreationCount="62"/><InteractionEvent Delta="null" EndDate="2014-08-30 18:24:41.100 JST" Interest="2.0" Kind="edit" Navigation="null" OriginId="org.eclipse.jdt.ui.CompilationUnitEditor" StartDate="2014-08-30 18:10:14.562 JST" StructureHandle="=IFM11/src&amp;lt;ifm11.listeners{DLOI_LCL.java[DLOI_LCL~case_DLG_MOVE_FILES_FOLDER~QString;" StructureKind="java" NumEvents="2" CreationCount="62"/><InteractionEvent Delta="null" EndDate="2014-08-30 18:24:57.41 JST" Interest="5.0" Kind="selection" Navigation="null" OriginId="org.eclipse.jdt.ui.CompilationUnitEditor" StartDate="2014-08-30 18:14:13.366 JST" StructureHandle="=cm7/src&amp;lt;app.utils{Methods.java[Methods~go_Down_Dir_Move~QActivity;~QString;" StructureKind="java" NumEvents="5" CreationCount="142"/><InteractionEvent Delta="null" EndDate="2014-08-30 18:24:22.390 JST" Interest="34.0" Kind="edit" Navigation="null" OriginId="org.eclipse.jdt.ui.CompilationUnitEditor" StartDate="2014-08-30 18:14:15.361 JST" StructureHandle="=cm7/src&amp;lt;app.utils{Methods.java[Methods~go_Down_Dir_Move~QActivity;~QString;" StructureKind="java" NumEvents="34" CreationCount="142"/><InteractionEvent Delta="null" EndDate="2014-08-30 18:24:57.42 JST" Interest="25.654999" Kind="propagation" Navigation="org.eclipse.mylyn.core.model.edges.containment" OriginId="org.eclipse.mylyn.core.model.interest.propagation" StartDate="2014-08-30 18:14:28.870 JST" StructureHandle="=cm7/src&amp;lt;app.utils{Methods.java[Methods" StructureKind="java" NumEvents="35" CreationCount="127"/><InteractionEvent Delta="null" EndDate="2014-08-30 18:24:58.743 JST" Interest="3.0" Kind="selection" Navigation="null" OriginId="org.eclipse.jdt.ui.CompilationUnitEditor" StartDate="2014-08-30 18:13:49.640 JST" StructureHandle="=cm7/src&amp;lt;app.utils{Methods.java[Methods" StructureKind="java" NumEvents="3" CreationCount="127"/><InteractionEvent Delta="null" EndDate="2014-08-30 18:25:00.443 JST" Interest="3.0" Kind="edit" Navigation="null" OriginId="org.eclipse.jdt.ui.CompilationUnitEditor" StartDate="2014-08-30 18:14:03.101 JST" StructureHandle="=cm7/src&amp;lt;app.utils{Methods.java[Methods" StructureKind="java" NumEvents="3" CreationCount="127"/><InteractionEvent Delta="null" EndDate="2014-08-30 18:38:20.589 JST" Interest="4.134" Kind="propagation" Navigation="org.eclipse.mylyn.core.model.edges.containment" OriginId="org.eclipse.mylyn.core.model.interest.propagation" StartDate="2014-08-30 18:33:25.393 JST" StructureHandle="=cm7/src&amp;lt;app.listeners.dialog{DB_OCL.java[DB_OCL" StructureKind="java" NumEvents="7" CreationCount="342"/><InteractionEvent Delta="null" EndDate="2014-08-30 18:33:22.314 JST" Interest="1.0" Kind="selection" Navigation="null" OriginId="org.eclipse.jdt.ui.CompilationUnitEditor" StartDate="2014-08-30 18:33:22.314 JST" StructureHandle="=cm7/src&amp;lt;app.listeners.dialog{DB_OCL.java[DB_OCL" StructureKind="java"/><InteractionEvent Delta="null" EndDate="2014-08-30 18:24:51.348 JST" Interest="6.0" Kind="propagation" Navigation="org.eclipse.mylyn.core.model.edges.containment" OriginId="org.eclipse.mylyn.core.model.interest.propagation" StartDate="2014-08-30 18:13:42.940 JST" StructureHandle="=IFM11/src&amp;lt;ifm11.utils" StructureKind="java" NumEvents="6" CreationCount="121"/><InteractionEvent Delta="null" EndDate="2014-08-30 18:38:20.590 JST" Interest="289.034" Kind="propagation" Navigation="org.eclipse.mylyn.core.model.edges.containment" OriginId="org.eclipse.mylyn.core.model.interest.propagation" StartDate="2014-08-30 18:07:23.869 JST" StructureHandle="/" StructureKind="resource" NumEvents="291" CreationCount="1"/><InteractionEvent Delta="null" EndDate="2014-08-30 18:38:14.789 JST" Interest="1.0" Kind="prediction" Navigation="null" OriginId="org.eclipse.mylyn.resources.ui.interest.updater" StartDate="2014-08-30 18:38:14.789 JST" StructureHandle="/cm7/res/values/strings.xml" StructureKind="resource"/><InteractionEvent Delta="null" EndDate="2014-08-30 18:33:35.435 JST" Interest="2.4510002" Kind="propagation" Navigation="org.eclipse.mylyn.core.model.edges.containment" OriginId="org.eclipse.mylyn.core.model.interest.propagation" StartDate="2014-08-30 18:33:07.626 JST" StructureHandle="=IFM11/src&amp;lt;ifm11.listeners.dialog" StructureKind="java" NumEvents="6" CreationCount="335"/><InteractionEvent Delta="null" EndDate="2014-08-30 18:33:06.88 JST" Interest="1.0" Kind="selection" Navigation="null" OriginId="org.eclipse.ui.views.ResourceNavigator" StartDate="2014-08-30 18:33:06.88 JST" StructureHandle="=IFM11/src&amp;lt;ifm11.listeners.dialog" StructureKind="java"/><InteractionEvent Delta="null" EndDate="2014-08-30 18:31:16.219 JST" Interest="39.590004" Kind="propagation" Navigation="org.eclipse.mylyn.core.model.edges.containment" OriginId="org.eclipse.mylyn.core.model.interest.propagation" StartDate="2014-08-30 18:09:12.529 JST" StructureHandle="=cm7/src&amp;lt;app.listeners.dialog" StructureKind="java" NumEvents="59" CreationCount="1"/><InteractionEvent Delta="null" EndDate="2014-08-30 18:32:13.617 JST" Interest="2.0" Kind="selection" Navigation="null" OriginId="org.eclipse.jdt.ui.PackageExplorer" StartDate="2014-08-30 18:07:23.869 JST" StructureHandle="=cm7/src&amp;lt;app.listeners.dialog" StructureKind="java" NumEvents="2" CreationCount="1"/><InteractionEvent Delta="null" EndDate="2014-08-30 18:10:20.564 JST" Interest="1.0" Kind="propagation" Navigation="org.eclipse.mylyn.core.model.edges.containment" OriginId="org.eclipse.mylyn.core.model.interest.propagation" StartDate="2014-08-30 18:10:20.564 JST" StructureHandle="=cm7/src&amp;lt;app.listeners.dialog{DLOI_LCL.java#" StructureKind="java"/><InteractionEvent Delta="null" EndDate="2014-08-30 18:38:20.590 JST" Interest="289.034" Kind="propagation" Navigation="org.eclipse.mylyn.core.model.edges.containment" OriginId="org.eclipse.mylyn.core.model.interest.propagation" StartDate="2014-08-30 18:07:23.869 JST" StructureHandle="=cm7" StructureKind="resource" NumEvents="291" CreationCount="1"/><InteractionEvent Delta="null" EndDate="2014-08-30 18:24:51.347 JST" Interest="6.0" Kind="selection" Navigation="null" OriginId="org.eclipse.jdt.ui.CompilationUnitEditor" StartDate="2014-08-30 18:13:42.939 JST" StructureHandle="=IFM11/src&amp;lt;ifm11.utils{Methods.java" StructureKind="java" NumEvents="6" CreationCount="121"/><InteractionEvent Delta="null" EndDate="2014-08-30 18:33:35.435 JST" Interest="7.017" Kind="propagation" Navigation="org.eclipse.mylyn.core.model.edges.containment" OriginId="org.eclipse.mylyn.core.model.interest.propagation" StartDate="2014-08-30 18:33:06.88 JST" StructureHandle="/IFM11/src/ifm11/listeners/dialog" StructureKind="resource" NumEvents="8" CreationCount="335"/><InteractionEvent Delta="null" EndDate="2014-08-30 18:32:38.630 JST" Interest="8.017" Kind="propagation" Navigation="org.eclipse.mylyn.core.model.edges.containment" OriginId="org.eclipse.mylyn.core.model.interest.propagation" StartDate="2014-08-30 18:32:20.255 JST" StructureHandle="=cm7/src&amp;lt;app.listeners.dialog{DB_OTL.java[DB_OTL" StructureKind="java" NumEvents="12" CreationCount="316"/><InteractionEvent Delta="null" EndDate="2014-08-30 18:32:13.618 JST" Interest="41.590004" Kind="propagation" Navigation="org.eclipse.mylyn.core.model.edges.containment" OriginId="org.eclipse.mylyn.core.model.interest.propagation" StartDate="2014-08-30 18:07:23.870 JST" StructureHandle="=cm7/src" StructureKind="java" NumEvents="64" CreationCount="1"/><InteractionEvent Delta="null" EndDate="2014-08-30 18:38:17.177 JST" Interest="1.0" Kind="selection" Navigation="null" OriginId="org.eclipse.jdt.ui.PackageExplorer" StartDate="2014-08-30 18:38:17.177 JST" StructureHandle="=cm7/src" StructureKind="java"/><InteractionEvent Delta="null" EndDate="2014-08-30 18:25:03.881 JST" Interest="0.2750001" Kind="manipulation" Navigation="null" OriginId="org.eclipse.mylyn.core.model.interest.decay.correction" StartDate="2014-08-30 18:25:03.881 JST" StructureHandle="=cm7/src&amp;lt;app.utils{Methods.java#" StructureKind="java"/><InteractionEvent Delta="null" EndDate="2014-08-30 18:25:03.881 JST" Interest="2.0" Kind="selection" Navigation="null" OriginId="org.eclipse.jdt.ui.CompilationUnitEditor" StartDate="2014-08-30 18:14:10.450 JST" StructureHandle="=cm7/src&amp;lt;app.utils{Methods.java#" StructureKind="java" NumEvents="2" CreationCount="141"/><InteractionEvent Delta="null" EndDate="2014-08-30 18:32:11.977 JST" Interest="1.0" Kind="propagation" Navigation="null" OriginId="org.eclipse.jdt.ui.PackageExplorer" StartDate="2014-08-30 18:32:11.977 JST" StructureHandle="/cm7/src/app/main/PrefActv.java" StructureKind="resource"/><InteractionEvent Delta="null" EndDate="2014-08-30 18:38:14.789 JST" Interest="1.0" Kind="prediction" Navigation="null" OriginId="org.eclipse.mylyn.resources.ui.interest.updater" StartDate="2014-08-30 18:38:14.789 JST" StructureHandle="/cm7/res/layout/list_row_ai_list_checkbox.xml" StructureKind="resource"/><InteractionEvent Delta="null" EndDate="2014-08-30 18:32:49.981 JST" Interest="124.034" Kind="propagation" Navigation="org.eclipse.mylyn.core.model.edges.containment" OriginId="org.eclipse.mylyn.core.model.interest.propagation" StartDate="2014-08-30 18:07:23.869 JST" StructureHandle="/cm7/src/app" StructureKind="resource" NumEvents="128" CreationCount="1"/><InteractionEvent Delta="null" EndDate="2014-08-30 18:30:59.975 JST" Interest="8.0" Kind="selection" Navigation="null" OriginId="org.eclipse.jdt.ui.CompilationUnitEditor" StartDate="2014-08-30 18:07:54.317 JST" StructureHandle="=cm7/src&amp;lt;app.utils{Methods_dlg.java[Methods_dlg~dlg_MoveFiles__Folder~QActivity;~QDialog;" StructureKind="java" NumEvents="8" CreationCount="10"/><InteractionEvent Delta="null" EndDate="2014-08-30 18:30:52.526 JST" Interest="16.0" Kind="edit" Navigation="null" OriginId="org.eclipse.jdt.ui.CompilationUnitEditor" StartDate="2014-08-30 18:07:54.937 JST" StructureHandle="=cm7/src&amp;lt;app.utils{Methods_dlg.java[Methods_dlg~dlg_MoveFiles__Folder~QActivity;~QDialog;" StructureKind="java" NumEvents="16" CreationCount="10"/><InteractionEvent Delta="null" EndDate="2014-08-30 18:30:59.976 JST" Interest="19.268002" Kind="propagation" Navigation="org.eclipse.mylyn.core.model.edges.containment" OriginId="org.eclipse.mylyn.core.model.interest.propagation" StartDate="2014-08-30 18:07:48.848 JST" StructureHandle="=cm7/src&amp;lt;app.utils{Methods_dlg.java[Methods_dlg" StructureKind="java" NumEvents="25" CreationCount="6"/><InteractionEvent Delta="null" EndDate="2014-08-30 18:38:20.589 JST" Interest="112.442" Kind="propagation" Navigation="org.eclipse.mylyn.core.model.edges.containment" OriginId="org.eclipse.mylyn.core.model.interest.propagation" StartDate="2014-08-30 18:07:23.869 JST" StructureHandle="/cm7/src/app/listeners" StructureKind="resource" NumEvents="113" CreationCount="1"/><InteractionEvent Delta="null" EndDate="2014-08-30 18:33:03.147 JST" Interest="14.851001" Kind="propagation" Navigation="org.eclipse.mylyn.core.model.edges.containment" OriginId="org.eclipse.mylyn.core.model.interest.propagation" StartDate="2014-08-30 18:09:43.426 JST" StructureHandle="=IFM11/src&amp;lt;ifm11.listeners" StructureKind="java" NumEvents="19" CreationCount="37"/><InteractionEvent Delta="null" EndDate="2014-08-30 18:09:41.680 JST" Interest="1.0" Kind="selection" Navigation="null" OriginId="org.eclipse.ui.views.ResourceNavigator" StartDate="2014-08-30 18:09:41.680 JST" StructureHandle="=IFM11/src&amp;lt;ifm11.listeners" StructureKind="java"/><InteractionEvent Delta="null" EndDate="2014-08-30 18:38:14.789 JST" Interest="1.0" Kind="propagation" Navigation="org.eclipse.mylyn.core.model.edges.containment" OriginId="org.eclipse.mylyn.core.model.interest.propagation" StartDate="2014-08-30 18:38:14.789 JST" StructureHandle="/cm7/res" StructureKind="resource"/><InteractionEvent Delta="null" EndDate="2014-08-30 18:32:11.976 JST" Interest="1.0" Kind="selection" Navigation="null" OriginId="org.eclipse.jdt.ui.PackageExplorer" StartDate="2014-08-30 18:32:11.976 JST" StructureHandle="=cm7/src&amp;lt;app.main{PrefActv.java" StructureKind="java"/><InteractionEvent Delta="null" EndDate="2014-08-30 18:32:38.630 JST" Interest="6.051" Kind="propagation" Navigation="org.eclipse.mylyn.core.model.edges.containment" OriginId="org.eclipse.mylyn.core.model.interest.propagation" StartDate="2014-08-30 18:32:26.404 JST" StructureHandle="=cm7/src&amp;lt;app.listeners.dialog{DB_OTL.java" StructureKind="java" NumEvents="9" CreationCount="314"/><InteractionEvent Delta="null" EndDate="2014-08-30 18:38:16.153 JST" Interest="3.0" Kind="selection" Navigation="null" OriginId="org.eclipse.jdt.ui.PackageExplorer" StartDate="2014-08-30 18:32:18.237 JST" StructureHandle="=cm7/src&amp;lt;app.listeners.dialog{DB_OTL.java" StructureKind="java" NumEvents="3" CreationCount="314"/><InteractionEvent Delta="null" EndDate="2014-08-30 18:16:12.834 JST" Interest="1.0" Kind="selection" Navigation="null" OriginId="org.eclipse.jdt.ui.CompilationUnitEditor" StartDate="2014-08-30 18:16:12.834 JST" StructureHandle="=cm7/src&amp;lt;app.utils{Methods.java[Methods~move_Files~QActivity;~QDialog;~QDialog;~QDialog;" StructureKind="java"/><InteractionEvent Delta="null" EndDate="2014-08-30 18:16:16.386 JST" Interest="1.0" Kind="edit" Navigation="null" OriginId="org.eclipse.jdt.ui.CompilationUnitEditor" StartDate="2014-08-30 18:16:16.386 JST" StructureHandle="=cm7/src&amp;lt;app.utils{Methods.java[Methods~move_Files~QActivity;~QDialog;~QDialog;~QDialog;" StructureKind="java"/><InteractionEvent Delta="null" EndDate="2014-08-30 18:24:51.974 JST" Interest="1.0" Kind="selection" Navigation="null" OriginId="org.eclipse.jdt.ui.CompilationUnitEditor" StartDate="2014-08-30 18:24:51.974 JST" StructureHandle="=IFM11/src&amp;lt;ifm11.utils{Methods.java[Methods~go_Up_Dir_Move~QActivity;" StructureKind="java"/><InteractionEvent Delta="null" EndDate="2014-08-30 18:24:55.0 JST" Interest="2.0" Kind="edit" Navigation="null" OriginId="org.eclipse.jdt.ui.CompilationUnitEditor" StartDate="2014-08-30 18:24:52.642 JST" StructureHandle="=IFM11/src&amp;lt;ifm11.utils{Methods.java[Methods~go_Up_Dir_Move~QActivity;" StructureKind="java" NumEvents="2" CreationCount="203"/><InteractionEvent Delta="null" EndDate="2014-08-30 18:31:16.218 JST" Interest="26.148003" Kind="propagation" Navigation="org.eclipse.mylyn.core.model.edges.containment" OriginId="org.eclipse.mylyn.core.model.interest.propagation" StartDate="2014-08-30 18:09:13.154 JST" StructureHandle="=cm7/src&amp;lt;app.listeners.dialog{DLOI_LCL.java" StructureKind="java" NumEvents="43" CreationCount="27"/><InteractionEvent Delta="null" EndDate="2014-08-30 18:31:16.171 JST" Interest="14.0" Kind="selection" Navigation="null" OriginId="org.eclipse.jdt.ui.CompilationUnitEditor" StartDate="2014-08-30 18:09:12.528 JST" StructureHandle="=cm7/src&amp;lt;app.listeners.dialog{DLOI_LCL.java" StructureKind="java" NumEvents="14" CreationCount="27"/><InteractionEvent Delta="null" EndDate="2014-08-30 18:38:20.589 JST" Interest="112.442" Kind="propagation" Navigation="null" OriginId="org.eclipse.ui.views.ContentOutline" StartDate="2014-08-30 18:07:23.869 JST" StructureHandle="/cm7/src/app/listeners/dialog" StructureKind="resource" NumEvents="113" CreationCount="1"/><InteractionEvent Delta="null" EndDate="2014-08-30 18:24:56.887 JST" Interest="33.18" Kind="propagation" Navigation="org.eclipse.mylyn.core.model.edges.containment" OriginId="org.eclipse.mylyn.core.model.interest.propagation" StartDate="2014-08-30 18:07:33.923 JST" StructureHandle="=cm7/src&amp;lt;app.utils" StructureKind="java" NumEvents="49" CreationCount="2"/><InteractionEvent Delta="null" EndDate="2014-08-30 18:07:31.467 JST" Interest="1.0" Kind="selection" Navigation="null" OriginId="org.eclipse.jdt.ui.PackageExplorer" StartDate="2014-08-30 18:07:31.467 JST" StructureHandle="=cm7/src&amp;lt;app.utils" StructureKind="java"/><InteractionEvent Delta="null" EndDate="2014-08-30 18:32:55.879 JST" Interest="49.0" Kind="propagation" Navigation="null" OriginId="org.eclipse.jdt.ui.CompilationUnitEditor" StartDate="2014-08-30 18:27:56.470 JST" StructureHandle="/cm7/src/app/main/ALActv.java" StructureKind="resource" NumEvents="49" CreationCount="236"/><InteractionEvent Delta="null" EndDate="2014-08-30 18:33:41.841 JST" Interest="3.0" Kind="prediction" Navigation="null" OriginId="org.eclipse.mylyn.resources.ui.interest.updater" StartDate="2014-08-30 18:16:31.855 JST" StructureHandle="/cm7/bin/cm7.apk" StructureKind="resource" NumEvents="3" CreationCount="178"/><InteractionEvent Delta="null" EndDate="2014-08-30 18:33:03.147 JST" Interest="35.0" Kind="propagation" Navigation="null" OriginId="org.eclipse.ui.views.ResourceNavigator" StartDate="2014-08-30 18:09:43.426 JST" StructureHandle="/IFM11/src/ifm11/listeners/DLOI_LCL.java" StructureKind="resource" NumEvents="35" CreationCount="38"/><InteractionEvent Delta="null" EndDate="2014-08-30 18:10:14.563 JST" Interest="1.8340006" Kind="propagation" Navigation="org.eclipse.mylyn.core.model.edges.containment" OriginId="org.eclipse.mylyn.core.model.interest.propagation" StartDate="2014-08-30 18:09:55.634 JST" StructureHandle="=IFM11/src&amp;lt;ifm11.listeners{DLOI_LCL.java" StructureKind="java" NumEvents="4" CreationCount="38"/><InteractionEvent Delta="null" EndDate="2014-08-30 18:33:03.146 JST" Interest="14.0" Kind="selection" Navigation="null" OriginId="org.eclipse.ui.views.ResourceNavigator" StartDate="2014-08-30 18:09:43.426 JST" StructureHandle="=IFM11/src&amp;lt;ifm11.listeners{DLOI_LCL.java" StructureKind="java" NumEvents="14" CreationCount="38"/><InteractionEvent Delta="null" EndDate="2014-08-30 18:10:08.539 JST" Interest="4.0" Kind="selection" Navigation="null" OriginId="org.eclipse.jdt.ui.CompilationUnitEditor" StartDate="2014-08-30 18:09:47.24 JST" StructureHandle="=IFM11/src&amp;lt;ifm11.listeners{DLOI_LCL.java[DLOI_LCL~onItemLongClick~QAdapterView\&amp;lt;*&amp;gt;;~QView;~I~J" StructureKind="java" NumEvents="4" CreationCount="40"/><InteractionEvent Delta="null" EndDate="2014-08-30 18:10:01.460 JST" Interest="4.0" Kind="edit" Navigation="null" OriginId="org.eclipse.jdt.ui.CompilationUnitEditor" StartDate="2014-08-30 18:09:53.324 JST" StructureHandle="=IFM11/src&amp;lt;ifm11.listeners{DLOI_LCL.java[DLOI_LCL~onItemLongClick~QAdapterView\&amp;lt;*&amp;gt;;~QView;~I~J" StructureKind="java" NumEvents="4" CreationCount="40"/><InteractionEvent Delta="null" EndDate="2014-08-30 18:31:16.218 JST" Interest="37.431004" Kind="propagation" Navigation="org.eclipse.mylyn.core.model.edges.containment" OriginId="org.eclipse.mylyn.core.model.interest.propagation" StartDate="2014-08-30 18:09:13.154 JST" StructureHandle="=cm7/src&amp;lt;app.listeners.dialog{DLOI_LCL.java[DLOI_LCL" StructureKind="java" NumEvents="50" CreationCount="28"/><InteractionEvent Delta="null" EndDate="2014-08-30 18:10:40.704 JST" Interest="2.0" Kind="selection" Navigation="null" OriginId="org.eclipse.jdt.ui.CompilationUnitEditor" StartDate="2014-08-30 18:10:17.679 JST" StructureHandle="=cm7/src&amp;lt;app.listeners.dialog{DLOI_LCL.java[DLOI_LCL" StructureKind="java" NumEvents="2" CreationCount="28"/><InteractionEvent Delta="null" EndDate="2014-08-30 18:10:18.737 JST" Interest="1.0" Kind="edit" Navigation="null" OriginId="org.eclipse.jdt.ui.CompilationUnitEditor" StartDate="2014-08-30 18:10:18.737 JST" StructureHandle="=cm7/src&amp;lt;app.listeners.dialog{DLOI_LCL.java[DLOI_LCL" StructureKind="java"/><InteractionEvent Delta="null" EndDate="2014-08-30 18:33:41.841 JST" Interest="3.0" Kind="propagation" Navigation="org.eclipse.mylyn.core.model.edges.containment" OriginId="org.eclipse.mylyn.core.model.interest.propagation" StartDate="2014-08-30 18:16:31.855 JST" StructureHandle="/cm7/bin" StructureKind="resource" NumEvents="3" CreationCount="178"/><InteractionEvent Delta="null" EndDate="2014-08-30 18:30:11.694 JST" Interest="30.0" Kind="propagation" Navigation="org.eclipse.mylyn.core.model.edges.containment" OriginId="org.eclipse.mylyn.core.model.interest.propagation" StartDate="2014-08-30 18:28:00.707 JST" StructureHandle="=cm7/src&amp;lt;app.main{ALActv.java[ALActv" StructureKind="java" NumEvents="42" CreationCount="241"/><InteractionEvent Delta="null" EndDate="2014-08-30 18:38:14.789 JST" Interest="1.0" Kind="prediction" Navigation="null" OriginId="org.eclipse.mylyn.resources.ui.interest.updater" StartDate="2014-08-30 18:38:14.789 JST" StructureHandle="/cm7/res/drawable/ifm8_thumb_actv_opt_menu_move_mode_off.png" StructureKind="resource"/><InteractionEvent Delta="null" EndDate="2014-08-30 18:32:49.981 JST" Interest="3.0" Kind="selection" Navigation="null" OriginId="org.eclipse.jdt.ui.CompilationUnitEditor" StartDate="2014-08-30 18:31:00.571 JST" StructureHandle="=cm7/src&amp;lt;app.utils{Methods_dlg.java[Methods_dlg~conf_MoveFiles__Folder_Top~QActivity;~QDialog;~QDialog;" StructureKind="java" NumEvents="3" CreationCount="296"/><InteractionEvent Delta="null" EndDate="2014-08-30 18:31:06.802 JST" Interest="8.0" Kind="edit" Navigation="null" OriginId="org.eclipse.jdt.ui.CompilationUnitEditor" StartDate="2014-08-30 18:31:00.577 JST" StructureHandle="=cm7/src&amp;lt;app.utils{Methods_dlg.java[Methods_dlg~conf_MoveFiles__Folder_Top~QActivity;~QDialog;~QDialog;" StructureKind="java" NumEvents="8" CreationCount="296"/><InteractionEvent Delta="null" EndDate="2014-08-30 18:24:55.688 JST" Interest="10.773999" Kind="propagation" Navigation="org.eclipse.mylyn.core.model.edges.containment" OriginId="org.eclipse.mylyn.core.model.interest.propagation" StartDate="2014-08-30 18:09:47.24 JST" StructureHandle="=IFM11/src&amp;lt;ifm11.listeners{DLOI_LCL.java[DLOI_LCL" StructureKind="java" NumEvents="13" CreationCount="40"/><InteractionEvent Delta="null" EndDate="2014-08-30 18:11:16.28 JST" Interest="1.0" Kind="selection" Navigation="null" OriginId="org.eclipse.jdt.ui.CompilationUnitEditor" StartDate="2014-08-30 18:11:16.28 JST" StructureHandle="=IFM11/src&amp;lt;ifm11.listeners{DLOI_LCL.java[DLOI_LCL" StructureKind="java"/><InteractionEvent Delta="null" EndDate="2014-08-30 18:09:39.258 JST" Interest="1.0" Kind="selection" Navigation="null" OriginId="org.eclipse.ui.views.ResourceNavigator" StartDate="2014-08-30 18:09:39.258 JST" StructureHandle="=IFM11/src&amp;lt;ifm11" StructureKind="java"/><InteractionEvent Delta="null" EndDate="2014-08-30 18:28:00.824 JST" Interest="2.0" Kind="selection" Navigation="null" OriginId="org.eclipse.jdt.ui.CompilationUnitEditor" StartDate="2014-08-30 18:28:00.707 JST" StructureHandle="=cm7/src&amp;lt;app.main{ALActv.java[ALActv~onDestroy" StructureKind="java" NumEvents="2" CreationCount="241"/><InteractionEvent Delta="null" EndDate="2014-08-30 18:30:11.694 JST" Interest="40.0" Kind="edit" Navigation="null" OriginId="org.eclipse.jdt.ui.CompilationUnitEditor" StartDate="2014-08-30 18:28:01.306 JST" StructureHandle="=cm7/src&amp;lt;app.main{ALActv.java[ALActv~onDestroy" StructureKind="java" NumEvents="40" CreationCount="241"/><InteractionEvent Delta="null" EndDate="2014-08-30 18:32:20.255 JST" Interest="1.0" Kind="selection" Navigation="null" OriginId="org.eclipse.jdt.ui.CompilationUnitEditor" StartDate="2014-08-30 18:32:20.255 JST" StructureHandle="=cm7/src&amp;lt;app.listeners.dialog{DB_OTL.java[DB_OTL~DB_OTL~QActivity;~QDialog;" StructureKind="java"/><InteractionEvent Delta="null" EndDate="2014-08-30 18:33:35.434 JST" Interest="2.0" Kind="selection" Navigation="null" OriginId="org.eclipse.jdt.ui.CompilationUnitEditor" StartDate="2014-08-30 18:33:12.162 JST" StructureHandle="=IFM11/src&amp;lt;ifm11.listeners.dialog{DB_OCL.java[DB_OCL~onClick~QView;" StructureKind="java" NumEvents="2" CreationCount="338"/><InteractionEvent Delta="null" EndDate="2014-08-30 18:33:15.88 JST" Interest="2.0" Kind="edit" Navigation="null" OriginId="org.eclipse.jdt.ui.CompilationUnitEditor" StartDate="2014-08-30 18:33:13.605 JST" StructureHandle="=IFM11/src&amp;lt;ifm11.listeners.dialog{DB_OCL.java[DB_OCL~onClick~QView;" StructureKind="java" NumEvents="2" CreationCount="338"/><InteractionEvent Delta="null" EndDate="2014-08-30 18:33:35.435 JST" Interest="7.0" Kind="propagation" Navigation="null" OriginId="org.eclipse.jdt.ui.CompilationUnitEditor" StartDate="2014-08-30 18:33:07.625 JST" StructureHandle="/IFM11/src/ifm11/listeners/dialog/DB_OCL.java" StructureKind="resource" NumEvents="7" CreationCount="336"/><InteractionEvent Delta="null" EndDate="2014-08-30 18:30:52.527 JST" Interest="12.319002" Kind="propagation" Navigation="org.eclipse.mylyn.core.model.edges.containment" OriginId="org.eclipse.mylyn.core.model.interest.propagation" StartDate="2014-08-30 18:07:49.461 JST" StructureHandle="=cm7/src&amp;lt;app.utils{Methods_dlg.java" StructureKind="java" NumEvents="20" CreationCount="3"/><InteractionEvent Delta="null" EndDate="2014-08-30 18:32:49.817 JST" Interest="9.0" Kind="selection" Navigation="null" OriginId="org.eclipse.jdt.ui.CompilationUnitEditor" StartDate="2014-08-30 18:07:33.923 JST" StructureHandle="=cm7/src&amp;lt;app.utils{Methods_dlg.java" StructureKind="java" NumEvents="9" CreationCount="3"/><InteractionEvent Delta="null" EndDate="2014-08-30 18:33:35.435 JST" Interest="63.0" Kind="propagation" Navigation="null" OriginId="org.eclipse.jdt.ui.CompilationUnitEditor" StartDate="2014-08-30 18:09:36.377 JST" StructureHandle="/IFM11/src" StructureKind="resource" NumEvents="63" CreationCount="34"/><InteractionEvent Delta="null" EndDate="2014-08-30 18:32:55.879 JST" Interest="31.102" Kind="propagation" Navigation="org.eclipse.mylyn.core.model.edges.containment" OriginId="org.eclipse.mylyn.core.model.interest.propagation" StartDate="2014-08-30 18:27:56.470 JST" StructureHandle="=cm7/src&amp;lt;app.main" StructureKind="java" NumEvents="46" CreationCount="235"/><InteractionEvent Delta="null" EndDate="2014-08-30 18:27:54.515 JST" Interest="1.0" Kind="selection" Navigation="null" OriginId="org.eclipse.jdt.ui.PackageExplorer" StartDate="2014-08-30 18:27:54.515 JST" StructureHandle="=cm7/src&amp;lt;app.main" StructureKind="java"/><InteractionEvent Delta="null" EndDate="2014-08-30 18:32:49.981 JST" Interest="125.017" Kind="propagation" Navigation="null" OriginId="org.eclipse.jdt.ui.CompilationUnitEditor" StartDate="2014-08-30 18:07:31.467 JST" StructureHandle="/cm7/src/app/utils" StructureKind="resource" NumEvents="126" CreationCount="2"/><InteractionEvent Delta="null" EndDate="2014-08-30 18:33:35.435 JST" Interest="35.033997" Kind="propagation" Navigation="org.eclipse.mylyn.core.model.edges.containment" OriginId="org.eclipse.mylyn.core.model.interest.propagation" StartDate="2014-08-30 18:09:39.258 JST" StructureHandle="/IFM11/src/ifm11" StructureKind="resource" NumEvents="44" CreationCount="36"/><InteractionEvent Delta="null" EndDate="2014-08-30 18:30:11.694 JST" Interest="25.685" Kind="propagation" Navigation="org.eclipse.mylyn.core.model.edges.containment" OriginId="org.eclipse.mylyn.core.model.interest.propagation" StartDate="2014-08-30 18:28:01.924 JST" StructureHandle="=cm7/src&amp;lt;app.main{ALActv.java" StructureKind="java" NumEvents="37" CreationCount="236"/><InteractionEvent Delta="null" EndDate="2014-08-30 18:32:55.879 JST" Interest="5.0" Kind="selection" Navigation="null" OriginId="org.eclipse.jdt.ui.CompilationUnitEditor" StartDate="2014-08-30 18:27:56.470 JST" StructureHandle="=cm7/src&amp;lt;app.main{ALActv.java" StructureKind="java" NumEvents="5" CreationCount="236"/><InteractionEvent Delta="null" EndDate="2014-08-30 18:27:57.267 JST" Interest="2.0" Kind="edit" Navigation="null" OriginId="org.eclipse.jdt.ui.CompilationUnitEditor" StartDate="2014-08-30 18:27:56.840 JST" StructureHandle="=cm7/src&amp;lt;app.main{ALActv.java" StructureKind="java" NumEvents="2" CreationCount="236"/><InteractionEvent Delta="null" EndDate="2014-08-30 18:38:20.590 JST" Interest="289.034" Kind="propagation" Navigation="null" OriginId="org.eclipse.ui.views.ContentOutline" StartDate="2014-08-30 18:07:23.869 JST" StructureHandle="/cm7/src" StructureKind="resource" NumEvents="291" CreationCount="1"/><InteractionEvent Delta="null" EndDate="2014-08-30 18:38:14.789 JST" Interest="1.0" Kind="prediction" Navigation="null" OriginId="org.eclipse.mylyn.resources.ui.interest.updater" StartDate="2014-08-30 18:38:14.789 JST" StructureHandle="/cm7/res/layout/list_row_checked_box.xml" StructureKind="resource"/><InteractionEvent Delta="null" EndDate="2014-08-30 18:33:38.359 JST" Interest="7.0" Kind="selection" Navigation="null" OriginId="org.eclipse.jdt.ui.CompilationUnitEditor" StartDate="2014-08-30 18:32:15.392 JST" StructureHandle="=cm7/src&amp;lt;app.listeners.dialog{DB_OCL.java" StructureKind="java" NumEvents="7" CreationCount="312"/><InteractionEvent Delta="null" EndDate="2014-08-30 18:38:14.789 JST" Interest="1.0" Kind="propagation" Navigation="org.eclipse.mylyn.core.model.edges.containment" OriginId="org.eclipse.mylyn.core.model.interest.propagation" StartDate="2014-08-30 18:38:14.789 JST" StructureHandle="/cm7/res/layout" StructureKind="resource"/><InteractionEvent Delta="null" EndDate="2014-08-30 18:24:55.1 JST" Interest="16.0" Kind="propagation" Navigation="null" OriginId="org.eclipse.jdt.ui.CompilationUnitEditor" StartDate="2014-08-30 18:13:42.940 JST" StructureHandle="/IFM11/src/ifm11/utils/Methods.java" StructureKind="resource" NumEvents="16" CreationCount="121"/><InteractionEvent Delta="null" EndDate="2014-08-30 18:33:15.89 JST" Interest="0.43400013" Kind="propagation" Navigation="org.eclipse.mylyn.core.model.edges.containment" OriginId="org.eclipse.mylyn.core.model.interest.propagation" StartDate="2014-08-30 18:33:15.89 JST" StructureHandle="=IFM11/src&amp;lt;ifm11.listeners.dialog{DB_OCL.java" StructureKind="java"/><InteractionEvent Delta="null" EndDate="2014-08-30 18:33:35.380 JST" Interest="3.0" Kind="selection" Navigation="null" OriginId="org.eclipse.jdt.ui.CompilationUnitEditor" StartDate="2014-08-30 18:33:07.625 JST" StructureHandle="=IFM11/src&amp;lt;ifm11.listeners.dialog{DB_OCL.java" StructureKind="java" NumEvents="3" CreationCount="336"/><InteractionEvent Delta="null" EndDate="2014-08-30 18:33:25.393 JST" Interest="1.0" Kind="selection" Navigation="null" OriginId="org.eclipse.jdt.ui.CompilationUnitEditor" StartDate="2014-08-30 18:33:25.393 JST" StructureHandle="=cm7/src&amp;lt;app.listeners.dialog{DB_OCL.java[DB_OCL~dlg_DLG_CONF_MOVE_FILES_FOLDER_OK" StructureKind="java"/><InteractionEvent Delta="null" EndDate="2014-08-30 18:33:03.147 JST" Interest="13.902" Kind="propagation" Navigation="org.eclipse.mylyn.core.model.edges.containment" OriginId="org.eclipse.mylyn.core.model.interest.propagation" StartDate="2014-08-30 18:09:44.194 JST" StructureHandle="=IFM11/src" StructureKind="java" NumEvents="20" CreationCount="34"/><InteractionEvent Delta="null" EndDate="2014-08-30 18:09:36.387 JST" Interest="2.0" Kind="selection" Navigation="null" OriginId="org.eclipse.ui.views.ResourceNavigator" StartDate="2014-08-30 18:09:36.377 JST" StructureHandle="=IFM11/src" StructureKind="java" NumEvents="2" CreationCount="34"/><InteractionEvent Delta="null" EndDate="2014-08-30 18:38:20.588 JST" Interest="3.0" Kind="selection" Navigation="null" OriginId="org.eclipse.ui.views.ContentOutline" StartDate="2014-08-30 18:33:27.833 JST" StructureHandle="=cm7/src&amp;lt;app.listeners.dialog{DB_OCL.java[DB_OCL~onClick~QView;" StructureKind="java" NumEvents="3" CreationCount="344"/><InteractionEvent Delta="null" EndDate="2014-08-30 18:38:15.36 JST" Interest="3.0" Kind="edit" Navigation="null" OriginId="org.eclipse.jdt.ui.CompilationUnitEditor" StartDate="2014-08-30 18:33:31.124 JST" StructureHandle="=cm7/src&amp;lt;app.listeners.dialog{DB_OCL.java[DB_OCL~onClick~QView;" StructureKind="java" NumEvents="3" CreationCount="344"/></InteractionHistory>