<?xml version="1.0" encoding="UTF-8"?><InteractionHistory Id="local-72" Version="1"><InteractionEvent Delta="null" EndDate="2014-09-15 23:42:19.789 JST" Interest="1580.1329" Kind="propagation" Navigation="org.eclipse.mylyn.core.model.edges.containment" OriginId="org.eclipse.mylyn.core.model.interest.propagation" StartDate="2014-09-15 19:05:46.409 JST" StructureHandle="" StructureKind="java" NumEvents="1287" CreationCount="54"/><InteractionEvent Delta="null" EndDate="2014-09-15 23:05:58.596 JST" Interest="1.0" Kind="selection" Navigation="null" OriginId="org.eclipse.ui.views.ContentOutline" StartDate="2014-09-15 23:05:58.596 JST" StructureHandle="=TA2/src&amp;lt;ta2.utils{DBUtils.java[DBUtils~find_All_WP_literals~QActivity;" StructureKind="java"/><InteractionEvent Delta="null" EndDate="2014-09-15 23:23:25.914 JST" Interest="299.248" Kind="propagation" Navigation="org.eclipse.mylyn.core.model.edges.containment" OriginId="org.eclipse.mylyn.core.model.interest.propagation" StartDate="2014-09-15 19:03:27.317 JST" StructureHandle="=SL3/src" StructureKind="java" NumEvents="438" CreationCount="1"/><InteractionEvent Delta="null" EndDate="2014-09-15 19:04:30.47 JST" Interest="4.0" Kind="selection" Navigation="null" OriginId="org.eclipse.jdt.ui.PackageExplorer" StartDate="2014-09-15 19:03:39.944 JST" StructureHandle="=SL3/src" StructureKind="java" NumEvents="4" CreationCount="1"/><InteractionEvent Delta="null" EndDate="2014-09-15 23:42:19.789 JST" Interest="1579.0339" Kind="propagation" Navigation="org.eclipse.mylyn.core.model.edges.containment" OriginId="org.eclipse.mylyn.core.model.interest.propagation" StartDate="2014-09-15 19:03:27.317 JST" StructureHandle="=SL3" StructureKind="resource" NumEvents="1583" CreationCount="1"/><InteractionEvent Delta="null" EndDate="2014-09-15 23:42:14.87 JST" Interest="2.0" Kind="selection" Navigation="null" OriginId="org.eclipse.jdt.ui.PackageExplorer" StartDate="2014-09-15 19:03:42.727 JST" StructureHandle="=SL3" StructureKind="java" NumEvents="2" CreationCount="1"/><InteractionEvent Delta="null" EndDate="2014-09-15 23:22:54.702 JST" Interest="301.16296" Kind="propagation" Navigation="org.eclipse.mylyn.core.model.edges.containment" OriginId="org.eclipse.mylyn.core.model.interest.propagation" StartDate="2014-09-15 19:04:14.734 JST" StructureHandle="=SL3/src&amp;lt;sl.utils" StructureKind="java" NumEvents="431" CreationCount="6"/><InteractionEvent Delta="null" EndDate="2014-09-15 22:52:43.465 JST" Interest="2.0" Kind="selection" Navigation="null" OriginId="org.eclipse.jdt.ui.PackageExplorer" StartDate="2014-09-15 19:03:27.317 JST" StructureHandle="=SL3/src&amp;lt;sl.utils" StructureKind="java" NumEvents="2" CreationCount="6"/><InteractionEvent Delta="null" EndDate="2014-09-15 23:11:40.363 JST" Interest="38.0" Kind="propagation" Navigation="null" OriginId="org.eclipse.jdt.ui.CompilationUnitEditor" StartDate="2014-09-15 23:05:55.793 JST" StructureHandle="/TA2/src/ta2/utils/DBUtils.java" StructureKind="resource" NumEvents="38" CreationCount="756"/><InteractionEvent Delta="null" EndDate="2014-09-15 23:11:40.363 JST" Interest="38.017" Kind="propagation" Navigation="org.eclipse.mylyn.core.model.edges.containment" OriginId="org.eclipse.mylyn.core.model.interest.propagation" StartDate="2014-09-15 23:05:54.157 JST" StructureHandle="/TA2/src/ta2/utils" StructureKind="resource" NumEvents="39" CreationCount="755"/><InteractionEvent Delta="null" EndDate="2014-09-15 23:11:40.363 JST" Interest="39.34" Kind="propagation" Navigation="org.eclipse.mylyn.core.model.edges.containment" OriginId="org.eclipse.mylyn.core.model.interest.propagation" StartDate="2014-09-15 22:52:40.339 JST" StructureHandle="/TA2/src/ta2" StructureKind="resource" NumEvents="41" CreationCount="413"/><InteractionEvent Delta="null" EndDate="2014-09-15 23:05:29.528 JST" Interest="4.491" Kind="manipulation" Navigation="null" OriginId="org.eclipse.mylyn.core.model.interest.decay.correction" StartDate="2014-09-15 23:05:29.528 JST" StructureHandle="/TA2/src/ta2" StructureKind="resource"/><InteractionEvent Delta="null" EndDate="2014-09-15 22:53:08.514 JST" Interest="5.0" Kind="edit" Navigation="null" OriginId="org.eclipse.jdt.ui.CompilationUnitEditor" StartDate="2014-09-15 22:52:54.583 JST" StructureHandle="=SL3/src&amp;lt;sl.utils{DBUtils.java[DBUtils~getSI_FromItemName~QString;" StructureKind="java" NumEvents="5" CreationCount="420"/><InteractionEvent Delta="null" EndDate="2014-09-15 22:52:53.783 JST" Interest="3.0" Kind="selection" Navigation="null" OriginId="org.eclipse.jdt.ui.CompilationUnitEditor" StartDate="2014-09-15 22:52:53.714 JST" StructureHandle="=SL3/src&amp;lt;sl.utils{DBUtils.java[DBUtils~getSI_FromItemName~QString;" StructureKind="java" NumEvents="3" CreationCount="420"/><InteractionEvent Delta="null" EndDate="2014-09-15 19:06:37.206 JST" Interest="4.0" Kind="edit" Navigation="null" OriginId="org.eclipse.jdt.ui.CompilationUnitEditor" StartDate="2014-09-15 19:06:27.606 JST" StructureHandle="=ShoppingList/src&amp;lt;sl.utils{DBUtils.java[DBUtils~getSIFromDbId~QString;" StructureKind="java" NumEvents="4" CreationCount="71"/><InteractionEvent Delta="null" EndDate="2014-09-15 19:07:11.248 JST" Interest="4.0" Kind="selection" Navigation="null" OriginId="org.eclipse.jdt.ui.CompilationUnitEditor" StartDate="2014-09-15 19:06:27.36 JST" StructureHandle="=ShoppingList/src&amp;lt;sl.utils{DBUtils.java[DBUtils~getSIFromDbId~QString;" StructureKind="java" NumEvents="4" CreationCount="71"/><InteractionEvent Delta="null" EndDate="2014-09-15 23:00:08.266 JST" Interest="50.0" Kind="propagation" Navigation="org.eclipse.mylyn.core.model.edges.containment" OriginId="org.eclipse.mylyn.core.model.interest.propagation" StartDate="2014-09-15 22:54:08.468 JST" StructureHandle="/SL3/src/sl/items" StructureKind="resource" NumEvents="50" CreationCount="452"/><InteractionEvent Delta="null" EndDate="2014-09-15 23:11:01.53 JST" Interest="13.0" Kind="edit" Navigation="null" OriginId="org.eclipse.jdt.ui.CompilationUnitEditor" StartDate="2014-09-15 23:06:11.48 JST" StructureHandle="=TA2/src&amp;lt;ta2.utils{DBUtils.java[DBUtils~insert_Data_Patterns~QActivity;~QList\&amp;lt;QString;&amp;gt;;" StructureKind="java" NumEvents="13" CreationCount="760"/><InteractionEvent Delta="null" EndDate="2014-09-15 23:10:57.854 JST" Interest="5.0" Kind="selection" Navigation="null" OriginId="org.eclipse.jdt.ui.CompilationUnitEditor" StartDate="2014-09-15 23:06:06.820 JST" StructureHandle="=TA2/src&amp;lt;ta2.utils{DBUtils.java[DBUtils~insert_Data_Patterns~QActivity;~QList\&amp;lt;QString;&amp;gt;;" StructureKind="java" NumEvents="5" CreationCount="760"/><InteractionEvent Delta="null" EndDate="2014-09-15 23:33:55.654 JST" Interest="27.0" Kind="edit" Navigation="null" OriginId="org.eclipse.jdt.ui.CompilationUnitEditor" StartDate="2014-09-15 23:25:07.580 JST" StructureHandle="=SL3/src&amp;lt;sl.utils{Methods_dlg.java[Methods_dlg~dlg_OptMenu_TabActv_Opearations~QActivity;~QDialog;" StructureKind="java" NumEvents="27" CreationCount="1476"/><InteractionEvent Delta="null" EndDate="2014-09-15 23:34:12.195 JST" Interest="8.0" Kind="selection" Navigation="null" OriginId="org.eclipse.jdt.ui.CompilationUnitEditor" StartDate="2014-09-15 23:25:06.985 JST" StructureHandle="=SL3/src&amp;lt;sl.utils{Methods_dlg.java[Methods_dlg~dlg_OptMenu_TabActv_Opearations~QActivity;~QDialog;" StructureKind="java" NumEvents="8" CreationCount="1476"/><InteractionEvent Delta="null" EndDate="2014-09-15 22:52:53.740 JST" Interest="3.0" Kind="selection" Navigation="null" OriginId="org.eclipse.jdt.ui.CompilationUnitEditor" StartDate="2014-09-15 22:52:50.96 JST" StructureHandle="=SL3/src&amp;lt;sl.utils{DBUtils.java[DBUtils~getPSList~QActivity;" StructureKind="java" NumEvents="3" CreationCount="419"/><InteractionEvent Delta="null" EndDate="2014-09-15 19:04:30.203 JST" Interest="1.0" Kind="propagation" Navigation="null" OriginId="org.eclipse.jdt.ui.PackageExplorer" StartDate="2014-09-15 19:04:30.203 JST" StructureHandle="/SL3/src/sl/listeners/dialog/DB_CL.java" StructureKind="resource"/><InteractionEvent Delta="null" EndDate="2014-09-15 19:05:55.306 JST" Interest="1.0" Kind="selection" Navigation="null" OriginId="org.eclipse.ui.views.ResourceNavigator" StartDate="2014-09-15 19:05:55.306 JST" StructureHandle="/ShoppingList/.classpath" StructureKind="resource"/><InteractionEvent Delta="null" EndDate="2014-09-15 23:42:17.940 JST" Interest="3.0" Kind="propagation" Navigation="null" OriginId="org.eclipse.jdt.ui.PackageExplorer" StartDate="2014-09-15 23:42:12.756 JST" StructureHandle="/SL3/src/sl/libs/xml" StructureKind="resource" NumEvents="3" CreationCount="1688"/><InteractionEvent Delta="null" EndDate="2014-09-15 23:42:19.788 JST" Interest="82.91701" Kind="propagation" Navigation="org.eclipse.mylyn.core.model.edges.containment" OriginId="org.eclipse.mylyn.core.model.interest.propagation" StartDate="2014-09-15 19:04:51.104 JST" StructureHandle="=SL3/src&amp;lt;sl.utils{Methods.java" StructureKind="java" NumEvents="120" CreationCount="34"/><InteractionEvent Delta="null" EndDate="2014-09-15 23:37:43.352 JST" Interest="20.0" Kind="selection" Navigation="null" OriginId="org.eclipse.jdt.ui.CompilationUnitEditor" StartDate="2014-09-15 19:04:50.64 JST" StructureHandle="=SL3/src&amp;lt;sl.utils{Methods.java" StructureKind="java" NumEvents="20" CreationCount="34"/><InteractionEvent Delta="null" EndDate="2014-09-15 22:52:40.339 JST" Interest="1.0" Kind="propagation" Navigation="org.eclipse.mylyn.core.model.edges.containment" OriginId="org.eclipse.mylyn.core.model.interest.propagation" StartDate="2014-09-15 22:52:40.339 JST" StructureHandle="/TA2/src/ta2/listeners/dialog" StructureKind="resource"/><InteractionEvent Delta="null" EndDate="2014-09-15 23:10:56.486 JST" Interest="7.068001" Kind="propagation" Navigation="org.eclipse.mylyn.core.model.edges.containment" OriginId="org.eclipse.mylyn.core.model.interest.propagation" StartDate="2014-09-15 23:06:11.78 JST" StructureHandle="=TA2/src&amp;lt;ta2.utils{DBUtils.java" StructureKind="java" NumEvents="11" CreationCount="756"/><InteractionEvent Delta="null" EndDate="2014-09-15 23:11:35.879 JST" Interest="9.0" Kind="selection" Navigation="null" OriginId="org.eclipse.jdt.ui.CompilationUnitEditor" StartDate="2014-09-15 23:05:55.793 JST" StructureHandle="=TA2/src&amp;lt;ta2.utils{DBUtils.java" StructureKind="java" NumEvents="9" CreationCount="756"/><InteractionEvent Delta="null" EndDate="2014-09-15 19:07:11.249 JST" Interest="6.919" Kind="propagation" Navigation="org.eclipse.mylyn.core.model.edges.containment" OriginId="org.eclipse.mylyn.core.model.interest.propagation" StartDate="2014-09-15 19:06:00.519 JST" StructureHandle="=ShoppingList/src&amp;lt;sl.utils{DBUtils.java[DBUtils" StructureKind="java" NumEvents="11" CreationCount="64"/><InteractionEvent Delta="null" EndDate="2014-09-15 19:15:18.490 JST" Interest="34.067993" Kind="propagation" Navigation="org.eclipse.mylyn.core.model.edges.containment" OriginId="org.eclipse.mylyn.core.model.interest.propagation" StartDate="2014-09-15 19:06:49.305 JST" StructureHandle="=IFM11" StructureKind="resource" NumEvents="38" CreationCount="83"/><InteractionEvent Delta="null" EndDate="2014-09-15 19:06:45.742 JST" Interest="1.0" Kind="selection" Navigation="null" OriginId="org.eclipse.ui.views.ResourceNavigator" StartDate="2014-09-15 19:06:45.742 JST" StructureHandle="=IFM11" StructureKind="java"/><InteractionEvent Delta="null" EndDate="2014-09-15 23:42:16.154 JST" Interest="2.0" Kind="prediction" Navigation="null" OriginId="org.eclipse.mylyn.resources.ui.interest.updater" StartDate="2014-09-15 22:56:26.12 JST" StructureHandle="=SL3/src&amp;lt;sl.utils{Methods_sl.java" StructureKind="java" NumEvents="2" CreationCount="506"/><InteractionEvent Delta="null" EndDate="2014-09-15 23:42:19.789 JST" Interest="1625.0339" Kind="propagation" Navigation="null" OriginId="org.eclipse.jdt.ui.CompilationUnitEditor" StartDate="2014-09-15 19:03:27.317 JST" StructureHandle="/" StructureKind="resource" NumEvents="1629" CreationCount="1"/><InteractionEvent Delta="null" EndDate="2014-09-15 23:35:29.39 JST" Interest="65.0" Kind="edit" Navigation="null" OriginId="org.eclipse.jdt.ui.CompilationUnitEditor" StartDate="2014-09-15 19:04:18.373 JST" StructureHandle="=SL3/src&amp;lt;sl.utils{Methods_dlg.java[Methods_dlg~conf_ImportData_SI~QActivity;~QDialog;~QDialog;~QDialogTags;" StructureKind="java" NumEvents="65" CreationCount="60"/><InteractionEvent Delta="null" EndDate="2014-09-15 23:35:16.599 JST" Interest="17.0" Kind="selection" Navigation="null" OriginId="org.eclipse.jdt.ui.CompilationUnitEditor" StartDate="2014-09-15 19:04:15.517 JST" StructureHandle="=SL3/src&amp;lt;sl.utils{Methods_dlg.java[Methods_dlg~conf_ImportData_SI~QActivity;~QDialog;~QDialog;~QDialogTags;" StructureKind="java" NumEvents="17" CreationCount="60"/><InteractionEvent Delta="null" EndDate="2014-09-15 23:19:59.38 JST" Interest="18.887001" Kind="manipulation" Navigation="null" OriginId="org.eclipse.mylyn.core.model.interest.decay.correction" StartDate="2014-09-15 23:04:36.419 JST" StructureHandle="=SL3/src&amp;lt;sl.utils{Methods_dlg.java[Methods_dlg~conf_ImportData_SI~QActivity;~QDialog;~QDialog;~QDialog;~QDialogTags;" StructureKind="java" NumEvents="2" CreationCount="60"/><InteractionEvent Delta="null" EndDate="2014-09-15 23:09:00.955 JST" Interest="372.0" Kind="edit" Navigation="null" OriginId="org.eclipse.jdt.ui.CompilationUnitEditor" StartDate="2014-09-15 19:05:25.267 JST" StructureHandle="=SL3/src&amp;lt;sl.utils{DBUtils.java[DBUtils~find_ALL_SI_from_Previous~QActivity;" StructureKind="java" NumEvents="372" CreationCount="45"/><InteractionEvent Delta="null" EndDate="2014-09-15 23:09:00.949 JST" Interest="28.0" Kind="selection" Navigation="null" OriginId="org.eclipse.jdt.ui.CompilationUnitEditor" StartDate="2014-09-15 19:05:24.307 JST" StructureHandle="=SL3/src&amp;lt;sl.utils{DBUtils.java[DBUtils~find_ALL_SI_from_Previous~QActivity;" StructureKind="java" NumEvents="28" CreationCount="45"/><InteractionEvent Delta="null" EndDate="2014-09-15 22:59:40.497 JST" Interest="1.0" Kind="edit" Navigation="null" OriginId="org.eclipse.jdt.ui.CompilationUnitEditor" StartDate="2014-09-15 22:59:40.497 JST" StructureHandle="=SL3/src&amp;lt;sl.utils{CONS.java[CONS[DB^tname_si" StructureKind="java"/><InteractionEvent Delta="null" EndDate="2014-09-15 22:59:39.33 JST" Interest="1.0" Kind="selection" Navigation="null" OriginId="org.eclipse.jdt.ui.CompilationUnitEditor" StartDate="2014-09-15 22:59:39.33 JST" StructureHandle="=SL3/src&amp;lt;sl.utils{CONS.java[CONS[DB^tname_si" StructureKind="java"/><InteractionEvent Delta="null" EndDate="2014-09-15 19:04:40.83 JST" Interest="1.0" Kind="selection" Navigation="null" OriginId="org.eclipse.jdt.ui.CompilationUnitEditor" StartDate="2014-09-15 19:04:40.83 JST" StructureHandle="=SL3/src&amp;lt;sl.listeners.dialog{DB_OCL.java[DB_OCL~case_ACTV_TAB_OPT_DROP_TABLE~QDialogTags;" StructureKind="java"/><InteractionEvent Delta="null" EndDate="2014-09-15 19:28:40.946 JST" Interest="1.0" Kind="propagation" Navigation="org.eclipse.mylyn.core.model.edges.containment" OriginId="org.eclipse.mylyn.core.model.interest.propagation" StartDate="2014-09-15 19:28:40.946 JST" StructureHandle="/SL3/bin" StructureKind="resource"/><InteractionEvent Delta="null" EndDate="2014-09-15 19:03:36.596 JST" Interest="1.0" Kind="edit" Navigation="null" OriginId="org.eclipse.jdt.ui.CompilationUnitEditor" StartDate="2014-09-15 19:03:36.596 JST" StructureHandle="=SL3/src&amp;lt;sl.listeners.dialog{DOI_CL.java" StructureKind="java"/><InteractionEvent Delta="null" EndDate="2014-09-15 23:36:00.675 JST" Interest="11.184" Kind="propagation" Navigation="org.eclipse.mylyn.core.model.edges.containment" OriginId="org.eclipse.mylyn.core.model.interest.propagation" StartDate="2014-09-15 19:04:00.340 JST" StructureHandle="=SL3/src&amp;lt;sl.listeners.dialog{DOI_CL.java" StructureKind="java" NumEvents="19" CreationCount="3"/><InteractionEvent Delta="null" EndDate="2014-09-15 23:42:12.362 JST" Interest="14.0" Kind="selection" Navigation="null" OriginId="org.eclipse.jdt.ui.PackageExplorer" StartDate="2014-09-15 19:03:35.826 JST" StructureHandle="=SL3/src&amp;lt;sl.listeners.dialog{DOI_CL.java" StructureKind="java" NumEvents="14" CreationCount="3"/><InteractionEvent Delta="null" EndDate="2014-09-15 23:31:01.57 JST" Interest="14.702003" Kind="manipulation" Navigation="null" OriginId="org.eclipse.mylyn.core.model.interest.decay.correction" StartDate="2014-09-15 23:04:20.462 JST" StructureHandle="=SL3/src&amp;lt;sl.listeners.dialog{DOI_CL.java" StructureKind="java" NumEvents="2" CreationCount="3"/><InteractionEvent Delta="null" EndDate="2014-09-15 19:06:00.519 JST" Interest="1.0" Kind="selection" Navigation="null" OriginId="org.eclipse.ui.views.ContentOutline" StartDate="2014-09-15 19:06:00.519 JST" StructureHandle="=ShoppingList/src&amp;lt;sl.utils{DBUtils.java[DBUtils~createTable~QSQLiteDatabase;~QString;~\[QString;~\[QString;" StructureKind="java"/><InteractionEvent Delta="null" EndDate="2014-09-15 23:00:08.266 JST" Interest="50.0" Kind="propagation" Navigation="null" OriginId="org.eclipse.jdt.ui.CompilationUnitEditor" StartDate="2014-09-15 22:54:08.468 JST" StructureHandle="/SL3/src/sl/items/SI.java" StructureKind="resource" NumEvents="50" CreationCount="452"/><InteractionEvent Delta="null" EndDate="2014-09-15 23:07:46.581 JST" Interest="10.017" Kind="propagation" Navigation="org.eclipse.mylyn.core.model.edges.containment" OriginId="org.eclipse.mylyn.core.model.interest.propagation" StartDate="2014-09-15 23:05:58.596 JST" StructureHandle="=TA2/src&amp;lt;ta2.utils{DBUtils.java[DBUtils" StructureKind="java" NumEvents="14" CreationCount="759"/><InteractionEvent Delta="null" EndDate="2014-09-15 23:10:56.485 JST" Interest="5.0" Kind="selection" Navigation="null" OriginId="org.eclipse.jdt.ui.CompilationUnitEditor" StartDate="2014-09-15 23:07:48.629 JST" StructureHandle="=TA2/src&amp;lt;ta2.utils{DBUtils.java[DBUtils" StructureKind="java" NumEvents="5" CreationCount="759"/><InteractionEvent Delta="null" EndDate="2014-09-15 23:35:29.40 JST" Interest="82.101006" Kind="propagation" Navigation="org.eclipse.mylyn.core.model.edges.containment" OriginId="org.eclipse.mylyn.core.model.interest.propagation" StartDate="2014-09-15 19:04:15.518 JST" StructureHandle="=SL3/src&amp;lt;sl.utils{Methods_dlg.java[Methods_dlg" StructureKind="java" NumEvents="83" CreationCount="18"/><InteractionEvent Delta="null" EndDate="2014-09-15 23:38:09.63 JST" Interest="4.0" Kind="prediction" Navigation="null" OriginId="org.eclipse.mylyn.resources.ui.interest.updater" StartDate="2014-09-15 19:28:40.946 JST" StructureHandle="/SL3/bin/classes.dex" StructureKind="resource" NumEvents="4" CreationCount="83"/><InteractionEvent Delta="null" EndDate="2014-09-15 22:56:26.13 JST" Interest="1.0" Kind="propagation" Navigation="null" OriginId="org.eclipse.mylyn.resources.ui.interest.updater" StartDate="2014-09-15 22:56:26.13 JST" StructureHandle="/SL3/src/sl/utils/Methods_sl.java" StructureKind="resource"/><InteractionEvent Delta="null" EndDate="2014-09-15 23:24:37.147 JST" Interest="8.0" Kind="edit" Navigation="null" OriginId="org.eclipse.jdt.ui.CompilationUnitEditor" StartDate="2014-09-15 23:20:44.613 JST" StructureHandle="=SL3/src&amp;lt;sl.utils{Methods_dlg.java[Methods_dlg~dlg_Template_OkCancel_4th_Dialog~QActivity;~QDialog;~QDialog;~QDialog;~I~I~I~I~QTags.DialogTags;~QTags.DialogTags;" StructureKind="java" NumEvents="8" CreationCount="1384"/><InteractionEvent Delta="null" EndDate="2014-09-15 23:24:37.131 JST" Interest="6.0" Kind="selection" Navigation="null" OriginId="org.eclipse.jdt.ui.CompilationUnitEditor" StartDate="2014-09-15 23:20:44.607 JST" StructureHandle="=SL3/src&amp;lt;sl.utils{Methods_dlg.java[Methods_dlg~dlg_Template_OkCancel_4th_Dialog~QActivity;~QDialog;~QDialog;~QDialog;~I~I~I~I~QTags.DialogTags;~QTags.DialogTags;" StructureKind="java" NumEvents="6" CreationCount="1384"/><InteractionEvent Delta="null" EndDate="2014-09-15 23:06:38.83 JST" Interest="1.0" Kind="selection" Navigation="null" OriginId="org.eclipse.jdt.ui.CompilationUnitEditor" StartDate="2014-09-15 23:06:38.83 JST" StructureHandle="=SL3/src&amp;lt;sl.utils{Methods.java[Methods~opt_ActvTab_DropTables~QActivity;~QDialog;~QDialog;~QDialog;~QString;" StructureKind="java"/><InteractionEvent Delta="null" EndDate="2014-09-15 22:52:40.339 JST" Interest="1.0" Kind="propagation" Navigation="org.eclipse.mylyn.core.model.edges.containment" OriginId="org.eclipse.mylyn.core.model.interest.propagation" StartDate="2014-09-15 22:52:40.339 JST" StructureHandle="=TA2/src&amp;lt;ta2.listeners.dialog" StructureKind="java"/><InteractionEvent Delta="null" EndDate="2014-09-15 22:54:20.102 JST" Interest="2.0" Kind="selection" Navigation="null" OriginId="org.eclipse.jdt.ui.CompilationUnitEditor" StartDate="2014-09-15 22:54:14.801 JST" StructureHandle="=SL3/src&amp;lt;sl.items{SI.java[SI^db_id" StructureKind="java" NumEvents="2" CreationCount="455"/><InteractionEvent Delta="null" EndDate="2014-09-15 19:06:27.121 JST" Interest="3.0" Kind="selection" Navigation="null" OriginId="org.eclipse.jdt.ui.CompilationUnitEditor" StartDate="2014-09-15 19:06:25.644 JST" StructureHandle="=ShoppingList/src&amp;lt;sl.utils{DBUtils.java[DBUtils~getSI_FromItemName~QString;" StructureKind="java" NumEvents="3" CreationCount="70"/><InteractionEvent Delta="null" EndDate="2014-09-15 23:18:56.145 JST" Interest="3.0" Kind="edit" Navigation="null" OriginId="org.eclipse.jdt.ui.CompilationUnitEditor" StartDate="2014-09-15 19:29:39.711 JST" StructureHandle="=SL3/src&amp;lt;sl.utils{Methods.java[Methods~get_Dirname~QActivity;~QString;" StructureKind="java" NumEvents="3" CreationCount="380"/><InteractionEvent Delta="null" EndDate="2014-09-15 23:39:46.64 JST" Interest="4.0" Kind="selection" Navigation="null" OriginId="org.eclipse.jdt.ui.CompilationUnitEditor" StartDate="2014-09-15 19:29:05.33 JST" StructureHandle="=SL3/src&amp;lt;sl.utils{Methods.java[Methods~get_Dirname~QActivity;~QString;" StructureKind="java" NumEvents="4" CreationCount="380"/><InteractionEvent Delta="null" EndDate="2014-09-15 23:39:46.64 JST" Interest="17.051" Kind="manipulation" Navigation="null" OriginId="org.eclipse.mylyn.core.model.interest.decay.correction" StartDate="2014-09-15 23:18:24.626 JST" StructureHandle="=SL3/src&amp;lt;sl.utils{Methods.java[Methods~get_Dirname~QActivity;~QString;" StructureKind="java" NumEvents="2" CreationCount="380"/><InteractionEvent Delta="null" EndDate="2014-09-15 23:36:00.674 JST" Interest="20.0" Kind="edit" Navigation="null" OriginId="org.eclipse.jdt.ui.CompilationUnitEditor" StartDate="2014-09-15 19:03:59.837 JST" StructureHandle="=SL3/src&amp;lt;sl.listeners.dialog{DOI_CL.java[DOI_CL~case_ACTV_TAB_OPT_OPERATIONS~QListItem;" StructureKind="java" NumEvents="20" CreationCount="12"/><InteractionEvent Delta="null" EndDate="2014-09-15 23:35:57.320 JST" Interest="9.0" Kind="selection" Navigation="null" OriginId="org.eclipse.jdt.ui.CompilationUnitEditor" StartDate="2014-09-15 19:03:58.808 JST" StructureHandle="=SL3/src&amp;lt;sl.listeners.dialog{DOI_CL.java[DOI_CL~case_ACTV_TAB_OPT_OPERATIONS~QListItem;" StructureKind="java" NumEvents="9" CreationCount="12"/><InteractionEvent Delta="null" EndDate="2014-09-15 23:32:49.59 JST" Interest="16.433002" Kind="manipulation" Navigation="null" OriginId="org.eclipse.mylyn.core.model.interest.decay.correction" StartDate="2014-09-15 23:04:25.565 JST" StructureHandle="=SL3/src&amp;lt;sl.listeners.dialog{DOI_CL.java[DOI_CL~case_ACTV_TAB_OPT_OPERATIONS~QListItem;" StructureKind="java" NumEvents="2" CreationCount="12"/><InteractionEvent Delta="null" EndDate="2014-09-15 19:07:11.249 JST" Interest="22.017" Kind="propagation" Navigation="org.eclipse.mylyn.core.model.edges.containment" OriginId="org.eclipse.mylyn.core.model.interest.propagation" StartDate="2014-09-15 19:05:55.712 JST" StructureHandle="/ShoppingList/src/sl/utils" StructureKind="resource" NumEvents="23" CreationCount="60"/><InteractionEvent Delta="null" EndDate="2014-09-15 23:35:29.41 JST" Interest="47.851" Kind="propagation" Navigation="org.eclipse.mylyn.core.model.edges.containment" OriginId="org.eclipse.mylyn.core.model.interest.propagation" StartDate="2014-09-15 19:04:15.518 JST" StructureHandle="=SL3/src&amp;lt;sl.utils{Methods_dlg.java" StructureKind="java" NumEvents="72" CreationCount="100"/><InteractionEvent Delta="null" EndDate="2014-09-15 23:35:16.374 JST" Interest="15.0" Kind="selection" Navigation="null" OriginId="org.eclipse.jdt.ui.CompilationUnitEditor" StartDate="2014-09-15 19:04:14.733 JST" StructureHandle="=SL3/src&amp;lt;sl.utils{Methods_dlg.java" StructureKind="java" NumEvents="15" CreationCount="100"/><InteractionEvent Delta="null" EndDate="2014-09-15 23:19:49.532 JST" Interest="17.856003" Kind="manipulation" Navigation="null" OriginId="org.eclipse.mylyn.core.model.interest.decay.correction" StartDate="2014-09-15 23:04:13.883 JST" StructureHandle="=SL3/src&amp;lt;sl.utils{Methods_dlg.java" StructureKind="java" NumEvents="2" CreationCount="100"/><InteractionEvent Delta="null" EndDate="2014-09-15 19:06:39.967 JST" Interest="1.0" Kind="selection" Navigation="null" OriginId="org.eclipse.ui.views.ResourceNavigator" StartDate="2014-09-15 19:06:39.967 JST" StructureHandle="/ShoppingList/bin" StructureKind="resource"/><InteractionEvent Delta="null" EndDate="2014-09-15 23:11:50.974 JST" Interest="4.0" Kind="edit" Navigation="null" OriginId="org.eclipse.jdt.ui.CompilationUnitEditor" StartDate="2014-09-15 23:07:57.6 JST" StructureHandle="=SL3/src&amp;lt;sl.utils{DBUtils.java" StructureKind="java" NumEvents="4" CreationCount="44"/><InteractionEvent Delta="null" EndDate="2014-09-15 23:05:20.339 JST" Interest="269.71698" Kind="propagation" Navigation="org.eclipse.mylyn.core.model.edges.containment" OriginId="org.eclipse.mylyn.core.model.interest.propagation" StartDate="2014-09-15 19:05:24.307 JST" StructureHandle="=SL3/src&amp;lt;sl.utils{DBUtils.java" StructureKind="java" NumEvents="391" CreationCount="44"/><InteractionEvent Delta="null" EndDate="2014-09-15 23:22:54.701 JST" Interest="30.0" Kind="selection" Navigation="null" OriginId="org.eclipse.jdt.ui.CompilationUnitEditor" StartDate="2014-09-15 19:05:23.353 JST" StructureHandle="=SL3/src&amp;lt;sl.utils{DBUtils.java" StructureKind="java" NumEvents="30" CreationCount="44"/><InteractionEvent Delta="null" EndDate="2014-09-15 23:11:49.557 JST" Interest="15.320002" Kind="propagation" Navigation="org.eclipse.mylyn.core.model.edges.containment" OriginId="org.eclipse.mylyn.core.model.interest.propagation" StartDate="2014-09-15 19:07:32.861 JST" StructureHandle="=SL3/src&amp;lt;sl.utils{DBUtils.java#" StructureKind="java" NumEvents="7" CreationCount="123"/><InteractionEvent Delta="null" EndDate="2014-09-15 23:08:04.907 JST" Interest="3.0" Kind="selection" Navigation="null" OriginId="org.eclipse.jdt.ui.CompilationUnitEditor" StartDate="2014-09-15 19:07:34.155 JST" StructureHandle="=SL3/src&amp;lt;sl.utils{DBUtils.java#" StructureKind="java" NumEvents="3" CreationCount="123"/><InteractionEvent Delta="null" EndDate="2014-09-15 23:36:05.260 JST" Interest="4.0" Kind="edit" Navigation="null" OriginId="org.eclipse.jdt.ui.CompilationUnitEditor" StartDate="2014-09-15 19:04:36.735 JST" StructureHandle="=SL3/src&amp;lt;sl.listeners.dialog{DB_OCL.java[DB_OCL~onClick~QView;" StructureKind="java" NumEvents="4" CreationCount="134"/><InteractionEvent Delta="null" EndDate="2014-09-15 23:36:02.421 JST" Interest="3.0" Kind="selection" Navigation="null" OriginId="org.eclipse.jdt.ui.CompilationUnitEditor" StartDate="2014-09-15 19:04:35.178 JST" StructureHandle="=SL3/src&amp;lt;sl.listeners.dialog{DB_OCL.java[DB_OCL~onClick~QView;" StructureKind="java" NumEvents="3" CreationCount="134"/><InteractionEvent Delta="null" EndDate="2014-09-15 23:36:02.421 JST" Interest="22.151001" Kind="manipulation" Navigation="null" OriginId="org.eclipse.mylyn.core.model.interest.decay.correction" StartDate="2014-09-15 23:23:09.45 JST" StructureHandle="=SL3/src&amp;lt;sl.listeners.dialog{DB_OCL.java[DB_OCL~onClick~QView;" StructureKind="java" NumEvents="2" CreationCount="134"/><InteractionEvent Delta="null" EndDate="2014-09-15 23:42:12.362 JST" Interest="141.017" Kind="propagation" Navigation="null" OriginId="org.eclipse.jdt.ui.PackageExplorer" StartDate="2014-09-15 19:03:34.681 JST" StructureHandle="/SL3/src/sl/listeners/dialog" StructureKind="resource" NumEvents="142" CreationCount="2"/><InteractionEvent Delta="null" EndDate="2014-09-15 23:42:17.941 JST" Interest="3.0" Kind="propagation" Navigation="org.eclipse.mylyn.core.model.edges.containment" OriginId="org.eclipse.mylyn.core.model.interest.propagation" StartDate="2014-09-15 23:42:12.756 JST" StructureHandle="/SL3/src/sl/libs" StructureKind="resource" NumEvents="3" CreationCount="1688"/><InteractionEvent Delta="null" EndDate="2014-09-15 23:15:26.840 JST" Interest="181.0" Kind="edit" Navigation="null" OriginId="org.eclipse.jdt.ui.CompilationUnitEditor" StartDate="2014-09-15 23:11:22.835 JST" StructureHandle="=SL3/src&amp;lt;sl.utils{DBUtils.java[DBUtils~_insert_SIs__ContentValues~QSI;" StructureKind="java" NumEvents="181" CreationCount="1048"/><InteractionEvent Delta="null" EndDate="2014-09-15 23:12:30.179 JST" Interest="6.0" Kind="selection" Navigation="null" OriginId="org.eclipse.jdt.ui.CompilationUnitEditor" StartDate="2014-09-15 23:11:22.829 JST" StructureHandle="=SL3/src&amp;lt;sl.utils{DBUtils.java[DBUtils~_insert_SIs__ContentValues~QSI;" StructureKind="java" NumEvents="6" CreationCount="1048"/><InteractionEvent Delta="null" EndDate="2014-09-15 23:04:45.554 JST" Interest="1.0" Kind="selection" Navigation="null" OriginId="org.eclipse.ui.views.ContentOutline" StartDate="2014-09-15 23:04:45.554 JST" StructureHandle="=SL3/src&amp;lt;sl.listeners.dialog{DB_OCL.java[DB_OCL~case_dlg_confirm_delete_ps_item_bt_ok" StructureKind="java"/><InteractionEvent Delta="null" EndDate="2014-09-15 19:07:11.40 JST" Interest="7.0380006" Kind="propagation" Navigation="org.eclipse.mylyn.core.model.edges.containment" OriginId="org.eclipse.mylyn.core.model.interest.propagation" StartDate="2014-09-15 19:05:53.868 JST" StructureHandle="=ShoppingList/src" StructureKind="java" NumEvents="15" CreationCount="57"/><InteractionEvent Delta="null" EndDate="2014-09-15 19:05:53.592 JST" Interest="1.0" Kind="selection" Navigation="null" OriginId="org.eclipse.ui.views.ResourceNavigator" StartDate="2014-09-15 19:05:53.592 JST" StructureHandle="=ShoppingList/src" StructureKind="java"/><InteractionEvent Delta="null" EndDate="2014-09-15 23:05:57.499 JST" Interest="1.0" Kind="selection" Navigation="null" OriginId="org.eclipse.ui.views.ContentOutline" StartDate="2014-09-15 23:05:57.499 JST" StructureHandle="=TA2/src&amp;lt;ta2.utils{DBUtils.java%ta2.utils" StructureKind="java"/><InteractionEvent Delta="null" EndDate="2014-09-15 19:06:09.373 JST" Interest="4.0" Kind="edit" Navigation="null" OriginId="org.eclipse.jdt.ui.CompilationUnitEditor" StartDate="2014-09-15 19:06:05.60 JST" StructureHandle="=ShoppingList/src&amp;lt;sl.utils{DBUtils.java[DBUtils~getAllData~QSQLiteDatabase;~QString;~\[QString;" StructureKind="java" NumEvents="4" CreationCount="65"/><InteractionEvent Delta="null" EndDate="2014-09-15 19:06:03.905 JST" Interest="1.0" Kind="selection" Navigation="null" OriginId="org.eclipse.ui.views.ContentOutline" StartDate="2014-09-15 19:06:03.905 JST" StructureHandle="=ShoppingList/src&amp;lt;sl.utils{DBUtils.java[DBUtils~getAllData~QSQLiteDatabase;~QString;~\[QString;" StructureKind="java"/><InteractionEvent Delta="null" EndDate="2014-09-15 22:56:32.813 JST" Interest="4.0" Kind="edit" Navigation="null" OriginId="org.eclipse.jdt.ui.CompilationUnitEditor" StartDate="2014-09-15 22:56:23.487 JST" StructureHandle="=SL3/src&amp;lt;sl.items{SI.java[SI[Builder~setDb_id~I" StructureKind="java" NumEvents="4" CreationCount="502"/><InteractionEvent Delta="null" EndDate="2014-09-15 22:56:24.305 JST" Interest="3.0" Kind="selection" Navigation="null" OriginId="org.eclipse.jdt.ui.CompilationUnitEditor" StartDate="2014-09-15 22:56:18.21 JST" StructureHandle="=SL3/src&amp;lt;sl.items{SI.java[SI[Builder~setDb_id~I" StructureKind="java" NumEvents="3" CreationCount="502"/><InteractionEvent Delta="null" EndDate="2014-09-15 22:59:47.676 JST" Interest="20.395" Kind="propagation" Navigation="org.eclipse.mylyn.core.model.edges.containment" OriginId="org.eclipse.mylyn.core.model.interest.propagation" StartDate="2014-09-15 19:12:11.887 JST" StructureHandle="=SL3/src&amp;lt;sl.utils{CONS.java" StructureKind="java" NumEvents="36" CreationCount="250"/><InteractionEvent Delta="null" EndDate="2014-09-15 23:21:54.226 JST" Interest="12.0" Kind="selection" Navigation="null" OriginId="org.eclipse.jdt.ui.CompilationUnitEditor" StartDate="2014-09-15 19:11:59.475 JST" StructureHandle="=SL3/src&amp;lt;sl.utils{CONS.java" StructureKind="java" NumEvents="12" CreationCount="250"/><InteractionEvent Delta="null" EndDate="2014-09-15 23:37:19.523 JST" Interest="46.077003" Kind="propagation" Navigation="org.eclipse.mylyn.core.model.edges.containment" OriginId="org.eclipse.mylyn.core.model.interest.propagation" StartDate="2014-09-15 19:03:35.829 JST" StructureHandle="=SL3/src&amp;lt;sl.listeners.dialog" StructureKind="java" NumEvents="60" CreationCount="151"/><InteractionEvent Delta="null" EndDate="2014-09-15 23:04:17.940 JST" Interest="3.0" Kind="selection" Navigation="null" OriginId="org.eclipse.jdt.ui.PackageExplorer" StartDate="2014-09-15 19:03:34.681 JST" StructureHandle="=SL3/src&amp;lt;sl.listeners.dialog" StructureKind="java" NumEvents="3" CreationCount="151"/><InteractionEvent Delta="null" EndDate="2014-09-15 23:04:17.940 JST" Interest="2.5610008" Kind="manipulation" Navigation="null" OriginId="org.eclipse.mylyn.core.model.interest.decay.correction" StartDate="2014-09-15 23:04:17.940 JST" StructureHandle="=SL3/src&amp;lt;sl.listeners.dialog" StructureKind="java"/><InteractionEvent Delta="null" EndDate="2014-09-15 19:13:41.242 JST" Interest="1.0" Kind="selection" Navigation="null" OriginId="org.eclipse.jdt.ui.CompilationUnitEditor" StartDate="2014-09-15 19:13:41.242 JST" StructureHandle="=SL3/src&amp;lt;sl.utils{CONS.java[CONS[DB^col_Types_SI_full" StructureKind="java"/><InteractionEvent Delta="null" EndDate="2014-09-15 23:42:17.940 JST" Interest="3.0" Kind="selection" Navigation="null" OriginId="org.eclipse.jdt.ui.PackageExplorer" StartDate="2014-09-15 23:42:12.755 JST" StructureHandle="=SL3/src&amp;lt;sl.libs.xml" StructureKind="java" NumEvents="3" CreationCount="1688"/><InteractionEvent Delta="null" EndDate="2014-09-15 22:54:21.450 JST" Interest="2.0" Kind="selection" Navigation="null" OriginId="org.eclipse.jdt.ui.CompilationUnitEditor" StartDate="2014-09-15 22:54:12.413 JST" StructureHandle="=SL3/src&amp;lt;sl.items{SI.java[SI^created_at" StructureKind="java" NumEvents="2" CreationCount="454"/><InteractionEvent Delta="null" EndDate="2014-09-15 23:42:12.362 JST" Interest="57.0" Kind="propagation" Navigation="null" OriginId="org.eclipse.jdt.ui.PackageExplorer" StartDate="2014-09-15 19:03:35.829 JST" StructureHandle="/SL3/src/sl/listeners/dialog/DOI_CL.java" StructureKind="resource" NumEvents="57" CreationCount="3"/><InteractionEvent Delta="null" EndDate="2014-09-15 23:31:01.57 JST" Interest="0.84000206" Kind="manipulation" Navigation="null" OriginId="org.eclipse.mylyn.core.model.interest.decay.correction" StartDate="2014-09-15 23:31:01.57 JST" StructureHandle="/SL3/src/sl/listeners/dialog/DOI_CL.java" StructureKind="resource"/><InteractionEvent Delta="null" EndDate="2014-09-15 23:12:25.283 JST" Interest="9.0" Kind="edit" Navigation="null" OriginId="org.eclipse.jdt.ui.CompilationUnitEditor" StartDate="2014-09-15 22:59:50.287 JST" StructureHandle="=SL3/src&amp;lt;sl.utils{CONS.java[CONS[DB^col_Names_SI_full" StructureKind="java" NumEvents="9" CreationCount="153"/><InteractionEvent Delta="null" EndDate="2014-09-15 23:21:54.458 JST" Interest="6.0" Kind="selection" Navigation="null" OriginId="org.eclipse.jdt.ui.CompilationUnitEditor" StartDate="2014-09-15 19:13:55.359 JST" StructureHandle="=SL3/src&amp;lt;sl.utils{CONS.java[CONS[DB^col_Names_SI_full" StructureKind="java" NumEvents="6" CreationCount="153"/><InteractionEvent Delta="null" EndDate="2014-09-15 23:12:20.480 JST" Interest="12.382001" Kind="manipulation" Navigation="null" OriginId="org.eclipse.mylyn.core.model.interest.decay.correction" StartDate="2014-09-15 22:59:47.674 JST" StructureHandle="=SL3/src&amp;lt;sl.utils{CONS.java[CONS[DB^col_Names_SI_full" StructureKind="java" NumEvents="2" CreationCount="153"/><InteractionEvent Delta="null" EndDate="2014-09-15 23:42:19.789 JST" Interest="1383.272" Kind="propagation" Navigation="org.eclipse.mylyn.core.model.edges.containment" OriginId="org.eclipse.mylyn.core.model.interest.propagation" StartDate="2014-09-15 19:03:27.317 JST" StructureHandle="/SL3/src/sl" StructureKind="resource" NumEvents="1386" CreationCount="1"/><InteractionEvent Delta="null" EndDate="2014-09-15 19:05:59.341 JST" Interest="1.0" Kind="selection" Navigation="null" OriginId="org.eclipse.ui.views.ContentOutline" StartDate="2014-09-15 19:05:59.341 JST" StructureHandle="=ShoppingList/src&amp;lt;sl.utils{DBUtils.java%sl.utils" StructureKind="java"/><InteractionEvent Delta="null" EndDate="2014-09-15 19:07:11.40 JST" Interest="6.9870005" Kind="propagation" Navigation="org.eclipse.mylyn.core.model.edges.containment" OriginId="org.eclipse.mylyn.core.model.interest.propagation" StartDate="2014-09-15 19:05:56.777 JST" StructureHandle="=ShoppingList/src&amp;lt;sl.utils" StructureKind="java" NumEvents="13" CreationCount="60"/><InteractionEvent Delta="null" EndDate="2014-09-15 19:05:55.712 JST" Interest="1.0" Kind="selection" Navigation="null" OriginId="org.eclipse.ui.views.ResourceNavigator" StartDate="2014-09-15 19:05:55.712 JST" StructureHandle="=ShoppingList/src&amp;lt;sl.utils" StructureKind="java"/><InteractionEvent Delta="null" EndDate="2014-09-15 23:05:29.528 JST" Interest="1.0" Kind="selection" Navigation="null" OriginId="org.eclipse.ui.views.ResourceNavigator" StartDate="2014-09-15 23:05:29.528 JST" StructureHandle="=TA2/src&amp;lt;ta2" StructureKind="java"/><InteractionEvent Delta="null" EndDate="2014-09-15 23:36:00.674 JST" Interest="35.9" Kind="propagation" Navigation="org.eclipse.mylyn.core.model.edges.containment" OriginId="org.eclipse.mylyn.core.model.interest.propagation" StartDate="2014-09-15 19:03:58.808 JST" StructureHandle="=SL3/src&amp;lt;sl.listeners.dialog{DOI_CL.java[DOI_CL" StructureKind="java" NumEvents="31" CreationCount="161"/><InteractionEvent Delta="null" EndDate="2014-09-15 19:03:53.963 JST" Interest="1.0" Kind="selection" Navigation="null" OriginId="org.eclipse.ui.views.ContentOutline" StartDate="2014-09-15 19:03:53.963 JST" StructureHandle="=SL3/src&amp;lt;sl.listeners.dialog{DOI_CL.java[DOI_CL" StructureKind="java"/><InteractionEvent Delta="null" EndDate="2014-09-15 23:22:25.598 JST" Interest="2.0" Kind="edit" Navigation="null" OriginId="org.eclipse.jdt.ui.CompilationUnitEditor" StartDate="2014-09-15 23:22:21.761 JST" StructureHandle="=SL3/src&amp;lt;sl.listeners.dialog{DB_OCL.java[DB_OCL~DB_OCL~QActivity;~QDialog;~QDialog;~QDialog;~QDialog;" StructureKind="java" NumEvents="2" CreationCount="1416"/><InteractionEvent Delta="null" EndDate="2014-09-15 23:23:04.457 JST" Interest="5.0" Kind="selection" Navigation="null" OriginId="org.eclipse.jdt.ui.CompilationUnitEditor" StartDate="2014-09-15 23:22:20.498 JST" StructureHandle="=SL3/src&amp;lt;sl.listeners.dialog{DB_OCL.java[DB_OCL~DB_OCL~QActivity;~QDialog;~QDialog;~QDialog;~QDialog;" StructureKind="java" NumEvents="5" CreationCount="1416"/><InteractionEvent Delta="null" EndDate="2014-09-15 23:21:54.459 JST" Interest="105.0" Kind="propagation" Navigation="null" OriginId="org.eclipse.jdt.ui.CompilationUnitEditor" StartDate="2014-09-15 19:11:59.476 JST" StructureHandle="/SL3/src/sl/utils/CONS.java" StructureKind="resource" NumEvents="105" CreationCount="250"/><InteractionEvent Delta="null" EndDate="2014-09-15 23:19:47.996 JST" Interest="1.0" Kind="propagation" Navigation="null" OriginId="org.eclipse.jdt.ui.PackageExplorer" StartDate="2014-09-15 23:19:47.996 JST" StructureHandle="/SL3/src/sl/listeners/dialog/DB_OTL.java" StructureKind="resource"/><InteractionEvent Delta="null" EndDate="2014-09-15 19:15:18.490 JST" Interest="35.050995" Kind="propagation" Navigation="org.eclipse.mylyn.core.model.edges.containment" OriginId="org.eclipse.mylyn.core.model.interest.propagation" StartDate="2014-09-15 19:06:49.305 JST" StructureHandle="/IFM11/src" StructureKind="resource" NumEvents="38" CreationCount="84"/><InteractionEvent Delta="null" EndDate="2014-09-15 19:15:18.490 JST" Interest="35.033997" Kind="propagation" Navigation="org.eclipse.mylyn.core.model.edges.containment" OriginId="org.eclipse.mylyn.core.model.interest.propagation" StartDate="2014-09-15 19:06:49.692 JST" StructureHandle="/IFM11/src/ifm11" StructureKind="resource" NumEvents="37" CreationCount="85"/><InteractionEvent Delta="null" EndDate="2014-09-15 23:11:40.363 JST" Interest="2.0" Kind="edit" Navigation="null" OriginId="org.eclipse.jdt.ui.CompilationUnitEditor" StartDate="2014-09-15 23:11:37.877 JST" StructureHandle="=TA2/src&amp;lt;ta2.utils{DBUtils.java[DBUtils~_insert_Data_Patterns__ContentValues~QString;" StructureKind="java" NumEvents="2" CreationCount="1041"/><InteractionEvent Delta="null" EndDate="2014-09-15 23:11:36.93 JST" Interest="2.0" Kind="selection" Navigation="null" OriginId="org.eclipse.jdt.ui.CompilationUnitEditor" StartDate="2014-09-15 23:11:10.617 JST" StructureHandle="=TA2/src&amp;lt;ta2.utils{DBUtils.java[DBUtils~_insert_Data_Patterns__ContentValues~QString;" StructureKind="java" NumEvents="2" CreationCount="1041"/><InteractionEvent Delta="null" EndDate="2014-09-15 23:16:38.882 JST" Interest="3.0" Kind="selection" Navigation="null" OriginId="org.eclipse.jdt.ui.CompilationUnitEditor" StartDate="2014-09-15 23:16:35.641 JST" StructureHandle="=SL3/src&amp;lt;sl.utils{Methods.java[Methods~dlg_createTable_isInputEmpty~QActivity;~QDialog;" StructureKind="java" NumEvents="3" CreationCount="1293"/><InteractionEvent Delta="null" EndDate="2014-09-15 19:15:16.533 JST" Interest="18.319002" Kind="propagation" Navigation="org.eclipse.mylyn.core.model.edges.containment" OriginId="org.eclipse.mylyn.core.model.interest.propagation" StartDate="2014-09-15 19:06:49.692 JST" StructureHandle="=IFM11/src" StructureKind="java" NumEvents="31" CreationCount="84"/><InteractionEvent Delta="null" EndDate="2014-09-15 19:06:49.305 JST" Interest="1.0" Kind="selection" Navigation="null" OriginId="org.eclipse.ui.views.ResourceNavigator" StartDate="2014-09-15 19:06:49.305 JST" StructureHandle="=IFM11/src" StructureKind="java"/><InteractionEvent Delta="null" EndDate="2014-09-15 23:37:19.522 JST" Interest="80.0" Kind="propagation" Navigation="null" OriginId="org.eclipse.jdt.ui.CompilationUnitEditor" StartDate="2014-09-15 19:04:31.798 JST" StructureHandle="/SL3/src/sl/listeners/dialog/DB_OCL.java" StructureKind="resource" NumEvents="80" CreationCount="25"/><InteractionEvent Delta="null" EndDate="2014-09-15 23:19:27.502 JST" Interest="2.7800007" Kind="manipulation" Navigation="null" OriginId="org.eclipse.mylyn.core.model.interest.decay.correction" StartDate="2014-09-15 23:04:41.580 JST" StructureHandle="/SL3/src/sl/listeners/dialog/DB_OCL.java" StructureKind="resource" NumEvents="2" CreationCount="25"/><InteractionEvent Delta="null" EndDate="2014-09-15 19:07:11.249 JST" Interest="29.0" Kind="propagation" Navigation="null" OriginId="org.eclipse.jdt.ui.CompilationUnitEditor" StartDate="2014-09-15 19:05:51.295 JST" StructureHandle="/ShoppingList" StructureKind="resource" NumEvents="29" CreationCount="56"/><InteractionEvent Delta="null" EndDate="2014-09-15 23:11:48.386 JST" Interest="4.0" Kind="selection" Navigation="null" OriginId="org.eclipse.jdt.ui.CompilationUnitEditor" StartDate="2014-09-15 23:08:02.900 JST" StructureHandle="=SL3/src&amp;lt;sl.utils{DBUtils.java#java.io.File" StructureKind="java" NumEvents="4" CreationCount="835"/><InteractionEvent Delta="null" EndDate="2014-09-15 23:11:48.383 JST" Interest="2.1650004" Kind="manipulation" Navigation="null" OriginId="org.eclipse.mylyn.core.model.interest.decay.correction" StartDate="2014-09-15 23:11:48.383 JST" StructureHandle="=SL3/src&amp;lt;sl.utils{DBUtils.java#java.io.File" StructureKind="java"/><InteractionEvent Delta="null" EndDate="2014-09-15 22:56:32.814 JST" Interest="2.2930002" Kind="propagation" Navigation="org.eclipse.mylyn.core.model.edges.containment" OriginId="org.eclipse.mylyn.core.model.interest.propagation" StartDate="2014-09-15 22:54:56.137 JST" StructureHandle="=SL3/src&amp;lt;sl.items{SI.java[SI[Builder" StructureKind="java" NumEvents="5" CreationCount="473"/><InteractionEvent Delta="null" EndDate="2014-09-15 22:56:10.379 JST" Interest="4.0" Kind="selection" Navigation="null" OriginId="org.eclipse.jdt.ui.CompilationUnitEditor" StartDate="2014-09-15 22:54:52.709 JST" StructureHandle="=SL3/src&amp;lt;sl.items{SI.java[SI[Builder" StructureKind="java" NumEvents="4" CreationCount="473"/><InteractionEvent Delta="null" EndDate="2014-09-15 22:56:13.486 JST" Interest="6.9189997" Kind="propagation" Navigation="org.eclipse.mylyn.core.model.edges.containment" OriginId="org.eclipse.mylyn.core.model.interest.propagation" StartDate="2014-09-15 22:54:09.538 JST" StructureHandle="=SL3/src&amp;lt;sl.items{SI.java" StructureKind="java" NumEvents="13" CreationCount="452"/><InteractionEvent Delta="null" EndDate="2014-09-15 23:00:08.266 JST" Interest="9.0" Kind="selection" Navigation="null" OriginId="org.eclipse.jdt.ui.CompilationUnitEditor" StartDate="2014-09-15 22:54:08.468 JST" StructureHandle="=SL3/src&amp;lt;sl.items{SI.java" StructureKind="java" NumEvents="9" CreationCount="452"/><InteractionEvent Delta="null" EndDate="2014-09-15 23:42:16.154 JST" Interest="1.0" Kind="prediction" Navigation="null" OriginId="org.eclipse.mylyn.resources.ui.interest.updater" StartDate="2014-09-15 23:42:16.154 JST" StructureHandle="=SL3/src&amp;lt;sl.items{SI.java" StructureKind="java"/><InteractionEvent Delta="null" EndDate="2014-09-15 22:55:06.610 JST" Interest="3.0" Kind="selection" Navigation="null" OriginId="org.eclipse.jdt.ui.CompilationUnitEditor" StartDate="2014-09-15 22:54:56.137 JST" StructureHandle="=SL3/src&amp;lt;sl.items{SI.java[SI[Builder^db_Id" StructureKind="java" NumEvents="3" CreationCount="475"/><InteractionEvent Delta="null" EndDate="2014-09-15 23:42:19.789 JST" Interest="1383.272" Kind="propagation" Navigation="null" OriginId="org.eclipse.jdt.ui.CompilationUnitEditor" StartDate="2014-09-15 19:03:27.317 JST" StructureHandle="/SL3/src/sl/utils" StructureKind="resource" NumEvents="1384" CreationCount="1"/><InteractionEvent Delta="null" EndDate="2014-09-15 19:15:18.490 JST" Interest="35.0" Kind="propagation" Navigation="null" OriginId="org.eclipse.jdt.ui.CompilationUnitEditor" StartDate="2014-09-15 19:06:52.354 JST" StructureHandle="/IFM11/src/ifm11/utils/DBUtils.java" StructureKind="resource" NumEvents="35" CreationCount="87"/><InteractionEvent Delta="null" EndDate="2014-09-15 23:05:32.837 JST" Interest="3.0" Kind="edit" Navigation="null" OriginId="org.eclipse.jdt.ui.CompilationUnitEditor" StartDate="2014-09-15 23:05:32.199 JST" StructureHandle="=SL3/src&amp;lt;sl.utils{DBUtils.java[DBUtils~getDbId_PS~QString;~J" StructureKind="java" NumEvents="3" CreationCount="734"/><InteractionEvent Delta="null" EndDate="2014-09-15 23:05:43.960 JST" Interest="4.0" Kind="selection" Navigation="null" OriginId="org.eclipse.jdt.ui.CompilationUnitEditor" StartDate="2014-09-15 23:05:21.297 JST" StructureHandle="=SL3/src&amp;lt;sl.utils{DBUtils.java[DBUtils~getDbId_PS~QString;~J" StructureKind="java" NumEvents="4" CreationCount="734"/><InteractionEvent Delta="null" EndDate="2014-09-15 22:52:40.338 JST" Interest="1.0" Kind="propagation" Navigation="null" OriginId="org.eclipse.ui.views.ResourceNavigator" StartDate="2014-09-15 22:52:40.338 JST" StructureHandle="/TA2/src/ta2/listeners/dialog/DOI_CL.java" StructureKind="resource"/><InteractionEvent Delta="null" EndDate="2014-09-15 19:11:25.708 JST" Interest="12.268002" Kind="propagation" Navigation="org.eclipse.mylyn.core.model.edges.containment" OriginId="org.eclipse.mylyn.core.model.interest.propagation" StartDate="2014-09-15 19:07:00.378 JST" StructureHandle="=IFM11/src&amp;lt;ifm11.utils{DBUtils.java" StructureKind="java" NumEvents="20" CreationCount="87"/><InteractionEvent Delta="null" EndDate="2014-09-15 19:15:16.532 JST" Interest="7.0" Kind="selection" Navigation="null" OriginId="org.eclipse.jdt.ui.CompilationUnitEditor" StartDate="2014-09-15 19:06:52.354 JST" StructureHandle="=IFM11/src&amp;lt;ifm11.utils{DBUtils.java" StructureKind="java" NumEvents="7" CreationCount="87"/><InteractionEvent Delta="null" EndDate="2014-09-15 23:05:45.230 JST" Interest="4.0" Kind="edit" Navigation="null" OriginId="org.eclipse.jdt.ui.CompilationUnitEditor" StartDate="2014-09-15 23:05:44.456 JST" StructureHandle="=SL3/src&amp;lt;sl.utils{DBUtils.java[DBUtils~update_SI~QActivity;~QSQLiteDatabase;~I~QSI;" StructureKind="java" NumEvents="4" CreationCount="742"/><InteractionEvent Delta="null" EndDate="2014-09-15 23:07:07.37 JST" Interest="5.0" Kind="selection" Navigation="null" OriginId="org.eclipse.jdt.ui.CompilationUnitEditor" StartDate="2014-09-15 23:05:43.905 JST" StructureHandle="=SL3/src&amp;lt;sl.utils{DBUtils.java[DBUtils~update_SI~QActivity;~QSQLiteDatabase;~I~QSI;" StructureKind="java" NumEvents="5" CreationCount="742"/><InteractionEvent Delta="null" EndDate="2014-09-15 23:04:22.351 JST" Interest="1.0" Kind="selection" Navigation="null" OriginId="org.eclipse.ui.views.ContentOutline" StartDate="2014-09-15 23:04:22.351 JST" StructureHandle="=SL3/src&amp;lt;sl.listeners.dialog{DOI_CL.java%sl.listeners.dialog" StructureKind="java"/><InteractionEvent Delta="null" EndDate="2014-09-15 19:15:18.490 JST" Interest="35.017" Kind="propagation" Navigation="org.eclipse.mylyn.core.model.edges.containment" OriginId="org.eclipse.mylyn.core.model.interest.propagation" StartDate="2014-09-15 19:06:51.193 JST" StructureHandle="/IFM11/src/ifm11/utils" StructureKind="resource" NumEvents="36" CreationCount="86"/><InteractionEvent Delta="null" EndDate="2014-09-15 22:52:40.339 JST" Interest="1.0" Kind="propagation" Navigation="org.eclipse.mylyn.core.model.edges.containment" OriginId="org.eclipse.mylyn.core.model.interest.propagation" StartDate="2014-09-15 22:52:40.339 JST" StructureHandle="/TA2/src/ta2/listeners" StructureKind="resource"/><InteractionEvent Delta="null" EndDate="2014-09-15 22:52:48.941 JST" Interest="2.0" Kind="selection" Navigation="null" OriginId="org.eclipse.ui.views.ContentOutline" StartDate="2014-09-15 22:52:47.570 JST" StructureHandle="=SL3/src&amp;lt;sl.utils{DBUtils.java[DBUtils^context" StructureKind="java" NumEvents="2" CreationCount="417"/><InteractionEvent Delta="null" EndDate="2014-09-15 19:07:11.249 JST" Interest="22.051" Kind="propagation" Navigation="org.eclipse.mylyn.core.model.edges.containment" OriginId="org.eclipse.mylyn.core.model.interest.propagation" StartDate="2014-09-15 19:05:53.868 JST" StructureHandle="/ShoppingList/src/sl" StructureKind="resource" NumEvents="24" CreationCount="58"/><InteractionEvent Delta="null" EndDate="2014-09-15 23:11:35.880 JST" Interest="15.085001" Kind="propagation" Navigation="org.eclipse.mylyn.core.model.edges.containment" OriginId="org.eclipse.mylyn.core.model.interest.propagation" StartDate="2014-09-15 23:05:55.794 JST" StructureHandle="=TA2/src&amp;lt;ta2.utils" StructureKind="java" NumEvents="22" CreationCount="755"/><InteractionEvent Delta="null" EndDate="2014-09-15 23:05:54.156 JST" Interest="1.0" Kind="selection" Navigation="null" OriginId="org.eclipse.ui.views.ResourceNavigator" StartDate="2014-09-15 23:05:54.156 JST" StructureHandle="=TA2/src&amp;lt;ta2.utils" StructureKind="java"/><InteractionEvent Delta="null" EndDate="2014-09-15 19:15:18.490 JST" Interest="18.917" Kind="propagation" Navigation="org.eclipse.mylyn.core.model.edges.containment" OriginId="org.eclipse.mylyn.core.model.interest.propagation" StartDate="2014-09-15 19:06:56.245 JST" StructureHandle="=IFM11/src&amp;lt;ifm11.utils{DBUtils.java[DBUtils" StructureKind="java" NumEvents="26" CreationCount="90"/><InteractionEvent Delta="null" EndDate="2014-09-15 23:32:44.445 JST" Interest="3.0" Kind="selection" Navigation="null" OriginId="org.eclipse.jdt.ui.CompilationUnitEditor" StartDate="2014-09-15 23:31:17.3 JST" StructureHandle="=SL3/src&amp;lt;sl.listeners.dialog{DOI_CL.java[DOI_CL~case_ACTV_TAB_OPT_ADMIN~QListItem;" StructureKind="java" NumEvents="3" CreationCount="1542"/><InteractionEvent Delta="null" EndDate="2014-09-15 19:15:16.533 JST" Interest="18.285002" Kind="propagation" Navigation="org.eclipse.mylyn.core.model.edges.containment" OriginId="org.eclipse.mylyn.core.model.interest.propagation" StartDate="2014-09-15 19:06:52.354 JST" StructureHandle="=IFM11/src&amp;lt;ifm11.utils" StructureKind="java" NumEvents="28" CreationCount="86"/><InteractionEvent Delta="null" EndDate="2014-09-15 19:06:51.193 JST" Interest="1.0" Kind="selection" Navigation="null" OriginId="org.eclipse.ui.views.ResourceNavigator" StartDate="2014-09-15 19:06:51.193 JST" StructureHandle="=IFM11/src&amp;lt;ifm11.utils" StructureKind="java"/><InteractionEvent Delta="null" EndDate="2014-09-15 19:05:53.867 JST" Interest="1.0" Kind="selection" Navigation="null" OriginId="org.eclipse.ui.views.ResourceNavigator" StartDate="2014-09-15 19:05:53.867 JST" StructureHandle="=ShoppingList/src&amp;lt;sl" StructureKind="java"/><InteractionEvent Delta="null" EndDate="2014-09-15 19:03:49.764 JST" Interest="1.0" Kind="selection" Navigation="null" OriginId="org.eclipse.jdt.ui.CompilationUnitEditor" StartDate="2014-09-15 19:03:49.764 JST" StructureHandle="=SL3/src&amp;lt;sl.listeners.dialog{DOI_CL.java#sl.main.MainActv" StructureKind="java"/><InteractionEvent Delta="null" EndDate="2014-09-15 23:04:44.503 JST" Interest="1.0" Kind="selection" Navigation="null" OriginId="org.eclipse.ui.views.ContentOutline" StartDate="2014-09-15 23:04:44.503 JST" StructureHandle="=SL3/src&amp;lt;sl.listeners.dialog{DB_OCL.java%sl.listeners.dialog" StructureKind="java"/><InteractionEvent Delta="null" EndDate="2014-09-15 23:04:25.658 JST" Interest="3.0" Kind="selection" Navigation="null" OriginId="org.eclipse.jdt.ui.CompilationUnitEditor" StartDate="2014-09-15 23:04:23.477 JST" StructureHandle="=SL3/src&amp;lt;sl.listeners.dialog{DOI_CL.java[DOI_CL~DOI_CL~QActivity;~QDialog;~QSI;" StructureKind="java" NumEvents="3" CreationCount="699"/><InteractionEvent Delta="null" EndDate="2014-09-15 19:15:18.490 JST" Interest="17.0" Kind="edit" Navigation="null" OriginId="org.eclipse.jdt.ui.CompilationUnitEditor" StartDate="2014-09-15 19:07:00.883 JST" StructureHandle="=IFM11/src&amp;lt;ifm11.utils{DBUtils.java[DBUtils~find_All_TI~QActivity;~QString;" StructureKind="java" NumEvents="17" CreationCount="91"/><InteractionEvent Delta="null" EndDate="2014-09-15 19:15:16.728 JST" Interest="7.0" Kind="selection" Navigation="null" OriginId="org.eclipse.jdt.ui.CompilationUnitEditor" StartDate="2014-09-15 19:07:00.325 JST" StructureHandle="=IFM11/src&amp;lt;ifm11.utils{DBUtils.java[DBUtils~find_All_TI~QActivity;~QString;" StructureKind="java" NumEvents="7" CreationCount="91"/><InteractionEvent Delta="null" EndDate="2014-09-15 23:19:17.203 JST" Interest="1.0" Kind="edit" Navigation="null" OriginId="org.eclipse.jdt.ui.CompilationUnitEditor" StartDate="2014-09-15 23:19:17.203 JST" StructureHandle="=SL3/src&amp;lt;sl.utils{Methods.java[Methods" StructureKind="java"/><InteractionEvent Delta="null" EndDate="2014-09-15 23:42:19.788 JST" Interest="98.200005" Kind="propagation" Navigation="org.eclipse.mylyn.core.model.edges.containment" OriginId="org.eclipse.mylyn.core.model.interest.propagation" StartDate="2014-09-15 19:04:51.104 JST" StructureHandle="=SL3/src&amp;lt;sl.utils{Methods.java[Methods" StructureKind="java" NumEvents="130" CreationCount="35"/><InteractionEvent Delta="null" EndDate="2014-09-15 23:21:27.865 JST" Interest="4.0" Kind="selection" Navigation="null" OriginId="org.eclipse.jdt.ui.CompilationUnitEditor" StartDate="2014-09-15 23:16:12.182 JST" StructureHandle="=SL3/src&amp;lt;sl.utils{Methods.java[Methods" StructureKind="java" NumEvents="4" CreationCount="35"/><InteractionEvent Delta="null" EndDate="2014-09-15 23:22:54.759 JST" Interest="904.0" Kind="propagation" Navigation="null" OriginId="org.eclipse.jdt.ui.CompilationUnitEditor" StartDate="2014-09-15 19:05:23.354 JST" StructureHandle="/SL3/src/sl/utils/DBUtils.java" StructureKind="resource" NumEvents="904" CreationCount="44"/><InteractionEvent Delta="null" EndDate="2014-09-15 19:15:18.491 JST" Interest="39.0" Kind="propagation" Navigation="null" OriginId="org.eclipse.jdt.ui.CompilationUnitEditor" StartDate="2014-09-15 19:06:45.742 JST" StructureHandle="/IFM11" StructureKind="resource" NumEvents="39" CreationCount="83"/><InteractionEvent Delta="null" EndDate="2014-09-15 22:59:46.98 JST" Interest="14.0" Kind="edit" Navigation="null" OriginId="org.eclipse.jdt.ui.CompilationUnitEditor" StartDate="2014-09-15 19:12:47.591 JST" StructureHandle="=SL3/src&amp;lt;sl.utils{CONS.java[CONS[DB" StructureKind="java" NumEvents="14" CreationCount="253"/><InteractionEvent Delta="null" EndDate="2014-09-15 22:59:30.300 JST" Interest="3.5440004" Kind="propagation" Navigation="org.eclipse.mylyn.core.model.edges.containment" OriginId="org.eclipse.mylyn.core.model.interest.propagation" StartDate="2014-09-15 19:12:11.778 JST" StructureHandle="=SL3/src&amp;lt;sl.utils{CONS.java[CONS[DB" StructureKind="java" NumEvents="6" CreationCount="253"/><InteractionEvent Delta="null" EndDate="2014-09-15 23:12:16.798 JST" Interest="14.0" Kind="selection" Navigation="null" OriginId="org.eclipse.jdt.ui.CompilationUnitEditor" StartDate="2014-09-15 19:12:03.395 JST" StructureHandle="=SL3/src&amp;lt;sl.utils{CONS.java[CONS[DB" StructureKind="java" NumEvents="14" CreationCount="253"/><InteractionEvent Delta="null" EndDate="2014-09-15 23:32:45.67 JST" Interest="1.0" Kind="selection" Navigation="null" OriginId="org.eclipse.jdt.ui.CompilationUnitEditor" StartDate="2014-09-15 23:32:45.67 JST" StructureHandle="=SL3/src&amp;lt;sl.listeners.dialog{DOI_CL.java[DOI_CL~DOI_CL~QActivity;~QDialog;~QDialog;" StructureKind="java"/><InteractionEvent Delta="null" EndDate="2014-09-15 19:04:30.202 JST" Interest="1.0" Kind="selection" Navigation="null" OriginId="org.eclipse.jdt.ui.PackageExplorer" StartDate="2014-09-15 19:04:30.202 JST" StructureHandle="=SL3/src&amp;lt;sl.listeners.dialog{DB_CL.java" StructureKind="java"/><InteractionEvent Delta="null" EndDate="2014-09-15 22:54:53.988 JST" Interest="1.0" Kind="selection" Navigation="null" OriginId="org.eclipse.jdt.ui.CompilationUnitEditor" StartDate="2014-09-15 22:54:53.988 JST" StructureHandle="=SL3/src&amp;lt;sl.items{SI.java[SI~setPrice~I" StructureKind="java"/><InteractionEvent Delta="null" EndDate="2014-09-15 19:12:12.384 JST" Interest="1.0" Kind="edit" Navigation="null" OriginId="org.eclipse.jdt.ui.CompilationUnitEditor" StartDate="2014-09-15 19:12:12.384 JST" StructureHandle="=SL3/src&amp;lt;sl.utils{CONS.java[CONS[DB^columns_with_index" StructureKind="java"/><InteractionEvent Delta="null" EndDate="2014-09-15 19:12:11.909 JST" Interest="2.0" Kind="selection" Navigation="null" OriginId="org.eclipse.jdt.ui.CompilationUnitEditor" StartDate="2014-09-15 19:12:11.778 JST" StructureHandle="=SL3/src&amp;lt;sl.utils{CONS.java[CONS[DB^columns_with_index" StructureKind="java" NumEvents="2" CreationCount="254"/><InteractionEvent Delta="null" EndDate="2014-09-15 19:13:12.865 JST" Interest="1.0" Kind="selection" Navigation="null" OriginId="org.eclipse.jdt.ui.CompilationUnitEditor" StartDate="2014-09-15 19:13:12.865 JST" StructureHandle="=SL3/src&amp;lt;sl.utils{CONS.java[CONS[DB^col_Types_SI" StructureKind="java"/><InteractionEvent Delta="null" EndDate="2014-09-15 23:11:40.364 JST" Interest="42.034" Kind="propagation" Navigation="null" OriginId="org.eclipse.jdt.ui.CompilationUnitEditor" StartDate="2014-09-15 22:52:40.339 JST" StructureHandle="/TA2/src" StructureKind="resource" NumEvents="44" CreationCount="413"/><InteractionEvent Delta="null" EndDate="2014-09-15 23:05:28.814 JST" Interest="4.4740005" Kind="manipulation" Navigation="null" OriginId="org.eclipse.mylyn.core.model.interest.decay.correction" StartDate="2014-09-15 23:05:28.814 JST" StructureHandle="/TA2/src" StructureKind="resource"/><InteractionEvent Delta="null" EndDate="2014-09-15 23:31:12.80 JST" Interest="36.0" Kind="edit" Navigation="null" OriginId="org.eclipse.jdt.ui.CompilationUnitEditor" StartDate="2014-09-15 23:29:06.741 JST" StructureHandle="=SL3/src&amp;lt;sl.utils{Methods_dlg.java[Methods_dlg~dlg_OptMenu_TabActv_Admin~QActivity;" StructureKind="java" NumEvents="36" CreationCount="1493"/><InteractionEvent Delta="null" EndDate="2014-09-15 23:32:12.324 JST" Interest="5.0" Kind="selection" Navigation="null" OriginId="org.eclipse.jdt.ui.CompilationUnitEditor" StartDate="2014-09-15 23:29:06.176 JST" StructureHandle="=SL3/src&amp;lt;sl.utils{Methods_dlg.java[Methods_dlg~dlg_OptMenu_TabActv_Admin~QActivity;" StructureKind="java" NumEvents="5" CreationCount="1493"/><InteractionEvent Delta="null" EndDate="2014-09-15 23:19:47.996 JST" Interest="1.0" Kind="selection" Navigation="null" OriginId="org.eclipse.jdt.ui.PackageExplorer" StartDate="2014-09-15 23:19:47.996 JST" StructureHandle="=SL3/src&amp;lt;sl.listeners.dialog{DB_OTL.java" StructureKind="java"/><InteractionEvent Delta="null" EndDate="2014-09-15 22:55:40.441 JST" Interest="2.0" Kind="edit" Navigation="null" OriginId="org.eclipse.jdt.ui.CompilationUnitEditor" StartDate="2014-09-15 22:55:38.667 JST" StructureHandle="=SL3/src&amp;lt;sl.items{SI.java[SI" StructureKind="java" NumEvents="2" CreationCount="453"/><InteractionEvent Delta="null" EndDate="2014-09-15 22:54:47.405 JST" Interest="1.5020001" Kind="propagation" Navigation="org.eclipse.mylyn.core.model.edges.containment" OriginId="org.eclipse.mylyn.core.model.interest.propagation" StartDate="2014-09-15 22:54:12.414 JST" StructureHandle="=SL3/src&amp;lt;sl.items{SI.java[SI" StructureKind="java" NumEvents="4" CreationCount="453"/><InteractionEvent Delta="null" EndDate="2014-09-15 22:56:13.485 JST" Interest="8.0" Kind="selection" Navigation="null" OriginId="org.eclipse.jdt.ui.CompilationUnitEditor" StartDate="2014-09-15 22:54:09.537 JST" StructureHandle="=SL3/src&amp;lt;sl.items{SI.java[SI" StructureKind="java" NumEvents="8" CreationCount="453"/><InteractionEvent Delta="null" EndDate="2014-09-15 23:11:40.363 JST" Interest="49.611" Kind="propagation" Navigation="org.eclipse.mylyn.core.model.edges.containment" OriginId="org.eclipse.mylyn.core.model.interest.propagation" StartDate="2014-09-15 22:52:40.339 JST" StructureHandle="=TA2" StructureKind="resource" NumEvents="44" CreationCount="54"/><InteractionEvent Delta="null" EndDate="2014-09-15 19:05:46.414 JST" Interest="2.0" Kind="selection" Navigation="null" OriginId="org.eclipse.ui.views.ResourceNavigator" StartDate="2014-09-15 19:05:46.409 JST" StructureHandle="=TA2" StructureKind="java" NumEvents="2" CreationCount="54"/><InteractionEvent Delta="null" EndDate="2014-09-15 23:37:19.523 JST" Interest="25.653004" Kind="propagation" Navigation="org.eclipse.mylyn.core.model.edges.containment" OriginId="org.eclipse.mylyn.core.model.interest.propagation" StartDate="2014-09-15 19:04:41.259 JST" StructureHandle="=SL3/src&amp;lt;sl.listeners.dialog{DB_OCL.java" StructureKind="java" NumEvents="40" CreationCount="25"/><InteractionEvent Delta="null" EndDate="2014-09-15 23:37:09.381 JST" Interest="15.0" Kind="selection" Navigation="null" OriginId="org.eclipse.jdt.ui.CompilationUnitEditor" StartDate="2014-09-15 19:04:31.798 JST" StructureHandle="=SL3/src&amp;lt;sl.listeners.dialog{DB_OCL.java" StructureKind="java" NumEvents="15" CreationCount="25"/><InteractionEvent Delta="null" EndDate="2014-09-15 23:19:27.502 JST" Interest="13.126999" Kind="manipulation" Navigation="null" OriginId="org.eclipse.mylyn.core.model.interest.decay.correction" StartDate="2014-09-15 19:11:57.414 JST" StructureHandle="=SL3/src&amp;lt;sl.listeners.dialog{DB_OCL.java" StructureKind="java" NumEvents="4" CreationCount="25"/><InteractionEvent Delta="null" EndDate="2014-09-15 23:12:17.306 JST" Interest="21.0" Kind="edit" Navigation="null" OriginId="org.eclipse.jdt.ui.CompilationUnitEditor" StartDate="2014-09-15 19:14:11.864 JST" StructureHandle="=SL3/src&amp;lt;sl.utils{CONS.java[CONS[DB^col_Names_SI_full_SL_1" StructureKind="java" NumEvents="21" CreationCount="285"/><InteractionEvent Delta="null" EndDate="2014-09-15 23:12:20.565 JST" Interest="8.0" Kind="selection" Navigation="null" OriginId="org.eclipse.jdt.ui.CompilationUnitEditor" StartDate="2014-09-15 19:14:02.704 JST" StructureHandle="=SL3/src&amp;lt;sl.utils{CONS.java[CONS[DB^col_Names_SI_full_SL_1" StructureKind="java" NumEvents="8" CreationCount="285"/><InteractionEvent Delta="null" EndDate="2014-09-15 23:42:19.789 JST" Interest="1249.0" Kind="propagation" Navigation="null" OriginId="org.eclipse.jdt.ui.CompilationUnitEditor" StartDate="2014-09-15 22:50:44.669 JST" StructureHandle="/SL3" StructureKind="resource" NumEvents="1249" CreationCount="402"/><InteractionEvent Delta="null" EndDate="2014-09-15 23:34:47.246 JST" Interest="4.0" Kind="edit" Navigation="null" OriginId="org.eclipse.jdt.ui.CompilationUnitEditor" StartDate="2014-09-15 23:34:45.475 JST" StructureHandle="=SL3/src&amp;lt;sl.utils{Methods_dlg.java[Methods_dlg~dlg_Tmpl_OkCancel_3rd_Dialogue~QActivity;~QDialog;~QDialog;~I~I~I~I~QDialogTags;~QDialogTags;" StructureKind="java" NumEvents="4" CreationCount="1609"/><InteractionEvent Delta="null" EndDate="2014-09-15 23:34:44.340 JST" Interest="1.0" Kind="selection" Navigation="null" OriginId="org.eclipse.ui.views.ContentOutline" StartDate="2014-09-15 23:34:44.340 JST" StructureHandle="=SL3/src&amp;lt;sl.utils{Methods_dlg.java[Methods_dlg~dlg_Tmpl_OkCancel_3rd_Dialogue~QActivity;~QDialog;~QDialog;~I~I~I~I~QDialogTags;~QDialogTags;" StructureKind="java"/><InteractionEvent Delta="null" EndDate="2014-09-15 23:05:54.57 JST" Interest="2.0" Kind="selection" Navigation="null" OriginId="org.eclipse.ui.views.ResourceNavigator" StartDate="2014-09-15 23:05:30.207 JST" StructureHandle="=TA2/src&amp;lt;ta2.adapters" StructureKind="java" NumEvents="2" CreationCount="737"/><InteractionEvent Delta="null" EndDate="2014-09-15 23:37:19.522 JST" Interest="35.0" Kind="edit" Navigation="null" OriginId="org.eclipse.jdt.ui.CompilationUnitEditor" StartDate="2014-09-15 19:04:42.974 JST" StructureHandle="=SL3/src&amp;lt;sl.listeners.dialog{DB_OCL.java[DB_OCL~case_ACTV_TAB_OPT_IMP_DATA~QDialogTags;" StructureKind="java" NumEvents="35" CreationCount="29"/><InteractionEvent Delta="null" EndDate="2014-09-15 23:37:09.464 JST" Interest="13.0" Kind="selection" Navigation="null" OriginId="org.eclipse.jdt.ui.CompilationUnitEditor" StartDate="2014-09-15 19:04:38.998 JST" StructureHandle="=SL3/src&amp;lt;sl.listeners.dialog{DB_OCL.java[DB_OCL~case_ACTV_TAB_OPT_IMP_DATA~QDialogTags;" StructureKind="java" NumEvents="13" CreationCount="29"/><InteractionEvent Delta="null" EndDate="2014-09-15 23:19:27.581 JST" Interest="16.212002" Kind="manipulation" Navigation="null" OriginId="org.eclipse.mylyn.core.model.interest.decay.correction" StartDate="2014-09-15 23:04:46.719 JST" StructureHandle="=SL3/src&amp;lt;sl.listeners.dialog{DB_OCL.java[DB_OCL~case_ACTV_TAB_OPT_IMP_DATA~QDialogTags;" StructureKind="java" NumEvents="2" CreationCount="29"/><InteractionEvent Delta="null" EndDate="2014-09-15 23:35:29.40 JST" Interest="195.0" Kind="propagation" Navigation="null" OriginId="org.eclipse.jdt.ui.CompilationUnitEditor" StartDate="2014-09-15 19:04:14.733 JST" StructureHandle="/SL3/src/sl/utils/Methods_dlg.java" StructureKind="resource" NumEvents="195" CreationCount="17"/><InteractionEvent Delta="null" EndDate="2014-09-15 23:19:49.532 JST" Interest="16.001001" Kind="manipulation" Navigation="null" OriginId="org.eclipse.mylyn.core.model.interest.decay.correction" StartDate="2014-09-15 23:04:13.884 JST" StructureHandle="/SL3/src/sl/utils/Methods_dlg.java" StructureKind="resource" NumEvents="2" CreationCount="17"/><InteractionEvent Delta="null" EndDate="2014-09-15 23:22:39.323 JST" Interest="1.0" Kind="edit" Navigation="null" OriginId="org.eclipse.jdt.ui.CompilationUnitEditor" StartDate="2014-09-15 23:22:39.323 JST" StructureHandle="=SL3/src&amp;lt;sl.utils{Methods_dlg.java[Methods_dlg~conf_DropTable~QActivity;~QDialog;~QDialog;~QDialog;~QString;~QTags.DialogTags;" StructureKind="java"/><InteractionEvent Delta="null" EndDate="2014-09-15 23:22:39.308 JST" Interest="2.0" Kind="selection" Navigation="null" OriginId="org.eclipse.jdt.ui.CompilationUnitEditor" StartDate="2014-09-15 23:22:39.306 JST" StructureHandle="=SL3/src&amp;lt;sl.utils{Methods_dlg.java[Methods_dlg~conf_DropTable~QActivity;~QDialog;~QDialog;~QDialog;~QString;~QTags.DialogTags;" StructureKind="java" NumEvents="2" CreationCount="1421"/><InteractionEvent Delta="null" EndDate="2014-09-15 19:03:49.764 JST" Interest="1.0" Kind="propagation" Navigation="org.eclipse.mylyn.core.model.edges.containment" OriginId="org.eclipse.mylyn.core.model.interest.propagation" StartDate="2014-09-15 19:03:49.764 JST" StructureHandle="=SL3/src&amp;lt;sl.listeners.dialog{DOI_CL.java#" StructureKind="java"/><InteractionEvent Delta="null" EndDate="2014-09-15 19:07:11.249 JST" Interest="22.0" Kind="propagation" Navigation="null" OriginId="org.eclipse.jdt.ui.CompilationUnitEditor" StartDate="2014-09-15 19:05:56.777 JST" StructureHandle="/ShoppingList/src/sl/utils/DBUtils.java" StructureKind="resource" NumEvents="22" CreationCount="61"/><InteractionEvent Delta="null" EndDate="2014-09-15 19:07:11.249 JST" Interest="20.085" Kind="propagation" Navigation="org.eclipse.mylyn.core.model.edges.containment" OriginId="org.eclipse.mylyn.core.model.interest.propagation" StartDate="2014-09-15 19:05:53.592 JST" StructureHandle="=ShoppingList" StructureKind="resource" NumEvents="26" CreationCount="56"/><InteractionEvent Delta="null" EndDate="2014-09-15 19:06:41.592 JST" Interest="2.0" Kind="selection" Navigation="null" OriginId="org.eclipse.ui.views.ResourceNavigator" StartDate="2014-09-15 19:05:51.295 JST" StructureHandle="=ShoppingList" StructureKind="java" NumEvents="2" CreationCount="56"/><InteractionEvent Delta="null" EndDate="2014-09-15 22:55:28.368 JST" Interest="3.0" Kind="edit" Navigation="null" OriginId="org.eclipse.jdt.ui.CompilationUnitEditor" StartDate="2014-09-15 22:54:27.421 JST" StructureHandle="=SL3/src&amp;lt;sl.items{SI.java[SI~SI~QBuilder;" StructureKind="java" NumEvents="3" CreationCount="459"/><InteractionEvent Delta="null" EndDate="2014-09-15 22:56:05.249 JST" Interest="4.0" Kind="selection" Navigation="null" OriginId="org.eclipse.jdt.ui.CompilationUnitEditor" StartDate="2014-09-15 22:54:24.394 JST" StructureHandle="=SL3/src&amp;lt;sl.items{SI.java[SI~SI~QBuilder;" StructureKind="java" NumEvents="4" CreationCount="459"/><InteractionEvent Delta="null" EndDate="2014-09-15 23:42:12.362 JST" Interest="141.017" Kind="propagation" Navigation="org.eclipse.mylyn.core.model.edges.containment" OriginId="org.eclipse.mylyn.core.model.interest.propagation" StartDate="2014-09-15 19:03:34.681 JST" StructureHandle="/SL3/src/sl/listeners" StructureKind="resource" NumEvents="142" CreationCount="2"/><InteractionEvent Delta="null" EndDate="2014-09-15 23:17:24.531 JST" Interest="214.0" Kind="edit" Navigation="null" OriginId="org.eclipse.jdt.ui.CompilationUnitEditor" StartDate="2014-09-15 23:07:08.194 JST" StructureHandle="=SL3/src&amp;lt;sl.utils{DBUtils.java[DBUtils~insert_SIs~QActivity;~QList\&amp;lt;QSI;&amp;gt;;" StructureKind="java" NumEvents="214" CreationCount="794"/><InteractionEvent Delta="null" EndDate="2014-09-15 23:22:54.759 JST" Interest="14.0" Kind="selection" Navigation="null" OriginId="org.eclipse.jdt.ui.CompilationUnitEditor" StartDate="2014-09-15 23:07:08.190 JST" StructureHandle="=SL3/src&amp;lt;sl.utils{DBUtils.java[DBUtils~insert_SIs~QActivity;~QList\&amp;lt;QSI;&amp;gt;;" StructureKind="java" NumEvents="14" CreationCount="794"/><InteractionEvent Delta="null" EndDate="2014-09-15 23:37:19.522 JST" Interest="53.746002" Kind="propagation" Navigation="org.eclipse.mylyn.core.model.edges.containment" OriginId="org.eclipse.mylyn.core.model.interest.propagation" StartDate="2014-09-15 19:04:35.179 JST" StructureHandle="=SL3/src&amp;lt;sl.listeners.dialog{DB_OCL.java[DB_OCL" StructureKind="java" NumEvents="51" CreationCount="27"/><InteractionEvent Delta="null" EndDate="2014-09-15 23:42:19.788 JST" Interest="177.0" Kind="propagation" Navigation="null" OriginId="org.eclipse.jdt.ui.CompilationUnitEditor" StartDate="2014-09-15 19:04:50.64 JST" StructureHandle="/SL3/src/sl/utils/Methods.java" StructureKind="resource" NumEvents="177" CreationCount="34"/><InteractionEvent Delta="null" EndDate="2014-09-15 23:11:40.364 JST" Interest="46.0" Kind="propagation" Navigation="null" OriginId="org.eclipse.jdt.ui.CompilationUnitEditor" StartDate="2014-09-15 19:05:46.409 JST" StructureHandle="/TA2" StructureKind="resource" NumEvents="46" CreationCount="54"/><InteractionEvent Delta="null" EndDate="2014-09-15 23:05:28.815 JST" Interest="8.577001" Kind="manipulation" Navigation="null" OriginId="org.eclipse.mylyn.core.model.interest.decay.correction" StartDate="2014-09-15 22:52:40.341 JST" StructureHandle="/TA2" StructureKind="resource" NumEvents="2" CreationCount="54"/><InteractionEvent Delta="null" EndDate="2014-09-15 23:12:11.695 JST" Interest="3.0" Kind="selection" Navigation="null" OriginId="org.eclipse.ui.views.ContentOutline" StartDate="2014-09-15 19:12:01.643 JST" StructureHandle="=SL3/src&amp;lt;sl.utils{CONS.java%sl.utils" StructureKind="java" NumEvents="3" CreationCount="150"/><InteractionEvent Delta="null" EndDate="2014-09-15 23:12:11.695 JST" Interest="14.031" Kind="manipulation" Navigation="null" OriginId="org.eclipse.mylyn.core.model.interest.decay.correction" StartDate="2014-09-15 22:57:31.849 JST" StructureHandle="=SL3/src&amp;lt;sl.utils{CONS.java%sl.utils" StructureKind="java" NumEvents="2" CreationCount="150"/><InteractionEvent Delta="null" EndDate="2014-09-15 23:42:19.789 JST" Interest="1581.0339" Kind="propagation" Navigation="null" OriginId="org.eclipse.jdt.ui.CompilationUnitEditor" StartDate="2014-09-15 19:03:27.317 JST" StructureHandle="/SL3/src" StructureKind="resource" NumEvents="1583" CreationCount="1"/><InteractionEvent Delta="null" EndDate="2014-09-15 23:31:16.467 JST" Interest="1.0" Kind="edit" Navigation="null" OriginId="org.eclipse.jdt.ui.CompilationUnitEditor" StartDate="2014-09-15 23:31:16.467 JST" StructureHandle="=SL3/src&amp;lt;sl.listeners.dialog{DOI_CL.java[DOI_CL~onItemClick~QAdapterView\&amp;lt;*&amp;gt;;~QView;~I~J" StructureKind="java"/><InteractionEvent Delta="null" EndDate="2014-09-15 23:32:47.727 JST" Interest="2.0" Kind="selection" Navigation="null" OriginId="org.eclipse.jdt.ui.CompilationUnitEditor" StartDate="2014-09-15 23:31:15.769 JST" StructureHandle="=SL3/src&amp;lt;sl.listeners.dialog{DOI_CL.java[DOI_CL~onItemClick~QAdapterView\&amp;lt;*&amp;gt;;~QView;~I~J" StructureKind="java" NumEvents="2" CreationCount="1540"/><InteractionEvent Delta="null" EndDate="2014-09-15 22:59:36.535 JST" Interest="1.0" Kind="edit" Navigation="null" OriginId="org.eclipse.jdt.ui.CompilationUnitEditor" StartDate="2014-09-15 22:59:36.535 JST" StructureHandle="=SL3/src&amp;lt;sl.utils{CONS.java[CONS" StructureKind="java"/><InteractionEvent Delta="null" EndDate="2014-09-15 23:12:16.798 JST" Interest="25.644001" Kind="propagation" Navigation="org.eclipse.mylyn.core.model.edges.containment" OriginId="org.eclipse.mylyn.core.model.interest.propagation" StartDate="2014-09-15 19:12:03.396 JST" StructureHandle="=SL3/src&amp;lt;sl.utils{CONS.java[CONS" StructureKind="java" NumEvents="39" CreationCount="253"/><InteractionEvent Delta="null" EndDate="2014-09-15 22:59:35.70 JST" Interest="1.0" Kind="selection" Navigation="null" OriginId="org.eclipse.jdt.ui.CompilationUnitEditor" StartDate="2014-09-15 22:59:35.70 JST" StructureHandle="=SL3/src&amp;lt;sl.utils{CONS.java[CONS" StructureKind="java"/><InteractionEvent Delta="null" EndDate="2014-09-15 23:38:09.63 JST" Interest="4.0" Kind="prediction" Navigation="null" OriginId="org.eclipse.mylyn.resources.ui.interest.updater" StartDate="2014-09-15 19:28:40.946 JST" StructureHandle="/SL3/bin/SL3.apk" StructureKind="resource" NumEvents="4" CreationCount="153"/><InteractionEvent Delta="null" EndDate="2014-09-15 19:13:39.275 JST" Interest="2.0" Kind="edit" Navigation="null" OriginId="org.eclipse.jdt.ui.CompilationUnitEditor" StartDate="2014-09-15 19:13:38.541 JST" StructureHandle="=SL3/src&amp;lt;sl.utils{CONS.java[CONS[DB^col_Names_SI" StructureKind="java" NumEvents="2" CreationCount="271"/><InteractionEvent Delta="null" EndDate="2014-09-15 19:13:36.813 JST" Interest="1.0" Kind="selection" Navigation="null" OriginId="org.eclipse.jdt.ui.CompilationUnitEditor" StartDate="2014-09-15 19:13:36.813 JST" StructureHandle="=SL3/src&amp;lt;sl.utils{CONS.java[CONS[DB^col_Names_SI" StructureKind="java"/><InteractionEvent Delta="null" EndDate="2014-09-15 19:06:49.692 JST" Interest="1.0" Kind="selection" Navigation="null" OriginId="org.eclipse.ui.views.ResourceNavigator" StartDate="2014-09-15 19:06:49.692 JST" StructureHandle="=IFM11/src&amp;lt;ifm11" StructureKind="java"/><InteractionEvent Delta="null" EndDate="2014-09-15 19:07:11.249 JST" Interest="22.068" Kind="propagation" Navigation="org.eclipse.mylyn.core.model.edges.containment" OriginId="org.eclipse.mylyn.core.model.interest.propagation" StartDate="2014-09-15 19:05:53.592 JST" StructureHandle="/ShoppingList/src" StructureKind="resource" NumEvents="25" CreationCount="57"/><InteractionEvent Delta="null" EndDate="2014-09-15 23:00:08.267 JST" Interest="15.919" Kind="propagation" Navigation="org.eclipse.mylyn.core.model.edges.containment" OriginId="org.eclipse.mylyn.core.model.interest.propagation" StartDate="2014-09-15 22:54:08.468 JST" StructureHandle="=SL3/src&amp;lt;sl.items" StructureKind="java" NumEvents="27" CreationCount="452"/><InteractionEvent Delta="null" EndDate="2014-09-15 19:06:55.20 JST" Interest="1.0" Kind="selection" Navigation="null" OriginId="org.eclipse.ui.views.ContentOutline" StartDate="2014-09-15 19:06:55.20 JST" StructureHandle="=IFM11/src&amp;lt;ifm11.utils{DBUtils.java%ifm11.utils" StructureKind="java"/><InteractionEvent Delta="null" EndDate="2014-09-15 22:54:44.148 JST" Interest="2.0" Kind="selection" Navigation="null" OriginId="org.eclipse.jdt.ui.CompilationUnitEditor" StartDate="2014-09-15 22:54:37.192 JST" StructureHandle="=SL3/src&amp;lt;sl.items{SI.java[SI^posted_at" StructureKind="java" NumEvents="2" CreationCount="461"/><InteractionEvent Delta="null" EndDate="2014-09-15 23:16:30.541 JST" Interest="4.0" Kind="edit" Navigation="null" OriginId="org.eclipse.jdt.ui.CompilationUnitEditor" StartDate="2014-09-15 23:16:28.341 JST" StructureHandle="=SL3/src&amp;lt;sl.utils{Methods.java[Methods~_opt_ActvTab_CreateTables__SI~QActivity;~QDialog;~QDialog;~QDialog;" StructureKind="java" NumEvents="4" CreationCount="1286"/><InteractionEvent Delta="null" EndDate="2014-09-15 23:16:34.279 JST" Interest="2.0" Kind="selection" Navigation="null" OriginId="org.eclipse.ui.views.ContentOutline" StartDate="2014-09-15 23:16:24.266 JST" StructureHandle="=SL3/src&amp;lt;sl.utils{Methods.java[Methods~_opt_ActvTab_CreateTables__SI~QActivity;~QDialog;~QDialog;~QDialog;" StructureKind="java" NumEvents="2" CreationCount="1286"/><InteractionEvent Delta="null" EndDate="2014-09-15 19:07:00.378 JST" Interest="3.0" Kind="selection" Navigation="null" OriginId="org.eclipse.jdt.ui.CompilationUnitEditor" StartDate="2014-09-15 19:06:56.244 JST" StructureHandle="=IFM11/src&amp;lt;ifm11.utils{DBUtils.java[DBUtils~find_All_TI__Search~QActivity;" StructureKind="java" NumEvents="3" CreationCount="90"/><InteractionEvent Delta="null" EndDate="2014-09-15 22:55:46.736 JST" Interest="1.0" Kind="selection" Navigation="null" OriginId="org.eclipse.jdt.ui.CompilationUnitEditor" StartDate="2014-09-15 22:55:46.736 JST" StructureHandle="=SL3/src&amp;lt;sl.items{SI.java[SI[Builder~setGenre~QString;" StructureKind="java"/><InteractionEvent Delta="null" EndDate="2014-09-15 23:03:09.971 JST" Interest="2.0" Kind="prediction" Navigation="null" OriginId="org.eclipse.mylyn.resources.ui.interest.updater" StartDate="2014-09-15 19:28:40.946 JST" StructureHandle="/SL3/bin/resources.ap_" StructureKind="resource" NumEvents="2" CreationCount="181"/><InteractionEvent Delta="null" EndDate="2014-09-15 22:52:40.338 JST" Interest="1.0" Kind="selection" Navigation="null" OriginId="org.eclipse.ui.views.ResourceNavigator" StartDate="2014-09-15 22:52:40.338 JST" StructureHandle="=TA2/src&amp;lt;ta2.listeners.dialog{DOI_CL.java" StructureKind="java"/><InteractionEvent Delta="null" EndDate="2014-09-15 23:11:35.880 JST" Interest="16.442001" Kind="propagation" Navigation="org.eclipse.mylyn.core.model.edges.containment" OriginId="org.eclipse.mylyn.core.model.interest.propagation" StartDate="2014-09-15 22:52:40.340 JST" StructureHandle="=TA2/src" StructureKind="java" NumEvents="25" CreationCount="413"/><InteractionEvent Delta="null" EndDate="2014-09-15 23:05:28.814 JST" Interest="1.0" Kind="selection" Navigation="null" OriginId="org.eclipse.ui.views.ResourceNavigator" StartDate="2014-09-15 23:05:28.814 JST" StructureHandle="=TA2/src" StructureKind="java"/><InteractionEvent Delta="null" EndDate="2014-09-15 23:05:28.814 JST" Interest="4.4570003" Kind="manipulation" Navigation="null" OriginId="org.eclipse.mylyn.core.model.interest.decay.correction" StartDate="2014-09-15 23:05:28.814 JST" StructureHandle="=TA2/src" StructureKind="java"/><InteractionEvent Delta="null" EndDate="2014-09-15 23:05:54.65 JST" Interest="2.0" Kind="propagation" Navigation="null" OriginId="org.eclipse.ui.views.ResourceNavigator" StartDate="2014-09-15 23:05:30.208 JST" StructureHandle="/TA2/src/ta2/adapters" StructureKind="resource" NumEvents="2" CreationCount="737"/><InteractionEvent Delta="null" EndDate="2014-09-15 19:06:37.207 JST" Interest="3.97" Kind="propagation" Navigation="org.eclipse.mylyn.core.model.edges.containment" OriginId="org.eclipse.mylyn.core.model.interest.propagation" StartDate="2014-09-15 19:06:05.77 JST" StructureHandle="=ShoppingList/src&amp;lt;sl.utils{DBUtils.java" StructureKind="java" NumEvents="7" CreationCount="61"/><InteractionEvent Delta="null" EndDate="2014-09-15 19:07:11.39 JST" Interest="4.0" Kind="selection" Navigation="null" OriginId="org.eclipse.jdt.ui.CompilationUnitEditor" StartDate="2014-09-15 19:05:56.776 JST" StructureHandle="=ShoppingList/src&amp;lt;sl.utils{DBUtils.java" StructureKind="java" NumEvents="4" CreationCount="61"/><InteractionEvent Delta="null" EndDate="2014-09-15 19:13:53.143 JST" Interest="1.0" Kind="edit" Navigation="null" OriginId="org.eclipse.jdt.ui.CompilationUnitEditor" StartDate="2014-09-15 19:13:53.143 JST" StructureHandle="=SL3/src&amp;lt;sl.utils{CONS.java[CONS[DB^cols_SI_full" StructureKind="java"/><InteractionEvent Delta="null" EndDate="2014-09-15 19:13:52.241 JST" Interest="2.0" Kind="selection" Navigation="null" OriginId="org.eclipse.jdt.ui.CompilationUnitEditor" StartDate="2014-09-15 19:12:49.480 JST" StructureHandle="=SL3/src&amp;lt;sl.utils{CONS.java[CONS[DB^cols_SI_full" StructureKind="java" NumEvents="2" CreationCount="260"/><InteractionEvent Delta="null" EndDate="2014-09-15 23:15:34.75 JST" Interest="6.0" Kind="edit" Navigation="null" OriginId="org.eclipse.jdt.ui.CompilationUnitEditor" StartDate="2014-09-15 19:08:38.205 JST" StructureHandle="=SL3/src&amp;lt;sl.utils{DBUtils.java[DBUtils" StructureKind="java" NumEvents="6" CreationCount="45"/><InteractionEvent Delta="null" EndDate="2014-09-15 23:09:00.955 JST" Interest="282.0" Kind="propagation" Navigation="org.eclipse.mylyn.core.model.edges.containment" OriginId="org.eclipse.mylyn.core.model.interest.propagation" StartDate="2014-09-15 19:05:24.307 JST" StructureHandle="=SL3/src&amp;lt;sl.utils{DBUtils.java[DBUtils" StructureKind="java" NumEvents="395" CreationCount="45"/><InteractionEvent Delta="null" EndDate="2014-09-15 23:15:34.71 JST" Interest="9.0" Kind="selection" Navigation="null" OriginId="org.eclipse.jdt.ui.CompilationUnitEditor" StartDate="2014-09-15 19:08:36.576 JST" StructureHandle="=SL3/src&amp;lt;sl.utils{DBUtils.java[DBUtils" StructureKind="java" NumEvents="9" CreationCount="45"/><InteractionEvent Delta="null" EndDate="2014-09-15 23:42:19.788 JST" Interest="107.0" Kind="edit" Navigation="null" OriginId="org.eclipse.jdt.ui.CompilationUnitEditor" StartDate="2014-09-15 19:04:53.536 JST" StructureHandle="=SL3/src&amp;lt;sl.utils{Methods.java[Methods~import_Data_SI~QActivity;~QDialog;~QDialog;~QDialog;" StructureKind="java" NumEvents="107" CreationCount="35"/><InteractionEvent Delta="null" EndDate="2014-09-15 23:42:19.151 JST" Interest="28.0" Kind="selection" Navigation="null" OriginId="org.eclipse.jdt.ui.CompilationUnitEditor" StartDate="2014-09-15 19:04:51.103 JST" StructureHandle="=SL3/src&amp;lt;sl.utils{Methods.java[Methods~import_Data_SI~QActivity;~QDialog;~QDialog;~QDialog;" StructureKind="java" NumEvents="28" CreationCount="35"/></InteractionHistory>