<?xml version="1.0" encoding="UTF-8"?><InteractionHistory Id="local-179" Version="1"><InteractionEvent Delta="null" EndDate="2014-10-28 11:19:18.942 JST" Interest="58.427994" Kind="propagation" Navigation="org.eclipse.mylyn.core.model.edges.containment" OriginId="org.eclipse.mylyn.core.model.interest.propagation" StartDate="2014-10-28 10:39:07.394 JST" StructureHandle="" StructureKind="java" NumEvents="63" CreationCount="1"/><InteractionEvent Delta="null" EndDate="2014-10-28 10:55:42.554 JST" Interest="1.0" Kind="selection" Navigation="null" OriginId="org.eclipse.jdt.ui.PackageExplorer" StartDate="2014-10-28 10:55:42.554 JST" StructureHandle="=CutPlanner_A/src&amp;lt;cp.views" StructureKind="java"/><InteractionEvent Delta="null" EndDate="2014-10-28 11:19:16.178 JST" Interest="13.251001" Kind="propagation" Navigation="org.eclipse.mylyn.core.model.edges.containment" OriginId="org.eclipse.mylyn.core.model.interest.propagation" StartDate="2014-10-28 10:55:44.60 JST" StructureHandle="=CutPlanner_A/src&amp;lt;cp.views" StructureKind="java" NumEvents="18" CreationCount="109"/><InteractionEvent Delta="null" EndDate="2014-10-28 10:39:21.653 JST" Interest="2.0" Kind="selection" Navigation="null" OriginId="org.eclipse.ui.views.ResourceNavigator" StartDate="2014-10-28 10:39:07.393 JST" StructureHandle="=SL3" StructureKind="java" NumEvents="2" CreationCount="1"/><InteractionEvent Delta="null" EndDate="2014-10-28 10:54:41.573 JST" Interest="1.0" Kind="selection" Navigation="null" OriginId="org.eclipse.jdt.ui.CompilationUnitEditor" StartDate="2014-10-28 10:54:41.573 JST" StructureHandle="=projects_Matsuoka/Step5\/05_FingerPaint\/src\/sample\/step5\/fingerpaint&amp;lt;{FingerPaintActivity.java[FingerPaintActivity^paint" StructureKind="java"/><InteractionEvent Delta="null" EndDate="2014-10-28 10:46:30.753 JST" Interest="1.0" Kind="selection" Navigation="null" OriginId="org.eclipse.ui.views.ResourceNavigator" StartDate="2014-10-28 10:46:30.753 JST" StructureHandle="/LM1/res/layout/actv_sensors.xml" StructureKind="resource"/><InteractionEvent Delta="null" EndDate="2014-10-28 11:08:37.146 JST" Interest="8.0" Kind="edit" Navigation="null" OriginId="com.android.ide.eclipse.editors.CommonXmlEditor" StartDate="2014-10-28 10:56:02.550 JST" StructureHandle="/CutPlanner_A/res/layout/actv_main_cv.xml" StructureKind="resource" NumEvents="8" CreationCount="115"/><InteractionEvent Delta="null" EndDate="2014-10-28 11:08:36.913 JST" Interest="6.0" Kind="selection" Navigation="null" OriginId="com.android.ide.eclipse.editors.CommonXmlEditor" StartDate="2014-10-28 10:56:01.791 JST" StructureHandle="/CutPlanner_A/res/layout/actv_main_cv.xml" StructureKind="resource" NumEvents="6" CreationCount="115"/><InteractionEvent Delta="null" EndDate="2014-10-28 11:19:16.178 JST" Interest="28.017" Kind="propagation" Navigation="org.eclipse.mylyn.core.model.edges.containment" OriginId="org.eclipse.mylyn.core.model.interest.propagation" StartDate="2014-10-28 10:55:42.555 JST" StructureHandle="/CutPlanner_A/src/cp/views" StructureKind="resource" NumEvents="29" CreationCount="109"/><InteractionEvent Delta="null" EndDate="2014-10-28 11:13:02.5 JST" Interest="5.7770004" Kind="propagation" Navigation="org.eclipse.mylyn.core.model.edges.containment" OriginId="org.eclipse.mylyn.core.model.interest.propagation" StartDate="2014-10-28 11:01:20.944 JST" StructureHandle="/TA2/src/ta2" StructureKind="resource" NumEvents="7" CreationCount="263"/><InteractionEvent Delta="null" EndDate="2014-10-28 10:47:09.840 JST" Interest="2.0" Kind="propagation" Navigation="org.eclipse.mylyn.core.model.edges.containment" OriginId="org.eclipse.mylyn.core.model.interest.propagation" StartDate="2014-10-28 10:46:30.150 JST" StructureHandle="=LM1/src&amp;lt;lm1.main{AcceleroActv.java[AcceleroActv" StructureKind="java" NumEvents="2" CreationCount="31"/><InteractionEvent Delta="null" EndDate="2014-10-28 10:46:55.715 JST" Interest="1.0" Kind="selection" Navigation="null" OriginId="org.eclipse.ui.views.ResourceNavigator" StartDate="2014-10-28 10:46:55.715 JST" StructureHandle="=SmartProgramingAndroid2-sample/&amp;lt;Chapter2.CanvasSample" StructureKind="java"/><InteractionEvent Delta="null" EndDate="2014-10-28 10:47:13.443 JST" Interest="2.017" Kind="propagation" Navigation="org.eclipse.mylyn.core.model.edges.containment" OriginId="org.eclipse.mylyn.core.model.interest.propagation" StartDate="2014-10-28 10:47:05.803 JST" StructureHandle="=SmartProgramingAndroid2-sample/&amp;lt;Chapter2.CanvasSample.src.example.android.graphics.canvas{CanvasView.java[CanvasView" StructureKind="java" NumEvents="3" CreationCount="53"/><InteractionEvent Delta="null" EndDate="2014-10-28 11:05:20.665 JST" Interest="3.0" Kind="selection" Navigation="null" OriginId="org.eclipse.jdt.ui.CompilationUnitEditor" StartDate="2014-10-28 11:00:00.321 JST" StructureHandle="=CutPlanner_A/src&amp;lt;cp.utils{Tags.java" StructureKind="java" NumEvents="3" CreationCount="219"/><InteractionEvent Delta="null" EndDate="2014-10-28 11:00:31.491 JST" Interest="2.9190001" Kind="propagation" Navigation="org.eclipse.mylyn.core.model.edges.containment" OriginId="org.eclipse.mylyn.core.model.interest.propagation" StartDate="2014-10-28 11:00:01.223 JST" StructureHandle="=CutPlanner_A/src&amp;lt;cp.utils{Tags.java" StructureKind="java" NumEvents="8" CreationCount="219"/><InteractionEvent Delta="null" EndDate="2014-10-28 10:55:06.509 JST" Interest="1.0" Kind="selection" Navigation="null" OriginId="org.eclipse.ui.views.ContentOutline" StartDate="2014-10-28 10:55:06.509 JST" StructureHandle="=projects_Matsuoka/Step5\/05_FingerPaint\/src\/sample\/step5\/fingerpaint&amp;lt;{FingerPaintActivity.java[FingerPaintActivity~onKeyDown~I~QKeyEvent;" StructureKind="java"/><InteractionEvent Delta="null" EndDate="2014-10-28 11:17:00.549 JST" Interest="1.0" Kind="edit" Navigation="null" OriginId="org.eclipse.jdt.ui.CompilationUnitEditor" StartDate="2014-10-28 11:17:00.549 JST" StructureHandle="=CutPlanner_A/src&amp;lt;cp.listeners.view{V_OTL.java[V_OTL" StructureKind="java"/><InteractionEvent Delta="null" EndDate="2014-10-28 11:19:41.523 JST" Interest="5.0" Kind="selection" Navigation="null" OriginId="org.eclipse.jdt.ui.CompilationUnitEditor" StartDate="2014-10-28 11:07:12.65 JST" StructureHandle="=CutPlanner_A/src&amp;lt;cp.listeners.view{V_OTL.java[V_OTL" StructureKind="java" NumEvents="5" CreationCount="321"/><InteractionEvent Delta="null" EndDate="2014-10-28 11:16:57.379 JST" Interest="136.6" Kind="propagation" Navigation="org.eclipse.mylyn.core.model.edges.containment" OriginId="org.eclipse.mylyn.core.model.interest.propagation" StartDate="2014-10-28 11:04:32.822 JST" StructureHandle="=CutPlanner_A/src&amp;lt;cp.listeners.view{V_OTL.java[V_OTL" StructureKind="java" NumEvents="190" CreationCount="321"/><InteractionEvent Delta="null" EndDate="2014-10-28 10:54:25.295 JST" Interest="1.0" Kind="selection" Navigation="null" OriginId="org.eclipse.ui.views.ResourceNavigator" StartDate="2014-10-28 10:54:25.295 JST" StructureHandle="=projects_Matsuoka/Step5\/05_FingerPaint\/src\/sample\/step5\/fingerpaint&amp;lt;{FileListAdapter.java" StructureKind="java"/><InteractionEvent Delta="null" EndDate="2014-10-28 10:46:54.818 JST" Interest="1.0" Kind="selection" Navigation="null" OriginId="org.eclipse.ui.views.ResourceNavigator" StartDate="2014-10-28 10:46:54.818 JST" StructureHandle="=SmartProgramingAndroid2-sample/&amp;lt;Chapter2.ColorBallSnapSample" StructureKind="java"/><InteractionEvent Delta="null" EndDate="2014-10-28 10:46:47.35 JST" Interest="1.0" Kind="selection" Navigation="null" OriginId="org.eclipse.ui.views.ResourceNavigator" StartDate="2014-10-28 10:46:47.35 JST" StructureHandle="=SmartProgramingAndroid2-sample/&amp;lt;Chapter0" StructureKind="java"/><InteractionEvent Delta="null" EndDate="2014-10-28 10:46:49.386 JST" Interest="1.0" Kind="selection" Navigation="null" OriginId="org.eclipse.ui.views.ResourceNavigator" StartDate="2014-10-28 10:46:49.386 JST" StructureHandle="=SmartProgramingAndroid2-sample/&amp;lt;Chapter1" StructureKind="java"/><InteractionEvent Delta="null" EndDate="2014-10-28 11:01:02.945 JST" Interest="4.0600004" Kind="propagation" Navigation="org.eclipse.mylyn.core.model.edges.containment" OriginId="org.eclipse.mylyn.core.model.interest.propagation" StartDate="2014-10-28 10:54:10.630 JST" StructureHandle="=projects_Matsuoka/" StructureKind="java" NumEvents="2" CreationCount="76"/><InteractionEvent Delta="null" EndDate="2014-10-28 10:47:00.277 JST" Interest="1.0" Kind="propagation" Navigation="null" OriginId="org.eclipse.ui.views.ResourceNavigator" StartDate="2014-10-28 10:47:00.277 JST" StructureHandle="/SmartProgramingAndroid2-sample/Chapter2/CanvasSample/src/example/android/graphics/canvas/CanvasActivity.java" StructureKind="resource"/><InteractionEvent Delta="null" EndDate="2014-10-28 10:47:29.812 JST" Interest="1.0" Kind="selection" Navigation="null" OriginId="org.eclipse.ui.views.ResourceNavigator" StartDate="2014-10-28 10:47:29.812 JST" StructureHandle="=SmartProgramingAndroid2-sample/&amp;lt;Chapter4" StructureKind="java"/><InteractionEvent Delta="null" EndDate="2014-10-28 10:47:30.771 JST" Interest="1.0" Kind="selection" Navigation="null" OriginId="org.eclipse.ui.views.ResourceNavigator" StartDate="2014-10-28 10:47:30.771 JST" StructureHandle="=SmartProgramingAndroid2-sample/&amp;lt;Chapter5" StructureKind="java"/><InteractionEvent Delta="null" EndDate="2014-10-28 11:17:27.650 JST" Interest="6.0" Kind="selection" Navigation="null" OriginId="org.eclipse.jdt.ui.CompilationUnitEditor" StartDate="2014-10-28 11:13:18.315 JST" StructureHandle="=IFM11/src&amp;lt;ifm11.items{MyView.java" StructureKind="java" NumEvents="6" CreationCount="545"/><InteractionEvent Delta="null" EndDate="2014-10-28 11:13:44.895 JST" Interest="2.4680004" Kind="propagation" Navigation="org.eclipse.mylyn.core.model.edges.containment" OriginId="org.eclipse.mylyn.core.model.interest.propagation" StartDate="2014-10-28 11:13:19.993 JST" StructureHandle="=IFM11/src&amp;lt;ifm11.items{MyView.java" StructureKind="java" NumEvents="8" CreationCount="545"/><InteractionEvent Delta="null" EndDate="2014-10-28 11:18:20.157 JST" Interest="1.0" Kind="edit" Navigation="null" OriginId="org.eclipse.jdt.ui.CompilationUnitEditor" StartDate="2014-10-28 11:18:20.157 JST" StructureHandle="=projects_Matsuoka/Step5\/05_FingerPaint\/src\/sample\/step5\/fingerpaint&amp;lt;{FingerPaintActivity.java[FingerPaintActivity" StructureKind="java"/><InteractionEvent Delta="null" EndDate="2014-10-28 11:19:15.247 JST" Interest="4.0" Kind="selection" Navigation="null" OriginId="org.eclipse.jdt.ui.CompilationUnitEditor" StartDate="2014-10-28 10:56:34.634 JST" StructureHandle="=projects_Matsuoka/Step5\/05_FingerPaint\/src\/sample\/step5\/fingerpaint&amp;lt;{FingerPaintActivity.java[FingerPaintActivity" StructureKind="java" NumEvents="4" CreationCount="87"/><InteractionEvent Delta="null" EndDate="2014-10-28 11:18:15.725 JST" Interest="16.653" Kind="propagation" Navigation="org.eclipse.mylyn.core.model.edges.containment" OriginId="org.eclipse.mylyn.core.model.interest.propagation" StartDate="2014-10-28 10:54:33.637 JST" StructureHandle="=projects_Matsuoka/Step5\/05_FingerPaint\/src\/sample\/step5\/fingerpaint&amp;lt;{FingerPaintActivity.java[FingerPaintActivity" StructureKind="java" NumEvents="24" CreationCount="87"/><InteractionEvent Delta="null" EndDate="2014-10-28 10:46:51.850 JST" Interest="1.0" Kind="selection" Navigation="null" OriginId="org.eclipse.ui.views.ResourceNavigator" StartDate="2014-10-28 10:46:51.850 JST" StructureHandle="=SmartProgramingAndroid2-sample/&amp;lt;Chapter2" StructureKind="java"/><InteractionEvent Delta="null" EndDate="2014-10-28 10:55:38.208 JST" Interest="18.102001" Kind="propagation" Navigation="org.eclipse.mylyn.core.model.edges.containment" OriginId="org.eclipse.mylyn.core.model.interest.propagation" StartDate="2014-10-28 10:39:35.296 JST" StructureHandle="/LM1/src/lm1" StructureKind="resource" NumEvents="21" CreationCount="7"/><InteractionEvent Delta="null" EndDate="2014-10-28 10:47:27.308 JST" Interest="1.0" Kind="selection" Navigation="null" OriginId="org.eclipse.ui.views.ResourceNavigator" StartDate="2014-10-28 10:47:27.308 JST" StructureHandle="=SmartProgramingAndroid2-sample/&amp;lt;Chapter3" StructureKind="java"/><InteractionEvent Delta="null" EndDate="2014-10-28 11:13:02.5 JST" Interest="5.6070004" Kind="propagation" Navigation="org.eclipse.mylyn.core.model.edges.containment" OriginId="org.eclipse.mylyn.core.model.interest.propagation" StartDate="2014-10-28 11:02:36.297 JST" StructureHandle="/TA2/src/ta2/listeners/dialog" StructureKind="resource" NumEvents="5" CreationCount="273"/><InteractionEvent Delta="null" EndDate="2014-10-28 10:46:47.36 JST" Interest="1.0" Kind="propagation" Navigation="null" OriginId="org.eclipse.ui.views.ResourceNavigator" StartDate="2014-10-28 10:46:47.36 JST" StructureHandle="/SmartProgramingAndroid2-sample/Chapter0" StructureKind="resource"/><InteractionEvent Delta="null" EndDate="2014-10-28 10:46:49.386 JST" Interest="1.0" Kind="propagation" Navigation="null" OriginId="org.eclipse.ui.views.ResourceNavigator" StartDate="2014-10-28 10:46:49.386 JST" StructureHandle="/SmartProgramingAndroid2-sample/Chapter1" StructureKind="resource"/><InteractionEvent Delta="null" EndDate="2014-10-28 11:17:27.949 JST" Interest="23.0" Kind="propagation" Navigation="org.eclipse.mylyn.core.model.edges.containment" OriginId="org.eclipse.mylyn.core.model.interest.propagation" StartDate="2014-10-28 11:13:18.316 JST" StructureHandle="=IFM11" StructureKind="resource" NumEvents="23" CreationCount="545"/><InteractionEvent Delta="null" EndDate="2014-10-28 10:47:29.813 JST" Interest="1.0" Kind="propagation" Navigation="null" OriginId="org.eclipse.ui.views.ResourceNavigator" StartDate="2014-10-28 10:47:29.813 JST" StructureHandle="/SmartProgramingAndroid2-sample/Chapter4" StructureKind="resource"/><InteractionEvent Delta="null" EndDate="2014-10-28 10:47:30.772 JST" Interest="1.0" Kind="propagation" Navigation="null" OriginId="org.eclipse.ui.views.ResourceNavigator" StartDate="2014-10-28 10:47:30.772 JST" StructureHandle="/SmartProgramingAndroid2-sample/Chapter5" StructureKind="resource"/><InteractionEvent Delta="null" EndDate="2014-10-28 11:16:39.831 JST" Interest="1.0" Kind="selection" Navigation="null" OriginId="org.eclipse.jdt.ui.CompilationUnitEditor" StartDate="2014-10-28 11:16:39.831 JST" StructureHandle="=CutPlanner_A/src&amp;lt;cp.listeners.view{V_OTL.java[V_OTL~V_OTL~QActivity;" StructureKind="java"/><InteractionEvent Delta="null" EndDate="2014-10-28 10:47:25.397 JST" Interest="7.153" Kind="propagation" Navigation="org.eclipse.mylyn.core.model.edges.containment" OriginId="org.eclipse.mylyn.core.model.interest.propagation" StartDate="2014-10-28 10:46:51.850 JST" StructureHandle="/SmartProgramingAndroid2-sample/Chapter2" StructureKind="resource" NumEvents="16" CreationCount="42"/><InteractionEvent Delta="null" EndDate="2014-10-28 10:58:01.678 JST" Interest="2.0" Kind="selection" Navigation="null" OriginId="org.eclipse.jdt.ui.CompilationUnitEditor" StartDate="2014-10-28 10:57:01.696 JST" StructureHandle="=CutPlanner_A/src&amp;lt;cp.views{CV.java[CV~CV~QContext;~QAttributeSet;" StructureKind="java" NumEvents="2" CreationCount="140"/><InteractionEvent Delta="null" EndDate="2014-10-28 10:47:29.161 JST" Interest="1.017" Kind="propagation" Navigation="org.eclipse.mylyn.core.model.edges.containment" OriginId="org.eclipse.mylyn.core.model.interest.propagation" StartDate="2014-10-28 10:47:27.308 JST" StructureHandle="/SmartProgramingAndroid2-sample/Chapter3" StructureKind="resource" NumEvents="2" CreationCount="67"/><InteractionEvent Delta="null" EndDate="2014-10-28 10:56:45.34 JST" Interest="1.0" Kind="selection" Navigation="null" OriginId="org.eclipse.jdt.ui.CompilationUnitEditor" StartDate="2014-10-28 10:56:45.34 JST" StructureHandle="=CutPlanner_A/src&amp;lt;cp.views{CV.java[CV|1" StructureKind="java"/><InteractionEvent Delta="null" EndDate="2014-10-28 10:47:36.354 JST" Interest="1.0" Kind="propagation" Navigation="null" OriginId="org.eclipse.ui.views.ResourceNavigator" StartDate="2014-10-28 10:47:36.354 JST" StructureHandle="/SmartProgramingAndroid2-sample/Chapter8" StructureKind="resource"/><InteractionEvent Delta="null" EndDate="2014-10-28 11:23:54.438 JST" Interest="492.853" Kind="propagation" Navigation="org.eclipse.mylyn.core.model.edges.containment" OriginId="org.eclipse.mylyn.core.model.interest.propagation" StartDate="2014-10-28 10:39:07.394 JST" StructureHandle="/" StructureKind="resource" NumEvents="495" CreationCount="1"/><InteractionEvent Delta="null" EndDate="2014-10-28 10:47:31.882 JST" Interest="1.0" Kind="propagation" Navigation="null" OriginId="org.eclipse.ui.views.ResourceNavigator" StartDate="2014-10-28 10:47:31.882 JST" StructureHandle="/SmartProgramingAndroid2-sample/Chapter6" StructureKind="resource"/><InteractionEvent Delta="null" EndDate="2014-10-28 11:04:16.110 JST" Interest="44.0" Kind="propagation" Navigation="null" OriginId="org.eclipse.jdt.ui.PackageExplorer" StartDate="2014-10-28 11:02:54.222 JST" StructureHandle="/CutPlanner_A/src/cp/listeners/view/DB_OTL.java" StructureKind="resource" NumEvents="44" CreationCount="277"/><InteractionEvent Delta="null" EndDate="2014-10-28 10:47:38.363 JST" Interest="1.0339999" Kind="propagation" Navigation="org.eclipse.mylyn.core.model.edges.containment" OriginId="org.eclipse.mylyn.core.model.interest.propagation" StartDate="2014-10-28 10:47:33.852 JST" StructureHandle="/SmartProgramingAndroid2-sample/Chapter7" StructureKind="resource" NumEvents="2" CreationCount="72"/><InteractionEvent Delta="null" EndDate="2014-10-28 11:13:02.4 JST" Interest="1.5730004" Kind="manipulation" Navigation="null" OriginId="org.eclipse.mylyn.core.model.interest.decay.correction" StartDate="2014-10-28 11:13:02.4 JST" StructureHandle="=TA2/src&amp;lt;ta2.listeners.dialog{DB_OTL.java" StructureKind="java"/><InteractionEvent Delta="null" EndDate="2014-10-28 11:13:02.4 JST" Interest="4.0" Kind="selection" Navigation="null" OriginId="org.eclipse.ui.views.ResourceNavigator" StartDate="2014-10-28 11:02:39.372 JST" StructureHandle="=TA2/src&amp;lt;ta2.listeners.dialog{DB_OTL.java" StructureKind="java" NumEvents="4" CreationCount="274"/><InteractionEvent Delta="null" EndDate="2014-10-28 10:40:35.176 JST" Interest="1.0" Kind="selection" Navigation="null" OriginId="org.eclipse.jdt.ui.CompilationUnitEditor" StartDate="2014-10-28 10:40:35.176 JST" StructureHandle="=LM1/src&amp;lt;lm1.views{CanvasView_4.java[CanvasView_4^RadialGradient_OFFSET_RED_X" StructureKind="java"/><InteractionEvent Delta="null" EndDate="2014-10-28 10:47:00.276 JST" Interest="1.0" Kind="selection" Navigation="null" OriginId="org.eclipse.ui.views.ResourceNavigator" StartDate="2014-10-28 10:47:00.276 JST" StructureHandle="=SmartProgramingAndroid2-sample/&amp;lt;Chapter2.CanvasSample.src.example.android.graphics.canvas{CanvasActivity.java" StructureKind="java"/><InteractionEvent Delta="null" EndDate="2014-10-28 11:00:49.825 JST" Interest="1.0" Kind="selection" Navigation="null" OriginId="org.eclipse.jdt.ui.PackageExplorer" StartDate="2014-10-28 11:00:49.825 JST" StructureHandle="/CutPlanner_A/res/drawable-hdpi" StructureKind="resource"/><InteractionEvent Delta="null" EndDate="2014-10-28 10:47:29.161 JST" Interest="1.0" Kind="selection" Navigation="null" OriginId="org.eclipse.ui.views.ResourceNavigator" StartDate="2014-10-28 10:47:29.161 JST" StructureHandle="=SmartProgramingAndroid2-sample/&amp;lt;Chapter3.PianoTouchSample" StructureKind="java"/><InteractionEvent Delta="null" EndDate="2014-10-28 11:19:16.312 JST" Interest="22.404" Kind="propagation" Navigation="org.eclipse.mylyn.core.model.edges.containment" OriginId="org.eclipse.mylyn.core.model.interest.propagation" StartDate="2014-10-28 10:54:25.296 JST" StructureHandle="=projects_Matsuoka/Step5\/05_FingerPaint\/src\/sample\/step5\/fingerpaint&amp;lt;" StructureKind="java" NumEvents="31" CreationCount="84"/><InteractionEvent Delta="null" EndDate="2014-10-28 11:23:54.438 JST" Interest="326.686" Kind="propagation" Navigation="org.eclipse.mylyn.core.model.edges.containment" OriginId="org.eclipse.mylyn.core.model.interest.propagation" StartDate="2014-10-28 10:55:42.555 JST" StructureHandle="/CutPlanner_A/src/cp" StructureKind="resource" NumEvents="329" CreationCount="109"/><InteractionEvent Delta="null" EndDate="2014-10-28 11:03:01.639 JST" Interest="1.0" Kind="selection" Navigation="null" OriginId="org.eclipse.jdt.ui.CompilationUnitEditor" StartDate="2014-10-28 11:03:01.639 JST" StructureHandle="=CutPlanner_A/src&amp;lt;cp.listeners.view{DB_OTL.java#ta2.main.R" StructureKind="java"/><InteractionEvent Delta="null" EndDate="2014-10-28 11:18:15.724 JST" Interest="15.0" Kind="edit" Navigation="null" OriginId="org.eclipse.jdt.ui.CompilationUnitEditor" StartDate="2014-10-28 10:55:24.120 JST" StructureHandle="=projects_Matsuoka/Step5\/05_FingerPaint\/src\/sample\/step5\/fingerpaint&amp;lt;{FingerPaintActivity.java[FingerPaintActivity~onTouch~QView;~QMotionEvent;" StructureKind="java" NumEvents="15" CreationCount="96"/><InteractionEvent Delta="null" EndDate="2014-10-28 11:18:12.283 JST" Interest="8.0" Kind="selection" Navigation="null" OriginId="org.eclipse.jdt.ui.CompilationUnitEditor" StartDate="2014-10-28 10:55:23.591 JST" StructureHandle="=projects_Matsuoka/Step5\/05_FingerPaint\/src\/sample\/step5\/fingerpaint&amp;lt;{FingerPaintActivity.java[FingerPaintActivity~onTouch~QView;~QMotionEvent;" StructureKind="java" NumEvents="8" CreationCount="96"/><InteractionEvent Delta="null" EndDate="2014-10-28 11:19:16.311 JST" Interest="12.0" Kind="selection" Navigation="null" OriginId="org.eclipse.jdt.ui.CompilationUnitEditor" StartDate="2014-10-28 10:54:31.716 JST" StructureHandle="=projects_Matsuoka/Step5\/05_FingerPaint\/src\/sample\/step5\/fingerpaint&amp;lt;{FingerPaintActivity.java" StructureKind="java" NumEvents="12" CreationCount="85"/><InteractionEvent Delta="null" EndDate="2014-10-28 11:18:20.158 JST" Interest="10.386999" Kind="propagation" Navigation="org.eclipse.mylyn.core.model.edges.containment" OriginId="org.eclipse.mylyn.core.model.interest.propagation" StartDate="2014-10-28 10:54:44.141 JST" StructureHandle="=projects_Matsuoka/Step5\/05_FingerPaint\/src\/sample\/step5\/fingerpaint&amp;lt;{FingerPaintActivity.java" StructureKind="java" NumEvents="17" CreationCount="85"/><InteractionEvent Delta="null" EndDate="2014-10-28 11:13:22.289 JST" Interest="2.0" Kind="selection" Navigation="null" OriginId="org.eclipse.ui.views.ContentOutline" StartDate="2014-10-28 11:13:19.992 JST" StructureHandle="=IFM11/src&amp;lt;ifm11.items{MyView.java[MyView~MyView~QContext;" StructureKind="java" NumEvents="2" CreationCount="546"/><InteractionEvent Delta="null" EndDate="2014-10-28 10:58:11.636 JST" Interest="1.0" Kind="selection" Navigation="null" OriginId="org.eclipse.jdt.ui.PackageExplorer" StartDate="2014-10-28 10:58:11.636 JST" StructureHandle="=CutPlanner_A/src&amp;lt;cp.main" StructureKind="java"/><InteractionEvent Delta="null" EndDate="2014-10-28 11:17:53.466 JST" Interest="72.085" Kind="propagation" Navigation="org.eclipse.mylyn.core.model.edges.containment" OriginId="org.eclipse.mylyn.core.model.interest.propagation" StartDate="2014-10-28 10:58:13.417 JST" StructureHandle="=CutPlanner_A/src&amp;lt;cp.main" StructureKind="java" NumEvents="104" CreationCount="145"/><InteractionEvent Delta="null" EndDate="2014-10-28 11:03:04.835 JST" Interest="1.0" Kind="selection" Navigation="null" OriginId="org.eclipse.jdt.ui.CompilationUnitEditor" StartDate="2014-10-28 11:03:04.835 JST" StructureHandle="=CutPlanner_A/src&amp;lt;cp.listeners.view{DB_OTL.java#android.app.Activity" StructureKind="java"/><InteractionEvent Delta="null" EndDate="2014-10-28 11:02:36.297 JST" Interest="1.0" Kind="selection" Navigation="null" OriginId="org.eclipse.ui.views.ResourceNavigator" StartDate="2014-10-28 11:02:36.297 JST" StructureHandle="=TA2/src&amp;lt;ta2.listeners.dialog" StructureKind="java"/><InteractionEvent Delta="null" EndDate="2014-10-28 11:13:02.5 JST" Interest="4.5900006" Kind="propagation" Navigation="org.eclipse.mylyn.core.model.edges.containment" OriginId="org.eclipse.mylyn.core.model.interest.propagation" StartDate="2014-10-28 11:02:39.373 JST" StructureHandle="=TA2/src&amp;lt;ta2.listeners.dialog" StructureKind="java" NumEvents="4" CreationCount="273"/><InteractionEvent Delta="null" EndDate="2014-10-28 11:00:02.39 JST" Interest="1.0" Kind="selection" Navigation="null" OriginId="org.eclipse.jdt.ui.CompilationUnitEditor" StartDate="2014-10-28 11:00:02.39 JST" StructureHandle="=CutPlanner_A/src&amp;lt;cp.utils{Tags.java[Tags[DialogTags" StructureKind="java"/><InteractionEvent Delta="null" EndDate="2014-10-28 10:54:24.428 JST" Interest="1.0" Kind="selection" Navigation="null" OriginId="org.eclipse.ui.views.ResourceNavigator" StartDate="2014-10-28 10:54:24.428 JST" StructureHandle="/projects_Matsuoka/Step5/05_FingerPaint/src/sample" StructureKind="resource"/><InteractionEvent Delta="null" EndDate="2014-10-28 11:19:18.939 JST" Interest="56.068" Kind="propagation" Navigation="org.eclipse.mylyn.core.model.edges.containment" OriginId="org.eclipse.mylyn.core.model.interest.propagation" StartDate="2014-10-28 10:54:25.156 JST" StructureHandle="/projects_Matsuoka/Step5/05_FingerPaint/src/sample" StructureKind="resource" NumEvents="60" CreationCount="81"/><InteractionEvent Delta="null" EndDate="2014-10-28 11:00:28.135 JST" Interest="1.0" Kind="selection" Navigation="null" OriginId="org.eclipse.jdt.ui.CompilationUnitEditor" StartDate="2014-10-28 11:00:28.135 JST" StructureHandle="=CutPlanner_A/src&amp;lt;cp.utils{Tags.java[Tags[ViewTags^C" StructureKind="java"/><InteractionEvent Delta="null" EndDate="2014-10-28 11:03:18.409 JST" Interest="2.0" Kind="selection" Navigation="null" OriginId="org.eclipse.jdt.ui.CompilationUnitEditor" StartDate="2014-10-28 11:03:18.406 JST" StructureHandle="=CutPlanner_A/src&amp;lt;cp.listeners.view{DB_OTL.java[DB_OTL~DB_OTL~QActivity;" StructureKind="java" NumEvents="2" CreationCount="288"/><InteractionEvent Delta="null" EndDate="2014-10-28 11:02:47.954 JST" Interest="4.0" Kind="selection" Navigation="null" OriginId="org.eclipse.jdt.ui.PackageExplorer" StartDate="2014-10-28 11:00:52.799 JST" StructureHandle="=CutPlanner_A/src&amp;lt;cp.listeners.dialog" StructureKind="java" NumEvents="4" CreationCount="253"/><InteractionEvent Delta="null" EndDate="2014-10-28 10:46:44.799 JST" Interest="1.0" Kind="selection" Navigation="null" OriginId="org.eclipse.ui.views.ResourceNavigator" StartDate="2014-10-28 10:46:44.799 JST" StructureHandle="=SmartProgramingAndroid2-sample" StructureKind="java"/><InteractionEvent Delta="null" EndDate="2014-10-28 10:47:25.397 JST" Interest="6.2209997" Kind="propagation" Navigation="org.eclipse.mylyn.core.model.edges.containment" OriginId="org.eclipse.mylyn.core.model.interest.propagation" StartDate="2014-10-28 10:46:47.36 JST" StructureHandle="=SmartProgramingAndroid2-sample" StructureKind="resource" NumEvents="19" CreationCount="38"/><InteractionEvent Delta="null" EndDate="2014-10-28 10:54:10.630 JST" Interest="1.0" Kind="selection" Navigation="null" OriginId="org.eclipse.ui.views.ResourceNavigator" StartDate="2014-10-28 10:54:10.630 JST" StructureHandle="=projects_Matsuoka/&amp;lt;Step5" StructureKind="java"/><InteractionEvent Delta="null" EndDate="2014-10-28 11:19:18.936 JST" Interest="1.2730007" Kind="manipulation" Navigation="null" OriginId="org.eclipse.mylyn.core.model.interest.decay.correction" StartDate="2014-10-28 11:19:18.936 JST" StructureHandle="=projects_Matsuoka/Step5\/05_FingerPaint\/src\/sample\/step5\/fingerpaint&amp;lt;{FingerPaintActivity.java[FingerPaintActivity~onCreate~QBundle;" StructureKind="java"/><InteractionEvent Delta="null" EndDate="2014-10-28 11:19:18.939 JST" Interest="3.0" Kind="edit" Navigation="null" OriginId="org.eclipse.jdt.ui.CompilationUnitEditor" StartDate="2014-10-28 10:54:46.302 JST" StructureHandle="=projects_Matsuoka/Step5\/05_FingerPaint\/src\/sample\/step5\/fingerpaint&amp;lt;{FingerPaintActivity.java[FingerPaintActivity~onCreate~QBundle;" StructureKind="java" NumEvents="3" CreationCount="87"/><InteractionEvent Delta="null" EndDate="2014-10-28 11:19:18.936 JST" Interest="8.0" Kind="selection" Navigation="null" OriginId="org.eclipse.jdt.ui.CompilationUnitEditor" StartDate="2014-10-28 10:54:33.636 JST" StructureHandle="=projects_Matsuoka/Step5\/05_FingerPaint\/src\/sample\/step5\/fingerpaint&amp;lt;{FingerPaintActivity.java[FingerPaintActivity~onCreate~QBundle;" StructureKind="java" NumEvents="8" CreationCount="87"/><InteractionEvent Delta="null" EndDate="2014-10-28 11:14:47.819 JST" Interest="1.0" Kind="selection" Navigation="null" OriginId="org.eclipse.jdt.ui.CompilationUnitEditor" StartDate="2014-10-28 11:14:47.819 JST" StructureHandle="=IFM11/src&amp;lt;ifm11.items{MyView.java[MyView^onScaleGestureListener[~onScaleBegin~QScaleGestureDetector;" StructureKind="java"/><InteractionEvent Delta="null" EndDate="2014-10-28 11:17:53.350 JST" Interest="8.0" Kind="selection" Navigation="null" OriginId="org.eclipse.jdt.ui.CompilationUnitEditor" StartDate="2014-10-28 10:58:13.417 JST" StructureHandle="=CutPlanner_A/src&amp;lt;cp.main{MainActv.java" StructureKind="java" NumEvents="8" CreationCount="146"/><InteractionEvent Delta="null" EndDate="2014-10-28 11:17:53.465 JST" Interest="65.068" Kind="propagation" Navigation="org.eclipse.mylyn.core.model.edges.containment" OriginId="org.eclipse.mylyn.core.model.interest.propagation" StartDate="2014-10-28 10:58:17.62 JST" StructureHandle="=CutPlanner_A/src&amp;lt;cp.main{MainActv.java" StructureKind="java" NumEvents="94" CreationCount="146"/><InteractionEvent Delta="null" EndDate="2014-10-28 11:20:53.716 JST" Interest="4.0" Kind="prediction" Navigation="null" OriginId="org.eclipse.mylyn.resources.ui.interest.updater" StartDate="2014-10-28 11:09:10.977 JST" StructureHandle="/CutPlanner_A/bin/CutPlanner_A.apk" StructureKind="resource" NumEvents="4" CreationCount="470"/><InteractionEvent Delta="null" EndDate="2014-10-28 10:47:38.363 JST" Interest="28.0" Kind="propagation" Navigation="null" OriginId="org.eclipse.ui.views.ResourceNavigator" StartDate="2014-10-28 10:46:44.799 JST" StructureHandle="/SmartProgramingAndroid2-sample" StructureKind="resource" NumEvents="28" CreationCount="38"/><InteractionEvent Delta="null" EndDate="2014-10-28 11:03:13.360 JST" Interest="1.0" Kind="selection" Navigation="null" OriginId="org.eclipse.ui.views.ContentOutline" StartDate="2014-10-28 11:03:13.360 JST" StructureHandle="=CutPlanner_A/src&amp;lt;cp.listeners.view{DB_OTL.java[DB_OTL~DB_OTL~QActivity;~QDialog;~QDialog;" StructureKind="java"/><InteractionEvent Delta="null" EndDate="2014-10-28 11:19:16.313 JST" Interest="22.404" Kind="propagation" Navigation="org.eclipse.mylyn.core.model.edges.containment" OriginId="org.eclipse.mylyn.core.model.interest.propagation" StartDate="2014-10-28 10:54:25.297 JST" StructureHandle="=projects_Matsuoka/Step5\/05_FingerPaint\/src\/sample\/step5\/fingerpaint" StructureKind="java" NumEvents="31" CreationCount="84"/><InteractionEvent Delta="null" EndDate="2014-10-28 10:47:25.306 JST" Interest="6.034" Kind="propagation" Navigation="org.eclipse.mylyn.core.model.edges.containment" OriginId="org.eclipse.mylyn.core.model.interest.propagation" StartDate="2014-10-28 10:47:00.148 JST" StructureHandle="/SmartProgramingAndroid2-sample/Chapter2/CanvasSample/src/example/android/graphics/canvas" StructureKind="resource" NumEvents="8" CreationCount="49"/><InteractionEvent Delta="null" EndDate="2014-10-28 10:54:22.777 JST" Interest="2.0" Kind="selection" Navigation="null" OriginId="org.eclipse.ui.views.ResourceNavigator" StartDate="2014-10-28 10:54:16.671 JST" StructureHandle="/projects_Matsuoka/Step5/05_FingerPaint/src" StructureKind="resource" NumEvents="2" CreationCount="79"/><InteractionEvent Delta="null" EndDate="2014-10-28 11:19:18.940 JST" Interest="55.101997" Kind="propagation" Navigation="org.eclipse.mylyn.core.model.edges.containment" OriginId="org.eclipse.mylyn.core.model.interest.propagation" StartDate="2014-10-28 10:54:32.2 JST" StructureHandle="/projects_Matsuoka/Step5/05_FingerPaint/src" StructureKind="resource" NumEvents="56" CreationCount="79"/><InteractionEvent Delta="null" EndDate="2014-10-28 11:20:53.716 JST" Interest="4.0" Kind="propagation" Navigation="org.eclipse.mylyn.core.model.edges.containment" OriginId="org.eclipse.mylyn.core.model.interest.propagation" StartDate="2014-10-28 11:09:10.977 JST" StructureHandle="/CutPlanner_A/bin" StructureKind="resource" NumEvents="4" CreationCount="470"/><InteractionEvent Delta="null" EndDate="2014-10-28 10:55:40.737 JST" Interest="0.7850001" Kind="manipulation" Navigation="null" OriginId="org.eclipse.mylyn.core.model.interest.decay.correction" StartDate="2014-10-28 10:55:40.737 JST" StructureHandle="=CutPlanner_A/src" StructureKind="java"/><InteractionEvent Delta="null" EndDate="2014-10-28 11:01:46.380 JST" Interest="5.0" Kind="selection" Navigation="null" OriginId="org.eclipse.jdt.ui.PackageExplorer" StartDate="2014-10-28 10:39:10.69 JST" StructureHandle="=CutPlanner_A/src" StructureKind="java" NumEvents="5" CreationCount="2"/><InteractionEvent Delta="null" EndDate="2014-10-28 11:20:25.893 JST" Interest="144.93803" Kind="propagation" Navigation="org.eclipse.mylyn.core.model.edges.containment" OriginId="org.eclipse.mylyn.core.model.interest.propagation" StartDate="2014-10-28 10:55:42.555 JST" StructureHandle="=CutPlanner_A/src" StructureKind="java" NumEvents="212" CreationCount="2"/><InteractionEvent Delta="null" EndDate="2014-10-28 10:46:58.300 JST" Interest="1.0" Kind="selection" Navigation="null" OriginId="org.eclipse.ui.views.ResourceNavigator" StartDate="2014-10-28 10:46:58.300 JST" StructureHandle="=SmartProgramingAndroid2-sample/&amp;lt;Chapter2.CanvasSample.src" StructureKind="java"/><InteractionEvent Delta="null" EndDate="2014-10-28 11:23:54.439 JST" Interest="325.0" Kind="propagation" Navigation="null" OriginId="org.eclipse.jdt.ui.CompilationUnitEditor" StartDate="2014-10-28 11:02:06.728 JST" StructureHandle="/CutPlanner_A/src/cp/listeners/view" StructureKind="resource" NumEvents="325" CreationCount="267"/><InteractionEvent Delta="null" EndDate="2014-10-28 10:55:38.207 JST" Interest="4.0" Kind="edit" Navigation="null" OriginId="org.eclipse.jdt.ui.CompilationUnitEditor" StartDate="2014-10-28 10:47:19.33 JST" StructureHandle="=LM1/src&amp;lt;lm1.views{CanvasView_4.java[CanvasView_4~_clear" StructureKind="java" NumEvents="4" CreationCount="61"/><InteractionEvent Delta="null" EndDate="2014-10-28 10:55:35.240 JST" Interest="2.0" Kind="selection" Navigation="null" OriginId="org.eclipse.jdt.ui.CompilationUnitEditor" StartDate="2014-10-28 10:47:14.751 JST" StructureHandle="=LM1/src&amp;lt;lm1.views{CanvasView_4.java[CanvasView_4~_clear" StructureKind="java" NumEvents="2" CreationCount="61"/><InteractionEvent Delta="null" EndDate="2014-10-28 11:13:26.410 JST" Interest="2.0" Kind="selection" Navigation="null" OriginId="org.eclipse.jdt.ui.CompilationUnitEditor" StartDate="2014-10-28 11:13:24.346 JST" StructureHandle="=IFM11/src&amp;lt;ifm11.items{MyView.java[MyView^onScaleGestureListener" StructureKind="java" NumEvents="2" CreationCount="548"/><InteractionEvent Delta="null" EndDate="2014-10-28 11:15:27.377 JST" Interest="0.0059999228" Kind="propagation" Navigation="org.eclipse.mylyn.core.model.edges.containment" OriginId="org.eclipse.mylyn.core.model.interest.propagation" StartDate="2014-10-28 11:15:27.377 JST" StructureHandle="=IFM11/src&amp;lt;ifm11.items{MyView.java[MyView^onScaleGestureListener" StructureKind="java"/><InteractionEvent Delta="null" EndDate="2014-10-28 10:47:33.851 JST" Interest="1.0" Kind="selection" Navigation="null" OriginId="org.eclipse.ui.views.ResourceNavigator" StartDate="2014-10-28 10:47:33.851 JST" StructureHandle="=SmartProgramingAndroid2-sample/&amp;lt;Chapter7" StructureKind="java"/><InteractionEvent Delta="null" EndDate="2014-10-28 11:09:36.398 JST" Interest="1.0" Kind="propagation" Navigation="org.eclipse.mylyn.core.model.edges.containment" OriginId="org.eclipse.mylyn.core.model.interest.propagation" StartDate="2014-10-28 11:09:36.398 JST" StructureHandle="=CutPlanner_A/gen" StructureKind="java"/><InteractionEvent Delta="null" EndDate="2014-10-28 10:47:31.881 JST" Interest="1.0" Kind="selection" Navigation="null" OriginId="org.eclipse.ui.views.ResourceNavigator" StartDate="2014-10-28 10:47:31.881 JST" StructureHandle="=SmartProgramingAndroid2-sample/&amp;lt;Chapter6" StructureKind="java"/><InteractionEvent Delta="null" EndDate="2014-10-28 10:47:36.354 JST" Interest="1.0" Kind="selection" Navigation="null" OriginId="org.eclipse.ui.views.ResourceNavigator" StartDate="2014-10-28 10:47:36.354 JST" StructureHandle="=SmartProgramingAndroid2-sample/&amp;lt;Chapter8" StructureKind="java"/><InteractionEvent Delta="null" EndDate="2014-10-28 10:39:45.677 JST" Interest="1.0" Kind="selection" Navigation="null" OriginId="org.eclipse.ui.views.ResourceNavigator" StartDate="2014-10-28 10:39:45.677 JST" StructureHandle="=LM1/src&amp;lt;lm1.views" StructureKind="java"/><InteractionEvent Delta="null" EndDate="2014-10-28 10:55:35.140 JST" Interest="6.017" Kind="propagation" Navigation="org.eclipse.mylyn.core.model.edges.containment" OriginId="org.eclipse.mylyn.core.model.interest.propagation" StartDate="2014-10-28 10:39:47.911 JST" StructureHandle="=LM1/src&amp;lt;lm1.views" StructureKind="java" NumEvents="8" CreationCount="12"/><InteractionEvent Delta="null" EndDate="2014-10-28 10:47:38.363 JST" Interest="1.0" Kind="propagation" Navigation="null" OriginId="org.eclipse.ui.views.ResourceNavigator" StartDate="2014-10-28 10:47:38.363 JST" StructureHandle="/SmartProgramingAndroid2-sample/Chapter7/PictureJumpSample" StructureKind="resource"/><InteractionEvent Delta="null" EndDate="2014-10-28 11:16:57.378 JST" Interest="178.0" Kind="edit" Navigation="null" OriginId="org.eclipse.jdt.ui.CompilationUnitEditor" StartDate="2014-10-28 11:04:32.844 JST" StructureHandle="=CutPlanner_A/src&amp;lt;cp.listeners.view{V_OTL.java[V_OTL~onTouchEvent~QMotionEvent;" StructureKind="java" NumEvents="178" CreationCount="321"/><InteractionEvent Delta="null" EndDate="2014-10-28 11:16:55.790 JST" Interest="14.0" Kind="selection" Navigation="null" OriginId="org.eclipse.jdt.ui.CompilationUnitEditor" StartDate="2014-10-28 11:04:32.822 JST" StructureHandle="=CutPlanner_A/src&amp;lt;cp.listeners.view{V_OTL.java[V_OTL~onTouchEvent~QMotionEvent;" StructureKind="java" NumEvents="14" CreationCount="321"/><InteractionEvent Delta="null" EndDate="2014-10-28 11:19:18.942 JST" Interest="69.0" Kind="propagation" Navigation="null" OriginId="org.eclipse.jdt.ui.CompilationUnitEditor" StartDate="2014-10-28 10:54:06.143 JST" StructureHandle="/projects_Matsuoka" StructureKind="resource" NumEvents="69" CreationCount="75"/><InteractionEvent Delta="null" EndDate="2014-10-28 10:55:38.208 JST" Interest="18.017" Kind="propagation" Navigation="org.eclipse.mylyn.core.model.edges.containment" OriginId="org.eclipse.mylyn.core.model.interest.propagation" StartDate="2014-10-28 10:39:45.677 JST" StructureHandle="/LM1/src/lm1/views" StructureKind="resource" NumEvents="19" CreationCount="12"/><InteractionEvent Delta="null" EndDate="2014-10-28 11:01:20.944 JST" Interest="1.0" Kind="selection" Navigation="null" OriginId="org.eclipse.ui.views.ResourceNavigator" StartDate="2014-10-28 11:01:20.944 JST" StructureHandle="=TA2/src&amp;lt;ta2" StructureKind="java"/><InteractionEvent Delta="null" EndDate="2014-10-28 11:19:16.178 JST" Interest="28.0" Kind="propagation" Navigation="null" OriginId="org.eclipse.jdt.ui.CompilationUnitEditor" StartDate="2014-10-28 10:55:44.60 JST" StructureHandle="/CutPlanner_A/src/cp/views/CV.java" StructureKind="resource" NumEvents="28" CreationCount="110"/><InteractionEvent Delta="null" EndDate="2014-10-28 11:01:08.662 JST" Interest="47.0" Kind="propagation" Navigation="null" OriginId="org.eclipse.ui.views.ResourceNavigator" StartDate="2014-10-28 10:39:25.571 JST" StructureHandle="/LM1" StructureKind="resource" NumEvents="47" CreationCount="5"/><InteractionEvent Delta="null" EndDate="2014-10-28 11:09:36.397 JST" Interest="1.0" Kind="propagation" Navigation="org.eclipse.mylyn.core.model.edges.containment" OriginId="org.eclipse.mylyn.core.model.interest.propagation" StartDate="2014-10-28 11:09:36.397 JST" StructureHandle="/CutPlanner_A/gen/cp" StructureKind="resource"/><InteractionEvent Delta="null" EndDate="2014-10-28 11:17:27.949 JST" Interest="23.0" Kind="propagation" Navigation="org.eclipse.mylyn.core.model.edges.containment" OriginId="org.eclipse.mylyn.core.model.interest.propagation" StartDate="2014-10-28 11:13:18.316 JST" StructureHandle="/IFM11/src" StructureKind="resource" NumEvents="23" CreationCount="545"/><InteractionEvent Delta="null" EndDate="2014-10-28 11:01:08.661 JST" Interest="5.0" Kind="selection" Navigation="null" OriginId="org.eclipse.ui.views.ResourceNavigator" StartDate="2014-10-28 10:39:25.571 JST" StructureHandle="=LM1" StructureKind="java" NumEvents="5" CreationCount="5"/><InteractionEvent Delta="null" EndDate="2014-10-28 10:55:38.208 JST" Interest="24.067999" Kind="propagation" Navigation="org.eclipse.mylyn.core.model.edges.containment" OriginId="org.eclipse.mylyn.core.model.interest.propagation" StartDate="2014-10-28 10:39:32.811 JST" StructureHandle="=LM1" StructureKind="resource" NumEvents="30" CreationCount="5"/><InteractionEvent Delta="null" EndDate="2014-10-28 11:17:27.949 JST" Interest="23.0" Kind="propagation" Navigation="org.eclipse.mylyn.core.model.edges.containment" OriginId="org.eclipse.mylyn.core.model.interest.propagation" StartDate="2014-10-28 11:13:18.315 JST" StructureHandle="/IFM11/src/ifm11" StructureKind="resource" NumEvents="23" CreationCount="545"/><InteractionEvent Delta="null" EndDate="2014-10-28 11:13:02.5 JST" Interest="1.5900002" Kind="manipulation" Navigation="null" OriginId="org.eclipse.mylyn.core.model.interest.decay.correction" StartDate="2014-10-28 11:13:02.5 JST" StructureHandle="/TA2/src/ta2/listeners/dialog/DB_OTL.java" StructureKind="resource"/><InteractionEvent Delta="null" EndDate="2014-10-28 11:13:02.5 JST" Interest="4.0" Kind="propagation" Navigation="null" OriginId="org.eclipse.ui.views.ResourceNavigator" StartDate="2014-10-28 11:02:39.373 JST" StructureHandle="/TA2/src/ta2/listeners/dialog/DB_OTL.java" StructureKind="resource" NumEvents="4" CreationCount="274"/><InteractionEvent Delta="null" EndDate="2014-10-28 10:46:26.385 JST" Interest="1.0" Kind="edit" Navigation="null" OriginId="org.eclipse.jdt.ui.CompilationUnitEditor" StartDate="2014-10-28 10:46:26.385 JST" StructureHandle="=LM1/src&amp;lt;lm1.views{CanvasView_4.java[CanvasView_4~_Setup_Drawables" StructureKind="java"/><InteractionEvent Delta="null" EndDate="2014-10-28 10:47:13.477 JST" Interest="3.0" Kind="selection" Navigation="null" OriginId="org.eclipse.ui.views.ContentOutline" StartDate="2014-10-28 10:46:04.756 JST" StructureHandle="=LM1/src&amp;lt;lm1.views{CanvasView_4.java[CanvasView_4~_Setup_Drawables" StructureKind="java" NumEvents="3" CreationCount="28"/><InteractionEvent Delta="null" EndDate="2014-10-28 11:00:07.865 JST" Interest="1.0" Kind="selection" Navigation="null" OriginId="org.eclipse.jdt.ui.CompilationUnitEditor" StartDate="2014-10-28 11:00:07.865 JST" StructureHandle="=CutPlanner_A/src&amp;lt;cp.utils{Tags.java[Tags[TVTags" StructureKind="java"/><InteractionEvent Delta="null" EndDate="2014-10-28 11:02:29.850 JST" Interest="2.0" Kind="selection" Navigation="null" OriginId="org.eclipse.ui.views.ResourceNavigator" StartDate="2014-10-28 11:01:22.691 JST" StructureHandle="=TA2/src&amp;lt;ta2.listeners" StructureKind="java" NumEvents="2" CreationCount="264"/><InteractionEvent Delta="null" EndDate="2014-10-28 10:55:38.209 JST" Interest="28.050999" Kind="propagation" Navigation="null" OriginId="org.eclipse.jdt.ui.CompilationUnitEditor" StartDate="2014-10-28 10:39:32.811 JST" StructureHandle="/LM1/src" StructureKind="resource" NumEvents="31" CreationCount="6"/><InteractionEvent Delta="null" EndDate="2014-10-28 10:47:09.840 JST" Interest="8.017" Kind="propagation" Navigation="org.eclipse.mylyn.core.model.edges.containment" OriginId="org.eclipse.mylyn.core.model.interest.propagation" StartDate="2014-10-28 10:39:37.307 JST" StructureHandle="/LM1/src/lm1/main" StructureKind="resource" NumEvents="9" CreationCount="8"/><InteractionEvent Delta="null" EndDate="2014-10-28 11:20:53.716 JST" Interest="4.0" Kind="prediction" Navigation="null" OriginId="org.eclipse.mylyn.resources.ui.interest.updater" StartDate="2014-10-28 11:09:10.977 JST" StructureHandle="/CutPlanner_A/bin/classes.dex" StructureKind="resource" NumEvents="4" CreationCount="470"/><InteractionEvent Delta="null" EndDate="2014-10-28 11:17:27.652 JST" Interest="8.468" Kind="propagation" Navigation="org.eclipse.mylyn.core.model.edges.containment" OriginId="org.eclipse.mylyn.core.model.interest.propagation" StartDate="2014-10-28 11:13:18.316 JST" StructureHandle="=IFM11/src" StructureKind="java" NumEvents="16" CreationCount="545"/><InteractionEvent Delta="null" EndDate="2014-10-28 11:01:02.945 JST" Interest="1.0" Kind="selection" Navigation="null" OriginId="org.eclipse.ui.views.ResourceNavigator" StartDate="2014-10-28 11:01:02.945 JST" StructureHandle="=projects_Matsuoka/&amp;lt;Step10" StructureKind="java"/><InteractionEvent Delta="null" EndDate="2014-10-28 11:05:20.665 JST" Interest="17.0" Kind="propagation" Navigation="org.eclipse.mylyn.core.model.edges.containment" OriginId="org.eclipse.mylyn.core.model.interest.propagation" StartDate="2014-10-28 11:00:00.321 JST" StructureHandle="/CutPlanner_A/src/cp/utils" StructureKind="resource" NumEvents="17" CreationCount="219"/><InteractionEvent Delta="null" EndDate="2014-10-28 10:39:23.956 JST" Interest="1.0" Kind="selection" Navigation="null" OriginId="org.eclipse.ui.views.ResourceNavigator" StartDate="2014-10-28 10:39:23.956 JST" StructureHandle="=CutPlanner_A" StructureKind="java"/><InteractionEvent Delta="null" EndDate="2014-10-28 11:23:54.438 JST" Interest="491.836" Kind="propagation" Navigation="org.eclipse.mylyn.core.model.edges.containment" OriginId="org.eclipse.mylyn.core.model.interest.propagation" StartDate="2014-10-28 10:39:10.70 JST" StructureHandle="=CutPlanner_A" StructureKind="resource" NumEvents="496" CreationCount="2"/><InteractionEvent Delta="null" EndDate="2014-10-28 10:47:25.397 JST" Interest="7.085" Kind="propagation" Navigation="org.eclipse.mylyn.core.model.edges.containment" OriginId="org.eclipse.mylyn.core.model.interest.propagation" StartDate="2014-10-28 10:46:59.320 JST" StructureHandle="/SmartProgramingAndroid2-sample/Chapter2/CanvasSample/src/example" StructureKind="resource" NumEvents="12" CreationCount="46"/><InteractionEvent Delta="null" EndDate="2014-10-28 10:47:38.362 JST" Interest="1.0" Kind="selection" Navigation="null" OriginId="org.eclipse.ui.views.ResourceNavigator" StartDate="2014-10-28 10:47:38.362 JST" StructureHandle="=SmartProgramingAndroid2-sample/&amp;lt;Chapter7.PictureJumpSample" StructureKind="java"/><InteractionEvent Delta="null" EndDate="2014-10-28 11:19:18.940 JST" Interest="57.152996" Kind="propagation" Navigation="org.eclipse.mylyn.core.model.edges.containment" OriginId="org.eclipse.mylyn.core.model.interest.propagation" StartDate="2014-10-28 10:54:10.630 JST" StructureHandle="/projects_Matsuoka/Step5" StructureKind="resource" NumEvents="61" CreationCount="76"/><InteractionEvent Delta="null" EndDate="2014-10-28 11:00:10.252 JST" Interest="3.0" Kind="selection" Navigation="null" OriginId="org.eclipse.jdt.ui.CompilationUnitEditor" StartDate="2014-10-28 11:00:01.223 JST" StructureHandle="=CutPlanner_A/src&amp;lt;cp.utils{Tags.java[Tags" StructureKind="java" NumEvents="3" CreationCount="220"/><InteractionEvent Delta="null" EndDate="2014-10-28 11:00:31.491 JST" Interest="1.902" Kind="propagation" Navigation="org.eclipse.mylyn.core.model.edges.containment" OriginId="org.eclipse.mylyn.core.model.interest.propagation" StartDate="2014-10-28 11:00:02.39 JST" StructureHandle="=CutPlanner_A/src&amp;lt;cp.utils{Tags.java[Tags" StructureKind="java" NumEvents="4" CreationCount="220"/><InteractionEvent Delta="null" EndDate="2014-10-28 11:17:27.651 JST" Interest="8.468" Kind="propagation" Navigation="org.eclipse.mylyn.core.model.edges.containment" OriginId="org.eclipse.mylyn.core.model.interest.propagation" StartDate="2014-10-28 11:13:18.316 JST" StructureHandle="=IFM11/src&amp;lt;ifm11.items" StructureKind="java" NumEvents="16" CreationCount="545"/><InteractionEvent Delta="null" EndDate="2014-10-28 11:15:27.377 JST" Interest="1.717" Kind="propagation" Navigation="org.eclipse.mylyn.core.model.edges.containment" OriginId="org.eclipse.mylyn.core.model.interest.propagation" StartDate="2014-10-28 11:14:47.819 JST" StructureHandle="=IFM11/src&amp;lt;ifm11.items{MyView.java[MyView^onScaleGestureListener[" StructureKind="java" NumEvents="3" CreationCount="565"/><InteractionEvent Delta="null" EndDate="2014-10-28 10:47:25.397 JST" Interest="7.051" Kind="propagation" Navigation="null" OriginId="org.eclipse.ui.views.ResourceNavigator" StartDate="2014-10-28 10:47:00.82 JST" StructureHandle="/SmartProgramingAndroid2-sample/Chapter2/CanvasSample/src/example/android/graphics" StructureKind="resource" NumEvents="10" CreationCount="48"/><InteractionEvent Delta="null" EndDate="2014-10-28 10:54:13.245 JST" Interest="1.0" Kind="selection" Navigation="null" OriginId="org.eclipse.ui.views.ResourceNavigator" StartDate="2014-10-28 10:54:13.245 JST" StructureHandle="/projects_Matsuoka/Step5/05_FingerPaint_6" StructureKind="resource"/><InteractionEvent Delta="null" EndDate="2014-10-28 10:55:59.633 JST" Interest="1.0" Kind="selection" Navigation="null" OriginId="org.eclipse.jdt.ui.PackageExplorer" StartDate="2014-10-28 10:55:59.633 JST" StructureHandle="/CutPlanner_A/res/layout" StructureKind="resource"/><InteractionEvent Delta="null" EndDate="2014-10-28 11:08:37.146 JST" Interest="10.617001" Kind="propagation" Navigation="org.eclipse.mylyn.core.model.edges.containment" OriginId="org.eclipse.mylyn.core.model.interest.propagation" StartDate="2014-10-28 10:56:01.792 JST" StructureHandle="/CutPlanner_A/res/layout" StructureKind="resource" NumEvents="14" CreationCount="114"/><InteractionEvent Delta="null" EndDate="2014-10-28 11:04:12.147 JST" Interest="22.284998" Kind="propagation" Navigation="org.eclipse.mylyn.core.model.edges.containment" OriginId="org.eclipse.mylyn.core.model.interest.propagation" StartDate="2014-10-28 11:03:12.479 JST" StructureHandle="=CutPlanner_A/src&amp;lt;cp.listeners.view{DB_OTL.java[DB_OTL" StructureKind="java" NumEvents="31" CreationCount="282"/><InteractionEvent Delta="null" EndDate="2014-10-28 11:04:12.146 JST" Interest="26.0" Kind="edit" Navigation="null" OriginId="org.eclipse.jdt.ui.CompilationUnitEditor" StartDate="2014-10-28 11:03:19.60 JST" StructureHandle="=CutPlanner_A/src&amp;lt;cp.listeners.view{DB_OTL.java[DB_OTL~onTouch~QView;~QMotionEvent;" StructureKind="java" NumEvents="26" CreationCount="287"/><InteractionEvent Delta="null" EndDate="2014-10-28 11:03:57.108 JST" Interest="4.0" Kind="selection" Navigation="null" OriginId="org.eclipse.jdt.ui.CompilationUnitEditor" StartDate="2014-10-28 11:03:18.338 JST" StructureHandle="=CutPlanner_A/src&amp;lt;cp.listeners.view{DB_OTL.java[DB_OTL~onTouch~QView;~QMotionEvent;" StructureKind="java" NumEvents="4" CreationCount="287"/><InteractionEvent Delta="null" EndDate="2014-10-28 10:55:35.139 JST" Interest="7.0" Kind="selection" Navigation="null" OriginId="org.eclipse.jdt.ui.CompilationUnitEditor" StartDate="2014-10-28 10:39:47.909 JST" StructureHandle="=LM1/src&amp;lt;lm1.views{CanvasView_4.java" StructureKind="java" NumEvents="7" CreationCount="13"/><InteractionEvent Delta="null" EndDate="2014-10-28 11:23:54.437 JST" Interest="276.0" Kind="propagation" Navigation="null" OriginId="org.eclipse.jdt.ui.CompilationUnitEditor" StartDate="2014-10-28 11:04:32.822 JST" StructureHandle="/CutPlanner_A/src/cp/listeners/view/V_OTL.java" StructureKind="resource" NumEvents="276" CreationCount="321"/><InteractionEvent Delta="null" EndDate="2014-10-28 10:47:09.840 JST" Interest="8.0" Kind="propagation" Navigation="null" OriginId="org.eclipse.jdt.ui.CompilationUnitEditor" StartDate="2014-10-28 10:39:40.251 JST" StructureHandle="/LM1/src/lm1/main/AcceleroActv.java" StructureKind="resource" NumEvents="8" CreationCount="9"/><InteractionEvent Delta="null" EndDate="2014-10-28 11:09:48.738 JST" Interest="90.0" Kind="edit" Navigation="null" OriginId="org.eclipse.jdt.ui.CompilationUnitEditor" StartDate="2014-10-28 10:58:19.39 JST" StructureHandle="=CutPlanner_A/src&amp;lt;cp.main{MainActv.java[MainActv~onStart" StructureKind="java" NumEvents="90" CreationCount="150"/><InteractionEvent Delta="null" EndDate="2014-10-28 11:17:53.464 JST" Interest="10.0" Kind="selection" Navigation="null" OriginId="org.eclipse.jdt.ui.CompilationUnitEditor" StartDate="2014-10-28 10:58:18.466 JST" StructureHandle="=CutPlanner_A/src&amp;lt;cp.main{MainActv.java[MainActv~onStart" StructureKind="java" NumEvents="10" CreationCount="150"/><InteractionEvent Delta="null" EndDate="2014-10-28 10:47:25.397 JST" Interest="7.1019998" Kind="propagation" Navigation="org.eclipse.mylyn.core.model.edges.containment" OriginId="org.eclipse.mylyn.core.model.interest.propagation" StartDate="2014-10-28 10:46:58.300 JST" StructureHandle="/SmartProgramingAndroid2-sample/Chapter2/CanvasSample/src" StructureKind="resource" NumEvents="13" CreationCount="45"/><InteractionEvent Delta="null" EndDate="2014-10-28 11:13:02.5 JST" Interest="5.76" Kind="propagation" Navigation="org.eclipse.mylyn.core.model.edges.containment" OriginId="org.eclipse.mylyn.core.model.interest.propagation" StartDate="2014-10-28 11:01:22.692 JST" StructureHandle="/TA2/src/ta2/listeners" StructureKind="resource" NumEvents="5" CreationCount="264"/><InteractionEvent Delta="null" EndDate="2014-10-28 11:15:27.376 JST" Interest="1.0" Kind="edit" Navigation="null" OriginId="org.eclipse.jdt.ui.CompilationUnitEditor" StartDate="2014-10-28 11:15:27.376 JST" StructureHandle="=IFM11/src&amp;lt;ifm11.items{MyView.java[MyView^onScaleGestureListener[~onScale~QScaleGestureDetector;" StructureKind="java"/><InteractionEvent Delta="null" EndDate="2014-10-28 11:15:01.941 JST" Interest="1.0" Kind="selection" Navigation="null" OriginId="org.eclipse.jdt.ui.CompilationUnitEditor" StartDate="2014-10-28 11:15:01.941 JST" StructureHandle="=IFM11/src&amp;lt;ifm11.items{MyView.java[MyView^onScaleGestureListener[~onScale~QScaleGestureDetector;" StructureKind="java"/><InteractionEvent Delta="null" EndDate="2014-10-28 11:09:10.977 JST" Interest="1.0" Kind="prediction" Navigation="null" OriginId="org.eclipse.mylyn.resources.ui.interest.updater" StartDate="2014-10-28 11:09:10.977 JST" StructureHandle="/CutPlanner_A/bin/resources.ap_" StructureKind="resource"/><InteractionEvent Delta="null" EndDate="2014-10-28 10:55:38.207 JST" Interest="5.3780003" Kind="propagation" Navigation="org.eclipse.mylyn.core.model.edges.containment" OriginId="org.eclipse.mylyn.core.model.interest.propagation" StartDate="2014-10-28 10:40:35.176 JST" StructureHandle="=LM1/src&amp;lt;lm1.views{CanvasView_4.java[CanvasView_4" StructureKind="java" NumEvents="7" CreationCount="27"/><InteractionEvent Delta="null" EndDate="2014-10-28 10:47:25.305 JST" Interest="3.0" Kind="selection" Navigation="null" OriginId="org.eclipse.ui.views.ResourceNavigator" StartDate="2014-10-28 10:47:03.513 JST" StructureHandle="=SmartProgramingAndroid2-sample/&amp;lt;Chapter2.CanvasSample.src.example.android.graphics.canvas{CanvasView.java" StructureKind="java" NumEvents="3" CreationCount="51"/><InteractionEvent Delta="null" EndDate="2014-10-28 10:47:13.444 JST" Interest="0.051" Kind="propagation" Navigation="org.eclipse.mylyn.core.model.edges.containment" OriginId="org.eclipse.mylyn.core.model.interest.propagation" StartDate="2014-10-28 10:47:13.444 JST" StructureHandle="=SmartProgramingAndroid2-sample/&amp;lt;Chapter2.CanvasSample.src.example.android.graphics.canvas{CanvasView.java" StructureKind="java"/><InteractionEvent Delta="null" EndDate="2014-10-28 10:54:25.156 JST" Interest="1.0" Kind="selection" Navigation="null" OriginId="org.eclipse.ui.views.ResourceNavigator" StartDate="2014-10-28 10:54:25.156 JST" StructureHandle="/projects_Matsuoka/Step5/05_FingerPaint/src/sample/step5" StructureKind="resource"/><InteractionEvent Delta="null" EndDate="2014-10-28 11:19:18.939 JST" Interest="56.051" Kind="propagation" Navigation="org.eclipse.mylyn.core.model.edges.containment" OriginId="org.eclipse.mylyn.core.model.interest.propagation" StartDate="2014-10-28 10:54:25.223 JST" StructureHandle="/projects_Matsuoka/Step5/05_FingerPaint/src/sample/step5" StructureKind="resource" NumEvents="59" CreationCount="82"/><InteractionEvent Delta="null" EndDate="2014-10-28 10:46:51.194 JST" Interest="1.0" Kind="propagation" Navigation="null" OriginId="org.eclipse.ui.views.ResourceNavigator" StartDate="2014-10-28 10:46:51.194 JST" StructureHandle="/SmartProgramingAndroid2-sample/Chapter10" StructureKind="resource"/><InteractionEvent Delta="null" EndDate="2014-10-28 11:13:27.809 JST" Interest="2.0" Kind="edit" Navigation="null" OriginId="org.eclipse.jdt.ui.CompilationUnitEditor" StartDate="2014-10-28 11:13:26.890 JST" StructureHandle="=IFM11/src&amp;lt;ifm11.items{MyView.java[MyView~onTouchEvent~QMotionEvent;" StructureKind="java" NumEvents="2" CreationCount="549"/><InteractionEvent Delta="null" EndDate="2014-10-28 11:17:27.947 JST" Interest="7.0" Kind="selection" Navigation="null" OriginId="org.eclipse.jdt.ui.CompilationUnitEditor" StartDate="2014-10-28 11:13:26.331 JST" StructureHandle="=IFM11/src&amp;lt;ifm11.items{MyView.java[MyView~onTouchEvent~QMotionEvent;" StructureKind="java" NumEvents="7" CreationCount="549"/><InteractionEvent Delta="null" EndDate="2014-10-28 10:39:35.295 JST" Interest="1.0" Kind="selection" Navigation="null" OriginId="org.eclipse.ui.views.ResourceNavigator" StartDate="2014-10-28 10:39:35.295 JST" StructureHandle="=LM1/src&amp;lt;lm1" StructureKind="java"/><InteractionEvent Delta="null" EndDate="2014-10-28 11:19:16.177 JST" Interest="8.0" Kind="selection" Navigation="null" OriginId="org.eclipse.jdt.ui.CompilationUnitEditor" StartDate="2014-10-28 10:55:44.59 JST" StructureHandle="=CutPlanner_A/src&amp;lt;cp.views{CV.java" StructureKind="java" NumEvents="8" CreationCount="110"/><InteractionEvent Delta="null" EndDate="2014-10-28 10:59:07.24 JST" Interest="6.2340007" Kind="propagation" Navigation="org.eclipse.mylyn.core.model.edges.containment" OriginId="org.eclipse.mylyn.core.model.interest.propagation" StartDate="2014-10-28 10:56:17.720 JST" StructureHandle="=CutPlanner_A/src&amp;lt;cp.views{CV.java" StructureKind="java" NumEvents="9" CreationCount="110"/><InteractionEvent Delta="null" EndDate="2014-10-28 10:54:25.295 JST" Interest="1.0" Kind="propagation" Navigation="null" OriginId="org.eclipse.ui.views.ResourceNavigator" StartDate="2014-10-28 10:54:25.295 JST" StructureHandle="/projects_Matsuoka/Step5/05_FingerPaint/src/sample/step5/fingerpaint/FileListAdapter.java" StructureKind="resource"/><InteractionEvent Delta="null" EndDate="2014-10-28 10:58:18.540 JST" Interest="3.0" Kind="selection" Navigation="null" OriginId="org.eclipse.jdt.ui.CompilationUnitEditor" StartDate="2014-10-28 10:58:15.816 JST" StructureHandle="=CutPlanner_A/src&amp;lt;cp.main{MainActv.java[MainActv" StructureKind="java" NumEvents="3" CreationCount="148"/><InteractionEvent Delta="null" EndDate="2014-10-28 11:17:53.465 JST" Interest="70.034" Kind="propagation" Navigation="org.eclipse.mylyn.core.model.edges.containment" OriginId="org.eclipse.mylyn.core.model.interest.propagation" StartDate="2014-10-28 10:58:19.43 JST" StructureHandle="=CutPlanner_A/src&amp;lt;cp.main{MainActv.java[MainActv" StructureKind="java" NumEvents="97" CreationCount="148"/><InteractionEvent Delta="null" EndDate="2014-10-28 10:59:07.23 JST" Interest="6.0" Kind="edit" Navigation="null" OriginId="org.eclipse.jdt.ui.CompilationUnitEditor" StartDate="2014-10-28 10:56:05.903 JST" StructureHandle="=CutPlanner_A/src&amp;lt;cp.views{CV.java[CV" StructureKind="java" NumEvents="6" CreationCount="112"/><InteractionEvent Delta="null" EndDate="2014-10-28 10:59:04.878 JST" Interest="7.0" Kind="selection" Navigation="null" OriginId="org.eclipse.jdt.ui.CompilationUnitEditor" StartDate="2014-10-28 10:55:46.521 JST" StructureHandle="=CutPlanner_A/src&amp;lt;cp.views{CV.java[CV" StructureKind="java" NumEvents="7" CreationCount="112"/><InteractionEvent Delta="null" EndDate="2014-10-28 10:55:38.208 JST" Interest="18.0" Kind="propagation" Navigation="null" OriginId="org.eclipse.jdt.ui.CompilationUnitEditor" StartDate="2014-10-28 10:39:47.910 JST" StructureHandle="/LM1/src/lm1/views/CanvasView_4.java" StructureKind="resource" NumEvents="18" CreationCount="13"/><InteractionEvent Delta="null" EndDate="2014-10-28 11:02:47.955 JST" Interest="4.0" Kind="propagation" Navigation="null" OriginId="org.eclipse.jdt.ui.PackageExplorer" StartDate="2014-10-28 11:00:52.799 JST" StructureHandle="/CutPlanner_A/src/cp/listeners/dialog" StructureKind="resource" NumEvents="4" CreationCount="253"/><InteractionEvent Delta="null" EndDate="2014-10-28 10:54:25.223 JST" Interest="1.0" Kind="selection" Navigation="null" OriginId="org.eclipse.ui.views.ResourceNavigator" StartDate="2014-10-28 10:54:25.223 JST" StructureHandle="/projects_Matsuoka/Step5/05_FingerPaint/src/sample/step5/fingerpaint" StructureKind="resource"/><InteractionEvent Delta="null" EndDate="2014-10-28 11:19:18.939 JST" Interest="56.034" Kind="propagation" Navigation="org.eclipse.mylyn.core.model.edges.containment" OriginId="org.eclipse.mylyn.core.model.interest.propagation" StartDate="2014-10-28 10:54:25.296 JST" StructureHandle="/projects_Matsuoka/Step5/05_FingerPaint/src/sample/step5/fingerpaint" StructureKind="resource" NumEvents="58" CreationCount="83"/><InteractionEvent Delta="null" EndDate="2014-10-28 10:47:09.839 JST" Interest="2.0" Kind="selection" Navigation="null" OriginId="org.eclipse.jdt.ui.CompilationUnitEditor" StartDate="2014-10-28 10:46:30.150 JST" StructureHandle="=LM1/src&amp;lt;lm1.main{AcceleroActv.java[AcceleroActv~onCreate~QBundle;" StructureKind="java" NumEvents="2" CreationCount="31"/><InteractionEvent Delta="null" EndDate="2014-10-28 10:39:37.307 JST" Interest="1.0" Kind="selection" Navigation="null" OriginId="org.eclipse.ui.views.ResourceNavigator" StartDate="2014-10-28 10:39:37.307 JST" StructureHandle="=LM1/src&amp;lt;lm1.main" StructureKind="java"/><InteractionEvent Delta="null" EndDate="2014-10-28 10:47:09.841 JST" Interest="5.017" Kind="propagation" Navigation="org.eclipse.mylyn.core.model.edges.containment" OriginId="org.eclipse.mylyn.core.model.interest.propagation" StartDate="2014-10-28 10:39:40.252 JST" StructureHandle="=LM1/src&amp;lt;lm1.main" StructureKind="java" NumEvents="7" CreationCount="8"/><InteractionEvent Delta="null" EndDate="2014-10-28 11:17:27.949 JST" Interest="23.0" Kind="propagation" Navigation="null" OriginId="org.eclipse.jdt.ui.CompilationUnitEditor" StartDate="2014-10-28 11:13:18.315 JST" StructureHandle="/IFM11/src/ifm11/items/MyView.java" StructureKind="resource" NumEvents="23" CreationCount="545"/><InteractionEvent Delta="null" EndDate="2014-10-28 10:47:05.803 JST" Interest="1.0" Kind="selection" Navigation="null" OriginId="org.eclipse.jdt.ui.CompilationUnitEditor" StartDate="2014-10-28 10:47:05.803 JST" StructureHandle="=SmartProgramingAndroid2-sample/&amp;lt;Chapter2.CanvasSample.src.example.android.graphics.canvas{CanvasView.java[CanvasView~CanvasView~QContext;~QAttributeSet;" StructureKind="java"/><InteractionEvent Delta="null" EndDate="2014-10-28 10:46:43.277 JST" Interest="4.0" Kind="selection" Navigation="null" OriginId="org.eclipse.ui.views.ResourceNavigator" StartDate="2014-10-28 10:39:57.428 JST" StructureHandle="/LM1/res/layout" StructureKind="resource" NumEvents="4" CreationCount="19"/><InteractionEvent Delta="null" EndDate="2014-10-28 10:46:30.494 JST" Interest="2.451" Kind="propagation" Navigation="org.eclipse.mylyn.core.model.edges.containment" OriginId="org.eclipse.mylyn.core.model.interest.propagation" StartDate="2014-10-28 10:40:06.773 JST" StructureHandle="/LM1/res/layout" StructureKind="resource" NumEvents="4" CreationCount="19"/><InteractionEvent Delta="null" EndDate="2014-10-28 11:02:50.953 JST" Interest="4.0" Kind="selection" Navigation="null" OriginId="org.eclipse.jdt.ui.PackageExplorer" StartDate="2014-10-28 11:02:06.895 JST" StructureHandle="=CutPlanner_A/src&amp;lt;cp.listeners.view" StructureKind="java" NumEvents="4" CreationCount="267"/><InteractionEvent Delta="null" EndDate="2014-10-28 11:20:25.892 JST" Interest="142.21803" Kind="propagation" Navigation="org.eclipse.mylyn.core.model.edges.containment" OriginId="org.eclipse.mylyn.core.model.interest.propagation" StartDate="2014-10-28 11:02:06.727 JST" StructureHandle="=CutPlanner_A/src&amp;lt;cp.listeners.view" StructureKind="java" NumEvents="203" CreationCount="267"/><InteractionEvent Delta="null" EndDate="2014-10-28 10:55:57.894 JST" Interest="1.0" Kind="selection" Navigation="null" OriginId="org.eclipse.jdt.ui.PackageExplorer" StartDate="2014-10-28 10:55:57.894 JST" StructureHandle="/CutPlanner_A/res" StructureKind="resource"/><InteractionEvent Delta="null" EndDate="2014-10-28 11:08:37.146 JST" Interest="10.634001" Kind="propagation" Navigation="org.eclipse.mylyn.core.model.edges.containment" OriginId="org.eclipse.mylyn.core.model.interest.propagation" StartDate="2014-10-28 10:55:59.634 JST" StructureHandle="/CutPlanner_A/res" StructureKind="resource" NumEvents="15" CreationCount="113"/><InteractionEvent Delta="null" EndDate="2014-10-28 10:40:18.234 JST" Interest="2.0" Kind="edit" Navigation="null" OriginId="com.android.ide.eclipse.editors.CommonXmlEditor" StartDate="2014-10-28 10:40:06.901 JST" StructureHandle="/LM1/res/layout/actv_accelero_4.xml" StructureKind="resource" NumEvents="2" CreationCount="22"/><InteractionEvent Delta="null" EndDate="2014-10-28 10:46:30.494 JST" Interest="3.0" Kind="selection" Navigation="null" OriginId="org.eclipse.ui.views.ResourceNavigator" StartDate="2014-10-28 10:40:04.54 JST" StructureHandle="/LM1/res/layout/actv_accelero_4.xml" StructureKind="resource" NumEvents="3" CreationCount="22"/><InteractionEvent Delta="null" EndDate="2014-10-28 10:47:13.436 JST" Interest="2.0" Kind="selection" Navigation="null" OriginId="org.eclipse.ui.views.ContentOutline" StartDate="2014-10-28 10:47:07.901 JST" StructureHandle="=SmartProgramingAndroid2-sample/&amp;lt;Chapter2.CanvasSample.src.example.android.graphics.canvas{CanvasView.java[CanvasView^points" StructureKind="java" NumEvents="2" CreationCount="54"/><InteractionEvent Delta="null" EndDate="2014-10-28 11:17:27.949 JST" Interest="23.0" Kind="propagation" Navigation="org.eclipse.mylyn.core.model.edges.containment" OriginId="org.eclipse.mylyn.core.model.interest.propagation" StartDate="2014-10-28 11:13:18.315 JST" StructureHandle="/IFM11/src/ifm11/items" StructureKind="resource" NumEvents="23" CreationCount="545"/><InteractionEvent Delta="null" EndDate="2014-10-28 11:03:03.463 JST" Interest="1.0" Kind="selection" Navigation="null" OriginId="org.eclipse.jdt.ui.CompilationUnitEditor" StartDate="2014-10-28 11:03:03.463 JST" StructureHandle="=CutPlanner_A/src&amp;lt;cp.listeners.view{DB_OTL.java#" StructureKind="java"/><InteractionEvent Delta="null" EndDate="2014-10-28 11:03:01.640 JST" Interest="1.0" Kind="propagation" Navigation="org.eclipse.mylyn.core.model.edges.containment" OriginId="org.eclipse.mylyn.core.model.interest.propagation" StartDate="2014-10-28 11:03:01.640 JST" StructureHandle="=CutPlanner_A/src&amp;lt;cp.listeners.view{DB_OTL.java#" StructureKind="java"/><InteractionEvent Delta="null" EndDate="2014-10-28 11:13:02.5 JST" Interest="5.794" Kind="propagation" Navigation="org.eclipse.mylyn.core.model.edges.containment" OriginId="org.eclipse.mylyn.core.model.interest.propagation" StartDate="2014-10-28 11:01:20.444 JST" StructureHandle="/TA2/src" StructureKind="resource" NumEvents="9" CreationCount="262"/><InteractionEvent Delta="null" EndDate="2014-10-28 11:03:13.357 JST" Interest="2.0" Kind="selection" Navigation="null" OriginId="org.eclipse.ui.views.ContentOutline" StartDate="2014-10-28 11:03:12.478 JST" StructureHandle="=CutPlanner_A/src&amp;lt;cp.listeners.view{DB_OTL.java[DB_OTL~DB_OTL~QActivity;~QDialog;" StructureKind="java" NumEvents="2" CreationCount="282"/><InteractionEvent Delta="null" EndDate="2014-10-28 11:01:16.348 JST" Interest="1.0" Kind="selection" Navigation="null" OriginId="org.eclipse.ui.views.ResourceNavigator" StartDate="2014-10-28 11:01:16.348 JST" StructureHandle="=TA2" StructureKind="java"/><InteractionEvent Delta="null" EndDate="2014-10-28 11:13:02.5 JST" Interest="4.828" Kind="propagation" Navigation="org.eclipse.mylyn.core.model.edges.containment" OriginId="org.eclipse.mylyn.core.model.interest.propagation" StartDate="2014-10-28 11:01:19.420 JST" StructureHandle="=TA2" StructureKind="resource" NumEvents="10" CreationCount="260"/><InteractionEvent Delta="null" EndDate="2014-10-28 10:56:43.861 JST" Interest="1.0" Kind="edit" Navigation="null" OriginId="org.eclipse.jdt.ui.CompilationUnitEditor" StartDate="2014-10-28 10:56:43.861 JST" StructureHandle="=CutPlanner_A/src&amp;lt;cp.views{CV.java[CV^OnTouchListener" StructureKind="java"/><InteractionEvent Delta="null" EndDate="2014-10-28 10:56:38.387 JST" Interest="1.0" Kind="selection" Navigation="null" OriginId="org.eclipse.jdt.ui.CompilationUnitEditor" StartDate="2014-10-28 10:56:38.387 JST" StructureHandle="=CutPlanner_A/src&amp;lt;cp.views{CV.java[CV^OnTouchListener" StructureKind="java"/><InteractionEvent Delta="null" EndDate="2014-10-28 11:01:02.945 JST" Interest="1.0" Kind="propagation" Navigation="null" OriginId="org.eclipse.ui.views.ResourceNavigator" StartDate="2014-10-28 11:01:02.945 JST" StructureHandle="/projects_Matsuoka/Step10" StructureKind="resource"/><InteractionEvent Delta="null" EndDate="2014-10-28 11:19:18.939 JST" Interest="57.0" Kind="propagation" Navigation="null" OriginId="org.eclipse.jdt.ui.CompilationUnitEditor" StartDate="2014-10-28 10:54:31.716 JST" StructureHandle="/projects_Matsuoka/Step5/05_FingerPaint/src/sample/step5/fingerpaint/FingerPaintActivity.java" StructureKind="resource" NumEvents="57" CreationCount="85"/><InteractionEvent Delta="null" EndDate="2014-10-28 10:39:21.653 JST" Interest="2.0" Kind="propagation" Navigation="null" OriginId="org.eclipse.ui.views.ResourceNavigator" StartDate="2014-10-28 10:39:07.393 JST" StructureHandle="/SL3" StructureKind="resource" NumEvents="2" CreationCount="1"/><InteractionEvent Delta="null" EndDate="2014-10-28 10:47:25.306 JST" Interest="6.0" Kind="propagation" Navigation="null" OriginId="org.eclipse.ui.views.ResourceNavigator" StartDate="2014-10-28 10:47:03.513 JST" StructureHandle="/SmartProgramingAndroid2-sample/Chapter2/CanvasSample/src/example/android/graphics/canvas/CanvasView.java" StructureKind="resource" NumEvents="6" CreationCount="51"/><InteractionEvent Delta="null" EndDate="2014-10-28 11:11:22.649 JST" Interest="1.0" Kind="selection" Navigation="null" OriginId="org.eclipse.jdt.ui.CompilationUnitEditor" StartDate="2014-10-28 11:11:22.649 JST" StructureHandle="=CutPlanner_A/src&amp;lt;cp.listeners.view{V_OTL.java[V_OTL^actv" StructureKind="java"/><InteractionEvent Delta="null" EndDate="2014-10-28 10:47:25.397 JST" Interest="7.068" Kind="propagation" Navigation="org.eclipse.mylyn.core.model.edges.containment" OriginId="org.eclipse.mylyn.core.model.interest.propagation" StartDate="2014-10-28 10:47:00.15 JST" StructureHandle="/SmartProgramingAndroid2-sample/Chapter2/CanvasSample/src/example/android" StructureKind="resource" NumEvents="11" CreationCount="47"/><InteractionEvent Delta="null" EndDate="2014-10-28 11:05:20.666 JST" Interest="5.919" Kind="propagation" Navigation="org.eclipse.mylyn.core.model.edges.containment" OriginId="org.eclipse.mylyn.core.model.interest.propagation" StartDate="2014-10-28 11:00:00.322 JST" StructureHandle="=CutPlanner_A/src&amp;lt;cp.utils" StructureKind="java" NumEvents="11" CreationCount="219"/><InteractionEvent Delta="null" EndDate="2014-10-28 11:09:36.397 JST" Interest="1.0" Kind="selection" Navigation="null" OriginId="org.eclipse.jdt.ui.PackageExplorer" StartDate="2014-10-28 11:09:36.397 JST" StructureHandle="=CutPlanner_A/gen&amp;lt;cp.main" StructureKind="java"/><InteractionEvent Delta="null" EndDate="2014-10-28 11:03:13.366 JST" Interest="1.0" Kind="selection" Navigation="null" OriginId="org.eclipse.ui.views.ContentOutline" StartDate="2014-10-28 11:03:13.366 JST" StructureHandle="=CutPlanner_A/src&amp;lt;cp.listeners.view{DB_OTL.java[DB_OTL~DB_OTL~QActivity;~QDialog;~QDialog;~QDialog;~QDialog;" StructureKind="java"/><InteractionEvent Delta="null" EndDate="2014-10-28 10:47:09.736 JST" Interest="6.0" Kind="selection" Navigation="null" OriginId="org.eclipse.jdt.ui.CompilationUnitEditor" StartDate="2014-10-28 10:39:40.250 JST" StructureHandle="=LM1/src&amp;lt;lm1.main{AcceleroActv.java" StructureKind="java" NumEvents="6" CreationCount="9"/><InteractionEvent Delta="null" EndDate="2014-10-28 11:01:05.922 JST" Interest="2.0" Kind="selection" Navigation="null" OriginId="org.eclipse.ui.views.ResourceNavigator" StartDate="2014-10-28 10:54:06.143 JST" StructureHandle="=projects_Matsuoka" StructureKind="java" NumEvents="2" CreationCount="75"/><InteractionEvent Delta="null" EndDate="2014-10-28 11:19:18.940 JST" Interest="55.169994" Kind="propagation" Navigation="org.eclipse.mylyn.core.model.edges.containment" OriginId="org.eclipse.mylyn.core.model.interest.propagation" StartDate="2014-10-28 10:54:10.630 JST" StructureHandle="=projects_Matsuoka" StructureKind="resource" NumEvents="60" CreationCount="75"/><InteractionEvent Delta="null" EndDate="2014-10-28 11:00:22.569 JST" Interest="4.0" Kind="edit" Navigation="null" OriginId="org.eclipse.jdt.ui.CompilationUnitEditor" StartDate="2014-10-28 11:00:13.766 JST" StructureHandle="=CutPlanner_A/src&amp;lt;cp.utils{Tags.java[Tags[ViewTags" StructureKind="java" NumEvents="4" CreationCount="226"/><InteractionEvent Delta="null" EndDate="2014-10-28 11:00:31.490 JST" Interest="2.0" Kind="selection" Navigation="null" OriginId="org.eclipse.jdt.ui.CompilationUnitEditor" StartDate="2014-10-28 11:00:12.448 JST" StructureHandle="=CutPlanner_A/src&amp;lt;cp.utils{Tags.java[Tags[ViewTags" StructureKind="java" NumEvents="2" CreationCount="226"/><InteractionEvent Delta="null" EndDate="2014-10-28 10:39:55.778 JST" Interest="1.0" Kind="selection" Navigation="null" OriginId="org.eclipse.ui.views.ResourceNavigator" StartDate="2014-10-28 10:39:55.778 JST" StructureHandle="/LM1/res" StructureKind="resource"/><InteractionEvent Delta="null" EndDate="2014-10-28 10:46:43.277 JST" Interest="5.468" Kind="propagation" Navigation="org.eclipse.mylyn.core.model.edges.containment" OriginId="org.eclipse.mylyn.core.model.interest.propagation" StartDate="2014-10-28 10:39:57.429 JST" StructureHandle="/LM1/res" StructureKind="resource" NumEvents="9" CreationCount="18"/><InteractionEvent Delta="null" EndDate="2014-10-28 10:55:40.738 JST" Interest="0.80200005" Kind="manipulation" Navigation="null" OriginId="org.eclipse.mylyn.core.model.interest.decay.correction" StartDate="2014-10-28 10:55:40.738 JST" StructureHandle="/CutPlanner_A/src" StructureKind="resource"/><InteractionEvent Delta="null" EndDate="2014-10-28 11:23:54.439 JST" Interest="493.034" Kind="propagation" Navigation="null" OriginId="org.eclipse.jdt.ui.CompilationUnitEditor" StartDate="2014-10-28 10:39:10.70 JST" StructureHandle="/CutPlanner_A/src" StructureKind="resource" NumEvents="495" CreationCount="2"/><InteractionEvent Delta="null" EndDate="2014-10-28 11:09:36.397 JST" Interest="1.0" Kind="propagation" Navigation="null" OriginId="org.eclipse.jdt.ui.PackageExplorer" StartDate="2014-10-28 11:09:36.397 JST" StructureHandle="/CutPlanner_A/gen/cp/main" StructureKind="resource"/><InteractionEvent Delta="null" EndDate="2014-10-28 11:01:19.420 JST" Interest="1.0" Kind="selection" Navigation="null" OriginId="org.eclipse.ui.views.ResourceNavigator" StartDate="2014-10-28 11:01:19.420 JST" StructureHandle="/TA2/.classpath" StructureKind="resource"/><InteractionEvent Delta="null" EndDate="2014-10-28 10:46:59.320 JST" Interest="1.0" Kind="selection" Navigation="null" OriginId="org.eclipse.ui.views.ResourceNavigator" StartDate="2014-10-28 10:46:59.320 JST" StructureHandle="=SmartProgramingAndroid2-sample/&amp;lt;Chapter2.CanvasSample.src.example" StructureKind="java"/><InteractionEvent Delta="null" EndDate="2014-10-28 11:13:02.6 JST" Interest="11.0" Kind="propagation" Navigation="null" OriginId="org.eclipse.ui.views.ResourceNavigator" StartDate="2014-10-28 11:01:16.348 JST" StructureHandle="/TA2" StructureKind="resource" NumEvents="11" CreationCount="260"/><InteractionEvent Delta="null" EndDate="2014-10-28 10:54:15.43 JST" Interest="1.0" Kind="selection" Navigation="null" OriginId="org.eclipse.ui.views.ResourceNavigator" StartDate="2014-10-28 10:54:15.43 JST" StructureHandle="/projects_Matsuoka/Step5/05_FingerPaint" StructureKind="resource"/><InteractionEvent Delta="null" EndDate="2014-10-28 11:19:18.940 JST" Interest="56.118996" Kind="propagation" Navigation="org.eclipse.mylyn.core.model.edges.containment" OriginId="org.eclipse.mylyn.core.model.interest.propagation" StartDate="2014-10-28 10:54:16.671 JST" StructureHandle="/projects_Matsuoka/Step5/05_FingerPaint" StructureKind="resource" NumEvents="59" CreationCount="78"/><InteractionEvent Delta="null" EndDate="2014-10-28 10:39:55.347 JST" Interest="2.0" Kind="selection" Navigation="null" OriginId="org.eclipse.ui.views.ResourceNavigator" StartDate="2014-10-28 10:39:32.811 JST" StructureHandle="=LM1/src" StructureKind="java" NumEvents="2" CreationCount="6"/><InteractionEvent Delta="null" EndDate="2014-10-28 10:55:35.140 JST" Interest="5.1190004" Kind="propagation" Navigation="org.eclipse.mylyn.core.model.edges.containment" OriginId="org.eclipse.mylyn.core.model.interest.propagation" StartDate="2014-10-28 10:39:35.296 JST" StructureHandle="=LM1/src" StructureKind="java" NumEvents="13" CreationCount="6"/><InteractionEvent Delta="null" EndDate="2014-10-28 11:23:54.437 JST" Interest="324.238" Kind="propagation" Navigation="org.eclipse.mylyn.core.model.edges.containment" OriginId="org.eclipse.mylyn.core.model.interest.propagation" StartDate="2014-10-28 11:00:52.800 JST" StructureHandle="/CutPlanner_A/src/cp/listeners" StructureKind="resource" NumEvents="327" CreationCount="253"/><InteractionEvent Delta="null" EndDate="2014-10-28 11:17:53.465 JST" Interest="114.017" Kind="propagation" Navigation="org.eclipse.mylyn.core.model.edges.containment" OriginId="org.eclipse.mylyn.core.model.interest.propagation" StartDate="2014-10-28 10:58:11.636 JST" StructureHandle="/CutPlanner_A/src/cp/main" StructureKind="resource" NumEvents="115" CreationCount="145"/><InteractionEvent Delta="null" EndDate="2014-10-28 10:47:25.307 JST" Interest="3.255" Kind="propagation" Navigation="org.eclipse.mylyn.core.model.edges.containment" OriginId="org.eclipse.mylyn.core.model.interest.propagation" StartDate="2014-10-28 10:46:47.36 JST" StructureHandle="=SmartProgramingAndroid2-sample/" StructureKind="java" NumEvents="17" CreationCount="39"/><InteractionEvent Delta="null" EndDate="2014-10-28 10:46:54.819 JST" Interest="1.0" Kind="propagation" Navigation="null" OriginId="org.eclipse.ui.views.ResourceNavigator" StartDate="2014-10-28 10:46:54.819 JST" StructureHandle="/SmartProgramingAndroid2-sample/Chapter2/ColorBallSnapSample" StructureKind="resource"/><InteractionEvent Delta="null" EndDate="2014-10-28 10:46:51.193 JST" Interest="1.0" Kind="selection" Navigation="null" OriginId="org.eclipse.ui.views.ResourceNavigator" StartDate="2014-10-28 10:46:51.193 JST" StructureHandle="=SmartProgramingAndroid2-sample/&amp;lt;Chapter10" StructureKind="java"/><InteractionEvent Delta="null" EndDate="2014-10-28 10:58:19.803 JST" Interest="1.0" Kind="edit" Navigation="null" OriginId="org.eclipse.jdt.ui.CompilationUnitEditor" StartDate="2014-10-28 10:58:19.803 JST" StructureHandle="=CutPlanner_A/src&amp;lt;cp.main{MainActv.java[MainActv~_test_DrawLine" StructureKind="java"/><InteractionEvent Delta="null" EndDate="2014-10-28 10:58:19.799 JST" Interest="2.0" Kind="selection" Navigation="null" OriginId="org.eclipse.jdt.ui.CompilationUnitEditor" StartDate="2014-10-28 10:58:19.795 JST" StructureHandle="=CutPlanner_A/src&amp;lt;cp.main{MainActv.java[MainActv~_test_DrawLine" StructureKind="java" NumEvents="2" CreationCount="155"/><InteractionEvent Delta="null" EndDate="2014-10-28 10:47:25.397 JST" Interest="7.119" Kind="propagation" Navigation="org.eclipse.mylyn.core.model.edges.containment" OriginId="org.eclipse.mylyn.core.model.interest.propagation" StartDate="2014-10-28 10:46:55.716 JST" StructureHandle="/SmartProgramingAndroid2-sample/Chapter2/CanvasSample" StructureKind="resource" NumEvents="14" CreationCount="44"/><InteractionEvent Delta="null" EndDate="2014-10-28 10:55:23.613 JST" Interest="3.0" Kind="selection" Navigation="null" OriginId="org.eclipse.jdt.ui.CompilationUnitEditor" StartDate="2014-10-28 10:55:22.937 JST" StructureHandle="=projects_Matsuoka/Step5\/05_FingerPaint\/src\/sample\/step5\/fingerpaint&amp;lt;{FingerPaintActivity.java[FingerPaintActivity~scanFile~QString;" StructureKind="java" NumEvents="3" CreationCount="95"/><InteractionEvent Delta="null" EndDate="2014-10-28 10:47:00.15 JST" Interest="1.0" Kind="selection" Navigation="null" OriginId="org.eclipse.ui.views.ResourceNavigator" StartDate="2014-10-28 10:47:00.15 JST" StructureHandle="=SmartProgramingAndroid2-sample/&amp;lt;Chapter2.CanvasSample.src.example.android" StructureKind="java"/><InteractionEvent Delta="null" EndDate="2014-10-28 10:47:25.397 JST" Interest="2.0" Kind="selection" Navigation="null" OriginId="org.eclipse.ui.views.ResourceNavigator" StartDate="2014-10-28 10:47:00.81 JST" StructureHandle="=SmartProgramingAndroid2-sample/&amp;lt;Chapter2.CanvasSample.src.example.android.graphics" StructureKind="java" NumEvents="2" CreationCount="48"/><InteractionEvent Delta="null" EndDate="2014-10-28 11:17:53.465 JST" Interest="114.0" Kind="propagation" Navigation="null" OriginId="org.eclipse.jdt.ui.CompilationUnitEditor" StartDate="2014-10-28 10:58:13.417 JST" StructureHandle="/CutPlanner_A/src/cp/main/MainActv.java" StructureKind="resource" NumEvents="114" CreationCount="146"/><InteractionEvent Delta="null" EndDate="2014-10-28 10:55:15.812 JST" Interest="1.0" Kind="selection" Navigation="null" OriginId="org.eclipse.ui.views.ContentOutline" StartDate="2014-10-28 10:55:15.812 JST" StructureHandle="=projects_Matsuoka/Step5\/05_FingerPaint\/src\/sample\/step5\/fingerpaint&amp;lt;{FingerPaintActivity.java[FingerPaintActivity~disconnect" StructureKind="java"/><InteractionEvent Delta="null" EndDate="2014-10-28 10:47:00.148 JST" Interest="1.0" Kind="selection" Navigation="null" OriginId="org.eclipse.ui.views.ResourceNavigator" StartDate="2014-10-28 10:47:00.148 JST" StructureHandle="=SmartProgramingAndroid2-sample/&amp;lt;Chapter2.CanvasSample.src.example.android.graphics.canvas" StructureKind="java"/><InteractionEvent Delta="null" EndDate="2014-10-28 10:47:25.307 JST" Interest="2.085" Kind="propagation" Navigation="org.eclipse.mylyn.core.model.edges.containment" OriginId="org.eclipse.mylyn.core.model.interest.propagation" StartDate="2014-10-28 10:47:00.278 JST" StructureHandle="=SmartProgramingAndroid2-sample/&amp;lt;Chapter2.CanvasSample.src.example.android.graphics.canvas" StructureKind="java" NumEvents="6" CreationCount="49"/><InteractionEvent Delta="null" EndDate="2014-10-28 11:01:20.443 JST" Interest="1.0" Kind="selection" Navigation="null" OriginId="org.eclipse.ui.views.ResourceNavigator" StartDate="2014-10-28 11:01:20.443 JST" StructureHandle="=TA2/src" StructureKind="java"/><InteractionEvent Delta="null" EndDate="2014-10-28 11:13:02.5 JST" Interest="4.7770004" Kind="propagation" Navigation="org.eclipse.mylyn.core.model.edges.containment" OriginId="org.eclipse.mylyn.core.model.interest.propagation" StartDate="2014-10-28 11:01:20.945 JST" StructureHandle="=TA2/src" StructureKind="java" NumEvents="6" CreationCount="262"/><InteractionEvent Delta="null" EndDate="2014-10-28 10:47:29.161 JST" Interest="1.0" Kind="propagation" Navigation="null" OriginId="org.eclipse.ui.views.ResourceNavigator" StartDate="2014-10-28 10:47:29.161 JST" StructureHandle="/SmartProgramingAndroid2-sample/Chapter3/PianoTouchSample" StructureKind="resource"/><InteractionEvent Delta="null" EndDate="2014-10-28 11:19:36.660 JST" Interest="17.0" Kind="selection" Navigation="null" OriginId="org.eclipse.jdt.ui.CompilationUnitEditor" StartDate="2014-10-28 11:02:56.229 JST" StructureHandle="=CutPlanner_A/src&amp;lt;cp.listeners.view{V_OTL.java" StructureKind="java" NumEvents="17" CreationCount="277"/><InteractionEvent Delta="null" EndDate="2014-10-28 11:17:23.153 JST" Interest="129.04802" Kind="propagation" Navigation="org.eclipse.mylyn.core.model.edges.containment" OriginId="org.eclipse.mylyn.core.model.interest.propagation" StartDate="2014-10-28 11:02:54.221 JST" StructureHandle="=CutPlanner_A/src&amp;lt;cp.listeners.view{V_OTL.java" StructureKind="java" NumEvents="188" CreationCount="277"/><InteractionEvent Delta="null" EndDate="2014-10-28 11:09:36.398 JST" Interest="1.0" Kind="propagation" Navigation="org.eclipse.mylyn.core.model.edges.containment" OriginId="org.eclipse.mylyn.core.model.interest.propagation" StartDate="2014-10-28 11:09:36.398 JST" StructureHandle="/CutPlanner_A/gen" StructureKind="resource"/><InteractionEvent Delta="null" EndDate="2014-10-28 11:05:20.665 JST" Interest="17.0" Kind="propagation" Navigation="null" OriginId="org.eclipse.jdt.ui.CompilationUnitEditor" StartDate="2014-10-28 11:00:00.321 JST" StructureHandle="/CutPlanner_A/src/cp/utils/Tags.java" StructureKind="resource" NumEvents="17" CreationCount="219"/><InteractionEvent Delta="null" EndDate="2014-10-28 11:14:19.803 JST" Interest="1.0" Kind="selection" Navigation="null" OriginId="org.eclipse.jdt.ui.CompilationUnitEditor" StartDate="2014-10-28 11:14:19.803 JST" StructureHandle="=IFM11/src&amp;lt;ifm11.items{MyView.java[MyView" StructureKind="java"/><InteractionEvent Delta="null" EndDate="2014-10-28 11:17:27.949 JST" Interest="7.4509997" Kind="propagation" Navigation="org.eclipse.mylyn.core.model.edges.containment" OriginId="org.eclipse.mylyn.core.model.interest.propagation" StartDate="2014-10-28 11:13:19.992 JST" StructureHandle="=IFM11/src&amp;lt;ifm11.items{MyView.java[MyView" StructureKind="java" NumEvents="11" CreationCount="546"/><InteractionEvent Delta="null" EndDate="2014-10-28 11:23:54.437 JST" Interest="53.0" Kind="edit" Navigation="null" OriginId="org.eclipse.jdt.ui.CompilationUnitEditor" StartDate="2014-10-28 11:17:08.505 JST" StructureHandle="=CutPlanner_A/src&amp;lt;cp.listeners.view{V_OTL.java[V_OTL~onTouch~QView;~QMotionEvent;" StructureKind="java" NumEvents="53" CreationCount="608"/><InteractionEvent Delta="null" EndDate="2014-10-28 11:19:50.103 JST" Interest="8.0" Kind="selection" Navigation="null" OriginId="org.eclipse.jdt.ui.CompilationUnitEditor" StartDate="2014-10-28 11:17:04.572 JST" StructureHandle="=CutPlanner_A/src&amp;lt;cp.listeners.view{V_OTL.java[V_OTL~onTouch~QView;~QMotionEvent;" StructureKind="java" NumEvents="8" CreationCount="608"/></InteractionHistory>