<?xml version="1.0" encoding="UTF-8"?><InteractionHistory Id="local-3" Version="1"><InteractionEvent Delta="null" EndDate="2014-08-21 00:00:31.398 JST" Interest="39.085" Kind="propagation" Navigation="org.eclipse.mylyn.core.model.edges.containment" OriginId="org.eclipse.mylyn.core.model.interest.propagation" StartDate="2014-08-20 23:17:19.811 JST" StructureHandle="" StructureKind="java" NumEvents="40" CreationCount="1"/><InteractionEvent Delta="null" EndDate="2014-08-20 23:55:15.518 JST" Interest="1.0" Kind="selection" Navigation="null" OriginId="org.eclipse.jdt.ui.PackageExplorer" StartDate="2014-08-20 23:55:15.518 JST" StructureHandle="/TA2/res/values" StructureKind="resource"/><InteractionEvent Delta="null" EndDate="2014-08-21 00:01:07.29 JST" Interest="13.517" Kind="propagation" Navigation="org.eclipse.mylyn.core.model.edges.containment" OriginId="org.eclipse.mylyn.core.model.interest.propagation" StartDate="2014-08-20 23:55:17.697 JST" StructureHandle="/TA2/res/values" StructureKind="resource" NumEvents="19" CreationCount="87"/><InteractionEvent Delta="null" EndDate="2014-08-20 23:53:06.702 JST" Interest="1.0" Kind="propagation" Navigation="null" OriginId="org.eclipse.mylyn.resources.ui.interest.updater" StartDate="2014-08-20 23:53:06.702 JST" StructureHandle="/TA2/bin/res/crunch/drawable/actv_memo_ib_back_49x37_disabled.png" StructureKind="resource"/><InteractionEvent Delta="null" EndDate="2014-08-20 23:53:06.703 JST" Interest="1.0" Kind="propagation" Navigation="null" OriginId="org.eclipse.mylyn.resources.ui.interest.updater" StartDate="2014-08-20 23:53:06.703 JST" StructureHandle="/TA2/bin/res/crunch/drawable/actv_memo_ib_clear_41x50.png" StructureKind="resource"/><InteractionEvent Delta="null" EndDate="2014-08-20 23:53:06.703 JST" Interest="2.19" Kind="propagation" Navigation="org.eclipse.mylyn.core.model.edges.containment" OriginId="org.eclipse.mylyn.core.model.interest.propagation" StartDate="2014-08-20 23:18:05.824 JST" StructureHandle="/TA2/bin/res/crunch/drawable" StructureKind="resource" NumEvents="3" CreationCount="8"/><InteractionEvent Delta="null" EndDate="2014-08-21 00:00:31.317 JST" Interest="14.0" Kind="selection" Navigation="null" OriginId="org.eclipse.jdt.ui.CompilationUnitEditor" StartDate="2014-08-20 23:17:57.188 JST" StructureHandle="=TA2/src&amp;lt;ta2.main{MemoActv.java" StructureKind="java" NumEvents="14" CreationCount="6"/><InteractionEvent Delta="null" EndDate="2014-08-20 23:24:55.345 JST" Interest="2.1169999" Kind="propagation" Navigation="org.eclipse.mylyn.core.model.edges.containment" OriginId="org.eclipse.mylyn.core.model.interest.propagation" StartDate="2014-08-20 23:17:58.203 JST" StructureHandle="=TA2/src&amp;lt;ta2.main{MemoActv.java" StructureKind="java" NumEvents="4" CreationCount="6"/><InteractionEvent Delta="null" EndDate="2014-08-20 23:24:41.229 JST" Interest="2.0" Kind="selection" Navigation="null" OriginId="org.eclipse.jdt.ui.PackageExplorer" StartDate="2014-08-20 23:24:27.460 JST" StructureHandle="/TA2/res/drawable/delivery30 (1).png" StructureKind="resource" NumEvents="2" CreationCount="11"/><InteractionEvent Delta="null" EndDate="2014-08-20 23:24:25.979 JST" Interest="1.0" Kind="propagation" Navigation="null" OriginId="org.eclipse.mylyn.resources.ui.interest.updater" StartDate="2014-08-20 23:24:25.979 JST" StructureHandle="/TA2/res/drawable/delivery30 (1).png" StructureKind="resource"/><InteractionEvent Delta="null" EndDate="2014-08-21 00:00:31.396 JST" Interest="39.0" Kind="propagation" Navigation="org.eclipse.mylyn.core.model.edges.containment" OriginId="org.eclipse.mylyn.core.model.interest.propagation" StartDate="2014-08-20 23:17:57.189 JST" StructureHandle="/TA2/src/ta2" StructureKind="resource" NumEvents="39" CreationCount="6"/><InteractionEvent Delta="null" EndDate="2014-08-20 23:44:17.84 JST" Interest="3.0" Kind="selection" Navigation="null" OriginId="org.eclipse.jdt.ui.PackageExplorer" StartDate="2014-08-20 23:43:46.927 JST" StructureHandle="/TA2/res/drawable/recycling10_41x50.png" StructureKind="resource" NumEvents="3" CreationCount="61"/><InteractionEvent Delta="null" EndDate="2014-08-20 23:43:45.447 JST" Interest="1.0" Kind="propagation" Navigation="null" OriginId="org.eclipse.mylyn.resources.ui.interest.updater" StartDate="2014-08-20 23:43:45.447 JST" StructureHandle="/TA2/res/drawable/recycling10_41x50.png" StructureKind="resource"/><InteractionEvent Delta="null" EndDate="2014-08-21 00:00:31.396 JST" Interest="39.0" Kind="propagation" Navigation="null" OriginId="org.eclipse.jdt.ui.CompilationUnitEditor" StartDate="2014-08-20 23:17:57.188 JST" StructureHandle="/TA2/src/ta2/main/MemoActv.java" StructureKind="resource" NumEvents="39" CreationCount="6"/><InteractionEvent Delta="null" EndDate="2014-08-21 00:00:31.396 JST" Interest="15.47" Kind="propagation" Navigation="org.eclipse.mylyn.core.model.edges.containment" OriginId="org.eclipse.mylyn.core.model.interest.propagation" StartDate="2014-08-20 23:17:58.202 JST" StructureHandle="=TA2/src&amp;lt;ta2.main{MemoActv.java[MemoActv" StructureKind="java" NumEvents="22" CreationCount="7"/><InteractionEvent Delta="null" EndDate="2014-08-21 00:00:31.318 JST" Interest="16.117" Kind="propagation" Navigation="org.eclipse.mylyn.core.model.edges.containment" OriginId="org.eclipse.mylyn.core.model.interest.propagation" StartDate="2014-08-20 23:17:57.189 JST" StructureHandle="=TA2/src&amp;lt;ta2.main" StructureKind="java" NumEvents="22" CreationCount="6"/><InteractionEvent Delta="null" EndDate="2014-08-20 23:53:06.702 JST" Interest="1.0" Kind="propagation" Navigation="null" OriginId="org.eclipse.mylyn.resources.ui.interest.updater" StartDate="2014-08-20 23:53:06.702 JST" StructureHandle="/TA2/bin/res/crunch/drawable/actv_memo_ib_back_49x37.png" StructureKind="resource"/><InteractionEvent Delta="null" EndDate="2014-08-20 23:53:06.704 JST" Interest="2.19" Kind="propagation" Navigation="org.eclipse.mylyn.core.model.edges.containment" OriginId="org.eclipse.mylyn.core.model.interest.propagation" StartDate="2014-08-20 23:18:05.824 JST" StructureHandle="/TA2/bin/res" StructureKind="resource" NumEvents="3" CreationCount="8"/><InteractionEvent Delta="null" EndDate="2014-08-20 23:55:11.886 JST" Interest="2.0" Kind="selection" Navigation="null" OriginId="org.eclipse.jdt.ui.PackageExplorer" StartDate="2014-08-20 23:51:30.377 JST" StructureHandle="/TA2/res/drawable/actv_memo_ib_back_49x37_disabled.png" StructureKind="resource" NumEvents="2" CreationCount="71"/><InteractionEvent Delta="null" EndDate="2014-08-20 23:51:27.217 JST" Interest="1.0" Kind="propagation" Navigation="null" OriginId="org.eclipse.mylyn.resources.ui.interest.updater" StartDate="2014-08-20 23:51:27.217 JST" StructureHandle="/TA2/res/drawable/actv_memo_ib_back_49x37_disabled.png" StructureKind="resource"/><InteractionEvent Delta="null" EndDate="2014-08-20 23:45:21.896 JST" Interest="1.0" Kind="selection" Navigation="null" OriginId="org.eclipse.jdt.ui.PackageExplorer" StartDate="2014-08-20 23:45:21.896 JST" StructureHandle="/TA2/res/drawable/actv_memo_ib_back.png" StructureKind="resource"/><InteractionEvent Delta="null" EndDate="2014-08-20 23:40:56.303 JST" Interest="1.0" Kind="propagation" Navigation="null" OriginId="org.eclipse.mylyn.resources.ui.interest.updater" StartDate="2014-08-20 23:40:56.303 JST" StructureHandle="/TA2/res/drawable/actv_memo_ib_back.png" StructureKind="resource"/><InteractionEvent Delta="null" EndDate="2014-08-20 23:53:06.699 JST" Interest="2.0" Kind="prediction" Navigation="null" OriginId="org.eclipse.mylyn.resources.ui.interest.updater" StartDate="2014-08-20 23:18:05.823 JST" StructureHandle="/TA2/bin/TA2.apk" StructureKind="resource" NumEvents="2" CreationCount="8"/><InteractionEvent Delta="null" EndDate="2014-08-20 23:53:06.703 JST" Interest="2.19" Kind="propagation" Navigation="org.eclipse.mylyn.core.model.edges.containment" OriginId="org.eclipse.mylyn.core.model.interest.propagation" StartDate="2014-08-20 23:18:05.824 JST" StructureHandle="/TA2/bin/res/crunch" StructureKind="resource" NumEvents="3" CreationCount="8"/><InteractionEvent Delta="null" EndDate="2014-08-20 23:18:05.829 JST" Interest="1.0" Kind="propagation" Navigation="null" OriginId="org.eclipse.mylyn.resources.ui.interest.updater" StartDate="2014-08-20 23:18:05.829 JST" StructureHandle="/TA2/bin/res/crunch/drawable/actv_memo_ib_save.png" StructureKind="resource"/><InteractionEvent Delta="null" EndDate="2014-08-20 23:53:06.703 JST" Interest="1.0" Kind="propagation" Navigation="null" OriginId="org.eclipse.mylyn.resources.ui.interest.updater" StartDate="2014-08-20 23:53:06.703 JST" StructureHandle="/TA2/bin/res/crunch/drawable/actv_memo_ib_clear_41x50_disabled.png" StructureKind="resource"/><InteractionEvent Delta="null" EndDate="2014-08-20 23:45:50.872 JST" Interest="7.6" Kind="propagation" Navigation="org.eclipse.mylyn.core.model.edges.containment" OriginId="org.eclipse.mylyn.core.model.interest.propagation" StartDate="2014-08-20 23:17:19.809 JST" StructureHandle="/TA2/assets" StructureKind="resource" NumEvents="10" CreationCount="1"/><InteractionEvent Delta="null" EndDate="2014-08-20 23:17:21.990 JST" Interest="1.0" Kind="propagation" Navigation="null" OriginId="org.eclipse.ui.views.ResourceNavigator" StartDate="2014-08-20 23:17:21.990 JST" StructureHandle="/app.twitter/src/app/twitter" StructureKind="resource"/><InteractionEvent Delta="null" EndDate="2014-08-21 00:01:55.276 JST" Interest="140.0" Kind="propagation" Navigation="org.eclipse.mylyn.core.model.edges.containment" OriginId="org.eclipse.mylyn.core.model.interest.propagation" StartDate="2014-08-20 23:17:19.810 JST" StructureHandle="/" StructureKind="resource" NumEvents="140" CreationCount="1"/><InteractionEvent Delta="null" EndDate="2014-08-20 23:53:06.703 JST" Interest="1.0" Kind="propagation" Navigation="null" OriginId="org.eclipse.mylyn.resources.ui.interest.updater" StartDate="2014-08-20 23:53:06.703 JST" StructureHandle="/TA2/bin/res/crunch/drawable/actv_memo_ib_save_64x64_disabled.png" StructureKind="resource"/><InteractionEvent Delta="null" EndDate="2014-08-20 23:40:05.850 JST" Interest="1.0" Kind="selection" Navigation="null" OriginId="org.eclipse.jdt.ui.PackageExplorer" StartDate="2014-08-20 23:40:05.850 JST" StructureHandle="/TA2/res/drawable/app_icon_93x93_modified.png" StructureKind="resource"/><InteractionEvent Delta="null" EndDate="2014-08-20 23:25:22.208 JST" Interest="1.0" Kind="propagation" Navigation="null" OriginId="org.eclipse.mylyn.resources.ui.interest.updater" StartDate="2014-08-20 23:25:22.208 JST" StructureHandle="/TA2/bin/res/crunch/drawable/actv_memo_ib_save_64x64.png" StructureKind="resource"/><InteractionEvent Delta="null" EndDate="2014-08-20 23:40:05.100 JST" Interest="1.0" Kind="propagation" Navigation="null" OriginId="org.eclipse.mylyn.resources.ui.interest.updater" StartDate="2014-08-20 23:40:05.100 JST" StructureHandle="/TA2/res/drawable/actv_memo_ib_save_64x64_disabled.png" StructureKind="resource"/><InteractionEvent Delta="null" EndDate="2014-08-20 23:53:06.704 JST" Interest="2.19" Kind="propagation" Navigation="org.eclipse.mylyn.core.model.edges.containment" OriginId="org.eclipse.mylyn.core.model.interest.propagation" StartDate="2014-08-20 23:18:05.823 JST" StructureHandle="/TA2/bin" StructureKind="resource" NumEvents="4" CreationCount="8"/><InteractionEvent Delta="null" EndDate="2014-08-20 23:17:21.990 JST" Interest="1.0" Kind="propagation" Navigation="org.eclipse.mylyn.core.model.edges.containment" OriginId="org.eclipse.mylyn.core.model.interest.propagation" StartDate="2014-08-20 23:17:21.990 JST" StructureHandle="=app.twitter/src" StructureKind="java"/><InteractionEvent Delta="null" EndDate="2014-08-21 00:00:31.396 JST" Interest="39.0" Kind="propagation" Navigation="org.eclipse.mylyn.core.model.edges.containment" OriginId="org.eclipse.mylyn.core.model.interest.propagation" StartDate="2014-08-20 23:17:57.189 JST" StructureHandle="/TA2/src/ta2/main" StructureKind="resource" NumEvents="39" CreationCount="6"/><InteractionEvent Delta="null" EndDate="2014-08-20 23:24:37.662 JST" Interest="2.0" Kind="selection" Navigation="null" OriginId="org.eclipse.jdt.ui.PackageExplorer" StartDate="2014-08-20 23:24:34.806 JST" StructureHandle="/TA2/res/drawable/actv_memo_ib_save.png" StructureKind="resource" NumEvents="2" CreationCount="13"/><InteractionEvent Delta="null" EndDate="2014-08-21 00:00:31.397 JST" Interest="39.0" Kind="propagation" Navigation="org.eclipse.mylyn.core.model.edges.containment" OriginId="org.eclipse.mylyn.core.model.interest.propagation" StartDate="2014-08-20 23:17:57.189 JST" StructureHandle="/TA2/src" StructureKind="resource" NumEvents="39" CreationCount="6"/><InteractionEvent Delta="null" EndDate="2014-08-21 00:01:55.276 JST" Interest="18.8" Kind="propagation" Navigation="org.eclipse.mylyn.core.model.edges.containment" OriginId="org.eclipse.mylyn.core.model.interest.propagation" StartDate="2014-08-20 23:17:28.167 JST" StructureHandle="/TA2/res/layout" StructureKind="resource" NumEvents="20" CreationCount="5"/><InteractionEvent Delta="null" EndDate="2014-08-21 00:00:31.397 JST" Interest="39.085" Kind="propagation" Navigation="org.eclipse.mylyn.core.model.edges.containment" OriginId="org.eclipse.mylyn.core.model.interest.propagation" StartDate="2014-08-20 23:17:19.810 JST" StructureHandle="=TA2" StructureKind="resource" NumEvents="40" CreationCount="1"/><InteractionEvent Delta="null" EndDate="2014-08-20 23:51:26.40 JST" Interest="5.0" Kind="selection" Navigation="null" OriginId="org.eclipse.jdt.ui.PackageExplorer" StartDate="2014-08-20 23:24:23.176 JST" StructureHandle="/TA2/res/drawable" StructureKind="resource" NumEvents="5" CreationCount="11"/><InteractionEvent Delta="null" EndDate="2014-08-20 23:24:41.230 JST" Interest="2.0" Kind="propagation" Navigation="org.eclipse.mylyn.core.model.edges.containment" OriginId="org.eclipse.mylyn.core.model.interest.propagation" StartDate="2014-08-20 23:24:27.461 JST" StructureHandle="/TA2/res/drawable" StructureKind="resource" NumEvents="3" CreationCount="11"/><InteractionEvent Delta="null" EndDate="2014-08-20 23:17:58.201 JST" Interest="1.0" Kind="selection" Navigation="null" OriginId="org.eclipse.jdt.ui.CompilationUnitEditor" StartDate="2014-08-20 23:17:58.201 JST" StructureHandle="=TA2/src&amp;lt;ta2.main{MemoActv.java[MemoActv~finish" StructureKind="java"/><InteractionEvent Delta="null" EndDate="2014-08-20 23:24:55.343 JST" Interest="3.0" Kind="edit" Navigation="null" OriginId="org.eclipse.jdt.ui.CompilationUnitEditor" StartDate="2014-08-20 23:17:58.231 JST" StructureHandle="=TA2/src&amp;lt;ta2.main{MemoActv.java[MemoActv~finish" StructureKind="java" NumEvents="3" CreationCount="7"/><InteractionEvent Delta="null" EndDate="2014-08-20 23:17:21.990 JST" Interest="1.0" Kind="propagation" Navigation="org.eclipse.mylyn.core.model.edges.containment" OriginId="org.eclipse.mylyn.core.model.interest.propagation" StartDate="2014-08-20 23:17:21.990 JST" StructureHandle="/app.twitter/src/app" StructureKind="resource"/><InteractionEvent Delta="null" EndDate="2014-08-20 23:40:13.379 JST" Interest="2.0" Kind="selection" Navigation="null" OriginId="org.eclipse.ui.DefaultTextEditor" StartDate="2014-08-20 23:17:19.796 JST" StructureHandle="/TA2/assets/image_list.txt" StructureKind="resource" NumEvents="2" CreationCount="1"/><InteractionEvent Delta="null" EndDate="2014-08-20 23:45:50.871 JST" Interest="8.0" Kind="edit" Navigation="null" OriginId="org.eclipse.ui.DefaultTextEditor" StartDate="2014-08-20 23:17:19.909 JST" StructureHandle="/TA2/assets/image_list.txt" StructureKind="resource" NumEvents="8" CreationCount="1"/><InteractionEvent Delta="null" EndDate="2014-08-20 23:17:21.990 JST" Interest="1.0" Kind="propagation" Navigation="org.eclipse.mylyn.core.model.edges.containment" OriginId="org.eclipse.mylyn.core.model.interest.propagation" StartDate="2014-08-20 23:17:21.990 JST" StructureHandle="=app.twitter" StructureKind="resource"/><InteractionEvent Delta="null" EndDate="2014-08-21 00:01:07.28 JST" Interest="4.0" Kind="selection" Navigation="null" OriginId="org.eclipse.jdt.ui.PackageExplorer" StartDate="2014-08-20 23:55:17.697 JST" StructureHandle="/TA2/res/values/colors.xml" StructureKind="resource" NumEvents="4" CreationCount="88"/><InteractionEvent Delta="null" EndDate="2014-08-20 23:59:56.326 JST" Interest="15.0" Kind="edit" Navigation="null" OriginId="com.android.ide.eclipse.editors.CommonXmlEditor" StartDate="2014-08-20 23:57:26.273 JST" StructureHandle="/TA2/res/values/colors.xml" StructureKind="resource" NumEvents="15" CreationCount="88"/><InteractionEvent Delta="null" EndDate="2014-08-21 00:01:07.192 JST" Interest="1.0" Kind="selection" Navigation="null" OriginId="org.eclipse.jdt.ui.PackageExplorer" StartDate="2014-08-21 00:01:07.192 JST" StructureHandle="/TA2/res/drawable/actv_memo_ib_clear_41x50_disabled.png" StructureKind="resource"/><InteractionEvent Delta="null" EndDate="2014-08-20 23:51:27.217 JST" Interest="1.0" Kind="propagation" Navigation="null" OriginId="org.eclipse.mylyn.resources.ui.interest.updater" StartDate="2014-08-20 23:51:27.217 JST" StructureHandle="/TA2/res/drawable/actv_memo_ib_clear_41x50_disabled.png" StructureKind="resource"/><InteractionEvent Delta="null" EndDate="2014-08-20 23:53:06.699 JST" Interest="2.0" Kind="prediction" Navigation="null" OriginId="org.eclipse.mylyn.resources.ui.interest.updater" StartDate="2014-08-20 23:18:05.823 JST" StructureHandle="/TA2/bin/classes.dex" StructureKind="resource" NumEvents="2" CreationCount="8"/><InteractionEvent Delta="null" EndDate="2014-08-20 23:24:21.223 JST" Interest="1.0" Kind="selection" Navigation="null" OriginId="org.eclipse.jdt.ui.PackageExplorer" StartDate="2014-08-20 23:24:21.223 JST" StructureHandle="/TA2/res" StructureKind="resource"/><InteractionEvent Delta="null" EndDate="2014-08-21 00:01:55.276 JST" Interest="17.8" Kind="propagation" Navigation="org.eclipse.mylyn.core.model.edges.containment" OriginId="org.eclipse.mylyn.core.model.interest.propagation" StartDate="2014-08-20 23:17:28.167 JST" StructureHandle="/TA2/res" StructureKind="resource" NumEvents="23" CreationCount="5"/><InteractionEvent Delta="null" EndDate="2014-08-20 23:55:11.978 JST" Interest="1.0" Kind="selection" Navigation="null" OriginId="org.eclipse.jdt.ui.PackageExplorer" StartDate="2014-08-20 23:55:11.978 JST" StructureHandle="/TA2/res/drawable/actv_memo_ib_clear_41x50.png" StructureKind="resource"/><InteractionEvent Delta="null" EndDate="2014-08-20 23:45:42.233 JST" Interest="1.0" Kind="propagation" Navigation="null" OriginId="org.eclipse.mylyn.resources.ui.interest.updater" StartDate="2014-08-20 23:45:42.233 JST" StructureHandle="/TA2/res/drawable/actv_memo_ib_clear_41x50.png" StructureKind="resource"/><InteractionEvent Delta="null" EndDate="2014-08-20 23:36:23.195 JST" Interest="1.0" Kind="selection" Navigation="null" OriginId="org.eclipse.jdt.ui.PackageExplorer" StartDate="2014-08-20 23:36:23.195 JST" StructureHandle="/TA2/res/drawable/actv_memo_ib_save_64x64.png" StructureKind="resource"/><InteractionEvent Delta="null" EndDate="2014-08-20 23:24:52.862 JST" Interest="1.0" Kind="propagation" Navigation="null" OriginId="org.eclipse.mylyn.resources.ui.interest.updater" StartDate="2014-08-20 23:24:52.862 JST" StructureHandle="/TA2/res/drawable/actv_memo_ib_save_64x64.png" StructureKind="resource"/><InteractionEvent Delta="null" EndDate="2014-08-20 23:25:00.187 JST" Interest="2.0" Kind="selection" Navigation="null" OriginId="org.eclipse.ui.views.ContentOutline" StartDate="2014-08-20 23:24:56.80 JST" StructureHandle="=TA2/src&amp;lt;ta2.main{MemoActv.java[MemoActv~onCreate~QBundle;" StructureKind="java" NumEvents="2" CreationCount="17"/><InteractionEvent Delta="null" EndDate="2014-08-21 00:00:31.395 JST" Interest="19.0" Kind="edit" Navigation="null" OriginId="org.eclipse.jdt.ui.CompilationUnitEditor" StartDate="2014-08-20 23:25:20.323 JST" StructureHandle="=TA2/src&amp;lt;ta2.main{MemoActv.java[MemoActv~onCreate~QBundle;" StructureKind="java" NumEvents="19" CreationCount="17"/><InteractionEvent Delta="null" EndDate="2014-08-20 23:18:05.822 JST" Interest="1.0" Kind="prediction" Navigation="null" OriginId="org.eclipse.mylyn.resources.ui.interest.updater" StartDate="2014-08-20 23:18:05.822 JST" StructureHandle="/TA2/bin/res/crunch/drawable/actv_main_bt_memo_128x128_disabled.png" StructureKind="resource"/><InteractionEvent Delta="null" EndDate="2014-08-20 23:45:34.56 JST" Interest="1.0" Kind="selection" Navigation="null" OriginId="org.eclipse.jdt.ui.PackageExplorer" StartDate="2014-08-20 23:45:34.56 JST" StructureHandle="/TA2/res/drawable/actv_memo_ib_clear.png" StructureKind="resource"/><InteractionEvent Delta="null" EndDate="2014-08-20 23:44:20.670 JST" Interest="1.0" Kind="propagation" Navigation="null" OriginId="org.eclipse.mylyn.resources.ui.interest.updater" StartDate="2014-08-20 23:44:20.670 JST" StructureHandle="/TA2/res/drawable/actv_memo_ib_clear.png" StructureKind="resource"/><InteractionEvent Delta="null" EndDate="2014-08-20 23:40:52.258 JST" Interest="3.0" Kind="selection" Navigation="null" OriginId="org.eclipse.jdt.ui.PackageExplorer" StartDate="2014-08-20 23:40:09.474 JST" StructureHandle="/TA2/res/drawable/reply_49x37.png" StructureKind="resource" NumEvents="3" CreationCount="52"/><InteractionEvent Delta="null" EndDate="2014-08-20 23:40:04.87 JST" Interest="1.0" Kind="propagation" Navigation="null" OriginId="org.eclipse.mylyn.resources.ui.interest.updater" StartDate="2014-08-20 23:40:04.87 JST" StructureHandle="/TA2/res/drawable/reply_49x37.png" StructureKind="resource"/><InteractionEvent Delta="null" EndDate="2014-08-20 23:17:21.989 JST" Interest="1.0" Kind="selection" Navigation="null" OriginId="org.eclipse.ui.views.ResourceNavigator" StartDate="2014-08-20 23:17:21.989 JST" StructureHandle="=app.twitter/src&amp;lt;app.twitter" StructureKind="java"/><InteractionEvent Delta="null" EndDate="2014-08-21 00:01:55.276 JST" Interest="140.0" Kind="propagation" Navigation="null" OriginId="com.android.ide.eclipse.editors.CommonXmlEditor" StartDate="2014-08-20 23:17:19.810 JST" StructureHandle="/TA2" StructureKind="resource" NumEvents="140" CreationCount="1"/><InteractionEvent Delta="null" EndDate="2014-08-20 23:51:18.340 JST" Interest="1.0" Kind="selection" Navigation="null" OriginId="org.eclipse.jdt.ui.PackageExplorer" StartDate="2014-08-20 23:51:18.340 JST" StructureHandle="/TA2/res/drawable/actv_main_bt_memo_128x128_disabled.png" StructureKind="resource"/><InteractionEvent Delta="null" EndDate="2014-08-20 23:45:31.481 JST" Interest="1.0" Kind="propagation" Navigation="null" OriginId="org.eclipse.mylyn.resources.ui.interest.updater" StartDate="2014-08-20 23:45:31.481 JST" StructureHandle="/TA2/res/drawable/actv_memo_ib_back_49x37.png" StructureKind="resource"/><InteractionEvent Delta="null" EndDate="2014-08-20 23:17:21.990 JST" Interest="1.0" Kind="propagation" Navigation="org.eclipse.mylyn.core.model.edges.containment" OriginId="org.eclipse.mylyn.core.model.interest.propagation" StartDate="2014-08-20 23:17:21.990 JST" StructureHandle="/app.twitter/src" StructureKind="resource"/><InteractionEvent Delta="null" EndDate="2014-08-20 23:18:05.823 JST" Interest="1.0" Kind="prediction" Navigation="null" OriginId="org.eclipse.mylyn.resources.ui.interest.updater" StartDate="2014-08-20 23:18:05.823 JST" StructureHandle="/TA2/bin/res/crunch/drawable/actv_main_bt_list_128x128_disabled.png" StructureKind="resource"/><InteractionEvent Delta="null" EndDate="2014-08-21 00:00:31.319 JST" Interest="16.117" Kind="propagation" Navigation="org.eclipse.mylyn.core.model.edges.containment" OriginId="org.eclipse.mylyn.core.model.interest.propagation" StartDate="2014-08-20 23:17:57.190 JST" StructureHandle="=TA2/src" StructureKind="java" NumEvents="22" CreationCount="6"/><InteractionEvent Delta="null" EndDate="2014-08-20 23:53:06.699 JST" Interest="2.0" Kind="prediction" Navigation="null" OriginId="org.eclipse.mylyn.resources.ui.interest.updater" StartDate="2014-08-20 23:18:05.822 JST" StructureHandle="/TA2/bin/resources.ap_" StructureKind="resource" NumEvents="2" CreationCount="8"/><InteractionEvent Delta="null" EndDate="2014-08-21 00:01:55.275 JST" Interest="16.0" Kind="selection" Navigation="null" OriginId="com.android.ide.eclipse.editors.CommonXmlEditor" StartDate="2014-08-20 23:17:28.166 JST" StructureHandle="/TA2/res/layout/actv_memo.xml" StructureKind="resource" NumEvents="16" CreationCount="5"/><InteractionEvent Delta="null" EndDate="2014-08-21 00:00:29.368 JST" Interest="4.0" Kind="edit" Navigation="null" OriginId="com.android.ide.eclipse.editors.CommonXmlEditor" StartDate="2014-08-20 23:32:48.67 JST" StructureHandle="/TA2/res/layout/actv_memo.xml" StructureKind="resource" NumEvents="4" CreationCount="5"/></InteractionHistory>