<?xml version="1.0" encoding="UTF-8"?><InteractionHistory Id="local-162" Version="1"><InteractionEvent Delta="null" EndDate="2014-10-16 09:57:30.582 JST" Interest="441.119" Kind="propagation" Navigation="org.eclipse.mylyn.core.model.edges.containment" OriginId="org.eclipse.mylyn.core.model.interest.propagation" StartDate="2014-10-16 09:29:04.391 JST" StructureHandle="" StructureKind="java" NumEvents="445" CreationCount="1"/><InteractionEvent Delta="null" EndDate="2014-10-16 09:47:13.380 JST" Interest="24.674" Kind="propagation" Navigation="org.eclipse.mylyn.core.model.edges.containment" OriginId="org.eclipse.mylyn.core.model.interest.propagation" StartDate="2014-10-16 09:42:25.867 JST" StructureHandle="=IFM11/src&amp;lt;ifm11.main{LogActv.java[LogActv" StructureKind="java" NumEvents="31" CreationCount="405"/><InteractionEvent Delta="null" EndDate="2014-10-16 09:45:17.56 JST" Interest="3.0" Kind="edit" Navigation="null" OriginId="org.eclipse.jdt.ui.CompilationUnitEditor" StartDate="2014-10-16 09:45:15.877 JST" StructureHandle="=IFM11/src&amp;lt;ifm11.main{LogActv.java[LogActv" StructureKind="java" NumEvents="3" CreationCount="405"/><InteractionEvent Delta="null" EndDate="2014-10-16 09:45:15.874 JST" Interest="1.0" Kind="selection" Navigation="null" OriginId="org.eclipse.jdt.ui.CompilationUnitEditor" StartDate="2014-10-16 09:45:15.874 JST" StructureHandle="=IFM11/src&amp;lt;ifm11.main{LogActv.java[LogActv" StructureKind="java"/><InteractionEvent Delta="null" EndDate="2014-10-16 09:57:30.742 JST" Interest="1.0" Kind="prediction" Navigation="null" OriginId="org.eclipse.mylyn.resources.ui.interest.updater" StartDate="2014-10-16 09:57:30.742 JST" StructureHandle="/TA2/res/layout/list_row_simple_2.xml" StructureKind="resource"/><InteractionEvent Delta="null" EndDate="2014-10-16 09:42:53.72 JST" Interest="3.0" Kind="propagation" Navigation="null" OriginId="org.eclipse.ui.views.ResourceNavigator" StartDate="2014-10-16 09:42:53.70 JST" StructureHandle="/IFM11/src/ifm11/comps" StructureKind="resource" NumEvents="3" CreationCount="431"/><InteractionEvent Delta="null" EndDate="2014-10-16 09:51:31.695 JST" Interest="4.0" Kind="propagation" Navigation="null" OriginId="org.eclipse.jdt.ui.CompilationUnitEditor" StartDate="2014-10-16 09:51:09.93 JST" StructureHandle="/TA2/src/ta2/utils/DBUtils.java" StructureKind="resource" NumEvents="4" CreationCount="690"/><InteractionEvent Delta="null" EndDate="2014-10-16 09:57:29.610 JST" Interest="30.0" Kind="propagation" Navigation="null" OriginId="org.eclipse.jdt.ui.CompilationUnitEditor" StartDate="2014-10-16 09:50:36.97 JST" StructureHandle="/TA2/src/ta2/utils" StructureKind="resource" NumEvents="30" CreationCount="682"/><InteractionEvent Delta="null" EndDate="2014-10-16 09:57:30.572 JST" Interest="246.017" Kind="propagation" Navigation="org.eclipse.mylyn.core.model.edges.containment" OriginId="org.eclipse.mylyn.core.model.interest.propagation" StartDate="2014-10-16 09:29:11.325 JST" StructureHandle="/TA2/src/ta2" StructureKind="resource" NumEvents="247" CreationCount="7"/><InteractionEvent Delta="null" EndDate="2014-10-16 09:57:30.742 JST" Interest="1.0" Kind="prediction" Navigation="null" OriginId="org.eclipse.mylyn.resources.ui.interest.updater" StartDate="2014-10-16 09:57:30.742 JST" StructureHandle="/TA2/AndroidManifest.xml" StructureKind="resource"/><InteractionEvent Delta="null" EndDate="2014-10-16 09:42:58.754 JST" Interest="5.8340006" Kind="manipulation" Navigation="null" OriginId="org.eclipse.mylyn.core.model.interest.decay.correction" StartDate="2014-10-16 09:42:58.754 JST" StructureHandle="=TA2/src&amp;lt;ta2.main{ShowLogActv.java%ta2.main" StructureKind="java"/><InteractionEvent Delta="null" EndDate="2014-10-16 09:42:58.754 JST" Interest="2.0" Kind="selection" Navigation="null" OriginId="org.eclipse.ui.views.ContentOutline" StartDate="2014-10-16 09:29:35.920 JST" StructureHandle="=TA2/src&amp;lt;ta2.main{ShowLogActv.java%ta2.main" StructureKind="java" NumEvents="2" CreationCount="35"/><InteractionEvent Delta="null" EndDate="2014-10-16 09:38:33.813 JST" Interest="1.0" Kind="selection" Navigation="null" OriginId="org.eclipse.jdt.ui.CompilationUnitEditor" StartDate="2014-10-16 09:38:33.813 JST" StructureHandle="=TA2/src&amp;lt;ta2.listeners.button{BO_CL.java[BO_CL~case_ACTV_SHOWLOG_IB_UP" StructureKind="java"/><InteractionEvent Delta="null" EndDate="2014-10-16 09:45:58.585 JST" Interest="1.0" Kind="propagation" Navigation="org.eclipse.mylyn.core.model.edges.containment" OriginId="org.eclipse.mylyn.core.model.interest.propagation" StartDate="2014-10-16 09:45:58.585 JST" StructureHandle="/IFM11/bin" StructureKind="resource"/><InteractionEvent Delta="null" EndDate="2014-10-16 09:52:51.188 JST" Interest="4.0" Kind="prediction" Navigation="null" OriginId="org.eclipse.mylyn.resources.ui.interest.updater" StartDate="2014-10-16 09:40:34.822 JST" StructureHandle="/TA2/bin/TA2.apk" StructureKind="resource" NumEvents="4" CreationCount="381"/><InteractionEvent Delta="null" EndDate="2014-10-16 09:41:49.123 JST" Interest="2.0" Kind="edit" Navigation="null" OriginId="org.eclipse.jdt.ui.CompilationUnitEditor" StartDate="2014-10-16 09:41:48.543 JST" StructureHandle="=TA2/src&amp;lt;ta2.listeners.button{BO_CL.java[BO_CL~case_ACTV_SHOWLOG_IB_TOP" StructureKind="java" NumEvents="2" CreationCount="382"/><InteractionEvent Delta="null" EndDate="2014-10-16 09:41:01.309 JST" Interest="1.0" Kind="selection" Navigation="null" OriginId="org.eclipse.jdt.ui.CompilationUnitEditor" StartDate="2014-10-16 09:41:01.309 JST" StructureHandle="=TA2/src&amp;lt;ta2.listeners.button{BO_CL.java[BO_CL~case_ACTV_SHOWLOG_IB_TOP" StructureKind="java"/><InteractionEvent Delta="null" EndDate="2014-10-16 09:50:15.96 JST" Interest="37.0" Kind="propagation" Navigation="null" OriginId="org.eclipse.jdt.ui.PackageExplorer" StartDate="2014-10-16 09:49:18.895 JST" StructureHandle="/TA2/src/ta2/tasks/Task_FTP.java" StructureKind="resource" NumEvents="37" CreationCount="633"/><InteractionEvent Delta="null" EndDate="2014-10-16 09:50:14.547 JST" Interest="18.219" Kind="propagation" Navigation="org.eclipse.mylyn.core.model.edges.containment" OriginId="org.eclipse.mylyn.core.model.interest.propagation" StartDate="2014-10-16 09:49:22.429 JST" StructureHandle="=TA2/src&amp;lt;ta2.tasks{Task_FTP.java[Task_FTP" StructureKind="java" NumEvents="26" CreationCount="638"/><InteractionEvent Delta="null" EndDate="2014-10-16 09:51:31.696 JST" Interest="1.417" Kind="propagation" Navigation="org.eclipse.mylyn.core.model.edges.containment" OriginId="org.eclipse.mylyn.core.model.interest.propagation" StartDate="2014-10-16 09:51:09.952 JST" StructureHandle="=TA2/src&amp;lt;ta2.utils{DBUtils.java" StructureKind="java" NumEvents="3" CreationCount="690"/><InteractionEvent Delta="null" EndDate="2014-10-16 09:51:09.93 JST" Interest="1.0" Kind="selection" Navigation="null" OriginId="org.eclipse.jdt.ui.CompilationUnitEditor" StartDate="2014-10-16 09:51:09.93 JST" StructureHandle="=TA2/src&amp;lt;ta2.utils{DBUtils.java" StructureKind="java"/><InteractionEvent Delta="null" EndDate="2014-10-16 09:47:13.972 JST" Interest="260.221" Kind="propagation" Navigation="org.eclipse.mylyn.core.model.edges.containment" OriginId="org.eclipse.mylyn.core.model.interest.propagation" StartDate="2014-10-16 09:29:04.391 JST" StructureHandle="=IFM11" StructureKind="resource" NumEvents="262" CreationCount="1"/><InteractionEvent Delta="null" EndDate="2014-10-16 09:45:26.95 JST" Interest="2.0" Kind="propagation" Navigation="org.eclipse.mylyn.core.model.edges.containment" OriginId="org.eclipse.mylyn.core.model.interest.propagation" StartDate="2014-10-16 09:45:26.92 JST" StructureHandle="=IFM11/src&amp;lt;ifm11.main{LogActv.java#" StructureKind="java" NumEvents="2" CreationCount="535"/><InteractionEvent Delta="null" EndDate="2014-10-16 09:45:28.46 JST" Interest="2.0" Kind="selection" Navigation="null" OriginId="org.eclipse.jdt.ui.CompilationUnitEditor" StartDate="2014-10-16 09:45:28.43 JST" StructureHandle="=IFM11/src&amp;lt;ifm11.main{LogActv.java#" StructureKind="java" NumEvents="2" CreationCount="535"/><InteractionEvent Delta="null" EndDate="2014-10-16 09:57:29.609 JST" Interest="13.334" Kind="propagation" Navigation="org.eclipse.mylyn.core.model.edges.containment" OriginId="org.eclipse.mylyn.core.model.interest.propagation" StartDate="2014-10-16 09:50:44.818 JST" StructureHandle="=TA2/src&amp;lt;ta2.utils{Methods.java" StructureKind="java" NumEvents="20" CreationCount="682"/><InteractionEvent Delta="null" EndDate="2014-10-16 09:51:47.558 JST" Interest="3.0" Kind="selection" Navigation="null" OriginId="org.eclipse.jdt.ui.CompilationUnitEditor" StartDate="2014-10-16 09:50:36.96 JST" StructureHandle="=TA2/src&amp;lt;ta2.utils{Methods.java" StructureKind="java" NumEvents="3" CreationCount="682"/><InteractionEvent Delta="null" EndDate="2014-10-16 09:36:06.92 JST" Interest="12.646001" Kind="propagation" Navigation="org.eclipse.mylyn.core.model.edges.containment" OriginId="org.eclipse.mylyn.core.model.interest.propagation" StartDate="2014-10-16 09:30:46.357 JST" StructureHandle="=TA2/src&amp;lt;ta2.listeners.button{BO_TL.java[BO_TL" StructureKind="java" NumEvents="14" CreationCount="53"/><InteractionEvent Delta="null" EndDate="2014-10-16 09:57:30.746 JST" Interest="726.0" Kind="propagation" Navigation="null" OriginId="org.eclipse.mylyn.resources.ui.interest.updater" StartDate="2014-10-16 09:29:04.391 JST" StructureHandle="/" StructureKind="resource" NumEvents="726" CreationCount="1"/><InteractionEvent Delta="null" EndDate="2014-10-16 09:30:46.357 JST" Interest="1.0" Kind="selection" Navigation="null" OriginId="org.eclipse.jdt.ui.CompilationUnitEditor" StartDate="2014-10-16 09:30:46.357 JST" StructureHandle="=TA2/src&amp;lt;ta2.listeners.button{BO_TL.java[BO_TL~BO_TL~QActivity;" StructureKind="java"/><InteractionEvent Delta="null" EndDate="2014-10-16 09:50:15.254 JST" Interest="1.0" Kind="propagation" Navigation="null" OriginId="org.eclipse.jdt.ui.PackageExplorer" StartDate="2014-10-16 09:50:15.254 JST" StructureHandle="/TA2/src/ta2/main/TEMPLATEActv.java" StructureKind="resource"/><InteractionEvent Delta="null" EndDate="2014-10-16 09:49:20.684 JST" Interest="34.805" Kind="propagation" Navigation="org.eclipse.mylyn.core.model.edges.containment" OriginId="org.eclipse.mylyn.core.model.interest.propagation" StartDate="2014-10-16 09:42:00.335 JST" StructureHandle="=TA2/src&amp;lt;ta2.main{LogActv.java[LogActv" StructureKind="java" NumEvents="48" CreationCount="389"/><InteractionEvent Delta="null" EndDate="2014-10-16 09:45:06.498 JST" Interest="2.0" Kind="edit" Navigation="null" OriginId="org.eclipse.jdt.ui.CompilationUnitEditor" StartDate="2014-10-16 09:45:06.494 JST" StructureHandle="=TA2/src&amp;lt;ta2.main{LogActv.java[LogActv" StructureKind="java" NumEvents="2" CreationCount="389"/><InteractionEvent Delta="null" EndDate="2014-10-16 09:47:15.959 JST" Interest="4.0" Kind="selection" Navigation="null" OriginId="org.eclipse.jdt.ui.CompilationUnitEditor" StartDate="2014-10-16 09:45:06.488 JST" StructureHandle="=TA2/src&amp;lt;ta2.main{LogActv.java[LogActv" StructureKind="java" NumEvents="4" CreationCount="389"/><InteractionEvent Delta="null" EndDate="2014-10-16 09:37:56.665 JST" Interest="41.0" Kind="propagation" Navigation="null" OriginId="org.eclipse.jdt.ui.CompilationUnitEditor" StartDate="2014-10-16 09:29:24.838 JST" StructureHandle="/IFM11/src/ifm11/main/ShowLogActv.java" StructureKind="resource" NumEvents="41" CreationCount="23"/><InteractionEvent Delta="null" EndDate="2014-10-16 09:50:15.96 JST" Interest="37.017" Kind="propagation" Navigation="org.eclipse.mylyn.core.model.edges.containment" OriginId="org.eclipse.mylyn.core.model.interest.propagation" StartDate="2014-10-16 09:49:16.845 JST" StructureHandle="/TA2/src/ta2/tasks" StructureKind="resource" NumEvents="38" CreationCount="632"/><InteractionEvent Delta="null" EndDate="2014-10-16 09:43:40.373 JST" Interest="2.0" Kind="propagation" Navigation="org.eclipse.mylyn.core.model.edges.containment" OriginId="org.eclipse.mylyn.core.model.interest.propagation" StartDate="2014-10-16 09:40:34.822 JST" StructureHandle="/TA2/bin" StructureKind="resource" NumEvents="2" CreationCount="381"/><InteractionEvent Delta="null" EndDate="2014-10-16 09:42:56.191 JST" Interest="1.0" Kind="selection" Navigation="null" OriginId="org.eclipse.jdt.ui.PackageExplorer" StartDate="2014-10-16 09:42:56.191 JST" StructureHandle="=TA2/src&amp;lt;ta2.main{ShowListActv.java" StructureKind="java"/><InteractionEvent Delta="null" EndDate="2014-10-16 09:35:32.9 JST" Interest="23.940002" Kind="propagation" Navigation="org.eclipse.mylyn.core.model.edges.containment" OriginId="org.eclipse.mylyn.core.model.interest.propagation" StartDate="2014-10-16 09:30:41.82 JST" StructureHandle="=IFM11/src&amp;lt;ifm11.listeners.button{BO_TL.java" StructureKind="java" NumEvents="36" CreationCount="48"/><InteractionEvent Delta="null" EndDate="2014-10-16 09:33:01.861 JST" Interest="1.0" Kind="edit" Navigation="null" OriginId="org.eclipse.jdt.ui.CompilationUnitEditor" StartDate="2014-10-16 09:33:01.861 JST" StructureHandle="=IFM11/src&amp;lt;ifm11.listeners.button{BO_TL.java" StructureKind="java"/><InteractionEvent Delta="null" EndDate="2014-10-16 09:36:07.886 JST" Interest="16.0" Kind="selection" Navigation="null" OriginId="org.eclipse.jdt.ui.CompilationUnitEditor" StartDate="2014-10-16 09:30:40.315 JST" StructureHandle="=IFM11/src&amp;lt;ifm11.listeners.button{BO_TL.java" StructureKind="java" NumEvents="16" CreationCount="48"/><InteractionEvent Delta="null" EndDate="2014-10-16 09:49:09.452 JST" Interest="49.704" Kind="propagation" Navigation="org.eclipse.mylyn.core.model.edges.containment" OriginId="org.eclipse.mylyn.core.model.interest.propagation" StartDate="2014-10-16 09:30:45.626 JST" StructureHandle="=TA2/src&amp;lt;ta2.listeners.button" StructureKind="java" NumEvents="60" CreationCount="52"/><InteractionEvent Delta="null" EndDate="2014-10-16 09:57:30.572 JST" Interest="246.017" Kind="propagation" Navigation="null" OriginId="org.eclipse.jdt.ui.PackageExplorer" StartDate="2014-10-16 09:29:11.325 JST" StructureHandle="/TA2/src/ta2/main" StructureKind="resource" NumEvents="247" CreationCount="7"/><InteractionEvent Delta="null" EndDate="2014-10-16 09:45:58.584 JST" Interest="1.0" Kind="prediction" Navigation="null" OriginId="org.eclipse.mylyn.resources.ui.interest.updater" StartDate="2014-10-16 09:45:58.584 JST" StructureHandle="/IFM11/bin/IFM11.apk" StructureKind="resource"/><InteractionEvent Delta="null" EndDate="2014-10-16 09:51:31.695 JST" Interest="2.4" Kind="propagation" Navigation="org.eclipse.mylyn.core.model.edges.containment" OriginId="org.eclipse.mylyn.core.model.interest.propagation" StartDate="2014-10-16 09:51:09.952 JST" StructureHandle="=TA2/src&amp;lt;ta2.utils{DBUtils.java[DBUtils" StructureKind="java" NumEvents="3" CreationCount="691"/><InteractionEvent Delta="null" EndDate="2014-10-16 09:57:29.609 JST" Interest="26.0" Kind="propagation" Navigation="null" OriginId="org.eclipse.jdt.ui.CompilationUnitEditor" StartDate="2014-10-16 09:50:36.96 JST" StructureHandle="/TA2/src/ta2/utils/Methods.java" StructureKind="resource" NumEvents="26" CreationCount="682"/><InteractionEvent Delta="null" EndDate="2014-10-16 09:50:15.253 JST" Interest="1.0" Kind="selection" Navigation="null" OriginId="org.eclipse.jdt.ui.PackageExplorer" StartDate="2014-10-16 09:50:15.253 JST" StructureHandle="=TA2/src&amp;lt;ta2.main{TEMPLATEActv.java" StructureKind="java"/><InteractionEvent Delta="null" EndDate="2014-10-16 09:29:18.611 JST" Interest="3.0" Kind="selection" Navigation="null" OriginId="org.eclipse.ui.views.ResourceNavigator" StartDate="2014-10-16 09:29:18.609 JST" StructureHandle="/IFM11/.classpath" StructureKind="resource" NumEvents="3" CreationCount="11"/><InteractionEvent Delta="null" EndDate="2014-10-16 09:57:30.742 JST" Interest="1.0" Kind="propagation" Navigation="org.eclipse.mylyn.core.model.edges.containment" OriginId="org.eclipse.mylyn.core.model.interest.propagation" StartDate="2014-10-16 09:57:30.742 JST" StructureHandle="/TA2/res/layout" StructureKind="resource"/><InteractionEvent Delta="null" EndDate="2014-10-16 09:37:42.620 JST" Interest="12.9" Kind="propagation" Navigation="org.eclipse.mylyn.core.model.edges.containment" OriginId="org.eclipse.mylyn.core.model.interest.propagation" StartDate="2014-10-16 09:29:30.586 JST" StructureHandle="=IFM11/src&amp;lt;ifm11.main{ShowLogActv.java[ShowLogActv" StructureKind="java" NumEvents="15" CreationCount="28"/><InteractionEvent Delta="null" EndDate="2014-10-16 09:49:20.685 JST" Interest="31.256" Kind="propagation" Navigation="org.eclipse.mylyn.core.model.edges.containment" OriginId="org.eclipse.mylyn.core.model.interest.propagation" StartDate="2014-10-16 09:42:00.950 JST" StructureHandle="=TA2/src&amp;lt;ta2.main{LogActv.java" StructureKind="java" NumEvents="45" CreationCount="386"/><InteractionEvent Delta="null" EndDate="2014-10-16 09:47:49.960 JST" Interest="9.0" Kind="selection" Navigation="null" OriginId="org.eclipse.jdt.ui.CompilationUnitEditor" StartDate="2014-10-16 09:41:53.79 JST" StructureHandle="=TA2/src&amp;lt;ta2.main{LogActv.java" StructureKind="java" NumEvents="9" CreationCount="386"/><InteractionEvent Delta="null" EndDate="2014-10-16 09:50:23.996 JST" Interest="2.834" Kind="propagation" Navigation="org.eclipse.mylyn.core.model.edges.containment" OriginId="org.eclipse.mylyn.core.model.interest.propagation" StartDate="2014-10-16 09:50:19.806 JST" StructureHandle="=TA2/src&amp;lt;ta2.main{MainActv.java" StructureKind="java" NumEvents="5" CreationCount="672"/><InteractionEvent Delta="null" EndDate="2014-10-16 09:57:30.571 JST" Interest="4.0" Kind="selection" Navigation="null" OriginId="org.eclipse.jdt.ui.PackageExplorer" StartDate="2014-10-16 09:50:17.31 JST" StructureHandle="=TA2/src&amp;lt;ta2.main{MainActv.java" StructureKind="java" NumEvents="4" CreationCount="672"/><InteractionEvent Delta="null" EndDate="2014-10-16 09:49:09.450 JST" Interest="35.886997" Kind="propagation" Navigation="org.eclipse.mylyn.core.model.edges.containment" OriginId="org.eclipse.mylyn.core.model.interest.propagation" StartDate="2014-10-16 09:36:32.103 JST" StructureHandle="=TA2/src&amp;lt;ta2.listeners.button{BO_CL.java[BO_CL" StructureKind="java" NumEvents="43" CreationCount="253"/><InteractionEvent Delta="null" EndDate="2014-10-16 09:38:51.859 JST" Interest="2.0" Kind="edit" Navigation="null" OriginId="org.eclipse.jdt.ui.CompilationUnitEditor" StartDate="2014-10-16 09:38:50.816 JST" StructureHandle="=TA2/src&amp;lt;ta2.listeners.button{BO_CL.java[BO_CL" StructureKind="java" NumEvents="2" CreationCount="253"/><InteractionEvent Delta="null" EndDate="2014-10-16 09:44:53.895 JST" Interest="9.0" Kind="selection" Navigation="null" OriginId="org.eclipse.jdt.ui.CompilationUnitEditor" StartDate="2014-10-16 09:38:30.477 JST" StructureHandle="=TA2/src&amp;lt;ta2.listeners.button{BO_CL.java[BO_CL" StructureKind="java" NumEvents="9" CreationCount="253"/><InteractionEvent Delta="null" EndDate="2014-10-16 09:47:13.972 JST" Interest="92.0" Kind="propagation" Navigation="null" OriginId="org.eclipse.jdt.ui.CompilationUnitEditor" StartDate="2014-10-16 09:42:09.930 JST" StructureHandle="/IFM11/src/ifm11/main/LogActv.java" StructureKind="resource" NumEvents="92" CreationCount="400"/><InteractionEvent Delta="null" EndDate="2014-10-16 09:30:49.866 JST" Interest="2.0" Kind="selection" Navigation="null" OriginId="org.eclipse.jdt.ui.CompilationUnitEditor" StartDate="2014-10-16 09:30:47.841 JST" StructureHandle="=TA2/src&amp;lt;ta2.listeners.button{BO_TL.java[BO_TL^vib" StructureKind="java" NumEvents="2" CreationCount="54"/><InteractionEvent Delta="null" EndDate="2014-10-16 09:50:14.547 JST" Interest="23.0" Kind="edit" Navigation="null" OriginId="org.eclipse.jdt.ui.CompilationUnitEditor" StartDate="2014-10-16 09:49:29.208 JST" StructureHandle="=TA2/src&amp;lt;ta2.tasks{Task_FTP.java[Task_FTP~_onPostExecute__Upload_DB~QInteger;" StructureKind="java" NumEvents="23" CreationCount="645"/><InteractionEvent Delta="null" EndDate="2014-10-16 09:49:29.205 JST" Interest="2.0" Kind="selection" Navigation="null" OriginId="org.eclipse.jdt.ui.CompilationUnitEditor" StartDate="2014-10-16 09:49:29.203 JST" StructureHandle="=TA2/src&amp;lt;ta2.tasks{Task_FTP.java[Task_FTP~_onPostExecute__Upload_DB~QInteger;" StructureKind="java" NumEvents="2" CreationCount="645"/><InteractionEvent Delta="null" EndDate="2014-10-16 09:36:07.972 JST" Interest="73.0" Kind="propagation" Navigation="null" OriginId="org.eclipse.jdt.ui.CompilationUnitEditor" StartDate="2014-10-16 09:30:40.315 JST" StructureHandle="/IFM11/src/ifm11/listeners/button/BO_TL.java" StructureKind="resource" NumEvents="73" CreationCount="48"/><InteractionEvent Delta="null" EndDate="2014-10-16 09:45:12.463 JST" Interest="8.0" Kind="selection" Navigation="null" OriginId="org.eclipse.jdt.ui.CompilationUnitEditor" StartDate="2014-10-16 09:42:25.866 JST" StructureHandle="=IFM11/src&amp;lt;ifm11.main{LogActv.java[LogActv~onCreate~QBundle;" StructureKind="java" NumEvents="8" CreationCount="405"/><InteractionEvent Delta="null" EndDate="2014-10-16 09:50:15.96 JST" Interest="18.321" Kind="propagation" Navigation="org.eclipse.mylyn.core.model.edges.containment" OriginId="org.eclipse.mylyn.core.model.interest.propagation" StartDate="2014-10-16 09:49:18.895 JST" StructureHandle="=TA2/src&amp;lt;ta2.tasks" StructureKind="java" NumEvents="30" CreationCount="632"/><InteractionEvent Delta="null" EndDate="2014-10-16 09:49:16.845 JST" Interest="1.0" Kind="selection" Navigation="null" OriginId="org.eclipse.jdt.ui.PackageExplorer" StartDate="2014-10-16 09:49:16.845 JST" StructureHandle="=TA2/src&amp;lt;ta2.tasks" StructureKind="java"/><InteractionEvent Delta="null" EndDate="2014-10-16 09:57:30.742 JST" Interest="1.0" Kind="prediction" Navigation="null" OriginId="org.eclipse.mylyn.resources.ui.interest.updater" StartDate="2014-10-16 09:57:30.742 JST" StructureHandle="/TA2/res/layout/list_row_logitem.xml" StructureKind="resource"/><InteractionEvent Delta="null" EndDate="2014-10-16 09:49:09.450 JST" Interest="23.0" Kind="edit" Navigation="null" OriginId="org.eclipse.jdt.ui.CompilationUnitEditor" StartDate="2014-10-16 09:37:04.193 JST" StructureHandle="=TA2/src&amp;lt;ta2.listeners.button{BO_CL.java[BO_CL~onClick~QView;" StructureKind="java" NumEvents="23" CreationCount="264"/><InteractionEvent Delta="null" EndDate="2014-10-16 09:47:59.933 JST" Interest="30.0" Kind="selection" Navigation="null" OriginId="org.eclipse.jdt.ui.CompilationUnitEditor" StartDate="2014-10-16 09:37:02.414 JST" StructureHandle="=TA2/src&amp;lt;ta2.listeners.button{BO_CL.java[BO_CL~onClick~QView;" StructureKind="java" NumEvents="30" CreationCount="264"/><InteractionEvent Delta="null" EndDate="2014-10-16 09:57:30.571 JST" Interest="12.0" Kind="propagation" Navigation="null" OriginId="org.eclipse.jdt.ui.PackageExplorer" StartDate="2014-10-16 09:50:17.31 JST" StructureHandle="/TA2/src/ta2/main/MainActv.java" StructureKind="resource" NumEvents="12" CreationCount="672"/><InteractionEvent Delta="null" EndDate="2014-10-16 09:49:09.452 JST" Interest="126.0" Kind="propagation" Navigation="null" OriginId="org.eclipse.jdt.ui.CompilationUnitEditor" StartDate="2014-10-16 09:30:45.626 JST" StructureHandle="/TA2/src/ta2/listeners/button" StructureKind="resource" NumEvents="126" CreationCount="52"/><InteractionEvent Delta="null" EndDate="2014-10-16 09:50:14.548 JST" Interest="13.903998" Kind="propagation" Navigation="org.eclipse.mylyn.core.model.edges.containment" OriginId="org.eclipse.mylyn.core.model.interest.propagation" StartDate="2014-10-16 09:49:24.729 JST" StructureHandle="=TA2/src&amp;lt;ta2.tasks{Task_FTP.java" StructureKind="java" NumEvents="22" CreationCount="633"/><InteractionEvent Delta="null" EndDate="2014-10-16 09:49:19.591 JST" Interest="2.0" Kind="edit" Navigation="null" OriginId="org.eclipse.jdt.ui.CompilationUnitEditor" StartDate="2014-10-16 09:49:19.192 JST" StructureHandle="=TA2/src&amp;lt;ta2.tasks{Task_FTP.java" StructureKind="java" NumEvents="2" CreationCount="633"/><InteractionEvent Delta="null" EndDate="2014-10-16 09:50:15.96 JST" Interest="4.0" Kind="selection" Navigation="null" OriginId="org.eclipse.jdt.ui.PackageExplorer" StartDate="2014-10-16 09:49:18.895 JST" StructureHandle="=TA2/src&amp;lt;ta2.tasks{Task_FTP.java" StructureKind="java" NumEvents="4" CreationCount="633"/><InteractionEvent Delta="null" EndDate="2014-10-16 09:44:48.78 JST" Interest="2.0630002" Kind="manipulation" Navigation="null" OriginId="org.eclipse.mylyn.core.model.interest.decay.correction" StartDate="2014-10-16 09:44:48.78 JST" StructureHandle="=TA2/src&amp;lt;ta2.listeners.button{BO_CL.java[BO_CL~BO_CL~QActivity;" StructureKind="java"/><InteractionEvent Delta="null" EndDate="2014-10-16 09:44:51.399 JST" Interest="4.0" Kind="selection" Navigation="null" OriginId="org.eclipse.jdt.ui.CompilationUnitEditor" StartDate="2014-10-16 09:36:32.102 JST" StructureHandle="=TA2/src&amp;lt;ta2.listeners.button{BO_CL.java[BO_CL~BO_CL~QActivity;" StructureKind="java" NumEvents="4" CreationCount="253"/><InteractionEvent Delta="null" EndDate="2014-10-16 09:47:13.973 JST" Interest="261.0" Kind="propagation" Navigation="null" OriginId="org.eclipse.jdt.ui.CompilationUnitEditor" StartDate="2014-10-16 09:29:20.217 JST" StructureHandle="/IFM11/src" StructureKind="resource" NumEvents="261" CreationCount="14"/><InteractionEvent Delta="null" EndDate="2014-10-16 09:35:32.8 JST" Interest="39.0" Kind="edit" Navigation="null" OriginId="org.eclipse.jdt.ui.CompilationUnitEditor" StartDate="2014-10-16 09:31:07.24 JST" StructureHandle="=IFM11/src&amp;lt;ifm11.listeners.button{BO_TL.java[BO_TL~onTouch~QView;~QMotionEvent;" StructureKind="java" NumEvents="39" CreationCount="68"/><InteractionEvent Delta="null" EndDate="2014-10-16 09:36:07.972 JST" Interest="13.0" Kind="selection" Navigation="null" OriginId="org.eclipse.jdt.ui.CompilationUnitEditor" StartDate="2014-10-16 09:31:04.846 JST" StructureHandle="=IFM11/src&amp;lt;ifm11.listeners.button{BO_TL.java[BO_TL~onTouch~QView;~QMotionEvent;" StructureKind="java" NumEvents="13" CreationCount="68"/><InteractionEvent Delta="null" EndDate="2014-10-16 09:47:13.972 JST" Interest="135.051" Kind="propagation" Navigation="org.eclipse.mylyn.core.model.edges.containment" OriginId="org.eclipse.mylyn.core.model.interest.propagation" StartDate="2014-10-16 09:29:21.167 JST" StructureHandle="/IFM11/src/ifm11" StructureKind="resource" NumEvents="142" CreationCount="17"/><InteractionEvent Delta="null" EndDate="2014-10-16 09:42:53.72 JST" Interest="3.0" Kind="selection" Navigation="null" OriginId="org.eclipse.ui.views.ResourceNavigator" StartDate="2014-10-16 09:42:53.69 JST" StructureHandle="=IFM11/src&amp;lt;ifm11.comps" StructureKind="java" NumEvents="3" CreationCount="431"/><InteractionEvent Delta="null" EndDate="2014-10-16 09:41:52.6 JST" Interest="1.0" Kind="selection" Navigation="null" OriginId="org.eclipse.jdt.ui.PackageExplorer" StartDate="2014-10-16 09:41:52.6 JST" StructureHandle="=TA2/src&amp;lt;ta2.listeners" StructureKind="java"/><InteractionEvent Delta="null" EndDate="2014-10-16 09:36:07.887 JST" Interest="38.218002" Kind="propagation" Navigation="org.eclipse.mylyn.core.model.edges.containment" OriginId="org.eclipse.mylyn.core.model.interest.propagation" StartDate="2014-10-16 09:29:21.170 JST" StructureHandle="=IFM11/src" StructureKind="java" NumEvents="56" CreationCount="14"/><InteractionEvent Delta="null" EndDate="2014-10-16 09:42:06.647 JST" Interest="7.0" Kind="selection" Navigation="null" OriginId="org.eclipse.ui.views.ResourceNavigator" StartDate="2014-10-16 09:29:20.216 JST" StructureHandle="=IFM11/src" StructureKind="java" NumEvents="7" CreationCount="14"/><InteractionEvent Delta="null" EndDate="2014-10-16 09:29:26.496 JST" Interest="1.0" Kind="selection" Navigation="null" OriginId="org.eclipse.ui.views.ContentOutline" StartDate="2014-10-16 09:29:26.496 JST" StructureHandle="=IFM11/src&amp;lt;ifm11.main{ShowLogActv.java%ifm11.main" StructureKind="java"/><InteractionEvent Delta="null" EndDate="2014-10-16 09:57:30.743 JST" Interest="1.0" Kind="propagation" Navigation="org.eclipse.mylyn.core.model.edges.containment" OriginId="org.eclipse.mylyn.core.model.interest.propagation" StartDate="2014-10-16 09:57:30.743 JST" StructureHandle="/TA2/res/values" StructureKind="resource"/><InteractionEvent Delta="null" EndDate="2014-10-16 09:39:57.506 JST" Interest="8.0" Kind="selection" Navigation="null" OriginId="org.eclipse.jdt.ui.CompilationUnitEditor" StartDate="2014-10-16 09:39:42.960 JST" StructureHandle="=IFM11/src&amp;lt;ifm11.listeners.button{BO_CL.java[BO_CL~case_ACTV_TN_IB_BACK" StructureKind="java" NumEvents="8" CreationCount="346"/><InteractionEvent Delta="null" EndDate="2014-10-16 09:30:49.867 JST" Interest="0.03400016" Kind="propagation" Navigation="org.eclipse.mylyn.core.model.edges.containment" OriginId="org.eclipse.mylyn.core.model.interest.propagation" StartDate="2014-10-16 09:30:46.358 JST" StructureHandle="=TA2/src&amp;lt;ta2.listeners.button{BO_TL.java" StructureKind="java" NumEvents="3" CreationCount="52"/><InteractionEvent Delta="null" EndDate="2014-10-16 09:36:06.8 JST" Interest="18.0" Kind="selection" Navigation="null" OriginId="org.eclipse.jdt.ui.CompilationUnitEditor" StartDate="2014-10-16 09:30:45.625 JST" StructureHandle="=TA2/src&amp;lt;ta2.listeners.button{BO_TL.java" StructureKind="java" NumEvents="18" CreationCount="52"/><InteractionEvent Delta="null" EndDate="2014-10-16 09:36:07.886 JST" Interest="40.640003" Kind="propagation" Navigation="org.eclipse.mylyn.core.model.edges.containment" OriginId="org.eclipse.mylyn.core.model.interest.propagation" StartDate="2014-10-16 09:30:40.315 JST" StructureHandle="=IFM11/src&amp;lt;ifm11.listeners.button" StructureKind="java" NumEvents="60" CreationCount="48"/><InteractionEvent Delta="null" EndDate="2014-10-16 09:40:12.159 JST" Interest="39.0" Kind="propagation" Navigation="null" OriginId="org.eclipse.jdt.ui.CompilationUnitEditor" StartDate="2014-10-16 09:36:22.950 JST" StructureHandle="/IFM11/src/ifm11/listeners/button/BO_CL.java" StructureKind="resource" NumEvents="39" CreationCount="249"/><InteractionEvent Delta="null" EndDate="2014-10-16 09:47:13.381 JST" Interest="31.319" Kind="propagation" Navigation="org.eclipse.mylyn.core.model.edges.containment" OriginId="org.eclipse.mylyn.core.model.interest.propagation" StartDate="2014-10-16 09:29:24.841 JST" StructureHandle="=IFM11/src&amp;lt;ifm11.main" StructureKind="java" NumEvents="40" CreationCount="20"/><InteractionEvent Delta="null" EndDate="2014-10-16 09:29:23.404 JST" Interest="3.0" Kind="selection" Navigation="null" OriginId="org.eclipse.ui.views.ResourceNavigator" StartDate="2014-10-16 09:29:23.402 JST" StructureHandle="=IFM11/src&amp;lt;ifm11.main" StructureKind="java" NumEvents="3" CreationCount="20"/><InteractionEvent Delta="null" EndDate="2014-10-16 09:49:20.684 JST" Interest="110.0" Kind="propagation" Navigation="null" OriginId="org.eclipse.ui.views.ContentOutline" StartDate="2014-10-16 09:41:53.79 JST" StructureHandle="/TA2/src/ta2/main/LogActv.java" StructureKind="resource" NumEvents="110" CreationCount="386"/><InteractionEvent Delta="null" EndDate="2014-10-16 09:49:10.324 JST" Interest="70.593" Kind="propagation" Navigation="org.eclipse.mylyn.core.model.edges.containment" OriginId="org.eclipse.mylyn.core.model.interest.propagation" StartDate="2014-10-16 09:29:13.786 JST" StructureHandle="=TA2/src&amp;lt;ta2.main" StructureKind="java" NumEvents="96" CreationCount="7"/><InteractionEvent Delta="null" EndDate="2014-10-16 09:29:11.325 JST" Interest="1.0" Kind="selection" Navigation="null" OriginId="org.eclipse.jdt.ui.PackageExplorer" StartDate="2014-10-16 09:29:11.325 JST" StructureHandle="=TA2/src&amp;lt;ta2.main" StructureKind="java"/><InteractionEvent Delta="null" EndDate="2014-10-16 09:57:29.608 JST" Interest="19.0" Kind="edit" Navigation="null" OriginId="org.eclipse.jdt.ui.CompilationUnitEditor" StartDate="2014-10-16 09:50:37.565 JST" StructureHandle="=TA2/src&amp;lt;ta2.utils{Methods.java[Methods~backup_DB~QActivity;" StructureKind="java" NumEvents="19" CreationCount="684"/><InteractionEvent Delta="null" EndDate="2014-10-16 09:56:03.377 JST" Interest="3.0" Kind="selection" Navigation="null" OriginId="org.eclipse.jdt.ui.CompilationUnitEditor" StartDate="2014-10-16 09:50:36.911 JST" StructureHandle="=TA2/src&amp;lt;ta2.utils{Methods.java[Methods~backup_DB~QActivity;" StructureKind="java" NumEvents="3" CreationCount="684"/><InteractionEvent Delta="null" EndDate="2014-10-16 09:50:23.995 JST" Interest="4.8" Kind="propagation" Navigation="org.eclipse.mylyn.core.model.edges.containment" OriginId="org.eclipse.mylyn.core.model.interest.propagation" StartDate="2014-10-16 09:50:18.925 JST" StructureHandle="=TA2/src&amp;lt;ta2.main{MainActv.java[MainActv" StructureKind="java" NumEvents="6" CreationCount="674"/><InteractionEvent Delta="null" EndDate="2014-10-16 09:49:09.452 JST" Interest="126.0" Kind="propagation" Navigation="org.eclipse.mylyn.core.model.edges.containment" OriginId="org.eclipse.mylyn.core.model.interest.propagation" StartDate="2014-10-16 09:30:45.626 JST" StructureHandle="/TA2/src/ta2/listeners" StructureKind="resource" NumEvents="126" CreationCount="52"/><InteractionEvent Delta="null" EndDate="2014-10-16 09:39:29.822 JST" Interest="6.0" Kind="selection" Navigation="null" OriginId="org.eclipse.jdt.ui.CompilationUnitEditor" StartDate="2014-10-16 09:37:12.264 JST" StructureHandle="=IFM11/src&amp;lt;ifm11.listeners.button{BO_CL.java[BO_CL~onClick~QView;" StructureKind="java" NumEvents="6" CreationCount="272"/><InteractionEvent Delta="null" EndDate="2014-10-16 09:47:13.381 JST" Interest="18.859" Kind="propagation" Navigation="org.eclipse.mylyn.core.model.edges.containment" OriginId="org.eclipse.mylyn.core.model.interest.propagation" StartDate="2014-10-16 09:45:12.464 JST" StructureHandle="=IFM11/src&amp;lt;ifm11.main{LogActv.java" StructureKind="java" NumEvents="29" CreationCount="400"/><InteractionEvent Delta="null" EndDate="2014-10-16 09:46:25.260 JST" Interest="9.0" Kind="selection" Navigation="null" OriginId="org.eclipse.jdt.ui.CompilationUnitEditor" StartDate="2014-10-16 09:42:09.930 JST" StructureHandle="=IFM11/src&amp;lt;ifm11.main{LogActv.java" StructureKind="java" NumEvents="9" CreationCount="400"/><InteractionEvent Delta="null" EndDate="2014-10-16 09:57:29.610 JST" Interest="16.334" Kind="propagation" Navigation="org.eclipse.mylyn.core.model.edges.containment" OriginId="org.eclipse.mylyn.core.model.interest.propagation" StartDate="2014-10-16 09:50:36.97 JST" StructureHandle="=TA2/src&amp;lt;ta2.utils" StructureKind="java" NumEvents="23" CreationCount="682"/><InteractionEvent Delta="null" EndDate="2014-10-16 09:36:42.309 JST" Interest="1.0" Kind="selection" Navigation="null" OriginId="org.eclipse.jdt.ui.CompilationUnitEditor" StartDate="2014-10-16 09:36:42.309 JST" StructureHandle="=IFM11/src&amp;lt;ifm11.listeners.button{BO_CL.java[BO_CL~BO_CL~QActivity;" StructureKind="java"/><InteractionEvent Delta="null" EndDate="2014-10-16 09:40:12.160 JST" Interest="112.0" Kind="propagation" Navigation="org.eclipse.mylyn.core.model.edges.containment" OriginId="org.eclipse.mylyn.core.model.interest.propagation" StartDate="2014-10-16 09:30:40.315 JST" StructureHandle="/IFM11/src/ifm11/listeners" StructureKind="resource" NumEvents="112" CreationCount="48"/><InteractionEvent Delta="null" EndDate="2014-10-16 09:49:10.613 JST" Interest="1.0" Kind="selection" Navigation="null" OriginId="org.eclipse.jdt.ui.PackageExplorer" StartDate="2014-10-16 09:49:10.613 JST" StructureHandle="=TA2/src&amp;lt;ta2.main{PrefActv.java" StructureKind="java"/><InteractionEvent Delta="null" EndDate="2014-10-16 09:41:55.457 JST" Interest="1.0" Kind="selection" Navigation="null" OriginId="org.eclipse.ui.views.ContentOutline" StartDate="2014-10-16 09:41:55.457 JST" StructureHandle="=TA2/src&amp;lt;ta2.main{LogActv.java%ta2.main" StructureKind="java"/><InteractionEvent Delta="null" EndDate="2014-10-16 09:43:09.421 JST" Interest="40.576" Kind="propagation" Navigation="org.eclipse.mylyn.core.model.edges.containment" OriginId="org.eclipse.mylyn.core.model.interest.propagation" StartDate="2014-10-16 09:29:38.625 JST" StructureHandle="=TA2/src&amp;lt;ta2.main{ShowLogActv.java" StructureKind="java" NumEvents="63" CreationCount="8"/><InteractionEvent Delta="null" EndDate="2014-10-16 09:49:10.324 JST" Interest="31.0" Kind="selection" Navigation="null" OriginId="org.eclipse.jdt.ui.PackageExplorer" StartDate="2014-10-16 09:29:13.785 JST" StructureHandle="=TA2/src&amp;lt;ta2.main{ShowLogActv.java" StructureKind="java" NumEvents="31" CreationCount="8"/><InteractionEvent Delta="null" EndDate="2014-10-16 09:29:17.250 JST" Interest="4.0" Kind="selection" Navigation="null" OriginId="org.eclipse.ui.views.ResourceNavigator" StartDate="2014-10-16 09:29:04.391 JST" StructureHandle="/IFM11/res" StructureKind="resource" NumEvents="4" CreationCount="1"/><InteractionEvent Delta="null" EndDate="2014-10-16 09:32:15.374 JST" Interest="1.0" Kind="selection" Navigation="null" OriginId="org.eclipse.jdt.ui.CompilationUnitEditor" StartDate="2014-10-16 09:32:15.374 JST" StructureHandle="=IFM11/src&amp;lt;ifm11.listeners.button{BO_TL.java[BO_TL^actv" StructureKind="java"/><InteractionEvent Delta="null" EndDate="2014-10-16 09:40:11.840 JST" Interest="18.0" Kind="selection" Navigation="null" OriginId="org.eclipse.jdt.ui.CompilationUnitEditor" StartDate="2014-10-16 09:36:22.950 JST" StructureHandle="=IFM11/src&amp;lt;ifm11.listeners.button{BO_CL.java" StructureKind="java" NumEvents="18" CreationCount="249"/><InteractionEvent Delta="null" EndDate="2014-10-16 09:47:13.973 JST" Interest="270.0" Kind="propagation" Navigation="null" OriginId="org.eclipse.jdt.ui.CompilationUnitEditor" StartDate="2014-10-16 09:29:04.391 JST" StructureHandle="/IFM11" StructureKind="resource" NumEvents="270" CreationCount="1"/><InteractionEvent Delta="null" EndDate="2014-10-16 09:49:09.451 JST" Interest="25.303997" Kind="propagation" Navigation="org.eclipse.mylyn.core.model.edges.containment" OriginId="org.eclipse.mylyn.core.model.interest.propagation" StartDate="2014-10-16 09:36:32.103 JST" StructureHandle="=TA2/src&amp;lt;ta2.listeners.button{BO_CL.java" StructureKind="java" NumEvents="37" CreationCount="252"/><InteractionEvent Delta="null" EndDate="2014-10-16 09:47:59.871 JST" Interest="21.0" Kind="selection" Navigation="null" OriginId="org.eclipse.jdt.ui.CompilationUnitEditor" StartDate="2014-10-16 09:36:31.333 JST" StructureHandle="=TA2/src&amp;lt;ta2.listeners.button{BO_CL.java" StructureKind="java" NumEvents="21" CreationCount="252"/><InteractionEvent Delta="null" EndDate="2014-10-16 09:45:58.584 JST" Interest="1.0" Kind="prediction" Navigation="null" OriginId="org.eclipse.mylyn.resources.ui.interest.updater" StartDate="2014-10-16 09:45:58.584 JST" StructureHandle="/IFM11/bin/classes.dex" StructureKind="resource"/><InteractionEvent Delta="null" EndDate="2014-10-16 09:47:52.522 JST" Interest="43.0" Kind="edit" Navigation="null" OriginId="org.eclipse.jdt.ui.CompilationUnitEditor" StartDate="2014-10-16 09:43:14.792 JST" StructureHandle="=TA2/src&amp;lt;ta2.main{LogActv.java[LogActv~_Setup_Set_Listener" StructureKind="java" NumEvents="43" CreationCount="454"/><InteractionEvent Delta="null" EndDate="2014-10-16 09:49:20.684 JST" Interest="9.0" Kind="selection" Navigation="null" OriginId="org.eclipse.ui.views.ContentOutline" StartDate="2014-10-16 09:43:14.788 JST" StructureHandle="=TA2/src&amp;lt;ta2.main{LogActv.java[LogActv~_Setup_Set_Listener" StructureKind="java" NumEvents="9" CreationCount="454"/><InteractionEvent Delta="null" EndDate="2014-10-16 09:36:06.92 JST" Interest="33.0" Kind="propagation" Navigation="null" OriginId="org.eclipse.jdt.ui.CompilationUnitEditor" StartDate="2014-10-16 09:30:45.626 JST" StructureHandle="/TA2/src/ta2/listeners/button/BO_TL.java" StructureKind="resource" NumEvents="33" CreationCount="52"/><InteractionEvent Delta="null" EndDate="2014-10-16 09:57:30.572 JST" Interest="441.034" Kind="propagation" Navigation="null" OriginId="org.eclipse.jdt.ui.PackageExplorer" StartDate="2014-10-16 09:29:07.167 JST" StructureHandle="/TA2/src" StructureKind="resource" NumEvents="443" CreationCount="6"/><InteractionEvent Delta="null" EndDate="2014-10-16 09:36:19.423 JST" Interest="7.0" Kind="edit" Navigation="null" OriginId="org.eclipse.jdt.ui.CompilationUnitEditor" StartDate="2014-10-16 09:29:30.688 JST" StructureHandle="=IFM11/src&amp;lt;ifm11.main{ShowLogActv.java[ShowLogActv~_Setup_SetListeners_Navigation" StructureKind="java" NumEvents="7" CreationCount="28"/><InteractionEvent Delta="null" EndDate="2014-10-16 09:37:42.620 JST" Interest="8.0" Kind="selection" Navigation="null" OriginId="org.eclipse.jdt.ui.CompilationUnitEditor" StartDate="2014-10-16 09:29:30.585 JST" StructureHandle="=IFM11/src&amp;lt;ifm11.main{ShowLogActv.java[ShowLogActv~_Setup_SetListeners_Navigation" StructureKind="java" NumEvents="8" CreationCount="28"/><InteractionEvent Delta="null" EndDate="2014-10-16 09:36:07.972 JST" Interest="40.622997" Kind="propagation" Navigation="org.eclipse.mylyn.core.model.edges.containment" OriginId="org.eclipse.mylyn.core.model.interest.propagation" StartDate="2014-10-16 09:30:41.81 JST" StructureHandle="=IFM11/src&amp;lt;ifm11.listeners.button{BO_TL.java[BO_TL" StructureKind="java" NumEvents="53" CreationCount="49"/><InteractionEvent Delta="null" EndDate="2014-10-16 09:40:12.160 JST" Interest="112.0" Kind="propagation" Navigation="null" OriginId="org.eclipse.jdt.ui.CompilationUnitEditor" StartDate="2014-10-16 09:30:40.315 JST" StructureHandle="/IFM11/src/ifm11/listeners/button" StructureKind="resource" NumEvents="112" CreationCount="48"/><InteractionEvent Delta="null" EndDate="2014-10-16 09:29:32.55 JST" Interest="0.58500004" Kind="propagation" Navigation="org.eclipse.mylyn.core.model.edges.containment" OriginId="org.eclipse.mylyn.core.model.interest.propagation" StartDate="2014-10-16 09:29:32.55 JST" StructureHandle="=IFM11/src&amp;lt;ifm11.main{ShowLogActv.java" StructureKind="java"/><InteractionEvent Delta="null" EndDate="2014-10-16 09:37:56.665 JST" Interest="25.0" Kind="selection" Navigation="null" OriginId="org.eclipse.jdt.ui.CompilationUnitEditor" StartDate="2014-10-16 09:29:24.838 JST" StructureHandle="=IFM11/src&amp;lt;ifm11.main{ShowLogActv.java" StructureKind="java" NumEvents="25" CreationCount="23"/><InteractionEvent Delta="null" EndDate="2014-10-16 09:49:10.613 JST" Interest="1.0" Kind="propagation" Navigation="null" OriginId="org.eclipse.jdt.ui.PackageExplorer" StartDate="2014-10-16 09:49:10.613 JST" StructureHandle="/TA2/src/ta2/main/PrefActv.java" StructureKind="resource"/><InteractionEvent Delta="null" EndDate="2014-10-16 09:45:26.95 JST" Interest="2.0" Kind="selection" Navigation="null" OriginId="org.eclipse.jdt.ui.CompilationUnitEditor" StartDate="2014-10-16 09:45:26.92 JST" StructureHandle="=IFM11/src&amp;lt;ifm11.main{LogActv.java#ifm11.adapters.Adp_MainList" StructureKind="java" NumEvents="2" CreationCount="535"/><InteractionEvent Delta="null" EndDate="2014-10-16 09:47:26.338 JST" Interest="31.0" Kind="edit" Navigation="null" OriginId="org.eclipse.jdt.ui.CompilationUnitEditor" StartDate="2014-10-16 09:42:00.462 JST" StructureHandle="=TA2/src&amp;lt;ta2.main{LogActv.java[LogActv~onStart" StructureKind="java" NumEvents="31" CreationCount="389"/><InteractionEvent Delta="null" EndDate="2014-10-16 09:47:26.313 JST" Interest="5.0" Kind="selection" Navigation="null" OriginId="org.eclipse.jdt.ui.CompilationUnitEditor" StartDate="2014-10-16 09:42:00.334 JST" StructureHandle="=TA2/src&amp;lt;ta2.main{LogActv.java[LogActv~onStart" StructureKind="java" NumEvents="5" CreationCount="389"/><InteractionEvent Delta="null" EndDate="2014-10-16 09:42:56.191 JST" Interest="1.0" Kind="propagation" Navigation="null" OriginId="org.eclipse.jdt.ui.PackageExplorer" StartDate="2014-10-16 09:42:56.191 JST" StructureHandle="/TA2/src/ta2/main/ShowListActv.java" StructureKind="resource"/><InteractionEvent Delta="null" EndDate="2014-10-16 09:49:24.728 JST" Interest="4.0" Kind="edit" Navigation="null" OriginId="org.eclipse.jdt.ui.CompilationUnitEditor" StartDate="2014-10-16 09:49:23.507 JST" StructureHandle="=TA2/src&amp;lt;ta2.tasks{Task_FTP.java[Task_FTP~onPostExecute~QInteger;" StructureKind="java" NumEvents="4" CreationCount="638"/><InteractionEvent Delta="null" EndDate="2014-10-16 09:49:22.513 JST" Interest="2.0" Kind="selection" Navigation="null" OriginId="org.eclipse.jdt.ui.CompilationUnitEditor" StartDate="2014-10-16 09:49:22.428 JST" StructureHandle="=TA2/src&amp;lt;ta2.tasks{Task_FTP.java[Task_FTP~onPostExecute~QInteger;" StructureKind="java" NumEvents="2" CreationCount="638"/><InteractionEvent Delta="null" EndDate="2014-10-16 09:43:09.421 JST" Interest="63.0" Kind="edit" Navigation="null" OriginId="org.eclipse.jdt.ui.CompilationUnitEditor" StartDate="2014-10-16 09:29:38.130 JST" StructureHandle="=TA2/src&amp;lt;ta2.main{ShowLogActv.java[ShowLogActv~_Setup_SetListeners_Navigation" StructureKind="java" NumEvents="63" CreationCount="36"/><InteractionEvent Delta="null" EndDate="2014-10-16 09:43:00.842 JST" Interest="25.0" Kind="selection" Navigation="null" OriginId="org.eclipse.jdt.ui.CompilationUnitEditor" StartDate="2014-10-16 09:29:38.65 JST" StructureHandle="=TA2/src&amp;lt;ta2.main{ShowLogActv.java[ShowLogActv~_Setup_SetListeners_Navigation" StructureKind="java" NumEvents="25" CreationCount="36"/><InteractionEvent Delta="null" EndDate="2014-10-16 09:52:51.188 JST" Interest="4.0" Kind="prediction" Navigation="null" OriginId="org.eclipse.mylyn.resources.ui.interest.updater" StartDate="2014-10-16 09:40:34.822 JST" StructureHandle="/TA2/bin/classes.dex" StructureKind="resource" NumEvents="4" CreationCount="381"/><InteractionEvent Delta="null" EndDate="2014-10-16 09:43:09.421 JST" Interest="69.1" Kind="propagation" Navigation="org.eclipse.mylyn.core.model.edges.containment" OriginId="org.eclipse.mylyn.core.model.interest.propagation" StartDate="2014-10-16 09:29:38.65 JST" StructureHandle="=TA2/src&amp;lt;ta2.main{ShowLogActv.java[ShowLogActv" StructureKind="java" NumEvents="88" CreationCount="36"/><InteractionEvent Delta="null" EndDate="2014-10-16 09:36:06.92 JST" Interest="12.0" Kind="selection" Navigation="null" OriginId="org.eclipse.jdt.ui.CompilationUnitEditor" StartDate="2014-10-16 09:32:01.611 JST" StructureHandle="=TA2/src&amp;lt;ta2.listeners.button{BO_TL.java[BO_TL~onTouch~QView;~QMotionEvent;" StructureKind="java" NumEvents="12" CreationCount="91"/><InteractionEvent Delta="null" EndDate="2014-10-16 09:47:13.973 JST" Interest="136.0" Kind="propagation" Navigation="null" OriginId="org.eclipse.jdt.ui.CompilationUnitEditor" StartDate="2014-10-16 09:29:23.402 JST" StructureHandle="/IFM11/src/ifm11/main" StructureKind="resource" NumEvents="136" CreationCount="20"/><InteractionEvent Delta="null" EndDate="2014-10-16 09:57:30.742 JST" Interest="11.070001" Kind="propagation" Navigation="org.eclipse.mylyn.core.model.edges.containment" OriginId="org.eclipse.mylyn.core.model.interest.propagation" StartDate="2014-10-16 09:57:30.742 JST" StructureHandle="/TA2/res" StructureKind="resource"/><InteractionEvent Delta="null" EndDate="2014-10-16 09:29:05.865 JST" Interest="2.0" Kind="selection" Navigation="null" OriginId="org.eclipse.jdt.ui.PackageExplorer" StartDate="2014-10-16 09:29:05.857 JST" StructureHandle="/TA2/res" StructureKind="resource" NumEvents="2" CreationCount="4"/><InteractionEvent Delta="null" EndDate="2014-10-16 09:47:25.41 JST" Interest="4.0" Kind="edit" Navigation="null" OriginId="org.eclipse.jdt.ui.CompilationUnitEditor" StartDate="2014-10-16 09:44:08.987 JST" StructureHandle="=TA2/src&amp;lt;ta2.main{LogActv.java[LogActv~_Setup_Adapter" StructureKind="java" NumEvents="4" CreationCount="477"/><InteractionEvent Delta="null" EndDate="2014-10-16 09:47:25.5 JST" Interest="2.0" Kind="selection" Navigation="null" OriginId="org.eclipse.jdt.ui.CompilationUnitEditor" StartDate="2014-10-16 09:44:08.982 JST" StructureHandle="=TA2/src&amp;lt;ta2.main{LogActv.java[LogActv~_Setup_Adapter" StructureKind="java" NumEvents="2" CreationCount="477"/><InteractionEvent Delta="null" EndDate="2014-10-16 09:47:13.972 JST" Interest="22.0" Kind="edit" Navigation="null" OriginId="org.eclipse.jdt.ui.CompilationUnitEditor" StartDate="2014-10-16 09:45:13.435 JST" StructureHandle="=IFM11/src&amp;lt;ifm11.main{LogActv.java[LogActv~onStart" StructureKind="java" NumEvents="22" CreationCount="516"/><InteractionEvent Delta="null" EndDate="2014-10-16 09:47:13.969 JST" Interest="7.0" Kind="selection" Navigation="null" OriginId="org.eclipse.jdt.ui.CompilationUnitEditor" StartDate="2014-10-16 09:45:12.372 JST" StructureHandle="=IFM11/src&amp;lt;ifm11.main{LogActv.java[LogActv~onStart" StructureKind="java" NumEvents="7" CreationCount="516"/><InteractionEvent Delta="null" EndDate="2014-10-16 09:50:23.995 JST" Interest="4.0" Kind="edit" Navigation="null" OriginId="org.eclipse.jdt.ui.CompilationUnitEditor" StartDate="2014-10-16 09:50:22.936 JST" StructureHandle="=TA2/src&amp;lt;ta2.main{MainActv.java[MainActv~onStart" StructureKind="java" NumEvents="4" CreationCount="674"/><InteractionEvent Delta="null" EndDate="2014-10-16 09:50:19.805 JST" Interest="2.0" Kind="selection" Navigation="null" OriginId="org.eclipse.ui.views.ContentOutline" StartDate="2014-10-16 09:50:18.925 JST" StructureHandle="=TA2/src&amp;lt;ta2.main{MainActv.java[MainActv~onStart" StructureKind="java" NumEvents="2" CreationCount="674"/><InteractionEvent Delta="null" EndDate="2014-10-16 09:45:29.391 JST" Interest="2.0" Kind="selection" Navigation="null" OriginId="org.eclipse.jdt.ui.CompilationUnitEditor" StartDate="2014-10-16 09:45:29.389 JST" StructureHandle="=IFM11/src&amp;lt;ifm11.main{LogActv.java#android.app.Activity" StructureKind="java" NumEvents="2" CreationCount="539"/><InteractionEvent Delta="null" EndDate="2014-10-16 09:39:57.506 JST" Interest="6.445" Kind="propagation" Navigation="org.eclipse.mylyn.core.model.edges.containment" OriginId="org.eclipse.mylyn.core.model.interest.propagation" StartDate="2014-10-16 09:36:42.310 JST" StructureHandle="=IFM11/src&amp;lt;ifm11.listeners.button{BO_CL.java[BO_CL" StructureKind="java" NumEvents="8" CreationCount="261"/><InteractionEvent Delta="null" EndDate="2014-10-16 09:40:12.158 JST" Interest="6.0" Kind="selection" Navigation="null" OriginId="org.eclipse.jdt.ui.CompilationUnitEditor" StartDate="2014-10-16 09:38:42.140 JST" StructureHandle="=IFM11/src&amp;lt;ifm11.listeners.button{BO_CL.java[BO_CL" StructureKind="java" NumEvents="6" CreationCount="261"/><InteractionEvent Delta="null" EndDate="2014-10-16 09:57:30.742 JST" Interest="1.0" Kind="prediction" Navigation="null" OriginId="org.eclipse.mylyn.resources.ui.interest.updater" StartDate="2014-10-16 09:57:30.742 JST" StructureHandle="/TA2/res/values/styles.xml" StructureKind="resource"/><InteractionEvent Delta="null" EndDate="2014-10-16 09:57:30.742 JST" Interest="1.0" Kind="prediction" Navigation="null" OriginId="org.eclipse.mylyn.resources.ui.interest.updater" StartDate="2014-10-16 09:57:30.742 JST" StructureHandle="/TA2/res/layout/actv_log.xml" StructureKind="resource"/><InteractionEvent Delta="null" EndDate="2014-10-16 09:56:02.659 JST" Interest="1.0" Kind="selection" Navigation="null" OriginId="org.eclipse.jdt.ui.CompilationUnitEditor" StartDate="2014-10-16 09:56:02.659 JST" StructureHandle="=TA2/src&amp;lt;ta2.utils{Methods.java[Methods~restore_DB~QActivity;" StructureKind="java"/><InteractionEvent Delta="null" EndDate="2014-10-16 09:57:30.742 JST" Interest="1.0" Kind="prediction" Navigation="null" OriginId="org.eclipse.mylyn.resources.ui.interest.updater" StartDate="2014-10-16 09:57:30.742 JST" StructureHandle="/TA2/res/layout/actv_showlog.xml" StructureKind="resource"/><InteractionEvent Delta="null" EndDate="2014-10-16 09:50:27.379 JST" Interest="1.0" Kind="edit" Navigation="null" OriginId="org.eclipse.jdt.ui.CompilationUnitEditor" StartDate="2014-10-16 09:50:27.379 JST" StructureHandle="=TA2/src&amp;lt;ta2.main{MainActv.java[MainActv~_Setup_AutoBK" StructureKind="java"/><InteractionEvent Delta="null" EndDate="2014-10-16 09:50:27.375 JST" Interest="1.0" Kind="selection" Navigation="null" OriginId="org.eclipse.jdt.ui.CompilationUnitEditor" StartDate="2014-10-16 09:50:27.375 JST" StructureHandle="=TA2/src&amp;lt;ta2.main{MainActv.java[MainActv~_Setup_AutoBK" StructureKind="java"/><InteractionEvent Delta="null" EndDate="2014-10-16 09:57:30.746 JST" Interest="456.0" Kind="propagation" Navigation="null" OriginId="org.eclipse.mylyn.resources.ui.interest.updater" StartDate="2014-10-16 09:29:05.857 JST" StructureHandle="/TA2" StructureKind="resource" NumEvents="456" CreationCount="4"/><InteractionEvent Delta="null" EndDate="2014-10-16 09:51:31.694 JST" Interest="2.0" Kind="edit" Navigation="null" OriginId="org.eclipse.jdt.ui.CompilationUnitEditor" StartDate="2014-10-16 09:51:12.194 JST" StructureHandle="=TA2/src&amp;lt;ta2.utils{DBUtils.java[DBUtils~_backup_DB_SaveDate~QActivity;" StructureKind="java" NumEvents="2" CreationCount="691"/><InteractionEvent Delta="null" EndDate="2014-10-16 09:51:09.951 JST" Interest="1.0" Kind="selection" Navigation="null" OriginId="org.eclipse.jdt.ui.CompilationUnitEditor" StartDate="2014-10-16 09:51:09.951 JST" StructureHandle="=TA2/src&amp;lt;ta2.utils{DBUtils.java[DBUtils~_backup_DB_SaveDate~QActivity;" StructureKind="java"/><InteractionEvent Delta="null" EndDate="2014-10-16 09:42:11.660 JST" Interest="1.0" Kind="selection" Navigation="null" OriginId="org.eclipse.ui.views.ContentOutline" StartDate="2014-10-16 09:42:11.660 JST" StructureHandle="=IFM11/src&amp;lt;ifm11.main{LogActv.java%ifm11.main" StructureKind="java"/><InteractionEvent Delta="null" EndDate="2014-10-16 09:29:21.170 JST" Interest="3.0" Kind="selection" Navigation="null" OriginId="org.eclipse.ui.views.ResourceNavigator" StartDate="2014-10-16 09:29:21.167 JST" StructureHandle="=IFM11/src&amp;lt;ifm11" StructureKind="java" NumEvents="3" CreationCount="17"/><InteractionEvent Delta="null" EndDate="2014-10-16 09:47:13.379 JST" Interest="31.0" Kind="edit" Navigation="null" OriginId="org.eclipse.jdt.ui.CompilationUnitEditor" StartDate="2014-10-16 09:45:18.232 JST" StructureHandle="=IFM11/src&amp;lt;ifm11.main{LogActv.java[LogActv~_Setup_Set_Listener" StructureKind="java" NumEvents="31" CreationCount="527"/><InteractionEvent Delta="null" EndDate="2014-10-16 09:47:11.900 JST" Interest="4.0" Kind="selection" Navigation="null" OriginId="org.eclipse.jdt.ui.CompilationUnitEditor" StartDate="2014-10-16 09:45:18.229 JST" StructureHandle="=IFM11/src&amp;lt;ifm11.main{LogActv.java[LogActv~_Setup_Set_Listener" StructureKind="java" NumEvents="4" CreationCount="527"/><InteractionEvent Delta="null" EndDate="2014-10-16 09:49:09.451 JST" Interest="93.0" Kind="propagation" Navigation="null" OriginId="org.eclipse.jdt.ui.CompilationUnitEditor" StartDate="2014-10-16 09:36:31.334 JST" StructureHandle="/TA2/src/ta2/listeners/button/BO_CL.java" StructureKind="resource" NumEvents="93" CreationCount="252"/><InteractionEvent Delta="null" EndDate="2014-10-16 09:57:30.572 JST" Interest="70.61" Kind="propagation" Navigation="org.eclipse.mylyn.core.model.edges.containment" OriginId="org.eclipse.mylyn.core.model.interest.propagation" StartDate="2014-10-16 09:29:11.326 JST" StructureHandle="=TA2/src" StructureKind="java" NumEvents="140" CreationCount="6"/><InteractionEvent Delta="null" EndDate="2014-10-16 09:29:07.167 JST" Interest="1.0" Kind="selection" Navigation="null" OriginId="org.eclipse.jdt.ui.PackageExplorer" StartDate="2014-10-16 09:29:07.167 JST" StructureHandle="=TA2/src" StructureKind="java"/><InteractionEvent Delta="null" EndDate="2014-10-16 09:57:29.609 JST" Interest="16.3" Kind="propagation" Navigation="org.eclipse.mylyn.core.model.edges.containment" OriginId="org.eclipse.mylyn.core.model.interest.propagation" StartDate="2014-10-16 09:50:36.912 JST" StructureHandle="=TA2/src&amp;lt;ta2.utils{Methods.java[Methods" StructureKind="java" NumEvents="22" CreationCount="684"/><InteractionEvent Delta="null" EndDate="2014-10-16 09:49:10.324 JST" Interest="121.0" Kind="propagation" Navigation="null" OriginId="org.eclipse.jdt.ui.PackageExplorer" StartDate="2014-10-16 09:29:13.786 JST" StructureHandle="/TA2/src/ta2/main/ShowLogActv.java" StructureKind="resource" NumEvents="121" CreationCount="8"/><InteractionEvent Delta="null" EndDate="2014-10-16 09:31:03.55 JST" Interest="1.0" Kind="edit" Navigation="null" OriginId="org.eclipse.jdt.ui.CompilationUnitEditor" StartDate="2014-10-16 09:31:03.55 JST" StructureHandle="=IFM11/src&amp;lt;ifm11.listeners.button{BO_TL.java[BO_TL~BO_TL~QActivity;" StructureKind="java"/><InteractionEvent Delta="null" EndDate="2014-10-16 09:30:57.358 JST" Interest="2.0" Kind="selection" Navigation="null" OriginId="org.eclipse.jdt.ui.CompilationUnitEditor" StartDate="2014-10-16 09:30:41.80 JST" StructureHandle="=IFM11/src&amp;lt;ifm11.listeners.button{BO_TL.java[BO_TL~BO_TL~QActivity;" StructureKind="java" NumEvents="2" CreationCount="49"/><InteractionEvent Delta="null" EndDate="2014-10-16 09:57:30.571 JST" Interest="440.068" Kind="propagation" Navigation="org.eclipse.mylyn.core.model.edges.containment" OriginId="org.eclipse.mylyn.core.model.interest.propagation" StartDate="2014-10-16 09:29:05.857 JST" StructureHandle="=TA2" StructureKind="resource" NumEvents="442" CreationCount="4"/><InteractionEvent Delta="null" EndDate="2014-10-16 09:57:30.582 JST" Interest="1.0" Kind="selection" Navigation="null" OriginId="org.eclipse.jdt.ui.PackageExplorer" StartDate="2014-10-16 09:57:30.582 JST" StructureHandle="=TA2" StructureKind="java"/></InteractionHistory>