<?xml version="1.0" encoding="UTF-8"?><InteractionHistory Id="local-135" Version="1"><InteractionEvent Delta="null" EndDate="2014-10-08 10:53:52.535 JST" Interest="102.102" Kind="propagation" Navigation="org.eclipse.mylyn.core.model.edges.containment" OriginId="org.eclipse.mylyn.core.model.interest.propagation" StartDate="2014-10-08 10:33:25.437 JST" StructureHandle="" StructureKind="java" NumEvents="108" CreationCount="1"/><InteractionEvent Delta="null" EndDate="2014-10-08 10:48:04.319 JST" Interest="1.0" Kind="selection" Navigation="null" OriginId="org.eclipse.ui.views.ContentOutline" StartDate="2014-10-08 10:48:04.319 JST" StructureHandle="=TA2/src&amp;lt;ta2.main{MainActv.java%ta2.main" StructureKind="java"/><InteractionEvent Delta="null" EndDate="2014-10-08 10:50:31.200 JST" Interest="1.0" Kind="propagation" Navigation="org.eclipse.mylyn.core.model.edges.containment" OriginId="org.eclipse.mylyn.core.model.interest.propagation" StartDate="2014-10-08 10:50:31.200 JST" StructureHandle="/TA2/bin/res/crunch/drawable" StructureKind="resource"/><InteractionEvent Delta="null" EndDate="2014-10-08 10:53:52.534 JST" Interest="22.0" Kind="propagation" Navigation="null" OriginId="org.eclipse.jdt.ui.CompilationUnitEditor" StartDate="2014-10-08 10:49:09.567 JST" StructureHandle="/TA2/src/ta2/utils" StructureKind="resource" NumEvents="22" CreationCount="63"/><InteractionEvent Delta="null" EndDate="2014-10-08 10:53:08.845 JST" Interest="42.037" Kind="propagation" Navigation="org.eclipse.mylyn.core.model.edges.containment" OriginId="org.eclipse.mylyn.core.model.interest.propagation" StartDate="2014-10-08 10:33:59.340 JST" StructureHandle="/TA2/src/ta2" StructureKind="resource" NumEvents="43" CreationCount="7"/><InteractionEvent Delta="null" EndDate="2014-10-08 10:53:07.633 JST" Interest="3.0" Kind="selection" Navigation="null" OriginId="org.eclipse.jdt.ui.CompilationUnitEditor" StartDate="2014-10-08 10:49:21.149 JST" StructureHandle="=TA2/src&amp;lt;ta2.listeners.button{BO_TL.java" StructureKind="java" NumEvents="3" CreationCount="68"/><InteractionEvent Delta="null" EndDate="2014-10-08 10:49:36.532 JST" Interest="2.134" Kind="propagation" Navigation="org.eclipse.mylyn.core.model.edges.containment" OriginId="org.eclipse.mylyn.core.model.interest.propagation" StartDate="2014-10-08 10:49:21.977 JST" StructureHandle="=TA2/src&amp;lt;ta2.listeners.button{BO_TL.java" StructureKind="java" NumEvents="6" CreationCount="68"/><InteractionEvent Delta="null" EndDate="2014-10-08 10:49:09.566 JST" Interest="1.0" Kind="selection" Navigation="null" OriginId="org.eclipse.jdt.ui.CompilationUnitEditor" StartDate="2014-10-08 10:49:09.566 JST" StructureHandle="=TA2/src&amp;lt;ta2.utils{Tags.java" StructureKind="java"/><InteractionEvent Delta="null" EndDate="2014-10-08 10:49:10.442 JST" Interest="0.01700002" Kind="propagation" Navigation="org.eclipse.mylyn.core.model.edges.containment" OriginId="org.eclipse.mylyn.core.model.interest.propagation" StartDate="2014-10-08 10:49:10.442 JST" StructureHandle="=TA2/src&amp;lt;ta2.utils{Tags.java" StructureKind="java"/><InteractionEvent Delta="null" EndDate="2014-10-08 10:51:04.410 JST" Interest="8.0" Kind="selection" Navigation="null" OriginId="org.eclipse.jdt.ui.CompilationUnitEditor" StartDate="2014-10-08 10:48:06.655 JST" StructureHandle="=TA2/src&amp;lt;ta2.main{MainActv.java[MainActv~_Setup_Listeners" StructureKind="java" NumEvents="8" CreationCount="41"/><InteractionEvent Delta="null" EndDate="2014-10-08 10:51:10.970 JST" Interest="19.0" Kind="edit" Navigation="null" OriginId="org.eclipse.jdt.ui.CompilationUnitEditor" StartDate="2014-10-08 10:48:07.190 JST" StructureHandle="=TA2/src&amp;lt;ta2.main{MainActv.java[MainActv~_Setup_Listeners" StructureKind="java" NumEvents="19" CreationCount="41"/><InteractionEvent Delta="null" EndDate="2014-10-08 10:47:58.38 JST" Interest="1.0" Kind="selection" Navigation="null" OriginId="org.eclipse.jdt.ui.PackageExplorer" StartDate="2014-10-08 10:47:58.38 JST" StructureHandle="=TA2/src&amp;lt;ta2.main" StructureKind="java"/><InteractionEvent Delta="null" EndDate="2014-10-08 10:51:10.971 JST" Interest="20.878" Kind="propagation" Navigation="org.eclipse.mylyn.core.model.edges.containment" OriginId="org.eclipse.mylyn.core.model.interest.propagation" StartDate="2014-10-08 10:33:59.341 JST" StructureHandle="=TA2/src&amp;lt;ta2.main" StructureKind="java" NumEvents="32" CreationCount="7"/><InteractionEvent Delta="null" EndDate="2014-10-08 10:51:25.578 JST" Interest="1.0" Kind="selection" Navigation="null" OriginId="org.eclipse.jdt.ui.CompilationUnitEditor" StartDate="2014-10-08 10:51:25.578 JST" StructureHandle="=TA2/src&amp;lt;ta2.listeners.button{BO_CL.java[BO_CL~case_ACTV_PLAY_TV" StructureKind="java"/><InteractionEvent Delta="null" EndDate="2014-10-08 10:36:16.96 JST" Interest="1.0" Kind="selection" Navigation="null" OriginId="org.eclipse.jdt.ui.PackageExplorer" StartDate="2014-10-08 10:36:16.96 JST" StructureHandle="/TA2/res/drawable/actv_showlist_bt_top_45x45.png" StructureKind="resource"/><InteractionEvent Delta="null" EndDate="2014-10-08 10:33:59.339 JST" Interest="1.0" Kind="propagation" Navigation="org.eclipse.mylyn.core.model.edges.containment" OriginId="org.eclipse.mylyn.core.model.interest.propagation" StartDate="2014-10-08 10:33:59.339 JST" StructureHandle="=TA2/src&amp;lt;ta2.main{ShowListActv.java[ShowListActv" StructureKind="java"/><InteractionEvent Delta="null" EndDate="2014-10-08 10:51:10.970 JST" Interest="21.317" Kind="propagation" Navigation="org.eclipse.mylyn.core.model.edges.containment" OriginId="org.eclipse.mylyn.core.model.interest.propagation" StartDate="2014-10-08 10:48:05.735 JST" StructureHandle="=TA2/src&amp;lt;ta2.main{MainActv.java[MainActv" StructureKind="java" NumEvents="29" CreationCount="40"/><InteractionEvent Delta="null" EndDate="2014-10-08 10:53:08.845 JST" Interest="41.0" Kind="propagation" Navigation="org.eclipse.mylyn.core.model.edges.containment" OriginId="org.eclipse.mylyn.core.model.interest.propagation" StartDate="2014-10-08 10:49:21.149 JST" StructureHandle="/TA2/src/ta2/listeners" StructureKind="resource" NumEvents="41" CreationCount="68"/><InteractionEvent Delta="null" EndDate="2014-10-08 10:50:31.201 JST" Interest="1.0" Kind="propagation" Navigation="org.eclipse.mylyn.core.model.edges.containment" OriginId="org.eclipse.mylyn.core.model.interest.propagation" StartDate="2014-10-08 10:50:31.201 JST" StructureHandle="/TA2/bin/res" StructureKind="resource"/><InteractionEvent Delta="null" EndDate="2014-10-08 10:53:49.880 JST" Interest="1.0" Kind="selection" Navigation="null" OriginId="org.eclipse.jdt.ui.CompilationUnitEditor" StartDate="2014-10-08 10:53:49.880 JST" StructureHandle="=TA2/src&amp;lt;ta2.utils{Methods.java[Methods~import_DB~QActivity;~QDialog;~QDialog;~QDialog;" StructureKind="java"/><InteractionEvent Delta="null" EndDate="2014-10-08 10:49:10.441 JST" Interest="2.0" Kind="propagation" Navigation="null" OriginId="org.eclipse.jdt.ui.CompilationUnitEditor" StartDate="2014-10-08 10:49:09.567 JST" StructureHandle="/TA2/src/ta2/utils/Tags.java" StructureKind="resource" NumEvents="2" CreationCount="63"/><InteractionEvent Delta="null" EndDate="2014-10-08 10:49:10.441 JST" Interest="1.0" Kind="propagation" Navigation="org.eclipse.mylyn.core.model.edges.containment" OriginId="org.eclipse.mylyn.core.model.interest.propagation" StartDate="2014-10-08 10:49:10.441 JST" StructureHandle="=TA2/src&amp;lt;ta2.utils{Tags.java[Tags" StructureKind="java"/><InteractionEvent Delta="null" EndDate="2014-10-08 10:50:31.199 JST" Interest="1.0" Kind="prediction" Navigation="null" OriginId="org.eclipse.mylyn.resources.ui.interest.updater" StartDate="2014-10-08 10:50:31.199 JST" StructureHandle="/TA2/bin/TA2.apk" StructureKind="resource"/><InteractionEvent Delta="null" EndDate="2014-10-08 10:35:03.419 JST" Interest="1.0" Kind="selection" Navigation="null" OriginId="org.eclipse.jdt.ui.PackageExplorer" StartDate="2014-10-08 10:35:03.419 JST" StructureHandle="/TA2/res/layout/dlg_add_memos.xml" StructureKind="resource"/><InteractionEvent Delta="null" EndDate="2014-10-08 10:53:49.311 JST" Interest="9.285999" Kind="propagation" Navigation="org.eclipse.mylyn.core.model.edges.containment" OriginId="org.eclipse.mylyn.core.model.interest.propagation" StartDate="2014-10-08 10:49:09.567 JST" StructureHandle="=TA2/src&amp;lt;ta2.utils" StructureKind="java" NumEvents="14" CreationCount="63"/><InteractionEvent Delta="null" EndDate="2014-10-08 10:53:12.566 JST" Interest="3.0" Kind="selection" Navigation="null" OriginId="org.eclipse.jdt.ui.CompilationUnitEditor" StartDate="2014-10-08 10:52:46.226 JST" StructureHandle="=TA2/src&amp;lt;ta2.utils{Methods.java" StructureKind="java" NumEvents="3" CreationCount="116"/><InteractionEvent Delta="null" EndDate="2014-10-08 10:53:49.311 JST" Interest="5.3849993" Kind="propagation" Navigation="org.eclipse.mylyn.core.model.edges.containment" OriginId="org.eclipse.mylyn.core.model.interest.propagation" StartDate="2014-10-08 10:52:48.840 JST" StructureHandle="=TA2/src&amp;lt;ta2.utils{Methods.java" StructureKind="java" NumEvents="9" CreationCount="116"/><InteractionEvent Delta="null" EndDate="2014-10-08 10:50:31.201 JST" Interest="1.0" Kind="propagation" Navigation="org.eclipse.mylyn.core.model.edges.containment" OriginId="org.eclipse.mylyn.core.model.interest.propagation" StartDate="2014-10-08 10:50:31.201 JST" StructureHandle="/TA2/bin/res/crunch" StructureKind="resource"/><InteractionEvent Delta="null" EndDate="2014-10-08 10:36:33.48 JST" Interest="2.0" Kind="selection" Navigation="null" OriginId="org.eclipse.jdt.ui.PackageExplorer" StartDate="2014-10-08 10:36:20.697 JST" StructureHandle="/TA2/res/drawable/actv_main_bt_photo.png" StructureKind="resource" NumEvents="2" CreationCount="19"/><InteractionEvent Delta="null" EndDate="2014-10-08 10:53:07.819 JST" Interest="5.1169996" Kind="propagation" Navigation="org.eclipse.mylyn.core.model.edges.containment" OriginId="org.eclipse.mylyn.core.model.interest.propagation" StartDate="2014-10-08 10:49:21.976 JST" StructureHandle="=TA2/src&amp;lt;ta2.listeners.button{BO_TL.java[BO_TL" StructureKind="java" NumEvents="7" CreationCount="69"/><InteractionEvent Delta="null" EndDate="2014-10-08 10:53:52.535 JST" Interest="148.0" Kind="propagation" Navigation="org.eclipse.mylyn.core.model.edges.containment" OriginId="org.eclipse.mylyn.core.model.interest.propagation" StartDate="2014-10-08 10:33:25.437 JST" StructureHandle="/" StructureKind="resource" NumEvents="148" CreationCount="1"/><InteractionEvent Delta="null" EndDate="2014-10-08 10:53:12.735 JST" Interest="2.0" Kind="selection" Navigation="null" OriginId="org.eclipse.jdt.ui.CompilationUnitEditor" StartDate="2014-10-08 10:52:53.393 JST" StructureHandle="=TA2/src&amp;lt;ta2.utils{Methods.java[Methods~start_Activity_PhotoActv~QActivity;" StructureKind="java" NumEvents="2" CreationCount="121"/><InteractionEvent Delta="null" EndDate="2014-10-08 10:53:49.311 JST" Interest="9.0" Kind="edit" Navigation="null" OriginId="org.eclipse.jdt.ui.CompilationUnitEditor" StartDate="2014-10-08 10:52:57.527 JST" StructureHandle="=TA2/src&amp;lt;ta2.utils{Methods.java[Methods~start_Activity_PhotoActv~QActivity;" StructureKind="java" NumEvents="9" CreationCount="121"/><InteractionEvent Delta="null" EndDate="2014-10-08 10:49:21.976 JST" Interest="1.0" Kind="selection" Navigation="null" OriginId="org.eclipse.jdt.ui.CompilationUnitEditor" StartDate="2014-10-08 10:49:21.976 JST" StructureHandle="=TA2/src&amp;lt;ta2.listeners.button{BO_TL.java[BO_TL~BO_TL~QActivity;" StructureKind="java"/><InteractionEvent Delta="null" EndDate="2014-10-08 10:49:10.441 JST" Interest="1.0" Kind="selection" Navigation="null" OriginId="org.eclipse.jdt.ui.CompilationUnitEditor" StartDate="2014-10-08 10:49:10.441 JST" StructureHandle="=TA2/src&amp;lt;ta2.utils{Tags.java[Tags[ButtonTags^ACTV_MAIN_PHOTO" StructureKind="java"/><InteractionEvent Delta="null" EndDate="2014-10-08 10:50:31.199 JST" Interest="1.0" Kind="propagation" Navigation="org.eclipse.mylyn.core.model.edges.containment" OriginId="org.eclipse.mylyn.core.model.interest.propagation" StartDate="2014-10-08 10:50:31.199 JST" StructureHandle="/TA2/bin" StructureKind="resource"/><InteractionEvent Delta="null" EndDate="2014-10-08 10:33:59.340 JST" Interest="1.0" Kind="propagation" Navigation="org.eclipse.mylyn.core.model.edges.containment" OriginId="org.eclipse.mylyn.core.model.interest.propagation" StartDate="2014-10-08 10:33:59.340 JST" StructureHandle="=TA2/src&amp;lt;ta2.main{ShowListActv.java" StructureKind="java"/><InteractionEvent Delta="null" EndDate="2014-10-08 10:50:16.551 JST" Interest="1.0" Kind="propagation" Navigation="null" OriginId="org.eclipse.mylyn.resources.ui.interest.updater" StartDate="2014-10-08 10:50:16.551 JST" StructureHandle="/TA2/res/drawable/actv_main_bt_photo_128x128.png" StructureKind="resource"/><InteractionEvent Delta="null" EndDate="2014-10-08 10:53:08.687 JST" Interest="3.0" Kind="selection" Navigation="null" OriginId="org.eclipse.jdt.ui.CompilationUnitEditor" StartDate="2014-10-08 10:51:15.380 JST" StructureHandle="=TA2/src&amp;lt;ta2.listeners.button{BO_CL.java" StructureKind="java" NumEvents="3" CreationCount="89"/><InteractionEvent Delta="null" EndDate="2014-10-08 10:52:41.8 JST" Interest="9.221001" Kind="propagation" Navigation="org.eclipse.mylyn.core.model.edges.containment" OriginId="org.eclipse.mylyn.core.model.interest.propagation" StartDate="2014-10-08 10:51:16.61 JST" StructureHandle="=TA2/src&amp;lt;ta2.listeners.button{BO_CL.java" StructureKind="java" NumEvents="15" CreationCount="89"/><InteractionEvent Delta="null" EndDate="2014-10-08 10:51:10.972 JST" Interest="41.0" Kind="propagation" Navigation="null" OriginId="org.eclipse.jdt.ui.CompilationUnitEditor" StartDate="2014-10-08 10:33:59.340 JST" StructureHandle="/TA2/src/ta2/main" StructureKind="resource" NumEvents="41" CreationCount="7"/><InteractionEvent Delta="null" EndDate="2014-10-08 10:53:08.845 JST" Interest="12.578001" Kind="propagation" Navigation="org.eclipse.mylyn.core.model.edges.containment" OriginId="org.eclipse.mylyn.core.model.interest.propagation" StartDate="2014-10-08 10:49:21.149 JST" StructureHandle="=TA2/src&amp;lt;ta2.listeners.button" StructureKind="java" NumEvents="23" CreationCount="68"/><InteractionEvent Delta="null" EndDate="2014-10-08 10:53:52.533 JST" Interest="20.0" Kind="propagation" Navigation="null" OriginId="org.eclipse.jdt.ui.CompilationUnitEditor" StartDate="2014-10-08 10:52:46.226 JST" StructureHandle="/TA2/src/ta2/utils/Methods.java" StructureKind="resource" NumEvents="20" CreationCount="116"/><InteractionEvent Delta="null" EndDate="2014-10-08 10:53:52.535 JST" Interest="103.085" Kind="propagation" Navigation="null" OriginId="org.eclipse.jdt.ui.CompilationUnitEditor" StartDate="2014-10-08 10:33:28.969 JST" StructureHandle="/TA2/src" StructureKind="resource" NumEvents="106" CreationCount="2"/><InteractionEvent Delta="null" EndDate="2014-10-08 10:53:07.820 JST" Interest="10.0" Kind="propagation" Navigation="null" OriginId="org.eclipse.jdt.ui.CompilationUnitEditor" StartDate="2014-10-08 10:49:21.149 JST" StructureHandle="/TA2/src/ta2/listeners/button/BO_TL.java" StructureKind="resource" NumEvents="10" CreationCount="68"/><InteractionEvent Delta="null" EndDate="2014-10-08 10:35:03.246 JST" Interest="3.0" Kind="selection" Navigation="null" OriginId="org.eclipse.jdt.ui.PackageExplorer" StartDate="2014-10-08 10:33:33.80 JST" StructureHandle="/TA2/res/layout" StructureKind="resource" NumEvents="3" CreationCount="3"/><InteractionEvent Delta="null" EndDate="2014-10-08 10:50:22.356 JST" Interest="4.417" Kind="propagation" Navigation="org.eclipse.mylyn.core.model.edges.containment" OriginId="org.eclipse.mylyn.core.model.interest.propagation" StartDate="2014-10-08 10:33:36.583 JST" StructureHandle="/TA2/res/layout" StructureKind="resource" NumEvents="6" CreationCount="3"/><InteractionEvent Delta="null" EndDate="2014-10-08 10:47:15.135 JST" Interest="5.0" Kind="selection" Navigation="null" OriginId="org.eclipse.jdt.ui.PackageExplorer" StartDate="2014-10-08 10:33:25.436 JST" StructureHandle="/TA2/res/drawable" StructureKind="resource" NumEvents="5" CreationCount="1"/><InteractionEvent Delta="null" EndDate="2014-10-08 10:36:09.25 JST" Interest="0.22100008" Kind="propagation" Navigation="org.eclipse.mylyn.core.model.edges.containment" OriginId="org.eclipse.mylyn.core.model.interest.propagation" StartDate="2014-10-08 10:36:09.25 JST" StructureHandle="/TA2/res/drawable" StructureKind="resource"/><InteractionEvent Delta="null" EndDate="2014-10-08 10:47:34.561 JST" Interest="1.0" Kind="selection" Navigation="null" OriginId="org.eclipse.jdt.ui.PackageExplorer" StartDate="2014-10-08 10:47:34.561 JST" StructureHandle="=TA2" StructureKind="java"/><InteractionEvent Delta="null" EndDate="2014-10-08 10:53:52.533 JST" Interest="101.102" Kind="propagation" Navigation="org.eclipse.mylyn.core.model.edges.containment" OriginId="org.eclipse.mylyn.core.model.interest.propagation" StartDate="2014-10-08 10:33:25.437 JST" StructureHandle="=TA2" StructureKind="resource" NumEvents="107" CreationCount="1"/><InteractionEvent Delta="null" EndDate="2014-10-08 10:50:22.99 JST" Interest="6.0" Kind="selection" Navigation="null" OriginId="com.android.ide.eclipse.editors.CommonXmlEditor" StartDate="2014-10-08 10:33:36.582 JST" StructureHandle="/TA2/res/layout/actv_main.xml" StructureKind="resource" NumEvents="6" CreationCount="4"/><InteractionEvent Delta="null" EndDate="2014-10-08 10:50:22.356 JST" Interest="2.0" Kind="edit" Navigation="null" OriginId="com.android.ide.eclipse.editors.CommonXmlEditor" StartDate="2014-10-08 10:37:33.657 JST" StructureHandle="/TA2/res/layout/actv_main.xml" StructureKind="resource" NumEvents="2" CreationCount="4"/><InteractionEvent Delta="null" EndDate="2014-10-08 10:35:16.252 JST" Interest="1.0" Kind="selection" Navigation="null" OriginId="org.eclipse.jdt.ui.PackageExplorer" StartDate="2014-10-08 10:35:16.252 JST" StructureHandle="/TA2/res/drawable/actv_main_bt_memo.png" StructureKind="resource"/><InteractionEvent Delta="null" EndDate="2014-10-08 10:50:31.200 JST" Interest="1.0" Kind="propagation" Navigation="null" OriginId="org.eclipse.mylyn.resources.ui.interest.updater" StartDate="2014-10-08 10:50:31.200 JST" StructureHandle="/TA2/bin/res/crunch/drawable/actv_main_bt_photo_touched.png" StructureKind="resource"/><InteractionEvent Delta="null" EndDate="2014-10-08 10:33:59.340 JST" Interest="1.0" Kind="propagation" Navigation="null" OriginId="org.eclipse.ui.views.ContentOutline" StartDate="2014-10-08 10:33:59.340 JST" StructureHandle="/TA2/src/ta2/main/ShowListActv.java" StructureKind="resource"/><InteractionEvent Delta="null" EndDate="2014-10-08 10:50:31.199 JST" Interest="1.0" Kind="prediction" Navigation="null" OriginId="org.eclipse.mylyn.resources.ui.interest.updater" StartDate="2014-10-08 10:50:31.199 JST" StructureHandle="/TA2/bin/classes.dex" StructureKind="resource"/><InteractionEvent Delta="null" EndDate="2014-10-08 10:50:23.199 JST" Interest="7.0" Kind="selection" Navigation="null" OriginId="org.eclipse.jdt.ui.CompilationUnitEditor" StartDate="2014-10-08 10:48:00.184 JST" StructureHandle="=TA2/src&amp;lt;ta2.main{MainActv.java" StructureKind="java" NumEvents="7" CreationCount="37"/><InteractionEvent Delta="null" EndDate="2014-10-08 10:51:10.971 JST" Interest="14.368" Kind="propagation" Navigation="org.eclipse.mylyn.core.model.edges.containment" OriginId="org.eclipse.mylyn.core.model.interest.propagation" StartDate="2014-10-08 10:48:06.710 JST" StructureHandle="=TA2/src&amp;lt;ta2.main{MainActv.java" StructureKind="java" NumEvents="22" CreationCount="37"/><InteractionEvent Delta="null" EndDate="2014-10-08 10:52:46.902 JST" Interest="1.0" Kind="selection" Navigation="null" OriginId="org.eclipse.jdt.ui.CompilationUnitEditor" StartDate="2014-10-08 10:52:46.902 JST" StructureHandle="=TA2/src&amp;lt;ta2.utils{Methods.java[Methods~start_Activity_MemoActv~QActivity;" StructureKind="java"/><InteractionEvent Delta="null" EndDate="2014-10-08 10:52:48.230 JST" Interest="1.0" Kind="edit" Navigation="null" OriginId="org.eclipse.jdt.ui.CompilationUnitEditor" StartDate="2014-10-08 10:52:48.230 JST" StructureHandle="=TA2/src&amp;lt;ta2.utils{Methods.java[Methods~start_Activity_MemoActv~QActivity;" StructureKind="java"/><InteractionEvent Delta="null" EndDate="2014-10-08 10:51:44.476 JST" Interest="1.0" Kind="selection" Navigation="null" OriginId="org.eclipse.jdt.ui.CompilationUnitEditor" StartDate="2014-10-08 10:51:44.476 JST" StructureHandle="=TA2/src&amp;lt;ta2.listeners.button{BO_CL.java[BO_CL" StructureKind="java"/><InteractionEvent Delta="null" EndDate="2014-10-08 10:53:08.844 JST" Interest="11.204" Kind="propagation" Navigation="org.eclipse.mylyn.core.model.edges.containment" OriginId="org.eclipse.mylyn.core.model.interest.propagation" StartDate="2014-10-08 10:51:16.60 JST" StructureHandle="=TA2/src&amp;lt;ta2.listeners.button{BO_CL.java[BO_CL" StructureKind="java" NumEvents="16" CreationCount="90"/><InteractionEvent Delta="null" EndDate="2014-10-08 10:36:09.909 JST" Interest="1.0" Kind="selection" Navigation="null" OriginId="org.eclipse.jdt.ui.PackageExplorer" StartDate="2014-10-08 10:36:09.909 JST" StructureHandle="/TA2/res/drawable/actv_main_bt_voice_128x128_disabled.png" StructureKind="resource"/><InteractionEvent Delta="null" EndDate="2014-10-08 10:53:07.819 JST" Interest="3.0" Kind="selection" Navigation="null" OriginId="org.eclipse.jdt.ui.CompilationUnitEditor" StartDate="2014-10-08 10:49:23.132 JST" StructureHandle="=TA2/src&amp;lt;ta2.listeners.button{BO_TL.java[BO_TL~onTouch~QView;~QMotionEvent;" StructureKind="java" NumEvents="3" CreationCount="70"/><InteractionEvent Delta="null" EndDate="2014-10-08 10:49:30.463 JST" Interest="3.0" Kind="edit" Navigation="null" OriginId="org.eclipse.jdt.ui.CompilationUnitEditor" StartDate="2014-10-08 10:49:25.120 JST" StructureHandle="=TA2/src&amp;lt;ta2.listeners.button{BO_TL.java[BO_TL~onTouch~QView;~QMotionEvent;" StructureKind="java" NumEvents="3" CreationCount="70"/><InteractionEvent Delta="null" EndDate="2014-10-08 10:47:49.209 JST" Interest="6.0" Kind="selection" Navigation="null" OriginId="org.eclipse.jdt.ui.PackageExplorer" StartDate="2014-10-08 10:36:53.186 JST" StructureHandle="/TA2/res" StructureKind="resource" NumEvents="6" CreationCount="1"/><InteractionEvent Delta="null" EndDate="2014-10-08 10:35:03.420 JST" Interest="6.051" Kind="propagation" Navigation="org.eclipse.mylyn.core.model.edges.containment" OriginId="org.eclipse.mylyn.core.model.interest.propagation" StartDate="2014-10-08 10:33:25.436 JST" StructureHandle="/TA2/res" StructureKind="resource" NumEvents="9" CreationCount="1"/><InteractionEvent Delta="null" EndDate="2014-10-08 10:36:45.328 JST" Interest="1.0" Kind="selection" Navigation="null" OriginId="org.eclipse.jdt.ui.PackageExplorer" StartDate="2014-10-08 10:36:45.328 JST" StructureHandle="/TA2/res/drawable/actv_main_bt_photo_touched.png" StructureKind="resource"/><InteractionEvent Delta="null" EndDate="2014-10-08 10:49:10.441 JST" Interest="1.0" Kind="propagation" Navigation="org.eclipse.mylyn.core.model.edges.containment" OriginId="org.eclipse.mylyn.core.model.interest.propagation" StartDate="2014-10-08 10:49:10.441 JST" StructureHandle="=TA2/src&amp;lt;ta2.utils{Tags.java[Tags[ButtonTags" StructureKind="java"/><InteractionEvent Delta="null" EndDate="2014-10-08 10:48:06.712 JST" Interest="3.0" Kind="selection" Navigation="null" OriginId="org.eclipse.jdt.ui.CompilationUnitEditor" StartDate="2014-10-08 10:48:05.734 JST" StructureHandle="=TA2/src&amp;lt;ta2.main{MainActv.java[MainActv~do_test" StructureKind="java" NumEvents="3" CreationCount="40"/><InteractionEvent Delta="null" EndDate="2014-10-08 10:50:31.200 JST" Interest="1.0" Kind="propagation" Navigation="null" OriginId="org.eclipse.mylyn.resources.ui.interest.updater" StartDate="2014-10-08 10:50:31.200 JST" StructureHandle="/TA2/bin/res/crunch/drawable/actv_main_bt_photo_128x128.png" StructureKind="resource"/><InteractionEvent Delta="null" EndDate="2014-10-08 10:53:52.535 JST" Interest="148.0" Kind="propagation" Navigation="null" OriginId="org.eclipse.jdt.ui.CompilationUnitEditor" StartDate="2014-10-08 10:33:25.437 JST" StructureHandle="/TA2" StructureKind="resource" NumEvents="148" CreationCount="1"/><InteractionEvent Delta="null" EndDate="2014-10-08 10:47:18.520 JST" Interest="3.0" Kind="selection" Navigation="null" OriginId="org.eclipse.jdt.ui.PackageExplorer" StartDate="2014-10-08 10:35:29.668 JST" StructureHandle="/TA2/res/drawable/actv_main_bt_memo_128x128_disabled.png" StructureKind="resource" NumEvents="3" CreationCount="14"/><InteractionEvent Delta="null" EndDate="2014-10-08 10:51:28.137 JST" Interest="2.0" Kind="selection" Navigation="null" OriginId="org.eclipse.jdt.ui.CompilationUnitEditor" StartDate="2014-10-08 10:51:18.152 JST" StructureHandle="=TA2/src&amp;lt;ta2.listeners.button{BO_CL.java[BO_CL~onClick~QView;" StructureKind="java" NumEvents="2" CreationCount="92"/><InteractionEvent Delta="null" EndDate="2014-10-08 10:51:39.487 JST" Interest="7.0" Kind="edit" Navigation="null" OriginId="org.eclipse.jdt.ui.CompilationUnitEditor" StartDate="2014-10-08 10:51:23.984 JST" StructureHandle="=TA2/src&amp;lt;ta2.listeners.button{BO_CL.java[BO_CL~onClick~QView;" StructureKind="java" NumEvents="7" CreationCount="92"/><InteractionEvent Delta="null" EndDate="2014-10-08 10:51:10.970 JST" Interest="39.0" Kind="propagation" Navigation="null" OriginId="org.eclipse.jdt.ui.CompilationUnitEditor" StartDate="2014-10-08 10:48:00.185 JST" StructureHandle="/TA2/src/ta2/main/MainActv.java" StructureKind="resource" NumEvents="39" CreationCount="37"/><InteractionEvent Delta="null" EndDate="2014-10-08 10:53:08.845 JST" Interest="41.0" Kind="propagation" Navigation="null" OriginId="org.eclipse.jdt.ui.CompilationUnitEditor" StartDate="2014-10-08 10:49:21.149 JST" StructureHandle="/TA2/src/ta2/listeners/button" StructureKind="resource" NumEvents="41" CreationCount="68"/><InteractionEvent Delta="null" EndDate="2014-10-08 10:51:16.60 JST" Interest="1.0" Kind="selection" Navigation="null" OriginId="org.eclipse.jdt.ui.CompilationUnitEditor" StartDate="2014-10-08 10:51:16.60 JST" StructureHandle="=TA2/src&amp;lt;ta2.listeners.button{BO_CL.java[BO_CL~BO_CL~QActivity;" StructureKind="java"/><InteractionEvent Delta="null" EndDate="2014-10-08 10:51:16.856 JST" Interest="1.0" Kind="edit" Navigation="null" OriginId="org.eclipse.jdt.ui.CompilationUnitEditor" StartDate="2014-10-08 10:51:16.856 JST" StructureHandle="=TA2/src&amp;lt;ta2.listeners.button{BO_CL.java[BO_CL~BO_CL~QActivity;" StructureKind="java"/><InteractionEvent Delta="null" EndDate="2014-10-08 10:33:59.333 JST" Interest="1.0" Kind="selection" Navigation="null" OriginId="org.eclipse.ui.views.ContentOutline" StartDate="2014-10-08 10:33:59.333 JST" StructureHandle="=TA2/src&amp;lt;ta2.main{ShowListActv.java[ShowListActv~_Setup_SetSelection" StructureKind="java"/><InteractionEvent Delta="null" EndDate="2014-10-08 10:36:35.961 JST" Interest="1.0" Kind="selection" Navigation="null" OriginId="org.eclipse.jdt.ui.PackageExplorer" StartDate="2014-10-08 10:36:35.961 JST" StructureHandle="/TA2/res/drawable/actv_showlist_bt_bottom_45x45_disabled.png" StructureKind="resource"/><InteractionEvent Delta="null" EndDate="2014-10-08 10:53:08.844 JST" Interest="31.0" Kind="propagation" Navigation="null" OriginId="org.eclipse.jdt.ui.CompilationUnitEditor" StartDate="2014-10-08 10:51:15.380 JST" StructureHandle="/TA2/src/ta2/listeners/button/BO_CL.java" StructureKind="resource" NumEvents="31" CreationCount="89"/><InteractionEvent Delta="null" EndDate="2014-10-08 10:47:52.666 JST" Interest="2.0" Kind="selection" Navigation="null" OriginId="org.eclipse.jdt.ui.PackageExplorer" StartDate="2014-10-08 10:33:28.969 JST" StructureHandle="=TA2/src" StructureKind="java" NumEvents="2" CreationCount="2"/><InteractionEvent Delta="null" EndDate="2014-10-08 10:51:10.972 JST" Interest="19.963" Kind="propagation" Navigation="org.eclipse.mylyn.core.model.edges.containment" OriginId="org.eclipse.mylyn.core.model.interest.propagation" StartDate="2014-10-08 10:33:59.341 JST" StructureHandle="=TA2/src" StructureKind="java" NumEvents="33" CreationCount="2"/><InteractionEvent Delta="null" EndDate="2014-10-08 10:52:48.839 JST" Interest="1.0" Kind="selection" Navigation="null" OriginId="org.eclipse.jdt.ui.CompilationUnitEditor" StartDate="2014-10-08 10:52:48.839 JST" StructureHandle="=TA2/src&amp;lt;ta2.utils{Methods.java[Methods" StructureKind="java"/><InteractionEvent Delta="null" EndDate="2014-10-08 10:53:49.311 JST" Interest="7.350999" Kind="propagation" Navigation="org.eclipse.mylyn.core.model.edges.containment" OriginId="org.eclipse.mylyn.core.model.interest.propagation" StartDate="2014-10-08 10:52:46.902 JST" StructureHandle="=TA2/src&amp;lt;ta2.utils{Methods.java[Methods" StructureKind="java" NumEvents="10" CreationCount="118"/><InteractionEvent Delta="null" EndDate="2014-10-08 10:36:38.189 JST" Interest="1.0" Kind="selection" Navigation="null" OriginId="org.eclipse.jdt.ui.PackageExplorer" StartDate="2014-10-08 10:36:38.189 JST" StructureHandle="/TA2/res/drawable/camera41 (1).png" StructureKind="resource"/><InteractionEvent Delta="null" EndDate="2014-10-08 10:36:13.379 JST" Interest="1.0" Kind="propagation" Navigation="null" OriginId="org.eclipse.mylyn.resources.ui.interest.updater" StartDate="2014-10-08 10:36:13.379 JST" StructureHandle="/TA2/res/drawable/camera41 (1).png" StructureKind="resource"/><InteractionEvent Delta="null" EndDate="2014-10-08 10:53:08.844 JST" Interest="5.0" Kind="selection" Navigation="null" OriginId="org.eclipse.jdt.ui.CompilationUnitEditor" StartDate="2014-10-08 10:51:40.759 JST" StructureHandle="=TA2/src&amp;lt;ta2.listeners.button{BO_CL.java[BO_CL~case_ACTV_MAIN_PHOTO" StructureKind="java" NumEvents="5" CreationCount="102"/><InteractionEvent Delta="null" EndDate="2014-10-08 10:52:41.7 JST" Interest="10.0" Kind="edit" Navigation="null" OriginId="org.eclipse.jdt.ui.CompilationUnitEditor" StartDate="2014-10-08 10:51:41.624 JST" StructureHandle="=TA2/src&amp;lt;ta2.listeners.button{BO_CL.java[BO_CL~case_ACTV_MAIN_PHOTO" StructureKind="java" NumEvents="10" CreationCount="102"/><InteractionEvent Delta="null" EndDate="2014-10-08 10:51:03.644 JST" Interest="1.0" Kind="selection" Navigation="null" OriginId="org.eclipse.jdt.ui.CompilationUnitEditor" StartDate="2014-10-08 10:51:03.644 JST" StructureHandle="=TA2/src&amp;lt;ta2.main{MainActv.java[MainActv~onBackPressed" StructureKind="java"/><InteractionEvent Delta="null" EndDate="2014-10-08 10:50:31.199 JST" Interest="1.0" Kind="prediction" Navigation="null" OriginId="org.eclipse.mylyn.resources.ui.interest.updater" StartDate="2014-10-08 10:50:31.199 JST" StructureHandle="/TA2/bin/resources.ap_" StructureKind="resource"/><InteractionEvent Delta="null" EndDate="2014-10-08 10:53:52.533 JST" Interest="1.0" Kind="selection" Navigation="null" OriginId="org.eclipse.jdt.ui.CompilationUnitEditor" StartDate="2014-10-08 10:53:52.533 JST" StructureHandle="=TA2/src&amp;lt;ta2.utils{Methods.java[Methods~start_Activity_ShowListActv~QActivity;" StructureKind="java"/></InteractionHistory>