<?xml version="1.0" encoding="UTF-8"?><InteractionHistory Id="local-231" Version="1"><InteractionEvent Delta="null" EndDate="2014-12-02 08:27:40.452 JST" Interest="28.068" Kind="propagation" Navigation="org.eclipse.mylyn.core.model.edges.containment" OriginId="org.eclipse.mylyn.core.model.interest.propagation" StartDate="2014-12-02 08:11:20.118 JST" StructureHandle="" StructureKind="java" NumEvents="33" CreationCount="183"/><InteractionEvent Delta="null" EndDate="2014-12-02 08:30:34.550 JST" Interest="21.0" Kind="propagation" Navigation="null" OriginId="org.eclipse.ui.views.ResourceNavigator" StartDate="2014-12-02 08:28:28.964 JST" StructureHandle="/TA2/src/ta2/utils/CONS.java" StructureKind="resource" NumEvents="21" CreationCount="800"/><InteractionEvent Delta="null" EndDate="2014-12-02 08:29:34.201 JST" Interest="2.0" Kind="selection" Navigation="null" OriginId="org.eclipse.jdt.ui.CompilationUnitEditor" StartDate="2014-12-02 08:29:01.292 JST" StructureHandle="=CutPlanner_A/src&amp;lt;cp.utils{CONS.java[CONS[DB^dbName" StructureKind="java" NumEvents="2" CreationCount="820"/><InteractionEvent Delta="null" EndDate="2014-12-02 08:19:18.43 JST" Interest="1.0" Kind="selection" Navigation="null" OriginId="org.eclipse.ui.views.ContentOutline" StartDate="2014-12-02 08:19:18.43 JST" StructureHandle="=CutPlanner_A/src&amp;lt;cp.main{MainActv.java%cp.main" StructureKind="java"/><InteractionEvent Delta="null" EndDate="2014-12-02 08:29:31.745 JST" Interest="3.0" Kind="selection" Navigation="null" OriginId="org.eclipse.jdt.ui.CompilationUnitEditor" StartDate="2014-12-02 08:29:03.968 JST" StructureHandle="=CutPlanner_A/src&amp;lt;cp.utils{CONS.java[CONS[DB^tname_CM7" StructureKind="java" NumEvents="3" CreationCount="821"/><InteractionEvent Delta="null" EndDate="2014-12-02 08:30:34.662 JST" Interest="87.935" Kind="propagation" Navigation="null" OriginId="org.eclipse.ui.views.ResourceNavigator" StartDate="2014-12-02 08:06:02.45 JST" StructureHandle="/TA2/src/ta2/utils" StructureKind="resource" NumEvents="89" CreationCount="31"/><InteractionEvent Delta="null" EndDate="2014-12-02 08:30:34.661 JST" Interest="86.951996" Kind="propagation" Navigation="org.eclipse.mylyn.core.model.edges.containment" OriginId="org.eclipse.mylyn.core.model.interest.propagation" StartDate="2014-12-02 08:05:59.267 JST" StructureHandle="/TA2/src/ta2" StructureKind="resource" NumEvents="94" CreationCount="30"/><InteractionEvent Delta="null" EndDate="2014-12-02 08:26:29.527 JST" Interest="430.0" Kind="propagation" Navigation="null" OriginId="org.eclipse.jdt.ui.PackageExplorer" StartDate="2014-12-02 08:10:17.467 JST" StructureHandle="/CutPlanner_A/src/cp/main/LogActv.java" StructureKind="resource" NumEvents="430" CreationCount="152"/><InteractionEvent Delta="null" EndDate="2014-12-02 08:10:08.213 JST" Interest="29.0" Kind="edit" Navigation="null" OriginId="org.eclipse.jdt.ui.CompilationUnitEditor" StartDate="2014-12-02 08:05:41.689 JST" StructureHandle="=CutPlanner_A/src&amp;lt;cp.listeners.dialog{DOI_CL.java[DOI_CL~case_ACTV_MAIN_ADMIN_LV~QListItem;" StructureKind="java" NumEvents="29" CreationCount="23"/><InteractionEvent Delta="null" EndDate="2014-12-02 08:09:52.845 JST" Interest="8.0" Kind="selection" Navigation="null" OriginId="org.eclipse.jdt.ui.CompilationUnitEditor" StartDate="2014-12-02 08:05:40.457 JST" StructureHandle="=CutPlanner_A/src&amp;lt;cp.listeners.dialog{DOI_CL.java[DOI_CL~case_ACTV_MAIN_ADMIN_LV~QListItem;" StructureKind="java" NumEvents="8" CreationCount="23"/><InteractionEvent Delta="null" EndDate="2014-12-02 08:29:24.966 JST" Interest="2.0" Kind="selection" Navigation="null" OriginId="org.eclipse.jdt.ui.CompilationUnitEditor" StartDate="2014-12-02 08:29:08.622 JST" StructureHandle="=TA2/src&amp;lt;ta2.utils{CONS.java[CONS[DB^col_types_FilterHistory" StructureKind="java" NumEvents="2" CreationCount="826"/><InteractionEvent Delta="null" EndDate="2014-12-02 08:29:55.332 JST" Interest="13.0" Kind="selection" Navigation="null" OriginId="org.eclipse.jdt.ui.CompilationUnitEditor" StartDate="2014-12-02 08:11:06.939 JST" StructureHandle="=CutPlanner_A/src&amp;lt;cp.utils{CONS.java" StructureKind="java" NumEvents="13" CreationCount="176"/><InteractionEvent Delta="null" EndDate="2014-12-02 08:28:40.776 JST" Interest="0.64199996" Kind="manipulation" Navigation="null" OriginId="org.eclipse.mylyn.core.model.interest.decay.correction" StartDate="2014-12-02 08:28:40.776 JST" StructureHandle="=CutPlanner_A/src&amp;lt;cp.utils{CONS.java" StructureKind="java"/><InteractionEvent Delta="null" EndDate="2014-12-02 08:30:14.933 JST" Interest="6.5230026" Kind="propagation" Navigation="org.eclipse.mylyn.core.model.edges.containment" OriginId="org.eclipse.mylyn.core.model.interest.propagation" StartDate="2014-12-02 08:11:07.610 JST" StructureHandle="=CutPlanner_A/src&amp;lt;cp.utils{CONS.java" StructureKind="java" NumEvents="12" CreationCount="176"/><InteractionEvent Delta="null" EndDate="2014-12-02 08:09:52.206 JST" Interest="12.017" Kind="propagation" Navigation="org.eclipse.mylyn.core.model.edges.containment" OriginId="org.eclipse.mylyn.core.model.interest.propagation" StartDate="2014-12-02 08:06:08.316 JST" StructureHandle="/TA2/src/ta2/listeners/dialog" StructureKind="resource" NumEvents="13" CreationCount="34"/><InteractionEvent Delta="null" EndDate="2014-12-02 08:06:44.688 JST" Interest="1.0" Kind="edit" Navigation="null" OriginId="org.eclipse.jdt.ui.CompilationUnitEditor" StartDate="2014-12-02 08:06:44.688 JST" StructureHandle="=CutPlanner_A/src&amp;lt;cp.listeners.dialog{DOI_CL.java" StructureKind="java"/><InteractionEvent Delta="null" EndDate="2014-12-02 08:09:52.596 JST" Interest="6.0" Kind="selection" Navigation="null" OriginId="org.eclipse.jdt.ui.CompilationUnitEditor" StartDate="2014-12-02 08:05:21.768 JST" StructureHandle="=CutPlanner_A/src&amp;lt;cp.listeners.dialog{DOI_CL.java" StructureKind="java" NumEvents="6" CreationCount="13"/><InteractionEvent Delta="null" EndDate="2014-12-02 08:10:08.213 JST" Interest="21.769999" Kind="propagation" Navigation="org.eclipse.mylyn.core.model.edges.containment" OriginId="org.eclipse.mylyn.core.model.interest.propagation" StartDate="2014-12-02 08:05:22.673 JST" StructureHandle="=CutPlanner_A/src&amp;lt;cp.listeners.dialog{DOI_CL.java" StructureKind="java" NumEvents="34" CreationCount="13"/><InteractionEvent Delta="null" EndDate="2014-12-02 08:27:55.345 JST" Interest="3.0" Kind="selection" Navigation="null" OriginId="org.eclipse.jdt.ui.CompilationUnitEditor" StartDate="2014-12-02 08:27:51.365 JST" StructureHandle="=CutPlanner_A/src&amp;lt;cp.utils{Methods.java#" StructureKind="java" NumEvents="3" CreationCount="131"/><InteractionEvent Delta="null" EndDate="2014-12-02 08:27:50.711 JST" Interest="12.118" Kind="propagation" Navigation="org.eclipse.mylyn.core.model.edges.containment" OriginId="org.eclipse.mylyn.core.model.interest.propagation" StartDate="2014-12-02 08:09:17.799 JST" StructureHandle="=CutPlanner_A/src&amp;lt;cp.utils{Methods.java#" StructureKind="java" NumEvents="4" CreationCount="131"/><InteractionEvent Delta="null" EndDate="2014-12-02 08:30:28.377 JST" Interest="15.0" Kind="selection" Navigation="null" OriginId="org.eclipse.jdt.ui.CompilationUnitEditor" StartDate="2014-12-02 08:08:03.697 JST" StructureHandle="=TA2/src&amp;lt;ta2.utils{Methods.java" StructureKind="java" NumEvents="15" CreationCount="86"/><InteractionEvent Delta="null" EndDate="2014-12-02 08:09:01.695 JST" Interest="12.667999" Kind="propagation" Navigation="org.eclipse.mylyn.core.model.edges.containment" OriginId="org.eclipse.mylyn.core.model.interest.propagation" StartDate="2014-12-02 08:08:14.759 JST" StructureHandle="=TA2/src&amp;lt;ta2.utils{Methods.java" StructureKind="java" NumEvents="19" CreationCount="86"/><InteractionEvent Delta="null" EndDate="2014-12-02 08:30:34.661 JST" Interest="1.0" Kind="propagation" Navigation="null" OriginId="org.eclipse.ui.views.ResourceNavigator" StartDate="2014-12-02 08:30:34.661 JST" StructureHandle="/TA2/src/ta2/utils/Methods_dlg.java" StructureKind="resource"/><InteractionEvent Delta="null" EndDate="2014-12-02 08:29:17.697 JST" Interest="1.0" Kind="selection" Navigation="null" OriginId="org.eclipse.jdt.ui.CompilationUnitEditor" StartDate="2014-12-02 08:29:17.697 JST" StructureHandle="=TA2/src&amp;lt;ta2.utils{CONS.java[CONS[DB^jointString_TableName" StructureKind="java"/><InteractionEvent Delta="null" EndDate="2014-12-02 08:11:24.782 JST" Interest="1.0" Kind="selection" Navigation="null" OriginId="org.eclipse.ui.views.ResourceNavigator" StartDate="2014-12-02 08:11:24.782 JST" StructureHandle="=CP_tablet/src&amp;lt;cp_tab.utils" StructureKind="java"/><InteractionEvent Delta="null" EndDate="2014-12-02 08:27:40.321 JST" Interest="14.407001" Kind="propagation" Navigation="org.eclipse.mylyn.core.model.edges.containment" OriginId="org.eclipse.mylyn.core.model.interest.propagation" StartDate="2014-12-02 08:11:26.531 JST" StructureHandle="=CP_tablet/src&amp;lt;cp_tab.utils" StructureKind="java" NumEvents="18" CreationCount="186"/><InteractionEvent Delta="null" EndDate="2014-12-02 08:32:59.88 JST" Interest="785.034" Kind="propagation" Navigation="org.eclipse.mylyn.core.model.edges.containment" OriginId="org.eclipse.mylyn.core.model.interest.propagation" StartDate="2014-12-02 08:03:48.635 JST" StructureHandle="/" StructureKind="resource" NumEvents="787" CreationCount="1"/><InteractionEvent Delta="null" EndDate="2014-12-02 08:09:51.488 JST" Interest="3.0" Kind="edit" Navigation="null" OriginId="org.eclipse.jdt.ui.CompilationUnitEditor" StartDate="2014-12-02 08:09:28.4 JST" StructureHandle="=CutPlanner_A/src&amp;lt;cp.utils{Methods.java[Methods~start_Activity_LogActv~QActivity;~QDialog;" StructureKind="java" NumEvents="3" CreationCount="135"/><InteractionEvent Delta="null" EndDate="2014-12-02 08:09:24.804 JST" Interest="1.0" Kind="selection" Navigation="null" OriginId="org.eclipse.jdt.ui.CompilationUnitEditor" StartDate="2014-12-02 08:09:24.804 JST" StructureHandle="=CutPlanner_A/src&amp;lt;cp.utils{Methods.java[Methods~start_Activity_LogActv~QActivity;~QDialog;" StructureKind="java"/><InteractionEvent Delta="null" EndDate="2014-12-02 08:11:22.583 JST" Interest="1.0" Kind="selection" Navigation="null" OriginId="org.eclipse.ui.views.ResourceNavigator" StartDate="2014-12-02 08:11:22.583 JST" StructureHandle="=CP_tablet/src&amp;lt;cp_tab" StructureKind="java"/><InteractionEvent Delta="null" EndDate="2014-12-02 08:11:35.85 JST" Interest="1.0" Kind="edit" Navigation="null" OriginId="org.eclipse.jdt.ui.CompilationUnitEditor" StartDate="2014-12-02 08:11:35.85 JST" StructureHandle="=CP_tablet/src&amp;lt;cp_tab.utils{CONS.java[CONS[DB^dPath_Data" StructureKind="java"/><InteractionEvent Delta="null" EndDate="2014-12-02 08:11:34.617 JST" Interest="2.0" Kind="selection" Navigation="null" OriginId="org.eclipse.jdt.ui.CompilationUnitEditor" StartDate="2014-12-02 08:11:34.524 JST" StructureHandle="=CP_tablet/src&amp;lt;cp_tab.utils{CONS.java[CONS[DB^dPath_Data" StructureKind="java" NumEvents="2" CreationCount="191"/><InteractionEvent Delta="null" EndDate="2014-12-02 08:26:47.440 JST" Interest="1.0" Kind="selection" Navigation="null" OriginId="org.eclipse.ui.views.ContentOutline" StartDate="2014-12-02 08:26:47.440 JST" StructureHandle="=CP_tablet/src&amp;lt;cp_tab.utils{Methods.java[Methods~_identify__Cir_A~QActivity;" StructureKind="java"/><InteractionEvent Delta="null" EndDate="2014-12-02 08:29:25.933 JST" Interest="1.0" Kind="selection" Navigation="null" OriginId="org.eclipse.jdt.ui.CompilationUnitEditor" StartDate="2014-12-02 08:29:25.933 JST" StructureHandle="=TA2/src&amp;lt;ta2.utils{CONS.java[CONS[DB^col_types_Admin_full" StructureKind="java"/><InteractionEvent Delta="null" EndDate="2014-12-02 08:12:56.451 JST" Interest="3.4850001" Kind="propagation" Navigation="org.eclipse.mylyn.core.model.edges.containment" OriginId="org.eclipse.mylyn.core.model.interest.propagation" StartDate="2014-12-02 08:11:31.308 JST" StructureHandle="=CP_tablet/src&amp;lt;cp_tab.utils{CONS.java[CONS" StructureKind="java" NumEvents="7" CreationCount="190"/><InteractionEvent Delta="null" EndDate="2014-12-02 08:30:34.661 JST" Interest="1.0" Kind="selection" Navigation="null" OriginId="org.eclipse.ui.views.ResourceNavigator" StartDate="2014-12-02 08:30:34.661 JST" StructureHandle="=TA2/src&amp;lt;ta2.utils{Methods_dlg.java" StructureKind="java"/><InteractionEvent Delta="null" EndDate="2014-12-02 08:32:59.87 JST" Interest="599.55005" Kind="propagation" Navigation="org.eclipse.mylyn.core.model.edges.containment" OriginId="org.eclipse.mylyn.core.model.interest.propagation" StartDate="2014-12-02 08:03:56.479 JST" StructureHandle="/CutPlanner_A/src/cp" StructureKind="resource" NumEvents="603" CreationCount="2"/><InteractionEvent Delta="null" EndDate="2014-12-02 08:28:28.49 JST" Interest="1.0" Kind="propagation" Navigation="null" OriginId="org.eclipse.ui.views.ResourceNavigator" StartDate="2014-12-02 08:28:28.49 JST" StructureHandle="/TA2/src/ta2/main" StructureKind="resource"/><InteractionEvent Delta="null" EndDate="2014-12-02 08:06:07.802 JST" Interest="1.0" Kind="selection" Navigation="null" OriginId="org.eclipse.ui.views.ResourceNavigator" StartDate="2014-12-02 08:06:07.802 JST" StructureHandle="=TA2/src&amp;lt;ta2.listeners.button" StructureKind="java"/><InteractionEvent Delta="null" EndDate="2014-12-02 08:05:48.293 JST" Interest="1.0" Kind="selection" Navigation="null" OriginId="org.eclipse.jdt.ui.CompilationUnitEditor" StartDate="2014-12-02 08:05:48.293 JST" StructureHandle="=CutPlanner_A/src&amp;lt;cp.listeners.dialog{DOI_CL.java[DOI_CL" StructureKind="java"/><InteractionEvent Delta="null" EndDate="2014-12-02 08:10:08.213 JST" Interest="27.453" Kind="propagation" Navigation="org.eclipse.mylyn.core.model.edges.containment" OriginId="org.eclipse.mylyn.core.model.interest.propagation" StartDate="2014-12-02 08:05:22.673 JST" StructureHandle="=CutPlanner_A/src&amp;lt;cp.listeners.dialog{DOI_CL.java[DOI_CL" StructureKind="java" NumEvents="38" CreationCount="14"/><InteractionEvent Delta="null" EndDate="2014-12-02 08:30:28.511 JST" Interest="65.0" Kind="propagation" Navigation="null" OriginId="org.eclipse.jdt.ui.CompilationUnitEditor" StartDate="2014-12-02 08:08:03.697 JST" StructureHandle="/TA2/src/ta2/utils/Methods.java" StructureKind="resource" NumEvents="65" CreationCount="86"/><InteractionEvent Delta="null" EndDate="2014-12-02 08:10:15.436 JST" Interest="1.0" Kind="selection" Navigation="null" OriginId="org.eclipse.jdt.ui.PackageExplorer" StartDate="2014-12-02 08:10:15.436 JST" StructureHandle="=CutPlanner_A/src&amp;lt;cp.main" StructureKind="java"/><InteractionEvent Delta="null" EndDate="2014-12-02 08:26:29.528 JST" Interest="219.488" Kind="propagation" Navigation="org.eclipse.mylyn.core.model.edges.containment" OriginId="org.eclipse.mylyn.core.model.interest.propagation" StartDate="2014-12-02 08:10:17.467 JST" StructureHandle="=CutPlanner_A/src&amp;lt;cp.main" StructureKind="java" NumEvents="316" CreationCount="151"/><InteractionEvent Delta="null" EndDate="2014-12-02 08:06:08.316 JST" Interest="1.0" Kind="selection" Navigation="null" OriginId="org.eclipse.ui.views.ResourceNavigator" StartDate="2014-12-02 08:06:08.316 JST" StructureHandle="=TA2/src&amp;lt;ta2.listeners.dialog" StructureKind="java"/><InteractionEvent Delta="null" EndDate="2014-12-02 08:09:52.50 JST" Interest="4.236" Kind="propagation" Navigation="org.eclipse.mylyn.core.model.edges.containment" OriginId="org.eclipse.mylyn.core.model.interest.propagation" StartDate="2014-12-02 08:06:09.705 JST" StructureHandle="=TA2/src&amp;lt;ta2.listeners.dialog" StructureKind="java" NumEvents="7" CreationCount="34"/><InteractionEvent Delta="null" EndDate="2014-12-02 08:09:18.766 JST" Interest="1.0" Kind="selection" Navigation="null" OriginId="org.eclipse.jdt.ui.CompilationUnitEditor" StartDate="2014-12-02 08:09:18.766 JST" StructureHandle="=CutPlanner_A/src&amp;lt;cp.utils{Methods.java#cp.items.LogItem" StructureKind="java"/><InteractionEvent Delta="null" EndDate="2014-12-02 08:10:08.213 JST" Interest="28.469997" Kind="propagation" Navigation="org.eclipse.mylyn.core.model.edges.containment" OriginId="org.eclipse.mylyn.core.model.interest.propagation" StartDate="2014-12-02 08:05:21.768 JST" StructureHandle="=CutPlanner_A/src&amp;lt;cp.listeners.dialog" StructureKind="java" NumEvents="44" CreationCount="13"/><InteractionEvent Delta="null" EndDate="2014-12-02 08:16:02.622 JST" Interest="3.0" Kind="edit" Navigation="null" OriginId="org.eclipse.jdt.ui.CompilationUnitEditor" StartDate="2014-12-02 08:16:00.968 JST" StructureHandle="=CutPlanner_A/src&amp;lt;cp.utils{CONS.java[CONS[DB^dPath_Data_Root_tablet" StructureKind="java" NumEvents="3" CreationCount="354"/><InteractionEvent Delta="null" EndDate="2014-12-02 08:17:25.18 JST" Interest="2.0" Kind="selection" Navigation="null" OriginId="org.eclipse.jdt.ui.CompilationUnitEditor" StartDate="2014-12-02 08:15:57.391 JST" StructureHandle="=CutPlanner_A/src&amp;lt;cp.utils{CONS.java[CONS[DB^dPath_Data_Root_tablet" StructureKind="java" NumEvents="2" CreationCount="354"/><InteractionEvent Delta="null" EndDate="2014-12-02 08:30:42.161 JST" Interest="6.0" Kind="selection" Navigation="null" OriginId="org.eclipse.jdt.ui.CompilationUnitEditor" StartDate="2014-12-02 08:19:14.293 JST" StructureHandle="=CutPlanner_A/src&amp;lt;cp.main{MainActv.java" StructureKind="java" NumEvents="6" CreationCount="519"/><InteractionEvent Delta="null" EndDate="2014-12-02 08:32:59.87 JST" Interest="105.451" Kind="propagation" Navigation="org.eclipse.mylyn.core.model.edges.containment" OriginId="org.eclipse.mylyn.core.model.interest.propagation" StartDate="2014-12-02 08:19:21.553 JST" StructureHandle="=CutPlanner_A/src&amp;lt;cp.main{MainActv.java" StructureKind="java" NumEvents="151" CreationCount="519"/><InteractionEvent Delta="null" EndDate="2014-12-02 08:33:01.167 JST" Interest="3.0" Kind="prediction" Navigation="null" OriginId="org.eclipse.mylyn.resources.ui.interest.updater" StartDate="2014-12-02 08:22:56.191 JST" StructureHandle="/CutPlanner_A/bin/CutPlanner_A.apk" StructureKind="resource" NumEvents="3" CreationCount="606"/><InteractionEvent Delta="null" EndDate="2014-12-02 08:11:07.610 JST" Interest="1.0" Kind="selection" Navigation="null" OriginId="org.eclipse.jdt.ui.CompilationUnitEditor" StartDate="2014-12-02 08:11:07.610 JST" StructureHandle="=CutPlanner_A/src&amp;lt;cp.utils{CONS.java[CONS[DB^dPath_Log" StructureKind="java"/><InteractionEvent Delta="null" EndDate="2014-12-02 08:27:40.452 JST" Interest="34.0" Kind="propagation" Navigation="null" OriginId="org.eclipse.jdt.ui.CompilationUnitEditor" StartDate="2014-12-02 08:11:20.118 JST" StructureHandle="/CP_tablet" StructureKind="resource" NumEvents="34" CreationCount="183"/><InteractionEvent Delta="null" EndDate="2014-12-02 08:06:24.78 JST" Interest="2.0" Kind="selection" Navigation="null" OriginId="org.eclipse.jdt.ui.CompilationUnitEditor" StartDate="2014-12-02 08:06:24.78 JST" StructureHandle="=TA2/src&amp;lt;ta2.listeners.dialog{DOI_CL.java[DOI_CL~DOI_CL~QActivity;~QDialog;~QDialog;" StructureKind="java" NumEvents="2" CreationCount="40"/><InteractionEvent Delta="null" EndDate="2014-12-02 08:08:56.523 JST" Interest="18.0" Kind="edit" Navigation="null" OriginId="org.eclipse.jdt.ui.CompilationUnitEditor" StartDate="2014-12-02 08:08:14.259 JST" StructureHandle="=TA2/src&amp;lt;ta2.utils{Methods.java[Methods~start_Activity_ShowLogActv~QActivity;~QString;" StructureKind="java" NumEvents="18" CreationCount="90"/><InteractionEvent Delta="null" EndDate="2014-12-02 08:09:01.664 JST" Interest="4.0" Kind="selection" Navigation="null" OriginId="org.eclipse.jdt.ui.CompilationUnitEditor" StartDate="2014-12-02 08:08:14.150 JST" StructureHandle="=TA2/src&amp;lt;ta2.utils{Methods.java[Methods~start_Activity_ShowLogActv~QActivity;~QString;" StructureKind="java" NumEvents="4" CreationCount="90"/><InteractionEvent Delta="null" EndDate="2014-12-02 08:27:58.321 JST" Interest="2.0" Kind="edit" Navigation="null" OriginId="org.eclipse.jdt.ui.CompilationUnitEditor" StartDate="2014-12-02 08:09:22.42 JST" StructureHandle="=CutPlanner_A/src&amp;lt;cp.utils{Methods.java" StructureKind="java" NumEvents="2" CreationCount="74"/><InteractionEvent Delta="null" EndDate="2014-12-02 08:30:39.761 JST" Interest="13.0" Kind="selection" Navigation="null" OriginId="org.eclipse.jdt.ui.PackageExplorer" StartDate="2014-12-02 08:07:25.321 JST" StructureHandle="=CutPlanner_A/src&amp;lt;cp.utils{Methods.java" StructureKind="java" NumEvents="13" CreationCount="74"/><InteractionEvent Delta="null" EndDate="2014-12-02 08:26:29.739 JST" Interest="5.6050005" Kind="manipulation" Navigation="null" OriginId="org.eclipse.mylyn.core.model.interest.decay.correction" StartDate="2014-12-02 08:26:29.739 JST" StructureHandle="=CutPlanner_A/src&amp;lt;cp.utils{Methods.java" StructureKind="java"/><InteractionEvent Delta="null" EndDate="2014-12-02 08:28:06.672 JST" Interest="3.802002" Kind="propagation" Navigation="org.eclipse.mylyn.core.model.edges.containment" OriginId="org.eclipse.mylyn.core.model.interest.propagation" StartDate="2014-12-02 08:26:38.779 JST" StructureHandle="=CutPlanner_A/src&amp;lt;cp.utils{Methods.java" StructureKind="java" NumEvents="7" CreationCount="74"/><InteractionEvent Delta="null" EndDate="2014-12-02 08:03:48.635 JST" Interest="1.0" Kind="selection" Navigation="null" OriginId="org.eclipse.jdt.ui.PackageExplorer" StartDate="2014-12-02 08:03:48.635 JST" StructureHandle="=CutPlanner_A/src" StructureKind="java"/><InteractionEvent Delta="null" EndDate="2014-12-02 08:30:41.862 JST" Interest="222.00401" Kind="propagation" Navigation="org.eclipse.mylyn.core.model.edges.containment" OriginId="org.eclipse.mylyn.core.model.interest.propagation" StartDate="2014-12-02 08:03:56.479 JST" StructureHandle="=CutPlanner_A/src" StructureKind="java" NumEvents="330" CreationCount="3"/><InteractionEvent Delta="null" EndDate="2014-12-02 08:22:56.192 JST" Interest="1.0" Kind="propagation" Navigation="org.eclipse.mylyn.core.model.edges.containment" OriginId="org.eclipse.mylyn.core.model.interest.propagation" StartDate="2014-12-02 08:22:56.192 JST" StructureHandle="/CutPlanner_A/bin" StructureKind="resource"/><InteractionEvent Delta="null" EndDate="2014-12-02 08:11:29.73 JST" Interest="1.0" Kind="selection" Navigation="null" OriginId="org.eclipse.ui.views.ContentOutline" StartDate="2014-12-02 08:11:29.73 JST" StructureHandle="=CP_tablet/src&amp;lt;cp_tab.utils{CONS.java%cp_tab.utils" StructureKind="java"/><InteractionEvent Delta="null" EndDate="2014-12-02 08:27:40.452 JST" Interest="15.0" Kind="propagation" Navigation="null" OriginId="org.eclipse.jdt.ui.CompilationUnitEditor" StartDate="2014-12-02 08:26:43.82 JST" StructureHandle="/CP_tablet/src/cp_tab/utils/Methods.java" StructureKind="resource" NumEvents="15" CreationCount="752"/><InteractionEvent Delta="null" EndDate="2014-12-02 08:25:38.853 JST" Interest="32.0" Kind="edit" Navigation="null" OriginId="org.eclipse.jdt.ui.CompilationUnitEditor" StartDate="2014-12-02 08:10:41.8 JST" StructureHandle="=CutPlanner_A/src&amp;lt;cp.main{LogActv.java[LogActv~_Setup_List" StructureKind="java" NumEvents="32" CreationCount="169"/><InteractionEvent Delta="null" EndDate="2014-12-02 08:25:14.337 JST" Interest="8.0" Kind="selection" Navigation="null" OriginId="org.eclipse.jdt.ui.CompilationUnitEditor" StartDate="2014-12-02 08:10:41.8 JST" StructureHandle="=CutPlanner_A/src&amp;lt;cp.main{LogActv.java[LogActv~_Setup_List" StructureKind="java" NumEvents="8" CreationCount="169"/><InteractionEvent Delta="null" EndDate="2014-12-02 08:09:52.206 JST" Interest="4.134" Kind="propagation" Navigation="org.eclipse.mylyn.core.model.edges.containment" OriginId="org.eclipse.mylyn.core.model.interest.propagation" StartDate="2014-12-02 08:06:24.78 JST" StructureHandle="=TA2/src&amp;lt;ta2.listeners.dialog{DOI_CL.java[DOI_CL" StructureKind="java" NumEvents="5" CreationCount="40"/><InteractionEvent Delta="null" EndDate="2014-12-02 08:30:14.932 JST" Interest="20.148003" Kind="propagation" Navigation="org.eclipse.mylyn.core.model.edges.containment" OriginId="org.eclipse.mylyn.core.model.interest.propagation" StartDate="2014-12-02 08:11:07.610 JST" StructureHandle="=CutPlanner_A/src&amp;lt;cp.utils{CONS.java[CONS" StructureKind="java" NumEvents="22" CreationCount="177"/><InteractionEvent Delta="null" EndDate="2014-12-02 08:11:34.586 JST" Interest="2.0" Kind="selection" Navigation="null" OriginId="org.eclipse.jdt.ui.CompilationUnitEditor" StartDate="2014-12-02 08:11:31.308 JST" StructureHandle="=CP_tablet/src&amp;lt;cp_tab.utils{CONS.java[CONS[DB" StructureKind="java" NumEvents="2" CreationCount="190"/><InteractionEvent Delta="null" EndDate="2014-12-02 08:12:56.451 JST" Interest="1.4850001" Kind="propagation" Navigation="org.eclipse.mylyn.core.model.edges.containment" OriginId="org.eclipse.mylyn.core.model.interest.propagation" StartDate="2014-12-02 08:11:34.524 JST" StructureHandle="=CP_tablet/src&amp;lt;cp_tab.utils{CONS.java[CONS[DB" StructureKind="java" NumEvents="4" CreationCount="190"/><InteractionEvent Delta="null" EndDate="2014-12-02 08:07:23.720 JST" Interest="1.0" Kind="selection" Navigation="null" OriginId="org.eclipse.jdt.ui.PackageExplorer" StartDate="2014-12-02 08:07:23.720 JST" StructureHandle="=CutPlanner_A/src&amp;lt;cp.utils{Methods_dlg.java[Methods_dlg" StructureKind="java"/><InteractionEvent Delta="null" EndDate="2014-12-02 08:06:55.702 JST" Interest="6.3019996" Kind="propagation" Navigation="org.eclipse.mylyn.core.model.edges.containment" OriginId="org.eclipse.mylyn.core.model.interest.propagation" StartDate="2014-12-02 08:04:06.463 JST" StructureHandle="=CutPlanner_A/src&amp;lt;cp.utils{Methods_dlg.java[Methods_dlg" StructureKind="java" NumEvents="8" CreationCount="3"/><InteractionEvent Delta="null" EndDate="2014-12-02 08:06:41.124 JST" Interest="1.0" Kind="propagation" Navigation="org.eclipse.mylyn.core.model.edges.containment" OriginId="org.eclipse.mylyn.core.model.interest.propagation" StartDate="2014-12-02 08:06:41.124 JST" StructureHandle="=CutPlanner_A/src&amp;lt;cp.listeners.dialog{DOI_CL.java#" StructureKind="java"/><InteractionEvent Delta="null" EndDate="2014-12-02 08:06:07.802 JST" Interest="1.0" Kind="propagation" Navigation="null" OriginId="org.eclipse.ui.views.ResourceNavigator" StartDate="2014-12-02 08:06:07.802 JST" StructureHandle="/TA2/src/ta2/listeners/button" StructureKind="resource"/><InteractionEvent Delta="null" EndDate="2014-12-02 08:26:54.579 JST" Interest="1.0" Kind="edit" Navigation="null" OriginId="org.eclipse.jdt.ui.CompilationUnitEditor" StartDate="2014-12-02 08:26:54.579 JST" StructureHandle="=CP_tablet/src&amp;lt;cp_tab.utils{Methods.java[Methods~get_CircleA_Change~QActivity;~F~F~F~F" StructureKind="java"/><InteractionEvent Delta="null" EndDate="2014-12-02 08:27:40.451 JST" Interest="5.0" Kind="selection" Navigation="null" OriginId="org.eclipse.jdt.ui.CompilationUnitEditor" StartDate="2014-12-02 08:26:54.82 JST" StructureHandle="=CP_tablet/src&amp;lt;cp_tab.utils{Methods.java[Methods~get_CircleA_Change~QActivity;~F~F~F~F" StructureKind="java" NumEvents="5" CreationCount="757"/><InteractionEvent Delta="null" EndDate="2014-12-02 08:26:33.807 JST" Interest="1.0" Kind="selection" Navigation="null" OriginId="org.eclipse.ui.views.ContentOutline" StartDate="2014-12-02 08:26:33.807 JST" StructureHandle="=CutPlanner_A/src&amp;lt;cp.utils{Methods.java[Methods~confirm_quit~QActivity;~I" StructureKind="java"/><InteractionEvent Delta="null" EndDate="2014-12-02 08:05:59.267 JST" Interest="1.0" Kind="selection" Navigation="null" OriginId="org.eclipse.ui.views.ResourceNavigator" StartDate="2014-12-02 08:05:59.267 JST" StructureHandle="=TA2/src&amp;lt;ta2" StructureKind="java"/><InteractionEvent Delta="null" EndDate="2014-12-02 08:30:14.932 JST" Interest="59.0" Kind="propagation" Navigation="null" OriginId="org.eclipse.jdt.ui.CompilationUnitEditor" StartDate="2014-12-02 08:11:06.939 JST" StructureHandle="/CutPlanner_A/src/cp/utils/CONS.java" StructureKind="resource" NumEvents="59" CreationCount="176"/><InteractionEvent Delta="null" EndDate="2014-12-02 08:04:41.669 JST" Interest="2.0" Kind="edit" Navigation="null" OriginId="org.eclipse.jdt.ui.CompilationUnitEditor" StartDate="2014-12-02 08:04:19.983 JST" StructureHandle="=CutPlanner_A/src&amp;lt;cp.utils{Methods_dlg.java[Methods_dlg~dlg_Template_Cancel~QActivity;~I~I~I~QTags.DialogTags;" StructureKind="java" NumEvents="2" CreationCount="4"/><InteractionEvent Delta="null" EndDate="2014-12-02 08:07:21.926 JST" Interest="3.0" Kind="selection" Navigation="null" OriginId="org.eclipse.jdt.ui.PackageExplorer" StartDate="2014-12-02 08:04:06.463 JST" StructureHandle="=CutPlanner_A/src&amp;lt;cp.utils{Methods_dlg.java[Methods_dlg~dlg_Template_Cancel~QActivity;~I~I~I~QTags.DialogTags;" StructureKind="java" NumEvents="3" CreationCount="4"/><InteractionEvent Delta="null" EndDate="2014-12-02 08:27:50.711 JST" Interest="2.0" Kind="selection" Navigation="null" OriginId="org.eclipse.jdt.ui.CompilationUnitEditor" StartDate="2014-12-02 08:09:17.799 JST" StructureHandle="=CutPlanner_A/src&amp;lt;cp.utils{Methods.java#java.io.BufferedReader" StructureKind="java" NumEvents="2" CreationCount="131"/><InteractionEvent Delta="null" EndDate="2014-12-02 08:27:50.711 JST" Interest="10.118001" Kind="manipulation" Navigation="null" OriginId="org.eclipse.mylyn.core.model.interest.decay.correction" StartDate="2014-12-02 08:27:50.711 JST" StructureHandle="=CutPlanner_A/src&amp;lt;cp.utils{Methods.java#java.io.BufferedReader" StructureKind="java"/><InteractionEvent Delta="null" EndDate="2014-12-02 08:06:32.76 JST" Interest="3.0" Kind="edit" Navigation="null" OriginId="org.eclipse.jdt.ui.CompilationUnitEditor" StartDate="2014-12-02 08:06:30.48 JST" StructureHandle="=TA2/src&amp;lt;ta2.listeners.dialog{DOI_CL.java[DOI_CL~case_ACTV_MEMO_ADMIN_PATTERNS_GV~QListItem;" StructureKind="java" NumEvents="3" CreationCount="42"/><InteractionEvent Delta="null" EndDate="2014-12-02 08:09:52.206 JST" Interest="2.0" Kind="selection" Navigation="null" OriginId="org.eclipse.jdt.ui.CompilationUnitEditor" StartDate="2014-12-02 08:06:27.692 JST" StructureHandle="=TA2/src&amp;lt;ta2.listeners.dialog{DOI_CL.java[DOI_CL~case_ACTV_MEMO_ADMIN_PATTERNS_GV~QListItem;" StructureKind="java" NumEvents="2" CreationCount="42"/><InteractionEvent Delta="null" EndDate="2014-12-02 08:26:46.857 JST" Interest="1.0" Kind="selection" Navigation="null" OriginId="org.eclipse.ui.views.ContentOutline" StartDate="2014-12-02 08:26:46.857 JST" StructureHandle="=CP_tablet/src&amp;lt;cp_tab.utils{Methods.java%cp_tab.utils" StructureKind="java"/><InteractionEvent Delta="null" EndDate="2014-12-02 08:06:06.522 JST" Interest="1.0" Kind="selection" Navigation="null" OriginId="org.eclipse.ui.views.ResourceNavigator" StartDate="2014-12-02 08:06:06.522 JST" StructureHandle="=TA2/src&amp;lt;ta2.listeners" StructureKind="java"/><InteractionEvent Delta="null" EndDate="2014-12-02 08:26:56.895 JST" Interest="2.0" Kind="selection" Navigation="null" OriginId="org.eclipse.ui.views.ResourceNavigator" StartDate="2014-12-02 08:11:20.118 JST" StructureHandle="=CP_tablet" StructureKind="java" NumEvents="2" CreationCount="183"/><InteractionEvent Delta="null" EndDate="2014-12-02 08:27:40.452 JST" Interest="26.068" Kind="propagation" Navigation="org.eclipse.mylyn.core.model.edges.containment" OriginId="org.eclipse.mylyn.core.model.interest.propagation" StartDate="2014-12-02 08:11:22.52 JST" StructureHandle="=CP_tablet" StructureKind="resource" NumEvents="31" CreationCount="183"/><InteractionEvent Delta="null" EndDate="2014-12-02 08:26:40.297 JST" Interest="4.0" Kind="selection" Navigation="null" OriginId="org.eclipse.ui.views.ResourceNavigator" StartDate="2014-12-02 08:11:26.531 JST" StructureHandle="=CP_tablet/src&amp;lt;cp_tab.utils{CONS.java" StructureKind="java" NumEvents="4" CreationCount="187"/><InteractionEvent Delta="null" EndDate="2014-12-02 08:26:40.297 JST" Interest="5.8030005" Kind="manipulation" Navigation="null" OriginId="org.eclipse.mylyn.core.model.interest.decay.correction" StartDate="2014-12-02 08:26:40.297 JST" StructureHandle="=CP_tablet/src&amp;lt;cp_tab.utils{CONS.java" StructureKind="java"/><InteractionEvent Delta="null" EndDate="2014-12-02 08:11:35.85 JST" Interest="0.7679999" Kind="propagation" Navigation="org.eclipse.mylyn.core.model.edges.containment" OriginId="org.eclipse.mylyn.core.model.interest.propagation" StartDate="2014-12-02 08:11:34.586 JST" StructureHandle="=CP_tablet/src&amp;lt;cp_tab.utils{CONS.java" StructureKind="java" NumEvents="3" CreationCount="187"/><InteractionEvent Delta="null" EndDate="2014-12-02 08:26:29.527 JST" Interest="12.0" Kind="selection" Navigation="null" OriginId="org.eclipse.jdt.ui.PackageExplorer" StartDate="2014-12-02 08:10:17.467 JST" StructureHandle="=CutPlanner_A/src&amp;lt;cp.main{LogActv.java" StructureKind="java" NumEvents="12" CreationCount="152"/><InteractionEvent Delta="null" EndDate="2014-12-02 08:25:02.162 JST" Interest="208.47101" Kind="propagation" Navigation="org.eclipse.mylyn.core.model.edges.containment" OriginId="org.eclipse.mylyn.core.model.interest.propagation" StartDate="2014-12-02 08:10:25.953 JST" StructureHandle="=CutPlanner_A/src&amp;lt;cp.main{LogActv.java" StructureKind="java" NumEvents="299" CreationCount="152"/><InteractionEvent Delta="null" EndDate="2014-12-02 08:30:14.931 JST" Interest="6.0" Kind="edit" Navigation="null" OriginId="org.eclipse.jdt.ui.CompilationUnitEditor" StartDate="2014-12-02 08:29:41.191 JST" StructureHandle="=CutPlanner_A/src&amp;lt;cp.utils{CONS.java[CONS[DB" StructureKind="java" NumEvents="6" CreationCount="177"/><InteractionEvent Delta="null" EndDate="2014-12-02 08:29:55.489 JST" Interest="11.0" Kind="selection" Navigation="null" OriginId="org.eclipse.jdt.ui.CompilationUnitEditor" StartDate="2014-12-02 08:11:15.153 JST" StructureHandle="=CutPlanner_A/src&amp;lt;cp.utils{CONS.java[CONS[DB" StructureKind="java" NumEvents="11" CreationCount="177"/><InteractionEvent Delta="null" EndDate="2014-12-02 08:28:41.429 JST" Interest="2.2020001" Kind="manipulation" Navigation="null" OriginId="org.eclipse.mylyn.core.model.interest.decay.correction" StartDate="2014-12-02 08:28:41.429 JST" StructureHandle="=CutPlanner_A/src&amp;lt;cp.utils{CONS.java[CONS[DB" StructureKind="java"/><InteractionEvent Delta="null" EndDate="2014-12-02 08:29:31.746 JST" Interest="2.746001" Kind="propagation" Navigation="org.eclipse.mylyn.core.model.edges.containment" OriginId="org.eclipse.mylyn.core.model.interest.propagation" StartDate="2014-12-02 08:11:07.610 JST" StructureHandle="=CutPlanner_A/src&amp;lt;cp.utils{CONS.java[CONS[DB" StructureKind="java" NumEvents="5" CreationCount="177"/><InteractionEvent Delta="null" EndDate="2014-12-02 08:25:02.161 JST" Interest="292.0" Kind="edit" Navigation="null" OriginId="org.eclipse.jdt.ui.CompilationUnitEditor" StartDate="2014-12-02 08:12:17.71 JST" StructureHandle="=CutPlanner_A/src&amp;lt;cp.main{LogActv.java[LogActv~_Setup_InitVars" StructureKind="java" NumEvents="292" CreationCount="215"/><InteractionEvent Delta="null" EndDate="2014-12-02 08:24:57.161 JST" Interest="14.0" Kind="selection" Navigation="null" OriginId="org.eclipse.jdt.ui.CompilationUnitEditor" StartDate="2014-12-02 08:12:17.71 JST" StructureHandle="=CutPlanner_A/src&amp;lt;cp.main{LogActv.java[LogActv~_Setup_InitVars" StructureKind="java" NumEvents="14" CreationCount="215"/><InteractionEvent Delta="null" EndDate="2014-12-02 08:33:01.167 JST" Interest="3.0" Kind="prediction" Navigation="null" OriginId="org.eclipse.mylyn.resources.ui.interest.updater" StartDate="2014-12-02 08:22:56.191 JST" StructureHandle="/CutPlanner_A/bin/classes.dex" StructureKind="resource" NumEvents="3" CreationCount="606"/><InteractionEvent Delta="null" EndDate="2014-12-02 08:30:39.761 JST" Interest="130.017" Kind="propagation" Navigation="null" OriginId="org.eclipse.jdt.ui.PackageExplorer" StartDate="2014-12-02 08:03:56.479 JST" StructureHandle="/CutPlanner_A/src/cp/utils" StructureKind="resource" NumEvents="131" CreationCount="2"/><InteractionEvent Delta="null" EndDate="2014-12-02 08:32:59.88 JST" Interest="785.034" Kind="propagation" Navigation="org.eclipse.mylyn.core.model.edges.containment" OriginId="org.eclipse.mylyn.core.model.interest.propagation" StartDate="2014-12-02 08:03:48.635 JST" StructureHandle="=CutPlanner_A" StructureKind="resource" NumEvents="787" CreationCount="1"/><InteractionEvent Delta="null" EndDate="2014-12-02 08:28:55.28 JST" Interest="1.0" Kind="edit" Navigation="null" OriginId="org.eclipse.jdt.ui.CompilationUnitEditor" StartDate="2014-12-02 08:28:55.28 JST" StructureHandle="=TA2/src&amp;lt;ta2.utils{CONS.java[CONS[DB^logFile_MaxSize" StructureKind="java"/><InteractionEvent Delta="null" EndDate="2014-12-02 08:29:11.194 JST" Interest="3.0" Kind="selection" Navigation="null" OriginId="org.eclipse.jdt.ui.CompilationUnitEditor" StartDate="2014-12-02 08:28:53.49 JST" StructureHandle="=TA2/src&amp;lt;ta2.utils{CONS.java[CONS[DB^logFile_MaxSize" StructureKind="java" NumEvents="3" CreationCount="816"/><InteractionEvent Delta="null" EndDate="2014-12-02 08:18:03.625 JST" Interest="1.0" Kind="edit" Navigation="null" OriginId="org.eclipse.jdt.ui.CompilationUnitEditor" StartDate="2014-12-02 08:18:03.625 JST" StructureHandle="=CutPlanner_A/src&amp;lt;cp.utils{CONS.java[CONS[DB^dPath_dbFile" StructureKind="java"/><InteractionEvent Delta="null" EndDate="2014-12-02 08:09:52.206 JST" Interest="12.0" Kind="propagation" Navigation="null" OriginId="org.eclipse.jdt.ui.CompilationUnitEditor" StartDate="2014-12-02 08:06:09.705 JST" StructureHandle="/TA2/src/ta2/listeners/dialog/DOI_CL.java" StructureKind="resource" NumEvents="12" CreationCount="35"/><InteractionEvent Delta="null" EndDate="2014-12-02 08:06:51.115 JST" Interest="3.0" Kind="selection" Navigation="null" OriginId="org.eclipse.jdt.ui.CompilationUnitEditor" StartDate="2014-12-02 08:03:59.958 JST" StructureHandle="=CutPlanner_A/src&amp;lt;cp.utils{Methods_dlg.java" StructureKind="java" NumEvents="3" CreationCount="2"/><InteractionEvent Delta="null" EndDate="2014-12-02 08:07:23.720 JST" Interest="4.319" Kind="propagation" Navigation="org.eclipse.mylyn.core.model.edges.containment" OriginId="org.eclipse.mylyn.core.model.interest.propagation" StartDate="2014-12-02 08:04:06.463 JST" StructureHandle="=CutPlanner_A/src&amp;lt;cp.utils{Methods_dlg.java" StructureKind="java" NumEvents="7" CreationCount="2"/><InteractionEvent Delta="null" EndDate="2014-12-02 08:26:33.32 JST" Interest="2.0" Kind="selection" Navigation="null" OriginId="org.eclipse.ui.views.ContentOutline" StartDate="2014-12-02 08:08:07.738 JST" StructureHandle="=CutPlanner_A/src&amp;lt;cp.utils{Methods.java%cp.utils" StructureKind="java" NumEvents="2" CreationCount="89"/><InteractionEvent Delta="null" EndDate="2014-12-02 08:26:33.33 JST" Interest="10.084001" Kind="manipulation" Navigation="null" OriginId="org.eclipse.mylyn.core.model.interest.decay.correction" StartDate="2014-12-02 08:26:33.33 JST" StructureHandle="=CutPlanner_A/src&amp;lt;cp.utils{Methods.java%cp.utils" StructureKind="java"/><InteractionEvent Delta="null" EndDate="2014-12-02 08:28:28.49 JST" Interest="1.0" Kind="selection" Navigation="null" OriginId="org.eclipse.ui.views.ResourceNavigator" StartDate="2014-12-02 08:28:28.49 JST" StructureHandle="=TA2/src&amp;lt;ta2.main" StructureKind="java"/><InteractionEvent Delta="null" EndDate="2014-12-02 08:28:06.671 JST" Interest="3.0" Kind="selection" Navigation="null" OriginId="org.eclipse.jdt.ui.CompilationUnitEditor" StartDate="2014-12-02 08:09:14.940 JST" StructureHandle="=CutPlanner_A/src&amp;lt;cp.utils{Methods.java[Methods" StructureKind="java" NumEvents="3" CreationCount="130"/><InteractionEvent Delta="null" EndDate="2014-12-02 08:30:28.845 JST" Interest="18.137001" Kind="propagation" Navigation="org.eclipse.mylyn.core.model.edges.containment" OriginId="org.eclipse.mylyn.core.model.interest.propagation" StartDate="2014-12-02 08:09:24.804 JST" StructureHandle="=CutPlanner_A/src&amp;lt;cp.utils{Methods.java[Methods" StructureKind="java" NumEvents="17" CreationCount="130"/><InteractionEvent Delta="null" EndDate="2014-12-02 08:09:52.206 JST" Interest="12.051001" Kind="propagation" Navigation="org.eclipse.mylyn.core.model.edges.containment" OriginId="org.eclipse.mylyn.core.model.interest.propagation" StartDate="2014-12-02 08:06:06.522 JST" StructureHandle="/TA2/src/ta2/listeners" StructureKind="resource" NumEvents="15" CreationCount="32"/><InteractionEvent Delta="null" EndDate="2014-12-02 08:24:38.463 JST" Interest="1.0" Kind="selection" Navigation="null" OriginId="org.eclipse.jdt.ui.PackageExplorer" StartDate="2014-12-02 08:24:38.463 JST" StructureHandle="=CutPlanner_A/src&amp;lt;cp.listeners.button" StructureKind="java"/><InteractionEvent Delta="null" EndDate="2014-12-02 08:08:47.366 JST" Interest="2.0" Kind="selection" Navigation="null" OriginId="org.eclipse.search.ui.views.SearchView" StartDate="2014-12-02 08:06:02.45 JST" StructureHandle="=TA2/src&amp;lt;ta2.utils" StructureKind="java" NumEvents="2" CreationCount="31"/><InteractionEvent Delta="null" EndDate="2014-12-02 08:30:28.378 JST" Interest="26.603" Kind="propagation" Navigation="org.eclipse.mylyn.core.model.edges.containment" OriginId="org.eclipse.mylyn.core.model.interest.propagation" StartDate="2014-12-02 08:08:03.697 JST" StructureHandle="=TA2/src&amp;lt;ta2.utils" StructureKind="java" NumEvents="36" CreationCount="31"/><InteractionEvent Delta="null" EndDate="2014-12-02 08:13:25.156 JST" Interest="3.0" Kind="edit" Navigation="null" OriginId="org.eclipse.jdt.ui.CompilationUnitEditor" StartDate="2014-12-02 08:12:47.554 JST" StructureHandle="=CutPlanner_A/src&amp;lt;cp.utils{CONS.java[CONS[DB^dPath_Data_Root" StructureKind="java" NumEvents="3" CreationCount="198"/><InteractionEvent Delta="null" EndDate="2014-12-02 08:17:41.177 JST" Interest="6.0" Kind="selection" Navigation="null" OriginId="org.eclipse.jdt.ui.CompilationUnitEditor" StartDate="2014-12-02 08:11:46.890 JST" StructureHandle="=CutPlanner_A/src&amp;lt;cp.utils{CONS.java[CONS[DB^dPath_Data_Root" StructureKind="java" NumEvents="6" CreationCount="198"/><InteractionEvent Delta="null" EndDate="2014-12-02 08:07:23.720 JST" Interest="18.0" Kind="propagation" Navigation="null" OriginId="org.eclipse.jdt.ui.PackageExplorer" StartDate="2014-12-02 08:03:59.958 JST" StructureHandle="/CutPlanner_A/src/cp/utils/Methods_dlg.java" StructureKind="resource" NumEvents="18" CreationCount="3"/><InteractionEvent Delta="null" EndDate="2014-12-02 08:27:40.452 JST" Interest="28.051" Kind="propagation" Navigation="org.eclipse.mylyn.core.model.edges.containment" OriginId="org.eclipse.mylyn.core.model.interest.propagation" StartDate="2014-12-02 08:11:22.52 JST" StructureHandle="/CP_tablet/src" StructureKind="resource" NumEvents="32" CreationCount="184"/><InteractionEvent Delta="null" EndDate="2014-12-02 08:29:35.962 JST" Interest="2.0" Kind="selection" Navigation="null" OriginId="org.eclipse.jdt.ui.CompilationUnitEditor" StartDate="2014-12-02 08:29:05.381 JST" StructureHandle="=CutPlanner_A/src&amp;lt;cp.utils{CONS.java[CONS[DB^tname_RefreshHistory" StructureKind="java" NumEvents="2" CreationCount="822"/><InteractionEvent Delta="null" EndDate="2014-12-02 08:27:44.3 JST" Interest="2.0" Kind="edit" Navigation="null" OriginId="org.eclipse.jdt.ui.CompilationUnitEditor" StartDate="2014-12-02 08:26:39.94 JST" StructureHandle="=CutPlanner_A/src&amp;lt;cp.utils{Methods.java[Methods~identify~QActivity;~F~F" StructureKind="java" NumEvents="2" CreationCount="745"/><InteractionEvent Delta="null" EndDate="2014-12-02 08:27:41.708 JST" Interest="4.0" Kind="selection" Navigation="null" OriginId="org.eclipse.jdt.ui.CompilationUnitEditor" StartDate="2014-12-02 08:26:38.593 JST" StructureHandle="=CutPlanner_A/src&amp;lt;cp.utils{Methods.java[Methods~identify~QActivity;~F~F" StructureKind="java" NumEvents="4" CreationCount="745"/><InteractionEvent Delta="null" EndDate="2014-12-02 08:10:28.123 JST" Interest="1.0" Kind="selection" Navigation="null" OriginId="org.eclipse.ui.views.ContentOutline" StartDate="2014-12-02 08:10:28.123 JST" StructureHandle="=CutPlanner_A/src&amp;lt;cp.main{LogActv.java[LogActv~onResume" StructureKind="java"/><InteractionEvent Delta="null" EndDate="2014-12-02 08:32:59.87 JST" Interest="111.4" Kind="propagation" Navigation="org.eclipse.mylyn.core.model.edges.containment" OriginId="org.eclipse.mylyn.core.model.interest.propagation" StartDate="2014-12-02 08:19:20.992 JST" StructureHandle="=CutPlanner_A/src&amp;lt;cp.main{MainActv.java[MainActv" StructureKind="java" NumEvents="157" CreationCount="522"/><InteractionEvent Delta="null" EndDate="2014-12-02 08:27:40.320 JST" Interest="4.0" Kind="selection" Navigation="null" OriginId="org.eclipse.jdt.ui.CompilationUnitEditor" StartDate="2014-12-02 08:26:43.82 JST" StructureHandle="=CP_tablet/src&amp;lt;cp_tab.utils{Methods.java" StructureKind="java" NumEvents="4" CreationCount="752"/><InteractionEvent Delta="null" EndDate="2014-12-02 08:26:54.580 JST" Interest="1.7850001" Kind="propagation" Navigation="org.eclipse.mylyn.core.model.edges.containment" OriginId="org.eclipse.mylyn.core.model.interest.propagation" StartDate="2014-12-02 08:26:54.425 JST" StructureHandle="=CP_tablet/src&amp;lt;cp_tab.utils{Methods.java" StructureKind="java" NumEvents="4" CreationCount="752"/><InteractionEvent Delta="null" EndDate="2014-12-02 08:07:23.80 JST" Interest="1.0" Kind="selection" Navigation="null" OriginId="org.eclipse.jdt.ui.PackageExplorer" StartDate="2014-12-02 08:07:23.80 JST" StructureHandle="=CutPlanner_A/src&amp;lt;cp.utils{Methods_dlg.java[Methods_dlg~dlg_ShowMessage_2_Duration~QActivity;~QString;~I~I" StructureKind="java"/><InteractionEvent Delta="null" EndDate="2014-12-02 08:10:08.213 JST" Interest="55.0" Kind="propagation" Navigation="org.eclipse.mylyn.core.model.edges.containment" OriginId="org.eclipse.mylyn.core.model.interest.propagation" StartDate="2014-12-02 08:05:21.768 JST" StructureHandle="/CutPlanner_A/src/cp/listeners/dialog" StructureKind="resource" NumEvents="55" CreationCount="13"/><InteractionEvent Delta="null" EndDate="2014-12-02 08:27:40.451 JST" Interest="5.7339997" Kind="propagation" Navigation="org.eclipse.mylyn.core.model.edges.containment" OriginId="org.eclipse.mylyn.core.model.interest.propagation" StartDate="2014-12-02 08:26:47.441 JST" StructureHandle="=CP_tablet/src&amp;lt;cp_tab.utils{Methods.java[Methods" StructureKind="java" NumEvents="9" CreationCount="755"/><InteractionEvent Delta="null" EndDate="2014-12-02 08:26:40.298 JST" Interest="14.0" Kind="propagation" Navigation="null" OriginId="org.eclipse.ui.views.ResourceNavigator" StartDate="2014-12-02 08:11:26.531 JST" StructureHandle="/CP_tablet/src/cp_tab/utils/CONS.java" StructureKind="resource" NumEvents="14" CreationCount="187"/><InteractionEvent Delta="null" EndDate="2014-12-02 08:26:38.781 JST" Interest="3.0" Kind="selection" Navigation="null" OriginId="org.eclipse.jdt.ui.CompilationUnitEditor" StartDate="2014-12-02 08:26:34.682 JST" StructureHandle="=CutPlanner_A/src&amp;lt;cp.utils{Methods.java[Methods~start_Activity_ShowLogActv~QActivity;~QString;" StructureKind="java" NumEvents="3" CreationCount="744"/><InteractionEvent Delta="null" EndDate="2014-12-02 08:30:39.761 JST" Interest="53.0" Kind="propagation" Navigation="null" OriginId="org.eclipse.jdt.ui.PackageExplorer" StartDate="2014-12-02 08:07:25.321 JST" StructureHandle="/CutPlanner_A/src/cp/utils/Methods.java" StructureKind="resource" NumEvents="53" CreationCount="74"/><InteractionEvent Delta="null" EndDate="2014-12-02 08:27:39.827 JST" Interest="7.0" Kind="edit" Navigation="null" OriginId="org.eclipse.jdt.ui.CompilationUnitEditor" StartDate="2014-12-02 08:27:08.527 JST" StructureHandle="=TA2/src&amp;lt;ta2.utils{Methods.java[Methods~write_Log~QActivity;~QString;~QString;~I" StructureKind="java" NumEvents="7" CreationCount="772"/><InteractionEvent Delta="null" EndDate="2014-12-02 08:27:06.744 JST" Interest="1.0" Kind="selection" Navigation="null" OriginId="org.eclipse.ui.views.ContentOutline" StartDate="2014-12-02 08:27:06.744 JST" StructureHandle="=TA2/src&amp;lt;ta2.utils{Methods.java[Methods~write_Log~QActivity;~QString;~QString;~I" StructureKind="java"/><InteractionEvent Delta="null" EndDate="2014-12-02 08:30:34.662 JST" Interest="100.102005" Kind="propagation" Navigation="null" OriginId="org.eclipse.ui.views.ResourceNavigator" StartDate="2014-12-02 08:05:58.238 JST" StructureHandle="/TA2/src" StructureKind="resource" NumEvents="107" CreationCount="29"/><InteractionEvent Delta="null" EndDate="2014-12-02 08:12:56.451 JST" Interest="2.0" Kind="edit" Navigation="null" OriginId="org.eclipse.jdt.ui.CompilationUnitEditor" StartDate="2014-12-02 08:12:55.593 JST" StructureHandle="=CP_tablet/src&amp;lt;cp_tab.utils{CONS.java[CONS[DB^dPath_Data_Root" StructureKind="java" NumEvents="2" CreationCount="195"/><InteractionEvent Delta="null" EndDate="2014-12-02 08:12:51.912 JST" Interest="2.0" Kind="selection" Navigation="null" OriginId="org.eclipse.jdt.ui.CompilationUnitEditor" StartDate="2014-12-02 08:11:39.721 JST" StructureHandle="=CP_tablet/src&amp;lt;cp_tab.utils{CONS.java[CONS[DB^dPath_Data_Root" StructureKind="java" NumEvents="2" CreationCount="195"/><InteractionEvent Delta="null" EndDate="2014-12-02 08:26:59.238 JST" Interest="3.0" Kind="selection" Navigation="null" OriginId="org.eclipse.ui.views.ResourceNavigator" StartDate="2014-12-02 08:11:17.716 JST" StructureHandle="=TA2" StructureKind="java" NumEvents="3" CreationCount="29"/><InteractionEvent Delta="null" EndDate="2014-12-02 08:30:34.662 JST" Interest="97.102005" Kind="propagation" Navigation="org.eclipse.mylyn.core.model.edges.containment" OriginId="org.eclipse.mylyn.core.model.interest.propagation" StartDate="2014-12-02 08:05:58.238 JST" StructureHandle="=TA2" StructureKind="resource" NumEvents="104" CreationCount="29"/><InteractionEvent Delta="null" EndDate="2014-12-02 08:29:28.586 JST" Interest="1.0" Kind="selection" Navigation="null" OriginId="org.eclipse.jdt.ui.CompilationUnitEditor" StartDate="2014-12-02 08:29:28.586 JST" StructureHandle="=TA2/src&amp;lt;ta2.utils{CONS.java[CONS" StructureKind="java"/><InteractionEvent Delta="null" EndDate="2014-12-02 08:29:27.336 JST" Interest="8.1" Kind="propagation" Navigation="org.eclipse.mylyn.core.model.edges.containment" OriginId="org.eclipse.mylyn.core.model.interest.propagation" StartDate="2014-12-02 08:28:53.49 JST" StructureHandle="=TA2/src&amp;lt;ta2.utils{CONS.java[CONS" StructureKind="java" NumEvents="9" CreationCount="816"/><InteractionEvent Delta="null" EndDate="2014-12-02 08:03:56.479 JST" Interest="1.0" Kind="selection" Navigation="null" OriginId="org.eclipse.jdt.ui.PackageExplorer" StartDate="2014-12-02 08:03:56.479 JST" StructureHandle="=CutPlanner_A/src&amp;lt;cp.utils" StructureKind="java"/><InteractionEvent Delta="null" EndDate="2014-12-02 08:30:39.761 JST" Interest="24.048004" Kind="propagation" Navigation="org.eclipse.mylyn.core.model.edges.containment" OriginId="org.eclipse.mylyn.core.model.interest.propagation" StartDate="2014-12-02 08:03:59.973 JST" StructureHandle="=CutPlanner_A/src&amp;lt;cp.utils" StructureKind="java" NumEvents="45" CreationCount="1"/><InteractionEvent Delta="null" EndDate="2014-12-02 08:09:08.190 JST" Interest="12.0" Kind="edit" Navigation="null" OriginId="org.eclipse.jdt.ui.CompilationUnitEditor" StartDate="2014-12-02 08:09:02.150 JST" StructureHandle="=TA2/src&amp;lt;ta2.utils{Methods.java[Methods~start_Activity_LogActv~QActivity;~QDialog;" StructureKind="java" NumEvents="12" CreationCount="112"/><InteractionEvent Delta="null" EndDate="2014-12-02 08:09:01.695 JST" Interest="3.0" Kind="selection" Navigation="null" OriginId="org.eclipse.jdt.ui.CompilationUnitEditor" StartDate="2014-12-02 08:09:01.585 JST" StructureHandle="=TA2/src&amp;lt;ta2.utils{Methods.java[Methods~start_Activity_LogActv~QActivity;~QDialog;" StructureKind="java" NumEvents="3" CreationCount="112"/><InteractionEvent Delta="null" EndDate="2014-12-02 08:24:38.463 JST" Interest="1.0" Kind="propagation" Navigation="null" OriginId="org.eclipse.jdt.ui.PackageExplorer" StartDate="2014-12-02 08:24:38.463 JST" StructureHandle="/CutPlanner_A/src/cp/listeners/button" StructureKind="resource"/><InteractionEvent Delta="null" EndDate="2014-12-02 08:10:22.163 JST" Interest="1.0" Kind="edit" Navigation="null" OriginId="org.eclipse.jdt.ui.CompilationUnitEditor" StartDate="2014-12-02 08:10:22.163 JST" StructureHandle="=CutPlanner_A/src&amp;lt;cp.main{LogActv.java[LogActv~onCreate~QBundle;" StructureKind="java"/><InteractionEvent Delta="null" EndDate="2014-12-02 08:10:28.544 JST" Interest="4.0" Kind="selection" Navigation="null" OriginId="org.eclipse.jdt.ui.CompilationUnitEditor" StartDate="2014-12-02 08:10:19.245 JST" StructureHandle="=CutPlanner_A/src&amp;lt;cp.main{LogActv.java[LogActv~onCreate~QBundle;" StructureKind="java" NumEvents="4" CreationCount="154"/><InteractionEvent Delta="null" EndDate="2014-12-02 08:24:33.642 JST" Interest="2.0" Kind="edit" Navigation="null" OriginId="org.eclipse.jdt.ui.CompilationUnitEditor" StartDate="2014-12-02 08:24:33.638 JST" StructureHandle="=CutPlanner_A/src&amp;lt;cp.main{LogActv.java[LogActv~onBackPressed" StructureKind="java" NumEvents="2" CreationCount="640"/><InteractionEvent Delta="null" EndDate="2014-12-02 08:24:33.634 JST" Interest="1.0" Kind="selection" Navigation="null" OriginId="org.eclipse.jdt.ui.CompilationUnitEditor" StartDate="2014-12-02 08:24:33.634 JST" StructureHandle="=CutPlanner_A/src&amp;lt;cp.main{LogActv.java[LogActv~onBackPressed" StructureKind="java"/><InteractionEvent Delta="null" EndDate="2014-12-02 08:29:53.75 JST" Interest="7.0" Kind="edit" Navigation="null" OriginId="org.eclipse.jdt.ui.CompilationUnitEditor" StartDate="2014-12-02 08:27:59.927 JST" StructureHandle="=CutPlanner_A/src&amp;lt;cp.utils{Methods.java[Methods~write_Log~QActivity;~QString;~QString;~I" StructureKind="java" NumEvents="7" CreationCount="791"/><InteractionEvent Delta="null" EndDate="2014-12-02 08:30:28.844 JST" Interest="5.0" Kind="selection" Navigation="null" OriginId="org.eclipse.jdt.ui.CompilationUnitEditor" StartDate="2014-12-02 08:27:59.181 JST" StructureHandle="=CutPlanner_A/src&amp;lt;cp.utils{Methods.java[Methods~write_Log~QActivity;~QString;~QString;~I" StructureKind="java" NumEvents="5" CreationCount="791"/><InteractionEvent Delta="null" EndDate="2014-12-02 08:06:55.702 JST" Interest="6.0" Kind="edit" Navigation="null" OriginId="org.eclipse.jdt.ui.CompilationUnitEditor" StartDate="2014-12-02 08:04:44.107 JST" StructureHandle="=CutPlanner_A/src&amp;lt;cp.utils{Methods_dlg.java[Methods_dlg~dlg_ACTV_MAIN_Admin~QActivity;" StructureKind="java" NumEvents="6" CreationCount="9"/><InteractionEvent Delta="null" EndDate="2014-12-02 08:06:51.318 JST" Interest="2.0" Kind="selection" Navigation="null" OriginId="org.eclipse.jdt.ui.CompilationUnitEditor" StartDate="2014-12-02 08:04:42.485 JST" StructureHandle="=CutPlanner_A/src&amp;lt;cp.utils{Methods_dlg.java[Methods_dlg~dlg_ACTV_MAIN_Admin~QActivity;" StructureKind="java" NumEvents="2" CreationCount="9"/><InteractionEvent Delta="null" EndDate="2014-12-02 08:32:59.88 JST" Interest="785.034" Kind="propagation" Navigation="null" OriginId="org.eclipse.jdt.ui.CompilationUnitEditor" StartDate="2014-12-02 08:03:48.635 JST" StructureHandle="/CutPlanner_A/src" StructureKind="resource" NumEvents="787" CreationCount="1"/><InteractionEvent Delta="null" EndDate="2014-12-02 08:27:40.452 JST" Interest="29.034" Kind="propagation" Navigation="org.eclipse.mylyn.core.model.edges.containment" OriginId="org.eclipse.mylyn.core.model.interest.propagation" StartDate="2014-12-02 08:11:22.583 JST" StructureHandle="/CP_tablet/src/cp_tab" StructureKind="resource" NumEvents="31" CreationCount="185"/><InteractionEvent Delta="null" EndDate="2014-12-02 08:10:08.213 JST" Interest="55.0" Kind="propagation" Navigation="null" OriginId="org.eclipse.jdt.ui.CompilationUnitEditor" StartDate="2014-12-02 08:05:21.768 JST" StructureHandle="/CutPlanner_A/src/cp/listeners/dialog/DOI_CL.java" StructureKind="resource" NumEvents="55" CreationCount="13"/><InteractionEvent Delta="null" EndDate="2014-12-02 08:26:01.204 JST" Interest="50.0" Kind="edit" Navigation="null" OriginId="org.eclipse.jdt.ui.CompilationUnitEditor" StartDate="2014-12-02 08:10:29.28 JST" StructureHandle="=CutPlanner_A/src&amp;lt;cp.main{LogActv.java[LogActv~onStart" StructureKind="java" NumEvents="50" CreationCount="158"/><InteractionEvent Delta="null" EndDate="2014-12-02 08:25:59.438 JST" Interest="13.0" Kind="selection" Navigation="null" OriginId="org.eclipse.jdt.ui.CompilationUnitEditor" StartDate="2014-12-02 08:10:28.435 JST" StructureHandle="=CutPlanner_A/src&amp;lt;cp.main{LogActv.java[LogActv~onStart" StructureKind="java" NumEvents="13" CreationCount="158"/><InteractionEvent Delta="null" EndDate="2014-12-02 08:30:34.550 JST" Interest="6.0" Kind="selection" Navigation="null" OriginId="org.eclipse.ui.views.ResourceNavigator" StartDate="2014-12-02 08:28:28.964 JST" StructureHandle="=TA2/src&amp;lt;ta2.utils{CONS.java" StructureKind="java" NumEvents="6" CreationCount="800"/><InteractionEvent Delta="null" EndDate="2014-12-02 08:29:28.586 JST" Interest="4.372" Kind="propagation" Navigation="org.eclipse.mylyn.core.model.edges.containment" OriginId="org.eclipse.mylyn.core.model.interest.propagation" StartDate="2014-12-02 08:29:20.709 JST" StructureHandle="=TA2/src&amp;lt;ta2.utils{CONS.java" StructureKind="java" NumEvents="5" CreationCount="800"/><InteractionEvent Delta="null" EndDate="2014-12-02 08:29:27.336 JST" Interest="2.0" Kind="edit" Navigation="null" OriginId="org.eclipse.jdt.ui.CompilationUnitEditor" StartDate="2014-12-02 08:29:21.768 JST" StructureHandle="=TA2/src&amp;lt;ta2.utils{CONS.java[CONS[DB" StructureKind="java" NumEvents="2" CreationCount="816"/><InteractionEvent Delta="null" EndDate="2014-12-02 08:29:26.604 JST" Interest="3.0" Kind="selection" Navigation="null" OriginId="org.eclipse.jdt.ui.CompilationUnitEditor" StartDate="2014-12-02 08:29:17.151 JST" StructureHandle="=TA2/src&amp;lt;ta2.utils{CONS.java[CONS[DB" StructureKind="java" NumEvents="3" CreationCount="816"/><InteractionEvent Delta="null" EndDate="2014-12-02 08:29:11.195 JST" Interest="3.7" Kind="propagation" Navigation="org.eclipse.mylyn.core.model.edges.containment" OriginId="org.eclipse.mylyn.core.model.interest.propagation" StartDate="2014-12-02 08:28:53.49 JST" StructureHandle="=TA2/src&amp;lt;ta2.utils{CONS.java[CONS[DB" StructureKind="java" NumEvents="4" CreationCount="816"/><InteractionEvent Delta="null" EndDate="2014-12-02 08:29:36.970 JST" Interest="1.0" Kind="selection" Navigation="null" OriginId="org.eclipse.jdt.ui.CompilationUnitEditor" StartDate="2014-12-02 08:29:36.970 JST" StructureHandle="=CutPlanner_A/src&amp;lt;cp.utils{CONS.java[CONS[DB^col_names_MemoPatterns_full" StructureKind="java"/><InteractionEvent Delta="null" EndDate="2014-12-02 08:05:39.692 JST" Interest="8.0" Kind="edit" Navigation="null" OriginId="org.eclipse.jdt.ui.CompilationUnitEditor" StartDate="2014-12-02 08:05:23.547 JST" StructureHandle="=CutPlanner_A/src&amp;lt;cp.listeners.dialog{DOI_CL.java[DOI_CL~onItemClick~QAdapterView\&amp;lt;*&amp;gt;;~QView;~I~J" StructureKind="java" NumEvents="8" CreationCount="14"/><InteractionEvent Delta="null" EndDate="2014-12-02 08:05:22.673 JST" Interest="1.0" Kind="selection" Navigation="null" OriginId="org.eclipse.jdt.ui.CompilationUnitEditor" StartDate="2014-12-02 08:05:22.673 JST" StructureHandle="=CutPlanner_A/src&amp;lt;cp.listeners.dialog{DOI_CL.java[DOI_CL~onItemClick~QAdapterView\&amp;lt;*&amp;gt;;~QView;~I~J" StructureKind="java"/><InteractionEvent Delta="null" EndDate="2014-12-02 08:26:54.427 JST" Interest="3.0" Kind="selection" Navigation="null" OriginId="org.eclipse.jdt.ui.CompilationUnitEditor" StartDate="2014-12-02 08:26:48.214 JST" StructureHandle="=CP_tablet/src&amp;lt;cp_tab.utils{Methods.java[Methods~setup_Bluetooth~QActivity;" StructureKind="java" NumEvents="3" CreationCount="756"/><InteractionEvent Delta="null" EndDate="2014-12-02 08:10:08.213 JST" Interest="55.0" Kind="propagation" Navigation="org.eclipse.mylyn.core.model.edges.containment" OriginId="org.eclipse.mylyn.core.model.interest.propagation" StartDate="2014-12-02 08:05:21.768 JST" StructureHandle="/CutPlanner_A/src/cp/listeners" StructureKind="resource" NumEvents="55" CreationCount="13"/><InteractionEvent Delta="null" EndDate="2014-12-02 08:32:59.88 JST" Interest="598.017" Kind="propagation" Navigation="null" OriginId="org.eclipse.jdt.ui.CompilationUnitEditor" StartDate="2014-12-02 08:10:15.436 JST" StructureHandle="/CutPlanner_A/src/cp/main" StructureKind="resource" NumEvents="599" CreationCount="151"/><InteractionEvent Delta="null" EndDate="2014-12-02 08:11:22.52 JST" Interest="1.0" Kind="selection" Navigation="null" OriginId="org.eclipse.ui.views.ResourceNavigator" StartDate="2014-12-02 08:11:22.52 JST" StructureHandle="=CP_tablet/src" StructureKind="java"/><InteractionEvent Delta="null" EndDate="2014-12-02 08:27:40.321 JST" Interest="14.441001" Kind="propagation" Navigation="org.eclipse.mylyn.core.model.edges.containment" OriginId="org.eclipse.mylyn.core.model.interest.propagation" StartDate="2014-12-02 08:11:22.598 JST" StructureHandle="=CP_tablet/src" StructureKind="java" NumEvents="22" CreationCount="184"/><InteractionEvent Delta="null" EndDate="2014-12-02 08:25:02.161 JST" Interest="219.437" Kind="propagation" Navigation="org.eclipse.mylyn.core.model.edges.containment" OriginId="org.eclipse.mylyn.core.model.interest.propagation" StartDate="2014-12-02 08:10:19.245 JST" StructureHandle="=CutPlanner_A/src&amp;lt;cp.main{LogActv.java[LogActv" StructureKind="java" NumEvents="308" CreationCount="154"/><InteractionEvent Delta="null" EndDate="2014-12-02 08:09:52.50 JST" Interest="5.0" Kind="selection" Navigation="null" OriginId="org.eclipse.jdt.ui.CompilationUnitEditor" StartDate="2014-12-02 08:06:09.705 JST" StructureHandle="=TA2/src&amp;lt;ta2.listeners.dialog{DOI_CL.java" StructureKind="java" NumEvents="5" CreationCount="35"/><InteractionEvent Delta="null" EndDate="2014-12-02 08:06:32.76 JST" Interest="0.21899986" Kind="propagation" Navigation="org.eclipse.mylyn.core.model.edges.containment" OriginId="org.eclipse.mylyn.core.model.interest.propagation" StartDate="2014-12-02 08:06:32.76 JST" StructureHandle="=TA2/src&amp;lt;ta2.listeners.dialog{DOI_CL.java" StructureKind="java"/><InteractionEvent Delta="null" EndDate="2014-12-02 08:32:59.87 JST" Interest="168.0" Kind="propagation" Navigation="null" OriginId="org.eclipse.jdt.ui.CompilationUnitEditor" StartDate="2014-12-02 08:19:14.293 JST" StructureHandle="/CutPlanner_A/src/cp/main/MainActv.java" StructureKind="resource" NumEvents="168" CreationCount="519"/><InteractionEvent Delta="null" EndDate="2014-12-02 08:27:05.940 JST" Interest="1.0" Kind="selection" Navigation="null" OriginId="org.eclipse.ui.views.ContentOutline" StartDate="2014-12-02 08:27:05.940 JST" StructureHandle="=TA2/src&amp;lt;ta2.utils{Methods.java[Methods~_filter_MemoList_Multiple_KW__OR~QActivity;~\[QString;" StructureKind="java"/><InteractionEvent Delta="null" EndDate="2014-12-02 08:05:58.238 JST" Interest="1.0" Kind="selection" Navigation="null" OriginId="org.eclipse.ui.views.ResourceNavigator" StartDate="2014-12-02 08:05:58.238 JST" StructureHandle="=TA2/src" StructureKind="java"/><InteractionEvent Delta="null" EndDate="2014-12-02 08:30:28.378 JST" Interest="27.637001" Kind="propagation" Navigation="org.eclipse.mylyn.core.model.edges.containment" OriginId="org.eclipse.mylyn.core.model.interest.propagation" StartDate="2014-12-02 08:05:59.267 JST" StructureHandle="=TA2/src" StructureKind="java" NumEvents="44" CreationCount="29"/><InteractionEvent Delta="null" EndDate="2014-12-02 08:30:28.510 JST" Interest="4.0" Kind="selection" Navigation="null" OriginId="org.eclipse.jdt.ui.CompilationUnitEditor" StartDate="2014-12-02 08:28:49.390 JST" StructureHandle="=TA2/src&amp;lt;ta2.utils{Methods.java[Methods" StructureKind="java" NumEvents="4" CreationCount="90"/><InteractionEvent Delta="null" EndDate="2014-12-02 08:27:39.827 JST" Interest="17.494" Kind="propagation" Navigation="org.eclipse.mylyn.core.model.edges.containment" OriginId="org.eclipse.mylyn.core.model.interest.propagation" StartDate="2014-12-02 08:08:14.150 JST" StructureHandle="=TA2/src&amp;lt;ta2.utils{Methods.java[Methods" StructureKind="java" NumEvents="24" CreationCount="90"/><InteractionEvent Delta="null" EndDate="2014-12-02 08:31:21.470 JST" Interest="4.0" Kind="selection" Navigation="null" OriginId="org.eclipse.jdt.ui.CompilationUnitEditor" StartDate="2014-12-02 08:30:43.924 JST" StructureHandle="=CutPlanner_A/src&amp;lt;cp.main{MainActv.java[MainActv~onCreate~QBundle;" StructureKind="java" NumEvents="4" CreationCount="868"/><InteractionEvent Delta="null" EndDate="2014-12-02 08:29:12.990 JST" Interest="1.0" Kind="selection" Navigation="null" OriginId="org.eclipse.jdt.ui.CompilationUnitEditor" StartDate="2014-12-02 08:29:12.990 JST" StructureHandle="=TA2/src&amp;lt;ta2.utils{CONS.java[CONS[DB^col_types_FilterHistory_full" StructureKind="java"/><InteractionEvent Delta="null" EndDate="2014-12-02 08:27:40.452 JST" Interest="29.017" Kind="propagation" Navigation="null" OriginId="org.eclipse.jdt.ui.CompilationUnitEditor" StartDate="2014-12-02 08:11:24.782 JST" StructureHandle="/CP_tablet/src/cp_tab/utils" StructureKind="resource" NumEvents="30" CreationCount="186"/><InteractionEvent Delta="null" EndDate="2014-12-02 08:32:59.87 JST" Interest="152.0" Kind="edit" Navigation="null" OriginId="org.eclipse.jdt.ui.CompilationUnitEditor" StartDate="2014-12-02 08:19:21.54 JST" StructureHandle="=CutPlanner_A/src&amp;lt;cp.main{MainActv.java[MainActv~onStart" StructureKind="java" NumEvents="152" CreationCount="522"/><InteractionEvent Delta="null" EndDate="2014-12-02 08:31:21.493 JST" Interest="5.0" Kind="selection" Navigation="null" OriginId="org.eclipse.jdt.ui.CompilationUnitEditor" StartDate="2014-12-02 08:19:20.992 JST" StructureHandle="=CutPlanner_A/src&amp;lt;cp.main{MainActv.java[MainActv~onStart" StructureKind="java" NumEvents="5" CreationCount="522"/></InteractionHistory>