<?xml version="1.0" encoding="UTF-8"?><InteractionHistory Id="local-51" Version="1"><InteractionEvent Delta="null" EndDate="2014-09-03 19:07:39.208 JST" Interest="87.0" Kind="propagation" Navigation="null" OriginId="org.eclipse.ui.views.ContentOutline" StartDate="2014-09-03 18:57:00.617 JST" StructureHandle="/TA2/src/ta2/utils/CONS.java" StructureKind="resource" NumEvents="87" CreationCount="88"/><InteractionEvent Delta="null" EndDate="2014-09-03 21:25:21.125 JST" Interest="839.01697" Kind="propagation" Navigation="null" OriginId="org.eclipse.jdt.ui.CompilationUnitEditor" StartDate="2014-09-03 17:06:15.47 JST" StructureHandle="/TA2/src" StructureKind="resource" NumEvents="840" CreationCount="1"/><InteractionEvent Delta="null" EndDate="2014-09-03 18:56:57.494 JST" Interest="1.0" Kind="propagation" Navigation="null" OriginId="org.eclipse.jdt.ui.PackageExplorer" StartDate="2014-09-03 18:56:57.494 JST" StructureHandle="/TA2/src/ta2/listeners/LOI_LCL.java" StructureKind="resource"/><InteractionEvent Delta="null" EndDate="2014-09-03 19:02:02.845 JST" Interest="7.0" Kind="edit" Navigation="null" OriginId="org.eclipse.jdt.ui.CompilationUnitEditor" StartDate="2014-09-03 18:58:37.753 JST" StructureHandle="=TA2/src&amp;lt;ta2.items{Pref_Dropdown.java[Pref_Dropdown~onBindView~QView;" StructureKind="java" NumEvents="7" CreationCount="150"/><InteractionEvent Delta="null" EndDate="2014-09-03 19:02:01.679 JST" Interest="4.0" Kind="selection" Navigation="null" OriginId="org.eclipse.jdt.ui.CompilationUnitEditor" StartDate="2014-09-03 18:58:37.749 JST" StructureHandle="=TA2/src&amp;lt;ta2.items{Pref_Dropdown.java[Pref_Dropdown~onBindView~QView;" StructureKind="java" NumEvents="4" CreationCount="150"/><InteractionEvent Delta="null" EndDate="2014-09-03 21:25:21.124 JST" Interest="838.01697" Kind="propagation" Navigation="org.eclipse.mylyn.core.model.edges.containment" OriginId="org.eclipse.mylyn.core.model.interest.propagation" StartDate="2014-09-03 17:06:15.47 JST" StructureHandle="=TA2" StructureKind="resource" NumEvents="840" CreationCount="1"/><InteractionEvent Delta="null" EndDate="2014-09-03 17:06:15.46 JST" Interest="1.0" Kind="selection" Navigation="null" OriginId="org.eclipse.jdt.ui.PackageExplorer" StartDate="2014-09-03 17:06:15.46 JST" StructureHandle="=TA2/src&amp;lt;ta2.items" StructureKind="java"/><InteractionEvent Delta="null" EndDate="2014-09-03 21:25:06.583 JST" Interest="215.151" Kind="propagation" Navigation="org.eclipse.mylyn.core.model.edges.containment" OriginId="org.eclipse.mylyn.core.model.interest.propagation" StartDate="2014-09-03 17:06:16.91 JST" StructureHandle="=TA2/src&amp;lt;ta2.items" StructureKind="java" NumEvents="302" CreationCount="1"/><InteractionEvent Delta="null" EndDate="2014-09-03 19:07:39.208 JST" Interest="87.017006" Kind="propagation" Navigation="org.eclipse.mylyn.core.model.edges.containment" OriginId="org.eclipse.mylyn.core.model.interest.propagation" StartDate="2014-09-03 18:56:58.637 JST" StructureHandle="/TA2/src/ta2/utils" StructureKind="resource" NumEvents="88" CreationCount="87"/><InteractionEvent Delta="null" EndDate="2014-09-03 18:54:59.463 JST" Interest="1.0" Kind="selection" Navigation="null" OriginId="org.eclipse.ui.views.ContentOutline" StartDate="2014-09-03 18:54:59.463 JST" StructureHandle="=TA2/src&amp;lt;ta2.listeners{ISL.java[ISL~ISL~QContext;~QPref_Dropdown;" StructureKind="java"/><InteractionEvent Delta="null" EndDate="2014-09-03 21:24:44.531 JST" Interest="263.0" Kind="edit" Navigation="null" OriginId="org.eclipse.jdt.ui.CompilationUnitEditor" StartDate="2014-09-03 17:06:20.672 JST" StructureHandle="=TA2/src&amp;lt;ta2.items{Pref_Dropdown.java[Pref_Dropdown~_Setup_Spinner~QView;" StructureKind="java" NumEvents="263" CreationCount="4"/><InteractionEvent Delta="null" EndDate="2014-09-03 21:25:06.639 JST" Interest="32.0" Kind="selection" Navigation="null" OriginId="org.eclipse.jdt.ui.CompilationUnitEditor" StartDate="2014-09-03 17:06:19.508 JST" StructureHandle="=TA2/src&amp;lt;ta2.items{Pref_Dropdown.java[Pref_Dropdown~_Setup_Spinner~QView;" StructureKind="java" NumEvents="32" CreationCount="4"/><InteractionEvent Delta="null" EndDate="2014-09-03 21:25:21.124 JST" Interest="416.68" Kind="propagation" Navigation="org.eclipse.mylyn.core.model.edges.containment" OriginId="org.eclipse.mylyn.core.model.interest.propagation" StartDate="2014-09-03 17:06:15.47 JST" StructureHandle="/TA2/src/ta2" StructureKind="resource" NumEvents="421" CreationCount="1"/><InteractionEvent Delta="null" EndDate="2014-09-03 18:57:15.682 JST" Interest="1.0" Kind="edit" Navigation="null" OriginId="org.eclipse.jdt.ui.CompilationUnitEditor" StartDate="2014-09-03 18:57:15.682 JST" StructureHandle="=TA2/src&amp;lt;ta2.utils{CONS.java[CONS" StructureKind="java"/><InteractionEvent Delta="null" EndDate="2014-09-03 18:57:15.678 JST" Interest="1.0" Kind="selection" Navigation="null" OriginId="org.eclipse.jdt.ui.CompilationUnitEditor" StartDate="2014-09-03 18:57:15.678 JST" StructureHandle="=TA2/src&amp;lt;ta2.utils{CONS.java[CONS" StructureKind="java"/><InteractionEvent Delta="null" EndDate="2014-09-03 19:02:48.616 JST" Interest="19.604002" Kind="propagation" Navigation="org.eclipse.mylyn.core.model.edges.containment" OriginId="org.eclipse.mylyn.core.model.interest.propagation" StartDate="2014-09-03 18:57:12.529 JST" StructureHandle="=TA2/src&amp;lt;ta2.utils{CONS.java[CONS" StructureKind="java" NumEvents="31" CreationCount="91"/><InteractionEvent Delta="null" EndDate="2014-09-03 21:25:06.640 JST" Interest="332.0" Kind="propagation" Navigation="null" OriginId="org.eclipse.jdt.ui.CompilationUnitEditor" StartDate="2014-09-03 17:06:16.90 JST" StructureHandle="/TA2/src/ta2/items/Pref_Dropdown.java" StructureKind="resource" NumEvents="332" CreationCount="2"/><InteractionEvent Delta="null" EndDate="2014-09-03 19:10:41.269 JST" Interest="1.0" Kind="edit" Navigation="null" OriginId="org.eclipse.jdt.ui.CompilationUnitEditor" StartDate="2014-09-03 19:10:41.269 JST" StructureHandle="=TA2/src&amp;lt;ta2.items{Pref_Dropdown.java" StructureKind="java"/><InteractionEvent Delta="null" EndDate="2014-09-03 21:25:06.582 JST" Interest="24.0" Kind="selection" Navigation="null" OriginId="org.eclipse.jdt.ui.CompilationUnitEditor" StartDate="2014-09-03 17:06:16.90 JST" StructureHandle="=TA2/src&amp;lt;ta2.items{Pref_Dropdown.java" StructureKind="java" NumEvents="24" CreationCount="2"/><InteractionEvent Delta="null" EndDate="2014-09-03 21:24:44.532 JST" Interest="191.43399" Kind="propagation" Navigation="org.eclipse.mylyn.core.model.edges.containment" OriginId="org.eclipse.mylyn.core.model.interest.propagation" StartDate="2014-09-03 17:06:23.13 JST" StructureHandle="=TA2/src&amp;lt;ta2.items{Pref_Dropdown.java" StructureKind="java" NumEvents="273" CreationCount="2"/><InteractionEvent Delta="null" EndDate="2014-09-03 19:20:33.119 JST" Interest="1.0" Kind="selection" Navigation="null" OriginId="org.eclipse.jdt.ui.CompilationUnitEditor" StartDate="2014-09-03 19:20:33.119 JST" StructureHandle="=TA2/src&amp;lt;ta2.listeners{ISL.java[ISL~onNothingSelected~QAdapterView\&amp;lt;*&amp;gt;;" StructureKind="java"/><InteractionEvent Delta="null" EndDate="2014-09-03 21:19:14.708 JST" Interest="10.0" Kind="prediction" Navigation="null" OriginId="org.eclipse.mylyn.resources.ui.interest.updater" StartDate="2014-09-03 19:00:50.623 JST" StructureHandle="/TA2/bin/classes.dex" StructureKind="resource" NumEvents="10" CreationCount="221"/><InteractionEvent Delta="null" EndDate="2014-09-03 21:25:06.639 JST" Interest="216.09999" Kind="propagation" Navigation="org.eclipse.mylyn.core.model.edges.containment" OriginId="org.eclipse.mylyn.core.model.interest.propagation" StartDate="2014-09-03 17:06:19.509 JST" StructureHandle="=TA2/src&amp;lt;ta2.items{Pref_Dropdown.java[Pref_Dropdown" StructureKind="java" NumEvents="295" CreationCount="4"/><InteractionEvent Delta="null" EndDate="2014-09-03 18:54:46.259 JST" Interest="1.0" Kind="propagation" Navigation="null" OriginId="org.eclipse.jdt.ui.PackageExplorer" StartDate="2014-09-03 18:54:46.259 JST" StructureHandle="/TA2/src/ta2/items/WordPattern.java" StructureKind="resource"/><InteractionEvent Delta="null" EndDate="2014-09-03 19:22:22.741 JST" Interest="2.0" Kind="selection" Navigation="null" OriginId="org.eclipse.jdt.ui.CompilationUnitEditor" StartDate="2014-09-03 19:20:34.103 JST" StructureHandle="=TA2/src&amp;lt;ta2.listeners{ISL.java[ISL" StructureKind="java" NumEvents="2" CreationCount="44"/><InteractionEvent Delta="null" EndDate="2014-09-03 21:25:21.124 JST" Interest="274.61697" Kind="propagation" Navigation="org.eclipse.mylyn.core.model.edges.containment" OriginId="org.eclipse.mylyn.core.model.interest.propagation" StartDate="2014-09-03 18:54:59.478 JST" StructureHandle="=TA2/src&amp;lt;ta2.listeners{ISL.java[ISL" StructureKind="java" NumEvents="383" CreationCount="44"/><InteractionEvent Delta="null" EndDate="2014-09-03 21:25:21.124 JST" Interest="416.017" Kind="propagation" Navigation="org.eclipse.mylyn.core.model.edges.containment" OriginId="org.eclipse.mylyn.core.model.interest.propagation" StartDate="2014-09-03 18:54:47.670 JST" StructureHandle="/TA2/src/ta2/listeners" StructureKind="resource" NumEvents="418" CreationCount="40"/><InteractionEvent Delta="null" EndDate="2014-09-03 19:02:25.75 JST" Interest="2.0" Kind="selection" Navigation="null" OriginId="org.eclipse.jdt.ui.CompilationUnitEditor" StartDate="2014-09-03 18:58:20.564 JST" StructureHandle="=TA2/src&amp;lt;ta2.utils{CONS.java[CONS[PrefActv^sp_NoSelection" StructureKind="java" NumEvents="2" CreationCount="136"/><InteractionEvent Delta="null" EndDate="2014-09-03 19:02:38.330 JST" Interest="11.0" Kind="edit" Navigation="null" OriginId="org.eclipse.jdt.ui.CompilationUnitEditor" StartDate="2014-09-03 18:58:20.570 JST" StructureHandle="=TA2/src&amp;lt;ta2.utils{CONS.java[CONS[PrefActv^sp_NoSelection_label" StructureKind="java" NumEvents="11" CreationCount="136"/><InteractionEvent Delta="null" EndDate="2014-09-03 19:02:39.852 JST" Interest="23.0" Kind="edit" Navigation="null" OriginId="org.eclipse.jdt.ui.CompilationUnitEditor" StartDate="2014-09-03 18:57:22.254 JST" StructureHandle="=TA2/src&amp;lt;ta2.utils{CONS.java[CONS[PrefActv" StructureKind="java" NumEvents="23" CreationCount="103"/><InteractionEvent Delta="null" EndDate="2014-09-03 19:02:39.847 JST" Interest="5.0" Kind="selection" Navigation="null" OriginId="org.eclipse.jdt.ui.CompilationUnitEditor" StartDate="2014-09-03 18:57:22.250 JST" StructureHandle="=TA2/src&amp;lt;ta2.utils{CONS.java[CONS[PrefActv" StructureKind="java" NumEvents="5" CreationCount="103"/><InteractionEvent Delta="null" EndDate="2014-09-03 18:57:02.943 JST" Interest="1.0" Kind="selection" Navigation="null" OriginId="org.eclipse.ui.views.ContentOutline" StartDate="2014-09-03 18:57:02.943 JST" StructureHandle="=TA2/src&amp;lt;ta2.utils{CONS.java%ta2.utils" StructureKind="java"/><InteractionEvent Delta="null" EndDate="2014-09-03 21:19:14.708 JST" Interest="10.0" Kind="prediction" Navigation="null" OriginId="org.eclipse.mylyn.resources.ui.interest.updater" StartDate="2014-09-03 19:00:50.623 JST" StructureHandle="/TA2/bin/TA2.apk" StructureKind="resource" NumEvents="10" CreationCount="221"/><InteractionEvent Delta="null" EndDate="2014-09-03 21:25:21.69 JST" Interest="27.0" Kind="selection" Navigation="null" OriginId="org.eclipse.jdt.ui.CompilationUnitEditor" StartDate="2014-09-03 18:54:49.663 JST" StructureHandle="=TA2/src&amp;lt;ta2.listeners{ISL.java" StructureKind="java" NumEvents="27" CreationCount="41"/><InteractionEvent Delta="null" EndDate="2014-09-03 21:25:21.124 JST" Interest="249.66798" Kind="propagation" Navigation="org.eclipse.mylyn.core.model.edges.containment" OriginId="org.eclipse.mylyn.core.model.interest.propagation" StartDate="2014-09-03 18:55:00.926 JST" StructureHandle="=TA2/src&amp;lt;ta2.listeners{ISL.java" StructureKind="java" NumEvents="357" CreationCount="41"/><InteractionEvent Delta="null" EndDate="2014-09-03 19:02:25.22 JST" Interest="4.0" Kind="selection" Navigation="null" OriginId="org.eclipse.jdt.ui.CompilationUnitEditor" StartDate="2014-09-03 18:57:00.616 JST" StructureHandle="=TA2/src&amp;lt;ta2.utils{CONS.java" StructureKind="java" NumEvents="4" CreationCount="88"/><InteractionEvent Delta="null" EndDate="2014-09-03 19:02:48.624 JST" Interest="17.355003" Kind="propagation" Navigation="org.eclipse.mylyn.core.model.edges.containment" OriginId="org.eclipse.mylyn.core.model.interest.propagation" StartDate="2014-09-03 18:57:13.78 JST" StructureHandle="=TA2/src&amp;lt;ta2.utils{CONS.java" StructureKind="java" NumEvents="28" CreationCount="88"/><InteractionEvent Delta="null" EndDate="2014-09-03 18:57:19.46 JST" Interest="3.0" Kind="edit" Navigation="null" OriginId="org.eclipse.jdt.ui.CompilationUnitEditor" StartDate="2014-09-03 18:57:18.519 JST" StructureHandle="=TA2/src&amp;lt;ta2.utils{CONS.java[CONS[Audio" StructureKind="java" NumEvents="3" CreationCount="99"/><InteractionEvent Delta="null" EndDate="2014-09-03 18:57:18.516 JST" Interest="1.0" Kind="selection" Navigation="null" OriginId="org.eclipse.jdt.ui.CompilationUnitEditor" StartDate="2014-09-03 18:57:18.516 JST" StructureHandle="=TA2/src&amp;lt;ta2.utils{CONS.java[CONS[Audio" StructureKind="java"/><InteractionEvent Delta="null" EndDate="2014-09-03 18:56:58.617 JST" Interest="1.0" Kind="selection" Navigation="null" OriginId="org.eclipse.jdt.ui.PackageExplorer" StartDate="2014-09-03 18:56:58.617 JST" StructureHandle="=TA2/src&amp;lt;ta2.utils" StructureKind="java"/><InteractionEvent Delta="null" EndDate="2014-09-03 19:02:48.624 JST" Interest="20.372004" Kind="propagation" Navigation="org.eclipse.mylyn.core.model.edges.containment" OriginId="org.eclipse.mylyn.core.model.interest.propagation" StartDate="2014-09-03 18:57:00.635 JST" StructureHandle="=TA2/src&amp;lt;ta2.utils" StructureKind="java" NumEvents="33" CreationCount="87"/><InteractionEvent Delta="null" EndDate="2014-09-03 19:10:55.526 JST" Interest="1.0" Kind="selection" Navigation="null" OriginId="org.eclipse.ui.views.ContentOutline" StartDate="2014-09-03 19:10:55.526 JST" StructureHandle="=TA2/src&amp;lt;ta2.items{Pref_Dropdown.java%ta2.items" StructureKind="java"/><InteractionEvent Delta="null" EndDate="2014-09-03 18:54:58.544 JST" Interest="1.0" Kind="selection" Navigation="null" OriginId="org.eclipse.ui.views.ContentOutline" StartDate="2014-09-03 18:54:58.544 JST" StructureHandle="=TA2/src&amp;lt;ta2.listeners{ISL.java%ta2.listeners" StructureKind="java"/><InteractionEvent Delta="null" EndDate="2014-09-03 21:25:21.124 JST" Interest="838.01697" Kind="propagation" Navigation="org.eclipse.mylyn.core.model.edges.containment" OriginId="org.eclipse.mylyn.core.model.interest.propagation" StartDate="2014-09-03 17:06:15.47 JST" StructureHandle="/" StructureKind="resource" NumEvents="840" CreationCount="1"/><InteractionEvent Delta="null" EndDate="2014-09-03 19:02:55.506 JST" Interest="17.0" Kind="edit" Navigation="null" OriginId="org.eclipse.jdt.ui.CompilationUnitEditor" StartDate="2014-09-03 19:02:43.31 JST" StructureHandle="=TA2/src&amp;lt;ta2.utils{CONS.java[CONS[PrefActv^sp_NoSelection_value" StructureKind="java" NumEvents="17" CreationCount="259"/><InteractionEvent Delta="null" EndDate="2014-09-03 19:07:39.207 JST" Interest="2.0" Kind="selection" Navigation="null" OriginId="org.eclipse.ui.views.ContentOutline" StartDate="2014-09-03 19:02:43.20 JST" StructureHandle="=TA2/src&amp;lt;ta2.utils{CONS.java[CONS[PrefActv^sp_NoSelection_value" StructureKind="java" NumEvents="2" CreationCount="259"/><InteractionEvent Delta="null" EndDate="2014-09-03 18:56:57.493 JST" Interest="1.0" Kind="selection" Navigation="null" OriginId="org.eclipse.jdt.ui.PackageExplorer" StartDate="2014-09-03 18:56:57.493 JST" StructureHandle="=TA2/src&amp;lt;ta2.listeners{LOI_LCL.java" StructureKind="java"/><InteractionEvent Delta="null" EndDate="2014-09-03 18:57:13.728 JST" Interest="5.0" Kind="edit" Navigation="null" OriginId="org.eclipse.jdt.ui.CompilationUnitEditor" StartDate="2014-09-03 18:57:12.579 JST" StructureHandle="=TA2/src&amp;lt;ta2.utils{CONS.java[CONS[TNActv" StructureKind="java" NumEvents="5" CreationCount="91"/><InteractionEvent Delta="null" EndDate="2014-09-03 18:57:12.528 JST" Interest="1.0" Kind="selection" Navigation="null" OriginId="org.eclipse.ui.views.ContentOutline" StartDate="2014-09-03 18:57:12.528 JST" StructureHandle="=TA2/src&amp;lt;ta2.utils{CONS.java[CONS[TNActv" StructureKind="java"/><InteractionEvent Delta="null" EndDate="2014-09-03 18:54:46.250 JST" Interest="1.0" Kind="selection" Navigation="null" OriginId="org.eclipse.jdt.ui.PackageExplorer" StartDate="2014-09-03 18:54:46.250 JST" StructureHandle="=TA2/src&amp;lt;ta2.items{WordPattern.java" StructureKind="java"/><InteractionEvent Delta="null" EndDate="2014-09-03 21:25:21.125 JST" Interest="277.34796" Kind="propagation" Navigation="org.eclipse.mylyn.core.model.edges.containment" OriginId="org.eclipse.mylyn.core.model.interest.propagation" StartDate="2014-09-03 17:06:15.47 JST" StructureHandle="=TA2/src" StructureKind="java" NumEvents="397" CreationCount="1"/><InteractionEvent Delta="null" EndDate="2014-09-03 21:19:14.708 JST" Interest="10.0" Kind="propagation" Navigation="org.eclipse.mylyn.core.model.edges.containment" OriginId="org.eclipse.mylyn.core.model.interest.propagation" StartDate="2014-09-03 19:00:50.623 JST" StructureHandle="/TA2/bin" StructureKind="resource" NumEvents="5" CreationCount="221"/><InteractionEvent Delta="null" EndDate="2014-09-03 21:25:06.640 JST" Interest="332.017" Kind="propagation" Navigation="org.eclipse.mylyn.core.model.edges.containment" OriginId="org.eclipse.mylyn.core.model.interest.propagation" StartDate="2014-09-03 17:06:15.47 JST" StructureHandle="/TA2/src/ta2/items" StructureKind="resource" NumEvents="334" CreationCount="1"/><InteractionEvent Delta="null" EndDate="2014-09-03 21:25:21.124 JST" Interest="416.0" Kind="propagation" Navigation="null" OriginId="org.eclipse.jdt.ui.CompilationUnitEditor" StartDate="2014-09-03 18:54:49.664 JST" StructureHandle="/TA2/src/ta2/listeners/ISL.java" StructureKind="resource" NumEvents="416" CreationCount="41"/><InteractionEvent Delta="null" EndDate="2014-09-03 18:54:47.670 JST" Interest="1.0" Kind="selection" Navigation="null" OriginId="org.eclipse.jdt.ui.PackageExplorer" StartDate="2014-09-03 18:54:47.670 JST" StructureHandle="=TA2/src&amp;lt;ta2.listeners" StructureKind="java"/><InteractionEvent Delta="null" EndDate="2014-09-03 21:25:21.125 JST" Interest="275.68497" Kind="propagation" Navigation="org.eclipse.mylyn.core.model.edges.containment" OriginId="org.eclipse.mylyn.core.model.interest.propagation" StartDate="2014-09-03 18:54:49.664 JST" StructureHandle="=TA2/src&amp;lt;ta2.listeners" StructureKind="java" NumEvents="388" CreationCount="40"/><InteractionEvent Delta="null" EndDate="2014-09-03 21:10:37.158 JST" Interest="1.0" Kind="prediction" Navigation="null" OriginId="org.eclipse.mylyn.resources.ui.interest.updater" StartDate="2014-09-03 21:10:37.158 JST" StructureHandle="/TA2/bin/resources.ap_" StructureKind="resource"/><InteractionEvent Delta="null" EndDate="2014-09-03 21:25:03.295 JST" Interest="358.0" Kind="edit" Navigation="null" OriginId="org.eclipse.jdt.ui.CompilationUnitEditor" StartDate="2014-09-03 18:55:00.911 JST" StructureHandle="=TA2/src&amp;lt;ta2.listeners{ISL.java[ISL~case_SP_MEMOLIST_SIZE~QAdapterView\&amp;lt;*&amp;gt;;~QView;~I" StructureKind="java" NumEvents="358" CreationCount="45"/><InteractionEvent Delta="null" EndDate="2014-09-03 21:25:21.123 JST" Interest="26.0" Kind="selection" Navigation="null" OriginId="org.eclipse.jdt.ui.CompilationUnitEditor" StartDate="2014-09-03 18:55:00.45 JST" StructureHandle="=TA2/src&amp;lt;ta2.listeners{ISL.java[ISL~case_SP_MEMOLIST_SIZE~QAdapterView\&amp;lt;*&amp;gt;;~QView;~I" StructureKind="java" NumEvents="26" CreationCount="45"/></InteractionHistory>