<?xml version="1.0" encoding="UTF-8"?><InteractionHistory Id="local-208" Version="1"><InteractionEvent Delta="null" EndDate="2014-11-11 14:45:50.875 JST" Interest="29.859001" Kind="propagation" Navigation="org.eclipse.mylyn.core.model.edges.containment" OriginId="org.eclipse.mylyn.core.model.interest.propagation" StartDate="2014-11-11 14:28:18.111 JST" StructureHandle="" StructureKind="java" NumEvents="32" CreationCount="1"/><InteractionEvent Delta="null" EndDate="2014-11-11 15:16:17.476 JST" Interest="679.0" Kind="propagation" Navigation="org.eclipse.mylyn.core.model.edges.containment" OriginId="org.eclipse.mylyn.core.model.interest.propagation" StartDate="2014-11-11 14:28:48.870 JST" StructureHandle="=SL3" StructureKind="resource" NumEvents="679" CreationCount="2"/><InteractionEvent Delta="null" EndDate="2014-11-11 14:37:42.997 JST" Interest="1.0" Kind="selection" Navigation="null" OriginId="org.eclipse.ui.views.ResourceNavigator" StartDate="2014-11-11 14:37:42.997 JST" StructureHandle="=SL3" StructureKind="java"/><InteractionEvent Delta="null" EndDate="2014-11-11 15:16:17.476 JST" Interest="135.70801" Kind="propagation" Navigation="org.eclipse.mylyn.core.model.edges.containment" OriginId="org.eclipse.mylyn.core.model.interest.propagation" StartDate="2014-11-11 14:28:48.872 JST" StructureHandle="=SL3/src" StructureKind="java" NumEvents="196" CreationCount="2"/><InteractionEvent Delta="null" EndDate="2014-11-11 14:39:23.898 JST" Interest="1.0" Kind="selection" Navigation="null" OriginId="org.eclipse.jdt.ui.PackageExplorer" StartDate="2014-11-11 14:39:23.898 JST" StructureHandle="=SL3/src" StructureKind="java"/><InteractionEvent Delta="null" EndDate="2014-11-11 14:48:42.900 JST" Interest="3.08" Kind="propagation" Navigation="org.eclipse.mylyn.core.model.edges.containment" OriginId="org.eclipse.mylyn.core.model.interest.propagation" StartDate="2014-11-11 14:48:42.900 JST" StructureHandle="=SL3/src&amp;lt;sl3.utils{Methods.java[Methods~sortItemList__Genre_ItemName~QActivity;~QList\&amp;lt;QSI;&amp;gt;;[!2" StructureKind="java"/><InteractionEvent Delta="null" EndDate="2014-11-11 14:30:50.896 JST" Interest="1.0" Kind="selection" Navigation="null" OriginId="org.eclipse.jdt.ui.PackageExplorer" StartDate="2014-11-11 14:30:50.896 JST" StructureHandle="/SL3/memos.txt" StructureKind="resource"/><InteractionEvent Delta="null" EndDate="2014-11-11 14:33:51.360 JST" Interest="2.0" Kind="propagation" Navigation="null" OriginId="org.eclipse.jdt.ui.CompilationUnitEditor" StartDate="2014-11-11 14:33:50.472 JST" StructureHandle="/SL3/src/sl3/utils/Tags.java" StructureKind="resource" NumEvents="2" CreationCount="96"/><InteractionEvent Delta="null" EndDate="2014-11-11 14:58:11.365 JST" Interest="21.0" Kind="edit" Navigation="null" OriginId="org.eclipse.jdt.ui.CompilationUnitEditor" StartDate="2014-11-11 14:57:39.664 JST" StructureHandle="=SL3/src&amp;lt;sl3.utils{Methods.java[Methods~sortItemList__Genre~QActivity;~QList\&amp;lt;QSI;&amp;gt;;" StructureKind="java" NumEvents="21" CreationCount="442"/><InteractionEvent Delta="null" EndDate="2014-11-11 15:13:55.328 JST" Interest="5.0" Kind="selection" Navigation="null" OriginId="org.eclipse.jdt.ui.CompilationUnitEditor" StartDate="2014-11-11 14:57:37.819 JST" StructureHandle="=SL3/src&amp;lt;sl3.utils{Methods.java[Methods~sortItemList__Genre~QActivity;~QList\&amp;lt;QSI;&amp;gt;;" StructureKind="java" NumEvents="5" CreationCount="442"/><InteractionEvent Delta="null" EndDate="2014-11-11 14:40:50.101 JST" Interest="19.0" Kind="edit" Navigation="null" OriginId="com.android.ide.eclipse.editors.CommonXmlEditor" StartDate="2014-11-11 14:30:56.133 JST" StructureHandle="/SL3/res/values/strings.xml" StructureKind="resource" NumEvents="19" CreationCount="49"/><InteractionEvent Delta="null" EndDate="2014-11-11 14:40:46.345 JST" Interest="14.0" Kind="selection" Navigation="null" OriginId="com.android.ide.eclipse.editors.CommonXmlEditor" StartDate="2014-11-11 14:30:54.532 JST" StructureHandle="/SL3/res/values/strings.xml" StructureKind="resource" NumEvents="14" CreationCount="49"/><InteractionEvent Delta="null" EndDate="2014-11-11 15:13:49.849 JST" Interest="52.0" Kind="edit" Navigation="null" OriginId="org.eclipse.jdt.ui.CompilationUnitEditor" StartDate="2014-11-11 15:02:12.447 JST" StructureHandle="=SL3/src&amp;lt;sl3.utils{Methods.java[Methods~sortItemList__Id~QActivity;~QList\&amp;lt;QSI;&amp;gt;;[~compare~QSI;~QSI;" StructureKind="java" NumEvents="52" CreationCount="533"/><InteractionEvent Delta="null" EndDate="2014-11-11 15:13:47.671 JST" Interest="3.0" Kind="selection" Navigation="null" OriginId="org.eclipse.jdt.ui.CompilationUnitEditor" StartDate="2014-11-11 15:02:10.862 JST" StructureHandle="=SL3/src&amp;lt;sl3.utils{Methods.java[Methods~sortItemList__Id~QActivity;~QList\&amp;lt;QSI;&amp;gt;;[~compare~QSI;~QSI;" StructureKind="java" NumEvents="3" CreationCount="533"/><InteractionEvent Delta="null" EndDate="2014-11-11 15:13:55.330 JST" Interest="431.0" Kind="propagation" Navigation="null" OriginId="org.eclipse.jdt.ui.CompilationUnitEditor" StartDate="2014-11-11 14:28:48.870 JST" StructureHandle="/SL3/src/sl3/utils" StructureKind="resource" NumEvents="431" CreationCount="2"/><InteractionEvent Delta="null" EndDate="2014-11-11 14:33:51.359 JST" Interest="1.0" Kind="selection" Navigation="null" OriginId="org.eclipse.jdt.ui.CompilationUnitEditor" StartDate="2014-11-11 14:33:51.359 JST" StructureHandle="=SL3/src&amp;lt;sl3.utils{Tags.java[Tags[DialogTags^DLG_TAB2_TAB2_SORT_LIST" StructureKind="java"/><InteractionEvent Delta="null" EndDate="2014-11-11 14:35:51.129 JST" Interest="5.0" Kind="edit" Navigation="null" OriginId="org.eclipse.jdt.ui.CompilationUnitEditor" StartDate="2014-11-11 14:35:43.794 JST" StructureHandle="=SL3/src&amp;lt;sl3.listeners.dialog{DOI_CL.java[DOI_CL~case_DLG_CLEAR_SELECTIONS_TAB2~QListItem;" StructureKind="java" NumEvents="5" CreationCount="134"/><InteractionEvent Delta="null" EndDate="2014-11-11 14:35:55.920 JST" Interest="2.0" Kind="selection" Navigation="null" OriginId="org.eclipse.jdt.ui.CompilationUnitEditor" StartDate="2014-11-11 14:35:43.80 JST" StructureHandle="=SL3/src&amp;lt;sl3.listeners.dialog{DOI_CL.java[DOI_CL~case_DLG_CLEAR_SELECTIONS_TAB2~QListItem;" StructureKind="java" NumEvents="2" CreationCount="134"/><InteractionEvent Delta="null" EndDate="2014-11-11 15:06:38.637 JST" Interest="35.751003" Kind="propagation" Navigation="org.eclipse.mylyn.core.model.edges.containment" OriginId="org.eclipse.mylyn.core.model.interest.propagation" StartDate="2014-11-11 15:02:16.21 JST" StructureHandle="=SL3/src&amp;lt;sl3.utils{Methods.java[Methods~sortItemList__Id~QActivity;~QList\&amp;lt;QSI;&amp;gt;;" StructureKind="java" NumEvents="51" CreationCount="530"/><InteractionEvent Delta="null" EndDate="2014-11-11 15:08:44.28 JST" Interest="36.0" Kind="edit" Navigation="null" OriginId="org.eclipse.jdt.ui.CompilationUnitEditor" StartDate="2014-11-11 15:06:56.838 JST" StructureHandle="=SL3/src&amp;lt;sl3.utils{Methods.java[Methods~sortItemList__Id~QActivity;~QList\&amp;lt;QSI;&amp;gt;;" StructureKind="java" NumEvents="36" CreationCount="530"/><InteractionEvent Delta="null" EndDate="2014-11-11 15:13:45.843 JST" Interest="5.0" Kind="selection" Navigation="null" OriginId="org.eclipse.jdt.ui.CompilationUnitEditor" StartDate="2014-11-11 15:02:04.578 JST" StructureHandle="=SL3/src&amp;lt;sl3.utils{Methods.java[Methods~sortItemList__Id~QActivity;~QList\&amp;lt;QSI;&amp;gt;;" StructureKind="java" NumEvents="5" CreationCount="530"/><InteractionEvent Delta="null" EndDate="2014-11-11 14:40:05.432 JST" Interest="1.0" Kind="selection" Navigation="null" OriginId="org.eclipse.jdt.ui.CompilationUnitEditor" StartDate="2014-11-11 14:40:05.432 JST" StructureHandle="=SL3/src&amp;lt;sl3.utils{Methods.java[Methods~sortItemList_GenreItemName~QList\&amp;lt;QSI;&amp;gt;;[~compare~QSI;~QShoppingItem;" StructureKind="java"/><InteractionEvent Delta="null" EndDate="2014-11-11 14:39:14.275 JST" Interest="3.417" Kind="propagation" Navigation="org.eclipse.mylyn.core.model.edges.containment" OriginId="org.eclipse.mylyn.core.model.interest.propagation" StartDate="2014-11-11 14:38:51.247 JST" StructureHandle="=ShoppingList/src&amp;lt;sl.utils{Methods_sl.java[Methods_sl" StructureKind="java" NumEvents="5" CreationCount="241"/><InteractionEvent Delta="null" EndDate="2014-11-11 14:39:15.874 JST" Interest="1.0" Kind="selection" Navigation="null" OriginId="org.eclipse.jdt.ui.CompilationUnitEditor" StartDate="2014-11-11 14:39:15.874 JST" StructureHandle="=ShoppingList/src&amp;lt;sl.utils{Methods_sl.java[Methods_sl" StructureKind="java"/><InteractionEvent Delta="null" EndDate="2014-11-11 14:33:51.360 JST" Interest="0.01700002" Kind="propagation" Navigation="org.eclipse.mylyn.core.model.edges.containment" OriginId="org.eclipse.mylyn.core.model.interest.propagation" StartDate="2014-11-11 14:33:51.360 JST" StructureHandle="=SL3/src&amp;lt;sl3.utils{Tags.java" StructureKind="java"/><InteractionEvent Delta="null" EndDate="2014-11-11 14:33:50.471 JST" Interest="1.0" Kind="selection" Navigation="null" OriginId="org.eclipse.jdt.ui.CompilationUnitEditor" StartDate="2014-11-11 14:33:50.471 JST" StructureHandle="=SL3/src&amp;lt;sl3.utils{Tags.java" StructureKind="java"/><InteractionEvent Delta="null" EndDate="2014-11-11 15:13:52.490 JST" Interest="63.377" Kind="propagation" Navigation="org.eclipse.mylyn.core.model.edges.containment" OriginId="org.eclipse.mylyn.core.model.interest.propagation" StartDate="2014-11-11 14:39:45.37 JST" StructureHandle="=SL3/src&amp;lt;sl3.utils{Methods.java" StructureKind="java" NumEvents="93" CreationCount="252"/><InteractionEvent Delta="null" EndDate="2014-11-11 14:39:40.168 JST" Interest="1.0" Kind="edit" Navigation="null" OriginId="org.eclipse.jdt.ui.CompilationUnitEditor" StartDate="2014-11-11 14:39:40.168 JST" StructureHandle="=SL3/src&amp;lt;sl3.utils{Methods.java" StructureKind="java"/><InteractionEvent Delta="null" EndDate="2014-11-11 15:13:30.863 JST" Interest="14.0" Kind="selection" Navigation="null" OriginId="org.eclipse.jdt.ui.CompilationUnitEditor" StartDate="2014-11-11 14:39:27.620 JST" StructureHandle="=SL3/src&amp;lt;sl3.utils{Methods.java" StructureKind="java" NumEvents="14" CreationCount="252"/><InteractionEvent Delta="null" EndDate="2014-11-11 14:45:50.873 JST" Interest="17.051" Kind="propagation" Navigation="org.eclipse.mylyn.core.model.edges.containment" OriginId="org.eclipse.mylyn.core.model.interest.propagation" StartDate="2014-11-11 14:37:52.568 JST" StructureHandle="/ShoppingList/src/sl" StructureKind="resource" NumEvents="20" CreationCount="225"/><InteractionEvent Delta="null" EndDate="2014-11-11 15:16:17.474 JST" Interest="248.0" Kind="propagation" Navigation="null" OriginId="org.eclipse.jdt.ui.CompilationUnitEditor" StartDate="2014-11-11 14:29:08.824 JST" StructureHandle="/SL3/src/sl3/listeners/dialog/DOI_CL.java" StructureKind="resource" NumEvents="248" CreationCount="5"/><InteractionEvent Delta="null" EndDate="2014-11-11 15:16:17.475 JST" Interest="136.65701" Kind="propagation" Navigation="org.eclipse.mylyn.core.model.edges.containment" OriginId="org.eclipse.mylyn.core.model.interest.propagation" StartDate="2014-11-11 14:29:08.834 JST" StructureHandle="=SL3/src&amp;lt;sl3.listeners.dialog" StructureKind="java" NumEvents="191" CreationCount="5"/><InteractionEvent Delta="null" EndDate="2014-11-11 15:13:21.161 JST" Interest="14.0" Kind="edit" Navigation="null" OriginId="org.eclipse.jdt.ui.CompilationUnitEditor" StartDate="2014-11-11 14:58:43.358 JST" StructureHandle="=SL3/src&amp;lt;sl3.utils{Methods.java[Methods~sortItemList__ItemName~QActivity;~QList\&amp;lt;QSI;&amp;gt;;[~compare~QSI;~QSI;" StructureKind="java" NumEvents="14" CreationCount="486"/><InteractionEvent Delta="null" EndDate="2014-11-11 15:13:19.580 JST" Interest="5.0" Kind="selection" Navigation="null" OriginId="org.eclipse.jdt.ui.CompilationUnitEditor" StartDate="2014-11-11 14:58:41.383 JST" StructureHandle="=SL3/src&amp;lt;sl3.utils{Methods.java[Methods~sortItemList__ItemName~QActivity;~QList\&amp;lt;QSI;&amp;gt;;[~compare~QSI;~QSI;" StructureKind="java" NumEvents="5" CreationCount="486"/><InteractionEvent Delta="null" EndDate="2014-11-11 15:11:14.777 JST" Interest="0.48700023" Kind="manipulation" Navigation="null" OriginId="org.eclipse.mylyn.core.model.interest.decay.correction" StartDate="2014-11-11 15:11:14.777 JST" StructureHandle="=SL3/src&amp;lt;sl3.utils{Methods.java[Methods~sortItemList__ItemName~QActivity;~QList\&amp;lt;QSI;&amp;gt;;[~compare~QSI;~QSI;" StructureKind="java"/><InteractionEvent Delta="null" EndDate="2014-11-11 14:37:20.963 JST" Interest="44.688995" Kind="propagation" Navigation="org.eclipse.mylyn.core.model.edges.containment" OriginId="org.eclipse.mylyn.core.model.interest.propagation" StartDate="2014-11-11 14:28:51.535 JST" StructureHandle="=SL3/src&amp;lt;sl3.utils{Methods_dlg.java[Methods_dlg" StructureKind="java" NumEvents="60" CreationCount="3"/><InteractionEvent Delta="null" EndDate="2014-11-11 14:30:28.24 JST" Interest="4.0" Kind="selection" Navigation="null" OriginId="org.eclipse.jdt.ui.CompilationUnitEditor" StartDate="2014-11-11 14:29:57.319 JST" StructureHandle="=SL3/src&amp;lt;sl3.utils{Methods_dlg.java[Methods_dlg" StructureKind="java" NumEvents="4" CreationCount="3"/><InteractionEvent Delta="null" EndDate="2014-11-11 14:40:05.432 JST" Interest="0.01700002" Kind="propagation" Navigation="org.eclipse.mylyn.core.model.edges.containment" OriginId="org.eclipse.mylyn.core.model.interest.propagation" StartDate="2014-11-11 14:40:05.432 JST" StructureHandle="=SL3/src&amp;lt;sl3.utils{Methods.java[Methods~sortItemList_GenreItemName~QList\&amp;lt;QSI;&amp;gt;;[" StructureKind="java"/><InteractionEvent Delta="null" EndDate="2014-11-11 14:40:03.800 JST" Interest="1.0" Kind="selection" Navigation="null" OriginId="org.eclipse.jdt.ui.CompilationUnitEditor" StartDate="2014-11-11 14:40:03.800 JST" StructureHandle="=SL3/src&amp;lt;sl3.utils{Methods.java[Methods~sortItemList_GenreItemName~QList\&amp;lt;QSI;&amp;gt;;[" StructureKind="java"/><InteractionEvent Delta="null" EndDate="2014-11-11 14:38:09.1 JST" Interest="1.0" Kind="edit" Navigation="null" OriginId="org.eclipse.jdt.ui.CompilationUnitEditor" StartDate="2014-11-11 14:38:09.1 JST" StructureHandle="=ShoppingList/src&amp;lt;sl.listeners.dialog{DialogOnItemClickListener.java[DialogOnItemClickListener~case_dlg_sort_list_lv~QString;" StructureKind="java"/><InteractionEvent Delta="null" EndDate="2014-11-11 14:38:07.184 JST" Interest="1.0" Kind="selection" Navigation="null" OriginId="org.eclipse.jdt.ui.CompilationUnitEditor" StartDate="2014-11-11 14:38:07.184 JST" StructureHandle="=ShoppingList/src&amp;lt;sl.listeners.dialog{DialogOnItemClickListener.java[DialogOnItemClickListener~case_dlg_sort_list_lv~QString;" StructureKind="java"/><InteractionEvent Delta="null" EndDate="2014-11-11 14:45:50.874 JST" Interest="6.336" Kind="propagation" Navigation="org.eclipse.mylyn.core.model.edges.containment" OriginId="org.eclipse.mylyn.core.model.interest.propagation" StartDate="2014-11-11 14:38:00.536 JST" StructureHandle="=ShoppingList/src&amp;lt;sl.listeners.dialog" StructureKind="java" NumEvents="12" CreationCount="227"/><InteractionEvent Delta="null" EndDate="2014-11-11 14:37:58.457 JST" Interest="1.0" Kind="selection" Navigation="null" OriginId="org.eclipse.ui.views.ResourceNavigator" StartDate="2014-11-11 14:37:58.457 JST" StructureHandle="=ShoppingList/src&amp;lt;sl.listeners.dialog" StructureKind="java"/><InteractionEvent Delta="null" EndDate="2014-11-11 14:37:52.567 JST" Interest="1.0" Kind="selection" Navigation="null" OriginId="org.eclipse.ui.views.ResourceNavigator" StartDate="2014-11-11 14:37:52.567 JST" StructureHandle="=ShoppingList/src&amp;lt;sl" StructureKind="java"/><InteractionEvent Delta="null" EndDate="2014-11-11 15:16:17.475 JST" Interest="112.657005" Kind="propagation" Navigation="org.eclipse.mylyn.core.model.edges.containment" OriginId="org.eclipse.mylyn.core.model.interest.propagation" StartDate="2014-11-11 14:29:09.610 JST" StructureHandle="=SL3/src&amp;lt;sl3.listeners.dialog{DOI_CL.java" StructureKind="java" NumEvents="163" CreationCount="5"/><InteractionEvent Delta="null" EndDate="2014-11-11 15:13:55.518 JST" Interest="24.0" Kind="selection" Navigation="null" OriginId="org.eclipse.jdt.ui.CompilationUnitEditor" StartDate="2014-11-11 14:29:08.824 JST" StructureHandle="=SL3/src&amp;lt;sl3.listeners.dialog{DOI_CL.java" StructureKind="java" NumEvents="24" CreationCount="5"/><InteractionEvent Delta="null" EndDate="2014-11-11 15:16:17.474 JST" Interest="679.017" Kind="propagation" Navigation="org.eclipse.mylyn.core.model.edges.containment" OriginId="org.eclipse.mylyn.core.model.interest.propagation" StartDate="2014-11-11 14:28:18.111 JST" StructureHandle="/" StructureKind="resource" NumEvents="699" CreationCount="1"/><InteractionEvent Delta="null" EndDate="2014-11-11 14:40:50.102 JST" Interest="26.317" Kind="propagation" Navigation="org.eclipse.mylyn.core.model.edges.containment" OriginId="org.eclipse.mylyn.core.model.interest.propagation" StartDate="2014-11-11 14:30:54.532 JST" StructureHandle="/SL3/res/values" StructureKind="resource" NumEvents="33" CreationCount="48"/><InteractionEvent Delta="null" EndDate="2014-11-11 14:30:53.603 JST" Interest="1.0" Kind="selection" Navigation="null" OriginId="org.eclipse.jdt.ui.PackageExplorer" StartDate="2014-11-11 14:30:53.603 JST" StructureHandle="/SL3/res/values" StructureKind="resource"/><InteractionEvent Delta="null" EndDate="2014-11-11 14:39:42.543 JST" Interest="1.0" Kind="selection" Navigation="null" OriginId="org.eclipse.jdt.ui.CompilationUnitEditor" StartDate="2014-11-11 14:39:42.543 JST" StructureHandle="=SL3/src&amp;lt;sl3.utils{Methods.java[Methods~sortItemList_GenreItemName~QList\&amp;lt;QShoppingItem;&amp;gt;;[" StructureKind="java"/><InteractionEvent Delta="null" EndDate="2014-11-11 15:13:38.481 JST" Interest="2.0" Kind="selection" Navigation="null" OriginId="org.eclipse.jdt.ui.CompilationUnitEditor" StartDate="2014-11-11 15:13:35.850 JST" StructureHandle="=SL3/src&amp;lt;sl3.utils{Methods.java[Methods~sortItemList__Genre~QActivity;~QList\&amp;lt;QSI;&amp;gt;;[~compare~QSI;~QSI;" StructureKind="java" NumEvents="2" CreationCount="729"/><InteractionEvent Delta="null" EndDate="2014-11-11 14:28:56.954 JST" Interest="1.0" Kind="edit" Navigation="null" OriginId="org.eclipse.jdt.ui.CompilationUnitEditor" StartDate="2014-11-11 14:28:56.954 JST" StructureHandle="=SL3/src&amp;lt;sl3.utils{Methods_dlg.java[Methods_dlg~dlg_OptMenu_Lists~QActivity;" StructureKind="java"/><InteractionEvent Delta="null" EndDate="2014-11-11 14:29:45.672 JST" Interest="2.0" Kind="selection" Navigation="null" OriginId="org.eclipse.jdt.ui.CompilationUnitEditor" StartDate="2014-11-11 14:28:51.535 JST" StructureHandle="=SL3/src&amp;lt;sl3.utils{Methods_dlg.java[Methods_dlg~dlg_OptMenu_Lists~QActivity;" StructureKind="java" NumEvents="2" CreationCount="3"/><InteractionEvent Delta="null" EndDate="2014-11-11 14:29:09.608 JST" Interest="1.0" Kind="selection" Navigation="null" OriginId="org.eclipse.jdt.ui.CompilationUnitEditor" StartDate="2014-11-11 14:29:09.608 JST" StructureHandle="=SL3/src&amp;lt;sl3.listeners.dialog{DOI_CL.java[DOI_CL~DOI_CL~QActivity;~QDialog;" StructureKind="java"/><InteractionEvent Delta="null" EndDate="2014-11-11 15:12:02.192 JST" Interest="11.0" Kind="propagation" Navigation="org.eclipse.mylyn.core.model.edges.containment" OriginId="org.eclipse.mylyn.core.model.interest.propagation" StartDate="2014-11-11 14:34:17.285 JST" StructureHandle="/SL3/bin" StructureKind="resource" NumEvents="2" CreationCount="105"/><InteractionEvent Delta="null" EndDate="2014-11-11 14:45:50.873 JST" Interest="17.034" Kind="propagation" Navigation="org.eclipse.mylyn.core.model.edges.containment" OriginId="org.eclipse.mylyn.core.model.interest.propagation" StartDate="2014-11-11 14:37:54.428 JST" StructureHandle="/ShoppingList/src/sl/listeners" StructureKind="resource" NumEvents="19" CreationCount="226"/><InteractionEvent Delta="null" EndDate="2014-11-11 15:08:44.29 JST" Interest="62.643" Kind="propagation" Navigation="org.eclipse.mylyn.core.model.edges.containment" OriginId="org.eclipse.mylyn.core.model.interest.propagation" StartDate="2014-11-11 14:39:42.544 JST" StructureHandle="=SL3/src&amp;lt;sl3.utils{Methods.java[Methods" StructureKind="java" NumEvents="88" CreationCount="254"/><InteractionEvent Delta="null" EndDate="2014-11-11 15:13:29.823 JST" Interest="2.0" Kind="edit" Navigation="null" OriginId="org.eclipse.jdt.ui.CompilationUnitEditor" StartDate="2014-11-11 15:08:47.444 JST" StructureHandle="=SL3/src&amp;lt;sl3.utils{Methods.java[Methods" StructureKind="java" NumEvents="2" CreationCount="254"/><InteractionEvent Delta="null" EndDate="2014-11-11 15:13:52.489 JST" Interest="14.0" Kind="selection" Navigation="null" OriginId="org.eclipse.jdt.ui.CompilationUnitEditor" StartDate="2014-11-11 14:39:33.148 JST" StructureHandle="=SL3/src&amp;lt;sl3.utils{Methods.java[Methods" StructureKind="java" NumEvents="14" CreationCount="254"/><InteractionEvent Delta="null" EndDate="2014-11-11 14:39:08.297 JST" Interest="1.417" Kind="propagation" Navigation="org.eclipse.mylyn.core.model.edges.containment" OriginId="org.eclipse.mylyn.core.model.interest.propagation" StartDate="2014-11-11 14:38:53.74 JST" StructureHandle="=ShoppingList/src&amp;lt;sl.utils{Methods_sl.java[Methods_sl~sortItemList_GenreItemName~QList\&amp;lt;QShoppingItem;&amp;gt;;" StructureKind="java" NumEvents="3" CreationCount="241"/><InteractionEvent Delta="null" EndDate="2014-11-11 14:39:17.471 JST" Interest="3.0" Kind="selection" Navigation="null" OriginId="org.eclipse.jdt.ui.CompilationUnitEditor" StartDate="2014-11-11 14:38:51.247 JST" StructureHandle="=ShoppingList/src&amp;lt;sl.utils{Methods_sl.java[Methods_sl~sortItemList_GenreItemName~QList\&amp;lt;QShoppingItem;&amp;gt;;" StructureKind="java" NumEvents="3" CreationCount="241"/><InteractionEvent Delta="null" EndDate="2014-11-11 14:45:50.872 JST" Interest="6.0" Kind="edit" Navigation="null" OriginId="org.eclipse.jdt.ui.CompilationUnitEditor" StartDate="2014-11-11 14:38:20.981 JST" StructureHandle="=ShoppingList/src&amp;lt;sl.listeners.dialog{DialogOnItemClickListener.java[DialogOnItemClickListener~case_dlg_sort_list_GenreItemName" StructureKind="java" NumEvents="6" CreationCount="235"/><InteractionEvent Delta="null" EndDate="2014-11-11 14:45:48.212 JST" Interest="3.0" Kind="selection" Navigation="null" OriginId="org.eclipse.jdt.ui.CompilationUnitEditor" StartDate="2014-11-11 14:38:19.984 JST" StructureHandle="=ShoppingList/src&amp;lt;sl.listeners.dialog{DialogOnItemClickListener.java[DialogOnItemClickListener~case_dlg_sort_list_GenreItemName" StructureKind="java" NumEvents="3" CreationCount="235"/><InteractionEvent Delta="null" EndDate="2014-11-11 14:33:51.360 JST" Interest="1.0" Kind="propagation" Navigation="org.eclipse.mylyn.core.model.edges.containment" OriginId="org.eclipse.mylyn.core.model.interest.propagation" StartDate="2014-11-11 14:33:51.360 JST" StructureHandle="=SL3/src&amp;lt;sl3.utils{Tags.java[Tags" StructureKind="java"/><InteractionEvent Delta="null" EndDate="2014-11-11 15:13:16.301 JST" Interest="49.0" Kind="edit" Navigation="null" OriginId="org.eclipse.jdt.ui.CompilationUnitEditor" StartDate="2014-11-11 14:58:21.190 JST" StructureHandle="=SL3/src&amp;lt;sl3.utils{Methods.java[Methods~sortItemList__ItemName~QActivity;~QList\&amp;lt;QSI;&amp;gt;;" StructureKind="java" NumEvents="49" CreationCount="469"/><InteractionEvent Delta="null" EndDate="2014-11-11 15:13:12.537 JST" Interest="9.0" Kind="selection" Navigation="null" OriginId="org.eclipse.jdt.ui.CompilationUnitEditor" StartDate="2014-11-11 14:58:18.393 JST" StructureHandle="=SL3/src&amp;lt;sl3.utils{Methods.java[Methods~sortItemList__ItemName~QActivity;~QList\&amp;lt;QSI;&amp;gt;;" StructureKind="java" NumEvents="9" CreationCount="469"/><InteractionEvent Delta="null" EndDate="2014-11-11 15:12:02.192 JST" Interest="11.0" Kind="prediction" Navigation="null" OriginId="org.eclipse.mylyn.resources.ui.interest.updater" StartDate="2014-11-11 14:34:17.285 JST" StructureHandle="/SL3/bin/classes.dex" StructureKind="resource" NumEvents="11" CreationCount="105"/><InteractionEvent Delta="null" EndDate="2014-11-11 15:09:06.850 JST" Interest="1.0" Kind="selection" Navigation="null" OriginId="org.eclipse.jdt.ui.CompilationUnitEditor" StartDate="2014-11-11 15:09:06.850 JST" StructureHandle="=SL3/src&amp;lt;sl3.utils{Methods.java[Methods~delete_FromList_Tab2~QActivity;~QDialog;~QSI;" StructureKind="java"/><InteractionEvent Delta="null" EndDate="2014-11-11 14:28:18.111 JST" Interest="1.0" Kind="selection" Navigation="null" OriginId="org.eclipse.ui.views.ResourceNavigator" StartDate="2014-11-11 14:28:18.111 JST" StructureHandle="=TA2" StructureKind="java"/><InteractionEvent Delta="null" EndDate="2014-11-11 14:39:35.943 JST" Interest="1.0" Kind="selection" Navigation="null" OriginId="org.eclipse.jdt.ui.CompilationUnitEditor" StartDate="2014-11-11 14:39:35.943 JST" StructureHandle="=SL3/src&amp;lt;sl3.utils{Methods.java#java.io.BufferedReader" StructureKind="java"/><InteractionEvent Delta="null" EndDate="2014-11-11 14:45:50.872 JST" Interest="17.0" Kind="propagation" Navigation="null" OriginId="org.eclipse.jdt.ui.CompilationUnitEditor" StartDate="2014-11-11 14:38:00.535 JST" StructureHandle="/ShoppingList/src/sl/listeners/dialog/DialogOnItemClickListener.java" StructureKind="resource" NumEvents="17" CreationCount="228"/><InteractionEvent Delta="null" EndDate="2014-11-11 15:13:38.481 JST" Interest="1.0339998" Kind="propagation" Navigation="org.eclipse.mylyn.core.model.edges.containment" OriginId="org.eclipse.mylyn.core.model.interest.propagation" StartDate="2014-11-11 15:13:35.851 JST" StructureHandle="=SL3/src&amp;lt;sl3.utils{Methods.java[Methods~sortItemList__Genre~QActivity;~QList\&amp;lt;QSI;&amp;gt;;[" StructureKind="java" NumEvents="2" CreationCount="463"/><InteractionEvent Delta="null" EndDate="2014-11-11 15:13:32.942 JST" Interest="2.0" Kind="selection" Navigation="null" OriginId="org.eclipse.jdt.ui.CompilationUnitEditor" StartDate="2014-11-11 14:58:07.938 JST" StructureHandle="=SL3/src&amp;lt;sl3.utils{Methods.java[Methods~sortItemList__Genre~QActivity;~QList\&amp;lt;QSI;&amp;gt;;[" StructureKind="java" NumEvents="2" CreationCount="463"/><InteractionEvent Delta="null" EndDate="2014-11-11 15:13:32.943 JST" Interest="3.4880004" Kind="manipulation" Navigation="null" OriginId="org.eclipse.mylyn.core.model.interest.decay.correction" StartDate="2014-11-11 15:13:32.943 JST" StructureHandle="=SL3/src&amp;lt;sl3.utils{Methods.java[Methods~sortItemList__Genre~QActivity;~QList\&amp;lt;QSI;&amp;gt;;[" StructureKind="java"/><InteractionEvent Delta="null" EndDate="2014-11-11 15:13:52.490 JST" Interest="81.327" Kind="propagation" Navigation="org.eclipse.mylyn.core.model.edges.containment" OriginId="org.eclipse.mylyn.core.model.interest.propagation" StartDate="2014-11-11 14:28:48.871 JST" StructureHandle="=SL3/src&amp;lt;sl3.utils" StructureKind="java" NumEvents="144" CreationCount="2"/><InteractionEvent Delta="null" EndDate="2014-11-11 14:39:25.840 JST" Interest="1.0" Kind="selection" Navigation="null" OriginId="org.eclipse.jdt.ui.PackageExplorer" StartDate="2014-11-11 14:39:25.840 JST" StructureHandle="=SL3/src&amp;lt;sl3.utils" StructureKind="java"/><InteractionEvent Delta="null" EndDate="2014-11-11 14:33:51.359 JST" Interest="1.0" Kind="propagation" Navigation="org.eclipse.mylyn.core.model.edges.containment" OriginId="org.eclipse.mylyn.core.model.interest.propagation" StartDate="2014-11-11 14:33:51.359 JST" StructureHandle="=SL3/src&amp;lt;sl3.utils{Tags.java[Tags[DialogTags" StructureKind="java"/><InteractionEvent Delta="null" EndDate="2014-11-11 14:45:55.134 JST" Interest="3.7" Kind="propagation" Navigation="org.eclipse.mylyn.core.model.edges.containment" OriginId="org.eclipse.mylyn.core.model.interest.propagation" StartDate="2014-11-11 14:44:15.301 JST" StructureHandle="=SL3/src&amp;lt;sl3.utils{Methods.java[Methods~sortItemList__Genre_ItemName~QActivity;~QList\&amp;lt;QSI;&amp;gt;;[" StructureKind="java" NumEvents="4" CreationCount="351"/><InteractionEvent Delta="null" EndDate="2014-11-11 14:46:11.49 JST" Interest="2.0" Kind="selection" Navigation="null" OriginId="org.eclipse.jdt.ui.CompilationUnitEditor" StartDate="2014-11-11 14:45:58.724 JST" StructureHandle="=SL3/src&amp;lt;sl3.utils{Methods.java[Methods~sortItemList__Genre_ItemName~QActivity;~QList\&amp;lt;QSI;&amp;gt;;[" StructureKind="java" NumEvents="2" CreationCount="351"/><InteractionEvent Delta="null" EndDate="2014-11-11 14:45:50.872 JST" Interest="7.2339997" Kind="propagation" Navigation="org.eclipse.mylyn.core.model.edges.containment" OriginId="org.eclipse.mylyn.core.model.interest.propagation" StartDate="2014-11-11 14:38:07.185 JST" StructureHandle="=ShoppingList/src&amp;lt;sl.listeners.dialog{DialogOnItemClickListener.java[DialogOnItemClickListener" StructureKind="java" NumEvents="10" CreationCount="233"/><InteractionEvent Delta="null" EndDate="2014-11-11 15:13:21.162 JST" Interest="9.683001" Kind="propagation" Navigation="org.eclipse.mylyn.core.model.edges.containment" OriginId="org.eclipse.mylyn.core.model.interest.propagation" StartDate="2014-11-11 15:11:14.777 JST" StructureHandle="=SL3/src&amp;lt;sl3.utils{Methods.java[Methods~sortItemList__ItemName~QActivity;~QList\&amp;lt;QSI;&amp;gt;;[" StructureKind="java" NumEvents="13" CreationCount="698"/><InteractionEvent Delta="null" EndDate="2014-11-11 15:13:25.126 JST" Interest="3.0" Kind="selection" Navigation="null" OriginId="org.eclipse.jdt.ui.CompilationUnitEditor" StartDate="2014-11-11 15:11:52.619 JST" StructureHandle="=SL3/src&amp;lt;sl3.utils{Methods.java[Methods~sortItemList__ItemName~QActivity;~QList\&amp;lt;QSI;&amp;gt;;[" StructureKind="java" NumEvents="3" CreationCount="698"/><InteractionEvent Delta="null" EndDate="2014-11-11 14:39:08.297 JST" Interest="2.4" Kind="propagation" Navigation="org.eclipse.mylyn.core.model.edges.containment" OriginId="org.eclipse.mylyn.core.model.interest.propagation" StartDate="2014-11-11 14:38:53.73 JST" StructureHandle="=ShoppingList/src&amp;lt;sl.utils{Methods_sl.java[Methods_sl~sortItemList_GenreItemName~QList\&amp;lt;QShoppingItem;&amp;gt;;[" StructureKind="java" NumEvents="3" CreationCount="242"/><InteractionEvent Delta="null" EndDate="2014-11-11 14:41:27.70 JST" Interest="10.0" Kind="propagation" Navigation="org.eclipse.mylyn.core.model.edges.containment" OriginId="org.eclipse.mylyn.core.model.interest.propagation" StartDate="2014-11-11 14:38:50.409 JST" StructureHandle="/ShoppingList/src/sl/utils" StructureKind="resource" NumEvents="10" CreationCount="240"/><InteractionEvent Delta="null" EndDate="2014-11-11 14:37:54.427 JST" Interest="1.0" Kind="selection" Navigation="null" OriginId="org.eclipse.ui.views.ResourceNavigator" StartDate="2014-11-11 14:37:54.427 JST" StructureHandle="=ShoppingList/src&amp;lt;sl.listeners" StructureKind="java"/><InteractionEvent Delta="null" EndDate="2014-11-11 14:30:17.83 JST" Interest="2.0" Kind="edit" Navigation="null" OriginId="org.eclipse.jdt.ui.CompilationUnitEditor" StartDate="2014-11-11 14:30:16.474 JST" StructureHandle="=SL3/src&amp;lt;sl3.utils{Methods_dlg.java[Methods_dlg~dlg_Tab2_ClearSelections~QActivity;~QDialog;" StructureKind="java" NumEvents="2" CreationCount="27"/><InteractionEvent Delta="null" EndDate="2014-11-11 14:30:19.396 JST" Interest="3.0" Kind="selection" Navigation="null" OriginId="org.eclipse.jdt.ui.CompilationUnitEditor" StartDate="2014-11-11 14:30:12.33 JST" StructureHandle="=SL3/src&amp;lt;sl3.utils{Methods_dlg.java[Methods_dlg~dlg_Tab2_ClearSelections~QActivity;~QDialog;" StructureKind="java" NumEvents="3" CreationCount="27"/><InteractionEvent Delta="null" EndDate="2014-11-11 14:35:33.770 JST" Interest="10.0" Kind="edit" Navigation="null" OriginId="org.eclipse.jdt.ui.CompilationUnitEditor" StartDate="2014-11-11 14:35:15.356 JST" StructureHandle="=SL3/src&amp;lt;sl3.listeners.dialog{DOI_CL.java[DOI_CL~onItemClick~QAdapterView\&amp;lt;*&amp;gt;;~QView;~I~J" StructureKind="java" NumEvents="10" CreationCount="8"/><InteractionEvent Delta="null" EndDate="2014-11-11 14:35:14.533 JST" Interest="2.0" Kind="selection" Navigation="null" OriginId="org.eclipse.jdt.ui.CompilationUnitEditor" StartDate="2014-11-11 14:29:12.388 JST" StructureHandle="=SL3/src&amp;lt;sl3.listeners.dialog{DOI_CL.java[DOI_CL~onItemClick~QAdapterView\&amp;lt;*&amp;gt;;~QView;~I~J" StructureKind="java" NumEvents="2" CreationCount="8"/><InteractionEvent Delta="null" EndDate="2014-11-11 14:35:14.533 JST" Interest="0.80200005" Kind="manipulation" Navigation="null" OriginId="org.eclipse.mylyn.core.model.interest.decay.correction" StartDate="2014-11-11 14:35:14.533 JST" StructureHandle="=SL3/src&amp;lt;sl3.listeners.dialog{DOI_CL.java[DOI_CL~onItemClick~QAdapterView\&amp;lt;*&amp;gt;;~QView;~I~J" StructureKind="java"/><InteractionEvent Delta="null" EndDate="2014-11-11 14:40:39.152 JST" Interest="1.7" Kind="propagation" Navigation="org.eclipse.mylyn.core.model.edges.containment" OriginId="org.eclipse.mylyn.core.model.interest.propagation" StartDate="2014-11-11 14:40:35.293 JST" StructureHandle="=SL3/src&amp;lt;sl3.utils{Methods.java[Methods~sortItemList__Genre_ItemName~QList\&amp;lt;QSI;&amp;gt;;[" StructureKind="java" NumEvents="2" CreationCount="283"/><InteractionEvent Delta="null" EndDate="2014-11-11 15:13:55.329 JST" Interest="341.0" Kind="propagation" Navigation="null" OriginId="org.eclipse.jdt.ui.CompilationUnitEditor" StartDate="2014-11-11 14:39:27.620 JST" StructureHandle="/SL3/src/sl3/utils/Methods.java" StructureKind="resource" NumEvents="341" CreationCount="252"/><InteractionEvent Delta="null" EndDate="2014-11-11 14:41:27.69 JST" Interest="10.0" Kind="propagation" Navigation="null" OriginId="org.eclipse.jdt.ui.CompilationUnitEditor" StartDate="2014-11-11 14:38:50.409 JST" StructureHandle="/ShoppingList/src/sl/utils/Methods_sl.java" StructureKind="resource" NumEvents="10" CreationCount="240"/><InteractionEvent Delta="null" EndDate="2014-11-11 14:45:50.875 JST" Interest="6.387" Kind="propagation" Navigation="org.eclipse.mylyn.core.model.edges.containment" OriginId="org.eclipse.mylyn.core.model.interest.propagation" StartDate="2014-11-11 14:37:52.568 JST" StructureHandle="=ShoppingList/src" StructureKind="java" NumEvents="19" CreationCount="224"/><InteractionEvent Delta="null" EndDate="2014-11-11 14:37:52.260 JST" Interest="1.0" Kind="selection" Navigation="null" OriginId="org.eclipse.ui.views.ResourceNavigator" StartDate="2014-11-11 14:37:52.260 JST" StructureHandle="=ShoppingList/src" StructureKind="java"/><InteractionEvent Delta="null" EndDate="2014-11-11 14:45:55.133 JST" Interest="1.0" Kind="edit" Navigation="null" OriginId="org.eclipse.jdt.ui.CompilationUnitEditor" StartDate="2014-11-11 14:45:55.133 JST" StructureHandle="=SL3/src&amp;lt;sl3.utils{Methods.java[Methods~sortItemList__Genre_ItemName~QActivity;~QList\&amp;lt;QSI;&amp;gt;;[~compare~QSI;~QSI;" StructureKind="java"/><InteractionEvent Delta="null" EndDate="2014-11-11 14:45:53.157 JST" Interest="3.0" Kind="selection" Navigation="null" OriginId="org.eclipse.jdt.ui.CompilationUnitEditor" StartDate="2014-11-11 14:44:15.300 JST" StructureHandle="=SL3/src&amp;lt;sl3.utils{Methods.java[Methods~sortItemList__Genre_ItemName~QActivity;~QList\&amp;lt;QSI;&amp;gt;;[~compare~QSI;~QSI;" StructureKind="java" NumEvents="3" CreationCount="351"/><InteractionEvent Delta="null" EndDate="2014-11-11 14:37:20.963 JST" Interest="87.0" Kind="propagation" Navigation="null" OriginId="org.eclipse.jdt.ui.CompilationUnitEditor" StartDate="2014-11-11 14:28:48.870 JST" StructureHandle="/SL3/src/sl3/utils/Methods_dlg.java" StructureKind="resource" NumEvents="87" CreationCount="2"/><InteractionEvent Delta="null" EndDate="2014-11-11 14:45:50.873 JST" Interest="24.102001" Kind="propagation" Navigation="org.eclipse.mylyn.core.model.edges.containment" OriginId="org.eclipse.mylyn.core.model.interest.propagation" StartDate="2014-11-11 14:38:00.841 JST" StructureHandle="=ShoppingList" StructureKind="resource" NumEvents="26" CreationCount="222"/><InteractionEvent Delta="null" EndDate="2014-11-11 14:37:50.271 JST" Interest="2.0" Kind="selection" Navigation="null" OriginId="org.eclipse.ui.views.ResourceNavigator" StartDate="2014-11-11 14:37:45.835 JST" StructureHandle="=ShoppingList" StructureKind="java" NumEvents="2" CreationCount="222"/><InteractionEvent Delta="null" EndDate="2014-11-11 14:37:20.963 JST" Interest="37.705997" Kind="propagation" Navigation="org.eclipse.mylyn.core.model.edges.containment" OriginId="org.eclipse.mylyn.core.model.interest.propagation" StartDate="2014-11-11 14:28:51.537 JST" StructureHandle="=SL3/src&amp;lt;sl3.utils{Methods_dlg.java" StructureKind="java" NumEvents="60" CreationCount="2"/><InteractionEvent Delta="null" EndDate="2014-11-11 14:37:16.868 JST" Interest="11.0" Kind="selection" Navigation="null" OriginId="org.eclipse.jdt.ui.CompilationUnitEditor" StartDate="2014-11-11 14:28:48.870 JST" StructureHandle="=SL3/src&amp;lt;sl3.utils{Methods_dlg.java" StructureKind="java" NumEvents="11" CreationCount="2"/><InteractionEvent Delta="null" EndDate="2014-11-11 14:45:50.873 JST" Interest="17.017" Kind="propagation" Navigation="org.eclipse.mylyn.core.model.edges.containment" OriginId="org.eclipse.mylyn.core.model.interest.propagation" StartDate="2014-11-11 14:37:58.457 JST" StructureHandle="/ShoppingList/src/sl/listeners/dialog" StructureKind="resource" NumEvents="18" CreationCount="227"/><InteractionEvent Delta="null" EndDate="2014-11-11 15:16:17.474 JST" Interest="248.0" Kind="propagation" Navigation="org.eclipse.mylyn.core.model.edges.containment" OriginId="org.eclipse.mylyn.core.model.interest.propagation" StartDate="2014-11-11 14:29:08.824 JST" StructureHandle="/SL3/src/sl3/listeners/dialog" StructureKind="resource" NumEvents="248" CreationCount="5"/><InteractionEvent Delta="null" EndDate="2014-11-11 14:28:18.111 JST" Interest="1.0" Kind="propagation" Navigation="null" OriginId="org.eclipse.ui.views.ResourceNavigator" StartDate="2014-11-11 14:28:18.111 JST" StructureHandle="/TA2" StructureKind="resource"/><InteractionEvent Delta="null" EndDate="2014-11-11 14:40:50.102 JST" Interest="26.333998" Kind="propagation" Navigation="org.eclipse.mylyn.core.model.edges.containment" OriginId="org.eclipse.mylyn.core.model.interest.propagation" StartDate="2014-11-11 14:30:53.603 JST" StructureHandle="/SL3/res" StructureKind="resource" NumEvents="34" CreationCount="47"/><InteractionEvent Delta="null" EndDate="2014-11-11 14:30:51.598 JST" Interest="1.0" Kind="selection" Navigation="null" OriginId="org.eclipse.jdt.ui.PackageExplorer" StartDate="2014-11-11 14:30:51.598 JST" StructureHandle="/SL3/res" StructureKind="resource"/><InteractionEvent Delta="null" EndDate="2014-11-11 14:39:17.472 JST" Interest="3.4340003" Kind="propagation" Navigation="org.eclipse.mylyn.core.model.edges.containment" OriginId="org.eclipse.mylyn.core.model.interest.propagation" StartDate="2014-11-11 14:38:51.247 JST" StructureHandle="=ShoppingList/src&amp;lt;sl.utils{Methods_sl.java" StructureKind="java" NumEvents="7" CreationCount="240"/><InteractionEvent Delta="null" EndDate="2014-11-11 14:41:27.69 JST" Interest="3.0" Kind="selection" Navigation="null" OriginId="org.eclipse.jdt.ui.CompilationUnitEditor" StartDate="2014-11-11 14:38:50.409 JST" StructureHandle="=ShoppingList/src&amp;lt;sl.utils{Methods_sl.java" StructureKind="java" NumEvents="3" CreationCount="240"/><InteractionEvent Delta="null" EndDate="2014-11-11 14:40:39.151 JST" Interest="1.0" Kind="edit" Navigation="null" OriginId="org.eclipse.jdt.ui.CompilationUnitEditor" StartDate="2014-11-11 14:40:39.151 JST" StructureHandle="=SL3/src&amp;lt;sl3.utils{Methods.java[Methods~sortItemList__Genre_ItemName~QList\&amp;lt;QSI;&amp;gt;;[~compare~QSI;~QSI;" StructureKind="java"/><InteractionEvent Delta="null" EndDate="2014-11-11 14:40:35.292 JST" Interest="1.0" Kind="selection" Navigation="null" OriginId="org.eclipse.jdt.ui.CompilationUnitEditor" StartDate="2014-11-11 14:40:35.292 JST" StructureHandle="=SL3/src&amp;lt;sl3.utils{Methods.java[Methods~sortItemList__Genre_ItemName~QList\&amp;lt;QSI;&amp;gt;;[~compare~QSI;~QSI;" StructureKind="java"/><InteractionEvent Delta="null" EndDate="2014-11-11 15:16:17.476 JST" Interest="680.0" Kind="propagation" Navigation="null" OriginId="org.eclipse.jdt.ui.CompilationUnitEditor" StartDate="2014-11-11 14:28:48.870 JST" StructureHandle="/SL3/src" StructureKind="resource" NumEvents="680" CreationCount="2"/><InteractionEvent Delta="null" EndDate="2014-11-11 14:39:21.79 JST" Interest="3.0" Kind="selection" Navigation="null" OriginId="org.eclipse.jdt.ui.PackageExplorer" StartDate="2014-11-11 14:37:39.616 JST" StructureHandle="/SL3/libs" StructureKind="resource" NumEvents="3" CreationCount="217"/><InteractionEvent Delta="null" EndDate="2014-11-11 14:40:17.989 JST" Interest="2.0" Kind="selection" Navigation="null" OriginId="org.eclipse.jdt.ui.CompilationUnitEditor" StartDate="2014-11-11 14:40:08.547 JST" StructureHandle="=SL3/src&amp;lt;sl3.utils{Methods.java[Methods~sortItemList_GenreItemName~QList\&amp;lt;QSI;&amp;gt;;[!2~compare~QSI;~QSI;" StructureKind="java" NumEvents="2" CreationCount="275"/><InteractionEvent Delta="null" EndDate="2014-11-11 15:12:02.192 JST" Interest="11.0" Kind="prediction" Navigation="null" OriginId="org.eclipse.mylyn.resources.ui.interest.updater" StartDate="2014-11-11 14:34:17.285 JST" StructureHandle="/SL3/bin/SL3.apk" StructureKind="resource" NumEvents="11" CreationCount="105"/><InteractionEvent Delta="null" EndDate="2014-11-11 14:39:38.302 JST" Interest="1.0339999" Kind="propagation" Navigation="org.eclipse.mylyn.core.model.edges.containment" OriginId="org.eclipse.mylyn.core.model.interest.propagation" StartDate="2014-11-11 14:39:35.943 JST" StructureHandle="=SL3/src&amp;lt;sl3.utils{Methods.java#" StructureKind="java" NumEvents="3" CreationCount="255"/><InteractionEvent Delta="null" EndDate="2014-11-11 14:45:50.873 JST" Interest="1.3189998" Kind="propagation" Navigation="org.eclipse.mylyn.core.model.edges.containment" OriginId="org.eclipse.mylyn.core.model.interest.propagation" StartDate="2014-11-11 14:38:28.96 JST" StructureHandle="=ShoppingList/src&amp;lt;sl.listeners.dialog{DialogOnItemClickListener.java" StructureKind="java" NumEvents="4" CreationCount="228"/><InteractionEvent Delta="null" EndDate="2014-11-11 14:45:48.153 JST" Interest="6.0" Kind="selection" Navigation="null" OriginId="org.eclipse.jdt.ui.CompilationUnitEditor" StartDate="2014-11-11 14:38:00.535 JST" StructureHandle="=ShoppingList/src&amp;lt;sl.listeners.dialog{DialogOnItemClickListener.java" StructureKind="java" NumEvents="6" CreationCount="228"/><InteractionEvent Delta="null" EndDate="2014-11-11 14:45:50.875 JST" Interest="27.068" Kind="propagation" Navigation="null" OriginId="org.eclipse.jdt.ui.CompilationUnitEditor" StartDate="2014-11-11 14:37:52.260 JST" StructureHandle="/ShoppingList/src" StructureKind="resource" NumEvents="31" CreationCount="224"/><InteractionEvent Delta="null" EndDate="2014-11-11 14:39:08.296 JST" Interest="2.0" Kind="edit" Navigation="null" OriginId="org.eclipse.jdt.ui.CompilationUnitEditor" StartDate="2014-11-11 14:38:54.178 JST" StructureHandle="=ShoppingList/src&amp;lt;sl.utils{Methods_sl.java[Methods_sl~sortItemList_GenreItemName~QList\&amp;lt;QShoppingItem;&amp;gt;;[~compare~QShoppingItem;~QShoppingItem;" StructureKind="java" NumEvents="2" CreationCount="242"/><InteractionEvent Delta="null" EndDate="2014-11-11 14:38:53.73 JST" Interest="1.0" Kind="selection" Navigation="null" OriginId="org.eclipse.jdt.ui.CompilationUnitEditor" StartDate="2014-11-11 14:38:53.73 JST" StructureHandle="=ShoppingList/src&amp;lt;sl.utils{Methods_sl.java[Methods_sl~sortItemList_GenreItemName~QList\&amp;lt;QShoppingItem;&amp;gt;;[~compare~QShoppingItem;~QShoppingItem;" StructureKind="java"/><InteractionEvent Delta="null" EndDate="2014-11-11 14:41:27.70 JST" Interest="6.434" Kind="propagation" Navigation="org.eclipse.mylyn.core.model.edges.containment" OriginId="org.eclipse.mylyn.core.model.interest.propagation" StartDate="2014-11-11 14:38:50.410 JST" StructureHandle="=ShoppingList/src&amp;lt;sl.utils" StructureKind="java" NumEvents="9" CreationCount="240"/><InteractionEvent Delta="null" EndDate="2014-11-11 14:37:20.962 JST" Interest="52.0" Kind="edit" Navigation="null" OriginId="org.eclipse.jdt.ui.CompilationUnitEditor" StartDate="2014-11-11 14:29:51.655 JST" StructureHandle="=SL3/src&amp;lt;sl3.utils{Methods_dlg.java[Methods_dlg~dlg_Tab2_SortList~QActivity;~QDialog;" StructureKind="java" NumEvents="52" CreationCount="20"/><InteractionEvent Delta="null" EndDate="2014-11-11 14:37:17.79 JST" Interest="12.0" Kind="selection" Navigation="null" OriginId="org.eclipse.jdt.ui.CompilationUnitEditor" StartDate="2014-11-11 14:29:48.713 JST" StructureHandle="=SL3/src&amp;lt;sl3.utils{Methods_dlg.java[Methods_dlg~dlg_Tab2_SortList~QActivity;~QDialog;" StructureKind="java" NumEvents="12" CreationCount="20"/><InteractionEvent Delta="null" EndDate="2014-11-11 15:16:17.474 JST" Interest="248.0" Kind="propagation" Navigation="org.eclipse.mylyn.core.model.edges.containment" OriginId="org.eclipse.mylyn.core.model.interest.propagation" StartDate="2014-11-11 14:29:08.824 JST" StructureHandle="/SL3/src/sl3/listeners" StructureKind="resource" NumEvents="248" CreationCount="5"/><InteractionEvent Delta="null" EndDate="2014-11-11 15:13:49.850 JST" Interest="35.965996" Kind="propagation" Navigation="org.eclipse.mylyn.core.model.edges.containment" OriginId="org.eclipse.mylyn.core.model.interest.propagation" StartDate="2014-11-11 15:13:47.672 JST" StructureHandle="=SL3/src&amp;lt;sl3.utils{Methods.java[Methods~sortItemList__Id~QActivity;~QList\&amp;lt;QSI;&amp;gt;;[" StructureKind="java" NumEvents="2" CreationCount="735"/><InteractionEvent Delta="null" EndDate="2014-11-11 14:39:42.544 JST" Interest="1.0" Kind="propagation" Navigation="org.eclipse.mylyn.core.model.edges.containment" OriginId="org.eclipse.mylyn.core.model.interest.propagation" StartDate="2014-11-11 14:39:42.544 JST" StructureHandle="=SL3/src&amp;lt;sl3.utils{Methods.java[Methods~sortItemList_GenreItemName~QList\&amp;lt;QShoppingItem;&amp;gt;;" StructureKind="java"/><InteractionEvent Delta="null" EndDate="2014-11-11 14:57:32.81 JST" Interest="62.0" Kind="edit" Navigation="null" OriginId="org.eclipse.jdt.ui.CompilationUnitEditor" StartDate="2014-11-11 14:39:45.35 JST" StructureHandle="=SL3/src&amp;lt;sl3.utils{Methods.java[Methods~sortItemList__Genre_ItemName~QActivity;~QList\&amp;lt;QSI;&amp;gt;;" StructureKind="java" NumEvents="62" CreationCount="259"/><InteractionEvent Delta="null" EndDate="2014-11-11 14:57:29.901 JST" Interest="12.0" Kind="selection" Navigation="null" OriginId="org.eclipse.jdt.ui.CompilationUnitEditor" StartDate="2014-11-11 14:39:43.813 JST" StructureHandle="=SL3/src&amp;lt;sl3.utils{Methods.java[Methods~sortItemList__Genre_ItemName~QActivity;~QList\&amp;lt;QSI;&amp;gt;;" StructureKind="java" NumEvents="12" CreationCount="259"/><InteractionEvent Delta="null" EndDate="2014-11-11 15:16:17.474 JST" Interest="128.24" Kind="propagation" Navigation="org.eclipse.mylyn.core.model.edges.containment" OriginId="org.eclipse.mylyn.core.model.interest.propagation" StartDate="2014-11-11 14:29:09.609 JST" StructureHandle="=SL3/src&amp;lt;sl3.listeners.dialog{DOI_CL.java[DOI_CL" StructureKind="java" NumEvents="175" CreationCount="6"/><InteractionEvent Delta="null" EndDate="2014-11-11 14:35:42.404 JST" Interest="2.0" Kind="edit" Navigation="null" OriginId="org.eclipse.jdt.ui.CompilationUnitEditor" StartDate="2014-11-11 14:35:10.881 JST" StructureHandle="=SL3/src&amp;lt;sl3.listeners.dialog{DOI_CL.java[DOI_CL" StructureKind="java" NumEvents="2" CreationCount="6"/><InteractionEvent Delta="null" EndDate="2014-11-11 15:00:01.802 JST" Interest="7.0" Kind="selection" Navigation="null" OriginId="org.eclipse.jdt.ui.CompilationUnitEditor" StartDate="2014-11-11 14:29:10.586 JST" StructureHandle="=SL3/src&amp;lt;sl3.listeners.dialog{DOI_CL.java[DOI_CL" StructureKind="java" NumEvents="7" CreationCount="6"/><InteractionEvent Delta="null" EndDate="2014-11-11 14:39:36.695 JST" Interest="1.0" Kind="selection" Navigation="null" OriginId="org.eclipse.jdt.ui.CompilationUnitEditor" StartDate="2014-11-11 14:39:36.695 JST" StructureHandle="=SL3/src&amp;lt;sl3.utils{Methods.java#org.apache.http.ParseException" StructureKind="java"/><InteractionEvent Delta="null" EndDate="2014-11-11 14:42:57.898 JST" Interest="2.0" Kind="prediction" Navigation="null" OriginId="org.eclipse.mylyn.resources.ui.interest.updater" StartDate="2014-11-11 14:34:17.285 JST" StructureHandle="/SL3/bin/resources.ap_" StructureKind="resource" NumEvents="2" CreationCount="105"/><InteractionEvent Delta="null" EndDate="2014-11-11 15:13:55.330 JST" Interest="431.0" Kind="propagation" Navigation="org.eclipse.mylyn.core.model.edges.containment" OriginId="org.eclipse.mylyn.core.model.interest.propagation" StartDate="2014-11-11 14:28:48.870 JST" StructureHandle="/SL3/src/sl3" StructureKind="resource" NumEvents="434" CreationCount="2"/><InteractionEvent Delta="null" EndDate="2014-11-11 14:45:27.428 JST" Interest="3.0" Kind="edit" Navigation="null" OriginId="org.eclipse.jdt.ui.CompilationUnitEditor" StartDate="2014-11-11 14:45:26.186 JST" StructureHandle="=SL3/src&amp;lt;sl3.utils{Methods.java[Methods~sortItemList__Genre_ItemName~QActivity;~QList\&amp;lt;QSI;&amp;gt;;[!2~compare~QSI;~QSI;" StructureKind="java" NumEvents="3" CreationCount="352"/><InteractionEvent Delta="null" EndDate="2014-11-11 14:48:42.900 JST" Interest="2.0" Kind="selection" Navigation="null" OriginId="org.eclipse.jdt.ui.CompilationUnitEditor" StartDate="2014-11-11 14:44:24.201 JST" StructureHandle="=SL3/src&amp;lt;sl3.utils{Methods.java[Methods~sortItemList__Genre_ItemName~QActivity;~QList\&amp;lt;QSI;&amp;gt;;[!2~compare~QSI;~QSI;" StructureKind="java" NumEvents="2" CreationCount="352"/><InteractionEvent Delta="null" EndDate="2014-11-11 14:40:17.990 JST" Interest="1.017" Kind="propagation" Navigation="org.eclipse.mylyn.core.model.edges.containment" OriginId="org.eclipse.mylyn.core.model.interest.propagation" StartDate="2014-11-11 14:40:08.547 JST" StructureHandle="=SL3/src&amp;lt;sl3.utils{Methods.java[Methods~sortItemList_GenreItemName~QList\&amp;lt;QSI;&amp;gt;;[!2" StructureKind="java" NumEvents="2" CreationCount="274"/><InteractionEvent Delta="null" EndDate="2014-11-11 14:40:21.14 JST" Interest="2.0" Kind="selection" Navigation="null" OriginId="org.eclipse.jdt.ui.CompilationUnitEditor" StartDate="2014-11-11 14:40:06.562 JST" StructureHandle="=SL3/src&amp;lt;sl3.utils{Methods.java[Methods~sortItemList_GenreItemName~QList\&amp;lt;QSI;&amp;gt;;[!2" StructureKind="java" NumEvents="2" CreationCount="274"/><InteractionEvent Delta="null" EndDate="2014-11-11 14:29:41.322 JST" Interest="8.0" Kind="edit" Navigation="null" OriginId="org.eclipse.jdt.ui.CompilationUnitEditor" StartDate="2014-11-11 14:29:24.730 JST" StructureHandle="=SL3/src&amp;lt;sl3.listeners.dialog{DOI_CL.java[DOI_CL~case_dlg_ACTV_TAB2_DLG_LISTS~QListItem;" StructureKind="java" NumEvents="8" CreationCount="9"/><InteractionEvent Delta="null" EndDate="2014-11-11 14:35:08.148 JST" Interest="5.0" Kind="selection" Navigation="null" OriginId="org.eclipse.jdt.ui.CompilationUnitEditor" StartDate="2014-11-11 14:29:20.837 JST" StructureHandle="=SL3/src&amp;lt;sl3.listeners.dialog{DOI_CL.java[DOI_CL~case_dlg_ACTV_TAB2_DLG_LISTS~QListItem;" StructureKind="java" NumEvents="5" CreationCount="9"/><InteractionEvent Delta="null" EndDate="2014-11-11 14:45:50.875 JST" Interest="33.0" Kind="propagation" Navigation="null" OriginId="org.eclipse.jdt.ui.CompilationUnitEditor" StartDate="2014-11-11 14:37:45.835 JST" StructureHandle="/ShoppingList" StructureKind="resource" NumEvents="33" CreationCount="222"/><InteractionEvent Delta="null" EndDate="2014-11-11 15:16:17.473 JST" Interest="158.0" Kind="edit" Navigation="null" OriginId="org.eclipse.jdt.ui.CompilationUnitEditor" StartDate="2014-11-11 14:35:36.291 JST" StructureHandle="=SL3/src&amp;lt;sl3.listeners.dialog{DOI_CL.java[DOI_CL~case_DLG_TAB2_TAB2_SORT_LIST~QListItem;" StructureKind="java" NumEvents="158" CreationCount="126"/><InteractionEvent Delta="null" EndDate="2014-11-11 15:13:55.678 JST" Interest="24.0" Kind="selection" Navigation="null" OriginId="org.eclipse.jdt.ui.CompilationUnitEditor" StartDate="2014-11-11 14:35:35.187 JST" StructureHandle="=SL3/src&amp;lt;sl3.listeners.dialog{DOI_CL.java[DOI_CL~case_DLG_TAB2_TAB2_SORT_LIST~QListItem;" StructureKind="java" NumEvents="24" CreationCount="126"/></InteractionHistory>