<?xml version="1.0" encoding="UTF-8"?><InteractionHistory Id="local-35" Version="1"><InteractionEvent Delta="null" EndDate="2014-08-30 16:40:10.420 JST" Interest="1.0" Kind="selection" Navigation="null" OriginId="org.eclipse.jdt.ui.CompilationUnitEditor" StartDate="2014-08-30 16:40:10.420 JST" StructureHandle="=cm7/src&amp;lt;app.utils{Methods.java#cm7.main.R" StructureKind="java"/><InteractionEvent Delta="null" EndDate="2014-08-30 15:29:02.859 JST" Interest="2.0" Kind="selection" Navigation="null" OriginId="org.eclipse.jdt.ui.CompilationUnitEditor" StartDate="2014-08-30 15:22:41.997 JST" StructureHandle="=cm7/src&amp;lt;app.utils{Methods_dlg.java[Methods_dlg~_dlg_MoveFiles__Folder__BuildList~QActivity;" StructureKind="java" NumEvents="2" CreationCount="271"/><InteractionEvent Delta="null" EndDate="2014-08-30 15:23:21.305 JST" Interest="11.0" Kind="edit" Navigation="null" OriginId="org.eclipse.jdt.ui.CompilationUnitEditor" StartDate="2014-08-30 15:22:44.598 JST" StructureHandle="=cm7/src&amp;lt;app.utils{Methods_dlg.java[Methods_dlg~_dlg_MoveFiles__Folder__BuildList~QActivity;" StructureKind="java" NumEvents="11" CreationCount="271"/><InteractionEvent Delta="null" EndDate="2014-08-30 16:49:59.143 JST" Interest="119.0" Kind="propagation" Navigation="null" OriginId="org.eclipse.ui.views.ContentOutline" StartDate="2014-08-30 16:42:59.450 JST" StructureHandle="/cm7/src/app/utils/DBUtils.java" StructureKind="resource" NumEvents="119" CreationCount="852"/><InteractionEvent Delta="null" EndDate="2014-08-30 15:35:23.744 JST" Interest="10.797001" Kind="propagation" Navigation="org.eclipse.mylyn.core.model.edges.containment" OriginId="org.eclipse.mylyn.core.model.interest.propagation" StartDate="2014-08-30 15:12:21.8 JST" StructureHandle="=IFM11/src&amp;lt;ifm11.utils{Methods_dlg.java[Methods_dlg" StructureKind="java" NumEvents="13" CreationCount="11"/><InteractionEvent Delta="null" EndDate="2014-08-30 15:15:36.799 JST" Interest="4.0" Kind="selection" Navigation="null" OriginId="org.eclipse.jdt.ui.CompilationUnitEditor" StartDate="2014-08-30 15:12:24.808 JST" StructureHandle="=IFM11/src&amp;lt;ifm11.utils{Methods_dlg.java[Methods_dlg" StructureKind="java" NumEvents="4" CreationCount="11"/><InteractionEvent Delta="null" EndDate="2014-08-30 15:13:38.810 JST" Interest="3.0" Kind="edit" Navigation="null" OriginId="org.eclipse.jdt.ui.CompilationUnitEditor" StartDate="2014-08-30 15:12:34.470 JST" StructureHandle="=IFM11/src&amp;lt;ifm11.utils{Methods_dlg.java[Methods_dlg" StructureKind="java" NumEvents="3" CreationCount="11"/><InteractionEvent Delta="null" EndDate="2014-08-30 16:43:40.621 JST" Interest="4.0" Kind="selection" Navigation="null" OriginId="org.eclipse.jdt.ui.CompilationUnitEditor" StartDate="2014-08-30 16:43:27.312 JST" StructureHandle="=IFM11/src&amp;lt;ifm11.utils{DBUtils.java[DBUtils~update_TI_All__TableName~QActivity;~QList\&amp;lt;QTI;&amp;gt;;" StructureKind="java" NumEvents="4" CreationCount="871"/><InteractionEvent Delta="null" EndDate="2014-08-30 16:43:44.517 JST" Interest="2.0" Kind="edit" Navigation="null" OriginId="org.eclipse.jdt.ui.CompilationUnitEditor" StartDate="2014-08-30 16:43:28.290 JST" StructureHandle="=IFM11/src&amp;lt;ifm11.utils{DBUtils.java[DBUtils~update_TI_All__TableName~QActivity;~QList\&amp;lt;QTI;&amp;gt;;" StructureKind="java" NumEvents="2" CreationCount="871"/><InteractionEvent Delta="null" EndDate="2014-08-30 16:43:51.802 JST" Interest="1.0" Kind="propagation" Navigation="org.eclipse.mylyn.core.model.edges.containment" OriginId="org.eclipse.mylyn.core.model.interest.propagation" StartDate="2014-08-30 16:43:51.802 JST" StructureHandle="=cm7/src&amp;lt;app.utils{DBUtils.java#" StructureKind="java"/><InteractionEvent Delta="null" EndDate="2014-08-30 16:44:48.573 JST" Interest="2.0" Kind="selection" Navigation="null" OriginId="org.eclipse.jdt.ui.CompilationUnitEditor" StartDate="2014-08-30 16:43:53.330 JST" StructureHandle="=cm7/src&amp;lt;app.utils{DBUtils.java#" StructureKind="java" NumEvents="2" CreationCount="891"/><InteractionEvent Delta="null" EndDate="2014-08-30 15:30:32.993 JST" Interest="5.0" Kind="propagation" Navigation="null" OriginId="org.eclipse.jdt.ui.CompilationUnitEditor" StartDate="2014-08-30 15:19:14.480 JST" StructureHandle="/IFM11/src/ifm11/utils/CONS.java" StructureKind="resource" NumEvents="5" CreationCount="185"/><InteractionEvent Delta="null" EndDate="2014-08-30 16:56:35.604 JST" Interest="11.0" Kind="prediction" Navigation="null" OriginId="org.eclipse.mylyn.resources.ui.interest.updater" StartDate="2014-08-30 15:14:47.812 JST" StructureHandle="/cm7/bin/classes.dex" StructureKind="resource" NumEvents="11" CreationCount="92"/><InteractionEvent Delta="null" EndDate="2014-08-30 16:37:21.697 JST" Interest="9.333" Kind="propagation" Navigation="org.eclipse.mylyn.core.model.edges.containment" OriginId="org.eclipse.mylyn.core.model.interest.propagation" StartDate="2014-08-30 15:17:32.797 JST" StructureHandle="/IFM11/res/layout" StructureKind="resource" NumEvents="3" CreationCount="164"/><InteractionEvent Delta="null" EndDate="2014-08-30 15:17:27.91 JST" Interest="1.0" Kind="selection" Navigation="null" OriginId="org.eclipse.ui.views.ResourceNavigator" StartDate="2014-08-30 15:17:27.91 JST" StructureHandle="/IFM11/res/layout" StructureKind="resource"/><InteractionEvent Delta="null" EndDate="2014-08-30 16:44:41.567 JST" Interest="3.4" Kind="propagation" Navigation="org.eclipse.mylyn.core.model.edges.containment" OriginId="org.eclipse.mylyn.core.model.interest.propagation" StartDate="2014-08-30 16:39:43.631 JST" StructureHandle="=IFM11/src&amp;lt;ifm11.utils{Methods.java[Methods" StructureKind="java" NumEvents="6" CreationCount="778"/><InteractionEvent Delta="null" EndDate="2014-08-30 16:43:02.521 JST" Interest="3.0" Kind="selection" Navigation="null" OriginId="org.eclipse.jdt.ui.CompilationUnitEditor" StartDate="2014-08-30 16:41:03.946 JST" StructureHandle="=IFM11/src&amp;lt;ifm11.utils{Methods.java[Methods" StructureKind="java" NumEvents="3" CreationCount="778"/><InteractionEvent Delta="null" EndDate="2014-08-30 15:19:17.757 JST" Interest="2.4" Kind="propagation" Navigation="org.eclipse.mylyn.core.model.edges.containment" OriginId="org.eclipse.mylyn.core.model.interest.propagation" StartDate="2014-08-30 15:19:15.168 JST" StructureHandle="=IFM11/src&amp;lt;ifm11.utils{CONS.java[CONS" StructureKind="java" NumEvents="3" CreationCount="186"/><InteractionEvent Delta="null" EndDate="2014-08-30 16:55:51.582 JST" Interest="29.0" Kind="propagation" Navigation="null" OriginId="org.eclipse.jdt.ui.CompilationUnitEditor" StartDate="2014-08-30 16:37:40.403 JST" StructureHandle="/cm7/src/app/listeners/dialog/DB_OCL.java" StructureKind="resource" NumEvents="29" CreationCount="722"/><InteractionEvent Delta="null" EndDate="2014-08-30 16:20:24.796 JST" Interest="1.0" Kind="selection" Navigation="null" OriginId="org.eclipse.jdt.ui.CompilationUnitEditor" StartDate="2014-08-30 16:20:24.796 JST" StructureHandle="=cm7/src&amp;lt;app.listeners.dialog{DOI_CL.java[DOI_CL~case_DLG_DB_ADMIN_LV__RefreshDB~QActivity;" StructureKind="java"/><InteractionEvent Delta="null" EndDate="2014-08-30 15:22:29.358 JST" Interest="19.0" Kind="propagation" Navigation="null" OriginId="org.eclipse.jdt.ui.CompilationUnitEditor" StartDate="2014-08-30 15:21:58.453 JST" StructureHandle="/cm7/src/app/listeners/dialog/DLOI_LCL.java" StructureKind="resource" NumEvents="19" CreationCount="249"/><InteractionEvent Delta="null" EndDate="2014-08-30 16:45:23.873 JST" Interest="0.5530002" Kind="propagation" Navigation="org.eclipse.mylyn.core.model.edges.containment" OriginId="org.eclipse.mylyn.core.model.interest.propagation" StartDate="2014-08-30 16:45:23.873 JST" StructureHandle="=cm7/src&amp;lt;app.utils{CONS.java[CONS[DB" StructureKind="java"/><InteractionEvent Delta="null" EndDate="2014-08-30 16:45:13.204 JST" Interest="2.0" Kind="selection" Navigation="null" OriginId="org.eclipse.jdt.ui.CompilationUnitEditor" StartDate="2014-08-30 16:45:05.618 JST" StructureHandle="=cm7/src&amp;lt;app.utils{CONS.java[CONS[DB" StructureKind="java" NumEvents="2" CreationCount="937"/><InteractionEvent Delta="null" EndDate="2014-08-30 16:35:46.168 JST" Interest="81.368" Kind="propagation" Navigation="org.eclipse.mylyn.core.model.edges.containment" OriginId="org.eclipse.mylyn.core.model.interest.propagation" StartDate="2014-08-30 15:16:03.551 JST" StructureHandle="=cm7/src&amp;lt;app.listeners.dialog{DOI_CL.java[DOI_CL" StructureKind="java" NumEvents="111" CreationCount="112"/><InteractionEvent Delta="null" EndDate="2014-08-30 16:21:00.771 JST" Interest="7.0" Kind="selection" Navigation="null" OriginId="org.eclipse.jdt.ui.CompilationUnitEditor" StartDate="2014-08-30 15:16:06.376 JST" StructureHandle="=cm7/src&amp;lt;app.listeners.dialog{DOI_CL.java[DOI_CL" StructureKind="java" NumEvents="7" CreationCount="112"/><InteractionEvent Delta="null" EndDate="2014-08-30 15:32:58.570 JST" Interest="3.0" Kind="edit" Navigation="null" OriginId="org.eclipse.jdt.ui.CompilationUnitEditor" StartDate="2014-08-30 15:16:41.659 JST" StructureHandle="=cm7/src&amp;lt;app.listeners.dialog{DOI_CL.java[DOI_CL" StructureKind="java" NumEvents="3" CreationCount="112"/><InteractionEvent Delta="null" EndDate="2014-08-30 15:17:23.229 JST" Interest="5.0" Kind="selection" Navigation="null" OriginId="org.eclipse.ui.views.ResourceNavigator" StartDate="2014-08-30 15:13:05.952 JST" StructureHandle="/IFM11/res/values/strings.xml" StructureKind="resource" NumEvents="5" CreationCount="35"/><InteractionEvent Delta="null" EndDate="2014-08-30 15:13:38.329 JST" Interest="8.0" Kind="edit" Navigation="null" OriginId="com.android.ide.eclipse.editors.CommonXmlEditor" StartDate="2014-08-30 15:13:06.803 JST" StructureHandle="/IFM11/res/values/strings.xml" StructureKind="resource" NumEvents="8" CreationCount="35"/><InteractionEvent Delta="null" EndDate="2014-08-30 16:56:20.887 JST" Interest="3.0" Kind="selection" Navigation="null" OriginId="org.eclipse.jdt.ui.CompilationUnitEditor" StartDate="2014-08-30 16:53:21.311 JST" StructureHandle="=cm7/src&amp;lt;app.main{ALActv.java[ALActv~_onCreate_Setup" StructureKind="java" NumEvents="3" CreationCount="1154"/><InteractionEvent Delta="null" EndDate="2014-08-30 16:56:28.61 JST" Interest="9.0" Kind="edit" Navigation="null" OriginId="org.eclipse.jdt.ui.CompilationUnitEditor" StartDate="2014-08-30 16:53:21.959 JST" StructureHandle="=cm7/src&amp;lt;app.main{ALActv.java[ALActv~_onCreate_Setup" StructureKind="java" NumEvents="9" CreationCount="1154"/><InteractionEvent Delta="null" EndDate="2014-08-30 16:44:34.696 JST" Interest="1.0" Kind="selection" Navigation="null" OriginId="org.eclipse.ui.views.ContentOutline" StartDate="2014-08-30 16:44:34.696 JST" StructureHandle="=IFM11/src&amp;lt;ifm11.utils{DBUtils.java[DBUtils~get_ContentValues__TI_TableName~QActivity;~QString;" StructureKind="java"/><InteractionEvent Delta="null" EndDate="2014-08-30 16:44:40.303 JST" Interest="5.0" Kind="edit" Navigation="null" OriginId="org.eclipse.jdt.ui.CompilationUnitEditor" StartDate="2014-08-30 16:44:36.599 JST" StructureHandle="=IFM11/src&amp;lt;ifm11.utils{DBUtils.java[DBUtils~get_ContentValues__TI_TableName~QActivity;~QString;" StructureKind="java" NumEvents="5" CreationCount="916"/><InteractionEvent Delta="null" EndDate="2014-08-30 16:37:36.613 JST" Interest="2.0" Kind="propagation" Navigation="null" OriginId="org.eclipse.jdt.ui.PackageExplorer" StartDate="2014-08-30 16:37:19.528 JST" StructureHandle="/cm7/src/app/tasks" StructureKind="resource" NumEvents="2" CreationCount="711"/><InteractionEvent Delta="null" EndDate="2014-08-30 15:30:35.550 JST" Interest="1.0" Kind="selection" Navigation="null" OriginId="org.eclipse.ui.views.ContentOutline" StartDate="2014-08-30 15:30:35.550 JST" StructureHandle="=cm7/src&amp;lt;app.utils{Methods_dlg.java%app.utils" StructureKind="java"/><InteractionEvent Delta="null" EndDate="2014-08-30 16:35:16.823 JST" Interest="13.0" Kind="selection" Navigation="null" OriginId="org.eclipse.jdt.ui.CompilationUnitEditor" StartDate="2014-08-30 15:12:53.435 JST" StructureHandle="=cm7/src&amp;lt;app.utils{Methods_dlg.java[Methods_dlg~dlg_MoveFiles~QActivity;" StructureKind="java" NumEvents="13" CreationCount="28"/><InteractionEvent Delta="null" EndDate="2014-08-30 16:34:38.619 JST" Interest="17.0" Kind="edit" Navigation="null" OriginId="org.eclipse.jdt.ui.CompilationUnitEditor" StartDate="2014-08-30 15:12:55.401 JST" StructureHandle="=cm7/src&amp;lt;app.utils{Methods_dlg.java[Methods_dlg~dlg_MoveFiles~QActivity;" StructureKind="java" NumEvents="17" CreationCount="28"/><InteractionEvent Delta="null" EndDate="2014-08-30 15:31:39.209 JST" Interest="9.0" Kind="selection" Navigation="null" OriginId="org.eclipse.jdt.ui.CompilationUnitEditor" StartDate="2014-08-30 15:16:30.508 JST" StructureHandle="=IFM11/src&amp;lt;ifm11.listeners.dialog{DOI_CL.java[DOI_CL~case_DLG_MOVE_FILES~QString;" StructureKind="java" NumEvents="9" CreationCount="133"/><InteractionEvent Delta="null" EndDate="2014-08-30 15:30:57.811 JST" Interest="3.0" Kind="edit" Navigation="null" OriginId="org.eclipse.jdt.ui.CompilationUnitEditor" StartDate="2014-08-30 15:16:32.335 JST" StructureHandle="=IFM11/src&amp;lt;ifm11.listeners.dialog{DOI_CL.java[DOI_CL~case_DLG_MOVE_FILES~QString;" StructureKind="java" NumEvents="3" CreationCount="133"/><InteractionEvent Delta="null" EndDate="2014-08-30 16:56:21.707 JST" Interest="240.0" Kind="propagation" Navigation="org.eclipse.mylyn.core.model.edges.containment" OriginId="org.eclipse.mylyn.core.model.interest.propagation" StartDate="2014-08-30 15:12:10.316 JST" StructureHandle="=IFM11" StructureKind="resource" NumEvents="240" CreationCount="4"/><InteractionEvent Delta="null" EndDate="2014-08-30 16:51:45.939 JST" Interest="6.0" Kind="selection" Navigation="null" OriginId="org.eclipse.jdt.ui.CompilationUnitEditor" StartDate="2014-08-30 16:50:26.14 JST" StructureHandle="=cm7/src&amp;lt;app.utils{Methods.java[Methods~move_Mode~QActivity;~QMenuItem;" StructureKind="java" NumEvents="6" CreationCount="1082"/><InteractionEvent Delta="null" EndDate="2014-08-30 16:50:27.172 JST" Interest="2.0" Kind="edit" Navigation="null" OriginId="org.eclipse.jdt.ui.CompilationUnitEditor" StartDate="2014-08-30 16:50:27.167 JST" StructureHandle="=cm7/src&amp;lt;app.utils{Methods.java[Methods~move_Mode~QActivity;~QMenuItem;" StructureKind="java" NumEvents="2" CreationCount="1082"/><InteractionEvent Delta="null" EndDate="2014-08-30 15:20:00.790 JST" Interest="1.0" Kind="selection" Navigation="null" OriginId="org.eclipse.jdt.ui.CompilationUnitEditor" StartDate="2014-08-30 15:20:00.790 JST" StructureHandle="=cm7/src&amp;lt;app.utils{CONS.java[CONS^pkey_TNActv__ListType" StructureKind="java"/><InteractionEvent Delta="null" EndDate="2014-08-30 15:21:46.46 JST" Interest="1.0" Kind="selection" Navigation="null" OriginId="org.eclipse.jdt.ui.CompilationUnitEditor" StartDate="2014-08-30 15:21:46.46 JST" StructureHandle="=cm7/src&amp;lt;app.utils{Tags.java[Tags[DialogItemTags^DLG_MOVE_FILES_FOLDER" StructureKind="java"/><InteractionEvent Delta="null" EndDate="2014-08-30 16:59:23.128 JST" Interest="935.01697" Kind="propagation" Navigation="org.eclipse.mylyn.core.model.edges.containment" OriginId="org.eclipse.mylyn.core.model.interest.propagation" StartDate="2014-08-30 15:12:07.415 JST" StructureHandle="/" StructureKind="resource" NumEvents="938" CreationCount="1"/><InteractionEvent Delta="null" EndDate="2014-08-30 16:39:27.780 JST" Interest="24.862999" Kind="propagation" Navigation="org.eclipse.mylyn.core.model.edges.containment" OriginId="org.eclipse.mylyn.core.model.interest.propagation" StartDate="2014-08-30 15:15:48.65 JST" StructureHandle="=IFM11/src&amp;lt;ifm11.listeners.dialog" StructureKind="java" NumEvents="53" CreationCount="105"/><InteractionEvent Delta="null" EndDate="2014-08-30 16:37:27.462 JST" Interest="1.0" Kind="selection" Navigation="null" OriginId="org.eclipse.ui.views.ResourceNavigator" StartDate="2014-08-30 16:37:27.462 JST" StructureHandle="=IFM11/src&amp;lt;ifm11.listeners.dialog" StructureKind="java"/><InteractionEvent Delta="null" EndDate="2014-08-30 15:17:34.905 JST" Interest="5.0" Kind="selection" Navigation="null" OriginId="org.eclipse.jdt.ui.PackageExplorer" StartDate="2014-08-30 15:13:13.864 JST" StructureHandle="/cm7/res/values/strings.xml" StructureKind="resource" NumEvents="5" CreationCount="42"/><InteractionEvent Delta="null" EndDate="2014-08-30 15:13:35.360 JST" Interest="5.0" Kind="edit" Navigation="null" OriginId="com.android.ide.eclipse.editors.CommonXmlEditor" StartDate="2014-08-30 15:13:14.647 JST" StructureHandle="/cm7/res/values/strings.xml" StructureKind="resource" NumEvents="5" CreationCount="42"/><InteractionEvent Delta="null" EndDate="2014-08-30 16:44:41.848 JST" Interest="5.0" Kind="selection" Navigation="null" OriginId="org.eclipse.jdt.ui.CompilationUnitEditor" StartDate="2014-08-30 16:38:51.278 JST" StructureHandle="=IFM11/src&amp;lt;ifm11.listeners.dialog{DB_OCL.java[DB_OCL~dlg_DLG_CONF_MOVE_FILES_FOLDER_OK" StructureKind="java" NumEvents="5" CreationCount="743"/><InteractionEvent Delta="null" EndDate="2014-08-30 16:39:38.422 JST" Interest="3.0" Kind="edit" Navigation="null" OriginId="org.eclipse.jdt.ui.CompilationUnitEditor" StartDate="2014-08-30 16:38:52.870 JST" StructureHandle="=IFM11/src&amp;lt;ifm11.listeners.dialog{DB_OCL.java[DB_OCL~dlg_DLG_CONF_MOVE_FILES_FOLDER_OK" StructureKind="java" NumEvents="3" CreationCount="743"/><InteractionEvent Delta="null" EndDate="2014-08-30 16:50:11.327 JST" Interest="113.0" Kind="propagation" Navigation="null" OriginId="org.eclipse.ui.views.ResourceNavigator" StartDate="2014-08-30 15:15:48.65 JST" StructureHandle="/IFM11/src/ifm11/listeners/dialog" StructureKind="resource" NumEvents="113" CreationCount="105"/><InteractionEvent Delta="null" EndDate="2014-08-30 15:23:37.439 JST" Interest="2.0" Kind="prediction" Navigation="null" OriginId="org.eclipse.mylyn.resources.ui.interest.updater" StartDate="2014-08-30 15:14:47.812 JST" StructureHandle="/cm7/bin/resources.ap_" StructureKind="resource" NumEvents="2" CreationCount="92"/><InteractionEvent Delta="null" EndDate="2014-08-30 16:40:10.421 JST" Interest="1.0" Kind="propagation" Navigation="org.eclipse.mylyn.core.model.edges.containment" OriginId="org.eclipse.mylyn.core.model.interest.propagation" StartDate="2014-08-30 16:40:10.421 JST" StructureHandle="=cm7/src&amp;lt;app.utils{Methods.java#" StructureKind="java"/><InteractionEvent Delta="null" EndDate="2014-08-30 16:41:20.202 JST" Interest="2.0" Kind="selection" Navigation="null" OriginId="org.eclipse.jdt.ui.CompilationUnitEditor" StartDate="2014-08-30 16:40:12.731 JST" StructureHandle="=cm7/src&amp;lt;app.utils{Methods.java#" StructureKind="java" NumEvents="2" CreationCount="793"/><InteractionEvent Delta="null" EndDate="2014-08-30 16:52:49.287 JST" Interest="6.1170006" Kind="propagation" Navigation="org.eclipse.mylyn.core.model.edges.containment" OriginId="org.eclipse.mylyn.core.model.interest.propagation" StartDate="2014-08-30 16:51:18.881 JST" StructureHandle="=cm7/src&amp;lt;app.utils{Comparator_AI.java" StructureKind="java" NumEvents="8" CreationCount="1108"/><InteractionEvent Delta="null" EndDate="2014-08-30 16:52:58.351 JST" Interest="4.0" Kind="selection" Navigation="null" OriginId="org.eclipse.jdt.ui.PackageExplorer" StartDate="2014-08-30 16:51:18.228 JST" StructureHandle="=cm7/src&amp;lt;app.utils{Comparator_AI.java" StructureKind="java" NumEvents="4" CreationCount="1108"/><InteractionEvent Delta="null" EndDate="2014-08-30 16:49:59.142 JST" Interest="9.0" Kind="selection" Navigation="null" OriginId="org.eclipse.ui.views.ContentOutline" StartDate="2014-08-30 16:43:57.433 JST" StructureHandle="=cm7/src&amp;lt;app.utils{DBUtils.java[DBUtils~update_TI_All__TableName~QActivity;~QList\&amp;lt;QAI;&amp;gt;;" StructureKind="java" NumEvents="9" CreationCount="895"/><InteractionEvent Delta="null" EndDate="2014-08-30 16:47:35.333 JST" Interest="53.0" Kind="edit" Navigation="null" OriginId="org.eclipse.jdt.ui.CompilationUnitEditor" StartDate="2014-08-30 16:43:59.723 JST" StructureHandle="=cm7/src&amp;lt;app.utils{DBUtils.java[DBUtils~update_TI_All__TableName~QActivity;~QList\&amp;lt;QAI;&amp;gt;;" StructureKind="java" NumEvents="53" CreationCount="895"/><InteractionEvent Delta="null" EndDate="2014-08-30 16:40:13.945 JST" Interest="1.0" Kind="selection" Navigation="null" OriginId="org.eclipse.jdt.ui.CompilationUnitEditor" StartDate="2014-08-30 16:40:13.945 JST" StructureHandle="=cm7/src&amp;lt;app.utils{Methods.java#java.io.BufferedWriter" StructureKind="java"/><InteractionEvent Delta="null" EndDate="2014-08-30 16:43:45.557 JST" Interest="2.0" Kind="selection" Navigation="null" OriginId="org.eclipse.jdt.ui.CompilationUnitEditor" StartDate="2014-08-30 16:43:39.721 JST" StructureHandle="=cm7/src&amp;lt;app.utils{DBUtils.java[DBUtils^activity" StructureKind="java" NumEvents="2" CreationCount="879"/><InteractionEvent Delta="null" EndDate="2014-08-30 16:36:53.841 JST" Interest="23.629002" Kind="propagation" Navigation="org.eclipse.mylyn.core.model.edges.containment" OriginId="org.eclipse.mylyn.core.model.interest.propagation" StartDate="2014-08-30 15:13:19.528 JST" StructureHandle="=cm7/src&amp;lt;app.utils{Methods_dlg.java[Methods_dlg" StructureKind="java" NumEvents="32" CreationCount="22"/><InteractionEvent Delta="null" EndDate="2014-08-30 16:13:03.751 JST" Interest="14.0" Kind="selection" Navigation="null" OriginId="org.eclipse.jdt.ui.CompilationUnitEditor" StartDate="2014-08-30 15:12:42.12 JST" StructureHandle="=cm7/src&amp;lt;app.utils{Methods_dlg.java[Methods_dlg" StructureKind="java" NumEvents="14" CreationCount="22"/><InteractionEvent Delta="null" EndDate="2014-08-30 15:35:42.246 JST" Interest="22.0" Kind="edit" Navigation="null" OriginId="org.eclipse.jdt.ui.CompilationUnitEditor" StartDate="2014-08-30 15:12:44.414 JST" StructureHandle="=cm7/src&amp;lt;app.utils{Methods_dlg.java[Methods_dlg" StructureKind="java" NumEvents="22" CreationCount="22"/><InteractionEvent Delta="null" EndDate="2014-08-30 16:51:37.574 JST" Interest="3.0" Kind="selection" Navigation="null" OriginId="org.eclipse.ui.views.ContentOutline" StartDate="2014-08-30 16:51:09.853 JST" StructureHandle="=cm7/src&amp;lt;app.utils{Methods.java[Methods~sort_List_ai_List~QList\&amp;lt;QAI;&amp;gt;;~QCONS.Enums.SortType;~QCONS.Enums.SortOrder;" StructureKind="java" NumEvents="3" CreationCount="1106"/><InteractionEvent Delta="null" EndDate="2014-08-30 16:51:09.861 JST" Interest="1.0" Kind="edit" Navigation="null" OriginId="org.eclipse.jdt.ui.CompilationUnitEditor" StartDate="2014-08-30 16:51:09.861 JST" StructureHandle="=cm7/src&amp;lt;app.utils{Methods.java[Methods~sort_List_ai_List~QList\&amp;lt;QAI;&amp;gt;;~QCONS.Enums.SortType;~QCONS.Enums.SortOrder;" StructureKind="java"/><InteractionEvent Delta="null" EndDate="2014-08-30 16:55:51.582 JST" Interest="255.0" Kind="propagation" Navigation="org.eclipse.mylyn.core.model.edges.containment" OriginId="org.eclipse.mylyn.core.model.interest.propagation" StartDate="2014-08-30 15:16:02.873 JST" StructureHandle="/cm7/src/app/listeners" StructureKind="resource" NumEvents="255" CreationCount="111"/><InteractionEvent Delta="null" EndDate="2014-08-30 15:36:10.841 JST" Interest="2.0" Kind="selection" Navigation="null" OriginId="org.eclipse.jdt.ui.CompilationUnitEditor" StartDate="2014-08-30 15:36:01.542 JST" StructureHandle="=cm7/src&amp;lt;app.utils{Tags.java[Tags[DialogTags^DLG_CONF_MOVE_FILES_FOLDER_TOP_OK" StructureKind="java" NumEvents="2" CreationCount="458"/><InteractionEvent Delta="null" EndDate="2014-08-30 16:45:17.462 JST" Interest="1.0" Kind="selection" Navigation="null" OriginId="org.eclipse.jdt.ui.CompilationUnitEditor" StartDate="2014-08-30 16:45:17.462 JST" StructureHandle="=cm7/src&amp;lt;app.utils{CONS.java[CONS[DB^col_names_CM7" StructureKind="java"/><InteractionEvent Delta="null" EndDate="2014-08-30 16:45:18.129 JST" Interest="1.0" Kind="edit" Navigation="null" OriginId="org.eclipse.jdt.ui.CompilationUnitEditor" StartDate="2014-08-30 16:45:18.129 JST" StructureHandle="=cm7/src&amp;lt;app.utils{CONS.java[CONS[DB^col_names_CM7" StructureKind="java"/><InteractionEvent Delta="null" EndDate="2014-08-30 15:29:01.922 JST" Interest="1.0" Kind="selection" Navigation="null" OriginId="org.eclipse.jdt.ui.CompilationUnitEditor" StartDate="2014-08-30 15:29:01.922 JST" StructureHandle="=cm7/src&amp;lt;app.utils{Methods_dlg.java[Methods_dlg~dlg_Template_Cancel_ThirdDialog~QActivity;~QDialog;~QDialog;~I~I~I~QTags.DialogTags;" StructureKind="java"/><InteractionEvent Delta="null" EndDate="2014-08-30 16:49:59.879 JST" Interest="1.0" Kind="selection" Navigation="null" OriginId="org.eclipse.ui.views.ContentOutline" StartDate="2014-08-30 16:49:59.879 JST" StructureHandle="=cm7/src&amp;lt;app.utils{Methods.java[Methods~get_FileList~QFile;" StructureKind="java"/><InteractionEvent Delta="null" EndDate="2014-08-30 16:52:24.246 JST" Interest="1.0" Kind="selection" Navigation="null" OriginId="org.eclipse.ui.views.ContentOutline" StartDate="2014-08-30 16:52:24.246 JST" StructureHandle="=cm7/src&amp;lt;app.utils{Comparator_AI.java[Comparator_AI~_compare_FileName~QAI;~QAI;" StructureKind="java"/><InteractionEvent Delta="null" EndDate="2014-08-30 16:34:44.610 JST" Interest="8.673" Kind="manipulation" Navigation="null" OriginId="org.eclipse.mylyn.core.model.interest.decay.correction" StartDate="2014-08-30 16:34:44.610 JST" StructureHandle="=cm7/src&amp;lt;app.listeners.dialog{DOI_CL.java[DOI_CL~DOI_CL~QActivity;~QDialog;" StructureKind="java"/><InteractionEvent Delta="null" EndDate="2014-08-30 16:34:44.610 JST" Interest="2.0" Kind="selection" Navigation="null" OriginId="org.eclipse.jdt.ui.CompilationUnitEditor" StartDate="2014-08-30 15:16:03.551 JST" StructureHandle="=cm7/src&amp;lt;app.listeners.dialog{DOI_CL.java[DOI_CL~DOI_CL~QActivity;~QDialog;" StructureKind="java" NumEvents="2" CreationCount="112"/><InteractionEvent Delta="null" EndDate="2014-08-30 16:37:21.697 JST" Interest="1.0" Kind="selection" Navigation="null" OriginId="org.eclipse.ui.views.ResourceNavigator" StartDate="2014-08-30 16:37:21.697 JST" StructureHandle="/IFM11/res/layout/dlg_search.xml" StructureKind="resource"/><InteractionEvent Delta="null" EndDate="2014-08-30 16:53:12.488 JST" Interest="1.0" Kind="selection" Navigation="null" OriginId="org.eclipse.ui.views.ContentOutline" StartDate="2014-08-30 16:53:12.488 JST" StructureHandle="=cm7/src&amp;lt;app.main{ALActv.java[ALActv~_onCreate_Get_AIList" StructureKind="java"/><InteractionEvent Delta="null" EndDate="2014-08-30 16:53:13.791 JST" Interest="3.0" Kind="edit" Navigation="null" OriginId="org.eclipse.jdt.ui.CompilationUnitEditor" StartDate="2014-08-30 16:53:13.182 JST" StructureHandle="=cm7/src&amp;lt;app.main{ALActv.java[ALActv~_onCreate_Get_AIList" StructureKind="java" NumEvents="3" CreationCount="1150"/><InteractionEvent Delta="null" EndDate="2014-08-30 16:38:35.947 JST" Interest="1.0" Kind="selection" Navigation="null" OriginId="org.eclipse.jdt.ui.CompilationUnitEditor" StartDate="2014-08-30 16:38:35.947 JST" StructureHandle="=cm7/src&amp;lt;app.listeners.dialog{DB_OCL.java[DB_OCL~DB_OCL~QActivity;~QDialog;~QDialog;~QDialog;~QAI;~I~QString;" StructureKind="java"/><InteractionEvent Delta="null" EndDate="2014-08-30 16:35:34.467 JST" Interest="1.2900004" Kind="manipulation" Navigation="null" OriginId="org.eclipse.mylyn.core.model.interest.decay.correction" StartDate="2014-08-30 16:35:34.467 JST" StructureHandle="=cm7/src&amp;lt;app.listeners.dialog{DOI_CL.java[DOI_CL~DOI_CL~QActivity;~QDialog;~QDialog;" StructureKind="java"/><InteractionEvent Delta="null" EndDate="2014-08-30 16:35:34.467 JST" Interest="6.0" Kind="selection" Navigation="null" OriginId="org.eclipse.jdt.ui.CompilationUnitEditor" StartDate="2014-08-30 15:30:50.482 JST" StructureHandle="=cm7/src&amp;lt;app.listeners.dialog{DOI_CL.java[DOI_CL~DOI_CL~QActivity;~QDialog;~QDialog;" StructureKind="java" NumEvents="6" CreationCount="327"/><InteractionEvent Delta="null" EndDate="2014-08-30 16:38:55.799 JST" Interest="2.0" Kind="selection" Navigation="null" OriginId="org.eclipse.jdt.ui.CompilationUnitEditor" StartDate="2014-08-30 16:38:37.178 JST" StructureHandle="=cm7/src&amp;lt;app.listeners.dialog{DB_OCL.java[DB_OCL~onClick~QView;" StructureKind="java" NumEvents="2" CreationCount="734"/><InteractionEvent Delta="null" EndDate="2014-08-30 16:38:41.871 JST" Interest="3.0" Kind="edit" Navigation="null" OriginId="org.eclipse.jdt.ui.CompilationUnitEditor" StartDate="2014-08-30 16:38:37.689 JST" StructureHandle="=cm7/src&amp;lt;app.listeners.dialog{DB_OCL.java[DB_OCL~onClick~QView;" StructureKind="java" NumEvents="3" CreationCount="734"/><InteractionEvent Delta="null" EndDate="2014-08-30 16:21:52.854 JST" Interest="2.1260011" Kind="manipulation" Navigation="null" OriginId="org.eclipse.mylyn.core.model.interest.decay.correction" StartDate="2014-08-30 15:36:00.779 JST" StructureHandle="=cm7/src&amp;lt;app.utils{Tags.java" StructureKind="java" NumEvents="2" CreationCount="73"/><InteractionEvent Delta="null" EndDate="2014-08-30 16:34:31.228 JST" Interest="5.784999" Kind="propagation" Navigation="org.eclipse.mylyn.core.model.edges.containment" OriginId="org.eclipse.mylyn.core.model.interest.propagation" StartDate="2014-08-30 15:13:58.446 JST" StructureHandle="=cm7/src&amp;lt;app.utils{Tags.java" StructureKind="java" NumEvents="12" CreationCount="73"/><InteractionEvent Delta="null" EndDate="2014-08-30 16:21:52.854 JST" Interest="4.0" Kind="selection" Navigation="null" OriginId="org.eclipse.jdt.ui.CompilationUnitEditor" StartDate="2014-08-30 15:13:57.737 JST" StructureHandle="=cm7/src&amp;lt;app.utils{Tags.java" StructureKind="java" NumEvents="4" CreationCount="73"/><InteractionEvent Delta="null" EndDate="2014-08-30 15:19:15.168 JST" Interest="1.0" Kind="selection" Navigation="null" OriginId="org.eclipse.jdt.ui.CompilationUnitEditor" StartDate="2014-08-30 15:19:15.168 JST" StructureHandle="=IFM11/src&amp;lt;ifm11.utils{CONS.java[CONS[Pref^pkey_TNActv__CurPath_Move" StructureKind="java"/><InteractionEvent Delta="null" EndDate="2014-08-30 15:19:17.757 JST" Interest="2.0" Kind="edit" Navigation="null" OriginId="org.eclipse.jdt.ui.CompilationUnitEditor" StartDate="2014-08-30 15:19:17.195 JST" StructureHandle="=IFM11/src&amp;lt;ifm11.utils{CONS.java[CONS[Pref^pkey_TNActv__CurPath_Move" StructureKind="java" NumEvents="2" CreationCount="186"/><InteractionEvent Delta="null" EndDate="2014-08-30 16:50:11.409 JST" Interest="1.0" Kind="selection" Navigation="null" OriginId="org.eclipse.ui.views.ResourceNavigator" StartDate="2014-08-30 16:50:11.409 JST" StructureHandle="=IFM11/src&amp;lt;ifm11.listeners{DLOI_LCL.java" StructureKind="java"/><InteractionEvent Delta="null" EndDate="2014-08-30 16:44:41.566 JST" Interest="5.0" Kind="selection" Navigation="null" OriginId="org.eclipse.jdt.ui.CompilationUnitEditor" StartDate="2014-08-30 16:39:43.630 JST" StructureHandle="=IFM11/src&amp;lt;ifm11.utils{Methods.java[Methods~move_Files~QActivity;~QDialog;~QDialog;~QDialog;" StructureKind="java" NumEvents="5" CreationCount="778"/><InteractionEvent Delta="null" EndDate="2014-08-30 16:39:47.459 JST" Interest="2.0" Kind="edit" Navigation="null" OriginId="org.eclipse.jdt.ui.CompilationUnitEditor" StartDate="2014-08-30 16:39:45.666 JST" StructureHandle="=IFM11/src&amp;lt;ifm11.utils{Methods.java[Methods~move_Files~QActivity;~QDialog;~QDialog;~QDialog;" StructureKind="java" NumEvents="2" CreationCount="778"/><InteractionEvent Delta="null" EndDate="2014-08-30 15:17:06.330 JST" Interest="5.0" Kind="selection" Navigation="null" OriginId="org.eclipse.jdt.ui.CompilationUnitEditor" StartDate="2014-08-30 15:12:21.8 JST" StructureHandle="=IFM11/src&amp;lt;ifm11.utils{Methods_dlg.java[Methods_dlg~dlg_MoveFiles~QActivity;" StructureKind="java" NumEvents="5" CreationCount="11"/><InteractionEvent Delta="null" EndDate="2014-08-30 15:15:43.274 JST" Interest="4.0" Kind="edit" Navigation="null" OriginId="org.eclipse.jdt.ui.CompilationUnitEditor" StartDate="2014-08-30 15:12:21.910 JST" StructureHandle="=IFM11/src&amp;lt;ifm11.utils{Methods_dlg.java[Methods_dlg~dlg_MoveFiles~QActivity;" StructureKind="java" NumEvents="4" CreationCount="11"/><InteractionEvent Delta="null" EndDate="2014-08-30 16:43:54.589 JST" Interest="1.0" Kind="selection" Navigation="null" OriginId="org.eclipse.jdt.ui.CompilationUnitEditor" StartDate="2014-08-30 16:43:54.589 JST" StructureHandle="=cm7/src&amp;lt;app.utils{DBUtils.java#java.io.File" StructureKind="java"/><InteractionEvent Delta="null" EndDate="2014-08-30 15:22:29.358 JST" Interest="10.099999" Kind="propagation" Navigation="org.eclipse.mylyn.core.model.edges.containment" OriginId="org.eclipse.mylyn.core.model.interest.propagation" StartDate="2014-08-30 15:21:59.373 JST" StructureHandle="=cm7/src&amp;lt;app.listeners.dialog{DLOI_LCL.java[DLOI_LCL" StructureKind="java" NumEvents="14" CreationCount="250"/><InteractionEvent Delta="null" EndDate="2014-08-30 15:22:23.26 JST" Interest="1.0" Kind="selection" Navigation="null" OriginId="org.eclipse.jdt.ui.CompilationUnitEditor" StartDate="2014-08-30 15:22:23.26 JST" StructureHandle="=cm7/src&amp;lt;app.listeners.dialog{DLOI_LCL.java[DLOI_LCL" StructureKind="java"/><InteractionEvent Delta="null" EndDate="2014-08-30 16:21:16.339 JST" Interest="6.0" Kind="selection" Navigation="null" OriginId="org.eclipse.jdt.ui.CompilationUnitEditor" StartDate="2014-08-30 15:35:45.124 JST" StructureHandle="=cm7/src&amp;lt;app.utils{Methods_dlg.java[Methods_dlg~conf_MoveFiles__Folder_Top~QActivity;~QDialog;~QDialog;" StructureKind="java" NumEvents="6" CreationCount="452"/><InteractionEvent Delta="null" EndDate="2014-08-30 16:21:20.281 JST" Interest="12.0" Kind="edit" Navigation="null" OriginId="org.eclipse.jdt.ui.CompilationUnitEditor" StartDate="2014-08-30 15:35:47.224 JST" StructureHandle="=cm7/src&amp;lt;app.utils{Methods_dlg.java[Methods_dlg~conf_MoveFiles__Folder_Top~QActivity;~QDialog;~QDialog;" StructureKind="java" NumEvents="12" CreationCount="452"/><InteractionEvent Delta="null" EndDate="2014-08-30 15:36:03.495 JST" Interest="1.0" Kind="selection" Navigation="null" OriginId="org.eclipse.jdt.ui.CompilationUnitEditor" StartDate="2014-08-30 15:36:03.495 JST" StructureHandle="=cm7/src&amp;lt;app.utils{Tags.java[Tags[DialogTags^DLG_CONF_IMPORT_PATTERNS_OK" StructureKind="java"/><InteractionEvent Delta="null" EndDate="2014-08-30 16:34:31.227 JST" Interest="18.0" Kind="propagation" Navigation="null" OriginId="org.eclipse.ui.views.ContentOutline" StartDate="2014-08-30 15:13:57.738 JST" StructureHandle="/cm7/src/app/utils/Tags.java" StructureKind="resource" NumEvents="18" CreationCount="73"/><InteractionEvent Delta="null" EndDate="2014-08-30 16:39:30.772 JST" Interest="4.0" Kind="selection" Navigation="null" OriginId="org.eclipse.jdt.ui.CompilationUnitEditor" StartDate="2014-08-30 16:37:31.352 JST" StructureHandle="=IFM11/src&amp;lt;ifm11.listeners.dialog{DB_OCL.java[DB_OCL~onClick~QView;" StructureKind="java" NumEvents="4" CreationCount="718"/><InteractionEvent Delta="null" EndDate="2014-08-30 16:39:31.840 JST" Interest="3.0" Kind="edit" Navigation="null" OriginId="org.eclipse.jdt.ui.CompilationUnitEditor" StartDate="2014-08-30 16:38:31.637 JST" StructureHandle="=IFM11/src&amp;lt;ifm11.listeners.dialog{DB_OCL.java[DB_OCL~onClick~QView;" StructureKind="java" NumEvents="3" CreationCount="718"/><InteractionEvent Delta="null" EndDate="2014-08-30 16:39:28.196 JST" Interest="2.0" Kind="selection" Navigation="null" OriginId="org.eclipse.jdt.ui.CompilationUnitEditor" StartDate="2014-08-30 16:39:21.232 JST" StructureHandle="=IFM11/src&amp;lt;ifm11.listeners.dialog{DB_OCL.java[DB_OCL^item_Name" StructureKind="java" NumEvents="2" CreationCount="762"/><InteractionEvent Delta="null" EndDate="2014-08-30 16:56:21.707 JST" Interest="240.0" Kind="propagation" Navigation="null" OriginId="org.eclipse.jdt.ui.CompilationUnitEditor" StartDate="2014-08-30 15:12:10.316 JST" StructureHandle="/IFM11/src" StructureKind="resource" NumEvents="240" CreationCount="4"/><InteractionEvent Delta="null" EndDate="2014-08-30 16:56:28.63 JST" Interest="8.469999" Kind="propagation" Navigation="org.eclipse.mylyn.core.model.edges.containment" OriginId="org.eclipse.mylyn.core.model.interest.propagation" StartDate="2014-08-30 16:53:04.731 JST" StructureHandle="=cm7/src&amp;lt;app.main" StructureKind="java" NumEvents="14" CreationCount="1144"/><InteractionEvent Delta="null" EndDate="2014-08-30 16:53:01.687 JST" Interest="1.0" Kind="selection" Navigation="null" OriginId="org.eclipse.jdt.ui.PackageExplorer" StartDate="2014-08-30 16:53:01.687 JST" StructureHandle="=cm7/src&amp;lt;app.main" StructureKind="java"/><InteractionEvent Delta="null" EndDate="2014-08-30 16:59:23.127 JST" Interest="654.01697" Kind="propagation" Navigation="null" OriginId="org.eclipse.jdt.ui.CompilationUnitEditor" StartDate="2014-08-30 15:12:07.415 JST" StructureHandle="/cm7/src/app/utils" StructureKind="resource" NumEvents="655" CreationCount="1"/><InteractionEvent Delta="null" EndDate="2014-08-30 16:56:21.706 JST" Interest="120.034" Kind="propagation" Navigation="org.eclipse.mylyn.core.model.edges.containment" OriginId="org.eclipse.mylyn.core.model.interest.propagation" StartDate="2014-08-30 15:12:12.119 JST" StructureHandle="/IFM11/src/ifm11" StructureKind="resource" NumEvents="128" CreationCount="6"/><InteractionEvent Delta="null" EndDate="2014-08-30 16:56:28.62 JST" Interest="3.0529995" Kind="propagation" Navigation="org.eclipse.mylyn.core.model.edges.containment" OriginId="org.eclipse.mylyn.core.model.interest.propagation" StartDate="2014-08-30 16:53:25.679 JST" StructureHandle="=cm7/src&amp;lt;app.main{ALActv.java" StructureKind="java" NumEvents="6" CreationCount="1145"/><InteractionEvent Delta="null" EndDate="2014-08-30 16:56:21.775 JST" Interest="5.0" Kind="selection" Navigation="null" OriginId="org.eclipse.jdt.ui.CompilationUnitEditor" StartDate="2014-08-30 16:53:04.731 JST" StructureHandle="=cm7/src&amp;lt;app.main{ALActv.java" StructureKind="java" NumEvents="5" CreationCount="1145"/><InteractionEvent Delta="null" EndDate="2014-08-30 16:53:05.432 JST" Interest="2.0" Kind="edit" Navigation="null" OriginId="org.eclipse.jdt.ui.CompilationUnitEditor" StartDate="2014-08-30 16:53:05.33 JST" StructureHandle="=cm7/src&amp;lt;app.main{ALActv.java" StructureKind="java" NumEvents="2" CreationCount="1145"/><InteractionEvent Delta="null" EndDate="2014-08-30 16:59:23.128 JST" Interest="935.01697" Kind="propagation" Navigation="null" OriginId="org.eclipse.jdt.ui.CompilationUnitEditor" StartDate="2014-08-30 15:12:07.415 JST" StructureHandle="/cm7/src" StructureKind="resource" NumEvents="936" CreationCount="1"/><InteractionEvent Delta="null" EndDate="2014-08-30 15:30:24.876 JST" Interest="2.4480002" Kind="propagation" Navigation="org.eclipse.mylyn.core.model.edges.containment" OriginId="org.eclipse.mylyn.core.model.interest.propagation" StartDate="2014-08-30 15:17:42.214 JST" StructureHandle="/cm7/res/layout" StructureKind="resource" NumEvents="4" CreationCount="167"/><InteractionEvent Delta="null" EndDate="2014-08-30 15:30:25.940 JST" Interest="4.0" Kind="selection" Navigation="null" OriginId="org.eclipse.jdt.ui.PackageExplorer" StartDate="2014-08-30 15:17:37.347 JST" StructureHandle="/cm7/res/layout" StructureKind="resource" NumEvents="4" CreationCount="167"/><InteractionEvent Delta="null" EndDate="2014-08-30 16:21:06.916 JST" Interest="4.0" Kind="selection" Navigation="null" OriginId="org.eclipse.jdt.ui.CompilationUnitEditor" StartDate="2014-08-30 16:16:50.437 JST" StructureHandle="=cm7/src&amp;lt;app.utils{Methods_dlg.java[Methods_dlg~dlg_ShowMessage_ThirdDialog~QActivity;~QString;~QDialog;~QDialog;~I" StructureKind="java" NumEvents="4" CreationCount="572"/><InteractionEvent Delta="null" EndDate="2014-08-30 16:18:55.182 JST" Interest="28.0" Kind="edit" Navigation="null" OriginId="org.eclipse.jdt.ui.CompilationUnitEditor" StartDate="2014-08-30 16:17:08.416 JST" StructureHandle="=cm7/src&amp;lt;app.utils{Methods_dlg.java[Methods_dlg~dlg_ShowMessage_ThirdDialog~QActivity;~QString;~QDialog;~QDialog;~I" StructureKind="java" NumEvents="28" CreationCount="572"/><InteractionEvent Delta="null" EndDate="2014-08-30 15:14:07.410 JST" Interest="2.0" Kind="selection" Navigation="null" OriginId="org.eclipse.jdt.ui.CompilationUnitEditor" StartDate="2014-08-30 15:13:58.445 JST" StructureHandle="=cm7/src&amp;lt;app.utils{Tags.java[Tags[DialogItemTags^DLG_MOVE_FILES" StructureKind="java" NumEvents="2" CreationCount="74"/><InteractionEvent Delta="null" EndDate="2014-08-30 15:14:11.801 JST" Interest="1.0" Kind="edit" Navigation="null" OriginId="org.eclipse.jdt.ui.CompilationUnitEditor" StartDate="2014-08-30 15:14:11.801 JST" StructureHandle="=cm7/src&amp;lt;app.utils{Tags.java[Tags[DialogItemTags^DLG_MOVE_FILES" StructureKind="java"/><InteractionEvent Delta="null" EndDate="2014-08-30 16:43:13.166 JST" Interest="2.0" Kind="selection" Navigation="null" OriginId="org.eclipse.jdt.ui.CompilationUnitEditor" StartDate="2014-08-30 16:43:06.531 JST" StructureHandle="=IFM11/src&amp;lt;ifm11.utils{Methods.java[Methods~go_Up_Dir~QActivity;" StructureKind="java" NumEvents="2" CreationCount="858"/><InteractionEvent Delta="null" EndDate="2014-08-30 16:39:27.487 JST" Interest="32.619003" Kind="propagation" Navigation="org.eclipse.mylyn.core.model.edges.containment" OriginId="org.eclipse.mylyn.core.model.interest.propagation" StartDate="2014-08-30 15:12:15.49 JST" StructureHandle="=IFM11/src" StructureKind="java" NumEvents="47" CreationCount="4"/><InteractionEvent Delta="null" EndDate="2014-08-30 15:12:10.324 JST" Interest="2.0" Kind="selection" Navigation="null" OriginId="org.eclipse.ui.views.ResourceNavigator" StartDate="2014-08-30 15:12:10.316 JST" StructureHandle="=IFM11/src" StructureKind="java" NumEvents="2" CreationCount="4"/><InteractionEvent Delta="null" EndDate="2014-08-30 15:20:26.139 JST" Interest="4.0" Kind="selection" Navigation="null" OriginId="org.eclipse.jdt.ui.CompilationUnitEditor" StartDate="2014-08-30 15:18:05.16 JST" StructureHandle="=cm7/src&amp;lt;app.utils{CONS.java[CONS[Pref" StructureKind="java" NumEvents="4" CreationCount="177"/><InteractionEvent Delta="null" EndDate="2014-08-30 15:20:26.635 JST" Interest="2.0" Kind="edit" Navigation="null" OriginId="org.eclipse.jdt.ui.CompilationUnitEditor" StartDate="2014-08-30 15:20:21.877 JST" StructureHandle="=cm7/src&amp;lt;app.utils{CONS.java[CONS[Pref" StructureKind="java" NumEvents="2" CreationCount="177"/><InteractionEvent Delta="null" EndDate="2014-08-30 15:19:17.757 JST" Interest="2.4" Kind="propagation" Navigation="org.eclipse.mylyn.core.model.edges.containment" OriginId="org.eclipse.mylyn.core.model.interest.propagation" StartDate="2014-08-30 15:19:15.168 JST" StructureHandle="=IFM11/src&amp;lt;ifm11.utils{CONS.java[CONS[Pref" StructureKind="java" NumEvents="3" CreationCount="186"/><InteractionEvent Delta="null" EndDate="2014-08-30 15:14:16.334 JST" Interest="1.0" Kind="selection" Navigation="null" OriginId="org.eclipse.jdt.ui.CompilationUnitEditor" StartDate="2014-08-30 15:14:16.334 JST" StructureHandle="=cm7/src&amp;lt;app.utils{Tags.java[Tags[DialogItemTags^DLG_ADD_MEMOS_GV_1" StructureKind="java"/><InteractionEvent Delta="null" EndDate="2014-08-30 16:34:31.227 JST" Interest="11.894" Kind="propagation" Navigation="org.eclipse.mylyn.core.model.edges.containment" OriginId="org.eclipse.mylyn.core.model.interest.propagation" StartDate="2014-08-30 15:13:58.446 JST" StructureHandle="=cm7/src&amp;lt;app.utils{Tags.java[Tags" StructureKind="java" NumEvents="12" CreationCount="74"/><InteractionEvent Delta="null" EndDate="2014-08-30 15:15:48.731 JST" Interest="1.0" Kind="selection" Navigation="null" OriginId="org.eclipse.jdt.ui.CompilationUnitEditor" StartDate="2014-08-30 15:15:48.731 JST" StructureHandle="=IFM11/src&amp;lt;ifm11.listeners.dialog{DOI_CL.java[DOI_CL~DOI_CL~QActivity;~QDialog;" StructureKind="java"/><InteractionEvent Delta="null" EndDate="2014-08-30 16:37:19.435 JST" Interest="252.0" Kind="propagation" Navigation="null" OriginId="org.eclipse.jdt.ui.PackageExplorer" StartDate="2014-08-30 15:12:09.339 JST" StructureHandle="/cm7/src/app/utils/Methods_dlg.java" StructureKind="resource" NumEvents="252" CreationCount="2"/><InteractionEvent Delta="null" EndDate="2014-08-30 16:59:23.126 JST" Interest="204.0" Kind="propagation" Navigation="null" OriginId="org.eclipse.jdt.ui.CompilationUnitEditor" StartDate="2014-08-30 16:39:54.556 JST" StructureHandle="/cm7/src/app/utils/Methods.java" StructureKind="resource" NumEvents="204" CreationCount="784"/><InteractionEvent Delta="null" EndDate="2014-08-30 15:17:34.905 JST" Interest="6.5340004" Kind="propagation" Navigation="org.eclipse.mylyn.core.model.edges.containment" OriginId="org.eclipse.mylyn.core.model.interest.propagation" StartDate="2014-08-30 15:13:13.866 JST" StructureHandle="/cm7/res/values" StructureKind="resource" NumEvents="9" CreationCount="40"/><InteractionEvent Delta="null" EndDate="2014-08-30 15:13:12.707 JST" Interest="2.0" Kind="selection" Navigation="null" OriginId="org.eclipse.jdt.ui.PackageExplorer" StartDate="2014-08-30 15:13:12.705 JST" StructureHandle="/cm7/res/values" StructureKind="resource" NumEvents="2" CreationCount="40"/><InteractionEvent Delta="null" EndDate="2014-08-30 16:39:19.682 JST" Interest="1.0" Kind="selection" Navigation="null" OriginId="org.eclipse.ui.views.ContentOutline" StartDate="2014-08-30 16:39:19.682 JST" StructureHandle="=IFM11/src&amp;lt;ifm11.listeners.dialog{DB_OCL.java%ifm11.listeners.dialog" StructureKind="java"/><InteractionEvent Delta="null" EndDate="2014-08-30 16:56:21.706 JST" Interest="19.0" Kind="propagation" Navigation="null" OriginId="org.eclipse.jdt.ui.CompilationUnitEditor" StartDate="2014-08-30 16:43:26.646 JST" StructureHandle="/IFM11/src/ifm11/utils/DBUtils.java" StructureKind="resource" NumEvents="19" CreationCount="870"/><InteractionEvent Delta="null" EndDate="2014-08-30 16:59:23.127 JST" Interest="55.420998" Kind="propagation" Navigation="org.eclipse.mylyn.core.model.edges.containment" OriginId="org.eclipse.mylyn.core.model.interest.propagation" StartDate="2014-08-30 16:39:55.275 JST" StructureHandle="=cm7/src&amp;lt;app.utils{Methods.java" StructureKind="java" NumEvents="81" CreationCount="784"/><InteractionEvent Delta="null" EndDate="2014-08-30 16:56:28.216 JST" Interest="13.0" Kind="selection" Navigation="null" OriginId="org.eclipse.jdt.ui.CompilationUnitEditor" StartDate="2014-08-30 16:39:54.556 JST" StructureHandle="=cm7/src&amp;lt;app.utils{Methods.java" StructureKind="java" NumEvents="13" CreationCount="784"/><InteractionEvent Delta="null" EndDate="2014-08-30 16:41:22.7 JST" Interest="2.0" Kind="edit" Navigation="null" OriginId="org.eclipse.jdt.ui.CompilationUnitEditor" StartDate="2014-08-30 16:40:15.96 JST" StructureHandle="=cm7/src&amp;lt;app.utils{Methods.java" StructureKind="java" NumEvents="2" CreationCount="784"/><InteractionEvent Delta="null" EndDate="2014-08-30 16:44:34.697 JST" Interest="4.4170003" Kind="propagation" Navigation="org.eclipse.mylyn.core.model.edges.containment" OriginId="org.eclipse.mylyn.core.model.interest.propagation" StartDate="2014-08-30 16:43:27.312 JST" StructureHandle="=IFM11/src&amp;lt;ifm11.utils{DBUtils.java" StructureKind="java" NumEvents="7" CreationCount="870"/><InteractionEvent Delta="null" EndDate="2014-08-30 16:56:21.706 JST" Interest="5.0" Kind="selection" Navigation="null" OriginId="org.eclipse.jdt.ui.CompilationUnitEditor" StartDate="2014-08-30 16:43:26.646 JST" StructureHandle="=IFM11/src&amp;lt;ifm11.utils{DBUtils.java" StructureKind="java" NumEvents="5" CreationCount="870"/><InteractionEvent Delta="null" EndDate="2014-08-30 15:14:00.842 JST" Interest="1.0" Kind="selection" Navigation="null" OriginId="org.eclipse.jdt.ui.CompilationUnitEditor" StartDate="2014-08-30 15:14:00.842 JST" StructureHandle="=cm7/src&amp;lt;app.utils{Tags.java[Tags[DialogItemTags^DLG_ACTV_MAIN_OPERATIONS" StructureKind="java"/><InteractionEvent Delta="null" EndDate="2014-08-30 15:17:40.243 JST" Interest="1.0" Kind="propagation" Navigation="null" OriginId="org.eclipse.mylyn.resources.ui.interest.updater" StartDate="2014-08-30 15:17:40.243 JST" StructureHandle="/cm7/res/layout/dlg_tmpl_list_cancel_2.xml" StructureKind="resource"/><InteractionEvent Delta="null" EndDate="2014-08-30 15:30:24.791 JST" Interest="3.0" Kind="selection" Navigation="null" OriginId="org.eclipse.jdt.ui.PackageExplorer" StartDate="2014-08-30 15:17:42.213 JST" StructureHandle="/cm7/res/layout/dlg_tmpl_list_cancel_2.xml" StructureKind="resource" NumEvents="3" CreationCount="168"/><InteractionEvent Delta="null" EndDate="2014-08-30 15:22:23.674 JST" Interest="2.0" Kind="selection" Navigation="null" OriginId="org.eclipse.jdt.ui.CompilationUnitEditor" StartDate="2014-08-30 15:21:59.373 JST" StructureHandle="=cm7/src&amp;lt;app.listeners.dialog{DLOI_LCL.java[DLOI_LCL~DLOI_LCL~QActivity;~QDialog;~QDialog;" StructureKind="java" NumEvents="2" CreationCount="250"/><InteractionEvent Delta="null" EndDate="2014-08-30 15:22:29.358 JST" Interest="13.0" Kind="edit" Navigation="null" OriginId="org.eclipse.jdt.ui.CompilationUnitEditor" StartDate="2014-08-30 15:22:00.515 JST" StructureHandle="=cm7/src&amp;lt;app.listeners.dialog{DLOI_LCL.java[DLOI_LCL~DLOI_LCL~QActivity;~QDialog;~QDialog;" StructureKind="java" NumEvents="13" CreationCount="250"/><InteractionEvent Delta="null" EndDate="2014-08-30 16:44:41.848 JST" Interest="7.5249996" Kind="propagation" Navigation="org.eclipse.mylyn.core.model.edges.containment" OriginId="org.eclipse.mylyn.core.model.interest.propagation" StartDate="2014-08-30 16:37:31.353 JST" StructureHandle="=IFM11/src&amp;lt;ifm11.listeners.dialog{DB_OCL.java[DB_OCL" StructureKind="java" NumEvents="9" CreationCount="718"/><InteractionEvent Delta="null" EndDate="2014-08-30 15:12:35.697 JST" Interest="4.551" Kind="propagation" Navigation="org.eclipse.mylyn.core.model.edges.containment" OriginId="org.eclipse.mylyn.core.model.interest.propagation" StartDate="2014-08-30 15:12:21.932 JST" StructureHandle="=IFM11/src&amp;lt;ifm11.utils{Methods_dlg.java" StructureKind="java" NumEvents="6" CreationCount="8"/><InteractionEvent Delta="null" EndDate="2014-08-30 16:39:27.487 JST" Interest="30.0" Kind="selection" Navigation="null" OriginId="org.eclipse.jdt.ui.CompilationUnitEditor" StartDate="2014-08-30 15:12:14.665 JST" StructureHandle="=IFM11/src&amp;lt;ifm11.utils{Methods_dlg.java" StructureKind="java" NumEvents="30" CreationCount="8"/><InteractionEvent Delta="null" EndDate="2014-08-30 16:56:21.707 JST" Interest="121.017" Kind="propagation" Navigation="null" OriginId="org.eclipse.jdt.ui.CompilationUnitEditor" StartDate="2014-08-30 15:12:13.415 JST" StructureHandle="/IFM11/src/ifm11/utils" StructureKind="resource" NumEvents="122" CreationCount="7"/><InteractionEvent Delta="null" EndDate="2014-08-30 16:20:16.686 JST" Interest="4.862999" Kind="propagation" Navigation="org.eclipse.mylyn.core.model.edges.containment" OriginId="org.eclipse.mylyn.core.model.interest.propagation" StartDate="2014-08-30 15:15:48.731 JST" StructureHandle="=IFM11/src&amp;lt;ifm11.listeners.dialog{DOI_CL.java" StructureKind="java" NumEvents="12" CreationCount="105"/><InteractionEvent Delta="null" EndDate="2014-08-30 16:39:27.780 JST" Interest="21.0" Kind="selection" Navigation="null" OriginId="org.eclipse.jdt.ui.CompilationUnitEditor" StartDate="2014-08-30 15:15:48.65 JST" StructureHandle="=IFM11/src&amp;lt;ifm11.listeners.dialog{DOI_CL.java" StructureKind="java" NumEvents="21" CreationCount="105"/><InteractionEvent Delta="null" EndDate="2014-08-30 16:56:28.62 JST" Interest="23.017" Kind="propagation" Navigation="org.eclipse.mylyn.core.model.edges.containment" OriginId="org.eclipse.mylyn.core.model.interest.propagation" StartDate="2014-08-30 16:53:01.688 JST" StructureHandle="/cm7/src/app/main" StructureKind="resource" NumEvents="24" CreationCount="1144"/><InteractionEvent Delta="null" EndDate="2014-08-30 16:43:44.518 JST" Interest="5.4" Kind="propagation" Navigation="org.eclipse.mylyn.core.model.edges.containment" OriginId="org.eclipse.mylyn.core.model.interest.propagation" StartDate="2014-08-30 16:43:27.312 JST" StructureHandle="=IFM11/src&amp;lt;ifm11.utils{DBUtils.java[DBUtils" StructureKind="java" NumEvents="6" CreationCount="871"/><InteractionEvent Delta="null" EndDate="2014-08-30 16:44:31.327 JST" Interest="2.0" Kind="selection" Navigation="null" OriginId="org.eclipse.ui.views.ContentOutline" StartDate="2014-08-30 16:44:29.979 JST" StructureHandle="=IFM11/src&amp;lt;ifm11.utils{DBUtils.java[DBUtils" StructureKind="java" NumEvents="2" CreationCount="871"/><InteractionEvent Delta="null" EndDate="2014-08-30 16:50:11.410 JST" Interest="114.0" Kind="propagation" Navigation="null" OriginId="org.eclipse.ui.views.ResourceNavigator" StartDate="2014-08-30 15:15:48.65 JST" StructureHandle="/IFM11/src/ifm11/listeners" StructureKind="resource" NumEvents="114" CreationCount="105"/><InteractionEvent Delta="null" EndDate="2014-08-30 15:16:36.688 JST" Interest="1.0" Kind="selection" Navigation="null" OriginId="org.eclipse.jdt.ui.CompilationUnitEditor" StartDate="2014-08-30 15:16:36.688 JST" StructureHandle="=cm7/src&amp;lt;app.listeners.dialog{DOI_CL.java[DOI_CL~case_ACTV_PLAY_OPTION_ADMIN_PATTERNS~QListItem;" StructureKind="java"/><InteractionEvent Delta="null" EndDate="2014-08-30 15:16:38.386 JST" Interest="1.0" Kind="edit" Navigation="null" OriginId="org.eclipse.jdt.ui.CompilationUnitEditor" StartDate="2014-08-30 15:16:38.386 JST" StructureHandle="=cm7/src&amp;lt;app.listeners.dialog{DOI_CL.java[DOI_CL~case_ACTV_PLAY_OPTION_ADMIN_PATTERNS~QListItem;" StructureKind="java"/><InteractionEvent Delta="null" EndDate="2014-08-30 16:59:23.126 JST" Interest="63.404" Kind="propagation" Navigation="org.eclipse.mylyn.core.model.edges.containment" OriginId="org.eclipse.mylyn.core.model.interest.propagation" StartDate="2014-08-30 16:40:37.389 JST" StructureHandle="=cm7/src&amp;lt;app.utils{Methods.java[Methods" StructureKind="java" NumEvents="86" CreationCount="785"/><InteractionEvent Delta="null" EndDate="2014-08-30 16:42:06.516 JST" Interest="5.0" Kind="selection" Navigation="null" OriginId="org.eclipse.jdt.ui.CompilationUnitEditor" StartDate="2014-08-30 16:39:55.274 JST" StructureHandle="=cm7/src&amp;lt;app.utils{Methods.java[Methods" StructureKind="java" NumEvents="5" CreationCount="785"/><InteractionEvent Delta="null" EndDate="2014-08-30 16:41:17.780 JST" Interest="2.0" Kind="edit" Navigation="null" OriginId="org.eclipse.jdt.ui.CompilationUnitEditor" StartDate="2014-08-30 16:39:59.623 JST" StructureHandle="=cm7/src&amp;lt;app.utils{Methods.java[Methods" StructureKind="java" NumEvents="2" CreationCount="785"/><InteractionEvent Delta="null" EndDate="2014-08-30 16:55:51.582 JST" Interest="7.678" Kind="propagation" Navigation="org.eclipse.mylyn.core.model.edges.containment" OriginId="org.eclipse.mylyn.core.model.interest.propagation" StartDate="2014-08-30 16:38:35.947 JST" StructureHandle="=cm7/src&amp;lt;app.listeners.dialog{DB_OCL.java[DB_OCL" StructureKind="java" NumEvents="10" CreationCount="733"/><InteractionEvent Delta="null" EndDate="2014-08-30 16:38:58.222 JST" Interest="1.0" Kind="selection" Navigation="null" OriginId="org.eclipse.jdt.ui.CompilationUnitEditor" StartDate="2014-08-30 16:38:58.222 JST" StructureHandle="=cm7/src&amp;lt;app.listeners.dialog{DB_OCL.java[DB_OCL" StructureKind="java"/><InteractionEvent Delta="null" EndDate="2014-08-30 16:38:59.453 JST" Interest="1.0" Kind="edit" Navigation="null" OriginId="org.eclipse.jdt.ui.CompilationUnitEditor" StartDate="2014-08-30 16:38:59.453 JST" StructureHandle="=cm7/src&amp;lt;app.listeners.dialog{DB_OCL.java[DB_OCL" StructureKind="java"/><InteractionEvent Delta="null" EndDate="2014-08-30 16:39:27.664 JST" Interest="33.568" Kind="propagation" Navigation="org.eclipse.mylyn.core.model.edges.containment" OriginId="org.eclipse.mylyn.core.model.interest.propagation" StartDate="2014-08-30 15:12:14.666 JST" StructureHandle="=IFM11/src&amp;lt;ifm11.utils" StructureKind="java" NumEvents="43" CreationCount="7"/><InteractionEvent Delta="null" EndDate="2014-08-30 15:12:13.415 JST" Interest="1.0" Kind="selection" Navigation="null" OriginId="org.eclipse.ui.views.ResourceNavigator" StartDate="2014-08-30 15:12:13.415 JST" StructureHandle="=IFM11/src&amp;lt;ifm11.utils" StructureKind="java"/><InteractionEvent Delta="null" EndDate="2014-08-30 16:35:46.169 JST" Interest="90.48499" Kind="propagation" Navigation="org.eclipse.mylyn.core.model.edges.containment" OriginId="org.eclipse.mylyn.core.model.interest.propagation" StartDate="2014-08-30 15:16:02.873 JST" StructureHandle="=cm7/src&amp;lt;app.listeners.dialog" StructureKind="java" NumEvents="140" CreationCount="111"/><InteractionEvent Delta="null" EndDate="2014-08-30 16:37:38.756 JST" Interest="1.0" Kind="selection" Navigation="null" OriginId="org.eclipse.jdt.ui.PackageExplorer" StartDate="2014-08-30 16:37:38.756 JST" StructureHandle="=cm7/src&amp;lt;app.listeners.dialog" StructureKind="java"/><InteractionEvent Delta="null" EndDate="2014-08-30 16:59:23.128 JST" Interest="935.01697" Kind="propagation" Navigation="org.eclipse.mylyn.core.model.edges.containment" OriginId="org.eclipse.mylyn.core.model.interest.propagation" StartDate="2014-08-30 15:12:07.415 JST" StructureHandle="=cm7" StructureKind="resource" NumEvents="936" CreationCount="1"/><InteractionEvent Delta="null" EndDate="2014-08-30 15:20:29.728 JST" Interest="1.0" Kind="selection" Navigation="null" OriginId="org.eclipse.jdt.ui.CompilationUnitEditor" StartDate="2014-08-30 15:20:29.728 JST" StructureHandle="=cm7/src&amp;lt;app.utils{CONS.java[CONS[Pref^dflt_LongExtra_value" StructureKind="java"/><InteractionEvent Delta="null" EndDate="2014-08-30 16:41:12.340 JST" Interest="1.163" Kind="propagation" Navigation="org.eclipse.mylyn.core.model.edges.containment" OriginId="org.eclipse.mylyn.core.model.interest.propagation" StartDate="2014-08-30 16:39:47.460 JST" StructureHandle="=IFM11/src&amp;lt;ifm11.utils{Methods.java" StructureKind="java" NumEvents="4" CreationCount="776"/><InteractionEvent Delta="null" EndDate="2014-08-30 16:44:41.378 JST" Interest="10.0" Kind="selection" Navigation="null" OriginId="org.eclipse.jdt.ui.CompilationUnitEditor" StartDate="2014-08-30 16:39:42.904 JST" StructureHandle="=IFM11/src&amp;lt;ifm11.utils{Methods.java" StructureKind="java" NumEvents="10" CreationCount="776"/><InteractionEvent Delta="null" EndDate="2014-08-30 15:12:47.727 JST" Interest="1.0" Kind="selection" Navigation="null" OriginId="org.eclipse.jdt.ui.CompilationUnitEditor" StartDate="2014-08-30 15:12:47.727 JST" StructureHandle="=cm7/src&amp;lt;app.utils{Methods_dlg.java#" StructureKind="java"/><InteractionEvent Delta="null" EndDate="2014-08-30 16:37:21.697 JST" Interest="11.56" Kind="propagation" Navigation="org.eclipse.mylyn.core.model.edges.containment" OriginId="org.eclipse.mylyn.core.model.interest.propagation" StartDate="2014-08-30 15:13:05.137 JST" StructureHandle="/IFM11/res" StructureKind="resource" NumEvents="16" CreationCount="33"/><InteractionEvent Delta="null" EndDate="2014-08-30 15:13:02.930 JST" Interest="1.0" Kind="selection" Navigation="null" OriginId="org.eclipse.ui.views.ResourceNavigator" StartDate="2014-08-30 15:13:02.930 JST" StructureHandle="/IFM11/res" StructureKind="resource"/><InteractionEvent Delta="null" EndDate="2014-08-30 16:37:40.403 JST" Interest="93.354996" Kind="propagation" Navigation="org.eclipse.mylyn.core.model.edges.containment" OriginId="org.eclipse.mylyn.core.model.interest.propagation" StartDate="2014-08-30 15:12:07.415 JST" StructureHandle="=cm7/src" StructureKind="java" NumEvents="139" CreationCount="1"/><InteractionEvent Delta="null" EndDate="2014-08-30 15:19:17.758 JST" Interest="1.417" Kind="propagation" Navigation="org.eclipse.mylyn.core.model.edges.containment" OriginId="org.eclipse.mylyn.core.model.interest.propagation" StartDate="2014-08-30 15:19:15.169 JST" StructureHandle="=IFM11/src&amp;lt;ifm11.utils{CONS.java" StructureKind="java" NumEvents="3" CreationCount="185"/><InteractionEvent Delta="null" EndDate="2014-08-30 15:30:32.992 JST" Interest="2.0" Kind="selection" Navigation="null" OriginId="org.eclipse.jdt.ui.CompilationUnitEditor" StartDate="2014-08-30 15:19:14.480 JST" StructureHandle="=IFM11/src&amp;lt;ifm11.utils{CONS.java" StructureKind="java" NumEvents="2" CreationCount="185"/><InteractionEvent Delta="null" EndDate="2014-08-30 16:52:31.687 JST" Interest="3.0" Kind="selection" Navigation="null" OriginId="org.eclipse.jdt.ui.CompilationUnitEditor" StartDate="2014-08-30 16:52:00.178 JST" StructureHandle="=cm7/src&amp;lt;app.utils{Comparator_AI.java[Comparator_AI~compare~QAI;~QAI;" StructureKind="java" NumEvents="3" CreationCount="1125"/><InteractionEvent Delta="null" EndDate="2014-08-30 16:52:34.261 JST" Interest="2.0" Kind="edit" Navigation="null" OriginId="org.eclipse.jdt.ui.CompilationUnitEditor" StartDate="2014-08-30 16:52:02.389 JST" StructureHandle="=cm7/src&amp;lt;app.utils{Comparator_AI.java[Comparator_AI~compare~QAI;~QAI;" StructureKind="java" NumEvents="2" CreationCount="1125"/><InteractionEvent Delta="null" EndDate="2014-08-30 15:12:17.257 JST" Interest="1.0" Kind="selection" Navigation="null" OriginId="org.eclipse.ui.views.ContentOutline" StartDate="2014-08-30 15:12:17.257 JST" StructureHandle="=IFM11/src&amp;lt;ifm11.utils{Methods_dlg.java%ifm11.utils" StructureKind="java"/><InteractionEvent Delta="null" EndDate="2014-08-30 16:38:55.97 JST" Interest="20.846" Kind="propagation" Navigation="org.eclipse.mylyn.core.model.edges.containment" OriginId="org.eclipse.mylyn.core.model.interest.propagation" StartDate="2014-08-30 15:15:48.731 JST" StructureHandle="=IFM11/src&amp;lt;ifm11.listeners.dialog{DOI_CL.java[DOI_CL" StructureKind="java" NumEvents="27" CreationCount="106"/><InteractionEvent Delta="null" EndDate="2014-08-30 15:34:45.625 JST" Interest="2.0" Kind="selection" Navigation="null" OriginId="org.eclipse.jdt.ui.CompilationUnitEditor" StartDate="2014-08-30 15:16:59.816 JST" StructureHandle="=IFM11/src&amp;lt;ifm11.listeners.dialog{DOI_CL.java[DOI_CL" StructureKind="java" NumEvents="2" CreationCount="106"/><InteractionEvent Delta="null" EndDate="2014-08-30 16:59:23.127 JST" Interest="654.01697" Kind="propagation" Navigation="org.eclipse.mylyn.core.model.edges.containment" OriginId="org.eclipse.mylyn.core.model.interest.propagation" StartDate="2014-08-30 15:12:07.415 JST" StructureHandle="/cm7/src/app" StructureKind="resource" NumEvents="655" CreationCount="1"/><InteractionEvent Delta="null" EndDate="2014-08-30 16:36:53.841 JST" Interest="15.0" Kind="selection" Navigation="null" OriginId="org.eclipse.jdt.ui.CompilationUnitEditor" StartDate="2014-08-30 15:17:14.408 JST" StructureHandle="=cm7/src&amp;lt;app.utils{Methods_dlg.java[Methods_dlg~dlg_MoveFiles__Folder~QActivity;~QDialog;" StructureKind="java" NumEvents="15" CreationCount="159"/><InteractionEvent Delta="null" EndDate="2014-08-30 16:35:22.795 JST" Interest="51.0" Kind="edit" Navigation="null" OriginId="org.eclipse.jdt.ui.CompilationUnitEditor" StartDate="2014-08-30 15:17:15.514 JST" StructureHandle="=cm7/src&amp;lt;app.utils{Methods_dlg.java[Methods_dlg~dlg_MoveFiles__Folder~QActivity;~QDialog;" StructureKind="java" NumEvents="51" CreationCount="159"/><InteractionEvent Delta="null" EndDate="2014-08-30 16:39:27.664 JST" Interest="69.0" Kind="propagation" Navigation="null" OriginId="org.eclipse.jdt.ui.CompilationUnitEditor" StartDate="2014-08-30 15:12:14.666 JST" StructureHandle="/IFM11/src/ifm11/utils/Methods_dlg.java" StructureKind="resource" NumEvents="69" CreationCount="8"/><InteractionEvent Delta="null" EndDate="2014-08-30 16:49:59.144 JST" Interest="34.730995" Kind="propagation" Navigation="org.eclipse.mylyn.core.model.edges.containment" OriginId="org.eclipse.mylyn.core.model.interest.propagation" StartDate="2014-08-30 16:43:00.186 JST" StructureHandle="=cm7/src&amp;lt;app.utils{DBUtils.java" StructureKind="java" NumEvents="54" CreationCount="852"/><InteractionEvent Delta="null" EndDate="2014-08-30 16:47:00.652 JST" Interest="10.0" Kind="selection" Navigation="null" OriginId="org.eclipse.jdt.ui.CompilationUnitEditor" StartDate="2014-08-30 16:42:59.450 JST" StructureHandle="=cm7/src&amp;lt;app.utils{DBUtils.java" StructureKind="java" NumEvents="10" CreationCount="852"/><InteractionEvent Delta="null" EndDate="2014-08-30 16:44:50.892 JST" Interest="3.0" Kind="edit" Navigation="null" OriginId="org.eclipse.jdt.ui.CompilationUnitEditor" StartDate="2014-08-30 16:43:56.294 JST" StructureHandle="=cm7/src&amp;lt;app.utils{DBUtils.java" StructureKind="java" NumEvents="3" CreationCount="852"/><InteractionEvent Delta="null" EndDate="2014-08-30 16:34:31.227 JST" Interest="2.0" Kind="selection" Navigation="null" OriginId="org.eclipse.ui.views.ContentOutline" StartDate="2014-08-30 16:21:53.538 JST" StructureHandle="=cm7/src&amp;lt;app.utils{Tags.java[Tags[DialogTags^DLG_CONF_MOVE_FILES_FOLDER_OK" StructureKind="java" NumEvents="2" CreationCount="656"/><InteractionEvent Delta="null" EndDate="2014-08-30 15:28:46.669 JST" Interest="0.09899998" Kind="manipulation" Navigation="null" OriginId="org.eclipse.mylyn.core.model.interest.decay.correction" StartDate="2014-08-30 15:28:46.669 JST" StructureHandle="=cm7/src&amp;lt;app.listeners.dialog{DOI_CL.java[DOI_CL~case_DLG_MOVE_FILES~QString;" StructureKind="java"/><InteractionEvent Delta="null" EndDate="2014-08-30 16:35:33.910 JST" Interest="12.0" Kind="selection" Navigation="null" OriginId="org.eclipse.jdt.ui.CompilationUnitEditor" StartDate="2014-08-30 15:16:49.73 JST" StructureHandle="=cm7/src&amp;lt;app.listeners.dialog{DOI_CL.java[DOI_CL~case_DLG_MOVE_FILES~QString;" StructureKind="java" NumEvents="12" CreationCount="145"/><InteractionEvent Delta="null" EndDate="2014-08-30 16:35:08.118 JST" Interest="7.0" Kind="edit" Navigation="null" OriginId="org.eclipse.jdt.ui.CompilationUnitEditor" StartDate="2014-08-30 15:16:50.404 JST" StructureHandle="=cm7/src&amp;lt;app.listeners.dialog{DOI_CL.java[DOI_CL~case_DLG_MOVE_FILES~QString;" StructureKind="java" NumEvents="7" CreationCount="145"/><InteractionEvent Delta="null" EndDate="2014-08-30 16:37:36.613 JST" Interest="2.0" Kind="selection" Navigation="null" OriginId="org.eclipse.jdt.ui.PackageExplorer" StartDate="2014-08-30 16:37:19.528 JST" StructureHandle="=cm7/src&amp;lt;app.tasks" StructureKind="java" NumEvents="2" CreationCount="711"/><InteractionEvent Delta="null" EndDate="2014-08-30 16:34:31.227 JST" Interest="5.366" Kind="propagation" Navigation="org.eclipse.mylyn.core.model.edges.containment" OriginId="org.eclipse.mylyn.core.model.interest.propagation" StartDate="2014-08-30 15:36:01.542 JST" StructureHandle="=cm7/src&amp;lt;app.utils{Tags.java[Tags[DialogTags" StructureKind="java" NumEvents="5" CreationCount="458"/><InteractionEvent Delta="null" EndDate="2014-08-30 15:32:42.448 JST" Interest="8.0" Kind="selection" Navigation="null" OriginId="org.eclipse.jdt.ui.CompilationUnitEditor" StartDate="2014-08-30 15:15:50.693 JST" StructureHandle="=IFM11/src&amp;lt;ifm11.listeners.dialog{DOI_CL.java[DOI_CL~onItemClick~QAdapterView\&amp;lt;*&amp;gt;;~QView;~I~J" StructureKind="java" NumEvents="8" CreationCount="107"/><InteractionEvent Delta="null" EndDate="2014-08-30 15:32:45.486 JST" Interest="13.0" Kind="edit" Navigation="null" OriginId="org.eclipse.jdt.ui.CompilationUnitEditor" StartDate="2014-08-30 15:15:54.253 JST" StructureHandle="=IFM11/src&amp;lt;ifm11.listeners.dialog{DOI_CL.java[DOI_CL~onItemClick~QAdapterView\&amp;lt;*&amp;gt;;~QView;~I~J" StructureKind="java" NumEvents="13" CreationCount="107"/><InteractionEvent Delta="null" EndDate="2014-08-30 16:45:23.874 JST" Interest="2.8730001" Kind="propagation" Navigation="org.eclipse.mylyn.core.model.edges.containment" OriginId="org.eclipse.mylyn.core.model.interest.propagation" StartDate="2014-08-30 15:18:05.16 JST" StructureHandle="=cm7/src&amp;lt;app.utils{CONS.java[CONS" StructureKind="java" NumEvents="7" CreationCount="177"/><InteractionEvent Delta="null" EndDate="2014-08-30 15:20:27.413 JST" Interest="7.0" Kind="selection" Navigation="null" OriginId="org.eclipse.jdt.ui.CompilationUnitEditor" StartDate="2014-08-30 15:19:21.679 JST" StructureHandle="=cm7/src&amp;lt;app.utils{CONS.java[CONS" StructureKind="java" NumEvents="7" CreationCount="177"/><InteractionEvent Delta="null" EndDate="2014-08-30 15:20:20.345 JST" Interest="8.0" Kind="edit" Navigation="null" OriginId="org.eclipse.jdt.ui.CompilationUnitEditor" StartDate="2014-08-30 15:19:22.561 JST" StructureHandle="=cm7/src&amp;lt;app.utils{CONS.java[CONS" StructureKind="java" NumEvents="8" CreationCount="177"/><InteractionEvent Delta="null" EndDate="2014-08-30 16:45:24.583 JST" Interest="3.0" Kind="selection" Navigation="null" OriginId="org.eclipse.jdt.ui.CompilationUnitEditor" StartDate="2014-08-30 16:44:53.653 JST" StructureHandle="=cm7/src&amp;lt;app.utils{DBUtils.java[DBUtils~get_ContentValues__TI_TableName~QActivity;~QString;" StructureKind="java" NumEvents="3" CreationCount="934"/><InteractionEvent Delta="null" EndDate="2014-08-30 16:46:00.936 JST" Interest="19.0" Kind="edit" Navigation="null" OriginId="org.eclipse.jdt.ui.CompilationUnitEditor" StartDate="2014-08-30 16:44:58.97 JST" StructureHandle="=cm7/src&amp;lt;app.utils{DBUtils.java[DBUtils~get_ContentValues__TI_TableName~QActivity;~QString;" StructureKind="java" NumEvents="19" CreationCount="934"/><InteractionEvent Delta="null" EndDate="2014-08-30 16:50:11.410 JST" Interest="6.1710005" Kind="propagation" Navigation="org.eclipse.mylyn.core.model.edges.containment" OriginId="org.eclipse.mylyn.core.model.interest.propagation" StartDate="2014-08-30 16:50:11.410 JST" StructureHandle="=IFM11/src&amp;lt;ifm11.listeners" StructureKind="java"/><InteractionEvent Delta="null" EndDate="2014-08-30 16:37:25.544 JST" Interest="1.0" Kind="selection" Navigation="null" OriginId="org.eclipse.ui.views.ResourceNavigator" StartDate="2014-08-30 16:37:25.544 JST" StructureHandle="=IFM11/src&amp;lt;ifm11.listeners" StructureKind="java"/><InteractionEvent Delta="null" EndDate="2014-08-30 15:30:25.940 JST" Interest="8.607" Kind="propagation" Navigation="org.eclipse.mylyn.core.model.edges.containment" OriginId="org.eclipse.mylyn.core.model.interest.propagation" StartDate="2014-08-30 15:13:12.706 JST" StructureHandle="/cm7/res" StructureKind="resource" NumEvents="12" CreationCount="40"/><InteractionEvent Delta="null" EndDate="2014-08-30 16:54:23.179 JST" Interest="9.0" Kind="selection" Navigation="null" OriginId="org.eclipse.ui.views.ContentOutline" StartDate="2014-08-30 16:50:30.227 JST" StructureHandle="=cm7/src&amp;lt;app.utils{Methods.java[Methods~_moveMode_False~QActivity;~QMenuItem;" StructureKind="java" NumEvents="9" CreationCount="1089"/><InteractionEvent Delta="null" EndDate="2014-08-30 16:54:22.275 JST" Interest="28.0" Kind="edit" Navigation="null" OriginId="org.eclipse.jdt.ui.CompilationUnitEditor" StartDate="2014-08-30 16:50:30.232 JST" StructureHandle="=cm7/src&amp;lt;app.utils{Methods.java[Methods~_moveMode_False~QActivity;~QMenuItem;" StructureKind="java" NumEvents="28" CreationCount="1089"/><InteractionEvent Delta="null" EndDate="2014-08-30 16:35:45.202 JST" Interest="16.0" Kind="selection" Navigation="null" OriginId="org.eclipse.jdt.ui.CompilationUnitEditor" StartDate="2014-08-30 15:33:10.304 JST" StructureHandle="=cm7/src&amp;lt;app.listeners.dialog{DOI_CL.java[DOI_CL~case_DLG_MOVE_FILES_FOLDER~QString;" StructureKind="java" NumEvents="16" CreationCount="416"/><InteractionEvent Delta="null" EndDate="2014-08-30 16:35:46.168 JST" Interest="99.0" Kind="edit" Navigation="null" OriginId="org.eclipse.jdt.ui.CompilationUnitEditor" StartDate="2014-08-30 15:33:11.57 JST" StructureHandle="=cm7/src&amp;lt;app.listeners.dialog{DOI_CL.java[DOI_CL~case_DLG_MOVE_FILES_FOLDER~QString;" StructureKind="java" NumEvents="99" CreationCount="416"/><InteractionEvent Delta="null" EndDate="2014-08-30 16:38:32.723 JST" Interest="2.913" Kind="manipulation" Navigation="null" OriginId="org.eclipse.mylyn.core.model.interest.decay.correction" StartDate="2014-08-30 16:20:20.753 JST" StructureHandle="=IFM11/src&amp;lt;ifm11.utils{Methods_dlg.java[Methods_dlg~conf_MoveFiles__Folder_Top~QActivity;~QDialog;~QDialog;" StructureKind="java" NumEvents="2" CreationCount="441"/><InteractionEvent Delta="null" EndDate="2014-08-30 16:39:27.663 JST" Interest="5.0" Kind="selection" Navigation="null" OriginId="org.eclipse.jdt.ui.CompilationUnitEditor" StartDate="2014-08-30 15:35:24.387 JST" StructureHandle="=IFM11/src&amp;lt;ifm11.utils{Methods_dlg.java[Methods_dlg~conf_MoveFiles__Folder_Top~QActivity;~QDialog;~QDialog;" StructureKind="java" NumEvents="5" CreationCount="441"/><InteractionEvent Delta="null" EndDate="2014-08-30 16:21:21.233 JST" Interest="5.188" Kind="manipulation" Navigation="null" OriginId="org.eclipse.mylyn.core.model.interest.decay.correction" StartDate="2014-08-30 16:21:21.233 JST" StructureHandle="=cm7/src&amp;lt;app.utils{Methods_dlg.java[Methods_dlg~conf_MoveFiles__Folder~QActivity;~QDialog;~QDialog;~QString;" StructureKind="java"/><InteractionEvent Delta="null" EndDate="2014-08-30 16:36:54.406 JST" Interest="8.0" Kind="selection" Navigation="null" OriginId="org.eclipse.jdt.ui.CompilationUnitEditor" StartDate="2014-08-30 15:23:26.738 JST" StructureHandle="=cm7/src&amp;lt;app.utils{Methods_dlg.java[Methods_dlg~conf_MoveFiles__Folder~QActivity;~QDialog;~QDialog;~QString;" StructureKind="java" NumEvents="8" CreationCount="286"/><InteractionEvent Delta="null" EndDate="2014-08-30 16:37:01.27 JST" Interest="11.0" Kind="edit" Navigation="null" OriginId="org.eclipse.jdt.ui.CompilationUnitEditor" StartDate="2014-08-30 16:21:22.314 JST" StructureHandle="=cm7/src&amp;lt;app.utils{Methods_dlg.java[Methods_dlg~conf_MoveFiles__Folder~QActivity;~QDialog;~QDialog;~QString;" StructureKind="java" NumEvents="11" CreationCount="286"/><InteractionEvent Delta="null" EndDate="2014-08-30 15:20:29.729 JST" Interest="11.617001" Kind="propagation" Navigation="org.eclipse.mylyn.core.model.edges.containment" OriginId="org.eclipse.mylyn.core.model.interest.propagation" StartDate="2014-08-30 15:18:05.18 JST" StructureHandle="=cm7/src&amp;lt;app.utils{CONS.java" StructureKind="java" NumEvents="19" CreationCount="176"/><InteractionEvent Delta="null" EndDate="2014-08-30 16:45:13.149 JST" Interest="6.0" Kind="selection" Navigation="null" OriginId="org.eclipse.jdt.ui.CompilationUnitEditor" StartDate="2014-08-30 15:18:04.334 JST" StructureHandle="=cm7/src&amp;lt;app.utils{CONS.java" StructureKind="java" NumEvents="6" CreationCount="176"/><InteractionEvent Delta="null" EndDate="2014-08-30 16:45:23.874 JST" Interest="40.0" Kind="propagation" Navigation="null" OriginId="org.eclipse.jdt.ui.CompilationUnitEditor" StartDate="2014-08-30 15:18:04.334 JST" StructureHandle="/cm7/src/app/utils/CONS.java" StructureKind="resource" NumEvents="40" CreationCount="176"/><InteractionEvent Delta="null" EndDate="2014-08-30 15:30:24.876 JST" Interest="2.0" Kind="selection" Navigation="null" OriginId="org.eclipse.jdt.ui.PackageExplorer" StartDate="2014-08-30 15:30:24.876 JST" StructureHandle="/cm7/res/layout/actv_imp.xml" StructureKind="resource" NumEvents="2" CreationCount="311"/><InteractionEvent Delta="null" EndDate="2014-08-30 16:45:21.624 JST" Interest="1.0" Kind="selection" Navigation="null" OriginId="org.eclipse.jdt.ui.CompilationUnitEditor" StartDate="2014-08-30 16:45:21.624 JST" StructureHandle="=cm7/src&amp;lt;app.utils{CONS.java[CONS[DB^col_names_CM7_full" StructureKind="java"/><InteractionEvent Delta="null" EndDate="2014-08-30 16:45:23.873 JST" Interest="2.0" Kind="edit" Navigation="null" OriginId="org.eclipse.jdt.ui.CompilationUnitEditor" StartDate="2014-08-30 16:45:23.247 JST" StructureHandle="=cm7/src&amp;lt;app.utils{CONS.java[CONS[DB^col_names_CM7_full" StructureKind="java" NumEvents="2" CreationCount="946"/><InteractionEvent Delta="null" EndDate="2014-08-30 15:22:15.97 JST" Interest="1.0" Kind="selection" Navigation="null" OriginId="org.eclipse.jdt.ui.CompilationUnitEditor" StartDate="2014-08-30 15:22:15.97 JST" StructureHandle="=cm7/src&amp;lt;app.listeners.dialog{DLOI_LCL.java[DLOI_LCL~DLOI_LCL~QActivity;~QDialog;" StructureKind="java"/><InteractionEvent Delta="null" EndDate="2014-08-30 15:22:16.906 JST" Interest="1.0" Kind="edit" Navigation="null" OriginId="org.eclipse.jdt.ui.CompilationUnitEditor" StartDate="2014-08-30 15:22:16.906 JST" StructureHandle="=cm7/src&amp;lt;app.listeners.dialog{DLOI_LCL.java[DLOI_LCL~DLOI_LCL~QActivity;~QDialog;" StructureKind="java"/><InteractionEvent Delta="null" EndDate="2014-08-30 16:59:23.127 JST" Interest="82.131996" Kind="propagation" Navigation="org.eclipse.mylyn.core.model.edges.containment" OriginId="org.eclipse.mylyn.core.model.interest.propagation" StartDate="2014-08-30 15:12:09.340 JST" StructureHandle="=cm7/src&amp;lt;app.utils" StructureKind="java" NumEvents="156" CreationCount="1"/><InteractionEvent Delta="null" EndDate="2014-08-30 15:12:07.414 JST" Interest="1.0" Kind="selection" Navigation="null" OriginId="org.eclipse.jdt.ui.PackageExplorer" StartDate="2014-08-30 15:12:07.414 JST" StructureHandle="=cm7/src&amp;lt;app.utils" StructureKind="java"/><InteractionEvent Delta="null" EndDate="2014-08-30 16:35:46.168 JST" Interest="62.484997" Kind="propagation" Navigation="org.eclipse.mylyn.core.model.edges.containment" OriginId="org.eclipse.mylyn.core.model.interest.propagation" StartDate="2014-08-30 15:16:03.552 JST" StructureHandle="=cm7/src&amp;lt;app.listeners.dialog{DOI_CL.java" StructureKind="java" NumEvents="92" CreationCount="111"/><InteractionEvent Delta="null" EndDate="2014-08-30 16:35:33.867 JST" Interest="28.0" Kind="selection" Navigation="null" OriginId="org.eclipse.jdt.ui.CompilationUnitEditor" StartDate="2014-08-30 15:16:02.873 JST" StructureHandle="=cm7/src&amp;lt;app.listeners.dialog{DOI_CL.java" StructureKind="java" NumEvents="28" CreationCount="111"/><InteractionEvent Delta="null" EndDate="2014-08-30 16:55:51.582 JST" Interest="255.0" Kind="propagation" Navigation="null" OriginId="org.eclipse.jdt.ui.CompilationUnitEditor" StartDate="2014-08-30 15:16:02.873 JST" StructureHandle="/cm7/src/app/listeners/dialog" StructureKind="resource" NumEvents="255" CreationCount="111"/><InteractionEvent Delta="null" EndDate="2014-08-30 15:22:29.358 JST" Interest="10.116999" Kind="propagation" Navigation="org.eclipse.mylyn.core.model.edges.containment" OriginId="org.eclipse.mylyn.core.model.interest.propagation" StartDate="2014-08-30 15:21:59.373 JST" StructureHandle="=cm7/src&amp;lt;app.listeners.dialog{DLOI_LCL.java" StructureKind="java" NumEvents="16" CreationCount="249"/><InteractionEvent Delta="null" EndDate="2014-08-30 15:21:58.453 JST" Interest="1.0" Kind="selection" Navigation="null" OriginId="org.eclipse.jdt.ui.CompilationUnitEditor" StartDate="2014-08-30 15:21:58.453 JST" StructureHandle="=cm7/src&amp;lt;app.listeners.dialog{DLOI_LCL.java" StructureKind="java"/><InteractionEvent Delta="null" EndDate="2014-08-30 16:56:28.62 JST" Interest="23.0" Kind="propagation" Navigation="null" OriginId="org.eclipse.jdt.ui.CompilationUnitEditor" StartDate="2014-08-30 16:53:04.731 JST" StructureHandle="/cm7/src/app/main/ALActv.java" StructureKind="resource" NumEvents="23" CreationCount="1145"/><InteractionEvent Delta="null" EndDate="2014-08-30 16:56:35.604 JST" Interest="11.0" Kind="prediction" Navigation="null" OriginId="org.eclipse.mylyn.resources.ui.interest.updater" StartDate="2014-08-30 15:14:47.812 JST" StructureHandle="/cm7/bin/cm7.apk" StructureKind="resource" NumEvents="11" CreationCount="92"/><InteractionEvent Delta="null" EndDate="2014-08-30 16:50:11.410 JST" Interest="1.0" Kind="propagation" Navigation="null" OriginId="org.eclipse.ui.views.ResourceNavigator" StartDate="2014-08-30 16:50:11.410 JST" StructureHandle="/IFM11/src/ifm11/listeners/DLOI_LCL.java" StructureKind="resource"/><InteractionEvent Delta="null" EndDate="2014-08-30 16:53:06.266 JST" Interest="21.0" Kind="propagation" Navigation="null" OriginId="org.eclipse.ui.views.ContentOutline" StartDate="2014-08-30 16:51:18.228 JST" StructureHandle="/cm7/src/app/utils/Comparator_AI.java" StructureKind="resource" NumEvents="21" CreationCount="1108"/><InteractionEvent Delta="null" EndDate="2014-08-30 16:39:27.780 JST" Interest="80.0" Kind="propagation" Navigation="null" OriginId="org.eclipse.jdt.ui.CompilationUnitEditor" StartDate="2014-08-30 15:15:48.65 JST" StructureHandle="/IFM11/src/ifm11/listeners/dialog/DOI_CL.java" StructureKind="resource" NumEvents="80" CreationCount="105"/><InteractionEvent Delta="null" EndDate="2014-08-30 16:37:20.557 JST" Interest="8.282001" Kind="manipulation" Navigation="null" OriginId="org.eclipse.mylyn.core.model.interest.decay.correction" StartDate="2014-08-30 16:37:20.557 JST" StructureHandle="/IFM11/res/layout/dlg_tmpl_list_cancel_2.xml" StructureKind="resource"/><InteractionEvent Delta="null" EndDate="2014-08-30 16:37:20.557 JST" Interest="2.0" Kind="selection" Navigation="null" OriginId="org.eclipse.ui.views.ResourceNavigator" StartDate="2014-08-30 15:17:32.796 JST" StructureHandle="/IFM11/res/layout/dlg_tmpl_list_cancel_2.xml" StructureKind="resource" NumEvents="2" CreationCount="165"/><InteractionEvent Delta="null" EndDate="2014-08-30 15:14:47.812 JST" Interest="1.0" Kind="propagation" Navigation="org.eclipse.mylyn.core.model.edges.containment" OriginId="org.eclipse.mylyn.core.model.interest.propagation" StartDate="2014-08-30 15:14:47.812 JST" StructureHandle="/cm7/bin" StructureKind="resource"/><InteractionEvent Delta="null" EndDate="2014-08-30 16:56:28.62 JST" Interest="9.368" Kind="propagation" Navigation="org.eclipse.mylyn.core.model.edges.containment" OriginId="org.eclipse.mylyn.core.model.interest.propagation" StartDate="2014-08-30 16:53:12.488 JST" StructureHandle="=cm7/src&amp;lt;app.main{ALActv.java[ALActv" StructureKind="java" NumEvents="13" CreationCount="1150"/><InteractionEvent Delta="null" EndDate="2014-08-30 16:55:57.125 JST" Interest="2.0" Kind="selection" Navigation="null" OriginId="org.eclipse.jdt.ui.CompilationUnitEditor" StartDate="2014-08-30 16:54:26.318 JST" StructureHandle="=cm7/src&amp;lt;app.utils{Methods.java[Methods~_moveMode_True~QActivity;~QMenuItem;" StructureKind="java" NumEvents="2" CreationCount="1179"/><InteractionEvent Delta="null" EndDate="2014-08-30 16:54:57.329 JST" Interest="15.0" Kind="edit" Navigation="null" OriginId="org.eclipse.jdt.ui.CompilationUnitEditor" StartDate="2014-08-30 16:54:26.971 JST" StructureHandle="=cm7/src&amp;lt;app.utils{Methods.java[Methods~_moveMode_True~QActivity;~QMenuItem;" StructureKind="java" NumEvents="15" CreationCount="1179"/><InteractionEvent Delta="null" EndDate="2014-08-30 15:14:11.801 JST" Interest="2.6999998" Kind="propagation" Navigation="org.eclipse.mylyn.core.model.edges.containment" OriginId="org.eclipse.mylyn.core.model.interest.propagation" StartDate="2014-08-30 15:13:58.445 JST" StructureHandle="=cm7/src&amp;lt;app.utils{Tags.java[Tags[DialogItemTags" StructureKind="java" NumEvents="5" CreationCount="74"/><InteractionEvent Delta="null" EndDate="2014-08-30 15:14:18.328 JST" Interest="2.0" Kind="selection" Navigation="null" OriginId="org.eclipse.jdt.ui.CompilationUnitEditor" StartDate="2014-08-30 15:14:14.38 JST" StructureHandle="=cm7/src&amp;lt;app.utils{Tags.java[Tags[DialogItemTags" StructureKind="java" NumEvents="2" CreationCount="74"/><InteractionEvent Delta="null" EndDate="2014-08-30 16:41:24.397 JST" Interest="1.0" Kind="selection" Navigation="null" OriginId="org.eclipse.jdt.ui.CompilationUnitEditor" StartDate="2014-08-30 16:41:24.397 JST" StructureHandle="=cm7/src&amp;lt;app.utils{Methods.java[Methods~_move_Files__Get_ToMoveList" StructureKind="java"/><InteractionEvent Delta="null" EndDate="2014-08-30 16:42:01.114 JST" Interest="17.0" Kind="edit" Navigation="null" OriginId="org.eclipse.jdt.ui.CompilationUnitEditor" StartDate="2014-08-30 16:41:26.120 JST" StructureHandle="=cm7/src&amp;lt;app.utils{Methods.java[Methods~_move_Files__Get_ToMoveList" StructureKind="java" NumEvents="17" CreationCount="827"/><InteractionEvent Delta="null" EndDate="2014-08-30 16:52:27.660 JST" Interest="6.0" Kind="selection" Navigation="null" OriginId="org.eclipse.ui.views.ContentOutline" StartDate="2014-08-30 16:51:18.881 JST" StructureHandle="=cm7/src&amp;lt;app.utils{Comparator_AI.java[Comparator_AI~Comparator_AI~QList\&amp;lt;QAI;&amp;gt;;~QSortType;~QSortOrder;" StructureKind="java" NumEvents="6" CreationCount="1109"/><InteractionEvent Delta="null" EndDate="2014-08-30 16:52:28.926 JST" Interest="3.0" Kind="edit" Navigation="null" OriginId="org.eclipse.jdt.ui.CompilationUnitEditor" StartDate="2014-08-30 16:52:28.332 JST" StructureHandle="=cm7/src&amp;lt;app.utils{Comparator_AI.java[Comparator_AI~Comparator_AI~QList\&amp;lt;QAI;&amp;gt;;~QSortType;~QSortOrder;" StructureKind="java" NumEvents="3" CreationCount="1109"/><InteractionEvent Delta="null" EndDate="2014-08-30 15:12:12.119 JST" Interest="1.0" Kind="selection" Navigation="null" OriginId="org.eclipse.ui.views.ResourceNavigator" StartDate="2014-08-30 15:12:12.119 JST" StructureHandle="=IFM11/src&amp;lt;ifm11" StructureKind="java"/><InteractionEvent Delta="null" EndDate="2014-08-30 15:17:06.985 JST" Interest="1.312" Kind="manipulation" Navigation="null" OriginId="org.eclipse.mylyn.core.model.interest.decay.correction" StartDate="2014-08-30 15:17:06.985 JST" StructureHandle="=IFM11/src&amp;lt;ifm11.utils{Methods_dlg.java[Methods_dlg~dlg_MoveFiles__Folder~QActivity;~QDialog;" StructureKind="java"/><InteractionEvent Delta="null" EndDate="2014-08-30 15:35:23.744 JST" Interest="12.0" Kind="selection" Navigation="null" OriginId="org.eclipse.jdt.ui.CompilationUnitEditor" StartDate="2014-08-30 15:12:26.293 JST" StructureHandle="=IFM11/src&amp;lt;ifm11.utils{Methods_dlg.java[Methods_dlg~dlg_MoveFiles__Folder~QActivity;~QDialog;" StructureKind="java" NumEvents="12" CreationCount="16"/><InteractionEvent Delta="null" EndDate="2014-08-30 15:31:21.567 JST" Interest="5.0" Kind="edit" Navigation="null" OriginId="org.eclipse.jdt.ui.CompilationUnitEditor" StartDate="2014-08-30 15:17:08.43 JST" StructureHandle="=IFM11/src&amp;lt;ifm11.utils{Methods_dlg.java[Methods_dlg~dlg_MoveFiles__Folder~QActivity;~QDialog;" StructureKind="java" NumEvents="5" CreationCount="16"/><InteractionEvent Delta="null" EndDate="2014-08-30 16:35:46.168 JST" Interest="206.0" Kind="propagation" Navigation="null" OriginId="org.eclipse.jdt.ui.CompilationUnitEditor" StartDate="2014-08-30 15:16:02.873 JST" StructureHandle="/cm7/src/app/listeners/dialog/DOI_CL.java" StructureKind="resource" NumEvents="206" CreationCount="111"/><InteractionEvent Delta="null" EndDate="2014-08-30 16:41:09.251 JST" Interest="1.0" Kind="selection" Navigation="null" OriginId="org.eclipse.ui.views.ContentOutline" StartDate="2014-08-30 16:41:09.251 JST" StructureHandle="=IFM11/src&amp;lt;ifm11.utils{Methods.java[Methods~_move_Files__Get_ToMoveList" StructureKind="java"/><InteractionEvent Delta="null" EndDate="2014-08-30 16:41:12.339 JST" Interest="5.0" Kind="edit" Navigation="null" OriginId="org.eclipse.jdt.ui.CompilationUnitEditor" StartDate="2014-08-30 16:41:09.953 JST" StructureHandle="=IFM11/src&amp;lt;ifm11.utils{Methods.java[Methods~_move_Files__Get_ToMoveList" StructureKind="java" NumEvents="5" CreationCount="815"/><InteractionEvent Delta="null" EndDate="2014-08-30 15:19:24.663 JST" Interest="1.0" Kind="selection" Navigation="null" OriginId="org.eclipse.jdt.ui.CompilationUnitEditor" StartDate="2014-08-30 15:19:24.663 JST" StructureHandle="=cm7/src&amp;lt;app.utils{CONS.java[CONS^pkey_CurrentPath" StructureKind="java"/><InteractionEvent Delta="null" EndDate="2014-08-30 16:50:11.327 JST" Interest="32.0" Kind="propagation" Navigation="null" OriginId="org.eclipse.ui.views.ResourceNavigator" StartDate="2014-08-30 16:37:28.656 JST" StructureHandle="/IFM11/src/ifm11/listeners/dialog/DB_OCL.java" StructureKind="resource" NumEvents="32" CreationCount="716"/><InteractionEvent Delta="null" EndDate="2014-08-30 15:17:23.229 JST" Interest="9.617" Kind="propagation" Navigation="org.eclipse.mylyn.core.model.edges.containment" OriginId="org.eclipse.mylyn.core.model.interest.propagation" StartDate="2014-08-30 15:13:05.952 JST" StructureHandle="/IFM11/res/values" StructureKind="resource" NumEvents="13" CreationCount="34"/><InteractionEvent Delta="null" EndDate="2014-08-30 15:13:05.137 JST" Interest="1.0" Kind="selection" Navigation="null" OriginId="org.eclipse.ui.views.ResourceNavigator" StartDate="2014-08-30 15:13:05.137 JST" StructureHandle="/IFM11/res/values" StructureKind="resource"/><InteractionEvent Delta="null" EndDate="2014-08-30 16:13:03.752 JST" Interest="25.868994" Kind="propagation" Navigation="org.eclipse.mylyn.core.model.edges.containment" OriginId="org.eclipse.mylyn.core.model.interest.propagation" StartDate="2014-08-30 15:12:44.415 JST" StructureHandle="=cm7/src&amp;lt;app.utils{Methods_dlg.java" StructureKind="java" NumEvents="38" CreationCount="2"/><InteractionEvent Delta="null" EndDate="2014-08-30 16:37:19.435 JST" Interest="32.0" Kind="selection" Navigation="null" OriginId="org.eclipse.jdt.ui.PackageExplorer" StartDate="2014-08-30 15:12:09.339 JST" StructureHandle="=cm7/src&amp;lt;app.utils{Methods_dlg.java" StructureKind="java" NumEvents="32" CreationCount="2"/><InteractionEvent Delta="null" EndDate="2014-08-30 15:12:49.891 JST" Interest="1.0" Kind="edit" Navigation="null" OriginId="org.eclipse.jdt.ui.CompilationUnitEditor" StartDate="2014-08-30 15:12:49.891 JST" StructureHandle="=cm7/src&amp;lt;app.utils{Methods_dlg.java" StructureKind="java"/><InteractionEvent Delta="null" EndDate="2014-08-30 16:35:38.923 JST" Interest="9.0" Kind="selection" Navigation="null" OriginId="org.eclipse.jdt.ui.CompilationUnitEditor" StartDate="2014-08-30 15:16:07.546 JST" StructureHandle="=cm7/src&amp;lt;app.listeners.dialog{DOI_CL.java[DOI_CL~onItemClick~QAdapterView\&amp;lt;*&amp;gt;;~QView;~I~J" StructureKind="java" NumEvents="9" CreationCount="114"/><InteractionEvent Delta="null" EndDate="2014-08-30 16:34:47.473 JST" Interest="14.0" Kind="edit" Navigation="null" OriginId="org.eclipse.jdt.ui.CompilationUnitEditor" StartDate="2014-08-30 15:16:08.892 JST" StructureHandle="=cm7/src&amp;lt;app.listeners.dialog{DOI_CL.java[DOI_CL~onItemClick~QAdapterView\&amp;lt;*&amp;gt;;~QView;~I~J" StructureKind="java" NumEvents="14" CreationCount="114"/><InteractionEvent Delta="null" EndDate="2014-08-30 16:49:59.142 JST" Interest="33.314" Kind="propagation" Navigation="org.eclipse.mylyn.core.model.edges.containment" OriginId="org.eclipse.mylyn.core.model.interest.propagation" StartDate="2014-08-30 16:44:12.764 JST" StructureHandle="=cm7/src&amp;lt;app.utils{DBUtils.java[DBUtils" StructureKind="java" NumEvents="48" CreationCount="853"/><InteractionEvent Delta="null" EndDate="2014-08-30 16:47:14.978 JST" Interest="10.0" Kind="selection" Navigation="null" OriginId="org.eclipse.jdt.ui.CompilationUnitEditor" StartDate="2014-08-30 16:43:00.185 JST" StructureHandle="=cm7/src&amp;lt;app.utils{DBUtils.java[DBUtils" StructureKind="java" NumEvents="10" CreationCount="853"/><InteractionEvent Delta="null" EndDate="2014-08-30 16:47:17.180 JST" Interest="5.0" Kind="edit" Navigation="null" OriginId="org.eclipse.jdt.ui.CompilationUnitEditor" StartDate="2014-08-30 16:43:39.131 JST" StructureHandle="=cm7/src&amp;lt;app.utils{DBUtils.java[DBUtils" StructureKind="java" NumEvents="5" CreationCount="853"/><InteractionEvent Delta="null" EndDate="2014-08-30 16:38:59.454 JST" Interest="1.0039997" Kind="propagation" Navigation="org.eclipse.mylyn.core.model.edges.containment" OriginId="org.eclipse.mylyn.core.model.interest.propagation" StartDate="2014-08-30 16:38:58.222 JST" StructureHandle="=cm7/src&amp;lt;app.listeners.dialog{DB_OCL.java" StructureKind="java" NumEvents="2" CreationCount="722"/><InteractionEvent Delta="null" EndDate="2014-08-30 16:55:51.525 JST" Interest="11.0" Kind="selection" Navigation="null" OriginId="org.eclipse.jdt.ui.CompilationUnitEditor" StartDate="2014-08-30 16:37:40.403 JST" StructureHandle="=cm7/src&amp;lt;app.listeners.dialog{DB_OCL.java" StructureKind="java" NumEvents="11" CreationCount="722"/><InteractionEvent Delta="null" EndDate="2014-08-30 15:14:05.334 JST" Interest="1.0" Kind="selection" Navigation="null" OriginId="org.eclipse.jdt.ui.CompilationUnitEditor" StartDate="2014-08-30 15:14:05.334 JST" StructureHandle="=cm7/src&amp;lt;app.utils{Tags.java[Tags[DialogItemTags^ACTV_PLAY_OPTION_ADMIN_PATTERNS" StructureKind="java"/><InteractionEvent Delta="null" EndDate="2014-08-30 16:44:41.567 JST" Interest="28.0" Kind="propagation" Navigation="null" OriginId="org.eclipse.jdt.ui.CompilationUnitEditor" StartDate="2014-08-30 16:39:42.904 JST" StructureHandle="/IFM11/src/ifm11/utils/Methods.java" StructureKind="resource" NumEvents="28" CreationCount="776"/><InteractionEvent Delta="null" EndDate="2014-08-30 16:38:55.97 JST" Interest="9.0" Kind="selection" Navigation="null" OriginId="org.eclipse.jdt.ui.CompilationUnitEditor" StartDate="2014-08-30 15:31:39.68 JST" StructureHandle="=IFM11/src&amp;lt;ifm11.listeners.dialog{DOI_CL.java[DOI_CL~case_DLG_MOVE_FILES_FOLDER~QString;" StructureKind="java" NumEvents="9" CreationCount="344"/><InteractionEvent Delta="null" EndDate="2014-08-30 16:20:16.685 JST" Interest="14.0" Kind="edit" Navigation="null" OriginId="org.eclipse.jdt.ui.CompilationUnitEditor" StartDate="2014-08-30 15:31:39.699 JST" StructureHandle="=IFM11/src&amp;lt;ifm11.listeners.dialog{DOI_CL.java[DOI_CL~case_DLG_MOVE_FILES_FOLDER~QString;" StructureKind="java" NumEvents="14" CreationCount="344"/><InteractionEvent Delta="null" EndDate="2014-08-30 16:50:11.326 JST" Interest="14.0" Kind="selection" Navigation="null" OriginId="org.eclipse.ui.views.ResourceNavigator" StartDate="2014-08-30 16:37:28.655 JST" StructureHandle="=IFM11/src&amp;lt;ifm11.listeners.dialog{DB_OCL.java" StructureKind="java" NumEvents="14" CreationCount="716"/><InteractionEvent Delta="null" EndDate="2014-08-30 16:52:28.926 JST" Interest="8.1" Kind="propagation" Navigation="org.eclipse.mylyn.core.model.edges.containment" OriginId="org.eclipse.mylyn.core.model.interest.propagation" StartDate="2014-08-30 16:51:18.881 JST" StructureHandle="=cm7/src&amp;lt;app.utils{Comparator_AI.java[Comparator_AI" StructureKind="java" NumEvents="9" CreationCount="1109"/><InteractionEvent Delta="null" EndDate="2014-08-30 16:53:06.266 JST" Interest="2.0" Kind="selection" Navigation="null" OriginId="org.eclipse.ui.views.ContentOutline" StartDate="2014-08-30 16:52:49.286 JST" StructureHandle="=cm7/src&amp;lt;app.utils{Comparator_AI.java[Comparator_AI" StructureKind="java" NumEvents="2" CreationCount="1109"/><InteractionEvent Delta="null" EndDate="2014-08-30 16:54:03.121 JST" Interest="0.5210004" Kind="manipulation" Navigation="null" OriginId="org.eclipse.mylyn.core.model.interest.decay.correction" StartDate="2014-08-30 16:54:03.121 JST" StructureHandle="=cm7/src&amp;lt;app.listeners.dialog{DB_OCL.java[DB_OCL~dlg_DLG_CONF_MOVE_FILES_FOLDER_OK" StructureKind="java"/><InteractionEvent Delta="null" EndDate="2014-08-30 16:55:51.581 JST" Interest="5.0" Kind="selection" Navigation="null" OriginId="org.eclipse.jdt.ui.CompilationUnitEditor" StartDate="2014-08-30 16:39:03.909 JST" StructureHandle="=cm7/src&amp;lt;app.listeners.dialog{DB_OCL.java[DB_OCL~dlg_DLG_CONF_MOVE_FILES_FOLDER_OK" StructureKind="java" NumEvents="5" CreationCount="754"/><InteractionEvent Delta="null" EndDate="2014-08-30 16:39:51.933 JST" Interest="5.0" Kind="edit" Navigation="null" OriginId="org.eclipse.jdt.ui.CompilationUnitEditor" StartDate="2014-08-30 16:39:06.388 JST" StructureHandle="=cm7/src&amp;lt;app.listeners.dialog{DB_OCL.java[DB_OCL~dlg_DLG_CONF_MOVE_FILES_FOLDER_OK" StructureKind="java" NumEvents="5" CreationCount="754"/><InteractionEvent Delta="null" EndDate="2014-08-30 16:56:28.399 JST" Interest="15.0" Kind="selection" Navigation="null" OriginId="org.eclipse.jdt.ui.CompilationUnitEditor" StartDate="2014-08-30 16:40:16.549 JST" StructureHandle="=cm7/src&amp;lt;app.utils{Methods.java[Methods~move_Files~QActivity;~QDialog;~QDialog;~QDialog;" StructureKind="java" NumEvents="15" CreationCount="797"/><InteractionEvent Delta="null" EndDate="2014-08-30 16:59:23.126 JST" Interest="78.0" Kind="edit" Navigation="null" OriginId="org.eclipse.jdt.ui.CompilationUnitEditor" StartDate="2014-08-30 16:40:17.718 JST" StructureHandle="=cm7/src&amp;lt;app.utils{Methods.java[Methods~move_Files~QActivity;~QDialog;~QDialog;~QDialog;" StructureKind="java" NumEvents="78" CreationCount="797"/></InteractionHistory>