<?xml version="1.0" encoding="UTF-8"?><InteractionHistory Id="local-90" Version="1"><InteractionEvent Delta="null" EndDate="2014-09-18 23:27:57.320 JST" Interest="456.68802" Kind="propagation" Navigation="org.eclipse.mylyn.core.model.edges.containment" OriginId="org.eclipse.mylyn.core.model.interest.propagation" StartDate="2014-09-18 22:58:00.495 JST" StructureHandle="" StructureKind="java" NumEvents="354" CreationCount="137"/><InteractionEvent Delta="null" EndDate="2014-09-19 00:15:00.217 JST" Interest="3.0" Kind="selection" Navigation="null" OriginId="org.eclipse.jdt.ui.CompilationUnitEditor" StartDate="2014-09-19 00:08:39.533 JST" StructureHandle="=SL3/src&amp;lt;sl3.utils{Methods.java[Methods~get_Pref_String~QActivity;~QString;~QString;~QString;" StructureKind="java" NumEvents="3" CreationCount="662"/><InteractionEvent Delta="null" EndDate="2014-09-19 00:15:00.217 JST" Interest="0.39700007" Kind="manipulation" Navigation="null" OriginId="org.eclipse.mylyn.core.model.interest.decay.correction" StartDate="2014-09-19 00:15:00.217 JST" StructureHandle="=SL3/src&amp;lt;sl3.utils{Methods.java[Methods~get_Pref_String~QActivity;~QString;~QString;~QString;" StructureKind="java"/><InteractionEvent Delta="null" EndDate="2014-09-18 22:58:00.494 JST" Interest="1.0" Kind="selection" Navigation="null" OriginId="org.eclipse.jdt.ui.PackageExplorer" StartDate="2014-09-18 22:58:00.494 JST" StructureHandle="=SL3/src" StructureKind="java"/><InteractionEvent Delta="null" EndDate="2014-09-19 00:35:30.977 JST" Interest="225.966" Kind="propagation" Navigation="org.eclipse.mylyn.core.model.edges.containment" OriginId="org.eclipse.mylyn.core.model.interest.propagation" StartDate="2014-09-18 22:03:55.227 JST" StructureHandle="=SL3/src" StructureKind="java" NumEvents="329" CreationCount="12"/><InteractionEvent Delta="null" EndDate="2014-09-19 00:22:21.68 JST" Interest="4.0" Kind="selection" Navigation="null" OriginId="org.eclipse.ui.views.ResourceNavigator" StartDate="2014-09-18 22:04:22.478 JST" StructureHandle="=SL3" StructureKind="java" NumEvents="4" CreationCount="12"/><InteractionEvent Delta="null" EndDate="2014-09-19 06:55:38.540 JST" Interest="1198.813" Kind="propagation" Navigation="org.eclipse.mylyn.core.model.edges.containment" OriginId="org.eclipse.mylyn.core.model.interest.propagation" StartDate="2014-09-18 22:03:55.226 JST" StructureHandle="=SL3" StructureKind="resource" NumEvents="1203" CreationCount="12"/><InteractionEvent Delta="null" EndDate="2014-09-19 00:04:30.752 JST" Interest="1.0" Kind="selection" Navigation="null" OriginId="org.eclipse.jdt.ui.PackageExplorer" StartDate="2014-09-19 00:04:30.752 JST" StructureHandle="=SL3/src&amp;lt;sl3.adapters" StructureKind="java"/><InteractionEvent Delta="null" EndDate="2014-09-19 00:33:24.874 JST" Interest="1.0" Kind="propagation" Navigation="org.eclipse.mylyn.core.model.edges.containment" OriginId="org.eclipse.mylyn.core.model.interest.propagation" StartDate="2014-09-19 00:33:24.874 JST" StructureHandle="/SL3/bin/res/crunch/drawable" StructureKind="resource"/><InteractionEvent Delta="null" EndDate="2014-09-19 00:25:16.648 JST" Interest="39.017" Kind="propagation" Navigation="org.eclipse.mylyn.core.model.edges.containment" OriginId="org.eclipse.mylyn.core.model.interest.propagation" StartDate="2014-09-19 00:08:00.42 JST" StructureHandle="/TA2/src/ta2/utils" StructureKind="resource" NumEvents="40" CreationCount="640"/><InteractionEvent Delta="null" EndDate="2014-09-19 00:25:16.648 JST" Interest="39.051" Kind="propagation" Navigation="org.eclipse.mylyn.core.model.edges.containment" OriginId="org.eclipse.mylyn.core.model.interest.propagation" StartDate="2014-09-19 00:07:58.146 JST" StructureHandle="/TA2/src/ta2" StructureKind="resource" NumEvents="42" CreationCount="638"/><InteractionEvent Delta="null" EndDate="2014-09-18 22:08:21.670 JST" Interest="2.0" Kind="propagation" Navigation="org.eclipse.mylyn.core.model.edges.containment" OriginId="org.eclipse.mylyn.core.model.interest.propagation" StartDate="2014-09-18 22:08:21.669 JST" StructureHandle="=SL3/gen" StructureKind="java" NumEvents="2" CreationCount="103"/><InteractionEvent Delta="null" EndDate="2014-09-19 00:08:04.514 JST" Interest="1.0" Kind="selection" Navigation="null" OriginId="org.eclipse.ui.views.ContentOutline" StartDate="2014-09-19 00:08:04.514 JST" StructureHandle="=TA2/src&amp;lt;ta2.utils{Methods.java[Methods~file_Exists~QActivity;~QString;" StructureKind="java"/><InteractionEvent Delta="null" EndDate="2014-09-19 00:08:10.664 JST" Interest="1.0" Kind="edit" Navigation="null" OriginId="org.eclipse.jdt.ui.CompilationUnitEditor" StartDate="2014-09-19 00:08:10.664 JST" StructureHandle="=TA2/src&amp;lt;ta2.utils{Methods.java[Methods~file_Exists~QActivity;~QString;" StructureKind="java"/><InteractionEvent Delta="null" EndDate="2014-09-18 23:00:28.834 JST" Interest="2.0" Kind="propagation" Navigation="org.eclipse.mylyn.core.model.edges.containment" OriginId="org.eclipse.mylyn.core.model.interest.propagation" StartDate="2014-09-18 23:00:28.827 JST" StructureHandle="=SL3/src&amp;lt;sl.main{TabActv.java#" StructureKind="java" NumEvents="2" CreationCount="156"/><InteractionEvent Delta="null" EndDate="2014-09-19 00:06:18.748 JST" Interest="1.0" Kind="selection" Navigation="null" OriginId="org.eclipse.jdt.ui.CompilationUnitEditor" StartDate="2014-09-19 00:06:18.748 JST" StructureHandle="=SL3/src&amp;lt;sl3.utils{CONS.java[CONS[Pref^p" StructureKind="java"/><InteractionEvent Delta="null" EndDate="2014-09-18 23:17:13.426 JST" Interest="11.0" Kind="selection" Navigation="null" OriginId="org.eclipse.jdt.ui.CompilationUnitEditor" StartDate="2014-09-18 22:04:26.902 JST" StructureHandle="=SL3/src&amp;lt;sl.main{TabActv.java[TabActv" StructureKind="java" NumEvents="11" CreationCount="2"/><InteractionEvent Delta="null" EndDate="2014-09-18 23:17:13.430 JST" Interest="11.0" Kind="edit" Navigation="null" OriginId="org.eclipse.jdt.ui.CompilationUnitEditor" StartDate="2014-09-18 23:00:25.999 JST" StructureHandle="=SL3/src&amp;lt;sl.main{TabActv.java[TabActv" StructureKind="java" NumEvents="11" CreationCount="2"/><InteractionEvent Delta="null" EndDate="2014-09-19 00:34:22.64 JST" Interest="201.53598" Kind="propagation" Navigation="org.eclipse.mylyn.core.model.edges.containment" OriginId="org.eclipse.mylyn.core.model.interest.propagation" StartDate="2014-09-18 22:03:55.331 JST" StructureHandle="=SL3/src&amp;lt;sl.main{TabActv.java[TabActv" StructureKind="java" NumEvents="281" CreationCount="2"/><InteractionEvent Delta="null" EndDate="2014-09-18 22:08:21.667 JST" Interest="1.0" Kind="propagation" Navigation="null" OriginId="org.eclipse.mylyn.resources.ui.interest.updater" StartDate="2014-09-18 22:08:21.667 JST" StructureHandle="=SL3/gen&amp;lt;sl3.main{BuildConfig.java" StructureKind="java"/><InteractionEvent Delta="null" EndDate="2014-09-18 22:10:24.372 JST" Interest="5.0" Kind="selection" Navigation="null" OriginId="org.eclipse.jdt.ui.PackageExplorer" StartDate="2014-09-18 22:04:54.43 JST" StructureHandle="/SL3/res/layout/itemlist_tabs.xml" StructureKind="resource" NumEvents="5" CreationCount="33"/><InteractionEvent Delta="null" EndDate="2014-09-18 22:10:23.81 JST" Interest="7.0" Kind="edit" Navigation="null" OriginId="com.android.ide.eclipse.editors.CommonXmlEditor" StartDate="2014-09-18 22:04:56.251 JST" StructureHandle="/SL3/res/layout/itemlist_tabs.xml" StructureKind="resource" NumEvents="7" CreationCount="33"/><InteractionEvent Delta="null" EndDate="2014-09-19 00:22:39.199 JST" Interest="9.0" Kind="selection" Navigation="null" OriginId="org.eclipse.jdt.ui.CompilationUnitEditor" StartDate="2014-09-18 23:06:59.405 JST" StructureHandle="=SL3/src&amp;lt;sl.main{TabActv.java[TabActv~onDestroy" StructureKind="java" NumEvents="9" CreationCount="297"/><InteractionEvent Delta="null" EndDate="2014-09-18 23:17:51.230 JST" Interest="25.0" Kind="edit" Navigation="null" OriginId="org.eclipse.jdt.ui.CompilationUnitEditor" StartDate="2014-09-18 23:07:00.112 JST" StructureHandle="=SL3/src&amp;lt;sl.main{TabActv.java[TabActv~onDestroy" StructureKind="java" NumEvents="25" CreationCount="297"/><InteractionEvent Delta="null" EndDate="2014-09-19 00:22:24.354 JST" Interest="65.0" Kind="propagation" Navigation="null" OriginId="org.eclipse.jdt.ui.PackageExplorer" StartDate="2014-09-19 00:04:33.280 JST" StructureHandle="/SL3/src/sl3/utils/CONS.java" StructureKind="resource" NumEvents="65" CreationCount="551"/><InteractionEvent Delta="null" EndDate="2014-09-19 00:35:34.502 JST" Interest="12.0" Kind="selection" Navigation="null" OriginId="org.eclipse.jdt.ui.CompilationUnitEditor" StartDate="2014-09-19 00:08:32.826 JST" StructureHandle="=SL3/src&amp;lt;sl3.utils{Methods.java" StructureKind="java" NumEvents="12" CreationCount="659"/><InteractionEvent Delta="null" EndDate="2014-09-19 06:55:38.541 JST" Interest="135.064" Kind="propagation" Navigation="org.eclipse.mylyn.core.model.edges.containment" OriginId="org.eclipse.mylyn.core.model.interest.propagation" StartDate="2014-09-19 00:08:33.633 JST" StructureHandle="=SL3/src&amp;lt;sl3.utils{Methods.java" StructureKind="java" NumEvents="194" CreationCount="659"/><InteractionEvent Delta="null" EndDate="2014-09-19 00:23:03.849 JST" Interest="37.0" Kind="propagation" Navigation="null" OriginId="org.eclipse.jdt.ui.CompilationUnitEditor" StartDate="2014-09-18 23:02:12.946 JST" StructureHandle="/SL3/src/sl/main/RegisterItemActv.java" StructureKind="resource" NumEvents="37" CreationCount="205"/><InteractionEvent Delta="null" EndDate="2014-09-18 22:09:46.681 JST" Interest="1.0" Kind="propagation" Navigation="org.eclipse.mylyn.core.model.edges.containment" OriginId="org.eclipse.mylyn.core.model.interest.propagation" StartDate="2014-09-18 22:09:46.681 JST" StructureHandle="/SL3/bin/dexedLibs" StructureKind="resource"/><InteractionEvent Delta="null" EndDate="2014-09-18 22:04:29.972 JST" Interest="1.0" Kind="selection" Navigation="null" OriginId="org.eclipse.jdt.ui.PackageExplorer" StartDate="2014-09-18 22:04:29.972 JST" StructureHandle="/SL3/a.bat" StructureKind="resource"/><InteractionEvent Delta="null" EndDate="2014-09-19 00:25:04.614 JST" Interest="6.0" Kind="selection" Navigation="null" OriginId="org.eclipse.jdt.ui.CompilationUnitEditor" StartDate="2014-09-19 00:08:02.88 JST" StructureHandle="=TA2/src&amp;lt;ta2.utils{Methods.java" StructureKind="java" NumEvents="6" CreationCount="641"/><InteractionEvent Delta="null" EndDate="2014-09-19 00:25:13.735 JST" Interest="7.673001" Kind="propagation" Navigation="org.eclipse.mylyn.core.model.edges.containment" OriginId="org.eclipse.mylyn.core.model.interest.propagation" StartDate="2014-09-19 00:08:11.546 JST" StructureHandle="=TA2/src&amp;lt;ta2.utils{Methods.java" StructureKind="java" NumEvents="15" CreationCount="641"/><InteractionEvent Delta="null" EndDate="2014-09-19 00:06:05.11 JST" Interest="6.0" Kind="selection" Navigation="null" OriginId="org.eclipse.jdt.ui.CompilationUnitEditor" StartDate="2014-09-19 00:05:08.99 JST" StructureHandle="=SL3/src&amp;lt;sl3.utils{CONS.java[CONS[Pref^pkey_TabActv_CheckedIds" StructureKind="java" NumEvents="6" CreationCount="569"/><InteractionEvent Delta="null" EndDate="2014-09-19 00:06:11.631 JST" Interest="9.0" Kind="edit" Navigation="null" OriginId="org.eclipse.jdt.ui.CompilationUnitEditor" StartDate="2014-09-19 00:05:29.576 JST" StructureHandle="=SL3/src&amp;lt;sl3.utils{CONS.java[CONS[Pref^pkey_TabActv_CheckedIds" StructureKind="java" NumEvents="9" CreationCount="569"/><InteractionEvent Delta="null" EndDate="2014-09-18 23:02:18.550 JST" Interest="4.0" Kind="selection" Navigation="null" OriginId="org.eclipse.jdt.ui.CompilationUnitEditor" StartDate="2014-09-18 23:02:15.820 JST" StructureHandle="=SL3/src&amp;lt;sl.main{RegisterItemActv.java[RegisterItemActv~onCreate~QBundle;" StructureKind="java" NumEvents="4" CreationCount="207"/><InteractionEvent Delta="null" EndDate="2014-09-19 00:27:37.201 JST" Interest="2.0" Kind="selection" Navigation="null" OriginId="org.eclipse.jdt.ui.CompilationUnitEditor" StartDate="2014-09-19 00:25:24.207 JST" StructureHandle="=SL3/src&amp;lt;sl3.utils{Methods.java[Methods~set_Pref_String~QActivity;~QString;~QString;~QString;" StructureKind="java" NumEvents="2" CreationCount="1008"/><InteractionEvent Delta="null" EndDate="2014-09-19 00:25:27.640 JST" Interest="3.0" Kind="edit" Navigation="null" OriginId="org.eclipse.jdt.ui.CompilationUnitEditor" StartDate="2014-09-19 00:25:25.690 JST" StructureHandle="=SL3/src&amp;lt;sl3.utils{Methods.java[Methods~set_Pref_String~QActivity;~QString;~QString;~QString;" StructureKind="java" NumEvents="3" CreationCount="1008"/><InteractionEvent Delta="null" EndDate="2014-09-19 06:55:38.540 JST" Interest="1203.0" Kind="propagation" Navigation="org.eclipse.mylyn.core.model.edges.containment" OriginId="org.eclipse.mylyn.core.model.interest.propagation" StartDate="2014-09-18 22:03:55.226 JST" StructureHandle="/" StructureKind="resource" NumEvents="1204" CreationCount="1"/><InteractionEvent Delta="null" EndDate="2014-09-19 00:08:17.428 JST" Interest="4.0" Kind="selection" Navigation="null" OriginId="org.eclipse.jdt.ui.CompilationUnitEditor" StartDate="2014-09-19 00:08:10.685 JST" StructureHandle="=TA2/src&amp;lt;ta2.utils{Methods.java[Methods~get_Pref_String~QActivity;~QString;~QString;~QString;" StructureKind="java" NumEvents="4" CreationCount="647"/><InteractionEvent Delta="null" EndDate="2014-09-19 00:08:17.977 JST" Interest="1.0" Kind="edit" Navigation="null" OriginId="org.eclipse.jdt.ui.CompilationUnitEditor" StartDate="2014-09-19 00:08:17.977 JST" StructureHandle="=TA2/src&amp;lt;ta2.utils{Methods.java[Methods~get_Pref_String~QActivity;~QString;~QString;~QString;" StructureKind="java"/><InteractionEvent Delta="null" EndDate="2014-09-18 22:08:21.671 JST" Interest="1.0" Kind="propagation" Navigation="null" OriginId="org.eclipse.mylyn.resources.ui.interest.updater" StartDate="2014-09-18 22:08:21.671 JST" StructureHandle="/SL3/gen/sl3/main/BuildConfig.java" StructureKind="resource"/><InteractionEvent Delta="null" EndDate="2014-09-19 00:33:24.874 JST" Interest="19.683" Kind="propagation" Navigation="org.eclipse.mylyn.core.model.edges.containment" OriginId="org.eclipse.mylyn.core.model.interest.propagation" StartDate="2014-09-18 22:08:21.672 JST" StructureHandle="/SL3/bin" StructureKind="resource" NumEvents="9" CreationCount="103"/><InteractionEvent Delta="null" EndDate="2014-09-19 00:33:58.868 JST" Interest="8.0" Kind="selection" Navigation="null" OriginId="org.eclipse.jdt.ui.CompilationUnitEditor" StartDate="2014-09-19 00:08:33.632 JST" StructureHandle="=SL3/src&amp;lt;sl3.utils{Methods.java[Methods" StructureKind="java" NumEvents="8" CreationCount="660"/><InteractionEvent Delta="null" EndDate="2014-09-19 00:25:23.177 JST" Interest="3.0" Kind="edit" Navigation="null" OriginId="org.eclipse.jdt.ui.CompilationUnitEditor" StartDate="2014-09-19 00:08:37.416 JST" StructureHandle="=SL3/src&amp;lt;sl3.utils{Methods.java[Methods" StructureKind="java" NumEvents="3" CreationCount="660"/><InteractionEvent Delta="null" EndDate="2014-09-19 06:55:38.540 JST" Interest="136.947" Kind="propagation" Navigation="org.eclipse.mylyn.core.model.edges.containment" OriginId="org.eclipse.mylyn.core.model.interest.propagation" StartDate="2014-09-19 00:08:43.347 JST" StructureHandle="=SL3/src&amp;lt;sl3.utils{Methods.java[Methods" StructureKind="java" NumEvents="194" CreationCount="660"/><InteractionEvent Delta="null" EndDate="2014-09-19 00:06:34.171 JST" Interest="5.0" Kind="edit" Navigation="null" OriginId="org.eclipse.jdt.ui.CompilationUnitEditor" StartDate="2014-09-19 00:06:26.666 JST" StructureHandle="=SL3/src&amp;lt;sl3.utils{CONS.java[CONS[Pref^pname_TabActv" StructureKind="java" NumEvents="5" CreationCount="594"/><InteractionEvent Delta="null" EndDate="2014-09-18 22:08:21.673 JST" Interest="4.0" Kind="propagation" Navigation="null" OriginId="org.eclipse.mylyn.resources.ui.interest.updater" StartDate="2014-09-18 22:08:21.668 JST" StructureHandle="/SL3/gen/sl3" StructureKind="resource" NumEvents="4" CreationCount="103"/><InteractionEvent Delta="null" EndDate="2014-09-19 00:25:16.648 JST" Interest="39.0" Kind="propagation" Navigation="null" OriginId="org.eclipse.jdt.ui.CompilationUnitEditor" StartDate="2014-09-19 00:08:02.88 JST" StructureHandle="/TA2/src/ta2/utils/Methods.java" StructureKind="resource" NumEvents="39" CreationCount="641"/><InteractionEvent Delta="null" EndDate="2014-09-19 00:04:43.61 JST" Interest="1.0" Kind="selection" Navigation="null" OriginId="org.eclipse.ui.views.ContentOutline" StartDate="2014-09-19 00:04:43.61 JST" StructureHandle="=SL3/src&amp;lt;sl3.utils{CONS.java[CONS[Admin" StructureKind="java"/><InteractionEvent Delta="null" EndDate="2014-09-19 00:04:46.797 JST" Interest="3.0" Kind="edit" Navigation="null" OriginId="org.eclipse.jdt.ui.CompilationUnitEditor" StartDate="2014-09-19 00:04:46.137 JST" StructureHandle="=SL3/src&amp;lt;sl3.utils{CONS.java[CONS[Admin" StructureKind="java" NumEvents="3" CreationCount="554"/><InteractionEvent Delta="null" EndDate="2014-09-18 23:06:51.766 JST" Interest="7.0" Kind="selection" Navigation="null" OriginId="org.eclipse.jdt.ui.CompilationUnitEditor" StartDate="2014-09-18 23:02:18.529 JST" StructureHandle="=SL3/src&amp;lt;sl.main{RegisterItemActv.java[RegisterItemActv~onStop" StructureKind="java" NumEvents="7" CreationCount="209"/><InteractionEvent Delta="null" EndDate="2014-09-18 23:02:21.229 JST" Interest="6.0" Kind="edit" Navigation="null" OriginId="org.eclipse.jdt.ui.CompilationUnitEditor" StartDate="2014-09-18 23:02:19.52 JST" StructureHandle="=SL3/src&amp;lt;sl.main{RegisterItemActv.java[RegisterItemActv~onStop" StructureKind="java" NumEvents="6" CreationCount="209"/><InteractionEvent Delta="null" EndDate="2014-09-19 00:35:31.141 JST" Interest="40.0" Kind="selection" Navigation="null" OriginId="org.eclipse.jdt.ui.CompilationUnitEditor" StartDate="2014-09-18 23:00:44.654 JST" StructureHandle="=SL3/src&amp;lt;sl.main{TabActv.java[TabActv~onStop" StructureKind="java" NumEvents="40" CreationCount="170"/><InteractionEvent Delta="null" EndDate="2014-09-19 00:34:25.953 JST" Interest="196.0" Kind="edit" Navigation="null" OriginId="org.eclipse.jdt.ui.CompilationUnitEditor" StartDate="2014-09-18 23:00:44.660 JST" StructureHandle="=SL3/src&amp;lt;sl.main{TabActv.java[TabActv~onStop" StructureKind="java" NumEvents="196" CreationCount="170"/><InteractionEvent Delta="null" EndDate="2014-09-18 22:58:06.881 JST" Interest="1.0" Kind="selection" Navigation="null" OriginId="org.eclipse.jdt.ui.PackageExplorer" StartDate="2014-09-18 22:58:06.881 JST" StructureHandle="=SL3/src&amp;lt;sl.main" StructureKind="java"/><InteractionEvent Delta="null" EndDate="2014-09-19 00:35:30.977 JST" Interest="222.141" Kind="propagation" Navigation="org.eclipse.mylyn.core.model.edges.containment" OriginId="org.eclipse.mylyn.core.model.interest.propagation" StartDate="2014-09-18 22:03:55.226 JST" StructureHandle="=SL3/src&amp;lt;sl.main" StructureKind="java" NumEvents="324" CreationCount="237"/><InteractionEvent Delta="null" EndDate="2014-09-19 00:37:01.729 JST" Interest="9.0" Kind="prediction" Navigation="null" OriginId="org.eclipse.mylyn.resources.ui.interest.updater" StartDate="2014-09-18 23:01:32.851 JST" StructureHandle="/SL3/bin/classes.dex" StructureKind="resource" NumEvents="9" CreationCount="200"/><InteractionEvent Delta="null" EndDate="2014-09-19 00:04:30.752 JST" Interest="1.0" Kind="propagation" Navigation="null" OriginId="org.eclipse.jdt.ui.PackageExplorer" StartDate="2014-09-19 00:04:30.752 JST" StructureHandle="/SL3/src/sl3/adapters" StructureKind="resource"/><InteractionEvent Delta="null" EndDate="2014-09-19 00:34:22.46 JST" Interest="36.0" Kind="selection" Navigation="null" OriginId="org.eclipse.jdt.ui.CompilationUnitEditor" StartDate="2014-09-18 22:04:15.150 JST" StructureHandle="=SL3/src&amp;lt;sl.main{TabActv.java[TabActv~onStart" StructureKind="java" NumEvents="36" CreationCount="10"/><InteractionEvent Delta="null" EndDate="2014-09-19 00:34:22.63 JST" Interest="263.0" Kind="edit" Navigation="null" OriginId="org.eclipse.jdt.ui.CompilationUnitEditor" StartDate="2014-09-18 22:05:24.167 JST" StructureHandle="=SL3/src&amp;lt;sl.main{TabActv.java[TabActv~onStart" StructureKind="java" NumEvents="263" CreationCount="10"/><InteractionEvent Delta="null" EndDate="2014-09-19 00:35:31.142 JST" Interest="846.0" Kind="propagation" Navigation="null" OriginId="org.eclipse.jdt.ui.CompilationUnitEditor" StartDate="2014-09-18 22:03:55.226 JST" StructureHandle="/SL3/src/sl/main" StructureKind="resource" NumEvents="846" CreationCount="1"/><InteractionEvent Delta="null" EndDate="2014-09-18 22:08:21.666 JST" Interest="1.0" Kind="propagation" Navigation="null" OriginId="org.eclipse.mylyn.resources.ui.interest.updater" StartDate="2014-09-18 22:08:21.666 JST" StructureHandle="=SL3/gen&amp;lt;sl3.main{R.java" StructureKind="java"/><InteractionEvent Delta="null" EndDate="2014-09-18 23:00:28.833 JST" Interest="2.0" Kind="selection" Navigation="null" OriginId="org.eclipse.jdt.ui.CompilationUnitEditor" StartDate="2014-09-18 23:00:28.826 JST" StructureHandle="=SL3/src&amp;lt;sl.main{TabActv.java#java.util.ArrayList" StructureKind="java" NumEvents="2" CreationCount="156"/><InteractionEvent Delta="null" EndDate="2014-09-19 06:55:38.540 JST" Interest="290.0" Kind="propagation" Navigation="null" OriginId="org.eclipse.jdt.ui.CompilationUnitEditor" StartDate="2014-09-19 00:08:32.826 JST" StructureHandle="/SL3/src/sl3/utils/Methods.java" StructureKind="resource" NumEvents="290" CreationCount="659"/><InteractionEvent Delta="null" EndDate="2014-09-19 00:33:24.874 JST" Interest="15.790001" Kind="propagation" Navigation="org.eclipse.mylyn.core.model.edges.containment" OriginId="org.eclipse.mylyn.core.model.interest.propagation" StartDate="2014-09-18 22:08:21.667 JST" StructureHandle="/SL3/bin/res" StructureKind="resource" NumEvents="2" CreationCount="332"/><InteractionEvent Delta="null" EndDate="2014-09-18 22:08:21.667 JST" Interest="1.0" Kind="propagation" Navigation="null" OriginId="org.eclipse.mylyn.resources.ui.interest.updater" StartDate="2014-09-18 22:08:21.667 JST" StructureHandle="/SL3/bin/AndroidManifest.xml" StructureKind="resource"/><InteractionEvent Delta="null" EndDate="2014-09-19 00:33:24.874 JST" Interest="1.0" Kind="propagation" Navigation="org.eclipse.mylyn.core.model.edges.containment" OriginId="org.eclipse.mylyn.core.model.interest.propagation" StartDate="2014-09-19 00:33:24.874 JST" StructureHandle="/SL3/bin/res/crunch" StructureKind="resource"/><InteractionEvent Delta="null" EndDate="2014-09-19 00:35:31.141 JST" Interest="808.0" Kind="propagation" Navigation="null" OriginId="org.eclipse.jdt.ui.CompilationUnitEditor" StartDate="2014-09-18 22:03:55.225 JST" StructureHandle="/SL3/src/sl/main/TabActv.java" StructureKind="resource" NumEvents="808" CreationCount="1"/><InteractionEvent Delta="null" EndDate="2014-09-19 00:08:03.791 JST" Interest="3.0" Kind="selection" Navigation="null" OriginId="org.eclipse.ui.views.ContentOutline" StartDate="2014-09-19 00:06:40.637 JST" StructureHandle="=SL3/src&amp;lt;sl3.utils{CONS.java[CONS[Pref^pkey_TabActv_ToBuyIds" StructureKind="java" NumEvents="3" CreationCount="605"/><InteractionEvent Delta="null" EndDate="2014-09-19 00:06:53.379 JST" Interest="3.0" Kind="edit" Navigation="null" OriginId="org.eclipse.jdt.ui.CompilationUnitEditor" StartDate="2014-09-19 00:06:49.916 JST" StructureHandle="=SL3/src&amp;lt;sl3.utils{CONS.java[CONS[Pref^pkey_TabActv_ToBuyIds" StructureKind="java" NumEvents="3" CreationCount="605"/><InteractionEvent Delta="null" EndDate="2014-09-19 00:03:31.459 JST" Interest="1.0" Kind="prediction" Navigation="null" OriginId="org.eclipse.mylyn.resources.ui.interest.updater" StartDate="2014-09-19 00:03:31.459 JST" StructureHandle="/SL3/bin/jarlist.cache" StructureKind="resource"/><InteractionEvent Delta="null" EndDate="2014-09-18 23:01:32.856 JST" Interest="1.0" Kind="propagation" Navigation="null" OriginId="org.eclipse.mylyn.resources.ui.interest.updater" StartDate="2014-09-18 23:01:32.856 JST" StructureHandle="/SL3/bin/jarlist.cache" StructureKind="resource"/><InteractionEvent Delta="null" EndDate="2014-09-19 00:35:31.142 JST" Interest="846.0" Kind="propagation" Navigation="org.eclipse.mylyn.core.model.edges.containment" OriginId="org.eclipse.mylyn.core.model.interest.propagation" StartDate="2014-09-18 22:03:55.226 JST" StructureHandle="/SL3/src/sl" StructureKind="resource" NumEvents="846" CreationCount="1"/><InteractionEvent Delta="null" EndDate="2014-09-18 23:16:58.214 JST" Interest="8.0" Kind="selection" Navigation="null" OriginId="org.eclipse.jdt.ui.CompilationUnitEditor" StartDate="2014-09-18 22:07:15.330 JST" StructureHandle="=SL3/src&amp;lt;sl.main{TabActv.java[TabActv~_SetupTabs__first" StructureKind="java" NumEvents="8" CreationCount="94"/><InteractionEvent Delta="null" EndDate="2014-09-18 23:16:53.419 JST" Interest="20.0" Kind="edit" Navigation="null" OriginId="org.eclipse.jdt.ui.CompilationUnitEditor" StartDate="2014-09-18 22:07:16.545 JST" StructureHandle="=SL3/src&amp;lt;sl.main{TabActv.java[TabActv~_SetupTabs__first" StructureKind="java" NumEvents="20" CreationCount="94"/><InteractionEvent Delta="null" EndDate="2014-09-18 22:10:24.977 JST" Interest="1.0" Kind="selection" Navigation="null" OriginId="org.eclipse.jdt.ui.PackageExplorer" StartDate="2014-09-18 22:10:24.977 JST" StructureHandle="/SL3/res/layout/dlg_register_store.xml" StructureKind="resource"/><InteractionEvent Delta="null" EndDate="2014-09-19 00:07:58.146 JST" Interest="1.0" Kind="selection" Navigation="null" OriginId="org.eclipse.ui.views.ResourceNavigator" StartDate="2014-09-19 00:07:58.146 JST" StructureHandle="=TA2/src&amp;lt;ta2" StructureKind="java"/><InteractionEvent Delta="null" EndDate="2014-09-19 00:03:12.260 JST" Interest="14.0" Kind="selection" Navigation="null" OriginId="org.eclipse.jdt.ui.CompilationUnitEditor" StartDate="2014-09-18 22:04:16.20 JST" StructureHandle="=SL3/src&amp;lt;sl.main{TabActv.java[TabActv~onCreate~QBundle;" StructureKind="java" NumEvents="14" CreationCount="11"/><InteractionEvent Delta="null" EndDate="2014-09-19 00:03:57.169 JST" Interest="20.0" Kind="edit" Navigation="null" OriginId="org.eclipse.jdt.ui.CompilationUnitEditor" StartDate="2014-09-18 22:04:17.155 JST" StructureHandle="=SL3/src&amp;lt;sl.main{TabActv.java[TabActv~onCreate~QBundle;" StructureKind="java" NumEvents="20" CreationCount="11"/><InteractionEvent Delta="null" EndDate="2014-09-19 00:02:20.213 JST" Interest="4.0" Kind="selection" Navigation="null" OriginId="org.eclipse.ui.views.ContentOutline" StartDate="2014-09-18 22:03:55.331 JST" StructureHandle="=SL3/src&amp;lt;sl.main{TabActv.java[TabActv~onOptionsItemSelected~QMenuItem;" StructureKind="java" NumEvents="4" CreationCount="2"/><InteractionEvent Delta="null" EndDate="2014-09-18 22:03:57.690 JST" Interest="2.0" Kind="edit" Navigation="null" OriginId="org.eclipse.jdt.ui.CompilationUnitEditor" StartDate="2014-09-18 22:03:55.419 JST" StructureHandle="=SL3/src&amp;lt;sl.main{TabActv.java[TabActv~onOptionsItemSelected~QMenuItem;" StructureKind="java" NumEvents="2" CreationCount="2"/><InteractionEvent Delta="null" EndDate="2014-09-19 00:02:20.137 JST" Interest="5.015001" Kind="manipulation" Navigation="null" OriginId="org.eclipse.mylyn.core.model.interest.decay.correction" StartDate="2014-09-19 00:02:20.137 JST" StructureHandle="=SL3/src&amp;lt;sl.main{TabActv.java[TabActv~onOptionsItemSelected~QMenuItem;" StructureKind="java"/><InteractionEvent Delta="null" EndDate="2014-09-19 06:55:38.540 JST" Interest="354.034" Kind="propagation" Navigation="org.eclipse.mylyn.core.model.edges.containment" OriginId="org.eclipse.mylyn.core.model.interest.propagation" StartDate="2014-09-19 00:04:30.752 JST" StructureHandle="/SL3/src/sl3" StructureKind="resource" NumEvents="357" CreationCount="549"/><InteractionEvent Delta="null" EndDate="2014-09-18 22:10:20.858 JST" Interest="5.0" Kind="selection" Navigation="null" OriginId="com.android.ide.eclipse.editors.CommonXmlEditor" StartDate="2014-09-18 22:04:37.78 JST" StructureHandle="/SL3/res/layout/itemlist.xml" StructureKind="resource" NumEvents="5" CreationCount="26"/><InteractionEvent Delta="null" EndDate="2014-09-18 22:10:20.910 JST" Interest="6.0" Kind="edit" Navigation="null" OriginId="com.android.ide.eclipse.editors.CommonXmlEditor" StartDate="2014-09-18 22:04:47.867 JST" StructureHandle="/SL3/res/layout/itemlist.xml" StructureKind="resource" NumEvents="6" CreationCount="26"/><InteractionEvent Delta="null" EndDate="2014-09-18 22:09:46.680 JST" Interest="1.0" Kind="propagation" Navigation="null" OriginId="org.eclipse.mylyn.resources.ui.interest.updater" StartDate="2014-09-18 22:09:46.680 JST" StructureHandle="/SL3/bin/dexedLibs/annotations-d288b20aa2286e3172641d3161bdbc70.jar" StructureKind="resource"/><InteractionEvent Delta="null" EndDate="2014-09-19 00:04:51.28 JST" Interest="1.0" Kind="selection" Navigation="null" OriginId="org.eclipse.jdt.ui.CompilationUnitEditor" StartDate="2014-09-19 00:04:51.28 JST" StructureHandle="=SL3/src&amp;lt;sl3.utils{CONS.java[CONS[Enum" StructureKind="java"/><InteractionEvent Delta="null" EndDate="2014-09-19 00:25:13.736 JST" Interest="3.0" Kind="selection" Navigation="null" OriginId="org.eclipse.jdt.ui.CompilationUnitEditor" StartDate="2014-09-19 00:25:13.602 JST" StructureHandle="=TA2/src&amp;lt;ta2.utils{Methods.java[Methods~set_Pref_String~QActivity;~QString;~QString;~QString;" StructureKind="java" NumEvents="3" CreationCount="996"/><InteractionEvent Delta="null" EndDate="2014-09-19 00:25:16.647 JST" Interest="4.0" Kind="edit" Navigation="null" OriginId="org.eclipse.jdt.ui.CompilationUnitEditor" StartDate="2014-09-19 00:25:14.769 JST" StructureHandle="=TA2/src&amp;lt;ta2.utils{Methods.java[Methods~set_Pref_String~QActivity;~QString;~QString;~QString;" StructureKind="java" NumEvents="4" CreationCount="996"/><InteractionEvent Delta="null" EndDate="2014-09-19 00:23:25.206 JST" Interest="3.0" Kind="selection" Navigation="null" OriginId="org.eclipse.jdt.ui.CompilationUnitEditor" StartDate="2014-09-19 00:15:02.998 JST" StructureHandle="=SL3/src&amp;lt;sl3.utils{Methods.java[Methods~conv_ItemIdString_to_IdsList~QActivity;~QString;" StructureKind="java" NumEvents="3" CreationCount="805"/><InteractionEvent Delta="null" EndDate="2014-09-19 00:23:25.228 JST" Interest="52.0" Kind="edit" Navigation="null" OriginId="org.eclipse.jdt.ui.CompilationUnitEditor" StartDate="2014-09-19 00:15:04.212 JST" StructureHandle="=SL3/src&amp;lt;sl3.utils{Methods.java[Methods~conv_ItemIdString_to_IdsList~QActivity;~QString;" StructureKind="java" NumEvents="52" CreationCount="805"/><InteractionEvent Delta="null" EndDate="2014-09-19 06:55:38.542 JST" Interest="355.017" Kind="propagation" Navigation="null" OriginId="org.eclipse.jdt.ui.CompilationUnitEditor" StartDate="2014-09-19 00:04:31.661 JST" StructureHandle="/SL3/src/sl3/utils" StructureKind="resource" NumEvents="356" CreationCount="550"/><InteractionEvent Delta="null" EndDate="2014-09-19 00:04:57.734 JST" Interest="4.0" Kind="selection" Navigation="null" OriginId="org.eclipse.jdt.ui.CompilationUnitEditor" StartDate="2014-09-19 00:04:42.356 JST" StructureHandle="=SL3/src&amp;lt;sl3.utils{CONS.java[CONS" StructureKind="java" NumEvents="4" CreationCount="553"/><InteractionEvent Delta="null" EndDate="2014-09-19 00:06:44.323 JST" Interest="11.272" Kind="propagation" Navigation="org.eclipse.mylyn.core.model.edges.containment" OriginId="org.eclipse.mylyn.core.model.interest.propagation" StartDate="2014-09-19 00:04:43.62 JST" StructureHandle="=SL3/src&amp;lt;sl3.utils{CONS.java[CONS" StructureKind="java" NumEvents="19" CreationCount="553"/><InteractionEvent Delta="null" EndDate="2014-09-18 22:04:53.533 JST" Interest="1.0" Kind="selection" Navigation="null" OriginId="org.eclipse.jdt.ui.PackageExplorer" StartDate="2014-09-18 22:04:53.533 JST" StructureHandle="/SL3/res/layout/dlg_tmpl_toast_ok.xml" StructureKind="resource"/><InteractionEvent Delta="null" EndDate="2014-09-19 00:08:00.41 JST" Interest="1.0" Kind="selection" Navigation="null" OriginId="org.eclipse.ui.views.ResourceNavigator" StartDate="2014-09-19 00:08:00.41 JST" StructureHandle="=TA2/src&amp;lt;ta2.utils" StructureKind="java"/><InteractionEvent Delta="null" EndDate="2014-09-19 00:25:16.644 JST" Interest="12.690001" Kind="propagation" Navigation="org.eclipse.mylyn.core.model.edges.containment" OriginId="org.eclipse.mylyn.core.model.interest.propagation" StartDate="2014-09-19 00:08:02.89 JST" StructureHandle="=TA2/src&amp;lt;ta2.utils" StructureKind="java" NumEvents="23" CreationCount="640"/><InteractionEvent Delta="null" EndDate="2014-09-18 22:08:21.671 JST" Interest="3.0" Kind="propagation" Navigation="null" OriginId="org.eclipse.mylyn.resources.ui.interest.updater" StartDate="2014-09-18 22:08:21.668 JST" StructureHandle="/SL3/gen/sl3/main" StructureKind="resource" NumEvents="3" CreationCount="103"/><InteractionEvent Delta="null" EndDate="2014-09-18 22:10:56.598 JST" Interest="1.0" Kind="selection" Navigation="null" OriginId="org.eclipse.jdt.ui.PackageExplorer" StartDate="2014-09-18 22:10:56.598 JST" StructureHandle="/SL3/res/drawable" StructureKind="resource"/><InteractionEvent Delta="null" EndDate="2014-09-18 22:04:26.217 JST" Interest="1.0" Kind="selection" Navigation="null" OriginId="org.eclipse.jdt.ui.PackageExplorer" StartDate="2014-09-18 22:04:26.217 JST" StructureHandle="=SL3/src&amp;lt;sl.main{TabActv.java[TabActv~_prepareItemList" StructureKind="java"/><InteractionEvent Delta="null" EndDate="2014-09-19 00:23:28.782 JST" Interest="1.0" Kind="selection" Navigation="null" OriginId="org.eclipse.jdt.ui.CompilationUnitEditor" StartDate="2014-09-19 00:23:28.782 JST" StructureHandle="=SL3/src&amp;lt;sl3.utils{Methods.java[Methods~set_Pref_String~QActivity;~QString;~QString;~Z" StructureKind="java"/><InteractionEvent Delta="null" EndDate="2014-09-19 00:23:29.950 JST" Interest="1.0" Kind="edit" Navigation="null" OriginId="org.eclipse.jdt.ui.CompilationUnitEditor" StartDate="2014-09-19 00:23:29.950 JST" StructureHandle="=SL3/src&amp;lt;sl3.utils{Methods.java[Methods~set_Pref_String~QActivity;~QString;~QString;~Z" StructureKind="java"/><InteractionEvent Delta="null" EndDate="2014-09-18 22:08:57.885 JST" Interest="1.0" Kind="selection" Navigation="null" OriginId="org.eclipse.jdt.ui.CompilationUnitEditor" StartDate="2014-09-18 22:08:57.885 JST" StructureHandle="=SL3/src&amp;lt;sl.main{TabActv.java[TabActv~setupTabs__second" StructureKind="java"/><InteractionEvent Delta="null" EndDate="2014-09-18 22:09:28.53 JST" Interest="10.0" Kind="edit" Navigation="null" OriginId="org.eclipse.jdt.ui.CompilationUnitEditor" StartDate="2014-09-18 22:08:58.744 JST" StructureHandle="=SL3/src&amp;lt;sl.main{TabActv.java[TabActv~setupTabs__second" StructureKind="java" NumEvents="10" CreationCount="112"/><InteractionEvent Delta="null" EndDate="2014-09-19 00:22:24.354 JST" Interest="4.0" Kind="selection" Navigation="null" OriginId="org.eclipse.jdt.ui.PackageExplorer" StartDate="2014-09-19 00:04:33.279 JST" StructureHandle="=SL3/src&amp;lt;sl3.utils{CONS.java" StructureKind="java" NumEvents="4" CreationCount="551"/><InteractionEvent Delta="null" EndDate="2014-09-19 00:06:49.917 JST" Interest="13.306001" Kind="propagation" Navigation="org.eclipse.mylyn.core.model.edges.containment" OriginId="org.eclipse.mylyn.core.model.interest.propagation" StartDate="2014-09-19 00:04:46.170 JST" StructureHandle="=SL3/src&amp;lt;sl3.utils{CONS.java" StructureKind="java" NumEvents="26" CreationCount="551"/><InteractionEvent Delta="null" EndDate="2014-09-18 22:08:21.667 JST" Interest="1.0" Kind="propagation" Navigation="null" OriginId="org.eclipse.mylyn.resources.ui.interest.updater" StartDate="2014-09-18 22:08:21.667 JST" StructureHandle="=SL3/gen&amp;lt;sl3" StructureKind="java"/><InteractionEvent Delta="null" EndDate="2014-09-18 22:08:21.668 JST" Interest="1.0" Kind="propagation" Navigation="null" OriginId="org.eclipse.mylyn.resources.ui.interest.updater" StartDate="2014-09-18 22:08:21.668 JST" StructureHandle="/SL3/gen/sl3/main/R.java" StructureKind="resource"/><InteractionEvent Delta="null" EndDate="2014-09-18 22:08:21.673 JST" Interest="4.0" Kind="propagation" Navigation="org.eclipse.mylyn.core.model.edges.containment" OriginId="org.eclipse.mylyn.core.model.interest.propagation" StartDate="2014-09-18 22:08:21.668 JST" StructureHandle="/SL3/gen" StructureKind="resource" NumEvents="4" CreationCount="103"/><InteractionEvent Delta="null" EndDate="2014-09-18 22:10:58.923 JST" Interest="1.0" Kind="selection" Navigation="null" OriginId="org.eclipse.jdt.ui.PackageExplorer" StartDate="2014-09-18 22:10:58.923 JST" StructureHandle="/SL3/res/drawable-mdpi" StructureKind="resource"/><InteractionEvent Delta="null" EndDate="2014-09-18 22:08:21.667 JST" Interest="2.0" Kind="propagation" Navigation="null" OriginId="org.eclipse.mylyn.resources.ui.interest.updater" StartDate="2014-09-18 22:08:21.668 JST" StructureHandle="=SL3/gen&amp;lt;sl3.main" StructureKind="java" NumEvents="2" CreationCount="103"/><InteractionEvent Delta="null" EndDate="2014-09-18 23:02:14.562 JST" Interest="1.0" Kind="selection" Navigation="null" OriginId="org.eclipse.ui.views.ContentOutline" StartDate="2014-09-18 23:02:14.562 JST" StructureHandle="=SL3/src&amp;lt;sl.main{RegisterItemActv.java%sl.main" StructureKind="java"/><InteractionEvent Delta="null" EndDate="2014-09-19 00:25:16.648 JST" Interest="39.068" Kind="propagation" Navigation="org.eclipse.mylyn.core.model.edges.containment" OriginId="org.eclipse.mylyn.core.model.interest.propagation" StartDate="2014-09-19 00:07:57.379 JST" StructureHandle="/TA2/src" StructureKind="resource" NumEvents="43" CreationCount="637"/><InteractionEvent Delta="null" EndDate="2014-09-19 00:22:20.700 JST" Interest="2.0" Kind="selection" Navigation="null" OriginId="org.eclipse.ui.views.ResourceNavigator" StartDate="2014-09-19 00:07:55.100 JST" StructureHandle="=TA2" StructureKind="java" NumEvents="2" CreationCount="636"/><InteractionEvent Delta="null" EndDate="2014-09-19 00:25:16.648 JST" Interest="37.085003" Kind="propagation" Navigation="org.eclipse.mylyn.core.model.edges.containment" OriginId="org.eclipse.mylyn.core.model.interest.propagation" StartDate="2014-09-19 00:07:57.379 JST" StructureHandle="=TA2" StructureKind="resource" NumEvents="42" CreationCount="636"/><InteractionEvent Delta="null" EndDate="2014-09-19 00:23:20.304 JST" Interest="3.0" Kind="selection" Navigation="null" OriginId="org.eclipse.jdt.ui.CompilationUnitEditor" StartDate="2014-09-19 00:23:15.731 JST" StructureHandle="=TA2/src&amp;lt;ta2.utils{Methods.java[Methods~drop_Table~QActivity;~QString;~QDialog;~QDialog;~QDialog;" StructureKind="java" NumEvents="3" CreationCount="909"/><InteractionEvent Delta="null" EndDate="2014-09-19 00:04:31.660 JST" Interest="1.0" Kind="selection" Navigation="null" OriginId="org.eclipse.jdt.ui.PackageExplorer" StartDate="2014-09-19 00:04:31.660 JST" StructureHandle="=SL3/src&amp;lt;sl3.utils" StructureKind="java"/><InteractionEvent Delta="null" EndDate="2014-09-19 06:55:38.542 JST" Interest="147.917" Kind="propagation" Navigation="org.eclipse.mylyn.core.model.edges.containment" OriginId="org.eclipse.mylyn.core.model.interest.propagation" StartDate="2014-09-19 00:04:33.281 JST" StructureHandle="=SL3/src&amp;lt;sl3.utils" StructureKind="java" NumEvents="215" CreationCount="550"/><InteractionEvent Delta="null" EndDate="2014-09-19 00:07:52.115 JST" Interest="1.0" Kind="selection" Navigation="null" OriginId="org.eclipse.ui.views.ResourceNavigator" StartDate="2014-09-19 00:07:52.115 JST" StructureHandle="/SL3/assets" StructureKind="resource"/><InteractionEvent Delta="null" EndDate="2014-09-18 23:27:57.320 JST" Interest="365.0" Kind="propagation" Navigation="null" OriginId="org.eclipse.jdt.ui.CompilationUnitEditor" StartDate="2014-09-18 22:58:00.495 JST" StructureHandle="/SL3" StructureKind="resource" NumEvents="365" CreationCount="137"/><InteractionEvent Delta="null" EndDate="2014-09-19 00:23:03.838 JST" Interest="1.0" Kind="selection" Navigation="null" OriginId="org.eclipse.jdt.ui.CompilationUnitEditor" StartDate="2014-09-19 00:23:03.838 JST" StructureHandle="=SL3/src&amp;lt;sl.main{RegisterItemActv.java[RegisterItemActv" StructureKind="java"/><InteractionEvent Delta="null" EndDate="2014-09-19 00:23:03.849 JST" Interest="1.0" Kind="edit" Navigation="null" OriginId="org.eclipse.jdt.ui.CompilationUnitEditor" StartDate="2014-09-19 00:23:03.849 JST" StructureHandle="=SL3/src&amp;lt;sl.main{RegisterItemActv.java[RegisterItemActv" StructureKind="java"/><InteractionEvent Delta="null" EndDate="2014-09-19 00:23:03.838 JST" Interest="0.5300007" Kind="manipulation" Navigation="null" OriginId="org.eclipse.mylyn.core.model.interest.decay.correction" StartDate="2014-09-19 00:23:03.838 JST" StructureHandle="=SL3/src&amp;lt;sl.main{RegisterItemActv.java[RegisterItemActv" StructureKind="java"/><InteractionEvent Delta="null" EndDate="2014-09-18 23:06:51.766 JST" Interest="11.234" Kind="propagation" Navigation="org.eclipse.mylyn.core.model.edges.containment" OriginId="org.eclipse.mylyn.core.model.interest.propagation" StartDate="2014-09-18 23:02:15.820 JST" StructureHandle="=SL3/src&amp;lt;sl.main{RegisterItemActv.java[RegisterItemActv" StructureKind="java" NumEvents="13" CreationCount="207"/><InteractionEvent Delta="null" EndDate="2014-09-18 23:17:55.149 JST" Interest="7.0" Kind="selection" Navigation="null" OriginId="org.eclipse.ui.views.ContentOutline" StartDate="2014-09-18 22:05:58.906 JST" StructureHandle="=SL3/src&amp;lt;sl.main{TabActv.java[TabActv~_SetupTabs" StructureKind="java" NumEvents="7" CreationCount="65"/><InteractionEvent Delta="null" EndDate="2014-09-18 23:18:56.431 JST" Interest="73.0" Kind="edit" Navigation="null" OriginId="org.eclipse.jdt.ui.CompilationUnitEditor" StartDate="2014-09-18 22:05:59.638 JST" StructureHandle="=SL3/src&amp;lt;sl.main{TabActv.java[TabActv~_SetupTabs" StructureKind="java" NumEvents="73" CreationCount="65"/><InteractionEvent Delta="null" EndDate="2014-09-19 00:07:58.663 JST" Interest="1.0" Kind="selection" Navigation="null" OriginId="org.eclipse.ui.views.ResourceNavigator" StartDate="2014-09-19 00:07:58.663 JST" StructureHandle="=TA2/src&amp;lt;ta2.adapters" StructureKind="java"/><InteractionEvent Delta="null" EndDate="2014-09-19 00:33:24.874 JST" Interest="1.0" Kind="prediction" Navigation="null" OriginId="org.eclipse.mylyn.resources.ui.interest.updater" StartDate="2014-09-19 00:33:24.874 JST" StructureHandle="/SL3/bin/res/crunch/drawable/proj_icon.png" StructureKind="resource"/><InteractionEvent Delta="null" EndDate="2014-09-19 00:23:03.772 JST" Interest="5.0" Kind="selection" Navigation="null" OriginId="org.eclipse.jdt.ui.CompilationUnitEditor" StartDate="2014-09-18 23:02:12.946 JST" StructureHandle="=SL3/src&amp;lt;sl.main{RegisterItemActv.java" StructureKind="java" NumEvents="5" CreationCount="205"/><InteractionEvent Delta="null" EndDate="2014-09-18 23:06:51.791 JST" Interest="9.268001" Kind="propagation" Navigation="org.eclipse.mylyn.core.model.edges.containment" OriginId="org.eclipse.mylyn.core.model.interest.propagation" StartDate="2014-09-18 23:02:14.562 JST" StructureHandle="=SL3/src&amp;lt;sl.main{RegisterItemActv.java" StructureKind="java" NumEvents="16" CreationCount="205"/><InteractionEvent Delta="null" EndDate="2014-09-18 22:04:01.450 JST" Interest="1.0" Kind="selection" Navigation="null" OriginId="org.eclipse.ui.views.ContentOutline" StartDate="2014-09-18 22:04:01.450 JST" StructureHandle="=SL3/src&amp;lt;sl.main{TabActv.java[TabActv~_prep_ToBuyList" StructureKind="java"/><InteractionEvent Delta="null" EndDate="2014-09-18 23:17:24.736 JST" Interest="3.0" Kind="selection" Navigation="null" OriginId="org.eclipse.jdt.ui.CompilationUnitEditor" StartDate="2014-09-18 23:00:37.112 JST" StructureHandle="=SL3/src&amp;lt;sl.main{TabActv.java[TabActv~onKeyDown~I~QKeyEvent;" StructureKind="java" NumEvents="3" CreationCount="160"/><InteractionEvent Delta="null" EndDate="2014-09-18 23:17:24.741 JST" Interest="6.0" Kind="edit" Navigation="null" OriginId="org.eclipse.jdt.ui.CompilationUnitEditor" StartDate="2014-09-18 23:00:37.120 JST" StructureHandle="=SL3/src&amp;lt;sl.main{TabActv.java[TabActv~onKeyDown~I~QKeyEvent;" StructureKind="java" NumEvents="6" CreationCount="160"/><InteractionEvent Delta="null" EndDate="2014-09-18 23:06:51.790 JST" Interest="3.0" Kind="selection" Navigation="null" OriginId="org.eclipse.jdt.ui.CompilationUnitEditor" StartDate="2014-09-18 23:06:51.686 JST" StructureHandle="=SL3/src&amp;lt;sl.main{RegisterItemActv.java[RegisterItemActv~onDestroy" StructureKind="java" NumEvents="3" CreationCount="279"/><InteractionEvent Delta="null" EndDate="2014-09-18 23:06:55.515 JST" Interest="9.0" Kind="edit" Navigation="null" OriginId="org.eclipse.jdt.ui.CompilationUnitEditor" StartDate="2014-09-18 23:06:52.259 JST" StructureHandle="=SL3/src&amp;lt;sl.main{RegisterItemActv.java[RegisterItemActv~onDestroy" StructureKind="java" NumEvents="9" CreationCount="279"/><InteractionEvent Delta="null" EndDate="2014-09-19 00:06:37.241 JST" Interest="6.0" Kind="selection" Navigation="null" OriginId="org.eclipse.jdt.ui.CompilationUnitEditor" StartDate="2014-09-19 00:04:55.916 JST" StructureHandle="=SL3/src&amp;lt;sl3.utils{CONS.java[CONS[Pref" StructureKind="java" NumEvents="6" CreationCount="561"/><InteractionEvent Delta="null" EndDate="2014-09-19 00:06:38.582 JST" Interest="9.0" Kind="edit" Navigation="null" OriginId="org.eclipse.jdt.ui.CompilationUnitEditor" StartDate="2014-09-19 00:04:57.39 JST" StructureHandle="=SL3/src&amp;lt;sl3.utils{CONS.java[CONS[Pref" StructureKind="java" NumEvents="9" CreationCount="561"/><InteractionEvent Delta="null" EndDate="2014-09-19 00:06:11.632 JST" Interest="2.836" Kind="propagation" Navigation="org.eclipse.mylyn.core.model.edges.containment" OriginId="org.eclipse.mylyn.core.model.interest.propagation" StartDate="2014-09-19 00:05:38.649 JST" StructureHandle="=SL3/src&amp;lt;sl3.utils{CONS.java[CONS[Pref" StructureKind="java" NumEvents="5" CreationCount="561"/><InteractionEvent Delta="null" EndDate="2014-09-18 22:04:31.86 JST" Interest="1.0" Kind="selection" Navigation="null" OriginId="org.eclipse.jdt.ui.PackageExplorer" StartDate="2014-09-18 22:04:31.86 JST" StructureHandle="/SL3/res" StructureKind="resource"/><InteractionEvent Delta="null" EndDate="2014-09-18 22:10:25.759 JST" Interest="10.0529995" Kind="propagation" Navigation="org.eclipse.mylyn.core.model.edges.containment" OriginId="org.eclipse.mylyn.core.model.interest.propagation" StartDate="2014-09-18 22:04:32.603 JST" StructureHandle="/SL3/res" StructureKind="resource" NumEvents="16" CreationCount="24"/><InteractionEvent Delta="null" EndDate="2014-09-18 22:05:49.874 JST" Interest="2.0" Kind="selection" Navigation="null" OriginId="org.eclipse.ui.views.ContentOutline" StartDate="2014-09-18 22:05:40.795 JST" StructureHandle="=SL3/src&amp;lt;sl.main{TabActv.java[TabActv~_Setup_InitVars" StructureKind="java" NumEvents="2" CreationCount="57"/><InteractionEvent Delta="null" EndDate="2014-09-18 22:05:52.422 JST" Interest="4.0" Kind="edit" Navigation="null" OriginId="org.eclipse.jdt.ui.CompilationUnitEditor" StartDate="2014-09-18 22:05:41.765 JST" StructureHandle="=SL3/src&amp;lt;sl.main{TabActv.java[TabActv~_Setup_InitVars" StructureKind="java" NumEvents="4" CreationCount="57"/><InteractionEvent Delta="null" EndDate="2014-09-19 00:25:16.649 JST" Interest="45.0" Kind="propagation" Navigation="null" OriginId="org.eclipse.jdt.ui.CompilationUnitEditor" StartDate="2014-09-19 00:07:55.100 JST" StructureHandle="/TA2" StructureKind="resource" NumEvents="45" CreationCount="636"/><InteractionEvent Delta="null" EndDate="2014-09-19 06:55:38.543 JST" Interest="1204.0" Kind="propagation" Navigation="null" OriginId="org.eclipse.jdt.ui.CompilationUnitEditor" StartDate="2014-09-18 22:03:55.226 JST" StructureHandle="/SL3/src" StructureKind="resource" NumEvents="1204" CreationCount="1"/><InteractionEvent Delta="null" EndDate="2014-09-18 22:09:46.680 JST" Interest="1.0" Kind="propagation" Navigation="null" OriginId="org.eclipse.mylyn.resources.ui.interest.updater" StartDate="2014-09-18 22:09:46.680 JST" StructureHandle="/SL3/bin/dexedLibs/commons-lang-2.1-dce7c806b9889e4e2c39b91189f98002.jar" StructureKind="resource"/><InteractionEvent Delta="null" EndDate="2014-09-19 00:37:01.729 JST" Interest="9.0" Kind="prediction" Navigation="null" OriginId="org.eclipse.mylyn.resources.ui.interest.updater" StartDate="2014-09-18 23:01:32.851 JST" StructureHandle="/SL3/bin/SL3.apk" StructureKind="resource" NumEvents="9" CreationCount="200"/><InteractionEvent Delta="null" EndDate="2014-09-19 00:35:30.976 JST" Interest="36.0" Kind="selection" Navigation="null" OriginId="org.eclipse.jdt.ui.CompilationUnitEditor" StartDate="2014-09-18 22:03:55.225 JST" StructureHandle="=SL3/src&amp;lt;sl.main{TabActv.java" StructureKind="java" NumEvents="36" CreationCount="1"/><InteractionEvent Delta="null" EndDate="2014-09-19 00:24:29.390 JST" Interest="191.153" Kind="propagation" Navigation="org.eclipse.mylyn.core.model.edges.containment" OriginId="org.eclipse.mylyn.core.model.interest.propagation" StartDate="2014-09-18 22:03:55.332 JST" StructureHandle="=SL3/src&amp;lt;sl.main{TabActv.java" StructureKind="java" NumEvents="280" CreationCount="1"/><InteractionEvent Delta="null" EndDate="2014-09-19 00:25:13.718 JST" Interest="7.0" Kind="selection" Navigation="null" OriginId="org.eclipse.jdt.ui.CompilationUnitEditor" StartDate="2014-09-19 00:23:20.183 JST" StructureHandle="=TA2/src&amp;lt;ta2.utils{Methods.java[Methods~set_Pref_String~QActivity;~QString;~QString;~Z" StructureKind="java" NumEvents="7" CreationCount="910"/><InteractionEvent Delta="null" EndDate="2014-09-19 00:23:23.980 JST" Interest="3.0" Kind="edit" Navigation="null" OriginId="org.eclipse.jdt.ui.CompilationUnitEditor" StartDate="2014-09-19 00:23:20.863 JST" StructureHandle="=TA2/src&amp;lt;ta2.utils{Methods.java[Methods~set_Pref_String~QActivity;~QString;~QString;~Z" StructureKind="java" NumEvents="3" CreationCount="910"/><InteractionEvent Delta="null" EndDate="2014-09-18 22:10:25.759 JST" Interest="2.0" Kind="selection" Navigation="null" OriginId="org.eclipse.jdt.ui.PackageExplorer" StartDate="2014-09-18 22:04:32.603 JST" StructureHandle="/SL3/res/layout" StructureKind="resource" NumEvents="2" CreationCount="25"/><InteractionEvent Delta="null" EndDate="2014-09-18 22:10:24.373 JST" Interest="9.035999" Kind="propagation" Navigation="org.eclipse.mylyn.core.model.edges.containment" OriginId="org.eclipse.mylyn.core.model.interest.propagation" StartDate="2014-09-18 22:04:37.78 JST" StructureHandle="/SL3/res/layout" StructureKind="resource" NumEvents="12" CreationCount="25"/><InteractionEvent Delta="null" EndDate="2014-09-19 00:33:24.874 JST" Interest="1.0" Kind="prediction" Navigation="null" OriginId="org.eclipse.mylyn.resources.ui.interest.updater" StartDate="2014-09-19 00:33:24.874 JST" StructureHandle="/SL3/bin/resources.ap_" StructureKind="resource"/><InteractionEvent Delta="null" EndDate="2014-09-18 22:04:00.471 JST" Interest="1.0" Kind="selection" Navigation="null" OriginId="org.eclipse.ui.views.ContentOutline" StartDate="2014-09-18 22:04:00.471 JST" StructureHandle="=SL3/src&amp;lt;sl.main{TabActv.java[TabActv~_do_test_D_4_SEG_1_V_3_0" StructureKind="java"/><InteractionEvent Delta="null" EndDate="2014-09-19 00:07:57.378 JST" Interest="1.0" Kind="selection" Navigation="null" OriginId="org.eclipse.ui.views.ResourceNavigator" StartDate="2014-09-19 00:07:57.378 JST" StructureHandle="=TA2/src" StructureKind="java"/><InteractionEvent Delta="null" EndDate="2014-09-19 00:25:13.719 JST" Interest="12.741001" Kind="propagation" Navigation="org.eclipse.mylyn.core.model.edges.containment" OriginId="org.eclipse.mylyn.core.model.interest.propagation" StartDate="2014-09-19 00:07:58.147 JST" StructureHandle="=TA2/src" StructureKind="java" NumEvents="25" CreationCount="637"/><InteractionEvent Delta="null" EndDate="2014-09-19 00:25:04.846 JST" Interest="6.0" Kind="selection" Navigation="null" OriginId="org.eclipse.jdt.ui.CompilationUnitEditor" StartDate="2014-09-19 00:08:11.545 JST" StructureHandle="=TA2/src&amp;lt;ta2.utils{Methods.java[Methods" StructureKind="java" NumEvents="6" CreationCount="645"/><InteractionEvent Delta="null" EndDate="2014-09-19 00:25:13.718 JST" Interest="7.6050005" Kind="propagation" Navigation="org.eclipse.mylyn.core.model.edges.containment" OriginId="org.eclipse.mylyn.core.model.interest.propagation" StartDate="2014-09-19 00:08:04.514 JST" StructureHandle="=TA2/src&amp;lt;ta2.utils{Methods.java[Methods" StructureKind="java" NumEvents="11" CreationCount="645"/><InteractionEvent Delta="null" EndDate="2014-09-19 00:07:58.664 JST" Interest="1.0" Kind="propagation" Navigation="null" OriginId="org.eclipse.ui.views.ResourceNavigator" StartDate="2014-09-19 00:07:58.664 JST" StructureHandle="/TA2/src/ta2/adapters" StructureKind="resource"/><InteractionEvent Delta="null" EndDate="2014-09-19 06:55:38.539 JST" Interest="6.0" Kind="selection" Navigation="null" OriginId="org.eclipse.jdt.ui.CompilationUnitEditor" StartDate="2014-09-19 00:27:38.307 JST" StructureHandle="=SL3/src&amp;lt;sl3.utils{Methods.java[Methods~conv_IdsList_to_IdsString~QActivity;~QList\&amp;lt;QInteger;&amp;gt;;" StructureKind="java" NumEvents="6" CreationCount="1051"/><InteractionEvent Delta="null" EndDate="2014-09-19 00:38:52.809 JST" Interest="192.0" Kind="edit" Navigation="null" OriginId="org.eclipse.jdt.ui.CompilationUnitEditor" StartDate="2014-09-19 00:27:39.954 JST" StructureHandle="=SL3/src&amp;lt;sl3.utils{Methods.java[Methods~conv_IdsList_to_IdsString~QActivity;~QList\&amp;lt;QInteger;&amp;gt;;" StructureKind="java" NumEvents="192" CreationCount="1051"/></InteractionHistory>