<?xml version="1.0" encoding="UTF-8"?><InteractionHistory Id="local-90" Version="1"><InteractionEvent Delta="null" EndDate="2014-09-18 22:10:20.910 JST" Interest="6.0" Kind="edit" Navigation="null" OriginId="com.android.ide.eclipse.editors.CommonXmlEditor" StartDate="2014-09-18 22:04:47.867 JST" StructureHandle="/SL3/res/layout/itemlist.xml" StructureKind="resource" NumEvents="6" CreationCount="26"/><InteractionEvent Delta="null" EndDate="2014-09-18 22:10:20.858 JST" Interest="5.0" Kind="selection" Navigation="null" OriginId="com.android.ide.eclipse.editors.CommonXmlEditor" StartDate="2014-09-18 22:04:37.78 JST" StructureHandle="/SL3/res/layout/itemlist.xml" StructureKind="resource" NumEvents="5" CreationCount="26"/><InteractionEvent Delta="null" EndDate="2014-09-18 22:10:23.730 JST" Interest="28.088001" Kind="propagation" Navigation="org.eclipse.mylyn.core.model.edges.containment" OriginId="org.eclipse.mylyn.core.model.interest.propagation" StartDate="2014-09-18 22:03:55.226 JST" StructureHandle="=SL3/src&amp;lt;sl.main" StructureKind="java" NumEvents="48" CreationCount="1"/><InteractionEvent Delta="null" EndDate="2014-09-18 22:08:21.667 JST" Interest="2.0" Kind="propagation" Navigation="null" OriginId="org.eclipse.mylyn.resources.ui.interest.updater" StartDate="2014-09-18 22:08:21.668 JST" StructureHandle="=SL3/gen&amp;lt;sl3.main" StructureKind="java" NumEvents="2" CreationCount="103"/><InteractionEvent Delta="null" EndDate="2014-09-18 22:10:23.730 JST" Interest="28.088001" Kind="propagation" Navigation="org.eclipse.mylyn.core.model.edges.containment" OriginId="org.eclipse.mylyn.core.model.interest.propagation" StartDate="2014-09-18 22:03:55.227 JST" StructureHandle="=SL3/src" StructureKind="java" NumEvents="41" CreationCount="1"/><InteractionEvent Delta="null" EndDate="2014-09-18 22:04:22.478 JST" Interest="1.0" Kind="selection" Navigation="null" OriginId="org.eclipse.ui.views.ResourceNavigator" StartDate="2014-09-18 22:04:22.478 JST" StructureHandle="=SL3" StructureKind="java"/><InteractionEvent Delta="null" EndDate="2014-09-18 22:10:23.775 JST" Interest="105.0" Kind="propagation" Navigation="org.eclipse.mylyn.core.model.edges.containment" OriginId="org.eclipse.mylyn.core.model.interest.propagation" StartDate="2014-09-18 22:03:55.226 JST" StructureHandle="=SL3" StructureKind="resource" NumEvents="105" CreationCount="1"/><InteractionEvent Delta="null" EndDate="2014-09-18 22:08:29.884 JST" Interest="10.0" Kind="edit" Navigation="null" OriginId="org.eclipse.jdt.ui.CompilationUnitEditor" StartDate="2014-09-18 22:05:24.167 JST" StructureHandle="=SL3/src&amp;lt;sl.main{TabActv.java[TabActv~onStart" StructureKind="java" NumEvents="10" CreationCount="10"/><InteractionEvent Delta="null" EndDate="2014-09-18 22:08:27.602 JST" Interest="6.0" Kind="selection" Navigation="null" OriginId="org.eclipse.jdt.ui.CompilationUnitEditor" StartDate="2014-09-18 22:04:15.150 JST" StructureHandle="=SL3/src&amp;lt;sl.main{TabActv.java[TabActv~onStart" StructureKind="java" NumEvents="6" CreationCount="10"/><InteractionEvent Delta="null" EndDate="2014-09-18 22:09:46.680 JST" Interest="1.0" Kind="propagation" Navigation="null" OriginId="org.eclipse.mylyn.resources.ui.interest.updater" StartDate="2014-09-18 22:09:46.680 JST" StructureHandle="/SL3/bin/dexedLibs/annotations-d288b20aa2286e3172641d3161bdbc70.jar" StructureKind="resource"/><InteractionEvent Delta="null" EndDate="2014-09-18 22:10:23.775 JST" Interest="106.0" Kind="propagation" Navigation="org.eclipse.mylyn.core.model.edges.containment" OriginId="org.eclipse.mylyn.core.model.interest.propagation" StartDate="2014-09-18 22:03:55.226 JST" StructureHandle="/SL3/src/sl/main" StructureKind="resource" NumEvents="106" CreationCount="1"/><InteractionEvent Delta="null" EndDate="2014-09-18 22:08:21.666 JST" Interest="1.0" Kind="propagation" Navigation="null" OriginId="org.eclipse.mylyn.resources.ui.interest.updater" StartDate="2014-09-18 22:08:21.666 JST" StructureHandle="=SL3/gen&amp;lt;sl3.main{R.java" StructureKind="java"/><InteractionEvent Delta="null" EndDate="2014-09-18 22:08:21.670 JST" Interest="2.0" Kind="propagation" Navigation="org.eclipse.mylyn.core.model.edges.containment" OriginId="org.eclipse.mylyn.core.model.interest.propagation" StartDate="2014-09-18 22:08:21.669 JST" StructureHandle="=SL3/gen" StructureKind="java" NumEvents="2" CreationCount="103"/><InteractionEvent Delta="null" EndDate="2014-09-18 22:09:31.661 JST" Interest="2.0" Kind="selection" Navigation="null" OriginId="org.eclipse.jdt.ui.CompilationUnitEditor" StartDate="2014-09-18 22:04:26.902 JST" StructureHandle="=SL3/src&amp;lt;sl.main{TabActv.java[TabActv" StructureKind="java" NumEvents="2" CreationCount="2"/><InteractionEvent Delta="null" EndDate="2014-09-18 22:08:45.29 JST" Interest="24.071001" Kind="propagation" Navigation="org.eclipse.mylyn.core.model.edges.containment" OriginId="org.eclipse.mylyn.core.model.interest.propagation" StartDate="2014-09-18 22:03:55.331 JST" StructureHandle="=SL3/src&amp;lt;sl.main{TabActv.java[TabActv" StructureKind="java" NumEvents="35" CreationCount="2"/><InteractionEvent Delta="null" EndDate="2014-09-18 22:08:45.29 JST" Interest="30.0" Kind="edit" Navigation="null" OriginId="org.eclipse.jdt.ui.CompilationUnitEditor" StartDate="2014-09-18 22:05:59.638 JST" StructureHandle="=SL3/src&amp;lt;sl.main{TabActv.java[TabActv~_SetupTabs" StructureKind="java" NumEvents="30" CreationCount="65"/><InteractionEvent Delta="null" EndDate="2014-09-18 22:08:39.150 JST" Interest="3.0" Kind="selection" Navigation="null" OriginId="org.eclipse.jdt.ui.CompilationUnitEditor" StartDate="2014-09-18 22:05:58.906 JST" StructureHandle="=SL3/src&amp;lt;sl.main{TabActv.java[TabActv~_SetupTabs" StructureKind="java" NumEvents="3" CreationCount="65"/><InteractionEvent Delta="null" EndDate="2014-09-18 22:04:01.450 JST" Interest="1.0" Kind="selection" Navigation="null" OriginId="org.eclipse.ui.views.ContentOutline" StartDate="2014-09-18 22:04:01.450 JST" StructureHandle="=SL3/src&amp;lt;sl.main{TabActv.java[TabActv~_prep_ToBuyList" StructureKind="java"/><InteractionEvent Delta="null" EndDate="2014-09-18 22:08:21.667 JST" Interest="1.0" Kind="propagation" Navigation="null" OriginId="org.eclipse.mylyn.resources.ui.interest.updater" StartDate="2014-09-18 22:08:21.667 JST" StructureHandle="/SL3/bin/res" StructureKind="resource"/><InteractionEvent Delta="null" EndDate="2014-09-18 22:08:21.667 JST" Interest="1.0" Kind="propagation" Navigation="null" OriginId="org.eclipse.mylyn.resources.ui.interest.updater" StartDate="2014-09-18 22:08:21.667 JST" StructureHandle="=SL3/gen&amp;lt;sl3.main{BuildConfig.java" StructureKind="java"/><InteractionEvent Delta="null" EndDate="2014-09-18 22:04:53.533 JST" Interest="1.0" Kind="selection" Navigation="null" OriginId="org.eclipse.jdt.ui.PackageExplorer" StartDate="2014-09-18 22:04:53.533 JST" StructureHandle="/SL3/res/layout/dlg_tmpl_toast_ok.xml" StructureKind="resource"/><InteractionEvent Delta="null" EndDate="2014-09-18 22:08:21.667 JST" Interest="1.0" Kind="propagation" Navigation="null" OriginId="org.eclipse.mylyn.resources.ui.interest.updater" StartDate="2014-09-18 22:08:21.667 JST" StructureHandle="/SL3/bin/AndroidManifest.xml" StructureKind="resource"/><InteractionEvent Delta="null" EndDate="2014-09-18 22:10:23.81 JST" Interest="7.0" Kind="edit" Navigation="null" OriginId="com.android.ide.eclipse.editors.CommonXmlEditor" StartDate="2014-09-18 22:04:56.251 JST" StructureHandle="/SL3/res/layout/itemlist_tabs.xml" StructureKind="resource" NumEvents="7" CreationCount="33"/><InteractionEvent Delta="null" EndDate="2014-09-18 22:10:24.372 JST" Interest="5.0" Kind="selection" Navigation="null" OriginId="org.eclipse.jdt.ui.PackageExplorer" StartDate="2014-09-18 22:04:54.43 JST" StructureHandle="/SL3/res/layout/itemlist_tabs.xml" StructureKind="resource" NumEvents="5" CreationCount="33"/><InteractionEvent Delta="null" EndDate="2014-09-18 22:09:46.681 JST" Interest="1.0" Kind="propagation" Navigation="org.eclipse.mylyn.core.model.edges.containment" OriginId="org.eclipse.mylyn.core.model.interest.propagation" StartDate="2014-09-18 22:09:46.681 JST" StructureHandle="/SL3/bin/dexedLibs" StructureKind="resource"/><InteractionEvent Delta="null" EndDate="2014-09-18 22:04:29.972 JST" Interest="1.0" Kind="selection" Navigation="null" OriginId="org.eclipse.jdt.ui.PackageExplorer" StartDate="2014-09-18 22:04:29.972 JST" StructureHandle="/SL3/a.bat" StructureKind="resource"/><InteractionEvent Delta="null" EndDate="2014-09-18 22:08:21.671 JST" Interest="3.0" Kind="propagation" Navigation="null" OriginId="org.eclipse.mylyn.resources.ui.interest.updater" StartDate="2014-09-18 22:08:21.668 JST" StructureHandle="/SL3/gen/sl3/main" StructureKind="resource" NumEvents="3" CreationCount="103"/><InteractionEvent Delta="null" EndDate="2014-09-18 22:04:31.86 JST" Interest="1.0" Kind="selection" Navigation="null" OriginId="org.eclipse.jdt.ui.PackageExplorer" StartDate="2014-09-18 22:04:31.86 JST" StructureHandle="/SL3/res" StructureKind="resource"/><InteractionEvent Delta="null" EndDate="2014-09-18 22:10:25.759 JST" Interest="10.0529995" Kind="propagation" Navigation="org.eclipse.mylyn.core.model.edges.containment" OriginId="org.eclipse.mylyn.core.model.interest.propagation" StartDate="2014-09-18 22:04:32.603 JST" StructureHandle="/SL3/res" StructureKind="resource" NumEvents="16" CreationCount="24"/><InteractionEvent Delta="null" EndDate="2014-09-18 22:05:52.422 JST" Interest="4.0" Kind="edit" Navigation="null" OriginId="org.eclipse.jdt.ui.CompilationUnitEditor" StartDate="2014-09-18 22:05:41.765 JST" StructureHandle="=SL3/src&amp;lt;sl.main{TabActv.java[TabActv~_Setup_InitVars" StructureKind="java" NumEvents="4" CreationCount="57"/><InteractionEvent Delta="null" EndDate="2014-09-18 22:05:49.874 JST" Interest="2.0" Kind="selection" Navigation="null" OriginId="org.eclipse.ui.views.ContentOutline" StartDate="2014-09-18 22:05:40.795 JST" StructureHandle="=SL3/src&amp;lt;sl.main{TabActv.java[TabActv~_Setup_InitVars" StructureKind="java" NumEvents="2" CreationCount="57"/><InteractionEvent Delta="null" EndDate="2014-09-18 22:10:56.598 JST" Interest="1.0" Kind="selection" Navigation="null" OriginId="org.eclipse.jdt.ui.PackageExplorer" StartDate="2014-09-18 22:10:56.598 JST" StructureHandle="/SL3/res/drawable" StructureKind="resource"/><InteractionEvent Delta="null" EndDate="2014-09-18 22:04:26.217 JST" Interest="1.0" Kind="selection" Navigation="null" OriginId="org.eclipse.jdt.ui.PackageExplorer" StartDate="2014-09-18 22:04:26.217 JST" StructureHandle="=SL3/src&amp;lt;sl.main{TabActv.java[TabActv~_prepareItemList" StructureKind="java"/><InteractionEvent Delta="null" EndDate="2014-09-18 22:09:46.680 JST" Interest="1.0" Kind="propagation" Navigation="null" OriginId="org.eclipse.mylyn.resources.ui.interest.updater" StartDate="2014-09-18 22:09:46.680 JST" StructureHandle="/SL3/bin/dexedLibs/commons-lang-2.1-dce7c806b9889e4e2c39b91189f98002.jar" StructureKind="resource"/><InteractionEvent Delta="null" EndDate="2014-09-18 22:10:23.775 JST" Interest="106.0" Kind="propagation" Navigation="org.eclipse.mylyn.core.model.edges.containment" OriginId="org.eclipse.mylyn.core.model.interest.propagation" StartDate="2014-09-18 22:03:55.226 JST" StructureHandle="/SL3/src" StructureKind="resource" NumEvents="106" CreationCount="1"/><InteractionEvent Delta="null" EndDate="2014-09-18 22:10:23.775 JST" Interest="106.0" Kind="propagation" Navigation="null" OriginId="org.eclipse.jdt.ui.CompilationUnitEditor" StartDate="2014-09-18 22:03:55.225 JST" StructureHandle="/SL3/src/sl/main/TabActv.java" StructureKind="resource" NumEvents="106" CreationCount="1"/><InteractionEvent Delta="null" EndDate="2014-09-18 22:09:28.53 JST" Interest="10.0" Kind="edit" Navigation="null" OriginId="org.eclipse.jdt.ui.CompilationUnitEditor" StartDate="2014-09-18 22:08:58.744 JST" StructureHandle="=SL3/src&amp;lt;sl.main{TabActv.java[TabActv~setupTabs__second" StructureKind="java" NumEvents="10" CreationCount="112"/><InteractionEvent Delta="null" EndDate="2014-09-18 22:08:57.885 JST" Interest="1.0" Kind="selection" Navigation="null" OriginId="org.eclipse.jdt.ui.CompilationUnitEditor" StartDate="2014-09-18 22:08:57.885 JST" StructureHandle="=SL3/src&amp;lt;sl.main{TabActv.java[TabActv~setupTabs__second" StructureKind="java"/><InteractionEvent Delta="null" EndDate="2014-09-18 22:10:23.775 JST" Interest="106.0" Kind="propagation" Navigation="org.eclipse.mylyn.core.model.edges.containment" OriginId="org.eclipse.mylyn.core.model.interest.propagation" StartDate="2014-09-18 22:03:55.226 JST" StructureHandle="/" StructureKind="resource" NumEvents="106" CreationCount="1"/><InteractionEvent Delta="null" EndDate="2014-09-18 22:10:23.775 JST" Interest="106.0" Kind="propagation" Navigation="org.eclipse.mylyn.core.model.edges.containment" OriginId="org.eclipse.mylyn.core.model.interest.propagation" StartDate="2014-09-18 22:03:55.226 JST" StructureHandle="/SL3/src/sl" StructureKind="resource" NumEvents="106" CreationCount="1"/><InteractionEvent Delta="null" EndDate="2014-09-18 22:10:23.729 JST" Interest="5.0" Kind="selection" Navigation="null" OriginId="org.eclipse.jdt.ui.CompilationUnitEditor" StartDate="2014-09-18 22:03:55.225 JST" StructureHandle="=SL3/src&amp;lt;sl.main{TabActv.java" StructureKind="java" NumEvents="5" CreationCount="1"/><InteractionEvent Delta="null" EndDate="2014-09-18 22:09:53.772 JST" Interest="23.088001" Kind="propagation" Navigation="org.eclipse.mylyn.core.model.edges.containment" OriginId="org.eclipse.mylyn.core.model.interest.propagation" StartDate="2014-09-18 22:03:55.332 JST" StructureHandle="=SL3/src&amp;lt;sl.main{TabActv.java" StructureKind="java" NumEvents="36" CreationCount="1"/><InteractionEvent Delta="null" EndDate="2014-09-18 22:10:23.775 JST" Interest="13.0" Kind="edit" Navigation="null" OriginId="org.eclipse.jdt.ui.CompilationUnitEditor" StartDate="2014-09-18 22:07:16.545 JST" StructureHandle="=SL3/src&amp;lt;sl.main{TabActv.java[TabActv~_SetupTabs__first" StructureKind="java" NumEvents="13" CreationCount="94"/><InteractionEvent Delta="null" EndDate="2014-09-18 22:09:53.770 JST" Interest="3.0" Kind="selection" Navigation="null" OriginId="org.eclipse.jdt.ui.CompilationUnitEditor" StartDate="2014-09-18 22:07:15.330 JST" StructureHandle="=SL3/src&amp;lt;sl.main{TabActv.java[TabActv~_SetupTabs__first" StructureKind="java" NumEvents="3" CreationCount="94"/><InteractionEvent Delta="null" EndDate="2014-09-18 22:10:24.977 JST" Interest="1.0" Kind="selection" Navigation="null" OriginId="org.eclipse.jdt.ui.PackageExplorer" StartDate="2014-09-18 22:10:24.977 JST" StructureHandle="/SL3/res/layout/dlg_register_store.xml" StructureKind="resource"/><InteractionEvent Delta="null" EndDate="2014-09-18 22:09:46.681 JST" Interest="1.34" Kind="propagation" Navigation="org.eclipse.mylyn.core.model.edges.containment" OriginId="org.eclipse.mylyn.core.model.interest.propagation" StartDate="2014-09-18 22:08:21.672 JST" StructureHandle="/SL3/bin" StructureKind="resource" NumEvents="2" CreationCount="103"/><InteractionEvent Delta="null" EndDate="2014-09-18 22:08:21.671 JST" Interest="1.0" Kind="propagation" Navigation="null" OriginId="org.eclipse.mylyn.resources.ui.interest.updater" StartDate="2014-09-18 22:08:21.671 JST" StructureHandle="/SL3/gen/sl3/main/BuildConfig.java" StructureKind="resource"/><InteractionEvent Delta="null" EndDate="2014-09-18 22:10:25.759 JST" Interest="2.0" Kind="selection" Navigation="null" OriginId="org.eclipse.jdt.ui.PackageExplorer" StartDate="2014-09-18 22:04:32.603 JST" StructureHandle="/SL3/res/layout" StructureKind="resource" NumEvents="2" CreationCount="25"/><InteractionEvent Delta="null" EndDate="2014-09-18 22:10:24.373 JST" Interest="9.035999" Kind="propagation" Navigation="org.eclipse.mylyn.core.model.edges.containment" OriginId="org.eclipse.mylyn.core.model.interest.propagation" StartDate="2014-09-18 22:04:37.78 JST" StructureHandle="/SL3/res/layout" StructureKind="resource" NumEvents="12" CreationCount="25"/><InteractionEvent Delta="null" EndDate="2014-09-18 22:04:00.471 JST" Interest="1.0" Kind="selection" Navigation="null" OriginId="org.eclipse.ui.views.ContentOutline" StartDate="2014-09-18 22:04:00.471 JST" StructureHandle="=SL3/src&amp;lt;sl.main{TabActv.java[TabActv~_do_test_D_4_SEG_1_V_3_0" StructureKind="java"/><InteractionEvent Delta="null" EndDate="2014-09-18 22:04:18.81 JST" Interest="2.0" Kind="edit" Navigation="null" OriginId="org.eclipse.jdt.ui.CompilationUnitEditor" StartDate="2014-09-18 22:04:17.155 JST" StructureHandle="=SL3/src&amp;lt;sl.main{TabActv.java[TabActv~onCreate~QBundle;" StructureKind="java" NumEvents="2" CreationCount="11"/><InteractionEvent Delta="null" EndDate="2014-09-18 22:05:21.691 JST" Interest="6.0" Kind="selection" Navigation="null" OriginId="org.eclipse.ui.views.ContentOutline" StartDate="2014-09-18 22:04:16.20 JST" StructureHandle="=SL3/src&amp;lt;sl.main{TabActv.java[TabActv~onCreate~QBundle;" StructureKind="java" NumEvents="6" CreationCount="11"/><InteractionEvent Delta="null" EndDate="2014-09-18 22:03:57.690 JST" Interest="2.0" Kind="edit" Navigation="null" OriginId="org.eclipse.jdt.ui.CompilationUnitEditor" StartDate="2014-09-18 22:03:55.419 JST" StructureHandle="=SL3/src&amp;lt;sl.main{TabActv.java[TabActv~onOptionsItemSelected~QMenuItem;" StructureKind="java" NumEvents="2" CreationCount="2"/><InteractionEvent Delta="null" EndDate="2014-09-18 22:03:58.457 JST" Interest="2.0" Kind="selection" Navigation="null" OriginId="org.eclipse.ui.views.ContentOutline" StartDate="2014-09-18 22:03:55.331 JST" StructureHandle="=SL3/src&amp;lt;sl.main{TabActv.java[TabActv~onOptionsItemSelected~QMenuItem;" StructureKind="java" NumEvents="2" CreationCount="2"/><InteractionEvent Delta="null" EndDate="2014-09-18 22:08:21.667 JST" Interest="1.0" Kind="propagation" Navigation="null" OriginId="org.eclipse.mylyn.resources.ui.interest.updater" StartDate="2014-09-18 22:08:21.667 JST" StructureHandle="=SL3/gen&amp;lt;sl3" StructureKind="java"/><InteractionEvent Delta="null" EndDate="2014-09-18 22:08:21.668 JST" Interest="1.0" Kind="propagation" Navigation="null" OriginId="org.eclipse.mylyn.resources.ui.interest.updater" StartDate="2014-09-18 22:08:21.668 JST" StructureHandle="/SL3/gen/sl3/main/R.java" StructureKind="resource"/><InteractionEvent Delta="null" EndDate="2014-09-18 22:08:21.673 JST" Interest="4.0" Kind="propagation" Navigation="org.eclipse.mylyn.core.model.edges.containment" OriginId="org.eclipse.mylyn.core.model.interest.propagation" StartDate="2014-09-18 22:08:21.668 JST" StructureHandle="/SL3/gen" StructureKind="resource" NumEvents="4" CreationCount="103"/><InteractionEvent Delta="null" EndDate="2014-09-18 22:08:21.673 JST" Interest="4.0" Kind="propagation" Navigation="null" OriginId="org.eclipse.mylyn.resources.ui.interest.updater" StartDate="2014-09-18 22:08:21.668 JST" StructureHandle="/SL3/gen/sl3" StructureKind="resource" NumEvents="4" CreationCount="103"/><InteractionEvent Delta="null" EndDate="2014-09-18 22:10:58.923 JST" Interest="1.0" Kind="selection" Navigation="null" OriginId="org.eclipse.jdt.ui.PackageExplorer" StartDate="2014-09-18 22:10:58.923 JST" StructureHandle="/SL3/res/drawable-mdpi" StructureKind="resource"/></InteractionHistory>