<?xml version="1.0" encoding="UTF-8"?><InteractionHistory Id="local-43" Version="1"><InteractionEvent Delta="null" EndDate="2014-09-03 09:23:37.858 JST" Interest="840.05096" Kind="propagation" Navigation="org.eclipse.mylyn.core.model.edges.containment" OriginId="org.eclipse.mylyn.core.model.interest.propagation" StartDate="2014-09-03 08:30:13.125 JST" StructureHandle="" StructureKind="java" NumEvents="844" CreationCount="1"/><InteractionEvent Delta="null" EndDate="2014-09-03 08:33:25.979 JST" Interest="10.316999" Kind="propagation" Navigation="org.eclipse.mylyn.core.model.edges.containment" OriginId="org.eclipse.mylyn.core.model.interest.propagation" StartDate="2014-09-03 08:31:01.966 JST" StructureHandle="=IFM11/src&amp;lt;ifm11.utils{Methods_dlg.java[Methods_dlg" StructureKind="java" NumEvents="14" CreationCount="5"/><InteractionEvent Delta="null" EndDate="2014-09-03 09:01:40.476 JST" Interest="1.0" Kind="selection" Navigation="null" OriginId="org.eclipse.jdt.ui.CompilationUnitEditor" StartDate="2014-09-03 09:01:40.476 JST" StructureHandle="=IFM11/src&amp;lt;ifm11.utils{Methods.java[Methods~get_LogItem_List~QActivity;" StructureKind="java"/><InteractionEvent Delta="null" EndDate="2014-09-03 08:32:05.673 JST" Interest="1.0" Kind="prediction" Navigation="null" OriginId="org.eclipse.mylyn.resources.ui.interest.updater" StartDate="2014-09-03 08:32:05.673 JST" StructureHandle="/IFM11/bin/resources.ap_" StructureKind="resource"/><InteractionEvent Delta="null" EndDate="2014-09-03 08:33:39.493 JST" Interest="1.0" Kind="selection" Navigation="null" OriginId="org.eclipse.ui.views.ContentOutline" StartDate="2014-09-03 08:33:39.493 JST" StructureHandle="=IFM11/src&amp;lt;ifm11.listeners.dialog{DB_OCL.java%ifm11.listeners.dialog" StructureKind="java"/><InteractionEvent Delta="null" EndDate="2014-09-03 08:33:40.210 JST" Interest="1.0" Kind="selection" Navigation="null" OriginId="org.eclipse.ui.views.ContentOutline" StartDate="2014-09-03 08:33:40.210 JST" StructureHandle="=IFM11/src&amp;lt;ifm11.listeners.dialog{DB_OCL.java[DB_OCL~DB_OCL~QActivity;~QDialog;~QDialog;" StructureKind="java"/><InteractionEvent Delta="null" EndDate="2014-09-03 09:05:40.10 JST" Interest="7.9050007" Kind="propagation" Navigation="org.eclipse.mylyn.core.model.edges.containment" OriginId="org.eclipse.mylyn.core.model.interest.propagation" StartDate="2014-09-03 08:31:36.686 JST" StructureHandle="/IFM11/res/layout" StructureKind="resource" NumEvents="3" CreationCount="13"/><InteractionEvent Delta="null" EndDate="2014-09-03 08:32:50.605 JST" Interest="1.0" Kind="selection" Navigation="null" OriginId="org.eclipse.jdt.ui.PackageExplorer" StartDate="2014-09-03 08:32:50.605 JST" StructureHandle="/IFM11/res/layout" StructureKind="resource"/><InteractionEvent Delta="null" EndDate="2014-09-03 09:18:29.624 JST" Interest="36.0" Kind="propagation" Navigation="null" OriginId="org.eclipse.jdt.ui.CompilationUnitEditor" StartDate="2014-09-03 08:38:59.824 JST" StructureHandle="/IFM11/src/ifm11/utils/DBUtils.java" StructureKind="resource" NumEvents="36" CreationCount="69"/><InteractionEvent Delta="null" EndDate="2014-09-03 09:03:11.615 JST" Interest="0.91600037" Kind="manipulation" Navigation="null" OriginId="org.eclipse.mylyn.core.model.interest.decay.correction" StartDate="2014-09-03 09:03:11.615 JST" StructureHandle="/IFM11/src/ifm11/utils/DBUtils.java" StructureKind="resource"/><InteractionEvent Delta="null" EndDate="2014-09-03 09:06:40.433 JST" Interest="15.016001" Kind="propagation" Navigation="org.eclipse.mylyn.core.model.edges.containment" OriginId="org.eclipse.mylyn.core.model.interest.propagation" StartDate="2014-09-03 08:39:00.592 JST" StructureHandle="=IFM11/src&amp;lt;ifm11.utils{DBUtils.java" StructureKind="java" NumEvents="23" CreationCount="69"/><InteractionEvent Delta="null" EndDate="2014-09-03 09:03:11.615 JST" Interest="3.1650002" Kind="manipulation" Navigation="null" OriginId="org.eclipse.mylyn.core.model.interest.decay.correction" StartDate="2014-09-03 08:49:55.953 JST" StructureHandle="=IFM11/src&amp;lt;ifm11.utils{DBUtils.java" StructureKind="java" NumEvents="2" CreationCount="69"/><InteractionEvent Delta="null" EndDate="2014-09-03 09:18:29.383 JST" Interest="6.0" Kind="selection" Navigation="null" OriginId="org.eclipse.jdt.ui.CompilationUnitEditor" StartDate="2014-09-03 08:38:59.824 JST" StructureHandle="=IFM11/src&amp;lt;ifm11.utils{DBUtils.java" StructureKind="java" NumEvents="6" CreationCount="69"/><InteractionEvent Delta="null" EndDate="2014-09-03 09:18:28.261 JST" Interest="81.449005" Kind="propagation" Navigation="org.eclipse.mylyn.core.model.edges.containment" OriginId="org.eclipse.mylyn.core.model.interest.propagation" StartDate="2014-09-03 08:41:04.339 JST" StructureHandle="=IFM11/src&amp;lt;ifm11.utils{Methods.java[Methods" StructureKind="java" NumEvents="115" CreationCount="105"/><InteractionEvent Delta="null" EndDate="2014-09-03 09:15:57.707 JST" Interest="3.0" Kind="edit" Navigation="null" OriginId="org.eclipse.jdt.ui.CompilationUnitEditor" StartDate="2014-09-03 08:47:47.44 JST" StructureHandle="=IFM11/src&amp;lt;ifm11.utils{Methods.java[Methods" StructureKind="java" NumEvents="3" CreationCount="105"/><InteractionEvent Delta="null" EndDate="2014-09-03 09:15:54.786 JST" Interest="4.0" Kind="selection" Navigation="null" OriginId="org.eclipse.jdt.ui.CompilationUnitEditor" StartDate="2014-09-03 08:47:44.456 JST" StructureHandle="=IFM11/src&amp;lt;ifm11.utils{Methods.java[Methods" StructureKind="java" NumEvents="4" CreationCount="105"/><InteractionEvent Delta="null" EndDate="2014-09-03 09:14:56.507 JST" Interest="11.834001" Kind="propagation" Navigation="org.eclipse.mylyn.core.model.edges.containment" OriginId="org.eclipse.mylyn.core.model.interest.propagation" StartDate="2014-09-03 09:13:10.706 JST" StructureHandle="=IFM11/src&amp;lt;ifm11.main" StructureKind="java" NumEvents="19" CreationCount="677"/><InteractionEvent Delta="null" EndDate="2014-09-03 09:05:39.664 JST" Interest="8.817" Kind="propagation" Navigation="org.eclipse.mylyn.core.model.edges.containment" OriginId="org.eclipse.mylyn.core.model.interest.propagation" StartDate="2014-09-03 08:33:40.211 JST" StructureHandle="=IFM11/src&amp;lt;ifm11.listeners.dialog{DB_OCL.java[DB_OCL" StructureKind="java" NumEvents="11" CreationCount="44"/><InteractionEvent Delta="null" EndDate="2014-09-03 08:33:25.980 JST" Interest="6.3339996" Kind="propagation" Navigation="org.eclipse.mylyn.core.model.edges.containment" OriginId="org.eclipse.mylyn.core.model.interest.propagation" StartDate="2014-09-03 08:31:01.967 JST" StructureHandle="=IFM11/src&amp;lt;ifm11.utils{Methods_dlg.java" StructureKind="java" NumEvents="12" CreationCount="4"/><InteractionEvent Delta="null" EndDate="2014-09-03 08:33:25.851 JST" Interest="4.0" Kind="selection" Navigation="null" OriginId="org.eclipse.jdt.ui.CompilationUnitEditor" StartDate="2014-09-03 08:30:57.157 JST" StructureHandle="=IFM11/src&amp;lt;ifm11.utils{Methods_dlg.java" StructureKind="java" NumEvents="4" CreationCount="4"/><InteractionEvent Delta="null" EndDate="2014-09-03 08:32:05.673 JST" Interest="1.0" Kind="propagation" Navigation="org.eclipse.mylyn.core.model.edges.containment" OriginId="org.eclipse.mylyn.core.model.interest.propagation" StartDate="2014-09-03 08:32:05.673 JST" StructureHandle="/IFM11/bin" StructureKind="resource"/><InteractionEvent Delta="null" EndDate="2014-09-03 09:18:29.624 JST" Interest="280.017" Kind="propagation" Navigation="null" OriginId="org.eclipse.jdt.ui.CompilationUnitEditor" StartDate="2014-09-03 08:30:53.192 JST" StructureHandle="/IFM11/src/ifm11/utils" StructureKind="resource" NumEvents="281" CreationCount="3"/><InteractionEvent Delta="null" EndDate="2014-09-03 09:14:56.507 JST" Interest="11.8" Kind="propagation" Navigation="org.eclipse.mylyn.core.model.edges.containment" OriginId="org.eclipse.mylyn.core.model.interest.propagation" StartDate="2014-09-03 09:13:15.120 JST" StructureHandle="=IFM11/src&amp;lt;ifm11.main{TNActv.java[TNActv" StructureKind="java" NumEvents="16" CreationCount="679"/><InteractionEvent Delta="null" EndDate="2014-09-03 09:05:40.9 JST" Interest="5.905" Kind="manipulation" Navigation="null" OriginId="org.eclipse.mylyn.core.model.interest.decay.correction" StartDate="2014-09-03 09:05:40.9 JST" StructureHandle="/IFM11/res/layout/dlg_tmpl_cancel_lv_2.xml" StructureKind="resource"/><InteractionEvent Delta="null" EndDate="2014-09-03 09:05:40.9 JST" Interest="3.0" Kind="selection" Navigation="null" OriginId="com.android.ide.eclipse.editors.CommonXmlEditor" StartDate="2014-09-03 08:31:36.686 JST" StructureHandle="/IFM11/res/layout/dlg_tmpl_cancel_lv_2.xml" StructureKind="resource" NumEvents="3" CreationCount="13"/><InteractionEvent Delta="null" EndDate="2014-09-03 09:14:56.507 JST" Interest="19.0" Kind="propagation" Navigation="null" OriginId="org.eclipse.jdt.ui.CompilationUnitEditor" StartDate="2014-09-03 09:13:10.706 JST" StructureHandle="/IFM11/src/ifm11/main/TNActv.java" StructureKind="resource" NumEvents="19" CreationCount="677"/><InteractionEvent Delta="null" EndDate="2014-09-03 08:34:15.786 JST" Interest="3.0" Kind="edit" Navigation="null" OriginId="org.eclipse.jdt.ui.CompilationUnitEditor" StartDate="2014-09-03 08:33:17.777 JST" StructureHandle="=IFM11/src&amp;lt;ifm11.tasks{Task_FTP.java[Task_FTP~Task_FTP~QActivity;~QDialog;~QDialog;~Z" StructureKind="java" NumEvents="3" CreationCount="34"/><InteractionEvent Delta="null" EndDate="2014-09-03 08:34:25.438 JST" Interest="5.0" Kind="selection" Navigation="null" OriginId="org.eclipse.ui.views.ContentOutline" StartDate="2014-09-03 08:33:17.182 JST" StructureHandle="=IFM11/src&amp;lt;ifm11.tasks{Task_FTP.java[Task_FTP~Task_FTP~QActivity;~QDialog;~QDialog;~Z" StructureKind="java" NumEvents="5" CreationCount="34"/><InteractionEvent Delta="null" EndDate="2014-09-03 09:00:32.935 JST" Interest="4.0" Kind="selection" Navigation="null" OriginId="org.eclipse.jdt.ui.CompilationUnitEditor" StartDate="2014-09-03 09:00:26.161 JST" StructureHandle="=IFM11/src&amp;lt;ifm11.tasks{Task_FTP.java[Task_FTP~onPreExecute" StructureKind="java" NumEvents="4" CreationCount="372"/><InteractionEvent Delta="null" EndDate="2014-09-03 09:18:29.623 JST" Interest="24.164001" Kind="propagation" Navigation="org.eclipse.mylyn.core.model.edges.containment" OriginId="org.eclipse.mylyn.core.model.interest.propagation" StartDate="2014-09-03 08:39:00.591 JST" StructureHandle="=IFM11/src&amp;lt;ifm11.utils{DBUtils.java[DBUtils" StructureKind="java" NumEvents="26" CreationCount="70"/><InteractionEvent Delta="null" EndDate="2014-09-03 09:18:30.6 JST" Interest="21.0" Kind="propagation" Navigation="org.eclipse.mylyn.core.model.edges.containment" OriginId="org.eclipse.mylyn.core.model.interest.propagation" StartDate="2014-09-03 08:33:37.735 JST" StructureHandle="/IFM11/src/ifm11/listeners" StructureKind="resource" NumEvents="21" CreationCount="42"/><InteractionEvent Delta="null" EndDate="2014-09-03 09:23:37.856 JST" Interest="839.05096" Kind="propagation" Navigation="org.eclipse.mylyn.core.model.edges.containment" OriginId="org.eclipse.mylyn.core.model.interest.propagation" StartDate="2014-09-03 08:30:31.123 JST" StructureHandle="=IFM11" StructureKind="resource" NumEvents="843" CreationCount="1"/><InteractionEvent Delta="null" EndDate="2014-09-03 08:30:13.124 JST" Interest="1.0" Kind="selection" Navigation="null" OriginId="org.eclipse.ui.views.ResourceNavigator" StartDate="2014-09-03 08:30:13.124 JST" StructureHandle="=IFM11" StructureKind="java"/><InteractionEvent Delta="null" EndDate="2014-09-03 09:23:37.855 JST" Interest="521.0" Kind="propagation" Navigation="org.eclipse.mylyn.core.model.edges.containment" OriginId="org.eclipse.mylyn.core.model.interest.propagation" StartDate="2014-09-03 08:32:55.779 JST" StructureHandle="/IFM11/src/ifm11/tasks" StructureKind="resource" NumEvents="521" CreationCount="23"/><InteractionEvent Delta="null" EndDate="2014-09-03 09:23:37.855 JST" Interest="521.0" Kind="propagation" Navigation="null" OriginId="org.eclipse.jdt.ui.CompilationUnitEditor" StartDate="2014-09-03 08:32:55.779 JST" StructureHandle="/IFM11/src/ifm11/tasks/Task_FTP.java" StructureKind="resource" NumEvents="521" CreationCount="23"/><InteractionEvent Delta="null" EndDate="2014-09-03 08:33:57.809 JST" Interest="4.0" Kind="edit" Navigation="null" OriginId="org.eclipse.jdt.ui.CompilationUnitEditor" StartDate="2014-09-03 08:33:56.509 JST" StructureHandle="=IFM11/src&amp;lt;ifm11.listeners.dialog{DB_OCL.java[DB_OCL~case_UPLOAD_REMOTE_OK" StructureKind="java" NumEvents="4" CreationCount="45"/><InteractionEvent Delta="null" EndDate="2014-09-03 09:05:39.663 JST" Interest="6.0" Kind="selection" Navigation="null" OriginId="org.eclipse.jdt.ui.CompilationUnitEditor" StartDate="2014-09-03 08:33:46.387 JST" StructureHandle="=IFM11/src&amp;lt;ifm11.listeners.dialog{DB_OCL.java[DB_OCL~case_UPLOAD_REMOTE_OK" StructureKind="java" NumEvents="6" CreationCount="45"/><InteractionEvent Delta="null" EndDate="2014-09-03 09:18:28.262 JST" Interest="88.283005" Kind="propagation" Navigation="org.eclipse.mylyn.core.model.edges.containment" OriginId="org.eclipse.mylyn.core.model.interest.propagation" StartDate="2014-09-03 08:30:57.158 JST" StructureHandle="=IFM11/src&amp;lt;ifm11.utils" StructureKind="java" NumEvents="163" CreationCount="3"/><InteractionEvent Delta="null" EndDate="2014-09-03 08:30:53.192 JST" Interest="1.0" Kind="selection" Navigation="null" OriginId="org.eclipse.jdt.ui.PackageExplorer" StartDate="2014-09-03 08:30:53.192 JST" StructureHandle="=IFM11/src&amp;lt;ifm11.utils" StructureKind="java"/><InteractionEvent Delta="null" EndDate="2014-09-03 09:23:37.857 JST" Interest="851.0" Kind="propagation" Navigation="org.eclipse.mylyn.core.model.edges.containment" OriginId="org.eclipse.mylyn.core.model.interest.propagation" StartDate="2014-09-03 08:30:13.124 JST" StructureHandle="/" StructureKind="resource" NumEvents="851" CreationCount="1"/><InteractionEvent Delta="null" EndDate="2014-09-03 09:18:30.7 JST" Interest="14.396002" Kind="propagation" Navigation="org.eclipse.mylyn.core.model.edges.containment" OriginId="org.eclipse.mylyn.core.model.interest.propagation" StartDate="2014-09-03 08:33:37.735 JST" StructureHandle="=IFM11/src&amp;lt;ifm11.listeners.dialog" StructureKind="java" NumEvents="18" CreationCount="42"/><InteractionEvent Delta="null" EndDate="2014-09-03 09:13:12.60 JST" Interest="1.0" Kind="selection" Navigation="null" OriginId="org.eclipse.ui.views.ContentOutline" StartDate="2014-09-03 09:13:12.60 JST" StructureHandle="=IFM11/src&amp;lt;ifm11.main{TNActv.java%ifm11.main" StructureKind="java"/><InteractionEvent Delta="null" EndDate="2014-09-03 09:18:28.261 JST" Interest="80.18301" Kind="propagation" Navigation="org.eclipse.mylyn.core.model.edges.containment" OriginId="org.eclipse.mylyn.core.model.interest.propagation" StartDate="2014-09-03 08:41:09.927 JST" StructureHandle="=IFM11/src&amp;lt;ifm11.utils{Methods.java" StructureKind="java" NumEvents="120" CreationCount="103"/><InteractionEvent Delta="null" EndDate="2014-09-03 09:02:48.122 JST" Interest="2.0" Kind="edit" Navigation="null" OriginId="org.eclipse.jdt.ui.CompilationUnitEditor" StartDate="2014-09-03 09:02:47.326 JST" StructureHandle="=IFM11/src&amp;lt;ifm11.utils{Methods.java" StructureKind="java" NumEvents="2" CreationCount="103"/><InteractionEvent Delta="null" EndDate="2014-09-03 09:14:59.195 JST" Interest="6.0" Kind="selection" Navigation="null" OriginId="org.eclipse.jdt.ui.CompilationUnitEditor" StartDate="2014-09-03 08:41:01.587 JST" StructureHandle="=IFM11/src&amp;lt;ifm11.utils{Methods.java" StructureKind="java" NumEvents="6" CreationCount="103"/><InteractionEvent Delta="null" EndDate="2014-09-03 09:18:30.6 JST" Interest="21.0" Kind="propagation" Navigation="org.eclipse.mylyn.core.model.edges.containment" OriginId="org.eclipse.mylyn.core.model.interest.propagation" StartDate="2014-09-03 08:33:37.735 JST" StructureHandle="/IFM11/src/ifm11/listeners/dialog" StructureKind="resource" NumEvents="21" CreationCount="42"/><InteractionEvent Delta="null" EndDate="2014-09-03 09:05:40.10 JST" Interest="8.905001" Kind="propagation" Navigation="org.eclipse.mylyn.core.model.edges.containment" OriginId="org.eclipse.mylyn.core.model.interest.propagation" StartDate="2014-09-03 08:31:36.687 JST" StructureHandle="/IFM11/res" StructureKind="resource" NumEvents="4" CreationCount="13"/><InteractionEvent Delta="null" EndDate="2014-09-03 09:23:37.856 JST" Interest="330.151" Kind="propagation" Navigation="org.eclipse.mylyn.core.model.edges.containment" OriginId="org.eclipse.mylyn.core.model.interest.propagation" StartDate="2014-09-03 08:33:03.754 JST" StructureHandle="=IFM11/src&amp;lt;ifm11.tasks{Task_FTP.java" StructureKind="java" NumEvents="474" CreationCount="23"/><InteractionEvent Delta="null" EndDate="2014-09-03 08:32:56.267 JST" Interest="1.0" Kind="edit" Navigation="null" OriginId="org.eclipse.jdt.ui.CompilationUnitEditor" StartDate="2014-09-03 08:32:56.267 JST" StructureHandle="=IFM11/src&amp;lt;ifm11.tasks{Task_FTP.java" StructureKind="java"/><InteractionEvent Delta="null" EndDate="2014-09-03 09:18:30.193 JST" Interest="14.0" Kind="selection" Navigation="null" OriginId="org.eclipse.jdt.ui.CompilationUnitEditor" StartDate="2014-09-03 08:32:55.779 JST" StructureHandle="=IFM11/src&amp;lt;ifm11.tasks{Task_FTP.java" StructureKind="java" NumEvents="14" CreationCount="23"/><InteractionEvent Delta="null" EndDate="2014-09-03 09:03:10.446 JST" Interest="94.0" Kind="edit" Navigation="null" OriginId="org.eclipse.jdt.ui.CompilationUnitEditor" StartDate="2014-09-03 08:41:06.244 JST" StructureHandle="=IFM11/src&amp;lt;ifm11.utils{Methods.java[Methods~delete_File~QActivity;~QTI;" StructureKind="java" NumEvents="94" CreationCount="105"/><InteractionEvent Delta="null" EndDate="2014-09-03 09:18:16.252 JST" Interest="8.0" Kind="selection" Navigation="null" OriginId="org.eclipse.jdt.ui.CompilationUnitEditor" StartDate="2014-09-03 08:41:04.338 JST" StructureHandle="=IFM11/src&amp;lt;ifm11.utils{Methods.java[Methods~delete_File~QActivity;~QTI;" StructureKind="java" NumEvents="8" CreationCount="105"/><InteractionEvent Delta="null" EndDate="2014-09-03 09:23:37.857 JST" Interest="851.0" Kind="propagation" Navigation="null" OriginId="org.eclipse.jdt.ui.CompilationUnitEditor" StartDate="2014-09-03 08:30:13.124 JST" StructureHandle="/IFM11" StructureKind="resource" NumEvents="851" CreationCount="1"/><InteractionEvent Delta="null" EndDate="2014-09-03 09:14:56.507 JST" Interest="9.834001" Kind="propagation" Navigation="org.eclipse.mylyn.core.model.edges.containment" OriginId="org.eclipse.mylyn.core.model.interest.propagation" StartDate="2014-09-03 09:13:12.60 JST" StructureHandle="=IFM11/src&amp;lt;ifm11.main{TNActv.java" StructureKind="java" NumEvents="17" CreationCount="677"/><InteractionEvent Delta="null" EndDate="2014-09-03 09:14:23.666 JST" Interest="2.0" Kind="selection" Navigation="null" OriginId="org.eclipse.jdt.ui.CompilationUnitEditor" StartDate="2014-09-03 09:13:10.705 JST" StructureHandle="=IFM11/src&amp;lt;ifm11.main{TNActv.java" StructureKind="java" NumEvents="2" CreationCount="677"/><InteractionEvent Delta="null" EndDate="2014-09-03 09:18:44.680 JST" Interest="4.0" Kind="prediction" Navigation="null" OriginId="org.eclipse.mylyn.resources.ui.interest.updater" StartDate="2014-09-03 08:32:05.673 JST" StructureHandle="/IFM11/bin/IFM11.apk" StructureKind="resource" NumEvents="4" CreationCount="16"/><InteractionEvent Delta="null" EndDate="2014-09-03 09:18:44.680 JST" Interest="4.0" Kind="prediction" Navigation="null" OriginId="org.eclipse.mylyn.resources.ui.interest.updater" StartDate="2014-09-03 08:32:05.673 JST" StructureHandle="/IFM11/bin/classes.dex" StructureKind="resource" NumEvents="4" CreationCount="16"/><InteractionEvent Delta="null" EndDate="2014-09-03 08:33:25.980 JST" Interest="18.0" Kind="propagation" Navigation="null" OriginId="org.eclipse.jdt.ui.CompilationUnitEditor" StartDate="2014-09-03 08:30:57.158 JST" StructureHandle="/IFM11/src/ifm11/utils/Methods_dlg.java" StructureKind="resource" NumEvents="18" CreationCount="4"/><InteractionEvent Delta="null" EndDate="2014-09-03 09:04:42.210 JST" Interest="3.9300005" Kind="manipulation" Navigation="null" OriginId="org.eclipse.mylyn.core.model.interest.decay.correction" StartDate="2014-09-03 08:49:56.191 JST" StructureHandle="=IFM11/src&amp;lt;ifm11.utils{DBUtils.java[DBUtils~update_TI__UploadedAt~QActivity;~QTI;" StructureKind="java" NumEvents="2" CreationCount="70"/><InteractionEvent Delta="null" EndDate="2014-09-03 08:39:02.229 JST" Interest="1.0" Kind="edit" Navigation="null" OriginId="org.eclipse.jdt.ui.CompilationUnitEditor" StartDate="2014-09-03 08:39:02.229 JST" StructureHandle="=IFM11/src&amp;lt;ifm11.utils{DBUtils.java[DBUtils~update_TI__UploadedAt~QActivity;~QTI;" StructureKind="java"/><InteractionEvent Delta="null" EndDate="2014-09-03 09:04:42.210 JST" Interest="3.0" Kind="selection" Navigation="null" OriginId="org.eclipse.jdt.ui.CompilationUnitEditor" StartDate="2014-09-03 08:39:00.591 JST" StructureHandle="=IFM11/src&amp;lt;ifm11.utils{DBUtils.java[DBUtils~update_TI__UploadedAt~QActivity;~QTI;" StructureKind="java" NumEvents="3" CreationCount="70"/><InteractionEvent Delta="null" EndDate="2014-09-03 08:31:01.966 JST" Interest="1.0" Kind="selection" Navigation="null" OriginId="org.eclipse.ui.views.ContentOutline" StartDate="2014-09-03 08:31:01.966 JST" StructureHandle="=IFM11/src&amp;lt;ifm11.utils{Methods_dlg.java[Methods_dlg~conf_Upload_DB~QActivity;~QDialog;" StructureKind="java"/><InteractionEvent Delta="null" EndDate="2014-09-03 09:23:37.855 JST" Interest="344.8" Kind="propagation" Navigation="org.eclipse.mylyn.core.model.edges.containment" OriginId="org.eclipse.mylyn.core.model.interest.propagation" StartDate="2014-09-03 08:33:01.869 JST" StructureHandle="=IFM11/src&amp;lt;ifm11.tasks{Task_FTP.java[Task_FTP" StructureKind="java" NumEvents="487" CreationCount="26"/><InteractionEvent Delta="null" EndDate="2014-09-03 09:14:56.507 JST" Interest="19.0" Kind="propagation" Navigation="org.eclipse.mylyn.core.model.edges.containment" OriginId="org.eclipse.mylyn.core.model.interest.propagation" StartDate="2014-09-03 09:13:10.706 JST" StructureHandle="/IFM11/src/ifm11/main" StructureKind="resource" NumEvents="19" CreationCount="677"/><InteractionEvent Delta="null" EndDate="2014-09-03 09:06:40.432 JST" Interest="15.0" Kind="edit" Navigation="null" OriginId="org.eclipse.jdt.ui.CompilationUnitEditor" StartDate="2014-09-03 09:04:43.828 JST" StructureHandle="=IFM11/src&amp;lt;ifm11.utils{DBUtils.java[DBUtils~delete_TI~QActivity;~QTI;~Z" StructureKind="java" NumEvents="15" CreationCount="462"/><InteractionEvent Delta="null" EndDate="2014-09-03 09:18:29.623 JST" Interest="7.0" Kind="selection" Navigation="null" OriginId="org.eclipse.jdt.ui.CompilationUnitEditor" StartDate="2014-09-03 09:04:42.846 JST" StructureHandle="=IFM11/src&amp;lt;ifm11.utils{DBUtils.java[DBUtils~delete_TI~QActivity;~QTI;~Z" StructureKind="java" NumEvents="7" CreationCount="462"/><InteractionEvent Delta="null" EndDate="2014-09-03 08:32:49.833 JST" Interest="9.0" Kind="edit" Navigation="null" OriginId="org.eclipse.jdt.ui.CompilationUnitEditor" StartDate="2014-09-03 08:31:07.551 JST" StructureHandle="=IFM11/src&amp;lt;ifm11.utils{Methods_dlg.java[Methods_dlg~upload_Image~QActivity;~QDialog;~QTI;" StructureKind="java" NumEvents="9" CreationCount="6"/><InteractionEvent Delta="null" EndDate="2014-09-03 08:33:25.978 JST" Interest="4.0" Kind="selection" Navigation="null" OriginId="org.eclipse.jdt.ui.CompilationUnitEditor" StartDate="2014-09-03 08:31:06.130 JST" StructureHandle="=IFM11/src&amp;lt;ifm11.utils{Methods_dlg.java[Methods_dlg~upload_Image~QActivity;~QDialog;~QTI;" StructureKind="java" NumEvents="4" CreationCount="6"/><InteractionEvent Delta="null" EndDate="2014-09-03 08:34:31.346 JST" Interest="4.0" Kind="edit" Navigation="null" OriginId="org.eclipse.jdt.ui.CompilationUnitEditor" StartDate="2014-09-03 08:34:30.167 JST" StructureHandle="=IFM11/src&amp;lt;ifm11.tasks{Task_FTP.java[Task_FTP~Task_FTP~QActivity;~QDialog;~QDialog;~QDialog;~QString;~QTI;~Z" StructureKind="java" NumEvents="4" CreationCount="58"/><InteractionEvent Delta="null" EndDate="2014-09-03 08:34:28.648 JST" Interest="1.0" Kind="selection" Navigation="null" OriginId="org.eclipse.ui.views.ContentOutline" StartDate="2014-09-03 08:34:28.648 JST" StructureHandle="=IFM11/src&amp;lt;ifm11.tasks{Task_FTP.java[Task_FTP~Task_FTP~QActivity;~QDialog;~QDialog;~QDialog;~QString;~QTI;~Z" StructureKind="java"/><InteractionEvent Delta="null" EndDate="2014-09-03 09:14:56.506 JST" Interest="14.0" Kind="edit" Navigation="null" OriginId="org.eclipse.jdt.ui.CompilationUnitEditor" StartDate="2014-09-03 09:13:15.683 JST" StructureHandle="=IFM11/src&amp;lt;ifm11.main{TNActv.java[TNActv~_Setup_SetList" StructureKind="java" NumEvents="14" CreationCount="679"/><InteractionEvent Delta="null" EndDate="2014-09-03 09:14:23.862 JST" Interest="2.0" Kind="selection" Navigation="null" OriginId="org.eclipse.jdt.ui.CompilationUnitEditor" StartDate="2014-09-03 09:13:15.118 JST" StructureHandle="=IFM11/src&amp;lt;ifm11.main{TNActv.java[TNActv~_Setup_SetList" StructureKind="java" NumEvents="2" CreationCount="679"/><InteractionEvent Delta="null" EndDate="2014-09-03 09:18:28.260 JST" Interest="102.0" Kind="edit" Navigation="null" OriginId="org.eclipse.jdt.ui.CompilationUnitEditor" StartDate="2014-09-03 09:13:57.323 JST" StructureHandle="=IFM11/src&amp;lt;ifm11.utils{Methods.java[Methods~update_List_TNActv_Main~QActivity;" StructureKind="java" NumEvents="102" CreationCount="702"/><InteractionEvent Delta="null" EndDate="2014-09-03 09:18:20.464 JST" Interest="6.0" Kind="selection" Navigation="null" OriginId="org.eclipse.jdt.ui.CompilationUnitEditor" StartDate="2014-09-03 09:13:54.666 JST" StructureHandle="=IFM11/src&amp;lt;ifm11.utils{Methods.java[Methods~update_List_TNActv_Main~QActivity;" StructureKind="java" NumEvents="6" CreationCount="702"/><InteractionEvent Delta="null" EndDate="2014-09-03 09:05:22.708 JST" Interest="4.0" Kind="selection" Navigation="null" OriginId="org.eclipse.jdt.ui.CompilationUnitEditor" StartDate="2014-09-03 09:05:20.335 JST" StructureHandle="=IFM11/src&amp;lt;ifm11.utils{DBUtils.java[DBUtils~find_All_TI__Search~QActivity;" StructureKind="java" NumEvents="4" CreationCount="469"/><InteractionEvent Delta="null" EndDate="2014-09-03 09:18:30.6 JST" Interest="21.0" Kind="propagation" Navigation="null" OriginId="org.eclipse.jdt.ui.CompilationUnitEditor" StartDate="2014-09-03 08:33:37.735 JST" StructureHandle="/IFM11/src/ifm11/listeners/dialog/DB_OCL.java" StructureKind="resource" NumEvents="21" CreationCount="42"/><InteractionEvent Delta="null" EndDate="2014-09-03 09:23:37.857 JST" Interest="841.034" Kind="propagation" Navigation="null" OriginId="org.eclipse.jdt.ui.CompilationUnitEditor" StartDate="2014-09-03 08:30:31.123 JST" StructureHandle="/IFM11/src" StructureKind="resource" NumEvents="843" CreationCount="2"/><InteractionEvent Delta="null" EndDate="2014-09-03 09:23:37.856 JST" Interest="344.85098" Kind="propagation" Navigation="org.eclipse.mylyn.core.model.edges.containment" OriginId="org.eclipse.mylyn.core.model.interest.propagation" StartDate="2014-09-03 08:32:55.780 JST" StructureHandle="=IFM11/src&amp;lt;ifm11.tasks" StructureKind="java" NumEvents="490" CreationCount="23"/><InteractionEvent Delta="null" EndDate="2014-09-03 08:33:17.273 JST" Interest="2.0" Kind="selection" Navigation="null" OriginId="org.eclipse.jdt.ui.CompilationUnitEditor" StartDate="2014-09-03 08:33:14.470 JST" StructureHandle="=IFM11/src&amp;lt;ifm11.tasks{Task_FTP.java[Task_FTP^delete" StructureKind="java" NumEvents="2" CreationCount="33"/><InteractionEvent Delta="null" EndDate="2014-09-03 09:23:37.855 JST" Interest="521.33997" Kind="propagation" Navigation="org.eclipse.mylyn.core.model.edges.containment" OriginId="org.eclipse.mylyn.core.model.interest.propagation" StartDate="2014-09-03 08:30:53.192 JST" StructureHandle="/IFM11/src/ifm11" StructureKind="resource" NumEvents="525" CreationCount="3"/><InteractionEvent Delta="null" EndDate="2014-09-03 09:18:28.261 JST" Interest="226.0" Kind="propagation" Navigation="null" OriginId="org.eclipse.jdt.ui.CompilationUnitEditor" StartDate="2014-09-03 08:41:01.588 JST" StructureHandle="/IFM11/src/ifm11/utils/Methods.java" StructureKind="resource" NumEvents="226" CreationCount="103"/><InteractionEvent Delta="null" EndDate="2014-09-03 08:34:17.348 JST" Interest="2.8510003" Kind="propagation" Navigation="org.eclipse.mylyn.core.model.edges.containment" OriginId="org.eclipse.mylyn.core.model.interest.propagation" StartDate="2014-09-03 08:33:39.494 JST" StructureHandle="=IFM11/src&amp;lt;ifm11.listeners.dialog{DB_OCL.java" StructureKind="java" NumEvents="8" CreationCount="42"/><InteractionEvent Delta="null" EndDate="2014-09-03 09:18:30.6 JST" Interest="2.545001" Kind="manipulation" Navigation="null" OriginId="org.eclipse.mylyn.core.model.interest.decay.correction" StartDate="2014-09-03 09:13:06.534 JST" StructureHandle="=IFM11/src&amp;lt;ifm11.listeners.dialog{DB_OCL.java" StructureKind="java" NumEvents="2" CreationCount="42"/><InteractionEvent Delta="null" EndDate="2014-09-03 09:18:30.6 JST" Interest="9.0" Kind="selection" Navigation="null" OriginId="org.eclipse.jdt.ui.CompilationUnitEditor" StartDate="2014-09-03 08:33:37.734 JST" StructureHandle="=IFM11/src&amp;lt;ifm11.listeners.dialog{DB_OCL.java" StructureKind="java" NumEvents="9" CreationCount="42"/><InteractionEvent Delta="null" EndDate="2014-09-03 09:23:37.857 JST" Interest="344.20798" Kind="propagation" Navigation="org.eclipse.mylyn.core.model.edges.containment" OriginId="org.eclipse.mylyn.core.model.interest.propagation" StartDate="2014-09-03 08:30:53.193 JST" StructureHandle="=IFM11/src" StructureKind="java" NumEvents="497" CreationCount="2"/><InteractionEvent Delta="null" EndDate="2014-09-03 08:30:31.123 JST" Interest="1.0" Kind="selection" Navigation="null" OriginId="org.eclipse.jdt.ui.PackageExplorer" StartDate="2014-09-03 08:30:31.123 JST" StructureHandle="=IFM11/src" StructureKind="java"/><InteractionEvent Delta="null" EndDate="2014-09-03 09:23:37.854 JST" Interest="474.0" Kind="edit" Navigation="null" OriginId="org.eclipse.jdt.ui.CompilationUnitEditor" StartDate="2014-09-03 08:33:02.600 JST" StructureHandle="=IFM11/src&amp;lt;ifm11.tasks{Task_FTP.java[Task_FTP~_onPostExecute__Upload_Image~QInteger;" StructureKind="java" NumEvents="474" CreationCount="26"/><InteractionEvent Delta="null" EndDate="2014-09-03 09:18:30.500 JST" Interest="13.0" Kind="selection" Navigation="null" OriginId="org.eclipse.jdt.ui.CompilationUnitEditor" StartDate="2014-09-03 08:33:01.866 JST" StructureHandle="=IFM11/src&amp;lt;ifm11.tasks{Task_FTP.java[Task_FTP~_onPostExecute__Upload_Image~QInteger;" StructureKind="java" NumEvents="13" CreationCount="26"/></InteractionHistory>