<?xml version="1.0" encoding="UTF-8"?><InteractionHistory Id="local-168" Version="1"><InteractionEvent Delta="null" EndDate="2014-10-23 12:32:44.989 JST" Interest="882.08496" Kind="propagation" Navigation="org.eclipse.mylyn.core.model.edges.containment" OriginId="org.eclipse.mylyn.core.model.interest.propagation" StartDate="2014-10-23 11:31:51.342 JST" StructureHandle="" StructureKind="java" NumEvents="888" CreationCount="6"/><InteractionEvent Delta="null" EndDate="2014-10-23 12:32:44.987 JST" Interest="881.08496" Kind="propagation" Navigation="org.eclipse.mylyn.core.model.edges.containment" OriginId="org.eclipse.mylyn.core.model.interest.propagation" StartDate="2014-10-23 11:31:57.810 JST" StructureHandle="=SL3" StructureKind="resource" NumEvents="887" CreationCount="6"/><InteractionEvent Delta="null" EndDate="2014-10-23 11:31:51.341 JST" Interest="1.0" Kind="selection" Navigation="null" OriginId="org.eclipse.jdt.ui.PackageExplorer" StartDate="2014-10-23 11:31:51.341 JST" StructureHandle="=SL3" StructureKind="java"/><InteractionEvent Delta="null" EndDate="2014-10-23 12:32:29.235 JST" Interest="187.03802" Kind="propagation" Navigation="org.eclipse.mylyn.core.model.edges.containment" OriginId="org.eclipse.mylyn.core.model.interest.propagation" StartDate="2014-10-23 11:32:01.102 JST" StructureHandle="=SL3/src" StructureKind="java" NumEvents="267" CreationCount="7"/><InteractionEvent Delta="null" EndDate="2014-10-23 11:31:57.810 JST" Interest="1.0" Kind="selection" Navigation="null" OriginId="org.eclipse.jdt.ui.PackageExplorer" StartDate="2014-10-23 11:31:57.810 JST" StructureHandle="=SL3/src" StructureKind="java"/><InteractionEvent Delta="null" EndDate="2014-10-23 11:50:36.912 JST" Interest="1.0" Kind="selection" Navigation="null" OriginId="org.eclipse.jdt.ui.CompilationUnitEditor" StartDate="2014-10-23 11:50:36.912 JST" StructureHandle="=SL3/src&amp;lt;sl3.utils{CONS.java[CONS[HTTPData^passwdKey_SL" StructureKind="java"/><InteractionEvent Delta="null" EndDate="2014-10-23 12:08:23.994 JST" Interest="11.597001" Kind="manipulation" Navigation="null" OriginId="org.eclipse.mylyn.core.model.interest.decay.correction" StartDate="2014-10-23 12:08:23.994 JST" StructureHandle="=SL3/src&amp;lt;sl3.tasks{Task_Post_History.java[Task_Post_History~Task_Post_History~QActivity;~QDialog;~QDialog;" StructureKind="java"/><InteractionEvent Delta="null" EndDate="2014-10-23 12:08:23.999 JST" Interest="1.0" Kind="edit" Navigation="null" OriginId="org.eclipse.jdt.ui.CompilationUnitEditor" StartDate="2014-10-23 12:08:23.999 JST" StructureHandle="=SL3/src&amp;lt;sl3.tasks{Task_Post_History.java[Task_Post_History~Task_Post_History~QActivity;~QDialog;~QDialog;" StructureKind="java"/><InteractionEvent Delta="null" EndDate="2014-10-23 12:08:23.994 JST" Interest="2.0" Kind="selection" Navigation="null" OriginId="org.eclipse.jdt.ui.CompilationUnitEditor" StartDate="2014-10-23 11:35:00.172 JST" StructureHandle="=SL3/src&amp;lt;sl3.tasks{Task_Post_History.java[Task_Post_History~Task_Post_History~QActivity;~QDialog;~QDialog;" StructureKind="java" NumEvents="2" CreationCount="85"/><InteractionEvent Delta="null" EndDate="2014-10-23 12:24:32.660 JST" Interest="243.0" Kind="propagation" Navigation="null" OriginId="org.eclipse.jdt.ui.CompilationUnitEditor" StartDate="2014-10-23 11:32:06.899 JST" StructureHandle="/SL3/src/sl3/tasks/Task_Post_History.java" StructureKind="resource" NumEvents="243" CreationCount="11"/><InteractionEvent Delta="null" EndDate="2014-10-23 12:10:12.84 JST" Interest="8.0" Kind="propagation" Navigation="null" OriginId="org.eclipse.jdt.ui.CompilationUnitEditor" StartDate="2014-10-23 12:07:24.684 JST" StructureHandle="/IFM11/src/ifm11/utils/CONS.java" StructureKind="resource" NumEvents="8" CreationCount="788"/><InteractionEvent Delta="null" EndDate="2014-10-23 11:32:05.851 JST" Interest="1.0" Kind="selection" Navigation="null" OriginId="org.eclipse.jdt.ui.PackageExplorer" StartDate="2014-10-23 11:32:05.851 JST" StructureHandle="=SL3/src&amp;lt;sl3.tasks{Task_GetYomi.java" StructureKind="java"/><InteractionEvent Delta="null" EndDate="2014-10-23 11:50:46.823 JST" Interest="5.0" Kind="edit" Navigation="null" OriginId="org.eclipse.jdt.ui.CompilationUnitEditor" StartDate="2014-10-23 11:46:34.764 JST" StructureHandle="=SL3/src&amp;lt;sl3.utils{CONS.java[CONS[HTTPData^siKeys" StructureKind="java" NumEvents="5" CreationCount="226"/><InteractionEvent Delta="null" EndDate="2014-10-23 11:50:43.762 JST" Interest="4.0" Kind="selection" Navigation="null" OriginId="org.eclipse.jdt.ui.CompilationUnitEditor" StartDate="2014-10-23 11:46:34.32 JST" StructureHandle="=SL3/src&amp;lt;sl3.utils{CONS.java[CONS[HTTPData^siKeys" StructureKind="java" NumEvents="4" CreationCount="226"/><InteractionEvent Delta="null" EndDate="2014-10-23 12:04:01.926 JST" Interest="6.0720005" Kind="manipulation" Navigation="null" OriginId="org.eclipse.mylyn.core.model.interest.decay.correction" StartDate="2014-10-23 12:04:01.926 JST" StructureHandle="=IFM11/src&amp;lt;ifm11.utils{Methods.java[Methods~_post_ImageData_to_Remote__PostData~QActivity;~QTI;~QHttpPost;~QHttpEntity;" StructureKind="java"/><InteractionEvent Delta="null" EndDate="2014-10-23 12:07:18.561 JST" Interest="14.0" Kind="edit" Navigation="null" OriginId="org.eclipse.jdt.ui.CompilationUnitEditor" StartDate="2014-10-23 12:04:04.184 JST" StructureHandle="=IFM11/src&amp;lt;ifm11.utils{Methods.java[Methods~_post_ImageData_to_Remote__PostData~QActivity;~QTI;~QHttpPost;~QHttpEntity;" StructureKind="java" NumEvents="14" CreationCount="250"/><InteractionEvent Delta="null" EndDate="2014-10-23 12:09:59.602 JST" Interest="7.0" Kind="selection" Navigation="null" OriginId="org.eclipse.jdt.ui.CompilationUnitEditor" StartDate="2014-10-23 11:47:40.428 JST" StructureHandle="=IFM11/src&amp;lt;ifm11.utils{Methods.java[Methods~_post_ImageData_to_Remote__PostData~QActivity;~QTI;~QHttpPost;~QHttpEntity;" StructureKind="java" NumEvents="7" CreationCount="250"/><InteractionEvent Delta="null" EndDate="2014-10-23 12:04:00.676 JST" Interest="27.339" Kind="propagation" Navigation="org.eclipse.mylyn.core.model.edges.containment" OriginId="org.eclipse.mylyn.core.model.interest.propagation" StartDate="2014-10-23 11:31:39.790 JST" StructureHandle="=IFM11/src&amp;lt;ifm11.utils{Methods.java[Methods" StructureKind="java" NumEvents="36" CreationCount="2"/><InteractionEvent Delta="null" EndDate="2014-10-23 11:59:31.202 JST" Interest="4.0" Kind="selection" Navigation="null" OriginId="org.eclipse.jdt.ui.CompilationUnitEditor" StartDate="2014-10-23 11:33:16.727 JST" StructureHandle="=IFM11/src&amp;lt;ifm11.utils{Methods.java[Methods" StructureKind="java" NumEvents="4" CreationCount="2"/><InteractionEvent Delta="null" EndDate="2014-10-23 11:52:44.327 JST" Interest="4.5390005" Kind="manipulation" Navigation="null" OriginId="org.eclipse.mylyn.core.model.interest.decay.correction" StartDate="2014-10-23 11:52:44.327 JST" StructureHandle="=IFM11/src&amp;lt;ifm11.utils{Methods.java[Methods~_post_ImageData_to_Remote__GetParam~QActivity;~QTI;" StructureKind="java"/><InteractionEvent Delta="null" EndDate="2014-10-23 12:04:00.675 JST" Interest="24.0" Kind="edit" Navigation="null" OriginId="org.eclipse.jdt.ui.CompilationUnitEditor" StartDate="2014-10-23 11:31:41.770 JST" StructureHandle="=IFM11/src&amp;lt;ifm11.utils{Methods.java[Methods~_post_ImageData_to_Remote__GetParam~QActivity;~QTI;" StructureKind="java" NumEvents="24" CreationCount="2"/><InteractionEvent Delta="null" EndDate="2014-10-23 12:03:57.55 JST" Interest="10.0" Kind="selection" Navigation="null" OriginId="org.eclipse.jdt.ui.CompilationUnitEditor" StartDate="2014-10-23 11:31:39.790 JST" StructureHandle="=IFM11/src&amp;lt;ifm11.utils{Methods.java[Methods~_post_ImageData_to_Remote__GetParam~QActivity;~QTI;" StructureKind="java" NumEvents="10" CreationCount="2"/><InteractionEvent Delta="null" EndDate="2014-10-23 12:07:33.120 JST" Interest="3.817" Kind="propagation" Navigation="org.eclipse.mylyn.core.model.edges.containment" OriginId="org.eclipse.mylyn.core.model.interest.propagation" StartDate="2014-10-23 12:07:25.395 JST" StructureHandle="=IFM11/src&amp;lt;ifm11.utils{CONS.java[CONS" StructureKind="java" NumEvents="6" CreationCount="789"/><InteractionEvent Delta="null" EndDate="2014-10-23 12:12:58.531 JST" Interest="1.0" Kind="selection" Navigation="null" OriginId="org.eclipse.jdt.ui.PackageExplorer" StartDate="2014-10-23 12:12:58.531 JST" StructureHandle="/SL3/s" StructureKind="resource"/><InteractionEvent Delta="null" EndDate="2014-10-23 11:36:48.144 JST" Interest="1.0" Kind="edit" Navigation="null" OriginId="org.eclipse.jdt.ui.CompilationUnitEditor" StartDate="2014-10-23 11:36:48.144 JST" StructureHandle="=SL3/src&amp;lt;sl3.utils{Methods.java" StructureKind="java"/><InteractionEvent Delta="null" EndDate="2014-10-23 12:32:15.6 JST" Interest="155.82501" Kind="propagation" Navigation="org.eclipse.mylyn.core.model.edges.containment" OriginId="org.eclipse.mylyn.core.model.interest.propagation" StartDate="2014-10-23 11:36:16.904 JST" StructureHandle="=SL3/src&amp;lt;sl3.utils{Methods.java" StructureKind="java" NumEvents="228" CreationCount="96"/><InteractionEvent Delta="null" EndDate="2014-10-23 12:24:33.511 JST" Interest="30.0" Kind="selection" Navigation="null" OriginId="org.eclipse.jdt.ui.CompilationUnitEditor" StartDate="2014-10-23 11:36:16.49 JST" StructureHandle="=SL3/src&amp;lt;sl3.utils{Methods.java" StructureKind="java" NumEvents="30" CreationCount="96"/><InteractionEvent Delta="null" EndDate="2014-10-23 12:23:48.386 JST" Interest="193.0" Kind="propagation" Navigation="null" OriginId="org.eclipse.jdt.ui.CompilationUnitEditor" StartDate="2014-10-23 11:46:32.367 JST" StructureHandle="/SL3/src/sl3/utils/CONS.java" StructureKind="resource" NumEvents="193" CreationCount="224"/><InteractionEvent Delta="null" EndDate="2014-10-23 11:32:57.190 JST" Interest="3.0" Kind="selection" Navigation="null" OriginId="org.eclipse.jdt.ui.CompilationUnitEditor" StartDate="2014-10-23 11:32:55.523 JST" StructureHandle="=IFM11/src&amp;lt;ifm11.tasks{Task_FTP.java[Task_FTP~_onPostExecute__Upload_Image_Multiple~QInteger;" StructureKind="java" NumEvents="3" CreationCount="28"/><InteractionEvent Delta="null" EndDate="2014-10-23 12:31:55.799 JST" Interest="223.0" Kind="edit" Navigation="null" OriginId="org.eclipse.jdt.ui.CompilationUnitEditor" StartDate="2014-10-23 11:36:50.682 JST" StructureHandle="=SL3/src&amp;lt;sl3.utils{Methods.java[Methods~post_PurHist_to_Remote~QActivity;~QPH;" StructureKind="java" NumEvents="223" CreationCount="121"/><InteractionEvent Delta="null" EndDate="2014-10-23 12:24:33.562 JST" Interest="29.0" Kind="selection" Navigation="null" OriginId="org.eclipse.jdt.ui.CompilationUnitEditor" StartDate="2014-10-23 11:36:48.766 JST" StructureHandle="=SL3/src&amp;lt;sl3.utils{Methods.java[Methods~post_PurHist_to_Remote~QActivity;~QPH;" StructureKind="java" NumEvents="29" CreationCount="121"/><InteractionEvent Delta="null" EndDate="2014-10-23 12:15:44.483 JST" Interest="194.0" Kind="propagation" Navigation="org.eclipse.mylyn.core.model.edges.containment" OriginId="org.eclipse.mylyn.core.model.interest.propagation" StartDate="2014-10-23 11:31:39.608 JST" StructureHandle="=IFM11" StructureKind="resource" NumEvents="195" CreationCount="1"/><InteractionEvent Delta="null" EndDate="2014-10-23 11:32:44.116 JST" Interest="1.0" Kind="selection" Navigation="null" OriginId="org.eclipse.ui.views.ResourceNavigator" StartDate="2014-10-23 11:32:44.116 JST" StructureHandle="=IFM11" StructureKind="java"/><InteractionEvent Delta="null" EndDate="2014-10-23 12:14:43.931 JST" Interest="60.0" Kind="propagation" Navigation="null" OriginId="org.eclipse.jdt.ui.CompilationUnitEditor" StartDate="2014-10-23 11:32:51.887 JST" StructureHandle="/IFM11/src/ifm11/tasks/Task_FTP.java" StructureKind="resource" NumEvents="60" CreationCount="23"/><InteractionEvent Delta="null" EndDate="2014-10-23 12:32:44.989 JST" Interest="926.0" Kind="propagation" Navigation="null" OriginId="org.eclipse.jdt.ui.CompilationUnitEditor" StartDate="2014-10-23 11:31:39.608 JST" StructureHandle="/" StructureKind="resource" NumEvents="926" CreationCount="1"/><InteractionEvent Delta="null" EndDate="2014-10-23 11:48:55.273 JST" Interest="1.0" Kind="edit" Navigation="null" OriginId="org.eclipse.jdt.ui.CompilationUnitEditor" StartDate="2014-10-23 11:48:55.273 JST" StructureHandle="=SL3/src&amp;lt;sl3.utils{CONS.java[CONS[HTTPData[registerChoice" StructureKind="java"/><InteractionEvent Delta="null" EndDate="2014-10-23 11:50:09.66 JST" Interest="4.0" Kind="selection" Navigation="null" OriginId="org.eclipse.jdt.ui.CompilationUnitEditor" StartDate="2014-10-23 11:48:53.397 JST" StructureHandle="=SL3/src&amp;lt;sl3.utils{CONS.java[CONS[HTTPData[registerChoice" StructureKind="java" NumEvents="4" CreationCount="283"/><InteractionEvent Delta="null" EndDate="2014-10-23 11:50:41.965 JST" Interest="2.0" Kind="edit" Navigation="null" OriginId="org.eclipse.jdt.ui.CompilationUnitEditor" StartDate="2014-10-23 11:48:28.758 JST" StructureHandle="=SL3/src&amp;lt;sl3.utils{CONS.java[CONS[HTTPData^UrlPostSI" StructureKind="java" NumEvents="2" CreationCount="225"/><InteractionEvent Delta="null" EndDate="2014-10-23 11:50:40.584 JST" Interest="3.0" Kind="selection" Navigation="null" OriginId="org.eclipse.jdt.ui.CompilationUnitEditor" StartDate="2014-10-23 11:46:33.83 JST" StructureHandle="=SL3/src&amp;lt;sl3.utils{CONS.java[CONS[HTTPData^UrlPostSI" StructureKind="java" NumEvents="3" CreationCount="225"/><InteractionEvent Delta="null" EndDate="2014-10-23 12:10:27.507 JST" Interest="1.0" Kind="propagation" Navigation="org.eclipse.mylyn.core.model.edges.containment" OriginId="org.eclipse.mylyn.core.model.interest.propagation" StartDate="2014-10-23 12:10:27.507 JST" StructureHandle="/SL3/bin" StructureKind="resource"/><InteractionEvent Delta="null" EndDate="2014-10-23 12:05:35.812 JST" Interest="2.0" Kind="edit" Navigation="null" OriginId="org.eclipse.jdt.ui.CompilationUnitEditor" StartDate="2014-10-23 12:05:33.947 JST" StructureHandle="=SL3/src&amp;lt;sl3.utils{CONS.java[CONS[HTTPResponse^status_OK" StructureKind="java" NumEvents="2" CreationCount="722"/><InteractionEvent Delta="null" EndDate="2014-10-23 12:07:34.257 JST" Interest="5.0" Kind="selection" Navigation="null" OriginId="org.eclipse.jdt.ui.CompilationUnitEditor" StartDate="2014-10-23 12:05:31.345 JST" StructureHandle="=SL3/src&amp;lt;sl3.utils{CONS.java[CONS[HTTPResponse^status_OK" StructureKind="java" NumEvents="5" CreationCount="722"/><InteractionEvent Delta="null" EndDate="2014-10-23 11:32:05.852 JST" Interest="1.0" Kind="propagation" Navigation="null" OriginId="org.eclipse.jdt.ui.PackageExplorer" StartDate="2014-10-23 11:32:05.852 JST" StructureHandle="/SL3/src/sl3/tasks/Task_GetYomi.java" StructureKind="resource"/><InteractionEvent Delta="null" EndDate="2014-10-23 11:50:53.557 JST" Interest="2.0" Kind="selection" Navigation="null" OriginId="org.eclipse.jdt.ui.CompilationUnitEditor" StartDate="2014-10-23 11:50:13.747 JST" StructureHandle="=SL3/src&amp;lt;sl3.utils{CONS.java[CONS[HTTPData^passwdSL_PurHistory" StructureKind="java" NumEvents="2" CreationCount="324"/><InteractionEvent Delta="null" EndDate="2014-10-23 12:31:55.799 JST" Interest="174.908" Kind="propagation" Navigation="org.eclipse.mylyn.core.model.edges.containment" OriginId="org.eclipse.mylyn.core.model.interest.propagation" StartDate="2014-10-23 11:37:10.637 JST" StructureHandle="=SL3/src&amp;lt;sl3.utils{Methods.java[Methods" StructureKind="java" NumEvents="242" CreationCount="97"/><InteractionEvent Delta="null" EndDate="2014-10-23 11:36:42.516 JST" Interest="8.0" Kind="edit" Navigation="null" OriginId="org.eclipse.jdt.ui.CompilationUnitEditor" StartDate="2014-10-23 11:36:31.754 JST" StructureHandle="=SL3/src&amp;lt;sl3.utils{Methods.java[Methods" StructureKind="java" NumEvents="8" CreationCount="97"/><InteractionEvent Delta="null" EndDate="2014-10-23 12:32:15.5 JST" Interest="6.0" Kind="selection" Navigation="null" OriginId="org.eclipse.jdt.ui.CompilationUnitEditor" StartDate="2014-10-23 11:36:16.903 JST" StructureHandle="=SL3/src&amp;lt;sl3.utils{Methods.java[Methods" StructureKind="java" NumEvents="6" CreationCount="97"/><InteractionEvent Delta="null" EndDate="2014-10-23 11:36:25.327 JST" Interest="3.0" Kind="edit" Navigation="null" OriginId="org.eclipse.jdt.ui.CompilationUnitEditor" StartDate="2014-10-23 11:36:22.794 JST" StructureHandle="=IFM11/src&amp;lt;ifm11.utils{Methods.java[Methods~post_ImageData_to_Remote_Multiple~QActivity;~QList\&amp;lt;QTI;&amp;gt;;~Z" StructureKind="java" NumEvents="3" CreationCount="49"/><InteractionEvent Delta="null" EndDate="2014-10-23 11:36:21.388 JST" Interest="2.0" Kind="selection" Navigation="null" OriginId="org.eclipse.jdt.ui.CompilationUnitEditor" StartDate="2014-10-23 11:33:27.640 JST" StructureHandle="=IFM11/src&amp;lt;ifm11.utils{Methods.java[Methods~post_ImageData_to_Remote_Multiple~QActivity;~QList\&amp;lt;QTI;&amp;gt;;~Z" StructureKind="java" NumEvents="2" CreationCount="49"/><InteractionEvent Delta="null" EndDate="2014-10-23 12:32:36.772 JST" Interest="2.0" Kind="prediction" Navigation="null" OriginId="org.eclipse.mylyn.resources.ui.interest.updater" StartDate="2014-10-23 12:10:27.506 JST" StructureHandle="/SL3/bin/classes.dex" StructureKind="resource" NumEvents="2" CreationCount="917"/><InteractionEvent Delta="null" EndDate="2014-10-23 12:32:44.987 JST" Interest="447.0" Kind="propagation" Navigation="null" OriginId="org.eclipse.jdt.ui.CompilationUnitEditor" StartDate="2014-10-23 11:36:16.49 JST" StructureHandle="/SL3/src/sl3/utils/Methods.java" StructureKind="resource" NumEvents="447" CreationCount="96"/><InteractionEvent Delta="null" EndDate="2014-10-23 12:24:32.659 JST" Interest="136.0" Kind="edit" Navigation="null" OriginId="org.eclipse.jdt.ui.CompilationUnitEditor" StartDate="2014-10-23 11:32:16.10 JST" StructureHandle="=SL3/src&amp;lt;sl3.tasks{Task_Post_History.java[Task_Post_History~doInBackground~\[QString;" StructureKind="java" NumEvents="136" CreationCount="14"/><InteractionEvent Delta="null" EndDate="2014-10-23 12:24:17.906 JST" Interest="34.0" Kind="selection" Navigation="null" OriginId="org.eclipse.jdt.ui.CompilationUnitEditor" StartDate="2014-10-23 11:32:15.293 JST" StructureHandle="=SL3/src&amp;lt;sl3.tasks{Task_Post_History.java[Task_Post_History~doInBackground~\[QString;" StructureKind="java" NumEvents="34" CreationCount="14"/><InteractionEvent Delta="null" EndDate="2014-10-23 12:10:04.549 JST" Interest="1.0" Kind="selection" Navigation="null" OriginId="org.eclipse.jdt.ui.CompilationUnitEditor" StartDate="2014-10-23 12:10:04.549 JST" StructureHandle="=IFM11/src&amp;lt;ifm11.utils{Methods.java[Methods~ftp_Remote_DB~QActivity;" StructureKind="java"/><InteractionEvent Delta="null" EndDate="2014-10-23 11:50:11.906 JST" Interest="1.0" Kind="selection" Navigation="null" OriginId="org.eclipse.jdt.ui.CompilationUnitEditor" StartDate="2014-10-23 11:50:11.906 JST" StructureHandle="=SL3/src&amp;lt;sl3.utils{CONS.java[CONS[RV" StructureKind="java"/><InteractionEvent Delta="null" EndDate="2014-10-23 12:15:47.598 JST" Interest="6.0" Kind="edit" Navigation="null" OriginId="org.eclipse.jdt.ui.CompilationUnitEditor" StartDate="2014-10-23 12:15:46.797 JST" StructureHandle="=SL3/src&amp;lt;sl3.tasks{Task_Post_History.java[Task_Post_History~_PostData~QHttpPost;" StructureKind="java" NumEvents="6" CreationCount="968"/><InteractionEvent Delta="null" EndDate="2014-10-23 12:15:46.317 JST" Interest="3.0" Kind="selection" Navigation="null" OriginId="org.eclipse.jdt.ui.CompilationUnitEditor" StartDate="2014-10-23 12:15:46.212 JST" StructureHandle="=SL3/src&amp;lt;sl3.tasks{Task_Post_History.java[Task_Post_History~_PostData~QHttpPost;" StructureKind="java" NumEvents="3" CreationCount="968"/><InteractionEvent Delta="null" EndDate="2014-10-23 11:36:45.914 JST" Interest="1.0" Kind="selection" Navigation="null" OriginId="org.eclipse.jdt.ui.CompilationUnitEditor" StartDate="2014-10-23 11:36:45.914 JST" StructureHandle="=SL3/src&amp;lt;sl3.utils{Methods.java#" StructureKind="java"/><InteractionEvent Delta="null" EndDate="2014-10-23 12:12:55.42 JST" Interest="1.0" Kind="edit" Navigation="null" OriginId="com.android.ide.eclipse.editors.manifest.ManifestEditor" StartDate="2014-10-23 12:12:55.42 JST" StructureHandle="/IFM11/AndroidManifest.xml" StructureKind="resource"/><InteractionEvent Delta="null" EndDate="2014-10-23 12:12:54.917 JST" Interest="3.0" Kind="selection" Navigation="null" OriginId="com.android.ide.eclipse.editors.manifest.ManifestEditor" StartDate="2014-10-23 12:12:52.658 JST" StructureHandle="/IFM11/AndroidManifest.xml" StructureKind="resource" NumEvents="3" CreationCount="920"/><InteractionEvent Delta="null" EndDate="2014-10-23 11:32:01.101 JST" Interest="1.0" Kind="propagation" Navigation="org.eclipse.mylyn.core.model.edges.containment" OriginId="org.eclipse.mylyn.core.model.interest.propagation" StartDate="2014-10-23 11:32:01.101 JST" StructureHandle="/SL3/src/sl3/listeners" StructureKind="resource"/><InteractionEvent Delta="null" EndDate="2014-10-23 12:15:44.484 JST" Interest="196.0" Kind="propagation" Navigation="null" OriginId="org.eclipse.ui.views.ContentOutline" StartDate="2014-10-23 11:31:39.608 JST" StructureHandle="/IFM11/src" StructureKind="resource" NumEvents="196" CreationCount="1"/><InteractionEvent Delta="null" EndDate="2014-10-23 12:14:43.931 JST" Interest="38.319" Kind="propagation" Navigation="org.eclipse.mylyn.core.model.edges.containment" OriginId="org.eclipse.mylyn.core.model.interest.propagation" StartDate="2014-10-23 11:32:51.888 JST" StructureHandle="=IFM11/src&amp;lt;ifm11.tasks" StructureKind="java" NumEvents="47" CreationCount="22"/><InteractionEvent Delta="null" EndDate="2014-10-23 11:32:50.276 JST" Interest="1.0" Kind="selection" Navigation="null" OriginId="org.eclipse.ui.views.ResourceNavigator" StartDate="2014-10-23 11:32:50.276 JST" StructureHandle="=IFM11/src&amp;lt;ifm11.tasks" StructureKind="java"/><InteractionEvent Delta="null" EndDate="2014-10-23 12:15:44.484 JST" Interest="131.0" Kind="propagation" Navigation="org.eclipse.mylyn.core.model.edges.containment" OriginId="org.eclipse.mylyn.core.model.interest.propagation" StartDate="2014-10-23 11:31:39.608 JST" StructureHandle="/IFM11/src/ifm11" StructureKind="resource" NumEvents="133" CreationCount="1"/><InteractionEvent Delta="null" EndDate="2014-10-23 12:32:44.987 JST" Interest="641.496" Kind="propagation" Navigation="org.eclipse.mylyn.core.model.edges.containment" OriginId="org.eclipse.mylyn.core.model.interest.propagation" StartDate="2014-10-23 11:32:01.101 JST" StructureHandle="/SL3/src/sl3" StructureKind="resource" NumEvents="646" CreationCount="8"/><InteractionEvent Delta="null" EndDate="2014-10-23 12:14:44.405 JST" Interest="1.4990001" Kind="manipulation" Navigation="null" OriginId="org.eclipse.mylyn.core.model.interest.decay.correction" StartDate="2014-10-23 12:14:44.405 JST" StructureHandle="=SL3/src&amp;lt;sl3.utils{CONS.java[CONS[HTTPResponse^status_NOT_CREATED" StructureKind="java"/><InteractionEvent Delta="null" EndDate="2014-10-23 12:23:14.207 JST" Interest="3.0" Kind="selection" Navigation="null" OriginId="org.eclipse.jdt.ui.CompilationUnitEditor" StartDate="2014-10-23 12:07:48.434 JST" StructureHandle="=SL3/src&amp;lt;sl3.utils{CONS.java[CONS[HTTPResponse^status_NOT_CREATED" StructureKind="java" NumEvents="3" CreationCount="804"/><InteractionEvent Delta="null" EndDate="2014-10-23 12:24:15.216 JST" Interest="6.0" Kind="edit" Navigation="null" OriginId="org.eclipse.jdt.ui.CompilationUnitEditor" StartDate="2014-10-23 12:15:59.657 JST" StructureHandle="=SL3/src&amp;lt;sl3.tasks{Task_Post_History.java[Task_Post_History" StructureKind="java" NumEvents="6" CreationCount="13"/><InteractionEvent Delta="null" EndDate="2014-10-23 12:24:32.659 JST" Interest="122.017" Kind="propagation" Navigation="org.eclipse.mylyn.core.model.edges.containment" OriginId="org.eclipse.mylyn.core.model.interest.propagation" StartDate="2014-10-23 11:32:10.753 JST" StructureHandle="=SL3/src&amp;lt;sl3.tasks{Task_Post_History.java[Task_Post_History" StructureKind="java" NumEvents="162" CreationCount="13"/><InteractionEvent Delta="null" EndDate="2014-10-23 12:24:15.206 JST" Interest="3.0" Kind="selection" Navigation="null" OriginId="org.eclipse.jdt.ui.CompilationUnitEditor" StartDate="2014-10-23 12:15:59.652 JST" StructureHandle="=SL3/src&amp;lt;sl3.tasks{Task_Post_History.java[Task_Post_History" StructureKind="java" NumEvents="3" CreationCount="13"/><InteractionEvent Delta="null" EndDate="2014-10-23 12:14:43.932 JST" Interest="38.676003" Kind="propagation" Navigation="org.eclipse.mylyn.core.model.edges.containment" OriginId="org.eclipse.mylyn.core.model.interest.propagation" StartDate="2014-10-23 11:31:39.609 JST" StructureHandle="=IFM11/src" StructureKind="java" NumEvents="59" CreationCount="1"/><InteractionEvent Delta="null" EndDate="2014-10-23 11:32:47.116 JST" Interest="1.0" Kind="selection" Navigation="null" OriginId="org.eclipse.ui.views.ResourceNavigator" StartDate="2014-10-23 11:32:47.116 JST" StructureHandle="=IFM11/src" StructureKind="java"/><InteractionEvent Delta="null" EndDate="2014-10-23 12:05:10.876 JST" Interest="1.0" Kind="selection" Navigation="null" OriginId="org.eclipse.jdt.ui.CompilationUnitEditor" StartDate="2014-10-23 12:05:10.876 JST" StructureHandle="=SL3/src&amp;lt;sl3.utils{CONS.java[CONS[HTTPResponse^ServiceReady" StructureKind="java"/><InteractionEvent Delta="null" EndDate="2014-10-23 12:24:32.660 JST" Interest="243.034" Kind="propagation" Navigation="org.eclipse.mylyn.core.model.edges.containment" OriginId="org.eclipse.mylyn.core.model.interest.propagation" StartDate="2014-10-23 11:32:01.581 JST" StructureHandle="/SL3/src/sl3/tasks" StructureKind="resource" NumEvents="245" CreationCount="9"/><InteractionEvent Delta="null" EndDate="2014-10-23 12:04:25.969 JST" Interest="1.0" Kind="propagation" Navigation="org.eclipse.mylyn.core.model.edges.containment" OriginId="org.eclipse.mylyn.core.model.interest.propagation" StartDate="2014-10-23 12:04:25.969 JST" StructureHandle="=SL3/src&amp;lt;sl3.utils{CONS.java[CONS[Enum" StructureKind="java"/><InteractionEvent Delta="null" EndDate="2014-10-23 12:32:44.988 JST" Interest="641.0" Kind="propagation" Navigation="null" OriginId="org.eclipse.jdt.ui.CompilationUnitEditor" StartDate="2014-10-23 11:36:16.49 JST" StructureHandle="/SL3/src/sl3/utils" StructureKind="resource" NumEvents="641" CreationCount="96"/><InteractionEvent Delta="null" EndDate="2014-10-23 11:32:49.893 JST" Interest="1.0" Kind="selection" Navigation="null" OriginId="org.eclipse.ui.views.ResourceNavigator" StartDate="2014-10-23 11:32:49.893 JST" StructureHandle="=IFM11/src&amp;lt;ifm11.main" StructureKind="java"/><InteractionEvent Delta="null" EndDate="2014-10-23 12:23:33.271 JST" Interest="23.0" Kind="edit" Navigation="null" OriginId="org.eclipse.jdt.ui.CompilationUnitEditor" StartDate="2014-10-23 11:47:12.143 JST" StructureHandle="=SL3/src&amp;lt;sl3.utils{CONS.java[CONS[HTTPData" StructureKind="java" NumEvents="23" CreationCount="225"/><InteractionEvent Delta="null" EndDate="2014-10-23 11:47:00.86 JST" Interest="3.817" Kind="propagation" Navigation="org.eclipse.mylyn.core.model.edges.containment" OriginId="org.eclipse.mylyn.core.model.interest.propagation" StartDate="2014-10-23 11:46:33.83 JST" StructureHandle="=SL3/src&amp;lt;sl3.utils{CONS.java[CONS[HTTPData" StructureKind="java" NumEvents="6" CreationCount="225"/><InteractionEvent Delta="null" EndDate="2014-10-23 12:23:22.277 JST" Interest="21.0" Kind="selection" Navigation="null" OriginId="org.eclipse.jdt.ui.CompilationUnitEditor" StartDate="2014-10-23 11:47:07.761 JST" StructureHandle="=SL3/src&amp;lt;sl3.utils{CONS.java[CONS[HTTPData" StructureKind="java" NumEvents="21" CreationCount="225"/><InteractionEvent Delta="null" EndDate="2014-10-23 12:23:21.415 JST" Interest="5.0" Kind="edit" Navigation="null" OriginId="org.eclipse.jdt.ui.CompilationUnitEditor" StartDate="2014-10-23 11:47:03.718 JST" StructureHandle="=SL3/src&amp;lt;sl3.utils{CONS.java[CONS" StructureKind="java" NumEvents="5" CreationCount="225"/><InteractionEvent Delta="null" EndDate="2014-10-23 12:04:17.884 JST" Interest="34.817" Kind="propagation" Navigation="org.eclipse.mylyn.core.model.edges.containment" OriginId="org.eclipse.mylyn.core.model.interest.propagation" StartDate="2014-10-23 11:46:33.83 JST" StructureHandle="=SL3/src&amp;lt;sl3.utils{CONS.java[CONS" StructureKind="java" NumEvents="48" CreationCount="225"/><InteractionEvent Delta="null" EndDate="2014-10-23 12:23:17.811 JST" Interest="5.0" Kind="selection" Navigation="null" OriginId="org.eclipse.jdt.ui.CompilationUnitEditor" StartDate="2014-10-23 11:47:01.272 JST" StructureHandle="=SL3/src&amp;lt;sl3.utils{CONS.java[CONS" StructureKind="java" NumEvents="5" CreationCount="225"/><InteractionEvent Delta="null" EndDate="2014-10-23 12:15:44.484 JST" Interest="131.0" Kind="propagation" Navigation="null" OriginId="org.eclipse.ui.views.ContentOutline" StartDate="2014-10-23 11:31:39.608 JST" StructureHandle="/IFM11/src/ifm11/utils" StructureKind="resource" NumEvents="131" CreationCount="1"/><InteractionEvent Delta="null" EndDate="2014-10-23 12:07:37.673 JST" Interest="1.0" Kind="selection" Navigation="null" OriginId="org.eclipse.jdt.ui.CompilationUnitEditor" StartDate="2014-10-23 12:07:37.673 JST" StructureHandle="=SL3/src&amp;lt;sl3.utils{CONS.java[CONS[HTTPResponse^ServerError" StructureKind="java"/><InteractionEvent Delta="null" EndDate="2014-10-23 11:52:32.850 JST" Interest="4.0" Kind="edit" Navigation="null" OriginId="org.eclipse.jdt.ui.CompilationUnitEditor" StartDate="2014-10-23 11:49:26.905 JST" StructureHandle="=SL3/src&amp;lt;sl3.utils{CONS.java[CONS[HTTPData^Keys_PurHistory" StructureKind="java" NumEvents="4" CreationCount="293"/><InteractionEvent Delta="null" EndDate="2014-10-23 12:04:16.599 JST" Interest="10.0" Kind="selection" Navigation="null" OriginId="org.eclipse.jdt.ui.CompilationUnitEditor" StartDate="2014-10-23 11:49:10.514 JST" StructureHandle="=SL3/src&amp;lt;sl3.utils{CONS.java[CONS[HTTPData^Keys_PurHistory" StructureKind="java" NumEvents="10" CreationCount="293"/><InteractionEvent Delta="null" EndDate="2014-10-23 11:59:14.17 JST" Interest="1.0" Kind="edit" Navigation="null" OriginId="org.eclipse.jdt.ui.CompilationUnitEditor" StartDate="2014-10-23 11:59:14.17 JST" StructureHandle="=IFM11/src&amp;lt;ifm11.utils{Methods.java[Methods~_post_ImageData_to_Remote__GetParam_Json~QActivity;~QTI;" StructureKind="java"/><InteractionEvent Delta="null" EndDate="2014-10-23 11:59:12.438 JST" Interest="1.0" Kind="selection" Navigation="null" OriginId="org.eclipse.jdt.ui.CompilationUnitEditor" StartDate="2014-10-23 11:59:12.438 JST" StructureHandle="=IFM11/src&amp;lt;ifm11.utils{Methods.java[Methods~_post_ImageData_to_Remote__GetParam_Json~QActivity;~QTI;" StructureKind="java"/><InteractionEvent Delta="null" EndDate="2014-10-23 11:32:01.101 JST" Interest="1.0" Kind="propagation" Navigation="null" OriginId="org.eclipse.jdt.ui.PackageExplorer" StartDate="2014-10-23 11:32:01.101 JST" StructureHandle="/SL3/src/sl3/listeners/list" StructureKind="resource"/><InteractionEvent Delta="null" EndDate="2014-10-23 11:32:10.752 JST" Interest="1.0" Kind="selection" Navigation="null" OriginId="org.eclipse.jdt.ui.CompilationUnitEditor" StartDate="2014-10-23 11:32:10.752 JST" StructureHandle="=SL3/src&amp;lt;sl3.tasks{Task_Post_History.java[Task_Post_History~Task_Post_History~QActivity;" StructureKind="java"/><InteractionEvent Delta="null" EndDate="2014-10-23 12:12:49.18 JST" Interest="1.0" Kind="propagation" Navigation="null" OriginId="org.eclipse.ui.views.ResourceNavigator" StartDate="2014-10-23 12:12:49.18 JST" StructureHandle="/IFM11/src/ifm11/listeners" StructureKind="resource"/><InteractionEvent Delta="null" EndDate="2014-10-23 12:14:43.931 JST" Interest="60.017" Kind="propagation" Navigation="org.eclipse.mylyn.core.model.edges.containment" OriginId="org.eclipse.mylyn.core.model.interest.propagation" StartDate="2014-10-23 11:32:50.276 JST" StructureHandle="/IFM11/src/ifm11/tasks" StructureKind="resource" NumEvents="61" CreationCount="22"/><InteractionEvent Delta="null" EndDate="2014-10-23 12:14:38.867 JST" Interest="39.356003" Kind="propagation" Navigation="org.eclipse.mylyn.core.model.edges.containment" OriginId="org.eclipse.mylyn.core.model.interest.propagation" StartDate="2014-10-23 11:31:39.608 JST" StructureHandle="=IFM11/src&amp;lt;ifm11.utils" StructureKind="java" NumEvents="58" CreationCount="1"/><InteractionEvent Delta="null" EndDate="2014-10-23 11:46:08.288 JST" Interest="8.0" Kind="edit" Navigation="null" OriginId="org.eclipse.jdt.ui.CompilationUnitEditor" StartDate="2014-10-23 11:46:04.735 JST" StructureHandle="=SL3/src&amp;lt;sl3.tasks{Task_Post_History.java[Task_Post_History~_getHttpPost~QString;~QJSONObject;" StructureKind="java" NumEvents="8" CreationCount="199"/><InteractionEvent Delta="null" EndDate="2014-10-23 11:46:04.285 JST" Interest="3.0" Kind="selection" Navigation="null" OriginId="org.eclipse.jdt.ui.CompilationUnitEditor" StartDate="2014-10-23 11:46:04.195 JST" StructureHandle="=SL3/src&amp;lt;sl3.tasks{Task_Post_History.java[Task_Post_History~_getHttpPost~QString;~QJSONObject;" StructureKind="java" NumEvents="3" CreationCount="199"/><InteractionEvent Delta="null" EndDate="2014-10-23 12:04:01.927 JST" Interest="15.356001" Kind="propagation" Navigation="org.eclipse.mylyn.core.model.edges.containment" OriginId="org.eclipse.mylyn.core.model.interest.propagation" StartDate="2014-10-23 11:31:39.791 JST" StructureHandle="=IFM11/src&amp;lt;ifm11.utils{Methods.java" StructureKind="java" NumEvents="26" CreationCount="1"/><InteractionEvent Delta="null" EndDate="2014-10-23 12:14:38.866 JST" Interest="24.0" Kind="selection" Navigation="null" OriginId="org.eclipse.jdt.ui.CompilationUnitEditor" StartDate="2014-10-23 11:31:39.607 JST" StructureHandle="=IFM11/src&amp;lt;ifm11.utils{Methods.java" StructureKind="java" NumEvents="24" CreationCount="1"/><InteractionEvent Delta="null" EndDate="2014-10-23 12:23:48.386 JST" Interest="20.0" Kind="edit" Navigation="null" OriginId="org.eclipse.jdt.ui.CompilationUnitEditor" StartDate="2014-10-23 11:50:59.396 JST" StructureHandle="=SL3/src&amp;lt;sl3.utils{CONS.java[CONS[HTTPData^UrlPost_PH" StructureKind="java" NumEvents="20" CreationCount="343"/><InteractionEvent Delta="null" EndDate="2014-10-23 12:23:35.198 JST" Interest="4.0" Kind="selection" Navigation="null" OriginId="org.eclipse.jdt.ui.CompilationUnitEditor" StartDate="2014-10-23 11:50:55.514 JST" StructureHandle="=SL3/src&amp;lt;sl3.utils{CONS.java[CONS[HTTPData^UrlPost_PH" StructureKind="java" NumEvents="4" CreationCount="343"/><InteractionEvent Delta="null" EndDate="2014-10-23 12:07:33.121 JST" Interest="2.8339999" Kind="propagation" Navigation="org.eclipse.mylyn.core.model.edges.containment" OriginId="org.eclipse.mylyn.core.model.interest.propagation" StartDate="2014-10-23 12:07:25.396 JST" StructureHandle="=IFM11/src&amp;lt;ifm11.utils{CONS.java" StructureKind="java" NumEvents="6" CreationCount="788"/><InteractionEvent Delta="null" EndDate="2014-10-23 12:10:12.84 JST" Interest="2.0" Kind="selection" Navigation="null" OriginId="org.eclipse.jdt.ui.CompilationUnitEditor" StartDate="2014-10-23 12:07:24.684 JST" StructureHandle="=IFM11/src&amp;lt;ifm11.utils{CONS.java" StructureKind="java" NumEvents="2" CreationCount="788"/><InteractionEvent Delta="null" EndDate="2014-10-23 11:34:07.909 JST" Interest="6.0" Kind="edit" Navigation="null" OriginId="org.eclipse.jdt.ui.CompilationUnitEditor" StartDate="2014-10-23 11:32:57.679 JST" StructureHandle="=IFM11/src&amp;lt;ifm11.tasks{Task_FTP.java[Task_FTP~doInBackground~\[QString;" StructureKind="java" NumEvents="6" CreationCount="29"/><InteractionEvent Delta="null" EndDate="2014-10-23 12:05:36.68 JST" Interest="17.0" Kind="selection" Navigation="null" OriginId="org.eclipse.jdt.ui.CompilationUnitEditor" StartDate="2014-10-23 11:32:57.80 JST" StructureHandle="=IFM11/src&amp;lt;ifm11.tasks{Task_FTP.java[Task_FTP~doInBackground~\[QString;" StructureKind="java" NumEvents="17" CreationCount="29"/><InteractionEvent Delta="null" EndDate="2014-10-23 11:34:49.584 JST" Interest="5.602" Kind="propagation" Navigation="org.eclipse.mylyn.core.model.edges.containment" OriginId="org.eclipse.mylyn.core.model.interest.propagation" StartDate="2014-10-23 11:32:57.680 JST" StructureHandle="=IFM11/src&amp;lt;ifm11.tasks{Task_FTP.java" StructureKind="java" NumEvents="11" CreationCount="23"/><InteractionEvent Delta="null" EndDate="2014-10-23 11:32:52.647 JST" Interest="1.0" Kind="edit" Navigation="null" OriginId="org.eclipse.jdt.ui.CompilationUnitEditor" StartDate="2014-10-23 11:32:52.647 JST" StructureHandle="=IFM11/src&amp;lt;ifm11.tasks{Task_FTP.java" StructureKind="java"/><InteractionEvent Delta="null" EndDate="2014-10-23 12:14:43.930 JST" Interest="33.0" Kind="selection" Navigation="null" OriginId="org.eclipse.jdt.ui.CompilationUnitEditor" StartDate="2014-10-23 11:32:51.887 JST" StructureHandle="=IFM11/src&amp;lt;ifm11.tasks{Task_FTP.java" StructureKind="java" NumEvents="33" CreationCount="23"/><InteractionEvent Delta="null" EndDate="2014-10-23 11:32:01.100 JST" Interest="1.0" Kind="selection" Navigation="null" OriginId="org.eclipse.jdt.ui.PackageExplorer" StartDate="2014-10-23 11:32:01.100 JST" StructureHandle="=SL3/src&amp;lt;sl3.listeners.list" StructureKind="java"/><InteractionEvent Delta="null" EndDate="2014-10-23 12:05:25.798 JST" Interest="4.0" Kind="edit" Navigation="null" OriginId="org.eclipse.jdt.ui.CompilationUnitEditor" StartDate="2014-10-23 12:04:44.524 JST" StructureHandle="=SL3/src&amp;lt;sl3.utils{CONS.java[CONS[HTTPResponse^status_Created" StructureKind="java" NumEvents="4" CreationCount="696"/><InteractionEvent Delta="null" EndDate="2014-10-23 12:05:22.26 JST" Interest="7.0" Kind="selection" Navigation="null" OriginId="org.eclipse.jdt.ui.CompilationUnitEditor" StartDate="2014-10-23 12:04:41.752 JST" StructureHandle="=SL3/src&amp;lt;sl3.utils{CONS.java[CONS[HTTPResponse^status_Created" StructureKind="java" NumEvents="7" CreationCount="696"/><InteractionEvent Delta="null" EndDate="2014-10-23 11:50:43.764 JST" Interest="34.23401" Kind="propagation" Navigation="org.eclipse.mylyn.core.model.edges.containment" OriginId="org.eclipse.mylyn.core.model.interest.propagation" StartDate="2014-10-23 11:46:33.83 JST" StructureHandle="=SL3/src&amp;lt;sl3.utils{CONS.java" StructureKind="java" NumEvents="55" CreationCount="224"/><InteractionEvent Delta="null" EndDate="2014-10-23 12:23:13.940 JST" Interest="24.0" Kind="selection" Navigation="null" OriginId="org.eclipse.jdt.ui.CompilationUnitEditor" StartDate="2014-10-23 11:46:32.366 JST" StructureHandle="=SL3/src&amp;lt;sl3.utils{CONS.java" StructureKind="java" NumEvents="24" CreationCount="224"/><InteractionEvent Delta="null" EndDate="2014-10-23 12:24:13.229 JST" Interest="11.0" Kind="edit" Navigation="null" OriginId="org.eclipse.jdt.ui.CompilationUnitEditor" StartDate="2014-10-23 12:16:03.634 JST" StructureHandle="=SL3/src&amp;lt;sl3.tasks{Task_Post_History.java[Task_Post_History~_exec_post~QSI;" StructureKind="java" NumEvents="11" CreationCount="982"/><InteractionEvent Delta="null" EndDate="2014-10-23 12:24:12.524 JST" Interest="4.0" Kind="selection" Navigation="null" OriginId="org.eclipse.jdt.ui.CompilationUnitEditor" StartDate="2014-10-23 12:16:03.630 JST" StructureHandle="=SL3/src&amp;lt;sl3.tasks{Task_Post_History.java[Task_Post_History~_exec_post~QSI;" StructureKind="java" NumEvents="4" CreationCount="982"/><InteractionEvent Delta="null" EndDate="2014-10-23 12:07:33.118 JST" Interest="4.0" Kind="edit" Navigation="null" OriginId="org.eclipse.jdt.ui.CompilationUnitEditor" StartDate="2014-10-23 12:07:29.47 JST" StructureHandle="=IFM11/src&amp;lt;ifm11.utils{CONS.java[CONS[Remote^status_NOT_CREATED" StructureKind="java" NumEvents="4" CreationCount="790"/><InteractionEvent Delta="null" EndDate="2014-10-23 12:07:26.890 JST" Interest="1.0" Kind="selection" Navigation="null" OriginId="org.eclipse.jdt.ui.CompilationUnitEditor" StartDate="2014-10-23 12:07:26.890 JST" StructureHandle="=IFM11/src&amp;lt;ifm11.utils{CONS.java[CONS[Remote^status_NOT_CREATED" StructureKind="java"/><InteractionEvent Delta="null" EndDate="2014-10-23 12:32:29.235 JST" Interest="185.52502" Kind="propagation" Navigation="org.eclipse.mylyn.core.model.edges.containment" OriginId="org.eclipse.mylyn.core.model.interest.propagation" StartDate="2014-10-23 11:36:16.50 JST" StructureHandle="=SL3/src&amp;lt;sl3.utils" StructureKind="java" NumEvents="268" CreationCount="96"/><InteractionEvent Delta="null" EndDate="2014-10-23 12:15:10.43 JST" Interest="1.0" Kind="selection" Navigation="null" OriginId="org.eclipse.jdt.ui.PackageExplorer" StartDate="2014-10-23 12:15:10.43 JST" StructureHandle="=SL3/src&amp;lt;sl3.utils" StructureKind="java"/><InteractionEvent Delta="null" EndDate="2014-10-23 12:12:49.18 JST" Interest="1.0" Kind="selection" Navigation="null" OriginId="org.eclipse.ui.views.ResourceNavigator" StartDate="2014-10-23 12:12:49.18 JST" StructureHandle="=IFM11/src&amp;lt;ifm11.listeners" StructureKind="java"/><InteractionEvent Delta="null" EndDate="2014-10-23 12:32:44.989 JST" Interest="898.0" Kind="propagation" Navigation="null" OriginId="org.eclipse.jdt.ui.CompilationUnitEditor" StartDate="2014-10-23 11:31:51.341 JST" StructureHandle="/SL3" StructureKind="resource" NumEvents="898" CreationCount="6"/><InteractionEvent Delta="null" EndDate="2014-10-23 11:34:58.489 JST" Interest="1.0" Kind="selection" Navigation="null" OriginId="org.eclipse.jdt.ui.CompilationUnitEditor" StartDate="2014-10-23 11:34:58.489 JST" StructureHandle="=SL3/src&amp;lt;sl3.tasks{Task_Post_History.java#java.io.IOException" StructureKind="java"/><InteractionEvent Delta="null" EndDate="2014-10-23 12:05:36.68 JST" Interest="21.217001" Kind="propagation" Navigation="org.eclipse.mylyn.core.model.edges.containment" OriginId="org.eclipse.mylyn.core.model.interest.propagation" StartDate="2014-10-23 11:32:55.524 JST" StructureHandle="=IFM11/src&amp;lt;ifm11.tasks{Task_FTP.java[Task_FTP" StructureKind="java" NumEvents="25" CreationCount="28"/><InteractionEvent Delta="null" EndDate="2014-10-23 11:32:49.893 JST" Interest="1.0" Kind="propagation" Navigation="null" OriginId="org.eclipse.ui.views.ResourceNavigator" StartDate="2014-10-23 11:32:49.893 JST" StructureHandle="/IFM11/src/ifm11/main" StructureKind="resource"/><InteractionEvent Delta="null" EndDate="2014-10-23 12:04:25.968 JST" Interest="1.0" Kind="selection" Navigation="null" OriginId="org.eclipse.jdt.ui.CompilationUnitEditor" StartDate="2014-10-23 12:04:25.968 JST" StructureHandle="=SL3/src&amp;lt;sl3.utils{CONS.java[CONS[Enum[registerChoice" StructureKind="java"/><InteractionEvent Delta="null" EndDate="2014-10-23 12:05:06.457 JST" Interest="1.0" Kind="selection" Navigation="null" OriginId="org.eclipse.jdt.ui.CompilationUnitEditor" StartDate="2014-10-23 12:05:06.457 JST" StructureHandle="=SL3/src&amp;lt;sl3.utils{CONS.java[CONS[HTTPResponse^BadRequest" StructureKind="java"/><InteractionEvent Delta="null" EndDate="2014-10-23 12:07:33.119 JST" Interest="2.817" Kind="propagation" Navigation="org.eclipse.mylyn.core.model.edges.containment" OriginId="org.eclipse.mylyn.core.model.interest.propagation" StartDate="2014-10-23 12:07:26.890 JST" StructureHandle="=IFM11/src&amp;lt;ifm11.utils{CONS.java[CONS[Remote" StructureKind="java" NumEvents="5" CreationCount="789"/><InteractionEvent Delta="null" EndDate="2014-10-23 12:07:25.395 JST" Interest="1.0" Kind="selection" Navigation="null" OriginId="org.eclipse.jdt.ui.CompilationUnitEditor" StartDate="2014-10-23 12:07:25.395 JST" StructureHandle="=IFM11/src&amp;lt;ifm11.utils{CONS.java[CONS[Remote" StructureKind="java"/><InteractionEvent Delta="null" EndDate="2014-10-23 12:05:25.798 JST" Interest="1.8210006" Kind="propagation" Navigation="org.eclipse.mylyn.core.model.edges.containment" OriginId="org.eclipse.mylyn.core.model.interest.propagation" StartDate="2014-10-23 12:04:45.354 JST" StructureHandle="=SL3/src&amp;lt;sl3.utils{CONS.java[CONS[HTTPResponse" StructureKind="java" NumEvents="3" CreationCount="683"/><InteractionEvent Delta="null" EndDate="2014-10-23 12:07:47.419 JST" Interest="9.0" Kind="edit" Navigation="null" OriginId="org.eclipse.jdt.ui.CompilationUnitEditor" StartDate="2014-10-23 12:04:39.100 JST" StructureHandle="=SL3/src&amp;lt;sl3.utils{CONS.java[CONS[HTTPResponse" StructureKind="java" NumEvents="9" CreationCount="683"/><InteractionEvent Delta="null" EndDate="2014-10-23 12:07:39.670 JST" Interest="5.0" Kind="selection" Navigation="null" OriginId="org.eclipse.jdt.ui.CompilationUnitEditor" StartDate="2014-10-23 12:04:27.10 JST" StructureHandle="=SL3/src&amp;lt;sl3.utils{CONS.java[CONS[HTTPResponse" StructureKind="java" NumEvents="5" CreationCount="683"/><InteractionEvent Delta="null" EndDate="2014-10-23 12:15:09.899 JST" Interest="2.0" Kind="selection" Navigation="null" OriginId="org.eclipse.jdt.ui.PackageExplorer" StartDate="2014-10-23 12:13:04.476 JST" StructureHandle="/SL3/res" StructureKind="resource" NumEvents="2" CreationCount="929"/><InteractionEvent Delta="null" EndDate="2014-10-23 12:14:14.492 JST" Interest="19.0" Kind="edit" Navigation="null" OriginId="org.eclipse.jdt.ui.CompilationUnitEditor" StartDate="2014-10-23 11:31:47.586 JST" StructureHandle="=IFM11/src&amp;lt;ifm11.utils{Methods.java[Methods~post_ImageData_to_Remote~QActivity;~QTI;" StructureKind="java" NumEvents="19" CreationCount="4"/><InteractionEvent Delta="null" EndDate="2014-10-23 12:15:44.483 JST" Interest="13.0" Kind="selection" Navigation="null" OriginId="org.eclipse.ui.views.ContentOutline" StartDate="2014-10-23 11:31:43.691 JST" StructureHandle="=IFM11/src&amp;lt;ifm11.utils{Methods.java[Methods~post_ImageData_to_Remote~QActivity;~QTI;" StructureKind="java" NumEvents="13" CreationCount="4"/><InteractionEvent Delta="null" EndDate="2014-10-23 12:32:44.988 JST" Interest="883.068" Kind="propagation" Navigation="null" OriginId="org.eclipse.jdt.ui.CompilationUnitEditor" StartDate="2014-10-23 11:31:57.810 JST" StructureHandle="/SL3/src" StructureKind="resource" NumEvents="888" CreationCount="7"/><InteractionEvent Delta="null" EndDate="2014-10-23 12:00:15.833 JST" Interest="1.0" Kind="selection" Navigation="null" OriginId="org.eclipse.jdt.ui.CompilationUnitEditor" StartDate="2014-10-23 12:00:15.833 JST" StructureHandle="=SL3/src&amp;lt;sl3.utils{Methods.java[Methods~isOnline~QActivity;" StructureKind="java"/><InteractionEvent Delta="null" EndDate="2014-10-23 12:09:51.699 JST" Interest="1.0" Kind="edit" Navigation="null" OriginId="org.eclipse.jdt.ui.CompilationUnitEditor" StartDate="2014-10-23 12:09:51.699 JST" StructureHandle="=SL3/src&amp;lt;sl3.tasks{Task_Post_History.java[Task_Post_History~_getJSONBody~QPH;" StructureKind="java"/><InteractionEvent Delta="null" EndDate="2014-10-23 12:09:51.694 JST" Interest="1.0" Kind="selection" Navigation="null" OriginId="org.eclipse.jdt.ui.CompilationUnitEditor" StartDate="2014-10-23 12:09:51.694 JST" StructureHandle="=SL3/src&amp;lt;sl3.tasks{Task_Post_History.java[Task_Post_History~_getJSONBody~QPH;" StructureKind="java"/><InteractionEvent Delta="null" EndDate="2014-10-23 12:15:12.414 JST" Interest="4.0" Kind="selection" Navigation="null" OriginId="com.android.ide.eclipse.editors.manifest.ManifestEditor" StartDate="2014-10-23 12:13:00.26 JST" StructureHandle="/SL3/AndroidManifest.xml" StructureKind="resource" NumEvents="4" CreationCount="926"/><InteractionEvent Delta="null" EndDate="2014-10-23 12:24:32.660 JST" Interest="128.285" Kind="propagation" Navigation="org.eclipse.mylyn.core.model.edges.containment" OriginId="org.eclipse.mylyn.core.model.interest.propagation" StartDate="2014-10-23 11:32:05.852 JST" StructureHandle="=SL3/src&amp;lt;sl3.tasks" StructureKind="java" NumEvents="179" CreationCount="9"/><InteractionEvent Delta="null" EndDate="2014-10-23 11:32:01.581 JST" Interest="1.0" Kind="selection" Navigation="null" OriginId="org.eclipse.jdt.ui.PackageExplorer" StartDate="2014-10-23 11:32:01.581 JST" StructureHandle="=SL3/src&amp;lt;sl3.tasks" StructureKind="java"/><InteractionEvent Delta="null" EndDate="2014-10-23 12:32:36.772 JST" Interest="2.0" Kind="prediction" Navigation="null" OriginId="org.eclipse.mylyn.resources.ui.interest.updater" StartDate="2014-10-23 12:10:27.506 JST" StructureHandle="/SL3/bin/SL3.apk" StructureKind="resource" NumEvents="2" CreationCount="917"/><InteractionEvent Delta="null" EndDate="2014-10-23 11:32:47.956 JST" Interest="1.0" Kind="selection" Navigation="null" OriginId="org.eclipse.ui.views.ResourceNavigator" StartDate="2014-10-23 11:32:47.956 JST" StructureHandle="=IFM11/src&amp;lt;ifm11" StructureKind="java"/><InteractionEvent Delta="null" EndDate="2014-10-23 11:34:58.489 JST" Interest="1.0" Kind="propagation" Navigation="org.eclipse.mylyn.core.model.edges.containment" OriginId="org.eclipse.mylyn.core.model.interest.propagation" StartDate="2014-10-23 11:34:58.489 JST" StructureHandle="=SL3/src&amp;lt;sl3.tasks{Task_Post_History.java#" StructureKind="java"/><InteractionEvent Delta="null" EndDate="2014-10-23 11:49:43.619 JST" Interest="1.0" Kind="edit" Navigation="null" OriginId="org.eclipse.jdt.ui.CompilationUnitEditor" StartDate="2014-10-23 11:49:43.619 JST" StructureHandle="=SL3/src&amp;lt;sl3.utils{CONS.java[CONS[HTTPData^PostItems_SeparatorString" StructureKind="java"/><InteractionEvent Delta="null" EndDate="2014-10-23 11:49:46.165 JST" Interest="5.0" Kind="selection" Navigation="null" OriginId="org.eclipse.jdt.ui.CompilationUnitEditor" StartDate="2014-10-23 11:47:16.173 JST" StructureHandle="=SL3/src&amp;lt;sl3.utils{CONS.java[CONS[HTTPData^PostItems_SeparatorString" StructureKind="java" NumEvents="5" CreationCount="236"/><InteractionEvent Delta="null" EndDate="2014-10-23 12:24:32.660 JST" Interest="107.251" Kind="propagation" Navigation="org.eclipse.mylyn.core.model.edges.containment" OriginId="org.eclipse.mylyn.core.model.interest.propagation" StartDate="2014-10-23 11:32:34.61 JST" StructureHandle="=SL3/src&amp;lt;sl3.tasks{Task_Post_History.java" StructureKind="java" NumEvents="154" CreationCount="11"/><InteractionEvent Delta="null" EndDate="2014-10-23 12:24:02.907 JST" Interest="22.0" Kind="selection" Navigation="null" OriginId="org.eclipse.jdt.ui.CompilationUnitEditor" StartDate="2014-10-23 11:32:06.899 JST" StructureHandle="=SL3/src&amp;lt;sl3.tasks{Task_Post_History.java" StructureKind="java" NumEvents="22" CreationCount="11"/><InteractionEvent Delta="null" EndDate="2014-10-23 12:15:44.483 JST" Interest="123.0" Kind="propagation" Navigation="null" OriginId="org.eclipse.ui.views.ContentOutline" StartDate="2014-10-23 11:31:39.607 JST" StructureHandle="/IFM11/src/ifm11/utils/Methods.java" StructureKind="resource" NumEvents="123" CreationCount="1"/><InteractionEvent Delta="null" EndDate="2014-10-23 11:50:38.268 JST" Interest="1.0" Kind="selection" Navigation="null" OriginId="org.eclipse.jdt.ui.CompilationUnitEditor" StartDate="2014-10-23 11:50:38.268 JST" StructureHandle="=SL3/src&amp;lt;sl3.utils{CONS.java[CONS[HTTPData^passwdSL_NewItem" StructureKind="java"/><InteractionEvent Delta="null" EndDate="2014-10-23 12:32:44.986 JST" Interest="139.0" Kind="edit" Navigation="null" OriginId="org.eclipse.jdt.ui.CompilationUnitEditor" StartDate="2014-10-23 11:53:23.418 JST" StructureHandle="=SL3/src&amp;lt;sl3.utils{Methods.java[Methods~_GetParam__PH~QActivity;~QPH;" StructureKind="java" NumEvents="139" CreationCount="392"/><InteractionEvent Delta="null" EndDate="2014-10-23 12:32:15.819 JST" Interest="8.0" Kind="selection" Navigation="null" OriginId="org.eclipse.jdt.ui.CompilationUnitEditor" StartDate="2014-10-23 11:53:22.433 JST" StructureHandle="=SL3/src&amp;lt;sl3.utils{Methods.java[Methods~_GetParam__PH~QActivity;~QPH;" StructureKind="java" NumEvents="8" CreationCount="392"/></InteractionHistory>