<?xml version="1.0" encoding="UTF-8"?><InteractionHistory Id="local-131" Version="1"><InteractionEvent Delta="null" EndDate="2014-10-06 11:06:12.491 JST" Interest="301.085" Kind="propagation" Navigation="org.eclipse.mylyn.core.model.edges.containment" OriginId="org.eclipse.mylyn.core.model.interest.propagation" StartDate="2014-10-06 10:49:53.123 JST" StructureHandle="" StructureKind="java" NumEvents="302" CreationCount="1"/><InteractionEvent Delta="null" EndDate="2014-10-06 11:06:12.490 JST" Interest="22.0" Kind="propagation" Navigation="null" OriginId="org.eclipse.jdt.ui.CompilationUnitEditor" StartDate="2014-10-06 11:02:37.328 JST" StructureHandle="/TA2/src/ta2/utils/CONS.java" StructureKind="resource" NumEvents="22" CreationCount="283"/><InteractionEvent Delta="null" EndDate="2014-10-06 11:02:04.847 JST" Interest="15.768002" Kind="propagation" Navigation="org.eclipse.mylyn.core.model.edges.containment" OriginId="org.eclipse.mylyn.core.model.interest.propagation" StartDate="2014-10-06 11:00:02.571 JST" StructureHandle="=TA2/src&amp;lt;ta2.listeners.dialog{DB_OCL.java" StructureKind="java" NumEvents="24" CreationCount="245"/><InteractionEvent Delta="null" EndDate="2014-10-06 11:06:02.617 JST" Interest="3.0" Kind="selection" Navigation="null" OriginId="org.eclipse.jdt.ui.PackageExplorer" StartDate="2014-10-06 10:59:56.262 JST" StructureHandle="=TA2/src&amp;lt;ta2.listeners.dialog{DB_OCL.java" StructureKind="java" NumEvents="3" CreationCount="245"/><InteractionEvent Delta="null" EndDate="2014-10-06 10:51:55.401 JST" Interest="1.0" Kind="selection" Navigation="null" OriginId="org.eclipse.jdt.ui.CompilationUnitEditor" StartDate="2014-10-06 10:51:55.401 JST" StructureHandle="=TA2/src&amp;lt;ta2.utils{Tags.java[Tags[DialogItemTags^ACTV_IMAGE_ADD_MEMO_LV_3" StructureKind="java"/><InteractionEvent Delta="null" EndDate="2014-10-06 10:59:52.959 JST" Interest="32.0" Kind="propagation" Navigation="null" OriginId="org.eclipse.jdt.ui.PackageExplorer" StartDate="2014-10-06 10:54:03.725 JST" StructureHandle="/TA2/src/ta2/listeners/LOI_CL.java" StructureKind="resource" NumEvents="32" CreationCount="123"/><InteractionEvent Delta="null" EndDate="2014-10-06 11:06:01.978 JST" Interest="1.0" Kind="propagation" Navigation="org.eclipse.mylyn.core.model.edges.containment" OriginId="org.eclipse.mylyn.core.model.interest.propagation" StartDate="2014-10-06 11:06:01.978 JST" StructureHandle="/TA2/res/values" StructureKind="resource"/><InteractionEvent Delta="null" EndDate="2014-10-06 10:59:42.333 JST" Interest="54.0" Kind="edit" Navigation="null" OriginId="org.eclipse.jdt.ui.CompilationUnitEditor" StartDate="2014-10-06 10:50:28.563 JST" StructureHandle="=TA2/src&amp;lt;ta2.utils{Methods_dlg.java[Methods_dlg~_dlg_AddMemo_Set_Listeners~QActivity;~QDialog;" StructureKind="java" NumEvents="54" CreationCount="23"/><InteractionEvent Delta="null" EndDate="2014-10-06 10:59:42.329 JST" Interest="11.0" Kind="selection" Navigation="null" OriginId="org.eclipse.jdt.ui.CompilationUnitEditor" StartDate="2014-10-06 10:50:28.553 JST" StructureHandle="=TA2/src&amp;lt;ta2.utils{Methods_dlg.java[Methods_dlg~_dlg_AddMemo_Set_Listeners~QActivity;~QDialog;" StructureKind="java" NumEvents="11" CreationCount="23"/><InteractionEvent Delta="null" EndDate="2014-10-06 10:59:58.373 JST" Interest="1.0" Kind="selection" Navigation="null" OriginId="org.eclipse.ui.views.ContentOutline" StartDate="2014-10-06 10:59:58.373 JST" StructureHandle="=TA2/src&amp;lt;ta2.listeners.dialog{DB_OCL.java%ta2.listeners.dialog" StructureKind="java"/><InteractionEvent Delta="null" EndDate="2014-10-06 11:06:12.491 JST" Interest="147.017" Kind="propagation" Navigation="null" OriginId="org.eclipse.jdt.ui.CompilationUnitEditor" StartDate="2014-10-06 10:49:57.266 JST" StructureHandle="/TA2/src/ta2/utils" StructureKind="resource" NumEvents="148" CreationCount="5"/><InteractionEvent Delta="null" EndDate="2014-10-06 11:06:12.491 JST" Interest="147.017" Kind="propagation" Navigation="org.eclipse.mylyn.core.model.edges.containment" OriginId="org.eclipse.mylyn.core.model.interest.propagation" StartDate="2014-10-06 10:49:57.267 JST" StructureHandle="/TA2/src/ta2" StructureKind="resource" NumEvents="149" CreationCount="5"/><InteractionEvent Delta="null" EndDate="2014-10-06 11:06:01.977 JST" Interest="1.0" Kind="prediction" Navigation="null" OriginId="org.eclipse.mylyn.resources.ui.interest.updater" StartDate="2014-10-06 11:06:01.977 JST" StructureHandle="/TA2/res/layout/actv_memo.xml" StructureKind="resource"/><InteractionEvent Delta="null" EndDate="2014-10-06 10:59:53.23 JST" Interest="1.0" Kind="propagation" Navigation="null" OriginId="org.eclipse.jdt.ui.PackageExplorer" StartDate="2014-10-06 10:59:53.23 JST" StructureHandle="/TA2/src/ta2/listeners/MP_OCmpL.java" StructureKind="resource"/><InteractionEvent Delta="null" EndDate="2014-10-06 10:51:59.977 JST" Interest="3.085" Kind="propagation" Navigation="org.eclipse.mylyn.core.model.edges.containment" OriginId="org.eclipse.mylyn.core.model.interest.propagation" StartDate="2014-10-06 10:51:31.209 JST" StructureHandle="=TA2/src&amp;lt;ta2.utils{Tags.java[Tags[DialogItemTags" StructureKind="java" NumEvents="5" CreationCount="49"/><InteractionEvent Delta="null" EndDate="2014-10-06 10:57:06.45 JST" Interest="86.0" Kind="propagation" Navigation="null" OriginId="org.eclipse.jdt.ui.CompilationUnitEditor" StartDate="2014-10-06 10:52:26.241 JST" StructureHandle="/TA2/src/ta2/listeners/dialog/DOI_CL.java" StructureKind="resource" NumEvents="86" CreationCount="78"/><InteractionEvent Delta="null" EndDate="2014-10-06 10:51:59.978 JST" Interest="0.10199994" Kind="propagation" Navigation="org.eclipse.mylyn.core.model.edges.containment" OriginId="org.eclipse.mylyn.core.model.interest.propagation" StartDate="2014-10-06 10:51:31.209 JST" StructureHandle="=TA2/src&amp;lt;ta2.utils{Tags.java" StructureKind="java" NumEvents="3" CreationCount="48"/><InteractionEvent Delta="null" EndDate="2014-10-06 10:51:41.357 JST" Interest="3.0" Kind="selection" Navigation="null" OriginId="org.eclipse.jdt.ui.CompilationUnitEditor" StartDate="2014-10-06 10:51:30.487 JST" StructureHandle="=TA2/src&amp;lt;ta2.utils{Tags.java" StructureKind="java" NumEvents="3" CreationCount="48"/><InteractionEvent Delta="null" EndDate="2014-10-06 11:06:02.266 JST" Interest="17.0" Kind="edit" Navigation="null" OriginId="org.eclipse.jdt.ui.CompilationUnitEditor" StartDate="2014-10-06 11:02:40.58 JST" StructureHandle="=TA2/src&amp;lt;ta2.utils{CONS.java[CONS[Admin^special_Chars" StructureKind="java" NumEvents="17" CreationCount="284"/><InteractionEvent Delta="null" EndDate="2014-10-06 11:06:10.414 JST" Interest="2.0" Kind="selection" Navigation="null" OriginId="org.eclipse.jdt.ui.CompilationUnitEditor" StartDate="2014-10-06 11:02:38.34 JST" StructureHandle="=TA2/src&amp;lt;ta2.utils{CONS.java[CONS[Admin^special_Chars" StructureKind="java" NumEvents="2" CreationCount="284"/><InteractionEvent Delta="null" EndDate="2014-10-06 11:06:02.618 JST" Interest="119.0" Kind="propagation" Navigation="org.eclipse.mylyn.core.model.edges.containment" OriginId="org.eclipse.mylyn.core.model.interest.propagation" StartDate="2014-10-06 10:52:26.241 JST" StructureHandle="/TA2/src/ta2/listeners" StructureKind="resource" NumEvents="119" CreationCount="78"/><InteractionEvent Delta="null" EndDate="2014-10-06 10:51:59.978 JST" Interest="3.085" Kind="propagation" Navigation="org.eclipse.mylyn.core.model.edges.containment" OriginId="org.eclipse.mylyn.core.model.interest.propagation" StartDate="2014-10-06 10:51:31.209 JST" StructureHandle="=TA2/src&amp;lt;ta2.utils{Tags.java[Tags" StructureKind="java" NumEvents="5" CreationCount="49"/><InteractionEvent Delta="null" EndDate="2014-10-06 10:52:01.695 JST" Interest="14.0" Kind="propagation" Navigation="null" OriginId="org.eclipse.jdt.ui.CompilationUnitEditor" StartDate="2014-10-06 10:51:30.487 JST" StructureHandle="/TA2/src/ta2/utils/Tags.java" StructureKind="resource" NumEvents="14" CreationCount="48"/><InteractionEvent Delta="null" EndDate="2014-10-06 10:54:51.44 JST" Interest="25.0" Kind="edit" Navigation="null" OriginId="org.eclipse.jdt.ui.CompilationUnitEditor" StartDate="2014-10-06 10:54:08.293 JST" StructureHandle="=TA2/src&amp;lt;ta2.listeners{LOI_CL.java[LOI_CL~case_ACTV_MEMO_LV_1~QWordPattern;" StructureKind="java" NumEvents="25" CreationCount="126"/><InteractionEvent Delta="null" EndDate="2014-10-06 10:54:33.634 JST" Interest="2.0" Kind="selection" Navigation="null" OriginId="org.eclipse.jdt.ui.CompilationUnitEditor" StartDate="2014-10-06 10:54:08.189 JST" StructureHandle="=TA2/src&amp;lt;ta2.listeners{LOI_CL.java[LOI_CL~case_ACTV_MEMO_LV_1~QWordPattern;" StructureKind="java" NumEvents="2" CreationCount="126"/><InteractionEvent Delta="null" EndDate="2014-10-06 11:03:40.688 JST" Interest="2.0" Kind="prediction" Navigation="null" OriginId="org.eclipse.mylyn.resources.ui.interest.updater" StartDate="2014-10-06 10:57:22.973 JST" StructureHandle="/TA2/bin/TA2.apk" StructureKind="resource" NumEvents="2" CreationCount="236"/><InteractionEvent Delta="null" EndDate="2014-10-06 11:06:01.977 JST" Interest="1.0" Kind="prediction" Navigation="null" OriginId="org.eclipse.mylyn.resources.ui.interest.updater" StartDate="2014-10-06 11:06:01.977 JST" StructureHandle="/TA2/res/layout/dlg_add_memos.xml" StructureKind="resource"/><InteractionEvent Delta="null" EndDate="2014-10-06 10:56:31.760 JST" Interest="39.0" Kind="edit" Navigation="null" OriginId="org.eclipse.jdt.ui.CompilationUnitEditor" StartDate="2014-10-06 10:53:43.745 JST" StructureHandle="=TA2/src&amp;lt;ta2.listeners.dialog{DOI_CL.java[DOI_CL~case_ACTV_PLAY_ADD_MEMO_LV_1~QWordPattern;" StructureKind="java" NumEvents="39" CreationCount="109"/><InteractionEvent Delta="null" EndDate="2014-10-06 10:56:55.74 JST" Interest="10.0" Kind="selection" Navigation="null" OriginId="org.eclipse.jdt.ui.CompilationUnitEditor" StartDate="2014-10-06 10:53:41.825 JST" StructureHandle="=TA2/src&amp;lt;ta2.listeners.dialog{DOI_CL.java[DOI_CL~case_ACTV_PLAY_ADD_MEMO_LV_1~QWordPattern;" StructureKind="java" NumEvents="10" CreationCount="109"/><InteractionEvent Delta="null" EndDate="2014-10-06 11:06:02.618 JST" Interest="119.0" Kind="propagation" Navigation="null" OriginId="org.eclipse.jdt.ui.PackageExplorer" StartDate="2014-10-06 10:52:26.241 JST" StructureHandle="/TA2/src/ta2/listeners/dialog" StructureKind="resource" NumEvents="119" CreationCount="78"/><InteractionEvent Delta="null" EndDate="2014-10-06 10:59:42.335 JST" Interest="48.106" Kind="propagation" Navigation="org.eclipse.mylyn.core.model.edges.containment" OriginId="org.eclipse.mylyn.core.model.interest.propagation" StartDate="2014-10-06 10:49:59.294 JST" StructureHandle="=TA2/src&amp;lt;ta2.utils" StructureKind="java" NumEvents="71" CreationCount="5"/><InteractionEvent Delta="null" EndDate="2014-10-06 10:49:57.266 JST" Interest="1.0" Kind="selection" Navigation="null" OriginId="org.eclipse.jdt.ui.PackageExplorer" StartDate="2014-10-06 10:49:57.266 JST" StructureHandle="=TA2/src&amp;lt;ta2.utils" StructureKind="java"/><InteractionEvent Delta="null" EndDate="2014-10-06 11:06:01.977 JST" Interest="1.0" Kind="prediction" Navigation="null" OriginId="org.eclipse.mylyn.resources.ui.interest.updater" StartDate="2014-10-06 11:06:01.977 JST" StructureHandle="/TA2/res/values/strings.xml" StructureKind="resource"/><InteractionEvent Delta="null" EndDate="2014-10-06 10:59:42.334 JST" Interest="49.038" Kind="propagation" Navigation="org.eclipse.mylyn.core.model.edges.containment" OriginId="org.eclipse.mylyn.core.model.interest.propagation" StartDate="2014-10-06 10:50:09.602 JST" StructureHandle="=TA2/src&amp;lt;ta2.utils{Methods_dlg.java[Methods_dlg" StructureKind="java" NumEvents="66" CreationCount="9"/><InteractionEvent Delta="null" EndDate="2014-10-06 11:02:23.862 JST" Interest="1.7260004" Kind="propagation" Navigation="org.eclipse.mylyn.core.model.edges.containment" OriginId="org.eclipse.mylyn.core.model.interest.propagation" StartDate="2014-10-06 10:56:25.484 JST" StructureHandle="=TA2/src&amp;lt;ta2.utils{Methods.java" StructureKind="java" NumEvents="3" CreationCount="199"/><InteractionEvent Delta="null" EndDate="2014-10-06 11:02:25.73 JST" Interest="4.0" Kind="selection" Navigation="null" OriginId="org.eclipse.jdt.ui.CompilationUnitEditor" StartDate="2014-10-06 10:56:21.328 JST" StructureHandle="=TA2/src&amp;lt;ta2.utils{Methods.java" StructureKind="java" NumEvents="4" CreationCount="199"/><InteractionEvent Delta="null" EndDate="2014-10-06 10:59:43.967 JST" Interest="98.0" Kind="propagation" Navigation="null" OriginId="org.eclipse.jdt.ui.CompilationUnitEditor" StartDate="2014-10-06 10:49:59.293 JST" StructureHandle="/TA2/src/ta2/utils/Methods_dlg.java" StructureKind="resource" NumEvents="98" CreationCount="6"/><InteractionEvent Delta="null" EndDate="2014-10-06 11:06:12.491 JST" Interest="317.0" Kind="propagation" Navigation="org.eclipse.mylyn.core.model.edges.containment" OriginId="org.eclipse.mylyn.core.model.interest.propagation" StartDate="2014-10-06 10:49:53.123 JST" StructureHandle="/" StructureKind="resource" NumEvents="317" CreationCount="1"/><InteractionEvent Delta="null" EndDate="2014-10-06 10:54:51.44 JST" Interest="19.5" Kind="propagation" Navigation="org.eclipse.mylyn.core.model.edges.containment" OriginId="org.eclipse.mylyn.core.model.interest.propagation" StartDate="2014-10-06 10:54:08.189 JST" StructureHandle="=TA2/src&amp;lt;ta2.listeners{LOI_CL.java[LOI_CL" StructureKind="java" NumEvents="27" CreationCount="126"/><InteractionEvent Delta="null" EndDate="2014-10-06 10:59:53.22 JST" Interest="1.0" Kind="selection" Navigation="null" OriginId="org.eclipse.jdt.ui.PackageExplorer" StartDate="2014-10-06 10:59:53.22 JST" StructureHandle="=TA2/src&amp;lt;ta2.listeners{MP_OCmpL.java" StructureKind="java"/><InteractionEvent Delta="null" EndDate="2014-10-06 10:54:51.45 JST" Interest="16.551" Kind="propagation" Navigation="org.eclipse.mylyn.core.model.edges.containment" OriginId="org.eclipse.mylyn.core.model.interest.propagation" StartDate="2014-10-06 10:54:08.781 JST" StructureHandle="=TA2/src&amp;lt;ta2.listeners{LOI_CL.java" StructureKind="java" NumEvents="24" CreationCount="123"/><InteractionEvent Delta="null" EndDate="2014-10-06 10:59:52.959 JST" Interest="4.0" Kind="selection" Navigation="null" OriginId="org.eclipse.jdt.ui.PackageExplorer" StartDate="2014-10-06 10:54:03.725 JST" StructureHandle="=TA2/src&amp;lt;ta2.listeners{LOI_CL.java" StructureKind="java" NumEvents="4" CreationCount="123"/><InteractionEvent Delta="null" EndDate="2014-10-06 11:03:40.688 JST" Interest="2.0" Kind="propagation" Navigation="org.eclipse.mylyn.core.model.edges.containment" OriginId="org.eclipse.mylyn.core.model.interest.propagation" StartDate="2014-10-06 10:57:22.973 JST" StructureHandle="/TA2/bin" StructureKind="resource" NumEvents="2" CreationCount="236"/><InteractionEvent Delta="null" EndDate="2014-10-06 10:59:42.334 JST" Interest="38.088997" Kind="propagation" Navigation="org.eclipse.mylyn.core.model.edges.containment" OriginId="org.eclipse.mylyn.core.model.interest.propagation" StartDate="2014-10-06 10:50:10.165 JST" StructureHandle="=TA2/src&amp;lt;ta2.utils{Methods_dlg.java" StructureKind="java" NumEvents="57" CreationCount="6"/><InteractionEvent Delta="null" EndDate="2014-10-06 10:57:07.724 JST" Interest="11.0" Kind="selection" Navigation="null" OriginId="org.eclipse.jdt.ui.CompilationUnitEditor" StartDate="2014-10-06 10:49:59.293 JST" StructureHandle="=TA2/src&amp;lt;ta2.utils{Methods_dlg.java" StructureKind="java" NumEvents="11" CreationCount="6"/><InteractionEvent Delta="null" EndDate="2014-10-06 11:00:02.571 JST" Interest="3.0" Kind="selection" Navigation="null" OriginId="org.eclipse.jdt.ui.CompilationUnitEditor" StartDate="2014-10-06 10:59:59.142 JST" StructureHandle="=TA2/src&amp;lt;ta2.listeners.dialog{DB_OCL.java[DB_OCL~DB_OCL~QActivity;~QDialog;" StructureKind="java" NumEvents="3" CreationCount="248"/><InteractionEvent Delta="null" EndDate="2014-10-06 10:59:43.966 JST" Interest="18.0" Kind="edit" Navigation="null" OriginId="org.eclipse.jdt.ui.CompilationUnitEditor" StartDate="2014-10-06 10:50:09.689 JST" StructureHandle="=TA2/src&amp;lt;ta2.utils{Methods_dlg.java[Methods_dlg~dlg_EditMemo~QActivity;" StructureKind="java" NumEvents="18" CreationCount="9"/><InteractionEvent Delta="null" EndDate="2014-10-06 10:59:43.964 JST" Interest="3.0" Kind="selection" Navigation="null" OriginId="org.eclipse.jdt.ui.CompilationUnitEditor" StartDate="2014-10-06 10:50:09.601 JST" StructureHandle="=TA2/src&amp;lt;ta2.utils{Methods_dlg.java[Methods_dlg~dlg_EditMemo~QActivity;" StructureKind="java" NumEvents="3" CreationCount="9"/><InteractionEvent Delta="null" EndDate="2014-10-06 11:02:27.396 JST" Interest="13.0" Kind="propagation" Navigation="null" OriginId="org.eclipse.jdt.ui.CompilationUnitEditor" StartDate="2014-10-06 10:56:21.328 JST" StructureHandle="/TA2/src/ta2/utils/Methods.java" StructureKind="resource" NumEvents="13" CreationCount="199"/><InteractionEvent Delta="null" EndDate="2014-10-06 10:51:59.977 JST" Interest="3.0" Kind="selection" Navigation="null" OriginId="org.eclipse.jdt.ui.CompilationUnitEditor" StartDate="2014-10-06 10:51:37.85 JST" StructureHandle="=TA2/src&amp;lt;ta2.utils{Tags.java[Tags[DialogItemTags^ACTV_PLAY_ADD_MEMO_LV_2" StructureKind="java" NumEvents="3" CreationCount="54"/><InteractionEvent Delta="null" EndDate="2014-10-06 10:52:01.694 JST" Interest="2.0" Kind="selection" Navigation="null" OriginId="org.eclipse.jdt.ui.CompilationUnitEditor" StartDate="2014-10-06 10:51:42.17 JST" StructureHandle="=TA2/src&amp;lt;ta2.utils{Tags.java[Tags[DialogItemTags^ACTV_PLAY_ADD_MEMO_LV_3" StructureKind="java" NumEvents="2" CreationCount="59"/><InteractionEvent Delta="null" EndDate="2014-10-06 11:06:12.491 JST" Interest="301.034" Kind="propagation" Navigation="null" OriginId="org.eclipse.jdt.ui.CompilationUnitEditor" StartDate="2014-10-06 10:49:54.695 JST" StructureHandle="/TA2/src" StructureKind="resource" NumEvents="304" CreationCount="4"/><InteractionEvent Delta="null" EndDate="2014-10-06 11:06:02.617 JST" Interest="31.0" Kind="propagation" Navigation="null" OriginId="org.eclipse.jdt.ui.PackageExplorer" StartDate="2014-10-06 10:59:56.263 JST" StructureHandle="/TA2/src/ta2/listeners/dialog/DB_OCL.java" StructureKind="resource" NumEvents="31" CreationCount="245"/><InteractionEvent Delta="null" EndDate="2014-10-06 10:51:57.191 JST" Interest="3.0" Kind="selection" Navigation="null" OriginId="org.eclipse.jdt.ui.CompilationUnitEditor" StartDate="2014-10-06 10:51:31.209 JST" StructureHandle="=TA2/src&amp;lt;ta2.utils{Tags.java[Tags[DialogItemTags^ACTV_PLAY_ADD_MEMO_LV_1" StructureKind="java" NumEvents="3" CreationCount="49"/><InteractionEvent Delta="null" EndDate="2014-10-06 11:06:01.978 JST" Interest="1.0" Kind="propagation" Navigation="org.eclipse.mylyn.core.model.edges.containment" OriginId="org.eclipse.mylyn.core.model.interest.propagation" StartDate="2014-10-06 11:06:01.978 JST" StructureHandle="/TA2/res/layout" StructureKind="resource"/><InteractionEvent Delta="null" EndDate="2014-10-06 11:06:03.839 JST" Interest="1.0" Kind="selection" Navigation="null" OriginId="org.eclipse.jdt.ui.PackageExplorer" StartDate="2014-10-06 11:06:03.839 JST" StructureHandle="=TA2" StructureKind="java"/><InteractionEvent Delta="null" EndDate="2014-10-06 11:06:12.491 JST" Interest="300.085" Kind="propagation" Navigation="org.eclipse.mylyn.core.model.edges.containment" OriginId="org.eclipse.mylyn.core.model.interest.propagation" StartDate="2014-10-06 10:49:53.123 JST" StructureHandle="=TA2" StructureKind="resource" NumEvents="301" CreationCount="1"/><InteractionEvent Delta="null" EndDate="2014-10-06 10:59:54.262 JST" Interest="2.0" Kind="selection" Navigation="null" OriginId="org.eclipse.jdt.ui.PackageExplorer" StartDate="2014-10-06 10:53:59.739 JST" StructureHandle="=TA2/src&amp;lt;ta2.listeners.dialog" StructureKind="java" NumEvents="2" CreationCount="78"/><InteractionEvent Delta="null" EndDate="2014-10-06 10:56:57.769 JST" Interest="36.827003" Kind="propagation" Navigation="org.eclipse.mylyn.core.model.edges.containment" OriginId="org.eclipse.mylyn.core.model.interest.propagation" StartDate="2014-10-06 10:52:26.241 JST" StructureHandle="=TA2/src&amp;lt;ta2.listeners.dialog" StructureKind="java" NumEvents="54" CreationCount="78"/><InteractionEvent Delta="null" EndDate="2014-10-06 11:02:23.862 JST" Interest="2.0" Kind="edit" Navigation="null" OriginId="org.eclipse.jdt.ui.CompilationUnitEditor" StartDate="2014-10-06 11:02:23.226 JST" StructureHandle="=TA2/src&amp;lt;ta2.utils{Methods.java[Methods~update_Memo_PlayActv~QActivity;~QDialog;" StructureKind="java" NumEvents="2" CreationCount="277"/><InteractionEvent Delta="null" EndDate="2014-10-06 11:02:19.514 JST" Interest="2.0" Kind="selection" Navigation="null" OriginId="org.eclipse.ui.views.ContentOutline" StartDate="2014-10-06 11:02:11.263 JST" StructureHandle="=TA2/src&amp;lt;ta2.utils{Methods.java[Methods~update_Memo_PlayActv~QActivity;~QDialog;" StructureKind="java" NumEvents="2" CreationCount="277"/><InteractionEvent Delta="null" EndDate="2014-10-06 10:51:45.180 JST" Interest="1.0" Kind="edit" Navigation="null" OriginId="org.eclipse.jdt.ui.CompilationUnitEditor" StartDate="2014-10-06 10:51:45.180 JST" StructureHandle="=TA2/src&amp;lt;ta2.utils{Tags.java[Tags[DialogItemTags^ACTV_SHOWLIST_LV" StructureKind="java"/><InteractionEvent Delta="null" EndDate="2014-10-06 10:51:43.983 JST" Interest="1.0" Kind="selection" Navigation="null" OriginId="org.eclipse.jdt.ui.CompilationUnitEditor" StartDate="2014-10-06 10:51:43.983 JST" StructureHandle="=TA2/src&amp;lt;ta2.utils{Tags.java[Tags[DialogItemTags^ACTV_SHOWLIST_LV" StructureKind="java"/><InteractionEvent Delta="null" EndDate="2014-10-06 11:06:12.490 JST" Interest="15.599999" Kind="propagation" Navigation="org.eclipse.mylyn.core.model.edges.containment" OriginId="org.eclipse.mylyn.core.model.interest.propagation" StartDate="2014-10-06 11:02:38.35 JST" StructureHandle="=TA2/src&amp;lt;ta2.utils{CONS.java[CONS" StructureKind="java" NumEvents="21" CreationCount="284"/><InteractionEvent Delta="null" EndDate="2014-10-06 10:56:25.483 JST" Interest="2.0" Kind="edit" Navigation="null" OriginId="org.eclipse.jdt.ui.CompilationUnitEditor" StartDate="2014-10-06 10:56:22.795 JST" StructureHandle="=TA2/src&amp;lt;ta2.utils{Methods.java[Methods~add_WP_to_Memo_SpecialChars~QActivity;~QEditText;~QWordPattern;" StructureKind="java" NumEvents="2" CreationCount="201"/><InteractionEvent Delta="null" EndDate="2014-10-06 11:02:10.652 JST" Interest="2.0" Kind="selection" Navigation="null" OriginId="org.eclipse.jdt.ui.CompilationUnitEditor" StartDate="2014-10-06 10:56:22.53 JST" StructureHandle="=TA2/src&amp;lt;ta2.utils{Methods.java[Methods~add_WP_to_Memo_SpecialChars~QActivity;~QEditText;~QWordPattern;" StructureKind="java" NumEvents="2" CreationCount="201"/><InteractionEvent Delta="null" EndDate="2014-10-06 11:03:40.688 JST" Interest="2.0" Kind="prediction" Navigation="null" OriginId="org.eclipse.mylyn.resources.ui.interest.updater" StartDate="2014-10-06 10:57:22.973 JST" StructureHandle="/TA2/bin/classes.dex" StructureKind="resource" NumEvents="2" CreationCount="236"/><InteractionEvent Delta="null" EndDate="2014-10-06 11:06:01.978 JST" Interest="3.0830002" Kind="propagation" Navigation="org.eclipse.mylyn.core.model.edges.containment" OriginId="org.eclipse.mylyn.core.model.interest.propagation" StartDate="2014-10-06 11:06:01.978 JST" StructureHandle="/TA2/res" StructureKind="resource"/><InteractionEvent Delta="null" EndDate="2014-10-06 10:49:53.124 JST" Interest="3.0" Kind="selection" Navigation="null" OriginId="org.eclipse.jdt.ui.PackageExplorer" StartDate="2014-10-06 10:49:53.123 JST" StructureHandle="/TA2/res" StructureKind="resource" NumEvents="3" CreationCount="1"/><InteractionEvent Delta="null" EndDate="2014-10-06 10:50:02.499 JST" Interest="1.0" Kind="selection" Navigation="null" OriginId="org.eclipse.ui.views.ContentOutline" StartDate="2014-10-06 10:50:02.499 JST" StructureHandle="=TA2/src&amp;lt;ta2.utils{Methods_dlg.java%ta2.utils" StructureKind="java"/><InteractionEvent Delta="null" EndDate="2014-10-06 11:06:01.977 JST" Interest="1.0" Kind="prediction" Navigation="null" OriginId="org.eclipse.mylyn.resources.ui.interest.updater" StartDate="2014-10-06 11:06:01.977 JST" StructureHandle="/TA2/res/layout/actv_rec.xml" StructureKind="resource"/><InteractionEvent Delta="null" EndDate="2014-10-06 10:57:06.44 JST" Interest="23.0" Kind="edit" Navigation="null" OriginId="org.eclipse.jdt.ui.CompilationUnitEditor" StartDate="2014-10-06 10:52:39.456 JST" StructureHandle="=TA2/src&amp;lt;ta2.listeners.dialog{DOI_CL.java[DOI_CL~onItemClick~QAdapterView\&amp;lt;*&amp;gt;;~QView;~I~J" StructureKind="java" NumEvents="23" CreationCount="88"/><InteractionEvent Delta="null" EndDate="2014-10-06 10:56:57.768 JST" Interest="4.0" Kind="selection" Navigation="null" OriginId="org.eclipse.jdt.ui.CompilationUnitEditor" StartDate="2014-10-06 10:52:36.101 JST" StructureHandle="=TA2/src&amp;lt;ta2.listeners.dialog{DOI_CL.java[DOI_CL~onItemClick~QAdapterView\&amp;lt;*&amp;gt;;~QView;~I~J" StructureKind="java" NumEvents="4" CreationCount="88"/><InteractionEvent Delta="null" EndDate="2014-10-06 11:06:12.490 JST" Interest="14.617" Kind="propagation" Navigation="org.eclipse.mylyn.core.model.edges.containment" OriginId="org.eclipse.mylyn.core.model.interest.propagation" StartDate="2014-10-06 11:02:38.35 JST" StructureHandle="=TA2/src&amp;lt;ta2.utils{CONS.java" StructureKind="java" NumEvents="21" CreationCount="283"/><InteractionEvent Delta="null" EndDate="2014-10-06 11:02:37.328 JST" Interest="1.0" Kind="selection" Navigation="null" OriginId="org.eclipse.jdt.ui.CompilationUnitEditor" StartDate="2014-10-06 11:02:37.328 JST" StructureHandle="=TA2/src&amp;lt;ta2.utils{CONS.java" StructureKind="java"/><InteractionEvent Delta="null" EndDate="2014-10-06 10:54:05.656 JST" Interest="1.0" Kind="selection" Navigation="null" OriginId="org.eclipse.ui.views.ContentOutline" StartDate="2014-10-06 10:54:05.656 JST" StructureHandle="=TA2/src&amp;lt;ta2.listeners{LOI_CL.java%ta2.listeners" StructureKind="java"/><InteractionEvent Delta="null" EndDate="2014-10-06 11:06:01.977 JST" Interest="1.0" Kind="prediction" Navigation="null" OriginId="org.eclipse.mylyn.resources.ui.interest.updater" StartDate="2014-10-06 11:06:01.977 JST" StructureHandle="/TA2/res/layout/actv_play.xml" StructureKind="resource"/><InteractionEvent Delta="null" EndDate="2014-10-06 11:06:12.491 JST" Interest="317.0" Kind="propagation" Navigation="null" OriginId="org.eclipse.jdt.ui.CompilationUnitEditor" StartDate="2014-10-06 10:49:53.123 JST" StructureHandle="/TA2" StructureKind="resource" NumEvents="317" CreationCount="1"/><InteractionEvent Delta="null" EndDate="2014-10-06 11:02:27.395 JST" Interest="1.0" Kind="selection" Navigation="null" OriginId="org.eclipse.jdt.ui.CompilationUnitEditor" StartDate="2014-10-06 11:02:27.395 JST" StructureHandle="=TA2/src&amp;lt;ta2.utils{Methods.java[Methods~is_SpecialChars~QActivity;~QString;" StructureKind="java"/><InteractionEvent Delta="null" EndDate="2014-10-06 10:56:55.74 JST" Interest="37.809998" Kind="propagation" Navigation="org.eclipse.mylyn.core.model.edges.containment" OriginId="org.eclipse.mylyn.core.model.interest.propagation" StartDate="2014-10-06 10:52:26.926 JST" StructureHandle="=TA2/src&amp;lt;ta2.listeners.dialog{DOI_CL.java[DOI_CL" StructureKind="java" NumEvents="52" CreationCount="79"/><InteractionEvent Delta="null" EndDate="2014-10-06 11:02:04.847 JST" Interest="17.717001" Kind="propagation" Navigation="org.eclipse.mylyn.core.model.edges.containment" OriginId="org.eclipse.mylyn.core.model.interest.propagation" StartDate="2014-10-06 10:59:59.143 JST" StructureHandle="=TA2/src&amp;lt;ta2.listeners.dialog{DB_OCL.java[DB_OCL" StructureKind="java" NumEvents="26" CreationCount="248"/><InteractionEvent Delta="null" EndDate="2014-10-06 10:52:31.780 JST" Interest="2.0" Kind="selection" Navigation="null" OriginId="org.eclipse.jdt.ui.CompilationUnitEditor" StartDate="2014-10-06 10:52:26.926 JST" StructureHandle="=TA2/src&amp;lt;ta2.listeners.dialog{DOI_CL.java[DOI_CL~DOI_CL~QActivity;~QDialog;" StructureKind="java" NumEvents="2" CreationCount="79"/><InteractionEvent Delta="null" EndDate="2014-10-06 10:56:31.762 JST" Interest="29.827002" Kind="propagation" Navigation="org.eclipse.mylyn.core.model.edges.containment" OriginId="org.eclipse.mylyn.core.model.interest.propagation" StartDate="2014-10-06 10:52:26.927 JST" StructureHandle="=TA2/src&amp;lt;ta2.listeners.dialog{DOI_CL.java" StructureKind="java" NumEvents="45" CreationCount="78"/><InteractionEvent Delta="null" EndDate="2014-10-06 10:56:54.906 JST" Interest="8.0" Kind="selection" Navigation="null" OriginId="org.eclipse.jdt.ui.CompilationUnitEditor" StartDate="2014-10-06 10:52:26.241 JST" StructureHandle="=TA2/src&amp;lt;ta2.listeners.dialog{DOI_CL.java" StructureKind="java" NumEvents="8" CreationCount="78"/><InteractionEvent Delta="null" EndDate="2014-10-06 10:59:43.965 JST" Interest="48.123" Kind="propagation" Navigation="org.eclipse.mylyn.core.model.edges.containment" OriginId="org.eclipse.mylyn.core.model.interest.propagation" StartDate="2014-10-06 10:49:57.267 JST" StructureHandle="=TA2/src" StructureKind="java" NumEvents="76" CreationCount="4"/><InteractionEvent Delta="null" EndDate="2014-10-06 11:06:03.831 JST" Interest="3.0" Kind="selection" Navigation="null" OriginId="org.eclipse.jdt.ui.PackageExplorer" StartDate="2014-10-06 10:49:54.695 JST" StructureHandle="=TA2/src" StructureKind="java" NumEvents="3" CreationCount="4"/><InteractionEvent Delta="null" EndDate="2014-10-06 11:02:23.862 JST" Interest="4.6920004" Kind="propagation" Navigation="org.eclipse.mylyn.core.model.edges.containment" OriginId="org.eclipse.mylyn.core.model.interest.propagation" StartDate="2014-10-06 10:56:22.54 JST" StructureHandle="=TA2/src&amp;lt;ta2.utils{Methods.java[Methods" StructureKind="java" NumEvents="6" CreationCount="201"/><InteractionEvent Delta="null" EndDate="2014-10-06 11:02:04.847 JST" Interest="21.0" Kind="edit" Navigation="null" OriginId="org.eclipse.jdt.ui.CompilationUnitEditor" StartDate="2014-10-06 11:00:03.630 JST" StructureHandle="=TA2/src&amp;lt;ta2.listeners.dialog{DB_OCL.java[DB_OCL~case_DLG_EDIT_MEMOS_BT_OK" StructureKind="java" NumEvents="21" CreationCount="249"/><InteractionEvent Delta="null" EndDate="2014-10-06 11:00:02.589 JST" Interest="3.0" Kind="selection" Navigation="null" OriginId="org.eclipse.jdt.ui.CompilationUnitEditor" StartDate="2014-10-06 11:00:02.509 JST" StructureHandle="=TA2/src&amp;lt;ta2.listeners.dialog{DB_OCL.java[DB_OCL~case_DLG_EDIT_MEMOS_BT_OK" StructureKind="java" NumEvents="3" CreationCount="249"/><InteractionEvent Delta="null" EndDate="2014-10-06 10:59:52.960 JST" Interest="19.568" Kind="propagation" Navigation="org.eclipse.mylyn.core.model.edges.containment" OriginId="org.eclipse.mylyn.core.model.interest.propagation" StartDate="2014-10-06 10:54:03.725 JST" StructureHandle="=TA2/src&amp;lt;ta2.listeners" StructureKind="java" NumEvents="29" CreationCount="122"/><InteractionEvent Delta="null" EndDate="2014-10-06 10:54:01.281 JST" Interest="1.0" Kind="selection" Navigation="null" OriginId="org.eclipse.jdt.ui.PackageExplorer" StartDate="2014-10-06 10:54:01.281 JST" StructureHandle="=TA2/src&amp;lt;ta2.listeners" StructureKind="java"/><InteractionEvent Delta="null" EndDate="2014-10-06 11:06:12.490 JST" Interest="1.0" Kind="edit" Navigation="null" OriginId="org.eclipse.jdt.ui.CompilationUnitEditor" StartDate="2014-10-06 11:06:12.490 JST" StructureHandle="=TA2/src&amp;lt;ta2.utils{CONS.java[CONS[Admin" StructureKind="java"/><InteractionEvent Delta="null" EndDate="2014-10-06 11:06:10.986 JST" Interest="1.0" Kind="selection" Navigation="null" OriginId="org.eclipse.jdt.ui.CompilationUnitEditor" StartDate="2014-10-06 11:06:10.986 JST" StructureHandle="=TA2/src&amp;lt;ta2.utils{CONS.java[CONS[Admin" StructureKind="java"/><InteractionEvent Delta="null" EndDate="2014-10-06 11:06:10.414 JST" Interest="13.9" Kind="propagation" Navigation="org.eclipse.mylyn.core.model.edges.containment" OriginId="org.eclipse.mylyn.core.model.interest.propagation" StartDate="2014-10-06 11:02:38.34 JST" StructureHandle="=TA2/src&amp;lt;ta2.utils{CONS.java[CONS[Admin" StructureKind="java" NumEvents="19" CreationCount="284"/></InteractionHistory>