<?xml version="1.0" encoding="UTF-8"?><InteractionHistory Id="local-69" Version="1"><InteractionEvent Delta="null" EndDate="2014-09-15 11:34:50.891 JST" Interest="15.0" Kind="propagation" Navigation="null" OriginId="org.eclipse.jdt.ui.CompilationUnitEditor" StartDate="2014-09-15 11:25:11.199 JST" StructureHandle="/TA2/src/ta2/utils/CONS.java" StructureKind="resource" NumEvents="15" CreationCount="32"/><InteractionEvent Delta="null" EndDate="2014-09-15 14:31:52.482 JST" Interest="1.0" Kind="selection" Navigation="null" OriginId="org.eclipse.jdt.ui.PackageExplorer" StartDate="2014-09-15 14:31:52.482 JST" StructureHandle="=SL3" StructureKind="java"/><InteractionEvent Delta="null" EndDate="2014-09-15 14:31:59.160 JST" Interest="1862.0339" Kind="propagation" Navigation="org.eclipse.mylyn.core.model.edges.containment" OriginId="org.eclipse.mylyn.core.model.interest.propagation" StartDate="2014-09-15 11:23:12.409 JST" StructureHandle="=SL3" StructureKind="resource" NumEvents="1864" CreationCount="2"/><InteractionEvent Delta="null" EndDate="2014-09-15 11:23:12.409 JST" Interest="1.0" Kind="selection" Navigation="null" OriginId="org.eclipse.jdt.ui.PackageExplorer" StartDate="2014-09-15 11:23:12.409 JST" StructureHandle="=SL3/src" StructureKind="java"/><InteractionEvent Delta="null" EndDate="2014-09-15 13:38:50.125 JST" Interest="168.25403" Kind="propagation" Navigation="org.eclipse.mylyn.core.model.edges.containment" OriginId="org.eclipse.mylyn.core.model.interest.propagation" StartDate="2014-09-15 11:23:16.361 JST" StructureHandle="=SL3/src" StructureKind="java" NumEvents="255" CreationCount="2"/><InteractionEvent Delta="null" EndDate="2014-09-15 12:11:32.963 JST" Interest="11.0" Kind="selection" Navigation="null" OriginId="org.eclipse.jdt.ui.CompilationUnitEditor" StartDate="2014-09-15 12:08:13.878 JST" StructureHandle="=SL3/src&amp;lt;sl.utils{Methods_dlg.java[Methods_dlg~dlg_Template_Cancel_4th_Dialog~QActivity;~QDialog;~QDialog;~QDialog;~I~I~I~QTags.DialogTags;" StructureKind="java" NumEvents="11" CreationCount="1205"/><InteractionEvent Delta="null" EndDate="2014-09-15 12:11:34.699 JST" Interest="25.0" Kind="edit" Navigation="null" OriginId="org.eclipse.jdt.ui.CompilationUnitEditor" StartDate="2014-09-15 12:08:13.880 JST" StructureHandle="=SL3/src&amp;lt;sl.utils{Methods_dlg.java[Methods_dlg~dlg_Template_Cancel_4th_Dialog~QActivity;~QDialog;~QDialog;~QDialog;~I~I~I~QTags.DialogTags;" StructureKind="java" NumEvents="25" CreationCount="1205"/><InteractionEvent Delta="null" EndDate="2014-09-15 11:25:33.475 JST" Interest="7.0" Kind="selection" Navigation="null" OriginId="org.eclipse.jdt.ui.CompilationUnitEditor" StartDate="2014-09-15 11:23:22.623 JST" StructureHandle="=SL3/src&amp;lt;sl.utils{Methods.java[Methods~backupDb~QActivity;~QString;~QString;" StructureKind="java" NumEvents="7" CreationCount="8"/><InteractionEvent Delta="null" EndDate="2014-09-15 11:25:21.154 JST" Interest="6.0" Kind="edit" Navigation="null" OriginId="org.eclipse.jdt.ui.CompilationUnitEditor" StartDate="2014-09-15 11:23:23.188 JST" StructureHandle="=SL3/src&amp;lt;sl.utils{Methods.java[Methods~backupDb~QActivity;~QString;~QString;" StructureKind="java" NumEvents="6" CreationCount="8"/><InteractionEvent Delta="null" EndDate="2014-09-15 13:23:47.655 JST" Interest="3.0" Kind="selection" Navigation="null" OriginId="org.eclipse.jdt.ui.CompilationUnitEditor" StartDate="2014-09-15 13:23:42.125 JST" StructureHandle="=SL3/src&amp;lt;sl.utils{Tags.java[Tags[DialogTags" StructureKind="java" NumEvents="3" CreationCount="870"/><InteractionEvent Delta="null" EndDate="2014-09-15 13:23:48.438 JST" Interest="1.0" Kind="edit" Navigation="null" OriginId="org.eclipse.jdt.ui.CompilationUnitEditor" StartDate="2014-09-15 13:23:48.438 JST" StructureHandle="=SL3/src&amp;lt;sl.utils{Tags.java[Tags[DialogTags" StructureKind="java"/><InteractionEvent Delta="null" EndDate="2014-09-15 13:23:43.524 JST" Interest="15.365002" Kind="propagation" Navigation="org.eclipse.mylyn.core.model.edges.containment" OriginId="org.eclipse.mylyn.core.model.interest.propagation" StartDate="2014-09-15 11:59:20.663 JST" StructureHandle="=SL3/src&amp;lt;sl.utils{Tags.java[Tags[DialogTags" StructureKind="java" NumEvents="9" CreationCount="870"/><InteractionEvent Delta="null" EndDate="2014-09-15 11:41:42.72 JST" Interest="2.0" Kind="selection" Navigation="null" OriginId="org.eclipse.search.ui.views.SearchView" StartDate="2014-09-15 11:23:16.360 JST" StructureHandle="=SL3/src&amp;lt;sl.utils" StructureKind="java" NumEvents="2" CreationCount="3"/><InteractionEvent Delta="null" EndDate="2014-09-15 13:38:50.125 JST" Interest="167.23701" Kind="propagation" Navigation="org.eclipse.mylyn.core.model.edges.containment" OriginId="org.eclipse.mylyn.core.model.interest.propagation" StartDate="2014-09-15 11:23:18.230 JST" StructureHandle="=SL3/src&amp;lt;sl.utils" StructureKind="java" NumEvents="240" CreationCount="3"/><InteractionEvent Delta="null" EndDate="2014-09-15 12:11:30.385 JST" Interest="112.0" Kind="propagation" Navigation="null" OriginId="org.eclipse.jdt.ui.CompilationUnitEditor" StartDate="2014-09-15 11:23:11.225 JST" StructureHandle="/TA2/src/ta2/utils" StructureKind="resource" NumEvents="112" CreationCount="1"/><InteractionEvent Delta="null" EndDate="2014-09-15 11:27:34.791 JST" Interest="1.0" Kind="selection" Navigation="null" OriginId="org.eclipse.jdt.ui.CompilationUnitEditor" StartDate="2014-09-15 11:27:34.791 JST" StructureHandle="=SL3/src&amp;lt;sl.utils{CONS.java[CONS[DB^fname_DB_Backup_ext" StructureKind="java"/><InteractionEvent Delta="null" EndDate="2014-09-15 11:57:22.281 JST" Interest="2.0" Kind="propagation" Navigation="org.eclipse.mylyn.core.model.edges.containment" OriginId="org.eclipse.mylyn.core.model.interest.propagation" StartDate="2014-09-15 11:57:22.167 JST" StructureHandle="=SL3/gen" StructureKind="java" NumEvents="2" CreationCount="818"/><InteractionEvent Delta="null" EndDate="2014-09-15 11:25:40.94 JST" Interest="1.0" Kind="selection" Navigation="null" OriginId="org.eclipse.jdt.ui.CompilationUnitEditor" StartDate="2014-09-15 11:25:40.94 JST" StructureHandle="=SL3/src&amp;lt;sl.utils{Methods.java#sl.items.ShoppingItem" StructureKind="java"/><InteractionEvent Delta="null" EndDate="2014-09-15 12:11:30.385 JST" Interest="112.0" Kind="propagation" Navigation="org.eclipse.mylyn.core.model.edges.containment" OriginId="org.eclipse.mylyn.core.model.interest.propagation" StartDate="2014-09-15 11:23:11.225 JST" StructureHandle="/TA2/src/ta2" StructureKind="resource" NumEvents="112" CreationCount="1"/><InteractionEvent Delta="null" EndDate="2014-09-15 11:41:35.472 JST" Interest="1.0" Kind="selection" Navigation="null" OriginId="org.eclipse.search.ui.views.SearchView" StartDate="2014-09-15 11:41:35.472 JST" StructureHandle="=SL3/src&amp;lt;sl.main{MainActv.java" StructureKind="java"/><InteractionEvent Delta="null" EndDate="2014-09-15 12:04:36.251 JST" Interest="19.099998" Kind="propagation" Navigation="org.eclipse.mylyn.core.model.edges.containment" OriginId="org.eclipse.mylyn.core.model.interest.propagation" StartDate="2014-09-15 11:41:56.67 JST" StructureHandle="=SL3/src&amp;lt;sl.main{TabActv.java[TabActv" StructureKind="java" NumEvents="25" CreationCount="516"/><InteractionEvent Delta="null" EndDate="2014-09-15 11:35:57.817 JST" Interest="14.0" Kind="selection" Navigation="null" OriginId="org.eclipse.jdt.ui.CompilationUnitEditor" StartDate="2014-09-15 11:25:46.224 JST" StructureHandle="=SL3/src&amp;lt;sl.utils{Methods.java[Methods~backup_DB~QActivity;" StructureKind="java" NumEvents="14" CreationCount="59"/><InteractionEvent Delta="null" EndDate="2014-09-15 11:34:43.357 JST" Interest="123.0" Kind="edit" Navigation="null" OriginId="org.eclipse.jdt.ui.CompilationUnitEditor" StartDate="2014-09-15 11:25:47.313 JST" StructureHandle="=SL3/src&amp;lt;sl.utils{Methods.java[Methods~backup_DB~QActivity;" StructureKind="java" NumEvents="123" CreationCount="59"/><InteractionEvent Delta="null" EndDate="2014-09-15 11:41:01.124 JST" Interest="6.0" Kind="selection" Navigation="null" OriginId="org.eclipse.jdt.ui.CompilationUnitEditor" StartDate="2014-09-15 11:25:57.436 JST" StructureHandle="=SL3/src&amp;lt;sl.utils{CONS.java[CONS[DB^dPath_dbFile_Backup" StructureKind="java" NumEvents="6" CreationCount="63"/><InteractionEvent Delta="null" EndDate="2014-09-15 11:27:07.996 JST" Interest="2.0" Kind="edit" Navigation="null" OriginId="org.eclipse.jdt.ui.CompilationUnitEditor" StartDate="2014-09-15 11:26:07.908 JST" StructureHandle="=SL3/src&amp;lt;sl.utils{CONS.java[CONS[DB^dPath_dbFile_Backup" StructureKind="java" NumEvents="2" CreationCount="63"/><InteractionEvent Delta="null" EndDate="2014-09-15 11:41:01.124 JST" Interest="1.0460005" Kind="manipulation" Navigation="null" OriginId="org.eclipse.mylyn.core.model.interest.decay.correction" StartDate="2014-09-15 11:41:01.124 JST" StructureHandle="=SL3/src&amp;lt;sl.utils{CONS.java[CONS[DB^dPath_dbFile_Backup" StructureKind="java"/><InteractionEvent Delta="null" EndDate="2014-09-15 13:38:51.7 JST" Interest="28.0" Kind="selection" Navigation="null" OriginId="org.eclipse.jdt.ui.CompilationUnitEditor" StartDate="2014-09-15 11:23:18.230 JST" StructureHandle="=SL3/src&amp;lt;sl.utils{Methods.java" StructureKind="java" NumEvents="28" CreationCount="4"/><InteractionEvent Delta="null" EndDate="2014-09-15 13:35:58.357 JST" Interest="90.596" Kind="propagation" Navigation="org.eclipse.mylyn.core.model.edges.containment" OriginId="org.eclipse.mylyn.core.model.interest.propagation" StartDate="2014-09-15 11:23:22.693 JST" StructureHandle="=SL3/src&amp;lt;sl.utils{Methods.java" StructureKind="java" NumEvents="128" CreationCount="4"/><InteractionEvent Delta="null" EndDate="2014-09-15 13:19:36.898 JST" Interest="1.0" Kind="selection" Navigation="null" OriginId="org.eclipse.ui.views.ResourceNavigator" StartDate="2014-09-15 13:19:36.898 JST" StructureHandle="/TA2/res/values/array.xml" StructureKind="resource"/><InteractionEvent Delta="null" EndDate="2014-09-15 12:11:15.679 JST" Interest="1.0" Kind="selection" Navigation="null" OriginId="org.eclipse.ui.views.ContentOutline" StartDate="2014-09-15 12:11:15.679 JST" StructureHandle="=TA2/src&amp;lt;ta2.utils{Methods_dlg.java[Methods_dlg~conf_DropTable_Memos~QActivity;~QDialog;~QDialog;" StructureKind="java"/><InteractionEvent Delta="null" EndDate="2014-09-15 11:27:16.912 JST" Interest="3.0" Kind="selection" Navigation="null" OriginId="org.eclipse.jdt.ui.CompilationUnitEditor" StartDate="2014-09-15 11:27:01.606 JST" StructureHandle="=TA2/src&amp;lt;ta2.utils{CONS.java[CONS[DB^fname_DB_Backup_Trunk" StructureKind="java" NumEvents="3" CreationCount="92"/><InteractionEvent Delta="null" EndDate="2014-09-15 11:27:23.835 JST" Interest="3.0" Kind="selection" Navigation="null" OriginId="org.eclipse.jdt.ui.CompilationUnitEditor" StartDate="2014-09-15 11:27:11.969 JST" StructureHandle="=SL3/src&amp;lt;sl.utils{CONS.java[CONS[DB^fileName_db_backup_trunk" StructureKind="java" NumEvents="3" CreationCount="98"/><InteractionEvent Delta="null" EndDate="2014-09-15 13:19:36.780 JST" Interest="7.0" Kind="selection" Navigation="null" OriginId="org.eclipse.ui.views.ResourceNavigator" StartDate="2014-09-15 12:03:13.294 JST" StructureHandle="/TA2/res/values/strings.xml" StructureKind="resource" NumEvents="7" CreationCount="991"/><InteractionEvent Delta="null" EndDate="2014-09-15 12:04:29.588 JST" Interest="12.0" Kind="edit" Navigation="null" OriginId="com.android.ide.eclipse.editors.CommonXmlEditor" StartDate="2014-09-15 12:03:13.682 JST" StructureHandle="/TA2/res/values/strings.xml" StructureKind="resource" NumEvents="12" CreationCount="991"/><InteractionEvent Delta="null" EndDate="2014-09-15 12:06:56.41 JST" Interest="16.0" Kind="selection" Navigation="null" OriginId="org.eclipse.jdt.ui.CompilationUnitEditor" StartDate="2014-09-15 11:24:50.207 JST" StructureHandle="=TA2/src&amp;lt;ta2.utils{Methods.java" StructureKind="java" NumEvents="16" CreationCount="20"/><InteractionEvent Delta="null" EndDate="2014-09-15 11:26:51.992 JST" Interest="8.868" Kind="propagation" Navigation="org.eclipse.mylyn.core.model.edges.containment" OriginId="org.eclipse.mylyn.core.model.interest.propagation" StartDate="2014-09-15 11:24:54.408 JST" StructureHandle="=TA2/src&amp;lt;ta2.utils{Methods.java" StructureKind="java" NumEvents="13" CreationCount="20"/><InteractionEvent Delta="null" EndDate="2014-09-15 11:55:22.666 JST" Interest="3.0" Kind="selection" Navigation="null" OriginId="org.eclipse.jdt.ui.CompilationUnitEditor" StartDate="2014-09-15 11:55:14.858 JST" StructureHandle="=TA2/src&amp;lt;ta2.utils{Methods_dlg.java[Methods_dlg~_filter_ShowList__GridView~QActivity;~QDialog;" StructureKind="java" NumEvents="3" CreationCount="762"/><InteractionEvent Delta="null" EndDate="2014-09-15 11:55:11.667 JST" Interest="10.886001" Kind="manipulation" Navigation="null" OriginId="org.eclipse.mylyn.core.model.interest.decay.correction" StartDate="2014-09-15 11:55:11.667 JST" StructureHandle="/TA2/src/ta2/utils/Methods_dlg.java" StructureKind="resource"/><InteractionEvent Delta="null" EndDate="2014-09-15 12:11:30.385 JST" Interest="51.0" Kind="propagation" Navigation="null" OriginId="org.eclipse.jdt.ui.CompilationUnitEditor" StartDate="2014-09-15 11:23:11.225 JST" StructureHandle="/TA2/src/ta2/utils/Methods_dlg.java" StructureKind="resource" NumEvents="51" CreationCount="1"/><InteractionEvent Delta="null" EndDate="2014-09-15 13:32:14.404 JST" Interest="1.0" Kind="selection" Navigation="null" OriginId="org.eclipse.jdt.ui.CompilationUnitEditor" StartDate="2014-09-15 13:32:14.404 JST" StructureHandle="=SL3/src&amp;lt;sl.utils{Methods.java[Methods~filterList~QActivity;~QDialog;" StructureKind="java"/><InteractionEvent Delta="null" EndDate="2014-09-15 11:57:40.233 JST" Interest="1.0" Kind="selection" Navigation="null" OriginId="org.eclipse.jdt.ui.PackageExplorer" StartDate="2014-09-15 11:57:40.233 JST" StructureHandle="/SL3/res/values" StructureKind="resource"/><InteractionEvent Delta="null" EndDate="2014-09-15 13:19:40.33 JST" Interest="22.717" Kind="propagation" Navigation="org.eclipse.mylyn.core.model.edges.containment" OriginId="org.eclipse.mylyn.core.model.interest.propagation" StartDate="2014-09-15 11:57:41.585 JST" StructureHandle="/SL3/res/values" StructureKind="resource" NumEvents="30" CreationCount="827"/><InteractionEvent Delta="null" EndDate="2014-09-15 14:31:59.160 JST" Interest="1863.0509" Kind="propagation" Navigation="org.eclipse.mylyn.core.model.edges.containment" OriginId="org.eclipse.mylyn.core.model.interest.propagation" StartDate="2014-09-15 11:23:11.225 JST" StructureHandle="/" StructureKind="resource" NumEvents="1877" CreationCount="1"/><InteractionEvent Delta="null" EndDate="2014-09-15 11:55:22.688 JST" Interest="3.0" Kind="selection" Navigation="null" OriginId="org.eclipse.jdt.ui.CompilationUnitEditor" StartDate="2014-09-15 11:55:22.230 JST" StructureHandle="=TA2/src&amp;lt;ta2.utils{Methods_dlg.java[Methods_dlg~conf_DropTable_Patterns~QActivity;~QDialog;~QDialog;" StructureKind="java" NumEvents="3" CreationCount="763"/><InteractionEvent Delta="null" EndDate="2014-09-15 11:55:56.87 JST" Interest="6.0" Kind="edit" Navigation="null" OriginId="org.eclipse.jdt.ui.CompilationUnitEditor" StartDate="2014-09-15 11:55:23.155 JST" StructureHandle="=TA2/src&amp;lt;ta2.utils{Methods_dlg.java[Methods_dlg~conf_DropTable_Patterns~QActivity;~QDialog;~QDialog;" StructureKind="java" NumEvents="6" CreationCount="763"/><InteractionEvent Delta="null" EndDate="2014-09-15 12:08:52.425 JST" Interest="2.0" Kind="selection" Navigation="null" OriginId="org.eclipse.jdt.ui.CompilationUnitEditor" StartDate="2014-09-15 12:08:36.173 JST" StructureHandle="=SL3/src&amp;lt;sl.listeners.dialog{DB_OTL.java[DB_OTL~DB_OTL~QActivity;~QDialog;~QDialog;~QDialog;~QDialog;" StructureKind="java" NumEvents="2" CreationCount="1220"/><InteractionEvent Delta="null" EndDate="2014-09-15 12:09:08.876 JST" Interest="12.0" Kind="edit" Navigation="null" OriginId="org.eclipse.jdt.ui.CompilationUnitEditor" StartDate="2014-09-15 12:08:38.324 JST" StructureHandle="=SL3/src&amp;lt;sl.listeners.dialog{DB_OTL.java[DB_OTL~DB_OTL~QActivity;~QDialog;~QDialog;~QDialog;~QDialog;" StructureKind="java" NumEvents="12" CreationCount="1220"/><InteractionEvent Delta="null" EndDate="2014-09-15 13:28:19.727 JST" Interest="1.0" Kind="propagation" Navigation="org.eclipse.mylyn.core.model.edges.containment" OriginId="org.eclipse.mylyn.core.model.interest.propagation" StartDate="2014-09-15 13:28:19.727 JST" StructureHandle="/SL3/bin" StructureKind="resource"/><InteractionEvent Delta="null" EndDate="2014-09-15 13:36:27.791 JST" Interest="32.0" Kind="selection" Navigation="null" OriginId="org.eclipse.jdt.ui.CompilationUnitEditor" StartDate="2014-09-15 11:30:14.735 JST" StructureHandle="=SL3/src&amp;lt;sl.listeners.dialog{DOI_CL.java" StructureKind="java" NumEvents="32" CreationCount="158"/><InteractionEvent Delta="null" EndDate="2014-09-15 13:27:04.555 JST" Interest="113.73199" Kind="propagation" Navigation="org.eclipse.mylyn.core.model.edges.containment" OriginId="org.eclipse.mylyn.core.model.interest.propagation" StartDate="2014-09-15 11:30:27.365 JST" StructureHandle="=SL3/src&amp;lt;sl.listeners.dialog{DOI_CL.java" StructureKind="java" NumEvents="167" CreationCount="158"/><InteractionEvent Delta="null" EndDate="2014-09-15 13:31:15.709 JST" Interest="7.0" Kind="selection" Navigation="null" OriginId="org.eclipse.jdt.ui.CompilationUnitEditor" StartDate="2014-09-15 11:54:26.998 JST" StructureHandle="=SL3/src&amp;lt;sl.utils{Methods.java[Methods~dropTable~QActivity;~QDialog;" StructureKind="java" NumEvents="7" CreationCount="736"/><InteractionEvent Delta="null" EndDate="2014-09-15 13:31:16.176 JST" Interest="9.0" Kind="edit" Navigation="null" OriginId="org.eclipse.jdt.ui.CompilationUnitEditor" StartDate="2014-09-15 11:54:27.657 JST" StructureHandle="=SL3/src&amp;lt;sl.utils{Methods.java[Methods~dropTable~QActivity;~QDialog;" StructureKind="java" NumEvents="9" CreationCount="736"/><InteractionEvent Delta="null" EndDate="2014-09-15 13:31:15.593 JST" Interest="8.2160015" Kind="manipulation" Navigation="null" OriginId="org.eclipse.mylyn.core.model.interest.decay.correction" StartDate="2014-09-15 12:04:38.799 JST" StructureHandle="=SL3/src&amp;lt;sl.utils{Methods.java[Methods~dropTable~QActivity;~QDialog;" StructureKind="java" NumEvents="3" CreationCount="736"/><InteractionEvent Delta="null" EndDate="2014-09-15 12:11:10.945 JST" Interest="18.0" Kind="selection" Navigation="null" OriginId="org.eclipse.jdt.ui.CompilationUnitEditor" StartDate="2014-09-15 11:23:11.225 JST" StructureHandle="=TA2/src&amp;lt;ta2.utils{Methods_dlg.java" StructureKind="java" NumEvents="18" CreationCount="1"/><InteractionEvent Delta="null" EndDate="2014-09-15 11:55:11.667 JST" Interest="10.869" Kind="manipulation" Navigation="null" OriginId="org.eclipse.mylyn.core.model.interest.decay.correction" StartDate="2014-09-15 11:55:11.667 JST" StructureHandle="=TA2/src&amp;lt;ta2.utils{Methods_dlg.java" StructureKind="java"/><InteractionEvent Delta="null" EndDate="2014-09-15 11:55:56.88 JST" Interest="5.285" Kind="propagation" Navigation="org.eclipse.mylyn.core.model.edges.containment" OriginId="org.eclipse.mylyn.core.model.interest.propagation" StartDate="2014-09-15 11:55:22.665 JST" StructureHandle="=TA2/src&amp;lt;ta2.utils{Methods_dlg.java" StructureKind="java" NumEvents="10" CreationCount="1"/><InteractionEvent Delta="null" EndDate="2014-09-15 13:38:50.334 JST" Interest="43.0" Kind="selection" Navigation="null" OriginId="org.eclipse.jdt.ui.CompilationUnitEditor" StartDate="2014-09-15 11:58:57.138 JST" StructureHandle="=SL3/src&amp;lt;sl.utils{Methods_dlg.java[Methods_dlg~conf_DropTable_Patterns~QActivity;~QDialog;~QDialog;~QDialog;~QString;~QTags.DialogTags;" StructureKind="java" NumEvents="43" CreationCount="864"/><InteractionEvent Delta="null" EndDate="2014-09-15 13:25:06.22 JST" Interest="158.0" Kind="edit" Navigation="null" OriginId="org.eclipse.jdt.ui.CompilationUnitEditor" StartDate="2014-09-15 11:58:57.847 JST" StructureHandle="=SL3/src&amp;lt;sl.utils{Methods_dlg.java[Methods_dlg~conf_DropTable_Patterns~QActivity;~QDialog;~QDialog;~QDialog;~QString;~QTags.DialogTags;" StructureKind="java" NumEvents="158" CreationCount="864"/><InteractionEvent Delta="null" EndDate="2014-09-15 13:25:39.976 JST" Interest="2.0" Kind="selection" Navigation="null" OriginId="org.eclipse.jdt.ui.CompilationUnitEditor" StartDate="2014-09-15 13:25:14.142 JST" StructureHandle="=SL3/src&amp;lt;sl.listeners.dialog{DB_OTL.java[DB_OTL~onTouch~QView;~QMotionEvent;" StructureKind="java" NumEvents="2" CreationCount="1640"/><InteractionEvent Delta="null" EndDate="2014-09-15 13:25:51.951 JST" Interest="19.0" Kind="edit" Navigation="null" OriginId="org.eclipse.jdt.ui.CompilationUnitEditor" StartDate="2014-09-15 13:25:15.726 JST" StructureHandle="=SL3/src&amp;lt;sl.listeners.dialog{DB_OTL.java[DB_OTL~onTouch~QView;~QMotionEvent;" StructureKind="java" NumEvents="19" CreationCount="1640"/><InteractionEvent Delta="null" EndDate="2014-09-15 11:30:27.365 JST" Interest="3.0" Kind="selection" Navigation="null" OriginId="org.eclipse.jdt.ui.CompilationUnitEditor" StartDate="2014-09-15 11:30:17.372 JST" StructureHandle="=SL3/src&amp;lt;sl.listeners.dialog{DOI_CL.java[DOI_CL~DOI_CL~QActivity;~QDialog;~QDialogTags;~QShoppingItem;" StructureKind="java" NumEvents="3" CreationCount="161"/><InteractionEvent Delta="null" EndDate="2014-09-15 12:09:42.142 JST" Interest="1.0" Kind="selection" Navigation="null" OriginId="org.eclipse.jdt.ui.CompilationUnitEditor" StartDate="2014-09-15 12:09:42.142 JST" StructureHandle="=SL3/src&amp;lt;sl.listeners.dialog{DB_OCL.java[DB_OCL~DB_OCL~QActivity;~QDialog;~QDialog;~QShoppingItem;" StructureKind="java"/><InteractionEvent Delta="null" EndDate="2014-09-15 12:09:44.233 JST" Interest="1.0" Kind="edit" Navigation="null" OriginId="org.eclipse.jdt.ui.CompilationUnitEditor" StartDate="2014-09-15 12:09:44.233 JST" StructureHandle="=SL3/src&amp;lt;sl.listeners.dialog{DB_OCL.java[DB_OCL~DB_OCL~QActivity;~QDialog;~QDialog;~QShoppingItem;" StructureKind="java"/><InteractionEvent Delta="null" EndDate="2014-09-15 11:57:27.85 JST" Interest="4.0" Kind="propagation" Navigation="org.eclipse.mylyn.core.model.edges.containment" OriginId="org.eclipse.mylyn.core.model.interest.propagation" StartDate="2014-09-15 11:57:22.166 JST" StructureHandle="/SL3/gen/sl3" StructureKind="resource" NumEvents="4" CreationCount="818"/><InteractionEvent Delta="null" EndDate="2014-09-15 12:06:56.41 JST" Interest="46.0" Kind="propagation" Navigation="null" OriginId="org.eclipse.jdt.ui.CompilationUnitEditor" StartDate="2014-09-15 11:24:50.207 JST" StructureHandle="/TA2/src/ta2/utils/Methods.java" StructureKind="resource" NumEvents="46" CreationCount="20"/><InteractionEvent Delta="null" EndDate="2014-09-15 13:39:02.24 JST" Interest="3.0" Kind="selection" Navigation="null" OriginId="org.eclipse.jdt.ui.CompilationUnitEditor" StartDate="2014-09-15 13:38:55.432 JST" StructureHandle="=SL3/src&amp;lt;sl.utils{Methods.java[Methods~dlg_createTable~QActivity;" StructureKind="java" NumEvents="3" CreationCount="2022"/><InteractionEvent Delta="null" EndDate="2014-09-15 11:41:52.286 JST" Interest="2.0" Kind="selection" Navigation="null" OriginId="org.eclipse.jdt.ui.PackageExplorer" StartDate="2014-09-15 11:41:34.412 JST" StructureHandle="=SL3/src&amp;lt;sl.main" StructureKind="java" NumEvents="2" CreationCount="505"/><InteractionEvent Delta="null" EndDate="2014-09-15 12:06:55.849 JST" Interest="20.887" Kind="propagation" Navigation="org.eclipse.mylyn.core.model.edges.containment" OriginId="org.eclipse.mylyn.core.model.interest.propagation" StartDate="2014-09-15 11:41:35.472 JST" StructureHandle="=SL3/src&amp;lt;sl.main" StructureKind="java" NumEvents="33" CreationCount="505"/><InteractionEvent Delta="null" EndDate="2014-09-15 12:15:15.519 JST" Interest="17.0" Kind="selection" Navigation="null" OriginId="org.eclipse.jdt.ui.CompilationUnitEditor" StartDate="2014-09-15 11:56:11.49 JST" StructureHandle="=SL3/src&amp;lt;sl.utils{Methods_dlg.java[Methods_dlg" StructureKind="java" NumEvents="17" CreationCount="786"/><InteractionEvent Delta="null" EndDate="2014-09-15 12:15:15.521 JST" Interest="14.0" Kind="edit" Navigation="null" OriginId="org.eclipse.jdt.ui.CompilationUnitEditor" StartDate="2014-09-15 11:56:14.946 JST" StructureHandle="=SL3/src&amp;lt;sl.utils{Methods_dlg.java[Methods_dlg" StructureKind="java" NumEvents="14" CreationCount="786"/><InteractionEvent Delta="null" EndDate="2014-09-15 13:38:50.334 JST" Interest="128.126" Kind="propagation" Navigation="org.eclipse.mylyn.core.model.edges.containment" OriginId="org.eclipse.mylyn.core.model.interest.propagation" StartDate="2014-09-15 11:56:36.45 JST" StructureHandle="=SL3/src&amp;lt;sl.utils{Methods_dlg.java[Methods_dlg" StructureKind="java" NumEvents="170" CreationCount="786"/><InteractionEvent Delta="null" EndDate="2014-09-15 13:36:18.606 JST" Interest="13.0" Kind="selection" Navigation="null" OriginId="org.eclipse.jdt.ui.CompilationUnitEditor" StartDate="2014-09-15 13:31:23.577 JST" StructureHandle="=SL3/src&amp;lt;sl.utils{Methods.java[Methods~dropTable~QActivity;~QString;" StructureKind="java" NumEvents="13" CreationCount="1792"/><InteractionEvent Delta="null" EndDate="2014-09-15 13:35:56.977 JST" Interest="106.0" Kind="edit" Navigation="null" OriginId="org.eclipse.jdt.ui.CompilationUnitEditor" StartDate="2014-09-15 13:31:25.401 JST" StructureHandle="=SL3/src&amp;lt;sl.utils{Methods.java[Methods~dropTable~QActivity;~QString;" StructureKind="java" NumEvents="106" CreationCount="1792"/><InteractionEvent Delta="null" EndDate="2014-09-15 13:39:15.223 JST" Interest="2.0" Kind="prediction" Navigation="null" OriginId="org.eclipse.mylyn.resources.ui.interest.updater" StartDate="2014-09-15 13:28:19.727 JST" StructureHandle="/SL3/bin/classes.dex" StructureKind="resource" NumEvents="2" CreationCount="1761"/><InteractionEvent Delta="null" EndDate="2014-09-15 13:22:07.115 JST" Interest="14.0" Kind="selection" Navigation="null" OriginId="org.eclipse.jdt.ui.CompilationUnitEditor" StartDate="2014-09-15 12:11:40.893 JST" StructureHandle="=SL3/src&amp;lt;sl.utils{Methods_dlg.java[Methods_dlg~dlg_Template_OkCancel_4th_Dialog~QActivity;~QDialog;~QDialog;~QDialog;~I~I~I~I~QTags.DialogTags;~QTags.DialogTags;" StructureKind="java" NumEvents="14" CreationCount="1334"/><InteractionEvent Delta="null" EndDate="2014-09-15 13:21:59.942 JST" Interest="133.0" Kind="edit" Navigation="null" OriginId="org.eclipse.jdt.ui.CompilationUnitEditor" StartDate="2014-09-15 12:11:44.68 JST" StructureHandle="=SL3/src&amp;lt;sl.utils{Methods_dlg.java[Methods_dlg~dlg_Template_OkCancel_4th_Dialog~QActivity;~QDialog;~QDialog;~QDialog;~I~I~I~I~QTags.DialogTags;~QTags.DialogTags;" StructureKind="java" NumEvents="133" CreationCount="1334"/><InteractionEvent Delta="null" EndDate="2014-09-15 11:54:22.307 JST" Interest="2.0" Kind="selection" Navigation="null" OriginId="org.eclipse.ui.views.ContentOutline" StartDate="2014-09-15 11:53:56.155 JST" StructureHandle="=SL3/src&amp;lt;sl.utils{Methods.java[Methods~opt_ActvTab_DropTables~QActivity;~QDialog;~QDialog;~QDialog;~QString;" StructureKind="java" NumEvents="2" CreationCount="701"/><InteractionEvent Delta="null" EndDate="2014-09-15 11:54:14.565 JST" Interest="32.0" Kind="edit" Navigation="null" OriginId="org.eclipse.jdt.ui.CompilationUnitEditor" StartDate="2014-09-15 11:53:56.159 JST" StructureHandle="=SL3/src&amp;lt;sl.utils{Methods.java[Methods~opt_ActvTab_DropTables~QActivity;~QDialog;~QDialog;~QDialog;~QString;" StructureKind="java" NumEvents="32" CreationCount="701"/><InteractionEvent Delta="null" EndDate="2014-09-15 11:42:22.44 JST" Interest="4.0" Kind="selection" Navigation="null" OriginId="org.eclipse.jdt.ui.CompilationUnitEditor" StartDate="2014-09-15 11:42:06.844 JST" StructureHandle="=SL3/src&amp;lt;sl.main{TabActv.java[TabActv~onStart" StructureKind="java" NumEvents="4" CreationCount="524"/><InteractionEvent Delta="null" EndDate="2014-09-15 11:42:12.109 JST" Interest="12.0" Kind="edit" Navigation="null" OriginId="org.eclipse.jdt.ui.CompilationUnitEditor" StartDate="2014-09-15 11:42:07.440 JST" StructureHandle="=SL3/src&amp;lt;sl.main{TabActv.java[TabActv~onStart" StructureKind="java" NumEvents="12" CreationCount="524"/><InteractionEvent Delta="null" EndDate="2014-09-15 12:06:55.849 JST" Interest="52.017" Kind="propagation" Navigation="null" OriginId="org.eclipse.jdt.ui.CompilationUnitEditor" StartDate="2014-09-15 11:41:34.412 JST" StructureHandle="/SL3/src/sl/main" StructureKind="resource" NumEvents="53" CreationCount="505"/><InteractionEvent Delta="null" EndDate="2014-09-15 11:57:22.280 JST" Interest="2.0" Kind="selection" Navigation="null" OriginId="org.eclipse.jdt.ui.CompilationUnitEditor" StartDate="2014-09-15 11:57:22.166 JST" StructureHandle="=SL3/gen&amp;lt;sl3.main{R.java" StructureKind="java" NumEvents="2" CreationCount="818"/><InteractionEvent Delta="null" EndDate="2014-09-15 11:53:06.320 JST" Interest="10.0" Kind="selection" Navigation="null" OriginId="org.eclipse.jdt.ui.CompilationUnitEditor" StartDate="2014-09-15 11:30:27.268 JST" StructureHandle="=SL3/src&amp;lt;sl.listeners.dialog{DOI_CL.java[DOI_CL~case_ACTV_TAB_OPT_OPERATIONS~QListItem;" StructureKind="java" NumEvents="10" CreationCount="162"/><InteractionEvent Delta="null" EndDate="2014-09-15 11:53:04.284 JST" Interest="3.0" Kind="edit" Navigation="null" OriginId="org.eclipse.jdt.ui.CompilationUnitEditor" StartDate="2014-09-15 11:30:27.869 JST" StructureHandle="=SL3/src&amp;lt;sl.listeners.dialog{DOI_CL.java[DOI_CL~case_ACTV_TAB_OPT_OPERATIONS~QListItem;" StructureKind="java" NumEvents="3" CreationCount="162"/><InteractionEvent Delta="null" EndDate="2014-09-15 11:53:03.658 JST" Interest="1.8450007" Kind="manipulation" Navigation="null" OriginId="org.eclipse.mylyn.core.model.interest.decay.correction" StartDate="2014-09-15 11:53:03.658 JST" StructureHandle="=SL3/src&amp;lt;sl.listeners.dialog{DOI_CL.java[DOI_CL~case_ACTV_TAB_OPT_OPERATIONS~QListItem;" StructureKind="java"/><InteractionEvent Delta="null" EndDate="2014-09-15 11:25:42.200 JST" Interest="1.0" Kind="selection" Navigation="null" OriginId="org.eclipse.jdt.ui.CompilationUnitEditor" StartDate="2014-09-15 11:25:42.200 JST" StructureHandle="=SL3/src&amp;lt;sl.utils{Methods.java#" StructureKind="java"/><InteractionEvent Delta="null" EndDate="2014-09-15 11:25:40.95 JST" Interest="1.017" Kind="propagation" Navigation="org.eclipse.mylyn.core.model.edges.containment" OriginId="org.eclipse.mylyn.core.model.interest.propagation" StartDate="2014-09-15 11:25:39.378 JST" StructureHandle="=SL3/src&amp;lt;sl.utils{Methods.java#" StructureKind="java" NumEvents="2" CreationCount="55"/><InteractionEvent Delta="null" EndDate="2014-09-15 13:38:50.124 JST" Interest="36.0" Kind="selection" Navigation="null" OriginId="org.eclipse.jdt.ui.CompilationUnitEditor" StartDate="2014-09-15 11:56:10.197 JST" StructureHandle="=SL3/src&amp;lt;sl.utils{Methods_dlg.java" StructureKind="java" NumEvents="36" CreationCount="785"/><InteractionEvent Delta="null" EndDate="2014-09-15 12:15:20.292 JST" Interest="6.0" Kind="edit" Navigation="null" OriginId="org.eclipse.jdt.ui.CompilationUnitEditor" StartDate="2014-09-15 11:56:28.11 JST" StructureHandle="=SL3/src&amp;lt;sl.utils{Methods_dlg.java" StructureKind="java" NumEvents="6" CreationCount="785"/><InteractionEvent Delta="null" EndDate="2014-09-15 13:27:16.292 JST" Interest="115.74303" Kind="propagation" Navigation="org.eclipse.mylyn.core.model.edges.containment" OriginId="org.eclipse.mylyn.core.model.interest.propagation" StartDate="2014-09-15 11:56:11.49 JST" StructureHandle="=SL3/src&amp;lt;sl.utils{Methods_dlg.java" StructureKind="java" NumEvents="169" CreationCount="785"/><InteractionEvent Delta="null" EndDate="2014-09-15 11:41:45.364 JST" Interest="1.0" Kind="selection" Navigation="null" OriginId="org.eclipse.search.ui.views.SearchView" StartDate="2014-09-15 11:41:45.364 JST" StructureHandle="=SL3/src&amp;lt;sl.utils{DBUtils.java" StructureKind="java"/><InteractionEvent Delta="null" EndDate="2014-09-15 13:28:56.352 JST" Interest="6.0" Kind="selection" Navigation="null" OriginId="org.eclipse.jdt.ui.CompilationUnitEditor" StartDate="2014-09-15 13:26:24.157 JST" StructureHandle="=SL3/src&amp;lt;sl.listeners.dialog{DB_OCL.java[DB_OCL~onClick~QView;" StructureKind="java" NumEvents="6" CreationCount="1694"/><InteractionEvent Delta="null" EndDate="2014-09-15 13:30:22.313 JST" Interest="28.0" Kind="edit" Navigation="null" OriginId="org.eclipse.jdt.ui.CompilationUnitEditor" StartDate="2014-09-15 13:26:25.136 JST" StructureHandle="=SL3/src&amp;lt;sl.listeners.dialog{DB_OCL.java[DB_OCL~onClick~QView;" StructureKind="java" NumEvents="28" CreationCount="1694"/><InteractionEvent Delta="null" EndDate="2014-09-15 14:31:57.351 JST" Interest="664.01697" Kind="propagation" Navigation="null" OriginId="org.eclipse.jdt.ui.PackageExplorer" StartDate="2014-09-15 11:30:12.44 JST" StructureHandle="/SL3/src/sl/listeners/dialog" StructureKind="resource" NumEvents="665" CreationCount="157"/><InteractionEvent Delta="null" EndDate="2014-09-15 11:27:00.993 JST" Interest="2.0" Kind="selection" Navigation="null" OriginId="org.eclipse.jdt.ui.CompilationUnitEditor" StartDate="2014-09-15 11:25:11.949 JST" StructureHandle="=TA2/src&amp;lt;ta2.utils{CONS.java[CONS[DB^dPath_dbFile_Backup" StructureKind="java" NumEvents="2" CreationCount="33"/><InteractionEvent Delta="null" EndDate="2014-09-15 13:38:50.662 JST" Interest="23.0" Kind="selection" Navigation="null" OriginId="org.eclipse.jdt.ui.CompilationUnitEditor" StartDate="2014-09-15 11:25:56.643 JST" StructureHandle="=SL3/src&amp;lt;sl.utils{CONS.java" StructureKind="java" NumEvents="23" CreationCount="62"/><InteractionEvent Delta="null" EndDate="2014-09-15 13:38:39.304 JST" Interest="4.321001" Kind="manipulation" Navigation="null" OriginId="org.eclipse.mylyn.core.model.interest.decay.correction" StartDate="2014-09-15 13:20:51.998 JST" StructureHandle="=SL3/src&amp;lt;sl.utils{CONS.java" StructureKind="java" NumEvents="3" CreationCount="62"/><InteractionEvent Delta="null" EndDate="2014-09-15 13:38:54.423 JST" Interest="8.829004" Kind="propagation" Navigation="org.eclipse.mylyn.core.model.edges.containment" OriginId="org.eclipse.mylyn.core.model.interest.propagation" StartDate="2014-09-15 11:25:57.437 JST" StructureHandle="=SL3/src&amp;lt;sl.utils{CONS.java" StructureKind="java" NumEvents="21" CreationCount="62"/><InteractionEvent Delta="null" EndDate="2014-09-15 11:30:12.44 JST" Interest="1.0" Kind="selection" Navigation="null" OriginId="org.eclipse.jdt.ui.PackageExplorer" StartDate="2014-09-15 11:30:12.44 JST" StructureHandle="=SL3/src&amp;lt;sl.listeners.dialog" StructureKind="java"/><InteractionEvent Delta="null" EndDate="2014-09-15 13:36:27.792 JST" Interest="144.749" Kind="propagation" Navigation="org.eclipse.mylyn.core.model.edges.containment" OriginId="org.eclipse.mylyn.core.model.interest.propagation" StartDate="2014-09-15 11:30:14.736 JST" StructureHandle="=SL3/src&amp;lt;sl.listeners.dialog" StructureKind="java" NumEvents="211" CreationCount="157"/><InteractionEvent Delta="null" EndDate="2014-09-15 13:38:45.9 JST" Interest="3.0" Kind="selection" Navigation="null" OriginId="org.eclipse.jdt.ui.CompilationUnitEditor" StartDate="2014-09-15 11:50:19.250 JST" StructureHandle="=SL3/src&amp;lt;sl.utils{CONS.java[CONS[DB^col_Types_SI_full" StructureKind="java" NumEvents="3" CreationCount="600"/><InteractionEvent Delta="null" EndDate="2014-09-15 11:51:27.951 JST" Interest="7.0" Kind="edit" Navigation="null" OriginId="org.eclipse.jdt.ui.CompilationUnitEditor" StartDate="2014-09-15 11:50:22.581 JST" StructureHandle="=SL3/src&amp;lt;sl.utils{CONS.java[CONS[DB^col_Types_SI_full" StructureKind="java" NumEvents="7" CreationCount="600"/><InteractionEvent Delta="null" EndDate="2014-09-15 13:38:45.9 JST" Interest="17.087002" Kind="manipulation" Navigation="null" OriginId="org.eclipse.mylyn.core.model.interest.decay.correction" StartDate="2014-09-15 13:38:45.9 JST" StructureHandle="=SL3/src&amp;lt;sl.utils{CONS.java[CONS[DB^col_Types_SI_full" StructureKind="java"/><InteractionEvent Delta="null" EndDate="2014-09-15 12:06:55.849 JST" Interest="50.0" Kind="propagation" Navigation="null" OriginId="org.eclipse.jdt.ui.CompilationUnitEditor" StartDate="2014-09-15 11:41:54.215 JST" StructureHandle="/SL3/src/sl/main/TabActv.java" StructureKind="resource" NumEvents="50" CreationCount="514"/><InteractionEvent Delta="null" EndDate="2014-09-15 13:36:28.6 JST" Interest="444.0" Kind="propagation" Navigation="null" OriginId="org.eclipse.jdt.ui.CompilationUnitEditor" StartDate="2014-09-15 11:30:14.735 JST" StructureHandle="/SL3/src/sl/listeners/dialog/DOI_CL.java" StructureKind="resource" NumEvents="444" CreationCount="158"/><InteractionEvent Delta="null" EndDate="2014-09-15 13:20:34.104 JST" Interest="6.0" Kind="selection" Navigation="null" OriginId="org.eclipse.jdt.ui.CompilationUnitEditor" StartDate="2014-09-15 11:44:00.359 JST" StructureHandle="=SL3/src&amp;lt;sl.utils{Methods.java[Methods~opt_ActvTab_CreateTables~QActivity;~QDialog;~QDialog;~QDialog;~QString;" StructureKind="java" NumEvents="6" CreationCount="568"/><InteractionEvent Delta="null" EndDate="2014-09-15 13:20:37.53 JST" Interest="17.0" Kind="edit" Navigation="null" OriginId="org.eclipse.jdt.ui.CompilationUnitEditor" StartDate="2014-09-15 11:44:01.212 JST" StructureHandle="=SL3/src&amp;lt;sl.utils{Methods.java[Methods~opt_ActvTab_CreateTables~QActivity;~QDialog;~QDialog;~QDialog;~QString;" StructureKind="java" NumEvents="17" CreationCount="568"/><InteractionEvent Delta="null" EndDate="2014-09-15 13:20:34.104 JST" Interest="0.8200016" Kind="manipulation" Navigation="null" OriginId="org.eclipse.mylyn.core.model.interest.decay.correction" StartDate="2014-09-15 13:20:34.104 JST" StructureHandle="=SL3/src&amp;lt;sl.utils{Methods.java[Methods~opt_ActvTab_CreateTables~QActivity;~QDialog;~QDialog;~QDialog;~QString;" StructureKind="java"/><InteractionEvent Delta="null" EndDate="2014-09-15 13:38:54.422 JST" Interest="9.0" Kind="selection" Navigation="null" OriginId="org.eclipse.ui.views.ContentOutline" StartDate="2014-09-15 11:50:47.907 JST" StructureHandle="=SL3/src&amp;lt;sl.utils{CONS.java[CONS[DB^col_Names_SI_full" StructureKind="java" NumEvents="9" CreationCount="612"/><InteractionEvent Delta="null" EndDate="2014-09-15 11:51:06.401 JST" Interest="6.0" Kind="edit" Navigation="null" OriginId="org.eclipse.jdt.ui.CompilationUnitEditor" StartDate="2014-09-15 11:50:48.920 JST" StructureHandle="=SL3/src&amp;lt;sl.utils{CONS.java[CONS[DB^col_Names_SI_full" StructureKind="java" NumEvents="6" CreationCount="612"/><InteractionEvent Delta="null" EndDate="2014-09-15 13:38:47.975 JST" Interest="13.600001" Kind="manipulation" Navigation="null" OriginId="org.eclipse.mylyn.core.model.interest.decay.correction" StartDate="2014-09-15 13:38:47.975 JST" StructureHandle="=SL3/src&amp;lt;sl.utils{CONS.java[CONS[DB^col_Names_SI_full" StructureKind="java"/><InteractionEvent Delta="null" EndDate="2014-09-15 12:08:10.136 JST" Interest="2.0" Kind="selection" Navigation="null" OriginId="org.eclipse.jdt.ui.CompilationUnitEditor" StartDate="2014-09-15 12:08:10.134 JST" StructureHandle="=SL3/src&amp;lt;sl.utils{Methods_dlg.java#android.widget.ImageButton" StructureKind="java" NumEvents="2" CreationCount="1201"/><InteractionEvent Delta="null" EndDate="2014-09-15 14:31:59.160 JST" Interest="1146.017" Kind="propagation" Navigation="org.eclipse.mylyn.core.model.edges.containment" OriginId="org.eclipse.mylyn.core.model.interest.propagation" StartDate="2014-09-15 11:23:16.361 JST" StructureHandle="/SL3/src/sl" StructureKind="resource" NumEvents="1148" CreationCount="3"/><InteractionEvent Delta="null" EndDate="2014-09-15 11:35:54.229 JST" Interest="1.0" Kind="selection" Navigation="null" OriginId="org.eclipse.jdt.ui.CompilationUnitEditor" StartDate="2014-09-15 11:35:54.229 JST" StructureHandle="=SL3/src&amp;lt;sl.listeners.dialog{DOI_CL.java[DOI_CL" StructureKind="java"/><InteractionEvent Delta="null" EndDate="2014-09-15 11:35:54.231 JST" Interest="1.0" Kind="edit" Navigation="null" OriginId="org.eclipse.jdt.ui.CompilationUnitEditor" StartDate="2014-09-15 11:35:54.231 JST" StructureHandle="=SL3/src&amp;lt;sl.listeners.dialog{DOI_CL.java[DOI_CL" StructureKind="java"/><InteractionEvent Delta="null" EndDate="2014-09-15 13:36:28.6 JST" Interest="142.98099" Kind="propagation" Navigation="org.eclipse.mylyn.core.model.edges.containment" OriginId="org.eclipse.mylyn.core.model.interest.propagation" StartDate="2014-09-15 11:30:17.373 JST" StructureHandle="=SL3/src&amp;lt;sl.listeners.dialog{DOI_CL.java[DOI_CL" StructureKind="java" NumEvents="198" CreationCount="161"/><InteractionEvent Delta="null" EndDate="2014-09-15 13:26:22.467 JST" Interest="5.0" Kind="selection" Navigation="null" OriginId="org.eclipse.jdt.ui.CompilationUnitEditor" StartDate="2014-09-15 12:09:29.520 JST" StructureHandle="=SL3/src&amp;lt;sl.listeners.dialog{DB_OCL.java[DB_OCL~DB_OCL~QActivity;~QDialog;~QDialog;~QDialog;~QDialog;" StructureKind="java" NumEvents="5" CreationCount="1244"/><InteractionEvent Delta="null" EndDate="2014-09-15 12:10:12.474 JST" Interest="20.0" Kind="edit" Navigation="null" OriginId="org.eclipse.jdt.ui.CompilationUnitEditor" StartDate="2014-09-15 12:09:30.355 JST" StructureHandle="=SL3/src&amp;lt;sl.listeners.dialog{DB_OCL.java[DB_OCL~DB_OCL~QActivity;~QDialog;~QDialog;~QDialog;~QDialog;" StructureKind="java" NumEvents="20" CreationCount="1244"/><InteractionEvent Delta="null" EndDate="2014-09-15 13:38:54.422 JST" Interest="115.0" Kind="propagation" Navigation="null" OriginId="org.eclipse.ui.views.ContentOutline" StartDate="2014-09-15 11:25:56.643 JST" StructureHandle="/SL3/src/sl/utils/CONS.java" StructureKind="resource" NumEvents="115" CreationCount="62"/><InteractionEvent Delta="null" EndDate="2014-09-15 13:25:51.952 JST" Interest="42.0" Kind="propagation" Navigation="null" OriginId="org.eclipse.jdt.ui.CompilationUnitEditor" StartDate="2014-09-15 12:08:35.199 JST" StructureHandle="/SL3/src/sl/listeners/dialog/DB_OTL.java" StructureKind="resource" NumEvents="42" CreationCount="1219"/><InteractionEvent Delta="null" EndDate="2014-09-15 12:13:07.667 JST" Interest="3.0" Kind="selection" Navigation="null" OriginId="org.eclipse.jdt.ui.CompilationUnitEditor" StartDate="2014-09-15 12:13:07.527 JST" StructureHandle="=SL3/src&amp;lt;sl.utils{Methods_dlg.java[Methods_dlg~dlg_template_okCancel_3Dialogues~QActivity;~I~I~I~I~I~QDialogTags;~QDialogTags;~QDialogTags;~QDialog;~QDialog;" StructureKind="java" NumEvents="3" CreationCount="1373"/><InteractionEvent Delta="null" EndDate="2014-09-15 12:13:18.113 JST" Interest="14.0" Kind="edit" Navigation="null" OriginId="org.eclipse.jdt.ui.CompilationUnitEditor" StartDate="2014-09-15 12:13:08.127 JST" StructureHandle="=SL3/src&amp;lt;sl.utils{Methods_dlg.java[Methods_dlg~dlg_template_okCancel_3Dialogues~QActivity;~I~I~I~I~I~QDialogTags;~QDialogTags;~QDialogTags;~QDialog;~QDialog;" StructureKind="java" NumEvents="14" CreationCount="1373"/><InteractionEvent Delta="null" EndDate="2014-09-15 13:35:21.332 JST" Interest="2.0" Kind="selection" Navigation="null" OriginId="org.eclipse.jdt.ui.CompilationUnitEditor" StartDate="2014-09-15 13:19:29.111 JST" StructureHandle="=SL3/src&amp;lt;sl.utils{Methods.java[Methods~dlg_confirmTableDrop~QActivity;~QDialog;~QString;" StructureKind="java" NumEvents="2" CreationCount="1511"/><InteractionEvent Delta="null" EndDate="2014-09-15 13:35:21.332 JST" Interest="5.6980004" Kind="manipulation" Navigation="null" OriginId="org.eclipse.mylyn.core.model.interest.decay.correction" StartDate="2014-09-15 13:35:21.332 JST" StructureHandle="=SL3/src&amp;lt;sl.utils{Methods.java[Methods~dlg_confirmTableDrop~QActivity;~QDialog;~QString;" StructureKind="java"/><InteractionEvent Delta="null" EndDate="2014-09-15 13:36:34.283 JST" Interest="6.0" Kind="selection" Navigation="null" OriginId="org.eclipse.jdt.ui.CompilationUnitEditor" StartDate="2014-09-15 13:27:45.919 JST" StructureHandle="=SL3/src&amp;lt;sl.listeners.dialog{DB_OCL.java[DB_OCL~case_ACTV_TAB_OPT_DROP_TABLE_SI" StructureKind="java" NumEvents="6" CreationCount="1747"/><InteractionEvent Delta="null" EndDate="2014-09-15 13:38:37.782 JST" Interest="89.0" Kind="edit" Navigation="null" OriginId="org.eclipse.jdt.ui.CompilationUnitEditor" StartDate="2014-09-15 13:27:46.760 JST" StructureHandle="=SL3/src&amp;lt;sl.listeners.dialog{DB_OCL.java[DB_OCL~case_ACTV_TAB_OPT_DROP_TABLE_SI" StructureKind="java" NumEvents="89" CreationCount="1747"/><InteractionEvent Delta="null" EndDate="2014-09-15 11:23:20.643 JST" Interest="1.0" Kind="selection" Navigation="null" OriginId="org.eclipse.ui.views.ContentOutline" StartDate="2014-09-15 11:23:20.643 JST" StructureHandle="=SL3/src&amp;lt;sl.utils{Methods.java%sl.utils" StructureKind="java"/><InteractionEvent Delta="null" EndDate="2014-09-15 12:04:36.251 JST" Interest="10.0" Kind="selection" Navigation="null" OriginId="org.eclipse.jdt.ui.CompilationUnitEditor" StartDate="2014-09-15 11:41:56.67 JST" StructureHandle="=SL3/src&amp;lt;sl.main{TabActv.java[TabActv~onCreate~QBundle;" StructureKind="java" NumEvents="10" CreationCount="516"/><InteractionEvent Delta="null" EndDate="2014-09-15 12:04:30.13 JST" Interest="13.0" Kind="edit" Navigation="null" OriginId="org.eclipse.jdt.ui.CompilationUnitEditor" StartDate="2014-09-15 11:41:59.331 JST" StructureHandle="=SL3/src&amp;lt;sl.main{TabActv.java[TabActv~onCreate~QBundle;" StructureKind="java" NumEvents="13" CreationCount="516"/><InteractionEvent Delta="null" EndDate="2014-09-15 13:23:39.530 JST" Interest="2.0" Kind="selection" Navigation="null" OriginId="org.eclipse.jdt.ui.CompilationUnitEditor" StartDate="2014-09-15 13:23:28.468 JST" StructureHandle="=SL3/src&amp;lt;sl.utils{Tags.java[Tags[DialogTags^GENERIC_DISMISS_4TH_DIALOG" StructureKind="java" NumEvents="2" CreationCount="1612"/><InteractionEvent Delta="null" EndDate="2014-09-15 14:31:57.351 JST" Interest="178.0" Kind="propagation" Navigation="null" OriginId="org.eclipse.jdt.ui.PackageExplorer" StartDate="2014-09-15 12:09:28.525 JST" StructureHandle="/SL3/src/sl/listeners/dialog/DB_OCL.java" StructureKind="resource" NumEvents="178" CreationCount="1243"/><InteractionEvent Delta="null" EndDate="2014-09-15 11:23:22.693 JST" Interest="3.0" Kind="selection" Navigation="null" OriginId="org.eclipse.jdt.ui.CompilationUnitEditor" StartDate="2014-09-15 11:23:21.694 JST" StructureHandle="=SL3/src&amp;lt;sl.utils{Methods.java[Methods~dlg_createTable_isInputEmpty~QActivity;~QDialog;" StructureKind="java" NumEvents="3" CreationCount="7"/><InteractionEvent Delta="null" EndDate="2014-09-15 11:49:48.446 JST" Interest="3.0" Kind="selection" Navigation="null" OriginId="org.eclipse.jdt.ui.CompilationUnitEditor" StartDate="2014-09-15 11:41:11.146 JST" StructureHandle="=SL3/src&amp;lt;sl.utils{CONS.java[CONS[DB^tname_purchaseSchedule" StructureKind="java" NumEvents="3" CreationCount="503"/><InteractionEvent Delta="null" EndDate="2014-09-15 11:42:21.309 JST" Interest="3.0" Kind="edit" Navigation="null" OriginId="org.eclipse.jdt.ui.CompilationUnitEditor" StartDate="2014-09-15 11:41:13.433 JST" StructureHandle="=SL3/src&amp;lt;sl.utils{CONS.java[CONS[DB^tname_purchaseSchedule" StructureKind="java" NumEvents="3" CreationCount="503"/><InteractionEvent Delta="null" EndDate="2014-09-15 11:33:48.695 JST" Interest="2.0" Kind="selection" Navigation="null" OriginId="org.eclipse.jdt.ui.CompilationUnitEditor" StartDate="2014-09-15 11:31:36.559 JST" StructureHandle="=SL3/src&amp;lt;sl.utils{Methods.java[Methods~getTimeLabel_V2~J~I" StructureKind="java" NumEvents="2" CreationCount="201"/><InteractionEvent Delta="null" EndDate="2014-09-15 11:33:48.695 JST" Interest="0.2750001" Kind="manipulation" Navigation="null" OriginId="org.eclipse.mylyn.core.model.interest.decay.correction" StartDate="2014-09-15 11:33:48.695 JST" StructureHandle="=SL3/src&amp;lt;sl.utils{Methods.java[Methods~getTimeLabel_V2~J~I" StructureKind="java"/><InteractionEvent Delta="null" EndDate="2014-09-15 12:03:11.995 JST" Interest="1.0" Kind="selection" Navigation="null" OriginId="org.eclipse.ui.views.ResourceNavigator" StartDate="2014-09-15 12:03:11.995 JST" StructureHandle="/TA2/res/values" StructureKind="resource"/><InteractionEvent Delta="null" EndDate="2014-09-15 13:19:36.780 JST" Interest="14.417" Kind="propagation" Navigation="org.eclipse.mylyn.core.model.edges.containment" OriginId="org.eclipse.mylyn.core.model.interest.propagation" StartDate="2014-09-15 12:03:13.294 JST" StructureHandle="/TA2/res/values" StructureKind="resource" NumEvents="19" CreationCount="990"/><InteractionEvent Delta="null" EndDate="2014-09-15 14:31:59.160 JST" Interest="1146.017" Kind="propagation" Navigation="null" OriginId="org.eclipse.ui.views.ContentOutline" StartDate="2014-09-15 11:23:16.360 JST" StructureHandle="/SL3/src/sl/utils" StructureKind="resource" NumEvents="1147" CreationCount="3"/><InteractionEvent Delta="null" EndDate="2014-09-15 11:27:10.886 JST" Interest="1.0" Kind="selection" Navigation="null" OriginId="org.eclipse.jdt.ui.CompilationUnitEditor" StartDate="2014-09-15 11:27:10.886 JST" StructureHandle="=SL3/src&amp;lt;sl.utils{CONS.java[CONS[DB^timeStamps" StructureKind="java"/><InteractionEvent Delta="null" EndDate="2014-09-15 11:57:27.85 JST" Interest="1.017" Kind="propagation" Navigation="org.eclipse.mylyn.core.model.edges.containment" OriginId="org.eclipse.mylyn.core.model.interest.propagation" StartDate="2014-09-15 11:57:23.50 JST" StructureHandle="=SL3/gen&amp;lt;sl3.main{R.java[R" StructureKind="java" NumEvents="2" CreationCount="820"/><InteractionEvent Delta="null" EndDate="2014-09-15 13:19:40.33 JST" Interest="9.0" Kind="selection" Navigation="null" OriginId="org.eclipse.jdt.ui.PackageExplorer" StartDate="2014-09-15 11:57:41.585 JST" StructureHandle="/SL3/res/values/strings.xml" StructureKind="resource" NumEvents="9" CreationCount="828"/><InteractionEvent Delta="null" EndDate="2014-09-15 12:04:27.19 JST" Interest="21.0" Kind="edit" Navigation="null" OriginId="com.android.ide.eclipse.editors.CommonXmlEditor" StartDate="2014-09-15 11:57:42.75 JST" StructureHandle="/SL3/res/values/strings.xml" StructureKind="resource" NumEvents="21" CreationCount="828"/><InteractionEvent Delta="null" EndDate="2014-09-15 13:19:46.720 JST" Interest="2.0" Kind="selection" Navigation="null" OriginId="org.eclipse.ui.views.ContentOutline" StartDate="2014-09-15 11:30:16.522 JST" StructureHandle="=SL3/src&amp;lt;sl.listeners.dialog{DOI_CL.java%sl.listeners.dialog" StructureKind="java" NumEvents="2" CreationCount="160"/><InteractionEvent Delta="null" EndDate="2014-09-15 13:19:46.720 JST" Interest="22.086" Kind="manipulation" Navigation="null" OriginId="org.eclipse.mylyn.core.model.interest.decay.correction" StartDate="2014-09-15 13:19:46.720 JST" StructureHandle="=SL3/src&amp;lt;sl.listeners.dialog{DOI_CL.java%sl.listeners.dialog" StructureKind="java"/><InteractionEvent Delta="null" EndDate="2014-09-15 11:57:27.85 JST" Interest="1.017" Kind="propagation" Navigation="org.eclipse.mylyn.core.model.edges.containment" OriginId="org.eclipse.mylyn.core.model.interest.propagation" StartDate="2014-09-15 11:57:23.50 JST" StructureHandle="=SL3/gen&amp;lt;sl3.main{R.java[R[string" StructureKind="java" NumEvents="2" CreationCount="820"/><InteractionEvent Delta="null" EndDate="2014-09-15 12:04:21.893 JST" Interest="10.0" Kind="selection" Navigation="null" OriginId="org.eclipse.jdt.ui.CompilationUnitEditor" StartDate="2014-09-15 11:24:53.847 JST" StructureHandle="=TA2/src&amp;lt;ta2.utils{Methods.java[Methods~backup_DB~QActivity;" StructureKind="java" NumEvents="10" CreationCount="24"/><InteractionEvent Delta="null" EndDate="2014-09-15 11:26:51.992 JST" Interest="14.0" Kind="edit" Navigation="null" OriginId="org.eclipse.jdt.ui.CompilationUnitEditor" StartDate="2014-09-15 11:24:53.934 JST" StructureHandle="=TA2/src&amp;lt;ta2.utils{Methods.java[Methods~backup_DB~QActivity;" StructureKind="java" NumEvents="14" CreationCount="24"/><InteractionEvent Delta="null" EndDate="2014-09-15 11:28:11.854 JST" Interest="2.0" Kind="selection" Navigation="null" OriginId="org.eclipse.jdt.ui.CompilationUnitEditor" StartDate="2014-09-15 11:27:36.462 JST" StructureHandle="=SL3/src&amp;lt;sl.utils{CONS.java[CONS[DB^fname_DB_Backup_Trunk" StructureKind="java" NumEvents="2" CreationCount="118"/><InteractionEvent Delta="null" EndDate="2014-09-15 11:27:42.50 JST" Interest="2.0" Kind="edit" Navigation="null" OriginId="org.eclipse.jdt.ui.CompilationUnitEditor" StartDate="2014-09-15 11:27:40.565 JST" StructureHandle="=SL3/src&amp;lt;sl.utils{CONS.java[CONS[DB^fname_DB_Backup_Trunk" StructureKind="java" NumEvents="2" CreationCount="118"/><InteractionEvent Delta="null" EndDate="2014-09-15 12:08:50.865 JST" Interest="1.0" Kind="selection" Navigation="null" OriginId="org.eclipse.jdt.ui.CompilationUnitEditor" StartDate="2014-09-15 12:08:50.865 JST" StructureHandle="=SL3/src&amp;lt;sl.listeners.dialog{DB_OTL.java[DB_OTL~DB_OTL~QActivity;~QDialog;~QDialog;~QDialog;" StructureKind="java"/><InteractionEvent Delta="null" EndDate="2014-09-15 13:31:15.681 JST" Interest="3.0" Kind="selection" Navigation="null" OriginId="org.eclipse.jdt.ui.CompilationUnitEditor" StartDate="2014-09-15 13:31:08.954 JST" StructureHandle="=SL3/src&amp;lt;sl.utils{Methods.java[Methods~createTable_FromDialog~QActivity;~QDialog;~QString;~\[QString;~\[QString;" StructureKind="java" NumEvents="3" CreationCount="1784"/><InteractionEvent Delta="null" EndDate="2014-09-15 11:25:39.377 JST" Interest="1.0" Kind="selection" Navigation="null" OriginId="org.eclipse.jdt.ui.CompilationUnitEditor" StartDate="2014-09-15 11:25:39.377 JST" StructureHandle="=SL3/src&amp;lt;sl.utils{Methods.java#java.io.ByteArrayInputStream" StructureKind="java"/><InteractionEvent Delta="null" EndDate="2014-09-15 12:11:10.946 JST" Interest="34.154" Kind="propagation" Navigation="org.eclipse.mylyn.core.model.edges.containment" OriginId="org.eclipse.mylyn.core.model.interest.propagation" StartDate="2014-09-15 11:23:11.226 JST" StructureHandle="=TA2/src&amp;lt;ta2.utils" StructureKind="java" NumEvents="42" CreationCount="1"/><InteractionEvent Delta="null" EndDate="2014-09-15 11:57:27.85 JST" Interest="4.0" Kind="propagation" Navigation="org.eclipse.mylyn.core.model.edges.containment" OriginId="org.eclipse.mylyn.core.model.interest.propagation" StartDate="2014-09-15 11:57:22.166 JST" StructureHandle="/SL3/gen/sl3/main" StructureKind="resource" NumEvents="4" CreationCount="818"/><InteractionEvent Delta="null" EndDate="2014-09-15 11:54:23.571 JST" Interest="1.0" Kind="selection" Navigation="null" OriginId="org.eclipse.ui.views.ContentOutline" StartDate="2014-09-15 11:54:23.571 JST" StructureHandle="=SL3/src&amp;lt;sl.utils{Methods.java[Methods~getTimeLabel_Japanese~J" StructureKind="java"/><InteractionEvent Delta="null" EndDate="2014-09-15 13:27:26.230 JST" Interest="1.0" Kind="selection" Navigation="null" OriginId="org.eclipse.jdt.ui.CompilationUnitEditor" StartDate="2014-09-15 13:27:26.230 JST" StructureHandle="=SL3/src&amp;lt;sl.listeners.dialog{DB_OCL.java[DB_OCL~case_dlg_edit_items_bt_ok" StructureKind="java"/><InteractionEvent Delta="null" EndDate="2014-09-15 13:27:26.774 JST" Interest="1.0" Kind="edit" Navigation="null" OriginId="org.eclipse.jdt.ui.CompilationUnitEditor" StartDate="2014-09-15 13:27:26.774 JST" StructureHandle="=SL3/src&amp;lt;sl.listeners.dialog{DB_OCL.java[DB_OCL~case_dlg_edit_items_bt_ok" StructureKind="java"/><InteractionEvent Delta="null" EndDate="2014-09-15 12:11:13.101 JST" Interest="9.0" Kind="selection" Navigation="null" OriginId="org.eclipse.ui.views.ContentOutline" StartDate="2014-09-15 11:56:19.13 JST" StructureHandle="=TA2/src&amp;lt;ta2.utils{Methods_dlg.java[Methods_dlg" StructureKind="java" NumEvents="9" CreationCount="762"/><InteractionEvent Delta="null" EndDate="2014-09-15 11:58:48.105 JST" Interest="1.0" Kind="edit" Navigation="null" OriginId="org.eclipse.jdt.ui.CompilationUnitEditor" StartDate="2014-09-15 11:58:48.105 JST" StructureHandle="=TA2/src&amp;lt;ta2.utils{Methods_dlg.java[Methods_dlg" StructureKind="java"/><InteractionEvent Delta="null" EndDate="2014-09-15 11:55:56.87 JST" Interest="7.2169995" Kind="propagation" Navigation="org.eclipse.mylyn.core.model.edges.containment" OriginId="org.eclipse.mylyn.core.model.interest.propagation" StartDate="2014-09-15 11:55:14.858 JST" StructureHandle="=TA2/src&amp;lt;ta2.utils{Methods_dlg.java[Methods_dlg" StructureKind="java" NumEvents="11" CreationCount="762"/><InteractionEvent Delta="null" EndDate="2014-09-15 11:53:03.762 JST" Interest="7.0" Kind="selection" Navigation="null" OriginId="org.eclipse.jdt.ui.CompilationUnitEditor" StartDate="2014-09-15 11:30:33.719 JST" StructureHandle="=SL3/src&amp;lt;sl.listeners.dialog{DOI_CL.java[DOI_CL~case_ACTV_TAB_OPT_ADMIN~QListItem;" StructureKind="java" NumEvents="7" CreationCount="169"/><InteractionEvent Delta="null" EndDate="2014-09-15 11:35:38.20 JST" Interest="46.0" Kind="edit" Navigation="null" OriginId="org.eclipse.jdt.ui.CompilationUnitEditor" StartDate="2014-09-15 11:30:34.296 JST" StructureHandle="=SL3/src&amp;lt;sl.listeners.dialog{DOI_CL.java[DOI_CL~case_ACTV_TAB_OPT_ADMIN~QListItem;" StructureKind="java" NumEvents="46" CreationCount="169"/><InteractionEvent Delta="null" EndDate="2014-09-15 13:23:30.676 JST" Interest="1.0" Kind="selection" Navigation="null" OriginId="org.eclipse.jdt.ui.CompilationUnitEditor" StartDate="2014-09-15 13:23:30.676 JST" StructureHandle="=SL3/src&amp;lt;sl.utils{Tags.java[Tags[DialogTags^GENERIC_DISMISS_ALL_3RD_DIALOG" StructureKind="java"/><InteractionEvent Delta="null" EndDate="2014-09-15 13:23:31.346 JST" Interest="1.0" Kind="edit" Navigation="null" OriginId="org.eclipse.jdt.ui.CompilationUnitEditor" StartDate="2014-09-15 13:23:31.346 JST" StructureHandle="=SL3/src&amp;lt;sl.utils{Tags.java[Tags[DialogTags^GENERIC_DISMISS_ALL_3RD_DIALOG" StructureKind="java"/><InteractionEvent Delta="null" EndDate="2014-09-15 12:01:19.302 JST" Interest="3.0" Kind="selection" Navigation="null" OriginId="org.eclipse.jdt.ui.CompilationUnitEditor" StartDate="2014-09-15 12:01:09.407 JST" StructureHandle="=SL3/src&amp;lt;sl.utils{Methods_dlg.java[Methods_dlg~dlg_ShowMessage~QActivity;~QString;" StructureKind="java" NumEvents="3" CreationCount="913"/><InteractionEvent Delta="null" EndDate="2014-09-15 11:57:27.84 JST" Interest="1.0" Kind="selection" Navigation="null" OriginId="org.eclipse.jdt.ui.CompilationUnitEditor" StartDate="2014-09-15 11:57:27.84 JST" StructureHandle="=SL3/gen&amp;lt;sl3.main{R.java[R[string^v1_tv_yomi" StructureKind="java"/><InteractionEvent Delta="null" EndDate="2014-09-15 11:49:50.420 JST" Interest="3.0" Kind="selection" Navigation="null" OriginId="org.eclipse.jdt.ui.CompilationUnitEditor" StartDate="2014-09-15 11:41:47.972 JST" StructureHandle="=SL3/src&amp;lt;sl.utils{CONS.java[CONS[DB^col_purchaseSchedule" StructureKind="java" NumEvents="3" CreationCount="510"/><InteractionEvent Delta="null" EndDate="2014-09-15 13:26:09.586 JST" Interest="1.0" Kind="selection" Navigation="null" OriginId="org.eclipse.jdt.ui.CompilationUnitEditor" StartDate="2014-09-15 13:26:09.586 JST" StructureHandle="=SL3/src&amp;lt;sl.listeners.dialog{DB_OCL.java[DB_OCL~DB_OCL~QActivity;~QDialog;~QDialog;" StructureKind="java"/><InteractionEvent Delta="null" EndDate="2014-09-15 11:25:43.526 JST" Interest="1.0" Kind="selection" Navigation="null" OriginId="org.eclipse.jdt.ui.CompilationUnitEditor" StartDate="2014-09-15 11:25:43.526 JST" StructureHandle="=SL3/src&amp;lt;sl.utils{Methods.java#android.app.Activity" StructureKind="java"/><InteractionEvent Delta="null" EndDate="2014-09-15 13:35:58.356 JST" Interest="13.0" Kind="selection" Navigation="null" OriginId="org.eclipse.jdt.ui.CompilationUnitEditor" StartDate="2014-09-15 11:25:35.581 JST" StructureHandle="=SL3/src&amp;lt;sl.utils{Methods.java[Methods" StructureKind="java" NumEvents="13" CreationCount="7"/><InteractionEvent Delta="null" EndDate="2014-09-15 11:32:08.490 JST" Interest="2.0" Kind="edit" Navigation="null" OriginId="org.eclipse.jdt.ui.CompilationUnitEditor" StartDate="2014-09-15 11:25:36.558 JST" StructureHandle="=SL3/src&amp;lt;sl.utils{Methods.java[Methods" StructureKind="java" NumEvents="2" CreationCount="7"/><InteractionEvent Delta="null" EndDate="2014-09-15 13:36:18.607 JST" Interest="103.145" Kind="propagation" Navigation="org.eclipse.mylyn.core.model.edges.containment" OriginId="org.eclipse.mylyn.core.model.interest.propagation" StartDate="2014-09-15 11:23:21.694 JST" StructureHandle="=SL3/src&amp;lt;sl.utils{Methods.java[Methods" StructureKind="java" NumEvents="145" CreationCount="7"/><InteractionEvent Delta="null" EndDate="2014-09-15 11:27:33.426 JST" Interest="2.0" Kind="selection" Navigation="null" OriginId="org.eclipse.jdt.ui.CompilationUnitEditor" StartDate="2014-09-15 11:27:24.553 JST" StructureHandle="=SL3/src&amp;lt;sl.utils{CONS.java[CONS[DB" StructureKind="java" NumEvents="2" CreationCount="63"/><InteractionEvent Delta="null" EndDate="2014-09-15 13:38:54.422 JST" Interest="34.133003" Kind="propagation" Navigation="org.eclipse.mylyn.core.model.edges.containment" OriginId="org.eclipse.mylyn.core.model.interest.propagation" StartDate="2014-09-15 11:25:57.437 JST" StructureHandle="=SL3/src&amp;lt;sl.utils{CONS.java[CONS[DB" StructureKind="java" NumEvents="34" CreationCount="63"/><InteractionEvent Delta="null" EndDate="2014-09-15 11:41:45.364 JST" Interest="1.0" Kind="propagation" Navigation="null" OriginId="org.eclipse.search.ui.views.SearchView" StartDate="2014-09-15 11:41:45.364 JST" StructureHandle="/SL3/src/sl/utils/DBUtils.java" StructureKind="resource"/><InteractionEvent Delta="null" EndDate="2014-09-15 11:57:27.85 JST" Interest="4.0" Kind="propagation" Navigation="null" OriginId="org.eclipse.jdt.ui.CompilationUnitEditor" StartDate="2014-09-15 11:57:22.166 JST" StructureHandle="/SL3/gen/sl3/main/R.java" StructureKind="resource" NumEvents="4" CreationCount="818"/><InteractionEvent Delta="null" EndDate="2014-09-15 11:57:27.85 JST" Interest="4.0" Kind="propagation" Navigation="org.eclipse.mylyn.core.model.edges.containment" OriginId="org.eclipse.mylyn.core.model.interest.propagation" StartDate="2014-09-15 11:57:22.167 JST" StructureHandle="/SL3/gen" StructureKind="resource" NumEvents="4" CreationCount="818"/><InteractionEvent Delta="null" EndDate="2014-09-15 11:41:35.472 JST" Interest="1.0" Kind="propagation" Navigation="null" OriginId="org.eclipse.search.ui.views.SearchView" StartDate="2014-09-15 11:41:35.472 JST" StructureHandle="/SL3/src/sl/main/MainActv.java" StructureKind="resource"/><InteractionEvent Delta="null" EndDate="2014-09-15 13:38:43.613 JST" Interest="4.0" Kind="selection" Navigation="null" OriginId="org.eclipse.jdt.ui.CompilationUnitEditor" StartDate="2014-09-15 11:50:06.900 JST" StructureHandle="=SL3/src&amp;lt;sl.utils{CONS.java[CONS[DB^col_Types_SI" StructureKind="java" NumEvents="4" CreationCount="596"/><InteractionEvent Delta="null" EndDate="2014-09-15 11:51:16.600 JST" Interest="9.0" Kind="edit" Navigation="null" OriginId="org.eclipse.jdt.ui.CompilationUnitEditor" StartDate="2014-09-15 11:50:07.929 JST" StructureHandle="=SL3/src&amp;lt;sl.utils{CONS.java[CONS[DB^col_Types_SI" StructureKind="java" NumEvents="9" CreationCount="596"/><InteractionEvent Delta="null" EndDate="2014-09-15 13:38:43.613 JST" Interest="14.738003" Kind="manipulation" Navigation="null" OriginId="org.eclipse.mylyn.core.model.interest.decay.correction" StartDate="2014-09-15 13:38:43.613 JST" StructureHandle="=SL3/src&amp;lt;sl.utils{CONS.java[CONS[DB^col_Types_SI" StructureKind="java"/><InteractionEvent Delta="null" EndDate="2014-09-15 11:57:22.281 JST" Interest="2.0" Kind="propagation" Navigation="org.eclipse.mylyn.core.model.edges.containment" OriginId="org.eclipse.mylyn.core.model.interest.propagation" StartDate="2014-09-15 11:57:22.167 JST" StructureHandle="=SL3/gen&amp;lt;sl3.main" StructureKind="java" NumEvents="2" CreationCount="818"/><InteractionEvent Delta="null" EndDate="2014-09-15 12:11:30.385 JST" Interest="115.0" Kind="propagation" Navigation="null" OriginId="org.eclipse.jdt.ui.CompilationUnitEditor" StartDate="2014-09-15 11:23:11.225 JST" StructureHandle="/TA2/src" StructureKind="resource" NumEvents="115" CreationCount="1"/><InteractionEvent Delta="null" EndDate="2014-09-15 13:25:39.709 JST" Interest="6.0" Kind="selection" Navigation="null" OriginId="org.eclipse.jdt.ui.CompilationUnitEditor" StartDate="2014-09-15 12:08:35.199 JST" StructureHandle="=SL3/src&amp;lt;sl.listeners.dialog{DB_OTL.java" StructureKind="java" NumEvents="6" CreationCount="1219"/><InteractionEvent Delta="null" EndDate="2014-09-15 13:25:51.952 JST" Interest="16.457" Kind="propagation" Navigation="org.eclipse.mylyn.core.model.edges.containment" OriginId="org.eclipse.mylyn.core.model.interest.propagation" StartDate="2014-09-15 12:08:36.174 JST" StructureHandle="=SL3/src&amp;lt;sl.listeners.dialog{DB_OTL.java" StructureKind="java" NumEvents="26" CreationCount="1219"/><InteractionEvent Delta="null" EndDate="2014-09-15 12:11:28.432 JST" Interest="1.0" Kind="selection" Navigation="null" OriginId="org.eclipse.ui.views.ContentOutline" StartDate="2014-09-15 12:11:28.432 JST" StructureHandle="=TA2/src&amp;lt;ta2.utils{Methods_dlg.java[Methods_dlg~dlg_Tmpl_OkCancel_ThirdDialog~QActivity;~I~I~I~I~QTags.DialogTags;~QTags.DialogTags;~QDialog;~QDialog;" StructureKind="java"/><InteractionEvent Delta="null" EndDate="2014-09-15 12:11:30.383 JST" Interest="3.0" Kind="edit" Navigation="null" OriginId="org.eclipse.jdt.ui.CompilationUnitEditor" StartDate="2014-09-15 12:11:29.765 JST" StructureHandle="=TA2/src&amp;lt;ta2.utils{Methods_dlg.java[Methods_dlg~dlg_Tmpl_OkCancel_ThirdDialog~QActivity;~I~I~I~I~QTags.DialogTags;~QTags.DialogTags;~QDialog;~QDialog;" StructureKind="java" NumEvents="3" CreationCount="1325"/><InteractionEvent Delta="null" EndDate="2014-09-15 12:11:30.385 JST" Interest="115.0" Kind="propagation" Navigation="org.eclipse.mylyn.core.model.edges.containment" OriginId="org.eclipse.mylyn.core.model.interest.propagation" StartDate="2014-09-15 11:23:11.225 JST" StructureHandle="=TA2" StructureKind="resource" NumEvents="115" CreationCount="1"/><InteractionEvent Delta="null" EndDate="2014-09-15 13:25:51.951 JST" Interest="22.439999" Kind="propagation" Navigation="org.eclipse.mylyn.core.model.edges.containment" OriginId="org.eclipse.mylyn.core.model.interest.propagation" StartDate="2014-09-15 12:08:36.174 JST" StructureHandle="=SL3/src&amp;lt;sl.listeners.dialog{DB_OTL.java[DB_OTL" StructureKind="java" NumEvents="31" CreationCount="1220"/><InteractionEvent Delta="null" EndDate="2014-09-15 12:07:56.684 JST" Interest="1.0" Kind="selection" Navigation="null" OriginId="org.eclipse.ui.views.ContentOutline" StartDate="2014-09-15 12:07:56.684 JST" StructureHandle="=TA2/src&amp;lt;ta2.utils{Methods_dlg.java[Methods_dlg~dlg_Template_Cancel_4thDialog~QActivity;~QDialog;~QDialog;~QDialog;~I~I~I~QTags.DialogTags;" StructureKind="java"/><InteractionEvent Delta="null" EndDate="2014-09-15 12:08:03.385 JST" Interest="4.0" Kind="edit" Navigation="null" OriginId="org.eclipse.jdt.ui.CompilationUnitEditor" StartDate="2014-09-15 12:07:57.746 JST" StructureHandle="=TA2/src&amp;lt;ta2.utils{Methods_dlg.java[Methods_dlg~dlg_Template_Cancel_4thDialog~QActivity;~QDialog;~QDialog;~QDialog;~I~I~I~QTags.DialogTags;" StructureKind="java" NumEvents="4" CreationCount="1188"/><InteractionEvent Delta="null" EndDate="2014-09-15 14:31:54.372 JST" Interest="1.0" Kind="prediction" Navigation="null" OriginId="org.eclipse.mylyn.resources.ui.interest.updater" StartDate="2014-09-15 14:31:54.372 JST" StructureHandle="=SL3/src&amp;lt;sl.utils{Tags.java" StructureKind="java"/><InteractionEvent Delta="null" EndDate="2014-09-15 13:23:27.647 JST" Interest="3.0" Kind="selection" Navigation="null" OriginId="org.eclipse.jdt.ui.CompilationUnitEditor" StartDate="2014-09-15 11:59:19.876 JST" StructureHandle="=SL3/src&amp;lt;sl.utils{Tags.java" StructureKind="java" NumEvents="3" CreationCount="869"/><InteractionEvent Delta="null" EndDate="2014-09-15 13:23:27.647 JST" Interest="10.546001" Kind="manipulation" Navigation="null" OriginId="org.eclipse.mylyn.core.model.interest.decay.correction" StartDate="2014-09-15 12:06:17.867 JST" StructureHandle="=SL3/src&amp;lt;sl.utils{Tags.java" StructureKind="java" NumEvents="2" CreationCount="869"/><InteractionEvent Delta="null" EndDate="2014-09-15 13:23:48.438 JST" Interest="5.5360003" Kind="propagation" Navigation="org.eclipse.mylyn.core.model.edges.containment" OriginId="org.eclipse.mylyn.core.model.interest.propagation" StartDate="2014-09-15 11:59:20.664 JST" StructureHandle="=SL3/src&amp;lt;sl.utils{Tags.java" StructureKind="java" NumEvents="12" CreationCount="869"/><InteractionEvent Delta="null" EndDate="2014-09-15 11:26:15.923 JST" Interest="1.0" Kind="selection" Navigation="null" OriginId="org.eclipse.jdt.ui.CompilationUnitEditor" StartDate="2014-09-15 11:26:15.923 JST" StructureHandle="=SL3/src&amp;lt;sl.utils{CONS.java[CONS[DB^tname_stores" StructureKind="java"/><InteractionEvent Delta="null" EndDate="2014-09-15 11:27:29.839 JST" Interest="6.7030005" Kind="propagation" Navigation="org.eclipse.mylyn.core.model.edges.containment" OriginId="org.eclipse.mylyn.core.model.interest.propagation" StartDate="2014-09-15 11:25:11.950 JST" StructureHandle="=TA2/src&amp;lt;ta2.utils{CONS.java[CONS" StructureKind="java" NumEvents="8" CreationCount="33"/><InteractionEvent Delta="null" EndDate="2014-09-15 14:31:57.351 JST" Interest="14.0" Kind="selection" Navigation="null" OriginId="org.eclipse.jdt.ui.PackageExplorer" StartDate="2014-09-15 12:09:28.525 JST" StructureHandle="=SL3/src&amp;lt;sl.listeners.dialog{DB_OCL.java" StructureKind="java" NumEvents="14" CreationCount="1243"/><InteractionEvent Delta="null" EndDate="2014-09-15 13:38:37.783 JST" Interest="65.868004" Kind="propagation" Navigation="org.eclipse.mylyn.core.model.edges.containment" OriginId="org.eclipse.mylyn.core.model.interest.propagation" StartDate="2014-09-15 12:09:29.521 JST" StructureHandle="=SL3/src&amp;lt;sl.listeners.dialog{DB_OCL.java" StructureKind="java" NumEvents="95" CreationCount="1243"/><InteractionEvent Delta="null" EndDate="2014-09-15 13:35:10.567 JST" Interest="3.0" Kind="selection" Navigation="null" OriginId="org.eclipse.jdt.ui.CompilationUnitEditor" StartDate="2014-09-15 13:32:52.127 JST" StructureHandle="=SL3/src&amp;lt;sl.utils{Methods.java[Methods~dlg_filterList~QActivity;" StructureKind="java" NumEvents="3" CreationCount="1836"/><InteractionEvent Delta="null" EndDate="2014-09-15 13:35:11.97 JST" Interest="1.0" Kind="edit" Navigation="null" OriginId="org.eclipse.jdt.ui.CompilationUnitEditor" StartDate="2014-09-15 13:35:11.97 JST" StructureHandle="=SL3/src&amp;lt;sl.utils{Methods.java[Methods~dlg_filterList~QActivity;" StructureKind="java"/><InteractionEvent Delta="null" EndDate="2014-09-15 12:02:39.291 JST" Interest="9.0" Kind="selection" Navigation="null" OriginId="org.eclipse.jdt.ui.CompilationUnitEditor" StartDate="2014-09-15 12:01:30.990 JST" StructureHandle="=SL3/src&amp;lt;sl.utils{Methods_dlg.java[Methods_dlg~dlg_Tmpl_OkCancel_3rd_Dialogue~QActivity;~QDialog;~QDialog;~I~I~I~I~QDialogTags;~QDialogTags;" StructureKind="java" NumEvents="9" CreationCount="924"/><InteractionEvent Delta="null" EndDate="2014-09-15 12:02:34.514 JST" Interest="17.0" Kind="edit" Navigation="null" OriginId="org.eclipse.jdt.ui.CompilationUnitEditor" StartDate="2014-09-15 12:01:34.16 JST" StructureHandle="=SL3/src&amp;lt;sl.utils{Methods_dlg.java[Methods_dlg~dlg_Tmpl_OkCancel_3rd_Dialogue~QActivity;~QDialog;~QDialog;~I~I~I~I~QDialogTags;~QDialogTags;" StructureKind="java" NumEvents="17" CreationCount="924"/><InteractionEvent Delta="null" EndDate="2014-09-15 11:56:26.586 JST" Interest="1.0" Kind="selection" Navigation="null" OriginId="org.eclipse.jdt.ui.CompilationUnitEditor" StartDate="2014-09-15 11:56:26.586 JST" StructureHandle="=SL3/src&amp;lt;sl.utils{Methods_dlg.java#" StructureKind="java"/><InteractionEvent Delta="null" EndDate="2014-09-15 12:08:10.136 JST" Interest="7.868" Kind="propagation" Navigation="org.eclipse.mylyn.core.model.edges.containment" OriginId="org.eclipse.mylyn.core.model.interest.propagation" StartDate="2014-09-15 11:56:23.779 JST" StructureHandle="=SL3/src&amp;lt;sl.utils{Methods_dlg.java#" StructureKind="java" NumEvents="5" CreationCount="797"/><InteractionEvent Delta="null" EndDate="2014-09-15 13:19:38.410 JST" Interest="1.0" Kind="selection" Navigation="null" OriginId="org.eclipse.ui.views.ResourceNavigator" StartDate="2014-09-15 13:19:38.410 JST" StructureHandle="/TA2/res/drawable-hdpi" StructureKind="resource"/><InteractionEvent Delta="null" EndDate="2014-09-15 12:08:09.76 JST" Interest="3.0" Kind="selection" Navigation="null" OriginId="org.eclipse.jdt.ui.CompilationUnitEditor" StartDate="2014-09-15 11:56:23.779 JST" StructureHandle="=SL3/src&amp;lt;sl.utils{Methods_dlg.java#java.util.ArrayList" StructureKind="java" NumEvents="3" CreationCount="797"/><InteractionEvent Delta="null" EndDate="2014-09-15 12:08:09.73 JST" Interest="5.8170004" Kind="manipulation" Navigation="null" OriginId="org.eclipse.mylyn.core.model.interest.decay.correction" StartDate="2014-09-15 12:08:09.73 JST" StructureHandle="=SL3/src&amp;lt;sl.utils{Methods_dlg.java#java.util.ArrayList" StructureKind="java"/><InteractionEvent Delta="null" EndDate="2014-09-15 11:55:09.715 JST" Interest="3.0" Kind="selection" Navigation="null" OriginId="org.eclipse.ui.views.ResourceNavigator" StartDate="2014-09-15 11:24:47.826 JST" StructureHandle="=TA2/src&amp;lt;ta2.adapters" StructureKind="java" NumEvents="3" CreationCount="19"/><InteractionEvent Delta="null" EndDate="2014-09-15 11:55:09.716 JST" Interest="10.5460005" Kind="manipulation" Navigation="null" OriginId="org.eclipse.mylyn.core.model.interest.decay.correction" StartDate="2014-09-15 11:30:06.690 JST" StructureHandle="=TA2/src&amp;lt;ta2.adapters" StructureKind="java" NumEvents="2" CreationCount="19"/><InteractionEvent Delta="null" EndDate="2014-09-15 13:26:10.574 JST" Interest="1.0" Kind="selection" Navigation="null" OriginId="org.eclipse.jdt.ui.CompilationUnitEditor" StartDate="2014-09-15 13:26:10.574 JST" StructureHandle="=SL3/src&amp;lt;sl.listeners.dialog{DB_OCL.java[DB_OCL~DB_OCL~QActivity;~QDialog;~QDialog;~QDialog;~QPS;" StructureKind="java"/><InteractionEvent Delta="null" EndDate="2014-09-15 12:03:09.553 JST" Interest="1.0" Kind="selection" Navigation="null" OriginId="org.eclipse.ui.views.ResourceNavigator" StartDate="2014-09-15 12:03:09.553 JST" StructureHandle="/TA2/res" StructureKind="resource"/><InteractionEvent Delta="null" EndDate="2014-09-15 13:19:36.780 JST" Interest="14.434" Kind="propagation" Navigation="org.eclipse.mylyn.core.model.edges.containment" OriginId="org.eclipse.mylyn.core.model.interest.propagation" StartDate="2014-09-15 12:03:11.995 JST" StructureHandle="/TA2/res" StructureKind="resource" NumEvents="20" CreationCount="989"/><InteractionEvent Delta="null" EndDate="2014-09-15 11:55:14.123 JST" Interest="1.0" Kind="selection" Navigation="null" OriginId="org.eclipse.ui.views.ContentOutline" StartDate="2014-09-15 11:55:14.123 JST" StructureHandle="=TA2/src&amp;lt;ta2.utils{Methods_dlg.java%ta2.utils" StructureKind="java"/><InteractionEvent Delta="null" EndDate="2014-09-15 13:38:50.335 JST" Interest="550.0" Kind="propagation" Navigation="null" OriginId="org.eclipse.jdt.ui.CompilationUnitEditor" StartDate="2014-09-15 11:56:10.197 JST" StructureHandle="/SL3/src/sl/utils/Methods_dlg.java" StructureKind="resource" NumEvents="550" CreationCount="785"/><InteractionEvent Delta="null" EndDate="2014-09-15 13:23:46.339 JST" Interest="5.0" Kind="selection" Navigation="null" OriginId="org.eclipse.jdt.ui.CompilationUnitEditor" StartDate="2014-09-15 12:06:18.671 JST" StructureHandle="=SL3/src&amp;lt;sl.utils{Tags.java[Tags[DialogTags^ACTV_TAB_OPT_DROP_TABLE_SI" StructureKind="java" NumEvents="5" CreationCount="1140"/><InteractionEvent Delta="null" EndDate="2014-09-15 13:23:37.987 JST" Interest="1.0" Kind="edit" Navigation="null" OriginId="org.eclipse.jdt.ui.CompilationUnitEditor" StartDate="2014-09-15 13:23:37.987 JST" StructureHandle="=SL3/src&amp;lt;sl.utils{Tags.java[Tags[DialogTags^ACTV_TAB_OPT_DROP_TABLE_SI" StructureKind="java"/><InteractionEvent Delta="null" EndDate="2014-09-15 13:23:36.503 JST" Interest="7.075001" Kind="manipulation" Navigation="null" OriginId="org.eclipse.mylyn.core.model.interest.decay.correction" StartDate="2014-09-15 13:23:36.503 JST" StructureHandle="=SL3/src&amp;lt;sl.utils{Tags.java[Tags[DialogTags^ACTV_TAB_OPT_DROP_TABLE_SI" StructureKind="java"/><InteractionEvent Delta="null" EndDate="2014-09-15 11:34:50.890 JST" Interest="7.0" Kind="selection" Navigation="null" OriginId="org.eclipse.jdt.ui.CompilationUnitEditor" StartDate="2014-09-15 11:25:11.198 JST" StructureHandle="=TA2/src&amp;lt;ta2.utils{CONS.java" StructureKind="java" NumEvents="7" CreationCount="32"/><InteractionEvent Delta="null" EndDate="2014-09-15 11:27:22.945 JST" Interest="0.7200003" Kind="propagation" Navigation="org.eclipse.mylyn.core.model.edges.containment" OriginId="org.eclipse.mylyn.core.model.interest.propagation" StartDate="2014-09-15 11:25:11.950 JST" StructureHandle="=TA2/src&amp;lt;ta2.utils{CONS.java" StructureKind="java" NumEvents="3" CreationCount="32"/><InteractionEvent Delta="null" EndDate="2014-09-15 14:31:57.351 JST" Interest="664.01697" Kind="propagation" Navigation="org.eclipse.mylyn.core.model.edges.containment" OriginId="org.eclipse.mylyn.core.model.interest.propagation" StartDate="2014-09-15 11:30:12.44 JST" StructureHandle="/SL3/src/sl/listeners" StructureKind="resource" NumEvents="665" CreationCount="157"/><InteractionEvent Delta="null" EndDate="2014-09-15 11:27:31.788 JST" Interest="3.0" Kind="selection" Navigation="null" OriginId="org.eclipse.jdt.ui.CompilationUnitEditor" StartDate="2014-09-15 11:27:08.952 JST" StructureHandle="=SL3/src&amp;lt;sl.utils{CONS.java[CONS[DB^dirPath_db_backup" StructureKind="java" NumEvents="3" CreationCount="96"/><InteractionEvent Delta="null" EndDate="2014-09-15 11:27:29.838 JST" Interest="2.0" Kind="selection" Navigation="null" OriginId="org.eclipse.jdt.ui.CompilationUnitEditor" StartDate="2014-09-15 11:27:22.291 JST" StructureHandle="=TA2/src&amp;lt;ta2.utils{CONS.java[CONS[DB" StructureKind="java" NumEvents="2" CreationCount="33"/><InteractionEvent Delta="null" EndDate="2014-09-15 11:27:22.944 JST" Interest="1.0" Kind="edit" Navigation="null" OriginId="org.eclipse.jdt.ui.CompilationUnitEditor" StartDate="2014-09-15 11:27:22.944 JST" StructureHandle="=TA2/src&amp;lt;ta2.utils{CONS.java[CONS[DB" StructureKind="java"/><InteractionEvent Delta="null" EndDate="2014-09-15 11:27:16.912 JST" Interest="4.0030003" Kind="propagation" Navigation="org.eclipse.mylyn.core.model.edges.containment" OriginId="org.eclipse.mylyn.core.model.interest.propagation" StartDate="2014-09-15 11:25:11.950 JST" StructureHandle="=TA2/src&amp;lt;ta2.utils{CONS.java[CONS[DB" StructureKind="java" NumEvents="5" CreationCount="33"/><InteractionEvent Delta="null" EndDate="2014-09-15 12:10:13.719 JST" Interest="1.0" Kind="selection" Navigation="null" OriginId="org.eclipse.jdt.ui.CompilationUnitEditor" StartDate="2014-09-15 12:10:13.719 JST" StructureHandle="=SL3/src&amp;lt;sl.listeners.dialog{DB_OCL.java[DB_OCL^d4" StructureKind="java"/><InteractionEvent Delta="null" EndDate="2014-09-15 12:10:14.731 JST" Interest="1.0" Kind="edit" Navigation="null" OriginId="org.eclipse.jdt.ui.CompilationUnitEditor" StartDate="2014-09-15 12:10:14.731 JST" StructureHandle="=SL3/src&amp;lt;sl.listeners.dialog{DB_OCL.java[DB_OCL^d4" StructureKind="java"/><InteractionEvent Delta="null" EndDate="2014-09-15 12:01:24.297 JST" Interest="4.0" Kind="selection" Navigation="null" OriginId="org.eclipse.jdt.ui.CompilationUnitEditor" StartDate="2014-09-15 12:01:19.215 JST" StructureHandle="=SL3/src&amp;lt;sl.utils{Methods_dlg.java[Methods_dlg~dlg_template_okCancel_3Dialogues~QActivity;~I~I~I~I~QDialogTags;~QDialogTags;~QDialog;~QDialog;" StructureKind="java" NumEvents="4" CreationCount="914"/><InteractionEvent Delta="null" EndDate="2014-09-15 12:01:20.475 JST" Interest="2.0" Kind="edit" Navigation="null" OriginId="org.eclipse.jdt.ui.CompilationUnitEditor" StartDate="2014-09-15 12:01:19.805 JST" StructureHandle="=SL3/src&amp;lt;sl.utils{Methods_dlg.java[Methods_dlg~dlg_template_okCancel_3Dialogues~QActivity;~I~I~I~I~QDialogTags;~QDialogTags;~QDialog;~QDialog;" StructureKind="java" NumEvents="2" CreationCount="914"/><InteractionEvent Delta="null" EndDate="2014-09-15 13:30:22.933 JST" Interest="2.0" Kind="selection" Navigation="null" OriginId="org.eclipse.jdt.ui.CompilationUnitEditor" StartDate="2014-09-15 12:09:45.233 JST" StructureHandle="=SL3/src&amp;lt;sl.listeners.dialog{DB_OCL.java[DB_OCL" StructureKind="java" NumEvents="2" CreationCount="1244"/><InteractionEvent Delta="null" EndDate="2014-09-15 13:38:37.783 JST" Interest="74.851006" Kind="propagation" Navigation="org.eclipse.mylyn.core.model.edges.containment" OriginId="org.eclipse.mylyn.core.model.interest.propagation" StartDate="2014-09-15 12:09:29.521 JST" StructureHandle="=SL3/src&amp;lt;sl.listeners.dialog{DB_OCL.java[DB_OCL" StructureKind="java" NumEvents="104" CreationCount="1244"/><InteractionEvent Delta="null" EndDate="2014-09-15 14:31:59.159 JST" Interest="459.0" Kind="propagation" Navigation="null" OriginId="org.eclipse.ui.views.ContentOutline" StartDate="2014-09-15 11:23:18.230 JST" StructureHandle="/SL3/src/sl/utils/Methods.java" StructureKind="resource" NumEvents="459" CreationCount="4"/><InteractionEvent Delta="null" EndDate="2014-09-15 11:57:37.345 JST" Interest="1.0" Kind="selection" Navigation="null" OriginId="org.eclipse.jdt.ui.PackageExplorer" StartDate="2014-09-15 11:57:37.345 JST" StructureHandle="/SL3/res" StructureKind="resource"/><InteractionEvent Delta="null" EndDate="2014-09-15 13:19:40.33 JST" Interest="22.734" Kind="propagation" Navigation="org.eclipse.mylyn.core.model.edges.containment" OriginId="org.eclipse.mylyn.core.model.interest.propagation" StartDate="2014-09-15 11:57:40.233 JST" StructureHandle="/SL3/res" StructureKind="resource" NumEvents="31" CreationCount="826"/><InteractionEvent Delta="null" EndDate="2014-09-15 11:27:25.803 JST" Interest="1.0" Kind="selection" Navigation="null" OriginId="org.eclipse.jdt.ui.CompilationUnitEditor" StartDate="2014-09-15 11:27:25.803 JST" StructureHandle="=SL3/src&amp;lt;sl.utils{CONS.java[CONS[DB^fileName_db_backup_ext" StructureKind="java"/><InteractionEvent Delta="null" EndDate="2014-09-15 14:31:59.160 JST" Interest="1863.0339" Kind="propagation" Navigation="null" OriginId="org.eclipse.ui.views.ContentOutline" StartDate="2014-09-15 11:23:12.409 JST" StructureHandle="/SL3/src" StructureKind="resource" NumEvents="1866" CreationCount="2"/><InteractionEvent Delta="null" EndDate="2014-09-15 13:38:54.422 JST" Interest="36.133003" Kind="propagation" Navigation="org.eclipse.mylyn.core.model.edges.containment" OriginId="org.eclipse.mylyn.core.model.interest.propagation" StartDate="2014-09-15 11:25:57.437 JST" StructureHandle="=SL3/src&amp;lt;sl.utils{CONS.java[CONS" StructureKind="java" NumEvents="39" CreationCount="63"/><InteractionEvent Delta="null" EndDate="2014-09-15 13:39:15.223 JST" Interest="2.0" Kind="prediction" Navigation="null" OriginId="org.eclipse.mylyn.resources.ui.interest.updater" StartDate="2014-09-15 13:28:19.727 JST" StructureHandle="/SL3/bin/SL3.apk" StructureKind="resource" NumEvents="2" CreationCount="1761"/><InteractionEvent Delta="null" EndDate="2014-09-15 13:23:33.119 JST" Interest="2.0" Kind="selection" Navigation="null" OriginId="org.eclipse.jdt.ui.CompilationUnitEditor" StartDate="2014-09-15 11:59:20.663 JST" StructureHandle="=SL3/src&amp;lt;sl.utils{Tags.java[Tags[DialogTags^GENERIC_DISMISS_THIRD_DIALOG" StructureKind="java" NumEvents="2" CreationCount="870"/><InteractionEvent Delta="null" EndDate="2014-09-15 13:23:33.119 JST" Interest="11.648001" Kind="manipulation" Navigation="null" OriginId="org.eclipse.mylyn.core.model.interest.decay.correction" StartDate="2014-09-15 13:23:33.119 JST" StructureHandle="=SL3/src&amp;lt;sl.utils{Tags.java[Tags[DialogTags^GENERIC_DISMISS_THIRD_DIALOG" StructureKind="java"/><InteractionEvent Delta="null" EndDate="2014-09-15 12:06:55.849 JST" Interest="11.0" Kind="selection" Navigation="null" OriginId="org.eclipse.jdt.ui.CompilationUnitEditor" StartDate="2014-09-15 11:41:54.215 JST" StructureHandle="=SL3/src&amp;lt;sl.main{TabActv.java" StructureKind="java" NumEvents="11" CreationCount="514"/><InteractionEvent Delta="null" EndDate="2014-09-15 11:49:44.124 JST" Interest="11.733999" Kind="propagation" Navigation="org.eclipse.mylyn.core.model.edges.containment" OriginId="org.eclipse.mylyn.core.model.interest.propagation" StartDate="2014-09-15 11:41:56.754 JST" StructureHandle="=SL3/src&amp;lt;sl.main{TabActv.java" StructureKind="java" NumEvents="20" CreationCount="514"/><InteractionEvent Delta="null" EndDate="2014-09-15 13:38:39.537 JST" Interest="6.0" Kind="selection" Navigation="null" OriginId="org.eclipse.jdt.ui.CompilationUnitEditor" StartDate="2014-09-15 11:50:00.217 JST" StructureHandle="=SL3/src&amp;lt;sl.utils{CONS.java[CONS[DB^col_Names_SI" StructureKind="java" NumEvents="6" CreationCount="594"/><InteractionEvent Delta="null" EndDate="2014-09-15 13:20:54.89 JST" Interest="11.0" Kind="edit" Navigation="null" OriginId="org.eclipse.jdt.ui.CompilationUnitEditor" StartDate="2014-09-15 11:50:02.28 JST" StructureHandle="=SL3/src&amp;lt;sl.utils{CONS.java[CONS[DB^col_Names_SI" StructureKind="java" NumEvents="11" CreationCount="594"/><InteractionEvent Delta="null" EndDate="2014-09-15 13:38:39.537 JST" Interest="11.355003" Kind="manipulation" Navigation="null" OriginId="org.eclipse.mylyn.core.model.interest.decay.correction" StartDate="2014-09-15 13:20:52.718 JST" StructureHandle="=SL3/src&amp;lt;sl.utils{CONS.java[CONS[DB^col_Names_SI" StructureKind="java" NumEvents="3" CreationCount="594"/><InteractionEvent Delta="null" EndDate="2014-09-15 13:23:27.647 JST" Interest="8.614" Kind="manipulation" Navigation="null" OriginId="org.eclipse.mylyn.core.model.interest.decay.correction" StartDate="2014-09-15 12:06:17.868 JST" StructureHandle="/SL3/src/sl/utils/Tags.java" StructureKind="resource" NumEvents="2" CreationCount="869"/><InteractionEvent Delta="null" EndDate="2014-09-15 14:31:54.373 JST" Interest="20.0" Kind="propagation" Navigation="null" OriginId="org.eclipse.mylyn.resources.ui.interest.updater" StartDate="2014-09-15 11:59:19.877 JST" StructureHandle="/SL3/src/sl/utils/Tags.java" StructureKind="resource" NumEvents="20" CreationCount="869"/><InteractionEvent Delta="null" EndDate="2014-09-15 13:28:19.727 JST" Interest="1.0" Kind="prediction" Navigation="null" OriginId="org.eclipse.mylyn.resources.ui.interest.updater" StartDate="2014-09-15 13:28:19.727 JST" StructureHandle="/SL3/bin/resources.ap_" StructureKind="resource"/><InteractionEvent Delta="null" EndDate="2014-09-15 12:11:10.946 JST" Interest="34.154" Kind="propagation" Navigation="org.eclipse.mylyn.core.model.edges.containment" OriginId="org.eclipse.mylyn.core.model.interest.propagation" StartDate="2014-09-15 11:23:11.226 JST" StructureHandle="=TA2/src" StructureKind="java" NumEvents="42" CreationCount="1"/><InteractionEvent Delta="null" EndDate="2014-09-15 11:26:43.929 JST" Interest="4.0" Kind="selection" Navigation="null" OriginId="org.eclipse.jdt.ui.CompilationUnitEditor" StartDate="2014-09-15 11:25:27.319 JST" StructureHandle="=TA2/src&amp;lt;ta2.utils{Methods.java[Methods" StructureKind="java" NumEvents="4" CreationCount="24"/><InteractionEvent Delta="null" EndDate="2014-09-15 11:25:29.521 JST" Interest="2.0" Kind="edit" Navigation="null" OriginId="org.eclipse.jdt.ui.CompilationUnitEditor" StartDate="2014-09-15 11:25:27.322 JST" StructureHandle="=TA2/src&amp;lt;ta2.utils{Methods.java[Methods" StructureKind="java" NumEvents="2" CreationCount="24"/><InteractionEvent Delta="null" EndDate="2014-09-15 12:04:21.893 JST" Interest="14.4" Kind="propagation" Navigation="org.eclipse.mylyn.core.model.edges.containment" OriginId="org.eclipse.mylyn.core.model.interest.propagation" StartDate="2014-09-15 11:24:53.847 JST" StructureHandle="=TA2/src&amp;lt;ta2.utils{Methods.java[Methods" StructureKind="java" NumEvents="18" CreationCount="24"/><InteractionEvent Delta="null" EndDate="2014-09-15 11:52:54.255 JST" Interest="6.0" Kind="selection" Navigation="null" OriginId="org.eclipse.ui.views.ContentOutline" StartDate="2014-09-15 11:35:38.844 JST" StructureHandle="=SL3/src&amp;lt;sl.listeners.dialog{DOI_CL.java[DOI_CL~_case_ACTV_TAB_OPT_ADMIN__BackupDB~QActivity;" StructureKind="java" NumEvents="6" CreationCount="339"/><InteractionEvent Delta="null" EndDate="2014-09-15 11:40:59.222 JST" Interest="149.0" Kind="edit" Navigation="null" OriginId="org.eclipse.jdt.ui.CompilationUnitEditor" StartDate="2014-09-15 11:35:38.849 JST" StructureHandle="=SL3/src&amp;lt;sl.listeners.dialog{DOI_CL.java[DOI_CL~_case_ACTV_TAB_OPT_ADMIN__BackupDB~QActivity;" StructureKind="java" NumEvents="149" CreationCount="339"/><InteractionEvent Delta="null" EndDate="2014-09-15 11:55:09.716 JST" Interest="10.563001" Kind="manipulation" Navigation="null" OriginId="org.eclipse.mylyn.core.model.interest.decay.correction" StartDate="2014-09-15 11:30:06.690 JST" StructureHandle="/TA2/src/ta2/adapters" StructureKind="resource" NumEvents="2" CreationCount="19"/><InteractionEvent Delta="null" EndDate="2014-09-15 11:55:09.716 JST" Interest="3.0" Kind="propagation" Navigation="null" OriginId="org.eclipse.ui.views.ResourceNavigator" StartDate="2014-09-15 11:24:47.827 JST" StructureHandle="/TA2/src/ta2/adapters" StructureKind="resource" NumEvents="3" CreationCount="19"/><InteractionEvent Delta="null" EndDate="2014-09-15 13:23:48.438 JST" Interest="19.065002" Kind="propagation" Navigation="org.eclipse.mylyn.core.model.edges.containment" OriginId="org.eclipse.mylyn.core.model.interest.propagation" StartDate="2014-09-15 11:59:20.663 JST" StructureHandle="=SL3/src&amp;lt;sl.utils{Tags.java[Tags" StructureKind="java" NumEvents="12" CreationCount="870"/><InteractionEvent Delta="null" EndDate="2014-09-15 11:26:17.119 JST" Interest="2.0" Kind="selection" Navigation="null" OriginId="org.eclipse.jdt.ui.CompilationUnitEditor" StartDate="2014-09-15 11:26:14.737 JST" StructureHandle="=SL3/src&amp;lt;sl.utils{CONS.java[CONS[DB^dPath_Data_Root" StructureKind="java" NumEvents="2" CreationCount="71"/><InteractionEvent Delta="null" EndDate="2014-09-15 11:26:20.566 JST" Interest="2.0" Kind="edit" Navigation="null" OriginId="org.eclipse.jdt.ui.CompilationUnitEditor" StartDate="2014-09-15 11:26:19.256 JST" StructureHandle="=SL3/src&amp;lt;sl.utils{CONS.java[CONS[DB^dPath_Data_Root" StructureKind="java" NumEvents="2" CreationCount="71"/><InteractionEvent Delta="null" EndDate="2014-09-15 13:36:28.5 JST" Interest="25.0" Kind="selection" Navigation="null" OriginId="org.eclipse.jdt.ui.CompilationUnitEditor" StartDate="2014-09-15 11:53:06.304 JST" StructureHandle="=SL3/src&amp;lt;sl.listeners.dialog{DOI_CL.java[DOI_CL~case_ACTV_TAB_OPT_TABLES~QListItem;" StructureKind="java" NumEvents="25" CreationCount="654"/><InteractionEvent Delta="null" EndDate="2014-09-15 13:27:04.555 JST" Interest="159.0" Kind="edit" Navigation="null" OriginId="org.eclipse.jdt.ui.CompilationUnitEditor" StartDate="2014-09-15 11:53:07.73 JST" StructureHandle="=SL3/src&amp;lt;sl.listeners.dialog{DOI_CL.java[DOI_CL~case_ACTV_TAB_OPT_TABLES~QListItem;" StructureKind="java" NumEvents="159" CreationCount="654"/><InteractionEvent Delta="null" EndDate="2014-09-15 14:31:59.159 JST" Interest="17.0" Kind="selection" Navigation="null" OriginId="org.eclipse.ui.views.ContentOutline" StartDate="2014-09-15 11:36:02.925 JST" StructureHandle="=SL3/src&amp;lt;sl.utils{Methods.java[Methods~_opt_ActvTab_CreateTables__SI~QActivity;~QDialog;~QDialog;~QDialog;" StructureKind="java" NumEvents="17" CreationCount="362"/><InteractionEvent Delta="null" EndDate="2014-09-15 14:31:40.965 JST" Interest="33.0" Kind="edit" Navigation="null" OriginId="org.eclipse.jdt.ui.CompilationUnitEditor" StartDate="2014-09-15 11:36:05.611 JST" StructureHandle="=SL3/src&amp;lt;sl.utils{Methods.java[Methods~_opt_ActvTab_CreateTables__SI~QActivity;~QDialog;~QDialog;~QDialog;" StructureKind="java" NumEvents="33" CreationCount="362"/><InteractionEvent Delta="null" EndDate="2014-09-15 13:20:42.519 JST" Interest="2.973001" Kind="manipulation" Navigation="null" OriginId="org.eclipse.mylyn.core.model.interest.decay.correction" StartDate="2014-09-15 11:42:33.694 JST" StructureHandle="=SL3/src&amp;lt;sl.utils{Methods.java[Methods~_opt_ActvTab_CreateTables__SI~QActivity;~QDialog;~QDialog;~QDialog;" StructureKind="java" NumEvents="2" CreationCount="362"/></InteractionHistory>