<?xml version="1.0" encoding="UTF-8"?><InteractionHistory Id="local-52" Version="1"><InteractionEvent Delta="null" EndDate="2014-09-04 09:58:28.2 JST" Interest="2416.051" Kind="propagation" Navigation="org.eclipse.mylyn.core.model.edges.containment" OriginId="org.eclipse.mylyn.core.model.interest.propagation" StartDate="2014-09-04 08:11:00.402 JST" StructureHandle="" StructureKind="java" NumEvents="2420" CreationCount="1"/><InteractionEvent Delta="null" EndDate="2014-09-04 09:14:51.552 JST" Interest="52.306" Kind="propagation" Navigation="org.eclipse.mylyn.core.model.edges.containment" OriginId="org.eclipse.mylyn.core.model.interest.propagation" StartDate="2014-09-04 08:11:50.289 JST" StructureHandle="=IFM11/src&amp;lt;ifm11.utils{Methods_dlg.java[Methods_dlg" StructureKind="java" NumEvents="72" CreationCount="5"/><InteractionEvent Delta="null" EndDate="2014-09-04 08:19:49.502 JST" Interest="1.0" Kind="selection" Navigation="null" OriginId="org.eclipse.jdt.ui.CompilationUnitEditor" StartDate="2014-09-04 08:19:49.502 JST" StructureHandle="=IFM11/src&amp;lt;ifm11.utils{Methods_dlg.java[Methods_dlg" StructureKind="java"/><InteractionEvent Delta="null" EndDate="2014-09-04 09:04:37.897 JST" Interest="11.0" Kind="edit" Navigation="null" OriginId="org.eclipse.jdt.ui.CompilationUnitEditor" StartDate="2014-09-04 09:04:31.409 JST" StructureHandle="=IFM11/src&amp;lt;ifm11.tasks{Task_FTP.java[Task_FTP~_onPostExecute__Upload_DB~QInteger;" StructureKind="java" NumEvents="11" CreationCount="916"/><InteractionEvent Delta="null" EndDate="2014-09-04 09:04:31.403 JST" Interest="2.0" Kind="selection" Navigation="null" OriginId="org.eclipse.jdt.ui.CompilationUnitEditor" StartDate="2014-09-04 09:04:31.399 JST" StructureHandle="=IFM11/src&amp;lt;ifm11.tasks{Task_FTP.java[Task_FTP~_onPostExecute__Upload_DB~QInteger;" StructureKind="java" NumEvents="2" CreationCount="916"/><InteractionEvent Delta="null" EndDate="2014-09-04 08:31:49.300 JST" Interest="6.0" Kind="propagation" Navigation="null" OriginId="org.eclipse.jdt.ui.CompilationUnitEditor" StartDate="2014-09-04 08:31:37.838 JST" StructureHandle="/IFM11/src/ifm11/utils/CONS.java" StructureKind="resource" NumEvents="6" CreationCount="317"/><InteractionEvent Delta="null" EndDate="2014-09-04 08:50:01.805 JST" Interest="163.0" Kind="edit" Navigation="null" OriginId="org.eclipse.jdt.ui.CompilationUnitEditor" StartDate="2014-09-04 08:40:44.538 JST" StructureHandle="=IFM11/src&amp;lt;ifm11.utils{Methods.java[Methods~_ftp_MulipleImages_to_Remote__Setup_Client~QActivity;" StructureKind="java" NumEvents="163" CreationCount="508"/><InteractionEvent Delta="null" EndDate="2014-09-04 09:48:52.822 JST" Interest="15.0" Kind="selection" Navigation="null" OriginId="org.eclipse.jdt.ui.CompilationUnitEditor" StartDate="2014-09-04 08:40:41.75 JST" StructureHandle="=IFM11/src&amp;lt;ifm11.utils{Methods.java[Methods~_ftp_MulipleImages_to_Remote__Setup_Client~QActivity;" StructureKind="java" NumEvents="15" CreationCount="508"/><InteractionEvent Delta="null" EndDate="2014-09-04 09:17:01.486 JST" Interest="6.0" Kind="edit" Navigation="null" OriginId="org.eclipse.jdt.ui.CompilationUnitEditor" StartDate="2014-09-04 09:16:46.531 JST" StructureHandle="=IFM11/src&amp;lt;ifm11.utils{Methods_dlg.java[Methods_dlg~_dlg_MoveFiles__Folder__BuildList~QActivity;" StructureKind="java" NumEvents="6" CreationCount="1411"/><InteractionEvent Delta="null" EndDate="2014-09-04 09:16:57.429 JST" Interest="2.0" Kind="selection" Navigation="null" OriginId="org.eclipse.ui.views.ContentOutline" StartDate="2014-09-04 09:16:46.524 JST" StructureHandle="=IFM11/src&amp;lt;ifm11.utils{Methods_dlg.java[Methods_dlg~_dlg_MoveFiles__Folder__BuildList~QActivity;" StructureKind="java" NumEvents="2" CreationCount="1411"/><InteractionEvent Delta="null" EndDate="2014-09-04 09:58:06.539 JST" Interest="1.0" Kind="propagation" Navigation="org.eclipse.mylyn.core.model.edges.containment" OriginId="org.eclipse.mylyn.core.model.interest.propagation" StartDate="2014-09-04 09:58:06.539 JST" StructureHandle="/IFM11/res/layout" StructureKind="resource"/><InteractionEvent Delta="null" EndDate="2014-09-04 09:48:23.620 JST" Interest="448.224" Kind="propagation" Navigation="org.eclipse.mylyn.core.model.edges.containment" OriginId="org.eclipse.mylyn.core.model.interest.propagation" StartDate="2014-09-04 08:22:06.634 JST" StructureHandle="=IFM11/src&amp;lt;ifm11.utils{Methods.java[Methods" StructureKind="java" NumEvents="631" CreationCount="117"/><InteractionEvent Delta="null" EndDate="2014-09-04 09:48:55.524 JST" Interest="5.0" Kind="edit" Navigation="null" OriginId="org.eclipse.jdt.ui.CompilationUnitEditor" StartDate="2014-09-04 09:24:30.655 JST" StructureHandle="=IFM11/src&amp;lt;ifm11.utils{Methods.java[Methods" StructureKind="java" NumEvents="5" CreationCount="117"/><InteractionEvent Delta="null" EndDate="2014-09-04 09:48:53.887 JST" Interest="23.0" Kind="selection" Navigation="null" OriginId="org.eclipse.jdt.ui.CompilationUnitEditor" StartDate="2014-09-04 08:35:09.855 JST" StructureHandle="=IFM11/src&amp;lt;ifm11.utils{Methods.java[Methods" StructureKind="java" NumEvents="23" CreationCount="117"/><InteractionEvent Delta="null" EndDate="2014-09-04 08:31:49.300 JST" Interest="3.4" Kind="propagation" Navigation="org.eclipse.mylyn.core.model.edges.containment" OriginId="org.eclipse.mylyn.core.model.interest.propagation" StartDate="2014-09-04 08:31:38.548 JST" StructureHandle="=IFM11/src&amp;lt;ifm11.utils{CONS.java[CONS" StructureKind="java" NumEvents="4" CreationCount="318"/><InteractionEvent Delta="null" EndDate="2014-09-04 08:23:51.978 JST" Interest="1.0" Kind="propagation" Navigation="org.eclipse.mylyn.core.model.edges.containment" OriginId="org.eclipse.mylyn.core.model.interest.propagation" StartDate="2014-09-04 08:23:51.978 JST" StructureHandle="/IFM11/bin" StructureKind="resource"/><InteractionEvent Delta="null" EndDate="2014-09-04 09:14:33.68 JST" Interest="4.0" Kind="selection" Navigation="null" OriginId="org.eclipse.jdt.ui.CompilationUnitEditor" StartDate="2014-09-04 09:10:04.140 JST" StructureHandle="=IFM11/src&amp;lt;ifm11.listeners.dialog{DB_OCL.java[DB_OCL~case_EXEC_SQL_OK" StructureKind="java" NumEvents="4" CreationCount="1119"/><InteractionEvent Delta="null" EndDate="2014-09-04 09:14:33.67 JST" Interest="2.0800004" Kind="manipulation" Navigation="null" OriginId="org.eclipse.mylyn.core.model.interest.decay.correction" StartDate="2014-09-04 09:14:33.67 JST" StructureHandle="=IFM11/src&amp;lt;ifm11.listeners.dialog{DB_OCL.java[DB_OCL~case_EXEC_SQL_OK" StructureKind="java"/><InteractionEvent Delta="null" EndDate="2014-09-04 09:58:06.537 JST" Interest="1.0" Kind="prediction" Navigation="null" OriginId="org.eclipse.mylyn.resources.ui.interest.updater" StartDate="2014-09-04 09:58:06.537 JST" StructureHandle="/IFM11/res/values/strings.xml" StructureKind="resource"/><InteractionEvent Delta="null" EndDate="2014-09-04 09:11:49.512 JST" Interest="151.0" Kind="edit" Navigation="null" OriginId="org.eclipse.jdt.ui.CompilationUnitEditor" StartDate="2014-09-04 09:10:23.944 JST" StructureHandle="=IFM11/src&amp;lt;ifm11.tasks{Task_FTP.java[Task_FTP~onPreExecute" StructureKind="java" NumEvents="151" CreationCount="1140"/><InteractionEvent Delta="null" EndDate="2014-09-04 09:44:46.199 JST" Interest="7.0" Kind="selection" Navigation="null" OriginId="org.eclipse.jdt.ui.CompilationUnitEditor" StartDate="2014-09-04 09:10:23.352 JST" StructureHandle="=IFM11/src&amp;lt;ifm11.tasks{Task_FTP.java[Task_FTP~onPreExecute" StructureKind="java" NumEvents="7" CreationCount="1140"/><InteractionEvent Delta="null" EndDate="2014-09-04 08:24:30.211 JST" Interest="4.0" Kind="edit" Navigation="null" OriginId="org.eclipse.jdt.ui.CompilationUnitEditor" StartDate="2014-09-04 08:13:14.383 JST" StructureHandle="=IFM11/src&amp;lt;ifm11.listeners.dialog{DOI_CL.java[DOI_CL~case_DLG_MOVE_FILES~QString;" StructureKind="java" NumEvents="4" CreationCount="17"/><InteractionEvent Delta="null" EndDate="2014-09-04 08:24:25.443 JST" Interest="2.0" Kind="selection" Navigation="null" OriginId="org.eclipse.jdt.ui.CompilationUnitEditor" StartDate="2014-09-04 08:13:08.836 JST" StructureHandle="=IFM11/src&amp;lt;ifm11.listeners.dialog{DOI_CL.java[DOI_CL~case_DLG_MOVE_FILES~QString;" StructureKind="java" NumEvents="2" CreationCount="17"/><InteractionEvent Delta="null" EndDate="2014-09-04 09:58:28.0 JST" Interest="2415.051" Kind="propagation" Navigation="org.eclipse.mylyn.core.model.edges.containment" OriginId="org.eclipse.mylyn.core.model.interest.propagation" StartDate="2014-09-04 08:11:06.307 JST" StructureHandle="=IFM11" StructureKind="resource" NumEvents="2419" CreationCount="1"/><InteractionEvent Delta="null" EndDate="2014-09-04 08:11:00.401 JST" Interest="1.0" Kind="selection" Navigation="null" OriginId="org.eclipse.ui.views.ResourceNavigator" StartDate="2014-09-04 08:11:00.401 JST" StructureHandle="=IFM11" StructureKind="java"/><InteractionEvent Delta="null" EndDate="2014-09-04 09:14:42.469 JST" Interest="4.0" Kind="edit" Navigation="null" OriginId="org.eclipse.jdt.ui.CompilationUnitEditor" StartDate="2014-09-04 08:27:52.143 JST" StructureHandle="=IFM11/src&amp;lt;ifm11.listeners.dialog{DB_OCL.java[DB_OCL~case_UPLOAD_REMOTE_OK" StructureKind="java" NumEvents="4" CreationCount="246"/><InteractionEvent Delta="null" EndDate="2014-09-04 09:14:51.540 JST" Interest="5.0" Kind="selection" Navigation="null" OriginId="org.eclipse.ui.views.ContentOutline" StartDate="2014-09-04 08:27:49.960 JST" StructureHandle="=IFM11/src&amp;lt;ifm11.listeners.dialog{DB_OCL.java[DB_OCL~case_UPLOAD_REMOTE_OK" StructureKind="java" NumEvents="5" CreationCount="246"/><InteractionEvent Delta="null" EndDate="2014-09-04 09:14:36.815 JST" Interest="13.872" Kind="manipulation" Navigation="null" OriginId="org.eclipse.mylyn.core.model.interest.decay.correction" StartDate="2014-09-04 09:14:36.815 JST" StructureHandle="=IFM11/src&amp;lt;ifm11.listeners.dialog{DB_OCL.java[DB_OCL~case_UPLOAD_REMOTE_OK" StructureKind="java"/><InteractionEvent Delta="null" EndDate="2014-09-04 09:58:26.265 JST" Interest="685.0" Kind="propagation" Navigation="null" OriginId="org.eclipse.jdt.ui.CompilationUnitEditor" StartDate="2014-09-04 08:28:16.231 JST" StructureHandle="/IFM11/src/ifm11/tasks/Task_FTP.java" StructureKind="resource" NumEvents="685" CreationCount="249"/><InteractionEvent Delta="null" EndDate="2014-09-04 09:58:28.2 JST" Interest="2430.0" Kind="propagation" Navigation="org.eclipse.mylyn.core.model.edges.containment" OriginId="org.eclipse.mylyn.core.model.interest.propagation" StartDate="2014-09-04 08:11:00.402 JST" StructureHandle="/" StructureKind="resource" NumEvents="2430" CreationCount="1"/><InteractionEvent Delta="null" EndDate="2014-09-04 09:06:37.719 JST" Interest="13.0" Kind="edit" Navigation="null" OriginId="org.eclipse.jdt.ui.CompilationUnitEditor" StartDate="2014-09-04 09:03:23.303 JST" StructureHandle="=IFM11/src&amp;lt;ifm11.tasks{Task_FTP.java[Task_FTP~_onPostExecute__Upload_Image~QInteger;" StructureKind="java" NumEvents="13" CreationCount="820"/><InteractionEvent Delta="null" EndDate="2014-09-04 09:06:41.805 JST" Interest="12.0" Kind="selection" Navigation="null" OriginId="org.eclipse.jdt.ui.CompilationUnitEditor" StartDate="2014-09-04 09:03:22.695 JST" StructureHandle="=IFM11/src&amp;lt;ifm11.tasks{Task_FTP.java[Task_FTP~_onPostExecute__Upload_Image~QInteger;" StructureKind="java" NumEvents="12" CreationCount="820"/><InteractionEvent Delta="null" EndDate="2014-09-04 09:14:33.13 JST" Interest="49.738" Kind="propagation" Navigation="org.eclipse.mylyn.core.model.edges.containment" OriginId="org.eclipse.mylyn.core.model.interest.propagation" StartDate="2014-09-04 08:12:55.747 JST" StructureHandle="=IFM11/src&amp;lt;ifm11.listeners.dialog" StructureKind="java" NumEvents="78" CreationCount="13"/><InteractionEvent Delta="null" EndDate="2014-09-04 09:58:06.537 JST" Interest="1.0" Kind="prediction" Navigation="null" OriginId="org.eclipse.mylyn.resources.ui.interest.updater" StartDate="2014-09-04 09:58:06.537 JST" StructureHandle="/IFM11/res/menu/menu_main.xml" StructureKind="resource"/><InteractionEvent Delta="null" EndDate="2014-09-04 08:26:32.317 JST" Interest="3.0" Kind="selection" Navigation="null" OriginId="org.eclipse.jdt.ui.CompilationUnitEditor" StartDate="2014-09-04 08:21:57.432 JST" StructureHandle="=IFM11/src&amp;lt;ifm11.listeners.dialog{DB_OCL.java[DB_OCL~dlg_DLG_CONF_MOVE_FILES_FOLDER_OK" StructureKind="java" NumEvents="3" CreationCount="113"/><InteractionEvent Delta="null" EndDate="2014-09-04 09:58:28.0 JST" Interest="159.0" Kind="propagation" Navigation="null" OriginId="org.eclipse.jdt.ui.PackageExplorer" StartDate="2014-09-04 08:12:55.747 JST" StructureHandle="/IFM11/src/ifm11/listeners/dialog" StructureKind="resource" NumEvents="159" CreationCount="13"/><InteractionEvent Delta="null" EndDate="2014-09-04 08:18:29.601 JST" Interest="1.0" Kind="edit" Navigation="null" OriginId="org.eclipse.jdt.ui.CompilationUnitEditor" StartDate="2014-09-04 08:18:29.601 JST" StructureHandle="=IFM11/src&amp;lt;ifm11.utils{Methods_dlg.java[Methods_dlg~dlg_OptMenu_MainActv_Others~QActivity;" StructureKind="java"/><InteractionEvent Delta="null" EndDate="2014-09-04 08:18:17.17 JST" Interest="2.0" Kind="selection" Navigation="null" OriginId="org.eclipse.ui.views.ContentOutline" StartDate="2014-09-04 08:18:16.205 JST" StructureHandle="=IFM11/src&amp;lt;ifm11.utils{Methods_dlg.java[Methods_dlg~dlg_OptMenu_MainActv_Others~QActivity;" StructureKind="java" NumEvents="2" CreationCount="24"/><InteractionEvent Delta="null" EndDate="2014-09-04 09:14:04.0 JST" Interest="3.0" Kind="edit" Navigation="null" OriginId="org.eclipse.jdt.ui.CompilationUnitEditor" StartDate="2014-09-04 09:14:03.432 JST" StructureHandle="=IFM11/src&amp;lt;ifm11.utils{Methods.java[Methods~conv_LogLinesList_to_LogItemList~QActivity;~QList\&amp;lt;QString;&amp;gt;;" StructureKind="java" NumEvents="3" CreationCount="1341"/><InteractionEvent Delta="null" EndDate="2014-09-04 09:13:52.15 JST" Interest="1.0" Kind="selection" Navigation="null" OriginId="org.eclipse.ui.views.ContentOutline" StartDate="2014-09-04 09:13:52.15 JST" StructureHandle="=IFM11/src&amp;lt;ifm11.utils{Methods.java[Methods~conv_LogLinesList_to_LogItemList~QActivity;~QList\&amp;lt;QString;&amp;gt;;" StructureKind="java"/><InteractionEvent Delta="null" EndDate="2014-09-04 09:45:48.81 JST" Interest="5.0" Kind="prediction" Navigation="null" OriginId="org.eclipse.mylyn.resources.ui.interest.updater" StartDate="2014-09-04 08:23:51.978 JST" StructureHandle="/IFM11/bin/IFM11.apk" StructureKind="resource" NumEvents="5" CreationCount="166"/><InteractionEvent Delta="null" EndDate="2014-09-04 09:10:03.565 JST" Interest="43.0" Kind="edit" Navigation="null" OriginId="org.eclipse.jdt.ui.CompilationUnitEditor" StartDate="2014-09-04 08:27:00.315 JST" StructureHandle="=IFM11/src&amp;lt;ifm11.listeners.dialog{DB_OCL.java[DB_OCL~case_UPLOAD_REMOTE_MULTIPLE_IMAGES_OK" StructureKind="java" NumEvents="43" CreationCount="227"/><InteractionEvent Delta="null" EndDate="2014-09-04 09:14:34.688 JST" Interest="16.0" Kind="selection" Navigation="null" OriginId="org.eclipse.jdt.ui.CompilationUnitEditor" StartDate="2014-09-04 08:26:58.825 JST" StructureHandle="=IFM11/src&amp;lt;ifm11.listeners.dialog{DB_OCL.java[DB_OCL~case_UPLOAD_REMOTE_MULTIPLE_IMAGES_OK" StructureKind="java" NumEvents="16" CreationCount="227"/><InteractionEvent Delta="null" EndDate="2014-09-04 08:19:48.25 JST" Interest="4.0" Kind="edit" Navigation="null" OriginId="org.eclipse.jdt.ui.CompilationUnitEditor" StartDate="2014-09-04 08:19:42.67 JST" StructureHandle="=IFM11/src&amp;lt;ifm11.utils{Methods_dlg.java[Methods_dlg~conf_Upload_DB~QActivity;~QDialog;" StructureKind="java" NumEvents="4" CreationCount="37"/><InteractionEvent Delta="null" EndDate="2014-09-04 08:19:38.721 JST" Interest="1.0" Kind="selection" Navigation="null" OriginId="org.eclipse.jdt.ui.CompilationUnitEditor" StartDate="2014-09-04 08:19:38.721 JST" StructureHandle="=IFM11/src&amp;lt;ifm11.utils{Methods_dlg.java[Methods_dlg~conf_Upload_DB~QActivity;~QDialog;" StructureKind="java"/><InteractionEvent Delta="null" EndDate="2014-09-04 09:15:07.479 JST" Interest="14.0" Kind="edit" Navigation="null" OriginId="org.eclipse.jdt.ui.CompilationUnitEditor" StartDate="2014-09-04 08:20:15.77 JST" StructureHandle="=IFM11/src&amp;lt;ifm11.utils{Methods_dlg.java[Methods_dlg~conf_Upload_Image~QActivity;~QDialog;~QDialog;~QTI;" StructureKind="java" NumEvents="14" CreationCount="5"/><InteractionEvent Delta="null" EndDate="2014-09-04 09:15:56.529 JST" Interest="8.0" Kind="selection" Navigation="null" OriginId="org.eclipse.jdt.ui.CompilationUnitEditor" StartDate="2014-09-04 08:11:50.289 JST" StructureHandle="=IFM11/src&amp;lt;ifm11.utils{Methods_dlg.java[Methods_dlg~conf_Upload_Image~QActivity;~QDialog;~QDialog;~QTI;" StructureKind="java" NumEvents="8" CreationCount="5"/><InteractionEvent Delta="null" EndDate="2014-09-04 09:14:58.244 JST" Interest="11.588001" Kind="manipulation" Navigation="null" OriginId="org.eclipse.mylyn.core.model.interest.decay.correction" StartDate="2014-09-04 09:14:58.244 JST" StructureHandle="=IFM11/src&amp;lt;ifm11.utils{Methods_dlg.java[Methods_dlg~conf_Upload_Image~QActivity;~QDialog;~QDialog;~QTI;" StructureKind="java"/><InteractionEvent Delta="null" EndDate="2014-09-04 08:27:49.336 JST" Interest="5.0" Kind="edit" Navigation="null" OriginId="org.eclipse.jdt.ui.CompilationUnitEditor" StartDate="2014-09-04 08:27:35.871 JST" StructureHandle="=IFM11/src&amp;lt;ifm11.listeners.dialog{DB_OCL.java[DB_OCL~case_UPLOAD_DB_FILE_OK" StructureKind="java" NumEvents="5" CreationCount="233"/><InteractionEvent Delta="null" EndDate="2014-09-04 08:28:28.945 JST" Interest="5.0" Kind="selection" Navigation="null" OriginId="org.eclipse.jdt.ui.CompilationUnitEditor" StartDate="2014-09-04 08:27:32.924 JST" StructureHandle="=IFM11/src&amp;lt;ifm11.listeners.dialog{DB_OCL.java[DB_OCL~case_UPLOAD_DB_FILE_OK" StructureKind="java" NumEvents="5" CreationCount="233"/><InteractionEvent Delta="null" EndDate="2014-09-04 09:41:38.765 JST" Interest="7.0" Kind="edit" Navigation="null" OriginId="org.eclipse.jdt.ui.CompilationUnitEditor" StartDate="2014-09-04 08:35:12.144 JST" StructureHandle="=IFM11/src&amp;lt;ifm11.utils{Methods.java[Methods~ftp_Remote_DB~QActivity;" StructureKind="java" NumEvents="7" CreationCount="385"/><InteractionEvent Delta="null" EndDate="2014-09-04 09:41:34.973 JST" Interest="8.0" Kind="selection" Navigation="null" OriginId="org.eclipse.jdt.ui.CompilationUnitEditor" StartDate="2014-09-04 08:35:11.413 JST" StructureHandle="=IFM11/src&amp;lt;ifm11.utils{Methods.java[Methods~ftp_Remote_DB~QActivity;" StructureKind="java" NumEvents="8" CreationCount="385"/><InteractionEvent Delta="null" EndDate="2014-09-04 09:41:13.266 JST" Interest="21.228003" Kind="manipulation" Navigation="null" OriginId="org.eclipse.mylyn.core.model.interest.decay.correction" StartDate="2014-09-04 08:53:57.657 JST" StructureHandle="=IFM11/src&amp;lt;ifm11.utils{Methods.java[Methods~ftp_Remote_DB~QActivity;" StructureKind="java" NumEvents="3" CreationCount="385"/><InteractionEvent Delta="null" EndDate="2014-09-04 09:16:09.334 JST" Interest="3.0" Kind="edit" Navigation="null" OriginId="org.eclipse.jdt.ui.CompilationUnitEditor" StartDate="2014-09-04 09:15:59.456 JST" StructureHandle="=IFM11/src&amp;lt;ifm11.utils{Methods_dlg.java[Methods_dlg~upload_Image~QActivity;~QDialog;~QTI;" StructureKind="java" NumEvents="3" CreationCount="1392"/><InteractionEvent Delta="null" EndDate="2014-09-04 09:16:17.790 JST" Interest="2.0" Kind="selection" Navigation="null" OriginId="org.eclipse.ui.views.ContentOutline" StartDate="2014-09-04 09:15:57.185 JST" StructureHandle="=IFM11/src&amp;lt;ifm11.utils{Methods_dlg.java[Methods_dlg~upload_Image~QActivity;~QDialog;~QTI;" StructureKind="java" NumEvents="2" CreationCount="1392"/><InteractionEvent Delta="null" EndDate="2014-09-04 09:17:45.606 JST" Interest="11.0" Kind="edit" Navigation="null" OriginId="org.eclipse.jdt.ui.CompilationUnitEditor" StartDate="2014-09-04 09:17:07.807 JST" StructureHandle="=IFM11/src&amp;lt;ifm11.utils{Methods.java[Methods~move_Files~QActivity;~QDialog;~QDialog;~QDialog;" StructureKind="java" NumEvents="11" CreationCount="117"/><InteractionEvent Delta="null" EndDate="2014-09-04 09:17:51.362 JST" Interest="8.0" Kind="selection" Navigation="null" OriginId="org.eclipse.jdt.ui.CompilationUnitEditor" StartDate="2014-09-04 08:22:06.633 JST" StructureHandle="=IFM11/src&amp;lt;ifm11.utils{Methods.java[Methods~move_Files~QActivity;~QDialog;~QDialog;~QDialog;" StructureKind="java" NumEvents="8" CreationCount="117"/><InteractionEvent Delta="null" EndDate="2014-09-04 09:17:07.207 JST" Interest="21.168001" Kind="manipulation" Navigation="null" OriginId="org.eclipse.mylyn.core.model.interest.decay.correction" StartDate="2014-09-04 09:17:07.207 JST" StructureHandle="=IFM11/src&amp;lt;ifm11.utils{Methods.java[Methods~move_Files~QActivity;~QDialog;~QDialog;~QDialog;" StructureKind="java"/><InteractionEvent Delta="null" EndDate="2014-09-04 09:16:23.699 JST" Interest="6.0" Kind="edit" Navigation="null" OriginId="org.eclipse.jdt.ui.CompilationUnitEditor" StartDate="2014-09-04 08:11:56.716 JST" StructureHandle="=IFM11/src&amp;lt;ifm11.utils{Methods_dlg.java[Methods_dlg~dlg_MoveFiles~QActivity;" StructureKind="java" NumEvents="6" CreationCount="6"/><InteractionEvent Delta="null" EndDate="2014-09-04 09:16:29.569 JST" Interest="7.0" Kind="selection" Navigation="null" OriginId="org.eclipse.jdt.ui.CompilationUnitEditor" StartDate="2014-09-04 08:11:55.188 JST" StructureHandle="=IFM11/src&amp;lt;ifm11.utils{Methods_dlg.java[Methods_dlg~dlg_MoveFiles~QActivity;" StructureKind="java" NumEvents="7" CreationCount="6"/><InteractionEvent Delta="null" EndDate="2014-09-04 09:16:20.777 JST" Interest="18.230001" Kind="manipulation" Navigation="null" OriginId="org.eclipse.mylyn.core.model.interest.decay.correction" StartDate="2014-09-04 09:16:20.777 JST" StructureHandle="=IFM11/src&amp;lt;ifm11.utils{Methods_dlg.java[Methods_dlg~dlg_MoveFiles~QActivity;" StructureKind="java"/><InteractionEvent Delta="null" EndDate="2014-09-04 08:21:30.86 JST" Interest="3.0" Kind="propagation" Navigation="null" OriginId="org.eclipse.ui.views.ContentOutline" StartDate="2014-09-04 08:21:02.777 JST" StructureHandle="/IFM11/src/ifm11/utils/Tags.java" StructureKind="resource" NumEvents="3" CreationCount="80"/><InteractionEvent Delta="null" EndDate="2014-09-04 08:29:36.437 JST" Interest="2.0" Kind="edit" Navigation="null" OriginId="org.eclipse.jdt.ui.CompilationUnitEditor" StartDate="2014-09-04 08:29:35.838 JST" StructureHandle="=IFM11/src&amp;lt;ifm11.tasks{Task_FTP.java[Task_FTP~Task_FTP~QActivity;~QDialog;~QDialog;~QDialog;~QString;~QTI;~Z" StructureKind="java" NumEvents="2" CreationCount="251"/><InteractionEvent Delta="null" EndDate="2014-09-04 08:30:23.131 JST" Interest="5.0" Kind="selection" Navigation="null" OriginId="org.eclipse.ui.views.ContentOutline" StartDate="2014-09-04 08:28:16.927 JST" StructureHandle="=IFM11/src&amp;lt;ifm11.tasks{Task_FTP.java[Task_FTP~Task_FTP~QActivity;~QDialog;~QDialog;~QDialog;~QString;~QTI;~Z" StructureKind="java" NumEvents="5" CreationCount="251"/><InteractionEvent Delta="null" EndDate="2014-09-04 08:21:30.85 JST" Interest="2.0" Kind="propagation" Navigation="org.eclipse.mylyn.core.model.edges.containment" OriginId="org.eclipse.mylyn.core.model.interest.propagation" StartDate="2014-09-04 08:21:03.689 JST" StructureHandle="=IFM11/src&amp;lt;ifm11.utils{Tags.java[Tags[DialogTags" StructureKind="java" NumEvents="2" CreationCount="81"/><InteractionEvent Delta="null" EndDate="2014-09-04 09:58:06.537 JST" Interest="1.0" Kind="prediction" Navigation="null" OriginId="org.eclipse.mylyn.resources.ui.interest.updater" StartDate="2014-09-04 09:58:06.537 JST" StructureHandle="/IFM11/res/layout/dlg_tmpl_cancel_lv.xml" StructureKind="resource"/><InteractionEvent Delta="null" EndDate="2014-09-04 09:58:06.537 JST" Interest="1.0" Kind="prediction" Navigation="null" OriginId="org.eclipse.mylyn.resources.ui.interest.updater" StartDate="2014-09-04 09:58:06.537 JST" StructureHandle="/IFM11/AndroidManifest.xml" StructureKind="resource"/><InteractionEvent Delta="null" EndDate="2014-09-04 08:26:52.72 JST" Interest="9.0" Kind="edit" Navigation="null" OriginId="org.eclipse.jdt.ui.CompilationUnitEditor" StartDate="2014-09-04 08:21:55.457 JST" StructureHandle="=IFM11/src&amp;lt;ifm11.listeners.dialog{DB_OCL.java[DB_OCL~onClick~QView;" StructureKind="java" NumEvents="9" CreationCount="110"/><InteractionEvent Delta="null" EndDate="2014-09-04 08:26:39.199 JST" Interest="2.0" Kind="selection" Navigation="null" OriginId="org.eclipse.jdt.ui.CompilationUnitEditor" StartDate="2014-09-04 08:21:54.554 JST" StructureHandle="=IFM11/src&amp;lt;ifm11.listeners.dialog{DB_OCL.java[DB_OCL~onClick~QView;" StructureKind="java" NumEvents="2" CreationCount="110"/><InteractionEvent Delta="null" EndDate="2014-09-04 09:58:28.1 JST" Interest="2417.034" Kind="propagation" Navigation="null" OriginId="org.eclipse.jdt.ui.PackageExplorer" StartDate="2014-09-04 08:11:06.307 JST" StructureHandle="/IFM11/src" StructureKind="resource" NumEvents="2419" CreationCount="2"/><InteractionEvent Delta="null" EndDate="2014-09-04 09:58:26.266 JST" Interest="216.81798" Kind="propagation" Navigation="org.eclipse.mylyn.core.model.edges.containment" OriginId="org.eclipse.mylyn.core.model.interest.propagation" StartDate="2014-09-04 08:28:16.232 JST" StructureHandle="=IFM11/src&amp;lt;ifm11.tasks" StructureKind="java" NumEvents="305" CreationCount="249"/><InteractionEvent Delta="null" EndDate="2014-09-04 09:53:29.641 JST" Interest="1572.017" Kind="propagation" Navigation="org.eclipse.mylyn.core.model.edges.containment" OriginId="org.eclipse.mylyn.core.model.interest.propagation" StartDate="2014-09-04 08:11:12.355 JST" StructureHandle="/IFM11/src/ifm11" StructureKind="resource" NumEvents="1574" CreationCount="3"/><InteractionEvent Delta="null" EndDate="2014-09-04 08:21:30.85 JST" Interest="2.0" Kind="propagation" Navigation="org.eclipse.mylyn.core.model.edges.containment" OriginId="org.eclipse.mylyn.core.model.interest.propagation" StartDate="2014-09-04 08:21:03.690 JST" StructureHandle="=IFM11/src&amp;lt;ifm11.utils{Tags.java[Tags" StructureKind="java" NumEvents="2" CreationCount="81"/><InteractionEvent Delta="null" EndDate="2014-09-04 09:50:13.670 JST" Interest="475.67908" Kind="propagation" Navigation="org.eclipse.mylyn.core.model.edges.containment" OriginId="org.eclipse.mylyn.core.model.interest.propagation" StartDate="2014-09-04 08:11:12.358 JST" StructureHandle="=IFM11/src" StructureKind="java" NumEvents="711" CreationCount="2"/><InteractionEvent Delta="null" EndDate="2014-09-04 08:11:06.307 JST" Interest="1.0" Kind="selection" Navigation="null" OriginId="org.eclipse.jdt.ui.PackageExplorer" StartDate="2014-09-04 08:11:06.307 JST" StructureHandle="=IFM11/src" StructureKind="java"/><InteractionEvent Delta="null" EndDate="2014-09-04 08:12:56.903 JST" Interest="1.0" Kind="selection" Navigation="null" OriginId="org.eclipse.jdt.ui.CompilationUnitEditor" StartDate="2014-09-04 08:12:56.903 JST" StructureHandle="=IFM11/src&amp;lt;ifm11.listeners.dialog{DOI_CL.java[DOI_CL~DOI_CL~QActivity;~QDialog;" StructureKind="java"/><InteractionEvent Delta="null" EndDate="2014-09-04 08:23:51.977 JST" Interest="1.0" Kind="prediction" Navigation="null" OriginId="org.eclipse.mylyn.resources.ui.interest.updater" StartDate="2014-09-04 08:23:51.977 JST" StructureHandle="/IFM11/bin/resources.ap_" StructureKind="resource"/><InteractionEvent Delta="null" EndDate="2014-09-04 09:58:06.538 JST" Interest="1.0" Kind="propagation" Navigation="org.eclipse.mylyn.core.model.edges.containment" OriginId="org.eclipse.mylyn.core.model.interest.propagation" StartDate="2014-09-04 09:58:06.538 JST" StructureHandle="/IFM11/res/menu" StructureKind="resource"/><InteractionEvent Delta="null" EndDate="2014-09-04 09:14:34.688 JST" Interest="40.688995" Kind="propagation" Navigation="org.eclipse.mylyn.core.model.edges.containment" OriginId="org.eclipse.mylyn.core.model.interest.propagation" StartDate="2014-09-04 08:21:54.555 JST" StructureHandle="=IFM11/src&amp;lt;ifm11.listeners.dialog{DB_OCL.java[DB_OCL" StructureKind="java" NumEvents="55" CreationCount="110"/><InteractionEvent Delta="null" EndDate="2014-09-04 08:30:19.806 JST" Interest="2.0" Kind="edit" Navigation="null" OriginId="org.eclipse.jdt.ui.CompilationUnitEditor" StartDate="2014-09-04 08:28:32.672 JST" StructureHandle="=IFM11/src&amp;lt;ifm11.listeners.dialog{DB_OCL.java[DB_OCL" StructureKind="java" NumEvents="2" CreationCount="110"/><InteractionEvent Delta="null" EndDate="2014-09-04 08:31:02.360 JST" Interest="6.0" Kind="selection" Navigation="null" OriginId="org.eclipse.ui.views.ContentOutline" StartDate="2014-09-04 08:28:27.662 JST" StructureHandle="=IFM11/src&amp;lt;ifm11.listeners.dialog{DB_OCL.java[DB_OCL" StructureKind="java" NumEvents="6" CreationCount="110"/><InteractionEvent Delta="null" EndDate="2014-09-04 08:26:06.312 JST" Interest="41.623" Kind="propagation" Navigation="org.eclipse.mylyn.core.model.edges.containment" OriginId="org.eclipse.mylyn.core.model.interest.propagation" StartDate="2014-09-04 08:11:50.290 JST" StructureHandle="=IFM11/src&amp;lt;ifm11.utils{Methods_dlg.java" StructureKind="java" NumEvents="64" CreationCount="4"/><InteractionEvent Delta="null" EndDate="2014-09-04 08:20:31.492 JST" Interest="1.0" Kind="edit" Navigation="null" OriginId="org.eclipse.jdt.ui.CompilationUnitEditor" StartDate="2014-09-04 08:20:31.492 JST" StructureHandle="=IFM11/src&amp;lt;ifm11.utils{Methods_dlg.java" StructureKind="java"/><InteractionEvent Delta="null" EndDate="2014-09-04 09:15:56.462 JST" Interest="13.0" Kind="selection" Navigation="null" OriginId="org.eclipse.jdt.ui.CompilationUnitEditor" StartDate="2014-09-04 08:11:15.465 JST" StructureHandle="=IFM11/src&amp;lt;ifm11.utils{Methods_dlg.java" StructureKind="java" NumEvents="13" CreationCount="4"/><InteractionEvent Delta="null" EndDate="2014-09-04 09:48:23.620 JST" Interest="602.0" Kind="edit" Navigation="null" OriginId="org.eclipse.jdt.ui.CompilationUnitEditor" StartDate="2014-09-04 08:35:18.213 JST" StructureHandle="=IFM11/src&amp;lt;ifm11.utils{Methods.java[Methods~ftp_MulipleImages_to_Remote~QActivity;" StructureKind="java" NumEvents="602" CreationCount="389"/><InteractionEvent Delta="null" EndDate="2014-09-04 09:48:16.424 JST" Interest="46.0" Kind="selection" Navigation="null" OriginId="org.eclipse.jdt.ui.CompilationUnitEditor" StartDate="2014-09-04 08:35:17.372 JST" StructureHandle="=IFM11/src&amp;lt;ifm11.utils{Methods.java[Methods~ftp_MulipleImages_to_Remote~QActivity;" StructureKind="java" NumEvents="46" CreationCount="389"/><InteractionEvent Delta="null" EndDate="2014-09-04 09:53:29.643 JST" Interest="1573.017" Kind="propagation" Navigation="null" OriginId="org.eclipse.jdt.ui.CompilationUnitEditor" StartDate="2014-09-04 08:11:12.355 JST" StructureHandle="/IFM11/src/ifm11/utils" StructureKind="resource" NumEvents="1574" CreationCount="3"/><InteractionEvent Delta="null" EndDate="2014-09-04 09:58:06.537 JST" Interest="1.0" Kind="prediction" Navigation="null" OriginId="org.eclipse.mylyn.resources.ui.interest.updater" StartDate="2014-09-04 09:58:06.537 JST" StructureHandle="/IFM11/res/layout/dlg_tmpl_cancel_lv_2.xml" StructureKind="resource"/><InteractionEvent Delta="null" EndDate="2014-09-04 09:58:27.999 JST" Interest="13.0" Kind="propagation" Navigation="null" OriginId="org.eclipse.jdt.ui.PackageExplorer" StartDate="2014-09-04 08:26:10.640 JST" StructureHandle="/IFM11/src/ifm11/listeners/dialog/DB_OTL.java" StructureKind="resource" NumEvents="13" CreationCount="204"/><InteractionEvent Delta="null" EndDate="2014-09-04 09:58:27.999 JST" Interest="25.672" Kind="manipulation" Navigation="null" OriginId="org.eclipse.mylyn.core.model.interest.decay.correction" StartDate="2014-09-04 09:58:27.999 JST" StructureHandle="/IFM11/src/ifm11/listeners/dialog/DB_OTL.java" StructureKind="resource"/><InteractionEvent Delta="null" EndDate="2014-09-04 09:15:37.647 JST" Interest="6.7019997" Kind="propagation" Navigation="org.eclipse.mylyn.core.model.edges.containment" OriginId="org.eclipse.mylyn.core.model.interest.propagation" StartDate="2014-09-04 08:12:56.904 JST" StructureHandle="=IFM11/src&amp;lt;ifm11.listeners.dialog{DOI_CL.java" StructureKind="java" NumEvents="15" CreationCount="13"/><InteractionEvent Delta="null" EndDate="2014-09-04 09:15:19.54 JST" Interest="3.0" Kind="selection" Navigation="null" OriginId="org.eclipse.jdt.ui.CompilationUnitEditor" StartDate="2014-09-04 08:12:55.746 JST" StructureHandle="=IFM11/src&amp;lt;ifm11.listeners.dialog{DOI_CL.java" StructureKind="java" NumEvents="3" CreationCount="13"/><InteractionEvent Delta="null" EndDate="2014-09-04 09:15:19.54 JST" Interest="18.303001" Kind="manipulation" Navigation="null" OriginId="org.eclipse.mylyn.core.model.interest.decay.correction" StartDate="2014-09-04 09:15:19.54 JST" StructureHandle="=IFM11/src&amp;lt;ifm11.listeners.dialog{DOI_CL.java" StructureKind="java"/><InteractionEvent Delta="null" EndDate="2014-09-04 09:58:28.1 JST" Interest="159.0" Kind="propagation" Navigation="org.eclipse.mylyn.core.model.edges.containment" OriginId="org.eclipse.mylyn.core.model.interest.propagation" StartDate="2014-09-04 08:12:55.747 JST" StructureHandle="/IFM11/src/ifm11/listeners" StructureKind="resource" NumEvents="159" CreationCount="13"/><InteractionEvent Delta="null" EndDate="2014-09-04 09:58:26.265 JST" Interest="685.0" Kind="propagation" Navigation="org.eclipse.mylyn.core.model.edges.containment" OriginId="org.eclipse.mylyn.core.model.interest.propagation" StartDate="2014-09-04 08:28:16.231 JST" StructureHandle="/IFM11/src/ifm11/tasks" StructureKind="resource" NumEvents="685" CreationCount="249"/><InteractionEvent Delta="null" EndDate="2014-09-04 09:49:02.308 JST" Interest="474.66205" Kind="propagation" Navigation="org.eclipse.mylyn.core.model.edges.containment" OriginId="org.eclipse.mylyn.core.model.interest.propagation" StartDate="2014-09-04 08:11:15.466 JST" StructureHandle="=IFM11/src&amp;lt;ifm11.utils" StructureKind="java" NumEvents="706" CreationCount="3"/><InteractionEvent Delta="null" EndDate="2014-09-04 09:15:51.537 JST" Interest="2.0" Kind="selection" Navigation="null" OriginId="org.eclipse.search.ui.views.SearchView" StartDate="2014-09-04 08:11:12.355 JST" StructureHandle="=IFM11/src&amp;lt;ifm11.utils" StructureKind="java" NumEvents="2" CreationCount="3"/><InteractionEvent Delta="null" EndDate="2014-09-04 09:19:48.839 JST" Interest="3.0" Kind="selection" Navigation="null" OriginId="org.eclipse.jdt.ui.CompilationUnitEditor" StartDate="2014-09-04 09:19:43.169 JST" StructureHandle="=IFM11/src&amp;lt;ifm11.utils{Methods.java[Methods~get_LogLines~QActivity;~QString;" StructureKind="java" NumEvents="3" CreationCount="1560"/><InteractionEvent Delta="null" EndDate="2014-09-04 09:49:02.308 JST" Interest="461.75803" Kind="propagation" Navigation="org.eclipse.mylyn.core.model.edges.containment" OriginId="org.eclipse.mylyn.core.model.interest.propagation" StartDate="2014-09-04 08:22:37.242 JST" StructureHandle="=IFM11/src&amp;lt;ifm11.utils{Methods.java" StructureKind="java" NumEvents="664" CreationCount="115"/><InteractionEvent Delta="null" EndDate="2014-09-04 09:48:16.360 JST" Interest="13.0" Kind="selection" Navigation="null" OriginId="org.eclipse.jdt.ui.CompilationUnitEditor" StartDate="2014-09-04 08:22:05.663 JST" StructureHandle="=IFM11/src&amp;lt;ifm11.utils{Methods.java" StructureKind="java" NumEvents="13" CreationCount="115"/><InteractionEvent Delta="null" EndDate="2014-09-04 08:37:23.535 JST" Interest="1.0" Kind="edit" Navigation="null" OriginId="org.eclipse.jdt.ui.CompilationUnitEditor" StartDate="2014-09-04 08:37:23.535 JST" StructureHandle="=IFM11/src&amp;lt;ifm11.utils{Methods.java[Methods~ftp_connect_disconnect~QActivity;" StructureKind="java"/><InteractionEvent Delta="null" EndDate="2014-09-04 08:52:28.275 JST" Interest="2.0" Kind="selection" Navigation="null" OriginId="org.eclipse.jdt.ui.CompilationUnitEditor" StartDate="2014-09-04 08:37:14.948 JST" StructureHandle="=IFM11/src&amp;lt;ifm11.utils{Methods.java[Methods~ftp_connect_disconnect~QActivity;" StructureKind="java" NumEvents="2" CreationCount="447"/><InteractionEvent Delta="null" EndDate="2014-09-04 08:52:28.275 JST" Interest="3.6550004" Kind="manipulation" Navigation="null" OriginId="org.eclipse.mylyn.core.model.interest.decay.correction" StartDate="2014-09-04 08:52:28.275 JST" StructureHandle="=IFM11/src&amp;lt;ifm11.utils{Methods.java[Methods~ftp_connect_disconnect~QActivity;" StructureKind="java"/><InteractionEvent Delta="null" EndDate="2014-09-04 09:58:06.538 JST" Interest="1.0" Kind="propagation" Navigation="org.eclipse.mylyn.core.model.edges.containment" OriginId="org.eclipse.mylyn.core.model.interest.propagation" StartDate="2014-09-04 09:58:06.538 JST" StructureHandle="/IFM11/res" StructureKind="resource"/><InteractionEvent Delta="null" EndDate="2014-09-04 08:31:49.301 JST" Interest="2.417" Kind="propagation" Navigation="org.eclipse.mylyn.core.model.edges.containment" OriginId="org.eclipse.mylyn.core.model.interest.propagation" StartDate="2014-09-04 08:31:38.548 JST" StructureHandle="=IFM11/src&amp;lt;ifm11.utils{CONS.java" StructureKind="java" NumEvents="4" CreationCount="317"/><InteractionEvent Delta="null" EndDate="2014-09-04 08:31:37.837 JST" Interest="1.0" Kind="selection" Navigation="null" OriginId="org.eclipse.jdt.ui.CompilationUnitEditor" StartDate="2014-09-04 08:31:37.837 JST" StructureHandle="=IFM11/src&amp;lt;ifm11.utils{CONS.java" StructureKind="java"/><InteractionEvent Delta="null" EndDate="2014-09-04 09:58:26.265 JST" Interest="201.81798" Kind="propagation" Navigation="org.eclipse.mylyn.core.model.edges.containment" OriginId="org.eclipse.mylyn.core.model.interest.propagation" StartDate="2014-09-04 08:29:24.944 JST" StructureHandle="=IFM11/src&amp;lt;ifm11.tasks{Task_FTP.java" StructureKind="java" NumEvents="290" CreationCount="249"/><InteractionEvent Delta="null" EndDate="2014-09-04 09:53:31.526 JST" Interest="15.0" Kind="selection" Navigation="null" OriginId="org.eclipse.jdt.ui.CompilationUnitEditor" StartDate="2014-09-04 08:28:16.231 JST" StructureHandle="=IFM11/src&amp;lt;ifm11.tasks{Task_FTP.java" StructureKind="java" NumEvents="15" CreationCount="249"/><InteractionEvent Delta="null" EndDate="2014-09-04 09:58:26.264 JST" Interest="267.0" Kind="edit" Navigation="null" OriginId="org.eclipse.jdt.ui.CompilationUnitEditor" StartDate="2014-09-04 08:30:27.302 JST" StructureHandle="=IFM11/src&amp;lt;ifm11.tasks{Task_FTP.java[Task_FTP~doInBackground~\[QString;" StructureKind="java" NumEvents="267" CreationCount="303"/><InteractionEvent Delta="null" EndDate="2014-09-04 09:53:31.586 JST" Interest="29.0" Kind="selection" Navigation="null" OriginId="org.eclipse.jdt.ui.CompilationUnitEditor" StartDate="2014-09-04 08:30:26.428 JST" StructureHandle="=IFM11/src&amp;lt;ifm11.tasks{Task_FTP.java[Task_FTP~doInBackground~\[QString;" StructureKind="java" NumEvents="29" CreationCount="303"/><InteractionEvent Delta="null" EndDate="2014-09-04 09:14:23.552 JST" Interest="3.0" Kind="selection" Navigation="null" OriginId="org.eclipse.jdt.ui.CompilationUnitEditor" StartDate="2014-09-04 09:14:16.721 JST" StructureHandle="=IFM11/src&amp;lt;ifm11.utils{Methods.java[Methods~_moveMode_False__Search~QActivity;~QString;" StructureKind="java" NumEvents="3" CreationCount="1348"/><InteractionEvent Delta="null" EndDate="2014-09-04 09:58:28.1 JST" Interest="2430.0" Kind="propagation" Navigation="null" OriginId="org.eclipse.jdt.ui.PackageExplorer" StartDate="2014-09-04 08:11:00.402 JST" StructureHandle="/IFM11" StructureKind="resource" NumEvents="2430" CreationCount="1"/><InteractionEvent Delta="null" EndDate="2014-09-04 09:15:37.647 JST" Interest="27.988" Kind="propagation" Navigation="org.eclipse.mylyn.core.model.edges.containment" OriginId="org.eclipse.mylyn.core.model.interest.propagation" StartDate="2014-09-04 08:12:56.903 JST" StructureHandle="=IFM11/src&amp;lt;ifm11.listeners.dialog{DOI_CL.java[DOI_CL" StructureKind="java" NumEvents="14" CreationCount="14"/><InteractionEvent Delta="null" EndDate="2014-09-04 09:45:48.81 JST" Interest="5.0" Kind="prediction" Navigation="null" OriginId="org.eclipse.mylyn.resources.ui.interest.updater" StartDate="2014-09-04 08:23:51.978 JST" StructureHandle="/IFM11/bin/classes.dex" StructureKind="resource" NumEvents="5" CreationCount="166"/><InteractionEvent Delta="null" EndDate="2014-09-04 09:17:01.486 JST" Interest="211.0" Kind="propagation" Navigation="null" OriginId="org.eclipse.jdt.ui.CompilationUnitEditor" StartDate="2014-09-04 08:11:15.466 JST" StructureHandle="/IFM11/src/ifm11/utils/Methods_dlg.java" StructureKind="resource" NumEvents="211" CreationCount="4"/><InteractionEvent Delta="null" EndDate="2014-09-04 09:15:45.237 JST" Interest="3.0" Kind="edit" Navigation="null" OriginId="org.eclipse.jdt.ui.CompilationUnitEditor" StartDate="2014-09-04 08:13:00.914 JST" StructureHandle="=IFM11/src&amp;lt;ifm11.listeners.dialog{DOI_CL.java[DOI_CL~onItemClick~QAdapterView\&amp;lt;*&amp;gt;;~QView;~I~J" StructureKind="java" NumEvents="3" CreationCount="15"/><InteractionEvent Delta="null" EndDate="2014-09-04 09:15:38.250 JST" Interest="3.0" Kind="selection" Navigation="null" OriginId="org.eclipse.jdt.ui.CompilationUnitEditor" StartDate="2014-09-04 08:12:59.298 JST" StructureHandle="=IFM11/src&amp;lt;ifm11.listeners.dialog{DOI_CL.java[DOI_CL~onItemClick~QAdapterView\&amp;lt;*&amp;gt;;~QView;~I~J" StructureKind="java" NumEvents="3" CreationCount="15"/><InteractionEvent Delta="null" EndDate="2014-09-04 09:15:38.247 JST" Interest="21.556" Kind="manipulation" Navigation="null" OriginId="org.eclipse.mylyn.core.model.interest.decay.correction" StartDate="2014-09-04 09:15:38.247 JST" StructureHandle="=IFM11/src&amp;lt;ifm11.listeners.dialog{DOI_CL.java[DOI_CL~onItemClick~QAdapterView\&amp;lt;*&amp;gt;;~QView;~I~J" StructureKind="java"/><InteractionEvent Delta="null" EndDate="2014-09-04 09:58:06.537 JST" Interest="1.0" Kind="prediction" Navigation="null" OriginId="org.eclipse.mylyn.resources.ui.interest.updater" StartDate="2014-09-04 09:58:06.537 JST" StructureHandle="/IFM11/res/values/styles.xml" StructureKind="resource"/><InteractionEvent Delta="null" EndDate="2014-09-04 09:14:52.466 JST" Interest="1.0" Kind="selection" Navigation="null" OriginId="org.eclipse.ui.views.ContentOutline" StartDate="2014-09-04 09:14:52.466 JST" StructureHandle="=IFM11/src&amp;lt;ifm11.utils{Methods_dlg.java[Methods_dlg~conf_DropTable~QActivity;~QDialog;~QString;" StructureKind="java"/><InteractionEvent Delta="null" EndDate="2014-09-04 09:53:29.641 JST" Interest="384.0" Kind="edit" Navigation="null" OriginId="org.eclipse.jdt.ui.CompilationUnitEditor" StartDate="2014-09-04 09:20:55.802 JST" StructureHandle="=IFM11/src&amp;lt;ifm11.utils{Methods.java[Methods~_ftp_MulipleImages_to_Remote__Upload_Image~QActivity;~QFTPClient;~QTI;" StructureKind="java" NumEvents="384" CreationCount="1580"/><InteractionEvent Delta="null" EndDate="2014-09-04 09:48:57.317 JST" Interest="10.0" Kind="selection" Navigation="null" OriginId="org.eclipse.jdt.ui.CompilationUnitEditor" StartDate="2014-09-04 09:20:54.789 JST" StructureHandle="=IFM11/src&amp;lt;ifm11.utils{Methods.java[Methods~_ftp_MulipleImages_to_Remote__Upload_Image~QActivity;~QFTPClient;~QTI;" StructureKind="java" NumEvents="10" CreationCount="1580"/><InteractionEvent Delta="null" EndDate="2014-09-04 09:58:26.265 JST" Interest="214.38399" Kind="propagation" Navigation="org.eclipse.mylyn.core.model.edges.containment" OriginId="org.eclipse.mylyn.core.model.interest.propagation" StartDate="2014-09-04 08:28:16.927 JST" StructureHandle="=IFM11/src&amp;lt;ifm11.tasks{Task_FTP.java[Task_FTP" StructureKind="java" NumEvents="295" CreationCount="251"/><InteractionEvent Delta="null" EndDate="2014-09-04 09:04:40.912 JST" Interest="2.0" Kind="edit" Navigation="null" OriginId="org.eclipse.jdt.ui.CompilationUnitEditor" StartDate="2014-09-04 09:04:40.907 JST" StructureHandle="=IFM11/src&amp;lt;ifm11.tasks{Task_FTP.java[Task_FTP" StructureKind="java" NumEvents="2" CreationCount="251"/><InteractionEvent Delta="null" EndDate="2014-09-04 09:04:40.901 JST" Interest="1.0" Kind="selection" Navigation="null" OriginId="org.eclipse.jdt.ui.CompilationUnitEditor" StartDate="2014-09-04 09:04:40.901 JST" StructureHandle="=IFM11/src&amp;lt;ifm11.tasks{Task_FTP.java[Task_FTP" StructureKind="java"/><InteractionEvent Delta="null" EndDate="2014-09-04 08:21:30.86 JST" Interest="1.017" Kind="propagation" Navigation="org.eclipse.mylyn.core.model.edges.containment" OriginId="org.eclipse.mylyn.core.model.interest.propagation" StartDate="2014-09-04 08:21:03.690 JST" StructureHandle="=IFM11/src&amp;lt;ifm11.utils{Tags.java" StructureKind="java" NumEvents="2" CreationCount="80"/><InteractionEvent Delta="null" EndDate="2014-09-04 08:21:02.776 JST" Interest="1.0" Kind="selection" Navigation="null" OriginId="org.eclipse.jdt.ui.CompilationUnitEditor" StartDate="2014-09-04 08:21:02.776 JST" StructureHandle="=IFM11/src&amp;lt;ifm11.utils{Tags.java" StructureKind="java"/><InteractionEvent Delta="null" EndDate="2014-09-04 08:31:46.757 JST" Interest="1.0" Kind="selection" Navigation="null" OriginId="org.eclipse.jdt.ui.CompilationUnitEditor" StartDate="2014-09-04 08:31:46.757 JST" StructureHandle="=IFM11/src&amp;lt;ifm11.utils{CONS.java[CONS[Remote[FtpType^IMAGE_MULTIPLE" StructureKind="java"/><InteractionEvent Delta="null" EndDate="2014-09-04 09:40:20.516 JST" Interest="6.0" Kind="edit" Navigation="null" OriginId="org.eclipse.jdt.ui.CompilationUnitEditor" StartDate="2014-09-04 08:35:06.21 JST" StructureHandle="=IFM11/src&amp;lt;ifm11.utils{Methods.java[Methods~ftp_Image_to_Remote~QActivity;~QTI;" StructureKind="java" NumEvents="6" CreationCount="375"/><InteractionEvent Delta="null" EndDate="2014-09-04 09:40:18.860 JST" Interest="15.0" Kind="selection" Navigation="null" OriginId="org.eclipse.jdt.ui.CompilationUnitEditor" StartDate="2014-09-04 08:33:31.230 JST" StructureHandle="=IFM11/src&amp;lt;ifm11.utils{Methods.java[Methods~ftp_Image_to_Remote~QActivity;~QTI;" StructureKind="java" NumEvents="15" CreationCount="375"/><InteractionEvent Delta="null" EndDate="2014-09-04 09:14:23.478 JST" Interest="13.141001" Kind="manipulation" Navigation="null" OriginId="org.eclipse.mylyn.core.model.interest.decay.correction" StartDate="2014-09-04 09:14:23.478 JST" StructureHandle="=IFM11/src&amp;lt;ifm11.utils{Methods.java[Methods~ftp_Image_to_Remote~QActivity;~QTI;" StructureKind="java"/><InteractionEvent Delta="null" EndDate="2014-09-04 08:26:27.950 JST" Interest="7.2999997" Kind="propagation" Navigation="org.eclipse.mylyn.core.model.edges.containment" OriginId="org.eclipse.mylyn.core.model.interest.propagation" StartDate="2014-09-04 08:26:15.34 JST" StructureHandle="=IFM11/src&amp;lt;ifm11.listeners.dialog{DB_OTL.java[DB_OTL" StructureKind="java" NumEvents="10" CreationCount="205"/><InteractionEvent Delta="null" EndDate="2014-09-04 08:31:43.89 JST" Interest="2.0" Kind="edit" Navigation="null" OriginId="org.eclipse.jdt.ui.CompilationUnitEditor" StartDate="2014-09-04 08:31:40.184 JST" StructureHandle="=IFM11/src&amp;lt;ifm11.utils{CONS.java[CONS[Remote[FtpType" StructureKind="java" NumEvents="2" CreationCount="318"/><InteractionEvent Delta="null" EndDate="2014-09-04 08:31:49.299 JST" Interest="2.0" Kind="selection" Navigation="null" OriginId="org.eclipse.jdt.ui.CompilationUnitEditor" StartDate="2014-09-04 08:31:38.547 JST" StructureHandle="=IFM11/src&amp;lt;ifm11.utils{CONS.java[CONS[Remote[FtpType" StructureKind="java" NumEvents="2" CreationCount="318"/><InteractionEvent Delta="null" EndDate="2014-09-04 08:25:13.177 JST" Interest="57.0" Kind="edit" Navigation="null" OriginId="org.eclipse.jdt.ui.CompilationUnitEditor" StartDate="2014-09-04 08:21:38.8 JST" StructureHandle="=IFM11/src&amp;lt;ifm11.utils{Methods_dlg.java[Methods_dlg~conf_MoveFiles__Folder~QActivity;~QDialog;~QDialog;~QString;" StructureKind="java" NumEvents="57" CreationCount="94"/><InteractionEvent Delta="null" EndDate="2014-09-04 08:24:52.214 JST" Interest="7.0" Kind="selection" Navigation="null" OriginId="org.eclipse.ui.views.ContentOutline" StartDate="2014-09-04 08:21:37.448 JST" StructureHandle="=IFM11/src&amp;lt;ifm11.utils{Methods_dlg.java[Methods_dlg~conf_MoveFiles__Folder~QActivity;~QDialog;~QDialog;~QString;" StructureKind="java" NumEvents="7" CreationCount="94"/><InteractionEvent Delta="null" EndDate="2014-09-04 09:14:10.936 JST" Interest="1.0" Kind="selection" Navigation="null" OriginId="org.eclipse.ui.views.ContentOutline" StartDate="2014-09-04 09:14:10.936 JST" StructureHandle="=IFM11/src&amp;lt;ifm11.utils{Methods.java[Methods~_refresh_MainDB__Get_LastRefreshed~QActivity;~QSQLiteDatabase;~QDBUtils;" StructureKind="java"/><InteractionEvent Delta="null" EndDate="2014-09-04 08:31:49.300 JST" Interest="3.4" Kind="propagation" Navigation="org.eclipse.mylyn.core.model.edges.containment" OriginId="org.eclipse.mylyn.core.model.interest.propagation" StartDate="2014-09-04 08:31:38.548 JST" StructureHandle="=IFM11/src&amp;lt;ifm11.utils{CONS.java[CONS[Remote" StructureKind="java" NumEvents="4" CreationCount="318"/><InteractionEvent Delta="null" EndDate="2014-09-04 08:21:30.84 JST" Interest="2.0" Kind="selection" Navigation="null" OriginId="org.eclipse.ui.views.ContentOutline" StartDate="2014-09-04 08:21:03.689 JST" StructureHandle="=IFM11/src&amp;lt;ifm11.utils{Tags.java[Tags[DialogTags^UPLOAD_REMOTE_MULTIPLE_IMAGES_OK" StructureKind="java" NumEvents="2" CreationCount="81"/><InteractionEvent Delta="null" EndDate="2014-09-04 08:30:19.217 JST" Interest="5.0" Kind="edit" Navigation="null" OriginId="org.eclipse.jdt.ui.CompilationUnitEditor" StartDate="2014-09-04 08:29:55.625 JST" StructureHandle="=IFM11/src&amp;lt;ifm11.listeners.dialog{DB_OCL.java[DB_OCL~DB_OCL~QActivity;~QDialog;~QDialog;~QString;" StructureKind="java" NumEvents="5" CreationCount="287"/><InteractionEvent Delta="null" EndDate="2014-09-04 08:29:55.157 JST" Interest="3.0" Kind="selection" Navigation="null" OriginId="org.eclipse.jdt.ui.CompilationUnitEditor" StartDate="2014-09-04 08:29:55.38 JST" StructureHandle="=IFM11/src&amp;lt;ifm11.listeners.dialog{DB_OCL.java[DB_OCL~DB_OCL~QActivity;~QDialog;~QDialog;~QString;" StructureKind="java" NumEvents="3" CreationCount="287"/><InteractionEvent Delta="null" EndDate="2014-09-04 09:48:02.582 JST" Interest="89.0" Kind="edit" Navigation="null" OriginId="org.eclipse.jdt.ui.CompilationUnitEditor" StartDate="2014-09-04 09:03:28.61 JST" StructureHandle="=IFM11/src&amp;lt;ifm11.tasks{Task_FTP.java[Task_FTP~onPostExecute~QInteger;" StructureKind="java" NumEvents="89" CreationCount="829"/><InteractionEvent Delta="null" EndDate="2014-09-04 09:48:06.12 JST" Interest="8.0" Kind="selection" Navigation="null" OriginId="org.eclipse.jdt.ui.CompilationUnitEditor" StartDate="2014-09-04 09:03:27.202 JST" StructureHandle="=IFM11/src&amp;lt;ifm11.tasks{Task_FTP.java[Task_FTP~onPostExecute~QInteger;" StructureKind="java" NumEvents="8" CreationCount="829"/><InteractionEvent Delta="null" EndDate="2014-09-04 09:15:45.237 JST" Interest="22.0" Kind="propagation" Navigation="null" OriginId="org.eclipse.jdt.ui.CompilationUnitEditor" StartDate="2014-09-04 08:12:55.747 JST" StructureHandle="/IFM11/src/ifm11/listeners/dialog/DOI_CL.java" StructureKind="resource" NumEvents="22" CreationCount="13"/><InteractionEvent Delta="null" EndDate="2014-09-04 09:15:19.54 JST" Interest="12.188002" Kind="manipulation" Navigation="null" OriginId="org.eclipse.mylyn.core.model.interest.decay.correction" StartDate="2014-09-04 09:15:19.54 JST" StructureHandle="/IFM11/src/ifm11/listeners/dialog/DOI_CL.java" StructureKind="resource"/><InteractionEvent Delta="null" EndDate="2014-09-04 08:26:06.309 JST" Interest="50.0" Kind="edit" Navigation="null" OriginId="org.eclipse.jdt.ui.CompilationUnitEditor" StartDate="2014-09-04 08:18:40.342 JST" StructureHandle="=IFM11/src&amp;lt;ifm11.utils{Methods_dlg.java[Methods_dlg~dlg_MoveFiles__Remote~QActivity;~QDialog;" StructureKind="java" NumEvents="50" CreationCount="23"/><InteractionEvent Delta="null" EndDate="2014-09-04 09:14:51.552 JST" Interest="18.0" Kind="selection" Navigation="null" OriginId="org.eclipse.ui.views.ContentOutline" StartDate="2014-09-04 08:17:58.888 JST" StructureHandle="=IFM11/src&amp;lt;ifm11.utils{Methods_dlg.java[Methods_dlg~dlg_MoveFiles__Remote~QActivity;~QDialog;" StructureKind="java" NumEvents="18" CreationCount="23"/><InteractionEvent Delta="null" EndDate="2014-09-04 09:58:06.537 JST" Interest="1.0" Kind="prediction" Navigation="null" OriginId="org.eclipse.mylyn.resources.ui.interest.updater" StartDate="2014-09-04 09:58:06.537 JST" StructureHandle="/IFM11/res/layout/dlg_edit_ti.xml" StructureKind="resource"/><InteractionEvent Delta="null" EndDate="2014-09-04 09:16:30.858 JST" Interest="4.0" Kind="edit" Navigation="null" OriginId="org.eclipse.jdt.ui.CompilationUnitEditor" StartDate="2014-09-04 09:16:30.66 JST" StructureHandle="=IFM11/src&amp;lt;ifm11.utils{Methods_dlg.java[Methods_dlg~dlg_MoveFiles__Folder~QActivity;~QDialog;" StructureKind="java" NumEvents="4" CreationCount="1402"/><InteractionEvent Delta="null" EndDate="2014-09-04 09:16:29.592 JST" Interest="3.0" Kind="selection" Navigation="null" OriginId="org.eclipse.jdt.ui.CompilationUnitEditor" StartDate="2014-09-04 09:16:29.482 JST" StructureHandle="=IFM11/src&amp;lt;ifm11.utils{Methods_dlg.java[Methods_dlg~dlg_MoveFiles__Folder~QActivity;~QDialog;" StructureKind="java" NumEvents="3" CreationCount="1402"/><InteractionEvent Delta="null" EndDate="2014-09-04 09:17:28.274 JST" Interest="11.0" Kind="edit" Navigation="null" OriginId="org.eclipse.jdt.ui.CompilationUnitEditor" StartDate="2014-09-04 08:22:17.631 JST" StructureHandle="=IFM11/src&amp;lt;ifm11.utils{Methods.java[Methods~_move_Files__Get_ToMoveList" StructureKind="java" NumEvents="11" CreationCount="118"/><InteractionEvent Delta="null" EndDate="2014-09-04 09:17:25.548 JST" Interest="5.0" Kind="selection" Navigation="null" OriginId="org.eclipse.jdt.ui.CompilationUnitEditor" StartDate="2014-09-04 08:22:16.13 JST" StructureHandle="=IFM11/src&amp;lt;ifm11.utils{Methods.java[Methods~_move_Files__Get_ToMoveList" StructureKind="java" NumEvents="5" CreationCount="118"/><InteractionEvent Delta="null" EndDate="2014-09-04 09:17:25.544 JST" Interest="15.172002" Kind="manipulation" Navigation="null" OriginId="org.eclipse.mylyn.core.model.interest.decay.correction" StartDate="2014-09-04 09:17:25.544 JST" StructureHandle="=IFM11/src&amp;lt;ifm11.utils{Methods.java[Methods~_move_Files__Get_ToMoveList" StructureKind="java"/><InteractionEvent Delta="null" EndDate="2014-09-04 09:15:37.647 JST" Interest="4.0" Kind="edit" Navigation="null" OriginId="org.eclipse.jdt.ui.CompilationUnitEditor" StartDate="2014-09-04 09:15:20.806 JST" StructureHandle="=IFM11/src&amp;lt;ifm11.listeners.dialog{DOI_CL.java[DOI_CL~case_DLG_ACTV_TN_LIST_UPLOAD~QString;" StructureKind="java" NumEvents="4" CreationCount="1378"/><InteractionEvent Delta="null" EndDate="2014-09-04 09:15:19.760 JST" Interest="2.0" Kind="selection" Navigation="null" OriginId="org.eclipse.jdt.ui.CompilationUnitEditor" StartDate="2014-09-04 09:15:19.757 JST" StructureHandle="=IFM11/src&amp;lt;ifm11.listeners.dialog{DOI_CL.java[DOI_CL~case_DLG_ACTV_TN_LIST_UPLOAD~QString;" StructureKind="java" NumEvents="2" CreationCount="1378"/><InteractionEvent Delta="null" EndDate="2014-09-04 09:14:51.540 JST" Interest="124.0" Kind="propagation" Navigation="null" OriginId="org.eclipse.ui.views.ContentOutline" StartDate="2014-09-04 08:21:50.482 JST" StructureHandle="/IFM11/src/ifm11/listeners/dialog/DB_OCL.java" StructureKind="resource" NumEvents="124" CreationCount="109"/><InteractionEvent Delta="null" EndDate="2014-09-04 09:58:06.538 JST" Interest="1.0" Kind="propagation" Navigation="org.eclipse.mylyn.core.model.edges.containment" OriginId="org.eclipse.mylyn.core.model.interest.propagation" StartDate="2014-09-04 09:58:06.538 JST" StructureHandle="/IFM11/res/values" StructureKind="resource"/><InteractionEvent Delta="null" EndDate="2014-09-04 08:26:27.950 JST" Interest="9.0" Kind="edit" Navigation="null" OriginId="org.eclipse.jdt.ui.CompilationUnitEditor" StartDate="2014-09-04 08:26:16.186 JST" StructureHandle="=IFM11/src&amp;lt;ifm11.listeners.dialog{DB_OTL.java[DB_OTL~onTouch~QView;~QMotionEvent;" StructureKind="java" NumEvents="9" CreationCount="205"/><InteractionEvent Delta="null" EndDate="2014-09-04 08:26:15.34 JST" Interest="1.0" Kind="selection" Navigation="null" OriginId="org.eclipse.jdt.ui.CompilationUnitEditor" StartDate="2014-09-04 08:26:15.34 JST" StructureHandle="=IFM11/src&amp;lt;ifm11.listeners.dialog{DB_OTL.java[DB_OTL~onTouch~QView;~QMotionEvent;" StructureKind="java"/><InteractionEvent Delta="null" EndDate="2014-09-04 09:53:29.641 JST" Interest="1352.0" Kind="propagation" Navigation="null" OriginId="org.eclipse.jdt.ui.CompilationUnitEditor" StartDate="2014-09-04 08:22:05.663 JST" StructureHandle="/IFM11/src/ifm11/utils/Methods.java" StructureKind="resource" NumEvents="1352" CreationCount="115"/><InteractionEvent Delta="null" EndDate="2014-09-04 09:13:50.50 JST" Interest="1.0" Kind="selection" Navigation="null" OriginId="org.eclipse.ui.views.ContentOutline" StartDate="2014-09-04 09:13:50.50 JST" StructureHandle="=IFM11/src&amp;lt;ifm11.utils{Methods.java[Methods~del_Pattern~QActivity;~QDialog;~QDialog;~QDialog;~QWordPattern;" StructureKind="java"/><InteractionEvent Delta="null" EndDate="2014-09-04 09:10:03.567 JST" Interest="36.106" Kind="propagation" Navigation="org.eclipse.mylyn.core.model.edges.containment" OriginId="org.eclipse.mylyn.core.model.interest.propagation" StartDate="2014-09-04 08:21:54.556 JST" StructureHandle="=IFM11/src&amp;lt;ifm11.listeners.dialog{DB_OCL.java" StructureKind="java" NumEvents="55" CreationCount="109"/><InteractionEvent Delta="null" EndDate="2014-09-04 09:14:33.12 JST" Interest="12.0" Kind="selection" Navigation="null" OriginId="org.eclipse.jdt.ui.CompilationUnitEditor" StartDate="2014-09-04 08:21:50.482 JST" StructureHandle="=IFM11/src&amp;lt;ifm11.listeners.dialog{DB_OCL.java" StructureKind="java" NumEvents="12" CreationCount="109"/><InteractionEvent Delta="null" EndDate="2014-09-04 08:26:27.951 JST" Interest="6.317" Kind="propagation" Navigation="org.eclipse.mylyn.core.model.edges.containment" OriginId="org.eclipse.mylyn.core.model.interest.propagation" StartDate="2014-09-04 08:26:15.35 JST" StructureHandle="=IFM11/src&amp;lt;ifm11.listeners.dialog{DB_OTL.java" StructureKind="java" NumEvents="10" CreationCount="204"/><InteractionEvent Delta="null" EndDate="2014-09-04 09:58:27.999 JST" Interest="3.0" Kind="selection" Navigation="null" OriginId="org.eclipse.jdt.ui.PackageExplorer" StartDate="2014-09-04 08:26:10.640 JST" StructureHandle="=IFM11/src&amp;lt;ifm11.listeners.dialog{DB_OTL.java" StructureKind="java" NumEvents="3" CreationCount="204"/><InteractionEvent Delta="null" EndDate="2014-09-04 09:58:27.999 JST" Interest="29.338003" Kind="manipulation" Navigation="null" OriginId="org.eclipse.mylyn.core.model.interest.decay.correction" StartDate="2014-09-04 09:58:27.999 JST" StructureHandle="=IFM11/src&amp;lt;ifm11.listeners.dialog{DB_OTL.java" StructureKind="java"/></InteractionHistory>