<?xml version="1.0" encoding="UTF-8"?><InteractionHistory Id="local-126" Version="1"><InteractionEvent Delta="null" EndDate="2014-10-05 09:04:38.513 JST" Interest="1.0" Kind="propagation" Navigation="org.eclipse.mylyn.core.model.edges.containment" OriginId="org.eclipse.mylyn.core.model.interest.propagation" StartDate="2014-10-05 09:04:38.513 JST" StructureHandle="" StructureKind="java"/><InteractionEvent Delta="null" EndDate="2014-10-05 09:06:09.811 JST" Interest="1.0" Kind="selection" Navigation="null" OriginId="org.eclipse.jdt.ui.PackageExplorer" StartDate="2014-10-05 09:06:09.811 JST" StructureHandle="=TA2/src&amp;lt;ta2.main{TEMPLATEActv.java" StructureKind="java"/><InteractionEvent Delta="null" EndDate="2014-10-05 09:07:38.144 JST" Interest="1.0" Kind="selection" Navigation="null" OriginId="org.eclipse.jdt.ui.PackageExplorer" StartDate="2014-10-05 09:07:38.144 JST" StructureHandle="/TA2/res/layout/dlg_tmpl_cancel_lv_with_btn.xml" StructureKind="resource"/><InteractionEvent Delta="null" EndDate="2014-10-05 09:13:45.235 JST" Interest="32.0" Kind="propagation" Navigation="null" OriginId="org.eclipse.jdt.ui.CompilationUnitEditor" StartDate="2014-10-05 09:09:45.360 JST" StructureHandle="/TA2/src/ta2/listeners/button/BO_TL.java" StructureKind="resource" NumEvents="32" CreationCount="132"/><InteractionEvent Delta="null" EndDate="2014-10-05 09:13:52.471 JST" Interest="244.051" Kind="propagation" Navigation="null" OriginId="org.eclipse.jdt.ui.CompilationUnitEditor" StartDate="2014-10-05 09:04:42.578 JST" StructureHandle="/TA2/src" StructureKind="resource" NumEvents="248" CreationCount="2"/><InteractionEvent Delta="null" EndDate="2014-10-05 09:07:38.78 JST" Interest="2.017" Kind="propagation" Navigation="org.eclipse.mylyn.core.model.edges.containment" OriginId="org.eclipse.mylyn.core.model.interest.propagation" StartDate="2014-10-05 09:06:18.484 JST" StructureHandle="/TA2/res/layout" StructureKind="resource" NumEvents="3" CreationCount="62"/><InteractionEvent Delta="null" EndDate="2014-10-05 09:07:38.740 JST" Interest="2.0" Kind="selection" Navigation="null" OriginId="org.eclipse.jdt.ui.PackageExplorer" StartDate="2014-10-05 09:06:16.902 JST" StructureHandle="/TA2/res/layout" StructureKind="resource" NumEvents="2" CreationCount="62"/><InteractionEvent Delta="null" EndDate="2014-10-05 09:13:52.471 JST" Interest="244.051" Kind="propagation" Navigation="org.eclipse.mylyn.core.model.edges.containment" OriginId="org.eclipse.mylyn.core.model.interest.propagation" StartDate="2014-10-05 09:04:42.578 JST" StructureHandle="=TA2" StructureKind="resource" NumEvents="248" CreationCount="2"/><InteractionEvent Delta="null" EndDate="2014-10-05 09:05:07.455 JST" Interest="4.0" Kind="selection" Navigation="null" OriginId="org.eclipse.jdt.ui.CompilationUnitEditor" StartDate="2014-10-05 09:05:04.334 JST" StructureHandle="=TA2/src&amp;lt;ta2.main{PlayActv.java[PlayActv~onCreate~QBundle;" StructureKind="java" NumEvents="4" CreationCount="7"/><InteractionEvent Delta="null" EndDate="2014-10-05 09:12:03.541 JST" Interest="2.0" Kind="edit" Navigation="null" OriginId="org.eclipse.jdt.ui.CompilationUnitEditor" StartDate="2014-10-05 09:12:03.534 JST" StructureHandle="=TA2/src&amp;lt;ta2.listeners.button{BO_CL.java[BO_CL~case_ACTV_PLAT_STOP" StructureKind="java" NumEvents="2" CreationCount="194"/><InteractionEvent Delta="null" EndDate="2014-10-05 09:12:03.59 JST" Interest="3.0" Kind="selection" Navigation="null" OriginId="org.eclipse.jdt.ui.CompilationUnitEditor" StartDate="2014-10-05 09:12:02.962 JST" StructureHandle="=TA2/src&amp;lt;ta2.listeners.button{BO_CL.java[BO_CL~case_ACTV_PLAT_STOP" StructureKind="java" NumEvents="3" CreationCount="194"/><InteractionEvent Delta="null" EndDate="2014-10-05 09:13:52.470 JST" Interest="117.0" Kind="propagation" Navigation="org.eclipse.mylyn.core.model.edges.containment" OriginId="org.eclipse.mylyn.core.model.interest.propagation" StartDate="2014-10-05 09:08:14.45 JST" StructureHandle="/TA2/src/ta2/utils" StructureKind="resource" NumEvents="117" CreationCount="89"/><InteractionEvent Delta="null" EndDate="2014-10-05 09:06:16.489 JST" Interest="1.0" Kind="selection" Navigation="null" OriginId="org.eclipse.jdt.ui.PackageExplorer" StartDate="2014-10-05 09:06:16.489 JST" StructureHandle="/TA2/res/menu" StructureKind="resource"/><InteractionEvent Delta="null" EndDate="2014-10-05 09:09:48.429 JST" Interest="1.0" Kind="selection" Navigation="null" OriginId="org.eclipse.ui.views.ContentOutline" StartDate="2014-10-05 09:09:48.429 JST" StructureHandle="=TA2/src&amp;lt;ta2.listeners.button{BO_TL.java%ta2.listeners.button" StructureKind="java"/><InteractionEvent Delta="null" EndDate="2014-10-05 09:13:45.235 JST" Interest="11.251" Kind="propagation" Navigation="org.eclipse.mylyn.core.model.edges.containment" OriginId="org.eclipse.mylyn.core.model.interest.propagation" StartDate="2014-10-05 09:09:51.195 JST" StructureHandle="=TA2/src&amp;lt;ta2.listeners.button{BO_TL.java" StructureKind="java" NumEvents="17" CreationCount="132"/><InteractionEvent Delta="null" EndDate="2014-10-05 09:13:36.844 JST" Interest="7.0" Kind="selection" Navigation="null" OriginId="org.eclipse.jdt.ui.CompilationUnitEditor" StartDate="2014-10-05 09:09:45.360 JST" StructureHandle="=TA2/src&amp;lt;ta2.listeners.button{BO_TL.java" StructureKind="java" NumEvents="7" CreationCount="132"/><InteractionEvent Delta="null" EndDate="2014-10-05 09:13:52.470 JST" Interest="118.462" Kind="propagation" Navigation="org.eclipse.mylyn.core.model.edges.containment" OriginId="org.eclipse.mylyn.core.model.interest.propagation" StartDate="2014-10-05 09:04:48.876 JST" StructureHandle="/TA2/src/ta2" StructureKind="resource" NumEvents="122" CreationCount="3"/><InteractionEvent Delta="null" EndDate="2014-10-05 09:09:18.579 JST" Interest="41.734" Kind="propagation" Navigation="org.eclipse.mylyn.core.model.edges.containment" OriginId="org.eclipse.mylyn.core.model.interest.propagation" StartDate="2014-10-05 09:05:04.334 JST" StructureHandle="=TA2/src&amp;lt;ta2.main{PlayActv.java[PlayActv" StructureKind="java" NumEvents="57" CreationCount="7"/><InteractionEvent Delta="null" EndDate="2014-10-05 09:07:53.149 JST" Interest="3.0" Kind="selection" Navigation="null" OriginId="org.eclipse.jdt.ui.CompilationUnitEditor" StartDate="2014-10-05 09:07:50.410 JST" StructureHandle="=TA2/src&amp;lt;ta2.listeners.button{BO_CL.java[BO_CL~case_ACTV_PLAY_BACK" StructureKind="java" NumEvents="3" CreationCount="80"/><InteractionEvent Delta="null" EndDate="2014-10-05 09:14:03.942 JST" Interest="1.0" Kind="prediction" Navigation="null" OriginId="org.eclipse.mylyn.resources.ui.interest.updater" StartDate="2014-10-05 09:14:03.942 JST" StructureHandle="/TA2/bin/classes.dex" StructureKind="resource"/><InteractionEvent Delta="null" EndDate="2014-10-05 09:12:03.42 JST" Interest="8.851" Kind="propagation" Navigation="org.eclipse.mylyn.core.model.edges.containment" OriginId="org.eclipse.mylyn.core.model.interest.propagation" StartDate="2014-10-05 09:07:53.146 JST" StructureHandle="=TA2/src&amp;lt;ta2.listeners.button{BO_CL.java[BO_CL" StructureKind="java" NumEvents="12" CreationCount="78"/><InteractionEvent Delta="null" EndDate="2014-10-05 09:07:47.259 JST" Interest="2.0" Kind="selection" Navigation="null" OriginId="org.eclipse.ui.views.ContentOutline" StartDate="2014-10-05 09:07:46.201 JST" StructureHandle="=TA2/src&amp;lt;ta2.listeners.button{BO_CL.java[BO_CL" StructureKind="java" NumEvents="2" CreationCount="78"/><InteractionEvent Delta="null" EndDate="2014-10-05 09:13:45.234 JST" Interest="16.0" Kind="edit" Navigation="null" OriginId="org.eclipse.jdt.ui.CompilationUnitEditor" StartDate="2014-10-05 09:09:51.177 JST" StructureHandle="=TA2/src&amp;lt;ta2.listeners.button{BO_TL.java[BO_TL~onTouch~QView;~QMotionEvent;" StructureKind="java" NumEvents="16" CreationCount="135"/><InteractionEvent Delta="null" EndDate="2014-10-05 09:13:42.615 JST" Interest="7.0" Kind="selection" Navigation="null" OriginId="org.eclipse.jdt.ui.CompilationUnitEditor" StartDate="2014-10-05 09:09:50.184 JST" StructureHandle="=TA2/src&amp;lt;ta2.listeners.button{BO_TL.java[BO_TL~onTouch~QView;~QMotionEvent;" StructureKind="java" NumEvents="7" CreationCount="135"/><InteractionEvent Delta="null" EndDate="2014-10-05 09:07:38.741 JST" Interest="3.051" Kind="propagation" Navigation="org.eclipse.mylyn.core.model.edges.containment" OriginId="org.eclipse.mylyn.core.model.interest.propagation" StartDate="2014-10-05 09:06:16.489 JST" StructureHandle="/TA2/res" StructureKind="resource" NumEvents="6" CreationCount="60"/><InteractionEvent Delta="null" EndDate="2014-10-05 09:06:13.912 JST" Interest="1.0" Kind="selection" Navigation="null" OriginId="org.eclipse.jdt.ui.PackageExplorer" StartDate="2014-10-05 09:06:13.912 JST" StructureHandle="/TA2/res" StructureKind="resource"/><InteractionEvent Delta="null" EndDate="2014-10-05 09:09:18.578 JST" Interest="51.0" Kind="edit" Navigation="null" OriginId="org.eclipse.jdt.ui.CompilationUnitEditor" StartDate="2014-10-05 09:05:07.933 JST" StructureHandle="=TA2/src&amp;lt;ta2.main{PlayActv.java[PlayActv~_Setup_Views" StructureKind="java" NumEvents="51" CreationCount="9"/><InteractionEvent Delta="null" EndDate="2014-10-05 09:09:14.729 JST" Interest="6.0" Kind="selection" Navigation="null" OriginId="org.eclipse.jdt.ui.CompilationUnitEditor" StartDate="2014-10-05 09:05:07.242 JST" StructureHandle="=TA2/src&amp;lt;ta2.main{PlayActv.java[PlayActv~_Setup_Views" StructureKind="java" NumEvents="6" CreationCount="9"/><InteractionEvent Delta="null" EndDate="2014-10-05 09:09:18.581 JST" Interest="40.785" Kind="propagation" Navigation="org.eclipse.mylyn.core.model.edges.containment" OriginId="org.eclipse.mylyn.core.model.interest.propagation" StartDate="2014-10-05 09:04:58.777 JST" StructureHandle="=TA2/src&amp;lt;ta2.main" StructureKind="java" NumEvents="61" CreationCount="4"/><InteractionEvent Delta="null" EndDate="2014-10-05 09:04:55.554 JST" Interest="1.0" Kind="selection" Navigation="null" OriginId="org.eclipse.jdt.ui.PackageExplorer" StartDate="2014-10-05 09:04:55.554 JST" StructureHandle="=TA2/src&amp;lt;ta2.main" StructureKind="java"/><InteractionEvent Delta="null" EndDate="2014-10-05 09:13:45.235 JST" Interest="60.240997" Kind="propagation" Navigation="org.eclipse.mylyn.core.model.edges.containment" OriginId="org.eclipse.mylyn.core.model.interest.propagation" StartDate="2014-10-05 09:04:48.876 JST" StructureHandle="/TA2/src/ta2/listeners" StructureKind="resource" NumEvents="62" CreationCount="3"/><InteractionEvent Delta="null" EndDate="2014-10-05 09:04:38.513 JST" Interest="1.0" Kind="propagation" Navigation="null" OriginId="org.eclipse.ui.views.ResourceNavigator" StartDate="2014-10-05 09:04:38.513 JST" StructureHandle="/cm7" StructureKind="resource"/><InteractionEvent Delta="null" EndDate="2014-10-05 09:14:03.942 JST" Interest="1.0" Kind="prediction" Navigation="null" OriginId="org.eclipse.mylyn.resources.ui.interest.updater" StartDate="2014-10-05 09:14:03.942 JST" StructureHandle="/TA2/bin/TA2.apk" StructureKind="resource"/><InteractionEvent Delta="null" EndDate="2014-10-05 09:07:38.77 JST" Interest="3.0" Kind="selection" Navigation="null" OriginId="org.eclipse.jdt.ui.PackageExplorer" StartDate="2014-10-05 09:06:18.483 JST" StructureHandle="/TA2/res/layout/actv_play.xml" StructureKind="resource" NumEvents="3" CreationCount="63"/><InteractionEvent Delta="null" EndDate="2014-10-05 09:13:46.797 JST" Interest="50.134" Kind="propagation" Navigation="org.eclipse.mylyn.core.model.edges.containment" OriginId="org.eclipse.mylyn.core.model.interest.propagation" StartDate="2014-10-05 09:08:14.46 JST" StructureHandle="=TA2/src&amp;lt;ta2.utils" StructureKind="java" NumEvents="67" CreationCount="89"/><InteractionEvent Delta="null" EndDate="2014-10-05 09:11:48.838 JST" Interest="53.0" Kind="edit" Navigation="null" OriginId="org.eclipse.jdt.ui.CompilationUnitEditor" StartDate="2014-10-05 09:08:15.537 JST" StructureHandle="=TA2/src&amp;lt;ta2.utils{Methods.java[Methods~play_File~QActivity;" StructureKind="java" NumEvents="53" CreationCount="91"/><InteractionEvent Delta="null" EndDate="2014-10-05 09:11:24.512 JST" Interest="7.0" Kind="selection" Navigation="null" OriginId="org.eclipse.jdt.ui.CompilationUnitEditor" StartDate="2014-10-05 09:08:14.889 JST" StructureHandle="=TA2/src&amp;lt;ta2.utils{Methods.java[Methods~play_File~QActivity;" StructureKind="java" NumEvents="7" CreationCount="91"/><InteractionEvent Delta="null" EndDate="2014-10-05 09:12:00.302 JST" Interest="40.134" Kind="propagation" Navigation="org.eclipse.mylyn.core.model.edges.containment" OriginId="org.eclipse.mylyn.core.model.interest.propagation" StartDate="2014-10-05 09:08:17.6 JST" StructureHandle="=TA2/src&amp;lt;ta2.utils{Methods.java" StructureKind="java" NumEvents="56" CreationCount="89"/><InteractionEvent Delta="null" EndDate="2014-10-05 09:13:46.796 JST" Interest="10.0" Kind="selection" Navigation="null" OriginId="org.eclipse.jdt.ui.CompilationUnitEditor" StartDate="2014-10-05 09:08:14.45 JST" StructureHandle="=TA2/src&amp;lt;ta2.utils{Methods.java" StructureKind="java" NumEvents="10" CreationCount="89"/><InteractionEvent Delta="null" EndDate="2014-10-05 09:11:58.244 JST" Interest="4.0" Kind="edit" Navigation="null" OriginId="org.eclipse.jdt.ui.CompilationUnitEditor" StartDate="2014-10-05 09:07:53.652 JST" StructureHandle="=TA2/src&amp;lt;ta2.listeners.button{BO_CL.java[BO_CL~case_ACTV_PLAY_PLAY" StructureKind="java" NumEvents="4" CreationCount="81"/><InteractionEvent Delta="null" EndDate="2014-10-05 09:12:03.42 JST" Interest="8.0" Kind="selection" Navigation="null" OriginId="org.eclipse.jdt.ui.CompilationUnitEditor" StartDate="2014-10-05 09:07:53.66 JST" StructureHandle="=TA2/src&amp;lt;ta2.listeners.button{BO_CL.java[BO_CL~case_ACTV_PLAY_PLAY" StructureKind="java" NumEvents="8" CreationCount="81"/><InteractionEvent Delta="null" EndDate="2014-10-05 09:09:18.579 JST" Interest="66.0" Kind="propagation" Navigation="null" OriginId="org.eclipse.jdt.ui.CompilationUnitEditor" StartDate="2014-10-05 09:04:58.776 JST" StructureHandle="/TA2/src/ta2/main/PlayActv.java" StructureKind="resource" NumEvents="66" CreationCount="5"/><InteractionEvent Delta="null" EndDate="2014-10-05 09:13:45.235 JST" Interest="18.2" Kind="propagation" Navigation="org.eclipse.mylyn.core.model.edges.containment" OriginId="org.eclipse.mylyn.core.model.interest.propagation" StartDate="2014-10-05 09:09:50.184 JST" StructureHandle="=TA2/src&amp;lt;ta2.listeners.button{BO_TL.java[BO_TL" StructureKind="java" NumEvents="23" CreationCount="135"/><InteractionEvent Delta="null" EndDate="2014-10-05 09:14:03.942 JST" Interest="244.068" Kind="propagation" Navigation="org.eclipse.mylyn.core.model.edges.containment" OriginId="org.eclipse.mylyn.core.model.interest.propagation" StartDate="2014-10-05 09:04:38.513 JST" StructureHandle="/" StructureKind="resource" NumEvents="251" CreationCount="1"/><InteractionEvent Delta="null" EndDate="2014-10-05 09:13:45.236 JST" Interest="60.017" Kind="propagation" Navigation="null" OriginId="org.eclipse.jdt.ui.CompilationUnitEditor" StartDate="2014-10-05 09:07:42.552 JST" StructureHandle="/TA2/src/ta2/listeners/button" StructureKind="resource" NumEvents="61" CreationCount="75"/><InteractionEvent Delta="null" EndDate="2014-10-05 09:04:38.512 JST" Interest="1.0" Kind="selection" Navigation="null" OriginId="org.eclipse.ui.views.ResourceNavigator" StartDate="2014-10-05 09:04:38.512 JST" StructureHandle="=cm7" StructureKind="java"/><InteractionEvent Delta="null" EndDate="2014-10-05 09:11:13.411 JST" Interest="1.0" Kind="selection" Navigation="null" OriginId="org.eclipse.jdt.ui.CompilationUnitEditor" StartDate="2014-10-05 09:11:13.411 JST" StructureHandle="=TA2/src&amp;lt;ta2.listeners.button{BO_TL.java[BO_TL~BO_TL~QActivity;" StructureKind="java"/><InteractionEvent Delta="null" EndDate="2014-10-05 09:06:09.812 JST" Interest="1.0" Kind="propagation" Navigation="null" OriginId="org.eclipse.jdt.ui.PackageExplorer" StartDate="2014-10-05 09:06:09.812 JST" StructureHandle="/TA2/src/ta2/main/TEMPLATEActv.java" StructureKind="resource"/><InteractionEvent Delta="null" EndDate="2014-10-05 09:08:34.11 JST" Interest="1.0" Kind="selection" Navigation="null" OriginId="org.eclipse.jdt.ui.CompilationUnitEditor" StartDate="2014-10-05 09:08:34.11 JST" StructureHandle="=TA2/src&amp;lt;ta2.utils{Methods.java[Methods~start_Activity_PlatyActv~QActivity;~QMemo;" StructureKind="java"/><InteractionEvent Delta="null" EndDate="2014-10-05 09:12:03.542 JST" Interest="28.0" Kind="propagation" Navigation="null" OriginId="org.eclipse.jdt.ui.CompilationUnitEditor" StartDate="2014-10-05 09:07:43.993 JST" StructureHandle="/TA2/src/ta2/listeners/button/BO_CL.java" StructureKind="resource" NumEvents="28" CreationCount="76"/><InteractionEvent Delta="null" EndDate="2014-10-05 09:14:03.942 JST" Interest="1.0" Kind="propagation" Navigation="org.eclipse.mylyn.core.model.edges.containment" OriginId="org.eclipse.mylyn.core.model.interest.propagation" StartDate="2014-10-05 09:14:03.942 JST" StructureHandle="/TA2/bin" StructureKind="resource"/><InteractionEvent Delta="null" EndDate="2014-10-05 09:13:46.797 JST" Interest="50.613" Kind="propagation" Navigation="org.eclipse.mylyn.core.model.edges.containment" OriginId="org.eclipse.mylyn.core.model.interest.propagation" StartDate="2014-10-05 09:04:48.877 JST" StructureHandle="=TA2/src" StructureKind="java" NumEvents="77" CreationCount="2"/><InteractionEvent Delta="null" EndDate="2014-10-05 09:04:42.577 JST" Interest="1.0" Kind="selection" Navigation="null" OriginId="org.eclipse.jdt.ui.PackageExplorer" StartDate="2014-10-05 09:04:42.577 JST" StructureHandle="=TA2/src" StructureKind="java"/><InteractionEvent Delta="null" EndDate="2014-10-05 09:11:48.838 JST" Interest="44.1" Kind="propagation" Navigation="org.eclipse.mylyn.core.model.edges.containment" OriginId="org.eclipse.mylyn.core.model.interest.propagation" StartDate="2014-10-05 09:08:14.890 JST" StructureHandle="=TA2/src&amp;lt;ta2.utils{Methods.java[Methods" StructureKind="java" NumEvents="60" CreationCount="91"/><InteractionEvent Delta="null" EndDate="2014-10-05 09:12:06.401 JST" Interest="3.0" Kind="selection" Navigation="null" OriginId="org.eclipse.jdt.ui.CompilationUnitEditor" StartDate="2014-10-05 09:11:50.808 JST" StructureHandle="=TA2/src&amp;lt;ta2.utils{Methods.java[Methods" StructureKind="java" NumEvents="3" CreationCount="91"/><InteractionEvent Delta="null" EndDate="2014-10-05 09:09:18.580 JST" Interest="36.768" Kind="propagation" Navigation="org.eclipse.mylyn.core.model.edges.containment" OriginId="org.eclipse.mylyn.core.model.interest.propagation" StartDate="2014-10-05 09:05:05.117 JST" StructureHandle="=TA2/src&amp;lt;ta2.main{PlayActv.java" StructureKind="java" NumEvents="55" CreationCount="5"/><InteractionEvent Delta="null" EndDate="2014-10-05 09:09:14.584 JST" Interest="5.0" Kind="selection" Navigation="null" OriginId="org.eclipse.jdt.ui.CompilationUnitEditor" StartDate="2014-10-05 09:04:58.776 JST" StructureHandle="=TA2/src&amp;lt;ta2.main{PlayActv.java" StructureKind="java" NumEvents="5" CreationCount="5"/><InteractionEvent Delta="null" EndDate="2014-10-05 09:12:03.58 JST" Interest="4.885" Kind="propagation" Navigation="org.eclipse.mylyn.core.model.edges.containment" OriginId="org.eclipse.mylyn.core.model.interest.propagation" StartDate="2014-10-05 09:07:47.260 JST" StructureHandle="=TA2/src&amp;lt;ta2.listeners.button{BO_CL.java" StructureKind="java" NumEvents="11" CreationCount="76"/><InteractionEvent Delta="null" EndDate="2014-10-05 09:11:56.398 JST" Interest="6.0" Kind="selection" Navigation="null" OriginId="org.eclipse.jdt.ui.CompilationUnitEditor" StartDate="2014-10-05 09:07:43.992 JST" StructureHandle="=TA2/src&amp;lt;ta2.listeners.button{BO_CL.java" StructureKind="java" NumEvents="6" CreationCount="76"/><InteractionEvent Delta="null" EndDate="2014-10-05 09:13:45.236 JST" Interest="18.220001" Kind="propagation" Navigation="org.eclipse.mylyn.core.model.edges.containment" OriginId="org.eclipse.mylyn.core.model.interest.propagation" StartDate="2014-10-05 09:07:43.993 JST" StructureHandle="=TA2/src&amp;lt;ta2.listeners.button" StructureKind="java" NumEvents="27" CreationCount="75"/><InteractionEvent Delta="null" EndDate="2014-10-05 09:07:42.552 JST" Interest="1.0" Kind="selection" Navigation="null" OriginId="org.eclipse.jdt.ui.PackageExplorer" StartDate="2014-10-05 09:07:42.552 JST" StructureHandle="=TA2/src&amp;lt;ta2.listeners.button" StructureKind="java"/><InteractionEvent Delta="null" EndDate="2014-10-05 09:09:18.579 JST" Interest="66.017" Kind="propagation" Navigation="org.eclipse.mylyn.core.model.edges.containment" OriginId="org.eclipse.mylyn.core.model.interest.propagation" StartDate="2014-10-05 09:04:55.554 JST" StructureHandle="/TA2/src/ta2/main" StructureKind="resource" NumEvents="68" CreationCount="4"/><InteractionEvent Delta="null" EndDate="2014-10-05 09:04:48.875 JST" Interest="1.0" Kind="selection" Navigation="null" OriginId="org.eclipse.jdt.ui.PackageExplorer" StartDate="2014-10-05 09:04:48.875 JST" StructureHandle="=TA2/src&amp;lt;ta2.listeners" StructureKind="java"/><InteractionEvent Delta="null" EndDate="2014-10-05 09:14:03.942 JST" Interest="1.0" Kind="prediction" Navigation="null" OriginId="org.eclipse.mylyn.resources.ui.interest.updater" StartDate="2014-10-05 09:14:03.942 JST" StructureHandle="/TA2/bin/resources.ap_" StructureKind="resource"/><InteractionEvent Delta="null" EndDate="2014-10-05 09:13:52.470 JST" Interest="117.0" Kind="propagation" Navigation="null" OriginId="org.eclipse.jdt.ui.CompilationUnitEditor" StartDate="2014-10-05 09:08:14.45 JST" StructureHandle="/TA2/src/ta2/utils/Methods.java" StructureKind="resource" NumEvents="117" CreationCount="89"/><InteractionEvent Delta="null" EndDate="2014-10-05 09:12:07.17 JST" Interest="0.6320001" Kind="manipulation" Navigation="null" OriginId="org.eclipse.mylyn.core.model.interest.decay.correction" StartDate="2014-10-05 09:12:07.17 JST" StructureHandle="=TA2/src&amp;lt;ta2.utils{Methods.java[Methods~stop_Player~QActivity;" StructureKind="java"/><InteractionEvent Delta="null" EndDate="2014-10-05 09:13:52.469 JST" Interest="38.0" Kind="edit" Navigation="null" OriginId="org.eclipse.jdt.ui.CompilationUnitEditor" StartDate="2014-10-05 09:12:07.767 JST" StructureHandle="=TA2/src&amp;lt;ta2.utils{Methods.java[Methods~stop_Player~QActivity;" StructureKind="java" NumEvents="38" CreationCount="106"/><InteractionEvent Delta="null" EndDate="2014-10-05 09:13:46.952 JST" Interest="5.0" Kind="selection" Navigation="null" OriginId="org.eclipse.jdt.ui.CompilationUnitEditor" StartDate="2014-10-05 09:08:56.879 JST" StructureHandle="=TA2/src&amp;lt;ta2.utils{Methods.java[Methods~stop_Player~QActivity;" StructureKind="java" NumEvents="5" CreationCount="106"/></InteractionHistory>