<?xml version="1.0" encoding="UTF-8"?><InteractionHistory Id="local-150" Version="1"><InteractionEvent Delta="null" EndDate="2014-10-11 13:18:23.501 JST" Interest="659.05096" Kind="propagation" Navigation="org.eclipse.mylyn.core.model.edges.containment" OriginId="org.eclipse.mylyn.core.model.interest.propagation" StartDate="2014-10-11 10:22:39.73 JST" StructureHandle="" StructureKind="java" NumEvents="661" CreationCount="1"/><InteractionEvent Delta="null" EndDate="2014-10-11 12:11:21.629 JST" Interest="28.0" Kind="propagation" Navigation="null" OriginId="org.eclipse.jdt.ui.CompilationUnitEditor" StartDate="2014-10-11 11:43:18.68 JST" StructureHandle="/TA2/src/ta2/utils/CONS.java" StructureKind="resource" NumEvents="28" CreationCount="258"/><InteractionEvent Delta="null" EndDate="2014-10-11 12:51:40.24 JST" Interest="28.0" Kind="selection" Navigation="null" OriginId="org.eclipse.jdt.ui.CompilationUnitEditor" StartDate="2014-10-11 10:26:50.923 JST" StructureHandle="=IFM11/src&amp;lt;ifm11.main{CV.java[CV~update~QUri;~QContentValues;~QString;~\[QString;" StructureKind="java" NumEvents="28" CreationCount="11"/><InteractionEvent Delta="null" EndDate="2014-10-11 12:51:42.223 JST" Interest="270.0" Kind="edit" Navigation="null" OriginId="org.eclipse.jdt.ui.CompilationUnitEditor" StartDate="2014-10-11 10:26:51.590 JST" StructureHandle="=IFM11/src&amp;lt;ifm11.main{CV.java[CV~update~QUri;~QContentValues;~QString;~\[QString;" StructureKind="java" NumEvents="270" CreationCount="11"/><InteractionEvent Delta="null" EndDate="2014-10-11 12:11:21.629 JST" Interest="28.017" Kind="propagation" Navigation="org.eclipse.mylyn.core.model.edges.containment" OriginId="org.eclipse.mylyn.core.model.interest.propagation" StartDate="2014-10-11 11:43:15.538 JST" StructureHandle="/TA2/src/ta2/utils" StructureKind="resource" NumEvents="29" CreationCount="257"/><InteractionEvent Delta="null" EndDate="2014-10-11 13:14:24.55 JST" Interest="630.0" Kind="propagation" Navigation="null" OriginId="org.eclipse.ui.views.ContentOutline" StartDate="2014-10-11 10:22:48.225 JST" StructureHandle="/IFM11/src/ifm11/main/CV.java" StructureKind="resource" NumEvents="630" CreationCount="4"/><InteractionEvent Delta="null" EndDate="2014-10-11 12:43:30.836 JST" Interest="4.0" Kind="selection" Navigation="null" OriginId="org.eclipse.jdt.ui.CompilationUnitEditor" StartDate="2014-10-11 12:32:37.5 JST" StructureHandle="=IFM11/src&amp;lt;ifm11.utils{DBUtils.java[DBUtils~updateData_generic_static~QActivity;~QString;~QContentValues;~QString;~\[QString;" StructureKind="java" NumEvents="4" CreationCount="943"/><InteractionEvent Delta="null" EndDate="2014-10-11 12:32:50.968 JST" Interest="9.0" Kind="edit" Navigation="null" OriginId="org.eclipse.jdt.ui.CompilationUnitEditor" StartDate="2014-10-11 12:32:37.551 JST" StructureHandle="=IFM11/src&amp;lt;ifm11.utils{DBUtils.java[DBUtils~updateData_generic_static~QActivity;~QString;~QContentValues;~QString;~\[QString;" StructureKind="java" NumEvents="9" CreationCount="943"/><InteractionEvent Delta="null" EndDate="2014-10-11 13:18:44.519 JST" Interest="954.0" Kind="propagation" Navigation="org.eclipse.mylyn.core.model.edges.containment" OriginId="org.eclipse.mylyn.core.model.interest.propagation" StartDate="2014-10-11 10:22:46.210 JST" StructureHandle="/TA2/src/ta2" StructureKind="resource" NumEvents="954" CreationCount="2"/><InteractionEvent Delta="null" EndDate="2014-10-11 12:41:03.754 JST" Interest="7.0" Kind="selection" Navigation="null" OriginId="com.android.ide.eclipse.editors.manifest.ManifestEditor" StartDate="2014-10-11 12:09:31.532 JST" StructureHandle="/TA2/AndroidManifest.xml" StructureKind="resource" NumEvents="7" CreationCount="667"/><InteractionEvent Delta="null" EndDate="2014-10-11 12:38:58.197 JST" Interest="0.5840006" Kind="manipulation" Navigation="null" OriginId="org.eclipse.mylyn.core.model.interest.decay.correction" StartDate="2014-10-11 12:38:58.197 JST" StructureHandle="/TA2/AndroidManifest.xml" StructureKind="resource"/><InteractionEvent Delta="null" EndDate="2014-10-11 12:41:03.821 JST" Interest="4.0" Kind="edit" Navigation="null" OriginId="com.android.ide.eclipse.editors.manifest.ManifestEditor" StartDate="2014-10-11 12:10:51.556 JST" StructureHandle="/TA2/AndroidManifest.xml" StructureKind="resource" NumEvents="4" CreationCount="667"/><InteractionEvent Delta="null" EndDate="2014-10-11 12:33:07.265 JST" Interest="2.0" Kind="selection" Navigation="null" OriginId="org.eclipse.jdt.ui.CompilationUnitEditor" StartDate="2014-10-11 10:22:48.319 JST" StructureHandle="=IFM11/src&amp;lt;ifm11.main{CV.java[CV~delete~QUri;~QString;~\[QString;" StructureKind="java" NumEvents="2" CreationCount="5"/><InteractionEvent Delta="null" EndDate="2014-10-11 12:33:07.265 JST" Interest="15.371" Kind="manipulation" Navigation="null" OriginId="org.eclipse.mylyn.core.model.interest.decay.correction" StartDate="2014-10-11 12:33:07.265 JST" StructureHandle="=IFM11/src&amp;lt;ifm11.main{CV.java[CV~delete~QUri;~QString;~\[QString;" StructureKind="java"/><InteractionEvent Delta="null" EndDate="2014-10-11 12:26:23.385 JST" Interest="1.0" Kind="propagation" Navigation="org.eclipse.mylyn.core.model.edges.containment" OriginId="org.eclipse.mylyn.core.model.interest.propagation" StartDate="2014-10-11 12:26:23.385 JST" StructureHandle="/IFM11/bin" StructureKind="resource"/><InteractionEvent Delta="null" EndDate="2014-10-11 12:17:45.189 JST" Interest="1.0" Kind="selection" Navigation="null" OriginId="org.eclipse.jdt.ui.PackageExplorer" StartDate="2014-10-11 12:17:45.189 JST" StructureHandle="=IFM11/src&amp;lt;ifm11.main{MainActv.java" StructureKind="java"/><InteractionEvent Delta="null" EndDate="2014-10-11 11:43:20.834 JST" Interest="1.0" Kind="selection" Navigation="null" OriginId="org.eclipse.ui.views.ContentOutline" StartDate="2014-10-11 11:43:20.834 JST" StructureHandle="=TA2/src&amp;lt;ta2.utils{CONS.java%ta2.utils" StructureKind="java"/><InteractionEvent Delta="null" EndDate="2014-10-11 13:03:47.242 JST" Interest="12.0" Kind="prediction" Navigation="null" OriginId="org.eclipse.mylyn.resources.ui.interest.updater" StartDate="2014-10-11 11:45:13.941 JST" StructureHandle="/TA2/bin/TA2.apk" StructureKind="resource" NumEvents="12" CreationCount="339"/><InteractionEvent Delta="null" EndDate="2014-10-11 13:18:23.500 JST" Interest="658.05096" Kind="propagation" Navigation="org.eclipse.mylyn.core.model.edges.containment" OriginId="org.eclipse.mylyn.core.model.interest.propagation" StartDate="2014-10-11 10:22:48.225 JST" StructureHandle="=IFM11" StructureKind="resource" NumEvents="660" CreationCount="1"/><InteractionEvent Delta="null" EndDate="2014-10-11 10:22:39.72 JST" Interest="1.0" Kind="selection" Navigation="null" OriginId="org.eclipse.ui.views.ResourceNavigator" StartDate="2014-10-11 10:22:39.72 JST" StructureHandle="=IFM11" StructureKind="java"/><InteractionEvent Delta="null" EndDate="2014-10-11 11:53:49.604 JST" Interest="3.0879998" Kind="propagation" Navigation="org.eclipse.mylyn.core.model.edges.containment" OriginId="org.eclipse.mylyn.core.model.interest.propagation" StartDate="2014-10-11 11:48:22.739 JST" StructureHandle="=TA2/src&amp;lt;ta2.utils{CONS.java[CONS[PhotoActv" StructureKind="java" NumEvents="3" CreationCount="262"/><InteractionEvent Delta="null" EndDate="2014-10-11 12:11:15.990 JST" Interest="4.0" Kind="selection" Navigation="null" OriginId="org.eclipse.jdt.ui.CompilationUnitEditor" StartDate="2014-10-11 11:43:24.408 JST" StructureHandle="=TA2/src&amp;lt;ta2.utils{CONS.java[CONS[PhotoActv" StructureKind="java" NumEvents="4" CreationCount="262"/><InteractionEvent Delta="null" EndDate="2014-10-11 12:11:21.627 JST" Interest="4.0" Kind="edit" Navigation="null" OriginId="org.eclipse.jdt.ui.CompilationUnitEditor" StartDate="2014-10-11 11:43:24.997 JST" StructureHandle="=TA2/src&amp;lt;ta2.utils{CONS.java[CONS[PhotoActv" StructureKind="java" NumEvents="4" CreationCount="262"/><InteractionEvent Delta="null" EndDate="2014-10-11 12:32:37.75 JST" Interest="3.0" Kind="selection" Navigation="null" OriginId="org.eclipse.jdt.ui.CompilationUnitEditor" StartDate="2014-10-11 12:32:32.483 JST" StructureHandle="=IFM11/src&amp;lt;ifm11.utils{DBUtils.java[DBUtils~del_Pattern~QActivity;~QWordPattern;" StructureKind="java" NumEvents="3" CreationCount="942"/><InteractionEvent Delta="null" EndDate="2014-10-11 13:15:18.52 JST" Interest="1.0" Kind="propagation" Navigation="org.eclipse.mylyn.core.model.edges.containment" OriginId="org.eclipse.mylyn.core.model.interest.propagation" StartDate="2014-10-11 13:15:18.52 JST" StructureHandle="=TA2/src&amp;lt;ta2.listeners.button{BO_TL.java[BO_TL" StructureKind="java"/><InteractionEvent Delta="null" EndDate="2014-10-11 13:18:23.501 JST" Interest="1042.0171" Kind="propagation" Navigation="null" OriginId="org.eclipse.ui.views.ResourceNavigator" StartDate="2014-10-11 10:22:39.73 JST" StructureHandle="/" StructureKind="resource" NumEvents="1054" CreationCount="1"/><InteractionEvent Delta="null" EndDate="2014-10-11 13:15:18.52 JST" Interest="1.0" Kind="selection" Navigation="null" OriginId="org.eclipse.jdt.ui.CompilationUnitEditor" StartDate="2014-10-11 13:15:18.52 JST" StructureHandle="=TA2/src&amp;lt;ta2.listeners.button{BO_TL.java[BO_TL~BO_TL~QActivity;" StructureKind="java"/><InteractionEvent Delta="null" EndDate="2014-10-11 12:01:29.389 JST" Interest="5.0" Kind="propagation" Navigation="org.eclipse.mylyn.core.model.edges.containment" OriginId="org.eclipse.mylyn.core.model.interest.propagation" StartDate="2014-10-11 11:45:13.942 JST" StructureHandle="/TA2/bin" StructureKind="resource" NumEvents="3" CreationCount="339"/><InteractionEvent Delta="null" EndDate="2014-10-11 13:18:44.519 JST" Interest="954.0" Kind="propagation" Navigation="null" OriginId="org.eclipse.jdt.ui.PackageExplorer" StartDate="2014-10-11 10:22:46.209 JST" StructureHandle="/TA2/src/ta2/main" StructureKind="resource" NumEvents="954" CreationCount="2"/><InteractionEvent Delta="null" EndDate="2014-10-11 13:09:27.391 JST" Interest="3.0" Kind="prediction" Navigation="null" OriginId="org.eclipse.mylyn.resources.ui.interest.updater" StartDate="2014-10-11 12:26:23.385 JST" StructureHandle="/IFM11/bin/IFM11.apk" StructureKind="resource" NumEvents="3" CreationCount="911"/><InteractionEvent Delta="null" EndDate="2014-10-11 13:03:15.406 JST" Interest="39.0" Kind="selection" Navigation="null" OriginId="org.eclipse.ui.views.ContentOutline" StartDate="2014-10-11 10:34:13.869 JST" StructureHandle="=TA2/src&amp;lt;ta2.main{PhotoActv.java[PhotoActv~_test_CV_update_void" StructureKind="java" NumEvents="39" CreationCount="102"/><InteractionEvent Delta="null" EndDate="2014-10-11 12:44:31.129 JST" Interest="306.0" Kind="edit" Navigation="null" OriginId="org.eclipse.jdt.ui.CompilationUnitEditor" StartDate="2014-10-11 10:34:15.287 JST" StructureHandle="=TA2/src&amp;lt;ta2.main{PhotoActv.java[PhotoActv~_test_CV_update" StructureKind="java" NumEvents="306" CreationCount="102"/><InteractionEvent Delta="null" EndDate="2014-10-11 13:18:44.208 JST" Interest="3.519" Kind="propagation" Navigation="org.eclipse.mylyn.core.model.edges.containment" OriginId="org.eclipse.mylyn.core.model.interest.propagation" StartDate="2014-10-11 13:15:17.131 JST" StructureHandle="=TA2/src&amp;lt;ta2.listeners.button" StructureKind="java" NumEvents="9" CreationCount="1667"/><InteractionEvent Delta="null" EndDate="2014-10-11 11:49:18.825 JST" Interest="1.0" Kind="selection" Navigation="null" OriginId="org.eclipse.jdt.ui.CompilationUnitEditor" StartDate="2014-10-11 11:49:18.825 JST" StructureHandle="=IFM11/src&amp;lt;ifm11.main{CV.java[CV[DatabaseHelper~DatabaseHelper~QContext;~QString;" StructureKind="java"/><InteractionEvent Delta="null" EndDate="2014-10-11 11:49:18.840 JST" Interest="3.0" Kind="edit" Navigation="null" OriginId="org.eclipse.jdt.ui.CompilationUnitEditor" StartDate="2014-10-11 11:49:18.830 JST" StructureHandle="=IFM11/src&amp;lt;ifm11.main{CV.java[CV[DatabaseHelper~DatabaseHelper~QContext;~QString;" StructureKind="java" NumEvents="3" CreationCount="410"/><InteractionEvent Delta="null" EndDate="2014-10-11 12:44:18.319 JST" Interest="49.269997" Kind="propagation" Navigation="org.eclipse.mylyn.core.model.edges.containment" OriginId="org.eclipse.mylyn.core.model.interest.propagation" StartDate="2014-10-11 12:18:11.409 JST" StructureHandle="=TA2/src&amp;lt;ta2.main{MainActv.java" StructureKind="java" NumEvents="76" CreationCount="818"/><InteractionEvent Delta="null" EndDate="2014-10-11 12:48:52.830 JST" Interest="14.0" Kind="selection" Navigation="null" OriginId="org.eclipse.jdt.ui.CompilationUnitEditor" StartDate="2014-10-11 12:17:51.856 JST" StructureHandle="=TA2/src&amp;lt;ta2.main{MainActv.java" StructureKind="java" NumEvents="14" CreationCount="818"/><InteractionEvent Delta="null" EndDate="2014-10-11 13:18:44.208 JST" Interest="3.434" Kind="propagation" Navigation="org.eclipse.mylyn.core.model.edges.containment" OriginId="org.eclipse.mylyn.core.model.interest.propagation" StartDate="2014-10-11 13:15:25.518 JST" StructureHandle="=TA2/src&amp;lt;ta2.listeners.button{BO_CL.java[BO_CL" StructureKind="java" NumEvents="6" CreationCount="1672"/><InteractionEvent Delta="null" EndDate="2014-10-11 11:49:18.840 JST" Interest="0.86699986" Kind="propagation" Navigation="org.eclipse.mylyn.core.model.edges.containment" OriginId="org.eclipse.mylyn.core.model.interest.propagation" StartDate="2014-10-11 11:49:18.836 JST" StructureHandle="=IFM11/src&amp;lt;ifm11.main{CV.java[CV[DatabaseHelper" StructureKind="java" NumEvents="2" CreationCount="359"/><InteractionEvent Delta="null" EndDate="2014-10-11 12:38:08.705 JST" Interest="4.0" Kind="selection" Navigation="null" OriginId="org.eclipse.jdt.ui.CompilationUnitEditor" StartDate="2014-10-11 11:47:04.656 JST" StructureHandle="=IFM11/src&amp;lt;ifm11.main{CV.java[CV[DatabaseHelper" StructureKind="java" NumEvents="4" CreationCount="359"/><InteractionEvent Delta="null" EndDate="2014-10-11 12:35:32.9 JST" Interest="7.168" Kind="manipulation" Navigation="null" OriginId="org.eclipse.mylyn.core.model.interest.decay.correction" StartDate="2014-10-11 12:35:32.9 JST" StructureHandle="=IFM11/src&amp;lt;ifm11.main{CV.java[CV[DatabaseHelper" StructureKind="java"/><InteractionEvent Delta="null" EndDate="2014-10-11 12:35:38.54 JST" Interest="6.0" Kind="edit" Navigation="null" OriginId="org.eclipse.jdt.ui.CompilationUnitEditor" StartDate="2014-10-11 11:47:04.661 JST" StructureHandle="=IFM11/src&amp;lt;ifm11.main{CV.java[CV[DatabaseHelper" StructureKind="java" NumEvents="6" CreationCount="359"/><InteractionEvent Delta="null" EndDate="2014-10-11 12:17:45.189 JST" Interest="1.0" Kind="propagation" Navigation="null" OriginId="org.eclipse.jdt.ui.PackageExplorer" StartDate="2014-10-11 12:17:45.189 JST" StructureHandle="/IFM11/src/ifm11/main/MainActv.java" StructureKind="resource"/><InteractionEvent Delta="null" EndDate="2014-10-11 13:15:19.889 JST" Interest="4.0" Kind="selection" Navigation="null" OriginId="org.eclipse.jdt.ui.CompilationUnitEditor" StartDate="2014-10-11 13:14:27.408 JST" StructureHandle="=TA2/src&amp;lt;ta2.main{PhotoActv.java[PhotoActv~_Setup_Listeners_IBs" StructureKind="java" NumEvents="4" CreationCount="1630"/><InteractionEvent Delta="null" EndDate="2014-10-11 13:15:11.879 JST" Interest="32.0" Kind="edit" Navigation="null" OriginId="org.eclipse.jdt.ui.CompilationUnitEditor" StartDate="2014-10-11 13:14:27.994 JST" StructureHandle="=TA2/src&amp;lt;ta2.main{PhotoActv.java[PhotoActv~_Setup_Listeners_IBs" StructureKind="java" NumEvents="32" CreationCount="1630"/><InteractionEvent Delta="null" EndDate="2014-10-11 11:53:49.603 JST" Interest="6.0" Kind="selection" Navigation="null" OriginId="org.eclipse.jdt.ui.CompilationUnitEditor" StartDate="2014-10-11 11:43:27.122 JST" StructureHandle="=TA2/src&amp;lt;ta2.utils{CONS.java[CONS[PhotoActv^content_Uri" StructureKind="java" NumEvents="6" CreationCount="267"/><InteractionEvent Delta="null" EndDate="2014-10-11 11:53:44.865 JST" Interest="0.40300012" Kind="manipulation" Navigation="null" OriginId="org.eclipse.mylyn.core.model.interest.decay.correction" StartDate="2014-10-11 11:44:54.152 JST" StructureHandle="=TA2/src&amp;lt;ta2.utils{CONS.java[CONS[PhotoActv^content_Uri" StructureKind="java" NumEvents="3" CreationCount="267"/><InteractionEvent Delta="null" EndDate="2014-10-11 12:17:35.773 JST" Interest="248.083" Kind="propagation" Navigation="org.eclipse.mylyn.core.model.edges.containment" OriginId="org.eclipse.mylyn.core.model.interest.propagation" StartDate="2014-10-11 10:22:46.297 JST" StructureHandle="=TA2/src&amp;lt;ta2.main{PhotoActv.java[PhotoActv" StructureKind="java" NumEvents="342" CreationCount="3"/><InteractionEvent Delta="null" EndDate="2014-10-11 12:44:49.876 JST" Interest="8.0" Kind="selection" Navigation="null" OriginId="org.eclipse.jdt.ui.CompilationUnitEditor" StartDate="2014-10-11 10:34:16.599 JST" StructureHandle="=TA2/src&amp;lt;ta2.main{PhotoActv.java[PhotoActv" StructureKind="java" NumEvents="8" CreationCount="3"/><InteractionEvent Delta="null" EndDate="2014-10-11 12:44:49.882 JST" Interest="8.0" Kind="edit" Navigation="null" OriginId="org.eclipse.jdt.ui.CompilationUnitEditor" StartDate="2014-10-11 12:17:37.657 JST" StructureHandle="=TA2/src&amp;lt;ta2.main{PhotoActv.java[PhotoActv" StructureKind="java" NumEvents="8" CreationCount="3"/><InteractionEvent Delta="null" EndDate="2014-10-11 13:15:26.418 JST" Interest="1.0" Kind="selection" Navigation="null" OriginId="org.eclipse.jdt.ui.CompilationUnitEditor" StartDate="2014-10-11 13:15:26.418 JST" StructureHandle="=TA2/src&amp;lt;ta2.listeners.button{BO_CL.java[BO_CL~onClick~QView;" StructureKind="java"/><InteractionEvent Delta="null" EndDate="2014-10-11 13:15:19.890 JST" Interest="822.0" Kind="propagation" Navigation="null" OriginId="org.eclipse.jdt.ui.CompilationUnitEditor" StartDate="2014-10-11 10:22:46.209 JST" StructureHandle="/TA2/src/ta2/main/PhotoActv.java" StructureKind="resource" NumEvents="822" CreationCount="2"/><InteractionEvent Delta="null" EndDate="2014-10-11 12:40:59.775 JST" Interest="6.0" Kind="selection" Navigation="null" OriginId="com.android.ide.eclipse.editors.manifest.ManifestEditor" StartDate="2014-10-11 12:11:02.431 JST" StructureHandle="/IFM11/AndroidManifest.xml" StructureKind="resource" NumEvents="6" CreationCount="672"/><InteractionEvent Delta="null" EndDate="2014-10-11 12:38:58.438 JST" Interest="0.816" Kind="manipulation" Navigation="null" OriginId="org.eclipse.mylyn.core.model.interest.decay.correction" StartDate="2014-10-11 12:38:58.438 JST" StructureHandle="/IFM11/AndroidManifest.xml" StructureKind="resource"/><InteractionEvent Delta="null" EndDate="2014-10-11 12:40:59.847 JST" Interest="5.0" Kind="edit" Navigation="null" OriginId="com.android.ide.eclipse.editors.manifest.ManifestEditor" StartDate="2014-10-11 12:11:02.547 JST" StructureHandle="/IFM11/AndroidManifest.xml" StructureKind="resource" NumEvents="5" CreationCount="672"/><InteractionEvent Delta="null" EndDate="2014-10-11 12:49:32.112 JST" Interest="130.0" Kind="propagation" Navigation="null" OriginId="org.eclipse.jdt.ui.CompilationUnitEditor" StartDate="2014-10-11 12:17:51.856 JST" StructureHandle="/TA2/src/ta2/main/MainActv.java" StructureKind="resource" NumEvents="130" CreationCount="818"/><InteractionEvent Delta="null" EndDate="2014-10-11 13:18:44.208 JST" Interest="9.0" Kind="propagation" Navigation="null" OriginId="org.eclipse.jdt.ui.CompilationUnitEditor" StartDate="2014-10-11 13:15:17.131 JST" StructureHandle="/TA2/src/ta2/listeners/button" StructureKind="resource" NumEvents="9" CreationCount="1667"/><InteractionEvent Delta="null" EndDate="2014-10-11 13:15:25.517 JST" Interest="1.0" Kind="selection" Navigation="null" OriginId="org.eclipse.jdt.ui.CompilationUnitEditor" StartDate="2014-10-11 13:15:25.517 JST" StructureHandle="=TA2/src&amp;lt;ta2.listeners.button{BO_CL.java[BO_CL~BO_CL~QActivity;" StructureKind="java"/><InteractionEvent Delta="null" EndDate="2014-10-11 12:51:42.223 JST" Interest="201.502" Kind="propagation" Navigation="org.eclipse.mylyn.core.model.edges.containment" OriginId="org.eclipse.mylyn.core.model.interest.propagation" StartDate="2014-10-11 10:22:48.319 JST" StructureHandle="=IFM11/src&amp;lt;ifm11.main{CV.java[CV" StructureKind="java" NumEvents="282" CreationCount="5"/><InteractionEvent Delta="null" EndDate="2014-10-11 12:41:05.847 JST" Interest="10.0" Kind="selection" Navigation="null" OriginId="org.eclipse.jdt.ui.CompilationUnitEditor" StartDate="2014-10-11 11:42:16.462 JST" StructureHandle="=IFM11/src&amp;lt;ifm11.main{CV.java[CV" StructureKind="java" NumEvents="10" CreationCount="5"/><InteractionEvent Delta="null" EndDate="2014-10-11 12:31:59.76 JST" Interest="8.0" Kind="edit" Navigation="null" OriginId="org.eclipse.jdt.ui.CompilationUnitEditor" StartDate="2014-10-11 11:42:16.466 JST" StructureHandle="=IFM11/src&amp;lt;ifm11.main{CV.java[CV" StructureKind="java" NumEvents="8" CreationCount="5"/><InteractionEvent Delta="null" EndDate="2014-10-11 13:18:23.501 JST" Interest="660.0" Kind="propagation" Navigation="null" OriginId="org.eclipse.ui.views.ResourceNavigator" StartDate="2014-10-11 10:22:48.225 JST" StructureHandle="/IFM11/src" StructureKind="resource" NumEvents="660" CreationCount="4"/><InteractionEvent Delta="null" EndDate="2014-10-11 13:03:38.726 JST" Interest="7.0" Kind="selection" Navigation="null" OriginId="org.eclipse.jdt.ui.CompilationUnitEditor" StartDate="2014-10-11 12:47:53.625 JST" StructureHandle="=TA2/src&amp;lt;ta2.main{PhotoActv.java[PhotoActv~onStart" StructureKind="java" NumEvents="7" CreationCount="1287"/><InteractionEvent Delta="null" EndDate="2014-10-11 13:04:57.582 JST" Interest="115.0" Kind="edit" Navigation="null" OriginId="org.eclipse.jdt.ui.CompilationUnitEditor" StartDate="2014-10-11 12:47:54.208 JST" StructureHandle="=TA2/src&amp;lt;ta2.main{PhotoActv.java[PhotoActv~onStart" StructureKind="java" NumEvents="115" CreationCount="1287"/><InteractionEvent Delta="null" EndDate="2014-10-11 13:14:24.56 JST" Interest="631.0" Kind="propagation" Navigation="org.eclipse.mylyn.core.model.edges.containment" OriginId="org.eclipse.mylyn.core.model.interest.propagation" StartDate="2014-10-11 10:22:48.225 JST" StructureHandle="/IFM11/src/ifm11" StructureKind="resource" NumEvents="631" CreationCount="4"/><InteractionEvent Delta="null" EndDate="2014-10-11 13:07:13.126 JST" Interest="219.419" Kind="propagation" Navigation="org.eclipse.mylyn.core.model.edges.containment" OriginId="org.eclipse.mylyn.core.model.interest.propagation" StartDate="2014-10-11 10:22:48.226 JST" StructureHandle="=IFM11/src" StructureKind="java" NumEvents="309" CreationCount="4"/><InteractionEvent Delta="null" EndDate="2014-10-11 12:44:49.885 JST" Interest="225.7" Kind="propagation" Navigation="org.eclipse.mylyn.core.model.edges.containment" OriginId="org.eclipse.mylyn.core.model.interest.propagation" StartDate="2014-10-11 10:22:46.298 JST" StructureHandle="=TA2/src&amp;lt;ta2.main{PhotoActv.java" StructureKind="java" NumEvents="327" CreationCount="2"/><InteractionEvent Delta="null" EndDate="2014-10-11 13:15:19.803 JST" Interest="45.0" Kind="selection" Navigation="null" OriginId="org.eclipse.jdt.ui.CompilationUnitEditor" StartDate="2014-10-11 10:22:46.209 JST" StructureHandle="=TA2/src&amp;lt;ta2.main{PhotoActv.java" StructureKind="java" NumEvents="45" CreationCount="2"/><InteractionEvent Delta="null" EndDate="2014-10-11 11:53:47.184 JST" Interest="1.0" Kind="selection" Navigation="null" OriginId="org.eclipse.jdt.ui.CompilationUnitEditor" StartDate="2014-10-11 11:53:47.184 JST" StructureHandle="=TA2/src&amp;lt;ta2.utils{CONS.java[CONS[DB^dbName_IFM11" StructureKind="java"/><InteractionEvent Delta="null" EndDate="2014-10-11 13:15:18.53 JST" Interest="0.01700002" Kind="propagation" Navigation="org.eclipse.mylyn.core.model.edges.containment" OriginId="org.eclipse.mylyn.core.model.interest.propagation" StartDate="2014-10-11 13:15:18.53 JST" StructureHandle="=TA2/src&amp;lt;ta2.listeners.button{BO_TL.java" StructureKind="java"/><InteractionEvent Delta="null" EndDate="2014-10-11 13:15:17.130 JST" Interest="1.0" Kind="selection" Navigation="null" OriginId="org.eclipse.jdt.ui.CompilationUnitEditor" StartDate="2014-10-11 13:15:17.130 JST" StructureHandle="=TA2/src&amp;lt;ta2.listeners.button{BO_TL.java" StructureKind="java"/><InteractionEvent Delta="null" EndDate="2014-10-11 13:18:23.499 JST" Interest="2.0" Kind="selection" Navigation="null" OriginId="org.eclipse.ui.views.ResourceNavigator" StartDate="2014-10-11 13:13:13.920 JST" StructureHandle="=IFM11/src&amp;lt;ifm11.listeners.button" StructureKind="java" NumEvents="2" CreationCount="1616"/><InteractionEvent Delta="null" EndDate="2014-10-11 13:18:23.499 JST" Interest="0.003000021" Kind="manipulation" Navigation="null" OriginId="org.eclipse.mylyn.core.model.interest.decay.correction" StartDate="2014-10-11 13:18:23.499 JST" StructureHandle="=IFM11/src&amp;lt;ifm11.listeners.button" StructureKind="java"/><InteractionEvent Delta="null" EndDate="2014-10-11 12:59:09.993 JST" Interest="24.0" Kind="propagation" Navigation="null" OriginId="org.eclipse.ui.views.ResourceNavigator" StartDate="2014-10-11 12:32:28.241 JST" StructureHandle="/IFM11/src/ifm11/utils/DBUtils.java" StructureKind="resource" NumEvents="24" CreationCount="939"/><InteractionEvent Delta="null" EndDate="2014-10-11 12:43:33.892 JST" Interest="7.3679996" Kind="propagation" Navigation="org.eclipse.mylyn.core.model.edges.containment" OriginId="org.eclipse.mylyn.core.model.interest.propagation" StartDate="2014-10-11 12:32:37.73 JST" StructureHandle="=IFM11/src&amp;lt;ifm11.utils{DBUtils.java" StructureKind="java" NumEvents="13" CreationCount="939"/><InteractionEvent Delta="null" EndDate="2014-10-11 12:59:09.993 JST" Interest="5.0" Kind="selection" Navigation="null" OriginId="org.eclipse.ui.views.ResourceNavigator" StartDate="2014-10-11 12:32:28.240 JST" StructureHandle="=IFM11/src&amp;lt;ifm11.utils{DBUtils.java" StructureKind="java" NumEvents="5" CreationCount="939"/><InteractionEvent Delta="null" EndDate="2014-10-11 13:07:13.126 JST" Interest="219.419" Kind="propagation" Navigation="org.eclipse.mylyn.core.model.edges.containment" OriginId="org.eclipse.mylyn.core.model.interest.propagation" StartDate="2014-10-11 10:22:48.225 JST" StructureHandle="=IFM11/src&amp;lt;ifm11.main" StructureKind="java" NumEvents="309" CreationCount="4"/><InteractionEvent Delta="null" EndDate="2014-10-11 13:15:19.803 JST" Interest="270.7" Kind="propagation" Navigation="org.eclipse.mylyn.core.model.edges.containment" OriginId="org.eclipse.mylyn.core.model.interest.propagation" StartDate="2014-10-11 10:22:46.210 JST" StructureHandle="=TA2/src&amp;lt;ta2.main" StructureKind="java" NumEvents="388" CreationCount="2"/><InteractionEvent Delta="null" EndDate="2014-10-11 13:18:25.244 JST" Interest="1.0" Kind="selection" Navigation="null" OriginId="org.eclipse.jdt.ui.PackageExplorer" StartDate="2014-10-11 13:18:25.244 JST" StructureHandle="=TA2/src&amp;lt;ta2.main" StructureKind="java"/><InteractionEvent Delta="null" EndDate="2014-10-11 12:59:09.993 JST" Interest="24.017" Kind="propagation" Navigation="org.eclipse.mylyn.core.model.edges.containment" OriginId="org.eclipse.mylyn.core.model.interest.propagation" StartDate="2014-10-11 12:32:26.587 JST" StructureHandle="/IFM11/src/ifm11/utils" StructureKind="resource" NumEvents="25" CreationCount="938"/><InteractionEvent Delta="null" EndDate="2014-10-11 12:44:04.735 JST" Interest="56.552998" Kind="propagation" Navigation="org.eclipse.mylyn.core.model.edges.containment" OriginId="org.eclipse.mylyn.core.model.interest.propagation" StartDate="2014-10-11 12:18:11.408 JST" StructureHandle="=TA2/src&amp;lt;ta2.main{MainActv.java[MainActv" StructureKind="java" NumEvents="80" CreationCount="819"/><InteractionEvent Delta="null" EndDate="2014-10-11 12:44:18.319 JST" Interest="5.0" Kind="selection" Navigation="null" OriginId="org.eclipse.jdt.ui.CompilationUnitEditor" StartDate="2014-10-11 12:18:24.288 JST" StructureHandle="=TA2/src&amp;lt;ta2.main{MainActv.java[MainActv" StructureKind="java" NumEvents="5" CreationCount="819"/><InteractionEvent Delta="null" EndDate="2014-10-11 12:19:04.608 JST" Interest="1.0" Kind="edit" Navigation="null" OriginId="org.eclipse.jdt.ui.CompilationUnitEditor" StartDate="2014-10-11 12:19:04.608 JST" StructureHandle="=TA2/src&amp;lt;ta2.main{MainActv.java[MainActv" StructureKind="java"/><InteractionEvent Delta="null" EndDate="2014-10-11 13:18:44.208 JST" Interest="9.0" Kind="propagation" Navigation="org.eclipse.mylyn.core.model.edges.containment" OriginId="org.eclipse.mylyn.core.model.interest.propagation" StartDate="2014-10-11 13:15:17.131 JST" StructureHandle="/TA2/src/ta2/listeners" StructureKind="resource" NumEvents="9" CreationCount="1667"/><InteractionEvent Delta="null" EndDate="2014-10-11 13:06:45.558 JST" Interest="15.0" Kind="selection" Navigation="null" OriginId="org.eclipse.jdt.ui.CompilationUnitEditor" StartDate="2014-10-11 10:33:55.414 JST" StructureHandle="=TA2/src&amp;lt;ta2.main{PhotoActv.java[PhotoActv~do_test" StructureKind="java" NumEvents="15" CreationCount="86"/><InteractionEvent Delta="null" EndDate="2014-10-11 13:03:18.634 JST" Interest="3.9570007" Kind="manipulation" Navigation="null" OriginId="org.eclipse.mylyn.core.model.interest.decay.correction" StartDate="2014-10-11 12:44:41.237 JST" StructureHandle="=TA2/src&amp;lt;ta2.main{PhotoActv.java[PhotoActv~do_test" StructureKind="java" NumEvents="2" CreationCount="86"/><InteractionEvent Delta="null" EndDate="2014-10-11 13:06:47.905 JST" Interest="21.0" Kind="edit" Navigation="null" OriginId="org.eclipse.jdt.ui.CompilationUnitEditor" StartDate="2014-10-11 10:33:55.960 JST" StructureHandle="=TA2/src&amp;lt;ta2.main{PhotoActv.java[PhotoActv~do_test" StructureKind="java" NumEvents="21" CreationCount="86"/><InteractionEvent Delta="null" EndDate="2014-10-11 11:44:57.265 JST" Interest="3.0" Kind="selection" Navigation="null" OriginId="org.eclipse.jdt.ui.CompilationUnitEditor" StartDate="2014-10-11 11:44:55.690 JST" StructureHandle="=TA2/src&amp;lt;ta2.main{PhotoActv.java[PhotoActv~case_OPT_Settings" StructureKind="java" NumEvents="3" CreationCount="333"/><InteractionEvent Delta="null" EndDate="2014-10-11 12:47:53.711 JST" Interest="9.0" Kind="selection" Navigation="null" OriginId="org.eclipse.jdt.ui.CompilationUnitEditor" StartDate="2014-10-11 10:22:46.296 JST" StructureHandle="=TA2/src&amp;lt;ta2.main{PhotoActv.java[PhotoActv~_Setup_List~QCursor;" StructureKind="java" NumEvents="9" CreationCount="3"/><InteractionEvent Delta="null" EndDate="2014-10-11 12:47:36.453 JST" Interest="16.539001" Kind="manipulation" Navigation="null" OriginId="org.eclipse.mylyn.core.model.interest.decay.correction" StartDate="2014-10-11 12:47:36.453 JST" StructureHandle="=TA2/src&amp;lt;ta2.main{PhotoActv.java[PhotoActv~_Setup_List~QCursor;" StructureKind="java"/><InteractionEvent Delta="null" EndDate="2014-10-11 12:47:46.86 JST" Interest="14.0" Kind="edit" Navigation="null" OriginId="org.eclipse.jdt.ui.CompilationUnitEditor" StartDate="2014-10-11 12:47:36.458 JST" StructureHandle="=TA2/src&amp;lt;ta2.main{PhotoActv.java[PhotoActv~_Setup_List~QCursor;" StructureKind="java" NumEvents="14" CreationCount="3"/><InteractionEvent Delta="null" EndDate="2014-10-11 12:35:32.97 JST" Interest="9.0" Kind="selection" Navigation="null" OriginId="org.eclipse.jdt.ui.CompilationUnitEditor" StartDate="2014-10-11 10:26:40.760 JST" StructureHandle="=IFM11/src&amp;lt;ifm11.main{CV.java[CV~insert~QUri;~QContentValues;" StructureKind="java" NumEvents="9" CreationCount="6"/><InteractionEvent Delta="null" EndDate="2014-10-11 12:31:53.412 JST" Interest="8.438001" Kind="manipulation" Navigation="null" OriginId="org.eclipse.mylyn.core.model.interest.decay.correction" StartDate="2014-10-11 12:20:54.667 JST" StructureHandle="=IFM11/src&amp;lt;ifm11.main{CV.java[CV~insert~QUri;~QContentValues;" StructureKind="java" NumEvents="2" CreationCount="6"/><InteractionEvent Delta="null" EndDate="2014-10-11 12:31:53.925 JST" Interest="4.0" Kind="edit" Navigation="null" OriginId="org.eclipse.jdt.ui.CompilationUnitEditor" StartDate="2014-10-11 10:26:40.793 JST" StructureHandle="=IFM11/src&amp;lt;ifm11.main{CV.java[CV~insert~QUri;~QContentValues;" StructureKind="java" NumEvents="4" CreationCount="6"/><InteractionEvent Delta="null" EndDate="2014-10-11 12:11:21.286 JST" Interest="9.573" Kind="propagation" Navigation="org.eclipse.mylyn.core.model.edges.containment" OriginId="org.eclipse.mylyn.core.model.interest.propagation" StartDate="2014-10-11 11:43:18.68 JST" StructureHandle="=TA2/src&amp;lt;ta2.utils" StructureKind="java" NumEvents="16" CreationCount="257"/><InteractionEvent Delta="null" EndDate="2014-10-11 11:43:15.537 JST" Interest="1.0" Kind="selection" Navigation="null" OriginId="org.eclipse.jdt.ui.PackageExplorer" StartDate="2014-10-11 11:43:15.537 JST" StructureHandle="=TA2/src&amp;lt;ta2.utils" StructureKind="java"/><InteractionEvent Delta="null" EndDate="2014-10-11 12:43:30.837 JST" Interest="10.316999" Kind="propagation" Navigation="org.eclipse.mylyn.core.model.edges.containment" OriginId="org.eclipse.mylyn.core.model.interest.propagation" StartDate="2014-10-11 12:32:32.484 JST" StructureHandle="=IFM11/src&amp;lt;ifm11.utils{DBUtils.java[DBUtils" StructureKind="java" NumEvents="15" CreationCount="942"/><InteractionEvent Delta="null" EndDate="2014-10-11 13:18:23.500 JST" Interest="3.0370002" Kind="propagation" Navigation="org.eclipse.mylyn.core.model.edges.containment" OriginId="org.eclipse.mylyn.core.model.interest.propagation" StartDate="2014-10-11 12:59:10.93 JST" StructureHandle="/IFM11/src/ifm11/listeners" StructureKind="resource" NumEvents="4" CreationCount="1491"/><InteractionEvent Delta="null" EndDate="2014-10-11 13:13:11.736 JST" Interest="1.108" Kind="manipulation" Navigation="null" OriginId="org.eclipse.mylyn.core.model.interest.decay.correction" StartDate="2014-10-11 13:13:11.736 JST" StructureHandle="/IFM11/src/ifm11/listeners" StructureKind="resource"/><InteractionEvent Delta="null" EndDate="2014-10-11 13:07:49.693 JST" Interest="9.0" Kind="selection" Navigation="null" OriginId="org.eclipse.jdt.ui.CompilationUnitEditor" StartDate="2014-10-11 12:16:16.835 JST" StructureHandle="=IFM11/src&amp;lt;ifm11.main{CV.java[CV~onCreate" StructureKind="java" NumEvents="9" CreationCount="761"/><InteractionEvent Delta="null" EndDate="2014-10-11 13:07:52.60 JST" Interest="36.0" Kind="edit" Navigation="null" OriginId="org.eclipse.jdt.ui.CompilationUnitEditor" StartDate="2014-10-11 12:16:16.845 JST" StructureHandle="=IFM11/src&amp;lt;ifm11.main{CV.java[CV~onCreate" StructureKind="java" NumEvents="36" CreationCount="761"/><InteractionEvent Delta="null" EndDate="2014-10-11 13:18:43.587 JST" Interest="2.0" Kind="selection" Navigation="null" OriginId="org.eclipse.jdt.ui.CompilationUnitEditor" StartDate="2014-10-11 13:15:39.800 JST" StructureHandle="=TA2/src&amp;lt;ta2.listeners.button{BO_CL.java[BO_CL~case_ACTV_SHOWLIST_BACK" StructureKind="java" NumEvents="2" CreationCount="1674"/><InteractionEvent Delta="null" EndDate="2014-10-11 13:18:44.207 JST" Interest="2.0" Kind="edit" Navigation="null" OriginId="org.eclipse.jdt.ui.CompilationUnitEditor" StartDate="2014-10-11 13:15:40.435 JST" StructureHandle="=TA2/src&amp;lt;ta2.listeners.button{BO_CL.java[BO_CL~case_ACTV_SHOWLIST_BACK" StructureKind="java" NumEvents="2" CreationCount="1674"/><InteractionEvent Delta="null" EndDate="2014-10-11 10:33:55.487 JST" Interest="3.0" Kind="selection" Navigation="null" OriginId="org.eclipse.jdt.ui.CompilationUnitEditor" StartDate="2014-10-11 10:33:53.605 JST" StructureHandle="=TA2/src&amp;lt;ta2.main{PhotoActv.java[PhotoActv~_Setup_Set_Selection" StructureKind="java" NumEvents="3" CreationCount="85"/><InteractionEvent Delta="null" EndDate="2014-10-11 12:09:26.431 JST" Interest="1.0" Kind="selection" Navigation="null" OriginId="org.eclipse.jdt.ui.PackageExplorer" StartDate="2014-10-11 12:09:26.431 JST" StructureHandle="/TA2/assets" StructureKind="resource"/><InteractionEvent Delta="null" EndDate="2014-10-11 12:59:09.994 JST" Interest="11.385" Kind="propagation" Navigation="org.eclipse.mylyn.core.model.edges.containment" OriginId="org.eclipse.mylyn.core.model.interest.propagation" StartDate="2014-10-11 12:32:28.241 JST" StructureHandle="=IFM11/src&amp;lt;ifm11.utils" StructureKind="java" NumEvents="21" CreationCount="938"/><InteractionEvent Delta="null" EndDate="2014-10-11 12:32:26.586 JST" Interest="1.0" Kind="selection" Navigation="null" OriginId="org.eclipse.ui.views.ResourceNavigator" StartDate="2014-10-11 12:32:26.586 JST" StructureHandle="=IFM11/src&amp;lt;ifm11.utils" StructureKind="java"/><InteractionEvent Delta="null" EndDate="2014-10-11 13:03:18.709 JST" Interest="3.0" Kind="selection" Navigation="null" OriginId="org.eclipse.jdt.ui.CompilationUnitEditor" StartDate="2014-10-11 13:03:16.814 JST" StructureHandle="=TA2/src&amp;lt;ta2.main{PhotoActv.java[PhotoActv~onResume" StructureKind="java" NumEvents="3" CreationCount="1507"/><InteractionEvent Delta="null" EndDate="2014-10-11 11:53:48.543 JST" Interest="1.0" Kind="selection" Navigation="null" OriginId="org.eclipse.jdt.ui.CompilationUnitEditor" StartDate="2014-10-11 11:53:48.543 JST" StructureHandle="=TA2/src&amp;lt;ta2.utils{CONS.java[CONS[DB^dPath_dbFile_backup_IFM11" StructureKind="java"/><InteractionEvent Delta="null" EndDate="2014-10-11 13:03:14.367 JST" Interest="31.0" Kind="selection" Navigation="null" OriginId="org.eclipse.ui.views.ContentOutline" StartDate="2014-10-11 10:29:22.204 JST" StructureHandle="=TA2/src&amp;lt;ta2.main{PhotoActv.java[PhotoActv~_Setup_Get_Content" StructureKind="java" NumEvents="31" CreationCount="40"/><InteractionEvent Delta="null" EndDate="2014-10-11 13:03:08.285 JST" Interest="103.0" Kind="edit" Navigation="null" OriginId="org.eclipse.jdt.ui.CompilationUnitEditor" StartDate="2014-10-11 10:29:22.771 JST" StructureHandle="=TA2/src&amp;lt;ta2.main{PhotoActv.java[PhotoActv~_Setup_Get_Content" StructureKind="java" NumEvents="103" CreationCount="40"/><InteractionEvent Delta="null" EndDate="2014-10-11 12:32:25.119 JST" Interest="1.0" Kind="selection" Navigation="null" OriginId="org.eclipse.ui.views.ResourceNavigator" StartDate="2014-10-11 12:32:25.119 JST" StructureHandle="/IFM11/res" StructureKind="resource"/><InteractionEvent Delta="null" EndDate="2014-10-11 12:49:01.270 JST" Interest="3.0" Kind="selection" Navigation="null" OriginId="org.eclipse.jdt.ui.CompilationUnitEditor" StartDate="2014-10-11 12:19:02.453 JST" StructureHandle="=TA2/src&amp;lt;ta2.main{MainActv.java[MainActv~_test_Content_Provider" StructureKind="java" NumEvents="3" CreationCount="839"/><InteractionEvent Delta="null" EndDate="2014-10-11 12:49:01.270 JST" Interest="6.67" Kind="manipulation" Navigation="null" OriginId="org.eclipse.mylyn.core.model.interest.decay.correction" StartDate="2014-10-11 12:44:23.555 JST" StructureHandle="=TA2/src&amp;lt;ta2.main{MainActv.java[MainActv~_test_Content_Provider" StructureKind="java" NumEvents="2" CreationCount="839"/><InteractionEvent Delta="null" EndDate="2014-10-11 12:49:01.891 JST" Interest="1.0" Kind="edit" Navigation="null" OriginId="org.eclipse.jdt.ui.CompilationUnitEditor" StartDate="2014-10-11 12:49:01.891 JST" StructureHandle="=TA2/src&amp;lt;ta2.main{MainActv.java[MainActv~_test_Content_Provider" StructureKind="java"/><InteractionEvent Delta="null" EndDate="2014-10-11 13:18:23.501 JST" Interest="675.0" Kind="propagation" Navigation="null" OriginId="org.eclipse.ui.views.ResourceNavigator" StartDate="2014-10-11 10:22:39.73 JST" StructureHandle="/IFM11" StructureKind="resource" NumEvents="675" CreationCount="1"/><InteractionEvent Delta="null" EndDate="2014-10-11 11:43:14.779 JST" Interest="1.0" Kind="selection" Navigation="null" OriginId="org.eclipse.jdt.ui.PackageExplorer" StartDate="2014-10-11 11:43:14.779 JST" StructureHandle="=TA2/gen" StructureKind="java"/><InteractionEvent Delta="null" EndDate="2014-10-11 13:18:44.208 JST" Interest="2.4510002" Kind="propagation" Navigation="org.eclipse.mylyn.core.model.edges.containment" OriginId="org.eclipse.mylyn.core.model.interest.propagation" StartDate="2014-10-11 13:15:25.518 JST" StructureHandle="=TA2/src&amp;lt;ta2.listeners.button{BO_CL.java" StructureKind="java" NumEvents="6" CreationCount="1671"/><InteractionEvent Delta="null" EndDate="2014-10-11 13:15:24.655 JST" Interest="1.0" Kind="selection" Navigation="null" OriginId="org.eclipse.jdt.ui.CompilationUnitEditor" StartDate="2014-10-11 13:15:24.655 JST" StructureHandle="=TA2/src&amp;lt;ta2.listeners.button{BO_CL.java" StructureKind="java"/><InteractionEvent Delta="null" EndDate="2014-10-11 13:09:27.391 JST" Interest="3.0" Kind="prediction" Navigation="null" OriginId="org.eclipse.mylyn.resources.ui.interest.updater" StartDate="2014-10-11 12:26:23.385 JST" StructureHandle="/IFM11/bin/classes.dex" StructureKind="resource" NumEvents="3" CreationCount="911"/><InteractionEvent Delta="null" EndDate="2014-10-11 13:18:44.520 JST" Interest="993.0" Kind="propagation" Navigation="null" OriginId="org.eclipse.jdt.ui.PackageExplorer" StartDate="2014-10-11 10:22:46.210 JST" StructureHandle="/TA2/src" StructureKind="resource" NumEvents="993" CreationCount="2"/><InteractionEvent Delta="null" EndDate="2014-10-11 13:15:18.53 JST" Interest="2.0" Kind="propagation" Navigation="null" OriginId="org.eclipse.jdt.ui.CompilationUnitEditor" StartDate="2014-10-11 13:15:17.130 JST" StructureHandle="/TA2/src/ta2/listeners/button/BO_TL.java" StructureKind="resource" NumEvents="2" CreationCount="1667"/><InteractionEvent Delta="null" EndDate="2014-10-11 13:18:23.500 JST" Interest="2.0" Kind="propagation" Navigation="null" OriginId="org.eclipse.ui.views.ResourceNavigator" StartDate="2014-10-11 13:13:13.921 JST" StructureHandle="/IFM11/src/ifm11/listeners/button" StructureKind="resource" NumEvents="2" CreationCount="1616"/><InteractionEvent Delta="null" EndDate="2014-10-11 13:18:23.500 JST" Interest="0.0200001" Kind="manipulation" Navigation="null" OriginId="org.eclipse.mylyn.core.model.interest.decay.correction" StartDate="2014-10-11 13:18:23.500 JST" StructureHandle="/IFM11/src/ifm11/listeners/button" StructureKind="resource"/><InteractionEvent Delta="null" EndDate="2014-10-11 13:18:44.520 JST" Interest="992.0" Kind="propagation" Navigation="org.eclipse.mylyn.core.model.edges.containment" OriginId="org.eclipse.mylyn.core.model.interest.propagation" StartDate="2014-10-11 10:22:46.210 JST" StructureHandle="=TA2" StructureKind="resource" NumEvents="992" CreationCount="2"/><InteractionEvent Delta="null" EndDate="2014-10-11 11:43:11.117 JST" Interest="1.0" Kind="selection" Navigation="null" OriginId="org.eclipse.jdt.ui.PackageExplorer" StartDate="2014-10-11 11:43:11.117 JST" StructureHandle="=TA2" StructureKind="java"/><InteractionEvent Delta="null" EndDate="2014-10-11 11:43:24.524 JST" Interest="2.0" Kind="selection" Navigation="null" OriginId="org.eclipse.jdt.ui.CompilationUnitEditor" StartDate="2014-10-11 11:43:21.894 JST" StructureHandle="=TA2/src&amp;lt;ta2.utils{CONS.java[CONS[MemoEditActv" StructureKind="java" NumEvents="2" CreationCount="261"/><InteractionEvent Delta="null" EndDate="2014-10-11 12:43:47.892 JST" Interest="194.419" Kind="propagation" Navigation="org.eclipse.mylyn.core.model.edges.containment" OriginId="org.eclipse.mylyn.core.model.interest.propagation" StartDate="2014-10-11 10:22:48.320 JST" StructureHandle="=IFM11/src&amp;lt;ifm11.main{CV.java" StructureKind="java" NumEvents="284" CreationCount="4"/><InteractionEvent Delta="null" EndDate="2014-10-11 13:07:13.125 JST" Interest="25.0" Kind="selection" Navigation="null" OriginId="org.eclipse.jdt.ui.CompilationUnitEditor" StartDate="2014-10-11 10:22:48.224 JST" StructureHandle="=IFM11/src&amp;lt;ifm11.main{CV.java" StructureKind="java" NumEvents="25" CreationCount="4"/><InteractionEvent Delta="null" EndDate="2014-10-11 12:11:21.628 JST" Interest="9.905001" Kind="propagation" Navigation="org.eclipse.mylyn.core.model.edges.containment" OriginId="org.eclipse.mylyn.core.model.interest.propagation" StartDate="2014-10-11 11:43:21.894 JST" StructureHandle="=TA2/src&amp;lt;ta2.utils{CONS.java[CONS" StructureKind="java" NumEvents="15" CreationCount="261"/><InteractionEvent Delta="null" EndDate="2014-10-11 13:13:11.736 JST" Interest="2.0" Kind="selection" Navigation="null" OriginId="org.eclipse.ui.views.ResourceNavigator" StartDate="2014-10-11 12:59:10.93 JST" StructureHandle="=IFM11/src&amp;lt;ifm11.listeners" StructureKind="java" NumEvents="2" CreationCount="1491"/><InteractionEvent Delta="null" EndDate="2014-10-11 13:13:11.736 JST" Interest="1.0910001" Kind="manipulation" Navigation="null" OriginId="org.eclipse.mylyn.core.model.interest.decay.correction" StartDate="2014-10-11 13:13:11.736 JST" StructureHandle="=IFM11/src&amp;lt;ifm11.listeners" StructureKind="java"/><InteractionEvent Delta="null" EndDate="2014-10-11 13:03:47.242 JST" Interest="12.0" Kind="prediction" Navigation="null" OriginId="org.eclipse.mylyn.resources.ui.interest.updater" StartDate="2014-10-11 11:45:13.941 JST" StructureHandle="/TA2/bin/classes.dex" StructureKind="resource" NumEvents="12" CreationCount="339"/><InteractionEvent Delta="null" EndDate="2014-10-11 13:14:24.55 JST" Interest="631.0" Kind="propagation" Navigation="null" OriginId="org.eclipse.ui.views.ContentOutline" StartDate="2014-10-11 10:22:48.225 JST" StructureHandle="/IFM11/src/ifm11/main" StructureKind="resource" NumEvents="631" CreationCount="4"/><InteractionEvent Delta="null" EndDate="2014-10-11 13:14:27.499 JST" Interest="10.0" Kind="selection" Navigation="null" OriginId="org.eclipse.jdt.ui.CompilationUnitEditor" StartDate="2014-10-11 12:44:45.40 JST" StructureHandle="=TA2/src&amp;lt;ta2.main{PhotoActv.java[PhotoActv~_test_CV_update" StructureKind="java" NumEvents="10" CreationCount="1225"/><InteractionEvent Delta="null" EndDate="2014-10-11 12:47:35.799 JST" Interest="37.0" Kind="edit" Navigation="null" OriginId="org.eclipse.jdt.ui.CompilationUnitEditor" StartDate="2014-10-11 12:44:45.43 JST" StructureHandle="=TA2/src&amp;lt;ta2.main{PhotoActv.java[PhotoActv~_test_CV_update" StructureKind="java" NumEvents="37" CreationCount="1225"/><InteractionEvent Delta="null" EndDate="2014-10-11 12:18:11.408 JST" Interest="1.0" Kind="selection" Navigation="null" OriginId="org.eclipse.jdt.ui.CompilationUnitEditor" StartDate="2014-10-11 12:18:11.408 JST" StructureHandle="=TA2/src&amp;lt;ta2.main{MainActv.java[MainActv~onStart" StructureKind="java"/><InteractionEvent Delta="null" EndDate="2014-10-11 11:53:57.2 JST" Interest="1.5559998" Kind="propagation" Navigation="org.eclipse.mylyn.core.model.edges.containment" OriginId="org.eclipse.mylyn.core.model.interest.propagation" StartDate="2014-10-11 11:43:24.525 JST" StructureHandle="=TA2/src&amp;lt;ta2.utils{CONS.java" StructureKind="java" NumEvents="6" CreationCount="258"/><InteractionEvent Delta="null" EndDate="2014-10-11 12:11:21.285 JST" Interest="9.0" Kind="selection" Navigation="null" OriginId="org.eclipse.jdt.ui.CompilationUnitEditor" StartDate="2014-10-11 11:43:18.68 JST" StructureHandle="=TA2/src&amp;lt;ta2.utils{CONS.java" StructureKind="java" NumEvents="9" CreationCount="258"/><InteractionEvent Delta="null" EndDate="2014-10-11 12:48:53.117 JST" Interest="6.0" Kind="selection" Navigation="null" OriginId="org.eclipse.jdt.ui.CompilationUnitEditor" StartDate="2014-10-11 12:18:16.44 JST" StructureHandle="=TA2/src&amp;lt;ta2.main{MainActv.java[MainActv~do_test" StructureKind="java" NumEvents="6" CreationCount="820"/><InteractionEvent Delta="null" EndDate="2014-10-11 12:49:00.636 JST" Interest="9.0" Kind="edit" Navigation="null" OriginId="org.eclipse.jdt.ui.CompilationUnitEditor" StartDate="2014-10-11 12:18:17.479 JST" StructureHandle="=TA2/src&amp;lt;ta2.main{MainActv.java[MainActv~do_test" StructureKind="java" NumEvents="9" CreationCount="820"/><InteractionEvent Delta="null" EndDate="2014-10-11 11:53:48.543 JST" Interest="1.017" Kind="propagation" Navigation="org.eclipse.mylyn.core.model.edges.containment" OriginId="org.eclipse.mylyn.core.model.interest.propagation" StartDate="2014-10-11 11:53:47.185 JST" StructureHandle="=TA2/src&amp;lt;ta2.utils{CONS.java[CONS[DB" StructureKind="java" NumEvents="2" CreationCount="528"/><InteractionEvent Delta="null" EndDate="2014-10-11 12:49:03.831 JST" Interest="1.0" Kind="selection" Navigation="null" OriginId="org.eclipse.jdt.ui.CompilationUnitEditor" StartDate="2014-10-11 12:49:03.831 JST" StructureHandle="=TA2/src&amp;lt;ta2.main{MainActv.java[MainActv~_Setup_AutoBK" StructureKind="java"/><InteractionEvent Delta="null" EndDate="2014-10-11 12:49:32.111 JST" Interest="5.0" Kind="edit" Navigation="null" OriginId="org.eclipse.jdt.ui.CompilationUnitEditor" StartDate="2014-10-11 12:49:27.336 JST" StructureHandle="=TA2/src&amp;lt;ta2.main{MainActv.java[MainActv~_Setup_AutoBK" StructureKind="java" NumEvents="5" CreationCount="1352"/><InteractionEvent Delta="null" EndDate="2014-10-11 13:14:24.41 JST" Interest="28.0" Kind="selection" Navigation="null" OriginId="org.eclipse.ui.views.ContentOutline" StartDate="2014-10-11 10:33:04.120 JST" StructureHandle="=IFM11/src&amp;lt;ifm11.main{CV.java[CV~query~QUri;~\[QString;~QString;~\[QString;~QString;" StructureKind="java" NumEvents="28" CreationCount="60"/><InteractionEvent Delta="null" EndDate="2014-10-11 13:14:21.45 JST" Interest="187.0" Kind="edit" Navigation="null" OriginId="org.eclipse.jdt.ui.CompilationUnitEditor" StartDate="2014-10-11 10:33:04.681 JST" StructureHandle="=IFM11/src&amp;lt;ifm11.main{CV.java[CV~query~QUri;~\[QString;~QString;~\[QString;~QString;" StructureKind="java" NumEvents="187" CreationCount="60"/><InteractionEvent Delta="null" EndDate="2014-10-11 11:43:14.780 JST" Interest="1.0" Kind="propagation" Navigation="null" OriginId="org.eclipse.jdt.ui.PackageExplorer" StartDate="2014-10-11 11:43:14.780 JST" StructureHandle="/TA2/gen" StructureKind="resource"/><InteractionEvent Delta="null" EndDate="2014-10-11 13:18:44.519 JST" Interest="1.0" Kind="propagation" Navigation="null" OriginId="org.eclipse.jdt.ui.PackageExplorer" StartDate="2014-10-11 13:18:44.519 JST" StructureHandle="/TA2/src/ta2/main/ImageActv.java" StructureKind="resource"/><InteractionEvent Delta="null" EndDate="2014-10-11 12:32:31.399 JST" Interest="1.0" Kind="selection" Navigation="null" OriginId="org.eclipse.ui.views.ContentOutline" StartDate="2014-10-11 12:32:31.399 JST" StructureHandle="=IFM11/src&amp;lt;ifm11.utils{DBUtils.java%ifm11.utils" StructureKind="java"/><InteractionEvent Delta="null" EndDate="2014-10-11 12:43:33.891 JST" Interest="1.0" Kind="selection" Navigation="null" OriginId="org.eclipse.jdt.ui.CompilationUnitEditor" StartDate="2014-10-11 12:43:33.891 JST" StructureHandle="=IFM11/src&amp;lt;ifm11.utils{DBUtils.java[DBUtils~updateData_generic_static~QActivity;~QString;~J~QString;~QString;" StructureKind="java"/><InteractionEvent Delta="null" EndDate="2014-10-11 12:43:36.758 JST" Interest="1.0" Kind="edit" Navigation="null" OriginId="org.eclipse.jdt.ui.CompilationUnitEditor" StartDate="2014-10-11 12:43:36.758 JST" StructureHandle="=IFM11/src&amp;lt;ifm11.utils{DBUtils.java[DBUtils~updateData_generic_static~QActivity;~QString;~J~QString;~QString;" StructureKind="java"/><InteractionEvent Delta="null" EndDate="2014-10-11 13:18:44.208 JST" Interest="7.0" Kind="propagation" Navigation="null" OriginId="org.eclipse.jdt.ui.CompilationUnitEditor" StartDate="2014-10-11 13:15:24.655 JST" StructureHandle="/TA2/src/ta2/listeners/button/BO_CL.java" StructureKind="resource" NumEvents="7" CreationCount="1671"/><InteractionEvent Delta="null" EndDate="2014-10-11 13:18:25.245 JST" Interest="270.7" Kind="propagation" Navigation="org.eclipse.mylyn.core.model.edges.containment" OriginId="org.eclipse.mylyn.core.model.interest.propagation" StartDate="2014-10-11 10:22:46.211 JST" StructureHandle="=TA2/src" StructureKind="java" NumEvents="379" CreationCount="2"/><InteractionEvent Delta="null" EndDate="2014-10-11 11:43:12.787 JST" Interest="1.0" Kind="selection" Navigation="null" OriginId="org.eclipse.jdt.ui.PackageExplorer" StartDate="2014-10-11 11:43:12.787 JST" StructureHandle="=TA2/src" StructureKind="java"/><InteractionEvent Delta="null" EndDate="2014-10-11 13:18:44.519 JST" Interest="1.0" Kind="selection" Navigation="null" OriginId="org.eclipse.jdt.ui.PackageExplorer" StartDate="2014-10-11 13:18:44.519 JST" StructureHandle="=TA2/src&amp;lt;ta2.main{ImageActv.java" StructureKind="java"/></InteractionHistory>