<?xml version="1.0" encoding="UTF-8"?><InteractionHistory Id="local-156" Version="1"><InteractionEvent Delta="null" EndDate="2014-10-13 13:01:08.534 JST" Interest="52.0" Kind="propagation" Navigation="null" OriginId="org.eclipse.jdt.ui.CompilationUnitEditor" StartDate="2014-10-13 12:51:58.673 JST" StructureHandle="/TA2/src/ta2/utils/CONS.java" StructureKind="resource" NumEvents="52" CreationCount="53"/><InteractionEvent Delta="null" EndDate="2014-10-13 13:12:33.433 JST" Interest="170.085" Kind="propagation" Navigation="org.eclipse.mylyn.core.model.edges.containment" OriginId="org.eclipse.mylyn.core.model.interest.propagation" StartDate="2014-10-13 12:46:27.204 JST" StructureHandle="=TA2/src&amp;lt;ta2.listeners.dialog{DB_OCL.java" StructureKind="java" NumEvents="243" CreationCount="3"/><InteractionEvent Delta="null" EndDate="2014-10-13 13:01:20.640 JST" Interest="8.0" Kind="selection" Navigation="null" OriginId="org.eclipse.jdt.ui.CompilationUnitEditor" StartDate="2014-10-13 12:46:15.195 JST" StructureHandle="=TA2/src&amp;lt;ta2.listeners.dialog{DB_OCL.java" StructureKind="java" NumEvents="8" CreationCount="3"/><InteractionEvent Delta="null" EndDate="2014-10-13 13:12:33.433 JST" Interest="336.034" Kind="propagation" Navigation="null" OriginId="org.eclipse.jdt.ui.CompilationUnitEditor" StartDate="2014-10-13 12:46:05.258 JST" StructureHandle="/TA2/src" StructureKind="resource" NumEvents="338" CreationCount="1"/><InteractionEvent Delta="null" EndDate="2014-10-13 13:12:33.432 JST" Interest="272.0" Kind="propagation" Navigation="null" OriginId="org.eclipse.jdt.ui.CompilationUnitEditor" StartDate="2014-10-13 12:46:15.195 JST" StructureHandle="/TA2/src/ta2/listeners/dialog/DB_OCL.java" StructureKind="resource" NumEvents="272" CreationCount="3"/><InteractionEvent Delta="null" EndDate="2014-10-13 13:12:33.433 JST" Interest="177.102" Kind="propagation" Navigation="org.eclipse.mylyn.core.model.edges.containment" OriginId="org.eclipse.mylyn.core.model.interest.propagation" StartDate="2014-10-13 12:46:15.195 JST" StructureHandle="=TA2/src&amp;lt;ta2.listeners.dialog" StructureKind="java" NumEvents="256" CreationCount="2"/><InteractionEvent Delta="null" EndDate="2014-10-13 12:46:13.6 JST" Interest="1.0" Kind="selection" Navigation="null" OriginId="org.eclipse.jdt.ui.PackageExplorer" StartDate="2014-10-13 12:46:13.6 JST" StructureHandle="=TA2/src&amp;lt;ta2.listeners.dialog" StructureKind="java"/><InteractionEvent Delta="null" EndDate="2014-10-13 13:12:33.433 JST" Interest="336.034" Kind="propagation" Navigation="org.eclipse.mylyn.core.model.edges.containment" OriginId="org.eclipse.mylyn.core.model.interest.propagation" StartDate="2014-10-13 12:46:05.258 JST" StructureHandle="=TA2" StructureKind="resource" NumEvents="338" CreationCount="1"/><InteractionEvent Delta="null" EndDate="2014-10-13 12:52:24.225 JST" Interest="9.0" Kind="edit" Navigation="null" OriginId="org.eclipse.jdt.ui.CompilationUnitEditor" StartDate="2014-10-13 12:52:09.178 JST" StructureHandle="=TA2/src&amp;lt;ta2.utils{CONS.java[CONS[DB^col_names_FilterHistory" StructureKind="java" NumEvents="9" CreationCount="58"/><InteractionEvent Delta="null" EndDate="2014-10-13 12:57:38.307 JST" Interest="3.0" Kind="selection" Navigation="null" OriginId="org.eclipse.jdt.ui.CompilationUnitEditor" StartDate="2014-10-13 12:52:08.613 JST" StructureHandle="=TA2/src&amp;lt;ta2.utils{CONS.java[CONS[DB^col_names_FilterHistory" StructureKind="java" NumEvents="3" CreationCount="58"/><InteractionEvent Delta="null" EndDate="2014-10-13 12:46:17.855 JST" Interest="1.0" Kind="selection" Navigation="null" OriginId="org.eclipse.ui.views.ContentOutline" StartDate="2014-10-13 12:46:17.855 JST" StructureHandle="=TA2/src&amp;lt;ta2.listeners.dialog{DB_OCL.java%ta2.listeners.dialog" StructureKind="java"/><InteractionEvent Delta="null" EndDate="2014-10-13 13:01:20.441 JST" Interest="64.714005" Kind="propagation" Navigation="null" OriginId="org.eclipse.jdt.ui.CompilationUnitEditor" StartDate="2014-10-13 12:46:05.258 JST" StructureHandle="/TA2/src/ta2/utils" StructureKind="resource" NumEvents="65" CreationCount="1"/><InteractionEvent Delta="null" EndDate="2014-10-13 13:01:00.235 JST" Interest="10.989" Kind="propagation" Navigation="org.eclipse.mylyn.core.model.edges.containment" OriginId="org.eclipse.mylyn.core.model.interest.propagation" StartDate="2014-10-13 12:52:04.160 JST" StructureHandle="=TA2/src&amp;lt;ta2.utils{CONS.java[CONS" StructureKind="java" NumEvents="18" CreationCount="56"/><InteractionEvent Delta="null" EndDate="2014-10-13 13:12:33.432 JST" Interest="272.034" Kind="propagation" Navigation="org.eclipse.mylyn.core.model.edges.containment" OriginId="org.eclipse.mylyn.core.model.interest.propagation" StartDate="2014-10-13 12:46:05.258 JST" StructureHandle="/TA2/src/ta2" StructureKind="resource" NumEvents="274" CreationCount="1"/><InteractionEvent Delta="null" EndDate="2014-10-13 12:46:35.340 JST" Interest="2.0" Kind="selection" Navigation="null" OriginId="org.eclipse.jdt.ui.CompilationUnitEditor" StartDate="2014-10-13 12:46:35.338 JST" StructureHandle="=TA2/src&amp;lt;ta2.listeners.dialog{DB_OCL.java[DB_OCL~onClick~QView;" StructureKind="java" NumEvents="2" CreationCount="17"/><InteractionEvent Delta="null" EndDate="2014-10-13 13:12:19.649 JST" Interest="1.0" Kind="prediction" Navigation="null" OriginId="org.eclipse.mylyn.resources.ui.interest.updater" StartDate="2014-10-13 13:12:19.649 JST" StructureHandle="/TA2/bin/classes.dex" StructureKind="resource"/><InteractionEvent Delta="null" EndDate="2014-10-13 12:52:08.660 JST" Interest="2.0" Kind="selection" Navigation="null" OriginId="org.eclipse.jdt.ui.CompilationUnitEditor" StartDate="2014-10-13 12:52:06.624 JST" StructureHandle="=TA2/src&amp;lt;ta2.utils{CONS.java[CONS[DB^col_names_TA2_full" StructureKind="java" NumEvents="2" CreationCount="57"/><InteractionEvent Delta="null" EndDate="2014-10-13 12:49:44.318 JST" Interest="3.0" Kind="edit" Navigation="null" OriginId="org.eclipse.jdt.ui.CompilationUnitEditor" StartDate="2014-10-13 12:49:41.169 JST" StructureHandle="=TA2/src&amp;lt;ta2.utils{Methods.java[Methods~filter_MemoList_Single_KW~QActivity;~I~QEditText;" StructureKind="java" NumEvents="3" CreationCount="45"/><InteractionEvent Delta="null" EndDate="2014-10-13 12:49:40.392 JST" Interest="1.0" Kind="selection" Navigation="null" OriginId="org.eclipse.jdt.ui.CompilationUnitEditor" StartDate="2014-10-13 12:49:40.392 JST" StructureHandle="=TA2/src&amp;lt;ta2.utils{Methods.java[Methods~filter_MemoList_Single_KW~QActivity;~I~QEditText;" StructureKind="java"/><InteractionEvent Delta="null" EndDate="2014-10-13 13:12:33.432 JST" Interest="272.017" Kind="propagation" Navigation="org.eclipse.mylyn.core.model.edges.containment" OriginId="org.eclipse.mylyn.core.model.interest.propagation" StartDate="2014-10-13 12:46:13.6 JST" StructureHandle="/TA2/src/ta2/listeners" StructureKind="resource" NumEvents="273" CreationCount="2"/><InteractionEvent Delta="null" EndDate="2014-10-13 13:01:00.235 JST" Interest="11.0" Kind="edit" Navigation="null" OriginId="org.eclipse.jdt.ui.CompilationUnitEditor" StartDate="2014-10-13 12:52:31.442 JST" StructureHandle="=TA2/src&amp;lt;ta2.utils{CONS.java[CONS[DB^col_types_FilterHistory" StructureKind="java" NumEvents="11" CreationCount="73"/><InteractionEvent Delta="null" EndDate="2014-10-13 13:00:55.235 JST" Interest="3.0" Kind="selection" Navigation="null" OriginId="org.eclipse.jdt.ui.CompilationUnitEditor" StartDate="2014-10-13 12:52:29.265 JST" StructureHandle="=TA2/src&amp;lt;ta2.utils{CONS.java[CONS[DB^col_types_FilterHistory" StructureKind="java" NumEvents="3" CreationCount="73"/><InteractionEvent Delta="null" EndDate="2014-10-13 12:52:02.597 JST" Interest="1.0" Kind="selection" Navigation="null" OriginId="org.eclipse.ui.views.ContentOutline" StartDate="2014-10-13 12:52:02.597 JST" StructureHandle="=TA2/src&amp;lt;ta2.utils{CONS.java%ta2.utils" StructureKind="java"/><InteractionEvent Delta="null" EndDate="2014-10-13 12:46:21.931 JST" Interest="1.0" Kind="selection" Navigation="null" OriginId="org.eclipse.ui.views.ContentOutline" StartDate="2014-10-13 12:46:21.931 JST" StructureHandle="=TA2/src&amp;lt;ta2.listeners.dialog{DB_OCL.java[DB_OCL~case_DLG_FILTER_SHOWLIST_CLEAR" StructureKind="java"/><InteractionEvent Delta="null" EndDate="2014-10-13 13:12:19.649 JST" Interest="1.0" Kind="prediction" Navigation="null" OriginId="org.eclipse.mylyn.resources.ui.interest.updater" StartDate="2014-10-13 13:12:19.649 JST" StructureHandle="/TA2/bin/TA2.apk" StructureKind="resource"/><InteractionEvent Delta="null" EndDate="2014-10-13 13:01:01.851 JST" Interest="7.040001" Kind="propagation" Navigation="org.eclipse.mylyn.core.model.edges.containment" OriginId="org.eclipse.mylyn.core.model.interest.propagation" StartDate="2014-10-13 12:52:08.661 JST" StructureHandle="=TA2/src&amp;lt;ta2.utils{CONS.java" StructureKind="java" NumEvents="13" CreationCount="53"/><InteractionEvent Delta="null" EndDate="2014-10-13 13:00:51.139 JST" Interest="4.0" Kind="selection" Navigation="null" OriginId="org.eclipse.jdt.ui.CompilationUnitEditor" StartDate="2014-10-13 12:51:58.673 JST" StructureHandle="=TA2/src&amp;lt;ta2.utils{CONS.java" StructureKind="java" NumEvents="4" CreationCount="53"/><InteractionEvent Delta="null" EndDate="2014-10-13 13:01:00.235 JST" Interest="9.989" Kind="propagation" Navigation="org.eclipse.mylyn.core.model.edges.containment" OriginId="org.eclipse.mylyn.core.model.interest.propagation" StartDate="2014-10-13 12:52:06.624 JST" StructureHandle="=TA2/src&amp;lt;ta2.utils{CONS.java[CONS[DB" StructureKind="java" NumEvents="17" CreationCount="56"/><InteractionEvent Delta="null" EndDate="2014-10-13 12:52:04.160 JST" Interest="1.0" Kind="selection" Navigation="null" OriginId="org.eclipse.ui.views.ContentOutline" StartDate="2014-10-13 12:52:04.160 JST" StructureHandle="=TA2/src&amp;lt;ta2.utils{CONS.java[CONS[DB" StructureKind="java"/><InteractionEvent Delta="null" EndDate="2014-10-13 13:12:33.432 JST" Interest="272.017" Kind="propagation" Navigation="org.eclipse.mylyn.core.model.edges.containment" OriginId="org.eclipse.mylyn.core.model.interest.propagation" StartDate="2014-10-13 12:46:13.6 JST" StructureHandle="/TA2/src/ta2/listeners/dialog" StructureKind="resource" NumEvents="273" CreationCount="2"/><InteractionEvent Delta="null" EndDate="2014-10-13 13:01:05.626 JST" Interest="9.924002" Kind="propagation" Navigation="org.eclipse.mylyn.core.model.edges.containment" OriginId="org.eclipse.mylyn.core.model.interest.propagation" StartDate="2014-10-13 12:49:39.620 JST" StructureHandle="=TA2/src&amp;lt;ta2.utils" StructureKind="java" NumEvents="17" CreationCount="1"/><InteractionEvent Delta="null" EndDate="2014-10-13 12:51:56.477 JST" Interest="2.0" Kind="selection" Navigation="null" OriginId="org.eclipse.jdt.ui.PackageExplorer" StartDate="2014-10-13 12:46:05.257 JST" StructureHandle="=TA2/src&amp;lt;ta2.utils" StructureKind="java" NumEvents="2" CreationCount="1"/><InteractionEvent Delta="null" EndDate="2014-10-13 12:49:44.319 JST" Interest="1.134" Kind="propagation" Navigation="org.eclipse.mylyn.core.model.edges.containment" OriginId="org.eclipse.mylyn.core.model.interest.propagation" StartDate="2014-10-13 12:49:42.386 JST" StructureHandle="=TA2/src&amp;lt;ta2.utils{Methods.java" StructureKind="java" NumEvents="2" CreationCount="43"/><InteractionEvent Delta="null" EndDate="2014-10-13 13:01:20.440 JST" Interest="7.0" Kind="selection" Navigation="null" OriginId="org.eclipse.jdt.ui.CompilationUnitEditor" StartDate="2014-10-13 12:49:39.620 JST" StructureHandle="=TA2/src&amp;lt;ta2.utils{Methods.java" StructureKind="java" NumEvents="7" CreationCount="43"/><InteractionEvent Delta="null" EndDate="2014-10-13 13:01:02.810 JST" Interest="6.0" Kind="edit" Navigation="null" OriginId="org.eclipse.jdt.ui.CompilationUnitEditor" StartDate="2014-10-13 12:52:27.82 JST" StructureHandle="=TA2/src&amp;lt;ta2.utils{CONS.java[CONS[DB^col_names_FilterHistory_full" StructureKind="java" NumEvents="6" CreationCount="70"/><InteractionEvent Delta="null" EndDate="2014-10-13 13:01:01.849 JST" Interest="4.0" Kind="selection" Navigation="null" OriginId="org.eclipse.jdt.ui.CompilationUnitEditor" StartDate="2014-10-13 12:52:25.669 JST" StructureHandle="=TA2/src&amp;lt;ta2.utils{CONS.java[CONS[DB^col_names_FilterHistory_full" StructureKind="java" NumEvents="4" CreationCount="70"/><InteractionEvent Delta="null" EndDate="2014-10-13 13:01:37.181 JST" Interest="1.0" Kind="edit" Navigation="null" OriginId="org.eclipse.jdt.ui.CompilationUnitEditor" StartDate="2014-10-13 13:01:37.181 JST" StructureHandle="=TA2/src&amp;lt;ta2.listeners.dialog{DB_OCL.java[DB_OCL" StructureKind="java"/><InteractionEvent Delta="null" EndDate="2014-10-13 13:12:33.432 JST" Interest="173.334" Kind="propagation" Navigation="org.eclipse.mylyn.core.model.edges.containment" OriginId="org.eclipse.mylyn.core.model.interest.propagation" StartDate="2014-10-13 12:46:21.932 JST" StructureHandle="=TA2/src&amp;lt;ta2.listeners.dialog{DB_OCL.java[DB_OCL" StructureKind="java" NumEvents="246" CreationCount="6"/><InteractionEvent Delta="null" EndDate="2014-10-13 13:01:40.9 JST" Interest="4.0" Kind="selection" Navigation="null" OriginId="org.eclipse.jdt.ui.CompilationUnitEditor" StartDate="2014-10-13 12:48:51.969 JST" StructureHandle="=TA2/src&amp;lt;ta2.listeners.dialog{DB_OCL.java[DB_OCL" StructureKind="java" NumEvents="4" CreationCount="6"/><InteractionEvent Delta="null" EndDate="2014-10-13 13:01:04.469 JST" Interest="1.0" Kind="selection" Navigation="null" OriginId="org.eclipse.jdt.ui.CompilationUnitEditor" StartDate="2014-10-13 13:01:04.469 JST" StructureHandle="=TA2/src&amp;lt;ta2.utils{CONS.java[CONS[DB^jointString_TableName" StructureKind="java"/><InteractionEvent Delta="null" EndDate="2014-10-13 13:12:33.433 JST" Interest="336.034" Kind="propagation" Navigation="org.eclipse.mylyn.core.model.edges.containment" OriginId="org.eclipse.mylyn.core.model.interest.propagation" StartDate="2014-10-13 12:46:05.258 JST" StructureHandle="/" StructureKind="resource" NumEvents="338" CreationCount="1"/><InteractionEvent Delta="null" EndDate="2014-10-13 13:00:43.66 JST" Interest="2.0" Kind="edit" Navigation="null" OriginId="org.eclipse.jdt.ui.CompilationUnitEditor" StartDate="2014-10-13 12:59:29.759 JST" StructureHandle="=TA2/src&amp;lt;ta2.listeners.dialog{DB_OCL.java[DB_OCL~_Filter_ShowList_Build_Conditions~QActivity;~QDialog;~QString;~\[QString;" StructureKind="java" NumEvents="2" CreationCount="176"/><InteractionEvent Delta="null" EndDate="2014-10-13 13:00:41.991 JST" Interest="2.0" Kind="selection" Navigation="null" OriginId="org.eclipse.jdt.ui.CompilationUnitEditor" StartDate="2014-10-13 12:59:25.347 JST" StructureHandle="=TA2/src&amp;lt;ta2.listeners.dialog{DB_OCL.java[DB_OCL~_Filter_ShowList_Build_Conditions~QActivity;~QDialog;~QString;~\[QString;" StructureKind="java" NumEvents="2" CreationCount="176"/><InteractionEvent Delta="null" EndDate="2014-10-13 13:12:19.649 JST" Interest="1.0" Kind="propagation" Navigation="org.eclipse.mylyn.core.model.edges.containment" OriginId="org.eclipse.mylyn.core.model.interest.propagation" StartDate="2014-10-13 13:12:19.649 JST" StructureHandle="/TA2/bin" StructureKind="resource"/><InteractionEvent Delta="null" EndDate="2014-10-13 13:12:33.433 JST" Interest="178.119" Kind="propagation" Navigation="org.eclipse.mylyn.core.model.edges.containment" OriginId="org.eclipse.mylyn.core.model.interest.propagation" StartDate="2014-10-13 12:46:05.258 JST" StructureHandle="=TA2/src" StructureKind="java" NumEvents="257" CreationCount="1"/><InteractionEvent Delta="null" EndDate="2014-10-13 12:49:44.319 JST" Interest="3.1" Kind="propagation" Navigation="org.eclipse.mylyn.core.model.edges.containment" OriginId="org.eclipse.mylyn.core.model.interest.propagation" StartDate="2014-10-13 12:49:40.393 JST" StructureHandle="=TA2/src&amp;lt;ta2.utils{Methods.java[Methods" StructureKind="java" NumEvents="4" CreationCount="45"/><InteractionEvent Delta="null" EndDate="2014-10-13 13:01:08.533 JST" Interest="3.0" Kind="edit" Navigation="null" OriginId="org.eclipse.jdt.ui.CompilationUnitEditor" StartDate="2014-10-13 12:52:54.813 JST" StructureHandle="=TA2/src&amp;lt;ta2.utils{CONS.java[CONS[DB^col_types_FilterHistory_full" StructureKind="java" NumEvents="3" CreationCount="78"/><InteractionEvent Delta="null" EndDate="2014-10-13 13:01:05.624 JST" Interest="4.0" Kind="selection" Navigation="null" OriginId="org.eclipse.jdt.ui.CompilationUnitEditor" StartDate="2014-10-13 12:52:43.332 JST" StructureHandle="=TA2/src&amp;lt;ta2.utils{CONS.java[CONS[DB^col_types_FilterHistory_full" StructureKind="java" NumEvents="4" CreationCount="78"/><InteractionEvent Delta="null" EndDate="2014-10-13 12:55:47.41 JST" Interest="4.0" Kind="selection" Navigation="null" OriginId="org.eclipse.jdt.ui.CompilationUnitEditor" StartDate="2014-10-13 12:46:22.966 JST" StructureHandle="=TA2/src&amp;lt;ta2.listeners.dialog{DB_OCL.java[DB_OCL~case_DLG_FILTER_SHOWLIST_OK" StructureKind="java" NumEvents="4" CreationCount="7"/><InteractionEvent Delta="null" EndDate="2014-10-13 13:01:20.441 JST" Interest="11.0" Kind="propagation" Navigation="null" OriginId="org.eclipse.jdt.ui.CompilationUnitEditor" StartDate="2014-10-13 12:49:39.620 JST" StructureHandle="/TA2/src/ta2/utils/Methods.java" StructureKind="resource" NumEvents="11" CreationCount="43"/><InteractionEvent Delta="null" EndDate="2014-10-13 13:12:33.431 JST" Interest="230.0" Kind="edit" Navigation="null" OriginId="org.eclipse.jdt.ui.CompilationUnitEditor" StartDate="2014-10-13 12:46:27.711 JST" StructureHandle="=TA2/src&amp;lt;ta2.listeners.dialog{DB_OCL.java[DB_OCL~case_DLG_FILTER_SHOWLIST_OK_2" StructureKind="java" NumEvents="230" CreationCount="8"/><InteractionEvent Delta="null" EndDate="2014-10-13 13:01:42.876 JST" Interest="17.0" Kind="selection" Navigation="null" OriginId="org.eclipse.jdt.ui.CompilationUnitEditor" StartDate="2014-10-13 12:46:27.126 JST" StructureHandle="=TA2/src&amp;lt;ta2.listeners.dialog{DB_OCL.java[DB_OCL~case_DLG_FILTER_SHOWLIST_OK_2" StructureKind="java" NumEvents="17" CreationCount="8"/></InteractionHistory>