<?xml version="1.0" encoding="UTF-8"?><InteractionHistory Id="local-2" Version="1"><InteractionEvent Delta="null" EndDate="2014-08-20 20:32:05.323 JST" Interest="9.24" Kind="propagation" Navigation="org.eclipse.mylyn.core.model.edges.containment" OriginId="org.eclipse.mylyn.core.model.interest.propagation" StartDate="2014-08-20 20:29:02.217 JST" StructureHandle="" StructureKind="java" NumEvents="14" CreationCount="3"/><InteractionEvent Delta="null" EndDate="2014-08-20 20:28:45.975 JST" Interest="1.0" Kind="propagation" Navigation="null" OriginId="org.eclipse.jdt.ui.PackageExplorer" StartDate="2014-08-20 20:28:45.975 JST" StructureHandle="/TA2/src" StructureKind="resource"/><InteractionEvent Delta="null" EndDate="2014-08-20 20:32:49.53 JST" Interest="2.0" Kind="propagation" Navigation="null" OriginId="org.eclipse.mylyn.resources.ui.interest.updater" StartDate="2014-08-20 20:32:49.55 JST" StructureHandle="=TA2/gen&amp;lt;ta2.main" StructureKind="java" NumEvents="2" CreationCount="72"/><InteractionEvent Delta="null" EndDate="2014-08-20 20:36:17.121 JST" Interest="36.3" Kind="propagation" Navigation="org.eclipse.mylyn.core.model.edges.containment" OriginId="org.eclipse.mylyn.core.model.interest.propagation" StartDate="2014-08-20 20:30:08.159 JST" StructureHandle="/TA2/res/layout" StructureKind="resource" NumEvents="45" CreationCount="15"/><InteractionEvent Delta="null" EndDate="2014-08-20 20:33:43.158 JST" Interest="3.0" Kind="selection" Navigation="null" OriginId="org.eclipse.jdt.ui.PackageExplorer" StartDate="2014-08-20 20:30:04.899 JST" StructureHandle="/TA2/res/layout" StructureKind="resource" NumEvents="3" CreationCount="15"/><InteractionEvent Delta="null" EndDate="2014-08-20 20:30:15.214 JST" Interest="5.0" Kind="selection" Navigation="null" OriginId="org.eclipse.ui.views.ResourceNavigator" StartDate="2014-08-20 20:29:09.194 JST" StructureHandle="/app.twitter/res/layout/actv_twt.xml" StructureKind="resource" NumEvents="5" CreationCount="5"/><InteractionEvent Delta="null" EndDate="2014-08-20 20:29:55.965 JST" Interest="5.0" Kind="edit" Navigation="null" OriginId="com.android.ide.eclipse.editors.CommonXmlEditor" StartDate="2014-08-20 20:29:14.470 JST" StructureHandle="/app.twitter/res/layout/actv_twt.xml" StructureKind="resource" NumEvents="5" CreationCount="5"/><InteractionEvent Delta="null" EndDate="2014-08-20 20:36:17.122 JST" Interest="39.538002" Kind="propagation" Navigation="org.eclipse.mylyn.core.model.edges.containment" OriginId="org.eclipse.mylyn.core.model.interest.propagation" StartDate="2014-08-20 20:28:45.975 JST" StructureHandle="=TA2" StructureKind="java" NumEvents="63" CreationCount="1"/><InteractionEvent Delta="null" EndDate="2014-08-20 20:32:42.440 JST" Interest="16.616997" Kind="propagation" Navigation="org.eclipse.mylyn.core.model.edges.containment" OriginId="org.eclipse.mylyn.core.model.interest.propagation" StartDate="2014-08-20 20:30:27.634 JST" StructureHandle="/TA2/res/values" StructureKind="resource" NumEvents="23" CreationCount="28"/><InteractionEvent Delta="null" EndDate="2014-08-20 20:30:25.973 JST" Interest="1.0" Kind="selection" Navigation="null" OriginId="org.eclipse.jdt.ui.PackageExplorer" StartDate="2014-08-20 20:30:25.973 JST" StructureHandle="/TA2/res/values" StructureKind="resource"/><InteractionEvent Delta="null" EndDate="2014-08-20 20:33:07.49 JST" Interest="1.0" Kind="selection" Navigation="null" OriginId="com.android.ide.eclipse.editors.CommonXmlEditor" StartDate="2014-08-20 20:33:07.49 JST" StructureHandle="/TA2/res/layout/actv_main.xml" StructureKind="resource"/><InteractionEvent Delta="null" EndDate="2014-08-20 20:32:49.58 JST" Interest="3.0" Kind="propagation" Navigation="null" OriginId="org.eclipse.mylyn.resources.ui.interest.updater" StartDate="2014-08-20 20:32:49.54 JST" StructureHandle="/TA2/gen/ta2/main" StructureKind="resource" NumEvents="3" CreationCount="72"/><InteractionEvent Delta="null" EndDate="2014-08-20 20:32:05.323 JST" Interest="9.24" Kind="propagation" Navigation="org.eclipse.mylyn.core.model.edges.containment" OriginId="org.eclipse.mylyn.core.model.interest.propagation" StartDate="2014-08-20 20:29:02.216 JST" StructureHandle="=app.twitter" StructureKind="java" NumEvents="14" CreationCount="3"/><InteractionEvent Delta="null" EndDate="2014-08-20 20:32:49.58 JST" Interest="1.0" Kind="propagation" Navigation="null" OriginId="org.eclipse.mylyn.resources.ui.interest.updater" StartDate="2014-08-20 20:32:49.58 JST" StructureHandle="/TA2/gen/ta2/main/R.java" StructureKind="resource"/><InteractionEvent Delta="null" EndDate="2014-08-20 20:36:17.122 JST" Interest="37.521" Kind="propagation" Navigation="org.eclipse.mylyn.core.model.edges.containment" OriginId="org.eclipse.mylyn.core.model.interest.propagation" StartDate="2014-08-20 20:30:08.160 JST" StructureHandle="/TA2/res" StructureKind="resource" NumEvents="49" CreationCount="2"/><InteractionEvent Delta="null" EndDate="2014-08-20 20:30:02.441 JST" Interest="2.0" Kind="selection" Navigation="null" OriginId="org.eclipse.jdt.ui.PackageExplorer" StartDate="2014-08-20 20:28:49.402 JST" StructureHandle="/TA2/res" StructureKind="resource" NumEvents="2" CreationCount="2"/><InteractionEvent Delta="null" EndDate="2014-08-20 20:32:49.54 JST" Interest="1.0" Kind="propagation" Navigation="null" OriginId="org.eclipse.mylyn.resources.ui.interest.updater" StartDate="2014-08-20 20:32:49.54 JST" StructureHandle="/TA2/gen/ta2/main/BuildConfig.java" StructureKind="resource"/><InteractionEvent Delta="null" EndDate="2014-08-20 20:32:49.53 JST" Interest="1.0" Kind="propagation" Navigation="null" OriginId="org.eclipse.mylyn.resources.ui.interest.updater" StartDate="2014-08-20 20:32:49.53 JST" StructureHandle="/TA2/bin/res" StructureKind="resource"/><InteractionEvent Delta="null" EndDate="2014-08-20 20:32:49.53 JST" Interest="1.0" Kind="propagation" Navigation="null" OriginId="org.eclipse.mylyn.resources.ui.interest.updater" StartDate="2014-08-20 20:32:49.53 JST" StructureHandle="/TA2/bin/AndroidManifest.xml" StructureKind="resource"/><InteractionEvent Delta="null" EndDate="2014-08-20 20:32:49.54 JST" Interest="1.0" Kind="propagation" Navigation="null" OriginId="org.eclipse.mylyn.resources.ui.interest.updater" StartDate="2014-08-20 20:32:49.54 JST" StructureHandle="=TA2/gen&amp;lt;ta2" StructureKind="java"/><InteractionEvent Delta="null" EndDate="2014-08-20 20:32:05.323 JST" Interest="7.917" Kind="propagation" Navigation="org.eclipse.mylyn.core.model.edges.containment" OriginId="org.eclipse.mylyn.core.model.interest.propagation" StartDate="2014-08-20 20:30:21.750 JST" StructureHandle="/app.twitter/res/values" StructureKind="resource" NumEvents="11" CreationCount="22"/><InteractionEvent Delta="null" EndDate="2014-08-20 20:30:19.957 JST" Interest="1.0" Kind="selection" Navigation="null" OriginId="org.eclipse.ui.views.ResourceNavigator" StartDate="2014-08-20 20:30:19.957 JST" StructureHandle="/app.twitter/res/values" StructureKind="resource"/><InteractionEvent Delta="null" EndDate="2014-08-20 20:32:05.160 JST" Interest="4.0" Kind="selection" Navigation="null" OriginId="com.android.ide.eclipse.editors.CommonXmlEditor" StartDate="2014-08-20 20:30:21.749 JST" StructureHandle="/app.twitter/res/values/strings.xml" StructureKind="resource" NumEvents="4" CreationCount="23"/><InteractionEvent Delta="null" EndDate="2014-08-20 20:32:05.322 JST" Interest="7.0" Kind="edit" Navigation="null" OriginId="com.android.ide.eclipse.editors.CommonXmlEditor" StartDate="2014-08-20 20:30:22.442 JST" StructureHandle="/app.twitter/res/values/strings.xml" StructureKind="resource" NumEvents="7" CreationCount="23"/><InteractionEvent Delta="null" EndDate="2014-08-20 20:32:49.60 JST" Interest="4.0" Kind="propagation" Navigation="org.eclipse.mylyn.core.model.edges.containment" OriginId="org.eclipse.mylyn.core.model.interest.propagation" StartDate="2014-08-20 20:32:49.54 JST" StructureHandle="/TA2/gen" StructureKind="resource" NumEvents="4" CreationCount="72"/><InteractionEvent Delta="null" EndDate="2014-08-20 20:32:42.439 JST" Interest="5.0" Kind="selection" Navigation="null" OriginId="org.eclipse.jdt.ui.PackageExplorer" StartDate="2014-08-20 20:30:27.633 JST" StructureHandle="/TA2/res/values/strings.xml" StructureKind="resource" NumEvents="5" CreationCount="29"/><InteractionEvent Delta="null" EndDate="2014-08-20 20:32:06.281 JST" Interest="18.0" Kind="edit" Navigation="null" OriginId="com.android.ide.eclipse.editors.CommonXmlEditor" StartDate="2014-08-20 20:30:28.224 JST" StructureHandle="/TA2/res/values/strings.xml" StructureKind="resource" NumEvents="18" CreationCount="29"/><InteractionEvent Delta="null" EndDate="2014-08-20 20:32:05.323 JST" Interest="8.24" Kind="propagation" Navigation="org.eclipse.mylyn.core.model.edges.containment" OriginId="org.eclipse.mylyn.core.model.interest.propagation" StartDate="2014-08-20 20:29:04.199 JST" StructureHandle="/app.twitter/res" StructureKind="resource" NumEvents="13" CreationCount="3"/><InteractionEvent Delta="null" EndDate="2014-08-20 20:29:02.216 JST" Interest="1.0" Kind="selection" Navigation="null" OriginId="org.eclipse.ui.views.ResourceNavigator" StartDate="2014-08-20 20:29:02.216 JST" StructureHandle="/app.twitter/res" StructureKind="resource"/><InteractionEvent Delta="null" EndDate="2014-08-20 20:30:07.248 JST" Interest="1.0" Kind="propagation" Navigation="null" OriginId="org.eclipse.mylyn.resources.ui.interest.updater" StartDate="2014-08-20 20:30:07.248 JST" StructureHandle="/TA2/res/layout/actv_twt.xml" StructureKind="resource"/><InteractionEvent Delta="null" EndDate="2014-08-20 20:36:17.78 JST" Interest="18.0" Kind="selection" Navigation="null" OriginId="com.android.ide.eclipse.editors.CommonXmlEditor" StartDate="2014-08-20 20:30:08.159 JST" StructureHandle="/TA2/res/layout/actv_twt.xml" StructureKind="resource" NumEvents="18" CreationCount="15"/><InteractionEvent Delta="null" EndDate="2014-08-20 20:36:17.121 JST" Interest="29.0" Kind="edit" Navigation="null" OriginId="com.android.ide.eclipse.editors.CommonXmlEditor" StartDate="2014-08-20 20:30:09.890 JST" StructureHandle="/TA2/res/layout/actv_twt.xml" StructureKind="resource" NumEvents="29" CreationCount="15"/><InteractionEvent Delta="null" EndDate="2014-08-20 20:32:49.53 JST" Interest="1.0" Kind="propagation" Navigation="null" OriginId="org.eclipse.mylyn.resources.ui.interest.updater" StartDate="2014-08-20 20:32:49.53 JST" StructureHandle="=TA2/gen&amp;lt;ta2.main{BuildConfig.java" StructureKind="java"/><InteractionEvent Delta="null" EndDate="2014-08-20 20:32:49.53 JST" Interest="1.0" Kind="propagation" Navigation="null" OriginId="org.eclipse.mylyn.resources.ui.interest.updater" StartDate="2014-08-20 20:32:49.53 JST" StructureHandle="=TA2/gen&amp;lt;ta2.main{R.java" StructureKind="java"/><InteractionEvent Delta="null" EndDate="2014-08-20 20:36:17.122 JST" Interest="39.538002" Kind="propagation" Navigation="org.eclipse.mylyn.core.model.edges.containment" OriginId="org.eclipse.mylyn.core.model.interest.propagation" StartDate="2014-08-20 20:28:45.975 JST" StructureHandle="/" StructureKind="resource" NumEvents="50" CreationCount="1"/><InteractionEvent Delta="null" EndDate="2014-08-20 20:32:49.60 JST" Interest="4.0" Kind="propagation" Navigation="null" OriginId="org.eclipse.mylyn.resources.ui.interest.updater" StartDate="2014-08-20 20:32:49.54 JST" StructureHandle="/TA2/gen/ta2" StructureKind="resource" NumEvents="4" CreationCount="72"/><InteractionEvent Delta="null" EndDate="2014-08-20 20:32:49.57 JST" Interest="1.0" Kind="propagation" Navigation="org.eclipse.mylyn.core.model.edges.containment" OriginId="org.eclipse.mylyn.core.model.interest.propagation" StartDate="2014-08-20 20:32:49.57 JST" StructureHandle="/TA2/bin" StructureKind="resource"/><InteractionEvent Delta="null" EndDate="2014-08-20 20:32:05.323 JST" Interest="24.0" Kind="propagation" Navigation="null" OriginId="com.android.ide.eclipse.editors.CommonXmlEditor" StartDate="2014-08-20 20:29:02.216 JST" StructureHandle="/app.twitter" StructureKind="resource" NumEvents="24" CreationCount="3"/><InteractionEvent Delta="null" EndDate="2014-08-20 20:28:45.975 JST" Interest="1.0" Kind="selection" Navigation="null" OriginId="org.eclipse.jdt.ui.PackageExplorer" StartDate="2014-08-20 20:28:45.975 JST" StructureHandle="=TA2/src" StructureKind="java"/><InteractionEvent Delta="null" EndDate="2014-08-20 20:30:15.215 JST" Interest="7.5169997" Kind="propagation" Navigation="org.eclipse.mylyn.core.model.edges.containment" OriginId="org.eclipse.mylyn.core.model.interest.propagation" StartDate="2014-08-20 20:29:09.195 JST" StructureHandle="/app.twitter/res/layout" StructureKind="resource" NumEvents="10" CreationCount="4"/><InteractionEvent Delta="null" EndDate="2014-08-20 20:29:04.199 JST" Interest="1.0" Kind="selection" Navigation="null" OriginId="org.eclipse.ui.views.ResourceNavigator" StartDate="2014-08-20 20:29:04.199 JST" StructureHandle="/app.twitter/res/layout" StructureKind="resource"/><InteractionEvent Delta="null" EndDate="2014-08-20 20:32:49.56 JST" Interest="2.0" Kind="propagation" Navigation="org.eclipse.mylyn.core.model.edges.containment" OriginId="org.eclipse.mylyn.core.model.interest.propagation" StartDate="2014-08-20 20:32:49.55 JST" StructureHandle="=TA2/gen" StructureKind="java" NumEvents="2" CreationCount="72"/><InteractionEvent Delta="null" EndDate="2014-08-20 20:33:43.308 JST" Interest="1.0" Kind="propagation" Navigation="null" OriginId="org.eclipse.mylyn.resources.ui.interest.updater" StartDate="2014-08-20 20:33:43.308 JST" StructureHandle="/TA2/res/layout/actv_memo.xml" StructureKind="resource"/><InteractionEvent Delta="null" EndDate="2014-08-20 20:36:24.848 JST" Interest="11.0" Kind="selection" Navigation="null" OriginId="com.android.ide.eclipse.editors.CommonXmlEditor" StartDate="2014-08-20 20:33:44.945 JST" StructureHandle="/TA2/res/layout/actv_memo.xml" StructureKind="resource" NumEvents="11" CreationCount="78"/><InteractionEvent Delta="null" EndDate="2014-08-20 20:36:39.321 JST" Interest="33.0" Kind="edit" Navigation="null" OriginId="com.android.ide.eclipse.editors.CommonXmlEditor" StartDate="2014-08-20 20:34:40.155 JST" StructureHandle="/TA2/res/layout/actv_memo.xml" StructureKind="resource" NumEvents="33" CreationCount="78"/></InteractionHistory>