<?xml version="1.0" encoding="UTF-8"?><InteractionHistory Id="local-138" Version="1"><InteractionEvent Delta="null" EndDate="2014-10-09 09:42:11.655 JST" Interest="115.10199" Kind="propagation" Navigation="org.eclipse.mylyn.core.model.edges.containment" OriginId="org.eclipse.mylyn.core.model.interest.propagation" StartDate="2014-10-09 09:36:46.535 JST" StructureHandle="" StructureKind="java" NumEvents="117" CreationCount="59"/><InteractionEvent Delta="null" EndDate="2014-10-09 09:48:39.957 JST" Interest="33.334" Kind="propagation" Navigation="org.eclipse.mylyn.core.model.edges.containment" OriginId="org.eclipse.mylyn.core.model.interest.propagation" StartDate="2014-10-09 09:47:12.285 JST" StructureHandle="=TA2/src&amp;lt;ta2.main{PhotoActv.java" StructureKind="java" NumEvents="50" CreationCount="374"/><InteractionEvent Delta="null" EndDate="2014-10-09 09:49:00.920 JST" Interest="5.0" Kind="selection" Navigation="null" OriginId="org.eclipse.jdt.ui.CompilationUnitEditor" StartDate="2014-10-09 09:47:10.409 JST" StructureHandle="=TA2/src&amp;lt;ta2.main{PhotoActv.java" StructureKind="java" NumEvents="5" CreationCount="374"/><InteractionEvent Delta="null" EndDate="2014-10-09 09:47:07.897 JST" Interest="11.0" Kind="propagation" Navigation="null" OriginId="org.eclipse.jdt.ui.PackageExplorer" StartDate="2014-10-09 09:41:14.372 JST" StructureHandle="/TA2/src/ta2/utils/CONS.java" StructureKind="resource" NumEvents="11" CreationCount="236"/><InteractionEvent Delta="null" EndDate="2014-10-09 09:42:11.653 JST" Interest="90.0" Kind="propagation" Navigation="null" OriginId="org.eclipse.jdt.ui.CompilationUnitEditor" StartDate="2014-10-09 09:36:53.763 JST" StructureHandle="/IFM11/src/ifm11/main/ImageActv.java" StructureKind="resource" NumEvents="90" CreationCount="65"/><InteractionEvent Delta="null" EndDate="2014-10-09 09:47:07.897 JST" Interest="11.0" Kind="propagation" Navigation="org.eclipse.mylyn.core.model.edges.containment" OriginId="org.eclipse.mylyn.core.model.interest.propagation" StartDate="2014-10-09 09:41:14.372 JST" StructureHandle="/TA2/src/ta2/utils" StructureKind="resource" NumEvents="11" CreationCount="236"/><InteractionEvent Delta="null" EndDate="2014-10-09 09:49:01.315 JST" Interest="351.0" Kind="propagation" Navigation="org.eclipse.mylyn.core.model.edges.containment" OriginId="org.eclipse.mylyn.core.model.interest.propagation" StartDate="2014-10-09 09:34:55.671 JST" StructureHandle="/TA2/src/ta2" StructureKind="resource" NumEvents="351" CreationCount="1"/><InteractionEvent Delta="null" EndDate="2014-10-09 09:36:55.769 JST" Interest="1.0" Kind="selection" Navigation="null" OriginId="org.eclipse.ui.views.ContentOutline" StartDate="2014-10-09 09:36:55.769 JST" StructureHandle="=IFM11/src&amp;lt;ifm11.main{ImageActv.java%ifm11.main" StructureKind="java"/><InteractionEvent Delta="null" EndDate="2014-10-09 09:45:12.202 JST" Interest="117.0" Kind="edit" Navigation="null" OriginId="org.eclipse.jdt.ui.CompilationUnitEditor" StartDate="2014-10-09 09:36:28.605 JST" StructureHandle="=TA2/src&amp;lt;ta2.main{ImageActv.java[ImageActv~_Setup_Set_Image" StructureKind="java" NumEvents="117" CreationCount="47"/><InteractionEvent Delta="null" EndDate="2014-10-09 09:45:00.724 JST" Interest="13.0" Kind="selection" Navigation="null" OriginId="org.eclipse.jdt.ui.CompilationUnitEditor" StartDate="2014-10-09 09:36:28.600 JST" StructureHandle="=TA2/src&amp;lt;ta2.main{ImageActv.java[ImageActv~_Setup_Set_Image" StructureKind="java" NumEvents="13" CreationCount="47"/><InteractionEvent Delta="null" EndDate="2014-10-09 09:41:09.656 JST" Interest="1.0" Kind="propagation" Navigation="null" OriginId="org.eclipse.jdt.ui.PackageExplorer" StartDate="2014-10-09 09:41:09.656 JST" StructureHandle="/TA2/src/ta2/main/MemoEditActv.java" StructureKind="resource"/><InteractionEvent Delta="null" EndDate="2014-10-09 09:44:05.655 JST" Interest="4.0" Kind="edit" Navigation="null" OriginId="org.eclipse.jdt.ui.CompilationUnitEditor" StartDate="2014-10-09 09:43:29.481 JST" StructureHandle="=TA2/src&amp;lt;ta2.main{ImageActv.java[ImageActv~do_test" StructureKind="java" NumEvents="4" CreationCount="331"/><InteractionEvent Delta="null" EndDate="2014-10-09 09:43:29.478 JST" Interest="1.0" Kind="selection" Navigation="null" OriginId="org.eclipse.jdt.ui.CompilationUnitEditor" StartDate="2014-10-09 09:43:29.478 JST" StructureHandle="=TA2/src&amp;lt;ta2.main{ImageActv.java[ImageActv~do_test" StructureKind="java"/><InteractionEvent Delta="null" EndDate="2014-10-09 09:42:11.654 JST" Interest="25.855" Kind="propagation" Navigation="org.eclipse.mylyn.core.model.edges.containment" OriginId="org.eclipse.mylyn.core.model.interest.propagation" StartDate="2014-10-09 09:36:51.806 JST" StructureHandle="=IFM11/src&amp;lt;ifm11.main" StructureKind="java" NumEvents="43" CreationCount="62"/><InteractionEvent Delta="null" EndDate="2014-10-09 09:36:50.218 JST" Interest="1.0" Kind="selection" Navigation="null" OriginId="org.eclipse.ui.views.ResourceNavigator" StartDate="2014-10-09 09:36:50.218 JST" StructureHandle="=IFM11/src&amp;lt;ifm11.main" StructureKind="java"/><InteractionEvent Delta="null" EndDate="2014-10-09 09:45:18.531 JST" Interest="95.68201" Kind="propagation" Navigation="org.eclipse.mylyn.core.model.edges.containment" OriginId="org.eclipse.mylyn.core.model.interest.propagation" StartDate="2014-10-09 09:34:55.671 JST" StructureHandle="=TA2/src&amp;lt;ta2.main" StructureKind="java" NumEvents="140" CreationCount="1"/><InteractionEvent Delta="null" EndDate="2014-10-09 09:41:25.456 JST" Interest="15.9" Kind="propagation" Navigation="org.eclipse.mylyn.core.model.edges.containment" OriginId="org.eclipse.mylyn.core.model.interest.propagation" StartDate="2014-10-09 09:38:25.502 JST" StructureHandle="=IFM11/src&amp;lt;ifm11.main{TNActv.java[TNActv" StructureKind="java" NumEvents="21" CreationCount="139"/><InteractionEvent Delta="null" EndDate="2014-10-09 09:41:16.438 JST" Interest="1.0" Kind="selection" Navigation="null" OriginId="org.eclipse.ui.views.ContentOutline" StartDate="2014-10-09 09:41:16.438 JST" StructureHandle="=TA2/src&amp;lt;ta2.utils{CONS.java%ta2.utils" StructureKind="java"/><InteractionEvent Delta="null" EndDate="2014-10-09 09:41:25.456 JST" Interest="26.0" Kind="propagation" Navigation="null" OriginId="org.eclipse.jdt.ui.CompilationUnitEditor" StartDate="2014-10-09 09:38:21.702 JST" StructureHandle="/IFM11/src/ifm11/main/TNActv.java" StructureKind="resource" NumEvents="26" CreationCount="137"/><InteractionEvent Delta="null" EndDate="2014-10-09 09:49:08.519 JST" Interest="4.0" Kind="prediction" Navigation="null" OriginId="org.eclipse.mylyn.resources.ui.interest.updater" StartDate="2014-10-09 09:39:54.773 JST" StructureHandle="/TA2/bin/TA2.apk" StructureKind="resource" NumEvents="4" CreationCount="211"/><InteractionEvent Delta="null" EndDate="2014-10-09 09:36:52.334 JST" Interest="1.0" Kind="selection" Navigation="null" OriginId="org.eclipse.ui.views.ResourceNavigator" StartDate="2014-10-09 09:36:52.334 JST" StructureHandle="=IFM11/src&amp;lt;ifm11.main{LogActv.java" StructureKind="java"/><InteractionEvent Delta="null" EndDate="2014-10-09 09:47:07.897 JST" Interest="6.934" Kind="propagation" Navigation="org.eclipse.mylyn.core.model.edges.containment" OriginId="org.eclipse.mylyn.core.model.interest.propagation" StartDate="2014-10-09 09:41:14.373 JST" StructureHandle="=TA2/src&amp;lt;ta2.utils" StructureKind="java" NumEvents="11" CreationCount="236"/><InteractionEvent Delta="null" EndDate="2014-10-09 09:41:09.656 JST" Interest="1.0" Kind="selection" Navigation="null" OriginId="org.eclipse.jdt.ui.PackageExplorer" StartDate="2014-10-09 09:41:09.656 JST" StructureHandle="=TA2/src&amp;lt;ta2.main{MemoEditActv.java" StructureKind="java"/><InteractionEvent Delta="null" EndDate="2014-10-09 09:42:11.653 JST" Interest="115.10199" Kind="propagation" Navigation="org.eclipse.mylyn.core.model.edges.containment" OriginId="org.eclipse.mylyn.core.model.interest.propagation" StartDate="2014-10-09 09:36:46.535 JST" StructureHandle="=IFM11" StructureKind="resource" NumEvents="117" CreationCount="59"/><InteractionEvent Delta="null" EndDate="2014-10-09 09:42:56.987 JST" Interest="8.0" Kind="edit" Navigation="null" OriginId="org.eclipse.jdt.ui.CompilationUnitEditor" StartDate="2014-10-09 09:37:35.593 JST" StructureHandle="=TA2/src&amp;lt;ta2.main{ImageActv.java[ImageActv" StructureKind="java" NumEvents="8" CreationCount="3"/><InteractionEvent Delta="null" EndDate="2014-10-09 09:42:56.984 JST" Interest="4.0" Kind="selection" Navigation="null" OriginId="org.eclipse.jdt.ui.CompilationUnitEditor" StartDate="2014-10-09 09:37:35.590 JST" StructureHandle="=TA2/src&amp;lt;ta2.main{ImageActv.java[ImageActv" StructureKind="java" NumEvents="4" CreationCount="3"/><InteractionEvent Delta="null" EndDate="2014-10-09 09:45:12.202 JST" Interest="86.048004" Kind="propagation" Navigation="org.eclipse.mylyn.core.model.edges.containment" OriginId="org.eclipse.mylyn.core.model.interest.propagation" StartDate="2014-10-09 09:34:58.894 JST" StructureHandle="=TA2/src&amp;lt;ta2.main{ImageActv.java[ImageActv" StructureKind="java" NumEvents="121" CreationCount="3"/><InteractionEvent Delta="null" EndDate="2014-10-09 09:49:01.315 JST" Interest="362.0" Kind="propagation" Navigation="org.eclipse.mylyn.core.model.edges.containment" OriginId="org.eclipse.mylyn.core.model.interest.propagation" StartDate="2014-10-09 09:34:55.671 JST" StructureHandle="/" StructureKind="resource" NumEvents="362" CreationCount="1"/><InteractionEvent Delta="null" EndDate="2014-10-09 09:40:50.62 JST" Interest="19.0" Kind="edit" Navigation="null" OriginId="org.eclipse.jdt.ui.CompilationUnitEditor" StartDate="2014-10-09 09:37:03.798 JST" StructureHandle="=IFM11/src&amp;lt;ifm11.main{ImageActv.java[ImageActv~_Setup_Initial" StructureKind="java" NumEvents="19" CreationCount="71"/><InteractionEvent Delta="null" EndDate="2014-10-09 09:40:48.452 JST" Interest="6.0" Kind="selection" Navigation="null" OriginId="org.eclipse.jdt.ui.CompilationUnitEditor" StartDate="2014-10-09 09:37:03.794 JST" StructureHandle="=IFM11/src&amp;lt;ifm11.main{ImageActv.java[ImageActv~_Setup_Initial" StructureKind="java" NumEvents="6" CreationCount="71"/><InteractionEvent Delta="null" EndDate="2014-10-09 09:38:23.381 JST" Interest="1.0" Kind="selection" Navigation="null" OriginId="org.eclipse.ui.views.ContentOutline" StartDate="2014-10-09 09:38:23.381 JST" StructureHandle="=IFM11/src&amp;lt;ifm11.main{TNActv.java%ifm11.main" StructureKind="java"/><InteractionEvent Delta="null" EndDate="2014-10-09 09:36:46.539 JST" Interest="2.0" Kind="selection" Navigation="null" OriginId="org.eclipse.ui.views.ResourceNavigator" StartDate="2014-10-09 09:36:46.535 JST" StructureHandle="/IFM11/res" StructureKind="resource" NumEvents="2" CreationCount="59"/><InteractionEvent Delta="null" EndDate="2014-10-09 09:35:00.503 JST" Interest="3.0" Kind="selection" Navigation="null" OriginId="org.eclipse.jdt.ui.CompilationUnitEditor" StartDate="2014-10-09 09:34:58.894 JST" StructureHandle="=TA2/src&amp;lt;ta2.main{ImageActv.java[ImageActv~onCreateOptionsMenu~QMenu;" StructureKind="java" NumEvents="3" CreationCount="3"/><InteractionEvent Delta="null" EndDate="2014-10-09 09:42:11.653 JST" Interest="17.803999" Kind="propagation" Navigation="org.eclipse.mylyn.core.model.edges.containment" OriginId="org.eclipse.mylyn.core.model.interest.propagation" StartDate="2014-10-09 09:36:55.770 JST" StructureHandle="=IFM11/src&amp;lt;ifm11.main{ImageActv.java" StructureKind="java" NumEvents="32" CreationCount="65"/><InteractionEvent Delta="null" EndDate="2014-10-09 09:42:01.916 JST" Interest="9.0" Kind="selection" Navigation="null" OriginId="org.eclipse.jdt.ui.CompilationUnitEditor" StartDate="2014-10-09 09:36:53.763 JST" StructureHandle="=IFM11/src&amp;lt;ifm11.main{ImageActv.java" StructureKind="java" NumEvents="9" CreationCount="65"/><InteractionEvent Delta="null" EndDate="2014-10-09 09:45:27.232 JST" Interest="3.0" Kind="propagation" Navigation="org.eclipse.mylyn.core.model.edges.containment" OriginId="org.eclipse.mylyn.core.model.interest.propagation" StartDate="2014-10-09 09:39:54.773 JST" StructureHandle="/TA2/bin" StructureKind="resource" NumEvents="2" CreationCount="211"/><InteractionEvent Delta="null" EndDate="2014-10-09 09:42:11.655 JST" Interest="122.0" Kind="propagation" Navigation="null" OriginId="org.eclipse.jdt.ui.CompilationUnitEditor" StartDate="2014-10-09 09:36:46.535 JST" StructureHandle="/IFM11" StructureKind="resource" NumEvents="122" CreationCount="59"/><InteractionEvent Delta="null" EndDate="2014-10-09 09:38:57.772 JST" Interest="11.933999" Kind="propagation" Navigation="org.eclipse.mylyn.core.model.edges.containment" OriginId="org.eclipse.mylyn.core.model.interest.propagation" StartDate="2014-10-09 09:38:23.382 JST" StructureHandle="=IFM11/src&amp;lt;ifm11.main{TNActv.java" StructureKind="java" NumEvents="20" CreationCount="137"/><InteractionEvent Delta="null" EndDate="2014-10-09 09:41:24.998 JST" Interest="4.0" Kind="selection" Navigation="null" OriginId="org.eclipse.jdt.ui.CompilationUnitEditor" StartDate="2014-10-09 09:38:21.701 JST" StructureHandle="=IFM11/src&amp;lt;ifm11.main{TNActv.java" StructureKind="java" NumEvents="4" CreationCount="137"/><InteractionEvent Delta="null" EndDate="2014-10-09 09:42:08.32 JST" Interest="3.0" Kind="edit" Navigation="null" OriginId="org.eclipse.jdt.ui.CompilationUnitEditor" StartDate="2014-10-09 09:42:05.541 JST" StructureHandle="=IFM11/src&amp;lt;ifm11.main{ImageActv.java[ImageActv~set_image_1_modify_bitmap~QBitmap;" StructureKind="java" NumEvents="3" CreationCount="280"/><InteractionEvent Delta="null" EndDate="2014-10-09 09:42:05.537 JST" Interest="2.0" Kind="selection" Navigation="null" OriginId="org.eclipse.jdt.ui.CompilationUnitEditor" StartDate="2014-10-09 09:42:05.533 JST" StructureHandle="=IFM11/src&amp;lt;ifm11.main{ImageActv.java[ImageActv~set_image_1_modify_bitmap~QBitmap;" StructureKind="java" NumEvents="2" CreationCount="280"/><InteractionEvent Delta="null" EndDate="2014-10-09 09:47:03.155 JST" Interest="27.0" Kind="edit" Navigation="null" OriginId="org.eclipse.jdt.ui.CompilationUnitEditor" StartDate="2014-10-09 09:35:00.990 JST" StructureHandle="=TA2/src&amp;lt;ta2.main{ImageActv.java[ImageActv~onStart" StructureKind="java" NumEvents="27" CreationCount="4"/><InteractionEvent Delta="null" EndDate="2014-10-09 09:45:18.530 JST" Interest="11.0" Kind="selection" Navigation="null" OriginId="org.eclipse.jdt.ui.CompilationUnitEditor" StartDate="2014-10-09 09:35:00.450 JST" StructureHandle="=TA2/src&amp;lt;ta2.main{ImageActv.java[ImageActv~onStart" StructureKind="java" NumEvents="11" CreationCount="4"/><InteractionEvent Delta="null" EndDate="2014-10-09 09:49:01.315 JST" Interest="351.0" Kind="propagation" Navigation="null" OriginId="org.eclipse.jdt.ui.CompilationUnitEditor" StartDate="2014-10-09 09:34:55.671 JST" StructureHandle="/TA2/src/ta2/main" StructureKind="resource" NumEvents="351" CreationCount="1"/><InteractionEvent Delta="null" EndDate="2014-10-09 09:36:58.868 JST" Interest="3.0" Kind="edit" Navigation="null" OriginId="org.eclipse.jdt.ui.CompilationUnitEditor" StartDate="2014-10-09 09:36:58.396 JST" StructureHandle="=IFM11/src&amp;lt;ifm11.main{ImageActv.java[ImageActv~onStart" StructureKind="java" NumEvents="3" CreationCount="67"/><InteractionEvent Delta="null" EndDate="2014-10-09 09:36:58.340 JST" Interest="1.0" Kind="selection" Navigation="null" OriginId="org.eclipse.ui.views.ContentOutline" StartDate="2014-10-09 09:36:58.340 JST" StructureHandle="=IFM11/src&amp;lt;ifm11.main{ImageActv.java[ImageActv~onStart" StructureKind="java"/><InteractionEvent Delta="null" EndDate="2014-10-09 09:42:11.653 JST" Interest="4.0" Kind="edit" Navigation="null" OriginId="org.eclipse.jdt.ui.CompilationUnitEditor" StartDate="2014-10-09 09:37:24.830 JST" StructureHandle="=IFM11/src&amp;lt;ifm11.main{ImageActv.java[ImageActv" StructureKind="java" NumEvents="4" CreationCount="67"/><InteractionEvent Delta="null" EndDate="2014-10-09 09:42:10.262 JST" Interest="2.0" Kind="selection" Navigation="null" OriginId="org.eclipse.jdt.ui.CompilationUnitEditor" StartDate="2014-10-09 09:37:24.826 JST" StructureHandle="=IFM11/src&amp;lt;ifm11.main{ImageActv.java[ImageActv" StructureKind="java" NumEvents="2" CreationCount="67"/><InteractionEvent Delta="null" EndDate="2014-10-09 09:42:04.80 JST" Interest="21.97" Kind="propagation" Navigation="org.eclipse.mylyn.core.model.edges.containment" OriginId="org.eclipse.mylyn.core.model.interest.propagation" StartDate="2014-10-09 09:36:58.340 JST" StructureHandle="=IFM11/src&amp;lt;ifm11.main{ImageActv.java[ImageActv" StructureKind="java" NumEvents="33" CreationCount="67"/><InteractionEvent Delta="null" EndDate="2014-10-09 09:49:01.315 JST" Interest="362.0" Kind="propagation" Navigation="null" OriginId="org.eclipse.jdt.ui.CompilationUnitEditor" StartDate="2014-10-09 09:34:55.671 JST" StructureHandle="/TA2/src" StructureKind="resource" NumEvents="362" CreationCount="1"/><InteractionEvent Delta="null" EndDate="2014-10-09 09:49:00.316 JST" Interest="5.0" Kind="edit" Navigation="null" OriginId="com.android.ide.eclipse.editors.CommonXmlEditor" StartDate="2014-10-09 09:47:58.8 JST" StructureHandle="/TA2/res/menu/menu_actv_showlist.xml" StructureKind="resource" NumEvents="5" CreationCount="405"/><InteractionEvent Delta="null" EndDate="2014-10-09 09:48:59.968 JST" Interest="3.0" Kind="selection" Navigation="null" OriginId="com.android.ide.eclipse.editors.CommonXmlEditor" StartDate="2014-10-09 09:47:57.945 JST" StructureHandle="/TA2/res/menu/menu_actv_showlist.xml" StructureKind="resource" NumEvents="3" CreationCount="405"/><InteractionEvent Delta="null" EndDate="2014-10-09 09:49:01.315 JST" Interest="362.0" Kind="propagation" Navigation="org.eclipse.mylyn.core.model.edges.containment" OriginId="org.eclipse.mylyn.core.model.interest.propagation" StartDate="2014-10-09 09:34:55.671 JST" StructureHandle="=TA2" StructureKind="resource" NumEvents="362" CreationCount="1"/><InteractionEvent Delta="null" EndDate="2014-10-09 09:48:03.454 JST" Interest="10.0" Kind="edit" Navigation="null" OriginId="org.eclipse.jdt.ui.CompilationUnitEditor" StartDate="2014-10-09 09:47:23.727 JST" StructureHandle="=TA2/src&amp;lt;ta2.main{PhotoActv.java[PhotoActv~onCreateOptionsMenu~QMenu;" StructureKind="java" NumEvents="10" CreationCount="389"/><InteractionEvent Delta="null" EndDate="2014-10-09 09:47:44.815 JST" Interest="4.0" Kind="selection" Navigation="null" OriginId="org.eclipse.jdt.ui.CompilationUnitEditor" StartDate="2014-10-09 09:47:23.159 JST" StructureHandle="=TA2/src&amp;lt;ta2.main{PhotoActv.java[PhotoActv~onCreateOptionsMenu~QMenu;" StructureKind="java" NumEvents="4" CreationCount="389"/><InteractionEvent Delta="null" EndDate="2014-10-09 09:49:00.316 JST" Interest="6.5" Kind="propagation" Navigation="org.eclipse.mylyn.core.model.edges.containment" OriginId="org.eclipse.mylyn.core.model.interest.propagation" StartDate="2014-10-09 09:47:57.945 JST" StructureHandle="/TA2/res/menu" StructureKind="resource" NumEvents="8" CreationCount="405"/><InteractionEvent Delta="null" EndDate="2014-10-09 09:47:25.476 JST" Interest="1.0" Kind="propagation" Navigation="null" OriginId="org.eclipse.jdt.ui.PackageExplorer" StartDate="2014-10-09 09:47:25.476 JST" StructureHandle="/TA2/src/ta2/main/RecActv.java" StructureKind="resource"/><InteractionEvent Delta="null" EndDate="2014-10-09 09:41:22.5 JST" Interest="5.9" Kind="propagation" Navigation="org.eclipse.mylyn.core.model.edges.containment" OriginId="org.eclipse.mylyn.core.model.interest.propagation" StartDate="2014-10-09 09:41:19.9 JST" StructureHandle="=TA2/src&amp;lt;ta2.utils{CONS.java[CONS" StructureKind="java" NumEvents="8" CreationCount="238"/><InteractionEvent Delta="null" EndDate="2014-10-09 09:45:18.531 JST" Interest="87.68201" Kind="propagation" Navigation="org.eclipse.mylyn.core.model.edges.containment" OriginId="org.eclipse.mylyn.core.model.interest.propagation" StartDate="2014-10-09 09:34:57.536 JST" StructureHandle="=TA2/src&amp;lt;ta2.main{ImageActv.java" StructureKind="java" NumEvents="132" CreationCount="1"/><InteractionEvent Delta="null" EndDate="2014-10-09 09:42:12.426 JST" Interest="8.0" Kind="selection" Navigation="null" OriginId="org.eclipse.jdt.ui.CompilationUnitEditor" StartDate="2014-10-09 09:34:55.671 JST" StructureHandle="=TA2/src&amp;lt;ta2.main{ImageActv.java" StructureKind="java" NumEvents="8" CreationCount="1"/><InteractionEvent Delta="null" EndDate="2014-10-09 09:47:25.476 JST" Interest="1.0" Kind="selection" Navigation="null" OriginId="org.eclipse.jdt.ui.PackageExplorer" StartDate="2014-10-09 09:47:25.476 JST" StructureHandle="=TA2/src&amp;lt;ta2.main{RecActv.java" StructureKind="java"/><InteractionEvent Delta="null" EndDate="2014-10-09 09:48:33.646 JST" Interest="39.0" Kind="edit" Navigation="null" OriginId="org.eclipse.jdt.ui.CompilationUnitEditor" StartDate="2014-10-09 09:47:14.276 JST" StructureHandle="=TA2/src&amp;lt;ta2.main{PhotoActv.java[PhotoActv~onOptionsItemSelected~QMenuItem;" StructureKind="java" NumEvents="39" CreationCount="376"/><InteractionEvent Delta="null" EndDate="2014-10-09 09:48:39.956 JST" Interest="10.0" Kind="selection" Navigation="null" OriginId="org.eclipse.jdt.ui.CompilationUnitEditor" StartDate="2014-10-09 09:47:14.148 JST" StructureHandle="=TA2/src&amp;lt;ta2.main{PhotoActv.java[PhotoActv~onOptionsItemSelected~QMenuItem;" StructureKind="java" NumEvents="10" CreationCount="376"/><InteractionEvent Delta="null" EndDate="2014-10-09 09:49:08.519 JST" Interest="4.0" Kind="prediction" Navigation="null" OriginId="org.eclipse.mylyn.resources.ui.interest.updater" StartDate="2014-10-09 09:39:54.773 JST" StructureHandle="/TA2/bin/classes.dex" StructureKind="resource" NumEvents="4" CreationCount="211"/><InteractionEvent Delta="null" EndDate="2014-10-09 09:36:52.334 JST" Interest="1.0" Kind="propagation" Navigation="null" OriginId="org.eclipse.ui.views.ResourceNavigator" StartDate="2014-10-09 09:36:52.334 JST" StructureHandle="/IFM11/src/ifm11/main/LogActv.java" StructureKind="resource"/><InteractionEvent Delta="null" EndDate="2014-10-09 09:42:11.654 JST" Interest="116.050995" Kind="propagation" Navigation="null" OriginId="org.eclipse.jdt.ui.CompilationUnitEditor" StartDate="2014-10-09 09:36:50.218 JST" StructureHandle="/IFM11/src/ifm11/main" StructureKind="resource" NumEvents="119" CreationCount="62"/><InteractionEvent Delta="null" EndDate="2014-10-09 09:49:00.316 JST" Interest="6.5" Kind="propagation" Navigation="org.eclipse.mylyn.core.model.edges.containment" OriginId="org.eclipse.mylyn.core.model.interest.propagation" StartDate="2014-10-09 09:47:57.945 JST" StructureHandle="/TA2/res" StructureKind="resource" NumEvents="8" CreationCount="405"/><InteractionEvent Delta="null" EndDate="2014-10-09 09:41:06.909 JST" Interest="5.0" Kind="edit" Navigation="null" OriginId="org.eclipse.jdt.ui.CompilationUnitEditor" StartDate="2014-10-09 09:41:03.868 JST" StructureHandle="=IFM11/src&amp;lt;ifm11.main{ImageActv.java[ImageActv^bm" StructureKind="java" NumEvents="5" CreationCount="229"/><InteractionEvent Delta="null" EndDate="2014-10-09 09:42:02.148 JST" Interest="4.0" Kind="selection" Navigation="null" OriginId="org.eclipse.jdt.ui.CompilationUnitEditor" StartDate="2014-10-09 09:41:03.864 JST" StructureHandle="=IFM11/src&amp;lt;ifm11.main{ImageActv.java[ImageActv^bm" StructureKind="java" NumEvents="4" CreationCount="229"/><InteractionEvent Delta="null" EndDate="2014-10-09 09:44:39.85 JST" Interest="5.0" Kind="edit" Navigation="null" OriginId="org.eclipse.jdt.ui.CompilationUnitEditor" StartDate="2014-10-09 09:44:23.411 JST" StructureHandle="=TA2/src&amp;lt;ta2.main{ImageActv.java[ImageActv~set_image~QString;" StructureKind="java" NumEvents="5" CreationCount="345"/><InteractionEvent Delta="null" EndDate="2014-10-09 09:44:45.417 JST" Interest="2.0" Kind="selection" Navigation="null" OriginId="org.eclipse.ui.views.ContentOutline" StartDate="2014-10-09 09:44:23.407 JST" StructureHandle="=TA2/src&amp;lt;ta2.main{ImageActv.java[ImageActv~set_image~QString;" StructureKind="java" NumEvents="2" CreationCount="345"/><InteractionEvent Delta="null" EndDate="2014-10-09 09:38:57.771 JST" Interest="17.0" Kind="edit" Navigation="null" OriginId="org.eclipse.jdt.ui.CompilationUnitEditor" StartDate="2014-10-09 09:38:25.563 JST" StructureHandle="=IFM11/src&amp;lt;ifm11.main{TNActv.java[TNActv~onListItemClick~QListView;~QView;~I~J" StructureKind="java" NumEvents="17" CreationCount="139"/><InteractionEvent Delta="null" EndDate="2014-10-09 09:41:25.455 JST" Interest="4.0" Kind="selection" Navigation="null" OriginId="org.eclipse.jdt.ui.CompilationUnitEditor" StartDate="2014-10-09 09:38:25.502 JST" StructureHandle="=IFM11/src&amp;lt;ifm11.main{TNActv.java[TNActv~onListItemClick~QListView;~QView;~I~J" StructureKind="java" NumEvents="4" CreationCount="139"/><InteractionEvent Delta="null" EndDate="2014-10-09 09:42:04.79 JST" Interest="25.0" Kind="edit" Navigation="null" OriginId="org.eclipse.jdt.ui.CompilationUnitEditor" StartDate="2014-10-09 09:37:16.248 JST" StructureHandle="=IFM11/src&amp;lt;ifm11.main{ImageActv.java[ImageActv~set_image~QString;" StructureKind="java" NumEvents="25" CreationCount="77"/><InteractionEvent Delta="null" EndDate="2014-10-09 09:42:04.59 JST" Interest="6.0" Kind="selection" Navigation="null" OriginId="org.eclipse.jdt.ui.CompilationUnitEditor" StartDate="2014-10-09 09:37:16.244 JST" StructureHandle="=IFM11/src&amp;lt;ifm11.main{ImageActv.java[ImageActv~set_image~QString;" StructureKind="java" NumEvents="6" CreationCount="77"/><InteractionEvent Delta="null" EndDate="2014-10-09 09:41:22.6 JST" Interest="4.934" Kind="propagation" Navigation="org.eclipse.mylyn.core.model.edges.containment" OriginId="org.eclipse.mylyn.core.model.interest.propagation" StartDate="2014-10-09 09:41:16.439 JST" StructureHandle="=TA2/src&amp;lt;ta2.utils{CONS.java" StructureKind="java" NumEvents="9" CreationCount="236"/><InteractionEvent Delta="null" EndDate="2014-10-09 09:47:07.897 JST" Interest="2.0" Kind="selection" Navigation="null" OriginId="org.eclipse.jdt.ui.PackageExplorer" StartDate="2014-10-09 09:41:14.372 JST" StructureHandle="=TA2/src&amp;lt;ta2.utils{CONS.java" StructureKind="java" NumEvents="2" CreationCount="236"/><InteractionEvent Delta="null" EndDate="2014-10-09 09:41:22.5 JST" Interest="7.0" Kind="edit" Navigation="null" OriginId="org.eclipse.jdt.ui.CompilationUnitEditor" StartDate="2014-10-09 09:41:19.119 JST" StructureHandle="=TA2/src&amp;lt;ta2.utils{CONS.java[CONS[IMageActv" StructureKind="java" NumEvents="7" CreationCount="238"/><InteractionEvent Delta="null" EndDate="2014-10-09 09:41:19.9 JST" Interest="1.0" Kind="selection" Navigation="null" OriginId="org.eclipse.ui.views.ContentOutline" StartDate="2014-10-09 09:41:19.9 JST" StructureHandle="=TA2/src&amp;lt;ta2.utils{CONS.java[CONS[IMageActv" StructureKind="java"/><InteractionEvent Delta="null" EndDate="2014-10-09 09:36:51.806 JST" Interest="1.0" Kind="selection" Navigation="null" OriginId="org.eclipse.ui.views.ResourceNavigator" StartDate="2014-10-09 09:36:51.806 JST" StructureHandle="=IFM11/src&amp;lt;ifm11.main{HistActv.java" StructureKind="java"/><InteractionEvent Delta="null" EndDate="2014-10-09 09:36:51.806 JST" Interest="1.0" Kind="propagation" Navigation="null" OriginId="org.eclipse.ui.views.ResourceNavigator" StartDate="2014-10-09 09:36:51.806 JST" StructureHandle="/IFM11/src/ifm11/main/HistActv.java" StructureKind="resource"/><InteractionEvent Delta="null" EndDate="2014-10-09 09:48:39.956 JST" Interest="37.3" Kind="propagation" Navigation="org.eclipse.mylyn.core.model.edges.containment" OriginId="org.eclipse.mylyn.core.model.interest.propagation" StartDate="2014-10-09 09:47:14.149 JST" StructureHandle="=TA2/src&amp;lt;ta2.main{PhotoActv.java[PhotoActv" StructureKind="java" NumEvents="49" CreationCount="376"/><InteractionEvent Delta="null" EndDate="2014-10-09 09:49:01.314 JST" Interest="110.0" Kind="propagation" Navigation="null" OriginId="org.eclipse.jdt.ui.CompilationUnitEditor" StartDate="2014-10-09 09:47:10.410 JST" StructureHandle="/TA2/src/ta2/main/PhotoActv.java" StructureKind="resource" NumEvents="110" CreationCount="374"/><InteractionEvent Delta="null" EndDate="2014-10-09 09:36:48.708 JST" Interest="1.0" Kind="selection" Navigation="null" OriginId="org.eclipse.ui.views.ResourceNavigator" StartDate="2014-10-09 09:36:48.708 JST" StructureHandle="=IFM11/src&amp;lt;ifm11" StructureKind="java"/><InteractionEvent Delta="null" EndDate="2014-10-09 09:47:03.155 JST" Interest="239.0" Kind="propagation" Navigation="null" OriginId="org.eclipse.jdt.ui.CompilationUnitEditor" StartDate="2014-10-09 09:34:55.671 JST" StructureHandle="/TA2/src/ta2/main/ImageActv.java" StructureKind="resource" NumEvents="239" CreationCount="1"/><InteractionEvent Delta="null" EndDate="2014-10-09 09:36:18.945 JST" Interest="8.0" Kind="edit" Navigation="null" OriginId="org.eclipse.jdt.ui.CompilationUnitEditor" StartDate="2014-10-09 09:35:41.614 JST" StructureHandle="=TA2/src&amp;lt;ta2.main{ImageActv.java[ImageActv~_Setup_Get_TI" StructureKind="java" NumEvents="8" CreationCount="21"/><InteractionEvent Delta="null" EndDate="2014-10-09 09:36:22.475 JST" Interest="5.0" Kind="selection" Navigation="null" OriginId="org.eclipse.jdt.ui.CompilationUnitEditor" StartDate="2014-10-09 09:35:40.772 JST" StructureHandle="=TA2/src&amp;lt;ta2.main{ImageActv.java[ImageActv~_Setup_Get_TI" StructureKind="java" NumEvents="5" CreationCount="21"/><InteractionEvent Delta="null" EndDate="2014-10-09 09:44:19.44 JST" Interest="8.0" Kind="edit" Navigation="null" OriginId="org.eclipse.jdt.ui.CompilationUnitEditor" StartDate="2014-10-09 09:44:06.357 JST" StructureHandle="=TA2/src&amp;lt;ta2.main{ImageActv.java[ImageActv~set_image_1_modify_bitmap~QBitmap;" StructureKind="java" NumEvents="8" CreationCount="336"/><InteractionEvent Delta="null" EndDate="2014-10-09 09:44:06.354 JST" Interest="1.0" Kind="selection" Navigation="null" OriginId="org.eclipse.jdt.ui.CompilationUnitEditor" StartDate="2014-10-09 09:44:06.354 JST" StructureHandle="=TA2/src&amp;lt;ta2.main{ImageActv.java[ImageActv~set_image_1_modify_bitmap~QBitmap;" StructureKind="java"/><InteractionEvent Delta="null" EndDate="2014-10-09 09:42:11.653 JST" Interest="115.06799" Kind="propagation" Navigation="org.eclipse.mylyn.core.model.edges.containment" OriginId="org.eclipse.mylyn.core.model.interest.propagation" StartDate="2014-10-09 09:36:48.708 JST" StructureHandle="/IFM11/src" StructureKind="resource" NumEvents="120" CreationCount="61"/><InteractionEvent Delta="null" EndDate="2014-10-09 09:37:37.823 JST" Interest="2.0" Kind="propagation" Navigation="org.eclipse.mylyn.core.model.edges.containment" OriginId="org.eclipse.mylyn.core.model.interest.propagation" StartDate="2014-10-09 09:37:37.820 JST" StructureHandle="=TA2/src&amp;lt;ta2.main{ImageActv.java#" StructureKind="java" NumEvents="2" CreationCount="99"/><InteractionEvent Delta="null" EndDate="2014-10-09 09:48:50.989 JST" Interest="24.0" Kind="edit" Navigation="null" OriginId="org.eclipse.jdt.ui.CompilationUnitEditor" StartDate="2014-10-09 09:48:40.448 JST" StructureHandle="=TA2/src&amp;lt;ta2.main{PhotoActv.java[PhotoActv~onStart" StructureKind="java" NumEvents="24" CreationCount="447"/><InteractionEvent Delta="null" EndDate="2014-10-09 09:48:39.980 JST" Interest="3.0" Kind="selection" Navigation="null" OriginId="org.eclipse.jdt.ui.CompilationUnitEditor" StartDate="2014-10-09 09:48:39.841 JST" StructureHandle="=TA2/src&amp;lt;ta2.main{PhotoActv.java[PhotoActv~onStart" StructureKind="java" NumEvents="3" CreationCount="447"/><InteractionEvent Delta="null" EndDate="2014-10-09 09:42:11.653 JST" Interest="115.06799" Kind="propagation" Navigation="org.eclipse.mylyn.core.model.edges.containment" OriginId="org.eclipse.mylyn.core.model.interest.propagation" StartDate="2014-10-09 09:36:48.708 JST" StructureHandle="/IFM11/src/ifm11" StructureKind="resource" NumEvents="120" CreationCount="61"/><InteractionEvent Delta="null" EndDate="2014-10-09 09:45:18.531 JST" Interest="95.68201" Kind="propagation" Navigation="org.eclipse.mylyn.core.model.edges.containment" OriginId="org.eclipse.mylyn.core.model.interest.propagation" StartDate="2014-10-09 09:34:55.671 JST" StructureHandle="=TA2/src" StructureKind="java" NumEvents="140" CreationCount="1"/><InteractionEvent Delta="null" EndDate="2014-10-09 09:47:12.284 JST" Interest="1.0" Kind="selection" Navigation="null" OriginId="org.eclipse.ui.views.ContentOutline" StartDate="2014-10-09 09:47:12.284 JST" StructureHandle="=TA2/src&amp;lt;ta2.main{PhotoActv.java%ta2.main" StructureKind="java"/><InteractionEvent Delta="null" EndDate="2014-10-09 09:44:49.403 JST" Interest="3.0" Kind="selection" Navigation="null" OriginId="org.eclipse.jdt.ui.CompilationUnitEditor" StartDate="2014-10-09 09:44:47.997 JST" StructureHandle="=TA2/src&amp;lt;ta2.main{ImageActv.java[ImageActv~onResume" StructureKind="java" NumEvents="3" CreationCount="352"/><InteractionEvent Delta="null" EndDate="2014-10-09 09:34:57.535 JST" Interest="1.0" Kind="selection" Navigation="null" OriginId="org.eclipse.ui.views.ContentOutline" StartDate="2014-10-09 09:34:57.535 JST" StructureHandle="=TA2/src&amp;lt;ta2.main{ImageActv.java%ta2.main" StructureKind="java"/><InteractionEvent Delta="null" EndDate="2014-10-09 09:42:11.654 JST" Interest="26.871998" Kind="propagation" Navigation="org.eclipse.mylyn.core.model.edges.containment" OriginId="org.eclipse.mylyn.core.model.interest.propagation" StartDate="2014-10-09 09:36:48.708 JST" StructureHandle="=IFM11/src" StructureKind="java" NumEvents="49" CreationCount="61"/><InteractionEvent Delta="null" EndDate="2014-10-09 09:49:01.314 JST" Interest="12.0" Kind="edit" Navigation="null" OriginId="org.eclipse.jdt.ui.CompilationUnitEditor" StartDate="2014-10-09 09:48:55.230 JST" StructureHandle="=TA2/src&amp;lt;ta2.main{PhotoActv.java[PhotoActv~do_test" StructureKind="java" NumEvents="12" CreationCount="476"/><InteractionEvent Delta="null" EndDate="2014-10-09 09:48:55.224 JST" Interest="2.0" Kind="selection" Navigation="null" OriginId="org.eclipse.jdt.ui.CompilationUnitEditor" StartDate="2014-10-09 09:48:55.222 JST" StructureHandle="=TA2/src&amp;lt;ta2.main{PhotoActv.java[PhotoActv~do_test" StructureKind="java" NumEvents="2" CreationCount="476"/></InteractionHistory>