<?xml version="1.0" encoding="UTF-8"?><InteractionHistory Id="local-228" Version="1"><InteractionEvent Delta="null" EndDate="2014-11-26 11:16:57.257 JST" Interest="1604.649" Kind="propagation" Navigation="org.eclipse.mylyn.core.model.edges.containment" OriginId="org.eclipse.mylyn.core.model.interest.propagation" StartDate="2014-11-26 10:08:58.362 JST" StructureHandle="" StructureKind="java" NumEvents="1627" CreationCount="1"/><InteractionEvent Delta="null" EndDate="2014-11-26 10:57:43.194 JST" Interest="1.0" Kind="prediction" Navigation="null" OriginId="org.eclipse.mylyn.resources.ui.interest.updater" StartDate="2014-11-26 10:57:43.194 JST" StructureHandle="/CutPlanner_A/AndroidManifest.xml" StructureKind="resource"/><InteractionEvent Delta="null" EndDate="2014-11-26 10:55:21.94 JST" Interest="1.0" Kind="propagation" Navigation="org.eclipse.mylyn.core.model.edges.containment" OriginId="org.eclipse.mylyn.core.model.interest.propagation" StartDate="2014-11-26 10:55:21.94 JST" StructureHandle="=CutPlanner_A/src&amp;lt;cp.utils{BluetoothClientThread.java#" StructureKind="java"/><InteractionEvent Delta="null" EndDate="2014-11-26 10:28:03.735 JST" Interest="2.0" Kind="selection" Navigation="null" OriginId="org.eclipse.jdt.ui.CompilationUnitEditor" StartDate="2014-11-26 10:28:00.990 JST" StructureHandle="=CutPlanner_A/src&amp;lt;cp.listeners.button{BO_CL.java[BO_CL^devieFoundReceiver" StructureKind="java" NumEvents="2" CreationCount="585"/><InteractionEvent Delta="null" EndDate="2014-11-26 10:58:42.797 JST" Interest="1.0" Kind="propagation" Navigation="null" OriginId="org.eclipse.ui.views.ResourceNavigator" StartDate="2014-11-26 10:58:42.797 JST" StructureHandle="/BluetoothSample/src/org/japan/techbooster/sample/BlueTooth/BluetoothClientThread.java" StructureKind="resource"/><InteractionEvent Delta="null" EndDate="2014-11-26 11:11:19.985 JST" Interest="4.0" Kind="edit" Navigation="null" OriginId="org.eclipse.jdt.ui.CompilationUnitEditor" StartDate="2014-11-26 11:07:29.850 JST" StructureHandle="=CutPlanner_A/src&amp;lt;cp.main{DeviceListActv.java[DeviceListActv~_Setup" StructureKind="java" NumEvents="4" CreationCount="1559"/><InteractionEvent Delta="null" EndDate="2014-11-26 11:11:25.277 JST" Interest="5.0" Kind="selection" Navigation="null" OriginId="org.eclipse.jdt.ui.CompilationUnitEditor" StartDate="2014-11-26 11:07:28.368 JST" StructureHandle="=CutPlanner_A/src&amp;lt;cp.main{DeviceListActv.java[DeviceListActv~_Setup" StructureKind="java" NumEvents="5" CreationCount="1559"/><InteractionEvent Delta="null" EndDate="2014-11-26 11:11:16.367 JST" Interest="164.0" Kind="edit" Navigation="null" OriginId="org.eclipse.jdt.ui.CompilationUnitEditor" StartDate="2014-11-26 10:17:23.10 JST" StructureHandle="=CutPlanner_A/src&amp;lt;cp.main{DeviceListActv.java[DeviceListActv~_Setup__SetListener" StructureKind="java" NumEvents="164" CreationCount="113"/><InteractionEvent Delta="null" EndDate="2014-11-26 11:11:13.710 JST" Interest="21.0" Kind="selection" Navigation="null" OriginId="org.eclipse.jdt.ui.CompilationUnitEditor" StartDate="2014-11-26 10:17:22.489 JST" StructureHandle="=CutPlanner_A/src&amp;lt;cp.main{DeviceListActv.java[DeviceListActv~_Setup__SetListener" StructureKind="java" NumEvents="21" CreationCount="113"/><InteractionEvent Delta="null" EndDate="2014-11-26 10:30:39.914 JST" Interest="15.634" Kind="propagation" Navigation="org.eclipse.mylyn.core.model.edges.containment" OriginId="org.eclipse.mylyn.core.model.interest.propagation" StartDate="2014-11-26 10:19:50.289 JST" StructureHandle="=CutPlanner_A/src&amp;lt;cp.listeners.button{BO_TL.java[BO_TL" StructureKind="java" NumEvents="19" CreationCount="237"/><InteractionEvent Delta="null" EndDate="2014-11-26 10:58:52.37 JST" Interest="2.551" Kind="propagation" Navigation="org.eclipse.mylyn.core.model.edges.containment" OriginId="org.eclipse.mylyn.core.model.interest.propagation" StartDate="2014-11-26 10:58:50.958 JST" StructureHandle="=BluetoothSample/src&amp;lt;org.japan.techbooster.sample.BlueTooth{DeviceListActivity.java" StructureKind="java" NumEvents="4" CreationCount="1362"/><InteractionEvent Delta="null" EndDate="2014-11-26 10:58:46.582 JST" Interest="2.0" Kind="selection" Navigation="null" OriginId="org.eclipse.jdt.ui.CompilationUnitEditor" StartDate="2014-11-26 10:58:46.287 JST" StructureHandle="=BluetoothSample/src&amp;lt;org.japan.techbooster.sample.BlueTooth{DeviceListActivity.java" StructureKind="java" NumEvents="2" CreationCount="1362"/><InteractionEvent Delta="null" EndDate="2014-11-26 10:54:15.460 JST" Interest="42.0" Kind="edit" Navigation="null" OriginId="org.eclipse.jdt.ui.CompilationUnitEditor" StartDate="2014-11-26 10:37:18.975 JST" StructureHandle="=CutPlanner_A/src&amp;lt;cp.main{DeviceListActv.java[DeviceListActv~_Bluetooth[~onItemClick~QAdapterView\&amp;lt;*&amp;gt;;~QView;~I~J" StructureKind="java" NumEvents="42" CreationCount="808"/><InteractionEvent Delta="null" EndDate="2014-11-26 10:53:54.329 JST" Interest="1.0160003" Kind="manipulation" Navigation="null" OriginId="org.eclipse.mylyn.core.model.interest.decay.correction" StartDate="2014-11-26 10:53:54.329 JST" StructureHandle="=CutPlanner_A/src&amp;lt;cp.main{DeviceListActv.java[DeviceListActv~_Bluetooth[~onItemClick~QAdapterView\&amp;lt;*&amp;gt;;~QView;~I~J" StructureKind="java"/><InteractionEvent Delta="null" EndDate="2014-11-26 10:53:54.329 JST" Interest="2.0" Kind="selection" Navigation="null" OriginId="org.eclipse.jdt.ui.CompilationUnitEditor" StartDate="2014-11-26 10:37:18.964 JST" StructureHandle="=CutPlanner_A/src&amp;lt;cp.main{DeviceListActv.java[DeviceListActv~_Bluetooth[~onItemClick~QAdapterView\&amp;lt;*&amp;gt;;~QView;~I~J" StructureKind="java" NumEvents="2" CreationCount="808"/><InteractionEvent Delta="null" EndDate="2014-11-26 10:58:52.38 JST" Interest="17.0" Kind="propagation" Navigation="null" OriginId="org.eclipse.jdt.ui.CompilationUnitEditor" StartDate="2014-11-26 10:58:39.147 JST" StructureHandle="/BluetoothSample" StructureKind="resource" NumEvents="17" CreationCount="1354"/><InteractionEvent Delta="null" EndDate="2014-11-26 11:16:56.597 JST" Interest="14.0" Kind="edit" Navigation="null" OriginId="org.eclipse.jdt.ui.CompilationUnitEditor" StartDate="2014-11-26 10:59:27.898 JST" StructureHandle="=CutPlanner_A/src&amp;lt;cp.main{DeviceListActv.java[DeviceListActv~onCreateOptionsMenu~QMenu;" StructureKind="java" NumEvents="14" CreationCount="1387"/><InteractionEvent Delta="null" EndDate="2014-11-26 11:16:56.585 JST" Interest="6.0" Kind="selection" Navigation="null" OriginId="org.eclipse.jdt.ui.CompilationUnitEditor" StartDate="2014-11-26 10:59:23.954 JST" StructureHandle="=CutPlanner_A/src&amp;lt;cp.main{DeviceListActv.java[DeviceListActv~onCreateOptionsMenu~QMenu;" StructureKind="java" NumEvents="6" CreationCount="1387"/><InteractionEvent Delta="null" EndDate="2014-11-26 10:19:36.687 JST" Interest="0.01700002" Kind="propagation" Navigation="org.eclipse.mylyn.core.model.edges.containment" OriginId="org.eclipse.mylyn.core.model.interest.propagation" StartDate="2014-11-26 10:19:36.687 JST" StructureHandle="=CutPlanner_A/src&amp;lt;cp.utils{Tags.java" StructureKind="java"/><InteractionEvent Delta="null" EndDate="2014-11-26 10:19:35.698 JST" Interest="1.0" Kind="selection" Navigation="null" OriginId="org.eclipse.jdt.ui.CompilationUnitEditor" StartDate="2014-11-26 10:19:35.698 JST" StructureHandle="=CutPlanner_A/src&amp;lt;cp.utils{Tags.java" StructureKind="java"/><InteractionEvent Delta="null" EndDate="2014-11-26 10:57:46.657 JST" Interest="1.0" Kind="prediction" Navigation="null" OriginId="org.eclipse.mylyn.resources.ui.interest.updater" StartDate="2014-11-26 10:57:46.657 JST" StructureHandle="=CutPlanner_A/src&amp;lt;cp.utils{Tags.java" StructureKind="java"/><InteractionEvent Delta="null" EndDate="2014-11-26 10:22:39.618 JST" Interest="1.0" Kind="selection" Navigation="null" OriginId="org.eclipse.ui.views.ContentOutline" StartDate="2014-11-26 10:22:39.618 JST" StructureHandle="=CutPlanner_A/src&amp;lt;cp.utils{CONS.java%cp.utils" StructureKind="java"/><InteractionEvent Delta="null" EndDate="2014-11-26 11:07:24.271 JST" Interest="9.700001" Kind="propagation" Navigation="org.eclipse.mylyn.core.model.edges.containment" OriginId="org.eclipse.mylyn.core.model.interest.propagation" StartDate="2014-11-26 11:03:49.729 JST" StructureHandle="=CutPlanner_A/src&amp;lt;cp.main{DeviceListActv.java[DeviceListActv~onDestroy[" StructureKind="java" NumEvents="13" CreationCount="1473"/><InteractionEvent Delta="null" EndDate="2014-11-26 10:15:07.672 JST" Interest="16.0" Kind="edit" Navigation="null" OriginId="com.android.ide.eclipse.editors.CommonXmlEditor" StartDate="2014-11-26 10:09:49.635 JST" StructureHandle="/CutPlanner_A/res/layout/devicelist.xml" StructureKind="resource" NumEvents="16" CreationCount="5"/><InteractionEvent Delta="null" EndDate="2014-11-26 10:53:28.982 JST" Interest="11.0" Kind="selection" Navigation="null" OriginId="com.android.ide.eclipse.editors.CommonXmlEditor" StartDate="2014-11-26 10:09:20.450 JST" StructureHandle="/CutPlanner_A/res/layout/devicelist.xml" StructureKind="resource" NumEvents="11" CreationCount="5"/><InteractionEvent Delta="null" EndDate="2014-11-26 10:57:43.194 JST" Interest="1.0" Kind="prediction" Navigation="null" OriginId="org.eclipse.mylyn.resources.ui.interest.updater" StartDate="2014-11-26 10:57:43.194 JST" StructureHandle="/CutPlanner_A/res/layout/devicelist.xml" StructureKind="resource"/><InteractionEvent Delta="null" EndDate="2014-11-26 10:21:18.571 JST" Interest="6.0" Kind="edit" Navigation="null" OriginId="org.eclipse.jdt.ui.CompilationUnitEditor" StartDate="2014-11-26 10:21:17.88 JST" StructureHandle="=CutPlanner_A/src&amp;lt;cp.main{MainActv.java[MainActv~onOptionsItemSelected~QMenuItem;" StructureKind="java" NumEvents="6" CreationCount="273"/><InteractionEvent Delta="null" EndDate="2014-11-26 10:25:56.683 JST" Interest="5.0" Kind="selection" Navigation="null" OriginId="org.eclipse.jdt.ui.CompilationUnitEditor" StartDate="2014-11-26 10:21:16.493 JST" StructureHandle="=CutPlanner_A/src&amp;lt;cp.main{MainActv.java[MainActv~onOptionsItemSelected~QMenuItem;" StructureKind="java" NumEvents="5" CreationCount="273"/><InteractionEvent Delta="null" EndDate="2014-11-26 10:23:16.48 JST" Interest="16.919" Kind="propagation" Navigation="org.eclipse.mylyn.core.model.edges.containment" OriginId="org.eclipse.mylyn.core.model.interest.propagation" StartDate="2014-11-26 10:22:42.62 JST" StructureHandle="=CutPlanner_A/src&amp;lt;cp.utils{CONS.java" StructureKind="java" NumEvents="27" CreationCount="347"/><InteractionEvent Delta="null" EndDate="2014-11-26 11:07:41.629 JST" Interest="10.0" Kind="selection" Navigation="null" OriginId="org.eclipse.jdt.ui.CompilationUnitEditor" StartDate="2014-11-26 10:22:37.584 JST" StructureHandle="=CutPlanner_A/src&amp;lt;cp.utils{CONS.java" StructureKind="java" NumEvents="10" CreationCount="347"/><InteractionEvent Delta="null" EndDate="2014-11-26 10:36:13.341 JST" Interest="3.0" Kind="edit" Navigation="null" OriginId="org.eclipse.jdt.ui.CompilationUnitEditor" StartDate="2014-11-26 10:36:13.333 JST" StructureHandle="=CutPlanner_A/src&amp;lt;cp.main{DeviceListActv.java[DeviceListActv^foundDeviceList" StructureKind="java" NumEvents="3" CreationCount="720"/><InteractionEvent Delta="null" EndDate="2014-11-26 10:36:13.326 JST" Interest="1.0" Kind="selection" Navigation="null" OriginId="org.eclipse.jdt.ui.CompilationUnitEditor" StartDate="2014-11-26 10:36:13.326 JST" StructureHandle="=CutPlanner_A/src&amp;lt;cp.main{DeviceListActv.java[DeviceListActv^foundDeviceList" StructureKind="java"/><InteractionEvent Delta="null" EndDate="2014-11-26 10:19:50.961 JST" Interest="1.0" Kind="edit" Navigation="null" OriginId="org.eclipse.jdt.ui.CompilationUnitEditor" StartDate="2014-11-26 10:19:50.961 JST" StructureHandle="=CutPlanner_A/src&amp;lt;cp.listeners.button{BO_TL.java[BO_TL~BO_TL~QActivity;" StructureKind="java"/><InteractionEvent Delta="null" EndDate="2014-11-26 10:19:50.288 JST" Interest="1.0" Kind="selection" Navigation="null" OriginId="org.eclipse.jdt.ui.CompilationUnitEditor" StartDate="2014-11-26 10:19:50.288 JST" StructureHandle="=CutPlanner_A/src&amp;lt;cp.listeners.button{BO_TL.java[BO_TL~BO_TL~QActivity;" StructureKind="java"/><InteractionEvent Delta="null" EndDate="2014-11-26 10:54:15.461 JST" Interest="32.416" Kind="propagation" Navigation="org.eclipse.mylyn.core.model.edges.containment" OriginId="org.eclipse.mylyn.core.model.interest.propagation" StartDate="2014-11-26 10:37:18.965 JST" StructureHandle="=CutPlanner_A/src&amp;lt;cp.main{DeviceListActv.java[DeviceListActv~_Bluetooth[" StructureKind="java" NumEvents="44" CreationCount="808"/><InteractionEvent Delta="null" EndDate="2014-11-26 10:54:51.32 JST" Interest="54.0" Kind="edit" Navigation="null" OriginId="org.eclipse.jdt.ui.CompilationUnitEditor" StartDate="2014-11-26 10:33:26.412 JST" StructureHandle="=CutPlanner_A/src&amp;lt;cp.main{DeviceListActv.java[DeviceListActv~_Bluetooth" StructureKind="java" NumEvents="54" CreationCount="684"/><InteractionEvent Delta="null" EndDate="2014-11-26 10:54:46.142 JST" Interest="5.0" Kind="selection" Navigation="null" OriginId="org.eclipse.jdt.ui.CompilationUnitEditor" StartDate="2014-11-26 10:33:26.406 JST" StructureHandle="=CutPlanner_A/src&amp;lt;cp.main{DeviceListActv.java[DeviceListActv~_Bluetooth" StructureKind="java" NumEvents="5" CreationCount="684"/><InteractionEvent Delta="null" EndDate="2014-11-26 10:57:46.659 JST" Interest="1.0" Kind="propagation" Navigation="null" OriginId="org.eclipse.mylyn.resources.ui.interest.updater" StartDate="2014-11-26 10:57:46.659 JST" StructureHandle="=CutPlanner_A/src&amp;lt;cp.main{BluetoothServerThread.java" StructureKind="java"/><InteractionEvent Delta="null" EndDate="2014-11-26 11:16:57.257 JST" Interest="1727.0" Kind="propagation" Navigation="null" OriginId="org.eclipse.jdt.ui.CompilationUnitEditor" StartDate="2014-11-26 10:08:58.362 JST" StructureHandle="/" StructureKind="resource" NumEvents="1727" CreationCount="1"/><InteractionEvent Delta="null" EndDate="2014-11-26 11:09:51.918 JST" Interest="168.0" Kind="propagation" Navigation="null" OriginId="org.eclipse.jdt.ui.CompilationUnitEditor" StartDate="2014-11-26 10:20:09.666 JST" StructureHandle="/CutPlanner_A/src/cp/listeners/button/BO_CL.java" StructureKind="resource" NumEvents="168" CreationCount="250"/><InteractionEvent Delta="null" EndDate="2014-11-26 10:54:26.783 JST" Interest="18.0" Kind="edit" Navigation="null" OriginId="org.eclipse.jdt.ui.CompilationUnitEditor" StartDate="2014-11-26 10:22:18.155 JST" StructureHandle="=CutPlanner_A/src&amp;lt;cp.main{DeviceListActv.java[DeviceListActv^REQUEST_CODE_DISCOEVERABLE" StructureKind="java" NumEvents="18" CreationCount="335"/><InteractionEvent Delta="null" EndDate="2014-11-26 10:54:26.764 JST" Interest="0.5370016" Kind="manipulation" Navigation="null" OriginId="org.eclipse.mylyn.core.model.interest.decay.correction" StartDate="2014-11-26 10:54:26.764 JST" StructureHandle="=CutPlanner_A/src&amp;lt;cp.main{DeviceListActv.java[DeviceListActv^REQUEST_CODE_DISCOEVERABLE" StructureKind="java"/><InteractionEvent Delta="null" EndDate="2014-11-26 10:54:26.764 JST" Interest="7.0" Kind="selection" Navigation="null" OriginId="org.eclipse.jdt.ui.CompilationUnitEditor" StartDate="2014-11-26 10:22:18.147 JST" StructureHandle="=CutPlanner_A/src&amp;lt;cp.main{DeviceListActv.java[DeviceListActv^REQUEST_CODE_DISCOEVERABLE" StructureKind="java" NumEvents="7" CreationCount="335"/><InteractionEvent Delta="null" EndDate="2014-11-26 20:13:01.2 JST" Interest="1249.017" Kind="propagation" Navigation="org.eclipse.mylyn.core.model.edges.containment" OriginId="org.eclipse.mylyn.core.model.interest.propagation" StartDate="2014-11-26 10:15:23.187 JST" StructureHandle="/CutPlanner_A/src/cp" StructureKind="resource" NumEvents="1251" CreationCount="97"/><InteractionEvent Delta="null" EndDate="2014-11-26 10:58:52.38 JST" Interest="3.6699998" Kind="propagation" Navigation="org.eclipse.mylyn.core.model.edges.containment" OriginId="org.eclipse.mylyn.core.model.interest.propagation" StartDate="2014-11-26 10:58:42.472 JST" StructureHandle="=BluetoothSample/src" StructureKind="java" NumEvents="13" CreationCount="1355"/><InteractionEvent Delta="null" EndDate="2014-11-26 10:58:41.780 JST" Interest="1.0" Kind="selection" Navigation="null" OriginId="org.eclipse.ui.views.ResourceNavigator" StartDate="2014-11-26 10:58:41.780 JST" StructureHandle="=BluetoothSample/src" StructureKind="java"/><InteractionEvent Delta="null" EndDate="2014-11-26 11:08:10.83 JST" Interest="16.751001" Kind="propagation" Navigation="org.eclipse.mylyn.core.model.edges.containment" OriginId="org.eclipse.mylyn.core.model.interest.propagation" StartDate="2014-11-26 10:55:01.792 JST" StructureHandle="=CutPlanner_A/src&amp;lt;cp.utils{BluetoothClientThread.java[BluetoothClientThread" StructureKind="java" NumEvents="25" CreationCount="1323"/><InteractionEvent Delta="null" EndDate="2014-11-26 11:08:12.435 JST" Interest="1.0" Kind="edit" Navigation="null" OriginId="org.eclipse.jdt.ui.CompilationUnitEditor" StartDate="2014-11-26 11:08:12.435 JST" StructureHandle="=CutPlanner_A/src&amp;lt;cp.utils{BluetoothClientThread.java[BluetoothClientThread" StructureKind="java"/><InteractionEvent Delta="null" EndDate="2014-11-26 11:08:10.831 JST" Interest="2.0" Kind="selection" Navigation="null" OriginId="org.eclipse.jdt.ui.CompilationUnitEditor" StartDate="2014-11-26 10:55:00.699 JST" StructureHandle="=CutPlanner_A/src&amp;lt;cp.utils{BluetoothClientThread.java[BluetoothClientThread" StructureKind="java" NumEvents="2" CreationCount="1323"/><InteractionEvent Delta="null" EndDate="2014-11-26 11:11:13.652 JST" Interest="294.547" Kind="propagation" Navigation="org.eclipse.mylyn.core.model.edges.containment" OriginId="org.eclipse.mylyn.core.model.interest.propagation" StartDate="2014-11-26 10:15:25.60 JST" StructureHandle="=CutPlanner_A/src&amp;lt;cp.main" StructureKind="java" NumEvents="420" CreationCount="97"/><InteractionEvent Delta="null" EndDate="2014-11-26 10:16:46.920 JST" Interest="2.0" Kind="selection" Navigation="null" OriginId="org.eclipse.jdt.ui.PackageExplorer" StartDate="2014-11-26 10:15:23.187 JST" StructureHandle="=CutPlanner_A/src&amp;lt;cp.main" StructureKind="java" NumEvents="2" CreationCount="97"/><InteractionEvent Delta="null" EndDate="2014-11-26 11:06:33.379 JST" Interest="254.94502" Kind="propagation" Navigation="org.eclipse.mylyn.core.model.edges.containment" OriginId="org.eclipse.mylyn.core.model.interest.propagation" StartDate="2014-11-26 11:05:24.469 JST" StructureHandle="=CutPlanner_A/src&amp;lt;cp.main{DeviceListActv.java[DeviceListActv^DevieFoundReceiver[" StructureKind="java" NumEvents="11" CreationCount="1503"/><InteractionEvent Delta="null" EndDate="2014-11-26 11:05:49.430 JST" Interest="1.0" Kind="edit" Navigation="null" OriginId="org.eclipse.jdt.ui.CompilationUnitEditor" StartDate="2014-11-26 11:05:49.430 JST" StructureHandle="=CutPlanner_A/src&amp;lt;cp.main{DeviceListActv.java[DeviceListActv^DevieFoundReceiver[" StructureKind="java"/><InteractionEvent Delta="null" EndDate="2014-11-26 11:05:47.49 JST" Interest="1.0" Kind="selection" Navigation="null" OriginId="org.eclipse.jdt.ui.CompilationUnitEditor" StartDate="2014-11-26 11:05:47.49 JST" StructureHandle="=CutPlanner_A/src&amp;lt;cp.main{DeviceListActv.java[DeviceListActv^DevieFoundReceiver[" StructureKind="java"/><InteractionEvent Delta="null" EndDate="2014-11-26 10:58:42.471 JST" Interest="1.0" Kind="selection" Navigation="null" OriginId="org.eclipse.ui.views.ResourceNavigator" StartDate="2014-11-26 10:58:42.471 JST" StructureHandle="=BluetoothSample/src&amp;lt;org" StructureKind="java"/><InteractionEvent Delta="null" EndDate="2014-11-26 11:07:36.45 JST" Interest="266.24298" Kind="propagation" Navigation="org.eclipse.mylyn.core.model.edges.containment" OriginId="org.eclipse.mylyn.core.model.interest.propagation" StartDate="2014-11-26 10:17:18.321 JST" StructureHandle="=CutPlanner_A/src&amp;lt;cp.main{DeviceListActv.java" StructureKind="java" NumEvents="382" CreationCount="109"/><InteractionEvent Delta="null" EndDate="2014-11-26 10:36:09.565 JST" Interest="3.0" Kind="edit" Navigation="null" OriginId="org.eclipse.jdt.ui.CompilationUnitEditor" StartDate="2014-11-26 10:36:09.557 JST" StructureHandle="=CutPlanner_A/src&amp;lt;cp.main{DeviceListActv.java" StructureKind="java" NumEvents="3" CreationCount="109"/><InteractionEvent Delta="null" EndDate="2014-11-26 11:11:13.651 JST" Interest="28.0" Kind="selection" Navigation="null" OriginId="org.eclipse.jdt.ui.CompilationUnitEditor" StartDate="2014-11-26 10:16:55.451 JST" StructureHandle="=CutPlanner_A/src&amp;lt;cp.main{DeviceListActv.java" StructureKind="java" NumEvents="28" CreationCount="109"/><InteractionEvent Delta="null" EndDate="2014-11-26 10:21:18.572 JST" Interest="6.175" Kind="propagation" Navigation="org.eclipse.mylyn.core.model.edges.containment" OriginId="org.eclipse.mylyn.core.model.interest.propagation" StartDate="2014-11-26 10:16:12.997 JST" StructureHandle="=CutPlanner_A/src&amp;lt;cp.main{MainActv.java" StructureKind="java" NumEvents="11" CreationCount="98"/><InteractionEvent Delta="null" EndDate="2014-11-26 10:25:56.516 JST" Interest="6.0" Kind="selection" Navigation="null" OriginId="org.eclipse.jdt.ui.CompilationUnitEditor" StartDate="2014-11-26 10:15:25.59 JST" StructureHandle="=CutPlanner_A/src&amp;lt;cp.main{MainActv.java" StructureKind="java" NumEvents="6" CreationCount="98"/><InteractionEvent Delta="null" EndDate="2014-11-26 11:12:32.14 JST" Interest="9.0" Kind="prediction" Navigation="null" OriginId="org.eclipse.mylyn.resources.ui.interest.updater" StartDate="2014-11-26 10:15:37.582 JST" StructureHandle="/CutPlanner_A/bin/CutPlanner_A.apk" StructureKind="resource" NumEvents="9" CreationCount="100"/><InteractionEvent Delta="null" EndDate="2014-11-26 11:06:51.376 JST" Interest="1.0" Kind="selection" Navigation="null" OriginId="org.eclipse.jdt.ui.CompilationUnitEditor" StartDate="2014-11-26 11:06:51.376 JST" StructureHandle="=CutPlanner_A/src&amp;lt;cp.main{DeviceListActv.java[DeviceListActv^mContext" StructureKind="java"/><InteractionEvent Delta="null" EndDate="2014-11-26 10:58:52.37 JST" Interest="9.119001" Kind="propagation" Navigation="org.eclipse.mylyn.core.model.edges.containment" OriginId="org.eclipse.mylyn.core.model.interest.propagation" StartDate="2014-11-26 10:58:41.781 JST" StructureHandle="/BluetoothSample/src" StructureKind="resource" NumEvents="16" CreationCount="1355"/><InteractionEvent Delta="null" EndDate="2014-11-26 11:11:11.609 JST" Interest="26.617" Kind="propagation" Navigation="org.eclipse.mylyn.core.model.edges.containment" OriginId="org.eclipse.mylyn.core.model.interest.propagation" StartDate="2014-11-26 10:29:38.494 JST" StructureHandle="=CutPlanner_A/src&amp;lt;cp.utils{Methods.java" StructureKind="java" NumEvents="39" CreationCount="633"/><InteractionEvent Delta="null" EndDate="2014-11-26 11:09:56.294 JST" Interest="5.0" Kind="selection" Navigation="null" OriginId="org.eclipse.jdt.ui.CompilationUnitEditor" StartDate="2014-11-26 10:29:36.213 JST" StructureHandle="=CutPlanner_A/src&amp;lt;cp.utils{Methods.java" StructureKind="java" NumEvents="5" CreationCount="633"/><InteractionEvent Delta="null" EndDate="2014-11-26 11:04:42.496 JST" Interest="18.0" Kind="edit" Navigation="null" OriginId="org.eclipse.jdt.ui.CompilationUnitEditor" StartDate="2014-11-26 10:58:23.656 JST" StructureHandle="=CutPlanner_A/src&amp;lt;cp.main{DeviceListActv.java[DeviceListActv~onResume" StructureKind="java" NumEvents="18" CreationCount="1352"/><InteractionEvent Delta="null" EndDate="2014-11-26 11:04:58.377 JST" Interest="9.0" Kind="selection" Navigation="null" OriginId="org.eclipse.jdt.ui.CompilationUnitEditor" StartDate="2014-11-26 10:58:19.614 JST" StructureHandle="=CutPlanner_A/src&amp;lt;cp.main{DeviceListActv.java[DeviceListActv~onResume" StructureKind="java" NumEvents="9" CreationCount="1352"/><InteractionEvent Delta="null" EndDate="2014-11-26 10:15:37.582 JST" Interest="1.0" Kind="propagation" Navigation="org.eclipse.mylyn.core.model.edges.containment" OriginId="org.eclipse.mylyn.core.model.interest.propagation" StartDate="2014-11-26 10:15:37.582 JST" StructureHandle="/CutPlanner_A/bin" StructureKind="resource"/><InteractionEvent Delta="null" EndDate="2014-11-26 11:11:25.233 JST" Interest="296.16202" Kind="propagation" Navigation="org.eclipse.mylyn.core.model.edges.containment" OriginId="org.eclipse.mylyn.core.model.interest.propagation" StartDate="2014-11-26 10:15:23.187 JST" StructureHandle="=CutPlanner_A/src" StructureKind="java" NumEvents="531" CreationCount="2"/><InteractionEvent Delta="null" EndDate="2014-11-26 10:57:45.238 JST" Interest="2.0" Kind="selection" Navigation="null" OriginId="org.eclipse.jdt.ui.PackageExplorer" StartDate="2014-11-26 10:09:01.189 JST" StructureHandle="=CutPlanner_A/src" StructureKind="java" NumEvents="2" CreationCount="2"/><InteractionEvent Delta="null" EndDate="2014-11-26 10:19:36.686 JST" Interest="1.0" Kind="selection" Navigation="null" OriginId="org.eclipse.jdt.ui.CompilationUnitEditor" StartDate="2014-11-26 10:19:36.686 JST" StructureHandle="=CutPlanner_A/src&amp;lt;cp.utils{Tags.java[Tags[ButtonTags^ACTV_DEVLIST_BT_OPTIONS" StructureKind="java"/><InteractionEvent Delta="null" EndDate="2014-11-26 10:58:52.37 JST" Interest="3.585" Kind="propagation" Navigation="org.eclipse.mylyn.core.model.edges.containment" OriginId="org.eclipse.mylyn.core.model.interest.propagation" StartDate="2014-11-26 10:58:42.797 JST" StructureHandle="=BluetoothSample/src&amp;lt;org.japan.techbooster.sample.BlueTooth" StructureKind="java" NumEvents="8" CreationCount="1360"/><InteractionEvent Delta="null" EndDate="2014-11-26 10:58:42.731 JST" Interest="1.0" Kind="selection" Navigation="null" OriginId="org.eclipse.ui.views.ResourceNavigator" StartDate="2014-11-26 10:58:42.731 JST" StructureHandle="=BluetoothSample/src&amp;lt;org.japan.techbooster.sample.BlueTooth" StructureKind="java"/><InteractionEvent Delta="null" EndDate="2014-11-26 10:58:52.36 JST" Interest="4.5" Kind="propagation" Navigation="org.eclipse.mylyn.core.model.edges.containment" OriginId="org.eclipse.mylyn.core.model.interest.propagation" StartDate="2014-11-26 10:58:50.404 JST" StructureHandle="=BluetoothSample/src&amp;lt;org.japan.techbooster.sample.BlueTooth{DeviceListActivity.java[DeviceListActivity" StructureKind="java" NumEvents="6" CreationCount="1365"/><InteractionEvent Delta="null" EndDate="2014-11-26 10:57:46.659 JST" Interest="1.0" Kind="propagation" Navigation="null" OriginId="org.eclipse.mylyn.resources.ui.interest.updater" StartDate="2014-11-26 10:57:46.659 JST" StructureHandle="/CutPlanner_A/src/cp/main/BluetoothServerThread.java" StructureKind="resource"/><InteractionEvent Delta="null" EndDate="2014-11-26 10:15:21.557 JST" Interest="1.0" Kind="selection" Navigation="null" OriginId="org.eclipse.jdt.ui.PackageExplorer" StartDate="2014-11-26 10:15:21.557 JST" StructureHandle="=CutPlanner_A/gen" StructureKind="java"/><InteractionEvent Delta="null" EndDate="2014-11-26 10:58:42.797 JST" Interest="1.0" Kind="selection" Navigation="null" OriginId="org.eclipse.ui.views.ResourceNavigator" StartDate="2014-11-26 10:58:42.797 JST" StructureHandle="=BluetoothSample/src&amp;lt;org.japan.techbooster.sample.BlueTooth{BluetoothClientThread.java" StructureKind="java"/><InteractionEvent Delta="null" EndDate="2014-11-26 10:58:42.664 JST" Interest="1.0" Kind="selection" Navigation="null" OriginId="org.eclipse.ui.views.ResourceNavigator" StartDate="2014-11-26 10:58:42.664 JST" StructureHandle="=BluetoothSample/src&amp;lt;org.japan.techbooster.sample" StructureKind="java"/><InteractionEvent Delta="null" EndDate="2014-11-26 10:23:13.191 JST" Interest="19.868" Kind="propagation" Navigation="org.eclipse.mylyn.core.model.edges.containment" OriginId="org.eclipse.mylyn.core.model.interest.propagation" StartDate="2014-11-26 10:22:41.463 JST" StructureHandle="=CutPlanner_A/src&amp;lt;cp.utils{CONS.java[CONS" StructureKind="java" NumEvents="28" CreationCount="350"/><InteractionEvent Delta="null" EndDate="2014-11-26 10:58:55.475 JST" Interest="2.0" Kind="edit" Navigation="null" OriginId="org.eclipse.jdt.ui.CompilationUnitEditor" StartDate="2014-11-26 10:23:54.455 JST" StructureHandle="=CutPlanner_A/src&amp;lt;cp.utils{CONS.java[CONS" StructureKind="java" NumEvents="2" CreationCount="350"/><InteractionEvent Delta="null" EndDate="2014-11-26 10:58:55.439 JST" Interest="4.0" Kind="selection" Navigation="null" OriginId="org.eclipse.jdt.ui.CompilationUnitEditor" StartDate="2014-11-26 10:23:54.448 JST" StructureHandle="=CutPlanner_A/src&amp;lt;cp.utils{CONS.java[CONS" StructureKind="java" NumEvents="4" CreationCount="350"/><InteractionEvent Delta="null" EndDate="2014-11-26 10:58:52.36 JST" Interest="5.0" Kind="edit" Navigation="null" OriginId="org.eclipse.jdt.ui.CompilationUnitEditor" StartDate="2014-11-26 10:58:50.477 JST" StructureHandle="=BluetoothSample/src&amp;lt;org.japan.techbooster.sample.BlueTooth{DeviceListActivity.java[DeviceListActivity~onResume" StructureKind="java" NumEvents="5" CreationCount="1365"/><InteractionEvent Delta="null" EndDate="2014-11-26 10:58:50.403 JST" Interest="1.0" Kind="selection" Navigation="null" OriginId="org.eclipse.ui.views.ContentOutline" StartDate="2014-11-26 10:58:50.403 JST" StructureHandle="=BluetoothSample/src&amp;lt;org.japan.techbooster.sample.BlueTooth{DeviceListActivity.java[DeviceListActivity~onResume" StructureKind="java"/><InteractionEvent Delta="null" EndDate="2014-11-26 11:01:58.719 JST" Interest="277.60898" Kind="propagation" Navigation="org.eclipse.mylyn.core.model.edges.containment" OriginId="org.eclipse.mylyn.core.model.interest.propagation" StartDate="2014-11-26 10:17:23.18 JST" StructureHandle="=CutPlanner_A/src&amp;lt;cp.main{DeviceListActv.java[DeviceListActv" StructureKind="java" NumEvents="390" CreationCount="111"/><InteractionEvent Delta="null" EndDate="2014-11-26 11:03:58.644 JST" Interest="11.0" Kind="edit" Navigation="null" OriginId="org.eclipse.jdt.ui.CompilationUnitEditor" StartDate="2014-11-26 10:36:11.480 JST" StructureHandle="=CutPlanner_A/src&amp;lt;cp.main{DeviceListActv.java[DeviceListActv" StructureKind="java" NumEvents="11" CreationCount="111"/><InteractionEvent Delta="null" EndDate="2014-11-26 11:07:36.44 JST" Interest="9.0" Kind="selection" Navigation="null" OriginId="org.eclipse.jdt.ui.CompilationUnitEditor" StartDate="2014-11-26 10:17:17.177 JST" StructureHandle="=CutPlanner_A/src&amp;lt;cp.main{DeviceListActv.java[DeviceListActv" StructureKind="java" NumEvents="9" CreationCount="111"/><InteractionEvent Delta="null" EndDate="2014-11-26 10:15:21.449 JST" Interest="42.517" Kind="propagation" Navigation="org.eclipse.mylyn.core.model.edges.containment" OriginId="org.eclipse.mylyn.core.model.interest.propagation" StartDate="2014-11-26 10:11:07.745 JST" StructureHandle="/CutPlanner_A/res/values" StructureKind="resource" NumEvents="60" CreationCount="23"/><InteractionEvent Delta="null" EndDate="2014-11-26 10:11:05.642 JST" Interest="1.0" Kind="selection" Navigation="null" OriginId="org.eclipse.jdt.ui.PackageExplorer" StartDate="2014-11-26 10:11:05.642 JST" StructureHandle="/CutPlanner_A/res/values" StructureKind="resource"/><InteractionEvent Delta="null" EndDate="2014-11-26 10:22:49.559 JST" Interest="4.2679996" Kind="propagation" Navigation="org.eclipse.mylyn.core.model.edges.containment" OriginId="org.eclipse.mylyn.core.model.interest.propagation" StartDate="2014-11-26 10:22:46.356 JST" StructureHandle="=CutPlanner_A/src&amp;lt;cp.utils{CONS.java[CONS[Intent" StructureKind="java" NumEvents="7" CreationCount="350"/><InteractionEvent Delta="null" EndDate="2014-11-26 10:23:13.190 JST" Interest="18.0" Kind="edit" Navigation="null" OriginId="org.eclipse.jdt.ui.CompilationUnitEditor" StartDate="2014-11-26 10:22:41.575 JST" StructureHandle="=CutPlanner_A/src&amp;lt;cp.utils{CONS.java[CONS[Intent" StructureKind="java" NumEvents="18" CreationCount="350"/><InteractionEvent Delta="null" EndDate="2014-11-26 10:23:09.929 JST" Interest="3.0" Kind="selection" Navigation="null" OriginId="org.eclipse.jdt.ui.CompilationUnitEditor" StartDate="2014-11-26 10:22:41.463 JST" StructureHandle="=CutPlanner_A/src&amp;lt;cp.utils{CONS.java[CONS[Intent" StructureKind="java" NumEvents="3" CreationCount="350"/><InteractionEvent Delta="null" EndDate="2014-11-26 11:07:41.629 JST" Interest="58.0" Kind="propagation" Navigation="null" OriginId="org.eclipse.jdt.ui.CompilationUnitEditor" StartDate="2014-11-26 10:22:37.584 JST" StructureHandle="/CutPlanner_A/src/cp/utils/CONS.java" StructureKind="resource" NumEvents="58" CreationCount="347"/><InteractionEvent Delta="null" EndDate="2014-11-26 10:58:48.297 JST" Interest="1.0" Kind="selection" Navigation="null" OriginId="org.eclipse.ui.views.ContentOutline" StartDate="2014-11-26 10:58:48.297 JST" StructureHandle="=BluetoothSample/src&amp;lt;org.japan.techbooster.sample.BlueTooth{DeviceListActivity.java%org.japan.techbooster.sample.BlueTooth" StructureKind="java"/><InteractionEvent Delta="null" EndDate="2014-11-26 10:58:42.597 JST" Interest="1.0" Kind="selection" Navigation="null" OriginId="org.eclipse.ui.views.ResourceNavigator" StartDate="2014-11-26 10:58:42.597 JST" StructureHandle="=BluetoothSample/src&amp;lt;org.japan.techbooster" StructureKind="java"/><InteractionEvent Delta="null" EndDate="2014-11-26 10:58:42.531 JST" Interest="1.0" Kind="selection" Navigation="null" OriginId="org.eclipse.ui.views.ResourceNavigator" StartDate="2014-11-26 10:58:42.531 JST" StructureHandle="=BluetoothSample/src&amp;lt;org.japan" StructureKind="java"/><InteractionEvent Delta="null" EndDate="2014-11-26 10:58:52.36 JST" Interest="9.068001" Kind="propagation" Navigation="org.eclipse.mylyn.core.model.edges.containment" OriginId="org.eclipse.mylyn.core.model.interest.propagation" StartDate="2014-11-26 10:58:42.597 JST" StructureHandle="/BluetoothSample/src/org/japan/techbooster" StructureKind="resource" NumEvents="13" CreationCount="1358"/><InteractionEvent Delta="null" EndDate="2014-11-26 11:09:51.918 JST" Interest="80.419" Kind="propagation" Navigation="org.eclipse.mylyn.core.model.edges.containment" OriginId="org.eclipse.mylyn.core.model.interest.propagation" StartDate="2014-11-26 10:20:10.364 JST" StructureHandle="=CutPlanner_A/src&amp;lt;cp.listeners.button{BO_CL.java[BO_CL" StructureKind="java" NumEvents="109" CreationCount="251"/><InteractionEvent Delta="null" EndDate="2014-11-26 10:28:13.686 JST" Interest="2.0" Kind="edit" Navigation="null" OriginId="org.eclipse.jdt.ui.CompilationUnitEditor" StartDate="2014-11-26 10:28:11.487 JST" StructureHandle="=CutPlanner_A/src&amp;lt;cp.listeners.button{BO_CL.java[BO_CL" StructureKind="java" NumEvents="2" CreationCount="251"/><InteractionEvent Delta="null" EndDate="2014-11-26 10:28:09.415 JST" Interest="2.0" Kind="selection" Navigation="null" OriginId="org.eclipse.jdt.ui.CompilationUnitEditor" StartDate="2014-11-26 10:22:00.330 JST" StructureHandle="=CutPlanner_A/src&amp;lt;cp.listeners.button{BO_CL.java[BO_CL" StructureKind="java" NumEvents="2" CreationCount="251"/><InteractionEvent Delta="null" EndDate="2014-11-26 11:16:57.257 JST" Interest="1710.0" Kind="propagation" Navigation="null" OriginId="org.eclipse.jdt.ui.CompilationUnitEditor" StartDate="2014-11-26 10:08:58.362 JST" StructureHandle="/CutPlanner_A" StructureKind="resource" NumEvents="1710" CreationCount="1"/><InteractionEvent Delta="null" EndDate="2014-11-26 11:12:32.14 JST" Interest="9.0" Kind="prediction" Navigation="null" OriginId="org.eclipse.mylyn.resources.ui.interest.updater" StartDate="2014-11-26 10:15:37.582 JST" StructureHandle="/CutPlanner_A/bin/classes.dex" StructureKind="resource" NumEvents="9" CreationCount="100"/><InteractionEvent Delta="null" EndDate="2014-11-26 11:11:11.609 JST" Interest="155.0" Kind="propagation" Navigation="null" OriginId="org.eclipse.jdt.ui.CompilationUnitEditor" StartDate="2014-11-26 10:19:35.699 JST" StructureHandle="/CutPlanner_A/src/cp/utils" StructureKind="resource" NumEvents="155" CreationCount="230"/><InteractionEvent Delta="null" EndDate="2014-11-26 20:13:01.2 JST" Interest="1605.6492" Kind="propagation" Navigation="org.eclipse.mylyn.core.model.edges.containment" OriginId="org.eclipse.mylyn.core.model.interest.propagation" StartDate="2014-11-26 10:09:01.190 JST" StructureHandle="=CutPlanner_A" StructureKind="resource" NumEvents="1627" CreationCount="1"/><InteractionEvent Delta="null" EndDate="2014-11-26 10:10:30.420 JST" Interest="2.0" Kind="selection" Navigation="null" OriginId="org.eclipse.jdt.ui.PackageExplorer" StartDate="2014-11-26 10:08:58.362 JST" StructureHandle="=CutPlanner_A" StructureKind="java" NumEvents="2" CreationCount="1"/><InteractionEvent Delta="null" EndDate="2014-11-26 10:28:00.245 JST" Interest="17.0" Kind="edit" Navigation="null" OriginId="org.eclipse.jdt.ui.CompilationUnitEditor" StartDate="2014-11-26 10:27:20.131 JST" StructureHandle="=CutPlanner_A/src&amp;lt;cp.listeners.button{BO_CL.java[BO_CL~BO_CL~QActivity;~QBroadcastReceiver;" StructureKind="java" NumEvents="17" CreationCount="561"/><InteractionEvent Delta="null" EndDate="2014-11-26 11:09:43.790 JST" Interest="0.7800007" Kind="manipulation" Navigation="null" OriginId="org.eclipse.mylyn.core.model.interest.decay.correction" StartDate="2014-11-26 11:09:43.790 JST" StructureHandle="=CutPlanner_A/src&amp;lt;cp.listeners.button{BO_CL.java[BO_CL~BO_CL~QActivity;~QBroadcastReceiver;" StructureKind="java"/><InteractionEvent Delta="null" EndDate="2014-11-26 11:09:43.790 JST" Interest="6.0" Kind="selection" Navigation="null" OriginId="org.eclipse.jdt.ui.CompilationUnitEditor" StartDate="2014-11-26 10:27:19.37 JST" StructureHandle="=CutPlanner_A/src&amp;lt;cp.listeners.button{BO_CL.java[BO_CL~BO_CL~QActivity;~QBroadcastReceiver;" StructureKind="java" NumEvents="6" CreationCount="561"/><InteractionEvent Delta="null" EndDate="2014-11-26 11:06:41.0 JST" Interest="21.0" Kind="edit" Navigation="null" OriginId="org.eclipse.jdt.ui.CompilationUnitEditor" StartDate="2014-11-26 10:37:11.649 JST" StructureHandle="=CutPlanner_A/src&amp;lt;cp.main{DeviceListActv.java[DeviceListActv^DevieFoundReceiver[~onReceive~QContext;~QIntent;[~onItemClick~QAdapterView\&amp;lt;*&amp;gt;;~QView;~I~J" StructureKind="java" NumEvents="21" CreationCount="788"/><InteractionEvent Delta="null" EndDate="2014-11-26 11:05:24.468 JST" Interest="9.038" Kind="manipulation" Navigation="null" OriginId="org.eclipse.mylyn.core.model.interest.decay.correction" StartDate="2014-11-26 11:05:24.468 JST" StructureHandle="=CutPlanner_A/src&amp;lt;cp.main{DeviceListActv.java[DeviceListActv^DevieFoundReceiver[~onReceive~QContext;~QIntent;[~onItemClick~QAdapterView\&amp;lt;*&amp;gt;;~QView;~I~J" StructureKind="java"/><InteractionEvent Delta="null" EndDate="2014-11-26 11:06:28.916 JST" Interest="7.0" Kind="selection" Navigation="null" OriginId="org.eclipse.jdt.ui.CompilationUnitEditor" StartDate="2014-11-26 10:37:11.631 JST" StructureHandle="=CutPlanner_A/src&amp;lt;cp.main{DeviceListActv.java[DeviceListActv^DevieFoundReceiver[~onReceive~QContext;~QIntent;[~onItemClick~QAdapterView\&amp;lt;*&amp;gt;;~QView;~I~J" StructureKind="java" NumEvents="7" CreationCount="788"/><InteractionEvent Delta="null" EndDate="2014-11-26 11:08:12.435 JST" Interest="16.468002" Kind="propagation" Navigation="org.eclipse.mylyn.core.model.edges.containment" OriginId="org.eclipse.mylyn.core.model.interest.propagation" StartDate="2014-11-26 10:55:00.699 JST" StructureHandle="=CutPlanner_A/src&amp;lt;cp.utils{BluetoothClientThread.java" StructureKind="java" NumEvents="26" CreationCount="1322"/><InteractionEvent Delta="null" EndDate="2014-11-26 11:08:24.899 JST" Interest="4.0" Kind="selection" Navigation="null" OriginId="org.eclipse.jdt.ui.CompilationUnitEditor" StartDate="2014-11-26 10:55:00.13 JST" StructureHandle="=CutPlanner_A/src&amp;lt;cp.utils{BluetoothClientThread.java" StructureKind="java" NumEvents="4" CreationCount="1322"/><InteractionEvent Delta="null" EndDate="2014-11-26 10:19:36.687 JST" Interest="1.0" Kind="propagation" Navigation="org.eclipse.mylyn.core.model.edges.containment" OriginId="org.eclipse.mylyn.core.model.interest.propagation" StartDate="2014-11-26 10:19:36.687 JST" StructureHandle="=CutPlanner_A/src&amp;lt;cp.utils{Tags.java[Tags" StructureKind="java"/><InteractionEvent Delta="null" EndDate="2014-11-26 11:09:51.919 JST" Interest="70.836" Kind="propagation" Navigation="org.eclipse.mylyn.core.model.edges.containment" OriginId="org.eclipse.mylyn.core.model.interest.propagation" StartDate="2014-11-26 10:20:10.365 JST" StructureHandle="=CutPlanner_A/src&amp;lt;cp.listeners.button{BO_CL.java" StructureKind="java" NumEvents="105" CreationCount="250"/><InteractionEvent Delta="null" EndDate="2014-11-26 11:09:43.117 JST" Interest="13.0" Kind="selection" Navigation="null" OriginId="org.eclipse.jdt.ui.CompilationUnitEditor" StartDate="2014-11-26 10:20:09.666 JST" StructureHandle="=CutPlanner_A/src&amp;lt;cp.listeners.button{BO_CL.java" StructureKind="java" NumEvents="13" CreationCount="250"/><InteractionEvent Delta="null" EndDate="2014-11-26 11:02:59.560 JST" Interest="34.0" Kind="edit" Navigation="null" OriginId="org.eclipse.jdt.ui.CompilationUnitEditor" StartDate="2014-11-26 10:24:04.83 JST" StructureHandle="=CutPlanner_A/src&amp;lt;cp.main{DeviceListActv.java[DeviceListActv~onDestroy" StructureKind="java" NumEvents="34" CreationCount="425"/><InteractionEvent Delta="null" EndDate="2014-11-26 10:54:33.667 JST" Interest="3.4920015" Kind="manipulation" Navigation="null" OriginId="org.eclipse.mylyn.core.model.interest.decay.correction" StartDate="2014-11-26 10:54:33.667 JST" StructureHandle="=CutPlanner_A/src&amp;lt;cp.main{DeviceListActv.java[DeviceListActv~onDestroy" StructureKind="java"/><InteractionEvent Delta="null" EndDate="2014-11-26 11:03:48.673 JST" Interest="9.0" Kind="selection" Navigation="null" OriginId="org.eclipse.jdt.ui.CompilationUnitEditor" StartDate="2014-11-26 10:24:04.69 JST" StructureHandle="=CutPlanner_A/src&amp;lt;cp.main{DeviceListActv.java[DeviceListActv~onDestroy" StructureKind="java" NumEvents="9" CreationCount="425"/><InteractionEvent Delta="null" EndDate="2014-11-26 10:55:21.93 JST" Interest="1.0" Kind="selection" Navigation="null" OriginId="org.eclipse.jdt.ui.CompilationUnitEditor" StartDate="2014-11-26 10:55:21.93 JST" StructureHandle="=CutPlanner_A/src&amp;lt;cp.utils{BluetoothClientThread.java#android.bluetooth.BluetoothSocket" StructureKind="java"/><InteractionEvent Delta="null" EndDate="2014-11-26 10:57:43.194 JST" Interest="21.217" Kind="propagation" Navigation="org.eclipse.mylyn.core.model.edges.containment" OriginId="org.eclipse.mylyn.core.model.interest.propagation" StartDate="2014-11-26 10:09:20.452 JST" StructureHandle="/CutPlanner_A/res/layout" StructureKind="resource" NumEvents="28" CreationCount="4"/><InteractionEvent Delta="null" EndDate="2014-11-26 10:11:01.731 JST" Interest="2.0" Kind="selection" Navigation="null" OriginId="org.eclipse.jdt.ui.PackageExplorer" StartDate="2014-11-26 10:09:18.861 JST" StructureHandle="/CutPlanner_A/res/layout" StructureKind="resource" NumEvents="2" CreationCount="4"/><InteractionEvent Delta="null" EndDate="2014-11-26 10:58:52.37 JST" Interest="8.136002" Kind="propagation" Navigation="org.eclipse.mylyn.core.model.edges.containment" OriginId="org.eclipse.mylyn.core.model.interest.propagation" StartDate="2014-11-26 10:58:41.781 JST" StructureHandle="=BluetoothSample" StructureKind="resource" NumEvents="16" CreationCount="1354"/><InteractionEvent Delta="null" EndDate="2014-11-26 10:58:39.146 JST" Interest="1.0" Kind="selection" Navigation="null" OriginId="org.eclipse.ui.views.ResourceNavigator" StartDate="2014-11-26 10:58:39.146 JST" StructureHandle="=BluetoothSample" StructureKind="java"/><InteractionEvent Delta="null" EndDate="2014-11-26 10:20:02.977 JST" Interest="5.651" Kind="propagation" Navigation="org.eclipse.mylyn.core.model.edges.containment" OriginId="org.eclipse.mylyn.core.model.interest.propagation" StartDate="2014-11-26 10:19:50.289 JST" StructureHandle="=CutPlanner_A/src&amp;lt;cp.listeners.button{BO_TL.java" StructureKind="java" NumEvents="10" CreationCount="236"/><InteractionEvent Delta="null" EndDate="2014-11-26 10:30:39.704 JST" Interest="13.0" Kind="selection" Navigation="null" OriginId="org.eclipse.jdt.ui.CompilationUnitEditor" StartDate="2014-11-26 10:19:49.587 JST" StructureHandle="=CutPlanner_A/src&amp;lt;cp.listeners.button{BO_TL.java" StructureKind="java" NumEvents="13" CreationCount="236"/><InteractionEvent Delta="null" EndDate="2014-11-26 10:57:46.657 JST" Interest="1.0" Kind="prediction" Navigation="null" OriginId="org.eclipse.mylyn.resources.ui.interest.updater" StartDate="2014-11-26 10:57:46.657 JST" StructureHandle="=CutPlanner_A/src&amp;lt;cp.listeners.button{BO_TL.java" StructureKind="java"/><InteractionEvent Delta="null" EndDate="2014-11-26 10:37:11.681 JST" Interest="3.1" Kind="propagation" Navigation="org.eclipse.mylyn.core.model.edges.containment" OriginId="org.eclipse.mylyn.core.model.interest.propagation" StartDate="2014-11-26 10:37:11.631 JST" StructureHandle="=CutPlanner_A/src&amp;lt;cp.main{DeviceListActv.java[DeviceListActv^DevieFoundReceiver[~onReceive~QContext;~QIntent;" StructureKind="java" NumEvents="4" CreationCount="788"/><InteractionEvent Delta="null" EndDate="2014-11-26 11:06:22.923 JST" Interest="351.0" Kind="edit" Navigation="null" OriginId="org.eclipse.jdt.ui.CompilationUnitEditor" StartDate="2014-11-26 10:39:07.275 JST" StructureHandle="=CutPlanner_A/src&amp;lt;cp.main{DeviceListActv.java[DeviceListActv^DevieFoundReceiver[~onReceive~QContext;~QIntent;" StructureKind="java" NumEvents="351" CreationCount="788"/><InteractionEvent Delta="null" EndDate="2014-11-26 11:06:25.781 JST" Interest="20.0" Kind="selection" Navigation="null" OriginId="org.eclipse.jdt.ui.CompilationUnitEditor" StartDate="2014-11-26 10:39:07.268 JST" StructureHandle="=CutPlanner_A/src&amp;lt;cp.main{DeviceListActv.java[DeviceListActv^DevieFoundReceiver[~onReceive~QContext;~QIntent;" StructureKind="java" NumEvents="20" CreationCount="788"/><InteractionEvent Delta="null" EndDate="2014-11-26 11:04:25.168 JST" Interest="6.0189996" Kind="propagation" Navigation="org.eclipse.mylyn.core.model.edges.containment" OriginId="org.eclipse.mylyn.core.model.interest.propagation" StartDate="2014-11-26 11:04:05.367 JST" StructureHandle="=CutPlanner_A/src&amp;lt;cp.main{DeviceListActv.java[DeviceListActv~onCreate~QBundle;" StructureKind="java" NumEvents="9" CreationCount="1350"/><InteractionEvent Delta="null" EndDate="2014-11-26 11:06:53.423 JST" Interest="7.0" Kind="edit" Navigation="null" OriginId="org.eclipse.jdt.ui.CompilationUnitEditor" StartDate="2014-11-26 10:57:53.928 JST" StructureHandle="=CutPlanner_A/src&amp;lt;cp.main{DeviceListActv.java[DeviceListActv~onCreate~QBundle;" StructureKind="java" NumEvents="7" CreationCount="1350"/><InteractionEvent Delta="null" EndDate="2014-11-26 11:03:03.892 JST" Interest="0.08500004" Kind="manipulation" Navigation="null" OriginId="org.eclipse.mylyn.core.model.interest.decay.correction" StartDate="2014-11-26 11:03:03.892 JST" StructureHandle="=CutPlanner_A/src&amp;lt;cp.main{DeviceListActv.java[DeviceListActv~onCreate~QBundle;" StructureKind="java"/><InteractionEvent Delta="null" EndDate="2014-11-26 11:06:52.486 JST" Interest="3.0" Kind="selection" Navigation="null" OriginId="org.eclipse.jdt.ui.CompilationUnitEditor" StartDate="2014-11-26 10:57:52.887 JST" StructureHandle="=CutPlanner_A/src&amp;lt;cp.main{DeviceListActv.java[DeviceListActv~onCreate~QBundle;" StructureKind="java" NumEvents="3" CreationCount="1350"/><InteractionEvent Delta="null" EndDate="2014-11-26 11:11:11.608 JST" Interest="31.6" Kind="propagation" Navigation="org.eclipse.mylyn.core.model.edges.containment" OriginId="org.eclipse.mylyn.core.model.interest.propagation" StartDate="2014-11-26 10:29:38.493 JST" StructureHandle="=CutPlanner_A/src&amp;lt;cp.utils{Methods.java[Methods" StructureKind="java" NumEvents="43" CreationCount="634"/><InteractionEvent Delta="null" EndDate="2014-11-26 10:57:46.661 JST" Interest="1.0" Kind="propagation" Navigation="null" OriginId="org.eclipse.mylyn.resources.ui.interest.updater" StartDate="2014-11-26 10:57:46.661 JST" StructureHandle="/CutPlanner_A/src/cp/main/ReadWriteModel.java" StructureKind="resource"/><InteractionEvent Delta="null" EndDate="2014-11-26 10:18:21.814 JST" Interest="1.0" Kind="selection" Navigation="null" OriginId="org.eclipse.jdt.ui.PackageExplorer" StartDate="2014-11-26 10:18:21.814 JST" StructureHandle="=CutPlanner_A/src&amp;lt;cp.main{StreamActivity.java" StructureKind="java"/><InteractionEvent Delta="null" EndDate="2014-11-26 10:30:36.741 JST" Interest="2.0" Kind="selection" Navigation="null" OriginId="org.eclipse.jdt.ui.CompilationUnitEditor" StartDate="2014-11-26 10:30:17.454 JST" StructureHandle="=CutPlanner_A/src&amp;lt;cp.utils{Methods.java[Methods~setup_Bluetooth~QActivity;" StructureKind="java" NumEvents="2" CreationCount="654"/><InteractionEvent Delta="null" EndDate="2014-11-26 10:19:36.686 JST" Interest="1.0" Kind="propagation" Navigation="org.eclipse.mylyn.core.model.edges.containment" OriginId="org.eclipse.mylyn.core.model.interest.propagation" StartDate="2014-11-26 10:19:36.686 JST" StructureHandle="=CutPlanner_A/src&amp;lt;cp.utils{Tags.java[Tags[ButtonTags" StructureKind="java"/><InteractionEvent Delta="null" EndDate="2014-11-26 11:09:51.919 JST" Interest="82.958" Kind="propagation" Navigation="org.eclipse.mylyn.core.model.edges.containment" OriginId="org.eclipse.mylyn.core.model.interest.propagation" StartDate="2014-11-26 10:19:49.588 JST" StructureHandle="=CutPlanner_A/src&amp;lt;cp.listeners.button" StructureKind="java" NumEvents="120" CreationCount="184"/><InteractionEvent Delta="null" EndDate="2014-11-26 10:22:35.988 JST" Interest="2.0" Kind="selection" Navigation="null" OriginId="org.eclipse.jdt.ui.PackageExplorer" StartDate="2014-11-26 10:18:27.406 JST" StructureHandle="=CutPlanner_A/src&amp;lt;cp.listeners.button" StructureKind="java" NumEvents="2" CreationCount="184"/><InteractionEvent Delta="null" EndDate="2014-11-26 11:08:29.670 JST" Interest="2.0" Kind="prediction" Navigation="null" OriginId="org.eclipse.mylyn.resources.ui.interest.updater" StartDate="2014-11-26 10:15:37.581 JST" StructureHandle="/CutPlanner_A/bin/resources.ap_" StructureKind="resource" NumEvents="2" CreationCount="100"/><InteractionEvent Delta="null" EndDate="2014-11-26 10:57:46.659 JST" Interest="1.0" Kind="propagation" Navigation="null" OriginId="org.eclipse.mylyn.resources.ui.interest.updater" StartDate="2014-11-26 10:57:46.659 JST" StructureHandle="=CutPlanner_A/src&amp;lt;cp.main{ReadWriteModel.java" StructureKind="java"/><InteractionEvent Delta="null" EndDate="2014-11-26 10:58:52.36 JST" Interest="9.051001" Kind="propagation" Navigation="org.eclipse.mylyn.core.model.edges.containment" OriginId="org.eclipse.mylyn.core.model.interest.propagation" StartDate="2014-11-26 10:58:42.665 JST" StructureHandle="/BluetoothSample/src/org/japan/techbooster/sample" StructureKind="resource" NumEvents="12" CreationCount="1359"/><InteractionEvent Delta="null" EndDate="2014-11-26 10:54:26.146 JST" Interest="4.0" Kind="edit" Navigation="null" OriginId="org.eclipse.jdt.ui.CompilationUnitEditor" StartDate="2014-11-26 10:54:26.124 JST" StructureHandle="=CutPlanner_A/src&amp;lt;cp.main{DeviceListActv.java[DeviceListActv^BtClientThread" StructureKind="java" NumEvents="4" CreationCount="1292"/><InteractionEvent Delta="null" EndDate="2014-11-26 10:54:26.116 JST" Interest="1.0" Kind="selection" Navigation="null" OriginId="org.eclipse.jdt.ui.CompilationUnitEditor" StartDate="2014-11-26 10:54:26.116 JST" StructureHandle="=CutPlanner_A/src&amp;lt;cp.main{DeviceListActv.java[DeviceListActv^BtClientThread" StructureKind="java"/><InteractionEvent Delta="null" EndDate="2014-11-26 11:12:02.207 JST" Interest="103.0" Kind="edit" Navigation="null" OriginId="org.eclipse.jdt.ui.CompilationUnitEditor" StartDate="2014-11-26 10:21:28.617 JST" StructureHandle="=CutPlanner_A/src&amp;lt;cp.main{DeviceListActv.java[DeviceListActv~onOptionsItemSelected~QMenuItem;" StructureKind="java" NumEvents="103" CreationCount="287"/><InteractionEvent Delta="null" EndDate="2014-11-26 11:11:58.118 JST" Interest="14.0" Kind="selection" Navigation="null" OriginId="org.eclipse.jdt.ui.CompilationUnitEditor" StartDate="2014-11-26 10:21:28.69 JST" StructureHandle="=CutPlanner_A/src&amp;lt;cp.main{DeviceListActv.java[DeviceListActv~onOptionsItemSelected~QMenuItem;" StructureKind="java" NumEvents="14" CreationCount="287"/><InteractionEvent Delta="null" EndDate="2014-11-26 10:28:57.260 JST" Interest="1.0" Kind="selection" Navigation="null" OriginId="org.eclipse.jdt.ui.CompilationUnitEditor" StartDate="2014-11-26 10:28:57.260 JST" StructureHandle="=CutPlanner_A/src&amp;lt;cp.listeners.button{BO_CL.java[BO_CL^actv" StructureKind="java"/><InteractionEvent Delta="null" EndDate="2014-11-26 11:09:51.918 JST" Interest="91.0" Kind="edit" Navigation="null" OriginId="org.eclipse.jdt.ui.CompilationUnitEditor" StartDate="2014-11-26 10:20:34.623 JST" StructureHandle="=CutPlanner_A/src&amp;lt;cp.listeners.button{BO_CL.java[BO_CL~case_ACTV_DEVLIST_BT_OPTIONS" StructureKind="java" NumEvents="91" CreationCount="258"/><InteractionEvent Delta="null" EndDate="2014-11-26 11:09:48.835 JST" Interest="20.0" Kind="selection" Navigation="null" OriginId="org.eclipse.jdt.ui.CompilationUnitEditor" StartDate="2014-11-26 10:20:33.161 JST" StructureHandle="=CutPlanner_A/src&amp;lt;cp.listeners.button{BO_CL.java[BO_CL~case_ACTV_DEVLIST_BT_OPTIONS" StructureKind="java" NumEvents="20" CreationCount="258"/><InteractionEvent Delta="null" EndDate="2014-11-26 11:06:33.379 JST" Interest="255.50603" Kind="propagation" Navigation="org.eclipse.mylyn.core.model.edges.containment" OriginId="org.eclipse.mylyn.core.model.interest.propagation" StartDate="2014-11-26 11:05:24.469 JST" StructureHandle="=CutPlanner_A/src&amp;lt;cp.main{DeviceListActv.java[DeviceListActv^DevieFoundReceiver" StructureKind="java" NumEvents="15" CreationCount="1470"/><InteractionEvent Delta="null" EndDate="2014-11-26 11:03:47.969 JST" Interest="1.0" Kind="edit" Navigation="null" OriginId="org.eclipse.jdt.ui.CompilationUnitEditor" StartDate="2014-11-26 11:03:47.969 JST" StructureHandle="=CutPlanner_A/src&amp;lt;cp.main{DeviceListActv.java[DeviceListActv^DevieFoundReceiver" StructureKind="java"/><InteractionEvent Delta="null" EndDate="2014-11-26 11:03:46.613 JST" Interest="1.0" Kind="selection" Navigation="null" OriginId="org.eclipse.jdt.ui.CompilationUnitEditor" StartDate="2014-11-26 11:03:46.613 JST" StructureHandle="=CutPlanner_A/src&amp;lt;cp.main{DeviceListActv.java[DeviceListActv^DevieFoundReceiver" StructureKind="java"/><InteractionEvent Delta="null" EndDate="2014-11-26 10:25:56.684 JST" Interest="4.3409996" Kind="propagation" Navigation="org.eclipse.mylyn.core.model.edges.containment" OriginId="org.eclipse.mylyn.core.model.interest.propagation" StartDate="2014-11-26 10:16:11.338 JST" StructureHandle="=CutPlanner_A/src&amp;lt;cp.main{MainActv.java[MainActv" StructureKind="java" NumEvents="7" CreationCount="100"/><InteractionEvent Delta="null" EndDate="2014-11-26 10:21:11.561 JST" Interest="4.0" Kind="edit" Navigation="null" OriginId="org.eclipse.jdt.ui.CompilationUnitEditor" StartDate="2014-11-26 10:16:14.476 JST" StructureHandle="=CutPlanner_A/src&amp;lt;cp.main{MainActv.java[MainActv" StructureKind="java" NumEvents="4" CreationCount="100"/><InteractionEvent Delta="null" EndDate="2014-11-26 10:20:46.212 JST" Interest="5.0" Kind="selection" Navigation="null" OriginId="org.eclipse.ui.views.ContentOutline" StartDate="2014-11-26 10:15:29.758 JST" StructureHandle="=CutPlanner_A/src&amp;lt;cp.main{MainActv.java[MainActv" StructureKind="java" NumEvents="5" CreationCount="100"/><InteractionEvent Delta="null" EndDate="2014-11-26 10:55:38.326 JST" Interest="3.0" Kind="edit" Navigation="null" OriginId="org.eclipse.jdt.ui.CompilationUnitEditor" StartDate="2014-11-26 10:55:15.267 JST" StructureHandle="=CutPlanner_A/src&amp;lt;cp.utils{BluetoothClientThread.java[BluetoothClientThread~BluetoothClientThread~QContext;~QString;~QBluetoothDevice;~QBluetoothAdapter;" StructureKind="java" NumEvents="3" CreationCount="1324"/><InteractionEvent Delta="null" EndDate="2014-11-26 11:09:29.881 JST" Interest="0.32000017" Kind="manipulation" Navigation="null" OriginId="org.eclipse.mylyn.core.model.interest.decay.correction" StartDate="2014-11-26 11:09:29.881 JST" StructureHandle="=CutPlanner_A/src&amp;lt;cp.utils{BluetoothClientThread.java[BluetoothClientThread~BluetoothClientThread~QContext;~QString;~QBluetoothDevice;~QBluetoothAdapter;" StructureKind="java"/><InteractionEvent Delta="null" EndDate="2014-11-26 11:09:32.756 JST" Interest="4.0" Kind="selection" Navigation="null" OriginId="org.eclipse.ui.views.ContentOutline" StartDate="2014-11-26 10:55:01.791 JST" StructureHandle="=CutPlanner_A/src&amp;lt;cp.utils{BluetoothClientThread.java[BluetoothClientThread~BluetoothClientThread~QContext;~QString;~QBluetoothDevice;~QBluetoothAdapter;" StructureKind="java" NumEvents="4" CreationCount="1324"/><InteractionEvent Delta="null" EndDate="2014-11-26 10:58:52.37 JST" Interest="9.085001" Kind="propagation" Navigation="org.eclipse.mylyn.core.model.edges.containment" OriginId="org.eclipse.mylyn.core.model.interest.propagation" StartDate="2014-11-26 10:58:42.531 JST" StructureHandle="/BluetoothSample/src/org/japan" StructureKind="resource" NumEvents="14" CreationCount="1357"/><InteractionEvent Delta="null" EndDate="2014-11-26 10:58:52.37 JST" Interest="9.102001" Kind="propagation" Navigation="org.eclipse.mylyn.core.model.edges.containment" OriginId="org.eclipse.mylyn.core.model.interest.propagation" StartDate="2014-11-26 10:58:42.471 JST" StructureHandle="/BluetoothSample/src/org" StructureKind="resource" NumEvents="15" CreationCount="1356"/><InteractionEvent Delta="null" EndDate="2014-11-26 10:23:26.543 JST" Interest="6.0" Kind="edit" Navigation="null" OriginId="org.eclipse.jdt.ui.CompilationUnitEditor" StartDate="2014-11-26 10:23:16.53 JST" StructureHandle="=CutPlanner_A/src&amp;lt;cp.utils{CONS.java[CONS[Intent^REQUEST_CODE_DISCOEVERABLE" StructureKind="java" NumEvents="6" CreationCount="394"/><InteractionEvent Delta="null" EndDate="2014-11-26 10:23:52.402 JST" Interest="4.0" Kind="selection" Navigation="null" OriginId="org.eclipse.jdt.ui.CompilationUnitEditor" StartDate="2014-11-26 10:23:16.47 JST" StructureHandle="=CutPlanner_A/src&amp;lt;cp.utils{CONS.java[CONS[Intent^REQUEST_CODE_DISCOEVERABLE" StructureKind="java" NumEvents="4" CreationCount="394"/><InteractionEvent Delta="null" EndDate="2014-11-26 20:13:01.2 JST" Interest="1214.0" Kind="propagation" Navigation="null" OriginId="org.eclipse.jdt.ui.CompilationUnitEditor" StartDate="2014-11-26 10:16:55.451 JST" StructureHandle="/CutPlanner_A/src/cp/main/DeviceListActv.java" StructureKind="resource" NumEvents="1214" CreationCount="109"/><InteractionEvent Delta="null" EndDate="2014-11-26 10:57:46.659 JST" Interest="1.0" Kind="propagation" Navigation="null" OriginId="org.eclipse.mylyn.resources.ui.interest.updater" StartDate="2014-11-26 10:57:46.659 JST" StructureHandle="=CutPlanner_A/src&amp;lt;cp.main{BluetoothClientThread.java" StructureKind="java"/><InteractionEvent Delta="null" EndDate="2014-11-26 10:57:46.658 JST" Interest="34.0" Kind="propagation" Navigation="null" OriginId="org.eclipse.mylyn.resources.ui.interest.updater" StartDate="2014-11-26 10:19:49.587 JST" StructureHandle="/CutPlanner_A/src/cp/listeners/button/BO_TL.java" StructureKind="resource" NumEvents="34" CreationCount="236"/><InteractionEvent Delta="null" EndDate="2014-11-26 11:09:32.757 JST" Interest="44.0" Kind="propagation" Navigation="null" OriginId="org.eclipse.ui.views.ContentOutline" StartDate="2014-11-26 10:55:00.13 JST" StructureHandle="/CutPlanner_A/src/cp/utils/BluetoothClientThread.java" StructureKind="resource" NumEvents="44" CreationCount="1322"/><InteractionEvent Delta="null" EndDate="2014-11-26 10:15:21.449 JST" Interest="40.857" Kind="propagation" Navigation="org.eclipse.mylyn.core.model.edges.containment" OriginId="org.eclipse.mylyn.core.model.interest.propagation" StartDate="2014-11-26 10:09:18.861 JST" StructureHandle="/CutPlanner_A/res" StructureKind="resource" NumEvents="57" CreationCount="3"/><InteractionEvent Delta="null" EndDate="2014-11-26 10:10:25.995 JST" Interest="3.0" Kind="selection" Navigation="null" OriginId="org.eclipse.jdt.ui.PackageExplorer" StartDate="2014-11-26 10:09:04.817 JST" StructureHandle="/CutPlanner_A/res" StructureKind="resource" NumEvents="3" CreationCount="3"/><InteractionEvent Delta="null" EndDate="2014-11-26 10:58:52.36 JST" Interest="9.034" Kind="propagation" Navigation="org.eclipse.mylyn.core.model.edges.containment" OriginId="org.eclipse.mylyn.core.model.interest.propagation" StartDate="2014-11-26 10:58:42.731 JST" StructureHandle="/BluetoothSample/src/org/japan/techbooster/sample/BlueTooth" StructureKind="resource" NumEvents="11" CreationCount="1360"/><InteractionEvent Delta="null" EndDate="2014-11-26 10:27:39.912 JST" Interest="2.0" Kind="edit" Navigation="null" OriginId="org.eclipse.jdt.ui.CompilationUnitEditor" StartDate="2014-11-26 10:20:11.945 JST" StructureHandle="=CutPlanner_A/src&amp;lt;cp.listeners.button{BO_CL.java[BO_CL~BO_CL~QActivity;" StructureKind="java" NumEvents="2" CreationCount="251"/><InteractionEvent Delta="null" EndDate="2014-11-26 10:27:38.365 JST" Interest="3.7740004" Kind="manipulation" Navigation="null" OriginId="org.eclipse.mylyn.core.model.interest.decay.correction" StartDate="2014-11-26 10:27:38.365 JST" StructureHandle="=CutPlanner_A/src&amp;lt;cp.listeners.button{BO_CL.java[BO_CL~BO_CL~QActivity;" StructureKind="java"/><InteractionEvent Delta="null" EndDate="2014-11-26 10:27:38.365 JST" Interest="2.0" Kind="selection" Navigation="null" OriginId="org.eclipse.jdt.ui.CompilationUnitEditor" StartDate="2014-11-26 10:20:10.364 JST" StructureHandle="=CutPlanner_A/src&amp;lt;cp.listeners.button{BO_CL.java[BO_CL~BO_CL~QActivity;" StructureKind="java" NumEvents="2" CreationCount="251"/><InteractionEvent Delta="null" EndDate="2014-11-26 11:11:11.608 JST" Interest="50.0" Kind="propagation" Navigation="null" OriginId="org.eclipse.jdt.ui.CompilationUnitEditor" StartDate="2014-11-26 10:29:36.213 JST" StructureHandle="/CutPlanner_A/src/cp/utils/Methods.java" StructureKind="resource" NumEvents="50" CreationCount="633"/><InteractionEvent Delta="null" EndDate="2014-11-26 11:09:29.285 JST" Interest="1.0" Kind="edit" Navigation="null" OriginId="org.eclipse.jdt.ui.CompilationUnitEditor" StartDate="2014-11-26 11:09:29.285 JST" StructureHandle="=CutPlanner_A/src&amp;lt;cp.utils{BluetoothClientThread.java[BluetoothClientThread^clientSocket" StructureKind="java"/><InteractionEvent Delta="null" EndDate="2014-11-26 11:08:44.652 JST" Interest="3.3180003" Kind="manipulation" Navigation="null" OriginId="org.eclipse.mylyn.core.model.interest.decay.correction" StartDate="2014-11-26 11:08:44.652 JST" StructureHandle="=CutPlanner_A/src&amp;lt;cp.utils{BluetoothClientThread.java[BluetoothClientThread^clientSocket" StructureKind="java"/><InteractionEvent Delta="null" EndDate="2014-11-26 11:08:44.652 JST" Interest="2.0" Kind="selection" Navigation="null" OriginId="org.eclipse.jdt.ui.CompilationUnitEditor" StartDate="2014-11-26 10:55:22.90 JST" StructureHandle="=CutPlanner_A/src&amp;lt;cp.utils{BluetoothClientThread.java[BluetoothClientThread^clientSocket" StructureKind="java" NumEvents="2" CreationCount="1328"/><InteractionEvent Delta="null" EndDate="2014-11-26 11:09:48.193 JST" Interest="5.0" Kind="edit" Navigation="null" OriginId="org.eclipse.jdt.ui.CompilationUnitEditor" StartDate="2014-11-26 10:20:19.730 JST" StructureHandle="=CutPlanner_A/src&amp;lt;cp.listeners.button{BO_CL.java[BO_CL~onClick~QView;" StructureKind="java" NumEvents="5" CreationCount="253"/><InteractionEvent Delta="null" EndDate="2014-11-26 11:09:47.481 JST" Interest="17.133" Kind="manipulation" Navigation="null" OriginId="org.eclipse.mylyn.core.model.interest.decay.correction" StartDate="2014-11-26 10:29:21.706 JST" StructureHandle="=CutPlanner_A/src&amp;lt;cp.listeners.button{BO_CL.java[BO_CL~onClick~QView;" StructureKind="java" NumEvents="2" CreationCount="253"/><InteractionEvent Delta="null" EndDate="2014-11-26 11:09:47.481 JST" Interest="4.0" Kind="selection" Navigation="null" OriginId="org.eclipse.jdt.ui.CompilationUnitEditor" StartDate="2014-11-26 10:20:17.465 JST" StructureHandle="=CutPlanner_A/src&amp;lt;cp.listeners.button{BO_CL.java[BO_CL~onClick~QView;" StructureKind="java" NumEvents="4" CreationCount="253"/><InteractionEvent Delta="null" EndDate="2014-11-26 10:18:21.814 JST" Interest="1.0" Kind="propagation" Navigation="null" OriginId="org.eclipse.jdt.ui.PackageExplorer" StartDate="2014-11-26 10:18:21.814 JST" StructureHandle="/CutPlanner_A/src/cp/main/StreamActivity.java" StructureKind="resource"/><InteractionEvent Delta="null" EndDate="2014-11-26 11:06:41.0 JST" Interest="21.938002" Kind="propagation" Navigation="org.eclipse.mylyn.core.model.edges.containment" OriginId="org.eclipse.mylyn.core.model.interest.propagation" StartDate="2014-11-26 10:37:11.631 JST" StructureHandle="=CutPlanner_A/src&amp;lt;cp.main{DeviceListActv.java[DeviceListActv^DevieFoundReceiver[~onReceive~QContext;~QIntent;[" StructureKind="java" NumEvents="23" CreationCount="788"/><InteractionEvent Delta="null" EndDate="2014-11-26 11:05:39.133 JST" Interest="4.0" Kind="edit" Navigation="null" OriginId="org.eclipse.jdt.ui.CompilationUnitEditor" StartDate="2014-11-26 10:39:28.165 JST" StructureHandle="=CutPlanner_A/src&amp;lt;cp.main{DeviceListActv.java[DeviceListActv^DevieFoundReceiver[~onReceive~QContext;~QIntent;[" StructureKind="java" NumEvents="4" CreationCount="788"/><InteractionEvent Delta="null" EndDate="2014-11-26 11:06:27.232 JST" Interest="6.0" Kind="selection" Navigation="null" OriginId="org.eclipse.jdt.ui.CompilationUnitEditor" StartDate="2014-11-26 10:39:28.159 JST" StructureHandle="=CutPlanner_A/src&amp;lt;cp.main{DeviceListActv.java[DeviceListActv^DevieFoundReceiver[~onReceive~QContext;~QIntent;[" StructureKind="java" NumEvents="6" CreationCount="788"/><InteractionEvent Delta="null" EndDate="2014-11-26 10:20:02.975 JST" Interest="8.0" Kind="edit" Navigation="null" OriginId="org.eclipse.jdt.ui.CompilationUnitEditor" StartDate="2014-11-26 10:19:54.407 JST" StructureHandle="=CutPlanner_A/src&amp;lt;cp.listeners.button{BO_TL.java[BO_TL~onTouch~QView;~QMotionEvent;" StructureKind="java" NumEvents="8" CreationCount="239"/><InteractionEvent Delta="null" EndDate="2014-11-26 10:30:39.913 JST" Interest="10.0" Kind="selection" Navigation="null" OriginId="org.eclipse.jdt.ui.CompilationUnitEditor" StartDate="2014-11-26 10:19:52.55 JST" StructureHandle="=CutPlanner_A/src&amp;lt;cp.listeners.button{BO_TL.java[BO_TL~onTouch~QView;~QMotionEvent;" StructureKind="java" NumEvents="10" CreationCount="239"/><InteractionEvent Delta="null" EndDate="2014-11-26 10:57:46.662 JST" Interest="1.0" Kind="propagation" Navigation="null" OriginId="org.eclipse.mylyn.resources.ui.interest.updater" StartDate="2014-11-26 10:57:46.662 JST" StructureHandle="/CutPlanner_A/src/cp/main/BluetoothClientThread.java" StructureKind="resource"/><InteractionEvent Delta="null" EndDate="2014-11-26 10:58:52.36 JST" Interest="9.0" Kind="propagation" Navigation="null" OriginId="org.eclipse.jdt.ui.CompilationUnitEditor" StartDate="2014-11-26 10:58:46.287 JST" StructureHandle="/BluetoothSample/src/org/japan/techbooster/sample/BlueTooth/DeviceListActivity.java" StructureKind="resource" NumEvents="9" CreationCount="1362"/><InteractionEvent Delta="null" EndDate="2014-11-26 11:04:25.168 JST" Interest="10.4" Kind="propagation" Navigation="org.eclipse.mylyn.core.model.edges.containment" OriginId="org.eclipse.mylyn.core.model.interest.propagation" StartDate="2014-11-26 11:03:20.768 JST" StructureHandle="=CutPlanner_A/src&amp;lt;cp.main{DeviceListActv.java[DeviceListActv~onCreate~QBundle;[" StructureKind="java" NumEvents="14" CreationCount="1462"/><InteractionEvent Delta="null" EndDate="2014-11-26 11:09:32.757 JST" Interest="37.094006" Kind="propagation" Navigation="org.eclipse.mylyn.core.model.edges.containment" OriginId="org.eclipse.mylyn.core.model.interest.propagation" StartDate="2014-11-26 10:19:35.699 JST" StructureHandle="=CutPlanner_A/src&amp;lt;cp.utils" StructureKind="java" NumEvents="62" CreationCount="230"/><InteractionEvent Delta="null" EndDate="2014-11-26 10:22:36.82 JST" Interest="0.9380002" Kind="manipulation" Navigation="null" OriginId="org.eclipse.mylyn.core.model.interest.decay.correction" StartDate="2014-11-26 10:22:36.82 JST" StructureHandle="=CutPlanner_A/src&amp;lt;cp.utils" StructureKind="java"/><InteractionEvent Delta="null" EndDate="2014-11-26 10:22:36.82 JST" Interest="1.0" Kind="selection" Navigation="null" OriginId="org.eclipse.jdt.ui.PackageExplorer" StartDate="2014-11-26 10:22:36.82 JST" StructureHandle="=CutPlanner_A/src&amp;lt;cp.utils" StructureKind="java"/><InteractionEvent Delta="null" EndDate="2014-11-26 11:09:51.919 JST" Interest="203.884" Kind="propagation" Navigation="null" OriginId="org.eclipse.jdt.ui.CompilationUnitEditor" StartDate="2014-11-26 10:18:27.406 JST" StructureHandle="/CutPlanner_A/src/cp/listeners/button" StructureKind="resource" NumEvents="204" CreationCount="184"/><InteractionEvent Delta="null" EndDate="2014-11-26 20:13:01.5 JST" Interest="1608.6321" Kind="propagation" Navigation="null" OriginId="org.eclipse.jdt.ui.CompilationUnitEditor" StartDate="2014-11-26 10:09:01.189 JST" StructureHandle="/CutPlanner_A/src" StructureKind="resource" NumEvents="1612" CreationCount="2"/><InteractionEvent Delta="null" EndDate="2014-11-26 11:01:11.642 JST" Interest="1.0" Kind="selection" Navigation="null" OriginId="org.eclipse.jdt.ui.CompilationUnitEditor" StartDate="2014-11-26 11:01:11.642 JST" StructureHandle="=CutPlanner_A/src&amp;lt;cp.main{DeviceListActv.java[DeviceListActv~sockClose" StructureKind="java"/><InteractionEvent Delta="null" EndDate="2014-11-26 10:13:03.185 JST" Interest="55.0" Kind="edit" Navigation="null" OriginId="com.android.ide.eclipse.editors.CommonXmlEditor" StartDate="2014-11-26 10:11:08.135 JST" StructureHandle="/CutPlanner_A/res/values/strings.xml" StructureKind="resource" NumEvents="55" CreationCount="24"/><InteractionEvent Delta="null" EndDate="2014-11-26 10:15:21.448 JST" Interest="5.0" Kind="selection" Navigation="null" OriginId="org.eclipse.jdt.ui.PackageExplorer" StartDate="2014-11-26 10:11:07.744 JST" StructureHandle="/CutPlanner_A/res/values/strings.xml" StructureKind="resource" NumEvents="5" CreationCount="24"/><InteractionEvent Delta="null" EndDate="2014-11-26 11:07:24.270 JST" Interest="11.0" Kind="edit" Navigation="null" OriginId="org.eclipse.jdt.ui.CompilationUnitEditor" StartDate="2014-11-26 11:03:52.709 JST" StructureHandle="=CutPlanner_A/src&amp;lt;cp.main{DeviceListActv.java[DeviceListActv~onDestroy[~onItemClick~QAdapterView\&amp;lt;*&amp;gt;;~QView;~I~J" StructureKind="java" NumEvents="11" CreationCount="1473"/><InteractionEvent Delta="null" EndDate="2014-11-26 11:06:57.407 JST" Interest="2.0" Kind="selection" Navigation="null" OriginId="org.eclipse.jdt.ui.CompilationUnitEditor" StartDate="2014-11-26 11:03:49.729 JST" StructureHandle="=CutPlanner_A/src&amp;lt;cp.main{DeviceListActv.java[DeviceListActv~onDestroy[~onItemClick~QAdapterView\&amp;lt;*&amp;gt;;~QView;~I~J" StructureKind="java" NumEvents="2" CreationCount="1473"/><InteractionEvent Delta="null" EndDate="2014-11-26 11:09:32.767 JST" Interest="1.0" Kind="selection" Navigation="null" OriginId="org.eclipse.ui.views.ContentOutline" StartDate="2014-11-26 11:09:32.767 JST" StructureHandle="=CutPlanner_A/src&amp;lt;cp.main{DeviceListActv.java%cp.main" StructureKind="java"/><InteractionEvent Delta="null" EndDate="2014-11-26 11:11:11.607 JST" Interest="38.0" Kind="edit" Navigation="null" OriginId="org.eclipse.jdt.ui.CompilationUnitEditor" StartDate="2014-11-26 10:29:40.771 JST" StructureHandle="=CutPlanner_A/src&amp;lt;cp.utils{Methods.java[Methods~discover_Devices~QActivity;~QBroadcastReceiver;" StructureKind="java" NumEvents="38" CreationCount="634"/><InteractionEvent Delta="null" EndDate="2014-11-26 11:09:56.352 JST" Interest="5.0" Kind="selection" Navigation="null" OriginId="org.eclipse.jdt.ui.CompilationUnitEditor" StartDate="2014-11-26 10:29:38.493 JST" StructureHandle="=CutPlanner_A/src&amp;lt;cp.utils{Methods.java[Methods~discover_Devices~QActivity;~QBroadcastReceiver;" StructureKind="java" NumEvents="5" CreationCount="634"/><InteractionEvent Delta="null" EndDate="2014-11-26 11:09:51.919 JST" Interest="203.884" Kind="propagation" Navigation="org.eclipse.mylyn.core.model.edges.containment" OriginId="org.eclipse.mylyn.core.model.interest.propagation" StartDate="2014-11-26 10:18:27.406 JST" StructureHandle="/CutPlanner_A/src/cp/listeners" StructureKind="resource" NumEvents="204" CreationCount="184"/><InteractionEvent Delta="null" EndDate="2014-11-26 11:03:42.619 JST" Interest="25.0" Kind="edit" Navigation="null" OriginId="org.eclipse.jdt.ui.CompilationUnitEditor" StartDate="2014-11-26 10:36:18.247 JST" StructureHandle="=CutPlanner_A/src&amp;lt;cp.main{DeviceListActv.java[DeviceListActv~onBackPressed" StructureKind="java" NumEvents="25" CreationCount="724"/><InteractionEvent Delta="null" EndDate="2014-11-26 11:04:50.290 JST" Interest="5.0" Kind="selection" Navigation="null" OriginId="org.eclipse.jdt.ui.CompilationUnitEditor" StartDate="2014-11-26 10:36:18.231 JST" StructureHandle="=CutPlanner_A/src&amp;lt;cp.main{DeviceListActv.java[DeviceListActv~onBackPressed" StructureKind="java" NumEvents="5" CreationCount="724"/><InteractionEvent Delta="null" EndDate="2014-11-26 20:13:01.4 JST" Interest="1250.017" Kind="propagation" Navigation="null" OriginId="org.eclipse.jdt.ui.CompilationUnitEditor" StartDate="2014-11-26 10:15:23.187 JST" StructureHandle="/CutPlanner_A/src/cp/main" StructureKind="resource" NumEvents="1251" CreationCount="97"/><InteractionEvent Delta="null" EndDate="2014-11-26 11:04:25.167 JST" Interest="12.0" Kind="edit" Navigation="null" OriginId="org.eclipse.jdt.ui.CompilationUnitEditor" StartDate="2014-11-26 11:03:24.645 JST" StructureHandle="=CutPlanner_A/src&amp;lt;cp.main{DeviceListActv.java[DeviceListActv~onCreate~QBundle;[~onItemClick~QAdapterView\&amp;lt;*&amp;gt;;~QView;~I~J" StructureKind="java" NumEvents="12" CreationCount="1462"/><InteractionEvent Delta="null" EndDate="2014-11-26 11:04:03.68 JST" Interest="2.0" Kind="selection" Navigation="null" OriginId="org.eclipse.jdt.ui.CompilationUnitEditor" StartDate="2014-11-26 11:03:20.767 JST" StructureHandle="=CutPlanner_A/src&amp;lt;cp.main{DeviceListActv.java[DeviceListActv~onCreate~QBundle;[~onItemClick~QAdapterView\&amp;lt;*&amp;gt;;~QView;~I~J" StructureKind="java" NumEvents="2" CreationCount="1462"/><InteractionEvent Delta="null" EndDate="2014-11-26 10:25:56.684 JST" Interest="31.0" Kind="propagation" Navigation="null" OriginId="org.eclipse.jdt.ui.CompilationUnitEditor" StartDate="2014-11-26 10:15:25.60 JST" StructureHandle="/CutPlanner_A/src/cp/main/MainActv.java" StructureKind="resource" NumEvents="31" CreationCount="98"/><InteractionEvent Delta="null" EndDate="2014-11-26 11:08:18.519 JST" Interest="22.0" Kind="edit" Navigation="null" OriginId="org.eclipse.jdt.ui.CompilationUnitEditor" StartDate="2014-11-26 10:55:44.199 JST" StructureHandle="=CutPlanner_A/src&amp;lt;cp.utils{BluetoothClientThread.java[BluetoothClientThread~run" StructureKind="java" NumEvents="22" CreationCount="1326"/><InteractionEvent Delta="null" EndDate="2014-11-26 11:08:14.309 JST" Interest="4.0" Kind="selection" Navigation="null" OriginId="org.eclipse.jdt.ui.CompilationUnitEditor" StartDate="2014-11-26 10:55:15.943 JST" StructureHandle="=CutPlanner_A/src&amp;lt;cp.utils{BluetoothClientThread.java[BluetoothClientThread~run" StructureKind="java" NumEvents="4" CreationCount="1326"/><InteractionEvent Delta="null" EndDate="2014-11-26 10:21:12.163 JST" Interest="1.8730001" Kind="manipulation" Navigation="null" OriginId="org.eclipse.mylyn.core.model.interest.decay.correction" StartDate="2014-11-26 10:21:12.163 JST" StructureHandle="=CutPlanner_A/src&amp;lt;cp.main{MainActv.java[MainActv~onCreate~QBundle;" StructureKind="java"/><InteractionEvent Delta="null" EndDate="2014-11-26 10:21:16.597 JST" Interest="5.0" Kind="selection" Navigation="null" OriginId="org.eclipse.jdt.ui.CompilationUnitEditor" StartDate="2014-11-26 10:16:11.337 JST" StructureHandle="=CutPlanner_A/src&amp;lt;cp.main{MainActv.java[MainActv~onCreate~QBundle;" StructureKind="java" NumEvents="5" CreationCount="101"/><InteractionEvent Delta="null" EndDate="2014-11-26 10:44:53.74 JST" Interest="3.0" Kind="edit" Navigation="null" OriginId="org.eclipse.jdt.ui.CompilationUnitEditor" StartDate="2014-11-26 10:44:53.53 JST" StructureHandle="=CutPlanner_A/src&amp;lt;cp.main{DeviceListActv.java[DeviceListActv~onPause" StructureKind="java" NumEvents="3" CreationCount="961"/><InteractionEvent Delta="null" EndDate="2014-11-26 10:44:53.36 JST" Interest="1.0" Kind="selection" Navigation="null" OriginId="org.eclipse.jdt.ui.CompilationUnitEditor" StartDate="2014-11-26 10:44:53.36 JST" StructureHandle="=CutPlanner_A/src&amp;lt;cp.main{DeviceListActv.java[DeviceListActv~onPause" StructureKind="java"/><InteractionEvent Delta="null" EndDate="2014-11-26 10:15:21.558 JST" Interest="1.0" Kind="propagation" Navigation="null" OriginId="org.eclipse.jdt.ui.PackageExplorer" StartDate="2014-11-26 10:15:21.558 JST" StructureHandle="/CutPlanner_A/gen" StructureKind="resource"/><InteractionEvent Delta="null" EndDate="2014-11-26 10:19:36.687 JST" Interest="2.0" Kind="propagation" Navigation="null" OriginId="org.eclipse.jdt.ui.CompilationUnitEditor" StartDate="2014-11-26 10:19:35.699 JST" StructureHandle="/CutPlanner_A/src/cp/utils/Tags.java" StructureKind="resource" NumEvents="2" CreationCount="230"/><InteractionEvent Delta="null" EndDate="2014-11-26 20:13:01.1 JST" Interest="49.0" Kind="edit" Navigation="null" OriginId="org.eclipse.jdt.ui.CompilationUnitEditor" StartDate="2014-11-26 10:17:31.411 JST" StructureHandle="=CutPlanner_A/src&amp;lt;cp.main{DeviceListActv.java[DeviceListActv~onStart" StructureKind="java" NumEvents="49" CreationCount="124"/><InteractionEvent Delta="null" EndDate="2014-11-26 11:11:25.231 JST" Interest="22.987001" Kind="manipulation" Navigation="null" OriginId="org.eclipse.mylyn.core.model.interest.decay.correction" StartDate="2014-11-26 11:11:25.231 JST" StructureHandle="=CutPlanner_A/src&amp;lt;cp.main{DeviceListActv.java[DeviceListActv~onStart" StructureKind="java"/><InteractionEvent Delta="null" EndDate="2014-11-26 11:16:57.240 JST" Interest="11.0" Kind="selection" Navigation="null" OriginId="org.eclipse.jdt.ui.CompilationUnitEditor" StartDate="2014-11-26 10:17:31.263 JST" StructureHandle="=CutPlanner_A/src&amp;lt;cp.main{DeviceListActv.java[DeviceListActv~onStart" StructureKind="java" NumEvents="11" CreationCount="124"/></InteractionHistory>