<?xml version="1.0" encoding="UTF-8"?><InteractionHistory Id="local-158" Version="1"><InteractionEvent Delta="null" EndDate="2014-10-15 08:42:32.481 JST" Interest="68.651" Kind="propagation" Navigation="org.eclipse.mylyn.core.model.edges.containment" OriginId="org.eclipse.mylyn.core.model.interest.propagation" StartDate="2014-10-15 08:28:47.393 JST" StructureHandle="=TA2/src&amp;lt;ta2.listeners.dialog{DB_OCL.java" StructureKind="java" NumEvents="100" CreationCount="78"/><InteractionEvent Delta="null" EndDate="2014-10-15 08:41:59.380 JST" Interest="13.0" Kind="selection" Navigation="null" OriginId="org.eclipse.jdt.ui.CompilationUnitEditor" StartDate="2014-10-15 08:28:36.889 JST" StructureHandle="=TA2/src&amp;lt;ta2.listeners.dialog{DB_OCL.java" StructureKind="java" NumEvents="13" CreationCount="78"/><InteractionEvent Delta="null" EndDate="2014-10-15 08:28:39.718 JST" Interest="1.0" Kind="selection" Navigation="null" OriginId="org.eclipse.ui.views.ContentOutline" StartDate="2014-10-15 08:28:39.718 JST" StructureHandle="=TA2/src&amp;lt;ta2.listeners.dialog{DB_OCL.java%ta2.listeners.dialog" StructureKind="java"/><InteractionEvent Delta="null" EndDate="2014-10-15 08:57:43.60 JST" Interest="347.017" Kind="propagation" Navigation="null" OriginId="org.eclipse.jdt.ui.CompilationUnitEditor" StartDate="2014-10-15 08:25:55.99 JST" StructureHandle="/TA2/src/ta2/utils" StructureKind="resource" NumEvents="348" CreationCount="3"/><InteractionEvent Delta="null" EndDate="2014-10-15 08:57:43.59 JST" Interest="346.034" Kind="propagation" Navigation="org.eclipse.mylyn.core.model.edges.containment" OriginId="org.eclipse.mylyn.core.model.interest.propagation" StartDate="2014-10-15 08:18:08.945 JST" StructureHandle="/TA2/src/ta2" StructureKind="resource" NumEvents="352" CreationCount="2"/><InteractionEvent Delta="null" EndDate="2014-10-15 08:34:29.96 JST" Interest="3.0" Kind="selection" Navigation="null" OriginId="org.eclipse.jdt.ui.CompilationUnitEditor" StartDate="2014-10-15 08:34:23.14 JST" StructureHandle="=TA2/src&amp;lt;ta2.utils{Methods_dlg.java[Methods_dlg~dlg_ShowListActv_LongClick~QActivity;~QMemo;" StructureKind="java" NumEvents="3" CreationCount="216"/><InteractionEvent Delta="null" EndDate="2014-10-15 08:27:00.385 JST" Interest="1.0" Kind="propagation" Navigation="org.eclipse.mylyn.core.model.edges.containment" OriginId="org.eclipse.mylyn.core.model.interest.propagation" StartDate="2014-10-15 08:27:00.385 JST" StructureHandle="=TA2/src&amp;lt;ta2.utils{Tags.java[Tags[DialogItemTags" StructureKind="java"/><InteractionEvent Delta="null" EndDate="2014-10-15 08:32:48.410 JST" Interest="65.0" Kind="propagation" Navigation="null" OriginId="org.eclipse.jdt.ui.CompilationUnitEditor" StartDate="2014-10-15 08:27:12.418 JST" StructureHandle="/TA2/src/ta2/listeners/dialog/DOI_CL.java" StructureKind="resource" NumEvents="65" CreationCount="32"/><InteractionEvent Delta="null" EndDate="2014-10-15 08:28:34.5 JST" Interest="1.0" Kind="selection" Navigation="null" OriginId="org.eclipse.jdt.ui.PackageExplorer" StartDate="2014-10-15 08:28:34.5 JST" StructureHandle="=TA2/src&amp;lt;ta2.services" StructureKind="java"/><InteractionEvent Delta="null" EndDate="2014-10-15 08:27:00.388 JST" Interest="0.01700002" Kind="propagation" Navigation="org.eclipse.mylyn.core.model.edges.containment" OriginId="org.eclipse.mylyn.core.model.interest.propagation" StartDate="2014-10-15 08:27:00.388 JST" StructureHandle="=TA2/src&amp;lt;ta2.utils{Tags.java" StructureKind="java"/><InteractionEvent Delta="null" EndDate="2014-10-15 08:26:59.251 JST" Interest="1.0" Kind="selection" Navigation="null" OriginId="org.eclipse.jdt.ui.CompilationUnitEditor" StartDate="2014-10-15 08:26:59.251 JST" StructureHandle="=TA2/src&amp;lt;ta2.utils{Tags.java" StructureKind="java"/><InteractionEvent Delta="null" EndDate="2014-10-15 08:38:15.716 JST" Interest="1.0" Kind="selection" Navigation="null" OriginId="org.eclipse.jdt.ui.CompilationUnitEditor" StartDate="2014-10-15 08:38:15.716 JST" StructureHandle="=TA2/src&amp;lt;ta2.utils{Methods.java[Methods~filter_MemoList_Single_KW~QActivity;~I~QEditText;!2" StructureKind="java"/><InteractionEvent Delta="null" EndDate="2014-10-15 08:39:02.243 JST" Interest="21.0" Kind="edit" Navigation="null" OriginId="org.eclipse.jdt.ui.CompilationUnitEditor" StartDate="2014-10-15 08:38:18.43 JST" StructureHandle="=TA2/src&amp;lt;ta2.utils{Methods.java[Methods~filter_MemoList_Single_KW~QActivity;~I~QString;" StructureKind="java" NumEvents="21" CreationCount="375"/><InteractionEvent Delta="null" EndDate="2014-10-15 08:18:08.944 JST" Interest="1.0" Kind="selection" Navigation="null" OriginId="org.eclipse.jdt.ui.PackageExplorer" StartDate="2014-10-15 08:18:08.944 JST" StructureHandle="=TA2/src&amp;lt;ta2.main" StructureKind="java"/><InteractionEvent Delta="null" EndDate="2014-10-15 08:38:14.270 JST" Interest="3.0" Kind="selection" Navigation="null" OriginId="org.eclipse.jdt.ui.CompilationUnitEditor" StartDate="2014-10-15 08:37:53.708 JST" StructureHandle="=TA2/src&amp;lt;ta2.utils{Methods.java[Methods~filter_MemoList_Single_KW~QActivity;~I~QEditText;" StructureKind="java" NumEvents="3" CreationCount="364"/><InteractionEvent Delta="null" EndDate="2014-10-15 08:38:08.156 JST" Interest="7.0" Kind="edit" Navigation="null" OriginId="org.eclipse.jdt.ui.CompilationUnitEditor" StartDate="2014-10-15 08:37:54.812 JST" StructureHandle="=TA2/src&amp;lt;ta2.utils{Methods.java[Methods~filter_MemoList_Single_KW~QActivity;~I~QEditText;" StructureKind="java" NumEvents="7" CreationCount="364"/><InteractionEvent Delta="null" EndDate="2014-10-15 08:42:32.482 JST" Interest="197.0" Kind="propagation" Navigation="org.eclipse.mylyn.core.model.edges.containment" OriginId="org.eclipse.mylyn.core.model.interest.propagation" StartDate="2014-10-15 08:27:12.418 JST" StructureHandle="/TA2/src/ta2/listeners" StructureKind="resource" NumEvents="197" CreationCount="32"/><InteractionEvent Delta="null" EndDate="2014-10-15 08:27:00.384 JST" Interest="1.0" Kind="selection" Navigation="null" OriginId="org.eclipse.jdt.ui.CompilationUnitEditor" StartDate="2014-10-15 08:27:00.384 JST" StructureHandle="=TA2/src&amp;lt;ta2.utils{Tags.java[Tags[DialogItemTags^ACTV_SHOWLIST_FILTER_HISTORY_LV" StructureKind="java"/><InteractionEvent Delta="null" EndDate="2014-10-15 08:27:00.386 JST" Interest="1.0" Kind="propagation" Navigation="org.eclipse.mylyn.core.model.edges.containment" OriginId="org.eclipse.mylyn.core.model.interest.propagation" StartDate="2014-10-15 08:27:00.386 JST" StructureHandle="=TA2/src&amp;lt;ta2.utils{Tags.java[Tags" StructureKind="java"/><InteractionEvent Delta="null" EndDate="2014-10-15 08:27:00.386 JST" Interest="2.0" Kind="propagation" Navigation="null" OriginId="org.eclipse.jdt.ui.CompilationUnitEditor" StartDate="2014-10-15 08:26:59.251 JST" StructureHandle="/TA2/src/ta2/utils/Tags.java" StructureKind="resource" NumEvents="2" CreationCount="27"/><InteractionEvent Delta="null" EndDate="2014-10-15 08:44:14.309 JST" Interest="1.0" Kind="prediction" Navigation="null" OriginId="org.eclipse.mylyn.resources.ui.interest.updater" StartDate="2014-10-15 08:44:14.309 JST" StructureHandle="/TA2/bin/TA2.apk" StructureKind="resource"/><InteractionEvent Delta="null" EndDate="2014-10-15 08:42:32.482 JST" Interest="197.0" Kind="propagation" Navigation="null" OriginId="org.eclipse.jdt.ui.CompilationUnitEditor" StartDate="2014-10-15 08:27:12.418 JST" StructureHandle="/TA2/src/ta2/listeners/dialog" StructureKind="resource" NumEvents="197" CreationCount="32"/><InteractionEvent Delta="null" EndDate="2014-10-15 08:57:43.59 JST" Interest="149.49298" Kind="propagation" Navigation="org.eclipse.mylyn.core.model.edges.containment" OriginId="org.eclipse.mylyn.core.model.interest.propagation" StartDate="2014-10-15 08:25:58.527 JST" StructureHandle="=TA2/src&amp;lt;ta2.utils" StructureKind="java" NumEvents="214" CreationCount="3"/><InteractionEvent Delta="null" EndDate="2014-10-15 08:25:55.98 JST" Interest="1.0" Kind="selection" Navigation="null" OriginId="org.eclipse.jdt.ui.PackageExplorer" StartDate="2014-10-15 08:25:55.98 JST" StructureHandle="=TA2/src&amp;lt;ta2.utils" StructureKind="java"/><InteractionEvent Delta="null" EndDate="2014-10-15 08:28:34.5 JST" Interest="1.0" Kind="propagation" Navigation="null" OriginId="org.eclipse.jdt.ui.PackageExplorer" StartDate="2014-10-15 08:28:34.5 JST" StructureHandle="/TA2/src/ta2/services" StructureKind="resource"/><InteractionEvent Delta="null" EndDate="2014-10-15 08:34:53.254 JST" Interest="4.0" Kind="selection" Navigation="null" OriginId="org.eclipse.jdt.ui.CompilationUnitEditor" StartDate="2014-10-15 08:34:32.408 JST" StructureHandle="=TA2/src&amp;lt;ta2.utils{Methods_dlg.java[Methods_dlg" StructureKind="java" NumEvents="4" CreationCount="7"/><InteractionEvent Delta="null" EndDate="2014-10-15 08:35:29.847 JST" Interest="18.088999" Kind="propagation" Navigation="org.eclipse.mylyn.core.model.edges.containment" OriginId="org.eclipse.mylyn.core.model.interest.propagation" StartDate="2014-10-15 08:26:03.514 JST" StructureHandle="=TA2/src&amp;lt;ta2.utils{Methods_dlg.java[Methods_dlg" StructureKind="java" NumEvents="25" CreationCount="7"/><InteractionEvent Delta="null" EndDate="2014-10-15 08:57:43.59 JST" Interest="129.33398" Kind="propagation" Navigation="org.eclipse.mylyn.core.model.edges.containment" OriginId="org.eclipse.mylyn.core.model.interest.propagation" StartDate="2014-10-15 08:32:21.292 JST" StructureHandle="=TA2/src&amp;lt;ta2.utils{Methods.java" StructureKind="java" NumEvents="186" CreationCount="130"/><InteractionEvent Delta="null" EndDate="2014-10-15 08:43:38.844 JST" Interest="19.0" Kind="selection" Navigation="null" OriginId="org.eclipse.jdt.ui.CompilationUnitEditor" StartDate="2014-10-15 08:32:16.148 JST" StructureHandle="=TA2/src&amp;lt;ta2.utils{Methods.java" StructureKind="java" NumEvents="19" CreationCount="130"/><InteractionEvent Delta="null" EndDate="2014-10-15 08:34:53.282 JST" Interest="2.0" Kind="selection" Navigation="null" OriginId="org.eclipse.jdt.ui.CompilationUnitEditor" StartDate="2014-10-15 08:34:53.69 JST" StructureHandle="=TA2/src&amp;lt;ta2.utils{Methods_dlg.java[Methods_dlg~dlg_ShowMessage_ThirdDialog~QActivity;~QString;~QDialog;~QDialog;~I" StructureKind="java" NumEvents="2" CreationCount="229"/><InteractionEvent Delta="null" EndDate="2014-10-15 08:35:02.935 JST" Interest="12.0" Kind="edit" Navigation="null" OriginId="org.eclipse.jdt.ui.CompilationUnitEditor" StartDate="2014-10-15 08:34:53.731 JST" StructureHandle="=TA2/src&amp;lt;ta2.utils{Methods_dlg.java[Methods_dlg~dlg_ShowMessage_ThirdDialog~QActivity;~QString;~QDialog;~QDialog;~I" StructureKind="java" NumEvents="12" CreationCount="229"/><InteractionEvent Delta="null" EndDate="2014-10-15 08:35:29.847 JST" Interest="82.0" Kind="propagation" Navigation="null" OriginId="org.eclipse.jdt.ui.CompilationUnitEditor" StartDate="2014-10-15 08:25:58.526 JST" StructureHandle="/TA2/src/ta2/utils/Methods_dlg.java" StructureKind="resource" NumEvents="82" CreationCount="4"/><InteractionEvent Delta="null" EndDate="2014-10-15 08:34:22.331 JST" Interest="7.0" Kind="selection" Navigation="null" OriginId="org.eclipse.ui.views.ContentOutline" StartDate="2014-10-15 08:26:05.878 JST" StructureHandle="=TA2/src&amp;lt;ta2.utils{Methods_dlg.java[Methods_dlg~dlg_Filter_History~QActivity;" StructureKind="java" NumEvents="7" CreationCount="8"/><InteractionEvent Delta="null" EndDate="2014-10-15 08:27:05.920 JST" Interest="15.0" Kind="edit" Navigation="null" OriginId="org.eclipse.jdt.ui.CompilationUnitEditor" StartDate="2014-10-15 08:26:07.48 JST" StructureHandle="=TA2/src&amp;lt;ta2.utils{Methods_dlg.java[Methods_dlg~dlg_Filter_History~QActivity;" StructureKind="java" NumEvents="15" CreationCount="8"/><InteractionEvent Delta="null" EndDate="2014-10-15 08:36:19.299 JST" Interest="2.0" Kind="selection" Navigation="null" OriginId="org.eclipse.jdt.ui.CompilationUnitEditor" StartDate="2014-10-15 08:33:42.998 JST" StructureHandle="=TA2/src&amp;lt;ta2.utils{Methods.java[Methods~get_Content~QActivity;~QString;~\[QString;~QString;" StructureKind="java" NumEvents="2" CreationCount="199"/><InteractionEvent Delta="null" EndDate="2014-10-15 08:36:19.299 JST" Interest="0.5300001" Kind="manipulation" Navigation="null" OriginId="org.eclipse.mylyn.core.model.interest.decay.correction" StartDate="2014-10-15 08:36:19.299 JST" StructureHandle="=TA2/src&amp;lt;ta2.utils{Methods.java[Methods~get_Content~QActivity;~QString;~\[QString;~QString;" StructureKind="java"/><InteractionEvent Delta="null" EndDate="2014-10-15 08:57:43.60 JST" Interest="544.051" Kind="propagation" Navigation="org.eclipse.mylyn.core.model.edges.containment" OriginId="org.eclipse.mylyn.core.model.interest.propagation" StartDate="2014-10-15 08:18:03.818 JST" StructureHandle="/" StructureKind="resource" NumEvents="548" CreationCount="1"/><InteractionEvent Delta="null" EndDate="2014-10-15 08:44:14.310 JST" Interest="1.0" Kind="propagation" Navigation="org.eclipse.mylyn.core.model.edges.containment" OriginId="org.eclipse.mylyn.core.model.interest.propagation" StartDate="2014-10-15 08:44:14.310 JST" StructureHandle="/TA2/bin" StructureKind="resource"/><InteractionEvent Delta="null" EndDate="2014-10-15 08:35:29.847 JST" Interest="16.14" Kind="propagation" Navigation="org.eclipse.mylyn.core.model.edges.containment" OriginId="org.eclipse.mylyn.core.model.interest.propagation" StartDate="2014-10-15 08:26:06.115 JST" StructureHandle="=TA2/src&amp;lt;ta2.utils{Methods_dlg.java" StructureKind="java" NumEvents="24" CreationCount="4"/><InteractionEvent Delta="null" EndDate="2014-10-15 08:34:19.955 JST" Interest="6.0" Kind="selection" Navigation="null" OriginId="org.eclipse.jdt.ui.CompilationUnitEditor" StartDate="2014-10-15 08:25:58.526 JST" StructureHandle="=TA2/src&amp;lt;ta2.utils{Methods_dlg.java" StructureKind="java" NumEvents="6" CreationCount="4"/><InteractionEvent Delta="null" EndDate="2014-10-15 08:30:07.341 JST" Interest="1.0" Kind="selection" Navigation="null" OriginId="org.eclipse.jdt.ui.CompilationUnitEditor" StartDate="2014-10-15 08:30:07.341 JST" StructureHandle="=TA2/src&amp;lt;ta2.listeners.dialog{DB_OCL.java[DB_OCL~case_DLG_FILTER_SHOWLIST_OK" StructureKind="java"/><InteractionEvent Delta="null" EndDate="2014-10-15 08:30:07.346 JST" Interest="1.0" Kind="edit" Navigation="null" OriginId="org.eclipse.jdt.ui.CompilationUnitEditor" StartDate="2014-10-15 08:30:07.346 JST" StructureHandle="=TA2/src&amp;lt;ta2.listeners.dialog{DB_OCL.java[DB_OCL~case_DLG_FILTER_SHOWLIST_OK" StructureKind="java"/><InteractionEvent Delta="null" EndDate="2014-10-15 08:34:29.119 JST" Interest="3.0" Kind="selection" Navigation="null" OriginId="org.eclipse.jdt.ui.CompilationUnitEditor" StartDate="2014-10-15 08:34:28.998 JST" StructureHandle="=TA2/src&amp;lt;ta2.utils{Methods_dlg.java[Methods_dlg~dlg_ShowMessage_SecondDialog~QActivity;~QString;~QDialog;" StructureKind="java" NumEvents="3" CreationCount="217"/><InteractionEvent Delta="null" EndDate="2014-10-15 08:34:30.131 JST" Interest="1.0" Kind="edit" Navigation="null" OriginId="org.eclipse.jdt.ui.CompilationUnitEditor" StartDate="2014-10-15 08:34:30.131 JST" StructureHandle="=TA2/src&amp;lt;ta2.utils{Methods_dlg.java[Methods_dlg~dlg_ShowMessage_SecondDialog~QActivity;~QString;~QDialog;" StructureKind="java"/><InteractionEvent Delta="null" EndDate="2014-10-15 08:18:08.945 JST" Interest="1.0" Kind="propagation" Navigation="null" OriginId="org.eclipse.jdt.ui.PackageExplorer" StartDate="2014-10-15 08:18:08.945 JST" StructureHandle="/TA2/src/ta2/main" StructureKind="resource"/><InteractionEvent Delta="null" EndDate="2014-10-15 08:57:43.58 JST" Interest="263.0" Kind="propagation" Navigation="null" OriginId="org.eclipse.jdt.ui.CompilationUnitEditor" StartDate="2014-10-15 08:32:16.148 JST" StructureHandle="/TA2/src/ta2/utils/Methods.java" StructureKind="resource" NumEvents="263" CreationCount="130"/><InteractionEvent Delta="null" EndDate="2014-10-15 08:57:43.60 JST" Interest="544.051" Kind="propagation" Navigation="null" OriginId="org.eclipse.jdt.ui.CompilationUnitEditor" StartDate="2014-10-15 08:18:03.818 JST" StructureHandle="/TA2/src" StructureKind="resource" NumEvents="548" CreationCount="1"/><InteractionEvent Delta="null" EndDate="2014-10-15 08:42:32.481 JST" Interest="131.0" Kind="propagation" Navigation="null" OriginId="org.eclipse.jdt.ui.CompilationUnitEditor" StartDate="2014-10-15 08:28:36.889 JST" StructureHandle="/TA2/src/ta2/listeners/dialog/DB_OCL.java" StructureKind="resource" NumEvents="131" CreationCount="78"/><InteractionEvent Delta="null" EndDate="2014-10-15 08:57:43.60 JST" Interest="544.051" Kind="propagation" Navigation="org.eclipse.mylyn.core.model.edges.containment" OriginId="org.eclipse.mylyn.core.model.interest.propagation" StartDate="2014-10-15 08:18:03.818 JST" StructureHandle="=TA2" StructureKind="resource" NumEvents="548" CreationCount="1"/><InteractionEvent Delta="null" EndDate="2014-10-15 08:28:35.154 JST" Interest="1.0" Kind="selection" Navigation="null" OriginId="org.eclipse.jdt.ui.PackageExplorer" StartDate="2014-10-15 08:28:35.154 JST" StructureHandle="=TA2/src&amp;lt;ta2.listeners.dialog" StructureKind="java"/><InteractionEvent Delta="null" EndDate="2014-10-15 08:42:32.482 JST" Interest="81.433" Kind="propagation" Navigation="org.eclipse.mylyn.core.model.edges.containment" OriginId="org.eclipse.mylyn.core.model.interest.propagation" StartDate="2014-10-15 08:27:12.418 JST" StructureHandle="=TA2/src&amp;lt;ta2.listeners.dialog" StructureKind="java" NumEvents="120" CreationCount="32"/><InteractionEvent Delta="null" EndDate="2014-10-15 08:44:14.309 JST" Interest="1.0" Kind="prediction" Navigation="null" OriginId="org.eclipse.mylyn.resources.ui.interest.updater" StartDate="2014-10-15 08:44:14.309 JST" StructureHandle="/TA2/bin/classes.dex" StructureKind="resource"/><InteractionEvent Delta="null" EndDate="2014-10-15 08:32:43.368 JST" Interest="5.0" Kind="selection" Navigation="null" OriginId="org.eclipse.jdt.ui.CompilationUnitEditor" StartDate="2014-10-15 08:28:12.424 JST" StructureHandle="=TA2/src&amp;lt;ta2.listeners.dialog{DOI_CL.java[DOI_CL~case_ACTV_SHOWLIST_FILTER_HISTORY_LV~QFilterHistory;" StructureKind="java" NumEvents="5" CreationCount="66"/><InteractionEvent Delta="null" EndDate="2014-10-15 08:32:48.410 JST" Interest="24.0" Kind="edit" Navigation="null" OriginId="org.eclipse.jdt.ui.CompilationUnitEditor" StartDate="2014-10-15 08:28:13.523 JST" StructureHandle="=TA2/src&amp;lt;ta2.listeners.dialog{DOI_CL.java[DOI_CL~case_ACTV_SHOWLIST_FILTER_HISTORY_LV~QFilterHistory;" StructureKind="java" NumEvents="24" CreationCount="66"/><InteractionEvent Delta="null" EndDate="2014-10-15 08:26:02.523 JST" Interest="1.0" Kind="selection" Navigation="null" OriginId="org.eclipse.ui.views.ContentOutline" StartDate="2014-10-15 08:26:02.523 JST" StructureHandle="=TA2/src&amp;lt;ta2.utils{Methods_dlg.java%ta2.utils" StructureKind="java"/><InteractionEvent Delta="null" EndDate="2014-10-15 08:27:14.665 JST" Interest="1.0" Kind="selection" Navigation="null" OriginId="org.eclipse.jdt.ui.CompilationUnitEditor" StartDate="2014-10-15 08:27:14.665 JST" StructureHandle="=TA2/src&amp;lt;ta2.listeners.dialog{DOI_CL.java[DOI_CL~DOI_CL~QActivity;~QDialog;~QDialog;" StructureKind="java"/><InteractionEvent Delta="null" EndDate="2014-10-15 08:26:06.118 JST" Interest="3.0" Kind="selection" Navigation="null" OriginId="org.eclipse.jdt.ui.CompilationUnitEditor" StartDate="2014-10-15 08:26:03.514 JST" StructureHandle="=TA2/src&amp;lt;ta2.utils{Methods_dlg.java[Methods_dlg~_filter_ShowList__GetDialog~QActivity;" StructureKind="java" NumEvents="3" CreationCount="7"/><InteractionEvent Delta="null" EndDate="2014-10-15 08:27:20.234 JST" Interest="2.0" Kind="selection" Navigation="null" OriginId="org.eclipse.jdt.ui.CompilationUnitEditor" StartDate="2014-10-15 08:27:16.223 JST" StructureHandle="=TA2/src&amp;lt;ta2.listeners.dialog{DOI_CL.java[DOI_CL~onItemClick~QAdapterView\&amp;lt;*&amp;gt;;~QView;~I~J" StructureKind="java" NumEvents="2" CreationCount="35"/><InteractionEvent Delta="null" EndDate="2014-10-15 08:28:11.662 JST" Interest="28.0" Kind="edit" Navigation="null" OriginId="org.eclipse.jdt.ui.CompilationUnitEditor" StartDate="2014-10-15 08:27:17.242 JST" StructureHandle="=TA2/src&amp;lt;ta2.listeners.dialog{DOI_CL.java[DOI_CL~onItemClick~QAdapterView\&amp;lt;*&amp;gt;;~QView;~I~J" StructureKind="java" NumEvents="28" CreationCount="35"/><InteractionEvent Delta="null" EndDate="2014-10-15 08:35:06.322 JST" Interest="3.0" Kind="selection" Navigation="null" OriginId="org.eclipse.jdt.ui.CompilationUnitEditor" StartDate="2014-10-15 08:34:35.408 JST" StructureHandle="=TA2/src&amp;lt;ta2.utils{Methods_dlg.java[Methods_dlg~dlg_ShowMessage_SecondDialog~QActivity;~QString;~QDialog;~I" StructureKind="java" NumEvents="3" CreationCount="224"/><InteractionEvent Delta="null" EndDate="2014-10-15 08:35:29.846 JST" Interest="22.0" Kind="edit" Navigation="null" OriginId="org.eclipse.jdt.ui.CompilationUnitEditor" StartDate="2014-10-15 08:34:41.92 JST" StructureHandle="=TA2/src&amp;lt;ta2.utils{Methods_dlg.java[Methods_dlg~dlg_ShowMessage_SecondDialog~QActivity;~QString;~QDialog;~I" StructureKind="java" NumEvents="22" CreationCount="224"/><InteractionEvent Delta="null" EndDate="2014-10-15 08:27:18.393 JST" Interest="1.0" Kind="selection" Navigation="null" OriginId="org.eclipse.jdt.ui.CompilationUnitEditor" StartDate="2014-10-15 08:27:18.393 JST" StructureHandle="=TA2/src&amp;lt;ta2.listeners.dialog{DOI_CL.java[DOI_CL" StructureKind="java"/><InteractionEvent Delta="null" EndDate="2014-10-15 08:32:48.410 JST" Interest="21.360998" Kind="propagation" Navigation="org.eclipse.mylyn.core.model.edges.containment" OriginId="org.eclipse.mylyn.core.model.interest.propagation" StartDate="2014-10-15 08:27:13.226 JST" StructureHandle="=TA2/src&amp;lt;ta2.listeners.dialog{DOI_CL.java[DOI_CL" StructureKind="java" NumEvents="33" CreationCount="33"/><InteractionEvent Delta="null" EndDate="2014-10-15 08:30:17.735 JST" Interest="1.0" Kind="selection" Navigation="null" OriginId="org.eclipse.jdt.ui.CompilationUnitEditor" StartDate="2014-10-15 08:30:17.735 JST" StructureHandle="=TA2/src&amp;lt;ta2.listeners.dialog{DB_OCL.java[DB_OCL" StructureKind="java"/><InteractionEvent Delta="null" EndDate="2014-10-15 08:42:32.481 JST" Interest="78.5" Kind="propagation" Navigation="org.eclipse.mylyn.core.model.edges.containment" OriginId="org.eclipse.mylyn.core.model.interest.propagation" StartDate="2014-10-15 08:28:46.866 JST" StructureHandle="=TA2/src&amp;lt;ta2.listeners.dialog{DB_OCL.java[DB_OCL" StructureKind="java" NumEvents="107" CreationCount="81"/><InteractionEvent Delta="null" EndDate="2014-10-15 08:30:19.221 JST" Interest="3.0" Kind="edit" Navigation="null" OriginId="org.eclipse.jdt.ui.CompilationUnitEditor" StartDate="2014-10-15 08:30:17.741 JST" StructureHandle="=TA2/src&amp;lt;ta2.listeners.dialog{DB_OCL.java[DB_OCL" StructureKind="java" NumEvents="3" CreationCount="81"/><InteractionEvent Delta="null" EndDate="2014-10-15 08:41:59.619 JST" Interest="13.0" Kind="selection" Navigation="null" OriginId="org.eclipse.jdt.ui.CompilationUnitEditor" StartDate="2014-10-15 08:28:46.865 JST" StructureHandle="=TA2/src&amp;lt;ta2.listeners.dialog{DB_OCL.java[DB_OCL~case_DLG_FILTER_SHOWLIST_OK_2" StructureKind="java" NumEvents="13" CreationCount="81"/><InteractionEvent Delta="null" EndDate="2014-10-15 08:42:32.480 JST" Interest="98.0" Kind="edit" Navigation="null" OriginId="org.eclipse.jdt.ui.CompilationUnitEditor" StartDate="2014-10-15 08:28:46.901 JST" StructureHandle="=TA2/src&amp;lt;ta2.listeners.dialog{DB_OCL.java[DB_OCL~case_DLG_FILTER_SHOWLIST_OK_2" StructureKind="java" NumEvents="98" CreationCount="81"/><InteractionEvent Delta="null" EndDate="2014-10-15 08:27:13.226 JST" Interest="1.0" Kind="selection" Navigation="null" OriginId="org.eclipse.jdt.ui.CompilationUnitEditor" StartDate="2014-10-15 08:27:13.226 JST" StructureHandle="=TA2/src&amp;lt;ta2.listeners.dialog{DOI_CL.java[DOI_CL~DOI_CL~QActivity;~QDialog;" StructureKind="java"/><InteractionEvent Delta="null" EndDate="2014-10-15 08:28:11.664 JST" Interest="20.651001" Kind="propagation" Navigation="org.eclipse.mylyn.core.model.edges.containment" OriginId="org.eclipse.mylyn.core.model.interest.propagation" StartDate="2014-10-15 08:27:13.227 JST" StructureHandle="=TA2/src&amp;lt;ta2.listeners.dialog{DOI_CL.java" StructureKind="java" NumEvents="32" CreationCount="32"/><InteractionEvent Delta="null" EndDate="2014-10-15 08:32:43.286 JST" Interest="3.0" Kind="selection" Navigation="null" OriginId="org.eclipse.jdt.ui.CompilationUnitEditor" StartDate="2014-10-15 08:27:12.417 JST" StructureHandle="=TA2/src&amp;lt;ta2.listeners.dialog{DOI_CL.java" StructureKind="java" NumEvents="3" CreationCount="32"/><InteractionEvent Delta="null" EndDate="2014-10-15 08:57:43.60 JST" Interest="149.52698" Kind="propagation" Navigation="org.eclipse.mylyn.core.model.edges.containment" OriginId="org.eclipse.mylyn.core.model.interest.propagation" StartDate="2014-10-15 08:18:08.945 JST" StructureHandle="=TA2/src" StructureKind="java" NumEvents="225" CreationCount="1"/><InteractionEvent Delta="null" EndDate="2014-10-15 08:18:03.818 JST" Interest="1.0" Kind="selection" Navigation="null" OriginId="org.eclipse.jdt.ui.PackageExplorer" StartDate="2014-10-15 08:18:03.818 JST" StructureHandle="=TA2/src" StructureKind="java"/><InteractionEvent Delta="null" EndDate="2014-10-15 08:43:21.947 JST" Interest="7.0" Kind="selection" Navigation="null" OriginId="org.eclipse.jdt.ui.CompilationUnitEditor" StartDate="2014-10-15 08:33:41.67 JST" StructureHandle="=TA2/src&amp;lt;ta2.utils{Methods.java[Methods" StructureKind="java" NumEvents="7" CreationCount="132"/><InteractionEvent Delta="null" EndDate="2014-10-15 08:57:43.58 JST" Interest="141.29999" Kind="propagation" Navigation="org.eclipse.mylyn.core.model.edges.containment" OriginId="org.eclipse.mylyn.core.model.interest.propagation" StartDate="2014-10-15 08:32:17.987 JST" StructureHandle="=TA2/src&amp;lt;ta2.utils{Methods.java[Methods" StructureKind="java" NumEvents="195" CreationCount="132"/><InteractionEvent Delta="null" EndDate="2014-10-15 08:44:14.309 JST" Interest="1.0" Kind="prediction" Navigation="null" OriginId="org.eclipse.mylyn.resources.ui.interest.updater" StartDate="2014-10-15 08:44:14.309 JST" StructureHandle="/TA2/bin/resources.ap_" StructureKind="resource"/><InteractionEvent Delta="null" EndDate="2014-10-15 08:43:43.562 JST" Interest="23.0" Kind="selection" Navigation="null" OriginId="org.eclipse.jdt.ui.CompilationUnitEditor" StartDate="2014-10-15 08:32:17.987 JST" StructureHandle="=TA2/src&amp;lt;ta2.utils{Methods.java[Methods~filter_MemoList_History~QActivity;~QDialog;~QFilterHistory;" StructureKind="java" NumEvents="23" CreationCount="132"/><InteractionEvent Delta="null" EndDate="2014-10-15 08:57:43.58 JST" Interest="179.0" Kind="edit" Navigation="null" OriginId="org.eclipse.jdt.ui.CompilationUnitEditor" StartDate="2014-10-15 08:32:19.802 JST" StructureHandle="=TA2/src&amp;lt;ta2.utils{Methods.java[Methods~filter_MemoList_History~QActivity;~QDialog;~QFilterHistory;" StructureKind="java" NumEvents="179" CreationCount="132"/></InteractionHistory>