<?xml version="1.0" encoding="UTF-8"?><InteractionHistory Id="local-79" Version="1"><InteractionEvent Delta="null" EndDate="2014-09-16 20:59:09.981 JST" Interest="627.17" Kind="propagation" Navigation="org.eclipse.mylyn.core.model.edges.containment" OriginId="org.eclipse.mylyn.core.model.interest.propagation" StartDate="2014-09-16 16:27:41.533 JST" StructureHandle="" StructureKind="java" NumEvents="630" CreationCount="1"/><InteractionEvent Delta="null" EndDate="2014-09-16 20:59:09.980 JST" Interest="627.17" Kind="propagation" Navigation="org.eclipse.mylyn.core.model.edges.containment" OriginId="org.eclipse.mylyn.core.model.interest.propagation" StartDate="2014-09-16 16:27:41.533 JST" StructureHandle="=SL3" StructureKind="resource" NumEvents="630" CreationCount="1"/><InteractionEvent Delta="null" EndDate="2014-09-16 16:30:18.97 JST" Interest="1.0" Kind="selection" Navigation="null" OriginId="org.eclipse.jdt.ui.PackageExplorer" StartDate="2014-09-16 16:30:18.97 JST" StructureHandle="=SL3/src" StructureKind="java"/><InteractionEvent Delta="null" EndDate="2014-09-16 20:59:09.980 JST" Interest="178.238" Kind="propagation" Navigation="org.eclipse.mylyn.core.model.edges.containment" OriginId="org.eclipse.mylyn.core.model.interest.propagation" StartDate="2014-09-16 16:30:30.586 JST" StructureHandle="=SL3/src" StructureKind="java" NumEvents="259" CreationCount="9"/><InteractionEvent Delta="null" EndDate="2014-09-16 16:53:36.63 JST" Interest="3.0" Kind="edit" Navigation="null" OriginId="org.eclipse.jdt.ui.CompilationUnitEditor" StartDate="2014-09-16 16:53:33.318 JST" StructureHandle="=SL3/src&amp;lt;sl.utils{Tags.java[Tags[DialogTags" StructureKind="java" NumEvents="3" CreationCount="653"/><InteractionEvent Delta="null" EndDate="2014-09-16 16:53:43.615 JST" Interest="3.0" Kind="selection" Navigation="null" OriginId="org.eclipse.jdt.ui.CompilationUnitEditor" StartDate="2014-09-16 16:53:25.22 JST" StructureHandle="=SL3/src&amp;lt;sl.utils{Tags.java[Tags[DialogTags" StructureKind="java" NumEvents="3" CreationCount="653"/><InteractionEvent Delta="null" EndDate="2014-09-16 16:53:23.571 JST" Interest="1.7340001" Kind="propagation" Navigation="org.eclipse.mylyn.core.model.edges.containment" OriginId="org.eclipse.mylyn.core.model.interest.propagation" StartDate="2014-09-16 16:53:18.29 JST" StructureHandle="=SL3/src&amp;lt;sl.utils{Tags.java[Tags[DialogTags" StructureKind="java" NumEvents="4" CreationCount="653"/><InteractionEvent Delta="null" EndDate="2014-09-16 16:45:16.826 JST" Interest="1.0" Kind="selection" Navigation="null" OriginId="org.eclipse.ui.views.ResourceNavigator" StartDate="2014-09-16 16:45:16.826 JST" StructureHandle="=ShoppingList/src&amp;lt;sl.tasks" StructureKind="java"/><InteractionEvent Delta="null" EndDate="2014-09-16 20:59:09.980 JST" Interest="178.405" Kind="propagation" Navigation="org.eclipse.mylyn.core.model.edges.containment" OriginId="org.eclipse.mylyn.core.model.interest.propagation" StartDate="2014-09-16 16:31:45.562 JST" StructureHandle="=SL3/src&amp;lt;sl.utils" StructureKind="java" NumEvents="255" CreationCount="58"/><InteractionEvent Delta="null" EndDate="2014-09-16 16:40:34.768 JST" Interest="40.1" Kind="propagation" Navigation="org.eclipse.mylyn.core.model.edges.containment" OriginId="org.eclipse.mylyn.core.model.interest.propagation" StartDate="2014-09-16 16:35:20.647 JST" StructureHandle="=SL3/src&amp;lt;sl.listeners{TCL.java[TCL" StructureKind="java" NumEvents="56" CreationCount="150"/><InteractionEvent Delta="null" EndDate="2014-09-16 20:59:09.980 JST" Interest="369.0" Kind="propagation" Navigation="null" OriginId="org.eclipse.jdt.ui.CompilationUnitEditor" StartDate="2014-09-16 16:31:45.562 JST" StructureHandle="/SL3/src/sl/utils" StructureKind="resource" NumEvents="369" CreationCount="58"/><InteractionEvent Delta="null" EndDate="2014-09-16 16:39:31.731 JST" Interest="5.0" Kind="selection" Navigation="null" OriginId="org.eclipse.jdt.ui.PackageExplorer" StartDate="2014-09-16 16:36:19.844 JST" StructureHandle="/SL3/res/menu" StructureKind="resource" NumEvents="5" CreationCount="138"/><InteractionEvent Delta="null" EndDate="2014-09-16 16:56:32.670 JST" Interest="37.3" Kind="propagation" Navigation="org.eclipse.mylyn.core.model.edges.containment" OriginId="org.eclipse.mylyn.core.model.interest.propagation" StartDate="2014-09-16 16:34:58.754 JST" StructureHandle="/SL3/res/menu" StructureKind="resource" NumEvents="49" CreationCount="138"/><InteractionEvent Delta="null" EndDate="2014-09-16 16:56:34.168 JST" Interest="4.0" Kind="selection" Navigation="null" OriginId="org.eclipse.jdt.ui.CompilationUnitEditor" StartDate="2014-09-16 16:45:29.502 JST" StructureHandle="=ShoppingList/src&amp;lt;sl.main{TabActv.java" StructureKind="java" NumEvents="4" CreationCount="448"/><InteractionEvent Delta="null" EndDate="2014-09-16 16:45:34.521 JST" Interest="2.551" Kind="propagation" Navigation="org.eclipse.mylyn.core.model.edges.containment" OriginId="org.eclipse.mylyn.core.model.interest.propagation" StartDate="2014-09-16 16:45:33.873 JST" StructureHandle="=ShoppingList/src&amp;lt;sl.main{TabActv.java" StructureKind="java" NumEvents="4" CreationCount="448"/><InteractionEvent Delta="null" EndDate="2014-09-16 16:44:43.149 JST" Interest="81.1" Kind="propagation" Navigation="org.eclipse.mylyn.core.model.edges.containment" OriginId="org.eclipse.mylyn.core.model.interest.propagation" StartDate="2014-09-16 16:30:37.837 JST" StructureHandle="=SL3/src&amp;lt;sl.main{TabActv.java[TabActv" StructureKind="java" NumEvents="109" CreationCount="14"/><InteractionEvent Delta="null" EndDate="2014-09-16 16:56:41.245 JST" Interest="15.0" Kind="edit" Navigation="null" OriginId="com.android.ide.eclipse.editors.CommonXmlEditor" StartDate="2014-09-16 16:34:39.959 JST" StructureHandle="/SL3/res/values/strings.xml" StructureKind="resource" NumEvents="15" CreationCount="128"/><InteractionEvent Delta="null" EndDate="2014-09-16 16:56:41.16 JST" Interest="10.0" Kind="selection" Navigation="null" OriginId="com.android.ide.eclipse.editors.CommonXmlEditor" StartDate="2014-09-16 16:34:39.598 JST" StructureHandle="/SL3/res/values/strings.xml" StructureKind="resource" NumEvents="10" CreationCount="128"/><InteractionEvent Delta="null" EndDate="2014-09-16 16:56:34.378 JST" Interest="12.0" Kind="propagation" Navigation="null" OriginId="org.eclipse.jdt.ui.CompilationUnitEditor" StartDate="2014-09-16 16:45:29.502 JST" StructureHandle="/ShoppingList/src/sl/main/TabActv.java" StructureKind="resource" NumEvents="12" CreationCount="448"/><InteractionEvent Delta="null" EndDate="2014-09-16 16:45:22.740 JST" Interest="1.0" Kind="selection" Navigation="null" OriginId="org.eclipse.ui.views.ContentOutline" StartDate="2014-09-16 16:45:22.740 JST" StructureHandle="=ShoppingList/src&amp;lt;sl.utils{Methods_dlg.java%sl.utils" StructureKind="java"/><InteractionEvent Delta="null" EndDate="2014-09-16 16:56:39.955 JST" Interest="17.050999" Kind="propagation" Navigation="org.eclipse.mylyn.core.model.edges.containment" OriginId="org.eclipse.mylyn.core.model.interest.propagation" StartDate="2014-09-16 16:45:15.174 JST" StructureHandle="/ShoppingList/src/sl" StructureKind="resource" NumEvents="21" CreationCount="439"/><InteractionEvent Delta="null" EndDate="2014-09-16 16:45:34.519 JST" Interest="5.0" Kind="edit" Navigation="null" OriginId="org.eclipse.jdt.ui.CompilationUnitEditor" StartDate="2014-09-16 16:45:33.366 JST" StructureHandle="=ShoppingList/src&amp;lt;sl.main{TabActv.java[TabActv~onOptionsItemSelected~QMenuItem;" StructureKind="java" NumEvents="5" CreationCount="451"/><InteractionEvent Delta="null" EndDate="2014-09-16 16:56:34.377 JST" Interest="2.0" Kind="selection" Navigation="null" OriginId="org.eclipse.jdt.ui.CompilationUnitEditor" StartDate="2014-09-16 16:45:33.293 JST" StructureHandle="=ShoppingList/src&amp;lt;sl.main{TabActv.java[TabActv~onOptionsItemSelected~QMenuItem;" StructureKind="java" NumEvents="2" CreationCount="451"/><InteractionEvent Delta="null" EndDate="2014-09-16 16:56:34.377 JST" Interest="0.15800047" Kind="manipulation" Navigation="null" OriginId="org.eclipse.mylyn.core.model.interest.decay.correction" StartDate="2014-09-16 16:56:34.377 JST" StructureHandle="=ShoppingList/src&amp;lt;sl.main{TabActv.java[TabActv~onOptionsItemSelected~QMenuItem;" StructureKind="java"/><InteractionEvent Delta="null" EndDate="2014-09-16 16:53:28.15 JST" Interest="1.0" Kind="selection" Navigation="null" OriginId="org.eclipse.jdt.ui.CompilationUnitEditor" StartDate="2014-09-16 16:53:28.15 JST" StructureHandle="=SL3/src&amp;lt;sl.utils{Tags.java[Tags[DialogTags^ACTV_TAB_OPT_IMP_DATA_Stores" StructureKind="java"/><InteractionEvent Delta="null" EndDate="2014-09-16 16:44:03.122 JST" Interest="114.0" Kind="propagation" Navigation="null" OriginId="org.eclipse.jdt.ui.CompilationUnitEditor" StartDate="2014-09-16 16:34:58.754 JST" StructureHandle="/SL3/src/sl/listeners/TCL.java" StructureKind="resource" NumEvents="114" CreationCount="138"/><InteractionEvent Delta="null" EndDate="2014-09-16 16:37:00.141 JST" Interest="2.0" Kind="selection" Navigation="null" OriginId="org.eclipse.ui.views.ContentOutline" StartDate="2014-09-16 16:35:19.129 JST" StructureHandle="=SL3/src&amp;lt;sl.listeners{TCL.java%sl.listeners" StructureKind="java" NumEvents="2" CreationCount="149"/><InteractionEvent Delta="null" EndDate="2014-09-16 16:37:00.141 JST" Interest="0.1220001" Kind="manipulation" Navigation="null" OriginId="org.eclipse.mylyn.core.model.interest.decay.correction" StartDate="2014-09-16 16:37:00.141 JST" StructureHandle="=SL3/src&amp;lt;sl.listeners{TCL.java%sl.listeners" StructureKind="java"/><InteractionEvent Delta="null" EndDate="2014-09-16 16:45:15.174 JST" Interest="1.0" Kind="selection" Navigation="null" OriginId="org.eclipse.ui.views.ResourceNavigator" StartDate="2014-09-16 16:45:15.174 JST" StructureHandle="=ShoppingList/src&amp;lt;sl" StructureKind="java"/><InteractionEvent Delta="null" EndDate="2014-09-16 20:59:09.981 JST" Interest="786.0" Kind="propagation" Navigation="null" OriginId="org.eclipse.jdt.ui.CompilationUnitEditor" StartDate="2014-09-16 16:27:41.533 JST" StructureHandle="/" StructureKind="resource" NumEvents="786" CreationCount="1"/><InteractionEvent Delta="null" EndDate="2014-09-16 16:34:38.640 JST" Interest="4.0" Kind="selection" Navigation="null" OriginId="org.eclipse.jdt.ui.PackageExplorer" StartDate="2014-09-16 16:34:38.639 JST" StructureHandle="/SL3/res/values" StructureKind="resource" NumEvents="4" CreationCount="124"/><InteractionEvent Delta="null" EndDate="2014-09-16 16:56:41.245 JST" Interest="16.568" Kind="propagation" Navigation="org.eclipse.mylyn.core.model.edges.containment" OriginId="org.eclipse.mylyn.core.model.interest.propagation" StartDate="2014-09-16 16:34:39.602 JST" StructureHandle="/SL3/res/values" StructureKind="resource" NumEvents="22" CreationCount="124"/><InteractionEvent Delta="null" EndDate="2014-09-16 16:42:29.677 JST" Interest="9.0" Kind="selection" Navigation="null" OriginId="org.eclipse.jdt.ui.CompilationUnitEditor" StartDate="2014-09-16 16:35:17.54 JST" StructureHandle="=SL3/src&amp;lt;sl.listeners{TCL.java" StructureKind="java" NumEvents="9" CreationCount="138"/><InteractionEvent Delta="null" EndDate="2014-09-16 16:40:34.769 JST" Interest="32.304" Kind="propagation" Navigation="org.eclipse.mylyn.core.model.edges.containment" OriginId="org.eclipse.mylyn.core.model.interest.propagation" StartDate="2014-09-16 16:35:21.206 JST" StructureHandle="=SL3/src&amp;lt;sl.listeners{TCL.java" StructureKind="java" NumEvents="48" CreationCount="138"/><InteractionEvent Delta="null" EndDate="2014-09-16 16:34:58.754 JST" Interest="1.0" Kind="prediction" Navigation="null" OriginId="org.eclipse.mylyn.resources.ui.interest.updater" StartDate="2014-09-16 16:34:58.754 JST" StructureHandle="=SL3/src&amp;lt;sl.listeners{TCL.java" StructureKind="java"/><InteractionEvent Delta="null" EndDate="2014-09-16 16:56:15.298 JST" Interest="1.0" Kind="selection" Navigation="null" OriginId="org.eclipse.ui.views.ResourceNavigator" StartDate="2014-09-16 16:56:15.298 JST" StructureHandle="=ShoppingList/src&amp;lt;sl.main{ItemListActv.java" StructureKind="java"/><InteractionEvent Delta="null" EndDate="2014-09-16 16:56:15.299 JST" Interest="1.0" Kind="propagation" Navigation="null" OriginId="org.eclipse.ui.views.ResourceNavigator" StartDate="2014-09-16 16:56:15.299 JST" StructureHandle="/ShoppingList/src/sl/main/ItemListActv.java" StructureKind="resource"/><InteractionEvent Delta="null" EndDate="2014-09-16 16:44:07.10 JST" Interest="7.0" Kind="edit" Navigation="null" OriginId="com.android.ide.eclipse.editors.CommonXmlEditor" StartDate="2014-09-16 16:39:33.391 JST" StructureHandle="/SL3/res/menu/actv_tab_1.xml" StructureKind="resource" NumEvents="7" CreationCount="271"/><InteractionEvent Delta="null" EndDate="2014-09-16 16:56:18.950 JST" Interest="5.0" Kind="selection" Navigation="null" OriginId="org.eclipse.jdt.ui.PackageExplorer" StartDate="2014-09-16 16:39:33.152 JST" StructureHandle="/SL3/res/menu/actv_tab_1.xml" StructureKind="resource" NumEvents="5" CreationCount="271"/><InteractionEvent Delta="null" EndDate="2014-09-16 16:53:19.965 JST" Interest="1.0" Kind="selection" Navigation="null" OriginId="org.eclipse.jdt.ui.CompilationUnitEditor" StartDate="2014-09-16 16:53:19.965 JST" StructureHandle="=SL3/src&amp;lt;sl.utils{Tags.java[Tags[DialogTags^ACTV_TAB_OPT_IMP_DATA_SI" StructureKind="java"/><InteractionEvent Delta="null" EndDate="2014-09-16 16:34:32.801 JST" Interest="1.0" Kind="selection" Navigation="null" OriginId="org.eclipse.jdt.ui.PackageExplorer" StartDate="2014-09-16 16:34:32.801 JST" StructureHandle="=SL3/src&amp;lt;sl.main{ItemListActv.java" StructureKind="java"/><InteractionEvent Delta="null" EndDate="2014-09-16 16:46:48.326 JST" Interest="1.0" Kind="selection" Navigation="null" OriginId="org.eclipse.jdt.ui.CompilationUnitEditor" StartDate="2014-09-16 16:46:48.326 JST" StructureHandle="=SL3/src&amp;lt;sl.utils{Methods_dlg.java#java.util.List" StructureKind="java"/><InteractionEvent Delta="null" EndDate="2014-09-16 16:27:41.535 JST" Interest="4.0" Kind="selection" Navigation="null" OriginId="org.eclipse.jdt.ui.PackageExplorer" StartDate="2014-09-16 16:27:41.533 JST" StructureHandle="/SL3/bin" StructureKind="resource" NumEvents="4" CreationCount="1"/><InteractionEvent Delta="null" EndDate="2014-09-16 16:42:33.281 JST" Interest="2.1310003" Kind="propagation" Navigation="org.eclipse.mylyn.core.model.edges.containment" OriginId="org.eclipse.mylyn.core.model.interest.propagation" StartDate="2014-09-16 16:37:48.83 JST" StructureHandle="/SL3/bin" StructureKind="resource" NumEvents="3" CreationCount="1"/><InteractionEvent Delta="null" EndDate="2014-09-16 16:45:45.401 JST" Interest="2.0" Kind="selection" Navigation="null" OriginId="org.eclipse.jdt.ui.CompilationUnitEditor" StartDate="2014-09-16 16:45:26.27 JST" StructureHandle="=ShoppingList/src&amp;lt;sl.utils{Methods_dlg.java[Methods_dlg~dlg_db_activity~QActivity;" StructureKind="java" NumEvents="2" CreationCount="445"/><InteractionEvent Delta="null" EndDate="2014-09-16 16:40:40.753 JST" Interest="1.0" Kind="edit" Navigation="null" OriginId="org.eclipse.jdt.ui.CompilationUnitEditor" StartDate="2014-09-16 16:40:40.753 JST" StructureHandle="=SL3/src&amp;lt;sl.listeners{TCL.java[TCL~_onTabChanged__ChangeItems~QString;" StructureKind="java"/><InteractionEvent Delta="null" EndDate="2014-09-16 16:40:40.743 JST" Interest="1.0" Kind="selection" Navigation="null" OriginId="org.eclipse.jdt.ui.CompilationUnitEditor" StartDate="2014-09-16 16:40:40.743 JST" StructureHandle="=SL3/src&amp;lt;sl.listeners{TCL.java[TCL~_onTabChanged__ChangeItems~QString;" StructureKind="java"/><InteractionEvent Delta="null" EndDate="2014-09-16 16:57:38.376 JST" Interest="61.0" Kind="edit" Navigation="null" OriginId="org.eclipse.jdt.ui.CompilationUnitEditor" StartDate="2014-09-16 16:31:48.58 JST" StructureHandle="=SL3/src&amp;lt;sl.utils{Methods_dlg.java[Methods_dlg~dlg_OptMenu_Lists~QActivity;" StructureKind="java" NumEvents="61" CreationCount="59"/><InteractionEvent Delta="null" EndDate="2014-09-16 16:57:34.184 JST" Interest="22.0" Kind="selection" Navigation="null" OriginId="org.eclipse.jdt.ui.CompilationUnitEditor" StartDate="2014-09-16 16:31:46.410 JST" StructureHandle="=SL3/src&amp;lt;sl.utils{Methods_dlg.java[Methods_dlg~dlg_OptMenu_Lists~QActivity;" StructureKind="java" NumEvents="22" CreationCount="59"/><InteractionEvent Delta="null" EndDate="2014-09-16 16:56:32.669 JST" Interest="39.0" Kind="edit" Navigation="null" OriginId="com.android.ide.eclipse.editors.CommonXmlEditor" StartDate="2014-09-16 16:36:22.157 JST" StructureHandle="/SL3/res/menu/actv_tab_2.xml" StructureKind="resource" NumEvents="39" CreationCount="138"/><InteractionEvent Delta="null" EndDate="2014-09-16 16:56:21.668 JST" Interest="14.0" Kind="selection" Navigation="null" OriginId="com.android.ide.eclipse.editors.CommonXmlEditor" StartDate="2014-09-16 16:36:21.928 JST" StructureHandle="/SL3/res/menu/actv_tab_2.xml" StructureKind="resource" NumEvents="14" CreationCount="138"/><InteractionEvent Delta="null" EndDate="2014-09-16 16:34:58.753 JST" Interest="1.0" Kind="prediction" Navigation="null" OriginId="org.eclipse.mylyn.resources.ui.interest.updater" StartDate="2014-09-16 16:34:58.753 JST" StructureHandle="/SL3/res/menu/actv_tab_2.xml" StructureKind="resource"/><InteractionEvent Delta="null" EndDate="2014-09-16 16:35:15.583 JST" Interest="1.0" Kind="selection" Navigation="null" OriginId="org.eclipse.jdt.ui.PackageExplorer" StartDate="2014-09-16 16:35:15.583 JST" StructureHandle="=SL3/src&amp;lt;sl.listeners" StructureKind="java"/><InteractionEvent Delta="null" EndDate="2014-09-16 16:42:29.678 JST" Interest="41.304" Kind="propagation" Navigation="org.eclipse.mylyn.core.model.edges.containment" OriginId="org.eclipse.mylyn.core.model.interest.propagation" StartDate="2014-09-16 16:34:58.754 JST" StructureHandle="=SL3/src&amp;lt;sl.listeners" StructureKind="java" NumEvents="59" CreationCount="138"/><InteractionEvent Delta="null" EndDate="2014-09-16 16:46:06.594 JST" Interest="7.0" Kind="edit" Navigation="null" OriginId="org.eclipse.jdt.ui.CompilationUnitEditor" StartDate="2014-09-16 16:45:46.920 JST" StructureHandle="=ShoppingList/src&amp;lt;sl.utils{Methods_dlg.java[Methods_dlg~dlg_tabActv_adminDb~QActivity;" StructureKind="java" NumEvents="7" CreationCount="459"/><InteractionEvent Delta="null" EndDate="2014-09-16 16:56:39.954 JST" Interest="2.0" Kind="selection" Navigation="null" OriginId="org.eclipse.jdt.ui.CompilationUnitEditor" StartDate="2014-09-16 16:45:46.31 JST" StructureHandle="=ShoppingList/src&amp;lt;sl.utils{Methods_dlg.java[Methods_dlg~dlg_tabActv_adminDb~QActivity;" StructureKind="java" NumEvents="2" CreationCount="459"/><InteractionEvent Delta="null" EndDate="2014-09-16 16:57:43.153 JST" Interest="7.0" Kind="selection" Navigation="null" OriginId="org.eclipse.jdt.ui.CompilationUnitEditor" StartDate="2014-09-16 16:46:14.440 JST" StructureHandle="=SL3/src&amp;lt;sl.utils{Methods_dlg.java[Methods_dlg" StructureKind="java" NumEvents="7" CreationCount="59"/><InteractionEvent Delta="null" EndDate="2014-09-16 20:59:09.979 JST" Interest="171.388" Kind="propagation" Navigation="org.eclipse.mylyn.core.model.edges.containment" OriginId="org.eclipse.mylyn.core.model.interest.propagation" StartDate="2014-09-16 16:31:46.410 JST" StructureHandle="=SL3/src&amp;lt;sl.utils{Methods_dlg.java[Methods_dlg" StructureKind="java" NumEvents="237" CreationCount="59"/><InteractionEvent Delta="null" EndDate="2014-09-16 16:30:35.823 JST" Interest="1.0" Kind="selection" Navigation="null" OriginId="org.eclipse.ui.views.ContentOutline" StartDate="2014-09-16 16:30:35.823 JST" StructureHandle="=SL3/src&amp;lt;sl.main{TabActv.java%sl.main" StructureKind="java"/><InteractionEvent Delta="null" EndDate="2014-09-16 16:30:30.585 JST" Interest="1.0" Kind="selection" Navigation="null" OriginId="org.eclipse.jdt.ui.PackageExplorer" StartDate="2014-09-16 16:30:30.585 JST" StructureHandle="=SL3/src&amp;lt;sl.main" StructureKind="java"/><InteractionEvent Delta="null" EndDate="2014-09-16 16:44:43.150 JST" Interest="80.16799" Kind="propagation" Navigation="org.eclipse.mylyn.core.model.edges.containment" OriginId="org.eclipse.mylyn.core.model.interest.propagation" StartDate="2014-09-16 16:30:33.280 JST" StructureHandle="=SL3/src&amp;lt;sl.main" StructureKind="java" NumEvents="114" CreationCount="10"/><InteractionEvent Delta="null" EndDate="2014-09-16 16:58:30.936 JST" Interest="6.0" Kind="prediction" Navigation="null" OriginId="org.eclipse.mylyn.resources.ui.interest.updater" StartDate="2014-09-16 16:37:48.83 JST" StructureHandle="/SL3/bin/classes.dex" StructureKind="resource" NumEvents="6" CreationCount="244"/><InteractionEvent Delta="null" EndDate="2014-09-16 16:32:32.378 JST" Interest="5.0" Kind="edit" Navigation="null" OriginId="org.eclipse.jdt.ui.CompilationUnitEditor" StartDate="2014-09-16 16:32:19.974 JST" StructureHandle="=SL3/src&amp;lt;sl.utils{Methods_dlg.java[Methods_dlg~dlg_OptMenu_TabActv_Admin~QActivity;" StructureKind="java" NumEvents="5" CreationCount="83"/><InteractionEvent Delta="null" EndDate="2014-09-16 16:32:19.306 JST" Interest="2.0" Kind="selection" Navigation="null" OriginId="org.eclipse.jdt.ui.CompilationUnitEditor" StartDate="2014-09-16 16:32:19.305 JST" StructureHandle="=SL3/src&amp;lt;sl.utils{Methods_dlg.java[Methods_dlg~dlg_OptMenu_TabActv_Admin~QActivity;" StructureKind="java" NumEvents="2" CreationCount="83"/><InteractionEvent Delta="null" EndDate="2014-09-16 16:33:03.354 JST" Interest="1.0" Kind="prediction" Navigation="null" OriginId="org.eclipse.mylyn.resources.ui.interest.updater" StartDate="2014-09-16 16:33:03.354 JST" StructureHandle="=SL3/src&amp;lt;sl.listeners.dialog{DB_OTL.java" StructureKind="java"/><InteractionEvent Delta="null" EndDate="2014-09-16 16:45:08.483 JST" Interest="1.0" Kind="selection" Navigation="null" OriginId="org.eclipse.ui.views.ResourceNavigator" StartDate="2014-09-16 16:45:08.483 JST" StructureHandle="=TA2" StructureKind="java"/><InteractionEvent Delta="null" EndDate="2014-09-16 16:44:43.149 JST" Interest="139.017" Kind="propagation" Navigation="org.eclipse.mylyn.core.model.edges.containment" OriginId="org.eclipse.mylyn.core.model.interest.propagation" StartDate="2014-09-16 16:30:30.585 JST" StructureHandle="/SL3/src/sl/main" StructureKind="resource" NumEvents="142" CreationCount="10"/><InteractionEvent Delta="null" EndDate="2014-09-16 16:53:40.975 JST" Interest="1.0" Kind="selection" Navigation="null" OriginId="org.eclipse.jdt.ui.CompilationUnitEditor" StartDate="2014-09-16 16:53:40.975 JST" StructureHandle="=SL3/src&amp;lt;sl.utils{Tags.java[Tags[DialogTags^ACTV_TAB_OPT_IMP_DATA_Genres" StructureKind="java"/><InteractionEvent Delta="null" EndDate="2014-09-16 16:53:17.296 JST" Interest="1.0" Kind="selection" Navigation="null" OriginId="org.eclipse.jdt.ui.CompilationUnitEditor" StartDate="2014-09-16 16:53:17.296 JST" StructureHandle="=SL3/src&amp;lt;sl.utils{Tags.java" StructureKind="java"/><InteractionEvent Delta="null" EndDate="2014-09-16 16:53:43.616 JST" Interest="5.868" Kind="propagation" Navigation="org.eclipse.mylyn.core.model.edges.containment" OriginId="org.eclipse.mylyn.core.model.interest.propagation" StartDate="2014-09-16 16:53:18.29 JST" StructureHandle="=SL3/src&amp;lt;sl.utils{Tags.java" StructureKind="java" NumEvents="12" CreationCount="106"/><InteractionEvent Delta="null" EndDate="2014-09-16 16:53:17.296 JST" Interest="8.265" Kind="manipulation" Navigation="null" OriginId="org.eclipse.mylyn.core.model.interest.decay.correction" StartDate="2014-09-16 16:53:17.296 JST" StructureHandle="=SL3/src&amp;lt;sl.utils{Tags.java" StructureKind="java"/><InteractionEvent Delta="null" EndDate="2014-09-16 16:33:03.354 JST" Interest="1.0" Kind="prediction" Navigation="null" OriginId="org.eclipse.mylyn.resources.ui.interest.updater" StartDate="2014-09-16 16:33:03.354 JST" StructureHandle="=SL3/src&amp;lt;sl.utils{Tags.java" StructureKind="java"/><InteractionEvent Delta="null" EndDate="2014-09-16 16:53:23.570 JST" Interest="1.0" Kind="edit" Navigation="null" OriginId="org.eclipse.jdt.ui.CompilationUnitEditor" StartDate="2014-09-16 16:53:23.570 JST" StructureHandle="=SL3/src&amp;lt;sl.utils{Tags.java[Tags[DialogTags^GENERIC_DISMISS_ALL_2ND_DIALOG" StructureKind="java"/><InteractionEvent Delta="null" EndDate="2014-09-16 16:53:22.930 JST" Interest="1.0" Kind="selection" Navigation="null" OriginId="org.eclipse.jdt.ui.CompilationUnitEditor" StartDate="2014-09-16 16:53:22.930 JST" StructureHandle="=SL3/src&amp;lt;sl.utils{Tags.java[Tags[DialogTags^GENERIC_DISMISS_ALL_2ND_DIALOG" StructureKind="java"/><InteractionEvent Delta="null" EndDate="2014-09-16 16:56:39.955 JST" Interest="17.016998" Kind="propagation" Navigation="org.eclipse.mylyn.core.model.edges.containment" OriginId="org.eclipse.mylyn.core.model.interest.propagation" StartDate="2014-09-16 16:45:17.175 JST" StructureHandle="/ShoppingList/src/sl/utils" StructureKind="resource" NumEvents="18" CreationCount="441"/><InteractionEvent Delta="null" EndDate="2014-09-16 16:46:52.254 JST" Interest="1.0" Kind="edit" Navigation="null" OriginId="org.eclipse.jdt.ui.CompilationUnitEditor" StartDate="2014-09-16 16:46:52.254 JST" StructureHandle="=SL3/src&amp;lt;sl.utils{Methods_dlg.java" StructureKind="java"/><InteractionEvent Delta="null" EndDate="2014-09-16 16:56:41.718 JST" Interest="12.0" Kind="selection" Navigation="null" OriginId="org.eclipse.jdt.ui.CompilationUnitEditor" StartDate="2014-09-16 16:31:45.561 JST" StructureHandle="=SL3/src&amp;lt;sl.utils{Methods_dlg.java" StructureKind="java" NumEvents="12" CreationCount="58"/><InteractionEvent Delta="null" EndDate="2014-09-16 20:59:09.980 JST" Interest="165.705" Kind="propagation" Navigation="org.eclipse.mylyn.core.model.edges.containment" OriginId="org.eclipse.mylyn.core.model.interest.propagation" StartDate="2014-09-16 16:31:46.411 JST" StructureHandle="=SL3/src&amp;lt;sl.utils{Methods_dlg.java" StructureKind="java" NumEvents="238" CreationCount="58"/><InteractionEvent Delta="null" EndDate="2014-09-16 16:33:03.354 JST" Interest="1.0" Kind="prediction" Navigation="null" OriginId="org.eclipse.mylyn.resources.ui.interest.updater" StartDate="2014-09-16 16:33:03.354 JST" StructureHandle="=SL3/src&amp;lt;sl.listeners.dialog{DB_OCL.java" StructureKind="java"/><InteractionEvent Delta="null" EndDate="2014-09-16 16:39:18.339 JST" Interest="10.0" Kind="edit" Navigation="null" OriginId="org.eclipse.jdt.ui.CompilationUnitEditor" StartDate="2014-09-16 16:39:10.927 JST" StructureHandle="=SL3/src&amp;lt;sl.main{TabActv.java[TabActv~onCreateOptionsMenu~QMenu;" StructureKind="java" NumEvents="10" CreationCount="250"/><InteractionEvent Delta="null" EndDate="2014-09-16 16:44:13.22 JST" Interest="8.0" Kind="selection" Navigation="null" OriginId="org.eclipse.jdt.ui.CompilationUnitEditor" StartDate="2014-09-16 16:39:10.353 JST" StructureHandle="=SL3/src&amp;lt;sl.main{TabActv.java[TabActv~onCreateOptionsMenu~QMenu;" StructureKind="java" NumEvents="8" CreationCount="250"/><InteractionEvent Delta="null" EndDate="2014-09-16 20:59:09.980 JST" Interest="748.0" Kind="propagation" Navigation="null" OriginId="org.eclipse.jdt.ui.CompilationUnitEditor" StartDate="2014-09-16 16:27:41.533 JST" StructureHandle="/SL3" StructureKind="resource" NumEvents="748" CreationCount="1"/><InteractionEvent Delta="null" EndDate="2014-09-16 16:46:49.385 JST" Interest="1.017" Kind="propagation" Navigation="org.eclipse.mylyn.core.model.edges.containment" OriginId="org.eclipse.mylyn.core.model.interest.propagation" StartDate="2014-09-16 16:46:48.327 JST" StructureHandle="=SL3/src&amp;lt;sl.utils{Methods_dlg.java#" StructureKind="java" NumEvents="2" CreationCount="488"/><InteractionEvent Delta="null" EndDate="2014-09-16 16:33:03.354 JST" Interest="1.0" Kind="propagation" Navigation="null" OriginId="org.eclipse.mylyn.resources.ui.interest.updater" StartDate="2014-09-16 16:33:03.354 JST" StructureHandle="/SL3/src/sl/listeners/dialog/DialogButtonOnTouchListener.java" StructureKind="resource"/><InteractionEvent Delta="null" EndDate="2014-09-16 16:33:03.358 JST" Interest="3.0" Kind="propagation" Navigation="null" OriginId="org.eclipse.mylyn.resources.ui.interest.updater" StartDate="2014-09-16 16:33:03.355 JST" StructureHandle="/SL3/src/sl/listeners/dialog" StructureKind="resource" NumEvents="3" CreationCount="106"/><InteractionEvent Delta="null" EndDate="2014-09-16 16:56:39.955 JST" Interest="17.0" Kind="propagation" Navigation="null" OriginId="org.eclipse.jdt.ui.CompilationUnitEditor" StartDate="2014-09-16 16:45:18.791 JST" StructureHandle="/ShoppingList/src/sl/utils/Methods_dlg.java" StructureKind="resource" NumEvents="17" CreationCount="442"/><InteractionEvent Delta="null" EndDate="2014-09-16 16:45:14.748 JST" Interest="1.0" Kind="selection" Navigation="null" OriginId="org.eclipse.ui.views.ResourceNavigator" StartDate="2014-09-16 16:45:14.748 JST" StructureHandle="=ShoppingList/src" StructureKind="java"/><InteractionEvent Delta="null" EndDate="2014-09-16 16:56:39.955 JST" Interest="6.2570004" Kind="propagation" Navigation="org.eclipse.mylyn.core.model.edges.containment" OriginId="org.eclipse.mylyn.core.model.interest.propagation" StartDate="2014-09-16 16:45:15.174 JST" StructureHandle="=ShoppingList/src" StructureKind="java" NumEvents="16" CreationCount="438"/><InteractionEvent Delta="null" EndDate="2014-09-16 20:59:09.979 JST" Interest="354.0" Kind="propagation" Navigation="null" OriginId="org.eclipse.jdt.ui.CompilationUnitEditor" StartDate="2014-09-16 16:31:45.562 JST" StructureHandle="/SL3/src/sl/utils/Methods_dlg.java" StructureKind="resource" NumEvents="354" CreationCount="58"/><InteractionEvent Delta="null" EndDate="2014-09-16 16:45:13.749 JST" Interest="2.0" Kind="selection" Navigation="null" OriginId="org.eclipse.ui.views.ResourceNavigator" StartDate="2014-09-16 16:45:09.754 JST" StructureHandle="=ShoppingList" StructureKind="java" NumEvents="2" CreationCount="436"/><InteractionEvent Delta="null" EndDate="2014-09-16 16:56:39.955 JST" Interest="28.102001" Kind="propagation" Navigation="org.eclipse.mylyn.core.model.edges.containment" OriginId="org.eclipse.mylyn.core.model.interest.propagation" StartDate="2014-09-16 16:45:19.28 JST" StructureHandle="=ShoppingList" StructureKind="resource" NumEvents="30" CreationCount="436"/><InteractionEvent Delta="null" EndDate="2014-09-16 16:44:03.123 JST" Interest="118.0" Kind="propagation" Navigation="null" OriginId="org.eclipse.jdt.ui.CompilationUnitEditor" StartDate="2014-09-16 16:33:03.355 JST" StructureHandle="/SL3/src/sl/listeners" StructureKind="resource" NumEvents="118" CreationCount="106"/><InteractionEvent Delta="null" EndDate="2014-09-16 16:56:39.955 JST" Interest="7.138" Kind="propagation" Navigation="org.eclipse.mylyn.core.model.edges.containment" OriginId="org.eclipse.mylyn.core.model.interest.propagation" StartDate="2014-09-16 16:45:26.27 JST" StructureHandle="=ShoppingList/src&amp;lt;sl.utils{Methods_dlg.java[Methods_dlg" StructureKind="java" NumEvents="9" CreationCount="445"/><InteractionEvent Delta="null" EndDate="2014-09-16 16:34:32.802 JST" Interest="1.0" Kind="propagation" Navigation="null" OriginId="org.eclipse.jdt.ui.PackageExplorer" StartDate="2014-09-16 16:34:32.802 JST" StructureHandle="/SL3/src/sl/main/ItemListActv.java" StructureKind="resource"/><InteractionEvent Delta="null" EndDate="2014-09-16 16:56:34.378 JST" Interest="5.6580005" Kind="propagation" Navigation="org.eclipse.mylyn.core.model.edges.containment" OriginId="org.eclipse.mylyn.core.model.interest.propagation" StartDate="2014-09-16 16:45:33.294 JST" StructureHandle="=ShoppingList/src&amp;lt;sl.main{TabActv.java[TabActv" StructureKind="java" NumEvents="7" CreationCount="451"/><InteractionEvent Delta="null" EndDate="2014-09-16 16:45:16.826 JST" Interest="1.0" Kind="propagation" Navigation="null" OriginId="org.eclipse.ui.views.ResourceNavigator" StartDate="2014-09-16 16:45:16.826 JST" StructureHandle="/ShoppingList/src/sl/tasks" StructureKind="resource"/><InteractionEvent Delta="null" EndDate="2014-09-16 16:33:03.354 JST" Interest="1.0" Kind="prediction" Navigation="null" OriginId="org.eclipse.mylyn.resources.ui.interest.updater" StartDate="2014-09-16 16:33:03.354 JST" StructureHandle="=SL3/src&amp;lt;sl.listeners.dialog{DialogButtonOnTouchListener.java" StructureKind="java"/><InteractionEvent Delta="null" EndDate="2014-09-16 16:45:08.483 JST" Interest="1.0" Kind="propagation" Navigation="null" OriginId="org.eclipse.ui.views.ResourceNavigator" StartDate="2014-09-16 16:45:08.483 JST" StructureHandle="/TA2" StructureKind="resource"/><InteractionEvent Delta="null" EndDate="2014-09-16 16:34:35.911 JST" Interest="4.0" Kind="selection" Navigation="null" OriginId="org.eclipse.jdt.ui.PackageExplorer" StartDate="2014-09-16 16:34:35.909 JST" StructureHandle="/SL3/res" StructureKind="resource" NumEvents="4" CreationCount="120"/><InteractionEvent Delta="null" EndDate="2014-09-16 16:56:32.670 JST" Interest="38.606" Kind="propagation" Navigation="org.eclipse.mylyn.core.model.edges.containment" OriginId="org.eclipse.mylyn.core.model.interest.propagation" StartDate="2014-09-16 16:34:38.640 JST" StructureHandle="/SL3/res" StructureKind="resource" NumEvents="56" CreationCount="120"/><InteractionEvent Delta="null" EndDate="2014-09-16 16:33:03.355 JST" Interest="1.0" Kind="propagation" Navigation="org.eclipse.mylyn.core.model.edges.containment" OriginId="org.eclipse.mylyn.core.model.interest.propagation" StartDate="2014-09-16 16:33:03.355 JST" StructureHandle="=SL3/src&amp;lt;sl.listeners.dialog" StructureKind="java"/><InteractionEvent Delta="null" EndDate="2014-09-16 20:59:09.980 JST" Interest="628.034" Kind="propagation" Navigation="null" OriginId="org.eclipse.jdt.ui.CompilationUnitEditor" StartDate="2014-09-16 16:30:18.97 JST" StructureHandle="/SL3/src" StructureKind="resource" NumEvents="630" CreationCount="9"/><InteractionEvent Delta="null" EndDate="2014-09-16 16:44:43.149 JST" Interest="139.0" Kind="propagation" Navigation="null" OriginId="org.eclipse.jdt.ui.CompilationUnitEditor" StartDate="2014-09-16 16:30:33.279 JST" StructureHandle="/SL3/src/sl/main/TabActv.java" StructureKind="resource" NumEvents="139" CreationCount="11"/><InteractionEvent Delta="null" EndDate="2014-09-16 16:27:43.774 JST" Interest="4.0" Kind="selection" Navigation="null" OriginId="org.eclipse.jdt.ui.PackageExplorer" StartDate="2014-09-16 16:27:43.772 JST" StructureHandle="/SL3/libs" StructureKind="resource" NumEvents="4" CreationCount="5"/><InteractionEvent Delta="null" EndDate="2014-09-16 16:58:30.936 JST" Interest="7.0" Kind="prediction" Navigation="null" OriginId="org.eclipse.mylyn.resources.ui.interest.updater" StartDate="2014-09-16 16:37:48.83 JST" StructureHandle="/SL3/bin/SL3.apk" StructureKind="resource" NumEvents="7" CreationCount="244"/><InteractionEvent Delta="null" EndDate="2014-09-16 16:40:34.768 JST" Interest="53.0" Kind="edit" Navigation="null" OriginId="org.eclipse.jdt.ui.CompilationUnitEditor" StartDate="2014-09-16 16:35:20.717 JST" StructureHandle="=SL3/src&amp;lt;sl.listeners{TCL.java[TCL~_onTabChanged__ChangeItems__ToSecond" StructureKind="java" NumEvents="53" CreationCount="150"/><InteractionEvent Delta="null" EndDate="2014-09-16 16:40:09.872 JST" Interest="3.0" Kind="selection" Navigation="null" OriginId="org.eclipse.jdt.ui.CompilationUnitEditor" StartDate="2014-09-16 16:35:20.647 JST" StructureHandle="=SL3/src&amp;lt;sl.listeners{TCL.java[TCL~_onTabChanged__ChangeItems__ToSecond" StructureKind="java" NumEvents="3" CreationCount="150"/><InteractionEvent Delta="null" EndDate="2014-09-16 20:59:09.980 JST" Interest="368.816" Kind="propagation" Navigation="org.eclipse.mylyn.core.model.edges.containment" OriginId="org.eclipse.mylyn.core.model.interest.propagation" StartDate="2014-09-16 16:30:30.586 JST" StructureHandle="/SL3/src/sl" StructureKind="resource" NumEvents="377" CreationCount="10"/><InteractionEvent Delta="null" EndDate="2014-09-16 16:56:39.955 JST" Interest="31.068" Kind="propagation" Navigation="null" OriginId="org.eclipse.jdt.ui.CompilationUnitEditor" StartDate="2014-09-16 16:45:14.749 JST" StructureHandle="/ShoppingList/src" StructureKind="resource" NumEvents="35" CreationCount="438"/><InteractionEvent Delta="null" EndDate="2014-09-16 16:44:07.763 JST" Interest="11.0" Kind="selection" Navigation="null" OriginId="org.eclipse.jdt.ui.CompilationUnitEditor" StartDate="2014-09-16 16:30:33.279 JST" StructureHandle="=SL3/src&amp;lt;sl.main{TabActv.java" StructureKind="java" NumEvents="11" CreationCount="11"/><InteractionEvent Delta="null" EndDate="2014-09-16 16:44:43.149 JST" Interest="70.15099" Kind="propagation" Navigation="org.eclipse.mylyn.core.model.edges.containment" OriginId="org.eclipse.mylyn.core.model.interest.propagation" StartDate="2014-09-16 16:30:38.419 JST" StructureHandle="=SL3/src&amp;lt;sl.main{TabActv.java" StructureKind="java" NumEvents="99" CreationCount="11"/><InteractionEvent Delta="null" EndDate="2014-09-16 16:45:17.175 JST" Interest="1.0" Kind="selection" Navigation="null" OriginId="org.eclipse.ui.views.ResourceNavigator" StartDate="2014-09-16 16:45:17.175 JST" StructureHandle="=ShoppingList/src&amp;lt;sl.utils" StructureKind="java"/><InteractionEvent Delta="null" EndDate="2014-09-16 16:56:39.760 JST" Interest="6.2060003" Kind="propagation" Navigation="org.eclipse.mylyn.core.model.edges.containment" OriginId="org.eclipse.mylyn.core.model.interest.propagation" StartDate="2014-09-16 16:45:18.792 JST" StructureHandle="=ShoppingList/src&amp;lt;sl.utils" StructureKind="java" NumEvents="10" CreationCount="441"/><InteractionEvent Delta="null" EndDate="2014-09-16 16:53:45.392 JST" Interest="15.0" Kind="propagation" Navigation="null" OriginId="org.eclipse.jdt.ui.CompilationUnitEditor" StartDate="2014-09-16 16:33:03.356 JST" StructureHandle="/SL3/src/sl/utils/Tags.java" StructureKind="resource" NumEvents="15" CreationCount="106"/><InteractionEvent Delta="null" EndDate="2014-09-16 16:53:17.296 JST" Interest="8.282001" Kind="manipulation" Navigation="null" OriginId="org.eclipse.mylyn.core.model.interest.decay.correction" StartDate="2014-09-16 16:53:17.296 JST" StructureHandle="/SL3/src/sl/utils/Tags.java" StructureKind="resource"/><InteractionEvent Delta="null" EndDate="2014-09-16 16:56:39.759 JST" Interest="5.0" Kind="selection" Navigation="null" OriginId="org.eclipse.jdt.ui.CompilationUnitEditor" StartDate="2014-09-16 16:45:18.791 JST" StructureHandle="=ShoppingList/src&amp;lt;sl.utils{Methods_dlg.java" StructureKind="java" NumEvents="5" CreationCount="442"/><InteractionEvent Delta="null" EndDate="2014-09-16 16:46:06.595 JST" Interest="2.1890001" Kind="propagation" Navigation="org.eclipse.mylyn.core.model.edges.containment" OriginId="org.eclipse.mylyn.core.model.interest.propagation" StartDate="2014-09-16 16:46:01.788 JST" StructureHandle="=ShoppingList/src&amp;lt;sl.utils{Methods_dlg.java" StructureKind="java" NumEvents="4" CreationCount="442"/><InteractionEvent Delta="null" EndDate="2014-09-16 16:33:03.357 JST" Interest="1.0" Kind="propagation" Navigation="null" OriginId="org.eclipse.mylyn.resources.ui.interest.updater" StartDate="2014-09-16 16:33:03.357 JST" StructureHandle="/SL3/src/sl/listeners/dialog/DB_OTL.java" StructureKind="resource"/><InteractionEvent Delta="null" EndDate="2014-09-16 16:56:44.503 JST" Interest="3.0" Kind="prediction" Navigation="null" OriginId="org.eclipse.mylyn.resources.ui.interest.updater" StartDate="2014-09-16 16:37:48.83 JST" StructureHandle="/SL3/bin/resources.ap_" StructureKind="resource" NumEvents="3" CreationCount="244"/><InteractionEvent Delta="null" EndDate="2014-09-16 16:36:17.405 JST" Interest="1.0" Kind="selection" Navigation="null" OriginId="org.eclipse.jdt.ui.PackageExplorer" StartDate="2014-09-16 16:36:17.405 JST" StructureHandle="=SL3/src&amp;lt;sl.main{DBActv.java" StructureKind="java"/><InteractionEvent Delta="null" EndDate="2014-09-16 16:53:45.391 JST" Interest="2.0" Kind="selection" Navigation="null" OriginId="org.eclipse.jdt.ui.CompilationUnitEditor" StartDate="2014-09-16 16:53:18.28 JST" StructureHandle="=SL3/src&amp;lt;sl.utils{Tags.java[Tags[DialogTags^ACTV_TAB_OPT_DB" StructureKind="java" NumEvents="2" CreationCount="653"/><InteractionEvent Delta="null" EndDate="2014-09-16 16:45:31.771 JST" Interest="1.0" Kind="selection" Navigation="null" OriginId="org.eclipse.ui.views.ContentOutline" StartDate="2014-09-16 16:45:31.771 JST" StructureHandle="=ShoppingList/src&amp;lt;sl.main{TabActv.java%sl.main" StructureKind="java"/><InteractionEvent Delta="null" EndDate="2014-09-16 16:44:03.122 JST" Interest="43.0" Kind="edit" Navigation="null" OriginId="org.eclipse.jdt.ui.CompilationUnitEditor" StartDate="2014-09-16 16:40:42.466 JST" StructureHandle="=SL3/src&amp;lt;sl.listeners{TCL.java[TCL~onTabChanged~QString;" StructureKind="java" NumEvents="43" CreationCount="301"/><InteractionEvent Delta="null" EndDate="2014-09-16 16:40:42.461 JST" Interest="1.0" Kind="selection" Navigation="null" OriginId="org.eclipse.jdt.ui.CompilationUnitEditor" StartDate="2014-09-16 16:40:42.461 JST" StructureHandle="=SL3/src&amp;lt;sl.listeners{TCL.java[TCL~onTabChanged~QString;" StructureKind="java"/><InteractionEvent Delta="null" EndDate="2014-09-16 16:44:43.149 JST" Interest="93.0" Kind="edit" Navigation="null" OriginId="org.eclipse.jdt.ui.CompilationUnitEditor" StartDate="2014-09-16 16:30:37.925 JST" StructureHandle="=SL3/src&amp;lt;sl.main{TabActv.java[TabActv~onOptionsItemSelected~QMenuItem;" StructureKind="java" NumEvents="93" CreationCount="14"/><InteractionEvent Delta="null" EndDate="2014-09-16 16:44:13.38 JST" Interest="16.0" Kind="selection" Navigation="null" OriginId="org.eclipse.jdt.ui.CompilationUnitEditor" StartDate="2014-09-16 16:30:37.837 JST" StructureHandle="=SL3/src&amp;lt;sl.main{TabActv.java[TabActv~onOptionsItemSelected~QMenuItem;" StructureKind="java" NumEvents="16" CreationCount="14"/><InteractionEvent Delta="null" EndDate="2014-09-16 16:36:17.405 JST" Interest="1.0" Kind="propagation" Navigation="null" OriginId="org.eclipse.jdt.ui.PackageExplorer" StartDate="2014-09-16 16:36:17.405 JST" StructureHandle="/SL3/src/sl/main/DBActv.java" StructureKind="resource"/><InteractionEvent Delta="null" EndDate="2014-09-16 16:57:14.794 JST" Interest="1.0" Kind="edit" Navigation="null" OriginId="org.eclipse.jdt.ui.CompilationUnitEditor" StartDate="2014-09-16 16:57:14.794 JST" StructureHandle="=SL3/src&amp;lt;sl.utils{Methods_dlg.java[Methods_dlg~dlg_template_cancel~QActivity;~I~I~I~QDialogTags;" StructureKind="java"/><InteractionEvent Delta="null" EndDate="2014-09-16 16:57:07.961 JST" Interest="1.0" Kind="selection" Navigation="null" OriginId="org.eclipse.jdt.ui.CompilationUnitEditor" StartDate="2014-09-16 16:57:07.961 JST" StructureHandle="=SL3/src&amp;lt;sl.utils{Methods_dlg.java[Methods_dlg~dlg_template_cancel~QActivity;~I~I~I~QDialogTags;" StructureKind="java"/><InteractionEvent Delta="null" EndDate="2014-09-16 16:56:34.378 JST" Interest="13.017" Kind="propagation" Navigation="null" OriginId="org.eclipse.jdt.ui.CompilationUnitEditor" StartDate="2014-09-16 16:45:26.883 JST" StructureHandle="/ShoppingList/src/sl/main" StructureKind="resource" NumEvents="14" CreationCount="447"/><InteractionEvent Delta="null" EndDate="2014-09-16 16:53:43.615 JST" Interest="6.834" Kind="propagation" Navigation="org.eclipse.mylyn.core.model.edges.containment" OriginId="org.eclipse.mylyn.core.model.interest.propagation" StartDate="2014-09-16 16:53:18.29 JST" StructureHandle="=SL3/src&amp;lt;sl.utils{Tags.java[Tags" StructureKind="java" NumEvents="11" CreationCount="653"/><InteractionEvent Delta="null" EndDate="2014-09-16 16:45:26.883 JST" Interest="1.0" Kind="selection" Navigation="null" OriginId="org.eclipse.ui.views.ResourceNavigator" StartDate="2014-09-16 16:45:26.883 JST" StructureHandle="=ShoppingList/src&amp;lt;sl.main" StructureKind="java"/><InteractionEvent Delta="null" EndDate="2014-09-16 16:56:34.169 JST" Interest="5.5680003" Kind="propagation" Navigation="org.eclipse.mylyn.core.model.edges.containment" OriginId="org.eclipse.mylyn.core.model.interest.propagation" StartDate="2014-09-16 16:45:29.503 JST" StructureHandle="=ShoppingList/src&amp;lt;sl.main" StructureKind="java" NumEvents="9" CreationCount="447"/><InteractionEvent Delta="null" EndDate="2014-09-16 16:56:39.955 JST" Interest="37.0" Kind="propagation" Navigation="null" OriginId="org.eclipse.jdt.ui.CompilationUnitEditor" StartDate="2014-09-16 16:45:09.754 JST" StructureHandle="/ShoppingList" StructureKind="resource" NumEvents="37" CreationCount="436"/><InteractionEvent Delta="null" EndDate="2014-09-16 16:33:03.358 JST" Interest="1.0" Kind="propagation" Navigation="null" OriginId="org.eclipse.mylyn.resources.ui.interest.updater" StartDate="2014-09-16 16:33:03.358 JST" StructureHandle="/SL3/src/sl/listeners/dialog/DB_OCL.java" StructureKind="resource"/><InteractionEvent Delta="null" EndDate="2014-09-16 20:59:09.979 JST" Interest="216.0" Kind="edit" Navigation="null" OriginId="org.eclipse.jdt.ui.CompilationUnitEditor" StartDate="2014-09-16 16:44:50.353 JST" StructureHandle="=SL3/src&amp;lt;sl.utils{Methods_dlg.java[Methods_dlg~dlg_OptMenu_DB~QActivity;" StructureKind="java" NumEvents="216" CreationCount="423"/><InteractionEvent Delta="null" EndDate="2014-09-16 16:57:44.88 JST" Interest="21.0" Kind="selection" Navigation="null" OriginId="org.eclipse.jdt.ui.CompilationUnitEditor" StartDate="2014-09-16 16:44:48.783 JST" StructureHandle="=SL3/src&amp;lt;sl.utils{Methods_dlg.java[Methods_dlg~dlg_OptMenu_DB~QActivity;" StructureKind="java" NumEvents="21" CreationCount="423"/></InteractionHistory>