<?xml version="1.0" encoding="UTF-8"?><InteractionHistory Id="local-206" Version="1"><InteractionEvent Delta="null" EndDate="2014-11-11 10:58:35.997 JST" Interest="623.98303" Kind="propagation" Navigation="org.eclipse.mylyn.core.model.edges.containment" OriginId="org.eclipse.mylyn.core.model.interest.propagation" StartDate="2014-11-11 09:57:54.719 JST" StructureHandle="" StructureKind="java" NumEvents="627" CreationCount="1"/><InteractionEvent Delta="null" EndDate="2014-11-11 10:52:19.766 JST" Interest="5.0" Kind="selection" Navigation="null" OriginId="org.eclipse.jdt.ui.CompilationUnitEditor" StartDate="2014-11-11 10:02:06.308 JST" StructureHandle="=TA2/src&amp;lt;ta2.listeners.dialog{DB_OCL.java" StructureKind="java" NumEvents="5" CreationCount="4"/><InteractionEvent Delta="null" EndDate="2014-11-11 10:58:35.996 JST" Interest="92.517006" Kind="propagation" Navigation="org.eclipse.mylyn.core.model.edges.containment" OriginId="org.eclipse.mylyn.core.model.interest.propagation" StartDate="2014-11-11 10:02:07.629 JST" StructureHandle="=TA2/src&amp;lt;ta2.listeners.dialog{DB_OCL.java" StructureKind="java" NumEvents="134" CreationCount="4"/><InteractionEvent Delta="null" EndDate="2014-11-11 10:58:35.997 JST" Interest="625.0" Kind="propagation" Navigation="null" OriginId="org.eclipse.jdt.ui.CompilationUnitEditor" StartDate="2014-11-11 09:57:58.415 JST" StructureHandle="/TA2/src" StructureKind="resource" NumEvents="625" CreationCount="0"/><InteractionEvent Delta="null" EndDate="2014-11-11 10:52:00.252 JST" Interest="4.0" Kind="selection" Navigation="null" OriginId="org.eclipse.jdt.ui.CompilationUnitEditor" StartDate="2014-11-11 10:45:34.649 JST" StructureHandle="=TA2/src&amp;lt;ta2.utils{Methods.java[Methods~filter_MemoList_History~QActivity;~QDialog;~QFilterHistory;" StructureKind="java" NumEvents="4" CreationCount="490"/><InteractionEvent Delta="null" EndDate="2014-11-11 10:52:15.274 JST" Interest="6.0" Kind="edit" Navigation="null" OriginId="org.eclipse.jdt.ui.CompilationUnitEditor" StartDate="2014-11-11 10:45:52.167 JST" StructureHandle="=TA2/src&amp;lt;ta2.utils{Methods.java[Methods~filter_MemoList_History~QActivity;~QDialog;~QFilterHistory;" StructureKind="java" NumEvents="6" CreationCount="490"/><InteractionEvent Delta="null" EndDate="2014-11-11 10:58:35.995 JST" Interest="155.0" Kind="propagation" Navigation="null" OriginId="org.eclipse.jdt.ui.CompilationUnitEditor" StartDate="2014-11-11 10:02:06.309 JST" StructureHandle="/TA2/src/ta2/listeners/dialog/DB_OCL.java" StructureKind="resource" NumEvents="155" CreationCount="4"/><InteractionEvent Delta="null" EndDate="2014-11-11 10:05:44.885 JST" Interest="1.0" Kind="propagation" Navigation="null" OriginId="org.eclipse.mylyn.resources.ui.interest.updater" StartDate="2014-11-11 10:05:44.885 JST" StructureHandle="/TA2/res/layout/list_row_simple_2.xml" StructureKind="resource"/><InteractionEvent Delta="null" EndDate="2014-11-11 10:05:44.883 JST" Interest="1.0" Kind="propagation" Navigation="org.eclipse.mylyn.core.model.edges.containment" OriginId="org.eclipse.mylyn.core.model.interest.propagation" StartDate="2014-11-11 10:05:44.883 JST" StructureHandle="/TA2/res/layout" StructureKind="resource"/><InteractionEvent Delta="null" EndDate="2014-11-11 10:05:44.884 JST" Interest="1.0" Kind="propagation" Navigation="org.eclipse.mylyn.core.model.edges.containment" OriginId="org.eclipse.mylyn.core.model.interest.propagation" StartDate="2014-11-11 10:05:44.884 JST" StructureHandle="/TA2/res/values" StructureKind="resource"/><InteractionEvent Delta="null" EndDate="2014-11-11 10:58:35.996 JST" Interest="97.517006" Kind="propagation" Navigation="org.eclipse.mylyn.core.model.edges.containment" OriginId="org.eclipse.mylyn.core.model.interest.propagation" StartDate="2014-11-11 10:02:06.309 JST" StructureHandle="=TA2/src&amp;lt;ta2.listeners.dialog" StructureKind="java" NumEvents="141" CreationCount="4"/><InteractionEvent Delta="null" EndDate="2014-11-11 10:05:49.255 JST" Interest="2.0" Kind="selection" Navigation="null" OriginId="org.eclipse.jdt.ui.PackageExplorer" StartDate="2014-11-11 09:57:54.718 JST" StructureHandle="=TA2" StructureKind="java" NumEvents="2" CreationCount="1"/><InteractionEvent Delta="null" EndDate="2014-11-11 10:58:35.996 JST" Interest="621.98303" Kind="propagation" Navigation="org.eclipse.mylyn.core.model.edges.containment" OriginId="org.eclipse.mylyn.core.model.interest.propagation" StartDate="2014-11-11 09:57:58.415 JST" StructureHandle="=TA2" StructureKind="resource" NumEvents="625" CreationCount="1"/><InteractionEvent Delta="null" EndDate="2014-11-11 10:52:15.275 JST" Interest="464.0" Kind="propagation" Navigation="org.eclipse.mylyn.core.model.edges.containment" OriginId="org.eclipse.mylyn.core.model.interest.propagation" StartDate="2014-11-11 10:04:19.770 JST" StructureHandle="/TA2/src/ta2/utils" StructureKind="resource" NumEvents="464" CreationCount="26"/><InteractionEvent Delta="null" EndDate="2014-11-11 10:52:15.275 JST" Interest="464.37402" Kind="propagation" Navigation="org.eclipse.mylyn.core.model.edges.containment" OriginId="org.eclipse.mylyn.core.model.interest.propagation" StartDate="2014-11-11 10:02:06.309 JST" StructureHandle="/TA2/src/ta2" StructureKind="resource" NumEvents="465" CreationCount="4"/><InteractionEvent Delta="null" EndDate="2014-11-11 10:05:44.883 JST" Interest="1.0" Kind="prediction" Navigation="null" OriginId="org.eclipse.mylyn.resources.ui.interest.updater" StartDate="2014-11-11 10:05:44.883 JST" StructureHandle="/TA2/AndroidManifest.xml" StructureKind="resource"/><InteractionEvent Delta="null" EndDate="2014-11-11 10:54:22.513 JST" Interest="7.0" Kind="prediction" Navigation="null" OriginId="org.eclipse.mylyn.resources.ui.interest.updater" StartDate="2014-11-11 10:12:39.776 JST" StructureHandle="/TA2/bin/classes.dex" StructureKind="resource" NumEvents="7" CreationCount="162"/><InteractionEvent Delta="null" EndDate="2014-11-11 10:45:30.519 JST" Interest="14.0" Kind="selection" Navigation="null" OriginId="org.eclipse.jdt.ui.CompilationUnitEditor" StartDate="2014-11-11 10:04:20.590 JST" StructureHandle="=TA2/src&amp;lt;ta2.utils{Methods.java[Methods~filter_MemoList_Multiple_KW~QActivity;~I~\[QString;" StructureKind="java" NumEvents="14" CreationCount="28"/><InteractionEvent Delta="null" EndDate="2014-11-11 10:41:46.504 JST" Interest="162.0" Kind="edit" Navigation="null" OriginId="org.eclipse.jdt.ui.CompilationUnitEditor" StartDate="2014-11-11 10:04:21.541 JST" StructureHandle="=TA2/src&amp;lt;ta2.utils{Methods.java[Methods~filter_MemoList_Multiple_KW~QActivity;~I~\[QString;" StructureKind="java" NumEvents="162" CreationCount="28"/><InteractionEvent Delta="null" EndDate="2014-11-11 10:05:44.884 JST" Interest="1.0" Kind="propagation" Navigation="org.eclipse.mylyn.core.model.edges.containment" OriginId="org.eclipse.mylyn.core.model.interest.propagation" StartDate="2014-11-11 10:05:44.884 JST" StructureHandle="/TA2/res" StructureKind="resource"/><InteractionEvent Delta="null" EndDate="2014-11-11 10:51:54.901 JST" Interest="13.0" Kind="selection" Navigation="null" OriginId="org.eclipse.jdt.ui.CompilationUnitEditor" StartDate="2014-11-11 10:10:23.295 JST" StructureHandle="=TA2/src&amp;lt;ta2.utils{Methods.java[Methods~filter_MemoList_Multiple_KW~QActivity;~QString;~\[QString;" StructureKind="java" NumEvents="13" CreationCount="122"/><InteractionEvent Delta="null" EndDate="2014-11-11 10:46:13.509 JST" Interest="192.0" Kind="edit" Navigation="null" OriginId="org.eclipse.jdt.ui.CompilationUnitEditor" StartDate="2014-11-11 10:10:25.47 JST" StructureHandle="=TA2/src&amp;lt;ta2.utils{Methods.java[Methods~filter_MemoList_Multiple_KW~QActivity;~QString;~\[QString;" StructureKind="java" NumEvents="192" CreationCount="122"/><InteractionEvent Delta="null" EndDate="2014-11-11 10:06:21.756 JST" Interest="3.0" Kind="selection" Navigation="null" OriginId="org.eclipse.jdt.ui.CompilationUnitEditor" StartDate="2014-11-11 10:05:43.234 JST" StructureHandle="=TA2/src&amp;lt;ta2.utils{Methods.java[Methods~filter_MemoList_Single_KW~QActivity;~I~QEditText;" StructureKind="java" NumEvents="3" CreationCount="34"/><InteractionEvent Delta="null" EndDate="2014-11-11 10:06:11.358 JST" Interest="4.0" Kind="edit" Navigation="null" OriginId="org.eclipse.jdt.ui.CompilationUnitEditor" StartDate="2014-11-11 10:05:59.394 JST" StructureHandle="=TA2/src&amp;lt;ta2.utils{Methods.java[Methods~filter_MemoList_Single_KW~QActivity;~I~QEditText;" StructureKind="java" NumEvents="4" CreationCount="34"/><InteractionEvent Delta="null" EndDate="2014-11-11 10:58:35.995 JST" Interest="155.0" Kind="propagation" Navigation="org.eclipse.mylyn.core.model.edges.containment" OriginId="org.eclipse.mylyn.core.model.interest.propagation" StartDate="2014-11-11 10:02:06.309 JST" StructureHandle="/TA2/src/ta2/listeners" StructureKind="resource" NumEvents="155" CreationCount="4"/><InteractionEvent Delta="null" EndDate="2014-11-11 10:10:09.721 JST" Interest="1.0" Kind="selection" Navigation="null" OriginId="org.eclipse.jdt.ui.CompilationUnitEditor" StartDate="2014-11-11 10:10:09.721 JST" StructureHandle="=TA2/src&amp;lt;ta2.utils{Methods.java[Methods~import_DB~QActivity;~QDialog;~QDialog;~QDialog;" StructureKind="java"/><InteractionEvent Delta="null" EndDate="2014-11-11 10:10:13.394 JST" Interest="1.0" Kind="edit" Navigation="null" OriginId="org.eclipse.jdt.ui.CompilationUnitEditor" StartDate="2014-11-11 10:10:13.394 JST" StructureHandle="=TA2/src&amp;lt;ta2.utils{Methods.java[Methods~import_DB~QActivity;~QDialog;~QDialog;~QDialog;" StructureKind="java"/><InteractionEvent Delta="null" EndDate="2014-11-11 10:05:44.883 JST" Interest="1.0" Kind="prediction" Navigation="null" OriginId="org.eclipse.mylyn.resources.ui.interest.updater" StartDate="2014-11-11 10:05:44.883 JST" StructureHandle="/TA2/res/layout/list_row_filter_history.xml" StructureKind="resource"/><InteractionEvent Delta="null" EndDate="2014-11-11 10:05:44.883 JST" Interest="1.0" Kind="prediction" Navigation="null" OriginId="org.eclipse.mylyn.resources.ui.interest.updater" StartDate="2014-11-11 10:05:44.883 JST" StructureHandle="/TA2/res/values/styles.xml" StructureKind="resource"/><InteractionEvent Delta="null" EndDate="2014-11-11 10:54:22.513 JST" Interest="7.0" Kind="prediction" Navigation="null" OriginId="org.eclipse.mylyn.resources.ui.interest.updater" StartDate="2014-11-11 10:12:39.776 JST" StructureHandle="/TA2/bin/TA2.apk" StructureKind="resource" NumEvents="7" CreationCount="162"/><InteractionEvent Delta="null" EndDate="2014-11-11 10:05:44.885 JST" Interest="1.0" Kind="propagation" Navigation="null" OriginId="org.eclipse.mylyn.resources.ui.interest.updater" StartDate="2014-11-11 10:05:44.885 JST" StructureHandle="/TA2/res/layout/actv_log.xml" StructureKind="resource"/><InteractionEvent Delta="null" EndDate="2014-11-11 10:58:35.995 JST" Interest="155.0" Kind="propagation" Navigation="org.eclipse.mylyn.core.model.edges.containment" OriginId="org.eclipse.mylyn.core.model.interest.propagation" StartDate="2014-11-11 10:02:06.309 JST" StructureHandle="/TA2/src/ta2/listeners/dialog" StructureKind="resource" NumEvents="155" CreationCount="4"/><InteractionEvent Delta="null" EndDate="2014-11-11 10:51:54.809 JST" Interest="149.932" Kind="propagation" Navigation="org.eclipse.mylyn.core.model.edges.containment" OriginId="org.eclipse.mylyn.core.model.interest.propagation" StartDate="2014-11-11 10:04:19.770 JST" StructureHandle="=TA2/src&amp;lt;ta2.utils" StructureKind="java" NumEvents="217" CreationCount="26"/><InteractionEvent Delta="null" EndDate="2014-11-11 10:05:44.885 JST" Interest="1.0" Kind="propagation" Navigation="null" OriginId="org.eclipse.mylyn.resources.ui.interest.updater" StartDate="2014-11-11 10:05:44.885 JST" StructureHandle="/TA2/res/layout/actv_showlog.xml" StructureKind="resource"/><InteractionEvent Delta="null" EndDate="2014-11-11 10:58:35.997 JST" Interest="643.0" Kind="propagation" Navigation="null" OriginId="org.eclipse.jdt.ui.CompilationUnitEditor" StartDate="2014-11-11 09:57:54.718 JST" StructureHandle="/TA2" StructureKind="resource" NumEvents="643" CreationCount="1"/><InteractionEvent Delta="null" EndDate="2014-11-11 10:51:54.809 JST" Interest="7.0" Kind="selection" Navigation="null" OriginId="org.eclipse.jdt.ui.CompilationUnitEditor" StartDate="2014-11-11 10:04:19.770 JST" StructureHandle="=TA2/src&amp;lt;ta2.utils{Methods.java" StructureKind="java" NumEvents="7" CreationCount="26"/><InteractionEvent Delta="null" EndDate="2014-11-11 10:45:52.168 JST" Interest="142.932" Kind="propagation" Navigation="org.eclipse.mylyn.core.model.edges.containment" OriginId="org.eclipse.mylyn.core.model.interest.propagation" StartDate="2014-11-11 10:04:44.186 JST" StructureHandle="=TA2/src&amp;lt;ta2.utils{Methods.java" StructureKind="java" NumEvents="209" CreationCount="26"/><InteractionEvent Delta="null" EndDate="2014-11-11 10:52:29.787 JST" Interest="6.0" Kind="selection" Navigation="null" OriginId="org.eclipse.jdt.ui.CompilationUnitEditor" StartDate="2014-11-11 10:02:44.800 JST" StructureHandle="=TA2/src&amp;lt;ta2.listeners.dialog{DB_OCL.java[DB_OCL" StructureKind="java" NumEvents="6" CreationCount="5"/><InteractionEvent Delta="null" EndDate="2014-11-11 10:52:32.794 JST" Interest="1.0" Kind="edit" Navigation="null" OriginId="org.eclipse.jdt.ui.CompilationUnitEditor" StartDate="2014-11-11 10:52:32.794 JST" StructureHandle="=TA2/src&amp;lt;ta2.listeners.dialog{DB_OCL.java[DB_OCL" StructureKind="java"/><InteractionEvent Delta="null" EndDate="2014-11-11 10:58:35.995 JST" Interest="90.8" Kind="propagation" Navigation="org.eclipse.mylyn.core.model.edges.containment" OriginId="org.eclipse.mylyn.core.model.interest.propagation" StartDate="2014-11-11 10:02:07.628 JST" StructureHandle="=TA2/src&amp;lt;ta2.listeners.dialog{DB_OCL.java[DB_OCL" StructureKind="java" NumEvents="129" CreationCount="5"/><InteractionEvent Delta="null" EndDate="2014-11-11 10:05:44.885 JST" Interest="1.0" Kind="propagation" Navigation="null" OriginId="org.eclipse.mylyn.resources.ui.interest.updater" StartDate="2014-11-11 10:05:44.885 JST" StructureHandle="/TA2/res/layout/list_row_logitem.xml" StructureKind="resource"/><InteractionEvent Delta="null" EndDate="2014-11-11 10:58:35.997 JST" Interest="643.0" Kind="propagation" Navigation="org.eclipse.mylyn.core.model.edges.containment" OriginId="org.eclipse.mylyn.core.model.interest.propagation" StartDate="2014-11-11 09:57:54.719 JST" StructureHandle="/" StructureKind="resource" NumEvents="643" CreationCount="1"/><InteractionEvent Delta="null" EndDate="2014-11-11 10:51:51.407 JST" Interest="2.0" Kind="selection" Navigation="null" OriginId="org.eclipse.jdt.ui.CompilationUnitEditor" StartDate="2014-11-11 10:50:34.608 JST" StructureHandle="=TA2/src&amp;lt;ta2.listeners.dialog{DB_OCL.java[DB_OCL~_Filter_ShowList_Build_Conditions~QActivity;~QDialog;~QString;~\[QString;" StructureKind="java" NumEvents="2" CreationCount="584"/><InteractionEvent Delta="null" EndDate="2014-11-11 10:50:41.977 JST" Interest="2.0" Kind="edit" Navigation="null" OriginId="org.eclipse.jdt.ui.CompilationUnitEditor" StartDate="2014-11-11 10:50:35.969 JST" StructureHandle="=TA2/src&amp;lt;ta2.listeners.dialog{DB_OCL.java[DB_OCL~_Filter_ShowList_Build_Conditions~QActivity;~QDialog;~QString;~\[QString;" StructureKind="java" NumEvents="2" CreationCount="584"/><InteractionEvent Delta="null" EndDate="2014-11-11 10:29:17.10 JST" Interest="4.0" Kind="propagation" Navigation="org.eclipse.mylyn.core.model.edges.containment" OriginId="org.eclipse.mylyn.core.model.interest.propagation" StartDate="2014-11-11 10:12:39.776 JST" StructureHandle="/TA2/bin" StructureKind="resource" NumEvents="4" CreationCount="162"/><InteractionEvent Delta="null" EndDate="2014-11-11 10:05:57.675 JST" Interest="6.0" Kind="selection" Navigation="null" OriginId="org.eclipse.jdt.ui.PackageExplorer" StartDate="2014-11-11 09:57:58.415 JST" StructureHandle="=TA2/src" StructureKind="java" NumEvents="6" CreationCount="2"/><InteractionEvent Delta="null" EndDate="2014-11-11 10:51:54.809 JST" Interest="144.34001" Kind="propagation" Navigation="org.eclipse.mylyn.core.model.edges.containment" OriginId="org.eclipse.mylyn.core.model.interest.propagation" StartDate="2014-11-11 10:02:29.244 JST" StructureHandle="=TA2/src" StructureKind="java" NumEvents="215" CreationCount="2"/><InteractionEvent Delta="null" EndDate="2014-11-11 10:45:38.302 JST" Interest="16.0" Kind="selection" Navigation="null" OriginId="org.eclipse.jdt.ui.CompilationUnitEditor" StartDate="2014-11-11 10:04:47.254 JST" StructureHandle="=TA2/src&amp;lt;ta2.utils{Methods.java[Methods" StructureKind="java" NumEvents="16" CreationCount="28"/><InteractionEvent Delta="null" EndDate="2014-11-11 10:42:03.452 JST" Interest="1.0" Kind="edit" Navigation="null" OriginId="org.eclipse.jdt.ui.CompilationUnitEditor" StartDate="2014-11-11 10:42:03.452 JST" StructureHandle="=TA2/src&amp;lt;ta2.utils{Methods.java[Methods" StructureKind="java"/><InteractionEvent Delta="null" EndDate="2014-11-11 10:51:54.901 JST" Interest="132.298" Kind="propagation" Navigation="org.eclipse.mylyn.core.model.edges.containment" OriginId="org.eclipse.mylyn.core.model.interest.propagation" StartDate="2014-11-11 10:04:20.590 JST" StructureHandle="=TA2/src&amp;lt;ta2.utils{Methods.java[Methods" StructureKind="java" NumEvents="189" CreationCount="28"/><InteractionEvent Delta="null" EndDate="2014-11-11 10:02:13.739 JST" Interest="1.0" Kind="selection" Navigation="null" OriginId="org.eclipse.jdt.ui.CompilationUnitEditor" StartDate="2014-11-11 10:02:13.739 JST" StructureHandle="=TA2/src&amp;lt;ta2.listeners.dialog{DB_OCL.java[DB_OCL~case_DLG_FILTER_SHOWLIST_OK" StructureKind="java"/><InteractionEvent Delta="null" EndDate="2014-11-11 10:02:43.424 JST" Interest="3.0" Kind="edit" Navigation="null" OriginId="org.eclipse.jdt.ui.CompilationUnitEditor" StartDate="2014-11-11 10:02:18.104 JST" StructureHandle="=TA2/src&amp;lt;ta2.listeners.dialog{DB_OCL.java[DB_OCL~case_DLG_FILTER_SHOWLIST_OK" StructureKind="java" NumEvents="3" CreationCount="7"/><InteractionEvent Delta="null" EndDate="2014-11-11 10:34:12.668 JST" Interest="1.0" Kind="selection" Navigation="null" OriginId="org.eclipse.jdt.ui.CompilationUnitEditor" StartDate="2014-11-11 10:34:12.668 JST" StructureHandle="=TA2/src&amp;lt;ta2.utils{Methods.java[Methods~find_Memo_from_ListView~QActivity;~J" StructureKind="java"/><InteractionEvent Delta="null" EndDate="2014-11-11 10:40:29.217 JST" Interest="9.0" Kind="selection" Navigation="null" OriginId="org.eclipse.jdt.ui.CompilationUnitEditor" StartDate="2014-11-11 10:32:47.407 JST" StructureHandle="=TA2/src&amp;lt;ta2.utils{Methods.java[Methods~_filter_MemoList_Multiple_KW__AND~QActivity;~\[QString;" StructureKind="java" NumEvents="9" CreationCount="406"/><InteractionEvent Delta="null" EndDate="2014-11-11 10:41:15.826 JST" Interest="30.0" Kind="edit" Navigation="null" OriginId="org.eclipse.jdt.ui.CompilationUnitEditor" StartDate="2014-11-11 10:32:48.231 JST" StructureHandle="=TA2/src&amp;lt;ta2.utils{Methods.java[Methods~_filter_MemoList_Multiple_KW__AND~QActivity;~\[QString;" StructureKind="java" NumEvents="30" CreationCount="406"/><InteractionEvent Delta="null" EndDate="2014-11-11 10:12:39.776 JST" Interest="1.0" Kind="prediction" Navigation="null" OriginId="org.eclipse.mylyn.resources.ui.interest.updater" StartDate="2014-11-11 10:12:39.776 JST" StructureHandle="/TA2/bin/resources.ap_" StructureKind="resource"/><InteractionEvent Delta="null" EndDate="2014-11-11 10:52:15.275 JST" Interest="464.0" Kind="propagation" Navigation="null" OriginId="org.eclipse.jdt.ui.CompilationUnitEditor" StartDate="2014-11-11 10:04:19.770 JST" StructureHandle="/TA2/src/ta2/utils/Methods.java" StructureKind="resource" NumEvents="464" CreationCount="26"/><InteractionEvent Delta="null" EndDate="2014-11-11 10:52:33.668 JST" Interest="10.0" Kind="selection" Navigation="null" OriginId="org.eclipse.jdt.ui.CompilationUnitEditor" StartDate="2014-11-11 10:02:07.628 JST" StructureHandle="=TA2/src&amp;lt;ta2.listeners.dialog{DB_OCL.java[DB_OCL~case_DLG_FILTER_SHOWLIST_OK_2" StructureKind="java" NumEvents="10" CreationCount="5"/><InteractionEvent Delta="null" EndDate="2014-11-11 10:58:35.995 JST" Interest="125.0" Kind="edit" Navigation="null" OriginId="org.eclipse.jdt.ui.CompilationUnitEditor" StartDate="2014-11-11 10:02:08.746 JST" StructureHandle="=TA2/src&amp;lt;ta2.listeners.dialog{DB_OCL.java[DB_OCL~case_DLG_FILTER_SHOWLIST_OK_2" StructureKind="java" NumEvents="125" CreationCount="5"/></InteractionHistory>