<?xml version="1.0" encoding="UTF-8"?><InteractionHistory Id="local-182" Version="1"><InteractionEvent Delta="null" EndDate="2014-10-31 10:33:03.504 JST" Interest="2.0" Kind="propagation" Navigation="org.eclipse.mylyn.core.model.edges.containment" OriginId="org.eclipse.mylyn.core.model.interest.propagation" StartDate="2014-10-31 10:33:03.504 JST" StructureHandle="" StructureKind="java" NumEvents="2" CreationCount="1"/><InteractionEvent Delta="null" EndDate="2014-10-31 11:34:43.753 JST" Interest="1151.051" Kind="propagation" Navigation="org.eclipse.mylyn.core.model.edges.containment" OriginId="org.eclipse.mylyn.core.model.interest.propagation" StartDate="2014-10-31 10:33:05.631 JST" StructureHandle="=CutPlanner_A" StructureKind="resource" NumEvents="1155" CreationCount="3"/><InteractionEvent Delta="null" EndDate="2014-10-31 10:33:32.866 JST" Interest="1.0" Kind="selection" Navigation="null" OriginId="org.eclipse.jdt.ui.PackageExplorer" StartDate="2014-10-31 10:33:32.866 JST" StructureHandle="=CutPlanner_A/src&amp;lt;cp.views" StructureKind="java"/><InteractionEvent Delta="null" EndDate="2014-10-31 11:26:00.713 JST" Interest="69.809006" Kind="propagation" Navigation="org.eclipse.mylyn.core.model.edges.containment" OriginId="org.eclipse.mylyn.core.model.interest.propagation" StartDate="2014-10-31 10:36:14.837 JST" StructureHandle="=CutPlanner_A/src&amp;lt;cp.views" StructureKind="java" NumEvents="94" CreationCount="4"/><InteractionEvent Delta="null" EndDate="2014-10-31 10:53:26.34 JST" Interest="1.0" Kind="selection" Navigation="null" OriginId="org.eclipse.ui.views.ContentOutline" StartDate="2014-10-31 10:53:26.34 JST" StructureHandle="=CutPlanner_A/src&amp;lt;cp.main{MainActv.java%cp.main" StructureKind="java"/><InteractionEvent Delta="null" EndDate="2014-10-31 11:26:25.113 JST" Interest="243.0" Kind="edit" Navigation="null" OriginId="org.eclipse.jdt.ui.CompilationUnitEditor" StartDate="2014-10-31 10:34:56.185 JST" StructureHandle="=CutPlanner_A/src&amp;lt;cp.listeners.view{V_OTL.java[V_OTL~_case_ACTION_DOWN~F~F" StructureKind="java" NumEvents="243" CreationCount="63"/><InteractionEvent Delta="null" EndDate="2014-10-31 11:26:24.569 JST" Interest="16.0" Kind="selection" Navigation="null" OriginId="org.eclipse.jdt.ui.CompilationUnitEditor" StartDate="2014-10-31 10:34:56.181 JST" StructureHandle="=CutPlanner_A/src&amp;lt;cp.listeners.view{V_OTL.java[V_OTL~_case_ACTION_DOWN~F~F" StructureKind="java" NumEvents="16" CreationCount="63"/><InteractionEvent Delta="null" EndDate="2014-10-31 11:26:00.839 JST" Interest="164.666" Kind="propagation" Navigation="org.eclipse.mylyn.core.model.edges.containment" OriginId="org.eclipse.mylyn.core.model.interest.propagation" StartDate="2014-10-31 10:33:32.866 JST" StructureHandle="/CutPlanner_A/src/cp/views" StructureKind="resource" NumEvents="164" CreationCount="4"/><InteractionEvent Delta="null" EndDate="2014-10-31 10:52:42.518 JST" Interest="97.0" Kind="edit" Navigation="null" OriginId="org.eclipse.jdt.ui.CompilationUnitEditor" StartDate="2014-10-31 10:33:45.292 JST" StructureHandle="=CutPlanner_A/src&amp;lt;cp.listeners.view{V_OTL.java[V_OTL~onTouch~QView;~QMotionEvent;" StructureKind="java" NumEvents="97" CreationCount="9"/><InteractionEvent Delta="null" EndDate="2014-10-31 10:45:31.746 JST" Interest="3.0" Kind="selection" Navigation="null" OriginId="org.eclipse.jdt.ui.CompilationUnitEditor" StartDate="2014-10-31 10:33:45.183 JST" StructureHandle="=CutPlanner_A/src&amp;lt;cp.listeners.view{V_OTL.java[V_OTL~onTouch~QView;~QMotionEvent;" StructureKind="java" NumEvents="3" CreationCount="9"/><InteractionEvent Delta="null" EndDate="2014-10-31 11:34:43.752 JST" Interest="678.0" Kind="propagation" Navigation="null" OriginId="org.eclipse.jdt.ui.CompilationUnitEditor" StartDate="2014-10-31 10:33:36.961 JST" StructureHandle="/CutPlanner_A/src/cp/listeners/view/V_OTL.java" StructureKind="resource" NumEvents="678" CreationCount="6"/><InteractionEvent Delta="null" EndDate="2014-10-31 10:59:10.97 JST" Interest="2.0" Kind="selection" Navigation="null" OriginId="org.eclipse.jdt.ui.CompilationUnitEditor" StartDate="2014-10-31 10:59:03.765 JST" StructureHandle="=CutPlanner_A/src&amp;lt;cp.utils{CONS.java[CONS[Canvas^Cir_A_X" StructureKind="java" NumEvents="2" CreationCount="631"/><InteractionEvent Delta="null" EndDate="2014-10-31 11:26:21.959 JST" Interest="5.0" Kind="edit" Navigation="null" OriginId="org.eclipse.jdt.ui.CompilationUnitEditor" StartDate="2014-10-31 10:58:11.695 JST" StructureHandle="=CutPlanner_A/src&amp;lt;cp.listeners.view{V_OTL.java[V_OTL" StructureKind="java" NumEvents="5" CreationCount="8"/><InteractionEvent Delta="null" EndDate="2014-10-31 11:26:20.89 JST" Interest="10.0" Kind="selection" Navigation="null" OriginId="org.eclipse.jdt.ui.CompilationUnitEditor" StartDate="2014-10-31 10:58:11.691 JST" StructureHandle="=CutPlanner_A/src&amp;lt;cp.listeners.view{V_OTL.java[V_OTL" StructureKind="java" NumEvents="10" CreationCount="8"/><InteractionEvent Delta="null" EndDate="2014-10-31 11:34:43.752 JST" Interest="183.01901" Kind="propagation" Navigation="org.eclipse.mylyn.core.model.edges.containment" OriginId="org.eclipse.mylyn.core.model.interest.propagation" StartDate="2014-10-31 10:33:44.695 JST" StructureHandle="=CutPlanner_A/src&amp;lt;cp.listeners.view{V_OTL.java[V_OTL" StructureKind="java" NumEvents="262" CreationCount="8"/><InteractionEvent Delta="null" EndDate="2014-10-31 10:54:41.176 JST" Interest="12.0" Kind="edit" Navigation="null" OriginId="org.eclipse.jdt.ui.CompilationUnitEditor" StartDate="2014-10-31 10:53:27.242 JST" StructureHandle="=CutPlanner_A/src&amp;lt;cp.main{MainActv.java[MainActv~onStart" StructureKind="java" NumEvents="12" CreationCount="345"/><InteractionEvent Delta="null" EndDate="2014-10-31 10:54:37.797 JST" Interest="3.0" Kind="selection" Navigation="null" OriginId="org.eclipse.jdt.ui.CompilationUnitEditor" StartDate="2014-10-31 10:53:27.169 JST" StructureHandle="=CutPlanner_A/src&amp;lt;cp.main{MainActv.java[MainActv~onStart" StructureKind="java" NumEvents="3" CreationCount="345"/><InteractionEvent Delta="null" EndDate="2014-10-31 11:04:30.553 JST" Interest="29.699999" Kind="propagation" Navigation="org.eclipse.mylyn.core.model.edges.containment" OriginId="org.eclipse.mylyn.core.model.interest.propagation" StartDate="2014-10-31 11:02:08.215 JST" StructureHandle="=CutPlanner_A/src&amp;lt;cp.utils{Methods.java[Methods" StructureKind="java" NumEvents="42" CreationCount="795"/><InteractionEvent Delta="null" EndDate="2014-10-31 11:25:56.871 JST" Interest="9.0" Kind="selection" Navigation="null" OriginId="org.eclipse.jdt.ui.CompilationUnitEditor" StartDate="2014-10-31 10:56:11.733 JST" StructureHandle="=CutPlanner_A/src&amp;lt;cp.utils{CONS.java" StructureKind="java" NumEvents="9" CreationCount="502"/><InteractionEvent Delta="null" EndDate="2014-10-31 10:59:15.366 JST" Interest="8.817" Kind="propagation" Navigation="org.eclipse.mylyn.core.model.edges.containment" OriginId="org.eclipse.mylyn.core.model.interest.propagation" StartDate="2014-10-31 10:56:12.431 JST" StructureHandle="=CutPlanner_A/src&amp;lt;cp.utils{CONS.java" StructureKind="java" NumEvents="13" CreationCount="502"/><InteractionEvent Delta="null" EndDate="2014-10-31 11:26:00.713 JST" Interest="31.0" Kind="selection" Navigation="null" OriginId="org.eclipse.jdt.ui.CompilationUnitEditor" StartDate="2014-10-31 10:36:14.837 JST" StructureHandle="=CutPlanner_A/src&amp;lt;cp.views{CV.java" StructureKind="java" NumEvents="31" CreationCount="102"/><InteractionEvent Delta="null" EndDate="2014-10-31 11:01:42.303 JST" Interest="38.143005" Kind="propagation" Navigation="org.eclipse.mylyn.core.model.edges.containment" OriginId="org.eclipse.mylyn.core.model.interest.propagation" StartDate="2014-10-31 10:36:16.136 JST" StructureHandle="=CutPlanner_A/src&amp;lt;cp.views{CV.java" StructureKind="java" NumEvents="59" CreationCount="102"/><InteractionEvent Delta="null" EndDate="2014-10-31 11:01:36.558 JST" Interest="56.0" Kind="edit" Navigation="null" OriginId="org.eclipse.jdt.ui.CompilationUnitEditor" StartDate="2014-10-31 10:40:16.63 JST" StructureHandle="=CutPlanner_A/src&amp;lt;cp.views{CV.java[CV~draw_Circle_A~QActivity;~I~I" StructureKind="java" NumEvents="56" CreationCount="216"/><InteractionEvent Delta="null" EndDate="2014-10-31 11:26:00.838 JST" Interest="26.0" Kind="selection" Navigation="null" OriginId="org.eclipse.jdt.ui.CompilationUnitEditor" StartDate="2014-10-31 10:40:16.61 JST" StructureHandle="=CutPlanner_A/src&amp;lt;cp.views{CV.java[CV~draw_Circle_A~QActivity;~I~I" StructureKind="java" NumEvents="26" CreationCount="216"/><InteractionEvent Delta="null" EndDate="2014-10-31 10:56:01.478 JST" Interest="0.0050001144" Kind="manipulation" Navigation="null" OriginId="org.eclipse.mylyn.core.model.interest.decay.correction" StartDate="2014-10-31 10:56:01.478 JST" StructureHandle="=CutPlanner_A/src&amp;lt;cp.views{CV.java[CV~draw_Circle_A~QActivity;~I~I" StructureKind="java"/><InteractionEvent Delta="null" EndDate="2014-10-31 10:54:23.872 JST" Interest="1.0" Kind="edit" Navigation="null" OriginId="org.eclipse.jdt.ui.CompilationUnitEditor" StartDate="2014-10-31 10:54:23.872 JST" StructureHandle="=CutPlanner_A/src&amp;lt;cp.main{MainActv.java[MainActv" StructureKind="java"/><InteractionEvent Delta="null" EndDate="2014-10-31 10:54:23.868 JST" Interest="1.0" Kind="selection" Navigation="null" OriginId="org.eclipse.jdt.ui.CompilationUnitEditor" StartDate="2014-10-31 10:54:23.868 JST" StructureHandle="=CutPlanner_A/src&amp;lt;cp.main{MainActv.java[MainActv" StructureKind="java"/><InteractionEvent Delta="null" EndDate="2014-10-31 11:25:21.814 JST" Interest="117.767" Kind="propagation" Navigation="org.eclipse.mylyn.core.model.edges.containment" OriginId="org.eclipse.mylyn.core.model.interest.propagation" StartDate="2014-10-31 10:53:27.169 JST" StructureHandle="=CutPlanner_A/src&amp;lt;cp.main{MainActv.java[MainActv" StructureKind="java" NumEvents="163" CreationCount="345"/><InteractionEvent Delta="null" EndDate="2014-10-31 11:26:00.839 JST" Interest="67.12599" Kind="propagation" Navigation="org.eclipse.mylyn.core.model.edges.containment" OriginId="org.eclipse.mylyn.core.model.interest.propagation" StartDate="2014-10-31 10:36:16.135 JST" StructureHandle="=CutPlanner_A/src&amp;lt;cp.views{CV.java[CV" StructureKind="java" NumEvents="85" CreationCount="103"/><InteractionEvent Delta="null" EndDate="2014-10-31 10:53:51.816 JST" Interest="3.0" Kind="edit" Navigation="null" OriginId="org.eclipse.jdt.ui.CompilationUnitEditor" StartDate="2014-10-31 10:53:51.807 JST" StructureHandle="=CutPlanner_A/src&amp;lt;cp.listeners.view{V_OTL.java[V_OTL~V_OTL~QActivity;" StructureKind="java" NumEvents="3" CreationCount="369"/><InteractionEvent Delta="null" EndDate="2014-10-31 10:53:51.325 JST" Interest="3.0" Kind="selection" Navigation="null" OriginId="org.eclipse.jdt.ui.CompilationUnitEditor" StartDate="2014-10-31 10:53:51.230 JST" StructureHandle="=CutPlanner_A/src&amp;lt;cp.listeners.view{V_OTL.java[V_OTL~V_OTL~QActivity;" StructureKind="java" NumEvents="3" CreationCount="369"/><InteractionEvent Delta="null" EndDate="2014-10-31 10:54:01.673 JST" Interest="6.0" Kind="edit" Navigation="null" OriginId="org.eclipse.jdt.ui.CompilationUnitEditor" StartDate="2014-10-31 10:53:42.526 JST" StructureHandle="=CutPlanner_A/src&amp;lt;cp.views{CV.java[CV~CV~QContext;~QAttributeSet;" StructureKind="java" NumEvents="6" CreationCount="356"/><InteractionEvent Delta="null" EndDate="2014-10-31 10:53:55.553 JST" Interest="4.0" Kind="selection" Navigation="null" OriginId="org.eclipse.jdt.ui.CompilationUnitEditor" StartDate="2014-10-31 10:53:41.961 JST" StructureHandle="=CutPlanner_A/src&amp;lt;cp.views{CV.java[CV~CV~QContext;~QAttributeSet;" StructureKind="java" NumEvents="4" CreationCount="356"/><InteractionEvent Delta="null" EndDate="2014-10-31 10:53:52.579 JST" Interest="2.0" Kind="edit" Navigation="null" OriginId="org.eclipse.jdt.ui.CompilationUnitEditor" StartDate="2014-10-31 10:53:52.575 JST" StructureHandle="=CutPlanner_A/src&amp;lt;cp.listeners.view{V_OTL.java[V_OTL~V_OTL~QActivity;~QCV;" StructureKind="java" NumEvents="2" CreationCount="8"/><InteractionEvent Delta="null" EndDate="2014-10-31 10:58:08.419 JST" Interest="3.0" Kind="selection" Navigation="null" OriginId="org.eclipse.jdt.ui.CompilationUnitEditor" StartDate="2014-10-31 10:33:44.695 JST" StructureHandle="=CutPlanner_A/src&amp;lt;cp.listeners.view{V_OTL.java[V_OTL~V_OTL~QActivity;~QCV;" StructureKind="java" NumEvents="3" CreationCount="8"/><InteractionEvent Delta="null" EndDate="2014-10-31 10:58:08.419 JST" Interest="6.545001" Kind="manipulation" Navigation="null" OriginId="org.eclipse.mylyn.core.model.interest.decay.correction" StartDate="2014-10-31 10:53:52.567 JST" StructureHandle="=CutPlanner_A/src&amp;lt;cp.listeners.view{V_OTL.java[V_OTL~V_OTL~QActivity;~QCV;" StructureKind="java" NumEvents="2" CreationCount="8"/><InteractionEvent Delta="null" EndDate="2014-10-31 11:34:43.753 JST" Interest="1151.085" Kind="propagation" Navigation="org.eclipse.mylyn.core.model.edges.containment" OriginId="org.eclipse.mylyn.core.model.interest.propagation" StartDate="2014-10-31 10:33:03.503 JST" StructureHandle="/" StructureKind="resource" NumEvents="1155" CreationCount="1"/><InteractionEvent Delta="null" EndDate="2014-10-31 11:07:08.226 JST" Interest="2.0" Kind="edit" Navigation="null" OriginId="org.eclipse.jdt.ui.CompilationUnitEditor" StartDate="2014-10-31 11:06:59.802 JST" StructureHandle="=CutPlanner_A/src&amp;lt;cp.utils{CONS.java[CONS[Canvas^Cir_A_DOWN_X" StructureKind="java" NumEvents="2" CreationCount="852"/><InteractionEvent Delta="null" EndDate="2014-10-31 11:23:41.176 JST" Interest="4.0" Kind="selection" Navigation="null" OriginId="org.eclipse.jdt.ui.CompilationUnitEditor" StartDate="2014-10-31 11:06:56.479 JST" StructureHandle="=CutPlanner_A/src&amp;lt;cp.utils{CONS.java[CONS[Canvas^Cir_A_DOWN_X" StructureKind="java" NumEvents="4" CreationCount="852"/><InteractionEvent Delta="null" EndDate="2014-10-31 11:26:00.278 JST" Interest="4.0" Kind="selection" Navigation="null" OriginId="org.eclipse.jdt.ui.CompilationUnitEditor" StartDate="2014-10-31 10:59:16.862 JST" StructureHandle="=CutPlanner_A/src&amp;lt;cp.utils{CONS.java[CONS[Canvas^Cir_A_X_prev" StructureKind="java" NumEvents="4" CreationCount="640"/><InteractionEvent Delta="null" EndDate="2014-10-31 11:26:00.278 JST" Interest="4.922" Kind="manipulation" Navigation="null" OriginId="org.eclipse.mylyn.core.model.interest.decay.correction" StartDate="2014-10-31 11:06:48.210 JST" StructureHandle="=CutPlanner_A/src&amp;lt;cp.utils{CONS.java[CONS[Canvas^Cir_A_X_prev" StructureKind="java" NumEvents="2" CreationCount="640"/><InteractionEvent Delta="null" EndDate="2014-10-31 10:33:36.27 JST" Interest="1.0" Kind="selection" Navigation="null" OriginId="org.eclipse.jdt.ui.PackageExplorer" StartDate="2014-10-31 10:33:36.27 JST" StructureHandle="=CutPlanner_A/src&amp;lt;cp.listeners.view" StructureKind="java"/><InteractionEvent Delta="null" EndDate="2014-10-31 11:34:43.753 JST" Interest="195.57" Kind="propagation" Navigation="org.eclipse.mylyn.core.model.edges.containment" OriginId="org.eclipse.mylyn.core.model.interest.propagation" StartDate="2014-10-31 10:33:36.961 JST" StructureHandle="=CutPlanner_A/src&amp;lt;cp.listeners.view" StructureKind="java" NumEvents="291" CreationCount="5"/><InteractionEvent Delta="null" EndDate="2014-10-31 11:08:43.310 JST" Interest="4.0" Kind="selection" Navigation="null" OriginId="org.eclipse.jdt.ui.CompilationUnitEditor" StartDate="2014-10-31 11:07:09.614 JST" StructureHandle="=CutPlanner_A/src&amp;lt;cp.utils{CONS.java[CONS[Canvas^Cir_A_DOWN_Y" StructureKind="java" NumEvents="4" CreationCount="858"/><InteractionEvent Delta="null" EndDate="2014-10-31 11:04:30.553 JST" Interest="41.0" Kind="edit" Navigation="null" OriginId="org.eclipse.jdt.ui.CompilationUnitEditor" StartDate="2014-10-31 11:02:09.531 JST" StructureHandle="=CutPlanner_A/src&amp;lt;cp.utils{Methods.java[Methods~get_CircleA_Change~QActivity;~F~F~F~F" StructureKind="java" NumEvents="41" CreationCount="795"/><InteractionEvent Delta="null" EndDate="2014-10-31 11:02:08.215 JST" Interest="1.0" Kind="selection" Navigation="null" OriginId="org.eclipse.jdt.ui.CompilationUnitEditor" StartDate="2014-10-31 11:02:08.215 JST" StructureHandle="=CutPlanner_A/src&amp;lt;cp.utils{Methods.java[Methods~get_CircleA_Change~QActivity;~F~F~F~F" StructureKind="java"/><InteractionEvent Delta="null" EndDate="2014-10-31 11:34:43.753 JST" Interest="678.034" Kind="propagation" Navigation="org.eclipse.mylyn.core.model.edges.containment" OriginId="org.eclipse.mylyn.core.model.interest.propagation" StartDate="2014-10-31 10:33:32.867 JST" StructureHandle="/CutPlanner_A/src/cp" StructureKind="resource" NumEvents="680" CreationCount="4"/><InteractionEvent Delta="null" EndDate="2014-10-31 10:55:55.8 JST" Interest="19.0" Kind="edit" Navigation="null" OriginId="org.eclipse.jdt.ui.CompilationUnitEditor" StartDate="2014-10-31 10:36:20.452 JST" StructureHandle="=CutPlanner_A/src&amp;lt;cp.views{CV.java[CV~onDraw~QCanvas;" StructureKind="java" NumEvents="19" CreationCount="105"/><InteractionEvent Delta="null" EndDate="2014-10-31 10:56:01.539 JST" Interest="9.0" Kind="selection" Navigation="null" OriginId="org.eclipse.jdt.ui.CompilationUnitEditor" StartDate="2014-10-31 10:36:19.759 JST" StructureHandle="=CutPlanner_A/src&amp;lt;cp.views{CV.java[CV~onDraw~QCanvas;" StructureKind="java" NumEvents="9" CreationCount="105"/><InteractionEvent Delta="null" EndDate="2014-10-31 10:56:20.432 JST" Interest="1.0" Kind="edit" Navigation="null" OriginId="org.eclipse.jdt.ui.CompilationUnitEditor" StartDate="2014-10-31 10:56:20.432 JST" StructureHandle="=CutPlanner_A/src&amp;lt;cp.utils{CONS.java[CONS[Canvas^Cir_A_Radius" StructureKind="java"/><InteractionEvent Delta="null" EndDate="2014-10-31 10:59:12.605 JST" Interest="4.0" Kind="selection" Navigation="null" OriginId="org.eclipse.jdt.ui.CompilationUnitEditor" StartDate="2014-10-31 10:56:12.429 JST" StructureHandle="=CutPlanner_A/src&amp;lt;cp.utils{CONS.java[CONS[Canvas^Cir_A_Radius" StructureKind="java" NumEvents="4" CreationCount="503"/><InteractionEvent Delta="null" EndDate="2014-10-31 11:04:30.554 JST" Interest="43.0" Kind="propagation" Navigation="null" OriginId="org.eclipse.jdt.ui.CompilationUnitEditor" StartDate="2014-10-31 11:02:07.394 JST" StructureHandle="/CutPlanner_A/src/cp/utils/Methods.java" StructureKind="resource" NumEvents="43" CreationCount="794"/><InteractionEvent Delta="null" EndDate="2014-10-31 10:36:19.963 JST" Interest="3.0" Kind="selection" Navigation="null" OriginId="org.eclipse.jdt.ui.CompilationUnitEditor" StartDate="2014-10-31 10:36:16.134 JST" StructureHandle="=CutPlanner_A/src&amp;lt;cp.views{CV.java[CV^points" StructureKind="java" NumEvents="3" CreationCount="103"/><InteractionEvent Delta="null" EndDate="2014-10-31 11:26:00.541 JST" Interest="124.501" Kind="propagation" Navigation="org.eclipse.mylyn.core.model.edges.containment" OriginId="org.eclipse.mylyn.core.model.interest.propagation" StartDate="2014-10-31 10:53:24.239 JST" StructureHandle="=CutPlanner_A/src&amp;lt;cp.main" StructureKind="java" NumEvents="174" CreationCount="343"/><InteractionEvent Delta="null" EndDate="2014-10-31 11:25:16.763 JST" Interest="2.0" Kind="selection" Navigation="null" OriginId="org.eclipse.jdt.ui.CompilationUnitEditor" StartDate="2014-10-31 11:24:03.511 JST" StructureHandle="=CutPlanner_A/src&amp;lt;cp.utils{CONS.java[CONS[Canvas^p1" StructureKind="java" NumEvents="2" CreationCount="1060"/><InteractionEvent Delta="null" EndDate="2014-10-31 10:44:17.459 JST" Interest="4.0" Kind="edit" Navigation="null" OriginId="org.eclipse.jdt.ui.CompilationUnitEditor" StartDate="2014-10-31 10:44:14.200 JST" StructureHandle="=CutPlanner_A/src&amp;lt;cp.views{CV.java[CV~draw_Boxes_B~QActivity;" StructureKind="java" NumEvents="4" CreationCount="222"/><InteractionEvent Delta="null" EndDate="2014-10-31 10:53:42.14 JST" Interest="5.0" Kind="selection" Navigation="null" OriginId="org.eclipse.jdt.ui.CompilationUnitEditor" StartDate="2014-10-31 10:44:14.177 JST" StructureHandle="=CutPlanner_A/src&amp;lt;cp.views{CV.java[CV~draw_Boxes_B~QActivity;" StructureKind="java" NumEvents="5" CreationCount="222"/><InteractionEvent Delta="null" EndDate="2014-10-31 11:06:45.935 JST" Interest="4.0" Kind="selection" Navigation="null" OriginId="org.eclipse.jdt.ui.CompilationUnitEditor" StartDate="2014-10-31 10:59:21.261 JST" StructureHandle="=CutPlanner_A/src&amp;lt;cp.utils{CONS.java[CONS[Canvas^Cir_A_Y_prev" StructureKind="java" NumEvents="4" CreationCount="642"/><InteractionEvent Delta="null" EndDate="2014-10-31 11:04:34.948 JST" Interest="1.3150003" Kind="manipulation" Navigation="null" OriginId="org.eclipse.mylyn.core.model.interest.decay.correction" StartDate="2014-10-31 11:01:37.293 JST" StructureHandle="=CutPlanner_A/src&amp;lt;cp.utils{CONS.java[CONS[Canvas^Cir_A_Y_prev" StructureKind="java" NumEvents="2" CreationCount="642"/><InteractionEvent Delta="null" EndDate="2014-10-31 11:26:00.541 JST" Interest="21.0" Kind="selection" Navigation="null" OriginId="org.eclipse.jdt.ui.CompilationUnitEditor" StartDate="2014-10-31 10:53:24.238 JST" StructureHandle="=CutPlanner_A/src&amp;lt;cp.main{MainActv.java" StructureKind="java" NumEvents="21" CreationCount="343"/><InteractionEvent Delta="null" EndDate="2014-10-31 11:01:45.480 JST" Interest="103.501" Kind="propagation" Navigation="org.eclipse.mylyn.core.model.edges.containment" OriginId="org.eclipse.mylyn.core.model.interest.propagation" StartDate="2014-10-31 10:53:26.35 JST" StructureHandle="=CutPlanner_A/src&amp;lt;cp.main{MainActv.java" StructureKind="java" NumEvents="152" CreationCount="343"/><InteractionEvent Delta="null" EndDate="2014-10-31 11:27:39.138 JST" Interest="8.0" Kind="prediction" Navigation="null" OriginId="org.eclipse.mylyn.resources.ui.interest.updater" StartDate="2014-10-31 10:35:11.184 JST" StructureHandle="/CutPlanner_A/bin/CutPlanner_A.apk" StructureKind="resource" NumEvents="8" CreationCount="79"/><InteractionEvent Delta="null" EndDate="2014-10-31 11:04:30.554 JST" Interest="34.681" Kind="propagation" Navigation="org.eclipse.mylyn.core.model.edges.containment" OriginId="org.eclipse.mylyn.core.model.interest.propagation" StartDate="2014-10-31 10:56:11.734 JST" StructureHandle="=CutPlanner_A/src&amp;lt;cp.utils" StructureKind="java" NumEvents="49" CreationCount="502"/><InteractionEvent Delta="null" EndDate="2014-10-31 11:02:07.393 JST" Interest="1.0" Kind="selection" Navigation="null" OriginId="org.eclipse.jdt.ui.CompilationUnitEditor" StartDate="2014-10-31 11:02:07.393 JST" StructureHandle="=CutPlanner_A/src&amp;lt;cp.utils{Methods.java" StructureKind="java"/><InteractionEvent Delta="null" EndDate="2014-10-31 11:04:30.554 JST" Interest="28.717" Kind="propagation" Navigation="org.eclipse.mylyn.core.model.edges.containment" OriginId="org.eclipse.mylyn.core.model.interest.propagation" StartDate="2014-10-31 11:02:08.215 JST" StructureHandle="=CutPlanner_A/src&amp;lt;cp.utils{Methods.java" StructureKind="java" NumEvents="42" CreationCount="794"/><InteractionEvent Delta="null" EndDate="2014-10-31 10:45:05.543 JST" Interest="4.0" Kind="propagation" Navigation="org.eclipse.mylyn.core.model.edges.containment" OriginId="org.eclipse.mylyn.core.model.interest.propagation" StartDate="2014-10-31 10:35:11.184 JST" StructureHandle="/CutPlanner_A/bin" StructureKind="resource" NumEvents="3" CreationCount="79"/><InteractionEvent Delta="null" EndDate="2014-10-31 10:33:05.630 JST" Interest="1.0" Kind="selection" Navigation="null" OriginId="org.eclipse.jdt.ui.PackageExplorer" StartDate="2014-10-31 10:33:05.630 JST" StructureHandle="=CutPlanner_A/src" StructureKind="java"/><InteractionEvent Delta="null" EndDate="2014-10-31 11:34:43.754 JST" Interest="195.604" Kind="propagation" Navigation="org.eclipse.mylyn.core.model.edges.containment" OriginId="org.eclipse.mylyn.core.model.interest.propagation" StartDate="2014-10-31 10:33:32.867 JST" StructureHandle="=CutPlanner_A/src" StructureKind="java" NumEvents="312" CreationCount="3"/><InteractionEvent Delta="null" EndDate="2014-10-31 11:34:43.754 JST" Interest="1152.051" Kind="propagation" Navigation="null" OriginId="org.eclipse.jdt.ui.CompilationUnitEditor" StartDate="2014-10-31 10:33:05.631 JST" StructureHandle="/CutPlanner_A/src" StructureKind="resource" NumEvents="1155" CreationCount="3"/><InteractionEvent Delta="null" EndDate="2014-10-31 11:01:45.479 JST" Interest="148.0" Kind="edit" Navigation="null" OriginId="org.eclipse.jdt.ui.CompilationUnitEditor" StartDate="2014-10-31 10:54:26.556 JST" StructureHandle="=CutPlanner_A/src&amp;lt;cp.main{MainActv.java[MainActv~_Setup" StructureKind="java" NumEvents="148" CreationCount="396"/><InteractionEvent Delta="null" EndDate="2014-10-31 11:25:21.814 JST" Interest="15.0" Kind="selection" Navigation="null" OriginId="org.eclipse.jdt.ui.CompilationUnitEditor" StartDate="2014-10-31 10:54:26.550 JST" StructureHandle="=CutPlanner_A/src&amp;lt;cp.main{MainActv.java[MainActv~_Setup" StructureKind="java" NumEvents="15" CreationCount="396"/><InteractionEvent Delta="null" EndDate="2014-10-31 11:34:43.752 JST" Interest="678.01697" Kind="propagation" Navigation="org.eclipse.mylyn.core.model.edges.containment" OriginId="org.eclipse.mylyn.core.model.interest.propagation" StartDate="2014-10-31 10:33:36.27 JST" StructureHandle="/CutPlanner_A/src/cp/listeners/view" StructureKind="resource" NumEvents="679" CreationCount="5"/><InteractionEvent Delta="null" EndDate="2014-10-31 10:59:15.364 JST" Interest="3.0" Kind="edit" Navigation="null" OriginId="org.eclipse.jdt.ui.CompilationUnitEditor" StartDate="2014-10-31 10:59:05.571 JST" StructureHandle="=CutPlanner_A/src&amp;lt;cp.utils{CONS.java[CONS[Canvas" StructureKind="java" NumEvents="3" CreationCount="503"/><InteractionEvent Delta="null" EndDate="2014-10-31 11:25:57.3 JST" Interest="11.0" Kind="selection" Navigation="null" OriginId="org.eclipse.jdt.ui.CompilationUnitEditor" StartDate="2014-10-31 10:56:13.972 JST" StructureHandle="=CutPlanner_A/src&amp;lt;cp.utils{CONS.java[CONS[Canvas" StructureKind="java" NumEvents="11" CreationCount="503"/><InteractionEvent Delta="null" EndDate="2014-10-31 10:56:20.432 JST" Interest="1.6999999" Kind="propagation" Navigation="org.eclipse.mylyn.core.model.edges.containment" OriginId="org.eclipse.mylyn.core.model.interest.propagation" StartDate="2014-10-31 10:56:12.429 JST" StructureHandle="=CutPlanner_A/src&amp;lt;cp.utils{CONS.java[CONS[Canvas" StructureKind="java" NumEvents="2" CreationCount="503"/><InteractionEvent Delta="null" EndDate="2014-10-31 10:33:41.120 JST" Interest="1.0" Kind="selection" Navigation="null" OriginId="org.eclipse.ui.views.ContentOutline" StartDate="2014-10-31 10:33:41.120 JST" StructureHandle="=CutPlanner_A/src&amp;lt;cp.listeners.view{V_OTL.java%cp.listeners.view" StructureKind="java"/><InteractionEvent Delta="null" EndDate="2014-10-31 11:24:02.314 JST" Interest="3.0" Kind="edit" Navigation="null" OriginId="org.eclipse.jdt.ui.CompilationUnitEditor" StartDate="2014-10-31 10:56:33.324 JST" StructureHandle="=CutPlanner_A/src&amp;lt;cp.utils{CONS.java[CONS[Canvas^Cir_A_Radius_dflt" StructureKind="java" NumEvents="3" CreationCount="508"/><InteractionEvent Delta="null" EndDate="2014-10-31 11:23:45.446 JST" Interest="2.0" Kind="selection" Navigation="null" OriginId="org.eclipse.jdt.ui.CompilationUnitEditor" StartDate="2014-10-31 10:56:23.994 JST" StructureHandle="=CutPlanner_A/src&amp;lt;cp.utils{CONS.java[CONS[Canvas^Cir_A_Radius_dflt" StructureKind="java" NumEvents="2" CreationCount="508"/><InteractionEvent Delta="null" EndDate="2014-10-31 11:23:45.446 JST" Interest="7.599001" Kind="manipulation" Navigation="null" OriginId="org.eclipse.mylyn.core.model.interest.decay.correction" StartDate="2014-10-31 11:23:45.446 JST" StructureHandle="=CutPlanner_A/src&amp;lt;cp.utils{CONS.java[CONS[Canvas^Cir_A_Radius_dflt" StructureKind="java"/><InteractionEvent Delta="null" EndDate="2014-10-31 11:25:57.3 JST" Interest="14.8" Kind="propagation" Navigation="org.eclipse.mylyn.core.model.edges.containment" OriginId="org.eclipse.mylyn.core.model.interest.propagation" StartDate="2014-10-31 10:56:12.430 JST" StructureHandle="=CutPlanner_A/src&amp;lt;cp.utils{CONS.java[CONS" StructureKind="java" NumEvents="17" CreationCount="503"/><InteractionEvent Delta="null" EndDate="2014-10-31 11:11:27.558 JST" Interest="4.0" Kind="edit" Navigation="null" OriginId="org.eclipse.jdt.ui.CompilationUnitEditor" StartDate="2014-10-31 10:34:21.912 JST" StructureHandle="=CutPlanner_A/src&amp;lt;cp.listeners.view{V_OTL.java[V_OTL~onTouchEvent~QMotionEvent;" StructureKind="java" NumEvents="4" CreationCount="37"/><InteractionEvent Delta="null" EndDate="2014-10-31 11:11:22.230 JST" Interest="2.0" Kind="selection" Navigation="null" OriginId="org.eclipse.jdt.ui.CompilationUnitEditor" StartDate="2014-10-31 10:34:21.910 JST" StructureHandle="=CutPlanner_A/src&amp;lt;cp.listeners.view{V_OTL.java[V_OTL~onTouchEvent~QMotionEvent;" StructureKind="java" NumEvents="2" CreationCount="37"/><InteractionEvent Delta="null" EndDate="2014-10-31 11:11:22.230 JST" Interest="13.855001" Kind="manipulation" Navigation="null" OriginId="org.eclipse.mylyn.core.model.interest.decay.correction" StartDate="2014-10-31 11:11:22.230 JST" StructureHandle="=CutPlanner_A/src&amp;lt;cp.listeners.view{V_OTL.java[V_OTL~onTouchEvent~QMotionEvent;" StructureKind="java"/><InteractionEvent Delta="null" EndDate="2014-10-31 11:34:43.752 JST" Interest="678.01697" Kind="propagation" Navigation="org.eclipse.mylyn.core.model.edges.containment" OriginId="org.eclipse.mylyn.core.model.interest.propagation" StartDate="2014-10-31 10:33:36.27 JST" StructureHandle="/CutPlanner_A/src/cp/listeners" StructureKind="resource" NumEvents="679" CreationCount="5"/><InteractionEvent Delta="null" EndDate="2014-10-31 11:26:00.541 JST" Interest="210.0" Kind="propagation" Navigation="org.eclipse.mylyn.core.model.edges.containment" OriginId="org.eclipse.mylyn.core.model.interest.propagation" StartDate="2014-10-31 10:53:24.239 JST" StructureHandle="/CutPlanner_A/src/cp/main" StructureKind="resource" NumEvents="210" CreationCount="343"/><InteractionEvent Delta="null" EndDate="2014-10-31 10:33:03.504 JST" Interest="2.0" Kind="propagation" Navigation="null" OriginId="org.eclipse.ui.views.ResourceNavigator" StartDate="2014-10-31 10:33:03.503 JST" StructureHandle="/LM1" StructureKind="resource" NumEvents="2" CreationCount="1"/><InteractionEvent Delta="null" EndDate="2014-10-31 11:26:00.839 JST" Interest="163.0" Kind="propagation" Navigation="null" OriginId="org.eclipse.jdt.ui.CompilationUnitEditor" StartDate="2014-10-31 10:36:14.837 JST" StructureHandle="/CutPlanner_A/src/cp/views/CV.java" StructureKind="resource" NumEvents="163" CreationCount="102"/><InteractionEvent Delta="null" EndDate="2014-10-31 11:26:00.278 JST" Interest="58.0" Kind="propagation" Navigation="null" OriginId="org.eclipse.jdt.ui.CompilationUnitEditor" StartDate="2014-10-31 10:56:11.734 JST" StructureHandle="/CutPlanner_A/src/cp/utils/CONS.java" StructureKind="resource" NumEvents="58" CreationCount="502"/><InteractionEvent Delta="null" EndDate="2014-10-31 10:54:21.403 JST" Interest="3.0" Kind="edit" Navigation="null" OriginId="org.eclipse.jdt.ui.CompilationUnitEditor" StartDate="2014-10-31 10:54:10.752 JST" StructureHandle="=CutPlanner_A/src&amp;lt;cp.main{MainActv.java[MainActv~_test_DrawLine" StructureKind="java" NumEvents="3" CreationCount="390"/><InteractionEvent Delta="null" EndDate="2014-10-31 10:54:10.738 JST" Interest="1.0" Kind="selection" Navigation="null" OriginId="org.eclipse.jdt.ui.CompilationUnitEditor" StartDate="2014-10-31 10:54:10.738 JST" StructureHandle="=CutPlanner_A/src&amp;lt;cp.main{MainActv.java[MainActv~_test_DrawLine" StructureKind="java"/><InteractionEvent Delta="null" EndDate="2014-10-31 11:26:00.541 JST" Interest="210.0" Kind="propagation" Navigation="null" OriginId="org.eclipse.jdt.ui.CompilationUnitEditor" StartDate="2014-10-31 10:53:24.238 JST" StructureHandle="/CutPlanner_A/src/cp/main/MainActv.java" StructureKind="resource" NumEvents="210" CreationCount="343"/><InteractionEvent Delta="null" EndDate="2014-10-31 10:33:03.504 JST" Interest="2.0" Kind="selection" Navigation="null" OriginId="org.eclipse.ui.views.ResourceNavigator" StartDate="2014-10-31 10:33:03.503 JST" StructureHandle="=LM1" StructureKind="java" NumEvents="2" CreationCount="1"/><InteractionEvent Delta="null" EndDate="2014-10-31 11:26:01.136 JST" Interest="23.0" Kind="selection" Navigation="null" OriginId="org.eclipse.jdt.ui.CompilationUnitEditor" StartDate="2014-10-31 10:33:36.961 JST" StructureHandle="=CutPlanner_A/src&amp;lt;cp.listeners.view{V_OTL.java" StructureKind="java" NumEvents="23" CreationCount="6"/><InteractionEvent Delta="null" EndDate="2014-10-31 11:34:43.753 JST" Interest="173.55301" Kind="propagation" Navigation="org.eclipse.mylyn.core.model.edges.containment" OriginId="org.eclipse.mylyn.core.model.interest.propagation" StartDate="2014-10-31 10:33:41.120 JST" StructureHandle="=CutPlanner_A/src&amp;lt;cp.listeners.view{V_OTL.java" StructureKind="java" NumEvents="256" CreationCount="6"/><InteractionEvent Delta="null" EndDate="2014-10-31 11:27:39.138 JST" Interest="8.0" Kind="prediction" Navigation="null" OriginId="org.eclipse.mylyn.resources.ui.interest.updater" StartDate="2014-10-31 10:35:11.184 JST" StructureHandle="/CutPlanner_A/bin/classes.dex" StructureKind="resource" NumEvents="8" CreationCount="79"/><InteractionEvent Delta="null" EndDate="2014-10-31 11:26:00.279 JST" Interest="101.0" Kind="propagation" Navigation="null" OriginId="org.eclipse.jdt.ui.CompilationUnitEditor" StartDate="2014-10-31 10:56:11.734 JST" StructureHandle="/CutPlanner_A/src/cp/utils" StructureKind="resource" NumEvents="101" CreationCount="502"/><InteractionEvent Delta="null" EndDate="2014-10-31 11:34:43.751 JST" Interest="239.0" Kind="edit" Navigation="null" OriginId="org.eclipse.jdt.ui.CompilationUnitEditor" StartDate="2014-10-31 10:52:43.593 JST" StructureHandle="=CutPlanner_A/src&amp;lt;cp.listeners.view{V_OTL.java[V_OTL~_case_ACTION_MOVE~F~F" StructureKind="java" NumEvents="239" CreationCount="315"/><InteractionEvent Delta="null" EndDate="2014-10-31 11:26:27.717 JST" Interest="24.0" Kind="selection" Navigation="null" OriginId="org.eclipse.jdt.ui.CompilationUnitEditor" StartDate="2014-10-31 10:52:43.588 JST" StructureHandle="=CutPlanner_A/src&amp;lt;cp.listeners.view{V_OTL.java[V_OTL~_case_ACTION_MOVE~F~F" StructureKind="java" NumEvents="24" CreationCount="315"/></InteractionHistory>