<?xml version="1.0" encoding="UTF-8"?><InteractionHistory Id="local-195" Version="1"><InteractionEvent Delta="null" EndDate="2014-11-07 10:52:14.127 JST" Interest="750.051" Kind="propagation" Navigation="org.eclipse.mylyn.core.model.edges.containment" OriginId="org.eclipse.mylyn.core.model.interest.propagation" StartDate="2014-11-07 10:24:16.694 JST" StructureHandle="=CutPlanner_A" StructureKind="resource" NumEvents="754" CreationCount="1"/><InteractionEvent Delta="null" EndDate="2014-11-07 10:24:27.911 JST" Interest="1.0" Kind="selection" Navigation="null" OriginId="org.eclipse.jdt.ui.PackageExplorer" StartDate="2014-11-07 10:24:27.911 JST" StructureHandle="=CutPlanner_A/src&amp;lt;cp.views" StructureKind="java"/><InteractionEvent Delta="null" EndDate="2014-11-07 10:33:12.376 JST" Interest="8.285" Kind="propagation" Navigation="org.eclipse.mylyn.core.model.edges.containment" OriginId="org.eclipse.mylyn.core.model.interest.propagation" StartDate="2014-11-07 10:24:29.401 JST" StructureHandle="=CutPlanner_A/src&amp;lt;cp.views" StructureKind="java" NumEvents="14" CreationCount="3"/><InteractionEvent Delta="null" EndDate="2014-11-07 10:43:26.712 JST" Interest="2.0" Kind="selection" Navigation="null" OriginId="org.eclipse.jdt.ui.CompilationUnitEditor" StartDate="2014-11-07 10:43:21.461 JST" StructureHandle="=CutPlanner_A/src&amp;lt;cp.utils{CONS.java[CONS[Canvas^Rect_A_Y_dist_from_base" StructureKind="java" NumEvents="2" CreationCount="519"/><InteractionEvent Delta="null" EndDate="2014-11-07 10:33:54.813 JST" Interest="1.0" Kind="selection" Navigation="null" OriginId="org.eclipse.jdt.ui.CompilationUnitEditor" StartDate="2014-11-07 10:33:54.813 JST" StructureHandle="=CutPlanner_A/src&amp;lt;cp.listeners.view{V_OTL.java[V_OTL~_case_ACTION_DOWN~F~F" StructureKind="java"/><InteractionEvent Delta="null" EndDate="2014-11-07 10:33:57.143 JST" Interest="8.0" Kind="edit" Navigation="null" OriginId="org.eclipse.jdt.ui.CompilationUnitEditor" StartDate="2014-11-07 10:33:54.816 JST" StructureHandle="=CutPlanner_A/src&amp;lt;cp.listeners.view{V_OTL.java[V_OTL~_case_ACTION_DOWN~F~F" StructureKind="java" NumEvents="8" CreationCount="292"/><InteractionEvent Delta="null" EndDate="2014-11-07 10:33:03.989 JST" Interest="1.0" Kind="selection" Navigation="null" OriginId="org.eclipse.jdt.ui.CompilationUnitEditor" StartDate="2014-11-07 10:33:03.989 JST" StructureHandle="=CutPlanner_A/src&amp;lt;cp.views{CV.java[CV~draw_Rect_B~QActivity;" StructureKind="java"/><InteractionEvent Delta="null" EndDate="2014-11-07 10:33:03.991 JST" Interest="1.0" Kind="edit" Navigation="null" OriginId="org.eclipse.jdt.ui.CompilationUnitEditor" StartDate="2014-11-07 10:33:03.991 JST" StructureHandle="=CutPlanner_A/src&amp;lt;cp.views{CV.java[CV~draw_Rect_B~QActivity;" StructureKind="java"/><InteractionEvent Delta="null" EndDate="2014-11-07 10:33:12.375 JST" Interest="20.017" Kind="propagation" Navigation="org.eclipse.mylyn.core.model.edges.containment" OriginId="org.eclipse.mylyn.core.model.interest.propagation" StartDate="2014-11-07 10:24:27.912 JST" StructureHandle="/CutPlanner_A/src/cp/views" StructureKind="resource" NumEvents="21" CreationCount="3"/><InteractionEvent Delta="null" EndDate="2014-11-07 10:33:05.586 JST" Interest="4.0" Kind="selection" Navigation="null" OriginId="org.eclipse.jdt.ui.CompilationUnitEditor" StartDate="2014-11-07 10:24:35.749 JST" StructureHandle="=CutPlanner_A/src&amp;lt;cp.views{CV.java[CV~draw_Rect_A~QActivity;" StructureKind="java" NumEvents="4" CreationCount="8"/><InteractionEvent Delta="null" EndDate="2014-11-07 10:33:05.592 JST" Interest="5.0" Kind="edit" Navigation="null" OriginId="org.eclipse.jdt.ui.CompilationUnitEditor" StartDate="2014-11-07 10:24:36.346 JST" StructureHandle="=CutPlanner_A/src&amp;lt;cp.views{CV.java[CV~draw_Rect_A~QActivity;" StructureKind="java" NumEvents="5" CreationCount="8"/><InteractionEvent Delta="null" EndDate="2014-11-07 10:34:28.648 JST" Interest="3.0" Kind="selection" Navigation="null" OriginId="org.eclipse.jdt.ui.CompilationUnitEditor" StartDate="2014-11-07 10:33:20.843 JST" StructureHandle="=CutPlanner_A/src&amp;lt;cp.listeners.view{V_OTL.java[V_OTL~onTouch~QView;~QMotionEvent;" StructureKind="java" NumEvents="3" CreationCount="262"/><InteractionEvent Delta="null" EndDate="2014-11-07 10:34:35.188 JST" Interest="37.0" Kind="edit" Navigation="null" OriginId="org.eclipse.jdt.ui.CompilationUnitEditor" StartDate="2014-11-07 10:33:20.847 JST" StructureHandle="=CutPlanner_A/src&amp;lt;cp.listeners.view{V_OTL.java[V_OTL~onTouch~QView;~QMotionEvent;" StructureKind="java" NumEvents="37" CreationCount="262"/><InteractionEvent Delta="null" EndDate="2014-11-07 10:52:14.127 JST" Interest="680.0" Kind="propagation" Navigation="null" OriginId="org.eclipse.jdt.ui.CompilationUnitEditor" StartDate="2014-11-07 10:24:42.481 JST" StructureHandle="/CutPlanner_A/src/cp/listeners/view/V_OTL.java" StructureKind="resource" NumEvents="680" CreationCount="17"/><InteractionEvent Delta="null" EndDate="2014-11-07 10:45:38.520 JST" Interest="13.0" Kind="selection" Navigation="null" OriginId="org.eclipse.jdt.ui.CompilationUnitEditor" StartDate="2014-11-07 10:29:43.33 JST" StructureHandle="=CutPlanner_A/src&amp;lt;cp.listeners.view{V_OTL.java[V_OTL~_case_ACTION_MOVE__Rect_A~F~F" StructureKind="java" NumEvents="13" CreationCount="81"/><InteractionEvent Delta="null" EndDate="2014-11-07 10:46:42.991 JST" Interest="375.0" Kind="edit" Navigation="null" OriginId="org.eclipse.jdt.ui.CompilationUnitEditor" StartDate="2014-11-07 10:29:43.606 JST" StructureHandle="=CutPlanner_A/src&amp;lt;cp.listeners.view{V_OTL.java[V_OTL~_case_ACTION_MOVE__Rect_A~F~F" StructureKind="java" NumEvents="375" CreationCount="81"/><InteractionEvent Delta="null" EndDate="2014-11-07 10:47:03.433 JST" Interest="10.0" Kind="selection" Navigation="null" OriginId="org.eclipse.jdt.ui.CompilationUnitEditor" StartDate="2014-11-07 10:28:53.505 JST" StructureHandle="=CutPlanner_A/src&amp;lt;cp.listeners.view{V_OTL.java[V_OTL" StructureKind="java" NumEvents="10" CreationCount="20"/><InteractionEvent Delta="null" EndDate="2014-11-07 10:46:42.991 JST" Interest="254.237" Kind="propagation" Navigation="org.eclipse.mylyn.core.model.edges.containment" OriginId="org.eclipse.mylyn.core.model.interest.propagation" StartDate="2014-11-07 10:24:48.910 JST" StructureHandle="=CutPlanner_A/src&amp;lt;cp.listeners.view{V_OTL.java[V_OTL" StructureKind="java" NumEvents="364" CreationCount="20"/><InteractionEvent Delta="null" EndDate="2014-11-07 10:47:03.439 JST" Interest="21.0" Kind="edit" Navigation="null" OriginId="org.eclipse.jdt.ui.CompilationUnitEditor" StartDate="2014-11-07 10:28:53.507 JST" StructureHandle="=CutPlanner_A/src&amp;lt;cp.listeners.view{V_OTL.java[V_OTL" StructureKind="java" NumEvents="21" CreationCount="20"/><InteractionEvent Delta="null" EndDate="2014-11-07 10:34:16.157 JST" Interest="1.0" Kind="selection" Navigation="null" OriginId="org.eclipse.jdt.ui.CompilationUnitEditor" StartDate="2014-11-07 10:34:16.157 JST" StructureHandle="=CutPlanner_A/src&amp;lt;cp.utils{Methods.java[Methods" StructureKind="java"/><InteractionEvent Delta="null" EndDate="2014-11-07 10:34:24.432 JST" Interest="5.2" Kind="propagation" Navigation="org.eclipse.mylyn.core.model.edges.containment" OriginId="org.eclipse.mylyn.core.model.interest.propagation" StartDate="2014-11-07 10:34:08.389 JST" StructureHandle="=CutPlanner_A/src&amp;lt;cp.utils{Methods.java[Methods" StructureKind="java" NumEvents="7" CreationCount="305"/><InteractionEvent Delta="null" EndDate="2014-11-07 10:35:00.994 JST" Interest="1.0" Kind="prediction" Navigation="null" OriginId="org.eclipse.mylyn.resources.ui.interest.updater" StartDate="2014-11-07 10:35:00.994 JST" StructureHandle="/CutPlanner_A/bin/resources.ap_" StructureKind="resource"/><InteractionEvent Delta="null" EndDate="2014-11-07 10:43:26.543 JST" Interest="5.0" Kind="selection" Navigation="null" OriginId="org.eclipse.jdt.ui.CompilationUnitEditor" StartDate="2014-11-07 10:26:25.525 JST" StructureHandle="=CutPlanner_A/src&amp;lt;cp.utils{CONS.java" StructureKind="java" NumEvents="5" CreationCount="38"/><InteractionEvent Delta="null" EndDate="2014-11-07 10:43:17.850 JST" Interest="8.656" Kind="propagation" Navigation="org.eclipse.mylyn.core.model.edges.containment" OriginId="org.eclipse.mylyn.core.model.interest.propagation" StartDate="2014-11-07 10:26:26.238 JST" StructureHandle="=CutPlanner_A/src&amp;lt;cp.utils{CONS.java" StructureKind="java" NumEvents="16" CreationCount="38"/><InteractionEvent Delta="null" EndDate="2014-11-07 10:32:56.790 JST" Interest="4.0" Kind="selection" Navigation="null" OriginId="org.eclipse.jdt.ui.CompilationUnitEditor" StartDate="2014-11-07 10:24:29.401 JST" StructureHandle="=CutPlanner_A/src&amp;lt;cp.views{CV.java" StructureKind="java" NumEvents="4" CreationCount="4"/><InteractionEvent Delta="null" EndDate="2014-11-07 10:33:12.375 JST" Interest="5.268" Kind="propagation" Navigation="org.eclipse.mylyn.core.model.edges.containment" OriginId="org.eclipse.mylyn.core.model.interest.propagation" StartDate="2014-11-07 10:24:31.841 JST" StructureHandle="=CutPlanner_A/src&amp;lt;cp.views{CV.java" StructureKind="java" NumEvents="9" CreationCount="4"/><InteractionEvent Delta="null" EndDate="2014-11-07 10:24:35.850 JST" Interest="3.0" Kind="selection" Navigation="null" OriginId="org.eclipse.jdt.ui.CompilationUnitEditor" StartDate="2014-11-07 10:24:31.386 JST" StructureHandle="=CutPlanner_A/src&amp;lt;cp.views{CV.java[CV^paint_2" StructureKind="java" NumEvents="3" CreationCount="6"/><InteractionEvent Delta="null" EndDate="2014-11-07 10:34:17.166 JST" Interest="2.0" Kind="selection" Navigation="null" OriginId="org.eclipse.jdt.ui.CompilationUnitEditor" StartDate="2014-11-07 10:34:08.389 JST" StructureHandle="=CutPlanner_A/src&amp;lt;cp.utils{Methods.java[Methods~identify~QActivity;~F~F" StructureKind="java" NumEvents="2" CreationCount="305"/><InteractionEvent Delta="null" EndDate="2014-11-07 10:34:24.431 JST" Interest="6.0" Kind="edit" Navigation="null" OriginId="org.eclipse.jdt.ui.CompilationUnitEditor" StartDate="2014-11-07 10:34:11.443 JST" StructureHandle="=CutPlanner_A/src&amp;lt;cp.utils{Methods.java[Methods~identify~QActivity;~F~F" StructureKind="java" NumEvents="6" CreationCount="305"/><InteractionEvent Delta="null" EndDate="2014-11-07 10:33:12.370 JST" Interest="1.0" Kind="selection" Navigation="null" OriginId="org.eclipse.jdt.ui.CompilationUnitEditor" StartDate="2014-11-07 10:33:12.370 JST" StructureHandle="=CutPlanner_A/src&amp;lt;cp.views{CV.java[CV" StructureKind="java"/><InteractionEvent Delta="null" EndDate="2014-11-07 10:33:05.593 JST" Interest="7.5340004" Kind="propagation" Navigation="org.eclipse.mylyn.core.model.edges.containment" OriginId="org.eclipse.mylyn.core.model.interest.propagation" StartDate="2014-11-07 10:24:31.387 JST" StructureHandle="=CutPlanner_A/src&amp;lt;cp.views{CV.java[CV" StructureKind="java" NumEvents="9" CreationCount="6"/><InteractionEvent Delta="null" EndDate="2014-11-07 10:33:12.374 JST" Interest="1.0" Kind="edit" Navigation="null" OriginId="org.eclipse.jdt.ui.CompilationUnitEditor" StartDate="2014-11-07 10:33:12.374 JST" StructureHandle="=CutPlanner_A/src&amp;lt;cp.views{CV.java[CV" StructureKind="java"/><InteractionEvent Delta="null" EndDate="2014-11-07 10:35:30.430 JST" Interest="1.0" Kind="selection" Navigation="null" OriginId="org.eclipse.jdt.ui.CompilationUnitEditor" StartDate="2014-11-07 10:35:30.430 JST" StructureHandle="=CutPlanner_A/src&amp;lt;cp.listeners.view{V_OTL.java[V_OTL~_case_ACTION_MOVE__Cir_A~F~F" StructureKind="java"/><InteractionEvent Delta="null" EndDate="2014-11-07 10:35:53.833 JST" Interest="17.0" Kind="edit" Navigation="null" OriginId="org.eclipse.jdt.ui.CompilationUnitEditor" StartDate="2014-11-07 10:35:30.435 JST" StructureHandle="=CutPlanner_A/src&amp;lt;cp.listeners.view{V_OTL.java[V_OTL~_case_ACTION_MOVE__Cir_A~F~F" StructureKind="java" NumEvents="17" CreationCount="351"/><InteractionEvent Delta="null" EndDate="2014-11-07 10:52:14.127 JST" Interest="750.051" Kind="propagation" Navigation="org.eclipse.mylyn.core.model.edges.containment" OriginId="org.eclipse.mylyn.core.model.interest.propagation" StartDate="2014-11-07 10:24:16.694 JST" StructureHandle="/" StructureKind="resource" NumEvents="754" CreationCount="1"/><InteractionEvent Delta="null" EndDate="2014-11-07 10:42:53.315 JST" Interest="3.0" Kind="selection" Navigation="null" OriginId="org.eclipse.jdt.ui.CompilationUnitEditor" StartDate="2014-11-07 10:26:47.725 JST" StructureHandle="=CutPlanner_A/src&amp;lt;cp.utils{CONS.java[CONS[Canvas^Rect_A_X_prev" StructureKind="java" NumEvents="3" CreationCount="48"/><InteractionEvent Delta="null" EndDate="2014-11-07 10:42:53.316 JST" Interest="3.6860003" Kind="manipulation" Navigation="null" OriginId="org.eclipse.mylyn.core.model.interest.decay.correction" StartDate="2014-11-07 10:42:53.316 JST" StructureHandle="=CutPlanner_A/src&amp;lt;cp.utils{CONS.java[CONS[Canvas^Rect_A_X_prev" StructureKind="java"/><InteractionEvent Delta="null" EndDate="2014-11-07 10:42:54.625 JST" Interest="4.0" Kind="edit" Navigation="null" OriginId="org.eclipse.jdt.ui.CompilationUnitEditor" StartDate="2014-11-07 10:26:49.368 JST" StructureHandle="=CutPlanner_A/src&amp;lt;cp.utils{CONS.java[CONS[Canvas^Rect_A_X_prev" StructureKind="java" NumEvents="4" CreationCount="48"/><InteractionEvent Delta="null" EndDate="2014-11-07 10:24:41.254 JST" Interest="1.0" Kind="selection" Navigation="null" OriginId="org.eclipse.jdt.ui.PackageExplorer" StartDate="2014-11-07 10:24:41.254 JST" StructureHandle="=CutPlanner_A/src&amp;lt;cp.listeners.view" StructureKind="java"/><InteractionEvent Delta="null" EndDate="2014-11-07 10:47:03.440 JST" Interest="278.005" Kind="propagation" Navigation="org.eclipse.mylyn.core.model.edges.containment" OriginId="org.eclipse.mylyn.core.model.interest.propagation" StartDate="2014-11-07 10:24:42.481 JST" StructureHandle="=CutPlanner_A/src&amp;lt;cp.listeners.view" StructureKind="java" NumEvents="409" CreationCount="16"/><InteractionEvent Delta="null" EndDate="2014-11-07 10:26:29.183 JST" Interest="2.0" Kind="selection" Navigation="null" OriginId="org.eclipse.jdt.ui.CompilationUnitEditor" StartDate="2014-11-07 10:26:26.237 JST" StructureHandle="=CutPlanner_A/src&amp;lt;cp.utils{CONS.java[CONS[Canvas^Cir_A_X_prev" StructureKind="java" NumEvents="2" CreationCount="39"/><InteractionEvent Delta="null" EndDate="2014-11-07 10:52:14.127 JST" Interest="680.255" Kind="propagation" Navigation="org.eclipse.mylyn.core.model.edges.containment" OriginId="org.eclipse.mylyn.core.model.interest.propagation" StartDate="2014-11-07 10:24:25.161 JST" StructureHandle="/CutPlanner_A/src/cp" StructureKind="resource" NumEvents="683" CreationCount="2"/><InteractionEvent Delta="null" EndDate="2014-11-07 10:34:24.432 JST" Interest="10.0" Kind="propagation" Navigation="null" OriginId="org.eclipse.jdt.ui.CompilationUnitEditor" StartDate="2014-11-07 10:34:07.691 JST" StructureHandle="/CutPlanner_A/src/cp/utils/Methods.java" StructureKind="resource" NumEvents="10" CreationCount="304"/><InteractionEvent Delta="null" EndDate="2014-11-07 10:24:25.160 JST" Interest="1.0" Kind="selection" Navigation="null" OriginId="org.eclipse.jdt.ui.PackageExplorer" StartDate="2014-11-07 10:24:25.160 JST" StructureHandle="=CutPlanner_A/src&amp;lt;cp.main" StructureKind="java"/><InteractionEvent Delta="null" EndDate="2014-11-07 10:42:47.747 JST" Interest="5.0" Kind="selection" Navigation="null" OriginId="org.eclipse.jdt.ui.CompilationUnitEditor" StartDate="2014-11-07 10:26:55.453 JST" StructureHandle="=CutPlanner_A/src&amp;lt;cp.utils{CONS.java[CONS[Canvas^Rect_A_Y_prev" StructureKind="java" NumEvents="5" CreationCount="53"/><InteractionEvent Delta="null" EndDate="2014-11-07 10:42:47.747 JST" Interest="3.6670003" Kind="manipulation" Navigation="null" OriginId="org.eclipse.mylyn.core.model.interest.decay.correction" StartDate="2014-11-07 10:34:27.495 JST" StructureHandle="=CutPlanner_A/src&amp;lt;cp.utils{CONS.java[CONS[Canvas^Rect_A_Y_prev" StructureKind="java" NumEvents="2" CreationCount="53"/><InteractionEvent Delta="null" EndDate="2014-11-07 10:42:51.395 JST" Interest="1.0" Kind="edit" Navigation="null" OriginId="org.eclipse.jdt.ui.CompilationUnitEditor" StartDate="2014-11-07 10:42:51.395 JST" StructureHandle="=CutPlanner_A/src&amp;lt;cp.utils{CONS.java[CONS[Canvas^Rect_A_Y_prev" StructureKind="java"/><InteractionEvent Delta="null" EndDate="2014-11-07 10:47:19.15 JST" Interest="4.0" Kind="prediction" Navigation="null" OriginId="org.eclipse.mylyn.resources.ui.interest.updater" StartDate="2014-11-07 10:35:00.994 JST" StructureHandle="/CutPlanner_A/bin/CutPlanner_A.apk" StructureKind="resource" NumEvents="4" CreationCount="347"/><InteractionEvent Delta="null" EndDate="2014-11-07 10:34:45.951 JST" Interest="1.0" Kind="selection" Navigation="null" OriginId="org.eclipse.jdt.ui.CompilationUnitEditor" StartDate="2014-11-07 10:34:45.951 JST" StructureHandle="=CutPlanner_A/src&amp;lt;cp.listeners.view{V_OTL.java[V_OTL~_case_ACTION_MOVE~F~F" StructureKind="java"/><InteractionEvent Delta="null" EndDate="2014-11-07 10:34:50.402 JST" Interest="14.0" Kind="edit" Navigation="null" OriginId="org.eclipse.jdt.ui.CompilationUnitEditor" StartDate="2014-11-07 10:34:45.955 JST" StructureHandle="=CutPlanner_A/src&amp;lt;cp.listeners.view{V_OTL.java[V_OTL~_case_ACTION_MOVE~F~F" StructureKind="java" NumEvents="14" CreationCount="324"/><InteractionEvent Delta="null" EndDate="2014-11-07 10:29:10.192 JST" Interest="4.0" Kind="selection" Navigation="null" OriginId="org.eclipse.jdt.ui.CompilationUnitEditor" StartDate="2014-11-07 10:24:50.408 JST" StructureHandle="=CutPlanner_A/src&amp;lt;cp.listeners.view{V_OTL.java[V_OTL~_case_ACTION_DOWN__CirA~F~F" StructureKind="java" NumEvents="4" CreationCount="24"/><InteractionEvent Delta="null" EndDate="2014-11-07 10:29:10.195 JST" Interest="13.0" Kind="edit" Navigation="null" OriginId="org.eclipse.jdt.ui.CompilationUnitEditor" StartDate="2014-11-07 10:24:50.419 JST" StructureHandle="=CutPlanner_A/src&amp;lt;cp.listeners.view{V_OTL.java[V_OTL~_case_ACTION_DOWN__CirA~F~F" StructureKind="java" NumEvents="13" CreationCount="24"/><InteractionEvent Delta="null" EndDate="2014-11-07 10:43:26.544 JST" Interest="13.656" Kind="propagation" Navigation="org.eclipse.mylyn.core.model.edges.containment" OriginId="org.eclipse.mylyn.core.model.interest.propagation" StartDate="2014-11-07 10:26:25.526 JST" StructureHandle="=CutPlanner_A/src&amp;lt;cp.utils" StructureKind="java" NumEvents="20" CreationCount="38"/><InteractionEvent Delta="null" EndDate="2014-11-07 10:34:07.690 JST" Interest="1.0" Kind="selection" Navigation="null" OriginId="org.eclipse.jdt.ui.CompilationUnitEditor" StartDate="2014-11-07 10:34:07.690 JST" StructureHandle="=CutPlanner_A/src&amp;lt;cp.utils{Methods.java" StructureKind="java"/><InteractionEvent Delta="null" EndDate="2014-11-07 10:34:24.433 JST" Interest="5.2169995" Kind="propagation" Navigation="org.eclipse.mylyn.core.model.edges.containment" OriginId="org.eclipse.mylyn.core.model.interest.propagation" StartDate="2014-11-07 10:34:08.390 JST" StructureHandle="=CutPlanner_A/src&amp;lt;cp.utils{Methods.java" StructureKind="java" NumEvents="8" CreationCount="304"/><InteractionEvent Delta="null" EndDate="2014-11-07 10:24:16.694 JST" Interest="1.0" Kind="selection" Navigation="null" OriginId="org.eclipse.jdt.ui.PackageExplorer" StartDate="2014-11-07 10:24:16.694 JST" StructureHandle="=CutPlanner_A/src" StructureKind="java"/><InteractionEvent Delta="null" EndDate="2014-11-07 10:47:03.440 JST" Interest="278.26" Kind="propagation" Navigation="org.eclipse.mylyn.core.model.edges.containment" OriginId="org.eclipse.mylyn.core.model.interest.propagation" StartDate="2014-11-07 10:24:25.161 JST" StructureHandle="=CutPlanner_A/src" StructureKind="java" NumEvents="411" CreationCount="1"/><InteractionEvent Delta="null" EndDate="2014-11-07 10:52:14.128 JST" Interest="751.051" Kind="propagation" Navigation="null" OriginId="org.eclipse.jdt.ui.CompilationUnitEditor" StartDate="2014-11-07 10:24:16.694 JST" StructureHandle="/CutPlanner_A/src" StructureKind="resource" NumEvents="754" CreationCount="1"/><InteractionEvent Delta="null" EndDate="2014-11-07 10:38:38.778 JST" Interest="3.0" Kind="propagation" Navigation="org.eclipse.mylyn.core.model.edges.containment" OriginId="org.eclipse.mylyn.core.model.interest.propagation" StartDate="2014-11-07 10:35:00.995 JST" StructureHandle="/CutPlanner_A/bin" StructureKind="resource" NumEvents="3" CreationCount="347"/><InteractionEvent Delta="null" EndDate="2014-11-07 10:43:08.917 JST" Interest="1.0" Kind="selection" Navigation="null" OriginId="org.eclipse.jdt.ui.CompilationUnitEditor" StartDate="2014-11-07 10:43:08.917 JST" StructureHandle="=CutPlanner_A/src&amp;lt;cp.utils{CONS.java[CONS[Canvas^Rect_A_X_" StructureKind="java"/><InteractionEvent Delta="null" EndDate="2014-11-07 10:43:16.677 JST" Interest="1.0" Kind="edit" Navigation="null" OriginId="org.eclipse.jdt.ui.CompilationUnitEditor" StartDate="2014-11-07 10:43:16.677 JST" StructureHandle="=CutPlanner_A/src&amp;lt;cp.utils{CONS.java[CONS[Canvas^Rect_A_X_dist_from_base" StructureKind="java"/><InteractionEvent Delta="null" EndDate="2014-11-07 10:52:14.127 JST" Interest="680.017" Kind="propagation" Navigation="org.eclipse.mylyn.core.model.edges.containment" OriginId="org.eclipse.mylyn.core.model.interest.propagation" StartDate="2014-11-07 10:24:41.254 JST" StructureHandle="/CutPlanner_A/src/cp/listeners/view" StructureKind="resource" NumEvents="681" CreationCount="16"/><InteractionEvent Delta="null" EndDate="2014-11-07 10:43:17.849 JST" Interest="6.0" Kind="selection" Navigation="null" OriginId="org.eclipse.jdt.ui.CompilationUnitEditor" StartDate="2014-11-07 10:26:27.155 JST" StructureHandle="=CutPlanner_A/src&amp;lt;cp.utils{CONS.java[CONS[Canvas" StructureKind="java" NumEvents="6" CreationCount="39"/><InteractionEvent Delta="null" EndDate="2014-11-07 10:42:54.625 JST" Interest="4.539" Kind="propagation" Navigation="org.eclipse.mylyn.core.model.edges.containment" OriginId="org.eclipse.mylyn.core.model.interest.propagation" StartDate="2014-11-07 10:26:26.238 JST" StructureHandle="=CutPlanner_A/src&amp;lt;cp.utils{CONS.java[CONS[Canvas" StructureKind="java" NumEvents="4" CreationCount="39"/><InteractionEvent Delta="null" EndDate="2014-11-07 10:26:43.528 JST" Interest="3.0" Kind="edit" Navigation="null" OriginId="org.eclipse.jdt.ui.CompilationUnitEditor" StartDate="2014-11-07 10:26:35.16 JST" StructureHandle="=CutPlanner_A/src&amp;lt;cp.utils{CONS.java[CONS[Canvas" StructureKind="java" NumEvents="3" CreationCount="39"/><InteractionEvent Delta="null" EndDate="2014-11-07 10:24:44.47 JST" Interest="1.0" Kind="selection" Navigation="null" OriginId="org.eclipse.ui.views.ContentOutline" StartDate="2014-11-07 10:24:44.47 JST" StructureHandle="=CutPlanner_A/src&amp;lt;cp.listeners.view{V_OTL.java%cp.listeners.view" StructureKind="java"/><InteractionEvent Delta="null" EndDate="2014-11-07 10:26:37.747 JST" Interest="1.0" Kind="selection" Navigation="null" OriginId="org.eclipse.jdt.ui.CompilationUnitEditor" StartDate="2014-11-07 10:26:37.747 JST" StructureHandle="=CutPlanner_A/src&amp;lt;cp.utils{CONS.java[CONS[Canvas^Draw_Rect_A" StructureKind="java"/><InteractionEvent Delta="null" EndDate="2014-11-07 10:43:26.713 JST" Interest="12.639" Kind="propagation" Navigation="org.eclipse.mylyn.core.model.edges.containment" OriginId="org.eclipse.mylyn.core.model.interest.propagation" StartDate="2014-11-07 10:26:26.238 JST" StructureHandle="=CutPlanner_A/src&amp;lt;cp.utils{CONS.java[CONS" StructureKind="java" NumEvents="18" CreationCount="39"/><InteractionEvent Delta="null" EndDate="2014-11-07 10:38:02.805 JST" Interest="1.0" Kind="selection" Navigation="null" OriginId="org.eclipse.jdt.ui.CompilationUnitEditor" StartDate="2014-11-07 10:38:02.805 JST" StructureHandle="=CutPlanner_A/src&amp;lt;cp.listeners.view{V_OTL.java[V_OTL~onTouchEvent~QMotionEvent;" StructureKind="java"/><InteractionEvent Delta="null" EndDate="2014-11-07 10:38:06.465 JST" Interest="5.0" Kind="edit" Navigation="null" OriginId="org.eclipse.jdt.ui.CompilationUnitEditor" StartDate="2014-11-07 10:38:02.815 JST" StructureHandle="=CutPlanner_A/src&amp;lt;cp.listeners.view{V_OTL.java[V_OTL~onTouchEvent~QMotionEvent;" StructureKind="java" NumEvents="5" CreationCount="448"/><InteractionEvent Delta="null" EndDate="2014-11-07 10:52:14.127 JST" Interest="680.017" Kind="propagation" Navigation="org.eclipse.mylyn.core.model.edges.containment" OriginId="org.eclipse.mylyn.core.model.interest.propagation" StartDate="2014-11-07 10:24:41.254 JST" StructureHandle="/CutPlanner_A/src/cp/listeners" StructureKind="resource" NumEvents="681" CreationCount="16"/><InteractionEvent Delta="null" EndDate="2014-11-07 10:24:25.161 JST" Interest="1.0" Kind="propagation" Navigation="null" OriginId="org.eclipse.jdt.ui.PackageExplorer" StartDate="2014-11-07 10:24:25.161 JST" StructureHandle="/CutPlanner_A/src/cp/main" StructureKind="resource"/><InteractionEvent Delta="null" EndDate="2014-11-07 10:42:59.970 JST" Interest="1.0" Kind="selection" Navigation="null" OriginId="org.eclipse.jdt.ui.CompilationUnitEditor" StartDate="2014-11-07 10:42:59.970 JST" StructureHandle="=CutPlanner_A/src&amp;lt;cp.utils{CONS.java[CONS[Canvas^Rect_B_X1" StructureKind="java"/><InteractionEvent Delta="null" EndDate="2014-11-07 10:43:04.272 JST" Interest="1.0" Kind="edit" Navigation="null" OriginId="org.eclipse.jdt.ui.CompilationUnitEditor" StartDate="2014-11-07 10:43:04.272 JST" StructureHandle="=CutPlanner_A/src&amp;lt;cp.utils{CONS.java[CONS[Canvas^Rect_B_X1" StructureKind="java"/><InteractionEvent Delta="null" EndDate="2014-11-07 10:33:12.375 JST" Interest="20.0" Kind="propagation" Navigation="null" OriginId="org.eclipse.jdt.ui.CompilationUnitEditor" StartDate="2014-11-07 10:24:29.401 JST" StructureHandle="/CutPlanner_A/src/cp/views/CV.java" StructureKind="resource" NumEvents="20" CreationCount="4"/><InteractionEvent Delta="null" EndDate="2014-11-07 10:43:26.713 JST" Interest="40.0" Kind="propagation" Navigation="null" OriginId="org.eclipse.jdt.ui.CompilationUnitEditor" StartDate="2014-11-07 10:26:25.526 JST" StructureHandle="/CutPlanner_A/src/cp/utils/CONS.java" StructureKind="resource" NumEvents="40" CreationCount="38"/><InteractionEvent Delta="null" EndDate="2014-11-07 10:45:22.248 JST" Interest="12.0" Kind="selection" Navigation="null" OriginId="org.eclipse.jdt.ui.CompilationUnitEditor" StartDate="2014-11-07 10:24:42.481 JST" StructureHandle="=CutPlanner_A/src&amp;lt;cp.listeners.view{V_OTL.java" StructureKind="java" NumEvents="12" CreationCount="17"/><InteractionEvent Delta="null" EndDate="2014-11-07 10:47:03.440 JST" Interest="261.388" Kind="propagation" Navigation="org.eclipse.mylyn.core.model.edges.containment" OriginId="org.eclipse.mylyn.core.model.interest.propagation" StartDate="2014-11-07 10:24:49.498 JST" StructureHandle="=CutPlanner_A/src&amp;lt;cp.listeners.view{V_OTL.java" StructureKind="java" NumEvents="378" CreationCount="17"/><InteractionEvent Delta="null" EndDate="2014-11-07 10:45:22.252 JST" Interest="8.0" Kind="edit" Navigation="null" OriginId="org.eclipse.jdt.ui.CompilationUnitEditor" StartDate="2014-11-07 10:38:09.131 JST" StructureHandle="=CutPlanner_A/src&amp;lt;cp.listeners.view{V_OTL.java" StructureKind="java" NumEvents="8" CreationCount="17"/><InteractionEvent Delta="null" EndDate="2014-11-07 10:47:19.15 JST" Interest="4.0" Kind="prediction" Navigation="null" OriginId="org.eclipse.mylyn.resources.ui.interest.updater" StartDate="2014-11-07 10:35:00.994 JST" StructureHandle="/CutPlanner_A/bin/classes.dex" StructureKind="resource" NumEvents="4" CreationCount="347"/><InteractionEvent Delta="null" EndDate="2014-11-07 10:43:26.713 JST" Interest="50.0" Kind="propagation" Navigation="null" OriginId="org.eclipse.jdt.ui.CompilationUnitEditor" StartDate="2014-11-07 10:26:25.526 JST" StructureHandle="/CutPlanner_A/src/cp/utils" StructureKind="resource" NumEvents="50" CreationCount="38"/><InteractionEvent Delta="null" EndDate="2014-11-07 10:47:11.155 JST" Interest="11.0" Kind="selection" Navigation="null" OriginId="org.eclipse.jdt.ui.CompilationUnitEditor" StartDate="2014-11-07 10:24:48.909 JST" StructureHandle="=CutPlanner_A/src&amp;lt;cp.listeners.view{V_OTL.java[V_OTL~_case_ACTION_DOWN__Rect_A~F~F" StructureKind="java" NumEvents="11" CreationCount="20"/><InteractionEvent Delta="null" EndDate="2014-11-07 10:52:14.127 JST" Interest="124.0" Kind="edit" Navigation="null" OriginId="org.eclipse.jdt.ui.CompilationUnitEditor" StartDate="2014-11-07 10:24:49.20 JST" StructureHandle="=CutPlanner_A/src&amp;lt;cp.listeners.view{V_OTL.java[V_OTL~_case_ACTION_DOWN__Rect_A~F~F" StructureKind="java" NumEvents="124" CreationCount="20"/></InteractionHistory>