<?xml version="1.0" encoding="UTF-8"?><InteractionHistory Id="local-175" Version="1"><InteractionEvent Delta="null" EndDate="2014-10-26 11:57:08.806 JST" Interest="1.0" Kind="propagation" Navigation="org.eclipse.mylyn.core.model.edges.containment" OriginId="org.eclipse.mylyn.core.model.interest.propagation" StartDate="2014-10-26 11:57:08.806 JST" StructureHandle="" StructureKind="java"/><InteractionEvent Delta="null" EndDate="2014-10-26 11:58:49.790 JST" Interest="1.0" Kind="propagation" Navigation="null" OriginId="org.eclipse.mylyn.resources.ui.interest.updater" StartDate="2014-10-26 11:58:49.790 JST" StructureHandle="=CutPlanner_A/src&amp;lt;cp.views" StructureKind="java"/><InteractionEvent Delta="null" EndDate="2014-10-26 11:58:52.353 JST" Interest="1.0" Kind="selection" Navigation="null" OriginId="org.eclipse.jdt.ui.PackageExplorer" StartDate="2014-10-26 11:58:52.353 JST" StructureHandle="=CutPlanner_A/src&amp;lt;cp.views" StructureKind="java"/><InteractionEvent Delta="null" EndDate="2014-10-26 11:36:43.763 JST" Interest="15.575001" Kind="manipulation" Navigation="null" OriginId="org.eclipse.mylyn.core.model.interest.decay.correction" StartDate="2014-10-26 11:36:43.763 JST" StructureHandle="=CutPlanner_A/src&amp;lt;cp.utils{CONS.java[CONS[Canvas^Ay1" StructureKind="java"/><InteractionEvent Delta="null" EndDate="2014-10-26 11:36:43.763 JST" Interest="2.0" Kind="selection" Navigation="null" OriginId="org.eclipse.jdt.ui.CompilationUnitEditor" StartDate="2014-10-26 10:51:26.556 JST" StructureHandle="=CutPlanner_A/src&amp;lt;cp.utils{CONS.java[CONS[Canvas^Ay1" StructureKind="java" NumEvents="2" CreationCount="1806"/><InteractionEvent Delta="null" EndDate="2014-10-26 09:05:19.607 JST" Interest="18.0" Kind="edit" Navigation="null" OriginId="org.eclipse.jdt.ui.CompilationUnitEditor" StartDate="2014-10-26 09:05:12.259 JST" StructureHandle="=CutPlanner_A/src&amp;lt;cp.views{CanvasView_4.java[CanvasView_4~_go" StructureKind="java" NumEvents="18" CreationCount="46"/><InteractionEvent Delta="null" EndDate="2014-10-26 09:05:23.616 JST" Interest="6.0" Kind="selection" Navigation="null" OriginId="org.eclipse.jdt.ui.CompilationUnitEditor" StartDate="2014-10-26 09:04:28.599 JST" StructureHandle="=CutPlanner_A/src&amp;lt;cp.views{CanvasView_4.java[CanvasView_4~_go" StructureKind="java" NumEvents="6" CreationCount="46"/><InteractionEvent Delta="null" EndDate="2014-10-26 11:58:52.353 JST" Interest="1922.0" Kind="propagation" Navigation="null" OriginId="org.eclipse.jdt.ui.PackageExplorer" StartDate="2014-10-26 09:03:03.349 JST" StructureHandle="/CutPlanner_A/src/cp/views" StructureKind="resource" NumEvents="1922" CreationCount="8"/><InteractionEvent Delta="null" EndDate="2014-10-26 09:15:57.348 JST" Interest="1.4820001" Kind="manipulation" Navigation="null" OriginId="org.eclipse.mylyn.core.model.interest.decay.correction" StartDate="2014-10-26 09:15:57.348 JST" StructureHandle="/CutPlanner_A/res/layout/actv_main_cv.xml" StructureKind="resource"/><InteractionEvent Delta="null" EndDate="2014-10-26 11:58:50.675 JST" Interest="2.0" Kind="propagation" Navigation="null" OriginId="org.eclipse.mylyn.resources.ui.interest.updater" StartDate="2014-10-26 09:13:40.812 JST" StructureHandle="/CutPlanner_A/res/layout/actv_main_cv.xml" StructureKind="resource" NumEvents="2" CreationCount="428"/><InteractionEvent Delta="null" EndDate="2014-10-26 09:19:40.263 JST" Interest="12.0" Kind="edit" Navigation="null" OriginId="com.android.ide.eclipse.editors.CommonXmlEditor" StartDate="2014-10-26 09:15:57.735 JST" StructureHandle="/CutPlanner_A/res/layout/actv_main_cv.xml" StructureKind="resource" NumEvents="12" CreationCount="428"/><InteractionEvent Delta="null" EndDate="2014-10-26 09:19:28.100 JST" Interest="4.0" Kind="selection" Navigation="null" OriginId="org.eclipse.jdt.ui.PackageExplorer" StartDate="2014-10-26 09:15:57.348 JST" StructureHandle="/CutPlanner_A/res/layout/actv_main_cv.xml" StructureKind="resource" NumEvents="4" CreationCount="428"/><InteractionEvent Delta="null" EndDate="2014-10-26 11:23:03.100 JST" Interest="2.0" Kind="prediction" Navigation="null" OriginId="org.eclipse.mylyn.resources.ui.interest.updater" StartDate="2014-10-26 11:22:58.322 JST" StructureHandle="/CutPlanner_A/res/layout/actv_main_cv.xml" StructureKind="resource" NumEvents="2" CreationCount="428"/><InteractionEvent Delta="null" EndDate="2014-10-26 11:18:02.777 JST" Interest="118.0" Kind="edit" Navigation="null" OriginId="org.eclipse.jdt.ui.CompilationUnitEditor" StartDate="2014-10-26 09:23:48.946 JST" StructureHandle="=CutPlanner_A/src&amp;lt;cp.views{CV.java[CV~drawLine~F~F~F~F~QPaint;" StructureKind="java" NumEvents="118" CreationCount="801"/><InteractionEvent Delta="null" EndDate="2014-10-26 11:33:27.811 JST" Interest="28.0" Kind="selection" Navigation="null" OriginId="org.eclipse.jdt.ui.CompilationUnitEditor" StartDate="2014-10-26 09:23:47.130 JST" StructureHandle="=CutPlanner_A/src&amp;lt;cp.views{CV.java[CV~drawLine~F~F~F~F~QPaint;" StructureKind="java" NumEvents="28" CreationCount="801"/><InteractionEvent Delta="null" EndDate="2014-10-26 09:07:25.606 JST" Interest="26.0" Kind="propagation" Navigation="null" OriginId="org.eclipse.ui.views.ResourceNavigator" StartDate="2014-10-26 09:03:04.114 JST" StructureHandle="/LM1/src/lm1/utils/CONS_Canvas.java" StructureKind="resource" NumEvents="26" CreationCount="9"/><InteractionEvent Delta="null" EndDate="2014-10-26 10:50:34.1 JST" Interest="1.0" Kind="propagation" Navigation="null" OriginId="org.eclipse.ui.views.ResourceNavigator" StartDate="2014-10-26 10:50:34.1 JST" StructureHandle="/LM1/src/lm1/utils/Methods_dlg.java" StructureKind="resource"/><InteractionEvent Delta="null" EndDate="2014-10-27 09:02:06.372 JST" Interest="59.691" Kind="propagation" Navigation="org.eclipse.mylyn.core.model.edges.containment" OriginId="org.eclipse.mylyn.core.model.interest.propagation" StartDate="2014-10-26 09:07:30.135 JST" StructureHandle="=LM1/src&amp;lt;lm1.main{AcceleroActv.java[AcceleroActv" StructureKind="java" NumEvents="68" CreationCount="213"/><InteractionEvent Delta="null" EndDate="2014-10-26 09:04:09.917 JST" Interest="1.0" Kind="selection" Navigation="null" OriginId="org.eclipse.ui.views.ContentOutline" StartDate="2014-10-26 09:04:09.917 JST" StructureHandle="=CutPlanner_A/src&amp;lt;cp.views{CanvasView_4.java[CanvasView_4^RADIAL_GRADIENT_WHITE" StructureKind="java"/><InteractionEvent Delta="null" EndDate="2014-10-26 11:57:06.727 JST" Interest="4.0" Kind="propagation" Navigation="null" OriginId="org.eclipse.jdt.ui.PackageExplorer" StartDate="2014-10-26 11:52:57.468 JST" StructureHandle="/CutPlanner_A/libs/commons-lang-2.1.jar" StructureKind="resource" NumEvents="4" CreationCount="2921"/><InteractionEvent Delta="null" EndDate="2014-10-26 09:05:39.482 JST" Interest="4.0" Kind="edit" Navigation="null" OriginId="org.eclipse.jdt.ui.CompilationUnitEditor" StartDate="2014-10-26 09:05:32.913 JST" StructureHandle="=CutPlanner_A/src&amp;lt;cp.views{CanvasView_4.java[CanvasView_4~onDraw~QCanvas;" StructureKind="java" NumEvents="4" CreationCount="117"/><InteractionEvent Delta="null" EndDate="2014-10-26 09:05:32.442 JST" Interest="3.0" Kind="selection" Navigation="null" OriginId="org.eclipse.jdt.ui.CompilationUnitEditor" StartDate="2014-10-26 09:05:32.299 JST" StructureHandle="=CutPlanner_A/src&amp;lt;cp.views{CanvasView_4.java[CanvasView_4~onDraw~QCanvas;" StructureKind="java" NumEvents="3" CreationCount="117"/><InteractionEvent Delta="null" EndDate="2014-10-26 11:52:53.84 JST" Interest="1.0" Kind="selection" Navigation="null" OriginId="org.eclipse.jdt.ui.PackageExplorer" StartDate="2014-10-26 11:52:53.84 JST" StructureHandle="=CutPlanner_A/src&amp;lt;cp.utils{Tags.java" StructureKind="java"/><InteractionEvent Delta="null" EndDate="2014-10-26 09:37:07.910 JST" Interest="1.0" Kind="edit" Navigation="null" OriginId="org.eclipse.jdt.ui.CompilationUnitEditor" StartDate="2014-10-26 09:37:07.910 JST" StructureHandle="=LM1/src&amp;lt;lm1.views{CanvasView_4.java[CanvasView_4~_drawColorHole__Red~QCanvas;" StructureKind="java"/><InteractionEvent Delta="null" EndDate="2014-10-26 09:37:07.203 JST" Interest="1.0" Kind="selection" Navigation="null" OriginId="org.eclipse.jdt.ui.CompilationUnitEditor" StartDate="2014-10-26 09:37:07.203 JST" StructureHandle="=LM1/src&amp;lt;lm1.views{CanvasView_4.java[CanvasView_4~_drawColorHole__Red~QCanvas;" StructureKind="java"/><InteractionEvent Delta="null" EndDate="2014-10-26 09:36:01.461 JST" Interest="1.0" Kind="selection" Navigation="null" OriginId="org.eclipse.ui.views.ResourceNavigator" StartDate="2014-10-26 09:36:01.461 JST" StructureHandle="/LM1/res/layout/actv_showlist.xml" StructureKind="resource"/><InteractionEvent Delta="null" EndDate="2014-10-26 10:22:33.461 JST" Interest="5.0" Kind="edit" Navigation="null" OriginId="org.eclipse.jdt.ui.CompilationUnitEditor" StartDate="2014-10-26 10:21:18.758 JST" StructureHandle="=LM1/src&amp;lt;lm1.views{CanvasView_4.java[CanvasView_4~_drawColorHole__Green~QCanvas;" StructureKind="java" NumEvents="5" CreationCount="1100"/><InteractionEvent Delta="null" EndDate="2014-10-26 10:22:37.622 JST" Interest="3.0" Kind="selection" Navigation="null" OriginId="org.eclipse.ui.views.ContentOutline" StartDate="2014-10-26 09:37:12.819 JST" StructureHandle="=LM1/src&amp;lt;lm1.views{CanvasView_4.java[CanvasView_4~_drawColorHole__Green~QCanvas;" StructureKind="java" NumEvents="3" CreationCount="1100"/><InteractionEvent Delta="null" EndDate="2014-10-26 10:50:34.1 JST" Interest="31.107002" Kind="propagation" Navigation="org.eclipse.mylyn.core.model.edges.containment" OriginId="org.eclipse.mylyn.core.model.interest.propagation" StartDate="2014-10-26 09:03:04.114 JST" StructureHandle="/LM1/src/lm1/utils" StructureKind="resource" NumEvents="27" CreationCount="9"/><InteractionEvent Delta="null" EndDate="2014-10-27 09:02:06.373 JST" Interest="137.43399" Kind="propagation" Navigation="org.eclipse.mylyn.core.model.edges.containment" OriginId="org.eclipse.mylyn.core.model.interest.propagation" StartDate="2014-10-26 09:03:04.114 JST" StructureHandle="/LM1/src/lm1" StructureKind="resource" NumEvents="139" CreationCount="9"/><InteractionEvent Delta="null" EndDate="2014-10-26 11:22:58.722 JST" Interest="1.0" Kind="selection" Navigation="null" OriginId="org.eclipse.jdt.ui.CompilationUnitEditor" StartDate="2014-10-26 11:22:58.722 JST" StructureHandle="=CutPlanner_A/src&amp;lt;cp.views{draw_Boxes_A.java[draw_Boxes_A~draw_Boxes~QActivity;" StructureKind="java"/><InteractionEvent Delta="null" EndDate="2014-10-26 09:36:26.491 JST" Interest="2.0" Kind="selection" Navigation="null" OriginId="org.eclipse.jdt.ui.CompilationUnitEditor" StartDate="2014-10-26 09:36:26.489 JST" StructureHandle="=LM1/src&amp;lt;lm1.views{CanvasView_4.java[CanvasView_4~_go" StructureKind="java" NumEvents="2" CreationCount="1091"/><InteractionEvent Delta="null" EndDate="2014-10-26 10:31:51.506 JST" Interest="7.0" Kind="edit" Navigation="null" OriginId="org.eclipse.jdt.ui.CompilationUnitEditor" StartDate="2014-10-26 10:31:48.33 JST" StructureHandle="=CutPlanner_A/src&amp;lt;cp.views{CV.java[CV^paint_2" StructureKind="java" NumEvents="7" CreationCount="1294"/><InteractionEvent Delta="null" EndDate="2014-10-26 10:31:48.27 JST" Interest="1.0" Kind="selection" Navigation="null" OriginId="org.eclipse.jdt.ui.CompilationUnitEditor" StartDate="2014-10-26 10:31:48.27 JST" StructureHandle="=CutPlanner_A/src&amp;lt;cp.views{CV.java[CV^paint_2" StructureKind="java"/><InteractionEvent Delta="null" EndDate="2014-10-26 11:40:04.113 JST" Interest="12.858002" Kind="manipulation" Navigation="null" OriginId="org.eclipse.mylyn.core.model.interest.decay.correction" StartDate="2014-10-26 11:17:33.956 JST" StructureHandle="=CutPlanner_A/src&amp;lt;cp.utils{CONS.java[CONS[Canvas^Ax1" StructureKind="java" NumEvents="2" CreationCount="1793"/><InteractionEvent Delta="null" EndDate="2014-10-26 10:52:35.441 JST" Interest="2.0" Kind="edit" Navigation="null" OriginId="org.eclipse.jdt.ui.CompilationUnitEditor" StartDate="2014-10-26 10:50:59.619 JST" StructureHandle="=CutPlanner_A/src&amp;lt;cp.utils{CONS.java[CONS[Canvas^Ax1" StructureKind="java" NumEvents="2" CreationCount="1793"/><InteractionEvent Delta="null" EndDate="2014-10-26 11:40:22.501 JST" Interest="6.0" Kind="selection" Navigation="null" OriginId="org.eclipse.jdt.ui.CompilationUnitEditor" StartDate="2014-10-26 10:50:55.299 JST" StructureHandle="=CutPlanner_A/src&amp;lt;cp.utils{CONS.java[CONS[Canvas^Ax1" StructureKind="java" NumEvents="6" CreationCount="1793"/><InteractionEvent Delta="null" EndDate="2014-10-26 10:51:06.743 JST" Interest="1.0" Kind="selection" Navigation="null" OriginId="org.eclipse.jdt.ui.CompilationUnitEditor" StartDate="2014-10-26 10:51:06.743 JST" StructureHandle="=CutPlanner_A/src&amp;lt;cp.utils{CONS.java[CONS[Canvas^Ax1!2" StructureKind="java"/><InteractionEvent Delta="null" EndDate="2014-10-26 09:04:47.563 JST" Interest="3.0" Kind="edit" Navigation="null" OriginId="org.eclipse.jdt.ui.CompilationUnitEditor" StartDate="2014-10-26 09:04:43.960 JST" StructureHandle="=CutPlanner_A/src&amp;lt;cp.views{CanvasView_4.java[CanvasView_4~CanvasView_4~QContext;~QAttributeSet;" StructureKind="java" NumEvents="3" CreationCount="54"/><InteractionEvent Delta="null" EndDate="2014-10-26 09:04:53.106 JST" Interest="6.0" Kind="selection" Navigation="null" OriginId="org.eclipse.jdt.ui.CompilationUnitEditor" StartDate="2014-10-26 09:04:43.351 JST" StructureHandle="=CutPlanner_A/src&amp;lt;cp.views{CanvasView_4.java[CanvasView_4~CanvasView_4~QContext;~QAttributeSet;" StructureKind="java" NumEvents="6" CreationCount="54"/><InteractionEvent Delta="null" EndDate="2014-10-26 10:25:46.747 JST" Interest="17.377" Kind="manipulation" Navigation="null" OriginId="org.eclipse.mylyn.core.model.interest.decay.correction" StartDate="2014-10-26 10:25:46.747 JST" StructureHandle="=CutPlanner_A/src&amp;lt;cp.views{CV.java[CV~CV~QContext;~QAttributeSet;" StructureKind="java"/><InteractionEvent Delta="null" EndDate="2014-10-26 11:32:37.530 JST" Interest="224.0" Kind="edit" Navigation="null" OriginId="org.eclipse.jdt.ui.CompilationUnitEditor" StartDate="2014-10-26 10:25:46.750 JST" StructureHandle="=CutPlanner_A/src&amp;lt;cp.views{CV.java[CV~CV~QContext;~QAttributeSet;" StructureKind="java" NumEvents="224" CreationCount="135"/><InteractionEvent Delta="null" EndDate="2014-10-26 11:32:56.47 JST" Interest="20.0" Kind="selection" Navigation="null" OriginId="org.eclipse.jdt.ui.CompilationUnitEditor" StartDate="2014-10-26 09:06:10.493 JST" StructureHandle="=CutPlanner_A/src&amp;lt;cp.views{CV.java[CV~CV~QContext;~QAttributeSet;" StructureKind="java" NumEvents="20" CreationCount="135"/><InteractionEvent Delta="null" EndDate="2014-10-26 11:58:42.218 JST" Interest="2641.0" Kind="propagation" Navigation="org.eclipse.mylyn.core.model.edges.containment" OriginId="org.eclipse.mylyn.core.model.interest.propagation" StartDate="2014-10-26 09:02:51.129 JST" StructureHandle="/" StructureKind="resource" NumEvents="2642" CreationCount="1"/><InteractionEvent Delta="null" EndDate="2014-10-26 09:17:38.719 JST" Interest="1.0" Kind="propagation" Navigation="null" OriginId="org.eclipse.mylyn.resources.ui.interest.updater" StartDate="2014-10-26 09:17:38.719 JST" StructureHandle="/CutPlanner_A/bin/dexedLibs/commons-lang-2.1-b28a33ce5569696dfe6f476c768e5640.jar" StructureKind="resource"/><InteractionEvent Delta="null" EndDate="2014-10-26 09:17:38.719 JST" Interest="1.0" Kind="propagation" Navigation="null" OriginId="org.eclipse.mylyn.resources.ui.interest.updater" StartDate="2014-10-26 09:17:38.719 JST" StructureHandle="/CutPlanner_A/bin/dexedLibs/annotations-d288b20aa2286e3172641d3161bdbc70.jar" StructureKind="resource"/><InteractionEvent Delta="null" EndDate="2014-10-26 09:36:10.902 JST" Interest="13.535001" Kind="manipulation" Navigation="null" OriginId="org.eclipse.mylyn.core.model.interest.decay.correction" StartDate="2014-10-26 09:36:10.902 JST" StructureHandle="=LM1/src&amp;lt;lm1.views{CanvasView_4.java%lm1.views" StructureKind="java"/><InteractionEvent Delta="null" EndDate="2014-10-26 09:36:10.901 JST" Interest="2.0" Kind="selection" Navigation="null" OriginId="org.eclipse.ui.views.ContentOutline" StartDate="2014-10-26 09:07:41.227 JST" StructureHandle="=LM1/src&amp;lt;lm1.views{CanvasView_4.java%lm1.views" StructureKind="java" NumEvents="2" CreationCount="225"/><InteractionEvent Delta="null" EndDate="2014-10-26 09:04:09.915 JST" Interest="1.0" Kind="selection" Navigation="null" OriginId="org.eclipse.ui.views.ContentOutline" StartDate="2014-10-26 09:04:09.915 JST" StructureHandle="=CutPlanner_A/src&amp;lt;cp.views{CanvasView_4.java[CanvasView_4^RADIAL_GRADIENT_RED" StructureKind="java"/><InteractionEvent Delta="null" EndDate="2014-10-26 11:36:53.163 JST" Interest="13.246001" Kind="manipulation" Navigation="null" OriginId="org.eclipse.mylyn.core.model.interest.decay.correction" StartDate="2014-10-26 11:36:53.163 JST" StructureHandle="=CutPlanner_A/src&amp;lt;cp.utils{CONS.java[CONS[Canvas^Bx1" StructureKind="java"/><InteractionEvent Delta="null" EndDate="2014-10-26 10:52:43.213 JST" Interest="1.0" Kind="edit" Navigation="null" OriginId="org.eclipse.jdt.ui.CompilationUnitEditor" StartDate="2014-10-26 10:52:43.213 JST" StructureHandle="=CutPlanner_A/src&amp;lt;cp.utils{CONS.java[CONS[Canvas^Bx1" StructureKind="java"/><InteractionEvent Delta="null" EndDate="2014-10-26 11:37:11.141 JST" Interest="4.0" Kind="selection" Navigation="null" OriginId="org.eclipse.jdt.ui.CompilationUnitEditor" StartDate="2014-10-26 10:52:42.337 JST" StructureHandle="=CutPlanner_A/src&amp;lt;cp.utils{CONS.java[CONS[Canvas^Bx1" StructureKind="java" NumEvents="4" CreationCount="1849"/><InteractionEvent Delta="null" EndDate="2014-10-26 11:22:58.723 JST" Interest="1.0" Kind="propagation" Navigation="null" OriginId="org.eclipse.jdt.ui.CompilationUnitEditor" StartDate="2014-10-26 11:22:58.723 JST" StructureHandle="/CutPlanner_A/src/cp/views/draw_Boxes_A.java" StructureKind="resource"/><InteractionEvent Delta="null" EndDate="2014-10-26 11:53:04.12 JST" Interest="36.777" Kind="manipulation" Navigation="null" OriginId="org.eclipse.mylyn.core.model.interest.decay.correction" StartDate="2014-10-26 11:53:04.12 JST" StructureHandle="/CutPlanner_A/res/drawable-hdpi" StructureKind="resource"/><InteractionEvent Delta="null" EndDate="2014-10-26 11:53:04.12 JST" Interest="3.0" Kind="selection" Navigation="null" OriginId="org.eclipse.jdt.ui.PackageExplorer" StartDate="2014-10-26 09:19:28.194 JST" StructureHandle="/CutPlanner_A/res/drawable-hdpi" StructureKind="resource" NumEvents="3" CreationCount="640"/><InteractionEvent Delta="null" EndDate="2014-10-26 10:51:17.241 JST" Interest="2.0" Kind="edit" Navigation="null" OriginId="org.eclipse.jdt.ui.CompilationUnitEditor" StartDate="2014-10-26 10:51:15.198 JST" StructureHandle="=CutPlanner_A/src&amp;lt;cp.utils{CONS.java[CONS[Canvas^Ax2" StructureKind="java" NumEvents="2" CreationCount="1797"/><InteractionEvent Delta="null" EndDate="2014-10-26 09:14:45.371 JST" Interest="3.0" Kind="selection" Navigation="null" OriginId="org.eclipse.jdt.ui.CompilationUnitEditor" StartDate="2014-10-26 09:14:36.94 JST" StructureHandle="=LM1/src&amp;lt;lm1.main{AcceleroActv.java[AcceleroActv~onBackPressed" StructureKind="java" NumEvents="3" CreationCount="493"/><InteractionEvent Delta="null" EndDate="2014-10-26 11:58:52.353 JST" Interest="1922.119" Kind="propagation" Navigation="org.eclipse.mylyn.core.model.edges.containment" OriginId="org.eclipse.mylyn.core.model.interest.propagation" StartDate="2014-10-26 09:02:51.129 JST" StructureHandle="/CutPlanner_A/src/cp" StructureKind="resource" NumEvents="1923" CreationCount="1"/><InteractionEvent Delta="null" EndDate="2014-10-26 11:32:19.515 JST" Interest="2.0" Kind="edit" Navigation="null" OriginId="org.eclipse.jdt.ui.CompilationUnitEditor" StartDate="2014-10-26 11:32:15.961 JST" StructureHandle="=CutPlanner_A/src&amp;lt;cp.utils{CONS.java[CONS[Canvas^p1!2" StructureKind="java" NumEvents="2" CreationCount="2610"/><InteractionEvent Delta="null" EndDate="2014-10-26 09:07:19.585 JST" Interest="2.0" Kind="edit" Navigation="null" OriginId="org.eclipse.jdt.ui.CompilationUnitEditor" StartDate="2014-10-26 09:07:19.569 JST" StructureHandle="=LM1/src&amp;lt;lm1.utils{CONS_Canvas.java[CONS_Canvas[Main^BOUNDS_OFFSET_BLUE_LEFT" StructureKind="java" NumEvents="2" CreationCount="199"/><InteractionEvent Delta="null" EndDate="2014-10-26 09:07:18.68 JST" Interest="1.0" Kind="selection" Navigation="null" OriginId="org.eclipse.ui.views.ContentOutline" StartDate="2014-10-26 09:07:18.68 JST" StructureHandle="=LM1/src&amp;lt;lm1.utils{CONS_Canvas.java[CONS_Canvas[Main^BOUNDS_OFFSET_BLUE_LEFT" StructureKind="java"/><InteractionEvent Delta="null" EndDate="2014-10-26 11:36:02.412 JST" Interest="243.365" Kind="propagation" Navigation="org.eclipse.mylyn.core.model.edges.containment" OriginId="org.eclipse.mylyn.core.model.interest.propagation" StartDate="2014-10-26 09:09:12.143 JST" StructureHandle="=CutPlanner_A/src&amp;lt;cp.main" StructureKind="java" NumEvents="334" CreationCount="278"/><InteractionEvent Delta="null" EndDate="2014-10-26 11:58:44.458 JST" Interest="3.0" Kind="selection" Navigation="null" OriginId="org.eclipse.jdt.ui.PackageExplorer" StartDate="2014-10-26 11:57:06.834 JST" StructureHandle="=CutPlanner_A/src&amp;lt;cp.main" StructureKind="java" NumEvents="3" CreationCount="278"/><InteractionEvent Delta="null" EndDate="2014-10-26 11:39:57.907 JST" Interest="40.395" Kind="manipulation" Navigation="null" OriginId="org.eclipse.mylyn.core.model.interest.decay.correction" StartDate="2014-10-26 11:39:57.907 JST" StructureHandle="=CutPlanner_A/src&amp;lt;cp.utils{CONS.java[CONS[Enums[SortType" StructureKind="java"/><InteractionEvent Delta="null" EndDate="2014-10-26 11:39:57.907 JST" Interest="2.0" Kind="selection" Navigation="null" OriginId="org.eclipse.jdt.ui.CompilationUnitEditor" StartDate="2014-10-26 09:13:43.167 JST" StructureHandle="=CutPlanner_A/src&amp;lt;cp.utils{CONS.java[CONS[Enums[SortType" StructureKind="java" NumEvents="2" CreationCount="430"/><InteractionEvent Delta="null" EndDate="2014-10-26 09:09:10.434 JST" Interest="0.13900006" Kind="manipulation" Navigation="null" OriginId="org.eclipse.mylyn.core.model.interest.decay.correction" StartDate="2014-10-26 09:09:10.434 JST" StructureHandle="=CutPlanner_A/src&amp;lt;cp.listeners.dialog" StructureKind="java"/><InteractionEvent Delta="null" EndDate="2014-10-26 09:09:10.433 JST" Interest="2.0" Kind="selection" Navigation="null" OriginId="org.eclipse.jdt.ui.PackageExplorer" StartDate="2014-10-26 09:07:24.746 JST" StructureHandle="=CutPlanner_A/src&amp;lt;cp.listeners.dialog" StructureKind="java" NumEvents="2" CreationCount="209"/><InteractionEvent Delta="null" EndDate="2014-10-26 11:57:08.806 JST" Interest="1.0" Kind="selection" Navigation="null" OriginId="org.eclipse.jdt.ui.PackageExplorer" StartDate="2014-10-26 11:57:08.806 JST" StructureHandle="=SmartProgramingAndroid2-sample" StructureKind="java"/><InteractionEvent Delta="null" EndDate="2014-10-26 11:58:49.789 JST" Interest="1.0" Kind="prediction" Navigation="null" OriginId="org.eclipse.mylyn.resources.ui.interest.updater" StartDate="2014-10-26 11:58:49.789 JST" StructureHandle="=CutPlanner_A/src&amp;lt;cp.main{MainActv.java" StructureKind="java"/><InteractionEvent Delta="null" EndDate="2014-10-26 11:41:28.520 JST" Interest="29.0" Kind="prediction" Navigation="null" OriginId="org.eclipse.mylyn.resources.ui.interest.updater" StartDate="2014-10-26 09:20:07.390 JST" StructureHandle="/CutPlanner_A/bin/CutPlanner_A.apk" StructureKind="resource" NumEvents="29" CreationCount="677"/><InteractionEvent Delta="null" EndDate="2014-10-26 11:57:08.806 JST" Interest="1.0" Kind="propagation" Navigation="null" OriginId="org.eclipse.jdt.ui.PackageExplorer" StartDate="2014-10-26 11:57:08.806 JST" StructureHandle="/SmartProgramingAndroid2-sample" StructureKind="resource"/><InteractionEvent Delta="null" EndDate="2014-10-26 09:14:32.248 JST" Interest="4.0" Kind="selection" Navigation="null" OriginId="org.eclipse.jdt.ui.CompilationUnitEditor" StartDate="2014-10-26 09:14:06.344 JST" StructureHandle="=LM1/src&amp;lt;lm1.main{AcceleroActv.java[AcceleroActv~onDestroy" StructureKind="java" NumEvents="4" CreationCount="450"/><InteractionEvent Delta="null" EndDate="2014-10-26 09:07:10.84 JST" Interest="3.0" Kind="selection" Navigation="null" OriginId="org.eclipse.jdt.ui.CompilationUnitEditor" StartDate="2014-10-26 09:06:22.866 JST" StructureHandle="=LM1/src&amp;lt;lm1.utils{CONS_Canvas.java[CONS_Canvas[Main^RADIUS" StructureKind="java" NumEvents="3" CreationCount="139"/><InteractionEvent Delta="null" EndDate="2014-10-26 10:50:35.131 JST" Interest="10.985001" Kind="manipulation" Navigation="null" OriginId="org.eclipse.mylyn.core.model.interest.decay.correction" StartDate="2014-10-26 10:50:35.131 JST" StructureHandle="=CutPlanner_A/src&amp;lt;cp.utils{Methods.java" StructureKind="java"/><InteractionEvent Delta="null" EndDate="2014-10-26 10:50:35.131 JST" Interest="2.0" Kind="selection" Navigation="null" OriginId="org.eclipse.jdt.ui.PackageExplorer" StartDate="2014-10-26 09:35:59.477 JST" StructureHandle="=CutPlanner_A/src&amp;lt;cp.utils{Methods.java" StructureKind="java" NumEvents="2" CreationCount="1075"/><InteractionEvent Delta="null" EndDate="2014-10-26 09:28:38.749 JST" Interest="2.0" Kind="propagation" Navigation="org.eclipse.mylyn.core.model.edges.containment" OriginId="org.eclipse.mylyn.core.model.interest.propagation" StartDate="2014-10-26 09:28:23.386 JST" StructureHandle="=CutPlanner_A/src&amp;lt;cp.views{CV.java#" StructureKind="java" NumEvents="2" CreationCount="856"/><InteractionEvent Delta="null" EndDate="2014-10-26 11:27:47.993 JST" Interest="32.433002" Kind="propagation" Navigation="org.eclipse.mylyn.core.model.edges.containment" OriginId="org.eclipse.mylyn.core.model.interest.propagation" StartDate="2014-10-26 09:17:38.720 JST" StructureHandle="/CutPlanner_A/bin" StructureKind="resource" NumEvents="3" CreationCount="628"/><InteractionEvent Delta="null" EndDate="2014-10-26 11:21:37.914 JST" Interest="20.733002" Kind="manipulation" Navigation="null" OriginId="org.eclipse.mylyn.core.model.interest.decay.correction" StartDate="2014-10-26 09:35:55.209 JST" StructureHandle="=CutPlanner_A/src&amp;lt;cp.views{CV.java[CV~_go" StructureKind="java" NumEvents="2" CreationCount="136"/><InteractionEvent Delta="null" EndDate="2014-10-26 11:22:43.85 JST" Interest="5.0" Kind="edit" Navigation="null" OriginId="org.eclipse.jdt.ui.CompilationUnitEditor" StartDate="2014-10-26 09:35:55.212 JST" StructureHandle="=CutPlanner_A/src&amp;lt;cp.views{CV.java[CV~_go" StructureKind="java" NumEvents="5" CreationCount="136"/><InteractionEvent Delta="null" EndDate="2014-10-26 11:26:19.291 JST" Interest="17.0" Kind="selection" Navigation="null" OriginId="org.eclipse.jdt.ui.CompilationUnitEditor" StartDate="2014-10-26 09:06:20.199 JST" StructureHandle="=CutPlanner_A/src&amp;lt;cp.views{CV.java[CV~_go" StructureKind="java" NumEvents="17" CreationCount="136"/><InteractionEvent Delta="null" EndDate="2014-10-26 11:52:48.914 JST" Interest="491.159" Kind="propagation" Navigation="org.eclipse.mylyn.core.model.edges.containment" OriginId="org.eclipse.mylyn.core.model.interest.propagation" StartDate="2014-10-26 09:02:51.130 JST" StructureHandle="=CutPlanner_A/src" StructureKind="java" NumEvents="735" CreationCount="1"/><InteractionEvent Delta="null" EndDate="2014-10-26 11:58:46.259 JST" Interest="2.0" Kind="selection" Navigation="null" OriginId="org.eclipse.jdt.ui.PackageExplorer" StartDate="2014-10-26 11:52:50.669 JST" StructureHandle="=CutPlanner_A/src" StructureKind="java" NumEvents="2" CreationCount="1"/><InteractionEvent Delta="null" EndDate="2014-10-26 11:41:12.941 JST" Interest="220.0" Kind="edit" Navigation="null" OriginId="org.eclipse.jdt.ui.CompilationUnitEditor" StartDate="2014-10-26 10:54:13.254 JST" StructureHandle="=CutPlanner_A/src&amp;lt;cp.views{CV.java[CV~draw_Boxes_A~QActivity;" StructureKind="java" NumEvents="220" CreationCount="1883"/><InteractionEvent Delta="null" EndDate="2014-10-26 11:41:09.753 JST" Interest="36.0" Kind="selection" Navigation="null" OriginId="org.eclipse.jdt.ui.CompilationUnitEditor" StartDate="2014-10-26 10:54:06.911 JST" StructureHandle="=CutPlanner_A/src&amp;lt;cp.views{CV.java[CV~draw_Boxes_A~QActivity;" StructureKind="java" NumEvents="36" CreationCount="1883"/><InteractionEvent Delta="null" EndDate="2014-10-26 10:50:34.1 JST" Interest="1.0" Kind="selection" Navigation="null" OriginId="org.eclipse.ui.views.ResourceNavigator" StartDate="2014-10-26 10:50:34.1 JST" StructureHandle="=LM1/src&amp;lt;lm1.utils{Methods_dlg.java" StructureKind="java"/><InteractionEvent Delta="null" EndDate="2014-10-26 09:33:36.802 JST" Interest="4.0" Kind="edit" Navigation="null" OriginId="org.eclipse.jdt.ui.CompilationUnitEditor" StartDate="2014-10-26 09:33:13.219 JST" StructureHandle="=CutPlanner_A/src&amp;lt;cp.views{CV.java[CV~_clear" StructureKind="java" NumEvents="4" CreationCount="1011"/><InteractionEvent Delta="null" EndDate="2014-10-26 09:33:13.210 JST" Interest="1.0" Kind="selection" Navigation="null" OriginId="org.eclipse.jdt.ui.CompilationUnitEditor" StartDate="2014-10-26 09:33:13.210 JST" StructureHandle="=CutPlanner_A/src&amp;lt;cp.views{CV.java[CV~_clear" StructureKind="java"/><InteractionEvent Delta="null" EndDate="2014-10-26 10:50:42.671 JST" Interest="24.186003" Kind="manipulation" Navigation="null" OriginId="org.eclipse.mylyn.core.model.interest.decay.correction" StartDate="2014-10-26 09:09:31.116 JST" StructureHandle="=CutPlanner_A/src&amp;lt;cp.utils{CONS.java[CONS[Canvas" StructureKind="java" NumEvents="2" CreationCount="27"/><InteractionEvent Delta="null" EndDate="2014-10-26 11:57:02.910 JST" Interest="42.0" Kind="edit" Navigation="null" OriginId="org.eclipse.jdt.ui.CompilationUnitEditor" StartDate="2014-10-26 09:13:42.567 JST" StructureHandle="=CutPlanner_A/src&amp;lt;cp.utils{CONS.java[CONS[Canvas" StructureKind="java" NumEvents="42" CreationCount="27"/><InteractionEvent Delta="null" EndDate="2014-10-26 11:57:02.317 JST" Interest="35.0" Kind="selection" Navigation="null" OriginId="org.eclipse.jdt.ui.CompilationUnitEditor" StartDate="2014-10-26 09:03:31.392 JST" StructureHandle="=CutPlanner_A/src&amp;lt;cp.utils{CONS.java[CONS[Canvas" StructureKind="java" NumEvents="35" CreationCount="27"/><InteractionEvent Delta="null" EndDate="2014-10-26 09:07:46.616 JST" Interest="3.0" Kind="selection" Navigation="null" OriginId="org.eclipse.jdt.ui.CompilationUnitEditor" StartDate="2014-10-26 09:07:44.397 JST" StructureHandle="=LM1/src&amp;lt;lm1.views{CanvasView_4.java[CanvasView_4~_clear__BoundsOffset_" StructureKind="java" NumEvents="3" CreationCount="226"/><InteractionEvent Delta="null" EndDate="2014-10-26 09:10:57.382 JST" Interest="1.0" Kind="propagation" Navigation="null" OriginId="org.eclipse.mylyn.resources.ui.interest.updater" StartDate="2014-10-26 09:10:57.382 JST" StructureHandle="/CutPlanner_A/res/layout/actv_accelero_4.xml" StructureKind="resource"/><InteractionEvent Delta="null" EndDate="2014-10-26 09:13:10.477 JST" Interest="23.0" Kind="edit" Navigation="null" OriginId="com.android.ide.eclipse.editors.CommonXmlEditor" StartDate="2014-10-26 09:10:59.412 JST" StructureHandle="/CutPlanner_A/res/layout/actv_accelero_4.xml" StructureKind="resource" NumEvents="23" CreationCount="352"/><InteractionEvent Delta="null" EndDate="2014-10-26 09:13:26.421 JST" Interest="12.0" Kind="selection" Navigation="null" OriginId="org.eclipse.jdt.ui.PackageExplorer" StartDate="2014-10-26 09:10:58.667 JST" StructureHandle="/CutPlanner_A/res/layout/actv_accelero_4.xml" StructureKind="resource" NumEvents="12" CreationCount="352"/><InteractionEvent Delta="null" EndDate="2014-10-26 10:50:33.907 JST" Interest="27.469002" Kind="propagation" Navigation="org.eclipse.mylyn.core.model.edges.containment" OriginId="org.eclipse.mylyn.core.model.interest.propagation" StartDate="2014-10-26 09:07:38.239 JST" StructureHandle="=LM1/src&amp;lt;lm1.views" StructureKind="java" NumEvents="26" CreationCount="221"/><InteractionEvent Delta="null" EndDate="2014-10-26 11:57:02.910 JST" Interest="88.01101" Kind="propagation" Navigation="org.eclipse.mylyn.core.model.edges.containment" OriginId="org.eclipse.mylyn.core.model.interest.propagation" StartDate="2014-10-26 09:02:51.363 JST" StructureHandle="=CutPlanner_A/src&amp;lt;cp.utils{CONS.java[CONS" StructureKind="java" NumEvents="116" CreationCount="2"/><InteractionEvent Delta="null" EndDate="2014-10-26 09:03:27.486 JST" Interest="1.0" Kind="selection" Navigation="null" OriginId="org.eclipse.jdt.ui.CompilationUnitEditor" StartDate="2014-10-26 09:03:27.486 JST" StructureHandle="=CutPlanner_A/src&amp;lt;cp.utils{CONS.java[CONS" StructureKind="java"/><InteractionEvent Delta="null" EndDate="2014-10-26 09:03:01.922 JST" Interest="4.0" Kind="edit" Navigation="null" OriginId="org.eclipse.jdt.ui.CompilationUnitEditor" StartDate="2014-10-26 09:02:51.363 JST" StructureHandle="=CutPlanner_A/src&amp;lt;cp.utils{CONS.java[CONS[MoveMode" StructureKind="java" NumEvents="4" CreationCount="2"/><InteractionEvent Delta="null" EndDate="2014-10-26 09:03:18.294 JST" Interest="2.0" Kind="selection" Navigation="null" OriginId="org.eclipse.jdt.ui.CompilationUnitEditor" StartDate="2014-10-26 09:02:55.146 JST" StructureHandle="=CutPlanner_A/src&amp;lt;cp.utils{CONS.java[CONS[MoveMode" StructureKind="java" NumEvents="2" CreationCount="2"/><InteractionEvent Delta="null" EndDate="2014-10-26 10:50:39.318 JST" Interest="1.0" Kind="selection" Navigation="null" OriginId="org.eclipse.jdt.ui.CompilationUnitEditor" StartDate="2014-10-26 10:50:39.318 JST" StructureHandle="=CutPlanner_A/src&amp;lt;cp.utils{CONS.java[CONS[Intent" StructureKind="java"/><InteractionEvent Delta="null" EndDate="2014-10-26 10:50:33.907 JST" Interest="53.0" Kind="propagation" Navigation="org.eclipse.mylyn.core.model.edges.containment" OriginId="org.eclipse.mylyn.core.model.interest.propagation" StartDate="2014-10-26 09:07:38.239 JST" StructureHandle="/LM1/src/lm1/views" StructureKind="resource" NumEvents="53" CreationCount="221"/><InteractionEvent Delta="null" EndDate="2014-10-26 09:12:44.69 JST" Interest="18.2" Kind="propagation" Navigation="org.eclipse.mylyn.core.model.edges.containment" OriginId="org.eclipse.mylyn.core.model.interest.propagation" StartDate="2014-10-26 09:11:10.601 JST" StructureHandle="/CutPlanner_A/res/values" StructureKind="resource" NumEvents="23" CreationCount="359"/><InteractionEvent Delta="null" EndDate="2014-10-26 09:15:50.856 JST" Interest="1.0" Kind="selection" Navigation="null" OriginId="org.eclipse.jdt.ui.PackageExplorer" StartDate="2014-10-26 09:15:50.856 JST" StructureHandle="/CutPlanner_A/res/values" StructureKind="resource"/><InteractionEvent Delta="null" EndDate="2014-10-26 11:52:34.447 JST" Interest="1819.0" Kind="propagation" Navigation="null" OriginId="org.eclipse.jdt.ui.CompilationUnitEditor" StartDate="2014-10-26 09:05:54.531 JST" StructureHandle="/CutPlanner_A/src/cp/views/CV.java" StructureKind="resource" NumEvents="1819" CreationCount="127"/><InteractionEvent Delta="null" EndDate="2014-10-26 10:50:37.114 JST" Interest="2.2770023" Kind="manipulation" Navigation="null" OriginId="org.eclipse.mylyn.core.model.interest.decay.correction" StartDate="2014-10-26 10:50:37.114 JST" StructureHandle="/CutPlanner_A/src/cp/utils/CONS.java" StructureKind="resource"/><InteractionEvent Delta="null" EndDate="2014-10-26 11:57:05.674 JST" Interest="241.0" Kind="propagation" Navigation="null" OriginId="org.eclipse.jdt.ui.CompilationUnitEditor" StartDate="2014-10-26 09:02:51.129 JST" StructureHandle="/CutPlanner_A/src/cp/utils/CONS.java" StructureKind="resource" NumEvents="241" CreationCount="1"/><InteractionEvent Delta="null" EndDate="2014-10-26 09:07:36.257 JST" Interest="1.0" Kind="selection" Navigation="null" OriginId="org.eclipse.ui.views.ResourceNavigator" StartDate="2014-10-26 09:07:36.257 JST" StructureHandle="=LM1/src&amp;lt;lm1.main{SensorsActv.java" StructureKind="java"/><InteractionEvent Delta="null" EndDate="2014-10-27 09:02:06.376 JST" Interest="215.0" Kind="propagation" Navigation="org.eclipse.mylyn.core.model.edges.containment" OriginId="org.eclipse.mylyn.core.model.interest.propagation" StartDate="2014-10-26 09:03:04.114 JST" StructureHandle="=LM1" StructureKind="resource" NumEvents="215" CreationCount="9"/><InteractionEvent Delta="null" EndDate="2014-10-26 11:39:57.907 JST" Interest="46.231003" Kind="propagation" Navigation="org.eclipse.mylyn.core.model.edges.containment" OriginId="org.eclipse.mylyn.core.model.interest.propagation" StartDate="2014-10-26 09:13:43.168 JST" StructureHandle="=CutPlanner_A/src&amp;lt;cp.utils{CONS.java[CONS[Enums" StructureKind="java" NumEvents="4" CreationCount="22"/><InteractionEvent Delta="null" EndDate="2014-10-26 09:03:25.865 JST" Interest="3.0" Kind="edit" Navigation="null" OriginId="org.eclipse.jdt.ui.CompilationUnitEditor" StartDate="2014-10-26 09:03:22.886 JST" StructureHandle="=CutPlanner_A/src&amp;lt;cp.utils{CONS.java[CONS[Enums" StructureKind="java" NumEvents="3" CreationCount="22"/><InteractionEvent Delta="null" EndDate="2014-10-26 09:03:22.280 JST" Interest="1.0" Kind="selection" Navigation="null" OriginId="org.eclipse.jdt.ui.CompilationUnitEditor" StartDate="2014-10-26 09:03:22.280 JST" StructureHandle="=CutPlanner_A/src&amp;lt;cp.utils{CONS.java[CONS[Enums" StructureKind="java"/><InteractionEvent Delta="null" EndDate="2014-10-26 09:33:37.378 JST" Interest="1.0" Kind="edit" Navigation="null" OriginId="org.eclipse.jdt.ui.CompilationUnitEditor" StartDate="2014-10-26 09:33:37.378 JST" StructureHandle="=CutPlanner_A/src&amp;lt;cp.views{CV.java[CV~clearDrawList" StructureKind="java"/><InteractionEvent Delta="null" EndDate="2014-10-26 09:33:37.370 JST" Interest="1.0" Kind="selection" Navigation="null" OriginId="org.eclipse.jdt.ui.CompilationUnitEditor" StartDate="2014-10-26 09:33:37.370 JST" StructureHandle="=CutPlanner_A/src&amp;lt;cp.views{CV.java[CV~clearDrawList" StructureKind="java"/><InteractionEvent Delta="null" EndDate="2014-10-27 09:02:06.376 JST" Interest="215.0" Kind="propagation" Navigation="null" OriginId="org.eclipse.jdt.ui.PackageExplorer" StartDate="2014-10-26 09:03:04.114 JST" StructureHandle="/LM1/src" StructureKind="resource" NumEvents="215" CreationCount="9"/><InteractionEvent Delta="null" EndDate="2014-10-27 09:02:06.375 JST" Interest="135.0" Kind="propagation" Navigation="null" OriginId="org.eclipse.jdt.ui.PackageExplorer" StartDate="2014-10-26 09:07:28.341 JST" StructureHandle="/LM1/src/lm1/main" StructureKind="resource" NumEvents="135" CreationCount="211"/><InteractionEvent Delta="null" EndDate="2014-10-26 11:41:28.520 JST" Interest="29.0" Kind="prediction" Navigation="null" OriginId="org.eclipse.mylyn.resources.ui.interest.updater" StartDate="2014-10-26 09:20:07.391 JST" StructureHandle="/CutPlanner_A/bin/classes.dex" StructureKind="resource" NumEvents="29" CreationCount="677"/><InteractionEvent Delta="null" EndDate="2014-10-26 11:57:05.675 JST" Interest="244.27701" Kind="propagation" Navigation="null" OriginId="org.eclipse.jdt.ui.CompilationUnitEditor" StartDate="2014-10-26 09:02:51.129 JST" StructureHandle="/CutPlanner_A/src/cp/utils" StructureKind="resource" NumEvents="244" CreationCount="1"/><InteractionEvent Delta="null" EndDate="2014-10-26 11:36:45.760 JST" Interest="0.7730005" Kind="manipulation" Navigation="null" OriginId="org.eclipse.mylyn.core.model.interest.decay.correction" StartDate="2014-10-26 11:36:45.760 JST" StructureHandle="=CutPlanner_A/src&amp;lt;cp.utils{CONS.java[CONS[Canvas^DrawA" StructureKind="java"/><InteractionEvent Delta="null" EndDate="2014-10-26 11:36:46.320 JST" Interest="5.0" Kind="edit" Navigation="null" OriginId="org.eclipse.jdt.ui.CompilationUnitEditor" StartDate="2014-10-26 11:29:03.461 JST" StructureHandle="=CutPlanner_A/src&amp;lt;cp.utils{CONS.java[CONS[Canvas^DrawA" StructureKind="java" NumEvents="5" CreationCount="2513"/><InteractionEvent Delta="null" EndDate="2014-10-26 11:36:45.760 JST" Interest="2.0" Kind="selection" Navigation="null" OriginId="org.eclipse.jdt.ui.CompilationUnitEditor" StartDate="2014-10-26 11:29:00.275 JST" StructureHandle="=CutPlanner_A/src&amp;lt;cp.utils{CONS.java[CONS[Canvas^DrawA" StructureKind="java" NumEvents="2" CreationCount="2513"/><InteractionEvent Delta="null" EndDate="2014-10-26 11:57:08.651 JST" Interest="2635.0" Kind="propagation" Navigation="org.eclipse.mylyn.core.model.edges.containment" OriginId="org.eclipse.mylyn.core.model.interest.propagation" StartDate="2014-10-26 09:02:51.129 JST" StructureHandle="=CutPlanner_A" StructureKind="resource" NumEvents="2635" CreationCount="1"/><InteractionEvent Delta="null" EndDate="2014-10-26 11:58:42.218 JST" Interest="6.0" Kind="selection" Navigation="null" OriginId="org.eclipse.jdt.ui.PackageExplorer" StartDate="2014-10-26 11:57:11.522 JST" StructureHandle="=CutPlanner_A" StructureKind="java" NumEvents="6" CreationCount="1"/><InteractionEvent Delta="null" EndDate="2014-10-26 11:31:09.933 JST" Interest="0.0200001" Kind="manipulation" Navigation="null" OriginId="org.eclipse.mylyn.core.model.interest.decay.correction" StartDate="2014-10-26 11:31:09.933 JST" StructureHandle="=CutPlanner_A/src&amp;lt;cp.utils{CONS.java[CONS[Canvas^DrawB" StructureKind="java"/><InteractionEvent Delta="null" EndDate="2014-10-26 11:32:07.137 JST" Interest="5.0" Kind="selection" Navigation="null" OriginId="org.eclipse.jdt.ui.CompilationUnitEditor" StartDate="2014-10-26 11:29:15.57 JST" StructureHandle="=CutPlanner_A/src&amp;lt;cp.utils{CONS.java[CONS[Canvas^DrawB" StructureKind="java" NumEvents="5" CreationCount="2520"/><InteractionEvent Delta="null" EndDate="2014-10-26 09:15:32.151 JST" Interest="3.102" Kind="propagation" Navigation="org.eclipse.mylyn.core.model.edges.containment" OriginId="org.eclipse.mylyn.core.model.interest.propagation" StartDate="2014-10-26 09:15:29.999 JST" StructureHandle="=CutPlanner_A/src&amp;lt;cp.main{MainActv.java#" StructureKind="java" NumEvents="5" CreationCount="550"/><InteractionEvent Delta="null" EndDate="2014-10-26 09:17:38.720 JST" Interest="1.0" Kind="propagation" Navigation="org.eclipse.mylyn.core.model.edges.containment" OriginId="org.eclipse.mylyn.core.model.interest.propagation" StartDate="2014-10-26 09:17:38.720 JST" StructureHandle="/CutPlanner_A/bin/dexedLibs" StructureKind="resource"/><InteractionEvent Delta="null" EndDate="2014-10-26 09:13:26.421 JST" Interest="28.1" Kind="propagation" Navigation="org.eclipse.mylyn.core.model.edges.containment" OriginId="org.eclipse.mylyn.core.model.interest.propagation" StartDate="2014-10-26 09:10:58.667 JST" StructureHandle="/CutPlanner_A/res/layout" StructureKind="resource" NumEvents="35" CreationCount="352"/><InteractionEvent Delta="null" EndDate="2014-10-26 09:10:55.267 JST" Interest="1.0" Kind="selection" Navigation="null" OriginId="org.eclipse.jdt.ui.PackageExplorer" StartDate="2014-10-26 09:10:55.267 JST" StructureHandle="/CutPlanner_A/res/layout" StructureKind="resource"/><InteractionEvent Delta="null" EndDate="2014-10-26 09:05:06.403 JST" Interest="12.0" Kind="edit" Navigation="null" OriginId="org.eclipse.jdt.ui.CompilationUnitEditor" StartDate="2014-10-26 09:04:53.602 JST" StructureHandle="=CutPlanner_A/src&amp;lt;cp.views{CanvasView_4.java[CanvasView_4~_clear" StructureKind="java" NumEvents="12" CreationCount="41"/><InteractionEvent Delta="null" EndDate="2014-10-26 09:05:11.769 JST" Interest="8.0" Kind="selection" Navigation="null" OriginId="org.eclipse.jdt.ui.CompilationUnitEditor" StartDate="2014-10-26 09:04:13.954 JST" StructureHandle="=CutPlanner_A/src&amp;lt;cp.views{CanvasView_4.java[CanvasView_4~_clear" StructureKind="java" NumEvents="8" CreationCount="41"/><InteractionEvent Delta="null" EndDate="2014-10-26 09:07:20.275 JST" Interest="2.2100003" Kind="propagation" Navigation="org.eclipse.mylyn.core.model.edges.containment" OriginId="org.eclipse.mylyn.core.model.interest.propagation" StartDate="2014-10-26 09:03:11.204 JST" StructureHandle="=LM1/src&amp;lt;lm1.utils{CONS_Canvas.java" StructureKind="java" NumEvents="5" CreationCount="9"/><InteractionEvent Delta="null" EndDate="2014-10-26 09:07:25.606 JST" Interest="7.0" Kind="selection" Navigation="null" OriginId="org.eclipse.ui.views.ResourceNavigator" StartDate="2014-10-26 09:03:04.113 JST" StructureHandle="=LM1/src&amp;lt;lm1.utils{CONS_Canvas.java" StructureKind="java" NumEvents="7" CreationCount="9"/><InteractionEvent Delta="null" EndDate="2014-10-26 10:50:33.906 JST" Interest="9.482002" Kind="manipulation" Navigation="null" OriginId="org.eclipse.mylyn.core.model.interest.decay.correction" StartDate="2014-10-26 09:36:04.674 JST" StructureHandle="=LM1/src&amp;lt;lm1.views{CanvasView_4.java" StructureKind="java" NumEvents="2" CreationCount="221"/><InteractionEvent Delta="null" EndDate="2014-10-26 09:36:47.88 JST" Interest="5.9870005" Kind="propagation" Navigation="org.eclipse.mylyn.core.model.edges.containment" OriginId="org.eclipse.mylyn.core.model.interest.propagation" StartDate="2014-10-26 09:10:16.188 JST" StructureHandle="=LM1/src&amp;lt;lm1.views{CanvasView_4.java" StructureKind="java" NumEvents="10" CreationCount="221"/><InteractionEvent Delta="null" EndDate="2014-10-26 10:50:33.906 JST" Interest="12.0" Kind="selection" Navigation="null" OriginId="org.eclipse.ui.views.ResourceNavigator" StartDate="2014-10-26 09:07:38.239 JST" StructureHandle="=LM1/src&amp;lt;lm1.views{CanvasView_4.java" StructureKind="java" NumEvents="12" CreationCount="221"/><InteractionEvent Delta="null" EndDate="2014-10-27 09:02:06.373 JST" Interest="134.0" Kind="propagation" Navigation="null" OriginId="org.eclipse.jdt.ui.PackageExplorer" StartDate="2014-10-26 09:07:28.341 JST" StructureHandle="/LM1/src/lm1/main/AcceleroActv.java" StructureKind="resource" NumEvents="134" CreationCount="211"/><InteractionEvent Delta="null" EndDate="2014-10-26 11:57:06.727 JST" Interest="4.0" Kind="selection" Navigation="null" OriginId="org.eclipse.jdt.ui.PackageExplorer" StartDate="2014-10-26 11:52:57.468 JST" StructureHandle="=CutPlanner_A/libs\/commons-lang-2.1.jar" StructureKind="java" NumEvents="4" CreationCount="2921"/><InteractionEvent Delta="null" EndDate="2014-10-26 09:03:10.115 JST" Interest="1.0" Kind="selection" Navigation="null" OriginId="org.eclipse.ui.views.ContentOutline" StartDate="2014-10-26 09:03:10.115 JST" StructureHandle="=LM1/src&amp;lt;lm1.utils{CONS_Canvas.java[CONS_Canvas[Main^BOUNDS_OFFSET_BLUE_TOP" StructureKind="java"/><InteractionEvent Delta="null" EndDate="2014-10-26 11:26:08.433 JST" Interest="11.480001" Kind="manipulation" Navigation="null" OriginId="org.eclipse.mylyn.core.model.interest.decay.correction" StartDate="2014-10-26 11:26:08.433 JST" StructureHandle="=CutPlanner_A/src&amp;lt;cp.main{MainActv.java[MainActv~onStart" StructureKind="java"/><InteractionEvent Delta="null" EndDate="2014-10-26 11:26:09.234 JST" Interest="28.0" Kind="edit" Navigation="null" OriginId="org.eclipse.jdt.ui.CompilationUnitEditor" StartDate="2014-10-26 09:09:18.366 JST" StructureHandle="=CutPlanner_A/src&amp;lt;cp.main{MainActv.java[MainActv~onStart" StructureKind="java" NumEvents="28" CreationCount="282"/><InteractionEvent Delta="null" EndDate="2014-10-26 11:30:11.322 JST" Interest="9.0" Kind="selection" Navigation="null" OriginId="org.eclipse.jdt.ui.CompilationUnitEditor" StartDate="2014-10-26 09:09:17.786 JST" StructureHandle="=CutPlanner_A/src&amp;lt;cp.main{MainActv.java[MainActv~onStart" StructureKind="java" NumEvents="9" CreationCount="282"/><InteractionEvent Delta="null" EndDate="2014-10-26 11:36:41.415 JST" Interest="4.0" Kind="selection" Navigation="null" OriginId="org.eclipse.jdt.ui.CompilationUnitEditor" StartDate="2014-10-26 11:32:13.226 JST" StructureHandle="=CutPlanner_A/src&amp;lt;cp.utils{CONS.java[CONS[Canvas^p_B" StructureKind="java" NumEvents="4" CreationCount="2610"/><InteractionEvent Delta="null" EndDate="2014-10-26 10:56:24.469 JST" Interest="17.102001" Kind="manipulation" Navigation="null" OriginId="org.eclipse.mylyn.core.model.interest.decay.correction" StartDate="2014-10-26 10:56:24.469 JST" StructureHandle="=CutPlanner_A/src&amp;lt;cp.views{CV.java[CV^paint" StructureKind="java"/><InteractionEvent Delta="null" EndDate="2014-10-26 09:27:55.301 JST" Interest="1.0" Kind="edit" Navigation="null" OriginId="org.eclipse.jdt.ui.CompilationUnitEditor" StartDate="2014-10-26 09:27:55.301 JST" StructureHandle="=CutPlanner_A/src&amp;lt;cp.views{CV.java[CV^paint" StructureKind="java"/><InteractionEvent Delta="null" EndDate="2014-10-26 10:56:24.469 JST" Interest="2.0" Kind="selection" Navigation="null" OriginId="org.eclipse.jdt.ui.CompilationUnitEditor" StartDate="2014-10-26 09:27:52.595 JST" StructureHandle="=CutPlanner_A/src&amp;lt;cp.views{CV.java[CV^paint" StructureKind="java" NumEvents="2" CreationCount="847"/><InteractionEvent Delta="null" EndDate="2014-10-26 09:17:38.719 JST" Interest="1.0" Kind="propagation" Navigation="null" OriginId="org.eclipse.mylyn.resources.ui.interest.updater" StartDate="2014-10-26 09:17:38.719 JST" StructureHandle="/CutPlanner_A/bin/dexedLibs/commons-net-3.1-90f067fe436ab451b6b1c731351aea0f.jar" StructureKind="resource"/><InteractionEvent Delta="null" EndDate="2014-10-26 11:27:47.993 JST" Interest="1.0" Kind="prediction" Navigation="null" OriginId="org.eclipse.mylyn.resources.ui.interest.updater" StartDate="2014-10-26 11:27:47.993 JST" StructureHandle="/CutPlanner_A/bin/resources.ap_" StructureKind="resource"/><InteractionEvent Delta="null" EndDate="2014-10-26 09:06:20.772 JST" Interest="5.0" Kind="selection" Navigation="null" OriginId="org.eclipse.jdt.ui.CompilationUnitEditor" StartDate="2014-10-26 09:03:07.527 JST" StructureHandle="=LM1/src&amp;lt;lm1.utils{CONS_Canvas.java[CONS_Canvas[Main^DIAMETER" StructureKind="java" NumEvents="5" CreationCount="12"/><InteractionEvent Delta="null" EndDate="2014-10-26 09:36:47.87 JST" Interest="21.669" Kind="propagation" Navigation="org.eclipse.mylyn.core.model.edges.containment" OriginId="org.eclipse.mylyn.core.model.interest.propagation" StartDate="2014-10-26 09:07:44.399 JST" StructureHandle="=LM1/src&amp;lt;lm1.views{CanvasView_4.java[CanvasView_4" StructureKind="java" NumEvents="21" CreationCount="226"/><InteractionEvent Delta="null" EndDate="2014-10-26 11:33:52.306 JST" Interest="350.94" Kind="propagation" Navigation="org.eclipse.mylyn.core.model.edges.containment" OriginId="org.eclipse.mylyn.core.model.interest.propagation" StartDate="2014-10-26 09:04:02.292 JST" StructureHandle="=CutPlanner_A/src&amp;lt;cp.views{CV.java" StructureKind="java" NumEvents="514" CreationCount="8"/><InteractionEvent Delta="null" EndDate="2014-10-26 11:22:08.284 JST" Interest="13.0" Kind="edit" Navigation="null" OriginId="org.eclipse.jdt.ui.CompilationUnitEditor" StartDate="2014-10-26 10:25:23.658 JST" StructureHandle="=CutPlanner_A/src&amp;lt;cp.views{CV.java" StructureKind="java" NumEvents="13" CreationCount="8"/><InteractionEvent Delta="null" EndDate="2014-10-26 11:52:34.402 JST" Interest="130.0" Kind="selection" Navigation="null" OriginId="org.eclipse.jdt.ui.CompilationUnitEditor" StartDate="2014-10-26 09:03:03.349 JST" StructureHandle="=CutPlanner_A/src&amp;lt;cp.views{CV.java" StructureKind="java" NumEvents="130" CreationCount="8"/><InteractionEvent Delta="null" EndDate="2014-10-26 11:30:37.917 JST" Interest="217.931" Kind="propagation" Navigation="org.eclipse.mylyn.core.model.edges.containment" OriginId="org.eclipse.mylyn.core.model.interest.propagation" StartDate="2014-10-26 09:09:18.371 JST" StructureHandle="=CutPlanner_A/src&amp;lt;cp.main{MainActv.java[MainActv" StructureKind="java" NumEvents="299" CreationCount="280"/><InteractionEvent Delta="null" EndDate="2014-10-26 11:31:40.245 JST" Interest="3.0" Kind="edit" Navigation="null" OriginId="org.eclipse.jdt.ui.CompilationUnitEditor" StartDate="2014-10-26 11:30:43.707 JST" StructureHandle="=CutPlanner_A/src&amp;lt;cp.main{MainActv.java[MainActv" StructureKind="java" NumEvents="3" CreationCount="280"/><InteractionEvent Delta="null" EndDate="2014-10-26 11:35:57.621 JST" Interest="7.0" Kind="selection" Navigation="null" OriginId="org.eclipse.jdt.ui.CompilationUnitEditor" StartDate="2014-10-26 09:09:13.672 JST" StructureHandle="=CutPlanner_A/src&amp;lt;cp.main{MainActv.java[MainActv" StructureKind="java" NumEvents="7" CreationCount="280"/><InteractionEvent Delta="null" EndDate="2014-10-26 11:26:18.470 JST" Interest="15.387001" Kind="manipulation" Navigation="null" OriginId="org.eclipse.mylyn.core.model.interest.decay.correction" StartDate="2014-10-26 09:33:04.919 JST" StructureHandle="=CutPlanner_A/src&amp;lt;cp.views{CV.java[CV~onMeasure~I~I" StructureKind="java" NumEvents="2" CreationCount="719"/><InteractionEvent Delta="null" EndDate="2014-10-26 10:25:36.348 JST" Interest="11.0" Kind="edit" Navigation="null" OriginId="org.eclipse.jdt.ui.CompilationUnitEditor" StartDate="2014-10-26 09:33:04.923 JST" StructureHandle="=CutPlanner_A/src&amp;lt;cp.views{CV.java[CV~onMeasure~I~I" StructureKind="java" NumEvents="11" CreationCount="719"/><InteractionEvent Delta="null" EndDate="2014-10-26 11:26:20.200 JST" Interest="8.0" Kind="selection" Navigation="null" OriginId="org.eclipse.jdt.ui.CompilationUnitEditor" StartDate="2014-10-26 09:21:06.923 JST" StructureHandle="=CutPlanner_A/src&amp;lt;cp.views{CV.java[CV~onMeasure~I~I" StructureKind="java" NumEvents="8" CreationCount="719"/><InteractionEvent Delta="null" EndDate="2014-10-26 11:50:27.58 JST" Interest="417.3" Kind="propagation" Navigation="org.eclipse.mylyn.core.model.edges.containment" OriginId="org.eclipse.mylyn.core.model.interest.propagation" StartDate="2014-10-26 09:05:56.241 JST" StructureHandle="=CutPlanner_A/src&amp;lt;cp.views{CV.java[CV" StructureKind="java" NumEvents="578" CreationCount="128"/><InteractionEvent Delta="null" EndDate="2014-10-26 11:26:51.993 JST" Interest="29.0" Kind="edit" Navigation="null" OriginId="org.eclipse.jdt.ui.CompilationUnitEditor" StartDate="2014-10-26 09:06:01.877 JST" StructureHandle="=CutPlanner_A/src&amp;lt;cp.views{CV.java[CV" StructureKind="java" NumEvents="29" CreationCount="128"/><InteractionEvent Delta="null" EndDate="2014-10-26 11:41:13.832 JST" Interest="48.0" Kind="selection" Navigation="null" OriginId="org.eclipse.jdt.ui.CompilationUnitEditor" StartDate="2014-10-26 09:06:00.349 JST" StructureHandle="=CutPlanner_A/src&amp;lt;cp.views{CV.java[CV" StructureKind="java" NumEvents="48" CreationCount="128"/><InteractionEvent Delta="null" EndDate="2014-10-26 10:50:33.907 JST" Interest="53.0" Kind="propagation" Navigation="null" OriginId="org.eclipse.ui.views.ResourceNavigator" StartDate="2014-10-26 09:07:38.239 JST" StructureHandle="/LM1/src/lm1/views/CanvasView_4.java" StructureKind="resource" NumEvents="53" CreationCount="221"/><InteractionEvent Delta="null" EndDate="2014-10-26 11:57:06.727 JST" Interest="2.0" Kind="selection" Navigation="null" OriginId="org.eclipse.jdt.ui.PackageExplorer" StartDate="2014-10-26 11:56:23.249 JST" StructureHandle="=CutPlanner_A/libs\/commons-net-3.1.jar" StructureKind="java" NumEvents="2" CreationCount="2926"/><InteractionEvent Delta="null" EndDate="2014-10-26 09:09:10.434 JST" Interest="0.15600002" Kind="manipulation" Navigation="null" OriginId="org.eclipse.mylyn.core.model.interest.decay.correction" StartDate="2014-10-26 09:09:10.434 JST" StructureHandle="/CutPlanner_A/src/cp/listeners/dialog" StructureKind="resource"/><InteractionEvent Delta="null" EndDate="2014-10-26 09:09:10.434 JST" Interest="2.0" Kind="propagation" Navigation="null" OriginId="org.eclipse.jdt.ui.PackageExplorer" StartDate="2014-10-26 09:07:24.747 JST" StructureHandle="/CutPlanner_A/src/cp/listeners/dialog" StructureKind="resource" NumEvents="2" CreationCount="209"/><InteractionEvent Delta="null" EndDate="2014-10-26 09:36:55.205 JST" Interest="1.0" Kind="edit" Navigation="null" OriginId="org.eclipse.jdt.ui.CompilationUnitEditor" StartDate="2014-10-26 09:36:55.205 JST" StructureHandle="=LM1/src&amp;lt;lm1.views{CanvasView_4.java[CanvasView_4~drawColorHole~QCanvas;~I~I~I~I" StructureKind="java"/><InteractionEvent Delta="null" EndDate="2014-10-26 09:36:54.460 JST" Interest="2.0" Kind="selection" Navigation="null" OriginId="org.eclipse.jdt.ui.CompilationUnitEditor" StartDate="2014-10-26 09:36:54.457 JST" StructureHandle="=LM1/src&amp;lt;lm1.views{CanvasView_4.java[CanvasView_4~drawColorHole~QCanvas;~I~I~I~I" StructureKind="java" NumEvents="2" CreationCount="1095"/><InteractionEvent Delta="null" EndDate="2014-10-27 09:02:06.375 JST" Interest="59.725" Kind="propagation" Navigation="org.eclipse.mylyn.core.model.edges.containment" OriginId="org.eclipse.mylyn.core.model.interest.propagation" StartDate="2014-10-26 09:07:28.342 JST" StructureHandle="=LM1/src&amp;lt;lm1.main" StructureKind="java" NumEvents="78" CreationCount="211"/><InteractionEvent Delta="null" EndDate="2014-10-26 09:14:04.342 JST" Interest="3.0" Kind="edit" Navigation="null" OriginId="org.eclipse.jdt.ui.CompilationUnitEditor" StartDate="2014-10-26 09:10:33.574 JST" StructureHandle="=LM1/src&amp;lt;lm1.main{AcceleroActv.java[AcceleroActv~onCreate~QBundle;" StructureKind="java" NumEvents="3" CreationCount="213"/><InteractionEvent Delta="null" EndDate="2014-10-26 09:14:01.568 JST" Interest="8.0" Kind="selection" Navigation="null" OriginId="org.eclipse.jdt.ui.CompilationUnitEditor" StartDate="2014-10-26 09:07:30.134 JST" StructureHandle="=LM1/src&amp;lt;lm1.main{AcceleroActv.java[AcceleroActv~onCreate~QBundle;" StructureKind="java" NumEvents="8" CreationCount="213"/><InteractionEvent Delta="null" EndDate="2014-10-26 09:07:10.84 JST" Interest="2.7589998" Kind="propagation" Navigation="org.eclipse.mylyn.core.model.edges.containment" OriginId="org.eclipse.mylyn.core.model.interest.propagation" StartDate="2014-10-26 09:03:07.528 JST" StructureHandle="=LM1/src&amp;lt;lm1.utils{CONS_Canvas.java[CONS_Canvas[Main" StructureKind="java" NumEvents="4" CreationCount="12"/><InteractionEvent Delta="null" EndDate="2014-10-26 09:03:13.422 JST" Interest="2.0" Kind="edit" Navigation="null" OriginId="org.eclipse.jdt.ui.CompilationUnitEditor" StartDate="2014-10-26 09:03:13.402 JST" StructureHandle="=LM1/src&amp;lt;lm1.utils{CONS_Canvas.java[CONS_Canvas[Main" StructureKind="java" NumEvents="2" CreationCount="12"/><InteractionEvent Delta="null" EndDate="2014-10-26 09:07:20.274 JST" Interest="4.0" Kind="selection" Navigation="null" OriginId="org.eclipse.jdt.ui.CompilationUnitEditor" StartDate="2014-10-26 09:03:11.202 JST" StructureHandle="=LM1/src&amp;lt;lm1.utils{CONS_Canvas.java[CONS_Canvas[Main" StructureKind="java" NumEvents="4" CreationCount="12"/><InteractionEvent Delta="null" EndDate="2014-10-26 10:25:43.985 JST" Interest="4.8820004" Kind="manipulation" Navigation="null" OriginId="org.eclipse.mylyn.core.model.interest.decay.correction" StartDate="2014-10-26 10:25:43.985 JST" StructureHandle="=CutPlanner_A/src&amp;lt;cp.views{CV.java[CV^x1" StructureKind="java"/><InteractionEvent Delta="null" EndDate="2014-10-26 10:31:46.369 JST" Interest="7.0" Kind="edit" Navigation="null" OriginId="org.eclipse.jdt.ui.CompilationUnitEditor" StartDate="2014-10-26 10:25:43.988 JST" StructureHandle="=CutPlanner_A/src&amp;lt;cp.views{CV.java[CV^x1" StructureKind="java" NumEvents="7" CreationCount="867"/><InteractionEvent Delta="null" EndDate="2014-10-26 10:31:46.360 JST" Interest="6.0" Kind="selection" Navigation="null" OriginId="org.eclipse.jdt.ui.CompilationUnitEditor" StartDate="2014-10-26 09:28:46.881 JST" StructureHandle="=CutPlanner_A/src&amp;lt;cp.views{CV.java[CV^x1" StructureKind="java" NumEvents="6" CreationCount="867"/><InteractionEvent Delta="null" EndDate="2014-10-26 09:36:01.461 JST" Interest="12.376" Kind="propagation" Navigation="org.eclipse.mylyn.core.model.edges.containment" OriginId="org.eclipse.mylyn.core.model.interest.propagation" StartDate="2014-10-26 09:10:49.187 JST" StructureHandle="/LM1/res/layout" StructureKind="resource" NumEvents="3" CreationCount="349"/><InteractionEvent Delta="null" EndDate="2014-10-26 09:36:02.9 JST" Interest="2.0" Kind="selection" Navigation="null" OriginId="org.eclipse.ui.views.ResourceNavigator" StartDate="2014-10-26 09:10:43.898 JST" StructureHandle="/LM1/res/layout" StructureKind="resource" NumEvents="2" CreationCount="349"/><InteractionEvent Delta="null" EndDate="2014-10-26 09:04:38.46 JST" Interest="1.0" Kind="selection" Navigation="null" OriginId="org.eclipse.ui.views.ContentOutline" StartDate="2014-10-26 09:04:38.46 JST" StructureHandle="=CutPlanner_A/src&amp;lt;cp.views{CanvasView_4.java[CanvasView_4~_drawColorHole__Green~QCanvas;" StructureKind="java"/><InteractionEvent Delta="null" EndDate="2014-10-26 11:52:55.167 JST" Interest="14.522001" Kind="manipulation" Navigation="null" OriginId="org.eclipse.mylyn.core.model.interest.decay.correction" StartDate="2014-10-26 11:52:55.167 JST" StructureHandle="/CutPlanner_A/res" StructureKind="resource"/><InteractionEvent Delta="null" EndDate="2014-10-26 11:53:04.12 JST" Interest="29.151" Kind="propagation" Navigation="org.eclipse.mylyn.core.model.edges.containment" OriginId="org.eclipse.mylyn.core.model.interest.propagation" StartDate="2014-10-26 09:10:55.267 JST" StructureHandle="/CutPlanner_A/res" StructureKind="resource" NumEvents="39" CreationCount="352"/><InteractionEvent Delta="null" EndDate="2014-10-26 11:52:55.167 JST" Interest="1.0" Kind="selection" Navigation="null" OriginId="org.eclipse.jdt.ui.PackageExplorer" StartDate="2014-10-26 11:52:55.167 JST" StructureHandle="/CutPlanner_A/res" StructureKind="resource"/><InteractionEvent Delta="null" EndDate="2014-10-26 11:50:27.58 JST" Interest="578.0" Kind="edit" Navigation="null" OriginId="org.eclipse.jdt.ui.CompilationUnitEditor" StartDate="2014-10-26 09:05:56.259 JST" StructureHandle="=CutPlanner_A/src&amp;lt;cp.views{CV.java[CV~onDraw~QCanvas;" StructureKind="java" NumEvents="578" CreationCount="128"/><InteractionEvent Delta="null" EndDate="2014-10-26 11:48:39.812 JST" Interest="81.0" Kind="selection" Navigation="null" OriginId="org.eclipse.jdt.ui.CompilationUnitEditor" StartDate="2014-10-26 09:05:56.241 JST" StructureHandle="=CutPlanner_A/src&amp;lt;cp.views{CV.java[CV~onDraw~QCanvas;" StructureKind="java" NumEvents="81" CreationCount="128"/><InteractionEvent Delta="null" EndDate="2014-10-26 09:36:00.410 JST" Interest="11.325001" Kind="manipulation" Navigation="null" OriginId="org.eclipse.mylyn.core.model.interest.decay.correction" StartDate="2014-10-26 09:36:00.410 JST" StructureHandle="/LM1/res/layout/actv_accelero_4.xml" StructureKind="resource"/><InteractionEvent Delta="null" EndDate="2014-10-26 09:36:00.410 JST" Interest="2.0" Kind="selection" Navigation="null" OriginId="org.eclipse.ui.views.ResourceNavigator" StartDate="2014-10-26 09:10:49.187 JST" StructureHandle="/LM1/res/layout/actv_accelero_4.xml" StructureKind="resource" NumEvents="2" CreationCount="350"/><InteractionEvent Delta="null" EndDate="2014-10-26 09:07:36.257 JST" Interest="1.0" Kind="propagation" Navigation="null" OriginId="org.eclipse.ui.views.ResourceNavigator" StartDate="2014-10-26 09:07:36.257 JST" StructureHandle="/LM1/src/lm1/main/SensorsActv.java" StructureKind="resource"/><InteractionEvent Delta="null" EndDate="2014-10-26 11:26:52.650 JST" Interest="2.0" Kind="selection" Navigation="null" OriginId="org.eclipse.jdt.ui.CompilationUnitEditor" StartDate="2014-10-26 11:26:46.719 JST" StructureHandle="=CutPlanner_A/src&amp;lt;cp.views{CV.java[CV^points" StructureKind="java" NumEvents="2" CreationCount="2440"/><InteractionEvent Delta="null" EndDate="2014-10-26 10:50:35.132 JST" Interest="11.002001" Kind="manipulation" Navigation="null" OriginId="org.eclipse.mylyn.core.model.interest.decay.correction" StartDate="2014-10-26 10:50:35.132 JST" StructureHandle="/CutPlanner_A/src/cp/utils/Methods.java" StructureKind="resource"/><InteractionEvent Delta="null" EndDate="2014-10-26 10:50:35.132 JST" Interest="2.0" Kind="propagation" Navigation="null" OriginId="org.eclipse.jdt.ui.PackageExplorer" StartDate="2014-10-26 09:35:59.477 JST" StructureHandle="/CutPlanner_A/src/cp/utils/Methods.java" StructureKind="resource" NumEvents="2" CreationCount="1075"/><InteractionEvent Delta="null" EndDate="2014-10-26 09:15:30.8 JST" Interest="3.0" Kind="selection" Navigation="null" OriginId="org.eclipse.jdt.ui.CompilationUnitEditor" StartDate="2014-10-26 09:15:29.991 JST" StructureHandle="=CutPlanner_A/src&amp;lt;cp.main{MainActv.java#java.io.File" StructureKind="java" NumEvents="3" CreationCount="550"/><InteractionEvent Delta="null" EndDate="2014-10-26 09:36:15.527 JST" Interest="3.0" Kind="selection" Navigation="null" OriginId="org.eclipse.jdt.ui.CompilationUnitEditor" StartDate="2014-10-26 09:36:14.451 JST" StructureHandle="=LM1/src&amp;lt;lm1.views{CanvasView_4.java[CanvasView_4~onMeasure~I~I" StructureKind="java" NumEvents="3" CreationCount="1082"/><InteractionEvent Delta="null" EndDate="2014-10-26 09:15:31.278 JST" Interest="3.0" Kind="selection" Navigation="null" OriginId="org.eclipse.jdt.ui.CompilationUnitEditor" StartDate="2014-10-26 09:15:31.270 JST" StructureHandle="=CutPlanner_A/src&amp;lt;cp.main{MainActv.java#java.nio.channels.FileChannel" StructureKind="java" NumEvents="3" CreationCount="553"/><InteractionEvent Delta="null" EndDate="2014-10-26 11:57:06.728 JST" Interest="2.0" Kind="propagation" Navigation="null" OriginId="org.eclipse.jdt.ui.PackageExplorer" StartDate="2014-10-26 11:56:23.250 JST" StructureHandle="/CutPlanner_A/libs/commons-net-3.1.jar" StructureKind="resource" NumEvents="2" CreationCount="2926"/><InteractionEvent Delta="null" EndDate="2014-10-26 11:48:39.90 JST" Interest="122.0" Kind="edit" Navigation="null" OriginId="org.eclipse.jdt.ui.CompilationUnitEditor" StartDate="2014-10-26 11:24:08.221 JST" StructureHandle="=CutPlanner_A/src&amp;lt;cp.views{CV.java[CV~draw_Boxes_B~QActivity;" StructureKind="java" NumEvents="122" CreationCount="2362"/><InteractionEvent Delta="null" EndDate="2014-10-26 11:52:34.446 JST" Interest="21.0" Kind="selection" Navigation="null" OriginId="org.eclipse.jdt.ui.CompilationUnitEditor" StartDate="2014-10-26 11:24:04.866 JST" StructureHandle="=CutPlanner_A/src&amp;lt;cp.views{CV.java[CV~draw_Boxes_B~QActivity;" StructureKind="java" NumEvents="21" CreationCount="2362"/><InteractionEvent Delta="null" EndDate="2014-10-26 11:57:05.673 JST" Interest="0.95000076" Kind="manipulation" Navigation="null" OriginId="org.eclipse.mylyn.core.model.interest.decay.correction" StartDate="2014-10-26 11:57:05.673 JST" StructureHandle="=CutPlanner_A/src&amp;lt;cp.utils{CONS.java[CONS[Canvas^p1" StructureKind="java"/><InteractionEvent Delta="null" EndDate="2014-10-26 11:32:09.683 JST" Interest="4.0" Kind="edit" Navigation="null" OriginId="org.eclipse.jdt.ui.CompilationUnitEditor" StartDate="2014-10-26 11:17:53.189 JST" StructureHandle="=CutPlanner_A/src&amp;lt;cp.utils{CONS.java[CONS[Canvas^p1" StructureKind="java" NumEvents="4" CreationCount="2178"/><InteractionEvent Delta="null" EndDate="2014-10-26 11:57:05.673 JST" Interest="10.0" Kind="selection" Navigation="null" OriginId="org.eclipse.jdt.ui.CompilationUnitEditor" StartDate="2014-10-26 11:17:52.177 JST" StructureHandle="=CutPlanner_A/src&amp;lt;cp.utils{CONS.java[CONS[Canvas^p1" StructureKind="java" NumEvents="10" CreationCount="2178"/><InteractionEvent Delta="null" EndDate="2014-10-26 09:37:17.81 JST" Interest="6.1410007" Kind="manipulation" Navigation="null" OriginId="org.eclipse.mylyn.core.model.interest.decay.correction" StartDate="2014-10-26 09:37:17.81 JST" StructureHandle="=LM1/src&amp;lt;lm1.views{CanvasView_4.java[CanvasView_4~drawLine~F~F~F~F~QPaint;" StructureKind="java"/><InteractionEvent Delta="null" EndDate="2014-10-26 09:07:47.106 JST" Interest="1.0" Kind="edit" Navigation="null" OriginId="org.eclipse.jdt.ui.CompilationUnitEditor" StartDate="2014-10-26 09:07:47.106 JST" StructureHandle="=LM1/src&amp;lt;lm1.views{CanvasView_4.java[CanvasView_4~drawLine~F~F~F~F~QPaint;" StructureKind="java"/><InteractionEvent Delta="null" EndDate="2014-10-26 09:37:17.80 JST" Interest="9.0" Kind="selection" Navigation="null" OriginId="org.eclipse.jdt.ui.CompilationUnitEditor" StartDate="2014-10-26 09:07:46.517 JST" StructureHandle="=LM1/src&amp;lt;lm1.views{CanvasView_4.java[CanvasView_4~drawLine~F~F~F~F~QPaint;" StructureKind="java" NumEvents="9" CreationCount="227"/><InteractionEvent Delta="null" EndDate="2014-10-26 09:05:23.617 JST" Interest="18.820997" Kind="propagation" Navigation="org.eclipse.mylyn.core.model.edges.containment" OriginId="org.eclipse.mylyn.core.model.interest.propagation" StartDate="2014-10-26 09:03:47.372 JST" StructureHandle="=CutPlanner_A/src&amp;lt;cp.views{CanvasView_4.java[CanvasView_4" StructureKind="java" NumEvents="25" CreationCount="33"/><InteractionEvent Delta="null" EndDate="2014-10-26 11:40:21.636 JST" Interest="2.0" Kind="edit" Navigation="null" OriginId="org.eclipse.jdt.ui.CompilationUnitEditor" StartDate="2014-10-26 11:40:15.197 JST" StructureHandle="=CutPlanner_A/src&amp;lt;cp.utils{CONS.java[CONS[Canvas^lineWidth" StructureKind="java" NumEvents="2" CreationCount="2872"/><InteractionEvent Delta="null" EndDate="2014-10-26 11:40:20.622 JST" Interest="3.0" Kind="selection" Navigation="null" OriginId="org.eclipse.jdt.ui.CompilationUnitEditor" StartDate="2014-10-26 11:40:10.476 JST" StructureHandle="=CutPlanner_A/src&amp;lt;cp.utils{CONS.java[CONS[Canvas^lineWidth" StructureKind="java" NumEvents="3" CreationCount="2872"/><InteractionEvent Delta="null" EndDate="2014-10-26 09:28:47.521 JST" Interest="1.0" Kind="selection" Navigation="null" OriginId="org.eclipse.jdt.ui.CompilationUnitEditor" StartDate="2014-10-26 09:28:47.521 JST" StructureHandle="=CutPlanner_A/src&amp;lt;cp.views{CV.java[CV^y1" StructureKind="java"/><InteractionEvent Delta="null" EndDate="2014-10-26 09:28:38.749 JST" Interest="2.0" Kind="selection" Navigation="null" OriginId="org.eclipse.jdt.ui.CompilationUnitEditor" StartDate="2014-10-26 09:28:23.386 JST" StructureHandle="=CutPlanner_A/src&amp;lt;cp.views{CV.java#java.util.ArrayList" StructureKind="java" NumEvents="2" CreationCount="856"/><InteractionEvent Delta="null" EndDate="2014-10-26 09:28:50.451 JST" Interest="3.0" Kind="selection" Navigation="null" OriginId="org.eclipse.jdt.ui.CompilationUnitEditor" StartDate="2014-10-26 09:28:25.476 JST" StructureHandle="=CutPlanner_A/src&amp;lt;cp.views{CV.java[CV^y2" StructureKind="java" NumEvents="3" CreationCount="858"/><InteractionEvent Delta="null" EndDate="2014-10-26 09:04:38.50 JST" Interest="1.0" Kind="selection" Navigation="null" OriginId="org.eclipse.ui.views.ContentOutline" StartDate="2014-10-26 09:04:38.50 JST" StructureHandle="=CutPlanner_A/src&amp;lt;cp.views{CanvasView_4.java[CanvasView_4~_drawColorHole__Red~QCanvas;" StructureKind="java"/><InteractionEvent Delta="null" EndDate="2014-10-26 11:57:02.911 JST" Interest="89.02801" Kind="propagation" Navigation="org.eclipse.mylyn.core.model.edges.containment" OriginId="org.eclipse.mylyn.core.model.interest.propagation" StartDate="2014-10-26 09:02:51.130 JST" StructureHandle="=CutPlanner_A/src&amp;lt;cp.utils" StructureKind="java" NumEvents="226" CreationCount="1"/><InteractionEvent Delta="null" EndDate="2014-10-26 11:22:58.723 JST" Interest="1.0" Kind="propagation" Navigation="org.eclipse.mylyn.core.model.edges.containment" OriginId="org.eclipse.mylyn.core.model.interest.propagation" StartDate="2014-10-26 11:22:58.723 JST" StructureHandle="=CutPlanner_A/src&amp;lt;cp.views{draw_Boxes_A.java[draw_Boxes_A" StructureKind="java"/><InteractionEvent Delta="null" EndDate="2014-10-27 09:02:06.374 JST" Interest="11.724998" Kind="propagation" Navigation="org.eclipse.mylyn.core.model.edges.containment" OriginId="org.eclipse.mylyn.core.model.interest.propagation" StartDate="2014-10-26 09:08:31.551 JST" StructureHandle="=LM1/src&amp;lt;lm1.main{AcceleroActv.java" StructureKind="java" NumEvents="19" CreationCount="211"/><InteractionEvent Delta="null" EndDate="2014-10-26 11:57:18.320 JST" Interest="48.0" Kind="selection" Navigation="null" OriginId="org.eclipse.jdt.ui.CompilationUnitEditor" StartDate="2014-10-26 09:07:28.341 JST" StructureHandle="=LM1/src&amp;lt;lm1.main{AcceleroActv.java" StructureKind="java" NumEvents="48" CreationCount="211"/><InteractionEvent Delta="null" EndDate="2014-10-26 09:36:02.9 JST" Interest="14.376" Kind="propagation" Navigation="org.eclipse.mylyn.core.model.edges.containment" OriginId="org.eclipse.mylyn.core.model.interest.propagation" StartDate="2014-10-26 09:10:43.899 JST" StructureHandle="/LM1/res" StructureKind="resource" NumEvents="5" CreationCount="349"/><InteractionEvent Delta="null" EndDate="2014-10-26 09:05:32.421 JST" Interest="2.0" Kind="selection" Navigation="null" OriginId="org.eclipse.jdt.ui.CompilationUnitEditor" StartDate="2014-10-26 09:05:32.418 JST" StructureHandle="=CutPlanner_A/src&amp;lt;cp.views{CanvasView_4.java[CanvasView_4~drawLine~F~F~F~F~QPaint;" StructureKind="java" NumEvents="2" CreationCount="118"/><InteractionEvent Delta="null" EndDate="2014-10-26 11:58:52.354 JST" Interest="2640.0" Kind="propagation" Navigation="null" OriginId="org.eclipse.jdt.ui.PackageExplorer" StartDate="2014-10-26 09:02:51.129 JST" StructureHandle="/CutPlanner_A/src" StructureKind="resource" NumEvents="2640" CreationCount="1"/><InteractionEvent Delta="null" EndDate="2014-10-26 10:52:27.442 JST" Interest="4.0" Kind="selection" Navigation="null" OriginId="org.eclipse.jdt.ui.CompilationUnitEditor" StartDate="2014-10-26 10:51:41.732 JST" StructureHandle="=CutPlanner_A/src&amp;lt;cp.utils{CONS.java[CONS[Canvas^BW" StructureKind="java" NumEvents="4" CreationCount="1813"/><InteractionEvent Delta="null" EndDate="2014-10-26 09:05:42.353 JST" Interest="97.0" Kind="propagation" Navigation="null" OriginId="org.eclipse.jdt.ui.PackageExplorer" StartDate="2014-10-26 09:03:03.349 JST" StructureHandle="/CutPlanner_A/src/cp/views/CanvasView_4.java" StructureKind="resource" NumEvents="97" CreationCount="8"/><InteractionEvent Delta="null" EndDate="2014-10-26 09:12:44.69 JST" Interest="16.0" Kind="edit" Navigation="null" OriginId="com.android.ide.eclipse.editors.CommonXmlEditor" StartDate="2014-10-26 09:11:30.724 JST" StructureHandle="/CutPlanner_A/res/values/strings.xml" StructureKind="resource" NumEvents="16" CreationCount="359"/><InteractionEvent Delta="null" EndDate="2014-10-26 09:12:44.18 JST" Interest="7.0" Kind="selection" Navigation="null" OriginId="com.android.ide.eclipse.editors.CommonXmlEditor" StartDate="2014-10-26 09:11:10.601 JST" StructureHandle="/CutPlanner_A/res/values/strings.xml" StructureKind="resource" NumEvents="7" CreationCount="359"/><InteractionEvent Delta="null" EndDate="2014-10-26 11:58:50.675 JST" Interest="2.0" Kind="prediction" Navigation="null" OriginId="org.eclipse.mylyn.resources.ui.interest.updater" StartDate="2014-10-26 11:52:43.605 JST" StructureHandle="/CutPlanner_A/res/values/strings.xml" StructureKind="resource" NumEvents="2" CreationCount="359"/><InteractionEvent Delta="null" EndDate="2014-10-26 09:03:51.946 JST" Interest="1.0" Kind="edit" Navigation="null" OriginId="org.eclipse.jdt.ui.CompilationUnitEditor" StartDate="2014-10-26 09:03:51.946 JST" StructureHandle="=CutPlanner_A/src&amp;lt;cp.views{CanvasView_4.java[CanvasView_4^RADIAL_GRADIENT_BLUE" StructureKind="java"/><InteractionEvent Delta="null" EndDate="2014-10-26 09:04:09.906 JST" Interest="3.0" Kind="selection" Navigation="null" OriginId="org.eclipse.ui.views.ContentOutline" StartDate="2014-10-26 09:03:48.594 JST" StructureHandle="=CutPlanner_A/src&amp;lt;cp.views{CanvasView_4.java[CanvasView_4^RADIAL_GRADIENT_BLUE" StructureKind="java" NumEvents="3" CreationCount="34"/><InteractionEvent Delta="null" EndDate="2014-10-26 11:17:44.661 JST" Interest="2.117" Kind="manipulation" Navigation="null" OriginId="org.eclipse.mylyn.core.model.interest.decay.correction" StartDate="2014-10-26 11:17:44.661 JST" StructureHandle="=CutPlanner_A/src&amp;lt;cp.utils{CONS.java[CONS[Canvas^pointsB" StructureKind="java"/><InteractionEvent Delta="null" EndDate="2014-10-26 11:17:44.661 JST" Interest="4.0" Kind="selection" Navigation="null" OriginId="org.eclipse.jdt.ui.CompilationUnitEditor" StartDate="2014-10-26 10:53:32.242 JST" StructureHandle="=CutPlanner_A/src&amp;lt;cp.utils{CONS.java[CONS[Canvas^pointsB" StructureKind="java" NumEvents="4" CreationCount="1872"/><InteractionEvent Delta="null" EndDate="2014-10-27 09:02:06.376 JST" Interest="63.159" Kind="propagation" Navigation="org.eclipse.mylyn.core.model.edges.containment" OriginId="org.eclipse.mylyn.core.model.interest.propagation" StartDate="2014-10-26 09:03:04.115 JST" StructureHandle="=LM1/src" StructureKind="java" NumEvents="84" CreationCount="9"/><InteractionEvent Delta="null" EndDate="2014-10-26 09:09:10.434 JST" Interest="2.1560001" Kind="propagation" Navigation="org.eclipse.mylyn.core.model.edges.containment" OriginId="org.eclipse.mylyn.core.model.interest.propagation" StartDate="2014-10-26 09:07:24.747 JST" StructureHandle="/CutPlanner_A/src/cp/listeners" StructureKind="resource" NumEvents="2" CreationCount="209"/><InteractionEvent Delta="null" EndDate="2014-10-26 11:40:07.422 JST" Interest="8.917" Kind="manipulation" Navigation="null" OriginId="org.eclipse.mylyn.core.model.interest.decay.correction" StartDate="2014-10-26 11:40:07.422 JST" StructureHandle="=CutPlanner_A/src&amp;lt;cp.utils{CONS.java[CONS[Canvas^pointsA" StructureKind="java"/><InteractionEvent Delta="null" EndDate="2014-10-26 10:54:45.829 JST" Interest="3.0" Kind="edit" Navigation="null" OriginId="org.eclipse.jdt.ui.CompilationUnitEditor" StartDate="2014-10-26 10:53:27.484 JST" StructureHandle="=CutPlanner_A/src&amp;lt;cp.utils{CONS.java[CONS[Canvas^pointsA" StructureKind="java" NumEvents="3" CreationCount="1868"/><InteractionEvent Delta="null" EndDate="2014-10-26 11:40:07.422 JST" Interest="7.0" Kind="selection" Navigation="null" OriginId="org.eclipse.jdt.ui.CompilationUnitEditor" StartDate="2014-10-26 10:53:23.916 JST" StructureHandle="=CutPlanner_A/src&amp;lt;cp.utils{CONS.java[CONS[Canvas^pointsA" StructureKind="java" NumEvents="7" CreationCount="1868"/><InteractionEvent Delta="null" EndDate="2014-10-26 11:58:49.789 JST" Interest="470.0" Kind="propagation" Navigation="null" OriginId="org.eclipse.mylyn.resources.ui.interest.updater" StartDate="2014-10-26 09:09:12.143 JST" StructureHandle="/CutPlanner_A/src/cp/main" StructureKind="resource" NumEvents="470" CreationCount="278"/><InteractionEvent Delta="null" EndDate="2014-10-26 11:34:48.384 JST" Interest="271.0" Kind="edit" Navigation="null" OriginId="org.eclipse.jdt.ui.CompilationUnitEditor" StartDate="2014-10-26 09:09:58.576 JST" StructureHandle="=CutPlanner_A/src&amp;lt;cp.main{MainActv.java[MainActv~_test_DrawLine" StructureKind="java" NumEvents="271" CreationCount="323"/><InteractionEvent Delta="null" EndDate="2014-10-26 11:34:41.274 JST" Interest="35.0" Kind="selection" Navigation="null" OriginId="org.eclipse.jdt.ui.CompilationUnitEditor" StartDate="2014-10-26 09:09:58.569 JST" StructureHandle="=CutPlanner_A/src&amp;lt;cp.main{MainActv.java[MainActv~_test_DrawLine" StructureKind="java" NumEvents="35" CreationCount="323"/><InteractionEvent Delta="null" EndDate="2014-10-26 10:50:47.240 JST" Interest="1.0" Kind="edit" Navigation="null" OriginId="org.eclipse.jdt.ui.CompilationUnitEditor" StartDate="2014-10-26 10:50:47.240 JST" StructureHandle="=CutPlanner_A/src&amp;lt;cp.utils{CONS.java[CONS[Enums[SortOrder" StructureKind="java"/><InteractionEvent Delta="null" EndDate="2014-10-26 10:50:46.620 JST" Interest="1.0" Kind="selection" Navigation="null" OriginId="org.eclipse.jdt.ui.CompilationUnitEditor" StartDate="2014-10-26 10:50:46.620 JST" StructureHandle="=CutPlanner_A/src&amp;lt;cp.utils{CONS.java[CONS[Enums[SortOrder" StructureKind="java"/><InteractionEvent Delta="null" EndDate="2014-10-26 09:07:13.695 JST" Interest="1.0" Kind="selection" Navigation="null" OriginId="org.eclipse.ui.views.ContentOutline" StartDate="2014-10-26 09:07:13.695 JST" StructureHandle="=LM1/src&amp;lt;lm1.utils{CONS_Canvas.java[CONS_Canvas[Main^BOUNDS_OFFSET_GREEN_TOP" StructureKind="java"/><InteractionEvent Delta="null" EndDate="2014-10-26 11:32:17.25 JST" Interest="1.0" Kind="selection" Navigation="null" OriginId="org.eclipse.jdt.ui.CompilationUnitEditor" StartDate="2014-10-26 11:32:17.25 JST" StructureHandle="=CutPlanner_A/src&amp;lt;cp.utils{CONS.java[CONS[Canvas^p" StructureKind="java"/><InteractionEvent Delta="null" EndDate="2014-10-26 11:58:49.789 JST" Interest="467.0" Kind="propagation" Navigation="null" OriginId="org.eclipse.mylyn.resources.ui.interest.updater" StartDate="2014-10-26 09:09:12.142 JST" StructureHandle="/CutPlanner_A/src/cp/main/MainActv.java" StructureKind="resource" NumEvents="467" CreationCount="278"/><InteractionEvent Delta="null" EndDate="2014-10-26 09:10:38.692 JST" Interest="1.0" Kind="selection" Navigation="null" OriginId="org.eclipse.ui.views.ResourceNavigator" StartDate="2014-10-26 09:10:38.692 JST" StructureHandle="/LM1/.classpath" StructureKind="resource"/><InteractionEvent Delta="null" EndDate="2014-10-26 11:57:06.727 JST" Interest="2.017" Kind="propagation" Navigation="org.eclipse.mylyn.core.model.edges.containment" OriginId="org.eclipse.mylyn.core.model.interest.propagation" StartDate="2014-10-26 11:52:57.468 JST" StructureHandle="/CutPlanner_A/libs" StructureKind="resource" NumEvents="3" CreationCount="2920"/><InteractionEvent Delta="null" EndDate="2014-10-26 11:56:20.628 JST" Interest="2.0" Kind="selection" Navigation="null" OriginId="org.eclipse.jdt.ui.PackageExplorer" StartDate="2014-10-26 11:52:55.579 JST" StructureHandle="/CutPlanner_A/libs" StructureKind="resource" NumEvents="2" CreationCount="2920"/><InteractionEvent Delta="null" EndDate="2014-10-26 09:04:33.501 JST" Interest="3.0" Kind="selection" Navigation="null" OriginId="org.eclipse.ui.views.ContentOutline" StartDate="2014-10-26 09:04:23.838 JST" StructureHandle="=CutPlanner_A/src&amp;lt;cp.views{CanvasView_4.java[CanvasView_4~_go__BoundsOffset" StructureKind="java" NumEvents="3" CreationCount="42"/><InteractionEvent Delta="null" EndDate="2014-10-26 11:36:49.380 JST" Interest="13.677" Kind="manipulation" Navigation="null" OriginId="org.eclipse.mylyn.core.model.interest.decay.correction" StartDate="2014-10-26 11:17:33.134 JST" StructureHandle="=CutPlanner_A/src&amp;lt;cp.utils{CONS.java[CONS[Canvas^AW" StructureKind="java" NumEvents="2" CreationCount="1803"/><InteractionEvent Delta="null" EndDate="2014-10-26 11:36:51.328 JST" Interest="2.0" Kind="edit" Navigation="null" OriginId="org.eclipse.jdt.ui.CompilationUnitEditor" StartDate="2014-10-26 11:36:50.625 JST" StructureHandle="=CutPlanner_A/src&amp;lt;cp.utils{CONS.java[CONS[Canvas^AW" StructureKind="java" NumEvents="2" CreationCount="1803"/><InteractionEvent Delta="null" EndDate="2014-10-26 11:52:39.128 JST" Interest="5.0" Kind="selection" Navigation="null" OriginId="org.eclipse.jdt.ui.CompilationUnitEditor" StartDate="2014-10-26 10:51:22.126 JST" StructureHandle="=CutPlanner_A/src&amp;lt;cp.utils{CONS.java[CONS[Canvas^AW" StructureKind="java" NumEvents="5" CreationCount="1803"/><InteractionEvent Delta="null" EndDate="2014-10-26 09:20:34.978 JST" Interest="28.0" Kind="edit" Navigation="null" OriginId="org.eclipse.jdt.ui.CompilationUnitEditor" StartDate="2014-10-26 09:13:54.229 JST" StructureHandle="=CutPlanner_A/src&amp;lt;cp.main{MainActv.java[MainActv~onCreate~QBundle;" StructureKind="java" NumEvents="28" CreationCount="435"/><InteractionEvent Delta="null" EndDate="2014-10-26 09:22:26.146 JST" Interest="9.0" Kind="selection" Navigation="null" OriginId="org.eclipse.jdt.ui.CompilationUnitEditor" StartDate="2014-10-26 09:13:54.216 JST" StructureHandle="=CutPlanner_A/src&amp;lt;cp.main{MainActv.java[MainActv~onCreate~QBundle;" StructureKind="java" NumEvents="9" CreationCount="435"/><InteractionEvent Delta="null" EndDate="2014-10-26 11:40:25.761 JST" Interest="5.0" Kind="edit" Navigation="null" OriginId="org.eclipse.jdt.ui.CompilationUnitEditor" StartDate="2014-10-26 11:37:03.587 JST" StructureHandle="=CutPlanner_A/src&amp;lt;cp.utils{CONS.java[CONS[Canvas^lineWidth_A" StructureKind="java" NumEvents="5" CreationCount="2790"/><InteractionEvent Delta="null" EndDate="2014-10-26 11:40:24.894 JST" Interest="8.0" Kind="selection" Navigation="null" OriginId="org.eclipse.jdt.ui.CompilationUnitEditor" StartDate="2014-10-26 11:37:01.988 JST" StructureHandle="=CutPlanner_A/src&amp;lt;cp.utils{CONS.java[CONS[Canvas^lineWidth_A" StructureKind="java" NumEvents="8" CreationCount="2790"/><InteractionEvent Delta="null" EndDate="2014-10-26 11:52:53.85 JST" Interest="1.0" Kind="propagation" Navigation="null" OriginId="org.eclipse.jdt.ui.PackageExplorer" StartDate="2014-10-26 11:52:53.85 JST" StructureHandle="/CutPlanner_A/src/cp/utils/Tags.java" StructureKind="resource"/><InteractionEvent Delta="null" EndDate="2014-10-26 09:36:18.77 JST" Interest="3.0" Kind="edit" Navigation="null" OriginId="org.eclipse.jdt.ui.CompilationUnitEditor" StartDate="2014-10-26 09:36:16.19 JST" StructureHandle="=LM1/src&amp;lt;lm1.views{CanvasView_4.java[CanvasView_4~onDraw~QCanvas;" StructureKind="java" NumEvents="3" CreationCount="1083"/><InteractionEvent Delta="null" EndDate="2014-10-26 09:36:47.86 JST" Interest="5.0" Kind="selection" Navigation="null" OriginId="org.eclipse.jdt.ui.CompilationUnitEditor" StartDate="2014-10-26 09:36:15.443 JST" StructureHandle="=LM1/src&amp;lt;lm1.views{CanvasView_4.java[CanvasView_4~onDraw~QCanvas;" StructureKind="java" NumEvents="5" CreationCount="1083"/><InteractionEvent Delta="null" EndDate="2014-10-26 09:07:20.274 JST" Interest="8.159" Kind="propagation" Navigation="org.eclipse.mylyn.core.model.edges.containment" OriginId="org.eclipse.mylyn.core.model.interest.propagation" StartDate="2014-10-26 09:03:07.528 JST" StructureHandle="=LM1/src&amp;lt;lm1.utils{CONS_Canvas.java[CONS_Canvas" StructureKind="java" NumEvents="11" CreationCount="12"/><InteractionEvent Delta="null" EndDate="2014-10-26 10:50:34.1 JST" Interest="31.107002" Kind="propagation" Navigation="org.eclipse.mylyn.core.model.edges.containment" OriginId="org.eclipse.mylyn.core.model.interest.propagation" StartDate="2014-10-26 09:03:04.114 JST" StructureHandle="=LM1/src&amp;lt;lm1.utils" StructureKind="java" NumEvents="13" CreationCount="9"/><InteractionEvent Delta="null" EndDate="2014-10-26 11:52:43.24 JST" Interest="7.0" Kind="edit" Navigation="null" OriginId="org.eclipse.jdt.ui.CompilationUnitEditor" StartDate="2014-10-26 11:37:15.558 JST" StructureHandle="=CutPlanner_A/src&amp;lt;cp.utils{CONS.java[CONS[Canvas^lineWidth_B" StructureKind="java" NumEvents="7" CreationCount="2798"/><InteractionEvent Delta="null" EndDate="2014-10-26 11:52:41.276 JST" Interest="5.0" Kind="selection" Navigation="null" OriginId="org.eclipse.jdt.ui.CompilationUnitEditor" StartDate="2014-10-26 11:37:14.572 JST" StructureHandle="=CutPlanner_A/src&amp;lt;cp.utils{CONS.java[CONS[Canvas^lineWidth_B" StructureKind="java" NumEvents="5" CreationCount="2798"/><InteractionEvent Delta="null" EndDate="2014-10-27 09:02:05.329 JST" Interest="29.0" Kind="edit" Navigation="null" OriginId="org.eclipse.jdt.ui.CompilationUnitEditor" StartDate="2014-10-26 09:08:06.979 JST" StructureHandle="=LM1/src&amp;lt;lm1.main{AcceleroActv.java[AcceleroActv~_test_DrawLine" StructureKind="java" NumEvents="29" CreationCount="236"/><InteractionEvent Delta="null" EndDate="2014-10-27 09:02:06.372 JST" Interest="39.0" Kind="selection" Navigation="null" OriginId="org.eclipse.jdt.ui.PackageExplorer" StartDate="2014-10-26 09:08:03.269 JST" StructureHandle="=LM1/src&amp;lt;lm1.main{AcceleroActv.java[AcceleroActv~_test_DrawLine" StructureKind="java" NumEvents="39" CreationCount="236"/></InteractionHistory>