<?xml version="1.0" encoding="UTF-8"?><InteractionHistory Id="local-203" Version="1"><InteractionEvent Delta="null" EndDate="2014-11-09 15:49:45.556 JST" Interest="1.0" Kind="propagation" Navigation="org.eclipse.mylyn.core.model.edges.containment" OriginId="org.eclipse.mylyn.core.model.interest.propagation" StartDate="2014-11-09 15:49:45.556 JST" StructureHandle="/IFM11/src/ifm11/items" StructureKind="resource"/><InteractionEvent Delta="null" EndDate="2014-11-09 15:49:45.557 JST" Interest="447.731" Kind="propagation" Navigation="org.eclipse.mylyn.core.model.edges.containment" OriginId="org.eclipse.mylyn.core.model.interest.propagation" StartDate="2014-11-09 15:26:42.382 JST" StructureHandle="" StructureKind="java" NumEvents="460" CreationCount="1"/><InteractionEvent Delta="null" EndDate="2014-11-09 15:29:53.510 JST" Interest="1.0" Kind="selection" Navigation="null" OriginId="org.eclipse.jdt.ui.CompilationUnitEditor" StartDate="2014-11-09 15:29:53.510 JST" StructureHandle="=IFM11/src&amp;lt;ifm11.listeners.dialog{DOI_CL.java[DOI_CL~DOI_CL~QActivity;~QDialog;" StructureKind="java"/><InteractionEvent Delta="null" EndDate="2014-11-09 15:30:16.416 JST" Interest="41.899998" Kind="propagation" Navigation="org.eclipse.mylyn.core.model.edges.containment" OriginId="org.eclipse.mylyn.core.model.interest.propagation" StartDate="2014-11-09 15:27:56.731 JST" StructureHandle="=IFM11/src&amp;lt;ifm11.utils{Methods_dlg.java[Methods_dlg" StructureKind="java" NumEvents="59" CreationCount="49"/><InteractionEvent Delta="null" EndDate="2014-11-09 15:49:45.557 JST" Interest="1.0" Kind="propagation" Navigation="org.eclipse.mylyn.core.model.edges.containment" OriginId="org.eclipse.mylyn.core.model.interest.propagation" StartDate="2014-11-09 15:49:45.557 JST" StructureHandle="=IFM11/src&amp;lt;ifm11.items" StructureKind="java"/><InteractionEvent Delta="null" EndDate="2014-11-09 15:43:18.913 JST" Interest="8.0" Kind="selection" Navigation="null" OriginId="org.eclipse.jdt.ui.CompilationUnitEditor" StartDate="2014-11-09 15:39:32.319 JST" StructureHandle="=IFM11/src&amp;lt;ifm11.utils{Methods.java[Methods~proc_Pixels__Red~QActivity;~\[I~I~I" StructureKind="java" NumEvents="8" CreationCount="326"/><InteractionEvent Delta="null" EndDate="2014-11-09 15:43:13.527 JST" Interest="10.0" Kind="edit" Navigation="null" OriginId="org.eclipse.jdt.ui.CompilationUnitEditor" StartDate="2014-11-09 15:42:10.334 JST" StructureHandle="=IFM11/src&amp;lt;ifm11.utils{Methods.java[Methods~proc_Pixels__Red~QActivity;~\[I~I~I" StructureKind="java" NumEvents="10" CreationCount="326"/><InteractionEvent Delta="null" EndDate="2014-11-09 15:36:36.383 JST" Interest="1.0" Kind="prediction" Navigation="null" OriginId="org.eclipse.mylyn.resources.ui.interest.updater" StartDate="2014-11-09 15:36:36.383 JST" StructureHandle="/IFM11/bin/resources.ap_" StructureKind="resource"/><InteractionEvent Delta="null" EndDate="2014-11-09 15:30:08.545 JST" Interest="2.0" Kind="selection" Navigation="null" OriginId="org.eclipse.jdt.ui.CompilationUnitEditor" StartDate="2014-11-09 15:27:56.731 JST" StructureHandle="=IFM11/src&amp;lt;ifm11.utils{Methods_dlg.java[Methods_dlg~dlg_LABS_main~QActivity;" StructureKind="java" NumEvents="2" CreationCount="49"/><InteractionEvent Delta="null" EndDate="2014-11-09 15:30:16.415 JST" Interest="57.0" Kind="edit" Navigation="null" OriginId="org.eclipse.jdt.ui.CompilationUnitEditor" StartDate="2014-11-09 15:27:57.959 JST" StructureHandle="=IFM11/src&amp;lt;ifm11.utils{Methods_dlg.java[Methods_dlg~dlg_LABS_main~QActivity;" StructureKind="java" NumEvents="57" CreationCount="49"/><InteractionEvent Delta="null" EndDate="2014-11-09 15:27:45.541 JST" Interest="1.0" Kind="propagation" Navigation="null" OriginId="org.eclipse.jdt.ui.PackageExplorer" StartDate="2014-11-09 15:27:45.541 JST" StructureHandle="/IFM11/src/ifm11/main" StructureKind="resource"/><InteractionEvent Delta="null" EndDate="2014-11-09 15:44:06.604 JST" Interest="11.0" Kind="selection" Navigation="null" OriginId="org.eclipse.jdt.ui.CompilationUnitEditor" StartDate="2014-11-09 15:32:25.71 JST" StructureHandle="=IFM11/src&amp;lt;ifm11.utils{Methods.java[Methods" StructureKind="java" NumEvents="11" CreationCount="155"/><InteractionEvent Delta="null" EndDate="2014-11-09 15:41:10.602 JST" Interest="7.0" Kind="edit" Navigation="null" OriginId="org.eclipse.jdt.ui.CompilationUnitEditor" StartDate="2014-11-09 15:32:27.875 JST" StructureHandle="=IFM11/src&amp;lt;ifm11.utils{Methods.java[Methods" StructureKind="java" NumEvents="7" CreationCount="155"/><InteractionEvent Delta="null" EndDate="2014-11-09 15:46:00.837 JST" Interest="103.40299" Kind="propagation" Navigation="org.eclipse.mylyn.core.model.edges.containment" OriginId="org.eclipse.mylyn.core.model.interest.propagation" StartDate="2014-11-09 15:31:41.184 JST" StructureHandle="=IFM11/src&amp;lt;ifm11.utils{Methods.java[Methods" StructureKind="java" NumEvents="147" CreationCount="155"/><InteractionEvent Delta="null" EndDate="2014-11-09 15:27:45.540 JST" Interest="1.0" Kind="selection" Navigation="null" OriginId="org.eclipse.jdt.ui.PackageExplorer" StartDate="2014-11-09 15:27:45.540 JST" StructureHandle="=IFM11/src&amp;lt;ifm11.main" StructureKind="java"/><InteractionEvent Delta="null" EndDate="2014-11-09 15:46:39.520 JST" Interest="4.0" Kind="propagation" Navigation="org.eclipse.mylyn.core.model.edges.containment" OriginId="org.eclipse.mylyn.core.model.interest.propagation" StartDate="2014-11-09 15:36:36.384 JST" StructureHandle="/IFM11/bin" StructureKind="resource" NumEvents="3" CreationCount="292"/><InteractionEvent Delta="null" EndDate="2014-11-09 15:49:44.369 JST" Interest="363.017" Kind="propagation" Navigation="null" OriginId="org.eclipse.jdt.ui.PackageExplorer" StartDate="2014-11-09 15:27:47.507 JST" StructureHandle="/IFM11/src/ifm11/utils" StructureKind="resource" NumEvents="364" CreationCount="43"/><InteractionEvent Delta="null" EndDate="2014-11-09 15:32:04.318 JST" Interest="2.0" Kind="selection" Navigation="null" OriginId="org.eclipse.jdt.ui.CompilationUnitEditor" StartDate="2014-11-09 15:31:43.781 JST" StructureHandle="=IFM11/src&amp;lt;ifm11.utils{Methods.java[Methods~roate_Image~QActivity;" StructureKind="java" NumEvents="2" CreationCount="156"/><InteractionEvent Delta="null" EndDate="2014-11-09 15:46:02.423 JST" Interest="7.0" Kind="selection" Navigation="null" OriginId="org.eclipse.jdt.ui.CompilationUnitEditor" StartDate="2014-11-09 15:29:52.821 JST" StructureHandle="=IFM11/src&amp;lt;ifm11.listeners.dialog{DOI_CL.java" StructureKind="java" NumEvents="7" CreationCount="102"/><InteractionEvent Delta="null" EndDate="2014-11-09 15:49:43.615 JST" Interest="48.334" Kind="propagation" Navigation="org.eclipse.mylyn.core.model.edges.containment" OriginId="org.eclipse.mylyn.core.model.interest.propagation" StartDate="2014-11-09 15:29:53.511 JST" StructureHandle="=IFM11/src&amp;lt;ifm11.listeners.dialog{DOI_CL.java" StructureKind="java" NumEvents="71" CreationCount="102"/><InteractionEvent Delta="null" EndDate="2014-11-09 15:49:45.556 JST" Interest="1.0" Kind="prediction" Navigation="null" OriginId="org.eclipse.mylyn.resources.ui.interest.updater" StartDate="2014-11-09 15:49:45.556 JST" StructureHandle="=IFM11/src&amp;lt;ifm11.items{MyView.java" StructureKind="java"/><InteractionEvent Delta="null" EndDate="2014-11-09 15:30:09.698 JST" Interest="6.0" Kind="selection" Navigation="null" OriginId="com.android.ide.eclipse.editors.CommonXmlEditor" StartDate="2014-11-09 15:26:49.675 JST" StructureHandle="/IFM11/res/values/strings.xml" StructureKind="resource" NumEvents="6" CreationCount="8"/><InteractionEvent Delta="null" EndDate="2014-11-09 15:30:09.939 JST" Interest="28.0" Kind="edit" Navigation="null" OriginId="com.android.ide.eclipse.editors.CommonXmlEditor" StartDate="2014-11-09 15:26:52.898 JST" StructureHandle="/IFM11/res/values/strings.xml" StructureKind="resource" NumEvents="28" CreationCount="8"/><InteractionEvent Delta="null" EndDate="2014-11-09 15:49:43.615 JST" Interest="84.0" Kind="propagation" Navigation="null" OriginId="org.eclipse.jdt.ui.CompilationUnitEditor" StartDate="2014-11-09 15:29:52.821 JST" StructureHandle="/IFM11/src/ifm11/listeners/dialog/DOI_CL.java" StructureKind="resource" NumEvents="84" CreationCount="102"/><InteractionEvent Delta="null" EndDate="2014-11-09 15:49:43.615 JST" Interest="85.02" Kind="propagation" Navigation="org.eclipse.mylyn.core.model.edges.containment" OriginId="org.eclipse.mylyn.core.model.interest.propagation" StartDate="2014-11-09 15:27:46.649 JST" StructureHandle="/IFM11/src/ifm11/listeners" StructureKind="resource" NumEvents="85" CreationCount="42"/><InteractionEvent Delta="null" EndDate="2014-11-09 15:49:45.556 JST" Interest="447.731" Kind="propagation" Navigation="org.eclipse.mylyn.core.model.edges.containment" OriginId="org.eclipse.mylyn.core.model.interest.propagation" StartDate="2014-11-09 15:26:42.382 JST" StructureHandle="=IFM11" StructureKind="resource" NumEvents="460" CreationCount="1"/><InteractionEvent Delta="null" EndDate="2014-11-09 15:46:02.625 JST" Interest="7.0" Kind="selection" Navigation="null" OriginId="org.eclipse.jdt.ui.CompilationUnitEditor" StartDate="2014-11-09 15:29:55.474 JST" StructureHandle="=IFM11/src&amp;lt;ifm11.listeners.dialog{DOI_CL.java[DOI_CL~case_ACTV_IMAGE_OPTMENU_LABS~QListItem;" StructureKind="java" NumEvents="7" CreationCount="104"/><InteractionEvent Delta="null" EndDate="2014-11-09 15:49:43.614 JST" Interest="69.0" Kind="edit" Navigation="null" OriginId="org.eclipse.jdt.ui.CompilationUnitEditor" StartDate="2014-11-09 15:29:57.573 JST" StructureHandle="=IFM11/src&amp;lt;ifm11.listeners.dialog{DOI_CL.java[DOI_CL~case_ACTV_IMAGE_OPTMENU_LABS~QListItem;" StructureKind="java" NumEvents="69" CreationCount="104"/><InteractionEvent Delta="null" EndDate="2014-11-09 15:27:47.507 JST" Interest="1.0" Kind="selection" Navigation="null" OriginId="org.eclipse.jdt.ui.PackageExplorer" StartDate="2014-11-09 15:27:47.507 JST" StructureHandle="=IFM11/src&amp;lt;ifm11.utils" StructureKind="java"/><InteractionEvent Delta="null" EndDate="2014-11-09 15:46:00.839 JST" Interest="120.20699" Kind="propagation" Navigation="org.eclipse.mylyn.core.model.edges.containment" OriginId="org.eclipse.mylyn.core.model.interest.propagation" StartDate="2014-11-09 15:27:48.563 JST" StructureHandle="=IFM11/src&amp;lt;ifm11.utils" StructureKind="java" NumEvents="176" CreationCount="43"/><InteractionEvent Delta="null" EndDate="2014-11-09 15:49:45.557 JST" Interest="503.0" Kind="propagation" Navigation="org.eclipse.mylyn.core.model.edges.containment" OriginId="org.eclipse.mylyn.core.model.interest.propagation" StartDate="2014-11-09 15:26:42.382 JST" StructureHandle="/" StructureKind="resource" NumEvents="503" CreationCount="1"/><InteractionEvent Delta="null" EndDate="2014-11-09 15:27:46.649 JST" Interest="1.0" Kind="selection" Navigation="null" OriginId="org.eclipse.jdt.ui.PackageExplorer" StartDate="2014-11-09 15:27:46.649 JST" StructureHandle="=IFM11/src&amp;lt;ifm11.listeners.dialog" StructureKind="java"/><InteractionEvent Delta="null" EndDate="2014-11-09 15:49:43.615 JST" Interest="55.354" Kind="propagation" Navigation="org.eclipse.mylyn.core.model.edges.containment" OriginId="org.eclipse.mylyn.core.model.interest.propagation" StartDate="2014-11-09 15:29:52.822 JST" StructureHandle="=IFM11/src&amp;lt;ifm11.listeners.dialog" StructureKind="java" NumEvents="80" CreationCount="42"/><InteractionEvent Delta="null" EndDate="2014-11-09 15:32:28.579 JST" Interest="1.0" Kind="selection" Navigation="null" OriginId="org.eclipse.jdt.ui.CompilationUnitEditor" StartDate="2014-11-09 15:32:28.579 JST" StructureHandle="=IFM11/src&amp;lt;ifm11.utils{Methods.java[Methods~change_RGB~QActivity;" StructureKind="java"/><InteractionEvent Delta="null" EndDate="2014-11-09 15:32:35.267 JST" Interest="5.0" Kind="edit" Navigation="null" OriginId="org.eclipse.jdt.ui.CompilationUnitEditor" StartDate="2014-11-09 15:32:30.666 JST" StructureHandle="=IFM11/src&amp;lt;ifm11.utils{Methods.java[Methods~change_RGB~QActivity;" StructureKind="java" NumEvents="5" CreationCount="179"/><InteractionEvent Delta="null" EndDate="2014-11-09 15:43:22.977 JST" Interest="1.0" Kind="selection" Navigation="null" OriginId="org.eclipse.jdt.ui.CompilationUnitEditor" StartDate="2014-11-09 15:43:22.977 JST" StructureHandle="=IFM11/src&amp;lt;ifm11.utils{Methods.java[Methods~proc_Pixels__Red~QActivity;~\[I~I~I!2" StructureKind="java"/><InteractionEvent Delta="null" EndDate="2014-11-09 15:43:59.676 JST" Interest="19.0" Kind="edit" Navigation="null" OriginId="org.eclipse.jdt.ui.CompilationUnitEditor" StartDate="2014-11-09 15:43:24.779 JST" StructureHandle="=IFM11/src&amp;lt;ifm11.utils{Methods.java[Methods~proc_Pixels__Blue~QActivity;~\[I~I~I" StructureKind="java" NumEvents="19" CreationCount="416"/><InteractionEvent Delta="null" EndDate="2014-11-09 15:38:53.910 JST" Interest="7.0" Kind="selection" Navigation="null" OriginId="org.eclipse.jdt.ui.CompilationUnitEditor" StartDate="2014-11-09 15:31:39.315 JST" StructureHandle="=IFM11/src&amp;lt;ifm11.utils{Methods.java" StructureKind="java" NumEvents="7" CreationCount="153"/><InteractionEvent Delta="null" EndDate="2014-11-09 15:46:00.838 JST" Interest="112.33699" Kind="propagation" Navigation="org.eclipse.mylyn.core.model.edges.containment" OriginId="org.eclipse.mylyn.core.model.interest.propagation" StartDate="2014-11-09 15:32:10.372 JST" StructureHandle="=IFM11/src&amp;lt;ifm11.utils{Methods.java" StructureKind="java" NumEvents="163" CreationCount="153"/><InteractionEvent Delta="null" EndDate="2014-11-09 15:49:43.615 JST" Interest="85.02" Kind="propagation" Navigation="org.eclipse.mylyn.core.model.edges.containment" OriginId="org.eclipse.mylyn.core.model.interest.propagation" StartDate="2014-11-09 15:27:46.649 JST" StructureHandle="/IFM11/src/ifm11/listeners/dialog" StructureKind="resource" NumEvents="85" CreationCount="42"/><InteractionEvent Delta="null" EndDate="2014-11-09 15:27:43.193 JST" Interest="4.0" Kind="selection" Navigation="null" OriginId="org.eclipse.jdt.ui.PackageExplorer" StartDate="2014-11-09 15:26:48.374 JST" StructureHandle="/IFM11/res/values" StructureKind="resource" NumEvents="4" CreationCount="6"/><InteractionEvent Delta="null" EndDate="2014-11-09 15:30:09.940 JST" Interest="21.634" Kind="propagation" Navigation="org.eclipse.mylyn.core.model.edges.containment" OriginId="org.eclipse.mylyn.core.model.interest.propagation" StartDate="2014-11-09 15:26:49.677 JST" StructureHandle="/IFM11/res/values" StructureKind="resource" NumEvents="31" CreationCount="6"/><InteractionEvent Delta="null" EndDate="2014-11-09 15:27:43.684 JST" Interest="4.0" Kind="selection" Navigation="null" OriginId="org.eclipse.jdt.ui.PackageExplorer" StartDate="2014-11-09 15:26:46.151 JST" StructureHandle="/IFM11/res" StructureKind="resource" NumEvents="4" CreationCount="4"/><InteractionEvent Delta="null" EndDate="2014-11-09 15:30:09.940 JST" Interest="21.668001" Kind="propagation" Navigation="org.eclipse.mylyn.core.model.edges.containment" OriginId="org.eclipse.mylyn.core.model.interest.propagation" StartDate="2014-11-09 15:26:48.376 JST" StructureHandle="/IFM11/res" StructureKind="resource" NumEvents="32" CreationCount="4"/><InteractionEvent Delta="null" EndDate="2014-11-09 15:49:45.556 JST" Interest="1.0" Kind="propagation" Navigation="null" OriginId="org.eclipse.mylyn.resources.ui.interest.updater" StartDate="2014-11-09 15:49:45.556 JST" StructureHandle="/IFM11/src/ifm11/items/MyView.java" StructureKind="resource"/><InteractionEvent Delta="null" EndDate="2014-11-09 15:39:02.173 JST" Interest="4.0" Kind="selection" Navigation="null" OriginId="org.eclipse.jdt.ui.CompilationUnitEditor" StartDate="2014-11-09 15:32:05.689 JST" StructureHandle="=IFM11/src&amp;lt;ifm11.utils{Methods.java[Methods~RGB_Zero~QActivity;~QString;" StructureKind="java" NumEvents="4" CreationCount="168"/><InteractionEvent Delta="null" EndDate="2014-11-09 15:34:28.694 JST" Interest="41.0" Kind="edit" Navigation="null" OriginId="org.eclipse.jdt.ui.CompilationUnitEditor" StartDate="2014-11-09 15:32:06.678 JST" StructureHandle="=IFM11/src&amp;lt;ifm11.utils{Methods.java[Methods~RGB_Zero~QActivity;~QString;" StructureKind="java" NumEvents="41" CreationCount="168"/><InteractionEvent Delta="null" EndDate="2014-11-09 15:49:45.557 JST" Interest="448.697" Kind="propagation" Navigation="null" OriginId="org.eclipse.mylyn.resources.ui.interest.updater" StartDate="2014-11-09 15:26:43.649 JST" StructureHandle="/IFM11/src" StructureKind="resource" NumEvents="452" CreationCount="3"/><InteractionEvent Delta="null" EndDate="2014-11-09 15:49:44.369 JST" Interest="362.051" Kind="propagation" Navigation="org.eclipse.mylyn.core.model.edges.containment" OriginId="org.eclipse.mylyn.core.model.interest.propagation" StartDate="2014-11-09 15:27:45.541 JST" StructureHandle="/IFM11/src/ifm11" StructureKind="resource" NumEvents="366" CreationCount="41"/><InteractionEvent Delta="null" EndDate="2014-11-09 15:49:45.557 JST" Interest="503.0" Kind="propagation" Navigation="null" OriginId="org.eclipse.mylyn.resources.ui.interest.updater" StartDate="2014-11-09 15:26:42.382 JST" StructureHandle="/IFM11" StructureKind="resource" NumEvents="503" CreationCount="1"/><InteractionEvent Delta="null" EndDate="2014-11-09 15:44:42.486 JST" Interest="14.0" Kind="selection" Navigation="null" OriginId="org.eclipse.jdt.ui.CompilationUnitEditor" StartDate="2014-11-09 15:33:53.818 JST" StructureHandle="=IFM11/src&amp;lt;ifm11.utils{Methods.java[Methods~proc_Pixels~QActivity;~\[I~I~I~QString;" StructureKind="java" NumEvents="14" CreationCount="214"/><InteractionEvent Delta="null" EndDate="2014-11-09 15:46:00.837 JST" Interest="149.0" Kind="edit" Navigation="null" OriginId="org.eclipse.jdt.ui.CompilationUnitEditor" StartDate="2014-11-09 15:33:54.586 JST" StructureHandle="=IFM11/src&amp;lt;ifm11.utils{Methods.java[Methods~proc_Pixels~QActivity;~\[I~I~I~QString;" StructureKind="java" NumEvents="149" CreationCount="214"/><InteractionEvent Delta="null" EndDate="2014-11-09 15:49:43.615 JST" Interest="55.316998" Kind="propagation" Navigation="org.eclipse.mylyn.core.model.edges.containment" OriginId="org.eclipse.mylyn.core.model.interest.propagation" StartDate="2014-11-09 15:29:53.510 JST" StructureHandle="=IFM11/src&amp;lt;ifm11.listeners.dialog{DOI_CL.java[DOI_CL" StructureKind="java" NumEvents="77" CreationCount="103"/><InteractionEvent Delta="null" EndDate="2014-11-09 15:26:42.384 JST" Interest="2.0" Kind="selection" Navigation="null" OriginId="org.eclipse.jdt.ui.PackageExplorer" StartDate="2014-11-09 15:26:42.381 JST" StructureHandle="/IFM11/proguard-project.txt" StructureKind="resource" NumEvents="2" CreationCount="1"/><InteractionEvent Delta="null" EndDate="2014-11-09 15:46:00.838 JST" Interest="299.0" Kind="propagation" Navigation="null" OriginId="org.eclipse.jdt.ui.CompilationUnitEditor" StartDate="2014-11-09 15:31:39.316 JST" StructureHandle="/IFM11/src/ifm11/utils/Methods.java" StructureKind="resource" NumEvents="299" CreationCount="153"/><InteractionEvent Delta="null" EndDate="2014-11-09 15:46:39.520 JST" Interest="4.0" Kind="prediction" Navigation="null" OriginId="org.eclipse.mylyn.resources.ui.interest.updater" StartDate="2014-11-09 15:36:36.383 JST" StructureHandle="/IFM11/bin/IFM11.apk" StructureKind="resource" NumEvents="4" CreationCount="292"/><InteractionEvent Delta="null" EndDate="2014-11-09 15:44:09.573 JST" Interest="1.0" Kind="selection" Navigation="null" OriginId="org.eclipse.jdt.ui.CompilationUnitEditor" StartDate="2014-11-09 15:44:09.573 JST" StructureHandle="=IFM11/src&amp;lt;ifm11.utils{Methods.java[Methods~proc_Pixels__Blue~QActivity;~\[I~I~I!2" StructureKind="java"/><InteractionEvent Delta="null" EndDate="2014-11-09 15:44:41.718 JST" Interest="14.0" Kind="edit" Navigation="null" OriginId="org.eclipse.jdt.ui.CompilationUnitEditor" StartDate="2014-11-09 15:44:10.761 JST" StructureHandle="=IFM11/src&amp;lt;ifm11.utils{Methods.java[Methods~proc_Pixels__Green~QActivity;~\[I~I~I" StructureKind="java" NumEvents="14" CreationCount="438"/><InteractionEvent Delta="null" EndDate="2014-11-09 15:46:39.520 JST" Interest="4.0" Kind="prediction" Navigation="null" OriginId="org.eclipse.mylyn.resources.ui.interest.updater" StartDate="2014-11-09 15:36:36.383 JST" StructureHandle="/IFM11/bin/classes.dex" StructureKind="resource" NumEvents="4" CreationCount="292"/><InteractionEvent Delta="null" EndDate="2014-11-09 15:49:44.369 JST" Interest="64.0" Kind="propagation" Navigation="null" OriginId="org.eclipse.jdt.ui.PackageExplorer" StartDate="2014-11-09 15:27:48.563 JST" StructureHandle="/IFM11/src/ifm11/utils/Methods_dlg.java" StructureKind="resource" NumEvents="64" CreationCount="44"/><InteractionEvent Delta="null" EndDate="2014-11-09 15:26:43.648 JST" Interest="1.0" Kind="selection" Navigation="null" OriginId="org.eclipse.jdt.ui.PackageExplorer" StartDate="2014-11-09 15:26:43.648 JST" StructureHandle="=IFM11/src" StructureKind="java"/><InteractionEvent Delta="null" EndDate="2014-11-09 15:46:00.839 JST" Interest="120.88699" Kind="propagation" Navigation="org.eclipse.mylyn.core.model.edges.containment" OriginId="org.eclipse.mylyn.core.model.interest.propagation" StartDate="2014-11-09 15:27:45.541 JST" StructureHandle="=IFM11/src" StructureKind="java" NumEvents="181" CreationCount="3"/><InteractionEvent Delta="null" EndDate="2014-11-09 15:49:44.368 JST" Interest="5.0" Kind="selection" Navigation="null" OriginId="org.eclipse.jdt.ui.PackageExplorer" StartDate="2014-11-09 15:27:48.562 JST" StructureHandle="=IFM11/src&amp;lt;ifm11.utils{Methods_dlg.java" StructureKind="java" NumEvents="5" CreationCount="44"/><InteractionEvent Delta="null" EndDate="2014-11-09 15:30:16.417 JST" Interest="37.984997" Kind="propagation" Navigation="org.eclipse.mylyn.core.model.edges.containment" OriginId="org.eclipse.mylyn.core.model.interest.propagation" StartDate="2014-11-09 15:27:59.84 JST" StructureHandle="=IFM11/src&amp;lt;ifm11.utils{Methods_dlg.java" StructureKind="java" NumEvents="55" CreationCount="44"/></InteractionHistory>