<?xml version="1.0" encoding="UTF-8"?><InteractionHistory Id="local-163" Version="1"><InteractionEvent Delta="null" EndDate="2014-10-17 08:42:29.233 JST" Interest="2.0" Kind="selection" Navigation="null" OriginId="org.eclipse.jdt.ui.CompilationUnitEditor" StartDate="2014-10-17 08:42:26.283 JST" StructureHandle="=SL3/src&amp;lt;sl3.utils{CONS.java[CONS[DB^columns_for_table_genres" StructureKind="java" NumEvents="2" CreationCount="138"/><InteractionEvent Delta="null" EndDate="2014-10-17 09:08:56.853 JST" Interest="534.527" Kind="propagation" Navigation="org.eclipse.mylyn.core.model.edges.containment" OriginId="org.eclipse.mylyn.core.model.interest.propagation" StartDate="2014-10-17 08:33:25.101 JST" StructureHandle="" StructureKind="java" NumEvents="555" CreationCount="1"/><InteractionEvent Delta="null" EndDate="2014-10-17 08:37:17.450 JST" Interest="1.0" Kind="propagation" Navigation="org.eclipse.mylyn.core.model.edges.containment" OriginId="org.eclipse.mylyn.core.model.interest.propagation" StartDate="2014-10-17 08:37:17.450 JST" StructureHandle="/SL3/src/sl/libs/xml/ibm/developerworks" StructureKind="resource"/><InteractionEvent Delta="null" EndDate="2014-10-17 09:08:56.851 JST" Interest="533.527" Kind="propagation" Navigation="org.eclipse.mylyn.core.model.edges.containment" OriginId="org.eclipse.mylyn.core.model.interest.propagation" StartDate="2014-10-17 08:33:28.463 JST" StructureHandle="=SL3" StructureKind="resource" NumEvents="554" CreationCount="1"/><InteractionEvent Delta="null" EndDate="2014-10-17 08:33:25.99 JST" Interest="1.0" Kind="selection" Navigation="null" OriginId="org.eclipse.jdt.ui.PackageExplorer" StartDate="2014-10-17 08:33:25.99 JST" StructureHandle="=SL3" StructureKind="java"/><InteractionEvent Delta="null" EndDate="2014-10-17 09:08:56.852 JST" Interest="87.724" Kind="propagation" Navigation="org.eclipse.mylyn.core.model.edges.containment" OriginId="org.eclipse.mylyn.core.model.interest.propagation" StartDate="2014-10-17 08:33:31.387 JST" StructureHandle="=SL3/src" StructureKind="java" NumEvents="135" CreationCount="2"/><InteractionEvent Delta="null" EndDate="2014-10-17 08:33:28.462 JST" Interest="1.0" Kind="selection" Navigation="null" OriginId="org.eclipse.jdt.ui.PackageExplorer" StartDate="2014-10-17 08:33:28.462 JST" StructureHandle="=SL3/src" StructureKind="java"/><InteractionEvent Delta="null" EndDate="2014-10-17 08:54:36.602 JST" Interest="4.0" Kind="selection" Navigation="null" OriginId="org.eclipse.jdt.ui.CompilationUnitEditor" StartDate="2014-10-17 08:54:26.308 JST" StructureHandle="=SL3/src&amp;lt;sl3.utils{Methods_dlg.java[Methods_dlg~conf_ImportData_SI~QActivity;~QDialog;~QDialog;~QDialogTags;" StructureKind="java" NumEvents="4" CreationCount="405"/><InteractionEvent Delta="null" EndDate="2014-10-17 08:41:51.860 JST" Interest="12.0" Kind="propagation" Navigation="null" OriginId="org.eclipse.jdt.ui.CompilationUnitEditor" StartDate="2014-10-17 08:41:20.681 JST" StructureHandle="/SL3/src/sl3/utils/Tags.java" StructureKind="resource" NumEvents="12" CreationCount="111"/><InteractionEvent Delta="null" EndDate="2014-10-17 08:42:37.203 JST" Interest="2.0" Kind="selection" Navigation="null" OriginId="org.eclipse.jdt.ui.CompilationUnitEditor" StartDate="2014-10-17 08:42:18.628 JST" StructureHandle="=SL3/src&amp;lt;sl3.utils{CONS.java[CONS[DB^cols_SI_Register" StructureKind="java" NumEvents="2" CreationCount="134"/><InteractionEvent Delta="null" EndDate="2014-10-17 08:49:57.298 JST" Interest="2.0" Kind="selection" Navigation="null" OriginId="org.eclipse.jdt.ui.CompilationUnitEditor" StartDate="2014-10-17 08:49:25.867 JST" StructureHandle="=SL3/src&amp;lt;sl3.utils{Methods_dlg.java[Methods_dlg~conf_DropTable~QActivity;~QDialog;~QDialog;~QDialog;~QString;~QTags.DialogTags;" StructureKind="java" NumEvents="2" CreationCount="317"/><InteractionEvent Delta="null" EndDate="2014-10-17 08:49:42.71 JST" Interest="2.0" Kind="edit" Navigation="null" OriginId="org.eclipse.jdt.ui.CompilationUnitEditor" StartDate="2014-10-17 08:49:28.436 JST" StructureHandle="=SL3/src&amp;lt;sl3.utils{Methods_dlg.java[Methods_dlg~conf_DropTable~QActivity;~QDialog;~QDialog;~QDialog;~QString;~QTags.DialogTags;" StructureKind="java" NumEvents="2" CreationCount="317"/><InteractionEvent Delta="null" EndDate="2014-10-17 08:57:13.509 JST" Interest="5.0" Kind="selection" Navigation="null" OriginId="com.android.ide.eclipse.editors.CommonXmlEditor" StartDate="2014-10-17 08:37:27.899 JST" StructureHandle="/SL3/res/values/strings.xml" StructureKind="resource" NumEvents="5" CreationCount="11"/><InteractionEvent Delta="null" EndDate="2014-10-17 08:57:13.836 JST" Interest="29.0" Kind="edit" Navigation="null" OriginId="com.android.ide.eclipse.editors.CommonXmlEditor" StartDate="2014-10-17 08:37:28.67 JST" StructureHandle="/SL3/res/values/strings.xml" StructureKind="resource" NumEvents="29" CreationCount="11"/><InteractionEvent Delta="null" EndDate="2014-10-17 09:01:39.23 JST" Interest="353.0" Kind="propagation" Navigation="null" OriginId="org.eclipse.jdt.ui.CompilationUnitEditor" StartDate="2014-10-17 08:38:34.892 JST" StructureHandle="/SL3/src/sl3/utils" StructureKind="resource" NumEvents="353" CreationCount="32"/><InteractionEvent Delta="null" EndDate="2014-10-17 08:38:38.604 JST" Interest="1.0" Kind="selection" Navigation="null" OriginId="org.eclipse.ui.views.ContentOutline" StartDate="2014-10-17 08:38:38.604 JST" StructureHandle="=SL3/src&amp;lt;sl3.utils{Methods_dlg.java%sl3.utils" StructureKind="java"/><InteractionEvent Delta="null" EndDate="2014-10-17 08:48:20.265 JST" Interest="46.899" Kind="propagation" Navigation="org.eclipse.mylyn.core.model.edges.containment" OriginId="org.eclipse.mylyn.core.model.interest.propagation" StartDate="2014-10-17 08:42:10.10 JST" StructureHandle="=SL3/src&amp;lt;sl3.utils{CONS.java[CONS" StructureKind="java" NumEvents="65" CreationCount="129"/><InteractionEvent Delta="null" EndDate="2014-10-17 08:36:49.893 JST" Interest="1.0" Kind="selection" Navigation="null" OriginId="org.eclipse.jdt.ui.PackageExplorer" StartDate="2014-10-17 08:36:49.893 JST" StructureHandle="/SL3/s" StructureKind="resource"/><InteractionEvent Delta="null" EndDate="2014-10-17 08:54:11.671 JST" Interest="1.0" Kind="selection" Navigation="null" OriginId="org.eclipse.jdt.ui.CompilationUnitEditor" StartDate="2014-10-17 08:54:11.671 JST" StructureHandle="=SL3/src&amp;lt;sl3.listeners.dialog{DOI_CL.java[DOI_CL~dlg_db_admin_lv_backupDb" StructureKind="java"/><InteractionEvent Delta="null" EndDate="2014-10-17 08:50:12.698 JST" Interest="1.0" Kind="selection" Navigation="null" OriginId="org.eclipse.jdt.ui.CompilationUnitEditor" StartDate="2014-10-17 08:50:12.698 JST" StructureHandle="=SL3/src&amp;lt;sl3.listeners.dialog{DB_OCL.java[DB_OCL~DB_OCL~QActivity;~QDialog;~QDialog;~QDialog;~QDialog;" StructureKind="java"/><InteractionEvent Delta="null" EndDate="2014-10-17 08:41:36.217 JST" Interest="2.017" Kind="propagation" Navigation="org.eclipse.mylyn.core.model.edges.containment" OriginId="org.eclipse.mylyn.core.model.interest.propagation" StartDate="2014-10-17 08:41:21.843 JST" StructureHandle="=SL3/src&amp;lt;sl3.utils{Tags.java" StructureKind="java" NumEvents="4" CreationCount="111"/><InteractionEvent Delta="null" EndDate="2014-10-17 08:41:28.204 JST" Interest="2.0" Kind="selection" Navigation="null" OriginId="org.eclipse.jdt.ui.CompilationUnitEditor" StartDate="2014-10-17 08:41:20.680 JST" StructureHandle="=SL3/src&amp;lt;sl3.utils{Tags.java" StructureKind="java" NumEvents="2" CreationCount="111"/><InteractionEvent Delta="null" EndDate="2014-10-17 09:01:30.820 JST" Interest="41.917" Kind="propagation" Navigation="org.eclipse.mylyn.core.model.edges.containment" OriginId="org.eclipse.mylyn.core.model.interest.propagation" StartDate="2014-10-17 08:57:46.912 JST" StructureHandle="=SL3/src&amp;lt;sl3.utils{Methods.java" StructureKind="java" NumEvents="60" CreationCount="472"/><InteractionEvent Delta="null" EndDate="2014-10-17 08:57:46.32 JST" Interest="1.0" Kind="selection" Navigation="null" OriginId="org.eclipse.jdt.ui.CompilationUnitEditor" StartDate="2014-10-17 08:57:46.32 JST" StructureHandle="=SL3/src&amp;lt;sl3.utils{Methods.java" StructureKind="java"/><InteractionEvent Delta="null" EndDate="2014-10-17 09:01:39.22 JST" Interest="181.0" Kind="propagation" Navigation="null" OriginId="org.eclipse.jdt.ui.CompilationUnitEditor" StartDate="2014-10-17 08:42:09.208 JST" StructureHandle="/SL3/src/sl3/utils/CONS.java" StructureKind="resource" NumEvents="181" CreationCount="128"/><InteractionEvent Delta="null" EndDate="2014-10-17 08:37:17.450 JST" Interest="1.017" Kind="propagation" Navigation="org.eclipse.mylyn.core.model.edges.containment" OriginId="org.eclipse.mylyn.core.model.interest.propagation" StartDate="2014-10-17 08:36:55.228 JST" StructureHandle="/SL3/src/sl/libs/xml" StructureKind="resource" NumEvents="2" CreationCount="6"/><InteractionEvent Delta="null" EndDate="2014-10-17 09:08:56.851 JST" Interest="149.0" Kind="propagation" Navigation="null" OriginId="org.eclipse.jdt.ui.CompilationUnitEditor" StartDate="2014-10-17 08:39:51.48 JST" StructureHandle="/SL3/src/sl3/listeners/dialog/DOI_CL.java" StructureKind="resource" NumEvents="149" CreationCount="69"/><InteractionEvent Delta="null" EndDate="2014-10-17 09:08:56.852 JST" Interest="87.585" Kind="propagation" Navigation="org.eclipse.mylyn.core.model.edges.containment" OriginId="org.eclipse.mylyn.core.model.interest.propagation" StartDate="2014-10-17 08:39:51.48 JST" StructureHandle="=SL3/src&amp;lt;sl3.listeners.dialog" StructureKind="java" NumEvents="124" CreationCount="69"/><InteractionEvent Delta="null" EndDate="2014-10-17 08:46:17.779 JST" Interest="6.0" Kind="selection" Navigation="null" OriginId="org.eclipse.jdt.ui.CompilationUnitEditor" StartDate="2014-10-17 08:43:51.229 JST" StructureHandle="=SL3/src&amp;lt;sl3.utils{CONS.java[CONS[DB^col_Names_PH_full" StructureKind="java" NumEvents="6" CreationCount="176"/><InteractionEvent Delta="null" EndDate="2014-10-17 08:46:43.837 JST" Interest="49.0" Kind="edit" Navigation="null" OriginId="org.eclipse.jdt.ui.CompilationUnitEditor" StartDate="2014-10-17 08:43:53.471 JST" StructureHandle="=SL3/src&amp;lt;sl3.utils{CONS.java[CONS[DB^col_Names_PH_full" StructureKind="java" NumEvents="49" CreationCount="176"/><InteractionEvent Delta="null" EndDate="2014-10-17 08:37:17.450 JST" Interest="1.0" Kind="propagation" Navigation="org.eclipse.mylyn.core.model.edges.containment" OriginId="org.eclipse.mylyn.core.model.interest.propagation" StartDate="2014-10-17 08:37:17.450 JST" StructureHandle="/SL3/src/sl/libs/xml/ibm" StructureKind="resource"/><InteractionEvent Delta="null" EndDate="2014-10-17 08:57:23.109 JST" Interest="30.417" Kind="propagation" Navigation="org.eclipse.mylyn.core.model.edges.containment" OriginId="org.eclipse.mylyn.core.model.interest.propagation" StartDate="2014-10-17 08:38:40.201 JST" StructureHandle="=SL3/src&amp;lt;sl3.utils{Methods_dlg.java[Methods_dlg" StructureKind="java" NumEvents="41" CreationCount="34"/><InteractionEvent Delta="null" EndDate="2014-10-17 08:37:17.450 JST" Interest="1.0" Kind="selection" Navigation="null" OriginId="org.eclipse.jdt.ui.PackageExplorer" StartDate="2014-10-17 08:37:17.450 JST" StructureHandle="=SL3/src&amp;lt;sl.libs.xml.ibm.developerworks.main" StructureKind="java"/><InteractionEvent Delta="null" EndDate="2014-10-17 08:37:17.450 JST" Interest="1.0" Kind="propagation" Navigation="null" OriginId="org.eclipse.jdt.ui.PackageExplorer" StartDate="2014-10-17 08:37:17.450 JST" StructureHandle="/SL3/src/sl/libs/xml/ibm/developerworks/main" StructureKind="resource"/><InteractionEvent Delta="null" EndDate="2014-10-17 09:01:38.546 JST" Interest="33.0" Kind="propagation" Navigation="null" OriginId="org.eclipse.jdt.ui.CompilationUnitEditor" StartDate="2014-10-17 08:50:11.870 JST" StructureHandle="/SL3/src/sl3/listeners/dialog/DB_OCL.java" StructureKind="resource" NumEvents="33" CreationCount="330"/><InteractionEvent Delta="null" EndDate="2014-10-17 09:01:39.20 JST" Interest="9.0" Kind="selection" Navigation="null" OriginId="org.eclipse.jdt.ui.CompilationUnitEditor" StartDate="2014-10-17 08:43:19.320 JST" StructureHandle="=SL3/src&amp;lt;sl3.utils{CONS.java[CONS[DB^tname_ph" StructureKind="java" NumEvents="9" CreationCount="165"/><InteractionEvent Delta="null" EndDate="2014-10-17 08:43:32.413 JST" Interest="2.0" Kind="edit" Navigation="null" OriginId="org.eclipse.jdt.ui.CompilationUnitEditor" StartDate="2014-10-17 08:43:20.357 JST" StructureHandle="=SL3/src&amp;lt;sl3.utils{CONS.java[CONS[DB^tname_si!2" StructureKind="java" NumEvents="2" CreationCount="165"/><InteractionEvent Delta="null" EndDate="2014-10-17 08:57:13.837 JST" Interest="24.334" Kind="propagation" Navigation="org.eclipse.mylyn.core.model.edges.containment" OriginId="org.eclipse.mylyn.core.model.interest.propagation" StartDate="2014-10-17 08:37:24.851 JST" StructureHandle="/SL3/res/values" StructureKind="resource" NumEvents="35" CreationCount="9"/><InteractionEvent Delta="null" EndDate="2014-10-17 08:37:23.874 JST" Interest="1.0" Kind="selection" Navigation="null" OriginId="org.eclipse.jdt.ui.PackageExplorer" StartDate="2014-10-17 08:37:23.874 JST" StructureHandle="/SL3/res/values" StructureKind="resource"/><InteractionEvent Delta="null" EndDate="2014-10-17 09:08:56.853 JST" Interest="582.0" Kind="propagation" Navigation="org.eclipse.mylyn.core.model.edges.containment" OriginId="org.eclipse.mylyn.core.model.interest.propagation" StartDate="2014-10-17 08:33:25.101 JST" StructureHandle="/" StructureKind="resource" NumEvents="582" CreationCount="1"/><InteractionEvent Delta="null" EndDate="2014-10-17 09:08:56.852 JST" Interest="71.585" Kind="propagation" Navigation="org.eclipse.mylyn.core.model.edges.containment" OriginId="org.eclipse.mylyn.core.model.interest.propagation" StartDate="2014-10-17 08:40:01.811 JST" StructureHandle="=SL3/src&amp;lt;sl3.listeners.dialog{DOI_CL.java" StructureKind="java" NumEvents="105" CreationCount="69"/><InteractionEvent Delta="null" EndDate="2014-10-17 09:01:39.197 JST" Interest="16.0" Kind="selection" Navigation="null" OriginId="org.eclipse.jdt.ui.CompilationUnitEditor" StartDate="2014-10-17 08:39:51.47 JST" StructureHandle="=SL3/src&amp;lt;sl3.listeners.dialog{DOI_CL.java" StructureKind="java" NumEvents="16" CreationCount="69"/><InteractionEvent Delta="null" EndDate="2014-10-17 08:46:47.273 JST" Interest="6.0" Kind="selection" Navigation="null" OriginId="org.eclipse.jdt.ui.CompilationUnitEditor" StartDate="2014-10-17 08:44:20.346 JST" StructureHandle="=SL3/src&amp;lt;sl3.utils{CONS.java[CONS[DB^col_Names_PH" StructureKind="java" NumEvents="6" CreationCount="188"/><InteractionEvent Delta="null" EndDate="2014-10-17 08:47:05.260 JST" Interest="12.0" Kind="edit" Navigation="null" OriginId="org.eclipse.jdt.ui.CompilationUnitEditor" StartDate="2014-10-17 08:44:22.717 JST" StructureHandle="=SL3/src&amp;lt;sl3.utils{CONS.java[CONS[DB^col_Names_PH" StructureKind="java" NumEvents="12" CreationCount="188"/><InteractionEvent Delta="null" EndDate="2014-10-17 08:42:51.57 JST" Interest="1.0" Kind="selection" Navigation="null" OriginId="org.eclipse.jdt.ui.CompilationUnitEditor" StartDate="2014-10-17 08:42:51.57 JST" StructureHandle="=SL3/src&amp;lt;sl3.utils{CONS.java[CONS[DB^tname_si" StructureKind="java"/><InteractionEvent Delta="null" EndDate="2014-10-17 08:42:45.180 JST" Interest="1.0" Kind="selection" Navigation="null" OriginId="org.eclipse.jdt.ui.CompilationUnitEditor" StartDate="2014-10-17 08:42:45.180 JST" StructureHandle="=SL3/src&amp;lt;sl3.utils{CONS.java[CONS[DB^col_Names_PS_full" StructureKind="java"/><InteractionEvent Delta="null" EndDate="2014-10-17 08:52:00.986 JST" Interest="1.0" Kind="propagation" Navigation="org.eclipse.mylyn.core.model.edges.containment" OriginId="org.eclipse.mylyn.core.model.interest.propagation" StartDate="2014-10-17 08:52:00.986 JST" StructureHandle="/SL3/bin" StructureKind="resource"/><InteractionEvent Delta="null" EndDate="2014-10-17 08:48:24.150 JST" Interest="45.916" Kind="propagation" Navigation="org.eclipse.mylyn.core.model.edges.containment" OriginId="org.eclipse.mylyn.core.model.interest.propagation" StartDate="2014-10-17 08:42:10.10 JST" StructureHandle="=SL3/src&amp;lt;sl3.utils{CONS.java" StructureKind="java" NumEvents="70" CreationCount="128"/><InteractionEvent Delta="null" EndDate="2014-10-17 09:01:38.749 JST" Interest="8.0" Kind="selection" Navigation="null" OriginId="org.eclipse.jdt.ui.CompilationUnitEditor" StartDate="2014-10-17 08:42:09.207 JST" StructureHandle="=SL3/src&amp;lt;sl3.utils{CONS.java" StructureKind="java" NumEvents="8" CreationCount="128"/><InteractionEvent Delta="null" EndDate="2014-10-17 08:41:43.746 JST" Interest="1.0" Kind="selection" Navigation="null" OriginId="org.eclipse.jdt.ui.CompilationUnitEditor" StartDate="2014-10-17 08:41:43.746 JST" StructureHandle="=SL3/src&amp;lt;sl3.utils{Tags.java[Tags[DialogTags^DLG_CONFIRM_DELETE_SI_OK" StructureKind="java"/><InteractionEvent Delta="null" EndDate="2014-10-17 08:42:36.5 JST" Interest="2.0" Kind="selection" Navigation="null" OriginId="org.eclipse.jdt.ui.CompilationUnitEditor" StartDate="2014-10-17 08:42:19.653 JST" StructureHandle="=SL3/src&amp;lt;sl3.utils{CONS.java[CONS[DB^col_Types_Store" StructureKind="java" NumEvents="2" CreationCount="135"/><InteractionEvent Delta="null" EndDate="2014-10-17 08:37:24.851 JST" Interest="1.0" Kind="selection" Navigation="null" OriginId="org.eclipse.jdt.ui.PackageExplorer" StartDate="2014-10-17 08:37:24.851 JST" StructureHandle="/SL3/res/values/colors.xml" StructureKind="resource"/><InteractionEvent Delta="null" EndDate="2014-10-17 09:01:30.819 JST" Interest="40.899998" Kind="propagation" Navigation="org.eclipse.mylyn.core.model.edges.containment" OriginId="org.eclipse.mylyn.core.model.interest.propagation" StartDate="2014-10-17 08:57:46.911 JST" StructureHandle="=SL3/src&amp;lt;sl3.utils{Methods.java[Methods" StructureKind="java" NumEvents="58" CreationCount="473"/><InteractionEvent Delta="null" EndDate="2014-10-17 09:00:10.728 JST" Interest="2.0" Kind="selection" Navigation="null" OriginId="org.eclipse.jdt.ui.CompilationUnitEditor" StartDate="2014-10-17 08:59:08.499 JST" StructureHandle="=SL3/src&amp;lt;sl3.utils{Methods.java[Methods" StructureKind="java" NumEvents="2" CreationCount="473"/><InteractionEvent Delta="null" EndDate="2014-10-17 08:42:14.293 JST" Interest="1.0" Kind="selection" Navigation="null" OriginId="org.eclipse.jdt.ui.CompilationUnitEditor" StartDate="2014-10-17 08:42:14.293 JST" StructureHandle="=SL3/src&amp;lt;sl3.utils{CONS.java[CONS[DB^timeStamps" StructureKind="java"/><InteractionEvent Delta="null" EndDate="2014-10-17 08:51:17.566 JST" Interest="12.218999" Kind="propagation" Navigation="org.eclipse.mylyn.core.model.edges.containment" OriginId="org.eclipse.mylyn.core.model.interest.propagation" StartDate="2014-10-17 08:50:12.699 JST" StructureHandle="=SL3/src&amp;lt;sl3.listeners.dialog{DB_OCL.java[DB_OCL" StructureKind="java" NumEvents="18" CreationCount="331"/><InteractionEvent Delta="null" EndDate="2014-10-17 08:41:36.216 JST" Interest="4.0" Kind="propagation" Navigation="org.eclipse.mylyn.core.model.edges.containment" OriginId="org.eclipse.mylyn.core.model.interest.propagation" StartDate="2014-10-17 08:41:21.840 JST" StructureHandle="=SL3/src&amp;lt;sl3.utils{Tags.java[Tags" StructureKind="java" NumEvents="4" CreationCount="112"/><InteractionEvent Delta="null" EndDate="2014-10-17 08:33:31.386 JST" Interest="1.0" Kind="selection" Navigation="null" OriginId="org.eclipse.jdt.ui.PackageExplorer" StartDate="2014-10-17 08:33:31.386 JST" StructureHandle="=SL3/src&amp;lt;sl.main" StructureKind="java"/><InteractionEvent Delta="null" EndDate="2014-10-17 09:01:58.307 JST" Interest="2.0" Kind="prediction" Navigation="null" OriginId="org.eclipse.mylyn.resources.ui.interest.updater" StartDate="2014-10-17 08:52:00.986 JST" StructureHandle="/SL3/bin/classes.dex" StructureKind="resource" NumEvents="2" CreationCount="389"/><InteractionEvent Delta="null" EndDate="2014-10-17 08:57:56.876 JST" Interest="1.0" Kind="selection" Navigation="null" OriginId="org.eclipse.jdt.ui.CompilationUnitEditor" StartDate="2014-10-17 08:57:56.876 JST" StructureHandle="=SL3/src&amp;lt;sl3.utils{Methods.java[Methods~_opt_ActvTab_CreateTables__SI~QActivity;~QDialog;~QDialog;~QDialog;" StructureKind="java"/><InteractionEvent Delta="null" EndDate="2014-10-17 08:33:31.386 JST" Interest="1.0" Kind="propagation" Navigation="null" OriginId="org.eclipse.jdt.ui.PackageExplorer" StartDate="2014-10-17 08:33:31.386 JST" StructureHandle="/SL3/src/sl/main" StructureKind="resource"/><InteractionEvent Delta="null" EndDate="2014-10-17 09:01:38.750 JST" Interest="55.548" Kind="propagation" Navigation="org.eclipse.mylyn.core.model.edges.containment" OriginId="org.eclipse.mylyn.core.model.interest.propagation" StartDate="2014-10-17 08:38:34.893 JST" StructureHandle="=SL3/src&amp;lt;sl3.utils" StructureKind="java" NumEvents="82" CreationCount="32"/><InteractionEvent Delta="null" EndDate="2014-10-17 08:41:28.298 JST" Interest="2.0" Kind="propagation" Navigation="org.eclipse.mylyn.core.model.edges.containment" OriginId="org.eclipse.mylyn.core.model.interest.propagation" StartDate="2014-10-17 08:41:21.840 JST" StructureHandle="=SL3/src&amp;lt;sl3.utils{Tags.java[Tags[DialogTags" StructureKind="java" NumEvents="2" CreationCount="112"/><InteractionEvent Delta="null" EndDate="2014-10-17 08:41:36.215 JST" Interest="2.0" Kind="selection" Navigation="null" OriginId="org.eclipse.jdt.ui.CompilationUnitEditor" StartDate="2014-10-17 08:41:32.339 JST" StructureHandle="=SL3/src&amp;lt;sl3.utils{Tags.java[Tags[DialogTags" StructureKind="java" NumEvents="2" CreationCount="112"/><InteractionEvent Delta="null" EndDate="2014-10-17 08:54:24.618 JST" Interest="3.0" Kind="selection" Navigation="null" OriginId="org.eclipse.jdt.ui.CompilationUnitEditor" StartDate="2014-10-17 08:50:05.654 JST" StructureHandle="=SL3/src&amp;lt;sl3.utils{Methods_dlg.java[Methods_dlg~dlg_Template_OkCancel_4th_Dialog~QActivity;~QDialog;~QDialog;~QDialog;~I~I~I~I~QTags.DialogTags;~QTags.DialogTags;" StructureKind="java" NumEvents="3" CreationCount="328"/><InteractionEvent Delta="null" EndDate="2014-10-17 08:50:06.602 JST" Interest="1.0" Kind="edit" Navigation="null" OriginId="org.eclipse.jdt.ui.CompilationUnitEditor" StartDate="2014-10-17 08:50:06.602 JST" StructureHandle="=SL3/src&amp;lt;sl3.utils{Methods_dlg.java[Methods_dlg~dlg_Template_OkCancel_4th_Dialog~QActivity;~QDialog;~QDialog;~QDialog;~I~I~I~I~QTags.DialogTags;~QTags.DialogTags;" StructureKind="java"/><InteractionEvent Delta="null" EndDate="2014-10-17 08:42:33.477 JST" Interest="3.0" Kind="selection" Navigation="null" OriginId="org.eclipse.jdt.ui.CompilationUnitEditor" StartDate="2014-10-17 08:42:21.275 JST" StructureHandle="=SL3/src&amp;lt;sl3.utils{CONS.java[CONS[DB^col_Names_Genre" StructureKind="java" NumEvents="3" CreationCount="136"/><InteractionEvent Delta="null" EndDate="2014-10-17 08:42:28.60 JST" Interest="1.0" Kind="edit" Navigation="null" OriginId="org.eclipse.jdt.ui.CompilationUnitEditor" StartDate="2014-10-17 08:42:28.60 JST" StructureHandle="=SL3/src&amp;lt;sl3.utils{CONS.java[CONS[DB^col_Names_Genre" StructureKind="java"/><InteractionEvent Delta="null" EndDate="2014-10-17 09:08:56.853 JST" Interest="582.0" Kind="propagation" Navigation="null" OriginId="org.eclipse.jdt.ui.CompilationUnitEditor" StartDate="2014-10-17 08:33:25.100 JST" StructureHandle="/SL3" StructureKind="resource" NumEvents="582" CreationCount="1"/><InteractionEvent Delta="null" EndDate="2014-10-17 08:36:55.228 JST" Interest="1.0" Kind="selection" Navigation="null" OriginId="org.eclipse.jdt.ui.PackageExplorer" StartDate="2014-10-17 08:36:55.228 JST" StructureHandle="=SL3/src&amp;lt;sl.libs.xml.domsample" StructureKind="java"/><InteractionEvent Delta="null" EndDate="2014-10-17 08:37:17.451 JST" Interest="1.017" Kind="propagation" Navigation="org.eclipse.mylyn.core.model.edges.containment" OriginId="org.eclipse.mylyn.core.model.interest.propagation" StartDate="2014-10-17 08:36:55.228 JST" StructureHandle="/SL3/src/sl/libs" StructureKind="resource" NumEvents="2" CreationCount="6"/><InteractionEvent Delta="null" EndDate="2014-10-17 08:36:55.228 JST" Interest="1.0" Kind="propagation" Navigation="null" OriginId="org.eclipse.jdt.ui.PackageExplorer" StartDate="2014-10-17 08:36:55.228 JST" StructureHandle="/SL3/src/sl/libs/xml/domsample" StructureKind="resource"/><InteractionEvent Delta="null" EndDate="2014-10-17 08:55:02.477 JST" Interest="3.0" Kind="selection" Navigation="null" OriginId="org.eclipse.jdt.ui.CompilationUnitEditor" StartDate="2014-10-17 08:53:58.101 JST" StructureHandle="=SL3/src&amp;lt;sl3.listeners.dialog{DOI_CL.java[DOI_CL~onItemClick~QAdapterView\&amp;lt;*&amp;gt;;~QView;~I~J" StructureKind="java" NumEvents="3" CreationCount="398"/><InteractionEvent Delta="null" EndDate="2014-10-17 08:55:07.445 JST" Interest="4.0" Kind="edit" Navigation="null" OriginId="org.eclipse.jdt.ui.CompilationUnitEditor" StartDate="2014-10-17 08:54:01.507 JST" StructureHandle="=SL3/src&amp;lt;sl3.listeners.dialog{DOI_CL.java[DOI_CL~onItemClick~QAdapterView\&amp;lt;*&amp;gt;;~QView;~I~J" StructureKind="java" NumEvents="4" CreationCount="398"/><InteractionEvent Delta="null" EndDate="2014-10-17 08:42:47.798 JST" Interest="1.0" Kind="selection" Navigation="null" OriginId="org.eclipse.jdt.ui.CompilationUnitEditor" StartDate="2014-10-17 08:42:47.798 JST" StructureHandle="=SL3/src&amp;lt;sl3.utils{CONS.java[CONS[DB^columns" StructureKind="java"/><InteractionEvent Delta="null" EndDate="2014-10-17 09:01:30.819 JST" Interest="94.0" Kind="propagation" Navigation="null" OriginId="org.eclipse.jdt.ui.CompilationUnitEditor" StartDate="2014-10-17 08:57:46.32 JST" StructureHandle="/SL3/src/sl3/utils/Methods.java" StructureKind="resource" NumEvents="94" CreationCount="472"/><InteractionEvent Delta="null" EndDate="2014-10-17 08:57:23.108 JST" Interest="8.0" Kind="selection" Navigation="null" OriginId="org.eclipse.jdt.ui.CompilationUnitEditor" StartDate="2014-10-17 08:38:47.515 JST" StructureHandle="=SL3/src&amp;lt;sl3.utils{Methods_dlg.java[Methods_dlg~dlg_Op_Tables~QActivity;~QDialog;~QDialog;" StructureKind="java" NumEvents="8" CreationCount="35"/><InteractionEvent Delta="null" EndDate="2014-10-17 08:56:52.960 JST" Interest="32.0" Kind="edit" Navigation="null" OriginId="org.eclipse.jdt.ui.CompilationUnitEditor" StartDate="2014-10-17 08:38:48.426 JST" StructureHandle="=SL3/src&amp;lt;sl3.utils{Methods_dlg.java[Methods_dlg~dlg_Op_Tables~QActivity;~QDialog;~QDialog;" StructureKind="java" NumEvents="32" CreationCount="35"/><InteractionEvent Delta="null" EndDate="2014-10-17 08:42:38.760 JST" Interest="2.0" Kind="selection" Navigation="null" OriginId="org.eclipse.jdt.ui.CompilationUnitEditor" StartDate="2014-10-17 08:42:17.871 JST" StructureHandle="=SL3/src&amp;lt;sl3.utils{CONS.java[CONS[DB^col_Types_SI" StructureKind="java" NumEvents="2" CreationCount="133"/><InteractionEvent Delta="null" EndDate="2014-10-17 08:57:23.109 JST" Interest="66.0" Kind="propagation" Navigation="null" OriginId="org.eclipse.jdt.ui.CompilationUnitEditor" StartDate="2014-10-17 08:38:34.892 JST" StructureHandle="/SL3/src/sl3/utils/Methods_dlg.java" StructureKind="resource" NumEvents="66" CreationCount="32"/><InteractionEvent Delta="null" EndDate="2014-10-17 08:56:53.498 JST" Interest="2.0" Kind="selection" Navigation="null" OriginId="org.eclipse.jdt.ui.CompilationUnitEditor" StartDate="2014-10-17 08:56:20.139 JST" StructureHandle="=SL3/src&amp;lt;sl3.listeners.dialog{DOI_CL.java[DOI_CL~case_ACTV_TAB_OPT_OPERATIONS~QListItem;" StructureKind="java" NumEvents="2" CreationCount="438"/><InteractionEvent Delta="null" EndDate="2014-10-17 08:56:39.450 JST" Interest="2.0" Kind="edit" Navigation="null" OriginId="org.eclipse.jdt.ui.CompilationUnitEditor" StartDate="2014-10-17 08:56:29.11 JST" StructureHandle="=SL3/src&amp;lt;sl3.listeners.dialog{DOI_CL.java[DOI_CL~case_ACTV_TAB_OPT_OPERATIONS~QListItem;" StructureKind="java" NumEvents="2" CreationCount="438"/><InteractionEvent Delta="null" EndDate="2014-10-17 08:42:42.88 JST" Interest="2.0" Kind="selection" Navigation="null" OriginId="org.eclipse.jdt.ui.CompilationUnitEditor" StartDate="2014-10-17 08:42:16.548 JST" StructureHandle="=SL3/src&amp;lt;sl3.utils{CONS.java[CONS[DB^cols_SI_full" StructureKind="java" NumEvents="2" CreationCount="132"/><InteractionEvent Delta="null" EndDate="2014-10-17 08:56:52.961 JST" Interest="19.451" Kind="propagation" Navigation="org.eclipse.mylyn.core.model.edges.containment" OriginId="org.eclipse.mylyn.core.model.interest.propagation" StartDate="2014-10-17 08:38:38.605 JST" StructureHandle="=SL3/src&amp;lt;sl3.utils{Methods_dlg.java" StructureKind="java" NumEvents="32" CreationCount="32"/><InteractionEvent Delta="null" EndDate="2014-10-17 08:57:22.724 JST" Interest="12.0" Kind="selection" Navigation="null" OriginId="org.eclipse.jdt.ui.CompilationUnitEditor" StartDate="2014-10-17 08:38:34.892 JST" StructureHandle="=SL3/src&amp;lt;sl3.utils{Methods_dlg.java" StructureKind="java" NumEvents="12" CreationCount="32"/><InteractionEvent Delta="null" EndDate="2014-10-17 08:48:02.761 JST" Interest="4.0" Kind="selection" Navigation="null" OriginId="org.eclipse.jdt.ui.CompilationUnitEditor" StartDate="2014-10-17 08:44:31.743 JST" StructureHandle="=SL3/src&amp;lt;sl3.utils{CONS.java[CONS[DB^col_Types_PH" StructureKind="java" NumEvents="4" CreationCount="194"/><InteractionEvent Delta="null" EndDate="2014-10-17 08:47:48.800 JST" Interest="22.0" Kind="edit" Navigation="null" OriginId="org.eclipse.jdt.ui.CompilationUnitEditor" StartDate="2014-10-17 08:47:13.557 JST" StructureHandle="=SL3/src&amp;lt;sl3.utils{CONS.java[CONS[DB^col_Types_PH" StructureKind="java" NumEvents="22" CreationCount="194"/><InteractionEvent Delta="null" EndDate="2014-10-17 09:08:56.852 JST" Interest="182.0" Kind="propagation" Navigation="null" OriginId="org.eclipse.jdt.ui.CompilationUnitEditor" StartDate="2014-10-17 08:39:51.48 JST" StructureHandle="/SL3/src/sl3/listeners/dialog" StructureKind="resource" NumEvents="182" CreationCount="69"/><InteractionEvent Delta="null" EndDate="2014-10-17 08:57:13.837 JST" Interest="24.351" Kind="propagation" Navigation="org.eclipse.mylyn.core.model.edges.containment" OriginId="org.eclipse.mylyn.core.model.interest.propagation" StartDate="2014-10-17 08:37:23.874 JST" StructureHandle="/SL3/res" StructureKind="resource" NumEvents="36" CreationCount="8"/><InteractionEvent Delta="null" EndDate="2014-10-17 08:37:20.350 JST" Interest="1.0" Kind="selection" Navigation="null" OriginId="org.eclipse.jdt.ui.PackageExplorer" StartDate="2014-10-17 08:37:20.350 JST" StructureHandle="/SL3/res" StructureKind="resource"/><InteractionEvent Delta="null" EndDate="2014-10-17 08:41:41.393 JST" Interest="1.0" Kind="selection" Navigation="null" OriginId="org.eclipse.jdt.ui.CompilationUnitEditor" StartDate="2014-10-17 08:41:41.393 JST" StructureHandle="=SL3/src&amp;lt;sl3.utils{Tags.java[Tags[DialogTags^TAB1_LONG_CLICK" StructureKind="java"/><InteractionEvent Delta="null" EndDate="2014-10-17 09:08:56.853 JST" Interest="535.51" Kind="propagation" Navigation="null" OriginId="org.eclipse.jdt.ui.CompilationUnitEditor" StartDate="2014-10-17 08:33:28.463 JST" StructureHandle="/SL3/src" StructureKind="resource" NumEvents="539" CreationCount="2"/><InteractionEvent Delta="null" EndDate="2014-10-17 08:36:52.804 JST" Interest="1.0" Kind="selection" Navigation="null" OriginId="org.eclipse.jdt.ui.PackageExplorer" StartDate="2014-10-17 08:36:52.804 JST" StructureHandle="/SL3/AndroidManifest.xml" StructureKind="resource"/><InteractionEvent Delta="null" EndDate="2014-10-17 08:51:27.436 JST" Interest="2.0" Kind="selection" Navigation="null" OriginId="org.eclipse.jdt.ui.CompilationUnitEditor" StartDate="2014-10-17 08:50:14.124 JST" StructureHandle="=SL3/src&amp;lt;sl3.listeners.dialog{DB_OCL.java[DB_OCL~onClick~QView;" StructureKind="java" NumEvents="2" CreationCount="332"/><InteractionEvent Delta="null" EndDate="2014-10-17 08:51:34.871 JST" Interest="10.0" Kind="edit" Navigation="null" OriginId="org.eclipse.jdt.ui.CompilationUnitEditor" StartDate="2014-10-17 08:50:25.984 JST" StructureHandle="=SL3/src&amp;lt;sl3.listeners.dialog{DB_OCL.java[DB_OCL~onClick~QView;" StructureKind="java" NumEvents="10" CreationCount="332"/><InteractionEvent Delta="null" EndDate="2014-10-17 08:51:09.499 JST" Interest="9.235999" Kind="propagation" Navigation="org.eclipse.mylyn.core.model.edges.containment" OriginId="org.eclipse.mylyn.core.model.interest.propagation" StartDate="2014-10-17 08:50:12.700 JST" StructureHandle="=SL3/src&amp;lt;sl3.listeners.dialog{DB_OCL.java" StructureKind="java" NumEvents="17" CreationCount="330"/><InteractionEvent Delta="null" EndDate="2014-10-17 09:01:38.545 JST" Interest="4.0" Kind="selection" Navigation="null" OriginId="org.eclipse.jdt.ui.CompilationUnitEditor" StartDate="2014-10-17 08:50:11.870 JST" StructureHandle="=SL3/src&amp;lt;sl3.listeners.dialog{DB_OCL.java" StructureKind="java" NumEvents="4" CreationCount="330"/><InteractionEvent Delta="null" EndDate="2014-10-17 08:38:40.200 JST" Interest="1.0" Kind="selection" Navigation="null" OriginId="org.eclipse.ui.views.ContentOutline" StartDate="2014-10-17 08:38:40.200 JST" StructureHandle="=SL3/src&amp;lt;sl3.utils{Methods_dlg.java[Methods_dlg~dlg_OptMenu_DB~QActivity;" StructureKind="java"/><InteractionEvent Delta="null" EndDate="2014-10-17 08:46:43.838 JST" Interest="20.598999" Kind="propagation" Navigation="org.eclipse.mylyn.core.model.edges.containment" OriginId="org.eclipse.mylyn.core.model.interest.propagation" StartDate="2014-10-17 08:42:14.293 JST" StructureHandle="=SL3/src&amp;lt;sl3.utils{CONS.java[CONS[DB" StructureKind="java" NumEvents="30" CreationCount="129"/><InteractionEvent Delta="null" EndDate="2014-10-17 08:48:20.264 JST" Interest="13.0" Kind="selection" Navigation="null" OriginId="org.eclipse.jdt.ui.CompilationUnitEditor" StartDate="2014-10-17 08:42:10.9 JST" StructureHandle="=SL3/src&amp;lt;sl3.utils{CONS.java[CONS[DB" StructureKind="java" NumEvents="13" CreationCount="129"/><InteractionEvent Delta="null" EndDate="2014-10-17 08:47:59.334 JST" Interest="19.0" Kind="edit" Navigation="null" OriginId="org.eclipse.jdt.ui.CompilationUnitEditor" StartDate="2014-10-17 08:42:55.863 JST" StructureHandle="=SL3/src&amp;lt;sl3.utils{CONS.java[CONS[DB" StructureKind="java" NumEvents="19" CreationCount="129"/><InteractionEvent Delta="null" EndDate="2014-10-17 08:41:34.56 JST" Interest="2.0" Kind="selection" Navigation="null" OriginId="org.eclipse.jdt.ui.CompilationUnitEditor" StartDate="2014-10-17 08:41:31.216 JST" StructureHandle="=SL3/src&amp;lt;sl3.utils{Tags.java[Tags[DialogTags^ACTV_TAB_OPT_DROP_TABLE_PS" StructureKind="java" NumEvents="2" CreationCount="118"/><InteractionEvent Delta="null" EndDate="2014-10-17 09:01:58.307 JST" Interest="2.0" Kind="prediction" Navigation="null" OriginId="org.eclipse.mylyn.resources.ui.interest.updater" StartDate="2014-10-17 08:52:00.986 JST" StructureHandle="/SL3/bin/SL3.apk" StructureKind="resource" NumEvents="2" CreationCount="389"/><InteractionEvent Delta="null" EndDate="2014-10-17 08:37:17.451 JST" Interest="1.068" Kind="propagation" Navigation="org.eclipse.mylyn.core.model.edges.containment" OriginId="org.eclipse.mylyn.core.model.interest.propagation" StartDate="2014-10-17 08:33:31.386 JST" StructureHandle="/SL3/src/sl" StructureKind="resource" NumEvents="3" CreationCount="3"/><InteractionEvent Delta="null" EndDate="2014-10-17 09:00:13.745 JST" Interest="3.0" Kind="selection" Navigation="null" OriginId="org.eclipse.jdt.ui.CompilationUnitEditor" StartDate="2014-10-17 08:57:46.911 JST" StructureHandle="=SL3/src&amp;lt;sl3.utils{Methods.java[Methods~opt_ActvTab_CreateTables~QActivity;~QDialog;~QDialog;~QDialog;~QString;" StructureKind="java" NumEvents="3" CreationCount="473"/><InteractionEvent Delta="null" EndDate="2014-10-17 09:01:30.819 JST" Interest="57.0" Kind="edit" Navigation="null" OriginId="org.eclipse.jdt.ui.CompilationUnitEditor" StartDate="2014-10-17 08:57:49.731 JST" StructureHandle="=SL3/src&amp;lt;sl3.utils{Methods.java[Methods~opt_ActvTab_CreateTables~QActivity;~QDialog;~QDialog;~QDialog;~QString;" StructureKind="java" NumEvents="57" CreationCount="473"/><InteractionEvent Delta="null" EndDate="2014-10-17 08:41:28.297 JST" Interest="2.0" Kind="selection" Navigation="null" OriginId="org.eclipse.jdt.ui.CompilationUnitEditor" StartDate="2014-10-17 08:41:21.839 JST" StructureHandle="=SL3/src&amp;lt;sl3.utils{Tags.java[Tags[DialogTags^ACTV_TAB_OPT_CREATE_TABLE_PH" StructureKind="java" NumEvents="2" CreationCount="112"/><InteractionEvent Delta="null" EndDate="2014-10-17 09:08:56.852 JST" Interest="182.0" Kind="propagation" Navigation="org.eclipse.mylyn.core.model.edges.containment" OriginId="org.eclipse.mylyn.core.model.interest.propagation" StartDate="2014-10-17 08:39:51.48 JST" StructureHandle="/SL3/src/sl3/listeners" StructureKind="resource" NumEvents="182" CreationCount="69"/><InteractionEvent Delta="null" EndDate="2014-10-17 08:58:41.342 JST" Interest="2.0" Kind="selection" Navigation="null" OriginId="org.eclipse.jdt.ui.CompilationUnitEditor" StartDate="2014-10-17 08:58:41.340 JST" StructureHandle="=SL3/src&amp;lt;sl3.utils{Methods.java[Methods~_opt_ActvTab_CreateTables__PS~QActivity;~QDialog;~QDialog;~QDialog;" StructureKind="java" NumEvents="2" CreationCount="493"/><InteractionEvent Delta="null" EndDate="2014-10-17 08:59:04.690 JST" Interest="3.0" Kind="edit" Navigation="null" OriginId="org.eclipse.jdt.ui.CompilationUnitEditor" StartDate="2014-10-17 08:58:42.208 JST" StructureHandle="=SL3/src&amp;lt;sl3.utils{Methods.java[Methods~_opt_ActvTab_CreateTables__PS~QActivity;~QDialog;~QDialog;~QDialog;" StructureKind="java" NumEvents="3" CreationCount="493"/><InteractionEvent Delta="null" EndDate="2014-10-17 09:08:56.851 JST" Interest="85.8" Kind="propagation" Navigation="org.eclipse.mylyn.core.model.edges.containment" OriginId="org.eclipse.mylyn.core.model.interest.propagation" StartDate="2014-10-17 08:39:58.751 JST" StructureHandle="=SL3/src&amp;lt;sl3.listeners.dialog{DOI_CL.java[DOI_CL" StructureKind="java" NumEvents="117" CreationCount="74"/><InteractionEvent Delta="null" EndDate="2014-10-17 08:56:00.595 JST" Interest="1.0" Kind="selection" Navigation="null" OriginId="org.eclipse.jdt.ui.CompilationUnitEditor" StartDate="2014-10-17 08:56:00.595 JST" StructureHandle="=SL3/src&amp;lt;sl3.listeners.dialog{DOI_CL.java[DOI_CL" StructureKind="java"/><InteractionEvent Delta="null" EndDate="2014-10-17 08:56:19.399 JST" Interest="1.0" Kind="edit" Navigation="null" OriginId="org.eclipse.jdt.ui.CompilationUnitEditor" StartDate="2014-10-17 08:56:19.399 JST" StructureHandle="=SL3/src&amp;lt;sl3.listeners.dialog{DOI_CL.java[DOI_CL" StructureKind="java"/><InteractionEvent Delta="null" EndDate="2014-10-17 08:51:17.566 JST" Interest="3.0" Kind="selection" Navigation="null" OriginId="org.eclipse.jdt.ui.CompilationUnitEditor" StartDate="2014-10-17 08:50:37.467 JST" StructureHandle="=SL3/src&amp;lt;sl3.listeners.dialog{DB_OCL.java[DB_OCL~case_ACTV_TAB_OPT_DROP_TABLE~QDialogTags;" StructureKind="java" NumEvents="3" CreationCount="338"/><InteractionEvent Delta="null" EndDate="2014-10-17 08:51:09.497 JST" Interest="13.0" Kind="edit" Navigation="null" OriginId="org.eclipse.jdt.ui.CompilationUnitEditor" StartDate="2014-10-17 08:50:38.138 JST" StructureHandle="=SL3/src&amp;lt;sl3.listeners.dialog{DB_OCL.java[DB_OCL~case_ACTV_TAB_OPT_DROP_TABLE~QDialogTags;" StructureKind="java" NumEvents="13" CreationCount="338"/><InteractionEvent Delta="null" EndDate="2014-10-17 08:59:12.840 JST" Interest="1.0" Kind="selection" Navigation="null" OriginId="org.eclipse.jdt.ui.CompilationUnitEditor" StartDate="2014-10-17 08:59:12.840 JST" StructureHandle="=SL3/src&amp;lt;sl3.utils{Methods.java[Methods~_opt_ActvTab_CreateTables__PS~QActivity;~QDialog;~QDialog;~QDialog;!2" StructureKind="java"/><InteractionEvent Delta="null" EndDate="2014-10-17 09:00:09.93 JST" Interest="20.0" Kind="edit" Navigation="null" OriginId="org.eclipse.jdt.ui.CompilationUnitEditor" StartDate="2014-10-17 08:59:17.611 JST" StructureHandle="=SL3/src&amp;lt;sl3.utils{Methods.java[Methods~_opt_ActvTab_CreateTables__generic~QActivity;~QDialog;~QDialog;~QDialog;~QString;~\[QString;~\[QString;" StructureKind="java" NumEvents="20" CreationCount="499"/><InteractionEvent Delta="null" EndDate="2014-10-17 08:52:00.986 JST" Interest="1.0" Kind="prediction" Navigation="null" OriginId="org.eclipse.mylyn.resources.ui.interest.updater" StartDate="2014-10-17 08:52:00.986 JST" StructureHandle="/SL3/bin/resources.ap_" StructureKind="resource"/><InteractionEvent Delta="null" EndDate="2014-10-17 08:43:39.25 JST" Interest="1.0" Kind="selection" Navigation="null" OriginId="org.eclipse.jdt.ui.CompilationUnitEditor" StartDate="2014-10-17 08:43:39.25 JST" StructureHandle="=SL3/src&amp;lt;sl3.utils{CONS.java[CONS[DB^columns!2" StructureKind="java"/><InteractionEvent Delta="null" EndDate="2014-10-17 08:42:41.246 JST" Interest="1.0" Kind="selection" Navigation="null" OriginId="org.eclipse.jdt.ui.CompilationUnitEditor" StartDate="2014-10-17 08:42:41.246 JST" StructureHandle="=SL3/src&amp;lt;sl3.utils{CONS.java[CONS[DB^col_Names_SI" StructureKind="java"/><InteractionEvent Delta="null" EndDate="2014-10-17 09:01:39.23 JST" Interest="353.0" Kind="propagation" Navigation="org.eclipse.mylyn.core.model.edges.containment" OriginId="org.eclipse.mylyn.core.model.interest.propagation" StartDate="2014-10-17 08:38:34.893 JST" StructureHandle="/SL3/src/sl3" StructureKind="resource" NumEvents="354" CreationCount="32"/><InteractionEvent Delta="null" EndDate="2014-10-17 08:41:51.859 JST" Interest="2.0" Kind="selection" Navigation="null" OriginId="org.eclipse.jdt.ui.CompilationUnitEditor" StartDate="2014-10-17 08:41:29.15 JST" StructureHandle="=SL3/src&amp;lt;sl3.utils{Tags.java[Tags[DialogTags^ACTV_TAB_OPT_DROP_TABLE_PH" StructureKind="java" NumEvents="2" CreationCount="117"/><InteractionEvent Delta="null" EndDate="2014-10-17 09:01:39.507 JST" Interest="14.0" Kind="selection" Navigation="null" OriginId="org.eclipse.jdt.ui.CompilationUnitEditor" StartDate="2014-10-17 08:39:58.751 JST" StructureHandle="=SL3/src&amp;lt;sl3.listeners.dialog{DOI_CL.java[DOI_CL~case_ACTV_TAB_OPT_TABLES~QListItem;" StructureKind="java" NumEvents="14" CreationCount="74"/><InteractionEvent Delta="null" EndDate="2014-10-17 09:08:56.851 JST" Interest="105.0" Kind="edit" Navigation="null" OriginId="org.eclipse.jdt.ui.CompilationUnitEditor" StartDate="2014-10-17 08:40:00.719 JST" StructureHandle="=SL3/src&amp;lt;sl3.listeners.dialog{DOI_CL.java[DOI_CL~case_ACTV_TAB_OPT_TABLES~QListItem;" StructureKind="java" NumEvents="105" CreationCount="74"/></InteractionHistory>