<?xml version="1.0" encoding="UTF-8"?><InteractionHistory Id="local-250" Version="1"><InteractionEvent Delta="null" EndDate="2014-12-18 12:07:04.461 JST" Interest="1.0" Kind="edit" Navigation="null" OriginId="org.eclipse.jdt.ui.CompilationUnitEditor" StartDate="2014-12-18 12:07:04.461 JST" StructureHandle="=freemind_1.0.1/freemind\/freemind\/view\/mindmapview&amp;lt;{MapView.java[MapView~MapView~QMindMap;~QController;" StructureKind="java"/><InteractionEvent Delta="null" EndDate="2014-12-18 12:07:04.444 JST" Interest="1.0" Kind="selection" Navigation="null" OriginId="org.eclipse.jdt.ui.CompilationUnitEditor" StartDate="2014-12-18 12:07:04.444 JST" StructureHandle="=freemind_1.0.1/freemind\/freemind\/view\/mindmapview&amp;lt;{MapView.java[MapView~MapView~QMindMap;~QController;" StructureKind="java"/><InteractionEvent Delta="null" EndDate="2014-12-19 07:52:39.565 JST" Interest="84.085" Kind="propagation" Navigation="org.eclipse.mylyn.core.model.edges.containment" OriginId="org.eclipse.mylyn.core.model.interest.propagation" StartDate="2014-12-18 12:06:15.829 JST" StructureHandle="=freemind_1.0.1" StructureKind="resource" NumEvents="89" CreationCount="1"/><InteractionEvent Delta="null" EndDate="2014-12-18 13:21:37.160 JST" Interest="83.085" Kind="propagation" Navigation="org.eclipse.mylyn.core.model.edges.containment" OriginId="org.eclipse.mylyn.core.model.interest.propagation" StartDate="2014-12-18 12:06:15.829 JST" StructureHandle="" StructureKind="java" NumEvents="88" CreationCount="1"/><InteractionEvent Delta="null" EndDate="2014-12-18 13:21:37.160 JST" Interest="88.0" Kind="propagation" Navigation="null" OriginId="org.eclipse.jdt.ui.CompilationUnitEditor" StartDate="2014-12-18 12:06:15.829 JST" StructureHandle="/freemind_1.0.1" StructureKind="resource" NumEvents="88" CreationCount="1"/><InteractionEvent Delta="null" EndDate="2014-12-18 12:07:06.230 JST" Interest="1.0" Kind="edit" Navigation="null" OriginId="org.eclipse.jdt.ui.CompilationUnitEditor" StartDate="2014-12-18 12:07:06.230 JST" StructureHandle="=freemind_1.0.1/freemind\/freemind\/view\/mindmapview&amp;lt;{MapView.java[MapView~getVisibleNeighbour~I" StructureKind="java"/><InteractionEvent Delta="null" EndDate="2014-12-18 12:07:06.212 JST" Interest="1.0" Kind="selection" Navigation="null" OriginId="org.eclipse.jdt.ui.CompilationUnitEditor" StartDate="2014-12-18 12:07:06.212 JST" StructureHandle="=freemind_1.0.1/freemind\/freemind\/view\/mindmapview&amp;lt;{MapView.java[MapView~getVisibleNeighbour~I" StructureKind="java"/><InteractionEvent Delta="null" EndDate="2014-12-18 12:06:52.488 JST" Interest="1.0" Kind="edit" Navigation="null" OriginId="org.eclipse.jdt.ui.CompilationUnitEditor" StartDate="2014-12-18 12:06:52.488 JST" StructureHandle="=freemind_1.0.1/freemind\/freemind\/view\/mindmapview&amp;lt;{MapView.java[MapView[Selected~moveToFirst~QNodeView;" StructureKind="java"/><InteractionEvent Delta="null" EndDate="2014-12-18 12:06:52.473 JST" Interest="1.0" Kind="selection" Navigation="null" OriginId="org.eclipse.jdt.ui.CompilationUnitEditor" StartDate="2014-12-18 12:06:52.473 JST" StructureHandle="=freemind_1.0.1/freemind\/freemind\/view\/mindmapview&amp;lt;{MapView.java[MapView[Selected~moveToFirst~QNodeView;" StructureKind="java"/><InteractionEvent Delta="null" EndDate="2014-12-19 07:52:39.565 JST" Interest="83.085" Kind="propagation" Navigation="org.eclipse.mylyn.core.model.edges.containment" OriginId="org.eclipse.mylyn.core.model.interest.propagation" StartDate="2014-12-18 12:06:22.636 JST" StructureHandle="/freemind_1.0.1/freemind" StructureKind="resource" NumEvents="88" CreationCount="1"/><InteractionEvent Delta="null" EndDate="2014-12-18 12:06:15.828 JST" Interest="1.0" Kind="selection" Navigation="null" OriginId="org.eclipse.jdt.ui.PackageExplorer" StartDate="2014-12-18 12:06:15.828 JST" StructureHandle="/freemind_1.0.1/freemind" StructureKind="resource"/><InteractionEvent Delta="null" EndDate="2014-12-18 13:21:36.298 JST" Interest="11.635" Kind="propagation" Navigation="org.eclipse.mylyn.core.model.edges.containment" OriginId="org.eclipse.mylyn.core.model.interest.propagation" StartDate="2014-12-18 12:06:40.870 JST" StructureHandle="=freemind_1.0.1/freemind\/freemind\/view\/mindmapview&amp;lt;{MapView.java[MapView" StructureKind="java" NumEvents="21" CreationCount="9"/><InteractionEvent Delta="null" EndDate="2014-12-18 13:19:38.543 JST" Interest="11.986" Kind="propagation" Navigation="org.eclipse.mylyn.core.model.edges.containment" OriginId="org.eclipse.mylyn.core.model.interest.propagation" StartDate="2014-12-18 12:06:37.714 JST" StructureHandle="=freemind_1.0.1/freemind\/freemind\/view\/mindmapview&amp;lt;" StructureKind="java" NumEvents="19" CreationCount="6"/><InteractionEvent Delta="null" EndDate="2014-12-18 12:14:16.252 JST" Interest="1.0" Kind="selection" Navigation="null" OriginId="org.eclipse.jdt.ui.CompilationUnitEditor" StartDate="2014-12-18 12:14:16.252 JST" StructureHandle="=freemind_1.0.1/freemind\/freemind\/view\/mindmapview&amp;lt;{MapView.java[MapView[Selected~remove~QNodeView;" StructureKind="java"/><InteractionEvent Delta="null" EndDate="2014-12-18 12:06:53.9 JST" Interest="1.0" Kind="edit" Navigation="null" OriginId="org.eclipse.jdt.ui.CompilationUnitEditor" StartDate="2014-12-18 12:06:53.9 JST" StructureHandle="=freemind_1.0.1/freemind\/freemind\/view\/mindmapview&amp;lt;{MapView.java[MapView^selected" StructureKind="java"/><InteractionEvent Delta="null" EndDate="2014-12-18 12:06:53.5 JST" Interest="1.0" Kind="selection" Navigation="null" OriginId="org.eclipse.jdt.ui.CompilationUnitEditor" StartDate="2014-12-18 12:06:53.5 JST" StructureHandle="=freemind_1.0.1/freemind\/freemind\/view\/mindmapview&amp;lt;{MapView.java[MapView^selected" StructureKind="java"/><InteractionEvent Delta="null" EndDate="2014-12-18 12:06:22.636 JST" Interest="1.0" Kind="selection" Navigation="null" OriginId="org.eclipse.jdt.ui.PackageExplorer" StartDate="2014-12-18 12:06:22.636 JST" StructureHandle="/freemind_1.0.1/freemind/eclipe_templates" StructureKind="resource"/><InteractionEvent Delta="null" EndDate="2014-12-18 13:19:38.543 JST" Interest="11.986" Kind="propagation" Navigation="org.eclipse.mylyn.core.model.edges.containment" OriginId="org.eclipse.mylyn.core.model.interest.propagation" StartDate="2014-12-18 12:06:37.714 JST" StructureHandle="=freemind_1.0.1/freemind\/freemind\/view\/mindmapview" StructureKind="java" NumEvents="19" CreationCount="6"/><InteractionEvent Delta="null" EndDate="2014-12-18 13:21:36.298 JST" Interest="3.0" Kind="edit" Navigation="null" OriginId="org.eclipse.jdt.ui.CompilationUnitEditor" StartDate="2014-12-18 12:06:44.436 JST" StructureHandle="=freemind_1.0.1/freemind\/freemind\/view\/mindmapview&amp;lt;{MapView.java[MapView[Selected" StructureKind="java" NumEvents="3" CreationCount="11"/><InteractionEvent Delta="null" EndDate="2014-12-18 12:12:22.669 JST" Interest="6.501" Kind="propagation" Navigation="org.eclipse.mylyn.core.model.edges.containment" OriginId="org.eclipse.mylyn.core.model.interest.propagation" StartDate="2014-12-18 12:06:51.770 JST" StructureHandle="=freemind_1.0.1/freemind\/freemind\/view\/mindmapview&amp;lt;{MapView.java[MapView[Selected" StructureKind="java" NumEvents="10" CreationCount="11"/><InteractionEvent Delta="null" EndDate="2014-12-18 12:18:01.827 JST" Interest="3.0" Kind="selection" Navigation="null" OriginId="org.eclipse.jdt.ui.CompilationUnitEditor" StartDate="2014-12-18 12:06:43.868 JST" StructureHandle="=freemind_1.0.1/freemind\/freemind\/view\/mindmapview&amp;lt;{MapView.java[MapView[Selected" StructureKind="java" NumEvents="3" CreationCount="11"/><InteractionEvent Delta="null" EndDate="2014-12-19 07:52:39.564 JST" Interest="83.034" Kind="propagation" Navigation="org.eclipse.mylyn.core.model.edges.containment" OriginId="org.eclipse.mylyn.core.model.interest.propagation" StartDate="2014-12-18 12:06:34.558 JST" StructureHandle="/freemind_1.0.1/freemind/freemind/view" StructureKind="resource" NumEvents="85" CreationCount="4"/><InteractionEvent Delta="null" EndDate="2014-12-18 12:06:32.259 JST" Interest="1.0" Kind="selection" Navigation="null" OriginId="org.eclipse.jdt.ui.PackageExplorer" StartDate="2014-12-18 12:06:32.259 JST" StructureHandle="/freemind_1.0.1/freemind/freemind/view" StructureKind="resource"/><InteractionEvent Delta="null" EndDate="2014-12-18 12:06:57.726 JST" Interest="1.0" Kind="edit" Navigation="null" OriginId="org.eclipse.jdt.ui.CompilationUnitEditor" StartDate="2014-12-18 12:06:57.726 JST" StructureHandle="=freemind_1.0.1/freemind\/freemind\/view\/mindmapview&amp;lt;{MapView.java[MapView^selectedsValid" StructureKind="java"/><InteractionEvent Delta="null" EndDate="2014-12-18 12:06:57.719 JST" Interest="1.0" Kind="selection" Navigation="null" OriginId="org.eclipse.jdt.ui.CompilationUnitEditor" StartDate="2014-12-18 12:06:57.719 JST" StructureHandle="=freemind_1.0.1/freemind\/freemind\/view\/mindmapview&amp;lt;{MapView.java[MapView^selectedsValid" StructureKind="java"/><InteractionEvent Delta="null" EndDate="2014-12-19 07:52:39.564 JST" Interest="84.0" Kind="propagation" Navigation="null" OriginId="org.eclipse.jdt.ui.CompilationUnitEditor" StartDate="2014-12-18 12:06:37.714 JST" StructureHandle="/freemind_1.0.1/freemind/freemind/view/mindmapview/MapView.java" StructureKind="resource" NumEvents="84" CreationCount="6"/><InteractionEvent Delta="null" EndDate="2014-12-18 12:08:00.631 JST" Interest="2.0" Kind="edit" Navigation="null" OriginId="org.eclipse.jdt.ui.CompilationUnitEditor" StartDate="2014-12-18 12:06:49.10 JST" StructureHandle="=freemind_1.0.1/freemind\/freemind\/view\/mindmapview&amp;lt;{MapView.java" StructureKind="java" NumEvents="2" CreationCount="6"/><InteractionEvent Delta="null" EndDate="2014-12-18 12:18:01.828 JST" Interest="3.5859995" Kind="propagation" Navigation="org.eclipse.mylyn.core.model.edges.containment" OriginId="org.eclipse.mylyn.core.model.interest.propagation" StartDate="2014-12-18 12:06:43.926 JST" StructureHandle="=freemind_1.0.1/freemind\/freemind\/view\/mindmapview&amp;lt;{MapView.java" StructureKind="java" NumEvents="7" CreationCount="6"/><InteractionEvent Delta="null" EndDate="2014-12-18 13:19:38.543 JST" Interest="7.0" Kind="selection" Navigation="null" OriginId="org.eclipse.jdt.ui.PackageExplorer" StartDate="2014-12-18 12:06:37.714 JST" StructureHandle="=freemind_1.0.1/freemind\/freemind\/view\/mindmapview&amp;lt;{MapView.java" StructureKind="java" NumEvents="7" CreationCount="6"/><InteractionEvent Delta="null" EndDate="2014-12-19 07:52:39.565 JST" Interest="83.050995" Kind="propagation" Navigation="org.eclipse.mylyn.core.model.edges.containment" OriginId="org.eclipse.mylyn.core.model.interest.propagation" StartDate="2014-12-18 12:06:32.259 JST" StructureHandle="/freemind_1.0.1/freemind/freemind" StructureKind="resource" NumEvents="86" CreationCount="3"/><InteractionEvent Delta="null" EndDate="2014-12-18 12:06:30.227 JST" Interest="1.0" Kind="selection" Navigation="null" OriginId="org.eclipse.jdt.ui.PackageExplorer" StartDate="2014-12-18 12:06:30.227 JST" StructureHandle="/freemind_1.0.1/freemind/freemind" StructureKind="resource"/><InteractionEvent Delta="null" EndDate="2014-12-18 12:07:55.649 JST" Interest="7.0" Kind="edit" Navigation="null" OriginId="org.eclipse.jdt.ui.CompilationUnitEditor" StartDate="2014-12-18 12:07:42.676 JST" StructureHandle="=freemind_1.0.1/freemind\/freemind\/view\/mindmapview&amp;lt;{MapView.java[MapView~makeTheSelected~QNodeView;" StructureKind="java" NumEvents="7" CreationCount="48"/><InteractionEvent Delta="null" EndDate="2014-12-18 12:07:50.796 JST" Interest="2.0" Kind="selection" Navigation="null" OriginId="org.eclipse.jdt.ui.CompilationUnitEditor" StartDate="2014-12-18 12:07:42.657 JST" StructureHandle="=freemind_1.0.1/freemind\/freemind\/view\/mindmapview&amp;lt;{MapView.java[MapView~makeTheSelected~QNodeView;" StructureKind="java" NumEvents="2" CreationCount="48"/><InteractionEvent Delta="null" EndDate="2014-12-18 12:07:08.471 JST" Interest="1.0" Kind="edit" Navigation="null" OriginId="org.eclipse.jdt.ui.CompilationUnitEditor" StartDate="2014-12-18 12:07:08.471 JST" StructureHandle="=freemind_1.0.1/freemind\/freemind\/view\/mindmapview&amp;lt;{MapView.java[MapView~move~QKeyEvent;" StructureKind="java"/><InteractionEvent Delta="null" EndDate="2014-12-18 12:07:08.445 JST" Interest="1.0" Kind="selection" Navigation="null" OriginId="org.eclipse.jdt.ui.CompilationUnitEditor" StartDate="2014-12-18 12:07:08.445 JST" StructureHandle="=freemind_1.0.1/freemind\/freemind\/view\/mindmapview&amp;lt;{MapView.java[MapView~move~QKeyEvent;" StructureKind="java"/><InteractionEvent Delta="null" EndDate="2014-12-18 12:10:15.513 JST" Interest="2.0" Kind="edit" Navigation="null" OriginId="org.eclipse.jdt.ui.CompilationUnitEditor" StartDate="2014-12-18 12:10:14.764 JST" StructureHandle="=freemind_1.0.1/freemind\/freemind\/view\/mindmapview&amp;lt;{MapView.java[MapView[Selected^mySelected" StructureKind="java" NumEvents="2" CreationCount="73"/><InteractionEvent Delta="null" EndDate="2014-12-18 12:10:06.476 JST" Interest="1.0" Kind="selection" Navigation="null" OriginId="org.eclipse.jdt.ui.CompilationUnitEditor" StartDate="2014-12-18 12:10:06.476 JST" StructureHandle="=freemind_1.0.1/freemind\/freemind\/view\/mindmapview&amp;lt;{MapView.java[MapView[Selected^mySelected" StructureKind="java"/><InteractionEvent Delta="null" EndDate="2014-12-18 12:06:43.925 JST" Interest="3.0" Kind="propagation" Navigation="org.eclipse.mylyn.core.model.edges.containment" OriginId="org.eclipse.mylyn.core.model.interest.propagation" StartDate="2014-12-18 12:06:40.870 JST" StructureHandle="=freemind_1.0.1/freemind\/freemind\/view\/mindmapview&amp;lt;{MapView.java[MapView[ResizeListener" StructureKind="java" NumEvents="3" CreationCount="9"/><InteractionEvent Delta="null" EndDate="2014-12-18 12:06:43.924 JST" Interest="3.0" Kind="selection" Navigation="null" OriginId="org.eclipse.jdt.ui.CompilationUnitEditor" StartDate="2014-12-18 12:06:40.869 JST" StructureHandle="=freemind_1.0.1/freemind\/freemind\/view\/mindmapview&amp;lt;{MapView.java[MapView[ResizeListener~ResizeListener" StructureKind="java" NumEvents="3" CreationCount="9"/><InteractionEvent Delta="null" EndDate="2014-12-18 13:21:37.160 JST" Interest="88.0" Kind="propagation" Navigation="org.eclipse.mylyn.core.model.edges.containment" OriginId="org.eclipse.mylyn.core.model.interest.propagation" StartDate="2014-12-18 12:06:15.829 JST" StructureHandle="/" StructureKind="resource" NumEvents="88" CreationCount="1"/><InteractionEvent Delta="null" EndDate="2014-12-18 12:06:48.62 JST" Interest="1.0" Kind="edit" Navigation="null" OriginId="org.eclipse.jdt.ui.CompilationUnitEditor" StartDate="2014-12-18 12:06:48.62 JST" StructureHandle="=freemind_1.0.1/freemind\/freemind\/view\/mindmapview&amp;lt;{MapView.java[MapView[ScrollPane" StructureKind="java"/><InteractionEvent Delta="null" EndDate="2014-12-18 12:06:48.57 JST" Interest="1.0" Kind="selection" Navigation="null" OriginId="org.eclipse.jdt.ui.CompilationUnitEditor" StartDate="2014-12-18 12:06:48.57 JST" StructureHandle="=freemind_1.0.1/freemind\/freemind\/view\/mindmapview&amp;lt;{MapView.java[MapView[ScrollPane" StructureKind="java"/><InteractionEvent Delta="null" EndDate="2014-12-18 12:12:22.668 JST" Interest="10.0" Kind="edit" Navigation="null" OriginId="org.eclipse.jdt.ui.CompilationUnitEditor" StartDate="2014-12-18 12:08:41.11 JST" StructureHandle="=freemind_1.0.1/freemind\/freemind\/view\/mindmapview&amp;lt;{MapView.java[MapView[Selected~add~QNodeView;" StructureKind="java" NumEvents="10" CreationCount="64"/><InteractionEvent Delta="null" EndDate="2014-12-18 12:10:54.311 JST" Interest="2.0" Kind="selection" Navigation="null" OriginId="org.eclipse.jdt.ui.CompilationUnitEditor" StartDate="2014-12-18 12:08:40.126 JST" StructureHandle="=freemind_1.0.1/freemind\/freemind\/view\/mindmapview&amp;lt;{MapView.java[MapView[Selected~add~QNodeView;" StructureKind="java" NumEvents="2" CreationCount="64"/><InteractionEvent Delta="null" EndDate="2014-12-18 12:08:07.614 JST" Interest="6.0" Kind="edit" Navigation="null" OriginId="org.eclipse.jdt.ui.CompilationUnitEditor" StartDate="2014-12-18 12:07:11.364 JST" StructureHandle="=freemind_1.0.1/freemind\/freemind\/view\/mindmapview&amp;lt;{MapView.java[MapView~selectAsTheOnlyOneSelected~QNodeView;" StructureKind="java" NumEvents="6" CreationCount="36"/><InteractionEvent Delta="null" EndDate="2014-12-18 12:08:35.602 JST" Interest="3.0" Kind="selection" Navigation="null" OriginId="org.eclipse.ui.views.ContentOutline" StartDate="2014-12-18 12:07:11.347 JST" StructureHandle="=freemind_1.0.1/freemind\/freemind\/view\/mindmapview&amp;lt;{MapView.java[MapView~selectAsTheOnlyOneSelected~QNodeView;" StructureKind="java" NumEvents="3" CreationCount="36"/><InteractionEvent Delta="null" EndDate="2014-12-19 07:52:39.564 JST" Interest="83.017" Kind="propagation" Navigation="org.eclipse.mylyn.core.model.edges.containment" OriginId="org.eclipse.mylyn.core.model.interest.propagation" StartDate="2014-12-18 12:06:37.714 JST" StructureHandle="/freemind_1.0.1/freemind/freemind/view/mindmapview" StructureKind="resource" NumEvents="84" CreationCount="5"/><InteractionEvent Delta="null" EndDate="2014-12-18 12:06:34.558 JST" Interest="1.0" Kind="selection" Navigation="null" OriginId="org.eclipse.jdt.ui.PackageExplorer" StartDate="2014-12-18 12:06:34.558 JST" StructureHandle="/freemind_1.0.1/freemind/freemind/view/mindmapview" StructureKind="resource"/><InteractionEvent Delta="null" EndDate="2014-12-18 12:07:49.200 JST" Interest="6.0" Kind="edit" Navigation="null" OriginId="org.eclipse.jdt.ui.CompilationUnitEditor" StartDate="2014-12-18 12:07:32.541 JST" StructureHandle="=freemind_1.0.1/freemind\/freemind\/view\/mindmapview&amp;lt;{MapView.java[MapView~toggleSelected~QNodeView;" StructureKind="java" NumEvents="6" CreationCount="42"/><InteractionEvent Delta="null" EndDate="2014-12-18 12:07:49.197 JST" Interest="2.0" Kind="selection" Navigation="null" OriginId="org.eclipse.jdt.ui.CompilationUnitEditor" StartDate="2014-12-18 12:07:32.529 JST" StructureHandle="=freemind_1.0.1/freemind\/freemind\/view\/mindmapview&amp;lt;{MapView.java[MapView~toggleSelected~QNodeView;" StructureKind="java" NumEvents="2" CreationCount="42"/><InteractionEvent Delta="null" EndDate="2014-12-18 12:10:50.974 JST" Interest="5.0" Kind="edit" Navigation="null" OriginId="org.eclipse.jdt.ui.CompilationUnitEditor" StartDate="2014-12-18 12:06:45.499 JST" StructureHandle="=freemind_1.0.1/freemind\/freemind\/view\/mindmapview&amp;lt;{MapView.java[MapView[Selected~clear" StructureKind="java" NumEvents="5" CreationCount="16"/><InteractionEvent Delta="null" EndDate="2014-12-19 07:52:39.563 JST" Interest="5.0" Kind="selection" Navigation="null" OriginId="org.eclipse.jdt.ui.CompilationUnitEditor" StartDate="2014-12-18 12:06:45.494 JST" StructureHandle="=freemind_1.0.1/freemind\/freemind\/view\/mindmapview&amp;lt;{MapView.java[MapView[Selected~clear" StructureKind="java" NumEvents="5" CreationCount="16"/></InteractionHistory>