<?xml version="1.0" encoding="UTF-8"?><InteractionHistory Id="local-250" Version="1"><InteractionEvent Delta="null" EndDate="2014-12-18 13:21:37.160 JST" Interest="83.085" Kind="propagation" Navigation="org.eclipse.mylyn.core.model.edges.containment" OriginId="org.eclipse.mylyn.core.model.interest.propagation" StartDate="2014-12-18 12:06:15.829 JST" StructureHandle="" StructureKind="java" NumEvents="88" CreationCount="1"/><InteractionEvent Delta="null" EndDate="2014-12-20 20:20:33.981 JST" Interest="1.0" Kind="propagation" Navigation="org.eclipse.mylyn.core.model.edges.containment" OriginId="org.eclipse.mylyn.core.model.interest.propagation" StartDate="2014-12-20 20:20:33.981 JST" StructureHandle="=freemind_1.0.1/freemind\/freemind\/view\/mindmapview\/attributeview&amp;lt;" StructureKind="java"/><InteractionEvent Delta="null" EndDate="2014-12-20 20:23:59.771 JST" Interest="4.0" Kind="selection" Navigation="null" OriginId="org.eclipse.jdt.ui.CompilationUnitEditor" StartDate="2014-12-20 20:21:07.778 JST" StructureHandle="=freemind_1.0.1/freemind\/freemind\/modes&amp;lt;{ControllerAdapter.java[ControllerAdapter~select~QNodeView;" StructureKind="java" NumEvents="4" CreationCount="334"/><InteractionEvent Delta="null" EndDate="2014-12-20 20:32:52.455 JST" Interest="12.0" Kind="edit" Navigation="null" OriginId="org.eclipse.jdt.ui.CompilationUnitEditor" StartDate="2014-12-20 20:21:09.735 JST" StructureHandle="=freemind_1.0.1/freemind\/freemind\/modes&amp;lt;{ControllerAdapter.java[ControllerAdapter~select~QNodeView;" StructureKind="java" NumEvents="12" CreationCount="334"/><InteractionEvent Delta="null" EndDate="2014-12-20 19:15:01.752 JST" Interest="1.0" Kind="selection" Navigation="null" OriginId="org.eclipse.jdt.ui.CompilationUnitEditor" StartDate="2014-12-20 19:15:01.752 JST" StructureHandle="=freemind_1.0.1/freemind\/freemind\/view\/mindmapview&amp;lt;{NodeView.java#javax.swing.tree.TreeNode" StructureKind="java"/><InteractionEvent Delta="null" EndDate="2014-12-20 20:39:30.975 JST" Interest="4.3430004" Kind="propagation" Navigation="org.eclipse.mylyn.core.model.edges.containment" OriginId="org.eclipse.mylyn.core.model.interest.propagation" StartDate="2014-12-20 20:37:37.510 JST" StructureHandle="=freemind_1.0.1/freemind\/freemind\/modes\/mindmapmode&amp;lt;{MindMapController.java#" StructureKind="java" NumEvents="4" CreationCount="418"/><InteractionEvent Delta="null" EndDate="2014-12-20 19:07:06.879 JST" Interest="1.0" Kind="selection" Navigation="null" OriginId="org.eclipse.jdt.ui.CompilationUnitEditor" StartDate="2014-12-20 19:07:06.879 JST" StructureHandle="=freemind_1.0.1/freemind\/freemind\/main&amp;lt;{FreeMindStarter.java#javax.swing.JOptionPane" StructureKind="java"/><InteractionEvent Delta="null" EndDate="2014-12-20 20:33:45.698 JST" Interest="2.0" Kind="selection" Navigation="null" OriginId="org.eclipse.search.ui.views.SearchView" StartDate="2014-12-20 20:33:11.106 JST" StructureHandle="/freemind_1.0.1/freemind/accessories/plugins/time" StructureKind="resource" NumEvents="2" CreationCount="366"/><InteractionEvent Delta="null" EndDate="2014-12-20 20:35:24.728 JST" Interest="0.01700002" Kind="propagation" Navigation="org.eclipse.mylyn.core.model.edges.containment" OriginId="org.eclipse.mylyn.core.model.interest.propagation" StartDate="2014-12-20 20:35:24.728 JST" StructureHandle="/freemind_1.0.1/freemind/freemind/modes/common/listeners" StructureKind="resource"/><InteractionEvent Delta="null" EndDate="2014-12-20 20:35:21.983 JST" Interest="1.0" Kind="selection" Navigation="null" OriginId="org.eclipse.search.ui.views.SearchView" StartDate="2014-12-20 20:35:21.983 JST" StructureHandle="/freemind_1.0.1/freemind/freemind/modes/common/listeners" StructureKind="resource"/><InteractionEvent Delta="null" EndDate="2014-12-20 20:38:56.819 JST" Interest="44.959" Kind="propagation" Navigation="org.eclipse.mylyn.core.model.edges.containment" OriginId="org.eclipse.mylyn.core.model.interest.propagation" StartDate="2014-12-18 12:06:40.870 JST" StructureHandle="=freemind_1.0.1/freemind\/freemind\/view\/mindmapview&amp;lt;{MapView.java[MapView" StructureKind="java" NumEvents="64" CreationCount="9"/><InteractionEvent Delta="null" EndDate="2014-12-20 19:02:54.531 JST" Interest="3.0" Kind="selection" Navigation="null" OriginId="org.eclipse.jdt.ui.CompilationUnitEditor" StartDate="2014-12-20 19:00:56.919 JST" StructureHandle="=freemind_1.0.1/freemind\/freemind\/view\/mindmapview&amp;lt;{MapView.java[MapView" StructureKind="java" NumEvents="3" CreationCount="9"/><InteractionEvent Delta="null" EndDate="2014-12-20 20:57:58.536 JST" Interest="347.0" Kind="propagation" Navigation="null" OriginId="org.eclipse.jdt.ui.CompilationUnitEditor" StartDate="2014-12-20 20:34:43.290 JST" StructureHandle="/freemind_1.0.1/freemind/freemind/modes/mindmapmode/MindMapController.java" StructureKind="resource" NumEvents="347" CreationCount="385"/><InteractionEvent Delta="null" EndDate="2014-12-20 20:47:59.66 JST" Interest="55.985004" Kind="propagation" Navigation="org.eclipse.mylyn.core.model.edges.containment" OriginId="org.eclipse.mylyn.core.model.interest.propagation" StartDate="2014-12-18 12:06:37.714 JST" StructureHandle="=freemind_1.0.1/freemind\/freemind\/view\/mindmapview" StructureKind="java" NumEvents="85" CreationCount="6"/><InteractionEvent Delta="null" EndDate="2014-12-20 20:35:24.728 JST" Interest="0.03399998" Kind="propagation" Navigation="org.eclipse.mylyn.core.model.edges.containment" OriginId="org.eclipse.mylyn.core.model.interest.propagation" StartDate="2014-12-20 20:35:21.984 JST" StructureHandle="/freemind_1.0.1/freemind/freemind/modes/common" StructureKind="resource" NumEvents="2" CreationCount="394"/><InteractionEvent Delta="null" EndDate="2014-12-20 20:35:18.236 JST" Interest="1.0" Kind="selection" Navigation="null" OriginId="org.eclipse.search.ui.views.SearchView" StartDate="2014-12-20 20:35:18.236 JST" StructureHandle="/freemind_1.0.1/freemind/freemind/modes/common" StructureKind="resource"/><InteractionEvent Delta="null" EndDate="2014-12-20 20:20:46.670 JST" Interest="0.03400004" Kind="propagation" Navigation="org.eclipse.mylyn.core.model.edges.containment" OriginId="org.eclipse.mylyn.core.model.interest.propagation" StartDate="2014-12-20 20:20:46.670 JST" StructureHandle="=freemind_1.0.1/freemind\/freemind\/view\/mindmapview&amp;lt;{IndependantMapViewCreator.java" StructureKind="java"/><InteractionEvent Delta="null" EndDate="2014-12-20 20:20:43.294 JST" Interest="2.0" Kind="selection" Navigation="null" OriginId="org.eclipse.jdt.ui.CompilationUnitEditor" StartDate="2014-12-20 20:20:36.369 JST" StructureHandle="=freemind_1.0.1/freemind\/freemind\/view\/mindmapview&amp;lt;{IndependantMapViewCreator.java" StructureKind="java" NumEvents="2" CreationCount="325"/><InteractionEvent Delta="null" EndDate="2014-12-20 20:38:56.820 JST" Interest="201.0" Kind="propagation" Navigation="null" OriginId="org.eclipse.jdt.ui.CompilationUnitEditor" StartDate="2014-12-18 12:06:37.714 JST" StructureHandle="/freemind_1.0.1/freemind/freemind/view/mindmapview/MapView.java" StructureKind="resource" NumEvents="201" CreationCount="6"/><InteractionEvent Delta="null" EndDate="2014-12-20 20:13:02.931 JST" Interest="1.0" Kind="selection" Navigation="null" OriginId="org.eclipse.jdt.ui.CompilationUnitEditor" StartDate="2014-12-20 20:13:02.931 JST" StructureHandle="=freemind_1.0.1/freemind\/freemind\/view\/mindmapview&amp;lt;{NodeView.java#javax.swing.JOptionPane" StructureKind="java"/><InteractionEvent Delta="null" EndDate="2014-12-20 20:37:28.207 JST" Interest="1.0" Kind="selection" Navigation="null" OriginId="org.eclipse.search.ui.views.SearchView" StartDate="2014-12-20 20:37:28.207 JST" StructureHandle="=freemind_1.0.1/freemind\/freemind\/modes\/mindmapmode\/actions&amp;lt;{NodeUpAction.java" StructureKind="java"/><InteractionEvent Delta="null" EndDate="2014-12-20 20:37:16.468 JST" Interest="6.6" Kind="propagation" Navigation="org.eclipse.mylyn.core.model.edges.containment" OriginId="org.eclipse.mylyn.core.model.interest.propagation" StartDate="2014-12-20 20:36:04.67 JST" StructureHandle="=freemind_1.0.1/freemind\/freemind\/modes\/mindmapmode\/actions&amp;lt;{NewChildAction.java[NewChildAction" StructureKind="java" NumEvents="9" CreationCount="406"/><InteractionEvent Delta="null" EndDate="2014-12-20 19:07:04.968 JST" Interest="1.0" Kind="selection" Navigation="null" OriginId="org.eclipse.jdt.ui.CompilationUnitEditor" StartDate="2014-12-20 19:07:04.968 JST" StructureHandle="=freemind_1.0.1/freemind\/freemind\/main&amp;lt;{FreeMindStarter.java#java.io.File" StructureKind="java"/><InteractionEvent Delta="null" EndDate="2014-12-20 20:35:08.809 JST" Interest="1.0" Kind="selection" Navigation="null" OriginId="org.eclipse.jdt.ui.CompilationUnitEditor" StartDate="2014-12-20 20:35:08.809 JST" StructureHandle="=freemind_1.0.1/freemind\/freemind\/modes\/viewmodes&amp;lt;{ViewControllerAdapter.java[ViewControllerAdapter~extendSelection~QMouseEvent;" StructureKind="java"/><InteractionEvent Delta="null" EndDate="2014-12-20 20:32:52.456 JST" Interest="12.416999" Kind="propagation" Navigation="org.eclipse.mylyn.core.model.edges.containment" OriginId="org.eclipse.mylyn.core.model.interest.propagation" StartDate="2014-12-20 20:21:06.221 JST" StructureHandle="=freemind_1.0.1/freemind\/freemind\/modes&amp;lt;{ControllerAdapter.java[ControllerAdapter" StructureKind="java" NumEvents="17" CreationCount="333"/><InteractionEvent Delta="null" EndDate="2014-12-20 20:34:20.685 JST" Interest="24.0" Kind="propagation" Navigation="null" OriginId="org.eclipse.search.ui.views.SearchView" StartDate="2014-12-20 20:21:01.586 JST" StructureHandle="/freemind_1.0.1/freemind/freemind/modes/ControllerAdapter.java" StructureKind="resource" NumEvents="24" CreationCount="332"/><InteractionEvent Delta="null" EndDate="2014-12-20 20:58:00.139 JST" Interest="364.85098" Kind="propagation" Navigation="org.eclipse.mylyn.core.model.edges.containment" OriginId="org.eclipse.mylyn.core.model.interest.propagation" StartDate="2014-12-18 12:06:15.829 JST" StructureHandle="/" StructureKind="resource" NumEvents="375" CreationCount="1"/><InteractionEvent Delta="null" EndDate="2014-12-20 20:23:11.547 JST" Interest="1.0" Kind="selection" Navigation="null" OriginId="org.eclipse.jdt.ui.CompilationUnitEditor" StartDate="2014-12-20 20:23:11.547 JST" StructureHandle="=freemind_1.0.1/freemind\/freemind\/modes&amp;lt;{ControllerAdapter.java#java.util.Set" StructureKind="java"/><InteractionEvent Delta="null" EndDate="2014-12-20 20:35:08.209 JST" Interest="2.0" Kind="selection" Navigation="null" OriginId="org.eclipse.jdt.ui.CompilationUnitEditor" StartDate="2014-12-20 20:35:05.383 JST" StructureHandle="=freemind_1.0.1/freemind\/freemind\/modes\/viewmodes&amp;lt;{ViewControllerAdapter.java" StructureKind="java" NumEvents="2" CreationCount="391"/><InteractionEvent Delta="null" EndDate="2014-12-20 20:38:57.643 JST" Interest="15.0" Kind="selection" Navigation="null" OriginId="org.eclipse.ui.DefaultTextEditor" StartDate="2014-12-20 19:05:17.153 JST" StructureHandle="/freemind_1.0.1/memos.txt" StructureKind="resource" NumEvents="15" CreationCount="142"/><InteractionEvent Delta="null" EndDate="2014-12-20 20:38:57.759 JST" Interest="15.0" Kind="edit" Navigation="null" OriginId="org.eclipse.ui.DefaultTextEditor" StartDate="2014-12-20 19:05:18.308 JST" StructureHandle="/freemind_1.0.1/memos.txt" StructureKind="resource" NumEvents="15" CreationCount="142"/><InteractionEvent Delta="null" EndDate="2014-12-18 12:06:48.57 JST" Interest="1.0" Kind="selection" Navigation="null" OriginId="org.eclipse.jdt.ui.CompilationUnitEditor" StartDate="2014-12-18 12:06:48.57 JST" StructureHandle="=freemind_1.0.1/freemind\/freemind\/view\/mindmapview&amp;lt;{MapView.java[MapView[ScrollPane" StructureKind="java"/><InteractionEvent Delta="null" EndDate="2014-12-18 12:06:48.62 JST" Interest="1.0" Kind="edit" Navigation="null" OriginId="org.eclipse.jdt.ui.CompilationUnitEditor" StartDate="2014-12-18 12:06:48.62 JST" StructureHandle="=freemind_1.0.1/freemind\/freemind\/view\/mindmapview&amp;lt;{MapView.java[MapView[ScrollPane" StructureKind="java"/><InteractionEvent Delta="null" EndDate="2014-12-20 20:35:38.234 JST" Interest="1.0" Kind="selection" Navigation="null" OriginId="org.eclipse.jdt.ui.CompilationUnitEditor" StartDate="2014-12-20 20:35:38.234 JST" StructureHandle="=freemind_1.0.1/freemind\/freemind\/controller&amp;lt;{Controller.java#freemind.modes.attributes.AttributeRegistry" StructureKind="java"/><InteractionEvent Delta="null" EndDate="2014-12-20 20:19:53.326 JST" Interest="3.0" Kind="selection" Navigation="null" OriginId="org.eclipse.jdt.ui.CompilationUnitEditor" StartDate="2014-12-20 19:13:06.102 JST" StructureHandle="=freemind_1.0.1/freemind\/freemind\/view\/mindmapview&amp;lt;{NodeView.java[NodeView~treeNodesRemoved~QTreeModelEvent;" StructureKind="java" NumEvents="3" CreationCount="199"/><InteractionEvent Delta="null" EndDate="2014-12-20 20:20:17.466 JST" Interest="13.0" Kind="edit" Navigation="null" OriginId="org.eclipse.jdt.ui.CompilationUnitEditor" StartDate="2014-12-20 19:13:07.536 JST" StructureHandle="=freemind_1.0.1/freemind\/freemind\/view\/mindmapview&amp;lt;{NodeView.java[NodeView~treeNodesRemoved~QTreeModelEvent;" StructureKind="java" NumEvents="13" CreationCount="199"/><InteractionEvent Delta="null" EndDate="2014-12-20 20:20:33.981 JST" Interest="1.0" Kind="propagation" Navigation="org.eclipse.mylyn.core.model.edges.containment" OriginId="org.eclipse.mylyn.core.model.interest.propagation" StartDate="2014-12-20 20:20:33.981 JST" StructureHandle="=freemind_1.0.1/freemind\/freemind\/view\/mindmapview\/attributeview" StructureKind="java"/><InteractionEvent Delta="null" EndDate="2014-12-20 20:35:08.810 JST" Interest="3.0" Kind="propagation" Navigation="null" OriginId="org.eclipse.jdt.ui.CompilationUnitEditor" StartDate="2014-12-20 20:35:05.383 JST" StructureHandle="/freemind_1.0.1/freemind/freemind/modes/viewmodes/ViewControllerAdapter.java" StructureKind="resource" NumEvents="3" CreationCount="391"/><InteractionEvent Delta="null" EndDate="2014-12-20 19:03:17.813 JST" Interest="3.0" Kind="selection" Navigation="null" OriginId="org.eclipse.jdt.ui.CompilationUnitEditor" StartDate="2014-12-18 12:07:32.529 JST" StructureHandle="=freemind_1.0.1/freemind\/freemind\/view\/mindmapview&amp;lt;{MapView.java[MapView~toggleSelected~QNodeView;" StructureKind="java" NumEvents="3" CreationCount="42"/><InteractionEvent Delta="null" EndDate="2014-12-18 12:07:49.200 JST" Interest="6.0" Kind="edit" Navigation="null" OriginId="org.eclipse.jdt.ui.CompilationUnitEditor" StartDate="2014-12-18 12:07:32.541 JST" StructureHandle="=freemind_1.0.1/freemind\/freemind\/view\/mindmapview&amp;lt;{MapView.java[MapView~toggleSelected~QNodeView;" StructureKind="java" NumEvents="6" CreationCount="42"/><InteractionEvent Delta="null" EndDate="2014-12-20 20:41:58.469 JST" Interest="2.0" Kind="selection" Navigation="null" OriginId="org.eclipse.jdt.ui.CompilationUnitEditor" StartDate="2014-12-20 20:41:04.795 JST" StructureHandle="=freemind_1.0.1/freemind\/freemind\/modes\/mindmapmode&amp;lt;{MindMapController.java[MindMapController~doubleClick~QMouseEvent;" StructureKind="java" NumEvents="2" CreationCount="515"/><InteractionEvent Delta="null" EndDate="2014-12-20 20:41:59.493 JST" Interest="7.0" Kind="edit" Navigation="null" OriginId="org.eclipse.jdt.ui.CompilationUnitEditor" StartDate="2014-12-20 20:41:04.799 JST" StructureHandle="=freemind_1.0.1/freemind\/freemind\/modes\/mindmapmode&amp;lt;{MindMapController.java[MindMapController~doubleClick~QMouseEvent;" StructureKind="java" NumEvents="7" CreationCount="515"/><InteractionEvent Delta="null" EndDate="2014-12-20 20:35:38.886 JST" Interest="1.0" Kind="selection" Navigation="null" OriginId="org.eclipse.jdt.ui.CompilationUnitEditor" StartDate="2014-12-20 20:35:38.886 JST" StructureHandle="=freemind_1.0.1/freemind\/freemind\/controller&amp;lt;{Controller.java[Controller~informationMessage~QObject;" StructureKind="java"/><InteractionEvent Delta="null" EndDate="2014-12-20 20:35:38.891 JST" Interest="1.0" Kind="edit" Navigation="null" OriginId="org.eclipse.jdt.ui.CompilationUnitEditor" StartDate="2014-12-20 20:35:38.891 JST" StructureHandle="=freemind_1.0.1/freemind\/freemind\/controller&amp;lt;{Controller.java[Controller~informationMessage~QObject;" StructureKind="java"/><InteractionEvent Delta="null" EndDate="2014-12-18 12:07:04.444 JST" Interest="1.0" Kind="selection" Navigation="null" OriginId="org.eclipse.jdt.ui.CompilationUnitEditor" StartDate="2014-12-18 12:07:04.444 JST" StructureHandle="=freemind_1.0.1/freemind\/freemind\/view\/mindmapview&amp;lt;{MapView.java[MapView~MapView~QMindMap;~QController;" StructureKind="java"/><InteractionEvent Delta="null" EndDate="2014-12-18 12:07:04.461 JST" Interest="1.0" Kind="edit" Navigation="null" OriginId="org.eclipse.jdt.ui.CompilationUnitEditor" StartDate="2014-12-18 12:07:04.461 JST" StructureHandle="=freemind_1.0.1/freemind\/freemind\/view\/mindmapview&amp;lt;{MapView.java[MapView~MapView~QMindMap;~QController;" StructureKind="java"/><InteractionEvent Delta="null" EndDate="2014-12-20 20:20:33.980 JST" Interest="0.01700002" Kind="propagation" Navigation="org.eclipse.mylyn.core.model.edges.containment" OriginId="org.eclipse.mylyn.core.model.interest.propagation" StartDate="2014-12-20 20:20:33.980 JST" StructureHandle="/freemind_1.0.1/freemind/freemind/view/mindmapview/attributeview" StructureKind="resource"/><InteractionEvent Delta="null" EndDate="2014-12-20 20:20:32.483 JST" Interest="1.0" Kind="selection" Navigation="null" OriginId="org.eclipse.search.ui.views.SearchView" StartDate="2014-12-20 20:20:32.483 JST" StructureHandle="/freemind_1.0.1/freemind/freemind/view/mindmapview/attributeview" StructureKind="resource"/><InteractionEvent Delta="null" EndDate="2014-12-18 13:21:37.160 JST" Interest="88.0" Kind="propagation" Navigation="null" OriginId="org.eclipse.jdt.ui.CompilationUnitEditor" StartDate="2014-12-18 12:06:15.829 JST" StructureHandle="/freemind_1.0.1" StructureKind="resource" NumEvents="88" CreationCount="1"/><InteractionEvent Delta="null" EndDate="2014-12-20 20:40:58.168 JST" Interest="1.0" Kind="selection" Navigation="null" OriginId="org.eclipse.jdt.ui.CompilationUnitEditor" StartDate="2014-12-20 20:40:58.168 JST" StructureHandle="=freemind_1.0.1/freemind\/freemind\/modes\/mindmapmode&amp;lt;{MindMapController.java[MindMapController~startupController" StructureKind="java"/><InteractionEvent Delta="null" EndDate="2014-12-20 20:40:59.77 JST" Interest="5.0" Kind="edit" Navigation="null" OriginId="org.eclipse.jdt.ui.CompilationUnitEditor" StartDate="2014-12-20 20:40:58.174 JST" StructureHandle="=freemind_1.0.1/freemind\/freemind\/modes\/mindmapmode&amp;lt;{MindMapController.java[MindMapController~startupController" StructureKind="java" NumEvents="5" CreationCount="503"/><InteractionEvent Delta="null" EndDate="2014-12-20 20:40:57.23 JST" Interest="2.0" Kind="selection" Navigation="null" OriginId="org.eclipse.jdt.ui.CompilationUnitEditor" StartDate="2014-12-20 20:34:50.35 JST" StructureHandle="=freemind_1.0.1/freemind\/freemind\/modes\/mindmapmode&amp;lt;{MindMapController.java[MindMapController~createStandardActions" StructureKind="java" NumEvents="2" CreationCount="387"/><InteractionEvent Delta="null" EndDate="2014-12-20 20:40:57.34 JST" Interest="2.0" Kind="edit" Navigation="null" OriginId="org.eclipse.jdt.ui.CompilationUnitEditor" StartDate="2014-12-20 20:40:57.29 JST" StructureHandle="=freemind_1.0.1/freemind\/freemind\/modes\/mindmapmode&amp;lt;{MindMapController.java[MindMapController~createStandardActions" StructureKind="java" NumEvents="2" CreationCount="387"/><InteractionEvent Delta="null" EndDate="2014-12-20 20:40:57.23 JST" Interest="0.90400004" Kind="manipulation" Navigation="null" OriginId="org.eclipse.mylyn.core.model.interest.decay.correction" StartDate="2014-12-20 20:40:57.23 JST" StructureHandle="=freemind_1.0.1/freemind\/freemind\/modes\/mindmapmode&amp;lt;{MindMapController.java[MindMapController~createStandardActions" StructureKind="java"/><InteractionEvent Delta="null" EndDate="2014-12-20 20:20:43.905 JST" Interest="1.0" Kind="propagation" Navigation="org.eclipse.mylyn.core.model.edges.containment" OriginId="org.eclipse.mylyn.core.model.interest.propagation" StartDate="2014-12-20 20:20:43.905 JST" StructureHandle="=freemind_1.0.1/freemind\/freemind\/view\/mindmapview&amp;lt;{IndependantMapViewCreator.java[IndependantMapViewCreator~createMapView~QController;~QMindMapMapModel;[" StructureKind="java"/><InteractionEvent Delta="null" EndDate="2014-12-20 20:20:46.669 JST" Interest="1.0" Kind="selection" Navigation="null" OriginId="org.eclipse.jdt.ui.CompilationUnitEditor" StartDate="2014-12-20 20:20:46.669 JST" StructureHandle="=freemind_1.0.1/freemind\/freemind\/view\/mindmapview&amp;lt;{IndependantMapViewCreator.java[IndependantMapViewCreator~createMapView~QController;~QMindMapMapModel;[" StructureKind="java"/><InteractionEvent Delta="null" EndDate="2014-12-20 20:20:43.905 JST" Interest="1.0" Kind="selection" Navigation="null" OriginId="org.eclipse.jdt.ui.CompilationUnitEditor" StartDate="2014-12-20 20:20:43.905 JST" StructureHandle="=freemind_1.0.1/freemind\/freemind\/view\/mindmapview&amp;lt;{IndependantMapViewCreator.java[IndependantMapViewCreator~createMapView~QController;~QMindMapMapModel;[~selectAsTheOnlyOneSelected~QNodeView;~Z" StructureKind="java"/><InteractionEvent Delta="null" EndDate="2014-12-20 19:07:14.10 JST" Interest="1.0339999" Kind="propagation" Navigation="org.eclipse.mylyn.core.model.edges.containment" OriginId="org.eclipse.mylyn.core.model.interest.propagation" StartDate="2014-12-20 19:07:11.408 JST" StructureHandle="=freemind_1.0.1/freemind\/freemind\/view\/mindmapview&amp;lt;{MapView.java#" StructureKind="java" NumEvents="3" CreationCount="168"/><InteractionEvent Delta="null" EndDate="2014-12-20 19:15:55.643 JST" Interest="4.0" Kind="selection" Navigation="null" OriginId="org.eclipse.jdt.ui.CompilationUnitEditor" StartDate="2014-12-20 19:07:16.274 JST" StructureHandle="=freemind_1.0.1/freemind\/freemind\/view\/mindmapview&amp;lt;{MapView.java#" StructureKind="java" NumEvents="4" CreationCount="168"/><InteractionEvent Delta="null" EndDate="2014-12-18 12:06:22.636 JST" Interest="1.0" Kind="selection" Navigation="null" OriginId="org.eclipse.jdt.ui.PackageExplorer" StartDate="2014-12-18 12:06:22.636 JST" StructureHandle="/freemind_1.0.1/freemind/eclipe_templates" StructureKind="resource"/><InteractionEvent Delta="null" EndDate="2014-12-20 19:00:16.587 JST" Interest="7.2009997" Kind="propagation" Navigation="org.eclipse.mylyn.core.model.edges.containment" OriginId="org.eclipse.mylyn.core.model.interest.propagation" StartDate="2014-12-18 12:06:51.770 JST" StructureHandle="=freemind_1.0.1/freemind\/freemind\/view\/mindmapview&amp;lt;{MapView.java[MapView[Selected" StructureKind="java" NumEvents="11" CreationCount="11"/><InteractionEvent Delta="null" EndDate="2014-12-20 19:02:49.369 JST" Interest="6.0" Kind="selection" Navigation="null" OriginId="org.eclipse.ui.views.ContentOutline" StartDate="2014-12-18 12:06:43.868 JST" StructureHandle="=freemind_1.0.1/freemind\/freemind\/view\/mindmapview&amp;lt;{MapView.java[MapView[Selected" StructureKind="java" NumEvents="6" CreationCount="11"/><InteractionEvent Delta="null" EndDate="2014-12-18 13:21:36.298 JST" Interest="3.0" Kind="edit" Navigation="null" OriginId="org.eclipse.jdt.ui.CompilationUnitEditor" StartDate="2014-12-18 12:06:44.436 JST" StructureHandle="=freemind_1.0.1/freemind\/freemind\/view\/mindmapview&amp;lt;{MapView.java[MapView[Selected" StructureKind="java" NumEvents="3" CreationCount="11"/><InteractionEvent Delta="null" EndDate="2014-12-20 20:35:24.727 JST" Interest="1.0" Kind="selection" Navigation="null" OriginId="org.eclipse.search.ui.views.SearchView" StartDate="2014-12-20 20:35:24.727 JST" StructureHandle="=freemind_1.0.1/freemind\/freemind\/modes\/common\/listeners&amp;lt;{CommonNodeMouseMotionListener.java" StructureKind="java"/><InteractionEvent Delta="null" EndDate="2014-12-20 19:01:39.546 JST" Interest="6.0" Kind="selection" Navigation="null" OriginId="org.eclipse.jdt.ui.CompilationUnitEditor" StartDate="2014-12-18 12:06:45.494 JST" StructureHandle="=freemind_1.0.1/freemind\/freemind\/view\/mindmapview&amp;lt;{MapView.java[MapView[Selected~clear" StructureKind="java" NumEvents="6" CreationCount="16"/><InteractionEvent Delta="null" EndDate="2014-12-20 18:59:53.394 JST" Interest="7.0" Kind="edit" Navigation="null" OriginId="org.eclipse.jdt.ui.CompilationUnitEditor" StartDate="2014-12-18 12:06:45.499 JST" StructureHandle="=freemind_1.0.1/freemind\/freemind\/view\/mindmapview&amp;lt;{MapView.java[MapView[Selected~clear" StructureKind="java" NumEvents="7" CreationCount="16"/><InteractionEvent Delta="null" EndDate="2014-12-20 20:37:16.470 JST" Interest="6.634" Kind="propagation" Navigation="org.eclipse.mylyn.core.model.edges.containment" OriginId="org.eclipse.mylyn.core.model.interest.propagation" StartDate="2014-12-20 20:36:01.186 JST" StructureHandle="=freemind_1.0.1/freemind\/freemind\/modes\/mindmapmode\/actions" StructureKind="java" NumEvents="9" CreationCount="404"/><InteractionEvent Delta="null" EndDate="2014-12-20 20:48:04.139 JST" Interest="313.034" Kind="propagation" Navigation="org.eclipse.mylyn.core.model.edges.containment" OriginId="org.eclipse.mylyn.core.model.interest.propagation" StartDate="2014-12-18 12:06:34.558 JST" StructureHandle="/freemind_1.0.1/freemind/freemind/view" StructureKind="resource" NumEvents="317" CreationCount="4"/><InteractionEvent Delta="null" EndDate="2014-12-20 20:34:01.713 JST" Interest="4.0" Kind="selection" Navigation="null" OriginId="org.eclipse.search.ui.views.SearchView" StartDate="2014-12-18 12:06:32.259 JST" StructureHandle="/freemind_1.0.1/freemind/freemind/view" StructureKind="resource" NumEvents="4" CreationCount="4"/><InteractionEvent Delta="null" EndDate="2014-12-18 12:06:57.719 JST" Interest="1.0" Kind="selection" Navigation="null" OriginId="org.eclipse.jdt.ui.CompilationUnitEditor" StartDate="2014-12-18 12:06:57.719 JST" StructureHandle="=freemind_1.0.1/freemind\/freemind\/view\/mindmapview&amp;lt;{MapView.java[MapView^selectedsValid" StructureKind="java"/><InteractionEvent Delta="null" EndDate="2014-12-18 12:06:57.726 JST" Interest="1.0" Kind="edit" Navigation="null" OriginId="org.eclipse.jdt.ui.CompilationUnitEditor" StartDate="2014-12-18 12:06:57.726 JST" StructureHandle="=freemind_1.0.1/freemind\/freemind\/view\/mindmapview&amp;lt;{MapView.java[MapView^selectedsValid" StructureKind="java"/><InteractionEvent Delta="null" EndDate="2014-12-20 20:35:38.891 JST" Interest="4.034" Kind="propagation" Navigation="org.eclipse.mylyn.core.model.edges.containment" OriginId="org.eclipse.mylyn.core.model.interest.propagation" StartDate="2014-12-20 20:35:32.996 JST" StructureHandle="/freemind_1.0.1/freemind/freemind/controller" StructureKind="resource" NumEvents="5" CreationCount="192"/><InteractionEvent Delta="null" EndDate="2014-12-20 20:35:31.895 JST" Interest="2.0" Kind="selection" Navigation="null" OriginId="org.eclipse.search.ui.views.SearchView" StartDate="2014-12-20 19:12:51.638 JST" StructureHandle="/freemind_1.0.1/freemind/freemind/controller" StructureKind="resource" NumEvents="2" CreationCount="192"/><InteractionEvent Delta="null" EndDate="2014-12-20 20:35:31.895 JST" Interest="2.4680002" Kind="manipulation" Navigation="null" OriginId="org.eclipse.mylyn.core.model.interest.decay.correction" StartDate="2014-12-20 20:35:31.895 JST" StructureHandle="/freemind_1.0.1/freemind/freemind/controller" StructureKind="resource"/><InteractionEvent Delta="null" EndDate="2014-12-20 20:38:43.233 JST" Interest="2.0" Kind="selection" Navigation="null" OriginId="org.eclipse.jdt.ui.CompilationUnitEditor" StartDate="2014-12-20 20:34:07.404 JST" StructureHandle="=freemind_1.0.1/freemind\/freemind\/view\/mindmapview&amp;lt;{MapView.java[MapView~selectBranch~QNodeView;~Z" StructureKind="java" NumEvents="2" CreationCount="381"/><InteractionEvent Delta="null" EndDate="2014-12-20 20:38:46.133 JST" Interest="2.0" Kind="edit" Navigation="null" OriginId="org.eclipse.jdt.ui.CompilationUnitEditor" StartDate="2014-12-20 20:38:45.213 JST" StructureHandle="=freemind_1.0.1/freemind\/freemind\/view\/mindmapview&amp;lt;{MapView.java[MapView~selectBranch~QNodeView;~Z" StructureKind="java" NumEvents="2" CreationCount="381"/><InteractionEvent Delta="null" EndDate="2014-12-20 20:38:43.233 JST" Interest="0.03700006" Kind="manipulation" Navigation="null" OriginId="org.eclipse.mylyn.core.model.interest.decay.correction" StartDate="2014-12-20 20:38:43.233 JST" StructureHandle="=freemind_1.0.1/freemind\/freemind\/view\/mindmapview&amp;lt;{MapView.java[MapView~selectBranch~QNodeView;~Z" StructureKind="java"/><InteractionEvent Delta="null" EndDate="2014-12-20 20:57:58.537 JST" Interest="207.351" Kind="propagation" Navigation="org.eclipse.mylyn.core.model.edges.containment" OriginId="org.eclipse.mylyn.core.model.interest.propagation" StartDate="2014-12-20 20:37:38.222 JST" StructureHandle="=freemind_1.0.1/freemind\/freemind\/modes\/mindmapmode&amp;lt;{MindMapController.java" StructureKind="java" NumEvents="297" CreationCount="385"/><InteractionEvent Delta="null" EndDate="2014-12-20 20:48:40.77 JST" Interest="6.0" Kind="selection" Navigation="null" OriginId="org.eclipse.jdt.ui.CompilationUnitEditor" StartDate="2014-12-20 20:34:43.290 JST" StructureHandle="=freemind_1.0.1/freemind\/freemind\/modes\/mindmapmode&amp;lt;{MindMapController.java" StructureKind="java" NumEvents="6" CreationCount="385"/><InteractionEvent Delta="null" EndDate="2014-12-20 20:39:28.97 JST" Interest="3.0" Kind="edit" Navigation="null" OriginId="org.eclipse.jdt.ui.CompilationUnitEditor" StartDate="2014-12-20 20:37:37.536 JST" StructureHandle="=freemind_1.0.1/freemind\/freemind\/modes\/mindmapmode&amp;lt;{MindMapController.java" StructureKind="java" NumEvents="3" CreationCount="385"/><InteractionEvent Delta="null" EndDate="2014-12-20 20:35:38.892 JST" Interest="0.05099994" Kind="propagation" Navigation="org.eclipse.mylyn.core.model.edges.containment" OriginId="org.eclipse.mylyn.core.model.interest.propagation" StartDate="2014-12-20 20:35:38.234 JST" StructureHandle="=freemind_1.0.1/freemind\/freemind\/controller&amp;lt;{Controller.java" StructureKind="java" NumEvents="2" CreationCount="398"/><InteractionEvent Delta="null" EndDate="2014-12-20 20:35:32.996 JST" Interest="1.0" Kind="selection" Navigation="null" OriginId="org.eclipse.search.ui.views.SearchView" StartDate="2014-12-20 20:35:32.996 JST" StructureHandle="=freemind_1.0.1/freemind\/freemind\/controller&amp;lt;{Controller.java" StructureKind="java"/><InteractionEvent Delta="null" EndDate="2014-12-20 20:35:38.291 JST" Interest="1.0" Kind="edit" Navigation="null" OriginId="org.eclipse.jdt.ui.CompilationUnitEditor" StartDate="2014-12-20 20:35:38.291 JST" StructureHandle="=freemind_1.0.1/freemind\/freemind\/controller&amp;lt;{Controller.java" StructureKind="java"/><InteractionEvent Delta="null" EndDate="2014-12-20 20:46:51.141 JST" Interest="5.0" Kind="selection" Navigation="null" OriginId="org.eclipse.jdt.ui.PackageExplorer" StartDate="2014-12-20 19:07:00.377 JST" StructureHandle="=freemind_1.0.1/freemind\/freemind\/main&amp;lt;{FreeMindStarter.java" StructureKind="java" NumEvents="5" CreationCount="157"/><InteractionEvent Delta="null" EndDate="2014-12-20 20:46:51.142 JST" Interest="4.976001" Kind="manipulation" Navigation="null" OriginId="org.eclipse.mylyn.core.model.interest.decay.correction" StartDate="2014-12-20 20:46:51.142 JST" StructureHandle="=freemind_1.0.1/freemind\/freemind\/main&amp;lt;{FreeMindStarter.java" StructureKind="java"/><InteractionEvent Delta="null" EndDate="2014-12-20 20:23:09.819 JST" Interest="1.0" Kind="selection" Navigation="null" OriginId="org.eclipse.jdt.ui.CompilationUnitEditor" StartDate="2014-12-20 20:23:09.819 JST" StructureHandle="=freemind_1.0.1/freemind\/freemind\/modes&amp;lt;{ControllerAdapter.java#java.awt.Color" StructureKind="java"/><InteractionEvent Delta="null" EndDate="2014-12-20 20:35:08.810 JST" Interest="2.0170002" Kind="propagation" Navigation="org.eclipse.mylyn.core.model.edges.containment" OriginId="org.eclipse.mylyn.core.model.interest.propagation" StartDate="2014-12-20 20:35:05.383 JST" StructureHandle="/freemind_1.0.1/freemind/freemind/modes/viewmodes" StructureKind="resource" NumEvents="3" CreationCount="390"/><InteractionEvent Delta="null" EndDate="2014-12-20 20:35:03.762 JST" Interest="1.0" Kind="selection" Navigation="null" OriginId="org.eclipse.search.ui.views.SearchView" StartDate="2014-12-20 20:35:03.762 JST" StructureHandle="/freemind_1.0.1/freemind/freemind/modes/viewmodes" StructureKind="resource"/><InteractionEvent Delta="null" EndDate="2014-12-20 19:07:12.246 JST" Interest="1.0" Kind="selection" Navigation="null" OriginId="org.eclipse.jdt.ui.CompilationUnitEditor" StartDate="2014-12-20 19:07:12.246 JST" StructureHandle="=freemind_1.0.1/freemind\/freemind\/view\/mindmapview&amp;lt;{MapView.java#java.util.ListIterator" StructureKind="java"/><InteractionEvent Delta="null" EndDate="2014-12-20 19:07:04.416 JST" Interest="1.0" Kind="selection" Navigation="null" OriginId="org.eclipse.jdt.ui.CompilationUnitEditor" StartDate="2014-12-20 19:07:04.416 JST" StructureHandle="=freemind_1.0.1/freemind\/freemind\/main&amp;lt;{FreeMindStarter.java#java.awt.Toolkit" StructureKind="java"/><InteractionEvent Delta="null" EndDate="2014-12-20 20:58:00.125 JST" Interest="357.817" Kind="propagation" Navigation="org.eclipse.mylyn.core.model.edges.containment" OriginId="org.eclipse.mylyn.core.model.interest.propagation" StartDate="2014-12-18 12:06:32.259 JST" StructureHandle="/freemind_1.0.1/freemind/freemind" StructureKind="resource" NumEvents="363" CreationCount="3"/><InteractionEvent Delta="null" EndDate="2014-12-20 20:33:58.317 JST" Interest="6.0" Kind="selection" Navigation="null" OriginId="org.eclipse.search.ui.views.SearchView" StartDate="2014-12-18 12:06:30.227 JST" StructureHandle="/freemind_1.0.1/freemind/freemind" StructureKind="resource" NumEvents="6" CreationCount="3"/><InteractionEvent Delta="null" EndDate="2014-12-20 19:03:19.846 JST" Interest="3.0" Kind="selection" Navigation="null" OriginId="org.eclipse.jdt.ui.CompilationUnitEditor" StartDate="2014-12-18 12:07:42.657 JST" StructureHandle="=freemind_1.0.1/freemind\/freemind\/view\/mindmapview&amp;lt;{MapView.java[MapView~makeTheSelected~QNodeView;" StructureKind="java" NumEvents="3" CreationCount="48"/><InteractionEvent Delta="null" EndDate="2014-12-18 12:07:55.649 JST" Interest="7.0" Kind="edit" Navigation="null" OriginId="org.eclipse.jdt.ui.CompilationUnitEditor" StartDate="2014-12-18 12:07:42.676 JST" StructureHandle="=freemind_1.0.1/freemind\/freemind\/view\/mindmapview&amp;lt;{MapView.java[MapView~makeTheSelected~QNodeView;" StructureKind="java" NumEvents="7" CreationCount="48"/><InteractionEvent Delta="null" EndDate="2014-12-20 20:19:52.538 JST" Interest="44.704" Kind="propagation" Navigation="org.eclipse.mylyn.core.model.edges.containment" OriginId="org.eclipse.mylyn.core.model.interest.propagation" StartDate="2014-12-20 19:13:06.103 JST" StructureHandle="=freemind_1.0.1/freemind\/freemind\/view\/mindmapview&amp;lt;{NodeView.java[NodeView" StructureKind="java" NumEvents="62" CreationCount="199"/><InteractionEvent Delta="null" EndDate="2014-12-20 20:47:59.64 JST" Interest="3.0" Kind="selection" Navigation="null" OriginId="org.eclipse.ui.views.ContentOutline" StartDate="2014-12-20 20:47:18.25 JST" StructureHandle="=freemind_1.0.1/freemind\/freemind\/view\/mindmapview&amp;lt;{NodeView.java[NodeView" StructureKind="java" NumEvents="3" CreationCount="199"/><InteractionEvent Delta="null" EndDate="2014-12-20 20:48:03.508 JST" Interest="1.0" Kind="edit" Navigation="null" OriginId="org.eclipse.jdt.ui.CompilationUnitEditor" StartDate="2014-12-20 20:48:03.508 JST" StructureHandle="=freemind_1.0.1/freemind\/freemind\/view\/mindmapview&amp;lt;{NodeView.java[NodeView" StructureKind="java"/><InteractionEvent Delta="null" EndDate="2014-12-20 20:57:58.538 JST" Interest="355.241" Kind="propagation" Navigation="null" OriginId="org.eclipse.jdt.ui.CompilationUnitEditor" StartDate="2014-12-20 20:34:43.291 JST" StructureHandle="/freemind_1.0.1/freemind/freemind/modes/mindmapmode" StructureKind="resource" NumEvents="356" CreationCount="331"/><InteractionEvent Delta="null" EndDate="2014-12-20 20:34:39.898 JST" Interest="2.0" Kind="selection" Navigation="null" OriginId="org.eclipse.search.ui.views.SearchView" StartDate="2014-12-20 20:20:58.913 JST" StructureHandle="/freemind_1.0.1/freemind/freemind/modes/mindmapmode" StructureKind="resource" NumEvents="2" CreationCount="331"/><InteractionEvent Delta="null" EndDate="2014-12-20 20:35:08.210 JST" Interest="2.0" Kind="propagation" Navigation="org.eclipse.mylyn.core.model.edges.containment" OriginId="org.eclipse.mylyn.core.model.interest.propagation" StartDate="2014-12-20 20:35:05.384 JST" StructureHandle="=freemind_1.0.1/freemind\/freemind\/modes\/viewmodes" StructureKind="java" NumEvents="2" CreationCount="391"/><InteractionEvent Delta="null" EndDate="2014-12-20 20:20:46.670 JST" Interest="4.0" Kind="propagation" Navigation="null" OriginId="org.eclipse.jdt.ui.CompilationUnitEditor" StartDate="2014-12-20 20:20:36.369 JST" StructureHandle="/freemind_1.0.1/freemind/freemind/view/mindmapview/IndependantMapViewCreator.java" StructureKind="resource" NumEvents="4" CreationCount="325"/><InteractionEvent Delta="null" EndDate="2014-12-20 20:46:51.298 JST" Interest="1.0" Kind="propagation" Navigation="null" OriginId="org.eclipse.jdt.ui.PackageExplorer" StartDate="2014-12-20 20:46:51.298 JST" StructureHandle="/freemind_1.0.1/freemind/freemind/main/ExampleFileFilter.java" StructureKind="resource"/><InteractionEvent Delta="null" EndDate="2014-12-20 20:40:59.909 JST" Interest="1.0" Kind="selection" Navigation="null" OriginId="org.eclipse.jdt.ui.CompilationUnitEditor" StartDate="2014-12-20 20:40:59.909 JST" StructureHandle="=freemind_1.0.1/freemind\/freemind\/modes\/mindmapmode&amp;lt;{MindMapController.java[MindMapController~edit~QKeyEvent;~Z~Z" StructureKind="java"/><InteractionEvent Delta="null" EndDate="2014-12-20 20:40:59.920 JST" Interest="2.0" Kind="edit" Navigation="null" OriginId="org.eclipse.jdt.ui.CompilationUnitEditor" StartDate="2014-12-20 20:40:59.915 JST" StructureHandle="=freemind_1.0.1/freemind\/freemind\/modes\/mindmapmode&amp;lt;{MindMapController.java[MindMapController~edit~QKeyEvent;~Z~Z" StructureKind="java" NumEvents="2" CreationCount="509"/><InteractionEvent Delta="null" EndDate="2014-12-20 20:33:11.106 JST" Interest="1.0" Kind="propagation" Navigation="org.eclipse.mylyn.core.model.edges.containment" OriginId="org.eclipse.mylyn.core.model.interest.propagation" StartDate="2014-12-20 20:33:11.106 JST" StructureHandle="/freemind_1.0.1/freemind/accessories/plugins" StructureKind="resource"/><InteractionEvent Delta="null" EndDate="2014-12-20 20:33:53.114 JST" Interest="2.0" Kind="selection" Navigation="null" OriginId="org.eclipse.search.ui.views.SearchView" StartDate="2014-12-20 20:33:12.379 JST" StructureHandle="/freemind_1.0.1/freemind/accessories/plugins" StructureKind="resource" NumEvents="2" CreationCount="366"/><InteractionEvent Delta="null" EndDate="2014-12-20 20:39:30.974 JST" Interest="3.0" Kind="selection" Navigation="null" OriginId="org.eclipse.jdt.ui.CompilationUnitEditor" StartDate="2014-12-20 20:39:30.939 JST" StructureHandle="=freemind_1.0.1/freemind\/freemind\/modes\/mindmapmode&amp;lt;{MindMapController.java#javax.swing.JOptionPane" StructureKind="java" NumEvents="3" CreationCount="497"/><InteractionEvent Delta="null" EndDate="2014-12-20 20:50:09.709 JST" Interest="11.0" Kind="selection" Navigation="null" OriginId="org.eclipse.jdt.ui.CompilationUnitEditor" StartDate="2014-12-20 20:34:50.701 JST" StructureHandle="=freemind_1.0.1/freemind\/freemind\/modes\/mindmapmode&amp;lt;{MindMapController.java[MindMapController~extendSelection~QMouseEvent;" StructureKind="java" NumEvents="11" CreationCount="388"/><InteractionEvent Delta="null" EndDate="2014-12-20 20:57:58.527 JST" Interest="292.0" Kind="edit" Navigation="null" OriginId="org.eclipse.jdt.ui.CompilationUnitEditor" StartDate="2014-12-20 20:37:38.221 JST" StructureHandle="=freemind_1.0.1/freemind\/freemind\/modes\/mindmapmode&amp;lt;{MindMapController.java[MindMapController~extendSelection~QMouseEvent;" StructureKind="java" NumEvents="292" CreationCount="388"/><InteractionEvent Delta="null" EndDate="2014-12-20 20:48:04.139 JST" Interest="1.0" Kind="selection" Navigation="null" OriginId="org.eclipse.jdt.ui.CompilationUnitEditor" StartDate="2014-12-20 20:48:04.139 JST" StructureHandle="=freemind_1.0.1/freemind\/freemind\/view\/mindmapview&amp;lt;{NodeView.java[NodeView~setFocusCycleRoot~Z" StructureKind="java"/><InteractionEvent Delta="null" EndDate="2014-12-20 20:46:51.142 JST" Interest="8.0" Kind="propagation" Navigation="null" OriginId="org.eclipse.jdt.ui.PackageExplorer" StartDate="2014-12-20 19:07:00.378 JST" StructureHandle="/freemind_1.0.1/freemind/freemind/main/FreeMindStarter.java" StructureKind="resource" NumEvents="8" CreationCount="157"/><InteractionEvent Delta="null" EndDate="2014-12-20 20:46:51.142 JST" Interest="1.993" Kind="manipulation" Navigation="null" OriginId="org.eclipse.mylyn.core.model.interest.decay.correction" StartDate="2014-12-20 20:46:51.142 JST" StructureHandle="/freemind_1.0.1/freemind/freemind/main/FreeMindStarter.java" StructureKind="resource"/><InteractionEvent Delta="null" EndDate="2014-12-20 20:35:38.234 JST" Interest="1.0" Kind="propagation" Navigation="org.eclipse.mylyn.core.model.edges.containment" OriginId="org.eclipse.mylyn.core.model.interest.propagation" StartDate="2014-12-20 20:35:38.234 JST" StructureHandle="=freemind_1.0.1/freemind\/freemind\/controller&amp;lt;{Controller.java#" StructureKind="java"/><InteractionEvent Delta="null" EndDate="2014-12-20 20:35:24.729 JST" Interest="1.0" Kind="propagation" Navigation="org.eclipse.mylyn.core.model.edges.containment" OriginId="org.eclipse.mylyn.core.model.interest.propagation" StartDate="2014-12-20 20:35:24.729 JST" StructureHandle="=freemind_1.0.1/freemind\/freemind\/modes\/common\/listeners" StructureKind="java"/><InteractionEvent Delta="null" EndDate="2014-12-20 20:20:33.980 JST" Interest="1.0" Kind="selection" Navigation="null" OriginId="org.eclipse.search.ui.views.SearchView" StartDate="2014-12-20 20:20:33.980 JST" StructureHandle="=freemind_1.0.1/freemind\/freemind\/view\/mindmapview\/attributeview&amp;lt;{AttributeTable.java" StructureKind="java"/><InteractionEvent Delta="null" EndDate="2014-12-20 20:18:57.256 JST" Interest="6.0" Kind="selection" Navigation="null" OriginId="org.eclipse.jdt.ui.CompilationUnitEditor" StartDate="2014-12-20 19:13:36.833 JST" StructureHandle="=freemind_1.0.1/freemind\/freemind\/view\/mindmapview&amp;lt;{NodeView.java[NodeView~treeStructureChanged~QTreeModelEvent;" StructureKind="java" NumEvents="6" CreationCount="211"/><InteractionEvent Delta="null" EndDate="2014-12-20 20:19:52.538 JST" Interest="55.0" Kind="edit" Navigation="null" OriginId="org.eclipse.jdt.ui.CompilationUnitEditor" StartDate="2014-12-20 19:13:38.868 JST" StructureHandle="=freemind_1.0.1/freemind\/freemind\/view\/mindmapview&amp;lt;{NodeView.java[NodeView~treeStructureChanged~QTreeModelEvent;" StructureKind="java" NumEvents="55" CreationCount="211"/><InteractionEvent Delta="null" EndDate="2014-12-20 20:37:22.511 JST" Interest="1.0" Kind="propagation" Navigation="null" OriginId="org.eclipse.search.ui.views.SearchView" StartDate="2014-12-20 20:37:22.511 JST" StructureHandle="/freemind_1.0.1/freemind/freemind/modes/mindmapmode/actions/NodeHookAction.java" StructureKind="resource"/><InteractionEvent Delta="null" EndDate="2014-12-20 20:37:16.468 JST" Interest="11.0" Kind="propagation" Navigation="null" OriginId="org.eclipse.jdt.ui.CompilationUnitEditor" StartDate="2014-12-20 20:36:01.185 JST" StructureHandle="/freemind_1.0.1/freemind/freemind/modes/mindmapmode/actions/NewChildAction.java" StructureKind="resource" NumEvents="11" CreationCount="404"/><InteractionEvent Delta="null" EndDate="2014-12-20 20:57:58.538 JST" Interest="215.45099" Kind="propagation" Navigation="org.eclipse.mylyn.core.model.edges.containment" OriginId="org.eclipse.mylyn.core.model.interest.propagation" StartDate="2014-12-20 20:34:43.291 JST" StructureHandle="=freemind_1.0.1/freemind\/freemind\/modes\/mindmapmode&amp;lt;" StructureKind="java" NumEvents="308" CreationCount="385"/><InteractionEvent Delta="null" EndDate="2014-12-20 20:37:31.842 JST" Interest="2.0" Kind="selection" Navigation="null" OriginId="org.eclipse.search.ui.views.SearchView" StartDate="2014-12-20 20:35:00.57 JST" StructureHandle="/freemind_1.0.1/freemind/freemind/modes/mindmapmode/attributeactors" StructureKind="resource" NumEvents="2" CreationCount="389"/><InteractionEvent Delta="null" EndDate="2014-12-20 19:15:00.220 JST" Interest="1.0" Kind="selection" Navigation="null" OriginId="org.eclipse.jdt.ui.CompilationUnitEditor" StartDate="2014-12-20 19:15:00.220 JST" StructureHandle="=freemind_1.0.1/freemind\/freemind\/view\/mindmapview&amp;lt;{NodeView.java#freemind.main.FreeMind" StructureKind="java"/><InteractionEvent Delta="null" EndDate="2014-12-20 20:46:51.298 JST" Interest="1.0" Kind="selection" Navigation="null" OriginId="org.eclipse.jdt.ui.PackageExplorer" StartDate="2014-12-20 20:46:51.298 JST" StructureHandle="=freemind_1.0.1/freemind\/freemind\/main&amp;lt;{ExampleFileFilter.java" StructureKind="java"/><InteractionEvent Delta="null" EndDate="2014-12-20 20:58:00.126 JST" Interest="360.85098" Kind="propagation" Navigation="org.eclipse.mylyn.core.model.edges.containment" OriginId="org.eclipse.mylyn.core.model.interest.propagation" StartDate="2014-12-18 12:06:22.636 JST" StructureHandle="/freemind_1.0.1/freemind" StructureKind="resource" NumEvents="375" CreationCount="1"/><InteractionEvent Delta="null" EndDate="2014-12-20 19:12:48.8 JST" Interest="3.0" Kind="selection" Navigation="null" OriginId="org.eclipse.search.ui.views.SearchView" StartDate="2014-12-18 12:06:15.828 JST" StructureHandle="/freemind_1.0.1/freemind" StructureKind="resource" NumEvents="3" CreationCount="1"/><InteractionEvent Delta="null" EndDate="2014-12-20 19:15:57.691 JST" Interest="2.0" Kind="selection" Navigation="null" OriginId="org.eclipse.jdt.ui.CompilationUnitEditor" StartDate="2014-12-20 19:07:18.320 JST" StructureHandle="=freemind_1.0.1/freemind\/freemind\/view\/mindmapview&amp;lt;{MapView.java#javax.swing.JOptionPane" StructureKind="java" NumEvents="2" CreationCount="173"/><InteractionEvent Delta="null" EndDate="2014-12-20 19:15:57.691 JST" Interest="0.39400005" Kind="manipulation" Navigation="null" OriginId="org.eclipse.mylyn.core.model.interest.decay.correction" StartDate="2014-12-20 19:15:57.691 JST" StructureHandle="=freemind_1.0.1/freemind\/freemind\/view\/mindmapview&amp;lt;{MapView.java#javax.swing.JOptionPane" StructureKind="java"/><InteractionEvent Delta="null" EndDate="2014-12-20 20:35:08.209 JST" Interest="2.0" Kind="propagation" Navigation="org.eclipse.mylyn.core.model.edges.containment" OriginId="org.eclipse.mylyn.core.model.interest.propagation" StartDate="2014-12-20 20:35:05.383 JST" StructureHandle="=freemind_1.0.1/freemind\/freemind\/modes\/viewmodes&amp;lt;" StructureKind="java" NumEvents="2" CreationCount="391"/><InteractionEvent Delta="null" EndDate="2014-12-20 20:47:59.65 JST" Interest="55.985004" Kind="propagation" Navigation="org.eclipse.mylyn.core.model.edges.containment" OriginId="org.eclipse.mylyn.core.model.interest.propagation" StartDate="2014-12-18 12:06:37.714 JST" StructureHandle="=freemind_1.0.1/freemind\/freemind\/view\/mindmapview&amp;lt;" StructureKind="java" NumEvents="85" CreationCount="6"/><InteractionEvent Delta="null" EndDate="2014-12-20 19:00:05.625 JST" Interest="2.0" Kind="selection" Navigation="null" OriginId="org.eclipse.jdt.ui.CompilationUnitEditor" StartDate="2014-12-18 12:14:16.252 JST" StructureHandle="=freemind_1.0.1/freemind\/freemind\/view\/mindmapview&amp;lt;{MapView.java[MapView[Selected~remove~QNodeView;" StructureKind="java" NumEvents="2" CreationCount="8"/><InteractionEvent Delta="null" EndDate="2014-12-20 19:00:11.937 JST" Interest="2.0" Kind="edit" Navigation="null" OriginId="org.eclipse.jdt.ui.CompilationUnitEditor" StartDate="2014-12-20 19:00:10.282 JST" StructureHandle="=freemind_1.0.1/freemind\/freemind\/view\/mindmapview&amp;lt;{MapView.java[MapView[Selected~remove~QNodeView;" StructureKind="java" NumEvents="2" CreationCount="8"/><InteractionEvent Delta="null" EndDate="2014-12-20 19:00:05.625 JST" Interest="0.4280001" Kind="manipulation" Navigation="null" OriginId="org.eclipse.mylyn.core.model.interest.decay.correction" StartDate="2014-12-20 19:00:05.625 JST" StructureHandle="=freemind_1.0.1/freemind\/freemind\/view\/mindmapview&amp;lt;{MapView.java[MapView[Selected~remove~QNodeView;" StructureKind="java"/><InteractionEvent Delta="null" EndDate="2014-12-20 19:07:14.9 JST" Interest="1.0" Kind="selection" Navigation="null" OriginId="org.eclipse.jdt.ui.CompilationUnitEditor" StartDate="2014-12-20 19:07:14.9 JST" StructureHandle="=freemind_1.0.1/freemind\/freemind\/view\/mindmapview&amp;lt;{MapView.java#freemind.preferences.FreemindPropertyListener" StructureKind="java"/><InteractionEvent Delta="null" EndDate="2014-12-20 19:02:54.576 JST" Interest="3.0" Kind="selection" Navigation="null" OriginId="org.eclipse.jdt.ui.CompilationUnitEditor" StartDate="2014-12-18 12:06:53.5 JST" StructureHandle="=freemind_1.0.1/freemind\/freemind\/view\/mindmapview&amp;lt;{MapView.java[MapView^selected" StructureKind="java" NumEvents="3" CreationCount="9"/><InteractionEvent Delta="null" EndDate="2014-12-20 19:02:57.438 JST" Interest="3.0" Kind="edit" Navigation="null" OriginId="org.eclipse.jdt.ui.CompilationUnitEditor" StartDate="2014-12-18 12:06:53.9 JST" StructureHandle="=freemind_1.0.1/freemind\/freemind\/view\/mindmapview&amp;lt;{MapView.java[MapView^selected" StructureKind="java" NumEvents="3" CreationCount="9"/><InteractionEvent Delta="null" EndDate="2014-12-20 20:37:37.510 JST" Interest="1.0" Kind="selection" Navigation="null" OriginId="org.eclipse.jdt.ui.CompilationUnitEditor" StartDate="2014-12-20 20:37:37.510 JST" StructureHandle="=freemind_1.0.1/freemind\/freemind\/modes\/mindmapmode&amp;lt;{MindMapController.java#freemind.controller.actions.generated.instance.PatternIcon" StructureKind="java"/><InteractionEvent Delta="null" EndDate="2014-12-20 20:46:51.299 JST" Interest="10.01" Kind="propagation" Navigation="org.eclipse.mylyn.core.model.edges.containment" OriginId="org.eclipse.mylyn.core.model.interest.propagation" StartDate="2014-12-20 19:07:00.379 JST" StructureHandle="=freemind_1.0.1/freemind\/freemind\/main" StructureKind="java" NumEvents="6" CreationCount="157"/><InteractionEvent Delta="null" EndDate="2014-12-20 19:14:59.392 JST" Interest="1.0" Kind="selection" Navigation="null" OriginId="org.eclipse.jdt.ui.CompilationUnitEditor" StartDate="2014-12-20 19:14:59.392 JST" StructureHandle="=freemind_1.0.1/freemind\/freemind\/view\/mindmapview&amp;lt;{NodeView.java#java.awt.Color" StructureKind="java"/><InteractionEvent Delta="null" EndDate="2014-12-20 20:35:08.810 JST" Interest="1.0" Kind="propagation" Navigation="org.eclipse.mylyn.core.model.edges.containment" OriginId="org.eclipse.mylyn.core.model.interest.propagation" StartDate="2014-12-20 20:35:08.810 JST" StructureHandle="=freemind_1.0.1/freemind\/freemind\/modes\/viewmodes&amp;lt;{ViewControllerAdapter.java[ViewControllerAdapter" StructureKind="java"/><InteractionEvent Delta="null" EndDate="2014-12-20 20:13:00.407 JST" Interest="1.0" Kind="selection" Navigation="null" OriginId="org.eclipse.jdt.ui.CompilationUnitEditor" StartDate="2014-12-20 20:13:00.407 JST" StructureHandle="=freemind_1.0.1/freemind\/freemind\/view\/mindmapview&amp;lt;{NodeView.java#javax.swing.event.TreeModelEvent" StructureKind="java"/><InteractionEvent Delta="null" EndDate="2014-12-18 12:07:08.445 JST" Interest="1.0" Kind="selection" Navigation="null" OriginId="org.eclipse.jdt.ui.CompilationUnitEditor" StartDate="2014-12-18 12:07:08.445 JST" StructureHandle="=freemind_1.0.1/freemind\/freemind\/view\/mindmapview&amp;lt;{MapView.java[MapView~move~QKeyEvent;" StructureKind="java"/><InteractionEvent Delta="null" EndDate="2014-12-18 12:07:08.471 JST" Interest="1.0" Kind="edit" Navigation="null" OriginId="org.eclipse.jdt.ui.CompilationUnitEditor" StartDate="2014-12-18 12:07:08.471 JST" StructureHandle="=freemind_1.0.1/freemind\/freemind\/view\/mindmapview&amp;lt;{MapView.java[MapView~move~QKeyEvent;" StructureKind="java"/><InteractionEvent Delta="null" EndDate="2014-12-20 20:37:22.511 JST" Interest="1.0" Kind="selection" Navigation="null" OriginId="org.eclipse.search.ui.views.SearchView" StartDate="2014-12-20 20:37:22.511 JST" StructureHandle="=freemind_1.0.1/freemind\/freemind\/modes\/mindmapmode\/actions&amp;lt;{NodeHookAction.java" StructureKind="java"/><InteractionEvent Delta="null" EndDate="2014-12-20 19:01:50.68 JST" Interest="3.0" Kind="selection" Navigation="null" OriginId="org.eclipse.ui.views.ContentOutline" StartDate="2014-12-18 12:10:06.476 JST" StructureHandle="=freemind_1.0.1/freemind\/freemind\/view\/mindmapview&amp;lt;{MapView.java[MapView[Selected^mySelected" StructureKind="java" NumEvents="3" CreationCount="73"/><InteractionEvent Delta="null" EndDate="2014-12-18 12:10:15.513 JST" Interest="2.0" Kind="edit" Navigation="null" OriginId="org.eclipse.jdt.ui.CompilationUnitEditor" StartDate="2014-12-18 12:10:14.764 JST" StructureHandle="=freemind_1.0.1/freemind\/freemind\/view\/mindmapview&amp;lt;{MapView.java[MapView[Selected^mySelected" StructureKind="java" NumEvents="2" CreationCount="73"/><InteractionEvent Delta="null" EndDate="2014-12-18 12:06:43.925 JST" Interest="3.0" Kind="propagation" Navigation="org.eclipse.mylyn.core.model.edges.containment" OriginId="org.eclipse.mylyn.core.model.interest.propagation" StartDate="2014-12-18 12:06:40.870 JST" StructureHandle="=freemind_1.0.1/freemind\/freemind\/view\/mindmapview&amp;lt;{MapView.java[MapView[ResizeListener" StructureKind="java" NumEvents="3" CreationCount="9"/><InteractionEvent Delta="null" EndDate="2014-12-18 12:06:43.924 JST" Interest="3.0" Kind="selection" Navigation="null" OriginId="org.eclipse.jdt.ui.CompilationUnitEditor" StartDate="2014-12-18 12:06:40.869 JST" StructureHandle="=freemind_1.0.1/freemind\/freemind\/view\/mindmapview&amp;lt;{MapView.java[MapView[ResizeListener~ResizeListener" StructureKind="java" NumEvents="3" CreationCount="9"/><InteractionEvent Delta="null" EndDate="2014-12-20 19:14:51.124 JST" Interest="1.0" Kind="selection" Navigation="null" OriginId="org.eclipse.jdt.ui.CompilationUnitEditor" StartDate="2014-12-20 19:14:51.124 JST" StructureHandle="=freemind_1.0.1/freemind\/freemind\/view\/mindmapview&amp;lt;{MapView.java#java.util.Iterator" StructureKind="java"/><InteractionEvent Delta="null" EndDate="2014-12-20 20:18:55.546 JST" Interest="1.0" Kind="selection" Navigation="null" OriginId="org.eclipse.jdt.ui.CompilationUnitEditor" StartDate="2014-12-20 20:18:55.546 JST" StructureHandle="=freemind_1.0.1/freemind\/freemind\/view\/mindmapview&amp;lt;{NodeView.java[NodeView~getZoomedFoldingSymbolHalfWidth" StructureKind="java"/><InteractionEvent Delta="null" EndDate="2014-12-20 20:38:50.971 JST" Interest="16.0" Kind="selection" Navigation="null" OriginId="org.eclipse.jdt.ui.CompilationUnitEditor" StartDate="2014-12-18 12:07:11.347 JST" StructureHandle="=freemind_1.0.1/freemind\/freemind\/view\/mindmapview&amp;lt;{MapView.java[MapView~selectAsTheOnlyOneSelected~QNodeView;" StructureKind="java" NumEvents="16" CreationCount="36"/><InteractionEvent Delta="null" EndDate="2014-12-20 20:38:56.819 JST" Interest="45.0" Kind="edit" Navigation="null" OriginId="org.eclipse.jdt.ui.CompilationUnitEditor" StartDate="2014-12-18 12:07:11.364 JST" StructureHandle="=freemind_1.0.1/freemind\/freemind\/view\/mindmapview&amp;lt;{MapView.java[MapView~selectAsTheOnlyOneSelected~QNodeView;" StructureKind="java" NumEvents="45" CreationCount="36"/><InteractionEvent Delta="null" EndDate="2014-12-20 19:07:11.408 JST" Interest="1.0" Kind="selection" Navigation="null" OriginId="org.eclipse.jdt.ui.CompilationUnitEditor" StartDate="2014-12-20 19:07:11.408 JST" StructureHandle="=freemind_1.0.1/freemind\/freemind\/view\/mindmapview&amp;lt;{MapView.java#java.awt.BasicStroke" StructureKind="java"/><InteractionEvent Delta="null" EndDate="2014-12-20 20:48:04.140 JST" Interest="314.017" Kind="propagation" Navigation="null" OriginId="org.eclipse.jdt.ui.CompilationUnitEditor" StartDate="2014-12-18 12:06:37.714 JST" StructureHandle="/freemind_1.0.1/freemind/freemind/view/mindmapview" StructureKind="resource" NumEvents="315" CreationCount="5"/><InteractionEvent Delta="null" EndDate="2014-12-20 20:34:02.451 JST" Interest="4.0" Kind="selection" Navigation="null" OriginId="org.eclipse.search.ui.views.SearchView" StartDate="2014-12-18 12:06:34.558 JST" StructureHandle="/freemind_1.0.1/freemind/freemind/view/mindmapview" StructureKind="resource" NumEvents="4" CreationCount="5"/><InteractionEvent Delta="null" EndDate="2014-12-20 19:15:01.752 JST" Interest="1.0339999" Kind="propagation" Navigation="org.eclipse.mylyn.core.model.edges.containment" OriginId="org.eclipse.mylyn.core.model.interest.propagation" StartDate="2014-12-20 19:14:59.393 JST" StructureHandle="=freemind_1.0.1/freemind\/freemind\/view\/mindmapview&amp;lt;{NodeView.java#" StructureKind="java" NumEvents="3" CreationCount="248"/><InteractionEvent Delta="null" EndDate="2014-12-20 20:13:06.965 JST" Interest="3.0" Kind="selection" Navigation="null" OriginId="org.eclipse.jdt.ui.CompilationUnitEditor" StartDate="2014-12-20 19:15:03.416 JST" StructureHandle="=freemind_1.0.1/freemind\/freemind\/view\/mindmapview&amp;lt;{NodeView.java#" StructureKind="java" NumEvents="3" CreationCount="248"/><InteractionEvent Delta="null" EndDate="2014-12-20 20:13:09.313 JST" Interest="1.0" Kind="selection" Navigation="null" OriginId="org.eclipse.jdt.ui.CompilationUnitEditor" StartDate="2014-12-20 20:13:09.313 JST" StructureHandle="=freemind_1.0.1/freemind\/freemind\/view\/mindmapview&amp;lt;{NodeView.java#javax.swing.swing" StructureKind="java"/><InteractionEvent Delta="null" EndDate="2014-12-20 20:35:38.892 JST" Interest="1.751" Kind="propagation" Navigation="org.eclipse.mylyn.core.model.edges.containment" OriginId="org.eclipse.mylyn.core.model.interest.propagation" StartDate="2014-12-20 20:35:32.996 JST" StructureHandle="=freemind_1.0.1/freemind\/freemind\/controller&amp;lt;" StructureKind="java" NumEvents="5" CreationCount="398"/><InteractionEvent Delta="null" EndDate="2014-12-20 20:23:11.550 JST" Interest="1.017" Kind="propagation" Navigation="org.eclipse.mylyn.core.model.edges.containment" OriginId="org.eclipse.mylyn.core.model.interest.propagation" StartDate="2014-12-20 20:23:09.819 JST" StructureHandle="=freemind_1.0.1/freemind\/freemind\/modes&amp;lt;{ControllerAdapter.java#" StructureKind="java" NumEvents="2" CreationCount="360"/><InteractionEvent Delta="null" EndDate="2014-12-20 20:21:06.219 JST" Interest="1.0" Kind="selection" Navigation="null" OriginId="org.eclipse.jdt.ui.CompilationUnitEditor" StartDate="2014-12-20 20:21:06.219 JST" StructureHandle="=freemind_1.0.1/freemind\/freemind\/modes&amp;lt;{ControllerAdapter.java[ControllerAdapter~newModel~QModeController;" StructureKind="java"/><InteractionEvent Delta="null" EndDate="2014-12-18 12:07:06.212 JST" Interest="1.0" Kind="selection" Navigation="null" OriginId="org.eclipse.jdt.ui.CompilationUnitEditor" StartDate="2014-12-18 12:07:06.212 JST" StructureHandle="=freemind_1.0.1/freemind\/freemind\/view\/mindmapview&amp;lt;{MapView.java[MapView~getVisibleNeighbour~I" StructureKind="java"/><InteractionEvent Delta="null" EndDate="2014-12-18 12:07:06.230 JST" Interest="1.0" Kind="edit" Navigation="null" OriginId="org.eclipse.jdt.ui.CompilationUnitEditor" StartDate="2014-12-18 12:07:06.230 JST" StructureHandle="=freemind_1.0.1/freemind\/freemind\/view\/mindmapview&amp;lt;{MapView.java[MapView~getVisibleNeighbour~I" StructureKind="java"/><InteractionEvent Delta="null" EndDate="2014-12-20 20:32:52.456 JST" Interest="8.433999" Kind="propagation" Navigation="org.eclipse.mylyn.core.model.edges.containment" OriginId="org.eclipse.mylyn.core.model.interest.propagation" StartDate="2014-12-20 20:21:06.222 JST" StructureHandle="=freemind_1.0.1/freemind\/freemind\/modes&amp;lt;{ControllerAdapter.java" StructureKind="java" NumEvents="15" CreationCount="332"/><InteractionEvent Delta="null" EndDate="2014-12-20 20:34:20.684 JST" Interest="5.0" Kind="selection" Navigation="null" OriginId="org.eclipse.search.ui.views.SearchView" StartDate="2014-12-20 20:21:01.586 JST" StructureHandle="=freemind_1.0.1/freemind\/freemind\/modes&amp;lt;{ControllerAdapter.java" StructureKind="java" NumEvents="5" CreationCount="332"/><InteractionEvent Delta="null" EndDate="2014-12-18 12:06:52.473 JST" Interest="1.0" Kind="selection" Navigation="null" OriginId="org.eclipse.jdt.ui.CompilationUnitEditor" StartDate="2014-12-18 12:06:52.473 JST" StructureHandle="=freemind_1.0.1/freemind\/freemind\/view\/mindmapview&amp;lt;{MapView.java[MapView[Selected~moveToFirst~QNodeView;" StructureKind="java"/><InteractionEvent Delta="null" EndDate="2014-12-18 12:06:52.488 JST" Interest="1.0" Kind="edit" Navigation="null" OriginId="org.eclipse.jdt.ui.CompilationUnitEditor" StartDate="2014-12-18 12:06:52.488 JST" StructureHandle="=freemind_1.0.1/freemind\/freemind\/view\/mindmapview&amp;lt;{MapView.java[MapView[Selected~moveToFirst~QNodeView;" StructureKind="java"/><InteractionEvent Delta="null" EndDate="2014-12-20 20:35:38.893 JST" Interest="1.751" Kind="propagation" Navigation="org.eclipse.mylyn.core.model.edges.containment" OriginId="org.eclipse.mylyn.core.model.interest.propagation" StartDate="2014-12-20 20:35:32.997 JST" StructureHandle="=freemind_1.0.1/freemind\/freemind\/controller" StructureKind="java" NumEvents="5" CreationCount="398"/><InteractionEvent Delta="null" EndDate="2014-12-20 20:34:20.685 JST" Interest="13.433999" Kind="propagation" Navigation="org.eclipse.mylyn.core.model.edges.containment" OriginId="org.eclipse.mylyn.core.model.interest.propagation" StartDate="2014-12-20 20:21:01.586 JST" StructureHandle="=freemind_1.0.1/freemind\/freemind\/modes&amp;lt;" StructureKind="java" NumEvents="21" CreationCount="332"/><InteractionEvent Delta="null" EndDate="2014-12-20 20:37:28.208 JST" Interest="12.017" Kind="propagation" Navigation="null" OriginId="org.eclipse.search.ui.views.SearchView" StartDate="2014-12-20 20:36:01.185 JST" StructureHandle="/freemind_1.0.1/freemind/freemind/modes/mindmapmode/actions" StructureKind="resource" NumEvents="13" CreationCount="403"/><InteractionEvent Delta="null" EndDate="2014-12-20 20:35:55.765 JST" Interest="1.0" Kind="selection" Navigation="null" OriginId="org.eclipse.search.ui.views.SearchView" StartDate="2014-12-20 20:35:55.765 JST" StructureHandle="/freemind_1.0.1/freemind/freemind/modes/mindmapmode/actions" StructureKind="resource"/><InteractionEvent Delta="null" EndDate="2014-12-20 20:19:53.327 JST" Interest="36.755" Kind="propagation" Navigation="org.eclipse.mylyn.core.model.edges.containment" OriginId="org.eclipse.mylyn.core.model.interest.propagation" StartDate="2014-12-20 19:13:12.418 JST" StructureHandle="=freemind_1.0.1/freemind\/freemind\/view\/mindmapview&amp;lt;{NodeView.java" StructureKind="java" NumEvents="57" CreationCount="196"/><InteractionEvent Delta="null" EndDate="2014-12-20 20:47:57.326 JST" Interest="16.0" Kind="selection" Navigation="null" OriginId="org.eclipse.jdt.ui.CompilationUnitEditor" StartDate="2014-12-20 19:12:57.197 JST" StructureHandle="=freemind_1.0.1/freemind\/freemind\/view\/mindmapview&amp;lt;{NodeView.java" StructureKind="java" NumEvents="16" CreationCount="196"/><InteractionEvent Delta="null" EndDate="2014-12-20 20:35:24.728 JST" Interest="1.0" Kind="propagation" Navigation="org.eclipse.mylyn.core.model.edges.containment" OriginId="org.eclipse.mylyn.core.model.interest.propagation" StartDate="2014-12-20 20:35:24.728 JST" StructureHandle="=freemind_1.0.1/freemind\/freemind\/modes\/common\/listeners&amp;lt;" StructureKind="java"/><InteractionEvent Delta="null" EndDate="2014-12-20 20:37:28.207 JST" Interest="1.0" Kind="propagation" Navigation="null" OriginId="org.eclipse.search.ui.views.SearchView" StartDate="2014-12-20 20:37:28.207 JST" StructureHandle="/freemind_1.0.1/freemind/freemind/modes/mindmapmode/actions/NodeUpAction.java" StructureKind="resource"/><InteractionEvent Delta="null" EndDate="2014-12-20 20:46:51.298 JST" Interest="10.01" Kind="propagation" Navigation="org.eclipse.mylyn.core.model.edges.containment" OriginId="org.eclipse.mylyn.core.model.interest.propagation" StartDate="2014-12-20 19:07:00.378 JST" StructureHandle="=freemind_1.0.1/freemind\/freemind\/main&amp;lt;" StructureKind="java" NumEvents="6" CreationCount="157"/><InteractionEvent Delta="null" EndDate="2014-12-20 20:20:46.670 JST" Interest="2.0" Kind="propagation" Navigation="org.eclipse.mylyn.core.model.edges.containment" OriginId="org.eclipse.mylyn.core.model.interest.propagation" StartDate="2014-12-20 20:20:43.909 JST" StructureHandle="=freemind_1.0.1/freemind\/freemind\/view\/mindmapview&amp;lt;{IndependantMapViewCreator.java[IndependantMapViewCreator" StructureKind="java" NumEvents="2" CreationCount="327"/><InteractionEvent Delta="null" EndDate="2014-12-20 20:48:04.139 JST" Interest="110.0" Kind="propagation" Navigation="null" OriginId="org.eclipse.jdt.ui.CompilationUnitEditor" StartDate="2014-12-20 19:12:57.197 JST" StructureHandle="/freemind_1.0.1/freemind/freemind/view/mindmapview/NodeView.java" StructureKind="resource" NumEvents="110" CreationCount="196"/><InteractionEvent Delta="null" EndDate="2014-12-20 20:57:58.536 JST" Interest="354.275" Kind="propagation" Navigation="org.eclipse.mylyn.core.model.edges.containment" OriginId="org.eclipse.mylyn.core.model.interest.propagation" StartDate="2014-12-20 20:20:58.913 JST" StructureHandle="/freemind_1.0.1/freemind/freemind/modes" StructureKind="resource" NumEvents="358" CreationCount="193"/><InteractionEvent Delta="null" EndDate="2014-12-20 20:58:00.125 JST" Interest="5.0" Kind="selection" Navigation="null" OriginId="org.eclipse.jdt.ui.PackageExplorer" StartDate="2014-12-20 19:12:52.306 JST" StructureHandle="/freemind_1.0.1/freemind/freemind/modes" StructureKind="resource" NumEvents="5" CreationCount="193"/><InteractionEvent Delta="null" EndDate="2014-12-20 20:20:56.744 JST" Interest="1.312" Kind="manipulation" Navigation="null" OriginId="org.eclipse.mylyn.core.model.interest.decay.correction" StartDate="2014-12-20 20:20:56.744 JST" StructureHandle="/freemind_1.0.1/freemind/freemind/modes" StructureKind="resource"/><InteractionEvent Delta="null" EndDate="2014-12-20 20:35:38.891 JST" Interest="1.7" Kind="propagation" Navigation="org.eclipse.mylyn.core.model.edges.containment" OriginId="org.eclipse.mylyn.core.model.interest.propagation" StartDate="2014-12-20 20:35:38.886 JST" StructureHandle="=freemind_1.0.1/freemind\/freemind\/controller&amp;lt;{Controller.java[Controller" StructureKind="java" NumEvents="2" CreationCount="401"/><InteractionEvent Delta="null" EndDate="2014-12-20 20:37:16.469 JST" Interest="6.634" Kind="propagation" Navigation="org.eclipse.mylyn.core.model.edges.containment" OriginId="org.eclipse.mylyn.core.model.interest.propagation" StartDate="2014-12-20 20:36:01.185 JST" StructureHandle="=freemind_1.0.1/freemind\/freemind\/modes\/mindmapmode\/actions&amp;lt;" StructureKind="java" NumEvents="9" CreationCount="404"/><InteractionEvent Delta="null" EndDate="2014-12-20 20:22:19.194 JST" Interest="21.510008" Kind="propagation" Navigation="org.eclipse.mylyn.core.model.edges.containment" OriginId="org.eclipse.mylyn.core.model.interest.propagation" StartDate="2014-12-18 12:06:43.926 JST" StructureHandle="=freemind_1.0.1/freemind\/freemind\/view\/mindmapview&amp;lt;{MapView.java" StructureKind="java" NumEvents="37" CreationCount="6"/><InteractionEvent Delta="null" EndDate="2014-12-20 20:38:49.456 JST" Interest="27.0" Kind="selection" Navigation="null" OriginId="org.eclipse.jdt.ui.CompilationUnitEditor" StartDate="2014-12-18 12:06:37.714 JST" StructureHandle="=freemind_1.0.1/freemind\/freemind\/view\/mindmapview&amp;lt;{MapView.java" StructureKind="java" NumEvents="27" CreationCount="6"/><InteractionEvent Delta="null" EndDate="2014-12-18 12:08:00.631 JST" Interest="2.0" Kind="edit" Navigation="null" OriginId="org.eclipse.jdt.ui.CompilationUnitEditor" StartDate="2014-12-18 12:06:49.10 JST" StructureHandle="=freemind_1.0.1/freemind\/freemind\/view\/mindmapview&amp;lt;{MapView.java" StructureKind="java" NumEvents="2" CreationCount="6"/><InteractionEvent Delta="null" EndDate="2014-12-20 19:11:39.950 JST" Interest="2.0" Kind="selection" Navigation="null" OriginId="org.eclipse.jdt.ui.CompilationUnitEditor" StartDate="2014-12-20 19:07:56.988 JST" StructureHandle="=freemind_1.0.1/freemind\/freemind\/view\/mindmapview&amp;lt;{MapView.java#freemind.controller.NodeMotionListener" StructureKind="java" NumEvents="2" CreationCount="174"/><InteractionEvent Delta="null" EndDate="2014-12-20 20:20:46.669 JST" Interest="2.0" Kind="propagation" Navigation="org.eclipse.mylyn.core.model.edges.containment" OriginId="org.eclipse.mylyn.core.model.interest.propagation" StartDate="2014-12-20 20:20:43.906 JST" StructureHandle="=freemind_1.0.1/freemind\/freemind\/view\/mindmapview&amp;lt;{IndependantMapViewCreator.java[IndependantMapViewCreator~createMapView~QController;~QMindMapMapModel;" StructureKind="java" NumEvents="2" CreationCount="327"/><InteractionEvent Delta="null" EndDate="2014-12-20 20:35:38.891 JST" Interest="5.0" Kind="propagation" Navigation="null" OriginId="org.eclipse.jdt.ui.CompilationUnitEditor" StartDate="2014-12-20 20:35:32.996 JST" StructureHandle="/freemind_1.0.1/freemind/freemind/controller/Controller.java" StructureKind="resource" NumEvents="5" CreationCount="398"/><InteractionEvent Delta="null" EndDate="2014-12-20 20:35:24.728 JST" Interest="1.0" Kind="propagation" Navigation="null" OriginId="org.eclipse.search.ui.views.SearchView" StartDate="2014-12-20 20:35:24.728 JST" StructureHandle="/freemind_1.0.1/freemind/freemind/modes/common/listeners/CommonNodeMouseMotionListener.java" StructureKind="resource"/><InteractionEvent Delta="null" EndDate="2014-12-20 20:33:53.114 JST" Interest="4.992" Kind="propagation" Navigation="org.eclipse.mylyn.core.model.edges.containment" OriginId="org.eclipse.mylyn.core.model.interest.propagation" StartDate="2014-12-20 20:33:11.106 JST" StructureHandle="/freemind_1.0.1/freemind/accessories" StructureKind="resource" NumEvents="3" CreationCount="190"/><InteractionEvent Delta="null" EndDate="2014-12-20 19:12:48.965 JST" Interest="1.0" Kind="selection" Navigation="null" OriginId="org.eclipse.search.ui.views.SearchView" StartDate="2014-12-20 19:12:48.965 JST" StructureHandle="/freemind_1.0.1/freemind/accessories" StructureKind="resource"/><InteractionEvent Delta="null" EndDate="2014-12-20 19:00:14.77 JST" Interest="3.0" Kind="selection" Navigation="null" OriginId="org.eclipse.jdt.ui.CompilationUnitEditor" StartDate="2014-12-18 12:08:40.126 JST" StructureHandle="=freemind_1.0.1/freemind\/freemind\/view\/mindmapview&amp;lt;{MapView.java[MapView[Selected~add~QNodeView;" StructureKind="java" NumEvents="3" CreationCount="64"/><InteractionEvent Delta="null" EndDate="2014-12-20 19:00:16.587 JST" Interest="12.0" Kind="edit" Navigation="null" OriginId="org.eclipse.jdt.ui.CompilationUnitEditor" StartDate="2014-12-18 12:08:41.11 JST" StructureHandle="=freemind_1.0.1/freemind\/freemind\/view\/mindmapview&amp;lt;{MapView.java[MapView[Selected~add~QNodeView;" StructureKind="java" NumEvents="12" CreationCount="64"/><InteractionEvent Delta="null" EndDate="2014-12-20 20:36:04.67 JST" Interest="1.0" Kind="selection" Navigation="null" OriginId="org.eclipse.jdt.ui.CompilationUnitEditor" StartDate="2014-12-20 20:36:04.67 JST" StructureHandle="=freemind_1.0.1/freemind\/freemind\/modes\/mindmapmode\/actions&amp;lt;{NewChildAction.java[NewChildAction~addNew~QMindMapNode;~I~QKeyEvent;" StructureKind="java"/><InteractionEvent Delta="null" EndDate="2014-12-20 20:37:16.468 JST" Interest="8.0" Kind="edit" Navigation="null" OriginId="org.eclipse.jdt.ui.CompilationUnitEditor" StartDate="2014-12-20 20:36:04.75 JST" StructureHandle="=freemind_1.0.1/freemind\/freemind\/modes\/mindmapmode\/actions&amp;lt;{NewChildAction.java[NewChildAction~addNew~QMindMapNode;~I~QKeyEvent;" StructureKind="java" NumEvents="8" CreationCount="406"/><InteractionEvent Delta="null" EndDate="2014-12-20 19:03:23.837 JST" Interest="1.0" Kind="selection" Navigation="null" OriginId="org.eclipse.jdt.ui.CompilationUnitEditor" StartDate="2014-12-20 19:03:23.837 JST" StructureHandle="=freemind_1.0.1/freemind\/freemind\/view\/mindmapview&amp;lt;{MapView.java[MapView~validateSelecteds" StructureKind="java"/><InteractionEvent Delta="null" EndDate="2014-12-20 19:03:35.411 JST" Interest="3.0" Kind="edit" Navigation="null" OriginId="org.eclipse.jdt.ui.CompilationUnitEditor" StartDate="2014-12-20 19:03:27.335 JST" StructureHandle="=freemind_1.0.1/freemind\/freemind\/view\/mindmapview&amp;lt;{MapView.java[MapView~validateSelecteds" StructureKind="java" NumEvents="3" CreationCount="117"/><InteractionEvent Delta="null" EndDate="2014-12-20 20:20:33.980 JST" Interest="1.0" Kind="propagation" Navigation="null" OriginId="org.eclipse.search.ui.views.SearchView" StartDate="2014-12-20 20:20:33.980 JST" StructureHandle="/freemind_1.0.1/freemind/freemind/view/mindmapview/attributeview/AttributeTable.java" StructureKind="resource"/><InteractionEvent Delta="null" EndDate="2014-12-20 20:57:58.536 JST" Interest="208.517" Kind="propagation" Navigation="org.eclipse.mylyn.core.model.edges.containment" OriginId="org.eclipse.mylyn.core.model.interest.propagation" StartDate="2014-12-20 20:34:50.35 JST" StructureHandle="=freemind_1.0.1/freemind\/freemind\/modes\/mindmapmode&amp;lt;{MindMapController.java[MindMapController" StructureKind="java" NumEvents="296" CreationCount="387"/><InteractionEvent Delta="null" EndDate="2014-12-20 20:50:03.167 JST" Interest="2.0" Kind="selection" Navigation="null" OriginId="org.eclipse.jdt.ui.CompilationUnitEditor" StartDate="2014-12-20 20:42:01.158 JST" StructureHandle="=freemind_1.0.1/freemind\/freemind\/modes\/mindmapmode&amp;lt;{MindMapController.java[MindMapController" StructureKind="java" NumEvents="2" CreationCount="387"/><InteractionEvent Delta="null" EndDate="2014-12-20 20:50:04.686 JST" Interest="7.0" Kind="edit" Navigation="null" OriginId="org.eclipse.jdt.ui.CompilationUnitEditor" StartDate="2014-12-20 20:42:01.162 JST" StructureHandle="=freemind_1.0.1/freemind\/freemind\/modes\/mindmapmode&amp;lt;{MindMapController.java[MindMapController" StructureKind="java" NumEvents="7" CreationCount="387"/><InteractionEvent Delta="null" EndDate="2014-12-20 19:06:48.514 JST" Interest="1.0" Kind="selection" Navigation="null" OriginId="org.eclipse.jdt.ui.PackageExplorer" StartDate="2014-12-20 19:06:48.514 JST" StructureHandle="/freemind_1.0.1/freemind/Resources_pt_PT.properties" StructureKind="resource"/><InteractionEvent Delta="null" EndDate="2014-12-20 20:57:58.538 JST" Interest="215.45099" Kind="propagation" Navigation="org.eclipse.mylyn.core.model.edges.containment" OriginId="org.eclipse.mylyn.core.model.interest.propagation" StartDate="2014-12-20 20:34:43.291 JST" StructureHandle="=freemind_1.0.1/freemind\/freemind\/modes\/mindmapmode" StructureKind="java" NumEvents="308" CreationCount="385"/><InteractionEvent Delta="null" EndDate="2014-12-20 20:34:20.685 JST" Interest="13.433999" Kind="propagation" Navigation="org.eclipse.mylyn.core.model.edges.containment" OriginId="org.eclipse.mylyn.core.model.interest.propagation" StartDate="2014-12-20 20:21:01.587 JST" StructureHandle="=freemind_1.0.1/freemind\/freemind\/modes" StructureKind="java" NumEvents="21" CreationCount="332"/><InteractionEvent Delta="null" EndDate="2014-12-20 20:37:16.469 JST" Interest="4.634" Kind="propagation" Navigation="org.eclipse.mylyn.core.model.edges.containment" OriginId="org.eclipse.mylyn.core.model.interest.propagation" StartDate="2014-12-20 20:36:12.648 JST" StructureHandle="=freemind_1.0.1/freemind\/freemind\/modes\/mindmapmode\/actions&amp;lt;{NewChildAction.java" StructureKind="java" NumEvents="7" CreationCount="404"/><InteractionEvent Delta="null" EndDate="2014-12-20 20:36:03.461 JST" Interest="2.0" Kind="selection" Navigation="null" OriginId="org.eclipse.jdt.ui.CompilationUnitEditor" StartDate="2014-12-20 20:36:01.185 JST" StructureHandle="=freemind_1.0.1/freemind\/freemind\/modes\/mindmapmode\/actions&amp;lt;{NewChildAction.java" StructureKind="java" NumEvents="2" CreationCount="404"/><InteractionEvent Delta="null" EndDate="2014-12-20 19:07:06.880 JST" Interest="1.0339999" Kind="propagation" Navigation="org.eclipse.mylyn.core.model.edges.containment" OriginId="org.eclipse.mylyn.core.model.interest.propagation" StartDate="2014-12-20 19:07:04.417 JST" StructureHandle="=freemind_1.0.1/freemind\/freemind\/main&amp;lt;{FreeMindStarter.java#" StructureKind="java" NumEvents="3" CreationCount="160"/><InteractionEvent Delta="null" EndDate="2014-12-20 20:46:51.298 JST" Interest="9.027" Kind="propagation" Navigation="org.eclipse.mylyn.core.model.edges.containment" OriginId="org.eclipse.mylyn.core.model.interest.propagation" StartDate="2014-12-20 19:07:00.378 JST" StructureHandle="/freemind_1.0.1/freemind/freemind/main" StructureKind="resource" NumEvents="9" CreationCount="156"/><InteractionEvent Delta="null" EndDate="2014-12-20 20:57:59.247 JST" Interest="3.0" Kind="selection" Navigation="null" OriginId="org.eclipse.jdt.ui.PackageExplorer" StartDate="2014-12-20 19:06:53.572 JST" StructureHandle="/freemind_1.0.1/freemind/freemind/main" StructureKind="resource" NumEvents="3" CreationCount="156"/><InteractionEvent Delta="null" EndDate="2014-12-20 19:01:41.842 JST" Interest="2.0" Kind="selection" Navigation="null" OriginId="org.eclipse.jdt.ui.CompilationUnitEditor" StartDate="2014-12-20 19:00:01.521 JST" StructureHandle="=freemind_1.0.1/freemind\/freemind\/view\/mindmapview&amp;lt;{MapView.java[MapView[Selected~changeSelection~QNodeView;~Z" StructureKind="java" NumEvents="2" CreationCount="92"/><InteractionEvent Delta="null" EndDate="2014-12-20 20:58:00.126 JST" Interest="363.85098" Kind="propagation" Navigation="org.eclipse.mylyn.core.model.edges.containment" OriginId="org.eclipse.mylyn.core.model.interest.propagation" StartDate="2014-12-18 12:06:15.829 JST" StructureHandle="=freemind_1.0.1" StructureKind="java" NumEvents="378" CreationCount="1"/><InteractionEvent Delta="null" EndDate="2014-12-20 20:58:00.139 JST" Interest="1.0" Kind="selection" Navigation="null" OriginId="org.eclipse.jdt.ui.PackageExplorer" StartDate="2014-12-20 20:58:00.139 JST" StructureHandle="=freemind_1.0.1" StructureKind="java"/></InteractionHistory>