<?xml version="1.0" encoding="UTF-8"?><InteractionHistory Id="local-92" Version="1"><InteractionEvent Delta="null" EndDate="2014-09-20 08:36:08.596 JST" Interest="814.034" Kind="propagation" Navigation="org.eclipse.mylyn.core.model.edges.containment" OriginId="org.eclipse.mylyn.core.model.interest.propagation" StartDate="2014-09-20 07:04:44.138 JST" StructureHandle="" StructureKind="java" NumEvents="817" CreationCount="1"/><InteractionEvent Delta="null" EndDate="2014-09-20 08:36:07.332 JST" Interest="32.0" Kind="propagation" Navigation="null" OriginId="org.eclipse.jdt.ui.PackageExplorer" StartDate="2014-09-20 07:44:27.848 JST" StructureHandle="/SL3/src/sl3/listeners/button/BO_CL.java" StructureKind="resource" NumEvents="32" CreationCount="399"/><InteractionEvent Delta="null" EndDate="2014-09-20 08:20:34.748 JST" Interest="9.299999" Kind="propagation" Navigation="org.eclipse.mylyn.core.model.edges.containment" OriginId="org.eclipse.mylyn.core.model.interest.propagation" StartDate="2014-09-20 07:07:54.869 JST" StructureHandle="=SL3/src&amp;lt;sl3.adapters{ItemListAdapter2.java[ItemListAdapter2" StructureKind="java" NumEvents="12" CreationCount="26"/><InteractionEvent Delta="null" EndDate="2014-09-20 07:07:53.159 JST" Interest="1.0" Kind="selection" Navigation="null" OriginId="org.eclipse.ui.views.ContentOutline" StartDate="2014-09-20 07:07:53.159 JST" StructureHandle="=SL3/src&amp;lt;sl3.adapters{ItemListAdapter2.java%sl3.adapters" StructureKind="java"/><InteractionEvent Delta="null" EndDate="2014-09-20 08:36:06.925 JST" Interest="293.956" Kind="propagation" Navigation="org.eclipse.mylyn.core.model.edges.containment" OriginId="org.eclipse.mylyn.core.model.interest.propagation" StartDate="2014-09-20 07:05:15.390 JST" StructureHandle="=SL3/src" StructureKind="java" NumEvents="432" CreationCount="2"/><InteractionEvent Delta="null" EndDate="2014-09-20 07:07:40.425 JST" Interest="4.0" Kind="selection" Navigation="null" OriginId="org.eclipse.jdt.ui.PackageExplorer" StartDate="2014-09-20 07:05:28.833 JST" StructureHandle="=SL3/src" StructureKind="java" NumEvents="4" CreationCount="2"/><InteractionEvent Delta="null" EndDate="2014-09-20 08:20:34.508 JST" Interest="11.368" Kind="propagation" Navigation="org.eclipse.mylyn.core.model.edges.containment" OriginId="org.eclipse.mylyn.core.model.interest.propagation" StartDate="2014-09-20 07:07:49.616 JST" StructureHandle="=SL3/src&amp;lt;sl3.adapters" StructureKind="java" NumEvents="17" CreationCount="22"/><InteractionEvent Delta="null" EndDate="2014-09-20 07:07:47.521 JST" Interest="1.0" Kind="selection" Navigation="null" OriginId="org.eclipse.jdt.ui.PackageExplorer" StartDate="2014-09-20 07:07:47.521 JST" StructureHandle="=SL3/src&amp;lt;sl3.adapters" StructureKind="java"/><InteractionEvent Delta="null" EndDate="2014-09-20 07:44:24.874 JST" Interest="1.0" Kind="selection" Navigation="null" OriginId="org.eclipse.jdt.ui.PackageExplorer" StartDate="2014-09-20 07:44:24.874 JST" StructureHandle="=SL3/src&amp;lt;sl3.listeners" StructureKind="java"/><InteractionEvent Delta="null" EndDate="2014-09-20 07:05:40.939 JST" Interest="1.0" Kind="propagation" Navigation="org.eclipse.mylyn.core.model.edges.containment" OriginId="org.eclipse.mylyn.core.model.interest.propagation" StartDate="2014-09-20 07:05:40.939 JST" StructureHandle="=SL3/src&amp;lt;sl.main{TabActv.java#" StructureKind="java"/><InteractionEvent Delta="null" EndDate="2014-09-20 08:23:50.582 JST" Interest="1.0" Kind="selection" Navigation="null" OriginId="org.eclipse.ui.views.ContentOutline" StartDate="2014-09-20 08:23:50.582 JST" StructureHandle="=SL3/src&amp;lt;sl.main{TabActv.java[TabActv~createTabContent~QString;" StructureKind="java"/><InteractionEvent Delta="null" EndDate="2014-09-20 07:44:21.878 JST" Interest="1.0" Kind="selection" Navigation="null" OriginId="org.eclipse.jdt.ui.PackageExplorer" StartDate="2014-09-20 07:44:21.878 JST" StructureHandle="=SL3/src&amp;lt;sl.main{MainActv.java" StructureKind="java"/><InteractionEvent Delta="null" EndDate="2014-09-20 08:28:39.8 JST" Interest="6.0" Kind="edit" Navigation="null" OriginId="org.eclipse.jdt.ui.CompilationUnitEditor" StartDate="2014-09-20 07:12:26.222 JST" StructureHandle="=SL3/src&amp;lt;sl.main{TabActv.java[TabActv" StructureKind="java" NumEvents="6" CreationCount="11"/><InteractionEvent Delta="null" EndDate="2014-09-20 08:36:06.923 JST" Interest="279.60297" Kind="propagation" Navigation="org.eclipse.mylyn.core.model.edges.containment" OriginId="org.eclipse.mylyn.core.model.interest.propagation" StartDate="2014-09-20 07:05:47.493 JST" StructureHandle="=SL3/src&amp;lt;sl.main{TabActv.java[TabActv" StructureKind="java" NumEvents="399" CreationCount="11"/><InteractionEvent Delta="null" EndDate="2014-09-20 08:28:39.4 JST" Interest="14.0" Kind="selection" Navigation="null" OriginId="org.eclipse.jdt.ui.CompilationUnitEditor" StartDate="2014-09-20 07:05:44.51 JST" StructureHandle="=SL3/src&amp;lt;sl.main{TabActv.java[TabActv" StructureKind="java" NumEvents="14" CreationCount="11"/><InteractionEvent Delta="null" EndDate="2014-09-20 08:36:07.332 JST" Interest="32.017" Kind="propagation" Navigation="org.eclipse.mylyn.core.model.edges.containment" OriginId="org.eclipse.mylyn.core.model.interest.propagation" StartDate="2014-09-20 07:44:25.717 JST" StructureHandle="/SL3/src/sl3/listeners/button" StructureKind="resource" NumEvents="33" CreationCount="398"/><InteractionEvent Delta="null" EndDate="2014-09-20 08:24:16.10 JST" Interest="76.0" Kind="propagation" Navigation="null" OriginId="org.eclipse.jdt.ui.CompilationUnitEditor" StartDate="2014-09-20 07:13:05.516 JST" StructureHandle="/SL3/src/sl3/utils" StructureKind="resource" NumEvents="76" CreationCount="105"/><InteractionEvent Delta="null" EndDate="2014-09-20 08:22:49.232 JST" Interest="1.0" Kind="selection" Navigation="null" OriginId="org.eclipse.jdt.ui.CompilationUnitEditor" StartDate="2014-09-20 08:22:49.232 JST" StructureHandle="=SL3/src&amp;lt;sl3.utils{Methods.java[Methods~get_Adp_List_Genre~QActivity;" StructureKind="java"/><InteractionEvent Delta="null" EndDate="2014-09-20 08:21:16.892 JST" Interest="15.151001" Kind="propagation" Navigation="org.eclipse.mylyn.core.model.edges.containment" OriginId="org.eclipse.mylyn.core.model.interest.propagation" StartDate="2014-09-20 07:44:33.398 JST" StructureHandle="=SL3/src&amp;lt;sl3.listeners.button{BO_CL.java" StructureKind="java" NumEvents="23" CreationCount="399"/><InteractionEvent Delta="null" EndDate="2014-09-20 08:36:07.332 JST" Interest="5.0" Kind="selection" Navigation="null" OriginId="org.eclipse.jdt.ui.PackageExplorer" StartDate="2014-09-20 07:44:27.847 JST" StructureHandle="=SL3/src&amp;lt;sl3.listeners.button{BO_CL.java" StructureKind="java" NumEvents="5" CreationCount="399"/><InteractionEvent Delta="null" EndDate="2014-09-20 08:23:46.537 JST" Interest="26.019001" Kind="propagation" Navigation="org.eclipse.mylyn.core.model.edges.containment" OriginId="org.eclipse.mylyn.core.model.interest.propagation" StartDate="2014-09-20 07:13:06.414 JST" StructureHandle="=SL3/src&amp;lt;sl3.utils{Methods.java" StructureKind="java" NumEvents="36" CreationCount="105"/><InteractionEvent Delta="null" EndDate="2014-09-20 08:22:06.714 JST" Interest="5.0" Kind="selection" Navigation="null" OriginId="org.eclipse.jdt.ui.CompilationUnitEditor" StartDate="2014-09-20 07:13:05.515 JST" StructureHandle="=SL3/src&amp;lt;sl3.utils{Methods.java" StructureKind="java" NumEvents="5" CreationCount="105"/><InteractionEvent Delta="null" EndDate="2014-09-20 08:36:08.585 JST" Interest="2.0" Kind="propagation" Navigation="null" OriginId="org.eclipse.jdt.ui.PackageExplorer" StartDate="2014-09-20 08:36:07.445 JST" StructureHandle="/SL3/src/sl/main/RegisterItemActv.java" StructureKind="resource" NumEvents="2" CreationCount="816"/><InteractionEvent Delta="null" EndDate="2014-09-20 08:24:16.8 JST" Interest="0.694" Kind="manipulation" Navigation="null" OriginId="org.eclipse.mylyn.core.model.interest.decay.correction" StartDate="2014-09-20 08:24:16.8 JST" StructureHandle="=SL3/src&amp;lt;sl3.utils{Methods_sl.java[Methods_sl~updateListView_ToBuyList~QActivity;" StructureKind="java"/><InteractionEvent Delta="null" EndDate="2014-09-20 07:45:24.2 JST" Interest="2.0" Kind="edit" Navigation="null" OriginId="org.eclipse.jdt.ui.CompilationUnitEditor" StartDate="2014-09-20 07:45:08.510 JST" StructureHandle="=SL3/src&amp;lt;sl3.utils{Methods_sl.java[Methods_sl~updateListView_ToBuyList~QActivity;" StructureKind="java" NumEvents="2" CreationCount="417"/><InteractionEvent Delta="null" EndDate="2014-09-20 08:24:16.8 JST" Interest="2.0" Kind="selection" Navigation="null" OriginId="org.eclipse.jdt.ui.CompilationUnitEditor" StartDate="2014-09-20 07:45:07.48 JST" StructureHandle="=SL3/src&amp;lt;sl3.utils{Methods_sl.java[Methods_sl~updateListView_ToBuyList~QActivity;" StructureKind="java" NumEvents="2" CreationCount="417"/><InteractionEvent Delta="null" EndDate="2014-09-20 08:36:07.333 JST" Interest="19.168001" Kind="propagation" Navigation="org.eclipse.mylyn.core.model.edges.containment" OriginId="org.eclipse.mylyn.core.model.interest.propagation" StartDate="2014-09-20 07:44:27.849 JST" StructureHandle="=SL3/src&amp;lt;sl3.listeners.button" StructureKind="java" NumEvents="28" CreationCount="398"/><InteractionEvent Delta="null" EndDate="2014-09-20 07:44:25.717 JST" Interest="1.0" Kind="selection" Navigation="null" OriginId="org.eclipse.jdt.ui.PackageExplorer" StartDate="2014-09-20 07:44:25.717 JST" StructureHandle="=SL3/src&amp;lt;sl3.listeners.button" StructureKind="java"/><InteractionEvent Delta="null" EndDate="2014-09-20 08:36:08.596 JST" Interest="820.0" Kind="propagation" Navigation="org.eclipse.mylyn.core.model.edges.containment" OriginId="org.eclipse.mylyn.core.model.interest.propagation" StartDate="2014-09-20 07:04:44.137 JST" StructureHandle="/" StructureKind="resource" NumEvents="820" CreationCount="1"/><InteractionEvent Delta="null" EndDate="2014-09-20 08:28:37.834 JST" Interest="13.0" Kind="edit" Navigation="null" OriginId="org.eclipse.jdt.ui.CompilationUnitEditor" StartDate="2014-09-20 08:27:22.35 JST" StructureHandle="=SL3/src&amp;lt;sl.main{TabActv.java[TabActv~_Setup_ItemListView" StructureKind="java" NumEvents="13" CreationCount="675"/><InteractionEvent Delta="null" EndDate="2014-09-20 08:28:36.736 JST" Interest="2.0" Kind="selection" Navigation="null" OriginId="org.eclipse.jdt.ui.CompilationUnitEditor" StartDate="2014-09-20 08:27:22.30 JST" StructureHandle="=SL3/src&amp;lt;sl.main{TabActv.java[TabActv~_Setup_ItemListView" StructureKind="java" NumEvents="2" CreationCount="675"/><InteractionEvent Delta="null" EndDate="2014-09-20 07:16:51.287 JST" Interest="1.0" Kind="propagation" Navigation="org.eclipse.mylyn.core.model.edges.containment" OriginId="org.eclipse.mylyn.core.model.interest.propagation" StartDate="2014-09-20 07:16:51.287 JST" StructureHandle="/SL3/bin" StructureKind="resource"/><InteractionEvent Delta="null" EndDate="2014-09-20 07:05:40.938 JST" Interest="1.0" Kind="selection" Navigation="null" OriginId="org.eclipse.jdt.ui.CompilationUnitEditor" StartDate="2014-09-20 07:05:40.938 JST" StructureHandle="=SL3/src&amp;lt;sl.main{TabActv.java#sl3.listeners.button.BO_CL" StructureKind="java"/><InteractionEvent Delta="null" EndDate="2014-09-20 08:18:18.459 JST" Interest="3.0" Kind="edit" Navigation="null" OriginId="org.eclipse.jdt.ui.CompilationUnitEditor" StartDate="2014-09-20 07:16:12.969 JST" StructureHandle="=SL3/src&amp;lt;sl3.utils{Methods.java[Methods" StructureKind="java" NumEvents="3" CreationCount="106"/><InteractionEvent Delta="null" EndDate="2014-09-20 07:16:07.317 JST" Interest="18.902" Kind="propagation" Navigation="org.eclipse.mylyn.core.model.edges.containment" OriginId="org.eclipse.mylyn.core.model.interest.propagation" StartDate="2014-09-20 07:13:06.413 JST" StructureHandle="=SL3/src&amp;lt;sl3.utils{Methods.java[Methods" StructureKind="java" NumEvents="27" CreationCount="106"/><InteractionEvent Delta="null" EndDate="2014-09-20 08:23:46.537 JST" Interest="10.0" Kind="selection" Navigation="null" OriginId="org.eclipse.ui.views.ContentOutline" StartDate="2014-09-20 07:16:10.946 JST" StructureHandle="=SL3/src&amp;lt;sl3.utils{Methods.java[Methods" StructureKind="java" NumEvents="10" CreationCount="106"/><InteractionEvent Delta="null" EndDate="2014-09-20 07:45:29.971 JST" Interest="3.6920004" Kind="manipulation" Navigation="null" OriginId="org.eclipse.mylyn.core.model.interest.decay.correction" StartDate="2014-09-20 07:45:29.971 JST" StructureHandle="=SL3/src&amp;lt;sl3.utils{Methods.java[Methods~conv_TimeLabel_to_YMD~QString;" StructureKind="java"/><InteractionEvent Delta="null" EndDate="2014-09-20 07:45:29.985 JST" Interest="1.0" Kind="edit" Navigation="null" OriginId="org.eclipse.jdt.ui.CompilationUnitEditor" StartDate="2014-09-20 07:45:29.985 JST" StructureHandle="=SL3/src&amp;lt;sl3.utils{Methods.java[Methods~conv_TimeLabel_to_YMD~QString;" StructureKind="java"/><InteractionEvent Delta="null" EndDate="2014-09-20 08:18:21.769 JST" Interest="3.0" Kind="selection" Navigation="null" OriginId="org.eclipse.jdt.ui.CompilationUnitEditor" StartDate="2014-09-20 07:16:22.76 JST" StructureHandle="=SL3/src&amp;lt;sl3.utils{Methods.java[Methods~conv_TimeLabel_to_YMD~QString;" StructureKind="java" NumEvents="3" CreationCount="144"/><InteractionEvent Delta="null" EndDate="2014-09-20 07:08:00.560 JST" Interest="5.351" Kind="propagation" Navigation="org.eclipse.mylyn.core.model.edges.containment" OriginId="org.eclipse.mylyn.core.model.interest.propagation" StartDate="2014-09-20 07:07:55.443 JST" StructureHandle="=SL3/src&amp;lt;sl3.adapters{ItemListAdapter2.java" StructureKind="java" NumEvents="8" CreationCount="23"/><InteractionEvent Delta="null" EndDate="2014-09-20 08:20:34.507 JST" Interest="7.0" Kind="selection" Navigation="null" OriginId="org.eclipse.jdt.ui.CompilationUnitEditor" StartDate="2014-09-20 07:07:49.615 JST" StructureHandle="=SL3/src&amp;lt;sl3.adapters{ItemListAdapter2.java" StructureKind="java" NumEvents="7" CreationCount="23"/><InteractionEvent Delta="null" EndDate="2014-09-20 08:36:06.924 JST" Interest="296.956" Kind="propagation" Navigation="org.eclipse.mylyn.core.model.edges.containment" OriginId="org.eclipse.mylyn.core.model.interest.propagation" StartDate="2014-09-20 07:05:17.923 JST" StructureHandle="=SL3/src&amp;lt;sl.main" StructureKind="java" NumEvents="434" CreationCount="2"/><InteractionEvent Delta="null" EndDate="2014-09-20 07:05:15.389 JST" Interest="1.0" Kind="selection" Navigation="null" OriginId="org.eclipse.jdt.ui.PackageExplorer" StartDate="2014-09-20 07:05:15.389 JST" StructureHandle="=SL3/src&amp;lt;sl.main" StructureKind="java"/><InteractionEvent Delta="null" EndDate="2014-09-20 07:44:21.878 JST" Interest="1.0" Kind="propagation" Navigation="null" OriginId="org.eclipse.jdt.ui.PackageExplorer" StartDate="2014-09-20 07:44:21.878 JST" StructureHandle="/SL3/src/sl/main/MainActv.java" StructureKind="resource"/><InteractionEvent Delta="null" EndDate="2014-09-20 08:32:42.398 JST" Interest="6.0" Kind="prediction" Navigation="null" OriginId="org.eclipse.mylyn.resources.ui.interest.updater" StartDate="2014-09-20 07:16:51.286 JST" StructureHandle="/SL3/bin/classes.dex" StructureKind="resource" NumEvents="6" CreationCount="168"/><InteractionEvent Delta="null" EndDate="2014-09-20 07:08:00.557 JST" Interest="9.0" Kind="edit" Navigation="null" OriginId="org.eclipse.jdt.ui.CompilationUnitEditor" StartDate="2014-09-20 07:07:54.974 JST" StructureHandle="=SL3/src&amp;lt;sl3.adapters{ItemListAdapter2.java[ItemListAdapter2~_getView__SetBackground~QView;~QSI;~I" StructureKind="java" NumEvents="9" CreationCount="26"/><InteractionEvent Delta="null" EndDate="2014-09-20 08:20:34.748 JST" Interest="3.0" Kind="selection" Navigation="null" OriginId="org.eclipse.jdt.ui.CompilationUnitEditor" StartDate="2014-09-20 07:07:54.868 JST" StructureHandle="=SL3/src&amp;lt;sl3.adapters{ItemListAdapter2.java[ItemListAdapter2~_getView__SetBackground~QView;~QSI;~I" StructureKind="java" NumEvents="3" CreationCount="26"/><InteractionEvent Delta="null" EndDate="2014-09-20 08:20:34.748 JST" Interest="20.017" Kind="propagation" Navigation="org.eclipse.mylyn.core.model.edges.containment" OriginId="org.eclipse.mylyn.core.model.interest.propagation" StartDate="2014-09-20 07:07:47.521 JST" StructureHandle="/SL3/src/sl3/adapters" StructureKind="resource" NumEvents="21" CreationCount="22"/><InteractionEvent Delta="null" EndDate="2014-09-20 08:22:41.245 JST" Interest="2.0" Kind="edit" Navigation="null" OriginId="org.eclipse.jdt.ui.CompilationUnitEditor" StartDate="2014-09-20 08:22:28.362 JST" StructureHandle="=SL3/src&amp;lt;sl3.utils{Methods.java[Methods~get_Adp_List_Store~QActivity;" StructureKind="java" NumEvents="2" CreationCount="563"/><InteractionEvent Delta="null" EndDate="2014-09-20 08:22:42.493 JST" Interest="3.0" Kind="selection" Navigation="null" OriginId="org.eclipse.jdt.ui.CompilationUnitEditor" StartDate="2014-09-20 08:22:09.715 JST" StructureHandle="=SL3/src&amp;lt;sl3.utils{Methods.java[Methods~get_Adp_List_Store~QActivity;" StructureKind="java" NumEvents="3" CreationCount="563"/><InteractionEvent Delta="null" EndDate="2014-09-20 08:36:06.923 JST" Interest="394.0" Kind="edit" Navigation="null" OriginId="org.eclipse.jdt.ui.CompilationUnitEditor" StartDate="2014-09-20 07:11:40.779 JST" StructureHandle="=SL3/src&amp;lt;sl.main{TabActv.java[TabActv~onStart" StructureKind="java" NumEvents="394" CreationCount="70"/><InteractionEvent Delta="null" EndDate="2014-09-20 08:32:26.227 JST" Interest="21.0" Kind="selection" Navigation="null" OriginId="org.eclipse.jdt.ui.CompilationUnitEditor" StartDate="2014-09-20 07:11:40.149 JST" StructureHandle="=SL3/src&amp;lt;sl.main{TabActv.java[TabActv~onStart" StructureKind="java" NumEvents="21" CreationCount="70"/><InteractionEvent Delta="null" EndDate="2014-09-20 08:36:08.586 JST" Interest="678.017" Kind="propagation" Navigation="null" OriginId="org.eclipse.jdt.ui.PackageExplorer" StartDate="2014-09-20 07:05:15.389 JST" StructureHandle="/SL3/src/sl/main" StructureKind="resource" NumEvents="680" CreationCount="2"/><InteractionEvent Delta="null" EndDate="2014-09-20 08:23:46.538 JST" Interest="31.019001" Kind="propagation" Navigation="org.eclipse.mylyn.core.model.edges.containment" OriginId="org.eclipse.mylyn.core.model.interest.propagation" StartDate="2014-09-20 07:13:05.516 JST" StructureHandle="=SL3/src&amp;lt;sl3.utils" StructureKind="java" NumEvents="41" CreationCount="105"/><InteractionEvent Delta="null" EndDate="2014-09-20 08:36:08.596 JST" Interest="820.0" Kind="propagation" Navigation="null" OriginId="org.eclipse.jdt.ui.PackageExplorer" StartDate="2014-09-20 07:04:44.137 JST" StructureHandle="/SL3" StructureKind="resource" NumEvents="820" CreationCount="1"/><InteractionEvent Delta="null" EndDate="2014-09-20 08:21:16.891 JST" Interest="19.1" Kind="propagation" Navigation="org.eclipse.mylyn.core.model.edges.containment" OriginId="org.eclipse.mylyn.core.model.interest.propagation" StartDate="2014-09-20 07:44:32.679 JST" StructureHandle="=SL3/src&amp;lt;sl3.listeners.button{BO_CL.java[BO_CL" StructureKind="java" NumEvents="26" CreationCount="402"/><InteractionEvent Delta="null" EndDate="2014-09-20 07:17:29.554 JST" Interest="7.0" Kind="edit" Navigation="null" OriginId="org.eclipse.jdt.ui.CompilationUnitEditor" StartDate="2014-09-20 07:16:54.994 JST" StructureHandle="=SL3/src&amp;lt;sl.main{TabActv.java[TabActv~_SetupTabs" StructureKind="java" NumEvents="7" CreationCount="169"/><InteractionEvent Delta="null" EndDate="2014-09-20 07:16:54.987 JST" Interest="1.0" Kind="selection" Navigation="null" OriginId="org.eclipse.jdt.ui.CompilationUnitEditor" StartDate="2014-09-20 07:16:54.987 JST" StructureHandle="=SL3/src&amp;lt;sl.main{TabActv.java[TabActv~_SetupTabs" StructureKind="java"/><InteractionEvent Delta="null" EndDate="2014-09-20 07:44:30.798 JST" Interest="1.0" Kind="selection" Navigation="null" OriginId="org.eclipse.ui.views.ContentOutline" StartDate="2014-09-20 07:44:30.798 JST" StructureHandle="=SL3/src&amp;lt;sl3.listeners.button{BO_CL.java%sl3.listeners.button" StructureKind="java"/><InteractionEvent Delta="null" EndDate="2014-09-20 08:18:13.940 JST" Interest="5.0" Kind="edit" Navigation="null" OriginId="org.eclipse.jdt.ui.CompilationUnitEditor" StartDate="2014-09-20 07:45:31.834 JST" StructureHandle="=SL3/src&amp;lt;sl3.utils{Methods.java[Methods~conv_ToBuyList_to_SIList~QActivity;" StructureKind="java" NumEvents="5" CreationCount="423"/><InteractionEvent Delta="null" EndDate="2014-09-20 08:18:19.227 JST" Interest="2.0" Kind="selection" Navigation="null" OriginId="org.eclipse.jdt.ui.CompilationUnitEditor" StartDate="2014-09-20 07:45:30.688 JST" StructureHandle="=SL3/src&amp;lt;sl3.utils{Methods.java[Methods~conv_ToBuyList_to_SIList~QActivity;" StructureKind="java" NumEvents="2" CreationCount="423"/><InteractionEvent Delta="null" EndDate="2014-09-20 07:45:24.4 JST" Interest="1.417" Kind="propagation" Navigation="org.eclipse.mylyn.core.model.edges.containment" OriginId="org.eclipse.mylyn.core.model.interest.propagation" StartDate="2014-09-20 07:45:07.49 JST" StructureHandle="=SL3/src&amp;lt;sl3.utils{Methods_sl.java" StructureKind="java" NumEvents="3" CreationCount="416"/><InteractionEvent Delta="null" EndDate="2014-09-20 08:24:15.850 JST" Interest="4.0" Kind="selection" Navigation="null" OriginId="org.eclipse.jdt.ui.CompilationUnitEditor" StartDate="2014-09-20 07:45:06.390 JST" StructureHandle="=SL3/src&amp;lt;sl3.utils{Methods_sl.java" StructureKind="java" NumEvents="4" CreationCount="416"/><InteractionEvent Delta="null" EndDate="2014-09-20 08:20:34.748 JST" Interest="20.0" Kind="propagation" Navigation="null" OriginId="org.eclipse.jdt.ui.CompilationUnitEditor" StartDate="2014-09-20 07:07:49.615 JST" StructureHandle="/SL3/src/sl3/adapters/ItemListAdapter2.java" StructureKind="resource" NumEvents="20" CreationCount="23"/><InteractionEvent Delta="null" EndDate="2014-09-20 08:36:08.585 JST" Interest="2.0" Kind="selection" Navigation="null" OriginId="org.eclipse.jdt.ui.PackageExplorer" StartDate="2014-09-20 08:36:07.445 JST" StructureHandle="=SL3/src&amp;lt;sl.main{RegisterItemActv.java" StructureKind="java" NumEvents="2" CreationCount="816"/><InteractionEvent Delta="null" EndDate="2014-09-20 08:31:24.863 JST" Interest="47.0" Kind="edit" Navigation="null" OriginId="org.eclipse.jdt.ui.CompilationUnitEditor" StartDate="2014-09-20 07:05:49.241 JST" StructureHandle="=SL3/src&amp;lt;sl.main{TabActv.java[TabActv~_prep_ToBuyList" StructureKind="java" NumEvents="47" CreationCount="12"/><InteractionEvent Delta="null" EndDate="2014-09-20 08:32:26.209 JST" Interest="23.0" Kind="selection" Navigation="null" OriginId="org.eclipse.jdt.ui.CompilationUnitEditor" StartDate="2014-09-20 07:05:47.492 JST" StructureHandle="=SL3/src&amp;lt;sl.main{TabActv.java[TabActv~_prep_ToBuyList" StructureKind="java" NumEvents="23" CreationCount="12"/><InteractionEvent Delta="null" EndDate="2014-09-20 08:23:46.537 JST" Interest="68.0" Kind="propagation" Navigation="null" OriginId="org.eclipse.ui.views.ContentOutline" StartDate="2014-09-20 07:13:05.516 JST" StructureHandle="/SL3/src/sl3/utils/Methods.java" StructureKind="resource" NumEvents="68" CreationCount="105"/><InteractionEvent Delta="null" EndDate="2014-09-20 07:13:21.179 JST" Interest="5.0" Kind="edit" Navigation="null" OriginId="org.eclipse.jdt.ui.CompilationUnitEditor" StartDate="2014-09-20 07:13:07.234 JST" StructureHandle="=SL3/src&amp;lt;sl3.utils{Methods.java[Methods~restore_ItemIds~QActivity;" StructureKind="java" NumEvents="5" CreationCount="106"/><InteractionEvent Delta="null" EndDate="2014-09-20 07:13:06.413 JST" Interest="1.0" Kind="selection" Navigation="null" OriginId="org.eclipse.jdt.ui.CompilationUnitEditor" StartDate="2014-09-20 07:13:06.413 JST" StructureHandle="=SL3/src&amp;lt;sl3.utils{Methods.java[Methods~restore_ItemIds~QActivity;" StructureKind="java"/><InteractionEvent Delta="null" EndDate="2014-09-20 08:24:16.9 JST" Interest="8.0" Kind="propagation" Navigation="null" OriginId="org.eclipse.jdt.ui.CompilationUnitEditor" StartDate="2014-09-20 07:45:06.391 JST" StructureHandle="/SL3/src/sl3/utils/Methods_sl.java" StructureKind="resource" NumEvents="8" CreationCount="416"/><InteractionEvent Delta="null" EndDate="2014-09-20 07:16:07.317 JST" Interest="24.0" Kind="edit" Navigation="null" OriginId="org.eclipse.jdt.ui.CompilationUnitEditor" StartDate="2014-09-20 07:13:26.841 JST" StructureHandle="=SL3/src&amp;lt;sl3.utils{Methods.java[Methods~_restore_ItemIds__ToBuyIds~QActivity;" StructureKind="java" NumEvents="24" CreationCount="112"/><InteractionEvent Delta="null" EndDate="2014-09-20 07:13:32.679 JST" Interest="2.0" Kind="selection" Navigation="null" OriginId="org.eclipse.ui.views.ContentOutline" StartDate="2014-09-20 07:13:25.620 JST" StructureHandle="=SL3/src&amp;lt;sl3.utils{Methods.java[Methods~_restore_ItemIds__ToBuyIds~QActivity;" StructureKind="java" NumEvents="2" CreationCount="112"/><InteractionEvent Delta="null" EndDate="2014-09-20 08:29:38.97 JST" Interest="122.0" Kind="edit" Navigation="null" OriginId="org.eclipse.jdt.ui.CompilationUnitEditor" StartDate="2014-09-20 07:09:43.840 JST" StructureHandle="=SL3/src&amp;lt;sl.main{TabActv.java[TabActv~_Setup_ToBuyListView" StructureKind="java" NumEvents="122" CreationCount="58"/><InteractionEvent Delta="null" EndDate="2014-09-20 08:28:40.190 JST" Interest="14.0" Kind="selection" Navigation="null" OriginId="org.eclipse.jdt.ui.CompilationUnitEditor" StartDate="2014-09-20 07:09:39.972 JST" StructureHandle="=SL3/src&amp;lt;sl.main{TabActv.java[TabActv~_Setup_ToBuyListView" StructureKind="java" NumEvents="14" CreationCount="58"/><InteractionEvent Delta="null" EndDate="2014-09-20 08:36:08.586 JST" Interest="814.01697" Kind="propagation" Navigation="null" OriginId="org.eclipse.jdt.ui.PackageExplorer" StartDate="2014-09-20 07:05:15.389 JST" StructureHandle="/SL3/src" StructureKind="resource" NumEvents="815" CreationCount="2"/><InteractionEvent Delta="null" EndDate="2014-09-20 08:36:06.923 JST" Interest="676.0" Kind="propagation" Navigation="null" OriginId="org.eclipse.jdt.ui.CompilationUnitEditor" StartDate="2014-09-20 07:05:17.922 JST" StructureHandle="/SL3/src/sl/main/TabActv.java" StructureKind="resource" NumEvents="676" CreationCount="3"/><InteractionEvent Delta="null" EndDate="2014-09-20 08:21:16.891 JST" Interest="23.0" Kind="edit" Navigation="null" OriginId="org.eclipse.jdt.ui.CompilationUnitEditor" StartDate="2014-09-20 07:44:32.991 JST" StructureHandle="=SL3/src&amp;lt;sl3.listeners.button{BO_CL.java[BO_CL~case_ITEMLIST_TABS_BT_CHOOSE" StructureKind="java" NumEvents="23" CreationCount="402"/><InteractionEvent Delta="null" EndDate="2014-09-20 08:21:10.758 JST" Interest="3.0" Kind="selection" Navigation="null" OriginId="org.eclipse.jdt.ui.CompilationUnitEditor" StartDate="2014-09-20 07:44:32.677 JST" StructureHandle="=SL3/src&amp;lt;sl3.listeners.button{BO_CL.java[BO_CL~case_ITEMLIST_TABS_BT_CHOOSE" StructureKind="java" NumEvents="3" CreationCount="402"/><InteractionEvent Delta="null" EndDate="2014-09-20 08:32:42.398 JST" Interest="6.0" Kind="prediction" Navigation="null" OriginId="org.eclipse.mylyn.resources.ui.interest.updater" StartDate="2014-09-20 07:16:51.286 JST" StructureHandle="/SL3/bin/SL3.apk" StructureKind="resource" NumEvents="6" CreationCount="168"/><InteractionEvent Delta="null" EndDate="2014-09-20 08:24:16.9 JST" Interest="4.094" Kind="propagation" Navigation="org.eclipse.mylyn.core.model.edges.containment" OriginId="org.eclipse.mylyn.core.model.interest.propagation" StartDate="2014-09-20 07:45:07.48 JST" StructureHandle="=SL3/src&amp;lt;sl3.utils{Methods_sl.java[Methods_sl" StructureKind="java" NumEvents="4" CreationCount="417"/><InteractionEvent Delta="null" EndDate="2014-09-20 08:36:08.586 JST" Interest="678.017" Kind="propagation" Navigation="org.eclipse.mylyn.core.model.edges.containment" OriginId="org.eclipse.mylyn.core.model.interest.propagation" StartDate="2014-09-20 07:05:15.389 JST" StructureHandle="/SL3/src/sl" StructureKind="resource" NumEvents="680" CreationCount="2"/><InteractionEvent Delta="null" EndDate="2014-09-20 07:05:26.108 JST" Interest="1.0" Kind="edit" Navigation="null" OriginId="org.eclipse.jdt.ui.CompilationUnitEditor" StartDate="2014-09-20 07:05:26.108 JST" StructureHandle="=SL3/src&amp;lt;sl.main{TabActv.java" StructureKind="java"/><InteractionEvent Delta="null" EndDate="2014-09-20 08:36:06.924 JST" Interest="288.23898" Kind="propagation" Navigation="org.eclipse.mylyn.core.model.edges.containment" OriginId="org.eclipse.mylyn.core.model.interest.propagation" StartDate="2014-09-20 07:05:49.954 JST" StructureHandle="=SL3/src&amp;lt;sl.main{TabActv.java" StructureKind="java" NumEvents="415" CreationCount="3"/><InteractionEvent Delta="null" EndDate="2014-09-20 08:24:23.192 JST" Interest="9.0" Kind="selection" Navigation="null" OriginId="org.eclipse.jdt.ui.CompilationUnitEditor" StartDate="2014-09-20 07:05:17.922 JST" StructureHandle="=SL3/src&amp;lt;sl.main{TabActv.java" StructureKind="java" NumEvents="9" CreationCount="3"/><InteractionEvent Delta="null" EndDate="2014-09-20 08:36:07.332 JST" Interest="32.033997" Kind="propagation" Navigation="org.eclipse.mylyn.core.model.edges.containment" OriginId="org.eclipse.mylyn.core.model.interest.propagation" StartDate="2014-09-20 07:44:24.875 JST" StructureHandle="/SL3/src/sl3/listeners" StructureKind="resource" NumEvents="34" CreationCount="397"/><InteractionEvent Delta="null" EndDate="2014-09-20 08:24:16.9 JST" Interest="76.411" Kind="propagation" Navigation="org.eclipse.mylyn.core.model.edges.containment" OriginId="org.eclipse.mylyn.core.model.interest.propagation" StartDate="2014-09-20 07:07:47.521 JST" StructureHandle="/SL3/src/sl3" StructureKind="resource" NumEvents="79" CreationCount="22"/><InteractionEvent Delta="null" EndDate="2014-09-20 07:16:14.376 JST" Interest="1.0" Kind="selection" Navigation="null" OriginId="org.eclipse.jdt.ui.CompilationUnitEditor" StartDate="2014-09-20 07:16:14.376 JST" StructureHandle="=SL3/src&amp;lt;sl3.utils{Methods.java[Methods~_restore_ItemIds__CheckedIds~QActivity;" StructureKind="java"/><InteractionEvent Delta="null" EndDate="2014-09-20 08:36:08.585 JST" Interest="811.034" Kind="propagation" Navigation="org.eclipse.mylyn.core.model.edges.containment" OriginId="org.eclipse.mylyn.core.model.interest.propagation" StartDate="2014-09-20 07:05:15.390 JST" StructureHandle="=SL3" StructureKind="resource" NumEvents="814" CreationCount="1"/><InteractionEvent Delta="null" EndDate="2014-09-20 08:36:08.596 JST" Interest="3.0" Kind="selection" Navigation="null" OriginId="org.eclipse.jdt.ui.PackageExplorer" StartDate="2014-09-20 07:04:44.137 JST" StructureHandle="=SL3" StructureKind="java" NumEvents="3" CreationCount="1"/></InteractionHistory>