<?xml version="1.0" encoding="UTF-8"?><InteractionHistory Id="local-224" Version="1"><InteractionEvent Delta="null" EndDate="2014-11-22 09:01:44.178 JST" Interest="1.0339999" Kind="propagation" Navigation="org.eclipse.mylyn.core.model.edges.containment" OriginId="org.eclipse.mylyn.core.model.interest.propagation" StartDate="2014-11-22 09:01:39.886 JST" StructureHandle="=CutPlanner_A/src&amp;lt;cp.main" StructureKind="java" NumEvents="3" CreationCount="4"/><InteractionEvent Delta="null" EndDate="2014-11-22 09:01:44.178 JST" Interest="1.0" Kind="selection" Navigation="null" OriginId="org.eclipse.jdt.ui.CompilationUnitEditor" StartDate="2014-11-22 09:01:44.178 JST" StructureHandle="=CutPlanner_A/src&amp;lt;cp.main{DeviceListActv.java" StructureKind="java"/><InteractionEvent Delta="null" EndDate="2014-11-22 09:01:25.552 JST" Interest="1.0" Kind="propagation" Navigation="null" OriginId="org.eclipse.jdt.ui.CompilationUnitEditor" StartDate="2014-11-22 09:01:25.552 JST" StructureHandle="/BluetoothSample/src/org/japan/techbooster/sample/BlueTooth/BluetoothClientThread.java" StructureKind="resource"/><InteractionEvent Delta="null" EndDate="2014-11-22 09:01:39.884 JST" Interest="1.0" Kind="selection" Navigation="null" OriginId="org.eclipse.jdt.ui.CompilationUnitEditor" StartDate="2014-11-22 09:01:39.884 JST" StructureHandle="=CutPlanner_A/src&amp;lt;cp.main{MainActv.java" StructureKind="java"/><InteractionEvent Delta="null" EndDate="2014-11-22 09:01:40.713 JST" Interest="0.01700002" Kind="propagation" Navigation="org.eclipse.mylyn.core.model.edges.containment" OriginId="org.eclipse.mylyn.core.model.interest.propagation" StartDate="2014-11-22 09:01:40.713 JST" StructureHandle="=CutPlanner_A/src&amp;lt;cp.main{MainActv.java" StructureKind="java"/><InteractionEvent Delta="null" EndDate="2014-11-22 09:01:32.958 JST" Interest="1.0" Kind="propagation" Navigation="null" OriginId="org.eclipse.jdt.ui.CompilationUnitEditor" StartDate="2014-11-22 09:01:32.958 JST" StructureHandle="/BluetoothSample/src/org/japan/techbooster/sample/BlueTooth/DeviceListActivity.java" StructureKind="resource"/><InteractionEvent Delta="null" EndDate="2014-11-22 09:01:35.595 JST" Interest="1.0339999" Kind="propagation" Navigation="org.eclipse.mylyn.core.model.edges.containment" OriginId="org.eclipse.mylyn.core.model.interest.propagation" StartDate="2014-11-22 09:01:25.553 JST" StructureHandle="=BluetoothSample" StructureKind="resource" NumEvents="3" CreationCount="1"/><InteractionEvent Delta="null" EndDate="2014-11-22 09:01:32.958 JST" Interest="1.0" Kind="selection" Navigation="null" OriginId="org.eclipse.jdt.ui.CompilationUnitEditor" StartDate="2014-11-22 09:01:32.958 JST" StructureHandle="=BluetoothSample/src&amp;lt;org.japan.techbooster.sample.BlueTooth{DeviceListActivity.java" StructureKind="java"/><InteractionEvent Delta="null" EndDate="2014-11-22 09:01:35.594 JST" Interest="1.0" Kind="selection" Navigation="null" OriginId="org.eclipse.jdt.ui.CompilationUnitEditor" StartDate="2014-11-22 09:01:35.594 JST" StructureHandle="=BluetoothSample/src&amp;lt;org.japan.techbooster.sample.BlueTooth{BlueToothSample.java" StructureKind="java"/><InteractionEvent Delta="null" EndDate="2014-11-22 09:01:35.595 JST" Interest="1.0339999" Kind="propagation" Navigation="org.eclipse.mylyn.core.model.edges.containment" OriginId="org.eclipse.mylyn.core.model.interest.propagation" StartDate="2014-11-22 09:01:25.553 JST" StructureHandle="/BluetoothSample/src" StructureKind="resource" NumEvents="3" CreationCount="1"/><InteractionEvent Delta="null" EndDate="2014-11-22 09:01:44.178 JST" Interest="3.0" Kind="propagation" Navigation="org.eclipse.mylyn.core.model.edges.containment" OriginId="org.eclipse.mylyn.core.model.interest.propagation" StartDate="2014-11-22 09:01:39.885 JST" StructureHandle="/CutPlanner_A/src" StructureKind="resource" NumEvents="3" CreationCount="4"/><InteractionEvent Delta="null" EndDate="2014-11-22 09:01:44.179 JST" Interest="1.0339999" Kind="propagation" Navigation="org.eclipse.mylyn.core.model.edges.containment" OriginId="org.eclipse.mylyn.core.model.interest.propagation" StartDate="2014-11-22 09:01:39.886 JST" StructureHandle="=CutPlanner_A/src" StructureKind="java" NumEvents="3" CreationCount="4"/><InteractionEvent Delta="null" EndDate="2014-11-22 09:01:35.595 JST" Interest="1.0339999" Kind="propagation" Navigation="org.eclipse.mylyn.core.model.edges.containment" OriginId="org.eclipse.mylyn.core.model.interest.propagation" StartDate="2014-11-22 09:01:25.553 JST" StructureHandle="=BluetoothSample/src&amp;lt;org.japan.techbooster.sample.BlueTooth" StructureKind="java" NumEvents="3" CreationCount="1"/><InteractionEvent Delta="null" EndDate="2014-11-22 09:01:35.595 JST" Interest="1.0339999" Kind="propagation" Navigation="org.eclipse.mylyn.core.model.edges.containment" OriginId="org.eclipse.mylyn.core.model.interest.propagation" StartDate="2014-11-22 09:01:25.552 JST" StructureHandle="/BluetoothSample/src/org/japan/techbooster/sample" StructureKind="resource" NumEvents="3" CreationCount="1"/><InteractionEvent Delta="null" EndDate="2014-11-22 09:01:25.552 JST" Interest="1.0" Kind="selection" Navigation="null" OriginId="org.eclipse.jdt.ui.CompilationUnitEditor" StartDate="2014-11-22 09:01:25.552 JST" StructureHandle="=BluetoothSample/src&amp;lt;org.japan.techbooster.sample.BlueTooth{BluetoothClientThread.java" StructureKind="java"/><InteractionEvent Delta="null" EndDate="2014-11-22 09:01:40.712 JST" Interest="1.0" Kind="selection" Navigation="null" OriginId="org.eclipse.jdt.ui.CompilationUnitEditor" StartDate="2014-11-22 09:01:40.712 JST" StructureHandle="=CutPlanner_A/src&amp;lt;cp.main{MainActv.java[MainActv" StructureKind="java"/><InteractionEvent Delta="null" EndDate="2014-11-22 09:01:35.595 JST" Interest="1.0339999" Kind="propagation" Navigation="org.eclipse.mylyn.core.model.edges.containment" OriginId="org.eclipse.mylyn.core.model.interest.propagation" StartDate="2014-11-22 09:01:25.553 JST" StructureHandle="/BluetoothSample/src/org/japan" StructureKind="resource" NumEvents="3" CreationCount="1"/><InteractionEvent Delta="null" EndDate="2014-11-22 09:01:35.595 JST" Interest="1.0339999" Kind="propagation" Navigation="org.eclipse.mylyn.core.model.edges.containment" OriginId="org.eclipse.mylyn.core.model.interest.propagation" StartDate="2014-11-22 09:01:25.553 JST" StructureHandle="/BluetoothSample/src/org" StructureKind="resource" NumEvents="3" CreationCount="1"/><InteractionEvent Delta="null" EndDate="2014-11-22 09:01:55.598 JST" Interest="4.0509996" Kind="propagation" Navigation="org.eclipse.mylyn.core.model.edges.containment" OriginId="org.eclipse.mylyn.core.model.interest.propagation" StartDate="2014-11-22 09:01:25.553 JST" StructureHandle="/" StructureKind="resource" NumEvents="7" CreationCount="1"/><InteractionEvent Delta="null" EndDate="2014-11-22 09:01:44.178 JST" Interest="3.0" Kind="propagation" Navigation="null" OriginId="org.eclipse.jdt.ui.CompilationUnitEditor" StartDate="2014-11-22 09:01:39.885 JST" StructureHandle="/CutPlanner_A/src/cp/main" StructureKind="resource" NumEvents="3" CreationCount="4"/><InteractionEvent Delta="null" EndDate="2014-11-22 09:01:44.178 JST" Interest="1.0" Kind="propagation" Navigation="null" OriginId="org.eclipse.jdt.ui.CompilationUnitEditor" StartDate="2014-11-22 09:01:44.178 JST" StructureHandle="/CutPlanner_A/src/cp/main/DeviceListActv.java" StructureKind="resource"/><InteractionEvent Delta="null" EndDate="2014-11-22 09:01:35.595 JST" Interest="1.0" Kind="propagation" Navigation="null" OriginId="org.eclipse.jdt.ui.CompilationUnitEditor" StartDate="2014-11-22 09:01:35.595 JST" StructureHandle="/BluetoothSample/src/org/japan/techbooster/sample/BlueTooth/BlueToothSample.java" StructureKind="resource"/><InteractionEvent Delta="null" EndDate="2014-11-22 09:01:40.713 JST" Interest="2.0" Kind="propagation" Navigation="null" OriginId="org.eclipse.jdt.ui.CompilationUnitEditor" StartDate="2014-11-22 09:01:39.885 JST" StructureHandle="/CutPlanner_A/src/cp/main/MainActv.java" StructureKind="resource" NumEvents="2" CreationCount="4"/><InteractionEvent Delta="null" EndDate="2014-11-22 09:01:35.595 JST" Interest="1.0339999" Kind="propagation" Navigation="org.eclipse.mylyn.core.model.edges.containment" OriginId="org.eclipse.mylyn.core.model.interest.propagation" StartDate="2014-11-22 09:01:25.552 JST" StructureHandle="/BluetoothSample/src/org/japan/techbooster/sample/BlueTooth" StructureKind="resource" NumEvents="3" CreationCount="1"/><InteractionEvent Delta="null" EndDate="2014-11-22 09:01:44.178 JST" Interest="3.0" Kind="propagation" Navigation="org.eclipse.mylyn.core.model.edges.containment" OriginId="org.eclipse.mylyn.core.model.interest.propagation" StartDate="2014-11-22 09:01:39.885 JST" StructureHandle="/CutPlanner_A/src/cp" StructureKind="resource" NumEvents="3" CreationCount="4"/><InteractionEvent Delta="null" EndDate="2014-11-22 09:01:35.595 JST" Interest="1.0339999" Kind="propagation" Navigation="org.eclipse.mylyn.core.model.edges.containment" OriginId="org.eclipse.mylyn.core.model.interest.propagation" StartDate="2014-11-22 09:01:25.553 JST" StructureHandle="=BluetoothSample/src" StructureKind="java" NumEvents="3" CreationCount="1"/><InteractionEvent Delta="null" EndDate="2014-11-22 09:01:35.595 JST" Interest="1.0339999" Kind="propagation" Navigation="org.eclipse.mylyn.core.model.edges.containment" OriginId="org.eclipse.mylyn.core.model.interest.propagation" StartDate="2014-11-22 09:01:25.552 JST" StructureHandle="/BluetoothSample/src/org/japan/techbooster" StructureKind="resource" NumEvents="3" CreationCount="1"/><InteractionEvent Delta="null" EndDate="2014-11-22 09:01:55.598 JST" Interest="1.0" Kind="selection" Navigation="null" OriginId="org.eclipse.jdt.ui.PackageExplorer" StartDate="2014-11-22 09:01:55.598 JST" StructureHandle="=CutPlanner_A" StructureKind="java"/><InteractionEvent Delta="null" EndDate="2014-11-22 09:01:44.179 JST" Interest="3.0" Kind="propagation" Navigation="org.eclipse.mylyn.core.model.edges.containment" OriginId="org.eclipse.mylyn.core.model.interest.propagation" StartDate="2014-11-22 09:01:39.885 JST" StructureHandle="=CutPlanner_A" StructureKind="resource" NumEvents="3" CreationCount="4"/></InteractionHistory>