<?xml version="1.0" encoding="UTF-8"?><InteractionHistory Id="local-177" Version="1"><InteractionEvent Delta="null" EndDate="2014-10-28 09:44:38.620 JST" Interest="1.0" Kind="propagation" Navigation="org.eclipse.mylyn.core.model.edges.containment" OriginId="org.eclipse.mylyn.core.model.interest.propagation" StartDate="2014-10-28 09:44:38.620 JST" StructureHandle="" StructureKind="java"/><InteractionEvent Delta="null" EndDate="2014-10-28 10:19:54.610 JST" Interest="685.187" Kind="propagation" Navigation="org.eclipse.mylyn.core.model.edges.containment" OriginId="org.eclipse.mylyn.core.model.interest.propagation" StartDate="2014-10-28 09:44:41.26 JST" StructureHandle="=SL3" StructureKind="resource" NumEvents="691" CreationCount="2"/><InteractionEvent Delta="null" EndDate="2014-10-28 09:44:41.26 JST" Interest="1.0" Kind="selection" Navigation="null" OriginId="org.eclipse.jdt.ui.PackageExplorer" StartDate="2014-10-28 09:44:41.26 JST" StructureHandle="=SL3/src" StructureKind="java"/><InteractionEvent Delta="null" EndDate="2014-10-28 10:12:53.656 JST" Interest="95.034" Kind="propagation" Navigation="org.eclipse.mylyn.core.model.edges.containment" OriginId="org.eclipse.mylyn.core.model.interest.propagation" StartDate="2014-10-28 09:45:29.227 JST" StructureHandle="=SL3/src" StructureKind="java" NumEvents="150" CreationCount="2"/><InteractionEvent Delta="null" EndDate="2014-10-28 09:49:55.654 JST" Interest="2.0" Kind="propagation" Navigation="null" OriginId="org.eclipse.jdt.ui.CompilationUnitEditor" StartDate="2014-10-28 09:49:54.535 JST" StructureHandle="/SL3/src/sl3/utils/Tags.java" StructureKind="resource" NumEvents="2" CreationCount="125"/><InteractionEvent Delta="null" EndDate="2014-10-28 10:13:21.729 JST" Interest="10.0" Kind="selection" Navigation="null" OriginId="org.eclipse.jdt.ui.CompilationUnitEditor" StartDate="2014-10-28 09:52:21.961 JST" StructureHandle="=SL3/src&amp;lt;sl3.tasks{Task_Post_Genres.java[Task_Post_Genres~doInBackground~\[QString;" StructureKind="java" NumEvents="10" CreationCount="209"/><InteractionEvent Delta="null" EndDate="2014-10-28 10:18:22.897 JST" Interest="46.0" Kind="edit" Navigation="null" OriginId="org.eclipse.jdt.ui.CompilationUnitEditor" StartDate="2014-10-28 09:55:49.335 JST" StructureHandle="=SL3/src&amp;lt;sl3.tasks{Task_Post_Genres.java[Task_Post_Genres~doInBackground~\[QString;" StructureKind="java" NumEvents="46" CreationCount="209"/><InteractionEvent Delta="null" EndDate="2014-10-28 09:50:34.574 JST" Interest="1.0" Kind="selection" Navigation="null" OriginId="org.eclipse.jdt.ui.CompilationUnitEditor" StartDate="2014-10-28 09:50:34.574 JST" StructureHandle="=SL3/src&amp;lt;sl3.utils{Methods_dlg.java[Methods_dlg~dlg_ShowMessage_Duration~QActivity;~QString;~I" StructureKind="java"/><InteractionEvent Delta="null" EndDate="2014-10-28 09:50:35.254 JST" Interest="1.0" Kind="edit" Navigation="null" OriginId="org.eclipse.jdt.ui.CompilationUnitEditor" StartDate="2014-10-28 09:50:35.254 JST" StructureHandle="=SL3/src&amp;lt;sl3.utils{Methods_dlg.java[Methods_dlg~dlg_ShowMessage_Duration~QActivity;~QString;~I" StructureKind="java"/><InteractionEvent Delta="null" EndDate="2014-10-28 10:13:11.40 JST" Interest="1.0" Kind="selection" Navigation="null" OriginId="org.eclipse.ui.views.ContentOutline" StartDate="2014-10-28 10:13:11.40 JST" StructureHandle="=SL3/src&amp;lt;sl3.tasks{Task_Post_Genres.java[Task_Post_Genres~_getHttpPost~QString;~QJSONObject;" StructureKind="java"/><InteractionEvent Delta="null" EndDate="2014-10-28 10:04:56.217 JST" Interest="1.0" Kind="selection" Navigation="null" OriginId="org.eclipse.jdt.ui.CompilationUnitEditor" StartDate="2014-10-28 10:04:56.217 JST" StructureHandle="=SL3/src&amp;lt;sl3.utils{CONS.java[CONS[HTTPData^siKeys" StructureKind="java"/><InteractionEvent Delta="null" EndDate="2014-10-28 10:08:20.570 JST" Interest="62.0" Kind="propagation" Navigation="null" OriginId="org.eclipse.jdt.ui.CompilationUnitEditor" StartDate="2014-10-28 09:54:49.103 JST" StructureHandle="/SL3/src/sl3/utils/CONS.java" StructureKind="resource" NumEvents="62" CreationCount="230"/><InteractionEvent Delta="null" EndDate="2014-10-28 10:12:27.334 JST" Interest="10.0" Kind="selection" Navigation="null" OriginId="org.eclipse.jdt.ui.CompilationUnitEditor" StartDate="2014-10-28 10:00:07.964 JST" StructureHandle="=SL3/src&amp;lt;sl3.utils{Methods.java" StructureKind="java" NumEvents="10" CreationCount="390"/><InteractionEvent Delta="null" EndDate="2014-10-28 10:12:53.655 JST" Interest="79.437996" Kind="propagation" Navigation="org.eclipse.mylyn.core.model.edges.containment" OriginId="org.eclipse.mylyn.core.model.interest.propagation" StartDate="2014-10-28 10:00:08.924 JST" StructureHandle="=SL3/src&amp;lt;sl3.utils{Methods.java" StructureKind="java" NumEvents="116" CreationCount="390"/><InteractionEvent Delta="null" EndDate="2014-10-28 09:50:49.755 JST" Interest="27.0" Kind="propagation" Navigation="null" OriginId="org.eclipse.jdt.ui.CompilationUnitEditor" StartDate="2014-10-28 09:46:22.174 JST" StructureHandle="/SL3/src/sl3/listeners/dialog/DOI_CL.java" StructureKind="resource" NumEvents="27" CreationCount="22"/><InteractionEvent Delta="null" EndDate="2014-10-28 09:55:09.159 JST" Interest="26.605" Kind="propagation" Navigation="org.eclipse.mylyn.core.model.edges.containment" OriginId="org.eclipse.mylyn.core.model.interest.propagation" StartDate="2014-10-28 09:46:22.175 JST" StructureHandle="=SL3/src&amp;lt;sl3.listeners.dialog" StructureKind="java" NumEvents="41" CreationCount="22"/><InteractionEvent Delta="null" EndDate="2014-10-28 10:12:27.587 JST" Interest="8.0" Kind="selection" Navigation="null" OriginId="org.eclipse.jdt.ui.CompilationUnitEditor" StartDate="2014-10-28 10:00:10.968 JST" StructureHandle="=SL3/src&amp;lt;sl3.utils{Methods.java[Methods~_update_PH__PostedAt~QActivity;~QPH;" StructureKind="java" NumEvents="8" CreationCount="393"/><InteractionEvent Delta="null" EndDate="2014-10-28 10:08:53.972 JST" Interest="0.33500004" Kind="manipulation" Navigation="null" OriginId="org.eclipse.mylyn.core.model.interest.decay.correction" StartDate="2014-10-28 10:08:53.972 JST" StructureHandle="=SL3/src&amp;lt;sl3.utils{Methods.java[Methods~_update_PH__PostedAt~QActivity;~QPH;" StructureKind="java"/><InteractionEvent Delta="null" EndDate="2014-10-28 10:11:10.165 JST" Interest="3.0" Kind="edit" Navigation="null" OriginId="org.eclipse.jdt.ui.CompilationUnitEditor" StartDate="2014-10-28 10:11:06.997 JST" StructureHandle="=SL3/src&amp;lt;sl3.utils{Methods.java[Methods~_update_PH__PostedAt~QActivity;~QPH;" StructureKind="java" NumEvents="3" CreationCount="393"/><InteractionEvent Delta="null" EndDate="2014-10-28 09:49:28.977 JST" Interest="1.0" Kind="selection" Navigation="null" OriginId="org.eclipse.jdt.ui.CompilationUnitEditor" StartDate="2014-10-28 09:49:28.977 JST" StructureHandle="=SL3/src&amp;lt;sl3.utils{Methods_dlg.java[Methods_dlg" StructureKind="java"/><InteractionEvent Delta="null" EndDate="2014-10-28 09:50:48.667 JST" Interest="19.0" Kind="propagation" Navigation="org.eclipse.mylyn.core.model.edges.containment" OriginId="org.eclipse.mylyn.core.model.interest.propagation" StartDate="2014-10-28 09:45:48.12 JST" StructureHandle="=SL3/src&amp;lt;sl3.utils{Methods_dlg.java[Methods_dlg" StructureKind="java" NumEvents="25" CreationCount="14"/><InteractionEvent Delta="null" EndDate="2014-10-28 10:13:11.42 JST" Interest="1.0" Kind="selection" Navigation="null" OriginId="org.eclipse.ui.views.ContentOutline" StartDate="2014-10-28 10:13:11.42 JST" StructureHandle="=SL3/src&amp;lt;sl3.tasks{Task_Post_Genres.java[Task_Post_Genres~_getJSONBody" StructureKind="java"/><InteractionEvent Delta="null" EndDate="2014-10-28 09:55:09.157 JST" Interest="72.0" Kind="propagation" Navigation="null" OriginId="org.eclipse.jdt.ui.CompilationUnitEditor" StartDate="2014-10-28 09:47:11.471 JST" StructureHandle="/SL3/src/sl3/listeners/dialog/DB_OCL.java" StructureKind="resource" NumEvents="72" CreationCount="34"/><InteractionEvent Delta="null" EndDate="2014-10-28 09:44:49.7 JST" Interest="1.0" Kind="selection" Navigation="null" OriginId="org.eclipse.jdt.ui.PackageExplorer" StartDate="2014-10-28 09:44:49.7 JST" StructureHandle="/SL3/res/values" StructureKind="resource"/><InteractionEvent Delta="null" EndDate="2014-10-28 09:50:37.493 JST" Interest="23.417" Kind="propagation" Navigation="org.eclipse.mylyn.core.model.edges.containment" OriginId="org.eclipse.mylyn.core.model.interest.propagation" StartDate="2014-10-28 09:44:49.925 JST" StructureHandle="/SL3/res/values" StructureKind="resource" NumEvents="31" CreationCount="4"/><InteractionEvent Delta="null" EndDate="2014-10-28 10:19:54.610 JST" Interest="685.204" Kind="propagation" Navigation="org.eclipse.mylyn.core.model.edges.containment" OriginId="org.eclipse.mylyn.core.model.interest.propagation" StartDate="2014-10-28 09:44:38.620 JST" StructureHandle="/" StructureKind="resource" NumEvents="695" CreationCount="1"/><InteractionEvent Delta="null" EndDate="2014-10-28 10:18:22.898 JST" Interest="108.0" Kind="propagation" Navigation="null" OriginId="org.eclipse.jdt.ui.CompilationUnitEditor" StartDate="2014-10-28 09:51:54.366 JST" StructureHandle="/SL3/src/sl3/tasks/Task_Post_Genres.java" StructureKind="resource" NumEvents="108" CreationCount="197"/><InteractionEvent Delta="null" EndDate="2014-10-28 10:04:58.492 JST" Interest="5.0" Kind="selection" Navigation="null" OriginId="org.eclipse.jdt.ui.CompilationUnitEditor" StartDate="2014-10-28 09:54:53.30 JST" StructureHandle="=SL3/src&amp;lt;sl3.utils{CONS.java[CONS[HTTPData[registerChoice" StructureKind="java" NumEvents="5" CreationCount="231"/><InteractionEvent Delta="null" EndDate="2014-10-28 09:56:55.578 JST" Interest="4.8" Kind="propagation" Navigation="org.eclipse.mylyn.core.model.edges.containment" OriginId="org.eclipse.mylyn.core.model.interest.propagation" StartDate="2014-10-28 09:54:49.835 JST" StructureHandle="=SL3/src&amp;lt;sl3.utils{CONS.java[CONS[HTTPData[registerChoice" StructureKind="java" NumEvents="6" CreationCount="231"/><InteractionEvent Delta="null" EndDate="2014-10-28 10:01:42.980 JST" Interest="1.0" Kind="selection" Navigation="null" OriginId="org.eclipse.jdt.ui.CompilationUnitEditor" StartDate="2014-10-28 10:01:42.980 JST" StructureHandle="=SL3/src&amp;lt;sl3.utils{Methods.java[Methods~start_Activity_LogActv~QActivity;~QDialog;" StructureKind="java"/><InteractionEvent Delta="null" EndDate="2014-10-28 09:52:46.850 JST" Interest="1.0" Kind="propagation" Navigation="org.eclipse.mylyn.core.model.edges.containment" OriginId="org.eclipse.mylyn.core.model.interest.propagation" StartDate="2014-10-28 09:52:46.850 JST" StructureHandle="/SL3/bin" StructureKind="resource"/><InteractionEvent Delta="null" EndDate="2014-10-28 09:55:02.381 JST" Interest="7.0" Kind="selection" Navigation="null" OriginId="org.eclipse.jdt.ui.CompilationUnitEditor" StartDate="2014-10-28 09:51:25.726 JST" StructureHandle="=SL3/src&amp;lt;sl3.listeners.dialog{DB_OCL.java[DB_OCL~case_DLG_POST_GENRES_OK" StructureKind="java" NumEvents="7" CreationCount="187"/><InteractionEvent Delta="null" EndDate="2014-10-28 09:55:09.157 JST" Interest="24.0" Kind="edit" Navigation="null" OriginId="org.eclipse.jdt.ui.CompilationUnitEditor" StartDate="2014-10-28 09:51:26.756 JST" StructureHandle="=SL3/src&amp;lt;sl3.listeners.dialog{DB_OCL.java[DB_OCL~case_DLG_POST_GENRES_OK" StructureKind="java" NumEvents="24" CreationCount="187"/><InteractionEvent Delta="null" EndDate="2014-10-28 10:12:53.654 JST" Interest="10.0" Kind="selection" Navigation="null" OriginId="org.eclipse.ui.views.ContentOutline" StartDate="2014-10-28 10:00:08.923 JST" StructureHandle="=SL3/src&amp;lt;sl3.utils{Methods.java[Methods" StructureKind="java" NumEvents="10" CreationCount="391"/><InteractionEvent Delta="null" EndDate="2014-10-28 10:00:24.596 JST" Interest="1.0" Kind="edit" Navigation="null" OriginId="org.eclipse.jdt.ui.CompilationUnitEditor" StartDate="2014-10-28 10:00:24.596 JST" StructureHandle="=SL3/src&amp;lt;sl3.utils{Methods.java[Methods" StructureKind="java"/><InteractionEvent Delta="null" EndDate="2014-10-28 10:12:31.382 JST" Interest="78.721" Kind="propagation" Navigation="org.eclipse.mylyn.core.model.edges.containment" OriginId="org.eclipse.mylyn.core.model.interest.propagation" StartDate="2014-10-28 10:00:16.885 JST" StructureHandle="=SL3/src&amp;lt;sl3.utils{Methods.java[Methods" StructureKind="java" NumEvents="113" CreationCount="391"/><InteractionEvent Delta="null" EndDate="2014-10-28 09:49:55.654 JST" Interest="1.0" Kind="propagation" Navigation="org.eclipse.mylyn.core.model.edges.containment" OriginId="org.eclipse.mylyn.core.model.interest.propagation" StartDate="2014-10-28 09:49:55.654 JST" StructureHandle="=SL3/src&amp;lt;sl3.utils{Tags.java[Tags" StructureKind="java"/><InteractionEvent Delta="null" EndDate="2014-10-28 10:13:47.777 JST" Interest="2.0" Kind="prediction" Navigation="null" OriginId="org.eclipse.mylyn.resources.ui.interest.updater" StartDate="2014-10-28 09:52:46.850 JST" StructureHandle="/SL3/bin/classes.dex" StructureKind="resource" NumEvents="2" CreationCount="214"/><InteractionEvent Delta="null" EndDate="2014-10-28 09:50:23.594 JST" Interest="8.0" Kind="propagation" Navigation="org.eclipse.mylyn.core.model.edges.containment" OriginId="org.eclipse.mylyn.core.model.interest.propagation" StartDate="2014-10-28 09:50:10.363 JST" StructureHandle="=SL3/src&amp;lt;sl3.listeners.dialog{DB_OTL.java[DB_OTL" StructureKind="java" NumEvents="11" CreationCount="141"/><InteractionEvent Delta="null" EndDate="2014-10-28 09:50:10.362 JST" Interest="1.0" Kind="selection" Navigation="null" OriginId="org.eclipse.jdt.ui.CompilationUnitEditor" StartDate="2014-10-28 09:50:10.362 JST" StructureHandle="=SL3/src&amp;lt;sl3.listeners.dialog{DB_OTL.java[DB_OTL~onTouch~QView;~QMotionEvent;" StructureKind="java"/><InteractionEvent Delta="null" EndDate="2014-10-28 09:50:23.594 JST" Interest="10.0" Kind="edit" Navigation="null" OriginId="org.eclipse.jdt.ui.CompilationUnitEditor" StartDate="2014-10-28 09:50:11.531 JST" StructureHandle="=SL3/src&amp;lt;sl3.listeners.dialog{DB_OTL.java[DB_OTL~onTouch~QView;~QMotionEvent;" StructureKind="java" NumEvents="10" CreationCount="141"/><InteractionEvent Delta="null" EndDate="2014-10-28 09:49:55.654 JST" Interest="1.0" Kind="propagation" Navigation="org.eclipse.mylyn.core.model.edges.containment" OriginId="org.eclipse.mylyn.core.model.interest.propagation" StartDate="2014-10-28 09:49:55.654 JST" StructureHandle="=SL3/src&amp;lt;sl3.utils{Tags.java[Tags[DialogTags" StructureKind="java"/><InteractionEvent Delta="null" EndDate="2014-10-28 10:03:53.908 JST" Interest="1.0" Kind="selection" Navigation="null" OriginId="org.eclipse.jdt.ui.CompilationUnitEditor" StartDate="2014-10-28 10:03:53.908 JST" StructureHandle="=SL3/src&amp;lt;sl3.utils{Methods.java[Methods~_GetParam__PH~QActivity;~QPH;" StructureKind="java"/><InteractionEvent Delta="null" EndDate="2014-10-28 09:52:12.189 JST" Interest="2.0" Kind="selection" Navigation="null" OriginId="org.eclipse.jdt.ui.CompilationUnitEditor" StartDate="2014-10-28 09:52:08.102 JST" StructureHandle="=SL3/src&amp;lt;sl3.tasks{Task_Post_Genres.java[Task_Post_Genres~Task_Post_Genres~QActivity;" StructureKind="java" NumEvents="2" CreationCount="202"/><InteractionEvent Delta="null" EndDate="2014-10-28 09:52:13.867 JST" Interest="1.0" Kind="edit" Navigation="null" OriginId="org.eclipse.jdt.ui.CompilationUnitEditor" StartDate="2014-10-28 09:52:13.867 JST" StructureHandle="=SL3/src&amp;lt;sl3.tasks{Task_Post_Genres.java[Task_Post_Genres~Task_Post_Genres~QActivity;" StructureKind="java"/><InteractionEvent Delta="null" EndDate="2014-10-28 09:45:26.347 JST" Interest="1.0" Kind="selection" Navigation="null" OriginId="org.eclipse.jdt.ui.PackageExplorer" StartDate="2014-10-28 09:45:26.347 JST" StructureHandle="/SL3/res/drawable-hdpi" StructureKind="resource"/><InteractionEvent Delta="null" EndDate="2014-10-28 09:56:09.400 JST" Interest="1.0" Kind="selection" Navigation="null" OriginId="org.eclipse.jdt.ui.CompilationUnitEditor" StartDate="2014-10-28 09:56:09.400 JST" StructureHandle="=SL3/src&amp;lt;sl3.utils{DBUtils.java[DBUtils" StructureKind="java"/><InteractionEvent Delta="null" EndDate="2014-10-28 10:12:40.565 JST" Interest="53.251" Kind="propagation" Navigation="org.eclipse.mylyn.core.model.edges.containment" OriginId="org.eclipse.mylyn.core.model.interest.propagation" StartDate="2014-10-28 09:55:58.26 JST" StructureHandle="=SL3/src&amp;lt;sl3.utils{DBUtils.java[DBUtils" StructureKind="java" NumEvents="73" CreationCount="272"/><InteractionEvent Delta="null" EndDate="2014-10-28 09:49:25.109 JST" Interest="5.0" Kind="selection" Navigation="null" OriginId="org.eclipse.jdt.ui.CompilationUnitEditor" StartDate="2014-10-28 09:46:44.307 JST" StructureHandle="=SL3/src&amp;lt;sl3.utils{Methods_dlg.java[Methods_dlg~conf_Post_Stores~QActivity;~QDialog;" StructureKind="java" NumEvents="5" CreationCount="31"/><InteractionEvent Delta="null" EndDate="2014-10-28 09:49:26.151 JST" Interest="5.0" Kind="edit" Navigation="null" OriginId="org.eclipse.jdt.ui.CompilationUnitEditor" StartDate="2014-10-28 09:46:45.532 JST" StructureHandle="=SL3/src&amp;lt;sl3.utils{Methods_dlg.java[Methods_dlg~conf_Post_Stores~QActivity;~QDialog;" StructureKind="java" NumEvents="5" CreationCount="31"/><InteractionEvent Delta="null" EndDate="2014-10-28 10:12:53.654 JST" Interest="234.0" Kind="propagation" Navigation="null" OriginId="org.eclipse.ui.views.ContentOutline" StartDate="2014-10-28 10:00:07.964 JST" StructureHandle="/SL3/src/sl3/utils/Methods.java" StructureKind="resource" NumEvents="234" CreationCount="390"/><InteractionEvent Delta="null" EndDate="2014-10-28 10:12:40.486 JST" Interest="14.0" Kind="selection" Navigation="null" OriginId="org.eclipse.jdt.ui.CompilationUnitEditor" StartDate="2014-10-28 09:55:56.743 JST" StructureHandle="=SL3/src&amp;lt;sl3.utils{DBUtils.java" StructureKind="java" NumEvents="14" CreationCount="271"/><InteractionEvent Delta="null" EndDate="2014-10-28 09:58:47.364 JST" Interest="46.268" Kind="propagation" Navigation="org.eclipse.mylyn.core.model.edges.containment" OriginId="org.eclipse.mylyn.core.model.interest.propagation" StartDate="2014-10-28 09:55:58.27 JST" StructureHandle="=SL3/src&amp;lt;sl3.utils{DBUtils.java" StructureKind="java" NumEvents="68" CreationCount="271"/><InteractionEvent Delta="null" EndDate="2014-10-28 09:56:55.578 JST" Interest="6.0" Kind="selection" Navigation="null" OriginId="org.eclipse.jdt.ui.CompilationUnitEditor" StartDate="2014-10-28 09:54:49.835 JST" StructureHandle="=SL3/src&amp;lt;sl3.utils{CONS.java[CONS[HTTPData[registerChoice^POST_STORES" StructureKind="java" NumEvents="6" CreationCount="231"/><InteractionEvent Delta="null" EndDate="2014-10-28 09:55:30.290 JST" Interest="4.0" Kind="edit" Navigation="null" OriginId="org.eclipse.jdt.ui.CompilationUnitEditor" StartDate="2014-10-28 09:55:13.538 JST" StructureHandle="=SL3/src&amp;lt;sl3.utils{CONS.java[CONS[HTTPData[registerChoice^post_stores" StructureKind="java" NumEvents="4" CreationCount="231"/><InteractionEvent Delta="null" EndDate="2014-10-28 09:50:36.284 JST" Interest="5.0" Kind="selection" Navigation="null" OriginId="org.eclipse.jdt.ui.CompilationUnitEditor" StartDate="2014-10-28 09:49:33.320 JST" StructureHandle="=SL3/src&amp;lt;sl3.utils{Methods_dlg.java[Methods_dlg~conf_Post_Genres~QActivity;~QDialog;" StructureKind="java" NumEvents="5" CreationCount="114"/><InteractionEvent Delta="null" EndDate="2014-10-28 09:50:48.667 JST" Interest="19.0" Kind="edit" Navigation="null" OriginId="org.eclipse.jdt.ui.CompilationUnitEditor" StartDate="2014-10-28 09:49:36.440 JST" StructureHandle="=SL3/src&amp;lt;sl3.utils{Methods_dlg.java[Methods_dlg~conf_Post_Genres~QActivity;~QDialog;" StructureKind="java" NumEvents="19" CreationCount="114"/><InteractionEvent Delta="null" EndDate="2014-10-28 09:52:11.732 JST" Interest="1.0" Kind="selection" Navigation="null" OriginId="org.eclipse.jdt.ui.CompilationUnitEditor" StartDate="2014-10-28 09:52:11.732 JST" StructureHandle="=SL3/src&amp;lt;sl3.items{Genre.java[Genre^posted_at" StructureKind="java"/><InteractionEvent Delta="null" EndDate="2014-10-28 09:49:24.437 JST" Interest="3.0" Kind="selection" Navigation="null" OriginId="org.eclipse.jdt.ui.CompilationUnitEditor" StartDate="2014-10-28 09:48:13.392 JST" StructureHandle="=SL3/src&amp;lt;sl3.utils{Methods_dlg.java[Methods_dlg~dlg_OptMenu_DB~QActivity;" StructureKind="java" NumEvents="3" CreationCount="70"/><InteractionEvent Delta="null" EndDate="2014-10-28 09:49:09.326 JST" Interest="9.0" Kind="edit" Navigation="null" OriginId="org.eclipse.jdt.ui.CompilationUnitEditor" StartDate="2014-10-28 09:48:32.648 JST" StructureHandle="=SL3/src&amp;lt;sl3.utils{Methods_dlg.java[Methods_dlg~dlg_OptMenu_DB~QActivity;" StructureKind="java" NumEvents="9" CreationCount="70"/><InteractionEvent Delta="null" EndDate="2014-10-28 09:55:58.26 JST" Interest="1.0" Kind="selection" Navigation="null" OriginId="org.eclipse.jdt.ui.CompilationUnitEditor" StartDate="2014-10-28 09:55:58.26 JST" StructureHandle="=SL3/src&amp;lt;sl3.utils{DBUtils.java[DBUtils~find_ALL_Stores__Unposted~QActivity;" StructureKind="java"/><InteractionEvent Delta="null" EndDate="2014-10-28 09:56:07.73 JST" Interest="1.0" Kind="edit" Navigation="null" OriginId="org.eclipse.jdt.ui.CompilationUnitEditor" StartDate="2014-10-28 09:56:07.73 JST" StructureHandle="=SL3/src&amp;lt;sl3.utils{DBUtils.java[DBUtils~find_ALL_Stores__Unposted~QActivity;" StructureKind="java"/><InteractionEvent Delta="null" EndDate="2014-10-28 09:44:38.620 JST" Interest="1.0" Kind="propagation" Navigation="null" OriginId="org.eclipse.ui.views.ResourceNavigator" StartDate="2014-10-28 09:44:38.620 JST" StructureHandle="/LM1" StructureKind="resource"/><InteractionEvent Delta="null" EndDate="2014-10-28 10:13:11.34 JST" Interest="2.0" Kind="selection" Navigation="null" OriginId="org.eclipse.ui.views.ContentOutline" StartDate="2014-10-28 10:12:57.13 JST" StructureHandle="=SL3/src&amp;lt;sl3.tasks{Task_Post_Genres.java[Task_Post_Genres~_doInBackground__1_getJSONBody~QSI;" StructureKind="java" NumEvents="2" CreationCount="696"/><InteractionEvent Delta="null" EndDate="2014-10-28 10:13:04.580 JST" Interest="5.0" Kind="edit" Navigation="null" OriginId="org.eclipse.jdt.ui.CompilationUnitEditor" StartDate="2014-10-28 10:13:00.5 JST" StructureHandle="=SL3/src&amp;lt;sl3.tasks{Task_Post_Genres.java[Task_Post_Genres~_doInBackground__1_getJSONBody~QSI;" StructureKind="java" NumEvents="5" CreationCount="696"/><InteractionEvent Delta="null" EndDate="2014-10-28 10:19:54.611 JST" Interest="114.0" Kind="propagation" Navigation="org.eclipse.mylyn.core.model.edges.containment" OriginId="org.eclipse.mylyn.core.model.interest.propagation" StartDate="2014-10-28 09:46:22.174 JST" StructureHandle="/SL3/src/sl3/listeners" StructureKind="resource" NumEvents="114" CreationCount="22"/><InteractionEvent Delta="null" EndDate="2014-10-28 09:44:38.620 JST" Interest="1.0" Kind="selection" Navigation="null" OriginId="org.eclipse.ui.views.ResourceNavigator" StartDate="2014-10-28 09:44:38.620 JST" StructureHandle="=LM1" StructureKind="java"/><InteractionEvent Delta="null" EndDate="2014-10-28 09:47:29.809 JST" Interest="1.0" Kind="selection" Navigation="null" OriginId="org.eclipse.jdt.ui.CompilationUnitEditor" StartDate="2014-10-28 09:47:29.809 JST" StructureHandle="=SL3/src&amp;lt;sl3.listeners.dialog{DB_OCL.java[DB_OCL~DB_OCL~QActivity;~QDialog;~QDialog;~QDialog;~QPS;" StructureKind="java"/><InteractionEvent Delta="null" EndDate="2014-10-28 09:52:07.422 JST" Interest="2.0" Kind="selection" Navigation="null" OriginId="org.eclipse.jdt.ui.CompilationUnitEditor" StartDate="2014-10-28 09:52:01.919 JST" StructureHandle="=SL3/src&amp;lt;sl3.tasks{Task_Post_Genres.java[Task_Post_Genres^instanceParam" StructureKind="java" NumEvents="2" CreationCount="199"/><InteractionEvent Delta="null" EndDate="2014-10-28 10:12:53.655 JST" Interest="459.017" Kind="propagation" Navigation="org.eclipse.mylyn.core.model.edges.containment" OriginId="org.eclipse.mylyn.core.model.interest.propagation" StartDate="2014-10-28 09:45:29.226 JST" StructureHandle="/SL3/src/sl3" StructureKind="resource" NumEvents="468" CreationCount="12"/><InteractionEvent Delta="null" EndDate="2014-10-28 10:12:35.828 JST" Interest="3.0" Kind="selection" Navigation="null" OriginId="org.eclipse.jdt.ui.CompilationUnitEditor" StartDate="2014-10-28 10:07:28.192 JST" StructureHandle="=SL3/src&amp;lt;sl3.utils{Methods.java[Methods~_update_Genre__PostedAt~QActivity;~QGenre;" StructureKind="java" NumEvents="3" CreationCount="604"/><InteractionEvent Delta="null" EndDate="2014-10-28 10:12:36.572 JST" Interest="27.0" Kind="edit" Navigation="null" OriginId="org.eclipse.jdt.ui.CompilationUnitEditor" StartDate="2014-10-28 10:07:30.695 JST" StructureHandle="=SL3/src&amp;lt;sl3.utils{Methods.java[Methods~_update_Genre__PostedAt~QActivity;~QGenre;" StructureKind="java" NumEvents="27" CreationCount="604"/><InteractionEvent Delta="null" EndDate="2014-10-28 10:01:18.202 JST" Interest="1.0" Kind="selection" Navigation="null" OriginId="org.eclipse.jdt.ui.CompilationUnitEditor" StartDate="2014-10-28 10:01:18.202 JST" StructureHandle="=SL3/src&amp;lt;sl3.utils{Methods.java[Methods~_GetParam__Store~QActivity;~QStore;" StructureKind="java"/><InteractionEvent Delta="null" EndDate="2014-10-28 10:12:40.565 JST" Interest="8.0" Kind="selection" Navigation="null" OriginId="org.eclipse.jdt.ui.CompilationUnitEditor" StartDate="2014-10-28 09:56:14.18 JST" StructureHandle="=SL3/src&amp;lt;sl3.utils{DBUtils.java[DBUtils~find_ALL_Genres__Unposted~QActivity;" StructureKind="java" NumEvents="8" CreationCount="275"/><InteractionEvent Delta="null" EndDate="2014-10-28 09:58:47.363 JST" Interest="66.0" Kind="edit" Navigation="null" OriginId="org.eclipse.jdt.ui.CompilationUnitEditor" StartDate="2014-10-28 09:56:17.600 JST" StructureHandle="=SL3/src&amp;lt;sl3.utils{DBUtils.java[DBUtils~find_ALL_Genres__Unposted~QActivity;" StructureKind="java" NumEvents="66" CreationCount="275"/><InteractionEvent Delta="null" EndDate="2014-10-28 10:07:20.195 JST" Interest="3.0" Kind="selection" Navigation="null" OriginId="org.eclipse.jdt.ui.CompilationUnitEditor" StartDate="2014-10-28 10:02:56.578 JST" StructureHandle="=SL3/src&amp;lt;sl3.utils{Methods.java[Methods~_update_Store__PostedAt~QActivity;~QStore;" StructureKind="java" NumEvents="3" CreationCount="491"/><InteractionEvent Delta="null" EndDate="2014-10-28 10:07:20.193 JST" Interest="0.8360001" Kind="manipulation" Navigation="null" OriginId="org.eclipse.mylyn.core.model.interest.decay.correction" StartDate="2014-10-28 10:07:20.193 JST" StructureHandle="=SL3/src&amp;lt;sl3.utils{Methods.java[Methods~_update_Store__PostedAt~QActivity;~QStore;" StructureKind="java"/><InteractionEvent Delta="null" EndDate="2014-10-28 10:07:22.344 JST" Interest="1.0" Kind="edit" Navigation="null" OriginId="org.eclipse.jdt.ui.CompilationUnitEditor" StartDate="2014-10-28 10:07:22.344 JST" StructureHandle="=SL3/src&amp;lt;sl3.utils{Methods.java[Methods~_update_Store__PostedAt~QActivity;~QStore;" StructureKind="java"/><InteractionEvent Delta="null" EndDate="2014-10-28 10:19:54.610 JST" Interest="15.0" Kind="propagation" Navigation="null" OriginId="org.eclipse.mylyn.resources.ui.interest.updater" StartDate="2014-10-28 09:50:02.857 JST" StructureHandle="/SL3/src/sl3/listeners/dialog/DB_OTL.java" StructureKind="resource" NumEvents="15" CreationCount="130"/><InteractionEvent Delta="null" EndDate="2014-10-28 10:18:22.898 JST" Interest="108.0" Kind="propagation" Navigation="org.eclipse.mylyn.core.model.edges.containment" OriginId="org.eclipse.mylyn.core.model.interest.propagation" StartDate="2014-10-28 09:51:54.366 JST" StructureHandle="/SL3/src/sl3/tasks" StructureKind="resource" NumEvents="108" CreationCount="197"/><InteractionEvent Delta="null" EndDate="2014-10-28 10:08:20.570 JST" Interest="6.0" Kind="selection" Navigation="null" OriginId="org.eclipse.jdt.ui.CompilationUnitEditor" StartDate="2014-10-28 09:57:03.623 JST" StructureHandle="=SL3/src&amp;lt;sl3.utils{CONS.java[CONS[DB^col_Names_Genre_full" StructureKind="java" NumEvents="6" CreationCount="296"/><InteractionEvent Delta="null" EndDate="2014-10-28 09:57:08.351 JST" Interest="4.0" Kind="edit" Navigation="null" OriginId="org.eclipse.jdt.ui.CompilationUnitEditor" StartDate="2014-10-28 09:57:04.233 JST" StructureHandle="=SL3/src&amp;lt;sl3.utils{CONS.java[CONS[DB^col_Names_Genre_full" StructureKind="java" NumEvents="4" CreationCount="296"/><InteractionEvent Delta="null" EndDate="2014-10-28 10:05:37.878 JST" Interest="2.0" Kind="selection" Navigation="null" OriginId="org.eclipse.jdt.ui.CompilationUnitEditor" StartDate="2014-10-28 10:05:12.113 JST" StructureHandle="=SL3/src&amp;lt;sl3.utils{CONS.java[CONS[HTTPData^passwdSL_Genre" StructureKind="java" NumEvents="2" CreationCount="539"/><InteractionEvent Delta="null" EndDate="2014-10-28 10:05:13.745 JST" Interest="1.0" Kind="edit" Navigation="null" OriginId="org.eclipse.jdt.ui.CompilationUnitEditor" StartDate="2014-10-28 10:05:13.745 JST" StructureHandle="=SL3/src&amp;lt;sl3.utils{CONS.java[CONS[HTTPData^passwdSL_Genre" StructureKind="java"/><InteractionEvent Delta="null" EndDate="2014-10-28 10:13:11.36 JST" Interest="1.0" Kind="selection" Navigation="null" OriginId="org.eclipse.ui.views.ContentOutline" StartDate="2014-10-28 10:13:11.36 JST" StructureHandle="=SL3/src&amp;lt;sl3.tasks{Task_Post_Genres.java[Task_Post_Genres~_doInBackground__getJSONBody_PurHistory_BuildItemIds" StructureKind="java"/><InteractionEvent Delta="null" EndDate="2014-10-28 09:50:37.306 JST" Interest="9.0" Kind="selection" Navigation="null" OriginId="com.android.ide.eclipse.editors.CommonXmlEditor" StartDate="2014-10-28 09:44:49.924 JST" StructureHandle="/SL3/res/values/strings.xml" StructureKind="resource" NumEvents="9" CreationCount="5"/><InteractionEvent Delta="null" EndDate="2014-10-28 09:50:37.492 JST" Interest="22.0" Kind="edit" Navigation="null" OriginId="com.android.ide.eclipse.editors.CommonXmlEditor" StartDate="2014-10-28 09:44:52.948 JST" StructureHandle="/SL3/res/values/strings.xml" StructureKind="resource" NumEvents="22" CreationCount="5"/><InteractionEvent Delta="null" EndDate="2014-10-28 10:12:53.655 JST" Interest="459.017" Kind="propagation" Navigation="null" OriginId="org.eclipse.ui.views.ContentOutline" StartDate="2014-10-28 09:45:29.226 JST" StructureHandle="/SL3/src/sl3/utils" StructureKind="resource" NumEvents="460" CreationCount="12"/><InteractionEvent Delta="null" EndDate="2014-10-28 09:46:13.510 JST" Interest="1.0" Kind="selection" Navigation="null" OriginId="org.eclipse.ui.views.ContentOutline" StartDate="2014-10-28 09:46:13.510 JST" StructureHandle="=SL3/src&amp;lt;sl3.utils{Methods_dlg.java%sl3.utils" StructureKind="java"/><InteractionEvent Delta="null" EndDate="2014-10-28 10:04:59.739 JST" Interest="2.0" Kind="selection" Navigation="null" OriginId="org.eclipse.jdt.ui.CompilationUnitEditor" StartDate="2014-10-28 10:04:47.494 JST" StructureHandle="=SL3/src&amp;lt;sl3.utils{CONS.java[CONS[HTTPData" StructureKind="java" NumEvents="2" CreationCount="231"/><InteractionEvent Delta="null" EndDate="2014-10-28 10:05:06.228 JST" Interest="5.0" Kind="edit" Navigation="null" OriginId="org.eclipse.jdt.ui.CompilationUnitEditor" StartDate="2014-10-28 10:04:49.696 JST" StructureHandle="=SL3/src&amp;lt;sl3.utils{CONS.java[CONS[HTTPData" StructureKind="java" NumEvents="5" CreationCount="231"/><InteractionEvent Delta="null" EndDate="2014-10-28 09:56:55.578 JST" Interest="8.8" Kind="propagation" Navigation="org.eclipse.mylyn.core.model.edges.containment" OriginId="org.eclipse.mylyn.core.model.interest.propagation" StartDate="2014-10-28 09:54:49.836 JST" StructureHandle="=SL3/src&amp;lt;sl3.utils{CONS.java[CONS[HTTPData" StructureKind="java" NumEvents="11" CreationCount="231"/><InteractionEvent Delta="null" EndDate="2014-10-28 10:05:12.113 JST" Interest="14.3" Kind="propagation" Navigation="org.eclipse.mylyn.core.model.edges.containment" OriginId="org.eclipse.mylyn.core.model.interest.propagation" StartDate="2014-10-28 09:54:49.837 JST" StructureHandle="=SL3/src&amp;lt;sl3.utils{CONS.java[CONS" StructureKind="java" NumEvents="19" CreationCount="231"/><InteractionEvent Delta="null" EndDate="2014-10-28 10:03:32.103 JST" Interest="5.0" Kind="selection" Navigation="null" OriginId="org.eclipse.jdt.ui.CompilationUnitEditor" StartDate="2014-10-28 10:01:24.821 JST" StructureHandle="=SL3/src&amp;lt;sl3.utils{Methods.java[Methods~_GetParam__Genre~QActivity;~QGenre;" StructureKind="java" NumEvents="5" CreationCount="440"/><InteractionEvent Delta="null" EndDate="2014-10-28 10:03:52.897 JST" Interest="28.0" Kind="edit" Navigation="null" OriginId="org.eclipse.jdt.ui.CompilationUnitEditor" StartDate="2014-10-28 10:01:27.192 JST" StructureHandle="=SL3/src&amp;lt;sl3.utils{Methods.java[Methods~_GetParam__Genre~QActivity;~QGenre;" StructureKind="java" NumEvents="28" CreationCount="440"/><InteractionEvent Delta="null" EndDate="2014-10-28 10:19:54.610 JST" Interest="1.0" Kind="prediction" Navigation="null" OriginId="org.eclipse.mylyn.resources.ui.interest.updater" StartDate="2014-10-28 10:19:54.610 JST" StructureHandle="=SL3/src&amp;lt;sl3.utils{Tags.java" StructureKind="java"/><InteractionEvent Delta="null" EndDate="2014-10-28 09:49:54.534 JST" Interest="1.0" Kind="selection" Navigation="null" OriginId="org.eclipse.jdt.ui.CompilationUnitEditor" StartDate="2014-10-28 09:49:54.534 JST" StructureHandle="=SL3/src&amp;lt;sl3.utils{Tags.java" StructureKind="java"/><InteractionEvent Delta="null" EndDate="2014-10-28 09:49:55.655 JST" Interest="0.01700002" Kind="propagation" Navigation="org.eclipse.mylyn.core.model.edges.containment" OriginId="org.eclipse.mylyn.core.model.interest.propagation" StartDate="2014-10-28 09:49:55.655 JST" StructureHandle="=SL3/src&amp;lt;sl3.utils{Tags.java" StructureKind="java"/><InteractionEvent Delta="null" EndDate="2014-10-28 10:04:57.633 JST" Interest="1.0" Kind="selection" Navigation="null" OriginId="org.eclipse.jdt.ui.CompilationUnitEditor" StartDate="2014-10-28 10:04:57.633 JST" StructureHandle="=SL3/src&amp;lt;sl3.utils{CONS.java[CONS[HTTPData^Keys_PurHistory" StructureKind="java"/><InteractionEvent Delta="null" EndDate="2014-10-28 10:19:54.610 JST" Interest="1.0" Kind="prediction" Navigation="null" OriginId="org.eclipse.mylyn.resources.ui.interest.updater" StartDate="2014-10-28 10:19:54.610 JST" StructureHandle="=SL3/src&amp;lt;sl3.listeners.dialog{DB_OTL.java" StructureKind="java"/><InteractionEvent Delta="null" EndDate="2014-10-28 09:51:42.409 JST" Interest="3.0" Kind="selection" Navigation="null" OriginId="org.eclipse.jdt.ui.PackageExplorer" StartDate="2014-10-28 09:50:02.857 JST" StructureHandle="=SL3/src&amp;lt;sl3.listeners.dialog{DB_OTL.java" StructureKind="java" NumEvents="3" CreationCount="130"/><InteractionEvent Delta="null" EndDate="2014-10-28 09:50:23.595 JST" Interest="6.187" Kind="propagation" Navigation="org.eclipse.mylyn.core.model.edges.containment" OriginId="org.eclipse.mylyn.core.model.interest.propagation" StartDate="2014-10-28 09:50:12.858 JST" StructureHandle="=SL3/src&amp;lt;sl3.listeners.dialog{DB_OTL.java" StructureKind="java" NumEvents="9" CreationCount="130"/><InteractionEvent Delta="null" EndDate="2014-10-28 10:12:44.54 JST" Interest="15.0" Kind="selection" Navigation="null" OriginId="org.eclipse.jdt.ui.CompilationUnitEditor" StartDate="2014-10-28 09:51:57.861 JST" StructureHandle="=SL3/src&amp;lt;sl3.tasks{Task_Post_Genres.java" StructureKind="java" NumEvents="15" CreationCount="197"/><InteractionEvent Delta="null" EndDate="2014-10-28 10:18:22.898 JST" Interest="27.404001" Kind="propagation" Navigation="org.eclipse.mylyn.core.model.edges.containment" OriginId="org.eclipse.mylyn.core.model.interest.propagation" StartDate="2014-10-28 09:51:54.366 JST" StructureHandle="=SL3/src&amp;lt;sl3.tasks{Task_Post_Genres.java" StructureKind="java" NumEvents="40" CreationCount="197"/><InteractionEvent Delta="null" EndDate="2014-10-28 10:04:54.873 JST" Interest="1.0" Kind="selection" Navigation="null" OriginId="org.eclipse.jdt.ui.CompilationUnitEditor" StartDate="2014-10-28 10:04:54.873 JST" StructureHandle="=SL3/src&amp;lt;sl3.utils{CONS.java[CONS[HTTPData^passwdSL_Store" StructureKind="java"/><InteractionEvent Delta="null" EndDate="2014-10-28 10:19:51.383 JST" Interest="9.806001" Kind="propagation" Navigation="org.eclipse.mylyn.core.model.edges.containment" OriginId="org.eclipse.mylyn.core.model.interest.propagation" StartDate="2014-10-28 09:52:08.787 JST" StructureHandle="/SL3/src/sl3/items" StructureKind="resource" NumEvents="5" CreationCount="203"/><InteractionEvent Delta="null" EndDate="2014-10-28 09:50:49.527 JST" Interest="11.0" Kind="selection" Navigation="null" OriginId="org.eclipse.jdt.ui.CompilationUnitEditor" StartDate="2014-10-28 09:46:22.174 JST" StructureHandle="=SL3/src&amp;lt;sl3.listeners.dialog{DOI_CL.java" StructureKind="java" NumEvents="11" CreationCount="22"/><InteractionEvent Delta="null" EndDate="2014-10-28 09:49:15.859 JST" Interest="2.6679997" Kind="propagation" Navigation="org.eclipse.mylyn.core.model.edges.containment" OriginId="org.eclipse.mylyn.core.model.interest.propagation" StartDate="2014-10-28 09:46:30.402 JST" StructureHandle="=SL3/src&amp;lt;sl3.listeners.dialog{DOI_CL.java" StructureKind="java" NumEvents="5" CreationCount="22"/><InteractionEvent Delta="null" EndDate="2014-10-28 10:04:42.3 JST" Interest="1.0" Kind="selection" Navigation="null" OriginId="org.eclipse.jdt.ui.CompilationUnitEditor" StartDate="2014-10-28 10:04:42.3 JST" StructureHandle="=SL3/src&amp;lt;sl3.utils{CONS.java[CONS[HTTPData^UrlPost_Store" StructureKind="java"/><InteractionEvent Delta="null" EndDate="2014-10-28 10:04:44.858 JST" Interest="2.0" Kind="edit" Navigation="null" OriginId="org.eclipse.jdt.ui.CompilationUnitEditor" StartDate="2014-10-28 10:04:43.305 JST" StructureHandle="=SL3/src&amp;lt;sl3.utils{CONS.java[CONS[HTTPData^UrlPost_Store" StructureKind="java" NumEvents="2" CreationCount="524"/><InteractionEvent Delta="null" EndDate="2014-10-28 09:49:55.654 JST" Interest="1.0" Kind="selection" Navigation="null" OriginId="org.eclipse.jdt.ui.CompilationUnitEditor" StartDate="2014-10-28 09:49:55.654 JST" StructureHandle="=SL3/src&amp;lt;sl3.utils{Tags.java[Tags[DialogTags^DLG_POST_GENRES_OK" StructureKind="java"/><InteractionEvent Delta="null" EndDate="2014-10-28 10:12:40.565 JST" Interest="92.0" Kind="propagation" Navigation="null" OriginId="org.eclipse.jdt.ui.CompilationUnitEditor" StartDate="2014-10-28 09:55:56.744 JST" StructureHandle="/SL3/src/sl3/utils/DBUtils.java" StructureKind="resource" NumEvents="92" CreationCount="271"/><InteractionEvent Delta="null" EndDate="2014-10-28 10:08:18.549 JST" Interest="9.0" Kind="selection" Navigation="null" OriginId="org.eclipse.jdt.ui.CompilationUnitEditor" StartDate="2014-10-28 09:54:49.103 JST" StructureHandle="=SL3/src&amp;lt;sl3.utils{CONS.java" StructureKind="java" NumEvents="9" CreationCount="230"/><InteractionEvent Delta="null" EndDate="2014-10-28 10:05:12.114 JST" Interest="6.317001" Kind="propagation" Navigation="org.eclipse.mylyn.core.model.edges.containment" OriginId="org.eclipse.mylyn.core.model.interest.propagation" StartDate="2014-10-28 09:54:49.837 JST" StructureHandle="=SL3/src&amp;lt;sl3.utils{CONS.java" StructureKind="java" NumEvents="11" CreationCount="230"/><InteractionEvent Delta="null" EndDate="2014-10-28 09:50:49.754 JST" Interest="8.0" Kind="selection" Navigation="null" OriginId="org.eclipse.jdt.ui.CompilationUnitEditor" StartDate="2014-10-28 09:46:27.225 JST" StructureHandle="=SL3/src&amp;lt;sl3.listeners.dialog{DOI_CL.java[DOI_CL~case_ACTV_TAB_OPT_DB~QListItem;" StructureKind="java" NumEvents="8" CreationCount="26"/><InteractionEvent Delta="null" EndDate="2014-10-28 09:49:15.858 JST" Interest="8.0" Kind="edit" Navigation="null" OriginId="org.eclipse.jdt.ui.CompilationUnitEditor" StartDate="2014-10-28 09:46:29.292 JST" StructureHandle="=SL3/src&amp;lt;sl3.listeners.dialog{DOI_CL.java[DOI_CL~case_ACTV_TAB_OPT_DB~QListItem;" StructureKind="java" NumEvents="8" CreationCount="26"/><InteractionEvent Delta="null" EndDate="2014-10-28 09:45:48.11 JST" Interest="1.0" Kind="selection" Navigation="null" OriginId="org.eclipse.jdt.ui.CompilationUnitEditor" StartDate="2014-10-28 09:45:48.11 JST" StructureHandle="=SL3/src&amp;lt;sl3.utils{Methods_dlg.java[Methods_dlg~dlg_db_activity~QActivity;" StructureKind="java"/><InteractionEvent Delta="null" EndDate="2014-10-28 09:45:55.566 JST" Interest="1.0" Kind="edit" Navigation="null" OriginId="org.eclipse.jdt.ui.CompilationUnitEditor" StartDate="2014-10-28 09:45:55.566 JST" StructureHandle="=SL3/src&amp;lt;sl3.utils{Methods_dlg.java[Methods_dlg~dlg_db_activity~QActivity;" StructureKind="java"/><InteractionEvent Delta="null" EndDate="2014-10-28 09:50:53.825 JST" Interest="2.0" Kind="selection" Navigation="null" OriginId="org.eclipse.jdt.ui.CompilationUnitEditor" StartDate="2014-10-28 09:47:30.932 JST" StructureHandle="=SL3/src&amp;lt;sl3.listeners.dialog{DB_OCL.java[DB_OCL" StructureKind="java" NumEvents="2" CreationCount="47"/><InteractionEvent Delta="null" EndDate="2014-10-28 09:50:55.960 JST" Interest="1.0" Kind="edit" Navigation="null" OriginId="org.eclipse.jdt.ui.CompilationUnitEditor" StartDate="2014-10-28 09:50:55.960 JST" StructureHandle="=SL3/src&amp;lt;sl3.listeners.dialog{DB_OCL.java[DB_OCL" StructureKind="java"/><InteractionEvent Delta="null" EndDate="2014-10-28 09:55:09.157 JST" Interest="23.48" Kind="propagation" Navigation="org.eclipse.mylyn.core.model.edges.containment" OriginId="org.eclipse.mylyn.core.model.interest.propagation" StartDate="2014-10-28 09:47:29.809 JST" StructureHandle="=SL3/src&amp;lt;sl3.listeners.dialog{DB_OCL.java[DB_OCL" StructureKind="java" NumEvents="33" CreationCount="47"/><InteractionEvent Delta="null" EndDate="2014-10-28 09:52:11.732 JST" Interest="1.0" Kind="propagation" Navigation="org.eclipse.mylyn.core.model.edges.containment" OriginId="org.eclipse.mylyn.core.model.interest.propagation" StartDate="2014-10-28 09:52:11.732 JST" StructureHandle="=SL3/src&amp;lt;sl3.items{Genre.java[Genre" StructureKind="java"/><InteractionEvent Delta="null" EndDate="2014-10-28 09:45:29.225 JST" Interest="1.0" Kind="selection" Navigation="null" OriginId="org.eclipse.jdt.ui.PackageExplorer" StartDate="2014-10-28 09:45:29.225 JST" StructureHandle="=SL3/src&amp;lt;sl3.utils" StructureKind="java"/><InteractionEvent Delta="null" EndDate="2014-10-28 10:12:53.655 JST" Interest="94.864" Kind="propagation" Navigation="org.eclipse.mylyn.core.model.edges.containment" OriginId="org.eclipse.mylyn.core.model.interest.propagation" StartDate="2014-10-28 09:45:37.984 JST" StructureHandle="=SL3/src&amp;lt;sl3.utils" StructureKind="java" NumEvents="135" CreationCount="12"/><InteractionEvent Delta="null" EndDate="2014-10-28 10:08:18.778 JST" Interest="4.0" Kind="selection" Navigation="null" OriginId="org.eclipse.jdt.ui.CompilationUnitEditor" StartDate="2014-10-28 10:05:10.805 JST" StructureHandle="=SL3/src&amp;lt;sl3.utils{CONS.java[CONS[HTTPData^UrlPost_Genre" StructureKind="java" NumEvents="4" CreationCount="538"/><InteractionEvent Delta="null" EndDate="2014-10-28 10:05:33.26 JST" Interest="1.0" Kind="edit" Navigation="null" OriginId="org.eclipse.jdt.ui.CompilationUnitEditor" StartDate="2014-10-28 10:05:33.26 JST" StructureHandle="=SL3/src&amp;lt;sl3.utils{CONS.java[CONS[HTTPData^UrlPost_Genre" StructureKind="java"/><InteractionEvent Delta="null" EndDate="2014-10-28 10:12:30.130 JST" Interest="13.0" Kind="selection" Navigation="null" OriginId="org.eclipse.jdt.ui.CompilationUnitEditor" StartDate="2014-10-28 10:00:27.693 JST" StructureHandle="=SL3/src&amp;lt;sl3.utils{Methods.java[Methods~post_Genre_to_Remote~QActivity;~QGenre;" StructureKind="java" NumEvents="13" CreationCount="404"/><InteractionEvent Delta="null" EndDate="2014-10-28 10:12:31.381 JST" Interest="106.0" Kind="edit" Navigation="null" OriginId="org.eclipse.jdt.ui.CompilationUnitEditor" StartDate="2014-10-28 10:00:28.988 JST" StructureHandle="=SL3/src&amp;lt;sl3.utils{Methods.java[Methods~post_Genre_to_Remote~QActivity;~QGenre;" StructureKind="java" NumEvents="106" CreationCount="404"/><InteractionEvent Delta="null" EndDate="2014-10-28 09:51:20.394 JST" Interest="5.0" Kind="selection" Navigation="null" OriginId="org.eclipse.jdt.ui.CompilationUnitEditor" StartDate="2014-10-28 09:47:57.481 JST" StructureHandle="=SL3/src&amp;lt;sl3.listeners.dialog{DB_OCL.java[DB_OCL~case_DLG_POST_STORES_OK" StructureKind="java" NumEvents="5" CreationCount="62"/><InteractionEvent Delta="null" EndDate="2014-10-28 09:51:21.45 JST" Interest="2.0" Kind="edit" Navigation="null" OriginId="org.eclipse.jdt.ui.CompilationUnitEditor" StartDate="2014-10-28 09:47:59.23 JST" StructureHandle="=SL3/src&amp;lt;sl3.listeners.dialog{DB_OCL.java[DB_OCL~case_DLG_POST_STORES_OK" StructureKind="java" NumEvents="2" CreationCount="62"/><InteractionEvent Delta="null" EndDate="2014-10-28 10:19:51.383 JST" Interest="1.0" Kind="propagation" Navigation="null" OriginId="org.eclipse.jdt.ui.PackageExplorer" StartDate="2014-10-28 10:19:51.383 JST" StructureHandle="/SL3/src/sl3/items/LogItem.java" StructureKind="resource"/><InteractionEvent Delta="null" EndDate="2014-10-28 10:13:21.707 JST" Interest="2.0" Kind="selection" Navigation="null" OriginId="org.eclipse.jdt.ui.CompilationUnitEditor" StartDate="2014-10-28 10:13:21.705 JST" StructureHandle="=SL3/src&amp;lt;sl3.tasks{Task_Post_Genres.java[Task_Post_Genres~onCancelled" StructureKind="java" NumEvents="2" CreationCount="709"/><InteractionEvent Delta="null" EndDate="2014-10-28 09:50:48.667 JST" Interest="69.0" Kind="propagation" Navigation="null" OriginId="org.eclipse.jdt.ui.CompilationUnitEditor" StartDate="2014-10-28 09:45:37.983 JST" StructureHandle="/SL3/src/sl3/utils/Methods_dlg.java" StructureKind="resource" NumEvents="69" CreationCount="13"/><InteractionEvent Delta="null" EndDate="2014-10-28 09:50:39.58 JST" Interest="16.0" Kind="selection" Navigation="null" OriginId="org.eclipse.jdt.ui.CompilationUnitEditor" StartDate="2014-10-28 09:45:37.983 JST" StructureHandle="=SL3/src&amp;lt;sl3.utils{Methods_dlg.java" StructureKind="java" NumEvents="16" CreationCount="13"/><InteractionEvent Delta="null" EndDate="2014-10-28 09:50:48.668 JST" Interest="4.017" Kind="propagation" Navigation="org.eclipse.mylyn.core.model.edges.containment" OriginId="org.eclipse.mylyn.core.model.interest.propagation" StartDate="2014-10-28 09:45:48.13 JST" StructureHandle="=SL3/src&amp;lt;sl3.utils{Methods_dlg.java" StructureKind="java" NumEvents="8" CreationCount="13"/><InteractionEvent Delta="null" EndDate="2014-10-28 09:53:35.850 JST" Interest="2.0" Kind="selection" Navigation="null" OriginId="org.eclipse.jdt.ui.PackageExplorer" StartDate="2014-10-28 09:52:09.162 JST" StructureHandle="=SL3/src&amp;lt;sl3.items{Genre.java" StructureKind="java" NumEvents="2" CreationCount="204"/><InteractionEvent Delta="null" EndDate="2014-10-28 09:52:11.733 JST" Interest="0.01700002" Kind="propagation" Navigation="org.eclipse.mylyn.core.model.edges.containment" OriginId="org.eclipse.mylyn.core.model.interest.propagation" StartDate="2014-10-28 09:52:11.733 JST" StructureHandle="=SL3/src&amp;lt;sl3.items{Genre.java" StructureKind="java"/><InteractionEvent Delta="null" EndDate="2014-10-28 10:19:54.611 JST" Interest="114.0" Kind="propagation" Navigation="null" OriginId="org.eclipse.mylyn.resources.ui.interest.updater" StartDate="2014-10-28 09:46:22.174 JST" StructureHandle="/SL3/src/sl3/listeners/dialog" StructureKind="resource" NumEvents="114" CreationCount="22"/><InteractionEvent Delta="null" EndDate="2014-10-28 09:44:46.656 JST" Interest="1.0" Kind="selection" Navigation="null" OriginId="org.eclipse.jdt.ui.PackageExplorer" StartDate="2014-10-28 09:44:46.656 JST" StructureHandle="/SL3/res" StructureKind="resource"/><InteractionEvent Delta="null" EndDate="2014-10-28 09:50:37.493 JST" Interest="23.433998" Kind="propagation" Navigation="org.eclipse.mylyn.core.model.edges.containment" OriginId="org.eclipse.mylyn.core.model.interest.propagation" StartDate="2014-10-28 09:44:49.7 JST" StructureHandle="/SL3/res" StructureKind="resource" NumEvents="32" CreationCount="3"/><InteractionEvent Delta="null" EndDate="2014-10-28 10:07:18.533 JST" Interest="4.0" Kind="selection" Navigation="null" OriginId="org.eclipse.jdt.ui.CompilationUnitEditor" StartDate="2014-10-28 10:00:16.814 JST" StructureHandle="=SL3/src&amp;lt;sl3.utils{Methods.java[Methods~post_Store_to_Remote~QActivity;~QStore;" StructureKind="java" NumEvents="4" CreationCount="394"/><InteractionEvent Delta="null" EndDate="2014-10-28 10:00:20.562 JST" Interest="3.0" Kind="edit" Navigation="null" OriginId="org.eclipse.jdt.ui.CompilationUnitEditor" StartDate="2014-10-28 10:00:17.365 JST" StructureHandle="=SL3/src&amp;lt;sl3.utils{Methods.java[Methods~post_Store_to_Remote~QActivity;~QStore;" StructureKind="java" NumEvents="3" CreationCount="394"/><InteractionEvent Delta="null" EndDate="2014-10-28 10:19:54.611 JST" Interest="686.187" Kind="propagation" Navigation="null" OriginId="org.eclipse.mylyn.resources.ui.interest.updater" StartDate="2014-10-28 09:44:41.26 JST" StructureHandle="/SL3/src" StructureKind="resource" NumEvents="688" CreationCount="2"/><InteractionEvent Delta="null" EndDate="2014-10-28 09:50:56.819 JST" Interest="2.0" Kind="selection" Navigation="null" OriginId="org.eclipse.jdt.ui.CompilationUnitEditor" StartDate="2014-10-28 09:47:31.882 JST" StructureHandle="=SL3/src&amp;lt;sl3.listeners.dialog{DB_OCL.java[DB_OCL~onClick~QView;" StructureKind="java" NumEvents="2" CreationCount="49"/><InteractionEvent Delta="null" EndDate="2014-10-28 09:51:16.90 JST" Interest="19.0" Kind="edit" Navigation="null" OriginId="org.eclipse.jdt.ui.CompilationUnitEditor" StartDate="2014-10-28 09:47:32.586 JST" StructureHandle="=SL3/src&amp;lt;sl3.listeners.dialog{DB_OCL.java[DB_OCL~onClick~QView;" StructureKind="java" NumEvents="19" CreationCount="49"/><InteractionEvent Delta="null" EndDate="2014-10-28 09:55:02.176 JST" Interest="9.0" Kind="selection" Navigation="null" OriginId="org.eclipse.jdt.ui.CompilationUnitEditor" StartDate="2014-10-28 09:47:11.470 JST" StructureHandle="=SL3/src&amp;lt;sl3.listeners.dialog{DB_OCL.java" StructureKind="java" NumEvents="9" CreationCount="34"/><InteractionEvent Delta="null" EndDate="2014-10-28 09:55:09.158 JST" Interest="17.401" Kind="propagation" Navigation="org.eclipse.mylyn.core.model.edges.containment" OriginId="org.eclipse.mylyn.core.model.interest.propagation" StartDate="2014-10-28 09:47:30.933 JST" StructureHandle="=SL3/src&amp;lt;sl3.listeners.dialog{DB_OCL.java" StructureKind="java" NumEvents="28" CreationCount="34"/><InteractionEvent Delta="null" EndDate="2014-10-28 10:12:07.655 JST" Interest="7.0" Kind="selection" Navigation="null" OriginId="org.eclipse.jdt.ui.CompilationUnitEditor" StartDate="2014-10-28 09:52:23.929 JST" StructureHandle="=SL3/src&amp;lt;sl3.tasks{Task_Post_Genres.java[Task_Post_Genres" StructureKind="java" NumEvents="7" CreationCount="199"/><InteractionEvent Delta="null" EndDate="2014-10-28 10:18:22.897 JST" Interest="35.37" Kind="propagation" Navigation="org.eclipse.mylyn.core.model.edges.containment" OriginId="org.eclipse.mylyn.core.model.interest.propagation" StartDate="2014-10-28 09:52:01.919 JST" StructureHandle="=SL3/src&amp;lt;sl3.tasks{Task_Post_Genres.java[Task_Post_Genres" StructureKind="java" NumEvents="49" CreationCount="199"/><InteractionEvent Delta="null" EndDate="2014-10-28 09:57:03.739 JST" Interest="3.0" Kind="selection" Navigation="null" OriginId="org.eclipse.jdt.ui.CompilationUnitEditor" StartDate="2014-10-28 09:56:56.221 JST" StructureHandle="=SL3/src&amp;lt;sl3.utils{CONS.java[CONS[DB" StructureKind="java" NumEvents="3" CreationCount="294"/><InteractionEvent Delta="null" EndDate="2014-10-28 10:08:20.570 JST" Interest="5.834" Kind="propagation" Navigation="org.eclipse.mylyn.core.model.edges.containment" OriginId="org.eclipse.mylyn.core.model.interest.propagation" StartDate="2014-10-28 09:57:05.824 JST" StructureHandle="=SL3/src&amp;lt;sl3.utils{CONS.java[CONS[DB" StructureKind="java" NumEvents="7" CreationCount="294"/><InteractionEvent Delta="null" EndDate="2014-10-28 10:18:22.899 JST" Interest="42.404" Kind="propagation" Navigation="org.eclipse.mylyn.core.model.edges.containment" OriginId="org.eclipse.mylyn.core.model.interest.propagation" StartDate="2014-10-28 09:51:54.366 JST" StructureHandle="=SL3/src&amp;lt;sl3.tasks" StructureKind="java" NumEvents="57" CreationCount="197"/><InteractionEvent Delta="null" EndDate="2014-10-28 10:13:47.777 JST" Interest="2.0" Kind="prediction" Navigation="null" OriginId="org.eclipse.mylyn.resources.ui.interest.updater" StartDate="2014-10-28 09:52:46.850 JST" StructureHandle="/SL3/bin/SL3.apk" StructureKind="resource" NumEvents="2" CreationCount="214"/><InteractionEvent Delta="null" EndDate="2014-10-28 09:53:35.850 JST" Interest="3.0" Kind="propagation" Navigation="null" OriginId="org.eclipse.jdt.ui.PackageExplorer" StartDate="2014-10-28 09:52:09.162 JST" StructureHandle="/SL3/src/sl3/items/Genre.java" StructureKind="resource" NumEvents="3" CreationCount="204"/><InteractionEvent Delta="null" EndDate="2014-10-28 10:12:53.668 JST" Interest="4.0" Kind="selection" Navigation="null" OriginId="org.eclipse.ui.views.ContentOutline" StartDate="2014-10-28 10:12:10.398 JST" StructureHandle="=SL3/src&amp;lt;sl3.tasks{Task_Post_Genres.java[Task_Post_Genres~onPostExecute~QInteger;" StructureKind="java" NumEvents="4" CreationCount="675"/><InteractionEvent Delta="null" EndDate="2014-10-28 10:12:45.947 JST" Interest="3.0" Kind="edit" Navigation="null" OriginId="org.eclipse.jdt.ui.CompilationUnitEditor" StartDate="2014-10-28 10:12:15.273 JST" StructureHandle="=SL3/src&amp;lt;sl3.tasks{Task_Post_Genres.java[Task_Post_Genres~onPostExecute~QInteger;" StructureKind="java" NumEvents="3" CreationCount="675"/><InteractionEvent Delta="null" EndDate="2014-10-28 09:50:49.755 JST" Interest="13.6" Kind="propagation" Navigation="org.eclipse.mylyn.core.model.edges.containment" OriginId="org.eclipse.mylyn.core.model.interest.propagation" StartDate="2014-10-28 09:46:27.225 JST" StructureHandle="=SL3/src&amp;lt;sl3.listeners.dialog{DOI_CL.java[DOI_CL" StructureKind="java" NumEvents="16" CreationCount="26"/><InteractionEvent Delta="null" EndDate="2014-10-28 09:54:55.746 JST" Interest="1.0" Kind="selection" Navigation="null" OriginId="org.eclipse.jdt.ui.CompilationUnitEditor" StartDate="2014-10-28 09:54:55.746 JST" StructureHandle="=SL3/src&amp;lt;sl3.utils{CONS.java[CONS[HTTPData[registerChoice^POST_GENRES" StructureKind="java"/><InteractionEvent Delta="null" EndDate="2014-10-28 09:52:46.850 JST" Interest="1.0" Kind="prediction" Navigation="null" OriginId="org.eclipse.mylyn.resources.ui.interest.updater" StartDate="2014-10-28 09:52:46.850 JST" StructureHandle="/SL3/bin/resources.ap_" StructureKind="resource"/><InteractionEvent Delta="null" EndDate="2014-10-28 09:52:08.787 JST" Interest="1.0" Kind="selection" Navigation="null" OriginId="org.eclipse.jdt.ui.PackageExplorer" StartDate="2014-10-28 09:52:08.787 JST" StructureHandle="=SL3/src&amp;lt;sl3.items" StructureKind="java"/><InteractionEvent Delta="null" EndDate="2014-10-28 10:19:51.383 JST" Interest="8.806001" Kind="propagation" Navigation="org.eclipse.mylyn.core.model.edges.containment" OriginId="org.eclipse.mylyn.core.model.interest.propagation" StartDate="2014-10-28 09:52:09.163 JST" StructureHandle="=SL3/src&amp;lt;sl3.items" StructureKind="java" NumEvents="4" CreationCount="203"/><InteractionEvent Delta="null" EndDate="2014-10-28 10:19:51.382 JST" Interest="1.0" Kind="selection" Navigation="null" OriginId="org.eclipse.jdt.ui.PackageExplorer" StartDate="2014-10-28 10:19:51.382 JST" StructureHandle="=SL3/src&amp;lt;sl3.items{LogItem.java" StructureKind="java"/></InteractionHistory>