<?xml version="1.0" encoding="UTF-8"?><InteractionHistory Id="local-40" Version="1"><InteractionEvent Delta="null" EndDate="2014-09-02 08:47:00.794 JST" Interest="1.0" Kind="selection" Navigation="null" OriginId="org.eclipse.jdt.ui.CompilationUnitEditor" StartDate="2014-09-02 08:47:00.794 JST" StructureHandle="=IFM11/src&amp;lt;ifm11.main{LogActv.java[LogActv~onResume" StructureKind="java"/><InteractionEvent Delta="null" EndDate="2014-09-02 10:17:47.852 JST" Interest="1277.051" Kind="propagation" Navigation="org.eclipse.mylyn.core.model.edges.containment" OriginId="org.eclipse.mylyn.core.model.interest.propagation" StartDate="2014-09-02 08:15:19.9 JST" StructureHandle="" StructureKind="java" NumEvents="1283" CreationCount="1"/><InteractionEvent Delta="null" EndDate="2014-09-02 09:30:55.799 JST" Interest="1.0" Kind="edit" Navigation="null" OriginId="org.eclipse.jdt.ui.CompilationUnitEditor" StartDate="2014-09-02 09:30:55.799 JST" StructureHandle="=IFM11/src&amp;lt;ifm11.main{LogActv.java[LogActv" StructureKind="java"/><InteractionEvent Delta="null" EndDate="2014-09-02 09:30:55.794 JST" Interest="5.0" Kind="selection" Navigation="null" OriginId="org.eclipse.jdt.ui.CompilationUnitEditor" StartDate="2014-09-02 08:46:54.325 JST" StructureHandle="=IFM11/src&amp;lt;ifm11.main{LogActv.java[LogActv" StructureKind="java" NumEvents="5" CreationCount="132"/><InteractionEvent Delta="null" EndDate="2014-09-02 09:58:59.706 JST" Interest="228.373" Kind="propagation" Navigation="org.eclipse.mylyn.core.model.edges.containment" OriginId="org.eclipse.mylyn.core.model.interest.propagation" StartDate="2014-09-02 08:28:45.746 JST" StructureHandle="=IFM11/src&amp;lt;ifm11.main{LogActv.java[LogActv" StructureKind="java" NumEvents="320" CreationCount="132"/><InteractionEvent Delta="null" EndDate="2014-09-02 08:44:05.321 JST" Interest="18.0" Kind="propagation" Navigation="null" OriginId="org.eclipse.jdt.ui.CompilationUnitEditor" StartDate="2014-09-02 08:17:15.557 JST" StructureHandle="/TA2/src/ta2/utils/CONS.java" StructureKind="resource" NumEvents="18" CreationCount="29"/><InteractionEvent Delta="null" EndDate="2014-09-02 08:44:05.322 JST" Interest="30.017" Kind="propagation" Navigation="null" OriginId="org.eclipse.jdt.ui.CompilationUnitEditor" StartDate="2014-09-02 08:17:14.432 JST" StructureHandle="/TA2/src/ta2/utils" StructureKind="resource" NumEvents="31" CreationCount="28"/><InteractionEvent Delta="null" EndDate="2014-09-02 10:03:19.541 JST" Interest="208.0" Kind="propagation" Navigation="null" OriginId="org.eclipse.jdt.ui.CompilationUnitEditor" StartDate="2014-09-02 08:16:17.546 JST" StructureHandle="/IFM11/src/ifm11/utils/CONS.java" StructureKind="resource" NumEvents="208" CreationCount="4"/><InteractionEvent Delta="null" EndDate="2014-09-02 08:54:40.169 JST" Interest="30.034" Kind="propagation" Navigation="null" OriginId="org.eclipse.ui.views.ResourceNavigator" StartDate="2014-09-02 08:17:12.617 JST" StructureHandle="/TA2/src/ta2" StructureKind="resource" NumEvents="33" CreationCount="27"/><InteractionEvent Delta="null" EndDate="2014-09-02 08:30:16.500 JST" Interest="2.0" Kind="selection" Navigation="null" OriginId="org.eclipse.jdt.ui.CompilationUnitEditor" StartDate="2014-09-02 08:29:55.584 JST" StructureHandle="=IFM11/src&amp;lt;ifm11.utils{CONS.java[CONS[DB^dPath_dbFile" StructureKind="java" NumEvents="2" CreationCount="161"/><InteractionEvent Delta="null" EndDate="2014-09-02 09:25:03.63 JST" Interest="9.0" Kind="edit" Navigation="null" OriginId="org.eclipse.jdt.ui.CompilationUnitEditor" StartDate="2014-09-02 08:16:34.767 JST" StructureHandle="=IFM11/src&amp;lt;ifm11.utils{CONS.java[CONS[DB" StructureKind="java" NumEvents="9" CreationCount="12"/><InteractionEvent Delta="null" EndDate="2014-09-02 09:50:52.749 JST" Interest="17.0" Kind="selection" Navigation="null" OriginId="org.eclipse.jdt.ui.CompilationUnitEditor" StartDate="2014-09-02 08:16:34.218 JST" StructureHandle="=IFM11/src&amp;lt;ifm11.utils{CONS.java[CONS[DB" StructureKind="java" NumEvents="17" CreationCount="12"/><InteractionEvent Delta="null" EndDate="2014-09-02 09:49:36.435 JST" Interest="1.561002" Kind="propagation" Navigation="org.eclipse.mylyn.core.model.edges.containment" OriginId="org.eclipse.mylyn.core.model.interest.propagation" StartDate="2014-09-02 08:17:53.215 JST" StructureHandle="=IFM11/src&amp;lt;ifm11.utils{CONS.java[CONS[DB" StructureKind="java" NumEvents="4" CreationCount="12"/><InteractionEvent Delta="null" EndDate="2014-09-02 10:17:43.830 JST" Interest="3.0" Kind="selection" Navigation="null" OriginId="org.eclipse.jdt.ui.CompilationUnitEditor" StartDate="2014-09-02 09:37:13.904 JST" StructureHandle="=IFM11/src&amp;lt;ifm11.utils{Methods.java[Methods" StructureKind="java" NumEvents="3" CreationCount="66"/><InteractionEvent Delta="null" EndDate="2014-09-02 10:17:42.225 JST" Interest="202.87999" Kind="propagation" Navigation="org.eclipse.mylyn.core.model.edges.containment" OriginId="org.eclipse.mylyn.core.model.interest.propagation" StartDate="2014-09-02 08:19:55.92 JST" StructureHandle="=IFM11/src&amp;lt;ifm11.utils{Methods.java[Methods" StructureKind="java" NumEvents="283" CreationCount="66"/><InteractionEvent Delta="null" EndDate="2014-09-02 09:50:13.471 JST" Interest="3.0" Kind="edit" Navigation="null" OriginId="org.eclipse.jdt.ui.CompilationUnitEditor" StartDate="2014-09-02 09:50:08.8 JST" StructureHandle="=IFM11/src&amp;lt;ifm11.utils{CONS.java[CONS[DB^fname_Log_Trunk" StructureKind="java" NumEvents="3" CreationCount="958"/><InteractionEvent Delta="null" EndDate="2014-09-02 09:50:57.556 JST" Interest="2.0" Kind="selection" Navigation="null" OriginId="org.eclipse.jdt.ui.CompilationUnitEditor" StartDate="2014-09-02 09:50:04.854 JST" StructureHandle="=IFM11/src&amp;lt;ifm11.utils{CONS.java[CONS[DB^fname_Log_Trunk" StructureKind="java" NumEvents="2" CreationCount="958"/><InteractionEvent Delta="null" EndDate="2014-09-02 08:54:03.822 JST" Interest="3.0" Kind="edit" Navigation="null" OriginId="org.eclipse.jdt.ui.CompilationUnitEditor" StartDate="2014-09-02 08:31:50.278 JST" StructureHandle="=IFM11/src&amp;lt;ifm11.utils{CONS.java[CONS" StructureKind="java" NumEvents="3" CreationCount="7"/><InteractionEvent Delta="null" EndDate="2014-09-02 08:54:03.492 JST" Interest="3.0" Kind="selection" Navigation="null" OriginId="org.eclipse.jdt.ui.CompilationUnitEditor" StartDate="2014-09-02 08:31:49.483 JST" StructureHandle="=IFM11/src&amp;lt;ifm11.utils{CONS.java[CONS" StructureKind="java" NumEvents="3" CreationCount="7"/><InteractionEvent Delta="null" EndDate="2014-09-02 09:59:26.118 JST" Interest="19.846" Kind="propagation" Navigation="org.eclipse.mylyn.core.model.edges.containment" OriginId="org.eclipse.mylyn.core.model.interest.propagation" StartDate="2014-09-02 08:16:23.25 JST" StructureHandle="=IFM11/src&amp;lt;ifm11.utils{CONS.java[CONS" StructureKind="java" NumEvents="37" CreationCount="7"/><InteractionEvent Delta="null" EndDate="2014-09-02 09:50:27.374 JST" Interest="5.0" Kind="edit" Navigation="null" OriginId="org.eclipse.jdt.ui.CompilationUnitEditor" StartDate="2014-09-02 09:50:17.337 JST" StructureHandle="=IFM11/src&amp;lt;ifm11.utils{CONS.java[CONS[DB^fname_Log_ext" StructureKind="java" NumEvents="5" CreationCount="965"/><InteractionEvent Delta="null" EndDate="2014-09-02 09:50:47.900 JST" Interest="2.0" Kind="selection" Navigation="null" OriginId="org.eclipse.jdt.ui.CompilationUnitEditor" StartDate="2014-09-02 09:50:15.243 JST" StructureHandle="=IFM11/src&amp;lt;ifm11.utils{CONS.java[CONS[DB^fname_Log_ext" StructureKind="java" NumEvents="2" CreationCount="965"/><InteractionEvent Delta="null" EndDate="2014-09-02 09:51:04.95 JST" Interest="3.0" Kind="edit" Navigation="null" OriginId="org.eclipse.jdt.ui.CompilationUnitEditor" StartDate="2014-09-02 09:51:01.618 JST" StructureHandle="=IFM11/src&amp;lt;ifm11.utils{CONS.java[CONS[DB^fname_Log" StructureKind="java" NumEvents="3" CreationCount="979"/><InteractionEvent Delta="null" EndDate="2014-09-02 09:59:26.118 JST" Interest="3.0" Kind="selection" Navigation="null" OriginId="org.eclipse.jdt.ui.CompilationUnitEditor" StartDate="2014-09-02 09:50:58.414 JST" StructureHandle="=IFM11/src&amp;lt;ifm11.utils{CONS.java[CONS[DB^fname_Log" StructureKind="java" NumEvents="3" CreationCount="979"/><InteractionEvent Delta="null" EndDate="2014-09-02 09:27:39.417 JST" Interest="10.911" Kind="propagation" Navigation="org.eclipse.mylyn.core.model.edges.containment" OriginId="org.eclipse.mylyn.core.model.interest.propagation" StartDate="2014-09-02 08:21:05.725 JST" StructureHandle="/IFM11/bin" StructureKind="resource" NumEvents="3" CreationCount="48"/><InteractionEvent Delta="null" EndDate="2014-09-02 10:08:18.222 JST" Interest="18.0" Kind="selection" Navigation="null" OriginId="org.eclipse.jdt.ui.CompilationUnitEditor" StartDate="2014-09-02 08:32:49.868 JST" StructureHandle="=IFM11/src&amp;lt;ifm11.main{MainActv.java" StructureKind="java" NumEvents="18" CreationCount="235"/><InteractionEvent Delta="null" EndDate="2014-09-02 10:08:42.523 JST" Interest="71.237" Kind="propagation" Navigation="org.eclipse.mylyn.core.model.edges.containment" OriginId="org.eclipse.mylyn.core.model.interest.propagation" StartDate="2014-09-02 08:41:07.571 JST" StructureHandle="=IFM11/src&amp;lt;ifm11.main{MainActv.java" StructureKind="java" NumEvents="108" CreationCount="235"/><InteractionEvent Delta="null" EndDate="2014-09-02 09:27:39.417 JST" Interest="1.0" Kind="propagation" Navigation="org.eclipse.mylyn.core.model.edges.containment" OriginId="org.eclipse.mylyn.core.model.interest.propagation" StartDate="2014-09-02 09:27:39.417 JST" StructureHandle="/IFM11/bin/dexedLibs" StructureKind="resource"/><InteractionEvent Delta="null" EndDate="2014-09-02 08:54:12.384 JST" Interest="4.0" Kind="propagation" Navigation="null" OriginId="org.eclipse.mylyn.resources.ui.interest.updater" StartDate="2014-09-02 08:54:12.351 JST" StructureHandle="/IFM11/gen" StructureKind="resource" NumEvents="4" CreationCount="535"/><InteractionEvent Delta="null" EndDate="2014-09-02 09:49:53.573 JST" Interest="5.3980007" Kind="manipulation" Navigation="null" OriginId="org.eclipse.mylyn.core.model.interest.decay.correction" StartDate="2014-09-02 09:23:50.743 JST" StructureHandle="=IFM11/src&amp;lt;ifm11.utils{CONS.java[CONS[DB^dPath_Log" StructureKind="java" NumEvents="2" CreationCount="159"/><InteractionEvent Delta="null" EndDate="2014-09-02 09:24:20.272 JST" Interest="3.0" Kind="edit" Navigation="null" OriginId="org.eclipse.jdt.ui.CompilationUnitEditor" StartDate="2014-09-02 08:29:49.908 JST" StructureHandle="=IFM11/src&amp;lt;ifm11.utils{CONS.java[CONS[DB^dPath_Log" StructureKind="java" NumEvents="3" CreationCount="159"/><InteractionEvent Delta="null" EndDate="2014-09-02 09:49:53.573 JST" Interest="7.0" Kind="selection" Navigation="null" OriginId="org.eclipse.jdt.ui.CompilationUnitEditor" StartDate="2014-09-02 08:29:47.132 JST" StructureHandle="=IFM11/src&amp;lt;ifm11.utils{CONS.java[CONS[DB^dPath_Log" StructureKind="java" NumEvents="7" CreationCount="159"/><InteractionEvent Delta="null" EndDate="2014-09-02 09:23:50.167 JST" Interest="6.0550003" Kind="manipulation" Navigation="null" OriginId="org.eclipse.mylyn.core.model.interest.decay.correction" StartDate="2014-09-02 09:23:50.167 JST" StructureHandle="=IFM11/src&amp;lt;ifm11.utils{CONS.java[CONS[TNActv" StructureKind="java"/><InteractionEvent Delta="null" EndDate="2014-09-02 09:23:50.167 JST" Interest="2.0" Kind="selection" Navigation="null" OriginId="org.eclipse.jdt.ui.CompilationUnitEditor" StartDate="2014-09-02 08:54:27.782 JST" StructureHandle="=IFM11/src&amp;lt;ifm11.utils{CONS.java[CONS[TNActv" StructureKind="java" NumEvents="2" CreationCount="43"/><InteractionEvent Delta="null" EndDate="2014-09-02 08:54:27.211 JST" Interest="1.7" Kind="propagation" Navigation="org.eclipse.mylyn.core.model.edges.containment" OriginId="org.eclipse.mylyn.core.model.interest.propagation" StartDate="2014-09-02 08:54:17.354 JST" StructureHandle="=IFM11/src&amp;lt;ifm11.utils{CONS.java[CONS[TNActv" StructureKind="java" NumEvents="2" CreationCount="536"/><InteractionEvent Delta="null" EndDate="2014-09-02 08:19:43.888 JST" Interest="3.0" Kind="edit" Navigation="null" OriginId="org.eclipse.jdt.ui.CompilationUnitEditor" StartDate="2014-09-02 08:18:57.10 JST" StructureHandle="=TA2/src&amp;lt;ta2.utils{Methods.java[Methods~get_FileList~QFile;" StructureKind="java" NumEvents="3" CreationCount="57"/><InteractionEvent Delta="null" EndDate="2014-09-02 08:43:58.919 JST" Interest="4.0" Kind="selection" Navigation="null" OriginId="org.eclipse.jdt.ui.CompilationUnitEditor" StartDate="2014-09-02 08:18:49.320 JST" StructureHandle="=TA2/src&amp;lt;ta2.utils{Methods.java[Methods~get_FileList~QFile;" StructureKind="java" NumEvents="4" CreationCount="57"/><InteractionEvent Delta="null" EndDate="2014-09-02 09:23:28.375 JST" Interest="2.0" Kind="selection" Navigation="null" OriginId="org.eclipse.jdt.ui.PackageExplorer" StartDate="2014-09-02 08:15:19.8 JST" StructureHandle="=IFM11" StructureKind="java" NumEvents="2" CreationCount="51"/><InteractionEvent Delta="null" EndDate="2014-09-02 10:17:47.851 JST" Interest="1274.2009" Kind="propagation" Navigation="org.eclipse.mylyn.core.model.edges.containment" OriginId="org.eclipse.mylyn.core.model.interest.propagation" StartDate="2014-09-02 08:16:14.347 JST" StructureHandle="=IFM11" StructureKind="resource" NumEvents="1281" CreationCount="51"/><InteractionEvent Delta="null" EndDate="2014-09-02 08:50:47.752 JST" Interest="2.0" Kind="propagation" Navigation="org.eclipse.mylyn.core.model.edges.containment" OriginId="org.eclipse.mylyn.core.model.interest.propagation" StartDate="2014-09-02 08:50:34.732 JST" StructureHandle="=IFM11/src&amp;lt;ifm11.main{LogActv.java#" StructureKind="java" NumEvents="2" CreationCount="518"/><InteractionEvent Delta="null" EndDate="2014-09-02 08:43:58.589 JST" Interest="5.0" Kind="selection" Navigation="null" OriginId="org.eclipse.jdt.ui.CompilationUnitEditor" StartDate="2014-09-02 08:18:44.147 JST" StructureHandle="=TA2/src&amp;lt;ta2.utils{Methods.java" StructureKind="java" NumEvents="5" CreationCount="54"/><InteractionEvent Delta="null" EndDate="2014-09-02 08:19:43.891 JST" Interest="1.1510005" Kind="propagation" Navigation="org.eclipse.mylyn.core.model.edges.containment" OriginId="org.eclipse.mylyn.core.model.interest.propagation" StartDate="2014-09-02 08:19:43.287 JST" StructureHandle="=TA2/src&amp;lt;ta2.utils{Methods.java" StructureKind="java" NumEvents="2" CreationCount="54"/><InteractionEvent Delta="null" EndDate="2014-09-02 10:17:47.851 JST" Interest="1295.0" Kind="propagation" Navigation="org.eclipse.mylyn.core.model.edges.containment" OriginId="org.eclipse.mylyn.core.model.interest.propagation" StartDate="2014-09-02 08:15:19.9 JST" StructureHandle="/" StructureKind="resource" NumEvents="1295" CreationCount="1"/><InteractionEvent Delta="null" EndDate="2014-09-02 08:16:25.11 JST" Interest="1.0" Kind="selection" Navigation="null" OriginId="org.eclipse.jdt.ui.CompilationUnitEditor" StartDate="2014-09-02 08:16:25.11 JST" StructureHandle="=IFM11/src&amp;lt;ifm11.utils{CONS.java[CONS[Paths^dpath_Storage_Sdcard" StructureKind="java"/><InteractionEvent Delta="null" EndDate="2014-09-02 08:53:34.423 JST" Interest="5.0" Kind="edit" Navigation="null" OriginId="org.eclipse.jdt.ui.CompilationUnitEditor" StartDate="2014-09-02 08:51:41.973 JST" StructureHandle="=IFM11/src&amp;lt;ifm11.main{LogActv.java[LogActv~onListItemClick~QListView;~QView;~I~J" StructureKind="java" NumEvents="5" CreationCount="520"/><InteractionEvent Delta="null" EndDate="2014-09-02 08:53:46.820 JST" Interest="5.0" Kind="selection" Navigation="null" OriginId="org.eclipse.jdt.ui.CompilationUnitEditor" StartDate="2014-09-02 08:50:48.384 JST" StructureHandle="=IFM11/src&amp;lt;ifm11.main{LogActv.java[LogActv~onListItemClick~QListView;~QView;~I~J" StructureKind="java" NumEvents="5" CreationCount="520"/><InteractionEvent Delta="null" EndDate="2014-09-02 08:33:27.711 JST" Interest="2.0" Kind="selection" Navigation="null" OriginId="org.eclipse.jdt.ui.CompilationUnitEditor" StartDate="2014-09-02 08:32:45.349 JST" StructureHandle="=IFM11/src&amp;lt;ifm11.utils{CONS.java[CONS[MainActv^aAdapter" StructureKind="java" NumEvents="2" CreationCount="234"/><InteractionEvent Delta="null" EndDate="2014-09-02 08:30:36.966 JST" Interest="1.0" Kind="selection" Navigation="null" OriginId="org.eclipse.jdt.ui.CompilationUnitEditor" StartDate="2014-09-02 08:30:36.966 JST" StructureHandle="=IFM11/src&amp;lt;ifm11.utils{CONS.java[CONS[DB^fname_DB_Backup_ext" StructureKind="java"/><InteractionEvent Delta="null" EndDate="2014-09-02 09:49:38.177 JST" Interest="4.757001" Kind="manipulation" Navigation="null" OriginId="org.eclipse.mylyn.core.model.interest.decay.correction" StartDate="2014-09-02 09:49:38.177 JST" StructureHandle="=IFM11/src&amp;lt;ifm11.utils{CONS.java[CONS[DB^dPath_Data_Root" StructureKind="java"/><InteractionEvent Delta="null" EndDate="2014-09-02 08:30:29.989 JST" Interest="7.0" Kind="edit" Navigation="null" OriginId="org.eclipse.jdt.ui.CompilationUnitEditor" StartDate="2014-09-02 08:17:32.411 JST" StructureHandle="=IFM11/src&amp;lt;ifm11.utils{CONS.java[CONS[DB^dPath_Data_Root" StructureKind="java" NumEvents="7" CreationCount="25"/><InteractionEvent Delta="null" EndDate="2014-09-02 09:49:44.198 JST" Interest="9.0" Kind="selection" Navigation="null" OriginId="org.eclipse.jdt.ui.CompilationUnitEditor" StartDate="2014-09-02 08:17:02.472 JST" StructureHandle="=IFM11/src&amp;lt;ifm11.utils{CONS.java[CONS[DB^dPath_Data_Root" StructureKind="java" NumEvents="9" CreationCount="25"/><InteractionEvent Delta="null" EndDate="2014-09-02 08:48:06.247 JST" Interest="10.0" Kind="edit" Navigation="null" OriginId="org.eclipse.jdt.ui.CompilationUnitEditor" StartDate="2014-09-02 08:41:23.837 JST" StructureHandle="=IFM11/src&amp;lt;ifm11.main{MainActv.java[MainActv~_Setup_SetList~QFile;" StructureKind="java" NumEvents="10" CreationCount="275"/><InteractionEvent Delta="null" EndDate="2014-09-02 08:48:02.613 JST" Interest="4.0" Kind="selection" Navigation="null" OriginId="org.eclipse.jdt.ui.CompilationUnitEditor" StartDate="2014-09-02 08:41:22.987 JST" StructureHandle="=IFM11/src&amp;lt;ifm11.main{MainActv.java[MainActv~_Setup_SetList~QFile;" StructureKind="java" NumEvents="4" CreationCount="275"/><InteractionEvent Delta="null" EndDate="2014-09-02 10:12:39.825 JST" Interest="12.0" Kind="prediction" Navigation="null" OriginId="org.eclipse.mylyn.resources.ui.interest.updater" StartDate="2014-09-02 08:21:05.725 JST" StructureHandle="/IFM11/bin/IFM11.apk" StructureKind="resource" NumEvents="12" CreationCount="89"/><InteractionEvent Delta="null" EndDate="2014-09-02 09:23:38.854 JST" Interest="9.017" Kind="propagation" Navigation="org.eclipse.mylyn.core.model.edges.containment" OriginId="org.eclipse.mylyn.core.model.interest.propagation" StartDate="2014-09-02 08:54:42.246 JST" StructureHandle="/TA2/src/ta2/main" StructureKind="resource" NumEvents="10" CreationCount="540"/><InteractionEvent Delta="null" EndDate="2014-09-02 08:43:58.920 JST" Interest="12.0" Kind="propagation" Navigation="null" OriginId="org.eclipse.jdt.ui.CompilationUnitEditor" StartDate="2014-09-02 08:18:44.147 JST" StructureHandle="/TA2/src/ta2/utils/Methods.java" StructureKind="resource" NumEvents="12" CreationCount="54"/><InteractionEvent Delta="null" EndDate="2014-09-02 08:54:12.350 JST" Interest="1.0" Kind="propagation" Navigation="null" OriginId="org.eclipse.mylyn.resources.ui.interest.updater" StartDate="2014-09-02 08:54:12.350 JST" StructureHandle="=IFM11/gen&amp;lt;ifm11" StructureKind="java"/><InteractionEvent Delta="null" EndDate="2014-09-02 08:54:12.351 JST" Interest="1.0" Kind="propagation" Navigation="null" OriginId="org.eclipse.mylyn.resources.ui.interest.updater" StartDate="2014-09-02 08:54:12.351 JST" StructureHandle="/IFM11/gen/ifm11/main/R.java" StructureKind="resource"/><InteractionEvent Delta="null" EndDate="2014-09-02 08:30:14.549 JST" Interest="1.0" Kind="selection" Navigation="null" OriginId="org.eclipse.jdt.ui.CompilationUnitEditor" StartDate="2014-09-02 08:30:14.549 JST" StructureHandle="=IFM11/src&amp;lt;ifm11.utils{CONS.java[CONS[DB^dbName_IFM10" StructureKind="java"/><InteractionEvent Delta="null" EndDate="2014-09-02 08:54:12.351 JST" Interest="1.0" Kind="propagation" Navigation="null" OriginId="org.eclipse.mylyn.resources.ui.interest.updater" StartDate="2014-09-02 08:54:12.351 JST" StructureHandle="/IFM11/bin/res" StructureKind="resource"/><InteractionEvent Delta="null" EndDate="2014-09-02 08:54:12.379 JST" Interest="1.0" Kind="propagation" Navigation="null" OriginId="org.eclipse.mylyn.resources.ui.interest.updater" StartDate="2014-09-02 08:54:12.379 JST" StructureHandle="/IFM11/gen/ifm11/main/BuildConfig.java" StructureKind="resource"/><InteractionEvent Delta="null" EndDate="2014-09-02 08:29:30.333 JST" Interest="2.0" Kind="edit" Navigation="null" OriginId="org.eclipse.jdt.ui.CompilationUnitEditor" StartDate="2014-09-02 08:29:26.207 JST" StructureHandle="=TA2/src&amp;lt;ta2.utils{CONS.java[CONS[DB^dPath_Log" StructureKind="java" NumEvents="2" CreationCount="144"/><InteractionEvent Delta="null" EndDate="2014-09-02 08:44:00.57 JST" Interest="4.0" Kind="selection" Navigation="null" OriginId="org.eclipse.jdt.ui.CompilationUnitEditor" StartDate="2014-09-02 08:29:22.214 JST" StructureHandle="=TA2/src&amp;lt;ta2.utils{CONS.java[CONS[DB^dPath_Log" StructureKind="java" NumEvents="4" CreationCount="144"/><InteractionEvent Delta="null" EndDate="2014-09-02 09:27:39.416 JST" Interest="1.0" Kind="propagation" Navigation="null" OriginId="org.eclipse.mylyn.resources.ui.interest.updater" StartDate="2014-09-02 09:27:39.416 JST" StructureHandle="/IFM11/bin/dexedLibs/commons-lang-2.6-88b25823f1679b0a9d9bb7ee9be9977e.jar" StructureKind="resource"/><InteractionEvent Delta="null" EndDate="2014-09-02 09:23:35.85 JST" Interest="3.0" Kind="selection" Navigation="null" OriginId="org.eclipse.jdt.ui.CompilationUnitEditor" StartDate="2014-09-02 08:54:54.490 JST" StructureHandle="=TA2/src&amp;lt;ta2.main{MainActv.java[MainActv~_test_PrefVal_SoundEffect" StructureKind="java" NumEvents="3" CreationCount="545"/><InteractionEvent Delta="null" EndDate="2014-09-02 08:54:12.383 JST" Interest="2.0" Kind="propagation" Navigation="org.eclipse.mylyn.core.model.edges.containment" OriginId="org.eclipse.mylyn.core.model.interest.propagation" StartDate="2014-09-02 08:54:12.352 JST" StructureHandle="=IFM11/gen" StructureKind="java" NumEvents="2" CreationCount="535"/><InteractionEvent Delta="null" EndDate="2014-09-02 08:32:23.781 JST" Interest="1.0" Kind="selection" Navigation="null" OriginId="org.eclipse.jdt.ui.PackageExplorer" StartDate="2014-09-02 08:32:23.781 JST" StructureHandle="=IFM11/src&amp;lt;ifm11.adapters" StructureKind="java"/><InteractionEvent Delta="null" EndDate="2014-09-02 09:25:11.877 JST" Interest="8.656" Kind="propagation" Navigation="org.eclipse.mylyn.core.model.edges.containment" OriginId="org.eclipse.mylyn.core.model.interest.propagation" StartDate="2014-09-02 08:32:26.970 JST" StructureHandle="=IFM11/src&amp;lt;ifm11.adapters" StructureKind="java" NumEvents="9" CreationCount="105"/><InteractionEvent Delta="null" EndDate="2014-09-02 09:27:39.416 JST" Interest="1.0" Kind="propagation" Navigation="null" OriginId="org.eclipse.mylyn.resources.ui.interest.updater" StartDate="2014-09-02 09:27:39.416 JST" StructureHandle="/IFM11/bin/dexedLibs/commons-net-3.3-64fb6b2934b4fb8706a63c415bd307a3.jar" StructureKind="resource"/><InteractionEvent Delta="null" EndDate="2014-09-02 08:54:12.383 JST" Interest="3.0" Kind="propagation" Navigation="org.eclipse.mylyn.core.model.edges.containment" OriginId="org.eclipse.mylyn.core.model.interest.propagation" StartDate="2014-09-02 08:54:12.351 JST" StructureHandle="/IFM11/gen/ifm11" StructureKind="resource" NumEvents="3" CreationCount="535"/><InteractionEvent Delta="null" EndDate="2014-09-02 08:54:43.845 JST" Interest="2.0" Kind="selection" Navigation="null" OriginId="org.eclipse.jdt.ui.CompilationUnitEditor" StartDate="2014-09-02 08:54:43.476 JST" StructureHandle="=TA2/src&amp;lt;ta2.main{MainActv.java" StructureKind="java" NumEvents="2" CreationCount="541"/><InteractionEvent Delta="null" EndDate="2014-09-02 09:23:35.657 JST" Interest="1.0680001" Kind="propagation" Navigation="org.eclipse.mylyn.core.model.edges.containment" OriginId="org.eclipse.mylyn.core.model.interest.propagation" StartDate="2014-09-02 09:23:21.97 JST" StructureHandle="=TA2/src&amp;lt;ta2.main{MainActv.java" StructureKind="java" NumEvents="3" CreationCount="541"/><InteractionEvent Delta="null" EndDate="2014-09-02 09:58:59.706 JST" Interest="478.0" Kind="propagation" Navigation="null" OriginId="org.eclipse.jdt.ui.CompilationUnitEditor" StartDate="2014-09-02 08:28:43.355 JST" StructureHandle="/IFM11/src/ifm11/main/LogActv.java" StructureKind="resource" NumEvents="478" CreationCount="130"/><InteractionEvent Delta="null" EndDate="2014-09-02 09:25:11.875 JST" Interest="7.5480003" Kind="propagation" Navigation="org.eclipse.mylyn.core.model.edges.containment" OriginId="org.eclipse.mylyn.core.model.interest.propagation" StartDate="2014-09-02 08:32:34.785 JST" StructureHandle="=IFM11/src&amp;lt;ifm11.adapters{Adp_MainList.java[Adp_MainList" StructureKind="java" NumEvents="6" CreationCount="229"/><InteractionEvent Delta="null" EndDate="2014-09-02 09:35:10.73 JST" Interest="1.0" Kind="edit" Navigation="null" OriginId="org.eclipse.jdt.ui.CompilationUnitEditor" StartDate="2014-09-02 09:35:10.73 JST" StructureHandle="=IFM11/src&amp;lt;ifm11.main{MainActv.java[MainActv~_do_debug__Show_DBList" StructureKind="java"/><InteractionEvent Delta="null" EndDate="2014-09-02 09:35:12.557 JST" Interest="3.0" Kind="selection" Navigation="null" OriginId="org.eclipse.jdt.ui.CompilationUnitEditor" StartDate="2014-09-02 09:35:10.63 JST" StructureHandle="=IFM11/src&amp;lt;ifm11.main{MainActv.java[MainActv~_do_debug__Show_DBList" StructureKind="java" NumEvents="3" CreationCount="817"/><InteractionEvent Delta="null" EndDate="2014-09-02 10:08:42.523 JST" Interest="168.0" Kind="propagation" Navigation="null" OriginId="org.eclipse.jdt.ui.CompilationUnitEditor" StartDate="2014-09-02 08:32:49.868 JST" StructureHandle="/IFM11/src/ifm11/main/MainActv.java" StructureKind="resource" NumEvents="168" CreationCount="235"/><InteractionEvent Delta="null" EndDate="2014-09-02 08:28:52.675 JST" Interest="1.0" Kind="edit" Navigation="null" OriginId="org.eclipse.jdt.ui.CompilationUnitEditor" StartDate="2014-09-02 08:28:52.675 JST" StructureHandle="=IFM11/src&amp;lt;ifm11.main{LogActv.java[LogActv~onCreate~QBundle;" StructureKind="java"/><InteractionEvent Delta="null" EndDate="2014-09-02 08:28:53.827 JST" Interest="2.0" Kind="selection" Navigation="null" OriginId="org.eclipse.ui.views.ContentOutline" StartDate="2014-09-02 08:28:45.745 JST" StructureHandle="=IFM11/src&amp;lt;ifm11.main{LogActv.java[LogActv~onCreate~QBundle;" StructureKind="java" NumEvents="2" CreationCount="132"/><InteractionEvent Delta="null" EndDate="2014-09-02 08:33:44.455 JST" Interest="2.0" Kind="edit" Navigation="null" OriginId="org.eclipse.jdt.ui.CompilationUnitEditor" StartDate="2014-09-02 08:33:43.471 JST" StructureHandle="=IFM11/src&amp;lt;ifm11.utils{CONS.java[CONS[MainActv^list_RootDir" StructureKind="java" NumEvents="2" CreationCount="244"/><InteractionEvent Delta="null" EndDate="2014-09-02 08:33:37.826 JST" Interest="1.0" Kind="selection" Navigation="null" OriginId="org.eclipse.jdt.ui.CompilationUnitEditor" StartDate="2014-09-02 08:33:37.826 JST" StructureHandle="=IFM11/src&amp;lt;ifm11.utils{CONS.java[CONS[MainActv^list_RootDir" StructureKind="java"/><InteractionEvent Delta="null" EndDate="2014-09-02 09:25:11.601 JST" Interest="7.0" Kind="selection" Navigation="null" OriginId="org.eclipse.jdt.ui.CompilationUnitEditor" StartDate="2014-09-02 08:32:26.969 JST" StructureHandle="=IFM11/src&amp;lt;ifm11.adapters{Adp_MainList.java" StructureKind="java" NumEvents="7" CreationCount="227"/><InteractionEvent Delta="null" EndDate="2014-09-02 09:25:11.876 JST" Interest="0.58200026" Kind="propagation" Navigation="org.eclipse.mylyn.core.model.edges.containment" OriginId="org.eclipse.mylyn.core.model.interest.propagation" StartDate="2014-09-02 09:25:11.876 JST" StructureHandle="=IFM11/src&amp;lt;ifm11.adapters{Adp_MainList.java" StructureKind="java"/><InteractionEvent Delta="null" EndDate="2014-09-02 09:25:11.875 JST" Interest="13.0" Kind="propagation" Navigation="null" OriginId="org.eclipse.jdt.ui.CompilationUnitEditor" StartDate="2014-09-02 08:32:26.969 JST" StructureHandle="/IFM11/src/ifm11/adapters/Adp_MainList.java" StructureKind="resource" NumEvents="13" CreationCount="227"/><InteractionEvent Delta="null" EndDate="2014-09-02 09:23:38.854 JST" Interest="9.0" Kind="propagation" Navigation="null" OriginId="org.eclipse.ui.views.ContentOutline" StartDate="2014-09-02 08:54:43.477 JST" StructureHandle="/TA2/src/ta2/main/MainActv.java" StructureKind="resource" NumEvents="9" CreationCount="541"/><InteractionEvent Delta="null" EndDate="2014-09-02 08:54:40.168 JST" Interest="3.335" Kind="manipulation" Navigation="null" OriginId="org.eclipse.mylyn.core.model.interest.decay.correction" StartDate="2014-09-02 08:54:40.168 JST" StructureHandle="=TA2/src&amp;lt;ta2" StructureKind="java"/><InteractionEvent Delta="null" EndDate="2014-09-02 08:54:40.168 JST" Interest="2.0" Kind="selection" Navigation="null" OriginId="org.eclipse.ui.views.ResourceNavigator" StartDate="2014-09-02 08:17:12.617 JST" StructureHandle="=TA2/src&amp;lt;ta2" StructureKind="java" NumEvents="2" CreationCount="283"/><InteractionEvent Delta="null" EndDate="2014-09-02 09:49:16.37 JST" Interest="297.0" Kind="edit" Navigation="null" OriginId="org.eclipse.jdt.ui.CompilationUnitEditor" StartDate="2014-09-02 08:34:41.414 JST" StructureHandle="=IFM11/src&amp;lt;ifm11.main{LogActv.java[LogActv~_Setup_List" StructureKind="java" NumEvents="297" CreationCount="201"/><InteractionEvent Delta="null" EndDate="2014-09-02 09:58:59.706 JST" Interest="25.0" Kind="selection" Navigation="null" OriginId="org.eclipse.jdt.ui.CompilationUnitEditor" StartDate="2014-09-02 08:31:22.229 JST" StructureHandle="=IFM11/src&amp;lt;ifm11.main{LogActv.java[LogActv~_Setup_List" StructureKind="java" NumEvents="25" CreationCount="201"/><InteractionEvent Delta="null" EndDate="2014-09-02 10:17:47.851 JST" Interest="1278.0339" Kind="propagation" Navigation="null" OriginId="org.eclipse.jdt.ui.CompilationUnitEditor" StartDate="2014-09-02 08:16:14.346 JST" StructureHandle="/IFM11/src" StructureKind="resource" NumEvents="1282" CreationCount="2"/><InteractionEvent Delta="null" EndDate="2014-09-02 08:17:29.774 JST" Interest="2.0" Kind="edit" Navigation="null" OriginId="org.eclipse.jdt.ui.CompilationUnitEditor" StartDate="2014-09-02 08:17:28.495 JST" StructureHandle="=TA2/src&amp;lt;ta2.utils{CONS.java[CONS[DB^dPath_Data_Root" StructureKind="java" NumEvents="2" CreationCount="31"/><InteractionEvent Delta="null" EndDate="2014-09-02 08:29:19.331 JST" Interest="2.0" Kind="selection" Navigation="null" OriginId="org.eclipse.jdt.ui.CompilationUnitEditor" StartDate="2014-09-02 08:17:25.620 JST" StructureHandle="=TA2/src&amp;lt;ta2.utils{CONS.java[CONS[DB^dPath_Data_Root" StructureKind="java" NumEvents="2" CreationCount="31"/><InteractionEvent Delta="null" EndDate="2014-09-02 09:34:37.248 JST" Interest="11.0" Kind="edit" Navigation="null" OriginId="org.eclipse.jdt.ui.CompilationUnitEditor" StartDate="2014-09-02 08:32:57.317 JST" StructureHandle="=IFM11/src&amp;lt;ifm11.main{MainActv.java[MainActv~_Setup_SetAdapter" StructureKind="java" NumEvents="11" CreationCount="238"/><InteractionEvent Delta="null" EndDate="2014-09-02 09:34:43.243 JST" Interest="10.0" Kind="selection" Navigation="null" OriginId="org.eclipse.jdt.ui.CompilationUnitEditor" StartDate="2014-09-02 08:32:54.106 JST" StructureHandle="=IFM11/src&amp;lt;ifm11.main{MainActv.java[MainActv~_Setup_SetAdapter" StructureKind="java" NumEvents="10" CreationCount="238"/><InteractionEvent Delta="null" EndDate="2014-09-02 10:08:42.523 JST" Interest="647.15894" Kind="propagation" Navigation="org.eclipse.mylyn.core.model.edges.containment" OriginId="org.eclipse.mylyn.core.model.interest.propagation" StartDate="2014-09-02 08:16:16.69 JST" StructureHandle="/IFM11/src/ifm11" StructureKind="resource" NumEvents="650" CreationCount="3"/><InteractionEvent Delta="null" EndDate="2014-09-02 09:24:34.439 JST" Interest="0.09900093" Kind="manipulation" Navigation="null" OriginId="org.eclipse.mylyn.core.model.interest.decay.correction" StartDate="2014-09-02 09:24:34.439 JST" StructureHandle="=IFM11/src&amp;lt;ifm11.utils{CONS.java[CONS[DB^dPath_dbFile_backup" StructureKind="java"/><InteractionEvent Delta="null" EndDate="2014-09-02 09:25:07.364 JST" Interest="7.0" Kind="edit" Navigation="null" OriginId="org.eclipse.jdt.ui.CompilationUnitEditor" StartDate="2014-09-02 08:16:55.671 JST" StructureHandle="=IFM11/src&amp;lt;ifm11.utils{CONS.java[CONS[DB^dPath_dbFile_backup" StructureKind="java" NumEvents="7" CreationCount="17"/><InteractionEvent Delta="null" EndDate="2014-09-02 09:31:03.775 JST" Interest="9.0" Kind="selection" Navigation="null" OriginId="org.eclipse.jdt.ui.CompilationUnitEditor" StartDate="2014-09-02 08:16:48.716 JST" StructureHandle="=IFM11/src&amp;lt;ifm11.utils{CONS.java[CONS[DB^dPath_dbFile_backup" StructureKind="java" NumEvents="9" CreationCount="17"/><InteractionEvent Delta="null" EndDate="2014-09-02 09:49:31.932 JST" Interest="1.0" Kind="propagation" Navigation="org.eclipse.mylyn.core.model.edges.containment" OriginId="org.eclipse.mylyn.core.model.interest.propagation" StartDate="2014-09-02 09:49:31.932 JST" StructureHandle="=IFM11/src&amp;lt;ifm11.utils{CONS.java[CONS[Pref" StructureKind="java"/><InteractionEvent Delta="null" EndDate="2014-09-02 08:16:14.346 JST" Interest="1.0" Kind="selection" Navigation="null" OriginId="org.eclipse.jdt.ui.PackageExplorer" StartDate="2014-09-02 08:16:14.346 JST" StructureHandle="=IFM11/src" StructureKind="java"/><InteractionEvent Delta="null" EndDate="2014-09-02 09:59:00.999 JST" Interest="230.421" Kind="propagation" Navigation="org.eclipse.mylyn.core.model.edges.containment" OriginId="org.eclipse.mylyn.core.model.interest.propagation" StartDate="2014-09-02 08:16:16.70 JST" StructureHandle="=IFM11/src" StructureKind="java" NumEvents="346" CreationCount="288"/><InteractionEvent Delta="null" EndDate="2014-09-02 08:54:12.383 JST" Interest="3.0" Kind="propagation" Navigation="null" OriginId="org.eclipse.mylyn.resources.ui.interest.updater" StartDate="2014-09-02 08:54:12.351 JST" StructureHandle="/IFM11/gen/ifm11/main" StructureKind="resource" NumEvents="3" CreationCount="535"/><InteractionEvent Delta="null" EndDate="2014-09-02 08:32:52.386 JST" Interest="1.0" Kind="selection" Navigation="null" OriginId="org.eclipse.jdt.ui.CompilationUnitEditor" StartDate="2014-09-02 08:32:52.386 JST" StructureHandle="=IFM11/src&amp;lt;ifm11.main{MainActv.java[MainActv~_ItemClick_SetPref_CurrentPosition~I" StructureKind="java"/><InteractionEvent Delta="null" EndDate="2014-09-02 08:16:23.902 JST" Interest="2.0" Kind="edit" Navigation="null" OriginId="org.eclipse.jdt.ui.CompilationUnitEditor" StartDate="2014-09-02 08:16:23.849 JST" StructureHandle="=IFM11/src&amp;lt;ifm11.utils{CONS.java[CONS[Paths" StructureKind="java" NumEvents="2" CreationCount="7"/><InteractionEvent Delta="null" EndDate="2014-09-02 08:16:28.108 JST" Interest="2.0" Kind="selection" Navigation="null" OriginId="org.eclipse.jdt.ui.CompilationUnitEditor" StartDate="2014-09-02 08:16:23.23 JST" StructureHandle="=IFM11/src&amp;lt;ifm11.utils{CONS.java[CONS[Paths" StructureKind="java" NumEvents="2" CreationCount="7"/><InteractionEvent Delta="null" EndDate="2014-09-02 09:25:11.851 JST" Interest="1.8480003" Kind="manipulation" Navigation="null" OriginId="org.eclipse.mylyn.core.model.interest.decay.correction" StartDate="2014-09-02 08:48:02.171 JST" StructureHandle="=IFM11/src&amp;lt;ifm11.adapters{Adp_MainList.java[Adp_MainList~getView~I~QView;~QViewGroup;" StructureKind="java" NumEvents="2" CreationCount="229"/><InteractionEvent Delta="null" EndDate="2014-09-02 09:25:11.875 JST" Interest="1.0" Kind="edit" Navigation="null" OriginId="org.eclipse.jdt.ui.CompilationUnitEditor" StartDate="2014-09-02 09:25:11.875 JST" StructureHandle="=IFM11/src&amp;lt;ifm11.adapters{Adp_MainList.java[Adp_MainList~getView~I~QView;~QViewGroup;" StructureKind="java"/><InteractionEvent Delta="null" EndDate="2014-09-02 09:25:11.851 JST" Interest="5.0" Kind="selection" Navigation="null" OriginId="org.eclipse.jdt.ui.CompilationUnitEditor" StartDate="2014-09-02 08:32:34.784 JST" StructureHandle="=IFM11/src&amp;lt;ifm11.adapters{Adp_MainList.java[Adp_MainList~getView~I~QView;~QViewGroup;" StructureKind="java" NumEvents="5" CreationCount="229"/><InteractionEvent Delta="null" EndDate="2014-09-02 09:49:36.435 JST" Interest="2.0" Kind="selection" Navigation="null" OriginId="org.eclipse.ui.views.ContentOutline" StartDate="2014-09-02 09:49:33.551 JST" StructureHandle="=IFM11/src&amp;lt;ifm11.utils{CONS.java[CONS[DB[Sqls^_20140817_154650_addCol_IFM11_UpdatedAt_SQL" StructureKind="java" NumEvents="2" CreationCount="945"/><InteractionEvent Delta="null" EndDate="2014-09-02 08:54:27.210 JST" Interest="1.0" Kind="edit" Navigation="null" OriginId="org.eclipse.jdt.ui.CompilationUnitEditor" StartDate="2014-09-02 08:54:27.210 JST" StructureHandle="=IFM11/src&amp;lt;ifm11.utils{CONS.java[CONS[TNActv^adp_TNActv_Main_Move" StructureKind="java"/><InteractionEvent Delta="null" EndDate="2014-09-02 08:54:17.354 JST" Interest="1.0" Kind="selection" Navigation="null" OriginId="org.eclipse.jdt.ui.CompilationUnitEditor" StartDate="2014-09-02 08:54:17.354 JST" StructureHandle="=IFM11/src&amp;lt;ifm11.utils{CONS.java[CONS[TNActv^adp_TNActv_Main_Move" StructureKind="java"/><InteractionEvent Delta="null" EndDate="2014-09-02 08:29:57.653 JST" Interest="1.0" Kind="edit" Navigation="null" OriginId="org.eclipse.jdt.ui.CompilationUnitEditor" StartDate="2014-09-02 08:29:57.653 JST" StructureHandle="=IFM11/src&amp;lt;ifm11.utils{CONS.java[CONS[DB^dbName" StructureKind="java"/><InteractionEvent Delta="null" EndDate="2014-09-02 08:29:56.816 JST" Interest="1.0" Kind="selection" Navigation="null" OriginId="org.eclipse.jdt.ui.CompilationUnitEditor" StartDate="2014-09-02 08:29:56.816 JST" StructureHandle="=IFM11/src&amp;lt;ifm11.utils{CONS.java[CONS[DB^dbName" StructureKind="java"/><InteractionEvent Delta="null" EndDate="2014-09-02 09:49:44.900 JST" Interest="7.0440006" Kind="manipulation" Navigation="null" OriginId="org.eclipse.mylyn.core.model.interest.decay.correction" StartDate="2014-09-02 09:49:44.900 JST" StructureHandle="=IFM11/src&amp;lt;ifm11.utils{CONS.java[CONS[DB^dPath_dbFile_backup_IFM10" StructureKind="java"/><InteractionEvent Delta="null" EndDate="2014-09-02 08:30:32.642 JST" Interest="4.0" Kind="edit" Navigation="null" OriginId="org.eclipse.jdt.ui.CompilationUnitEditor" StartDate="2014-09-02 08:17:46.510 JST" StructureHandle="=IFM11/src&amp;lt;ifm11.utils{CONS.java[CONS[DB^dPath_dbFile_backup_IFM10" StructureKind="java" NumEvents="4" CreationCount="19"/><InteractionEvent Delta="null" EndDate="2014-09-02 09:49:44.900 JST" Interest="7.0" Kind="selection" Navigation="null" OriginId="org.eclipse.jdt.ui.CompilationUnitEditor" StartDate="2014-09-02 08:16:50.440 JST" StructureHandle="=IFM11/src&amp;lt;ifm11.utils{CONS.java[CONS[DB^dPath_dbFile_backup_IFM10" StructureKind="java" NumEvents="7" CreationCount="19"/><InteractionEvent Delta="null" EndDate="2014-09-02 08:33:57.310 JST" Interest="3.0" Kind="edit" Navigation="null" OriginId="org.eclipse.jdt.ui.CompilationUnitEditor" StartDate="2014-09-02 08:33:51.184 JST" StructureHandle="=IFM11/src&amp;lt;ifm11.utils{CONS.java[CONS[LogActv^aAdapter" StructureKind="java" NumEvents="3" CreationCount="224"/><InteractionEvent Delta="null" EndDate="2014-09-02 08:33:50.276 JST" Interest="3.0" Kind="selection" Navigation="null" OriginId="org.eclipse.jdt.ui.CompilationUnitEditor" StartDate="2014-09-02 08:32:14.175 JST" StructureHandle="=IFM11/src&amp;lt;ifm11.utils{CONS.java[CONS[LogActv^aAdapter" StructureKind="java" NumEvents="3" CreationCount="224"/><InteractionEvent Delta="null" EndDate="2014-09-02 08:53:45.979 JST" Interest="1.0" Kind="edit" Navigation="null" OriginId="org.eclipse.jdt.ui.CompilationUnitEditor" StartDate="2014-09-02 08:53:45.979 JST" StructureHandle="=IFM11/src&amp;lt;ifm11.main{LogActv.java[LogActv~do_debug" StructureKind="java"/><InteractionEvent Delta="null" EndDate="2014-09-02 08:53:35.186 JST" Interest="1.0" Kind="selection" Navigation="null" OriginId="org.eclipse.jdt.ui.CompilationUnitEditor" StartDate="2014-09-02 08:53:35.186 JST" StructureHandle="=IFM11/src&amp;lt;ifm11.main{LogActv.java[LogActv~do_debug" StructureKind="java"/><InteractionEvent Delta="null" EndDate="2014-09-02 08:28:41.595 JST" Interest="1.0" Kind="selection" Navigation="null" OriginId="org.eclipse.jdt.ui.PackageExplorer" StartDate="2014-09-02 08:28:41.595 JST" StructureHandle="=IFM11/src&amp;lt;ifm11.main" StructureKind="java"/><InteractionEvent Delta="null" EndDate="2014-09-02 09:58:59.522 JST" Interest="229.877" Kind="propagation" Navigation="org.eclipse.mylyn.core.model.edges.containment" OriginId="org.eclipse.mylyn.core.model.interest.propagation" StartDate="2014-09-02 08:28:43.356 JST" StructureHandle="=IFM11/src&amp;lt;ifm11.main" StructureKind="java" NumEvents="333" CreationCount="320"/><InteractionEvent Delta="null" EndDate="2014-09-02 08:54:42.246 JST" Interest="1.0" Kind="selection" Navigation="null" OriginId="org.eclipse.ui.views.ResourceNavigator" StartDate="2014-09-02 08:54:42.246 JST" StructureHandle="=TA2/src&amp;lt;ta2.main" StructureKind="java"/><InteractionEvent Delta="null" EndDate="2014-09-02 09:23:35.658 JST" Interest="5.8080006" Kind="propagation" Navigation="org.eclipse.mylyn.core.model.edges.containment" OriginId="org.eclipse.mylyn.core.model.interest.propagation" StartDate="2014-09-02 08:54:43.477 JST" StructureHandle="=TA2/src&amp;lt;ta2.main" StructureKind="java" NumEvents="6" CreationCount="321"/><InteractionEvent Delta="null" EndDate="2014-09-02 10:17:47.851 JST" Interest="619.01697" Kind="propagation" Navigation="null" OriginId="org.eclipse.jdt.ui.CompilationUnitEditor" StartDate="2014-09-02 08:16:16.69 JST" StructureHandle="/IFM11/src/ifm11/utils" StructureKind="resource" NumEvents="620" CreationCount="3"/><InteractionEvent Delta="null" EndDate="2014-09-02 09:23:35.86 JST" Interest="3.034" Kind="propagation" Navigation="org.eclipse.mylyn.core.model.edges.containment" OriginId="org.eclipse.mylyn.core.model.interest.propagation" StartDate="2014-09-02 08:54:45.246 JST" StructureHandle="=TA2/src&amp;lt;ta2.main{MainActv.java[MainActv" StructureKind="java" NumEvents="4" CreationCount="543"/><InteractionEvent Delta="null" EndDate="2014-09-02 09:31:04.350 JST" Interest="2.8820004" Kind="manipulation" Navigation="null" OriginId="org.eclipse.mylyn.core.model.interest.decay.correction" StartDate="2014-09-02 08:44:01.452 JST" StructureHandle="=IFM11/src&amp;lt;ifm11.utils{CONS.java[CONS[LogActv^list_LogFiles" StructureKind="java" NumEvents="3" CreationCount="254"/><InteractionEvent Delta="null" EndDate="2014-09-02 09:31:09.359 JST" Interest="2.0" Kind="edit" Navigation="null" OriginId="org.eclipse.jdt.ui.CompilationUnitEditor" StartDate="2014-09-02 08:51:20.648 JST" StructureHandle="=IFM11/src&amp;lt;ifm11.utils{CONS.java[CONS[LogActv^list_LogFiles" StructureKind="java" NumEvents="2" CreationCount="254"/><InteractionEvent Delta="null" EndDate="2014-09-02 09:49:25.145 JST" Interest="11.0" Kind="selection" Navigation="null" OriginId="org.eclipse.jdt.ui.CompilationUnitEditor" StartDate="2014-09-02 08:34:03.317 JST" StructureHandle="=IFM11/src&amp;lt;ifm11.utils{CONS.java[CONS[LogActv^list_LogFiles" StructureKind="java" NumEvents="11" CreationCount="254"/><InteractionEvent Delta="null" EndDate="2014-09-02 10:08:42.522 JST" Interest="89.202995" Kind="propagation" Navigation="org.eclipse.mylyn.core.model.edges.containment" OriginId="org.eclipse.mylyn.core.model.interest.propagation" StartDate="2014-09-02 08:32:52.386 JST" StructureHandle="=IFM11/src&amp;lt;ifm11.main{MainActv.java[MainActv" StructureKind="java" NumEvents="123" CreationCount="237"/><InteractionEvent Delta="null" EndDate="2014-09-02 09:58:59.521 JST" Interest="18.0" Kind="selection" Navigation="null" OriginId="org.eclipse.jdt.ui.CompilationUnitEditor" StartDate="2014-09-02 08:28:43.355 JST" StructureHandle="=IFM11/src&amp;lt;ifm11.main{LogActv.java" StructureKind="java" NumEvents="18" CreationCount="130"/><InteractionEvent Delta="null" EndDate="2014-09-02 09:49:16.38 JST" Interest="216.107" Kind="propagation" Navigation="org.eclipse.mylyn.core.model.edges.containment" OriginId="org.eclipse.mylyn.core.model.interest.propagation" StartDate="2014-09-02 08:28:53.828 JST" StructureHandle="=IFM11/src&amp;lt;ifm11.main{LogActv.java" StructureKind="java" NumEvents="311" CreationCount="130"/><InteractionEvent Delta="null" EndDate="2014-09-02 08:17:14.431 JST" Interest="1.0" Kind="selection" Navigation="null" OriginId="org.eclipse.ui.views.ResourceNavigator" StartDate="2014-09-02 08:17:14.431 JST" StructureHandle="=TA2/src&amp;lt;ta2.utils" StructureKind="java"/><InteractionEvent Delta="null" EndDate="2014-09-02 08:44:05.321 JST" Interest="7.4509997" Kind="propagation" Navigation="org.eclipse.mylyn.core.model.edges.containment" OriginId="org.eclipse.mylyn.core.model.interest.propagation" StartDate="2014-09-02 08:17:15.558 JST" StructureHandle="=TA2/src&amp;lt;ta2.utils" StructureKind="java" NumEvents="13" CreationCount="28"/><InteractionEvent Delta="null" EndDate="2014-09-02 08:16:16.68 JST" Interest="1.0" Kind="selection" Navigation="null" OriginId="org.eclipse.jdt.ui.PackageExplorer" StartDate="2014-09-02 08:16:16.68 JST" StructureHandle="=IFM11/src&amp;lt;ifm11.utils" StructureKind="java"/><InteractionEvent Delta="null" EndDate="2014-09-02 10:17:47.851 JST" Interest="204.122" Kind="propagation" Navigation="org.eclipse.mylyn.core.model.edges.containment" OriginId="org.eclipse.mylyn.core.model.interest.propagation" StartDate="2014-09-02 08:16:17.547 JST" StructureHandle="=IFM11/src&amp;lt;ifm11.utils" StructureKind="java" NumEvents="299" CreationCount="340"/><InteractionEvent Delta="null" EndDate="2014-09-02 08:54:12.350 JST" Interest="1.0" Kind="propagation" Navigation="null" OriginId="org.eclipse.mylyn.resources.ui.interest.updater" StartDate="2014-09-02 08:54:12.350 JST" StructureHandle="/IFM11/bin/AndroidManifest.xml" StructureKind="resource"/><InteractionEvent Delta="null" EndDate="2014-09-02 09:28:39.185 JST" Interest="48.0" Kind="edit" Navigation="null" OriginId="org.eclipse.jdt.ui.CompilationUnitEditor" StartDate="2014-09-02 08:47:50.8 JST" StructureHandle="=IFM11/src&amp;lt;ifm11.main{LogActv.java[LogActv~_Setup_Adapter" StructureKind="java" NumEvents="48" CreationCount="441"/><InteractionEvent Delta="null" EndDate="2014-09-02 09:28:43.444 JST" Interest="8.0" Kind="selection" Navigation="null" OriginId="org.eclipse.jdt.ui.CompilationUnitEditor" StartDate="2014-09-02 08:47:49.325 JST" StructureHandle="=IFM11/src&amp;lt;ifm11.main{LogActv.java[LogActv~_Setup_Adapter" StructureKind="java" NumEvents="8" CreationCount="441"/><InteractionEvent Delta="null" EndDate="2014-09-02 08:33:47.292 JST" Interest="3.0" Kind="edit" Navigation="null" OriginId="org.eclipse.jdt.ui.CompilationUnitEditor" StartDate="2014-09-02 08:31:37.653 JST" StructureHandle="=IFM11/src&amp;lt;ifm11.utils{CONS.java[CONS[MainActv" StructureKind="java" NumEvents="3" CreationCount="207"/><InteractionEvent Delta="null" EndDate="2014-09-02 08:33:46.601 JST" Interest="4.0" Kind="selection" Navigation="null" OriginId="org.eclipse.jdt.ui.CompilationUnitEditor" StartDate="2014-09-02 08:31:36.896 JST" StructureHandle="=IFM11/src&amp;lt;ifm11.utils{CONS.java[CONS[MainActv" StructureKind="java" NumEvents="4" CreationCount="207"/><InteractionEvent Delta="null" EndDate="2014-09-02 10:03:19.541 JST" Interest="26.0" Kind="selection" Navigation="null" OriginId="org.eclipse.jdt.ui.CompilationUnitEditor" StartDate="2014-09-02 08:16:17.545 JST" StructureHandle="=IFM11/src&amp;lt;ifm11.utils{CONS.java" StructureKind="java" NumEvents="26" CreationCount="4"/><InteractionEvent Delta="null" EndDate="2014-09-02 08:31:50.279 JST" Interest="8.221001" Kind="propagation" Navigation="org.eclipse.mylyn.core.model.edges.containment" OriginId="org.eclipse.mylyn.core.model.interest.propagation" StartDate="2014-09-02 08:16:23.903 JST" StructureHandle="=IFM11/src&amp;lt;ifm11.utils{CONS.java" StructureKind="java" NumEvents="15" CreationCount="4"/><InteractionEvent Delta="null" EndDate="2014-09-02 08:29:35.907 JST" Interest="1.4480002" Kind="manipulation" Navigation="null" OriginId="org.eclipse.mylyn.core.model.interest.decay.correction" StartDate="2014-09-02 08:29:35.907 JST" StructureHandle="=IFM11/src&amp;lt;ifm11.utils{CONS.java%ifm11.utils" StructureKind="java"/><InteractionEvent Delta="null" EndDate="2014-09-02 08:29:35.907 JST" Interest="2.0" Kind="selection" Navigation="null" OriginId="org.eclipse.ui.views.ContentOutline" StartDate="2014-09-02 08:16:20.730 JST" StructureHandle="=IFM11/src&amp;lt;ifm11.utils{CONS.java%ifm11.utils" StructureKind="java" NumEvents="2" CreationCount="6"/><InteractionEvent Delta="null" EndDate="2014-09-02 10:17:42.225 JST" Interest="248.0" Kind="edit" Navigation="null" OriginId="org.eclipse.jdt.ui.CompilationUnitEditor" StartDate="2014-09-02 09:36:54.980 JST" StructureHandle="=IFM11/src&amp;lt;ifm11.utils{Methods.java[Methods~write_Log~QActivity;~QString;~QString;~I" StructureKind="java" NumEvents="248" CreationCount="906"/><InteractionEvent Delta="null" EndDate="2014-09-02 10:17:36.344 JST" Interest="17.0" Kind="selection" Navigation="null" OriginId="org.eclipse.jdt.ui.CompilationUnitEditor" StartDate="2014-09-02 09:36:53.812 JST" StructureHandle="=IFM11/src&amp;lt;ifm11.utils{Methods.java[Methods~write_Log~QActivity;~QString;~QString;~I" StructureKind="java" NumEvents="17" CreationCount="906"/><InteractionEvent Delta="null" EndDate="2014-09-02 10:08:42.522 JST" Interest="101.0" Kind="edit" Navigation="null" OriginId="org.eclipse.jdt.ui.CompilationUnitEditor" StartDate="2014-09-02 09:34:44.328 JST" StructureHandle="=IFM11/src&amp;lt;ifm11.main{MainActv.java[MainActv~onCreate~QBundle;" StructureKind="java" NumEvents="101" CreationCount="796"/><InteractionEvent Delta="null" EndDate="2014-09-02 10:08:18.279 JST" Interest="9.0" Kind="selection" Navigation="null" OriginId="org.eclipse.jdt.ui.CompilationUnitEditor" StartDate="2014-09-02 09:34:43.193 JST" StructureHandle="=IFM11/src&amp;lt;ifm11.main{MainActv.java[MainActv~onCreate~QBundle;" StructureKind="java" NumEvents="9" CreationCount="796"/><InteractionEvent Delta="null" EndDate="2014-09-02 10:17:47.851 JST" Interest="1295.0" Kind="propagation" Navigation="null" OriginId="org.eclipse.jdt.ui.CompilationUnitEditor" StartDate="2014-09-02 08:15:19.8 JST" StructureHandle="/IFM11" StructureKind="resource" NumEvents="1295" CreationCount="1"/><InteractionEvent Delta="null" EndDate="2014-09-02 09:33:26.947 JST" Interest="4.097" Kind="manipulation" Navigation="null" OriginId="org.eclipse.mylyn.core.model.interest.decay.correction" StartDate="2014-09-02 09:33:26.947 JST" StructureHandle="=IFM11/src&amp;lt;ifm11.main{LogActv.java[LogActv~_Setup_InitVars" StructureKind="java"/><InteractionEvent Delta="null" EndDate="2014-09-02 09:34:23.638 JST" Interest="14.0" Kind="edit" Navigation="null" OriginId="org.eclipse.jdt.ui.CompilationUnitEditor" StartDate="2014-09-02 08:47:07.191 JST" StructureHandle="=IFM11/src&amp;lt;ifm11.main{LogActv.java[LogActv~_Setup_InitVars" StructureKind="java" NumEvents="14" CreationCount="421"/><InteractionEvent Delta="null" EndDate="2014-09-02 09:34:19.346 JST" Interest="5.0" Kind="selection" Navigation="null" OriginId="org.eclipse.jdt.ui.CompilationUnitEditor" StartDate="2014-09-02 08:47:05.964 JST" StructureHandle="=IFM11/src&amp;lt;ifm11.main{LogActv.java[LogActv~_Setup_InitVars" StructureKind="java" NumEvents="5" CreationCount="421"/><InteractionEvent Delta="null" EndDate="2014-09-02 10:12:39.825 JST" Interest="12.0" Kind="prediction" Navigation="null" OriginId="org.eclipse.mylyn.resources.ui.interest.updater" StartDate="2014-09-02 08:21:05.725 JST" StructureHandle="/IFM11/bin/classes.dex" StructureKind="resource" NumEvents="12" CreationCount="89"/><InteractionEvent Delta="null" EndDate="2014-09-02 09:49:36.435 JST" Interest="2.0" Kind="propagation" Navigation="org.eclipse.mylyn.core.model.edges.containment" OriginId="org.eclipse.mylyn.core.model.interest.propagation" StartDate="2014-09-02 09:49:33.551 JST" StructureHandle="=IFM11/src&amp;lt;ifm11.utils{CONS.java[CONS[DB[Sqls" StructureKind="java" NumEvents="2" CreationCount="945"/><InteractionEvent Delta="null" EndDate="2014-09-02 09:23:38.858 JST" Interest="41.051003" Kind="propagation" Navigation="null" OriginId="org.eclipse.ui.views.ContentOutline" StartDate="2014-09-02 08:17:11.358 JST" StructureHandle="/TA2/src" StructureKind="resource" NumEvents="44" CreationCount="26"/><InteractionEvent Delta="null" EndDate="2014-09-02 09:23:38.854 JST" Interest="40.051003" Kind="propagation" Navigation="org.eclipse.mylyn.core.model.edges.containment" OriginId="org.eclipse.mylyn.core.model.interest.propagation" StartDate="2014-09-02 08:17:11.358 JST" StructureHandle="=TA2" StructureKind="resource" NumEvents="44" CreationCount="26"/><InteractionEvent Delta="null" EndDate="2014-09-02 08:50:47.751 JST" Interest="2.0" Kind="selection" Navigation="null" OriginId="org.eclipse.jdt.ui.CompilationUnitEditor" StartDate="2014-09-02 08:50:34.732 JST" StructureHandle="=IFM11/src&amp;lt;ifm11.main{LogActv.java#ifm11.adapters.Adp_MainList" StructureKind="java" NumEvents="2" CreationCount="518"/><InteractionEvent Delta="null" EndDate="2014-09-02 09:25:11.876 JST" Interest="13.017" Kind="propagation" Navigation="org.eclipse.mylyn.core.model.edges.containment" OriginId="org.eclipse.mylyn.core.model.interest.propagation" StartDate="2014-09-02 08:32:23.781 JST" StructureHandle="/IFM11/src/ifm11/adapters" StructureKind="resource" NumEvents="14" CreationCount="226"/><InteractionEvent Delta="null" EndDate="2014-09-02 08:44:00.58 JST" Interest="7.321" Kind="propagation" Navigation="org.eclipse.mylyn.core.model.edges.containment" OriginId="org.eclipse.mylyn.core.model.interest.propagation" StartDate="2014-09-02 08:17:25.621 JST" StructureHandle="=TA2/src&amp;lt;ta2.utils{CONS.java[CONS" StructureKind="java" NumEvents="9" CreationCount="31"/><InteractionEvent Delta="null" EndDate="2014-09-02 08:54:12.350 JST" Interest="2.0" Kind="propagation" Navigation="null" OriginId="org.eclipse.mylyn.resources.ui.interest.updater" StartDate="2014-09-02 08:54:12.352 JST" StructureHandle="=IFM11/gen&amp;lt;ifm11.main" StructureKind="java" NumEvents="2" CreationCount="535"/><InteractionEvent Delta="null" EndDate="2014-09-02 10:08:42.523 JST" Interest="646.01697" Kind="propagation" Navigation="null" OriginId="org.eclipse.jdt.ui.CompilationUnitEditor" StartDate="2014-09-02 08:28:41.596 JST" StructureHandle="/IFM11/src/ifm11/main" StructureKind="resource" NumEvents="647" CreationCount="129"/><InteractionEvent Delta="null" EndDate="2014-09-02 09:27:39.416 JST" Interest="1.0" Kind="propagation" Navigation="null" OriginId="org.eclipse.mylyn.resources.ui.interest.updater" StartDate="2014-09-02 09:27:39.416 JST" StructureHandle="/IFM11/bin/dexedLibs/annotations-d288b20aa2286e3172641d3161bdbc70.jar" StructureKind="resource"/><InteractionEvent Delta="null" EndDate="2014-09-02 08:50:07.757 JST" Interest="29.0" Kind="edit" Navigation="null" OriginId="org.eclipse.jdt.ui.CompilationUnitEditor" StartDate="2014-09-02 08:28:55.764 JST" StructureHandle="=IFM11/src&amp;lt;ifm11.main{LogActv.java[LogActv~onStart" StructureKind="java" NumEvents="29" CreationCount="135"/><InteractionEvent Delta="null" EndDate="2014-09-02 08:49:50.303 JST" Interest="6.0" Kind="selection" Navigation="null" OriginId="org.eclipse.jdt.ui.CompilationUnitEditor" StartDate="2014-09-02 08:28:55.51 JST" StructureHandle="=IFM11/src&amp;lt;ifm11.main{LogActv.java[LogActv~onStart" StructureKind="java" NumEvents="6" CreationCount="135"/><InteractionEvent Delta="null" EndDate="2014-09-02 08:54:47.935 JST" Interest="1.0" Kind="edit" Navigation="null" OriginId="org.eclipse.jdt.ui.CompilationUnitEditor" StartDate="2014-09-02 08:54:47.935 JST" StructureHandle="=TA2/src&amp;lt;ta2.main{MainActv.java[MainActv~onStart" StructureKind="java"/><InteractionEvent Delta="null" EndDate="2014-09-02 08:54:45.246 JST" Interest="1.0" Kind="selection" Navigation="null" OriginId="org.eclipse.jdt.ui.CompilationUnitEditor" StartDate="2014-09-02 08:54:45.246 JST" StructureHandle="=TA2/src&amp;lt;ta2.main{MainActv.java[MainActv~onStart" StructureKind="java"/><InteractionEvent Delta="null" EndDate="2014-09-02 09:23:38.853 JST" Interest="2.0" Kind="selection" Navigation="null" OriginId="org.eclipse.ui.views.ContentOutline" StartDate="2014-09-02 09:23:35.656 JST" StructureHandle="=TA2/src&amp;lt;ta2.main{MainActv.java[MainActv~do_test" StructureKind="java" NumEvents="2" CreationCount="549"/><InteractionEvent Delta="null" EndDate="2014-09-02 08:44:05.321 JST" Interest="8.0" Kind="selection" Navigation="null" OriginId="org.eclipse.jdt.ui.CompilationUnitEditor" StartDate="2014-09-02 08:17:15.557 JST" StructureHandle="=TA2/src&amp;lt;ta2.utils{CONS.java" StructureKind="java" NumEvents="8" CreationCount="29"/><InteractionEvent Delta="null" EndDate="2014-09-02 08:17:29.778 JST" Interest="0.43400013" Kind="propagation" Navigation="org.eclipse.mylyn.core.model.edges.containment" OriginId="org.eclipse.mylyn.core.model.interest.propagation" StartDate="2014-09-02 08:17:29.778 JST" StructureHandle="=TA2/src&amp;lt;ta2.utils{CONS.java" StructureKind="java"/><InteractionEvent Delta="null" EndDate="2014-09-02 08:44:00.57 JST" Interest="7.321" Kind="propagation" Navigation="org.eclipse.mylyn.core.model.edges.containment" OriginId="org.eclipse.mylyn.core.model.interest.propagation" StartDate="2014-09-02 08:17:25.621 JST" StructureHandle="=TA2/src&amp;lt;ta2.utils{CONS.java[CONS[DB" StructureKind="java" NumEvents="9" CreationCount="31"/><InteractionEvent Delta="null" EndDate="2014-09-02 09:23:38.872 JST" Interest="2.0" Kind="selection" Navigation="null" OriginId="org.eclipse.ui.views.ContentOutline" StartDate="2014-09-02 09:23:37.67 JST" StructureHandle="=IFM11/src&amp;lt;ifm11.main{LogActv.java[LogActv~onCreateOptionsMenu~QMenu;" StructureKind="java" NumEvents="2" CreationCount="551"/><InteractionEvent Delta="null" EndDate="2014-09-02 09:49:55.668 JST" Interest="6.545001" Kind="manipulation" Navigation="null" OriginId="org.eclipse.mylyn.core.model.interest.decay.correction" StartDate="2014-09-02 09:49:55.668 JST" StructureHandle="=IFM11/src&amp;lt;ifm11.utils{CONS.java[CONS[DB^fname_DB_Backup_Trunk" StructureKind="java"/><InteractionEvent Delta="null" EndDate="2014-09-02 08:30:35.554 JST" Interest="1.0" Kind="edit" Navigation="null" OriginId="org.eclipse.jdt.ui.CompilationUnitEditor" StartDate="2014-09-02 08:30:35.554 JST" StructureHandle="=IFM11/src&amp;lt;ifm11.utils{CONS.java[CONS[DB^fname_DB_Backup_Trunk" StructureKind="java"/><InteractionEvent Delta="null" EndDate="2014-09-02 09:49:55.668 JST" Interest="2.0" Kind="selection" Navigation="null" OriginId="org.eclipse.jdt.ui.CompilationUnitEditor" StartDate="2014-09-02 08:30:34.538 JST" StructureHandle="=IFM11/src&amp;lt;ifm11.utils{CONS.java[CONS[DB^fname_DB_Backup_Trunk" StructureKind="java" NumEvents="2" CreationCount="470"/><InteractionEvent Delta="null" EndDate="2014-09-02 09:34:15.933 JST" Interest="4.2190003" Kind="manipulation" Navigation="null" OriginId="org.eclipse.mylyn.core.model.interest.decay.correction" StartDate="2014-09-02 09:34:15.933 JST" StructureHandle="=IFM11/src&amp;lt;ifm11.main{LogActv.java[LogActv~onBackPressed" StructureKind="java"/><InteractionEvent Delta="null" EndDate="2014-09-02 09:34:15.933 JST" Interest="2.0" Kind="selection" Navigation="null" OriginId="org.eclipse.jdt.ui.CompilationUnitEditor" StartDate="2014-09-02 08:45:56.69 JST" StructureHandle="=IFM11/src&amp;lt;ifm11.main{LogActv.java[LogActv~onBackPressed" StructureKind="java" NumEvents="2" CreationCount="472"/><InteractionEvent Delta="null" EndDate="2014-09-02 08:54:12.350 JST" Interest="1.0" Kind="propagation" Navigation="null" OriginId="org.eclipse.mylyn.resources.ui.interest.updater" StartDate="2014-09-02 08:54:12.350 JST" StructureHandle="=IFM11/gen&amp;lt;ifm11.main{BuildConfig.java" StructureKind="java"/><InteractionEvent Delta="null" EndDate="2014-09-02 08:29:15.452 JST" Interest="0.49600005" Kind="manipulation" Navigation="null" OriginId="org.eclipse.mylyn.core.model.interest.decay.correction" StartDate="2014-09-02 08:29:15.452 JST" StructureHandle="=IFM11/src&amp;lt;ifm11.utils{CONS.java[CONS[DB^tname_IFM11" StructureKind="java"/><InteractionEvent Delta="null" EndDate="2014-09-02 08:30:38.347 JST" Interest="3.0" Kind="selection" Navigation="null" OriginId="org.eclipse.jdt.ui.CompilationUnitEditor" StartDate="2014-09-02 08:18:41.819 JST" StructureHandle="=IFM11/src&amp;lt;ifm11.utils{CONS.java[CONS[DB^tname_IFM11" StructureKind="java" NumEvents="3" CreationCount="52"/><InteractionEvent Delta="null" EndDate="2014-09-02 09:59:30.546 JST" Interest="94.0" Kind="edit" Navigation="null" OriginId="org.eclipse.jdt.ui.CompilationUnitEditor" StartDate="2014-09-02 08:19:57.881 JST" StructureHandle="=IFM11/src&amp;lt;ifm11.utils{Methods.java[Methods~backup_DB~QActivity;" StructureKind="java" NumEvents="94" CreationCount="66"/><InteractionEvent Delta="null" EndDate="2014-09-02 09:59:27.571 JST" Interest="11.0" Kind="selection" Navigation="null" OriginId="org.eclipse.jdt.ui.CompilationUnitEditor" StartDate="2014-09-02 08:19:55.92 JST" StructureHandle="=IFM11/src&amp;lt;ifm11.utils{Methods.java[Methods~backup_DB~QActivity;" StructureKind="java" NumEvents="11" CreationCount="66"/><InteractionEvent Delta="null" EndDate="2014-09-02 08:54:12.350 JST" Interest="1.0" Kind="propagation" Navigation="null" OriginId="org.eclipse.mylyn.resources.ui.interest.updater" StartDate="2014-09-02 08:54:12.350 JST" StructureHandle="=IFM11/gen&amp;lt;ifm11.main{R.java" StructureKind="java"/><InteractionEvent Delta="null" EndDate="2014-09-02 08:17:11.357 JST" Interest="1.0" Kind="selection" Navigation="null" OriginId="org.eclipse.ui.views.ResourceNavigator" StartDate="2014-09-02 08:17:11.357 JST" StructureHandle="=TA2/src" StructureKind="java"/><InteractionEvent Delta="null" EndDate="2014-09-02 08:44:05.322 JST" Interest="7.485" Kind="propagation" Navigation="org.eclipse.mylyn.core.model.edges.containment" OriginId="org.eclipse.mylyn.core.model.interest.propagation" StartDate="2014-09-02 08:17:12.618 JST" StructureHandle="=TA2/src" StructureKind="java" NumEvents="17" CreationCount="26"/><InteractionEvent Delta="null" EndDate="2014-09-02 08:43:58.920 JST" Interest="6.1" Kind="propagation" Navigation="org.eclipse.mylyn.core.model.edges.containment" OriginId="org.eclipse.mylyn.core.model.interest.propagation" StartDate="2014-09-02 08:18:49.321 JST" StructureHandle="=TA2/src&amp;lt;ta2.utils{Methods.java[Methods" StructureKind="java" NumEvents="7" CreationCount="57"/><InteractionEvent Delta="null" EndDate="2014-09-02 09:49:31.932 JST" Interest="1.0" Kind="selection" Navigation="null" OriginId="org.eclipse.jdt.ui.CompilationUnitEditor" StartDate="2014-09-02 09:49:31.932 JST" StructureHandle="=IFM11/src&amp;lt;ifm11.utils{CONS.java[CONS[Pref^pkey_CurrentPosition_MainActv" StructureKind="java"/><InteractionEvent Delta="null" EndDate="2014-09-02 10:17:47.851 JST" Interest="411.0" Kind="propagation" Navigation="null" OriginId="org.eclipse.jdt.ui.CompilationUnitEditor" StartDate="2014-09-02 08:19:50.77 JST" StructureHandle="/IFM11/src/ifm11/utils/Methods.java" StructureKind="resource" NumEvents="411" CreationCount="63"/><InteractionEvent Delta="null" EndDate="2014-09-02 08:44:10.565 JST" Interest="4.0" Kind="selection" Navigation="null" OriginId="org.eclipse.jdt.ui.CompilationUnitEditor" StartDate="2014-09-02 08:31:52.416 JST" StructureHandle="=IFM11/src&amp;lt;ifm11.utils{CONS.java[CONS[LogActv" StructureKind="java" NumEvents="4" CreationCount="214"/><InteractionEvent Delta="null" EndDate="2014-09-02 09:49:25.145 JST" Interest="11.962" Kind="propagation" Navigation="org.eclipse.mylyn.core.model.edges.containment" OriginId="org.eclipse.mylyn.core.model.interest.propagation" StartDate="2014-09-02 08:32:05.526 JST" StructureHandle="=IFM11/src&amp;lt;ifm11.utils{CONS.java[CONS[LogActv" StructureKind="java" NumEvents="13" CreationCount="214"/><InteractionEvent Delta="null" EndDate="2014-09-02 10:17:47.850 JST" Interest="16.0" Kind="edit" Navigation="null" OriginId="org.eclipse.jdt.ui.CompilationUnitEditor" StartDate="2014-09-02 08:19:50.635 JST" StructureHandle="=IFM11/src&amp;lt;ifm11.utils{Methods.java" StructureKind="java" NumEvents="16" CreationCount="63"/><InteractionEvent Delta="null" EndDate="2014-09-02 10:17:46.247 JST" Interest="21.0" Kind="selection" Navigation="null" OriginId="org.eclipse.jdt.ui.CompilationUnitEditor" StartDate="2014-09-02 08:19:50.76 JST" StructureHandle="=IFM11/src&amp;lt;ifm11.utils{Methods.java" StructureKind="java" NumEvents="21" CreationCount="63"/><InteractionEvent Delta="null" EndDate="2014-09-02 10:13:40.128 JST" Interest="177.631" Kind="propagation" Navigation="org.eclipse.mylyn.core.model.edges.containment" OriginId="org.eclipse.mylyn.core.model.interest.propagation" StartDate="2014-09-02 08:20:06.47 JST" StructureHandle="=IFM11/src&amp;lt;ifm11.utils{Methods.java" StructureKind="java" NumEvents="257" CreationCount="63"/></InteractionHistory>