<?xml version="1.0" encoding="UTF-8"?><InteractionHistory Id="local-189" Version="1"><InteractionEvent Delta="null" EndDate="2014-11-05 21:08:46.764 JST" Interest="904.051" Kind="propagation" Navigation="org.eclipse.mylyn.core.model.edges.containment" OriginId="org.eclipse.mylyn.core.model.interest.propagation" StartDate="2014-11-05 20:32:39.483 JST" StructureHandle="=CutPlanner_A" StructureKind="resource" NumEvents="908" CreationCount="2"/><InteractionEvent Delta="null" EndDate="2014-11-05 20:42:37.551 JST" Interest="2.0" Kind="selection" Navigation="null" OriginId="org.eclipse.jdt.ui.CompilationUnitEditor" StartDate="2014-11-05 20:40:26.373 JST" StructureHandle="=CutPlanner_A/src&amp;lt;cp.utils{CONS.java[CONS[Canvas^LineWidth_Rect_B" StructureKind="java" NumEvents="2" CreationCount="26"/><InteractionEvent Delta="null" EndDate="2014-11-05 20:42:37.556 JST" Interest="2.0" Kind="edit" Navigation="null" OriginId="org.eclipse.jdt.ui.CompilationUnitEditor" StartDate="2014-11-05 20:40:26.379 JST" StructureHandle="=CutPlanner_A/src&amp;lt;cp.utils{CONS.java[CONS[Canvas^LineWidth_Rect_B" StructureKind="java" NumEvents="2" CreationCount="26"/><InteractionEvent Delta="null" EndDate="2014-11-05 20:40:30.974 JST" Interest="1.0" Kind="selection" Navigation="null" OriginId="org.eclipse.jdt.ui.CompilationUnitEditor" StartDate="2014-11-05 20:40:30.974 JST" StructureHandle="=CutPlanner_A/src&amp;lt;cp.utils{CONS.java[CONS[Canvas^DrawB" StructureKind="java"/><InteractionEvent Delta="null" EndDate="2014-11-05 20:40:30.984 JST" Interest="1.0" Kind="edit" Navigation="null" OriginId="org.eclipse.jdt.ui.CompilationUnitEditor" StartDate="2014-11-05 20:40:30.984 JST" StructureHandle="=CutPlanner_A/src&amp;lt;cp.utils{CONS.java[CONS[Canvas^DrawB" StructureKind="java"/><InteractionEvent Delta="null" EndDate="2014-11-05 20:41:14.477 JST" Interest="1.0" Kind="selection" Navigation="null" OriginId="org.eclipse.jdt.ui.PackageExplorer" StartDate="2014-11-05 20:41:14.477 JST" StructureHandle="=CutPlanner_A/src&amp;lt;cp.views" StructureKind="java"/><InteractionEvent Delta="null" EndDate="2014-11-05 21:08:46.763 JST" Interest="65.222" Kind="propagation" Navigation="org.eclipse.mylyn.core.model.edges.containment" OriginId="org.eclipse.mylyn.core.model.interest.propagation" StartDate="2014-11-05 20:41:16.589 JST" StructureHandle="=CutPlanner_A/src&amp;lt;cp.views" StructureKind="java" NumEvents="96" CreationCount="82"/><InteractionEvent Delta="null" EndDate="2014-11-05 20:45:43.206 JST" Interest="2.0" Kind="selection" Navigation="null" OriginId="org.eclipse.ui.views.ContentOutline" StartDate="2014-11-05 20:40:55.142 JST" StructureHandle="=CutPlanner_A/src&amp;lt;cp.main{MainActv.java%cp.main" StructureKind="java" NumEvents="2" CreationCount="55"/><InteractionEvent Delta="null" EndDate="2014-11-05 20:45:43.206 JST" Interest="2.7570002" Kind="manipulation" Navigation="null" OriginId="org.eclipse.mylyn.core.model.interest.decay.correction" StartDate="2014-11-05 20:45:43.206 JST" StructureHandle="=CutPlanner_A/src&amp;lt;cp.main{MainActv.java%cp.main" StructureKind="java"/><InteractionEvent Delta="null" EndDate="2014-11-05 21:03:49.597 JST" Interest="2.0" Kind="selection" Navigation="null" OriginId="org.eclipse.jdt.ui.CompilationUnitEditor" StartDate="2014-11-05 21:03:39.34 JST" StructureHandle="=CutPlanner_A/src&amp;lt;cp.listeners.view{V_OTL.java[V_OTL~_case_ACTION_DOWN~F~F" StructureKind="java" NumEvents="2" CreationCount="837"/><InteractionEvent Delta="null" EndDate="2014-11-05 20:49:05.295 JST" Interest="8.0" Kind="selection" Navigation="null" OriginId="org.eclipse.jdt.ui.CompilationUnitEditor" StartDate="2014-11-05 20:41:51.436 JST" StructureHandle="=CutPlanner_A/src&amp;lt;cp.views{CV.java[CV~draw_Rect_B~QActivity;" StructureKind="java" NumEvents="8" CreationCount="92"/><InteractionEvent Delta="null" EndDate="2014-11-05 20:45:22.227 JST" Interest="19.0" Kind="edit" Navigation="null" OriginId="org.eclipse.jdt.ui.CompilationUnitEditor" StartDate="2014-11-05 20:41:52.189 JST" StructureHandle="=CutPlanner_A/src&amp;lt;cp.views{CV.java[CV~draw_Rect_B~QActivity;" StructureKind="java" NumEvents="19" CreationCount="92"/><InteractionEvent Delta="null" EndDate="2014-11-05 21:08:46.763 JST" Interest="135.017" Kind="propagation" Navigation="org.eclipse.mylyn.core.model.edges.containment" OriginId="org.eclipse.mylyn.core.model.interest.propagation" StartDate="2014-11-05 20:41:14.477 JST" StructureHandle="/CutPlanner_A/src/cp/views" StructureKind="resource" NumEvents="136" CreationCount="82"/><InteractionEvent Delta="null" EndDate="2014-11-05 21:04:32.910 JST" Interest="4.0" Kind="selection" Navigation="null" OriginId="org.eclipse.jdt.ui.CompilationUnitEditor" StartDate="2014-11-05 21:03:51.861 JST" StructureHandle="=CutPlanner_A/src&amp;lt;cp.listeners.view{V_OTL.java[V_OTL~onTouch~QView;~QMotionEvent;" StructureKind="java" NumEvents="4" CreationCount="840"/><InteractionEvent Delta="null" EndDate="2014-11-05 21:05:02.765 JST" Interest="7.0" Kind="edit" Navigation="null" OriginId="org.eclipse.jdt.ui.CompilationUnitEditor" StartDate="2014-11-05 21:03:54.198 JST" StructureHandle="=CutPlanner_A/src&amp;lt;cp.listeners.view{V_OTL.java[V_OTL~onTouch~QView;~QMotionEvent;" StructureKind="java" NumEvents="7" CreationCount="840"/><InteractionEvent Delta="null" EndDate="2014-11-05 20:54:51.847 JST" Interest="1.0" Kind="selection" Navigation="null" OriginId="org.eclipse.jdt.ui.CompilationUnitEditor" StartDate="2014-11-05 20:54:51.847 JST" StructureHandle="=CutPlanner_A/src&amp;lt;cp.listeners.view{V_OTL.java[V_OTL^d2" StructureKind="java"/><InteractionEvent Delta="null" EndDate="2014-11-05 21:05:02.766 JST" Interest="66.0" Kind="propagation" Navigation="null" OriginId="org.eclipse.jdt.ui.CompilationUnitEditor" StartDate="2014-11-05 20:54:50.284 JST" StructureHandle="/CutPlanner_A/src/cp/listeners/view/V_OTL.java" StructureKind="resource" NumEvents="66" CreationCount="639"/><InteractionEvent Delta="null" EndDate="2014-11-05 21:04:30.907 JST" Interest="3.0" Kind="selection" Navigation="null" OriginId="org.eclipse.jdt.ui.CompilationUnitEditor" StartDate="2014-11-05 21:03:41.282 JST" StructureHandle="=CutPlanner_A/src&amp;lt;cp.listeners.view{V_OTL.java[V_OTL" StructureKind="java" NumEvents="3" CreationCount="640"/><InteractionEvent Delta="null" EndDate="2014-11-05 21:04:29.638 JST" Interest="29.534" Kind="propagation" Navigation="org.eclipse.mylyn.core.model.edges.containment" OriginId="org.eclipse.mylyn.core.model.interest.propagation" StartDate="2014-11-05 20:54:51.21 JST" StructureHandle="=CutPlanner_A/src&amp;lt;cp.listeners.view{V_OTL.java[V_OTL" StructureKind="java" NumEvents="42" CreationCount="640"/><InteractionEvent Delta="null" EndDate="2014-11-05 20:54:35.652 JST" Interest="7.0" Kind="selection" Navigation="null" OriginId="org.eclipse.jdt.ui.CompilationUnitEditor" StartDate="2014-11-05 20:40:56.835 JST" StructureHandle="=CutPlanner_A/src&amp;lt;cp.main{MainActv.java[MainActv~onStart" StructureKind="java" NumEvents="7" CreationCount="56"/><InteractionEvent Delta="null" EndDate="2014-11-05 20:54:36.337 JST" Interest="82.0" Kind="edit" Navigation="null" OriginId="org.eclipse.jdt.ui.CompilationUnitEditor" StartDate="2014-11-05 20:40:56.932 JST" StructureHandle="=CutPlanner_A/src&amp;lt;cp.main{MainActv.java[MainActv~onStart" StructureKind="java" NumEvents="82" CreationCount="56"/><InteractionEvent Delta="null" EndDate="2014-11-05 20:53:37.569 JST" Interest="1.7170005" Kind="manipulation" Navigation="null" OriginId="org.eclipse.mylyn.core.model.interest.decay.correction" StartDate="2014-11-05 20:53:37.569 JST" StructureHandle="=CutPlanner_A/src&amp;lt;cp.main{MainActv.java[MainActv~onStart" StructureKind="java"/><InteractionEvent Delta="null" EndDate="2014-11-05 21:06:36.52 JST" Interest="3.0" Kind="selection" Navigation="null" OriginId="org.eclipse.jdt.ui.CompilationUnitEditor" StartDate="2014-11-05 20:59:17.612 JST" StructureHandle="=CutPlanner_A/src&amp;lt;cp.utils{Methods.java[Methods" StructureKind="java" NumEvents="3" CreationCount="663"/><InteractionEvent Delta="null" EndDate="2014-11-05 21:08:46.154 JST" Interest="109.4" Kind="propagation" Navigation="org.eclipse.mylyn.core.model.edges.containment" OriginId="org.eclipse.mylyn.core.model.interest.propagation" StartDate="2014-11-05 20:56:07.102 JST" StructureHandle="=CutPlanner_A/src&amp;lt;cp.utils{Methods.java[Methods" StructureKind="java" NumEvents="155" CreationCount="663"/><InteractionEvent Delta="null" EndDate="2014-11-05 21:06:42.205 JST" Interest="3.0" Kind="edit" Navigation="null" OriginId="org.eclipse.jdt.ui.CompilationUnitEditor" StartDate="2014-11-05 21:06:38.326 JST" StructureHandle="=CutPlanner_A/src&amp;lt;cp.utils{Methods.java[Methods" StructureKind="java" NumEvents="3" CreationCount="663"/><InteractionEvent Delta="null" EndDate="2014-11-05 20:40:03.491 JST" Interest="1.0" Kind="selection" Navigation="null" OriginId="org.eclipse.ui.views.ContentOutline" StartDate="2014-11-05 20:40:03.491 JST" StructureHandle="=CutPlanner_A/src&amp;lt;cp.utils{CONS.java%cp.utils" StructureKind="java"/><InteractionEvent Delta="null" EndDate="2014-11-05 20:50:43.694 JST" Interest="7.0" Kind="selection" Navigation="null" OriginId="org.eclipse.jdt.ui.CompilationUnitEditor" StartDate="2014-11-05 20:39:44.505 JST" StructureHandle="=CutPlanner_A/src&amp;lt;cp.utils{CONS.java" StructureKind="java" NumEvents="7" CreationCount="5"/><InteractionEvent Delta="null" EndDate="2014-11-05 20:53:34.617 JST" Interest="26.550999" Kind="propagation" Navigation="org.eclipse.mylyn.core.model.edges.containment" OriginId="org.eclipse.mylyn.core.model.interest.propagation" StartDate="2014-11-05 20:40:05.908 JST" StructureHandle="=CutPlanner_A/src&amp;lt;cp.utils{CONS.java" StructureKind="java" NumEvents="36" CreationCount="5"/><InteractionEvent Delta="null" EndDate="2014-11-05 20:40:06.953 JST" Interest="1.0" Kind="selection" Navigation="null" OriginId="org.eclipse.jdt.ui.CompilationUnitEditor" StartDate="2014-11-05 20:40:06.953 JST" StructureHandle="=CutPlanner_A/src&amp;lt;cp.utils{CONS.java[CONS[Canvas^Ax1" StructureKind="java"/><InteractionEvent Delta="null" EndDate="2014-11-05 20:40:06.961 JST" Interest="1.0" Kind="edit" Navigation="null" OriginId="org.eclipse.jdt.ui.CompilationUnitEditor" StartDate="2014-11-05 20:40:06.961 JST" StructureHandle="=CutPlanner_A/src&amp;lt;cp.utils{CONS.java[CONS[Canvas^Ax1" StructureKind="java"/><InteractionEvent Delta="null" EndDate="2014-11-05 21:06:44.492 JST" Interest="6.0" Kind="selection" Navigation="null" OriginId="org.eclipse.jdt.ui.CompilationUnitEditor" StartDate="2014-11-05 20:56:07.102 JST" StructureHandle="=CutPlanner_A/src&amp;lt;cp.utils{Methods.java[Methods~identify~QActivity;~F~F" StructureKind="java" NumEvents="6" CreationCount="663"/><InteractionEvent Delta="null" EndDate="2014-11-05 21:08:46.153 JST" Interest="155.0" Kind="edit" Navigation="null" OriginId="org.eclipse.jdt.ui.CompilationUnitEditor" StartDate="2014-11-05 20:56:08.961 JST" StructureHandle="=CutPlanner_A/src&amp;lt;cp.utils{Methods.java[Methods~identify~QActivity;~F~F" StructureKind="java" NumEvents="155" CreationCount="663"/><InteractionEvent Delta="null" EndDate="2014-11-05 20:40:28.111 JST" Interest="1.0" Kind="selection" Navigation="null" OriginId="org.eclipse.jdt.ui.CompilationUnitEditor" StartDate="2014-11-05 20:40:28.111 JST" StructureHandle="=CutPlanner_A/src&amp;lt;cp.utils{CONS.java[CONS[Canvas^Rect_B_Y1_prev" StructureKind="java"/><InteractionEvent Delta="null" EndDate="2014-11-05 20:40:28.119 JST" Interest="1.0" Kind="edit" Navigation="null" OriginId="org.eclipse.jdt.ui.CompilationUnitEditor" StartDate="2014-11-05 20:40:28.119 JST" StructureHandle="=CutPlanner_A/src&amp;lt;cp.utils{CONS.java[CONS[Canvas^Rect_B_Y1_prev" StructureKind="java"/><InteractionEvent Delta="null" EndDate="2014-11-05 20:43:51.510 JST" Interest="1.0" Kind="selection" Navigation="null" OriginId="org.eclipse.jdt.ui.CompilationUnitEditor" StartDate="2014-11-05 20:43:51.510 JST" StructureHandle="=CutPlanner_A/src&amp;lt;cp.main{MainActv.java[MainActv" StructureKind="java"/><InteractionEvent Delta="null" EndDate="2014-11-05 20:53:37.666 JST" Interest="156.868" Kind="propagation" Navigation="org.eclipse.mylyn.core.model.edges.containment" OriginId="org.eclipse.mylyn.core.model.interest.propagation" StartDate="2014-11-05 20:40:56.837 JST" StructureHandle="=CutPlanner_A/src&amp;lt;cp.main{MainActv.java[MainActv" StructureKind="java" NumEvents="219" CreationCount="56"/><InteractionEvent Delta="null" EndDate="2014-11-05 20:43:51.519 JST" Interest="2.0" Kind="edit" Navigation="null" OriginId="org.eclipse.jdt.ui.CompilationUnitEditor" StartDate="2014-11-05 20:43:51.515 JST" StructureHandle="=CutPlanner_A/src&amp;lt;cp.main{MainActv.java[MainActv" StructureKind="java" NumEvents="2" CreationCount="56"/><InteractionEvent Delta="null" EndDate="2014-11-05 20:32:36.208 JST" Interest="1.0" Kind="propagation" Navigation="org.eclipse.mylyn.core.model.edges.containment" OriginId="org.eclipse.mylyn.core.model.interest.propagation" StartDate="2014-11-05 20:32:36.208 JST" StructureHandle="=IFM11" StructureKind="resource"/><InteractionEvent Delta="null" EndDate="2014-11-05 21:03:02.284 JST" Interest="3.0" Kind="selection" Navigation="null" OriginId="org.eclipse.jdt.ui.CompilationUnitEditor" StartDate="2014-11-05 20:41:34.75 JST" StructureHandle="=CutPlanner_A/src&amp;lt;cp.views{CV.java[CV" StructureKind="java" NumEvents="3" CreationCount="85"/><InteractionEvent Delta="null" EndDate="2014-11-05 21:03:00.947 JST" Interest="59.371" Kind="propagation" Navigation="org.eclipse.mylyn.core.model.edges.containment" OriginId="org.eclipse.mylyn.core.model.interest.propagation" StartDate="2014-11-05 20:42:02.156 JST" StructureHandle="=CutPlanner_A/src&amp;lt;cp.views{CV.java[CV" StructureKind="java" NumEvents="80" CreationCount="85"/><InteractionEvent Delta="null" EndDate="2014-11-05 21:03:02.291 JST" Interest="4.0" Kind="edit" Navigation="null" OriginId="org.eclipse.jdt.ui.CompilationUnitEditor" StartDate="2014-11-05 20:41:37.612 JST" StructureHandle="=CutPlanner_A/src&amp;lt;cp.views{CV.java[CV" StructureKind="java" NumEvents="4" CreationCount="85"/><InteractionEvent Delta="null" EndDate="2014-11-05 20:32:36.206 JST" Interest="1.0" Kind="selection" Navigation="null" OriginId="org.eclipse.ui.views.ResourceNavigator" StartDate="2014-11-05 20:32:36.206 JST" StructureHandle="=IFM11/src&amp;lt;ifm11.tasks{Task_CreateTN.java" StructureKind="java"/><InteractionEvent Delta="null" EndDate="2014-11-05 20:32:36.207 JST" Interest="1.0" Kind="propagation" Navigation="org.eclipse.mylyn.core.model.edges.containment" OriginId="org.eclipse.mylyn.core.model.interest.propagation" StartDate="2014-11-05 20:32:36.207 JST" StructureHandle="/IFM11/src/ifm11/tasks" StructureKind="resource"/><InteractionEvent Delta="null" EndDate="2014-11-05 20:54:51.20 JST" Interest="1.0" Kind="selection" Navigation="null" OriginId="org.eclipse.jdt.ui.CompilationUnitEditor" StartDate="2014-11-05 20:54:51.20 JST" StructureHandle="=CutPlanner_A/src&amp;lt;cp.listeners.view{V_OTL.java[V_OTL~V_OTL~QActivity;~QCV;" StructureKind="java"/><InteractionEvent Delta="null" EndDate="2014-11-05 21:08:48.509 JST" Interest="904.068" Kind="propagation" Navigation="org.eclipse.mylyn.core.model.edges.containment" OriginId="org.eclipse.mylyn.core.model.interest.propagation" StartDate="2014-11-05 20:32:36.208 JST" StructureHandle="/" StructureKind="resource" NumEvents="911" CreationCount="1"/><InteractionEvent Delta="null" EndDate="2014-11-05 21:04:30.909 JST" Interest="32.551003" Kind="propagation" Navigation="org.eclipse.mylyn.core.model.edges.containment" OriginId="org.eclipse.mylyn.core.model.interest.propagation" StartDate="2014-11-05 20:54:50.284 JST" StructureHandle="=CutPlanner_A/src&amp;lt;cp.listeners.view" StructureKind="java" NumEvents="46" CreationCount="639"/><InteractionEvent Delta="null" EndDate="2014-11-05 20:54:45.528 JST" Interest="424.85" Kind="propagation" Navigation="org.eclipse.mylyn.core.model.edges.containment" OriginId="org.eclipse.mylyn.core.model.interest.propagation" StartDate="2014-11-05 20:32:41.716 JST" StructureHandle="/CutPlanner_A/src/cp" StructureKind="resource" NumEvents="429" CreationCount="3"/><InteractionEvent Delta="null" EndDate="2014-11-05 21:03:03.171 JST" Interest="13.0" Kind="selection" Navigation="null" OriginId="org.eclipse.jdt.ui.CompilationUnitEditor" StartDate="2014-11-05 20:43:15.211 JST" StructureHandle="=CutPlanner_A/src&amp;lt;cp.views{CV.java[CV~onDraw~QCanvas;" StructureKind="java" NumEvents="13" CreationCount="148"/><InteractionEvent Delta="null" EndDate="2014-11-05 21:03:03.174 JST" Interest="73.0" Kind="edit" Navigation="null" OriginId="org.eclipse.jdt.ui.CompilationUnitEditor" StartDate="2014-11-05 20:43:15.799 JST" StructureHandle="=CutPlanner_A/src&amp;lt;cp.views{CV.java[CV~onDraw~QCanvas;" StructureKind="java" NumEvents="73" CreationCount="148"/><InteractionEvent Delta="null" EndDate="2014-11-05 21:08:46.155 JST" Interest="171.0" Kind="propagation" Navigation="null" OriginId="org.eclipse.jdt.ui.CompilationUnitEditor" StartDate="2014-11-05 20:56:05.995 JST" StructureHandle="/CutPlanner_A/src/cp/utils/Methods.java" StructureKind="resource" NumEvents="171" CreationCount="662"/><InteractionEvent Delta="null" EndDate="2014-11-05 20:32:41.716 JST" Interest="1.0" Kind="selection" Navigation="null" OriginId="org.eclipse.jdt.ui.PackageExplorer" StartDate="2014-11-05 20:32:41.716 JST" StructureHandle="=CutPlanner_A/src&amp;lt;cp.main" StructureKind="java"/><InteractionEvent Delta="null" EndDate="2014-11-05 20:53:38.151 JST" Interest="159.169" Kind="propagation" Navigation="org.eclipse.mylyn.core.model.edges.containment" OriginId="org.eclipse.mylyn.core.model.interest.propagation" StartDate="2014-11-05 20:40:50.438 JST" StructureHandle="=CutPlanner_A/src&amp;lt;cp.main" StructureKind="java" NumEvents="228" CreationCount="3"/><InteractionEvent Delta="null" EndDate="2014-11-05 20:40:29.775 JST" Interest="1.0" Kind="selection" Navigation="null" OriginId="org.eclipse.jdt.ui.CompilationUnitEditor" StartDate="2014-11-05 20:40:29.775 JST" StructureHandle="=CutPlanner_A/src&amp;lt;cp.utils{CONS.java[CONS[Canvas^p1" StructureKind="java"/><InteractionEvent Delta="null" EndDate="2014-11-05 20:40:29.780 JST" Interest="1.0" Kind="edit" Navigation="null" OriginId="org.eclipse.jdt.ui.CompilationUnitEditor" StartDate="2014-11-05 20:40:29.780 JST" StructureHandle="=CutPlanner_A/src&amp;lt;cp.utils{CONS.java[CONS[Canvas^p1" StructureKind="java"/><InteractionEvent Delta="null" EndDate="2014-11-05 21:08:48.509 JST" Interest="1.0" Kind="prediction" Navigation="null" OriginId="org.eclipse.mylyn.resources.ui.interest.updater" StartDate="2014-11-05 21:08:48.509 JST" StructureHandle="/CutPlanner_A/a.bat" StructureKind="resource"/><InteractionEvent Delta="null" EndDate="2014-11-05 20:53:31.836 JST" Interest="13.0" Kind="selection" Navigation="null" OriginId="org.eclipse.jdt.ui.CompilationUnitEditor" StartDate="2014-11-05 20:40:50.437 JST" StructureHandle="=CutPlanner_A/src&amp;lt;cp.main{MainActv.java" StructureKind="java" NumEvents="13" CreationCount="53"/><InteractionEvent Delta="null" EndDate="2014-11-05 20:53:37.667 JST" Interest="146.319" Kind="propagation" Navigation="org.eclipse.mylyn.core.model.edges.containment" OriginId="org.eclipse.mylyn.core.model.interest.propagation" StartDate="2014-11-05 20:40:57.416 JST" StructureHandle="=CutPlanner_A/src&amp;lt;cp.main{MainActv.java" StructureKind="java" NumEvents="211" CreationCount="53"/><InteractionEvent Delta="null" EndDate="2014-11-05 21:05:37.736 JST" Interest="8.0" Kind="prediction" Navigation="null" OriginId="org.eclipse.mylyn.resources.ui.interest.updater" StartDate="2014-11-05 20:44:54.245 JST" StructureHandle="/CutPlanner_A/bin/CutPlanner_A.apk" StructureKind="resource" NumEvents="8" CreationCount="243"/><InteractionEvent Delta="null" EndDate="2014-11-05 20:32:36.207 JST" Interest="1.0" Kind="propagation" Navigation="null" OriginId="org.eclipse.ui.views.ResourceNavigator" StartDate="2014-11-05 20:32:36.207 JST" StructureHandle="/IFM11/src/ifm11/tasks/Task_CreateTN.java" StructureKind="resource"/><InteractionEvent Delta="null" EndDate="2014-11-05 20:33:23.336 JST" Interest="1.0" Kind="selection" Navigation="null" OriginId="org.eclipse.jdt.ui.PackageExplorer" StartDate="2014-11-05 20:33:23.336 JST" StructureHandle="=CutPlanner_A/src&amp;lt;cp.utils" StructureKind="java"/><InteractionEvent Delta="null" EndDate="2014-11-05 21:08:46.156 JST" Interest="124.703" Kind="propagation" Navigation="org.eclipse.mylyn.core.model.edges.containment" OriginId="org.eclipse.mylyn.core.model.interest.propagation" StartDate="2014-11-05 20:39:44.506 JST" StructureHandle="=CutPlanner_A/src&amp;lt;cp.utils" StructureKind="java" NumEvents="178" CreationCount="4"/><InteractionEvent Delta="null" EndDate="2014-11-05 20:45:38.456 JST" Interest="1.0" Kind="selection" Navigation="null" OriginId="org.eclipse.jdt.ui.CompilationUnitEditor" StartDate="2014-11-05 20:45:38.456 JST" StructureHandle="=CutPlanner_A/src&amp;lt;cp.utils{CONS.java[CONS[Canvas^Rect_B_X1_prev" StructureKind="java"/><InteractionEvent Delta="null" EndDate="2014-11-05 20:45:38.467 JST" Interest="1.0" Kind="edit" Navigation="null" OriginId="org.eclipse.jdt.ui.CompilationUnitEditor" StartDate="2014-11-05 20:45:38.467 JST" StructureHandle="=CutPlanner_A/src&amp;lt;cp.utils{CONS.java[CONS[Canvas^Rect_B_X1_prev" StructureKind="java"/><InteractionEvent Delta="null" EndDate="2014-11-05 21:05:03.757 JST" Interest="4.0" Kind="selection" Navigation="null" OriginId="org.eclipse.jdt.ui.CompilationUnitEditor" StartDate="2014-11-05 20:56:05.994 JST" StructureHandle="=CutPlanner_A/src&amp;lt;cp.utils{Methods.java" StructureKind="java" NumEvents="4" CreationCount="662"/><InteractionEvent Delta="null" EndDate="2014-11-05 21:08:46.155 JST" Interest="110.517" Kind="propagation" Navigation="org.eclipse.mylyn.core.model.edges.containment" OriginId="org.eclipse.mylyn.core.model.interest.propagation" StartDate="2014-11-05 20:56:07.103 JST" StructureHandle="=CutPlanner_A/src&amp;lt;cp.utils{Methods.java" StructureKind="java" NumEvents="158" CreationCount="662"/><InteractionEvent Delta="null" EndDate="2014-11-05 20:49:43.589 JST" Interest="3.0" Kind="propagation" Navigation="org.eclipse.mylyn.core.model.edges.containment" OriginId="org.eclipse.mylyn.core.model.interest.propagation" StartDate="2014-11-05 20:44:54.246 JST" StructureHandle="/CutPlanner_A/bin" StructureKind="resource" NumEvents="2" CreationCount="243"/><InteractionEvent Delta="null" EndDate="2014-11-05 20:32:39.483 JST" Interest="1.0" Kind="selection" Navigation="null" OriginId="org.eclipse.jdt.ui.PackageExplorer" StartDate="2014-11-05 20:32:39.483 JST" StructureHandle="=CutPlanner_A/src" StructureKind="java"/><InteractionEvent Delta="null" EndDate="2014-11-05 20:53:38.958 JST" Interest="159.18602" Kind="propagation" Navigation="org.eclipse.mylyn.core.model.edges.containment" OriginId="org.eclipse.mylyn.core.model.interest.propagation" StartDate="2014-11-05 20:32:41.717 JST" StructureHandle="=CutPlanner_A/src" StructureKind="java" NumEvents="237" CreationCount="2"/><InteractionEvent Delta="null" EndDate="2014-11-05 21:08:46.764 JST" Interest="904.051" Kind="propagation" Navigation="null" OriginId="org.eclipse.jdt.ui.PackageExplorer" StartDate="2014-11-05 20:32:39.483 JST" StructureHandle="/CutPlanner_A/src" StructureKind="resource" NumEvents="908" CreationCount="2"/><InteractionEvent Delta="null" EndDate="2014-11-05 20:53:37.666 JST" Interest="15.0" Kind="selection" Navigation="null" OriginId="org.eclipse.jdt.ui.CompilationUnitEditor" StartDate="2014-11-05 20:40:59.665 JST" StructureHandle="=CutPlanner_A/src&amp;lt;cp.main{MainActv.java[MainActv~_Setup" StructureKind="java" NumEvents="15" CreationCount="60"/><InteractionEvent Delta="null" EndDate="2014-11-05 20:53:33.327 JST" Interest="206.0" Kind="edit" Navigation="null" OriginId="org.eclipse.jdt.ui.CompilationUnitEditor" StartDate="2014-11-05 20:41:00.267 JST" StructureHandle="=CutPlanner_A/src&amp;lt;cp.main{MainActv.java[MainActv~_Setup" StructureKind="java" NumEvents="206" CreationCount="60"/><InteractionEvent Delta="null" EndDate="2014-11-05 21:05:02.766 JST" Interest="66.0" Kind="propagation" Navigation="org.eclipse.mylyn.core.model.edges.containment" OriginId="org.eclipse.mylyn.core.model.interest.propagation" StartDate="2014-11-05 20:54:50.284 JST" StructureHandle="/CutPlanner_A/src/cp/listeners/view" StructureKind="resource" NumEvents="66" CreationCount="639"/><InteractionEvent Delta="null" EndDate="2014-11-05 20:53:34.617 JST" Interest="16.0" Kind="selection" Navigation="null" OriginId="org.eclipse.ui.views.ContentOutline" StartDate="2014-11-05 20:40:05.366 JST" StructureHandle="=CutPlanner_A/src&amp;lt;cp.utils{CONS.java[CONS[Canvas" StructureKind="java" NumEvents="16" CreationCount="8"/><InteractionEvent Delta="null" EndDate="2014-11-05 20:53:09.533 JST" Interest="25.0" Kind="edit" Navigation="null" OriginId="org.eclipse.jdt.ui.CompilationUnitEditor" StartDate="2014-11-05 20:40:05.532 JST" StructureHandle="=CutPlanner_A/src&amp;lt;cp.utils{CONS.java[CONS[Canvas" StructureKind="java" NumEvents="25" CreationCount="8"/><InteractionEvent Delta="null" EndDate="2014-11-05 20:40:34.772 JST" Interest="1.0" Kind="selection" Navigation="null" OriginId="org.eclipse.jdt.ui.CompilationUnitEditor" StartDate="2014-11-05 20:40:34.772 JST" StructureHandle="=CutPlanner_A/src&amp;lt;cp.utils{CONS.java[CONS[Canvas^p_Cir_A" StructureKind="java"/><InteractionEvent Delta="null" EndDate="2014-11-05 20:40:34.777 JST" Interest="1.0" Kind="edit" Navigation="null" OriginId="org.eclipse.jdt.ui.CompilationUnitEditor" StartDate="2014-11-05 20:40:34.777 JST" StructureHandle="=CutPlanner_A/src&amp;lt;cp.utils{CONS.java[CONS[Canvas^p_Cir_A" StructureKind="java"/><InteractionEvent Delta="null" EndDate="2014-11-05 20:43:13.326 JST" Interest="3.0" Kind="selection" Navigation="null" OriginId="org.eclipse.ui.views.ContentOutline" StartDate="2014-11-05 20:42:32.610 JST" StructureHandle="=CutPlanner_A/src&amp;lt;cp.utils{CONS.java[CONS[Canvas^Draw_Rect_A" StructureKind="java" NumEvents="3" CreationCount="119"/><InteractionEvent Delta="null" EndDate="2014-11-05 20:42:49.881 JST" Interest="6.0" Kind="edit" Navigation="null" OriginId="org.eclipse.jdt.ui.CompilationUnitEditor" StartDate="2014-11-05 20:42:32.616 JST" StructureHandle="=CutPlanner_A/src&amp;lt;cp.utils{CONS.java[CONS[Canvas^Draw_Rect_A" StructureKind="java" NumEvents="6" CreationCount="119"/><InteractionEvent Delta="null" EndDate="2014-11-05 20:42:25.155 JST" Interest="4.0" Kind="selection" Navigation="null" OriginId="org.eclipse.jdt.ui.CompilationUnitEditor" StartDate="2014-11-05 20:40:45.50 JST" StructureHandle="=CutPlanner_A/src&amp;lt;cp.utils{CONS.java[CONS" StructureKind="java" NumEvents="4" CreationCount="8"/><InteractionEvent Delta="null" EndDate="2014-11-05 20:53:34.617 JST" Interest="28.099998" Kind="propagation" Navigation="org.eclipse.mylyn.core.model.edges.containment" OriginId="org.eclipse.mylyn.core.model.interest.propagation" StartDate="2014-11-05 20:40:05.366 JST" StructureHandle="=CutPlanner_A/src&amp;lt;cp.utils{CONS.java[CONS" StructureKind="java" NumEvents="36" CreationCount="8"/><InteractionEvent Delta="null" EndDate="2014-11-05 20:42:21.215 JST" Interest="2.0" Kind="edit" Navigation="null" OriginId="org.eclipse.jdt.ui.CompilationUnitEditor" StartDate="2014-11-05 20:42:20.144 JST" StructureHandle="=CutPlanner_A/src&amp;lt;cp.utils{CONS.java[CONS" StructureKind="java" NumEvents="2" CreationCount="8"/><InteractionEvent Delta="null" EndDate="2014-11-05 20:44:58.3 JST" Interest="2.0" Kind="selection" Navigation="null" OriginId="org.eclipse.jdt.ui.CompilationUnitEditor" StartDate="2014-11-05 20:42:51.473 JST" StructureHandle="=CutPlanner_A/src&amp;lt;cp.utils{CONS.java[CONS[Canvas^Draw_Rect_B" StructureKind="java" NumEvents="2" CreationCount="141"/><InteractionEvent Delta="null" EndDate="2014-11-05 20:42:51.481 JST" Interest="1.0" Kind="edit" Navigation="null" OriginId="org.eclipse.jdt.ui.CompilationUnitEditor" StartDate="2014-11-05 20:42:51.481 JST" StructureHandle="=CutPlanner_A/src&amp;lt;cp.utils{CONS.java[CONS[Canvas^Draw_Rect_B" StructureKind="java"/><InteractionEvent Delta="null" EndDate="2014-11-05 20:44:58.3 JST" Interest="0.08500004" Kind="manipulation" Navigation="null" OriginId="org.eclipse.mylyn.core.model.interest.decay.correction" StartDate="2014-11-05 20:44:58.3 JST" StructureHandle="=CutPlanner_A/src&amp;lt;cp.utils{CONS.java[CONS[Canvas^Draw_Rect_B" StructureKind="java"/><InteractionEvent Delta="null" EndDate="2014-11-05 20:40:43.279 JST" Interest="3.0" Kind="selection" Navigation="null" OriginId="org.eclipse.ui.views.ContentOutline" StartDate="2014-11-05 20:40:34.64 JST" StructureHandle="=CutPlanner_A/src&amp;lt;cp.utils{CONS.java[CONS[Canvas^p_Rect_A" StructureKind="java" NumEvents="3" CreationCount="38"/><InteractionEvent Delta="null" EndDate="2014-11-05 20:40:38.413 JST" Interest="2.0" Kind="edit" Navigation="null" OriginId="org.eclipse.jdt.ui.CompilationUnitEditor" StartDate="2014-11-05 20:40:34.71 JST" StructureHandle="=CutPlanner_A/src&amp;lt;cp.utils{CONS.java[CONS[Canvas^p_Rect_A" StructureKind="java" NumEvents="2" CreationCount="38"/><InteractionEvent Delta="null" EndDate="2014-11-05 21:04:22.325 JST" Interest="7.0" Kind="selection" Navigation="null" OriginId="org.eclipse.jdt.ui.CompilationUnitEditor" StartDate="2014-11-05 20:54:55.361 JST" StructureHandle="=CutPlanner_A/src&amp;lt;cp.listeners.view{V_OTL.java[V_OTL~onTouchEvent~QMotionEvent;" StructureKind="java" NumEvents="7" CreationCount="642"/><InteractionEvent Delta="null" EndDate="2014-11-05 21:04:29.638 JST" Interest="35.0" Kind="edit" Navigation="null" OriginId="org.eclipse.jdt.ui.CompilationUnitEditor" StartDate="2014-11-05 20:55:07.100 JST" StructureHandle="=CutPlanner_A/src&amp;lt;cp.listeners.view{V_OTL.java[V_OTL~onTouchEvent~QMotionEvent;" StructureKind="java" NumEvents="35" CreationCount="642"/><InteractionEvent Delta="null" EndDate="2014-11-05 20:53:08.434 JST" Interest="2.0" Kind="selection" Navigation="null" OriginId="org.eclipse.jdt.ui.CompilationUnitEditor" StartDate="2014-11-05 20:40:25.543 JST" StructureHandle="=CutPlanner_A/src&amp;lt;cp.utils{CONS.java[CONS[Canvas^Rect_B_W" StructureKind="java" NumEvents="2" CreationCount="24"/><InteractionEvent Delta="null" EndDate="2014-11-05 20:53:08.440 JST" Interest="2.0" Kind="edit" Navigation="null" OriginId="org.eclipse.jdt.ui.CompilationUnitEditor" StartDate="2014-11-05 20:40:25.552 JST" StructureHandle="=CutPlanner_A/src&amp;lt;cp.utils{CONS.java[CONS[Canvas^Rect_B_W" StructureKind="java" NumEvents="2" CreationCount="24"/><InteractionEvent Delta="null" EndDate="2014-11-05 20:53:08.434 JST" Interest="5.2530003" Kind="manipulation" Navigation="null" OriginId="org.eclipse.mylyn.core.model.interest.decay.correction" StartDate="2014-11-05 20:53:08.434 JST" StructureHandle="=CutPlanner_A/src&amp;lt;cp.utils{CONS.java[CONS[Canvas^Rect_B_W" StructureKind="java"/><InteractionEvent Delta="null" EndDate="2014-11-05 20:45:37.282 JST" Interest="5.0" Kind="selection" Navigation="null" OriginId="org.eclipse.jdt.ui.CompilationUnitEditor" StartDate="2014-11-05 20:40:39.677 JST" StructureHandle="=CutPlanner_A/src&amp;lt;cp.utils{CONS.java[CONS[Canvas^p_Rect_B" StructureKind="java" NumEvents="5" CreationCount="46"/><InteractionEvent Delta="null" EndDate="2014-11-05 20:45:37.298 JST" Interest="3.0" Kind="edit" Navigation="null" OriginId="org.eclipse.jdt.ui.CompilationUnitEditor" StartDate="2014-11-05 20:40:39.684 JST" StructureHandle="=CutPlanner_A/src&amp;lt;cp.utils{CONS.java[CONS[Canvas^p_Rect_B" StructureKind="java" NumEvents="3" CreationCount="46"/><InteractionEvent Delta="null" EndDate="2014-11-05 20:45:01.462 JST" Interest="0.71700025" Kind="manipulation" Navigation="null" OriginId="org.eclipse.mylyn.core.model.interest.decay.correction" StartDate="2014-11-05 20:45:01.462 JST" StructureHandle="=CutPlanner_A/src&amp;lt;cp.utils{CONS.java[CONS[Canvas^p_Rect_B" StructureKind="java"/><InteractionEvent Delta="null" EndDate="2014-11-05 21:05:02.766 JST" Interest="66.0" Kind="propagation" Navigation="org.eclipse.mylyn.core.model.edges.containment" OriginId="org.eclipse.mylyn.core.model.interest.propagation" StartDate="2014-11-05 20:54:50.284 JST" StructureHandle="/CutPlanner_A/src/cp/listeners" StructureKind="resource" NumEvents="66" CreationCount="639"/><InteractionEvent Delta="null" EndDate="2014-11-05 20:50:47.570 JST" Interest="1.0" Kind="selection" Navigation="null" OriginId="org.eclipse.jdt.ui.CompilationUnitEditor" StartDate="2014-11-05 20:50:47.570 JST" StructureHandle="=CutPlanner_A/src&amp;lt;cp.utils{CONS.java[CONS[Canvas^Rect_B_X2" StructureKind="java"/><InteractionEvent Delta="null" EndDate="2014-11-05 20:50:47.578 JST" Interest="1.0" Kind="edit" Navigation="null" OriginId="org.eclipse.jdt.ui.CompilationUnitEditor" StartDate="2014-11-05 20:50:47.578 JST" StructureHandle="=CutPlanner_A/src&amp;lt;cp.utils{CONS.java[CONS[Canvas^Rect_B_X2" StructureKind="java"/><InteractionEvent Delta="null" EndDate="2014-11-05 20:54:45.528 JST" Interest="424.85" Kind="propagation" Navigation="org.eclipse.mylyn.core.model.edges.containment" OriginId="org.eclipse.mylyn.core.model.interest.propagation" StartDate="2014-11-05 20:32:41.716 JST" StructureHandle="/CutPlanner_A/src/cp/main" StructureKind="resource" NumEvents="425" CreationCount="3"/><InteractionEvent Delta="null" EndDate="2014-11-05 20:40:23.320 JST" Interest="1.0" Kind="selection" Navigation="null" OriginId="org.eclipse.jdt.ui.CompilationUnitEditor" StartDate="2014-11-05 20:40:23.320 JST" StructureHandle="=CutPlanner_A/src&amp;lt;cp.utils{CONS.java[CONS[Canvas^Rect_A_X1!2" StructureKind="java"/><InteractionEvent Delta="null" EndDate="2014-11-05 20:40:24.20 JST" Interest="3.0" Kind="edit" Navigation="null" OriginId="org.eclipse.jdt.ui.CompilationUnitEditor" StartDate="2014-11-05 20:40:23.367 JST" StructureHandle="=CutPlanner_A/src&amp;lt;cp.utils{CONS.java[CONS[Canvas^Rect_A_X1!2" StructureKind="java" NumEvents="3" CreationCount="20"/><InteractionEvent Delta="null" EndDate="2014-11-05 20:53:34.617 JST" Interest="108.0" Kind="propagation" Navigation="null" OriginId="org.eclipse.ui.views.ContentOutline" StartDate="2014-11-05 20:39:44.505 JST" StructureHandle="/CutPlanner_A/src/cp/utils/CONS.java" StructureKind="resource" NumEvents="108" CreationCount="5"/><InteractionEvent Delta="null" EndDate="2014-11-05 21:08:46.763 JST" Interest="135.0" Kind="propagation" Navigation="null" OriginId="org.eclipse.jdt.ui.PackageExplorer" StartDate="2014-11-05 20:41:16.588 JST" StructureHandle="/CutPlanner_A/src/cp/views/CV.java" StructureKind="resource" NumEvents="135" CreationCount="83"/><InteractionEvent Delta="null" EndDate="2014-11-05 20:54:39.552 JST" Interest="1.0" Kind="selection" Navigation="null" OriginId="org.eclipse.jdt.ui.CompilationUnitEditor" StartDate="2014-11-05 20:54:39.552 JST" StructureHandle="=CutPlanner_A/src&amp;lt;cp.main{MainActv.java[MainActv~_test_DrawLine" StructureKind="java"/><InteractionEvent Delta="null" EndDate="2014-11-05 20:54:41.951 JST" Interest="9.0" Kind="edit" Navigation="null" OriginId="org.eclipse.jdt.ui.CompilationUnitEditor" StartDate="2014-11-05 20:54:39.556 JST" StructureHandle="=CutPlanner_A/src&amp;lt;cp.main{MainActv.java[MainActv~_test_DrawLine" StructureKind="java" NumEvents="9" CreationCount="619"/><InteractionEvent Delta="null" EndDate="2014-11-05 20:32:36.208 JST" Interest="1.0" Kind="propagation" Navigation="org.eclipse.mylyn.core.model.edges.containment" OriginId="org.eclipse.mylyn.core.model.interest.propagation" StartDate="2014-11-05 20:32:36.208 JST" StructureHandle="/IFM11/src" StructureKind="resource"/><InteractionEvent Delta="null" EndDate="2014-11-05 20:40:27.204 JST" Interest="1.0" Kind="selection" Navigation="null" OriginId="org.eclipse.jdt.ui.CompilationUnitEditor" StartDate="2014-11-05 20:40:27.204 JST" StructureHandle="=CutPlanner_A/src&amp;lt;cp.utils{CONS.java[CONS[Canvas^Rect_A_X1_prev!2" StructureKind="java"/><InteractionEvent Delta="null" EndDate="2014-11-05 20:40:27.211 JST" Interest="1.0" Kind="edit" Navigation="null" OriginId="org.eclipse.jdt.ui.CompilationUnitEditor" StartDate="2014-11-05 20:40:27.211 JST" StructureHandle="=CutPlanner_A/src&amp;lt;cp.utils{CONS.java[CONS[Canvas^Rect_A_X1_prev!2" StructureKind="java"/><InteractionEvent Delta="null" EndDate="2014-11-05 20:32:36.208 JST" Interest="1.0" Kind="propagation" Navigation="org.eclipse.mylyn.core.model.edges.containment" OriginId="org.eclipse.mylyn.core.model.interest.propagation" StartDate="2014-11-05 20:32:36.208 JST" StructureHandle="=IFM11/src&amp;lt;ifm11.tasks" StructureKind="java"/><InteractionEvent Delta="null" EndDate="2014-11-05 20:54:45.528 JST" Interest="424.0" Kind="propagation" Navigation="null" OriginId="org.eclipse.jdt.ui.CompilationUnitEditor" StartDate="2014-11-05 20:40:50.438 JST" StructureHandle="/CutPlanner_A/src/cp/main/MainActv.java" StructureKind="resource" NumEvents="424" CreationCount="53"/><InteractionEvent Delta="null" EndDate="2014-11-05 20:32:36.208 JST" Interest="1.0" Kind="propagation" Navigation="org.eclipse.mylyn.core.model.edges.containment" OriginId="org.eclipse.mylyn.core.model.interest.propagation" StartDate="2014-11-05 20:32:36.208 JST" StructureHandle="/IFM11/src/ifm11" StructureKind="resource"/><InteractionEvent Delta="null" EndDate="2014-11-05 20:54:43.609 JST" Interest="4.0" Kind="selection" Navigation="null" OriginId="org.eclipse.jdt.ui.CompilationUnitEditor" StartDate="2014-11-05 20:54:16.278 JST" StructureHandle="=CutPlanner_A/src&amp;lt;cp.main{MainActv.java[MainActv~_Setup__SetListener" StructureKind="java" NumEvents="4" CreationCount="533"/><InteractionEvent Delta="null" EndDate="2014-11-05 20:54:45.528 JST" Interest="82.0" Kind="edit" Navigation="null" OriginId="org.eclipse.jdt.ui.CompilationUnitEditor" StartDate="2014-11-05 20:54:16.282 JST" StructureHandle="=CutPlanner_A/src&amp;lt;cp.main{MainActv.java[MainActv~_Setup__SetListener" StructureKind="java" NumEvents="82" CreationCount="533"/><InteractionEvent Delta="null" EndDate="2014-11-05 21:04:10.58 JST" Interest="6.0" Kind="selection" Navigation="null" OriginId="org.eclipse.jdt.ui.CompilationUnitEditor" StartDate="2014-11-05 20:54:50.284 JST" StructureHandle="=CutPlanner_A/src&amp;lt;cp.listeners.view{V_OTL.java" StructureKind="java" NumEvents="6" CreationCount="639"/><InteractionEvent Delta="null" EndDate="2014-11-05 21:04:30.908 JST" Interest="26.551" Kind="propagation" Navigation="org.eclipse.mylyn.core.model.edges.containment" OriginId="org.eclipse.mylyn.core.model.interest.propagation" StartDate="2014-11-05 20:54:51.22 JST" StructureHandle="=CutPlanner_A/src&amp;lt;cp.listeners.view{V_OTL.java" StructureKind="java" NumEvents="40" CreationCount="639"/><InteractionEvent Delta="null" EndDate="2014-11-05 21:05:37.736 JST" Interest="8.0" Kind="prediction" Navigation="null" OriginId="org.eclipse.mylyn.resources.ui.interest.updater" StartDate="2014-11-05 20:44:54.246 JST" StructureHandle="/CutPlanner_A/bin/classes.dex" StructureKind="resource" NumEvents="8" CreationCount="243"/><InteractionEvent Delta="null" EndDate="2014-11-05 21:08:46.156 JST" Interest="279.017" Kind="propagation" Navigation="null" OriginId="org.eclipse.jdt.ui.CompilationUnitEditor" StartDate="2014-11-05 20:33:23.337 JST" StructureHandle="/CutPlanner_A/src/cp/utils" StructureKind="resource" NumEvents="280" CreationCount="4"/><InteractionEvent Delta="null" EndDate="2014-11-05 20:32:36.209 JST" Interest="1.0" Kind="propagation" Navigation="org.eclipse.mylyn.core.model.edges.containment" OriginId="org.eclipse.mylyn.core.model.interest.propagation" StartDate="2014-11-05 20:32:36.209 JST" StructureHandle="=IFM11/src" StructureKind="java"/><InteractionEvent Delta="null" EndDate="2014-11-05 21:08:46.762 JST" Interest="12.0" Kind="selection" Navigation="null" OriginId="org.eclipse.jdt.ui.PackageExplorer" StartDate="2014-11-05 20:41:16.588 JST" StructureHandle="=CutPlanner_A/src&amp;lt;cp.views{CV.java" StructureKind="java" NumEvents="12" CreationCount="83"/><InteractionEvent Delta="null" EndDate="2014-11-05 21:03:02.292 JST" Interest="54.204998" Kind="propagation" Navigation="org.eclipse.mylyn.core.model.edges.containment" OriginId="org.eclipse.mylyn.core.model.interest.propagation" StartDate="2014-11-05 20:41:38.505 JST" StructureHandle="=CutPlanner_A/src&amp;lt;cp.views{CV.java" StructureKind="java" NumEvents="83" CreationCount="83"/></InteractionHistory>