<?xml version="1.0" encoding="UTF-8"?><InteractionHistory Id="local-155" Version="1"><InteractionEvent Delta="null" EndDate="2014-10-13 12:44:43.270 JST" Interest="1.0" Kind="selection" Navigation="null" OriginId="org.eclipse.ui.views.ContentOutline" StartDate="2014-10-13 12:44:43.270 JST" StructureHandle="=TA2/src&amp;lt;ta2.items{FilterHistory.java%ta2.items" StructureKind="java"/><InteractionEvent Delta="null" EndDate="2014-10-13 12:44:55.41 JST" Interest="138.102" Kind="propagation" Navigation="org.eclipse.mylyn.core.model.edges.containment" OriginId="org.eclipse.mylyn.core.model.interest.propagation" StartDate="2014-10-13 12:37:43.650 JST" StructureHandle="" StructureKind="java" NumEvents="139" CreationCount="1"/><InteractionEvent Delta="null" EndDate="2014-10-13 12:44:55.40 JST" Interest="138.06801" Kind="propagation" Navigation="org.eclipse.mylyn.core.model.edges.containment" OriginId="org.eclipse.mylyn.core.model.interest.propagation" StartDate="2014-10-13 12:37:45.244 JST" StructureHandle="/TA2/src" StructureKind="resource" NumEvents="143" CreationCount="3"/><InteractionEvent Delta="null" EndDate="2014-10-13 12:41:24.581 JST" Interest="5.0" Kind="selection" Navigation="null" OriginId="org.eclipse.ui.views.ContentOutline" StartDate="2014-10-13 12:41:19.378 JST" StructureHandle="=TA2/src&amp;lt;ta2.items{FilterHistory.java[FilterHistory[Builder~setTwt_created_at~QString;" StructureKind="java" NumEvents="5" CreationCount="70"/><InteractionEvent Delta="null" EndDate="2014-10-13 12:37:47.909 JST" Interest="1.0" Kind="propagation" Navigation="null" OriginId="org.eclipse.jdt.ui.PackageExplorer" StartDate="2014-10-13 12:37:47.909 JST" StructureHandle="/TA2/src/ta2/comps" StructureKind="resource"/><InteractionEvent Delta="null" EndDate="2014-10-13 12:44:55.40 JST" Interest="138.102" Kind="propagation" Navigation="org.eclipse.mylyn.core.model.edges.containment" OriginId="org.eclipse.mylyn.core.model.interest.propagation" StartDate="2014-10-13 12:37:43.650 JST" StructureHandle="=TA2" StructureKind="resource" NumEvents="139" CreationCount="1"/><InteractionEvent Delta="null" EndDate="2014-10-13 12:39:11.220 JST" Interest="1.0" Kind="selection" Navigation="null" OriginId="org.eclipse.jdt.ui.CompilationUnitEditor" StartDate="2014-10-13 12:39:11.220 JST" StructureHandle="=TA2/src&amp;lt;ta2.items{FilterHistory.java[FilterHistory^keywords" StructureKind="java"/><InteractionEvent Delta="null" EndDate="2014-10-13 12:44:37.595 JST" Interest="23.799002" Kind="propagation" Navigation="org.eclipse.mylyn.core.model.edges.containment" OriginId="org.eclipse.mylyn.core.model.interest.propagation" StartDate="2014-10-13 12:37:51.163 JST" StructureHandle="=TA2/src&amp;lt;ta2.items" StructureKind="java" NumEvents="39" CreationCount="6"/><InteractionEvent Delta="null" EndDate="2014-10-13 12:38:00.49 JST" Interest="2.0" Kind="selection" Navigation="null" OriginId="org.eclipse.jdt.ui.PackageExplorer" StartDate="2014-10-13 12:37:48.382 JST" StructureHandle="=TA2/src&amp;lt;ta2.items" StructureKind="java" NumEvents="2" CreationCount="6"/><InteractionEvent Delta="null" EndDate="2014-10-13 12:43:46.969 JST" Interest="2.0" Kind="edit" Navigation="null" OriginId="org.eclipse.jdt.ui.CompilationUnitEditor" StartDate="2014-10-13 12:43:45.126 JST" StructureHandle="=TA2/src&amp;lt;ta2.items{FilterHistory.java[FilterHistory[Builder~setOperator~QString;" StructureKind="java" NumEvents="2" CreationCount="116"/><InteractionEvent Delta="null" EndDate="2014-10-13 12:43:35.543 JST" Interest="1.0" Kind="selection" Navigation="null" OriginId="org.eclipse.jdt.ui.CompilationUnitEditor" StartDate="2014-10-13 12:43:35.543 JST" StructureHandle="=TA2/src&amp;lt;ta2.items{FilterHistory.java[FilterHistory[Builder~setOperator~QString;" StructureKind="java"/><InteractionEvent Delta="null" EndDate="2014-10-13 12:40:11.5 JST" Interest="1.0" Kind="selection" Navigation="null" OriginId="org.eclipse.jdt.ui.CompilationUnitEditor" StartDate="2014-10-13 12:40:11.5 JST" StructureHandle="=TA2/src&amp;lt;ta2.items{FilterHistory.java#ta2.items.Memo.Builder" StructureKind="java"/><InteractionEvent Delta="null" EndDate="2014-10-13 12:38:51.597 JST" Interest="1.0" Kind="selection" Navigation="null" OriginId="org.eclipse.jdt.ui.CompilationUnitEditor" StartDate="2014-10-13 12:38:51.597 JST" StructureHandle="=TA2/src&amp;lt;ta2.items{Memo.java[Memo^db_Id" StructureKind="java"/><InteractionEvent Delta="null" EndDate="2014-10-13 12:41:24.583 JST" Interest="3.0" Kind="selection" Navigation="null" OriginId="org.eclipse.ui.views.ContentOutline" StartDate="2014-10-13 12:41:23.235 JST" StructureHandle="=TA2/src&amp;lt;ta2.items{FilterHistory.java[FilterHistory[Builder~setTwt_Id~J" StructureKind="java" NumEvents="3" CreationCount="77"/><InteractionEvent Delta="null" EndDate="2014-10-13 12:44:55.40 JST" Interest="138.05101" Kind="propagation" Navigation="org.eclipse.mylyn.core.model.edges.containment" OriginId="org.eclipse.mylyn.core.model.interest.propagation" StartDate="2014-10-13 12:37:47.501 JST" StructureHandle="/TA2/src/ta2" StructureKind="resource" NumEvents="142" CreationCount="4"/><InteractionEvent Delta="null" EndDate="2014-10-13 12:37:43.651 JST" Interest="2.0" Kind="selection" Navigation="null" OriginId="org.eclipse.jdt.ui.PackageExplorer" StartDate="2014-10-13 12:37:43.649 JST" StructureHandle="/TA2/res" StructureKind="resource" NumEvents="2" CreationCount="1"/><InteractionEvent Delta="null" EndDate="2014-10-13 12:40:03.625 JST" Interest="5.634" Kind="propagation" Navigation="org.eclipse.mylyn.core.model.edges.containment" OriginId="org.eclipse.mylyn.core.model.interest.propagation" StartDate="2014-10-13 12:38:54.188 JST" StructureHandle="=TA2/src&amp;lt;ta2.items{Memo.java" StructureKind="java" NumEvents="9" CreationCount="7"/><InteractionEvent Delta="null" EndDate="2014-10-13 12:39:44.212 JST" Interest="5.0" Kind="selection" Navigation="null" OriginId="org.eclipse.jdt.ui.CompilationUnitEditor" StartDate="2014-10-13 12:37:51.163 JST" StructureHandle="=TA2/src&amp;lt;ta2.items{Memo.java" StructureKind="java" NumEvents="5" CreationCount="7"/><InteractionEvent Delta="null" EndDate="2014-10-13 12:37:47.909 JST" Interest="1.0" Kind="selection" Navigation="null" OriginId="org.eclipse.jdt.ui.PackageExplorer" StartDate="2014-10-13 12:37:47.909 JST" StructureHandle="=TA2/src&amp;lt;ta2.comps" StructureKind="java"/><InteractionEvent Delta="null" EndDate="2014-10-13 12:42:53.480 JST" Interest="10.0" Kind="edit" Navigation="null" OriginId="org.eclipse.jdt.ui.CompilationUnitEditor" StartDate="2014-10-13 12:41:40.405 JST" StructureHandle="=TA2/src&amp;lt;ta2.items{FilterHistory.java[FilterHistory~FilterHistory~QBuilder;" StructureKind="java" NumEvents="10" CreationCount="92"/><InteractionEvent Delta="null" EndDate="2014-10-13 12:44:54.485 JST" Interest="5.0" Kind="selection" Navigation="null" OriginId="org.eclipse.jdt.ui.CompilationUnitEditor" StartDate="2014-10-13 12:41:39.439 JST" StructureHandle="=TA2/src&amp;lt;ta2.items{FilterHistory.java[FilterHistory~FilterHistory~QBuilder;" StructureKind="java" NumEvents="5" CreationCount="92"/><InteractionEvent Delta="null" EndDate="2014-10-13 12:39:37.882 JST" Interest="1.0" Kind="selection" Navigation="null" OriginId="org.eclipse.jdt.ui.CompilationUnitEditor" StartDate="2014-10-13 12:39:37.882 JST" StructureHandle="=TA2/src&amp;lt;ta2.items{FilterHistory.java[FilterHistory~getModified_at" StructureKind="java"/><InteractionEvent Delta="null" EndDate="2014-10-13 12:37:47.501 JST" Interest="1.0" Kind="propagation" Navigation="null" OriginId="org.eclipse.jdt.ui.PackageExplorer" StartDate="2014-10-13 12:37:47.501 JST" StructureHandle="/TA2/src/ta2/listeners" StructureKind="resource"/><InteractionEvent Delta="null" EndDate="2014-10-13 12:44:37.593 JST" Interest="1.0" Kind="selection" Navigation="null" OriginId="org.eclipse.jdt.ui.CompilationUnitEditor" StartDate="2014-10-13 12:44:37.593 JST" StructureHandle="=TA2/src&amp;lt;ta2.items{FilterHistory.java[FilterHistory~setCreated_at~QString;" StructureKind="java"/><InteractionEvent Delta="null" EndDate="2014-10-13 12:40:41.547 JST" Interest="1.0" Kind="edit" Navigation="null" OriginId="org.eclipse.jdt.ui.CompilationUnitEditor" StartDate="2014-10-13 12:40:41.547 JST" StructureHandle="=TA2/src&amp;lt;ta2.items{FilterHistory.java[FilterHistory[Builder~setTwted_at~QString;" StructureKind="java"/><InteractionEvent Delta="null" EndDate="2014-10-13 12:41:24.585 JST" Interest="3.0" Kind="selection" Navigation="null" OriginId="org.eclipse.ui.views.ContentOutline" StartDate="2014-10-13 12:40:40.893 JST" StructureHandle="=TA2/src&amp;lt;ta2.items{FilterHistory.java[FilterHistory[Builder~setTwted_at~QString;" StructureKind="java" NumEvents="3" CreationCount="62"/><InteractionEvent Delta="null" EndDate="2014-10-13 12:39:36.606 JST" Interest="2.0" Kind="edit" Navigation="null" OriginId="org.eclipse.jdt.ui.CompilationUnitEditor" StartDate="2014-10-13 12:39:36.100 JST" StructureHandle="=TA2/src&amp;lt;ta2.items{FilterHistory.java[FilterHistory^operator" StructureKind="java" NumEvents="2" CreationCount="23"/><InteractionEvent Delta="null" EndDate="2014-10-13 12:41:46.959 JST" Interest="3.0" Kind="selection" Navigation="null" OriginId="org.eclipse.jdt.ui.CompilationUnitEditor" StartDate="2014-10-13 12:39:15.729 JST" StructureHandle="=TA2/src&amp;lt;ta2.items{FilterHistory.java[FilterHistory^operator" StructureKind="java" NumEvents="3" CreationCount="23"/><InteractionEvent Delta="null" EndDate="2014-10-13 12:40:03.624 JST" Interest="8.0" Kind="edit" Navigation="null" OriginId="org.eclipse.jdt.ui.CompilationUnitEditor" StartDate="2014-10-13 12:39:46.617 JST" StructureHandle="=TA2/src&amp;lt;ta2.items{Memo.java[Memo" StructureKind="java" NumEvents="8" CreationCount="9"/><InteractionEvent Delta="null" EndDate="2014-10-13 12:39:44.439 JST" Interest="5.0" Kind="selection" Navigation="null" OriginId="org.eclipse.jdt.ui.CompilationUnitEditor" StartDate="2014-10-13 12:37:53.706 JST" StructureHandle="=TA2/src&amp;lt;ta2.items{Memo.java[Memo" StructureKind="java" NumEvents="5" CreationCount="9"/><InteractionEvent Delta="null" EndDate="2014-10-13 12:44:27.326 JST" Interest="11.0" Kind="edit" Navigation="null" OriginId="org.eclipse.jdt.ui.CompilationUnitEditor" StartDate="2014-10-13 12:39:01.519 JST" StructureHandle="=TA2/src&amp;lt;ta2.items{FilterHistory.java[FilterHistory" StructureKind="java" NumEvents="11" CreationCount="18"/><InteractionEvent Delta="null" EndDate="2014-10-13 12:44:16.640 JST" Interest="6.8950005" Kind="propagation" Navigation="org.eclipse.mylyn.core.model.edges.containment" OriginId="org.eclipse.mylyn.core.model.interest.propagation" StartDate="2014-10-13 12:39:36.100 JST" StructureHandle="=TA2/src&amp;lt;ta2.items{FilterHistory.java[FilterHistory" StructureKind="java" NumEvents="11" CreationCount="18"/><InteractionEvent Delta="null" EndDate="2014-10-13 12:44:34.496 JST" Interest="11.0" Kind="selection" Navigation="null" OriginId="org.eclipse.jdt.ui.CompilationUnitEditor" StartDate="2014-10-13 12:39:00.817 JST" StructureHandle="=TA2/src&amp;lt;ta2.items{FilterHistory.java[FilterHistory" StructureKind="java" NumEvents="11" CreationCount="18"/><InteractionEvent Delta="null" EndDate="2014-10-13 12:44:55.40 JST" Interest="119.0" Kind="propagation" Navigation="null" OriginId="org.eclipse.jdt.ui.CompilationUnitEditor" StartDate="2014-10-13 12:38:46.464 JST" StructureHandle="/TA2/src/ta2/items/FilterHistory.java" StructureKind="resource" NumEvents="119" CreationCount="10"/><InteractionEvent Delta="null" EndDate="2014-10-13 12:44:55.41 JST" Interest="145.0" Kind="propagation" Navigation="null" OriginId="org.eclipse.jdt.ui.CompilationUnitEditor" StartDate="2014-10-13 12:37:43.650 JST" StructureHandle="/TA2" StructureKind="resource" NumEvents="145" CreationCount="1"/><InteractionEvent Delta="null" EndDate="2014-10-13 12:40:37.336 JST" Interest="2.0" Kind="edit" Navigation="null" OriginId="org.eclipse.jdt.ui.CompilationUnitEditor" StartDate="2014-10-13 12:40:26.242 JST" StructureHandle="=TA2/src&amp;lt;ta2.items{FilterHistory.java[FilterHistory[Builder~build" StructureKind="java" NumEvents="2" CreationCount="53"/><InteractionEvent Delta="null" EndDate="2014-10-13 12:41:37.947 JST" Interest="4.0" Kind="selection" Navigation="null" OriginId="org.eclipse.jdt.ui.CompilationUnitEditor" StartDate="2014-10-13 12:40:23.543 JST" StructureHandle="=TA2/src&amp;lt;ta2.items{FilterHistory.java[FilterHistory[Builder~build" StructureKind="java" NumEvents="4" CreationCount="53"/><InteractionEvent Delta="null" EndDate="2014-10-13 12:41:24.587 JST" Interest="1.0" Kind="selection" Navigation="null" OriginId="org.eclipse.ui.views.ContentOutline" StartDate="2014-10-13 12:41:24.587 JST" StructureHandle="=TA2/src&amp;lt;ta2.items{FilterHistory.java[FilterHistory[Builder~setUploaded_at~QString;" StructureKind="java"/><InteractionEvent Delta="null" EndDate="2014-10-13 12:44:55.41 JST" Interest="145.0" Kind="propagation" Navigation="org.eclipse.mylyn.core.model.edges.containment" OriginId="org.eclipse.mylyn.core.model.interest.propagation" StartDate="2014-10-13 12:37:43.650 JST" StructureHandle="/" StructureKind="resource" NumEvents="145" CreationCount="1"/><InteractionEvent Delta="null" EndDate="2014-10-13 12:43:50.121 JST" Interest="1.0" Kind="edit" Navigation="null" OriginId="org.eclipse.jdt.ui.CompilationUnitEditor" StartDate="2014-10-13 12:43:50.121 JST" StructureHandle="=TA2/src&amp;lt;ta2.items{FilterHistory.java[FilterHistory[Builder~setKeywords~QString;" StructureKind="java"/><InteractionEvent Delta="null" EndDate="2014-10-13 12:44:33.409 JST" Interest="3.0" Kind="selection" Navigation="null" OriginId="org.eclipse.jdt.ui.CompilationUnitEditor" StartDate="2014-10-13 12:43:26.906 JST" StructureHandle="=TA2/src&amp;lt;ta2.items{FilterHistory.java[FilterHistory[Builder~setKeywords~QString;" StructureKind="java" NumEvents="3" CreationCount="113"/><InteractionEvent Delta="null" EndDate="2014-10-13 12:39:03.709 JST" Interest="1.0" Kind="selection" Navigation="null" OriginId="org.eclipse.jdt.ui.CompilationUnitEditor" StartDate="2014-10-13 12:39:03.709 JST" StructureHandle="=TA2/src&amp;lt;ta2.items{FilterHistory.java[FilterHistory^modified_at" StructureKind="java"/><InteractionEvent Delta="null" EndDate="2014-10-13 12:44:37.595 JST" Interest="24.850002" Kind="propagation" Navigation="org.eclipse.mylyn.core.model.edges.containment" OriginId="org.eclipse.mylyn.core.model.interest.propagation" StartDate="2014-10-13 12:37:47.501 JST" StructureHandle="=TA2/src" StructureKind="java" NumEvents="49" CreationCount="3"/><InteractionEvent Delta="null" EndDate="2014-10-13 12:37:45.244 JST" Interest="1.0" Kind="selection" Navigation="null" OriginId="org.eclipse.jdt.ui.PackageExplorer" StartDate="2014-10-13 12:37:45.244 JST" StructureHandle="=TA2/src" StructureKind="java"/><InteractionEvent Delta="null" EndDate="2014-10-13 12:44:34.497 JST" Interest="19.731" Kind="propagation" Navigation="org.eclipse.mylyn.core.model.edges.containment" OriginId="org.eclipse.mylyn.core.model.interest.propagation" StartDate="2014-10-13 12:38:46.463 JST" StructureHandle="=TA2/src&amp;lt;ta2.items{FilterHistory.java" StructureKind="java" NumEvents="31" CreationCount="10"/><InteractionEvent Delta="null" EndDate="2014-10-13 12:40:27.176 JST" Interest="6.0" Kind="selection" Navigation="null" OriginId="org.eclipse.jdt.ui.CompilationUnitEditor" StartDate="2014-10-13 12:38:46.714 JST" StructureHandle="=TA2/src&amp;lt;ta2.items{FilterHistory.java" StructureKind="java" NumEvents="6" CreationCount="10"/><InteractionEvent Delta="null" EndDate="2014-10-13 12:44:55.41 JST" Interest="139.017" Kind="propagation" Navigation="null" OriginId="org.eclipse.jdt.ui.CompilationUnitEditor" StartDate="2014-10-13 12:37:48.382 JST" StructureHandle="/TA2/src/ta2/items" StructureKind="resource" NumEvents="140" CreationCount="6"/><InteractionEvent Delta="null" EndDate="2014-10-13 12:40:03.624 JST" Interest="19.0" Kind="propagation" Navigation="null" OriginId="org.eclipse.jdt.ui.CompilationUnitEditor" StartDate="2014-10-13 12:37:51.163 JST" StructureHandle="/TA2/src/ta2/items/Memo.java" StructureKind="resource" NumEvents="19" CreationCount="7"/><InteractionEvent Delta="null" EndDate="2014-10-13 12:44:32.425 JST" Interest="17.0" Kind="edit" Navigation="null" OriginId="org.eclipse.jdt.ui.CompilationUnitEditor" StartDate="2014-10-13 12:40:16.536 JST" StructureHandle="=TA2/src&amp;lt;ta2.items{FilterHistory.java[FilterHistory[Builder" StructureKind="java" NumEvents="17" CreationCount="50"/><InteractionEvent Delta="null" EndDate="2014-10-13 12:40:37.336 JST" Interest="1.0510001" Kind="propagation" Navigation="org.eclipse.mylyn.core.model.edges.containment" OriginId="org.eclipse.mylyn.core.model.interest.propagation" StartDate="2014-10-13 12:40:35.235 JST" StructureHandle="=TA2/src&amp;lt;ta2.items{FilterHistory.java[FilterHistory[Builder" StructureKind="java" NumEvents="2" CreationCount="50"/><InteractionEvent Delta="null" EndDate="2014-10-13 12:44:28.985 JST" Interest="9.0" Kind="selection" Navigation="null" OriginId="org.eclipse.jdt.ui.CompilationUnitEditor" StartDate="2014-10-13 12:40:15.211 JST" StructureHandle="=TA2/src&amp;lt;ta2.items{FilterHistory.java[FilterHistory[Builder" StructureKind="java" NumEvents="9" CreationCount="50"/><InteractionEvent Delta="null" EndDate="2014-10-13 12:37:47.500 JST" Interest="1.0" Kind="selection" Navigation="null" OriginId="org.eclipse.jdt.ui.PackageExplorer" StartDate="2014-10-13 12:37:47.500 JST" StructureHandle="=TA2/src&amp;lt;ta2.listeners" StructureKind="java"/><InteractionEvent Delta="null" EndDate="2014-10-13 12:41:30.22 JST" Interest="2.0" Kind="edit" Navigation="null" OriginId="org.eclipse.jdt.ui.CompilationUnitEditor" StartDate="2014-10-13 12:41:29.416 JST" StructureHandle="=TA2/src&amp;lt;ta2.items{FilterHistory.java[FilterHistory[Builder~setDb_Id~J" StructureKind="java" NumEvents="2" CreationCount="58"/><InteractionEvent Delta="null" EndDate="2014-10-13 12:41:29.396 JST" Interest="2.0" Kind="selection" Navigation="null" OriginId="org.eclipse.jdt.ui.CompilationUnitEditor" StartDate="2014-10-13 12:40:31.235 JST" StructureHandle="=TA2/src&amp;lt;ta2.items{FilterHistory.java[FilterHistory[Builder~setDb_Id~J" StructureKind="java" NumEvents="2" CreationCount="58"/><InteractionEvent Delta="null" EndDate="2014-10-13 12:44:55.39 JST" Interest="1.0" Kind="selection" Navigation="null" OriginId="org.eclipse.jdt.ui.CompilationUnitEditor" StartDate="2014-10-13 12:44:55.39 JST" StructureHandle="=TA2/src&amp;lt;ta2.items{FilterHistory.java[FilterHistory^db_Id" StructureKind="java"/></InteractionHistory>