<?xml version="1.0" encoding="UTF-8"?><InteractionHistory Id="local-170" Version="1"><InteractionEvent Delta="null" EndDate="2014-10-23 19:26:40.864 JST" Interest="38.067997" Kind="propagation" Navigation="org.eclipse.mylyn.core.model.edges.containment" OriginId="org.eclipse.mylyn.core.model.interest.propagation" StartDate="2014-10-23 19:17:38.259 JST" StructureHandle="" StructureKind="java" NumEvents="44" CreationCount="32"/><InteractionEvent Delta="null" EndDate="2014-10-23 19:25:56.539 JST" Interest="9.341001" Kind="propagation" Navigation="org.eclipse.mylyn.core.model.edges.containment" OriginId="org.eclipse.mylyn.core.model.interest.propagation" StartDate="2014-10-23 19:23:50.103 JST" StructureHandle="=SL3/src" StructureKind="java" NumEvents="12" CreationCount="36"/><InteractionEvent Delta="null" EndDate="2014-10-23 19:18:38.43 JST" Interest="3.0" Kind="selection" Navigation="null" OriginId="org.eclipse.ui.views.ResourceNavigator" StartDate="2014-10-23 19:17:45.718 JST" StructureHandle="=SL3/src" StructureKind="java" NumEvents="3" CreationCount="36"/><InteractionEvent Delta="null" EndDate="2014-10-23 21:27:57.208 JST" Interest="43.017" Kind="propagation" Navigation="org.eclipse.mylyn.core.model.edges.containment" OriginId="org.eclipse.mylyn.core.model.interest.propagation" StartDate="2014-10-23 19:17:45.718 JST" StructureHandle="=SL3" StructureKind="resource" NumEvents="48" CreationCount="35"/><InteractionEvent Delta="null" EndDate="2014-10-23 19:17:41.423 JST" Interest="1.0" Kind="selection" Navigation="null" OriginId="org.eclipse.ui.views.ResourceNavigator" StartDate="2014-10-23 19:17:41.423 JST" StructureHandle="=SL3" StructureKind="java"/><InteractionEvent Delta="null" EndDate="2014-10-23 19:24:27.516 JST" Interest="2.0" Kind="edit" Navigation="null" OriginId="org.eclipse.jdt.ui.CompilationUnitEditor" StartDate="2014-10-23 19:24:25.507 JST" StructureHandle="=LM1/src&amp;lt;lm1.utils{Methods_dlg.java[Methods_dlg" StructureKind="java" NumEvents="2" CreationCount="224"/><InteractionEvent Delta="null" EndDate="2014-10-23 19:25:55.397 JST" Interest="1.1019999" Kind="propagation" Navigation="org.eclipse.mylyn.core.model.edges.containment" OriginId="org.eclipse.mylyn.core.model.interest.propagation" StartDate="2014-10-23 19:25:28.268 JST" StructureHandle="=LM1/src&amp;lt;lm1.utils{Methods_dlg.java[Methods_dlg" StructureKind="java" NumEvents="2" CreationCount="224"/><InteractionEvent Delta="null" EndDate="2014-10-23 19:24:23.841 JST" Interest="1.0" Kind="selection" Navigation="null" OriginId="org.eclipse.jdt.ui.CompilationUnitEditor" StartDate="2014-10-23 19:24:23.841 JST" StructureHandle="=LM1/src&amp;lt;lm1.utils{Methods_dlg.java[Methods_dlg" StructureKind="java"/><InteractionEvent Delta="null" EndDate="2014-10-23 21:27:57.856 JST" Interest="45.0" Kind="propagation" Navigation="null" OriginId="org.eclipse.jdt.ui.CompilationUnitEditor" StartDate="2014-10-23 19:18:52.880 JST" StructureHandle="/LM1/src/lm1/main/LogActv.java" StructureKind="resource" NumEvents="45" CreationCount="47"/><InteractionEvent Delta="null" EndDate="2014-10-23 19:22:26.677 JST" Interest="2.0" Kind="selection" Navigation="null" OriginId="org.eclipse.ui.views.ResourceNavigator" StartDate="2014-10-23 19:22:18.223 JST" StructureHandle="/SL3/res/drawable/ifm8_thumb_up_50x50.png" StructureKind="resource" NumEvents="2" CreationCount="131"/><InteractionEvent Delta="null" EndDate="2014-10-23 19:22:26.676 JST" Interest="2.0" Kind="selection" Navigation="null" OriginId="org.eclipse.ui.views.ResourceNavigator" StartDate="2014-10-23 19:22:18.222 JST" StructureHandle="/SL3/res/drawable/ifm8_thumb_top_50x50.png" StructureKind="resource" NumEvents="2" CreationCount="129"/><InteractionEvent Delta="null" EndDate="2014-10-23 19:22:26.672 JST" Interest="2.0" Kind="selection" Navigation="null" OriginId="org.eclipse.ui.views.ResourceNavigator" StartDate="2014-10-23 19:22:18.215 JST" StructureHandle="/SL3/res/drawable/ifm8_thumb_bottom_50x50_disenabled.png" StructureKind="resource" NumEvents="2" CreationCount="124"/><InteractionEvent Delta="null" EndDate="2014-10-23 19:22:09.127 JST" Interest="1.0" Kind="propagation" Navigation="null" OriginId="org.eclipse.mylyn.resources.ui.interest.updater" StartDate="2014-10-23 19:22:09.127 JST" StructureHandle="/LM1/res/drawable/actv_tn_bt_top_45x45.png" StructureKind="resource"/><InteractionEvent Delta="null" EndDate="2014-10-23 19:18:39.850 JST" Interest="1.0" Kind="selection" Navigation="null" OriginId="org.eclipse.ui.views.ResourceNavigator" StartDate="2014-10-23 19:18:39.850 JST" StructureHandle="=SL3/src&amp;lt;sl3" StructureKind="java"/><InteractionEvent Delta="null" EndDate="2014-10-23 20:16:33.687 JST" Interest="8.938" Kind="propagation" Navigation="org.eclipse.mylyn.core.model.edges.containment" OriginId="org.eclipse.mylyn.core.model.interest.propagation" StartDate="2014-10-23 19:26:27.408 JST" StructureHandle="=LM1/src&amp;lt;lm1.utils{CONS.java" StructureKind="java" NumEvents="17" CreationCount="292"/><InteractionEvent Delta="null" EndDate="2014-10-23 21:27:55.948 JST" Interest="6.0" Kind="selection" Navigation="null" OriginId="org.eclipse.jdt.ui.CompilationUnitEditor" StartDate="2014-10-23 19:26:12.958 JST" StructureHandle="=LM1/src&amp;lt;lm1.utils{CONS.java" StructureKind="java" NumEvents="6" CreationCount="292"/><InteractionEvent Delta="null" EndDate="2014-10-23 20:16:33.687 JST" Interest="11.0" Kind="edit" Navigation="null" OriginId="org.eclipse.jdt.ui.CompilationUnitEditor" StartDate="2014-10-23 19:26:30.459 JST" StructureHandle="=LM1/src&amp;lt;lm1.utils{CONS.java[CONS[DB" StructureKind="java" NumEvents="11" CreationCount="306"/><InteractionEvent Delta="null" EndDate="2014-10-23 21:27:56.127 JST" Interest="7.0" Kind="selection" Navigation="null" OriginId="org.eclipse.jdt.ui.CompilationUnitEditor" StartDate="2014-10-23 19:26:29.874 JST" StructureHandle="=LM1/src&amp;lt;lm1.utils{CONS.java[CONS[DB" StructureKind="java" NumEvents="7" CreationCount="306"/><InteractionEvent Delta="null" EndDate="2014-10-23 19:24:57.364 JST" Interest="1.0" Kind="selection" Navigation="null" OriginId="org.eclipse.ui.views.ResourceNavigator" StartDate="2014-10-23 19:24:57.364 JST" StructureHandle="=SL3/src&amp;lt;sl3.listeners" StructureKind="java"/><InteractionEvent Delta="null" EndDate="2014-10-23 19:22:37.128 JST" Interest="14.0" Kind="edit" Navigation="null" OriginId="com.android.ide.eclipse.editors.CommonXmlEditor" StartDate="2014-10-23 19:20:00.142 JST" StructureHandle="/LM1/res/layout/actv_log.xml" StructureKind="resource" NumEvents="14" CreationCount="63"/><InteractionEvent Delta="null" EndDate="2014-10-23 19:19:39.968 JST" Interest="1.0" Kind="propagation" Navigation="null" OriginId="org.eclipse.mylyn.resources.ui.interest.updater" StartDate="2014-10-23 19:19:39.968 JST" StructureHandle="/LM1/res/layout/actv_log.xml" StructureKind="resource"/><InteractionEvent Delta="null" EndDate="2014-10-23 19:21:15.530 JST" Interest="4.0" Kind="selection" Navigation="null" OriginId="com.android.ide.eclipse.editors.CommonXmlEditor" StartDate="2014-10-23 19:19:58.295 JST" StructureHandle="/LM1/res/layout/actv_log.xml" StructureKind="resource" NumEvents="4" CreationCount="63"/><InteractionEvent Delta="null" EndDate="2014-10-23 19:25:55.397 JST" Interest="13.0" Kind="propagation" Navigation="null" OriginId="org.eclipse.jdt.ui.CompilationUnitEditor" StartDate="2014-10-23 19:24:23.85 JST" StructureHandle="/LM1/src/lm1/utils/Methods_dlg.java" StructureKind="resource" NumEvents="13" CreationCount="223"/><InteractionEvent Delta="null" EndDate="2014-10-23 19:16:31.230 JST" Interest="2.0" Kind="selection" Navigation="null" OriginId="org.eclipse.jdt.ui.PackageExplorer" StartDate="2014-10-23 19:14:57.949 JST" StructureHandle="=LM1/src&amp;lt;lm1.items" StructureKind="java" NumEvents="2" CreationCount="10"/><InteractionEvent Delta="null" EndDate="2014-10-23 19:21:37.79 JST" Interest="1.0" Kind="selection" Navigation="null" OriginId="org.eclipse.ui.views.ResourceNavigator" StartDate="2014-10-23 19:21:37.79 JST" StructureHandle="/SL3/res/layout/dlg_search_items.xml" StructureKind="resource"/><InteractionEvent Delta="null" EndDate="2014-10-23 19:24:31.486 JST" Interest="1.0" Kind="selection" Navigation="null" OriginId="org.eclipse.jdt.ui.CompilationUnitEditor" StartDate="2014-10-23 19:24:31.486 JST" StructureHandle="=LM1/src&amp;lt;lm1.utils{Methods_dlg.java#java.io.File" StructureKind="java"/><InteractionEvent Delta="null" EndDate="2014-10-23 19:19:21.808 JST" Interest="2.0" Kind="selection" Navigation="null" OriginId="org.eclipse.ui.views.ResourceNavigator" StartDate="2014-10-23 19:18:47.51 JST" StructureHandle="=SL3/src&amp;lt;sl.main{LogActv.java" StructureKind="java" NumEvents="2" CreationCount="45"/><InteractionEvent Delta="null" EndDate="2014-10-23 19:18:43.695 JST" Interest="1.0" Kind="selection" Navigation="null" OriginId="org.eclipse.ui.views.ResourceNavigator" StartDate="2014-10-23 19:18:43.695 JST" StructureHandle="=SL3/src&amp;lt;sl" StructureKind="java"/><InteractionEvent Delta="null" EndDate="2014-10-23 19:22:41.438 JST" Interest="9.0" Kind="edit" Navigation="null" OriginId="org.eclipse.jdt.ui.CompilationUnitEditor" StartDate="2014-10-23 19:15:07.515 JST" StructureHandle="=LM1/src&amp;lt;lm1.main{MainActv.java[MainActv" StructureKind="java" NumEvents="9" CreationCount="5"/><InteractionEvent Delta="null" EndDate="2014-10-23 19:14:58.485 JST" Interest="4.3999996" Kind="propagation" Navigation="org.eclipse.mylyn.core.model.edges.containment" OriginId="org.eclipse.mylyn.core.model.interest.propagation" StartDate="2014-10-23 19:14:45.905 JST" StructureHandle="=LM1/src&amp;lt;lm1.main{MainActv.java[MainActv" StructureKind="java" NumEvents="5" CreationCount="5"/><InteractionEvent Delta="null" EndDate="2014-10-23 21:27:58.204 JST" Interest="8.0" Kind="selection" Navigation="null" OriginId="org.eclipse.jdt.ui.CompilationUnitEditor" StartDate="2014-10-23 19:14:59.57 JST" StructureHandle="=LM1/src&amp;lt;lm1.main{MainActv.java[MainActv" StructureKind="java" NumEvents="8" CreationCount="5"/><InteractionEvent Delta="null" EndDate="2014-10-23 21:27:54.694 JST" Interest="0.71700007" Kind="propagation" Navigation="org.eclipse.mylyn.core.model.edges.containment" OriginId="org.eclipse.mylyn.core.model.interest.propagation" StartDate="2014-10-23 21:27:54.673 JST" StructureHandle="=SL3/src&amp;lt;sl3.utils{Methods.java" StructureKind="java" NumEvents="2" CreationCount="343"/><InteractionEvent Delta="null" EndDate="2014-10-23 21:27:54.503 JST" Interest="1.0" Kind="selection" Navigation="null" OriginId="org.eclipse.jdt.ui.CompilationUnitEditor" StartDate="2014-10-23 21:27:54.503 JST" StructureHandle="=SL3/src&amp;lt;sl3.utils{Methods.java" StructureKind="java"/><InteractionEvent Delta="null" EndDate="2014-10-23 21:27:57.208 JST" Interest="11.0" Kind="propagation" Navigation="null" OriginId="org.eclipse.jdt.ui.CompilationUnitEditor" StartDate="2014-10-23 19:26:04.700 JST" StructureHandle="/SL3/src/sl3/utils/CONS.java" StructureKind="resource" NumEvents="11" CreationCount="288"/><InteractionEvent Delta="null" EndDate="2014-10-23 19:22:26.673 JST" Interest="2.0" Kind="selection" Navigation="null" OriginId="org.eclipse.ui.views.ResourceNavigator" StartDate="2014-10-23 19:22:18.216 JST" StructureHandle="/SL3/res/drawable/ifm8_thumb_bottom_50x50.png" StructureKind="resource" NumEvents="2" CreationCount="125"/><InteractionEvent Delta="null" EndDate="2014-10-23 21:27:58.206 JST" Interest="82.017" Kind="propagation" Navigation="org.eclipse.mylyn.core.model.edges.containment" OriginId="org.eclipse.mylyn.core.model.interest.propagation" StartDate="2014-10-23 19:14:40.298 JST" StructureHandle="/LM1/src/lm1" StructureKind="resource" NumEvents="84" CreationCount="2"/><InteractionEvent Delta="null" EndDate="2014-10-23 21:27:56.129 JST" Interest="55.0" Kind="propagation" Navigation="null" OriginId="org.eclipse.jdt.ui.CompilationUnitEditor" StartDate="2014-10-23 19:24:23.86 JST" StructureHandle="/LM1/src/lm1/utils" StructureKind="resource" NumEvents="55" CreationCount="223"/><InteractionEvent Delta="null" EndDate="2014-10-23 20:16:19.297 JST" Interest="2.0" Kind="edit" Navigation="null" OriginId="org.eclipse.jdt.ui.CompilationUnitEditor" StartDate="2014-10-23 20:16:12.867 JST" StructureHandle="=LM1/src&amp;lt;lm1.utils{CONS.java[CONS[DB^dPath_dbFile" StructureKind="java" NumEvents="2" CreationCount="325"/><InteractionEvent Delta="null" EndDate="2014-10-23 20:16:12.857 JST" Interest="1.0" Kind="selection" Navigation="null" OriginId="org.eclipse.jdt.ui.CompilationUnitEditor" StartDate="2014-10-23 20:16:12.857 JST" StructureHandle="=LM1/src&amp;lt;lm1.utils{CONS.java[CONS[DB^dPath_dbFile" StructureKind="java"/><InteractionEvent Delta="null" EndDate="2014-10-23 19:19:39.968 JST" Interest="1.0" Kind="propagation" Navigation="null" OriginId="org.eclipse.mylyn.resources.ui.interest.updater" StartDate="2014-10-23 19:19:39.968 JST" StructureHandle="/LM1/res/layout/actv_showlog.xml" StructureKind="resource"/><InteractionEvent Delta="null" EndDate="2014-10-23 19:19:44.316 JST" Interest="3.0" Kind="selection" Navigation="null" OriginId="org.eclipse.ui.views.ResourceNavigator" StartDate="2014-10-23 19:19:28.695 JST" StructureHandle="/SL3/res/layout/actv_log.xml" StructureKind="resource" NumEvents="3" CreationCount="57"/><InteractionEvent Delta="null" EndDate="2014-10-23 19:24:14.828 JST" Interest="6.417" Kind="propagation" Navigation="org.eclipse.mylyn.core.model.edges.containment" OriginId="org.eclipse.mylyn.core.model.interest.propagation" StartDate="2014-10-23 19:24:07.46 JST" StructureHandle="=SL3/src&amp;lt;sl3.utils{Methods_dlg.java[Methods_dlg" StructureKind="java" NumEvents="9" CreationCount="208"/><InteractionEvent Delta="null" EndDate="2014-10-23 19:25:56.611 JST" Interest="2.0" Kind="selection" Navigation="null" OriginId="org.eclipse.jdt.ui.CompilationUnitEditor" StartDate="2014-10-23 19:25:30.710 JST" StructureHandle="=SL3/src&amp;lt;sl3.utils{Methods_dlg.java[Methods_dlg" StructureKind="java" NumEvents="2" CreationCount="208"/><InteractionEvent Delta="null" EndDate="2014-10-23 19:17:38.882 JST" Interest="2.0" Kind="selection" Navigation="null" OriginId="org.eclipse.ui.views.ResourceNavigator" StartDate="2014-10-23 19:17:38.259 JST" StructureHandle="=IFM11" StructureKind="java" NumEvents="2" CreationCount="32"/><InteractionEvent Delta="null" EndDate="2014-10-23 19:22:26.671 JST" Interest="3.0" Kind="selection" Navigation="null" OriginId="org.eclipse.ui.views.ResourceNavigator" StartDate="2014-10-23 19:22:16.491 JST" StructureHandle="/SL3/res/drawable/ifm8_thumb_back_50x50_disenabled.png" StructureKind="resource" NumEvents="3" CreationCount="121"/><InteractionEvent Delta="null" EndDate="2014-10-23 19:25:53.812 JST" Interest="8.0" Kind="edit" Navigation="null" OriginId="com.android.ide.eclipse.editors.CommonXmlEditor" StartDate="2014-10-23 19:25:10.849 JST" StructureHandle="/LM1/res/values/strings.xml" StructureKind="resource" NumEvents="8" CreationCount="242"/><InteractionEvent Delta="null" EndDate="2014-10-23 19:25:58.340 JST" Interest="6.0" Kind="selection" Navigation="null" OriginId="org.eclipse.jdt.ui.PackageExplorer" StartDate="2014-10-23 19:25:10.550 JST" StructureHandle="/LM1/res/values/strings.xml" StructureKind="resource" NumEvents="6" CreationCount="242"/><InteractionEvent Delta="null" EndDate="2014-10-23 19:22:21.334 JST" Interest="1.0" Kind="propagation" Navigation="null" OriginId="org.eclipse.mylyn.resources.ui.interest.updater" StartDate="2014-10-23 19:22:21.334 JST" StructureHandle="/LM1/res/drawable/ifm8_thumb_back_50x50.png" StructureKind="resource"/><InteractionEvent Delta="null" EndDate="2014-10-23 19:23:42.781 JST" Interest="17.417" Kind="propagation" Navigation="org.eclipse.mylyn.core.model.edges.containment" OriginId="org.eclipse.mylyn.core.model.interest.propagation" StartDate="2014-10-23 19:20:08.508 JST" StructureHandle="/SL3/res/values" StructureKind="resource" NumEvents="22" CreationCount="75"/><InteractionEvent Delta="null" EndDate="2014-10-23 19:25:03.289 JST" Interest="2.0" Kind="selection" Navigation="null" OriginId="org.eclipse.ui.views.ResourceNavigator" StartDate="2014-10-23 19:20:06.816 JST" StructureHandle="/SL3/res/values" StructureKind="resource" NumEvents="2" CreationCount="75"/><InteractionEvent Delta="null" EndDate="2014-10-23 19:26:40.864 JST" Interest="152.034" Kind="propagation" Navigation="null" OriginId="org.eclipse.jdt.ui.CompilationUnitEditor" StartDate="2014-10-23 19:14:37.902 JST" StructureHandle="/" StructureKind="resource" NumEvents="154" CreationCount="1"/><InteractionEvent Delta="null" EndDate="2014-10-23 21:27:57.854 JST" Interest="1.0" Kind="edit" Navigation="null" OriginId="org.eclipse.jdt.ui.CompilationUnitEditor" StartDate="2014-10-23 21:27:57.854 JST" StructureHandle="=LM1/src&amp;lt;lm1.main{LogActv.java[LogActv~_Setup_Set_Listener" StructureKind="java"/><InteractionEvent Delta="null" EndDate="2014-10-23 21:27:57.820 JST" Interest="1.0" Kind="selection" Navigation="null" OriginId="org.eclipse.jdt.ui.CompilationUnitEditor" StartDate="2014-10-23 21:27:57.820 JST" StructureHandle="=LM1/src&amp;lt;lm1.main{LogActv.java[LogActv~_Setup_Set_Listener" StructureKind="java"/><InteractionEvent Delta="null" EndDate="2014-10-23 19:22:13.481 JST" Interest="2.0" Kind="selection" Navigation="null" OriginId="org.eclipse.ui.views.ResourceNavigator" StartDate="2014-10-23 19:21:51.755 JST" StructureHandle="/SL3/res/drawable/actv_tn_bt_top_45x45.png" StructureKind="resource" NumEvents="2" CreationCount="114"/><InteractionEvent Delta="null" EndDate="2014-10-23 19:23:01.846 JST" Interest="2.0" Kind="selection" Navigation="null" OriginId="org.eclipse.ui.views.ResourceNavigator" StartDate="2014-10-23 19:22:32.575 JST" StructureHandle="/SL3/res/drawable/actv_tn_bt_bottom_45x45.png" StructureKind="resource" NumEvents="2" CreationCount="146"/><InteractionEvent Delta="null" EndDate="2014-10-23 19:24:11.994 JST" Interest="2.0" Kind="selection" Navigation="null" OriginId="org.eclipse.jdt.ui.CompilationUnitEditor" StartDate="2014-10-23 19:24:11.987 JST" StructureHandle="=SL3/src&amp;lt;sl3.utils{Methods_dlg.java[Methods_dlg~dlg_Template_Cancel~QActivity;~I~I~I~QDialogTags;" StructureKind="java" NumEvents="2" CreationCount="216"/><InteractionEvent Delta="null" EndDate="2014-10-23 21:27:54.693 JST" Interest="1.0" Kind="edit" Navigation="null" OriginId="org.eclipse.jdt.ui.CompilationUnitEditor" StartDate="2014-10-23 21:27:54.693 JST" StructureHandle="=SL3/src&amp;lt;sl3.utils{Methods.java[Methods" StructureKind="java"/><InteractionEvent Delta="null" EndDate="2014-10-23 21:27:54.672 JST" Interest="1.0" Kind="selection" Navigation="null" OriginId="org.eclipse.jdt.ui.CompilationUnitEditor" StartDate="2014-10-23 21:27:54.672 JST" StructureHandle="=SL3/src&amp;lt;sl3.utils{Methods.java[Methods" StructureKind="java"/><InteractionEvent Delta="null" EndDate="2014-10-23 21:27:58.205 JST" Interest="34.0" Kind="propagation" Navigation="null" OriginId="org.eclipse.jdt.ui.CompilationUnitEditor" StartDate="2014-10-23 19:14:41.822 JST" StructureHandle="/LM1/src/lm1/main/MainActv.java" StructureKind="resource" NumEvents="34" CreationCount="3"/><InteractionEvent Delta="null" EndDate="2014-10-23 19:23:24.15 JST" Interest="4.0" Kind="edit" Navigation="null" OriginId="org.eclipse.jdt.ui.CompilationUnitEditor" StartDate="2014-10-23 19:22:44.626 JST" StructureHandle="=LM1/src&amp;lt;lm1.main{LogActv.java[LogActv~onCreate~QBundle;" StructureKind="java" NumEvents="4" CreationCount="53"/><InteractionEvent Delta="null" EndDate="2014-10-23 19:22:42.861 JST" Interest="3.0" Kind="selection" Navigation="null" OriginId="org.eclipse.jdt.ui.CompilationUnitEditor" StartDate="2014-10-23 19:19:08.95 JST" StructureHandle="=LM1/src&amp;lt;lm1.main{LogActv.java[LogActv~onCreate~QBundle;" StructureKind="java" NumEvents="3" CreationCount="53"/><InteractionEvent Delta="null" EndDate="2014-10-23 19:19:21.809 JST" Interest="1.017" Kind="propagation" Navigation="org.eclipse.mylyn.core.model.edges.containment" OriginId="org.eclipse.mylyn.core.model.interest.propagation" StartDate="2014-10-23 19:18:47.52 JST" StructureHandle="=SL3/src&amp;lt;sl.main" StructureKind="java" NumEvents="2" CreationCount="44"/><InteractionEvent Delta="null" EndDate="2014-10-23 19:18:45.498 JST" Interest="1.0" Kind="selection" Navigation="null" OriginId="org.eclipse.ui.views.ResourceNavigator" StartDate="2014-10-23 19:18:45.498 JST" StructureHandle="=SL3/src&amp;lt;sl.main" StructureKind="java"/><InteractionEvent Delta="null" EndDate="2014-10-23 19:25:47.70 JST" Interest="6.5330005" Kind="propagation" Navigation="org.eclipse.mylyn.core.model.edges.containment" OriginId="org.eclipse.mylyn.core.model.interest.propagation" StartDate="2014-10-23 19:18:52.880 JST" StructureHandle="=LM1/src&amp;lt;lm1.main{LogActv.java" StructureKind="java" NumEvents="10" CreationCount="47"/><InteractionEvent Delta="null" EndDate="2014-10-23 21:27:57.519 JST" Interest="13.0" Kind="selection" Navigation="null" OriginId="org.eclipse.jdt.ui.CompilationUnitEditor" StartDate="2014-10-23 19:18:54.1 JST" StructureHandle="=LM1/src&amp;lt;lm1.main{LogActv.java" StructureKind="java" NumEvents="13" CreationCount="47"/><InteractionEvent Delta="null" EndDate="2014-10-23 19:22:21.334 JST" Interest="1.0" Kind="propagation" Navigation="null" OriginId="org.eclipse.mylyn.resources.ui.interest.updater" StartDate="2014-10-23 19:22:21.334 JST" StructureHandle="/LM1/res/drawable/ifm8_thumb_back_50x50_disenabled.png" StructureKind="resource"/><InteractionEvent Delta="null" EndDate="2014-10-23 19:19:21.809 JST" Interest="2.017" Kind="propagation" Navigation="org.eclipse.mylyn.core.model.edges.containment" OriginId="org.eclipse.mylyn.core.model.interest.propagation" StartDate="2014-10-23 19:18:45.498 JST" StructureHandle="/SL3/src/sl/main" StructureKind="resource" NumEvents="3" CreationCount="44"/><InteractionEvent Delta="null" EndDate="2014-10-23 19:20:04.660 JST" Interest="3.0" Kind="selection" Navigation="null" OriginId="org.eclipse.ui.views.ResourceNavigator" StartDate="2014-10-23 19:19:47.133 JST" StructureHandle="/SL3/res/layout/list_row_logitem.xml" StructureKind="resource" NumEvents="3" CreationCount="66"/><InteractionEvent Delta="null" EndDate="2014-10-23 19:22:49.537 JST" Interest="4.0" Kind="selection" Navigation="null" OriginId="org.eclipse.jdt.ui.PackageExplorer" StartDate="2014-10-23 19:22:08.528 JST" StructureHandle="/LM1/res/drawable" StructureKind="resource" NumEvents="4" CreationCount="117"/><InteractionEvent Delta="null" EndDate="2014-10-23 20:16:04.981 JST" Interest="1.0" Kind="edit" Navigation="null" OriginId="org.eclipse.jdt.ui.CompilationUnitEditor" StartDate="2014-10-23 20:16:04.981 JST" StructureHandle="=LM1/src&amp;lt;lm1.utils{CONS.java[CONS[DB^tname_Locations" StructureKind="java"/><InteractionEvent Delta="null" EndDate="2014-10-23 20:16:04.981 JST" Interest="1.0" Kind="selection" Navigation="null" OriginId="org.eclipse.jdt.ui.CompilationUnitEditor" StartDate="2014-10-23 20:16:04.981 JST" StructureHandle="=LM1/src&amp;lt;lm1.utils{CONS.java[CONS[DB^tname_Locations" StructureKind="java"/><InteractionEvent Delta="null" EndDate="2014-10-23 21:27:56.128 JST" Interest="41.0" Kind="propagation" Navigation="null" OriginId="org.eclipse.jdt.ui.CompilationUnitEditor" StartDate="2014-10-23 19:26:12.958 JST" StructureHandle="/LM1/src/lm1/utils/CONS.java" StructureKind="resource" NumEvents="41" CreationCount="292"/><InteractionEvent Delta="null" EndDate="2014-10-23 19:18:44.498 JST" Interest="1.0" Kind="propagation" Navigation="null" OriginId="org.eclipse.ui.views.ResourceNavigator" StartDate="2014-10-23 19:18:44.498 JST" StructureHandle="/SL3/src/sl/libs" StructureKind="resource"/><InteractionEvent Delta="null" EndDate="2014-10-23 21:27:54.693 JST" Interest="3.0" Kind="propagation" Navigation="null" OriginId="org.eclipse.jdt.ui.CompilationUnitEditor" StartDate="2014-10-23 21:27:54.504 JST" StructureHandle="/SL3/src/sl3/utils/Methods.java" StructureKind="resource" NumEvents="3" CreationCount="343"/><InteractionEvent Delta="null" EndDate="2014-10-23 20:16:34.427 JST" Interest="4.0" Kind="edit" Navigation="null" OriginId="org.eclipse.jdt.ui.CompilationUnitEditor" StartDate="2014-10-23 20:16:32.5 JST" StructureHandle="=LM1/src&amp;lt;lm1.utils{CONS.java[CONS[DB^dPath_dbFile_backup" StructureKind="java" NumEvents="4" CreationCount="333"/><InteractionEvent Delta="null" EndDate="2014-10-23 20:16:34.417 JST" Interest="2.0" Kind="selection" Navigation="null" OriginId="org.eclipse.jdt.ui.CompilationUnitEditor" StartDate="2014-10-23 20:16:32.5 JST" StructureHandle="=LM1/src&amp;lt;lm1.utils{CONS.java[CONS[DB^dPath_dbFile_backup" StructureKind="java" NumEvents="2" CreationCount="333"/><InteractionEvent Delta="null" EndDate="2014-10-23 19:22:21.334 JST" Interest="1.0" Kind="propagation" Navigation="null" OriginId="org.eclipse.mylyn.resources.ui.interest.updater" StartDate="2014-10-23 19:22:21.334 JST" StructureHandle="/LM1/res/drawable/ifm8_thumb_top_50x50_disenabled.png" StructureKind="resource"/><InteractionEvent Delta="null" EndDate="2014-10-23 19:24:36.892 JST" Interest="1.0" Kind="edit" Navigation="null" OriginId="org.eclipse.jdt.ui.CompilationUnitEditor" StartDate="2014-10-23 19:24:36.892 JST" StructureHandle="=LM1/src&amp;lt;lm1.utils{Methods_dlg.java" StructureKind="java"/><InteractionEvent Delta="null" EndDate="2014-10-23 19:24:27.517 JST" Interest="1.417" Kind="propagation" Navigation="org.eclipse.mylyn.core.model.edges.containment" OriginId="org.eclipse.mylyn.core.model.interest.propagation" StartDate="2014-10-23 19:24:23.842 JST" StructureHandle="=LM1/src&amp;lt;lm1.utils{Methods_dlg.java" StructureKind="java" NumEvents="3" CreationCount="223"/><InteractionEvent Delta="null" EndDate="2014-10-23 19:25:55.319 JST" Interest="3.0" Kind="selection" Navigation="null" OriginId="org.eclipse.jdt.ui.CompilationUnitEditor" StartDate="2014-10-23 19:24:23.85 JST" StructureHandle="=LM1/src&amp;lt;lm1.utils{Methods_dlg.java" StructureKind="java" NumEvents="3" CreationCount="223"/><InteractionEvent Delta="null" EndDate="2014-10-23 19:20:04.661 JST" Interest="2.0" Kind="selection" Navigation="null" OriginId="org.eclipse.ui.views.ResourceNavigator" StartDate="2014-10-23 19:19:51.372 JST" StructureHandle="/SL3/res/layout/list_row_simple_2.xml" StructureKind="resource" NumEvents="2" CreationCount="68"/><InteractionEvent Delta="null" EndDate="2014-10-23 19:18:44.498 JST" Interest="1.0" Kind="selection" Navigation="null" OriginId="org.eclipse.ui.views.ResourceNavigator" StartDate="2014-10-23 19:18:44.498 JST" StructureHandle="=SL3/src&amp;lt;sl.libs" StructureKind="java"/><InteractionEvent Delta="null" EndDate="2014-10-23 21:28:02.441 JST" Interest="4.9300003" Kind="propagation" Navigation="org.eclipse.mylyn.core.model.edges.containment" OriginId="org.eclipse.mylyn.core.model.interest.propagation" StartDate="2014-10-23 21:27:52.612 JST" StructureHandle="=LM1/src&amp;lt;lm1.views" StructureKind="java" NumEvents="4" CreationCount="152"/><InteractionEvent Delta="null" EndDate="2014-10-23 19:26:09.371 JST" Interest="1.0" Kind="selection" Navigation="null" OriginId="org.eclipse.jdt.ui.PackageExplorer" StartDate="2014-10-23 19:26:09.371 JST" StructureHandle="=LM1/src&amp;lt;lm1.views" StructureKind="java"/><InteractionEvent Delta="null" EndDate="2014-10-23 19:17:30.472 JST" Interest="3.0" Kind="edit" Navigation="null" OriginId="org.eclipse.jdt.ui.CompilationUnitEditor" StartDate="2014-10-23 19:14:56.782 JST" StructureHandle="=LM1/src&amp;lt;lm1.main{MainActv.java[MainActv^preference" StructureKind="java" NumEvents="3" CreationCount="5"/><InteractionEvent Delta="null" EndDate="2014-10-23 19:16:52.484 JST" Interest="4.0" Kind="selection" Navigation="null" OriginId="org.eclipse.ui.views.ContentOutline" StartDate="2014-10-23 19:14:45.904 JST" StructureHandle="=LM1/src&amp;lt;lm1.main{MainActv.java[MainActv^preference" StructureKind="java" NumEvents="4" CreationCount="5"/><InteractionEvent Delta="null" EndDate="2014-10-23 19:26:18.488 JST" Interest="12.0" Kind="edit" Navigation="null" OriginId="org.eclipse.jdt.ui.CompilationUnitEditor" StartDate="2014-10-23 19:23:30.302 JST" StructureHandle="=LM1/src&amp;lt;lm1.main{LogActv.java[LogActv~onListItemClick~QListView;~QView;~I~J" StructureKind="java" NumEvents="12" CreationCount="196"/><InteractionEvent Delta="null" EndDate="2014-10-23 19:26:15.838 JST" Interest="7.0" Kind="selection" Navigation="null" OriginId="org.eclipse.jdt.ui.CompilationUnitEditor" StartDate="2014-10-23 19:23:28.686 JST" StructureHandle="=LM1/src&amp;lt;lm1.main{LogActv.java[LogActv~onListItemClick~QListView;~QView;~I~J" StructureKind="java" NumEvents="7" CreationCount="196"/><InteractionEvent Delta="null" EndDate="2014-10-23 19:19:21.809 JST" Interest="2.0509999" Kind="propagation" Navigation="org.eclipse.mylyn.core.model.edges.containment" OriginId="org.eclipse.mylyn.core.model.interest.propagation" StartDate="2014-10-23 19:18:43.696 JST" StructureHandle="/SL3/src/sl" StructureKind="resource" NumEvents="5" CreationCount="42"/><InteractionEvent Delta="null" EndDate="2014-10-23 19:26:29.947 JST" Interest="4.0" Kind="propagation" Navigation="org.eclipse.mylyn.core.model.edges.containment" OriginId="org.eclipse.mylyn.core.model.interest.propagation" StartDate="2014-10-23 19:26:14.903 JST" StructureHandle="=LM1/src&amp;lt;lm1.utils{CONS.java[CONS[Admin" StructureKind="java" NumEvents="4" CreationCount="294"/><InteractionEvent Delta="null" EndDate="2014-10-23 21:28:02.440 JST" Interest="7.771" Kind="propagation" Navigation="org.eclipse.mylyn.core.model.edges.containment" OriginId="org.eclipse.mylyn.core.model.interest.propagation" StartDate="2014-10-23 19:26:09.372 JST" StructureHandle="/LM1/src/lm1/views" StructureKind="resource" NumEvents="6" CreationCount="178"/><InteractionEvent Delta="null" EndDate="2014-10-23 19:24:57.364 JST" Interest="1.0" Kind="propagation" Navigation="null" OriginId="org.eclipse.ui.views.ResourceNavigator" StartDate="2014-10-23 19:24:57.364 JST" StructureHandle="/SL3/src/sl3/listeners" StructureKind="resource"/><InteractionEvent Delta="null" EndDate="2014-10-23 21:28:02.440 JST" Interest="144.034" Kind="propagation" Navigation="org.eclipse.mylyn.core.model.edges.containment" OriginId="org.eclipse.mylyn.core.model.interest.propagation" StartDate="2014-10-23 19:14:37.902 JST" StructureHandle="=LM1" StructureKind="resource" NumEvents="147" CreationCount="1"/><InteractionEvent Delta="null" EndDate="2014-10-23 19:17:40.275 JST" Interest="1.0" Kind="selection" Navigation="null" OriginId="org.eclipse.ui.views.ResourceNavigator" StartDate="2014-10-23 19:17:40.275 JST" StructureHandle="=LM1" StructureKind="java"/><InteractionEvent Delta="null" EndDate="2014-10-23 21:27:57.208 JST" Interest="35.805" Kind="propagation" Navigation="org.eclipse.mylyn.core.model.edges.containment" OriginId="org.eclipse.mylyn.core.model.interest.propagation" StartDate="2014-10-23 19:18:39.850 JST" StructureHandle="/SL3/src/sl3" StructureKind="resource" NumEvents="36" CreationCount="40"/><InteractionEvent Delta="null" EndDate="2014-10-23 19:23:22.188 JST" Interest="17.0" Kind="edit" Navigation="null" OriginId="com.android.ide.eclipse.editors.CommonXmlEditor" StartDate="2014-10-23 19:20:24.455 JST" StructureHandle="/LM1/res/values/styles.xml" StructureKind="resource" NumEvents="17" CreationCount="85"/><InteractionEvent Delta="null" EndDate="2014-10-23 19:25:05.861 JST" Interest="11.0" Kind="selection" Navigation="null" OriginId="org.eclipse.jdt.ui.PackageExplorer" StartDate="2014-10-23 19:20:24.110 JST" StructureHandle="/LM1/res/values/styles.xml" StructureKind="resource" NumEvents="11" CreationCount="85"/><InteractionEvent Delta="null" EndDate="2014-10-23 21:27:58.206 JST" Interest="82.017" Kind="propagation" Navigation="null" OriginId="org.eclipse.jdt.ui.CompilationUnitEditor" StartDate="2014-10-23 19:14:40.298 JST" StructureHandle="/LM1/src/lm1/main" StructureKind="resource" NumEvents="84" CreationCount="2"/><InteractionEvent Delta="null" EndDate="2014-10-23 21:28:02.442 JST" Interest="146.034" Kind="propagation" Navigation="null" OriginId="org.eclipse.jdt.ui.CompilationUnitEditor" StartDate="2014-10-23 19:14:37.900 JST" StructureHandle="/LM1/src" StructureKind="resource" NumEvents="148" CreationCount="1"/><InteractionEvent Delta="null" EndDate="2014-10-23 19:22:21.335 JST" Interest="1.0" Kind="propagation" Navigation="null" OriginId="org.eclipse.mylyn.resources.ui.interest.updater" StartDate="2014-10-23 19:22:21.335 JST" StructureHandle="/LM1/res/drawable/ifm8_thumb_down_50x50_disenabled.png" StructureKind="resource"/><InteractionEvent Delta="null" EndDate="2014-10-23 19:19:21.809 JST" Interest="2.0" Kind="propagation" Navigation="null" OriginId="org.eclipse.ui.views.ResourceNavigator" StartDate="2014-10-23 19:18:47.52 JST" StructureHandle="/SL3/src/sl/main/LogActv.java" StructureKind="resource" NumEvents="2" CreationCount="45"/><InteractionEvent Delta="null" EndDate="2014-10-23 20:16:20.889 JST" Interest="1.0" Kind="edit" Navigation="null" OriginId="org.eclipse.jdt.ui.CompilationUnitEditor" StartDate="2014-10-23 20:16:20.889 JST" StructureHandle="=LM1/src&amp;lt;lm1.utils{CONS.java[CONS[DB^dbName" StructureKind="java"/><InteractionEvent Delta="null" EndDate="2014-10-23 20:16:20.889 JST" Interest="1.0" Kind="selection" Navigation="null" OriginId="org.eclipse.jdt.ui.CompilationUnitEditor" StartDate="2014-10-23 20:16:20.889 JST" StructureHandle="=LM1/src&amp;lt;lm1.utils{CONS.java[CONS[DB^dbName" StructureKind="java"/><InteractionEvent Delta="null" EndDate="2014-10-23 19:22:26.674 JST" Interest="2.0" Kind="selection" Navigation="null" OriginId="org.eclipse.ui.views.ResourceNavigator" StartDate="2014-10-23 19:22:18.220 JST" StructureHandle="/SL3/res/drawable/ifm8_thumb_down_50x50.png" StructureKind="resource" NumEvents="2" CreationCount="127"/><InteractionEvent Delta="null" EndDate="2014-10-23 19:22:21.334 JST" Interest="1.0" Kind="propagation" Navigation="null" OriginId="org.eclipse.mylyn.resources.ui.interest.updater" StartDate="2014-10-23 19:22:21.334 JST" StructureHandle="/LM1/res/drawable/ifm8_thumb_up_50x50_disenabled.png" StructureKind="resource"/><InteractionEvent Delta="null" EndDate="2014-10-23 19:22:26.674 JST" Interest="2.0" Kind="selection" Navigation="null" OriginId="org.eclipse.ui.views.ResourceNavigator" StartDate="2014-10-23 19:22:18.219 JST" StructureHandle="/SL3/res/drawable/ifm8_thumb_down_50x50_disenabled.png" StructureKind="resource" NumEvents="2" CreationCount="126"/><InteractionEvent Delta="null" EndDate="2014-10-23 19:22:21.334 JST" Interest="1.0" Kind="propagation" Navigation="null" OriginId="org.eclipse.mylyn.resources.ui.interest.updater" StartDate="2014-10-23 19:22:21.334 JST" StructureHandle="/LM1/res/drawable/ifm8_thumb_bottom_50x50_disenabled.png" StructureKind="resource"/><InteractionEvent Delta="null" EndDate="2014-10-23 19:25:27.533 JST" Interest="7.0" Kind="edit" Navigation="null" OriginId="com.android.ide.eclipse.editors.CommonXmlEditor" StartDate="2014-10-23 19:25:04.682 JST" StructureHandle="/SL3/res/values/strings.xml" StructureKind="resource" NumEvents="7" CreationCount="236"/><InteractionEvent Delta="null" EndDate="2014-10-23 19:26:00.216 JST" Interest="6.0" Kind="selection" Navigation="null" OriginId="org.eclipse.ui.views.ResourceNavigator" StartDate="2014-10-23 19:25:04.326 JST" StructureHandle="/SL3/res/values/strings.xml" StructureKind="resource" NumEvents="6" CreationCount="236"/><InteractionEvent Delta="null" EndDate="2014-10-23 19:26:29.947 JST" Interest="4.0" Kind="selection" Navigation="null" OriginId="org.eclipse.jdt.ui.CompilationUnitEditor" StartDate="2014-10-23 19:26:14.902 JST" StructureHandle="=LM1/src&amp;lt;lm1.utils{CONS.java[CONS[Admin^vib" StructureKind="java" NumEvents="4" CreationCount="294"/><InteractionEvent Delta="null" EndDate="2014-10-23 21:28:02.440 JST" Interest="1.717" Kind="propagation" Navigation="org.eclipse.mylyn.core.model.edges.containment" OriginId="org.eclipse.mylyn.core.model.interest.propagation" StartDate="2014-10-23 21:27:52.612 JST" StructureHandle="=LM1/src&amp;lt;lm1.views{CanvasView_4.java" StructureKind="java" NumEvents="3" CreationCount="341"/><InteractionEvent Delta="null" EndDate="2014-10-23 21:28:00.166 JST" Interest="1.0" Kind="selection" Navigation="null" OriginId="org.eclipse.jdt.ui.CompilationUnitEditor" StartDate="2014-10-23 21:28:00.166 JST" StructureHandle="=LM1/src&amp;lt;lm1.views{CanvasView_4.java" StructureKind="java"/><InteractionEvent Delta="null" EndDate="2014-10-23 21:27:57.210 JST" Interest="36.788002" Kind="propagation" Navigation="null" OriginId="org.eclipse.jdt.ui.CompilationUnitEditor" StartDate="2014-10-23 19:18:41.94 JST" StructureHandle="/SL3/src/sl3/utils" StructureKind="resource" NumEvents="35" CreationCount="41"/><InteractionEvent Delta="null" EndDate="2014-10-23 19:22:26.672 JST" Interest="2.0" Kind="selection" Navigation="null" OriginId="org.eclipse.ui.views.ResourceNavigator" StartDate="2014-10-23 19:22:18.214 JST" StructureHandle="/SL3/res/drawable/ifm8_thumb_back_50x50.png" StructureKind="resource" NumEvents="2" CreationCount="123"/><InteractionEvent Delta="null" EndDate="2014-10-23 19:23:53.79 JST" Interest="1.0" Kind="selection" Navigation="null" OriginId="org.eclipse.ui.views.ContentOutline" StartDate="2014-10-23 19:23:53.79 JST" StructureHandle="=SL3/src&amp;lt;sl3.utils{Methods_dlg.java%sl3.utils" StructureKind="java"/><InteractionEvent Delta="null" EndDate="2014-10-23 21:27:57.207 JST" Interest="1.0" Kind="edit" Navigation="null" OriginId="org.eclipse.jdt.ui.CompilationUnitEditor" StartDate="2014-10-23 21:27:57.207 JST" StructureHandle="=SL3/src&amp;lt;sl3.utils{CONS.java[CONS" StructureKind="java"/><InteractionEvent Delta="null" EndDate="2014-10-23 19:26:40.863 JST" Interest="3.0" Kind="propagation" Navigation="org.eclipse.mylyn.core.model.edges.containment" OriginId="org.eclipse.mylyn.core.model.interest.propagation" StartDate="2014-10-23 19:26:23.516 JST" StructureHandle="=SL3/src&amp;lt;sl3.utils{CONS.java[CONS" StructureKind="java" NumEvents="3" CreationCount="301"/><InteractionEvent Delta="null" EndDate="2014-10-23 21:27:57.190 JST" Interest="1.0" Kind="selection" Navigation="null" OriginId="org.eclipse.jdt.ui.CompilationUnitEditor" StartDate="2014-10-23 21:27:57.190 JST" StructureHandle="=SL3/src&amp;lt;sl3.utils{CONS.java[CONS" StructureKind="java"/><InteractionEvent Delta="null" EndDate="2014-10-23 19:25:28.267 JST" Interest="2.0" Kind="edit" Navigation="null" OriginId="org.eclipse.jdt.ui.CompilationUnitEditor" StartDate="2014-10-23 19:24:42.756 JST" StructureHandle="=LM1/src&amp;lt;lm1.utils{Methods_dlg.java[Methods_dlg~dlg_ShowMessage~QActivity;~QString;~I" StructureKind="java" NumEvents="2" CreationCount="230"/><InteractionEvent Delta="null" EndDate="2014-10-23 19:25:55.393 JST" Interest="2.0" Kind="selection" Navigation="null" OriginId="org.eclipse.jdt.ui.CompilationUnitEditor" StartDate="2014-10-23 19:24:39.16 JST" StructureHandle="=LM1/src&amp;lt;lm1.utils{Methods_dlg.java[Methods_dlg~dlg_ShowMessage~QActivity;~QString;~I" StructureKind="java" NumEvents="2" CreationCount="230"/><InteractionEvent Delta="null" EndDate="2014-10-23 19:18:49.488 JST" Interest="3.0" Kind="propagation" Navigation="null" OriginId="org.eclipse.jdt.ui.PackageExplorer" StartDate="2014-10-23 19:16:31.714 JST" StructureHandle="/LM1/src/lm1/main/AcceleroActv.java" StructureKind="resource" NumEvents="3" CreationCount="28"/><InteractionEvent Delta="null" EndDate="2014-10-23 21:28:02.439 JST" Interest="1.717" Kind="propagation" Navigation="org.eclipse.mylyn.core.model.edges.containment" OriginId="org.eclipse.mylyn.core.model.interest.propagation" StartDate="2014-10-23 21:27:53.285 JST" StructureHandle="=LM1/src&amp;lt;lm1.views{CanvasView_4.java[CanvasView_4" StructureKind="java" NumEvents="3" CreationCount="341"/><InteractionEvent Delta="null" EndDate="2014-10-23 21:27:52.611 JST" Interest="1.0" Kind="selection" Navigation="null" OriginId="org.eclipse.jdt.ui.CompilationUnitEditor" StartDate="2014-10-23 21:27:52.611 JST" StructureHandle="=LM1/src&amp;lt;lm1.views{CanvasView_4.java[CanvasView_4" StructureKind="java"/><InteractionEvent Delta="null" EndDate="2014-10-23 19:15:45.692 JST" Interest="1.0" Kind="edit" Navigation="null" OriginId="org.eclipse.jdt.ui.CompilationUnitEditor" StartDate="2014-10-23 19:15:45.692 JST" StructureHandle="=LM1/src&amp;lt;lm1.main{MainActv.java[MainActv~onCreate~QBundle;" StructureKind="java"/><InteractionEvent Delta="null" EndDate="2014-10-23 19:15:30.299 JST" Interest="2.0" Kind="selection" Navigation="null" OriginId="org.eclipse.ui.views.ContentOutline" StartDate="2014-10-23 19:15:28.93 JST" StructureHandle="=LM1/src&amp;lt;lm1.main{MainActv.java[MainActv~onCreate~QBundle;" StructureKind="java" NumEvents="2" CreationCount="16"/><InteractionEvent Delta="null" EndDate="2014-10-23 19:18:59.815 JST" Interest="1.0" Kind="propagation" Navigation="org.eclipse.mylyn.core.model.edges.containment" OriginId="org.eclipse.mylyn.core.model.interest.propagation" StartDate="2014-10-23 19:18:59.815 JST" StructureHandle="=LM1/src&amp;lt;lm1.main{LogActv.java#" StructureKind="java"/><InteractionEvent Delta="null" EndDate="2014-10-23 19:19:02.979 JST" Interest="1.0" Kind="selection" Navigation="null" OriginId="org.eclipse.jdt.ui.CompilationUnitEditor" StartDate="2014-10-23 19:19:02.979 JST" StructureHandle="=LM1/src&amp;lt;lm1.main{LogActv.java#" StructureKind="java"/><InteractionEvent Delta="null" EndDate="2014-10-23 19:23:20.695 JST" Interest="4.0" Kind="edit" Navigation="null" OriginId="com.android.ide.eclipse.editors.CommonXmlEditor" StartDate="2014-10-23 19:22:52.566 JST" StructureHandle="/LM1/res/layout/list_row_logitem.xml" StructureKind="resource" NumEvents="4" CreationCount="69"/><InteractionEvent Delta="null" EndDate="2014-10-23 19:19:54.485 JST" Interest="1.0" Kind="propagation" Navigation="null" OriginId="org.eclipse.mylyn.resources.ui.interest.updater" StartDate="2014-10-23 19:19:54.485 JST" StructureHandle="/LM1/res/layout/list_row_logitem.xml" StructureKind="resource"/><InteractionEvent Delta="null" EndDate="2014-10-23 19:22:52.43 JST" Interest="0.6830001" Kind="manipulation" Navigation="null" OriginId="org.eclipse.mylyn.core.model.interest.decay.correction" StartDate="2014-10-23 19:22:52.43 JST" StructureHandle="/LM1/res/layout/list_row_logitem.xml" StructureKind="resource"/><InteractionEvent Delta="null" EndDate="2014-10-23 19:23:20.495 JST" Interest="4.0" Kind="selection" Navigation="null" OriginId="com.android.ide.eclipse.editors.CommonXmlEditor" StartDate="2014-10-23 19:22:52.43 JST" StructureHandle="/LM1/res/layout/list_row_logitem.xml" StructureKind="resource" NumEvents="4" CreationCount="69"/><InteractionEvent Delta="null" EndDate="2014-10-23 19:22:26.675 JST" Interest="2.0" Kind="selection" Navigation="null" OriginId="org.eclipse.ui.views.ResourceNavigator" StartDate="2014-10-23 19:22:18.221 JST" StructureHandle="/SL3/res/drawable/ifm8_thumb_top_50x50_disenabled.png" StructureKind="resource" NumEvents="2" CreationCount="128"/><InteractionEvent Delta="null" EndDate="2014-10-23 19:22:26.671 JST" Interest="2.136" Kind="propagation" Navigation="org.eclipse.mylyn.core.model.edges.containment" OriginId="org.eclipse.mylyn.core.model.interest.propagation" StartDate="2014-10-23 19:21:51.755 JST" StructureHandle="/SL3/res/drawable" StructureKind="resource" NumEvents="4" CreationCount="113"/><InteractionEvent Delta="null" EndDate="2014-10-23 19:23:44.540 JST" Interest="2.0" Kind="selection" Navigation="null" OriginId="org.eclipse.ui.views.ResourceNavigator" StartDate="2014-10-23 19:21:39.621 JST" StructureHandle="/SL3/res/drawable" StructureKind="resource" NumEvents="2" CreationCount="113"/><InteractionEvent Delta="null" EndDate="2014-10-23 19:19:44.317 JST" Interest="2.0" Kind="selection" Navigation="null" OriginId="org.eclipse.ui.views.ResourceNavigator" StartDate="2014-10-23 19:19:30.188 JST" StructureHandle="/SL3/res/layout/actv_showlog.xml" StructureKind="resource" NumEvents="2" CreationCount="59"/><InteractionEvent Delta="null" EndDate="2014-10-23 19:19:05.110 JST" Interest="1.0" Kind="selection" Navigation="null" OriginId="org.eclipse.jdt.ui.CompilationUnitEditor" StartDate="2014-10-23 19:19:05.110 JST" StructureHandle="=LM1/src&amp;lt;lm1.main{LogActv.java#android.app.Activity" StructureKind="java"/><InteractionEvent Delta="null" EndDate="2014-10-23 19:18:34.65 JST" Interest="12.334" Kind="propagation" Navigation="org.eclipse.mylyn.core.model.edges.containment" OriginId="org.eclipse.mylyn.core.model.interest.propagation" StartDate="2014-10-23 19:14:54.459 JST" StructureHandle="=LM1/src&amp;lt;lm1.main{MainActv.java" StructureKind="java" NumEvents="16" CreationCount="3"/><InteractionEvent Delta="null" EndDate="2014-10-23 21:27:58.15 JST" Interest="7.0" Kind="selection" Navigation="null" OriginId="org.eclipse.jdt.ui.CompilationUnitEditor" StartDate="2014-10-23 19:14:41.822 JST" StructureHandle="=LM1/src&amp;lt;lm1.main{MainActv.java" StructureKind="java" NumEvents="7" CreationCount="3"/><InteractionEvent Delta="null" EndDate="2014-10-23 21:28:02.440 JST" Interest="5.0" Kind="propagation" Navigation="null" OriginId="org.eclipse.jdt.ui.CompilationUnitEditor" StartDate="2014-10-23 21:27:52.611 JST" StructureHandle="/LM1/src/lm1/views/CanvasView_4.java" StructureKind="resource" NumEvents="5" CreationCount="341"/><InteractionEvent Delta="null" EndDate="2014-10-23 19:25:05.862 JST" Interest="21.291" Kind="propagation" Navigation="org.eclipse.mylyn.core.model.edges.containment" OriginId="org.eclipse.mylyn.core.model.interest.propagation" StartDate="2014-10-23 19:20:24.403 JST" StructureHandle="/LM1/res/values" StructureKind="resource" NumEvents="27" CreationCount="62"/><InteractionEvent Delta="null" EndDate="2014-10-23 19:20:22.627 JST" Interest="2.0" Kind="selection" Navigation="null" OriginId="org.eclipse.jdt.ui.PackageExplorer" StartDate="2014-10-23 19:19:37.911 JST" StructureHandle="/LM1/res/values" StructureKind="resource" NumEvents="2" CreationCount="62"/><InteractionEvent Delta="null" EndDate="2014-10-23 19:22:49.640 JST" Interest="1.0" Kind="selection" Navigation="null" OriginId="org.eclipse.jdt.ui.PackageExplorer" StartDate="2014-10-23 19:22:49.640 JST" StructureHandle="/LM1/res/layout/actv_accelero_2.xml" StructureKind="resource"/><InteractionEvent Delta="null" EndDate="2014-10-23 21:27:56.128 JST" Interest="14.904" Kind="propagation" Navigation="org.eclipse.mylyn.core.model.edges.containment" OriginId="org.eclipse.mylyn.core.model.interest.propagation" StartDate="2014-10-23 19:26:14.903 JST" StructureHandle="=LM1/src&amp;lt;lm1.utils{CONS.java[CONS" StructureKind="java" NumEvents="20" CreationCount="294"/><InteractionEvent Delta="null" EndDate="2014-10-23 19:24:31.487 JST" Interest="1.0" Kind="propagation" Navigation="org.eclipse.mylyn.core.model.edges.containment" OriginId="org.eclipse.mylyn.core.model.interest.propagation" StartDate="2014-10-23 19:24:31.487 JST" StructureHandle="=LM1/src&amp;lt;lm1.utils{Methods_dlg.java#" StructureKind="java"/><InteractionEvent Delta="null" EndDate="2014-10-23 19:24:34.27 JST" Interest="1.0" Kind="selection" Navigation="null" OriginId="org.eclipse.jdt.ui.CompilationUnitEditor" StartDate="2014-10-23 19:24:34.27 JST" StructureHandle="=LM1/src&amp;lt;lm1.utils{Methods_dlg.java#" StructureKind="java"/><InteractionEvent Delta="null" EndDate="2014-10-23 19:18:59.814 JST" Interest="1.0" Kind="selection" Navigation="null" OriginId="org.eclipse.jdt.ui.CompilationUnitEditor" StartDate="2014-10-23 19:18:59.814 JST" StructureHandle="=LM1/src&amp;lt;lm1.main{LogActv.java#java.io.File" StructureKind="java"/><InteractionEvent Delta="null" EndDate="2014-10-23 21:27:57.858 JST" Interest="18.298" Kind="propagation" Navigation="org.eclipse.mylyn.core.model.edges.containment" OriginId="org.eclipse.mylyn.core.model.interest.propagation" StartDate="2014-10-23 19:14:41.823 JST" StructureHandle="=LM1/src&amp;lt;lm1.main" StructureKind="java" NumEvents="25" CreationCount="2"/><InteractionEvent Delta="null" EndDate="2014-10-23 19:18:51.580 JST" Interest="2.0" Kind="selection" Navigation="null" OriginId="org.eclipse.jdt.ui.PackageExplorer" StartDate="2014-10-23 19:14:40.297 JST" StructureHandle="=LM1/src&amp;lt;lm1.main" StructureKind="java" NumEvents="2" CreationCount="2"/><InteractionEvent Delta="null" EndDate="2014-10-23 19:22:35.419 JST" Interest="1.0" Kind="propagation" Navigation="null" OriginId="org.eclipse.mylyn.resources.ui.interest.updater" StartDate="2014-10-23 19:22:35.419 JST" StructureHandle="/LM1/res/drawable/actv_tn_bt_bottom_45x45.png" StructureKind="resource"/><InteractionEvent Delta="null" EndDate="2014-10-23 19:26:18.488 JST" Interest="17.831" Kind="propagation" Navigation="org.eclipse.mylyn.core.model.edges.containment" OriginId="org.eclipse.mylyn.core.model.interest.propagation" StartDate="2014-10-23 19:19:08.95 JST" StructureHandle="=LM1/src&amp;lt;lm1.main{LogActv.java[LogActv" StructureKind="java" NumEvents="22" CreationCount="53"/><InteractionEvent Delta="null" EndDate="2014-10-23 19:16:31.233 JST" Interest="2.0" Kind="propagation" Navigation="null" OriginId="org.eclipse.jdt.ui.PackageExplorer" StartDate="2014-10-23 19:14:57.949 JST" StructureHandle="/LM1/src/lm1/items" StructureKind="resource" NumEvents="2" CreationCount="10"/><InteractionEvent Delta="null" EndDate="2014-10-23 19:22:21.335 JST" Interest="1.0" Kind="propagation" Navigation="null" OriginId="org.eclipse.mylyn.resources.ui.interest.updater" StartDate="2014-10-23 19:22:21.335 JST" StructureHandle="/LM1/res/drawable/ifm8_thumb_bottom_50x50.png" StructureKind="resource"/><InteractionEvent Delta="null" EndDate="2014-10-23 19:22:37.129 JST" Interest="12.8" Kind="propagation" Navigation="org.eclipse.mylyn.core.model.edges.containment" OriginId="org.eclipse.mylyn.core.model.interest.propagation" StartDate="2014-10-23 19:20:00.45 JST" StructureHandle="/LM1/res/layout" StructureKind="resource" NumEvents="17" CreationCount="63"/><InteractionEvent Delta="null" EndDate="2014-10-23 19:25:07.842 JST" Interest="3.0" Kind="selection" Navigation="null" OriginId="org.eclipse.jdt.ui.PackageExplorer" StartDate="2014-10-23 19:19:38.598 JST" StructureHandle="/LM1/res/layout" StructureKind="resource" NumEvents="3" CreationCount="63"/><InteractionEvent Delta="null" EndDate="2014-10-23 21:27:57.15 JST" Interest="6.0" Kind="selection" Navigation="null" OriginId="org.eclipse.jdt.ui.CompilationUnitEditor" StartDate="2014-10-23 19:26:04.700 JST" StructureHandle="=SL3/src&amp;lt;sl3.utils{CONS.java" StructureKind="java" NumEvents="6" CreationCount="288"/><InteractionEvent Delta="null" EndDate="2014-10-23 19:17:38.883 JST" Interest="2.0" Kind="propagation" Navigation="null" OriginId="org.eclipse.ui.views.ResourceNavigator" StartDate="2014-10-23 19:17:38.259 JST" StructureHandle="/IFM11" StructureKind="resource" NumEvents="2" CreationCount="32"/><InteractionEvent Delta="null" EndDate="2014-10-23 19:22:26.676 JST" Interest="2.0" Kind="selection" Navigation="null" OriginId="org.eclipse.ui.views.ResourceNavigator" StartDate="2014-10-23 19:22:18.223 JST" StructureHandle="/SL3/res/drawable/ifm8_thumb_up_50x50_disenabled.png" StructureKind="resource" NumEvents="2" CreationCount="130"/><InteractionEvent Delta="null" EndDate="2014-10-23 19:22:07.579 JST" Interest="1.0" Kind="selection" Navigation="null" OriginId="org.eclipse.jdt.ui.PackageExplorer" StartDate="2014-10-23 19:22:07.579 JST" StructureHandle="/LM1/res/layout/actv_accelero_4.xml" StructureKind="resource"/><InteractionEvent Delta="null" EndDate="2014-10-23 19:19:54.485 JST" Interest="1.0" Kind="propagation" Navigation="null" OriginId="org.eclipse.mylyn.resources.ui.interest.updater" StartDate="2014-10-23 19:19:54.485 JST" StructureHandle="/LM1/res/layout/list_row_simple_2.xml" StructureKind="resource"/><InteractionEvent Delta="null" EndDate="2014-10-23 19:25:07.132 JST" Interest="1.8900001" Kind="manipulation" Navigation="null" OriginId="org.eclipse.mylyn.core.model.interest.decay.correction" StartDate="2014-10-23 19:25:07.132 JST" StructureHandle="/LM1/res/layout/list_row_simple_2.xml" StructureKind="resource"/><InteractionEvent Delta="null" EndDate="2014-10-23 19:25:07.132 JST" Interest="1.0" Kind="selection" Navigation="null" OriginId="org.eclipse.jdt.ui.PackageExplorer" StartDate="2014-10-23 19:25:07.132 JST" StructureHandle="/LM1/res/layout/list_row_simple_2.xml" StructureKind="resource"/><InteractionEvent Delta="null" EndDate="2014-10-23 19:22:21.334 JST" Interest="1.0" Kind="propagation" Navigation="null" OriginId="org.eclipse.mylyn.resources.ui.interest.updater" StartDate="2014-10-23 19:22:21.334 JST" StructureHandle="/LM1/res/drawable/ifm8_thumb_top_50x50.png" StructureKind="resource"/><InteractionEvent Delta="null" EndDate="2014-10-23 19:24:07.919 JST" Interest="3.0" Kind="selection" Navigation="null" OriginId="org.eclipse.jdt.ui.CompilationUnitEditor" StartDate="2014-10-23 19:24:07.46 JST" StructureHandle="=SL3/src&amp;lt;sl3.utils{Methods_dlg.java[Methods_dlg~dlg_ShowMessage~QActivity;~QString;" StructureKind="java" NumEvents="3" CreationCount="208"/><InteractionEvent Delta="null" EndDate="2014-10-23 19:25:56.539 JST" Interest="11.2560005" Kind="propagation" Navigation="org.eclipse.mylyn.core.model.edges.containment" OriginId="org.eclipse.mylyn.core.model.interest.propagation" StartDate="2014-10-23 19:23:50.102 JST" StructureHandle="=SL3/src&amp;lt;sl3.utils" StructureKind="java" NumEvents="16" CreationCount="41"/><InteractionEvent Delta="null" EndDate="2014-10-23 19:18:41.93 JST" Interest="1.0" Kind="selection" Navigation="null" OriginId="org.eclipse.ui.views.ResourceNavigator" StartDate="2014-10-23 19:18:41.93 JST" StructureHandle="=SL3/src&amp;lt;sl3.utils" StructureKind="java"/><InteractionEvent Delta="null" EndDate="2014-10-23 19:22:21.334 JST" Interest="1.0" Kind="propagation" Navigation="null" OriginId="org.eclipse.mylyn.resources.ui.interest.updater" StartDate="2014-10-23 19:22:21.334 JST" StructureHandle="/LM1/res/drawable/ifm8_thumb_up_50x50.png" StructureKind="resource"/><InteractionEvent Delta="null" EndDate="2014-10-23 19:26:40.864 JST" Interest="121.0" Kind="propagation" Navigation="null" OriginId="org.eclipse.jdt.ui.CompilationUnitEditor" StartDate="2014-10-23 19:17:41.423 JST" StructureHandle="/SL3" StructureKind="resource" NumEvents="121" CreationCount="35"/><InteractionEvent Delta="null" EndDate="2014-10-23 19:22:21.335 JST" Interest="1.0" Kind="propagation" Navigation="null" OriginId="org.eclipse.mylyn.resources.ui.interest.updater" StartDate="2014-10-23 19:22:21.335 JST" StructureHandle="/LM1/res/drawable/ifm8_thumb_down_50x50.png" StructureKind="resource"/><InteractionEvent Delta="null" EndDate="2014-10-23 19:18:49.487 JST" Interest="3.0" Kind="selection" Navigation="null" OriginId="org.eclipse.jdt.ui.PackageExplorer" StartDate="2014-10-23 19:16:31.714 JST" StructureHandle="=LM1/src&amp;lt;lm1.main{AcceleroActv.java" StructureKind="java" NumEvents="3" CreationCount="28"/><InteractionEvent Delta="null" EndDate="2014-10-23 19:25:05.862 JST" Interest="22.308" Kind="propagation" Navigation="org.eclipse.mylyn.core.model.edges.containment" OriginId="org.eclipse.mylyn.core.model.interest.propagation" StartDate="2014-10-23 19:19:37.911 JST" StructureHandle="/LM1/res" StructureKind="resource" NumEvents="31" CreationCount="61"/><InteractionEvent Delta="null" EndDate="2014-10-23 19:19:35.406 JST" Interest="1.0" Kind="selection" Navigation="null" OriginId="org.eclipse.jdt.ui.PackageExplorer" StartDate="2014-10-23 19:19:35.406 JST" StructureHandle="/LM1/res" StructureKind="resource"/><InteractionEvent Delta="null" EndDate="2014-10-23 19:25:56.611 JST" Interest="20.0" Kind="propagation" Navigation="null" OriginId="org.eclipse.jdt.ui.CompilationUnitEditor" StartDate="2014-10-23 19:23:50.102 JST" StructureHandle="/SL3/src/sl3/utils/Methods_dlg.java" StructureKind="resource" NumEvents="20" CreationCount="205"/><InteractionEvent Delta="null" EndDate="2014-10-23 19:23:43.689 JST" Interest="1.0" Kind="selection" Navigation="null" OriginId="org.eclipse.ui.views.ResourceNavigator" StartDate="2014-10-23 19:23:43.689 JST" StructureHandle="/SL3/res/drawable/v1_menu_item_list_50x50.png" StructureKind="resource"/><InteractionEvent Delta="null" EndDate="2014-10-23 19:23:22.918 JST" Interest="12.0" Kind="edit" Navigation="null" OriginId="com.android.ide.eclipse.editors.CommonXmlEditor" StartDate="2014-10-23 19:20:09.335 JST" StructureHandle="/SL3/res/values/styles.xml" StructureKind="resource" NumEvents="12" CreationCount="76"/><InteractionEvent Delta="null" EndDate="2014-10-23 19:23:42.780 JST" Interest="10.0" Kind="selection" Navigation="null" OriginId="org.eclipse.ui.views.ResourceNavigator" StartDate="2014-10-23 19:20:08.508 JST" StructureHandle="/SL3/res/values/styles.xml" StructureKind="resource" NumEvents="10" CreationCount="76"/><InteractionEvent Delta="null" EndDate="2014-10-23 19:24:14.829 JST" Interest="4.468" Kind="propagation" Navigation="org.eclipse.mylyn.core.model.edges.containment" OriginId="org.eclipse.mylyn.core.model.interest.propagation" StartDate="2014-10-23 19:24:07.916 JST" StructureHandle="=SL3/src&amp;lt;sl3.utils{Methods_dlg.java" StructureKind="java" NumEvents="7" CreationCount="205"/><InteractionEvent Delta="null" EndDate="2014-10-23 19:25:56.538 JST" Interest="5.0" Kind="selection" Navigation="null" OriginId="org.eclipse.jdt.ui.CompilationUnitEditor" StartDate="2014-10-23 19:23:50.101 JST" StructureHandle="=SL3/src&amp;lt;sl3.utils{Methods_dlg.java" StructureKind="java" NumEvents="5" CreationCount="205"/><InteractionEvent Delta="null" EndDate="2014-10-23 19:26:40.862 JST" Interest="3.0" Kind="selection" Navigation="null" OriginId="org.eclipse.jdt.ui.CompilationUnitEditor" StartDate="2014-10-23 19:26:23.516 JST" StructureHandle="=SL3/src&amp;lt;sl3.utils{CONS.java[CONS[DB^dPath_Log" StructureKind="java" NumEvents="3" CreationCount="301"/><InteractionEvent Delta="null" EndDate="2014-10-23 19:23:42.781 JST" Interest="17.757" Kind="propagation" Navigation="org.eclipse.mylyn.core.model.edges.containment" OriginId="org.eclipse.mylyn.core.model.interest.propagation" StartDate="2014-10-23 19:19:27.329 JST" StructureHandle="/SL3/res" StructureKind="resource" NumEvents="26" CreationCount="55"/><InteractionEvent Delta="null" EndDate="2014-10-23 19:25:01.0 JST" Interest="3.0" Kind="selection" Navigation="null" OriginId="org.eclipse.ui.views.ResourceNavigator" StartDate="2014-10-23 19:19:25.680 JST" StructureHandle="/SL3/res" StructureKind="resource" NumEvents="3" CreationCount="55"/><InteractionEvent Delta="null" EndDate="2014-10-23 21:27:57.211 JST" Interest="45.0" Kind="propagation" Navigation="null" OriginId="org.eclipse.jdt.ui.CompilationUnitEditor" StartDate="2014-10-23 19:17:45.718 JST" StructureHandle="/SL3/src" StructureKind="resource" NumEvents="45" CreationCount="36"/><InteractionEvent Delta="null" EndDate="2014-10-23 19:26:40.862 JST" Interest="3.0" Kind="propagation" Navigation="org.eclipse.mylyn.core.model.edges.containment" OriginId="org.eclipse.mylyn.core.model.interest.propagation" StartDate="2014-10-23 19:26:23.516 JST" StructureHandle="=SL3/src&amp;lt;sl3.utils{CONS.java[CONS[DB" StructureKind="java" NumEvents="3" CreationCount="301"/><InteractionEvent Delta="null" EndDate="2014-10-23 21:27:57.521 JST" Interest="19.315" Kind="propagation" Navigation="org.eclipse.mylyn.core.model.edges.containment" OriginId="org.eclipse.mylyn.core.model.interest.propagation" StartDate="2014-10-23 19:14:40.298 JST" StructureHandle="=LM1/src" StructureKind="java" NumEvents="31" CreationCount="1"/><InteractionEvent Delta="null" EndDate="2014-10-23 19:14:37.899 JST" Interest="1.0" Kind="selection" Navigation="null" OriginId="org.eclipse.jdt.ui.PackageExplorer" StartDate="2014-10-23 19:14:37.899 JST" StructureHandle="=LM1/src" StructureKind="java"/><InteractionEvent Delta="null" EndDate="2014-10-23 19:20:04.661 JST" Interest="2.17" Kind="propagation" Navigation="org.eclipse.mylyn.core.model.edges.containment" OriginId="org.eclipse.mylyn.core.model.interest.propagation" StartDate="2014-10-23 19:19:28.696 JST" StructureHandle="/SL3/res/layout" StructureKind="resource" NumEvents="4" CreationCount="56"/><InteractionEvent Delta="null" EndDate="2014-10-23 19:21:37.864 JST" Interest="2.0" Kind="selection" Navigation="null" OriginId="org.eclipse.ui.views.ResourceNavigator" StartDate="2014-10-23 19:19:27.329 JST" StructureHandle="/SL3/res/layout" StructureKind="resource" NumEvents="2" CreationCount="56"/><InteractionEvent Delta="null" EndDate="2014-10-23 19:24:10.183 JST" Interest="2.0" Kind="edit" Navigation="null" OriginId="org.eclipse.jdt.ui.CompilationUnitEditor" StartDate="2014-10-23 19:24:08.398 JST" StructureHandle="=SL3/src&amp;lt;sl3.utils{Methods_dlg.java[Methods_dlg~dlg_ShowMessage~QActivity;~QString;~I" StructureKind="java" NumEvents="2" CreationCount="209"/><InteractionEvent Delta="null" EndDate="2014-10-23 19:24:14.827 JST" Interest="5.0" Kind="selection" Navigation="null" OriginId="org.eclipse.jdt.ui.CompilationUnitEditor" StartDate="2014-10-23 19:24:07.809 JST" StructureHandle="=SL3/src&amp;lt;sl3.utils{Methods_dlg.java[Methods_dlg~dlg_ShowMessage~QActivity;~QString;~I" StructureKind="java" NumEvents="5" CreationCount="209"/><InteractionEvent Delta="null" EndDate="2014-10-23 21:27:56.129 JST" Interest="15.111" Kind="propagation" Navigation="org.eclipse.mylyn.core.model.edges.containment" OriginId="org.eclipse.mylyn.core.model.interest.propagation" StartDate="2014-10-23 19:24:23.86 JST" StructureHandle="=LM1/src&amp;lt;lm1.utils" StructureKind="java" NumEvents="26" CreationCount="223"/><InteractionEvent Delta="null" EndDate="2014-10-23 19:26:10.371 JST" Interest="1.0" Kind="selection" Navigation="null" OriginId="org.eclipse.jdt.ui.PackageExplorer" StartDate="2014-10-23 19:26:10.371 JST" StructureHandle="=LM1/src&amp;lt;lm1.utils" StructureKind="java"/><InteractionEvent Delta="null" EndDate="2014-10-23 21:28:02.438 JST" Interest="1.0" Kind="edit" Navigation="null" OriginId="org.eclipse.jdt.ui.CompilationUnitEditor" StartDate="2014-10-23 21:28:02.438 JST" StructureHandle="=LM1/src&amp;lt;lm1.views{CanvasView_4.java[CanvasView_4~_drawColorHole__Green~QCanvas;" StructureKind="java"/><InteractionEvent Delta="null" EndDate="2014-10-23 21:28:00.363 JST" Interest="2.0" Kind="selection" Navigation="null" OriginId="org.eclipse.jdt.ui.CompilationUnitEditor" StartDate="2014-10-23 21:27:53.284 JST" StructureHandle="=LM1/src&amp;lt;lm1.views{CanvasView_4.java[CanvasView_4~_drawColorHole__Green~QCanvas;" StructureKind="java" NumEvents="2" CreationCount="342"/></InteractionHistory>