<?xml version="1.0" encoding="UTF-8"?><InteractionHistory Id="local-86" Version="1"><InteractionEvent Delta="null" EndDate="2014-09-18 13:29:55.727 JST" Interest="59.125" Kind="propagation" Navigation="org.eclipse.mylyn.core.model.edges.containment" OriginId="org.eclipse.mylyn.core.model.interest.propagation" StartDate="2014-09-18 10:26:25.813 JST" StructureHandle="" StructureKind="java" NumEvents="62" CreationCount="4"/><InteractionEvent Delta="null" EndDate="2014-09-18 13:42:03.24 JST" Interest="1579.0" Kind="propagation" Navigation="org.eclipse.mylyn.core.model.edges.containment" OriginId="org.eclipse.mylyn.core.model.interest.propagation" StartDate="2014-09-18 10:26:23.26 JST" StructureHandle="=SL3" StructureKind="resource" NumEvents="1580" CreationCount="1"/><InteractionEvent Delta="null" EndDate="2014-09-18 10:27:08.852 JST" Interest="3.0" Kind="selection" Navigation="null" OriginId="org.eclipse.jdt.ui.PackageExplorer" StartDate="2014-09-18 10:26:23.796 JST" StructureHandle="=SL3" StructureKind="java" NumEvents="3" CreationCount="1"/><InteractionEvent Delta="null" EndDate="2014-09-18 13:11:51.631 JST" Interest="202.867" Kind="propagation" Navigation="org.eclipse.mylyn.core.model.edges.containment" OriginId="org.eclipse.mylyn.core.model.interest.propagation" StartDate="2014-09-18 10:27:04.117 JST" StructureHandle="=SL3/src" StructureKind="java" NumEvents="297" CreationCount="1"/><InteractionEvent Delta="null" EndDate="2014-09-18 10:28:12.347 JST" Interest="6.0" Kind="selection" Navigation="null" OriginId="org.eclipse.jdt.ui.PackageExplorer" StartDate="2014-09-18 10:26:23.26 JST" StructureHandle="=SL3/src" StructureKind="java" NumEvents="6" CreationCount="1"/><InteractionEvent Delta="null" EndDate="2014-09-18 10:28:55.234 JST" Interest="5.0" Kind="selection" Navigation="null" OriginId="org.eclipse.jdt.ui.CompilationUnitEditor" StartDate="2014-09-18 10:27:51.417 JST" StructureHandle="=SL3/src&amp;lt;sl3.listeners.dialog{DOI_CL.java[DOI_CL~case_ACTV_TAB_OPT_TABLES~QListItem;" StructureKind="java" NumEvents="5" CreationCount="26"/><InteractionEvent Delta="null" EndDate="2014-09-18 10:29:03.794 JST" Interest="5.0" Kind="edit" Navigation="null" OriginId="org.eclipse.jdt.ui.CompilationUnitEditor" StartDate="2014-09-18 10:27:54.783 JST" StructureHandle="=SL3/src&amp;lt;sl3.listeners.dialog{DOI_CL.java[DOI_CL~case_ACTV_TAB_OPT_TABLES~QListItem;" StructureKind="java" NumEvents="5" CreationCount="26"/><InteractionEvent Delta="null" EndDate="2014-09-18 13:11:46.560 JST" Interest="42.131004" Kind="propagation" Navigation="org.eclipse.mylyn.core.model.edges.containment" OriginId="org.eclipse.mylyn.core.model.interest.propagation" StartDate="2014-09-18 10:41:37.220 JST" StructureHandle="=SL3/src&amp;lt;sl3.adapters" StructureKind="java" NumEvents="59" CreationCount="361"/><InteractionEvent Delta="null" EndDate="2014-09-18 12:35:41.113 JST" Interest="1.0" Kind="selection" Navigation="null" OriginId="org.eclipse.jdt.ui.PackageExplorer" StartDate="2014-09-18 12:35:41.113 JST" StructureHandle="=SL3/src&amp;lt;sl3.adapters" StructureKind="java"/><InteractionEvent Delta="null" EndDate="2014-09-18 12:38:21.445 JST" Interest="5.0" Kind="selection" Navigation="null" OriginId="org.eclipse.jdt.ui.CompilationUnitEditor" StartDate="2014-09-18 12:35:54.21 JST" StructureHandle="=SL3/src&amp;lt;sl3.adapters{ToBuyListAdapter.java[ToBuyListAdapter~getView~I~QView;~QViewGroup;" StructureKind="java" NumEvents="5" CreationCount="625"/><InteractionEvent Delta="null" EndDate="2014-09-18 12:38:30.535 JST" Interest="15.0" Kind="edit" Navigation="null" OriginId="org.eclipse.jdt.ui.CompilationUnitEditor" StartDate="2014-09-18 12:35:56.889 JST" StructureHandle="=SL3/src&amp;lt;sl3.adapters{ToBuyListAdapter.java[ToBuyListAdapter~getView~I~QView;~QViewGroup;" StructureKind="java" NumEvents="15" CreationCount="625"/><InteractionEvent Delta="null" EndDate="2014-09-18 12:32:31.532 JST" Interest="1.0" Kind="propagation" Navigation="null" OriginId="org.eclipse.mylyn.resources.ui.interest.updater" StartDate="2014-09-18 12:32:31.532 JST" StructureHandle="/SL3/src/sl3/utils/Tags.java" StructureKind="resource"/><InteractionEvent Delta="null" EndDate="2014-09-18 13:32:01.560 JST" Interest="27.017" Kind="propagation" Navigation="org.eclipse.mylyn.core.model.edges.containment" OriginId="org.eclipse.mylyn.core.model.interest.propagation" StartDate="2014-09-18 13:30:03.749 JST" StructureHandle="/TA2/src/ta2/utils" StructureKind="resource" NumEvents="28" CreationCount="1669"/><InteractionEvent Delta="null" EndDate="2014-09-18 13:06:16.807 JST" Interest="1.0" Kind="selection" Navigation="null" OriginId="org.eclipse.search.ui.views.SearchView" StartDate="2014-09-18 13:06:16.807 JST" StructureHandle="=SL3/src&amp;lt;sl3" StructureKind="java"/><InteractionEvent Delta="null" EndDate="2014-09-18 12:32:31.532 JST" Interest="1.0" Kind="prediction" Navigation="null" OriginId="org.eclipse.mylyn.resources.ui.interest.updater" StartDate="2014-09-18 12:32:31.532 JST" StructureHandle="=SL3/src&amp;lt;sl3.listeners.list{LOI_CL.java" StructureKind="java"/><InteractionEvent Delta="null" EndDate="2014-09-18 13:14:02.686 JST" Interest="80.374" Kind="propagation" Navigation="org.eclipse.mylyn.core.model.edges.containment" OriginId="org.eclipse.mylyn.core.model.interest.propagation" StartDate="2014-09-18 12:32:58.847 JST" StructureHandle="=SL3/src&amp;lt;sl3.listeners.list{LOI_CL.java" StructureKind="java" NumEvents="118" CreationCount="562"/><InteractionEvent Delta="null" EndDate="2014-09-18 13:12:58.591 JST" Interest="12.0" Kind="selection" Navigation="null" OriginId="org.eclipse.jdt.ui.CompilationUnitEditor" StartDate="2014-09-18 12:32:44.177 JST" StructureHandle="=SL3/src&amp;lt;sl3.listeners.list{LOI_CL.java" StructureKind="java" NumEvents="12" CreationCount="562"/><InteractionEvent Delta="null" EndDate="2014-09-18 13:32:01.560 JST" Interest="27.034" Kind="propagation" Navigation="org.eclipse.mylyn.core.model.edges.containment" OriginId="org.eclipse.mylyn.core.model.interest.propagation" StartDate="2014-09-18 13:30:02.697 JST" StructureHandle="/TA2/src/ta2" StructureKind="resource" NumEvents="29" CreationCount="1668"/><InteractionEvent Delta="null" EndDate="2014-09-18 13:06:18.99 JST" Interest="1.0" Kind="selection" Navigation="null" OriginId="org.eclipse.search.ui.views.SearchView" StartDate="2014-09-18 13:06:18.99 JST" StructureHandle="=SL3/src&amp;lt;sl3.listeners" StructureKind="java"/><InteractionEvent Delta="null" EndDate="2014-09-18 12:37:32.921 JST" Interest="1.0" Kind="selection" Navigation="null" OriginId="org.eclipse.jdt.ui.PackageExplorer" StartDate="2014-09-18 12:37:32.921 JST" StructureHandle="=SL3/src&amp;lt;sl.main{MainActv.java" StructureKind="java"/><InteractionEvent Delta="null" EndDate="2014-09-18 13:34:31.421 JST" Interest="54.98" Kind="propagation" Navigation="org.eclipse.mylyn.core.model.edges.containment" OriginId="org.eclipse.mylyn.core.model.interest.propagation" StartDate="2014-09-18 12:36:55.222 JST" StructureHandle="=SL3/src&amp;lt;sl.main{TabActv.java[TabActv" StructureKind="java" NumEvents="75" CreationCount="647"/><InteractionEvent Delta="null" EndDate="2014-09-18 10:33:26.685 JST" Interest="1.0" Kind="selection" Navigation="null" OriginId="org.eclipse.jdt.ui.CompilationUnitEditor" StartDate="2014-09-18 10:33:26.685 JST" StructureHandle="=SL3/src&amp;lt;sl3.utils{Methods_dlg.java#sl3.adapters.Adp_ListItems" StructureKind="java"/><InteractionEvent Delta="null" EndDate="2014-09-18 13:09:26.442 JST" Interest="1.0" Kind="selection" Navigation="null" OriginId="org.eclipse.jdt.ui.CompilationUnitEditor" StartDate="2014-09-18 13:09:26.442 JST" StructureHandle="=SL3/src&amp;lt;sl3.utils{Methods.java[Methods~conv_MillSec_to_YMD~J" StructureKind="java"/><InteractionEvent Delta="null" EndDate="2014-09-18 10:43:49.619 JST" Interest="37.051003" Kind="propagation" Navigation="org.eclipse.mylyn.core.model.edges.containment" OriginId="org.eclipse.mylyn.core.model.interest.propagation" StartDate="2014-09-18 10:41:37.909 JST" StructureHandle="=SL3/src&amp;lt;sl3.adapters{PSListAdapter.java" StructureKind="java" NumEvents="53" CreationCount="361"/><InteractionEvent Delta="null" EndDate="2014-09-18 12:35:44.663 JST" Interest="2.0" Kind="selection" Navigation="null" OriginId="org.eclipse.jdt.ui.PackageExplorer" StartDate="2014-09-18 10:41:37.219 JST" StructureHandle="=SL3/src&amp;lt;sl3.adapters{PSListAdapter.java" StructureKind="java" NumEvents="2" CreationCount="361"/><InteractionEvent Delta="null" EndDate="2014-09-18 13:12:58.140 JST" Interest="27.0" Kind="selection" Navigation="null" OriginId="org.eclipse.jdt.ui.CompilationUnitEditor" StartDate="2014-09-18 10:33:51.852 JST" StructureHandle="=SL3/src&amp;lt;sl3.utils{Methods_dlg.java[Methods_dlg~dlg_LoadToBuyList~QActivity;~QDialog;" StructureKind="java" NumEvents="27" CreationCount="190"/><InteractionEvent Delta="null" EndDate="2014-09-18 12:35:32.928 JST" Interest="227.0" Kind="edit" Navigation="null" OriginId="org.eclipse.jdt.ui.CompilationUnitEditor" StartDate="2014-09-18 10:33:52.558 JST" StructureHandle="=SL3/src&amp;lt;sl3.utils{Methods_dlg.java[Methods_dlg~dlg_LoadToBuyList~QActivity;~QDialog;" StructureKind="java" NumEvents="227" CreationCount="190"/><InteractionEvent Delta="null" EndDate="2014-09-18 13:18:48.592 JST" Interest="1.0" Kind="selection" Navigation="null" OriginId="org.eclipse.jdt.ui.PackageExplorer" StartDate="2014-09-18 13:18:48.592 JST" StructureHandle="/SL3/res/layout/dlg_tmpl_cancel_lv.xml" StructureKind="resource"/><InteractionEvent Delta="null" EndDate="2014-09-18 13:38:46.457 JST" Interest="9.0" Kind="selection" Navigation="null" OriginId="com.android.ide.eclipse.editors.CommonXmlEditor" StartDate="2014-09-18 13:05:45.841 JST" StructureHandle="/SL3/res/layout/itemlist_tabs.xml" StructureKind="resource" NumEvents="9" CreationCount="1292"/><InteractionEvent Delta="null" EndDate="2014-09-18 13:27:58.476 JST" Interest="5.0" Kind="edit" Navigation="null" OriginId="com.android.ide.eclipse.editors.CommonXmlEditor" StartDate="2014-09-18 13:06:04.540 JST" StructureHandle="/SL3/res/layout/itemlist_tabs.xml" StructureKind="resource" NumEvents="5" CreationCount="1292"/><InteractionEvent Delta="null" EndDate="2014-09-18 13:42:03.24 JST" Interest="121.934006" Kind="propagation" Navigation="org.eclipse.mylyn.core.model.edges.containment" OriginId="org.eclipse.mylyn.core.model.interest.propagation" StartDate="2014-09-18 13:08:42.968 JST" StructureHandle="=SL3/src&amp;lt;sl3.utils{Methods.java" StructureKind="java" NumEvents="177" CreationCount="227"/><InteractionEvent Delta="null" EndDate="2014-09-18 13:39:21.203 JST" Interest="11.0" Kind="selection" Navigation="null" OriginId="org.eclipse.jdt.ui.CompilationUnitEditor" StartDate="2014-09-18 10:35:30.135 JST" StructureHandle="=SL3/src&amp;lt;sl3.utils{Methods.java" StructureKind="java" NumEvents="11" CreationCount="227"/><InteractionEvent Delta="null" EndDate="2014-09-18 13:31:01.575 JST" Interest="1.0" Kind="edit" Navigation="null" OriginId="org.eclipse.jdt.ui.CompilationUnitEditor" StartDate="2014-09-18 13:31:01.575 JST" StructureHandle="=SL3/src&amp;lt;sl3.utils{Methods.java" StructureKind="java"/><InteractionEvent Delta="null" EndDate="2014-09-18 13:08:41.833 JST" Interest="17.768002" Kind="manipulation" Navigation="null" OriginId="org.eclipse.mylyn.core.model.interest.decay.correction" StartDate="2014-09-18 13:08:41.833 JST" StructureHandle="=SL3/src&amp;lt;sl3.utils{Methods.java" StructureKind="java"/><InteractionEvent Delta="null" EndDate="2014-09-18 13:30:54.790 JST" Interest="1.0" Kind="selection" Navigation="null" OriginId="org.eclipse.jdt.ui.CompilationUnitEditor" StartDate="2014-09-18 13:30:54.790 JST" StructureHandle="=SL3/src&amp;lt;sl3.utils{Methods.java#java.io.ByteArrayInputStream" StructureKind="java"/><InteractionEvent Delta="null" EndDate="2014-09-18 12:39:30.531 JST" Interest="1.0" Kind="selection" Navigation="null" OriginId="org.eclipse.jdt.ui.CompilationUnitEditor" StartDate="2014-09-18 12:39:30.531 JST" StructureHandle="=SL3/src&amp;lt;sl3.adapters{ItemListAdapter2.java[ItemListAdapter2~getView~I~QView;~QViewGroup;" StructureKind="java"/><InteractionEvent Delta="null" EndDate="2014-09-18 12:39:42.458 JST" Interest="4.0" Kind="edit" Navigation="null" OriginId="org.eclipse.jdt.ui.CompilationUnitEditor" StartDate="2014-09-18 12:39:36.179 JST" StructureHandle="=SL3/src&amp;lt;sl3.adapters{ItemListAdapter2.java[ItemListAdapter2~getView~I~QView;~QViewGroup;" StructureKind="java" NumEvents="4" CreationCount="706"/><InteractionEvent Delta="null" EndDate="2014-09-18 13:12:57.609 JST" Interest="95.0" Kind="propagation" Navigation="null" OriginId="org.eclipse.jdt.ui.CompilationUnitEditor" StartDate="2014-09-18 10:27:03.823 JST" StructureHandle="/SL3/src/sl3/listeners/dialog/DOI_CL.java" StructureKind="resource" NumEvents="95" CreationCount="7"/><InteractionEvent Delta="null" EndDate="2014-09-18 13:12:57.610 JST" Interest="49.07" Kind="propagation" Navigation="org.eclipse.mylyn.core.model.edges.containment" OriginId="org.eclipse.mylyn.core.model.interest.propagation" StartDate="2014-09-18 10:27:03.824 JST" StructureHandle="=SL3/src&amp;lt;sl3.listeners.dialog" StructureKind="java" NumEvents="76" CreationCount="6"/><InteractionEvent Delta="null" EndDate="2014-09-18 13:06:18.752 JST" Interest="2.0" Kind="selection" Navigation="null" OriginId="org.eclipse.search.ui.views.SearchView" StartDate="2014-09-18 10:27:02.538 JST" StructureHandle="=SL3/src&amp;lt;sl3.listeners.dialog" StructureKind="java" NumEvents="2" CreationCount="6"/><InteractionEvent Delta="null" EndDate="2014-09-18 13:11:44.999 JST" Interest="69.0" Kind="propagation" Navigation="null" OriginId="org.eclipse.jdt.ui.CompilationUnitEditor" StartDate="2014-09-18 12:35:46.34 JST" StructureHandle="/SL3/src/sl3/adapters/ToBuyListAdapter.java" StructureKind="resource" NumEvents="69" CreationCount="622"/><InteractionEvent Delta="null" EndDate="2014-09-18 12:39:16.968 JST" Interest="2.0" Kind="selection" Navigation="null" OriginId="org.eclipse.jdt.ui.CompilationUnitEditor" StartDate="2014-09-18 12:38:17.812 JST" StructureHandle="=SL3/src&amp;lt;sl3.adapters{ItemListAdapter2.java[ItemListAdapter2~ItemListAdapter2~QContext;~I~QList\&amp;lt;QSI;&amp;gt;;" StructureKind="java" NumEvents="2" CreationCount="693"/><InteractionEvent Delta="null" EndDate="2014-09-18 13:12:58.141 JST" Interest="181.433" Kind="propagation" Navigation="org.eclipse.mylyn.core.model.edges.containment" OriginId="org.eclipse.mylyn.core.model.interest.propagation" StartDate="2014-09-18 10:28:18.656 JST" StructureHandle="=SL3/src&amp;lt;sl3.utils{Methods_dlg.java[Methods_dlg" StructureKind="java" NumEvents="250" CreationCount="41"/><InteractionEvent Delta="null" EndDate="2014-09-18 10:37:45.997 JST" Interest="7.0" Kind="selection" Navigation="null" OriginId="org.eclipse.jdt.ui.CompilationUnitEditor" StartDate="2014-09-18 10:33:20.853 JST" StructureHandle="=SL3/src&amp;lt;sl3.utils{Methods_dlg.java[Methods_dlg" StructureKind="java" NumEvents="7" CreationCount="41"/><InteractionEvent Delta="null" EndDate="2014-09-18 13:29:56.907 JST" Interest="1.0" Kind="selection" Navigation="null" OriginId="org.eclipse.ui.views.ResourceNavigator" StartDate="2014-09-18 13:29:56.907 JST" StructureHandle="=IFM11" StructureKind="java"/><InteractionEvent Delta="null" EndDate="2014-09-18 13:32:01.560 JST" Interest="9.868" Kind="propagation" Navigation="org.eclipse.mylyn.core.model.edges.containment" OriginId="org.eclipse.mylyn.core.model.interest.propagation" StartDate="2014-09-18 13:30:10.87 JST" StructureHandle="=TA2/src&amp;lt;ta2.utils{Methods.java" StructureKind="java" NumEvents="14" CreationCount="1670"/><InteractionEvent Delta="null" EndDate="2014-09-18 13:31:53.574 JST" Interest="4.0" Kind="selection" Navigation="null" OriginId="org.eclipse.jdt.ui.CompilationUnitEditor" StartDate="2014-09-18 13:30:05.77 JST" StructureHandle="=TA2/src&amp;lt;ta2.utils{Methods.java" StructureKind="java" NumEvents="4" CreationCount="1670"/><InteractionEvent Delta="null" EndDate="2014-09-18 12:32:44.875 JST" Interest="1.0" Kind="selection" Navigation="null" OriginId="org.eclipse.jdt.ui.CompilationUnitEditor" StartDate="2014-09-18 12:32:44.875 JST" StructureHandle="=SL3/src&amp;lt;sl3.listeners.list{LOI_CL.java[LOI_CL~LOI_CL~QActivity;~QDialog;~QDialog;" StructureKind="java"/><InteractionEvent Delta="null" EndDate="2014-09-18 13:27:51.740 JST" Interest="44.017002" Kind="propagation" Navigation="org.eclipse.mylyn.core.model.edges.containment" OriginId="org.eclipse.mylyn.core.model.interest.propagation" StartDate="2014-09-18 13:18:51.511 JST" StructureHandle="/SL3/res/values" StructureKind="resource" NumEvents="63" CreationCount="1486"/><InteractionEvent Delta="null" EndDate="2014-09-18 13:18:50.145 JST" Interest="1.0" Kind="selection" Navigation="null" OriginId="org.eclipse.jdt.ui.PackageExplorer" StartDate="2014-09-18 13:18:50.145 JST" StructureHandle="/SL3/res/values" StructureKind="resource"/><InteractionEvent Delta="null" EndDate="2014-09-18 12:36:42.794 JST" Interest="1.0" Kind="propagation" Navigation="null" OriginId="org.eclipse.jdt.ui.PackageExplorer" StartDate="2014-09-18 12:36:42.794 JST" StructureHandle="/SL3/src/sl3/listeners/dialog/DB_CL.java" StructureKind="resource"/><InteractionEvent Delta="null" EndDate="2014-09-18 13:42:03.24 JST" Interest="1582.0" Kind="propagation" Navigation="org.eclipse.mylyn.core.model.edges.containment" OriginId="org.eclipse.mylyn.core.model.interest.propagation" StartDate="2014-09-18 10:26:23.26 JST" StructureHandle="/" StructureKind="resource" NumEvents="1583" CreationCount="1"/><InteractionEvent Delta="null" EndDate="2014-09-18 10:52:06.982 JST" Interest="7.1170006" Kind="propagation" Navigation="org.eclipse.mylyn.core.model.edges.containment" OriginId="org.eclipse.mylyn.core.model.interest.propagation" StartDate="2014-09-18 10:30:40.380 JST" StructureHandle="/SL3/bin" StructureKind="resource" NumEvents="4" CreationCount="122"/><InteractionEvent Delta="null" EndDate="2014-09-18 10:32:23.651 JST" Interest="5.0" Kind="selection" Navigation="null" OriginId="org.eclipse.jdt.ui.CompilationUnitEditor" StartDate="2014-09-18 10:32:02.204 JST" StructureHandle="=ShoppingList/src&amp;lt;sl.utils{Methods_dlg.java[Methods_dlg~dlg_db_activity~QActivity;" StructureKind="java" NumEvents="5" CreationCount="133"/><InteractionEvent Delta="null" EndDate="2014-09-18 10:32:03.391 JST" Interest="2.0" Kind="edit" Navigation="null" OriginId="org.eclipse.jdt.ui.CompilationUnitEditor" StartDate="2014-09-18 10:32:02.795 JST" StructureHandle="=ShoppingList/src&amp;lt;sl.utils{Methods_dlg.java[Methods_dlg~dlg_db_activity~QActivity;" StructureKind="java" NumEvents="2" CreationCount="133"/><InteractionEvent Delta="null" EndDate="2014-09-18 10:41:43.52 JST" Interest="4.0" Kind="selection" Navigation="null" OriginId="org.eclipse.jdt.ui.CompilationUnitEditor" StartDate="2014-09-18 10:41:37.908 JST" StructureHandle="=SL3/src&amp;lt;sl3.adapters{PSListAdapter.java[PSListAdapter~PSListAdapter~QContext;~I~QList\&amp;lt;QPS;&amp;gt;;" StructureKind="java" NumEvents="4" CreationCount="362"/><InteractionEvent Delta="null" EndDate="2014-09-18 13:42:03.23 JST" Interest="128.6" Kind="propagation" Navigation="org.eclipse.mylyn.core.model.edges.containment" OriginId="org.eclipse.mylyn.core.model.interest.propagation" StartDate="2014-09-18 13:08:42.968 JST" StructureHandle="=SL3/src&amp;lt;sl3.utils{Methods.java[Methods" StructureKind="java" NumEvents="179" CreationCount="1333"/><InteractionEvent Delta="null" EndDate="2014-09-18 13:32:47.193 JST" Interest="4.0" Kind="selection" Navigation="null" OriginId="org.eclipse.jdt.ui.CompilationUnitEditor" StartDate="2014-09-18 13:10:06.909 JST" StructureHandle="=SL3/src&amp;lt;sl3.utils{Methods.java[Methods" StructureKind="java" NumEvents="4" CreationCount="1333"/><InteractionEvent Delta="null" EndDate="2014-09-18 10:36:55.857 JST" Interest="1.0" Kind="selection" Navigation="null" OriginId="org.eclipse.jdt.ui.CompilationUnitEditor" StartDate="2014-09-18 10:36:55.857 JST" StructureHandle="=SL3/src&amp;lt;sl3.utils{Methods_dlg.java[Methods_dlg~dlg_OptMenu_TabActv_Opearations~QActivity;~QDialog;" StructureKind="java"/><InteractionEvent Delta="null" EndDate="2014-09-18 10:37:07.469 JST" Interest="5.0" Kind="edit" Navigation="null" OriginId="org.eclipse.jdt.ui.CompilationUnitEditor" StartDate="2014-09-18 10:36:59.875 JST" StructureHandle="=SL3/src&amp;lt;sl3.utils{Methods_dlg.java[Methods_dlg~dlg_OptMenu_TabActv_Opearations~QActivity;~QDialog;" StructureKind="java" NumEvents="5" CreationCount="268"/><InteractionEvent Delta="null" EndDate="2014-09-18 13:32:01.560 JST" Interest="27.0" Kind="propagation" Navigation="null" OriginId="org.eclipse.jdt.ui.CompilationUnitEditor" StartDate="2014-09-18 13:30:05.78 JST" StructureHandle="/TA2/src/ta2/utils/Methods.java" StructureKind="resource" NumEvents="27" CreationCount="1670"/><InteractionEvent Delta="null" EndDate="2014-09-18 13:02:11.735 JST" Interest="3.0" Kind="selection" Navigation="null" OriginId="org.eclipse.jdt.ui.CompilationUnitEditor" StartDate="2014-09-18 12:49:26.229 JST" StructureHandle="=SL3/src&amp;lt;sl3.utils{Methods_sl.java[Methods_sl~getSIListFromItemList~QActivity;~QString;" StructureKind="java" NumEvents="3" CreationCount="848"/><InteractionEvent Delta="null" EndDate="2014-09-18 13:02:08.460 JST" Interest="23.0" Kind="edit" Navigation="null" OriginId="org.eclipse.jdt.ui.CompilationUnitEditor" StartDate="2014-09-18 12:49:26.978 JST" StructureHandle="=SL3/src&amp;lt;sl3.utils{Methods_sl.java[Methods_sl~getSIListFromItemList~QActivity;~QString;" StructureKind="java" NumEvents="23" CreationCount="848"/><InteractionEvent Delta="null" EndDate="2014-09-18 13:01:26.419 JST" Interest="3.3120003" Kind="manipulation" Navigation="null" OriginId="org.eclipse.mylyn.core.model.interest.decay.correction" StartDate="2014-09-18 13:01:26.419 JST" StructureHandle="=SL3/src&amp;lt;sl3.utils{Methods_sl.java[Methods_sl~getSIListFromItemList~QActivity;~QString;" StructureKind="java"/><InteractionEvent Delta="null" EndDate="2014-09-18 12:36:52.824 JST" Interest="1.0" Kind="selection" Navigation="null" OriginId="org.eclipse.ui.views.ContentOutline" StartDate="2014-09-18 12:36:52.824 JST" StructureHandle="=SL3/src&amp;lt;sl.main{TabActv.java%sl.main" StructureKind="java"/><InteractionEvent Delta="null" EndDate="2014-09-18 13:34:31.422 JST" Interest="54.048004" Kind="propagation" Navigation="org.eclipse.mylyn.core.model.edges.containment" OriginId="org.eclipse.mylyn.core.model.interest.propagation" StartDate="2014-09-18 12:36:50.574 JST" StructureHandle="=SL3/src&amp;lt;sl.main" StructureKind="java" NumEvents="80" CreationCount="643"/><InteractionEvent Delta="null" EndDate="2014-09-18 12:36:48.536 JST" Interest="1.0" Kind="selection" Navigation="null" OriginId="org.eclipse.jdt.ui.PackageExplorer" StartDate="2014-09-18 12:36:48.536 JST" StructureHandle="=SL3/src&amp;lt;sl.main" StructureKind="java"/><InteractionEvent Delta="null" EndDate="2014-09-18 12:37:59.481 JST" Interest="5.0" Kind="selection" Navigation="null" OriginId="org.eclipse.jdt.ui.CompilationUnitEditor" StartDate="2014-09-18 12:36:37.613 JST" StructureHandle="=SL3/src&amp;lt;sl3.adapters{ToBuyListAdapter.java[ToBuyListAdapter~getView__1_setupTextView~QView;~QSI;" StructureKind="java" NumEvents="5" CreationCount="640"/><InteractionEvent Delta="null" EndDate="2014-09-18 12:37:55.293 JST" Interest="2.0" Kind="edit" Navigation="null" OriginId="org.eclipse.jdt.ui.CompilationUnitEditor" StartDate="2014-09-18 12:36:39.880 JST" StructureHandle="=SL3/src&amp;lt;sl3.adapters{ToBuyListAdapter.java[ToBuyListAdapter~getView__1_setupTextView~QView;~QSI;" StructureKind="java" NumEvents="2" CreationCount="640"/><InteractionEvent Delta="null" EndDate="2014-09-18 13:39:53.109 JST" Interest="15.0" Kind="prediction" Navigation="null" OriginId="org.eclipse.mylyn.resources.ui.interest.updater" StartDate="2014-09-18 10:30:40.380 JST" StructureHandle="/SL3/bin/classes.dex" StructureKind="resource" NumEvents="15" CreationCount="122"/><InteractionEvent Delta="null" EndDate="2014-09-18 13:11:28.906 JST" Interest="8.0" Kind="selection" Navigation="null" OriginId="org.eclipse.jdt.ui.CompilationUnitEditor" StartDate="2014-09-18 12:39:21.805 JST" StructureHandle="=SL3/src&amp;lt;sl3.adapters{ItemListAdapter2.java[ItemListAdapter2~_getView__SetBackground~QView;~QSI;~I" StructureKind="java" NumEvents="8" CreationCount="704"/><InteractionEvent Delta="null" EndDate="2014-09-18 12:45:21.993 JST" Interest="39.0" Kind="edit" Navigation="null" OriginId="org.eclipse.jdt.ui.CompilationUnitEditor" StartDate="2014-09-18 12:39:28.128 JST" StructureHandle="=SL3/src&amp;lt;sl3.adapters{ItemListAdapter2.java[ItemListAdapter2~_getView__SetBackground~QView;~QSI;~I" StructureKind="java" NumEvents="39" CreationCount="704"/><InteractionEvent Delta="null" EndDate="2014-09-18 13:11:46.561 JST" Interest="206.0" Kind="propagation" Navigation="null" OriginId="org.eclipse.jdt.ui.CompilationUnitEditor" StartDate="2014-09-18 10:41:37.219 JST" StructureHandle="/SL3/src/sl3/adapters" StructureKind="resource" NumEvents="206" CreationCount="361"/><InteractionEvent Delta="null" EndDate="2014-09-18 13:34:31.421 JST" Interest="145.017" Kind="propagation" Navigation="org.eclipse.mylyn.core.model.edges.containment" OriginId="org.eclipse.mylyn.core.model.interest.propagation" StartDate="2014-09-18 12:36:48.536 JST" StructureHandle="/SL3/src/sl/main" StructureKind="resource" NumEvents="147" CreationCount="643"/><InteractionEvent Delta="null" EndDate="2014-09-18 10:43:49.618 JST" Interest="38.034" Kind="propagation" Navigation="org.eclipse.mylyn.core.model.edges.containment" OriginId="org.eclipse.mylyn.core.model.interest.propagation" StartDate="2014-09-18 10:41:37.908 JST" StructureHandle="=SL3/src&amp;lt;sl3.adapters{PSListAdapter.java[PSListAdapter" StructureKind="java" NumEvents="53" CreationCount="362"/><InteractionEvent Delta="null" EndDate="2014-09-18 10:46:36.240 JST" Interest="1.0" Kind="selection" Navigation="null" OriginId="org.eclipse.jdt.ui.PackageExplorer" StartDate="2014-09-18 10:46:36.240 JST" StructureHandle="/SL3/res/layout/dlg_template_ok_cancel.xml" StructureKind="resource"/><InteractionEvent Delta="null" EndDate="2014-09-18 13:11:44.999 JST" Interest="24.121" Kind="propagation" Navigation="org.eclipse.mylyn.core.model.edges.containment" OriginId="org.eclipse.mylyn.core.model.interest.propagation" StartDate="2014-09-18 12:35:49.322 JST" StructureHandle="=SL3/src&amp;lt;sl3.adapters{ToBuyListAdapter.java[ToBuyListAdapter" StructureKind="java" NumEvents="33" CreationCount="624"/><InteractionEvent Delta="null" EndDate="2014-09-18 12:41:32.268 JST" Interest="1.0" Kind="selection" Navigation="null" OriginId="org.eclipse.jdt.ui.CompilationUnitEditor" StartDate="2014-09-18 12:41:32.268 JST" StructureHandle="=SL3/src&amp;lt;sl3.adapters{ToBuyListAdapter.java[ToBuyListAdapter" StructureKind="java"/><InteractionEvent Delta="null" EndDate="2014-09-18 13:11:44.999 JST" Interest="6.0" Kind="selection" Navigation="null" OriginId="org.eclipse.jdt.ui.CompilationUnitEditor" StartDate="2014-09-18 12:36:17.58 JST" StructureHandle="=SL3/src&amp;lt;sl3.adapters{ToBuyListAdapter.java[ToBuyListAdapter~getView__2_setupBackground~QView;~QSI;~I" StructureKind="java" NumEvents="6" CreationCount="637"/><InteractionEvent Delta="null" EndDate="2014-09-18 12:41:35.897 JST" Interest="27.0" Kind="edit" Navigation="null" OriginId="org.eclipse.jdt.ui.CompilationUnitEditor" StartDate="2014-09-18 12:36:18.900 JST" StructureHandle="=SL3/src&amp;lt;sl3.adapters{ToBuyListAdapter.java[ToBuyListAdapter~getView__2_setupBackground~QView;~QSI;~I" StructureKind="java" NumEvents="27" CreationCount="637"/><InteractionEvent Delta="null" EndDate="2014-09-18 13:29:55.683 JST" Interest="52.017" Kind="propagation" Navigation="org.eclipse.mylyn.core.model.edges.containment" OriginId="org.eclipse.mylyn.core.model.interest.propagation" StartDate="2014-09-18 10:31:52.55 JST" StructureHandle="/ShoppingList/src/sl/utils" StructureKind="resource" NumEvents="53" CreationCount="128"/><InteractionEvent Delta="null" EndDate="2014-09-18 13:04:27.607 JST" Interest="7.0" Kind="selection" Navigation="null" OriginId="com.android.ide.eclipse.editors.CommonXmlEditor" StartDate="2014-09-18 12:37:36.26 JST" StructureHandle="/SL3/res/layout/adapteritem.xml" StructureKind="resource" NumEvents="7" CreationCount="671"/><InteractionEvent Delta="null" EndDate="2014-09-18 13:02:16.690 JST" Interest="5.146001" Kind="manipulation" Navigation="null" OriginId="org.eclipse.mylyn.core.model.interest.decay.correction" StartDate="2014-09-18 13:02:16.690 JST" StructureHandle="/SL3/res/layout/adapteritem.xml" StructureKind="resource"/><InteractionEvent Delta="null" EndDate="2014-09-18 12:59:42.439 JST" Interest="1.0" Kind="selection" Navigation="null" OriginId="org.eclipse.jdt.ui.CompilationUnitEditor" StartDate="2014-09-18 12:59:42.439 JST" StructureHandle="=SL3/src&amp;lt;sl3.utils{DBUtils.java[DBUtils~find_ALL_SI_from_Previous~QActivity;" StructureKind="java"/><InteractionEvent Delta="null" EndDate="2014-09-18 12:59:42.446 JST" Interest="1.0" Kind="edit" Navigation="null" OriginId="org.eclipse.jdt.ui.CompilationUnitEditor" StartDate="2014-09-18 12:59:42.446 JST" StructureHandle="=SL3/src&amp;lt;sl3.utils{DBUtils.java[DBUtils~find_ALL_SI_from_Previous~QActivity;" StructureKind="java"/><InteractionEvent Delta="null" EndDate="2014-09-18 10:33:33.228 JST" Interest="2.0" Kind="selection" Navigation="null" OriginId="org.eclipse.jdt.ui.CompilationUnitEditor" StartDate="2014-09-18 10:28:20.560 JST" StructureHandle="=SL3/src&amp;lt;sl3.utils{Methods_dlg.java[Methods_dlg~conf_InsertNum_SI~QActivity;~QDialog;~QDialog;~QDialogTags;" StructureKind="java" NumEvents="2" CreationCount="43"/><InteractionEvent Delta="null" EndDate="2014-09-18 10:33:33.228 JST" Interest="1.3460002" Kind="manipulation" Navigation="null" OriginId="org.eclipse.mylyn.core.model.interest.decay.correction" StartDate="2014-09-18 10:33:33.228 JST" StructureHandle="=SL3/src&amp;lt;sl3.utils{Methods_dlg.java[Methods_dlg~conf_InsertNum_SI~QActivity;~QDialog;~QDialog;~QDialogTags;" StructureKind="java"/><InteractionEvent Delta="null" EndDate="2014-09-18 10:51:45.874 JST" Interest="2.0" Kind="selection" Navigation="null" OriginId="org.eclipse.ui.views.ContentOutline" StartDate="2014-09-18 10:51:17.756 JST" StructureHandle="=ShoppingList/src&amp;lt;sl.utils{Methods_dlg.java[Methods_dlg~dlg_DeleteToBuyList~QActivity;~QDialog;" StructureKind="java" NumEvents="2" CreationCount="475"/><InteractionEvent Delta="null" EndDate="2014-09-18 10:51:17.770 JST" Interest="1.0" Kind="edit" Navigation="null" OriginId="org.eclipse.jdt.ui.CompilationUnitEditor" StartDate="2014-09-18 10:51:17.770 JST" StructureHandle="=ShoppingList/src&amp;lt;sl.utils{Methods_dlg.java[Methods_dlg~dlg_DeleteToBuyList~QActivity;~QDialog;" StructureKind="java"/><InteractionEvent Delta="null" EndDate="2014-09-18 13:11:13.451 JST" Interest="192.4" Kind="propagation" Navigation="org.eclipse.mylyn.core.model.edges.containment" OriginId="org.eclipse.mylyn.core.model.interest.propagation" StartDate="2014-09-18 12:49:50.616 JST" StructureHandle="=SL3/src&amp;lt;sl3.utils{DBUtils.java[DBUtils" StructureKind="java" NumEvents="271" CreationCount="852"/><InteractionEvent Delta="null" EndDate="2014-09-18 13:11:46.560 JST" Interest="77.0" Kind="propagation" Navigation="null" OriginId="org.eclipse.jdt.ui.CompilationUnitEditor" StartDate="2014-09-18 12:38:10.654 JST" StructureHandle="/SL3/src/sl3/adapters/ItemListAdapter2.java" StructureKind="resource" NumEvents="77" CreationCount="689"/><InteractionEvent Delta="null" EndDate="2014-09-18 10:30:20.366 JST" Interest="1.0" Kind="selection" Navigation="null" OriginId="org.eclipse.jdt.ui.CompilationUnitEditor" StartDate="2014-09-18 10:30:20.366 JST" StructureHandle="=SL3/src&amp;lt;sl3.listeners.dialog{DOI_CL.java[DOI_CL~onItemClick~QAdapterView\&amp;lt;*&amp;gt;;~QView;~I~J" StructureKind="java"/><InteractionEvent Delta="null" EndDate="2014-09-18 13:29:55.683 JST" Interest="52.0" Kind="propagation" Navigation="null" OriginId="org.eclipse.ui.views.ResourceNavigator" StartDate="2014-09-18 10:31:56.15 JST" StructureHandle="/ShoppingList/src/sl/utils/Methods_dlg.java" StructureKind="resource" NumEvents="52" CreationCount="129"/><InteractionEvent Delta="null" EndDate="2014-09-18 12:40:41.979 JST" Interest="1.0" Kind="selection" Navigation="null" OriginId="org.eclipse.jdt.ui.CompilationUnitEditor" StartDate="2014-09-18 12:40:41.979 JST" StructureHandle="=SL3/src&amp;lt;sl3.adapters{ItemListAdapter2.java[ItemListAdapter2~_getView__Setup_TVs~QView;~QSI;" StructureKind="java"/><InteractionEvent Delta="null" EndDate="2014-09-18 12:40:51.165 JST" Interest="4.0" Kind="edit" Navigation="null" OriginId="org.eclipse.jdt.ui.CompilationUnitEditor" StartDate="2014-09-18 12:40:45.524 JST" StructureHandle="=SL3/src&amp;lt;sl3.adapters{ItemListAdapter2.java[ItemListAdapter2~_getView__Setup_TVs~QView;~QSI;" StructureKind="java" NumEvents="4" CreationCount="722"/><InteractionEvent Delta="null" EndDate="2014-09-18 13:29:55.683 JST" Interest="27.078003" Kind="propagation" Navigation="org.eclipse.mylyn.core.model.edges.containment" OriginId="org.eclipse.mylyn.core.model.interest.propagation" StartDate="2014-09-18 10:31:50.508 JST" StructureHandle="=ShoppingList/src" StructureKind="java" NumEvents="33" CreationCount="126"/><InteractionEvent Delta="null" EndDate="2014-09-18 10:31:49.635 JST" Interest="1.0" Kind="selection" Navigation="null" OriginId="org.eclipse.ui.views.ResourceNavigator" StartDate="2014-09-18 10:31:49.635 JST" StructureHandle="=ShoppingList/src" StructureKind="java"/><InteractionEvent Delta="null" EndDate="2014-09-18 13:42:03.23 JST" Interest="252.0" Kind="propagation" Navigation="null" OriginId="org.eclipse.jdt.ui.CompilationUnitEditor" StartDate="2014-09-18 10:35:30.135 JST" StructureHandle="/SL3/src/sl3/utils/Methods.java" StructureKind="resource" NumEvents="252" CreationCount="227"/><InteractionEvent Delta="null" EndDate="2014-09-18 13:08:41.834 JST" Interest="17.785002" Kind="manipulation" Navigation="null" OriginId="org.eclipse.mylyn.core.model.interest.decay.correction" StartDate="2014-09-18 13:08:41.834 JST" StructureHandle="/SL3/src/sl3/utils/Methods.java" StructureKind="resource"/><InteractionEvent Delta="null" EndDate="2014-09-18 13:32:05.299 JST" Interest="2.0" Kind="selection" Navigation="null" OriginId="org.eclipse.jdt.ui.CompilationUnitEditor" StartDate="2014-09-18 13:31:05.961 JST" StructureHandle="=SL3/src&amp;lt;sl3.utils{Methods.java[Methods~conv_TimeLabel_to_MillSec~QString;" StructureKind="java" NumEvents="2" CreationCount="1699"/><InteractionEvent Delta="null" EndDate="2014-09-18 13:32:45.983 JST" Interest="20.0" Kind="edit" Navigation="null" OriginId="org.eclipse.jdt.ui.CompilationUnitEditor" StartDate="2014-09-18 13:31:21.557 JST" StructureHandle="=SL3/src&amp;lt;sl3.utils{Methods.java[Methods~conv_TimeLabel_to_MillSec~QString;" StructureKind="java" NumEvents="20" CreationCount="1699"/><InteractionEvent Delta="null" EndDate="2014-09-18 13:01:25.162 JST" Interest="190.41699" Kind="propagation" Navigation="org.eclipse.mylyn.core.model.edges.containment" OriginId="org.eclipse.mylyn.core.model.interest.propagation" StartDate="2014-09-18 12:49:50.616 JST" StructureHandle="=SL3/src&amp;lt;sl3.utils{DBUtils.java" StructureKind="java" NumEvents="274" CreationCount="851"/><InteractionEvent Delta="null" EndDate="2014-09-18 13:11:51.630 JST" Interest="4.0" Kind="selection" Navigation="null" OriginId="org.eclipse.jdt.ui.CompilationUnitEditor" StartDate="2014-09-18 12:49:49.956 JST" StructureHandle="=SL3/src&amp;lt;sl3.utils{DBUtils.java" StructureKind="java" NumEvents="4" CreationCount="851"/><InteractionEvent Delta="null" EndDate="2014-09-18 13:24:46.86 JST" Interest="41.0" Kind="propagation" Navigation="null" OriginId="org.eclipse.jdt.ui.CompilationUnitEditor" StartDate="2014-09-18 12:49:25.576 JST" StructureHandle="/SL3/src/sl3/utils/Methods_sl.java" StructureKind="resource" NumEvents="41" CreationCount="847"/><InteractionEvent Delta="null" EndDate="2014-09-18 13:01:26.191 JST" Interest="1.7290001" Kind="manipulation" Navigation="null" OriginId="org.eclipse.mylyn.core.model.interest.decay.correction" StartDate="2014-09-18 13:01:26.191 JST" StructureHandle="/SL3/src/sl3/utils/Methods_sl.java" StructureKind="resource"/><InteractionEvent Delta="null" EndDate="2014-09-18 13:24:51.86 JST" Interest="4.0" Kind="selection" Navigation="null" OriginId="org.eclipse.ui.views.ContentOutline" StartDate="2014-09-18 13:09:39.48 JST" StructureHandle="=SL3/src&amp;lt;sl3.utils{Methods.java[Methods~conv_IdsString_from_ToBuy_ItemIds" StructureKind="java" NumEvents="4" CreationCount="1356"/><InteractionEvent Delta="null" EndDate="2014-09-18 13:24:42.592 JST" Interest="2.0" Kind="edit" Navigation="null" OriginId="org.eclipse.jdt.ui.CompilationUnitEditor" StartDate="2014-09-18 13:24:16.885 JST" StructureHandle="=SL3/src&amp;lt;sl3.utils{Methods.java[Methods~conv_IdsString_from_ToBuy_ItemIds" StructureKind="java" NumEvents="2" CreationCount="1356"/><InteractionEvent Delta="null" EndDate="2014-09-18 13:24:16.885 JST" Interest="1.2810001" Kind="manipulation" Navigation="null" OriginId="org.eclipse.mylyn.core.model.interest.decay.correction" StartDate="2014-09-18 13:16:12.853 JST" StructureHandle="=SL3/src&amp;lt;sl3.utils{Methods.java[Methods~conv_IdsString_from_ToBuy_ItemIds" StructureKind="java" NumEvents="2" CreationCount="1356"/><InteractionEvent Delta="null" EndDate="2014-09-18 13:30:56.507 JST" Interest="1.0" Kind="selection" Navigation="null" OriginId="org.eclipse.jdt.ui.CompilationUnitEditor" StartDate="2014-09-18 13:30:56.507 JST" StructureHandle="=SL3/src&amp;lt;sl3.utils{Methods.java#org.apache.http.util.EntityUtils" StructureKind="java"/><InteractionEvent Delta="null" EndDate="2014-09-18 13:12:58.824 JST" Interest="16.0" Kind="selection" Navigation="null" OriginId="org.eclipse.jdt.ui.CompilationUnitEditor" StartDate="2014-09-18 12:33:19.866 JST" StructureHandle="=SL3/src&amp;lt;sl3.listeners.list{LOI_CL.java[LOI_CL~case_LOAD_TOBUY_LIST~QAdapterView\&amp;lt;*&amp;gt;;~I" StructureKind="java" NumEvents="16" CreationCount="584"/><InteractionEvent Delta="null" EndDate="2014-09-18 13:14:02.685 JST" Interest="110.0" Kind="edit" Navigation="null" OriginId="org.eclipse.jdt.ui.CompilationUnitEditor" StartDate="2014-09-18 12:33:20.975 JST" StructureHandle="=SL3/src&amp;lt;sl3.listeners.list{LOI_CL.java[LOI_CL~case_LOAD_TOBUY_LIST~QAdapterView\&amp;lt;*&amp;gt;;~I" StructureKind="java" NumEvents="110" CreationCount="584"/><InteractionEvent Delta="null" EndDate="2014-09-18 12:51:59.378 JST" Interest="1.0" Kind="selection" Navigation="null" OriginId="org.eclipse.jdt.ui.CompilationUnitEditor" StartDate="2014-09-18 12:51:59.378 JST" StructureHandle="=SL3/src&amp;lt;sl3.utils{DBUtils.java[DBUtils~update_SIs_Num~QActivity;~QList\&amp;lt;QSI;&amp;gt;;" StructureKind="java"/><InteractionEvent Delta="null" EndDate="2014-09-18 12:55:24.923 JST" Interest="6.0" Kind="edit" Navigation="null" OriginId="org.eclipse.jdt.ui.CompilationUnitEditor" StartDate="2014-09-18 12:52:03.666 JST" StructureHandle="=SL3/src&amp;lt;sl3.utils{DBUtils.java[DBUtils~update_SIs_Num~QActivity;~QList\&amp;lt;QSI;&amp;gt;;" StructureKind="java" NumEvents="6" CreationCount="876"/><InteractionEvent Delta="null" EndDate="2014-09-18 13:14:02.686 JST" Interest="150.0" Kind="propagation" Navigation="null" OriginId="org.eclipse.jdt.ui.CompilationUnitEditor" StartDate="2014-09-18 12:32:31.533 JST" StructureHandle="/SL3/src/sl3/listeners/list/LOI_CL.java" StructureKind="resource" NumEvents="150" CreationCount="562"/><InteractionEvent Delta="null" EndDate="2014-09-18 10:33:52.57 JST" Interest="10.0" Kind="selection" Navigation="null" OriginId="org.eclipse.jdt.ui.CompilationUnitEditor" StartDate="2014-09-18 10:28:25.548 JST" StructureHandle="=SL3/src&amp;lt;sl3.utils{Methods_dlg.java[Methods_dlg~dlg_OptMenu_DB~QActivity;" StructureKind="java" NumEvents="10" CreationCount="45"/><InteractionEvent Delta="null" EndDate="2014-09-18 10:29:52.651 JST" Interest="11.0" Kind="edit" Navigation="null" OriginId="org.eclipse.jdt.ui.CompilationUnitEditor" StartDate="2014-09-18 10:28:26.676 JST" StructureHandle="=SL3/src&amp;lt;sl3.utils{Methods_dlg.java[Methods_dlg~dlg_OptMenu_DB~QActivity;" StructureKind="java" NumEvents="11" CreationCount="45"/><InteractionEvent Delta="null" EndDate="2014-09-18 12:38:05.585 JST" Interest="1.0" Kind="selection" Navigation="null" OriginId="org.eclipse.jdt.ui.PackageExplorer" StartDate="2014-09-18 12:38:05.585 JST" StructureHandle="/SL3/res/layout/dlg_confirm_delete_ps_item.xml" StructureKind="resource"/><InteractionEvent Delta="null" EndDate="2014-09-18 13:34:31.421 JST" Interest="145.0" Kind="propagation" Navigation="null" OriginId="org.eclipse.jdt.ui.CompilationUnitEditor" StartDate="2014-09-18 12:36:50.574 JST" StructureHandle="/SL3/src/sl/main/TabActv.java" StructureKind="resource" NumEvents="145" CreationCount="644"/><InteractionEvent Delta="null" EndDate="2014-09-18 13:02:08.460 JST" Interest="21.412" Kind="propagation" Navigation="org.eclipse.mylyn.core.model.edges.containment" OriginId="org.eclipse.mylyn.core.model.interest.propagation" StartDate="2014-09-18 12:49:26.229 JST" StructureHandle="=SL3/src&amp;lt;sl3.utils{Methods_sl.java[Methods_sl" StructureKind="java" NumEvents="25" CreationCount="848"/><InteractionEvent Delta="null" EndDate="2014-09-18 13:11:17.482 JST" Interest="4.0" Kind="selection" Navigation="null" OriginId="org.eclipse.jdt.ui.CompilationUnitEditor" StartDate="2014-09-18 13:02:10.16 JST" StructureHandle="=SL3/src&amp;lt;sl3.utils{Methods_sl.java[Methods_sl" StructureKind="java" NumEvents="4" CreationCount="848"/><InteractionEvent Delta="null" EndDate="2014-09-18 13:11:17.504 JST" Interest="2.0" Kind="edit" Navigation="null" OriginId="org.eclipse.jdt.ui.CompilationUnitEditor" StartDate="2014-09-18 13:02:17.996 JST" StructureHandle="=SL3/src&amp;lt;sl3.utils{Methods_sl.java[Methods_sl" StructureKind="java" NumEvents="2" CreationCount="848"/><InteractionEvent Delta="null" EndDate="2014-09-18 13:34:31.421 JST" Interest="145.017" Kind="propagation" Navigation="org.eclipse.mylyn.core.model.edges.containment" OriginId="org.eclipse.mylyn.core.model.interest.propagation" StartDate="2014-09-18 12:36:48.536 JST" StructureHandle="/SL3/src/sl" StructureKind="resource" NumEvents="147" CreationCount="643"/><InteractionEvent Delta="null" EndDate="2014-09-18 10:27:13.694 JST" Interest="1.0" Kind="propagation" Navigation="org.eclipse.mylyn.core.model.edges.containment" OriginId="org.eclipse.mylyn.core.model.interest.propagation" StartDate="2014-09-18 10:27:13.694 JST" StructureHandle="=SL3/src&amp;lt;sl3.listeners.dialog{DOI_CL.java#" StructureKind="java"/><InteractionEvent Delta="null" EndDate="2014-09-18 13:30:59.411 JST" Interest="1.0339999" Kind="propagation" Navigation="org.eclipse.mylyn.core.model.edges.containment" OriginId="org.eclipse.mylyn.core.model.interest.propagation" StartDate="2014-09-18 13:30:54.791 JST" StructureHandle="=SL3/src&amp;lt;sl3.utils{Methods.java#" StructureKind="java" NumEvents="3" CreationCount="1695"/><InteractionEvent Delta="null" EndDate="2014-09-18 13:05:03.492 JST" Interest="1.0" Kind="selection" Navigation="null" OriginId="org.eclipse.jdt.ui.PackageExplorer" StartDate="2014-09-18 13:05:03.492 JST" StructureHandle="/SL3/res/layout/dlg_create_table.xml" StructureKind="resource"/><InteractionEvent Delta="null" EndDate="2014-09-18 13:29:55.683 JST" Interest="27.044003" Kind="propagation" Navigation="org.eclipse.mylyn.core.model.edges.containment" OriginId="org.eclipse.mylyn.core.model.interest.propagation" StartDate="2014-09-18 10:31:56.16 JST" StructureHandle="=ShoppingList/src&amp;lt;sl.utils" StructureKind="java" NumEvents="28" CreationCount="128"/><InteractionEvent Delta="null" EndDate="2014-09-18 10:31:52.55 JST" Interest="1.0" Kind="selection" Navigation="null" OriginId="org.eclipse.ui.views.ResourceNavigator" StartDate="2014-09-18 10:31:52.55 JST" StructureHandle="=ShoppingList/src&amp;lt;sl.utils" StructureKind="java"/><InteractionEvent Delta="null" EndDate="2014-09-18 13:30:02.697 JST" Interest="1.0" Kind="selection" Navigation="null" OriginId="org.eclipse.ui.views.ResourceNavigator" StartDate="2014-09-18 13:30:02.697 JST" StructureHandle="=TA2/src&amp;lt;ta2" StructureKind="java"/><InteractionEvent Delta="null" EndDate="2014-09-18 13:14:02.686 JST" Interest="160.452" Kind="propagation" Navigation="org.eclipse.mylyn.core.model.edges.containment" OriginId="org.eclipse.mylyn.core.model.interest.propagation" StartDate="2014-09-18 10:27:02.538 JST" StructureHandle="/SL3/src/sl3/listeners" StructureKind="resource" NumEvents="163" CreationCount="6"/><InteractionEvent Delta="null" EndDate="2014-09-18 10:33:11.720 JST" Interest="7.087001" Kind="propagation" Navigation="org.eclipse.mylyn.core.model.edges.containment" OriginId="org.eclipse.mylyn.core.model.interest.propagation" StartDate="2014-09-18 10:32:02.289 JST" StructureHandle="=ShoppingList/src&amp;lt;sl.utils{Methods_dlg.java" StructureKind="java" NumEvents="12" CreationCount="129"/><InteractionEvent Delta="null" EndDate="2014-09-18 13:29:55.683 JST" Interest="10.0" Kind="selection" Navigation="null" OriginId="org.eclipse.ui.views.ResourceNavigator" StartDate="2014-09-18 10:31:56.14 JST" StructureHandle="=ShoppingList/src&amp;lt;sl.utils{Methods_dlg.java" StructureKind="java" NumEvents="10" CreationCount="129"/><InteractionEvent Delta="null" EndDate="2014-09-18 13:29:52.908 JST" Interest="10.9400015" Kind="manipulation" Navigation="null" OriginId="org.eclipse.mylyn.core.model.interest.decay.correction" StartDate="2014-09-18 13:29:52.908 JST" StructureHandle="=ShoppingList/src&amp;lt;sl.utils{Methods_dlg.java" StructureKind="java"/><InteractionEvent Delta="null" EndDate="2014-09-18 13:31:56.631 JST" Interest="4.0" Kind="selection" Navigation="null" OriginId="org.eclipse.jdt.ui.CompilationUnitEditor" StartDate="2014-09-18 13:30:09.535 JST" StructureHandle="=TA2/src&amp;lt;ta2.utils{Methods.java[Methods~conv_TimeLabel_to_MillSec~QString;" StructureKind="java" NumEvents="4" CreationCount="1674"/><InteractionEvent Delta="null" EndDate="2014-09-18 13:32:01.560 JST" Interest="14.0" Kind="edit" Navigation="null" OriginId="org.eclipse.jdt.ui.CompilationUnitEditor" StartDate="2014-09-18 13:30:09.602 JST" StructureHandle="=TA2/src&amp;lt;ta2.utils{Methods.java[Methods~conv_TimeLabel_to_MillSec~QString;" StructureKind="java" NumEvents="14" CreationCount="1674"/><InteractionEvent Delta="null" EndDate="2014-09-18 13:26:05.211 JST" Interest="8.0" Kind="selection" Navigation="null" OriginId="org.eclipse.jdt.ui.CompilationUnitEditor" StartDate="2014-09-18 13:05:41.413 JST" StructureHandle="=SL3/src&amp;lt;sl.main{TabActv.java[TabActv~onCreate~QBundle;" StructureKind="java" NumEvents="8" CreationCount="1283"/><InteractionEvent Delta="null" EndDate="2014-09-18 13:26:00.466 JST" Interest="3.0" Kind="edit" Navigation="null" OriginId="org.eclipse.jdt.ui.CompilationUnitEditor" StartDate="2014-09-18 13:05:42.95 JST" StructureHandle="=SL3/src&amp;lt;sl.main{TabActv.java[TabActv~onCreate~QBundle;" StructureKind="java" NumEvents="3" CreationCount="1283"/><InteractionEvent Delta="null" EndDate="2014-09-18 13:42:03.23 JST" Interest="966.561" Kind="propagation" Navigation="org.eclipse.mylyn.core.model.edges.containment" OriginId="org.eclipse.mylyn.core.model.interest.propagation" StartDate="2014-09-18 10:27:02.538 JST" StructureHandle="/SL3/src/sl3" StructureKind="resource" NumEvents="971" CreationCount="6"/><InteractionEvent Delta="null" EndDate="2014-09-18 13:42:02.793 JST" Interest="1.0" Kind="prediction" Navigation="null" OriginId="org.eclipse.mylyn.resources.ui.interest.updater" StartDate="2014-09-18 13:42:02.793 JST" StructureHandle="/SL3/res/layout/dlg_tmpl_cancel_lv_with_btn.xml" StructureKind="resource"/><InteractionEvent Delta="null" EndDate="2014-09-18 12:35:33.815 JST" Interest="12.0" Kind="selection" Navigation="null" OriginId="org.eclipse.jdt.ui.PackageExplorer" StartDate="2014-09-18 10:46:38.155 JST" StructureHandle="/SL3/res/layout/dlg_tmpl_cancel_lv_with_btn.xml" StructureKind="resource" NumEvents="12" CreationCount="446"/><InteractionEvent Delta="null" EndDate="2014-09-18 10:46:39.34 JST" Interest="1.0" Kind="edit" Navigation="null" OriginId="com.android.ide.eclipse.editors.CommonXmlEditor" StartDate="2014-09-18 10:46:39.34 JST" StructureHandle="/SL3/res/layout/dlg_tmpl_cancel_lv_with_btn.xml" StructureKind="resource"/><InteractionEvent Delta="null" EndDate="2014-09-18 12:36:42.793 JST" Interest="1.0" Kind="selection" Navigation="null" OriginId="org.eclipse.jdt.ui.PackageExplorer" StartDate="2014-09-18 12:36:42.793 JST" StructureHandle="=SL3/src&amp;lt;sl3.listeners.dialog{DB_CL.java" StructureKind="java"/><InteractionEvent Delta="null" EndDate="2014-09-18 13:29:55.727 JST" Interest="62.0" Kind="propagation" Navigation="null" OriginId="org.eclipse.ui.views.ResourceNavigator" StartDate="2014-09-18 10:26:25.813 JST" StructureHandle="/ShoppingList" StructureKind="resource" NumEvents="62" CreationCount="4"/><InteractionEvent Delta="null" EndDate="2014-09-18 10:31:49.636 JST" Interest="1.0740001" Kind="manipulation" Navigation="null" OriginId="org.eclipse.mylyn.core.model.interest.decay.correction" StartDate="2014-09-18 10:31:49.636 JST" StructureHandle="/ShoppingList" StructureKind="resource"/><InteractionEvent Delta="null" EndDate="2014-09-18 10:27:13.693 JST" Interest="1.0" Kind="selection" Navigation="null" OriginId="org.eclipse.jdt.ui.CompilationUnitEditor" StartDate="2014-09-18 10:27:13.693 JST" StructureHandle="=SL3/src&amp;lt;sl3.listeners.dialog{DOI_CL.java#sl3.tasks.Task_GetYomi" StructureKind="java"/><InteractionEvent Delta="null" EndDate="2014-09-18 13:05:44.184 JST" Interest="5.0" Kind="selection" Navigation="null" OriginId="org.eclipse.jdt.ui.PackageExplorer" StartDate="2014-09-18 12:35:21.559 JST" StructureHandle="/SL3/res/layout/itemlist.xml" StructureKind="resource" NumEvents="5" CreationCount="607"/><InteractionEvent Delta="null" EndDate="2014-09-18 13:05:23.744 JST" Interest="9.118001" Kind="manipulation" Navigation="null" OriginId="org.eclipse.mylyn.core.model.interest.decay.correction" StartDate="2014-09-18 13:05:23.744 JST" StructureHandle="/SL3/res/layout/itemlist.xml" StructureKind="resource"/><InteractionEvent Delta="null" EndDate="2014-09-18 13:24:54.241 JST" Interest="3.0" Kind="selection" Navigation="null" OriginId="org.eclipse.jdt.ui.CompilationUnitEditor" StartDate="2014-09-18 13:24:53.326 JST" StructureHandle="=SL3/src&amp;lt;sl3.utils{Methods.java[Methods~restore_DB~QActivity;~QString;~QString;~QString;" StructureKind="java" NumEvents="3" CreationCount="1557"/><InteractionEvent Delta="null" EndDate="2014-09-18 13:11:28.906 JST" Interest="31.786999" Kind="propagation" Navigation="org.eclipse.mylyn.core.model.edges.containment" OriginId="org.eclipse.mylyn.core.model.interest.propagation" StartDate="2014-09-18 12:38:17.812 JST" StructureHandle="=SL3/src&amp;lt;sl3.adapters{ItemListAdapter2.java[ItemListAdapter2" StructureKind="java" NumEvents="44" CreationCount="693"/><InteractionEvent Delta="null" EndDate="2014-09-18 12:40:52.67 JST" Interest="3.0" Kind="selection" Navigation="null" OriginId="org.eclipse.jdt.ui.CompilationUnitEditor" StartDate="2014-09-18 12:39:51.789 JST" StructureHandle="=SL3/src&amp;lt;sl3.adapters{ItemListAdapter2.java[ItemListAdapter2" StructureKind="java" NumEvents="3" CreationCount="693"/><InteractionEvent Delta="null" EndDate="2014-09-18 12:40:53.95 JST" Interest="1.0" Kind="edit" Navigation="null" OriginId="org.eclipse.jdt.ui.CompilationUnitEditor" StartDate="2014-09-18 12:40:53.95 JST" StructureHandle="=SL3/src&amp;lt;sl3.adapters{ItemListAdapter2.java[ItemListAdapter2" StructureKind="java"/><InteractionEvent Delta="null" EndDate="2014-09-18 10:32:02.289 JST" Interest="3.0" Kind="selection" Navigation="null" OriginId="org.eclipse.jdt.ui.CompilationUnitEditor" StartDate="2014-09-18 10:31:59.362 JST" StructureHandle="=ShoppingList/src&amp;lt;sl.utils{Methods_dlg.java[Methods_dlg~dlg_PostToBuyList~QActivity;~QDialog;" StructureKind="java" NumEvents="3" CreationCount="132"/><InteractionEvent Delta="null" EndDate="2014-09-18 10:33:13.372 JST" Interest="2.0" Kind="selection" Navigation="null" OriginId="org.eclipse.jdt.ui.CompilationUnitEditor" StartDate="2014-09-18 10:32:48.519 JST" StructureHandle="=ShoppingList/src&amp;lt;sl.utils{Methods_dlg.java[Methods_dlg~dlg_LoadToBuyList~QActivity;~QDialog;" StructureKind="java" NumEvents="2" CreationCount="157"/><InteractionEvent Delta="null" EndDate="2014-09-18 10:33:13.377 JST" Interest="10.0" Kind="edit" Navigation="null" OriginId="org.eclipse.jdt.ui.CompilationUnitEditor" StartDate="2014-09-18 10:32:48.524 JST" StructureHandle="=ShoppingList/src&amp;lt;sl.utils{Methods_dlg.java[Methods_dlg~dlg_LoadToBuyList~QActivity;~QDialog;" StructureKind="java" NumEvents="10" CreationCount="157"/><InteractionEvent Delta="null" EndDate="2014-09-18 13:42:03.24 JST" Interest="967.01697" Kind="propagation" Navigation="null" OriginId="org.eclipse.jdt.ui.CompilationUnitEditor" StartDate="2014-09-18 10:28:13.678 JST" StructureHandle="/SL3/src/sl3/utils" StructureKind="resource" NumEvents="970" CreationCount="38"/><InteractionEvent Delta="null" EndDate="2014-09-18 12:34:46.585 JST" Interest="1.0" Kind="selection" Navigation="null" OriginId="org.eclipse.jdt.ui.PackageExplorer" StartDate="2014-09-18 12:34:46.585 JST" StructureHandle="/SL3/res/layout/dlg_tmpl_toast_ok.xml" StructureKind="resource"/><InteractionEvent Delta="null" EndDate="2014-09-18 10:31:58.563 JST" Interest="1.0" Kind="selection" Navigation="null" OriginId="org.eclipse.ui.views.ContentOutline" StartDate="2014-09-18 10:31:58.563 JST" StructureHandle="=ShoppingList/src&amp;lt;sl.utils{Methods_dlg.java%sl.utils" StructureKind="java"/><InteractionEvent Delta="null" EndDate="2014-09-18 10:32:38.154 JST" Interest="1.0" Kind="selection" Navigation="null" OriginId="org.eclipse.jdt.ui.CompilationUnitEditor" StartDate="2014-09-18 10:32:38.154 JST" StructureHandle="=ShoppingList/src&amp;lt;sl.listeners.dialog{DialogOnItemClickListener.java[DialogOnItemClickListener~DialogOnItemClickListener~QActivity;~QDialog;" StructureKind="java"/><InteractionEvent Delta="null" EndDate="2014-09-18 12:32:31.531 JST" Interest="1.0" Kind="prediction" Navigation="null" OriginId="org.eclipse.mylyn.resources.ui.interest.updater" StartDate="2014-09-18 12:32:31.531 JST" StructureHandle="=SL3/src&amp;lt;sl3.utils{Tags.java" StructureKind="java"/><InteractionEvent Delta="null" EndDate="2014-09-18 13:29:55.683 JST" Interest="52.033997" Kind="propagation" Navigation="org.eclipse.mylyn.core.model.edges.containment" OriginId="org.eclipse.mylyn.core.model.interest.propagation" StartDate="2014-09-18 10:31:50.507 JST" StructureHandle="/ShoppingList/src/sl" StructureKind="resource" NumEvents="54" CreationCount="127"/><InteractionEvent Delta="null" EndDate="2014-09-18 13:14:02.686 JST" Interest="160.925" Kind="propagation" Navigation="null" OriginId="org.eclipse.jdt.ui.CompilationUnitEditor" StartDate="2014-09-18 10:28:12.561 JST" StructureHandle="/SL3/src/sl3/listeners/list" StructureKind="resource" NumEvents="153" CreationCount="37"/><InteractionEvent Delta="null" EndDate="2014-09-18 10:33:22.813 JST" Interest="1.0" Kind="propagation" Navigation="org.eclipse.mylyn.core.model.edges.containment" OriginId="org.eclipse.mylyn.core.model.interest.propagation" StartDate="2014-09-18 10:33:22.813 JST" StructureHandle="=SL3/src&amp;lt;sl3.utils{Methods_dlg.java#" StructureKind="java"/><InteractionEvent Delta="null" EndDate="2014-09-18 10:33:25.148 JST" Interest="1.0" Kind="selection" Navigation="null" OriginId="org.eclipse.jdt.ui.CompilationUnitEditor" StartDate="2014-09-18 10:33:25.148 JST" StructureHandle="=SL3/src&amp;lt;sl3.utils{Methods_dlg.java#" StructureKind="java"/><InteractionEvent Delta="null" EndDate="2014-09-18 13:32:01.560 JST" Interest="12.885" Kind="propagation" Navigation="org.eclipse.mylyn.core.model.edges.containment" OriginId="org.eclipse.mylyn.core.model.interest.propagation" StartDate="2014-09-18 13:30:05.78 JST" StructureHandle="=TA2/src&amp;lt;ta2.utils" StructureKind="java" NumEvents="19" CreationCount="1669"/><InteractionEvent Delta="null" EndDate="2014-09-18 13:30:03.749 JST" Interest="1.0" Kind="selection" Navigation="null" OriginId="org.eclipse.ui.views.ResourceNavigator" StartDate="2014-09-18 13:30:03.749 JST" StructureHandle="=TA2/src&amp;lt;ta2.utils" StructureKind="java"/><InteractionEvent Delta="null" EndDate="2014-09-18 13:42:02.793 JST" Interest="1.0" Kind="prediction" Navigation="null" OriginId="org.eclipse.mylyn.resources.ui.interest.updater" StartDate="2014-09-18 13:42:02.793 JST" StructureHandle="/SL3/res/layout/listrow_load_tobuy_list.xml" StructureKind="resource"/><InteractionEvent Delta="null" EndDate="2014-09-18 12:35:21.466 JST" Interest="16.0" Kind="selection" Navigation="null" OriginId="org.eclipse.jdt.ui.PackageExplorer" StartDate="2014-09-18 10:40:28.539 JST" StructureHandle="/SL3/res/layout/listrow_load_tobuy_list.xml" StructureKind="resource" NumEvents="16" CreationCount="336"/><InteractionEvent Delta="null" EndDate="2014-09-18 12:41:35.898 JST" Interest="18.155" Kind="propagation" Navigation="org.eclipse.mylyn.core.model.edges.containment" OriginId="org.eclipse.mylyn.core.model.interest.propagation" StartDate="2014-09-18 12:35:58.428 JST" StructureHandle="=SL3/src&amp;lt;sl3.adapters{ToBuyListAdapter.java" StructureKind="java" NumEvents="27" CreationCount="622"/><InteractionEvent Delta="null" EndDate="2014-09-18 13:11:44.726 JST" Interest="7.0" Kind="selection" Navigation="null" OriginId="org.eclipse.jdt.ui.CompilationUnitEditor" StartDate="2014-09-18 12:35:46.34 JST" StructureHandle="=SL3/src&amp;lt;sl3.adapters{ToBuyListAdapter.java" StructureKind="java" NumEvents="7" CreationCount="622"/><InteractionEvent Delta="null" EndDate="2014-09-18 12:35:44.663 JST" Interest="59.0" Kind="propagation" Navigation="null" OriginId="org.eclipse.jdt.ui.PackageExplorer" StartDate="2014-09-18 10:41:37.219 JST" StructureHandle="/SL3/src/sl3/adapters/PSListAdapter.java" StructureKind="resource" NumEvents="59" CreationCount="361"/><InteractionEvent Delta="null" EndDate="2014-09-18 12:35:40.635 JST" Interest="1.0" Kind="propagation" Navigation="null" OriginId="org.eclipse.jdt.ui.PackageExplorer" StartDate="2014-09-18 12:35:40.635 JST" StructureHandle="/SL3/src/sl3/items" StructureKind="resource"/><InteractionEvent Delta="null" EndDate="2014-09-18 10:31:50.507 JST" Interest="1.0" Kind="selection" Navigation="null" OriginId="org.eclipse.ui.views.ResourceNavigator" StartDate="2014-09-18 10:31:50.507 JST" StructureHandle="=ShoppingList/src&amp;lt;sl" StructureKind="java"/><InteractionEvent Delta="null" EndDate="2014-09-18 10:32:42.386 JST" Interest="1.734" Kind="propagation" Navigation="org.eclipse.mylyn.core.model.edges.containment" OriginId="org.eclipse.mylyn.core.model.interest.propagation" StartDate="2014-09-18 10:32:37.461 JST" StructureHandle="=ShoppingList/src&amp;lt;sl.listeners.dialog" StructureKind="java" NumEvents="4" CreationCount="151"/><InteractionEvent Delta="null" EndDate="2014-09-18 13:27:17.309 JST" Interest="1.0" Kind="selection" Navigation="null" OriginId="org.eclipse.jdt.ui.CompilationUnitEditor" StartDate="2014-09-18 13:27:17.309 JST" StructureHandle="=SL3/src&amp;lt;sl.main{TabActv.java[TabActv~setupTabs__second" StructureKind="java"/><InteractionEvent Delta="null" EndDate="2014-09-18 13:27:24.831 JST" Interest="6.0" Kind="edit" Navigation="null" OriginId="org.eclipse.jdt.ui.CompilationUnitEditor" StartDate="2014-09-18 13:27:17.314 JST" StructureHandle="=SL3/src&amp;lt;sl.main{TabActv.java[TabActv~setupTabs__second" StructureKind="java" NumEvents="6" CreationCount="1611"/><InteractionEvent Delta="null" EndDate="2014-09-18 10:39:27.602 JST" Interest="40.352997" Kind="propagation" Navigation="org.eclipse.mylyn.core.model.edges.containment" OriginId="org.eclipse.mylyn.core.model.interest.propagation" StartDate="2014-09-18 10:27:24.506 JST" StructureHandle="=SL3/src&amp;lt;sl3.listeners.dialog{DOI_CL.java" StructureKind="java" NumEvents="61" CreationCount="7"/><InteractionEvent Delta="null" EndDate="2014-09-18 13:12:57.392 JST" Interest="10.0" Kind="selection" Navigation="null" OriginId="org.eclipse.jdt.ui.CompilationUnitEditor" StartDate="2014-09-18 10:27:03.823 JST" StructureHandle="=SL3/src&amp;lt;sl3.listeners.dialog{DOI_CL.java" StructureKind="java" NumEvents="10" CreationCount="7"/><InteractionEvent Delta="null" EndDate="2014-09-18 10:27:04.193 JST" Interest="1.0" Kind="edit" Navigation="null" OriginId="org.eclipse.jdt.ui.CompilationUnitEditor" StartDate="2014-09-18 10:27:04.193 JST" StructureHandle="=SL3/src&amp;lt;sl3.listeners.dialog{DOI_CL.java" StructureKind="java"/><InteractionEvent Delta="null" EndDate="2014-09-18 12:57:50.136 JST" Interest="1.0" Kind="selection" Navigation="null" OriginId="org.eclipse.jdt.ui.CompilationUnitEditor" StartDate="2014-09-18 12:57:50.136 JST" StructureHandle="=SL3/src&amp;lt;sl3.utils{DBUtils.java[DBUtils~dropTable~QActivity;~QString;~QString;" StructureKind="java"/><InteractionEvent Delta="null" EndDate="2014-09-18 12:57:52.12 JST" Interest="3.0" Kind="edit" Navigation="null" OriginId="org.eclipse.jdt.ui.CompilationUnitEditor" StartDate="2014-09-18 12:57:50.140 JST" StructureHandle="=SL3/src&amp;lt;sl3.utils{DBUtils.java[DBUtils~dropTable~QActivity;~QString;~QString;" StructureKind="java" NumEvents="3" CreationCount="986"/><InteractionEvent Delta="null" EndDate="2014-09-18 13:11:13.451 JST" Interest="9.0" Kind="selection" Navigation="null" OriginId="org.eclipse.jdt.ui.CompilationUnitEditor" StartDate="2014-09-18 12:49:50.615 JST" StructureHandle="=SL3/src&amp;lt;sl3.utils{DBUtils.java[DBUtils~find_SI_from_DB_Id~QActivity;~QString;" StructureKind="java" NumEvents="9" CreationCount="852"/><InteractionEvent Delta="null" EndDate="2014-09-18 13:01:25.162 JST" Interest="262.0" Kind="edit" Navigation="null" OriginId="org.eclipse.jdt.ui.CompilationUnitEditor" StartDate="2014-09-18 12:49:51.706 JST" StructureHandle="=SL3/src&amp;lt;sl3.utils{DBUtils.java[DBUtils~find_SI_from_DB_Id~QActivity;~QString;" StructureKind="java" NumEvents="262" CreationCount="852"/><InteractionEvent Delta="null" EndDate="2014-09-18 13:11:51.631 JST" Interest="337.0" Kind="propagation" Navigation="null" OriginId="org.eclipse.jdt.ui.CompilationUnitEditor" StartDate="2014-09-18 12:49:49.956 JST" StructureHandle="/SL3/src/sl3/utils/DBUtils.java" StructureKind="resource" NumEvents="337" CreationCount="851"/><InteractionEvent Delta="null" EndDate="2014-09-18 13:11:24.560 JST" Interest="8.0" Kind="selection" Navigation="null" OriginId="org.eclipse.jdt.ui.CompilationUnitEditor" StartDate="2014-09-18 12:37:19.913 JST" StructureHandle="=SL3/src&amp;lt;sl.main{TabActv.java[TabActv~_Setup_ItemListView" StructureKind="java" NumEvents="8" CreationCount="658"/><InteractionEvent Delta="null" EndDate="2014-09-18 13:05:35.827 JST" Interest="15.0" Kind="edit" Navigation="null" OriginId="org.eclipse.jdt.ui.CompilationUnitEditor" StartDate="2014-09-18 12:37:21.44 JST" StructureHandle="=SL3/src&amp;lt;sl.main{TabActv.java[TabActv~_Setup_ItemListView" StructureKind="java" NumEvents="15" CreationCount="658"/><InteractionEvent Delta="null" EndDate="2014-09-18 13:05:33.369 JST" Interest="2.1530008" Kind="manipulation" Navigation="null" OriginId="org.eclipse.mylyn.core.model.interest.decay.correction" StartDate="2014-09-18 13:05:33.369 JST" StructureHandle="=SL3/src&amp;lt;sl.main{TabActv.java[TabActv~_Setup_ItemListView" StructureKind="java"/><InteractionEvent Delta="null" EndDate="2014-09-18 10:32:42.386 JST" Interest="4.0" Kind="propagation" Navigation="org.eclipse.mylyn.core.model.edges.containment" OriginId="org.eclipse.mylyn.core.model.interest.propagation" StartDate="2014-09-18 10:32:37.461 JST" StructureHandle="/ShoppingList/src/sl/listeners" StructureKind="resource" NumEvents="4" CreationCount="151"/><InteractionEvent Delta="null" EndDate="2014-09-18 13:14:02.686 JST" Interest="99.298996" Kind="propagation" Navigation="org.eclipse.mylyn.core.model.edges.containment" OriginId="org.eclipse.mylyn.core.model.interest.propagation" StartDate="2014-09-18 12:32:31.533 JST" StructureHandle="=SL3/src&amp;lt;sl3.listeners.list" StructureKind="java" NumEvents="130" CreationCount="37"/><InteractionEvent Delta="null" EndDate="2014-09-18 13:06:23.167 JST" Interest="3.0" Kind="selection" Navigation="null" OriginId="org.eclipse.search.ui.views.SearchView" StartDate="2014-09-18 10:28:12.561 JST" StructureHandle="=SL3/src&amp;lt;sl3.listeners.list" StructureKind="java" NumEvents="3" CreationCount="37"/><InteractionEvent Delta="null" EndDate="2014-09-18 13:29:56.907 JST" Interest="1.0" Kind="propagation" Navigation="null" OriginId="org.eclipse.ui.views.ResourceNavigator" StartDate="2014-09-18 13:29:56.907 JST" StructureHandle="/IFM11" StructureKind="resource"/><InteractionEvent Delta="null" EndDate="2014-09-18 13:27:51.740 JST" Interest="3.0" Kind="selection" Navigation="null" OriginId="org.eclipse.jdt.ui.PackageExplorer" StartDate="2014-09-18 13:18:51.511 JST" StructureHandle="/SL3/res/values/colors.xml" StructureKind="resource" NumEvents="3" CreationCount="1487"/><InteractionEvent Delta="null" EndDate="2014-09-18 13:24:15.846 JST" Interest="60.0" Kind="edit" Navigation="null" OriginId="com.android.ide.eclipse.editors.CommonXmlEditor" StartDate="2014-09-18 13:18:52.25 JST" StructureHandle="/SL3/res/values/colors.xml" StructureKind="resource" NumEvents="60" CreationCount="1487"/><InteractionEvent Delta="null" EndDate="2014-09-18 13:12:57.608 JST" Interest="16.0" Kind="selection" Navigation="null" OriginId="org.eclipse.jdt.ui.CompilationUnitEditor" StartDate="2014-09-18 10:27:17.549 JST" StructureHandle="=SL3/src&amp;lt;sl3.listeners.dialog{DOI_CL.java[DOI_CL~case_ACTV_TAB_OPT_DB~QListItem;" StructureKind="java" NumEvents="16" CreationCount="16"/><InteractionEvent Delta="null" EndDate="2014-09-18 10:39:27.602 JST" Interest="47.0" Kind="edit" Navigation="null" OriginId="org.eclipse.jdt.ui.CompilationUnitEditor" StartDate="2014-09-18 10:27:25.3 JST" StructureHandle="=SL3/src&amp;lt;sl3.listeners.dialog{DOI_CL.java[DOI_CL~case_ACTV_TAB_OPT_DB~QListItem;" StructureKind="java" NumEvents="47" CreationCount="16"/><InteractionEvent Delta="null" EndDate="2014-09-18 13:32:54.510 JST" Interest="6.0" Kind="selection" Navigation="null" OriginId="org.eclipse.jdt.ui.CompilationUnitEditor" StartDate="2014-09-18 13:09:31.249 JST" StructureHandle="=SL3/src&amp;lt;sl3.utils{Methods.java[Methods~conv_TimeLabel_to_YMD~QString;" StructureKind="java" NumEvents="6" CreationCount="1354"/><InteractionEvent Delta="null" EndDate="2014-09-18 13:30:50.3 JST" Interest="6.0" Kind="edit" Navigation="null" OriginId="org.eclipse.jdt.ui.CompilationUnitEditor" StartDate="2014-09-18 13:09:38.82 JST" StructureHandle="=SL3/src&amp;lt;sl3.utils{Methods.java[Methods~conv_TimeLabel_to_YMD~QString;" StructureKind="java" NumEvents="6" CreationCount="1354"/><InteractionEvent Delta="null" EndDate="2014-09-18 13:29:48.944 JST" Interest="0.38500023" Kind="manipulation" Navigation="null" OriginId="org.eclipse.mylyn.core.model.interest.decay.correction" StartDate="2014-09-18 13:29:48.944 JST" StructureHandle="=SL3/src&amp;lt;sl3.utils{Methods.java[Methods~conv_TimeLabel_to_YMD~QString;" StructureKind="java"/><InteractionEvent Delta="null" EndDate="2014-09-18 12:59:45.669 JST" Interest="4.0" Kind="selection" Navigation="null" OriginId="org.eclipse.jdt.ui.CompilationUnitEditor" StartDate="2014-09-18 12:56:45.282 JST" StructureHandle="=SL3/src&amp;lt;sl3.utils{DBUtils.java[DBUtils~find_ALL_SIs~QActivity;" StructureKind="java" NumEvents="4" CreationCount="913"/><InteractionEvent Delta="null" EndDate="2014-09-18 12:59:57.382 JST" Interest="35.0" Kind="edit" Navigation="null" OriginId="org.eclipse.jdt.ui.CompilationUnitEditor" StartDate="2014-09-18 12:56:45.843 JST" StructureHandle="=SL3/src&amp;lt;sl3.utils{DBUtils.java[DBUtils~find_ALL_SIs~QActivity;" StructureKind="java" NumEvents="35" CreationCount="913"/><InteractionEvent Delta="null" EndDate="2014-09-18 12:35:49.321 JST" Interest="1.0" Kind="selection" Navigation="null" OriginId="org.eclipse.jdt.ui.CompilationUnitEditor" StartDate="2014-09-18 12:35:49.321 JST" StructureHandle="=SL3/src&amp;lt;sl3.adapters{ToBuyListAdapter.java[ToBuyListAdapter~ToBuyListAdapter~QContext;~I~QList\&amp;lt;QSI;&amp;gt;;" StructureKind="java"/><InteractionEvent Delta="null" EndDate="2014-09-18 10:28:19.787 JST" Interest="2.0" Kind="selection" Navigation="null" OriginId="org.eclipse.ui.views.ContentOutline" StartDate="2014-09-18 10:28:18.656 JST" StructureHandle="=SL3/src&amp;lt;sl3.utils{Methods_dlg.java[Methods_dlg~dlg_db_activity~QActivity;" StructureKind="java" NumEvents="2" CreationCount="41"/><InteractionEvent Delta="null" EndDate="2014-09-18 12:45:21.994 JST" Interest="29.555002" Kind="propagation" Navigation="org.eclipse.mylyn.core.model.edges.containment" OriginId="org.eclipse.mylyn.core.model.interest.propagation" StartDate="2014-09-18 12:39:42.459 JST" StructureHandle="=SL3/src&amp;lt;sl3.adapters{ItemListAdapter2.java" StructureKind="java" NumEvents="43" CreationCount="689"/><InteractionEvent Delta="null" EndDate="2014-09-18 13:11:46.560 JST" Interest="8.0" Kind="selection" Navigation="null" OriginId="org.eclipse.jdt.ui.CompilationUnitEditor" StartDate="2014-09-18 12:38:10.653 JST" StructureHandle="=SL3/src&amp;lt;sl3.adapters{ItemListAdapter2.java" StructureKind="java" NumEvents="8" CreationCount="689"/><InteractionEvent Delta="null" EndDate="2014-09-18 10:33:18.565 JST" Interest="1.0" Kind="selection" Navigation="null" OriginId="org.eclipse.jdt.ui.CompilationUnitEditor" StartDate="2014-09-18 10:33:18.565 JST" StructureHandle="=SL3/src&amp;lt;sl3.utils{Methods_dlg.java[Methods_dlg~dlg_ShowMessage_SecondDialog~QActivity;~QString;~QDialog;" StructureKind="java"/><InteractionEvent Delta="null" EndDate="2014-09-18 12:37:32.921 JST" Interest="1.0" Kind="propagation" Navigation="null" OriginId="org.eclipse.jdt.ui.PackageExplorer" StartDate="2014-09-18 12:37:32.921 JST" StructureHandle="/SL3/src/sl/main/MainActv.java" StructureKind="resource"/><InteractionEvent Delta="null" EndDate="2014-09-18 10:32:47.919 JST" Interest="4.0" Kind="selection" Navigation="null" OriginId="org.eclipse.jdt.ui.CompilationUnitEditor" StartDate="2014-09-18 10:32:23.532 JST" StructureHandle="=ShoppingList/src&amp;lt;sl.utils{Methods_dlg.java[Methods_dlg~dlg_tabActv_adminDb~QActivity;" StructureKind="java" NumEvents="4" CreationCount="140"/><InteractionEvent Delta="null" EndDate="2014-09-18 10:32:30.396 JST" Interest="6.0" Kind="edit" Navigation="null" OriginId="org.eclipse.jdt.ui.CompilationUnitEditor" StartDate="2014-09-18 10:32:24.138 JST" StructureHandle="=ShoppingList/src&amp;lt;sl.utils{Methods_dlg.java[Methods_dlg~dlg_tabActv_adminDb~QActivity;" StructureKind="java" NumEvents="6" CreationCount="140"/><InteractionEvent Delta="null" EndDate="2014-09-18 13:32:01.560 JST" Interest="27.051" Kind="propagation" Navigation="org.eclipse.mylyn.core.model.edges.containment" OriginId="org.eclipse.mylyn.core.model.interest.propagation" StartDate="2014-09-18 13:30:02.391 JST" StructureHandle="/TA2/src" StructureKind="resource" NumEvents="30" CreationCount="1667"/><InteractionEvent Delta="null" EndDate="2014-09-18 13:32:01.560 JST" Interest="26.068" Kind="propagation" Navigation="org.eclipse.mylyn.core.model.edges.containment" OriginId="org.eclipse.mylyn.core.model.interest.propagation" StartDate="2014-09-18 13:30:02.391 JST" StructureHandle="=TA2" StructureKind="resource" NumEvents="30" CreationCount="1666"/><InteractionEvent Delta="null" EndDate="2014-09-18 13:30:00.797 JST" Interest="1.0" Kind="selection" Navigation="null" OriginId="org.eclipse.ui.views.ResourceNavigator" StartDate="2014-09-18 13:30:00.797 JST" StructureHandle="=TA2" StructureKind="java"/><InteractionEvent Delta="null" EndDate="2014-09-18 10:32:42.386 JST" Interest="4.0" Kind="propagation" Navigation="null" OriginId="org.eclipse.jdt.ui.CompilationUnitEditor" StartDate="2014-09-18 10:32:37.461 JST" StructureHandle="/ShoppingList/src/sl/listeners/dialog/DialogOnItemClickListener.java" StructureKind="resource" NumEvents="4" CreationCount="151"/><InteractionEvent Delta="null" EndDate="2014-09-18 13:11:51.631 JST" Interest="207.23799" Kind="propagation" Navigation="org.eclipse.mylyn.core.model.edges.containment" OriginId="org.eclipse.mylyn.core.model.interest.propagation" StartDate="2014-09-18 10:28:16.418 JST" StructureHandle="=SL3/src&amp;lt;sl3.utils" StructureKind="java" NumEvents="298" CreationCount="38"/><InteractionEvent Delta="null" EndDate="2014-09-18 10:28:13.678 JST" Interest="1.0" Kind="selection" Navigation="null" OriginId="org.eclipse.jdt.ui.PackageExplorer" StartDate="2014-09-18 10:28:13.678 JST" StructureHandle="=SL3/src&amp;lt;sl3.utils" StructureKind="java"/><InteractionEvent Delta="null" EndDate="2014-09-18 10:32:42.386 JST" Interest="1.717" Kind="propagation" Navigation="org.eclipse.mylyn.core.model.edges.containment" OriginId="org.eclipse.mylyn.core.model.interest.propagation" StartDate="2014-09-18 10:32:38.154 JST" StructureHandle="=ShoppingList/src&amp;lt;sl.listeners.dialog{DialogOnItemClickListener.java[DialogOnItemClickListener" StructureKind="java" NumEvents="3" CreationCount="152"/><InteractionEvent Delta="null" EndDate="2014-09-18 12:32:51.564 JST" Interest="1.0" Kind="selection" Navigation="null" OriginId="org.eclipse.jdt.ui.CompilationUnitEditor" StartDate="2014-09-18 12:32:51.564 JST" StructureHandle="=SL3/src&amp;lt;sl3.listeners.list{LOI_CL.java[LOI_CL~onItemClick~QAdapterView\&amp;lt;*&amp;gt;;~QView;~I~J" StructureKind="java"/><InteractionEvent Delta="null" EndDate="2014-09-18 12:33:06.408 JST" Interest="6.0" Kind="edit" Navigation="null" OriginId="org.eclipse.jdt.ui.CompilationUnitEditor" StartDate="2014-09-18 12:32:58.52 JST" StructureHandle="=SL3/src&amp;lt;sl3.listeners.list{LOI_CL.java[LOI_CL~onItemClick~QAdapterView\&amp;lt;*&amp;gt;;~QView;~I~J" StructureKind="java" NumEvents="6" CreationCount="577"/><InteractionEvent Delta="null" EndDate="2014-09-18 10:33:22.812 JST" Interest="1.0" Kind="selection" Navigation="null" OriginId="org.eclipse.jdt.ui.CompilationUnitEditor" StartDate="2014-09-18 10:33:22.812 JST" StructureHandle="=SL3/src&amp;lt;sl3.utils{Methods_dlg.java#java.util.ArrayList" StructureKind="java"/><InteractionEvent Delta="null" EndDate="2014-09-18 13:34:31.421 JST" Interest="4.0" Kind="selection" Navigation="null" OriginId="org.eclipse.jdt.ui.CompilationUnitEditor" StartDate="2014-09-18 13:26:21.826 JST" StructureHandle="=SL3/src&amp;lt;sl.main{TabActv.java[TabActv~_SetupTabs" StructureKind="java" NumEvents="4" CreationCount="1587"/><InteractionEvent Delta="null" EndDate="2014-09-18 13:28:46.61 JST" Interest="50.0" Kind="edit" Navigation="null" OriginId="org.eclipse.jdt.ui.CompilationUnitEditor" StartDate="2014-09-18 13:26:21.837 JST" StructureHandle="=SL3/src&amp;lt;sl.main{TabActv.java[TabActv~_SetupTabs" StructureKind="java" NumEvents="50" CreationCount="1587"/><InteractionEvent Delta="null" EndDate="2014-09-18 10:41:43.70 JST" Interest="3.0" Kind="selection" Navigation="null" OriginId="org.eclipse.jdt.ui.CompilationUnitEditor" StartDate="2014-09-18 10:41:42.969 JST" StructureHandle="=SL3/src&amp;lt;sl3.adapters{PSListAdapter.java[PSListAdapter~getView~I~QView;~QViewGroup;" StructureKind="java" NumEvents="3" CreationCount="364"/><InteractionEvent Delta="null" EndDate="2014-09-18 10:43:49.618 JST" Interest="50.0" Kind="edit" Navigation="null" OriginId="org.eclipse.jdt.ui.CompilationUnitEditor" StartDate="2014-09-18 10:41:43.539 JST" StructureHandle="=SL3/src&amp;lt;sl3.adapters{PSListAdapter.java[PSListAdapter~getView~I~QView;~QViewGroup;" StructureKind="java" NumEvents="50" CreationCount="364"/><InteractionEvent Delta="null" EndDate="2014-09-18 13:11:19.668 JST" Interest="19.534002" Kind="propagation" Navigation="org.eclipse.mylyn.core.model.edges.containment" OriginId="org.eclipse.mylyn.core.model.interest.propagation" StartDate="2014-09-18 12:49:26.230 JST" StructureHandle="=SL3/src&amp;lt;sl3.utils{Methods_sl.java" StructureKind="java" NumEvents="30" CreationCount="847"/><InteractionEvent Delta="null" EndDate="2014-09-18 13:24:46.13 JST" Interest="6.0" Kind="selection" Navigation="null" OriginId="org.eclipse.jdt.ui.CompilationUnitEditor" StartDate="2014-09-18 12:49:25.576 JST" StructureHandle="=SL3/src&amp;lt;sl3.utils{Methods_sl.java" StructureKind="java" NumEvents="6" CreationCount="847"/><InteractionEvent Delta="null" EndDate="2014-09-18 13:01:26.190 JST" Interest="3.2950003" Kind="manipulation" Navigation="null" OriginId="org.eclipse.mylyn.core.model.interest.decay.correction" StartDate="2014-09-18 13:01:26.190 JST" StructureHandle="=SL3/src&amp;lt;sl3.utils{Methods_sl.java" StructureKind="java"/><InteractionEvent Delta="null" EndDate="2014-09-18 13:27:51.834 JST" Interest="2.0" Kind="selection" Navigation="null" OriginId="org.eclipse.jdt.ui.PackageExplorer" StartDate="2014-09-18 13:05:44.266 JST" StructureHandle="/SL3/res/layout/list_row_si.xml" StructureKind="resource" NumEvents="2" CreationCount="1291"/><InteractionEvent Delta="null" EndDate="2014-09-18 13:27:51.834 JST" Interest="4.7630005" Kind="manipulation" Navigation="null" OriginId="org.eclipse.mylyn.core.model.interest.decay.correction" StartDate="2014-09-18 13:27:51.834 JST" StructureHandle="/SL3/res/layout/list_row_si.xml" StructureKind="resource"/><InteractionEvent Delta="null" EndDate="2014-09-18 13:05:41.589 JST" Interest="3.0" Kind="selection" Navigation="null" OriginId="org.eclipse.jdt.ui.CompilationUnitEditor" StartDate="2014-09-18 13:05:40.290 JST" StructureHandle="=SL3/src&amp;lt;sl.main{TabActv.java[TabActv~onKeyDown~I~QKeyEvent;" StructureKind="java" NumEvents="3" CreationCount="1282"/><InteractionEvent Delta="null" EndDate="2014-09-18 10:28:25.646 JST" Interest="3.0" Kind="selection" Navigation="null" OriginId="org.eclipse.jdt.ui.CompilationUnitEditor" StartDate="2014-09-18 10:28:24.849 JST" StructureHandle="=SL3/src&amp;lt;sl3.utils{Methods_dlg.java[Methods_dlg~dlg_Op_Tables~QActivity;~QDialog;~QDialog;" StructureKind="java" NumEvents="3" CreationCount="44"/><InteractionEvent Delta="null" EndDate="2014-09-18 13:12:58.141 JST" Interest="338.0" Kind="propagation" Navigation="null" OriginId="org.eclipse.jdt.ui.CompilationUnitEditor" StartDate="2014-09-18 10:28:16.417 JST" StructureHandle="/SL3/src/sl3/utils/Methods_dlg.java" StructureKind="resource" NumEvents="338" CreationCount="39"/><InteractionEvent Delta="null" EndDate="2014-09-18 13:24:46.84 JST" Interest="3.0" Kind="selection" Navigation="null" OriginId="org.eclipse.jdt.ui.CompilationUnitEditor" StartDate="2014-09-18 13:11:19.667 JST" StructureHandle="=SL3/src&amp;lt;sl3.utils{Methods_sl.java[Methods_sl~isInDb_PS~QActivity;~QString;~QCalendar;" StructureKind="java" NumEvents="3" CreationCount="1392"/><InteractionEvent Delta="null" EndDate="2014-09-18 13:24:46.84 JST" Interest="0.72000027" Kind="manipulation" Navigation="null" OriginId="org.eclipse.mylyn.core.model.interest.decay.correction" StartDate="2014-09-18 13:24:46.84 JST" StructureHandle="=SL3/src&amp;lt;sl3.utils{Methods_sl.java[Methods_sl~isInDb_PS~QActivity;~QString;~QCalendar;" StructureKind="java"/><InteractionEvent Delta="null" EndDate="2014-09-18 10:40:26.77 JST" Interest="1.0" Kind="selection" Navigation="null" OriginId="org.eclipse.jdt.ui.PackageExplorer" StartDate="2014-09-18 10:40:26.77 JST" StructureHandle="/SL3/res/layout/dlg_register_main.xml" StructureKind="resource"/><InteractionEvent Delta="null" EndDate="2014-09-18 13:29:55.683 JST" Interest="56.125" Kind="propagation" Navigation="org.eclipse.mylyn.core.model.edges.containment" OriginId="org.eclipse.mylyn.core.model.interest.propagation" StartDate="2014-09-18 10:31:49.636 JST" StructureHandle="=ShoppingList" StructureKind="resource" NumEvents="59" CreationCount="4"/><InteractionEvent Delta="null" EndDate="2014-09-18 13:29:55.727 JST" Interest="3.0" Kind="selection" Navigation="null" OriginId="org.eclipse.ui.views.ResourceNavigator" StartDate="2014-09-18 10:26:25.812 JST" StructureHandle="=ShoppingList" StructureKind="java" NumEvents="3" CreationCount="4"/><InteractionEvent Delta="null" EndDate="2014-09-18 10:28:54.65 JST" Interest="6.0" Kind="selection" Navigation="null" OriginId="org.eclipse.jdt.ui.CompilationUnitEditor" StartDate="2014-09-18 10:27:21.545 JST" StructureHandle="=SL3/src&amp;lt;sl3.listeners.dialog{DOI_CL.java[DOI_CL~case_ACTV_TAB_OPT_OPERATIONS~QListItem;" StructureKind="java" NumEvents="6" CreationCount="17"/><InteractionEvent Delta="null" EndDate="2014-09-18 12:39:56.142 JST" Interest="2.0" Kind="selection" Navigation="null" OriginId="org.eclipse.jdt.ui.CompilationUnitEditor" StartDate="2014-09-18 12:39:48.541 JST" StructureHandle="=SL3/src&amp;lt;sl3.adapters{ItemListAdapter2.java[ItemListAdapter2~_getView__ET_ClearFocus~QView;" StructureKind="java" NumEvents="2" CreationCount="712"/><InteractionEvent Delta="null" EndDate="2014-09-18 12:40:02.275 JST" Interest="3.0" Kind="edit" Navigation="null" OriginId="org.eclipse.jdt.ui.CompilationUnitEditor" StartDate="2014-09-18 12:40:00.206 JST" StructureHandle="=SL3/src&amp;lt;sl3.adapters{ItemListAdapter2.java[ItemListAdapter2~_getView__ET_ClearFocus~QView;" StructureKind="java" NumEvents="3" CreationCount="712"/><InteractionEvent Delta="null" EndDate="2014-09-18 12:35:32.928 JST" Interest="162.467" Kind="propagation" Navigation="org.eclipse.mylyn.core.model.edges.containment" OriginId="org.eclipse.mylyn.core.model.interest.propagation" StartDate="2014-09-18 10:28:19.788 JST" StructureHandle="=SL3/src&amp;lt;sl3.utils{Methods_dlg.java" StructureKind="java" NumEvents="236" CreationCount="39"/><InteractionEvent Delta="null" EndDate="2014-09-18 13:12:57.905 JST" Interest="26.0" Kind="selection" Navigation="null" OriginId="org.eclipse.jdt.ui.CompilationUnitEditor" StartDate="2014-09-18 10:28:16.417 JST" StructureHandle="=SL3/src&amp;lt;sl3.utils{Methods_dlg.java" StructureKind="java" NumEvents="26" CreationCount="39"/><InteractionEvent Delta="null" EndDate="2014-09-18 10:37:17.856 JST" Interest="5.0" Kind="selection" Navigation="null" OriginId="org.eclipse.jdt.ui.CompilationUnitEditor" StartDate="2014-09-18 10:36:15.272 JST" StructureHandle="=SL3/src&amp;lt;sl3.utils{Methods_dlg.java[Methods_dlg~dlg_tabActv_clearSelections~QActivity;" StructureKind="java" NumEvents="5" CreationCount="246"/><InteractionEvent Delta="null" EndDate="2014-09-18 10:36:17.822 JST" Interest="1.0" Kind="edit" Navigation="null" OriginId="org.eclipse.jdt.ui.CompilationUnitEditor" StartDate="2014-09-18 10:36:17.822 JST" StructureHandle="=SL3/src&amp;lt;sl3.utils{Methods_dlg.java[Methods_dlg~dlg_tabActv_clearSelections~QActivity;" StructureKind="java"/><InteractionEvent Delta="null" EndDate="2014-09-18 10:32:47.920 JST" Interest="8.336" Kind="propagation" Navigation="org.eclipse.mylyn.core.model.edges.containment" OriginId="org.eclipse.mylyn.core.model.interest.propagation" StartDate="2014-09-18 10:31:59.364 JST" StructureHandle="=ShoppingList/src&amp;lt;sl.utils{Methods_dlg.java[Methods_dlg" StructureKind="java" NumEvents="12" CreationCount="132"/><InteractionEvent Delta="null" EndDate="2014-09-18 10:51:16.521 JST" Interest="4.0" Kind="selection" Navigation="null" OriginId="org.eclipse.jdt.ui.CompilationUnitEditor" StartDate="2014-09-18 10:33:11.715 JST" StructureHandle="=ShoppingList/src&amp;lt;sl.utils{Methods_dlg.java[Methods_dlg" StructureKind="java" NumEvents="4" CreationCount="132"/><InteractionEvent Delta="null" EndDate="2014-09-18 10:47:57.896 JST" Interest="2.0" Kind="edit" Navigation="null" OriginId="org.eclipse.jdt.ui.CompilationUnitEditor" StartDate="2014-09-18 10:33:11.719 JST" StructureHandle="=ShoppingList/src&amp;lt;sl.utils{Methods_dlg.java[Methods_dlg" StructureKind="java" NumEvents="2" CreationCount="132"/><InteractionEvent Delta="null" EndDate="2014-09-18 10:32:42.386 JST" Interest="4.0" Kind="propagation" Navigation="org.eclipse.mylyn.core.model.edges.containment" OriginId="org.eclipse.mylyn.core.model.interest.propagation" StartDate="2014-09-18 10:32:37.461 JST" StructureHandle="/ShoppingList/src/sl/listeners/dialog" StructureKind="resource" NumEvents="4" CreationCount="151"/><InteractionEvent Delta="null" EndDate="2014-09-18 13:12:57.610 JST" Interest="97.017" Kind="propagation" Navigation="null" OriginId="org.eclipse.jdt.ui.CompilationUnitEditor" StartDate="2014-09-18 10:27:02.538 JST" StructureHandle="/SL3/src/sl3/listeners/dialog" StructureKind="resource" NumEvents="98" CreationCount="6"/><InteractionEvent Delta="null" EndDate="2014-09-18 13:32:01.561 JST" Interest="31.0" Kind="propagation" Navigation="null" OriginId="org.eclipse.jdt.ui.CompilationUnitEditor" StartDate="2014-09-18 13:30:00.797 JST" StructureHandle="/TA2" StructureKind="resource" NumEvents="31" CreationCount="1666"/><InteractionEvent Delta="null" EndDate="2014-09-18 13:27:51.740 JST" Interest="65.403" Kind="propagation" Navigation="org.eclipse.mylyn.core.model.edges.containment" OriginId="org.eclipse.mylyn.core.model.interest.propagation" StartDate="2014-09-18 10:35:37.705 JST" StructureHandle="/SL3/res" StructureKind="resource" NumEvents="90" CreationCount="228"/><InteractionEvent Delta="null" EndDate="2014-09-18 10:35:32.517 JST" Interest="1.0" Kind="selection" Navigation="null" OriginId="org.eclipse.jdt.ui.PackageExplorer" StartDate="2014-09-18 10:35:32.517 JST" StructureHandle="/SL3/res" StructureKind="resource"/><InteractionEvent Delta="null" EndDate="2014-09-18 13:26:05.238 JST" Interest="11.0" Kind="selection" Navigation="null" OriginId="org.eclipse.jdt.ui.CompilationUnitEditor" StartDate="2014-09-18 12:36:55.221 JST" StructureHandle="=SL3/src&amp;lt;sl.main{TabActv.java[TabActv~_Setup_ToBuyListView" StructureKind="java" NumEvents="11" CreationCount="647"/><InteractionEvent Delta="null" EndDate="2014-09-18 13:26:21.200 JST" Interest="21.0" Kind="edit" Navigation="null" OriginId="org.eclipse.jdt.ui.CompilationUnitEditor" StartDate="2014-09-18 12:36:55.310 JST" StructureHandle="=SL3/src&amp;lt;sl.main{TabActv.java[TabActv~_Setup_ToBuyListView" StructureKind="java" NumEvents="21" CreationCount="647"/><InteractionEvent Delta="null" EndDate="2014-09-18 13:04:47.4 JST" Interest="0.019001007" Kind="manipulation" Navigation="null" OriginId="org.eclipse.mylyn.core.model.interest.decay.correction" StartDate="2014-09-18 13:04:47.4 JST" StructureHandle="=SL3/src&amp;lt;sl.main{TabActv.java[TabActv~_Setup_ToBuyListView" StructureKind="java"/><InteractionEvent Delta="null" EndDate="2014-09-18 13:42:03.24 JST" Interest="1583.0" Kind="propagation" Navigation="null" OriginId="org.eclipse.jdt.ui.CompilationUnitEditor" StartDate="2014-09-18 10:26:23.26 JST" StructureHandle="/SL3/src" StructureKind="resource" NumEvents="1583" CreationCount="1"/><InteractionEvent Delta="null" EndDate="2014-09-18 13:39:53.109 JST" Interest="18.0" Kind="prediction" Navigation="null" OriginId="org.eclipse.mylyn.resources.ui.interest.updater" StartDate="2014-09-18 10:30:40.380 JST" StructureHandle="/SL3/bin/SL3.apk" StructureKind="resource" NumEvents="18" CreationCount="122"/><InteractionEvent Delta="null" EndDate="2014-09-18 13:34:31.421 JST" Interest="41.031002" Kind="propagation" Navigation="org.eclipse.mylyn.core.model.edges.containment" OriginId="org.eclipse.mylyn.core.model.interest.propagation" StartDate="2014-09-18 12:36:55.789 JST" StructureHandle="=SL3/src&amp;lt;sl.main{TabActv.java" StructureKind="java" NumEvents="66" CreationCount="644"/><InteractionEvent Delta="null" EndDate="2014-09-18 13:34:31.338 JST" Interest="14.0" Kind="selection" Navigation="null" OriginId="org.eclipse.jdt.ui.CompilationUnitEditor" StartDate="2014-09-18 12:36:50.574 JST" StructureHandle="=SL3/src&amp;lt;sl.main{TabActv.java" StructureKind="java" NumEvents="14" CreationCount="644"/><InteractionEvent Delta="null" EndDate="2014-09-18 10:32:42.386 JST" Interest="0.73399997" Kind="propagation" Navigation="org.eclipse.mylyn.core.model.edges.containment" OriginId="org.eclipse.mylyn.core.model.interest.propagation" StartDate="2014-09-18 10:32:38.155 JST" StructureHandle="=ShoppingList/src&amp;lt;sl.listeners.dialog{DialogOnItemClickListener.java" StructureKind="java" NumEvents="3" CreationCount="151"/><InteractionEvent Delta="null" EndDate="2014-09-18 10:32:37.460 JST" Interest="1.0" Kind="selection" Navigation="null" OriginId="org.eclipse.jdt.ui.CompilationUnitEditor" StartDate="2014-09-18 10:32:37.460 JST" StructureHandle="=ShoppingList/src&amp;lt;sl.listeners.dialog{DialogOnItemClickListener.java" StructureKind="java"/><InteractionEvent Delta="null" EndDate="2014-09-18 13:29:55.683 JST" Interest="56.051003" Kind="propagation" Navigation="null" OriginId="org.eclipse.ui.views.ResourceNavigator" StartDate="2014-09-18 10:31:49.636 JST" StructureHandle="/ShoppingList/src" StructureKind="resource" NumEvents="59" CreationCount="126"/><InteractionEvent Delta="null" EndDate="2014-09-18 13:29:38.326 JST" Interest="2.0" Kind="selection" Navigation="null" OriginId="org.eclipse.ui.views.ContentOutline" StartDate="2014-09-18 13:28:54.407 JST" StructureHandle="=SL3/src&amp;lt;sl3.utils{Methods.java[Methods~getTimeLabel_Japanese~J" StructureKind="java" NumEvents="2" CreationCount="1655"/><InteractionEvent Delta="null" EndDate="2014-09-18 13:29:33.684 JST" Interest="3.0" Kind="edit" Navigation="null" OriginId="org.eclipse.jdt.ui.CompilationUnitEditor" StartDate="2014-09-18 13:28:55.885 JST" StructureHandle="=SL3/src&amp;lt;sl3.utils{Methods.java[Methods~getTimeLabel_Japanese~J" StructureKind="java" NumEvents="3" CreationCount="1655"/><InteractionEvent Delta="null" EndDate="2014-09-18 13:12:57.608 JST" Interest="45.917" Kind="propagation" Navigation="org.eclipse.mylyn.core.model.edges.containment" OriginId="org.eclipse.mylyn.core.model.interest.propagation" StartDate="2014-09-18 10:27:17.549 JST" StructureHandle="=SL3/src&amp;lt;sl3.listeners.dialog{DOI_CL.java[DOI_CL" StructureKind="java" NumEvents="63" CreationCount="15"/><InteractionEvent Delta="null" EndDate="2014-09-18 10:30:10.943 JST" Interest="3.0" Kind="selection" Navigation="null" OriginId="org.eclipse.jdt.ui.CompilationUnitEditor" StartDate="2014-09-18 10:27:16.524 JST" StructureHandle="=SL3/src&amp;lt;sl3.listeners.dialog{DOI_CL.java[DOI_CL" StructureKind="java" NumEvents="3" CreationCount="15"/><InteractionEvent Delta="null" EndDate="2014-09-18 10:32:40.650 JST" Interest="1.0" Kind="selection" Navigation="null" OriginId="org.eclipse.jdt.ui.CompilationUnitEditor" StartDate="2014-09-18 10:32:40.650 JST" StructureHandle="=ShoppingList/src&amp;lt;sl.listeners.dialog{DialogOnItemClickListener.java[DialogOnItemClickListener~case_dlg_tabActv_adminDb~QString;" StructureKind="java"/><InteractionEvent Delta="null" EndDate="2014-09-18 10:32:42.385 JST" Interest="1.0" Kind="edit" Navigation="null" OriginId="org.eclipse.jdt.ui.CompilationUnitEditor" StartDate="2014-09-18 10:32:42.385 JST" StructureHandle="=ShoppingList/src&amp;lt;sl.listeners.dialog{DialogOnItemClickListener.java[DialogOnItemClickListener~case_dlg_tabActv_adminDb~QString;" StructureKind="java"/><InteractionEvent Delta="null" EndDate="2014-09-18 13:38:46.458 JST" Interest="25.803001" Kind="propagation" Navigation="org.eclipse.mylyn.core.model.edges.containment" OriginId="org.eclipse.mylyn.core.model.interest.propagation" StartDate="2014-09-18 10:40:26.77 JST" StructureHandle="/SL3/res/layout" StructureKind="resource" NumEvents="30" CreationCount="229"/><InteractionEvent Delta="null" EndDate="2014-09-18 13:05:03.389 JST" Interest="4.0" Kind="selection" Navigation="null" OriginId="org.eclipse.jdt.ui.PackageExplorer" StartDate="2014-09-18 10:35:37.704 JST" StructureHandle="/SL3/res/layout" StructureKind="resource" NumEvents="4" CreationCount="229"/><InteractionEvent Delta="null" EndDate="2014-09-18 10:40:25.985 JST" Interest="0.7680001" Kind="manipulation" Navigation="null" OriginId="org.eclipse.mylyn.core.model.interest.decay.correction" StartDate="2014-09-18 10:40:25.985 JST" StructureHandle="/SL3/res/layout" StructureKind="resource"/><InteractionEvent Delta="null" EndDate="2014-09-18 13:25:10.962 JST" Interest="3.0" Kind="prediction" Navigation="null" OriginId="org.eclipse.mylyn.resources.ui.interest.updater" StartDate="2014-09-18 10:44:34.593 JST" StructureHandle="/SL3/bin/resources.ap_" StructureKind="resource" NumEvents="3" CreationCount="423"/><InteractionEvent Delta="null" EndDate="2014-09-18 13:14:02.686 JST" Interest="90.436" Kind="propagation" Navigation="org.eclipse.mylyn.core.model.edges.containment" OriginId="org.eclipse.mylyn.core.model.interest.propagation" StartDate="2014-09-18 12:32:44.876 JST" StructureHandle="=SL3/src&amp;lt;sl3.listeners.list{LOI_CL.java[LOI_CL" StructureKind="java" NumEvents="127" CreationCount="576"/><InteractionEvent Delta="null" EndDate="2014-09-18 13:07:28.456 JST" Interest="2.0" Kind="selection" Navigation="null" OriginId="org.eclipse.jdt.ui.CompilationUnitEditor" StartDate="2014-09-18 12:47:44.597 JST" StructureHandle="=SL3/src&amp;lt;sl3.listeners.list{LOI_CL.java[LOI_CL" StructureKind="java" NumEvents="2" CreationCount="576"/><InteractionEvent Delta="null" EndDate="2014-09-18 12:47:48.854 JST" Interest="1.0" Kind="edit" Navigation="null" OriginId="org.eclipse.jdt.ui.CompilationUnitEditor" StartDate="2014-09-18 12:47:48.854 JST" StructureHandle="=SL3/src&amp;lt;sl3.listeners.list{LOI_CL.java[LOI_CL" StructureKind="java"/><InteractionEvent Delta="null" EndDate="2014-09-18 13:32:01.560 JST" Interest="12.919001" Kind="propagation" Navigation="org.eclipse.mylyn.core.model.edges.containment" OriginId="org.eclipse.mylyn.core.model.interest.propagation" StartDate="2014-09-18 13:30:02.697 JST" StructureHandle="=TA2/src" StructureKind="java" NumEvents="24" CreationCount="1667"/><InteractionEvent Delta="null" EndDate="2014-09-18 13:30:02.391 JST" Interest="1.0" Kind="selection" Navigation="null" OriginId="org.eclipse.ui.views.ResourceNavigator" StartDate="2014-09-18 13:30:02.391 JST" StructureHandle="=TA2/src" StructureKind="java"/><InteractionEvent Delta="null" EndDate="2014-09-18 13:32:01.560 JST" Interest="9.400001" Kind="propagation" Navigation="org.eclipse.mylyn.core.model.edges.containment" OriginId="org.eclipse.mylyn.core.model.interest.propagation" StartDate="2014-09-18 13:30:09.535 JST" StructureHandle="=TA2/src&amp;lt;ta2.utils{Methods.java[Methods" StructureKind="java" NumEvents="13" CreationCount="1674"/><InteractionEvent Delta="null" EndDate="2014-09-18 13:31:53.792 JST" Interest="3.0" Kind="selection" Navigation="null" OriginId="org.eclipse.jdt.ui.CompilationUnitEditor" StartDate="2014-09-18 13:30:35.150 JST" StructureHandle="=TA2/src&amp;lt;ta2.utils{Methods.java[Methods" StructureKind="java" NumEvents="3" CreationCount="1674"/><InteractionEvent Delta="null" EndDate="2014-09-18 13:30:37.920 JST" Interest="2.0" Kind="edit" Navigation="null" OriginId="org.eclipse.jdt.ui.CompilationUnitEditor" StartDate="2014-09-18 13:30:35.154 JST" StructureHandle="=TA2/src&amp;lt;ta2.utils{Methods.java[Methods" StructureKind="java" NumEvents="2" CreationCount="1674"/><InteractionEvent Delta="null" EndDate="2014-09-18 12:35:40.635 JST" Interest="1.0" Kind="selection" Navigation="null" OriginId="org.eclipse.jdt.ui.PackageExplorer" StartDate="2014-09-18 12:35:40.635 JST" StructureHandle="=SL3/src&amp;lt;sl3.items" StructureKind="java"/><InteractionEvent Delta="null" EndDate="2014-09-18 13:39:22.448 JST" Interest="15.0" Kind="selection" Navigation="null" OriginId="org.eclipse.ui.views.ContentOutline" StartDate="2014-09-18 13:08:42.967 JST" StructureHandle="=SL3/src&amp;lt;sl3.utils{Methods.java[Methods~update_TV_DueDate~QActivity;~QPS;" StructureKind="java" NumEvents="15" CreationCount="1333"/><InteractionEvent Delta="null" EndDate="2014-09-18 13:42:03.23 JST" Interest="168.0" Kind="edit" Navigation="null" OriginId="org.eclipse.jdt.ui.CompilationUnitEditor" StartDate="2014-09-18 13:08:43.647 JST" StructureHandle="=SL3/src&amp;lt;sl3.utils{Methods.java[Methods~update_TV_DueDate~QActivity;~QPS;" StructureKind="java" NumEvents="168" CreationCount="1333"/></InteractionHistory>