<?xml version="1.0" encoding="UTF-8"?><InteractionHistory Id="local-200" Version="1"><InteractionEvent Delta="null" EndDate="2014-11-09 09:22:09.524 JST" Interest="90.050995" Kind="propagation" Navigation="org.eclipse.mylyn.core.model.edges.containment" OriginId="org.eclipse.mylyn.core.model.interest.propagation" StartDate="2014-11-09 08:37:52.727 JST" StructureHandle="" StructureKind="java" NumEvents="99" CreationCount="1"/><InteractionEvent Delta="null" EndDate="2014-11-09 08:57:19.490 JST" Interest="2.0" Kind="propagation" Navigation="null" OriginId="org.eclipse.jdt.ui.PackageExplorer" StartDate="2014-11-09 08:38:19.638 JST" StructureHandle="/SL3/src/sl/main/MainActv.java" StructureKind="resource" NumEvents="2" CreationCount="4"/><InteractionEvent Delta="null" EndDate="2014-11-09 08:38:17.22 JST" Interest="1.0" Kind="selection" Navigation="null" OriginId="org.eclipse.jdt.ui.PackageExplorer" StartDate="2014-11-09 08:38:17.22 JST" StructureHandle="=SL3/src&amp;lt;sl.main" StructureKind="java"/><InteractionEvent Delta="null" EndDate="2014-11-09 08:57:19.492 JST" Interest="1.017" Kind="propagation" Navigation="org.eclipse.mylyn.core.model.edges.containment" OriginId="org.eclipse.mylyn.core.model.interest.propagation" StartDate="2014-11-09 08:38:19.638 JST" StructureHandle="=SL3/src&amp;lt;sl.main" StructureKind="java" NumEvents="2" CreationCount="3"/><InteractionEvent Delta="null" EndDate="2014-11-09 09:05:01.388 JST" Interest="1.0" Kind="prediction" Navigation="null" OriginId="org.eclipse.mylyn.resources.ui.interest.updater" StartDate="2014-11-09 09:05:01.388 JST" StructureHandle="/SL3/bin/classes.dex" StructureKind="resource"/><InteractionEvent Delta="null" EndDate="2014-11-09 08:38:14.712 JST" Interest="1.0" Kind="selection" Navigation="null" OriginId="org.eclipse.jdt.ui.PackageExplorer" StartDate="2014-11-09 08:38:14.712 JST" StructureHandle="=SL3/src" StructureKind="java"/><InteractionEvent Delta="null" EndDate="2014-11-09 09:22:07.569 JST" Interest="38.865" Kind="propagation" Navigation="org.eclipse.mylyn.core.model.edges.containment" OriginId="org.eclipse.mylyn.core.model.interest.propagation" StartDate="2014-11-09 08:38:17.22 JST" StructureHandle="=SL3/src" StructureKind="java" NumEvents="60" CreationCount="2"/><InteractionEvent Delta="null" EndDate="2014-11-09 09:22:07.567 JST" Interest="53.0" Kind="edit" Navigation="null" OriginId="org.eclipse.jdt.ui.CompilationUnitEditor" StartDate="2014-11-09 09:04:14.55 JST" StructureHandle="=SL3/src&amp;lt;sl3.utils{Methods.java[Methods~delete_FromList_Tab2~QActivity;~QDialog;~QSI;" StructureKind="java" NumEvents="53" CreationCount="47"/><InteractionEvent Delta="null" EndDate="2014-11-09 09:16:11.235 JST" Interest="2.0" Kind="selection" Navigation="null" OriginId="org.eclipse.jdt.ui.CompilationUnitEditor" StartDate="2014-11-09 09:04:12.44 JST" StructureHandle="=SL3/src&amp;lt;sl3.utils{Methods.java[Methods~delete_FromList_Tab2~QActivity;~QDialog;~QSI;" StructureKind="java" NumEvents="2" CreationCount="47"/><InteractionEvent Delta="null" EndDate="2014-11-09 08:57:21.336 JST" Interest="3.017" Kind="propagation" Navigation="null" OriginId="org.eclipse.jdt.ui.PackageExplorer" StartDate="2014-11-09 08:38:17.22 JST" StructureHandle="/SL3/src/sl/main" StructureKind="resource" NumEvents="4" CreationCount="3"/><InteractionEvent Delta="null" EndDate="2014-11-09 09:22:07.568 JST" Interest="39.117" Kind="propagation" Navigation="org.eclipse.mylyn.core.model.edges.containment" OriginId="org.eclipse.mylyn.core.model.interest.propagation" StartDate="2014-11-09 09:04:06.132 JST" StructureHandle="=SL3/src&amp;lt;sl3.utils" StructureKind="java" NumEvents="56" CreationCount="46"/><InteractionEvent Delta="null" EndDate="2014-11-09 09:01:57.217 JST" Interest="1.0" Kind="selection" Navigation="null" OriginId="org.eclipse.jdt.ui.PackageExplorer" StartDate="2014-11-09 09:01:57.217 JST" StructureHandle="=SL3/src&amp;lt;sl3.listeners" StructureKind="java"/><InteractionEvent Delta="null" EndDate="2014-11-09 09:02:45.114 JST" Interest="1.0" Kind="selection" Navigation="null" OriginId="org.eclipse.jdt.ui.PackageExplorer" StartDate="2014-11-09 09:02:45.114 JST" StructureHandle="=SL3/gen" StructureKind="java"/><InteractionEvent Delta="null" EndDate="2014-11-09 09:22:09.524 JST" Interest="111.0" Kind="propagation" Navigation="null" OriginId="org.eclipse.jdt.ui.PackageExplorer" StartDate="2014-11-09 08:37:52.727 JST" StructureHandle="/SL3" StructureKind="resource" NumEvents="111" CreationCount="1"/><InteractionEvent Delta="null" EndDate="2014-11-09 08:57:21.335 JST" Interest="1.0" Kind="propagation" Navigation="null" OriginId="org.eclipse.jdt.ui.PackageExplorer" StartDate="2014-11-09 08:57:21.335 JST" StructureHandle="/SL3/src/sl/main/PrefActv.java" StructureKind="resource"/><InteractionEvent Delta="null" EndDate="2014-11-09 08:57:19.490 JST" Interest="2.0" Kind="selection" Navigation="null" OriginId="org.eclipse.jdt.ui.PackageExplorer" StartDate="2014-11-09 08:38:19.638 JST" StructureHandle="=SL3/src&amp;lt;sl.main{MainActv.java" StructureKind="java" NumEvents="2" CreationCount="4"/><InteractionEvent Delta="null" EndDate="2014-11-09 09:03:00.418 JST" Interest="7.0" Kind="edit" Navigation="null" OriginId="com.android.ide.eclipse.editors.CommonXmlEditor" StartDate="2014-11-09 09:02:23.901 JST" StructureHandle="/SL3/res/values/strings.xml" StructureKind="resource" NumEvents="7" CreationCount="10"/><InteractionEvent Delta="null" EndDate="2014-11-09 09:02:57.113 JST" Interest="4.0" Kind="selection" Navigation="null" OriginId="com.android.ide.eclipse.editors.CommonXmlEditor" StartDate="2014-11-09 09:02:14.533 JST" StructureHandle="/SL3/res/values/strings.xml" StructureKind="resource" NumEvents="4" CreationCount="10"/><InteractionEvent Delta="null" EndDate="2014-11-09 09:22:07.567 JST" Interest="57.0" Kind="propagation" Navigation="org.eclipse.mylyn.core.model.edges.containment" OriginId="org.eclipse.mylyn.core.model.interest.propagation" StartDate="2014-11-09 09:04:06.131 JST" StructureHandle="/SL3/src/sl3/utils" StructureKind="resource" NumEvents="57" CreationCount="46"/><InteractionEvent Delta="null" EndDate="2014-11-09 09:22:07.567 JST" Interest="57.0" Kind="propagation" Navigation="null" OriginId="org.eclipse.jdt.ui.CompilationUnitEditor" StartDate="2014-11-09 09:04:06.131 JST" StructureHandle="/SL3/src/sl3/utils/Methods.java" StructureKind="resource" NumEvents="57" CreationCount="46"/><InteractionEvent Delta="null" EndDate="2014-11-09 09:16:11.174 JST" Interest="2.0" Kind="selection" Navigation="null" OriginId="org.eclipse.jdt.ui.CompilationUnitEditor" StartDate="2014-11-09 09:04:06.131 JST" StructureHandle="=SL3/src&amp;lt;sl3.utils{Methods.java" StructureKind="java" NumEvents="2" CreationCount="46"/><InteractionEvent Delta="null" EndDate="2014-11-09 09:22:07.568 JST" Interest="37.117" Kind="propagation" Navigation="org.eclipse.mylyn.core.model.edges.containment" OriginId="org.eclipse.mylyn.core.model.interest.propagation" StartDate="2014-11-09 09:04:12.63 JST" StructureHandle="=SL3/src&amp;lt;sl3.utils{Methods.java" StructureKind="java" NumEvents="54" CreationCount="46"/><InteractionEvent Delta="null" EndDate="2014-11-09 09:22:09.514 JST" Interest="28.0" Kind="propagation" Navigation="null" OriginId="org.eclipse.jdt.ui.PackageExplorer" StartDate="2014-11-09 09:02:48.991 JST" StructureHandle="/SL3/src/sl3/listeners/dialog/DOI_CL.java" StructureKind="resource" NumEvents="28" CreationCount="20"/><InteractionEvent Delta="null" EndDate="2014-11-09 09:02:46.799 JST" Interest="1.0" Kind="selection" Navigation="null" OriginId="org.eclipse.jdt.ui.PackageExplorer" StartDate="2014-11-09 09:02:46.799 JST" StructureHandle="=SL3/src&amp;lt;sl3.listeners.dialog" StructureKind="java"/><InteractionEvent Delta="null" EndDate="2014-11-09 09:22:09.515 JST" Interest="16.819002" Kind="propagation" Navigation="org.eclipse.mylyn.core.model.edges.containment" OriginId="org.eclipse.mylyn.core.model.interest.propagation" StartDate="2014-11-09 09:02:48.991 JST" StructureHandle="=SL3/src&amp;lt;sl3.listeners.dialog" StructureKind="java" NumEvents="25" CreationCount="19"/><InteractionEvent Delta="null" EndDate="2014-11-09 09:22:09.514 JST" Interest="28.017" Kind="propagation" Navigation="org.eclipse.mylyn.core.model.edges.containment" OriginId="org.eclipse.mylyn.core.model.interest.propagation" StartDate="2014-11-09 09:02:46.799 JST" StructureHandle="/SL3/src/sl3/listeners/dialog" StructureKind="resource" NumEvents="29" CreationCount="19"/><InteractionEvent Delta="null" EndDate="2014-11-09 09:01:59.811 JST" Interest="1.0" Kind="selection" Navigation="null" OriginId="org.eclipse.jdt.ui.PackageExplorer" StartDate="2014-11-09 09:01:59.811 JST" StructureHandle="/SL3/res" StructureKind="resource"/><InteractionEvent Delta="null" EndDate="2014-11-09 09:03:00.419 JST" Interest="7.9339995" Kind="propagation" Navigation="org.eclipse.mylyn.core.model.edges.containment" OriginId="org.eclipse.mylyn.core.model.interest.propagation" StartDate="2014-11-09 09:02:12.746 JST" StructureHandle="/SL3/res" StructureKind="resource" NumEvents="12" CreationCount="8"/><InteractionEvent Delta="null" EndDate="2014-11-09 08:57:21.334 JST" Interest="1.0" Kind="selection" Navigation="null" OriginId="org.eclipse.jdt.ui.PackageExplorer" StartDate="2014-11-09 08:57:21.334 JST" StructureHandle="=SL3/src&amp;lt;sl.main{PrefActv.java" StructureKind="java"/><InteractionEvent Delta="null" EndDate="2014-11-09 09:22:09.515 JST" Interest="90.034" Kind="propagation" Navigation="null" OriginId="org.eclipse.jdt.ui.PackageExplorer" StartDate="2014-11-09 08:38:14.712 JST" StructureHandle="/SL3/src" StructureKind="resource" NumEvents="92" CreationCount="2"/><InteractionEvent Delta="null" EndDate="2014-11-09 09:05:01.388 JST" Interest="1.0" Kind="prediction" Navigation="null" OriginId="org.eclipse.mylyn.resources.ui.interest.updater" StartDate="2014-11-09 09:05:01.388 JST" StructureHandle="/SL3/bin/SL3.apk" StructureKind="resource"/><InteractionEvent Delta="null" EndDate="2014-11-09 08:57:21.336 JST" Interest="3.0169997" Kind="propagation" Navigation="org.eclipse.mylyn.core.model.edges.containment" OriginId="org.eclipse.mylyn.core.model.interest.propagation" StartDate="2014-11-09 08:38:17.22 JST" StructureHandle="/SL3/src/sl" StructureKind="resource" NumEvents="4" CreationCount="3"/><InteractionEvent Delta="null" EndDate="2014-11-09 09:22:09.524 JST" Interest="111.0" Kind="propagation" Navigation="org.eclipse.mylyn.core.model.edges.containment" OriginId="org.eclipse.mylyn.core.model.interest.propagation" StartDate="2014-11-09 08:37:52.727 JST" StructureHandle="/" StructureKind="resource" NumEvents="111" CreationCount="1"/><InteractionEvent Delta="null" EndDate="2014-11-09 09:02:12.746 JST" Interest="1.0" Kind="selection" Navigation="null" OriginId="org.eclipse.jdt.ui.PackageExplorer" StartDate="2014-11-09 09:02:12.746 JST" StructureHandle="/SL3/res/values" StructureKind="resource"/><InteractionEvent Delta="null" EndDate="2014-11-09 09:03:00.419 JST" Interest="7.917" Kind="propagation" Navigation="org.eclipse.mylyn.core.model.edges.containment" OriginId="org.eclipse.mylyn.core.model.interest.propagation" StartDate="2014-11-09 09:02:14.534 JST" StructureHandle="/SL3/res/values" StructureKind="resource" NumEvents="11" CreationCount="9"/><InteractionEvent Delta="null" EndDate="2014-11-09 09:22:09.514 JST" Interest="5.0" Kind="selection" Navigation="null" OriginId="org.eclipse.jdt.ui.PackageExplorer" StartDate="2014-11-09 09:02:48.991 JST" StructureHandle="=SL3/src&amp;lt;sl3.listeners.dialog{DOI_CL.java" StructureKind="java" NumEvents="5" CreationCount="20"/><InteractionEvent Delta="null" EndDate="2014-11-09 09:16:10.568 JST" Interest="12.802001" Kind="propagation" Navigation="org.eclipse.mylyn.core.model.edges.containment" OriginId="org.eclipse.mylyn.core.model.interest.propagation" StartDate="2014-11-09 09:03:11.996 JST" StructureHandle="=SL3/src&amp;lt;sl3.listeners.dialog{DOI_CL.java" StructureKind="java" NumEvents="19" CreationCount="20"/><InteractionEvent Delta="null" EndDate="2014-11-09 09:22:09.515 JST" Interest="28.221" Kind="propagation" Navigation="org.eclipse.mylyn.core.model.edges.containment" OriginId="org.eclipse.mylyn.core.model.interest.propagation" StartDate="2014-11-09 09:01:57.217 JST" StructureHandle="/SL3/src/sl3/listeners" StructureKind="resource" NumEvents="30" CreationCount="7"/><InteractionEvent Delta="null" EndDate="2014-11-09 09:16:10.567 JST" Interest="16.7" Kind="propagation" Navigation="org.eclipse.mylyn.core.model.edges.containment" OriginId="org.eclipse.mylyn.core.model.interest.propagation" StartDate="2014-11-09 09:03:06.885 JST" StructureHandle="=SL3/src&amp;lt;sl3.listeners.dialog{DOI_CL.java[DOI_CL" StructureKind="java" NumEvents="23" CreationCount="26"/><InteractionEvent Delta="null" EndDate="2014-11-09 09:16:10.566 JST" Interest="21.0" Kind="edit" Navigation="null" OriginId="org.eclipse.jdt.ui.CompilationUnitEditor" StartDate="2014-11-09 09:03:08.844 JST" StructureHandle="=SL3/src&amp;lt;sl3.listeners.dialog{DOI_CL.java[DOI_CL~dlg_tabactv_tab2_lv~QString;" StructureKind="java" NumEvents="21" CreationCount="26"/><InteractionEvent Delta="null" EndDate="2014-11-09 09:04:30.183 JST" Interest="2.0" Kind="selection" Navigation="null" OriginId="org.eclipse.jdt.ui.CompilationUnitEditor" StartDate="2014-11-09 09:03:06.885 JST" StructureHandle="=SL3/src&amp;lt;sl3.listeners.dialog{DOI_CL.java[DOI_CL~dlg_tabactv_tab2_lv~QString;" StructureKind="java" NumEvents="2" CreationCount="26"/><InteractionEvent Delta="null" EndDate="2014-11-09 09:05:01.389 JST" Interest="1.0" Kind="propagation" Navigation="org.eclipse.mylyn.core.model.edges.containment" OriginId="org.eclipse.mylyn.core.model.interest.propagation" StartDate="2014-11-09 09:05:01.389 JST" StructureHandle="/SL3/bin" StructureKind="resource"/><InteractionEvent Delta="null" EndDate="2014-11-09 09:05:01.388 JST" Interest="1.0" Kind="prediction" Navigation="null" OriginId="org.eclipse.mylyn.resources.ui.interest.updater" StartDate="2014-11-09 09:05:01.388 JST" StructureHandle="/SL3/bin/resources.ap_" StructureKind="resource"/><InteractionEvent Delta="null" EndDate="2014-11-09 09:22:07.567 JST" Interest="39.1" Kind="propagation" Navigation="org.eclipse.mylyn.core.model.edges.containment" OriginId="org.eclipse.mylyn.core.model.interest.propagation" StartDate="2014-11-09 09:04:12.45 JST" StructureHandle="=SL3/src&amp;lt;sl3.utils{Methods.java[Methods" StructureKind="java" NumEvents="55" CreationCount="47"/><InteractionEvent Delta="null" EndDate="2014-11-09 09:22:07.567 JST" Interest="57.663" Kind="propagation" Navigation="org.eclipse.mylyn.core.model.edges.containment" OriginId="org.eclipse.mylyn.core.model.interest.propagation" StartDate="2014-11-09 09:01:57.217 JST" StructureHandle="/SL3/src/sl3" StructureKind="resource" NumEvents="60" CreationCount="7"/><InteractionEvent Delta="null" EndDate="2014-11-09 09:02:45.115 JST" Interest="1.0" Kind="propagation" Navigation="null" OriginId="org.eclipse.jdt.ui.PackageExplorer" StartDate="2014-11-09 09:02:45.115 JST" StructureHandle="/SL3/gen" StructureKind="resource"/><InteractionEvent Delta="null" EndDate="2014-11-09 09:22:09.524 JST" Interest="2.0" Kind="selection" Navigation="null" OriginId="org.eclipse.jdt.ui.PackageExplorer" StartDate="2014-11-09 08:37:52.727 JST" StructureHandle="=SL3" StructureKind="java" NumEvents="2" CreationCount="1"/><InteractionEvent Delta="null" EndDate="2014-11-09 09:22:09.515 JST" Interest="88.050995" Kind="propagation" Navigation="org.eclipse.mylyn.core.model.edges.containment" OriginId="org.eclipse.mylyn.core.model.interest.propagation" StartDate="2014-11-09 08:38:14.712 JST" StructureHandle="=SL3" StructureKind="resource" NumEvents="96" CreationCount="1"/></InteractionHistory>