<?xml version="1.0" encoding="UTF-8"?><InteractionHistory Id="local-103" Version="1"><InteractionEvent Delta="null" EndDate="2014-09-26 15:59:45.651 JST" Interest="298.051" Kind="propagation" Navigation="org.eclipse.mylyn.core.model.edges.containment" OriginId="org.eclipse.mylyn.core.model.interest.propagation" StartDate="2014-09-26 15:31:20.709 JST" StructureHandle="" StructureKind="java" NumEvents="308" CreationCount="1"/><InteractionEvent Delta="null" EndDate="2014-09-26 21:56:43.724 JST" Interest="6.2700005" Kind="propagation" Navigation="org.eclipse.mylyn.core.model.edges.containment" OriginId="org.eclipse.mylyn.core.model.interest.propagation" StartDate="2014-09-26 21:50:06.593 JST" StructureHandle="=SL3/src" StructureKind="java" NumEvents="9" CreationCount="1457"/><InteractionEvent Delta="null" EndDate="2014-09-26 21:56:43.724 JST" Interest="23.093" Kind="propagation" Navigation="org.eclipse.mylyn.core.model.edges.containment" OriginId="org.eclipse.mylyn.core.model.interest.propagation" StartDate="2014-09-26 21:20:44.39 JST" StructureHandle="=SL3" StructureKind="resource" NumEvents="23" CreationCount="628"/><InteractionEvent Delta="null" EndDate="2014-09-26 21:47:54.894 JST" Interest="1.0" Kind="selection" Navigation="null" OriginId="org.eclipse.jdt.ui.PackageExplorer" StartDate="2014-09-26 21:47:54.894 JST" StructureHandle="/cm7/res/drawable-xxhdpi" StructureKind="resource"/><InteractionEvent Delta="null" EndDate="2014-09-26 21:31:26.165 JST" Interest="3.0" Kind="selection" Navigation="null" OriginId="org.eclipse.jdt.ui.CompilationUnitEditor" StartDate="2014-09-26 15:38:42.384 JST" StructureHandle="=cm7/src&amp;lt;app.listeners.dialog{DB_OTL.java[DB_OTL~onTouch~QView;~QMotionEvent;" StructureKind="java" NumEvents="3" CreationCount="2"/><InteractionEvent Delta="null" EndDate="2014-09-26 21:31:55.925 JST" Interest="17.0" Kind="edit" Navigation="null" OriginId="org.eclipse.jdt.ui.CompilationUnitEditor" StartDate="2014-09-26 15:38:48.337 JST" StructureHandle="=cm7/src&amp;lt;app.listeners.dialog{DB_OTL.java[DB_OTL~onTouch~QView;~QMotionEvent;" StructureKind="java" NumEvents="17" CreationCount="2"/><InteractionEvent Delta="null" EndDate="2014-09-26 21:31:14.372 JST" Interest="9.907" Kind="manipulation" Navigation="null" OriginId="org.eclipse.mylyn.core.model.interest.decay.correction" StartDate="2014-09-26 21:31:14.372 JST" StructureHandle="=cm7/src&amp;lt;app.listeners.dialog{DB_OTL.java[DB_OTL~onTouch~QView;~QMotionEvent;" StructureKind="java"/><InteractionEvent Delta="null" EndDate="2014-09-26 21:53:54.536 JST" Interest="4.0" Kind="selection" Navigation="null" OriginId="org.eclipse.jdt.ui.CompilationUnitEditor" StartDate="2014-09-26 15:42:08.187 JST" StructureHandle="=cm7/src&amp;lt;app.utils{Methods_dlg.java#java.io.FileFilter" StructureKind="java" NumEvents="4" CreationCount="1"/><InteractionEvent Delta="null" EndDate="2014-09-26 21:53:54.526 JST" Interest="26.744001" Kind="manipulation" Navigation="null" OriginId="org.eclipse.mylyn.core.model.interest.decay.correction" StartDate="2014-09-26 21:53:54.526 JST" StructureHandle="=cm7/src&amp;lt;app.utils{Methods_dlg.java#java.io.FileFilter" StructureKind="java"/><InteractionEvent Delta="null" EndDate="2014-09-26 21:41:01.917 JST" Interest="5.0" Kind="selection" Navigation="null" OriginId="org.eclipse.jdt.ui.CompilationUnitEditor" StartDate="2014-09-26 15:40:52.57 JST" StructureHandle="=cm7/src&amp;lt;app.utils{Methods_dlg.java[Methods_dlg~dlg_ShowMessage_SecondDialog~QActivity;~QString;~QDialog;" StructureKind="java" NumEvents="5" CreationCount="270"/><InteractionEvent Delta="null" EndDate="2014-09-26 21:41:01.926 JST" Interest="10.0" Kind="edit" Navigation="null" OriginId="org.eclipse.jdt.ui.CompilationUnitEditor" StartDate="2014-09-26 15:40:53.845 JST" StructureHandle="=cm7/src&amp;lt;app.utils{Methods_dlg.java[Methods_dlg~dlg_ShowMessage_SecondDialog~QActivity;~QString;~QDialog;" StructureKind="java" NumEvents="10" CreationCount="270"/><InteractionEvent Delta="null" EndDate="2014-09-26 21:41:01.917 JST" Interest="7.842001" Kind="manipulation" Navigation="null" OriginId="org.eclipse.mylyn.core.model.interest.decay.correction" StartDate="2014-09-26 21:41:01.917 JST" StructureHandle="=cm7/src&amp;lt;app.utils{Methods_dlg.java[Methods_dlg~dlg_ShowMessage_SecondDialog~QActivity;~QString;~QDialog;" StructureKind="java"/><InteractionEvent Delta="null" EndDate="2014-09-26 21:14:50.319 JST" Interest="20.017" Kind="propagation" Navigation="org.eclipse.mylyn.core.model.edges.containment" OriginId="org.eclipse.mylyn.core.model.interest.propagation" StartDate="2014-09-26 15:40:21.902 JST" StructureHandle="/TA2/src/ta2/utils" StructureKind="resource" NumEvents="21" CreationCount="244"/><InteractionEvent Delta="null" EndDate="2014-09-26 21:14:50.319 JST" Interest="20.034" Kind="propagation" Navigation="org.eclipse.mylyn.core.model.edges.containment" OriginId="org.eclipse.mylyn.core.model.interest.propagation" StartDate="2014-09-26 15:40:20.615 JST" StructureHandle="/TA2/src/ta2" StructureKind="resource" NumEvents="22" CreationCount="243"/><InteractionEvent Delta="null" EndDate="2014-09-26 15:40:34.112 JST" Interest="3.0" Kind="selection" Navigation="null" OriginId="org.eclipse.jdt.ui.CompilationUnitEditor" StartDate="2014-09-26 15:40:26.943 JST" StructureHandle="=TA2/src&amp;lt;ta2.utils{Methods_dlg.java[Methods_dlg~conf_CreateTable_Patterns~QActivity;~QDialog;~QDialog;" StructureKind="java" NumEvents="3" CreationCount="248"/><InteractionEvent Delta="null" EndDate="2014-09-26 21:59:20.877 JST" Interest="8.0" Kind="prediction" Navigation="null" OriginId="org.eclipse.mylyn.resources.ui.interest.updater" StartDate="2014-09-26 15:33:27.504 JST" StructureHandle="/cm7/bin/classes.dex" StructureKind="resource" NumEvents="8" CreationCount="45"/><InteractionEvent Delta="null" EndDate="2014-09-26 21:48:47.369 JST" Interest="2.0" Kind="selection" Navigation="null" OriginId="org.eclipse.jdt.ui.PackageExplorer" StartDate="2014-09-26 21:48:08.575 JST" StructureHandle="/cm7/res/layout/dlg_confirm_create_folder.xml" StructureKind="resource" NumEvents="2" CreationCount="1356"/><InteractionEvent Delta="null" EndDate="2014-09-26 21:21:05.873 JST" Interest="5.0" Kind="selection" Navigation="null" OriginId="com.android.ide.eclipse.editors.CommonXmlEditor" StartDate="2014-09-26 21:20:27.444 JST" StructureHandle="/cm7/res/values/colors.xml" StructureKind="resource" NumEvents="5" CreationCount="624"/><InteractionEvent Delta="null" EndDate="2014-09-26 21:21:05.924 JST" Interest="9.0" Kind="edit" Navigation="null" OriginId="com.android.ide.eclipse.editors.CommonXmlEditor" StartDate="2014-09-26 21:20:27.497 JST" StructureHandle="/cm7/res/values/colors.xml" StructureKind="resource" NumEvents="9" CreationCount="624"/><InteractionEvent Delta="null" EndDate="2014-09-26 15:34:14.196 JST" Interest="3.0" Kind="selection" Navigation="null" OriginId="org.eclipse.jdt.ui.CompilationUnitEditor" StartDate="2014-09-26 15:34:12.920 JST" StructureHandle="=cm7/src&amp;lt;app.utils{Methods_dlg.java[Methods_dlg~dlg_Move_AI~QActivity;~QDialog;~QAI;~I" StructureKind="java" NumEvents="3" CreationCount="48"/><InteractionEvent Delta="null" EndDate="2014-09-26 21:59:15.439 JST" Interest="147.0" Kind="propagation" Navigation="null" OriginId="org.eclipse.jdt.ui.CompilationUnitEditor" StartDate="2014-09-26 15:39:07.209 JST" StructureHandle="/cm7/src/app/listeners/dialog/DB_OCL.java" StructureKind="resource" NumEvents="147" CreationCount="201"/><InteractionEvent Delta="null" EndDate="2014-09-26 21:50:09.94 JST" Interest="1.0" Kind="selection" Navigation="null" OriginId="org.eclipse.jdt.ui.CompilationUnitEditor" StartDate="2014-09-26 21:50:09.94 JST" StructureHandle="=SL3/src&amp;lt;sl3.utils{Methods_dlg.java[Methods_dlg~dlg_LoadToBuyList~QActivity;~QDialog;" StructureKind="java"/><InteractionEvent Delta="null" EndDate="2014-09-26 21:50:18.809 JST" Interest="6.0" Kind="edit" Navigation="null" OriginId="org.eclipse.jdt.ui.CompilationUnitEditor" StartDate="2014-09-26 21:50:10.144 JST" StructureHandle="=SL3/src&amp;lt;sl3.utils{Methods_dlg.java[Methods_dlg~dlg_LoadToBuyList~QActivity;~QDialog;" StructureKind="java" NumEvents="6" CreationCount="1458"/><InteractionEvent Delta="null" EndDate="2014-09-26 21:11:29.306 JST" Interest="1.0" Kind="selection" Navigation="null" OriginId="org.eclipse.ui.views.ContentOutline" StartDate="2014-09-26 21:11:29.306 JST" StructureHandle="=cm7/src&amp;lt;app.utils{Methods_dlg.java[Methods_dlg~dlg_IsEmpty~QActivity;~QDialog;" StructureKind="java"/><InteractionEvent Delta="null" EndDate="2014-09-26 21:13:27.581 JST" Interest="4.0" Kind="edit" Navigation="null" OriginId="org.eclipse.jdt.ui.CompilationUnitEditor" StartDate="2014-09-26 21:11:30.0 JST" StructureHandle="=cm7/src&amp;lt;app.utils{Methods_dlg.java[Methods_dlg~dlg_IsEmpty~QActivity;~QDialog;" StructureKind="java" NumEvents="4" CreationCount="482"/><InteractionEvent Delta="null" EndDate="2014-09-26 21:37:32.998 JST" Interest="1.0" Kind="selection" Navigation="null" OriginId="org.eclipse.jdt.ui.CompilationUnitEditor" StartDate="2014-09-26 21:37:32.998 JST" StructureHandle="=cm7/src&amp;lt;app.utils{Methods_dlg.java[Methods_dlg~dlg_ShowMessage~QActivity;~QString;~I" StructureKind="java"/><InteractionEvent Delta="null" EndDate="2014-09-26 21:37:42.178 JST" Interest="7.0" Kind="edit" Navigation="null" OriginId="org.eclipse.jdt.ui.CompilationUnitEditor" StartDate="2014-09-26 21:37:33.19 JST" StructureHandle="=cm7/src&amp;lt;app.utils{Methods_dlg.java[Methods_dlg~dlg_ShowMessage~QActivity;~QString;~I" StructureKind="java" NumEvents="7" CreationCount="1186"/><InteractionEvent Delta="null" EndDate="2014-09-26 21:23:37.767 JST" Interest="2.0" Kind="selection" Navigation="null" OriginId="org.eclipse.jdt.ui.CompilationUnitEditor" StartDate="2014-09-26 21:23:30.187 JST" StructureHandle="=cm7/src&amp;lt;app.listeners.dialog{DOI_CL.java[DOI_CL" StructureKind="java" NumEvents="2" CreationCount="62"/><InteractionEvent Delta="null" EndDate="2014-09-26 21:53:33.91 JST" Interest="84.93" Kind="propagation" Navigation="org.eclipse.mylyn.core.model.edges.containment" OriginId="org.eclipse.mylyn.core.model.interest.propagation" StartDate="2014-09-26 15:34:35.956 JST" StructureHandle="=cm7/src&amp;lt;app.listeners.dialog{DOI_CL.java[DOI_CL" StructureKind="java" NumEvents="113" CreationCount="62"/><InteractionEvent Delta="null" EndDate="2014-09-26 21:27:46.583 JST" Interest="3.0" Kind="selection" Navigation="null" OriginId="org.eclipse.jdt.ui.CompilationUnitEditor" StartDate="2014-09-26 21:27:42.113 JST" StructureHandle="=cm7/src&amp;lt;app.utils{Methods_dlg.java[Methods_dlg~dlg_ShowMessage~QActivity;~QString;" StructureKind="java" NumEvents="3" CreationCount="823"/><InteractionEvent Delta="null" EndDate="2014-09-26 21:31:01.374 JST" Interest="2.0" Kind="selection" Navigation="null" OriginId="org.eclipse.jdt.ui.CompilationUnitEditor" StartDate="2014-09-26 21:30:59.705 JST" StructureHandle="=cm7/src&amp;lt;app.listeners.dialog{DB_OTL.java[DB_OTL^d4" StructureKind="java" NumEvents="2" CreationCount="968"/><InteractionEvent Delta="null" EndDate="2014-09-26 21:50:18.809 JST" Interest="5.2" Kind="propagation" Navigation="org.eclipse.mylyn.core.model.edges.containment" OriginId="org.eclipse.mylyn.core.model.interest.propagation" StartDate="2014-09-26 21:50:09.94 JST" StructureHandle="=SL3/src&amp;lt;sl3.utils{Methods_dlg.java[Methods_dlg" StructureKind="java" NumEvents="7" CreationCount="1458"/><InteractionEvent Delta="null" EndDate="2014-09-26 21:19:47.293 JST" Interest="2.0" Kind="selection" Navigation="null" OriginId="org.eclipse.ui.views.ResourceNavigator" StartDate="2014-09-26 15:40:17.365 JST" StructureHandle="=IFM10" StructureKind="java" NumEvents="2" CreationCount="80"/><InteractionEvent Delta="null" EndDate="2014-09-26 21:19:47.293 JST" Interest="8.044001" Kind="manipulation" Navigation="null" OriginId="org.eclipse.mylyn.core.model.interest.decay.correction" StartDate="2014-09-26 21:19:47.293 JST" StructureHandle="=IFM10" StructureKind="java"/><InteractionEvent Delta="null" EndDate="2014-09-26 21:22:54.776 JST" Interest="1.0" Kind="selection" Navigation="null" OriginId="org.eclipse.jdt.ui.CompilationUnitEditor" StartDate="2014-09-26 21:22:54.776 JST" StructureHandle="=cm7/src&amp;lt;app.listeners.dialog{DOI_CL.java[DOI_CL~DOI_CL~QActivity;~QDialog;~QDialog;~QWordPattern;" StructureKind="java"/><InteractionEvent Delta="null" EndDate="2014-09-26 21:22:58.818 JST" Interest="3.0" Kind="edit" Navigation="null" OriginId="org.eclipse.jdt.ui.CompilationUnitEditor" StartDate="2014-09-26 21:22:55.709 JST" StructureHandle="=cm7/src&amp;lt;app.listeners.dialog{DOI_CL.java[DOI_CL~DOI_CL~QActivity;~QDialog;~QDialog;~QWordPattern;" StructureKind="java" NumEvents="3" CreationCount="708"/><InteractionEvent Delta="null" EndDate="2014-09-26 21:21:07.897 JST" Interest="6.1" Kind="propagation" Navigation="org.eclipse.mylyn.core.model.edges.containment" OriginId="org.eclipse.mylyn.core.model.interest.propagation" StartDate="2014-09-26 21:20:08.694 JST" StructureHandle="=IFM11" StructureKind="java" NumEvents="7" CreationCount="620"/><InteractionEvent Delta="null" EndDate="2014-09-26 21:48:03.61 JST" Interest="1.0" Kind="propagation" Navigation="null" OriginId="org.eclipse.mylyn.resources.ui.interest.updater" StartDate="2014-09-26 21:48:03.61 JST" StructureHandle="/cm7/res/drawable/general_ib_ball_yellow_48x48.png" StructureKind="resource"/><InteractionEvent Delta="null" EndDate="2014-09-26 21:14:50.319 JST" Interest="20.0" Kind="propagation" Navigation="null" OriginId="org.eclipse.ui.views.ContentOutline" StartDate="2014-09-26 15:40:24.126 JST" StructureHandle="/TA2/src/ta2/utils/Methods_dlg.java" StructureKind="resource" NumEvents="20" CreationCount="245"/><InteractionEvent Delta="null" EndDate="2014-09-26 21:19:43.952 JST" Interest="2.0" Kind="propagation" Navigation="null" OriginId="org.eclipse.ui.views.ResourceNavigator" StartDate="2014-09-26 21:08:51.145 JST" StructureHandle="/cm7/src/app/listeners/button" StructureKind="resource" NumEvents="2" CreationCount="417"/><InteractionEvent Delta="null" EndDate="2014-09-26 21:19:43.952 JST" Interest="2.2810001" Kind="manipulation" Navigation="null" OriginId="org.eclipse.mylyn.core.model.interest.decay.correction" StartDate="2014-09-26 21:19:43.952 JST" StructureHandle="/cm7/src/app/listeners/button" StructureKind="resource"/><InteractionEvent Delta="null" EndDate="2014-09-26 21:22:25.209 JST" Interest="1.0" Kind="selection" Navigation="null" OriginId="org.eclipse.jdt.ui.CompilationUnitEditor" StartDate="2014-09-26 21:22:25.209 JST" StructureHandle="=cm7/src&amp;lt;app.utils{Tags.java[Tags[DialogItemTags^DLG_LAB" StructureKind="java"/><InteractionEvent Delta="null" EndDate="2014-09-26 21:49:54.199 JST" Interest="1.0" Kind="selection" Navigation="null" OriginId="org.eclipse.ui.views.ResourceNavigator" StartDate="2014-09-26 21:49:54.199 JST" StructureHandle="/SL3/res/drawable/general_ib_ball_red_bg_black_32x32.png" StructureKind="resource"/><InteractionEvent Delta="null" EndDate="2014-09-26 21:56:51.433 JST" Interest="13.0" Kind="selection" Navigation="null" OriginId="org.eclipse.jdt.ui.PackageExplorer" StartDate="2014-09-26 21:46:37.472 JST" StructureHandle="/cm7/res/layout/dlg_tmpl_cancel_lv_with_btn_3.xml" StructureKind="resource" NumEvents="13" CreationCount="1325"/><InteractionEvent Delta="null" EndDate="2014-09-26 21:46:32.986 JST" Interest="1.0" Kind="propagation" Navigation="null" OriginId="org.eclipse.mylyn.resources.ui.interest.updater" StartDate="2014-09-26 21:46:32.986 JST" StructureHandle="/cm7/res/layout/dlg_tmpl_cancel_lv_with_btn_3.xml" StructureKind="resource"/><InteractionEvent Delta="null" EndDate="2014-09-26 21:55:13.588 JST" Interest="27.0" Kind="edit" Navigation="null" OriginId="com.android.ide.eclipse.editors.CommonXmlEditor" StartDate="2014-09-26 21:46:41.655 JST" StructureHandle="/cm7/res/layout/dlg_tmpl_cancel_lv_with_btn_3.xml" StructureKind="resource" NumEvents="27" CreationCount="1325"/><InteractionEvent Delta="null" EndDate="2014-09-26 21:33:11.92 JST" Interest="1.0" Kind="selection" Navigation="null" OriginId="org.eclipse.jdt.ui.CompilationUnitEditor" StartDate="2014-09-26 21:33:11.92 JST" StructureHandle="=cm7/src&amp;lt;app.listeners.dialog{DB_OCL.java[DB_OCL^d4" StructureKind="java"/><InteractionEvent Delta="null" EndDate="2014-09-26 21:41:46.636 JST" Interest="12.594001" Kind="propagation" Navigation="org.eclipse.mylyn.core.model.edges.containment" OriginId="org.eclipse.mylyn.core.model.interest.propagation" StartDate="2014-09-26 21:20:44.38 JST" StructureHandle="/SL3/res/values" StructureKind="resource" NumEvents="9" CreationCount="628"/><InteractionEvent Delta="null" EndDate="2014-09-26 21:59:16.231 JST" Interest="1782.051" Kind="propagation" Navigation="org.eclipse.mylyn.core.model.edges.containment" OriginId="org.eclipse.mylyn.core.model.interest.propagation" StartDate="2014-09-26 15:31:20.709 JST" StructureHandle="/" StructureKind="resource" NumEvents="1785" CreationCount="1"/><InteractionEvent Delta="null" EndDate="2014-09-26 21:18:38.177 JST" Interest="9.0" Kind="selection" Navigation="null" OriginId="com.android.ide.eclipse.editors.CommonXmlEditor" StartDate="2014-09-26 15:31:20.708 JST" StructureHandle="/cm7/res/values/strings.xml" StructureKind="resource" NumEvents="9" CreationCount="1"/><InteractionEvent Delta="null" EndDate="2014-09-26 21:18:41.288 JST" Interest="43.0" Kind="edit" Navigation="null" OriginId="com.android.ide.eclipse.editors.CommonXmlEditor" StartDate="2014-09-26 15:31:20.793 JST" StructureHandle="/cm7/res/values/strings.xml" StructureKind="resource" NumEvents="43" CreationCount="1"/><InteractionEvent Delta="null" EndDate="2014-09-26 21:34:46.973 JST" Interest="8.0" Kind="selection" Navigation="null" OriginId="org.eclipse.jdt.ui.CompilationUnitEditor" StartDate="2014-09-26 21:28:59.793 JST" StructureHandle="=cm7/src&amp;lt;app.utils{Methods_dlg.java[Methods_dlg~dlg_Template_Cancel_4TH_Dialog~QActivity;~QDialog;~QDialog;~QDialog;~I~I~I~QTags.DialogTags;" StructureKind="java" NumEvents="8" CreationCount="878"/><InteractionEvent Delta="null" EndDate="2014-09-26 21:33:26.194 JST" Interest="53.0" Kind="edit" Navigation="null" OriginId="org.eclipse.jdt.ui.CompilationUnitEditor" StartDate="2014-09-26 21:28:59.800 JST" StructureHandle="=cm7/src&amp;lt;app.utils{Methods_dlg.java[Methods_dlg~dlg_Template_Cancel_4TH_Dialog~QActivity;~QDialog;~QDialog;~QDialog;~I~I~I~QTags.DialogTags;" StructureKind="java" NumEvents="53" CreationCount="878"/><InteractionEvent Delta="null" EndDate="2014-09-26 21:59:20.877 JST" Interest="3.0" Kind="prediction" Navigation="null" OriginId="org.eclipse.mylyn.resources.ui.interest.updater" StartDate="2014-09-26 15:33:27.504 JST" StructureHandle="/cm7/bin/resources.ap_" StructureKind="resource" NumEvents="3" CreationCount="112"/><InteractionEvent Delta="null" EndDate="2014-09-26 21:14:56.353 JST" Interest="18.0" Kind="selection" Navigation="null" OriginId="org.eclipse.jdt.ui.CompilationUnitEditor" StartDate="2014-09-26 15:35:47.773 JST" StructureHandle="=cm7/src&amp;lt;app.utils{Methods_dlg.java[Methods_dlg~conf_Restore_DB~QActivity;~QDialog;" StructureKind="java" NumEvents="18" CreationCount="97"/><InteractionEvent Delta="null" EndDate="2014-09-26 21:07:04.651 JST" Interest="80.0" Kind="edit" Navigation="null" OriginId="org.eclipse.jdt.ui.CompilationUnitEditor" StartDate="2014-09-26 15:35:52.95 JST" StructureHandle="=cm7/src&amp;lt;app.utils{Methods_dlg.java[Methods_dlg~conf_Restore_DB~QActivity;~QDialog;" StructureKind="java" NumEvents="80" CreationCount="97"/><InteractionEvent Delta="null" EndDate="2014-09-26 21:49:54.197 JST" Interest="1.0" Kind="selection" Navigation="null" OriginId="org.eclipse.ui.views.ResourceNavigator" StartDate="2014-09-26 21:49:54.197 JST" StructureHandle="/SL3/res/drawable/general_ib_ball_green_48x48.png" StructureKind="resource"/><InteractionEvent Delta="null" EndDate="2014-09-26 21:14:25.617 JST" Interest="5.0" Kind="selection" Navigation="null" OriginId="org.eclipse.jdt.ui.CompilationUnitEditor" StartDate="2014-09-26 15:40:24.125 JST" StructureHandle="=TA2/src&amp;lt;ta2.utils{Methods_dlg.java" StructureKind="java" NumEvents="5" CreationCount="245"/><InteractionEvent Delta="null" EndDate="2014-09-26 15:40:43.590 JST" Interest="3.1680002" Kind="propagation" Navigation="org.eclipse.mylyn.core.model.edges.containment" OriginId="org.eclipse.mylyn.core.model.interest.propagation" StartDate="2014-09-26 15:40:34.111 JST" StructureHandle="=TA2/src&amp;lt;ta2.utils{Methods_dlg.java" StructureKind="java" NumEvents="7" CreationCount="245"/><InteractionEvent Delta="null" EndDate="2014-09-26 15:40:34.158 JST" Interest="3.0" Kind="selection" Navigation="null" OriginId="org.eclipse.jdt.ui.CompilationUnitEditor" StartDate="2014-09-26 15:40:33.988 JST" StructureHandle="=TA2/src&amp;lt;ta2.utils{Methods_dlg.java[Methods_dlg~dlg_ShowMessage_SecondDialog~QActivity;~QString;~QDialog;" StructureKind="java" NumEvents="3" CreationCount="249"/><InteractionEvent Delta="null" EndDate="2014-09-26 15:40:38.186 JST" Interest="3.0" Kind="edit" Navigation="null" OriginId="org.eclipse.jdt.ui.CompilationUnitEditor" StartDate="2014-09-26 15:40:34.612 JST" StructureHandle="=TA2/src&amp;lt;ta2.utils{Methods_dlg.java[Methods_dlg~dlg_ShowMessage_SecondDialog~QActivity;~QString;~QDialog;" StructureKind="java" NumEvents="3" CreationCount="249"/><InteractionEvent Delta="null" EndDate="2014-09-26 21:19:43.951 JST" Interest="2.0" Kind="selection" Navigation="null" OriginId="org.eclipse.ui.views.ResourceNavigator" StartDate="2014-09-26 21:08:51.145 JST" StructureHandle="=cm7/src&amp;lt;app.listeners.button" StructureKind="java" NumEvents="2" CreationCount="417"/><InteractionEvent Delta="null" EndDate="2014-09-26 21:19:43.951 JST" Interest="2.2640002" Kind="manipulation" Navigation="null" OriginId="org.eclipse.mylyn.core.model.interest.decay.correction" StartDate="2014-09-26 21:19:43.951 JST" StructureHandle="=cm7/src&amp;lt;app.listeners.button" StructureKind="java"/><InteractionEvent Delta="null" EndDate="2014-09-26 21:48:31.482 JST" Interest="17.0" Kind="selection" Navigation="null" OriginId="org.eclipse.jdt.ui.CompilationUnitEditor" StartDate="2014-09-26 15:35:42.610 JST" StructureHandle="=cm7/src&amp;lt;app.utils{Methods_dlg.java[Methods_dlg" StructureKind="java" NumEvents="17" CreationCount="25"/><InteractionEvent Delta="null" EndDate="2014-09-26 21:58:08.634 JST" Interest="359.305" Kind="propagation" Navigation="org.eclipse.mylyn.core.model.edges.containment" OriginId="org.eclipse.mylyn.core.model.interest.propagation" StartDate="2014-09-26 15:32:54.112 JST" StructureHandle="=cm7/src&amp;lt;app.utils{Methods_dlg.java[Methods_dlg" StructureKind="java" NumEvents="499" CreationCount="25"/><InteractionEvent Delta="null" EndDate="2014-09-26 21:48:32.392 JST" Interest="10.0" Kind="edit" Navigation="null" OriginId="org.eclipse.jdt.ui.CompilationUnitEditor" StartDate="2014-09-26 15:35:44.839 JST" StructureHandle="=cm7/src&amp;lt;app.utils{Methods_dlg.java[Methods_dlg" StructureKind="java" NumEvents="10" CreationCount="25"/><InteractionEvent Delta="null" EndDate="2014-09-26 21:59:15.849 JST" Interest="466.0" Kind="propagation" Navigation="org.eclipse.mylyn.core.model.edges.containment" OriginId="org.eclipse.mylyn.core.model.interest.propagation" StartDate="2014-09-26 15:31:49.517 JST" StructureHandle="/cm7/src/app/listeners" StructureKind="resource" NumEvents="466" CreationCount="4"/><InteractionEvent Delta="null" EndDate="2014-09-26 15:35:31.88 JST" Interest="3.0" Kind="selection" Navigation="null" OriginId="org.eclipse.jdt.ui.CompilationUnitEditor" StartDate="2014-09-26 15:35:27.186 JST" StructureHandle="=cm7/src&amp;lt;app.utils{Methods_dlg.java[Methods_dlg~dlg_Admin_Patterns_PlayActv_Option~QActivity;" StructureKind="java" NumEvents="3" CreationCount="83"/><InteractionEvent Delta="null" EndDate="2014-09-26 21:07:21.566 JST" Interest="6.0" Kind="selection" Navigation="null" OriginId="org.eclipse.jdt.ui.CompilationUnitEditor" StartDate="2014-09-26 15:34:35.956 JST" StructureHandle="=cm7/src&amp;lt;app.listeners.dialog{DOI_CL.java[DOI_CL~case_DLG_DB_ADMIN_LV~QListItem;" StructureKind="java" NumEvents="6" CreationCount="62"/><InteractionEvent Delta="null" EndDate="2014-09-26 21:07:00.774 JST" Interest="11.0" Kind="edit" Navigation="null" OriginId="org.eclipse.jdt.ui.CompilationUnitEditor" StartDate="2014-09-26 15:43:31.878 JST" StructureHandle="=cm7/src&amp;lt;app.listeners.dialog{DOI_CL.java[DOI_CL~case_DLG_DB_ADMIN_LV~QListItem;" StructureKind="java" NumEvents="11" CreationCount="62"/><InteractionEvent Delta="null" EndDate="2014-09-26 15:43:29.525 JST" Interest="3.7260003" Kind="manipulation" Navigation="null" OriginId="org.eclipse.mylyn.core.model.interest.decay.correction" StartDate="2014-09-26 15:43:29.525 JST" StructureHandle="=cm7/src&amp;lt;app.listeners.dialog{DOI_CL.java[DOI_CL~case_DLG_DB_ADMIN_LV~QListItem;" StructureKind="java"/><InteractionEvent Delta="null" EndDate="2014-09-26 21:29:32.954 JST" Interest="9.0" Kind="selection" Navigation="null" OriginId="org.eclipse.jdt.ui.CompilationUnitEditor" StartDate="2014-09-26 21:10:00.177 JST" StructureHandle="=cm7/src&amp;lt;app.utils{Methods_dlg.java[Methods_dlg~dlg_Template_Cancel_ThirdDialog~QActivity;~QDialog;~QDialog;~I~I~I~QTags.DialogTags;" StructureKind="java" NumEvents="9" CreationCount="433"/><InteractionEvent Delta="null" EndDate="2014-09-26 21:29:32.965 JST" Interest="11.0" Kind="edit" Navigation="null" OriginId="org.eclipse.jdt.ui.CompilationUnitEditor" StartDate="2014-09-26 21:10:00.893 JST" StructureHandle="=cm7/src&amp;lt;app.utils{Methods_dlg.java[Methods_dlg~dlg_Template_Cancel_ThirdDialog~QActivity;~QDialog;~QDialog;~I~I~I~QTags.DialogTags;" StructureKind="java" NumEvents="11" CreationCount="433"/><InteractionEvent Delta="null" EndDate="2014-09-26 21:27:46.489 JST" Interest="2.2300005" Kind="manipulation" Navigation="null" OriginId="org.eclipse.mylyn.core.model.interest.decay.correction" StartDate="2014-09-26 21:27:46.489 JST" StructureHandle="=cm7/src&amp;lt;app.utils{Methods_dlg.java[Methods_dlg~dlg_Template_Cancel_ThirdDialog~QActivity;~QDialog;~QDialog;~I~I~I~QTags.DialogTags;" StructureKind="java"/><InteractionEvent Delta="null" EndDate="2014-09-26 21:28:38.367 JST" Interest="1.0" Kind="selection" Navigation="null" OriginId="org.eclipse.jdt.ui.CompilationUnitEditor" StartDate="2014-09-26 21:28:38.367 JST" StructureHandle="=cm7/src&amp;lt;app.utils{Methods_dlg.java[Methods_dlg~dlg_Template_OkCancel_SecondDialog~QActivity;~QDialog;~I~I~I~QDialogTags;~I~QDialogTags;" StructureKind="java"/><InteractionEvent Delta="null" EndDate="2014-09-26 21:28:40.192 JST" Interest="2.0" Kind="edit" Navigation="null" OriginId="org.eclipse.jdt.ui.CompilationUnitEditor" StartDate="2014-09-26 21:28:39.319 JST" StructureHandle="=cm7/src&amp;lt;app.utils{Methods_dlg.java[Methods_dlg~dlg_Template_OkCancel_SecondDialog~QActivity;~QDialog;~I~I~I~QDialogTags;~I~QDialogTags;" StructureKind="java" NumEvents="2" CreationCount="864"/><InteractionEvent Delta="null" EndDate="2014-09-26 21:31:26.97 JST" Interest="3.0" Kind="selection" Navigation="null" OriginId="org.eclipse.jdt.ui.CompilationUnitEditor" StartDate="2014-09-26 15:38:40.549 JST" StructureHandle="=cm7/src&amp;lt;app.listeners.dialog{DB_OTL.java" StructureKind="java" NumEvents="3" CreationCount="244"/><InteractionEvent Delta="null" EndDate="2014-09-26 21:31:05.209 JST" Interest="26.168001" Kind="propagation" Navigation="org.eclipse.mylyn.core.model.edges.containment" OriginId="org.eclipse.mylyn.core.model.interest.propagation" StartDate="2014-09-26 15:38:41.472 JST" StructureHandle="=cm7/src&amp;lt;app.listeners.dialog{DB_OTL.java" StructureKind="java" NumEvents="43" CreationCount="244"/><InteractionEvent Delta="null" EndDate="2014-09-26 21:29:58.725 JST" Interest="5.130001" Kind="manipulation" Navigation="null" OriginId="org.eclipse.mylyn.core.model.interest.decay.correction" StartDate="2014-09-26 21:29:58.725 JST" StructureHandle="=cm7/src&amp;lt;app.listeners.dialog{DB_OTL.java" StructureKind="java"/><InteractionEvent Delta="null" EndDate="2014-09-26 21:49:54.198 JST" Interest="1.0" Kind="selection" Navigation="null" OriginId="org.eclipse.ui.views.ResourceNavigator" StartDate="2014-09-26 21:49:54.198 JST" StructureHandle="/SL3/res/drawable/general_ib_ball_purple_48x48.png" StructureKind="resource"/><InteractionEvent Delta="null" EndDate="2014-09-26 21:59:07.112 JST" Interest="11.0" Kind="selection" Navigation="null" OriginId="org.eclipse.jdt.ui.CompilationUnitEditor" StartDate="2014-09-26 15:39:12.306 JST" StructureHandle="=cm7/src&amp;lt;app.listeners.dialog{DB_OCL.java[DB_OCL~onClick~QView;" StructureKind="java" NumEvents="11" CreationCount="246"/><InteractionEvent Delta="null" EndDate="2014-09-26 21:59:15.438 JST" Interest="36.0" Kind="edit" Navigation="null" OriginId="org.eclipse.jdt.ui.CompilationUnitEditor" StartDate="2014-09-26 15:39:16.600 JST" StructureHandle="=cm7/src&amp;lt;app.listeners.dialog{DB_OCL.java[DB_OCL~onClick~QView;" StructureKind="java" NumEvents="36" CreationCount="246"/><InteractionEvent Delta="null" EndDate="2014-09-26 21:32:11.122 JST" Interest="8.284" Kind="manipulation" Navigation="null" OriginId="org.eclipse.mylyn.core.model.interest.decay.correction" StartDate="2014-09-26 21:32:11.122 JST" StructureHandle="=cm7/src&amp;lt;app.listeners.dialog{DB_OCL.java[DB_OCL~onClick~QView;" StructureKind="java"/><InteractionEvent Delta="null" EndDate="2014-09-26 21:58:59.326 JST" Interest="5.0" Kind="selection" Navigation="null" OriginId="org.eclipse.jdt.ui.CompilationUnitEditor" StartDate="2014-09-26 15:38:06.990 JST" StructureHandle="=cm7/src&amp;lt;app.utils{Tags.java" StructureKind="java" NumEvents="5" CreationCount="252"/><InteractionEvent Delta="null" EndDate="2014-09-26 21:59:00.72 JST" Interest="1.8869991" Kind="propagation" Navigation="org.eclipse.mylyn.core.model.edges.containment" OriginId="org.eclipse.mylyn.core.model.interest.propagation" StartDate="2014-09-26 15:38:08.38 JST" StructureHandle="=cm7/src&amp;lt;app.utils{Tags.java" StructureKind="java" NumEvents="8" CreationCount="252"/><InteractionEvent Delta="null" EndDate="2014-09-26 21:58:59.326 JST" Interest="24.084003" Kind="manipulation" Navigation="null" OriginId="org.eclipse.mylyn.core.model.interest.decay.correction" StartDate="2014-09-26 21:22:24.392 JST" StructureHandle="=cm7/src&amp;lt;app.utils{Tags.java" StructureKind="java" NumEvents="4" CreationCount="252"/><InteractionEvent Delta="null" EndDate="2014-09-26 21:54:02.577 JST" Interest="3.0" Kind="selection" Navigation="null" OriginId="org.eclipse.jdt.ui.CompilationUnitEditor" StartDate="2014-09-26 15:42:11.371 JST" StructureHandle="=cm7/src&amp;lt;app.utils{Methods_dlg.java#cm7.main.R" StructureKind="java" NumEvents="3" CreationCount="313"/><InteractionEvent Delta="null" EndDate="2014-09-26 21:54:02.577 JST" Interest="20.559002" Kind="manipulation" Navigation="null" OriginId="org.eclipse.mylyn.core.model.interest.decay.correction" StartDate="2014-09-26 21:54:02.577 JST" StructureHandle="=cm7/src&amp;lt;app.utils{Methods_dlg.java#cm7.main.R" StructureKind="java"/><InteractionEvent Delta="null" EndDate="2014-09-26 15:59:45.651 JST" Interest="332.0" Kind="propagation" Navigation="null" OriginId="org.eclipse.jdt.ui.CompilationUnitEditor" StartDate="2014-09-26 15:31:20.709 JST" StructureHandle="/cm7" StructureKind="resource" NumEvents="332" CreationCount="1"/><InteractionEvent Delta="null" EndDate="2014-09-26 21:57:08.273 JST" Interest="2.0" Kind="selection" Navigation="null" OriginId="com.android.ide.eclipse.editors.CommonXmlEditor" StartDate="2014-09-26 21:57:07.824 JST" StructureHandle="/cm7/res/layout/dlg_tmpl_cancel_lv_with_btn_2.xml" StructureKind="resource" NumEvents="2" CreationCount="1771"/><InteractionEvent Delta="null" EndDate="2014-09-26 21:57:04.328 JST" Interest="1.0" Kind="propagation" Navigation="null" OriginId="org.eclipse.mylyn.resources.ui.interest.updater" StartDate="2014-09-26 21:57:04.328 JST" StructureHandle="/cm7/res/layout/dlg_tmpl_cancel_lv_with_btn_2.xml" StructureKind="resource"/><InteractionEvent Delta="null" EndDate="2014-09-26 21:57:19.963 JST" Interest="5.0" Kind="edit" Navigation="null" OriginId="com.android.ide.eclipse.editors.CommonXmlEditor" StartDate="2014-09-26 21:57:08.330 JST" StructureHandle="/cm7/res/layout/dlg_tmpl_cancel_lv_with_btn_2.xml" StructureKind="resource" NumEvents="5" CreationCount="1771"/><InteractionEvent Delta="null" EndDate="2014-09-26 21:48:51.38 JST" Interest="1.0" Kind="selection" Navigation="null" OriginId="org.eclipse.jdt.ui.PackageExplorer" StartDate="2014-09-26 21:48:51.38 JST" StructureHandle="/cm7/res/layout/dlg_tmpl_confirm_simple.xml" StructureKind="resource"/><InteractionEvent Delta="null" EndDate="2014-09-26 15:38:08.37 JST" Interest="1.0" Kind="selection" Navigation="null" OriginId="org.eclipse.jdt.ui.CompilationUnitEditor" StartDate="2014-09-26 15:38:08.37 JST" StructureHandle="=cm7/src&amp;lt;app.utils{Tags.java[Tags[DialogTags^DLG_RESTORE_DB_OK" StructureKind="java"/><InteractionEvent Delta="null" EndDate="2014-09-26 21:48:03.61 JST" Interest="1.0" Kind="propagation" Navigation="null" OriginId="org.eclipse.mylyn.resources.ui.interest.updater" StartDate="2014-09-26 21:48:03.61 JST" StructureHandle="/cm7/res/drawable/general_ib_ball_purple_48x48.png" StructureKind="resource"/><InteractionEvent Delta="null" EndDate="2014-09-26 21:53:13.885 JST" Interest="1.0" Kind="selection" Navigation="null" OriginId="org.eclipse.jdt.ui.CompilationUnitEditor" StartDate="2014-09-26 21:53:13.885 JST" StructureHandle="=cm7/src&amp;lt;app.listeners.dialog{DB_OCL.java[DB_OCL~DB_OCL~QActivity;~QDialog;~QDialog;~QAI;" StructureKind="java"/><InteractionEvent Delta="null" EndDate="2014-09-26 15:42:06.311 JST" Interest="1.0" Kind="selection" Navigation="null" OriginId="org.eclipse.jdt.ui.CompilationUnitEditor" StartDate="2014-09-26 15:42:06.311 JST" StructureHandle="=cm7/src&amp;lt;app.utils{Methods_dlg.java#java.io.File" StructureKind="java"/><InteractionEvent Delta="null" EndDate="2014-09-26 21:49:54.199 JST" Interest="1.0" Kind="selection" Navigation="null" OriginId="org.eclipse.ui.views.ResourceNavigator" StartDate="2014-09-26 21:49:54.199 JST" StructureHandle="/SL3/res/drawable/general_ib_ball_yellow_48x48.png" StructureKind="resource"/><InteractionEvent Delta="null" EndDate="2014-09-26 21:59:00.71 JST" Interest="14.0" Kind="propagation" Navigation="null" OriginId="org.eclipse.jdt.ui.CompilationUnitEditor" StartDate="2014-09-26 15:38:06.990 JST" StructureHandle="/cm7/src/app/utils/Tags.java" StructureKind="resource" NumEvents="14" CreationCount="169"/><InteractionEvent Delta="null" EndDate="2014-09-26 21:58:59.327 JST" Interest="19.365002" Kind="manipulation" Navigation="null" OriginId="org.eclipse.mylyn.core.model.interest.decay.correction" StartDate="2014-09-26 21:22:24.393 JST" StructureHandle="/cm7/src/app/utils/Tags.java" StructureKind="resource" NumEvents="4" CreationCount="169"/><InteractionEvent Delta="null" EndDate="2014-09-26 15:40:20.614 JST" Interest="1.0" Kind="selection" Navigation="null" OriginId="org.eclipse.ui.views.ResourceNavigator" StartDate="2014-09-26 15:40:20.614 JST" StructureHandle="=TA2/src&amp;lt;ta2" StructureKind="java"/><InteractionEvent Delta="null" EndDate="2014-09-26 21:06:41.919 JST" Interest="1.0" Kind="selection" Navigation="null" OriginId="org.eclipse.ui.views.ContentOutline" StartDate="2014-09-26 21:06:41.919 JST" StructureHandle="=cm7/src&amp;lt;app.listeners.dialog{DOI_CL.java[DOI_CL~case_DLG_ALACTV_LIST_MOVE_FILE~QString;" StructureKind="java"/><InteractionEvent Delta="null" EndDate="2014-09-26 21:59:16.232 JST" Interest="1315.0" Kind="propagation" Navigation="null" OriginId="org.eclipse.jdt.ui.CompilationUnitEditor" StartDate="2014-09-26 15:31:49.518 JST" StructureHandle="/cm7/src/app/utils" StructureKind="resource" NumEvents="1315" CreationCount="4"/><InteractionEvent Delta="null" EndDate="2014-09-26 21:48:05.451 JST" Interest="1.0" Kind="selection" Navigation="null" OriginId="org.eclipse.jdt.ui.PackageExplorer" StartDate="2014-09-26 21:48:05.451 JST" StructureHandle="/cm7/res/drawable/general_ib_ball_red_bg_black_32x32.png" StructureKind="resource"/><InteractionEvent Delta="null" EndDate="2014-09-26 21:48:03.61 JST" Interest="1.0" Kind="propagation" Navigation="null" OriginId="org.eclipse.mylyn.resources.ui.interest.updater" StartDate="2014-09-26 21:48:03.61 JST" StructureHandle="/cm7/res/drawable/general_ib_ball_red_bg_black_32x32.png" StructureKind="resource"/><InteractionEvent Delta="null" EndDate="2014-09-26 21:59:16.232 JST" Interest="1783.0" Kind="propagation" Navigation="null" OriginId="org.eclipse.jdt.ui.CompilationUnitEditor" StartDate="2014-09-26 15:31:49.517 JST" StructureHandle="/cm7/src" StructureKind="resource" NumEvents="1783" CreationCount="4"/><InteractionEvent Delta="null" EndDate="2014-09-26 21:56:43.723 JST" Interest="9.0" Kind="propagation" Navigation="org.eclipse.mylyn.core.model.edges.containment" OriginId="org.eclipse.mylyn.core.model.interest.propagation" StartDate="2014-09-26 21:50:06.593 JST" StructureHandle="/SL3/src/sl3" StructureKind="resource" NumEvents="9" CreationCount="1457"/><InteractionEvent Delta="null" EndDate="2014-09-26 21:50:30.985 JST" Interest="5.0" Kind="selection" Navigation="null" OriginId="com.android.ide.eclipse.editors.CommonXmlEditor" StartDate="2014-09-26 21:42:30.6 JST" StructureHandle="/SL3/res/layout/dlg_tmpl_cancel_lv_with_btn.xml" StructureKind="resource" NumEvents="5" CreationCount="1317"/><InteractionEvent Delta="null" EndDate="2014-09-26 21:50:31.34 JST" Interest="5.0" Kind="edit" Navigation="null" OriginId="com.android.ide.eclipse.editors.CommonXmlEditor" StartDate="2014-09-26 21:42:32.108 JST" StructureHandle="/SL3/res/layout/dlg_tmpl_cancel_lv_with_btn.xml" StructureKind="resource" NumEvents="5" CreationCount="1317"/><InteractionEvent Delta="null" EndDate="2014-09-26 21:56:55.507 JST" Interest="10.0" Kind="selection" Navigation="null" OriginId="org.eclipse.jdt.ui.PackageExplorer" StartDate="2014-09-26 21:09:05.512 JST" StructureHandle="/cm7/res/layout" StructureKind="resource" NumEvents="10" CreationCount="422"/><InteractionEvent Delta="null" EndDate="2014-09-26 21:55:13.588 JST" Interest="39.251" Kind="propagation" Navigation="org.eclipse.mylyn.core.model.edges.containment" OriginId="org.eclipse.mylyn.core.model.interest.propagation" StartDate="2014-09-26 21:09:12.183 JST" StructureHandle="/cm7/res/layout" StructureKind="resource" NumEvents="53" CreationCount="422"/><InteractionEvent Delta="null" EndDate="2014-09-26 21:59:00.71 JST" Interest="35.255" Kind="propagation" Navigation="org.eclipse.mylyn.core.model.edges.containment" OriginId="org.eclipse.mylyn.core.model.interest.propagation" StartDate="2014-09-26 15:38:08.37 JST" StructureHandle="=cm7/src&amp;lt;app.utils{Tags.java[Tags" StructureKind="java" NumEvents="8" CreationCount="0"/><InteractionEvent Delta="null" EndDate="2014-09-26 21:39:27.401 JST" Interest="19.0" Kind="selection" Navigation="null" OriginId="org.eclipse.jdt.ui.CompilationUnitEditor" StartDate="2014-09-26 21:27:15.753 JST" StructureHandle="=cm7/src&amp;lt;app.utils{Methods_dlg.java[Methods_dlg~dlg_ShowMessage_4TH_Dialog~QActivity;~QString;~QDialog;~QDialog;~QDialog;~I" StructureKind="java" NumEvents="19" CreationCount="809"/><InteractionEvent Delta="null" EndDate="2014-09-26 21:39:19.113 JST" Interest="111.0" Kind="edit" Navigation="null" OriginId="org.eclipse.jdt.ui.CompilationUnitEditor" StartDate="2014-09-26 21:27:20.742 JST" StructureHandle="=cm7/src&amp;lt;app.utils{Methods_dlg.java[Methods_dlg~dlg_ShowMessage_4TH_Dialog~QActivity;~QString;~QDialog;~QDialog;~QDialog;~I" StructureKind="java" NumEvents="111" CreationCount="809"/><InteractionEvent Delta="null" EndDate="2014-09-26 21:59:16.231 JST" Interest="1301.0" Kind="propagation" Navigation="null" OriginId="org.eclipse.jdt.ui.CompilationUnitEditor" StartDate="2014-09-26 15:31:49.518 JST" StructureHandle="/cm7/src/app/utils/Methods_dlg.java" StructureKind="resource" NumEvents="1301" CreationCount="4"/><InteractionEvent Delta="null" EndDate="2014-09-26 21:48:03.61 JST" Interest="1.0" Kind="propagation" Navigation="null" OriginId="org.eclipse.mylyn.resources.ui.interest.updater" StartDate="2014-09-26 21:48:03.61 JST" StructureHandle="/cm7/res/drawable/general_ib_ball_red_32x32.png" StructureKind="resource"/><InteractionEvent Delta="null" EndDate="2014-09-26 21:21:05.236 JST" Interest="4.4" Kind="propagation" Navigation="org.eclipse.mylyn.core.model.edges.containment" OriginId="org.eclipse.mylyn.core.model.interest.propagation" StartDate="2014-09-26 21:19:52.441 JST" StructureHandle="/TA2/res/values" StructureKind="resource" NumEvents="5" CreationCount="616"/><InteractionEvent Delta="null" EndDate="2014-09-26 21:18:41.288 JST" Interest="39.1" Kind="propagation" Navigation="org.eclipse.mylyn.core.model.edges.containment" OriginId="org.eclipse.mylyn.core.model.interest.propagation" StartDate="2014-09-26 15:31:20.709 JST" StructureHandle="/cm7/res/values" StructureKind="resource" NumEvents="52" CreationCount="1"/><InteractionEvent Delta="null" EndDate="2014-09-26 15:42:35.862 JST" Interest="1.0" Kind="selection" Navigation="null" OriginId="org.eclipse.jdt.ui.CompilationUnitEditor" StartDate="2014-09-26 15:42:35.862 JST" StructureHandle="=cm7/src&amp;lt;app.utils{Methods_dlg.java#android.widget.FrameLayout" StructureKind="java"/><InteractionEvent Delta="null" EndDate="2014-09-26 21:31:55.925 JST" Interest="60.0" Kind="propagation" Navigation="null" OriginId="org.eclipse.jdt.ui.CompilationUnitEditor" StartDate="2014-09-26 15:38:40.549 JST" StructureHandle="/cm7/src/app/listeners/dialog/DB_OTL.java" StructureKind="resource" NumEvents="60" CreationCount="188"/><InteractionEvent Delta="null" EndDate="2014-09-26 21:29:58.725 JST" Interest="1.7330008" Kind="manipulation" Navigation="null" OriginId="org.eclipse.mylyn.core.model.interest.decay.correction" StartDate="2014-09-26 21:29:58.725 JST" StructureHandle="/cm7/src/app/listeners/dialog/DB_OTL.java" StructureKind="resource"/><InteractionEvent Delta="null" EndDate="2014-09-26 21:11:37.386 JST" Interest="2.0" Kind="selection" Navigation="null" OriginId="org.eclipse.jdt.ui.PackageExplorer" StartDate="2014-09-26 21:09:12.183 JST" StructureHandle="/cm7/res/layout/dlg_tmpl_cancel_lv_2.xml" StructureKind="resource" NumEvents="2" CreationCount="423"/><InteractionEvent Delta="null" EndDate="2014-09-26 21:11:37.386 JST" Interest="0.05400002" Kind="manipulation" Navigation="null" OriginId="org.eclipse.mylyn.core.model.interest.decay.correction" StartDate="2014-09-26 21:11:37.386 JST" StructureHandle="/cm7/res/layout/dlg_tmpl_cancel_lv_2.xml" StructureKind="resource"/><InteractionEvent Delta="null" EndDate="2014-09-26 21:48:06.470 JST" Interest="3.0" Kind="selection" Navigation="null" OriginId="org.eclipse.jdt.ui.PackageExplorer" StartDate="2014-09-26 21:47:58.421 JST" StructureHandle="/cm7/res/drawable" StructureKind="resource" NumEvents="3" CreationCount="1352"/><InteractionEvent Delta="null" EndDate="2014-09-26 21:48:05.451 JST" Interest="0.01700008" Kind="propagation" Navigation="org.eclipse.mylyn.core.model.edges.containment" OriginId="org.eclipse.mylyn.core.model.interest.propagation" StartDate="2014-09-26 21:48:05.451 JST" StructureHandle="/cm7/res/drawable" StructureKind="resource"/><InteractionEvent Delta="null" EndDate="2014-09-26 21:31:02.577 JST" Interest="4.0" Kind="selection" Navigation="null" OriginId="org.eclipse.jdt.ui.CompilationUnitEditor" StartDate="2014-09-26 21:29:59.674 JST" StructureHandle="=cm7/src&amp;lt;app.listeners.dialog{DB_OTL.java[DB_OTL~DB_OTL~QActivity;~QDialog;~QDialog;~QDialog;~QDialog;" StructureKind="java" NumEvents="4" CreationCount="938"/><InteractionEvent Delta="null" EndDate="2014-09-26 21:31:05.209 JST" Interest="25.0" Kind="edit" Navigation="null" OriginId="org.eclipse.jdt.ui.CompilationUnitEditor" StartDate="2014-09-26 21:30:04.126 JST" StructureHandle="=cm7/src&amp;lt;app.listeners.dialog{DB_OTL.java[DB_OTL~DB_OTL~QActivity;~QDialog;~QDialog;~QDialog;~QDialog;" StructureKind="java" NumEvents="25" CreationCount="938"/><InteractionEvent Delta="null" EndDate="2014-09-26 21:41:46.636 JST" Interest="1.0" Kind="selection" Navigation="null" OriginId="org.eclipse.ui.views.ResourceNavigator" StartDate="2014-09-26 21:41:46.636 JST" StructureHandle="/SL3/res/values/strings.xml" StructureKind="resource"/><InteractionEvent Delta="null" EndDate="2014-09-26 15:39:09.920 JST" Interest="1.0" Kind="selection" Navigation="null" OriginId="org.eclipse.jdt.ui.CompilationUnitEditor" StartDate="2014-09-26 15:39:09.920 JST" StructureHandle="=cm7/src&amp;lt;app.listeners.dialog{DB_OCL.java[DB_OCL~DB_OCL~QActivity;~QDialog;~QDialog;~QBM;" StructureKind="java"/><InteractionEvent Delta="null" EndDate="2014-09-26 21:10:14.37 JST" Interest="7.0" Kind="selection" Navigation="null" OriginId="org.eclipse.jdt.ui.CompilationUnitEditor" StartDate="2014-09-26 21:08:19.192 JST" StructureHandle="=cm7/src&amp;lt;app.utils{Methods_dlg.java[Methods_dlg~conf_Delete_Pattern~QActivity;~QDialog;~QDialog;~QWordPattern;" StructureKind="java" NumEvents="7" CreationCount="402"/><InteractionEvent Delta="null" EndDate="2014-09-26 21:10:16.719 JST" Interest="7.0" Kind="edit" Navigation="null" OriginId="org.eclipse.jdt.ui.CompilationUnitEditor" StartDate="2014-09-26 21:08:19.198 JST" StructureHandle="=cm7/src&amp;lt;app.utils{Methods_dlg.java[Methods_dlg~conf_Delete_Pattern~QActivity;~QDialog;~QDialog;~QWordPattern;" StructureKind="java" NumEvents="7" CreationCount="402"/><InteractionEvent Delta="null" EndDate="2014-09-26 21:49:54.198 JST" Interest="1.0" Kind="selection" Navigation="null" OriginId="org.eclipse.ui.views.ResourceNavigator" StartDate="2014-09-26 21:49:54.198 JST" StructureHandle="/SL3/res/drawable/general_ib_ball_red_48x48.png" StructureKind="resource"/><InteractionEvent Delta="null" EndDate="2014-09-26 21:56:43.723 JST" Interest="9.0" Kind="propagation" Navigation="org.eclipse.mylyn.core.model.edges.containment" OriginId="org.eclipse.mylyn.core.model.interest.propagation" StartDate="2014-09-26 21:50:06.592 JST" StructureHandle="/SL3/src/sl3/utils" StructureKind="resource" NumEvents="9" CreationCount="1457"/><InteractionEvent Delta="null" EndDate="2014-09-26 21:59:00.70 JST" Interest="1.0" Kind="selection" Navigation="null" OriginId="org.eclipse.jdt.ui.CompilationUnitEditor" StartDate="2014-09-26 21:59:00.70 JST" StructureHandle="=cm7/src&amp;lt;app.utils{Tags.java[Tags[DialogTags^GENERIC_DISMISS_ALL_2ND_DIALOG" StructureKind="java"/><InteractionEvent Delta="null" EndDate="2014-09-26 21:48:03.61 JST" Interest="1.0" Kind="propagation" Navigation="null" OriginId="org.eclipse.mylyn.resources.ui.interest.updater" StartDate="2014-09-26 21:48:03.61 JST" StructureHandle="/cm7/res/drawable/general_ib_ball_red_48x48.png" StructureKind="resource"/><InteractionEvent Delta="null" EndDate="2014-09-26 21:23:24.369 JST" Interest="1.0" Kind="selection" Navigation="null" OriginId="org.eclipse.jdt.ui.CompilationUnitEditor" StartDate="2014-09-26 21:23:24.369 JST" StructureHandle="=cm7/src&amp;lt;app.listeners.dialog{DOI_CL.java[DOI_CL~DOI_CL~QActivity;~QDialog;~QAI;~I" StructureKind="java"/><InteractionEvent Delta="null" EndDate="2014-09-26 21:49:54.198 JST" Interest="1.0" Kind="selection" Navigation="null" OriginId="org.eclipse.ui.views.ResourceNavigator" StartDate="2014-09-26 21:49:54.198 JST" StructureHandle="/SL3/res/drawable/general_ib_ball_red_32x32.png" StructureKind="resource"/><InteractionEvent Delta="null" EndDate="2014-09-26 21:53:33.91 JST" Interest="22.0" Kind="selection" Navigation="null" OriginId="org.eclipse.jdt.ui.CompilationUnitEditor" StartDate="2014-09-26 21:24:22.963 JST" StructureHandle="=cm7/src&amp;lt;app.listeners.dialog{DOI_CL.java[DOI_CL~case_DLG_LAB~QListItem;" StructureKind="java" NumEvents="22" CreationCount="752"/><InteractionEvent Delta="null" EndDate="2014-09-26 21:52:14.144 JST" Interest="76.0" Kind="edit" Navigation="null" OriginId="org.eclipse.jdt.ui.CompilationUnitEditor" StartDate="2014-09-26 21:24:26.614 JST" StructureHandle="=cm7/src&amp;lt;app.listeners.dialog{DOI_CL.java[DOI_CL~case_DLG_LAB~QListItem;" StructureKind="java" NumEvents="76" CreationCount="752"/><InteractionEvent Delta="null" EndDate="2014-09-26 15:40:21.902 JST" Interest="1.0" Kind="selection" Navigation="null" OriginId="org.eclipse.ui.views.ResourceNavigator" StartDate="2014-09-26 15:40:21.902 JST" StructureHandle="=TA2/src&amp;lt;ta2.utils" StructureKind="java"/><InteractionEvent Delta="null" EndDate="2014-09-26 21:14:25.618 JST" Interest="10.806001" Kind="propagation" Navigation="org.eclipse.mylyn.core.model.edges.containment" OriginId="org.eclipse.mylyn.core.model.interest.propagation" StartDate="2014-09-26 15:40:24.126 JST" StructureHandle="=TA2/src&amp;lt;ta2.utils" StructureKind="java" NumEvents="14" CreationCount="31"/><InteractionEvent Delta="null" EndDate="2014-09-26 21:32:10.306 JST" Interest="13.0" Kind="selection" Navigation="null" OriginId="org.eclipse.jdt.ui.CompilationUnitEditor" StartDate="2014-09-26 15:39:27.828 JST" StructureHandle="=cm7/src&amp;lt;app.listeners.dialog{DB_OCL.java[DB_OCL~dlg_DLG_RESTORE_DB_OK" StructureKind="java" NumEvents="13" CreationCount="210"/><InteractionEvent Delta="null" EndDate="2014-09-26 21:32:10.315 JST" Interest="37.0" Kind="edit" Navigation="null" OriginId="org.eclipse.jdt.ui.CompilationUnitEditor" StartDate="2014-09-26 15:39:30.903 JST" StructureHandle="=cm7/src&amp;lt;app.listeners.dialog{DB_OCL.java[DB_OCL~dlg_DLG_RESTORE_DB_OK" StructureKind="java" NumEvents="37" CreationCount="210"/><InteractionEvent Delta="null" EndDate="2014-09-26 21:41:55.338 JST" Interest="1.0" Kind="selection" Navigation="null" OriginId="org.eclipse.jdt.ui.PackageExplorer" StartDate="2014-09-26 21:41:55.338 JST" StructureHandle="/cm7/res/layout/dlg_tmpl_edittext_simple.xml" StructureKind="resource"/><InteractionEvent Delta="null" EndDate="2014-09-26 21:49:54.199 JST" Interest="1.119" Kind="propagation" Navigation="org.eclipse.mylyn.core.model.edges.containment" OriginId="org.eclipse.mylyn.core.model.interest.propagation" StartDate="2014-09-26 21:49:54.196 JST" StructureHandle="/SL3/res/drawable" StructureKind="resource" NumEvents="8" CreationCount="1449"/><InteractionEvent Delta="null" EndDate="2014-09-26 21:26:03.721 JST" Interest="1.0" Kind="selection" Navigation="null" OriginId="org.eclipse.jdt.ui.CompilationUnitEditor" StartDate="2014-09-26 21:26:03.721 JST" StructureHandle="=cm7/src&amp;lt;app.listeners.dialog{DOI_CL.java[DOI_CL~case_ACTV_PLAY_OPTION_ADMIN_PATTERNS~QListItem;" StructureKind="java"/><InteractionEvent Delta="null" EndDate="2014-09-26 21:26:09.360 JST" Interest="1.0" Kind="edit" Navigation="null" OriginId="org.eclipse.jdt.ui.CompilationUnitEditor" StartDate="2014-09-26 21:26:09.360 JST" StructureHandle="=cm7/src&amp;lt;app.listeners.dialog{DOI_CL.java[DOI_CL~case_ACTV_PLAY_OPTION_ADMIN_PATTERNS~QListItem;" StructureKind="java"/><InteractionEvent Delta="null" EndDate="2014-09-26 21:14:50.318 JST" Interest="3.0" Kind="selection" Navigation="null" OriginId="org.eclipse.ui.views.ContentOutline" StartDate="2014-09-26 15:40:43.589 JST" StructureHandle="=TA2/src&amp;lt;ta2.utils{Methods_dlg.java[Methods_dlg" StructureKind="java" NumEvents="3" CreationCount="81"/><InteractionEvent Delta="null" EndDate="2014-09-26 15:40:38.187 JST" Interest="5.117" Kind="propagation" Navigation="org.eclipse.mylyn.core.model.edges.containment" OriginId="org.eclipse.mylyn.core.model.interest.propagation" StartDate="2014-09-26 15:40:26.943 JST" StructureHandle="=TA2/src&amp;lt;ta2.utils{Methods_dlg.java[Methods_dlg" StructureKind="java" NumEvents="8" CreationCount="248"/><InteractionEvent Delta="null" EndDate="2014-09-26 21:14:25.884 JST" Interest="2.0" Kind="edit" Navigation="null" OriginId="org.eclipse.jdt.ui.CompilationUnitEditor" StartDate="2014-09-26 21:14:23.680 JST" StructureHandle="=TA2/src&amp;lt;ta2.utils{Methods_dlg.java[Methods_dlg" StructureKind="java" NumEvents="2" CreationCount="81"/><InteractionEvent Delta="null" EndDate="2014-09-26 21:14:23.510 JST" Interest="1.2780004" Kind="manipulation" Navigation="null" OriginId="org.eclipse.mylyn.core.model.interest.decay.correction" StartDate="2014-09-26 21:14:23.510 JST" StructureHandle="=TA2/src&amp;lt;ta2.utils{Methods_dlg.java[Methods_dlg" StructureKind="java"/><InteractionEvent Delta="null" EndDate="2014-09-26 21:59:15.438 JST" Interest="45.231995" Kind="propagation" Navigation="org.eclipse.mylyn.core.model.edges.containment" OriginId="org.eclipse.mylyn.core.model.interest.propagation" StartDate="2014-09-26 15:39:08.550 JST" StructureHandle="=cm7/src&amp;lt;app.listeners.dialog{DB_OCL.java[DB_OCL" StructureKind="java" NumEvents="63" CreationCount="202"/><InteractionEvent Delta="null" EndDate="2014-09-26 21:58:01.793 JST" Interest="39.0" Kind="selection" Navigation="null" OriginId="org.eclipse.jdt.ui.CompilationUnitEditor" StartDate="2014-09-26 21:08:03.669 JST" StructureHandle="=cm7/src&amp;lt;app.utils{Methods_dlg.java[Methods_dlg~dlg_LAB~QActivity;~QDialog;~QDialog;" StructureKind="java" NumEvents="39" CreationCount="390"/><InteractionEvent Delta="null" EndDate="2014-09-26 21:58:08.633 JST" Interest="483.0" Kind="edit" Navigation="null" OriginId="org.eclipse.jdt.ui.CompilationUnitEditor" StartDate="2014-09-26 21:08:03.674 JST" StructureHandle="=cm7/src&amp;lt;app.utils{Methods_dlg.java[Methods_dlg~dlg_LAB~QActivity;~QDialog;~QDialog;" StructureKind="java" NumEvents="483" CreationCount="390"/><InteractionEvent Delta="null" EndDate="2014-09-26 21:59:15.849 JST" Interest="92.816" Kind="propagation" Navigation="org.eclipse.mylyn.core.model.edges.containment" OriginId="org.eclipse.mylyn.core.model.interest.propagation" StartDate="2014-09-26 15:31:49.517 JST" StructureHandle="=cm7/src&amp;lt;app.listeners.dialog" StructureKind="java" NumEvents="124" CreationCount="4"/><InteractionEvent Delta="null" EndDate="2014-09-26 21:19:46.776 JST" Interest="2.0" Kind="selection" Navigation="null" OriginId="org.eclipse.ui.views.ResourceNavigator" StartDate="2014-09-26 21:08:57.742 JST" StructureHandle="=cm7" StructureKind="java" NumEvents="2" CreationCount="1"/><InteractionEvent Delta="null" EndDate="2014-09-26 21:59:16.231 JST" Interest="1780.051" Kind="propagation" Navigation="org.eclipse.mylyn.core.model.edges.containment" OriginId="org.eclipse.mylyn.core.model.interest.propagation" StartDate="2014-09-26 15:31:20.709 JST" StructureHandle="=cm7" StructureKind="resource" NumEvents="1792" CreationCount="1"/><InteractionEvent Delta="null" EndDate="2014-09-26 21:21:07.838 JST" Interest="4.0" Kind="selection" Navigation="null" OriginId="com.android.ide.eclipse.editors.CommonXmlEditor" StartDate="2014-09-26 21:20:08.694 JST" StructureHandle="/IFM11/res/values/colors.xml" StructureKind="resource" NumEvents="4" CreationCount="620"/><InteractionEvent Delta="null" EndDate="2014-09-26 21:21:07.896 JST" Interest="3.0" Kind="edit" Navigation="null" OriginId="com.android.ide.eclipse.editors.CommonXmlEditor" StartDate="2014-09-26 21:20:08.751 JST" StructureHandle="/IFM11/res/values/colors.xml" StructureKind="resource" NumEvents="3" CreationCount="620"/><InteractionEvent Delta="null" EndDate="2014-09-26 15:42:10.117 JST" Interest="1.0" Kind="selection" Navigation="null" OriginId="org.eclipse.jdt.ui.CompilationUnitEditor" StartDate="2014-09-26 15:42:10.117 JST" StructureHandle="=cm7/src&amp;lt;app.utils{Methods_dlg.java#" StructureKind="java"/><InteractionEvent Delta="null" EndDate="2014-09-26 21:53:56.350 JST" Interest="27.925001" Kind="propagation" Navigation="org.eclipse.mylyn.core.model.edges.containment" OriginId="org.eclipse.mylyn.core.model.interest.propagation" StartDate="2014-09-26 15:42:06.312 JST" StructureHandle="=cm7/src&amp;lt;app.utils{Methods_dlg.java#" StructureKind="java" NumEvents="7" CreationCount="112"/><InteractionEvent Delta="null" EndDate="2014-09-26 21:31:05.209 JST" Interest="34.233" Kind="propagation" Navigation="org.eclipse.mylyn.core.model.edges.containment" OriginId="org.eclipse.mylyn.core.model.interest.propagation" StartDate="2014-09-26 15:38:41.472 JST" StructureHandle="=cm7/src&amp;lt;app.listeners.dialog{DB_OTL.java[DB_OTL" StructureKind="java" NumEvents="39" CreationCount="189"/><InteractionEvent Delta="null" EndDate="2014-09-26 21:59:16.5 JST" Interest="385.66202" Kind="propagation" Navigation="org.eclipse.mylyn.core.model.edges.containment" OriginId="org.eclipse.mylyn.core.model.interest.propagation" StartDate="2014-09-26 15:31:49.518 JST" StructureHandle="=cm7/src" StructureKind="java" NumEvents="553" CreationCount="4"/><InteractionEvent Delta="null" EndDate="2014-09-26 21:21:07.897 JST" Interest="6.1" Kind="propagation" Navigation="org.eclipse.mylyn.core.model.edges.containment" OriginId="org.eclipse.mylyn.core.model.interest.propagation" StartDate="2014-09-26 21:20:08.694 JST" StructureHandle="/IFM11/res" StructureKind="resource" NumEvents="7" CreationCount="620"/><InteractionEvent Delta="null" EndDate="2014-09-26 21:19:45.502 JST" Interest="1.0" Kind="propagation" Navigation="null" OriginId="org.eclipse.ui.views.ResourceNavigator" StartDate="2014-09-26 21:19:45.502 JST" StructureHandle="/app.twitter" StructureKind="resource"/><InteractionEvent Delta="null" EndDate="2014-09-26 21:19:47.293 JST" Interest="2.0" Kind="propagation" Navigation="null" OriginId="org.eclipse.ui.views.ResourceNavigator" StartDate="2014-09-26 15:40:17.365 JST" StructureHandle="/IFM10" StructureKind="resource" NumEvents="2" CreationCount="205"/><InteractionEvent Delta="null" EndDate="2014-09-26 21:19:47.293 JST" Interest="5.9360003" Kind="manipulation" Navigation="null" OriginId="org.eclipse.mylyn.core.model.interest.decay.correction" StartDate="2014-09-26 21:19:47.293 JST" StructureHandle="/IFM10" StructureKind="resource"/><InteractionEvent Delta="null" EndDate="2014-09-26 21:40:48.923 JST" Interest="3.0" Kind="selection" Navigation="null" OriginId="org.eclipse.ui.views.ResourceNavigator" StartDate="2014-09-26 21:20:44.38 JST" StructureHandle="/SL3/res/values/colors.xml" StructureKind="resource" NumEvents="3" CreationCount="628"/><InteractionEvent Delta="null" EndDate="2014-09-26 21:21:04.122 JST" Interest="5.0" Kind="edit" Navigation="null" OriginId="com.android.ide.eclipse.editors.CommonXmlEditor" StartDate="2014-09-26 21:20:44.91 JST" StructureHandle="/SL3/res/values/colors.xml" StructureKind="resource" NumEvents="5" CreationCount="628"/><InteractionEvent Delta="null" EndDate="2014-09-26 21:40:48.923 JST" Interest="5.618001" Kind="manipulation" Navigation="null" OriginId="org.eclipse.mylyn.core.model.interest.decay.correction" StartDate="2014-09-26 21:40:48.923 JST" StructureHandle="/SL3/res/values/colors.xml" StructureKind="resource"/><InteractionEvent Delta="null" EndDate="2014-09-26 21:21:07.897 JST" Interest="7.0" Kind="propagation" Navigation="null" OriginId="com.android.ide.eclipse.editors.CommonXmlEditor" StartDate="2014-09-26 21:20:08.694 JST" StructureHandle="/IFM11" StructureKind="resource" NumEvents="7" CreationCount="620"/><InteractionEvent Delta="null" EndDate="2014-09-26 21:58:13.75 JST" Interest="4.0" Kind="selection" Navigation="null" OriginId="org.eclipse.jdt.ui.CompilationUnitEditor" StartDate="2014-09-26 15:35:30.962 JST" StructureHandle="=cm7/src&amp;lt;app.utils{Methods_dlg.java[Methods_dlg~conf_Import_DB~QActivity;~QDialog;~QDialog;" StructureKind="java" NumEvents="4" CreationCount="84"/><InteractionEvent Delta="null" EndDate="2014-09-26 21:58:21.271 JST" Interest="19.0" Kind="edit" Navigation="null" OriginId="org.eclipse.jdt.ui.CompilationUnitEditor" StartDate="2014-09-26 15:35:31.579 JST" StructureHandle="=cm7/src&amp;lt;app.utils{Methods_dlg.java[Methods_dlg~conf_Import_DB~QActivity;~QDialog;~QDialog;" StructureKind="java" NumEvents="19" CreationCount="84"/><InteractionEvent Delta="null" EndDate="2014-09-26 21:58:13.75 JST" Interest="26.149002" Kind="manipulation" Navigation="null" OriginId="org.eclipse.mylyn.core.model.interest.decay.correction" StartDate="2014-09-26 21:58:13.75 JST" StructureHandle="=cm7/src&amp;lt;app.utils{Methods_dlg.java[Methods_dlg~conf_Import_DB~QActivity;~QDialog;~QDialog;" StructureKind="java"/><InteractionEvent Delta="null" EndDate="2014-09-26 21:59:16.232 JST" Interest="1315.0" Kind="propagation" Navigation="org.eclipse.mylyn.core.model.edges.containment" OriginId="org.eclipse.mylyn.core.model.interest.propagation" StartDate="2014-09-26 15:31:49.517 JST" StructureHandle="/cm7/src/app" StructureKind="resource" NumEvents="1315" CreationCount="4"/><InteractionEvent Delta="null" EndDate="2014-09-26 21:42:12.520 JST" Interest="1.0" Kind="selection" Navigation="null" OriginId="org.eclipse.ui.views.ResourceNavigator" StartDate="2014-09-26 21:42:12.520 JST" StructureHandle="/SL3/res/drawable-mdpi" StructureKind="resource"/><InteractionEvent Delta="null" EndDate="2014-09-26 21:49:54.196 JST" Interest="1.0" Kind="selection" Navigation="null" OriginId="org.eclipse.ui.views.ResourceNavigator" StartDate="2014-09-26 21:49:54.196 JST" StructureHandle="/SL3/res/drawable/general_ib_ball_blue_48x48.png" StructureKind="resource"/><InteractionEvent Delta="null" EndDate="2014-09-26 21:10:00.424 JST" Interest="3.0" Kind="selection" Navigation="null" OriginId="org.eclipse.jdt.ui.CompilationUnitEditor" StartDate="2014-09-26 21:09:56.232 JST" StructureHandle="=cm7/src&amp;lt;app.utils{Methods_dlg.java[Methods_dlg~dlg_ACTV_MAIN_LV~QActivity;~QString;" StructureKind="java" NumEvents="3" CreationCount="432"/><InteractionEvent Delta="null" EndDate="2014-09-26 21:19:48.851 JST" Interest="21.051" Kind="propagation" Navigation="null" OriginId="org.eclipse.ui.views.ResourceNavigator" StartDate="2014-09-26 15:40:20.296 JST" StructureHandle="/TA2/src" StructureKind="resource" NumEvents="24" CreationCount="242"/><InteractionEvent Delta="null" EndDate="2014-09-26 15:42:40.117 JST" Interest="14.0" Kind="selection" Navigation="null" OriginId="org.eclipse.jdt.ui.CompilationUnitEditor" StartDate="2014-09-26 15:32:54.112 JST" StructureHandle="=cm7/src&amp;lt;app.utils{Methods_dlg.java[Methods_dlg~dlg_Db_Activity~QActivity;" StructureKind="java" NumEvents="14" CreationCount="25"/><InteractionEvent Delta="null" EndDate="2014-09-26 15:34:33.586 JST" Interest="3.0" Kind="edit" Navigation="null" OriginId="org.eclipse.jdt.ui.CompilationUnitEditor" StartDate="2014-09-26 15:34:15.247 JST" StructureHandle="=cm7/src&amp;lt;app.utils{Methods_dlg.java[Methods_dlg~dlg_Db_Activity~QActivity;" StructureKind="java" NumEvents="3" CreationCount="25"/><InteractionEvent Delta="null" EndDate="2014-09-26 21:31:17.520 JST" Interest="1.0" Kind="selection" Navigation="null" OriginId="org.eclipse.jdt.ui.CompilationUnitEditor" StartDate="2014-09-26 21:31:17.520 JST" StructureHandle="=cm7/src&amp;lt;app.utils{Tags.java[Tags[DialogTags^DLG_GENERIC_DISMISS_THIRD_DIALOG" StructureKind="java"/><InteractionEvent Delta="null" EndDate="2014-09-26 21:31:19.291 JST" Interest="1.0" Kind="selection" Navigation="null" OriginId="org.eclipse.jdt.ui.CompilationUnitEditor" StartDate="2014-09-26 21:31:19.291 JST" StructureHandle="=cm7/src&amp;lt;app.utils{Tags.java[Tags[DialogTags" StructureKind="java"/><InteractionEvent Delta="null" EndDate="2014-09-26 21:59:00.71 JST" Interest="30.209002" Kind="propagation" Navigation="org.eclipse.mylyn.core.model.edges.containment" OriginId="org.eclipse.mylyn.core.model.interest.propagation" StartDate="2014-09-26 15:38:08.37 JST" StructureHandle="=cm7/src&amp;lt;app.utils{Tags.java[Tags[DialogTags" StructureKind="java" NumEvents="6" CreationCount="238"/><InteractionEvent Delta="null" EndDate="2014-09-26 15:40:18.597 JST" Interest="1.0" Kind="selection" Navigation="null" OriginId="org.eclipse.ui.views.ResourceNavigator" StartDate="2014-09-26 15:40:18.597 JST" StructureHandle="=TA2" StructureKind="java"/><InteractionEvent Delta="null" EndDate="2014-09-26 21:19:48.852 JST" Interest="20.119" Kind="propagation" Navigation="org.eclipse.mylyn.core.model.edges.containment" OriginId="org.eclipse.mylyn.core.model.interest.propagation" StartDate="2014-09-26 15:40:20.296 JST" StructureHandle="=TA2" StructureKind="resource" NumEvents="24" CreationCount="238"/><InteractionEvent Delta="null" EndDate="2014-09-26 21:56:43.724 JST" Interest="6.2700005" Kind="propagation" Navigation="org.eclipse.mylyn.core.model.edges.containment" OriginId="org.eclipse.mylyn.core.model.interest.propagation" StartDate="2014-09-26 21:50:06.593 JST" StructureHandle="=SL3/src&amp;lt;sl3.utils" StructureKind="java" NumEvents="9" CreationCount="1457"/><InteractionEvent Delta="null" EndDate="2014-09-26 21:31:23.81 JST" Interest="2.0" Kind="selection" Navigation="null" OriginId="org.eclipse.jdt.ui.CompilationUnitEditor" StartDate="2014-09-26 21:31:21.438 JST" StructureHandle="=cm7/src&amp;lt;app.utils{Tags.java[Tags[DialogTags^DLG_GENERIC_DISMISS_4TH_DIALOG" StructureKind="java" NumEvents="2" CreationCount="978"/><InteractionEvent Delta="null" EndDate="2014-09-26 21:31:24.324 JST" Interest="1.0" Kind="edit" Navigation="null" OriginId="org.eclipse.jdt.ui.CompilationUnitEditor" StartDate="2014-09-26 21:31:24.324 JST" StructureHandle="=cm7/src&amp;lt;app.utils{Tags.java[Tags[DialogTags^DLG_GENERIC_DISMISS_4TH_DIALOG" StructureKind="java"/><InteractionEvent Delta="null" EndDate="2014-09-26 15:33:00.333 JST" Interest="1.0" Kind="selection" Navigation="null" OriginId="org.eclipse.ui.views.ContentOutline" StartDate="2014-09-26 15:33:00.333 JST" StructureHandle="=cm7/src&amp;lt;app.utils{Methods_dlg.java[Methods_dlg~dlg_Admin_Patterns~QActivity;~QDialog;~QWordPattern;" StructureKind="java"/><InteractionEvent Delta="null" EndDate="2014-09-26 21:56:43.725 JST" Interest="37.0" Kind="propagation" Navigation="null" OriginId="org.eclipse.ui.views.ResourceNavigator" StartDate="2014-09-26 21:20:44.39 JST" StructureHandle="/SL3" StructureKind="resource" NumEvents="37" CreationCount="628"/><InteractionEvent Delta="null" EndDate="2014-09-26 21:40:48.925 JST" Interest="4.135" Kind="manipulation" Navigation="null" OriginId="org.eclipse.mylyn.core.model.interest.decay.correction" StartDate="2014-09-26 21:40:48.925 JST" StructureHandle="/SL3" StructureKind="resource"/><InteractionEvent Delta="null" EndDate="2014-09-26 21:19:45.502 JST" Interest="1.0" Kind="selection" Navigation="null" OriginId="org.eclipse.ui.views.ResourceNavigator" StartDate="2014-09-26 21:19:45.502 JST" StructureHandle="=app.twitter" StructureKind="java"/><InteractionEvent Delta="null" EndDate="2014-09-26 21:09:04.112 JST" Interest="2.0" Kind="selection" Navigation="null" OriginId="org.eclipse.jdt.ui.PackageExplorer" StartDate="2014-09-26 21:09:03.928 JST" StructureHandle="/cm7/res" StructureKind="resource" NumEvents="2" CreationCount="1"/><InteractionEvent Delta="null" EndDate="2014-09-26 21:56:55.508 JST" Interest="54.408" Kind="propagation" Navigation="org.eclipse.mylyn.core.model.edges.containment" OriginId="org.eclipse.mylyn.core.model.interest.propagation" StartDate="2014-09-26 15:31:20.709 JST" StructureHandle="/cm7/res" StructureKind="resource" NumEvents="77" CreationCount="1"/><InteractionEvent Delta="null" EndDate="2014-09-26 21:21:05.236 JST" Interest="3.0" Kind="selection" Navigation="null" OriginId="com.android.ide.eclipse.editors.CommonXmlEditor" StartDate="2014-09-26 21:19:52.441 JST" StructureHandle="/TA2/res/values/colors.xml" StructureKind="resource" NumEvents="3" CreationCount="616"/><InteractionEvent Delta="null" EndDate="2014-09-26 21:19:53.126 JST" Interest="2.0" Kind="edit" Navigation="null" OriginId="com.android.ide.eclipse.editors.CommonXmlEditor" StartDate="2014-09-26 21:19:52.509 JST" StructureHandle="/TA2/res/values/colors.xml" StructureKind="resource" NumEvents="2" CreationCount="616"/><InteractionEvent Delta="null" EndDate="2014-09-26 21:28:17.527 JST" Interest="7.0" Kind="selection" Navigation="null" OriginId="org.eclipse.jdt.ui.CompilationUnitEditor" StartDate="2014-09-26 21:27:07.426 JST" StructureHandle="=cm7/src&amp;lt;app.utils{Methods_dlg.java[Methods_dlg~dlg_ShowMessage_ThirdDialog~QActivity;~QString;~QDialog;~QDialog;" StructureKind="java" NumEvents="7" CreationCount="801"/><InteractionEvent Delta="null" EndDate="2014-09-26 21:28:15.283 JST" Interest="4.0" Kind="edit" Navigation="null" OriginId="org.eclipse.jdt.ui.CompilationUnitEditor" StartDate="2014-09-26 21:27:08.28 JST" StructureHandle="=cm7/src&amp;lt;app.utils{Methods_dlg.java[Methods_dlg~dlg_ShowMessage_ThirdDialog~QActivity;~QString;~QDialog;~QDialog;" StructureKind="java" NumEvents="4" CreationCount="801"/><InteractionEvent Delta="null" EndDate="2014-09-26 21:23:51.794 JST" Interest="2.0" Kind="selection" Navigation="null" OriginId="org.eclipse.jdt.ui.CompilationUnitEditor" StartDate="2014-09-26 21:23:40.46 JST" StructureHandle="=cm7/src&amp;lt;app.listeners.dialog{DOI_CL.java[DOI_CL~case_DLG_MOVE_FILES_FOLDER~QString;" StructureKind="java" NumEvents="2" CreationCount="731"/><InteractionEvent Delta="null" EndDate="2014-09-26 15:39:52.265 JST" Interest="1.0" Kind="selection" Navigation="null" OriginId="org.eclipse.jdt.ui.CompilationUnitEditor" StartDate="2014-09-26 15:39:52.265 JST" StructureHandle="=cm7/src&amp;lt;app.listeners.dialog{DB_OCL.java[DB_OCL~dlg_DLG_SEARCH_OK" StructureKind="java"/><InteractionEvent Delta="null" EndDate="2014-09-26 21:19:49.983 JST" Interest="1.0" Kind="selection" Navigation="null" OriginId="org.eclipse.ui.views.ResourceNavigator" StartDate="2014-09-26 21:19:49.983 JST" StructureHandle="/TA2/res" StructureKind="resource"/><InteractionEvent Delta="null" EndDate="2014-09-26 21:21:05.237 JST" Interest="3.417" Kind="propagation" Navigation="org.eclipse.mylyn.core.model.edges.containment" OriginId="org.eclipse.mylyn.core.model.interest.propagation" StartDate="2014-09-26 21:19:52.441 JST" StructureHandle="/TA2/res" StructureKind="resource" NumEvents="5" CreationCount="615"/><InteractionEvent Delta="null" EndDate="2014-09-26 15:40:26.396 JST" Interest="1.0" Kind="selection" Navigation="null" OriginId="org.eclipse.ui.views.ContentOutline" StartDate="2014-09-26 15:40:26.396 JST" StructureHandle="=TA2/src&amp;lt;ta2.utils{Methods_dlg.java%ta2.utils" StructureKind="java"/><InteractionEvent Delta="null" EndDate="2014-09-26 21:22:49.4 JST" Interest="6.0" Kind="selection" Navigation="null" OriginId="org.eclipse.jdt.ui.CompilationUnitEditor" StartDate="2014-09-26 21:06:51.60 JST" StructureHandle="=cm7/src&amp;lt;app.listeners.dialog{DOI_CL.java[DOI_CL~case_DLG_ACTV_MAIN_OPERATIONS~QListItem;" StructureKind="java" NumEvents="6" CreationCount="354"/><InteractionEvent Delta="null" EndDate="2014-09-26 21:07:53.736 JST" Interest="11.0" Kind="edit" Navigation="null" OriginId="org.eclipse.jdt.ui.CompilationUnitEditor" StartDate="2014-09-26 21:07:26.288 JST" StructureHandle="=cm7/src&amp;lt;app.listeners.dialog{DOI_CL.java[DOI_CL~case_DLG_ACTV_MAIN_OPERATIONS~QListItem;" StructureKind="java" NumEvents="11" CreationCount="354"/><InteractionEvent Delta="null" EndDate="2014-09-26 21:56:43.723 JST" Interest="9.0" Kind="propagation" Navigation="null" OriginId="org.eclipse.ui.views.ResourceNavigator" StartDate="2014-09-26 21:50:06.592 JST" StructureHandle="/SL3/src/sl3/utils/Methods_dlg.java" StructureKind="resource" NumEvents="9" CreationCount="1457"/><InteractionEvent Delta="null" EndDate="2014-09-26 21:59:16.5 JST" Interest="385.66202" Kind="propagation" Navigation="org.eclipse.mylyn.core.model.edges.containment" OriginId="org.eclipse.mylyn.core.model.interest.propagation" StartDate="2014-09-26 15:31:49.519 JST" StructureHandle="=cm7/src&amp;lt;app.utils" StructureKind="java" NumEvents="551" CreationCount="4"/><InteractionEvent Delta="null" EndDate="2014-09-26 21:59:15.849 JST" Interest="41.0" Kind="selection" Navigation="null" OriginId="org.eclipse.jdt.ui.CompilationUnitEditor" StartDate="2014-09-26 15:34:25.973 JST" StructureHandle="=cm7/src&amp;lt;app.listeners.dialog{DOI_CL.java" StructureKind="java" NumEvents="41" CreationCount="4"/><InteractionEvent Delta="null" EndDate="2014-09-26 21:39:20.340 JST" Interest="50.816" Kind="propagation" Navigation="org.eclipse.mylyn.core.model.edges.containment" OriginId="org.eclipse.mylyn.core.model.interest.propagation" StartDate="2014-09-26 15:34:47.446 JST" StructureHandle="=cm7/src&amp;lt;app.listeners.dialog{DOI_CL.java" StructureKind="java" NumEvents="74" CreationCount="4"/><InteractionEvent Delta="null" EndDate="2014-09-26 15:31:49.516 JST" Interest="1.0" Kind="prediction" Navigation="null" OriginId="org.eclipse.mylyn.resources.ui.interest.updater" StartDate="2014-09-26 15:31:49.516 JST" StructureHandle="=cm7/src&amp;lt;app.listeners.dialog{DOI_CL.java" StructureKind="java"/><InteractionEvent Delta="null" EndDate="2014-09-26 21:59:15.849 JST" Interest="466.0" Kind="propagation" Navigation="null" OriginId="org.eclipse.jdt.ui.CompilationUnitEditor" StartDate="2014-09-26 15:31:49.517 JST" StructureHandle="/cm7/src/app/listeners/dialog" StructureKind="resource" NumEvents="466" CreationCount="4"/><InteractionEvent Delta="null" EndDate="2014-09-26 21:59:20.877 JST" Interest="8.0" Kind="prediction" Navigation="null" OriginId="org.eclipse.mylyn.resources.ui.interest.updater" StartDate="2014-09-26 15:33:27.504 JST" StructureHandle="/cm7/bin/cm7.apk" StructureKind="resource" NumEvents="8" CreationCount="45"/><InteractionEvent Delta="null" EndDate="2014-09-26 21:56:43.723 JST" Interest="2.0" Kind="selection" Navigation="null" OriginId="org.eclipse.ui.views.ResourceNavigator" StartDate="2014-09-26 21:50:06.592 JST" StructureHandle="=SL3/src&amp;lt;sl3.utils{Methods_dlg.java" StructureKind="java" NumEvents="2" CreationCount="1457"/><InteractionEvent Delta="null" EndDate="2014-09-26 21:50:18.810 JST" Interest="4.217" Kind="propagation" Navigation="org.eclipse.mylyn.core.model.edges.containment" OriginId="org.eclipse.mylyn.core.model.interest.propagation" StartDate="2014-09-26 21:50:09.95 JST" StructureHandle="=SL3/src&amp;lt;sl3.utils{Methods_dlg.java" StructureKind="java" NumEvents="7" CreationCount="1457"/><InteractionEvent Delta="null" EndDate="2014-09-26 21:56:43.723 JST" Interest="0.05300045" Kind="manipulation" Navigation="null" OriginId="org.eclipse.mylyn.core.model.interest.decay.correction" StartDate="2014-09-26 21:56:43.723 JST" StructureHandle="=SL3/src&amp;lt;sl3.utils{Methods_dlg.java" StructureKind="java"/><InteractionEvent Delta="null" EndDate="2014-09-26 21:30:22.733 JST" Interest="2.0" Kind="selection" Navigation="null" OriginId="org.eclipse.jdt.ui.CompilationUnitEditor" StartDate="2014-09-26 15:38:41.472 JST" StructureHandle="=cm7/src&amp;lt;app.listeners.dialog{DB_OTL.java[DB_OTL~DB_OTL~QActivity;~QDialog;~QDialog;" StructureKind="java" NumEvents="2" CreationCount="266"/><InteractionEvent Delta="null" EndDate="2014-09-26 21:30:25.494 JST" Interest="2.0" Kind="edit" Navigation="null" OriginId="org.eclipse.jdt.ui.CompilationUnitEditor" StartDate="2014-09-26 21:30:24.169 JST" StructureHandle="=cm7/src&amp;lt;app.listeners.dialog{DB_OTL.java[DB_OTL~DB_OTL~QActivity;~QDialog;~QDialog;" StructureKind="java" NumEvents="2" CreationCount="266"/><InteractionEvent Delta="null" EndDate="2014-09-26 21:30:22.733 JST" Interest="10.577001" Kind="manipulation" Navigation="null" OriginId="org.eclipse.mylyn.core.model.interest.decay.correction" StartDate="2014-09-26 21:30:22.733 JST" StructureHandle="=cm7/src&amp;lt;app.listeners.dialog{DB_OTL.java[DB_OTL~DB_OTL~QActivity;~QDialog;~QDialog;" StructureKind="java"/><InteractionEvent Delta="null" EndDate="2014-09-26 21:57:06.561 JST" Interest="17.0" Kind="selection" Navigation="null" OriginId="org.eclipse.jdt.ui.PackageExplorer" StartDate="2014-09-26 21:11:38.634 JST" StructureHandle="/cm7/res/layout/dlg_tmpl_cancel_lv_3.xml" StructureKind="resource" NumEvents="17" CreationCount="424"/><InteractionEvent Delta="null" EndDate="2014-09-26 21:09:26.834 JST" Interest="1.0" Kind="propagation" Navigation="null" OriginId="org.eclipse.mylyn.resources.ui.interest.updater" StartDate="2014-09-26 21:09:26.834 JST" StructureHandle="/cm7/res/layout/dlg_tmpl_cancel_lv_3.xml" StructureKind="resource"/><InteractionEvent Delta="null" EndDate="2014-09-26 21:50:28.163 JST" Interest="14.0" Kind="edit" Navigation="null" OriginId="com.android.ide.eclipse.editors.CommonXmlEditor" StartDate="2014-09-26 21:13:08.187 JST" StructureHandle="/cm7/res/layout/dlg_tmpl_cancel_lv_3.xml" StructureKind="resource" NumEvents="14" CreationCount="424"/><InteractionEvent Delta="null" EndDate="2014-09-26 21:11:38.634 JST" Interest="0.05400002" Kind="manipulation" Navigation="null" OriginId="org.eclipse.mylyn.core.model.interest.decay.correction" StartDate="2014-09-26 21:11:38.634 JST" StructureHandle="/cm7/res/layout/dlg_tmpl_cancel_lv_3.xml" StructureKind="resource"/><InteractionEvent Delta="null" EndDate="2014-09-26 21:48:03.61 JST" Interest="1.0" Kind="propagation" Navigation="null" OriginId="org.eclipse.mylyn.resources.ui.interest.updater" StartDate="2014-09-26 21:48:03.61 JST" StructureHandle="/cm7/res/drawable/general_ib_ball_blue_48x48.png" StructureKind="resource"/><InteractionEvent Delta="null" EndDate="2014-09-26 21:53:12.702 JST" Interest="2.0" Kind="selection" Navigation="null" OriginId="org.eclipse.jdt.ui.CompilationUnitEditor" StartDate="2014-09-26 15:39:08.549 JST" StructureHandle="=cm7/src&amp;lt;app.listeners.dialog{DB_OCL.java[DB_OCL~DB_OCL~QActivity;~QDialog;~QDialog;~QDialog;" StructureKind="java" NumEvents="2" CreationCount="267"/><InteractionEvent Delta="null" EndDate="2014-09-26 21:53:12.702 JST" Interest="21.712002" Kind="manipulation" Navigation="null" OriginId="org.eclipse.mylyn.core.model.interest.decay.correction" StartDate="2014-09-26 21:53:12.702 JST" StructureHandle="=cm7/src&amp;lt;app.listeners.dialog{DB_OCL.java[DB_OCL~DB_OCL~QActivity;~QDialog;~QDialog;~QDialog;" StructureKind="java"/><InteractionEvent Delta="null" EndDate="2014-09-26 15:43:19.186 JST" Interest="7.0" Kind="selection" Navigation="null" OriginId="org.eclipse.jdt.ui.CompilationUnitEditor" StartDate="2014-09-26 15:34:42.299 JST" StructureHandle="=cm7/src&amp;lt;app.listeners.dialog{DOI_CL.java[DOI_CL~case_DLG_DB_ADMIN_LV__RestoreDB~QActivity;" StructureKind="java" NumEvents="7" CreationCount="63"/><InteractionEvent Delta="null" EndDate="2014-09-26 15:43:27.415 JST" Interest="22.0" Kind="edit" Navigation="null" OriginId="org.eclipse.jdt.ui.CompilationUnitEditor" StartDate="2014-09-26 15:34:43.128 JST" StructureHandle="=cm7/src&amp;lt;app.listeners.dialog{DOI_CL.java[DOI_CL~case_DLG_DB_ADMIN_LV__RestoreDB~QActivity;" StructureKind="java" NumEvents="22" CreationCount="63"/><InteractionEvent Delta="null" EndDate="2014-09-26 21:38:54.889 JST" Interest="16.776001" Kind="propagation" Navigation="org.eclipse.mylyn.core.model.edges.containment" OriginId="org.eclipse.mylyn.core.model.interest.propagation" StartDate="2014-09-26 15:33:27.504 JST" StructureHandle="/cm7/bin" StructureKind="resource" NumEvents="2" CreationCount="296"/><InteractionEvent Delta="null" EndDate="2014-09-26 21:50:31.34 JST" Interest="20.213001" Kind="propagation" Navigation="org.eclipse.mylyn.core.model.edges.containment" OriginId="org.eclipse.mylyn.core.model.interest.propagation" StartDate="2014-09-26 21:20:44.39 JST" StructureHandle="/SL3/res" StructureKind="resource" NumEvents="20" CreationCount="628"/><InteractionEvent Delta="null" EndDate="2014-09-26 21:21:05.237 JST" Interest="31.0" Kind="propagation" Navigation="null" OriginId="com.android.ide.eclipse.editors.CommonXmlEditor" StartDate="2014-09-26 15:40:18.598 JST" StructureHandle="/TA2" StructureKind="resource" NumEvents="31" CreationCount="241"/><InteractionEvent Delta="null" EndDate="2014-09-26 21:56:43.723 JST" Interest="9.0" Kind="propagation" Navigation="org.eclipse.mylyn.core.model.edges.containment" OriginId="org.eclipse.mylyn.core.model.interest.propagation" StartDate="2014-09-26 21:50:06.593 JST" StructureHandle="/SL3/src" StructureKind="resource" NumEvents="9" CreationCount="1457"/><InteractionEvent Delta="null" EndDate="2014-09-26 21:38:54.889 JST" Interest="1.0" Kind="prediction" Navigation="null" OriginId="org.eclipse.mylyn.resources.ui.interest.updater" StartDate="2014-09-26 21:38:54.889 JST" StructureHandle="/cm7/bin/jarlist.cache" StructureKind="resource"/><InteractionEvent Delta="null" EndDate="2014-09-26 21:22:25.210 JST" Interest="1.0" Kind="propagation" Navigation="org.eclipse.mylyn.core.model.edges.containment" OriginId="org.eclipse.mylyn.core.model.interest.propagation" StartDate="2014-09-26 21:22:25.210 JST" StructureHandle="=cm7/src&amp;lt;app.utils{Tags.java[Tags[DialogItemTags" StructureKind="java"/><InteractionEvent Delta="null" EndDate="2014-09-26 21:06:46.688 JST" Interest="1.0" Kind="selection" Navigation="null" OriginId="org.eclipse.ui.views.ContentOutline" StartDate="2014-09-26 21:06:46.688 JST" StructureHandle="=cm7/src&amp;lt;app.listeners.dialog{DOI_CL.java[DOI_CL~case_DLG_IMPACTV_LIST~QString;" StructureKind="java"/><InteractionEvent Delta="null" EndDate="2014-09-26 21:33:27.271 JST" Interest="4.0" Kind="selection" Navigation="null" OriginId="org.eclipse.jdt.ui.CompilationUnitEditor" StartDate="2014-09-26 21:32:31.697 JST" StructureHandle="=cm7/src&amp;lt;app.listeners.dialog{DB_OCL.java[DB_OCL~DB_OCL~QActivity;~QDialog;~QDialog;~QDialog;~QDialog;" StructureKind="java" NumEvents="4" CreationCount="1011"/><InteractionEvent Delta="null" EndDate="2014-09-26 21:33:10.593 JST" Interest="16.0" Kind="edit" Navigation="null" OriginId="org.eclipse.jdt.ui.CompilationUnitEditor" StartDate="2014-09-26 21:32:32.666 JST" StructureHandle="=cm7/src&amp;lt;app.listeners.dialog{DB_OCL.java[DB_OCL~DB_OCL~QActivity;~QDialog;~QDialog;~QDialog;~QDialog;" StructureKind="java" NumEvents="16" CreationCount="1011"/><InteractionEvent Delta="null" EndDate="2014-09-26 21:23:20.417 JST" Interest="4.0" Kind="selection" Navigation="null" OriginId="org.eclipse.jdt.ui.CompilationUnitEditor" StartDate="2014-09-26 21:22:40.320 JST" StructureHandle="=cm7/src&amp;lt;app.listeners.dialog{DOI_CL.java[DOI_CL~DOI_CL~QActivity;~QDialog;~QDialog;~QDialog;" StructureKind="java" NumEvents="4" CreationCount="697"/><InteractionEvent Delta="null" EndDate="2014-09-26 21:23:14.893 JST" Interest="14.0" Kind="edit" Navigation="null" OriginId="org.eclipse.jdt.ui.CompilationUnitEditor" StartDate="2014-09-26 21:22:42.398 JST" StructureHandle="=cm7/src&amp;lt;app.listeners.dialog{DOI_CL.java[DOI_CL~DOI_CL~QActivity;~QDialog;~QDialog;~QDialog;" StructureKind="java" NumEvents="14" CreationCount="697"/><InteractionEvent Delta="null" EndDate="2014-09-26 21:59:15.849 JST" Interest="259.0" Kind="propagation" Navigation="null" OriginId="org.eclipse.jdt.ui.CompilationUnitEditor" StartDate="2014-09-26 15:31:49.517 JST" StructureHandle="/cm7/src/app/listeners/dialog/DOI_CL.java" StructureKind="resource" NumEvents="259" CreationCount="4"/><InteractionEvent Delta="null" EndDate="2014-09-26 21:32:48.515 JST" Interest="1.0" Kind="selection" Navigation="null" OriginId="org.eclipse.jdt.ui.CompilationUnitEditor" StartDate="2014-09-26 21:32:48.515 JST" StructureHandle="=cm7/src&amp;lt;app.listeners.dialog{DB_OCL.java[DB_OCL~DB_OCL~QActivity;~QDialog;~QDialog;~QDialog;~QWordPattern;" StructureKind="java"/><InteractionEvent Delta="null" EndDate="2014-09-26 21:32:52.555 JST" Interest="2.0" Kind="edit" Navigation="null" OriginId="org.eclipse.jdt.ui.CompilationUnitEditor" StartDate="2014-09-26 21:32:50.656 JST" StructureHandle="=cm7/src&amp;lt;app.listeners.dialog{DB_OCL.java[DB_OCL~DB_OCL~QActivity;~QDialog;~QDialog;~QDialog;~QWordPattern;" StructureKind="java" NumEvents="2" CreationCount="1020"/><InteractionEvent Delta="null" EndDate="2014-09-26 21:23:23.558 JST" Interest="1.0" Kind="selection" Navigation="null" OriginId="org.eclipse.jdt.ui.CompilationUnitEditor" StartDate="2014-09-26 21:23:23.558 JST" StructureHandle="=cm7/src&amp;lt;app.listeners.dialog{DOI_CL.java[DOI_CL~DOI_CL~QActivity;~QDialog;~QDialog;~QAI;~I" StructureKind="java"/><InteractionEvent Delta="null" EndDate="2014-09-26 15:35:38.699 JST" Interest="1.0" Kind="selection" Navigation="null" OriginId="org.eclipse.ui.views.ContentOutline" StartDate="2014-09-26 15:35:38.699 JST" StructureHandle="=cm7/src&amp;lt;app.utils{Methods_dlg.java[Methods_dlg~conf_DeleteFolder~QActivity;~QDialog;~QString;~QString;" StructureKind="java"/><InteractionEvent Delta="null" EndDate="2014-09-26 15:35:40.574 JST" Interest="3.0" Kind="edit" Navigation="null" OriginId="org.eclipse.jdt.ui.CompilationUnitEditor" StartDate="2014-09-26 15:35:39.900 JST" StructureHandle="=cm7/src&amp;lt;app.utils{Methods_dlg.java[Methods_dlg~conf_DeleteFolder~QActivity;~QDialog;~QString;~QString;" StructureKind="java" NumEvents="3" CreationCount="91"/><InteractionEvent Delta="null" EndDate="2014-09-26 21:59:16.4 JST" Interest="53.0" Kind="selection" Navigation="null" OriginId="org.eclipse.jdt.ui.CompilationUnitEditor" StartDate="2014-09-26 15:32:51.56 JST" StructureHandle="=cm7/src&amp;lt;app.utils{Methods_dlg.java" StructureKind="java" NumEvents="53" CreationCount="4"/><InteractionEvent Delta="null" EndDate="2014-09-26 21:58:13.878 JST" Interest="331.66202" Kind="propagation" Navigation="org.eclipse.mylyn.core.model.edges.containment" OriginId="org.eclipse.mylyn.core.model.interest.propagation" StartDate="2014-09-26 15:32:59.596 JST" StructureHandle="=cm7/src&amp;lt;app.utils{Methods_dlg.java" StructureKind="java" NumEvents="478" CreationCount="4"/><InteractionEvent Delta="null" EndDate="2014-09-26 15:31:49.517 JST" Interest="1.0" Kind="prediction" Navigation="null" OriginId="org.eclipse.mylyn.resources.ui.interest.updater" StartDate="2014-09-26 15:31:49.517 JST" StructureHandle="=cm7/src&amp;lt;app.utils{Methods_dlg.java" StructureKind="java"/><InteractionEvent Delta="null" EndDate="2014-09-26 21:21:07.897 JST" Interest="6.1" Kind="propagation" Navigation="org.eclipse.mylyn.core.model.edges.containment" OriginId="org.eclipse.mylyn.core.model.interest.propagation" StartDate="2014-09-26 21:20:08.694 JST" StructureHandle="/IFM11/res/values" StructureKind="resource" NumEvents="7" CreationCount="620"/><InteractionEvent Delta="null" EndDate="2014-09-26 21:46:22.839 JST" Interest="1.0" Kind="selection" Navigation="null" OriginId="org.eclipse.jdt.ui.PackageExplorer" StartDate="2014-09-26 21:46:22.839 JST" StructureHandle="/cm7/res/layout/dlg_tmpl_cancel_lv_with_btn.xml" StructureKind="resource"/><InteractionEvent Delta="null" EndDate="2014-09-26 21:46:20.59 JST" Interest="1.0" Kind="propagation" Navigation="null" OriginId="org.eclipse.mylyn.resources.ui.interest.updater" StartDate="2014-09-26 21:46:20.59 JST" StructureHandle="/cm7/res/layout/dlg_tmpl_cancel_lv_with_btn.xml" StructureKind="resource"/><InteractionEvent Delta="null" EndDate="2014-09-26 21:50:31.34 JST" Interest="8.5" Kind="propagation" Navigation="org.eclipse.mylyn.core.model.edges.containment" OriginId="org.eclipse.mylyn.core.model.interest.propagation" StartDate="2014-09-26 21:42:30.6 JST" StructureHandle="/SL3/res/layout" StructureKind="resource" NumEvents="10" CreationCount="1317"/><InteractionEvent Delta="null" EndDate="2014-09-26 21:48:03.61 JST" Interest="1.0" Kind="propagation" Navigation="null" OriginId="org.eclipse.mylyn.resources.ui.interest.updater" StartDate="2014-09-26 21:48:03.61 JST" StructureHandle="/cm7/res/drawable/general_ib_ball_green_48x48.png" StructureKind="resource"/><InteractionEvent Delta="null" EndDate="2014-09-26 21:49:54.197 JST" Interest="1.0" Kind="selection" Navigation="null" OriginId="org.eclipse.ui.views.ResourceNavigator" StartDate="2014-09-26 21:49:54.197 JST" StructureHandle="/SL3/res/drawable/general_ib_ball_brown_48x48.png" StructureKind="resource"/><InteractionEvent Delta="null" EndDate="2014-09-26 21:38:36.976 JST" Interest="5.0" Kind="selection" Navigation="null" OriginId="org.eclipse.jdt.ui.CompilationUnitEditor" StartDate="2014-09-26 21:23:42.325 JST" StructureHandle="=cm7/src&amp;lt;app.listeners.dialog{DOI_CL.java[DOI_CL~onItemClick~QAdapterView\&amp;lt;*&amp;gt;;~QView;~I~J" StructureKind="java" NumEvents="5" CreationCount="732"/><InteractionEvent Delta="null" EndDate="2014-09-26 21:24:21.816 JST" Interest="17.0" Kind="edit" Navigation="null" OriginId="org.eclipse.jdt.ui.CompilationUnitEditor" StartDate="2014-09-26 21:23:43.269 JST" StructureHandle="=cm7/src&amp;lt;app.listeners.dialog{DOI_CL.java[DOI_CL~onItemClick~QAdapterView\&amp;lt;*&amp;gt;;~QView;~I~J" StructureKind="java" NumEvents="17" CreationCount="732"/><InteractionEvent Delta="null" EndDate="2014-09-26 21:48:03.61 JST" Interest="1.0" Kind="propagation" Navigation="null" OriginId="org.eclipse.mylyn.resources.ui.interest.updater" StartDate="2014-09-26 21:48:03.61 JST" StructureHandle="/cm7/res/drawable/general_ib_ball_brown_48x48.png" StructureKind="resource"/><InteractionEvent Delta="null" EndDate="2014-09-26 21:19:48.851 JST" Interest="2.0" Kind="selection" Navigation="null" OriginId="org.eclipse.ui.views.ResourceNavigator" StartDate="2014-09-26 15:40:20.295 JST" StructureHandle="=TA2/src" StructureKind="java" NumEvents="2" CreationCount="330"/><InteractionEvent Delta="null" EndDate="2014-09-26 21:14:25.886 JST" Interest="5.7230005" Kind="propagation" Navigation="org.eclipse.mylyn.core.model.edges.containment" OriginId="org.eclipse.mylyn.core.model.interest.propagation" StartDate="2014-09-26 15:40:20.615 JST" StructureHandle="=TA2/src" StructureKind="java" NumEvents="16" CreationCount="330"/><InteractionEvent Delta="null" EndDate="2014-09-26 21:59:06.909 JST" Interest="21.0" Kind="selection" Navigation="null" OriginId="org.eclipse.jdt.ui.CompilationUnitEditor" StartDate="2014-09-26 15:39:07.208 JST" StructureHandle="=cm7/src&amp;lt;app.listeners.dialog{DB_OCL.java" StructureKind="java" NumEvents="21" CreationCount="201"/><InteractionEvent Delta="null" EndDate="2014-09-26 15:43:12.471 JST" Interest="30.352999" Kind="propagation" Navigation="org.eclipse.mylyn.core.model.edges.containment" OriginId="org.eclipse.mylyn.core.model.interest.propagation" StartDate="2014-09-26 15:39:08.550 JST" StructureHandle="=cm7/src&amp;lt;app.listeners.dialog{DB_OCL.java" StructureKind="java" NumEvents="45" CreationCount="201"/><InteractionEvent Delta="null" EndDate="2014-09-26 21:52:49.102 JST" Interest="1.0" Kind="selection" Navigation="null" OriginId="org.eclipse.jdt.ui.CompilationUnitEditor" StartDate="2014-09-26 21:52:49.102 JST" StructureHandle="=cm7/src&amp;lt;app.utils{Tags.java[Tags[DialogTags^GENERIC_DISMISS_ALL_3RD_DIALOG" StructureKind="java"/><InteractionEvent Delta="null" EndDate="2014-09-26 21:23:16.460 JST" Interest="1.0" Kind="selection" Navigation="null" OriginId="org.eclipse.jdt.ui.CompilationUnitEditor" StartDate="2014-09-26 21:23:16.460 JST" StructureHandle="=cm7/src&amp;lt;app.listeners.dialog{DOI_CL.java[DOI_CL^d3" StructureKind="java"/><InteractionEvent Delta="null" EndDate="2014-09-26 21:23:17.396 JST" Interest="1.0" Kind="edit" Navigation="null" OriginId="org.eclipse.jdt.ui.CompilationUnitEditor" StartDate="2014-09-26 21:23:17.396 JST" StructureHandle="=cm7/src&amp;lt;app.listeners.dialog{DOI_CL.java[DOI_CL^d3" StructureKind="java"/><InteractionEvent Delta="null" EndDate="2014-09-26 21:59:16.231 JST" Interest="23.0" Kind="selection" Navigation="null" OriginId="org.eclipse.jdt.ui.CompilationUnitEditor" StartDate="2014-09-26 15:33:03.188 JST" StructureHandle="=cm7/src&amp;lt;app.utils{Methods_dlg.java[Methods_dlg~dlg_Db_Operations~QActivity;~QDialog;" StructureKind="java" NumEvents="23" CreationCount="29"/><InteractionEvent Delta="null" EndDate="2014-09-26 21:58:55.47 JST" Interest="227.0" Kind="edit" Navigation="null" OriginId="org.eclipse.jdt.ui.CompilationUnitEditor" StartDate="2014-09-26 15:33:03.739 JST" StructureHandle="=cm7/src&amp;lt;app.utils{Methods_dlg.java[Methods_dlg~dlg_Db_Operations~QActivity;~QDialog;" StructureKind="java" NumEvents="227" CreationCount="29"/></InteractionHistory>