<?xml version="1.0" encoding="UTF-8"?><InteractionHistory Id="local-207" Version="1"><InteractionEvent Delta="null" EndDate="2014-11-12 09:09:59.905 JST" Interest="1.0" Kind="propagation" Navigation="org.eclipse.mylyn.core.model.edges.containment" OriginId="org.eclipse.mylyn.core.model.interest.propagation" StartDate="2014-11-12 09:09:59.905 JST" StructureHandle="" StructureKind="java"/><InteractionEvent Delta="null" EndDate="2014-11-12 09:22:51.951 JST" Interest="3.9380007" Kind="propagation" Navigation="org.eclipse.mylyn.core.model.edges.containment" OriginId="org.eclipse.mylyn.core.model.interest.propagation" StartDate="2014-11-12 09:11:49.178 JST" StructureHandle="=TA2/src&amp;lt;ta2.listeners.dialog{DB_OCL.java" StructureKind="java" NumEvents="8" CreationCount="4"/><InteractionEvent Delta="null" EndDate="2014-11-12 09:22:45.800 JST" Interest="6.0" Kind="selection" Navigation="null" OriginId="org.eclipse.jdt.ui.CompilationUnitEditor" StartDate="2014-11-12 09:11:22.970 JST" StructureHandle="=TA2/src&amp;lt;ta2.listeners.dialog{DB_OCL.java" StructureKind="java" NumEvents="6" CreationCount="4"/><InteractionEvent Delta="null" EndDate="2014-11-12 10:41:09.19 JST" Interest="518.034" Kind="propagation" Navigation="null" OriginId="org.eclipse.jdt.ui.CompilationUnitEditor" StartDate="2014-11-12 09:10:03.322 JST" StructureHandle="/TA2/src" StructureKind="resource" NumEvents="520" CreationCount="2"/><InteractionEvent Delta="null" EndDate="2014-11-12 09:22:51.950 JST" Interest="25.0" Kind="propagation" Navigation="null" OriginId="org.eclipse.jdt.ui.CompilationUnitEditor" StartDate="2014-11-12 09:11:22.970 JST" StructureHandle="/TA2/src/ta2/listeners/dialog/DB_OCL.java" StructureKind="resource" NumEvents="25" CreationCount="4"/><InteractionEvent Delta="null" EndDate="2014-11-12 09:11:41.396 JST" Interest="1.0" Kind="selection" Navigation="null" OriginId="org.eclipse.jdt.ui.CompilationUnitEditor" StartDate="2014-11-12 09:11:41.396 JST" StructureHandle="=TA2/src&amp;lt;ta2.listeners.dialog{DB_OCL.java#android.app.Activity" StructureKind="java"/><InteractionEvent Delta="null" EndDate="2014-11-12 09:11:31.66 JST" Interest="1.0" Kind="selection" Navigation="null" OriginId="org.eclipse.jdt.ui.PackageExplorer" StartDate="2014-11-12 09:11:31.66 JST" StructureHandle="=TA2" StructureKind="java"/><InteractionEvent Delta="null" EndDate="2014-11-12 10:41:09.15 JST" Interest="516.034" Kind="propagation" Navigation="org.eclipse.mylyn.core.model.edges.containment" OriginId="org.eclipse.mylyn.core.model.interest.propagation" StartDate="2014-11-12 09:10:03.322 JST" StructureHandle="=TA2" StructureKind="resource" NumEvents="520" CreationCount="2"/><InteractionEvent Delta="null" EndDate="2014-11-12 09:22:51.951 JST" Interest="9.938001" Kind="propagation" Navigation="org.eclipse.mylyn.core.model.edges.containment" OriginId="org.eclipse.mylyn.core.model.interest.propagation" StartDate="2014-11-12 09:11:22.973 JST" StructureHandle="=TA2/src&amp;lt;ta2.listeners.dialog" StructureKind="java" NumEvents="15" CreationCount="4"/><InteractionEvent Delta="null" EndDate="2014-11-12 09:11:41.397 JST" Interest="1.0" Kind="propagation" Navigation="org.eclipse.mylyn.core.model.edges.containment" OriginId="org.eclipse.mylyn.core.model.interest.propagation" StartDate="2014-11-12 09:11:41.397 JST" StructureHandle="=TA2/src&amp;lt;ta2.listeners.dialog{DB_OCL.java#" StructureKind="java"/><InteractionEvent Delta="null" EndDate="2014-11-12 10:41:09.14 JST" Interest="489.0" Kind="propagation" Navigation="org.eclipse.mylyn.core.model.edges.containment" OriginId="org.eclipse.mylyn.core.model.interest.propagation" StartDate="2014-11-12 09:12:41.266 JST" StructureHandle="/TA2/src/ta2/utils" StructureKind="resource" NumEvents="489" CreationCount="27"/><InteractionEvent Delta="null" EndDate="2014-11-12 10:41:09.14 JST" Interest="489.408" Kind="propagation" Navigation="org.eclipse.mylyn.core.model.edges.containment" OriginId="org.eclipse.mylyn.core.model.interest.propagation" StartDate="2014-11-12 09:10:41.457 JST" StructureHandle="/TA2/src/ta2" StructureKind="resource" NumEvents="491" CreationCount="3"/><InteractionEvent Delta="null" EndDate="2014-11-12 10:39:46.648 JST" Interest="6.0" Kind="prediction" Navigation="null" OriginId="org.eclipse.mylyn.resources.ui.interest.updater" StartDate="2014-11-12 09:17:51.66 JST" StructureHandle="/TA2/bin/classes.dex" StructureKind="resource" NumEvents="6" CreationCount="145"/><InteractionEvent Delta="null" EndDate="2014-11-12 09:11:27.480 JST" Interest="2.0" Kind="selection" Navigation="null" OriginId="org.eclipse.jdt.ui.PackageExplorer" StartDate="2014-11-12 09:10:41.457 JST" StructureHandle="=TA2/src&amp;lt;ta2.main" StructureKind="java" NumEvents="2" CreationCount="3"/><InteractionEvent Delta="null" EndDate="2014-11-12 09:22:53.424 JST" Interest="8.0" Kind="selection" Navigation="null" OriginId="org.eclipse.jdt.ui.CompilationUnitEditor" StartDate="2014-11-12 09:12:42.219 JST" StructureHandle="=TA2/src&amp;lt;ta2.utils{Methods.java[Methods~filter_MemoList_Multiple_KW~QActivity;~QString;~\[QString;" StructureKind="java" NumEvents="8" CreationCount="29"/><InteractionEvent Delta="null" EndDate="2014-11-12 09:25:21.867 JST" Interest="103.0" Kind="edit" Navigation="null" OriginId="org.eclipse.jdt.ui.CompilationUnitEditor" StartDate="2014-11-12 09:12:43.295 JST" StructureHandle="=TA2/src&amp;lt;ta2.utils{Methods.java[Methods~filter_MemoList_Multiple_KW~QActivity;~QString;~\[QString;" StructureKind="java" NumEvents="103" CreationCount="29"/><InteractionEvent Delta="null" EndDate="2014-11-12 09:22:51.950 JST" Interest="25.0" Kind="propagation" Navigation="org.eclipse.mylyn.core.model.edges.containment" OriginId="org.eclipse.mylyn.core.model.interest.propagation" StartDate="2014-11-12 09:11:22.971 JST" StructureHandle="/TA2/src/ta2/listeners" StructureKind="resource" NumEvents="25" CreationCount="4"/><InteractionEvent Delta="null" EndDate="2014-11-12 09:09:59.905 JST" Interest="1.0" Kind="selection" Navigation="null" OriginId="org.eclipse.ui.views.ResourceNavigator" StartDate="2014-11-12 09:09:59.905 JST" StructureHandle="=ShoppingList" StructureKind="java"/><InteractionEvent Delta="null" EndDate="2014-11-12 10:39:46.648 JST" Interest="6.0" Kind="prediction" Navigation="null" OriginId="org.eclipse.mylyn.resources.ui.interest.updater" StartDate="2014-11-12 09:17:51.66 JST" StructureHandle="/TA2/bin/TA2.apk" StructureKind="resource" NumEvents="6" CreationCount="145"/><InteractionEvent Delta="null" EndDate="2014-11-12 09:22:51.950 JST" Interest="25.0" Kind="propagation" Navigation="org.eclipse.mylyn.core.model.edges.containment" OriginId="org.eclipse.mylyn.core.model.interest.propagation" StartDate="2014-11-12 09:11:22.971 JST" StructureHandle="/TA2/src/ta2/listeners/dialog" StructureKind="resource" NumEvents="25" CreationCount="4"/><InteractionEvent Delta="null" EndDate="2014-11-12 10:41:09.18 JST" Interest="244.64397" Kind="propagation" Navigation="org.eclipse.mylyn.core.model.edges.containment" OriginId="org.eclipse.mylyn.core.model.interest.propagation" StartDate="2014-11-12 09:12:41.266 JST" StructureHandle="=TA2/src&amp;lt;ta2.utils" StructureKind="java" NumEvents="350" CreationCount="27"/><InteractionEvent Delta="null" EndDate="2014-11-12 09:11:49.977 JST" Interest="1.0" Kind="selection" Navigation="null" OriginId="org.eclipse.jdt.ui.CompilationUnitEditor" StartDate="2014-11-12 09:11:49.977 JST" StructureHandle="=TA2/src&amp;lt;ta2.listeners.dialog{DB_OCL.java[DB_OCL^memo" StructureKind="java"/><InteractionEvent Delta="null" EndDate="2014-11-12 09:11:52.60 JST" Interest="1.0" Kind="edit" Navigation="null" OriginId="org.eclipse.jdt.ui.CompilationUnitEditor" StartDate="2014-11-12 09:11:52.60 JST" StructureHandle="=TA2/src&amp;lt;ta2.listeners.dialog{DB_OCL.java[DB_OCL^memo" StructureKind="java"/><InteractionEvent Delta="null" EndDate="2014-11-12 10:41:09.17 JST" Interest="241.64398" Kind="propagation" Navigation="org.eclipse.mylyn.core.model.edges.containment" OriginId="org.eclipse.mylyn.core.model.interest.propagation" StartDate="2014-11-12 09:12:55.465 JST" StructureHandle="=TA2/src&amp;lt;ta2.utils{Methods.java" StructureKind="java" NumEvents="347" CreationCount="27"/><InteractionEvent Delta="null" EndDate="2014-11-12 09:22:53.366 JST" Interest="3.0" Kind="selection" Navigation="null" OriginId="org.eclipse.jdt.ui.CompilationUnitEditor" StartDate="2014-11-12 09:12:41.265 JST" StructureHandle="=TA2/src&amp;lt;ta2.utils{Methods.java" StructureKind="java" NumEvents="3" CreationCount="27"/><InteractionEvent Delta="null" EndDate="2014-11-12 09:22:51.949 JST" Interest="7.402" Kind="propagation" Navigation="org.eclipse.mylyn.core.model.edges.containment" OriginId="org.eclipse.mylyn.core.model.interest.propagation" StartDate="2014-11-12 09:12:01.716 JST" StructureHandle="=TA2/src&amp;lt;ta2.listeners.dialog{DB_OCL.java[DB_OCL" StructureKind="java" NumEvents="11" CreationCount="12"/><InteractionEvent Delta="null" EndDate="2014-11-12 09:11:47.180 JST" Interest="1.0" Kind="selection" Navigation="null" OriginId="org.eclipse.ui.views.ContentOutline" StartDate="2014-11-12 09:11:47.180 JST" StructureHandle="=TA2/src&amp;lt;ta2.listeners.dialog{DB_OCL.java[DB_OCL" StructureKind="java"/><InteractionEvent Delta="null" EndDate="2014-11-12 09:11:49.177 JST" Interest="2.0" Kind="edit" Navigation="null" OriginId="org.eclipse.jdt.ui.CompilationUnitEditor" StartDate="2014-11-12 09:11:49.150 JST" StructureHandle="=TA2/src&amp;lt;ta2.listeners.dialog{DB_OCL.java[DB_OCL" StructureKind="java" NumEvents="2" CreationCount="12"/><InteractionEvent Delta="null" EndDate="2014-11-12 10:41:09.17 JST" Interest="517.051" Kind="propagation" Navigation="org.eclipse.mylyn.core.model.edges.containment" OriginId="org.eclipse.mylyn.core.model.interest.propagation" StartDate="2014-11-12 09:09:59.905 JST" StructureHandle="/" StructureKind="resource" NumEvents="521" CreationCount="1"/><InteractionEvent Delta="null" EndDate="2014-11-12 09:22:41.32 JST" Interest="2.0" Kind="selection" Navigation="null" OriginId="org.eclipse.jdt.ui.CompilationUnitEditor" StartDate="2014-11-12 09:11:53.15 JST" StructureHandle="=TA2/src&amp;lt;ta2.listeners.dialog{DB_OCL.java[DB_OCL~case_DLG_FILTER_SHOWLIST_OK_2" StructureKind="java" NumEvents="2" CreationCount="18"/><InteractionEvent Delta="null" EndDate="2014-11-12 09:22:51.949 JST" Interest="11.0" Kind="edit" Navigation="null" OriginId="org.eclipse.jdt.ui.CompilationUnitEditor" StartDate="2014-11-12 09:11:53.998 JST" StructureHandle="=TA2/src&amp;lt;ta2.listeners.dialog{DB_OCL.java[DB_OCL~case_DLG_FILTER_SHOWLIST_OK_2" StructureKind="java" NumEvents="11" CreationCount="18"/><InteractionEvent Delta="null" EndDate="2014-11-12 09:30:02.324 JST" Interest="3.0" Kind="propagation" Navigation="org.eclipse.mylyn.core.model.edges.containment" OriginId="org.eclipse.mylyn.core.model.interest.propagation" StartDate="2014-11-12 09:17:51.66 JST" StructureHandle="/TA2/bin" StructureKind="resource" NumEvents="3" CreationCount="145"/><InteractionEvent Delta="null" EndDate="2014-11-12 10:41:09.19 JST" Interest="241.06897" Kind="propagation" Navigation="org.eclipse.mylyn.core.model.edges.containment" OriginId="org.eclipse.mylyn.core.model.interest.propagation" StartDate="2014-11-12 09:10:41.457 JST" StructureHandle="=TA2/src" StructureKind="java" NumEvents="356" CreationCount="2"/><InteractionEvent Delta="null" EndDate="2014-11-12 09:11:39.120 JST" Interest="4.0" Kind="selection" Navigation="null" OriginId="org.eclipse.jdt.ui.PackageExplorer" StartDate="2014-11-12 09:10:03.322 JST" StructureHandle="=TA2/src" StructureKind="java" NumEvents="4" CreationCount="2"/><InteractionEvent Delta="null" EndDate="2014-11-12 09:22:28.64 JST" Interest="12.0" Kind="selection" Navigation="null" OriginId="org.eclipse.jdt.ui.CompilationUnitEditor" StartDate="2014-11-12 09:15:11.227 JST" StructureHandle="=TA2/src&amp;lt;ta2.utils{Methods.java[Methods" StructureKind="java" NumEvents="12" CreationCount="29"/><InteractionEvent Delta="null" EndDate="2014-11-12 10:41:09.14 JST" Interest="227.70999" Kind="propagation" Navigation="org.eclipse.mylyn.core.model.edges.containment" OriginId="org.eclipse.mylyn.core.model.interest.propagation" StartDate="2014-11-12 09:12:42.219 JST" StructureHandle="=TA2/src&amp;lt;ta2.utils{Methods.java[Methods" StructureKind="java" NumEvents="328" CreationCount="29"/><InteractionEvent Delta="null" EndDate="2014-11-12 09:22:28.921 JST" Interest="7.0" Kind="edit" Navigation="null" OriginId="org.eclipse.jdt.ui.CompilationUnitEditor" StartDate="2014-11-12 09:16:03.490 JST" StructureHandle="=TA2/src&amp;lt;ta2.utils{Methods.java[Methods" StructureKind="java" NumEvents="7" CreationCount="29"/><InteractionEvent Delta="null" EndDate="2014-11-12 09:11:27.481 JST" Interest="2.0" Kind="propagation" Navigation="null" OriginId="org.eclipse.jdt.ui.PackageExplorer" StartDate="2014-11-12 09:10:41.457 JST" StructureHandle="/TA2/src/ta2/main" StructureKind="resource" NumEvents="2" CreationCount="3"/><InteractionEvent Delta="null" EndDate="2014-11-12 10:26:07.966 JST" Interest="2.0" Kind="selection" Navigation="null" OriginId="org.eclipse.jdt.ui.CompilationUnitEditor" StartDate="2014-11-12 09:19:38.103 JST" StructureHandle="=TA2/src&amp;lt;ta2.utils{Methods.java[Methods~find_Memo_from_ListView~QActivity;~J" StructureKind="java" NumEvents="2" CreationCount="148"/><InteractionEvent Delta="null" EndDate="2014-11-12 10:26:07.966 JST" Interest="2.0770001" Kind="manipulation" Navigation="null" OriginId="org.eclipse.mylyn.core.model.interest.decay.correction" StartDate="2014-11-12 10:26:07.966 JST" StructureHandle="=TA2/src&amp;lt;ta2.utils{Methods.java[Methods~find_Memo_from_ListView~QActivity;~J" StructureKind="java"/><InteractionEvent Delta="null" EndDate="2014-11-12 09:16:36.377 JST" Interest="2.0" Kind="selection" Navigation="null" OriginId="org.eclipse.jdt.ui.CompilationUnitEditor" StartDate="2014-11-12 09:15:42.915 JST" StructureHandle="=TA2/src&amp;lt;ta2.utils{Methods.java[Methods~_filter_MemoList_Multiple_KW__AND~QActivity;~\[QString;" StructureKind="java" NumEvents="2" CreationCount="102"/><InteractionEvent Delta="null" EndDate="2014-11-12 09:16:42.162 JST" Interest="8.0" Kind="edit" Navigation="null" OriginId="org.eclipse.jdt.ui.CompilationUnitEditor" StartDate="2014-11-12 09:15:44.773 JST" StructureHandle="=TA2/src&amp;lt;ta2.utils{Methods.java[Methods~_filter_MemoList_Multiple_KW__AND~QActivity;~\[QString;" StructureKind="java" NumEvents="8" CreationCount="102"/><InteractionEvent Delta="null" EndDate="2014-11-12 09:09:59.905 JST" Interest="1.0" Kind="propagation" Navigation="null" OriginId="org.eclipse.ui.views.ResourceNavigator" StartDate="2014-11-12 09:09:59.905 JST" StructureHandle="/ShoppingList" StructureKind="resource"/><InteractionEvent Delta="null" EndDate="2014-11-12 10:41:09.14 JST" Interest="489.0" Kind="propagation" Navigation="null" OriginId="org.eclipse.jdt.ui.CompilationUnitEditor" StartDate="2014-11-12 09:12:41.266 JST" StructureHandle="/TA2/src/ta2/utils/Methods.java" StructureKind="resource" NumEvents="489" CreationCount="27"/><InteractionEvent Delta="null" EndDate="2014-11-12 10:26:08.827 JST" Interest="11.0" Kind="selection" Navigation="null" OriginId="org.eclipse.jdt.ui.CompilationUnitEditor" StartDate="2014-11-12 09:14:05.57 JST" StructureHandle="=TA2/src&amp;lt;ta2.utils{Methods.java[Methods~_filter_MemoList_Multiple_KW__OR~QActivity;~\[QString;" StructureKind="java" NumEvents="11" CreationCount="59"/><InteractionEvent Delta="null" EndDate="2014-11-12 10:41:09.13 JST" Interest="333.0" Kind="edit" Navigation="null" OriginId="org.eclipse.jdt.ui.CompilationUnitEditor" StartDate="2014-11-12 09:14:05.787 JST" StructureHandle="=TA2/src&amp;lt;ta2.utils{Methods.java[Methods~_filter_MemoList_Multiple_KW__OR~QActivity;~\[QString;" StructureKind="java" NumEvents="333" CreationCount="59"/></InteractionHistory>