<?xml version="1.0" encoding="UTF-8"?><InteractionHistory Id="local-134" Version="1"><InteractionEvent Delta="null" EndDate="2014-10-08 08:59:42.419 JST" Interest="28.0" Kind="propagation" Navigation="null" OriginId="org.eclipse.jdt.ui.CompilationUnitEditor" StartDate="2014-10-08 08:58:37.127 JST" StructureHandle="/TA2/src/ta2/utils/CONS.java" StructureKind="resource" NumEvents="28" CreationCount="74"/><InteractionEvent Delta="null" EndDate="2014-10-08 09:27:16.107 JST" Interest="7.0" Kind="selection" Navigation="null" OriginId="org.eclipse.jdt.ui.CompilationUnitEditor" StartDate="2014-10-08 09:11:11.484 JST" StructureHandle="=IFM11/src&amp;lt;ifm11.adapters{Adp_TIList.java" StructureKind="java" NumEvents="7" CreationCount="313"/><InteractionEvent Delta="null" EndDate="2014-10-08 09:27:20.795 JST" Interest="5.917" Kind="propagation" Navigation="org.eclipse.mylyn.core.model.edges.containment" OriginId="org.eclipse.mylyn.core.model.interest.propagation" StartDate="2014-10-08 09:11:15.172 JST" StructureHandle="=IFM11/src&amp;lt;ifm11.adapters{Adp_TIList.java" StructureKind="java" NumEvents="9" CreationCount="313"/><InteractionEvent Delta="null" EndDate="2014-10-08 08:56:22.477 JST" Interest="1.0" Kind="selection" Navigation="null" OriginId="org.eclipse.ui.views.ContentOutline" StartDate="2014-10-08 08:56:22.477 JST" StructureHandle="=TA2/src&amp;lt;ta2.main{ShowListActv.java%ta2.main" StructureKind="java"/><InteractionEvent Delta="null" EndDate="2014-10-08 09:29:40.732 JST" Interest="12.0" Kind="selection" Navigation="null" OriginId="org.eclipse.jdt.ui.CompilationUnitEditor" StartDate="2014-10-08 08:55:46.44 JST" StructureHandle="=IFM11/src&amp;lt;ifm11.main{TNActv.java[TNActv~onStart" StructureKind="java" NumEvents="12" CreationCount="13"/><InteractionEvent Delta="null" EndDate="2014-10-08 09:29:42.119 JST" Interest="27.0" Kind="edit" Navigation="null" OriginId="org.eclipse.jdt.ui.CompilationUnitEditor" StartDate="2014-10-08 08:55:46.575 JST" StructureHandle="=IFM11/src&amp;lt;ifm11.main{TNActv.java[TNActv~onStart" StructureKind="java" NumEvents="27" CreationCount="13"/><InteractionEvent Delta="null" EndDate="2014-10-08 08:59:42.419 JST" Interest="28.017" Kind="propagation" Navigation="org.eclipse.mylyn.core.model.edges.containment" OriginId="org.eclipse.mylyn.core.model.interest.propagation" StartDate="2014-10-08 08:58:35.719 JST" StructureHandle="/TA2/src/ta2/utils" StructureKind="resource" NumEvents="29" CreationCount="73"/><InteractionEvent Delta="null" EndDate="2014-10-08 09:27:25.245 JST" Interest="2.0" Kind="selection" Navigation="null" OriginId="org.eclipse.jdt.ui.CompilationUnitEditor" StartDate="2014-10-08 09:27:12.901 JST" StructureHandle="=TA2/src&amp;lt;ta2.adapters{Adp_MemoList.java[Adp_MemoList~_Init_Calendars" StructureKind="java" NumEvents="2" CreationCount="485"/><InteractionEvent Delta="null" EndDate="2014-10-08 09:27:12.927 JST" Interest="2.0" Kind="edit" Navigation="null" OriginId="org.eclipse.jdt.ui.CompilationUnitEditor" StartDate="2014-10-08 09:27:12.916 JST" StructureHandle="=TA2/src&amp;lt;ta2.adapters{Adp_MemoList.java[Adp_MemoList~_Init_Calendars" StructureKind="java" NumEvents="2" CreationCount="485"/><InteractionEvent Delta="null" EndDate="2014-10-08 09:10:42.276 JST" Interest="7.0" Kind="propagation" Navigation="null" OriginId="org.eclipse.jdt.ui.CompilationUnitEditor" StartDate="2014-10-08 08:58:51.844 JST" StructureHandle="/IFM11/src/ifm11/utils/CONS.java" StructureKind="resource" NumEvents="7" CreationCount="85"/><InteractionEvent Delta="null" EndDate="2014-10-08 09:32:44.176 JST" Interest="214.017" Kind="propagation" Navigation="org.eclipse.mylyn.core.model.edges.containment" OriginId="org.eclipse.mylyn.core.model.interest.propagation" StartDate="2014-10-08 08:56:15.459 JST" StructureHandle="/TA2/src/ta2" StructureKind="resource" NumEvents="218" CreationCount="29"/><InteractionEvent Delta="null" EndDate="2014-10-08 08:58:52.577 JST" Interest="1.0" Kind="selection" Navigation="null" OriginId="org.eclipse.jdt.ui.CompilationUnitEditor" StartDate="2014-10-08 08:58:52.577 JST" StructureHandle="=IFM11/src&amp;lt;ifm11.utils{CONS.java[CONS[TNActv^list_Pos_Current" StructureKind="java"/><InteractionEvent Delta="null" EndDate="2014-10-08 08:58:55.39 JST" Interest="1.0" Kind="edit" Navigation="null" OriginId="org.eclipse.jdt.ui.CompilationUnitEditor" StartDate="2014-10-08 08:58:55.39 JST" StructureHandle="=IFM11/src&amp;lt;ifm11.utils{CONS.java[CONS[TNActv^list_Pos_Current" StructureKind="java"/><InteractionEvent Delta="null" EndDate="2014-10-08 09:29:36.355 JST" Interest="7.0" Kind="selection" Navigation="null" OriginId="org.eclipse.jdt.ui.CompilationUnitEditor" StartDate="2014-10-08 09:28:04.747 JST" StructureHandle="=IFM11/src&amp;lt;ifm11.main{TNActv.java[TNActv~_Setup_Adapter" StructureKind="java" NumEvents="7" CreationCount="527"/><InteractionEvent Delta="null" EndDate="2014-10-08 09:28:05.530 JST" Interest="5.0" Kind="edit" Navigation="null" OriginId="org.eclipse.jdt.ui.CompilationUnitEditor" StartDate="2014-10-08 09:28:04.754 JST" StructureHandle="=IFM11/src&amp;lt;ifm11.main{TNActv.java[TNActv~_Setup_Adapter" StructureKind="java" NumEvents="5" CreationCount="527"/><InteractionEvent Delta="null" EndDate="2014-10-08 08:59:42.418 JST" Interest="2.0" Kind="selection" Navigation="null" OriginId="org.eclipse.jdt.ui.CompilationUnitEditor" StartDate="2014-10-08 08:59:16.158 JST" StructureHandle="=TA2/src&amp;lt;ta2.utils{CONS.java[CONS[ShowListActv^list_Pos_Prev" StructureKind="java" NumEvents="2" CreationCount="103"/><InteractionEvent Delta="null" EndDate="2014-10-08 08:59:16.160 JST" Interest="1.0" Kind="edit" Navigation="null" OriginId="org.eclipse.jdt.ui.CompilationUnitEditor" StartDate="2014-10-08 08:59:16.160 JST" StructureHandle="=TA2/src&amp;lt;ta2.utils{CONS.java[CONS[ShowListActv^list_Pos_Prev" StructureKind="java"/><InteractionEvent Delta="null" EndDate="2014-10-08 08:59:42.887 JST" Interest="3.7" Kind="propagation" Navigation="org.eclipse.mylyn.core.model.edges.containment" OriginId="org.eclipse.mylyn.core.model.interest.propagation" StartDate="2014-10-08 08:58:52.578 JST" StructureHandle="=IFM11/src&amp;lt;ifm11.utils{CONS.java[CONS" StructureKind="java" NumEvents="4" CreationCount="86"/><InteractionEvent Delta="null" EndDate="2014-10-08 09:27:49.965 JST" Interest="14.0" Kind="selection" Navigation="null" OriginId="org.eclipse.jdt.ui.CompilationUnitEditor" StartDate="2014-10-08 08:56:02.440 JST" StructureHandle="=IFM11/src&amp;lt;ifm11.main{TNActv.java[TNActv~_Setup_SetSelection" StructureKind="java" NumEvents="14" CreationCount="23"/><InteractionEvent Delta="null" EndDate="2014-10-08 09:27:46.940 JST" Interest="16.0" Kind="edit" Navigation="null" OriginId="org.eclipse.jdt.ui.CompilationUnitEditor" StartDate="2014-10-08 08:56:03.406 JST" StructureHandle="=IFM11/src&amp;lt;ifm11.main{TNActv.java[TNActv~_Setup_SetSelection" StructureKind="java" NumEvents="16" CreationCount="23"/><InteractionEvent Delta="null" EndDate="2014-10-08 08:57:53.88 JST" Interest="2.0" Kind="selection" Navigation="null" OriginId="org.eclipse.search.ui.views.SearchView" StartDate="2014-10-08 08:55:36.664 JST" StructureHandle="=IFM11/src&amp;lt;ifm11.main" StructureKind="java" NumEvents="2" CreationCount="7"/><InteractionEvent Delta="null" EndDate="2014-10-08 09:29:36.169 JST" Interest="29.502003" Kind="propagation" Navigation="org.eclipse.mylyn.core.model.edges.containment" OriginId="org.eclipse.mylyn.core.model.interest.propagation" StartDate="2014-10-08 08:55:40.19 JST" StructureHandle="=IFM11/src&amp;lt;ifm11.main" StructureKind="java" NumEvents="44" CreationCount="7"/><InteractionEvent Delta="null" EndDate="2014-10-08 08:56:15.459 JST" Interest="1.0" Kind="selection" Navigation="null" OriginId="org.eclipse.jdt.ui.PackageExplorer" StartDate="2014-10-08 08:56:15.459 JST" StructureHandle="=TA2/src&amp;lt;ta2.main" StructureKind="java"/><InteractionEvent Delta="null" EndDate="2014-10-08 09:29:43.641 JST" Interest="64.340004" Kind="propagation" Navigation="org.eclipse.mylyn.core.model.edges.containment" OriginId="org.eclipse.mylyn.core.model.interest.propagation" StartDate="2014-10-08 08:56:19.654 JST" StructureHandle="=TA2/src&amp;lt;ta2.main" StructureKind="java" NumEvents="103" CreationCount="29"/><InteractionEvent Delta="null" EndDate="2014-10-08 09:10:42.277 JST" Interest="8.360001" Kind="propagation" Navigation="org.eclipse.mylyn.core.model.edges.containment" OriginId="org.eclipse.mylyn.core.model.interest.propagation" StartDate="2014-10-08 08:55:03.969 JST" StructureHandle="/IFM11/src/ifm11/utils" StructureKind="resource" NumEvents="9" CreationCount="5"/><InteractionEvent Delta="null" EndDate="2014-10-08 09:29:19.207 JST" Interest="11.0" Kind="selection" Navigation="null" OriginId="org.eclipse.jdt.ui.CompilationUnitEditor" StartDate="2014-10-08 08:56:28.479 JST" StructureHandle="=TA2/src&amp;lt;ta2.main{ShowListActv.java[ShowListActv" StructureKind="java" NumEvents="11" CreationCount="33"/><InteractionEvent Delta="null" EndDate="2014-10-08 09:28:16.46 JST" Interest="49.871998" Kind="propagation" Navigation="org.eclipse.mylyn.core.model.edges.containment" OriginId="org.eclipse.mylyn.core.model.interest.propagation" StartDate="2014-10-08 08:56:23.708 JST" StructureHandle="=TA2/src&amp;lt;ta2.main{ShowListActv.java[ShowListActv" StructureKind="java" NumEvents="71" CreationCount="33"/><InteractionEvent Delta="null" EndDate="2014-10-08 09:20:35.907 JST" Interest="2.0" Kind="edit" Navigation="null" OriginId="org.eclipse.jdt.ui.CompilationUnitEditor" StartDate="2014-10-08 08:56:29.244 JST" StructureHandle="=TA2/src&amp;lt;ta2.main{ShowListActv.java[ShowListActv" StructureKind="java" NumEvents="2" CreationCount="33"/><InteractionEvent Delta="null" EndDate="2014-10-08 09:27:45.763 JST" Interest="6.0" Kind="selection" Navigation="null" OriginId="org.eclipse.jdt.ui.CompilationUnitEditor" StartDate="2014-10-08 08:56:12.739 JST" StructureHandle="=IFM11/src&amp;lt;ifm11.main{TNActv.java[TNActv" StructureKind="java" NumEvents="6" CreationCount="11"/><InteractionEvent Delta="null" EndDate="2014-10-08 09:29:42.120 JST" Interest="24.934" Kind="propagation" Navigation="org.eclipse.mylyn.core.model.edges.containment" OriginId="org.eclipse.mylyn.core.model.interest.propagation" StartDate="2014-10-08 08:55:43.0 JST" StructureHandle="=IFM11/src&amp;lt;ifm11.main{TNActv.java[TNActv" StructureKind="java" NumEvents="36" CreationCount="11"/><InteractionEvent Delta="null" EndDate="2014-10-08 08:58:41.102 JST" Interest="1.0" Kind="selection" Navigation="null" OriginId="org.eclipse.ui.views.ContentOutline" StartDate="2014-10-08 08:58:41.102 JST" StructureHandle="=TA2/src&amp;lt;ta2.utils{CONS.java%ta2.utils" StructureKind="java"/><InteractionEvent Delta="null" EndDate="2014-10-08 09:29:47.74 JST" Interest="5.0" Kind="prediction" Navigation="null" OriginId="org.eclipse.mylyn.resources.ui.interest.updater" StartDate="2014-10-08 09:03:46.32 JST" StructureHandle="/TA2/bin/TA2.apk" StructureKind="resource" NumEvents="5" CreationCount="244"/><InteractionEvent Delta="null" EndDate="2014-10-08 09:29:42.120 JST" Interest="109.0" Kind="propagation" Navigation="null" OriginId="org.eclipse.jdt.ui.CompilationUnitEditor" StartDate="2014-10-08 08:55:40.18 JST" StructureHandle="/IFM11/src/ifm11/main/TNActv.java" StructureKind="resource" NumEvents="109" CreationCount="8"/><InteractionEvent Delta="null" EndDate="2014-10-08 08:58:35.719 JST" Interest="1.0" Kind="selection" Navigation="null" OriginId="org.eclipse.jdt.ui.PackageExplorer" StartDate="2014-10-08 08:58:35.719 JST" StructureHandle="=TA2/src&amp;lt;ta2.utils" StructureKind="java"/><InteractionEvent Delta="null" EndDate="2014-10-08 08:59:42.259 JST" Interest="14.968" Kind="propagation" Navigation="org.eclipse.mylyn.core.model.edges.containment" OriginId="org.eclipse.mylyn.core.model.interest.propagation" StartDate="2014-10-08 08:58:37.128 JST" StructureHandle="=TA2/src&amp;lt;ta2.utils" StructureKind="java" NumEvents="24" CreationCount="73"/><InteractionEvent Delta="null" EndDate="2014-10-08 08:58:57.432 JST" Interest="2.0" Kind="selection" Navigation="null" OriginId="org.eclipse.jdt.ui.CompilationUnitEditor" StartDate="2014-10-08 08:58:42.755 JST" StructureHandle="=TA2/src&amp;lt;ta2.utils{CONS.java[CONS[ShowListActv" StructureKind="java" NumEvents="2" CreationCount="77"/><InteractionEvent Delta="null" EndDate="2014-10-08 08:59:13.498 JST" Interest="17.0" Kind="edit" Navigation="null" OriginId="org.eclipse.jdt.ui.CompilationUnitEditor" StartDate="2014-10-08 08:58:42.811 JST" StructureHandle="=TA2/src&amp;lt;ta2.utils{CONS.java[CONS[ShowListActv" StructureKind="java" NumEvents="17" CreationCount="77"/><InteractionEvent Delta="null" EndDate="2014-10-08 08:59:42.887 JST" Interest="2.0" Kind="selection" Navigation="null" OriginId="org.eclipse.jdt.ui.CompilationUnitEditor" StartDate="2014-10-08 08:58:55.881 JST" StructureHandle="=IFM11/src&amp;lt;ifm11.utils{CONS.java[CONS[TNActv" StructureKind="java" NumEvents="2" CreationCount="86"/><InteractionEvent Delta="null" EndDate="2014-10-08 08:58:55.39 JST" Interest="1.7" Kind="propagation" Navigation="org.eclipse.mylyn.core.model.edges.containment" OriginId="org.eclipse.mylyn.core.model.interest.propagation" StartDate="2014-10-08 08:58:52.577 JST" StructureHandle="=IFM11/src&amp;lt;ifm11.utils{CONS.java[CONS[TNActv" StructureKind="java" NumEvents="2" CreationCount="86"/><InteractionEvent Delta="null" EndDate="2014-10-08 09:29:42.121 JST" Interest="172.0" Kind="propagation" Navigation="org.eclipse.mylyn.core.model.edges.containment" OriginId="org.eclipse.mylyn.core.model.interest.propagation" StartDate="2014-10-08 08:54:59.418 JST" StructureHandle="=IFM11" StructureKind="resource" NumEvents="172" CreationCount="1"/><InteractionEvent Delta="null" EndDate="2014-10-08 08:55:36.586 JST" Interest="2.0" Kind="selection" Navigation="null" OriginId="org.eclipse.ui.views.ResourceNavigator" StartDate="2014-10-08 08:55:03.969 JST" StructureHandle="=IFM11/src&amp;lt;ifm11.utils" StructureKind="java" NumEvents="2" CreationCount="5"/><InteractionEvent Delta="null" EndDate="2014-10-08 09:10:42.277 JST" Interest="4.0770006" Kind="propagation" Navigation="org.eclipse.mylyn.core.model.edges.containment" OriginId="org.eclipse.mylyn.core.model.interest.propagation" StartDate="2014-10-08 08:58:51.844 JST" StructureHandle="=IFM11/src&amp;lt;ifm11.utils" StructureKind="java" NumEvents="6" CreationCount="5"/><InteractionEvent Delta="null" EndDate="2014-10-08 09:32:45.272 JST" Interest="420.49298" Kind="propagation" Navigation="org.eclipse.mylyn.core.model.edges.containment" OriginId="org.eclipse.mylyn.core.model.interest.propagation" StartDate="2014-10-08 08:54:59.418 JST" StructureHandle="/" StructureKind="resource" NumEvents="425" CreationCount="1"/><InteractionEvent Delta="null" EndDate="2014-10-08 08:58:09.674 JST" Interest="1.0" Kind="selection" Navigation="null" OriginId="org.eclipse.jdt.ui.CompilationUnitEditor" StartDate="2014-10-08 08:58:09.674 JST" StructureHandle="=IFM11/src&amp;lt;ifm11.main{HistActv.java[HistActv~_Setup_SetSelection" StructureKind="java"/><InteractionEvent Delta="null" EndDate="2014-10-08 08:58:11.499 JST" Interest="1.0" Kind="edit" Navigation="null" OriginId="org.eclipse.jdt.ui.CompilationUnitEditor" StartDate="2014-10-08 08:58:11.499 JST" StructureHandle="=IFM11/src&amp;lt;ifm11.main{HistActv.java[HistActv~_Setup_SetSelection" StructureKind="java"/><InteractionEvent Delta="null" EndDate="2014-10-08 08:55:42.132 JST" Interest="1.0" Kind="selection" Navigation="null" OriginId="org.eclipse.ui.views.ContentOutline" StartDate="2014-10-08 08:55:42.132 JST" StructureHandle="=IFM11/src&amp;lt;ifm11.main{TNActv.java%ifm11.main" StructureKind="java"/><InteractionEvent Delta="null" EndDate="2014-10-08 08:58:33.463 JST" Interest="1.0" Kind="propagation" Navigation="null" OriginId="org.eclipse.jdt.ui.PackageExplorer" StartDate="2014-10-08 08:58:33.463 JST" StructureHandle="/TA2/src/ta2/main/TEMPLATEActv.java" StructureKind="resource"/><InteractionEvent Delta="null" EndDate="2014-10-08 09:10:42.276 JST" Interest="3.0" Kind="selection" Navigation="null" OriginId="org.eclipse.jdt.ui.CompilationUnitEditor" StartDate="2014-10-08 08:58:51.844 JST" StructureHandle="=IFM11/src&amp;lt;ifm11.utils{CONS.java" StructureKind="java" NumEvents="3" CreationCount="85"/><InteractionEvent Delta="null" EndDate="2014-10-08 08:58:55.881 JST" Interest="1.7170002" Kind="propagation" Navigation="org.eclipse.mylyn.core.model.edges.containment" OriginId="org.eclipse.mylyn.core.model.interest.propagation" StartDate="2014-10-08 08:58:52.578 JST" StructureHandle="=IFM11/src&amp;lt;ifm11.utils{CONS.java" StructureKind="java" NumEvents="3" CreationCount="85"/><InteractionEvent Delta="null" EndDate="2014-10-08 09:22:16.957 JST" Interest="4.0" Kind="propagation" Navigation="org.eclipse.mylyn.core.model.edges.containment" OriginId="org.eclipse.mylyn.core.model.interest.propagation" StartDate="2014-10-08 09:03:46.33 JST" StructureHandle="/TA2/bin" StructureKind="resource" NumEvents="4" CreationCount="244"/><InteractionEvent Delta="null" EndDate="2014-10-08 09:29:43.641 JST" Interest="22.0" Kind="selection" Navigation="null" OriginId="org.eclipse.jdt.ui.CompilationUnitEditor" StartDate="2014-10-08 08:56:19.653 JST" StructureHandle="=TA2/src&amp;lt;ta2.main{ShowListActv.java" StructureKind="java" NumEvents="22" CreationCount="30"/><InteractionEvent Delta="null" EndDate="2014-10-08 09:24:59.823 JST" Interest="43.323" Kind="propagation" Navigation="org.eclipse.mylyn.core.model.edges.containment" OriginId="org.eclipse.mylyn.core.model.interest.propagation" StartDate="2014-10-08 08:56:25.475 JST" StructureHandle="=TA2/src&amp;lt;ta2.main{ShowListActv.java" StructureKind="java" NumEvents="65" CreationCount="30"/><InteractionEvent Delta="null" EndDate="2014-10-08 09:29:36.169 JST" Interest="17.0" Kind="selection" Navigation="null" OriginId="org.eclipse.jdt.ui.CompilationUnitEditor" StartDate="2014-10-08 08:55:40.18 JST" StructureHandle="=IFM11/src&amp;lt;ifm11.main{TNActv.java" StructureKind="java" NumEvents="17" CreationCount="8"/><InteractionEvent Delta="null" EndDate="2014-10-08 09:28:00.607 JST" Interest="14.4850025" Kind="propagation" Navigation="org.eclipse.mylyn.core.model.edges.containment" OriginId="org.eclipse.mylyn.core.model.interest.propagation" StartDate="2014-10-08 08:55:46.82 JST" StructureHandle="=IFM11/src&amp;lt;ifm11.main{TNActv.java" StructureKind="java" NumEvents="21" CreationCount="8"/><InteractionEvent Delta="null" EndDate="2014-10-08 09:10:56.658 JST" Interest="4.0" Kind="selection" Navigation="null" OriginId="org.eclipse.jdt.ui.CompilationUnitEditor" StartDate="2014-10-08 08:59:16.891 JST" StructureHandle="=IFM11/src&amp;lt;ifm11.adapters{Adp_TIList_Move.java" StructureKind="java" NumEvents="4" CreationCount="68"/><InteractionEvent Delta="null" EndDate="2014-10-08 09:11:05.426 JST" Interest="7.299999" Kind="propagation" Navigation="org.eclipse.mylyn.core.model.edges.containment" OriginId="org.eclipse.mylyn.core.model.interest.propagation" StartDate="2014-10-08 08:58:21.22 JST" StructureHandle="=IFM11/src&amp;lt;ifm11.adapters{Adp_TIList_Move.java" StructureKind="java" NumEvents="10" CreationCount="68"/><InteractionEvent Delta="null" EndDate="2014-10-08 09:32:44.176 JST" Interest="214.017" Kind="propagation" Navigation="null" OriginId="org.eclipse.jdt.ui.CompilationUnitEditor" StartDate="2014-10-08 08:56:15.459 JST" StructureHandle="/TA2/src/ta2/main" StructureKind="resource" NumEvents="215" CreationCount="29"/><InteractionEvent Delta="null" EndDate="2014-10-08 09:00:23.95 JST" Interest="2.0" Kind="selection" Navigation="null" OriginId="org.eclipse.jdt.ui.CompilationUnitEditor" StartDate="2014-10-08 08:57:21.21 JST" StructureHandle="=TA2/src&amp;lt;ta2.main{ShowListActv.java[ShowListActv~onListItemClick~QListView;~QView;~I~J" StructureKind="java" NumEvents="2" CreationCount="53"/><InteractionEvent Delta="null" EndDate="2014-10-08 09:00:23.95 JST" Interest="0.6660001" Kind="manipulation" Navigation="null" OriginId="org.eclipse.mylyn.core.model.interest.decay.correction" StartDate="2014-10-08 09:00:23.95 JST" StructureHandle="=TA2/src&amp;lt;ta2.main{ShowListActv.java[ShowListActv~onListItemClick~QListView;~QView;~I~J" StructureKind="java"/><InteractionEvent Delta="null" EndDate="2014-10-08 08:58:33.463 JST" Interest="1.0" Kind="selection" Navigation="null" OriginId="org.eclipse.jdt.ui.PackageExplorer" StartDate="2014-10-08 08:58:33.463 JST" StructureHandle="=TA2/src&amp;lt;ta2.main{TEMPLATEActv.java" StructureKind="java"/><InteractionEvent Delta="null" EndDate="2014-10-08 09:32:45.272 JST" Interest="420.034" Kind="propagation" Navigation="null" OriginId="org.eclipse.jdt.ui.PackageExplorer" StartDate="2014-10-08 08:56:13.883 JST" StructureHandle="/TA2/src" StructureKind="resource" NumEvents="423" CreationCount="28"/><InteractionEvent Delta="null" EndDate="2014-10-08 09:24:12.509 JST" Interest="1.0" Kind="selection" Navigation="null" OriginId="org.eclipse.jdt.ui.CompilationUnitEditor" StartDate="2014-10-08 09:24:12.509 JST" StructureHandle="=TA2/src&amp;lt;ta2.main{ShowListActv.java[ShowListActv~_Setup_List" StructureKind="java"/><InteractionEvent Delta="null" EndDate="2014-10-08 09:24:28.966 JST" Interest="3.0" Kind="edit" Navigation="null" OriginId="org.eclipse.jdt.ui.CompilationUnitEditor" StartDate="2014-10-08 09:24:13.272 JST" StructureHandle="=TA2/src&amp;lt;ta2.main{ShowListActv.java[ShowListActv~_Setup_List" StructureKind="java" NumEvents="3" CreationCount="451"/><InteractionEvent Delta="null" EndDate="2014-10-08 08:56:25.475 JST" Interest="3.0" Kind="selection" Navigation="null" OriginId="org.eclipse.jdt.ui.CompilationUnitEditor" StartDate="2014-10-08 08:56:23.708 JST" StructureHandle="=TA2/src&amp;lt;ta2.main{ShowListActv.java[ShowListActv~onOptionsItemSelected~QMenuItem;" StructureKind="java" NumEvents="3" CreationCount="33"/><InteractionEvent Delta="null" EndDate="2014-10-08 09:32:44.598 JST" Interest="175.0" Kind="propagation" Navigation="null" OriginId="org.eclipse.jdt.ui.PackageExplorer" StartDate="2014-10-08 08:59:26.626 JST" StructureHandle="/TA2/src/ta2/adapters/Adp_MemoList.java" StructureKind="resource" NumEvents="175" CreationCount="110"/><InteractionEvent Delta="null" EndDate="2014-10-08 09:32:45.272 JST" Interest="420.034" Kind="propagation" Navigation="org.eclipse.mylyn.core.model.edges.containment" OriginId="org.eclipse.mylyn.core.model.interest.propagation" StartDate="2014-10-08 08:56:13.883 JST" StructureHandle="=TA2" StructureKind="resource" NumEvents="423" CreationCount="28"/><InteractionEvent Delta="null" EndDate="2014-10-08 09:29:16.850 JST" Interest="6.0" Kind="selection" Navigation="null" OriginId="org.eclipse.jdt.ui.CompilationUnitEditor" StartDate="2014-10-08 09:28:19.364 JST" StructureHandle="=TA2/src&amp;lt;ta2.main{ShowListActv.java[ShowListActv~_Setup_Adapter" StructureKind="java" NumEvents="6" CreationCount="536"/><InteractionEvent Delta="null" EndDate="2014-10-08 09:29:13.870 JST" Interest="15.0" Kind="edit" Navigation="null" OriginId="org.eclipse.jdt.ui.CompilationUnitEditor" StartDate="2014-10-08 09:28:23.965 JST" StructureHandle="=TA2/src&amp;lt;ta2.main{ShowListActv.java[ShowListActv~_Setup_Adapter" StructureKind="java" NumEvents="15" CreationCount="536"/><InteractionEvent Delta="null" EndDate="2014-10-08 09:11:05.426 JST" Interest="18.0" Kind="propagation" Navigation="null" OriginId="org.eclipse.jdt.ui.CompilationUnitEditor" StartDate="2014-10-08 08:58:21.22 JST" StructureHandle="/IFM11/src/ifm11/adapters/Adp_TIList_Move.java" StructureKind="resource" NumEvents="18" CreationCount="68"/><InteractionEvent Delta="null" EndDate="2014-10-08 09:27:20.795 JST" Interest="17.082" Kind="propagation" Navigation="org.eclipse.mylyn.core.model.edges.containment" OriginId="org.eclipse.mylyn.core.model.interest.propagation" StartDate="2014-10-08 08:58:21.22 JST" StructureHandle="=IFM11/src&amp;lt;ifm11.adapters" StructureKind="java" NumEvents="27" CreationCount="68"/><InteractionEvent Delta="null" EndDate="2014-10-08 09:27:20.795 JST" Interest="44.0" Kind="propagation" Navigation="null" OriginId="org.eclipse.jdt.ui.CompilationUnitEditor" StartDate="2014-10-08 08:58:21.22 JST" StructureHandle="/IFM11/src/ifm11/adapters" StructureKind="resource" NumEvents="44" CreationCount="68"/><InteractionEvent Delta="null" EndDate="2014-10-08 08:59:13.498 JST" Interest="13.9" Kind="propagation" Navigation="org.eclipse.mylyn.core.model.edges.containment" OriginId="org.eclipse.mylyn.core.model.interest.propagation" StartDate="2014-10-08 08:58:42.755 JST" StructureHandle="=TA2/src&amp;lt;ta2.utils{CONS.java[CONS" StructureKind="java" NumEvents="19" CreationCount="77"/><InteractionEvent Delta="null" EndDate="2014-10-08 09:27:20.794 JST" Interest="26.0" Kind="propagation" Navigation="null" OriginId="org.eclipse.jdt.ui.CompilationUnitEditor" StartDate="2014-10-08 09:11:11.485 JST" StructureHandle="/IFM11/src/ifm11/adapters/Adp_TIList.java" StructureKind="resource" NumEvents="26" CreationCount="313"/><InteractionEvent Delta="null" EndDate="2014-10-08 09:32:44.175 JST" Interest="212.0" Kind="propagation" Navigation="null" OriginId="org.eclipse.jdt.ui.CompilationUnitEditor" StartDate="2014-10-08 08:56:19.653 JST" StructureHandle="/TA2/src/ta2/main/ShowListActv.java" StructureKind="resource" NumEvents="212" CreationCount="30"/><InteractionEvent Delta="null" EndDate="2014-10-08 08:59:46.673 JST" Interest="1.0" Kind="selection" Navigation="null" OriginId="org.eclipse.ui.views.ContentOutline" StartDate="2014-10-08 08:59:46.673 JST" StructureHandle="=TA2/src&amp;lt;ta2.adapters{Adp_MemoList.java%ta2.adapters" StructureKind="java"/><InteractionEvent Delta="null" EndDate="2014-10-08 09:29:47.74 JST" Interest="5.0" Kind="prediction" Navigation="null" OriginId="org.eclipse.mylyn.resources.ui.interest.updater" StartDate="2014-10-08 09:03:46.32 JST" StructureHandle="/TA2/bin/classes.dex" StructureKind="resource" NumEvents="5" CreationCount="244"/><InteractionEvent Delta="null" EndDate="2014-10-08 08:59:23.244 JST" Interest="1.0" Kind="selection" Navigation="null" OriginId="org.eclipse.jdt.ui.PackageExplorer" StartDate="2014-10-08 08:59:23.244 JST" StructureHandle="=TA2/src&amp;lt;ta2.main{MainActv.java" StructureKind="java"/><InteractionEvent Delta="null" EndDate="2014-10-08 09:32:44.829 JST" Interest="2.0" Kind="selection" Navigation="null" OriginId="org.eclipse.jdt.ui.PackageExplorer" StartDate="2014-10-08 08:59:24.341 JST" StructureHandle="=TA2/src&amp;lt;ta2.adapters" StructureKind="java" NumEvents="2" CreationCount="109"/><InteractionEvent Delta="null" EndDate="2014-10-08 09:32:44.599 JST" Interest="110.455" Kind="propagation" Navigation="org.eclipse.mylyn.core.model.edges.containment" OriginId="org.eclipse.mylyn.core.model.interest.propagation" StartDate="2014-10-08 08:59:26.626 JST" StructureHandle="=TA2/src&amp;lt;ta2.adapters" StructureKind="java" NumEvents="160" CreationCount="109"/><InteractionEvent Delta="null" EndDate="2014-10-08 09:29:42.121 JST" Interest="114.017" Kind="propagation" Navigation="null" OriginId="org.eclipse.jdt.ui.CompilationUnitEditor" StartDate="2014-10-08 08:55:36.664 JST" StructureHandle="/IFM11/src/ifm11/main" StructureKind="resource" NumEvents="115" CreationCount="7"/><InteractionEvent Delta="null" EndDate="2014-10-08 08:56:24.862 JST" Interest="1.0" Kind="selection" Navigation="null" OriginId="org.eclipse.ui.views.ContentOutline" StartDate="2014-10-08 08:56:24.862 JST" StructureHandle="=TA2/src&amp;lt;ta2.main{ShowListActv.java[ShowListActv~onResume" StructureKind="java"/><InteractionEvent Delta="null" EndDate="2014-10-08 09:11:05.426 JST" Interest="11.299999" Kind="propagation" Navigation="org.eclipse.mylyn.core.model.edges.containment" OriginId="org.eclipse.mylyn.core.model.interest.propagation" StartDate="2014-10-08 08:58:21.22 JST" StructureHandle="=IFM11/src&amp;lt;ifm11.adapters{Adp_TIList_Move.java[Adp_TIList_Move" StructureKind="java" NumEvents="14" CreationCount="68"/><InteractionEvent Delta="null" EndDate="2014-10-08 09:27:20.794 JST" Interest="12.9" Kind="propagation" Navigation="org.eclipse.mylyn.core.model.edges.containment" OriginId="org.eclipse.mylyn.core.model.interest.propagation" StartDate="2014-10-08 09:11:15.172 JST" StructureHandle="=IFM11/src&amp;lt;ifm11.adapters{Adp_TIList.java[Adp_TIList" StructureKind="java" NumEvents="15" CreationCount="314"/><InteractionEvent Delta="null" EndDate="2014-10-08 09:10:56.702 JST" Interest="5.0" Kind="selection" Navigation="null" OriginId="org.eclipse.jdt.ui.CompilationUnitEditor" StartDate="2014-10-08 08:58:21.21 JST" StructureHandle="=IFM11/src&amp;lt;ifm11.adapters{Adp_TIList_Move.java[Adp_TIList_Move~getView~I~QView;~QViewGroup;" StructureKind="java" NumEvents="5" CreationCount="68"/><InteractionEvent Delta="null" EndDate="2014-10-08 09:11:05.425 JST" Interest="9.0" Kind="edit" Navigation="null" OriginId="org.eclipse.jdt.ui.CompilationUnitEditor" StartDate="2014-10-08 08:58:21.780 JST" StructureHandle="=IFM11/src&amp;lt;ifm11.adapters{Adp_TIList_Move.java[Adp_TIList_Move~getView~I~QView;~QViewGroup;" StructureKind="java" NumEvents="9" CreationCount="68"/><InteractionEvent Delta="null" EndDate="2014-10-08 09:32:44.598 JST" Interest="18.0" Kind="selection" Navigation="null" OriginId="org.eclipse.jdt.ui.PackageExplorer" StartDate="2014-10-08 08:59:26.626 JST" StructureHandle="=TA2/src&amp;lt;ta2.adapters{Adp_MemoList.java" StructureKind="java" NumEvents="18" CreationCount="110"/><InteractionEvent Delta="null" EndDate="2014-10-08 09:26:09.548 JST" Interest="93.438" Kind="propagation" Navigation="org.eclipse.mylyn.core.model.edges.containment" OriginId="org.eclipse.mylyn.core.model.interest.propagation" StartDate="2014-10-08 08:59:48.318 JST" StructureHandle="=TA2/src&amp;lt;ta2.adapters{Adp_MemoList.java" StructureKind="java" NumEvents="139" CreationCount="110"/><InteractionEvent Delta="null" EndDate="2014-10-08 08:55:46.83 JST" Interest="3.0" Kind="selection" Navigation="null" OriginId="org.eclipse.jdt.ui.CompilationUnitEditor" StartDate="2014-10-08 08:55:43.0 JST" StructureHandle="=IFM11/src&amp;lt;ifm11.main{TNActv.java[TNActv~onListItemClick~QListView;~QView;~I~J" StructureKind="java" NumEvents="3" CreationCount="11"/><InteractionEvent Delta="null" EndDate="2014-10-08 08:59:42.259 JST" Interest="5.0" Kind="selection" Navigation="null" OriginId="org.eclipse.jdt.ui.CompilationUnitEditor" StartDate="2014-10-08 08:58:37.127 JST" StructureHandle="=TA2/src&amp;lt;ta2.utils{CONS.java" StructureKind="java" NumEvents="5" CreationCount="74"/><InteractionEvent Delta="null" EndDate="2014-10-08 08:59:16.161 JST" Interest="10.951" Kind="propagation" Navigation="org.eclipse.mylyn.core.model.edges.containment" OriginId="org.eclipse.mylyn.core.model.interest.propagation" StartDate="2014-10-08 08:58:43.297 JST" StructureHandle="=TA2/src&amp;lt;ta2.utils{CONS.java" StructureKind="java" NumEvents="17" CreationCount="74"/><InteractionEvent Delta="null" EndDate="2014-10-08 09:03:04.270 JST" Interest="1.0" Kind="selection" Navigation="null" OriginId="org.eclipse.jdt.ui.CompilationUnitEditor" StartDate="2014-10-08 09:03:04.270 JST" StructureHandle="=TA2/src&amp;lt;ta2.adapters{Adp_MemoList.java[Adp_MemoList" StructureKind="java"/><InteractionEvent Delta="null" EndDate="2014-10-08 09:27:07.675 JST" Interest="107.49999" Kind="propagation" Navigation="org.eclipse.mylyn.core.model.edges.containment" OriginId="org.eclipse.mylyn.core.model.interest.propagation" StartDate="2014-10-08 08:59:47.731 JST" StructureHandle="=TA2/src&amp;lt;ta2.adapters{Adp_MemoList.java[Adp_MemoList" StructureKind="java" NumEvents="149" CreationCount="124"/><InteractionEvent Delta="null" EndDate="2014-10-08 09:03:04.274 JST" Interest="1.0" Kind="edit" Navigation="null" OriginId="org.eclipse.jdt.ui.CompilationUnitEditor" StartDate="2014-10-08 09:03:04.274 JST" StructureHandle="=TA2/src&amp;lt;ta2.adapters{Adp_MemoList.java[Adp_MemoList" StructureKind="java"/><InteractionEvent Delta="null" EndDate="2014-10-08 08:58:11.499 JST" Interest="1.7" Kind="propagation" Navigation="org.eclipse.mylyn.core.model.edges.containment" OriginId="org.eclipse.mylyn.core.model.interest.propagation" StartDate="2014-10-08 08:58:09.674 JST" StructureHandle="=IFM11/src&amp;lt;ifm11.main{HistActv.java[HistActv" StructureKind="java" NumEvents="2" CreationCount="66"/><InteractionEvent Delta="null" EndDate="2014-10-08 09:27:18.266 JST" Interest="2.0" Kind="selection" Navigation="null" OriginId="org.eclipse.jdt.ui.CompilationUnitEditor" StartDate="2014-10-08 09:27:01.504 JST" StructureHandle="=IFM11/src&amp;lt;ifm11.adapters{Adp_TIList.java[Adp_TIList~Adp_TIList~QContext;~I~QList\&amp;lt;QTI;&amp;gt;;~QCONS.Enums.MoveMode;" StructureKind="java" NumEvents="2" CreationCount="479"/><InteractionEvent Delta="null" EndDate="2014-10-08 09:27:18.269 JST" Interest="2.0" Kind="edit" Navigation="null" OriginId="org.eclipse.jdt.ui.CompilationUnitEditor" StartDate="2014-10-08 09:27:01.510 JST" StructureHandle="=IFM11/src&amp;lt;ifm11.adapters{Adp_TIList.java[Adp_TIList~Adp_TIList~QContext;~I~QList\&amp;lt;QTI;&amp;gt;;~QCONS.Enums.MoveMode;" StructureKind="java" NumEvents="2" CreationCount="479"/><InteractionEvent Delta="null" EndDate="2014-10-08 09:27:20.790 JST" Interest="8.0" Kind="selection" Navigation="null" OriginId="org.eclipse.jdt.ui.CompilationUnitEditor" StartDate="2014-10-08 09:11:15.172 JST" StructureHandle="=IFM11/src&amp;lt;ifm11.adapters{Adp_TIList.java[Adp_TIList~getView~I~QView;~QViewGroup;" StructureKind="java" NumEvents="8" CreationCount="314"/><InteractionEvent Delta="null" EndDate="2014-10-08 09:27:20.794 JST" Interest="7.0" Kind="edit" Navigation="null" OriginId="org.eclipse.jdt.ui.CompilationUnitEditor" StartDate="2014-10-08 09:11:15.189 JST" StructureHandle="=IFM11/src&amp;lt;ifm11.adapters{Adp_TIList.java[Adp_TIList~getView~I~QView;~QViewGroup;" StructureKind="java" NumEvents="7" CreationCount="314"/><InteractionEvent Delta="null" EndDate="2014-10-08 08:55:45.548 JST" Interest="1.0" Kind="selection" Navigation="null" OriginId="org.eclipse.ui.views.ContentOutline" StartDate="2014-10-08 08:55:45.548 JST" StructureHandle="=IFM11/src&amp;lt;ifm11.main{TNActv.java[TNActv~onStop" StructureKind="java"/><InteractionEvent Delta="null" EndDate="2014-10-08 08:58:08.949 JST" Interest="2.0" Kind="selection" Navigation="null" OriginId="org.eclipse.jdt.ui.CompilationUnitEditor" StartDate="2014-10-08 08:57:54.806 JST" StructureHandle="=IFM11/src&amp;lt;ifm11.main{HistActv.java" StructureKind="java" NumEvents="2" CreationCount="60"/><InteractionEvent Delta="null" EndDate="2014-10-08 08:58:11.499 JST" Interest="4.0" Kind="propagation" Navigation="null" OriginId="org.eclipse.jdt.ui.CompilationUnitEditor" StartDate="2014-10-08 08:57:54.806 JST" StructureHandle="/IFM11/src/ifm11/main/HistActv.java" StructureKind="resource" NumEvents="4" CreationCount="60"/><InteractionEvent Delta="null" EndDate="2014-10-08 09:27:07.674 JST" Interest="14.0" Kind="selection" Navigation="null" OriginId="org.eclipse.jdt.ui.CompilationUnitEditor" StartDate="2014-10-08 08:59:47.731 JST" StructureHandle="=TA2/src&amp;lt;ta2.adapters{Adp_MemoList.java[Adp_MemoList~getView~I~QView;~QViewGroup;" StructureKind="java" NumEvents="14" CreationCount="124"/><InteractionEvent Delta="null" EndDate="2014-10-08 09:26:01.759 JST" Interest="136.0" Kind="edit" Navigation="null" OriginId="org.eclipse.jdt.ui.CompilationUnitEditor" StartDate="2014-10-08 08:59:47.826 JST" StructureHandle="=TA2/src&amp;lt;ta2.adapters{Adp_MemoList.java[Adp_MemoList~getView~I~QView;~QViewGroup;" StructureKind="java" NumEvents="136" CreationCount="124"/><InteractionEvent Delta="null" EndDate="2014-10-08 08:59:23.244 JST" Interest="1.0" Kind="propagation" Navigation="null" OriginId="org.eclipse.jdt.ui.PackageExplorer" StartDate="2014-10-08 08:59:23.244 JST" StructureHandle="/TA2/src/ta2/main/MainActv.java" StructureKind="resource"/><InteractionEvent Delta="null" EndDate="2014-10-08 08:55:02.344 JST" Interest="1.0" Kind="selection" Navigation="null" OriginId="org.eclipse.ui.views.ResourceNavigator" StartDate="2014-10-08 08:55:02.344 JST" StructureHandle="=IFM11/src&amp;lt;ifm11" StructureKind="java"/><InteractionEvent Delta="null" EndDate="2014-10-08 09:28:16.46 JST" Interest="18.0" Kind="selection" Navigation="null" OriginId="org.eclipse.jdt.ui.CompilationUnitEditor" StartDate="2014-10-08 08:56:34.571 JST" StructureHandle="=TA2/src&amp;lt;ta2.main{ShowListActv.java[ShowListActv~_Setup_SetSelection" StructureKind="java" NumEvents="18" CreationCount="49"/><InteractionEvent Delta="null" EndDate="2014-10-08 09:24:59.822 JST" Interest="60.0" Kind="edit" Navigation="null" OriginId="org.eclipse.jdt.ui.CompilationUnitEditor" StartDate="2014-10-08 08:56:39.224 JST" StructureHandle="=TA2/src&amp;lt;ta2.main{ShowListActv.java[ShowListActv~_Setup_SetSelection" StructureKind="java" NumEvents="60" CreationCount="49"/><InteractionEvent Delta="null" EndDate="2014-10-08 09:29:42.121 JST" Interest="172.0" Kind="propagation" Navigation="null" OriginId="org.eclipse.jdt.ui.CompilationUnitEditor" StartDate="2014-10-08 08:54:59.418 JST" StructureHandle="/IFM11/src" StructureKind="resource" NumEvents="172" CreationCount="1"/><InteractionEvent Delta="null" EndDate="2014-10-08 09:29:42.120 JST" Interest="113.068" Kind="propagation" Navigation="org.eclipse.mylyn.core.model.edges.containment" OriginId="org.eclipse.mylyn.core.model.interest.propagation" StartDate="2014-10-08 08:55:02.345 JST" StructureHandle="/IFM11/src/ifm11" StructureKind="resource" NumEvents="116" CreationCount="4"/><InteractionEvent Delta="null" EndDate="2014-10-08 09:32:44.829 JST" Interest="176.017" Kind="propagation" Navigation="null" OriginId="org.eclipse.jdt.ui.PackageExplorer" StartDate="2014-10-08 08:59:24.341 JST" StructureHandle="/TA2/src/ta2/adapters" StructureKind="resource" NumEvents="177" CreationCount="109"/><InteractionEvent Delta="null" EndDate="2014-10-08 09:30:05.662 JST" Interest="18.0" Kind="selection" Navigation="null" OriginId="org.eclipse.ui.views.ContentOutline" StartDate="2014-10-08 08:56:25.380 JST" StructureHandle="=TA2/src&amp;lt;ta2.main{ShowListActv.java[ShowListActv~onStart" StructureKind="java" NumEvents="18" CreationCount="35"/><InteractionEvent Delta="null" EndDate="2014-10-08 09:32:44.175 JST" Interest="49.0" Kind="edit" Navigation="null" OriginId="org.eclipse.jdt.ui.CompilationUnitEditor" StartDate="2014-10-08 08:56:25.978 JST" StructureHandle="=TA2/src&amp;lt;ta2.main{ShowListActv.java[ShowListActv~onStart" StructureKind="java" NumEvents="49" CreationCount="35"/><InteractionEvent Delta="null" EndDate="2014-10-08 08:55:00.907 JST" Interest="3.0" Kind="selection" Navigation="null" OriginId="org.eclipse.ui.views.ResourceNavigator" StartDate="2014-10-08 08:54:59.418 JST" StructureHandle="=IFM11/src" StructureKind="java" NumEvents="3" CreationCount="1"/><InteractionEvent Delta="null" EndDate="2014-10-08 09:29:36.357 JST" Interest="28.604004" Kind="propagation" Navigation="org.eclipse.mylyn.core.model.edges.containment" OriginId="org.eclipse.mylyn.core.model.interest.propagation" StartDate="2014-10-08 08:55:46.84 JST" StructureHandle="=IFM11/src" StructureKind="java" NumEvents="51" CreationCount="1"/><InteractionEvent Delta="null" EndDate="2014-10-08 09:32:45.272 JST" Interest="2.0" Kind="selection" Navigation="null" OriginId="org.eclipse.jdt.ui.PackageExplorer" StartDate="2014-10-08 08:56:13.883 JST" StructureHandle="=TA2/src" StructureKind="java" NumEvents="2" CreationCount="28"/><InteractionEvent Delta="null" EndDate="2014-10-08 09:32:44.829 JST" Interest="112.832" Kind="propagation" Navigation="org.eclipse.mylyn.core.model.edges.containment" OriginId="org.eclipse.mylyn.core.model.interest.propagation" StartDate="2014-10-08 08:56:15.460 JST" StructureHandle="=TA2/src" StructureKind="java" NumEvents="169" CreationCount="28"/></InteractionHistory>