<?xml version="1.0" encoding="UTF-8"?><InteractionHistory Id="local-136" Version="1"><InteractionEvent Delta="null" EndDate="2014-10-09 07:57:13.852 JST" Interest="1.0" Kind="propagation" Navigation="null" OriginId="org.eclipse.mylyn.resources.ui.interest.updater" StartDate="2014-10-09 07:57:13.852 JST" StructureHandle="/TA2/res/drawable/ifm8_thumb_down_50x50_disenabled.png" StructureKind="resource"/><InteractionEvent Delta="null" EndDate="2014-10-09 07:45:57.197 JST" Interest="2.0" Kind="edit" Navigation="null" OriginId="org.eclipse.jdt.ui.CompilationUnitEditor" StartDate="2014-10-09 07:45:57.189 JST" StructureHandle="=TA2/src&amp;lt;ta2.main{PhotoActv.java[PhotoActv~onPause" StructureKind="java" NumEvents="2" CreationCount="114"/><InteractionEvent Delta="null" EndDate="2014-10-09 07:45:57.177 JST" Interest="1.0" Kind="selection" Navigation="null" OriginId="org.eclipse.jdt.ui.CompilationUnitEditor" StartDate="2014-10-09 07:45:57.177 JST" StructureHandle="=TA2/src&amp;lt;ta2.main{PhotoActv.java[PhotoActv~onPause" StructureKind="java"/><InteractionEvent Delta="null" EndDate="2014-10-09 07:57:25.498 JST" Interest="8.738" Kind="propagation" Navigation="org.eclipse.mylyn.core.model.edges.containment" OriginId="org.eclipse.mylyn.core.model.interest.propagation" StartDate="2014-10-09 07:54:46.840 JST" StructureHandle="" StructureKind="java" NumEvents="16" CreationCount="196"/><InteractionEvent Delta="null" EndDate="2014-10-09 07:56:55.835 JST" Interest="2.0" Kind="selection" Navigation="null" OriginId="org.eclipse.ui.views.ResourceNavigator" StartDate="2014-10-09 07:56:44.882 JST" StructureHandle="/IFM11/res/drawable/actv_tn_bt_top_45x45.png" StructureKind="resource" NumEvents="2" CreationCount="235"/><InteractionEvent Delta="null" EndDate="2014-10-09 07:54:37.778 JST" Interest="0.44500005" Kind="manipulation" Navigation="null" OriginId="org.eclipse.mylyn.core.model.interest.decay.correction" StartDate="2014-10-09 07:54:37.778 JST" StructureHandle="=TA2/src&amp;lt;ta2.main{ShowListActv.java%ta2.main" StructureKind="java"/><InteractionEvent Delta="null" EndDate="2014-10-09 07:54:37.778 JST" Interest="2.0" Kind="selection" Navigation="null" OriginId="org.eclipse.ui.views.ContentOutline" StartDate="2014-10-09 07:45:00.760 JST" StructureHandle="=TA2/src&amp;lt;ta2.main{ShowListActv.java%ta2.main" StructureKind="java" NumEvents="2" CreationCount="96"/><InteractionEvent Delta="null" EndDate="2014-10-09 07:48:56.481 JST" Interest="1.0" Kind="propagation" Navigation="org.eclipse.mylyn.core.model.edges.containment" OriginId="org.eclipse.mylyn.core.model.interest.propagation" StartDate="2014-10-09 07:48:56.481 JST" StructureHandle="/TA2/bin/res/crunch/drawable" StructureKind="resource"/><InteractionEvent Delta="null" EndDate="2014-10-09 08:16:23.479 JST" Interest="37.995003" Kind="propagation" Navigation="org.eclipse.mylyn.core.model.edges.containment" OriginId="org.eclipse.mylyn.core.model.interest.propagation" StartDate="2014-10-09 07:40:47.816 JST" StructureHandle="/TA2/src/ta2/utils" StructureKind="resource" NumEvents="35" CreationCount="13"/><InteractionEvent Delta="null" EndDate="2014-10-09 08:15:17.252 JST" Interest="1109.3569" Kind="propagation" Navigation="org.eclipse.mylyn.core.model.edges.containment" OriginId="org.eclipse.mylyn.core.model.interest.propagation" StartDate="2014-10-09 07:40:13.839 JST" StructureHandle="/TA2/src/ta2" StructureKind="resource" NumEvents="1113" CreationCount="2"/><InteractionEvent Delta="null" EndDate="2014-10-09 07:47:25.37 JST" Interest="2.0" Kind="prediction" Navigation="null" OriginId="org.eclipse.mylyn.resources.ui.interest.updater" StartDate="2014-10-09 07:41:44.614 JST" StructureHandle="/TA2/res/layout/actv_memo.xml" StructureKind="resource" NumEvents="2" CreationCount="21"/><InteractionEvent Delta="null" EndDate="2014-10-09 07:44:25.551 JST" Interest="2.0" Kind="edit" Navigation="null" OriginId="com.android.ide.eclipse.editors.manifest.ManifestEditor" StartDate="2014-10-09 07:44:24.950 JST" StructureHandle="/TA2/AndroidManifest.xml" StructureKind="resource" NumEvents="2" CreationCount="88"/><InteractionEvent Delta="null" EndDate="2014-10-09 07:45:59.476 JST" Interest="3.0" Kind="selection" Navigation="null" OriginId="org.eclipse.jdt.ui.PackageExplorer" StartDate="2014-10-09 07:44:23.166 JST" StructureHandle="/TA2/AndroidManifest.xml" StructureKind="resource" NumEvents="3" CreationCount="88"/><InteractionEvent Delta="null" EndDate="2014-10-09 07:57:13.853 JST" Interest="1.0" Kind="propagation" Navigation="null" OriginId="org.eclipse.mylyn.resources.ui.interest.updater" StartDate="2014-10-09 07:57:13.853 JST" StructureHandle="/TA2/res/drawable/ifm8_thumb_down_50x50.png" StructureKind="resource"/><InteractionEvent Delta="null" EndDate="2014-10-09 07:57:08.19 JST" Interest="1.0" Kind="selection" Navigation="null" OriginId="org.eclipse.ui.views.ResourceNavigator" StartDate="2014-10-09 07:57:08.19 JST" StructureHandle="/IFM11/res/drawable/ifm8_thumb_bottom_50x50_disenabled.png" StructureKind="resource"/><InteractionEvent Delta="null" EndDate="2014-10-09 07:55:44.354 JST" Interest="1.017" Kind="propagation" Navigation="org.eclipse.mylyn.core.model.edges.containment" OriginId="org.eclipse.mylyn.core.model.interest.propagation" StartDate="2014-10-09 07:54:56.803 JST" StructureHandle="/IFM11/res/layout" StructureKind="resource" NumEvents="2" CreationCount="198"/><InteractionEvent Delta="null" EndDate="2014-10-09 07:54:53.467 JST" Interest="1.0" Kind="selection" Navigation="null" OriginId="org.eclipse.ui.views.ResourceNavigator" StartDate="2014-10-09 07:54:53.467 JST" StructureHandle="/IFM11/res/layout" StructureKind="resource"/><InteractionEvent Delta="null" EndDate="2014-10-09 07:44:21.738 JST" Interest="1.0" Kind="propagation" Navigation="org.eclipse.mylyn.core.model.edges.containment" OriginId="org.eclipse.mylyn.core.model.interest.propagation" StartDate="2014-10-09 07:44:21.738 JST" StructureHandle="=TA2/&amp;lt;" StructureKind="java"/><InteractionEvent Delta="null" EndDate="2014-10-09 07:45:56.579 JST" Interest="11.0" Kind="edit" Navigation="null" OriginId="org.eclipse.jdt.ui.CompilationUnitEditor" StartDate="2014-10-09 07:45:05.253 JST" StructureHandle="=TA2/src&amp;lt;ta2.main{PhotoActv.java[PhotoActv~onBackPressed" StructureKind="java" NumEvents="11" CreationCount="98"/><InteractionEvent Delta="null" EndDate="2014-10-09 07:45:04.792 JST" Interest="3.0" Kind="selection" Navigation="null" OriginId="org.eclipse.jdt.ui.CompilationUnitEditor" StartDate="2014-10-09 07:45:04.635 JST" StructureHandle="=TA2/src&amp;lt;ta2.main{PhotoActv.java[PhotoActv~onBackPressed" StructureKind="java" NumEvents="3" CreationCount="98"/><InteractionEvent Delta="null" EndDate="2014-10-09 07:57:08.21 JST" Interest="1.0" Kind="selection" Navigation="null" OriginId="org.eclipse.ui.views.ResourceNavigator" StartDate="2014-10-09 07:57:08.21 JST" StructureHandle="/IFM11/res/drawable/ifm8_thumb_down_50x50_disenabled.png" StructureKind="resource"/><InteractionEvent Delta="null" EndDate="2014-10-09 07:42:46.162 JST" Interest="1.0" Kind="propagation" Navigation="org.eclipse.mylyn.core.model.edges.containment" OriginId="org.eclipse.mylyn.core.model.interest.propagation" StartDate="2014-10-09 07:42:46.162 JST" StructureHandle="=TA2/src&amp;lt;ta2.main{PhotoActv.java#" StructureKind="java"/><InteractionEvent Delta="null" EndDate="2014-10-09 08:02:13.538 JST" Interest="13.0" Kind="edit" Navigation="null" OriginId="org.eclipse.jdt.ui.CompilationUnitEditor" StartDate="2014-10-09 07:42:36.662 JST" StructureHandle="=TA2/src&amp;lt;ta2.main{ShowListActv.java[ShowListActv" StructureKind="java" NumEvents="13" CreationCount="32"/><InteractionEvent Delta="null" EndDate="2014-10-09 08:02:24.493 JST" Interest="74.884" Kind="propagation" Navigation="org.eclipse.mylyn.core.model.edges.containment" OriginId="org.eclipse.mylyn.core.model.interest.propagation" StartDate="2014-10-09 07:54:17.673 JST" StructureHandle="=TA2/src&amp;lt;ta2.main{ShowListActv.java[ShowListActv" StructureKind="java" NumEvents="107" CreationCount="32"/><InteractionEvent Delta="null" EndDate="2014-10-09 08:10:16.344 JST" Interest="14.0" Kind="selection" Navigation="null" OriginId="org.eclipse.jdt.ui.CompilationUnitEditor" StartDate="2014-10-09 07:42:35.776 JST" StructureHandle="=TA2/src&amp;lt;ta2.main{ShowListActv.java[ShowListActv" StructureKind="java" NumEvents="14" CreationCount="32"/><InteractionEvent Delta="null" EndDate="2014-10-09 07:48:56.482 JST" Interest="1.0" Kind="propagation" Navigation="org.eclipse.mylyn.core.model.edges.containment" OriginId="org.eclipse.mylyn.core.model.interest.propagation" StartDate="2014-10-09 07:48:56.482 JST" StructureHandle="/TA2/bin/res" StructureKind="resource"/><InteractionEvent Delta="null" EndDate="2014-10-09 08:01:34.984 JST" Interest="14.0" Kind="edit" Navigation="null" OriginId="org.eclipse.jdt.ui.CompilationUnitEditor" StartDate="2014-10-09 08:01:26.585 JST" StructureHandle="=TA2/src&amp;lt;ta2.main{ShowListActv.java[ShowListActv~_Setup_Listeners" StructureKind="java" NumEvents="14" CreationCount="478"/><InteractionEvent Delta="null" EndDate="2014-10-09 08:07:18.234 JST" Interest="5.0" Kind="selection" Navigation="null" OriginId="org.eclipse.jdt.ui.CompilationUnitEditor" StartDate="2014-10-09 08:01:26.578 JST" StructureHandle="=TA2/src&amp;lt;ta2.main{ShowListActv.java[ShowListActv~_Setup_Listeners" StructureKind="java" NumEvents="5" CreationCount="478"/><InteractionEvent Delta="null" EndDate="2014-10-09 08:16:46.486 JST" Interest="3.0" Kind="prediction" Navigation="null" OriginId="org.eclipse.mylyn.resources.ui.interest.updater" StartDate="2014-10-09 07:45:19.21 JST" StructureHandle="/TA2/bin/TA2.apk" StructureKind="resource" NumEvents="3" CreationCount="108"/><InteractionEvent Delta="null" EndDate="2014-10-09 07:47:33.720 JST" Interest="2.0" Kind="selection" Navigation="null" OriginId="org.eclipse.jdt.ui.PackageExplorer" StartDate="2014-10-09 07:44:20.358 JST" StructureHandle="=TA2/src&amp;lt;ta2.main{MemoEditActv.java" StructureKind="java" NumEvents="2" CreationCount="86"/><InteractionEvent Delta="null" EndDate="2014-10-09 07:57:13.852 JST" Interest="1.0" Kind="propagation" Navigation="null" OriginId="org.eclipse.mylyn.resources.ui.interest.updater" StartDate="2014-10-09 07:57:13.852 JST" StructureHandle="/TA2/res/drawable/ifm8_thumb_up_50x50_disenabled.png" StructureKind="resource"/><InteractionEvent Delta="null" EndDate="2014-10-09 07:57:25.498 JST" Interest="7.738" Kind="propagation" Navigation="org.eclipse.mylyn.core.model.edges.containment" OriginId="org.eclipse.mylyn.core.model.interest.propagation" StartDate="2014-10-09 07:54:50.535 JST" StructureHandle="=IFM11" StructureKind="java" NumEvents="15" CreationCount="196"/><InteractionEvent Delta="null" EndDate="2014-10-09 07:54:46.840 JST" Interest="1.0" Kind="selection" Navigation="null" OriginId="org.eclipse.ui.views.ResourceNavigator" StartDate="2014-10-09 07:54:46.840 JST" StructureHandle="=IFM11" StructureKind="java"/><InteractionEvent Delta="null" EndDate="2014-10-09 08:15:54.145 JST" Interest="14.344001" Kind="manipulation" Navigation="null" OriginId="org.eclipse.mylyn.core.model.interest.decay.correction" StartDate="2014-10-09 08:15:54.145 JST" StructureHandle="=TA2/src&amp;lt;ta2.utils{Methods.java" StructureKind="java"/><InteractionEvent Delta="null" EndDate="2014-10-09 08:16:23.479 JST" Interest="12.650997" Kind="propagation" Navigation="org.eclipse.mylyn.core.model.edges.containment" OriginId="org.eclipse.mylyn.core.model.interest.propagation" StartDate="2014-10-09 07:40:53.972 JST" StructureHandle="=TA2/src&amp;lt;ta2.utils{Methods.java" StructureKind="java" NumEvents="19" CreationCount="13"/><InteractionEvent Delta="null" EndDate="2014-10-09 08:15:54.145 JST" Interest="3.0" Kind="selection" Navigation="null" OriginId="org.eclipse.jdt.ui.CompilationUnitEditor" StartDate="2014-10-09 07:40:47.816 JST" StructureHandle="=TA2/src&amp;lt;ta2.utils{Methods.java" StructureKind="java" NumEvents="3" CreationCount="13"/><InteractionEvent Delta="null" EndDate="2014-10-09 07:47:26.643 JST" Interest="2.0" Kind="prediction" Navigation="null" OriginId="org.eclipse.mylyn.resources.ui.interest.updater" StartDate="2014-10-09 07:41:44.613 JST" StructureHandle="/TA2/res/values/strings.xml" StructureKind="resource" NumEvents="2" CreationCount="21"/><InteractionEvent Delta="null" EndDate="2014-10-09 07:48:56.482 JST" Interest="1.0" Kind="propagation" Navigation="org.eclipse.mylyn.core.model.edges.containment" OriginId="org.eclipse.mylyn.core.model.interest.propagation" StartDate="2014-10-09 07:48:56.482 JST" StructureHandle="/TA2/bin/res/crunch" StructureKind="resource"/><InteractionEvent Delta="null" EndDate="2014-10-09 07:48:27.325 JST" Interest="7.0" Kind="propagation" Navigation="null" OriginId="org.eclipse.jdt.ui.CompilationUnitEditor" StartDate="2014-10-09 07:48:12.765 JST" StructureHandle="/TA2/src/ta2/utils/Methods_dlg.java" StructureKind="resource" NumEvents="7" CreationCount="152"/><InteractionEvent Delta="null" EndDate="2014-10-09 08:22:36.464 JST" Interest="1205.051" Kind="propagation" Navigation="org.eclipse.mylyn.core.model.edges.containment" OriginId="org.eclipse.mylyn.core.model.interest.propagation" StartDate="2014-10-09 07:38:27.936 JST" StructureHandle="/" StructureKind="resource" NumEvents="1208" CreationCount="1"/><InteractionEvent Delta="null" EndDate="2014-10-09 08:16:18.154 JST" Interest="3.0" Kind="edit" Navigation="null" OriginId="org.eclipse.jdt.ui.CompilationUnitEditor" StartDate="2014-10-09 08:16:16.543 JST" StructureHandle="=TA2/src&amp;lt;ta2.utils{Methods.java[Methods~start_Activity_PhotoActv~QActivity;" StructureKind="java" NumEvents="3" CreationCount="1259"/><InteractionEvent Delta="null" EndDate="2014-10-09 08:16:13.183 JST" Interest="1.0" Kind="selection" Navigation="null" OriginId="org.eclipse.jdt.ui.CompilationUnitEditor" StartDate="2014-10-09 08:16:13.183 JST" StructureHandle="=TA2/src&amp;lt;ta2.utils{Methods.java[Methods~start_Activity_PhotoActv~QActivity;" StructureKind="java"/><InteractionEvent Delta="null" EndDate="2014-10-09 07:56:54.172 JST" Interest="1.0" Kind="propagation" Navigation="null" OriginId="org.eclipse.mylyn.resources.ui.interest.updater" StartDate="2014-10-09 07:56:54.172 JST" StructureHandle="/TA2/res/drawable/actv_tn_bt_top_45x45.png" StructureKind="resource"/><InteractionEvent Delta="null" EndDate="2014-10-09 07:48:56.482 JST" Interest="2.428" Kind="propagation" Navigation="org.eclipse.mylyn.core.model.edges.containment" OriginId="org.eclipse.mylyn.core.model.interest.propagation" StartDate="2014-10-09 07:44:44.669 JST" StructureHandle="/TA2/bin" StructureKind="resource" NumEvents="5" CreationCount="91"/><InteractionEvent Delta="null" EndDate="2014-10-09 07:42:26.753 JST" Interest="1.0" Kind="edit" Navigation="null" OriginId="org.eclipse.jdt.ui.CompilationUnitEditor" StartDate="2014-10-09 07:42:26.753 JST" StructureHandle="=TA2/src&amp;lt;ta2.main{ShowListActv.java" StructureKind="java"/><InteractionEvent Delta="null" EndDate="2014-10-09 08:10:16.344 JST" Interest="80.368996" Kind="propagation" Navigation="org.eclipse.mylyn.core.model.edges.containment" OriginId="org.eclipse.mylyn.core.model.interest.propagation" StartDate="2014-10-09 07:54:42.268 JST" StructureHandle="=TA2/src&amp;lt;ta2.main{ShowListActv.java" StructureKind="java" NumEvents="122" CreationCount="27"/><InteractionEvent Delta="null" EndDate="2014-10-09 08:10:11.350 JST" Interest="17.0" Kind="selection" Navigation="null" OriginId="org.eclipse.jdt.ui.CompilationUnitEditor" StartDate="2014-10-09 07:42:26.320 JST" StructureHandle="=TA2/src&amp;lt;ta2.main{ShowListActv.java" StructureKind="java" NumEvents="17" CreationCount="27"/><InteractionEvent Delta="null" EndDate="2014-10-09 07:48:27.326 JST" Interest="2.1509998" Kind="propagation" Navigation="org.eclipse.mylyn.core.model.edges.containment" OriginId="org.eclipse.mylyn.core.model.interest.propagation" StartDate="2014-10-09 07:48:13.629 JST" StructureHandle="=TA2/src&amp;lt;ta2.utils{Methods_dlg.java" StructureKind="java" NumEvents="5" CreationCount="152"/><InteractionEvent Delta="null" EndDate="2014-10-09 07:48:12.765 JST" Interest="1.0" Kind="selection" Navigation="null" OriginId="org.eclipse.jdt.ui.CompilationUnitEditor" StartDate="2014-10-09 07:48:12.765 JST" StructureHandle="=TA2/src&amp;lt;ta2.utils{Methods_dlg.java" StructureKind="java"/><InteractionEvent Delta="null" EndDate="2014-10-09 07:55:45.291 JST" Interest="1.0" Kind="selection" Navigation="null" OriginId="org.eclipse.ui.views.ResourceNavigator" StartDate="2014-10-09 07:55:45.291 JST" StructureHandle="/IFM11/res/layout/list_row_simple_2.xml" StructureKind="resource"/><InteractionEvent Delta="null" EndDate="2014-10-09 07:47:26.644 JST" Interest="1.0" Kind="propagation" Navigation="null" OriginId="org.eclipse.mylyn.resources.ui.interest.updater" StartDate="2014-10-09 07:47:26.644 JST" StructureHandle="/TA2/res/drawable/actv_main_bt_photo_128x128.png" StructureKind="resource"/><InteractionEvent Delta="null" EndDate="2014-10-09 08:16:53.667 JST" Interest="33.810005" Kind="propagation" Navigation="org.eclipse.mylyn.core.model.edges.containment" OriginId="org.eclipse.mylyn.core.model.interest.propagation" StartDate="2014-10-09 07:40:27.544 JST" StructureHandle="=TA2/src&amp;lt;ta2.listeners.button" StructureKind="java" NumEvents="34" CreationCount="3"/><InteractionEvent Delta="null" EndDate="2014-10-09 07:54:59.154 JST" Interest="6.0" Kind="selection" Navigation="null" OriginId="org.eclipse.jdt.ui.PackageExplorer" StartDate="2014-10-09 07:40:23.308 JST" StructureHandle="=TA2/src&amp;lt;ta2.listeners.button" StructureKind="java" NumEvents="6" CreationCount="3"/><InteractionEvent Delta="null" EndDate="2014-10-09 08:15:17.252 JST" Interest="1109.3569" Kind="propagation" Navigation="null" OriginId="org.eclipse.jdt.ui.CompilationUnitEditor" StartDate="2014-10-09 07:40:13.839 JST" StructureHandle="/TA2/src/ta2/main" StructureKind="resource" NumEvents="1110" CreationCount="2"/><InteractionEvent Delta="null" EndDate="2014-10-09 08:15:54.145 JST" Interest="9.995001" Kind="manipulation" Navigation="null" OriginId="org.eclipse.mylyn.core.model.interest.decay.correction" StartDate="2014-10-09 08:15:54.145 JST" StructureHandle="/TA2/src/ta2/utils/Methods.java" StructureKind="resource"/><InteractionEvent Delta="null" EndDate="2014-10-09 08:16:23.479 JST" Interest="28.0" Kind="propagation" Navigation="null" OriginId="org.eclipse.jdt.ui.CompilationUnitEditor" StartDate="2014-10-09 07:40:47.816 JST" StructureHandle="/TA2/src/ta2/utils/Methods.java" StructureKind="resource" NumEvents="28" CreationCount="13"/><InteractionEvent Delta="null" EndDate="2014-10-09 08:04:40.891 JST" Interest="5.6130004" Kind="manipulation" Navigation="null" OriginId="org.eclipse.mylyn.core.model.interest.decay.correction" StartDate="2014-10-09 08:04:40.891 JST" StructureHandle="/TA2/res/layout/pref_dropdown.xml" StructureKind="resource"/><InteractionEvent Delta="null" EndDate="2014-10-09 08:04:40.891 JST" Interest="2.0" Kind="selection" Navigation="null" OriginId="org.eclipse.jdt.ui.PackageExplorer" StartDate="2014-10-09 07:57:54.663 JST" StructureHandle="/TA2/res/layout/pref_dropdown.xml" StructureKind="resource" NumEvents="2" CreationCount="274"/><InteractionEvent Delta="null" EndDate="2014-10-09 08:16:29.791 JST" Interest="1.0" Kind="edit" Navigation="null" OriginId="org.eclipse.jdt.ui.CompilationUnitEditor" StartDate="2014-10-09 08:16:29.791 JST" StructureHandle="=TA2/src&amp;lt;ta2.listeners.button{BO_CL.java[BO_CL~case_ACTV_MEMO_BACK" StructureKind="java"/><InteractionEvent Delta="null" EndDate="2014-10-09 08:16:29.170 JST" Interest="1.0" Kind="selection" Navigation="null" OriginId="org.eclipse.jdt.ui.CompilationUnitEditor" StartDate="2014-10-09 08:16:29.170 JST" StructureHandle="=TA2/src&amp;lt;ta2.listeners.button{BO_CL.java[BO_CL~case_ACTV_MEMO_BACK" StructureKind="java"/><InteractionEvent Delta="null" EndDate="2014-10-09 07:57:13.853 JST" Interest="1.0" Kind="propagation" Navigation="null" OriginId="org.eclipse.mylyn.resources.ui.interest.updater" StartDate="2014-10-09 07:57:13.853 JST" StructureHandle="/TA2/res/drawable/ifm8_thumb_back_50x50.png" StructureKind="resource"/><InteractionEvent Delta="null" EndDate="2014-10-09 07:46:17.274 JST" Interest="0.80200005" Kind="manipulation" Navigation="null" OriginId="org.eclipse.mylyn.core.model.interest.decay.correction" StartDate="2014-10-09 07:46:17.274 JST" StructureHandle="/TA2/res/layout" StructureKind="resource"/><InteractionEvent Delta="null" EndDate="2014-10-09 07:55:02.79 JST" Interest="3.0" Kind="selection" Navigation="null" OriginId="org.eclipse.jdt.ui.PackageExplorer" StartDate="2014-10-09 07:46:17.274 JST" StructureHandle="/TA2/res/layout" StructureKind="resource" NumEvents="3" CreationCount="21"/><InteractionEvent Delta="null" EndDate="2014-10-09 07:57:45.148 JST" Interest="11.558" Kind="propagation" Navigation="org.eclipse.mylyn.core.model.edges.containment" OriginId="org.eclipse.mylyn.core.model.interest.propagation" StartDate="2014-10-09 07:41:44.616 JST" StructureHandle="/TA2/res/layout" StructureKind="resource" NumEvents="15" CreationCount="21"/><InteractionEvent Delta="null" EndDate="2014-10-09 07:42:57.783 JST" Interest="1.0" Kind="selection" Navigation="null" OriginId="org.eclipse.ui.views.ContentOutline" StartDate="2014-10-09 07:42:57.783 JST" StructureHandle="=TA2/src&amp;lt;ta2.main{PhotoActv.java[PhotoActv~_test_Color_Date_v2" StructureKind="java"/><InteractionEvent Delta="null" EndDate="2014-10-09 07:46:20.504 JST" Interest="0.8190001" Kind="manipulation" Navigation="null" OriginId="org.eclipse.mylyn.core.model.interest.decay.correction" StartDate="2014-10-09 07:46:20.504 JST" StructureHandle="/TA2/res/layout/actv_main.xml" StructureKind="resource"/><InteractionEvent Delta="null" EndDate="2014-10-09 07:41:44.614 JST" Interest="1.0" Kind="prediction" Navigation="null" OriginId="org.eclipse.mylyn.resources.ui.interest.updater" StartDate="2014-10-09 07:41:44.614 JST" StructureHandle="/TA2/res/layout/actv_main.xml" StructureKind="resource"/><InteractionEvent Delta="null" EndDate="2014-10-09 07:57:30.557 JST" Interest="4.0" Kind="selection" Navigation="null" OriginId="com.android.ide.eclipse.editors.CommonXmlEditor" StartDate="2014-10-09 07:46:20.504 JST" StructureHandle="/TA2/res/layout/actv_main.xml" StructureKind="resource" NumEvents="4" CreationCount="21"/><InteractionEvent Delta="null" EndDate="2014-10-09 08:00:32.106 JST" Interest="20.0" Kind="edit" Navigation="null" OriginId="org.eclipse.jdt.ui.CompilationUnitEditor" StartDate="2014-10-09 08:00:20.427 JST" StructureHandle="=TA2/src&amp;lt;ta2.main{ShowListActv.java[ShowListActv~_Setup_Adapter" StructureKind="java" NumEvents="20" CreationCount="402"/><InteractionEvent Delta="null" EndDate="2014-10-09 08:00:20.419 JST" Interest="1.0" Kind="selection" Navigation="null" OriginId="org.eclipse.jdt.ui.CompilationUnitEditor" StartDate="2014-10-09 08:00:20.419 JST" StructureHandle="=TA2/src&amp;lt;ta2.main{ShowListActv.java[ShowListActv~_Setup_Adapter" StructureKind="java"/><InteractionEvent Delta="null" EndDate="2014-10-09 07:40:34.845 JST" Interest="3.0" Kind="selection" Navigation="null" OriginId="org.eclipse.jdt.ui.CompilationUnitEditor" StartDate="2014-10-09 07:40:32.162 JST" StructureHandle="=TA2/src&amp;lt;ta2.listeners.button{BO_CL.java[BO_CL~case_ACTV_PLAT_STOP" StructureKind="java" NumEvents="3" CreationCount="5"/><InteractionEvent Delta="null" EndDate="2014-10-09 08:16:37.301 JST" Interest="4.0" Kind="selection" Navigation="null" OriginId="org.eclipse.jdt.ui.CompilationUnitEditor" StartDate="2014-10-09 08:16:32.320 JST" StructureHandle="=TA2/src&amp;lt;ta2.listeners.button{BO_CL.java[BO_CL~case_ACTV_PLAY_CLEAR" StructureKind="java" NumEvents="4" CreationCount="1270"/><InteractionEvent Delta="null" EndDate="2014-10-09 07:45:59.649 JST" Interest="1.0" Kind="propagation" Navigation="null" OriginId="org.eclipse.jdt.ui.PackageExplorer" StartDate="2014-10-09 07:45:59.649 JST" StructureHandle="/TA2/src/ta2/main/RecActv.java" StructureKind="resource"/><InteractionEvent Delta="null" EndDate="2014-10-09 08:15:17.250 JST" Interest="9.0" Kind="edit" Navigation="null" OriginId="org.eclipse.jdt.ui.CompilationUnitEditor" StartDate="2014-10-09 08:05:21.413 JST" StructureHandle="=TA2/src&amp;lt;ta2.main{PhotoActv.java[PhotoActv~onOptionsItemSelected~QMenuItem;" StructureKind="java" NumEvents="9" CreationCount="674"/><InteractionEvent Delta="null" EndDate="2014-10-09 08:11:01.911 JST" Interest="3.7970004" Kind="manipulation" Navigation="null" OriginId="org.eclipse.mylyn.core.model.interest.decay.correction" StartDate="2014-10-09 08:11:01.911 JST" StructureHandle="=TA2/src&amp;lt;ta2.main{PhotoActv.java[PhotoActv~onOptionsItemSelected~QMenuItem;" StructureKind="java"/><InteractionEvent Delta="null" EndDate="2014-10-09 08:11:48.524 JST" Interest="9.0" Kind="selection" Navigation="null" OriginId="org.eclipse.jdt.ui.CompilationUnitEditor" StartDate="2014-10-09 08:05:21.409 JST" StructureHandle="=TA2/src&amp;lt;ta2.main{PhotoActv.java[PhotoActv~onOptionsItemSelected~QMenuItem;" StructureKind="java" NumEvents="9" CreationCount="674"/><InteractionEvent Delta="null" EndDate="2014-10-09 07:46:01.959 JST" Interest="0.6150001" Kind="manipulation" Navigation="null" OriginId="org.eclipse.mylyn.core.model.interest.decay.correction" StartDate="2014-10-09 07:46:01.959 JST" StructureHandle="=TA2/src&amp;lt;ta2.main{MainActv.java" StructureKind="java"/><InteractionEvent Delta="null" EndDate="2014-10-09 07:46:11.687 JST" Interest="4.0" Kind="selection" Navigation="null" OriginId="org.eclipse.jdt.ui.PackageExplorer" StartDate="2014-10-09 07:42:16.971 JST" StructureHandle="=TA2/src&amp;lt;ta2.main{MainActv.java" StructureKind="java" NumEvents="4" CreationCount="26"/><InteractionEvent Delta="null" EndDate="2014-10-09 07:53:39.477 JST" Interest="1.0" Kind="edit" Navigation="null" OriginId="org.eclipse.jdt.ui.CompilationUnitEditor" StartDate="2014-10-09 07:53:39.477 JST" StructureHandle="=TA2/src&amp;lt;ta2.main{ShowListActv.java[ShowListActv~onKeyDown~I~QKeyEvent;" StructureKind="java"/><InteractionEvent Delta="null" EndDate="2014-10-09 08:04:12.148 JST" Interest="5.2560005" Kind="manipulation" Navigation="null" OriginId="org.eclipse.mylyn.core.model.interest.decay.correction" StartDate="2014-10-09 08:04:12.148 JST" StructureHandle="=TA2/src&amp;lt;ta2.main{ShowListActv.java[ShowListActv~onKeyDown~I~QKeyEvent;" StructureKind="java"/><InteractionEvent Delta="null" EndDate="2014-10-09 08:04:12.151 JST" Interest="4.0" Kind="selection" Navigation="null" OriginId="org.eclipse.jdt.ui.CompilationUnitEditor" StartDate="2014-10-09 07:49:02.136 JST" StructureHandle="=TA2/src&amp;lt;ta2.main{ShowListActv.java[ShowListActv~onKeyDown~I~QKeyEvent;" StructureKind="java" NumEvents="4" CreationCount="177"/><InteractionEvent Delta="null" EndDate="2014-10-09 08:15:45.158 JST" Interest="2.0" Kind="edit" Navigation="null" OriginId="org.eclipse.jdt.ui.CompilationUnitEditor" StartDate="2014-10-09 08:15:44.270 JST" StructureHandle="=TA2/src&amp;lt;ta2.listeners.button{BO_CL.java[BO_CL~case_ACTV_MAIN_MEMO" StructureKind="java" NumEvents="2" CreationCount="1241"/><InteractionEvent Delta="null" EndDate="2014-10-09 08:16:25.270 JST" Interest="4.0" Kind="selection" Navigation="null" OriginId="org.eclipse.jdt.ui.CompilationUnitEditor" StartDate="2014-10-09 08:15:43.675 JST" StructureHandle="=TA2/src&amp;lt;ta2.listeners.button{BO_CL.java[BO_CL~case_ACTV_MAIN_MEMO" StructureKind="java" NumEvents="4" CreationCount="1241"/><InteractionEvent Delta="null" EndDate="2014-10-09 08:16:53.666 JST" Interest="1.0" Kind="edit" Navigation="null" OriginId="org.eclipse.jdt.ui.CompilationUnitEditor" StartDate="2014-10-09 08:16:53.666 JST" StructureHandle="=TA2/src&amp;lt;ta2.listeners.button{BO_CL.java[BO_CL" StructureKind="java"/><InteractionEvent Delta="null" EndDate="2014-10-09 08:16:53.663 JST" Interest="2.0" Kind="selection" Navigation="null" OriginId="org.eclipse.jdt.ui.CompilationUnitEditor" StartDate="2014-10-09 08:16:31.26 JST" StructureHandle="=TA2/src&amp;lt;ta2.listeners.button{BO_CL.java[BO_CL" StructureKind="java" NumEvents="2" CreationCount="5"/><InteractionEvent Delta="null" EndDate="2014-10-09 08:16:53.89 JST" Interest="37.076004" Kind="propagation" Navigation="org.eclipse.mylyn.core.model.edges.containment" OriginId="org.eclipse.mylyn.core.model.interest.propagation" StartDate="2014-10-09 07:40:32.163 JST" StructureHandle="=TA2/src&amp;lt;ta2.listeners.button{BO_CL.java[BO_CL" StructureKind="java" NumEvents="29" CreationCount="5"/><InteractionEvent Delta="null" EndDate="2014-10-09 07:57:40.981 JST" Interest="1.0" Kind="selection" Navigation="null" OriginId="org.eclipse.jdt.ui.PackageExplorer" StartDate="2014-10-09 07:57:40.981 JST" StructureHandle="/TA2/res/drawable/actv_memo_ib_save_64x64.png" StructureKind="resource"/><InteractionEvent Delta="null" EndDate="2014-10-09 07:42:32.625 JST" Interest="1.0" Kind="selection" Navigation="null" OriginId="org.eclipse.jdt.ui.CompilationUnitEditor" StartDate="2014-10-09 07:42:32.625 JST" StructureHandle="=TA2/src&amp;lt;ta2.main{ShowListActv.java#ta2.listeners.button.BO_TL" StructureKind="java"/><InteractionEvent Delta="null" EndDate="2014-10-09 08:09:59.496 JST" Interest="12.0" Kind="edit" Navigation="null" OriginId="org.eclipse.jdt.ui.CompilationUnitEditor" StartDate="2014-10-09 08:02:40.525 JST" StructureHandle="=TA2/src&amp;lt;ta2.main{ShowListActv.java[ShowListActv~_ItemClick_SetPref_CurrentPosition~I" StructureKind="java" NumEvents="12" CreationCount="558"/><InteractionEvent Delta="null" EndDate="2014-10-09 08:09:56.87 JST" Interest="1.3590007" Kind="manipulation" Navigation="null" OriginId="org.eclipse.mylyn.core.model.interest.decay.correction" StartDate="2014-10-09 08:09:56.87 JST" StructureHandle="=TA2/src&amp;lt;ta2.main{ShowListActv.java[ShowListActv~_ItemClick_SetPref_CurrentPosition~I" StructureKind="java"/><InteractionEvent Delta="null" EndDate="2014-10-09 08:09:56.87 JST" Interest="3.0" Kind="selection" Navigation="null" OriginId="org.eclipse.ui.views.ContentOutline" StartDate="2014-10-09 08:02:40.521 JST" StructureHandle="=TA2/src&amp;lt;ta2.main{ShowListActv.java[ShowListActv~_ItemClick_SetPref_CurrentPosition~I" StructureKind="java" NumEvents="3" CreationCount="558"/><InteractionEvent Delta="null" EndDate="2014-10-09 07:47:26.644 JST" Interest="1.0" Kind="propagation" Navigation="null" OriginId="org.eclipse.mylyn.resources.ui.interest.updater" StartDate="2014-10-09 07:47:26.644 JST" StructureHandle="/TA2/res/drawable/actv_main_bt_photo_touched.png" StructureKind="resource"/><InteractionEvent Delta="null" EndDate="2014-10-09 07:56:49.69 JST" Interest="1.0" Kind="selection" Navigation="null" OriginId="org.eclipse.jdt.ui.PackageExplorer" StartDate="2014-10-09 07:56:49.69 JST" StructureHandle="/TA2/res/layout/preference_widget_seekbar.xml" StructureKind="resource"/><InteractionEvent Delta="null" EndDate="2014-10-09 07:57:52.845 JST" Interest="1.0" Kind="propagation" Navigation="null" OriginId="org.eclipse.mylyn.resources.ui.interest.updater" StartDate="2014-10-09 07:57:52.845 JST" StructureHandle="/TA2/res/layout/actv_photo.xml" StructureKind="resource"/><InteractionEvent Delta="null" EndDate="2014-10-09 07:47:25.37 JST" Interest="2.0" Kind="prediction" Navigation="null" OriginId="org.eclipse.mylyn.resources.ui.interest.updater" StartDate="2014-10-09 07:41:44.614 JST" StructureHandle="/TA2/res/layout/actv_play.xml" StructureKind="resource" NumEvents="2" CreationCount="21"/><InteractionEvent Delta="null" EndDate="2014-10-09 08:08:25.92 JST" Interest="42.0" Kind="edit" Navigation="null" OriginId="org.eclipse.jdt.ui.CompilationUnitEditor" StartDate="2014-10-09 07:43:45.632 JST" StructureHandle="=TA2/src&amp;lt;ta2.main{PhotoActv.java[PhotoActv~_Setup_Adapter" StructureKind="java" NumEvents="42" CreationCount="71"/><InteractionEvent Delta="null" EndDate="2014-10-09 08:08:32.998 JST" Interest="11.0" Kind="selection" Navigation="null" OriginId="org.eclipse.jdt.ui.CompilationUnitEditor" StartDate="2014-10-09 07:43:45.616 JST" StructureHandle="=TA2/src&amp;lt;ta2.main{PhotoActv.java[PhotoActv~_Setup_Adapter" StructureKind="java" NumEvents="11" CreationCount="71"/><InteractionEvent Delta="null" EndDate="2014-10-09 08:09:51.459 JST" Interest="77.0" Kind="edit" Navigation="null" OriginId="org.eclipse.jdt.ui.CompilationUnitEditor" StartDate="2014-10-09 08:09:22.669 JST" StructureHandle="=TA2/src&amp;lt;ta2.main{PhotoActv.java[PhotoActv~_Setup_Listeners_IBs" StructureKind="java" NumEvents="77" CreationCount="995"/><InteractionEvent Delta="null" EndDate="2014-10-09 08:09:49.131 JST" Interest="3.0" Kind="selection" Navigation="null" OriginId="org.eclipse.ui.views.ContentOutline" StartDate="2014-10-09 08:09:22.662 JST" StructureHandle="=TA2/src&amp;lt;ta2.main{PhotoActv.java[PhotoActv~_Setup_Listeners_IBs" StructureKind="java" NumEvents="3" CreationCount="995"/><InteractionEvent Delta="null" EndDate="2014-10-09 07:57:13.853 JST" Interest="1.0" Kind="propagation" Navigation="null" OriginId="org.eclipse.mylyn.resources.ui.interest.updater" StartDate="2014-10-09 07:57:13.853 JST" StructureHandle="/TA2/res/drawable/ifm8_thumb_top_50x50.png" StructureKind="resource"/><InteractionEvent Delta="null" EndDate="2014-10-09 08:10:35.19 JST" Interest="76.0" Kind="edit" Navigation="null" OriginId="org.eclipse.jdt.ui.CompilationUnitEditor" StartDate="2014-10-09 07:42:44.323 JST" StructureHandle="=TA2/src&amp;lt;ta2.main{PhotoActv.java[PhotoActv" StructureKind="java" NumEvents="76" CreationCount="39"/><InteractionEvent Delta="null" EndDate="2014-10-09 08:08:07.574 JST" Interest="53.062996" Kind="propagation" Navigation="org.eclipse.mylyn.core.model.edges.containment" OriginId="org.eclipse.mylyn.core.model.interest.propagation" StartDate="2014-10-09 07:43:19.681 JST" StructureHandle="=TA2/src&amp;lt;ta2.main{PhotoActv.java[PhotoActv" StructureKind="java" NumEvents="76" CreationCount="39"/><InteractionEvent Delta="null" EndDate="2014-10-09 08:10:35.2 JST" Interest="13.0" Kind="selection" Navigation="null" OriginId="org.eclipse.jdt.ui.CompilationUnitEditor" StartDate="2014-10-09 07:42:43.829 JST" StructureHandle="=TA2/src&amp;lt;ta2.main{PhotoActv.java[PhotoActv" StructureKind="java" NumEvents="13" CreationCount="39"/><InteractionEvent Delta="null" EndDate="2014-10-09 07:46:01.960 JST" Interest="0.6320001" Kind="manipulation" Navigation="null" OriginId="org.eclipse.mylyn.core.model.interest.decay.correction" StartDate="2014-10-09 07:46:01.960 JST" StructureHandle="/TA2/src/ta2/main/MainActv.java" StructureKind="resource"/><InteractionEvent Delta="null" EndDate="2014-10-09 07:46:28.305 JST" Interest="7.0" Kind="propagation" Navigation="null" OriginId="org.eclipse.ui.views.ContentOutline" StartDate="2014-10-09 07:42:16.972 JST" StructureHandle="/TA2/src/ta2/main/MainActv.java" StructureKind="resource" NumEvents="7" CreationCount="26"/><InteractionEvent Delta="null" EndDate="2014-10-09 08:15:17.251 JST" Interest="622.0" Kind="propagation" Navigation="null" OriginId="org.eclipse.jdt.ui.CompilationUnitEditor" StartDate="2014-10-09 07:42:10.625 JST" StructureHandle="/TA2/src/ta2/main/PhotoActv.java" StructureKind="resource" NumEvents="622" CreationCount="23"/><InteractionEvent Delta="null" EndDate="2014-10-09 08:22:36.463 JST" Interest="64.893005" Kind="propagation" Navigation="org.eclipse.mylyn.core.model.edges.containment" OriginId="org.eclipse.mylyn.core.model.interest.propagation" StartDate="2014-10-09 07:40:23.309 JST" StructureHandle="/TA2/src/ta2/listeners/button" StructureKind="resource" NumEvents="59" CreationCount="3"/><InteractionEvent Delta="null" EndDate="2014-10-09 08:08:32.390 JST" Interest="23.0" Kind="edit" Navigation="null" OriginId="org.eclipse.jdt.ui.CompilationUnitEditor" StartDate="2014-10-09 08:00:52.700 JST" StructureHandle="=TA2/src&amp;lt;ta2.main{ShowListActv.java[ShowListActv~_Setup_SetSelection" StructureKind="java" NumEvents="23" CreationCount="438"/><InteractionEvent Delta="null" EndDate="2014-10-09 08:08:29.592 JST" Interest="5.0" Kind="selection" Navigation="null" OriginId="org.eclipse.jdt.ui.CompilationUnitEditor" StartDate="2014-10-09 08:00:52.694 JST" StructureHandle="=TA2/src&amp;lt;ta2.main{ShowListActv.java[ShowListActv~_Setup_SetSelection" StructureKind="java" NumEvents="5" CreationCount="438"/><InteractionEvent Delta="null" EndDate="2014-10-09 08:07:23.387 JST" Interest="8.0" Kind="edit" Navigation="null" OriginId="org.eclipse.jdt.ui.CompilationUnitEditor" StartDate="2014-10-09 07:58:43.182 JST" StructureHandle="=TA2/src&amp;lt;ta2.main{ShowListActv.java[ShowListActv~_Setup_InitVars" StructureKind="java" NumEvents="8" CreationCount="311"/><InteractionEvent Delta="null" EndDate="2014-10-09 08:07:18.140 JST" Interest="2.0990005" Kind="manipulation" Navigation="null" OriginId="org.eclipse.mylyn.core.model.interest.decay.correction" StartDate="2014-10-09 08:07:18.140 JST" StructureHandle="=TA2/src&amp;lt;ta2.main{ShowListActv.java[ShowListActv~_Setup_InitVars" StructureKind="java"/><InteractionEvent Delta="null" EndDate="2014-10-09 08:08:29.572 JST" Interest="7.0" Kind="selection" Navigation="null" OriginId="org.eclipse.jdt.ui.CompilationUnitEditor" StartDate="2014-10-09 07:58:43.169 JST" StructureHandle="=TA2/src&amp;lt;ta2.main{ShowListActv.java[ShowListActv~_Setup_InitVars" StructureKind="java" NumEvents="7" CreationCount="311"/><InteractionEvent Delta="null" EndDate="2014-10-09 08:07:53.456 JST" Interest="72.0" Kind="edit" Navigation="null" OriginId="org.eclipse.jdt.ui.CompilationUnitEditor" StartDate="2014-10-09 08:05:24.74 JST" StructureHandle="=TA2/src&amp;lt;ta2.main{PhotoActv.java[PhotoActv~onStart" StructureKind="java" NumEvents="72" CreationCount="678"/><InteractionEvent Delta="null" EndDate="2014-10-09 08:08:07.574 JST" Interest="11.0" Kind="selection" Navigation="null" OriginId="org.eclipse.jdt.ui.CompilationUnitEditor" StartDate="2014-10-09 08:05:23.501 JST" StructureHandle="=TA2/src&amp;lt;ta2.main{PhotoActv.java[PhotoActv~onStart" StructureKind="java" NumEvents="11" CreationCount="678"/><InteractionEvent Delta="null" EndDate="2014-10-09 07:44:21.738 JST" Interest="1.0" Kind="propagation" Navigation="org.eclipse.mylyn.core.model.edges.containment" OriginId="org.eclipse.mylyn.core.model.interest.propagation" StartDate="2014-10-09 07:44:21.738 JST" StructureHandle="=TA2/" StructureKind="java"/><InteractionEvent Delta="null" EndDate="2014-10-09 08:11:01.928 JST" Interest="18.856" Kind="manipulation" Navigation="null" OriginId="org.eclipse.mylyn.core.model.interest.decay.correction" StartDate="2014-10-09 08:11:01.928 JST" StructureHandle="=TA2/src&amp;lt;ta2.main{PhotoActv.java[PhotoActv~onKeyDown~I~QKeyEvent;" StructureKind="java"/><InteractionEvent Delta="null" EndDate="2014-10-09 08:11:01.929 JST" Interest="3.0" Kind="selection" Navigation="null" OriginId="org.eclipse.jdt.ui.CompilationUnitEditor" StartDate="2014-10-09 07:43:04.345 JST" StructureHandle="=TA2/src&amp;lt;ta2.main{PhotoActv.java[PhotoActv~onKeyDown~I~QKeyEvent;" StructureKind="java" NumEvents="3" CreationCount="48"/><InteractionEvent Delta="null" EndDate="2014-10-09 07:57:08.19 JST" Interest="1.0" Kind="selection" Navigation="null" OriginId="org.eclipse.ui.views.ResourceNavigator" StartDate="2014-10-09 07:57:08.19 JST" StructureHandle="/IFM11/res/drawable/ifm8_thumb_back_50x50.png" StructureKind="resource"/><InteractionEvent Delta="null" EndDate="2014-10-09 08:02:24.493 JST" Interest="111.0" Kind="edit" Navigation="null" OriginId="org.eclipse.jdt.ui.CompilationUnitEditor" StartDate="2014-10-09 07:58:12.543 JST" StructureHandle="=TA2/src&amp;lt;ta2.main{ShowListActv.java[ShowListActv~onStart" StructureKind="java" NumEvents="111" CreationCount="34"/><InteractionEvent Delta="null" EndDate="2014-10-09 07:58:11.945 JST" Interest="3.25" Kind="manipulation" Navigation="null" OriginId="org.eclipse.mylyn.core.model.interest.decay.correction" StartDate="2014-10-09 07:58:11.945 JST" StructureHandle="=TA2/src&amp;lt;ta2.main{ShowListActv.java[ShowListActv~onStart" StructureKind="java"/><InteractionEvent Delta="null" EndDate="2014-10-09 08:02:15.834 JST" Interest="10.0" Kind="selection" Navigation="null" OriginId="org.eclipse.jdt.ui.CompilationUnitEditor" StartDate="2014-10-09 07:42:38.53 JST" StructureHandle="=TA2/src&amp;lt;ta2.main{ShowListActv.java[ShowListActv~onStart" StructureKind="java" NumEvents="10" CreationCount="34"/><InteractionEvent Delta="null" EndDate="2014-10-09 07:48:56.479 JST" Interest="2.0" Kind="prediction" Navigation="null" OriginId="org.eclipse.mylyn.resources.ui.interest.updater" StartDate="2014-10-09 07:45:19.21 JST" StructureHandle="/TA2/bin/resources.ap_" StructureKind="resource" NumEvents="2" CreationCount="108"/><InteractionEvent Delta="null" EndDate="2014-10-09 08:08:38.530 JST" Interest="6.0" Kind="edit" Navigation="null" OriginId="org.eclipse.jdt.ui.CompilationUnitEditor" StartDate="2014-10-09 07:42:46.925 JST" StructureHandle="=TA2/src&amp;lt;ta2.main{PhotoActv.java" StructureKind="java" NumEvents="6" CreationCount="23"/><InteractionEvent Delta="null" EndDate="2014-10-09 08:10:17.920 JST" Interest="18.0" Kind="selection" Navigation="null" OriginId="org.eclipse.jdt.ui.CompilationUnitEditor" StartDate="2014-10-09 07:42:11.324 JST" StructureHandle="=TA2/src&amp;lt;ta2.main{PhotoActv.java" StructureKind="java" NumEvents="18" CreationCount="23"/><InteractionEvent Delta="null" EndDate="2014-10-09 08:10:45.366 JST" Interest="97.335" Kind="propagation" Navigation="org.eclipse.mylyn.core.model.edges.containment" OriginId="org.eclipse.mylyn.core.model.interest.propagation" StartDate="2014-10-09 07:42:10.625 JST" StructureHandle="=TA2/src&amp;lt;ta2.main{PhotoActv.java" StructureKind="java" NumEvents="145" CreationCount="23"/><InteractionEvent Delta="null" EndDate="2014-10-09 07:44:21.737 JST" Interest="1.0" Kind="propagation" Navigation="null" OriginId="org.eclipse.jdt.ui.PackageExplorer" StartDate="2014-10-09 07:44:21.737 JST" StructureHandle="/TA2/Test.java" StructureKind="resource"/><InteractionEvent Delta="null" EndDate="2014-10-09 07:55:44.354 JST" Interest="2.0" Kind="selection" Navigation="null" OriginId="org.eclipse.ui.views.ResourceNavigator" StartDate="2014-10-09 07:54:56.803 JST" StructureHandle="/IFM11/res/layout/thumb_activity.xml" StructureKind="resource" NumEvents="2" CreationCount="199"/><InteractionEvent Delta="null" EndDate="2014-10-09 08:07:29.409 JST" Interest="4.0" Kind="edit" Navigation="null" OriginId="org.eclipse.jdt.ui.CompilationUnitEditor" StartDate="2014-10-09 08:07:29.398 JST" StructureHandle="=TA2/src&amp;lt;ta2.main{PhotoActv.java[PhotoActv~_Setup_InitVars" StructureKind="java" NumEvents="4" CreationCount="775"/><InteractionEvent Delta="null" EndDate="2014-10-09 08:07:29.392 JST" Interest="1.0" Kind="selection" Navigation="null" OriginId="org.eclipse.jdt.ui.CompilationUnitEditor" StartDate="2014-10-09 08:07:29.392 JST" StructureHandle="=TA2/src&amp;lt;ta2.main{PhotoActv.java[PhotoActv~_Setup_InitVars" StructureKind="java"/><InteractionEvent Delta="null" EndDate="2014-10-09 08:10:27.986 JST" Interest="40.0" Kind="edit" Navigation="null" OriginId="org.eclipse.jdt.ui.CompilationUnitEditor" StartDate="2014-10-09 07:43:20.170 JST" StructureHandle="=TA2/src&amp;lt;ta2.main{PhotoActv.java[PhotoActv~_Setup_Listeners" StructureKind="java" NumEvents="40" CreationCount="54"/><InteractionEvent Delta="null" EndDate="2014-10-09 08:09:08.32 JST" Interest="8.219001" Kind="manipulation" Navigation="null" OriginId="org.eclipse.mylyn.core.model.interest.decay.correction" StartDate="2014-10-09 08:09:08.32 JST" StructureHandle="=TA2/src&amp;lt;ta2.main{PhotoActv.java[PhotoActv~_Setup_Listeners" StructureKind="java"/><InteractionEvent Delta="null" EndDate="2014-10-09 08:10:27.965 JST" Interest="7.0" Kind="selection" Navigation="null" OriginId="org.eclipse.jdt.ui.CompilationUnitEditor" StartDate="2014-10-09 07:43:19.580 JST" StructureHandle="=TA2/src&amp;lt;ta2.main{PhotoActv.java[PhotoActv~_Setup_Listeners" StructureKind="java" NumEvents="7" CreationCount="54"/><InteractionEvent Delta="null" EndDate="2014-10-09 07:56:06.887 JST" Interest="1.3150003" Kind="manipulation" Navigation="null" OriginId="org.eclipse.mylyn.core.model.interest.decay.correction" StartDate="2014-10-09 07:56:06.887 JST" StructureHandle="/TA2/res/values" StructureKind="resource"/><InteractionEvent Delta="null" EndDate="2014-10-09 07:56:06.887 JST" Interest="1.0" Kind="selection" Navigation="null" OriginId="org.eclipse.jdt.ui.PackageExplorer" StartDate="2014-10-09 07:56:06.887 JST" StructureHandle="/TA2/res/values" StructureKind="resource"/><InteractionEvent Delta="null" EndDate="2014-10-09 07:57:26.640 JST" Interest="9.233999" Kind="propagation" Navigation="org.eclipse.mylyn.core.model.edges.containment" OriginId="org.eclipse.mylyn.core.model.interest.propagation" StartDate="2014-10-09 07:41:44.614 JST" StructureHandle="/TA2/res/values" StructureKind="resource" NumEvents="12" CreationCount="21"/><InteractionEvent Delta="null" EndDate="2014-10-09 07:46:04.205 JST" Interest="1.0" Kind="selection" Navigation="null" OriginId="org.eclipse.ui.views.ContentOutline" StartDate="2014-10-09 07:46:04.205 JST" StructureHandle="=TA2/src&amp;lt;ta2.main{MainActv.java%ta2.main" StructureKind="java"/><InteractionEvent Delta="null" EndDate="2014-10-09 07:42:32.626 JST" Interest="1.0" Kind="propagation" Navigation="org.eclipse.mylyn.core.model.edges.containment" OriginId="org.eclipse.mylyn.core.model.interest.propagation" StartDate="2014-10-09 07:42:32.626 JST" StructureHandle="=TA2/src&amp;lt;ta2.main{ShowListActv.java#" StructureKind="java"/><InteractionEvent Delta="null" EndDate="2014-10-09 07:58:06.40 JST" Interest="22.0" Kind="edit" Navigation="null" OriginId="org.eclipse.jdt.ui.CompilationUnitEditor" StartDate="2014-10-09 07:54:39.854 JST" StructureHandle="=TA2/src&amp;lt;ta2.main{ShowListActv.java[ShowListActv~onCreate~QBundle;" StructureKind="java" NumEvents="22" CreationCount="183"/><InteractionEvent Delta="null" EndDate="2014-10-09 07:58:12.47 JST" Interest="5.0" Kind="selection" Navigation="null" OriginId="org.eclipse.jdt.ui.CompilationUnitEditor" StartDate="2014-10-09 07:54:39.751 JST" StructureHandle="=TA2/src&amp;lt;ta2.main{ShowListActv.java[ShowListActv~onCreate~QBundle;" StructureKind="java" NumEvents="5" CreationCount="183"/><InteractionEvent Delta="null" EndDate="2014-10-09 07:47:36.614 JST" Interest="3.0" Kind="edit" Navigation="null" OriginId="org.eclipse.jdt.ui.CompilationUnitEditor" StartDate="2014-10-09 07:45:57.824 JST" StructureHandle="=TA2/src&amp;lt;ta2.main{PhotoActv.java[PhotoActv~onDestroy" StructureKind="java" NumEvents="3" CreationCount="117"/><InteractionEvent Delta="null" EndDate="2014-10-09 07:47:36.450 JST" Interest="3.0" Kind="selection" Navigation="null" OriginId="org.eclipse.ui.views.ContentOutline" StartDate="2014-10-09 07:45:57.809 JST" StructureHandle="=TA2/src&amp;lt;ta2.main{PhotoActv.java[PhotoActv~onDestroy" StructureKind="java" NumEvents="3" CreationCount="117"/><InteractionEvent Delta="null" EndDate="2014-10-09 07:56:54.173 JST" Interest="1.0" Kind="propagation" Navigation="null" OriginId="org.eclipse.mylyn.resources.ui.interest.updater" StartDate="2014-10-09 07:56:54.173 JST" StructureHandle="/TA2/res/drawable/actv_tn_bt_bottom_45x45.png" StructureKind="resource"/><InteractionEvent Delta="null" EndDate="2014-10-09 08:10:10.832 JST" Interest="49.0" Kind="edit" Navigation="null" OriginId="org.eclipse.jdt.ui.CompilationUnitEditor" StartDate="2014-10-09 08:08:46.895 JST" StructureHandle="=TA2/src&amp;lt;ta2.main{PhotoActv.java[PhotoActv~_Setup_SetSelection" StructureKind="java" NumEvents="49" CreationCount="925"/><InteractionEvent Delta="null" EndDate="2014-10-09 08:10:18.109 JST" Interest="9.0" Kind="selection" Navigation="null" OriginId="org.eclipse.jdt.ui.CompilationUnitEditor" StartDate="2014-10-09 08:08:46.891 JST" StructureHandle="=TA2/src&amp;lt;ta2.main{PhotoActv.java[PhotoActv~_Setup_SetSelection" StructureKind="java" NumEvents="9" CreationCount="925"/><InteractionEvent Delta="null" EndDate="2014-10-09 07:47:33.721 JST" Interest="2.0" Kind="propagation" Navigation="null" OriginId="org.eclipse.jdt.ui.PackageExplorer" StartDate="2014-10-09 07:44:20.358 JST" StructureHandle="/TA2/src/ta2/main/MemoEditActv.java" StructureKind="resource" NumEvents="2" CreationCount="86"/><InteractionEvent Delta="null" EndDate="2014-10-09 08:10:47.601 JST" Interest="118.892006" Kind="propagation" Navigation="org.eclipse.mylyn.core.model.edges.containment" OriginId="org.eclipse.mylyn.core.model.interest.propagation" StartDate="2014-10-09 07:42:10.630 JST" StructureHandle="=TA2/src&amp;lt;ta2.main" StructureKind="java" NumEvents="193" CreationCount="2"/><InteractionEvent Delta="null" EndDate="2014-10-09 07:40:13.839 JST" Interest="1.0" Kind="selection" Navigation="null" OriginId="org.eclipse.jdt.ui.PackageExplorer" StartDate="2014-10-09 07:40:13.839 JST" StructureHandle="=TA2/src&amp;lt;ta2.main" StructureKind="java"/><InteractionEvent Delta="null" EndDate="2014-10-09 07:56:55.835 JST" Interest="2.017" Kind="propagation" Navigation="org.eclipse.mylyn.core.model.edges.containment" OriginId="org.eclipse.mylyn.core.model.interest.propagation" StartDate="2014-10-09 07:56:42.152 JST" StructureHandle="/IFM11/res/drawable" StructureKind="resource" NumEvents="3" CreationCount="232"/><InteractionEvent Delta="null" EndDate="2014-10-09 07:56:39.672 JST" Interest="1.0" Kind="selection" Navigation="null" OriginId="org.eclipse.ui.views.ResourceNavigator" StartDate="2014-10-09 07:56:39.672 JST" StructureHandle="/IFM11/res/drawable" StructureKind="resource"/><InteractionEvent Delta="null" EndDate="2014-10-09 08:22:36.463 JST" Interest="64.893005" Kind="propagation" Navigation="org.eclipse.mylyn.core.model.edges.containment" OriginId="org.eclipse.mylyn.core.model.interest.propagation" StartDate="2014-10-09 07:40:23.309 JST" StructureHandle="/TA2/src/ta2/listeners" StructureKind="resource" NumEvents="59" CreationCount="3"/><InteractionEvent Delta="null" EndDate="2014-10-09 07:46:28.305 JST" Interest="2.0" Kind="propagation" Navigation="org.eclipse.mylyn.core.model.edges.containment" OriginId="org.eclipse.mylyn.core.model.interest.propagation" StartDate="2014-10-09 07:46:11.543 JST" StructureHandle="=TA2/src&amp;lt;ta2.main{MainActv.java[MainActv" StructureKind="java" NumEvents="2" CreationCount="125"/><InteractionEvent Delta="null" EndDate="2014-10-09 07:57:08.25 JST" Interest="1.0" Kind="selection" Navigation="null" OriginId="org.eclipse.ui.views.ResourceNavigator" StartDate="2014-10-09 07:57:08.25 JST" StructureHandle="/IFM11/res/drawable/ifm8_thumb_up_50x50_disenabled.png" StructureKind="resource"/><InteractionEvent Delta="null" EndDate="2014-10-09 07:57:08.22 JST" Interest="1.0" Kind="selection" Navigation="null" OriginId="org.eclipse.ui.views.ResourceNavigator" StartDate="2014-10-09 07:57:08.22 JST" StructureHandle="/IFM11/res/drawable/ifm8_thumb_down_50x50.png" StructureKind="resource"/><InteractionEvent Delta="null" EndDate="2014-10-09 07:44:44.669 JST" Interest="1.0" Kind="prediction" Navigation="null" OriginId="org.eclipse.mylyn.resources.ui.interest.updater" StartDate="2014-10-09 07:44:44.669 JST" StructureHandle="/TA2/bin/AndroidManifest.xml" StructureKind="resource"/><InteractionEvent Delta="null" EndDate="2014-10-09 07:47:25.42 JST" Interest="1.0" Kind="propagation" Navigation="null" OriginId="org.eclipse.mylyn.resources.ui.interest.updater" StartDate="2014-10-09 07:47:25.42 JST" StructureHandle="/TA2/res/layout/dlg_add_memos.xml" StructureKind="resource"/><InteractionEvent Delta="null" EndDate="2014-10-09 07:43:11.451 JST" Interest="2.0" Kind="edit" Navigation="null" OriginId="org.eclipse.jdt.ui.CompilationUnitEditor" StartDate="2014-10-09 07:43:11.438 JST" StructureHandle="=TA2/src&amp;lt;ta2.main{PhotoActv.java[PhotoActv~case_OPT_Settings" StructureKind="java" NumEvents="2" CreationCount="49"/><InteractionEvent Delta="null" EndDate="2014-10-09 08:11:14.79 JST" Interest="17.609001" Kind="manipulation" Navigation="null" OriginId="org.eclipse.mylyn.core.model.interest.decay.correction" StartDate="2014-10-09 08:11:14.79 JST" StructureHandle="=TA2/src&amp;lt;ta2.main{PhotoActv.java[PhotoActv~case_OPT_Settings" StructureKind="java"/><InteractionEvent Delta="null" EndDate="2014-10-09 08:11:14.82 JST" Interest="3.0" Kind="selection" Navigation="null" OriginId="org.eclipse.jdt.ui.CompilationUnitEditor" StartDate="2014-10-09 07:43:06.858 JST" StructureHandle="=TA2/src&amp;lt;ta2.main{PhotoActv.java[PhotoActv~case_OPT_Settings" StructureKind="java" NumEvents="3" CreationCount="49"/><InteractionEvent Delta="null" EndDate="2014-10-09 08:16:23.479 JST" Interest="29.994999" Kind="propagation" Navigation="org.eclipse.mylyn.core.model.edges.containment" OriginId="org.eclipse.mylyn.core.model.interest.propagation" StartDate="2014-10-09 07:40:47.817 JST" StructureHandle="=TA2/src&amp;lt;ta2.utils" StructureKind="java" NumEvents="22" CreationCount="13"/><InteractionEvent Delta="null" EndDate="2014-10-09 07:56:55.834 JST" Interest="3.0" Kind="selection" Navigation="null" OriginId="org.eclipse.ui.views.ResourceNavigator" StartDate="2014-10-09 07:56:42.152 JST" StructureHandle="/IFM11/res/drawable/actv_tn_bt_bottom_45x45.png" StructureKind="resource" NumEvents="3" CreationCount="233"/><InteractionEvent Delta="null" EndDate="2014-10-09 07:56:58.677 JST" Interest="1.0" Kind="selection" Navigation="null" OriginId="org.eclipse.ui.views.ResourceNavigator" StartDate="2014-10-09 07:56:58.677 JST" StructureHandle="/IFM11/res/drawable/ifm8_back_disenabled.png" StructureKind="resource"/><InteractionEvent Delta="null" EndDate="2014-10-09 07:48:27.325 JST" Interest="1.134" Kind="propagation" Navigation="org.eclipse.mylyn.core.model.edges.containment" OriginId="org.eclipse.mylyn.core.model.interest.propagation" StartDate="2014-10-09 07:48:26.683 JST" StructureHandle="=TA2/src&amp;lt;ta2.utils{Methods_dlg.java[Methods_dlg" StructureKind="java" NumEvents="2" CreationCount="153"/><InteractionEvent Delta="null" EndDate="2014-10-09 07:48:14.653 JST" Interest="2.0" Kind="selection" Navigation="null" OriginId="org.eclipse.ui.views.ContentOutline" StartDate="2014-10-09 07:48:13.629 JST" StructureHandle="=TA2/src&amp;lt;ta2.utils{Methods_dlg.java[Methods_dlg" StructureKind="java" NumEvents="2" CreationCount="153"/><InteractionEvent Delta="null" EndDate="2014-10-09 07:47:26.644 JST" Interest="2.0" Kind="propagation" Navigation="org.eclipse.mylyn.core.model.edges.containment" OriginId="org.eclipse.mylyn.core.model.interest.propagation" StartDate="2014-10-09 07:41:44.619 JST" StructureHandle="/TA2/assets" StructureKind="resource" NumEvents="2" CreationCount="21"/><InteractionEvent Delta="null" EndDate="2014-10-09 07:57:08.18 JST" Interest="2.0" Kind="selection" Navigation="null" OriginId="org.eclipse.ui.views.ResourceNavigator" StartDate="2014-10-09 07:57:05.79 JST" StructureHandle="/IFM11/res/drawable/ifm8_thumb_back_50x50_disenabled.png" StructureKind="resource" NumEvents="2" CreationCount="242"/><InteractionEvent Delta="null" EndDate="2014-10-09 07:57:25.498 JST" Interest="7.721" Kind="propagation" Navigation="org.eclipse.mylyn.core.model.edges.containment" OriginId="org.eclipse.mylyn.core.model.interest.propagation" StartDate="2014-10-09 07:54:53.468 JST" StructureHandle="/IFM11/res" StructureKind="resource" NumEvents="12" CreationCount="197"/><InteractionEvent Delta="null" EndDate="2014-10-09 07:54:50.535 JST" Interest="1.0" Kind="selection" Navigation="null" OriginId="org.eclipse.ui.views.ResourceNavigator" StartDate="2014-10-09 07:54:50.535 JST" StructureHandle="/IFM11/res" StructureKind="resource"/><InteractionEvent Delta="null" EndDate="2014-10-09 07:57:08.22 JST" Interest="1.0" Kind="selection" Navigation="null" OriginId="org.eclipse.ui.views.ResourceNavigator" StartDate="2014-10-09 07:57:08.22 JST" StructureHandle="/IFM11/res/drawable/ifm8_thumb_top_50x50_disenabled.png" StructureKind="resource"/><InteractionEvent Delta="null" EndDate="2014-10-09 07:57:25.498 JST" Interest="35.0" Kind="propagation" Navigation="null" OriginId="com.android.ide.eclipse.editors.CommonXmlEditor" StartDate="2014-10-09 07:54:46.840 JST" StructureHandle="/IFM11" StructureKind="resource" NumEvents="35" CreationCount="196"/><InteractionEvent Delta="null" EndDate="2014-10-09 07:42:46.162 JST" Interest="1.0" Kind="selection" Navigation="null" OriginId="org.eclipse.jdt.ui.CompilationUnitEditor" StartDate="2014-10-09 07:42:46.162 JST" StructureHandle="=TA2/src&amp;lt;ta2.main{PhotoActv.java#java.util.Calendar" StructureKind="java"/><InteractionEvent Delta="null" EndDate="2014-10-09 08:15:20.664 JST" Interest="16.425001" Kind="manipulation" Navigation="null" OriginId="org.eclipse.mylyn.core.model.interest.decay.correction" StartDate="2014-10-09 08:15:20.664 JST" StructureHandle="=TA2/src&amp;lt;ta2.listeners.button{BO_CL.java" StructureKind="java"/><InteractionEvent Delta="null" EndDate="2014-10-09 08:16:53.666 JST" Interest="20.368004" Kind="propagation" Navigation="org.eclipse.mylyn.core.model.edges.containment" OriginId="org.eclipse.mylyn.core.model.interest.propagation" StartDate="2014-10-09 07:40:32.165 JST" StructureHandle="=TA2/src&amp;lt;ta2.listeners.button{BO_CL.java" StructureKind="java" NumEvents="31" CreationCount="4"/><InteractionEvent Delta="null" EndDate="2014-10-09 08:16:25.117 JST" Interest="3.0" Kind="selection" Navigation="null" OriginId="org.eclipse.jdt.ui.CompilationUnitEditor" StartDate="2014-10-09 07:40:27.543 JST" StructureHandle="=TA2/src&amp;lt;ta2.listeners.button{BO_CL.java" StructureKind="java" NumEvents="3" CreationCount="4"/><InteractionEvent Delta="null" EndDate="2014-10-09 08:02:51.580 JST" Interest="13.0" Kind="edit" Navigation="null" OriginId="org.eclipse.jdt.ui.CompilationUnitEditor" StartDate="2014-10-09 08:02:29.407 JST" StructureHandle="=TA2/src&amp;lt;ta2.main{ShowListActv.java[ShowListActv~onListItemClick~QListView;~QView;~I~J" StructureKind="java" NumEvents="13" CreationCount="549"/><InteractionEvent Delta="null" EndDate="2014-10-09 08:10:13.487 JST" Interest="6.0" Kind="selection" Navigation="null" OriginId="org.eclipse.jdt.ui.CompilationUnitEditor" StartDate="2014-10-09 08:02:29.402 JST" StructureHandle="=TA2/src&amp;lt;ta2.main{ShowListActv.java[ShowListActv~onListItemClick~QListView;~QView;~I~J" StructureKind="java" NumEvents="6" CreationCount="549"/><InteractionEvent Delta="null" EndDate="2014-10-09 08:22:36.464 JST" Interest="1205.051" Kind="propagation" Navigation="null" OriginId="org.eclipse.jdt.ui.CompilationUnitEditor" StartDate="2014-10-09 07:38:27.936 JST" StructureHandle="/TA2/src" StructureKind="resource" NumEvents="1208" CreationCount="1"/><InteractionEvent Delta="null" EndDate="2014-10-09 08:05:17.310 JST" Interest="56.0" Kind="edit" Navigation="null" OriginId="org.eclipse.jdt.ui.CompilationUnitEditor" StartDate="2014-10-09 08:02:56.674 JST" StructureHandle="=TA2/src&amp;lt;ta2.main{ShowListActv.java[ShowListActv~onOptionsItemSelected~QMenuItem;" StructureKind="java" NumEvents="56" CreationCount="575"/><InteractionEvent Delta="null" EndDate="2014-10-09 08:07:13.629 JST" Interest="12.0" Kind="selection" Navigation="null" OriginId="org.eclipse.ui.views.ContentOutline" StartDate="2014-10-09 08:02:55.977 JST" StructureHandle="=TA2/src&amp;lt;ta2.main{ShowListActv.java[ShowListActv~onOptionsItemSelected~QMenuItem;" StructureKind="java" NumEvents="12" CreationCount="575"/><InteractionEvent Delta="null" EndDate="2014-10-09 07:59:43.937 JST" Interest="32.0" Kind="edit" Navigation="null" OriginId="org.eclipse.jdt.ui.CompilationUnitEditor" StartDate="2014-10-09 07:58:57.777 JST" StructureHandle="=TA2/src&amp;lt;ta2.main{ShowListActv.java[ShowListActv~_Setup_List" StructureKind="java" NumEvents="32" CreationCount="333"/><InteractionEvent Delta="null" EndDate="2014-10-09 07:59:41.169 JST" Interest="4.0" Kind="selection" Navigation="null" OriginId="org.eclipse.jdt.ui.CompilationUnitEditor" StartDate="2014-10-09 07:58:57.770 JST" StructureHandle="=TA2/src&amp;lt;ta2.main{ShowListActv.java[ShowListActv~_Setup_List" StructureKind="java" NumEvents="4" CreationCount="333"/><InteractionEvent Delta="null" EndDate="2014-10-09 07:57:13.852 JST" Interest="1.0" Kind="propagation" Navigation="null" OriginId="org.eclipse.mylyn.resources.ui.interest.updater" StartDate="2014-10-09 07:57:13.852 JST" StructureHandle="/TA2/res/drawable/ifm8_thumb_bottom_50x50.png" StructureKind="resource"/><InteractionEvent Delta="null" EndDate="2014-10-09 07:57:13.852 JST" Interest="1.0" Kind="propagation" Navigation="null" OriginId="org.eclipse.mylyn.resources.ui.interest.updater" StartDate="2014-10-09 07:57:13.852 JST" StructureHandle="/TA2/res/drawable/ifm8_thumb_back_50x50_disenabled.png" StructureKind="resource"/><InteractionEvent Delta="null" EndDate="2014-10-09 07:54:44.792 JST" Interest="3.0" Kind="selection" Navigation="null" OriginId="org.eclipse.ui.views.ResourceNavigator" StartDate="2014-10-09 07:48:01.560 JST" StructureHandle="=TA2" StructureKind="java" NumEvents="3" CreationCount="1"/><InteractionEvent Delta="null" EndDate="2014-10-09 08:22:36.464 JST" Interest="1202.051" Kind="propagation" Navigation="org.eclipse.mylyn.core.model.edges.containment" OriginId="org.eclipse.mylyn.core.model.interest.propagation" StartDate="2014-10-09 07:38:27.936 JST" StructureHandle="=TA2" StructureKind="resource" NumEvents="1205" CreationCount="1"/><InteractionEvent Delta="null" EndDate="2014-10-09 07:56:51.868 JST" Interest="0.7680001" Kind="manipulation" Navigation="null" OriginId="org.eclipse.mylyn.core.model.interest.decay.correction" StartDate="2014-10-09 07:56:51.868 JST" StructureHandle="/TA2/res/drawable" StructureKind="resource"/><InteractionEvent Delta="null" EndDate="2014-10-09 07:57:42.348 JST" Interest="4.0" Kind="selection" Navigation="null" OriginId="org.eclipse.jdt.ui.PackageExplorer" StartDate="2014-10-09 07:56:51.868 JST" StructureHandle="/TA2/res/drawable" StructureKind="resource" NumEvents="4" CreationCount="133"/><InteractionEvent Delta="null" EndDate="2014-10-09 07:56:54.173 JST" Interest="1.017" Kind="propagation" Navigation="org.eclipse.mylyn.core.model.edges.containment" OriginId="org.eclipse.mylyn.core.model.interest.propagation" StartDate="2014-10-09 07:47:26.645 JST" StructureHandle="/TA2/res/drawable" StructureKind="resource" NumEvents="2" CreationCount="133"/><InteractionEvent Delta="null" EndDate="2014-10-09 07:57:13.852 JST" Interest="1.0" Kind="propagation" Navigation="null" OriginId="org.eclipse.mylyn.resources.ui.interest.updater" StartDate="2014-10-09 07:57:13.852 JST" StructureHandle="/TA2/res/drawable/ifm8_thumb_bottom_50x50_disenabled.png" StructureKind="resource"/><InteractionEvent Delta="null" EndDate="2014-10-09 07:57:25.498 JST" Interest="5.0" Kind="edit" Navigation="null" OriginId="com.android.ide.eclipse.editors.CommonXmlEditor" StartDate="2014-10-09 07:55:53.46 JST" StructureHandle="/IFM11/res/values/styles.xml" StructureKind="resource" NumEvents="5" CreationCount="210"/><InteractionEvent Delta="null" EndDate="2014-10-09 07:57:25.453 JST" Interest="5.0" Kind="selection" Navigation="null" OriginId="com.android.ide.eclipse.editors.CommonXmlEditor" StartDate="2014-10-09 07:55:49.206 JST" StructureHandle="/IFM11/res/values/styles.xml" StructureKind="resource" NumEvents="5" CreationCount="210"/><InteractionEvent Delta="null" EndDate="2014-10-09 07:57:08.24 JST" Interest="1.0" Kind="selection" Navigation="null" OriginId="org.eclipse.ui.views.ResourceNavigator" StartDate="2014-10-09 07:57:08.24 JST" StructureHandle="/IFM11/res/drawable/ifm8_thumb_top_50x50.png" StructureKind="resource"/><InteractionEvent Delta="null" EndDate="2014-10-09 07:48:56.481 JST" Interest="1.0" Kind="propagation" Navigation="null" OriginId="org.eclipse.mylyn.resources.ui.interest.updater" StartDate="2014-10-09 07:48:56.481 JST" StructureHandle="/TA2/bin/res/crunch/drawable/actv_main_bt_photo_touched.png" StructureKind="resource"/><InteractionEvent Delta="null" EndDate="2014-10-09 07:45:59.648 JST" Interest="1.0" Kind="selection" Navigation="null" OriginId="org.eclipse.jdt.ui.PackageExplorer" StartDate="2014-10-09 07:45:59.648 JST" StructureHandle="=TA2/src&amp;lt;ta2.main{RecActv.java" StructureKind="java"/><InteractionEvent Delta="null" EndDate="2014-10-09 07:57:13.852 JST" Interest="1.0" Kind="propagation" Navigation="null" OriginId="org.eclipse.mylyn.resources.ui.interest.updater" StartDate="2014-10-09 07:57:13.852 JST" StructureHandle="/TA2/res/drawable/ifm8_thumb_top_50x50_disenabled.png" StructureKind="resource"/><InteractionEvent Delta="null" EndDate="2014-10-09 08:10:16.344 JST" Interest="477.0" Kind="propagation" Navigation="null" OriginId="org.eclipse.jdt.ui.CompilationUnitEditor" StartDate="2014-10-09 07:42:26.321 JST" StructureHandle="/TA2/src/ta2/main/ShowListActv.java" StructureKind="resource" NumEvents="477" CreationCount="27"/><InteractionEvent Delta="null" EndDate="2014-10-09 07:47:26.643 JST" Interest="2.0" Kind="prediction" Navigation="null" OriginId="org.eclipse.mylyn.resources.ui.interest.updater" StartDate="2014-10-09 07:41:44.614 JST" StructureHandle="/TA2/assets/image_list.txt" StructureKind="resource" NumEvents="2" CreationCount="21"/><InteractionEvent Delta="null" EndDate="2014-10-09 08:16:46.486 JST" Interest="3.0" Kind="prediction" Navigation="null" OriginId="org.eclipse.mylyn.resources.ui.interest.updater" StartDate="2014-10-09 07:45:19.21 JST" StructureHandle="/TA2/bin/classes.dex" StructureKind="resource" NumEvents="3" CreationCount="108"/><InteractionEvent Delta="null" EndDate="2014-10-09 08:16:23.478 JST" Interest="18.0" Kind="edit" Navigation="null" OriginId="org.eclipse.jdt.ui.CompilationUnitEditor" StartDate="2014-10-09 07:40:51.252 JST" StructureHandle="=TA2/src&amp;lt;ta2.utils{Methods.java[Methods~start_Activity_MemoActv~QActivity;" StructureKind="java" NumEvents="18" CreationCount="15"/><InteractionEvent Delta="null" EndDate="2014-10-09 08:15:54.194 JST" Interest="14.361" Kind="manipulation" Navigation="null" OriginId="org.eclipse.mylyn.core.model.interest.decay.correction" StartDate="2014-10-09 08:15:54.194 JST" StructureHandle="=TA2/src&amp;lt;ta2.utils{Methods.java[Methods~start_Activity_MemoActv~QActivity;" StructureKind="java"/><InteractionEvent Delta="null" EndDate="2014-10-09 08:16:22.119 JST" Interest="3.0" Kind="selection" Navigation="null" OriginId="org.eclipse.jdt.ui.CompilationUnitEditor" StartDate="2014-10-09 07:40:49.119 JST" StructureHandle="=TA2/src&amp;lt;ta2.utils{Methods.java[Methods~start_Activity_MemoActv~QActivity;" StructureKind="java" NumEvents="3" CreationCount="15"/><InteractionEvent Delta="null" EndDate="2014-10-09 08:10:47.637 JST" Interest="47.0" Kind="edit" Navigation="null" OriginId="org.eclipse.jdt.ui.CompilationUnitEditor" StartDate="2014-10-09 08:10:27.112 JST" StructureHandle="=TA2/src&amp;lt;ta2.main{PhotoActv.java[PhotoActv~onListItemClick~QListView;~QView;~I~J" StructureKind="java" NumEvents="47" CreationCount="1130"/><InteractionEvent Delta="null" EndDate="2014-10-09 08:10:53.893 JST" Interest="3.0" Kind="selection" Navigation="null" OriginId="org.eclipse.ui.views.ContentOutline" StartDate="2014-10-09 08:10:27.107 JST" StructureHandle="=TA2/src&amp;lt;ta2.main{PhotoActv.java[PhotoActv~onListItemClick~QListView;~QView;~I~J" StructureKind="java" NumEvents="3" CreationCount="1130"/><InteractionEvent Delta="null" EndDate="2014-10-09 07:46:14.689 JST" Interest="0.7850001" Kind="manipulation" Navigation="null" OriginId="org.eclipse.mylyn.core.model.interest.decay.correction" StartDate="2014-10-09 07:46:14.689 JST" StructureHandle="/TA2/res" StructureKind="resource"/><InteractionEvent Delta="null" EndDate="2014-10-09 07:46:14.688 JST" Interest="1.0" Kind="selection" Navigation="null" OriginId="org.eclipse.jdt.ui.PackageExplorer" StartDate="2014-10-09 07:46:14.688 JST" StructureHandle="/TA2/res" StructureKind="resource"/><InteractionEvent Delta="null" EndDate="2014-10-09 07:57:45.148 JST" Interest="13.575" Kind="propagation" Navigation="org.eclipse.mylyn.core.model.edges.containment" OriginId="org.eclipse.mylyn.core.model.interest.propagation" StartDate="2014-10-09 07:41:44.614 JST" StructureHandle="/TA2/res" StructureKind="resource" NumEvents="18" CreationCount="21"/><InteractionEvent Delta="null" EndDate="2014-10-09 07:48:27.324 JST" Interest="3.0" Kind="edit" Navigation="null" OriginId="org.eclipse.jdt.ui.CompilationUnitEditor" StartDate="2014-10-09 07:48:26.594 JST" StructureHandle="=TA2/src&amp;lt;ta2.utils{Methods_dlg.java[Methods_dlg~dlg_Template_Cancel_SecondDialog~QActivity;~QDialog;~I~QString;~I~QTags.DialogTags;" StructureKind="java" NumEvents="3" CreationCount="155"/><InteractionEvent Delta="null" EndDate="2014-10-09 07:48:17.784 JST" Interest="1.0" Kind="selection" Navigation="null" OriginId="org.eclipse.ui.views.ContentOutline" StartDate="2014-10-09 07:48:17.784 JST" StructureHandle="=TA2/src&amp;lt;ta2.utils{Methods_dlg.java[Methods_dlg~dlg_Template_Cancel_SecondDialog~QActivity;~QDialog;~I~QString;~I~QTags.DialogTags;" StructureKind="java"/><InteractionEvent Delta="null" EndDate="2014-10-09 08:10:33.493 JST" Interest="13.0" Kind="edit" Navigation="null" OriginId="org.eclipse.jdt.ui.CompilationUnitEditor" StartDate="2014-10-09 08:10:32.431 JST" StructureHandle="=TA2/src&amp;lt;ta2.main{PhotoActv.java[PhotoActv~_ItemClick_SetPref_CurrentPosition~I" StructureKind="java" NumEvents="13" CreationCount="1151"/><InteractionEvent Delta="null" EndDate="2014-10-09 08:10:32.419 JST" Interest="1.0" Kind="selection" Navigation="null" OriginId="org.eclipse.jdt.ui.CompilationUnitEditor" StartDate="2014-10-09 08:10:32.419 JST" StructureHandle="=TA2/src&amp;lt;ta2.main{PhotoActv.java[PhotoActv~_ItemClick_SetPref_CurrentPosition~I" StructureKind="java"/><InteractionEvent Delta="null" EndDate="2014-10-09 07:46:28.305 JST" Interest="2.0" Kind="selection" Navigation="null" OriginId="org.eclipse.ui.views.ContentOutline" StartDate="2014-10-09 07:46:11.543 JST" StructureHandle="=TA2/src&amp;lt;ta2.main{MainActv.java[MainActv~onStart" StructureKind="java" NumEvents="2" CreationCount="125"/><InteractionEvent Delta="null" EndDate="2014-10-09 07:47:25.37 JST" Interest="2.0" Kind="prediction" Navigation="null" OriginId="org.eclipse.mylyn.resources.ui.interest.updater" StartDate="2014-10-09 07:41:44.613 JST" StructureHandle="/TA2/res/layout/actv_rec.xml" StructureKind="resource" NumEvents="2" CreationCount="21"/><InteractionEvent Delta="null" EndDate="2014-10-09 07:57:26.639 JST" Interest="6.0" Kind="edit" Navigation="null" OriginId="com.android.ide.eclipse.editors.CommonXmlEditor" StartDate="2014-10-09 07:56:10.212 JST" StructureHandle="/TA2/res/values/styles.xml" StructureKind="resource" NumEvents="6" CreationCount="218"/><InteractionEvent Delta="null" EndDate="2014-10-09 07:57:26.563 JST" Interest="4.0" Kind="selection" Navigation="null" OriginId="com.android.ide.eclipse.editors.CommonXmlEditor" StartDate="2014-10-09 07:56:09.438 JST" StructureHandle="/TA2/res/values/styles.xml" StructureKind="resource" NumEvents="4" CreationCount="218"/><InteractionEvent Delta="null" EndDate="2014-10-09 07:57:13.853 JST" Interest="1.0" Kind="propagation" Navigation="null" OriginId="org.eclipse.mylyn.resources.ui.interest.updater" StartDate="2014-10-09 07:57:13.853 JST" StructureHandle="/TA2/res/drawable/ifm8_thumb_up_50x50.png" StructureKind="resource"/><InteractionEvent Delta="null" EndDate="2014-10-09 07:48:56.481 JST" Interest="1.0" Kind="propagation" Navigation="null" OriginId="org.eclipse.mylyn.resources.ui.interest.updater" StartDate="2014-10-09 07:48:56.481 JST" StructureHandle="/TA2/bin/res/crunch/drawable/actv_main_bt_photo_128x128.png" StructureKind="resource"/><InteractionEvent Delta="null" EndDate="2014-10-09 07:44:21.738 JST" Interest="1.0" Kind="propagation" Navigation="null" OriginId="org.eclipse.jdt.ui.PackageExplorer" StartDate="2014-10-09 07:44:21.738 JST" StructureHandle="/TA2" StructureKind="resource"/><InteractionEvent Delta="null" EndDate="2014-10-09 07:57:08.26 JST" Interest="1.0" Kind="selection" Navigation="null" OriginId="org.eclipse.ui.views.ResourceNavigator" StartDate="2014-10-09 07:57:08.26 JST" StructureHandle="/IFM11/res/drawable/ifm8_thumb_up_50x50.png" StructureKind="resource"/><InteractionEvent Delta="null" EndDate="2014-10-09 07:44:21.737 JST" Interest="1.0" Kind="selection" Navigation="null" OriginId="org.eclipse.jdt.ui.PackageExplorer" StartDate="2014-10-09 07:44:21.737 JST" StructureHandle="=TA2/&amp;lt;{Test.java" StructureKind="java"/><InteractionEvent Delta="null" EndDate="2014-10-09 07:57:08.20 JST" Interest="1.0" Kind="selection" Navigation="null" OriginId="org.eclipse.ui.views.ResourceNavigator" StartDate="2014-10-09 07:57:08.20 JST" StructureHandle="/IFM11/res/drawable/ifm8_thumb_bottom_50x50.png" StructureKind="resource"/><InteractionEvent Delta="null" EndDate="2014-10-09 08:02:11.77 JST" Interest="26.0" Kind="edit" Navigation="null" OriginId="org.eclipse.jdt.ui.CompilationUnitEditor" StartDate="2014-10-09 08:01:52.857 JST" StructureHandle="=TA2/src&amp;lt;ta2.main{ShowListActv.java[ShowListActv~_Setup_Listeners_IBs" StructureKind="java" NumEvents="26" CreationCount="506"/><InteractionEvent Delta="null" EndDate="2014-10-09 08:01:52.852 JST" Interest="2.0" Kind="selection" Navigation="null" OriginId="org.eclipse.jdt.ui.CompilationUnitEditor" StartDate="2014-10-09 08:01:52.849 JST" StructureHandle="=TA2/src&amp;lt;ta2.main{ShowListActv.java[ShowListActv~_Setup_Listeners_IBs" StructureKind="java" NumEvents="2" CreationCount="506"/><InteractionEvent Delta="null" EndDate="2014-10-09 07:57:25.498 JST" Interest="7.517" Kind="propagation" Navigation="org.eclipse.mylyn.core.model.edges.containment" OriginId="org.eclipse.mylyn.core.model.interest.propagation" StartDate="2014-10-09 07:55:49.206 JST" StructureHandle="/IFM11/res/values" StructureKind="resource" NumEvents="10" CreationCount="209"/><InteractionEvent Delta="null" EndDate="2014-10-09 07:55:46.704 JST" Interest="1.0" Kind="selection" Navigation="null" OriginId="org.eclipse.ui.views.ResourceNavigator" StartDate="2014-10-09 07:55:46.704 JST" StructureHandle="/IFM11/res/values" StructureKind="resource"/><InteractionEvent Delta="null" EndDate="2014-10-09 08:15:20.664 JST" Interest="11.876001" Kind="manipulation" Navigation="null" OriginId="org.eclipse.mylyn.core.model.interest.decay.correction" StartDate="2014-10-09 08:15:20.664 JST" StructureHandle="/TA2/src/ta2/listeners/button/BO_CL.java" StructureKind="resource"/><InteractionEvent Delta="null" EndDate="2014-10-09 08:22:36.463 JST" Interest="53.0" Kind="propagation" Navigation="null" OriginId="org.eclipse.jdt.ui.CompilationUnitEditor" StartDate="2014-10-09 07:40:27.544 JST" StructureHandle="/TA2/src/ta2/listeners/button/BO_CL.java" StructureKind="resource" NumEvents="53" CreationCount="4"/><InteractionEvent Delta="null" EndDate="2014-10-09 08:10:47.638 JST" Interest="115.90901" Kind="propagation" Navigation="org.eclipse.mylyn.core.model.edges.containment" OriginId="org.eclipse.mylyn.core.model.interest.propagation" StartDate="2014-10-09 07:40:13.840 JST" StructureHandle="=TA2/src" StructureKind="java" NumEvents="209" CreationCount="1"/><InteractionEvent Delta="null" EndDate="2014-10-09 07:47:28.259 JST" Interest="4.0" Kind="selection" Navigation="null" OriginId="org.eclipse.jdt.ui.PackageExplorer" StartDate="2014-10-09 07:38:27.935 JST" StructureHandle="=TA2/src" StructureKind="java" NumEvents="4" CreationCount="1"/><InteractionEvent Delta="null" EndDate="2014-10-09 08:16:23.479 JST" Interest="29.960999" Kind="propagation" Navigation="org.eclipse.mylyn.core.model.edges.containment" OriginId="org.eclipse.mylyn.core.model.interest.propagation" StartDate="2014-10-09 07:40:49.120 JST" StructureHandle="=TA2/src&amp;lt;ta2.utils{Methods.java[Methods" StructureKind="java" NumEvents="21" CreationCount="15"/><InteractionEvent Delta="null" EndDate="2014-10-09 08:04:18.432 JST" Interest="2.0" Kind="edit" Navigation="null" OriginId="org.eclipse.jdt.ui.CompilationUnitEditor" StartDate="2014-10-09 08:03:57.61 JST" StructureHandle="=TA2/src&amp;lt;ta2.main{ShowListActv.java[ShowListActv~case_OPT_Settings" StructureKind="java" NumEvents="2" CreationCount="638"/><InteractionEvent Delta="null" EndDate="2014-10-09 08:04:16.686 JST" Interest="5.0" Kind="selection" Navigation="null" OriginId="org.eclipse.jdt.ui.CompilationUnitEditor" StartDate="2014-10-09 08:03:56.113 JST" StructureHandle="=TA2/src&amp;lt;ta2.main{ShowListActv.java[ShowListActv~case_OPT_Settings" StructureKind="java" NumEvents="5" CreationCount="638"/><InteractionEvent Delta="null" EndDate="2014-10-09 07:57:23.666 JST" Interest="9.0" Kind="edit" Navigation="null" OriginId="com.android.ide.eclipse.editors.CommonXmlEditor" StartDate="2014-10-09 07:55:10.428 JST" StructureHandle="/TA2/res/layout/thumb_activity.xml" StructureKind="resource" NumEvents="9" CreationCount="201"/><InteractionEvent Delta="null" EndDate="2014-10-09 07:57:45.147 JST" Interest="5.0" Kind="selection" Navigation="null" OriginId="org.eclipse.jdt.ui.PackageExplorer" StartDate="2014-10-09 07:55:05.188 JST" StructureHandle="/TA2/res/layout/thumb_activity.xml" StructureKind="resource" NumEvents="5" CreationCount="201"/><InteractionEvent Delta="null" EndDate="2014-10-09 07:55:02.924 JST" Interest="1.0" Kind="propagation" Navigation="null" OriginId="org.eclipse.mylyn.resources.ui.interest.updater" StartDate="2014-10-09 07:55:02.924 JST" StructureHandle="/TA2/res/layout/thumb_activity.xml" StructureKind="resource"/><InteractionEvent Delta="null" EndDate="2014-10-09 08:15:43.775 JST" Interest="3.0" Kind="selection" Navigation="null" OriginId="org.eclipse.jdt.ui.CompilationUnitEditor" StartDate="2014-10-09 08:15:41.989 JST" StructureHandle="=TA2/src&amp;lt;ta2.listeners.button{BO_CL.java[BO_CL~case_ACTV_MEMO_CLEAR" StructureKind="java" NumEvents="3" CreationCount="1240"/><InteractionEvent Delta="null" EndDate="2014-10-09 08:05:50.128 JST" Interest="38.0" Kind="edit" Navigation="null" OriginId="org.eclipse.jdt.ui.CompilationUnitEditor" StartDate="2014-10-09 08:05:31.981 JST" StructureHandle="=TA2/src&amp;lt;ta2.main{PhotoActv.java[PhotoActv~_Setup_List" StructureKind="java" NumEvents="38" CreationCount="691"/><InteractionEvent Delta="null" EndDate="2014-10-09 08:05:44.448 JST" Interest="3.0" Kind="selection" Navigation="null" OriginId="org.eclipse.jdt.ui.CompilationUnitEditor" StartDate="2014-10-09 08:05:31.967 JST" StructureHandle="=TA2/src&amp;lt;ta2.main{PhotoActv.java[PhotoActv~_Setup_List" StructureKind="java" NumEvents="3" CreationCount="691"/><InteractionEvent Delta="null" EndDate="2014-10-09 08:22:36.462 JST" Interest="17.0" Kind="edit" Navigation="null" OriginId="org.eclipse.jdt.ui.CompilationUnitEditor" StartDate="2014-10-09 08:15:20.714 JST" StructureHandle="=TA2/src&amp;lt;ta2.listeners.button{BO_CL.java[BO_CL~case_ACTV_MAIN_PHOTO" StructureKind="java" NumEvents="17" CreationCount="1233"/><InteractionEvent Delta="null" EndDate="2014-10-09 08:22:36.459 JST" Interest="7.0" Kind="selection" Navigation="null" OriginId="org.eclipse.jdt.ui.CompilationUnitEditor" StartDate="2014-10-09 08:15:20.708 JST" StructureHandle="=TA2/src&amp;lt;ta2.listeners.button{BO_CL.java[BO_CL~case_ACTV_MAIN_PHOTO" StructureKind="java" NumEvents="7" CreationCount="1233"/></InteractionHistory>